{
 "pageNum": 1,
 "pageSize": 10,
 "params": {},
 "content": "<p>Trance label, launched in October 2004 by&nbsp;Josef Wardle&nbsp;&amp;&nbsp;Damien Henshaw. Its first release was&nbsp;Icone's 'Sorrow'. After some restructuring, Abora re-established itself with the aim to forge a powerful reputation in the trance scene. Between 1st of January 2010 and September 2012 the label was based in Calgary, Canada and operated by&nbsp;Steve Wensley. Nowadays Abora Recordings is based in Washington D.C.(US) and operated by Harpaul Alberto Kohli aka&nbsp;Ori Uplift.</p>",
 "remarks": "本词条内容暂未完善仅供参考，多频百科小编正在火速赶来",
 "remarksEn": "本词条内容暂未完善仅供参考，多频百科小编正在火速赶来",
 "status": 0,
 "clickNum": 7,
 "deleted": 0,
 "lang": 0,
 "chooseLang": false,
 "id": 1865,
 "name": " Abora Recordings",
 "picture": "https://duopin-community.oss-cn-shenzhen.aliyuncs.com/mlm2qllsi11jd2mqw4f0.jpg",
 "foundTimeText": "October 2004",
 "founder": " Josef Wardle & Damien Henshaw",
 "parentBrand": " Abora Recordings LLC",
 "style": "",
 "country": "",
 "typeId": 14,
 "typeName": "厂牌",
 "dataId": 1865,
 "url": "http://dropinapp.hearinmusic.com/#/ency?typeId=14&dataId=1865"
}