{
 "pageNum": 1,
 "pageSize": 10,
 "params": {},
 "content": "<p></p>\n\r<p></p>\n\r<p></p>\n\r<p></p>",
 "remarks": "本词条内容暂未完善仅供参考，多频百科小编正在火速赶来",
 "remarksEn": "本词条内容暂未完善仅供参考，多频百科小编正在火速赶来",
 "status": 0,
 "clickNum": 0,
 "deleted": 0,
 "lang": 0,
 "chooseLang": false,
 "id": 333,
 "name": "&Rhythms Records",
 "descriptions": "\nCreated in northern Chile, &Rhythms Records sound still comes under fresh and new'' seeks to highlight the artists and producers who have a career in music production and not expect the typical and the mathematics of this time 'we are very attentive to new sounds and hope to have a large family of which and each of its participants working every day to release this new label in northern Chile, Country full of great Producers Worldwide.\nWe are waiting continuously work which will be heard with the best of feelings and hope to close in a very good contecto Rhythms of Techno House, Deep Tech and Ambient Soul to ring your productions, it is our great sentiment * to work for &Rhythms Records. \n\n",
 "picture": "https://duopin-community.oss-cn-shenzhen.aliyuncs.com/41kdlp38dpz8l8vcmop3.jpg",
 "originalName": "",
 "foundTimeText": "",
 "foundAddress": "Chile",
 "founder": "",
 "parentBrand": "",
 "childBrand": "",
 "majorStyle": "house, techno",
 "delegateArtist": "",
 "officialUrl": "",
 "referenceUrl": "https://musicbrainz.org/label/25ba051e-3ce0-4a3b-9f5a-45e3fffd6084",
 "manageStatusText": "",
 "style": "house, techno",
 "country": "智利",
 "typeId": 14,
 "typeName": "厂牌",
 "dataId": 333,
 "url": "http://dropinapp.hearinmusic.com/#/ency?typeId=14&dataId=333"
}