{
 "pageNum": 1,
 "pageSize": 10,
 "params": {},
 "content": "<p></p>\n\r<p></p>\n\r<p></p>\n\r<p></p>",
 "remarks": "本词条内容暂未完善仅供参考，多频百科小编正在火速赶来",
 "remarksEn": "本词条内容暂未完善仅供参考，多频百科小编正在火速赶来",
 "status": 0,
 "clickNum": 0,
 "deleted": 0,
 "lang": 0,
 "chooseLang": false,
 "id": 336,
 "name": "11A Records",
 "descriptions": "Previously a defunct label which has now started trading again under the name 11-A Recordingz. \n\n",
 "picture": "https://duopin-community.oss-cn-shenzhen.aliyuncs.com/1ie47ulo2tnbl07ggmpc.jpg",
 "originalName": "",
 "foundTimeText": "",
 "foundAddress": "",
 "founder": "",
 "parentBrand": "Tuff City",
 "childBrand": "",
 "majorStyle": "",
 "delegateArtist": "",
 "officialUrl": "",
 "referenceUrl": "https://musicbrainz.org/label/c8531f97-4365-4e4e-b710-bb4b43545d8e",
 "manageStatusText": "",
 "style": "",
 "country": "",
 "typeId": 14,
 "typeName": "厂牌",
 "dataId": 336,
 "url": "http://dropinapp.hearinmusic.com/#/ency?typeId=14&dataId=336"
}