{
 "pageNum": 1,
 "pageSize": 10,
 "params": {},
 "content": "<p></p>\n\r<p></p>\n\r<p></p>\n\r<p></p>",
 "remarks": "本词条内容暂未完善仅供参考，多频百科小编正在火速赶来",
 "remarksEn": "本词条内容暂未完善仅供参考，多频百科小编正在火速赶来",
 "status": 0,
 "clickNum": 0,
 "deleted": 0,
 "lang": 0,
 "chooseLang": false,
 "id": 337,
 "name": "12 Gauge Records",
 "descriptions": "Early 1990's New York City based hardcore/gabber label owned by DJ Repete.\nReleased very early productions from Rob Gee, DJ ESP & DJ Delirium among others. Stopped releasing in 1995.\n",
 "picture": "https://duopin-community.oss-cn-shenzhen.aliyuncs.com/gcj1nyxvvftf4zc2bdic.jpg",
 "originalName": "",
 "foundTimeText": "",
 "foundAddress": "New York, New York, United States",
 "founder": "",
 "parentBrand": "",
 "childBrand": "",
 "majorStyle": "gabber",
 "delegateArtist": "",
 "officialUrl": "",
 "referenceUrl": "https://musicbrainz.org/label/3e4a01d4-8873-4804-83fe-431175098b33",
 "manageStatusText": "已停运",
 "style": "gabber",
 "country": "美国",
 "typeId": 14,
 "typeName": "厂牌",
 "dataId": 337,
 "url": "http://dropinapp.hearinmusic.com/#/ency?typeId=14&dataId=337"
}