{
 "pageNum": 1,
 "pageSize": 10,
 "params": {},
 "content": "<p><strong>12 T&oacute;nar</strong> (<small>Icelandic pronunciation:&nbsp;​</small><span class=\"IPA\" title=\"Representation in the International Phonetic Alphabet (IPA)\">[ˈtʰoulv ˈtʰoːunar̥]</span>, <em>twelve tones</em>) is a record shop in Reykjav&iacute;k, Iceland, and also a record label for Icelandic artists. It is located on Sk&oacute;lav&ouml;r&eth;ust&iacute;gur 15, in downtown Reykjav&iacute;k.</p>\n<p>Founded in 1998 in Reykjav&iacute;k, 12 T&oacute;nar has been well received by music lovers from the start. The store quickly became a meeting point for musicians such as Bj&ouml;rk, Sigur R&oacute;s, m&uacute;m, and the core of classical composers and performers.</p>\n<p>12 T&oacute;nar is also an independent record label with nearly 80 releases in its catalogue. Many of the best musicians in Iceland have released their albums on the label, for example artists and bands such as Mugison, Trabant and Singapore Sling, Apparat Organ Quartet, P&eacute;tur Ben, Eiv&oslash;r P&aacute;lsd&oacute;ttir, Ragnhei&eth;ur Gr&ouml;ndal, J&oacute;hann J&oacute;hannsson, Hildur Gu&eth;nad&oacute;ttir, Sk&uacute;li Sverrisson, &Oacute;l&ouml;f Arnalds, Pink Street Boys, Samaris and Jakob&iacute;nar&iacute;na, to name a few.</p>\n<p>In May 2006 12 T&oacute;nar opened a record store in Copenhagen, Denmark selling music from their own catalogue of artists as well as other Icelandic music. The store was situated on Fiolstraede 26. The store followed the good example from Iceland, with its friendly atmosphere and freshly brewed espresso for the customers while the music was spinning. It became a tradition with live in-store concerts taking place on Friday afternoons.<sup id=\"cite_ref-1\" class=\"reference\">[1]</sup> On 26 January 2008 the Copenhagen store celebrated its closing with a live performance by the Danish band Tremolo Beer Gut.<sup id=\"cite_ref-2\" class=\"reference\">[2]</sup></p>\n<p>Immediately succeeding the closing of the 12 T&oacute;nar record store in Copenhagen a brand new web-shop was introduced, allowing continued access to their family of artists.</p>\n<p>On 21 June 2013 Gramophone magazine wrote about 12 T&oacute;nar, with the title \"The best record store in the world?\"</p>\n<p>&nbsp;</p>\n<p>&nbsp;</p>\n<p>&nbsp;</p>",
 "remarks": "本词条内容暂未完善仅供参考，多频百科小编正在火速赶来",
 "remarksEn": "本词条内容暂未完善仅供参考，多频百科小编正在火速赶来",
 "status": 0,
 "clickNum": 0,
 "deleted": 0,
 "lang": 0,
 "chooseLang": false,
 "id": 338,
 "name": "12 Tónar",
 "descriptions": "12 Tónar (Icelandic pronunciation: ​[ˈtʰoulv ˈtʰoːunar̥], twelve tones) is a record shop in Reykjavík, Iceland, and also a record label for Icelandic artists. It is located on Skólavörðustígur 15, in downtown Reykjavík.\n\nFounded in 1998 in Reykjavík, 12 Tónar has been well received by music lovers from the start. The store quickly became a meeting point for musicians such as Björk, Sigur Rós, múm, and the core of classical composers and performers. \n\n",
 "picture": "https://duopin-community.oss-cn-shenzhen.aliyuncs.com/ofsbfon3jgqr5kzth50r.jpg",
 "originalName": "",
 "foundTimeText": "1998",
 "foundAddress": "Iceland",
 "founder": "",
 "parentBrand": "",
 "childBrand": "",
 "majorStyle": "electronic, electronica",
 "delegateArtist": "",
 "officialUrl": "",
 "referenceUrl": "https://musicbrainz.org/label/2470a88d-4593-43b7-95bf-0f96e3d9aa68",
 "manageStatusText": "",
 "style": "electronic, electronica",
 "country": "冰岛",
 "typeId": 14,
 "typeName": "厂牌",
 "dataId": 338,
 "url": "http://dropinapp.hearinmusic.com/#/ency?typeId=14&dataId=338"
}