{
 "pageNum": 1,
 "pageSize": 10,
 "params": {},
 "content": "<p></p>\n\r<p></p>\n\r<p></p>\n\r<p></p>",
 "remarks": "本词条内容暂未完善仅供参考，多频百科小编正在火速赶来",
 "remarksEn": "本词条内容暂未完善仅供参考，多频百科小编正在火速赶来",
 "status": 0,
 "clickNum": 0,
 "deleted": 0,
 "lang": 0,
 "chooseLang": false,
 "id": 339,
 "name": "1210",
 "descriptions": "Drum & Bass label owned by MC Ryme Tyme. \n\n",
 "picture": "https://duopin-community.oss-cn-shenzhen.aliyuncs.com/0uo85vqhy1n8no8d4s52.jpg",
 "originalName": "",
 "foundTimeText": "2000-06",
 "foundAddress": "United Kingdom",
 "founder": "MC Ryme Tyme",
 "parentBrand": "",
 "childBrand": "",
 "majorStyle": "drum and bass",
 "delegateArtist": "",
 "officialUrl": "",
 "referenceUrl": "https://musicbrainz.org/label/86b780d1-aa0e-4149-b0bc-d2a66cff3235",
 "manageStatusText": "",
 "style": "drum and bass",
 "country": "英国",
 "typeId": 14,
 "typeName": "厂牌",
 "dataId": 339,
 "url": "http://dropinapp.hearinmusic.com/#/ency?typeId=14&dataId=339"
}