{
 "pageNum": 1,
 "pageSize": 10,
 "params": {},
 "content": "<p>12k是一个美国独立厂牌，总部设在美国纽约的庞德里奇，它于1997年1月1日由Taylor Deupree创立。</p>\n<p>&nbsp;</p>\n<p>该厂牌专注于实验性电子音乐，特别是数字极简主义和当代形式；截至2007年1月，它发行了40多张CD，并成为 \"电子音乐界最稳定的、持续优秀的唱片公司之一\"。该厂牌签约的著名艺术家包括Alva Noto 和Frank Bretschneider ( Raster-Noton label的联合创始人)。</p>",
 "contentEn": "<div>\n<div class=\"document\">\n<p class=\"paragraph text-align-type-left pap-line-1.8 pap-line-rule-auto pap-spacing-before-2pt pap-spacing-after-2pt\">12k is an American independent record label, based in Pound Ridge, New York, United States. It was founded on January 1, 1997, by Taylor Deupree. The label focuses on experimental electronic music, specifically on digital minimalism and contemporary forms; as of January 2007, it released over 40 CDs and became one of \"the most consistent, and consistently excellent, record companies in the electronic music world.\" Notable artists appearing in the label's catalogue include Alva Noto and Frank Bretschneider (co-founder of the Raster-Noton label).</p>\n</div>\n</div>",
 "remarks": "本词条汉字内容由 @多频百科团队 翻译+编辑\n原文译自 https://en.wikipedia.org/wiki/12k",
 "remarksEn": "本词条内容来自 https://en.wikipedia.org/wiki/12k",
 "status": 1,
 "clickNum": 20,
 "deleted": 0,
 "lang": 0,
 "chooseLang": true,
 "id": 2,
 "name": "12k",
 "descriptions": "12k是一个美国独立厂牌，总部设在美国纽约的庞德里奇，它于1997年1月1日由Taylor Deupree创立。",
 "picture": "https://duopin-community.oss-cn-shenzhen.aliyuncs.com/q5ov9m82eykqr34du5hx.png",
 "originalName": "",
 "foundTimeText": "1997",
 "foundAddress": "纽约庞德里奇",
 "founder": "Taylor Deupree",
 "parentBrand": "",
 "childBrand": "",
 "majorStyle": "experimental electronic music, specifically on digital minimalism and contemporary forms",
 "delegateArtist": "Human Mesh Dance\r\nDrum Komputer\r\nTaylor Deupree\r\nShuttle 358\r\nNosei Sakata\r\nRichard Chartier\r\nTetsu Inoue\r\nKomet\r\nSogar\r\nGoem\r\nGhislain Poirier\r\n0/r\r\nChristopher Willits\r\nDoron Sadja\r\nKenneth Kirschner\r\nFrank Bretschneider\r\nFourcolor\r\nMinamo\r\nSteinbrüchel\r\nAntti Rannisto\r\nSawako\r\nSébastien Roux\r\nSeaworthy\r\nSimon Scott\r\nSmall Color\r\nAmplifier Machine\r\nPillowdiver\r\nBen Kaba (Urban Astronaut)\r\nLawrence English\r\nSolo Andata\r\nStephen Vitiello\r\nRyuichi Sakamoto\r\nMachinefabriek\r\nAutistici\r\nGiuseppe Ielasi\r\nGareth Dickson\r\nMarcus Fischer\r\nIlluha\r\nGiuseppe Ielasi\r\nTomasz Bednarczyk\r\nMolly Berg\r\nBetween\r\nThe Boats\r\nSteve Peters",
 "officialUrl": "www.12k.com",
 "referenceUrl": "https://en.wikipedia.org/wiki/12k",
 "manageStatusText": "",
 "style": "experimental electronic music",
 "country": "美国",
 "typeId": 14,
 "typeName": "厂牌",
 "dataId": 2,
 "url": "http://dropinapp.hearinmusic.com/#/ency?typeId=14&dataId=2"
}