{
 "pageNum": 1,
 "pageSize": 10,
 "params": {},
 "content": "<p></p>\n\r<p></p>\n\r<p></p>\n\r<p></p>",
 "remarks": "本词条内容暂未完善仅供参考，多频百科小编正在火速赶来",
 "remarksEn": "本词条内容暂未完善仅供参考，多频百科小编正在火速赶来",
 "status": 0,
 "clickNum": 0,
 "deleted": 0,
 "lang": 0,
 "chooseLang": false,
 "id": 340,
 "name": "12rec ",
 "descriptions": "German independent post-rock/electronic CDr & netlabel was found in 2004. \n\n",
 "picture": "https://duopin-community.oss-cn-shenzhen.aliyuncs.com/ihw73ijtu3e2tgl4fzfo.jpg",
 "originalName": "",
 "foundTimeText": "2004",
 "foundAddress": "Germany",
 "founder": "",
 "parentBrand": "",
 "childBrand": "Thirteen Songs ",
 "majorStyle": "electronic, post-rock",
 "delegateArtist": "",
 "officialUrl": "12rec.net",
 "referenceUrl": "https://musicbrainz.org/label/e8876119-4190-47e9-b5fb-8a1e31d8e4db",
 "manageStatusText": "",
 "style": "electronic, post-rock",
 "country": "德国",
 "typeId": 14,
 "typeName": "厂牌",
 "dataId": 340,
 "url": "http://dropinapp.hearinmusic.com/#/ency?typeId=14&dataId=340"
}