{
 "pageNum": 1,
 "pageSize": 10,
 "params": {},
 "content": "<p></p>\n\r<p></p>\n\r<p></p>\n\r<p></p>",
 "remarks": "本词条内容暂未完善仅供参考，多频百科小编正在火速赶来",
 "remarksEn": "本词条内容暂未完善仅供参考，多频百科小编正在火速赶来",
 "status": 0,
 "clickNum": 0,
 "deleted": 0,
 "lang": 0,
 "chooseLang": false,
 "id": 341,
 "name": "131 Entertainment",
 "descriptions": "\n\r",
 "originalName": "",
 "foundTimeText": "",
 "foundAddress": "Italy",
 "founder": "",
 "parentBrand": "",
 "childBrand": "",
 "majorStyle": "hip hop",
 "delegateArtist": "",
 "officialUrl": "",
 "referenceUrl": "https://musicbrainz.org/label/81e930fb-e5da-45aa-8b83-dcb01cc67dd1/details",
 "manageStatusText": "",
 "style": "hip hop",
 "country": "意大利",
 "typeId": 14,
 "typeName": "厂牌",
 "dataId": 341,
 "url": "http://dropinapp.hearinmusic.com/#/ency?typeId=14&dataId=341"
}