{
 "pageNum": 1,
 "pageSize": 10,
 "params": {},
 "content": "<p>&nbsp;</p>\n<p>&nbsp;</p>\n<p>&nbsp;</p>\n<p>&nbsp;</p>",
 "remarks": "本词条内容暂未完善仅供参考，多频百科小编正在火速赶来",
 "remarksEn": "本词条内容暂未完善仅供参考，多频百科小编正在火速赶来",
 "status": 0,
 "clickNum": 0,
 "deleted": 0,
 "lang": 0,
 "chooseLang": false,
 "id": 342,
 "name": "13th Moon Records",
 "descriptions": "Label run by the band Alien Sex Fiend, releasing mainly their own records. \n\n",
 "picture": "https://duopin-community.oss-cn-shenzhen.aliyuncs.com/g1rsrp14wd6zxizbrtvn.jpg",
 "originalName": "",
 "foundTimeText": "",
 "foundAddress": "United Kingdom",
 "founder": "",
 "parentBrand": "",
 "childBrand": "",
 "majorStyle": "electro",
 "delegateArtist": "",
 "officialUrl": "asf-13thmoon.demon.co.uk",
 "referenceUrl": "https://musicbrainz.org/label/5e0f0e7b-4ee6-4064-b661-ec539df899db",
 "manageStatusText": "",
 "style": "electro",
 "country": "英国",
 "typeId": 14,
 "typeName": "厂牌",
 "dataId": 342,
 "url": "http://dropinapp.hearinmusic.com/#/ency?typeId=14&dataId=342"
}