{
 "pageNum": 1,
 "pageSize": 10,
 "params": {},
 "content": "<p></p>\n\r<p></p>\n\r<p></p>\n\r<p></p>",
 "remarks": "本词条内容暂未完善仅供参考，多频百科小编正在火速赶来",
 "remarksEn": "本词条内容暂未完善仅供参考，多频百科小编正在火速赶来",
 "status": 0,
 "clickNum": 0,
 "deleted": 0,
 "lang": 0,
 "chooseLang": false,
 "id": 343,
 "name": "17 Sons Records",
 "descriptions": "Electronic netlabel based in Paris, France.\nIt seem to be a label which sweeps a broad range of electronic musics (techno, ambient, house, industrial, noise, etc.). But actually 17 Sons Records is more than a label.\nMusical creation at 17 Sons Records is based on some principles. Before any production, a device is to be elaborated. This device is composed of fixed or variable parameters which are placed at the core of the musical creation process. These parameters revolve around the hardware and sofware used, the sounds, the work length, the arrangements, etc. In fact, a creation together with the setting of its parameters is as important as the musical result. Musical creation can only be reached with a framework of constraints and these parameters are there to fix them. While most artists, in all fields of creation, undergo these constraints (which does not detract from the quality of the result obtained), each project of the label has a will to update them and to control them. At the output of the devices, there are musical tracks. Each track can be the occasion to explore the variations of the device's parameters. The tracks are gathered under a discographic unit (album or EP). Once more, each discographic unit may be an opportunity to explore some ways within the device. \n\n",
 "picture": "https://duopin-community.oss-cn-shenzhen.aliyuncs.com/s1bpf7sjdwr9wwbpq8pw.jpg",
 "originalName": "",
 "foundTimeText": "",
 "foundAddress": "Paris, France",
 "founder": "",
 "parentBrand": "",
 "childBrand": "",
 "majorStyle": "idm, techno",
 "delegateArtist": "",
 "officialUrl": " Bandcamp",
 "referenceUrl": "https://musicbrainz.org/label/a90c52ee-1f11-4265-a53b-fbc8c2110ff8",
 "manageStatusText": "",
 "style": "idm, techno",
 "country": "法国",
 "typeId": 14,
 "typeName": "厂牌",
 "dataId": 343,
 "url": "http://dropinapp.hearinmusic.com/#/ency?typeId=14&dataId=343"
}