{
 "pageNum": 1,
 "pageSize": 10,
 "params": {},
 "content": "<p></p>\n\r<p></p>\n\r<p></p>\n\r<p></p>",
 "remarks": "本词条内容暂未完善仅供参考，多频百科小编正在火速赶来",
 "remarksEn": "本词条内容暂未完善仅供参考，多频百科小编正在火速赶来",
 "status": 0,
 "clickNum": 0,
 "deleted": 0,
 "lang": 0,
 "chooseLang": false,
 "id": 344,
 "name": "2 Da Face Records",
 "descriptions": "\n\r",
 "originalName": "",
 "foundTimeText": "",
 "foundAddress": "United States",
 "founder": "",
 "parentBrand": "",
 "childBrand": "",
 "majorStyle": "hip hop",
 "delegateArtist": "",
 "officialUrl": "",
 "referenceUrl": "https://musicbrainz.org/label/19e85c0f-224d-4816-9a35-78ee9c0330e3",
 "manageStatusText": "",
 "style": "hip hop",
 "country": "美国",
 "typeId": 14,
 "typeName": "厂牌",
 "dataId": 344,
 "url": "http://dropinapp.hearinmusic.com/#/ency?typeId=14&dataId=344"
}