{
 "pageNum": 1,
 "pageSize": 10,
 "params": {},
 "content": "<p></p>\n\r<p></p>\n\r<p></p>\n\r<p></p>",
 "remarks": "本词条内容暂未完善仅供参考，多频百科小编正在火速赶来",
 "remarksEn": "本词条内容暂未完善仅供参考，多频百科小编正在火速赶来",
 "status": 0,
 "clickNum": 0,
 "deleted": 0,
 "lang": 0,
 "chooseLang": false,
 "id": 345,
 "name": "213 Records",
 "descriptions": "\nFrench label from 2001 to 2020, specialised in experimental/noise/ambient music.\nThe label saves a trace of the punk/hardcore orientation of its first decade.\nAffiliated with La Face Cachée, a record store located in Metz. \n\n",
 "picture": "https://duopin-community.oss-cn-shenzhen.aliyuncs.com/a7ayvdoqkdnhoc14uuz4.jpg",
 "originalName": "",
 "foundTimeText": "",
 "foundAddress": "Metz, Moselle, Grand Est, France",
 "founder": "Christelle Cavaleri Julien Louvet",
 "parentBrand": "",
 "childBrand": "",
 "majorStyle": "experimental, noise, punk",
 "delegateArtist": "",
 "officialUrl": "http://www.213records.com/",
 "referenceUrl": "https://musicbrainz.org/label/1020b4ae-674e-490f-afe0-d97a0b8f6a20",
 "manageStatusText": "",
 "style": "experimental, noise, punk",
 "country": "法国",
 "typeId": 14,
 "typeName": "厂牌",
 "dataId": 345,
 "url": "http://dropinapp.hearinmusic.com/#/ency?typeId=14&dataId=345"
}