{
 "pageNum": 1,
 "pageSize": 10,
 "params": {},
 "content": "<p></p>\n\r<p></p>\n\r<p></p>\n\r<p></p>",
 "remarks": "本词条内容暂未完善仅供参考，多频百科小编正在火速赶来",
 "remarksEn": "本词条内容暂未完善仅供参考，多频百科小编正在火速赶来",
 "status": 0,
 "clickNum": 0,
 "deleted": 0,
 "lang": 0,
 "chooseLang": false,
 "id": 346,
 "name": "220V Recordings",
 "descriptions": "Digital label founded in November 2009 by Nicky C aka Nicholas Choong and based in Kuala Lumpur, Malaysia.\nStyles: Progressive House, Deep House, Tech House, Techno \n\n",
 "picture": "https://duopin-community.oss-cn-shenzhen.aliyuncs.com/85miilqj82iu60ytwkoi.jpg",
 "originalName": "",
 "foundTimeText": "2009-11",
 "foundAddress": "Kuala Lumpur, Malaysia",
 "founder": "",
 "parentBrand": "",
 "childBrand": " Ascii Records, Dalam Muzika ",
 "majorStyle": "dance, deep house",
 "delegateArtist": "",
 "officialUrl": "",
 "referenceUrl": "https://musicbrainz.org/label/937ed4cb-8139-4948-a275-8529846cd9de",
 "manageStatusText": "",
 "style": "dance, deep house",
 "country": "马来西亚",
 "typeId": 14,
 "typeName": "厂牌",
 "dataId": 346,
 "url": "http://dropinapp.hearinmusic.com/#/ency?typeId=14&dataId=346"
}