{
 "pageNum": 1,
 "pageSize": 10,
 "params": {},
 "content": "<p>3 Beat Productions是由Jon Barlow于1989年创立的英国独立厂牌。</p>\n<p>&nbsp;</p>\n<p><strong>历史</strong></p>\n<p>3 Beat Music于1989年由Jon Barlow、Dave Nicholl、Phil Southall创立，后来Phil Beddard和Hywell Williams加入，他们当时还是学生。它最初是在利物浦Quiggins的一个二手唱片摊，后来搬到了伍德街的一个永久地点，唱片行由Rob Jay和Pezz 3 Beat管理，在那时，它赢得了许多奖项，包括《音乐周刊》的年度独立唱片行。2002年，该店扩大并搬到了斯莱特街。截至2009年，这家唱片店已经改变了所有权，现在已经不再是3 Beat group的一部分。新的所有者希望保持与商店历史的联系，同时为了表明唱片行已经易主，所以把名字改为3B Records。</p>\n<p>&nbsp;</p>\n<p>1991年，Barlow、Nichol和Southall创办了独立厂牌3 Beat Music，发行了D:Fuse、New Atlantic、Pianoman和Powerhouse等艺术家的唱片。2000年，Jon Barlow、Pezz 3 Beat和Andy Jarrod成立了3 Beat厂牌管理公司，为众多独立唱片公司提供发行服务。其中最引人注目的是James Holden的 \"Border Community \"出版公司，该公司的12寸单曲销量持续超过2万张，从而扭转了黑胶唱片销量下降的趋势。2007年，在Amato发行公司倒闭后，3 Beat厂牌管理公司关闭了，因为他们负债累累。</p>\n<p>&nbsp;</p>\n<p>2003年，Jon Barlow和Pezz与A&amp;R主管Anton Powers和厂牌经理Tim Condran一起成立了Boss Records，由Ministry of Sound负责发行。在接下来的四年里，该厂牌发行了许多单曲，包括Angel City、Aaron Smith、Mason versus Princess Superstar和Studio B等艺术家的热门唱片。2007年，在Boss Records与Ministry of Sound的合同到期后，Barlow和Pezz成立了3 Beat Productions，由Universal发行。这个新厂牌由两个子厂牌3 Beat Blue和3 Beat Red组成，并发行了Agnes、Cahill、Ian Carey、Duck Sauce和Skepta等歌手的唱片。</p>\n<p>&nbsp;</p>\n<p>2011年，该厂牌以Sak Noel的 \"Loca People \"获得了其第一张英国单曲冠军。</p>",
 "contentEn": "<div>\n<div class=\"document\">\n<p class=\"paragraph text-align-type-left pap-line-1.8 pap-line-rule-auto pap-spacing-before-2pt pap-spacing-after-2pt\">3 Beat Productions is a British independent record label founded by Jon Barlow in 1989.</p>\n<p class=\"paragraph text-align-type-left pap-line-1.8 pap-line-rule-auto pap-spacing-before-2pt pap-spacing-after-2pt\">&nbsp;</p>\n<div>\n<div class=\"document\">\n<p class=\"paragraph text-align-type-left pap-line-1.8 pap-line-rule-auto pap-spacing-before-2pt pap-spacing-after-2pt\"><strong>History</strong></p>\n<p class=\"paragraph text-align-type-left pap-line-1.8 pap-line-rule-auto pap-spacing-before-2pt pap-spacing-after-2pt\">3 Beat Music was founded as a dance music record shop in 1989 by Jon Barlow, Dave Nicholl, Phil Southall and later joined by Phil Beddard and Hywell Williams who were students at the time. It began as a second hand record stall in Quiggins, Liverpool and later moved into a permanent location on Wood Street where the shop was managed by Rob Jay and Pezz 3 Beat where it won numerous awards including Music Week's independent record shop of the year. In 2002, the shop expanded and moved to Slater Street. As of 2009, the record shop has changed ownership and is now no longer part of the 3 Beat group. The new owners wanted to keep a connection to the history of the shop whilst also showing things had moved on so changed the name to 3B Records.</p>\n<p class=\"paragraph text-align-type-left pap-line-1.8 pap-line-rule-auto pap-spacing-before-2pt pap-spacing-after-2pt\">&nbsp;</p>\n<p class=\"paragraph text-align-type-left pap-line-1.8 pap-line-rule-auto pap-spacing-before-2pt pap-spacing-after-2pt\">In 1991 Barlow, Nichol and Southall started the independent record label 3 Beat Music which released records by artists such as D:Fuse, New Atlantic, Pianoman and Powerhouse. In 2000 Jon Barlow, Pezz 3 Beat and Andy Jarrod set up the 3 Beat Label Management company which offered distribution services to numerous independent record labels. The most notable of these was James Holden's 'Border Community' imprint that bucked the trend of declining vinyl sales by consistently selling in excess of 20,000 units of its 12\" single releases. 3 Beat Label Management closed in 2007 after Amato Distribution's collapse left them with an unmanageable debt.</p>\n<p class=\"paragraph text-align-type-left pap-line-1.8 pap-line-rule-auto pap-spacing-before-2pt pap-spacing-after-2pt\">&nbsp;</p>\n<p class=\"paragraph text-align-type-left pap-line-1.8 pap-line-rule-auto pap-spacing-before-2pt pap-spacing-after-2pt\">In 2003 Jon Barlow and Pezz along with A&amp;R executive Anton Powers and label manager Tim Condran set up Boss Records, with distribution from Ministry of Sound. Over the next four years the label released numerous singles with hit records by artists such as Angel City, Aaron Smith, Mason versus Princess Superstar and Studio B. In 2007, after Boss Records' contract had expired with Ministry of Sound, Barlow and Pezz founded 3 Beat Productions with distribution from Universal. The new label was made up of two sub-labels 3 Beat Blue and 3 Beat Red and has released records by artists such as Agnes, Cahill, Ian Carey, Duck Sauce and Skepta.</p>\n<p class=\"paragraph text-align-type-left pap-line-1.8 pap-line-rule-auto pap-spacing-before-2pt pap-spacing-after-2pt\">&nbsp;</p>\n<p class=\"paragraph text-align-type-left pap-line-1.8 pap-line-rule-auto pap-spacing-before-2pt pap-spacing-after-2pt\">In 2011, the label achieved its first UK No. 1 single with \"Loca People\" by Sak Noel.</p>\n</div>\n</div>\n</div>\n</div>",
 "remarks": "本词条汉字内容由 @多频百科团队 翻译+编辑\n原文译自 https://en.wikipedia.org/wiki/3_Beat_Records",
 "remarksEn": "本词条内容来自 https://en.wikipedia.org/wiki/3_Beat_Records",
 "status": 1,
 "clickNum": 48,
 "deleted": 0,
 "lang": 0,
 "chooseLang": true,
 "id": 1,
 "name": "3 Beat Records",
 "descriptions": "3 Beat Productions是由Jon Barlow于1989年创立的英国独立厂牌。",
 "picture": "https://duopin-community.oss-cn-shenzhen.aliyuncs.com/4zlhl1iw309fgkxiancd.jpg",
 "originalName": "",
 "foundTimeText": "1989",
 "foundAddress": "利物浦，英格兰",
 "founder": "Jon Barlow",
 "parentBrand": "",
 "childBrand": "3 Beat Music\r\nGlow Records\r\nForward Records\r\n3Three Records\r\n3 Beat Breaks\r\nBoss Records\r\nLab Records\r\n3 Beat Blue Records\r\n3 Beat Red Records",
 "majorStyle": "House",
 "delegateArtist": "Agnes\nAngel City\nAlyssa Reid\nBasshunter\nCher Lloyd\nCahill\nCallum Beattie\nIan Carey\nCheryl\nDawood & Knight\nD Fuse\nFuse ODG\nMike Di Scala\nDuck Sauce\nHigh Contrast\nInna\nLuke Bingham\nSteve Mac\nEdward Maya\nLiz McClarnon\nM-22\nErick Morillo\nNew Atlantic\nSak Noel\nPianoman\nP-Money\nPowerhouse\nPhilip George\nSigma\nSkepta\nStylo G\nSway\nSkyla\nSteve Smart\nMartin Solveig\nAlexandra Stan\nOla Svensson\nAnton Powers",
 "officialUrl": "3beat.co.uk",
 "referenceUrl": "https://en.wikipedia.org/wiki/3_Beat_Records",
 "manageStatusText": "运营中",
 "style": "House",
 "country": "英国",
 "relatedLinks": "",
 "typeId": 14,
 "typeName": "厂牌",
 "dataId": 1,
 "url": "http://dropinapp.hearinmusic.com/#/ency?typeId=14&dataId=1"
}