{
 "pageNum": 1,
 "pageSize": 10,
 "params": {},
 "content": "<p></p>\n\r<p></p>\n\r<p></p>\n\r<p></p>",
 "remarks": "本词条内容暂未完善仅供参考，多频百科小编正在火速赶来",
 "remarksEn": "本词条内容暂未完善仅供参考，多频百科小编正在火速赶来",
 "status": 0,
 "clickNum": 0,
 "deleted": 0,
 "lang": 0,
 "chooseLang": false,
 "id": 348,
 "name": "31 Records",
 "descriptions": "If the catalog number of the release in question begins with, “31RS” please double-check that it is not the label ThirtyOne Recordings that you are looking for. Most digital releases should be assigned to ThirtyOne Recordings as well. These are essentially the same release label, but at some point it appears—at least for digital mediums—that the credited release entity name transitioned to a long-form spelling of the label name. Please bear in mind that this appears to be a typical catalog numbering scheme, and does not apply to unique exceptions.\n\n",
 "picture": "https://duopin-community.oss-cn-shenzhen.aliyuncs.com/h9utffecbc7uh3aqp0zq.jpg",
 "originalName": "",
 "foundTimeText": "1994",
 "foundAddress": "United Kingdom",
 "founder": "Scott McIlroy",
 "parentBrand": "",
 "childBrand": "KOTR Allstarz 2004, ThirtyOne Recordings ",
 "majorStyle": "drum and bass",
 "delegateArtist": "",
 "officialUrl": " 31recordings.databeats.com",
 "referenceUrl": "",
 "manageStatusText": "",
 "style": "drum and bass",
 "country": "英国",
 "typeId": 14,
 "typeName": "厂牌",
 "dataId": 348,
 "url": "http://dropinapp.hearinmusic.com/#/ency?typeId=14&dataId=348"
}