{
 "pageNum": 1,
 "pageSize": 10,
 "params": {},
 "content": "<p>361 Records est fond&eacute; le <time class=\"nowrap\" datetime=\"1999-06-01\" data-sort-value=\"1999-06-01\"><abbr class=\"abbr\" title=\"premier\">1<sup>er</sup></abbr> juin 1999<span style=\"font-size: 11.6667px;\">&nbsp;</span></time>par le rappeur Akhenaton. Akhenaton rencontre L'Alg&eacute;rino gr&acirc;ce &agrave; une collaboration avec Psy 4 De La Rime&nbsp;; il rebaptise son nouveau prot&eacute;g&eacute; L'Alg&eacute;rino et le signe sur son label 361 Records pour sortir <em>Les derniers seront les premiers</em> au printemps 2005<sup id=\"cite_ref-5\" class=\"reference\"></sup>. L'ann&eacute;e suivante cependant, L'Alg&eacute;rino passe de 361 Records &agrave; Six-o-Nine Records en 2006. Toujours en 2006, Akhenaton publie son premier album ind&eacute;pendant enti&egrave;rement produit au label, <em>Soldats de fortune</em><sup id=\"cite_ref-8\" class=\"reference\"></sup>.</p>\n<p>Akhenaton lance un nouveau label appel&eacute; Me-Label&nbsp;; dans un entretien accord&eacute; &agrave; <em>Metro News</em> en 2011, il explique&nbsp;: <span class=\"citation\">&laquo;&nbsp;Mais ce qui fait qu'on cr&eacute;e Me-Label, c'est s&ucirc;rement la disparition de notre label classique, 361 Records. Tous les artistes sont partis, il n'y avait plus que moi dedans<sup id=\"cite_ref-metronews_1-1\" class=\"reference\"></sup>...&nbsp;&raquo;</span> Il poursuit&nbsp;: <span class=\"citation\">&laquo;&nbsp;Chez 361 Records, on avait un studio, avec des frais sur chaque album. Pour certains disques des Psy4 de la rime, on avait des budgets de majors. Ces points d'amortissement tr&egrave;s &eacute;lev&eacute;s ont compl&egrave;tement disparu avec Me-Label. Avec 2000 t&eacute;l&eacute;chargements, tes frais sont amortis. C'est une &eacute;conomie qui fonctionne, m&ecirc;me si j'ai conscience que pour avoir 60 000 personnes sur un site, c'est compliqu&eacute;<sup id=\"cite_ref-metronews_1-2\" class=\"reference\"></sup></span></p>\n<p>&nbsp;</p>\n<p>&nbsp;</p>\n<p>&nbsp;</p>",
 "remarks": "本词条内容暂未完善仅供参考，多频百科小编正在火速赶来",
 "remarksEn": "本词条内容暂未完善仅供参考，多频百科小编正在火速赶来",
 "status": 0,
 "clickNum": 0,
 "deleted": 0,
 "lang": 0,
 "chooseLang": false,
 "id": 350,
 "name": "361 Records",
 "descriptions": "French Hip-Hop label based in Marseille, founded in 1999 by Akhenaton (MC for IAM). \n361 Records est un label français, fondé en 1999 par le rappeur Akhenaton, situé à Marseille. Il est fondé dans le but de faire découvrir des musiciens encore peu ou pas connus. En 2006, il produit des artistes comme BOF Comme un aimant, Chiens de paille, Psy 4 De La Rime et L'Algérino. Il collabore également avec Oxmo Puccino. En 2013, le label compte un chiffre d'affaires atteignant 42 613€3.\n\nAujourd'hui le label existe toujours, il est géré par Akhenaton. Selon societe.com son chiffre d'affaires est de 66 600€ en 2018. En augmentation de 19,71 % par rapport à 2017.\n\nCependant on ne sait pas quels projets ou morceaux sont sortis dessus pour atteindre ce chiffre d'affaires. \n\n",
 "picture": "https://duopin-community.oss-cn-shenzhen.aliyuncs.com/81w4cftq68fo1ubce2ls.jpg",
 "originalName": "",
 "foundTimeText": "1999",
 "foundAddress": "France",
 "founder": "Akhenaton",
 "parentBrand": "2010",
 "childBrand": "361 Vinyl",
 "majorStyle": "hip hop",
 "delegateArtist": "",
 "officialUrl": "361records.com/",
 "referenceUrl": "",
 "manageStatusText": "",
 "style": "hip hop",
 "country": "法国",
 "typeId": 14,
 "typeName": "厂牌",
 "dataId": 350,
 "url": "http://dropinapp.hearinmusic.com/#/ency?typeId=14&dataId=350"
}