{
 "pageNum": 1,
 "pageSize": 10,
 "params": {},
 "content": "<p></p>\n\r<p></p>\n\r<p></p>\n\r<p></p>",
 "remarks": "本词条内容暂未完善仅供参考，多频百科小编正在火速赶来",
 "remarksEn": "本词条内容暂未完善仅供参考，多频百科小编正在火速赶来",
 "status": 0,
 "clickNum": 0,
 "deleted": 0,
 "lang": 0,
 "chooseLang": false,
 "id": 349,
 "name": "361 MusiX",
 "descriptions": "\n\r",
 "originalName": "",
 "foundTimeText": "",
 "foundAddress": "Germany",
 "founder": "",
 "parentBrand": "",
 "childBrand": "",
 "majorStyle": "hip hop",
 "delegateArtist": "",
 "officialUrl": "https://361musix.com/",
 "referenceUrl": "",
 "manageStatusText": "",
 "style": "hip hop",
 "country": "德国",
 "typeId": 14,
 "typeName": "厂牌",
 "dataId": 349,
 "url": "http://dropinapp.hearinmusic.com/#/ency?typeId=14&dataId=349"
}