{
 "pageNum": 1,
 "pageSize": 10,
 "params": {},
 "content": "<h2><span id=\"Geschichte\" class=\"mw-headline\">Geschichte</span></h2>\n<p>2003 wurde mit <em>385Beatz</em> in Frankfurt am Main der Vorg&auml;nger des Labels von den beiden Rappern Celo &amp; Abdi gemeinsam mit Michael &bdquo;Syn&ldquo; Lukaschyk gegr&uuml;ndet. Die Ziffern 385 stehen dabei f&uuml;r die Postleitzahl des Frankfurter Stadtteils Bornheim (60385), aus dem Syn und Celo stammen.</p>\n<p>Anfang 2008 wurde der Name in 385id&eacute;al ge&auml;ndert und kurz darauf mit der Produktion f&uuml;r die erste Ver&ouml;ffentlichung der K&uuml;nstler Celo &amp; Abdi begonnen. Das <em>Mietwagentape</em> wurde 2010 durch 385id&eacute;al kostenlos im Internet ver&ouml;ffentlicht. Daraufhin wurde der Offenbacher Rapper Haftbefehl auf Celo &amp; Abdi aufmerksam und holte sie auf sein Label Azzlackz. Die beiden lie&szlig;en 385id&eacute;al jedoch trotzdem bestehen.<sup id=\"cite_ref-1\" class=\"reference\"></sup></p>\n<p>Als erster K&uuml;nstler wurde der Rapper Olexesh 2012 unter Vertrag genommen, der noch im gleichen Jahr sein erstes Mixtape <em>Authentic Athletic</em> ebenfalls kostenlos im Internet ver&ouml;ffentlichte. Der zweite K&uuml;nstler, der von 385id&eacute;al unter Vertrag genommen wurde, war der Rapper Chaker, der 2013 sein Album <em>Ben Life</em> &uuml;ber das Label ver&ouml;ffentlichte.<sup id=\"cite_ref-2\" class=\"reference\"></sup> Mittlerweile hat er aufgeh&ouml;rt.</p>\n<p>2015 wurde der Rapper Nimo unter Vertrag genommen, 2019 der damals 17-J&auml;hrige Krime und 2020 der Newcomer Schubi Akpella. Er war vorher durch sogenannte Autovideos auf Instagram mit seinem Rap bekannt geworden und wurde erstmals von Nimo gesichtet.</p>\n<p>2016 ging das Label eine Partnerschaft mit dem Major-Label Universal Urban ein, welches seitdem alle Ver&ouml;ffentlichungen von 385id&eacute;al vertreibt.</p>\n<p>&nbsp;</p>\n<p>&nbsp;</p>\n<p>&nbsp;</p>",
 "remarks": "本词条内容暂未完善仅供参考，多频百科小编正在火速赶来",
 "remarksEn": "本词条内容暂未完善仅供参考，多频百科小编正在火速赶来",
 "status": 0,
 "clickNum": 0,
 "deleted": 0,
 "lang": 0,
 "chooseLang": false,
 "id": 351,
 "name": "385ideal",
 "descriptions": "German music label located in Frankfurt am Main, Hesse, Germany. \n\n",
 "picture": "https://duopin-community.oss-cn-shenzhen.aliyuncs.com/tfgul49ogs0q0atghqaa.jpg",
 "originalName": "",
 "foundTimeText": "2012-05",
 "foundAddress": "    Frankfurt am Main, Hessen, Germany",
 "founder": "",
 "parentBrand": "",
 "childBrand": "",
 "majorStyle": "hip hop",
 "delegateArtist": "",
 "officialUrl": "",
 "referenceUrl": "https://musicbrainz.org/label/9dcdac96-c472-4a86-a5d8-581155fcdc02",
 "manageStatusText": "",
 "style": "hip hop",
 "country": "德国",
 "typeId": 14,
 "typeName": "厂牌",
 "dataId": 351,
 "url": "http://dropinapp.hearinmusic.com/#/ency?typeId=14&dataId=351"
}