{
 "pageNum": 1,
 "pageSize": 10,
 "params": {},
 "content": "<p></p>\n\r<p></p>\n\r<p></p>\n\r<p></p>",
 "remarks": "本词条内容暂未完善仅供参考，多频百科小编正在火速赶来",
 "remarksEn": "本词条内容暂未完善仅供参考，多频百科小编正在火速赶来",
 "status": 0,
 "clickNum": 0,
 "deleted": 0,
 "lang": 0,
 "chooseLang": false,
 "id": 352,
 "name": "3Faces Entertainment",
 "descriptions": "American Hip-Hop and R&B label founded in 2020. \n\n",
 "picture": "https://duopin-community.oss-cn-shenzhen.aliyuncs.com/63qa1v8o0e0nv2fmn1al.jpg",
 "originalName": "",
 "foundTimeText": "2020",
 "foundAddress": "Atlanta, Georgia, United States",
 "founder": "",
 "parentBrand": "",
 "childBrand": "",
 "majorStyle": "hip hop, r&b, soul, southern soul, underground hip hop",
 "delegateArtist": "",
 "officialUrl": "https://3facesent.com/",
 "referenceUrl": "https://musicbrainz.org/label/40681336-8ad5-4408-af12-a4eb05f08fa0",
 "manageStatusText": "",
 "style": "hip hop, r&b, soul, southern soul, underground hip hop",
 "country": "美国",
 "typeId": 14,
 "typeName": "厂牌",
 "dataId": 352,
 "url": "http://dropinapp.hearinmusic.com/#/ency?typeId=14&dataId=352"
}