{
 "pageNum": 1,
 "pageSize": 10,
 "params": {},
 "content": "<p>&nbsp;</p>\n<p>&nbsp;</p>\n<p>&nbsp;</p>\n<p>&nbsp;</p>",
 "remarks": "本词条内容暂未完善仅供参考，多频百科小编正在火速赶来",
 "remarksEn": "本词条内容暂未完善仅供参考，多频百科小编正在火速赶来",
 "status": 0,
 "clickNum": 0,
 "deleted": 0,
 "lang": 0,
 "chooseLang": false,
 "id": 353,
 "name": "4000 Records",
 "descriptions": "Independent, artist-led record label collaborating exclusively with Brisbane creatives. \n\n",
 "picture": "https://duopin-community.oss-cn-shenzhen.aliyuncs.com/n1x5zk60qaitwuxdd0cl.jpg",
 "originalName": "",
 "foundTimeText": "",
 "foundAddress": "    Brisbane, Queensland, Australia",
 "founder": "",
 "parentBrand": "",
 "childBrand": "",
 "majorStyle": "ethereal, funk, lo-fi, new wave, post-punk",
 "delegateArtist": "",
 "officialUrl": "https://www.4000records.com/ ",
 "referenceUrl": "https://musicbrainz.org/label/53cc6d28-e74b-4aaa-9cff-73dea3fc4227",
 "manageStatusText": "",
 "style": "ethereal, funk, lo-fi, new wave, post-punk",
 "country": "澳大利亚",
 "typeId": 14,
 "typeName": "厂牌",
 "dataId": 353,
 "url": "http://dropinapp.hearinmusic.com/#/ency?typeId=14&dataId=353"
}