{
 "pageNum": 1,
 "pageSize": 10,
 "params": {},
 "content": "<p>430 West Records是一个位于美国密歇根州底特律的独立厂牌，由Lawrence Burden、Lenny Burden和Lynell Burden在为Derrick Mays的Transmat厂牌录制了他们的首张唱片后几个月成立。</p>\n<p>&nbsp;</p>\n<p>430 West也是Burden Brothers自己作品的发行渠道（录制了Octave One，Random Noise Generation，Never On Sunday和Metro D）。后来，它发展壮大，为其它电子音乐艺术家Jay Denham， Terrence Parker，Eddie Fowlkes， Aux 88、Wild Planet和Gerald Mitchell等发行唱片。1998年，430 West也成为了三人组中最小的两个弟弟Lance Burden和Lorne Burden的发行公司。</p>\n<div>\n<div class=\"document\">\n<p class=\"paragraph text-align-type-left pap-line-1.8 pap-line-rule-auto pap-spacing-before-2pt pap-spacing-after-2pt\">&nbsp;</p>\n<p class=\"paragraph text-align-type-left pap-line-1.8 pap-line-rule-auto pap-spacing-before-2pt pap-spacing-after-2pt\">截至2000年，430 West成为一家制作公司和厂牌，再次专注于Burden Brothers的工作。该公司在北美，欧洲，英国和日本拥有分销，许可和推广关系。</p>\n</div>\n</div>",
 "contentEn": "<div>\n<div class=\"document\">\n<p class=\"paragraph text-align-type-left pap-line-1.8 pap-line-rule-auto pap-spacing-before-2pt pap-spacing-after-2pt\">430 West Records is an independent record label based in Detroit, MI US formed in 1990 by Lawrence Burden, Lenny Burden, and Lynell Burden just months after recording their debut record for Derrick Mays' Transmat label.</p>\n<p class=\"paragraph text-align-type-left pap-line-1.8 pap-line-rule-auto pap-spacing-before-2pt pap-spacing-after-2pt\">&nbsp;</p>\n<p class=\"paragraph text-align-type-left pap-line-1.8 pap-line-rule-auto pap-spacing-before-2pt pap-spacing-after-2pt\">430 West was formed as an outlet for the Burden Brothers' own productions (recording as Octave One, Random Noise Generation, Never On Sunday, and Metro D). Later it was expanded to be the home for releases by electronic music artists Jay Denham, Terrence Parker, Eddie Fowlkes, Aux 88, Wild Planet, and Gerald Mitchell, to name a few. In 1998, 430 West also became the musical home for the trio's youngest brothers Lance Burden and Lorne Burden.</p>\n<p class=\"paragraph text-align-type-left pap-line-1.8 pap-line-rule-auto pap-spacing-before-2pt pap-spacing-after-2pt\">&nbsp;</p>\n<p class=\"paragraph text-align-type-left pap-line-1.8 pap-line-rule-auto pap-spacing-before-2pt pap-spacing-after-2pt\">As of 2000, 430 West functions as a production company and record label, focusing once again on the work of the Burden Brothers. The company has distribution, licensing, and promotion relationships in North America, Europe, United Kingdom, and Japan.</p>\n</div>\n</div>",
 "remarks": "本词条汉字内容由 @多频百科团队 翻译+编辑\n原文译自 https://en.wikipedia.org/wiki/430_West_Records",
 "remarksEn": "本词条内容来自 https://en.wikipedia.org/wiki/430_West_Records",
 "status": 1,
 "clickNum": 14,
 "deleted": 0,
 "lang": 0,
 "chooseLang": true,
 "id": 3,
 "name": "430 West Records",
 "descriptions": "430 West Records是一个位于美国密歇根州底特律的独立厂牌，由Lawrence Burden、Lenny Burden和Lynell Burden在为Derrick Mays的Transmat厂牌录制了他们的首张唱片后几个月成立。",
 "picture": "https://duopin-community.oss-cn-shenzhen.aliyuncs.com/94rwpdcmafm4ilczyhsr.png",
 "originalName": "",
 "foundTimeText": "1991",
 "foundAddress": "United States Detroit, MI, United States",
 "founder": "Lawrence Burden (Label Manager), Lenny Burden (Label Manager)",
 "parentBrand": "",
 "childBrand": "",
 "majorStyle": "",
 "delegateArtist": "Jay Denham\nTerrence Parker\nEddie Fowlkes\nAux 88\nBurden Brothers",
 "officialUrl": "http://430west.com/",
 "referenceUrl": "https://en.wikipedia.org/wiki/430_West_Records",
 "manageStatusText": "运营中",
 "style": "",
 "country": "美国",
 "typeId": 14,
 "typeName": "厂牌",
 "dataId": 3,
 "url": "http://dropinapp.hearinmusic.com/#/ency?typeId=14&dataId=3"
}