{
 "pageNum": 1,
 "pageSize": 10,
 "params": {},
 "content": "<p></p>\n\r<p></p>\n\r<p></p>\n\r<p></p>",
 "remarks": "本词条内容暂未完善仅供参考，多频百科小编正在火速赶来",
 "remarksEn": "本词条内容暂未完善仅供参考，多频百科小编正在火速赶来",
 "status": 0,
 "clickNum": 0,
 "deleted": 0,
 "lang": 0,
 "chooseLang": false,
 "id": 354,
 "name": "44th & Filth",
 "descriptions": "\n\r",
 "originalName": "",
 "foundTimeText": "",
 "foundAddress": "Canada",
 "founder": "Andy Reid (Canadian based DJ/Producer/Music Editor) YUG (Canadian based Producer/Songwriter/Engineer/DJ)",
 "parentBrand": "",
 "childBrand": "",
 "majorStyle": "dance, electro, house, progressive",
 "delegateArtist": "",
 "officialUrl": "http://44thandfilth.com/",
 "referenceUrl": "https://musicbrainz.org/label/e9b41b5e-2434-48d5-9c09-c2193bde48d2",
 "manageStatusText": "",
 "style": "dance, electro, house, progressive",
 "country": "加拿大",
 "typeId": 14,
 "typeName": "厂牌",
 "dataId": 354,
 "url": "http://dropinapp.hearinmusic.com/#/ency?typeId=14&dataId=354"
}