{
 "pageNum": 1,
 "pageSize": 10,
 "params": {},
 "content": "<p></p>\n\r<p></p>\n\r<p></p>\n\r<p></p>",
 "remarks": "本词条内容暂未完善仅供参考，多频百科小编正在火速赶来",
 "remarksEn": "本词条内容暂未完善仅供参考，多频百科小编正在火速赶来",
 "status": 0,
 "clickNum": 0,
 "deleted": 0,
 "lang": 0,
 "chooseLang": false,
 "id": 355,
 "name": "45 The Label",
 "descriptions": "\n\r",
 "originalName": "",
 "foundTimeText": "",
 "foundAddress": "    Philadelphia, Pennsylvania, United States",
 "founder": "Wayne Ellis",
 "parentBrand": "",
 "childBrand": "",
 "majorStyle": "east coast hip hop, gangsta rap, hip hop, underground hip hop, west coast hip hop",
 "delegateArtist": "",
 "officialUrl": "",
 "referenceUrl": "https://musicbrainz.org/label/314c78cc-6d91-4ff9-bcc8-f83b5fbd2133",
 "manageStatusText": "",
 "style": "east coast hip hop, gangsta rap, hip hop, underground hip hop, west coast hip hop",
 "country": "美国",
 "typeId": 14,
 "typeName": "厂牌",
 "dataId": 355,
 "url": "http://dropinapp.hearinmusic.com/#/ency?typeId=14&dataId=355"
}