{
 "pageNum": 1,
 "pageSize": 10,
 "params": {},
 "remarks": "本词条内容暂未完善仅供参考，多频百科小编正在火速赶来",
 "remarksEn": "本词条内容暂未完善仅供参考，多频百科小编正在火速赶来",
 "status": 0,
 "clickNum": 1,
 "deleted": 0,
 "lang": 0,
 "chooseLang": false,
 "id": 332,
 "name": "47",
 "descriptions": "47 is a regular event run by Tommy Four Seven. The 47 label showcases original tracks by past guests - both established and emerging - released on a series of Various Artist EPs.\n",
 "picture": "https://duopin-community.oss-cn-shenzhen.aliyuncs.com/v3zy3hwcbm712tfnb8d0.jpg",
 "foundTimeText": "2015",
 "foundAddress": "    Berlin, Germany",
 "founder": "Tommy Four Seven",
 "majorStyle": "industrial techno, minimal techno, techno",
 "referenceUrl": "https://musicbrainz.org/label/55cda9b8-73cf-40d2-9640-e316336dd0ca",
 "style": "industrial techno, minimal techno, techno",
 "country": "德国",
 "typeId": 14,
 "typeName": "厂牌",
 "dataId": 332,
 "url": "http://dropinapp.hearinmusic.com/#/ency?typeId=14&dataId=332"
}