{
 "pageNum": 1,
 "pageSize": 10,
 "params": {},
 "content": "<p></p>\n\r<p></p>\n\r<p></p>\n\r<p></p>",
 "remarks": "本词条内容暂未完善仅供参考，多频百科小编正在火速赶来",
 "remarksEn": "本词条内容暂未完善仅供参考，多频百科小编正在火速赶来",
 "status": 0,
 "clickNum": 0,
 "deleted": 0,
 "lang": 0,
 "chooseLang": false,
 "id": 356,
 "name": "4Disco Records",
 "descriptions": "4Disco Records is an independent web-label based in Santiago de Chile. Founded in 2009 by DJ EQ, Joey Chicago, The SKingz and Agent Stereo.\nActually is managed by Cristián Delvalle.\nLabel's specialty is Disco House, Funky House, Nu Disco, Jackin House. \n\n",
 "picture": "https://duopin-community.oss-cn-shenzhen.aliyuncs.com/grg1rcc10vv8dvcly697.jpg",
 "originalName": "",
 "foundTimeText": "2009",
 "foundAddress": "    Santiago, Región Metropolitana de Santiago, Chile",
 "founder": "",
 "parentBrand": "",
 "childBrand": "",
 "majorStyle": "disco, house",
 "delegateArtist": "",
 "officialUrl": "",
 "referenceUrl": "https://musicbrainz.org/label/dbb4ea45-fa03-478d-9126-ce3f7eeed2e8",
 "manageStatusText": "",
 "style": "disco, house",
 "country": "智利",
 "typeId": 14,
 "typeName": "厂牌",
 "dataId": 356,
 "url": "http://dropinapp.hearinmusic.com/#/ency?typeId=14&dataId=356"
}