{
 "pageNum": 1,
 "pageSize": 10,
 "params": {},
 "content": "<p><strong>4th &amp; B'way Records</strong> (pronounced <span class=\"rt-commentedText nowrap\"><span class=\"IPA nopopups noexcerpt\">/<span title=\"'f' in 'find'\">f</span><span title=\"/ɔːr/: 'ar' in 'war'\">ɔːr</span><span title=\"/&theta;/: 'th' in 'thigh'\">&theta;</span> <span title=\"/&aelig;/: 'a' in 'bad'\">&aelig;</span><span title=\"'n' in 'nigh'\">n</span><span title=\"'d' in 'dye'\">d</span> <span title=\"/ˈ/: primary stress follows\">ˈ</span><span title=\"'b' in 'buy'\">b</span><span title=\"'r' in 'rye'\">r</span><span title=\"/ɔː/: 'au' in 'fraud'\">ɔː</span><span title=\"'d' in 'dye'\">d</span><span title=\"'w' in 'wind'\">w</span><span title=\"/eɪ/: 'a' in 'face'\">eɪ</span>/</span></span> and spelled out completely as <strong>Fourth and Broadway Records</strong> in the UK) is a US-based subsidiary of Island Records that specialised in street-oriented music such as hip hop. Established in 1984, it was the flagship label of the Island Trading Company, the independent-distribution parent company of Island's other record labels that operated in the US. However, 4th &amp; B'way was not distributed through major-label channels&mdash;the flagship Island label was distributed by Atlantic Records at that time&mdash;until the label and distribution company were acquired by PolyGram Records in 1989, when Island Trading became a unit of PolyGram Group Distribution and was renamed Independent Label Sales (ILS). It was also one of several US-based Island labels that were named after nearby New York City streets when Island's US headquarters were located at 14 East 4th Street in Manhattan, the same building that held the legendary East Village branch of Tower Records, and also nearby at 400 Lafayette Street. When Island moved its headquarters to the Worldwide Plaza Building at 825 8th Avenue in 1995, where PolyGram's US headquarters were also located, the empty 4th Street offices became the headquarters of V2 Records.</p>\n<p>In the UK, Fourth and Broadway was established in 1992, and it had a roster different from its American version, although it did release titles from its American cousin and vice versa. 4th &amp; B'way was shut down in 1998, shortly after Chris Blackwell left Island Records, and before the merger of the PolyGram and MCA label families that became Universal Music Group. 4th &amp; B'way's remaining hip hop artists would be transferred to Def Jam Recordings.<sup class=\"noprint Inline-Template Template-Fact\">[<em><span title=\"This claim needs references to reliable sources. (February 2011)\">citation needed</span></em>]</sup></p>\n<p>\"Pump Up the Volume\" by MARRS was distributed by 4th &amp; B'way in the US. Other notable artists included Eric B and Rakim and Noel.</p>\n<p>On April 12, 2013, The Island Def Jam Music Group reactivated the label as a dance-oriented imprint with Cazzette as its first artist on the reactivated imprint,<sup id=\"cite_ref-1\" class=\"reference\"></sup> and has also signed Route 94, Kiesza, and Loote</p>\n<p>On November 17, 2020, Island Records relaunched the label again, naming LaTrice Burnette as the president of 4th and Broadway. Burnette will also continue her role as executive vice president of Island.<sup id=\"cite_ref-2\" class=\"reference\"></sup></p>\n<p>&nbsp;</p>\n<p>&nbsp;</p>\n<p>&nbsp;</p>",
 "remarks": "本词条内容暂未完善仅供参考，多频百科小编正在火速赶来",
 "remarksEn": "本词条内容暂未完善仅供参考，多频百科小编正在火速赶来",
 "status": 0,
 "clickNum": 0,
 "deleted": 0,
 "lang": 0,
 "chooseLang": false,
 "id": 357,
 "name": "4th & Broadway",
 "descriptions": "Fourth and Broadway\n\nInitially a UK label, a division of Island Records. Had a US offshoot 4th & B'way, the logo of which was confusingly used on some UK/European releases.\n\nUK releases tend to have BR cats and 0422 EANs.\nUS has 0162-44\n\n",
 "picture": "https://duopin-community.oss-cn-shenzhen.aliyuncs.com/enomarptdz8olus6fljc.jpg",
 "originalName": "",
 "foundTimeText": "1981",
 "foundAddress": "United Kingdom",
 "founder": "Julian Palmer",
 "parentBrand": " Island Records",
 "childBrand": "Stoned Heights",
 "majorStyle": "hip hop, rock",
 "delegateArtist": "",
 "officialUrl": "",
 "referenceUrl": "https://musicbrainz.org/label/c7c345d6-7c08-4008-918d-26a7f4acdbbd",
 "manageStatusText": "",
 "style": "hip hop, rock",
 "country": "英国",
 "typeId": 14,
 "typeName": "厂牌",
 "dataId": 357,
 "url": "http://dropinapp.hearinmusic.com/#/ency?typeId=14&dataId=357"
}