{
 "pageNum": 1,
 "pageSize": 10,
 "params": {},
 "content": "<p></p>\n\r<p></p>\n\r<p></p>\n\r<p></p>",
 "remarks": "本词条内容暂未完善仅供参考，多频百科小编正在火速赶来",
 "remarksEn": "本词条内容暂未完善仅供参考，多频百科小编正在火速赶来",
 "status": 0,
 "clickNum": 0,
 "deleted": 0,
 "lang": 0,
 "chooseLang": false,
 "id": 360,
 "name": "6th Floor Orchestra",
 "descriptions": "\n\r",
 "originalName": "",
 "foundTimeText": "2018-10-31",
 "foundAddress": "New York, New York, United States",
 "founder": "",
 "parentBrand": "",
 "childBrand": "",
 "majorStyle": "psychedelic",
 "delegateArtist": "",
 "officialUrl": "",
 "referenceUrl": "https://musicbrainz.org/artist/1439c3e6-31df-4442-80da-dab350cdac5c",
 "manageStatusText": "",
 "style": "",
 "country": "",
 "typeId": 14,
 "typeName": "厂牌",
 "dataId": 360,
 "url": "http://dropinapp.hearinmusic.com/#/ency?typeId=14&dataId=360"
}