{
 "pageNum": 1,
 "pageSize": 10,
 "params": {},
 "content": "<p></p>\n\r<p></p>\n\r<p></p>\n\r<p></p>",
 "remarks": "本词条内容暂未完善仅供参考，多频百科小编正在火速赶来",
 "remarksEn": "本词条内容暂未完善仅供参考，多频百科小编正在火速赶来",
 "status": 0,
 "clickNum": 0,
 "deleted": 0,
 "lang": 0,
 "chooseLang": false,
 "id": 361,
 "name": "720 Degrees",
 "descriptions": "\nBlame's label.\nWas a subsidiary of Good Looking Records until the end of 2001 when they became independent.\n\n3rd Combination - First Magnitude (720 007) was never released due to a fallout between LTJ Bukem & KMC.\n\n\n",
 "picture": "https://duopin-community.oss-cn-shenzhen.aliyuncs.com/5x6j3bywelvslrb6ef61.jpg",
 "originalName": "",
 "foundTimeText": "1997",
 "foundAddress": "United Kingdom",
 "founder": "",
 "parentBrand": "Good Looking Records,  720 Degrees Music Ltd.",
 "childBrand": " 720 Studios, Blame Music ",
 "majorStyle": "drum and bass",
 "delegateArtist": "",
 "officialUrl": "http://www.720-degrees.com/",
 "referenceUrl": "https://musicbrainz.org/label/0a2241b0-7c04-481d-9e5e-e7d03bd36195",
 "manageStatusText": "",
 "style": "drum and bass",
 "country": "英国",
 "typeId": 14,
 "typeName": "厂牌",
 "dataId": 361,
 "url": "http://dropinapp.hearinmusic.com/#/ency?typeId=14&dataId=361"
}