{
 "pageNum": 1,
 "pageSize": 10,
 "params": {},
 "content": "<p></p>\n\r<p></p>\n\r<p></p>\n\r<p></p>",
 "remarks": "本词条内容暂未完善仅供参考，多频百科小编正在火速赶来",
 "remarksEn": "本词条内容暂未完善仅供参考，多频百科小编正在火速赶来",
 "status": 0,
 "clickNum": 0,
 "deleted": 0,
 "lang": 0,
 "chooseLang": false,
 "id": 362,
 "name": "75 Girls Records And Tapes",
 "descriptions": "Mid-80s hip-hop label, owned by Oakland entrepreneur Dean Hodges, that put out much of the early material by rapper Too Short.\n\n\n",
 "picture": "https://duopin-community.oss-cn-shenzhen.aliyuncs.com/igttyxj5d9jgtjzs5bof.jpg",
 "originalName": "",
 "foundTimeText": "",
 "foundAddress": "United States",
 "founder": "",
 "parentBrand": "",
 "childBrand": "75 Girls Publishing",
 "majorStyle": "hip hop",
 "delegateArtist": "",
 "officialUrl": "",
 "referenceUrl": "https://musicbrainz.org/label/36332cb3-ea16-4f16-a3f1-35d757a9c6ae",
 "manageStatusText": "",
 "style": "hip hop",
 "country": "美国",
 "typeId": 14,
 "typeName": "厂牌",
 "dataId": 362,
 "url": "http://dropinapp.hearinmusic.com/#/ency?typeId=14&dataId=362"
}