{
 "pageNum": 1,
 "pageSize": 10,
 "params": {},
 "content": "<p></p>\n\r<p></p>\n\r<p></p>\n\r<p></p>",
 "remarks": "本词条内容暂未完善仅供参考，多频百科小编正在火速赶来",
 "remarksEn": "本词条内容暂未完善仅供参考，多频百科小编正在火速赶来",
 "status": 0,
 "clickNum": 0,
 "deleted": 0,
 "lang": 0,
 "chooseLang": false,
 "id": 364,
 "name": "8bitpeoples",
 "descriptions": "8bitpeoples is an artist collective and netlabel centered in New York City that focuses on chiptune aesthetics, which is heavily influenced by vintage videogames. 8bitpeoples was founded in 1999 by Jeremiah \"Nullsleep\" Johnson and Mike \"Tangible\" Hanlon. It is run by Johnson and Joshua \"Bit Shifter\" Davis.\n\nMany artists who have appeared on 8bitpeoples have also appeared on compilations on other labels, most notably Astralwerks' 8 Bit Operators compilation, a collection of Kraftwerk songs done in the 8-bit style. 8bitpeoples is also involved in the organization of the Blip Festival, which features 8-bit musicians, often including those on the 8bitpeoples roster.\n\nThey provide the vast majority of their releases for free via their website, including printable covers and inserts so that anyone can manufacture a hard copy of their releases.\n\n",
 "picture": "https://duopin-community.oss-cn-shenzhen.aliyuncs.com/16mhbt1yd1yedv22428w.jpg",
 "originalName": "",
 "foundTimeText": "1992",
 "foundAddress": "United States",
 "founder": "",
 "parentBrand": "",
 "childBrand": "",
 "majorStyle": "chiptune",
 "delegateArtist": "",
 "officialUrl": "http://www.8bitpeoples.com/",
 "referenceUrl": "https://musicbrainz.org/label/d92f1600-6074-4068-b25b-35abf7edafa8",
 "manageStatusText": "",
 "style": "chiptune",
 "country": "美国",
 "typeId": 14,
 "typeName": "厂牌",
 "dataId": 364,
 "url": "http://dropinapp.hearinmusic.com/#/ency?typeId=14&dataId=364"
}