{
 "pageNum": 1,
 "pageSize": 10,
 "params": {},
 "content": "<p></p>\n\r<p></p>\n\r<p></p>\n\r<p></p>",
 "remarks": "本词条内容暂未完善仅供参考，多频百科小编正在火速赶来",
 "remarksEn": "本词条内容暂未完善仅供参考，多频百科小编正在火速赶来",
 "status": 0,
 "clickNum": 0,
 "deleted": 0,
 "lang": 0,
 "chooseLang": false,
 "id": 365,
 "name": "90Degrees Records",
 "descriptions": "90Degrees Records is a record label founded by rapper Yung Ricky and Music producer DeepTouchSA. The label is based in Johannesburg, South Africa and was created in 2017. \n\n",
 "picture": "https://duopin-community.oss-cn-shenzhen.aliyuncs.com/hknhbm3u7cqzer0u3jm6.jpg",
 "originalName": "",
 "foundTimeText": "",
 "foundAddress": "South Africa",
 "founder": "",
 "parentBrand": "Deep Elements Music Records",
 "childBrand": "",
 "majorStyle": "hip hop",
 "delegateArtist": "",
 "officialUrl": "",
 "referenceUrl": "https://musicbrainz.org/label/a423af5d-d0d3-43d1-81bf-da4036c98aa8/relationships",
 "manageStatusText": "",
 "style": "hip hop",
 "country": "南非",
 "typeId": 14,
 "typeName": "厂牌",
 "dataId": 365,
 "url": "http://dropinapp.hearinmusic.com/#/ency?typeId=14&dataId=365"
}