{
 "pageNum": 1,
 "pageSize": 10,
 "params": {},
 "content": "<p></p>\n\r<p></p>\n\r<p></p>\n\r<p></p>",
 "remarks": "本词条内容暂未完善仅供参考，多频百科小编正在火速赶来",
 "remarksEn": "本词条内容暂未完善仅供参考，多频百科小编正在火速赶来",
 "status": 0,
 "clickNum": 0,
 "deleted": 0,
 "lang": 0,
 "chooseLang": false,
 "id": 366,
 "name": "989 Records",
 "descriptions": "\n\r",
 "originalName": "",
 "foundTimeText": "2007-02-25",
 "foundAddress": "Italy",
 "founder": "Max Porcelli",
 "parentBrand": "",
 "childBrand": "",
 "majorStyle": "chillout, deep house, downtempo, house, tech house",
 "delegateArtist": "",
 "officialUrl": "http://www.989records.com/",
 "referenceUrl": "https://musicbrainz.org/label/6f419444-8e94-431b-bae6-95e0699a5455",
 "manageStatusText": "",
 "style": "chillout, deep house, downtempo, house, tech house",
 "country": "意大利",
 "typeId": 14,
 "typeName": "厂牌",
 "dataId": 366,
 "url": "http://dropinapp.hearinmusic.com/#/ency?typeId=14&dataId=366"
}