{
 "pageNum": 1,
 "pageSize": 10,
 "params": {},
 "content": "<p></p>\n\r<p></p>\n\r<p></p>\n\r<p></p>",
 "remarks": "本词条内容暂未完善仅供参考，多频百科小编正在火速赶来",
 "remarksEn": "本词条内容暂未完善仅供参考，多频百科小编正在火速赶来",
 "status": 0,
 "clickNum": 2,
 "deleted": 0,
 "lang": 0,
 "chooseLang": false,
 "id": 367,
 "name": "A Ben Gi Beat",
 "descriptions": "\n\r",
 "originalName": "",
 "foundTimeText": "2013-03",
 "foundAddress": " Atlanta, Georgia, United States",
 "founder": "Benjamin Wade Gibbs ",
 "parentBrand": "",
 "childBrand": "",
 "majorStyle": "dance, edm, electro, electronic, pop",
 "delegateArtist": "",
 "officialUrl": "http://www.bengimusic.net/",
 "referenceUrl": "https://musicbrainz.org/label/f0022459-0126-4651-98ca-16b006b06708",
 "manageStatusText": "",
 "style": "dance, edm, electro, electronic, pop",
 "country": "美国",
 "typeId": 14,
 "typeName": "厂牌",
 "dataId": 367,
 "url": "http://dropinapp.hearinmusic.com/#/ency?typeId=14&dataId=367"
}