{
 "pageNum": 1,
 "pageSize": 10,
 "params": {},
 "content": "<p>A Different Drum是一个独立的厂牌和网上商店，位于犹他州的史密斯菲尔德，成立于1996年。该厂牌专门从事synthpop和相关流派的音乐。A Different Drum已经发行了数百张专辑、单曲和合辑，是美国最大的synthpop厂牌。</p>\n<p>&nbsp;</p>\n<p>在90年代中期和21世纪初的grunge rock盛行时期，该厂牌被认为推动了synthpop的进步，特别是在早期支持美国synthpop团体（Cosmicity, The Echoing Green, B! Machine等）。该厂牌还支持80年代在Billboard chart上的老合成器乐队，如Alphaville（band），和Real Life（band），在这段时间为这两个乐队发行了唱片。</p>\n<p>&nbsp;</p>\n<p>在2000年代早期到中期，A Different Drum签下了新的乐队，如Iris和Provision。</p>\n<p>&nbsp;</p>\n<p>该厂牌每年都会举办一个Synthpop Music Festival，从2004年到2006年，连续三年在犹他州盐湖城的红狮酒店举行。 与A Different Drum签约的乐队参加音乐节的演出，他们与未签约的新合成流行乐队一起在劳动节周末的三天时间里进行音乐展示。这些音乐节分别被称为ADD2K4、ADD2K5和ADD2K6。第一年的音乐节进行了现场录制，并作为2 C.D.限量版发行，名为SLC 2K4 Official Bootleg。</p>\n<p>&nbsp;</p>\n<p>该厂牌艺术家的一些歌曲被收录在Konami的 Dance Dance Revolution系列的不同版本中，包括Dance Dance Revolution X。</p>\n<p>&nbsp;</p>\n<p>该厂牌在2014年正式停止运营。</p>\n<p>&nbsp;</p>\n<p>A Different Drum出版了350多张专辑、单曲和各种艺术家合辑。</p>\n<p>&nbsp;</p>\n<div>\n<div class=\"document\">\n<p class=\"paragraph text-align-type-left pap-line-1.8 pap-line-rule-auto pap-spacing-before-2pt pap-spacing-after-2pt\"><strong>著名艺人</strong></p>\n<p class=\"paragraph text-align-type-left pap-line-1.8 pap-line-rule-auto pap-spacing-before-2pt pap-spacing-after-2pt\">Alien#Six13</p>\n<p class=\"paragraph text-align-type-left pap-line-1.8 pap-line-rule-auto pap-spacing-before-2pt pap-spacing-after-2pt\">Alphaville</p>\n<p class=\"paragraph text-align-type-left pap-line-1.8 pap-line-rule-auto pap-spacing-before-2pt pap-spacing-after-2pt\">B!&nbsp;Machine</p>\n<p class=\"paragraph text-align-type-left pap-line-1.8 pap-line-rule-auto pap-spacing-before-2pt pap-spacing-after-2pt\">Blu&nbsp;Mar&nbsp;Ten</p>\n<p class=\"paragraph text-align-type-left pap-line-1.8 pap-line-rule-auto pap-spacing-before-2pt pap-spacing-after-2pt\">Blue&nbsp;October</p>\n<p class=\"paragraph text-align-type-left pap-line-1.8 pap-line-rule-auto pap-spacing-before-2pt pap-spacing-after-2pt\">Blume</p>\n<p class=\"paragraph text-align-type-left pap-line-1.8 pap-line-rule-auto pap-spacing-before-2pt pap-spacing-after-2pt\">Code&nbsp;64</p>\n<p class=\"paragraph text-align-type-left pap-line-1.8 pap-line-rule-auto pap-spacing-before-2pt pap-spacing-after-2pt\">Cosmicity</p>\n<p class=\"paragraph text-align-type-left pap-line-1.8 pap-line-rule-auto pap-spacing-before-2pt pap-spacing-after-2pt\">De/Vision</p>\n<p class=\"paragraph text-align-type-left pap-line-1.8 pap-line-rule-auto pap-spacing-before-2pt pap-spacing-after-2pt\">Daybehavior</p>\n<p class=\"paragraph text-align-type-left pap-line-1.8 pap-line-rule-auto pap-spacing-before-2pt pap-spacing-after-2pt\">Droom</p>\n<p class=\"paragraph text-align-type-left pap-line-1.8 pap-line-rule-auto pap-spacing-before-2pt pap-spacing-after-2pt\">Echo&nbsp;Image</p>\n<p class=\"paragraph text-align-type-left pap-line-1.8 pap-line-rule-auto pap-spacing-before-2pt pap-spacing-after-2pt\">The&nbsp;Echoing&nbsp;Green</p>\n<p class=\"paragraph text-align-type-left pap-line-1.8 pap-line-rule-auto pap-spacing-before-2pt pap-spacing-after-2pt\">Endless&nbsp;Shame</p>\n<p class=\"paragraph text-align-type-left pap-line-1.8 pap-line-rule-auto pap-spacing-before-2pt pap-spacing-after-2pt\">Faith&nbsp;Assembly</p>\n<p class=\"paragraph text-align-type-left pap-line-1.8 pap-line-rule-auto pap-spacing-before-2pt pap-spacing-after-2pt\">Fischerspooner</p>\n<p class=\"paragraph text-align-type-left pap-line-1.8 pap-line-rule-auto pap-spacing-before-2pt pap-spacing-after-2pt\">Freezepop</p>\n<p class=\"paragraph text-align-type-left pap-line-1.8 pap-line-rule-auto pap-spacing-before-2pt pap-spacing-after-2pt\">Iris</p>\n<p class=\"paragraph text-align-type-left pap-line-1.8 pap-line-rule-auto pap-spacing-before-2pt pap-spacing-after-2pt\">Jondi&nbsp;&amp;&nbsp;Spesh</p>\n<p class=\"paragraph text-align-type-left pap-line-1.8 pap-line-rule-auto pap-spacing-before-2pt pap-spacing-after-2pt\">Junk&nbsp;Circuit</p>\n<p class=\"paragraph text-align-type-left pap-line-1.8 pap-line-rule-auto pap-spacing-before-2pt pap-spacing-after-2pt\">Leiahdorus</p>\n<p class=\"paragraph text-align-type-left pap-line-1.8 pap-line-rule-auto pap-spacing-before-2pt pap-spacing-after-2pt\">Midnight&nbsp;Resistance</p>\n<p class=\"paragraph text-align-type-left pap-line-1.8 pap-line-rule-auto pap-spacing-before-2pt pap-spacing-after-2pt\">Monolithic</p>\n<p class=\"paragraph text-align-type-left pap-line-1.8 pap-line-rule-auto pap-spacing-before-2pt pap-spacing-after-2pt\">Moulin&nbsp;Noir</p>\n<p class=\"paragraph text-align-type-left pap-line-1.8 pap-line-rule-auto pap-spacing-before-2pt pap-spacing-after-2pt\">Neuroactive</p>\n<p class=\"paragraph text-align-type-left pap-line-1.8 pap-line-rule-auto pap-spacing-before-2pt pap-spacing-after-2pt\">Neuropa</p>\n<p class=\"paragraph text-align-type-left pap-line-1.8 pap-line-rule-auto pap-spacing-before-2pt pap-spacing-after-2pt\">Provision</p>\n<p class=\"paragraph text-align-type-left pap-line-1.8 pap-line-rule-auto pap-spacing-before-2pt pap-spacing-after-2pt\">Raindancer</p>\n<p class=\"paragraph text-align-type-left pap-line-1.8 pap-line-rule-auto pap-spacing-before-2pt pap-spacing-after-2pt\">Real&nbsp;Life</p>\n<p class=\"paragraph text-align-type-left pap-line-1.8 pap-line-rule-auto pap-spacing-before-2pt pap-spacing-after-2pt\">Syrian</p>\n<p class=\"paragraph text-align-type-left pap-line-1.8 pap-line-rule-auto pap-spacing-before-2pt pap-spacing-after-2pt\">T.O.Y.</p>\n</div>\n</div>",
 "contentEn": "<div>\n<div class=\"document\">\n<p class=\"paragraph text-align-type-left pap-line-1.8 pap-line-rule-auto pap-spacing-before-2pt pap-spacing-after-2pt\">A Different Drum was an independent record label and online store based in Smithfield, Utah, founded in 1996. The label specialized in synthpop and related genres. A Different Drum has released hundreds of albums, singles, and compilations and was the biggest synthpop label in the U.S.</p>\n<p class=\"paragraph text-align-type-left pap-line-1.8 pap-line-rule-auto pap-spacing-before-2pt pap-spacing-after-2pt\">&nbsp;</p>\n<p class=\"paragraph text-align-type-left pap-line-1.8 pap-line-rule-auto pap-spacing-before-2pt pap-spacing-after-2pt\">The label is credited with helping to keep the synthpop genre progressing during the grunge rock mid-1990s and into the early 2000s, particularly supporting American Synthpop Groups (Cosmicity, The Echoing Green, B! Machine and others) in their early years. The label also supported older synthpop bands which previously had Billboard chart hits during the 1980s, such as Alphaville (band), and Real Life (band), putting out releases for both bands during this time.</p>\n<p class=\"paragraph text-align-type-left pap-line-1.8 pap-line-rule-auto pap-spacing-before-2pt pap-spacing-after-2pt\">&nbsp;</p>\n<p class=\"paragraph text-align-type-left pap-line-1.8 pap-line-rule-auto pap-spacing-before-2pt pap-spacing-after-2pt\">In the early to mid 2000s, A Different Drum signed new acts such as Iris and Provision.</p>\n<p class=\"paragraph text-align-type-left pap-line-1.8 pap-line-rule-auto pap-spacing-before-2pt pap-spacing-after-2pt\">&nbsp;</p>\n<p class=\"paragraph text-align-type-left pap-line-1.8 pap-line-rule-auto pap-spacing-before-2pt pap-spacing-after-2pt\">The label held a yearly Synthpop Music Festival which ran for 3 years, from 2004 to 2006; in Salt Lake City, Utah at the Red Lion Hotel. The festival featured label acts that were signed to A Different Drum, performing alongside new unsigned Synthpop bands in a musical showcase spanning three days over Labor Day weekend. The festivals were called ADD2K4, ADD2K5, and ADD2K6; respectively. The first year of the festival was recorded live and released as a 2 C.D. Limited Edition titled SLC 2K4 Official Bootleg.</p>\n<p class=\"paragraph text-align-type-left pap-line-1.8 pap-line-rule-auto pap-spacing-before-2pt pap-spacing-after-2pt\">&nbsp;</p>\n<p class=\"paragraph text-align-type-left pap-line-1.8 pap-line-rule-auto pap-spacing-before-2pt pap-spacing-after-2pt\">A selection of songs from the label's artists have been featured on various versions of Konami's Dance Dance Revolution series, including the arcade version of Dance Dance Revolution X.</p>\n<p class=\"paragraph text-align-type-left pap-line-1.8 pap-line-rule-auto pap-spacing-before-2pt pap-spacing-after-2pt\">&nbsp;</p>\n<p class=\"paragraph text-align-type-left pap-line-1.8 pap-line-rule-auto pap-spacing-before-2pt pap-spacing-after-2pt\">The label formally ceased operations in 2014.</p>\n<p class=\"paragraph text-align-type-left pap-line-1.8 pap-line-rule-auto pap-spacing-before-2pt pap-spacing-after-2pt\">&nbsp;</p>\n<p class=\"paragraph text-align-type-left pap-line-1.8 pap-line-rule-auto pap-spacing-before-2pt pap-spacing-after-2pt\">A Different Drum published more than 350 albums, singles, and various artist compilations.</p>\n</div>\n</div>",
 "remarks": "本词条汉字内容由 @多频百科团队 翻译+编辑\n原文译自 https://en.wikipedia.org/wiki/A_Different_Drum",
 "remarksEn": "本词条内容来自 https://en.wikipedia.org/wiki/A_Different_Drum",
 "status": 1,
 "clickNum": 16,
 "deleted": 0,
 "lang": 0,
 "chooseLang": true,
 "id": 4,
 "name": "A Different Drum",
 "descriptions": "A Different Drum是一个独立的厂牌和网上商店，位于犹他州的史密斯菲尔德，成立于1996年。该厂牌专门从事synthpop和相关流派的音乐。A Different Drum已经发行了数百张专辑、单曲和合辑，是美国最大的synthpop厂牌。",
 "picture": "https://duopin-community.oss-cn-shenzhen.aliyuncs.com/mk780p2yyr8m2qxyxih3.png",
 "originalName": "",
 "foundTimeText": "1996",
 "foundAddress": "Smithfield, Utah",
 "founder": "Todd Durrant",
 "parentBrand": "",
 "childBrand": "",
 "majorStyle": "Synthpop",
 "delegateArtist": "Alien#Six13\r\nAlphaville\r\nB! Machine\r\nBlu Mar Ten\r\nBlue October\r\nBlume\r\nCode 64\r\nCosmicity\r\nDe/Vision\r\nDaybehavior\r\nDroom\r\nEcho Image\r\nThe Echoing Green\r\nEndless Shame\r\nFaith Assembly\r\nFischerspooner\r\nFreezepop\r\nIris\r\nJondi & Spesh\r\nJunk Circuit\r\nLeiahdorus\r\nMidnight Resistance\r\nMonolithic\r\nMoulin Noir\r\nNeuroactive\r\nNeuropa\r\nProvision\r\nRaindancer\r\nReal Life\r\nSyrian\r\nT.O.Y.",
 "officialUrl": "",
 "referenceUrl": "https://en.wikipedia.org/wiki/A_Different_Drum",
 "manageStatusText": "不再运营",
 "style": "Synthpop",
 "country": "美国",
 "typeId": 14,
 "typeName": "厂牌",
 "dataId": 4,
 "url": "http://dropinapp.hearinmusic.com/#/ency?typeId=14&dataId=4"
}