{
 "pageNum": 1,
 "pageSize": 10,
 "params": {},
 "content": "<p>&nbsp;</p>\n<p>&nbsp;</p>\n<p>&nbsp;</p>\n<p>&nbsp;</p>",
 "remarks": "本词条内容暂未完善仅供参考，多频百科小编正在火速赶来",
 "remarksEn": "本词条内容暂未完善仅供参考，多频百科小编正在火速赶来",
 "status": 0,
 "clickNum": 20,
 "deleted": 0,
 "lang": 0,
 "chooseLang": false,
 "id": 370,
 "name": "A Muse Audio",
 "descriptions": "\n",
 "originalName": "",
 "foundTimeText": "2017-01-01",
 "foundAddress": "",
 "founder": "",
 "parentBrand": "",
 "childBrand": "",
 "majorStyle": "hip hop, house, r&b",
 "delegateArtist": "",
 "officialUrl": "http://www.amuseaudio.com/",
 "referenceUrl": "https://musicbrainz.org/label/70014a68-5c7e-47fc-a9fe-ec6156b907d2",
 "manageStatusText": "",
 "style": "hip hop, house, r&b",
 "country": "",
 "typeId": 14,
 "typeName": "厂牌",
 "dataId": 370,
 "url": "http://dropinapp.hearinmusic.com/#/ency?typeId=14&dataId=370"
}