{
 "pageNum": 1,
 "pageSize": 10,
 "params": {},
 "content": "<p></p>\n\r<p></p>\n\r<p></p>\n\r<p></p>",
 "remarks": "本词条内容暂未完善仅供参考，多频百科小编正在火速赶来",
 "remarksEn": "本词条内容暂未完善仅供参考，多频百科小编正在火速赶来",
 "status": 0,
 "clickNum": 0,
 "deleted": 0,
 "lang": 0,
 "chooseLang": false,
 "id": 368,
 "name": "A Priscilla Thing",
 "descriptions": "\n\r",
 "picture": "https://duopin-community.oss-cn-shenzhen.aliyuncs.com/zvukzrcmhkuu98i4wgg2.jpg",
 "originalName": "",
 "foundTimeText": "",
 "foundAddress": "United Kingdom",
 "founder": "Priscilla Angelique ",
 "parentBrand": "",
 "childBrand": "",
 "majorStyle": "garage, gospel, hip hop, house",
 "delegateArtist": "",
 "officialUrl": "http://apriscillathing.co.uk/",
 "referenceUrl": "https://musicbrainz.org/label/f03b723f-7edb-41d3-a108-bceb6ca9cb4c",
 "manageStatusText": "",
 "style": "garage, gospel, hip hop, house",
 "country": "英国",
 "typeId": 14,
 "typeName": "厂牌",
 "dataId": 368,
 "url": "http://dropinapp.hearinmusic.com/#/ency?typeId=14&dataId=368"
}