{
 "pageNum": 1,
 "pageSize": 10,
 "params": {},
 "content": "<p>Ambient and electronica record label. A Strangely Isolated Place began as a music blog and mix series in 2008, with a digital release series starting in 2012 and the first vinyl release in 2013. In 2019 the label launched 9128.live - a curated 24/7 radio stream featuring music from the label's artists alongside many others. Founded by Ryan Griffin</p>\n<p>以下摘自厂牌官网英文介绍：</p>\n<p>A Strangely Isolated Place is a music blog, community and record label.</p>\n<p>Established in 2008, the name wasn&rsquo;t picked on the brilliance of Ulrich Schnauss&rsquo; album alone, but also because of the belief that everyone is inspired by their own strangely isolated place.</p>\n<p>Since the very beginning, the A Strangely Isolated Place blog has been at the foundation, with a focus on unearthing some of the very best ambient and electronica; through reviews, features and guest mixes.</p>\n<p>These origins helped foster a welcoming community of like-minded music lovers, from which we have been lucky enough to collaborate with and set our own agenda through the creation of the label.</p>\n<p>The A Strangely Isolated Place label started in 2012 with a series of digital releases and now focuses mainly on vinyl, with special attention paid to the aesthetics and design of the overall release. The music style released has been described as ambient adjacent, as we explore the many elements, origins, evolutions and associations of the genre.</p>\n<p>In August 2019, we launched a new venture: 24-7 online curated streaming, called 9128.live.</p>\n<p>Lastly, for anyone needing an introduction to ambient music or looking to explore more, you may be interested in one of our most popular features; Neither Scene Nor Heard: A Journey Through Ambient Music.</p>\n<p>Thank you to everyone who has supported us over the years.</p>",
 "remarks": "本词条内容暂未完善仅供参考，多频百科小编正在火速赶来",
 "remarksEn": "本词条内容暂未完善仅供参考，多频百科小编正在火速赶来",
 "status": 0,
 "clickNum": 1,
 "deleted": 0,
 "lang": 0,
 "chooseLang": false,
 "id": 1883,
 "name": "A Strangely Isolated Place",
 "descriptions": "",
 "picture": "https://duopin-community.oss-cn-shenzhen.aliyuncs.com/glo37bmy3gg5quhflbhj.jpg",
 "foundTimeText": "2008",
 "foundAddress": "美国波特兰",
 "founder": "Ryan Griffin",
 "majorStyle": "Ambient, Electronica",
 "delegateArtist": "AROVANE\nBlinkar från Norr\nComit",
 "officialUrl": "http://www.astrangelyisolatedplace.com/",
 "referenceUrl": "https://www.discogs.com/label/307352",
 "manageStatusText": "运营中",
 "style": "Ambient, Electronica",
 "country": "美国",
 "typeId": 14,
 "typeName": "厂牌",
 "dataId": 1883,
 "url": "http://dropinapp.hearinmusic.com/#/ency?typeId=14&dataId=1883"
}