{
 "pageNum": 1,
 "pageSize": 10,
 "params": {},
 "content": "<p>Dutch Trance label, one of the very first imprints of Armada Music.<br />Based on DJ &amp; producer&nbsp;Armin van Buuren's eponymous radio show.</p>",
 "remarks": "本词条内容暂未完善仅供参考，多频百科小编正在火速赶来",
 "remarksEn": "本词条内容暂未完善仅供参考，多频百科小编正在火速赶来",
 "status": 0,
 "clickNum": 7,
 "deleted": 0,
 "lang": 0,
 "chooseLang": false,
 "id": 1839,
 "name": "A State of Trance",
 "picture": "https://duopin-community.oss-cn-shenzhen.aliyuncs.com/jh2l5uxmmkx89hn8croo.jpg",
 "foundTimeText": "2003",
 "foundAddress": "Netherlands",
 "founder": "Armin van Buuren",
 "parentBrand": "Armada Music B.V. ",
 "officialUrl": "http://www.armadamusic.com/label/a-state-of-trance/ ",
 "style": "",
 "country": "荷兰",
 "typeId": 14,
 "typeName": "厂牌",
 "dataId": 1839,
 "url": "http://dropinapp.hearinmusic.com/#/ency?typeId=14&dataId=1839"
}