{
 "pageNum": 1,
 "pageSize": 10,
 "params": {},
 "content": "<p></p>\n\r<p></p>\n\r<p></p>\n\r<p></p>",
 "remarks": "本词条内容暂未完善仅供参考，多频百科小编正在火速赶来",
 "remarksEn": "本词条内容暂未完善仅供参考，多频百科小编正在火速赶来",
 "status": 0,
 "clickNum": 0,
 "deleted": 0,
 "lang": 0,
 "chooseLang": false,
 "id": 369,
 "name": "A Thousand Arms",
 "descriptions": "\n\r",
 "originalName": "",
 "foundTimeText": "2006-03",
 "foundAddress": "Bozeman, Montana, United States",
 "founder": "",
 "parentBrand": "",
 "childBrand": "",
 "majorStyle": "",
 "delegateArtist": "",
 "officialUrl": "http://www.athousandarms.com/",
 "referenceUrl": "https://musicbrainz.org/label/57140aea-f803-498b-9c13-07f3c7a2e464",
 "manageStatusText": "",
 "style": "",
 "country": "美国",
 "typeId": 14,
 "typeName": "厂牌",
 "dataId": 369,
 "url": "http://dropinapp.hearinmusic.com/#/ency?typeId=14&dataId=369"
}