{
 "pageNum": 1,
 "pageSize": 10,
 "params": {},
 "content": "<div>\n<div class=\"document\">\n<p class=\"paragraph text-align-type-left pap-line-1.8 pap-line-rule-auto pap-spacing-before-2pt pap-spacing-after-2pt\">A-MUSIK是主营实验音乐的唱片公司，同时也是唱片经销商和音乐商店。A-Musik成立于1995年，总部位于科隆。</p>\n<p class=\"paragraph text-align-type-left pap-line-1.8 pap-line-rule-auto pap-spacing-before-2pt pap-spacing-after-1.6pt\">&nbsp;</p>\n<p class=\"paragraph text-align-type-left pap-line-1.8 pap-line-rule-auto pap-spacing-before-2pt pap-spacing-after-1.6pt\"><strong>艺人</strong></p>\n<p class=\"paragraph text-align-type-left pap-line-1.8 pap-line-rule-auto pap-spacing-before-2pt pap-spacing-after-2pt\">DAT Politics</p>\n<p class=\"paragraph text-align-type-left pap-line-1.8 pap-line-rule-auto pap-spacing-before-2pt pap-spacing-after-2pt\">Felix Kubin</p>\n<p class=\"paragraph text-align-type-left pap-line-1.8 pap-line-rule-auto pap-spacing-before-2pt pap-spacing-after-2pt\">Microstoria</p>\n<p class=\"paragraph text-align-type-left pap-line-1.8 pap-line-rule-auto pap-spacing-before-2pt pap-spacing-after-2pt\">Wolfgang M&uuml;ller</p>\n<p class=\"paragraph text-align-type-left pap-line-1.8 pap-line-rule-auto pap-spacing-before-2pt pap-spacing-after-2pt\">Marcus Schmickler</p>\n<p class=\"paragraph text-align-type-left pap-line-1.8 pap-line-rule-auto pap-spacing-before-2pt pap-spacing-after-2pt\">Lukas Simonis (Coolhaven)</p>\n<p class=\"paragraph text-align-type-left pap-line-1.8 pap-line-rule-auto pap-spacing-before-2pt pap-spacing-after-1.6pt\">Wabi-Sabi</p>\n</div>\n</div>",
 "contentEn": "<div class=\"document\">\n<div class=\"document\">\n<div class=\"document\">\n<div>\n<div class=\"document\">\n<p class=\"paragraph text-align-type-left pap-line-1.8 pap-line-rule-auto pap-spacing-before-2pt pap-spacing-after-2pt\">A-Musik is a record label for experimental music, a record distributor and a music store. A-Musik is based in Cologne and was founded in 1995.</p>\n<p class=\"paragraph text-align-type-left pap-line-1.8 pap-line-rule-auto pap-spacing-before-2pt pap-spacing-after-2pt\">&nbsp;</p>\n<p class=\"paragraph text-align-type-left pap-line-1.8 pap-line-rule-auto pap-spacing-before-2pt pap-spacing-after-1.6pt\"><strong>Artists</strong></p>\n<p class=\"paragraph text-align-type-left pap-line-1.8 pap-line-rule-auto pap-spacing-before-2pt pap-spacing-after-2pt\">DAT Politics</p>\n<p class=\"paragraph text-align-type-left pap-line-1.8 pap-line-rule-auto pap-spacing-before-2pt pap-spacing-after-2pt\">Felix Kubin</p>\n<p class=\"paragraph text-align-type-left pap-line-1.8 pap-line-rule-auto pap-spacing-before-2pt pap-spacing-after-2pt\">Microstoria</p>\n<p class=\"paragraph text-align-type-left pap-line-1.8 pap-line-rule-auto pap-spacing-before-2pt pap-spacing-after-2pt\">Wolfgang M&uuml;ller</p>\n<p class=\"paragraph text-align-type-left pap-line-1.8 pap-line-rule-auto pap-spacing-before-2pt pap-spacing-after-2pt\">Marcus Schmickler</p>\n<p class=\"paragraph text-align-type-left pap-line-1.8 pap-line-rule-auto pap-spacing-before-2pt pap-spacing-after-2pt\">Lukas Simonis (Coolhaven)</p>\n<p class=\"paragraph text-align-type-left pap-line-1.8 pap-line-rule-auto pap-spacing-before-2pt pap-spacing-after-1.6pt\">Wabi-Sabi</p>\n</div>\n</div>\n</div>\n</div>\n</div>",
 "remarks": "本词条汉字内容由 @多频百科团队 翻译+编辑\n原文译自 https://en.wikipedia.org/wiki/A-Musik",
 "remarksEn": "本词条内容来自 https://en.wikipedia.org/wiki/A-Musik",
 "status": 1,
 "clickNum": 10,
 "deleted": 0,
 "lang": 0,
 "chooseLang": true,
 "id": 12,
 "name": "A-Musik",
 "descriptions": "A-MUSIK是主营实验音乐的唱片公司，同时也是唱片经销商和音乐商店。A-Musik成立于1995年，总部位于科隆。\n\n",
 "picture": "https://duopin-community.oss-cn-shenzhen.aliyuncs.com/s8hpl7qubf8x390ucrzj.png",
 "originalName": "",
 "foundTimeText": "1995",
 "foundAddress": "Cologne",
 "founder": "",
 "parentBrand": "",
 "childBrand": "",
 "majorStyle": "experimental music",
 "delegateArtist": "DAT Politics\r\nFelix Kubin\r\nMicrostoria\r\nWolfgang Müller\r\nMarcus Schmickler\r\nLukas Simonis (Coolhaven)\r\nWabi-Sabi",
 "officialUrl": "https://www.a-musik.com/",
 "referenceUrl": "https://en.wikipedia.org/wiki/A-Musik",
 "manageStatusText": "",
 "style": "Experimental music",
 "country": "德国",
 "typeId": 14,
 "typeName": "厂牌",
 "dataId": 12,
 "url": "http://dropinapp.hearinmusic.com/#/ency?typeId=14&dataId=12"
}