{
 "pageNum": 1,
 "pageSize": 10,
 "params": {},
 "content": "<p></p>\n\r<p></p>\n\r<p></p>\n\r<p></p>",
 "remarks": "本词条内容暂未完善仅供参考，多频百科小编正在火速赶来",
 "remarksEn": "本词条内容暂未完善仅供参考，多频百科小编正在火速赶来",
 "status": 0,
 "clickNum": 0,
 "deleted": 0,
 "lang": 0,
 "chooseLang": false,
 "id": 371,
 "name": "Abandonment",
 "descriptions": "Small record label, distro & booking specializing in industrial / noise / ambient sounds since 2008 based in Bulgaria \n\n",
 "picture": "https://duopin-community.oss-cn-shenzhen.aliyuncs.com/z1fjjwscrcao9om88cnj.jpg",
 "originalName": "",
 "foundTimeText": "",
 "foundAddress": "Bulgaria",
 "founder": "",
 "parentBrand": "",
 "childBrand": "",
 "majorStyle": "harsh noise, industrial, power electronics",
 "delegateArtist": "",
 "officialUrl": "http://abandonmentlabel.blogspot.com/",
 "referenceUrl": "https://musicbrainz.org/label/530a7674-6f08-42f7-acb9-38312270080b",
 "manageStatusText": "",
 "style": "harsh noise, industrial, power electronics",
 "country": "保加利亚",
 "typeId": 14,
 "typeName": "厂牌",
 "dataId": 371,
 "url": "http://dropinapp.hearinmusic.com/#/ency?typeId=14&dataId=371"
}