{
 "pageNum": 1,
 "pageSize": 10,
 "params": {},
 "content": "<p></p>\n\r<p></p>\n\r<p></p>\n\r<p></p>",
 "remarks": "本词条内容暂未完善仅供参考，多频百科小编正在火速赶来",
 "remarksEn": "本词条内容暂未完善仅供参考，多频百科小编正在火速赶来",
 "status": 0,
 "clickNum": 0,
 "deleted": 0,
 "lang": 0,
 "chooseLang": false,
 "id": 372,
 "name": "Abridged Pause Recordings",
 "descriptions": "Abridged Pause Recordings is an independent record label founded by Alexandre Julien in February of 2008, after an initial plan to end his first record label Mortification Records. Originally started as a post-black metal, post-metal and post-rock record label, Abridged Pause Recordings has since shifted its focus to solely releasing music from Alexandre Julien's bands. Abridged Pause Recordings is one of the many imprints under the umbrella company Abridged Pause Enterprises (which also includes Abridged Pause Publishing, Mortified Studios, Abridged Pause Apparel and Abridged Pause Blog). Abridged Pause Blog, hosted on the Abridged Pause Recordings website, has achieved fame on its own for publishing lengthy archival retrospective biographies and interviews of defunct bands and record labels, all written by Alexandre Julien.\n\nAbridged Pause Recordings has released post-metal, post-black metal, atmospheric black metal, psychedelic black metal, sludge metal, sludge-core, atmospheric sludge metal, screamo, avant-garde metal, math metal, math rock, post-rock, experimental post-rock, ambient, dark ambient, black ambient, shoegaze, melogaze and artbient.\n\n\n",
 "picture": "https://duopin-community.oss-cn-shenzhen.aliyuncs.com/y3arzatwc8ow6lgs53uc.jpg",
 "originalName": "",
 "foundTimeText": "2008-02",
 "foundAddress": "    Montreal (city), Quebec, Canada",
 "founder": "",
 "parentBrand": "",
 "childBrand": "Abridged Pause Publishing, Mortified Studios ",
 "majorStyle": "ambient, dark ambient, dream pop, ethereal, instrumental",
 "delegateArtist": "",
 "officialUrl": "",
 "referenceUrl": "https://musicbrainz.org/label/6db8b694-6846-4351-8c76-3ea2a3c4633f",
 "manageStatusText": "",
 "style": "ambient, dark ambient, dream pop, ethereal, instrumental",
 "country": "加拿大",
 "typeId": 14,
 "typeName": "厂牌",
 "dataId": 372,
 "url": "http://dropinapp.hearinmusic.com/#/ency?typeId=14&dataId=372"
}