{
 "pageNum": 1,
 "pageSize": 10,
 "params": {},
 "content": "<p></p>\n\r<p></p>\n\r<p></p>\n\r<p></p>",
 "remarks": "本词条内容暂未完善仅供参考，多频百科小编正在火速赶来",
 "remarksEn": "本词条内容暂未完善仅供参考，多频百科小编正在火速赶来",
 "status": 0,
 "clickNum": 0,
 "deleted": 0,
 "lang": 0,
 "chooseLang": false,
 "id": 373,
 "name": "Absolut Shit",
 "descriptions": "Electronic music record label based in Austin, Texas.\nFocused on collecting unique sounds from artists around the world, coming December 2015. \n\n",
 "picture": "https://duopin-community.oss-cn-shenzhen.aliyuncs.com/0y3hd8by3hia2qgxs6bl.jpg",
 "originalName": "",
 "foundTimeText": "2015.12",
 "foundAddress": "    Austin, Texas, United States",
 "founder": "",
 "parentBrand": "",
 "childBrand": "",
 "majorStyle": "experimental, psychedelic, psytrance, trance",
 "delegateArtist": "",
 "officialUrl": "http://www.absolutshitrecords.com/",
 "referenceUrl": "https://musicbrainz.org/label/4e8815ac-c52e-4882-9899-3d91b8aa209c",
 "manageStatusText": "",
 "style": "experimental, psychedelic, psytrance, trance",
 "country": "美国",
 "typeId": 14,
 "typeName": "厂牌",
 "dataId": 373,
 "url": "http://dropinapp.hearinmusic.com/#/ency?typeId=14&dataId=373"
}