{
 "pageNum": 1,
 "pageSize": 10,
 "params": {},
 "content": "<p></p>\n\r<p></p>\n\r<p></p>\n\r<p></p>",
 "remarks": "本词条内容暂未完善仅供参考，多频百科小编正在火速赶来",
 "remarksEn": "本词条内容暂未完善仅供参考，多频百科小编正在火速赶来",
 "status": 0,
 "clickNum": 0,
 "deleted": 0,
 "lang": 0,
 "chooseLang": false,
 "id": 374,
 "name": "Abuzive Muzik Productions",
 "descriptions": "Founded in 2006 by Rafael Perez\nbecame Coyote Records (14) in 2015 . \n\n",
 "picture": "https://duopin-community.oss-cn-shenzhen.aliyuncs.com/sdzq8ssbb8nb1waw1kno.jpg",
 "originalName": "",
 "foundTimeText": "2005-10-24",
 "foundAddress": "Quebec City, Quebec, Canada",
 "founder": "Rafael Perez ",
 "parentBrand": "Coyote Records (14)",
 "childBrand": "",
 "majorStyle": "",
 "delegateArtist": "",
 "officialUrl": "http://www.abuzivemuzik.com/",
 "referenceUrl": "https://musicbrainz.org/label/663f4660-a62e-4f58-be99-af59e9e3a3a8",
 "manageStatusText": "",
 "style": "",
 "country": "加拿大",
 "typeId": 14,
 "typeName": "厂牌",
 "dataId": 374,
 "url": "http://dropinapp.hearinmusic.com/#/ency?typeId=14&dataId=374"
}