{
 "pageNum": 1,
 "pageSize": 10,
 "params": {},
 "relationEncy": "[{\"id\":36736,\"typeId\":12,\"dataId\":33134,\"name\":\"Kelli Hand\",\"url\":\"http://dropinapp.hearinmusic.com/#/ency?typeId=12&dataId=33134\"},{\"id\":36467,\"typeId\":13,\"dataId\":140,\"name\":\"Detroit Techno\",\"url\":\"http://dropinapp.hearinmusic.com/#/ency?typeId=13&dataId=140\"}]",
 "content": "<p>Acacia Records是由Kelli Hand创办的底特律电子音乐厂牌，主营风格Detroit Techno和House。前身是1990年Hand创办的厂牌UK House Records，其于1991年更名为Acacia Records，源自Hand曾居住过的一条底特律当地街道的名称。</p>",
 "contentEn": "<p>Label based in Detroit, MI (U.S.A.). Started by Kelli Hand in 1990 under the name UK House Records, which was later changed in 1990 to Acacia Records, after a street name in Detroit.</p>",
 "remarks": "本词条内容由 @多频百科团队 编辑",
 "remarksEn": "本词条内容来自 https://www.discogs.com/label/2458-Acacia-Records",
 "status": 1,
 "clickNum": 0,
 "deleted": 0,
 "lang": 0,
 "chooseLang": true,
 "id": 1934,
 "name": "Acacia Records",
 "descriptions": "Acacia Records是由Kelli Hand创办的底特律电子音乐厂牌，主营风格Detroit Techno和House。",
 "picture": "https://duopin-community.oss-cn-shenzhen.aliyuncs.com/image/2021/8/gexoxkq1skwse2wou5oj.jpg",
 "foundTimeText": "1990（前身UK House Recrods）",
 "foundAddress": "底特律",
 "founder": "Kelli Hand",
 "majorStyle": "Techno, Detroit Techno, House",
 "referenceUrl": "https://www.discogs.com/label/2458-Acacia-Records",
 "style": "Techno, House",
 "country": "美国",
 "typeId": 14,
 "typeName": "厂牌",
 "dataId": 1934,
 "url": "http://dropinapp.hearinmusic.com/#/ency?typeId=14&dataId=1934"
}