{
 "pageNum": 1,
 "pageSize": 10,
 "params": {},
 "content": "<p></p>\n\r<p></p>\n\r<p></p>\n\r<p></p>",
 "remarks": "本词条内容暂未完善仅供参考，多频百科小编正在火速赶来",
 "remarksEn": "本词条内容暂未完善仅供参考，多频百科小编正在火速赶来",
 "status": 0,
 "clickNum": 0,
 "deleted": 0,
 "lang": 0,
 "chooseLang": false,
 "id": 376,
 "name": "Accessory Takes",
 "descriptions": "\"Accessory Takes\" is a music publishing net-label affiliated with RAIG. We aim to provide authorized free-to-download EPs and LPs mostly by RAIG roster-artists: out-of-prints, out-take collections, archival recordings, live sets, etc. – everything and anything that's not available on real CD-releases, and might never be. We release music for bands under the CC BY-NC-ND License (Creative Commons: Attribution-NonCommercial-NoDerivatives), which allows the music and artwork for the release to be freely distributed and shared around in varying formats as long as no profit is made, but not to be used without permission for any TV, Radio, Film, etc. purposes and not to be used to produce any further works e.g. remixes, sampled, general plagiarism. Should you wish to use any of the releases for these purposes please contact respective authors or RAIG for permission. We like to think that the Accessory Takes' releases might work as an introduction or promo for the bands. If you should like a band you hear please don't hesitate to forward the links on to others. The full list of releases and links relating to download-pages with short descriptions of each release can be found below. Please note that some older releases, which, we think, are not the actual experience anymore, are deleted from the catalog.\n\n",
 "picture": "https://duopin-community.oss-cn-shenzhen.aliyuncs.com/rtpmeo8qhvex0zljkkn7.jpg",
 "originalName": "",
 "foundTimeText": "2008-05-29",
 "foundAddress": "Russia",
 "founder": "",
 "parentBrand": "",
 "childBrand": "R.A.I.G.; \nDirgenera Compendium ",
 "majorStyle": "avant-garde, doom metal, experimental, instrumental, progressive rock",
 "delegateArtist": "",
 "officialUrl": "http://raig.ru/AT.asp",
 "referenceUrl": "https://musicbrainz.org/label/a79365e9-2c9e-4a62-832f-cb14c3d6d2e1",
 "manageStatusText": "",
 "style": "avant-garde, doom metal, experimental, instrumental, progressive rock",
 "country": "俄罗斯",
 "typeId": 14,
 "typeName": "厂牌",
 "dataId": 376,
 "url": "http://dropinapp.hearinmusic.com/#/ency?typeId=14&dataId=376"
}