{
 "pageNum": 1,
 "pageSize": 10,
 "params": {},
 "content": "<p></p>\n\r<p></p>\n\r<p></p>\n\r<p></p>",
 "remarks": "本词条内容暂未完善仅供参考，多频百科小编正在火速赶来",
 "remarksEn": "本词条内容暂未完善仅供参考，多频百科小编正在火速赶来",
 "status": 0,
 "clickNum": 0,
 "deleted": 0,
 "lang": 0,
 "chooseLang": false,
 "id": 380,
 "name": "Active Meditation Music",
 "descriptions": "Active Meditation Music is darkpsy label based in Macedonia founded by Boris Kirov in 2008.\n\nDedicated to releasing \"fullpower, experimental, ambient, dark and fast psychedelic music for the dancefloor.\" \n\n",
 "picture": "https://duopin-community.oss-cn-shenzhen.aliyuncs.com/kqrry4cmk39y6m4i4mp7.jpg",
 "originalName": "",
 "foundTimeText": "2008",
 "foundAddress": "North Macedonia",
 "founder": "Boris Kirov",
 "parentBrand": "",
 "childBrand": "",
 "majorStyle": "electronic, psy-trance, psytrance",
 "delegateArtist": "",
 "officialUrl": "http://www.activemeditationmusic.com/",
 "referenceUrl": "https://musicbrainz.org/label/5687bf6c-a2a9-440b-9a34-7bdb959bc94a",
 "manageStatusText": "",
 "style": "",
 "country": "",
 "typeId": 14,
 "typeName": "厂牌",
 "dataId": 380,
 "url": "http://dropinapp.hearinmusic.com/#/ency?typeId=14&dataId=380"
}