{
 "pageNum": 1,
 "pageSize": 10,
 "params": {},
 "content": "<p></p>\n\r<p></p>\n\r<p></p>\n\r<p></p>",
 "remarks": "本词条内容暂未完善仅供参考，多频百科小编正在火速赶来",
 "remarksEn": "本词条内容暂未完善仅供参考，多频百科小编正在火速赶来",
 "status": 0,
 "clickNum": 0,
 "deleted": 0,
 "lang": 0,
 "chooseLang": false,
 "id": 381,
 "name": "Actress",
 "descriptions": "\n\r",
 "picture": "https://duopin-community.oss-cn-shenzhen.aliyuncs.com/z5g0m8u7fkfffix8xm7d.jpg",
 "originalName": "",
 "foundTimeText": "",
 "foundAddress": "United States",
 "founder": "",
 "parentBrand": "Activate Entertainment LLC",
 "childBrand": "",
 "majorStyle": "hip hop",
 "delegateArtist": "",
 "officialUrl": "",
 "referenceUrl": "https://musicbrainz.org/label/0698c57c-56ed-4582-9a3b-491275316d24/relationships",
 "manageStatusText": "",
 "style": "",
 "country": "",
 "typeId": 14,
 "typeName": "厂牌",
 "dataId": 381,
 "url": "http://dropinapp.hearinmusic.com/#/ency?typeId=14&dataId=381"
}