{
 "pageNum": 1,
 "pageSize": 10,
 "params": {},
 "content": "<p>Ad Noiseam是一个独立厂牌，从2001年开始在德国柏林出版电子音乐（breakcore、drum'n'bass、IDM、dubstep）以及嘻哈和爵士乐。Ad Noiseam于2001年4月由Nicolas Chevreux创立，他还为该厂牌的发行做了一些设计工作。Ad Noiseam最初是以网络杂志起家的，但很快就成为了一个厂牌。2001年发行第一张唱片 \"Krach Test\"（adn 01），是一张由电子音乐领域多位艺术家参与创作的含3张CDr的优质精选合辑。在发行高质量、迷你的CDR之后，该厂牌逐步淘汰了CDR，改用工厂压制的CD，2001年发行Tarmvred的 \"Subfusc\"，之后又发行了许多黑胶和CD。因其在音乐和设计方面的前瞻性，Ad Noiseam拥有一批巨大的音乐爱好者和音乐家追随者。</p>\n<p>&nbsp;</p>\n<p>在厂牌活动的基础上，Ad Noiseam也拥有一个邮购和分销渠道，为内部和其他厂牌的发行提供服务。自2001年以来，Ad Noiseam已将CD和唱片传播到世界各地的终端客户、商店和其他邮购机构。</p>\n<p>&nbsp;</p>\n<p>2011年，Ad Noiseam在Berghain俱乐部举行音乐节，庆祝厂牌成立10周年，随后在10多个欧洲国家举行了一系列生日音乐会。截至2016年7月，该厂牌的运营状态接近冰点。</p>",
 "contentEn": "<div>\n<div class=\"document\">\n<p class=\"paragraph text-align-type-left pap-line-1.8 pap-line-rule-auto pap-spacing-before-2pt pap-spacing-after-2pt\">Ad Noiseam is an independent record label that has from 2001 onwards published electronic music in the form of (breakcore, drum'n'bass, IDM, dubstep) as well as hip-hop and jazz based in Berlin, Germany. Ad Noiseam was founded in April of 2001 by Nicolas Chevreux, who also has done some of the design work for the label's releases. Ad Noiseam originally started out as a webzine but quickly moved on to being a record-label establishing a name for itself with its first release \"Krach Test\" (adn 01), a true tour-de-force 3CDr set featuring anyone who was anyone in the 2001 electronic music scene. After releasing high quality, small batch (mini)-CDr releases, the label phased out the CDr's in favour of factory pressed CDs with 2001's \"Subfusc\" by Tarmvred, after which numerous releases on both vinyl and CD followed. Continuing its forward vision music- and designwise, Ad Noiseam built a huge following of music enthusiasts as well as musicians.</p>\n<p class=\"paragraph text-align-type-left pap-line-1.8 pap-line-rule-auto pap-spacing-before-2pt pap-spacing-after-2pt\">&nbsp;</p>\n<p class=\"paragraph text-align-type-left pap-line-1.8 pap-line-rule-auto pap-spacing-before-2pt pap-spacing-after-2pt\">On top of the label activities, Ad Noiseam is also a mailorder and a distribution channel for both in-house and other labels' releases. Since 2001, Ad Noiseam has spread CDs and records to end customers, stores and other mailorders worldwide.</p>\n<p class=\"paragraph text-align-type-left pap-line-1.8 pap-line-rule-auto pap-spacing-before-2pt pap-spacing-after-2pt\">&nbsp;</p>\n<p class=\"paragraph text-align-type-left pap-line-1.8 pap-line-rule-auto pap-spacing-before-2pt pap-spacing-after-2pt\">In 2011, Ad Noiseam celebrated its 10th anniversary with a festival held at the Berghain club, followed by a series of birthday concerts in more than 10 European countries. As of July 2016 the label is in a state of \"deep freeze\".</p>\n</div>\n</div>",
 "remarks": "本词条汉字内容由 @多频百科团队 翻译+编辑\n原文译自 https://en.wikipedia.org/wiki/Ad_Noiseam",
 "remarksEn": "本词条内容来自 https://en.wikipedia.org/wiki/Ad_Noiseam",
 "status": 1,
 "clickNum": 10,
 "deleted": 0,
 "lang": 0,
 "chooseLang": true,
 "id": 5,
 "name": "Ad Noiseam",
 "descriptions": "Ad Noiseam是一个独立厂牌，从2001年开始在德国柏林出版电子音乐（breakcore、drum'n'bass、IDM、dubstep）以及嘻哈和爵士乐。Ad Noiseam于2001年4月由Nicolas Chevreux创立，他还为该厂牌的发行做了一些设计工作。Ad Noiseam最初是以网络杂志起家的，但很快就成为了一个厂牌。2001年发行第一张唱片 \"Krach Test\"（adn 01），是一张由电子音乐领域多位艺术家参与创作的含3张CDr的优质精选合辑。在发行高质量、迷你的CDR之后，该厂牌逐步淘汰了CDR，改用工厂压制的CD，2001年发行Tarmvred的 \"Subfusc\"，之后又发行了许多黑胶和CD。因其在音乐和设计方面的前瞻性，Ad Noiseam拥有一批巨大的音乐爱好者和音乐家追随者。",
 "picture": "https://duopin-community.oss-cn-shenzhen.aliyuncs.com/4e7e060reawluxen9lu9.png",
 "originalName": "",
 "foundTimeText": "2001",
 "foundAddress": "柏林",
 "founder": "Nicolas Chevreux",
 "parentBrand": "",
 "childBrand": "",
 "majorStyle": "Electronic, EDM, experimental",
 "delegateArtist": "2methyl\r\nAndrey Kiritchenko\r\nAntigen Shift\r\nBalkansky\r\nBlack Lung\r\nBong-Ra\r\nBroken Note\r\nCakebuilder\r\nCdatakill\r\nDälek\r\nDetritus\r\nDJ Hidden\r\nDrumcorps\r\nEnduser\r\nExillon\r\nFausten\r\nGore Tech\r\nHecate\r\nHecq\r\nHorchata\r\nIgorrr\r\nIszoloscope\r\nKarsten Pflum\r\nKeef Baker\r\nKnifehandchop\r\nLapsed\r\nLarvae\r\nLoopstepwalker\r\nMachinecode\r\nMad EP\r\nMago\r\nMatta\r\nMobthrow\r\nMonolog\r\nMothboy\r\nNeedle Sharing\r\nNiveau Zero\r\nOyaarss\r\nPanacea\r\nRaoul Sinier\r\nRoel Funcken\r\nRuby My Dear\r\nScorn\r\nSemiomime\r\nShitmat\r\nSomatic Responses\r\nSubheim\r\nSwarm Intelligence\r\nSzkieve\r\nTapage\r\nTarmvred\r\nTechdiff\r\nThe Kilimanjaro Darkjazz Ensemble\r\nThe Mount Fuji Doomjazz Corporation\r\nThe Outside Agency\r\nThe Teknoist\r\nUnderhill\r\nWhourkr\r\nWilt\r\nWormskull",
 "officialUrl": "www.adnoiseam.net",
 "referenceUrl": "https://en.wikipedia.org/wiki/Ad_Noiseam",
 "manageStatusText": "不再运营",
 "style": "综合, Experimental",
 "country": "德国",
 "typeId": 14,
 "typeName": "厂牌",
 "dataId": 5,
 "url": "http://dropinapp.hearinmusic.com/#/ency?typeId=14&dataId=5"
}