{
 "pageNum": 1,
 "pageSize": 10,
 "params": {},
 "content": "<p>Adjunct Audio是一个位于加州洛杉矶的电子音乐厂牌。</p>\n<p>&nbsp;</p>\n<p>它由Kenneth James Gibson AKA pendics.shuffle和Konstantin Gabbro于2005年创立，由Kompakt发行。</p>\n<p>&nbsp;</p>\n<p>Adjunct发行了一系列的音乐风格，从Deep House和Minimal Techno到Dub和Ambient。John Tejada、Bruno Pronsato、Dapayk、Blakkat、Kit Clayton、Mathias Schaffh&auml;user、DubLoner、Sutekh、Dilo、Mikael Stavostrand、Mr.C以及pendics.shuffle本人都曾与该厂牌合作。</p>",
 "contentEn": "<div>\n<div class=\"document\">\n<p class=\"paragraph text-align-type-left pap-line-1.8 pap-line-rule-auto pap-spacing-before-2pt pap-spacing-after-2pt\">Adjunct Audio is an electronic music record label based in Los Angeles, California. It was founded in 2005 by Kenneth James Gibson AKA pendics.shuffle and Konstantin Gabbro and is distributed by Kompakt. Adjunct releases a range of styles from Deep House and Minimal Techno to Dub and Ambient. Producers such as John Tejada, Bruno Pronsato, Dapayk, Blakkat, Kit Clayton, Mathias Schaffh&auml;user, DubLoner, Sutekh, Dilo, Mikael Stavostrand, Mr. C, and pendics.shuffle himself have worked with the label.</p>\n</div>\n</div>",
 "remarks": "本词条汉字内容由 @多频百科团队 翻译+编辑\n原文译自 https://en.wikipedia.org/wiki/Adjunct_Audio",
 "remarksEn": "本词条内容来自 https://en.wikipedia.org/wiki/Adjunct_Audio",
 "status": 1,
 "clickNum": 23,
 "deleted": 0,
 "lang": 0,
 "chooseLang": true,
 "id": 6,
 "name": "Adjunct Audio",
 "descriptions": "Adjunct Audio是一个位于加州洛杉矶的电子音乐厂牌。它由Kenneth James Gibson AKA pendics.shuffle和Konstantin Gabbro于2005年创立，由Kompakt发行。",
 "picture": "https://duopin-community.oss-cn-shenzhen.aliyuncs.com/iv6i7ch38pyim69gkenu.png",
 "originalName": "",
 "foundTimeText": "2005",
 "foundAddress": "加州洛杉矶",
 "founder": "Kenneth James Gibson AKA；Konstantin Gabbro",
 "parentBrand": "",
 "childBrand": "",
 "majorStyle": "Deep House；Minimal Techno；Dub；Ambient",
 "delegateArtist": "John Tejada\nBruno Pronsato\nDapayk\nBlakkat\nKit Clayton\nMathias Schaffhäuser\nDubLoner\nSutekh\nDilo\nMikael Stavostrand",
 "officialUrl": "",
 "referenceUrl": "https://en.wikipedia.org/wiki/Adjunct_Audio",
 "manageStatusText": "",
 "style": "Deep House, Dub, Ambient",
 "country": "美国",
 "typeId": 14,
 "typeName": "厂牌",
 "dataId": 6,
 "url": "http://dropinapp.hearinmusic.com/#/ency?typeId=14&dataId=6"
}