{
 "pageNum": 1,
 "pageSize": 10,
 "params": {},
 "content": "<p></p>\n\r<p></p>\n\r<p></p>\n\r<p></p>",
 "remarks": "本词条内容暂未完善仅供参考，多频百科小编正在火速赶来",
 "remarksEn": "本词条内容暂未完善仅供参考，多频百科小编正在火速赶来",
 "status": 0,
 "clickNum": 0,
 "deleted": 0,
 "lang": 0,
 "chooseLang": false,
 "id": 383,
 "name": "Advance  d Recordings",
 "descriptions": "\n\nDrum & Bass label based in London, UK \nDealing drum & bass to the masses, and feeding their habits, is what Addictive Behaviour Records is all about. With a growing roster of the hottest artists, and an insatiable desire to put out the very best music, Addictive Behaviour moves only forward, mixing up the perfect blend of cutting edge, established and fresh, new producers.. ",
 "picture": "https://duopin-community.oss-cn-shenzhen.aliyuncs.com/sc72nlc3cey8apyqr6rb.jpg",
 "originalName": "Addictive Behavior",
 "foundTimeText": "",
 "foundAddress": " London, England, United Kingdom",
 "founder": "",
 "parentBrand": "",
 "childBrand": "",
 "majorStyle": "drum and bass",
 "delegateArtist": "",
 "officialUrl": "http://www.addictivebehaviour.co.uk/",
 "referenceUrl": "https://musicbrainz.org/label/736779d8-34e9-455f-a61c-86d6db4d1d81/relationships",
 "manageStatusText": "",
 "style": "drum, bass",
 "country": "英国",
 "typeId": 14,
 "typeName": "厂牌",
 "dataId": 383,
 "url": "http://dropinapp.hearinmusic.com/#/ency?typeId=14&dataId=383"
}