{
 "pageNum": 1,
 "pageSize": 10,
 "params": {},
 "content": "<p></p>\n\r<p></p>\n\r<p></p>\n\r<p></p>",
 "remarks": "本词条内容暂未完善仅供参考，多频百科小编正在火速赶来",
 "remarksEn": "本词条内容暂未完善仅供参考，多频百科小编正在火速赶来",
 "status": 0,
 "clickNum": 0,
 "deleted": 0,
 "lang": 0,
 "chooseLang": false,
 "id": 384,
 "name": "AEI Music",
 "descriptions": "\nFor \"AEI Music\" company and logo/brand credits. \n",
 "picture": "https://duopin-community.oss-cn-shenzhen.aliyuncs.com/h89zx4d4eugiymzy1c98.jpg",
 "originalName": "",
 "foundTimeText": "",
 "foundAddress": " United Kingdom",
 "founder": "",
 "parentBrand": " AEI Media Ltd",
 "childBrand": "",
 "majorStyle": "drum and bass, dubstep",
 "delegateArtist": "",
 "officialUrl": "http://aeimedia.co.uk/",
 "referenceUrl": "https://musicbrainz.org/label/041212ab-c596-4bef-bc7c-e4c48a46e827",
 "manageStatusText": "",
 "style": "drum and bass, dubstep",
 "country": "英国",
 "typeId": 14,
 "typeName": "厂牌",
 "dataId": 384,
 "url": "http://dropinapp.hearinmusic.com/#/ency?typeId=14&dataId=384"
}