{
 "pageNum": 1,
 "pageSize": 10,
 "params": {},
 "content": "<p></p>\n\r<p></p>\n\r<p></p>\n\r<p></p>",
 "remarks": "本词条内容暂未完善仅供参考，多频百科小编正在火速赶来",
 "remarksEn": "本词条内容暂未完善仅供参考，多频百科小编正在火速赶来",
 "status": 0,
 "clickNum": 0,
 "deleted": 0,
 "lang": 0,
 "chooseLang": false,
 "id": 385,
 "name": "Aero Productions",
 "descriptions": "\nAero Productions is a Paris based company created by Jean-Michel Jarre as \"Aero Prod\" in March 2003, after he left Disques Dreyfus. It replaces the former company Cream Creative Management. Activities are the phonographic production and the artistic management for Jean-Michel Jarre (record company, show production, advertising, web site, merchandising). It is managed by Fiona Commins. \n\n",
 "picture": "https://duopin-community.oss-cn-shenzhen.aliyuncs.com/i1kuqroufzswmieril9f.jpg",
 "originalName": "",
 "foundTimeText": "2003-03-19",
 "foundAddress": " United Kingdom",
 "founder": "Jean‐Michel Jarre",
 "parentBrand": "",
 "childBrand": "\nJarreLab",
 "majorStyle": "electronica",
 "delegateArtist": "",
 "officialUrl": "",
 "referenceUrl": "https://musicbrainz.org/label/35392b35-b367-46c2-b142-ffbd3d87df9b/relationships",
 "manageStatusText": "",
 "style": "electronica",
 "country": "英国",
 "typeId": 14,
 "typeName": "厂牌",
 "dataId": 385,
 "url": "http://dropinapp.hearinmusic.com/#/ency?typeId=14&dataId=385"
}