{
 "pageNum": 1,
 "pageSize": 10,
 "params": {},
 "content": "<p></p>\n\r<p></p>\n\r<p></p>\n\r<p></p>",
 "remarks": "本词条内容暂未完善仅供参考，多频百科小编正在火速赶来",
 "remarksEn": "本词条内容暂未完善仅供参考，多频百科小编正在火速赶来",
 "status": 0,
 "clickNum": 1,
 "deleted": 0,
 "lang": 0,
 "chooseLang": false,
 "id": 386,
 "name": "Aerotek Recordings",
 "descriptions": "\n\nAerotek Recordings, an underground digital music label founded in late 2012 by Rolando Hodar based out of the Southwest, United States. It's primary mission is to release material that is unlike the norm and trend, but rather differentiate themselves from it. This anti-genre focused label is determined to providing the advance music listener with a unique balance of the above mentioned genres while still maintaining its raw, defined image in the underground sounds of dance music. This always has been Rolando's niche and he is committed to translate it in Aerotek's releases and tailored sound.\n",
 "picture": "https://duopin-community.oss-cn-shenzhen.aliyuncs.com/5h42bzxxb54wdfz4cnoq.jpg",
 "originalName": "",
 "foundTimeText": "2012",
 "foundAddress": "United States",
 "founder": "",
 "parentBrand": "",
 "childBrand": "",
 "majorStyle": "techno",
 "delegateArtist": "",
 "officialUrl": "",
 "referenceUrl": "https://musicbrainz.org/label/7ec37e5f-ac36-4faa-a5b8-3cd223f635d5/relationships",
 "manageStatusText": "",
 "style": "techno",
 "country": "美国",
 "typeId": 14,
 "typeName": "厂牌",
 "dataId": 386,
 "url": "http://dropinapp.hearinmusic.com/#/ency?typeId=14&dataId=386"
}