{
 "pageNum": 1,
 "pageSize": 10,
 "params": {},
 "content": "<p></p>\n\r<p></p>\n\r<p></p>\n\r<p></p>",
 "remarks": "本词条内容暂未完善仅供参考，多频百科小编正在火速赶来",
 "remarksEn": "本词条内容暂未完善仅供参考，多频百科小编正在火速赶来",
 "status": 0,
 "clickNum": 1,
 "deleted": 0,
 "lang": 0,
 "chooseLang": false,
 "id": 387,
 "name": "Affin",
 "descriptions": "\nGerman Techno label founded by Joachim Spieth. \n\n",
 "picture": "https://duopin-community.oss-cn-shenzhen.aliyuncs.com/22sxjpbnjkpplgqjhrtb.jpg",
 "originalName": "",
 "foundTimeText": "2007",
 "foundAddress": "Germany",
 "founder": "Joachim Spieth",
 "parentBrand": "",
 "childBrand": "\nAffin LTD, Joachim Spieth Presents Selected",
 "majorStyle": "techno",
 "delegateArtist": "",
 "officialUrl": "http://affin-rec.com/",
 "referenceUrl": "https://musicbrainz.org/label/32c8f4aa-0ee5-4bd8-90f1-7733606a7ac4/aliases",
 "manageStatusText": "",
 "style": "techno",
 "country": "德国",
 "typeId": 14,
 "typeName": "厂牌",
 "dataId": 387,
 "url": "http://dropinapp.hearinmusic.com/#/ency?typeId=14&dataId=387"
}