{
 "pageNum": 1,
 "pageSize": 10,
 "params": {},
 "content": "<p></p>\n\r<p></p>\n\r<p></p>\n\r<p></p>",
 "remarks": "本词条内容暂未完善仅供参考，多频百科小编正在火速赶来",
 "remarksEn": "本词条内容暂未完善仅供参考，多频百科小编正在火速赶来",
 "status": 0,
 "clickNum": 0,
 "deleted": 0,
 "lang": 0,
 "chooseLang": false,
 "id": 388,
 "name": "Aftermath Entertainment",
 "descriptions": "\n\nAftermath Entertainment is an American record label founded by Dr. Dre. It operates as a subsidiary of, and is distributed through, Universal Music Group's Interscope Records. \nCurrent acts include Dr. Dre, Eminem, Kendrick Lamar, and Anderson .Paak. \nFormer acts, which released albums on the label, include The Firm (6), Truth Hurts, 50 Cent, The Game (2), and Busta Rhymes. \nThe label's acts over the years have earned RIAA certifications of platinum or higher on 17 of its 27 released albums. \n",
 "picture": "https://duopin-community.oss-cn-shenzhen.aliyuncs.com/vb0ws3qlry3j30tm2enw.jpg",
 "originalName": "Aftermath Records",
 "foundTimeText": "1996",
 "foundAddress": " United States",
 "founder": "Dr. Dre",
 "parentBrand": "Interscope Records",
 "childBrand": "",
 "majorStyle": "hip hop, gangsta rap, west coast hip hop",
 "delegateArtist": "",
 "officialUrl": "http://www.aftermath-entertainment.com/",
 "referenceUrl": "https://musicbrainz.org/label/c0629488-2aa2-4b46-9de8-decb27147444/relationships",
 "manageStatusText": "",
 "style": "hip hop, gangsta rap, west coast hip hop",
 "country": "美国",
 "typeId": 14,
 "typeName": "厂牌",
 "dataId": 388,
 "url": "http://dropinapp.hearinmusic.com/#/ency?typeId=14&dataId=388"
}