{
 "pageNum": 1,
 "pageSize": 10,
 "params": {},
 "relationEncy": "[{\"id\":26788,\"typeId\":12,\"dataId\":26788,\"name\":\"Tale Of Us\",\"url\":\"http://dropinapp.hearinmusic.com/#/ency?typeId=12&dataId=26788\"}]",
 "content": "<p>Afterlife是由意大利Techno双人组Tale Of Us于2016年在德国柏林创立的Techno厂牌</p>",
 "remarks": "本词条内容由 @多频百科团队 编辑",
 "remarksEn": "本词条内容暂未完善仅供参考，多频百科小编正在火速赶来",
 "status": 1,
 "clickNum": 95,
 "deleted": 0,
 "lang": 0,
 "chooseLang": false,
 "id": 1904,
 "name": "Afterlife",
 "descriptions": "Afterlife是由意大利Techno双人组Tale Of Us于2016年在德国柏林创立的Techno厂牌",
 "picture": "https://duopin-community.oss-cn-shenzhen.aliyuncs.com/cxc7940g5fpk04bubd5x.jpg",
 "foundTimeText": "2016",
 "foundAddress": "德国柏林",
 "founder": "Tale Of Us",
 "majorStyle": "Techno, Tech House, Deep House",
 "officialUrl": "http://after.life/",
 "style": "Techno, House",
 "country": "德国",
 "typeId": 14,
 "typeName": "厂牌",
 "dataId": 1904,
 "url": "http://dropinapp.hearinmusic.com/#/ency?typeId=14&dataId=1904"
}