{
 "pageNum": 1,
 "pageSize": 10,
 "params": {},
 "content": "<p></p>\n\r<p></p>\n\r<p></p>\n\r<p></p>",
 "remarks": "本词条内容暂未完善仅供参考，多频百科小编正在火速赶来",
 "remarksEn": "本词条内容暂未完善仅供参考，多频百科小编正在火速赶来",
 "status": 0,
 "clickNum": 0,
 "deleted": 0,
 "lang": 0,
 "chooseLang": false,
 "id": 389,
 "name": "Aggro Berlin",
 "descriptions": "\n\nWest-Berlin Gangsta Rap/HipHop label that made Gangsta Rap popular in Germany. Founded in 2001 by Specter (5), Spaiche and Halil Efe. \n",
 "picture": "https://duopin-community.oss-cn-shenzhen.aliyuncs.com/l77ah8qt739qrq61sftb.jpg",
 "originalName": "",
 "foundTimeText": " 2001-01-01",
 "foundAddress": "Germany",
 "founder": "Specter",
 "parentBrand": "",
 "childBrand": "",
 "majorStyle": "hip hop",
 "delegateArtist": "",
 "officialUrl": "http://aggroberlin.de/",
 "referenceUrl": "https://musicbrainz.org/label/3634fa9a-8e09-4544-8980-272033d924f3",
 "manageStatusText": "已停运",
 "style": "hip hop",
 "country": "德国",
 "typeId": 14,
 "typeName": "厂牌",
 "dataId": 389,
 "url": "http://dropinapp.hearinmusic.com/#/ency?typeId=14&dataId=389"
}