{
 "pageNum": 1,
 "pageSize": 10,
 "params": {},
 "content": "<p></p>\n\r<p></p>\n\r<p></p>\n\r<p></p>",
 "remarks": "本词条内容暂未完善仅供参考，多频百科小编正在火速赶来",
 "remarksEn": "本词条内容暂未完善仅供参考，多频百科小编正在火速赶来",
 "status": 0,
 "clickNum": 0,
 "deleted": 0,
 "lang": 0,
 "chooseLang": false,
 "id": 390,
 "name": "Akhadir Recordings Amsterdam ",
 "descriptions": "\n\r",
 "picture": "https://duopin-community.oss-cn-shenzhen.aliyuncs.com/7moc8iffuqj7e2hvegmd.jpg",
 "originalName": "",
 "foundTimeText": "2016-07-22",
 "foundAddress": " Amsterdam, Noord-Holland, Netherlands, Kingdom of the Netherlands",
 "founder": "Ismaël Akhadir",
 "parentBrand": "",
 "childBrand": "",
 "majorStyle": "deep house, electro house, house, progressive house, techno",
 "delegateArtist": "",
 "officialUrl": "",
 "referenceUrl": "https://musicbrainz.org/label/76776158-66f1-4ff3-ad98-aa31085ef463",
 "manageStatusText": "",
 "style": "deep house, electro house, house, progressive house, techno",
 "country": "荷兰",
 "typeId": 14,
 "typeName": "厂牌",
 "dataId": 390,
 "url": "http://dropinapp.hearinmusic.com/#/ency?typeId=14&dataId=390"
}