{
 "pageNum": 1,
 "pageSize": 10,
 "params": {},
 "content": "<div class=\"document\">\n<p class=\"paragraph text-align-type-left pap-line-1.8 pap-line-rule-auto pap-spacing-before-2pt pap-spacing-after-2pt\">Alex Tronic Records（ATR）是一个位于苏格兰的厂牌，主要发行电子音乐。他们目前的艺术家包括Alex Tronic, &Aring;sA, Becki Bardot, Keser, Pockets of Resistance, Binary Zero, Iain Carnegie, Marvin Wilson, Matthew Leigh Embleton (aka Snakestyle), Minnie Rogers, Neu Gestalt, The Psychedelic Manifesto, Roys Iron DNA, 30K, Integra TV, Forward Play, Metaltech, Pixlface, Melvitronica和Fiolent V。</p>\n<p class=\"paragraph text-align-type-left pap-line-1.8 pap-line-rule-auto pap-spacing-before-2pt pap-spacing-after-2pt\">&nbsp;</p>\n<p class=\"paragraph text-align-type-left pap-line-1.8 pap-line-rule-auto pap-spacing-before-2pt pap-spacing-after-2pt\"><strong>背景</strong></p>\n<p class=\"paragraph text-align-type-left pap-line-1.8 pap-line-rule-auto pap-spacing-before-2pt pap-spacing-after-2pt\">厂牌创始人Alex Tronic（Paul Croan）曾在2000年向许多厂牌，特别是Koyote/Peyote Records和Cherry Red Records发行和授权音乐，他还为电影和电视配乐。</p>\n<p class=\"paragraph text-align-type-left pap-line-1.8 pap-line-rule-auto pap-spacing-before-2pt pap-spacing-after-2pt\">&nbsp;</p>\n<p class=\"paragraph text-align-type-left pap-line-1.8 pap-line-rule-auto pap-spacing-before-2pt pap-spacing-after-2pt\">Alex Tronic Records 创建于2005年，他们的首张唱片是&Aring;sA - On/Off，发行后获得了广泛的好评。其他签约的乐队包括Keser、Roys Iron DNA和Pockets of Resistance。</p>\n<p class=\"paragraph text-align-type-left pap-line-1.8 pap-line-rule-auto pap-spacing-before-2pt pap-spacing-after-2pt\">&nbsp;</p>\n<p class=\"paragraph text-align-type-left pap-line-1.8 pap-line-rule-auto pap-spacing-before-2pt pap-spacing-after-2pt\">Keser和&Aring;sA在发行唱片后继续在斯堪的纳维亚半岛巡演。Roys Iron DNA与Lo-Fidelity Allstars和The Go! 团队一起演出。</p>\n<p class=\"paragraph text-align-type-left pap-line-1.8 pap-line-rule-auto pap-spacing-before-2pt pap-spacing-after-2pt\">&nbsp;</p>\n<p class=\"paragraph text-align-type-left pap-line-1.8 pap-line-rule-auto pap-spacing-before-2pt pap-spacing-after-2pt\">事实证明，Alex Tronic Records 位于爱丁堡市中心的录音室在发掘新兴人才和培养现有艺术家方面发挥着关键作用。</p>\n<p class=\"paragraph text-align-type-left pap-line-1.8 pap-line-rule-auto pap-spacing-before-2pt pap-spacing-after-2pt\">&nbsp;</p>\n<p class=\"paragraph text-align-type-left pap-line-1.8 pap-line-rule-auto pap-spacing-before-2pt pap-spacing-after-2pt\">该厂牌的首张合辑群星毕集，获得了华丽的成功。The Skinny杂志将这张专辑描述为 \"一场才华横溢的展览...。总的来说，这张专辑的内容非常丰富。唯一没有改变的是始终如一的制作质量和音乐才能\"。</p>\n<p class=\"paragraph text-align-type-left pap-line-1.8 pap-line-rule-auto pap-spacing-before-2pt pap-spacing-after-2pt\">&nbsp;</p>\n<p class=\"paragraph text-align-type-left pap-line-1.8 pap-line-rule-auto pap-spacing-before-2pt pap-spacing-after-2pt\">Future Music杂志将Alex Tronic第一张合辑评为7/10，并将其描述为 \"一个不拘一格、精彩绝伦的首秀......非常值得收听\"。</p>\n<p class=\"paragraph text-align-type-left pap-line-1.8 pap-line-rule-auto pap-spacing-before-2pt pap-spacing-after-2pt\">&nbsp;</p>\n<p class=\"paragraph text-align-type-left pap-line-1.8 pap-line-rule-auto pap-spacing-before-2pt pap-spacing-after-2pt\">ATR Volume 1 在全世界的广播播放，包括BBC Radio 1。</p>\n<p class=\"paragraph text-align-type-left pap-line-1.8 pap-line-rule-auto pap-spacing-before-2pt pap-spacing-after-2pt\">&nbsp;</p>\n<p class=\"paragraph text-align-type-left pap-line-1.8 pap-line-rule-auto pap-spacing-before-2pt pap-spacing-after-2pt\">2007年，Alex Tronic Records与英国Cargo Records和覆盖欧洲地区的Arabesque公司签订了发行协议，很快吸引了更多的签约。</p>\n<p class=\"paragraph text-align-type-left pap-line-1.8 pap-line-rule-auto pap-spacing-before-2pt pap-spacing-after-2pt\">&nbsp;</p>\n<p class=\"paragraph text-align-type-left pap-line-1.8 pap-line-rule-auto pap-spacing-before-2pt pap-spacing-after-2pt\">2009年2月，Croan自己的专辑《Alex Tronic - To Infinity》在ATR发行，其中不乏有其他ATR艺术家们的贡献。2010年发行了一张后续专辑《Back in the Room》，2011年又发行了一张《Shifting Sands》。</p>\n<p class=\"paragraph text-align-type-left pap-line-1.8 pap-line-rule-auto pap-spacing-before-2pt pap-spacing-after-2pt\">&nbsp;</p>\n<p class=\"paragraph text-align-type-left pap-line-1.8 pap-line-rule-auto pap-spacing-before-2pt pap-spacing-after-2pt\">Alex Tronic的Electricals EP（2012年）以主唱Kirsty Brown为特主，还包括ATR艺术家Snakestyle的混音作品。这张EP的想法和录音开始于2011年夏天，当时Croan搬到了Ibiza进行DJ和录音，这张EP是在2011/2012年冬天在爱丁堡完成的。</p>\n<p class=\"paragraph text-align-type-left pap-line-1.8 pap-line-rule-auto pap-spacing-before-2pt pap-spacing-after-2pt\">&nbsp;</p>\n<p class=\"paragraph text-align-type-left pap-line-1.8 pap-line-rule-auto pap-spacing-before-2pt pap-spacing-after-2pt\">Alex Tronic和Becki Bardot的EP Balearica sessions ，主唱是Sally Stapleton，也在2012年发行。</p>\n</div>",
 "contentEn": "<div>\n<div class=\"document\">\n<p class=\"paragraph text-align-type-left pap-line-1.8 pap-line-rule-auto pap-spacing-before-2pt pap-spacing-after-2pt\">Alex Tronic Records (ATR) is a record label based in Scotland who primarily release electronic music. Their current artists include Alex Tronic, &Aring;sA, Becki Bardot, Keser, Pockets of Resistance, Binary Zero, Iain Carnegie, Marvin Wilson, Matthew Leigh Embleton (aka Snakestyle), Minnie Rogers, Neu Gestalt, The Psychedelic Manifesto, Roys Iron DNA, 30K, Integra TV, Forward Play, Metaltech, Pixlface, Melvitronica and Fiolent V.</p>\n<p class=\"paragraph text-align-type-left pap-line-1.8 pap-line-rule-auto pap-spacing-before-2pt pap-spacing-after-2pt\">&nbsp;</p>\n<div>\n<div class=\"document\">\n<p class=\"paragraph text-align-type-left pap-line-1.8 pap-line-rule-auto pap-spacing-before-2pt pap-spacing-after-2pt\"><strong>Background</strong></p>\n<p class=\"paragraph text-align-type-left pap-line-1.8 pap-line-rule-auto pap-spacing-before-2pt pap-spacing-after-2pt\">Label founder Alex Tronic - (Paul Croan) had previously released and licensed music to many labels notably Koyote/Peyote Records and Cherry Red Records in 2000. He also scored music for film and TV.</p>\n<p class=\"paragraph text-align-type-left pap-line-1.8 pap-line-rule-auto pap-spacing-before-2pt pap-spacing-after-2pt\">&nbsp;</p>\n<p class=\"paragraph text-align-type-left pap-line-1.8 pap-line-rule-auto pap-spacing-before-2pt pap-spacing-after-2pt\">Alex Tronic Records was created in 2005 and their debut release was &Aring;sA - On/Off which was released to widespread acclaim. Other signings followed including Keser, Roys Iron DNA and Pockets of Resistance.</p>\n<p class=\"paragraph text-align-type-left pap-line-1.8 pap-line-rule-auto pap-spacing-before-2pt pap-spacing-after-2pt\">&nbsp;</p>\n<p class=\"paragraph text-align-type-left pap-line-1.8 pap-line-rule-auto pap-spacing-before-2pt pap-spacing-after-2pt\">Keser and &Aring;sA went on to tour in Scandinavia after their releases. Roys Iron DNA toured with the Lo-Fidelity Allstars and The Go! Team.</p>\n<p class=\"paragraph text-align-type-left pap-line-1.8 pap-line-rule-auto pap-spacing-before-2pt pap-spacing-after-2pt\">&nbsp;</p>\n<p class=\"paragraph text-align-type-left pap-line-1.8 pap-line-rule-auto pap-spacing-before-2pt pap-spacing-after-2pt\">Alex Tronic Records' own Recording Studio in central Edinburgh was proving to be pivotal in discovering newly emerging talent as well as developing their current artists.</p>\n<p class=\"paragraph text-align-type-left pap-line-1.8 pap-line-rule-auto pap-spacing-before-2pt pap-spacing-after-2pt\">&nbsp;</p>\n<p class=\"paragraph text-align-type-left pap-line-1.8 pap-line-rule-auto pap-spacing-before-2pt pap-spacing-after-2pt\">The label's first compilation album brought these talents together and was a successful venture. The Skinny magazine described the album as \"a brilliant exhibition of talent... On the whole the album is extremely varied. The only thing which doesn&rsquo;t change is the production quality and raw talent, which is consistent throughout.\"</p>\n<p class=\"paragraph text-align-type-left pap-line-1.8 pap-line-rule-auto pap-spacing-before-2pt pap-spacing-after-2pt\">&nbsp;</p>\n<p class=\"paragraph text-align-type-left pap-line-1.8 pap-line-rule-auto pap-spacing-before-2pt pap-spacing-after-2pt\">Future Music magazine awarded the Alex Tronic Volume 1 compilation album 7/10 and described it as \"an eclectic and engaging debut...well worth checking out\"</p>\n<p class=\"paragraph text-align-type-left pap-line-1.8 pap-line-rule-auto pap-spacing-before-2pt pap-spacing-after-2pt\">&nbsp;</p>\n<p class=\"paragraph text-align-type-left pap-line-1.8 pap-line-rule-auto pap-spacing-before-2pt pap-spacing-after-2pt\">ATR Volume 1 gained radio play worldwide including BBC Radio 1.</p>\n<p class=\"paragraph text-align-type-left pap-line-1.8 pap-line-rule-auto pap-spacing-before-2pt pap-spacing-after-2pt\">&nbsp;</p>\n<p class=\"paragraph text-align-type-left pap-line-1.8 pap-line-rule-auto pap-spacing-before-2pt pap-spacing-after-2pt\">In 2007 Alex Tronic Records signed distribution deals with Cargo Records in the U.K. and Arabesque which covers European territories, and more signings soon followed.</p>\n<p class=\"paragraph text-align-type-left pap-line-1.8 pap-line-rule-auto pap-spacing-before-2pt pap-spacing-after-2pt\">&nbsp;</p>\n<p class=\"paragraph text-align-type-left pap-line-1.8 pap-line-rule-auto pap-spacing-before-2pt pap-spacing-after-2pt\">Croan's own album 'Alex Tronic - To Infinity' was released on ATR in February 2009, and features contributions from artists on ATR. A follow up was released in 2010 entitled 'Back in the Room', and another entitled 'Shifting Sands' in 2011.</p>\n<p class=\"paragraph text-align-type-left pap-line-1.8 pap-line-rule-auto pap-spacing-before-2pt pap-spacing-after-2pt\">&nbsp;</p>\n<p class=\"paragraph text-align-type-left pap-line-1.8 pap-line-rule-auto pap-spacing-before-2pt pap-spacing-after-2pt\">Alex Tronic's Electricals EP (2012) features vocalist Kirsty Brown and also includes remixes by ATR artist Snakestyle. The ideas and recordings for the EP began during Summer 2011, when Croan relocated to Ibiza to DJ and record. The EP was completed in Edinburgh during winter 2011/2012.</p>\n<p class=\"paragraph text-align-type-left pap-line-1.8 pap-line-rule-auto pap-spacing-before-2pt pap-spacing-after-2pt\">&nbsp;</p>\n<p class=\"paragraph text-align-type-left pap-line-1.8 pap-line-rule-auto pap-spacing-before-2pt pap-spacing-after-2pt\">Alex Tronic and Becki Bardot's Balearica sessions EP features vocals from Sally Stapleton and was also released in 2012.</p>\n</div>\n</div>\n</div>\n</div>",
 "remarks": "本词条汉字内容由 @多频百科团队 翻译+编辑\n原文译自 https://en.wikipedia.org/wiki/Alex_Tronic_Records",
 "remarksEn": "本词条内容来自 https://en.wikipedia.org/wiki/Alex_Tronic_Records",
 "status": 1,
 "clickNum": 11,
 "deleted": 0,
 "lang": 0,
 "chooseLang": true,
 "id": 7,
 "name": "Alex Tronic Records",
 "descriptions": "Alex Tronic Records（ATR）是一个位于苏格兰的厂牌，主要发行电子音乐。他们目前的艺术家包括Alex Tronic, ÅsA, Becki Bardot, Keser, Pockets of Resistance, Binary Zero, Iain Carnegie, Marvin Wilson, Matthew Leigh Embleton (aka Snakestyle), Minnie Rogers, Neu Gestalt, The Psychedelic Manifesto, Roys Iron DNA, 30K, Integra TV, Forward Play, Metaltech, Pixlface, Melvitronica和Fiolent V。\n",
 "picture": "https://duopin-community.oss-cn-shenzhen.aliyuncs.com/iujs5napr4lg8q5i5ru5.jpg",
 "originalName": "",
 "foundTimeText": "2005",
 "foundAddress": "Edinburgh, Scotland",
 "founder": "Paul Croan",
 "parentBrand": "",
 "childBrand": "",
 "majorStyle": "Electronica, Electronic music",
 "delegateArtist": "Alex Tronic\r\nÅsA\r\nBecki Bardot\r\nBinary Zero\r\nCosway\r\nDirt Diamond\r\nDrupad\r\nFiolent V\r\nForward Play\r\nIain Carnegie\r\nIntegra TV\r\nKeser\r\nMarvin Wilson\r\nMatthew Leigh Embleton\r\nMelvitronica\r\nMetaltech\r\nMinnie Rogers\r\nNeu Gestalt\r\nPandacetamol\r\nPixlface\r\nPockets of Resistance\r\nThe Psychedelic Manifesto\r\nRoys Iron DNA\r\nSnakestyle (aka Matthew Leigh Embleton)\r\nSynthologist\r\n30K",
 "officialUrl": "http://www.alextronicrecords.co.uk",
 "referenceUrl": "https://en.wikipedia.org/wiki/Alex_Tronic_Records",
 "manageStatusText": "运营中",
 "style": "Electronica, Electronic music",
 "country": "苏格兰",
 "typeId": 14,
 "typeName": "厂牌",
 "dataId": 7,
 "url": "http://dropinapp.hearinmusic.com/#/ency?typeId=14&dataId=7"
}