{
 "pageNum": 1,
 "pageSize": 10,
 "params": {},
 "content": "<div>\n<div class=\"document\">\n<p class=\"paragraph text-align-type-left pap-line-1.8 pap-line-rule-auto pap-spacing-before-2pt pap-spacing-after-2pt\">Alfa Matrix是一个比利时的厂牌，该厂牌成立于2001年，发行的音乐风格包括aggrotech、industrial music, dark elektro, synthpop, 和electronica。</p>\n<p class=\"paragraph text-align-type-left pap-line-1.8 pap-line-rule-auto pap-spacing-before-2pt pap-spacing-after-2pt\">&nbsp;</p>\n<p class=\"paragraph text-align-type-left pap-line-1.8 pap-line-rule-auto pap-spacing-before-2pt pap-spacing-after-2pt\">总部设在布鲁塞尔，Alfa Matrix厂牌由艺人经理S&eacute;ba Dolimont、宣传经理Bernard Van Isacker和设计主管Beno&icirc;t Blanchart组成。</p>\n</div>\n</div>",
 "contentEn": "<div>\n<div class=\"document\">\n<p class=\"paragraph text-align-type-left pap-line-1.8 pap-line-rule-auto pap-spacing-before-2pt pap-spacing-after-2pt\">Alfa Matrix is a Belgian record label. Founded in 2001, the label releases musical styles including aggrotech, industrial music, dark elektro, synthpop, and electronica.</p>\n<p class=\"paragraph text-align-type-left pap-line-1.8 pap-line-rule-auto pap-spacing-before-2pt pap-spacing-after-2pt\">&nbsp;</p>\n<p class=\"paragraph text-align-type-left pap-line-1.8 pap-line-rule-auto pap-spacing-before-2pt pap-spacing-after-2pt\">Based in Brussels, the label consists of label and artists manager S&eacute;ba Dolimont, promo manager Bernard Van Isacker, and head of design Beno&icirc;t Blanchart.</p>\n</div>\n</div>",
 "remarks": "本词条汉字内容由 @多频百科团队 翻译+编辑\n原文译自 https://en.wikipedia.org/wiki/Alfa_Matrix",
 "remarksEn": "本词条内容来自  https://en.wikipedia.org/wiki/Alfa_Matrix",
 "status": 1,
 "clickNum": 13,
 "deleted": 0,
 "lang": 0,
 "chooseLang": true,
 "id": 8,
 "name": "Alfa Matrix",
 "descriptions": "Alfa Matrix是一个比利时的厂牌，该厂牌成立于2001年，发行的音乐风格包括aggrotech、industrial music, dark elektro, synthpop, 和electronica。总部设在布鲁塞尔，Alfa Matrix厂牌由艺人经理Séba Dolimont、宣传经理Bernard Van Isacker和设计主管Benoît Blanchart组成。",
 "picture": "https://duopin-community.oss-cn-shenzhen.aliyuncs.com/4xk1nqebomiuhkw174rr.png",
 "originalName": "阿尔法矩阵",
 "foundTimeText": "2001",
 "foundAddress": "布鲁塞尔",
 "founder": "",
 "parentBrand": "",
 "childBrand": "",
 "majorStyle": "aggrotech；industrial music；dark elektro； synthpop； electronica",
 "delegateArtist": "32CRASH\r\nAcylum\r\nAdam X\r\nAgonised by Love\r\n!AïBoFoRcEn<-\r\namGod\r\nAlien Vampires\r\nArmageddon Dildos\r\nAesthetische\r\nAvarice In Audio\r\nAyria\r\nBruderschaft\r\nCosmic Armchair\r\nCrisk\r\nCynical Existence\r\nDiffuzion\r\nDiskonnekted\r\nDream Recall\r\nDR. Kövald\r\nDunkelwerk\r\nEinheit Meister 08.11.81\r\nEntrzelle\r\nEpsilon Minus\r\nEssence of Mind\r\nFreakangel\r\nFront 242\r\nGlis\r\nHalo In Reverse\r\nHausHetaere\r\nHeadscan\r\nHelalyn Flowers\r\nHungry Lucy\r\nImplant\r\nInure\r\nI:Scintilla\r\nJunksista\r\nKlutæ\r\nKant Kino\r\nKomor Kommando\r\nKrystal System\r\nLeæther Strip\r\nLovelorn Dolls\r\nMalakwa (Band)\r\nMale or Female\r\nMari Chrome\r\nMentallo and the Fixer\r\nMetroland\r\nMind:state\r\nMnemonic\r\nMondträume\r\nMonolith\r\nNebula-H\r\nNeikka RPM\r\nNitzer Ebb\r\nNövö\r\nO.V.N.I.\r\nPlastic Noise Experience\r\nProzium\r\nPsy'Aviah\r\nRazorfade\r\nRegenerator\r\nReichsfeind\r\nSchwarzblut\r\nSD-KRTR (Simon Carter)\r\nSeize\r\nSero.Overdose\r\nSimon Carter (SD-KRTR)\r\nStar Industry\r\nStray\r\nStudio-X\r\nSuicidal Romance\r\nSuicide Inside\r\nTamtrum\r\nTechnoir\r\nTrisomie 21\r\nUnter Null\r\nVenal Flesh\r\nVirgins O.R. Pigeons\r\nVirtual><Embrace\r\nXMH\r\nZombie Girl",
 "officialUrl": "",
 "referenceUrl": "https://en.wikipedia.org/wiki/Alfa_Matrix",
 "manageStatusText": "",
 "style": "Synthpop, Electronica",
 "country": "比利时",
 "typeId": 14,
 "typeName": "厂牌",
 "dataId": 8,
 "url": "http://dropinapp.hearinmusic.com/#/ency?typeId=14&dataId=8"
}