{
 "pageNum": 1,
 "pageSize": 10,
 "params": {},
 "content": "<p></p>\n\r<p></p>\n\r<p></p>\n\r<p></p>",
 "remarks": "本词条内容暂未完善仅供参考，多频百科小编正在火速赶来",
 "remarksEn": "本词条内容暂未完善仅供参考，多频百科小编正在火速赶来",
 "status": 0,
 "clickNum": 0,
 "deleted": 0,
 "lang": 0,
 "chooseLang": false,
 "id": 391,
 "name": "Algorythm Recordings",
 "descriptions": "\n\nDrum 'n bass act Counterstrike's own imprint, \"re-launched\" in 2005. \n\nBased in Cape Town, the label has outputted releases featuring artists such as Current Value, Limewax, T.Z.A., and Panacea. ",
 "picture": "https://duopin-community.oss-cn-shenzhen.aliyuncs.com/mcq7kqc12lnrpfgtaug5.jpg",
 "originalName": "",
 "foundTimeText": "",
 "foundAddress": "South Africa",
 "founder": "",
 "parentBrand": "",
 "childBrand": "\nCounterstrike Recordings",
 "majorStyle": "drum and bass",
 "delegateArtist": "",
 "officialUrl": "http://www.algorythmrecordings.com/",
 "referenceUrl": "https://musicbrainz.org/label/2e815b98-bd08-4b76-a7e7-35c6b79ff7cb/relationships",
 "manageStatusText": "",
 "style": "drum and bass",
 "country": "南非",
 "typeId": 14,
 "typeName": "厂牌",
 "dataId": 391,
 "url": "http://dropinapp.hearinmusic.com/#/ency?typeId=14&dataId=391"
}