{
 "pageNum": 1,
 "pageSize": 10,
 "params": {},
 "content": "<p>Alien8 Recordings是一个独立厂牌，1996年成立于加拿大魁北克省的蒙特利尔，由Sean O'Hara和Gary Worsley创立。</p>\n<p>&nbsp;</p>\n<p>该厂牌已经发行了著名的noise艺术家作品，如Merzbow、Think About Life、Aube、Keiji Haino、Masonna、MSBR、Francisco L&oacute;pez、Bastard Noise和Daniel Menche，以及电子艺术家，如Tim Hecker、Lesbians on Ecstasy、Les Georges Leningrad和Books on Tape。Alien8还因发行独立流行乐队The Unicorns的2003年首张专辑而闻名。它还隶属于两个子唱片公司：Fancy Recordings和Substractif。</p>",
 "contentEn": "<div>\n<div class=\"document\">\n<p class=\"paragraph text-align-type-left pap-line-1.8 pap-line-rule-auto pap-spacing-before-2pt pap-spacing-after-2pt\">Alien8 Recordings is an independent record label founded in 1996 in Montreal, Quebec, Canada. The label was founded by Sean O'Hara and Gary Worsley.</p>\n<p class=\"paragraph text-align-type-left pap-line-1.8 pap-line-rule-auto pap-spacing-before-2pt pap-spacing-after-2pt\">&nbsp;</p>\n<p class=\"paragraph text-align-type-left pap-line-1.8 pap-line-rule-auto pap-spacing-before-2pt pap-spacing-after-2pt\">The label has released material from prominent noise artists such as Merzbow, Think About Life, Aube, Keiji Haino, Masonna, MSBR, Francisco L&oacute;pez, Bastard Noise, and Daniel Menche, as well as electronic artists such as Tim Hecker, Lesbians on Ecstasy, Les Georges Leningrad, and Books on Tape. Alien8 also is known for releasing the 2003 debut of indie-pop band The Unicorns. It is also affiliated with two sub-labels, Fancy Recordings and Substractif.</p>\n</div>\n</div>",
 "remarks": "本词条汉字内容由 @多频百科团队 翻译+编辑\n原文译自 https://en.wikipedia.org/wiki/Alien8_Recordings",
 "remarksEn": "本词条内容来自 https://en.wikipedia.org/wiki/Alien8_Recordings",
 "status": 1,
 "clickNum": 11,
 "deleted": 0,
 "lang": 0,
 "chooseLang": true,
 "id": 9,
 "name": "Alien8",
 "descriptions": "Alien8 Recordings是一个独立厂牌，1996年成立于加拿大魁北克省的蒙特利尔，由Sean O'Hara和Gary Worsley创立。\n\n",
 "picture": "https://duopin-community.oss-cn-shenzhen.aliyuncs.com/17i6bw49gf7j0i8hbhen.png",
 "originalName": "",
 "foundTimeText": "1996",
 "foundAddress": "蒙特利尔， 魁北克",
 "founder": "Sean O'Hara\r\nGary Worsley",
 "parentBrand": "",
 "childBrand": "",
 "majorStyle": "Noise music",
 "delegateArtist": "Merzbow\nThink About Life\nAube\nKeiji Haino\nMasonna\nMSBR\nFrancisco López\nBastard Noise\nDaniel Menche,",
 "officialUrl": "www.alien8recordings.com",
 "referenceUrl": "https://en.wikipedia.org/wiki/Alien8_Recordings",
 "manageStatusText": "",
 "style": "Noise music",
 "country": "加拿大",
 "typeId": 14,
 "typeName": "厂牌",
 "dataId": 9,
 "url": "http://dropinapp.hearinmusic.com/#/ency?typeId=14&dataId=9"
}