{
 "pageNum": 1,
 "pageSize": 10,
 "params": {},
 "content": "<p></p>\n\r<p></p>\n\r<p></p>\n\r<p></p>",
 "remarks": "本词条内容暂未完善仅供参考，多频百科小编正在火速赶来",
 "remarksEn": "本词条内容暂未完善仅供参考，多频百科小编正在火速赶来",
 "status": 0,
 "clickNum": 0,
 "deleted": 0,
 "lang": 0,
 "chooseLang": false,
 "id": 392,
 "name": "Alien House",
 "descriptions": "\n\r",
 "originalName": "Alien House Records",
 "foundTimeText": "2017-10-06",
 "foundAddress": "",
 "founder": "",
 "parentBrand": "",
 "childBrand": "",
 "majorStyle": "contemporary r&b, dance-pop, electropop, pop, pop rock",
 "delegateArtist": "",
 "officialUrl": "",
 "referenceUrl": "https://musicbrainz.org/label/0af4bc0d-fbfe-4896-9df5-058bbb97023d/relationships",
 "manageStatusText": "",
 "style": "contemporary r&b, dance-pop, electropop, pop, pop rock",
 "country": "",
 "typeId": 14,
 "typeName": "厂牌",
 "dataId": 392,
 "url": "http://dropinapp.hearinmusic.com/#/ency?typeId=14&dataId=392"
}