{
 "pageNum": 1,
 "pageSize": 10,
 "params": {},
 "content": "<p></p>\n\r<p></p>\n\r<p></p>\n\r<p></p>",
 "remarks": "本词条内容暂未完善仅供参考，多频百科小编正在火速赶来",
 "remarksEn": "本词条内容暂未完善仅供参考，多频百科小编正在火速赶来",
 "status": 0,
 "clickNum": 0,
 "deleted": 0,
 "lang": 0,
 "chooseLang": false,
 "id": 393,
 "name": "Alkhimia Records",
 "descriptions": "\n\r",
 "originalName": "",
 "foundTimeText": "",
 "foundAddress": " Buenos Aires, Argentina",
 "founder": "",
 "parentBrand": "",
 "childBrand": "",
 "majorStyle": "psytrance",
 "delegateArtist": "",
 "officialUrl": "http://www.alkhimiarecords.com.ar/",
 "referenceUrl": "https://musicbrainz.org/label/9ad9f792-ec26-47e1-b082-c62d580845a8",
 "manageStatusText": "",
 "style": "psytrance",
 "country": "阿根廷",
 "typeId": 14,
 "typeName": "厂牌",
 "dataId": 393,
 "url": "http://dropinapp.hearinmusic.com/#/ency?typeId=14&dataId=393"
}