{
 "pageNum": 1,
 "pageSize": 10,
 "params": {},
 "content": "<p></p>\n\r<p></p>\n\r<p></p>\n\r<p></p>",
 "remarks": "本词条内容暂未完善仅供参考，多频百科小编正在火速赶来",
 "remarksEn": "本词条内容暂未完善仅供参考，多频百科小编正在火速赶来",
 "status": 0,
 "clickNum": 0,
 "deleted": 0,
 "lang": 0,
 "chooseLang": false,
 "id": 394,
 "name": "All Night Long Records",
 "descriptions": "\n\r",
 "originalName": "",
 "foundTimeText": "2020",
 "foundAddress": " Liverpool, Merseyside, England, United Kingdom",
 "founder": "Midnight City",
 "parentBrand": "",
 "childBrand": "",
 "majorStyle": "house",
 "delegateArtist": "",
 "officialUrl": "https://www.allnightlongrecords.com/",
 "referenceUrl": "https://musicbrainz.org/label/9a3b8c64-6508-4cc3-977f-c880f4600424/relationships",
 "manageStatusText": "",
 "style": "house",
 "country": "英国",
 "typeId": 14,
 "typeName": "厂牌",
 "dataId": 394,
 "url": "http://dropinapp.hearinmusic.com/#/ency?typeId=14&dataId=394"
}