{
 "pageNum": 1,
 "pageSize": 10,
 "params": {},
 "content": "<div>\n<div class=\"document\">\n<p class=\"paragraph text-align-type-left pap-line-1.8 pap-line-rule-auto pap-spacing-before-2pt pap-spacing-after-2pt\">All Around the World（也称为AATW）是起源于英国布莱克本的英国唱片公司。它是Universal的子公司，并与N-Trance、Armin van Buuren、Cascada、Dannii Minogue、Lost Frequencies、Scooter、N-Dubz、Skepta、Starley、Yolanda Be Cool等艺术家合作共同取得成功。该唱片公司还经营四个音乐电视频道：Clubland TV和三个Now Music品牌频道-Now 70s, Now 80s and Now 90s。</p>\n<p class=\"paragraph text-align-type-left pap-line-1.8 pap-line-rule-auto pap-spacing-before-2pt pap-spacing-after-2pt\">&nbsp;</p>\n<p class=\"paragraph text-align-type-left pap-line-1.8 pap-line-rule-auto pap-spacing-before-2pt pap-spacing-after-2pt\"><strong>历史</strong></p>\n<p class=\"paragraph text-align-type-left pap-line-1.8 pap-line-rule-auto pap-spacing-before-2pt pap-spacing-after-2pt\">1991年，克里斯&middot;纳塔尔（Cris Nutall）和马特&middot;卡德曼（Matt Cadman）在布莱克本创立了&ldquo;环游世界&rdquo; 。在整个1990年代，AATW和很多英国电子音乐歌手签约，包括Love Decade，2 Funky 2，Bus Stop，Porn Kings和N- Trance， AATW一首带有&ldquo;Set You Free&rdquo;标签的歌曲荣获 1995 年英国单曲排名第二。</p>\n<p class=\"paragraph text-align-type-left pap-line-1.8 pap-line-rule-auto pap-spacing-before-2pt pap-spacing-after-2pt\">&nbsp;</p>\n<div>\n<div class=\"document\">\n<p class=\"paragraph text-align-type-left pap-line-1.8 pap-line-rule-auto pap-spacing-before-2pt pap-spacing-after-2pt\">在2000年代，随着Flip＆Fill、Ultrabeat、Cascada、Danini Minogue、Scooter、Darren Styles、N-Dubz、Skepta等艺术家的签约和发展，该厂牌得到了扩展。</p>\n<p class=\"paragraph text-align-type-left pap-line-1.8 pap-line-rule-auto pap-spacing-before-2pt pap-spacing-after-2pt\">&nbsp;</p>\n</div>\n</div>\n<p class=\"paragraph text-align-type-left pap-line-1.8 pap-line-rule-auto pap-spacing-before-2pt pap-spacing-after-2pt\" style=\"text-align: justify;\">在2000年代初期，AATW还建立了长期的Clubland精选专辑系列，以及与UMTV / UMOD合作发行的其他各种品牌的精选专辑。其他合辑包括Rock the Dancefloor、Floorfillers、Ultimate Club Anthem、Love2Club、100% Chilled、Ultimate NRG 和 Dance Mania。</p>\n<p class=\"paragraph text-align-type-left pap-line-1.8 pap-line-rule-auto pap-spacing-before-2pt pap-spacing-after-2pt\" style=\"text-align: justify;\">&nbsp;</p>\n<p class=\"paragraph text-align-type-left pap-line-1.8 pap-line-rule-auto pap-spacing-before-2pt pap-spacing-after-2pt\" style=\"text-align: justify;\">2008年3月，AATW组织了一系列Clubland竞技场活动，随后是第二次巡回演唱会Clubland Live 2，于2008年12月举行，而第三次巡回演出则在2010年。</p>\n<p class=\"paragraph text-align-type-left pap-line-1.8 pap-line-rule-auto pap-spacing-before-2pt pap-spacing-after-2pt\" style=\"text-align: justify;\">&nbsp;</p>\n<p class=\"paragraph text-align-type-left pap-line-1.8 pap-line-rule-auto pap-spacing-before-2pt pap-spacing-after-2pt\" style=\"text-align: justify;\"><strong>电视频道</strong></p>\n<div>\n<div class=\"document\">\n<p class=\"paragraph text-align-type-left pap-line-1.8 pap-line-rule-auto pap-spacing-before-2pt pap-spacing-after-2pt\" style=\"text-align: justify;\">2008年1月28日，AATW推出了自己的电视频道Clubland TV。该频道播放官方音乐视频，并为新兴舞蹈和流行音乐艺术家提供平台，以及提供围绕过去时代的特色节目。该频道主要播放舞蹈音乐视频。</p>\n<p class=\"paragraph text-align-type-left pap-line-1.8 pap-line-rule-auto pap-spacing-before-2pt pap-spacing-after-2pt\" style=\"text-align: justify;\">&nbsp;</p>\n<p class=\"paragraph text-align-type-left pap-line-1.8 pap-line-rule-auto pap-spacing-before-2pt pap-spacing-after-2pt\" style=\"text-align: justify;\">AATW还拥有另外三个音乐电视频道，这些频道目前与Now Music合作。</p>\n</div>\n</div>\n</div>\n</div>",
 "contentEn": "<div class=\"document\">\n<div>\n<div class=\"document\">\n<p class=\"paragraph text-align-type-left pap-line-1.8 pap-line-rule-auto pap-spacing-before-2pt pap-spacing-after-2pt\">All Around the World (also known as AATW) is a British record label originating in Blackburn, United Kingdom. It is a subsidiary of Universal and has had success with artists such as N-Trance, Armin van Buuren, Cascada, Dannii Minogue, Lost Frequencies, Scooter, N-Dubz, Skepta, Starley, Yolanda Be Cool, and many more. The label also runs four music TV channels; Clubland TV, and three Now Music-branded channels - Now 70s, Now 80s and Now 90s.</p>\n<p class=\"paragraph text-align-type-left pap-line-1.8 pap-line-rule-auto pap-spacing-before-2pt pap-spacing-after-2pt\">&nbsp;</p>\n<div>\n<div class=\"document\">\n<p class=\"paragraph text-align-type-left pap-line-1.8 pap-line-rule-auto pap-spacing-before-2pt pap-spacing-after-2pt\"><strong>History</strong></p>\n<p class=\"paragraph text-align-type-left pap-line-1.8 pap-line-rule-auto pap-spacing-before-2pt pap-spacing-after-2pt\">All Around the World was founded in Blackburn by Cris Nutall and Matt Cadman in 1991. Throughout the 1990s, AATW established an abundance of British electronic music acts including Love Decade, 2 Funky 2, Bus Stop, Porn Kings and N-Trance - who achieved a number two UK single with their track \"Set You Free\" on the label in 1995.</p>\n<p class=\"paragraph text-align-type-left pap-line-1.8 pap-line-rule-auto pap-spacing-before-2pt pap-spacing-after-2pt\">&nbsp;</p>\n<p class=\"paragraph text-align-type-left pap-line-1.8 pap-line-rule-auto pap-spacing-before-2pt pap-spacing-after-2pt\">The 2000s saw the label expand with the signing and development of artists such as Flip &amp; Fill, Ultrabeat, Cascada, Dannii Minogue, Scooter, Darren Styles, N-Dubz, Skepta and many more. During the early 2000s, AATW also founded the long-standing Clubland compilation album series, as well as various other branded compilation titles released in partnership with UMTV/ UMOD. Other compilation series' included Rock the Dancefloor, Floorfillers, Ultimate Club Anthems, Love2Club, 100% Chilled, Ultimate NRG and Dance Mania.</p>\n<p class=\"paragraph text-align-type-left pap-line-1.8 pap-line-rule-auto pap-spacing-before-2pt pap-spacing-after-2pt\">&nbsp;</p>\n<p class=\"paragraph text-align-type-left pap-line-1.8 pap-line-rule-auto pap-spacing-before-2pt pap-spacing-after-2pt\">In March 2008, AATW organised a series of Clubland arena events, followed by a second tour, Clubland Live 2, which took place in December 2008 and a third in 2010.</p>\n<p class=\"paragraph text-align-type-left pap-line-1.8 pap-line-rule-auto pap-spacing-before-2pt pap-spacing-after-2pt\">&nbsp;</p>\n<div>\n<div class=\"document\">\n<p class=\"paragraph text-align-type-left pap-line-1.8 pap-line-rule-auto pap-spacing-before-2pt pap-spacing-after-2pt\"><strong>Television channels</strong></p>\n<p class=\"paragraph text-align-type-left pap-line-1.8 pap-line-rule-auto pap-spacing-before-2pt pap-spacing-after-2pt\">On 28 January 2008, All Around the World launched their own TV channel, Clubland TV. The channel broadcasts official music videos and acts as a platform for emerging dance and pop music artists as well as featuring programmes focused around bygone eras. Primarily the channel broadcasts dance music videos.</p>\n<p class=\"paragraph text-align-type-left pap-line-1.8 pap-line-rule-auto pap-spacing-before-2pt pap-spacing-after-2pt\">&nbsp;</p>\n<p class=\"paragraph text-align-type-left pap-line-1.8 pap-line-rule-auto pap-spacing-before-2pt pap-spacing-after-2pt\">All Around the World also owns three other music TV channels currently branded in partnership with Now Music.</p>\n</div>\n</div>\n</div>\n</div>\n</div>\n</div>\n</div>",
 "remarks": "本词条汉字内容由 @多频百科团队 翻译+编辑\n原文译自 https://en.wikipedia.org/wiki/All_Around_the_World_Productions",
 "remarksEn": "本词条内容来自 https://en.wikipedia.org/wiki/All_Around_the_World_Productions",
 "status": 1,
 "clickNum": 11,
 "deleted": 0,
 "lang": 0,
 "chooseLang": true,
 "id": 10,
 "name": "All Around The World",
 "descriptions": "All Around the World（也称为AATW）是起源于英国布莱克本的英国唱片公司。它是Universal的子公司，并与N-Trance、Armin van Buuren、Cascada、Dannii Minogue、Lost Frequencies、Scooter、N-Dubz、Skepta、Starley、Yolanda Be Cool等艺术家合作共同取得成功。该唱片公司还经营四个音乐电视频道：Clubland TV和三个Now Music品牌频道-Now 70s, Now 80s and Now 90s。",
 "picture": "https://duopin-community.oss-cn-shenzhen.aliyuncs.com/iyzpd3d5v9rwj9acbb0y.png",
 "originalName": "AATW",
 "foundTimeText": "1991",
 "foundAddress": "英国英国布莱克本",
 "founder": "Cris NuttallMatt Cadman",
 "parentBrand": "Universal ",
 "childBrand": "",
 "majorStyle": "Electronic dance music",
 "delegateArtist": "Sigma\r\nFlux Pavilion\r\nSan Holo\r\nAnnie\r\nATB\r\nAlan Walker\r\nArmin Van Buuren\r\nAbra Cadabra\r\nAgnes\r\nAxwell\r\nAlexandra Stan\r\nBasshunter\r\nCascada\r\nCash Cash\r\nDannii Minogue\r\nDappy\r\nDarren Styles\r\nIcona Pop\r\nLiz McClarnon\r\nLost Frequencies\r\nLucy Hale\r\nMartin Garrix\r\nMartin Solveig\r\nMorandi\r\nMura Masa\r\nN-Dubz\r\nN-Trance\r\nProfessor Green\r\nPixie Lott\r\nScooter\r\nShowtek\r\nSkepta\r\nSweet Female Attitude\r\nStarley\r\nThomas Gold\r\nTiësto\r\nTulisa\r\nUltrabeat\r\nWideboys",
 "officialUrl": "aatw.com",
 "referenceUrl": "https://en.wikipedia.org/wiki/All_Around_the_World_Productions",
 "manageStatusText": "运营中",
 "style": "Electronic dance music",
 "country": "英国",
 "typeId": 14,
 "typeName": "厂牌",
 "dataId": 10,
 "url": "http://dropinapp.hearinmusic.com/#/ency?typeId=14&dataId=10"
}