{
 "pageNum": 1,
 "pageSize": 10,
 "params": {},
 "content": "<p></p>\n\r<p></p>\n\r<p></p>\n\r<p></p>",
 "remarks": "本词条内容暂未完善仅供参考，多频百科小编正在火速赶来",
 "remarksEn": "本词条内容暂未完善仅供参考，多频百科小编正在火速赶来",
 "status": 0,
 "clickNum": 0,
 "deleted": 0,
 "lang": 0,
 "chooseLang": false,
 "id": 395,
 "name": "Alles Geben Musik",
 "descriptions": "\n\r",
 "picture": "https://duopin-community.oss-cn-shenzhen.aliyuncs.com/sj676bs3327jmafuwtkv.jpg",
 "originalName": "",
 "foundTimeText": "",
 "foundAddress": "Germany",
 "founder": "",
 "parentBrand": "",
 "childBrand": "",
 "majorStyle": "hip hop",
 "delegateArtist": "",
 "officialUrl": "",
 "referenceUrl": "https://musicbrainz.org/label/17cd48b6-2206-4308-805f-6455acc9601b/details",
 "manageStatusText": "",
 "style": "hip hop",
 "country": "德国",
 "typeId": 14,
 "typeName": "厂牌",
 "dataId": 395,
 "url": "http://dropinapp.hearinmusic.com/#/ency?typeId=14&dataId=395"
}