{
 "pageNum": 1,
 "pageSize": 10,
 "params": {},
 "content": "<p></p>\n\r<p></p>\n\r<p></p>\n\r<p></p>",
 "remarks": "本词条内容暂未完善仅供参考，多频百科小编正在火速赶来",
 "remarksEn": "本词条内容暂未完善仅供参考，多频百科小编正在火速赶来",
 "status": 0,
 "clickNum": 0,
 "deleted": 0,
 "lang": 0,
 "chooseLang": false,
 "id": 397,
 "name": "Alpha Music Empire",
 "descriptions": "\n\r",
 "originalName": "",
 "foundTimeText": "2016",
 "foundAddress": " Stromberg, Rheinland-Pfalz, Germany",
 "founder": "Kollegah",
 "parentBrand": "",
 "childBrand": "",
 "majorStyle": "hip hop",
 "delegateArtist": "",
 "officialUrl": "http://www.alphamusicempire.de/",
 "referenceUrl": "https://musicbrainz.org/label/5f385825-6c5f-41b7-b71a-b843f1b4172c",
 "manageStatusText": "",
 "style": "hip hop",
 "country": "德国",
 "typeId": 14,
 "typeName": "厂牌",
 "dataId": 397,
 "url": "http://dropinapp.hearinmusic.com/#/ency?typeId=14&dataId=397"
}