{
 "pageNum": 1,
 "pageSize": 10,
 "params": {},
 "content": "<p></p>\n\r<p></p>\n\r<p></p>\n\r<p></p>",
 "remarks": "本词条内容暂未完善仅供参考，多频百科小编正在火速赶来",
 "remarksEn": "本词条内容暂未完善仅供参考，多频百科小编正在火速赶来",
 "status": 0,
 "clickNum": 0,
 "deleted": 0,
 "lang": 0,
 "chooseLang": false,
 "id": 398,
 "name": "Altar Records",
 "descriptions": "\n\nPsy-ambient / progressive trance / meditation music label from Canada, founded in 2009 and headed by DJ Zen. \n",
 "picture": "https://duopin-community.oss-cn-shenzhen.aliyuncs.com/rz29ldnnw2y7hl82elpc.jpg",
 "originalName": "",
 "foundTimeText": " 2009",
 "foundAddress": "Canada",
 "founder": "DJ Zen",
 "parentBrand": "",
 "childBrand": "\nAltar Progressive, Altar Techno",
 "majorStyle": "ambient, downtempo, electronic, psy-trance, psychedelic",
 "delegateArtist": "",
 "officialUrl": "http://www.altar-records.com/",
 "referenceUrl": "https://musicbrainz.org/label/5c7fecfa-93f4-4591-bb32-61465ada9bab/relationships",
 "manageStatusText": "",
 "style": "ambient, downtempo, electronic, psy-trance, psychedelic",
 "country": "加拿大",
 "typeId": 14,
 "typeName": "厂牌",
 "dataId": 398,
 "url": "http://dropinapp.hearinmusic.com/#/ency?typeId=14&dataId=398"
}