{
 "pageNum": 1,
 "pageSize": 10,
 "params": {},
 "remarks": "本词条内容暂未完善仅供参考，多频百科小编正在火速赶来",
 "remarksEn": "本词条内容暂未完善仅供参考，多频百科小编正在火速赶来",
 "status": 0,
 "clickNum": 0,
 "deleted": 0,
 "lang": 0,
 "chooseLang": false,
 "id": 1899,
 "name": "Alter Ego",
 "foundTimeText": "2020",
 "foundAddress": "洛杉矶",
 "founder": "Hex Cougar",
 "style": "",
 "country": "美国",
 "typeId": 14,
 "typeName": "厂牌",
 "dataId": 1899,
 "url": "http://dropinapp.hearinmusic.com/#/ency?typeId=14&dataId=1899"
}