{
 "pageNum": 1,
 "pageSize": 10,
 "params": {},
 "remarks": "本词条内容暂未完善仅供参考，多频百科小编正在火速赶来",
 "remarksEn": "本词条内容暂未完善仅供参考，多频百科小编正在火速赶来",
 "status": 0,
 "clickNum": 1,
 "deleted": 0,
 "lang": 0,
 "chooseLang": false,
 "id": 1830,
 "name": "Altered States",
 "descriptions": "Altered States is Zeds Dead's attempts to duplicate the success of their flagship record label Deadbeats with a new imprint, which will focus on the more downtempo and experimental side of bass music.",
 "picture": "https://duopin-community.oss-cn-shenzhen.aliyuncs.com/j8z76w6mwskg23yrrb74.jpg",
 "foundTimeText": "2021",
 "foundAddress": "加拿大",
 "founder": "Zeds Dead",
 "parentBrand": "Deadbeats",
 "majorStyle": "downtempo, bass music, experimental",
 "delegateArtist": "Zeds Dead",
 "manageStatusText": "运营中",
 "style": "Downtempo, Bass Music",
 "country": "加拿大",
 "typeId": 14,
 "typeName": "厂牌",
 "dataId": 1830,
 "url": "http://dropinapp.hearinmusic.com/#/ency?typeId=14&dataId=1830"
}