{
 "pageNum": 1,
 "pageSize": 10,
 "params": {},
 "content": "<p></p>\n\r<p></p>\n\r<p></p>\n\r<p></p>",
 "remarks": "本词条内容暂未完善仅供参考，多频百科小编正在火速赶来",
 "remarksEn": "本词条内容暂未完善仅供参考，多频百科小编正在火速赶来",
 "status": 0,
 "clickNum": 0,
 "deleted": 0,
 "lang": 0,
 "chooseLang": false,
 "id": 399,
 "name": "ALTOSPIN",
 "descriptions": "\n\nLabel run by Boris Segal aka Project Lazarus, releasing electronic music. \n",
 "picture": "https://duopin-community.oss-cn-shenzhen.aliyuncs.com/w5cmijl60cceiggwp4w7.jpg",
 "originalName": "",
 "foundTimeText": " 2016-01-01",
 "foundAddress": " Canada",
 "founder": "",
 "parentBrand": "",
 "childBrand": "\nDarkness Hides, XISUN",
 "majorStyle": "electronic, techno",
 "delegateArtist": "",
 "officialUrl": "http://altospin.com/",
 "referenceUrl": "https://musicbrainz.org/label/b4f4a46c-cd7b-4fec-8a24-94e8666195ef",
 "manageStatusText": "",
 "style": "electronic, techno",
 "country": "加拿大",
 "typeId": 14,
 "typeName": "厂牌",
 "dataId": 399,
 "url": "http://dropinapp.hearinmusic.com/#/ency?typeId=14&dataId=399"
}