{
 "pageNum": 1,
 "pageSize": 10,
 "params": {},
 "content": "<p></p>\n\r<p></p>\n\r<p></p>\n\r<p></p>",
 "remarks": "本词条内容暂未完善仅供参考，多频百科小编正在火速赶来",
 "remarksEn": "本词条内容暂未完善仅供参考，多频百科小编正在火速赶来",
 "status": 0,
 "clickNum": 0,
 "deleted": 0,
 "lang": 0,
 "chooseLang": false,
 "id": 400,
 "name": "ALWAYS PROPER",
 "descriptions": "\n\r",
 "originalName": "ALWAYS PROP3R",
 "foundTimeText": " 2014-03-03",
 "foundAddress": " El Paso, Texas, United States",
 "founder": "",
 "parentBrand": "",
 "childBrand": "",
 "majorStyle": "experimental, glitch, trip hop",
 "delegateArtist": "",
 "officialUrl": "",
 "referenceUrl": "https://musicbrainz.org/label/6f15f16b-bfc2-43cf-a70f-3178ce3e0efd/relationships",
 "manageStatusText": "",
 "style": "experimental, glitch, trip hop",
 "country": "美国",
 "typeId": 14,
 "typeName": "厂牌",
 "dataId": 400,
 "url": "http://dropinapp.hearinmusic.com/#/ency?typeId=14&dataId=400"
}