{
 "pageNum": 1,
 "pageSize": 10,
 "params": {},
 "content": "<p></p>\n\r<p></p>\n\r<p></p>\n\r<p></p>",
 "remarks": "本词条内容暂未完善仅供参考，多频百科小编正在火速赶来",
 "remarksEn": "本词条内容暂未完善仅供参考，多频百科小编正在火速赶来",
 "status": 0,
 "clickNum": 0,
 "deleted": 0,
 "lang": 0,
 "chooseLang": false,
 "id": 401,
 "name": "Amaru Entertainment",
 "descriptions": "\nRecord label that handles the release of unreleased 2Pac material. \nInitially founded as Amaru Records (2) by Afeni Shakur in 1997, but later then renamed to Amaru Entertainment. \n",
 "picture": "https://duopin-community.oss-cn-shenzhen.aliyuncs.com/ed4qcy2bag5hovemj9fl.jpg",
 "originalName": "",
 "foundTimeText": "1977",
 "foundAddress": "",
 "founder": "Afeni Shakur",
 "parentBrand": "",
 "childBrand": "",
 "majorStyle": "hip hop, west coast hip hop",
 "delegateArtist": "",
 "officialUrl": "",
 "referenceUrl": "https://musicbrainz.org/label/3ee04963-6b80-4aad-9082-5b954c170056",
 "manageStatusText": "",
 "style": "hip hop, west coast hip hop",
 "country": "",
 "typeId": 14,
 "typeName": "厂牌",
 "dataId": 401,
 "url": "http://dropinapp.hearinmusic.com/#/ency?typeId=14&dataId=401"
}