{
 "pageNum": 1,
 "pageSize": 10,
 "params": {},
 "content": "<p></p>\n\r<p></p>\n\r<p></p>\n\r<p></p>",
 "remarks": "本词条内容暂未完善仅供参考，多频百科小编正在火速赶来",
 "remarksEn": "本词条内容暂未完善仅供参考，多频百科小编正在火速赶来",
 "status": 0,
 "clickNum": 0,
 "deleted": 0,
 "lang": 0,
 "chooseLang": false,
 "id": 403,
 "name": "Amaru Records",
 "descriptions": "\n\nRecord label founded by Afeni Shakur in 1997. \nLater renamed to Amaru Entertainment. \n",
 "picture": "https://duopin-community.oss-cn-shenzhen.aliyuncs.com/ra3y2o3tuabdyxc2m9h4.jpg",
 "originalName": "",
 "foundTimeText": "1997",
 "foundAddress": "",
 "founder": "Afeni Shakur",
 "parentBrand": "",
 "childBrand": "",
 "majorStyle": "hip hop",
 "delegateArtist": "",
 "officialUrl": "",
 "referenceUrl": "",
 "manageStatusText": "",
 "style": "hip hop",
 "country": "",
 "typeId": 14,
 "typeName": "厂牌",
 "dataId": 403,
 "url": "http://dropinapp.hearinmusic.com/#/ency?typeId=14&dataId=403"
}