{
 "pageNum": 1,
 "pageSize": 10,
 "params": {},
 "content": "<p></p>\n\r<p></p>\n\r<p></p>\n\r<p></p>",
 "remarks": "本词条内容暂未完善仅供参考，多频百科小编正在火速赶来",
 "remarksEn": "本词条内容暂未完善仅供参考，多频百科小编正在火速赶来",
 "status": 0,
 "clickNum": 0,
 "deleted": 0,
 "lang": 0,
 "chooseLang": false,
 "id": 404,
 "name": "Ambiel Music",
 "descriptions": "\n\n\nAmbiel Music are a collective of artists who run the label. They all either produce the artists on the label or creatively direct the projects they release. There are many cogs that make the brand what it is. Ambiel Music are deeply passionate about the music they work on and are focussed on the artistic space a modern artist needs to be truly creative. ",
 "picture": "https://duopin-community.oss-cn-shenzhen.aliyuncs.com/4hceb4spew06ef6i7nbc.jpg",
 "originalName": "",
 "foundTimeText": "2007-04-01",
 "foundAddress": "United Kingdom",
 "founder": "Nathaniel James Clarkson,Gordon Mulrain ",
 "parentBrand": "",
 "childBrand": "",
 "majorStyle": "electro, electronic, experimental, hip hop, indie",
 "delegateArtist": "",
 "officialUrl": "http://ambielmusic.com/",
 "referenceUrl": "https://musicbrainz.org/label/4dd7393b-b17a-40c4-8b0d-953f2a313fa9",
 "manageStatusText": "",
 "style": "electro, electronic, experimental, hip hop, indie",
 "country": "英国",
 "typeId": 14,
 "typeName": "厂牌",
 "dataId": 404,
 "url": "http://dropinapp.hearinmusic.com/#/ency?typeId=14&dataId=404"
}