{
 "pageNum": 1,
 "pageSize": 10,
 "params": {},
 "content": "<p></p>\n\r<p></p>\n\r<p></p>\n\r<p></p>",
 "remarks": "本词条内容暂未完善仅供参考，多频百科小编正在火速赶来",
 "remarksEn": "本词条内容暂未完善仅供参考，多频百科小编正在火速赶来",
 "status": 0,
 "clickNum": 0,
 "deleted": 0,
 "lang": 0,
 "chooseLang": false,
 "id": 405,
 "name": "Ambient World",
 "descriptions": "\n\n\nOne of the FAX +49-69/450464 sub labels. \nThe purpose: reissue their own older out of print material due to heavy demand. ",
 "picture": "https://duopin-community.oss-cn-shenzhen.aliyuncs.com/t9zyma7a9y0xek13tpoh.jpg",
 "originalName": "",
 "foundTimeText": "",
 "foundAddress": "Germany",
 "founder": "",
 "parentBrand": "FAX +49-69/450464",
 "childBrand": "",
 "majorStyle": "ambient techno",
 "delegateArtist": "",
 "officialUrl": "",
 "referenceUrl": "https://musicbrainz.org/label/2a240767-24a0-49f1-9dd3-694d3f23c7c9",
 "manageStatusText": "",
 "style": "ambient techno",
 "country": "德国",
 "typeId": 14,
 "typeName": "厂牌",
 "dataId": 405,
 "url": "http://dropinapp.hearinmusic.com/#/ency?typeId=14&dataId=405"
}