{
 "pageNum": 1,
 "pageSize": 10,
 "params": {},
 "content": "<p></p>\n\r<p></p>\n\r<p></p>\n\r<p></p>",
 "remarks": "本词条内容暂未完善仅供参考，多频百科小编正在火速赶来",
 "remarksEn": "本词条内容暂未完善仅供参考，多频百科小编正在火速赶来",
 "status": 0,
 "clickNum": 0,
 "deleted": 0,
 "lang": 0,
 "chooseLang": false,
 "id": 407,
 "name": "Ampirik Records",
 "descriptions": "\n\r",
 "originalName": "",
 "foundTimeText": "",
 "foundAddress": "",
 "founder": "",
 "parentBrand": "",
 "childBrand": "",
 "majorStyle": "electronica, trip hop",
 "delegateArtist": "",
 "officialUrl": "\thttp://www.ampirikrecords.info/",
 "referenceUrl": "https://musicbrainz.org/label/ea3b81f4-f037-4fec-a64a-2c4054b90406/relationships",
 "manageStatusText": "",
 "style": "electronica, trip hop",
 "country": "",
 "typeId": 14,
 "typeName": "厂牌",
 "dataId": 407,
 "url": "http://dropinapp.hearinmusic.com/#/ency?typeId=14&dataId=407"
}