{
 "pageNum": 1,
 "pageSize": 10,
 "params": {},
 "content": "<p></p>\n\r<p></p>\n\r<p></p>\n\r<p></p>",
 "remarks": "本词条内容暂未完善仅供参考，多频百科小编正在火速赶来",
 "remarksEn": "本词条内容暂未完善仅供参考，多频百科小编正在火速赶来",
 "status": 0,
 "clickNum": 0,
 "deleted": 0,
 "lang": 0,
 "chooseLang": false,
 "id": 408,
 "name": "Amstaff",
 "descriptions": "\nFormer Rap label from Berlin, Federal Republic of Germany. Nowadays a sole clothing brand.\n\n",
 "picture": "https://duopin-community.oss-cn-shenzhen.aliyuncs.com/lzso37qsggvvgz3nh936.jpg",
 "originalName": "",
 "foundTimeText": "",
 "foundAddress": "",
 "founder": "",
 "parentBrand": "",
 "childBrand": "",
 "majorStyle": "hip hop",
 "delegateArtist": "",
 "officialUrl": "",
 "referenceUrl": "",
 "manageStatusText": "",
 "style": "hip hop",
 "country": "",
 "typeId": 14,
 "typeName": "厂牌",
 "dataId": 408,
 "url": "http://dropinapp.hearinmusic.com/#/ency?typeId=14&dataId=408"
}