{
 "pageNum": 1,
 "pageSize": 10,
 "params": {},
 "content": "<p></p>\n\r<p></p>\n\r<p></p>\n\r<p></p>",
 "remarks": "本词条内容暂未完善仅供参考，多频百科小编正在火速赶来",
 "remarksEn": "本词条内容暂未完善仅供参考，多频百科小编正在火速赶来",
 "status": 0,
 "clickNum": 1,
 "deleted": 0,
 "lang": 0,
 "chooseLang": false,
 "id": 409,
 "name": "Ancient Methods",
 "descriptions": "\nGerman Industrial/Techno label, founded by Ancient Methods.\n\n",
 "picture": "https://duopin-community.oss-cn-shenzhen.aliyuncs.com/j8nsph6p6oilie4sbnpg.jpg",
 "originalName": "",
 "foundTimeText": "2007",
 "foundAddress": "",
 "founder": "\tAncient Methods",
 "parentBrand": "",
 "childBrand": "",
 "majorStyle": "techno",
 "delegateArtist": "",
 "officialUrl": "\thttp://www.ancientmethods.com/ [info]",
 "referenceUrl": "https://musicbrainz.org/label/1f08d4fd-47eb-42f8-850a-9fefd17c1083",
 "manageStatusText": "",
 "style": "techno",
 "country": "",
 "typeId": 14,
 "typeName": "厂牌",
 "dataId": 409,
 "url": "http://dropinapp.hearinmusic.com/#/ency?typeId=14&dataId=409"
}