{
 "pageNum": 1,
 "pageSize": 10,
 "params": {},
 "content": "<p></p>\n\r<p></p>\n\r<p></p>\n\r<p></p>",
 "remarks": "本词条内容暂未完善仅供参考，多频百科小编正在火速赶来",
 "remarksEn": "本词条内容暂未完善仅供参考，多频百科小编正在火速赶来",
 "status": 0,
 "clickNum": 0,
 "deleted": 0,
 "lang": 0,
 "chooseLang": false,
 "id": 410,
 "name": "Andean Tribe Records",
 "descriptions": "\nPsytrance Community La Paz Dept, Bolivia\n\n",
 "picture": "https://duopin-community.oss-cn-shenzhen.aliyuncs.com/okqedbsj7hryf8pw58jp.jpg",
 "originalName": "",
 "foundTimeText": "",
 "foundAddress": "",
 "founder": "",
 "parentBrand": "",
 "childBrand": "",
 "majorStyle": "psychedelic, psytrance, trance",
 "delegateArtist": "",
 "officialUrl": "",
 "referenceUrl": "https://musicbrainz.org/label/96db4d4e-f711-491c-994a-36a7ba74cfe4",
 "manageStatusText": "",
 "style": "psychedelic, psytrance, trance",
 "country": "",
 "typeId": 14,
 "typeName": "厂牌",
 "dataId": 410,
 "url": "http://dropinapp.hearinmusic.com/#/ency?typeId=14&dataId=410"
}