{
 "pageNum": 1,
 "pageSize": 10,
 "params": {},
 "content": "<p></p>\n\r<p></p>\n\r<p></p>\n\r<p></p>",
 "remarks": "本词条内容暂未完善仅供参考，多频百科小编正在火速赶来",
 "remarksEn": "本词条内容暂未完善仅供参考，多频百科小编正在火速赶来",
 "status": 0,
 "clickNum": 0,
 "deleted": 0,
 "lang": 0,
 "chooseLang": false,
 "id": 411,
 "name": "Andromeda Recordings",
 "descriptions": "\n\r",
 "picture": "https://duopin-community.oss-cn-shenzhen.aliyuncs.com/2xuntt71qzm8pwm34d4z.jpg",
 "originalName": "",
 "foundTimeText": "",
 "foundAddress": "",
 "founder": "",
 "parentBrand": " Andromeda Recordings Group",
 "childBrand": "",
 "majorStyle": "trance",
 "delegateArtist": "",
 "officialUrl": " andromedarecordings.com",
 "referenceUrl": "https://musicbrainz.org/label/df2a12ba-7cc4-4fbc-83b2-555b4c57afe0",
 "manageStatusText": "",
 "style": "trance",
 "country": "",
 "typeId": 14,
 "typeName": "厂牌",
 "dataId": 411,
 "url": "http://dropinapp.hearinmusic.com/#/ency?typeId=14&dataId=411"
}