{
 "pageNum": 1,
 "pageSize": 10,
 "params": {},
 "content": "<p>Anjunadeep 是位于英国伦敦的独立音乐厂牌。 Anjunadeep 由 Above &amp; Beyond 和他们的经理 James Grant 于 2005 年创立，最初是作为发行Above &amp; Beyond的Club Sets中更深层（Deep）、更注重渐进（Progressive）的作品的渠道。 如今，该厂牌已成为舞曲音乐中最受景仰的独立品牌之一。</p>\n<p>&nbsp;</p>\n<p>Anjunadeep 向世界介绍了 Dusky、Yotto、Lane 8 和 Cubicolor 等艺术家，发行了 Moon Boots、Way Out West、Dusky 和 Michael Cassette 的专辑，并且一直是电子乐领域新兴人才的温床。Anjunadeep 在世界各地定期举办表演活动，包括在阿尔巴尼亚举办的自己的音乐节，并欢迎人群来到伦敦的 Printworks 和纽约市的布鲁克林幻影等首映场馆。</p>\n<p>&nbsp;</p>\n<p>2020年，在Anjunadeep 15 岁的时候，这个厂牌所代表的声音已经经历了长期的发展和变化。虽然 BPM 可能有所放缓，但 Anjunadeep 的使命始终如一：发现和分享永恒的深情灵魂（Soulful）、旋律优美（Melodic）的电子音乐。</p>",
 "contentEn": "",
 "remarks": "本词条汉字内容由 @多频百科团队 翻译+编辑\n原文译自 https://anjunadeep.com/about.html",
 "remarksEn": "本词条内容暂未完善仅供参考，多频百科小编正在火速赶来",
 "status": 0,
 "clickNum": 16,
 "deleted": 0,
 "lang": 0,
 "chooseLang": false,
 "id": 1912,
 "name": "Anjunadeep",
 "descriptions": "Anjunadeep是由Above & Beyond和James Grant于2005年在英国伦敦创立的厂牌，主营Deep & Progressive的电子音乐",
 "picture": "https://duopin-community.oss-cn-shenzhen.aliyuncs.com/0yumax9n6ncyhj6306hw.jpg",
 "foundTimeText": "2005",
 "foundAddress": "伦敦",
 "founder": "Above & Beyond, James Grant",
 "parentBrand": "",
 "majorStyle": "Deep House, Progressive House",
 "officialUrl": "https://anjunadeep.com/",
 "referenceUrl": "https://anjunadeep.com/about.html",
 "manageStatusText": "运营中",
 "style": "Deep House, Progressive House",
 "country": "英国",
 "typeId": 14,
 "typeName": "厂牌",
 "dataId": 1912,
 "url": "http://dropinapp.hearinmusic.com/#/ency?typeId=14&dataId=1912"
}