{
 "pageNum": 1,
 "pageSize": 10,
 "params": {},
 "relationChannel": "[{\"id\":1490,\"parentId\":9,\"name\":\"Anjunabeats\"}]",
 "content": "<div>\n<div class=\"document\">\n<p class=\"paragraph text-align-type-left pap-line-1.8 pap-line-rule-auto pap-spacing-before-2pt pap-spacing-after-2pt\">Anjunabeats是英国唱片公司，由来自Above &amp; Beyond的制作人Jonathan \"Jono\" Grant和Paavo Siljam&auml;ki于2000年创建。最初，它只是一个trance厂牌，大约在2011年开始主要发行trance-edged house。Anjuna这个名字是印度果阿一个海滩的名字。</p>\n<p class=\"paragraph text-align-type-left pap-line-1.8 pap-line-rule-auto pap-spacing-before-2pt pap-spacing-after-2pt\">&nbsp;</p>\n<p class=\"paragraph text-align-type-left pap-line-1.8 pap-line-rule-auto pap-spacing-before-2pt pap-spacing-after-2pt\"><strong>历史</strong></p>\n<p class=\"paragraph text-align-type-left pap-line-1.8 pap-line-rule-auto pap-spacing-before-2pt pap-spacing-after-2pt\">2000年，Anjunabeats发行了首张12英寸唱片，名为Volume One，该唱片以Grant和Siljam&auml;ki的别名Anjunabeats发行。当唱片公司取名为Anjunabeats时，他们决定以不同的别名制作唱片，例如Free State和Dirt Devils。Tony McGuinness很快便加入了他们，组成Above &amp; Beyond。</p>\n<p class=\"paragraph text-align-type-left pap-line-1.8 pap-line-rule-auto pap-spacing-before-2pt pap-spacing-after-2pt\">&nbsp;</p>\n<p class=\"paragraph text-align-type-left pap-line-1.8 pap-line-rule-auto pap-spacing-before-2pt pap-spacing-after-2pt\">2005年，Above＆Beyond推出了子厂牌Anjunadeep，旨在针对不是trance这一主要风格的发行，从而使Anjunabeats更多样化。该三人组还推出了另外两个子厂牌：Anjunadigital，负责Anjunabeats和Anjunadeep曲目的特殊混音和发行；Hard On Recordings，该厂牌在2000年至2004年较为活跃，并专注于hard trance和hard house。</p>\n<p class=\"paragraph text-align-type-left pap-line-1.8 pap-line-rule-auto pap-spacing-before-2pt pap-spacing-after-2pt\">&nbsp;</p>\n<p class=\"paragraph text-align-type-left pap-line-1.8 pap-line-rule-auto pap-spacing-before-2pt pap-spacing-after-2pt\">2017年10月3日，Anjunabeats宣布与Beatport合作举办一场名为&ldquo; Beats In School&rdquo;的制作比赛，获胜者将获得Anjunabeats艺术家为期一年的指导。加拿大的Joel Freck于2018年1月10日在 20 名决赛选手中被评为获胜者。</p>\n<p class=\"paragraph text-align-type-left pap-line-1.8 pap-line-rule-auto pap-spacing-before-2pt pap-spacing-after-2pt\">&nbsp;</p>\n<p class=\"paragraph text-align-type-left pap-line-1.8 pap-line-rule-auto pap-spacing-before-2pt pap-spacing-after-2pt\">2018年3月，Anjunabeats在YouTube上推出了一个24/7广播电台，其中收录了他们唱片公司的曲目，包括 trance 和 deep house。</p>\n</div>\n</div>",
 "contentEn": "<div class=\"document\">\n<div class=\"document\">\n<div class=\"document\">\n<div class=\"document\">\n<div>\n<div class=\"document\">\n<p class=\"paragraph text-align-type-left pap-line-1.8 pap-line-rule-auto pap-spacing-before-2pt pap-spacing-after-2pt\">Anjunabeats /&aelig;nˈdʒuːnəbiːts/ is a British record label started by producers Jonathan \"Jono\" Grant and Paavo Siljam&auml;ki of Above &amp; Beyond in 2000. Initially exclusively a trance music label, around 2011 Anjunabeats started releasing primarily trance-edged house. The name Anjuna comes from the name of a beach in Goa, India.</p>\n<p class=\"paragraph text-align-type-left pap-line-1.8 pap-line-rule-auto pap-spacing-before-2pt pap-spacing-after-2pt\">&nbsp;</p>\n<div>\n<div class=\"document\">\n<p class=\"paragraph text-align-type-left pap-line-1.8 pap-line-rule-auto pap-spacing-before-2pt pap-spacing-after-2pt\"><strong>History</strong></p>\n<p class=\"paragraph text-align-type-left pap-line-1.8 pap-line-rule-auto pap-spacing-before-2pt pap-spacing-after-2pt\">In 2000, Anjunabeats released its first 12\" record, titled Volume One, which was released under Grant and Siljam&auml;ki's alias Anjunabeats. As the label got the name Anjunabeats, they decided to produce under different aliases, such as Free State and Dirt Devils. They were soon joined by Tony McGuinness to form Above &amp; Beyond.</p>\n<p class=\"paragraph text-align-type-left pap-line-1.8 pap-line-rule-auto pap-spacing-before-2pt pap-spacing-after-2pt\">&nbsp;</p>\n<p class=\"paragraph text-align-type-left pap-line-1.8 pap-line-rule-auto pap-spacing-before-2pt pap-spacing-after-2pt\">In 2005, Above &amp; Beyond launched the sub-label Anjunadeep aimed at releases that don't fit under the main label's trance focus, allowing more diversity within Anjunabeats. The trio also launched 2 other sub-labels, Anjunadigital that deals with special remixes and releases of Anjunabeats and Anjunadeep tracks, and Hard On Recordings that was active from 2000 to 2004 and focused on hard trance and hard house.</p>\n<p class=\"paragraph text-align-type-left pap-line-1.8 pap-line-rule-auto pap-spacing-before-2pt pap-spacing-after-2pt\">&nbsp;</p>\n<p class=\"paragraph text-align-type-left pap-line-1.8 pap-line-rule-auto pap-spacing-before-2pt pap-spacing-after-2pt\">On 3 October 2017, Anjunabeats announced a collaboration with Beatport to host a production competition titled \"Beats In School\", in which the winner will earn a year-long mentorship with Anjunabeats artists. Canadian Joel Freck was named as the winner on 10 January 2018, among 20 contest finalists.</p>\n<p class=\"paragraph text-align-type-left pap-line-1.8 pap-line-rule-auto pap-spacing-before-2pt pap-spacing-after-2pt\">&nbsp;</p>\n<p class=\"paragraph text-align-type-left pap-line-1.8 pap-line-rule-auto pap-spacing-before-2pt pap-spacing-after-2pt\">In March 2018, Anjunabeats launched a 24/7 radio station on YouTube, which features tracks from their label discography including trance and deep house.</p>\n</div>\n</div>\n</div>\n</div>\n</div>\n</div>\n</div>\n</div>",
 "remarks": "本词条汉字内容由 @多频百科团队 翻译+编辑\n原文译自 https://en.wikipedia.org/wiki/Anjunabeats",
 "remarksEn": "本词条内容来自 https://en.wikipedia.org/wiki/Anjunabeats",
 "status": 1,
 "clickNum": 162,
 "deleted": 0,
 "lang": 0,
 "chooseLang": true,
 "id": 13,
 "name": "Anjunabeats",
 "descriptions": "Anjunabeats是英国唱片公司，由来自Above & Beyond的制作人Jonathan \"Jono\" Grant和Paavo Siljamäki于2000年创建。最初，它只是一个trance厂牌，大约在2011年开始主要发行trance-edged house。Anjuna这个名字是印度果阿一个海滩的名字。",
 "picture": "https://duopin-community.oss-cn-shenzhen.aliyuncs.com/l56ob30auea1f4cdhvb1.png",
 "originalName": "",
 "foundTimeText": "2000",
 "foundAddress": "London, England",
 "founder": "Jonathan \"Jono\" Grant；Paavo Siljamäki； Tony McGuinness",
 "parentBrand": "",
 "childBrand": "",
 "majorStyle": "Electronic；Trance；Progressive Trance；Progressive House",
 "delegateArtist": "Above & Beyond",
 "officialUrl": "www.anjunabeats.com",
 "referenceUrl": "https://en.wikipedia.org/wiki/Anjunabeats",
 "manageStatusText": "运营中",
 "style": "Trance, House",
 "country": "英国",
 "typeId": 14,
 "typeName": "厂牌",
 "dataId": 13,
 "url": "http://dropinapp.hearinmusic.com/#/ency?typeId=14&dataId=13"
}