{
 "pageNum": 1,
 "pageSize": 10,
 "params": {},
 "content": "<p></p>\n\r<p></p>\n\r<p></p>\n\r<p></p>",
 "remarks": "本词条内容暂未完善仅供参考，多频百科小编正在火速赶来",
 "remarksEn": "本词条内容暂未完善仅供参考，多频百科小编正在火速赶来",
 "status": 0,
 "clickNum": 0,
 "deleted": 0,
 "lang": 0,
 "chooseLang": false,
 "id": 413,
 "name": "Anomalistic Records",
 "descriptions": "\nPsychedelic Trance label based in the United States.\n\n",
 "picture": "https://duopin-community.oss-cn-shenzhen.aliyuncs.com/nc2kci4gjicw75y9pj03.jpg",
 "originalName": "",
 "foundTimeText": "",
 "foundAddress": "",
 "founder": "",
 "parentBrand": "",
 "childBrand": "",
 "majorStyle": "electronic, psychedelic, psytrance, trance",
 "delegateArtist": "",
 "officialUrl": "",
 "referenceUrl": "https://musicbrainz.org/label/718408ea-16bd-4e99-bb47-d0551143cddd",
 "manageStatusText": "",
 "style": "electronic, psychedelic, psytrance, trance",
 "country": "",
 "typeId": 14,
 "typeName": "厂牌",
 "dataId": 413,
 "url": "http://dropinapp.hearinmusic.com/#/ency?typeId=14&dataId=413"
}