{
 "pageNum": 1,
 "pageSize": 10,
 "params": {},
 "content": "<p></p>\n\r<p></p>\n\r<p></p>\n\r<p></p>",
 "remarks": "本词条内容暂未完善仅供参考，多频百科小编正在火速赶来",
 "remarksEn": "本词条内容暂未完善仅供参考，多频百科小编正在火速赶来",
 "status": 0,
 "clickNum": 0,
 "deleted": 0,
 "lang": 0,
 "chooseLang": false,
 "id": 415,
 "name": "Antidandruff",
 "descriptions": "Techno label based in Bratislava, Slovakia.\n\n",
 "picture": "https://duopin-community.oss-cn-shenzhen.aliyuncs.com/fnliova0mabu8kbpurtd.jpg",
 "originalName": "",
 "foundTimeText": "1996",
 "foundAddress": "",
 "founder": "",
 "parentBrand": "",
 "childBrand": "",
 "majorStyle": "hardcore techno, techno",
 "delegateArtist": "",
 "officialUrl": "http://standa.net/",
 "referenceUrl": "https://musicbrainz.org/label/5b10a222-aff8-4bd4-8fb5-71b888b4bc92",
 "manageStatusText": "",
 "style": "hardcore techno, techno",
 "country": "",
 "typeId": 14,
 "typeName": "厂牌",
 "dataId": 415,
 "url": "http://dropinapp.hearinmusic.com/#/ency?typeId=14&dataId=415"
}