{
 "pageNum": 1,
 "pageSize": 10,
 "params": {},
 "content": "<div>\n<div class=\"document\">\n<p class=\"paragraph text-align-type-left pap-line-1.8 pap-line-rule-auto pap-spacing-before-2pt pap-spacing-after-2pt\">Anticipate Recordings是一家位于曼哈顿的独立唱片公司，由电子音乐制作人和表演者Ezekiel Honig创立。Anticipate结合了电声，氛围，慢动作电子的元素，并创造出带有包括jazz、post&nbsp;rock、classical、dub、musique&nbsp;concr&egrave;te和minimalism等风格的影响痕迹的House音乐。</p>\n<p class=\"paragraph text-align-type-left pap-line-1.8 pap-line-rule-auto pap-spacing-before-2pt pap-spacing-after-2pt\">&nbsp;</p>\n<p class=\"paragraph text-align-type-left pap-line-1.8 pap-line-rule-auto pap-spacing-before-2pt pap-spacing-after-2pt\"><strong>艺人</strong></p>\n<p class=\"paragraph text-align-type-left pap-line-1.8 pap-line-rule-auto pap-spacing-before-2pt pap-spacing-after-2pt\">Ezekiel Honig (United States)</p>\n<p class=\"paragraph text-align-type-left pap-line-1.8 pap-line-rule-auto pap-spacing-before-2pt pap-spacing-after-2pt\">Sebastian Meissner aka Klimek (Germany)</p>\n<p class=\"paragraph text-align-type-left pap-line-1.8 pap-line-rule-auto pap-spacing-before-2pt pap-spacing-after-2pt\">aAron Munson (Canada)</p>\n<p class=\"paragraph text-align-type-left pap-line-1.8 pap-line-rule-auto pap-spacing-before-2pt pap-spacing-after-2pt\">Joshue Ott (United States)</p>\n<p class=\"paragraph text-align-type-left pap-line-1.8 pap-line-rule-auto pap-spacing-before-2pt pap-spacing-after-2pt\">Morgan Packard (United States)</p>\n<p class=\"paragraph text-align-type-left pap-line-1.8 pap-line-rule-auto pap-spacing-before-2pt pap-spacing-after-2pt\">Nicola Ratti (Italy)</p>\n<p class=\"paragraph text-align-type-left pap-line-1.8 pap-line-rule-auto pap-spacing-before-2pt pap-spacing-after-2pt\">Sawako (Japan)</p>\n<p class=\"paragraph text-align-type-left pap-line-1.8 pap-line-rule-auto pap-spacing-before-2pt pap-spacing-after-2pt\">Mark Templeton (Canada)</p>\n</div>\n</div>",
 "contentEn": "<div>\n<div class=\"document\">\n<p class=\"paragraph text-align-type-left pap-line-1.8 pap-line-rule-auto pap-spacing-before-2pt pap-spacing-after-2pt\">Anticipate Recordings is an independent record label based in Manhattan founded by electronic music producer and performer Ezekiel Honig. Anticipate combines elements of electro-acoustics, ambient, slow motion techno, and found house with traces of filtered influences ranging from jazz, post rock, classical, dub, musique concr&egrave;te, and minimalism.</p>\n<p class=\"paragraph text-align-type-left pap-line-1.8 pap-line-rule-auto pap-spacing-before-2pt pap-spacing-after-2pt\">&nbsp;</p>\n<p class=\"paragraph text-align-type-left pap-line-1.8 pap-line-rule-auto pap-spacing-before-2pt pap-spacing-after-2pt\"><strong>Artists</strong></p>\n<p class=\"paragraph text-align-type-left pap-line-1.8 pap-line-rule-auto pap-spacing-before-2pt pap-spacing-after-2pt\">Ezekiel Honig (United States)</p>\n<p class=\"paragraph text-align-type-left pap-line-1.8 pap-line-rule-auto pap-spacing-before-2pt pap-spacing-after-2pt\">Sebastian Meissner aka Klimek (Germany)</p>\n<p class=\"paragraph text-align-type-left pap-line-1.8 pap-line-rule-auto pap-spacing-before-2pt pap-spacing-after-2pt\">aAron Munson (Canada)</p>\n<p class=\"paragraph text-align-type-left pap-line-1.8 pap-line-rule-auto pap-spacing-before-2pt pap-spacing-after-2pt\">Joshue Ott (United States)</p>\n<p class=\"paragraph text-align-type-left pap-line-1.8 pap-line-rule-auto pap-spacing-before-2pt pap-spacing-after-2pt\">Morgan Packard (United States)</p>\n<p class=\"paragraph text-align-type-left pap-line-1.8 pap-line-rule-auto pap-spacing-before-2pt pap-spacing-after-2pt\">Nicola Ratti (Italy)</p>\n<p class=\"paragraph text-align-type-left pap-line-1.8 pap-line-rule-auto pap-spacing-before-2pt pap-spacing-after-2pt\">Sawako (Japan)</p>\n<p class=\"paragraph text-align-type-left pap-line-1.8 pap-line-rule-auto pap-spacing-before-2pt pap-spacing-after-2pt\">Mark Templeton (Canada)</p>\n</div>\n</div>",
 "remarks": "本词条汉字内容由 @多频百科团队 翻译+编辑\n原文译自 https://en.wikipedia.org/wiki/Anticipate_Recordings",
 "remarksEn": "本词条内容来自  https://en.wikipedia.org/wiki/Anticipate_Recordings",
 "status": 1,
 "clickNum": 10,
 "deleted": 0,
 "lang": 0,
 "chooseLang": true,
 "id": 14,
 "name": "Anticipate Recordings",
 "descriptions": "Anticipate Recordings是一家位于曼哈顿的独立唱片公司，由电子音乐制作人和表演者Ezekiel Honig创立。Anticipate结合了电声，氛围，慢动作电子的元素，并创造出带有包括jazz、post rock、classical、dub、musique concrète和minimalism等风格的影响痕迹的House音乐。",
 "picture": "https://duopin-community.oss-cn-shenzhen.aliyuncs.com/xusha4idutfl8cl8rz53.jpg",
 "originalName": "",
 "foundTimeText": "",
 "foundAddress": "New York City",
 "founder": "Ezekiel Honig",
 "parentBrand": "",
 "childBrand": "",
 "majorStyle": "Ambient； experimental； techno",
 "delegateArtist": "Ezekiel Honig (United States)\r\nSebastian Meissner aka Klimek (Germany)\r\naAron Munson (Canada)\r\nJoshue Ott (United States)\r\nMorgan Packard (United States)\r\nNicola Ratti (Italy)\r\nSawako (Japan)\r\nMark Templeton (Canada)",
 "officialUrl": "anticipaterecordings.com",
 "referenceUrl": "https://en.wikipedia.org/wiki/Anticipate_Recordings",
 "manageStatusText": "运营中",
 "style": "Ambient, Experimental, Techno",
 "country": "美国",
 "typeId": 14,
 "typeName": "厂牌",
 "dataId": 14,
 "url": "http://dropinapp.hearinmusic.com/#/ency?typeId=14&dataId=14"
}