{
 "pageNum": 1,
 "pageSize": 10,
 "params": {},
 "content": "<p></p>\n\r<p></p>\n\r<p></p>\n\r<p></p>",
 "remarks": "本词条内容暂未完善仅供参考，多频百科小编正在火速赶来",
 "remarksEn": "本词条内容暂未完善仅供参考，多频百科小编正在火速赶来",
 "status": 0,
 "clickNum": 0,
 "deleted": 0,
 "lang": 0,
 "chooseLang": false,
 "id": 416,
 "name": "Antiscarp Records",
 "descriptions": "Suomitrance specialities from finland electronic music producers providing antiscarp music for all freakadelic listeners worldwide. \nGlobally downloadable for free. \nAntiscarp Recordings is taken care by team Antiscarp, \nand its been online since 2001, providing loads of Antiscarped Tunes For Full Download in mp3 format, made by group of finnish trance acts.\n\nAntiscarp Records — Anti-Sharp Sound Specialities for all Freakadelic Listeners.\nAntiscarp Records is independent record label runned by Dj Whiskey Baba since 2001.\nLabel’s main target is to bring new and fresh freaky psytrance music to all hearing ears.\n",
 "picture": "https://duopin-community.oss-cn-shenzhen.aliyuncs.com/5n0kn137podbner9nvdz.jpg",
 "originalName": "",
 "foundTimeText": "2001 ",
 "foundAddress": "",
 "founder": "\tDJ Whiskey Baba ",
 "parentBrand": "",
 "childBrand": "",
 "majorStyle": "electronic, experimental, psy-trance, psychedelic, psytrance",
 "delegateArtist": "",
 "officialUrl": "\thttp://www.antiscarp.com/",
 "referenceUrl": "",
 "manageStatusText": "",
 "style": "electronic, experimental, psy-trance, psychedelic, psytrance",
 "country": "",
 "typeId": 14,
 "typeName": "厂牌",
 "dataId": 416,
 "url": "http://dropinapp.hearinmusic.com/#/ency?typeId=14&dataId=416"
}