{
 "pageNum": 1,
 "pageSize": 10,
 "params": {},
 "content": "<p></p>\n\r<p></p>\n\r<p></p>\n\r<p></p>",
 "remarks": "本词条内容暂未完善仅供参考，多频百科小编正在火速赶来",
 "remarksEn": "本词条内容暂未完善仅供参考，多频百科小编正在火速赶来",
 "status": 0,
 "clickNum": 0,
 "deleted": 0,
 "lang": 0,
 "chooseLang": false,
 "id": 414,
 "name": "Antibody label",
 "descriptions": "\n\r",
 "originalName": "",
 "foundTimeText": "",
 "foundAddress": "",
 "founder": "",
 "parentBrand": "",
 "childBrand": "",
 "majorStyle": "techno",
 "delegateArtist": "",
 "officialUrl": "",
 "referenceUrl": "https://musicbrainz.org/label/ffe3ce02-e3cf-4414-92b7-c3a538c42ebf",
 "manageStatusText": "",
 "style": "techno",
 "country": "",
 "typeId": 14,
 "typeName": "厂牌",
 "dataId": 414,
 "url": "http://dropinapp.hearinmusic.com/#/ency?typeId=14&dataId=414"
}