{
 "pageNum": 1,
 "pageSize": 10,
 "params": {},
 "content": "<p></p>\n\r<p></p>\n\r<p></p>\n\r<p></p>",
 "remarks": "本词条内容暂未完善仅供参考，多频百科小编正在火速赶来",
 "remarksEn": "本词条内容暂未完善仅供参考，多频百科小编正在火速赶来",
 "status": 0,
 "clickNum": 0,
 "deleted": 0,
 "lang": 0,
 "chooseLang": false,
 "id": 417,
 "name": "Antra Records",
 "descriptions": "\nBi-coastal Hip-Hop label set up by recording artist Kurupt. Offices in Philadelphia and Los Angeles. \n\nANTRA is an acronym for All New Talent Recording Artists \nProfile information courtesy of Antra Records.\n",
 "picture": "https://duopin-community.oss-cn-shenzhen.aliyuncs.com/pjdowryidr73ja9s4v62.jpg",
 "originalName": "",
 "foundTimeText": "",
 "foundAddress": "",
 "founder": "",
 "parentBrand": " A&M Records",
 "childBrand": "",
 "majorStyle": "hip hop",
 "delegateArtist": "",
 "officialUrl": "",
 "referenceUrl": "https://musicbrainz.org/label/ae9e878d-fbd8-41e1-b5c4-2ff06432d4bb",
 "manageStatusText": "",
 "style": "hip hop",
 "country": "",
 "typeId": 14,
 "typeName": "厂牌",
 "dataId": 417,
 "url": "http://dropinapp.hearinmusic.com/#/ency?typeId=14&dataId=417"
}