{
 "pageNum": 1,
 "pageSize": 10,
 "params": {},
 "content": "<p></p>\n\r<p></p>\n\r<p></p>\n\r<p></p>",
 "remarks": "本词条内容暂未完善仅供参考，多频百科小编正在火速赶来",
 "remarksEn": "本词条内容暂未完善仅供参考，多频百科小编正在火速赶来",
 "status": 0,
 "clickNum": 0,
 "deleted": 0,
 "lang": 0,
 "chooseLang": false,
 "id": 418,
 "name": "Ants",
 "descriptions": "\nItalian label devoted to minimalism, sound-art, electroacoustic and experimental music. The founder, Giovanni Antognozzi, has co-written a remarkable book about Minimalism (La Musica Minimalista, Edizioni Textus).\n\n",
 "picture": "https://duopin-community.oss-cn-shenzhen.aliyuncs.com/wt82ksm2lzf4c7olgwua.jpg",
 "originalName": "A New Timeless Sound",
 "foundTimeText": "2001",
 "foundAddress": "",
 "founder": "",
 "parentBrand": "",
 "childBrand": "",
 "majorStyle": "contemporary classical, electronic, experimental",
 "delegateArtist": "",
 "officialUrl": "\thttp://www.antsrecords.com/",
 "referenceUrl": "",
 "manageStatusText": "",
 "style": "contemporary classical, electronic, experimental",
 "country": "",
 "typeId": 14,
 "typeName": "厂牌",
 "dataId": 418,
 "url": "http://dropinapp.hearinmusic.com/#/ency?typeId=14&dataId=418"
}