{
 "pageNum": 1,
 "pageSize": 10,
 "params": {},
 "content": "<p></p>\n\r<p></p>\n\r<p></p>\n\r<p></p>",
 "remarks": "本词条内容暂未完善仅供参考，多频百科小编正在火速赶来",
 "remarksEn": "本词条内容暂未完善仅供参考，多频百科小编正在火速赶来",
 "status": 0,
 "clickNum": 0,
 "deleted": 0,
 "lang": 0,
 "chooseLang": false,
 "id": 419,
 "name": "Antzhill",
 "descriptions": "\n\r",
 "picture": "https://duopin-community.oss-cn-shenzhen.aliyuncs.com/rl7ur3bxprho2f1bxtz3.jpg",
 "originalName": "",
 "foundTimeText": "",
 "foundAddress": "",
 "founder": "",
 "parentBrand": "",
 "childBrand": "",
 "majorStyle": "ebm, electronic, industrial",
 "delegateArtist": "",
 "officialUrl": "http://antzhill.interface1.net/",
 "referenceUrl": "https://musicbrainz.org/label/a95992f7-ab7b-40f5-af06-b846d7704ffc",
 "manageStatusText": "",
 "style": "ebm, electronic, industrial",
 "country": "",
 "typeId": 14,
 "typeName": "厂牌",
 "dataId": 419,
 "url": "http://dropinapp.hearinmusic.com/#/ency?typeId=14&dataId=419"
}