{
 "pageNum": 1,
 "pageSize": 10,
 "params": {},
 "content": "<p></p>\n\r<p></p>\n\r<p></p>\n\r<p></p>",
 "remarks": "本词条内容暂未完善仅供参考，多频百科小编正在火速赶来",
 "remarksEn": "本词条内容暂未完善仅供参考，多频百科小编正在火速赶来",
 "status": 0,
 "clickNum": 0,
 "deleted": 0,
 "lang": 0,
 "chooseLang": false,
 "id": 420,
 "name": "Apatride Records",
 "descriptions": "\n\r",
 "originalName": "",
 "foundTimeText": "2001-01-08",
 "foundAddress": "",
 "founder": "",
 "parentBrand": "",
 "childBrand": "",
 "majorStyle": "hip hop",
 "delegateArtist": "",
 "officialUrl": "",
 "referenceUrl": "https://musicbrainz.org/label/cea0c3a0-7350-477e-be18-6e4fcf70a3f6/tags",
 "manageStatusText": "",
 "style": "hip hop",
 "country": "",
 "typeId": 14,
 "typeName": "厂牌",
 "dataId": 420,
 "url": "http://dropinapp.hearinmusic.com/#/ency?typeId=14&dataId=420"
}