{
 "pageNum": 1,
 "pageSize": 10,
 "params": {},
 "content": "<p></p>\n\r<p></p>\n\r<p></p>\n\r<p></p>",
 "remarks": "本词条内容暂未完善仅供参考，多频百科小编正在火速赶来",
 "remarksEn": "本词条内容暂未完善仅供参考，多频百科小编正在火速赶来",
 "status": 0,
 "clickNum": 0,
 "deleted": 0,
 "lang": 0,
 "chooseLang": false,
 "id": 421,
 "name": "Aphasia Records",
 "descriptions": "\nAphasia Records is a music label and a collective focused on Synthwave music. Founded and directed by Lueur Verte.\n\n",
 "picture": "https://duopin-community.oss-cn-shenzhen.aliyuncs.com/4qpvsvc47k007fy1j5cd.jpg",
 "originalName": "",
 "foundTimeText": "",
 "foundAddress": "",
 "founder": "Lueur Verte",
 "parentBrand": "",
 "childBrand": "",
 "majorStyle": "synthwave",
 "delegateArtist": "",
 "officialUrl": "",
 "referenceUrl": "https://musicbrainz.org/label/2b9a1661-3e98-44ca-93d3-95edd1b63be5",
 "manageStatusText": "",
 "style": "synthwave",
 "country": "",
 "typeId": 14,
 "typeName": "厂牌",
 "dataId": 421,
 "url": "http://dropinapp.hearinmusic.com/#/ency?typeId=14&dataId=421"
}