{
 "pageNum": 1,
 "pageSize": 10,
 "params": {},
 "content": "<p></p>\n\r<p></p>\n\r<p></p>\n\r<p></p>",
 "remarks": "本词条内容暂未完善仅供参考，多频百科小编正在火速赶来",
 "remarksEn": "本词条内容暂未完善仅供参考，多频百科小编正在火速赶来",
 "status": 0,
 "clickNum": 0,
 "deleted": 0,
 "lang": 0,
 "chooseLang": false,
 "id": 422,
 "name": "Aphrodite Recordings",
 "descriptions": "\nDo Not confuse this with Aphrodite Records (Fra) \n\nUK Based Drum & Bass Label run by DJ Aphrodite (aka Gavin King) \nAphrodite Recordings first hit the drum and bass arena in the mid nineties.",
 "picture": "https://duopin-community.oss-cn-shenzhen.aliyuncs.com/8wobzckjq7gcqo4tqvev.jpg",
 "originalName": "",
 "foundTimeText": "",
 "foundAddress": "",
 "founder": "\tAphrodite",
 "parentBrand": "",
 "childBrand": "\nAladdin, Aphradan, Aphro Classics, Aphrodite Mix, Aphrodite Recuts, Aphrodite Studios, Ruff City Recordings, Urban Wax",
 "majorStyle": "drum and bass",
 "delegateArtist": "",
 "officialUrl": "",
 "referenceUrl": "https://musicbrainz.org/label/eb81644d-0da7-4584-8263-6c51cf26d543/relationships",
 "manageStatusText": "",
 "style": "drum and bass",
 "country": "",
 "typeId": 14,
 "typeName": "厂牌",
 "dataId": 422,
 "url": "http://dropinapp.hearinmusic.com/#/ency?typeId=14&dataId=422"
}