{
 "pageNum": 1,
 "pageSize": 10,
 "params": {},
 "content": "<p></p>\n\r<p></p>\n\r<p></p>\n\r<p></p>",
 "remarks": "本词条内容暂未完善仅供参考，多频百科小编正在火速赶来",
 "remarksEn": "本词条内容暂未完善仅供参考，多频百科小编正在火速赶来",
 "status": 0,
 "clickNum": 0,
 "deleted": 0,
 "lang": 0,
 "chooseLang": false,
 "id": 423,
 "name": "Apple Pips",
 "descriptions": "Apple Pips Recordings. Bristol/UK. \nDubstep label started in 2008 by Laurie Osborne a.k.a. Appleblim. \nAll Artwork done by Give Up Art.\n\n",
 "picture": "https://duopin-community.oss-cn-shenzhen.aliyuncs.com/u0rh14swoa73et3ocbku.jpg",
 "originalName": "",
 "foundTimeText": " 2008",
 "foundAddress": "United Kingdom",
 "founder": "\tLaurie Osborne",
 "parentBrand": "",
 "childBrand": "\nPipped",
 "majorStyle": "dubstep",
 "delegateArtist": "",
 "officialUrl": "\thttp://www.applepipsrecordings.co.uk/",
 "referenceUrl": "",
 "manageStatusText": "",
 "style": "dubstep",
 "country": "英国",
 "typeId": 14,
 "typeName": "厂牌",
 "dataId": 423,
 "url": "http://dropinapp.hearinmusic.com/#/ency?typeId=14&dataId=423"
}