{
 "pageNum": 1,
 "pageSize": 10,
 "params": {},
 "content": "<p></p>\n\r<p></p>\n\r<p></p>\n\r<p></p>",
 "remarks": "本词条内容暂未完善仅供参考，多频百科小编正在火速赶来",
 "remarksEn": "本词条内容暂未完善仅供参考，多频百科小编正在火速赶来",
 "status": 0,
 "clickNum": 0,
 "deleted": 0,
 "lang": 0,
 "chooseLang": false,
 "id": 424,
 "name": "Architectural",
 "descriptions": "\n\nA new name appears in the Hispanic techno scene: Architectural, label and author, all in one. But who is the mind that draws the plans with this new pseudonym? We still ignore it, but this one, who has wanted to give free rein to the creativity that beat under his skin, has sculpted the first tracks that you will be able to listen, from a solid matter base composed by pure sonic techno with minimalist touches from Chicago, with Detroit streaks and forged alloy derived from the most genuine soul. A release made up of two 'EP's' will soon see the light. This powerful building begins to rise, makes its foundations and basic structure in these Architectural 001 and 002, that present us the impacts, snaps and warping that a real construction team realise with their hard work, exploiting a dark desolate waste ground, following the Architect’s indications, who generate, in his mind, the entire project that will rise in our ears. This interesting project will be launched in classic vinyl, as well as in digital format. Do not lose the opportunity to give yourself the first creation, of the new referent of mental techno of Spain, it is going to set a lot to talk about... and to think\n",
 "picture": "https://duopin-community.oss-cn-shenzhen.aliyuncs.com/68k9vtz0ab52knl295yg.jpg",
 "originalName": "",
 "foundTimeText": "",
 "foundAddress": "",
 "founder": "\tJuan Rico",
 "parentBrand": "",
 "childBrand": "",
 "majorStyle": "techno",
 "delegateArtist": "",
 "officialUrl": "",
 "referenceUrl": "https://musicbrainz.org/label/1588dc15-f62f-45e9-86c5-21c87ac023c4",
 "manageStatusText": "",
 "style": "techno",
 "country": "",
 "typeId": 14,
 "typeName": "厂牌",
 "dataId": 424,
 "url": "http://dropinapp.hearinmusic.com/#/ency?typeId=14&dataId=424"
}