{
 "pageNum": 1,
 "pageSize": 10,
 "params": {},
 "content": "<p></p>\n\r<p></p>\n\r<p></p>\n\r<p></p>",
 "remarks": "本词条内容暂未完善仅供参考，多频百科小编正在火速赶来",
 "remarksEn": "本词条内容暂未完善仅供参考，多频百科小编正在火速赶来",
 "status": 0,
 "clickNum": 0,
 "deleted": 0,
 "lang": 0,
 "chooseLang": false,
 "id": 425,
 "name": "Architecture",
 "descriptions": "\nDrum & Bass label founded by DJ Ink.\n\n",
 "picture": "https://duopin-community.oss-cn-shenzhen.aliyuncs.com/gh5dhe1xezo7x0js0jsb.jpg",
 "originalName": "Architecture Recordings",
 "foundTimeText": "1998",
 "foundAddress": "United Kingdom",
 "founder": "\tDJ Ink",
 "parentBrand": "",
 "childBrand": "\nARX Studios, NX Beat Records",
 "majorStyle": "drum and bass, jungle",
 "delegateArtist": "",
 "officialUrl": "\thttp://architecturerecordings.co.uk/",
 "referenceUrl": "https://musicbrainz.org/label/771bb5c8-cf4e-4362-b740-4928b5ec9daf",
 "manageStatusText": "",
 "style": "drum and bass, jungle",
 "country": "英国",
 "typeId": 14,
 "typeName": "厂牌",
 "dataId": 425,
 "url": "http://dropinapp.hearinmusic.com/#/ency?typeId=14&dataId=425"
}