{
 "pageNum": 1,
 "pageSize": 10,
 "params": {},
 "content": "<div>\n<div class=\"document\">\n<p class=\"paragraph text-align-type-left pap-line-1.8 pap-line-rule-auto pap-spacing-before-2pt pap-spacing-after-2pt\">Arcola是唱片公司 Warp Records的分支。它成立于2003年底，以伦敦阿科拉街达尔斯顿的Arcola剧院命名，Warp曾在那里举办了该厂牌的发布会。它在2003年和2004年发行了许多单曲。Arcola在2018年1月发行了Rian Treanor＆2814的新EP，标志着在停业14年后的回归。</p>\n<p class=\"paragraph text-align-type-left pap-line-1.8 pap-line-rule-auto pap-spacing-before-2pt pap-spacing-after-2pt\">&nbsp;</p>\n<div>\n<div class=\"document\">\n<p class=\"paragraph text-align-type-left pap-line-1.8 pap-line-rule-auto pap-spacing-before-2pt pap-spacing-after-2pt\">Arcola 发行的所有单曲均为 12 英寸单曲，采用 The Designers Republic 设计的通用套发行。尽管Warp和Arcola品牌同时签有Brothomstates和Milanese之类的艺术家，但Arcola的发行更向于舞池。</p>\n<p class=\"paragraph text-align-type-left pap-line-1.8 pap-line-rule-auto pap-spacing-before-2pt pap-spacing-after-2pt\">&nbsp;</p>\n<p class=\"paragraph text-align-type-left pap-line-1.8 pap-line-rule-auto pap-spacing-before-2pt pap-spacing-after-2pt\"><strong>艺人</strong></p>\n<p class=\"paragraph text-align-type-left pap-line-1.8 pap-line-rule-auto pap-spacing-before-2pt pap-spacing-after-2pt\">Brothomstates (Lassi Nikko)<br />Cane<br />Denis Rusnak<br />Dub Kult (Neilon Pitamber)<br />Louis Digital<br />Milanese<br />Rian Treanor<br />2814<br />Nkisi<br />Our Souls Are In The Hands Of The Translator<br />Primitive Art</p>\n</div>\n</div>\n</div>\n</div>",
 "contentEn": "<div class=\"document\">\n<p class=\"paragraph text-align-type-left pap-line-1.8 pap-line-rule-auto pap-spacing-before-2pt pap-spacing-after-2pt\">Arcola is an offshoot of the record label Warp Records. It was set up in late 2003, and takes its name from the Arcola Theatre, Arcola Street in Dalston, London where Warp held the launch party for the label. It released a number of singles in 2003 and 2004. Arcola marked its return after a 14-year hiatus in January 2018, with new EP's by Rian Treanor &amp; 2814</p>\n<p class=\"paragraph text-align-type-left pap-line-1.8 pap-line-rule-auto pap-spacing-before-2pt pap-spacing-after-2pt\">&nbsp;</p>\n<div>\n<div class=\"document\">\n<p class=\"paragraph text-align-type-left pap-line-1.8 pap-line-rule-auto pap-spacing-before-2pt pap-spacing-after-2pt\">All Arcola releases are 12-inch singles released in a generic sleeve designed by The Designers Republic. Although some artists such as Brothomstates and Milanese are shared by both the Warp and Arcola label, Arcola releases are always more dancefloor-oriented.</p>\n<p class=\"paragraph text-align-type-left pap-line-1.8 pap-line-rule-auto pap-spacing-before-2pt pap-spacing-after-2pt\">&nbsp;</p>\n<p class=\"paragraph text-align-type-left pap-line-1.8 pap-line-rule-auto pap-spacing-before-2pt pap-spacing-after-2pt\"><strong>Artists</strong></p>\n<p class=\"paragraph text-align-type-left pap-line-1.8 pap-line-rule-auto pap-spacing-before-2pt pap-spacing-after-2pt\">Brothomstates (Lassi Nikko)<br />Cane<br />Denis Rusnak<br />Dub Kult (Neilon Pitamber)<br />Louis Digital<br />Milanese<br />Rian Treanor<br />2814<br />Nkisi<br />Our Souls Are In The Hands Of The Translator<br />Primitive Art</p>\n</div>\n</div>\n</div>",
 "remarks": "本词条汉字内容由 @多频百科团队 翻译+编辑\n原文译自 https://en.wikipedia.org/wiki/Arcola",
 "remarksEn": "本词条内容来自 https://en.wikipedia.org/wiki/Arcola",
 "status": 1,
 "clickNum": 10,
 "deleted": 0,
 "lang": 0,
 "chooseLang": true,
 "id": 15,
 "name": "Arcola",
 "descriptions": "Arcola是唱片公司 Warp Records的分支。它成立于2003年底，以伦敦阿科拉街达尔斯顿的Arcola剧院命名，Warp曾在那里举办了该厂牌的发布会。它在2003年和2004年发行了许多单曲。Arcola在2018年1月发行了Rian Treanor＆2814的新EP，标志着在停业14年后的回归。",
 "picture": "https://duopin-community.oss-cn-shenzhen.aliyuncs.com/pyff2chi1nbjxyewr6c5.png",
 "originalName": "",
 "foundTimeText": "2003",
 "foundAddress": "London",
 "founder": "",
 "parentBrand": "",
 "childBrand": "",
 "majorStyle": "",
 "delegateArtist": "Brothomstates (Lassi Nikko)\r\nCane\r\nDenis Rusnak\r\nDub Kult (Neilon Pitamber)\r\nLouis Digital\r\nMilanese\r\nRian Treanor\r\n2814\r\nNkisi\r\nOur Souls Are In The Hands Of The Translator\r\nPrimitive Art",
 "officialUrl": "",
 "referenceUrl": "https://en.wikipedia.org/wiki/Arcola",
 "manageStatusText": "",
 "style": "",
 "country": "英国",
 "typeId": 14,
 "typeName": "厂牌",
 "dataId": 15,
 "url": "http://dropinapp.hearinmusic.com/#/ency?typeId=14&dataId=15"
}