{
 "pageNum": 1,
 "pageSize": 10,
 "params": {},
 "content": "<p></p>\n\r<p></p>\n\r<p></p>\n\r<p></p>",
 "remarks": "本词条内容暂未完善仅供参考，多频百科小编正在火速赶来",
 "remarksEn": "本词条内容暂未完善仅供参考，多频百科小编正在火速赶来",
 "status": 0,
 "clickNum": 0,
 "deleted": 0,
 "lang": 0,
 "chooseLang": false,
 "id": 427,
 "name": "Arcturian Gate",
 "descriptions": "\nArcturian Gate is a record label founded by Aomusic's Richard Gannaway in 1994. The label's primary artist is the World music group Aomusic, featuring Miriam Stockley, Richard Gannaway, Jay Oliver and Sandeep Chowta. Arcturian Gate also released the album \"Peace Face\" by the 90s rock group Tiger & The Helix in 1994.\n\n",
 "picture": "https://duopin-community.oss-cn-shenzhen.aliyuncs.com/vonu5b7j7xgbmv4ygee6.jpg",
 "originalName": "",
 "foundTimeText": "1994-09-21",
 "foundAddress": "US",
 "founder": "",
 "parentBrand": "\tAO Music",
 "childBrand": "",
 "majorStyle": "indie, indie rock",
 "delegateArtist": "",
 "officialUrl": "http://www.arcturiangate.com/",
 "referenceUrl": "https://musicbrainz.org/label/90cf1149-4a87-437b-9ceb-36827dcee49d",
 "manageStatusText": "",
 "style": "indie, indie rock",
 "country": "美国",
 "typeId": 14,
 "typeName": "厂牌",
 "dataId": 427,
 "url": "http://dropinapp.hearinmusic.com/#/ency?typeId=14&dataId=427"
}