{
 "pageNum": 1,
 "pageSize": 10,
 "params": {},
 "content": "<p></p>\n\r<p></p>\n\r<p></p>\n\r<p></p>",
 "remarks": "本词条内容暂未完善仅供参考，多频百科小编正在火速赶来",
 "remarksEn": "本词条内容暂未完善仅供参考，多频百科小编正在火速赶来",
 "status": 0,
 "clickNum": 0,
 "deleted": 0,
 "lang": 0,
 "chooseLang": false,
 "id": 426,
 "name": "Arctic Music",
 "descriptions": "Ambient Jungle label run by Alaska (2) aka Paradox.\n\n",
 "picture": "https://duopin-community.oss-cn-shenzhen.aliyuncs.com/6bq2i3tcl58aiid8ie6e.jpg",
 "originalName": "",
 "foundTimeText": "",
 "foundAddress": "United Kingdom",
 "founder": "",
 "parentBrand": "Paradox Music",
 "childBrand": "",
 "majorStyle": "drum and bass",
 "delegateArtist": "",
 "officialUrl": "",
 "referenceUrl": "https://musicbrainz.org/label/b25bab4b-c258-4c21-8e43-9acbef7821cf",
 "manageStatusText": "",
 "style": "drum and bass",
 "country": "英国",
 "typeId": 14,
 "typeName": "厂牌",
 "dataId": 426,
 "url": "http://dropinapp.hearinmusic.com/#/ency?typeId=14&dataId=426"
}