{
 "pageNum": 1,
 "pageSize": 10,
 "params": {},
 "content": "<p></p>\n\r<p></p>\n\r<p></p>\n\r<p></p>",
 "remarks": "本词条内容暂未完善仅供参考，多频百科小编正在火速赶来",
 "remarksEn": "本词条内容暂未完善仅供参考，多频百科小编正在火速赶来",
 "status": 0,
 "clickNum": 0,
 "deleted": 0,
 "lang": 0,
 "chooseLang": false,
 "id": 429,
 "name": "Area Viziata Sound",
 "descriptions": "\n\r",
 "picture": "https://duopin-community.oss-cn-shenzhen.aliyuncs.com/jcj0hdetmsap2mg87bxs.jpg",
 "originalName": "AreaViziataSound",
 "foundTimeText": "",
 "foundAddress": "",
 "founder": "\tKenca Losca Sicula",
 "parentBrand": "",
 "childBrand": "",
 "majorStyle": "hip hop",
 "delegateArtist": "",
 "officialUrl": "",
 "referenceUrl": "https://musicbrainz.org/label/86da75af-82d2-4ede-b6aa-f7475b592df3",
 "manageStatusText": "",
 "style": "hip hop",
 "country": "",
 "typeId": 14,
 "typeName": "厂牌",
 "dataId": 429,
 "url": "http://dropinapp.hearinmusic.com/#/ency?typeId=14&dataId=429"
}