{
 "pageNum": 1,
 "pageSize": 10,
 "params": {},
 "content": "<p></p>\n\r<p></p>\n\r<p></p>\n\r<p></p>",
 "remarks": "本词条内容暂未完善仅供参考，多频百科小编正在火速赶来",
 "remarksEn": "本词条内容暂未完善仅供参考，多频百科小编正在火速赶来",
 "status": 0,
 "clickNum": 0,
 "deleted": 0,
 "lang": 0,
 "chooseLang": false,
 "id": 428,
 "name": "Area Recordings",
 "descriptions": "\nEstablished in 2010 at the forefront of the Deep Dubstep resurgence. Area Recordings is home of high quality electronic music seeking to bleed into the cerebral pleasure centres through subtle osmosis, rather than batter the senses with banging bass, promising hidden joy for all lovers of the path less trodden.\n\n",
 "picture": "https://duopin-community.oss-cn-shenzhen.aliyuncs.com/lol2r99qch6euourcquy.jpg",
 "originalName": "",
 "foundTimeText": "",
 "foundAddress": "UK",
 "founder": "",
 "parentBrand": "",
 "childBrand": "",
 "majorStyle": "dubstep",
 "delegateArtist": "",
 "officialUrl": "http://arearecordings.com/",
 "referenceUrl": "https://musicbrainz.org/label/7887c11d-2410-4a22-9458-1e2bb3b1a679/relationships",
 "manageStatusText": "",
 "style": "dubstep",
 "country": "英国",
 "typeId": 14,
 "typeName": "厂牌",
 "dataId": 428,
 "url": "http://dropinapp.hearinmusic.com/#/ency?typeId=14&dataId=428"
}