{
 "pageNum": 1,
 "pageSize": 10,
 "params": {},
 "content": "<p></p>\n\r<p></p>\n\r<p></p>\n\r<p></p>",
 "remarks": "本词条内容暂未完善仅供参考，多频百科小编正在火速赶来",
 "remarksEn": "本词条内容暂未完善仅供参考，多频百科小编正在火速赶来",
 "status": 0,
 "clickNum": 0,
 "deleted": 0,
 "lang": 0,
 "chooseLang": false,
 "id": 430,
 "name": "Argent Sale",
 "descriptions": "\nSwiss label.\n\n",
 "originalName": "",
 "foundTimeText": "2010 ",
 "foundAddress": "",
 "founder": "\tAndré Joye",
 "parentBrand": "",
 "childBrand": "",
 "majorStyle": "electronic",
 "delegateArtist": "",
 "officialUrl": "\thttp://www.argentsale.biz/",
 "referenceUrl": "https://musicbrainz.org/label/61ccd2e6-c301-4390-adca-c3300e3b5bf7",
 "manageStatusText": "",
 "style": "electronic",
 "country": "",
 "typeId": 14,
 "typeName": "厂牌",
 "dataId": 430,
 "url": "http://dropinapp.hearinmusic.com/#/ency?typeId=14&dataId=430"
}