{
 "pageNum": 1,
 "pageSize": 10,
 "params": {},
 "content": "<p></p>\n\r<p></p>\n\r<p></p>\n\r<p></p>",
 "remarks": "本词条内容暂未完善仅供参考，多频百科小编正在火速赶来",
 "remarksEn": "本词条内容暂未完善仅供参考，多频百科小编正在火速赶来",
 "status": 0,
 "clickNum": 0,
 "deleted": 0,
 "lang": 0,
 "chooseLang": false,
 "id": 431,
 "name": "Argon",
 "descriptions": "The label released Drum & Bass on its first 6 records and via the sublabel \"Xenon\", then, after a break, started to release Dubstep. \n\n",
 "picture": "https://duopin-community.oss-cn-shenzhen.aliyuncs.com/2tikidn7xgr0xheerov5.jpg",
 "originalName": "",
 "foundTimeText": "",
 "foundAddress": "United States",
 "founder": "Nick Argon",
 "parentBrand": "Argon Records",
 "childBrand": "10 Years Of Argon, Xenon (2) ",
 "majorStyle": "drum and bass",
 "delegateArtist": "",
 "officialUrl": "http://www.argonrecords.com/",
 "referenceUrl": "https://musicbrainz.org/label/9035edc8-0fd5-4e89-8efe-53038e47eed0",
 "manageStatusText": "",
 "style": "drum and bass",
 "country": "美国",
 "typeId": 14,
 "typeName": "厂牌",
 "dataId": 431,
 "url": "http://dropinapp.hearinmusic.com/#/ency?typeId=14&dataId=431"
}