{
 "pageNum": 1,
 "pageSize": 10,
 "params": {},
 "content": "<p></p>\n\r<p></p>\n\r<p></p>\n\r<p></p>",
 "remarks": "本词条内容暂未完善仅供参考，多频百科小编正在火速赶来",
 "remarksEn": "本词条内容暂未完善仅供参考，多频百科小编正在火速赶来",
 "status": 0,
 "clickNum": 0,
 "deleted": 0,
 "lang": 0,
 "chooseLang": false,
 "id": 432,
 "name": "Arial Traxx",
 "descriptions": "\n\r",
 "originalName": "",
 "foundTimeText": "",
 "foundAddress": "Switzerland",
 "founder": "",
 "parentBrand": "",
 "childBrand": "",
 "majorStyle": "dance, electro, electro house, house",
 "delegateArtist": "",
 "officialUrl": "",
 "referenceUrl": "https://musicbrainz.org/label/3f14d75f-0236-4710-a9f3-ad8e27570e75/details",
 "manageStatusText": "",
 "style": "dance, electro, electro house, house",
 "country": "瑞士",
 "typeId": 14,
 "typeName": "厂牌",
 "dataId": 432,
 "url": "http://dropinapp.hearinmusic.com/#/ency?typeId=14&dataId=432"
}