{
 "pageNum": 1,
 "pageSize": 10,
 "params": {},
 "relationChannel": "[{\"id\":638,\"parentId\":9,\"name\":\"Armada Music\"}]",
 "content": "<div>\n<div class=\"document\">\n<p>Armada Music是一个荷兰独立厂牌，专门发行电子音乐。Armada这个名字分别来自于创始人名字的前两个字母：Armin van Buuren, Maykel Piron和David Lewis。</p>\n<p>&nbsp;</p>\n<p><strong>当前子厂牌&nbsp;&nbsp;</strong></p>\n<p class=\"paragraph text-align-type-left pap-line-1.8 pap-line-rule-auto pap-spacing-before-2pt pap-spacing-after-2pt\">Flashover Recordings（由Ferry Corsten管理）</p>\n<p class=\"paragraph text-align-type-left pap-line-1.8 pap-line-rule-auto pap-spacing-before-2pt pap-spacing-after-2pt\">&nbsp;</p>\n<p><strong>奖项和提名</strong></p>\n<p class=\"paragraph text-align-type-left pap-line-1.8 pap-line-rule-auto pap-spacing-before-2pt pap-spacing-after-2pt\">截至2015年12月，该厂牌已连续五年在国际舞蹈音乐奖（IDMA's）上获得 \"全球最佳厂牌 \"奖。在2014年的IDMAs上，Armada获得了两项提名。The Academy of Electronic Music是Armada、谷歌、Point Blank和DJ Mag的合资公司，在2014年Webby奖上获得了 \"人民之声奖\"（People's Voice Award）。2016年，Armada Music是被提名参加IMPALA FIVEUNDERFIFTEEN活动的21个厂牌之一，成为了欧洲最鼓舞人心的年轻厂牌，并且该厂牌还获得了IMPALA的Young Label Spotlight奖项。</p>\n<p class=\"paragraph text-align-type-left pap-line-1.8 pap-line-rule-auto pap-spacing-before-2pt pap-spacing-after-2pt\">&nbsp;</p>\n<div>\n<div class=\"document\">\n<p><strong>艺人</strong></p>\n<p class=\"paragraph text-align-type-left pap-line-1.8 pap-line-rule-auto pap-spacing-before-2pt pap-spacing-after-2pt\">Andrew&nbsp;Rayel</p>\n<p class=\"paragraph text-align-type-left pap-line-1.8 pap-line-rule-auto pap-spacing-before-2pt pap-spacing-after-2pt\">Armin&nbsp;van&nbsp;Buuren</p>\n<p class=\"paragraph text-align-type-left pap-line-1.8 pap-line-rule-auto pap-spacing-before-2pt pap-spacing-after-2pt\">Arty</p>\n<p class=\"paragraph text-align-type-left pap-line-1.8 pap-line-rule-auto pap-spacing-before-2pt pap-spacing-after-2pt\">Bob&nbsp;Sinclar</p>\n<p class=\"paragraph text-align-type-left pap-line-1.8 pap-line-rule-auto pap-spacing-before-2pt pap-spacing-after-2pt\">Brando</p>\n<p class=\"paragraph text-align-type-left pap-line-1.8 pap-line-rule-auto pap-spacing-before-2pt pap-spacing-after-2pt\">Cedric&nbsp;Gervais</p>\n<p class=\"paragraph text-align-type-left pap-line-1.8 pap-line-rule-auto pap-spacing-before-2pt pap-spacing-after-2pt\">Chicane</p>\n<p class=\"paragraph text-align-type-left pap-line-1.8 pap-line-rule-auto pap-spacing-before-2pt pap-spacing-after-2pt\">D.O.D</p>\n<p class=\"paragraph text-align-type-left pap-line-1.8 pap-line-rule-auto pap-spacing-before-2pt pap-spacing-after-2pt\">Eelke&nbsp;Kleijn</p>\n<p class=\"paragraph text-align-type-left pap-line-1.8 pap-line-rule-auto pap-spacing-before-2pt pap-spacing-after-2pt\">Feenixpawl</p>\n<p class=\"paragraph text-align-type-left pap-line-1.8 pap-line-rule-auto pap-spacing-before-2pt pap-spacing-after-2pt\">Ferry&nbsp;Corsten</p>\n<p class=\"paragraph text-align-type-left pap-line-1.8 pap-line-rule-auto pap-spacing-before-2pt pap-spacing-after-2pt\">Goldfish</p>\n<p class=\"paragraph text-align-type-left pap-line-1.8 pap-line-rule-auto pap-spacing-before-2pt pap-spacing-after-2pt\">Inner&nbsp;City</p>\n</div>\n</div>\n</div>\n</div>",
 "contentEn": "<div>\n<div class=\"document\">\n<p class=\"paragraph text-align-type-left pap-line-1.8 pap-line-rule-auto pap-spacing-before-2pt pap-spacing-after-2pt\">Armada Music is a Dutch independent record label that specialises in releasing electronic music. The name Armada derives from the first two letters of the founders' first names: Armin van Buuren, Maykel Piron and David Lewis.</p>\n<p class=\"paragraph text-align-type-left pap-line-1.8 pap-line-rule-auto pap-spacing-before-2pt pap-spacing-after-2pt\">&nbsp;</p>\n<div>\n<div class=\"document\">\n<p class=\"paragraph text-align-type-left pap-line-1.8 pap-line-rule-auto pap-spacing-before-2pt pap-spacing-after-2pt\"><strong>Awards and nominations</strong></p>\n<p class=\"paragraph text-align-type-left pap-line-1.8 pap-line-rule-auto pap-spacing-before-2pt pap-spacing-after-2pt\">As of December 2015, the label had won the \"Best Global Record Label\" award for five years in a row at the International Dance Music Awards (IDMA's). Armada received two nominations at the 2014 IDMAs. The Academy of Electronic Music, a joint venture between Armada, Google, Point Blank, and DJ Mag, was the recipient of the 'People's Voice Award' at the 2014 Webby Awards. In 2016, Armada Music was one of the 21 labels nominated for the IMPALA FIVEUNDERFIFTEEN campaign shining a light on Europe's most inspiring young labels. The label received the IMPALA Young Label Spotlight Award.</p>\n<p class=\"paragraph text-align-type-left pap-line-1.8 pap-line-rule-auto pap-spacing-before-2pt pap-spacing-after-2pt\">&nbsp;</p>\n<p><strong>Artists</strong></p>\n<p class=\"paragraph text-align-type-left pap-line-1.8 pap-line-rule-auto pap-spacing-before-2pt pap-spacing-after-2pt\">Andrew&nbsp;Rayel</p>\n<p class=\"paragraph text-align-type-left pap-line-1.8 pap-line-rule-auto pap-spacing-before-2pt pap-spacing-after-2pt\">Armin&nbsp;van&nbsp;Buuren</p>\n<p class=\"paragraph text-align-type-left pap-line-1.8 pap-line-rule-auto pap-spacing-before-2pt pap-spacing-after-2pt\">Arty</p>\n<p class=\"paragraph text-align-type-left pap-line-1.8 pap-line-rule-auto pap-spacing-before-2pt pap-spacing-after-2pt\">Bob&nbsp;Sinclar</p>\n<p class=\"paragraph text-align-type-left pap-line-1.8 pap-line-rule-auto pap-spacing-before-2pt pap-spacing-after-2pt\">Brando</p>\n<p class=\"paragraph text-align-type-left pap-line-1.8 pap-line-rule-auto pap-spacing-before-2pt pap-spacing-after-2pt\">Cedric&nbsp;Gervais</p>\n<p class=\"paragraph text-align-type-left pap-line-1.8 pap-line-rule-auto pap-spacing-before-2pt pap-spacing-after-2pt\">Chicane</p>\n<p class=\"paragraph text-align-type-left pap-line-1.8 pap-line-rule-auto pap-spacing-before-2pt pap-spacing-after-2pt\">D.O.D</p>\n<p class=\"paragraph text-align-type-left pap-line-1.8 pap-line-rule-auto pap-spacing-before-2pt pap-spacing-after-2pt\">Eelke&nbsp;Kleijn</p>\n<p class=\"paragraph text-align-type-left pap-line-1.8 pap-line-rule-auto pap-spacing-before-2pt pap-spacing-after-2pt\">Feenixpawl</p>\n<p class=\"paragraph text-align-type-left pap-line-1.8 pap-line-rule-auto pap-spacing-before-2pt pap-spacing-after-2pt\">Ferry&nbsp;Corsten</p>\n<p class=\"paragraph text-align-type-left pap-line-1.8 pap-line-rule-auto pap-spacing-before-2pt pap-spacing-after-2pt\">Goldfish</p>\n<p class=\"paragraph text-align-type-left pap-line-1.8 pap-line-rule-auto pap-spacing-before-2pt pap-spacing-after-2pt\">Inner&nbsp;City</p>\n</div>\n</div>\n</div>\n</div>",
 "remarks": "本词条汉字内容由 @多频百科团队 翻译+编辑\n原文译自 https://en.wikipedia.org/wiki/Armada_Music",
 "remarksEn": "本词条内容来自 https://en.wikipedia.org/wiki/Armada_Music",
 "status": 1,
 "clickNum": 117,
 "deleted": 0,
 "lang": 0,
 "chooseLang": true,
 "id": 16,
 "name": "Armada Music",
 "descriptions": "Armada Music是一个荷兰独立厂牌，专门发行电子音乐。Armada这个名字分别来自于创始人名字的前两个字母：Armin van Buuren, Maykel Piron和David Lewis。",
 "picture": "https://duopin-community.oss-cn-shenzhen.aliyuncs.com/51smfzw7beu2fxp3ui2x.png",
 "originalName": "A厂",
 "foundTimeText": "2003",
 "foundAddress": "Amsterdam",
 "founder": "Armin van Buuren； Maykel Piron；David Lewis",
 "parentBrand": "",
 "childBrand": "Armada Captivating\r\nArmada Chill\r\nArmada Deep\r\nArmada Electronic Elements\r\nArmada Subjekt\r\nArmada Trice\r\nArmind Run by Armin van Buuren\r\nA State of Trance Run by Armin van Buuren\r\nChampionship Music\r\nDance NRG Run by MistaJam\r\nDAYS Like NIGHTS Run by Eelke Kleijn\r\nDelecta Records Run by Cedric Gervais\r\n#DLDKMusic (Don't Let Daddy Know Music) Run by Sem Vox\r\nFlashover Recordings Run by Ferry Corsten\r\nFound Frequencies Run by Lost Frequencies\r\ninHarmony Music Run by Andrew Rayel\r\nKMS Records Run by Kevin Saunderson\r\nModena Records Run by Chicane\r\nOntourage Music Run by Nico Morano\r\nPilot6 Recordings\r\nRave Culture Run by W&W\r\nSONO Music Run by Sunnery James & Ryan Marciano\r\nStatement! Recordings Run by Ruben de Ronde\r\nSubliminal Records Run by Erick Morillo\r\nThe Bearded Man\r\nWho's Afraid of 138?! Run by Armin van Buuren\r\nYellow Productions Run by Bob Sinclar",
 "majorStyle": "trance",
 "delegateArtist": "Andrew Rayel\r\nArmin van Buuren\r\nArston\r\nArty\r\nATFC\r\nAutograf\r\nAvian Grays\r\nAvira\r\nBen Gold\r\nBob Sinclar\r\nBrando\r\nBrklyn\r\nCedric Gervais\r\nChicane\r\nClement Leroux\r\nD.O.D\r\nDave Winnel\r\nEelke Kleijn\r\nFederico Gardenghi\r\nFeenixpawl\r\nFelon\r\nFerry Corsten\r\nFrancisco Allendes\r\nGoldfish\r\nHusman\r\nInner City\r\nJan Blomqvist\r\nJoachim Pastor\r\nJorn van Deynhoven\r\nKevin Saunderson\r\nKidnap\r\nLost Frequencies\r\nLoud Luxury\r\nLow Steppa\r\nLuke Bond\r\nMambo Brothers\r\nMaor Levi\r\nMark Sixma\r\nMartin Badder\r\nMaxim Lany\r\nMistaJam\r\nMorgan Page\r\nNico Morano\r\nOrjan Nilsen\r\nPablo Nouvelle\r\nPronouncedYea\r\nProtoculture\r\nReOrder\r\nRob Black\r\nRodg\r\nRuben de Ronde\r\nRyan Shepherd\r\nSebastian Davidson\r\nShapov\r\nStanderwick\r\nStereoclip\r\nSunnery James & Ryan Marciano\r\nSuper8 & Tab\r\nTempo Giusto\r\nTensnake\r\nThemba\r\nTom Staar\r\nW&W\r\nYoungr\r\nZack Martino",
 "officialUrl": "www.armadamusic.com",
 "referenceUrl": "https://en.wikipedia.org/wiki/Armada_Music",
 "manageStatusText": "运营中",
 "style": "Trance",
 "country": "荷兰",
 "typeId": 14,
 "typeName": "厂牌",
 "dataId": 16,
 "url": "http://dropinapp.hearinmusic.com/#/ency?typeId=14&dataId=16"
}