{
 "pageNum": 1,
 "pageSize": 10,
 "params": {},
 "content": "<div>\n<div class=\"document\">\n<p class=\"paragraph text-align-type-left pap-line-1.8 pap-line-rule-auto pap-spacing-before-2pt pap-spacing-after-2pt\">Armind是一个荷兰Trance厂牌，是Armada Music的第一个出版公司。</p>\n<p class=\"paragraph text-align-type-left pap-line-1.8 pap-line-rule-auto pap-spacing-before-2pt pap-spacing-after-2pt\">&nbsp;</p>\n<p class=\"paragraph text-align-type-left pap-line-1.8 pap-line-rule-auto pap-spacing-before-2pt pap-spacing-after-2pt\">以Armind小天使为厂牌标志，Armind由Armin-van-Buuren本人创立，他选择了最好的原创曲目，往往是当下的经典或未来的流行。最重要的是，Armind已经成为Armind自己所有作品的家。</p>\n<p class=\"paragraph text-align-type-left pap-line-1.8 pap-line-rule-auto pap-spacing-before-2pt pap-spacing-after-2pt\">&nbsp;</p>\n<p class=\"paragraph text-align-type-left pap-line-1.8 pap-line-rule-auto pap-spacing-before-2pt pap-spacing-after-2pt\"><strong>子厂牌：</strong>Armind Limited</p>\n<p class=\"paragraph text-align-type-left pap-line-1.8 pap-line-rule-auto pap-spacing-before-2pt pap-spacing-after-2pt\">&nbsp;</p>\n<p class=\"paragraph text-align-type-left pap-line-1.8 pap-line-rule-auto pap-spacing-before-2pt pap-spacing-after-2pt\"><strong>母厂牌：</strong>Armada Music B.V.</p>\n<p class=\"paragraph text-align-type-left pap-line-1.8 pap-line-rule-auto pap-spacing-before-2pt pap-spacing-after-2pt\">&nbsp;</p>\n<p class=\"paragraph text-align-type-left pap-line-1.8 pap-line-rule-auto pap-spacing-before-2pt pap-spacing-after-2pt\">&nbsp;</p>\n<div>\n<div class=\"document\">\n<p class=\"paragraph text-align-type-left pap-line-1.8 pap-line-rule-auto pap-spacing-before-2pt pap-spacing-after-2pt pap-left-indent-2em\">本词条汉字内容由 @多频百科团队 翻译+编辑</p>\n<p class=\"paragraph text-align-type-left pap-line-1.8 pap-line-rule-auto pap-spacing-before-2pt pap-spacing-after-2pt pap-left-indent-2em\">原文译自&nbsp;https://www.discogs.com/label/3617-Armind</p>\n</div>\n</div>\n</div>\n</div>",
 "remarks": "本词条内容暂未完善仅供参考，多频百科小编正在火速赶来",
 "remarksEn": "本词条内容暂未完善仅供参考，多频百科小编正在火速赶来",
 "status": 1,
 "clickNum": 52,
 "deleted": 0,
 "lang": 0,
 "chooseLang": false,
 "id": 1857,
 "name": "Armind",
 "picture": "https://duopin-community.oss-cn-shenzhen.aliyuncs.com/d4bdmvngtvf7kpls5m9p.jpg",
 "foundAddress": "Netherlands",
 "founder": "Armin van Buuren",
 "parentBrand": "United Recordings ,Armada Music B.V.",
 "childBrand": "Armind Limited",
 "referenceUrl": "https://www.discogs.com/label/3617-Armind",
 "style": "",
 "country": "瑞典",
 "typeId": 14,
 "typeName": "厂牌",
 "dataId": 1857,
 "url": "http://dropinapp.hearinmusic.com/#/ency?typeId=14&dataId=1857"
}