{
 "pageNum": 1,
 "pageSize": 10,
 "params": {},
 "content": "<p></p>\n\r<p></p>\n\r<p></p>\n\r<p></p>",
 "remarks": "本词条内容暂未完善仅供参考，多频百科小编正在火速赶来",
 "remarksEn": "本词条内容暂未完善仅供参考，多频百科小编正在火速赶来",
 "status": 0,
 "clickNum": 0,
 "deleted": 0,
 "lang": 0,
 "chooseLang": false,
 "id": 433,
 "name": "Army of Darkness Entertainment",
 "descriptions": "\n\r",
 "originalName": "",
 "foundTimeText": "2003 ",
 "foundAddress": "United States",
 "founder": "Gemini Killer",
 "parentBrand": "",
 "childBrand": "",
 "majorStyle": "hip hop",
 "delegateArtist": "",
 "officialUrl": "https://geminikiller.com/ ",
 "referenceUrl": "https://musicbrainz.org/label/2cba3ce3-fd61-4cbb-9ac1-8a9f319b1f77",
 "manageStatusText": "",
 "style": "hip hop",
 "country": "美国",
 "typeId": 14,
 "typeName": "厂牌",
 "dataId": 433,
 "url": "http://dropinapp.hearinmusic.com/#/ency?typeId=14&dataId=433"
}