{
 "pageNum": 1,
 "pageSize": 10,
 "params": {},
 "content": "<div>\n<div class=\"document\">\n<p class=\"paragraph text-align-type-left pap-line-1.8 pap-line-rule-auto pap-spacing-before-2pt pap-spacing-after-2pt\">2009 年初，Dash Berlin 计划通过他们自己的厂牌Aropa Records来扩大影响力。新厂牌的第一个发行是与 Armada 艺术家 Cerf、Mitiska 和 Jaren 合作的&ldquo;Man on the Run&rdquo;。该曲目迅速登上国际Trance排行榜的榜首，并在年度Trance Awards中获得&ldquo;最佳Trance曲目&rdquo;提名。这首歌也是他们首张专辑The New Daylight的主打单曲，该专辑于当年 10 月下旬发行。2012 年 4 月，Dash Berlin 在 Aropa 和Armada Music上发行了他们的第二张艺术家专辑，名为#Musicislife。</p>\n<p>&nbsp;</p>\n<p><strong>艺人</strong></p>\n<p class=\"paragraph text-align-type-left pap-line-1.8 pap-line-rule-auto pap-spacing-before-2pt pap-spacing-after-2pt\">Dash Berlin<br />Faruk Sabanci<br />Hoyaa<br />James Dymond<br />Fred Numf&amp;Etienne Overdijk*<br />LTN<br />Paul Trainer<br />Rave CHannel</p>\n</div>\n</div>",
 "contentEn": "<div class=\"document\">\n<p class=\"paragraph text-align-type-left pap-line-1.8 pap-line-rule-auto pap-spacing-before-2pt pap-spacing-after-2pt\">In early 2009, plans emerged to expand the Dash Berlin influence with their own label called Aropa Records. The first release under the new label is \"Man on the Run\", a collaboration with fellow Armada artists Cerf, Mitiska and Jaren. The track rocketed to the top of the international trance charts and received a nomination for 'Best Trance Track' at the annual Trance Awards. The song is also the lead single of their debut album The New Daylight which was released later that year in October. In April 2012, Dash Berlin released their second artist album on Aropa and Armada Music titled #Musicislife.</p>\n<p class=\"paragraph text-align-type-left pap-line-1.8 pap-line-rule-auto pap-spacing-before-2pt pap-spacing-after-2pt\">&nbsp;</p>\n<p><strong>Artists</strong></p>\n<p class=\"paragraph text-align-type-left pap-line-1.8 pap-line-rule-auto pap-spacing-before-2pt pap-spacing-after-2pt\">Dash Berlin<br />Faruk Sabanci<br />Hoyaa<br />James Dymond<br />Fred Numf&amp;Etienne Overdijk*<br />LTN<br />Paul Trainer<br />Rave CHannel</p>\n</div>",
 "remarks": "本词条汉字内容由 @多频百科团队 翻译+编辑\n原文译自 https://en.wikipedia.org/wiki/Dash_Berlin#Aropa_Records",
 "remarksEn": "本词条内容来自 https://en.wikipedia.org/wiki/Dash_Berlin#Aropa_Records",
 "status": 1,
 "clickNum": 15,
 "deleted": 0,
 "lang": 0,
 "chooseLang": true,
 "id": 17,
 "name": "Aropa Records",
 "descriptions": "2009 年初，Dash Berlin 计划通过他们自己的厂牌Aropa Records来扩大影响力。新厂牌的第一个发行是与 Armada 艺术家 Cerf、Mitiska 和 Jaren 合作的“Man on the Run”。该曲目迅速登上国际Trance排行榜的榜首，并在年度Trance Awards中获得“最佳Trance曲目”提名。这首歌也是他们首张专辑The New Daylight的主打单曲，该专辑于当年 10 月下旬发行。2012 年 4 月，Dash Berlin 在 Aropa 和Armada Music上发行了他们的第二张艺术家专辑，名为#Musicislife。\n\n",
 "picture": "https://duopin-community.oss-cn-shenzhen.aliyuncs.com/ek8jsmp7xeyi1c1htjsn.png",
 "originalName": "",
 "foundTimeText": "2009",
 "foundAddress": "Netherlands",
 "founder": "Dash Berlin",
 "parentBrand": "",
 "childBrand": "",
 "majorStyle": "Trance & EDM",
 "delegateArtist": "Dash Berlin\nFaruk Sabanci\nHoyaa\nJames Dymond\nFred Numf&Etienne Overdijk*\nLTN\nPaul Trainer\nRave CHannel",
 "officialUrl": "http://www.armadamusic.com/label/aropa-records/",
 "referenceUrl": "https://en.wikipedia.org/wiki/Dash_Berlin#Aropa_Records",
 "manageStatusText": "",
 "style": "Trance",
 "country": "荷兰",
 "typeId": 14,
 "typeName": "厂牌",
 "dataId": 17,
 "url": "http://dropinapp.hearinmusic.com/#/ency?typeId=14&dataId=17"
}