{
 "pageNum": 1,
 "pageSize": 10,
 "params": {},
 "content": "<p>Hardstyle label founded by&nbsp;Headhunterz&nbsp;and&nbsp;Wildstylez.<br />At the 13 of november 2019 the label joined forces with&nbsp;Spirit Of Hardstyle&nbsp;and welcomed as new parts of the label&nbsp;Audiotricz,&nbsp;Bass Modulators&nbsp;&amp;&nbsp;Noisecontrollers</p>",
 "remarks": "本词条内容暂未完善仅供参考，多频百科小编正在火速赶来",
 "remarksEn": "本词条内容暂未完善仅供参考，多频百科小编正在火速赶来",
 "status": 0,
 "clickNum": 1,
 "deleted": 0,
 "lang": 0,
 "chooseLang": false,
 "id": 1873,
 "name": "Art of Creation",
 "picture": "https://duopin-community.oss-cn-shenzhen.aliyuncs.com/m3w5d52wer81lk9i0c60.jpg",
 "founder": " Headhunterz and Wildstylez",
 "parentBrand": "Be Yourself Music",
 "style": "",
 "country": "",
 "typeId": 14,
 "typeName": "厂牌",
 "dataId": 1873,
 "url": "http://dropinapp.hearinmusic.com/#/ency?typeId=14&dataId=1873"
}