{
 "pageNum": 1,
 "pageSize": 10,
 "params": {},
 "content": "<div class=\"document\">\n<p class=\"paragraph text-align-type-left pap-line-1.8 pap-line-rule-auto pap-spacing-before-2pt pap-spacing-after-2pt\">Artoffact Records是加拿大/冰岛唱片厂牌，专注于Industrial、Postpunk、Heavy Metal和Electronic Music。该厂牌成立于 1999 年。</p>\n<p class=\"paragraph text-align-type-left pap-line-1.8 pap-line-rule-auto pap-spacing-before-2pt pap-spacing-after-2pt\">&nbsp;</p>\n<div>\n<div class=\"document\">\n<p><strong>历史</strong></p>\n<p class=\"paragraph text-align-type-left pap-line-1.8 pap-line-rule-auto pap-spacing-before-2pt pap-spacing-after-2pt\">1997年，Jacek Kozlowski为Artoffact唱片奠定了基础。 2013年6月，一些签约乐队，如Prospero，Encephalon和Legend在该厂牌现场上演出。</p>\n<p class=\"paragraph text-align-type-left pap-line-1.8 pap-line-rule-auto pap-spacing-before-2pt pap-spacing-after-2pt\">&nbsp;</p>\n<p><strong>艺人</strong></p>\n<p class=\"paragraph text-align-type-left pap-line-1.8 pap-line-rule-auto pap-spacing-before-2pt pap-spacing-after-2pt\">3Teeth<br />∆AIMON<br />Absurd Minds<br />Actors<br />Aesthetic Perfection<br />Alice in Videoland<br />Apoptygma Berzerk<br />Blank<br />Cabaret<br />Cat Rapes Dog<br />cEvin Key<br />Coil<br />Colony 5<br />Controlled Bleeding<br />Dead Quiet<br />Dead When I Found Her</p>\n</div>\n</div>\n</div>",
 "contentEn": "<div>\n<div class=\"document\">\n<p class=\"paragraph text-align-type-left pap-line-1.8 pap-line-rule-auto pap-spacing-before-2pt pap-spacing-after-2pt\">Artoffact Records is a Canadian/Icelandic record label that concentrates on industrial, postpunk, heavy metal, and electronic music. The label was founded in 1999.</p>\n<p class=\"paragraph text-align-type-left pap-line-1.8 pap-line-rule-auto pap-spacing-before-2pt pap-spacing-after-2pt\">&nbsp;</p>\n<div>\n<div class=\"document\">\n<p class=\"paragraph text-align-type-left pap-line-1.8 pap-line-rule-auto pap-spacing-before-2pt pap-spacing-after-2pt\"><strong>History</strong></p>\n<p class=\"paragraph text-align-type-left pap-line-1.8 pap-line-rule-auto pap-spacing-before-2pt pap-spacing-after-2pt\">In 1997, Jacek Kozlowski laid the groundwork for Artoffact Records. In June 2013, the label put on a live showcase performance of some of its bands, including Prospero, Encephalon, and Legend.</p>\n<p class=\"paragraph text-align-type-left pap-line-1.8 pap-line-rule-auto pap-spacing-before-2pt pap-spacing-after-2pt\">&nbsp;</p>\n<p><strong>Artists</strong></p>\n<p class=\"paragraph text-align-type-left pap-line-1.8 pap-line-rule-auto pap-spacing-before-2pt pap-spacing-after-2pt\">3Teeth<br />∆AIMON<br />Absurd Minds<br />Actors<br />Aesthetic Perfection<br />Alice in Videoland<br />Apoptygma Berzerk<br />Blank<br />Cabaret<br />Cat Rapes Dog<br />cEvin Key<br />Coil<br />Colony 5<br />Controlled Bleeding<br />Dead Quiet<br />Dead When I Found Her</p>\n</div>\n</div>\n</div>\n</div>",
 "remarks": "本词条汉字内容由 @多频百科团队 翻译+编辑\n原文译自 https://en.wikipedia.org/wiki/Artoffact_Records",
 "remarksEn": "本词条内容来自 https://en.wikipedia.org/wiki/Artoffact_Records",
 "status": 1,
 "clickNum": 12,
 "deleted": 0,
 "lang": 0,
 "chooseLang": true,
 "id": 18,
 "name": "Artoffact Records",
 "descriptions": "Artoffact Records是加拿大/冰岛唱片厂牌，专注于Industrial、Postpunk、Heavy Metal和Electronic Music。该厂牌成立于 1999 年。",
 "picture": "https://duopin-community.oss-cn-shenzhen.aliyuncs.com/8ka9decvl2h0o60mdaaa.jpg",
 "originalName": "",
 "foundTimeText": "1999",
 "foundAddress": "Toronto, Ontario",
 "founder": "Jacek Kozlowski",
 "parentBrand": "",
 "childBrand": "",
 "majorStyle": "Electronic",
 "delegateArtist": "3Teeth\r\n∆AIMON\r\nAbsurd Minds\r\nActors\r\nAesthetic Perfection\r\nAlice in Videoland\r\nApoptygma Berzerk\r\nBlank\r\nCabaret\r\nCat Rapes Dog\r\ncEvin Key\r\nCoil\r\nColony 5\r\nControlled Bleeding\r\nDead Quiet\r\nDead When I Found Her\r\nDevours\r\nDownload\r\nGhost Twin\r\nHeadscan\r\nIndividual Totem\r\nInterlace\r\nJesus on Extasy\r\nJuno Reactor\r\nKælan Mikla\r\nKobold\r\nLEGEND\r\nMarsheaux\r\nMassiv in Mensch\r\nMlada Fronta\r\nMoksha\r\nMonster Movie\r\nNash the Slash\r\nNetz\r\nNoise Unit\r\nÖhm\r\nProspero\r\nPsyche\r\nPloho\r\nRational Youth\r\nSaltillo\r\nSeeming\r\nSeer\r\nStandeg\r\nStrategy",
 "officialUrl": "artoffact.com",
 "referenceUrl": "https://en.wikipedia.org/wiki/Artoffact_Records",
 "manageStatusText": "",
 "style": "Electronic",
 "country": "加拿大",
 "typeId": 14,
 "typeName": "厂牌",
 "dataId": 18,
 "url": "http://dropinapp.hearinmusic.com/#/ency?typeId=14&dataId=18"
}