{
 "pageNum": 1,
 "pageSize": 10,
 "params": {},
 "content": "<p>Techno label based in Berlin, founded in 2013 by Emmanuel.</p>",
 "remarks": "本词条内容暂未完善仅供参考，多频百科小编正在火速赶来",
 "remarksEn": "本词条内容暂未完善仅供参考，多频百科小编正在火速赶来",
 "status": 0,
 "clickNum": 1,
 "deleted": 0,
 "lang": 0,
 "chooseLang": false,
 "id": 434,
 "name": "ARTS",
 "descriptions": "",
 "picture": "https://duopin-community.oss-cn-shenzhen.aliyuncs.com/69zamb6wdaal1yovpptu.jpg",
 "originalName": "",
 "foundTimeText": "2013 ",
 "foundAddress": "意大利（目前位于德国柏林）",
 "founder": "Emmanuel Beddewela",
 "parentBrand": "",
 "childBrand": "",
 "majorStyle": "techno",
 "delegateArtist": "",
 "officialUrl": "http://artsltd.eu/ ",
 "referenceUrl": "https://musicbrainz.org/label/0238558a-975b-4894-bcf2-7d2d6c2a1ba4",
 "manageStatusText": "",
 "style": "techno",
 "country": "意大利, 德国",
 "typeId": 14,
 "typeName": "厂牌",
 "dataId": 434,
 "url": "http://dropinapp.hearinmusic.com/#/ency?typeId=14&dataId=434"
}