{
 "pageNum": 1,
 "pageSize": 10,
 "params": {},
 "content": "<p></p>\n\r<p></p>\n\r<p></p>\n\r<p></p>",
 "remarks": "本词条内容暂未完善仅供参考，多频百科小编正在火速赶来",
 "remarksEn": "本词条内容暂未完善仅供参考，多频百科小编正在火速赶来",
 "status": 0,
 "clickNum": 0,
 "deleted": 0,
 "lang": 0,
 "chooseLang": false,
 "id": 435,
 "name": "Arzzarine Records",
 "descriptions": "Arzzarine is an Independent record label, founded by Rita Pam.\n\n",
 "originalName": "",
 "foundTimeText": "  2007-12-01",
 "foundAddress": "",
 "founder": "Rita Pam",
 "parentBrand": "",
 "childBrand": "",
 "majorStyle": "contemporary christian, dance, electronic, electropop, eurodance",
 "delegateArtist": "",
 "officialUrl": "",
 "referenceUrl": "https://musicbrainz.org/label/2ca8db7f-3159-4e88-82b5-4f803cebf4a7",
 "manageStatusText": "",
 "style": "contemporary christian, dance, electronic, electropop, eurodance",
 "country": "",
 "typeId": 14,
 "typeName": "厂牌",
 "dataId": 435,
 "url": "http://dropinapp.hearinmusic.com/#/ency?typeId=14&dataId=435"
}