{
 "pageNum": 1,
 "pageSize": 10,
 "params": {},
 "content": "<p></p>\n\r<p></p>\n\r<p></p>\n\r<p></p>",
 "remarks": "本词条内容暂未完善仅供参考，多频百科小编正在火速赶来",
 "remarksEn": "本词条内容暂未完善仅供参考，多频百科小编正在火速赶来",
 "status": 0,
 "clickNum": 0,
 "deleted": 0,
 "lang": 0,
 "chooseLang": false,
 "id": 436,
 "name": "Ascendant Grooves",
 "descriptions": "Atmospheric Drum 'n' Bass\nGood Looking Records sub label created in 1996 for PHD\n\n\n",
 "picture": "https://duopin-community.oss-cn-shenzhen.aliyuncs.com/c4nsaks36rubxuom6ngr.jpg",
 "originalName": "",
 "foundTimeText": "    1996",
 "foundAddress": "United Kingdom",
 "founder": "PHD (UK drum & bass producer Patrick Henry)",
 "parentBrand": "Good Looking Records",
 "childBrand": "",
 "majorStyle": "drum and bass",
 "delegateArtist": "",
 "officialUrl": "",
 "referenceUrl": "https://musicbrainz.org/label/827c7577-036f-406a-8dc1-561a8ab76222",
 "manageStatusText": "",
 "style": "drum and bass",
 "country": "英国",
 "typeId": 14,
 "typeName": "厂牌",
 "dataId": 436,
 "url": "http://dropinapp.hearinmusic.com/#/ency?typeId=14&dataId=436"
}