{
 "pageNum": 1,
 "pageSize": 10,
 "params": {},
 "content": "<p></p>\n\r<p></p>\n\r<p></p>\n\r<p></p>",
 "remarks": "本词条内容暂未完善仅供参考，多频百科小编正在火速赶来",
 "remarksEn": "本词条内容暂未完善仅供参考，多频百科小编正在火速赶来",
 "status": 0,
 "clickNum": 0,
 "deleted": 0,
 "lang": 0,
 "chooseLang": false,
 "id": 437,
 "name": "Ashtray Studios",
 "descriptions": "\n\r",
 "originalName": "",
 "foundTimeText": "2008-01-01",
 "foundAddress": "    Spokane, Washington, United States",
 "founder": "",
 "parentBrand": "",
 "childBrand": "",
 "majorStyle": "hip hop, horrorcore",
 "delegateArtist": "",
 "officialUrl": "",
 "referenceUrl": "https://musicbrainz.org/label/19eac998-0384-4344-bdb1-9486e1aa5dac",
 "manageStatusText": "",
 "style": "hip hop, horrorcore",
 "country": "美国",
 "typeId": 14,
 "typeName": "厂牌",
 "dataId": 437,
 "url": "http://dropinapp.hearinmusic.com/#/ency?typeId=14&dataId=437"
}