{
 "pageNum": 1,
 "pageSize": 10,
 "params": {},
 "content": "<p></p>\n\r<p></p>\n\r<p></p>\n\r<p></p>",
 "remarks": "本词条内容暂未完善仅供参考，多频百科小编正在火速赶来",
 "remarksEn": "本词条内容暂未完善仅供参考，多频百科小编正在火速赶来",
 "status": 0,
 "clickNum": 0,
 "deleted": 0,
 "lang": 0,
 "chooseLang": false,
 "id": 438,
 "name": "Aspect",
 "descriptions": "Founded in 1998. Styles: jazzy and live drum n bass.\n\n\n",
 "picture": "https://duopin-community.oss-cn-shenzhen.aliyuncs.com/qi4ney61xs0vol3mk0yn.jpg",
 "originalName": "",
 "foundTimeText": "1998",
 "foundAddress": "United Kingdom",
 "founder": "\tToby Burrows Ed Holmes Jon Skinner",
 "parentBrand": "Dance 2 Recordings",
 "childBrand": "",
 "majorStyle": "drum and bass",
 "delegateArtist": "",
 "officialUrl": "",
 "referenceUrl": "https://musicbrainz.org/label/1ec33dd7-58bb-4107-b41c-2c3a0be4b6ff",
 "manageStatusText": "",
 "style": "drum and bass",
 "country": "英国",
 "typeId": 14,
 "typeName": "厂牌",
 "dataId": 438,
 "url": "http://dropinapp.hearinmusic.com/#/ency?typeId=14&dataId=438"
}