{
 "pageNum": 1,
 "pageSize": 10,
 "params": {},
 "content": "<p></p>\n\r<p></p>\n\r<p></p>\n\r<p></p>",
 "remarks": "本词条内容暂未完善仅供参考，多频百科小编正在火速赶来",
 "remarksEn": "本词条内容暂未完善仅供参考，多频百科小编正在火速赶来",
 "status": 0,
 "clickNum": 0,
 "deleted": 0,
 "lang": 0,
 "chooseLang": false,
 "id": 439,
 "name": "Assassin Productions",
 "descriptions": "Productions company of the French hiphop crew Assassin (2).\nAlso appears as copyright holder. \n\n",
 "picture": "https://duopin-community.oss-cn-shenzhen.aliyuncs.com/mxe4f15qdxklgras9o5y.jpg",
 "originalName": "",
 "foundTimeText": "1992-2002",
 "foundAddress": "France",
 "founder": "",
 "parentBrand": "",
 "childBrand": "",
 "majorStyle": "hip hop",
 "delegateArtist": "",
 "officialUrl": "",
 "referenceUrl": "https://musicbrainz.org/label/899cd91b-553f-4e3e-b87b-6b533d391221",
 "manageStatusText": "已停运",
 "style": "hip hop",
 "country": "法国",
 "typeId": 14,
 "typeName": "厂牌",
 "dataId": 439,
 "url": "http://dropinapp.hearinmusic.com/#/ency?typeId=14&dataId=439"
}