{
 "pageNum": 1,
 "pageSize": 10,
 "params": {},
 "content": "<div class=\"document\">\n<p class=\"paragraph text-align-type-left pap-line-1.8 pap-line-rule-auto pap-spacing-before-2pt pap-spacing-after-2pt\">Asthmatic Kitty是美国独立唱片公司，于1999年由Sufjan Stevens和他的继父Lowell Brams领导的密歇根州荷兰音乐家社区创立。社区里有些是荷兰人，有些则是来当地大学就读的。虽然最初的荷兰核心已经遍布全国，但社区不断壮大，出现了新的艺术家和与其他独立唱片公司共享项目。The Library Catalog Music Series于2009年面世，展示了各种音乐家的器乐，截至2013年2月，该专辑已发行了18张专辑，该厂牌仍计划发行更多专辑。Asthmatic Kitty现在基于在Lander、Wyoming、Indianapolis、IN and Brooklyn和NY。</p>\n<p class=\"paragraph text-align-type-left pap-line-1.8 pap-line-rule-auto pap-spacing-before-2pt pap-spacing-after-2pt\">&nbsp;</p>\n<p class=\"paragraph text-align-type-left pap-line-1.8 pap-line-rule-auto pap-spacing-before-2pt pap-spacing-after-2pt\">厂牌的名字取自一只患有猫哮喘的流浪猫Sara，它在1994年被Lowell收养。从2002年起，她住在怀俄明州的兰德，兰德的海拔5,358英尺/ 1,633 m，那里稀薄干燥的空气缓解了她的大部分哮喘症状。Sara活到了15岁或16岁，于2008年12月去世。</p>\n<p class=\"paragraph text-align-type-left pap-line-1.8 pap-line-rule-auto pap-spacing-before-2pt pap-spacing-after-2pt\">&nbsp;</p>\n<p class=\"paragraph text-align-type-left pap-line-1.8 pap-line-rule-auto pap-spacing-before-2pt pap-spacing-after-2pt\">Unusual Animals 2007&ndash;2010是限量版黑胶唱片、派对、艺术和音乐活动的特别系列。 2007年，Michael Kaufmann在印第安纳波利斯哈里森艺术中心成立了 The Unusual Animals Project Space，主要作为Cindy Hinant和Stuart Snoddy的展览。</p>\n<p class=\"paragraph text-align-type-left pap-line-1.8 pap-line-rule-auto pap-spacing-before-2pt pap-spacing-after-2pt\">&nbsp;</p>\n<p class=\"paragraph text-align-type-left pap-line-1.8 pap-line-rule-auto pap-spacing-before-2pt pap-spacing-after-2pt\">2020年，Sufjan Stevens和Lowell Brams发行了21首曲目的专辑Aporia。该专辑被描述为&ldquo;将有机乐器与实验电子设备相结合，使New Age Music和Ambient Music交织在一起&rdquo;。</p>\n<p class=\"paragraph text-align-type-left pap-line-1.8 pap-line-rule-auto pap-spacing-before-2pt pap-spacing-after-2pt\">&nbsp;</p>\n<p><strong>艺人</strong></p>\n<p class=\"paragraph text-align-type-left pap-line-1.8 pap-line-rule-auto pap-spacing-before-2pt pap-spacing-after-2pt\">James McAlister 900X<br />Angelo De Augustine<br />Castanets<br />Chris Schlarb<br />Denison Witmer<br />Dots Will Echo<br />Fol Chen<br />Half-handed Cloud<br />Hermas Zopoula<br />Land of a Thousand Rappers<br />Lily &amp; Madeleine<br />Linda Perhacs</p>\n</div>",
 "contentEn": "<div class=\"document\">\n<p class=\"paragraph text-align-type-left pap-line-1.8 pap-line-rule-auto pap-spacing-before-2pt pap-spacing-after-2pt\">Asthmatic Kitty is an American independent record label founded in 1999 by a community of musicians from Holland, Michigan led by Sufjan Stevens and his stepfather Lowell Brams. Some were Holland natives, and others had come to attend local colleges and universities. While the original Holland nucleus has dispersed across the country, the community has grown, with new artists and shared projects with other independent labels. The Library Catalog Music Series, inaugurated in 2009, showcases instrumental music by a wide variety of musicians, with eighteen albums in print as of February 2013, and more scheduled for release. Asthmatic Kitty is now based in Lander, Wyoming, Indianapolis, IN and Brooklyn, NY.</p>\n<p class=\"paragraph text-align-type-left pap-line-1.8 pap-line-rule-auto pap-spacing-before-2pt pap-spacing-after-2pt\">&nbsp;</p>\n<div>\n<div class=\"document\">\n<p class=\"paragraph text-align-type-left pap-line-1.8 pap-line-rule-auto pap-spacing-before-2pt pap-spacing-after-2pt\">The label's name refers to Sara, a stray with feline asthma adopted by Lowell in 1994. From 2002 on, she lived in Lander, Wyoming (elevation 5,358 ft / 1,633 m), where the thin, dry air alleviated most of her asthma symptoms. Sara lived to be fifteen or sixteen, dying in December 2008.</p>\n<p class=\"paragraph text-align-type-left pap-line-1.8 pap-line-rule-auto pap-spacing-before-2pt pap-spacing-after-2pt\">&nbsp;</p>\n<p class=\"paragraph text-align-type-left pap-line-1.8 pap-line-rule-auto pap-spacing-before-2pt pap-spacing-after-2pt\">Unusual Animals 2007&ndash;2010 was a special series of limited edition vinyl, parties, art and music events. In 2007 The Unusual Animals Project Space founded by Michael Kaufmann at the Harrison Center for the Arts in Indianapolis featured exhibitions by Cindy Hinant and Stuart Snoddy.</p>\n<p class=\"paragraph text-align-type-left pap-line-1.8 pap-line-rule-auto pap-spacing-before-2pt pap-spacing-after-2pt\">&nbsp;</p>\n<p class=\"paragraph text-align-type-left pap-line-1.8 pap-line-rule-auto pap-spacing-before-2pt pap-spacing-after-2pt\">In 2020, Sufjan Stevens and Lowell Brams released Aporia, a 21-track album. The album has been described as \"mixing organic instrumentation with experimental electronics, intertwining both new age and ambient music.\"</p>\n<p class=\"paragraph text-align-type-left pap-line-1.8 pap-line-rule-auto pap-spacing-before-2pt pap-spacing-after-2pt\">&nbsp;</p>\n<p><strong>Artists</strong></p>\n<p class=\"paragraph text-align-type-left pap-line-1.8 pap-line-rule-auto pap-spacing-before-2pt pap-spacing-after-2pt\">James McAlister 900X<br />Angelo De Augustine<br />Castanets<br />Chris Schlarb<br />Denison Witmer<br />Dots Will Echo<br />Fol Chen<br />Half-handed Cloud<br />Hermas Zopoula<br />Land of a Thousand Rappers<br />Lily &amp; Madeleine<br />Linda Perhacs</p>\n<p class=\"paragraph text-align-type-left pap-line-1.8 pap-line-rule-auto pap-spacing-before-2pt pap-spacing-after-2pt\">James McAlister 900X<br />Angelo De Augustine<br />Castanets<br />Chris Schlarb<br />Denison Witmer<br />Dots Will Echo<br />Fol Chen<br />Half-handed Cloud<br />Hermas Zopoula<br />Land of a Thousand Rappers<br />Lily &amp; Madeleine<br />Linda Perhacs</p>\n</div>\n</div>\n</div>",
 "remarks": "本词条汉字内容由 @多频百科团队 翻译+编辑\n原文译自 https://en.wikipedia.org/wiki/Asthmatic_Kitty",
 "remarksEn": "本词条内容来自 https://en.wikipedia.org/wiki/Asthmatic_Kitty",
 "status": 1,
 "clickNum": 36,
 "deleted": 0,
 "lang": 0,
 "chooseLang": true,
 "id": 20,
 "name": "Asthmatic Kitty",
 "descriptions": "Asthmatic Kitty是美国独立唱片公司，于1999年由Sufjan Stevens和他的继父Lowell Brams领导的密歇根州荷兰音乐家社区创立。社区里有些是荷兰人，有些则是来当地大学就读的。虽然最初的荷兰核心已经遍布全国，但社区不断壮大，出现了新的艺术家和与其他独立唱片公司共享项目。The Library Catalog Music Series于2009年面世，展示了各种音乐家的器乐，截至2013年2月，该专辑已发行了18张专辑，该厂牌仍计划发行更多专辑。Asthmatic Kitty现在基于在Lander、Wyoming、Indianapolis、IN and Brooklyn和NY。",
 "picture": "https://duopin-community.oss-cn-shenzhen.aliyuncs.com/chl8613aygi5horcpcr1.png",
 "originalName": "",
 "foundTimeText": "1999",
 "foundAddress": "Lander, Wyoming\r\nIndianapolis, Indiana\r\nNew York, New York",
 "founder": "Sufjan StevensLowell Brams",
 "parentBrand": "",
 "childBrand": "",
 "majorStyle": "Indie rock",
 "delegateArtist": "James McAlister 900X\r\nAngelo De Augustine\r\nCastanets\r\nChris Schlarb\r\nDenison Witmer\r\nDots Will Echo\r\nFol Chen\r\nHalf-handed Cloud\r\nHermas Zopoula\r\nLand of a Thousand Rappers\r\nLily & Madeleine\r\nLinda Perhacs\r\nLiz Janes\r\nPepe Deluxé\r\nRafter\r\nShannon Stephens\r\nSisyphus\r\nSufjan Stevens\r\nThe Welcome Wagon\r\n",
 "officialUrl": "asthmatickitty.com",
 "referenceUrl": "https://en.wikipedia.org/wiki/Asthmatic_Kitty",
 "manageStatusText": "运营中",
 "style": "Indie rock",
 "country": "美国",
 "typeId": 14,
 "typeName": "厂牌",
 "dataId": 20,
 "url": "http://dropinapp.hearinmusic.com/#/ency?typeId=14&dataId=20"
}