{
 "pageNum": 1,
 "pageSize": 10,
 "params": {},
 "content": "<p></p>\n\r<p></p>\n\r<p></p>\n\r<p></p>",
 "remarks": "本词条内容暂未完善仅供参考，多频百科小编正在火速赶来",
 "remarksEn": "本词条内容暂未完善仅供参考，多频百科小编正在火速赶来",
 "status": 0,
 "clickNum": 0,
 "deleted": 0,
 "lang": 0,
 "chooseLang": false,
 "id": 441,
 "name": "Astrophonica",
 "descriptions": "The always fresh and forward thinking label started by Fracture & Neptune.\n\n\n",
 "picture": "https://duopin-community.oss-cn-shenzhen.aliyuncs.com/7eq592pr303sg1im0gu0.jpg",
 "originalName": "",
 "foundTimeText": "2009",
 "foundAddress": "United Kingdom",
 "founder": "\tFracture & Neptune",
 "parentBrand": "",
 "childBrand": "",
 "majorStyle": "drum and bass",
 "delegateArtist": "",
 "officialUrl": "",
 "referenceUrl": "https://musicbrainz.org/label/ffafeb99-f832-4134-bb7f-0234216f0e0a",
 "manageStatusText": "",
 "style": "drum and bass",
 "country": "英国",
 "typeId": 14,
 "typeName": "厂牌",
 "dataId": 441,
 "url": "http://dropinapp.hearinmusic.com/#/ency?typeId=14&dataId=441"
}