{
 "pageNum": 1,
 "pageSize": 10,
 "params": {},
 "content": "<div>\n<div>\n<p>Astralwerks是美国唱片公司，主要关注来自Universal Music Group的电子音乐。其材料通过美国Capitol Music Group发行。该厂牌成立于1993年，在成立初期，The Chemical Brothers和Fatboy Slim等著名人物也参与出演。近年来，它的花名册已扩展到包括Halsey，Marshmello，Porter Robinson，Illenium等众多艺术家。2018年，Astralwerks的总部从其原来的纽约市迁至洛杉矶。</p>\n<p>&nbsp;</p>\n<p><strong>历史</strong></p>\n</div>\n</div>\n<div>\n<div class=\"document\">\n<p class=\"paragraph text-align-type-left pap-line-1.8 pap-line-rule-auto pap-spacing-before-2pt pap-spacing-after-2pt\" style=\"text-align: justify;\">Astralwerks于1993年7月在纽约市由Brian Long创立，从中不难看出有Caroline Records的电子和舞蹈的印记。Long以前曾协助策划了在Caroline发行的名为Excursions in Ambience的电子音乐合辑。Caroline的母公司Virgin Records在Astralwerks成立后不久就将其卖给了Thorn EMI。Astralwerks发行的第一张专辑是Amorphous Androgynous的Tales of Ephidrina，就像是The Future Sound of London的另一个自我。1994年，Peter Wohelski被任命为A＆R负责人。Wohelski因发现 Chemical Brothers并将他们纳入Astralwerks旗下而闻名。他们1995年发行的首张录音室专辑《Exit Planet Dust》在美国售出了750,000张。两人1997年的Dig Your Own Hole在Billboard 200排行榜上排名第14 。</p>\n<p class=\"paragraph text-align-type-left pap-line-1.8 pap-line-rule-auto pap-spacing-before-2pt pap-spacing-after-2pt\" style=\"text-align: justify;\">&nbsp;</p>\n<div>\n<div class=\"document\">\n<p class=\"paragraph text-align-type-left pap-line-1.8 pap-line-rule-auto pap-spacing-before-2pt pap-spacing-after-2pt\" style=\"text-align: justify;\">在Astralwerks前五年发行的专辑中还包括Seefeel的Quique（1994），Soul Oddity的Soul Oddity（1996），&micro;-Ziq的Lunatic Harness（1997），Photek的Modus Operandi（1997），和Fatboy Slim的You've Come a Long Way，Baby (1998年)等等。1999年，Basement Jaxx的Remedy 和Cassius'1999发行，后者在U.S. Dance排行榜的前30名中出现了三个单打高峰。同年，Peter Wohelski也离开了厂牌总经理的位置，并由Errol Kolosine接任。在2000年代初，Astralwerks发行的专辑包括Air的2001年专辑10000 Hz Legend，该专辑在Billboard 200上达到第88位，以及2003年Motorbass的Pansoul重新发行。2005年，该厂牌发行了Kraftwerk的第一张现场专辑Minimum-Maximum以及Brian Eno的合辑，名为More Music for Films。</p>\n<p class=\"paragraph text-align-type-left pap-line-1.8 pap-line-rule-auto pap-spacing-before-2pt pap-spacing-after-2pt\" style=\"text-align: justify;\">&nbsp;</p>\n<div>\n<div class=\"document\">\n<p class=\"paragraph text-align-type-left pap-line-1.8 pap-line-rule-auto pap-spacing-before-2pt pap-spacing-after-2pt\" style=\"text-align: justify;\">2007年，EMI重组了其分销部门，最终Glenn Mendlinger接替Errol Kolosine担任Astralwerks的总经理。2009年，该厂牌发行了David Guetta的 One Love。该专辑的主打单曲&ldquo; When Love Takes Over &rdquo;将可能再次获得格莱美奖。2012年，该唱片公司发行了Swedish House Mafia的Until Now，其中有单曲&ldquo; Don't You Worry Child&rdquo;。专辑在Billboard 200上排名第14，而单曲在Billboard Hot 100上排名第6 。</p>\n<p class=\"paragraph text-align-type-left pap-line-1.8 pap-line-rule-auto pap-spacing-before-2pt pap-spacing-after-2pt\" style=\"text-align: justify;\">&nbsp;</p>\n<div>\n<div class=\"document\">\n<p class=\"paragraph text-align-type-left pap-line-1.8 pap-line-rule-auto pap-spacing-before-2pt pap-spacing-after-2pt\" style=\"text-align: justify;\">那年，环球音乐集团（UMG）收购了EMI，时至今日，仍将Astralwerks置于UMG的控制下。作为公司重组的一部分，Astralwerks成为Capitol Music Group的旗下的厂牌。2013年，该厂牌签下了Porter Robinson 和Deadmau5，他的Mau5trap印记也一同签下。第二年，Astralwerks与歌手Halsey签下唱片合约。也是在同一年，Robinson发行了他的首张录音室专辑Worlds，Deadmau5也发行了他在Astralwerks的首张专辑While（1 &lt;2）。 Halsey的首张录音室专辑，Badlands于2015年问世，在Billboard 200上位居第二。她在2017年发行的Hopeless Fountain Kingdom将位居榜首。</p>\n<p class=\"paragraph text-align-type-left pap-line-1.8 pap-line-rule-auto pap-spacing-before-2pt pap-spacing-after-2pt\" style=\"text-align: justify;\">&nbsp;</p>\n<div>\n<div class=\"document\">\n<p><span style=\"text-decoration: underline;\">2018年至今：重启和搬迁</span></p>\n<p class=\"paragraph text-align-type-left pap-line-1.8 pap-line-rule-auto pap-spacing-before-2pt pap-spacing-after-2pt\" style=\"text-align: justify;\">2018年，Astralwerks宣布将从纽约市迁至目前的洛杉矶总部。Glenn Mendlinger也将卸任总经理，由Toby Andrews接任。2018年9月，该厂牌宣布已&ldquo;重启&rdquo;，并在其洛杉矶办事处进行了大量新签约。新签约的艺术家包括Axwell＆Ingrosso和Illenium。另一位Astralwerks最近签约的Marshmello发行了以Bastille为主题的歌曲&ldquo; Happier &rdquo;，该歌曲在Billboard Hot 100中排名第二，并在多个Billboard榜上名列前茅。2018年10月，该厂牌与游戏名人Ninja合作了一张合辑，该专辑于12月发行，专辑中收录了Tycho、Alesso和3LAU等人的原创歌曲。</p>\n</div>\n</div>\n</div>\n</div>\n</div>\n</div>\n</div>\n</div>\n</div>\n</div>",
 "contentEn": "<div>\n<div class=\"document\">\n<p class=\"paragraph text-align-type-left pap-line-1.8 pap-line-rule-auto pap-spacing-before-2pt pap-spacing-after-2pt\">Astralwerks is an American record label primarily focused on electronic music owned by Universal Music Group. Its material is distributed via Capitol Music Group in the United States. The label was founded in 1993 and, in its early years, featured prominent acts like The Chemical Brothers and Fatboy Slim. In recent years, its roster has expanded to include acts like Halsey, Marshmello, Porter Robinson, Illenium and numerous others. In 2018, Astralwerks' headquarters were moved from its original home of New York City to Los Angeles.</p>\n<p class=\"paragraph text-align-type-left pap-line-1.8 pap-line-rule-auto pap-spacing-before-2pt pap-spacing-after-2pt\">&nbsp;</p>\n<div>\n<div class=\"document\">\n<p class=\"paragraph text-align-type-left pap-line-1.8 pap-line-rule-auto pap-spacing-before-2pt pap-spacing-after-2pt\"><strong>History</strong></p>\n<p class=\"paragraph text-align-type-left pap-line-1.8 pap-line-rule-auto pap-spacing-before-2pt pap-spacing-after-2pt\">Astralwerks was founded in New York City in July 1993 by Brian Long as an electronic and dance imprint of Caroline Records. Long had previously helped curate an electronic music compilation that was released on Caroline called Excursions in Ambience. Caroline's parent company, Virgin Records, sold the label to Thorn EMI soon after Astralwerks' foundation. The first album released on Astralwerks was Tales of Ephidrina by Amorphous Androgynous, an alter ego of The Future Sound of London. In 1994, Peter Wohelski was brought on as the head of A&amp;R. Wohelski is credited with discovering the Chemical Brothers and bringing them into the Astralwerks fold. Their 1995 debut studio album, Exit Planet Dust, sold 750,000 copies in the United States. The duo's 1997 follow-up, Dig Your Own Hole, reached number 14 on the Billboard 200 chart.</p>\n<p class=\"paragraph text-align-type-left pap-line-1.8 pap-line-rule-auto pap-spacing-before-2pt pap-spacing-after-2pt\">&nbsp;</p>\n<div>\n<div class=\"document\">\n<p class=\"paragraph text-align-type-left pap-line-1.8 pap-line-rule-auto pap-spacing-before-2pt pap-spacing-after-2pt\">Other albums released under Astralwerks in its first five years included Seefeel's Quique (1994), Soul Oddity's Soul Oddity (1996), &micro;-Ziq's Lunatic Harness (1997), Photek's Modus Operandi (1997), and Fatboy Slim's You've Come a Long Way, Baby (1998), among many others. 1999 saw the releases of Basement Jaxx's Remedy and Cassius' 1999, the latter of which had three singles peak in the top 30 of the U.S. Dance chart. That year, Peter Wohelski also left his position as general manager of the label and was replaced by Errol Kolosine. In the early 2000s, Astralwerks releases included Air's 2001 album, 10 000 Hz Legend (which reached number 88 on the Billboard 200) and the 2003 re-issue of Motorbass' Pansoul. In 2005, the label released Kraftwerk's first live album, Minimum-Maximum, and a Brian Eno compilation called, More Music for Films.</p>\n<p class=\"paragraph text-align-type-left pap-line-1.8 pap-line-rule-auto pap-spacing-before-2pt pap-spacing-after-2pt\">&nbsp;</p>\n<div>\n<div class=\"document\">\n<p class=\"paragraph text-align-type-left pap-line-1.8 pap-line-rule-auto pap-spacing-before-2pt pap-spacing-after-2pt\">In 2007, EMI reorganized its distribution arm, which ultimately saw Glenn Mendlinger take over for Errol Kolosine as Astralwerks' general manager. In 2009, the label released David Guetta's One Love. The lead single off that album, \"When Love Takes Over,\" would go on to win a Grammy Award. In 2012, the label released Swedish House Mafia's Until Now which featured the single \"Don't You Worry Child.\" The album reached number 14 on the Billboard 200 while the single made it to number 6 on the Billboard Hot 100.</p>\n<p class=\"paragraph text-align-type-left pap-line-1.8 pap-line-rule-auto pap-spacing-before-2pt pap-spacing-after-2pt\">&nbsp;</p>\n<div>\n<div class=\"document\">\n<p class=\"paragraph text-align-type-left pap-line-1.8 pap-line-rule-auto pap-spacing-before-2pt pap-spacing-after-2pt\">That year, the Universal Music Group (UMG) purchased EMI, bringing Astralwerks under UMG control where it remains today. As part of the corporate restructuring, Astralwerks became an imprint under the Capitol Music Group. In 2013, the label signed both Porter Robinson and Deadmau5 (along with his Mau5trap imprint). The following year, Astralwerks signed singer Halsey to a record deal. Also that year, Robinson released his debut studio album, Worlds and Deadmau5 also released his Astralwerks debut, While(1&lt;2). Halsey's debut studio album, Badlands, came in 2015 and peaked at number 2 on the Billboard 200. Her 2017 follow-up, Hopeless Fountain Kingdom, would top the chart.</p>\n<p class=\"paragraph text-align-type-left pap-line-1.8 pap-line-rule-auto pap-spacing-before-2pt pap-spacing-after-2pt\">&nbsp;</p>\n<div>\n<div class=\"document\">\n<p class=\"paragraph text-align-type-left pap-line-1.8 pap-line-rule-auto pap-spacing-before-2pt pap-spacing-after-2pt\"><span style=\"text-decoration: underline;\">2018&ndash;present: Relaunch and relocation</span></p>\n<p class=\"paragraph text-align-type-left pap-line-1.8 pap-line-rule-auto pap-spacing-before-2pt pap-spacing-after-2pt\">In 2018, it was announced that Astralwerks would move from New York City to its current home base of Los Angeles. Glenn Mendlinger also stepped down as general manager and was replaced by Toby Andrews. In September 2018, the label announced that it had \"relaunched\" with a spate of new signings and a new staff at their Los Angeles offices. The new signings included Axwell &amp; Ingrosso and Illenium. Marshmello, another recent Astralwerks signee, released the song \"Happier\" featuring Bastille which reached number 2 on the Billboard Hot 100 and topped several Billboard charts. In October 2018, the label partnered with gaming personality Ninja on a compilation album that was released in December and featured original songs from Tycho, Alesso, and 3LAU, among others.</p>\n</div>\n</div>\n</div>\n</div>\n</div>\n</div>\n</div>\n</div>\n</div>\n</div>\n</div>\n</div>",
 "remarks": "本词条汉字内容由 @多频百科团队 翻译+编辑\n原文译自 https://en.wikipedia.org/wiki/Astralwerks",
 "remarksEn": "本词条内容来自 https://en.wikipedia.org/wiki/Astralwerks",
 "status": 1,
 "clickNum": 11,
 "deleted": 0,
 "lang": 0,
 "chooseLang": true,
 "id": 19,
 "name": "Astralwerks",
 "descriptions": "Astralwerks是美国唱片公司，主要关注来自Universal Music Group的电子音乐。其材料通过美国Capitol Music Group发行。该厂牌成立于1993年，在成立初期，The Chemical Brothers和Fatboy Slim等著名人物也参与出演。近年来，它的花名册已扩展到包括Halsey，Marshmello，Porter Robinson，Illenium等众多艺术家。2018年，Astralwerks的总部从其原来的纽约市迁至洛杉矶。",
 "picture": "https://duopin-community.oss-cn-shenzhen.aliyuncs.com/fu3e20e3h4hrautjydzm.png",
 "originalName": "",
 "foundTimeText": "1993",
 "foundAddress": "Los Angeles, California",
 "founder": "Brian Long",
 "parentBrand": "Universal Music Group",
 "childBrand": "",
 "majorStyle": "Electronic",
 "delegateArtist": "The Chemical Brothers\nFatboy Slim\nHalsey\nMarshmello\nPorter Robinson\nIllenium",
 "officialUrl": "www.astralwerks.com",
 "referenceUrl": "https://en.wikipedia.org/wiki/Astralwerks",
 "manageStatusText": "运营中",
 "style": "Electronic",
 "country": "美国",
 "typeId": 14,
 "typeName": "厂牌",
 "dataId": 19,
 "url": "http://dropinapp.hearinmusic.com/#/ency?typeId=14&dataId=19"
}