{
 "pageNum": 1,
 "pageSize": 10,
 "params": {},
 "content": "<p></p>\n\r<p></p>\n\r<p></p>\n\r<p></p>",
 "remarks": "本词条内容暂未完善仅供参考，多频百科小编正在火速赶来",
 "remarksEn": "本词条内容暂未完善仅供参考，多频百科小编正在火速赶来",
 "status": 0,
 "clickNum": 0,
 "deleted": 0,
 "lang": 0,
 "chooseLang": false,
 "id": 442,
 "name": "AT Musique",
 "descriptions": "Canadian label from Montréal , Québec.\n\n\n",
 "picture": "https://duopin-community.oss-cn-shenzhen.aliyuncs.com/7n56ptd2mbn4sf3mc4er.jpg",
 "originalName": "",
 "foundTimeText": "1999",
 "foundAddress": "Canada",
 "founder": "",
 "parentBrand": "",
 "childBrand": "",
 "majorStyle": "hip hop",
 "delegateArtist": "",
 "officialUrl": "",
 "referenceUrl": "https://musicbrainz.org/label/3d40de41-d3b2-4561-9844-a7b01ac29f22",
 "manageStatusText": "",
 "style": "hip hop",
 "country": "加拿大",
 "typeId": 14,
 "typeName": "厂牌",
 "dataId": 442,
 "url": "http://dropinapp.hearinmusic.com/#/ency?typeId=14&dataId=442"
}