{
 "pageNum": 1,
 "pageSize": 10,
 "params": {},
 "content": "<div>\n<div class=\"document\">\n<p class=\"paragraph text-align-type-left pap-line-1.8 pap-line-rule-auto pap-spacing-before-2pt pap-spacing-after-2pt\" style=\"text-align: justify;\">Atlantic Jaxx Recordings是一家由舞曲二人组Basement Jaxx创立的唱片公司。最初是以Camberwell，然后以Brixton为基地，Atlantic Jaxx是发行Basement Jaxx音乐的渠道。它的第一个发行是&ldquo; EP1&rdquo;，1994年由DJ Tony Humphries在纽约广播电台播放。</p>\n<p class=\"paragraph text-align-type-left pap-line-1.8 pap-line-rule-auto pap-spacing-before-2pt pap-spacing-after-2pt\">&nbsp;</p>\n<p class=\"paragraph text-align-type-left pap-line-1.8 pap-line-rule-auto pap-spacing-before-2pt pap-spacing-after-2pt\"><strong>艺人</strong></p>\n<p class=\"paragraph text-align-type-left pap-line-1.8 pap-line-rule-auto pap-spacing-before-2pt pap-spacing-after-2pt\">Afrofiesta</p>\n<p class=\"paragraph text-align-type-left pap-line-1.8 pap-line-rule-auto pap-spacing-before-2pt pap-spacing-after-2pt\">Gwyn Jay Allen</p>\n<p class=\"paragraph text-align-type-left pap-line-1.8 pap-line-rule-auto pap-spacing-before-2pt pap-spacing-after-2pt\">Basement Jaxx (also released under the aliases of \"Banana Krew\", \"Jacques da Booty\", \"Nifty\" and \"Jaxtrak\". Solo records by Felix as \"Buxton\", \"Celestial Being\", \"Geranimo\", \"Pinhead\" and \"EYES\", and Simon as \"Ratcliffe\")</p>\n<p class=\"paragraph text-align-type-left pap-line-1.8 pap-line-rule-auto pap-spacing-before-2pt pap-spacing-after-2pt\">House Breakerz</p>\n<p class=\"paragraph text-align-type-left pap-line-1.8 pap-line-rule-auto pap-spacing-before-2pt pap-spacing-after-2pt\">&nbsp;</p>\n<div>\n<div class=\"document\">\n<p class=\"paragraph text-align-type-left pap-line-1.8 pap-line-rule-auto pap-spacing-before-2pt pap-spacing-after-2pt pap-left-indent-2em\">&nbsp;</p>\n</div>\n</div>\n</div>\n</div>",
 "contentEn": "<div>\n<div class=\"document\">\n<p class=\"paragraph text-align-type-left pap-line-1.8 pap-line-rule-auto pap-spacing-before-2pt pap-spacing-after-2pt\" style=\"text-align: left; line-height: 180%; margin-top: 2.6666666666666665px; margin-bottom: 2.6666666666666665px;\"><span style=\"font-size: 11pt; font-family: SF Pro,PingFang SC,Microsoft YaHei,微软雅黑,Noto Sans CJK SC,sans-serif,Roboto,Droid Sans,Helvetica,Tahoma,Arial,Hiragino Sans GB,Heiti SC; font-weight: 400; font-style: normal; ;color: #111; background: transparent; letter-spacing: 0pt; vertical-align: baseline; white-space: pre;\">Atlantic Jaxx Recordings is a record company founded by dance music duo Basement Jaxx. Originally based in Camberwell and then Brixton, it was an outlet for releasing Basement Jaxx music. Its first release was \"EP1\" which was played by DJ Tony Humphries on New York Radio in 1994.</span></p>\n<p class=\"paragraph text-align-type-left pap-line-1.8 pap-line-rule-auto pap-spacing-before-2pt pap-spacing-after-2pt\" style=\"text-align: left; line-height: 180%; margin-top: 2.6666666666666665px; margin-bottom: 2.6666666666666665px;\">&nbsp;</p>\n<p class=\"paragraph text-align-type-left pap-line-1.8 pap-line-rule-auto pap-spacing-before-2pt pap-spacing-after-2pt\" style=\"text-align: left; line-height: 180%; margin-top: 2.6666666666666665px; margin-bottom: 2.6666666666666665px;\"><span style=\"font-size: 11pt; font-family: SF Pro,PingFang SC,Microsoft YaHei,微软雅黑,Noto Sans CJK SC,sans-serif,Roboto,Droid Sans,Helvetica,Tahoma,Arial,Hiragino Sans GB,Heiti SC; font-weight: bold; font-style: normal; ;color: #111; background: transparent; letter-spacing: 0pt; vertical-align: baseline; white-space: pre;\">Artists</span></p>\n<p class=\"paragraph text-align-type-left pap-line-1.8 pap-line-rule-auto pap-spacing-before-2pt pap-spacing-after-2pt\" style=\"text-align: left; line-height: 180%; margin-top: 2.6666666666666665px; margin-bottom: 2.6666666666666665px;\"><span style=\"font-size: 11pt; font-family: SF Pro,PingFang SC,Microsoft YaHei,微软雅黑,Noto Sans CJK SC,sans-serif,Roboto,Droid Sans,Helvetica,Tahoma,Arial,Hiragino Sans GB,Heiti SC; font-weight: 400; font-style: normal; ;color: #111; background: transparent; letter-spacing: 0pt; vertical-align: baseline; white-space: pre;\">Afrofiesta</span></p>\n<p class=\"paragraph text-align-type-left pap-line-1.8 pap-line-rule-auto pap-spacing-before-2pt pap-spacing-after-2pt\" style=\"text-align: left; line-height: 180%; margin-top: 2.6666666666666665px; margin-bottom: 2.6666666666666665px;\"><span style=\"font-size: 11pt; font-family: SF Pro,PingFang SC,Microsoft YaHei,微软雅黑,Noto Sans CJK SC,sans-serif,Roboto,Droid Sans,Helvetica,Tahoma,Arial,Hiragino Sans GB,Heiti SC; font-weight: 400; font-style: normal; ;color: #111; background: transparent; letter-spacing: 0pt; vertical-align: baseline; white-space: pre;\">Gwyn Jay Allen</span></p>\n<p class=\"paragraph text-align-type-left pap-line-1.8 pap-line-rule-auto pap-spacing-before-2pt pap-spacing-after-2pt\" style=\"text-align: left; line-height: 180%; margin-top: 2.6666666666666665px; margin-bottom: 2.6666666666666665px;\"><span style=\"font-size: 11pt; font-family: SF Pro,PingFang SC,Microsoft YaHei,微软雅黑,Noto Sans CJK SC,sans-serif,Roboto,Droid Sans,Helvetica,Tahoma,Arial,Hiragino Sans GB,Heiti SC; font-weight: 400; font-style: normal; ;color: #111; background: transparent; letter-spacing: 0pt; vertical-align: baseline; white-space: pre;\">Basement Jaxx (also released under the aliases of \"Banana Krew\", \"Jacques da Booty\", \"Nifty\" and \"Jaxtrak\". Solo records by Felix as \"Buxton\", \"Celestial Being\", \"Geranimo\", \"Pinhead\" and \"EYES\", and Simon as \"Ratcliffe\")</span></p>\n<p class=\"paragraph text-align-type-left pap-line-1.8 pap-line-rule-auto pap-spacing-before-2pt pap-spacing-after-2pt\" style=\"text-align: left; line-height: 180%; margin-top: 2.6666666666666665px; margin-bottom: 2.6666666666666665px;\"><span style=\"font-size: 11pt; font-family: SF Pro,PingFang SC,Microsoft YaHei,微软雅黑,Noto Sans CJK SC,sans-serif,Roboto,Droid Sans,Helvetica,Tahoma,Arial,Hiragino Sans GB,Heiti SC; font-weight: 400; font-style: normal; ;color: #111; background: transparent; letter-spacing: 0pt; vertical-align: baseline; white-space: pre;\">House Breakerz</span></p>\n</div>\n</div>",
 "remarks": "本词条汉字内容由 @多频百科团队 翻译+编辑\n原文译自 https://en.wikipedia.org/wiki/Atlantic_Jaxx",
 "remarksEn": "本词条内容来自  https://en.wikipedia.org/wiki/Atlantic_Jaxx",
 "status": 1,
 "clickNum": 12,
 "deleted": 0,
 "lang": 0,
 "chooseLang": true,
 "id": 23,
 "name": "Atlantic Jaxx",
 "descriptions": "Atlantic Jaxx Recordings是一家由舞曲二人组Basement Jaxx创立的唱片公司。最初是以Camberwell，然后以Brixton为基地，Atlantic Jaxx是发行Basement Jaxx音乐的渠道。它的第一个发行是“ EP1”，1994年由DJ Tony Humphries在纽约广播电台播放。",
 "picture": "https://duopin-community.oss-cn-shenzhen.aliyuncs.com/zcvsck7is8xobxxbpkja.jpg",
 "originalName": "",
 "foundTimeText": "1994",
 "foundAddress": "London, England",
 "founder": "Felix BuxtonSimon Ratcliffe",
 "parentBrand": "",
 "childBrand": "",
 "majorStyle": "Dance, electronic, house, soul",
 "delegateArtist": "Afrofiesta\r\nGwyn Jay Allen\r\nBasement Jaxx (also released under the aliases of \"Banana Krew\", \"Jacques da Booty\", \"Nifty\" and \"Jaxtrak\". Solo records by Felix as \"Buxton\", \"Celestial Being\", \"Geranimo\", \"Pinhead\" and \"EYES\", and Simon as \"Ratcliffe\")\r\nHouse Breakerz\r\nMoreno\r\nPhil Linton\r\nSharlene Hector\r\nSnakeskin\r\nPinhead\r\nDog Beats\r\nRonnie Richards\r\nYen Sung\r\nCL Gris\r\nAndrea Terrano (featuring Samantha Moyo, founder of Morning Gloryville)\r\nEYES\r\nImmortal Scientist (Slarta John and Danny James)\r\nCelestial Being\r\nGeranimo & Mikey\r\nPlanet Battagon\r\nBigby\r\nJack Nunn",
 "officialUrl": "www.atlanticjaxx.com",
 "referenceUrl": "https://en.wikipedia.org/wiki/Atlantic_Jaxx",
 "manageStatusText": "",
 "style": "Dance, electronic, house, ",
 "country": "美国",
 "typeId": 14,
 "typeName": "厂牌",
 "dataId": 23,
 "url": "http://dropinapp.hearinmusic.com/#/ency?typeId=14&dataId=23"
}