{
 "pageNum": 1,
 "pageSize": 10,
 "params": {},
 "content": "<p></p>\n\r<p></p>\n\r<p></p>\n\r<p></p>",
 "remarks": "本词条内容暂未完善仅供参考，多频百科小编正在火速赶来",
 "remarksEn": "本词条内容暂未完善仅供参考，多频百科小编正在火速赶来",
 "status": 0,
 "clickNum": 0,
 "deleted": 0,
 "lang": 0,
 "chooseLang": false,
 "id": 446,
 "name": "Atmomatix Records",
 "descriptions": "\n\r",
 "originalName": "",
 "foundTimeText": "2014",
 "foundAddress": "",
 "founder": "",
 "parentBrand": "",
 "childBrand": "",
 "majorStyle": "drum and bass",
 "delegateArtist": "",
 "officialUrl": "",
 "referenceUrl": "https://musicbrainz.org/label/aaef0624-87e1-4608-bf36-00b3ec268f46",
 "manageStatusText": "",
 "style": "drum and bass",
 "country": "",
 "typeId": 14,
 "typeName": "厂牌",
 "dataId": 446,
 "url": "http://dropinapp.hearinmusic.com/#/ency?typeId=14&dataId=446"
}