{
 "pageNum": 1,
 "pageSize": 10,
 "params": {},
 "content": "<p></p>\n\r<p></p>\n\r<p></p>\n\r<p></p>",
 "remarks": "本词条内容暂未完善仅供参考，多频百科小编正在火速赶来",
 "remarksEn": "本词条内容暂未完善仅供参考，多频百科小编正在火速赶来",
 "status": 0,
 "clickNum": 0,
 "deleted": 0,
 "lang": 0,
 "chooseLang": false,
 "id": 447,
 "name": "Atomic Pop",
 "descriptions": "\n\r",
 "picture": "https://duopin-community.oss-cn-shenzhen.aliyuncs.com/4otqnisnin2ec42364eb.jpg",
 "originalName": "",
 "foundTimeText": "",
 "foundAddress": "    Santa Monica, California, United States",
 "founder": "",
 "parentBrand": " Atomic Pop LLC",
 "childBrand": "",
 "majorStyle": "hip hop",
 "delegateArtist": "",
 "officialUrl": "",
 "referenceUrl": "https://musicbrainz.org/label/63dc1c2c-efcb-4f7e-bc17-d5378a6ff521",
 "manageStatusText": "",
 "style": "hip hop",
 "country": "美国",
 "typeId": 14,
 "typeName": "厂牌",
 "dataId": 447,
 "url": "http://dropinapp.hearinmusic.com/#/ency?typeId=14&dataId=447"
}