{
 "pageNum": 1,
 "pageSize": 10,
 "params": {},
 "content": "<p><strong>Attic Records</strong> was a Canadian independent record label,<sup id=\"cite_ref-1\" class=\"reference\"></sup> founded in 1974 by Alexander Mair and Tom Williams. The label was known for developing Canadian talent, including Anvil, Lee Aaron, Maestro Fresh Wes, The Nylons, Teenage Head, and Triumph. The company was also active in distributing international acts not affiliated with a major label, most successfully with Jennifer Warnes, \"Weird Al\" Yankovic, Katrina and the Waves, and Creed.</p>\n<p>Attic Records ceased to exist as an independent company in 1999, when it was bought by a consortium headed by Allan Gregg and merged with TMP (The Music Publisher) and Oasis Entertainment Distribution to form The Song Corporation. The Attic label briefly continued to exist as a subsidiary of The Song Corporation, but within months of its acquisition, the label name was changed to \"Song Recordings\".</p>\n<p>The Song Corporation filed for bankruptcy in May 2001. Attic's Canadian catalog and masters are now owned by Unidisc Music.</p>\n<p>&nbsp;</p>\n<p>&nbsp;</p>\n<p>&nbsp;</p>",
 "remarks": "本词条内容暂未完善仅供参考，多频百科小编正在火速赶来",
 "remarksEn": "本词条内容暂未完善仅供参考，多频百科小编正在火速赶来",
 "status": 0,
 "clickNum": 0,
 "deleted": 0,
 "lang": 0,
 "chooseLang": false,
 "id": 448,
 "name": "Attic",
 "descriptions": "Attic Records was a Canadian independent record label, founded in 1974 by Alexander Mair and Tom Williams. The label was known for developing Canadian talent, including Anvil, Lee Aaron, Maestro Fresh Wes, The Nylons, Teenage Head, and Triumph. The company was also active in distributing international acts not affiliated with a major label, most successfully with Jennifer Warnes, \"Weird Al\" Yankovic, Katrina and the Waves, and Creed.\n\nAttic Records ceased to exist as an independent company in 1999, when it was bought by a consortium headed by Allan Gregg and merged with TMP (The Music Publisher) and Oasis Entertainment Distribution to form The Song Corporation. The Attic label briefly continued to exist as a subsidiary of The Song Corporation, but within months of its acquisition, the label name was changed to \"Song Recordings\".\n\nThe Song Corporation filed for bankruptcy in May 2001. Attic's Canadian catalog and masters are now owned by Unidisc Music. \n\n",
 "picture": "https://duopin-community.oss-cn-shenzhen.aliyuncs.com/p87kkh205jwgv7i1xmo5.jpg",
 "originalName": "",
 "foundTimeText": "1974",
 "foundAddress": "    Toronto, Ontario, Canada",
 "founder": "",
 "parentBrand": "Unidisc",
 "childBrand": " Big Band Dance Party, Emph-ATTIC, Twin Pak ",
 "majorStyle": "",
 "delegateArtist": "",
 "officialUrl": "",
 "referenceUrl": "",
 "manageStatusText": "",
 "style": "",
 "country": "加拿大",
 "typeId": 14,
 "typeName": "厂牌",
 "dataId": 448,
 "url": "http://dropinapp.hearinmusic.com/#/ency?typeId=14&dataId=448"
}