{
 "pageNum": 1,
 "pageSize": 10,
 "params": {},
 "relationEncy": "[{\"id\":34974,\"typeId\":14,\"dataId\":1861,\"name\":\"Suara\",\"url\":\"http://dropinapp.hearinmusic.com/#/ency?typeId=14&dataId=1861\"}]",
 "content": "",
 "contentEn": "",
 "remarks": "本词条内容暂未完善仅供参考，多频百科小编正在火速赶来",
 "remarksEn": "本词条内容暂未完善仅供参考，多频百科小编正在火速赶来",
 "status": 0,
 "clickNum": 11,
 "deleted": 0,
 "lang": 0,
 "chooseLang": false,
 "id": 1920,
 "name": "Atypical Farm",
 "picture": "https://duopin-community.oss-cn-shenzhen.aliyuncs.com/image/2021/8/42x9b7ze48brfhm71gxt.jpg",
 "foundAddress": "巴塞罗那, 西班牙",
 "founder": "Coyu",
 "parentBrand": "Suara",
 "majorStyle": "House, Techno",
 "style": "House, Techno",
 "country": "西班牙",
 "typeId": 14,
 "typeName": "厂牌",
 "dataId": 1920,
 "url": "http://dropinapp.hearinmusic.com/#/ency?typeId=14&dataId=1920"
}