{
 "pageNum": 1,
 "pageSize": 10,
 "params": {},
 "content": "<p>&nbsp;</p>\n<p>&nbsp;</p>",
 "remarks": "本词条内容暂未完善仅供参考，多频百科小编正在火速赶来",
 "remarksEn": "本词条内容暂未完善仅供参考，多频百科小编正在火速赶来",
 "status": 1,
 "clickNum": 48,
 "deleted": 0,
 "lang": 0,
 "chooseLang": false,
 "id": 26,
 "name": "AudioPorn Records",
 "descriptions": "",
 "picture": "https://duopin-community.oss-cn-shenzhen.aliyuncs.com/2hqbsy9bcx6iunjk3f6j.jpg",
 "originalName": "",
 "foundTimeText": "2007",
 "foundAddress": "London, UK",
 "founder": "Shimon",
 "parentBrand": "",
 "childBrand": "",
 "majorStyle": " Independent Drum & Bass, Breaks, Electro & Dubstep",
 "delegateArtist": "Xilent\nShimon\nDirtyphonics\nCamo&Krooked",
 "officialUrl": "",
 "referenceUrl": "",
 "manageStatusText": "",
 "style": "",
 "country": "",
 "typeId": 14,
 "typeName": "厂牌",
 "dataId": 26,
 "url": "http://dropinapp.hearinmusic.com/#/ency?typeId=14&dataId=26"
}