{
 "pageNum": 1,
 "pageSize": 10,
 "params": {},
 "content": "<p></p>\n\r<p></p>\n\r<p></p>\n\r<p></p>",
 "remarks": "本词条内容暂未完善仅供参考，多频百科小编正在火速赶来",
 "remarksEn": "本词条内容暂未完善仅供参考，多频百科小编正在火速赶来",
 "status": 0,
 "clickNum": 0,
 "deleted": 0,
 "lang": 0,
 "chooseLang": false,
 "id": 449,
 "name": "Audio Blueprint",
 "descriptions": "Stakka & Skynet's label.\n\n\n",
 "picture": "https://duopin-community.oss-cn-shenzhen.aliyuncs.com/qzlpi6ktyev5xez21u89.jpg",
 "originalName": "",
 "foundTimeText": "",
 "foundAddress": "United Kingdom",
 "founder": "Stakka & Skynet",
 "parentBrand": "Audio Blueprint Recordings",
 "childBrand": "Audio Blueprint Studios, Underfire, Zero G Recordings ",
 "majorStyle": "drum and bass",
 "delegateArtist": "",
 "officialUrl": "",
 "referenceUrl": "https://musicbrainz.org/label/94683fd0-9eaf-4e2b-a477-2081a0b97f56",
 "manageStatusText": "",
 "style": "drum and bass",
 "country": "英国",
 "typeId": 14,
 "typeName": "厂牌",
 "dataId": 449,
 "url": "http://dropinapp.hearinmusic.com/#/ency?typeId=14&dataId=449"
}