{
 "pageNum": 1,
 "pageSize": 10,
 "params": {},
 "content": "<div>\n<div class=\"document\">\n<p class=\"paragraph text-align-type-left pap-line-1.8 pap-line-rule-auto pap-spacing-before-2pt pap-spacing-after-2pt\">Audiobulb Records是一家独立电子音乐唱片厂牌，位于英国谢菲尔德。该厂牌于2003年由David Newman创立。Audiobulb Records已发行&nbsp;CD 和数字格式的专辑。</p>\n<p class=\"paragraph text-align-type-left pap-line-1.8 pap-line-rule-auto pap-spacing-before-2pt pap-spacing-after-2pt\">&nbsp;</p>\n<p class=\"paragraph text-align-type-left pap-line-1.8 pap-line-rule-auto pap-spacing-before-2pt pap-spacing-after-2pt\"><strong>艺人</strong></p>\n<p class=\"paragraph text-align-type-left pap-line-1.8 pap-line-rule-auto pap-spacing-before-2pt pap-spacing-after-2pt\">papercutz</p>\n<p class=\"paragraph text-align-type-left pap-line-1.8 pap-line-rule-auto pap-spacing-before-2pt pap-spacing-after-2pt\">Ultre</p>\n</div>\n</div>\n<p>&nbsp;</p>\n<div>\n<div class=\"document\">\n<p class=\"paragraph text-align-type-left pap-line-1.8 pap-line-rule-auto pap-spacing-before-2pt pap-spacing-after-2pt pap-left-indent-2em\">&nbsp;</p>\n</div>\n</div>",
 "contentEn": "<div>\n<div class=\"document\">\n<p class=\"paragraph text-align-type-left pap-line-1.8 pap-line-rule-auto pap-spacing-before-2pt pap-spacing-after-2pt\" style=\"text-align: left; line-height: 180%; margin-top: 2.6666666666666665px; margin-bottom: 2.6666666666666665px;\"><span style=\"font-size: 10.5pt; font-family: sans-serif; font-weight: 400; font-style: normal; ;color: #202122; background: #ffffff; letter-spacing: 0pt; vertical-align: baseline; white-space: pre;\">Audiobulb Records is an electronic music independent record label based in Sheffield, England. The label was founded in 2003 by David Newman. Audiobulb Records has released albums on CDs and digital formats.</span></p>\n<p class=\"paragraph text-align-type-left pap-line-1.8 pap-line-rule-auto pap-spacing-before-2pt pap-spacing-after-2pt\" style=\"text-align: left; line-height: 180%; margin-top: 2.6666666666666665px; margin-bottom: 2.6666666666666665px;\">&nbsp;</p>\n<p class=\"paragraph text-align-type-left pap-line-1.8 pap-line-rule-auto pap-spacing-before-2pt pap-spacing-after-2pt\" style=\"text-align: left; line-height: 180%; margin-top: 2.6666666666666665px; margin-bottom: 2.6666666666666665px;\"><strong><span style=\"font-size: 10.5pt; font-family: sans-serif; font-style: normal; color: #202122; background: #ffffff none repeat scroll 0% 0%; letter-spacing: 0pt; vertical-align: baseline; white-space: pre;\">Artists</span></strong></p>\n<p class=\"paragraph text-align-type-left pap-line-1.8 pap-line-rule-auto pap-spacing-before-2pt pap-spacing-after-2pt\" style=\"text-align: left; line-height: 180%; margin-top: 2.6666666666666665px; margin-bottom: 2.6666666666666665px;\"><span style=\"font-size: 10.5pt; font-family: sans-serif; font-weight: 400; font-style: normal; ;color: #202122; background: #ffffff; letter-spacing: 0pt; vertical-align: baseline; white-space: pre;\">papercutz</span></p>\n<p class=\"paragraph text-align-type-left pap-line-1.8 pap-line-rule-auto pap-spacing-before-2pt pap-spacing-after-2pt\" style=\"text-align: left; line-height: 180%; margin-top: 2.6666666666666665px; margin-bottom: 2.6666666666666665px;\"><span style=\"font-size: 10.5pt; font-family: sans-serif; font-weight: 400; font-style: normal; ;color: #202122; background: #ffffff; letter-spacing: 0pt; vertical-align: baseline; white-space: pre;\">Ultre</span></p>\n</div>\n</div>",
 "remarks": "本词条汉字内容由 @多频百科团队 翻译+编辑\n原文译自 https://en.wikipedia.org/wiki/Audiobulb_Records",
 "remarksEn": "本词条内容来自 https://en.wikipedia.org/wiki/Audiobulb_Records",
 "status": 1,
 "clickNum": 14,
 "deleted": 0,
 "lang": 0,
 "chooseLang": true,
 "id": 25,
 "name": "Audiobulb Records",
 "descriptions": "Audiobulb Records是一家独立电子音乐唱片厂牌，位于英国谢菲尔德。该厂牌于2003年由David Newman创立。Audiobulb Records已发行 CD 和数字格式的专辑。",
 "picture": "https://duopin-community.oss-cn-shenzhen.aliyuncs.com/s12gd9vpyi7ohoz79qwl.jpg",
 "originalName": "",
 "foundTimeText": "2003",
 "foundAddress": "Sheffield, England",
 "founder": "David Newman",
 "parentBrand": "",
 "childBrand": "",
 "majorStyle": "electronic",
 "delegateArtist": "papercutz\r\nUltre",
 "officialUrl": "https://www.audiobulb.com/",
 "referenceUrl": "https://en.wikipedia.org/wiki/Audiobulb_Records",
 "manageStatusText": "",
 "style": "electronic",
 "country": "英国",
 "typeId": 14,
 "typeName": "厂牌",
 "dataId": 25,
 "url": "http://dropinapp.hearinmusic.com/#/ency?typeId=14&dataId=25"
}