{
 "pageNum": 1,
 "pageSize": 10,
 "params": {},
 "content": "<p></p>\n\r<p></p>\n\r<p></p>\n\r<p></p>",
 "remarks": "本词条内容暂未完善仅供参考，多频百科小编正在火速赶来",
 "remarksEn": "本词条内容暂未完善仅供参考，多频百科小编正在火速赶来",
 "status": 0,
 "clickNum": 0,
 "deleted": 0,
 "lang": 0,
 "chooseLang": false,
 "id": 451,
 "name": "Audio Recordz",
 "descriptions": "\n\r",
 "picture": "https://duopin-community.oss-cn-shenzhen.aliyuncs.com/vfwwjym2zwgg19rwapil.jpg",
 "originalName": "",
 "foundTimeText": "",
 "foundAddress": "",
 "founder": "",
 "parentBrand": "",
 "childBrand": "",
 "majorStyle": "happy hardcore",
 "delegateArtist": "",
 "officialUrl": "",
 "referenceUrl": "https://musicbrainz.org/label/21eb6614-37a4-4ade-813d-814cc683b414",
 "manageStatusText": "",
 "style": "happy hardcore",
 "country": "",
 "typeId": 14,
 "typeName": "厂牌",
 "dataId": 451,
 "url": "http://dropinapp.hearinmusic.com/#/ency?typeId=14&dataId=451"
}