{
 "pageNum": 1,
 "pageSize": 10,
 "params": {},
 "content": "<p></p>\n\r<p></p>\n\r<p></p>\n\r<p></p>",
 "remarks": "本词条内容暂未完善仅供参考，多频百科小编正在火速赶来",
 "remarksEn": "本词条内容暂未完善仅供参考，多频百科小编正在火速赶来",
 "status": 0,
 "clickNum": 0,
 "deleted": 0,
 "lang": 0,
 "chooseLang": false,
 "id": 452,
 "name": "Audio Research Records",
 "descriptions": "Canadian Hip-Hop Label founded by Dave One, A-Trak and Willo in 1997. \n\n",
 "picture": "https://duopin-community.oss-cn-shenzhen.aliyuncs.com/ycv5epityj7kro3j6067.jpg",
 "originalName": "",
 "foundTimeText": "1997-2007",
 "foundAddress": "    Outremont, Montreal (city), Quebec, Canada",
 "founder": "A‐Trak Dave One Willo",
 "parentBrand": "",
 "childBrand": "",
 "majorStyle": "hip hop",
 "delegateArtist": "",
 "officialUrl": "",
 "referenceUrl": "https://musicbrainz.org/label/0581f2ae-4653-44cb-815f-26c7c4a79b12",
 "manageStatusText": "已停运",
 "style": "Hip-hop",
 "country": "加拿大",
 "typeId": 14,
 "typeName": "厂牌",
 "dataId": 452,
 "url": "http://dropinapp.hearinmusic.com/#/ency?typeId=14&dataId=452"
}