{
 "pageNum": 1,
 "pageSize": 10,
 "params": {},
 "content": "<p></p>\n\r<p></p>\n\r<p></p>\n\r<p></p>",
 "remarks": "本词条内容暂未完善仅供参考，多频百科小编正在火速赶来",
 "remarksEn": "本词条内容暂未完善仅供参考，多频百科小编正在火速赶来",
 "status": 0,
 "clickNum": 0,
 "deleted": 0,
 "lang": 0,
 "chooseLang": false,
 "id": 450,
 "name": "Audio Couture",
 "descriptions": "\nMoving Shadow sublabel.\nFrom cat# AC 001 on the releases always have 2 tracks. One track on side A, the other on side C.\nFrom cat# AC 101 on the releases contain remixes.\nFrom cat# AC 12001 on the releases are one-sided.\nAll releases have all the tracks in their release title.\n\n\n",
 "picture": "https://duopin-community.oss-cn-shenzhen.aliyuncs.com/i07xf04khy7gv6ip7d6o.jpg",
 "originalName": "",
 "foundTimeText": "",
 "foundAddress": "United Kingdom",
 "founder": "",
 "parentBrand": "Moving Shadow",
 "childBrand": "",
 "majorStyle": "drum and bass",
 "delegateArtist": "",
 "officialUrl": "",
 "referenceUrl": "https://musicbrainz.org/label/27fe1577-ceba-44a7-a334-27ab29befad5",
 "manageStatusText": "",
 "style": "drum and bass",
 "country": "英国",
 "typeId": 14,
 "typeName": "厂牌",
 "dataId": 450,
 "url": "http://dropinapp.hearinmusic.com/#/ency?typeId=14&dataId=450"
}