{
 "pageNum": 1,
 "pageSize": 10,
 "params": {},
 "content": "<h2><span id=\"Geschichte\" class=\"mw-headline\">Geschichte</span></h2>\n<p>Auf!Keinen!Fall! wurde 2015 von Patrick Thiede, ehemals Mitglied des Hip-Hop-Trios Hammer &amp; Zirkel, gegr&uuml;ndet. Als Erster wurde Thiedes Freund Liquit Walker unter Vertrag genommen. Im April 2015 schloss das Label einen Vertriebsdeal mit dem 2014 von Ramin Bozorgzadeh (ex-Groove Attack) gegr&uuml;ndeten Chapter One, einem Ableger von Universal Music, ab. Als n&auml;chste K&uuml;nstler wurden die Mason Family, Tamas sowie die 187 Strassenbande bekanntgegeben.<sup id=\"cite_ref-1\" class=\"reference\">[1]</sup></p>\n<p>Als erste Ver&ouml;ffentlichung des Labels erschien am 29. Mai 2015 das Album <em>E.M.I.M.</em> der Mason family, gefolgt von LX und Maxwells Album <em>Obststand</em>. F&uuml;r das Label war es das erste Album, das die Top-Ten der deutschen Musikcharts erreichte und der erste Charterfolg f&uuml;r das Label &uuml;berhaupt. Im Juli folgte die EP <em>Letzte Tr&auml;ne (Mowgli EP)</em> von Liquit Walker. Erfolgreich war 2015 au&szlig;erdem noch Gzuz&rsquo; Album <em>Ebbe &amp; Flut</em>. Als n&auml;chste wurde die Rapcrew AK Ausserkontrolle unter Vertrag genommen, deren Deb&uuml;talbum ebenfalls die Charts erreichte. Im Januar 2016 folgte Tamas&rsquo; Solodeb&uuml;t, bevor am 27. Mai 2016 mit <em>High &amp; Hungrig 2</em> das zweite Kollaboalbum von Gzuz und Bonez MC erschien. Das Album lieferte sich am Ver&ouml;ffentlichungstag ein Duell mit Farid Bangs Album <em>Blut</em>, das es auf Platz 2 verwies, und wurde damit zum ersten Nummer-eins-Hit des Labels. Ab dem 23. Juni 2016 stand auch der Berliner Rapper Capital Bra bei dem Label unter Vertrag, der am 3. Februar 2017 sein insgesamt zweites, aber sein erstes Album bei Auf!Keinen!Fall! ver&ouml;ffentlichte.</p>\n<p>Am 9. September 2016 ver&ouml;ffentlichte AKF zusammen mit Indipendenza das Album <em>Palmen aus Plastik</em>, das in Deutschland und in der Schweiz Platz 1 der Charts erreichte.</p>\n<p>Im Dezember 2016 erreichten <em>Palmen aus Plastik</em> sowie <em>High &amp; Hungrig 2</em> den Goldstatus in Deutschland. Auch die Singles <em>Ohne mein Team</em>, <em>Palmen aus Plastik</em> und <em>M&ouml;rder</em> erreichten Gold. Im Februar 2017 wurde das Album <em>Palmen aus Plastik</em> auch in &Ouml;sterreich mit Gold ausgezeichnet. Sp&auml;ter erreichten die Singles <em>Palmen aus Plastik</em> und <em>Ohne mein Team</em> Doppelplatin- bzw. Diamantstatus in Deutschland, im April 2017 erreichte auch das Album Platinstatus.</p>\n<p>Mit <em>Palmen aus Plastik</em> gewannen Bonez MC und RAF Camora zusammen mit AKF die 1 Live Krone.</p>\n<p>Im Juli 2017 beendete man die Zusammenarbeit mit AK Ausserkontrolle, die im Mai desselben Jahres noch ihr zweites Album <em>A.S.S.N.</em> &uuml;ber AKF ver&ouml;ffentlicht haben, die zu Bushidos Label ersguterjunge gewechselt sind.</p>\n<p>Auch die 187 Strassenbande verlie&szlig; 2017 das Label. Das am 29. September 2017 ver&ouml;ffentlichte Album <em>Blyat</em> von Capital Bra, war auch sein letztes Album &uuml;ber AKF.</p>\n<p>&nbsp;</p>\n<p>&nbsp;</p>\n<p>&nbsp;</p>",
 "remarks": "本词条内容暂未完善仅供参考，多频百科小编正在火速赶来",
 "remarksEn": "本词条内容暂未完善仅供参考，多频百科小编正在火速赶来",
 "status": 0,
 "clickNum": 0,
 "deleted": 0,
 "lang": 0,
 "chooseLang": false,
 "id": 453,
 "name": "AUF!KEINEN!FALL!",
 "descriptions": "Auf!Keinen!Fall! (Eigenschreibweise: AUF!KEINEN!FALL!, Abkürzung: AKF) war ein deutsches Independent-Label aus Berlin, das sich auf Hip-Hop spezialisiert hat. \n\n",
 "picture": "https://duopin-community.oss-cn-shenzhen.aliyuncs.com/e2merpxarvfoyb22yeay.jpg",
 "originalName": "",
 "foundTimeText": "2015",
 "foundAddress": "    Berlin, Germany",
 "founder": "",
 "parentBrand": "",
 "childBrand": "",
 "majorStyle": "hip hop",
 "delegateArtist": "",
 "officialUrl": "http://aufkeinenfall.com/",
 "referenceUrl": "https://musicbrainz.org/label/f63d086c-c8ff-40e2-9f15-75aa14e87f5d",
 "manageStatusText": "",
 "style": "Hip-hop",
 "country": "德国",
 "typeId": 14,
 "typeName": "厂牌",
 "dataId": 453,
 "url": "http://dropinapp.hearinmusic.com/#/ency?typeId=14&dataId=453"
}