{
 "pageNum": 1,
 "pageSize": 10,
 "params": {},
 "content": "<p></p>\n\r<p></p>\n\r<p></p>\n\r<p></p>",
 "remarks": "本词条内容暂未完善仅供参考，多频百科小编正在火速赶来",
 "remarksEn": "本词条内容暂未完善仅供参考，多频百科小编正在火速赶来",
 "status": 0,
 "clickNum": 0,
 "deleted": 0,
 "lang": 0,
 "chooseLang": false,
 "id": 455,
 "name": "Aurora Music Group",
 "descriptions": "\n\r",
 "originalName": "",
 "foundTimeText": "2018-05-08",
 "foundAddress": "United Kingdom",
 "founder": "dannyRose",
 "parentBrand": "",
 "childBrand": "Aurora Sounds",
 "majorStyle": "deep house, electro house, house",
 "delegateArtist": "",
 "officialUrl": "https://auroramusic.com.pl/",
 "referenceUrl": "https://musicbrainz.org/label/cd8cc608-a965-4079-93e4-877634324bf0",
 "manageStatusText": "",
 "style": "House",
 "country": "英国",
 "typeId": 14,
 "typeName": "厂牌",
 "dataId": 455,
 "url": "http://dropinapp.hearinmusic.com/#/ency?typeId=14&dataId=455"
}