{
 "pageNum": 1,
 "pageSize": 10,
 "params": {},
 "content": "<p>&nbsp;</p>\n<p>&nbsp;</p>\n<p>&nbsp;</p>\n<p>&nbsp;</p>",
 "remarks": "本词条内容暂未完善仅供参考，多频百科小编正在火速赶来",
 "remarksEn": "本词条内容暂未完善仅供参考，多频百科小编正在火速赶来",
 "status": 0,
 "clickNum": 0,
 "deleted": 0,
 "lang": 0,
 "chooseLang": false,
 "id": 454,
 "name": "Aurora Melodies",
 "descriptions": "Aurora Melodies start to Launch Releases in July 2015. A label specialized in all Trance styles but the purpose has always been keep the real essence of the Uplifting Trance sound, since much producers still trust in this.\n\n\n",
 "picture": "https://duopin-community.oss-cn-shenzhen.aliyuncs.com/8op8cg649zntbzmu0rs1.jpg",
 "originalName": "",
 "foundTimeText": "2015.7",
 "foundAddress": "",
 "founder": "",
 "parentBrand": "",
 "childBrand": "",
 "majorStyle": "trance",
 "delegateArtist": "",
 "officialUrl": "",
 "referenceUrl": "https://musicbrainz.org/label/7a97195d-5dd4-439b-8fd8-dfee71bde6a5",
 "manageStatusText": "",
 "style": "Trance",
 "country": "",
 "typeId": 14,
 "typeName": "厂牌",
 "dataId": 454,
 "url": "http://dropinapp.hearinmusic.com/#/ency?typeId=14&dataId=454"
}