{
 "pageNum": 1,
 "pageSize": 10,
 "params": {},
 "content": "<p></p>\n\r<p></p>\n\r<p></p>\n\r<p></p>",
 "remarks": "本词条内容暂未完善仅供参考，多频百科小编正在火速赶来",
 "remarksEn": "本词条内容暂未完善仅供参考，多频百科小编正在火速赶来",
 "status": 0,
 "clickNum": 0,
 "deleted": 0,
 "lang": 0,
 "chooseLang": false,
 "id": 456,
 "name": "Aus dem Nichts Entertainment",
 "descriptions": "\n\r",
 "originalName": "",
 "foundTimeText": "2011-2017",
 "foundAddress": "Germany",
 "founder": "Greckoe",
 "parentBrand": "",
 "childBrand": "",
 "majorStyle": "hip hop",
 "delegateArtist": "",
 "officialUrl": "",
 "referenceUrl": "https://musicbrainz.org/label/0dba97dc-d34e-49e8-9e12-edd798779222",
 "manageStatusText": "",
 "style": "Hip-hop",
 "country": "德国",
 "typeId": 14,
 "typeName": "厂牌",
 "dataId": 456,
 "url": "http://dropinapp.hearinmusic.com/#/ency?typeId=14&dataId=456"
}