{
 "pageNum": 1,
 "pageSize": 10,
 "params": {},
 "content": "<p></p>\n\r<p></p>\n\r<p></p>\n\r<p></p>",
 "remarks": "本词条内容暂未完善仅供参考，多频百科小编正在火速赶来",
 "remarksEn": "本词条内容暂未完善仅供参考，多频百科小编正在火速赶来",
 "status": 0,
 "clickNum": 0,
 "deleted": 0,
 "lang": 0,
 "chooseLang": false,
 "id": 457,
 "name": "Avalanche",
 "descriptions": "\n\r",
 "picture": "https://duopin-community.oss-cn-shenzhen.aliyuncs.com/aawyffsjaurhds5xvqop.jpg",
 "originalName": "",
 "foundTimeText": "",
 "foundAddress": "    Netherlands, Kingdom of the Netherlands",
 "founder": "",
 "parentBrand": "",
 "childBrand": "",
 "majorStyle": "drum and bass",
 "delegateArtist": "",
 "officialUrl": " avalancherecordings.com",
 "referenceUrl": "https://musicbrainz.org/label/4ab43a3b-498f-4faf-ae85-8d3455943606",
 "manageStatusText": "",
 "style": "Drum and Bass",
 "country": "荷兰",
 "typeId": 14,
 "typeName": "厂牌",
 "dataId": 457,
 "url": "http://dropinapp.hearinmusic.com/#/ency?typeId=14&dataId=457"
}