{
 "pageNum": 1,
 "pageSize": 10,
 "params": {},
 "content": "<p></p>\n\r<p></p>\n\r<p></p>\n\r<p></p>",
 "remarks": "本词条内容暂未完善仅供参考，多频百科小编正在火速赶来",
 "remarksEn": "本词条内容暂未完善仅供参考，多频百科小编正在火速赶来",
 "status": 0,
 "clickNum": 0,
 "deleted": 0,
 "lang": 0,
 "chooseLang": false,
 "id": 458,
 "name": "Avalanche Music",
 "descriptions": "UK Grime Record label created by Wiley\n\n",
 "originalName": "",
 "foundTimeText": "",
 "foundAddress": "United Kingdom",
 "founder": "Wiley",
 "parentBrand": "",
 "childBrand": "",
 "majorStyle": "grime",
 "delegateArtist": "",
 "officialUrl": "",
 "referenceUrl": "https://musicbrainz.org/label/f4a54a4e-228e-46f2-aa2f-d41c339d75c2",
 "manageStatusText": "",
 "style": "UK Garage",
 "country": "英国",
 "typeId": 14,
 "typeName": "厂牌",
 "dataId": 458,
 "url": "http://dropinapp.hearinmusic.com/#/ency?typeId=14&dataId=458"
}