{
 "pageNum": 1,
 "pageSize": 10,
 "params": {},
 "content": "<p>House &amp; EDM label started by Swedish DJ &amp; producer&nbsp;Axel Hedfors&nbsp;aka&nbsp;Axwell&nbsp;in 2005.<br />Based in London, UK.</p>",
 "remarks": "本词条内容暂未完善仅供参考，多频百科小编正在火速赶来",
 "remarksEn": "本词条内容暂未完善仅供参考，多频百科小编正在火速赶来",
 "status": 0,
 "clickNum": 0,
 "deleted": 0,
 "lang": 0,
 "chooseLang": false,
 "id": 1869,
 "name": "Axtone Records",
 "picture": "https://duopin-community.oss-cn-shenzhen.aliyuncs.com/9esy3u9oass16scqd340.jpg",
 "foundTimeText": "2005",
 "foundAddress": "United Kingdom",
 "founder": "Swedish DJ & producer Axel Hedfors aka Axwell",
 "parentBrand": " Axtone Records Ltd",
 "style": "",
 "country": "英国",
 "typeId": 14,
 "typeName": "厂牌",
 "dataId": 1869,
 "url": "http://dropinapp.hearinmusic.com/#/ency?typeId=14&dataId=1869"
}