{
 "pageNum": 1,
 "pageSize": 10,
 "params": {},
 "content": "<p></p>\n\r<p></p>\n\r<p></p>\n\r<p></p>",
 "remarks": "本词条内容暂未完善仅供参考，多频百科小编正在火速赶来",
 "remarksEn": "本词条内容暂未完善仅供参考，多频百科小编正在火速赶来",
 "status": 0,
 "clickNum": 0,
 "deleted": 0,
 "lang": 0,
 "chooseLang": false,
 "id": 375,
 "name": "Açaí Records",
 "descriptions": "Psychedelic trance label based in Belém-Pará-Amazônia, Brazil. \n\n",
 "picture": "https://duopin-community.oss-cn-shenzhen.aliyuncs.com/ybb204sxzooc72fpnjen.jpg",
 "originalName": "",
 "foundTimeText": "",
 "foundAddress": "Brazil",
 "founder": "",
 "parentBrand": "",
 "childBrand": "",
 "majorStyle": "electronic, psy-trance, psychedelic, psytrance, trance",
 "delegateArtist": "",
 "officialUrl": "",
 "referenceUrl": "https://musicbrainz.org/label/33cbf863-a6bf-4b9a-af75-b64c1e3e6589",
 "manageStatusText": "",
 "style": "electronic, psy-trance, psychedelic, psytrance, trance",
 "country": "巴西",
 "typeId": 14,
 "typeName": "厂牌",
 "dataId": 375,
 "url": "http://dropinapp.hearinmusic.com/#/ency?typeId=14&dataId=375"
}