{
 "pageNum": 1,
 "pageSize": 10,
 "params": {},
 "content": "<p></p>\n\r<p></p>\n\r<p></p>\n\r<p></p>",
 "contentEn": "",
 "remarks": "本词条内容暂未完善仅供参考，多频百科小编正在火速赶来",
 "remarksEn": "本词条内容暂未完善仅供参考，多频百科小编正在火速赶来",
 "status": 0,
 "clickNum": 2,
 "deleted": 0,
 "lang": 0,
 "chooseLang": false,
 "id": 461,
 "name": "B C Rappers",
 "descriptions": "B.C Rappers or also known as B.C Records or B.C.R (acronym for Big Clã Rappers) is a phonographic label owned by hip-hop music group Big Clã Rappers and a subsidiary of record label FCMG. The label was founded predominantly as a hip-hop and contemporary R&B music label on July 17, 2015, but later expanded its scope to include a more diverse range of genres, including Trap, Drill music, Soul, Dance, Lo-fi music, Kizomba and Zouk. B.C Records released songs by artists like Big Clã Rappers.\n\nArtists who have signed with B.C Rappers include Big Clã Rappers, consisting of Pedro Fernando, Núrio Mugabe, A.L.$ Beatchezx, Abraão da Silva, Sílvio Lanceloth, Américo Rufino A.R, Arclenes Neto, Faradiza, William Renato, Geovani Manuel, Fr3sh Prod, Rivas TrapKing, Tio do Pão, Márcio Dallas, Bruno Dollar, Rubem Ron, Cláudio Killa, Zelma Lunga and Ross-B. ",
 "picture": "https://duopin-community.oss-cn-shenzhen.aliyuncs.com/b6bb4tlyra27enyyek5h.jpg",
 "originalName": "",
 "foundTimeText": "2015.7.17",
 "foundAddress": "Angola",
 "founder": "Pedro Fernando",
 "parentBrand": "FCMG",
 "childBrand": "",
 "majorStyle": "contemporary r&b, dance, drill, hip hop, lo-fi",
 "delegateArtist": "",
 "officialUrl": "",
 "referenceUrl": "https://musicbrainz.org/label/e0963ee2-cbee-431c-8650-71bccaa28ce3",
 "manageStatusText": "",
 "style": "Pop EDM, Hip hop music",
 "country": "安哥拉",
 "typeId": 14,
 "typeName": "厂牌",
 "dataId": 461,
 "url": "http://dropinapp.hearinmusic.com/#/ency?typeId=14&dataId=461"
}