{
 "pageNum": 1,
 "pageSize": 10,
 "params": {},
 "content": "<p></p>\n\r<p></p>\n\r<p></p>\n\r<p></p>",
 "remarks": "本词条内容暂未完善仅供参考，多频百科小编正在火速赶来",
 "remarksEn": "本词条内容暂未完善仅供参考，多频百科小编正在火速赶来",
 "status": 0,
 "clickNum": 0,
 "deleted": 0,
 "lang": 0,
 "chooseLang": false,
 "id": 459,
 "name": "B Music",
 "descriptions": "\n\r",
 "picture": "https://duopin-community.oss-cn-shenzhen.aliyuncs.com/hczn9jfh3xy75zf4aqvs.png",
 "originalName": "Music Star Line Ltd",
 "foundTimeText": "2009.7.1",
 "foundAddress": "France",
 "founder": "",
 "parentBrand": "",
 "childBrand": "",
 "majorStyle": "dancehall, hip hop, ragga, reggae, soul",
 "delegateArtist": "",
 "officialUrl": "https://bmusic.fr/",
 "referenceUrl": "https://musicbrainz.org/label/bedb6aa3-9145-4cfd-94ef-ba8cdfa286f0",
 "manageStatusText": "",
 "style": "Hip-hop",
 "country": "法国",
 "typeId": 14,
 "typeName": "厂牌",
 "dataId": 459,
 "url": "http://dropinapp.hearinmusic.com/#/ency?typeId=14&dataId=459"
}