{
 "pageNum": 1,
 "pageSize": 10,
 "params": {},
 "content": "<p></p>\n\r<p></p>\n\r<p></p>\n\r<p></p>",
 "remarks": "本词条内容暂未完善仅供参考，多频百科小编正在火速赶来",
 "remarksEn": "本词条内容暂未完善仅供参考，多频百科小编正在火速赶来",
 "status": 0,
 "clickNum": 1,
 "deleted": 0,
 "lang": 0,
 "chooseLang": false,
 "id": 460,
 "name": "B O G U S    COLLECTIVE",
 "descriptions": "A vaporwave based net label conceived by air jordans™ & TVVIN_PINEZ_M4LL.\n\nEstablished March 14th, 2016 \n\n",
 "picture": "https://duopin-community.oss-cn-shenzhen.aliyuncs.com/yd4ni98ct65dfwdvhwi9.jpg",
 "originalName": "",
 "foundTimeText": "2016.3.14",
 "foundAddress": "United States",
 "founder": "air jordans™ TVVIN_PINEZ_M4LL (Vaporwave artist)",
 "parentBrand": "",
 "childBrand": "",
 "majorStyle": "synthwave, vaporwave",
 "delegateArtist": "",
 "officialUrl": "",
 "referenceUrl": "https://musicbrainz.org/label/d26c5244-c264-4947-b1a0-f41f9f30453e",
 "manageStatusText": "",
 "style": "Synthpop/Synthwave",
 "country": "美国",
 "typeId": 14,
 "typeName": "厂牌",
 "dataId": 460,
 "url": "http://dropinapp.hearinmusic.com/#/ency?typeId=14&dataId=460"
}