{
 "pageNum": 1,
 "pageSize": 10,
 "params": {},
 "content": "<p></p>\n\r<p></p>\n\r<p></p>\n\r<p></p>",
 "remarks": "本词条内容暂未完善仅供参考，多频百科小编正在火速赶来",
 "remarksEn": "本词条内容暂未完善仅供参考，多频百科小编正在火速赶来",
 "status": 0,
 "clickNum": 0,
 "deleted": 0,
 "lang": 0,
 "chooseLang": false,
 "id": 462,
 "name": "Ba Da Bing!",
 "descriptions": "Record label and artist management company based in Brooklyn, NY. \n\n",
 "picture": "https://duopin-community.oss-cn-shenzhen.aliyuncs.com/fh8lv36yz2wwwchsnpuy.jpg",
 "originalName": "",
 "foundTimeText": "",
 "foundAddress": "United States",
 "founder": "",
 "parentBrand": " BA DA Bing Records",
 "childBrand": " Badaboom Gramophone, Even More Important Records ",
 "majorStyle": "electronic, indie folk",
 "delegateArtist": "",
 "officialUrl": "http://www.badabingrecords.com/",
 "referenceUrl": "https://musicbrainz.org/label/06d4f1d0-1c13-4648-b666-fce5f03d541f",
 "manageStatusText": "",
 "style": "Electronic, 其他风格",
 "country": "美国",
 "typeId": 14,
 "typeName": "厂牌",
 "dataId": 462,
 "url": "http://dropinapp.hearinmusic.com/#/ency?typeId=14&dataId=462"
}