{
 "pageNum": 1,
 "pageSize": 10,
 "params": {},
 "content": "<p></p>\n\r<p></p>\n\r<p></p>\n\r<p></p>",
 "remarks": "本词条内容暂未完善仅供参考，多频百科小编正在火速赶来",
 "remarksEn": "本词条内容暂未完善仅供参考，多频百科小编正在火速赶来",
 "status": 0,
 "clickNum": 0,
 "deleted": 0,
 "lang": 0,
 "chooseLang": false,
 "id": 463,
 "name": "Babygrande Records",
 "descriptions": "Babygrande Records is an American independent record label based in New York City, founded by Chuck Wilson. Babygrande is distributed by The Orchard and represented by the Creative Artists Agency in Hollywood. \nFounded by Chuck Wilson in 2001.\nFor company credits please lookup the release carefully and consider using:\nBabygrande Records or\nBabygrande Records, Inc.\n",
 "picture": "https://duopin-community.oss-cn-shenzhen.aliyuncs.com/tz1d394kte7tk477c8fi.jpg",
 "originalName": "",
 "foundTimeText": "2001",
 "foundAddress": "United States",
 "founder": "Chuck Wilson ",
 "parentBrand": "Babygrande Records, Inc.",
 "childBrand": "",
 "majorStyle": "hip hop",
 "delegateArtist": "",
 "officialUrl": "http://babygrande.com/",
 "referenceUrl": "https://musicbrainz.org/label/946cf355-7e4e-418e-9508-dc21b948a057",
 "manageStatusText": "",
 "style": "Hip-hop",
 "country": "美国",
 "typeId": 14,
 "typeName": "厂牌",
 "dataId": 463,
 "url": "http://dropinapp.hearinmusic.com/#/ency?typeId=14&dataId=463"
}