{
 "pageNum": 1,
 "pageSize": 10,
 "params": {},
 "content": "<p></p>\n\r<p></p>\n\r<p></p>\n\r<p></p>",
 "remarks": "本词条内容暂未完善仅供参考，多频百科小编正在火速赶来",
 "remarksEn": "本词条内容暂未完善仅供参考，多频百科小编正在火速赶来",
 "status": 0,
 "clickNum": 0,
 "deleted": 0,
 "lang": 0,
 "chooseLang": false,
 "id": 464,
 "name": "Backwoodz Studioz",
 "descriptions": "\n\r",
 "picture": "https://duopin-community.oss-cn-shenzhen.aliyuncs.com/ai9ciketz01qd29a6jhi.jpg",
 "originalName": "",
 "foundTimeText": "2002",
 "foundAddress": "    Brooklyn, New York, New York, United States",
 "founder": "Billy Woods",
 "parentBrand": "",
 "childBrand": "",
 "majorStyle": "hip hop",
 "delegateArtist": "",
 "officialUrl": "http://backwoodzstudioz.com/",
 "referenceUrl": "https://musicbrainz.org/label/d0a5f66a-fe5c-4c3a-9c99-782c36f4f3c4",
 "manageStatusText": "",
 "style": "Hip-hop",
 "country": "美国",
 "typeId": 14,
 "typeName": "厂牌",
 "dataId": 464,
 "url": "http://dropinapp.hearinmusic.com/#/ency?typeId=14&dataId=464"
}