{
 "pageNum": 1,
 "pageSize": 10,
 "params": {},
 "content": "<p></p>\n\r<p></p>\n\r<p></p>\n\r<p></p>",
 "remarks": "本词条内容暂未完善仅供参考，多频百科小编正在火速赶来",
 "remarksEn": "本词条内容暂未完善仅供参考，多频百科小编正在火速赶来",
 "status": 0,
 "clickNum": 0,
 "deleted": 0,
 "lang": 0,
 "chooseLang": false,
 "id": 466,
 "name": "Bad Boy Records",
 "descriptions": "Bad Boy Records (also known as Bad Boy Entertainment) is an American record label founded in 1993, by Sean Combs. It operates as an imprint of Epic Records, a division of Sony Music. It has been home to many artists, including Craig Mack, The Notorious B.I.G, Faith Evans, Mase, 112, Total, The Lox, Machine Gun Kelly, French Montana, Cassie, Janelle Monáe, Day 26, and Elephant Man. \n\n",
 "picture": "https://duopin-community.oss-cn-shenzhen.aliyuncs.com/fccq5av40k4tgiml9xhu.jpg",
 "originalName": "",
 "foundTimeText": "1993",
 "foundAddress": "United States",
 "founder": "",
 "parentBrand": "Bad Boy Entertainment",
 "childBrand": "",
 "majorStyle": "hip hop",
 "delegateArtist": "",
 "officialUrl": "",
 "referenceUrl": "",
 "manageStatusText": "",
 "style": "Hip-hop",
 "country": "美国",
 "typeId": 14,
 "typeName": "厂牌",
 "dataId": 466,
 "url": "http://dropinapp.hearinmusic.com/#/ency?typeId=14&dataId=466"
}