{
 "pageNum": 1,
 "pageSize": 10,
 "params": {},
 "content": "<p></p>\n\r<p></p>\n\r<p></p>\n\r<p></p>",
 "remarks": "本词条内容暂未完善仅供参考，多频百科小编正在火速赶来",
 "remarksEn": "本词条内容暂未完善仅供参考，多频百科小编正在火速赶来",
 "status": 0,
 "clickNum": 0,
 "deleted": 0,
 "lang": 0,
 "chooseLang": false,
 "id": 465,
 "name": "Bad Boy Entertainment",
 "descriptions": "Sean \"Puffy\" Combs founded Bad Boy Entertainment in 1991, and began working with Clive Davis and Arista (BMG) in 1993. The two companies formed Bad Boy Records as a 50/50 joint venture.\n\nIn 2002 Combs acquired Arista's 50% of their Bad Boy Records joint venture and walks with its complete roster and catalog. Diddy celebrated a new distribution partnership with Universal by releasing an overview of his label, Bad Boy's 10th Anniversary...The Hits, in March of 2004. Universal acquired a 50% stake in Bad Boy Entertainment for $30 million in Feb. 2005.\n\nIn 2006, Bad Boy worked out a deal with Warner Music Group, which owned about a 50% share of the label.\n\nIn 2009, Bad Boy left Warner Music Group, and signed a new deal with UMG's Interscope Records.\n\nIn 2015, Bad Boy signed an another deal with Epic Records, which is currently distributed by Sony Music Entertainment \n\n",
 "picture": "https://duopin-community.oss-cn-shenzhen.aliyuncs.com/inrddwztmorxtxgo54yp.jpg",
 "originalName": "",
 "foundTimeText": "1991",
 "foundAddress": "",
 "founder": " Sean \"Puffy\" Combs",
 "parentBrand": "Epic",
 "childBrand": " Bad Boy Records (5), Puff Daddy Records ",
 "majorStyle": "hip hop",
 "delegateArtist": "",
 "officialUrl": "",
 "referenceUrl": "https://musicbrainz.org/label/635b9d63-05c1-46ff-a577-0ce030e6e84b",
 "manageStatusText": "",
 "style": "Hip-hop",
 "country": "",
 "typeId": 14,
 "typeName": "厂牌",
 "dataId": 465,
 "url": "http://dropinapp.hearinmusic.com/#/ency?typeId=14&dataId=465"
}