{
 "pageNum": 1,
 "pageSize": 10,
 "params": {},
 "content": "<p></p>\n\r<p></p>\n\r<p></p>\n\r<p></p>",
 "remarks": "本词条内容暂未完善仅供参考，多频百科小编正在火速赶来",
 "remarksEn": "本词条内容暂未完善仅供参考，多频百科小编正在火速赶来",
 "status": 0,
 "clickNum": 0,
 "deleted": 0,
 "lang": 0,
 "chooseLang": false,
 "id": 467,
 "name": "BAD FORMAT LTD",
 "descriptions": "\n\r",
 "originalName": "",
 "foundTimeText": "2013-07-03",
 "foundAddress": "    Birmingham, West Midlands, England, United Kingdom",
 "founder": "",
 "parentBrand": "",
 "childBrand": "",
 "majorStyle": "hip hop, production music",
 "delegateArtist": "",
 "officialUrl": "http://www.badformat.uk/",
 "referenceUrl": "https://musicbrainz.org/label/b86f30d8-122f-4bdf-b5bc-cd309fe507da",
 "manageStatusText": "",
 "style": "Hip-hop",
 "country": "英国",
 "typeId": 14,
 "typeName": "厂牌",
 "dataId": 467,
 "url": "http://dropinapp.hearinmusic.com/#/ency?typeId=14&dataId=467"
}