{
 "pageNum": 1,
 "pageSize": 10,
 "params": {},
 "content": "<p></p>\n\r<p></p>\n\r<p></p>\n\r<p></p>",
 "remarks": "本词条内容暂未完善仅供参考，多频百科小编正在火速赶来",
 "remarksEn": "本词条内容暂未完善仅供参考，多频百科小编正在火速赶来",
 "status": 0,
 "clickNum": 0,
 "deleted": 0,
 "lang": 0,
 "chooseLang": false,
 "id": 468,
 "name": "Badland Records",
 "descriptions": "French experimental music label established by Serge Leroy, with a catalogue of mostly German artists. After the label folded it was succeeded by Artgallery. \n\n",
 "picture": "https://duopin-community.oss-cn-shenzhen.aliyuncs.com/qmrv2ycplunns8407wyk.jpg",
 "originalName": "",
 "foundTimeText": "",
 "foundAddress": "France",
 "founder": "",
 "parentBrand": "",
 "childBrand": "",
 "majorStyle": "experimental",
 "delegateArtist": "",
 "officialUrl": "",
 "referenceUrl": "https://musicbrainz.org/label/b468b061-df53-4ef4-b85e-767d45de73ea",
 "manageStatusText": "",
 "style": "Experimental",
 "country": "法国",
 "typeId": 14,
 "typeName": "厂牌",
 "dataId": 468,
 "url": "http://dropinapp.hearinmusic.com/#/ency?typeId=14&dataId=468"
}