{
 "pageNum": 1,
 "pageSize": 10,
 "params": {},
 "content": "<p></p>\n\r<p></p>\n\r<p></p>\n\r<p></p>",
 "remarks": "本词条内容暂未完善仅供参考，多频百科小编正在火速赶来",
 "remarksEn": "本词条内容暂未完善仅供参考，多频百科小编正在火速赶来",
 "status": 0,
 "clickNum": 0,
 "deleted": 0,
 "lang": 0,
 "chooseLang": false,
 "id": 469,
 "name": "Bakshish Music",
 "descriptions": "\n\r",
 "picture": "https://duopin-community.oss-cn-shenzhen.aliyuncs.com/j0tl51ed677kqdqnynyi.jpg",
 "originalName": "",
 "foundTimeText": "2019.10.1",
 "foundAddress": "Palestine",
 "founder": "Master Margherita (Psychedelic trance/Electro artist) Mauxuam",
 "parentBrand": "",
 "childBrand": "",
 "majorStyle": "ambient, electronica",
 "delegateArtist": "",
 "officialUrl": "http://bakshish.me/",
 "referenceUrl": "https://musicbrainz.org/label/55ff8296-b8ac-4e42-9e96-c855e6045ce8",
 "manageStatusText": "",
 "style": "Ambient, Electronica",
 "country": "其他",
 "typeId": 14,
 "typeName": "厂牌",
 "dataId": 469,
 "url": "http://dropinapp.hearinmusic.com/#/ency?typeId=14&dataId=469"
}