{
 "pageNum": 1,
 "pageSize": 10,
 "params": {},
 "content": "<p></p>\n\r<p></p>\n\r<p></p>\n\r<p></p>",
 "remarks": "本词条内容暂未完善仅供参考，多频百科小编正在火速赶来",
 "remarksEn": "本词条内容暂未完善仅供参考，多频百科小编正在火速赶来",
 "status": 0,
 "clickNum": 0,
 "deleted": 0,
 "lang": 0,
 "chooseLang": false,
 "id": 470,
 "name": "Balloon Records",
 "descriptions": "Home to Hot Score Records, Airtrance, Half Loop Records and Poolman Records. Musical styles range from Progressive and Hard Trance, Disco and Hardcore \n\n",
 "picture": "https://duopin-community.oss-cn-shenzhen.aliyuncs.com/7843d1juic2pc9knsucd.jpg",
 "originalName": "",
 "foundTimeText": "",
 "foundAddress": "Austria",
 "founder": "",
 "parentBrand": " Balloon Records GmbH",
 "childBrand": " Airtrance Records, Fuckin' House, Half Loop Records, Hot Score Records, Poolman Records ",
 "majorStyle": "trance",
 "delegateArtist": "",
 "officialUrl": "https://www.balloonrecords.com/",
 "referenceUrl": "https://musicbrainz.org/label/f96747f9-53bf-4302-b67a-34898bf4d85a",
 "manageStatusText": "",
 "style": "Trance",
 "country": "澳大利亚",
 "typeId": 14,
 "typeName": "厂牌",
 "dataId": 470,
 "url": "http://dropinapp.hearinmusic.com/#/ency?typeId=14&dataId=470"
}