{
 "pageNum": 1,
 "pageSize": 10,
 "params": {},
 "content": "<p></p>\n\r<p></p>\n\r<p></p>\n\r<p></p>",
 "remarks": "本词条内容暂未完善仅供参考，多频百科小编正在火速赶来",
 "remarksEn": "本词条内容暂未完善仅供参考，多频百科小编正在火速赶来",
 "status": 0,
 "clickNum": 0,
 "deleted": 0,
 "lang": 0,
 "chooseLang": false,
 "id": 471,
 "name": "Banger Musik",
 "descriptions": "HipHop label from Düsseldorf, Germany. Founded by rapper Farid Bang.\n\n\n",
 "picture": "https://duopin-community.oss-cn-shenzhen.aliyuncs.com/5ih04twwikxpnm19etcc.jpg",
 "originalName": "",
 "foundTimeText": "",
 "foundAddress": "Germany",
 "founder": "",
 "parentBrand": " Banger Musik GmbH",
 "childBrand": "Helal Money Entertainment",
 "majorStyle": "hip hop, gangsta rap",
 "delegateArtist": "",
 "officialUrl": "http://www.bangermusik.de/",
 "referenceUrl": "https://musicbrainz.org/label/c832ceda-1069-43ad-8a15-e0169af5bdea",
 "manageStatusText": "",
 "style": "Hip-hop, 其他风格",
 "country": "德国",
 "typeId": 14,
 "typeName": "厂牌",
 "dataId": 471,
 "url": "http://dropinapp.hearinmusic.com/#/ency?typeId=14&dataId=471"
}