{
 "pageNum": 1,
 "pageSize": 10,
 "params": {},
 "content": "<p></p>\n\r<p></p>\n\r<p></p>\n\r<p></p>",
 "remarks": "本词条内容暂未完善仅供参考，多频百科小编正在火速赶来",
 "remarksEn": "本词条内容暂未完善仅供参考，多频百科小编正在火速赶来",
 "status": 0,
 "clickNum": 0,
 "deleted": 0,
 "lang": 0,
 "chooseLang": false,
 "id": 472,
 "name": "Barclay",
 "descriptions": "Barclay is a French record company and label founded by Eddie Barclay in 1953.\n\nEddie Barclay was a bandleader, pianist, producer, and nightclub owner. With his wife, Nicole, who was the vocalist in his band, he started Barclay. The catalogue included the work of Stéphane Grappelli, Lionel Hampton, and Rhoda Scott. In 1978 the label was sold to Polygram. Jazz issues ceased in 1983.\n\nBarclay's catalogue includes Hugues Aufray, Charles Aznavour, Alain Bashung, Jacques Brel, Les Chaussettes Noires, Dalida, Jean Ferrat, Léo Ferré, Nino Ferrer, Jimi Hendrix, Patrick Juvet, Fela Kuti, Femi Kuti, Danielle Licari, Mireille Mathieu, Mika, Eddy Mitchell, Modjo, Noir Désir, Paradis, Henri Salvador, Emilie Simon, Rachid Taha, and the Wild Magnolias.\n\nBarclay Records is owned and distributed by Universal Music Group. \n",
 "picture": "https://duopin-community.oss-cn-shenzhen.aliyuncs.com/xlzr4cj6ca5q7m5sg9or.jpg",
 "originalName": "",
 "foundTimeText": "1954",
 "foundAddress": "France",
 "founder": "\tEddie Barclay (in 1954) Nicole Barclay (in 1954)",
 "parentBrand": "PolyGram (from 1979 until 1998-12) Universal Music France (from 1998-12 to present)",
 "childBrand": "707, Barclay Afrique, Barclay France, Barclay Franco-Belge, Barclay Super Group, Barclay vedette, Barclayrama, Blitzkrieg Records (2), Blue Star, C.P.F. Barclay, Chansons Enfantines, Classic (2), Collection Des Disquaires Associés, Collection Recital, Danse (3), Découvrez..., Disque Mickey, Egg, Fela Originals, Folklore (7), Folklore Der Welt (3), Genius Records (3), Going ",
 "majorStyle": "electronic, electronica, folk, pop, trip hop",
 "delegateArtist": "",
 "officialUrl": "",
 "referenceUrl": "https://musicbrainz.org/label/d059553b-0f1f-4e81-ada6-c7eb804b9465",
 "manageStatusText": "",
 "style": "Electronic, Electronica, 其他风格",
 "country": "法国",
 "typeId": 14,
 "typeName": "厂牌",
 "dataId": 472,
 "url": "http://dropinapp.hearinmusic.com/#/ency?typeId=14&dataId=472"
}