{
 "pageNum": 1,
 "pageSize": 10,
 "params": {},
 "content": "<p></p>\n\r<p></p>\n\r<p></p>\n\r<p></p>",
 "remarks": "本词条内容暂未完善仅供参考，多频百科小编正在火速赶来",
 "remarksEn": "本词条内容暂未完善仅供参考，多频百科小编正在火速赶来",
 "status": 0,
 "clickNum": 0,
 "deleted": 0,
 "lang": 0,
 "chooseLang": false,
 "id": 473,
 "name": "Barcode Recordings",
 "descriptions": "\nHard end Drum & Bass label originally part of the TOV Music Group Ltd. It was set up in 2003 as a sister label to the Renegade Hardware imprint in Vauxhall, South London. As of January 2008 Barcode Recordings was separated from TOV and moved to new ownership and management. In May 2019 it was announced the entire Barcode Recordings catalog will be coming back online.\n\n\n",
 "picture": "https://duopin-community.oss-cn-shenzhen.aliyuncs.com/u1rsfoq1zp3buuana7wa.jpg",
 "originalName": "",
 "foundTimeText": "2003-10-06 ",
 "foundAddress": "United Kingdom",
 "founder": "",
 "parentBrand": "Trouble on Vinyl (from 2003-10-06 until 2008-01)",
 "childBrand": "The Desimal Project ",
 "majorStyle": "drum and bass",
 "delegateArtist": "",
 "officialUrl": "\thttp://www.barcoderecordings.com/",
 "referenceUrl": "https://musicbrainz.org/label/764671af-7995-4f68-9270-0cb7860e4adc",
 "manageStatusText": "",
 "style": "Drum&Bass",
 "country": "英国",
 "typeId": 14,
 "typeName": "厂牌",
 "dataId": 473,
 "url": "http://dropinapp.hearinmusic.com/#/ency?typeId=14&dataId=473"
}