{
 "pageNum": 1,
 "pageSize": 10,
 "params": {},
 "relationEncy": "[{\"id\":30647,\"typeId\":12,\"dataId\":30647,\"name\":\"Yellow Claw\",\"url\":\"http://dropinapp.hearinmusic.com/#/ency?typeId=12&dataId=30647\"},{\"id\":4765,\"typeId\":12,\"dataId\":4765,\"name\":\"Chace\",\"url\":\"http://dropinapp.hearinmusic.com/#/ency?typeId=12&dataId=4765\"}]",
 "content": "<div class=\"document\">\n<p class=\"paragraph text-align-type-left pap-line-1.8 pap-line-rule-auto pap-spacing-before-2pt pap-spacing-after-2pt\">2014年5月，Yellow Claw成立了他们自己的厂牌，名为Barong Family。自创立至2015年初，都由Spinnin' Records发行。</p>\n<p class=\"paragraph text-align-type-left pap-line-1.8 pap-line-rule-auto pap-spacing-before-2pt pap-spacing-after-2pt\">&nbsp;</p>\n<p class=\"paragraph text-align-type-left pap-line-1.8 pap-line-rule-auto pap-spacing-before-2pt pap-spacing-after-2pt\">Barong Family第一个签约的艺人是Amsterdam 的同门师兄Mightyfools，第一首正式发行的歌曲是2014年6月2日的 \"Lick Dat\"。第二首单曲，Yung Felix的 \"Money Grabber \"于2014年8月25日发行。</p>\n<p class=\"paragraph text-align-type-left pap-line-1.8 pap-line-rule-auto pap-spacing-before-2pt pap-spacing-after-2pt\">&nbsp;</p>\n<p class=\"paragraph text-align-type-left pap-line-1.8 pap-line-rule-auto pap-spacing-before-2pt pap-spacing-after-2pt\">2016年，中国电子音乐制作人Chace签约Barong Family并发行EP《Destination》</p>\n<p class=\"paragraph text-align-type-left pap-line-1.8 pap-line-rule-auto pap-spacing-before-2pt pap-spacing-after-2pt\">&nbsp;</p>\n<p class=\"paragraph text-align-type-left pap-line-1.8 pap-line-rule-auto pap-spacing-before-2pt pap-spacing-after-2pt\"><strong>子厂牌：</strong>Latin Family, Moksi Family</p>\n<p class=\"paragraph text-align-type-left pap-line-1.8 pap-line-rule-auto pap-spacing-before-2pt pap-spacing-after-2pt\">&nbsp;</p>\n<p class=\"paragraph text-align-type-left pap-line-1.8 pap-line-rule-auto pap-spacing-before-2pt pap-spacing-after-2pt\"><strong>母厂牌：</strong>Spinnin' Records</p>\n</div>",
 "remarks": "本词条汉字内容由 @多频百科团队 翻译+编辑\n原文译自 https://en.m.wikipedia.org/wiki/Yellow_Claw_(DJs)#Barong_Family",
 "remarksEn": "本词条内容暂未完善仅供参考，多频百科小编正在火速赶来",
 "status": 1,
 "clickNum": 60,
 "deleted": 0,
 "lang": 0,
 "chooseLang": false,
 "id": 1856,
 "name": "Barong Family",
 "descriptions": "2014年5月，Yellow Claw成立了他们自己的厂牌，名为Barong Family。自创立至2015年初，都由Spinnin' Records发行。",
 "picture": "https://duopin-community.oss-cn-shenzhen.aliyuncs.com/ebgl3n667f1m7avjvga1.jpg",
 "foundTimeText": "2014-05 ",
 "foundAddress": "Netherlands",
 "founder": "Yellow Claw",
 "parentBrand": "Spinnin' Records",
 "childBrand": "Latin Family, Moksi Family",
 "majorStyle": "Trap, House",
 "referenceUrl": "https://en.m.wikipedia.org/wiki/Yellow_Claw_(DJs)#Barong_Family",
 "style": "Trap, House",
 "country": "荷兰",
 "typeId": 14,
 "typeName": "厂牌",
 "dataId": 1856,
 "url": "http://dropinapp.hearinmusic.com/#/ency?typeId=14&dataId=1856"
}