{
 "pageNum": 1,
 "pageSize": 10,
 "params": {},
 "content": "<p></p>\n\r<p></p>\n\r<p></p>\n\r<p></p>",
 "remarks": "本词条内容暂未完善仅供参考，多频百科小编正在火速赶来",
 "remarksEn": "本词条内容暂未完善仅供参考，多频百科小编正在火速赶来",
 "status": 0,
 "clickNum": 0,
 "deleted": 0,
 "lang": 0,
 "chooseLang": false,
 "id": 476,
 "name": "Barricade",
 "descriptions": "\n\r",
 "picture": "https://duopin-community.oss-cn-shenzhen.aliyuncs.com/1d5xokl0t6xe0v8yu0vb.jpg",
 "originalName": "",
 "foundTimeText": "2011.3.1",
 "foundAddress": "Russia",
 "founder": "Mike Kukin",
 "parentBrand": "",
 "childBrand": "",
 "majorStyle": "breakbeat",
 "delegateArtist": "",
 "officialUrl": "http://www.barricademusic.com/",
 "referenceUrl": "https://musicbrainz.org/label/9fc9a5e9-91fc-4d53-8e93-9de1f2727ace",
 "manageStatusText": "",
 "style": "Breakbeat",
 "country": "俄罗斯",
 "typeId": 14,
 "typeName": "厂牌",
 "dataId": 476,
 "url": "http://dropinapp.hearinmusic.com/#/ency?typeId=14&dataId=476"
}