{
 "pageNum": 1,
 "pageSize": 10,
 "params": {},
 "content": "<p></p>\n\r<p></p>\n\r<p></p>\n\r<p></p>",
 "remarks": "本词条内容暂未完善仅供参考，多频百科小编正在火速赶来",
 "remarksEn": "本词条内容暂未完善仅供参考，多频百科小编正在火速赶来",
 "status": 0,
 "clickNum": 1,
 "deleted": 0,
 "lang": 0,
 "chooseLang": false,
 "id": 475,
 "name": "Barraca Família Records",
 "descriptions": "\n\r",
 "originalName": "",
 "foundTimeText": "2019.11.12",
 "foundAddress": "    Lourinhã, Lisboa, Portugal",
 "founder": "Afonso Nóbrega (from 2019-11-12 to present) Artice (from 2019-11-12 to present) Lil Ratazana (from 2019-11-12 to present) Tomás Reis (Tomás Reis) (from 2019-11-12 to present)",
 "parentBrand": "",
 "childBrand": "",
 "majorStyle": "experimental, hardbass, hardstyle, hip hop, nu metal",
 "delegateArtist": "",
 "officialUrl": "https://barracafamiliareco.wixsite.com/barracafamilia",
 "referenceUrl": "",
 "manageStatusText": "",
 "style": "Experimental, Hardstyle, Hip-hop, 其他风格",
 "country": "其他",
 "typeId": 14,
 "typeName": "厂牌",
 "dataId": 475,
 "url": "http://dropinapp.hearinmusic.com/#/ency?typeId=14&dataId=475"
}