{
 "pageNum": 1,
 "pageSize": 10,
 "params": {},
 "content": "<div class=\"document\">Basic Channel是德国音乐二人组和厂牌，由Moritz von Oswald和Mark Ernestus与1993年在柏林创立。他们也有其他名字，像是Rhythm＆Sound和Maurizio，他们还创立了许多子厂牌，例如Chain Reaction和Main Street。他们在90年代的作品被誉为 Minimal 和 Dub techno的先驱。</div>\n<div class=\"document\">&nbsp;</div>\n<div class=\"document\">&nbsp;</div>\n<div class=\"document\"><strong>历史</strong></div>\n<div class=\"document\">\n<p class=\"paragraph text-align-type-left pap-line-1.8 pap-line-rule-auto pap-spacing-before-2pt pap-spacing-after-2pt\">Basic Channel由Moritz von Oswald和Mark Ernestus于1993年在德国柏林成立。当时，Moritz von Oswald担任柏林厂牌Tresor的内部制作人。该项目围绕着埃内斯图斯1989年开设的唱片店Hard Wax展开。为了追求最佳的母带制作质量，他们成立了自己的母带制作公司Dubplates＆Mastering。</p>\n<p class=\"paragraph text-align-type-left pap-line-1.8 pap-line-rule-auto pap-spacing-before-2pt pap-spacing-after-2pt\">&nbsp;</p>\n<p class=\"paragraph text-align-type-left pap-line-1.8 pap-line-rule-auto pap-spacing-before-2pt pap-spacing-after-2pt\">1993年至1994年之间，该唱片公司发布了二人组的9张12英寸黑胶单曲，这些单曲信息流极简，以神秘晦涩为基本特征。 Quietus称赞这些单曲：&ldquo;引起一批人争相效仿，在业内堪称传奇&rdquo;。此后，Basic Channel发行了两张选辑CD，为12英寸发行版的合辑：BCD（1995）和BCD-2（2008）。</p>\n<p class=\"paragraph text-align-type-left pap-line-1.8 pap-line-rule-auto pap-spacing-before-2pt pap-spacing-after-2pt\">&nbsp;</p>\n<p class=\"paragraph text-align-type-left pap-line-1.8 pap-line-rule-auto pap-spacing-before-2pt pap-spacing-after-2pt\">二人创立了许多厂牌，例如Chain Reaction、Main Street Records和Rhythm＆Sound。两人的合作作品有时也署名Maurizio 和Rhythm＆Sound。</p>\n<p class=\"paragraph text-align-type-left pap-line-1.8 pap-line-rule-auto pap-spacing-before-2pt pap-spacing-after-2pt\">&nbsp;</p>\n<p class=\"paragraph text-align-type-left pap-line-1.8 pap-line-rule-auto pap-spacing-before-2pt pap-spacing-after-2pt\"><strong>艺人</strong></p>\n<p class=\"paragraph text-align-type-left pap-line-1.8 pap-line-rule-auto pap-spacing-before-2pt pap-spacing-after-2pt\">Moritz von Oswald<br />Mark Ernestus</p>\n</div>",
 "contentEn": "<div>\n<div class=\"document\">\n<p class=\"paragraph text-align-type-left pap-line-1.8 pap-line-rule-auto pap-spacing-before-2pt pap-spacing-after-2pt\" style=\"text-align: left; line-height: 180%; margin-top: 2.6666666666666665px; margin-bottom: 2.6666666666666665px;\"><span style=\"font-size: 11pt; font-family: SF Pro,PingFang SC,Microsoft YaHei,微软雅黑,Noto Sans CJK SC,sans-serif,Roboto,Droid Sans,Helvetica,Tahoma,Arial,Hiragino Sans GB,Heiti SC; font-weight: 400; font-style: normal; ;color: #111; background: transparent; letter-spacing: 0pt; vertical-align: baseline; white-space: pre;\">Basic Channel is a German music duo and record label, composed of Moritz von Oswald and Mark Ernestus, that originated in Berlin in 1993. The duo have also worked under other names, including Rhythm &amp; Sound and Maurizio, and have founded offshoot label imprints such as Chain Reaction and Main Street. Their work in the 1990s is regarded as pioneering the minimal and dub techno subgenres.</span></p>\n<p class=\"paragraph text-align-type-left pap-line-1.8 pap-line-rule-auto pap-spacing-before-2pt pap-spacing-after-2pt\" style=\"text-align: left; line-height: 180%; margin-top: 2.6666666666666665px; margin-bottom: 2.6666666666666665px;\">&nbsp;</p>\n<p class=\"paragraph text-align-type-left pap-line-1.8 pap-line-rule-auto pap-spacing-before-2pt pap-spacing-after-2pt\" style=\"text-align: left; line-height: 180%; margin-top: 2.6666666666666665px; margin-bottom: 2.6666666666666665px;\"><span style=\"font-size: 11pt; font-family: SF Pro,PingFang SC,Microsoft YaHei,微软雅黑,Noto Sans CJK SC,sans-serif,Roboto,Droid Sans,Helvetica,Tahoma,Arial,Hiragino Sans GB,Heiti SC; font-weight: bold; font-style: normal; ;color: #111; background: transparent; letter-spacing: 0pt; vertical-align: baseline; white-space: pre;\">History </span></p>\n<p class=\"paragraph text-align-type-left pap-line-1.8 pap-line-rule-auto pap-spacing-before-2pt pap-spacing-after-2pt\" style=\"text-align: left; line-height: 180%; margin-top: 2.6666666666666665px; margin-bottom: 2.6666666666666665px;\"><span style=\"font-size: 11pt; font-family: SF Pro,PingFang SC,Microsoft YaHei,微软雅黑,Noto Sans CJK SC,sans-serif,Roboto,Droid Sans,Helvetica,Tahoma,Arial,Hiragino Sans GB,Heiti SC; font-weight: 400; font-style: normal; ;color: #111; background: transparent; letter-spacing: 0pt; vertical-align: baseline; white-space: pre;\">Basic Channel was founded by Moritz von Oswald and Mark Ernestus in 1993 in Berlin, Germany. At the time, von Oswald was working as an in-house producer for the Berlin label Tresor. The project grew around Hard Wax, the record store opened by Ernestus in 1989. In order to achieve preferred mastering quality, the duo founded their own mastering house Dubplates &amp; Mastering. </span></p>\n<p class=\"paragraph text-align-type-left pap-line-1.8 pap-line-rule-auto pap-spacing-before-2pt pap-spacing-after-2pt\" style=\"text-align: left; line-height: 180%; margin-top: 2.6666666666666665px; margin-bottom: 2.6666666666666665px;\">&nbsp;</p>\n<p class=\"paragraph text-align-type-left pap-line-1.8 pap-line-rule-auto pap-spacing-before-2pt pap-spacing-after-2pt\" style=\"text-align: left; line-height: 180%; margin-top: 2.6666666666666665px; margin-bottom: 2.6666666666666665px;\"><span style=\"font-size: 11pt; font-family: SF Pro,PingFang SC,Microsoft YaHei,微软雅黑,Noto Sans CJK SC,sans-serif,Roboto,Droid Sans,Helvetica,Tahoma,Arial,Hiragino Sans GB,Heiti SC; font-weight: 400; font-style: normal; ;color: #111; background: transparent; letter-spacing: 0pt; vertical-align: baseline; white-space: pre;\">Between 1993 and 1994, the record label released the duo's nine 12-inch vinyl singles, which featured minimal information and cryptic lettering, leaving the nature of the project obscure. The Quietus credited these releases with \"spawning a legion of imitators and earning the duo legend status among those in the know.\" Basic Channel has since released two compilation CDs which collect edits of their 12-inch releases: BCD (1995) and BCD-2 (2008). </span></p>\n<p class=\"paragraph text-align-type-left pap-line-1.8 pap-line-rule-auto pap-spacing-before-2pt pap-spacing-after-2pt\" style=\"text-align: left; line-height: 180%; margin-top: 2.6666666666666665px; margin-bottom: 2.6666666666666665px;\">&nbsp;</p>\n<p class=\"paragraph text-align-type-left pap-line-1.8 pap-line-rule-auto pap-spacing-before-2pt pap-spacing-after-2pt\" style=\"text-align: left; line-height: 180%; margin-top: 2.6666666666666665px; margin-bottom: 2.6666666666666665px;\"><span style=\"font-size: 11pt; font-family: SF Pro,PingFang SC,Microsoft YaHei,微软雅黑,Noto Sans CJK SC,sans-serif,Roboto,Droid Sans,Helvetica,Tahoma,Arial,Hiragino Sans GB,Heiti SC; font-weight: 400; font-style: normal; ;color: #111; background: transparent; letter-spacing: 0pt; vertical-align: baseline; white-space: pre;\">Moritz von Oswald and Mark Ernestus have founded numerous record labels such as Chain Reaction, Main Street Records, and Rhythm &amp; Sound. The duo's collaborative works have also been released under the monikers Maurizio and Rhythm &amp; Sound.</span></p>\n<p class=\"paragraph text-align-type-left pap-line-1.8 pap-line-rule-auto pap-spacing-before-2pt pap-spacing-after-2pt\" style=\"text-align: left; line-height: 180%; margin-top: 2.6666666666666665px; margin-bottom: 2.6666666666666665px;\">&nbsp;</p>\n</div>\n</div>",
 "remarks": "本词条汉字内容由 @多频百科团队 翻译+编辑\n原文译自 https://en.wikipedia.org/wiki/Basic_Channel",
 "remarksEn": "本词条内容来自 https://en.wikipedia.org/wiki/Basic_Channel",
 "status": 1,
 "clickNum": 21,
 "deleted": 0,
 "lang": 0,
 "chooseLang": true,
 "id": 28,
 "name": "Basic Channel",
 "descriptions": "Basic Channel是德国音乐二人组和厂牌，由Moritz von Oswald和Mark Ernestus与1993年在柏林创立。他们也有其他名字，像是Rhythm＆Sound和Maurizio，他们还创立了许多子厂牌，例如Chain Reaction和Main Street。他们在90年代的作品被誉为 Minimal 和 Dub techno的先驱。",
 "picture": "https://duopin-community.oss-cn-shenzhen.aliyuncs.com/10dj3yid9akyzlscesmr.jpg",
 "originalName": "Maurizio ；Rhythm＆Sound",
 "foundTimeText": "1993",
 "foundAddress": "Paul St. Hilaire",
 "founder": "Moritz von Oswald和Mark Ernestus",
 "parentBrand": "",
 "childBrand": "",
 "majorStyle": "Minimal, Dub techno",
 "delegateArtist": "Moritz von Oswald\nMark Ernestus",
 "officialUrl": "www.basicchannel.com",
 "referenceUrl": "https://en.wikipedia.org/wiki/Basic_Channel",
 "manageStatusText": "运营中",
 "style": "Minimal, Dub techno",
 "country": "德国",
 "typeId": 14,
 "typeName": "厂牌",
 "dataId": 28,
 "url": "http://dropinapp.hearinmusic.com/#/ency?typeId=14&dataId=28"
}