{
 "pageNum": 1,
 "pageSize": 10,
 "params": {},
 "content": "<p></p>\n\r<p></p>\n\r<p></p>\n\r<p></p>",
 "remarks": "本词条内容暂未完善仅供参考，多频百科小编正在火速赶来",
 "remarksEn": "本词条内容暂未完善仅供参考，多频百科小编正在火速赶来",
 "status": 0,
 "clickNum": 0,
 "deleted": 0,
 "lang": 0,
 "chooseLang": false,
 "id": 477,
 "name": "Bassbin",
 "descriptions": "\n\r",
 "picture": "https://duopin-community.oss-cn-shenzhen.aliyuncs.com/r9whk7gbohtz486a5muk.jpg",
 "originalName": "",
 "foundTimeText": "",
 "foundAddress": "Ireland",
 "founder": "",
 "parentBrand": "Bassbin Recordings",
 "childBrand": " Breakin, Looney Toonz ",
 "majorStyle": "drum and bass",
 "delegateArtist": "",
 "officialUrl": "http://www.bassbin.com/",
 "referenceUrl": "https://musicbrainz.org/label/ec6a1eb3-37d9-4cfc-81c1-5d0f390f6066",
 "manageStatusText": "",
 "style": "Drum&Bass",
 "country": "其他",
 "typeId": 14,
 "typeName": "厂牌",
 "dataId": 477,
 "url": "http://dropinapp.hearinmusic.com/#/ency?typeId=14&dataId=477"
}