{
 "pageNum": 1,
 "pageSize": 10,
 "params": {},
 "content": "<p></p>\n\r<p></p>\n\r<p></p>\n\r<p></p>",
 "remarks": "本词条内容暂未完善仅供参考，多频百科小编正在火速赶来",
 "remarksEn": "本词条内容暂未完善仅供参考，多频百科小编正在火速赶来",
 "status": 0,
 "clickNum": 0,
 "deleted": 0,
 "lang": 0,
 "chooseLang": false,
 "id": 479,
 "name": "Basspistol",
 "descriptions": "\n\r",
 "originalName": "",
 "foundTimeText": "2010-01-07",
 "foundAddress": "Sweden",
 "founder": "\tSet Hallström",
 "parentBrand": "",
 "childBrand": "",
 "majorStyle": "electronic",
 "delegateArtist": "",
 "officialUrl": "http://basspistol.com/ ",
 "referenceUrl": "https://musicbrainz.org/label/0f83baf3-4f44-44db-9e30-d5c05d7b77b9",
 "manageStatusText": "",
 "style": "Electronic",
 "country": "其他",
 "typeId": 14,
 "typeName": "厂牌",
 "dataId": 479,
 "url": "http://dropinapp.hearinmusic.com/#/ency?typeId=14&dataId=479"
}