{
 "pageNum": 1,
 "pageSize": 10,
 "params": {},
 "content": "<p></p>\n\r<p></p>\n\r<p></p>\n\r<p></p>",
 "remarks": "本词条内容暂未完善仅供参考，多频百科小编正在火速赶来",
 "remarksEn": "本词条内容暂未完善仅供参考，多频百科小编正在火速赶来",
 "status": 0,
 "clickNum": 0,
 "deleted": 0,
 "lang": 0,
 "chooseLang": false,
 "id": 480,
 "name": "BAT Records",
 "descriptions": "\n\r",
 "originalName": "",
 "foundTimeText": "",
 "foundAddress": "    Clermont-Ferrand, Puy-de-Dôme, Auvergne-Rhône-Alpes, France",
 "founder": "",
 "parentBrand": "",
 "childBrand": "",
 "majorStyle": "dub, punk, reggae, ska",
 "delegateArtist": "",
 "officialUrl": "https://bat-records.com/",
 "referenceUrl": "https://musicbrainz.org/label/06078b28-c7ee-4ac7-9bb0-179e59fed3ff",
 "manageStatusText": "",
 "style": "Dub, 其他风格",
 "country": "法国",
 "typeId": 14,
 "typeName": "厂牌",
 "dataId": 480,
 "url": "http://dropinapp.hearinmusic.com/#/ency?typeId=14&dataId=480"
}