{
 "pageNum": 1,
 "pageSize": 10,
 "params": {},
 "content": "<p></p>\n\r<p></p>\n\r<p></p>\n\r<p></p>",
 "remarks": "本词条内容暂未完善仅供参考，多频百科小编正在火速赶来",
 "remarksEn": "本词条内容暂未完善仅供参考，多频百科小编正在火速赶来",
 "status": 0,
 "clickNum": 0,
 "deleted": 0,
 "lang": 0,
 "chooseLang": false,
 "id": 481,
 "name": "Battle Axe Records",
 "descriptions": "Label originally from Washington , now based in Vancouver (Canada) .\n\n",
 "picture": "https://duopin-community.oss-cn-shenzhen.aliyuncs.com/ohp5kksc4lh5re6eav8m.jpg",
 "originalName": "",
 "foundTimeText": "",
 "foundAddress": "US",
 "founder": "",
 "parentBrand": " Regime Seventy-Two",
 "childBrand": "\tUnderworld Inc.",
 "majorStyle": "hip hop",
 "delegateArtist": "",
 "officialUrl": "\thttp://www.battleaxewarriors.com/",
 "referenceUrl": "https://musicbrainz.org/label/999bda6e-b5a8-4747-840b-c2fa0da445ac/relationships",
 "manageStatusText": "",
 "style": "Hip-hop",
 "country": "美国",
 "typeId": 14,
 "typeName": "厂牌",
 "dataId": 481,
 "url": "http://dropinapp.hearinmusic.com/#/ency?typeId=14&dataId=481"
}