{
 "pageNum": 1,
 "pageSize": 10,
 "params": {},
 "content": "<p></p>\n\r<p></p>\n\r<p></p>\n\r<p></p>",
 "remarks": "本词条内容暂未完善仅供参考，多频百科小编正在火速赶来",
 "remarksEn": "本词条内容暂未完善仅供参考，多频百科小编正在火速赶来",
 "status": 0,
 "clickNum": 0,
 "deleted": 0,
 "lang": 0,
 "chooseLang": false,
 "id": 482,
 "name": "BBE",
 "descriptions": "\nUK based hip hop record label founded in 1996 by Peter Adarkwah, also known as Barely Breaking Even \nThe label was founded in order to release compilation albums from prominent hip hop DJs, leading to the The Beat Generation series of releases, which featured artists such as Marley Marl, Pete Rock, Jay Dee, DJ Spinna, King Britt, and Will I Am, among others. The label had an association with the German label Rapster Records. \nSee BBE Records for previous parent label.\n\n",
 "picture": "https://duopin-community.oss-cn-shenzhen.aliyuncs.com/lx6jdn5i9889i30gc1ym.jpg",
 "originalName": "Barely Breaking Even;BBE Records",
 "foundTimeText": "",
 "foundAddress": "UK",
 "founder": "\tPeter Adarkwah",
 "parentBrand": "\tBBE Records",
 "childBrand": "\nAlim Music, BBE Africa, BBE Disco, Deep Funk, Lost And Found (5), The Beat Generation, Urban Theory",
 "majorStyle": "hip hop",
 "delegateArtist": "",
 "officialUrl": "",
 "referenceUrl": "https://musicbrainz.org/label/d85e09a6-2401-42aa-943f-50ff940d6583/relationships",
 "manageStatusText": "",
 "style": "Hip-hop",
 "country": "英国",
 "typeId": 14,
 "typeName": "厂牌",
 "dataId": 482,
 "url": "http://dropinapp.hearinmusic.com/#/ency?typeId=14&dataId=482"
}