{
 "pageNum": 1,
 "pageSize": 10,
 "params": {},
 "content": "<p></p>\n\r<p></p>\n\r<p></p>\n\r<p></p>",
 "remarks": "本词条内容暂未完善仅供参考，多频百科小编正在火速赶来",
 "remarksEn": "本词条内容暂未完善仅供参考，多频百科小编正在火速赶来",
 "status": 0,
 "clickNum": 0,
 "deleted": 0,
 "lang": 0,
 "chooseLang": false,
 "id": 483,
 "name": "BBT Wreck‐Hurdz",
 "descriptions": "\n\r",
 "picture": "https://duopin-community.oss-cn-shenzhen.aliyuncs.com/subgosmi0e1cdwrisxlp.jpg",
 "originalName": "BBT Wreck‐Hurdz;Les Disques BBT",
 "foundTimeText": "2002-09-03",
 "foundAddress": "Montreal (city), Quebec, Canada",
 "founder": "",
 "parentBrand": "",
 "childBrand": "",
 "majorStyle": "hip hop",
 "delegateArtist": "",
 "officialUrl": "\thttp://www.brodah.ca/",
 "referenceUrl": "https://musicbrainz.org/label/53e923ea-8e0c-408e-9de5-fe0da2c32574",
 "manageStatusText": "",
 "style": "Hip-hop",
 "country": "加拿大",
 "typeId": 14,
 "typeName": "厂牌",
 "dataId": 483,
 "url": "http://dropinapp.hearinmusic.com/#/ency?typeId=14&dataId=483"
}