{
 "pageNum": 1,
 "pageSize": 10,
 "params": {},
 "content": "<p></p>\n\r<p></p>\n\r<p></p>\n\r<p></p>",
 "remarks": "本词条内容暂未完善仅供参考，多频百科小编正在火速赶来",
 "remarksEn": "本词条内容暂未完善仅供参考，多频百科小编正在火速赶来",
 "status": 0,
 "clickNum": 0,
 "deleted": 0,
 "lang": 0,
 "chooseLang": false,
 "id": 484,
 "name": "BC Presents   ",
 "descriptions": "\nDrum n Bass label\n\n",
 "picture": "https://duopin-community.oss-cn-shenzhen.aliyuncs.com/mc8hmaospocespzy1fee.jpg",
 "originalName": "",
 "foundTimeText": "",
 "foundAddress": "UK",
 "founder": "\tBad Company UK",
 "parentBrand": " BC Recordings",
 "childBrand": "\nBad Taste (3), Bad Taste Recordings",
 "majorStyle": "drum and bass",
 "delegateArtist": "",
 "officialUrl": "",
 "referenceUrl": "https://www.discogs.com/label/25044",
 "manageStatusText": "",
 "style": "Drum&Bass",
 "country": "英国",
 "typeId": 14,
 "typeName": "厂牌",
 "dataId": 484,
 "url": "http://dropinapp.hearinmusic.com/#/ency?typeId=14&dataId=484"
}