{
 "pageNum": 1,
 "pageSize": 10,
 "params": {},
 "content": "<p></p>\n\r<p></p>\n\r<p></p>\n\r<p></p>",
 "remarks": "本词条内容暂未完善仅供参考，多频百科小编正在火速赶来",
 "remarksEn": "本词条内容暂未完善仅供参考，多频百科小编正在火速赶来",
 "status": 0,
 "clickNum": 0,
 "deleted": 0,
 "lang": 0,
 "chooseLang": false,
 "id": 485,
 "name": "BC Recordings",
 "descriptions": "\n\n",
 "picture": "https://duopin-community.oss-cn-shenzhen.aliyuncs.com/odwkbjd3qlc5iaiu6fvd.jpg",
 "originalName": "Bad Company",
 "foundTimeText": "",
 "foundAddress": "UK",
 "founder": "\tBad Company UK",
 "parentBrand": "",
 "childBrand": "\nBad Taste Recordings，BC Authorised, BC Halo, BC Presents..., Book Of The Bad, Breakbeat Punk, Square One, Very Bad Music",
 "majorStyle": "drum and bass",
 "delegateArtist": "",
 "officialUrl": "",
 "referenceUrl": "https://musicbrainz.org/label/3f7243bf-013f-462e-b087-5023b8dc66db",
 "manageStatusText": "",
 "style": "Drum&Bass",
 "country": "英国",
 "typeId": 14,
 "typeName": "厂牌",
 "dataId": 485,
 "url": "http://dropinapp.hearinmusic.com/#/ency?typeId=14&dataId=485"
}