{
 "pageNum": 1,
 "pageSize": 10,
 "params": {},
 "content": "<p>Be Yourself Music started in 2005 when&nbsp;ID&amp;T&nbsp;Music stopped its operations. This fresh music company was founded by the old ID&amp;T Music employees. In this change Be Yourself Music bought the whole ID&amp;T music catalogue (ID&amp;T, Q-dance, Shockers and the Hardcore catalogue).<br /><br />Be Yourself Music owns five sublabels where music styles like trance, tech-trance, house, electro and minimal are released on.</p>",
 "remarks": "本词条内容暂未完善仅供参考，多频百科小编正在火速赶来",
 "remarksEn": "本词条内容暂未完善仅供参考，多频百科小编正在火速赶来",
 "status": 0,
 "clickNum": 0,
 "deleted": 0,
 "lang": 0,
 "chooseLang": false,
 "id": 1874,
 "name": "Be Yourself Music",
 "picture": "https://duopin-community.oss-cn-shenzhen.aliyuncs.com/2s0mnoqe9nd4uxcs0fl8.jpg",
 "foundTimeText": "2005",
 "foundAddress": "Netherlands",
 "parentBrand": "",
 "childBrand": "Arnej Music, Art Of Creation, ARTWRK, Big & Dirty, Brennan Heart Music, Dance 4 Life, Derailed Traxx, Dirty Soul, Flamingo (4), Free For All, Fvck Genres, Get Wipped! Records, Hardsoul Pressings, High Contrast Nu Breed, High Contrast Recordings (2), I AM HARDSTYLE, ID&T, In Charge, Keep It Up Music, Lights N Loaded Records, Lose Control Music, Spirit Of Hardstyle, WE R",
 "officialUrl": "http://www.beyourselfmusic.com/ ",
 "referenceUrl": "https://www.discogs.com/label/46006-Be-Yourself-Music",
 "style": "",
 "country": "荷兰",
 "typeId": 14,
 "typeName": "厂牌",
 "dataId": 1874,
 "url": "http://dropinapp.hearinmusic.com/#/ency?typeId=14&dataId=1874"
}