{
 "pageNum": 1,
 "pageSize": 10,
 "params": {},
 "content": "<p></p>\n\r<p></p>\n\r<p></p>\n\r<p></p>",
 "remarks": "本词条内容暂未完善仅供参考，多频百科小编正在火速赶来",
 "remarksEn": "本词条内容暂未完善仅供参考，多频百科小编正在火速赶来",
 "status": 0,
 "clickNum": 0,
 "deleted": 0,
 "lang": 0,
 "chooseLang": false,
 "id": 487,
 "name": "BeatCoin Digital",
 "descriptions": "\nBeatCoin Digital is a music distribution label created by in 2019 by Maximo Group Network for new hip hop artists.\n\n",
 "picture": "https://duopin-community.oss-cn-shenzhen.aliyuncs.com/a2h8v2fn6z4lxn3rlmye.jpg",
 "originalName": "",
 "foundTimeText": "2019-12-12",
 "foundAddress": " South Africa",
 "founder": "MC Vacela",
 "parentBrand": "\tMaximo Group Network",
 "childBrand": "",
 "majorStyle": "alternative hip hop, alternative pop, blue-eyed soul, dancehall, drill",
 "delegateArtist": "",
 "officialUrl": "",
 "referenceUrl": "https://musicbrainz.org/label/b09f91e9-87ab-426b-9d49-ba2264db5f1b/relationships",
 "manageStatusText": "",
 "style": "Hip-hop, 其他风格",
 "country": "其他",
 "typeId": 14,
 "typeName": "厂牌",
 "dataId": 487,
 "url": "http://dropinapp.hearinmusic.com/#/ency?typeId=14&dataId=487"
}