{
 "pageNum": 1,
 "pageSize": 10,
 "params": {},
 "content": "<p></p>\n\r<p></p>\n\r<p></p>\n\r<p></p>",
 "remarks": "本词条内容暂未完善仅供参考，多频百科小编正在火速赶来",
 "remarksEn": "本词条内容暂未完善仅供参考，多频百科小编正在火速赶来",
 "status": 0,
 "clickNum": 0,
 "deleted": 0,
 "lang": 0,
 "chooseLang": false,
 "id": 486,
 "name": "Beata Beatrix",
 "descriptions": "\n\r",
 "picture": "https://duopin-community.oss-cn-shenzhen.aliyuncs.com/010lzwbmfbf60p3qnt3c.jpg",
 "originalName": "",
 "foundTimeText": " 2001",
 "foundAddress": "",
 "founder": "",
 "parentBrand": "",
 "childBrand": "",
 "majorStyle": "electronic, minimal, modern classical",
 "delegateArtist": "",
 "officialUrl": "\thttps://beatrixbeata.wixsite.com/beatabeatrix",
 "referenceUrl": "https://musicbrainz.org/label/3e7cd800-0a52-42d3-a3bd-1c0bbdd9c1b1",
 "manageStatusText": "",
 "style": "Electronic, 其他风格",
 "country": "",
 "typeId": 14,
 "typeName": "厂牌",
 "dataId": 486,
 "url": "http://dropinapp.hearinmusic.com/#/ency?typeId=14&dataId=486"
}