{
 "pageNum": 1,
 "pageSize": 10,
 "params": {},
 "content": "<div class=\"document\">\n<p class=\"paragraph text-align-type-left pap-line-1.8 pap-line-rule-auto pap-spacing-before-2pt pap-spacing-after-2pt\" style=\"text-align: justify;\">Beatservice与1994年10月在挪威特罗姆瑟（Troms&oslash;）创立，主要发行电子音乐，由Vidar Hanssen发起，他当时正在为当地学生电台主持 The Beatservice Radio Show节目。 Beatservice Records发行的音乐涵盖了极简Ambient到House、experimental techno以及drum and bass。该厂牌是基于特罗姆瑟的电子音乐1990年代中后期在挪威和其他地方受欢迎的重要因素。</p>\n<p class=\"paragraph text-align-type-left pap-line-1.8 pap-line-rule-auto pap-spacing-before-2pt pap-spacing-after-2pt\" style=\"text-align: justify;\">&nbsp;</p>\n<p class=\"paragraph text-align-type-left pap-line-1.8 pap-line-rule-auto pap-spacing-before-2pt pap-spacing-after-2pt\" style=\"text-align: justify;\">Beatservice发行了诸如Biosphere，Aedena Cycle，Kolar Goi，Flunk，Ralph Myerz，Xploding Plastix，Teebee，Sternklang，KimHiorth&oslash;y，Howard Maple，Bj&oslash;rnTorske和Frost等艺术家的音乐。</p>\n</div>",
 "contentEn": "<div>\n<div class=\"document\">\n<p class=\"paragraph text-align-type-left pap-line-1.8 pap-line-rule-auto pap-spacing-before-2pt pap-spacing-after-2pt\" style=\"text-align: left; line-height: 180%; margin-top: 2.6666666666666665px; margin-bottom: 2.6666666666666665px;\"><span style=\"font-size: 11pt; font-family: SF Pro,PingFang SC,Microsoft YaHei,微软雅黑,Noto Sans CJK SC,sans-serif,Roboto,Droid Sans,Helvetica,Tahoma,Arial,Hiragino Sans GB,Heiti SC; font-weight: 400; font-style: normal; ;color: #111; background: transparent; letter-spacing: 0pt; vertical-align: baseline; white-space: pre;\">Beatservice Records (established 10 October 1994 in Troms&oslash;, Norway) is a Norwegian record label releasing electronic music. It was initiated by Vidar Hanssen who was DJing for a local student radio with the program The Beatservice Radio Show at the time. Beatservice Records have released music ranging from minimalistic ambient via house and experimental techno to drum and bass. The label was an important factor in the mid-to-late 1990s popularity of the Troms&oslash; based electronic music scene, both in Norway and elsewhere.</span></p>\n<p class=\"paragraph text-align-type-left pap-line-1.8 pap-line-rule-auto pap-spacing-before-2pt pap-spacing-after-2pt\" style=\"text-align: left; line-height: 180%; margin-top: 2.6666666666666665px; margin-bottom: 2.6666666666666665px;\">&nbsp;</p>\n<p class=\"paragraph text-align-type-left pap-line-1.8 pap-line-rule-auto pap-spacing-before-2pt pap-spacing-after-2pt\" style=\"text-align: left; line-height: 180%; margin-top: 2.6666666666666665px; margin-bottom: 2.6666666666666665px;\"><span style=\"font-size: 11pt; font-family: SF Pro,PingFang SC,Microsoft YaHei,微软雅黑,Noto Sans CJK SC,sans-serif,Roboto,Droid Sans,Helvetica,Tahoma,Arial,Hiragino Sans GB,Heiti SC; font-weight: 400; font-style: normal; ;color: #111; background: transparent; letter-spacing: 0pt; vertical-align: baseline; white-space: pre;\">It has released music by artists such as Biosphere, Aedena Cycle, Kolar Goi, Flunk, Ralph Myerz, Xploding Plastix, Teebee, Sternklang, Kim Hiorth&oslash;y, Howard Maple, Bj&oslash;rn Torske and Frost.</span></p>\n<p class=\"paragraph text-align-type-left pap-line-1.8 pap-line-rule-auto pap-spacing-before-2pt pap-spacing-after-2pt\" style=\"text-align: left; line-height: 180%; margin-top: 2.6666666666666665px; margin-bottom: 2.6666666666666665px;\">&nbsp;</p>\n</div>\n</div>",
 "remarks": "本词条汉字内容由 @多频百科团队 翻译+编辑\n原文译自 https://en.wikipedia.org/wiki/Beatservice_Records",
 "remarksEn": "本词条内容来自 https://en.wikipedia.org/wiki/Beatservice_Records",
 "status": 1,
 "clickNum": 13,
 "deleted": 0,
 "lang": 0,
 "chooseLang": true,
 "id": 29,
 "name": "Beatservice Records",
 "descriptions": "Beatservice与1994年10月在挪威特罗姆瑟（Tromsø）创立，主要发行电子音乐，由Vidar Hanssen发起，他当时正在为当地学生电台主持 The Beatservice Radio Show节目。 Beatservice Records发行的音乐涵盖了极简Ambient到House、experimental techno以及drum and bass。该厂牌是基于特罗姆瑟的电子音乐1990年代中后期在挪威和其他地方受欢迎的重要因素。",
 "picture": "https://duopin-community.oss-cn-shenzhen.aliyuncs.com/h9uzom3vv9418nftnckb.jpg",
 "originalName": "",
 "foundTimeText": "1994",
 "foundAddress": "Tromsø, Norway",
 "founder": "Vidar Hanssen",
 "parentBrand": "",
 "childBrand": "",
 "majorStyle": "Techno, House, Minimalistic Ambient",
 "delegateArtist": "",
 "officialUrl": "http://www.beatservice.no/",
 "referenceUrl": "https://en.wikipedia.org/wiki/Beatservice_Records",
 "manageStatusText": "",
 "style": "Techno, House, Ambient",
 "country": "挪威",
 "typeId": 14,
 "typeName": "厂牌",
 "dataId": 29,
 "url": "http://dropinapp.hearinmusic.com/#/ency?typeId=14&dataId=29"
}