{
 "pageNum": 1,
 "pageSize": 10,
 "params": {},
 "content": "<h2 class=\"wikipedia\">Wikipedia</h2>\n<div class=\"wikipedia-extract-body wikipedia-extract-collapse\">\n<p><strong>Because Music</strong>&nbsp;is an independent record label with headquarters in Paris and London. Because Music SAS is the main label, with Because Music Ltd handling the British artist roster.</p>\n<p>Because Music was founded in 2005 by former president of Virgin Records France and EMI Continental Europe Emmanuel de Buretel, and has acts on its roster such as Mercury Music Prize nominated Metronomy and electronic duo Justice, along with actress and songwriter Charlotte Gainsbourg and husband-and-wife duo Amadou &amp; Mariam.</p>\n<p>It holds an exclusive license for all artists on Ed Banger Records and Phantasy. Because Music is the distributor for select Atlantic Records subsidiaries like Big Beat and 300 Entertainment.</p>\n<p>In 2017, Because acquired the catalogues of over 60 artists from Warner Music Group, including Mano Negra, The Beta Band, and most of London Records.</p>\n<p>In January 2018, Because signed a deal with Caroline Distribution (now Virgin Music Label &amp; Artist Services) (a Universal Music division) for distribution of Because's releases starting in 2019. Before, the distribution was held by Warner Music's Alternative Distribution Alliance and Vice Records.</p>\n</div>\n<p>&nbsp;</p>\n<p>&nbsp;</p>\n<p>&nbsp;</p>",
 "remarks": "本词条内容暂未完善仅供参考，多频百科小编正在火速赶来",
 "remarksEn": "本词条内容暂未完善仅供参考，多频百科小编正在火速赶来",
 "status": 0,
 "clickNum": 0,
 "deleted": 0,
 "lang": 0,
 "chooseLang": false,
 "id": 488,
 "name": "Because Music",
 "descriptions": "\nFrench label founded in 2004 by Emmanuel de Buretel. \n\nLabel-Code is 13950; printed only on releases manufactured/licensed by Warner\n\n",
 "picture": "https://duopin-community.oss-cn-shenzhen.aliyuncs.com/8n317kmv0ymvlp2zpp9r.jpg",
 "originalName": "Becuase Music",
 "foundTimeText": "2006",
 "foundAddress": "France",
 "founder": "\tEmmanuel de Buretel",
 "parentBrand": "",
 "childBrand": "\nBecause Éditions，Because Editions, Because Records, Corida S.A, Ed Banger Records, London Music Stream Ltd., Vietnam (2)",
 "majorStyle": "electro, electro house, psychedelic pop",
 "delegateArtist": "",
 "officialUrl": "\thttp://www.because.tv/",
 "referenceUrl": "https://musicbrainz.org/label/23450486-837c-46a6-8b3f-b22429a0dfe1",
 "manageStatusText": "",
 "style": "Electro, House",
 "country": "法国",
 "typeId": 14,
 "typeName": "厂牌",
 "dataId": 488,
 "url": "http://dropinapp.hearinmusic.com/#/ency?typeId=14&dataId=488"
}