{
 "pageNum": 1,
 "pageSize": 10,
 "params": {},
 "content": "<p></p>\n\r<p></p>\n\r<p></p>\n\r<p></p>",
 "remarks": "本词条内容暂未完善仅供参考，多频百科小编正在火速赶来",
 "remarksEn": "本词条内容暂未完善仅供参考，多频百科小编正在火速赶来",
 "status": 0,
 "clickNum": 0,
 "deleted": 0,
 "lang": 0,
 "chooseLang": false,
 "id": 489,
 "name": "Bedroom Research",
 "descriptions": "Collective and netlabel created in 2002 by Fletch,Deework and Subjex. \nBased in Lille, France.\n\n",
 "picture": "https://duopin-community.oss-cn-shenzhen.aliyuncs.com/3y5guhmh6d1s9371km99.jpg",
 "originalName": "",
 "foundTimeText": "2002",
 "foundAddress": "Lille, Nord, Hauts-de-France, France",
 "founder": "\tDeework;\t Subjex ",
 "parentBrand": "",
 "childBrand": "",
 "majorStyle": "electronic",
 "delegateArtist": "",
 "officialUrl": "\thttp://www.bedroomresearch.com/",
 "referenceUrl": "https://musicbrainz.org/label/397c551c-6a38-41f3-a874-d5f7e44b7209",
 "manageStatusText": "",
 "style": "Electronic",
 "country": "法国",
 "typeId": 14,
 "typeName": "厂牌",
 "dataId": 489,
 "url": "http://dropinapp.hearinmusic.com/#/ency?typeId=14&dataId=489"
}