{
 "pageNum": 1,
 "pageSize": 10,
 "params": {},
 "content": "<div>\n<div class=\"document\">\n<p class=\"paragraph text-align-type-left pap-line-1.8 pap-line-rule-auto pap-spacing-before-2pt pap-spacing-after-2pt\" style=\"text-align: justify;\">Bedrock Records是Trance、House和Techno的英国厂牌，由Nick Muir和 John Digweed。它取名于伦敦的一家夜总会，也被称为Bedrock。Bedrock Records发行了许多歌手的单曲，如Astro＆Glyde、Brancaccio＆Aisher、Steve Lawler、Shmuel Flash、Steve Porter、Sahar Z、Guy J、Henry Saiz、Stelios Vassiloudis、Electric Rescue 、日本流行歌星和Jerry Bonham。 Bedrock也是Digweed和Muir用作其制作的名称。</p>\n<p class=\"paragraph text-align-type-left pap-line-1.8 pap-line-rule-auto pap-spacing-before-2pt pap-spacing-after-2pt\" style=\"text-align: justify;\">&nbsp;</p>\n<p class=\"paragraph text-align-type-left pap-line-1.8 pap-line-rule-auto pap-spacing-before-2pt pap-spacing-after-2pt\" style=\"text-align: justify;\">Bedrock具有不同的形式：Bedrock Breaks、B_Rock和Black（Bedrock）。目前，它有Bedrock Digital以及一个属于Guy J的Lost＆Found。</p>\n<p class=\"paragraph text-align-type-left pap-line-1.8 pap-line-rule-auto pap-spacing-before-2pt pap-spacing-after-2pt\" style=\"text-align: justify;\">&nbsp;</p>\n<p class=\"paragraph text-align-type-left pap-line-1.8 pap-line-rule-auto pap-spacing-before-2pt pap-spacing-after-2pt\" style=\"text-align: justify;\">在2018年，Digweed通过发布Bedrock XX来纪念该品牌成立20周年。</p>\n</div>\n</div>\n<div>\n<div class=\"document\">\n<p class=\"paragraph text-align-type-left pap-line-1.8 pap-line-rule-auto pap-spacing-before-2pt pap-spacing-after-2pt\" style=\"text-align: justify;\">&nbsp;</p>\n<p class=\"paragraph text-align-type-left pap-line-1.8 pap-line-rule-auto pap-spacing-before-2pt pap-spacing-after-2pt\" style=\"text-align: justify;\"><strong>艺人</strong></p>\n</div>\n</div>\n<p>Digweed<br />Tim Skinner<br />Dresden<br />Gabriel<br />Aisher<br />Brancaccio</p>\n<p>&nbsp;</p>\n<div>\n<div class=\"document\">\n<p class=\"paragraph text-align-type-left pap-line-1.8 pap-line-rule-auto pap-spacing-before-2pt pap-spacing-after-2pt pap-left-indent-2em\">&nbsp;</p>\n</div>\n</div>",
 "contentEn": "<div class=\"document\">\n<p class=\"paragraph text-align-type-left pap-line-1.8 pap-line-rule-auto pap-spacing-before-2pt pap-spacing-after-2pt\" style=\"text-align: left; line-height: 180%; margin-top: 2.6666666666666665px; margin-bottom: 2.6666666666666665px;\"><span style=\"font-size: 11pt; font-family: SF Pro,PingFang SC,Microsoft YaHei,微软雅黑,Noto Sans CJK SC,sans-serif,Roboto,Droid Sans,Helvetica,Tahoma,Arial,Hiragino Sans GB,Heiti SC; font-weight: 400; font-style: normal; ;color: #111; background: transparent; letter-spacing: 0pt; vertical-align: baseline; white-space: pre;\">Bedrock Records is an English record label for trance, house and techno started by Nick Muir and John Digweed. Its name comes from a nightclub in London that is also called Bedrock. Bedrock Records has released many singles from artists such as Astro &amp; Glyde, Brancaccio &amp; Aisher, Steve Lawler, Shmuel Flash, Steve Porter, Sahar Z, Guy J, Henry Saiz, Stelios Vassiloudis, Electric Rescue, The Japanese Popstars and Jerry Bonham. Bedrock is also the name that Digweed and Muir use as their production moniker.</span></p>\n<p class=\"paragraph text-align-type-left pap-line-1.8 pap-line-rule-auto pap-spacing-before-2pt pap-spacing-after-2pt\" style=\"text-align: left; line-height: 180%; margin-top: 2.6666666666666665px; margin-bottom: 2.6666666666666665px;\">&nbsp;</p>\n<p class=\"paragraph text-align-type-left pap-line-1.8 pap-line-rule-auto pap-spacing-before-2pt pap-spacing-after-2pt\" style=\"text-align: left; line-height: 180%; margin-top: 2.6666666666666665px; margin-bottom: 2.6666666666666665px;\"><span style=\"font-size: 11pt; font-family: SF Pro,PingFang SC,Microsoft YaHei,微软雅黑,Noto Sans CJK SC,sans-serif,Roboto,Droid Sans,Helvetica,Tahoma,Arial,Hiragino Sans GB,Heiti SC; font-weight: 400; font-style: normal; ;color: #111; background: transparent; letter-spacing: 0pt; vertical-align: baseline; white-space: pre;\">Bedrock has had different imprints: Bedrock Breaks, B_Rock and Black (Bedrock). Currently it has Bedrock Digital and one called Lost &amp; Found belonging to Guy J.</span></p>\n<p class=\"paragraph text-align-type-left pap-line-1.8 pap-line-rule-auto pap-spacing-before-2pt pap-spacing-after-2pt\" style=\"text-align: left; line-height: 180%; margin-top: 2.6666666666666665px; margin-bottom: 2.6666666666666665px;\">&nbsp;</p>\n<p class=\"paragraph text-align-type-left pap-line-1.8 pap-line-rule-auto pap-spacing-before-2pt pap-spacing-after-2pt\" style=\"text-align: left; line-height: 180%; margin-top: 2.6666666666666665px; margin-bottom: 2.6666666666666665px;\"><span style=\"font-size: 11pt; font-family: SF Pro,PingFang SC,Microsoft YaHei,微软雅黑,Noto Sans CJK SC,sans-serif,Roboto,Droid Sans,Helvetica,Tahoma,Arial,Hiragino Sans GB,Heiti SC; font-weight: 400; font-style: normal; ;color: #111; background: transparent; letter-spacing: 0pt; vertical-align: baseline; white-space: pre;\">In 2018, Digweed marked the 20th anniversary of the label with the release of Bedrock XX.</span></p>\n<p>&nbsp;</p>\n<p><strong>Artists</strong></p>\n<p>Digweed<br />Tim Skinner<br />Dresden<br />Gabriel<br />Aisher<br />Brancaccio</p>\n<p>&nbsp;</p>\n</div>",
 "remarks": "本词条汉字内容由 @多频百科团队 翻译+编辑\n原文译自 https://en.wikipedia.org/wiki/Bedrock_Records",
 "remarksEn": "本词条内容来自 https://en.wikipedia.org/wiki/Bedrock_Records",
 "status": 1,
 "clickNum": 12,
 "deleted": 0,
 "lang": 0,
 "chooseLang": true,
 "id": 30,
 "name": "Bedrock Records",
 "descriptions": "Bedrock Records是Trance、House和Techno的英国厂牌，由Nick Muir和 John Digweed。它取名于伦敦的一家夜总会，也被称为Bedrock。Bedrock Records发行了许多歌手的单曲，如Astro＆Glyde、Brancaccio＆Aisher、Steve Lawler、Shmuel Flash、Steve Porter、Sahar Z、Guy J、Henry Saiz、Stelios Vassiloudis、Electric Rescue 、日本流行歌星和Jerry Bonham。 Bedrock也是Digweed和Muir用作其制作的名称。",
 "picture": "https://duopin-community.oss-cn-shenzhen.aliyuncs.com/qhvsayhxto6glztli7tv.png",
 "originalName": "",
 "foundTimeText": "1999",
 "foundAddress": "London, England",
 "founder": "John Digweed；Nick Muir\tJohn Digweed；Nick Muir",
 "parentBrand": "",
 "childBrand": "",
 "majorStyle": "Trance, house, techno",
 "delegateArtist": "Digweed\nTim Skinner\nDresden\nGabriel\nAisher\nBrancaccio",
 "officialUrl": "bedrock.org.uk",
 "referenceUrl": "https://en.wikipedia.org/wiki/Bedrock_Records",
 "manageStatusText": "运营中",
 "style": "Trance, house, techno",
 "country": "英国",
 "typeId": 14,
 "typeName": "厂牌",
 "dataId": 30,
 "url": "http://dropinapp.hearinmusic.com/#/ency?typeId=14&dataId=30"
}