{
 "pageNum": 1,
 "pageSize": 10,
 "params": {},
 "content": "<p>bedzoo成立于2004年，由平面视觉设计师刘伟LiUWEi创立，为国内的电子音乐爱好者和音乐人提供交流平台及小范围的推广。同年5月推出了第一张合辑唱片《W E V A》，2005年两张EP的推出，随之慢慢确立了BEDZOO出品的风格。应该是更适合聆听的、更温暖的、更舒适的、更有趣味的。</p>",
 "remarks": "本词条内容暂未完善仅供参考，多频百科小编正在火速赶来",
 "remarksEn": "本词条内容暂未完善仅供参考，多频百科小编正在火速赶来",
 "status": 0,
 "clickNum": 2,
 "deleted": 0,
 "lang": 0,
 "chooseLang": false,
 "id": 1886,
 "name": "Bedzoo Records",
 "descriptions": "bedzoo成立于2004年，由平面视觉设计师刘伟LiUWEi创立，为国内的电子音乐爱好者和音乐人提供交流平台及小范围的推广。同年5月推出了第一张合辑唱片《W E V A》，2005年两张EP的推出，随之慢慢确立了BEDZOO出品的风格。应该是更适合聆听的、更温暖的、更舒适的、更有趣味的。",
 "picture": "https://duopin-community.oss-cn-shenzhen.aliyuncs.com/oxx3wrxyqar08zekpzi3.png",
 "foundTimeText": "2004",
 "founder": "刘伟LiUWEi",
 "style": "",
 "country": "中国",
 "typeId": 14,
 "typeName": "厂牌",
 "dataId": 1886,
 "url": "http://dropinapp.hearinmusic.com/#/ency?typeId=14&dataId=1886"
}