{
 "pageNum": 1,
 "pageSize": 10,
 "params": {},
 "content": "<p></p>\n\r<p></p>\n\r<p></p>\n\r<p></p>",
 "remarks": "本词条内容暂未完善仅供参考，多频百科小编正在火速赶来",
 "remarksEn": "本词条内容暂未完善仅供参考，多频百科小编正在火速赶来",
 "status": 0,
 "clickNum": 0,
 "deleted": 0,
 "lang": 0,
 "chooseLang": false,
 "id": 490,
 "name": "Bee Records",
 "descriptions": "\nBEE Records is an electronic music label, independent, which was born in 2000, arisen from a will to collect those who liked listening to a sharp music and those who tried simply to party with the good sound. Two activities will be developed from then on: the organization of electronic evenings on one hand, and the production of disks on the other hand.\n\n",
 "picture": "https://duopin-community.oss-cn-shenzhen.aliyuncs.com/km1objcjsld1grxh83je.jpg",
 "originalName": "",
 "foundTimeText": "",
 "foundAddress": " France",
 "founder": "\tEric Blanché Olivier Charrel",
 "parentBrand": "",
 "childBrand": "",
 "majorStyle": "electro, electronic",
 "delegateArtist": "",
 "officialUrl": "\thttp://www.beerecords.com/",
 "referenceUrl": "https://musicbrainz.org/label/c73e8c8b-e011-428a-ac31-39deba332edd",
 "manageStatusText": "",
 "style": "Electronic, Electro",
 "country": "法国",
 "typeId": 14,
 "typeName": "厂牌",
 "dataId": 490,
 "url": "http://dropinapp.hearinmusic.com/#/ency?typeId=14&dataId=490"
}