{
 "pageNum": 1,
 "pageSize": 10,
 "params": {},
 "content": "<div>\n<div class=\"document\">\n<p>Benbecula Records是一家苏格兰独立厂牌，1999年由当地音乐家Phase 6和Beluga于爱丁堡创立。Benbecula Records初创时期是一个基于CD-R的厂牌，2000年后转型向为商业黑胶和CD。</p>\n<p>&nbsp;</p>\n<p>该厂牌2009年11月1日关闭。</p>\n<p>&nbsp;</p>\n<p><strong>历史</strong></p>\n<p class=\"paragraph text-align-type-left pap-line-1.8 pap-line-rule-auto pap-spacing-before-2pt pap-spacing-after-2pt\" style=\"text-align: justify;\">传统意义上说，Benbecula Records体现了苏格兰的电子音乐，为当地艺术家Christ、Reverbaphon、Frog Pocket、Genaro和Operator都发行过作品。后来，Benbecula Records为更多国外艺术家发行作品，特别是加拿大音乐家Prhizzm，美国free jazz艺术家Brian Ellis，德国制作人E.Stonji和英国音乐家Birdengine、Ocher和Damien Shingleton。</p>\n<p class=\"paragraph text-align-type-left pap-line-1.8 pap-line-rule-auto pap-spacing-before-2pt pap-spacing-after-2pt\" style=\"text-align: justify;\">&nbsp;</p>\n<div>\n<div class=\"document\">\n<p class=\"paragraph text-align-type-left pap-line-1.8 pap-line-rule-auto pap-spacing-before-2pt pap-spacing-after-2pt\" style=\"text-align: justify;\"><strong>Mineral 系列</strong><span style=\"font-size: 12pt;\"><strong><br /></strong></span></p>\n<p class=\"paragraph text-align-type-left pap-line-1.8 pap-line-rule-auto pap-spacing-before-2pt pap-spacing-after-2pt\" style=\"text-align: justify;\">Benbecula Records出于&ldquo;独立音乐制作精神&rdquo;，于2005年宣布了一项名为&ldquo;Mineral Series&rdquo;的系列。该系列旨在发行限量款CD-R专辑和合辑。Benbecula Records很看好CD-R唱片，但商业上全面发行CD-R不是可行方案。矿物系列的第一部是一套12碟CD-R。购买全套产品的客户将收到一张赠品CD，是苏格兰艺术家Christ未发行的一张稀有CD ，光碟被完整地裹在布带中。Mineral Series取得成功后，即在预购阶段该系列就已售罄，该唱片公司将CD-R产品也作为Mineral Series的一部分，以补充其商业发行范围。</p>\n<p class=\"paragraph text-align-type-left pap-line-1.8 pap-line-rule-auto pap-spacing-before-2pt pap-spacing-after-2pt\">&nbsp;</p>\n<div>\n<div class=\"document\">\n<p class=\"paragraph text-align-type-left pap-line-1.8 pap-line-rule-auto pap-spacing-before-2pt pap-spacing-after-2pt pap-left-indent-2em\">&nbsp;</p>\n</div>\n</div>\n</div>\n</div>\n</div>\n</div>",
 "contentEn": "<div>\n<div class=\"document\">\n<p class=\"paragraph text-align-type-left pap-line-1.8 pap-line-rule-auto pap-spacing-before-2pt pap-spacing-after-2pt\" style=\"text-align: left; line-height: 180%; margin-top: 2.6666666666666665px; margin-bottom: 2.6666666666666665px;\"><span style=\"font-size: 11pt; font-family: SF Pro,PingFang SC,Microsoft YaHei,微软雅黑,Noto Sans CJK SC,sans-serif,Roboto,Droid Sans,Helvetica,Tahoma,Arial,Hiragino Sans GB,Heiti SC; font-weight: 400; font-style: normal; ;color: #111; background: transparent; letter-spacing: 0pt; vertical-align: baseline; white-space: pre;\">Benbecula Records was a Scottish independent record label. Established in 1999 in Edinburgh, Scotland, by local musicians Phase 6 and Beluga, Benbecula Records began as a CD-R-based record label before moving towards large-run commercial vinyl record and CD releases in 2000.</span></p>\n<p class=\"paragraph text-align-type-left pap-line-1.8 pap-line-rule-auto pap-spacing-before-2pt pap-spacing-after-2pt\" style=\"text-align: left; line-height: 180%; margin-top: 2.6666666666666665px; margin-bottom: 2.6666666666666665px;\">&nbsp;</p>\n<p class=\"paragraph text-align-type-left pap-line-1.8 pap-line-rule-auto pap-spacing-before-2pt pap-spacing-after-2pt\" style=\"text-align: left; line-height: 180%; margin-top: 2.6666666666666665px; margin-bottom: 2.6666666666666665px;\"><span style=\"font-size: 11pt; font-family: SF Pro,PingFang SC,Microsoft YaHei,微软雅黑,Noto Sans CJK SC,sans-serif,Roboto,Droid Sans,Helvetica,Tahoma,Arial,Hiragino Sans GB,Heiti SC; font-weight: 400; font-style: normal; ;color: #111; background: transparent; letter-spacing: 0pt; vertical-align: baseline; white-space: pre;\">The label closed on 1 November 2009.</span></p>\n<p class=\"paragraph text-align-type-left pap-line-1.8 pap-line-rule-auto pap-spacing-before-2pt pap-spacing-after-2pt\" style=\"text-align: left; line-height: 180%; margin-top: 2.6666666666666665px; margin-bottom: 2.6666666666666665px;\">&nbsp;</p>\n<p class=\"paragraph text-align-type-left pap-line-1.8 pap-line-rule-auto pap-spacing-before-2pt pap-spacing-after-2pt\" style=\"text-align: left; line-height: 180%; margin-top: 2.6666666666666665px; margin-bottom: 2.6666666666666665px;\"><strong><span style=\"font-size: 11pt; font-family: SF Pro, PingFang SC, Microsoft YaHei, 微软雅黑, Noto Sans CJK SC, sans-serif, Roboto, Droid Sans, Helvetica, Tahoma, Arial, Hiragino Sans GB, Heiti SC; font-style: normal; color: #111111; background: transparent none repeat scroll 0% 0%; letter-spacing: 0pt; vertical-align: baseline; white-space: pre;\">Biography </span></strong></p>\n<p class=\"paragraph text-align-type-left pap-line-1.8 pap-line-rule-auto pap-spacing-before-2pt pap-spacing-after-2pt\" style=\"text-align: left; line-height: 180%; margin-top: 2.6666666666666665px; margin-bottom: 2.6666666666666665px;\"><span style=\"font-size: 11pt; font-family: SF Pro,PingFang SC,Microsoft YaHei,微软雅黑,Noto Sans CJK SC,sans-serif,Roboto,Droid Sans,Helvetica,Tahoma,Arial,Hiragino Sans GB,Heiti SC; font-weight: 400; font-style: normal; ;color: #111; background: transparent; letter-spacing: 0pt; vertical-align: baseline; white-space: pre;\">Traditionally, Benbecula Records embodied the scottish e</span><span style=\"font-size: 11pt; font-family: SF Pro,PingFang SC,Microsoft YaHei,微软雅黑,Noto Sans CJK SC,sans-serif,Roboto,Droid Sans,Helvetica,Tahoma,Arial,Hiragino Sans GB,Heiti SC; font-weight: 400; font-style: normal; ;color: #111; background: transparent; letter-spacing: 0pt; vertical-align: baseline; white-space: pre;\">lectronic music scene, releasing the works of local artists Christ., Reverbaphon, Frog Pocket, Genaro and Operator. Later on, Benbecula Records increasingly represented artists from abroad, particularly Canadian musician Prhizzm, American free jazz artist Brian Ellis, German producer E.Stonji, and English musicians Birdengine, Ochre and Damien Shingleton. </span></p>\n<p class=\"paragraph text-align-type-left pap-line-1.8 pap-line-rule-auto pap-spacing-before-2pt pap-spacing-after-2pt\" style=\"text-align: left; line-height: 180%; margin-top: 2.6666666666666665px; margin-bottom: 2.6666666666666665px;\">&nbsp;</p>\n<p class=\"paragraph text-align-type-left pap-line-1.8 pap-line-rule-auto pap-spacing-before-2pt pap-spacing-after-2pt\" style=\"text-align: left; line-height: 180%; margin-top: 2.6666666666666665px; margin-bottom: 2.6666666666666665px;\"><strong><span style=\"font-size: 11pt; font-family: SF Pro, PingFang SC, Microsoft YaHei, 微软雅黑, Noto Sans CJK SC, sans-serif, Roboto, Droid Sans, Helvetica, Tahoma, Arial, Hiragino Sans GB, Heiti SC; font-style: normal; color: #111111; background: transparent none repeat scroll 0% 0%; letter-spacing: 0pt; vertical-align: baseline; white-space: pre;\">Minerals Series </span></strong></p>\n<p class=\"paragraph text-align-type-left pap-line-1.8 pap-line-rule-auto pap-spacing-before-2pt pap-spacing-after-2pt\" style=\"text-align: left; line-height: 180%; margin-top: 2.6666666666666665px; margin-bottom: 2.6666666666666665px;\"><span style=\"font-size: 11pt; font-family: SF Pro,PingFang SC,Microsoft YaHei,微软雅黑,Noto Sans CJK SC,sans-serif,Roboto,Droid Sans,Helvetica,Tahoma,Arial,Hiragino Sans GB,Heiti SC; font-weight: 400; font-style: normal; ;color: #111; background: transparent; letter-spacing: 0pt; vertical-align: baseline; white-space: pre;\">In the \"spirit of independent music making\", Benbecula Records announced a new initiative in 2005 titled the \"minerals series\". This series aimed at producing limited CD-R runs of albums and compilations which, though deemed notable by the label in some regard, were not commercially viable as full-scale releases. The first instalment of the minerals series was a 12-disc set of CD-Rs. Customers who purchased the full set received a bonus CD containing rare unreleased Christ. tracks, with the full package wrapped in a cloth band. Following the success of this initiative &mdash; the label sold out of the series during the pre-order phase &mdash; Benbecula Records continued producing CD-Rs as part of the minerals series as a complement to its range of commercial releases.</span></p>\n<p class=\"paragraph text-align-type-left pap-line-1.8 pap-line-rule-auto pap-spacing-before-2pt pap-spacing-after-2pt\" style=\"text-align: left; line-height: 180%; margin-top: 2.6666666666666665px; margin-bottom: 2.6666666666666665px;\">&nbsp;</p>\n<p class=\"paragraph text-align-type-left pap-line-1.8 pap-line-rule-auto pap-spacing-before-2pt pap-spacing-after-2pt\" style=\"text-align: left; line-height: 180%; margin-top: 2.6666666666666665px; margin-bottom: 2.6666666666666665px;\"><span style=\"font-size: 11pt; font-family: SF Pro,PingFang SC,Microsoft YaHei,微软雅黑,Noto Sans CJK SC,sans-serif,Roboto,Droid Sans,Helvetica,Tahoma,Arial,Hiragino Sans GB,Heiti SC; font-weight: 400; font-style: normal; ;color: #111; background: transparent; letter-spacing: 0pt; vertical-align: baseline; white-space: pre;\">&nbsp;</span></p>\n<p class=\"paragraph text-align-type-left pap-line-1.8 pap-line-rule-auto pap-spacing-before-2pt pap-spacing-after-2pt\" style=\"text-align: left; line-height: 180%; margin-top: 2.6666666666666665px; margin-bottom: 2.6666666666666665px;\"><span style=\"font-size: 11pt; font-family: SF Pro,PingFang SC,Microsoft YaHei,微软雅黑,Noto Sans CJK SC,sans-serif,Roboto,Droid Sans,Helvetica,Tahoma,Arial,Hiragino Sans GB,Heiti SC; font-weight: 400; font-style: normal; ;color: #111; background: transparent; letter-spacing: 0pt; vertical-align: baseline; white-space: pre;\">&nbsp;</span></p>\n<p class=\"paragraph text-align-type-left pap-line-1.8 pap-line-rule-auto pap-spacing-before-2pt pap-spacing-after-2pt\" style=\"text-align: left; line-height: 180%; margin-top: 2.6666666666666665px; margin-bottom: 2.6666666666666665px;\">&nbsp;</p>\n</div>\n</div>",
 "remarks": "本词条汉字内容由 @多频百科团队 翻译+编辑\n原文译自 https://en.wikipedia.org/wiki/Benbecula_Records",
 "remarksEn": "本词条内容来自 https://en.wikipedia.org/wiki/Benbecula_Records",
 "status": 1,
 "clickNum": 12,
 "deleted": 0,
 "lang": 0,
 "chooseLang": true,
 "id": 31,
 "name": "Benbecula Records",
 "descriptions": "Benbecula Records是一家苏格兰独立厂牌，1999年由当地音乐家Phase 6和Beluga于爱丁堡创立。Benbecula Records初创时期是一个基于CD-R的厂牌，2000年后转型向为商业黑胶和CD。\n\n该厂牌2009年11月1日关闭。",
 "picture": "https://duopin-community.oss-cn-shenzhen.aliyuncs.com/zkot5nmdbsyffpt5pnqt.jpg",
 "originalName": "",
 "foundTimeText": "1999",
 "foundAddress": "Edinburgh",
 "founder": "Beluga；Phase 6；Steven McConnell",
 "parentBrand": "",
 "childBrand": "",
 "majorStyle": "Electronic, Downtempo, IDM",
 "delegateArtist": "",
 "officialUrl": "",
 "referenceUrl": "https://en.wikipedia.org/wiki/Benbecula_Records",
 "manageStatusText": "不再运营",
 "style": "Electronic, Downtempo, IDM",
 "country": "苏格兰",
 "typeId": 14,
 "typeName": "厂牌",
 "dataId": 31,
 "url": "http://dropinapp.hearinmusic.com/#/ency?typeId=14&dataId=31"
}