{
 "pageNum": 1,
 "pageSize": 10,
 "params": {},
 "content": "<p></p>\n\r<p></p>\n\r<p></p>\n\r<p></p>",
 "remarks": "本词条内容暂未完善仅供参考，多频百科小编正在火速赶来",
 "remarksEn": "本词条内容暂未完善仅供参考，多频百科小编正在火速赶来",
 "status": 0,
 "clickNum": 0,
 "deleted": 0,
 "lang": 0,
 "chooseLang": false,
 "id": 492,
 "name": "Beta Recordings",
 "descriptions": "\nUK DJ & producer John B's own label. \nStyles: Drum & Bass, Electro, Trance.\n\n",
 "picture": "https://duopin-community.oss-cn-shenzhen.aliyuncs.com/ytjyl4d5b1nxrsc6io01.jpg",
 "originalName": "",
 "foundTimeText": "1999",
 "foundAddress": " Maidenhead, Windsor and Maidenhead, England, United Kingdom",
 "founder": "\tJohn B",
 "parentBrand": "",
 "childBrand": "\nChihuahua Recordings, Nu Electro Recordings, Tangent Recordings",
 "majorStyle": "drum and bass",
 "delegateArtist": "",
 "officialUrl": "\thttp://www.beta-recordings.co.uk/",
 "referenceUrl": "https://musicbrainz.org/label/e10224e4-1e12-45c2-8751-a3f776344d5d",
 "manageStatusText": "",
 "style": "Drum&Bass",
 "country": "英国",
 "typeId": 14,
 "typeName": "厂牌",
 "dataId": 492,
 "url": "http://dropinapp.hearinmusic.com/#/ency?typeId=14&dataId=492"
}