{
 "pageNum": 1,
 "pageSize": 10,
 "params": {},
 "content": "<p></p>\n\r<p></p>\n\r<p></p>\n\r<p></p>",
 "remarks": "本词条内容暂未完善仅供参考，多频百科小编正在火速赶来",
 "remarksEn": "本词条内容暂未完善仅供参考，多频百科小编正在火速赶来",
 "status": 0,
 "clickNum": 0,
 "deleted": 0,
 "lang": 0,
 "chooseLang": false,
 "id": 493,
 "name": "Bhooteshwara Records",
 "descriptions": "\nBhooteshwara is an “entity” made out of few subsidiaries: Record Label, Deco, Audio Mastering, Graphic & Web design, and a full range of Live Acts and DJ Sets which can make your event sound and look great from start to finish. \n\nIt has grown since the beginning – Bhooteshwara started only as a records label back in 2006, formed by Valentino Trenchev (Blisargon Demogorgon), dedicated to signing, marketing and promoting quality night time music and twisted psychedelic acts. \n\nBhooteshwara’s signature sound is not bounded to one style – its made out of variety of different (darker) styles, keeping it powerfull for a good dancefloor experience. \n\nLocated in Skopje, the capital city of Macedonia, Bhooteshwara’s aim is to promote not only established, but also new and upcoming acts, and show them to the world. \n\nBesides releasing music, Bhooteshwara is also focused on organizing parties mostly in Macedonia, but also label parties around the world representing the sounds of Bhooteshwara Records.\n\n",
 "picture": "https://duopin-community.oss-cn-shenzhen.aliyuncs.com/ak78vi0l41kn3vzlilgj.jpg",
 "originalName": "",
 "foundTimeText": "",
 "foundAddress": "North Macedonia",
 "founder": "",
 "parentBrand": "",
 "childBrand": "",
 "majorStyle": "electronic, psy-trance, psychedelic",
 "delegateArtist": "",
 "officialUrl": "",
 "referenceUrl": "https://musicbrainz.org/label/be6a9b24-2fdf-4b54-ba55-0c18d1bba1d4",
 "manageStatusText": "",
 "style": "Electronic, Trance, 其他风格",
 "country": "其他",
 "typeId": 14,
 "typeName": "厂牌",
 "dataId": 493,
 "url": "http://dropinapp.hearinmusic.com/#/ency?typeId=14&dataId=493"
}