{
 "pageNum": 1,
 "pageSize": 10,
 "params": {},
 "content": "<p></p>\n\r<p></p>\n\r<p></p>\n\r<p></p>",
 "remarks": "本词条内容暂未完善仅供参考，多频百科小编正在火速赶来",
 "remarksEn": "本词条内容暂未完善仅供参考，多频百科小编正在火速赶来",
 "status": 0,
 "clickNum": 2,
 "deleted": 0,
 "lang": 0,
 "chooseLang": false,
 "id": 495,
 "name": "Big Bad Riff",
 "descriptions": "\n\r",
 "originalName": "",
 "foundTimeText": "2013-12-01",
 "foundAddress": " United Kingdom",
 "founder": "",
 "parentBrand": "",
 "childBrand": "",
 "majorStyle": " alternative rock, indie, industrial, punk",
 "delegateArtist": "",
 "officialUrl": "",
 "referenceUrl": "https://musicbrainz.org/label/d9131769-f67f-4824-929c-174539b7101e",
 "manageStatusText": "",
 "style": "Industrial, 其他风格",
 "country": "英国",
 "typeId": 14,
 "typeName": "厂牌",
 "dataId": 495,
 "url": "http://dropinapp.hearinmusic.com/#/ency?typeId=14&dataId=495"
}