{
 "pageNum": 1,
 "pageSize": 10,
 "params": {},
 "content": "<p></p>\n\r<p></p>\n\r<p></p>\n\r<p></p>",
 "remarks": "本词条内容暂未完善仅供参考，多频百科小编正在火速赶来",
 "remarksEn": "本词条内容暂未完善仅供参考，多频百科小编正在火速赶来",
 "status": 0,
 "clickNum": 0,
 "deleted": 0,
 "lang": 0,
 "chooseLang": false,
 "id": 497,
 "name": "Big League Records",
 "descriptions": "\n\nA Bay Area company of the Big League Records (3) hip hop label.\n",
 "originalName": "",
 "foundTimeText": "",
 "foundAddress": " United States",
 "founder": "",
 "parentBrand": "",
 "childBrand": "\nBig League Records (3)",
 "majorStyle": "hip hop",
 "delegateArtist": "",
 "officialUrl": "",
 "referenceUrl": "https://musicbrainz.org/label/c3856c02-8e0d-4530-b13e-d87920694509",
 "manageStatusText": "",
 "style": "Hip-hop",
 "country": "美国",
 "typeId": 14,
 "typeName": "厂牌",
 "dataId": 497,
 "url": "http://dropinapp.hearinmusic.com/#/ency?typeId=14&dataId=497"
}