{
 "pageNum": 1,
 "pageSize": 10,
 "params": {},
 "relationEncy": "[{\"id\":36778,\"typeId\":15,\"dataId\":549,\"name\":\"Big Apple Records\",\"url\":\"http://dropinapp.hearinmusic.com/#/ency?typeId=15&dataId=549\"},{\"id\":36477,\"typeId\":13,\"dataId\":150,\"name\":\"Traditional UK Dubstep\",\"url\":\"http://dropinapp.hearinmusic.com/#/ency?typeId=13&dataId=150\"}]",
 "content": "<p>Big Apple Records位于伦敦南部的Dubstep厂牌，由坐落在Croydon区Surrey Street的同名唱片行Big Apple Records Shop发展而来，最初创立人为唱片行老板John Kennedy，绘画艺术家Arthur Smith和DJ Hatcha。Big Apple Records是最早的UK Dubstep代表厂牌之一，与Hatcha，Skream，Benga，Digital Mystikz等艺人合作密切。</p>",
 "remarks": "本词条内容由 @多频百科团队 编辑",
 "remarksEn": "本词条内容暂未完善仅供参考，多频百科小编正在火速赶来",
 "status": 1,
 "clickNum": 1,
 "deleted": 0,
 "lang": 0,
 "chooseLang": false,
 "id": 494,
 "name": "Big Apple Records (Label)",
 "descriptions": "Big Apple Records位于伦敦南部的Dubstep厂牌",
 "picture": "https://duopin-community.oss-cn-shenzhen.aliyuncs.com/6ena7qw7jxdu06ewycsl.jpg",
 "originalName": "",
 "foundTimeText": "1996",
 "foundAddress": "伦敦",
 "founder": "John Kennedy, Arthur Smith, DJ Hatcha",
 "parentBrand": "",
 "childBrand": "",
 "majorStyle": "Dubstep, UK garage",
 "delegateArtist": "",
 "officialUrl": "",
 "referenceUrl": "https://musicbrainz.org/label/af75d3ae-8d74-4467-9b67-7301a4138f16",
 "manageStatusText": "",
 "style": "UK Garage, Dubstep",
 "country": "英国",
 "typeId": 14,
 "typeName": "厂牌",
 "dataId": 494,
 "url": "http://dropinapp.hearinmusic.com/#/ency?typeId=14&dataId=494"
}