{
 "pageNum": 1,
 "pageSize": 10,
 "params": {},
 "content": "<p>&nbsp;</p>\n<p><strong>Big Dada</strong>&nbsp;is a British independent record label imprint distributed by Ninja Tune. It was started by reputed hip hop journalist Will Ashon in 1997. It is best known for being the home of prominent British hip hop artist Roots Manuva, poet and playwright Kate Tempest, grime pioneer Wiley, rapper and designer DELS and Mercury Prize winners Speech Debelle and Young Fathers.</p>\n<p>&nbsp;</p>\n<p>&nbsp;</p>",
 "remarks": "本词条内容暂未完善仅供参考，多频百科小编正在火速赶来",
 "remarksEn": "本词条内容暂未完善仅供参考，多频百科小编正在火速赶来",
 "status": 0,
 "clickNum": 0,
 "deleted": 0,
 "lang": 0,
 "chooseLang": false,
 "id": 496,
 "name": "Big Dada",
 "descriptions": "\nThe company behind the label Big Dada Recordings is Big Dada. \n\nLC-12885\n\n",
 "picture": "https://duopin-community.oss-cn-shenzhen.aliyuncs.com/ca3a5enh21vq87ta3qca.jpg",
 "originalName": "Big Dada Recordings",
 "foundTimeText": "1997",
 "foundAddress": " United Kingdom",
 "founder": "Will Ashon",
 "parentBrand": "\tNinja Tune",
 "childBrand": "",
 "majorStyle": "hip hop",
 "delegateArtist": "",
 "officialUrl": "",
 "referenceUrl": "https://musicbrainz.org/label/1382bfb9-0880-4696-a8ae-1ce2d94ce097",
 "manageStatusText": "",
 "style": "Hip-hop",
 "country": "英国",
 "typeId": 14,
 "typeName": "厂牌",
 "dataId": 496,
 "url": "http://dropinapp.hearinmusic.com/#/ency?typeId=14&dataId=496"
}