{
 "pageNum": 1,
 "pageSize": 10,
 "params": {},
 "content": "<p></p>\n\r<p></p>\n\r<p></p>\n\r<p></p>",
 "remarks": "本词条内容暂未完善仅供参考，多频百科小编正在火速赶来",
 "remarksEn": "本词条内容暂未完善仅供参考，多频百科小编正在火速赶来",
 "status": 0,
 "clickNum": 0,
 "deleted": 0,
 "lang": 0,
 "chooseLang": false,
 "id": 498,
 "name": "Bigger Picture Music",
 "descriptions": "\n\r",
 "picture": "https://duopin-community.oss-cn-shenzhen.aliyuncs.com/8989kftvhimx5ady67is.jpg",
 "originalName": "",
 "foundTimeText": "",
 "foundAddress": "United Kingdom",
 "founder": "",
 "parentBrand": "",
 "childBrand": "",
 "majorStyle": "grime, hip hop",
 "delegateArtist": "",
 "officialUrl": "",
 "referenceUrl": "https://musicbrainz.org/label/53d8ea76-7741-4886-b0a4-a0306eb5d344",
 "manageStatusText": "",
 "style": "UK Garage, Hip-hop",
 "country": "英国",
 "typeId": 14,
 "typeName": "厂牌",
 "dataId": 498,
 "url": "http://dropinapp.hearinmusic.com/#/ency?typeId=14&dataId=498"
}