{
 "pageNum": 1,
 "pageSize": 10,
 "params": {},
 "content": "<p></p>\n\r<p></p>\n\r<p></p>\n\r<p></p>",
 "remarks": "本词条内容暂未完善仅供参考，多频百科小编正在火速赶来",
 "remarksEn": "本词条内容暂未完善仅供参考，多频百科小编正在火速赶来",
 "status": 0,
 "clickNum": 0,
 "deleted": 0,
 "lang": 0,
 "chooseLang": false,
 "id": 500,
 "name": "Bigtyme Recordz",
 "descriptions": "\n\nHip-Hop label based in Houston, Texas.\n",
 "picture": "https://duopin-community.oss-cn-shenzhen.aliyuncs.com/ukmyguv9a0iq8cndamkx.jpg",
 "originalName": "",
 "foundTimeText": "",
 "foundAddress": "",
 "founder": "\tRussell Washington",
 "parentBrand": "",
 "childBrand": "",
 "majorStyle": "hip hop",
 "delegateArtist": "",
 "officialUrl": "",
 "referenceUrl": "https://musicbrainz.org/label/4cc1279e-6e1f-4161-b022-064983ea84cc",
 "manageStatusText": "",
 "style": "Hip-hop",
 "country": "",
 "typeId": 14,
 "typeName": "厂牌",
 "dataId": 500,
 "url": "http://dropinapp.hearinmusic.com/#/ency?typeId=14&dataId=500"
}