{
 "pageNum": 1,
 "pageSize": 10,
 "params": {},
 "content": "<p></p>\n\r<p></p>\n\r<p></p>\n\r<p></p>",
 "remarks": "本词条内容暂未完善仅供参考，多频百科小编正在火速赶来",
 "remarksEn": "本词条内容暂未完善仅供参考，多频百科小编正在火速赶来",
 "status": 0,
 "clickNum": 0,
 "deleted": 0,
 "lang": 0,
 "chooseLang": false,
 "id": 501,
 "name": "Billegal Beats",
 "descriptions": "\n\r",
 "originalName": "",
 "foundTimeText": " 2018-08",
 "foundAddress": "Denver, Colorado, United States",
 "founder": "Mr. Bill ",
 "parentBrand": "",
 "childBrand": "",
 "majorStyle": "glitch, glitch hop, idm",
 "delegateArtist": "",
 "officialUrl": "\thttps://billegalbeats.com/",
 "referenceUrl": "https://musicbrainz.org/label/1603559f-ba60-4ead-a3a6-785736eb24c8",
 "manageStatusText": "",
 "style": "glitch, glitch hop, idm",
 "country": "美国",
 "typeId": 14,
 "typeName": "厂牌",
 "dataId": 501,
 "url": "http://dropinapp.hearinmusic.com/#/ency?typeId=14&dataId=501"
}