{
 "pageNum": 1,
 "pageSize": 10,
 "params": {},
 "content": "<p>&nbsp;</p>\n<p><strong>Binary Audio Machinery Records</strong>, also&nbsp;<strong>BAM Records</strong>, is a Progressive &amp; Psy-Trance label based in Krefeld, Germany, with main focus on the field between Chill-Electro-Progressive and Full-On but open for anything else what is good and has substance.</p>\n<p>BAM Records/FAM Records is a collaboration between a group of old friends and Electronic Music lovers. The concept behind BAM is to provide a platform for artist and friends, not necessarily focused on a particular style but on quality and innovation.</p>\n<p>&nbsp;</p>\n<p>&nbsp;</p>",
 "remarks": "本词条内容暂未完善仅供参考，多频百科小编正在火速赶来",
 "remarksEn": "本词条内容暂未完善仅供参考，多频百科小编正在火速赶来",
 "status": 0,
 "clickNum": 0,
 "deleted": 0,
 "lang": 0,
 "chooseLang": false,
 "id": 502,
 "name": "Binary Audio Machinery",
 "descriptions": "\nBinary Audio Machinery Records, also BAM Records, is a progressive & psytrance label based in Krefeld, Germany, with main focus on the field between Chill-Electro-Progressive and Full-On but open for anything else what is good and has substance. \n\nBAM Records/FAM Records is a collaboration between a group of old friends and Electronic Music lovers. The concept behind BAM is to provide a platform for artist and friends, not necessarily focused on a particular style but on quality and innovation.\n\n",
 "picture": "https://duopin-community.oss-cn-shenzhen.aliyuncs.com/z7k6x6gikbrjf1ukf02v.jpg",
 "originalName": "BAM Records;Binary Audio Machinery Records",
 "foundTimeText": "2011",
 "foundAddress": "Krefeld, Nordrhein-Westfalen, Germany",
 "founder": "",
 "parentBrand": "",
 "childBrand": "",
 "majorStyle": "electronic, psy-trance, psychedelic, psytrance, trance",
 "delegateArtist": "",
 "officialUrl": "http://binaryaudiomachinery.com/",
 "referenceUrl": "",
 "manageStatusText": "",
 "style": "Electronic, Trance, 其他风格",
 "country": "德国",
 "typeId": 14,
 "typeName": "厂牌",
 "dataId": 502,
 "url": "http://dropinapp.hearinmusic.com/#/ency?typeId=14&dataId=502"
}