{
 "pageNum": 1,
 "pageSize": 10,
 "params": {},
 "content": "<p></p>\n\r<p></p>\n\r<p></p>\n\r<p></p>",
 "remarks": "本词条内容暂未完善仅供参考，多频百科小编正在火速赶来",
 "remarksEn": "本词条内容暂未完善仅供参考，多频百科小编正在火速赶来",
 "status": 0,
 "clickNum": 0,
 "deleted": 0,
 "lang": 0,
 "chooseLang": false,
 "id": 503,
 "name": "Bingo Beats",
 "descriptions": "Drum & Bass & Nu Skool Breaks label headed by DJ Zinc.\n\n",
 "picture": "https://duopin-community.oss-cn-shenzhen.aliyuncs.com/rbngrmjhhd95km9qku4r.jpg",
 "originalName": "",
 "foundTimeText": "2000-10",
 "foundAddress": "United Kingdom",
 "founder": "\tBen Pettit",
 "parentBrand": "",
 "childBrand": "",
 "majorStyle": "drum and bass, dubstep, uk garage",
 "delegateArtist": "",
 "officialUrl": "",
 "referenceUrl": "https://musicbrainz.org/label/431dfebe-8f09-477b-af49-930cacd12b86",
 "manageStatusText": "",
 "style": "Drum&Bass, Dubstep, UK Garage",
 "country": "英国",
 "typeId": 14,
 "typeName": "厂牌",
 "dataId": 503,
 "url": "http://dropinapp.hearinmusic.com/#/ency?typeId=14&dataId=503"
}