{
 "pageNum": 1,
 "pageSize": 10,
 "params": {},
 "content": "<p></p>\n\r<p></p>\n\r<p></p>\n\r<p></p>",
 "remarks": "本词条内容暂未完善仅供参考，多频百科小编正在火速赶来",
 "remarksEn": "本词条内容暂未完善仅供参考，多频百科小编正在火速赶来",
 "status": 0,
 "clickNum": 0,
 "deleted": 0,
 "lang": 0,
 "chooseLang": false,
 "id": 504,
 "name": "Bion Glent Records",
 "descriptions": "\n\r",
 "originalName": "",
 "foundTimeText": "",
 "foundAddress": "",
 "founder": "\tRoel Funcken",
 "parentBrand": "",
 "childBrand": "",
 "majorStyle": "idm",
 "delegateArtist": "",
 "officialUrl": "",
 "referenceUrl": "https://musicbrainz.org/label/5d333fd8-c8d3-4d45-b959-573dd4128541",
 "manageStatusText": "",
 "style": "Intelligent Dance Music",
 "country": "",
 "typeId": 14,
 "typeName": "厂牌",
 "dataId": 504,
 "url": "http://dropinapp.hearinmusic.com/#/ency?typeId=14&dataId=504"
}