{
 "pageNum": 1,
 "pageSize": 10,
 "params": {},
 "content": "<p></p>\n\r<p></p>\n\r<p></p>\n\r<p></p>",
 "remarks": "本词条内容暂未完善仅供参考，多频百科小编正在火速赶来",
 "remarksEn": "本词条内容暂未完善仅供参考，多频百科小编正在火速赶来",
 "status": 0,
 "clickNum": 0,
 "deleted": 0,
 "lang": 0,
 "chooseLang": false,
 "id": 505,
 "name": "Birdie",
 "descriptions": "\n\r",
 "originalName": "",
 "foundTimeText": " 2020",
 "foundAddress": "",
 "founder": "\tRamy Khodeir",
 "parentBrand": "",
 "childBrand": "",
 "majorStyle": "hip hop, pop",
 "delegateArtist": "",
 "officialUrl": "",
 "referenceUrl": "https://musicbrainz.org/label/5fd63382-47ba-4afe-9ca1-8abdfe083560",
 "manageStatusText": "",
 "style": "Hip-hop",
 "country": "",
 "typeId": 14,
 "typeName": "厂牌",
 "dataId": 505,
 "url": "http://dropinapp.hearinmusic.com/#/ency?typeId=14&dataId=505"
}