{
 "pageNum": 1,
 "pageSize": 10,
 "params": {},
 "content": "<div>\n<div class=\"document\">\n<p>Bitbird是由Sander van Dijck于2014年在荷兰海牙成立的独立厂牌和创意公司。该厂牌由Sander van Dijck的经理Budi Voogt及其长期朋友和合伙人Thorwald共同经营。Van den Akker也是该品牌的创意总监和联合创始人。</p>\n<p>&nbsp;</p>\n<p>虽然Bitbird主要以发行future bass而闻名，但他们也发行了多种流派，包括古典音乐，R＆B，Trap和电子乐。</p>\n<p>&nbsp;</p>\n<p>Bitbird因发行San Holo，Droeloe，Taska Black，Duskus和BeauDamian的音乐而闻名。</p>\n<p>&nbsp;</p>\n<p><strong>历史</strong></p>\n<p class=\"paragraph text-align-type-left pap-line-1.8 pap-line-rule-auto pap-spacing-before-2pt pap-spacing-after-2pt\" style=\"text-align: justify;\">该厂牌由Sander van Dijck和Thorwald van den Akker于2014年中期创立。Van Dijck表示，创立厂牌的原因之一是因为&ldquo;没有厂牌使我获得我所渴望的全部制作控制权。&rdquo;</p>\n<p class=\"paragraph text-align-type-left pap-line-1.8 pap-line-rule-auto pap-spacing-before-2pt pap-spacing-after-2pt\" style=\"text-align: justify;\">&nbsp;</p>\n<p class=\"paragraph text-align-type-left pap-line-1.8 pap-line-rule-auto pap-spacing-before-2pt pap-spacing-after-2pt\" style=\"text-align: justify;\">2014年7月30日，他们发行了Duskus的第一张单曲&ldquo;The First Route ，并于2015年10月29日重新发行。</p>\n<p class=\"paragraph text-align-type-left pap-line-1.8 pap-line-rule-auto pap-spacing-before-2pt pap-spacing-after-2pt\" style=\"text-align: justify;\">&nbsp;</p>\n<p class=\"paragraph text-align-type-left pap-line-1.8 pap-line-rule-auto pap-spacing-before-2pt pap-spacing-after-2pt\" style=\"text-align: justify;\">2016年7月15日，该唱片公司发行了第一张合辑Gouldian Finch ，主打单曲为San Holo的Still Looking。 Still Looking于2016年6月7日发布，并在其发行后不久，其原始版本就荣登Hype Machine排行榜榜首。</p>\n<p class=\"paragraph text-align-type-left pap-line-1.8 pap-line-rule-auto pap-spacing-before-2pt pap-spacing-after-2pt\" style=\"text-align: justify;\">&nbsp;</p>\n<p class=\"paragraph text-align-type-left pap-line-1.8 pap-line-rule-auto pap-spacing-before-2pt pap-spacing-after-2pt\" style=\"text-align: justify;\">2016年11月22日，该厂牌发行了San Holo的单曲Light，在发行后不久便在Hype Machine排行榜上名列前茅。它还在2016年12月17日的tracking week中Billboard的热舞/电子歌曲的第38名首次亮相，然后在接下来的tracking week上升到第26名，并在12月31日那周跻身前20名。 Light是Bitbird和San Holo第一首上榜Billboard的作品。</p>\n</div>\n</div>",
 "contentEn": "<p>Bitbird (stylised as bitbird) is an independent record label and creative company based in The Hague, Netherlands founded by Sander van Dijck in 2014. The label is jointly run by Sander van Dijck's manager Budi Voogt and his longtime friend and associate Thorwald van den Akker, who is also the label's creative director and co-founder.</p>\n<p>&nbsp;</p>\n<p>While Bitbird is known primarily for releasing the electronic dance music subgenre future bass, they have also released a wide variety of genres including classical music, R&amp;B, trap, and electronica.</p>\n<p>&nbsp;</p>\n<p>Bitbird is most known for releasing music by artists such as San Holo, Droeloe, Taska Black, Duskus, and BeauDamian.</p>\n<p>&nbsp;</p>\n<p><strong>History </strong></p>\n<p>The label was founded in mid-2014 by childhood friends Sander van Dijck and Thorwald van den Akker. van Dijck stated that one of the reasons for starting the label was because 'no label has ever given me that full creative control I crave.'</p>\n<p>On 30 July 2014, they released their first single \"The First Route\" by Duskus which they redistributed on 29 October 2015.</p>\n<p>&nbsp;</p>\n<p>On 15 July 2016, the label released its first ever compilation album \"Gouldian Finch\" with lead single \"Still Looking\" by San Holo. \"Still Looking\" was released on 7 June 2016 and topped the Hype Machine charts for original releases shortly after its release.</p>\n<p>&nbsp;</p>\n<p>On 22 November 2016, the label released the single \"Light\" by San Holo which topped the Hype Machine charts shortly after its release. It also debuted on the Billboard Hot Dance/Electronic songs in #38 the tracking week of 17 December 2016 before rising to #26 the following tracking week and breaking into the top 20 the week of 31 December. \"Light\" marked the first bitbird and San Holo release to chart on any Billboard charts.</p>\n<p>&nbsp;</p>",
 "remarks": "本词条汉字内容由 @多频百科团队 翻译+编辑\n原文译自 https://en.wikipedia.org/wiki/Bitbird",
 "remarksEn": "本词条内容来自 https://en.wikipedia.org/wiki/Bitbird",
 "status": 1,
 "clickNum": 100,
 "deleted": 0,
 "lang": 0,
 "chooseLang": true,
 "id": 32,
 "name": "Bitbird",
 "descriptions": "Bitbird是由Sander van Dijck于2014年在荷兰海牙成立的独立厂牌和创意公司。该厂牌由Sander van Dijck的经理Budi Voogt及其长期朋友和合伙人Thorwald共同经营。Van den Akker也是该品牌的创意总监和联合创始人。\n\n虽然Bitbird主要以发行future bass而闻名，但他们也发行了多种流派，包括古典音乐，R＆B，Trap和电子乐。\n\nBitbird因发行San Holo，Droeloe，Taska Black，Duskus和BeauDamian的音乐而闻名。",
 "picture": "https://duopin-community.oss-cn-shenzhen.aliyuncs.com/1kgtikvayskezx09nwgu.png",
 "originalName": "像素鸟, 鸟厂",
 "foundTimeText": "2013",
 "foundAddress": "The Hague, South Holland, Netherlands",
 "founder": "Sander van DijckThorwald van den Akker",
 "parentBrand": "",
 "childBrand": "",
 "majorStyle": "Electronic dance music, future bass, trap",
 "delegateArtist": "Sander van Dijck\nThorwald van den Akker\nBudi Voogt",
 "officialUrl": "bitbirdofficial.com",
 "referenceUrl": "https://en.wikipedia.org/wiki/Bitbird",
 "manageStatusText": "运营中",
 "style": "Electronic dance music, future bass, trap",
 "country": "荷兰",
 "typeId": 14,
 "typeName": "厂牌",
 "dataId": 32,
 "url": "http://dropinapp.hearinmusic.com/#/ency?typeId=14&dataId=32"
}