{
 "pageNum": 1,
 "pageSize": 10,
 "params": {},
 "content": "<p></p>\n\r<p></p>\n\r<p></p>\n\r<p></p>",
 "remarks": "本词条内容暂未完善仅供参考，多频百科小编正在火速赶来",
 "remarksEn": "本词条内容暂未完善仅供参考，多频百科小编正在火速赶来",
 "status": 0,
 "clickNum": 0,
 "deleted": 0,
 "lang": 0,
 "chooseLang": false,
 "id": 506,
 "name": "Bitch-Core-Recordz",
 "descriptions": "\n\r",
 "originalName": "",
 "foundTimeText": "",
 "foundAddress": " Germany",
 "founder": "",
 "parentBrand": "",
 "childBrand": "",
 "majorStyle": "hip hop, horrorcore",
 "delegateArtist": "",
 "officialUrl": "",
 "referenceUrl": "https://musicbrainz.org/label/3d80dac6-5952-48e4-996c-a66f009f5b87/aliases",
 "manageStatusText": "",
 "style": "Hip-hop, 其他风格",
 "country": "",
 "typeId": 14,
 "typeName": "厂牌",
 "dataId": 506,
 "url": "http://dropinapp.hearinmusic.com/#/ency?typeId=14&dataId=506"
}