{
 "pageNum": 1,
 "pageSize": 10,
 "params": {},
 "content": "<p></p>\n\r<p></p>\n\r<p></p>\n\r<p></p>",
 "remarks": "本词条内容暂未完善仅供参考，多频百科小编正在火速赶来",
 "remarksEn": "本词条内容暂未完善仅供参考，多频百科小编正在火速赶来",
 "status": 0,
 "clickNum": 0,
 "deleted": 0,
 "lang": 0,
 "chooseLang": false,
 "id": 507,
 "name": "Bitten Twice",
 "descriptions": "\nExperimental rave collective dedicated to promoting strange sounds and unconventional rhythms. \nBased in Dublin, Ireland + Philadelphia, PA.\n\n",
 "picture": "https://duopin-community.oss-cn-shenzhen.aliyuncs.com/pr6868kk3w1p0jzu5v5j.jpg",
 "originalName": "",
 "foundTimeText": "",
 "foundAddress": "Dublin, County Dublin, Leinster, Ireland",
 "founder": "",
 "parentBrand": "",
 "childBrand": "",
 "majorStyle": "rave",
 "delegateArtist": "",
 "officialUrl": "",
 "referenceUrl": "https://musicbrainz.org/label/e5185a3f-fce4-4d2c-889d-01df86692b23",
 "manageStatusText": "",
 "style": "其他风格",
 "country": "其他",
 "typeId": 14,
 "typeName": "厂牌",
 "dataId": 507,
 "url": "http://dropinapp.hearinmusic.com/#/ency?typeId=14&dataId=507"
}