{
 "pageNum": 1,
 "pageSize": 10,
 "params": {},
 "content": "<p></p>\n\r<p></p>\n\r<p></p>\n\r<p></p>",
 "remarks": "本词条内容暂未完善仅供参考，多频百科小编正在火速赶来",
 "remarksEn": "本词条内容暂未完善仅供参考，多频百科小编正在火速赶来",
 "status": 0,
 "clickNum": 0,
 "deleted": 0,
 "lang": 0,
 "chooseLang": false,
 "id": 508,
 "name": "Bivác Records",
 "descriptions": "\nFounded in 2016, Bivác Records (in Persian: بیواک رکوردز) is an independent record label, music production record label and Mastering studio Based in Tehran; With an intention of producing music beyond words and languages – with a vision beyond the idea of right or wrong. \n“Bivác” name is consisted of \n“Bi بی” - which originally means “without” in Persian - \nand “Vác واج” - which means “voice” probably with different origins around the globe -. \nWithout any geographic restrictions, Bivác Records is mainly focused on working with independent artists, composers, musicians to produce studio quality records and has its own characteristics in the world of Mastering. Although the genre of music has never been an issue of filtering, Bivác is mainly more interested in Contemporary Classical and Electronic Music.\n\n",
 "picture": "https://duopin-community.oss-cn-shenzhen.aliyuncs.com/kcbtdbila1a7kw28kb8f.jpg",
 "originalName": "",
 "foundTimeText": "2016-02-19",
 "foundAddress": "",
 "founder": "\tPedram Babaiee",
 "parentBrand": "",
 "childBrand": "",
 "majorStyle": "classical, contemporary classical, electronic",
 "delegateArtist": "",
 "officialUrl": "",
 "referenceUrl": "https://musicbrainz.org/label/964b844d-c7e8-4cb3-b090-15c4f6e1bc22",
 "manageStatusText": "",
 "style": "Electronic, 其他风格",
 "country": "",
 "typeId": 14,
 "typeName": "厂牌",
 "dataId": 508,
 "url": "http://dropinapp.hearinmusic.com/#/ency?typeId=14&dataId=508"
}