{
 "pageNum": 1,
 "pageSize": 10,
 "params": {},
 "content": "<p></p>\n\r<p></p>\n\r<p></p>\n\r<p></p>",
 "remarks": "本词条内容暂未完善仅供参考，多频百科小编正在火速赶来",
 "remarksEn": "本词条内容暂未完善仅供参考，多频百科小编正在火速赶来",
 "status": 0,
 "clickNum": 0,
 "deleted": 0,
 "lang": 0,
 "chooseLang": false,
 "id": 520,
 "name": "BlackLine Records",
 "descriptions": "\n\r",
 "picture": "https://duopin-community.oss-cn-shenzhen.aliyuncs.com/euxxqjuem8upei3itp45.jpg",
 "originalName": "",
 "foundTimeText": "",
 "foundAddress": "Germany",
 "founder": "",
 "parentBrand": "",
 "childBrand": "",
 "majorStyle": "hip hop",
 "delegateArtist": "",
 "officialUrl": "",
 "referenceUrl": "https://musicbrainz.org/label/7f0619cd-f935-4b1e-adc7-8293ad1d5b8d/aliases",
 "manageStatusText": "",
 "style": "Hip-hop",
 "country": "德国",
 "typeId": 14,
 "typeName": "厂牌",
 "dataId": 520,
 "url": "http://dropinapp.hearinmusic.com/#/ency?typeId=14&dataId=520"
}