{
 "pageNum": 1,
 "pageSize": 10,
 "params": {},
 "content": "<p></p>\n\r<p></p>\n\r<p></p>\n\r<p></p>",
 "remarks": "本词条内容暂未完善仅供参考，多频百科小编正在火速赶来",
 "remarksEn": "本词条内容暂未完善仅供参考，多频百科小编正在火速赶来",
 "status": 0,
 "clickNum": 0,
 "deleted": 0,
 "lang": 0,
 "chooseLang": false,
 "id": 522,
 "name": "Blackstar Recordings",
 "descriptions": "\n\r",
 "originalName": "",
 "foundTimeText": "",
 "foundAddress": "",
 "founder": "",
 "parentBrand": "",
 "childBrand": "",
 "majorStyle": "hip hop",
 "delegateArtist": "",
 "officialUrl": "",
 "referenceUrl": "https://musicbrainz.org/label/0de9a3f8-e191-4df4-8b91-6a035a4eff03",
 "manageStatusText": "",
 "style": "Hip-hop",
 "country": "",
 "typeId": 14,
 "typeName": "厂牌",
 "dataId": 522,
 "url": "http://dropinapp.hearinmusic.com/#/ency?typeId=14&dataId=522"
}