{
 "pageNum": 1,
 "pageSize": 10,
 "params": {},
 "content": "<p></p>\n\r<p></p>\n\r<p></p>\n\r<p></p>",
 "remarks": "本词条内容暂未完善仅供参考，多频百科小编正在火速赶来",
 "remarksEn": "本词条内容暂未完善仅供参考，多频百科小编正在火速赶来",
 "status": 0,
 "clickNum": 0,
 "deleted": 0,
 "lang": 0,
 "chooseLang": false,
 "id": 523,
 "name": "Blackwing Records",
 "descriptions": "\n\r",
 "originalName": "",
 "foundTimeText": "2008-05-01",
 "foundAddress": "United Kingdom",
 "founder": "",
 "parentBrand": "",
 "childBrand": "",
 "majorStyle": "electronic",
 "delegateArtist": "",
 "officialUrl": "\thttp://www.blackwingrecords.com/",
 "referenceUrl": "https://musicbrainz.org/label/9f6df790-0a87-4d6e-876b-9a1a4de51efa",
 "manageStatusText": "",
 "style": "Electronic",
 "country": "英国",
 "typeId": 14,
 "typeName": "厂牌",
 "dataId": 523,
 "url": "http://dropinapp.hearinmusic.com/#/ency?typeId=14&dataId=523"
}