{
 "pageNum": 1,
 "pageSize": 10,
 "params": {},
 "content": "<div>\n<div class=\"document\">\n<p class=\"paragraph text-align-type-left pap-line-1.8 pap-line-rule-auto pap-spacing-before-2pt pap-spacing-after-2pt\" style=\"text-align: justify;\">Black Butter Records是英国厂牌总部设在英国伦敦，由Olly Wood、Henry Village和Joe Gossa 于2010年成立， 投资额为5,000英镑，并以具有相同名称的调味品品牌命名。最初的目的是作为与Stackhouse Management签约的音乐家的出路，以及针对其他&ldquo;流派特定&rdquo;厂牌的回应。</p>\n<p class=\"paragraph text-align-type-left pap-line-1.8 pap-line-rule-auto pap-spacing-before-2pt pap-spacing-after-2pt\" style=\"text-align: justify;\">&nbsp;</p>\n<p class=\"paragraph text-align-type-left pap-line-1.8 pap-line-rule-auto pap-spacing-before-2pt pap-spacing-after-2pt\" style=\"text-align: justify;\">厂牌发行的大多是单曲 ，并发行了一些艺术家的首发，包括Clean Bandit、Rudimental、（后两者已与华纳签约）和 Jessie Ware（后来与环球签约）。在2012年Independent Music Awards中，它被授予&ldquo;Best Small Label&rdquo;的称号，并被描述为英国电子音乐界的&ldquo;枢纽&rdquo;。</p>\n<p class=\"paragraph text-align-type-left pap-line-1.8 pap-line-rule-auto pap-spacing-before-2pt pap-spacing-after-2pt\" style=\"text-align: justify;\">&nbsp;</p>\n</div>\n</div>\n<p><strong>艺人</strong></p>\n<p>Clean Bandit<br />Rudimental</p>\n<p>&nbsp;</p>\n<div>\n<div class=\"document\">&nbsp;</div>\n</div>\n<p>&nbsp;</p>",
 "contentEn": "<div>\n<div class=\"document\">\n<p class=\"paragraph text-align-type-left pap-line-1.8 pap-line-rule-auto pap-spacing-before-2pt pap-spacing-after-2pt\" style=\"text-align: left; line-height: 180%; margin-top: 2.6666666666666665px; margin-bottom: 2.6666666666666665px;\"><span style=\"font-size: 11pt; font-family: SF Pro,PingFang SC,Microsoft YaHei,微软雅黑,Noto Sans CJK SC,sans-serif,Roboto,Droid Sans,Helvetica,Tahoma,Arial,Hiragino Sans GB,Heiti SC; font-weight: 400; font-style: normal; ;color: #111; background: transparent; letter-spacing: 0pt; vertical-align: baseline; white-space: pre;\">Black Butter Records is a British record label based in London, England. It was founded in 2010 by Olly Wood, Henry Village and Joe Gossa, with an investment of &pound;5,000, and was named after a brand of condiments that had the same name. It was intended initially as an outlet for musicians who were signed to their artist management company, Stackhouse Management, and as a reaction against other labels that were \"genre specific\".</span></p>\n<p class=\"paragraph text-align-type-left pap-line-1.8 pap-line-rule-auto pap-spacing-before-2pt pap-spacing-after-2pt\" style=\"text-align: left; line-height: 180%; margin-top: 2.6666666666666665px; margin-bottom: 2.6666666666666665px;\">&nbsp;</p>\n<p class=\"paragraph text-align-type-left pap-line-1.8 pap-line-rule-auto pap-spacing-before-2pt pap-spacing-after-2pt\" style=\"text-align: left; line-height: 180%; margin-top: 2.6666666666666665px; margin-bottom: 2.6666666666666665px;\"><span style=\"font-size: 11pt; font-family: SF Pro,PingFang SC,Microsoft YaHei,微软雅黑,Noto Sans CJK SC,sans-serif,Roboto,Droid Sans,Helvetica,Tahoma,Arial,Hiragino Sans GB,Heiti SC; font-weight: 400; font-style: normal; ;color: #111; background: transparent; letter-spacing: 0pt; vertical-align: baseline; white-space: pre;\">The label releases mostly singles, and has put out the first releases of artists including Clean Bandit, Rudimental, (both later signed with Warner) and Jessie Ware (later signed with Universal). It was awarded 'Best Small Label' at the 2012 Association of Independent Music Awards, and has been described as a \"hub\" of the British electronic music scene.</span></p>\n<p class=\"paragraph text-align-type-left pap-line-1.8 pap-line-rule-auto pap-spacing-before-2pt pap-spacing-after-2pt\" style=\"text-align: left; line-height: 180%; margin-top: 2.6666666666666665px; margin-bottom: 2.6666666666666665px;\">&nbsp;</p>\n<p><strong>Artists</strong></p>\n<p>Clean Bandit<br />Rudimental</p>\n<p class=\"paragraph text-align-type-left pap-line-1.8 pap-line-rule-auto pap-spacing-before-2pt pap-spacing-after-2pt\" style=\"text-align: left; line-height: 180%; margin-top: 2.6666666666666665px; margin-bottom: 2.6666666666666665px;\">&nbsp;</p>\n</div>\n</div>",
 "remarks": "本词条汉字内容由 @多频百科团队 翻译+编辑\n原文译自 https://en.wikipedia.org/wiki/Black_Butter_Records",
 "remarksEn": "本词条内容来自 https://en.wikipedia.org/wiki/Black_Butter_Records",
 "status": 1,
 "clickNum": 10,
 "deleted": 0,
 "lang": 0,
 "chooseLang": true,
 "id": 33,
 "name": "Black Butter Records",
 "descriptions": "Black Butter Records是英国厂牌总部设在英国伦敦，由Olly Wood、Henry Village和Joe Gossa 于2010年成立， 投资额为5,000英镑，并以具有相同名称的调味品品牌命名。最初的目的是作为与Stackhouse Management签约的音乐家的出路，以及针对其他“流派特定”厂牌的回应。",
 "picture": "https://duopin-community.oss-cn-shenzhen.aliyuncs.com/oj1bdm69heo6l0kd5ik5.png",
 "originalName": "",
 "foundTimeText": "2010",
 "foundAddress": "London, England",
 "founder": "Olly WoodHenry VillageJoe Gossa",
 "parentBrand": "",
 "childBrand": "",
 "majorStyle": "Electronichip hop",
 "delegateArtist": "Clean Bandit\nRudimental",
 "officialUrl": "black-butter.co.uk",
 "referenceUrl": "https://en.wikipedia.org/wiki/Black_Butter_Records",
 "manageStatusText": "运营中",
 "style": "Electronichip hop",
 "country": "英国",
 "typeId": 14,
 "typeName": "厂牌",
 "dataId": 33,
 "url": "http://dropinapp.hearinmusic.com/#/ency?typeId=14&dataId=33"
}