{
 "pageNum": 1,
 "pageSize": 10,
 "params": {},
 "content": "<p></p>\n\r<p></p>\n\r<p></p>\n\r<p></p>",
 "remarks": "本词条内容暂未完善仅供参考，多频百科小编正在火速赶来",
 "remarksEn": "本词条内容暂未完善仅供参考，多频百科小编正在火速赶来",
 "status": 0,
 "clickNum": 0,
 "deleted": 0,
 "lang": 0,
 "chooseLang": false,
 "id": 516,
 "name": "Black Reflections Records",
 "descriptions": "\nBlack Reflections Records is a Madrid based label that specializes in atmospheric, rolling and deep Drum & Bass. \nOur main goal is to express a notion of music as a mixture of tendencies / influences as well as to show the connection with different artistic ways of expression, especially those connected with the roots of Black music and the evolution inside electronic music. \n\nOneness of men. The rhythm of the heart. \nBlack Reflections - Created and promoted by Arp-1, Kp and Daniel Gr.\n\n",
 "picture": "https://duopin-community.oss-cn-shenzhen.aliyuncs.com/w4sssi6xrok501e8txkf.jpg",
 "originalName": "",
 "foundTimeText": "",
 "foundAddress": "Madrid, Comunidad de Madrid, Spain",
 "founder": "",
 "parentBrand": "",
 "childBrand": "",
 "majorStyle": "drum and bass",
 "delegateArtist": "",
 "officialUrl": "",
 "referenceUrl": "https://musicbrainz.org/label/112ad775-bd16-403a-8fbb-cb0d276413bd",
 "manageStatusText": "",
 "style": "Drum&Bass",
 "country": "其他",
 "typeId": 14,
 "typeName": "厂牌",
 "dataId": 516,
 "url": "http://dropinapp.hearinmusic.com/#/ency?typeId=14&dataId=516"
}