{
 "pageNum": 1,
 "pageSize": 10,
 "params": {},
 "content": "<p></p>\n\r<p></p>\n\r<p></p>\n\r<p></p>",
 "remarks": "本词条内容暂未完善仅供参考，多频百科小编正在火速赶来",
 "remarksEn": "本词条内容暂未完善仅供参考，多频百科小编正在火速赶来",
 "status": 0,
 "clickNum": 0,
 "deleted": 0,
 "lang": 0,
 "chooseLang": false,
 "id": 513,
 "name": "Black Flag Records",
 "descriptions": "",
 "originalName": "",
 "foundTimeText": "",
 "foundAddress": "",
 "founder": "",
 "parentBrand": "",
 "childBrand": "",
 "majorStyle": "hip hop",
 "delegateArtist": "",
 "officialUrl": "",
 "referenceUrl": "https://musicbrainz.org/label/7ea7f92b-527d-4af6-8ad7-150f65174c8d",
 "manageStatusText": "",
 "style": "Hip-hop",
 "country": "",
 "typeId": 14,
 "typeName": "厂牌",
 "dataId": 513,
 "url": "http://dropinapp.hearinmusic.com/#/ency?typeId=14&dataId=513"
}