{
 "pageNum": 1,
 "pageSize": 10,
 "params": {},
 "content": "<p><strong>Blacksmith</strong>&nbsp;is a music management company and a record label founded by Harlem born Corey Smyth and Talib Kweli of Black Star. Signees include Jean Grae, Strong Arm Steady and Idle Warship and Kweli has stated he hopes to sign Camp Lo and had expressed interest in Rakim. Talib Kweli announced that there will be a 'BlackSmith TV' where people will get information about the label. The label was originally distributed through Warner Bros. Records but split in December 2008. Talib did confirm to AllHipHop.com that Warner Bros. would still distribute Reflection Eternal &amp; Talib Kweli projects but not any other Blacksmith acts. It's now believed that the label has distribution through Element 9/Fontana with Strong Arm Steady latest project and Idle Warship's upcoming debut album said to have distribution through them. As of 2012 the label is defunct and was disbanded after Kweli's manager decided to focus the Blacksmith brand elsewhere rather than the label. Blacksmith management is currently home to artists such as Chad Hugo, and Vince Staples, among others.</p>\n<p>&nbsp;</p>\n<p>&nbsp;</p>\n<p>&nbsp;</p>",
 "remarks": "本词条内容暂未完善仅供参考，多频百科小编正在火速赶来",
 "remarksEn": "本词条内容暂未完善仅供参考，多频百科小编正在火速赶来",
 "status": 0,
 "clickNum": 0,
 "deleted": 0,
 "lang": 0,
 "chooseLang": false,
 "id": 521,
 "name": "Blacksmith Music",
 "descriptions": "\nHip hop label from NYC.\n\n",
 "picture": "https://duopin-community.oss-cn-shenzhen.aliyuncs.com/78yygngv3u6630te9yh1.jpg",
 "originalName": "",
 "foundTimeText": "2005",
 "foundAddress": "United States",
 "founder": "\tTalib Kweli",
 "parentBrand": "\tWarner Music Group",
 "childBrand": "",
 "majorStyle": "hip hop",
 "delegateArtist": "",
 "officialUrl": "\thttp://blacksmithnyc.com/",
 "referenceUrl": "https://musicbrainz.org/label/dd3e79ca-9816-44f6-93f0-882d535e0898",
 "manageStatusText": "",
 "style": "Hip-hop",
 "country": "美国",
 "typeId": 14,
 "typeName": "厂牌",
 "dataId": 521,
 "url": "http://dropinapp.hearinmusic.com/#/ency?typeId=14&dataId=521"
}