{
 "pageNum": 1,
 "pageSize": 10,
 "params": {},
 "content": "<p></p>\n\r<p></p>\n\r<p></p>\n\r<p></p>",
 "remarks": "本词条内容暂未完善仅供参考，多频百科小编正在火速赶来",
 "remarksEn": "本词条内容暂未完善仅供参考，多频百科小编正在火速赶来",
 "status": 0,
 "clickNum": 0,
 "deleted": 0,
 "lang": 0,
 "chooseLang": false,
 "id": 514,
 "name": "Black Knight Enterprises",
 "descriptions": "\n\r",
 "originalName": "",
 "foundTimeText": "",
 "foundAddress": "",
 "founder": "",
 "parentBrand": "",
 "childBrand": "",
 "majorStyle": "hip hop",
 "delegateArtist": "",
 "officialUrl": "",
 "referenceUrl": "https://musicbrainz.org/label/fed12bcc-d427-4761-8f75-b1632c8a0616/aliases",
 "manageStatusText": "",
 "style": "Hip-hop",
 "country": "",
 "typeId": 14,
 "typeName": "厂牌",
 "dataId": 514,
 "url": "http://dropinapp.hearinmusic.com/#/ency?typeId=14&dataId=514"
}