{
 "pageNum": 1,
 "pageSize": 10,
 "params": {},
 "content": "<p></p>\n\r<p></p>\n\r<p></p>\n\r<p></p>",
 "remarks": "本词条内容暂未完善仅供参考，多频百科小编正在火速赶来",
 "remarksEn": "本词条内容暂未完善仅供参考，多频百科小编正在火速赶来",
 "status": 0,
 "clickNum": 0,
 "deleted": 0,
 "lang": 0,
 "chooseLang": false,
 "id": 515,
 "name": "Black Market Records",
 "descriptions": "\nA hip hop/rap label based in Sacramento, California. Co-owned by Cedric \"CedSing\" Singleton. Founded by Cedric Singleton and Robert Foster (4) in 1989. The label is still active and being pushed by Cedric himself gathering new local talent.\n\n",
 "picture": "https://duopin-community.oss-cn-shenzhen.aliyuncs.com/flixpra56dixa01oy7ex.jpg",
 "originalName": "",
 "foundTimeText": "",
 "foundAddress": "United States",
 "founder": "",
 "parentBrand": "",
 "childBrand": "\nBlack Market Blue",
 "majorStyle": "gangsta rap, hip hop",
 "delegateArtist": "",
 "officialUrl": "\thttp://www.blackmarket247.com/ ",
 "referenceUrl": "https://musicbrainz.org/label/0622956c-ebb8-4036-abbf-e14ca2c31743",
 "manageStatusText": "",
 "style": "Hip-hop",
 "country": "美国",
 "typeId": 14,
 "typeName": "厂牌",
 "dataId": 515,
 "url": "http://dropinapp.hearinmusic.com/#/ency?typeId=14&dataId=515"
}