{
 "pageNum": 1,
 "pageSize": 10,
 "params": {},
 "content": "<p></p>\n\r<p></p>\n\r<p></p>\n\r<p></p>",
 "remarks": "本词条内容暂未完善仅供参考，多频百科小编正在火速赶来",
 "remarksEn": "本词条内容暂未完善仅供参考，多频百科小编正在火速赶来",
 "status": 0,
 "clickNum": 0,
 "deleted": 0,
 "lang": 0,
 "chooseLang": false,
 "id": 518,
 "name": "Black Tab Audio",
 "descriptions": "\n\r",
 "originalName": "",
 "foundTimeText": "",
 "foundAddress": "Canada",
 "founder": "",
 "parentBrand": "",
 "childBrand": "",
 "majorStyle": "hip hop",
 "delegateArtist": "",
 "officialUrl": "",
 "referenceUrl": "https://musicbrainz.org/label/64b99362-0e97-4cf7-b0b2-72e85811e0a3",
 "manageStatusText": "",
 "style": "Hip-hop",
 "country": "加拿大",
 "typeId": 14,
 "typeName": "厂牌",
 "dataId": 518,
 "url": "http://dropinapp.hearinmusic.com/#/ency?typeId=14&dataId=518"
}