{
 "pageNum": 1,
 "pageSize": 10,
 "params": {},
 "content": "<p></p>\n\r<p></p>\n\r<p></p>\n\r<p></p>",
 "remarks": "本词条内容暂未完善仅供参考，多频百科小编正在火速赶来",
 "remarksEn": "本词条内容暂未完善仅供参考，多频百科小编正在火速赶来",
 "status": 0,
 "clickNum": 5,
 "deleted": 0,
 "lang": 0,
 "chooseLang": false,
 "id": 512,
 "name": "Black Feathers",
 "descriptions": "",
 "originalName": "Black Feathers Rec",
 "foundTimeText": "",
 "foundAddress": "Milan, Milano, Lombardia, Italy",
 "founder": "",
 "parentBrand": "",
 "childBrand": "",
 "majorStyle": "",
 "delegateArtist": "",
 "officialUrl": "\thttps://www.blackfeathersrecords.com/",
 "referenceUrl": "https://musicbrainz.org/label/74ab7139-9c5d-403e-8e00-98cd73882007",
 "manageStatusText": "",
 "style": "",
 "country": "意大利",
 "typeId": 14,
 "typeName": "厂牌",
 "dataId": 512,
 "url": "http://dropinapp.hearinmusic.com/#/ency?typeId=14&dataId=512"
}