{
 "pageNum": 1,
 "pageSize": 10,
 "params": {},
 "content": "<p>Label owned by&nbsp;Larry Blackwell (3), which distributed a number of historic jazz broadcasts, live recordings and compilations, in addition to gospel and blues. Ceased operations circa 1998-2000 after he sold his tapes.</p>\n<p>&nbsp;</p>\n<p>&nbsp;</p>",
 "remarks": "本词条内容暂未完善仅供参考，多频百科小编正在火速赶来",
 "remarksEn": "本词条内容暂未完善仅供参考，多频百科小编正在火速赶来",
 "status": 0,
 "clickNum": 4,
 "deleted": 0,
 "lang": 0,
 "chooseLang": false,
 "id": 1274,
 "name": "Black Label",
 "descriptions": "\n\r",
 "picture": "https://duopin-community.oss-cn-shenzhen.aliyuncs.com/mou500wk7aeaucz1p7j5.jpg",
 "originalName": "",
 "foundTimeText": "2014",
 "foundAddress": "Collegedale, Tennessee, United States",
 "founder": " Larry Blackwell",
 "parentBrand": "",
 "childBrand": "Jazz Series",
 "majorStyle": "riddim dubstep",
 "delegateArtist": "",
 "officialUrl": "",
 "referenceUrl": "",
 "manageStatusText": "",
 "style": "Dubstep",
 "country": "美国",
 "typeId": 14,
 "typeName": "厂牌",
 "dataId": 1274,
 "url": "http://dropinapp.hearinmusic.com/#/ency?typeId=14&dataId=1274"
}