{
 "pageNum": 1,
 "pageSize": 10,
 "params": {},
 "content": "<p>（维普百科）</p>\n<p><strong>Black Sun Empire Recordings</strong>&nbsp;je holandsk&eacute; drum and bassov&eacute; hudobn&eacute; vydavateľstvo, ktor&eacute; založili Micha Heyboer, Milan Heyboer a Rene Verdult zo skupiny Black Sun Empire. Vydavateľstvo vyd&aacute;va predov&scaron;etk&yacute;m hudbu jeho majiteľov, av&scaron;ak medzi interpretov, ktor&yacute;ch hudbu vyd&aacute;va patria aj Ill.Skillz, SKC, Kemal, Eye-D a mnoho ďal&scaron;&iacute;ch. Sub-vydavateľstvo oBSEssions vyd&aacute;va hlavne hudbu ostatn&yacute;ch interpretov.</p>\n<p>Vydavateľstvo vyd&aacute;va predov&scaron;etk&yacute;m drum and bassov&uacute; hudbu, pričom sa &scaron;pecializuje na subž&aacute;ner neurofunk.</p>\n<p>&nbsp;</p>\n<p>&nbsp;</p>",
 "remarks": "本词条内容暂未完善仅供参考，多频百科小编正在火速赶来",
 "remarksEn": "本词条内容暂未完善仅供参考，多频百科小编正在火速赶来",
 "status": 0,
 "clickNum": 0,
 "deleted": 0,
 "lang": 0,
 "chooseLang": false,
 "id": 517,
 "name": "Black Sun Empire",
 "descriptions": "\n\nDutch drum & bass label.\n",
 "picture": "https://duopin-community.oss-cn-shenzhen.aliyuncs.com/qni58zm6y6ac978ha1zq.jpg",
 "originalName": "Black Sun Empire Recordings；BSE Limited",
 "foundTimeText": "",
 "foundAddress": "Netherlands, Kingdom of the Netherlands",
 "founder": "",
 "parentBrand": "",
 "childBrand": "\nBlackout Music NL, Obsessions, Shadows Of The Empire",
 "majorStyle": "drum and bass",
 "delegateArtist": "",
 "officialUrl": "",
 "referenceUrl": "https://musicbrainz.org/label/1c8e6726-b070-40e1-9aec-8e87a62410f1/aliases",
 "manageStatusText": "",
 "style": "Drum&Bass",
 "country": "荷兰",
 "typeId": 14,
 "typeName": "厂牌",
 "dataId": 517,
 "url": "http://dropinapp.hearinmusic.com/#/ency?typeId=14&dataId=517"
}