{
 "pageNum": 1,
 "pageSize": 10,
 "params": {},
 "content": "<p></p>\n\r<p></p>\n\r<p></p>\n\r<p></p>",
 "remarks": "本词条内容暂未完善仅供参考，多频百科小编正在火速赶来",
 "remarksEn": "本词条内容暂未完善仅供参考，多频百科小编正在火速赶来",
 "status": 0,
 "clickNum": 0,
 "deleted": 0,
 "lang": 0,
 "chooseLang": false,
 "id": 524,
 "name": "BLEEPSTREET Records",
 "descriptions": "\n\r",
 "originalName": "",
 "foundTimeText": "",
 "foundAddress": "Europe",
 "founder": "",
 "parentBrand": "",
 "childBrand": "",
 "majorStyle": "chiptune, electronic",
 "delegateArtist": "",
 "officialUrl": "\thttp://www.bleepstreet.com/",
 "referenceUrl": "https://musicbrainz.org/label/3fa36638-4c74-48de-9228-15ea788a4673",
 "manageStatusText": "",
 "style": "Electronic, 其他风格",
 "country": "其他",
 "typeId": 14,
 "typeName": "厂牌",
 "dataId": 524,
 "url": "http://dropinapp.hearinmusic.com/#/ency?typeId=14&dataId=524"
}