{
 "pageNum": 1,
 "pageSize": 10,
 "params": {},
 "content": "<p></p>\n\r<p></p>\n\r<p></p>\n\r<p></p>",
 "remarks": "本词条内容暂未完善仅供参考，多频百科小编正在火速赶来",
 "remarksEn": "本词条内容暂未完善仅供参考，多频百科小编正在火速赶来",
 "status": 0,
 "clickNum": 0,
 "deleted": 0,
 "lang": 0,
 "chooseLang": false,
 "id": 525,
 "name": "Bloc Records",
 "descriptions": "\n\n\nElectronic music label based in Lyon (France).",
 "picture": "https://duopin-community.oss-cn-shenzhen.aliyuncs.com/j883837m3ievn6fh3rm5.jpg",
 "originalName": "",
 "foundTimeText": "",
 "foundAddress": "Lyon, Rhône, Auvergne-Rhône-Alpes, France",
 "founder": "",
 "parentBrand": "",
 "childBrand": "",
 "majorStyle": "house",
 "delegateArtist": "",
 "officialUrl": "",
 "referenceUrl": "https://musicbrainz.org/label/52e3ab90-b9af-42b7-bc8f-4d431d7cb5b2",
 "manageStatusText": "",
 "style": "House",
 "country": "法国",
 "typeId": 14,
 "typeName": "厂牌",
 "dataId": 525,
 "url": "http://dropinapp.hearinmusic.com/#/ency?typeId=14&dataId=525"
}