{
 "pageNum": 1,
 "pageSize": 10,
 "params": {},
 "content": "<p></p>\n\r<p></p>\n\r<p></p>\n\r<p></p>",
 "remarks": "本词条内容暂未完善仅供参考，多频百科小编正在火速赶来",
 "remarksEn": "本词条内容暂未完善仅供参考，多频百科小编正在火速赶来",
 "status": 0,
 "clickNum": 0,
 "deleted": 0,
 "lang": 0,
 "chooseLang": false,
 "id": 527,
 "name": "Bloodmouth",
 "descriptions": "\n\r",
 "originalName": "",
 "foundTimeText": "",
 "foundAddress": " San Francisco, California, United States",
 "founder": "",
 "parentBrand": "",
 "childBrand": "",
 "majorStyle": " drone, noise",
 "delegateArtist": "",
 "officialUrl": "",
 "referenceUrl": "https://musicbrainz.org/artist/bd59cf43-e0b1-4e09-a912-4a35a78bb446",
 "manageStatusText": "",
 "style": "其他风格",
 "country": "美国",
 "typeId": 14,
 "typeName": "厂牌",
 "dataId": 527,
 "url": "http://dropinapp.hearinmusic.com/#/ency?typeId=14&dataId=527"
}