{
 "pageNum": 1,
 "pageSize": 10,
 "params": {},
 "content": "<p><strong>Blood and Fire</strong>&nbsp;is a British reggae record label specialising in reissues of 1970s dub.</p>\n<p>&nbsp;</p>\n<p>&nbsp;</p>\n<p>&nbsp;</p>",
 "remarks": "本词条内容暂未完善仅供参考，多频百科小编正在火速赶来",
 "remarksEn": "本词条内容暂未完善仅供参考，多频百科小编正在火速赶来",
 "status": 0,
 "clickNum": 0,
 "deleted": 0,
 "lang": 0,
 "chooseLang": false,
 "id": 526,
 "name": "Blood and Fire",
 "descriptions": "\nUK based Dub Reggae imprint founded in 1993 by Steve Barrow, Bob Harding, Mick Hucknall, Elliot Rashman and Andy Dodd (3) to correctly reissue 70's releases. \nSome early releases were on LP and strictly limited to 5000 copies. The label stopped in 2007 due the bankruptcy of their American and French (Night & Day) distributors but some releases are reissued since 2014 via VP Records.\n\n",
 "picture": "https://duopin-community.oss-cn-shenzhen.aliyuncs.com/95d6rbbcevp369ftao3j.jpg",
 "originalName": "",
 "foundTimeText": "1993",
 "foundAddress": "United Kingdom",
 "founder": "\tSteve Barrow Mick Hucknall",
 "parentBrand": " Blood & Fire Limited",
 "childBrand": "\nDubwise & Otherwise, Heavyweight Sound",
 "majorStyle": "dub, reggae, roots reggae",
 "delegateArtist": "",
 "officialUrl": "\thttp://www.bloodandfire.co.uk/",
 "referenceUrl": "https://musicbrainz.org/label/5af2af12-a696-4bb7-b37e-852ae21a5303/aliases",
 "manageStatusText": "",
 "style": "Dub, 其他风格",
 "country": "英国",
 "typeId": 14,
 "typeName": "厂牌",
 "dataId": 526,
 "url": "http://dropinapp.hearinmusic.com/#/ency?typeId=14&dataId=526"
}