{
 "pageNum": 1,
 "pageSize": 10,
 "params": {},
 "content": "<p></p>\n\r<p></p>\n\r<p></p>\n\r<p></p>",
 "remarks": "本词条内容暂未完善仅供参考，多频百科小编正在火速赶来",
 "remarksEn": "本词条内容暂未完善仅供参考，多频百科小编正在火速赶来",
 "status": 0,
 "clickNum": 0,
 "deleted": 0,
 "lang": 0,
 "chooseLang": false,
 "id": 530,
 "name": "BloodyGround Records",
 "descriptions": "\n\r",
 "originalName": "",
 "foundTimeText": "2012-11-25",
 "foundAddress": " Mosina, Wielkopolskie, Poland",
 "founder": "",
 "parentBrand": "",
 "childBrand": "",
 "majorStyle": "alternative rock, electronic, hard rock, indie, industrial",
 "delegateArtist": "",
 "officialUrl": "",
 "referenceUrl": "https://musicbrainz.org/label/27d3d744-97f4-477d-b1c0-61caa12963e9",
 "manageStatusText": "",
 "style": "Electronic, Electronic Rock",
 "country": "",
 "typeId": 14,
 "typeName": "厂牌",
 "dataId": 530,
 "url": "http://dropinapp.hearinmusic.com/#/ency?typeId=14&dataId=530"
}