{
 "pageNum": 1,
 "pageSize": 10,
 "params": {},
 "content": "<p>&nbsp;</p>\n<p>BloodRock Records is an Italian label born in 2007, based in Genova:<br />truly specialized in Doom, Heavy Metal, Hard Rock, Gothic, Dark, Wave, Punk, Post Punk...</p>\n<p>&nbsp;</p>\n<p>&nbsp;</p>",
 "remarks": "本词条内容暂未完善仅供参考，多频百科小编正在火速赶来",
 "remarksEn": "本词条内容暂未完善仅供参考，多频百科小编正在火速赶来",
 "status": 0,
 "clickNum": 0,
 "deleted": 0,
 "lang": 0,
 "chooseLang": false,
 "id": 528,
 "name": "BloodRock Records",
 "descriptions": "\nBloodRock Records is an Italian label born in 2007, based in Genoa: truly specialized in Doom, Heavy Metal, Hard Rock, Gothic, Dark, Wave, Punk, Post Punk... \nOur aim is to release high-quality vinyls and cds, limited editions.\n",
 "picture": "https://duopin-community.oss-cn-shenzhen.aliyuncs.com/jxyu35z81k9b816bopqe.jpg",
 "originalName": "Blood Rock Records",
 "foundTimeText": "2007",
 "foundAddress": "",
 "founder": "",
 "parentBrand": "",
 "childBrand": "",
 "majorStyle": "dark wave, gothic, hard rock, heavy metal, punk",
 "delegateArtist": "",
 "officialUrl": "\thttp://bloodrockrecords.blogspot.com/",
 "referenceUrl": "https://musicbrainz.org/label/ac1e155d-1f7e-4808-b98b-b858af942ca2",
 "manageStatusText": "",
 "style": "Electronic Rock",
 "country": "",
 "typeId": 14,
 "typeName": "厂牌",
 "dataId": 528,
 "url": "http://dropinapp.hearinmusic.com/#/ency?typeId=14&dataId=528"
}