{
 "pageNum": 1,
 "pageSize": 10,
 "params": {},
 "content": "<p></p>\n\r<p></p>\n\r<p></p>\n\r<p></p>",
 "remarks": "本词条内容暂未完善仅供参考，多频百科小编正在火速赶来",
 "remarksEn": "本词条内容暂未完善仅供参考，多频百科小编正在火速赶来",
 "status": 0,
 "clickNum": 0,
 "deleted": 0,
 "lang": 0,
 "chooseLang": false,
 "id": 529,
 "name": "Bloodspit Records",
 "descriptions": "\nGrindcore label from Russia.\n\n",
 "picture": "https://duopin-community.oss-cn-shenzhen.aliyuncs.com/pi7rownw2rn8uhnwomg9.jpg",
 "originalName": "",
 "foundTimeText": " 2006",
 "foundAddress": "Russia",
 "founder": "",
 "parentBrand": "",
 "childBrand": "",
 "majorStyle": "punk",
 "delegateArtist": "",
 "officialUrl": "",
 "referenceUrl": "https://musicbrainz.org/label/8e391848-7624-453b-a6e2-f05e8ec567c7",
 "manageStatusText": "",
 "style": "Electronic Rock",
 "country": "俄罗斯",
 "typeId": 14,
 "typeName": "厂牌",
 "dataId": 529,
 "url": "http://dropinapp.hearinmusic.com/#/ency?typeId=14&dataId=529"
}