{
 "pageNum": 1,
 "pageSize": 10,
 "params": {},
 "content": "<p></p>\n\r<p></p>\n\r<p></p>\n\r<p></p>",
 "remarks": "本词条内容暂未完善仅供参考，多频百科小编正在火速赶来",
 "remarksEn": "本词条内容暂未完善仅供参考，多频百科小编正在火速赶来",
 "status": 0,
 "clickNum": 0,
 "deleted": 0,
 "lang": 0,
 "chooseLang": false,
 "id": 531,
 "name": "Blu Saphir Recordings",
 "descriptions": "\n\r",
 "originalName": "",
 "foundTimeText": "2004",
 "foundAddress": " Wien, Austria",
 "founder": "",
 "parentBrand": "",
 "childBrand": "",
 "majorStyle": "drum and bass",
 "delegateArtist": "",
 "officialUrl": "http://blusaphir.com/",
 "referenceUrl": "https://musicbrainz.org/label/d2eeb830-7ab7-43df-a7cc-559cb2f69713",
 "manageStatusText": "",
 "style": "Drum&Bass",
 "country": "澳大利亚",
 "typeId": 14,
 "typeName": "厂牌",
 "dataId": 531,
 "url": "http://dropinapp.hearinmusic.com/#/ency?typeId=14&dataId=531"
}