{
 "pageNum": 1,
 "pageSize": 10,
 "params": {},
 "content": "<p></p>\n\r<p></p>\n\r<p></p>\n\r<p></p>",
 "remarks": "本词条内容暂未完善仅供参考，多频百科小编正在火速赶来",
 "remarksEn": "本词条内容暂未完善仅供参考，多频百科小编正在火速赶来",
 "status": 0,
 "clickNum": 0,
 "deleted": 0,
 "lang": 0,
 "chooseLang": false,
 "id": 537,
 "name": "Blueice Records Independent",
 "descriptions": "\n\r",
 "originalName": "",
 "foundTimeText": " 2015-08-01",
 "foundAddress": "Italy",
 "founder": "Blueice DJ",
 "parentBrand": "",
 "childBrand": "",
 "majorStyle": "dance, deep house, house, pop",
 "delegateArtist": "",
 "officialUrl": "http://www.blueicerecords.com/",
 "referenceUrl": "https://musicbrainz.org/label/ef7a8798-f54a-4e6c-a507-147ee738d5db",
 "manageStatusText": "",
 "style": "House, EDM",
 "country": "意大利",
 "typeId": 14,
 "typeName": "厂牌",
 "dataId": 537,
 "url": "http://dropinapp.hearinmusic.com/#/ency?typeId=14&dataId=537"
}