{
 "pageNum": 1,
 "pageSize": 10,
 "params": {},
 "content": "<p></p>\n\r<p></p>\n\r<p></p>\n\r<p></p>",
 "remarks": "本词条内容暂未完善仅供参考，多频百科小编正在火速赶来",
 "remarksEn": "本词条内容暂未完善仅供参考，多频百科小编正在火速赶来",
 "status": 0,
 "clickNum": 0,
 "deleted": 0,
 "lang": 0,
 "chooseLang": false,
 "id": 533,
 "name": "Blue Lies",
 "descriptions": "\n\r",
 "originalName": "",
 "foundTimeText": "",
 "foundAddress": "",
 "founder": "",
 "parentBrand": "",
 "childBrand": "",
 "majorStyle": "ambient",
 "delegateArtist": "",
 "officialUrl": "",
 "referenceUrl": "https://musicbrainz.org/label/c87fcda2-933d-41a2-b086-c40536e5758d",
 "manageStatusText": "",
 "style": "Ambient",
 "country": "",
 "typeId": 14,
 "typeName": "厂牌",
 "dataId": 533,
 "url": "http://dropinapp.hearinmusic.com/#/ency?typeId=14&dataId=533"
}