{
 "pageNum": 1,
 "pageSize": 10,
 "params": {},
 "content": "<p></p>\n\r<p></p>\n\r<p></p>\n\r<p></p>",
 "remarks": "本词条内容暂未完善仅供参考，多频百科小编正在火速赶来",
 "remarksEn": "本词条内容暂未完善仅供参考，多频百科小编正在火速赶来",
 "status": 0,
 "clickNum": 0,
 "deleted": 0,
 "lang": 0,
 "chooseLang": false,
 "id": 535,
 "name": "Blue Records",
 "descriptions": "\n\r",
 "picture": "https://duopin-community.oss-cn-shenzhen.aliyuncs.com/mymhssr7kudsirln3pdk.jpg",
 "originalName": "",
 "foundTimeText": "",
 "foundAddress": "Netherlands, Kingdom of the Netherlands",
 "founder": "",
 "parentBrand": "Mid-Town Records",
 "childBrand": "\nBlue Compilations, Blue Limited, Blue Special, Blue Trance, Blue White",
 "majorStyle": "house",
 "delegateArtist": "",
 "officialUrl": "http://www.blue-records.com/",
 "referenceUrl": "https://musicbrainz.org/label/d1e026f8-caba-47f1-93af-315797f2634b/relationships",
 "manageStatusText": "",
 "style": "House",
 "country": "荷兰",
 "typeId": 14,
 "typeName": "厂牌",
 "dataId": 535,
 "url": "http://dropinapp.hearinmusic.com/#/ency?typeId=14&dataId=535"
}