{
 "pageNum": 1,
 "pageSize": 10,
 "params": {},
 "content": "<p></p>\n\r<p></p>\n\r<p></p>\n\r<p></p>",
 "remarks": "本词条内容暂未完善仅供参考，多频百科小编正在火速赶来",
 "remarksEn": "本词条内容暂未完善仅供参考，多频百科小编正在火速赶来",
 "status": 0,
 "clickNum": 0,
 "deleted": 0,
 "lang": 0,
 "chooseLang": false,
 "id": 532,
 "name": "Blue",
 "descriptions": "\n\n\nPart of Universal-Island. \n\nThe URL is defunct.",
 "picture": "https://duopin-community.oss-cn-shenzhen.aliyuncs.com/t6lkitycjqsvcfx485wl.jpg",
 "originalName": "Blue (Island)",
 "foundTimeText": "",
 "foundAddress": "United Kingdom",
 "founder": "",
 "parentBrand": "Island",
 "childBrand": "",
 "majorStyle": "drum and bass",
 "delegateArtist": "",
 "officialUrl": "",
 "referenceUrl": "https://musicbrainz.org/label/9aed959b-86b8-4f1c-8e82-1106703ef460",
 "manageStatusText": "",
 "style": "Drum&Bass",
 "country": "英国",
 "typeId": 14,
 "typeName": "厂牌",
 "dataId": 532,
 "url": "http://dropinapp.hearinmusic.com/#/ency?typeId=14&dataId=532"
}