{
 "pageNum": 1,
 "pageSize": 10,
 "params": {},
 "content": "<p style=\"text-align: left;\">Blue Room Released是一家英国伦敦的电子音乐厂牌。1994年到2002年之间由Simon Ghahary经营。</p>\n<p style=\"text-align: left;\">&nbsp;</p>\n<p style=\"text-align: justify;\">在B＆W 扬声器公司的财政支持下，Blue Room Released于1994年开始运营，总部设在英格兰西萨塞克斯郡的斯泰宁。Blue Room Released由Blue Room Loudspeakers的设计师和创始人Simon Ghahary创立，Ghahary负责&ldquo;pod&rdquo;扬声器系列的设计和定义。Blue Room Released的总部在伦敦的肖尔迪奇（1995-2000），并且在旧金山有一个办事处（1997-2000）。1996年，Robert Trunz独立资助Blue Room Released，并由Ghahary掌舵。</p>\n<p style=\"text-align: justify;\">&nbsp;</p>\n<p style=\"text-align: justify;\">Blue Room的音乐A&amp;R由Simon Ghahary负责，厂牌经理为Mick Paterson（来自Novamute /Mute Records公司），并致力于地下电子音乐，发行Techno、Trance、Dub、Ambient音乐；签约艺人来自欧洲及其周边地区，如Juno Reactor、Total Eclipse、Koxbox、X-Dream、Eternal Basement。</p>\n<p style=\"text-align: justify;\">&nbsp;</p>\n<p style=\"text-align: justify;\">Blue Roon Released也在世界各地寻找其他艺术家，并发行这些艺术家们的合辑，例如Outside the Reactor（与DJ Mike Maquire选辑）、The Trip Through Sound、Made On Earth系列（由Ghahary选辑）。 它是其所属流派中第一个打破常规的厂牌之一，它不局限于Trance，同时也发行Breaks、dub、chillout、electronica风格的音乐。</p>\n<p style=\"text-align: left;\">&nbsp;</p>\n<p style=\"text-align: justify;\">Blue Room Released通过汇集全球有才华的电子音乐艺术家，将Blue Room Loudspeakers带到了音乐创新的最前沿，从而推动其发展。Ghahary还指导推出了独特的视觉设计唱片封面（最初与Think Electric合作），广告，海报商品，并与地下Psychedelic艺术家合作。</p>\n<p style=\"text-align: justify;\">&nbsp;</p>\n<p style=\"text-align: justify;\">Blue Room有着优秀的现场演出，是DJ云集的国际巡演厂牌，包括Dino Psaras、Xavier Morales、Mike Maquire、Frank'E、Serge Souque、Lucas Mees、Adam Ohana和Simon G。其合伙人也定期在伦敦参与和Ahimsaproduction的合作。</p>\n<p>&nbsp;</p>",
 "contentEn": "<div>\n<div class=\"document\">\n<p class=\"paragraph text-align-type-left pap-line-1.8 pap-line-rule-auto pap-spacing-before-2pt pap-spacing-after-2pt\" style=\"text-align: left; line-height: 180%; margin-top: 2.6666666666666665px; margin-bottom: 2.6666666666666665px;\"><span style=\"font-size: 11pt; font-family: SF Pro,PingFang SC,Microsoft YaHei,微软雅黑,Noto Sans CJK SC,sans-serif,Roboto,Droid Sans,Helvetica,Tahoma,Arial,Hiragino Sans GB,Heiti SC; font-weight: 400; font-style: normal; ;color: #111; background: transparent; letter-spacing: 0pt; vertical-align: baseline; white-space: pre;\">Blue Room Released was an electronic music record label from London, England. It operated from 1994 until 2002. and was run by Simon Ghahary.</span></p>\n<p class=\"paragraph text-align-type-left pap-line-1.8 pap-line-rule-auto pap-spacing-before-2pt pap-spacing-after-2pt\" style=\"text-align: left; line-height: 180%; margin-top: 2.6666666666666665px; margin-bottom: 2.6666666666666665px;\">&nbsp;</p>\n<p class=\"paragraph text-align-type-left pap-line-1.8 pap-line-rule-auto pap-spacing-before-2pt pap-spacing-after-2pt\" style=\"text-align: left; line-height: 180%; margin-top: 2.6666666666666665px; margin-bottom: 2.6666666666666665px;\"><span style=\"font-size: 11pt; font-family: SF Pro,PingFang SC,Microsoft YaHei,微软雅黑,Noto Sans CJK SC,sans-serif,Roboto,Droid Sans,Helvetica,Tahoma,Arial,Hiragino Sans GB,Heiti SC; font-weight: 400; font-style: normal; ;color: #111; background: transparent; letter-spacing: 0pt; vertical-align: baseline; white-space: pre;\">Blue Room Released started operating in 1994 with financial backing from the B&amp;W loudspeaker company, based in Steyning, West Sussex, England. It was founded by Simon Ghahary, the designer and founder of Blue Room Loudspeakers who was responsible for the design and identity of the \"pod\" speaker series. It was based in Shoreditch, London (1995-2000) with an office in San Francisco (1997-2000). </span></p>\n<p class=\"paragraph text-align-type-left pap-line-1.8 pap-line-rule-auto pap-spacing-before-2pt pap-spacing-after-2pt\" style=\"text-align: left; line-height: 180%; margin-top: 2.6666666666666665px; margin-bottom: 2.6666666666666665px;\">&nbsp;</p>\n<p class=\"paragraph text-align-type-left pap-line-1.8 pap-line-rule-auto pap-spacing-before-2pt pap-spacing-after-2pt\" style=\"text-align: left; line-height: 180%; margin-top: 2.6666666666666665px; margin-bottom: 2.6666666666666665px;\"><span style=\"font-size: 11pt; font-family: SF Pro,PingFang SC,Microsoft YaHei,微软雅黑,Noto Sans CJK SC,sans-serif,Roboto,Droid Sans,Helvetica,Tahoma,Arial,Hiragino Sans GB,Heiti SC; font-weight: 400; font-style: normal; ;color: #111; background: transparent; letter-spacing: 0pt; vertical-align: baseline; white-space: pre;\">In 1996, Robert Trunz backed the venture independently with Ghahary at the helm. Blue Room was musically A&amp;R by Simon Ghahary, with label manager Mick Paterson (formerly from Novamute/Mute Records) and was dedicated to the electronic underground, releasing techno, trance, dub, and ambient music. </span></p>\n<p class=\"paragraph text-align-type-left pap-line-1.8 pap-line-rule-auto pap-spacing-before-2pt pap-spacing-after-2pt\" style=\"text-align: left; line-height: 180%; margin-top: 2.6666666666666665px; margin-bottom: 2.6666666666666665px;\">&nbsp;</p>\n<p class=\"paragraph text-align-type-left pap-line-1.8 pap-line-rule-auto pap-spacing-before-2pt pap-spacing-after-2pt\" style=\"text-align: left; line-height: 180%; margin-top: 2.6666666666666665px; margin-bottom: 2.6666666666666665px;\"><span style=\"font-size: 11pt; font-family: SF Pro,PingFang SC,Microsoft YaHei,微软雅黑,Noto Sans CJK SC,sans-serif,Roboto,Droid Sans,Helvetica,Tahoma,Arial,Hiragino Sans GB,Heiti SC; font-weight: 400; font-style: normal; ;color: #111; background: transparent; letter-spacing: 0pt; vertical-align: baseline; white-space: pre;\">The label signings such as Juno Reactor, Total Eclipse, Koxbox, X-Dream, Eternal Basement, from in and around Europe, it set out to find other artists around the world, and showcased these finds on compilations, such Outside the Reactor (compiled with DJ Mike Maquire), The Trip Through Sound, Made On Earth and Signs of Life series (compiled in-house by Ghahary). It was one of the first labels of its genre to break the labeling of being just being trance, releasing breaks, dub, chillout, and electronica.</span></p>\n<p class=\"paragraph text-align-type-left pap-line-1.8 pap-line-rule-auto pap-spacing-before-2pt pap-spacing-after-2pt\" style=\"text-align: left; line-height: 180%; margin-top: 2.6666666666666665px; margin-bottom: 2.6666666666666665px;\">&nbsp;</p>\n<p class=\"paragraph text-align-type-left pap-line-1.8 pap-line-rule-auto pap-spacing-before-2pt pap-spacing-after-2pt\" style=\"text-align: left; line-height: 180%; margin-top: 2.6666666666666665px; margin-bottom: 2.6666666666666665px;\"><span style=\"font-size: 11pt; font-family: SF Pro,PingFang SC,Microsoft YaHei,微软雅黑,Noto Sans CJK SC,sans-serif,Roboto,Droid Sans,Helvetica,Tahoma,Arial,Hiragino Sans GB,Heiti SC; font-weight: 400; font-style: normal; ;color: #111; background: transparent; letter-spacing: 0pt; vertical-align: baseline; white-space: pre;\">The record label connected Blue Room Loudspeakers to the forefront of musical innovation through an assembled global roster of talented electronic music artists pushing the envelope with sound. Ghahary also directed and cultivated its unique visual imprint designing record covers, (initially with Think electric), adverts, posters merchandise and various collaborations with underground psychedelic artists. </span></p>\n<p class=\"paragraph text-align-type-left pap-line-1.8 pap-line-rule-auto pap-spacing-before-2pt pap-spacing-after-2pt\" style=\"text-align: left; line-height: 180%; margin-top: 2.6666666666666665px; margin-bottom: 2.6666666666666665px;\">&nbsp;</p>\n<p class=\"paragraph text-align-type-left pap-line-1.8 pap-line-rule-auto pap-spacing-before-2pt pap-spacing-after-2pt\" style=\"text-align: left; line-height: 180%; margin-top: 2.6666666666666665px; margin-bottom: 2.6666666666666665px;\"><span style=\"font-size: 11pt; font-family: SF Pro,PingFang SC,Microsoft YaHei,微软雅黑,Noto Sans CJK SC,sans-serif,Roboto,Droid Sans,Helvetica,Tahoma,Arial,Hiragino Sans GB,Heiti SC; font-weight: 400; font-style: normal; ;color: #111; background: transparent; letter-spacing: 0pt; vertical-align: baseline; white-space: pre;\">Blue Room had a wholesome live scene, touring as a label around the world with live acts and DJ's including Dino Psaras, Xavier Morales, Mike Maquire, Frank'E, Serge Souque, Lucas Mees, Adam Ohana, and Simon G. Parties also took place regularly and locally in London with Ahimsaproductions.</span></p>\n<p class=\"paragraph text-align-type-left pap-line-1.8 pap-line-rule-auto pap-spacing-before-2pt pap-spacing-after-2pt\" style=\"text-align: left; line-height: 180%; margin-top: 2.6666666666666665px; margin-bottom: 2.6666666666666665px;\">&nbsp;</p>\n<p class=\"paragraph text-align-type-left pap-line-1.8 pap-line-rule-auto pap-spacing-before-2pt pap-spacing-after-2pt\" style=\"text-align: left; line-height: 180%; margin-top: 2.6666666666666665px; margin-bottom: 2.6666666666666665px;\"><span style=\"font-size: 11pt; font-family: SF Pro,PingFang SC,Microsoft YaHei,微软雅黑,Noto Sans CJK SC,sans-serif,Roboto,Droid Sans,Helvetica,Tahoma,Arial,Hiragino Sans GB,Heiti SC; font-weight: 400; font-style: normal; ;color: #111; background: transparent; letter-spacing: 0pt; vertical-align: baseline; white-space: pre;\">With its office in San Francisco run by Nick Crayson and the Blue Room Americas team, including Adam Ohana it supported the first music appearing within the Burning Man Festival.</span></p>\n<p class=\"paragraph text-align-type-left pap-line-1.8 pap-line-rule-auto pap-spacing-before-2pt pap-spacing-after-2pt\" style=\"text-align: left; line-height: 180%; margin-top: 2.6666666666666665px; margin-bottom: 2.6666666666666665px;\">&nbsp;</p>\n<p class=\"paragraph text-align-type-left pap-line-1.8 pap-line-rule-auto pap-spacing-before-2pt pap-spacing-after-2pt\" style=\"text-align: left; line-height: 180%; margin-top: 2.6666666666666665px; margin-bottom: 2.6666666666666665px;\"><span style=\"font-size: 11pt; font-family: SF Pro,PingFang SC,Microsoft YaHei,微软雅黑,Noto Sans CJK SC,sans-serif,Roboto,Droid Sans,Helvetica,Tahoma,Arial,Hiragino Sans GB,Heiti SC; font-weight: 400; font-style: normal; ;color: #111; background: transparent; letter-spacing: 0pt; vertical-align: baseline; white-space: pre;\">This platform would later grant Trunz access to Blue Room music producers and artists for collaborations with his international roster of musicians from the MELT2000 label.</span></p>\n<p class=\"paragraph text-align-type-left pap-line-1.8 pap-line-rule-auto pap-spacing-before-2pt pap-spacing-after-2pt\" style=\"text-align: left; line-height: 180%; margin-top: 2.6666666666666665px; margin-bottom: 2.6666666666666665px;\">&nbsp;</p>\n<p class=\"paragraph text-align-type-left pap-line-1.8 pap-line-rule-auto pap-spacing-before-2pt pap-spacing-after-2pt\" style=\"text-align: left; line-height: 180%; margin-top: 2.6666666666666665px; margin-bottom: 2.6666666666666665px;\">&nbsp;</p>\n</div>\n</div>",
 "remarks": "本词条汉字内容由 @多频百科团队 翻译+编辑\n原文译自 https://en.m.wikipedia.org/wiki/Blue_Room_Released",
 "remarksEn": "本词条内容来自 https://en.m.wikipedia.org/wiki/Blue_Room_Released",
 "status": 1,
 "clickNum": 13,
 "deleted": 0,
 "lang": 0,
 "chooseLang": true,
 "id": 35,
 "name": "Blue Room Released",
 "descriptions": "Blue Room Released是一家英国伦敦的电子音乐厂牌。1994年到2002年之间由Simon Ghahary经营。",
 "picture": "https://duopin-community.oss-cn-shenzhen.aliyuncs.com/sznpysmwbhp9h6qs5u3h.jpg",
 "originalName": "",
 "foundTimeText": "1994",
 "foundAddress": "United Kingdom",
 "founder": "Simon Ghahary",
 "parentBrand": "",
 "childBrand": "",
 "majorStyle": "Goa trance, Experimental music",
 "delegateArtist": "Total Eclipse；Various",
 "officialUrl": "http://www.melt.co.za",
 "referenceUrl": "https://en.m.wikipedia.org/wiki/Blue_Room_Released",
 "manageStatusText": "",
 "style": "Goa trance, Experimental music",
 "country": "英国",
 "typeId": 14,
 "typeName": "厂牌",
 "dataId": 35,
 "url": "http://dropinapp.hearinmusic.com/#/ency?typeId=14&dataId=35"
}