{
 "pageNum": 1,
 "pageSize": 10,
 "params": {},
 "content": "<p>Blue Soho Recordings is a Turkish record label that specializes in releasing trance music, primarily uplifting trance, founded by Kubilay Yigit in 2009. Transformed into Soho Music in 2013 and joined Merlin Network with other giant indie-music labels.</p>\n<p>&nbsp;</p>\n<p>&nbsp;</p>",
 "remarks": "本词条内容暂未完善仅供参考，多频百科小编正在火速赶来",
 "remarksEn": "本词条内容暂未完善仅供参考，多频百科小编正在火速赶来",
 "status": 0,
 "clickNum": 1,
 "deleted": 0,
 "lang": 0,
 "chooseLang": false,
 "id": 1864,
 "name": "Blue Soho Recordings",
 "picture": "https://duopin-community.oss-cn-shenzhen.aliyuncs.com/1hx8ckkq45bzs513p465.jpg",
 "foundTimeText": "2009",
 "founder": "Kubilay Yigit",
 "parentBrand": "Soho Music",
 "childBrand": "\nBolted Recordings, Dark Soho, Drug Boulevard, Dusted Velvet, Fractal Digital, Moonrising Records, Number One Recordings, Red Soho, Selective Recordings, Soho Opus, Soho Yacht Club, Sounds Of Elysium, Sublunary Records, The Vibe Guide, Vital Soho, White Soho, XPM Recordings",
 "style": "",
 "country": "",
 "typeId": 14,
 "typeName": "厂牌",
 "dataId": 1864,
 "url": "http://dropinapp.hearinmusic.com/#/ency?typeId=14&dataId=1864"
}