{
 "pageNum": 1,
 "pageSize": 10,
 "params": {},
 "content": "<p></p>\n\r<p></p>\n\r<p></p>\n\r<p></p>",
 "remarks": "本词条内容暂未完善仅供参考，多频百科小编正在火速赶来",
 "remarksEn": "本词条内容暂未完善仅供参考，多频百科小编正在火速赶来",
 "status": 0,
 "clickNum": 0,
 "deleted": 0,
 "lang": 0,
 "chooseLang": false,
 "id": 536,
 "name": "Blue Star",
 "descriptions": "\nBlue Star – firma fonograficzno-handlowa założona w 1990 roku przez piłkarza pochodzącego z Piastowa – Sławomira Skrętę. \n",
 "picture": "https://duopin-community.oss-cn-shenzhen.aliyuncs.com/skwgsq1kr9zqkpmy4jw7.jpg",
 "originalName": "",
 "foundTimeText": " 1990",
 "foundAddress": "Poland",
 "founder": "",
 "parentBrand": "",
 "childBrand": "",
 "majorStyle": "",
 "delegateArtist": "",
 "officialUrl": "",
 "referenceUrl": "https://musicbrainz.org/label/5e899d5c-1fcb-418b-bb97-87b5425c830d/relationships",
 "manageStatusText": "",
 "style": "",
 "country": "其他",
 "typeId": 14,
 "typeName": "厂牌",
 "dataId": 536,
 "url": "http://dropinapp.hearinmusic.com/#/ency?typeId=14&dataId=536"
}