{
 "pageNum": 1,
 "pageSize": 10,
 "params": {},
 "content": "<p></p>\n\r<p></p>\n\r<p></p>\n\r<p></p>",
 "remarks": "本词条内容暂未完善仅供参考，多频百科小编正在火速赶来",
 "remarksEn": "本词条内容暂未完善仅供参考，多频百科小编正在火速赶来",
 "status": 0,
 "clickNum": 0,
 "deleted": 0,
 "lang": 0,
 "chooseLang": false,
 "id": 538,
 "name": "Bluhorse music",
 "descriptions": "\n\r",
 "originalName": "",
 "foundTimeText": "",
 "foundAddress": "",
 "founder": "",
 "parentBrand": "",
 "childBrand": "",
 "majorStyle": "dubstep, house",
 "delegateArtist": "",
 "officialUrl": "",
 "referenceUrl": "https://musicbrainz.org/label/fd8ff201-f043-45db-942d-02172c374d33",
 "manageStatusText": "",
 "style": "Dubstep, House",
 "country": "",
 "typeId": 14,
 "typeName": "厂牌",
 "dataId": 538,
 "url": "http://dropinapp.hearinmusic.com/#/ency?typeId=14&dataId=538"
}