{
 "pageNum": 1,
 "pageSize": 10,
 "params": {},
 "content": "<p></p>\n\r<p></p>\n\r<p></p>\n\r<p></p>",
 "remarks": "本词条内容暂未完善仅供参考，多频百科小编正在火速赶来",
 "remarksEn": "本词条内容暂未完善仅供参考，多频百科小编正在火速赶来",
 "status": 0,
 "clickNum": 0,
 "deleted": 0,
 "lang": 0,
 "chooseLang": false,
 "id": 539,
 "name": "BONE SODA ノノ",
 "descriptions": "\n\r",
 "originalName": "",
 "foundTimeText": "",
 "foundAddress": " London, England, United Kingdom",
 "founder": "",
 "parentBrand": "",
 "childBrand": "",
 "majorStyle": "hip hop",
 "delegateArtist": "",
 "officialUrl": "",
 "referenceUrl": "https://musicbrainz.org/label/77e848cf-182d-4396-ad30-83e8fe044595",
 "manageStatusText": "",
 "style": "Hip-hop",
 "country": "伦敦",
 "typeId": 14,
 "typeName": "厂牌",
 "dataId": 539,
 "url": "http://dropinapp.hearinmusic.com/#/ency?typeId=14&dataId=539"
}