{
 "pageNum": 1,
 "pageSize": 10,
 "params": {},
 "content": "<div>\n<div class=\"document\">\n<p class=\"paragraph text-align-type-left pap-line-1.8 pap-line-rule-auto pap-spacing-before-2pt pap-spacing-after-2pt\" style=\"text-align: justify;\">Bonzai Records也称为Bonzai Music或Bonzai Progressive，是比利时厂牌，主营Techno、Trance、Hard Trance、Goa Trance、Rave Music和Hardcore Music。</p>\n<p class=\"paragraph text-align-type-left pap-line-1.8 pap-line-rule-auto pap-spacing-before-2pt pap-spacing-after-2pt\" style=\"text-align: justify;\">&nbsp;</p>\n<p class=\"paragraph text-align-type-left pap-line-1.8 pap-line-rule-auto pap-spacing-before-2pt pap-spacing-after-2pt\" style=\"text-align: justify;\">Bonzai Records由DJ Fly于1992年在唱片店The Blitz的身后成立，作为Lightning Records的子标签，该厂牌于2003年3月破产，随后被Banshee Worx取代。自2003年续签以来，该厂牌已在Bonzai Progressive下发行了唱片，但Bonzai Records的发行仍在继续。</p>\n</div>\n</div>\n<p>&nbsp;</p>\n<p><strong>艺人</strong></p>\n<p>Rawnn<br />DJ Fly (Christian Pieters)<br />Yves Deruyter<br />DJ Bountyhunter (Stefan Melis)<br />Jones &amp; Stephenson (Frank Sels &amp; Axel Stephenson)<br />Dream Your Dream<br />Thunderball<br />Final Analyzis<br />Stockhousen<br />Fernie<br />Airwave<br />Blufeld</p>\n<p>&nbsp;</p>\n<div>\n<div class=\"document\">\n<p class=\"paragraph text-align-type-left pap-line-1.8 pap-line-rule-auto pap-spacing-before-2pt pap-spacing-after-2pt pap-left-indent-2em\">&nbsp;</p>\n</div>\n</div>",
 "contentEn": "<div>\n<div class=\"document\">\n<p class=\"paragraph text-align-type-left pap-line-1.8 pap-line-rule-auto pap-spacing-before-2pt pap-spacing-after-2pt\" style=\"text-align: left; line-height: 180%; margin-top: 2.6666666666666665px; margin-bottom: 2.6666666666666665px;\"><span style=\"font-size: 11pt; font-family: SF Pro,PingFang SC,Microsoft YaHei,微软雅黑,Noto Sans CJK SC,sans-serif,Roboto,Droid Sans,Helvetica,Tahoma,Arial,Hiragino Sans GB,Heiti SC; font-weight: 400; font-style: normal; ;color: #111; background: transparent; letter-spacing: 0pt; vertical-align: baseline; white-space: pre;\">Bonzai Records, also known as Bonzai Music or Bonzai Progressive, is a Belgium-based record label specializing in techno, trance, hard trance, Goa trance, rave music and hardcore music.</span></p>\n<p class=\"paragraph text-align-type-left pap-line-1.8 pap-line-rule-auto pap-spacing-before-2pt pap-spacing-after-2pt\" style=\"text-align: left; line-height: 180%; margin-top: 2.6666666666666665px; margin-bottom: 2.6666666666666665px;\">&nbsp;</p>\n<p class=\"paragraph text-align-type-left pap-line-1.8 pap-line-rule-auto pap-spacing-before-2pt pap-spacing-after-2pt\" style=\"text-align: left; line-height: 180%; margin-top: 2.6666666666666665px; margin-bottom: 2.6666666666666665px;\"><span style=\"font-size: 11pt; font-family: SF Pro,PingFang SC,Microsoft YaHei,微软雅黑,Noto Sans CJK SC,sans-serif,Roboto,Droid Sans,Helvetica,Tahoma,Arial,Hiragino Sans GB,Heiti SC; font-weight: 400; font-style: normal; ;color: #111; background: transparent; letter-spacing: 0pt; vertical-align: baseline; white-space: pre;\">It was formed by DJ Fly in the back of record-shop The Blitz in Belgium in 1992 as a sublabel to Lightning Records, which went bankrupt in March 2003 and was subsequently replaced by the Banshee Worx label. Since its renewal in 2003, the label has released records under \"Bonzai Progressive\", however the 'Bonzai Records' catalog numbering continues.</span></p>\n<p class=\"paragraph text-align-type-left pap-line-1.8 pap-line-rule-auto pap-spacing-before-2pt pap-spacing-after-2pt\" style=\"text-align: left; line-height: 180%; margin-top: 2.6666666666666665px; margin-bottom: 2.6666666666666665px;\">&nbsp;</p>\n<p><strong>Artists</strong></p>\n<p>Rawnn<br />DJ Fly (Christian Pieters)<br />Yves Deruyter<br />DJ Bountyhunter (Stefan Melis)<br />Jones &amp; Stephenson (Frank Sels &amp; Axel Stephenson)<br />Dream Your Dream<br />Thunderball<br />Final Analyzis<br />Stockhousen<br />Fernie<br />Airwave<br />Blufeld</p>\n</div>\n</div>",
 "remarks": "本词条汉字内容由 @多频百科团队 翻译+编辑\n原文译自 https://en.wikipedia.org/wiki/Bonzai_Records",
 "remarksEn": "本词条内容来自 https://en.wikipedia.org/wiki/Bonzai_Records",
 "status": 1,
 "clickNum": 13,
 "deleted": 0,
 "lang": 0,
 "chooseLang": true,
 "id": 36,
 "name": "Bonzai Records",
 "descriptions": "Bonzai Records也称为Bonzai Music或Bonzai Progressive，是比利时厂牌，主营Techno、Trance、Hard Trance、Goa Trance、Rave Music和Hardcore Music。\n\n",
 "picture": "https://duopin-community.oss-cn-shenzhen.aliyuncs.com/m2idzh51roujt6dc5cyz.png",
 "originalName": "Bonzai Music；Bonzai Progressive",
 "foundTimeText": "1992",
 "foundAddress": "Belgium",
 "founder": "Christian Pieters",
 "parentBrand": "Banshee Worx (2003-present)；。Lightning Records (1992-2003)",
 "childBrand": "",
 "majorStyle": "Techno, Trance, Hard Trance",
 "delegateArtist": "Rawnn\r\nDJ Fly (Christian Pieters)\r\nYves Deruyter\r\nDJ Bountyhunter (Stefan Melis)\r\nJones & Stephenson (Frank Sels & Axel Stephenson)\r\nDream Your Dream\r\nThunderball\r\nFinal Analyzis\r\nStockhousen\r\nFernie\r\nAirwave\r\nBlufeld",
 "officialUrl": "www.bonzaiprogressive.com",
 "referenceUrl": "https://en.wikipedia.org/wiki/Bonzai_Records",
 "manageStatusText": "",
 "style": "Techno, Trance, Hard Trance",
 "country": "比利时",
 "typeId": 14,
 "typeName": "厂牌",
 "dataId": 36,
 "url": "http://dropinapp.hearinmusic.com/#/ency?typeId=14&dataId=36"
}