{
 "pageNum": 1,
 "pageSize": 10,
 "params": {},
 "content": "<p></p>\n\r<p></p>\n\r<p></p>\n\r<p></p>",
 "remarks": "本词条内容暂未完善仅供参考，多频百科小编正在火速赶来",
 "remarksEn": "本词条内容暂未完善仅供参考，多频百科小编正在火速赶来",
 "status": 0,
 "clickNum": 0,
 "deleted": 0,
 "lang": 0,
 "chooseLang": false,
 "id": 542,
 "name": "Bosh Recordings",
 "descriptions": "\n\n\nBlackpool, UK. Owned by Ian Carney (AKA Toka). ",
 "picture": "https://duopin-community.oss-cn-shenzhen.aliyuncs.com/sxz3t93r3ju3bvkkjtl1.jpg",
 "originalName": "",
 "foundTimeText": " 1998",
 "foundAddress": " Blackpool, Lancashire, England, United Kingdom",
 "founder": "Ian Carney",
 "parentBrand": "",
 "childBrand": "",
 "majorStyle": "deep house, electronic, house, tech house",
 "delegateArtist": "",
 "officialUrl": "",
 "referenceUrl": "https://musicbrainz.org/label/c0e2cdc2-7a41-490c-b3ce-3c2f4cd48865/relationships",
 "manageStatusText": "",
 "style": "Electronic, House",
 "country": "英国",
 "typeId": 14,
 "typeName": "厂牌",
 "dataId": 542,
 "url": "http://dropinapp.hearinmusic.com/#/ency?typeId=14&dataId=542"
}