{
 "pageNum": 1,
 "pageSize": 10,
 "params": {},
 "content": "<div>\n<div class=\"document\">\n<p class=\"paragraph text-align-type-left pap-line-1.8 pap-line-rule-auto pap-spacing-before-2pt pap-spacing-after-2pt\" style=\"text-align: justify;\">Brainfeeder是一家独立厂牌，位于美国加利福尼亚州洛杉矶，由Flying Lotus于2008年创立，主营风格为电子音乐和Instrumental Hip Hop。它已签署的艺术家有 Ras G， Samiyam， The Gaslamp Killer， Thundercat，The Underachievers， Lapalux， Daedelus，和Mr. Oizo。</p>\n</div>\n</div>\n<div>\n<div class=\"document\">\n<p class=\"paragraph text-align-type-left pap-line-1.8 pap-line-rule-auto pap-spacing-before-2pt pap-spacing-after-2pt\" style=\"text-align: justify;\">&nbsp;</p>\n<p class=\"paragraph text-align-type-left pap-line-1.8 pap-line-rule-auto pap-spacing-before-2pt pap-spacing-after-2pt\" style=\"text-align: justify;\"><strong>历史</strong></p>\n<p class=\"paragraph text-align-type-left pap-line-1.8 pap-line-rule-auto pap-spacing-before-2pt pap-spacing-after-2pt\" style=\"text-align: justify;\">2007年，Brainfeeder作为Flying Lotus和他的朋友们在Dublab上播出的四小时广播电台节目的名字首次亮相。它也是Flying Lotus专辑Los Angeles中第一首曲目的名称。 2008年，Brainfeeder作为厂牌正式上市。在2010年，Ninja Tune为Brainfeeder提供了在全球范围内制造、分销和推广唱片的服务，而Alpha Pup Records仍然是美国数字发行商。在那一年， Brainfeeder被LA Weekly评为洛杉矶最令人兴奋的独立厂牌。 2012年，它在Gilles Peterson的评选中被评为&ldquo;Label of the Year&rdquo;的全球大奖。</p>\n<p class=\"paragraph text-align-type-left pap-line-1.8 pap-line-rule-auto pap-spacing-before-2pt pap-spacing-after-2pt\" style=\"text-align: justify;\">&nbsp;</p>\n<p class=\"paragraph text-align-type-left pap-line-1.8 pap-line-rule-auto pap-spacing-before-2pt pap-spacing-after-2pt\" style=\"text-align: justify;\"><strong>艺人</strong></p>\n<p class=\"paragraph text-align-type-left pap-line-1.8 pap-line-rule-auto pap-spacing-before-2pt pap-spacing-after-2pt\" style=\"text-align: justify;\">Austin Peralta</p>\n<p class=\"paragraph text-align-type-left pap-line-1.8 pap-line-rule-auto pap-spacing-before-2pt pap-spacing-after-2pt\" style=\"text-align: justify;\">Captain Murphy</p>\n<p class=\"paragraph text-align-type-left pap-line-1.8 pap-line-rule-auto pap-spacing-before-2pt pap-spacing-after-2pt\" style=\"text-align: justify;\">Daedelus</p>\n<p class=\"paragraph text-align-type-left pap-line-1.8 pap-line-rule-auto pap-spacing-before-2pt pap-spacing-after-2pt\" style=\"text-align: justify;\">David Firth</p>\n<p class=\"paragraph text-align-type-left pap-line-1.8 pap-line-rule-auto pap-spacing-before-2pt pap-spacing-after-2pt\" style=\"text-align: justify;\">DJ Paypal</p>\n<p class=\"paragraph text-align-type-left pap-line-1.8 pap-line-rule-auto pap-spacing-before-2pt pap-spacing-after-2pt\" style=\"text-align: justify;\">Dorian Concept</p>\n<p class=\"paragraph text-align-type-left pap-line-1.8 pap-line-rule-auto pap-spacing-before-2pt pap-spacing-after-2pt\" style=\"text-align: justify;\">Flying Lotus</p>\n<p class=\"paragraph text-align-type-left pap-line-1.8 pap-line-rule-auto pap-spacing-before-2pt pap-spacing-after-2pt\" style=\"text-align: justify;\">Genevieve Artadi</p>\n<p class=\"paragraph text-align-type-left pap-line-1.8 pap-line-rule-auto pap-spacing-before-2pt pap-spacing-after-2pt\" style=\"text-align: justify;\">George Clinton</p>\n<p class=\"paragraph text-align-type-left pap-line-1.8 pap-line-rule-auto pap-spacing-before-2pt pap-spacing-after-2pt\" style=\"text-align: justify;\">Georgia Anne Muldrow</p>\n<p class=\"paragraph text-align-type-left pap-line-1.8 pap-line-rule-auto pap-spacing-before-2pt pap-spacing-after-2pt\" style=\"text-align: justify;\">Iglooghost</p>\n<p class=\"paragraph text-align-type-left pap-line-1.8 pap-line-rule-auto pap-spacing-before-2pt pap-spacing-after-2pt\" style=\"text-align: justify;\">Jaga Jazzist</p>\n<p class=\"paragraph text-align-type-left pap-line-1.8 pap-line-rule-auto pap-spacing-before-2pt pap-spacing-after-2pt\" style=\"text-align: justify;\">Jameszoo</p>\n<p class=\"paragraph text-align-type-left pap-line-1.8 pap-line-rule-auto pap-spacing-before-2pt pap-spacing-after-2pt\" style=\"text-align: justify;\">&nbsp;</p>\n<div>\n<div class=\"document\">\n<p class=\"paragraph text-align-type-left pap-line-1.8 pap-line-rule-auto pap-spacing-before-2pt pap-spacing-after-2pt pap-left-indent-2em\">&nbsp;</p>\n</div>\n</div>\n</div>\n</div>",
 "contentEn": "<div>\n<div class=\"document\">\n<p class=\"paragraph text-align-type-left pap-line-1.8 pap-line-rule-auto pap-spacing-before-2pt pap-spacing-after-2pt\" style=\"text-align: left; line-height: 180%; margin-top: 2.6666666666666665px; margin-bottom: 2.6666666666666665px;\"><span style=\"font-size: 11pt; font-family: SF Pro,PingFang SC,Microsoft YaHei,微软雅黑,Noto Sans CJK SC,sans-serif,Roboto,Droid Sans,Helvetica,Tahoma,Arial,Hiragino Sans GB,Heiti SC; font-weight: 400; font-style: normal; ;color: #111; background: transparent; letter-spacing: 0pt; vertical-align: baseline; white-space: pre;\">Brainfeeder is an independent record label based in Los Angeles, California, founded by Flying Lotus in 2008, focusing on electronic music and instrumental hip hop. It has signed artists such as Ras G, Samiyam, The Gaslamp Killer, Thundercat, The Underachievers, Lapalux, Daedelus, and Mr. Oizo.</span></p>\n<p class=\"paragraph text-align-type-left pap-line-1.8 pap-line-rule-auto pap-spacing-before-2pt pap-spacing-after-2pt\" style=\"text-align: left; line-height: 180%; margin-top: 2.6666666666666665px; margin-bottom: 2.6666666666666665px;\">&nbsp;</p>\n<p class=\"paragraph text-align-type-left pap-line-1.8 pap-line-rule-auto pap-spacing-before-2pt pap-spacing-after-2pt\" style=\"text-align: left; line-height: 180%; margin-top: 2.6666666666666665px; margin-bottom: 2.6666666666666665px;\"><span style=\"font-size: 11pt; font-family: SF Pro,PingFang SC,Microsoft YaHei,微软雅黑,Noto Sans CJK SC,sans-serif,Roboto,Droid Sans,Helvetica,Tahoma,Arial,Hiragino Sans GB,Heiti SC; font-weight: bold; font-style: normal; ;color: #111; background: transparent; letter-spacing: 0pt; vertical-align: baseline; white-space: pre;\">History </span></p>\n<p class=\"paragraph text-align-type-left pap-line-1.8 pap-line-rule-auto pap-spacing-before-2pt pap-spacing-after-2pt\" style=\"text-align: left; line-height: 180%; margin-top: 2.6666666666666665px; margin-bottom: 2.6666666666666665px;\"><span style=\"font-size: 11pt; font-family: SF Pro,PingFang SC,Microsoft YaHei,微软雅黑,Noto Sans CJK SC,sans-serif,Roboto,Droid Sans,Helvetica,Tahoma,Arial,Hiragino Sans GB,Heiti SC; font-weight: 400; font-style: normal; ;color: #111; background: transparent; letter-spacing: 0pt; vertical-align: baseline; white-space: pre;\">In 2007, Brainfeeder debuted as the name of a four-hour radio broadcast by Flying Lotus and his friends on Dublab. It is also the name of the first track on Flying Lotus's album Los Angeles. In 2008, Brainfeeder officially launched as a record label. In 2010, Ninja Tune offered Brainfeeder a deal to manufacture, distribute and promote the catalogue worldwide, with Alpha Pup Records remaining as the U.S. digital distributor. In that year, Brainfeeder was listed by LA Weekly as the most exciting Los Angeles indie label. In 2012, it was named \"Label of the Year\" at Gilles Peterson's Worldwide Awards.</span></p>\n<p class=\"paragraph text-align-type-left pap-line-1.8 pap-line-rule-auto pap-spacing-before-2pt pap-spacing-after-2pt\" style=\"text-align: left; line-height: 180%; margin-top: 2.6666666666666665px; margin-bottom: 2.6666666666666665px;\">&nbsp;</p>\n<p class=\"paragraph text-align-type-left pap-line-1.8 pap-line-rule-auto pap-spacing-before-2pt pap-spacing-after-2pt\" style=\"text-align: left; line-height: 180%; margin-top: 2.6666666666666665px; margin-bottom: 2.6666666666666665px;\"><span style=\"font-size: 11pt; font-family: SF Pro,PingFang SC,Microsoft YaHei,微软雅黑,Noto Sans CJK SC,sans-serif,Roboto,Droid Sans,Helvetica,Tahoma,Arial,Hiragino Sans GB,Heiti SC; font-weight: bold; font-style: normal; ;color: #111; background: transparent; letter-spacing: 0pt; vertical-align: baseline; white-space: pre;\">Artists</span></p>\n<p class=\"paragraph text-align-type-left pap-line-1.8 pap-line-rule-auto pap-spacing-before-2pt pap-spacing-after-2pt\" style=\"text-align: left; line-height: 180%; margin-top: 2.6666666666666665px; margin-bottom: 2.6666666666666665px;\"><span style=\"font-size: 11pt; font-family: SF Pro,PingFang SC,Microsoft YaHei,微软雅黑,Noto Sans CJK SC,sans-serif,Roboto,Droid Sans,Helvetica,Tahoma,Arial,Hiragino Sans GB,Heiti SC; font-weight: 400; font-style: normal; ;color: #111; background: transparent; letter-spacing: 0pt; vertical-align: baseline; white-space: pre;\">Austin Peralta</span></p>\n<p class=\"paragraph text-align-type-left pap-line-1.8 pap-line-rule-auto pap-spacing-before-2pt pap-spacing-after-2pt\" style=\"text-align: left; line-height: 180%; margin-top: 2.6666666666666665px; margin-bottom: 2.6666666666666665px;\"><span style=\"font-size: 11pt; font-family: SF Pro,PingFang SC,Microsoft YaHei,微软雅黑,Noto Sans CJK SC,sans-serif,Roboto,Droid Sans,Helvetica,Tahoma,Arial,Hiragino Sans GB,Heiti SC; font-weight: 400; font-style: normal; ;color: #111; background: transparent; letter-spacing: 0pt; vertical-align: baseline; white-space: pre;\">Captain Murphy</span></p>\n<p class=\"paragraph text-align-type-left pap-line-1.8 pap-line-rule-auto pap-spacing-before-2pt pap-spacing-after-2pt\" style=\"text-align: left; line-height: 180%; margin-top: 2.6666666666666665px; margin-bottom: 2.6666666666666665px;\"><span style=\"font-size: 11pt; font-family: SF Pro,PingFang SC,Microsoft YaHei,微软雅黑,Noto Sans CJK SC,sans-serif,Roboto,Droid Sans,Helvetica,Tahoma,Arial,Hiragino Sans GB,Heiti SC; font-weight: 400; font-style: normal; ;color: #111; background: transparent; letter-spacing: 0pt; vertical-align: baseline; white-space: pre;\">Daedelus</span></p>\n<p class=\"paragraph text-align-type-left pap-line-1.8 pap-line-rule-auto pap-spacing-before-2pt pap-spacing-after-2pt\" style=\"text-align: left; line-height: 180%; margin-top: 2.6666666666666665px; margin-bottom: 2.6666666666666665px;\"><span style=\"font-size: 11pt; font-family: SF Pro,PingFang SC,Microsoft YaHei,微软雅黑,Noto Sans CJK SC,sans-serif,Roboto,Droid Sans,Helvetica,Tahoma,Arial,Hiragino Sans GB,Heiti SC; font-weight: 400; font-style: normal; ;color: #111; background: transparent; letter-spacing: 0pt; vertical-align: baseline; white-space: pre;\">David Firth</span></p>\n<p class=\"paragraph text-align-type-left pap-line-1.8 pap-line-rule-auto pap-spacing-before-2pt pap-spacing-after-2pt\" style=\"text-align: left; line-height: 180%; margin-top: 2.6666666666666665px; margin-bottom: 2.6666666666666665px;\"><span style=\"font-size: 11pt; font-family: SF Pro,PingFang SC,Microsoft YaHei,微软雅黑,Noto Sans CJK SC,sans-serif,Roboto,Droid Sans,Helvetica,Tahoma,Arial,Hiragino Sans GB,Heiti SC; font-weight: 400; font-style: normal; ;color: #111; background: transparent; letter-spacing: 0pt; vertical-align: baseline; white-space: pre;\">DJ Paypal</span></p>\n<p class=\"paragraph text-align-type-left pap-line-1.8 pap-line-rule-auto pap-spacing-before-2pt pap-spacing-after-2pt\" style=\"text-align: left; line-height: 180%; margin-top: 2.6666666666666665px; margin-bottom: 2.6666666666666665px;\"><span style=\"font-size: 11pt; font-family: SF Pro,PingFang SC,Microsoft YaHei,微软雅黑,Noto Sans CJK SC,sans-serif,Roboto,Droid Sans,Helvetica,Tahoma,Arial,Hiragino Sans GB,Heiti SC; font-weight: 400; font-style: normal; ;color: #111; background: transparent; letter-spacing: 0pt; vertical-align: baseline; white-space: pre;\">Dorian Concept</span></p>\n<p class=\"paragraph text-align-type-left pap-line-1.8 pap-line-rule-auto pap-spacing-before-2pt pap-spacing-after-2pt\" style=\"text-align: left; line-height: 180%; margin-top: 2.6666666666666665px; margin-bottom: 2.6666666666666665px;\"><span style=\"font-size: 11pt; font-family: SF Pro,PingFang SC,Microsoft YaHei,微软雅黑,Noto Sans CJK SC,sans-serif,Roboto,Droid Sans,Helvetica,Tahoma,Arial,Hiragino Sans GB,Heiti SC; font-weight: 400; font-style: normal; ;color: #111; background: transparent; letter-spacing: 0pt; vertical-align: baseline; white-space: pre;\">Flying Lotus</span></p>\n<p class=\"paragraph text-align-type-left pap-line-1.8 pap-line-rule-auto pap-spacing-before-2pt pap-spacing-after-2pt\" style=\"text-align: left; line-height: 180%; margin-top: 2.6666666666666665px; margin-bottom: 2.6666666666666665px;\"><span style=\"font-size: 11pt; font-family: SF Pro,PingFang SC,Microsoft YaHei,微软雅黑,Noto Sans CJK SC,sans-serif,Roboto,Droid Sans,Helvetica,Tahoma,Arial,Hiragino Sans GB,Heiti SC; font-weight: 400; font-style: normal; ;color: #111; background: transparent; letter-spacing: 0pt; vertical-align: baseline; white-space: pre;\">Genevieve Artadi</span></p>\n<p class=\"paragraph text-align-type-left pap-line-1.8 pap-line-rule-auto pap-spacing-before-2pt pap-spacing-after-2pt\" style=\"text-align: left; line-height: 180%; margin-top: 2.6666666666666665px; margin-bottom: 2.6666666666666665px;\"><span style=\"font-size: 11pt; font-family: SF Pro,PingFang SC,Microsoft YaHei,微软雅黑,Noto Sans CJK SC,sans-serif,Roboto,Droid Sans,Helvetica,Tahoma,Arial,Hiragino Sans GB,Heiti SC; font-weight: 400; font-style: normal; ;color: #111; background: transparent; letter-spacing: 0pt; vertical-align: baseline; white-space: pre;\">George Clinton</span></p>\n<p class=\"paragraph text-align-type-left pap-line-1.8 pap-line-rule-auto pap-spacing-before-2pt pap-spacing-after-2pt\" style=\"text-align: left; line-height: 180%; margin-top: 2.6666666666666665px; margin-bottom: 2.6666666666666665px;\"><span style=\"font-size: 11pt; font-family: SF Pro,PingFang SC,Microsoft YaHei,微软雅黑,Noto Sans CJK SC,sans-serif,Roboto,Droid Sans,Helvetica,Tahoma,Arial,Hiragino Sans GB,Heiti SC; font-weight: 400; font-style: normal; ;color: #111; background: transparent; letter-spacing: 0pt; vertical-align: baseline; white-space: pre;\">Georgia Anne Muldrow</span></p>\n<p class=\"paragraph text-align-type-left pap-line-1.8 pap-line-rule-auto pap-spacing-before-2pt pap-spacing-after-2pt\" style=\"text-align: left; line-height: 180%; margin-top: 2.6666666666666665px; margin-bottom: 2.6666666666666665px;\"><span style=\"font-size: 11pt; font-family: SF Pro,PingFang SC,Microsoft YaHei,微软雅黑,Noto Sans CJK SC,sans-serif,Roboto,Droid Sans,Helvetica,Tahoma,Arial,Hiragino Sans GB,Heiti SC; font-weight: 400; font-style: normal; ;color: #111; background: transparent; letter-spacing: 0pt; vertical-align: baseline; white-space: pre;\">Iglooghost</span></p>\n<p class=\"paragraph text-align-type-left pap-line-1.8 pap-line-rule-auto pap-spacing-before-2pt pap-spacing-after-2pt\" style=\"text-align: left; line-height: 180%; margin-top: 2.6666666666666665px; margin-bottom: 2.6666666666666665px;\"><span style=\"font-size: 11pt; font-family: SF Pro,PingFang SC,Microsoft YaHei,微软雅黑,Noto Sans CJK SC,sans-serif,Roboto,Droid Sans,Helvetica,Tahoma,Arial,Hiragino Sans GB,Heiti SC; font-weight: 400; font-style: normal; ;color: #111; background: transparent; letter-spacing: 0pt; vertical-align: baseline; white-space: pre;\">Jaga Jazzist</span></p>\n<p class=\"paragraph text-align-type-left pap-line-1.8 pap-line-rule-auto pap-spacing-before-2pt pap-spacing-after-2pt\" style=\"text-align: left; line-height: 180%; margin-top: 2.6666666666666665px; margin-bottom: 2.6666666666666665px;\"><span style=\"font-size: 11pt; font-family: SF Pro,PingFang SC,Microsoft YaHei,微软雅黑,Noto Sans CJK SC,sans-serif,Roboto,Droid Sans,Helvetica,Tahoma,Arial,Hiragino Sans GB,Heiti SC; font-weight: 400; font-style: normal; ;color: #111; background: transparent; letter-spacing: 0pt; vertical-align: baseline; white-space: pre;\">Jameszoo</span></p>\n</div>\n</div>",
 "remarks": "本词条汉字内容由 @多频百科团队 翻译+编辑\n原文译自 https://en.wikipedia.org/wiki/Brainfeeder",
 "remarksEn": "本词条内容来自 https://en.wikipedia.org/wiki/Brainfeeder",
 "status": 1,
 "clickNum": 11,
 "deleted": 0,
 "lang": 0,
 "chooseLang": true,
 "id": 38,
 "name": "Brainfeeder",
 "descriptions": "Brainfeeder是一家独立厂牌，位于美国加利福尼亚州洛杉矶，由Flying Lotus于2008年创立，主营风格为电子音乐和Instrumental Hip Hop。它已签署的艺术家有 Ras G， Samiyam， The Gaslamp Killer， Thundercat，The Underachievers， Lapalux， Daedelus，和Mr. Oizo。",
 "picture": "https://duopin-community.oss-cn-shenzhen.aliyuncs.com/qsr5h0ffdba81vjgwrks.png",
 "originalName": "",
 "foundTimeText": "2008",
 "foundAddress": "Los Angeles, California, U.S",
 "founder": "Flying Lotus",
 "parentBrand": "",
 "childBrand": "",
 "majorStyle": "Electronic, hip hop, jazz",
 "delegateArtist": "Austin Peralta\r\nCaptain Murphy\r\nDaedelus\r\nDavid Firth\r\nDJ Paypal\r\nDorian Concept\r\nFlying Lotus\r\nGenevieve Artadi\r\nGeorge Clinton\r\nGeorgia Anne Muldrow\r\nIglooghost\r\nJaga Jazzist\r\nJameszoo\r\nJeremiah Jae\r\nKamasi Washington",
 "officialUrl": "www.brainfeedersite.com",
 "referenceUrl": "https://en.wikipedia.org/wiki/Brainfeeder",
 "manageStatusText": "运营中",
 "style": "Electronic, hip hop, jazz",
 "country": "美国",
 "typeId": 14,
 "typeName": "厂牌",
 "dataId": 38,
 "url": "http://dropinapp.hearinmusic.com/#/ency?typeId=14&dataId=38"
}