{
 "pageNum": 1,
 "pageSize": 10,
 "params": {},
 "content": "<p></p>\n\r<p></p>\n\r<p></p>\n\r<p></p>",
 "remarks": "本词条内容暂未完善仅供参考，多频百科小编正在火速赶来",
 "remarksEn": "本词条内容暂未完善仅供参考，多频百科小编正在火速赶来",
 "status": 0,
 "clickNum": 0,
 "deleted": 0,
 "lang": 0,
 "chooseLang": false,
 "id": 543,
 "name": "Brainkracking Rekords",
 "descriptions": "\n\nSpanish free digital record label of Hardcore, Gabber, Breakcore, Industrial, Frenchcore, Darkcore, Terror, Speedcore and other similar styles. Since 2009. ",
 "picture": "https://duopin-community.oss-cn-shenzhen.aliyuncs.com/o4znu57ss9959fg4q4j0.jpg",
 "originalName": "",
 "foundTimeText": "2009",
 "foundAddress": " Barcelona, Barcelona, Catalunya, Spain",
 "founder": "",
 "parentBrand": "",
 "childBrand": "",
 "majorStyle": "breakcore, speedcore",
 "delegateArtist": "",
 "officialUrl": "",
 "referenceUrl": "https://musicbrainz.org/label/acf64434-a76d-4acf-85c6-30bb89c7f6e7/aliases",
 "manageStatusText": "",
 "style": "Hardcore",
 "country": "西班牙",
 "typeId": 14,
 "typeName": "厂牌",
 "dataId": 543,
 "url": "http://dropinapp.hearinmusic.com/#/ency?typeId=14&dataId=543"
}