{
 "pageNum": 1,
 "pageSize": 10,
 "params": {},
 "content": "<p></p>\n\r<p></p>\n\r<p></p>\n\r<p></p>",
 "remarks": "本词条内容暂未完善仅供参考，多频百科小编正在火速赶来",
 "remarksEn": "本词条内容暂未完善仅供参考，多频百科小编正在火速赶来",
 "status": 0,
 "clickNum": 0,
 "deleted": 0,
 "lang": 0,
 "chooseLang": false,
 "id": 544,
 "name": "Brand nu Recordings",
 "descriptions": "\n\nConceived as an outlet for collaborations with other artists and also as a vehicle to promote music by lesser-known artists, BrandNu Recordings is the brainchild of Nu:Tone aka Dan Gresham. \nFirst started in 2003, the label took a brief break after release 007, but returned in 2008 with a host of new releases as well as a new sublabel by the name of BrandNu:X. ",
 "picture": "https://duopin-community.oss-cn-shenzhen.aliyuncs.com/s4hm5icuzbbc7nulu3fy.jpg",
 "originalName": "BrandNu Recordings",
 "foundTimeText": "2003-06-23 ",
 "foundAddress": "United Kingdom",
 "founder": "Nu:Tone",
 "parentBrand": "",
 "childBrand": "\nBrandnu:x",
 "majorStyle": "drum and bass",
 "delegateArtist": "",
 "officialUrl": "",
 "referenceUrl": "https://musicbrainz.org/label/e23ad1b6-4cc7-4e23-82c8-54554ce064fd",
 "manageStatusText": "",
 "style": "Drum&Bass",
 "country": "英国",
 "typeId": 14,
 "typeName": "厂牌",
 "dataId": 544,
 "url": "http://dropinapp.hearinmusic.com/#/ency?typeId=14&dataId=544"
}