{
 "pageNum": 1,
 "pageSize": 10,
 "params": {},
 "content": "<p></p>\n\r<p></p>\n\r<p></p>\n\r<p></p>",
 "remarks": "本词条内容暂未完善仅供参考，多频百科小编正在火速赶来",
 "remarksEn": "本词条内容暂未完善仅供参考，多频百科小编正在火速赶来",
 "status": 0,
 "clickNum": 0,
 "deleted": 0,
 "lang": 0,
 "chooseLang": false,
 "id": 549,
 "name": "Breakdown Records",
 "descriptions": "\n\nSubsidiary of Suburban Base Records set up in 1994 for releasing compilations/DJ mixes. Defunct since 1997. \n",
 "picture": "https://duopin-community.oss-cn-shenzhen.aliyuncs.com/d9sr7fggxv9urknluwr3.jpg",
 "originalName": "",
 "foundTimeText": "1994",
 "foundAddress": "United Kingdom",
 "founder": "",
 "parentBrand": " Suburban Base Records",
 "childBrand": "",
 "majorStyle": "drum and bass",
 "delegateArtist": "",
 "officialUrl": "",
 "referenceUrl": "https://musicbrainz.org/label/4914893a-7df7-40a5-93a1-4e8c6f2cb048",
 "manageStatusText": "已停运",
 "style": "Drum&Bass",
 "country": "英国",
 "typeId": 14,
 "typeName": "厂牌",
 "dataId": 549,
 "url": "http://dropinapp.hearinmusic.com/#/ency?typeId=14&dataId=549"
}