{
 "pageNum": 1,
 "pageSize": 10,
 "params": {},
 "content": "<p></p>\n\r<p></p>\n\r<p></p>\n\r<p></p>",
 "remarks": "本词条内容暂未完善仅供参考，多频百科小编正在火速赶来",
 "remarksEn": "本词条内容暂未完善仅供参考，多频百科小编正在火速赶来",
 "status": 0,
 "clickNum": 0,
 "deleted": 0,
 "lang": 0,
 "chooseLang": false,
 "id": 547,
 "name": "Breakaway Entertainment",
 "descriptions": "\nHip-Hop label based in Houston, Texas. \n\n",
 "picture": "https://duopin-community.oss-cn-shenzhen.aliyuncs.com/owt4q4chjc8qfemf5j8s.jpg",
 "originalName": "",
 "foundTimeText": "",
 "foundAddress": "Houston, Texas",
 "founder": "",
 "parentBrand": "",
 "childBrand": "",
 "majorStyle": "hip hop",
 "delegateArtist": "",
 "officialUrl": "",
 "referenceUrl": "https://musicbrainz.org/label/655349f1-ddec-4d0a-bdbb-1175618de384/relationships",
 "manageStatusText": "",
 "style": "Hip-hop",
 "country": "美国",
 "typeId": 14,
 "typeName": "厂牌",
 "dataId": 547,
 "url": "http://dropinapp.hearinmusic.com/#/ency?typeId=14&dataId=547"
}