{
 "pageNum": 1,
 "pageSize": 10,
 "params": {},
 "content": "<div>\n<div class=\"document\">\n<p class=\"paragraph text-align-type-left pap-line-1.8 pap-line-rule-auto pap-spacing-before-2pt pap-spacing-after-2pt\" style=\"text-align: justify;\">Breakbeat Kaos是英国的独立厂牌，总部在英国伦敦，主营Drum and Bass。它由Fresh和Adam F共同拥有，后者于2003年通过将Fresh的Breakbeat Punk与Adam F的Kaos Recordings合并而创立了该厂牌。</p>\n<p class=\"paragraph text-align-type-left pap-line-1.8 pap-line-rule-auto pap-spacing-before-2pt pap-spacing-after-2pt\" style=\"text-align: justify;\">&nbsp;</p>\n<p class=\"paragraph text-align-type-left pap-line-1.8 pap-line-rule-auto pap-spacing-before-2pt pap-spacing-after-2pt\" style=\"text-align: justify;\">该厂牌的第一张专辑是Fresh发行的名为&ldquo; Dalicks / Temple of Doom&rdquo;的12英寸双面A-side单曲。第二年，该厂牌发行了Pendulum的单曲&ldquo; Another Planet / Voyager &rdquo;，在UK Dance Chart单曲中排名第一。他们还制作了首张完整发行的专辑， 其中包括合辑Jungle Sound: The Bassline Strikes Back!。</p>\n<p class=\"paragraph text-align-type-left pap-line-1.8 pap-line-rule-auto pap-spacing-before-2pt pap-spacing-after-2pt\" style=\"text-align: justify;\">&nbsp;</p>\n<p class=\"paragraph text-align-type-left pap-line-1.8 pap-line-rule-auto pap-spacing-before-2pt pap-spacing-after-2pt\" style=\"text-align: justify;\">从2005年开始，Breakbeat Kaos发行了Pendulum，Fresh和J Majik＆Wickaman的首张专辑。其中的第一张专辑是Pendulum的Hold Your Color，后来成为了金专，仅在英国的销量就超过225,000。该厂牌还发行了包括Baron在内的艺术家的单曲，他在美国为动作体育电影、Chase &amp; Status、D.Kay 和 Future Prophecies 配乐。自成立以来，Breakbeat Kaos发行了来自13位艺术家的31张单曲和4张专辑，此外还通过其子厂牌Under Construction和Dogs on Acid发行了14张单曲。</p>\n<p class=\"paragraph text-align-type-left pap-line-1.8 pap-line-rule-auto pap-spacing-before-2pt pap-spacing-after-2pt\" style=\"text-align: justify;\">&nbsp;</p>\n<p class=\"paragraph text-align-type-left pap-line-1.8 pap-line-rule-auto pap-spacing-before-2pt pap-spacing-after-2pt\" style=\"text-align: justify;\">厂牌也催生了像Dogs on Acid论坛这样粉丝和制作人繁荣的在线社区。这些论坛的用户涵盖了Pendulum和Adam F在内的厂牌签约艺人，以便与目标受众进行交流。</p>\n<p class=\"paragraph text-align-type-left pap-line-1.8 pap-line-rule-auto pap-spacing-before-2pt pap-spacing-after-2pt\" style=\"text-align: justify;\">&nbsp;</p>\n<div>\n<div class=\"document\">\n<p class=\"paragraph text-align-type-left pap-line-1.8 pap-line-rule-auto pap-spacing-before-2pt pap-spacing-after-2pt\">Breakbeat Kaos在2012年停止发行音乐，但在2018年该厂牌又重新恢复运营。</p>\n</div>\n</div>\n<p class=\"paragraph text-align-type-left pap-line-1.8 pap-line-rule-auto pap-spacing-before-2pt pap-spacing-after-2pt\" style=\"text-align: justify;\">&nbsp;</p>\n<div>\n<div class=\"document\">\n<p class=\"paragraph text-align-type-left pap-line-1.8 pap-line-rule-auto pap-spacing-before-2pt pap-spacing-after-2pt pap-left-indent-2em\">&nbsp;</p>\n</div>\n</div>\n</div>\n</div>",
 "contentEn": "<div>\n<div class=\"document\">\n<p class=\"paragraph text-align-type-left pap-line-1.8 pap-line-rule-auto pap-spacing-before-2pt pap-spacing-after-2pt\" style=\"text-align: left; line-height: 180%; margin-top: 2.6666666666666665px; margin-bottom: 2.6666666666666665px;\"><span style=\"font-size: 11pt; font-family: SF Pro,PingFang SC,Microsoft YaHei,微软雅黑,Noto Sans CJK SC,sans-serif,Roboto,Droid Sans,Helvetica,Tahoma,Arial,Hiragino Sans GB,Heiti SC; font-weight: 400; font-style: normal; ;color: #111; background: transparent; letter-spacing: 0pt; vertical-align: baseline; white-space: pre;\">Breakbeat Kaos is a British independent record label based in London, UK that specialises in drum and bass. It is jointly owned by Fresh and Adam F, who founded the label in 2003 by merging Fresh's Breakbeat Punk with Adam F's Kaos Recordings. The label's first release was a 12\" double A-side single by Fresh titled \"Dalicks / Temple of Doom\". The following year the label released the single \"Another Planet / Voyager\" by Pendulum, which peaked at number one in the UK Dance Chart. They also produced their first full-length release with the compilation album Jungle Sound: The Bassline Strikes Back!.</span></p>\n<p class=\"paragraph text-align-type-left pap-line-1.8 pap-line-rule-auto pap-spacing-before-2pt pap-spacing-after-2pt\" style=\"text-align: left; line-height: 180%; margin-top: 2.6666666666666665px; margin-bottom: 2.6666666666666665px;\">&nbsp;</p>\n<p class=\"paragraph text-align-type-left pap-line-1.8 pap-line-rule-auto pap-spacing-before-2pt pap-spacing-after-2pt\" style=\"text-align: left; line-height: 180%; margin-top: 2.6666666666666665px; margin-bottom: 2.6666666666666665px;\"><span style=\"font-size: 11pt; font-family: SF Pro,PingFang SC,Microsoft YaHei,微软雅黑,Noto Sans CJK SC,sans-serif,Roboto,Droid Sans,Helvetica,Tahoma,Arial,Hiragino Sans GB,Heiti SC; font-weight: 400; font-style: normal; ;color: #111; background: transparent; letter-spacing: 0pt; vertical-align: baseline; white-space: pre;\">Starting in 2005, Breakbeat Kaos has released studio album debuts from Pendulum, Fresh and J Majik &amp; Wickaman. The first of these, the Pendulum album Hold Your Colour, was later certified gold, exceeding 225,000 sales in the UK alone. The label has also released singles by artists including Baron, who has gone on to score action sports films in the United States, Chase &amp; Status, D.Kay and Future Prophecies. Since its foundation, Breakbeat Kaos has released 31 singles and four albums from more than thirteen artists, in addition to fourteen singles released through its sublabels, Under Construction and Dogs on Acid.</span></p>\n<p class=\"paragraph text-align-type-left pap-line-1.8 pap-line-rule-auto pap-spacing-before-2pt pap-spacing-after-2pt\" style=\"text-align: left; line-height: 180%; margin-top: 2.6666666666666665px; margin-bottom: 2.6666666666666665px;\">&nbsp;</p>\n<p class=\"paragraph text-align-type-left pap-line-1.8 pap-line-rule-auto pap-spacing-before-2pt pap-spacing-after-2pt\" style=\"text-align: left; line-height: 180%; margin-top: 2.6666666666666665px; margin-bottom: 2.6666666666666665px;\"><span style=\"font-size: 11pt; font-family: SF Pro,PingFang SC,Microsoft YaHei,微软雅黑,Noto Sans CJK SC,sans-serif,Roboto,Droid Sans,Helvetica,Tahoma,Arial,Hiragino Sans GB,Heiti SC; font-weight: 400; font-style: normal; ;color: #111; background: transparent; letter-spacing: 0pt; vertical-align: baseline; white-space: pre;\">The label has also spawned a thriving online community of fans and producers through the medium of the Dogs on Acid forums. These forums have been used by various people associated with the label, including Pendulum and Adam F, in order to communicate with their target audience.</span></p>\n<p class=\"paragraph text-align-type-left pap-line-1.8 pap-line-rule-auto pap-spacing-before-2pt pap-spacing-after-2pt\" style=\"text-align: left; line-height: 180%; margin-top: 2.6666666666666665px; margin-bottom: 2.6666666666666665px;\">&nbsp;</p>\n<p class=\"paragraph text-align-type-left pap-line-1.8 pap-line-rule-auto pap-spacing-before-2pt pap-spacing-after-2pt\" style=\"text-align: left; line-height: 180%; margin-top: 2.6666666666666665px; margin-bottom: 2.6666666666666665px;\"><span style=\"font-size: 10.5pt; font-family: sans-serif; font-weight: 400; font-style: normal; ;color: #202122; background: #ffffff; letter-spacing: 0pt; vertical-align: baseline; white-space: pre;\">Breakbeat Kaos stopped releasing music in 2012, but in 2018 the label was brought back into operation.</span></p>\n</div>\n</div>",
 "remarks": "本词条汉字内容由 @多频百科团队 翻译+编辑\n原文译自 https://en.wikipedia.org/wiki/Breakbeat_Kaos",
 "remarksEn": "本词条内容来自 https://en.wikipedia.org/wiki/Breakbeat_Kaos",
 "status": 1,
 "clickNum": 10,
 "deleted": 0,
 "lang": 0,
 "chooseLang": true,
 "id": 39,
 "name": "Breakbeat Kaos",
 "descriptions": "Breakbeat Kaos是英国的独立厂牌，总部在英国伦敦，主营Drum and Bass。它由Fresh和Adam F共同拥有，后者于2003年通过将Fresh的Breakbeat Punk与Adam F的Kaos Recordings合并而创立了该厂牌。\n\n",
 "picture": "https://duopin-community.oss-cn-shenzhen.aliyuncs.com/qrr8rkd3bvmjgu4k07f8.png",
 "originalName": "",
 "foundTimeText": "2003",
 "foundAddress": "英国伦敦",
 "founder": "Fresh；Adam F",
 "parentBrand": "",
 "childBrand": "",
 "majorStyle": "Drum and Bass",
 "delegateArtist": "DJ Fresh\nAdam F\nBaron",
 "officialUrl": "http://www.breakbeatkaos.co.uk/",
 "referenceUrl": "https://en.wikipedia.org/wiki/Breakbeat_Kaos",
 "manageStatusText": "",
 "style": "Drum and Bass",
 "country": "英国",
 "typeId": 14,
 "typeName": "厂牌",
 "dataId": 39,
 "url": "http://dropinapp.hearinmusic.com/#/ency?typeId=14&dataId=39"
}