{
 "pageNum": 1,
 "pageSize": 10,
 "params": {},
 "content": "<p></p>\n\r<p></p>\n\r<p></p>\n\r<p></p>",
 "remarks": "本词条内容暂未完善仅供参考，多频百科小编正在火速赶来",
 "remarksEn": "本词条内容暂未完善仅供参考，多频百科小编正在火速赶来",
 "status": 0,
 "clickNum": 1,
 "deleted": 0,
 "lang": 0,
 "chooseLang": false,
 "id": 546,
 "name": "Breadhead Records",
 "descriptions": "\n\r",
 "originalName": "",
 "foundTimeText": "",
 "foundAddress": " Uithoorn, Noord-Holland, Netherlands, Kingdom of the Netherlands",
 "founder": "Breadhead",
 "parentBrand": "",
 "childBrand": "",
 "majorStyle": "hardstyle",
 "delegateArtist": "",
 "officialUrl": "https://breadhead.nl/",
 "referenceUrl": "https://musicbrainz.org/label/5c7a587d-8493-45b7-9368-b275ded80a62/relationships",
 "manageStatusText": "",
 "style": "Hardstyle",
 "country": "荷兰",
 "typeId": 14,
 "typeName": "厂牌",
 "dataId": 546,
 "url": "http://dropinapp.hearinmusic.com/#/ency?typeId=14&dataId=546"
}