{
 "pageNum": 1,
 "pageSize": 10,
 "params": {},
 "content": "<p></p>\n\r<p></p>\n\r<p></p>\n\r<p></p>",
 "remarks": "本词条内容暂未完善仅供参考，多频百科小编正在火速赶来",
 "remarksEn": "本词条内容暂未完善仅供参考，多频百科小编正在火速赶来",
 "status": 0,
 "clickNum": 0,
 "deleted": 0,
 "lang": 0,
 "chooseLang": false,
 "id": 550,
 "name": "Breed 12 Inches",
 "descriptions": "\n\"Forward thinking, avant-garde\" Drum & Bass & Dubstep label from London, UK. \nSister label to London's Indie Dance label Lifted Music (2). \nFounded in March 2008 by Chris Renegade. \n\nPublishing entity: We Are Lifted \nDistribution: SRD\n\n",
 "picture": "https://duopin-community.oss-cn-shenzhen.aliyuncs.com/b1h5ca3i6d5hbbhzxa5x.jpg",
 "originalName": "",
 "foundTimeText": " 2008-03-09",
 "foundAddress": "United Kingdom",
 "founder": "Chris Renegade",
 "parentBrand": " Lifted Music (2)",
 "childBrand": "",
 "majorStyle": "drum and bass",
 "delegateArtist": "",
 "officialUrl": "",
 "referenceUrl": "https://musicbrainz.org/label/fde927ad-6358-4a05-859b-d7d44cc92c1b/relationships",
 "manageStatusText": "",
 "style": "Drum&Bass",
 "country": "英国",
 "typeId": 14,
 "typeName": "厂牌",
 "dataId": 550,
 "url": "http://dropinapp.hearinmusic.com/#/ency?typeId=14&dataId=550"
}