{
 "pageNum": 1,
 "pageSize": 10,
 "params": {},
 "content": "<p></p>\n\r<p></p>\n\r<p></p>\n\r<p></p>",
 "remarks": "本词条内容暂未完善仅供参考，多频百科小编正在火速赶来",
 "remarksEn": "本词条内容暂未完善仅供参考，多频百科小编正在火速赶来",
 "status": 0,
 "clickNum": 0,
 "deleted": 0,
 "lang": 0,
 "chooseLang": false,
 "id": 551,
 "name": "Brick Records",
 "descriptions": "\n\n\nBoston based underground Hip Hop Label. Founded in 1996. ",
 "picture": "https://duopin-community.oss-cn-shenzhen.aliyuncs.com/b0bqzyj6wngk1r1i799f.jpg",
 "originalName": "",
 "foundTimeText": "1996",
 "foundAddress": " Boston, Massachusetts, United States",
 "founder": "",
 "parentBrand": "",
 "childBrand": "",
 "majorStyle": "hip hop",
 "delegateArtist": "",
 "officialUrl": "http://brickrecords.com/",
 "referenceUrl": "https://musicbrainz.org/label/4c857fc7-4262-4af8-9e7f-671fcd119d61/relationships",
 "manageStatusText": "",
 "style": "Hip-hop",
 "country": "美国",
 "typeId": 14,
 "typeName": "厂牌",
 "dataId": 551,
 "url": "http://dropinapp.hearinmusic.com/#/ency?typeId=14&dataId=551"
}