{
 "pageNum": 1,
 "pageSize": 10,
 "params": {},
 "content": "<p></p>\n\r<p></p>\n\r<p></p>\n\r<p></p>",
 "remarks": "本词条内容暂未完善仅供参考，多频百科小编正在火速赶来",
 "remarksEn": "本词条内容暂未完善仅供参考，多频百科小编正在火速赶来",
 "status": 0,
 "clickNum": 0,
 "deleted": 0,
 "lang": 0,
 "chooseLang": false,
 "id": 552,
 "name": "Brigand Music",
 "descriptions": "\n\nBrigand Music is D. Kay's label from Vienna, Austria with releases being distributed via ST Holdings, UK. \n",
 "picture": "https://duopin-community.oss-cn-shenzhen.aliyuncs.com/ix5d18rsh8hyv6a2rv2x.jpg",
 "originalName": "Brigand",
 "foundTimeText": "",
 "foundAddress": "Austria",
 "founder": "D. Kay",
 "parentBrand": "",
 "childBrand": "",
 "majorStyle": "drum and bass",
 "delegateArtist": "",
 "officialUrl": "",
 "referenceUrl": "https://musicbrainz.org/label/cd8e0cf6-b96d-4c58-909e-a1545f5c8074/relationships",
 "manageStatusText": "",
 "style": "Drum&Bass",
 "country": "澳大利亚",
 "typeId": 14,
 "typeName": "厂牌",
 "dataId": 552,
 "url": "http://dropinapp.hearinmusic.com/#/ency?typeId=14&dataId=552"
}