{
 "pageNum": 1,
 "pageSize": 10,
 "params": {},
 "content": "<p></p>\n\r<p></p>\n\r<p></p>\n\r<p></p>",
 "remarks": "本词条内容暂未完善仅供参考，多频百科小编正在火速赶来",
 "remarksEn": "本词条内容暂未完善仅供参考，多频百科小编正在火速赶来",
 "status": 0,
 "clickNum": 0,
 "deleted": 0,
 "lang": 0,
 "chooseLang": false,
 "id": 553,
 "name": "Broken Audio Recordings",
 "descriptions": "\n\nBroken Audio Recordings started out in 2009 as a pioneer of what was then a new, more minimal style of Drum & Bass. \n\nSince that time the label has developed and evolved towards being a leading exponent of all cutting edge electronic music, from Drum & Bass to Hip hop and most things in between, with an ethos of seeking out and releasing high quality beats, whether that be from industry established big hitters or brand new, previously unknown artists. \n\nProudly boasting an artist roster that already includes musical heavyweights such as Skeptical, June Miller, Foreign Concept (Under the pseudonym Mad Rabbit), DLR, Anile, J Robinson, Bloodman, Meth, Pessimist (AKA Ruffhouse), DBR UK & Genotype to name but a few, you can rely on Broken Audio to bring you only the very freshest sounds from around the World. \n\nFor all the latest info, music and merchandise, including limited edition and exclusive releases, please visit the Broken Audio Recordings website & shop \n",
 "picture": "https://duopin-community.oss-cn-shenzhen.aliyuncs.com/b4wknr3z52amckulyfun.jpg",
 "originalName": "",
 "foundTimeText": "2009-04",
 "foundAddress": "",
 "founder": "",
 "parentBrand": "",
 "childBrand": "",
 "majorStyle": "drum and bass",
 "delegateArtist": "",
 "officialUrl": "http://www.brokenaudiorecordings.com/",
 "referenceUrl": "https://musicbrainz.org/label/8e81c687-3902-4e96-860b-87f609a481c0/relationships",
 "manageStatusText": "",
 "style": "Drum&Bass",
 "country": "",
 "typeId": 14,
 "typeName": "厂牌",
 "dataId": 553,
 "url": "http://dropinapp.hearinmusic.com/#/ency?typeId=14&dataId=553"
}