{
 "pageNum": 1,
 "pageSize": 10,
 "params": {},
 "relationEncy": "[{\"id\":36762,\"typeId\":12,\"dataId\":33137,\"name\":\"Brook Gee\",\"url\":\"http://dropinapp.hearinmusic.com/#/ency?typeId=12&dataId=33137\"}]",
 "content": "<p>Brook Gee Records是2018年由制作人Brook George在澳大利亚成立的House厂牌</p>",
 "contentEn": "<p>Brook Gee Records was established in Australia at the beginning of 2018 by music teacher, DJ and producer, Brook George. When the label first started out, its main goal was to release Brook's own music and support upcoming artists worldwide, mainly in the house and dance genres. Three years later, with the label's 100th release coming up and over 40 well known artists signed to the label along with many Top 100 hits and lots of media coverage, Brook Gee has become a global leading independent house and dance record label. Brook Gee Records is all about quality and not quantity with around 30 releases per year and only the very best in house and dance music is signed to the label. Be on the lookout for brand new music from the roster of talented artists on Brook Gee in the future and beyond!</p>",
 "remarks": "本词条内容由 @多频百科团队 编辑",
 "remarksEn": "本词条内容来自 https://www.brookgeerecords.com/about",
 "status": 1,
 "clickNum": 0,
 "deleted": 0,
 "lang": 0,
 "chooseLang": true,
 "id": 1943,
 "name": "Brook Gee Records",
 "descriptions": "2018年由制作人Brook George在澳大利亚成立的House厂牌",
 "picture": "https://duopin-community.oss-cn-shenzhen.aliyuncs.com/image/2021/8/lfmwg10hv4197o1j9uqa.webp",
 "foundTimeText": "2018",
 "foundAddress": "澳大利亚",
 "founder": "Brook Gee",
 "majorStyle": "House",
 "delegateArtist": "KPD, Peter Brown, Ivan Pica",
 "officialUrl": "https://www.brookgeerecords.com/",
 "manageStatusText": "运营中",
 "style": "House",
 "country": "澳大利亚",
 "typeId": 14,
 "typeName": "厂牌",
 "dataId": 1943,
 "url": "http://dropinapp.hearinmusic.com/#/ency?typeId=14&dataId=1943"
}