{
 "pageNum": 1,
 "pageSize": 10,
 "params": {},
 "content": "<p></p>\n\r<p></p>\n\r<p></p>\n\r<p></p>",
 "remarks": "本词条内容暂未完善仅供参考，多频百科小编正在火速赶来",
 "remarksEn": "本词条内容暂未完善仅供参考，多频百科小编正在火速赶来",
 "status": 0,
 "clickNum": 0,
 "deleted": 0,
 "lang": 0,
 "chooseLang": false,
 "id": 554,
 "name": "Broque",
 "descriptions": "\n\r",
 "picture": "https://duopin-community.oss-cn-shenzhen.aliyuncs.com/5wwlb4sgt6svff2fmj84.jpg",
 "originalName": "",
 "foundTimeText": "",
 "foundAddress": "Germany",
 "founder": "",
 "parentBrand": "",
 "childBrand": "",
 "majorStyle": "idm",
 "delegateArtist": "",
 "officialUrl": "http://www.broque.de/",
 "referenceUrl": "https://musicbrainz.org/label/8c1aabf7-b0e6-4828-96d0-994af1858466/relationships",
 "manageStatusText": "",
 "style": "Intelligent Dance Music",
 "country": "德国",
 "typeId": 14,
 "typeName": "厂牌",
 "dataId": 554,
 "url": "http://dropinapp.hearinmusic.com/#/ency?typeId=14&dataId=554"
}