{
 "pageNum": 1,
 "pageSize": 10,
 "params": {},
 "content": "<p></p>\n\r<p></p>\n\r<p></p>\n\r<p></p>",
 "remarks": "本词条内容暂未完善仅供参考，多频百科小编正在火速赶来",
 "remarksEn": "本词条内容暂未完善仅供参考，多频百科小编正在火速赶来",
 "status": 0,
 "clickNum": 0,
 "deleted": 0,
 "lang": 0,
 "chooseLang": false,
 "id": 555,
 "name": "Brownswood Recordings",
 "descriptions": "Label started in 2006 by Gilles Peterson to output some artists he felt deserved attention. \nIt follows on from the first Brownswood Records imprint which was a side-label of Talkin' Loud (part of Mercury) –probably the most influential label Gilles Peterson has been involved in– which released stuff from Japanese artists in the mid-1990s (more specifically, mainly from the artist United Future Organization). \n\nThe label's inspiration comes from the Brownswood Basement sessions that Gilles did every three months or so on his BBC Radio 1 'Worldwide' show. In these sessions he got back to the roots of modern Jazz-influenced dancefloor music by playing records (strictly vinyl original pressings, of course!) that continue to inspire newer musicians and producers today. \n\nSome of these newer artists, musicians and producers are highlighted on the label, and it serves as an outlet for those who are a bit different or unusual, and who might have been overlooked by most labels, a space to get their work released, plus also serves as home to his Gilles Peterson's Havana Cultura Band project. \n",
 "picture": "https://duopin-community.oss-cn-shenzhen.aliyuncs.com/yhkx7eo1wi0a032kaadc.jpg",
 "originalName": "",
 "foundTimeText": "2006",
 "foundAddress": " United Kingdom",
 "founder": "Gilles Peterson",
 "parentBrand": " Brownswood Music Ltd.",
 "childBrand": "\nBrownswood Bubblers, Brownswood Electr*c, Future Bubblers",
 "majorStyle": "drum and bass",
 "delegateArtist": "",
 "officialUrl": "http://www.brownswoodrecordings.com/",
 "referenceUrl": "https://musicbrainz.org/label/6483a614-d00f-42b0-af39-a602b3ce5daa/relationships",
 "manageStatusText": "",
 "style": "Drum&Bass",
 "country": "英国",
 "typeId": 14,
 "typeName": "厂牌",
 "dataId": 555,
 "url": "http://dropinapp.hearinmusic.com/#/ency?typeId=14&dataId=555"
}