{
 "pageNum": 1,
 "pageSize": 10,
 "params": {},
 "content": "<p></p>\n\r<p></p>\n\r<p></p>\n\r<p></p>",
 "remarks": "本词条内容暂未完善仅供参考，多频百科小编正在火速赶来",
 "remarksEn": "本词条内容暂未完善仅供参考，多频百科小编正在火速赶来",
 "status": 0,
 "clickNum": 0,
 "deleted": 0,
 "lang": 0,
 "chooseLang": false,
 "id": 556,
 "name": "Bruster and Friends",
 "descriptions": "\n\r",
 "originalName": "",
 "foundTimeText": " 2020-04-01",
 "foundAddress": "United States",
 "founder": "Bvck",
 "parentBrand": "",
 "childBrand": "",
 "majorStyle": "electronic, experimental, industrial, underground hip hop, witch house",
 "delegateArtist": "",
 "officialUrl": "https://www.brusterandfriends.com/",
 "referenceUrl": "https://musicbrainz.org/label/ca0010db-fe4f-4e86-bed8-cac429725383",
 "manageStatusText": "",
 "style": "Electronic, Hip-hop, House",
 "country": "美国",
 "typeId": 14,
 "typeName": "厂牌",
 "dataId": 556,
 "url": "http://dropinapp.hearinmusic.com/#/ency?typeId=14&dataId=556"
}