{
 "pageNum": 1,
 "pageSize": 10,
 "params": {},
 "content": "<p></p>\n\r<p></p>\n\r<p></p>\n\r<p></p>",
 "remarks": "本词条内容暂未完善仅供参考，多频百科小编正在火速赶来",
 "remarksEn": "本词条内容暂未完善仅供参考，多频百科小编正在火速赶来",
 "status": 0,
 "clickNum": 0,
 "deleted": 0,
 "lang": 0,
 "chooseLang": false,
 "id": 557,
 "name": "Bumpy",
 "descriptions": "\nMinneapolis based Indie-label started in 2018 by composer/graphic artist Adam Werven of Larry Wish & His Guys. \n\nBumpy is a record label that delights in the wiggly & the whimsical side of music, and seeks to represent artists who embrace Play, Wonder, & unabashed Emotion in their practice. \n\n",
 "picture": "https://duopin-community.oss-cn-shenzhen.aliyuncs.com/zkfwz0l82o9bbykjn6xv.jpg",
 "originalName": "",
 "foundTimeText": " 2018-05-04",
 "foundAddress": " Minneapolis–Saint Paul, Minnesota, United States",
 "founder": "Larry Wish",
 "parentBrand": "",
 "childBrand": "",
 "majorStyle": "electronic, experimental",
 "delegateArtist": "",
 "officialUrl": "http://bumpylabel.net/",
 "referenceUrl": "https://musicbrainz.org/label/fe8f21a7-78c4-4398-a5ec-d96ede8030c3/relationships",
 "manageStatusText": "",
 "style": "Electronic, Experimental",
 "country": "美国",
 "typeId": 14,
 "typeName": "厂牌",
 "dataId": 557,
 "url": "http://dropinapp.hearinmusic.com/#/ency?typeId=14&dataId=557"
}