{
 "pageNum": 1,
 "pageSize": 10,
 "params": {},
 "content": "<p>BXR was created in 1992 as Italodance label but after four releases it was stopped. At the end of 1995 it was re-started by Gigi D'Agostino (the first record was Fly) under the name BXR Noise Maker and with a new music style: Progressive Trance (in Italy it was named \"Mediterranean Progressive\").<br />The label has used the name BXR Noise Maker (Noise Maker was payoff) from 1995 to 2000. In 2000 the name was switched again to BXR, and in the same time Gigi D'Agostino received his own sub-label called Noisemaker. Even the style of BXR was changed into Techno.</p>\n<p><br />A&amp;R was Mauro Picotto until 2002. Then the A&amp;R were Mario Pi&ugrave; and Joy Kitikonti. BXR was stopped in 2006 and restarted by Gianfranco Bortolotti in November 2015. The Current A&amp;R as of 02.02.2016 is \"Philipp Kieser\".</p>\n<p>&nbsp;</p>\n<p>本词条内容来自&nbsp;https://www.discogs.com/label/2967</p>",
 "remarks": "本词条内容暂未完善仅供参考，多频百科小编正在火速赶来",
 "remarksEn": "本词条内容暂未完善仅供参考，多频百科小编正在火速赶来",
 "status": 0,
 "clickNum": 0,
 "deleted": 0,
 "lang": 0,
 "chooseLang": false,
 "id": 1901,
 "name": "BXR Records",
 "descriptions": "",
 "picture": "https://duopin-community.oss-cn-shenzhen.aliyuncs.com/5ugn49157177w0dkzjo6.jpg",
 "foundTimeText": "1992",
 "foundAddress": "意大利",
 "parentBrand": "Media Records",
 "childBrand": "BXR Germany\nBXR Noise Maker\nBXR UK",
 "majorStyle": "Techno, Trance, Progressive",
 "officialUrl": "",
 "referenceUrl": "https://www.discogs.com/label/2967",
 "style": "Techno, Trance",
 "country": "意大利",
 "typeId": 14,
 "typeName": "厂牌",
 "dataId": 1901,
 "url": "http://dropinapp.hearinmusic.com/#/ency?typeId=14&dataId=1901"
}