{
 "pageNum": 1,
 "pageSize": 10,
 "params": {},
 "content": "<p></p>\n\r<p></p>\n\r<p></p>\n\r<p></p>",
 "remarks": "本词条内容暂未完善仅供参考，多频百科小编正在火速赶来",
 "remarksEn": "本词条内容暂未完善仅供参考，多频百科小编正在火速赶来",
 "status": 0,
 "clickNum": 0,
 "deleted": 0,
 "lang": 0,
 "chooseLang": false,
 "id": 560,
 "name": "C I A ",
 "descriptions": "\n\nEstablished in 1996, out of a necessity for Total Science to have their own imprint and identity in which to not only showcase their own ever increasing catalogue of music, but also for other artists with a similar style and approach. ",
 "picture": "https://duopin-community.oss-cn-shenzhen.aliyuncs.com/jvc9wlizrzelmtu8qbyw.jpg",
 "originalName": "Computer Integrated Audio, CIA, ciarecords, recordscia",
 "foundTimeText": " 1996-09-06",
 "foundAddress": "United Kingdom",
 "founder": "Total Science",
 "parentBrand": "",
 "childBrand": "\nAdvance//d Recordings, Audio Works (3), C.I.A. Deep Kut, C.I.A. Productions (2), Fix, Skindeep",
 "majorStyle": "drum and bass, jungle",
 "delegateArtist": "",
 "officialUrl": "",
 "referenceUrl": "https://musicbrainz.org/label/5b8c4187-0b00-4159-bdae-fced3f2256c8/aliases",
 "manageStatusText": "",
 "style": "Drum&Bass, 其他风格",
 "country": "英国",
 "typeId": 14,
 "typeName": "厂牌",
 "dataId": 560,
 "url": "http://dropinapp.hearinmusic.com/#/ency?typeId=14&dataId=560"
}