{
 "pageNum": 1,
 "pageSize": 10,
 "params": {},
 "content": "<p></p>\n\r<p></p>\n\r<p></p>\n\r<p></p>",
 "remarks": "本词条内容暂未完善仅供参考，多频百科小编正在火速赶来",
 "remarksEn": "本词条内容暂未完善仅供参考，多频百科小编正在火速赶来",
 "status": 0,
 "clickNum": 0,
 "deleted": 0,
 "lang": 0,
 "chooseLang": false,
 "id": 559,
 "name": "C Recordings",
 "descriptions": "\n\r",
 "originalName": "",
 "foundTimeText": "",
 "foundAddress": " Chemnitz, Sachsen, Germany",
 "founder": "T:Base",
 "parentBrand": "",
 "childBrand": "",
 "majorStyle": "drum and bass",
 "delegateArtist": "",
 "officialUrl": "http://c-recordings.com/",
 "referenceUrl": "https://musicbrainz.org/label/890fe3da-dc7b-4e7e-8f9a-2fe25e603505/relationships",
 "manageStatusText": "",
 "style": "Drum&Bass",
 "country": "德国",
 "typeId": 14,
 "typeName": "厂牌",
 "dataId": 559,
 "url": "http://dropinapp.hearinmusic.com/#/ency?typeId=14&dataId=559"
}