{
 "pageNum": 1,
 "pageSize": 10,
 "params": {},
 "content": "<p></p>\n\r<p></p>\n\r<p></p>\n\r<p></p>",
 "remarks": "本词条内容暂未完善仅供参考，多频百科小编正在火速赶来",
 "remarksEn": "本词条内容暂未完善仅供参考，多频百科小编正在火速赶来",
 "status": 0,
 "clickNum": 0,
 "deleted": 0,
 "lang": 0,
 "chooseLang": false,
 "id": 561,
 "name": "C12",
 "descriptions": "\n\n\nC12 is a multidisciplinary nightclub and platform run by the Deep in House collective, located in Brussels. It's a safe place where freedom, diversity, creativity and alternative culture are protected from the restrictive and normative outside world. The project was launched in February 2018 and includes concerts, art installations, lives, club nights and exhibitions. ",
 "picture": "https://duopin-community.oss-cn-shenzhen.aliyuncs.com/e6ml2nw0fi04zeiv6t63.jpg",
 "originalName": "",
 "foundTimeText": "",
 "foundAddress": " Brussels, Belgium",
 "founder": "",
 "parentBrand": "",
 "childBrand": "",
 "majorStyle": "house",
 "delegateArtist": "",
 "officialUrl": "",
 "referenceUrl": "https://musicbrainz.org/label/7ca3c816-5f1e-422a-a946-b75427e5cc53/aliases",
 "manageStatusText": "",
 "style": "House",
 "country": "比利时",
 "typeId": 14,
 "typeName": "厂牌",
 "dataId": 561,
 "url": "http://dropinapp.hearinmusic.com/#/ency?typeId=14&dataId=561"
}