{
 "pageNum": 1,
 "pageSize": 10,
 "params": {},
 "content": "<p></p>\n\r<p></p>\n\r<p></p>\n\r<p></p>",
 "remarks": "本词条内容暂未完善仅供参考，多频百科小编正在火速赶来",
 "remarksEn": "本词条内容暂未完善仅供参考，多频百科小编正在火速赶来",
 "status": 0,
 "clickNum": 0,
 "deleted": 0,
 "lang": 0,
 "chooseLang": false,
 "id": 562,
 "name": "Café del Mar Music",
 "descriptions": "\n\nAmbient & Downtempo label founded in 1999 by the owner of the sunset bar \"Café Del Mar\" in Ibiza. \n",
 "picture": "https://duopin-community.oss-cn-shenzhen.aliyuncs.com/d2bpvufpkx466yd5q628.jpg",
 "originalName": "",
 "foundTimeText": " 1999 ",
 "foundAddress": "Spain",
 "founder": "",
 "parentBrand": "",
 "childBrand": "\nCafé Del Mar, Café Del Mar Dreams, Chillhouse - Café Del Mar",
 "majorStyle": "chillout, downtempo",
 "delegateArtist": "",
 "officialUrl": "http://www.cafedelmarmusic.com/",
 "referenceUrl": "https://musicbrainz.org/label/0792d4ab-ac48-4e8b-884c-ec356d0ca928",
 "manageStatusText": "",
 "style": "其他风格",
 "country": "西班牙",
 "typeId": 14,
 "typeName": "厂牌",
 "dataId": 562,
 "url": "http://dropinapp.hearinmusic.com/#/ency?typeId=14&dataId=562"
}