{
 "pageNum": 1,
 "pageSize": 10,
 "params": {},
 "content": "<p></p>\n\r<p></p>\n\r<p></p>\n\r<p></p>",
 "remarks": "本词条内容暂未完善仅供参考，多频百科小编正在火速赶来",
 "remarksEn": "本词条内容暂未完善仅供参考，多频百科小编正在火速赶来",
 "status": 0,
 "clickNum": 0,
 "deleted": 0,
 "lang": 0,
 "chooseLang": false,
 "id": 563,
 "name": "Camino Blue Recordings",
 "descriptions": "\n\nGerman Drum 'n Bass label. \n",
 "picture": "https://duopin-community.oss-cn-shenzhen.aliyuncs.com/8rutvkoci4d4l9zvte36.jpg",
 "originalName": "",
 "foundTimeText": "",
 "foundAddress": "Germany",
 "founder": "Niko Brenscheid, Patrick Vollmari",
 "parentBrand": "",
 "childBrand": "\nDrone Audio",
 "majorStyle": "drum and bass",
 "delegateArtist": "",
 "officialUrl": "",
 "referenceUrl": "https://musicbrainz.org/label/4f160792-376d-48a7-810b-56fdd0611a97/relationships",
 "manageStatusText": "",
 "style": "Drum&Bass",
 "country": "德国",
 "typeId": 14,
 "typeName": "厂牌",
 "dataId": 563,
 "url": "http://dropinapp.hearinmusic.com/#/ency?typeId=14&dataId=563"
}