{
 "pageNum": 1,
 "pageSize": 10,
 "params": {},
 "content": "<p></p>\n\r<p></p>\n\r<p></p>\n\r<p></p>",
 "remarks": "本词条内容暂未完善仅供参考，多频百科小编正在火速赶来",
 "remarksEn": "本词条内容暂未完善仅供参考，多频百科小编正在火速赶来",
 "status": 0,
 "clickNum": 0,
 "deleted": 0,
 "lang": 0,
 "chooseLang": false,
 "id": 564,
 "name": "Canicule Records",
 "descriptions": "\n\r",
 "picture": "https://duopin-community.oss-cn-shenzhen.aliyuncs.com/hft18fkyplygizi33qct.png",
 "originalName": "Canicule Records Inc., Les Disques Canicule inc., Les Disques Canicule ",
 "foundTimeText": "",
 "foundAddress": " Fabreville, Laval, Quebec, Canada",
 "founder": "",
 "parentBrand": "",
 "childBrand": "",
 "majorStyle": "hip hop",
 "delegateArtist": "",
 "officialUrl": "https://www.caniculerecords.com/",
 "referenceUrl": "https://musicbrainz.org/label/4d6d43a5-112c-4b85-baae-a2a40529d3e5/relationships",
 "manageStatusText": "",
 "style": "Hip-hop",
 "country": "加拿大",
 "typeId": 14,
 "typeName": "厂牌",
 "dataId": 564,
 "url": "http://dropinapp.hearinmusic.com/#/ency?typeId=14&dataId=564"
}