{
 "pageNum": 1,
 "pageSize": 10,
 "params": {},
 "content": "<p></p>\n\r<p></p>\n\r<p></p>\n\r<p></p>",
 "remarks": "本词条内容暂未完善仅供参考，多频百科小编正在火速赶来",
 "remarksEn": "本词条内容暂未完善仅供参考，多频百科小编正在火速赶来",
 "status": 0,
 "clickNum": 0,
 "deleted": 0,
 "lang": 0,
 "chooseLang": false,
 "id": 565,
 "name": "Capitol Records",
 "descriptions": "\n\nPlease note, many Capitol Records issues also carry an EMI logo. This is not a label and EMI should not be added as a label; it instead indicates that Capitol was part of the EMI Group. For LPs the label design may help identify the era of release. See vinylbeat.com & friktech.com links below. \n\n",
 "picture": "https://duopin-community.oss-cn-shenzhen.aliyuncs.com/14o2jl2im6re3f2ueybo.jpg",
 "originalName": "Capital/EMI Records, Capitol ,Capitol Music, Capitol USA, Captiol Records, Discos Capitol de México",
 "foundTimeText": "1942-04-09",
 "foundAddress": "United States",
 "founder": "",
 "parentBrand": "CAP latino",
 "childBrand": "Beastie Boys Records\nBlue Note\nBust It Records\nCapitol Americana\nCapitol Jazz\nCapitol Records Nashville\nEMI America\nMedia Music (US library label owned by Capitol Records)\nMedia Music The Professional (US library label owned by Capitol Records)\nThe Star Line\nSBK Records (until 2000)\nRoswell Records (from 1995 until 1999)",
 "majorStyle": "alternative rock, electronic, indie rock, art rock, dance-punk",
 "delegateArtist": "",
 "officialUrl": "",
 "referenceUrl": "https://musicbrainz.org/label/abea2d3e-eabf-4480-ab24-9382dd642c73",
 "manageStatusText": "",
 "style": "Electronic, 其他风格",
 "country": "美国",
 "typeId": 14,
 "typeName": "厂牌",
 "dataId": 565,
 "url": "http://dropinapp.hearinmusic.com/#/ency?typeId=14&dataId=565"
}