{
 "pageNum": 1,
 "pageSize": 10,
 "params": {},
 "content": "<p></p>\n\r<p></p>\n\r<p></p>\n\r<p></p>",
 "remarks": "本词条内容暂未完善仅供参考，多频百科小编正在火速赶来",
 "remarksEn": "本词条内容暂未完善仅供参考，多频百科小编正在火速赶来",
 "status": 0,
 "clickNum": 1,
 "deleted": 0,
 "lang": 0,
 "chooseLang": false,
 "id": 566,
 "name": "Carcères Records",
 "descriptions": "\n\nFrench based Techno Label created and managed by Brulée & Deevai. \n",
 "picture": "https://duopin-community.oss-cn-shenzhen.aliyuncs.com/ov8sf9p6um4l4pxfrm3x.jpg",
 "originalName": "",
 "foundTimeText": "2017",
 "foundAddress": "France",
 "founder": "Brulée, Deevai ",
 "parentBrand": "",
 "childBrand": "",
 "majorStyle": "techno",
 "delegateArtist": "",
 "officialUrl": "http://www.carceresrecords.com/",
 "referenceUrl": "https://musicbrainz.org/label/bcb83df2-cb0f-4146-8fc5-656b8cc8e594/relationships",
 "manageStatusText": "",
 "style": "Techno",
 "country": "法国",
 "typeId": 14,
 "typeName": "厂牌",
 "dataId": 566,
 "url": "http://dropinapp.hearinmusic.com/#/ency?typeId=14&dataId=566"
}