{
 "pageNum": 1,
 "pageSize": 10,
 "params": {},
 "content": "<p></p>\n\r<p></p>\n\r<p></p>\n\r<p></p>",
 "remarks": "本词条内容暂未完善仅供参考，多频百科小编正在火速赶来",
 "remarksEn": "本词条内容暂未完善仅供参考，多频百科小编正在火速赶来",
 "status": 0,
 "clickNum": 0,
 "deleted": 0,
 "lang": 0,
 "chooseLang": false,
 "id": 567,
 "name": "Card Gang Music",
 "descriptions": "\n\r",
 "originalName": "",
 "foundTimeText": "2015",
 "foundAddress": " Sheffield, South Yorkshire, England, United Kingdom",
 "founder": "",
 "parentBrand": "",
 "childBrand": "",
 "majorStyle": "grime, hip hop, trap",
 "delegateArtist": "",
 "officialUrl": "",
 "referenceUrl": "https://musicbrainz.org/label/71732e6b-ba0d-49be-9662-f587ba803290/relationships",
 "manageStatusText": "",
 "style": "UK Garage, Hip-hop, 其他风格",
 "country": "英国",
 "typeId": 14,
 "typeName": "厂牌",
 "dataId": 567,
 "url": "http://dropinapp.hearinmusic.com/#/ency?typeId=14&dataId=567"
}