{
 "pageNum": 1,
 "pageSize": 10,
 "params": {},
 "content": "<p></p>\n\r<p></p>\n\r<p></p>\n\r<p></p>",
 "remarks": "本词条内容暂未完善仅供参考，多频百科小编正在火速赶来",
 "remarksEn": "本词条内容暂未完善仅供参考，多频百科小编正在火速赶来",
 "status": 0,
 "clickNum": 0,
 "deleted": 0,
 "lang": 0,
 "chooseLang": false,
 "id": 568,
 "name": "Cargo Industries",
 "descriptions": "\n\n\nStakka's new label after the break up with Skynet (2003). ",
 "picture": "https://duopin-community.oss-cn-shenzhen.aliyuncs.com/85cz8mwkcuyujpu8tjyz.jpg",
 "originalName": "",
 "foundTimeText": "",
 "foundAddress": "United Kingdom",
 "founder": "Stakka",
 "parentBrand": "",
 "childBrand": "Payload Recordings",
 "majorStyle": "drum and bass",
 "delegateArtist": "",
 "officialUrl": "",
 "referenceUrl": "https://musicbrainz.org/label/508955aa-69ac-4386-b7f4-2b48ac24ed49",
 "manageStatusText": "",
 "style": "Drum&Bass",
 "country": "英国",
 "typeId": 14,
 "typeName": "厂牌",
 "dataId": 568,
 "url": "http://dropinapp.hearinmusic.com/#/ency?typeId=14&dataId=568"
}