{
 "pageNum": 1,
 "pageSize": 10,
 "params": {},
 "content": "<p></p>\n\r<p></p>\n\r<p></p>\n\r<p></p>",
 "remarks": "本词条内容暂未完善仅供参考，多频百科小编正在火速赶来",
 "remarksEn": "本词条内容暂未完善仅供参考，多频百科小编正在火速赶来",
 "status": 0,
 "clickNum": 2,
 "deleted": 0,
 "lang": 0,
 "chooseLang": false,
 "id": 569,
 "name": "Carica Deep",
 "descriptions": "\n\nCarica Deep is a sublabel of russian based Carica Records managed by StereoK (Greece) focused on releasing deep progressive and tech house tunes\n",
 "picture": "https://duopin-community.oss-cn-shenzhen.aliyuncs.com/xbvev49822kplq0fq1gg.jpg",
 "originalName": "",
 "foundTimeText": "",
 "foundAddress": "Russia",
 "founder": "",
 "parentBrand": "Carica Records",
 "childBrand": "",
 "majorStyle": "house",
 "delegateArtist": "",
 "officialUrl": "",
 "referenceUrl": "https://musicbrainz.org/label/ce329795-d2d3-4ec2-aedd-ab8507972534/relationships",
 "manageStatusText": "",
 "style": "House",
 "country": "俄罗斯",
 "typeId": 14,
 "typeName": "厂牌",
 "dataId": 569,
 "url": "http://dropinapp.hearinmusic.com/#/ency?typeId=14&dataId=569"
}