{
 "pageNum": 1,
 "pageSize": 10,
 "params": {},
 "content": "<p></p>\n\r<p></p>\n\r<p></p>\n\r<p></p>",
 "remarks": "本词条内容暂未完善仅供参考，多频百科小编正在火速赶来",
 "remarksEn": "本词条内容暂未完善仅供参考，多频百科小编正在火速赶来",
 "status": 0,
 "clickNum": 0,
 "deleted": 0,
 "lang": 0,
 "chooseLang": false,
 "id": 570,
 "name": "Casanova Records",
 "descriptions": "\n\r",
 "originalName": "CASANOVA, CASANOVA RECORDS",
 "foundTimeText": " 1999-10-01",
 "foundAddress": "United States",
 "founder": "Ed Afonso",
 "parentBrand": "",
 "childBrand": "",
 "majorStyle": "alternative hip hop, electronic, hip hop, progressive rock, progressive trance",
 "delegateArtist": "",
 "officialUrl": "https://casanovarecords.com/",
 "referenceUrl": "https://musicbrainz.org/label/082d770a-d7ae-4e39-a35d-24176c70d8b1/relationships",
 "manageStatusText": "",
 "style": "Hip-hop, Trance, Electronic Rock",
 "country": "美国",
 "typeId": 14,
 "typeName": "厂牌",
 "dataId": 570,
 "url": "http://dropinapp.hearinmusic.com/#/ency?typeId=14&dataId=570"
}