{
 "pageNum": 1,
 "pageSize": 10,
 "params": {},
 "content": "<p>&nbsp;</p>\n<p><strong>Cash Money</strong> (or styled as <strong>Ca$h Money</strong>) is an American record label founded by two brothers, Bryan \"Birdman\" Williams and Ronald \"Slim\" Williams. The label is distributed by Republic, which used to be Universal Republic. The label itself has been home to a roster of hip hop artists, including Lil Wayne, Drake, and Nicki Minaj. This led to Cash Money becoming one of the most successful record labels in hip-hop history.</p>\n<p>Artists signed to Cash Money Records have achieved a combined 12 number one albums on the <em>Billboard</em> 200 chart and 7 number one singles on the <em>Billboard</em> Hot 100 chart (Juvenile's \"Slow Motion\", Lil Wayne's \"Lollipop\", Jay Sean's \"Down\" and Drake's \"One Dance\", \"God's Plan\", \"Nice for What\", and \"In My Feelings\").</p>\n<p>&nbsp;</p>\n<p>&nbsp;</p>",
 "remarks": "本词条内容暂未完善仅供参考，多频百科小编正在火速赶来",
 "remarksEn": "本词条内容暂未完善仅供参考，多频百科小编正在火速赶来",
 "status": 0,
 "clickNum": 0,
 "deleted": 0,
 "lang": 0,
 "chooseLang": false,
 "id": 571,
 "name": "Cash Money Records",
 "descriptions": "\n\n\nCash Money Records was founded in 1991 by the Williams brothers, who have successfully turned the upstart label into a creative force within the independent marketplace. Rounding out Cash Money's roster are the Hot Boys and producer Mannie Fresh, among others. \nIn June 18, 1998 Universal Records's President of Black Music Jean Riggins announced a partnership with Cash Money founders Bryan Williams (2) and Ronald Williams. ",
 "picture": "https://duopin-community.oss-cn-shenzhen.aliyuncs.com/7skoocvb6qpyyb5fc8jg.jpg",
 "originalName": "Cash Money Records Inc.",
 "foundTimeText": "1991",
 "foundAddress": "United States",
 "founder": " Bryan Williams ,Ronald Williams.",
 "parentBrand": "Universal Music Group",
 "childBrand": "\nCash Money Classics, We The Best Music Group",
 "majorStyle": "hip hop",
 "delegateArtist": "",
 "officialUrl": "",
 "referenceUrl": "https://musicbrainz.org/label/cb5bbd34-2903-472c-94e9-16af03881423/relationships",
 "manageStatusText": "",
 "style": "Hip-hop",
 "country": "美国",
 "typeId": 14,
 "typeName": "厂牌",
 "dataId": 571,
 "url": "http://dropinapp.hearinmusic.com/#/ency?typeId=14&dataId=571"
}