{
 "pageNum": 1,
 "pageSize": 10,
 "params": {},
 "content": "<p></p>\n\r<p></p>\n\r<p></p>\n\r<p></p>",
 "remarks": "本词条内容暂未完善仅供参考，多频百科小编正在火速赶来",
 "remarksEn": "本词条内容暂未完善仅供参考，多频百科小编正在火速赶来",
 "status": 0,
 "clickNum": 0,
 "deleted": 0,
 "lang": 0,
 "chooseLang": false,
 "id": 572,
 "name": "Catani Music",
 "descriptions": "\n\r",
 "originalName": "",
 "foundTimeText": "",
 "foundAddress": "",
 "founder": "",
 "parentBrand": "",
 "childBrand": "",
 "majorStyle": "cumbia, electronica, experimental",
 "delegateArtist": "",
 "officialUrl": "http://catani-music.de/",
 "referenceUrl": "https://musicbrainz.org/label/b1d2f4c8-a398-4504-83ff-bfa7bf32d19d/relationships",
 "manageStatusText": "",
 "style": "Electronic, Experimental",
 "country": "",
 "typeId": 14,
 "typeName": "厂牌",
 "dataId": 572,
 "url": "http://dropinapp.hearinmusic.com/#/ency?typeId=14&dataId=572"
}