{
 "pageNum": 1,
 "pageSize": 10,
 "params": {},
 "content": "<p></p>\n\r<p></p>\n\r<p></p>\n\r<p></p>",
 "remarks": "本词条内容暂未完善仅供参考，多频百科小编正在火速赶来",
 "remarksEn": "本词条内容暂未完善仅供参考，多频百科小编正在火速赶来",
 "status": 0,
 "clickNum": 0,
 "deleted": 0,
 "lang": 0,
 "chooseLang": false,
 "id": 573,
 "name": "Catchy Tunes",
 "descriptions": "\nSwedish dance/pop label. \nDistributed in Scandinavia by Bonnier Amigo Music Distribution until a distribution deal with Sony Music Entertainment Inc. in 2010. \n",
 "picture": "https://duopin-community.oss-cn-shenzhen.aliyuncs.com/16p104wuiv5wgdqki3ls.jpg",
 "originalName": "",
 "foundTimeText": "",
 "foundAddress": "Sweden",
 "founder": "",
 "parentBrand": "Family Tree Music, Family Tree Music AB",
 "childBrand": "",
 "majorStyle": "dance-pop, house",
 "delegateArtist": "",
 "officialUrl": "http://www.catchytunes.se/",
 "referenceUrl": "https://musicbrainz.org/label/92463723-521c-4bc5-9613-f7d9a679fc28/relationships",
 "manageStatusText": "",
 "style": "House",
 "country": "瑞典",
 "typeId": 14,
 "typeName": "厂牌",
 "dataId": 573,
 "url": "http://dropinapp.hearinmusic.com/#/ency?typeId=14&dataId=573"
}