{
 "pageNum": 1,
 "pageSize": 10,
 "params": {},
 "content": "<p></p>\n\r<p></p>\n\r<p></p>\n\r<p></p>",
 "remarks": "本词条内容暂未完善仅供参考，多频百科小编正在火速赶来",
 "remarksEn": "本词条内容暂未完善仅供参考，多频百科小编正在火速赶来",
 "status": 0,
 "clickNum": 0,
 "deleted": 0,
 "lang": 0,
 "chooseLang": false,
 "id": 574,
 "name": "Cause 4 Concern",
 "descriptions": "\n\nLabel for Cause 4 Concern to release their own stuff. \n",
 "picture": "https://duopin-community.oss-cn-shenzhen.aliyuncs.com/o3gwglul252zuzq048ae.jpg",
 "originalName": "",
 "foundTimeText": "",
 "foundAddress": "United Kingdom",
 "founder": "Cause 4 Concern",
 "parentBrand": "",
 "childBrand": "\nC4C Limited",
 "majorStyle": "drum and bass",
 "delegateArtist": "",
 "officialUrl": "",
 "referenceUrl": "https://musicbrainz.org/label/05b9aced-a172-4f03-85e0-338f2ccd30cc/relationships",
 "manageStatusText": "",
 "style": "Drum&Bass",
 "country": "英国",
 "typeId": 14,
 "typeName": "厂牌",
 "dataId": 574,
 "url": "http://dropinapp.hearinmusic.com/#/ency?typeId=14&dataId=574"
}