{
 "pageNum": 1,
 "pageSize": 10,
 "params": {},
 "content": "<p>&nbsp;</p>\n<p>CD Baby, Inc. is an online distributor of independent music. The company has been described as an \"anti-label\" by Tracy Maddux. CD Baby is the only digital aggregator with top preferred partner status with both Spotify and Apple Music, and it is home to more than 650,000 artists and 9 million tracks that are made available to over 100 digital services and platforms around the globe.</p>\n<p>&nbsp;</p>\n<p>&nbsp;</p>",
 "remarks": "本词条内容暂未完善仅供参考，多频百科小编正在火速赶来",
 "remarksEn": "本词条内容暂未完善仅供参考，多频百科小编正在火速赶来",
 "status": 0,
 "clickNum": 0,
 "deleted": 0,
 "lang": 0,
 "chooseLang": false,
 "id": 575,
 "name": "CD Baby",
 "descriptions": "\n\n\nCD Baby is mainly a distributor (and manufacturer) for independent artists. Only in some rare cases CD Baby is a label. Do not use \"CD Baby\" as a label, unless there is a \"cdb\" prefix in the catalog number. In all other occasions, use whatever \"label\" information is provided via the artwork of the release. If there is no proper label, use Not On Label (Artistname Self-released). \n\nYou may, however, add CD Baby as a distributor in the \"Label, Company, Catalog Number etc\" section by assigning the \"Distributed By\" role. Your entry will then appear under \"Companies etc\" between the Tracklist and the Notes. ",
 "picture": "https://duopin-community.oss-cn-shenzhen.aliyuncs.com/c1wdf6501427aziyzxma.jpg",
 "originalName": "CDBaby, CDBaby.com, CDBY",
 "foundTimeText": "1998",
 "foundAddress": "United States",
 "founder": "",
 "parentBrand": " Disc Makers",
 "childBrand": "Soundrop",
 "majorStyle": "electro",
 "delegateArtist": "",
 "officialUrl": "https://www.cdbaby.com/",
 "referenceUrl": "https://musicbrainz.org/label/bd193a84-7a34-4e93-8c9a-5e81b0f226cf/relationships",
 "manageStatusText": "",
 "style": "Electro",
 "country": "美国",
 "typeId": 14,
 "typeName": "厂牌",
 "dataId": 575,
 "url": "http://dropinapp.hearinmusic.com/#/ency?typeId=14&dataId=575"
}