{
 "pageNum": 1,
 "pageSize": 10,
 "params": {},
 "relationEncy": "[{\"id\":17266,\"typeId\":12,\"dataId\":17266,\"name\":\"mAjorHon\",\"url\":\"http://dropinapp.hearinmusic.com/#/ency?typeId=12&dataId=17266\"}]",
 "content": "<p>CEM Records是CEM（Chinese Electronic Music）旗下电子音乐厂牌，由音乐人mAjorHon成立。CEM是国内首家电子音乐制作线上教学平台，总部位于成都。创立以来为中国电子音乐行业培养了一众优秀制作人，并通过CEM Records发行了一系列优质作品。</p>",
 "remarks": "本词条内容由 @多频百科团队 编辑",
 "remarksEn": "本词条内容暂未完善仅供参考，多频百科小编正在火速赶来",
 "status": 1,
 "clickNum": 33,
 "deleted": 0,
 "lang": 0,
 "chooseLang": false,
 "id": 328,
 "name": "CEM Records",
 "descriptions": "CEM Records是CEM（Chinese Electronic Music）旗下电子音乐厂牌，由音乐人mAjorHon成立。",
 "picture": "https://duopin-community.oss-cn-shenzhen.aliyuncs.com/image/2021/8/8ik328cm89qqeij7251p.jpg",
 "originalName": "",
 "foundTimeText": "2014年10月",
 "foundAddress": "成都",
 "founder": "mAjorHon",
 "parentBrand": "",
 "childBrand": "",
 "majorStyle": "综合",
 "delegateArtist": "",
 "officialUrl": "",
 "referenceUrl": "",
 "manageStatusText": "运营中",
 "style": "综合",
 "country": "中国",
 "typeId": 14,
 "typeName": "厂牌",
 "dataId": 328,
 "url": "http://dropinapp.hearinmusic.com/#/ency?typeId=14&dataId=328"
}