{
 "pageNum": 1,
 "pageSize": 10,
 "params": {},
 "content": "<p></p>\n\r<p></p>\n\r<p></p>\n\r<p></p>",
 "remarks": "本词条内容暂未完善仅供参考，多频百科小编正在火速赶来",
 "remarksEn": "本词条内容暂未完善仅供参考，多频百科小编正在火速赶来",
 "status": 0,
 "clickNum": 0,
 "deleted": 0,
 "lang": 0,
 "chooseLang": false,
 "id": 577,
 "name": "Central Processing Unit",
 "descriptions": "\nSheffield based electronic music label run by CPSmith\n\n",
 "picture": "https://duopin-community.oss-cn-shenzhen.aliyuncs.com/dh89nuzb1w13x072y40b.jpg",
 "originalName": "CPU Records",
 "foundTimeText": " 2012-09",
 "foundAddress": " Sheffield, South Yorkshire, England, United Kingdom Rating",
 "founder": "Chris Smith",
 "parentBrand": "",
 "childBrand": "Computer Club",
 "majorStyle": "electro, electronic",
 "delegateArtist": "",
 "officialUrl": "http://cpurecords.net/",
 "referenceUrl": "https://musicbrainz.org/label/5344da81-e10e-48d1-8798-8ac9ac34d4d4",
 "manageStatusText": "",
 "style": "Electro, Electronic",
 "country": "英国",
 "typeId": 14,
 "typeName": "厂牌",
 "dataId": 577,
 "url": "http://dropinapp.hearinmusic.com/#/ency?typeId=14&dataId=577"
}