{
 "pageNum": 1,
 "pageSize": 10,
 "params": {},
 "content": "<p>Cercle Records是法国巴黎电子音乐/演艺/文旅媒体品牌Cercle旗下的音乐厂牌。</p>\n<p>&nbsp;</p>\n<p>Cercle创立于2016年，是一家致力于推广拥有出色制作水品的艺术家和场所的媒体，其目标是通过两种崇高的联合艺术、音乐和视频来提高人们对艺术、文化遗产和美景的认识。每个星期一，Cercle将携一位艺术家在独特的环境中演奏 1 小时，然后通过 Facebook 直播进行采访。 Cercle已经与埃菲尔铁塔、枫丹白露城堡、香波堡、奥兰治古剧院、布尔代尔博物馆等多个场馆进行了合作。</p>",
 "contentEn": "<p>Cercle is a media dedicated to promoting artists and venues with an exceptional production, our goal is to raise awareness around art, cultural heritage and great sceneries throughout two noble and federating arts, music and video. Every Monday, one artist plays for 1 hour in a unique setting, followed by an interview via Facebook live. Cercle has already collaborated with multiple venues like the Eiffel Tower, Fontainebleau&rsquo;s castle, Chambord&rsquo;s castle, The Ancient Theatre of Orange, Bourdelle&rsquo;s museum</p>",
 "remarks": "本词条汉字内容由 @多频百科团队 翻译+编辑\n原文译自 https://www.linkedin.com/company/cerclemusic",
 "remarksEn": "本词条内容来自 https://www.linkedin.com/company/cerclemusic",
 "status": 0,
 "clickNum": 0,
 "deleted": 0,
 "lang": 0,
 "chooseLang": true,
 "id": 1914,
 "name": "Cercle Records",
 "descriptions": "Cercle Records是法国电子音乐/演艺/文旅媒体品牌Cercle旗下的音乐厂牌",
 "picture": "https://duopin-community.oss-cn-shenzhen.aliyuncs.com/th0uul5utr2ch0eplmk3.png",
 "foundTimeText": "2016",
 "foundAddress": "法国巴黎",
 "majorStyle": "Deep House, Progressive House",
 "officialUrl": "https://www.cercle.io/",
 "manageStatusText": "运营中",
 "style": "Deep House, Progressive House",
 "country": "法国",
 "typeId": 14,
 "typeName": "厂牌",
 "dataId": 1914,
 "url": "http://dropinapp.hearinmusic.com/#/ency?typeId=14&dataId=1914"
}