{
 "pageNum": 1,
 "pageSize": 10,
 "params": {},
 "content": "<p></p>\n\r<p></p>\n\r<p></p>\n\r<p></p>",
 "remarks": "本词条内容暂未完善仅供参考，多频百科小编正在火速赶来",
 "remarksEn": "本词条内容暂未完善仅供参考，多频百科小编正在火速赶来",
 "status": 0,
 "clickNum": 0,
 "deleted": 0,
 "lang": 0,
 "chooseLang": false,
 "id": 578,
 "name": "Certificate 18",
 "descriptions": "\n\nDrum'n'Bass/Electronic Label founded by Paul Arnold (3) \n& based in the UK. \n\n",
 "picture": "https://duopin-community.oss-cn-shenzhen.aliyuncs.com/qn92e3lkhfgikpiaoy70.jpg",
 "originalName": "",
 "foundTimeText": "",
 "foundAddress": "United Kingdom",
 "founder": "Paul Arnold ",
 "parentBrand": " Certificate 18 Records",
 "childBrand": "\nHidden Rooms (2)",
 "majorStyle": "drum and bass",
 "delegateArtist": "",
 "officialUrl": "http://www.certificate18.com/",
 "referenceUrl": "http://www.certificate18.com/",
 "manageStatusText": "",
 "style": "Drum&Bass",
 "country": "英国",
 "typeId": 14,
 "typeName": "厂牌",
 "dataId": 578,
 "url": "http://dropinapp.hearinmusic.com/#/ency?typeId=14&dataId=578"
}