{
 "pageNum": 1,
 "pageSize": 10,
 "params": {},
 "content": "<p>Chalice是英国一个已停止运营的厂牌，由Coil创建，专门为该团体推出的专辑服务。它的兄弟厂牌是Threshold House和Eskaton。</p>\n<p>&nbsp;</p>\n<p>根据2006年重新发行的《Musick to Play in the Dark Vol.1和2》，Chalice驻扎在泰国，因为Peter Christopherson在Krung Thep监督发行。</p>\n<p>&nbsp;</p>\n<div>\n<div class=\"document\">\n<p class=\"paragraph text-align-type-left pap-line-1.8 pap-line-rule-auto pap-spacing-before-2pt pap-spacing-after-2pt pap-left-indent-2em\">&nbsp;</p>\n</div>\n</div>",
 "contentEn": "<div>\n<div class=\"document\">\n<p class=\"paragraph text-align-type-left pap-line-1.8 pap-line-rule-auto pap-spacing-before-2pt pap-spacing-after-2pt\" style=\"text-align: left; line-height: 180%; margin-top: 2.6666666666666665px; margin-bottom: 2.6666666666666665px;\">&nbsp;</p>\n<p class=\"paragraph text-align-type-left pap-line-1.8 pap-line-rule-auto pap-spacing-before-2pt pap-spacing-after-2pt\" style=\"text-align: left; line-height: 180%; margin-top: 2.6666666666666665px; margin-bottom: 2.6666666666666665px;\"><span style=\"font-size: 11pt; font-family: SF Pro,PingFang SC,Microsoft YaHei,微软雅黑,Noto Sans CJK SC,sans-serif,Roboto,Droid Sans,Helvetica,Tahoma,Arial,Hiragino Sans GB,Heiti SC; font-weight: 400; font-style: normal; ;color: #111; background: transparent; letter-spacing: 0pt; vertical-align: baseline; white-space: pre;\">Chalice is a defunct Britain vanity record label created by Coil, exclusively for albums put out by the group. Its brother labels are Threshold House and Eskaton.</span></p>\n<p class=\"paragraph text-align-type-left pap-line-1.8 pap-line-rule-auto pap-spacing-before-2pt pap-spacing-after-2pt\" style=\"text-align: left; line-height: 180%; margin-top: 2.6666666666666665px; margin-bottom: 2.6666666666666665px;\">&nbsp;</p>\n<p class=\"paragraph text-align-type-left pap-line-1.8 pap-line-rule-auto pap-spacing-before-2pt pap-spacing-after-2pt\" style=\"text-align: left; line-height: 180%; margin-top: 2.6666666666666665px; margin-bottom: 2.6666666666666665px;\"><span style=\"font-size: 11pt; font-family: SF Pro,PingFang SC,Microsoft YaHei,微软雅黑,Noto Sans CJK SC,sans-serif,Roboto,Droid Sans,Helvetica,Tahoma,Arial,Hiragino Sans GB,Heiti SC; font-weight: 400; font-style: normal; ;color: #111; background: transparent; letter-spacing: 0pt; vertical-align: baseline; white-space: pre;\">According to the 2006 re-pressings of Musick to Play in the Dark Vol. 1 and 2, Chalice is stationed in Thailand as Peter Christopherson supervised the repressing in Krung Thep, where he lived.</span></p>\n</div>\n</div>",
 "remarks": "本词条汉字内容由 @多频百科团队 翻译+编辑\n原文译自https://en.m.wikipedia.org/wiki/Chalice_(record_label)",
 "remarksEn": "本词条内容来自 https://en.m.wikipedia.org/wiki/Chalice_(record_label)",
 "status": 1,
 "clickNum": 20,
 "deleted": 0,
 "lang": 0,
 "chooseLang": true,
 "id": 40,
 "name": "Chalice",
 "descriptions": "Chalice是英国一个已停止运营的厂牌，由Coil创建，专门为该团体推出的专辑服务。它的兄弟厂牌是Threshold House和Eskaton。",
 "picture": "https://duopin-community.oss-cn-shenzhen.aliyuncs.com/m7orbrql81h7ygo1g5m0.jpg",
 "originalName": "",
 "foundTimeText": "1998-2000, 2006",
 "foundAddress": "United Kingdom",
 "founder": "John Balance, Peter Christopherson",
 "parentBrand": "",
 "childBrand": "",
 "majorStyle": "defunct",
 "delegateArtist": "",
 "officialUrl": "",
 "referenceUrl": "https://en.m.wikipedia.org/wiki/Chalice_(record_label)",
 "manageStatusText": "不再运营",
 "style": "defunct",
 "country": "英国",
 "typeId": 14,
 "typeName": "厂牌",
 "dataId": 40,
 "url": "http://dropinapp.hearinmusic.com/#/ency?typeId=14&dataId=40"
}