{
 "pageNum": 1,
 "pageSize": 10,
 "params": {},
 "content": "<p></p>\n\r<p></p>\n\r<p></p>\n\r<p></p>",
 "remarks": "本词条内容暂未完善仅供参考，多频百科小编正在火速赶来",
 "remarksEn": "本词条内容暂未完善仅供参考，多频百科小编正在火速赶来",
 "status": 0,
 "clickNum": 0,
 "deleted": 0,
 "lang": 0,
 "chooseLang": false,
 "id": 579,
 "name": "Chaos Recordings",
 "descriptions": "\n\nChaos Recordings was formed in 1992 by Sony Music Entertainment as \"A Dimension of Columbia Records\" (according to label copy). Although Chaos was home to various rock, hip-hop, dance, and Reggae artists on its own, its greatest prominence was its position as the sub-distributor of several Def Jam/RAL catalog titles from 1992 to 1994 when Sony's stake in Def Jam was purchased by PolyGram. \n\nAt that very same time in late 1994, Sony Music dissolved Chaos and its catalog structure into a new U.S. West Coast-based division called The Work Group which existed until 2000. However, Chaos did continue on as an imprint for Sony Music in Brazil until 2004 when Sony and BMG merged and Chaos Brazil was folded into the Epic imprint. (See Chaos (3)). \n",
 "picture": "https://duopin-community.oss-cn-shenzhen.aliyuncs.com/k1blqdjnsy5offqpkh1k.jpg",
 "originalName": "",
 "foundTimeText": "1992",
 "foundAddress": "United States",
 "founder": "",
 "parentBrand": "Columbia Records ",
 "childBrand": "",
 "majorStyle": "hip hop",
 "delegateArtist": "",
 "officialUrl": "",
 "referenceUrl": "https://musicbrainz.org/label/0f2fa8d9-8dc6-4d7e-89ba-8884c3afe178/relationships",
 "manageStatusText": "已停运",
 "style": "Hip-hop",
 "country": "美国",
 "typeId": 14,
 "typeName": "厂牌",
 "dataId": 579,
 "url": "http://dropinapp.hearinmusic.com/#/ency?typeId=14&dataId=579"
}