{
 "pageNum": 1,
 "pageSize": 10,
 "params": {},
 "content": "<p></p>\n\r<p></p>\n\r<p></p>\n\r<p></p>",
 "remarks": "本词条内容暂未完善仅供参考，多频百科小编正在火速赶来",
 "remarksEn": "本词条内容暂未完善仅供参考，多频百科小编正在火速赶来",
 "status": 0,
 "clickNum": 0,
 "deleted": 0,
 "lang": 0,
 "chooseLang": false,
 "id": 581,
 "name": "Charge Recordings",
 "descriptions": "Mampi Swift's label for his own releases under different aliases (Kraft, ATG etc.)\n\n",
 "picture": "https://duopin-community.oss-cn-shenzhen.aliyuncs.com/0dzf2krndztmm5dg5gk6.jpg",
 "originalName": "Charge",
 "foundTimeText": "",
 "foundAddress": "United Kingdom",
 "founder": "\tMampi Swift",
 "parentBrand": "",
 "childBrand": "\nBlade, Charge Recordings",
 "majorStyle": "drum and bass",
 "delegateArtist": "",
 "officialUrl": "",
 "referenceUrl": "https://musicbrainz.org/label/ac8af668-de44-41f6-955e-bf98846cd221",
 "manageStatusText": "",
 "style": "Drum&Bass",
 "country": "英国",
 "typeId": 14,
 "typeName": "厂牌",
 "dataId": 581,
 "url": "http://dropinapp.hearinmusic.com/#/ency?typeId=14&dataId=581"
}