{
 "pageNum": 1,
 "pageSize": 10,
 "params": {},
 "content": "<p></p>\n\r<p></p>\n\r<p></p>\n\r<p></p>",
 "remarks": "本词条内容暂未完善仅供参考，多频百科小编正在火速赶来",
 "remarksEn": "本词条内容暂未完善仅供参考，多频百科小编正在火速赶来",
 "status": 0,
 "clickNum": 0,
 "deleted": 0,
 "lang": 0,
 "chooseLang": false,
 "id": 582,
 "name": "Charivari Records",
 "descriptions": "\n\r",
 "picture": "https://duopin-community.oss-cn-shenzhen.aliyuncs.com/ozoq1r78aok367hxgnyb.jpg",
 "originalName": "",
 "foundTimeText": "",
 "foundAddress": "Lithuania",
 "founder": "",
 "parentBrand": "",
 "childBrand": "",
 "majorStyle": "experimental",
 "delegateArtist": "",
 "officialUrl": "\thttp://www.charivari.lt/",
 "referenceUrl": "https://musicbrainz.org/label/53c39aef-71d6-49a2-a43f-e902e065d0c9",
 "manageStatusText": "",
 "style": "Experimental",
 "country": "其他",
 "typeId": 14,
 "typeName": "厂牌",
 "dataId": 582,
 "url": "http://dropinapp.hearinmusic.com/#/ency?typeId=14&dataId=582"
}