{
 "pageNum": 1,
 "pageSize": 10,
 "params": {},
 "content": "<div>\n<div class=\"document\">\n<p>Cheap Records是一家由Patrick Pulsinger和Erdem Tunakan于1993年在奥地利维也纳创立的厂牌。</p>\n<div>\n<div class=\"document\">\n<p class=\"paragraph text-align-type-left pap-line-1.8 pap-line-rule-auto pap-spacing-before-2pt pap-spacing-after-2pt\">&nbsp;</p>\n</div>\n</div>\n<p class=\"paragraph text-align-type-left pap-line-1.8 pap-line-rule-auto pap-spacing-before-2pt pap-spacing-after-2pt\">除了Pulsinger和Tunakan，为该厂牌录制唱片的艺术家还包括Christopher Just、Gerhard Potuznik和Robert Hood。</p>\n</div>\n</div>\n<p>&nbsp;</p>\n<p>&nbsp;</p>",
 "contentEn": "<div>\n<div class=\"document\">\n<p class=\"paragraph text-align-type-left pap-line-1.8 pap-line-rule-auto pap-spacing-before-2pt pap-spacing-after-2pt\" style=\"text-align: left; line-height: 180%; margin-top: 2.6666666666666665px; margin-bottom: 2.6666666666666665px;\"><span style=\"font-size: 11pt; font-family: SF Pro,PingFang SC,Microsoft YaHei,微软雅黑,Noto Sans CJK SC,sans-serif,Roboto,Droid Sans,Helvetica,Tahoma,Arial,Hiragino Sans GB,Heiti SC; font-weight: 400; font-style: normal; ;color: #111; background: transparent; letter-spacing: 0pt; vertical-align: baseline; white-space: pre;\">Cheap Records is a record label founded 1993 in Vienna, Austria by Patrick Pulsinger and Erdem Tunakan.</span></p>\n<p class=\"paragraph text-align-type-left pap-line-1.8 pap-line-rule-auto pap-spacing-before-2pt pap-spacing-after-2pt\" style=\"text-align: left; line-height: 180%; margin-top: 2.6666666666666665px; margin-bottom: 2.6666666666666665px;\">&nbsp;</p>\n<p class=\"paragraph text-align-type-left pap-line-1.8 pap-line-rule-auto pap-spacing-before-2pt pap-spacing-after-2pt\" style=\"text-align: left; line-height: 180%; margin-top: 2.6666666666666665px; margin-bottom: 2.6666666666666665px;\"><span style=\"font-size: 11pt; font-family: SF Pro,PingFang SC,Microsoft YaHei,微软雅黑,Noto Sans CJK SC,sans-serif,Roboto,Droid Sans,Helvetica,Tahoma,Arial,Hiragino Sans GB,Heiti SC; font-weight: 400; font-style: normal; ;color: #111; background: transparent; letter-spacing: 0pt; vertical-align: baseline; white-space: pre;\">Alongside Pulsinger and Tunakan, some artists who have recorded for the label include Christopher Just, Gerhard Potuznik and Robert Hood.</span></p>\n</div>\n</div>",
 "remarks": "本词条汉字内容由 @多频百科团队 翻译+编辑\n原文译自 https://en.wikipedia.org/wiki/Cheap_Records",
 "remarksEn": "本词条内容来自 https://en.wikipedia.org/wiki/Cheap_Records",
 "status": 1,
 "clickNum": 11,
 "deleted": 0,
 "lang": 0,
 "chooseLang": true,
 "id": 41,
 "name": "Cheap Records",
 "descriptions": "Cheap Records是一家由Patrick Pulsinger和Erdem Tunakan于1993年在奥地利维也纳创立的厂牌。",
 "picture": "https://duopin-community.oss-cn-shenzhen.aliyuncs.com/0exjz5sfop4xy15tm205.jpg",
 "originalName": "",
 "foundTimeText": "1993",
 "foundAddress": "Vienna, Austria",
 "founder": "Patrick Pulsinger；Erdem Tunakan.",
 "parentBrand": "",
 "childBrand": "Cheap Rec. Rocks\nCheap Records (5)\nMorbid Records",
 "majorStyle": "",
 "delegateArtist": "Christopher Just\nGerhard Potuznik\nRobert Hood",
 "officialUrl": "https://www.cheap.at/",
 "referenceUrl": "https://en.wikipedia.org/wiki/Cheap_Records",
 "manageStatusText": "运营中",
 "style": "",
 "country": "奥地利",
 "typeId": 14,
 "typeName": "厂牌",
 "dataId": 41,
 "url": "http://dropinapp.hearinmusic.com/#/ency?typeId=14&dataId=41"
}