{
 "pageNum": 1,
 "pageSize": 10,
 "params": {},
 "content": "<p></p>\n\r<p></p>\n\r<p></p>\n\r<p></p>",
 "remarks": "本词条内容暂未完善仅供参考，多频百科小编正在火速赶来",
 "remarksEn": "本词条内容暂未完善仅供参考，多频百科小编正在火速赶来",
 "status": 0,
 "clickNum": 0,
 "deleted": 0,
 "lang": 0,
 "chooseLang": false,
 "id": 584,
 "name": "CheapBeats",
 "descriptions": "\nChiptune-oriented net label based in Tokyo, Japan and run by James York.\n\n",
 "picture": "https://duopin-community.oss-cn-shenzhen.aliyuncs.com/4tbchby1udfoqhrpgsbc.jpg",
 "originalName": "Cheap Beats",
 "foundTimeText": " 2020-06-04",
 "foundAddress": "",
 "founder": "\tCheapbeats James York",
 "parentBrand": "",
 "childBrand": "",
 "majorStyle": "chiptune, lo-fi",
 "delegateArtist": "",
 "officialUrl": "\thttp://www.cheapbeats.net/",
 "referenceUrl": "https://musicbrainz.org/label/691c7e6e-a716-40af-867e-90c82a1ca925",
 "manageStatusText": "",
 "style": "其他风格",
 "country": "",
 "typeId": 14,
 "typeName": "厂牌",
 "dataId": 584,
 "url": "http://dropinapp.hearinmusic.com/#/ency?typeId=14&dataId=584"
}