{
 "pageNum": 1,
 "pageSize": 10,
 "params": {},
 "content": "<p></p>\n\r<p></p>\n\r<p></p>\n\r<p></p>",
 "remarks": "本词条内容暂未完善仅供参考，多频百科小编正在火速赶来",
 "remarksEn": "本词条内容暂未完善仅供参考，多频百科小编正在火速赶来",
 "status": 0,
 "clickNum": 0,
 "deleted": 0,
 "lang": 0,
 "chooseLang": false,
 "id": 585,
 "name": "Cheeky Records",
 "descriptions": "Record label founded by Rollo. Johnny Walker worked in A&R for the label. \nFor the copyrights please use the company Cheeky Records Ltd. \nEstablished as a brand in 1993, incorporated legally in 1996. Acquired by BMG 7th Sept 2000 who in turn merged with Sony to form Sony BMG in 2004. \nCheeky remained independent in the BMG years. \nLabelcode: LC 2463",
 "picture": "https://duopin-community.oss-cn-shenzhen.aliyuncs.com/afjymeqnojizvdhpl2ej.jpg",
 "originalName": "",
 "foundTimeText": " 1991",
 "foundAddress": "United Kingdom",
 "founder": "Rollo Armstrong",
 "parentBrand": " Cheeky Records Ltd.",
 "childBrand": "Junior Cheeky Records",
 "majorStyle": "dance, electronic",
 "delegateArtist": "",
 "officialUrl": "",
 "referenceUrl": "https://musicbrainz.org/label/a1a1d3ce-4a27-41da-ac03-ac1e58e72203",
 "manageStatusText": "",
 "style": "Electronic",
 "country": "英国",
 "typeId": 14,
 "typeName": "厂牌",
 "dataId": 585,
 "url": "http://dropinapp.hearinmusic.com/#/ency?typeId=14&dataId=585"
}