{
 "pageNum": 1,
 "pageSize": 10,
 "params": {},
 "content": "<p>&nbsp;</p>\n<p><strong>Chemikal Underground</strong>&nbsp;is an independent record label set up in 1994 at Glasgow, Scotland by rock band The Delgados. It was set up to release their first single, \"Monica Webster\" / \"Brand New Car\" and went on to break many new Scottish bands in the nineties.</p>\n<p>When the second Chemikal Underground release by Bis,&nbsp;<em>The Secret Vampire Soundtrack EP</em>&nbsp;was successful, earning them a slot on&nbsp;<em>Top of the Pops</em>, the label was able to expand. To date,&nbsp;<em>The Secret Vampire Soundtrack</em>&nbsp;is the only Top 40 hit released on Chemikal Underground. Further success followed with the debut albums by Mogwai and Arab Strap. Other bands on the Chemikal Underground roster included Magoo, Aereogramme, Cha Cha Cohen, Sluts of Trust, Suckle, the Radar Brothers and more recently Mother and the Addicts and De Rosa, as well as Arab Strap member Malcolm Middleton's solo work. In 2000, they launched Fukd ID to release limited edition (1000 each of CD and 12\") singles by bands not necessarily on their roster, such as Interpol (Fukd ID #3).</p>\n<p>&nbsp;</p>\n<p>&nbsp;</p>",
 "remarks": "本词条内容暂未完善仅供参考，多频百科小编正在火速赶来",
 "remarksEn": "本词条内容暂未完善仅供参考，多频百科小编正在火速赶来",
 "status": 0,
 "clickNum": 0,
 "deleted": 0,
 "lang": 0,
 "chooseLang": false,
 "id": 586,
 "name": "Chemikal Underground",
 "descriptions": "Scottish label founded by band The Delgados in 1995.\n\n",
 "picture": "https://duopin-community.oss-cn-shenzhen.aliyuncs.com/es5js36j88jcqp6yu3vj.jpg",
 "originalName": "Chemical Underground Records",
 "foundTimeText": " 1995-02",
 "foundAddress": "",
 "founder": "\tThe Delgados",
 "parentBrand": " Chemikal Underground Records",
 "childBrand": "\nFukd I.D.",
 "majorStyle": "instrumental, instrumental rock, post-rock",
 "delegateArtist": "",
 "officialUrl": "",
 "referenceUrl": "\thttp://www.chemikal.co.uk/",
 "manageStatusText": "",
 "style": "Electronic Rock",
 "country": "",
 "typeId": 14,
 "typeName": "厂牌",
 "dataId": 586,
 "url": "http://dropinapp.hearinmusic.com/#/ency?typeId=14&dataId=586"
}