{
 "pageNum": 1,
 "pageSize": 10,
 "params": {},
 "content": "<p></p>\n\r<p></p>\n\r<p></p>\n\r<p></p>",
 "remarks": "本词条内容暂未完善仅供参考，多频百科小编正在火速赶来",
 "remarksEn": "本词条内容暂未完善仅供参考，多频百科小编正在火速赶来",
 "status": 0,
 "clickNum": 0,
 "deleted": 0,
 "lang": 0,
 "chooseLang": false,
 "id": 587,
 "name": "Chica Discos",
 "descriptions": "Chica Discos is an independent record label, founded by German musician and producer, Torsten Stenzel. Since 2003 releasing different branches of House Music.\n\n",
 "picture": "https://duopin-community.oss-cn-shenzhen.aliyuncs.com/crwp7vxvcrd3s218blla.jpg",
 "originalName": "",
 "foundTimeText": "2003 ",
 "foundAddress": "",
 "founder": "",
 "parentBrand": "",
 "childBrand": "",
 "majorStyle": "deep house, house, progressive house, tech house",
 "delegateArtist": "",
 "officialUrl": "",
 "referenceUrl": "https://musicbrainz.org/label/53e77b4d-d80d-402e-a98e-b4599f5af9ce",
 "manageStatusText": "",
 "style": "House",
 "country": "",
 "typeId": 14,
 "typeName": "厂牌",
 "dataId": 587,
 "url": "http://dropinapp.hearinmusic.com/#/ency?typeId=14&dataId=587"
}