{
 "pageNum": 1,
 "pageSize": 10,
 "params": {},
 "content": "<p></p>\n\r<p></p>\n\r<p></p>\n\r<p></p>",
 "remarks": "本词条内容暂未完善仅供参考，多频百科小编正在火速赶来",
 "remarksEn": "本词条内容暂未完善仅供参考，多频百科小编正在火速赶来",
 "status": 0,
 "clickNum": 5,
 "deleted": 0,
 "lang": 0,
 "chooseLang": false,
 "id": 588,
 "name": "Chillhop Records",
 "descriptions": "\n\nChillhop Records brings you the best in Chilled Hip Hop music, both lyrical and instrumental. The perfect music for studying, working & chilling out!\n",
 "picture": "https://duopin-community.oss-cn-shenzhen.aliyuncs.com/pytfrene8r00esvz5hky.jpg",
 "originalName": "",
 "foundTimeText": "",
 "foundAddress": "Rotterdam, Zuid-Holland, Netherlands, Kingdom of the Netherlands",
 "founder": "",
 "parentBrand": "\tChillhop Music",
 "childBrand": "\nMemoir Music, The Essenchills",
 "majorStyle": "instrumental, hip hop, breaks, electronic, jazz",
 "delegateArtist": "",
 "officialUrl": "\thttp://chillhoprecords.com/ [info] https://chillhop.com/",
 "referenceUrl": "https://musicbrainz.org/label/07c0fdeb-0932-405d-bc0b-ce8e85f0f24f",
 "manageStatusText": "",
 "style": "Hip-hop, Electronic",
 "country": "荷兰",
 "typeId": 14,
 "typeName": "厂牌",
 "dataId": 588,
 "url": "http://dropinapp.hearinmusic.com/#/ency?typeId=14&dataId=588"
}