{
 "pageNum": 1,
 "pageSize": 10,
 "params": {},
 "content": "<p></p>\n\r<p></p>\n\r<p></p>\n\r<p></p>",
 "remarks": "本词条内容暂未完善仅供参考，多频百科小编正在火速赶来",
 "remarksEn": "本词条内容暂未完善仅供参考，多频百科小编正在火速赶来",
 "status": 0,
 "clickNum": 0,
 "deleted": 0,
 "lang": 0,
 "chooseLang": false,
 "id": 593,
 "name": "Chiptunes = WIN  m ♥ m ",
 "descriptions": "Chiptunes = WIN is a netlabel and online community founded by Brandon L Hood and associated with MAGFest. It is also known as ChipWIN.\n\n",
 "picture": "https://duopin-community.oss-cn-shenzhen.aliyuncs.com/j7ufjjrgyi7qsoo825wn.jpg",
 "originalName": "",
 "foundTimeText": "2011",
 "foundAddress": "",
 "founder": "President Hoodie",
 "parentBrand": "",
 "childBrand": "",
 "majorStyle": "chiptune",
 "delegateArtist": "",
 "officialUrl": "",
 "referenceUrl": "https://musicbrainz.org/label/7669cf9a-7328-44cf-96ba-b2dc9d534ed8/aliases",
 "manageStatusText": "",
 "style": "其他风格",
 "country": "",
 "typeId": 14,
 "typeName": "厂牌",
 "dataId": 593,
 "url": "http://dropinapp.hearinmusic.com/#/ency?typeId=14&dataId=593"
}