{
 "pageNum": 1,
 "pageSize": 10,
 "params": {},
 "content": "<p></p>\n\r<p></p>\n\r<p></p>\n\r<p></p>",
 "remarks": "本词条内容暂未完善仅供参考，多频百科小编正在火速赶来",
 "remarksEn": "本词条内容暂未完善仅供参考，多频百科小编正在火速赶来",
 "status": 0,
 "clickNum": 0,
 "deleted": 0,
 "lang": 0,
 "chooseLang": false,
 "id": 592,
 "name": "Chippanze",
 "descriptions": "\n\nBrazilian chipmusic/lo-fi electronics label/collective launched 2009\n",
 "originalName": "",
 "foundTimeText": "",
 "foundAddress": "",
 "founder": "",
 "parentBrand": "",
 "childBrand": "",
 "majorStyle": "chiptune",
 "delegateArtist": "",
 "officialUrl": "",
 "referenceUrl": "https://musicbrainz.org/label/953df38d-3b30-4182-b288-8bf7a41f48e0",
 "manageStatusText": "",
 "style": "其他风格",
 "country": "",
 "typeId": 14,
 "typeName": "厂牌",
 "dataId": 592,
 "url": "http://dropinapp.hearinmusic.com/#/ency?typeId=14&dataId=592"
}