{
 "pageNum": 1,
 "pageSize": 10,
 "params": {},
 "content": "<p></p>\n\r<p></p>\n\r<p></p>\n\r<p></p>",
 "remarks": "本词条内容暂未完善仅供参考，多频百科小编正在火速赶来",
 "remarksEn": "本词条内容暂未完善仅供参考，多频百科小编正在火速赶来",
 "status": 0,
 "clickNum": 0,
 "deleted": 0,
 "lang": 0,
 "chooseLang": false,
 "id": 589,
 "name": "Chip Bangers",
 "descriptions": "\n\r",
 "originalName": "",
 "foundTimeText": "",
 "foundAddress": "France",
 "founder": "",
 "parentBrand": "",
 "childBrand": "",
 "majorStyle": "chiptune",
 "delegateArtist": "",
 "officialUrl": "",
 "referenceUrl": "https://musicbrainz.org/label/55d63e22-196f-4021-a561-ff1641a8bc87",
 "manageStatusText": "",
 "style": "其他风格",
 "country": "法国",
 "typeId": 14,
 "typeName": "厂牌",
 "dataId": 589,
 "url": "http://dropinapp.hearinmusic.com/#/ency?typeId=14&dataId=589"
}