{
 "pageNum": 1,
 "pageSize": 10,
 "params": {},
 "content": "<p></p>\n\r<p></p>\n\r<p></p>\n\r<p></p>",
 "remarks": "本词条内容暂未完善仅供参考，多频百科小编正在火速赶来",
 "remarksEn": "本词条内容暂未完善仅供参考，多频百科小编正在火速赶来",
 "status": 0,
 "clickNum": 0,
 "deleted": 0,
 "lang": 0,
 "chooseLang": false,
 "id": 590,
 "name": "Chip Butty Records",
 "descriptions": "\n\r",
 "originalName": "",
 "foundTimeText": "2011-11-01",
 "foundAddress": "",
 "founder": "",
 "parentBrand": "",
 "childBrand": "",
 "majorStyle": "dubstep, garage, grime",
 "delegateArtist": "",
 "officialUrl": "",
 "referenceUrl": "https://musicbrainz.org/label/e2027c6f-5ff9-4cc5-a9e9-d9d7406d3937",
 "manageStatusText": "",
 "style": "Dubstep, UK Garage",
 "country": "",
 "typeId": 14,
 "typeName": "厂牌",
 "dataId": 590,
 "url": "http://dropinapp.hearinmusic.com/#/ency?typeId=14&dataId=590"
}