{
 "pageNum": 1,
 "pageSize": 10,
 "params": {},
 "content": "<p></p>\n\r<p></p>\n\r<p></p>\n\r<p></p>",
 "remarks": "本词条内容暂未完善仅供参考，多频百科小编正在火速赶来",
 "remarksEn": "本词条内容暂未完善仅供参考，多频百科小编正在火速赶来",
 "status": 0,
 "clickNum": 0,
 "deleted": 0,
 "lang": 0,
 "chooseLang": false,
 "id": 594,
 "name": "Chopstick Dubplate",
 "descriptions": "\nChopstick Dubplate was established in 1998, when Jacky Murda brought and rebuilt a scully-westrex cutting suite from Miami, Florida, USA and set up in Montreal, Canada. The first chop voicings were cut in 1998. In 2001 Chopstick moved back to the US in Crown Heights, Brooklyn to establish its label. Distribution is done by Nu Urban Music.\n\n",
 "picture": "https://duopin-community.oss-cn-shenzhen.aliyuncs.com/7223mo3i10r1tbsagpsw.jpg",
 "originalName": "",
 "foundTimeText": "2002-03-01",
 "foundAddress": "United States",
 "founder": "",
 "parentBrand": "",
 "childBrand": "\nBeatz Chopstick",
 "majorStyle": "jungle, ragga jungle",
 "delegateArtist": "",
 "officialUrl": "",
 "referenceUrl": "https://musicbrainz.org/label/6da71c3a-dd42-46d0-920c-bc7c66a9e337",
 "manageStatusText": "",
 "style": "其他风格",
 "country": "美国",
 "typeId": 14,
 "typeName": "厂牌",
 "dataId": 594,
 "url": "http://dropinapp.hearinmusic.com/#/ency?typeId=14&dataId=594"
}