{
 "pageNum": 1,
 "pageSize": 10,
 "params": {},
 "content": "<p></p>\n\r<p></p>\n\r<p></p>\n\r<p></p>",
 "remarks": "本词条内容暂未完善仅供参考，多频百科小编正在火速赶来",
 "remarksEn": "本词条内容暂未完善仅供参考，多频百科小编正在火速赶来",
 "status": 0,
 "clickNum": 0,
 "deleted": 0,
 "lang": 0,
 "chooseLang": false,
 "id": 595,
 "name": "Chord Marauders",
 "descriptions": "\nChord Marauders is a collective label, composed of four artists Geode (2), congi, B9 (5) & Jafu. The collective formed in May 2013 as a means to explore and release their different takes on dubstep. Since then, Chord Marauders has expanded into a broader platform, that showcases the work of like minded producers and hosts a regular night at Plan B Basement, Brixton. \n\nSince the inaugural compilation release Groove Booty – the Chord Marauders (and special guests) have shone through as top curators of weird & intelligent bass music, much to the appreciation of underground listeners worldwide.\n\n",
 "picture": "https://duopin-community.oss-cn-shenzhen.aliyuncs.com/pt4ocahmvfrdd06jjvr6.jpg",
 "originalName": "",
 "foundTimeText": "",
 "foundAddress": "",
 "founder": "",
 "parentBrand": "",
 "childBrand": "",
 "majorStyle": "dubstep",
 "delegateArtist": "",
 "officialUrl": "\thttps://www.chordmarauders.com/",
 "referenceUrl": "https://musicbrainz.org/label/9d744d93-575e-4932-85df-5289a427ba1e",
 "manageStatusText": "",
 "style": "Dubstep",
 "country": "",
 "typeId": 14,
 "typeName": "厂牌",
 "dataId": 595,
 "url": "http://dropinapp.hearinmusic.com/#/ency?typeId=14&dataId=595"
}