{
 "pageNum": 1,
 "pageSize": 10,
 "params": {},
 "content": "<p>&nbsp;</p>\n<p><strong>Chrysalis Records</strong>&nbsp;() is a British record label that was created in 1968. The name was both a reference to the pupal stage of a butterfly and a combination of its founders' names, Chris Wright and Terry Ellis. It started as the&nbsp;<strong>Ellis-Wright Agency</strong>.</p>\n<p>&nbsp;</p>\n<p>&nbsp;</p>",
 "remarks": "本词条内容暂未完善仅供参考，多频百科小编正在火速赶来",
 "remarksEn": "本词条内容暂未完善仅供参考，多频百科小编正在火速赶来",
 "status": 0,
 "clickNum": 0,
 "deleted": 0,
 "lang": 0,
 "chooseLang": false,
 "id": 596,
 "name": "Chrysalis",
 "descriptions": "\nPlease note, many Chrysalis issues also carried an EMI logo. This is not a label and EMI should not be added as a label, it instead indicates that Chrysalis was part of the EMI Group. \n\nThe roots of Chrysalis stretch back to a tiny flat in West London in 1967, when former university social secretaries, Chris Wright, then 22, and Terry Ellis, 23, linked their flair for managing and booking bands to form the Ellis Wright Agency. \n\nAfter a couple of experiences trying to release their bands records via other companies, Wright and Ellis began thinking in terms of their own label. In 1968, they signed a licensing deal with Island Records with the proviso that, should Wright and Ellis' acts log an agreed number of hits, then the pair would be awarded a label in their own right. The appropriate tally was logged within a year, and a new independent record company –Chrysalis, an amalgam of Wright's first name and Ellis' last name– was born. \n\nAfter buying out Terry Ellis in 1985, Chris Wright sold the Chrysalis Records label to EMI in 1991. EMI was bought out by Universal Music Group in 2012; in 2013, they sold the Parlophone Label Group, which includes Chrysalis, to Warner Music Group. In May 2016 the label was sold to a consortium, Blue Raincoat Music, which included co-founder Chris Wright as Non-Executive Chairman; Blue Raincoat plans to relaunch Chrysalis with both catalog artists and new signings. \n_____________________________________ \nVinyl label identification guide for eras of American releases: \nFrom inception, Green label (no radial text until mid 1975. See images), 1972-1976 distributed by Warner Bros.; \n1977-87 Blue label, independent distribution to '83 - CBS distribution to late '87; \nWhite label to end of 1988 still under CBS distribution; \nCream label, Capitol distribution from 1989 to early 1990s. \n\nLabelcode: LC 1626. \n\nThis label contains releases on multinational markets. Do NOT create imprints for different countries. \nCover that information on new releases with the country field and with proper notes about the release (i.e. releasing company, labelcode, (P) & (C) info, BIEM, etc.).\n\n",
 "picture": "https://duopin-community.oss-cn-shenzhen.aliyuncs.com/zxazl0w5ocap82r7okvr.jpg",
 "originalName": "Chrysalis Records\t\t\t\t\t Chrysalis Records Inc.\t\t\t\t\t Chrysalis Records Limited\t\t\t\t\t Chrysalis Records Ltd.",
 "foundTimeText": "1969",
 "foundAddress": "United Kingdom",
 "founder": ":\tLourdes de la Mata-Little",
 "parentBrand": "",
 "childBrand": "\n20th Anniversary (2), Animal Records, Chrysalis Hot Price, Chrysalis25, Highest Energy & Eternal Beauty, Musicfest, Portfolio (2), Style Disques, Two-Tone Records",
 "majorStyle": "hip hop, jazz, jazz rap, rock",
 "delegateArtist": "",
 "officialUrl": "\thttp://www.chrysalis-records.co.uk/",
 "referenceUrl": "https://musicbrainz.org/label/ed5601e5-7c54-426e-982a-1a208dd0b0ad",
 "manageStatusText": "",
 "style": "Hip-hop, Electronic Rock, jazz",
 "country": "英国",
 "typeId": 14,
 "typeName": "厂牌",
 "dataId": 596,
 "url": "http://dropinapp.hearinmusic.com/#/ency?typeId=14&dataId=596"
}