{
 "pageNum": 1,
 "pageSize": 10,
 "params": {},
 "content": "<p></p>\n\r<p></p>\n\r<p></p>\n\r<p></p>",
 "remarks": "本词条内容暂未完善仅供参考，多频百科小编正在火速赶来",
 "remarksEn": "本词条内容暂未完善仅供参考，多频百科小编正在火速赶来",
 "status": 0,
 "clickNum": 0,
 "deleted": 0,
 "lang": 0,
 "chooseLang": false,
 "id": 597,
 "name": "Cian Orbe",
 "descriptions": "Chilean non-profit Netlabel created by Sábila Orbe alias Yaka-anima for support artists of unrated weird atmospheric electronic genres.\n\n",
 "picture": "https://duopin-community.oss-cn-shenzhen.aliyuncs.com/uq6ztyct3avqka0i5r3f.jpg",
 "originalName": "",
 "foundTimeText": "2016-11-25",
 "foundAddress": "",
 "founder": "Filmy Ghost (Sábila Orbe) Fudix Insatiable Void Dariusz Jackowski",
 "parentBrand": "",
 "childBrand": "\nGothic Spectra, Internet Daemon, Witch Spectra",
 "majorStyle": " dark ambient, dark wave, drone, experimental, new age",
 "delegateArtist": "",
 "officialUrl": "https://humanfobia.jimdo.com/cian-orbe-netlabel/ ",
 "referenceUrl": "https://musicbrainz.org/label/eed8a295-9bf1-4d02-859f-2003acce7aa6",
 "manageStatusText": "",
 "style": "Ambient, Experimental",
 "country": "",
 "typeId": 14,
 "typeName": "厂牌",
 "dataId": 597,
 "url": "http://dropinapp.hearinmusic.com/#/ency?typeId=14&dataId=597"
}