{
 "pageNum": 1,
 "pageSize": 10,
 "params": {},
 "content": "<div class=\"_2k34__- _2lM0VrQ\">\n<p>CircoLoco Records is a partnership between CircoLoco, one of the most influential brands in global club culture and Rockstar Games, creators of some of the world&rsquo;s most popular and critically acclaimed video games, with a view to supporting underground dance music culture worldwide in the physical and digital worlds.</p>\n<p>&nbsp;</p>\n</div>\n<p>Representing house and techno for over 20 years through its parties at Ibiza&rsquo;s DC10 and around the world, CircoLoco's dancefloor has become a principal intersection between underground dance music and elements of fashion, art and wider culture. The launch of CircoLoco Records reinforces CircoLoco&rsquo;s commitment to championing forward-thinking dance music artists beyond the club.</p>\n<p>&nbsp;</p>\n<p>Creators of some of the world&rsquo;s most popular video games including the Grand Theft Auto and Red Dead Redemption series, Rockstar Games&rsquo; reputation for supporting music and club culture stretches back to the brand&rsquo;s inception in 1998. Whether through the meticulously curated radio stations found in the Grand Theft Auto series or the virtual dance clubs of Grand Theft Auto Online featuring some of the world&rsquo;s greatest DJ&rsquo;s, Rockstar Games has consistently championed artists and club culture.</p>\n<p>&nbsp;</p>\n<p>CircoLoco Records will break new ground in an effort to support dance music culture and represents an opportunity to elevate the scene through the collective power of these two entertainment brands.</p>\n<p>&nbsp;</p>\n<p>&nbsp;</p>\n<p>本词条内容来自 CircoLoco Records 官网介绍</p>",
 "remarks": "本词条内容暂未完善仅供参考，多频百科小编正在火速赶来",
 "remarksEn": "本词条内容暂未完善仅供参考，多频百科小编正在火速赶来",
 "status": 0,
 "clickNum": 0,
 "deleted": 0,
 "lang": 0,
 "chooseLang": false,
 "id": 1900,
 "name": "CircoLoco Records",
 "picture": "https://duopin-community.oss-cn-shenzhen.aliyuncs.com/bglvxv8aqfiscymnuqfv.png",
 "foundTimeText": "2021年5月",
 "foundAddress": "美国纽约",
 "founder": "Rockstar Games",
 "majorStyle": "Dance Music, Game Music",
 "officialUrl": "https://circolocorecords.com/",
 "style": "Dance Music, Game Music",
 "country": "美国",
 "typeId": 14,
 "typeName": "厂牌",
 "dataId": 1900,
 "url": "http://dropinapp.hearinmusic.com/#/ency?typeId=14&dataId=1900"
}