{
 "pageNum": 1,
 "pageSize": 10,
 "params": {},
 "content": "<p>Tech House label based in London, UK. Founded by&nbsp;Yousef.</p>",
 "remarks": "本词条内容暂未完善仅供参考，多频百科小编正在火速赶来",
 "remarksEn": "本词条内容暂未完善仅供参考，多频百科小编正在火速赶来",
 "status": 0,
 "clickNum": 0,
 "deleted": 0,
 "lang": 0,
 "chooseLang": false,
 "id": 1851,
 "name": "Circus Recordings",
 "picture": "https://duopin-community.oss-cn-shenzhen.aliyuncs.com/bmtiypdijtg935planfc.jpg",
 "foundAddress": "London, England",
 "founder": "Yousef ",
 "style": "",
 "country": "英国",
 "typeId": 14,
 "typeName": "厂牌",
 "dataId": 1851,
 "url": "http://dropinapp.hearinmusic.com/#/ency?typeId=14&dataId=1851"
}