{
 "pageNum": 1,
 "pageSize": 10,
 "params": {},
 "content": "<p>Circus Records是由 Doctor P, DJ Swan-E 和Flux Pavilion 共同创办经营的英国厂牌</p>",
 "contentEn": "",
 "remarks": "本词条内容由 @多频百科团队 编辑",
 "remarksEn": "本词条内容暂未完善仅供参考，多频百科小编正在火速赶来",
 "status": 1,
 "clickNum": 1,
 "deleted": 0,
 "lang": 0,
 "chooseLang": false,
 "id": 1959,
 "name": "Circus Records",
 "descriptions": "Circus Records是由 Doctor P, DJ Swan-E 和Flux Pavilion 共同创办经营的英国厂牌",
 "picture": "https://duopin-community.oss-cn-shenzhen.aliyuncs.com/image/2021/8/ojtmskwu1uxbtcrw56k7.jpg",
 "foundTimeText": "2009年",
 "foundAddress": "英国伯明翰",
 "founder": "Doctor P, DJ Swan-E 和Flux Pavilion",
 "officialUrl": "https://circus-records.co.uk/",
 "referenceUrl": "https://www.discogs.com/label/159022-Circus-Records-5",
 "style": "",
 "country": "英国",
 "typeId": 14,
 "typeName": "厂牌",
 "dataId": 1959,
 "url": "http://dropinapp.hearinmusic.com/#/ency?typeId=14&dataId=1959"
}