{
 "pageNum": 1,
 "pageSize": 10,
 "params": {},
 "content": "<p></p>\n\r<p></p>\n\r<p></p>\n\r<p></p>",
 "remarks": "本词条内容暂未完善仅供参考，多频百科小编正在火速赶来",
 "remarksEn": "本词条内容暂未完善仅供参考，多频百科小编正在火速赶来",
 "status": 0,
 "clickNum": 0,
 "deleted": 0,
 "lang": 0,
 "chooseLang": false,
 "id": 598,
 "name": "Circle Recordings",
 "descriptions": "\n\nUS Drum & Bass label\n",
 "picture": "https://duopin-community.oss-cn-shenzhen.aliyuncs.com/cnefseefg7tbztrzvsho.jpg",
 "originalName": "",
 "foundTimeText": "",
 "foundAddress": "Philadelphia, Pennsylvania, United States",
 "founder": "",
 "parentBrand": "",
 "childBrand": "",
 "majorStyle": "drum and bass",
 "delegateArtist": "",
 "officialUrl": "",
 "referenceUrl": "https://musicbrainz.org/label/90ed65a8-f648-40c4-b891-69b259511c3c",
 "manageStatusText": "",
 "style": "Drum&Bass",
 "country": "美国",
 "typeId": 14,
 "typeName": "厂牌",
 "dataId": 598,
 "url": "http://dropinapp.hearinmusic.com/#/ency?typeId=14&dataId=598"
}