{
 "pageNum": 1,
 "pageSize": 10,
 "params": {},
 "content": "<p>Citinite 最初由 Manuel Sepulveda 和 Scott Jarrold 于 2003 年构思，最终于 2006 年推出，由 Manny Zambrano 拥有和经营。</p>\n<p>&nbsp;</p>\n<p>&nbsp;</p>\n<div>\n<div class=\"document\">\n<p class=\"paragraph text-align-type-left pap-line-1.8 pap-line-rule-auto pap-spacing-before-2pt pap-spacing-after-2pt pap-left-indent-2em\">&nbsp;</p>\n</div>\n</div>",
 "contentEn": "<div>\n<div class=\"document\">\n<p class=\"paragraph text-align-type-left pap-line-1.8 pap-line-rule-auto pap-spacing-before-2pt pap-spacing-after-2pt\" style=\"text-align: left; line-height: 180%; margin-top: 2.6666666666666665px; margin-bottom: 2.6666666666666665px;\"><span style=\"font-size: 11pt; font-family: SF Pro,PingFang SC,Microsoft YaHei,微软雅黑,Noto Sans CJK SC,sans-serif,Roboto,Droid Sans,Helvetica,Tahoma,Arial,Hiragino Sans GB,Heiti SC; font-weight: 400; font-style: normal; ;color: #111; background: transparent; letter-spacing: 0pt; vertical-align: baseline; white-space: pre;\">Originally conceived in 2003 by Manuel Sepulveda and Scott Jarrold, Citinite was eventually launched in 2006 and is owned and run by Manny Zambrano.</span></p>\n</div>\n</div>",
 "remarks": "本词条汉字内容由 @多频百科团队 翻译+编辑\n原文译自https://www.discogs.com/label/17961-Citinite",
 "remarksEn": "本词条内容来自 https://www.discogs.com/label/17961-Citinite",
 "status": 1,
 "clickNum": 10,
 "deleted": 0,
 "lang": 0,
 "chooseLang": true,
 "id": 42,
 "name": "Citinite",
 "descriptions": "Citinite 最初由 Manuel Sepulveda 和 Scott Jarrold 于 2003 年策划，最终于 2006 年推出，由 Manny Zambrano 拥有和经营。\n\n",
 "picture": "https://duopin-community.oss-cn-shenzhen.aliyuncs.com/edmrsnr3qyorrnr6dgoa.png",
 "originalName": "",
 "foundTimeText": "",
 "foundAddress": "",
 "founder": " Manuel Sepulveda ； Scott Jarrold ",
 "parentBrand": "",
 "childBrand": "",
 "majorStyle": "",
 "delegateArtist": "",
 "officialUrl": "",
 "referenceUrl": "https://www.discogs.com/label/17961-Citinite",
 "manageStatusText": "",
 "style": "",
 "country": "",
 "typeId": 14,
 "typeName": "厂牌",
 "dataId": 42,
 "url": "http://dropinapp.hearinmusic.com/#/ency?typeId=14&dataId=42"
}