{
 "pageNum": 1,
 "pageSize": 10,
 "params": {},
 "content": "<p></p>\n\r<p></p>\n\r<p></p>\n\r<p></p>",
 "remarks": "本词条内容暂未完善仅供参考，多频百科小编正在火速赶来",
 "remarksEn": "本词条内容暂未完善仅供参考，多频百科小编正在火速赶来",
 "status": 0,
 "clickNum": 0,
 "deleted": 0,
 "lang": 0,
 "chooseLang": false,
 "id": 599,
 "name": "Citrus Recordings",
 "descriptions": "\nDutch Drum'n'Bass Label\n",
 "picture": "https://duopin-community.oss-cn-shenzhen.aliyuncs.com/khhicrbqrxrculhos12z.jpg",
 "originalName": "",
 "foundTimeText": "2000",
 "foundAddress": "",
 "founder": "",
 "parentBrand": " Fokuz Recordings",
 "childBrand": "\nJuice Blender, Lime Dubs, Past Life Analysis, Piruh",
 "majorStyle": "drum and bass",
 "delegateArtist": "",
 "officialUrl": "",
 "referenceUrl": "https://musicbrainz.org/label/c9cd66ea-f5da-4375-a384-1cca05cd79ef",
 "manageStatusText": "",
 "style": "Drum&Bass",
 "country": "",
 "typeId": 14,
 "typeName": "厂牌",
 "dataId": 599,
 "url": "http://dropinapp.hearinmusic.com/#/ency?typeId=14&dataId=599"
}