{
 "pageNum": 1,
 "pageSize": 10,
 "params": {},
 "content": "<div>\n<div class=\"document\">\n<p class=\"paragraph text-align-type-left pap-line-1.8 pap-line-rule-auto pap-spacing-before-2pt pap-spacing-after-2pt\">City Centre Offices是一个位于英国曼彻斯特的厂牌，在德国柏林有一个分支机构。该厂牌于1998年由Shlom Sviri 和De:Bug杂志的主编Thaddeus Herrmann创立，已经发行了一些著名作品，有关艺人包括Arovane、Boy Robot、Marsen Jules、Christian Kleine、Casino Versus Japan、Ulrich Schnauss、The Gentleman Losers和I'm Not a Gun。</p>\n<p class=\"paragraph text-align-type-left pap-line-1.8 pap-line-rule-auto pap-spacing-before-2pt pap-spacing-after-2pt\">&nbsp;</p>\n<div>\n<div class=\"document\">\n<p class=\"paragraph text-align-type-left pap-line-1.8 pap-line-rule-auto pap-spacing-before-2pt pap-spacing-after-2pt pap-left-indent-2em\">&nbsp;</p>\n</div>\n</div>\n</div>\n</div>",
 "contentEn": "<div>\n<div class=\"document\">\n<p class=\"paragraph text-align-type-left pap-line-1.8 pap-line-rule-auto pap-spacing-before-2pt pap-spacing-after-2pt\" style=\"text-align: left; line-height: 180%; margin-top: 2.6666666666666665px; margin-bottom: 2.6666666666666665px;\"><span style=\"font-size: 11pt; font-family: SF Pro,PingFang SC,Microsoft YaHei,微软雅黑,Noto Sans CJK SC,sans-serif,Roboto,Droid Sans,Helvetica,Tahoma,Arial,Hiragino Sans GB,Heiti SC; font-weight: 400; font-style: normal; ;color: #111; background: transparent; letter-spacing: 0pt; vertical-align: baseline; white-space: pre;\">City Centre Offices is a record label based in Manchester, England, with an affiliate in Berlin, Germany. The label, founded in 1998 by Shlom Sviri and De:Bug magazine writer Thaddeus Herrmann, has released music from several notable acts, including Arovane, Boy Robot, Marsen Jules, Christian Kleine, Casino Versus Japan, Ulrich Schnauss, The Gentleman Losers and I'm Not a Gun.</span></p>\n</div>\n</div>",
 "remarks": "本词条汉字内容由 @多频百科团队 翻译+编辑\n原文译自https://en.wikipedia.org/wiki/City_Centre_Offices",
 "remarksEn": "本词条内容来自 https://en.wikipedia.org/wiki/City_Centre_Offices",
 "status": 1,
 "clickNum": 11,
 "deleted": 0,
 "lang": 0,
 "chooseLang": true,
 "id": 43,
 "name": "City Centre Offices",
 "descriptions": "City Centre Offices是一个位于英国曼彻斯特的厂牌，在德国柏林有一个分支机构。该厂牌于1998年由Shlom Sviri 和De:Bug杂志的主编Thaddeus Herrmann创立.",
 "picture": "https://duopin-community.oss-cn-shenzhen.aliyuncs.com/226i1dacu2csdmyecc8y.jpg",
 "originalName": "",
 "foundTimeText": "1998",
 "foundAddress": "英国曼彻斯特，德国设有分支机构",
 "founder": "Shlom Sviri；Thaddeus Herrmann",
 "parentBrand": "",
 "childBrand": "",
 "majorStyle": "",
 "delegateArtist": "",
 "officialUrl": "http://www.city-centre-offices.de/cco/",
 "referenceUrl": "https://en.wikipedia.org/wiki/City_Centre_Offices",
 "manageStatusText": "运营中",
 "style": "",
 "country": "英国",
 "typeId": 14,
 "typeName": "厂牌",
 "dataId": 43,
 "url": "http://dropinapp.hearinmusic.com/#/ency?typeId=14&dataId=43"
}