{
 "pageNum": 1,
 "pageSize": 10,
 "params": {},
 "content": "<p></p>\n\r<p></p>\n\r<p></p>\n\r<p></p>",
 "remarks": "本词条内容暂未完善仅供参考，多频百科小编正在火速赶来",
 "remarksEn": "本词条内容暂未完善仅供参考，多频百科小编正在火速赶来",
 "status": 0,
 "clickNum": 0,
 "deleted": 0,
 "lang": 0,
 "chooseLang": false,
 "id": 600,
 "name": "Clanmusic",
 "descriptions": "\n\nGerman HipHop label and shop, home of No Touch Clan.\n",
 "picture": "https://duopin-community.oss-cn-shenzhen.aliyuncs.com/hpyfjgnpwaqn1fid9ezc.jpg",
 "originalName": "Clan Music",
 "foundTimeText": "",
 "foundAddress": "",
 "founder": "",
 "parentBrand": "",
 "childBrand": "",
 "majorStyle": "hip hop",
 "delegateArtist": "",
 "officialUrl": "\thttp://clanmusic-shop.de/",
 "referenceUrl": "https://musicbrainz.org/label/fa0672e1-dfa1-45cc-a188-91a72eb528c7",
 "manageStatusText": "",
 "style": "Hip-hop",
 "country": "",
 "typeId": 14,
 "typeName": "厂牌",
 "dataId": 600,
 "url": "http://dropinapp.hearinmusic.com/#/ency?typeId=14&dataId=600"
}