{
 "pageNum": 1,
 "pageSize": 10,
 "params": {},
 "content": "<p></p>\n\r<p></p>\n\r<p></p>\n\r<p></p>",
 "remarks": "本词条内容暂未完善仅供参考，多频百科小编正在火速赶来",
 "remarksEn": "本词条内容暂未完善仅供参考，多频百科小编正在火速赶来",
 "status": 0,
 "clickNum": 0,
 "deleted": 0,
 "lang": 0,
 "chooseLang": false,
 "id": 601,
 "name": "CLAU",
 "descriptions": "\n\n\nGerman label, sister label of CLR (2). \nCLAU stands for Chris Liebing Audio.",
 "picture": "https://duopin-community.oss-cn-shenzhen.aliyuncs.com/4znr4nr68izrs4w7bzta.jpg",
 "originalName": "",
 "foundTimeText": "",
 "foundAddress": " Germany",
 "founder": "",
 "parentBrand": "CLR",
 "childBrand": "",
 "majorStyle": "schranz",
 "delegateArtist": "",
 "officialUrl": "",
 "referenceUrl": "https://musicbrainz.org/label/f379aae5-2cda-44ea-86b6-2af964353c8e",
 "manageStatusText": "",
 "style": "其他风格",
 "country": "德国",
 "typeId": 14,
 "typeName": "厂牌",
 "dataId": 601,
 "url": "http://dropinapp.hearinmusic.com/#/ency?typeId=14&dataId=601"
}