{
 "pageNum": 1,
 "pageSize": 10,
 "params": {},
 "content": "<p></p>\n\r<p></p>\n\r<p></p>\n\r<p></p>",
 "remarks": "本词条内容暂未完善仅供参考，多频百科小编正在火速赶来",
 "remarksEn": "本词条内容暂未完善仅供参考，多频百科小编正在火速赶来",
 "status": 0,
 "clickNum": 0,
 "deleted": 0,
 "lang": 0,
 "chooseLang": false,
 "id": 602,
 "name": "Clear Conceptions",
 "descriptions": "\n\r",
 "picture": "https://duopin-community.oss-cn-shenzhen.aliyuncs.com/ttf2aeze20yxqk9fnsdh.jpg",
 "originalName": "",
 "foundTimeText": "2010",
 "foundAddress": "",
 "founder": "",
 "parentBrand": "",
 "childBrand": "",
 "majorStyle": "drum and bass",
 "delegateArtist": "",
 "officialUrl": "",
 "referenceUrl": "https://musicbrainz.org/label/940924e0-5738-4319-91db-c805d3a35f1e",
 "manageStatusText": "",
 "style": "Drum&Bass",
 "country": "",
 "typeId": 14,
 "typeName": "厂牌",
 "dataId": 602,
 "url": "http://dropinapp.hearinmusic.com/#/ency?typeId=14&dataId=602"
}