{
 "pageNum": 1,
 "pageSize": 10,
 "params": {},
 "content": "<p>&nbsp;</p>\n<p>Clinical Archives is independent netlabel for eclectic and illogical music. The basic directions : abstract, avant-garde, free improvisation, intuition improvisation, manipulation, free jazz, fusion, electro-jazz, experimental, neoclassicism, illbient, ambient, musique concr&egrave;te, noise, tape music, minimalism, acousmatic music, sound sculpture, sound collage, electroacoustic, rhythmic noise, drone, industrial, field recordings, glitch, microsound, montage, psychedelic, trip-hop, soundscape, sound art, spoken word, strange and other forms ...</p>\n<p>&nbsp;</p>\n<p>&nbsp;</p>",
 "remarks": "本词条内容暂未完善仅供参考，多频百科小编正在火速赶来",
 "remarksEn": "本词条内容暂未完善仅供参考，多频百科小编正在火速赶来",
 "status": 0,
 "clickNum": 0,
 "deleted": 0,
 "lang": 0,
 "chooseLang": false,
 "id": 603,
 "name": "Clinical Archives",
 "descriptions": "\n\nClinical Archives is independent netlabel for eclectic and illogical music hosted and curated by Alexander Lisovsky out of Moscow. \nThe basic directions are: abstract, avant-garde, free improvisation, intuition improvisation, manipulation, free jazz, fusion, electro-jazz, experimental, neoclassicism, illbient, ambient, musique concrète, noise, tape music, minimalism, acousmatic music, sound sculpture, sound collage, electroacoustic, rhythmic noise, drone, industrial, field recordings, glitch, microsound, montage, psychedelic, trip-hop, soundscape, sound art, spoken word, strange and other forms. \nAll releases are free and under a Creative Commons license.\n",
 "picture": "https://duopin-community.oss-cn-shenzhen.aliyuncs.com/nzw5jq491014rps5vvbq.jpg",
 "originalName": "",
 "foundTimeText": "2006-02-01",
 "foundAddress": " Russia",
 "founder": "",
 "parentBrand": "",
 "childBrand": "",
 "majorStyle": "ambient, avant-garde, experimental, free improvisation, free jazz",
 "delegateArtist": "",
 "officialUrl": "\thttp://www.clinicalarchives.spyw.com/",
 "referenceUrl": "https://musicbrainz.org/label/1134473d-78a6-4641-b614-d758eddfe38c",
 "manageStatusText": "",
 "style": "Ambient, 其他风格",
 "country": "俄罗斯",
 "typeId": 14,
 "typeName": "厂牌",
 "dataId": 603,
 "url": "http://dropinapp.hearinmusic.com/#/ency?typeId=14&dataId=603"
}