{
 "pageNum": 1,
 "pageSize": 10,
 "params": {},
 "content": "<p></p>\n\r<p></p>\n\r<p></p>\n\r<p></p>",
 "remarks": "本词条内容暂未完善仅供参考，多频百科小编正在火速赶来",
 "remarksEn": "本词条内容暂未完善仅供参考，多频百科小编正在火速赶来",
 "status": 0,
 "clickNum": 0,
 "deleted": 0,
 "lang": 0,
 "chooseLang": false,
 "id": 604,
 "name": "Close 2 Death Recordings",
 "descriptions": "\n\nClose 2 Death Recordings is a drum and bass label from Gloucester, UK.\n",
 "picture": "https://duopin-community.oss-cn-shenzhen.aliyuncs.com/z82xu8q6ot3n9nnxlp5l.jpg",
 "originalName": "",
 "foundTimeText": "",
 "foundAddress": "",
 "founder": "",
 "parentBrand": "",
 "childBrand": "\nCorridors Of Death",
 "majorStyle": "drum and bass",
 "delegateArtist": "",
 "officialUrl": "",
 "referenceUrl": "https://musicbrainz.org/label/53a23605-933b-4342-8f3c-2432f5c699c6",
 "manageStatusText": "",
 "style": "Drum&Bass",
 "country": "",
 "typeId": 14,
 "typeName": "厂牌",
 "dataId": 604,
 "url": "http://dropinapp.hearinmusic.com/#/ency?typeId=14&dataId=604"
}