{
 "pageNum": 1,
 "pageSize": 10,
 "params": {},
 "relationEncy": "[{\"id\":34727,\"typeId\":14,\"dataId\":1609,\"name\":\"Sweat It Out!\",\"url\":\"http://dropinapp.hearinmusic.com/#/ency?typeId=14&dataId=1609\"}]",
 "content": "<p>澳大利亚电子音乐厂牌，是厂牌Sweat it out的姊妹厂牌</p>",
 "contentEn": "",
 "remarks": "本词条内容由 @多频百科团队 编辑",
 "remarksEn": "本词条内容暂未完善仅供参考，多频百科小编正在火速赶来",
 "status": 0,
 "clickNum": 1,
 "deleted": 0,
 "lang": 0,
 "chooseLang": false,
 "id": 1950,
 "name": "Club Sweat",
 "descriptions": "澳大利亚电子音乐厂牌，是厂牌Sweat it out的姊妹厂牌",
 "picture": "https://duopin-community.oss-cn-shenzhen.aliyuncs.com/image/2021/8/y0akqjr0c2wjc6ummh5x.jpg",
 "foundTimeText": "2008年",
 "foundAddress": "悉尼",
 "founder": "AJAX",
 "parentBrand": "Sweat it out",
 "style": "",
 "country": "澳大利亚",
 "typeId": 14,
 "typeName": "厂牌",
 "dataId": 1950,
 "url": "http://dropinapp.hearinmusic.com/#/ency?typeId=14&dataId=1950"
}