{
 "pageNum": 1,
 "pageSize": 10,
 "params": {},
 "content": "<p></p>\n\r<p></p>\n\r<p></p>\n\r<p></p>",
 "remarks": "本词条内容暂未完善仅供参考，多频百科小编正在火速赶来",
 "remarksEn": "本词条内容暂未完善仅供参考，多频百科小编正在火速赶来",
 "status": 0,
 "clickNum": 0,
 "deleted": 0,
 "lang": 0,
 "chooseLang": false,
 "id": 606,
 "name": "Coalmine Records",
 "descriptions": "Coalmine Records is a Brooklyn, New York based independent hip-hop record label. Coalmine's catalog includes Pharaohe Monch, El Da Sensei, Kool G. Rap, Talib Kweli, Large Professor, Heltah Skeltah, Dilated Peoples, Bekay, Big K.R.I.T, Custom Made, Emilio Rojas, Torae, Skyzoo, Termanology, Alchemist, J.R.Rotem, M-Phazes, Illmind, Khrysis, Shuko, Domingo, DJ Kayslay, DJ Revolution, and DJ Babu.\n\nSince 2005, Coalmine Records has sought to provide the world with that classic hip-hop sound from its humble headquarters in the heart of Brooklyn. If you’re craving honest, inspired hip-hop from artists who are passionate about their craft, be sure to dig into our ever-expanding catalog.\n",
 "picture": "https://duopin-community.oss-cn-shenzhen.aliyuncs.com/8wq89e7kf1jke190xfse.jpg",
 "originalName": "",
 "foundTimeText": "",
 "foundAddress": "",
 "founder": "",
 "parentBrand": "",
 "childBrand": "",
 "majorStyle": "hip hop",
 "delegateArtist": "",
 "officialUrl": "\thttp://coalminerecords.diamondmedia360.com/",
 "referenceUrl": "https://musicbrainz.org/label/cdcbb64b-b92f-43f4-a9b1-0817186ec968",
 "manageStatusText": "",
 "style": "Hip-hop",
 "country": "",
 "typeId": 14,
 "typeName": "厂牌",
 "dataId": 606,
 "url": "http://dropinapp.hearinmusic.com/#/ency?typeId=14&dataId=606"
}