{
 "pageNum": 1,
 "pageSize": 10,
 "params": {},
 "content": "<p></p>\n\r<p></p>\n\r<p></p>\n\r<p></p>",
 "remarks": "本词条内容暂未完善仅供参考，多频百科小编正在火速赶来",
 "remarksEn": "本词条内容暂未完善仅供参考，多频百科小编正在火速赶来",
 "status": 0,
 "clickNum": 0,
 "deleted": 0,
 "lang": 0,
 "chooseLang": false,
 "id": 607,
 "name": "Coca Overdose Kaizen Entertainment",
 "descriptions": "Coca Overdose Kaizen Entertainment or C.O.K.E is an Angolan music label founded in Luanda on February 28, 2013 by rapper and music executive Pedro Fernando (a.k.a Pedrocas) (founder of FCMG). In 2016, the label was incorporated by record label FCMG. He currently works mainly with hip-hop music. The seal is distributed by FCMG (sometimes listed as one of its subsidiaries and division). \n\nCoca Overdose Kaizen Entertainment is the division of record label FCMG, responsible for musicians' talent research and artistic development. It also acts as a link between the artists and the publisher. It also acts as a liaison between the artists and the publisher; Any activity that involves artists up to the album release point is generally considered under the responsibility of Coca Overdose Kaizen Entertainment.\n\n",
 "picture": "https://duopin-community.oss-cn-shenzhen.aliyuncs.com/rcsaqq0cbumwz7yttcz8.jpg",
 "originalName": "C.O.K.E",
 "foundTimeText": "2013-02-28",
 "foundAddress": "Angola",
 "founder": "\tPedro Fernando",
 "parentBrand": "\tFCMG",
 "childBrand": "",
 "majorStyle": "contemporary r&b, drill, hip hop, lo-fi, trap",
 "delegateArtist": "",
 "officialUrl": "",
 "referenceUrl": "https://musicbrainz.org/label/ec009d5b-8cd5-4f68-9d13-6b0d0d4b86cc",
 "manageStatusText": "",
 "style": "Hip-hop, 其他风格",
 "country": "其他",
 "typeId": 14,
 "typeName": "厂牌",
 "dataId": 607,
 "url": "http://dropinapp.hearinmusic.com/#/ency?typeId=14&dataId=607"
}