{
 "pageNum": 1,
 "pageSize": 10,
 "params": {},
 "content": "<p>Cocoon Recordings是一家成立于2000年的厂牌，由DJ和电子音乐制作人Sven V&auml;th经营。Cocoon 总部位于德国法兰克福，是 Cocoon Music Event GmbH 的一个部门。</p>\n<p>&nbsp;</p>\n<p>V&auml;th 创立 Cocoon Recordings 是为了完善 Cocoon 平台作为电子音乐年轻艺术家的支持工具。</p>\n<p>&nbsp;</p>\n<div>\n<div class=\"document\">\n<p class=\"paragraph text-align-type-left pap-line-1.8 pap-line-rule-auto pap-spacing-before-2pt pap-spacing-after-2pt pap-left-indent-2em\">&nbsp;</p>\n</div>\n</div>",
 "contentEn": "<div>\n<div class=\"document\">\n<p class=\"paragraph text-align-type-left pap-line-1.8 pap-line-rule-auto pap-spacing-before-2pt pap-spacing-after-2pt\" style=\"text-align: left; line-height: 180%; margin-top: 2.6666666666666665px; margin-bottom: 2.6666666666666665px;\"><span style=\"font-size: 11pt; font-family: SF Pro,PingFang SC,Microsoft YaHei,微软雅黑,Noto Sans CJK SC,sans-serif,Roboto,Droid Sans,Helvetica,Tahoma,Arial,Hiragino Sans GB,Heiti SC; font-weight: 400; font-style: normal; ;color: #111; background: transparent; letter-spacing: 0pt; vertical-align: baseline; white-space: pre;\">Cocoon Recordings is a record label founded in 2000 and operated by DJ and electronic music producer Sven V&auml;th. Based in Frankfurt, Germany, Cocoon is a division of the Cocoon Music Event GmbH.</span></p>\n<p class=\"paragraph text-align-type-left pap-line-1.8 pap-line-rule-auto pap-spacing-before-2pt pap-spacing-after-2pt\" style=\"text-align: left; line-height: 180%; margin-top: 2.6666666666666665px; margin-bottom: 2.6666666666666665px;\">&nbsp;</p>\n<p class=\"paragraph text-align-type-left pap-line-1.8 pap-line-rule-auto pap-spacing-before-2pt pap-spacing-after-2pt\" style=\"text-align: left; line-height: 180%; margin-top: 2.6666666666666665px; margin-bottom: 2.6666666666666665px;\"><span style=\"font-size: 11pt; font-family: SF Pro,PingFang SC,Microsoft YaHei,微软雅黑,Noto Sans CJK SC,sans-serif,Roboto,Droid Sans,Helvetica,Tahoma,Arial,Hiragino Sans GB,Heiti SC; font-weight: 400; font-style: normal; ;color: #111; background: transparent; letter-spacing: 0pt; vertical-align: baseline; white-space: pre;\">V&auml;th founded Cocoon Recordings in order to complete the Cocoon platform as a supporting tool for young artists in Electronic Music.</span></p>\n</div>\n</div>",
 "remarks": "本词条汉字内容由 @多频百科团队 翻译+编辑\n原文译自 https://en.wikipedia.org/wiki/Cocoon_Recordings",
 "remarksEn": "本词条内容来自 https://en.wikipedia.org/wiki/Cocoon_Recordings",
 "status": 1,
 "clickNum": 18,
 "deleted": 0,
 "lang": 0,
 "chooseLang": true,
 "id": 45,
 "name": "Cocoon Recordings",
 "descriptions": "Cocoon Recordings是一家成立于2000年的厂牌，由DJ和电子音乐制作人Sven Väth经营。Cocoon 总部位于德国法兰克福，是 Cocoon Music Event GmbH 的一个部门。",
 "picture": "https://duopin-community.oss-cn-shenzhen.aliyuncs.com/s2nehkdtas6jwyxs0899.png",
 "originalName": "",
 "foundTimeText": "2000",
 "foundAddress": "Frankfurt, Germany",
 "founder": "Sven Väth",
 "parentBrand": "Cocoon Music Event GmbH",
 "childBrand": "",
 "majorStyle": "Techno, Minimal Techno, Techhouse",
 "delegateArtist": "Adam Beyer；\nAnthony Rother；\nBeroshima；\nChaim；\nDavid K；\n等",
 "officialUrl": "http://www.cocoon.net/",
 "referenceUrl": "https://en.wikipedia.org/wiki/Cocoon_Recordings",
 "manageStatusText": "运营中",
 "style": "Techno, Minimal Techno, Techhouse",
 "country": "德国",
 "typeId": 14,
 "typeName": "厂牌",
 "dataId": 45,
 "url": "http://dropinapp.hearinmusic.com/#/ency?typeId=14&dataId=45"
}