{
 "pageNum": 1,
 "pageSize": 10,
 "params": {},
 "content": "<p></p>\n\r<p></p>\n\r<p></p>\n\r<p></p>",
 "remarks": "本词条内容暂未完善仅供参考，多频百科小编正在火速赶来",
 "remarksEn": "本词条内容暂未完善仅供参考，多频百科小编正在火速赶来",
 "status": 0,
 "clickNum": 0,
 "deleted": 0,
 "lang": 0,
 "chooseLang": false,
 "id": 610,
 "name": "CODE4 Records",
 "descriptions": "\n\r",
 "originalName": "",
 "foundTimeText": "",
 "foundAddress": "",
 "founder": "",
 "parentBrand": "",
 "childBrand": "",
 "majorStyle": "deep house, electronic, house",
 "delegateArtist": "",
 "officialUrl": "",
 "referenceUrl": "https://musicbrainz.org/label/d0d0e4da-eea2-4511-a410-be2e37f69f42",
 "manageStatusText": "",
 "style": "House",
 "country": "",
 "typeId": 14,
 "typeName": "厂牌",
 "dataId": 610,
 "url": "http://dropinapp.hearinmusic.com/#/ency?typeId=14&dataId=610"
}