{
 "pageNum": 1,
 "pageSize": 10,
 "params": {},
 "content": "<p></p>\n\r<p></p>\n\r<p></p>\n\r<p></p>",
 "remarks": "本词条内容暂未完善仅供参考，多频百科小编正在火速赶来",
 "remarksEn": "本词条内容暂未完善仅供参考，多频百科小编正在火速赶来",
 "status": 0,
 "clickNum": 0,
 "deleted": 0,
 "lang": 0,
 "chooseLang": false,
 "id": 609,
 "name": "Code-001 Records",
 "descriptions": "\n\r",
 "picture": "https://duopin-community.oss-cn-shenzhen.aliyuncs.com/0w905pue2v4lgq7nbj2f.jpg",
 "originalName": "",
 "foundTimeText": "",
 "foundAddress": "",
 "founder": "",
 "parentBrand": "Legend Records",
 "childBrand": "",
 "majorStyle": "drum and bass",
 "delegateArtist": "",
 "officialUrl": "",
 "referenceUrl": "https://musicbrainz.org/label/1d3b877b-4d0d-45e9-8cc6-632403909e29",
 "manageStatusText": "",
 "style": "Drum&Bass",
 "country": "",
 "typeId": 14,
 "typeName": "厂牌",
 "dataId": 609,
 "url": "http://dropinapp.hearinmusic.com/#/ency?typeId=14&dataId=609"
}