{
 "pageNum": 1,
 "pageSize": 10,
 "params": {},
 "content": "<p></p>\n\r<p></p>\n\r<p></p>\n\r<p></p>",
 "remarks": "本词条内容暂未完善仅供参考，多频百科小编正在火速赶来",
 "remarksEn": "本词条内容暂未完善仅供参考，多频百科小编正在火速赶来",
 "status": 0,
 "clickNum": 0,
 "deleted": 0,
 "lang": 0,
 "chooseLang": false,
 "id": 613,
 "name": "Cold Meat Industry",
 "descriptions": "Cold Meat Industry was a Swedish independent record label established in 1987 by Roger Karmanik, which specialized in niche music genres such as dark ambient, death industrial, and neoclassical dark wave.\n\n\nOne of the oldest and most respected labels dealing with power electronics, noise, experimental and ambient music. \nIt was founded by Roger Karmanik (mainly known for his project Brighter Death Now) in 1987. \nCeased activities in February 2014. \nReanimated on November 23, 2018.\n\n",
 "picture": "https://duopin-community.oss-cn-shenzhen.aliyuncs.com/5ml8tq8pkqtwa9w04x7e.jpg",
 "originalName": "",
 "foundTimeText": " 1987",
 "foundAddress": "Sweden",
 "founder": "\tRoger Karmanik",
 "parentBrand": "",
 "childBrand": "\nAnarchy + Violence, Cruel Moon International, Death Factory, Pain In Progress, Sound Source",
 "majorStyle": " dark ambient, industrial, martial industrial",
 "delegateArtist": "",
 "officialUrl": "\thttp://www.coldmeat.se/",
 "referenceUrl": "https://musicbrainz.org/label/1f2a0cae-3c0e-4054-bf37-31453e4b5b2c",
 "manageStatusText": "",
 "style": "Ambient",
 "country": "瑞典",
 "typeId": 14,
 "typeName": "厂牌",
 "dataId": 613,
 "url": "http://dropinapp.hearinmusic.com/#/ency?typeId=14&dataId=613"
}