{
 "pageNum": 1,
 "pageSize": 10,
 "params": {},
 "content": "<p></p>\n\r<p></p>\n\r<p></p>\n\r<p></p>",
 "remarks": "本词条内容暂未完善仅供参考，多频百科小编正在火速赶来",
 "remarksEn": "本词条内容暂未完善仅供参考，多频百科小编正在火速赶来",
 "status": 0,
 "clickNum": 0,
 "deleted": 0,
 "lang": 0,
 "chooseLang": false,
 "id": 611,
 "name": "Cold Busted",
 "descriptions": "\n\nSTEREO At Its Best...When You Hear It On COLD BUSTED \nLA-based label, founded by Derrick Daisey—formerly known as DJ Vitamin D\n",
 "picture": "https://duopin-community.oss-cn-shenzhen.aliyuncs.com/icznh984u5k8wpp5lmec.jpg",
 "originalName": "",
 "foundTimeText": "2008",
 "foundAddress": "",
 "founder": "\tDerrick Daisey",
 "parentBrand": "",
 "childBrand": "\nIWYMI INTNI, Jet Set (5)",
 "majorStyle": "downtempo",
 "delegateArtist": "",
 "officialUrl": "https://coldbusted.org/",
 "referenceUrl": "https://musicbrainz.org/label/1803217a-a026-4bf6-8740-a0dc811f6083",
 "manageStatusText": "",
 "style": "Downtempo",
 "country": "",
 "typeId": 14,
 "typeName": "厂牌",
 "dataId": 611,
 "url": "http://dropinapp.hearinmusic.com/#/ency?typeId=14&dataId=611"
}