{
 "pageNum": 1,
 "pageSize": 10,
 "params": {},
 "content": "<p>&nbsp;</p>\n<p><strong>Cold Chillin' Records</strong>&nbsp;was a record label that released music during the golden age of hip hop from the late 1980s to the early 1990s. A producer-and-crew label founded by manager Tyrone Williams and run by Len Fichtelberg (d. November 4, 2010), most of the label's releases were by members of the Juice Crew, a loosely knit group of artists centered on producer Marley Marl. In 1998, the label shut down, and the majority of its expansive catalog was bought by Massachusetts-based LandSpeed Records (now Traffic Entertainment).</p>\n<p>&nbsp;</p>\n<p>&nbsp;</p>",
 "remarks": "本词条内容暂未完善仅供参考，多频百科小编正在火速赶来",
 "remarksEn": "本词条内容暂未完善仅供参考，多频百科小编正在火速赶来",
 "status": 0,
 "clickNum": 0,
 "deleted": 0,
 "lang": 0,
 "chooseLang": false,
 "id": 612,
 "name": "Cold Chillin’",
 "descriptions": "\n\nA New York hip hop label that released many classic hip hop records from the late 1980s to the early 1990s. \n\nFounded in 1986 with Len Fichtelberg serving as President, it initially operated closely with Fichtelberg's Prism Records label. In late 1987, it signed a five year distribution deal with Warner Bros. Records corporate parent and effectively began to operate as an imprint until early 1994. It was subsequently distributed by Epic Street/SME Records and transitioned into a reissue label as it ceased issuing new material. LandSpeed Records acquired the Cold Chillin' brand around 1998. However, Big Daddy Kane’s works remained with Warner Bros. \n\nMost of the label's releases were by members of the Juice Crew, a loose-knit group of artists centered around producer Marley Marl.\n",
 "picture": "https://duopin-community.oss-cn-shenzhen.aliyuncs.com/uxi3aghkiatztcznpmhx.jpg",
 "originalName": "",
 "foundTimeText": "",
 "foundAddress": "United States",
 "founder": "",
 "parentBrand": "\tLandspeed Records",
 "childBrand": "\nCold Gold, Livin' Large Records",
 "majorStyle": "hip hop",
 "delegateArtist": "",
 "officialUrl": "",
 "referenceUrl": "https://musicbrainz.org/label/85effcdf-76de-4f04-86d2-f8a842350df2",
 "manageStatusText": "",
 "style": "Hip-hop",
 "country": "美国",
 "typeId": 14,
 "typeName": "厂牌",
 "dataId": 612,
 "url": "http://dropinapp.hearinmusic.com/#/ency?typeId=14&dataId=612"
}