{
 "pageNum": 1,
 "pageSize": 10,
 "params": {},
 "content": "<p>&nbsp;</p>\n<p><strong>Cold Spring</strong>&nbsp;is an independent record label based in Northamptonshire, England, specialising in \"all forms of extreme media, but particularly: Dark ambient, Neo-classical/Neo-folk, Orchestral, Power Electronics/Noise, Japanese Noise, Minimal, Death Industrial, Dark Soundtracks, Experimental, obscure electronics from Russia, China, Japan, Poland and others.\"</p>\n<p>&nbsp;</p>\n<p>&nbsp;</p>",
 "remarks": "本词条内容暂未完善仅供参考，多频百科小编正在火速赶来",
 "remarksEn": "本词条内容暂未完善仅供参考，多频百科小编正在火速赶来",
 "status": 0,
 "clickNum": 0,
 "deleted": 0,
 "lang": 0,
 "chooseLang": false,
 "id": 614,
 "name": "Cold Spring",
 "descriptions": "Cold Spring Records \nUK label specializing in all forms of extreme media, but particularly, black industrial/ambience, neo-classical and orchestral power - sampling, and hardcorepower electronics/noise from Japan. \n\nMissing catalogue numbers: \nCSR2LP was an unreleased split album between Alan Moore and Psychic TV, withdrawn due to major label pressure. \nCSR44TS is a Folkstorm t-shirt. \nCSR48TS is a Laibach t-shirt. \nCSR57TS is a H.E.R.R. t-shirt. \nCSR59TS is an official Cold Spring t-shirt. \nCSR70TS is a Goatvargr t-shirt. \nCSR76CA is an official Cold Spring calendar. \nCSR81TS is a Merzbow Vs Nordvargr t-shirt. \nCSR87TS is a Nordvargr t-shirt. \nCSR88TS is a TenHornedBeast t-shirt. \nCSR194DVD is a documentary (The sound of progress)\n\n",
 "picture": "https://duopin-community.oss-cn-shenzhen.aliyuncs.com/tzjtp2kct5amb82gkcsp.jpg",
 "originalName": "Cold Spring Records",
 "foundTimeText": "1990",
 "foundAddress": "",
 "founder": "\tJustin Mitchell",
 "parentBrand": "",
 "childBrand": "\nCold Spring 12\" Series, cold Spring Records, Pop Cult, Satanas Rex",
 "majorStyle": "dark ambient",
 "delegateArtist": "",
 "officialUrl": "\thttp://coldspring.co.uk/",
 "referenceUrl": "https://musicbrainz.org/label/d83f3ccb-1051-4bdc-b795-bdd480b0507b",
 "manageStatusText": "",
 "style": "Ambient",
 "country": "",
 "typeId": 14,
 "typeName": "厂牌",
 "dataId": 614,
 "url": "http://dropinapp.hearinmusic.com/#/ency?typeId=14&dataId=614"
}