{
 "pageNum": 1,
 "pageSize": 10,
 "params": {},
 "content": "<p></p>\n\r<p></p>\n\r<p></p>\n\r<p></p>",
 "remarks": "本词条内容暂未完善仅供参考，多频百科小编正在火速赶来",
 "remarksEn": "本词条内容暂未完善仅供参考，多频百科小编正在火速赶来",
 "status": 0,
 "clickNum": 0,
 "deleted": 0,
 "lang": 0,
 "chooseLang": false,
 "id": 615,
 "name": "Collision  Cause of Chapter 3",
 "descriptions": "\nReactived label from Nicolai Beverungen, earlier Releases where published with a Partner under Collision (4). \n\n",
 "picture": "https://duopin-community.oss-cn-shenzhen.aliyuncs.com/6s9py0s1od4d40gdzzei.jpg",
 "originalName": "",
 "foundTimeText": "",
 "foundAddress": "Germany",
 "founder": "",
 "parentBrand": "\tEcho Beach",
 "childBrand": "",
 "majorStyle": "dub",
 "delegateArtist": "",
 "officialUrl": "\thttp://www.dub-music.de/",
 "referenceUrl": "https://musicbrainz.org/label/a8c26fd0-b401-40b2-9ff1-27b4b5434ee6",
 "manageStatusText": "",
 "style": "Dub",
 "country": "德国",
 "typeId": 14,
 "typeName": "厂牌",
 "dataId": 615,
 "url": "http://dropinapp.hearinmusic.com/#/ency?typeId=14&dataId=615"
}