{
 "pageNum": 1,
 "pageSize": 10,
 "params": {},
 "content": "<p>&nbsp;</p>\n<p>&nbsp;</p>\n<div class=\"annotation\">\n<div class=\"annotation-body annotation-collapse\">\n<p>Worldwide catalog numbers used by Columbia:&nbsp;<a href=\"https://rateyourmusic.com/wiki/Music:Columbia+Records\" rel=\"nofollow\">https://rateyourmusic.com/wiki/Music:Columbia+Records</a></p>\n<p>Releases that should be added here:<br />1.&nbsp;<strong>all Columbia releases</strong>&nbsp;prior to 1931;<br />2.&nbsp;<strong>only US and CA releases</strong>&nbsp;between 1931&ndash;1990; releases in other countries should generally be added to EMI's&nbsp;<strong><a href=\"http://musicbrainz.org/label/ad6f8706-c95e-443b-8579-8e3ecd27126c.html\" rel=\"nofollow\">Columbia Records</a></strong>&nbsp;(1931-1990: worldwide except US, CA, MX, ES, &amp; JP).&nbsp;<em>(but note exceptions below)</em><br />3.&nbsp;<strong>all Columbia releases</strong>&nbsp;wef Jan 1, 1991 except for Spain (where Sony only acquired the rights in 2004 through its merger with BMG) and Japan. In Japan, Sony reissues this Columbia's releases under the&nbsp;<strong><a href=\"https://musicbrainz.org/label/c9a4ea86-7611-4fff-9f4f-41f18be7e14b\">Sony Records Int'l</a></strong>&nbsp;imprint. This is because&nbsp;<a href=\"https://musicbrainz.org/label/47692917-5bad-4c56-a352-9d7ab7648ede\">Nippon Columbia</a>&nbsp;has owned the \"Columbia\" name for use since 1931.</p>\n<p>From the late 1890s until the late 1920s, the label was named&nbsp;<a href=\"http://musicbrainz.org/label/a18a216f-fc97-4d3e-9b8b-aaa93446f0e5\" rel=\"nofollow\">Columbia Phonograph Company</a>. In 1922, it sold its UK subsidiary, the&nbsp;<a href=\"https://beta.musicbrainz.org/label/038e2295-81ec-4b36-a589-925d611ece87\" rel=\"nofollow\">Columbia Graphophone Company</a>. The latter eventually acquired its former US parent sometime between 1925&ndash;1929. In 1931, the Columbia Graphophone Company merged with the UK's&nbsp;<a href=\"https://beta.musicbrainz.org/label/79a28420-8f8c-46d6-987b-63c250d8b74b\" rel=\"nofollow\">Gramophone Company</a>&nbsp;to form&nbsp;<a href=\"https://beta.musicbrainz.org/label/a8f3eb19-05db-4895-b1d2-7ec911022a5e\" rel=\"nofollow\">EMI</a>, and in compliance with US anti-trust laws, had to let go of its US operations. Ownership of the US-based Columbia then changed hands twice, before&nbsp;<a href=\"https://beta.musicbrainz.org/label/27795d9f-3994-4643-9cd2-c5f2b304472d\" rel=\"nofollow\">Columbia Broadcasting System</a>&nbsp;(CBS, Inc.) eventually bought the label in 1938. Columbia remained with CBS until 1988, when it changed hands once again after Sony Corporation of America acquired&nbsp;<a href=\"https://beta.musicbrainz.org/label/de46c917-df55-4b7e-be7b-924a667ca93b\" rel=\"nofollow\">CBS Records</a>, and renamed it&nbsp;<a href=\"https://beta.musicbrainz.org/label/bf519cd2-4e1e-46bf-948b-615f75424606\" rel=\"nofollow\">Sony Music Entertainment Inc.</a>&nbsp;in 1991. Upon securing the international rights to the \"Columbia\" name from EMI, the flagship label Columbia was also then reintroduced worldwide (except in Japan).</p>\n<p>*&nbsp;<em>exceptions to the use of the Columbia name outside US &amp; CA between 1931-1990</em>: EMI had engaged in litigation with CBS regarding the import of US releases bearing the Columbia word mark into countries where EMI had still owned the rights to the name at the time. this might explain the existence of non-US releases with the CBS-owned Columbia label prior to 1991, when rightfully it shouldn't be the case.</p>\n<p>For more details on Columbia's history, see:&nbsp;<br /><a href=\"http://www.columbiarecords.com/timeline/\" rel=\"nofollow\">The Columbia Records Story &mdash; An Interactive Timeline</a><br /><a href=\"http://en.wikipedia.org/wiki/Columbia_Records\" rel=\"nofollow\">Columbia Records</a><br /><a href=\"http://en.wikipedia.org/wiki/Columbia_Graphophone_Company\" rel=\"nofollow\">Columbia Graphophone Company</a></p>\n<p>miscellany:<br />the Columbia \"magic notes\" mark came into existence in 1908, see:&nbsp;<a href=\"https://78records.wordpress.com/tag/columbia-magic-notes-label/\" rel=\"nofollow\">https://78records.wordpress.com/tag/columbia-magic-notes-label/</a>&nbsp;and&nbsp;<a href=\"http://majesticrecord.com/labelscolumbia.htm\" rel=\"nofollow\">http://majesticrecord.com/labelscolumbia.htm</a><br />between 2009 and July 2011, Columbia and Epic together with their affiliated labels operated under the umbrella&nbsp;<a href=\"https://en.wikipedia.org/wiki/Columbia/Epic_Label_Group\" rel=\"nofollow\">Columbia/Epic Label Group</a>, which also comprised Aware Records, and Daylight Records, while also handling the distribution of E1 Music via Epic Records.</p>\n</div>\n<p><a class=\"annotation-toggle\" href=\"https://musicbrainz.org/label/011d1192-6f65-45bd-85c4-0400dd45693e#\">Show less...</a></p>\n<div class=\"annotation-details\">Annotation last modified on 2015-11-30 20:27 UTC.</div>\n</div>\n<div class=\"wikipedia-extract\">\n<h2 class=\"wikipedia\">Wikipedia</h2>\n<div class=\"wikipedia-extract-body wikipedia-extract-collapsed\">\n<p class=\"mw-empty-elt\">&nbsp;</p>\n<p><strong>Columbia Records</strong>&nbsp;is an American record label owned by Sony Music Entertainment, a subsidiary of Sony Corporation of America, the North American division of Japanese conglomerate Sony. It was founded on January 15, 1889, evolving from the American Graphophone Company, the successor to the Volta Graphophone Company. Columbia is the oldest surviving brand name in the recorded sound business, and the second major company to produce records. From 1961 to 1990, Columbia recordings were released outside North America under the name CBS Records to avoid confusion with EMI's Columbia Graphophone Company. Columbia is one of Sony Music's four flagship record labels, alongside former longtime rival RCA Records, as well as Arista Records and Epic Records.</p>\n</div>\n</div>\n<p>&nbsp;</p>",
 "remarks": "本词条内容暂未完善仅供参考，多频百科小编正在火速赶来",
 "remarksEn": "本词条内容暂未完善仅供参考，多频百科小编正在火速赶来",
 "status": 0,
 "clickNum": 0,
 "deleted": 0,
 "lang": 0,
 "chooseLang": false,
 "id": 616,
 "name": "Columbia",
 "descriptions": "\n\nColumbia Records is the oldest brand name in recorded sound. Founded in January 1889 in Washington DC as the Columbia Phonograph Co. by Edward D. Easton, the company first sold phonograph cylinders and later disc records. \nFor all unofficial / bootleg copies of this label please use Columbia (2). \nIt opened a British operation shortly afterwards. This was sold in 1922 to its own management, and then the independent Columbia Graphophone Company Ltd. itself purchased its almost bankrupt former parent in 1925. This was then merged with The Gramophone Co. Ltd., which had been set up in the UK in 1896. This company was incorporated as Electric & Musical Industries Ltd. (EMI) in 1931. US anti-trust laws forced the UK company to divest itself of its US operations that year. \n\nThe label was introduced in Japan in 1931 by the Nippon Phonograph Co. (also known as Nipponophone Co. Ltd.) which was a subsidiary of Electric & Musical Industries Ltd. In 1935 EMI sold its stake in Nipponophone, but Nipponophone kept ownership of the Columbia brand for Japan. After World War II, the label became part of Nippon Columbia Co., Ltd. \n\nFor the next few decades the Columbia imprint (trademark) was exclusively owned by Columbia Graphophone Co. Ltd., outside North America, Japan, and Spain, where the rights were owned by a company unrelated to Electric & Musical Industries Ltd., Discos Columbia, S.A. (it was eventually sold to BMG Spain through RCA). In the US and Canada, Columbia was owned by CBS Inc. \n\nIn 1961, Columbia set up a parent company for itself called CBS Records, which was a division of CBS. In 1965, Columbia Graphophone Company Ltd. is merged into The Gramophone Co. Ltd., with the rights to the Columbia trademark subsequently being reassigned to that company. In January 1973, The Gramophone Co. Ltd. begins phasing out some of its domestic labels (Parlophone, Regal Zonophone etc.) including Columbia, in favour of the newly established EMI label, and subsequently no longer using the label for releasing pop or rock acts in much of the world (although it remained in use in parts of Asia and for non-pop releases). \n\nOn November 2, 1989, CBS sold its recording music distribution and label group to the Japanese conglomerate Sony Corporation for $400 million. On October 15, 1990, EMI Records Ltd. (successor of The Gramophone Co. Ltd.) officially sells its international rights to the Columbia trademark to Sony. On April 17, 1991, Sony's acquisition of Columbia Records and affiliated labels was completed; CBS Records was renamed to Sony Music Entertainment and the Japanese branch CBS/Sony, which was formed as a venture in 1968 between CBS Inc. and Sony, was rebranded as Sony Records (now Sony Music Japan). In Spain, Sony managed to acquire the rights from BMG, which it had merged with on August 5, 2004 as Sony BMG Music Entertainment. However, since the trademark was not owned by an EMI affiliate in Japan, Sony was not able to acquire it for that market. This is why Sony can't use the original Columbia brand nor name in Japan, where the label was operated by Nippon Columbia Co., Ltd. until October 1, 2002, when the name was changed to Columbia Music Entertainment, Inc. On October 1, 2010, the name was changed back to Nippon Columbia Co., Ltd.. \n\nToday, Columbia Records remains one of the four flagship music labels operated by Sony Music Entertainment. \n\nWARNING: Codes with the following prefixes should not be entered as catalogue number: XSS, ZSS, AL, BL. These codes are matrix numbers unique for each side of a vinyl release and should be entered in the Barcode and Other Identifiers section. The actual catalogue number is usually printed above the matrix number. \n\nEuropean releases in the 1980's until the late 1990's often had supplementary numbers printed on the release in the following format: \nxx-xxxxxx-xx (e.g.: 01-497424-10 in addition to short catalogue number 497424). These are not distribution codes or catalogue numbers but were added by the Dutch CBS, Haarlem/ Sony/CBS, Haarlem plants and are commonly known as Computer Numbers. Do not add them as catalogue numbers. \n\nCatalogue letters from 1989 to 2005 are listed as \"CK 12345\". \nLabel code: LC 00162. \nHas the Spanish series Espectacular (3) \n\nFrench Columbia shellac codes, sizes, labels colours, price codes (1951): \nBF - 25 cm (10\") - brown label (price code Medium) \nBFX - 30 cm (12\") - brown label (price code Medium) \nDF - 25 cm (10\") - black label (price code Standard) \nDFX - 30 cm (12\") - black label (price code Standard) \nGF - 25 cm (10\") - green label (price code Artistique) \nGFX - 30 cm (12\") - green label (price code Artistique) \nLF - 25 cm (12\") - blue label (price code Artistique) \nLFX - 30 cm (12\") - blue label (price code Artistique) \nRFX - 30 cm (12\") - red label (price code Medium) \n9000 to 11672 - 30 cm (12\") - black label (price code Standard) \n\nPlease note some mid 1950's (USA) 45rpm releases have on the label a release # which end with -c \"Which Indicates Country\" \n4-41008-c (Year released 1957) Anything Your Heart Desires \n4-41012-c (Year released 1957) Heartbeat / Party \n4-41020-c (Year released 1957) Let Me Love You / Stop Whistlin' Wolf \n\nUseful link for 78pm release info https://www.78discography.com/COL39000.htm\n",
 "picture": "https://duopin-community.oss-cn-shenzhen.aliyuncs.com/elncl8njw328gc1xcii2.jpg",
 "originalName": "Colombia\t\t\t\t\t Colombia Records\t\t\t\t\t columbia\t\t\t\t\t Columbia\t\t\t\t\t Columbia US",
 "foundTimeText": "1887",
 "foundAddress": "United States",
 "founder": "",
 "parentBrand": "Columbia/Epic Label Group",
 "childBrand": "\n2 On 1 Country, 2 Αυθεντικά Album Σε 1 CD, 5th Anniversary Special, A Hot Jazz Classic, A Jazz Masterwork, Adventures In Sound, American Hit Jazz, Animex Special Selection, Archives Series, Artistnews, Auravision, Aware Records, British Jazz Reissue Series, Bruce Springsteen, C2Records, Canciones Infantiles, Chansons De Paris, Chaos Recordings, Chess Series, Chrüz Und Quer Dur's Schwyzerland, Collection Or (2), Columbia \"De Luxe\", Columbia / Melodiya, Columbia Book & Record Library, Columbia Children's Record Library, Columbia Double-Disc, Columbia Entré, Columbia Extended Play, Columbia Grand Opera Record, Columbia Hall Of Fame, Columbia Jazz, Columbia Jazz (2), Columbia Jazz Masterpieces, Columbia Junior Series, Columbia Limited Edition, Columbia Masterworks, Columbia Music Video, Columbia Odyssey, Columbia Performance Series, Columbia Plakları, Columbia Studios, Columbia Video, Columbia's Dance Parade, Contemporary Masters Series, Dance Date, Das Kantatenwerk (2), Das Meisterwerk (2), Date, Dichtung & Jazz, Dig Deep Columbia, Double Collection Or, Duke 100 Years, Édith Piaf, Educational Series (2), Egyptian Records, Elementary School Series, Entré, Fiesta (Turkey), Forever Soul, Fra Revyens Guldalder, Gospel Spirit, Great Recordings Of The Century (4), Great Western Gramophone, Harmonie (3), Harmony (4), Hermanos, History Of Jazz (6), Hit Mix, Hot Jazz Classic (4), Hot Jazz Classics, House Party Series, Indie 2000, ITNO Records, Japanese Contemporary Music Series, Jazz 2 On 1, Jazz Archive Series, Jazz Odyssey Series, Jazz Originals, Jazz Portrait (2), Kidparade, Lakeside Disc Record, Liverpool Sound Special Serie, Lorimar Records, Magical Voyage Collection, Manhattan Record, Masterlength Party Series, Masterlength Song Series, Masterworks Preview, Miles Davis Complete Recording Series, Mixed Masters, Modern American Music Series, Music For Gracious Living (2), Music Of Our Time, Neon Gold, New Design Records, O Melhor Da Jovem Guarda, Odyssey, Opera Highlights (2), Personalidad 20 Exitos, Piano Moods, Play Time (2), Playtime (4), PLOF, LLC, Radio Luxembourg Hits, Record A View, Recovered (2), Riches Collection, Risky Business, Rock A Mambo, Roulette Series, Rudolph Recommends, Ruffhouse Records, Série Métronome, Slam Jamz, Sonovox Records, Special Archives Series, Special Coin Operator Release, Special Collectors Series, Startime International, String Time, Succès De Paris (2), Sucka Free Records, Super Swing Music (2), Swing Music Series, The Entertainment Company Records, The Essential (3), The Fabulous Philadelphia Sound Series, The Golden Era Series, The Great American Songbook (2), The Great Songs Of Christmas, The Real Deal, This Is Cuba, This Is Jazz, Toyota S Collection, Two Classic Albums From, Two On One (3), World Library Of Folk And Primitive Music, Εύθυμα Ελληνικά Παραμύθια, Οι Επιτυχίες Της Columbia, 極(きわみ)ベスト50",
 "majorStyle": " alternative rock, indie rock, psychedelic rock, rock, folk rock",
 "delegateArtist": "",
 "officialUrl": "http://www.columbia.co.uk/ [info] http://www.columbiarecords.com/ [info]",
 "referenceUrl": "https://musicbrainz.org/label/011d1192-6f65-45bd-85c4-0400dd45693e",
 "manageStatusText": "",
 "style": "Electronic Rock",
 "country": "美国",
 "typeId": 14,
 "typeName": "厂牌",
 "dataId": 616,
 "url": "http://dropinapp.hearinmusic.com/#/ency?typeId=14&dataId=616"
}