{
 "pageNum": 1,
 "pageSize": 10,
 "params": {},
 "content": "<p></p>\n\r<p></p>\n\r<p></p>\n\r<p></p>",
 "remarks": "本词条内容暂未完善仅供参考，多频百科小编正在火速赶来",
 "remarksEn": "本词条内容暂未完善仅供参考，多频百科小编正在火速赶来",
 "status": 0,
 "clickNum": 0,
 "deleted": 0,
 "lang": 0,
 "chooseLang": false,
 "id": 617,
 "name": "Commercial Suicide",
 "descriptions": "\nDrum 'n' Bass label run by Tom Withers a.k.a. Klute.\n",
 "picture": "https://duopin-community.oss-cn-shenzhen.aliyuncs.com/oh7x84ifgtm7qumhwdn8.jpg",
 "originalName": "Suicide Commercial",
 "foundTimeText": "2001",
 "foundAddress": "United Kingdom",
 "founder": "Klute",
 "parentBrand": "",
 "childBrand": "\nAnything & Everything, Suicidal Failures",
 "majorStyle": "drum and bass",
 "delegateArtist": "",
 "officialUrl": "\thttp://www.commercialsuicide.org/",
 "referenceUrl": "https://musicbrainz.org/label/3218df3e-3de3-45e3-9a05-041528db6ee5",
 "manageStatusText": "",
 "style": "Drum&Bass",
 "country": "英国",
 "typeId": 14,
 "typeName": "厂牌",
 "dataId": 617,
 "url": "http://dropinapp.hearinmusic.com/#/ency?typeId=14&dataId=617"
}