{
 "pageNum": 1,
 "pageSize": 10,
 "params": {},
 "content": "<p></p>\n\r<p></p>\n\r<p></p>\n\r<p></p>",
 "remarks": "本词条内容暂未完善仅供参考，多频百科小编正在火速赶来",
 "remarksEn": "本词条内容暂未完善仅供参考，多频百科小编正在火速赶来",
 "status": 0,
 "clickNum": 0,
 "deleted": 0,
 "lang": 0,
 "chooseLang": false,
 "id": 618,
 "name": "Confess Your Color",
 "descriptions": "\n\r",
 "originalName": "",
 "foundTimeText": " 2015-05-05",
 "foundAddress": "",
 "founder": "",
 "parentBrand": "",
 "childBrand": "",
 "majorStyle": "electronic",
 "delegateArtist": "",
 "officialUrl": "",
 "referenceUrl": "https://musicbrainz.org/label/e8bbf058-ee6d-4d4e-8ee4-f4cd0f16bbc6",
 "manageStatusText": "",
 "style": "Electronic",
 "country": "",
 "typeId": 14,
 "typeName": "厂牌",
 "dataId": 618,
 "url": "http://dropinapp.hearinmusic.com/#/ency?typeId=14&dataId=618"
}