{
 "pageNum": 1,
 "pageSize": 10,
 "params": {},
 "content": "<p>Confession，由法国制作人Tchami创办运营的电子音乐厂牌，主营风格为House</p>",
 "remarks": "本词条内容暂未完善仅供参考，多频百科小编正在火速赶来",
 "remarksEn": "本词条内容暂未完善仅供参考，多频百科小编正在火速赶来",
 "status": 0,
 "clickNum": 1,
 "deleted": 0,
 "lang": 0,
 "chooseLang": false,
 "id": 1897,
 "name": "Confession",
 "descriptions": "",
 "picture": "https://duopin-community.oss-cn-shenzhen.aliyuncs.com/gg115rlo9jljt6v3soih.jpg",
 "foundTimeText": "2015",
 "foundAddress": "法国巴黎",
 "founder": "Tchami",
 "majorStyle": "House, Future House",
 "manageStatusText": "运营中",
 "style": "",
 "country": "",
 "typeId": 14,
 "typeName": "厂牌",
 "dataId": 1897,
 "url": "http://dropinapp.hearinmusic.com/#/ency?typeId=14&dataId=1897"
}