{
 "pageNum": 1,
 "pageSize": 10,
 "params": {},
 "content": "<p>&nbsp;</p>\n<p>&nbsp;</p>\n<p>&nbsp;</p>\n<p><strong>Constellation Records</strong>&nbsp;is a Canadian independent record label based in Montreal, Quebec. It has released albums by many post-rock bands, including Godspeed You! Black Emperor, Thee Silver Mt. Zion Memorial Orchestra &amp; Tra-La-La Band and Do Make Say Think.</p>",
 "remarks": "本词条内容暂未完善仅供参考，多频百科小编正在火速赶来",
 "remarksEn": "本词条内容暂未完善仅供参考，多频百科小编正在火速赶来",
 "status": 0,
 "clickNum": 0,
 "deleted": 0,
 "lang": 0,
 "chooseLang": false,
 "id": 619,
 "name": "Constellation",
 "descriptions": "\n\nCanadian independent record label based in Montreal. Founded by Don Wilkie and Ian Ilavsky in 1997. \nHome to Godspeed You Black Emperor!, Do Make Say Think and various others including the leftfield electronica of Re:, and the cut-ups of 1-Speed Bike (both Godspeed side projects). \n\n",
 "picture": "https://duopin-community.oss-cn-shenzhen.aliyuncs.com/g3e4codvsvgi29zsys9p.jpg",
 "originalName": "Constelation Records",
 "foundTimeText": "1997 ",
 "foundAddress": "Mile End, Montreal (city), Quebec, Canada",
 "founder": "\tIan Ilavsky (from 1997 to present) Don Wilkie",
 "parentBrand": "",
 "childBrand": "",
 "majorStyle": "post-rock, instrumental",
 "delegateArtist": "",
 "officialUrl": "http://cstrecords.com/",
 "referenceUrl": "https://musicbrainz.org/label/3496ee09-46bf-4bfd-92f1-38593e24d987",
 "manageStatusText": "",
 "style": "其他风格",
 "country": "加拿大",
 "typeId": 14,
 "typeName": "厂牌",
 "dataId": 619,
 "url": "http://dropinapp.hearinmusic.com/#/ency?typeId=14&dataId=619"
}