{
 "pageNum": 1,
 "pageSize": 10,
 "params": {},
 "content": "<p></p>\n\r<p></p>\n\r<p></p>\n\r<p></p>",
 "remarks": "本词条内容暂未完善仅供参考，多频百科小编正在火速赶来",
 "remarksEn": "本词条内容暂未完善仅供参考，多频百科小编正在火速赶来",
 "status": 0,
 "clickNum": 0,
 "deleted": 0,
 "lang": 0,
 "chooseLang": false,
 "id": 620,
 "name": "Contagious Recordings",
 "descriptions": "\n\nManchester based label pushing the Dubstep, Breakbeat & Grime music. \nRun and owned by Virus Syndicate DJ/producer Mark One.\n",
 "picture": "https://duopin-community.oss-cn-shenzhen.aliyuncs.com/a8ax4moy9gacbnoro6ty.jpg",
 "originalName": "",
 "foundTimeText": "",
 "foundAddress": "United Kingdom",
 "founder": "",
 "parentBrand": "",
 "childBrand": "",
 "majorStyle": "grime",
 "delegateArtist": "",
 "officialUrl": "",
 "referenceUrl": "https://musicbrainz.org/label/fd040b31-65c6-479b-baf8-8697a34c0911",
 "manageStatusText": "",
 "style": "UK Garage",
 "country": "英国",
 "typeId": 14,
 "typeName": "厂牌",
 "dataId": 620,
 "url": "http://dropinapp.hearinmusic.com/#/ency?typeId=14&dataId=620"
}