{
 "pageNum": 1,
 "pageSize": 10,
 "params": {},
 "content": "<p></p>\n\r<p></p>\n\r<p></p>\n\r<p></p>",
 "remarks": "本词条内容暂未完善仅供参考，多频百科小编正在火速赶来",
 "remarksEn": "本词条内容暂未完善仅供参考，多频百科小编正在火速赶来",
 "status": 0,
 "clickNum": 0,
 "deleted": 0,
 "lang": 0,
 "chooseLang": false,
 "id": 622,
 "name": "Coraspect Records",
 "descriptions": "\n\r",
 "originalName": "",
 "foundTimeText": "2018",
 "foundAddress": "Oklahoma City, Oklahoma, United States",
 "founder": "",
 "parentBrand": "",
 "childBrand": "",
 "majorStyle": "",
 "delegateArtist": "",
 "officialUrl": "\thttp://coraspect.com/",
 "referenceUrl": "https://musicbrainz.org/label/c4858e31-be6c-47a9-8849-91932f7ecc78",
 "manageStatusText": "",
 "style": "",
 "country": "英国",
 "typeId": 14,
 "typeName": "厂牌",
 "dataId": 622,
 "url": "http://dropinapp.hearinmusic.com/#/ency?typeId=14&dataId=622"
}