{
 "pageNum": 1,
 "pageSize": 10,
 "params": {},
 "content": "<p>&nbsp;</p>\n<h2 class=\"wikipedia\">&nbsp;</h2>\n<div class=\"wikipedia-extract-body wikipedia-extract-collapse\">\n<p><strong>CTE World</strong>&nbsp;(also known as&nbsp;<strong>Corporate Thugz</strong>), is an American record label founded by American rapper Young Jeezy (now Jeezy). In December 2012, Young Jeezy signed a distribution partnership between Corporate Thugz and Atlantic. USDA member Boo Rossini is the label's president.</p>\n</div>\n<p>&nbsp;</p>\n<p>&nbsp;</p>",
 "remarks": "本词条内容暂未完善仅供参考，多频百科小编正在火速赶来",
 "remarksEn": "本词条内容暂未完善仅供参考，多频百科小编正在火速赶来",
 "status": 0,
 "clickNum": 0,
 "deleted": 0,
 "lang": 0,
 "chooseLang": false,
 "id": 625,
 "name": "Corporate Thugz Entertainment",
 "descriptions": "\nAmerican record label with a focus on rap music, founded in 1998, based in Atlanta, GA/U.S.A. a subsidiary of Warner Music Group and home to Young Jeezy. \n\nFounded by Jay \"Young Jeezy\" Jenkins and Demetrius “Kinky B” Ellerbee, the current president of the label is Boo Rossini.\n\n",
 "picture": "https://duopin-community.oss-cn-shenzhen.aliyuncs.com/cwn9qcdrv6k92e0jxv8s.jpg",
 "originalName": "",
 "foundTimeText": "1998",
 "foundAddress": "Atlanta, Georgia, United States",
 "founder": "\tJeezy",
 "parentBrand": " Warner Music Group",
 "childBrand": "",
 "majorStyle": "hip hop",
 "delegateArtist": "",
 "officialUrl": "",
 "referenceUrl": "https://musicbrainz.org/label/463317e3-ecdd-46f8-ae46-360e1718c715",
 "manageStatusText": "",
 "style": "Hip-hop",
 "country": "美国",
 "typeId": 14,
 "typeName": "厂牌",
 "dataId": 625,
 "url": "http://dropinapp.hearinmusic.com/#/ency?typeId=14&dataId=625"
}