{
 "pageNum": 1,
 "pageSize": 10,
 "params": {},
 "content": "<p></p>\n\r<p></p>\n\r<p></p>\n\r<p></p>",
 "remarks": "本词条内容暂未完善仅供参考，多频百科小编正在火速赶来",
 "remarksEn": "本词条内容暂未完善仅供参考，多频百科小编正在火速赶来",
 "status": 0,
 "clickNum": 0,
 "deleted": 0,
 "lang": 0,
 "chooseLang": false,
 "id": 624,
 "name": "Corporate Records",
 "descriptions": "\n\r",
 "picture": "https://duopin-community.oss-cn-shenzhen.aliyuncs.com/e985j0zecbasmcu1jzz3.jpg",
 "originalName": "",
 "foundTimeText": " 2009-06-01",
 "foundAddress": " East Sussex, England, United Kingdom",
 "founder": "",
 "parentBrand": "",
 "childBrand": "",
 "majorStyle": "ballad, country, house, musical, pop",
 "delegateArtist": "",
 "officialUrl": "\thttp://corporaterecords.co.uk/",
 "referenceUrl": "https://musicbrainz.org/label/52e8461f-f9ee-4545-a8a9-90d8431ba1d7",
 "manageStatusText": "",
 "style": "House, 其他风格",
 "country": "英国",
 "typeId": 14,
 "typeName": "厂牌",
 "dataId": 624,
 "url": "http://dropinapp.hearinmusic.com/#/ency?typeId=14&dataId=624"
}