{
 "pageNum": 1,
 "pageSize": 10,
 "params": {},
 "content": "<p></p>\n\r<p></p>\n\r<p></p>\n\r<p></p>",
 "remarks": "本词条内容暂未完善仅供参考，多频百科小编正在火速赶来",
 "remarksEn": "本词条内容暂未完善仅供参考，多频百科小编正在火速赶来",
 "status": 0,
 "clickNum": 0,
 "deleted": 0,
 "lang": 0,
 "chooseLang": false,
 "id": 628,
 "name": "Cosmicleaf Records",
 "descriptions": "\nAmbient / Chillout / Electronica / Trance label from Chaidari, Athens, Greece \nRegistered-owned and managed by Nick Miamis aka Side Liner and member of CUT Music Label Group\n",
 "picture": "https://duopin-community.oss-cn-shenzhen.aliyuncs.com/n79upsvdbypp2mhy6atj.jpg",
 "originalName": "Cosmic Leaf",
 "foundTimeText": "",
 "foundAddress": "Greece",
 "founder": "\tNick Miamis",
 "parentBrand": "",
 "childBrand": "\nKoslif",
 "majorStyle": "ambient, electronica, trance",
 "delegateArtist": "",
 "officialUrl": "\thttp://www.cosmicleaf.com/",
 "referenceUrl": "https://musicbrainz.org/label/2736223f-60b6-4c4c-be2e-b11295df03e8",
 "manageStatusText": "",
 "style": "Ambient, Trance, Electronica",
 "country": "其他",
 "typeId": 14,
 "typeName": "厂牌",
 "dataId": 628,
 "url": "http://dropinapp.hearinmusic.com/#/ency?typeId=14&dataId=628"
}