{
 "pageNum": 1,
 "pageSize": 10,
 "params": {},
 "content": "<p></p>\n\r<p></p>\n\r<p></p>\n\r<p></p>",
 "remarks": "本词条内容暂未完善仅供参考，多频百科小编正在火速赶来",
 "remarksEn": "本词条内容暂未完善仅供参考，多频百科小编正在火速赶来",
 "status": 0,
 "clickNum": 0,
 "deleted": 0,
 "lang": 0,
 "chooseLang": false,
 "id": 627,
 "name": "Cosmic Coffin",
 "descriptions": "\n\r",
 "picture": "https://duopin-community.oss-cn-shenzhen.aliyuncs.com/1qahi62b6set5j4rjprl.jpg",
 "originalName": "",
 "foundTimeText": "2017-11-11",
 "foundAddress": "Australia",
 "founder": "",
 "parentBrand": "",
 "childBrand": "",
 "majorStyle": "experimental, experimental rock, freak folk, instrumental, jazz fusion",
 "delegateArtist": "",
 "officialUrl": "",
 "referenceUrl": "https://musicbrainz.org/label/5ced9007-00e3-4c07-aed8-bdfd0585f338",
 "manageStatusText": "",
 "style": "其他风格",
 "country": "澳大利亚",
 "typeId": 14,
 "typeName": "厂牌",
 "dataId": 627,
 "url": "http://dropinapp.hearinmusic.com/#/ency?typeId=14&dataId=627"
}