{
 "pageNum": 1,
 "pageSize": 10,
 "params": {},
 "content": "<p>&nbsp;</p>\n<p>&nbsp;</p>\n<p>&nbsp;</p>\n<p><strong>Costas Andreou</strong>&nbsp;(Greek:&nbsp;<span lang=\"el\">&Kappa;ώ&sigma;&tau;&alpha;&sigmaf; &Alpha;&nu;&delta;&rho;έ&omicron;&upsilon;</span>) is a musician and composer based in Athens, Greece. He processes the sounds of fretless electric bass in real time, creating multi-level soundscapes. He has written and performed the music and done the sound design for theatre performances and other artistic productions. His music has been used in various documentaries, films and television productions. His music is available to preview and download on his website.</p>\n<p>His solo concert&nbsp;<em>Live Ambient</em>&nbsp;has been presented at Poli Theatre (Athens) on 10 October 2015, at Art Theatre Karolos Koun (Frinichou 14, Plaka) on 21 April 2016 and at Fournos Theatre (Mavromichali 168, Athens) on 15 December 2017, on 19 and 26 October 2018 and on 7 and 8 January 2019.</p>\n<p>On 17 and 24 May 2019 he presented the concert&nbsp;<em>Ippokratous</em>&nbsp;at Fournos Theatre in Athens.</p>",
 "remarks": "本词条内容暂未完善仅供参考，多频百科小编正在火速赶来",
 "remarksEn": "本词条内容暂未完善仅供参考，多频百科小编正在火速赶来",
 "status": 0,
 "clickNum": 0,
 "deleted": 0,
 "lang": 0,
 "chooseLang": false,
 "id": 629,
 "name": "Costas Andreou",
 "descriptions": "\n\r",
 "originalName": "",
 "foundTimeText": "",
 "foundAddress": "",
 "founder": "",
 "parentBrand": "",
 "childBrand": "",
 "majorStyle": " ambient, chillout, downtempo, dub, electronic",
 "delegateArtist": "",
 "officialUrl": "",
 "referenceUrl": "",
 "manageStatusText": "",
 "style": "Ambient, Dub, Electronic",
 "country": "",
 "typeId": 14,
 "typeName": "厂牌",
 "dataId": 629,
 "url": "http://dropinapp.hearinmusic.com/#/ency?typeId=14&dataId=629"
}