{
 "pageNum": 1,
 "pageSize": 10,
 "params": {},
 "content": "<p>&nbsp;</p>\n<p>&nbsp;</p>\n<p>&nbsp;</p>\n<p>&nbsp;</p>",
 "remarks": "本词条内容暂未完善仅供参考，多频百科小编正在火速赶来",
 "remarksEn": "本词条内容暂未完善仅供参考，多频百科小编正在火速赶来",
 "status": 0,
 "clickNum": 0,
 "deleted": 0,
 "lang": 0,
 "chooseLang": false,
 "id": 630,
 "name": "COUCOU Micromusic Netlabel",
 "descriptions": "\n\nItalian netlabel devoted to Chiptune, founded in 2009 by BusKerDroiD and J8b!t.\n",
 "picture": "https://duopin-community.oss-cn-shenzhen.aliyuncs.com/m7y2mjgr564b5j05eao2.jpg",
 "originalName": "",
 "foundTimeText": "2009-02-12",
 "foundAddress": "Italy",
 "founder": "Buskerdroid J8b!t",
 "parentBrand": "",
 "childBrand": "",
 "majorStyle": "chiptune",
 "delegateArtist": "",
 "officialUrl": "http://web.archive.org/web/20130727184814/http://www.coucounetlabel.com/",
 "referenceUrl": "https://musicbrainz.org/label/e1012786-dacb-48eb-8653-57d7ad02125e",
 "manageStatusText": "",
 "style": "其他风格",
 "country": "意大利",
 "typeId": 14,
 "typeName": "厂牌",
 "dataId": 630,
 "url": "http://dropinapp.hearinmusic.com/#/ency?typeId=14&dataId=630"
}