{
 "pageNum": 1,
 "pageSize": 10,
 "params": {},
 "content": "<p>&nbsp;</p>\n<p>Count Zero Records is an international leading independent, fully vertically integrated Music and Film Company that works in the major fields of Studio, Publishing and Label Business &ndash; fully digital and online as well as classical face-to-face.&nbsp;</p>\n<p>We are 100% privately owned and funded, and not connected with any other label, major or otherwise, and therefore not beholden to outside economic interest. Our management consists of professionals with over 25 years each of international top-level leadership experience, and we work with a wide range of internationally recognized professional partners.</p>\n<p>With over 600.000 Listeners, 300 distribution partners, 300+ licensed songs, 50 artists and 5 chart hits with over 30 placements, Count Zero Records is already among the largest independent labels in the home markets of Croatia and Austria. As a European record label, we work internationally (With the biggest market being the USA), but pride ourselves on offering distribution and marketing for the Asian and African growth regions as well.</p>\n<p>Count Zero Records is an independent record label that helps artists fulfill their vision by providing international sales &amp; distribution, marketing, legal advice, contracting, facilities, management, sync, publishing, training and much more to its artists.</p>\n<p>Our Studio, Studio Zero is a modern Digital / Analog Studio in which our Chart Hits were created. Working with internationally successful Songwriters, Producers and Musicians, we are more than just a Studio.</p>\n<p>Count Zero Records Publishing represents our works internationally. As a Publisher, we monetize works for TV- Film- and Music Productions and give our artists access to Sync licensing, Cover, Remix and sub-licensing.</p>",
 "remarks": "本词条内容暂未完善仅供参考，多频百科小编正在火速赶来",
 "remarksEn": "本词条内容暂未完善仅供参考，多频百科小编正在火速赶来",
 "status": 0,
 "clickNum": 2,
 "deleted": 0,
 "lang": 0,
 "chooseLang": false,
 "id": 631,
 "name": "Count Zero Records",
 "descriptions": "\n\nCount Zero Records is an international leading independent, fully vertically integrated Music and Film Company that works in the major fields of Studio, Publishing and Label Business – fully digital and online as well as classical face-to-face. ",
 "picture": "https://duopin-community.oss-cn-shenzhen.aliyuncs.com/7fw4rnskzax8ftf28vzr.png",
 "originalName": "",
 "foundTimeText": " 2018-01-31",
 "foundAddress": " Zagreb, Croatia",
 "founder": "",
 "parentBrand": "",
 "childBrand": "",
 "majorStyle": "blues, christian rock, country, dance, edm",
 "delegateArtist": "",
 "officialUrl": "http://countzerorecords.com/",
 "referenceUrl": "https://musicbrainz.org/label/3596a755-41ca-4476-8e47-557c14dd1898",
 "manageStatusText": "",
 "style": "Electronic Rock, EDM, 其他风格",
 "country": "其他",
 "typeId": 14,
 "typeName": "厂牌",
 "dataId": 631,
 "url": "http://dropinapp.hearinmusic.com/#/ency?typeId=14&dataId=631"
}