{
 "pageNum": 1,
 "pageSize": 10,
 "params": {},
 "content": "<p></p>\n\r<p></p>\n\r<p></p>\n\r<p></p>",
 "remarks": "本词条内容暂未完善仅供参考，多频百科小编正在火速赶来",
 "remarksEn": "本词条内容暂未完善仅供参考，多频百科小编正在火速赶来",
 "status": 0,
 "clickNum": 0,
 "deleted": 0,
 "lang": 0,
 "chooseLang": false,
 "id": 632,
 "name": "Counter Intelligence",
 "descriptions": "\n\r",
 "picture": "https://duopin-community.oss-cn-shenzhen.aliyuncs.com/wqdjo03fngnl00tkztdr.jpg",
 "originalName": "",
 "foundTimeText": " 2005-02-14",
 "foundAddress": "Netherlands, Kingdom of the Netherlands",
 "founder": "",
 "parentBrand": "",
 "childBrand": "",
 "majorStyle": "drum and bass",
 "delegateArtist": "",
 "officialUrl": "http://www.counterintelligence.nl/",
 "referenceUrl": "https://musicbrainz.org/label/278914b8-24eb-43c0-aa58-de6158da8917/relationships",
 "manageStatusText": "",
 "style": "Drum&Bass",
 "country": "荷兰",
 "typeId": 14,
 "typeName": "厂牌",
 "dataId": 632,
 "url": "http://dropinapp.hearinmusic.com/#/ency?typeId=14&dataId=632"
}