{
 "pageNum": 1,
 "pageSize": 10,
 "params": {},
 "content": "<p></p>\n\r<p></p>\n\r<p></p>\n\r<p></p>",
 "remarks": "本词条内容暂未完善仅供参考，多频百科小编正在火速赶来",
 "remarksEn": "本词条内容暂未完善仅供参考，多频百科小编正在火速赶来",
 "status": 0,
 "clickNum": 1,
 "deleted": 0,
 "lang": 0,
 "chooseLang": false,
 "id": 634,
 "name": "Coup Sur Coup Records",
 "descriptions": "\n\n\nCoup Sur Coup Records is an independent Canadian record label founded in October 2017 by Max Cayer. The company was originally based in Montreal, Quebec but relocated to Castlegar, British Columbia in July 2018. The label specializes in cassette tapes and digital releases. \nPrior to forming Coup Sur Coup Records, Cayer operated GBS Records (2) from 2012 to 2017; and prior to that Amateur Records (2) from 2008 to 2012. ",
 "picture": "https://duopin-community.oss-cn-shenzhen.aliyuncs.com/w6juzo97son8pmvdxdmy.jpg",
 "originalName": "",
 "foundTimeText": "2017-10",
 "foundAddress": " Castlegar, British Columbia, Canada",
 "founder": "Maxime Cayer",
 "parentBrand": "",
 "childBrand": "\nCSC Digital Series",
 "majorStyle": "ambient, dark ambient, math rock, noise, post-hardcore",
 "delegateArtist": "",
 "officialUrl": "",
 "referenceUrl": "https://musicbrainz.org/label/ae046bc4-d6e6-4724-95e8-06b5f4022df2",
 "manageStatusText": "",
 "style": "Ambient, Hardcore, 其他风格",
 "country": "",
 "typeId": 14,
 "typeName": "厂牌",
 "dataId": 634,
 "url": "http://dropinapp.hearinmusic.com/#/ency?typeId=14&dataId=634"
}