{
 "pageNum": 1,
 "pageSize": 10,
 "params": {},
 "content": "<p></p>\n\r<p></p>\n\r<p></p>\n\r<p></p>",
 "remarks": "本词条内容暂未完善仅供参考，多频百科小编正在火速赶来",
 "remarksEn": "本词条内容暂未完善仅供参考，多频百科小编正在火速赶来",
 "status": 0,
 "clickNum": 1,
 "deleted": 0,
 "lang": 0,
 "chooseLang": false,
 "id": 633,
 "name": "COUP",
 "descriptions": "\n\n\nTechno collective & digital label based in Istanbul, Turkey. \nCo-founded by Berkay Özdin (DJ Mirket) & Becky FR (aka Berkant Erdem). ",
 "picture": "https://duopin-community.oss-cn-shenzhen.aliyuncs.com/yxq9nk1tllaw18xyiyul.jpg",
 "originalName": "",
 "foundTimeText": "",
 "foundAddress": " Istanbul, İstanbul, Turkey",
 "founder": "",
 "parentBrand": "",
 "childBrand": "",
 "majorStyle": "techno",
 "delegateArtist": "",
 "officialUrl": "https://www.coupprojekt.com/",
 "referenceUrl": "https://musicbrainz.org/label/d000e4f4-9d39-40b8-abfe-1515a46c783b/relationships",
 "manageStatusText": "",
 "style": "Techno",
 "country": "其他",
 "typeId": 14,
 "typeName": "厂牌",
 "dataId": 633,
 "url": "http://dropinapp.hearinmusic.com/#/ency?typeId=14&dataId=633"
}