{
 "pageNum": 1,
 "pageSize": 10,
 "params": {},
 "content": "<p></p>\n\r<p></p>\n\r<p></p>\n\r<p></p>",
 "remarks": "本词条内容暂未完善仅供参考，多频百科小编正在火速赶来",
 "remarksEn": "本词条内容暂未完善仅供参考，多频百科小编正在火速赶来",
 "status": 0,
 "clickNum": 0,
 "deleted": 0,
 "lang": 0,
 "chooseLang": false,
 "id": 635,
 "name": "Covert Operations Recordings",
 "descriptions": "\n\nAtmospheric drum n bass label. Defunct at 2009. \n",
 "picture": "https://duopin-community.oss-cn-shenzhen.aliyuncs.com/m8b94z4fjrex5ym0il56.jpg",
 "originalName": "",
 "foundTimeText": "1999",
 "foundAddress": " United Kingdom",
 "founder": "James Clements",
 "parentBrand": "",
 "childBrand": "\nCov Ops Ltd, Covert Studios, Global Connections (2), Sci-Files",
 "majorStyle": "drum and bass",
 "delegateArtist": "",
 "officialUrl": "",
 "referenceUrl": "https://musicbrainz.org/label/1307d0d1-ddda-4f88-9ce7-62396fc7251e",
 "manageStatusText": "已停运",
 "style": "",
 "country": "",
 "typeId": 14,
 "typeName": "厂牌",
 "dataId": 635,
 "url": "http://dropinapp.hearinmusic.com/#/ency?typeId=14&dataId=635"
}