{
 "pageNum": 1,
 "pageSize": 10,
 "params": {},
 "content": "<p></p>\n\r<p></p>\n\r<p></p>\n\r<p></p>",
 "remarks": "本词条内容暂未完善仅供参考，多频百科小编正在火速赶来",
 "remarksEn": "本词条内容暂未完善仅供参考，多频百科小编正在火速赶来",
 "status": 0,
 "clickNum": 0,
 "deleted": 0,
 "lang": 0,
 "chooseLang": false,
 "id": 636,
 "name": "CRANE Productions",
 "descriptions": "\n\r",
 "picture": "https://duopin-community.oss-cn-shenzhen.aliyuncs.com/08lxbuc9y8zetr2v5dyx.png",
 "originalName": "",
 "foundTimeText": "",
 "foundAddress": "",
 "founder": "",
 "parentBrand": "",
 "childBrand": "",
 "majorStyle": "contemporary classical, electronic, noise",
 "delegateArtist": "",
 "officialUrl": "https://cranelab.net/",
 "referenceUrl": "https://musicbrainz.org/label/8566de46-65d5-4d8e-8afa-0231a6bf27d9",
 "manageStatusText": "",
 "style": "",
 "country": "",
 "typeId": 14,
 "typeName": "厂牌",
 "dataId": 636,
 "url": "http://dropinapp.hearinmusic.com/#/ency?typeId=14&dataId=636"
}