{
 "pageNum": 1,
 "pageSize": 10,
 "params": {},
 "content": "<p></p>\n\r<p></p>\n\r<p></p>\n\r<p></p>",
 "remarks": "本词条内容暂未完善仅供参考，多频百科小编正在火速赶来",
 "remarksEn": "本词条内容暂未完善仅供参考，多频百科小编正在火速赶来",
 "status": 0,
 "clickNum": 0,
 "deleted": 0,
 "lang": 0,
 "chooseLang": false,
 "id": 637,
 "name": "Crazy Language",
 "descriptions": "\n\r",
 "originalName": "",
 "foundTimeText": "2006 ",
 "foundAddress": " Berlin, Germany",
 "founder": "Axiom",
 "parentBrand": "",
 "childBrand": "",
 "majorStyle": "ambient, electronic, glitch, idm",
 "delegateArtist": "",
 "officialUrl": "http://www.crazy-language.de/",
 "referenceUrl": "https://musicbrainz.org/label/93876b78-86b4-46de-b189-aa1feaec17b2",
 "manageStatusText": "",
 "style": "Ambient, Electronic, Intelligent Dance Music",
 "country": "德国",
 "typeId": 14,
 "typeName": "厂牌",
 "dataId": 637,
 "url": "http://dropinapp.hearinmusic.com/#/ency?typeId=14&dataId=637"
}