{
 "pageNum": 1,
 "pageSize": 10,
 "params": {},
 "content": "<p></p>\n\r<p></p>\n\r<p></p>\n\r<p></p>",
 "remarks": "本词条内容暂未完善仅供参考，多频百科小编正在火速赶来",
 "remarksEn": "本词条内容暂未完善仅供参考，多频百科小编正在火速赶来",
 "status": 0,
 "clickNum": 0,
 "deleted": 0,
 "lang": 0,
 "chooseLang": false,
 "id": 638,
 "name": "Crimes Against Skin",
 "descriptions": "\nCalifornia-based noise/power electronics label run by Lucas Morris and Samuel Torres. \n\n",
 "picture": "https://duopin-community.oss-cn-shenzhen.aliyuncs.com/q26zr695hpelqioh7qzo.jpg",
 "originalName": "",
 "foundTimeText": "",
 "foundAddress": " California, United States",
 "founder": "Lucas Morris ，Samuel Torres",
 "parentBrand": "",
 "childBrand": "",
 "majorStyle": "noise, power electronics",
 "delegateArtist": "",
 "officialUrl": "",
 "referenceUrl": "https://musicbrainz.org/label/33ac3552-f0f1-4753-8987-617d07af0d98",
 "manageStatusText": "",
 "style": "Electronic, 其他风格",
 "country": "美国",
 "typeId": 14,
 "typeName": "厂牌",
 "dataId": 638,
 "url": "http://dropinapp.hearinmusic.com/#/ency?typeId=14&dataId=638"
}