{
 "pageNum": 1,
 "pageSize": 10,
 "params": {},
 "content": "<p>&nbsp;</p>\n<p>&nbsp;</p>\n<p>&nbsp;</p>\n<p><strong>Critical Music</strong> is a British independent record label based in north London, England. The label is the owned and run by DJ and producer Kasra Mowlavi and releases mostly Drum and bass records. Since it was started back in 2002, Critical Music has grown significantly and become a widely recognized name on the underground music scene. The label has released tracks by a number of artists including Enei, Rockwell, Spectrasoul, Calibre and Break and has a reputation for finding and developing new artists.</p>\n<p><em>Resident Advisor</em> has described the label as \"A wealth of innovation, growth and experimentation abounds at 170 beats per minute right now, and you can't get a much better&mdash;or more comprehensive&mdash;approximation of it all than through the discography of London's Critical Recordings.\"</p>",
 "remarks": "本词条内容暂未完善仅供参考，多频百科小编正在火速赶来",
 "remarksEn": "本词条内容暂未完善仅供参考，多频百科小编正在火速赶来",
 "status": 0,
 "clickNum": 1,
 "deleted": 0,
 "lang": 0,
 "chooseLang": false,
 "id": 639,
 "name": "Critical Music",
 "descriptions": "\n\n\nUK drum'n'bass label by Kasra Mowlavi ",
 "picture": "https://duopin-community.oss-cn-shenzhen.aliyuncs.com/36fru9f92o5hvjn7x8jk.jpg",
 "originalName": "Critical Recordings， Modulations",
 "foundTimeText": " 2002 ",
 "foundAddress": "United Kingdom",
 "founder": "Kasra Mowlavi",
 "parentBrand": "",
 "childBrand": "\nCritical Music, Critical Reformat",
 "majorStyle": "drum and bass",
 "delegateArtist": "",
 "officialUrl": "http://www.criticalmusic.com/",
 "referenceUrl": "https://musicbrainz.org/label/68e8f3d3-a217-4e9e-9878-3dc983d30c2d",
 "manageStatusText": "",
 "style": "Drum&Bass",
 "country": "英国",
 "typeId": 14,
 "typeName": "厂牌",
 "dataId": 639,
 "url": "http://dropinapp.hearinmusic.com/#/ency?typeId=14&dataId=639"
}