{
 "pageNum": 1,
 "pageSize": 10,
 "params": {},
 "content": "<p>&nbsp;</p>\n<p>&nbsp;</p>\n<p>&nbsp;</p>\n<p>&nbsp;</p>",
 "remarks": "本词条内容暂未完善仅供参考，多频百科小编正在火速赶来",
 "remarksEn": "本词条内容暂未完善仅供参考，多频百科小编正在火速赶来",
 "status": 0,
 "clickNum": 0,
 "deleted": 0,
 "lang": 0,
 "chooseLang": false,
 "id": 640,
 "name": "Crowsnest Audio",
 "descriptions": "\n\r",
 "originalName": "",
 "foundTimeText": " 2015",
 "foundAddress": " Cleveland, Ohio, United States",
 "founder": "Code: Pandorum，Lord Swan3x ",
 "parentBrand": "",
 "childBrand": "",
 "majorStyle": "dubstep",
 "delegateArtist": "",
 "officialUrl": "",
 "referenceUrl": "https://musicbrainz.org/label/821536ca-ae8f-4217-a8ad-8f90406e34e4",
 "manageStatusText": "",
 "style": "Dubstep",
 "country": "美国",
 "typeId": 14,
 "typeName": "厂牌",
 "dataId": 640,
 "url": "http://dropinapp.hearinmusic.com/#/ency?typeId=14&dataId=640"
}