{
 "pageNum": 1,
 "pageSize": 10,
 "params": {},
 "content": "<p>Crydamoure (a variation of the French phrase cri d'amour or \"Cry of Love\" in English) is deep French house label created in 1997 by&nbsp;Guy-Manuel de Homem-Christo&nbsp;(half of&nbsp;Daft Punk) with his friend&nbsp;Eric Chedeville&nbsp;(AKA&nbsp;Rico (6)).</p>\n<p>&nbsp;</p>",
 "remarks": "本词条内容暂未完善仅供参考，多频百科小编正在火速赶来",
 "remarksEn": "本词条内容暂未完善仅供参考，多频百科小编正在火速赶来",
 "status": 0,
 "clickNum": 0,
 "deleted": 0,
 "lang": 0,
 "chooseLang": false,
 "id": 1859,
 "name": "Crydamoure",
 "picture": "https://duopin-community.oss-cn-shenzhen.aliyuncs.com/7xl99n2nw1swhvswhz6j.jpg",
 "founder": "Éric Chédeville Guy‐Manuel de Homem‐Christo",
 "style": "",
 "country": "",
 "typeId": 14,
 "typeName": "厂牌",
 "dataId": 1859,
 "url": "http://dropinapp.hearinmusic.com/#/ency?typeId=14&dataId=1859"
}