{
 "pageNum": 1,
 "pageSize": 10,
 "params": {},
 "content": "<p></p>\n\r<p></p>\n\r<p></p>\n\r<p></p>",
 "remarks": "本词条内容暂未完善仅供参考，多频百科小编正在火速赶来",
 "remarksEn": "本词条内容暂未完善仅供参考，多频百科小编正在火速赶来",
 "status": 0,
 "clickNum": 0,
 "deleted": 0,
 "lang": 0,
 "chooseLang": false,
 "id": 641,
 "name": "Cryo Chamber",
 "descriptions": "\n\n24 bit dark ambient label run by Atrium Carceri's Simon Heath. ",
 "picture": "https://duopin-community.oss-cn-shenzhen.aliyuncs.com/szoayrhrppcdgwfe5xk1.jpg",
 "originalName": "",
 "foundTimeText": "2011",
 "foundAddress": "Sweden",
 "founder": "Simon Heath",
 "parentBrand": "",
 "childBrand": "",
 "majorStyle": "dark ambient, ambient, electronic",
 "delegateArtist": "",
 "officialUrl": "http://www.cryochamberlabel.com/",
 "referenceUrl": "https://musicbrainz.org/label/dba854e8-0f9d-459c-b8ee-4ca72b67bbed",
 "manageStatusText": "",
 "style": "Ambient, Electronic",
 "country": "瑞典",
 "typeId": 14,
 "typeName": "厂牌",
 "dataId": 641,
 "url": "http://dropinapp.hearinmusic.com/#/ency?typeId=14&dataId=641"
}