{
 "pageNum": 1,
 "pageSize": 10,
 "params": {},
 "content": "<p>Cuneiform Records是马里兰州银泉市的一个厂牌。</p>\n<p>&nbsp;</p>\n<p>该厂牌成立于1984年，发行了各种音乐风格的混合，都具有摇滚乐的美感，包括progressive jazz, jazz fusion, the Canterbury scene, 和electronic music。Cuneiform介绍了许多著名的艺术家，但也记录了符合这一特征的老乐队，包括它发行的Heldon目录和几个存档的Soft Machine录音。该厂牌与一个邮购零售商Wayside Music一起运营。</p>\n<p>&nbsp;</p>\n<p>2018年，创始人Steve Feigenbaum 宣布，该厂牌当年不会发行任何新的音乐。然而，2019年，Cuneiform发行了几张新专辑。</p>\n<p>&nbsp;</p>",
 "contentEn": "<div>\n<div class=\"document\">\n<p class=\"paragraph text-align-type-left pap-line-1.8 pap-line-rule-auto pap-spacing-before-2pt pap-spacing-after-2pt\" style=\"text-align: left; line-height: 180%; margin-top: 2.6666666666666665px; margin-bottom: 2.6666666666666665px;\"><span style=\"font-size: 11pt; font-family: SF Pro,PingFang SC,Microsoft YaHei,微软雅黑,Noto Sans CJK SC,sans-serif,Roboto,Droid Sans,Helvetica,Tahoma,Arial,Hiragino Sans GB,Heiti SC; font-weight: 400; font-style: normal; ;color: #111; background: transparent; letter-spacing: 0pt; vertical-align: baseline; white-space: pre;\">Cuneiform Records is a record label in Silver Spring, Maryland.</span></p>\n<p class=\"paragraph text-align-type-left pap-line-1.8 pap-line-rule-auto pap-spacing-before-2pt pap-spacing-after-2pt\" style=\"text-align: left; line-height: 180%; margin-top: 2.6666666666666665px; margin-bottom: 2.6666666666666665px;\">&nbsp;</p>\n<p class=\"paragraph text-align-type-left pap-line-1.8 pap-line-rule-auto pap-spacing-before-2pt pap-spacing-after-2pt\" style=\"text-align: left; line-height: 180%; margin-top: 2.6666666666666665px; margin-bottom: 2.6666666666666665px;\"><span style=\"font-size: 11pt; font-family: SF Pro,PingFang SC,Microsoft YaHei,微软雅黑,Noto Sans CJK SC,sans-serif,Roboto,Droid Sans,Helvetica,Tahoma,Arial,Hiragino Sans GB,Heiti SC; font-weight: 400; font-style: normal; ;color: #111; background: transparent; letter-spacing: 0pt; vertical-align: baseline; white-space: pre;\">Founded in 1984, the label releases an mixture of musical styles, all with a Rock in Opposition aesthetic, including progressive jazz, jazz fusion, the Canterbury scene, and electronic music. Cuneiform has introduced many notable acts but also documents older bands who fit the profile, including its release of the Heldon catalog and several archival Soft Machine recordings. The label operates with a mail-order retailer, Wayside Music.</span></p>\n<p class=\"paragraph text-align-type-left pap-line-1.8 pap-line-rule-auto pap-spacing-before-2pt pap-spacing-after-2pt\" style=\"text-align: left; line-height: 180%; margin-top: 2.6666666666666665px; margin-bottom: 2.6666666666666665px;\">&nbsp;</p>\n<p class=\"paragraph text-align-type-left pap-line-1.8 pap-line-rule-auto pap-spacing-before-2pt pap-spacing-after-2pt\" style=\"text-align: left; line-height: 180%; margin-top: 2.6666666666666665px; margin-bottom: 2.6666666666666665px;\"><span style=\"font-size: 11pt; font-family: SF Pro,PingFang SC,Microsoft YaHei,微软雅黑,Noto Sans CJK SC,sans-serif,Roboto,Droid Sans,Helvetica,Tahoma,Arial,Hiragino Sans GB,Heiti SC; font-weight: 400; font-style: normal; ;color: #111; background: transparent; letter-spacing: 0pt; vertical-align: baseline; white-space: pre;\">In 2018, founder Steve Feigenbaum announced that the label wouldn't release any new music that year. However, 2019 saw the arrival of several new albums on the Cuneiform label.</span></p>\n</div>\n</div>",
 "remarks": "本词条汉字内容由 @多频百科团队 翻译+编辑\n原文译自 https://en.wikipedia.org/wiki/Cuneiform_Records",
 "remarksEn": "本词条内容来自  https://en.wikipedia.org/wiki/Cuneiform_Records",
 "status": 1,
 "clickNum": 10,
 "deleted": 0,
 "lang": 0,
 "chooseLang": true,
 "id": 49,
 "name": "Cuneiform Records",
 "descriptions": "Cuneiform Records是马里兰州银泉市的一个厂牌。成立于1984年，发行了各种音乐风格的混合，都具有摇滚乐的美感，包括progressive jazz, jazz fusion, the Canterbury scene, 和electronic music。",
 "picture": "https://duopin-community.oss-cn-shenzhen.aliyuncs.com/t81fvms7hk8hwxikvbek.png",
 "originalName": "",
 "foundTimeText": "1984",
 "foundAddress": "Silver Spring, Maryland",
 "founder": "Steven Feigenbaum",
 "parentBrand": "",
 "childBrand": "",
 "majorStyle": "Jazz； jazz rock；progressive rock",
 "delegateArtist": "",
 "officialUrl": "http://cuneiformrecords.com/",
 "referenceUrl": "https://en.wikipedia.org/wiki/Cuneiform_Records",
 "manageStatusText": "不再运营",
 "style": "Jazz, jazz rock, progressive rock",
 "country": "马里兰州",
 "typeId": 14,
 "typeName": "厂牌",
 "dataId": 49,
 "url": "http://dropinapp.hearinmusic.com/#/ency?typeId=14&dataId=49"
}