{
 "pageNum": 1,
 "pageSize": 10,
 "params": {},
 "content": "<p></p>\n\r<p></p>\n\r<p></p>\n\r<p></p>",
 "remarks": "本词条内容暂未完善仅供参考，多频百科小编正在火速赶来",
 "remarksEn": "本词条内容暂未完善仅供参考，多频百科小编正在火速赶来",
 "status": 0,
 "clickNum": 0,
 "deleted": 0,
 "lang": 0,
 "chooseLang": false,
 "id": 642,
 "name": "CurseOnesOnlyRecords",
 "descriptions": "\n\r",
 "originalName": "",
 "foundTimeText": " 2019-01-23",
 "foundAddress": "",
 "founder": "Eidxlxn",
 "parentBrand": "",
 "childBrand": "",
 "majorStyle": "hip hop, r&b, underground hip hop",
 "delegateArtist": "",
 "officialUrl": "https://curseonesonlyrecords.weebly.com/",
 "referenceUrl": "https://musicbrainz.org/label/e1901e06-d0bb-49c1-9441-957d7dc5a088",
 "manageStatusText": "",
 "style": "Hip-hop",
 "country": "",
 "typeId": 14,
 "typeName": "厂牌",
 "dataId": 642,
 "url": "http://dropinapp.hearinmusic.com/#/ency?typeId=14&dataId=642"
}