{
 "pageNum": 1,
 "pageSize": 10,
 "params": {},
 "content": "<p></p>\n\r<p></p>\n\r<p></p>\n\r<p></p>",
 "remarks": "本词条内容暂未完善仅供参考，多频百科小编正在火速赶来",
 "remarksEn": "本词条内容暂未完善仅供参考，多频百科小编正在火速赶来",
 "status": 0,
 "clickNum": 0,
 "deleted": 0,
 "lang": 0,
 "chooseLang": false,
 "id": 643,
 "name": "Cyclic Law",
 "descriptions": "\n\nRecord label founded in Montreal, Canada in 2002 and relocated to Berlin, Germany in 2015. \nIn fall 2019 it moved to the Pyrénées mountains in France. \n\nCyclic Press is the publishing house dedicated to releasing books in the fields of photography and visual arts. \nCyclic Law Audio Mastering is the mastering studio. \n",
 "picture": "https://duopin-community.oss-cn-shenzhen.aliyuncs.com/vpjqyhqlys5ghuxd19za.jpg",
 "originalName": "",
 "foundTimeText": "2002-01 ",
 "foundAddress": " Berlin, Germany",
 "founder": "Frédéric Arbour",
 "parentBrand": "",
 "childBrand": "Cyclic Press\nTwilight Foundation\nAesthetical, CAVSAS,\nCyclic Law Audio Mastering",
 "majorStyle": "dark ambient",
 "delegateArtist": "",
 "officialUrl": "http://www.cycliclaw.com/",
 "referenceUrl": "https://musicbrainz.org/label/b24bb5d1-c234-4dc9-aaaf-fecd0d7f576d",
 "manageStatusText": "",
 "style": "Ambient",
 "country": "德国",
 "typeId": 14,
 "typeName": "厂牌",
 "dataId": 643,
 "url": "http://dropinapp.hearinmusic.com/#/ency?typeId=14&dataId=643"
}