{
 "pageNum": 1,
 "pageSize": 10,
 "params": {},
 "content": "<p></p>\n\r<p></p>\n\r<p></p>\n\r<p></p>",
 "remarks": "本词条内容暂未完善仅供参考，多频百科小编正在火速赶来",
 "remarksEn": "本词条内容暂未完善仅供参考，多频百科小编正在火速赶来",
 "status": 0,
 "clickNum": 0,
 "deleted": 0,
 "lang": 0,
 "chooseLang": false,
 "id": 644,
 "name": "Cyclical Records",
 "descriptions": "\n\r",
 "originalName": "",
 "foundTimeText": "",
 "foundAddress": "Argentina",
 "founder": "",
 "parentBrand": "",
 "childBrand": "",
 "majorStyle": "blues, electronica, experimental, noise",
 "delegateArtist": "",
 "officialUrl": "",
 "referenceUrl": "https://musicbrainz.org/label/9913a6e5-3439-4afc-9475-075efe47a7a2",
 "manageStatusText": "",
 "style": "Electronica, 其他风格",
 "country": "其他",
 "typeId": 14,
 "typeName": "厂牌",
 "dataId": 644,
 "url": "http://dropinapp.hearinmusic.com/#/ency?typeId=14&dataId=644"
}