{
 "pageNum": 1,
 "pageSize": 10,
 "params": {},
 "content": "<p></p>\n\r<p></p>\n\r<p></p>\n\r<p></p>",
 "remarks": "本词条内容暂未完善仅供参考，多频百科小编正在火速赶来",
 "remarksEn": "本词条内容暂未完善仅供参考，多频百科小编正在火速赶来",
 "status": 0,
 "clickNum": 0,
 "deleted": 0,
 "lang": 0,
 "chooseLang": false,
 "id": 645,
 "name": "Cymbalism",
 "descriptions": "\n\r",
 "picture": "https://duopin-community.oss-cn-shenzhen.aliyuncs.com/eynrcr5zzshtoaamaceo.jpg",
 "originalName": "Cymbalism Recordings",
 "foundTimeText": " 2003",
 "foundAddress": "United States",
 "founder": "",
 "parentBrand": "",
 "childBrand": "Cymbalism Limited\nCymbalism Liquified\nCymbstep",
 "majorStyle": "drum and bass",
 "delegateArtist": "",
 "officialUrl": "http://www.cymbalismrecordings.com/",
 "referenceUrl": "https://musicbrainz.org/label/4c29a227-6492-4439-bf21-0216bce9a4f9",
 "manageStatusText": "",
 "style": "Drum&Bass",
 "country": "美国",
 "typeId": 14,
 "typeName": "厂牌",
 "dataId": 645,
 "url": "http://dropinapp.hearinmusic.com/#/ency?typeId=14&dataId=645"
}