{
 "pageNum": 1,
 "pageSize": 10,
 "params": {},
 "content": "<p>&nbsp;</p>\n<p>&nbsp;</p>\n<div class=\"head\">&nbsp;</div>\n<div class=\"content\">\n<div id=\"profile\" class=\"readmore initialized uncropped\">One of the larger two original Chicago house-music labels (the other being <a href=\"https://www.discogs.com/label/267-Trax-Records\" target=\"_blank\" rel=\"noopener\">Trax Records</a>). Launched in 1985 by <a href=\"https://www.discogs.com/artist/2963-Rocky-Jones\" target=\"_blank\" rel=\"noopener\">Rocky Jones</a> and Benji Espinoza (he passed away on October 24 2020), it released lots of deep, hard, soulful, and acid house tracks. In the late 1980s, it released many hip-house tracks as well. The label&rsquo;s releases built one of history&rsquo;s everlasting foundations of house music. International hits included <a href=\"https://www.discogs.com/artist/2753-Joe-Smooth\" target=\"_blank\" rel=\"noopener\">Joe Smooth</a>'s &ldquo;Promised Land&rdquo; and <a href=\"https://www.discogs.com/artist/228032-Fast-Eddie-Smith\" target=\"_blank\" rel=\"noopener\">\"Fast\" Eddie Smith</a>'s &ldquo;Acid Thunder,&rdquo; who, together with <a href=\"https://www.discogs.com/artist/31957-Kenny-Jammin-Jason\" target=\"_blank\" rel=\"noopener\">Kenny \"Jammin\" Jason</a>, produced 1987&rsquo;s smash &ldquo;Can U Dance,&rdquo; one of house music&rsquo;s breakthroughs and one of its everlasting hymns. <a href=\"https://www.discogs.com/artist/2127-Tyree\" target=\"_blank\" rel=\"noopener\">Tyree</a>&rsquo;s &ldquo;Turn up the Bass&rdquo; was one of the first and best hip-house tracks. <br /> <br />Some releases were licensed to <a href=\"https://www.discogs.com/label/2820-Westside-Records-2\" target=\"_blank\" rel=\"noopener\">Westside Records (2)</a> in Britain and <a href=\"https://www.discogs.com/label/1656-BCM-Records\" target=\"_blank\" rel=\"noopener\">BCM Records</a> in Germany; single releases were licensed to different labels worldwide. <br /> <br />For bootleg and counterfeit releases with the DJ International logo, please use <a href=\"https://www.discogs.com/label/177065-DJ-International-Records-2\" target=\"_blank\" rel=\"noopener\">D.J. International Records (2)</a>.</div>\n</div>\n<p>&nbsp;</p>",
 "remarks": "本词条内容暂未完善仅供参考，多频百科小编正在火速赶来",
 "remarksEn": "本词条内容暂未完善仅供参考，多频百科小编正在火速赶来",
 "status": 0,
 "clickNum": 0,
 "deleted": 0,
 "lang": 0,
 "chooseLang": false,
 "id": 647,
 "name": "D J  International Records",
 "descriptions": "\n\r",
 "picture": "https://duopin-community.oss-cn-shenzhen.aliyuncs.com/up0jjwq1k3lt4tf9z1ns.jpg",
 "originalName": "D.J. International，DJ International",
 "foundTimeText": "",
 "foundAddress": "United States",
 "founder": "",
 "parentBrand": "",
 "childBrand": "\nDJ International, DJ International Master Pieces, DJ International Us, Fierce Records, Gangster Records, Jackin Records, Mutant Planet, Rhythm Beat, Underground",
 "majorStyle": "house",
 "delegateArtist": "",
 "officialUrl": "",
 "referenceUrl": "https://musicbrainz.org/label/45dad9b7-6dd9-47b8-a063-75fc94bbd3fe/relationships",
 "manageStatusText": "",
 "style": "House",
 "country": "美国",
 "typeId": 14,
 "typeName": "厂牌",
 "dataId": 647,
 "url": "http://dropinapp.hearinmusic.com/#/ency?typeId=14&dataId=647"
}