{
 "pageNum": 1,
 "pageSize": 10,
 "params": {},
 "content": "<p></p>\n\r<p></p>\n\r<p></p>\n\r<p></p>",
 "remarks": "本词条内容暂未完善仅供参考，多频百科小编正在火速赶来",
 "remarksEn": "本词条内容暂未完善仅供参考，多频百科小编正在火速赶来",
 "status": 0,
 "clickNum": 0,
 "deleted": 0,
 "lang": 0,
 "chooseLang": false,
 "id": 646,
 "name": "D Noir Records",
 "descriptions": "\n\n\nPsychedelic trance label, based in Italy. Also written D-Noir Records.",
 "picture": "https://duopin-community.oss-cn-shenzhen.aliyuncs.com/lsb1gazxc4yv13zf9e2p.jpg",
 "originalName": "",
 "foundTimeText": "",
 "foundAddress": "Italy",
 "founder": "",
 "parentBrand": "",
 "childBrand": "",
 "majorStyle": "electronic, psy-trance, psytrance",
 "delegateArtist": "",
 "officialUrl": "http://www.dnoir.net/",
 "referenceUrl": "https://musicbrainz.org/label/fc963ab0-ac21-40e2-896f-d8f78b5f1649",
 "manageStatusText": "",
 "style": "Trance, Electronic",
 "country": "意大利",
 "typeId": 14,
 "typeName": "厂牌",
 "dataId": 646,
 "url": "http://dropinapp.hearinmusic.com/#/ency?typeId=14&dataId=646"
}