{
 "pageNum": 1,
 "pageSize": 10,
 "params": {},
 "content": "<p>&nbsp;</p>\n<p>&nbsp;</p>\n<p>&nbsp;</p>\n<p>&nbsp;</p>",
 "remarks": "本词条内容暂未完善仅供参考，多频百科小编正在火速赶来",
 "remarksEn": "本词条内容暂未完善仅供参考，多频百科小编正在火速赶来",
 "status": 0,
 "clickNum": 0,
 "deleted": 0,
 "lang": 0,
 "chooseLang": false,
 "id": 664,
 "name": "D-Block Records",
 "descriptions": "\n\nD-Block Records is a Record Label owned by The L.O.X. and located in Yonkers, New York \n",
 "picture": "https://duopin-community.oss-cn-shenzhen.aliyuncs.com/gb00h9ngnioxvi5f0oco.jpg",
 "originalName": "",
 "foundTimeText": "",
 "foundAddress": "Yonkers, New York",
 "founder": "The L.O.X.",
 "parentBrand": "",
 "childBrand": "",
 "majorStyle": "hip hop",
 "delegateArtist": "",
 "officialUrl": "",
 "referenceUrl": "https://musicbrainz.org/label/d2eb45e9-6d44-4c54-9804-1ab94fdf3070",
 "manageStatusText": "",
 "style": "Hip Hop Music",
 "country": "美国",
 "typeId": 14,
 "typeName": "厂牌",
 "dataId": 664,
 "url": "http://dropinapp.hearinmusic.com/#/ency?typeId=14&dataId=664"
}