{
 "pageNum": 1,
 "pageSize": 10,
 "params": {},
 "content": "<p></p>\n\r<p></p>\n\r<p></p>\n\r<p></p>",
 "remarks": "本词条内容暂未完善仅供参考，多频百科小编正在火速赶来",
 "remarksEn": "本词条内容暂未完善仅供参考，多频百科小编正在火速赶来",
 "status": 0,
 "clickNum": 0,
 "deleted": 0,
 "lang": 0,
 "chooseLang": false,
 "id": 758,
 "name": "D-Xtreme",
 "descriptions": "\n\r",
 "originalName": "",
 "foundTimeText": "",
 "foundAddress": " Hoofddorp, Noord-Holland, Netherlands, Kingdom of the Netherlands",
 "founder": "D-Xtreme",
 "parentBrand": "",
 "childBrand": "HzH Records",
 "majorStyle": "gabber",
 "delegateArtist": "",
 "officialUrl": "",
 "referenceUrl": "https://musicbrainz.org/label/d7ff5df9-6ab0-4929-b8ca-333e18ff61f1",
 "manageStatusText": "",
 "style": "gabber",
 "country": "荷兰",
 "typeId": 14,
 "typeName": "厂牌",
 "dataId": 758,
 "url": "http://dropinapp.hearinmusic.com/#/ency?typeId=14&dataId=758"
}