{
 "pageNum": 1,
 "pageSize": 10,
 "params": {},
 "content": "<p>&nbsp;</p>\n<p>&nbsp;</p>\n<p>&nbsp;</p>\n<p>&nbsp;</p>",
 "remarks": "本词条内容暂未完善仅供参考，多频百科小编正在火速赶来",
 "remarksEn": "本词条内容暂未完善仅供参考，多频百科小编正在火速赶来",
 "status": 0,
 "clickNum": 0,
 "deleted": 0,
 "lang": 0,
 "chooseLang": false,
 "id": 648,
 "name": "DAFKE Records",
 "descriptions": "\n\r",
 "originalName": "",
 "foundTimeText": "2018-07-05",
 "foundAddress": " San Salvador, San Salvador, El Salvador",
 "founder": "MÖEM",
 "parentBrand": "",
 "childBrand": "",
 "majorStyle": "dubstep, electronic, hip hop",
 "delegateArtist": "",
 "officialUrl": "https://dafkerecords.com/",
 "referenceUrl": "https://musicbrainz.org/label/dc8d630d-8629-4516-8435-4aa10d712afa",
 "manageStatusText": "",
 "style": "Dubstep, Hip-hop, Electronic",
 "country": "其他",
 "typeId": 14,
 "typeName": "厂牌",
 "dataId": 648,
 "url": "http://dropinapp.hearinmusic.com/#/ency?typeId=14&dataId=648"
}