{
 "pageNum": 1,
 "pageSize": 10,
 "params": {},
 "content": "<p></p>\n\r<p></p>\n\r<p></p>\n\r<p></p>",
 "remarks": "本词条内容暂未完善仅供参考，多频百科小编正在火速赶来",
 "remarksEn": "本词条内容暂未完善仅供参考，多频百科小编正在火速赶来",
 "status": 0,
 "clickNum": 0,
 "deleted": 0,
 "lang": 0,
 "chooseLang": false,
 "id": 649,
 "name": "Dance Concept",
 "descriptions": "\n\r",
 "originalName": "",
 "foundTimeText": "",
 "foundAddress": "United Kingdom",
 "founder": "",
 "parentBrand": "",
 "childBrand": "",
 "majorStyle": "drum and bass",
 "delegateArtist": "",
 "officialUrl": "",
 "referenceUrl": "https://musicbrainz.org/label/ae09b6d7-bb4d-47a9-a1ca-f4a656c2937c",
 "manageStatusText": "",
 "style": "Drum&Bass",
 "country": "美国",
 "typeId": 14,
 "typeName": "厂牌",
 "dataId": 649,
 "url": "http://dropinapp.hearinmusic.com/#/ency?typeId=14&dataId=649"
}