{
 "pageNum": 1,
 "pageSize": 10,
 "params": {},
 "content": "<p></p>\n\r<p></p>\n\r<p></p>\n\r<p></p>",
 "remarks": "本词条内容暂未完善仅供参考，多频百科小编正在火速赶来",
 "remarksEn": "本词条内容暂未完善仅供参考，多频百科小编正在火速赶来",
 "status": 0,
 "clickNum": 0,
 "deleted": 0,
 "lang": 0,
 "chooseLang": false,
 "id": 650,
 "name": "Danger Money Records",
 "descriptions": "\n\r",
 "originalName": "",
 "foundTimeText": "2003-03-24",
 "foundAddress": "London, United Kingdom",
 "founder": "P.C.T",
 "parentBrand": "",
 "childBrand": "",
 "majorStyle": "dance, hip hop, progressive",
 "delegateArtist": "",
 "officialUrl": "",
 "referenceUrl": "https://musicbrainz.org/label/3f2a2e1e-33d2-4812-b7e6-2e620e610bfe",
 "manageStatusText": "",
 "style": "Hip-hop, 其他风格",
 "country": "英国",
 "typeId": 14,
 "typeName": "厂牌",
 "dataId": 650,
 "url": "http://dropinapp.hearinmusic.com/#/ency?typeId=14&dataId=650"
}