{
 "pageNum": 1,
 "pageSize": 10,
 "params": {},
 "content": "<p></p>\n\r<p></p>\n\r<p></p>\n\r<p></p>",
 "remarks": "本词条内容暂未完善仅供参考，多频百科小编正在火速赶来",
 "remarksEn": "本词条内容暂未完善仅供参考，多频百科小编正在火速赶来",
 "status": 0,
 "clickNum": 0,
 "deleted": 0,
 "lang": 0,
 "chooseLang": false,
 "id": 651,
 "name": "Danger Zone Records",
 "descriptions": "\n\r",
 "picture": "https://duopin-community.oss-cn-shenzhen.aliyuncs.com/jqd7xodvtak6oeub8192.jpg",
 "originalName": "",
 "foundTimeText": " 2002-03-02",
 "foundAddress": "Italy",
 "founder": "Frank Vanoli",
 "parentBrand": " Hitland",
 "childBrand": "",
 "majorStyle": "hard trance, techno, trance",
 "delegateArtist": "",
 "officialUrl": "http://www.frankvanoli.com/dangerzonerecords/",
 "referenceUrl": "https://musicbrainz.org/label/8838c4ab-b405-450a-a15a-0fea72a22105",
 "manageStatusText": "",
 "style": "Trance, Techno",
 "country": "意大利",
 "typeId": 14,
 "typeName": "厂牌",
 "dataId": 651,
 "url": "http://dropinapp.hearinmusic.com/#/ency?typeId=14&dataId=651"
}