{
 "pageNum": 1,
 "pageSize": 10,
 "params": {},
 "content": "<p></p>\n\r<p></p>\n\r<p></p>\n\r<p></p>",
 "remarks": "本词条内容暂未完善仅供参考，多频百科小编正在火速赶来",
 "remarksEn": "本词条内容暂未完善仅供参考，多频百科小编正在火速赶来",
 "status": 0,
 "clickNum": 0,
 "deleted": 0,
 "lang": 0,
 "chooseLang": false,
 "id": 652,
 "name": "Dank Boyz Entertainment",
 "descriptions": "\n\r",
 "originalName": "",
 "foundTimeText": "2013-04-20 ",
 "foundAddress": "",
 "founder": "",
 "parentBrand": "",
 "childBrand": "",
 "majorStyle": "hip hop",
 "delegateArtist": "",
 "officialUrl": "",
 "referenceUrl": "https://musicbrainz.org/label/8eab63f0-5c9d-41fe-8a7b-74eac3222f1c",
 "manageStatusText": "",
 "style": "Hip Hop Music",
 "country": "",
 "typeId": 14,
 "typeName": "厂牌",
 "dataId": 652,
 "url": "http://dropinapp.hearinmusic.com/#/ency?typeId=14&dataId=652"
}