{
 "pageNum": 1,
 "pageSize": 10,
 "params": {},
 "content": "<div class=\"document\">\n<p class=\"paragraph text-align-type-left pap-line-1.8 pap-line-rule-auto pap-spacing-before-2pt pap-spacing-after-2pt\">Starwave Records （前身是Darkest Labyrinth and Cure）是一家位于东京的厂牌、经销商和网店，专门从事包括Electro-industrial, darkwave, gothic rock, EBM, 和industrial metal等音乐风格的哥特式和视觉系艺术家的创作。</p>\n<p class=\"paragraph text-align-type-left pap-line-1.8 pap-line-rule-auto pap-spacing-before-2pt pap-spacing-after-2pt\">&nbsp;</p>\n<p class=\"paragraph text-align-type-left pap-line-1.8 pap-line-rule-auto pap-spacing-before-2pt pap-spacing-after-2pt\">Starwave Records最初被称为Cure，开始时是一个位于大阪的项目，发行厂牌拥有者Kiwamu自己的乐队BLOOD的作品。随后，该厂牌更名为Darkest Labyrinth，并扩大到在日本发行国际哥特式和后工业艺术家的音乐。2007年，该厂牌开始与其他艺术家签约，与国际组合如Virgins O.R. Pigeons（希腊）、Spectrum-X（意大利）和GPKism（澳大利亚）达成了第一批协议。同年，他们发行了他们的第一张合辑 \"V.A. - Darkest Labyrinth\"，收录了来自日本黑暗地下音乐场景的各种曲目。</p>\n<p class=\"paragraph text-align-type-left pap-line-1.8 pap-line-rule-auto pap-spacing-before-2pt pap-spacing-after-2pt\">&nbsp;</p>\n<p class=\"paragraph text-align-type-left pap-line-1.8 pap-line-rule-auto pap-spacing-before-2pt pap-spacing-after-2pt\">Darkest Labyrinth在2009年达到鼎盛，发行了各种国际和日本艺术家的作品。截至2009年3月，Darkest Labyrinth已经发行了50张唱片，并从其他厂牌发行了280张唱片，供日本各大唱片公司分销。</p>\n<p class=\"paragraph text-align-type-left pap-line-1.8 pap-line-rule-auto pap-spacing-before-2pt pap-spacing-after-2pt\">&nbsp;</p>\n<p class=\"paragraph text-align-type-left pap-line-1.8 pap-line-rule-auto pap-spacing-before-2pt pap-spacing-after-2pt\">2010年，该网络商店将自己重新命名为Starwave Records ，并开设了一个新的Facebook账户。</p>\n<p class=\"paragraph text-align-type-left pap-line-1.8 pap-line-rule-auto pap-spacing-before-2pt pap-spacing-after-2pt\">&nbsp;</p>\n<p class=\"paragraph text-align-type-left pap-line-1.8 pap-line-rule-auto pap-spacing-before-2pt pap-spacing-after-2pt\">该厂牌最成功的艺术家是BLOOD，他已经卖出了超过20000张CD。</p>\n<p class=\"paragraph text-align-type-left pap-line-1.8 pap-line-rule-auto pap-spacing-before-2pt pap-spacing-after-2pt\">&nbsp;</p>\n<p class=\"paragraph text-align-type-left pap-line-1.8 pap-line-rule-auto pap-spacing-before-2pt pap-spacing-after-2pt\"><strong>艺人</strong></p>\n<div>\n<div class=\"document\">\n<p class=\"paragraph text-align-type-left pap-line-1.8 pap-line-rule-auto pap-spacing-before-2pt pap-spacing-after-2pt\">BLOOD</p>\n<p class=\"paragraph text-align-type-left pap-line-1.8 pap-line-rule-auto pap-spacing-before-2pt pap-spacing-after-2pt\">GPKism</p>\n<p class=\"paragraph text-align-type-left pap-line-1.8 pap-line-rule-auto pap-spacing-before-2pt pap-spacing-after-2pt\">Spectrum-X</p>\n<p class=\"paragraph text-align-type-left pap-line-1.8 pap-line-rule-auto pap-spacing-before-2pt pap-spacing-after-2pt\">Noir&nbsp;du'Soleil</p>\n<p class=\"paragraph text-align-type-left pap-line-1.8 pap-line-rule-auto pap-spacing-before-2pt pap-spacing-after-2pt\">SUICIDE&nbsp;ALI</p>\n<p class=\"paragraph text-align-type-left pap-line-1.8 pap-line-rule-auto pap-spacing-before-2pt pap-spacing-after-2pt\">2&nbsp;Bullet</p>\n<p class=\"paragraph text-align-type-left pap-line-1.8 pap-line-rule-auto pap-spacing-before-2pt pap-spacing-after-2pt\">Rose&nbsp;Noire</p>\n<p class=\"paragraph text-align-type-left pap-line-1.8 pap-line-rule-auto pap-spacing-before-2pt pap-spacing-after-2pt\">Seileen</p>\n<p class=\"paragraph text-align-type-left pap-line-1.8 pap-line-rule-auto pap-spacing-before-2pt pap-spacing-after-2pt\">Marlee</p>\n<p class=\"paragraph text-align-type-left pap-line-1.8 pap-line-rule-auto pap-spacing-before-2pt pap-spacing-after-2pt\">Takuya&nbsp;Angel</p>\n<p class=\"paragraph text-align-type-left pap-line-1.8 pap-line-rule-auto pap-spacing-before-2pt pap-spacing-after-2pt\">Angelspit</p>\n<p class=\"paragraph text-align-type-left pap-line-1.8 pap-line-rule-auto pap-spacing-before-2pt pap-spacing-after-2pt\">&nbsp;</p>\n<p class=\"paragraph text-align-type-left pap-line-1.8 pap-line-rule-auto pap-spacing-before-2pt pap-spacing-after-2pt\">注意：有些艺术家只在日本发行时与Darkest&nbsp;Labyrinth签约，而在欧洲、北美等地则与其他厂牌签约。</p>\n<p class=\"paragraph text-align-type-left pap-line-1.8 pap-line-rule-auto pap-spacing-before-2pt pap-spacing-after-2pt\">&nbsp;</p>\n<p><strong>厂牌分销商</strong></p>\n<p class=\"paragraph text-align-type-left pap-line-1.8 pap-line-rule-auto pap-spacing-before-2pt pap-spacing-after-2pt\">Alfa&nbsp;Matrix</p>\n<p class=\"paragraph text-align-type-left pap-line-1.8 pap-line-rule-auto pap-spacing-before-2pt pap-spacing-after-2pt\">Aural&nbsp;Music</p>\n<p class=\"paragraph text-align-type-left pap-line-1.8 pap-line-rule-auto pap-spacing-before-2pt pap-spacing-after-2pt\">Deadscarlet&nbsp;Records</p>\n<p class=\"paragraph text-align-type-left pap-line-1.8 pap-line-rule-auto pap-spacing-before-2pt pap-spacing-after-2pt\">Decadance&nbsp;records</p>\n<p class=\"paragraph text-align-type-left pap-line-1.8 pap-line-rule-auto pap-spacing-before-2pt pap-spacing-after-2pt\">SOUND&nbsp;BASE&nbsp;MUSIC</p>\n<p class=\"paragraph text-align-type-left pap-line-1.8 pap-line-rule-auto pap-spacing-before-2pt pap-spacing-after-2pt\">THORNTREE&nbsp;RECORDS</p>\n<p class=\"paragraph text-align-type-left pap-line-1.8 pap-line-rule-auto pap-spacing-before-2pt pap-spacing-after-2pt\">Subsound&nbsp;Records</p>\n<p class=\"paragraph text-align-type-left pap-line-1.8 pap-line-rule-auto pap-spacing-before-2pt pap-spacing-after-2pt\">URGENCE&nbsp;DISK</p>\n<p class=\"paragraph text-align-type-left pap-line-1.8 pap-line-rule-auto pap-spacing-before-2pt pap-spacing-after-2pt\">HTD&nbsp;Records</p>\n<p class=\"paragraph text-align-type-left pap-line-1.8 pap-line-rule-auto pap-spacing-before-2pt pap-spacing-after-2pt\">&nbsp;</p>\n</div>\n</div>\n<div>\n<div class=\"document\">\n<p class=\"paragraph text-align-type-left pap-line-1.8 pap-line-rule-auto pap-spacing-before-2pt pap-spacing-after-2pt pap-left-indent-2em\">&nbsp;</p>\n</div>\n</div>\n</div>",
 "contentEn": "<div>\n<div class=\"document\">\n<p class=\"paragraph text-align-type-left pap-line-1.8 pap-line-rule-auto pap-spacing-before-2pt pap-spacing-after-2pt\" style=\"text-align: left; line-height: 180%; margin-top: 2.6666666666666665px; margin-bottom: 2.6666666666666665px;\"><span style=\"font-size: 11pt; font-family: SF Pro,PingFang SC,Microsoft YaHei,微软雅黑,Noto Sans CJK SC,sans-serif,Roboto,Droid Sans,Helvetica,Tahoma,Arial,Hiragino Sans GB,Heiti SC; font-weight: 400; font-style: normal; ;color: #111; background: transparent; letter-spacing: 0pt; vertical-align: baseline; white-space: pre;\">Starwave Records (formerly Darkest Labyrinth and Cure)</span><span style=\"font-size: 11pt; font-family: SF Pro,PingFang SC,Microsoft YaHei,微软雅黑,Noto Sans CJK SC,sans-serif,Roboto,Droid Sans,Helvetica,Tahoma,Arial,Hiragino Sans GB,Heiti SC; font-weight: 400; font-style: normal; ;color: #111; background: transparent; letter-spacing: 0pt; vertical-align: baseline; white-space: pre;\"> is a Tokyo based record label, distributor, and web store specializing in gothic and visual kei artists in genres such as Electro-industrial, darkwave, gothic rock, EBM, and industrial metal.</span></p>\n<p class=\"paragraph text-align-type-left pap-line-1.8 pap-line-rule-auto pap-spacing-before-2pt pap-spacing-after-2pt\" style=\"text-align: left; line-height: 180%; margin-top: 2.6666666666666665px; margin-bottom: 2.6666666666666665px;\">&nbsp;</p>\n<p class=\"paragraph text-align-type-left pap-line-1.8 pap-line-rule-auto pap-spacing-before-2pt pap-spacing-after-2pt\" style=\"text-align: left; line-height: 180%; margin-top: 2.6666666666666665px; margin-bottom: 2.6666666666666665px;\"><span style=\"font-size: 11pt; font-family: SF Pro,PingFang SC,Microsoft YaHei,微软雅黑,Noto Sans CJK SC,sans-serif,Roboto,Droid Sans,Helvetica,Tahoma,Arial,Hiragino Sans GB,Heiti SC; font-weight: 400; font-style: normal; ;color: #111; background: transparent; letter-spacing: 0pt; vertical-align: baseline; white-space: pre;\">First called Cure, Starwave Records started as an Osaka-based project to release works by label-owner Kiwamu's own band BLOOD. The label changed names to Darkest Labyrinth and expanded to distribute music by international Gothic and Post-Industrial artists in Japan. In 2007 the label started to sign other artists, making its first deals with international groups such as Virgins O.R. Pigeons (Greece), Spectrum-X (Italy) and GPKism (Australia). That same year they released their first compilation record \"V.A. - Darkest Labyrinth\" featuring various tracks from Japan's dark underground music scene.</span></p>\n<p class=\"paragraph text-align-type-left pap-line-1.8 pap-line-rule-auto pap-spacing-before-2pt pap-spacing-after-2pt\" style=\"text-align: left; line-height: 180%; margin-top: 2.6666666666666665px; margin-bottom: 2.6666666666666665px;\">&nbsp;</p>\n<p class=\"paragraph text-align-type-left pap-line-1.8 pap-line-rule-auto pap-spacing-before-2pt pap-spacing-after-2pt\" style=\"text-align: left; line-height: 180%; margin-top: 2.6666666666666665px; margin-bottom: 2.6666666666666665px;\"><span style=\"font-size: 11pt; font-family: SF Pro,PingFang SC,Microsoft YaHei,微软雅黑,Noto Sans CJK SC,sans-serif,Roboto,Droid Sans,Helvetica,Tahoma,Arial,Hiragino Sans GB,Heiti SC; font-weight: 400; font-style: normal; ;color: #111; background: transparent; letter-spacing: 0pt; vertical-align: baseline; white-space: pre;\">Darkest Labyrinth reached its heyday in 2009, releasing works by a variety of international and Japanese artists. As of March 2009 Darkest Labyrinth had released 50 titles from the label and distributed 280 titles from other labels for Japanese major distribution.</span></p>\n<p class=\"paragraph text-align-type-left pap-line-1.8 pap-line-rule-auto pap-spacing-before-2pt pap-spacing-after-2pt\" style=\"text-align: left; line-height: 180%; margin-top: 2.6666666666666665px; margin-bottom: 2.6666666666666665px;\">&nbsp;</p>\n<p class=\"paragraph text-align-type-left pap-line-1.8 pap-line-rule-auto pap-spacing-before-2pt pap-spacing-after-2pt\" style=\"text-align: left; line-height: 180%; margin-top: 2.6666666666666665px; margin-bottom: 2.6666666666666665px;\"><span style=\"font-size: 11pt; font-family: SF Pro,PingFang SC,Microsoft YaHei,微软雅黑,Noto Sans CJK SC,sans-serif,Roboto,Droid Sans,Helvetica,Tahoma,Arial,Hiragino Sans GB,Heiti SC; font-weight: 400; font-style: normal; ;color: #111; background: transparent; letter-spacing: 0pt; vertical-align: baseline; white-space: pre;\">In 2010, the web store rebranded itself as Starwave Records and opened a new facebook account.</span></p>\n<p class=\"paragraph text-align-type-left pap-line-1.8 pap-line-rule-auto pap-spacing-before-2pt pap-spacing-after-2pt\" style=\"text-align: left; line-height: 180%; margin-top: 2.6666666666666665px; margin-bottom: 2.6666666666666665px;\">&nbsp;</p>\n<p class=\"paragraph text-align-type-left pap-line-1.8 pap-line-rule-auto pap-spacing-before-2pt pap-spacing-after-2pt\" style=\"text-align: left; line-height: 180%; margin-top: 2.6666666666666665px; margin-bottom: 2.6666666666666665px;\"><span style=\"font-size: 11pt; font-family: SF Pro,PingFang SC,Microsoft YaHei,微软雅黑,Noto Sans CJK SC,sans-serif,Roboto,Droid Sans,Helvetica,Tahoma,Arial,Hiragino Sans GB,Heiti SC; font-weight: 400; font-style: normal; ;color: #111; background: transparent; letter-spacing: 0pt; vertical-align: baseline; white-space: pre;\">The most successful artist on the label was BLOOD who had sold over 20 000 CDs.</span></p>\n<p class=\"paragraph text-align-type-left pap-line-1.8 pap-line-rule-auto pap-spacing-before-2pt pap-spacing-after-2pt\" style=\"text-align: left; line-height: 180%; margin-top: 2.6666666666666665px; margin-bottom: 2.6666666666666665px;\">&nbsp;</p>\n<p class=\"paragraph text-align-type-left pap-line-1.8 pap-line-rule-auto pap-spacing-before-2pt pap-spacing-after-2pt\" style=\"text-align: left; line-height: 180%; margin-top: 2.6666666666666665px; margin-bottom: 2.6666666666666665px;\"><strong><span style=\"font-size: 11pt; font-family: SF Pro, PingFang SC, Microsoft YaHei, 微软雅黑, Noto Sans CJK SC, sans-serif, Roboto, Droid Sans, Helvetica, Tahoma, Arial, Hiragino Sans GB, Heiti SC; font-style: normal; color: #111111; background: transparent none repeat scroll 0% 0%; letter-spacing: 0pt; vertical-align: baseline; white-space: pre;\">Artists&nbsp;signed&nbsp;&nbsp;</span></strong></p>\n<p class=\"paragraph text-align-type-left pap-line-1.8 pap-line-rule-auto pap-spacing-before-2pt pap-spacing-after-2pt\" style=\"text-align: left; line-height: 180%; margin-top: 2.6666666666666665px; margin-bottom: 2.6666666666666665px;\"><span style=\"font-size: 11pt; font-family: SF Pro,PingFang SC,Microsoft YaHei,微软雅黑,Noto Sans CJK SC,sans-serif,Roboto,Droid Sans,Helvetica,Tahoma,Arial,Hiragino Sans GB,Heiti SC; font-weight: 400; font-style: normal; ;color: #111; background: transparent; letter-spacing: 0pt; vertical-align: baseline; white-space: pre;\">BLOOD</span></p>\n<p class=\"paragraph text-align-type-left pap-line-1.8 pap-line-rule-auto pap-spacing-before-2pt pap-spacing-after-2pt\" style=\"text-align: left; line-height: 180%; margin-top: 2.6666666666666665px; margin-bottom: 2.6666666666666665px;\"><span style=\"font-size: 11pt; font-family: SF Pro,PingFang SC,Microsoft YaHei,微软雅黑,Noto Sans CJK SC,sans-serif,Roboto,Droid Sans,Helvetica,Tahoma,Arial,Hiragino Sans GB,Heiti SC; font-weight: 400; font-style: normal; ;color: #111; background: transparent; letter-spacing: 0pt; vertical-align: baseline; white-space: pre;\">GPKism</span></p>\n<p class=\"paragraph text-align-type-left pap-line-1.8 pap-line-rule-auto pap-spacing-before-2pt pap-spacing-after-2pt\" style=\"text-align: left; line-height: 180%; margin-top: 2.6666666666666665px; margin-bottom: 2.6666666666666665px;\"><span style=\"font-size: 11pt; font-family: SF Pro,PingFang SC,Microsoft YaHei,微软雅黑,Noto Sans CJK SC,sans-serif,Roboto,Droid Sans,Helvetica,Tahoma,Arial,Hiragino Sans GB,Heiti SC; font-weight: 400; font-style: normal; ;color: #111; background: transparent; letter-spacing: 0pt; vertical-align: baseline; white-space: pre;\">Spectrum-X</span></p>\n<p class=\"paragraph text-align-type-left pap-line-1.8 pap-line-rule-auto pap-spacing-before-2pt pap-spacing-after-2pt\" style=\"text-align: left; line-height: 180%; margin-top: 2.6666666666666665px; margin-bottom: 2.6666666666666665px;\"><span style=\"font-size: 11pt; font-family: SF Pro,PingFang SC,Microsoft YaHei,微软雅黑,Noto Sans CJK SC,sans-serif,Roboto,Droid Sans,Helvetica,Tahoma,Arial,Hiragino Sans GB,Heiti SC; font-weight: 400; font-style: normal; ;color: #111; background: transparent; letter-spacing: 0pt; vertical-align: baseline; white-space: pre;\">Noir&nbsp;du'Soleil</span></p>\n<p class=\"paragraph text-align-type-left pap-line-1.8 pap-line-rule-auto pap-spacing-before-2pt pap-spacing-after-2pt\" style=\"text-align: left; line-height: 180%; margin-top: 2.6666666666666665px; margin-bottom: 2.6666666666666665px;\"><span style=\"font-size: 11pt; font-family: SF Pro,PingFang SC,Microsoft YaHei,微软雅黑,Noto Sans CJK SC,sans-serif,Roboto,Droid Sans,Helvetica,Tahoma,Arial,Hiragino Sans GB,Heiti SC; font-weight: 400; font-style: normal; ;color: #111; background: transparent; letter-spacing: 0pt; vertical-align: baseline; white-space: pre;\">SUICIDE&nbsp;ALI</span></p>\n<p class=\"paragraph text-align-type-left pap-line-1.8 pap-line-rule-auto pap-spacing-before-2pt pap-spacing-after-2pt\" style=\"text-align: left; line-height: 180%; margin-top: 2.6666666666666665px; margin-bottom: 2.6666666666666665px;\"><span style=\"font-size: 11pt; font-family: SF Pro,PingFang SC,Microsoft YaHei,微软雅黑,Noto Sans CJK SC,sans-serif,Roboto,Droid Sans,Helvetica,Tahoma,Arial,Hiragino Sans GB,Heiti SC; font-weight: 400; font-style: normal; ;color: #111; background: transparent; letter-spacing: 0pt; vertical-align: baseline; white-space: pre;\">2&nbsp;Bullet</span></p>\n<p class=\"paragraph text-align-type-left pap-line-1.8 pap-line-rule-auto pap-spacing-before-2pt pap-spacing-after-2pt\" style=\"text-align: left; line-height: 180%; margin-top: 2.6666666666666665px; margin-bottom: 2.6666666666666665px;\"><span style=\"font-size: 11pt; font-family: SF Pro,PingFang SC,Microsoft YaHei,微软雅黑,Noto Sans CJK SC,sans-serif,Roboto,Droid Sans,Helvetica,Tahoma,Arial,Hiragino Sans GB,Heiti SC; font-weight: 400; font-style: normal; ;color: #111; background: transparent; letter-spacing: 0pt; vertical-align: baseline; white-space: pre;\">Rose&nbsp;Noire</span></p>\n<p class=\"paragraph text-align-type-left pap-line-1.8 pap-line-rule-auto pap-spacing-before-2pt pap-spacing-after-2pt\" style=\"text-align: left; line-height: 180%; margin-top: 2.6666666666666665px; margin-bottom: 2.6666666666666665px;\"><span style=\"font-size: 11pt; font-family: SF Pro,PingFang SC,Microsoft YaHei,微软雅黑,Noto Sans CJK SC,sans-serif,Roboto,Droid Sans,Helvetica,Tahoma,Arial,Hiragino Sans GB,Heiti SC; font-weight: 400; font-style: normal; ;color: #111; background: transparent; letter-spacing: 0pt; vertical-align: baseline; white-space: pre;\">Seileen</span></p>\n<p class=\"paragraph text-align-type-left pap-line-1.8 pap-line-rule-auto pap-spacing-before-2pt pap-spacing-after-2pt\" style=\"text-align: left; line-height: 180%; margin-top: 2.6666666666666665px; margin-bottom: 2.6666666666666665px;\"><span style=\"font-size: 11pt; font-family: SF Pro,PingFang SC,Microsoft YaHei,微软雅黑,Noto Sans CJK SC,sans-serif,Roboto,Droid Sans,Helvetica,Tahoma,Arial,Hiragino Sans GB,Heiti SC; font-weight: 400; font-style: normal; ;color: #111; background: transparent; letter-spacing: 0pt; vertical-align: baseline; white-space: pre;\">Marlee</span></p>\n<p class=\"paragraph text-align-type-left pap-line-1.8 pap-line-rule-auto pap-spacing-before-2pt pap-spacing-after-2pt\" style=\"text-align: left; line-height: 180%; margin-top: 2.6666666666666665px; margin-bottom: 2.6666666666666665px;\"><span style=\"font-size: 11pt; font-family: SF Pro,PingFang SC,Microsoft YaHei,微软雅黑,Noto Sans CJK SC,sans-serif,Roboto,Droid Sans,Helvetica,Tahoma,Arial,Hiragino Sans GB,Heiti SC; font-weight: 400; font-style: normal; ;color: #111; background: transparent; letter-spacing: 0pt; vertical-align: baseline; white-space: pre;\">Takuya&nbsp;Angel</span></p>\n<p class=\"paragraph text-align-type-left pap-line-1.8 pap-line-rule-auto pap-spacing-before-2pt pap-spacing-after-2pt\" style=\"text-align: left; line-height: 180%; margin-top: 2.6666666666666665px; margin-bottom: 2.6666666666666665px;\"><span style=\"font-size: 11pt; font-family: SF Pro,PingFang SC,Microsoft YaHei,微软雅黑,Noto Sans CJK SC,sans-serif,Roboto,Droid Sans,Helvetica,Tahoma,Arial,Hiragino Sans GB,Heiti SC; font-weight: 400; font-style: normal; ;color: #111; background: transparent; letter-spacing: 0pt; vertical-align: baseline; white-space: pre;\">Angelspit</span></p>\n<p class=\"paragraph text-align-type-left pap-line-1.8 pap-line-rule-auto pap-spacing-before-2pt pap-spacing-after-2pt\" style=\"text-align: left; line-height: 180%; margin-top: 2.6666666666666665px; margin-bottom: 2.6666666666666665px;\">&nbsp;</p>\n<p class=\"paragraph text-align-type-left pap-line-1.8 pap-line-rule-auto pap-spacing-before-2pt pap-spacing-after-2pt\" style=\"text-align: left; line-height: 180%; margin-top: 2.6666666666666665px; margin-bottom: 2.6666666666666665px;\"><span style=\"font-size: 11pt; font-family: SF Pro,PingFang SC,Microsoft YaHei,微软雅黑,Noto Sans CJK SC,sans-serif,Roboto,Droid Sans,Helvetica,Tahoma,Arial,Hiragino Sans GB,Heiti SC; font-weight: 400; font-style: normal; ;color: #111; background: transparent; letter-spacing: 0pt; vertical-align: baseline; white-space: pre;\">Note:&nbsp;some&nbsp;artists&nbsp;are&nbsp;only&nbsp;signed&nbsp;to&nbsp;Darkest&nbsp;Labyrinth&nbsp;for&nbsp;Japanese&nbsp;releases,&nbsp;while&nbsp;they&nbsp;are&nbsp;signed&nbsp;to&nbsp;other&nbsp;labels&nbsp;for&nbsp;Europe,&nbsp;North&nbsp;America,&nbsp;etc.</span></p>\n<p class=\"paragraph text-align-type-left pap-line-1.8 pap-line-rule-auto pap-spacing-before-2pt pap-spacing-after-2pt\" style=\"text-align: left; line-height: 180%; margin-top: 2.6666666666666665px; margin-bottom: 2.6666666666666665px;\">&nbsp;</p>\n<p class=\"paragraph text-align-type-left pap-line-1.8 pap-line-rule-auto pap-spacing-before-2pt pap-spacing-after-2pt\" style=\"text-align: left; line-height: 180%; margin-top: 2.6666666666666665px; margin-bottom: 2.6666666666666665px;\"><strong><span style=\"font-size: 11pt; font-family: SF Pro, PingFang SC, Microsoft YaHei, 微软雅黑, Noto Sans CJK SC, sans-serif, Roboto, Droid Sans, Helvetica, Tahoma, Arial, Hiragino Sans GB, Heiti SC; font-style: normal; color: #111111; background: transparent none repeat scroll 0% 0%; letter-spacing: 0pt; vertical-align: baseline; white-space: pre;\">Distrubutors</span></strong></p>\n<p class=\"paragraph text-align-type-left pap-line-1.8 pap-line-rule-auto pap-spacing-before-2pt pap-spacing-after-2pt\" style=\"text-align: left; line-height: 180%; margin-top: 2.6666666666666665px; margin-bottom: 2.6666666666666665px;\"><span style=\"font-size: 11pt; font-family: SF Pro,PingFang SC,Microsoft YaHei,微软雅黑,Noto Sans CJK SC,sans-serif,Roboto,Droid Sans,Helvetica,Tahoma,Arial,Hiragino Sans GB,Heiti SC; font-weight: 400; font-style: normal; ;color: #111; background: transparent; letter-spacing: 0pt; vertical-align: baseline; white-space: pre;\">Alfa&nbsp;Matrix</span></p>\n<p class=\"paragraph text-align-type-left pap-line-1.8 pap-line-rule-auto pap-spacing-before-2pt pap-spacing-after-2pt\" style=\"text-align: left; line-height: 180%; margin-top: 2.6666666666666665px; margin-bottom: 2.6666666666666665px;\"><span style=\"font-size: 11pt; font-family: SF Pro,PingFang SC,Microsoft YaHei,微软雅黑,Noto Sans CJK SC,sans-serif,Roboto,Droid Sans,Helvetica,Tahoma,Arial,Hiragino Sans GB,Heiti SC; font-weight: 400; font-style: normal; ;color: #111; background: transparent; letter-spacing: 0pt; vertical-align: baseline; white-space: pre;\">Aural&nbsp;Music</span></p>\n<p class=\"paragraph text-align-type-left pap-line-1.8 pap-line-rule-auto pap-spacing-before-2pt pap-spacing-after-2pt\" style=\"text-align: left; line-height: 180%; margin-top: 2.6666666666666665px; margin-bottom: 2.6666666666666665px;\"><span style=\"font-size: 11pt; font-family: SF Pro,PingFang SC,Microsoft YaHei,微软雅黑,Noto Sans CJK SC,sans-serif,Roboto,Droid Sans,Helvetica,Tahoma,Arial,Hiragino Sans GB,Heiti SC; font-weight: 400; font-style: normal; ;color: #111; background: transparent; letter-spacing: 0pt; vertical-align: baseline; white-space: pre;\">Deadscarlet&nbsp;Records</span></p>\n<p class=\"paragraph text-align-type-left pap-line-1.8 pap-line-rule-auto pap-spacing-before-2pt pap-spacing-after-2pt\" style=\"text-align: left; line-height: 180%; margin-top: 2.6666666666666665px; margin-bottom: 2.6666666666666665px;\"><span style=\"font-size: 11pt; font-family: SF Pro,PingFang SC,Microsoft YaHei,微软雅黑,Noto Sans CJK SC,sans-serif,Roboto,Droid Sans,Helvetica,Tahoma,Arial,Hiragino Sans GB,Heiti SC; font-weight: 400; font-style: normal; ;color: #111; background: transparent; letter-spacing: 0pt; vertical-align: baseline; white-space: pre;\">Decadance&nbsp;records</span></p>\n<p class=\"paragraph text-align-type-left pap-line-1.8 pap-line-rule-auto pap-spacing-before-2pt pap-spacing-after-2pt\" style=\"text-align: left; line-height: 180%; margin-top: 2.6666666666666665px; margin-bottom: 2.6666666666666665px;\"><span style=\"font-size: 11pt; font-family: SF Pro,PingFang SC,Microsoft YaHei,微软雅黑,Noto Sans CJK SC,sans-serif,Roboto,Droid Sans,Helvetica,Tahoma,Arial,Hiragino Sans GB,Heiti SC; font-weight: 400; font-style: normal; ;color: #111; background: transparent; letter-spacing: 0pt; vertical-align: baseline; white-space: pre;\">SOUND&nbsp;BASE&nbsp;MUSIC</span></p>\n<p class=\"paragraph text-align-type-left pap-line-1.8 pap-line-rule-auto pap-spacing-before-2pt pap-spacing-after-2pt\" style=\"text-align: left; line-height: 180%; margin-top: 2.6666666666666665px; margin-bottom: 2.6666666666666665px;\"><span style=\"font-size: 11pt; font-family: SF Pro,PingFang SC,Microsoft YaHei,微软雅黑,Noto Sans CJK SC,sans-serif,Roboto,Droid Sans,Helvetica,Tahoma,Arial,Hiragino Sans GB,Heiti SC; font-weight: 400; font-style: normal; ;color: #111; background: transparent; letter-spacing: 0pt; vertical-align: baseline; white-space: pre;\">THORNTREE&nbsp;RECORDS</span></p>\n<p class=\"paragraph text-align-type-left pap-line-1.8 pap-line-rule-auto pap-spacing-before-2pt pap-spacing-after-2pt\" style=\"text-align: left; line-height: 180%; margin-top: 2.6666666666666665px; margin-bottom: 2.6666666666666665px;\"><span style=\"font-size: 11pt; font-family: SF Pro,PingFang SC,Microsoft YaHei,微软雅黑,Noto Sans CJK SC,sans-serif,Roboto,Droid Sans,Helvetica,Tahoma,Arial,Hiragino Sans GB,Heiti SC; font-weight: 400; font-style: normal; ;color: #111; background: transparent; letter-spacing: 0pt; vertical-align: baseline; white-space: pre;\">Subsound&nbsp;Records</span></p>\n<p class=\"paragraph text-align-type-left pap-line-1.8 pap-line-rule-auto pap-spacing-before-2pt pap-spacing-after-2pt\" style=\"text-align: left; line-height: 180%; margin-top: 2.6666666666666665px; margin-bottom: 2.6666666666666665px;\"><span style=\"font-size: 11pt; font-family: SF Pro,PingFang SC,Microsoft YaHei,微软雅黑,Noto Sans CJK SC,sans-serif,Roboto,Droid Sans,Helvetica,Tahoma,Arial,Hiragino Sans GB,Heiti SC; font-weight: 400; font-style: normal; ;color: #111; background: transparent; letter-spacing: 0pt; vertical-align: baseline; white-space: pre;\">URGENCE&nbsp;DISK</span></p>\n<p class=\"paragraph text-align-type-left pap-line-1.8 pap-line-rule-auto pap-spacing-before-2pt pap-spacing-after-2pt\" style=\"text-align: left; line-height: 180%; margin-top: 2.6666666666666665px; margin-bottom: 2.6666666666666665px;\"><span style=\"font-size: 11pt; font-family: SF Pro,PingFang SC,Microsoft YaHei,微软雅黑,Noto Sans CJK SC,sans-serif,Roboto,Droid Sans,Helvetica,Tahoma,Arial,Hiragino Sans GB,Heiti SC; font-weight: 400; font-style: normal; ;color: #111; background: transparent; letter-spacing: 0pt; vertical-align: baseline; white-space: pre;\">HTD&nbsp;Records</span></p>\n<p class=\"paragraph text-align-type-left pap-line-1.8 pap-line-rule-auto pap-spacing-before-2pt pap-spacing-after-2pt\" style=\"text-align: left; line-height: 180%; margin-top: 2.6666666666666665px; margin-bottom: 2.6666666666666665px;\">&nbsp;</p>\n</div>\n</div>",
 "remarks": "本词条汉字内容由 @多频百科团队 翻译+编辑\n原文译自 https://en.wikipedia.org/wiki/Darkest_Labyrinth",
 "remarksEn": "本词条内容来自 https://en.wikipedia.org/wiki/Darkest_Labyrinth",
 "status": 1,
 "clickNum": 10,
 "deleted": 0,
 "lang": 0,
 "chooseLang": true,
 "id": 50,
 "name": "Darkest Labyrinth",
 "descriptions": "Starwave Records （前身是Darkest Labyrinth and Cure）是一家位于东京的厂牌、经销商和网店，专门从事包括Electro-industrial, darkwave, gothic rock, EBM, 和industrial metal等音乐风格的哥特式和视觉系艺术家的创作。\n\n",
 "picture": "https://duopin-community.oss-cn-shenzhen.aliyuncs.com/rvixyw6hnyrssj765xbi.jpg",
 "originalName": "Starwave Records；",
 "foundTimeText": "2000",
 "foundAddress": "Tokyo, Japan",
 "founder": "Kiwamu",
 "parentBrand": "",
 "childBrand": "",
 "majorStyle": "Gothic rock, EBM, electro-industrial",
 "delegateArtist": "",
 "officialUrl": "http://www.starwaverecords.jp/",
 "referenceUrl": "https://en.wikipedia.org/wiki/Darkest_Labyrinth",
 "manageStatusText": "运营中",
 "style": "Gothic rock, EBM, electro-industrial",
 "country": "日本",
 "typeId": 14,
 "typeName": "厂牌",
 "dataId": 50,
 "url": "http://dropinapp.hearinmusic.com/#/ency?typeId=14&dataId=50"
}