{
 "pageNum": 1,
 "pageSize": 10,
 "params": {},
 "content": "<p></p>\n\r<p></p>\n\r<p></p>\n\r<p></p>",
 "remarks": "本词条内容暂未完善仅供参考，多频百科小编正在火速赶来",
 "remarksEn": "本词条内容暂未完善仅供参考，多频百科小编正在火速赶来",
 "status": 0,
 "clickNum": 0,
 "deleted": 0,
 "lang": 0,
 "chooseLang": false,
 "id": 656,
 "name": "Dark Lab Records",
 "descriptions": "\n\r",
 "originalName": "",
 "foundTimeText": "2019-12-30",
 "foundAddress": " Cincinnati, Ohio, United States",
 "founder": "Zayex",
 "parentBrand": "",
 "childBrand": "",
 "majorStyle": "alternative pop, hip hop, pop, r&b, rock",
 "delegateArtist": "",
 "officialUrl": "https://darklabmusics.wix.com/home",
 "referenceUrl": "https://musicbrainz.org/label/686a3475-947e-44e5-8fb2-8b21b484464a/relationships",
 "manageStatusText": "",
 "style": "Hip Hop Music, Electronic Rock",
 "country": "美国",
 "typeId": 14,
 "typeName": "厂牌",
 "dataId": 656,
 "url": "http://dropinapp.hearinmusic.com/#/ency?typeId=14&dataId=656"
}