{
 "pageNum": 1,
 "pageSize": 10,
 "params": {},
 "content": "<p></p>\n\r<p></p>\n\r<p></p>\n\r<p></p>",
 "remarks": "本词条内容暂未完善仅供参考，多频百科小编正在火速赶来",
 "remarksEn": "本词条内容暂未完善仅供参考，多频百科小编正在火速赶来",
 "status": 0,
 "clickNum": 0,
 "deleted": 0,
 "lang": 0,
 "chooseLang": false,
 "id": 658,
 "name": "Dark Vinyl Records",
 "descriptions": "\n\n\nVeteran German Label & Distro specialized in industrial, dark ambient and experimental music. ",
 "picture": "https://duopin-community.oss-cn-shenzhen.aliyuncs.com/eeawqif1lh10cebw8b1h.jpg",
 "originalName": "Dark Vinyl",
 "foundTimeText": "1990",
 "foundAddress": "Germany",
 "founder": "",
 "parentBrand": "",
 "childBrand": "Paragoric\nStille Andacht\nMemento Mori (German label) (from 1993 to present)\n Must Be Musique\nAtmosphere",
 "majorStyle": "dark ambient, industrial",
 "delegateArtist": "",
 "officialUrl": "http://www.darkvinyl.de/",
 "referenceUrl": "https://musicbrainz.org/label/3baad725-62ef-4aaf-b6a3-6be883627f52",
 "manageStatusText": "",
 "style": "Ambient, industrial",
 "country": "德国",
 "typeId": 14,
 "typeName": "厂牌",
 "dataId": 658,
 "url": "http://dropinapp.hearinmusic.com/#/ency?typeId=14&dataId=658"
}