{
 "pageNum": 1,
 "pageSize": 10,
 "params": {},
 "content": "<p></p>\n\r<p></p>\n\r<p></p>\n\r<p></p>",
 "remarks": "本词条内容暂未完善仅供参考，多频百科小编正在火速赶来",
 "remarksEn": "本词条内容暂未完善仅供参考，多频百科小编正在火速赶来",
 "status": 0,
 "clickNum": 0,
 "deleted": 0,
 "lang": 0,
 "chooseLang": false,
 "id": 659,
 "name": "Darkland Recordings",
 "descriptions": "\n\n\nAustralian Drum n Bass net label ",
 "picture": "https://duopin-community.oss-cn-shenzhen.aliyuncs.com/svde1c1qcklq93tlbtpl.jpg",
 "originalName": "",
 "foundTimeText": "",
 "foundAddress": "Australia",
 "founder": "",
 "parentBrand": "",
 "childBrand": "",
 "majorStyle": "drum and bass",
 "delegateArtist": "",
 "officialUrl": "http://www.darklandrecordings.com/",
 "referenceUrl": "https://musicbrainz.org/label/47aed3a8-b85e-4304-9dba-573d17cc9eb1",
 "manageStatusText": "",
 "style": "Drum and Bass",
 "country": "澳大利亚",
 "typeId": 14,
 "typeName": "厂牌",
 "dataId": 659,
 "url": "http://dropinapp.hearinmusic.com/#/ency?typeId=14&dataId=659"
}