{
 "pageNum": 1,
 "pageSize": 10,
 "params": {},
 "content": "<p></p>\n\r<p></p>\n\r<p></p>\n\r<p></p>",
 "remarks": "本词条内容暂未完善仅供参考，多频百科小编正在火速赶来",
 "remarksEn": "本词条内容暂未完善仅供参考，多频百科小编正在火速赶来",
 "status": 0,
 "clickNum": 0,
 "deleted": 0,
 "lang": 0,
 "chooseLang": false,
 "id": 657,
 "name": "Dark Moon Records",
 "descriptions": "\n\nProgressive psychedelic trance label from Mexico \n(Written Dark Moon or DarkMoon) ",
 "picture": "https://duopin-community.oss-cn-shenzhen.aliyuncs.com/o676ppurmj3bnpvd5k3g.jpg",
 "originalName": "",
 "foundTimeText": "",
 "foundAddress": "Mexico",
 "founder": "",
 "parentBrand": "",
 "childBrand": "",
 "majorStyle": "electronic, psy-trance",
 "delegateArtist": "",
 "officialUrl": "",
 "referenceUrl": "https://musicbrainz.org/label/c3184a5f-ce32-4d1c-ba39-9e0e3f4278e0",
 "manageStatusText": "",
 "style": "Trance, Electronic",
 "country": "墨西哥",
 "typeId": 14,
 "typeName": "厂牌",
 "dataId": 657,
 "url": "http://dropinapp.hearinmusic.com/#/ency?typeId=14&dataId=657"
}