{
 "pageNum": 1,
 "pageSize": 10,
 "params": {},
 "content": "<p></p>\n\r<p></p>\n\r<p></p>\n\r<p></p>",
 "remarks": "本词条内容暂未完善仅供参考，多频百科小编正在火速赶来",
 "remarksEn": "本词条内容暂未完善仅供参考，多频百科小编正在火速赶来",
 "status": 0,
 "clickNum": 0,
 "deleted": 0,
 "lang": 0,
 "chooseLang": false,
 "id": 654,
 "name": "Dark Forest",
 "descriptions": "\n\r",
 "originalName": "",
 "foundTimeText": "1996",
 "foundAddress": " Leverkusen, Nordrhein-Westfalen, Germany",
 "founder": "",
 "parentBrand": "",
 "childBrand": "",
 "majorStyle": "dungeon synth",
 "delegateArtist": "",
 "officialUrl": "",
 "referenceUrl": "https://musicbrainz.org/label/84da66af-8922-49df-81ee-28545acb2b62",
 "manageStatusText": "",
 "style": "dungeon synth",
 "country": "德国",
 "typeId": 14,
 "typeName": "厂牌",
 "dataId": 654,
 "url": "http://dropinapp.hearinmusic.com/#/ency?typeId=14&dataId=654"
}