{
 "pageNum": 1,
 "pageSize": 10,
 "params": {},
 "content": "<p></p>\n\r<p></p>\n\r<p></p>\n\r<p></p>",
 "remarks": "本词条内容暂未完善仅供参考，多频百科小编正在火速赶来",
 "remarksEn": "本词条内容暂未完善仅供参考，多频百科小编正在火速赶来",
 "status": 0,
 "clickNum": 0,
 "deleted": 0,
 "lang": 0,
 "chooseLang": false,
 "id": 660,
 "name": "Darkmello Recordings",
 "descriptions": "\n\r",
 "picture": "https://duopin-community.oss-cn-shenzhen.aliyuncs.com/lxnov0nctt5in6udrpb5.jpg",
 "originalName": "Darkmello",
 "foundTimeText": " 2014-11-25",
 "foundAddress": " 2014-11-25",
 "founder": "Vaughn Wesley Cunningham",
 "parentBrand": "",
 "childBrand": "",
 "majorStyle": "conscious hip hop, dance, dance-pop, deep house, electro house",
 "delegateArtist": "",
 "officialUrl": "https://www.darkmello.com/",
 "referenceUrl": "https://musicbrainz.org/label/e16ccca8-0ac6-485a-a006-22b039ad60d1",
 "manageStatusText": "",
 "style": "Hip Hop Music, House",
 "country": "",
 "typeId": 14,
 "typeName": "厂牌",
 "dataId": 660,
 "url": "http://dropinapp.hearinmusic.com/#/ency?typeId=14&dataId=660"
}