{
 "pageNum": 1,
 "pageSize": 10,
 "params": {},
 "content": "<p></p>\n\r<p></p>\n\r<p></p>\n\r<p></p>",
 "remarks": "本词条内容暂未完善仅供参考，多频百科小编正在火速赶来",
 "remarksEn": "本词条内容暂未完善仅供参考，多频百科小编正在火速赶来",
 "status": 0,
 "clickNum": 1,
 "deleted": 0,
 "lang": 0,
 "chooseLang": false,
 "id": 653,
 "name": "Dark Ambient Radio",
 "descriptions": "\n\n\nThe web radio found itself to be a point of interest not only for listeners of dark ambient music, but also for producers of this kind of music. Since 2007, compilations started to emerge every few years around the small community of dark ambient enthusiasts. ",
 "picture": "https://duopin-community.oss-cn-shenzhen.aliyuncs.com/3czzhzdppxm1zbwqr3r1.jpg",
 "originalName": "",
 "foundTimeText": "2006-01-27",
 "foundAddress": "Germany",
 "founder": "",
 "parentBrand": "",
 "childBrand": "",
 "majorStyle": "dark ambient",
 "delegateArtist": "",
 "officialUrl": "http://www.darkambientradio.de/",
 "referenceUrl": "https://musicbrainz.org/label/1a7f6608-48b4-42e1-b65a-782d2fd12fe2",
 "manageStatusText": "",
 "style": "Ambient",
 "country": "德国",
 "typeId": 14,
 "typeName": "厂牌",
 "dataId": 653,
 "url": "http://dropinapp.hearinmusic.com/#/ency?typeId=14&dataId=653"
}