{
 "pageNum": 1,
 "pageSize": 10,
 "params": {},
 "content": "<p></p>\n\r<p></p>\n\r<p></p>\n\r<p></p>",
 "remarks": "本词条内容暂未完善仅供参考，多频百科小编正在火速赶来",
 "remarksEn": "本词条内容暂未完善仅供参考，多频百科小编正在火速赶来",
 "status": 0,
 "clickNum": 0,
 "deleted": 0,
 "lang": 0,
 "chooseLang": false,
 "id": 655,
 "name": "Dark Heart Recordings",
 "descriptions": "\n\r",
 "picture": "https://duopin-community.oss-cn-shenzhen.aliyuncs.com/ykbvtqe51w2nb268iks2.png",
 "originalName": "",
 "foundTimeText": "",
 "foundAddress": " Brighton, Brighton and Hove, England, United Kingdom",
 "founder": "",
 "parentBrand": "",
 "childBrand": "",
 "majorStyle": "future garage",
 "delegateArtist": "",
 "officialUrl": "http://thesound.audio/",
 "referenceUrl": "https://musicbrainz.org/label/640d2a83-fa4d-4f5e-9d6a-8ae8330b3e10",
 "manageStatusText": "",
 "style": "future garage",
 "country": "英国",
 "typeId": 14,
 "typeName": "厂牌",
 "dataId": 655,
 "url": "http://dropinapp.hearinmusic.com/#/ency?typeId=14&dataId=655"
}