{
 "pageNum": 1,
 "pageSize": 10,
 "params": {},
 "content": "<p>&nbsp;</p>\n<p>&nbsp;</p>\n<p>&nbsp;</p>\n<p>Das (German for &ldquo;The\") Vibes ( Jamaican word meaning something with interest and fun); Dasvibes is an independent record label and music group. <br /> <br />Founded in 2001 in Kingston, Jamaica with vinyl distribution in Jamaica with One Love HP and digital distribution to the world through Ingrooves with a base also in Australia and Germany. <br /> <br />Dasvibeshas been heavily involved in some of the top rated reggae releases over the past few years, their first major riddim compilation of Gloria riddim, Cali P&rsquo;s debut album, Lyrical Faya, The Most High album from Jamaican veteran chanter Daddy Rings and King Of Kings, the debut album from singer Elijah Prophet. <br />German reggae musician Gentleman - Different Places Maxi CD, Australian Raz Bin Sam's Own This Life, Teacha Dee debut album Reggae Souljahs: Beating Babylon With Music to name a few and now continuing that trend with a mega release list.</p>",
 "remarks": "本词条内容暂未完善仅供参考，多频百科小编正在火速赶来",
 "remarksEn": "本词条内容暂未完善仅供参考，多频百科小编正在火速赶来",
 "status": 0,
 "clickNum": 0,
 "deleted": 0,
 "lang": 0,
 "chooseLang": false,
 "id": 661,
 "name": "Dasvibes",
 "descriptions": "\n\nDas (German for “The\") Vibes ( Jamaican word meaning something with interest and fun); Dasvibes is an independent record label and music group. \n",
 "picture": "https://duopin-community.oss-cn-shenzhen.aliyuncs.com/dwuhsniku735n0y0j5ez.jpg",
 "originalName": "",
 "foundTimeText": "2001-06-30",
 "foundAddress": "Jamaica",
 "founder": "",
 "parentBrand": "",
 "childBrand": "",
 "majorStyle": "hip hop, reggae",
 "delegateArtist": "",
 "officialUrl": "https://dasvibes.com/",
 "referenceUrl": "https://musicbrainz.org/label/e5c6b371-f11d-45db-b638-777aee9cda78/relationships",
 "manageStatusText": "",
 "style": "Hip Hop Music, Electronic Reggae",
 "country": "牙买加",
 "typeId": 14,
 "typeName": "厂牌",
 "dataId": 661,
 "url": "http://dropinapp.hearinmusic.com/#/ency?typeId=14&dataId=661"
}