{
 "pageNum": 1,
 "pageSize": 10,
 "params": {},
 "content": "<p></p>\n\r<p></p>\n\r<p></p>\n\r<p></p>",
 "remarks": "本词条内容暂未完善仅供参考，多频百科小编正在火速赶来",
 "remarksEn": "本词条内容暂未完善仅供参考，多频百科小编正在火速赶来",
 "status": 0,
 "clickNum": 0,
 "deleted": 0,
 "lang": 0,
 "chooseLang": false,
 "id": 662,
 "name": "Data Airlines",
 "descriptions": "\n\n\nData Airlines is a label focused around retro-gaming, indie electronics, chiptune and retro-future design founded in 2006. Data Airlines is run by pilots from Marseille, France and Malmö, Sweden with roots in the demo & crackscene computer subcultures of the 80s and 90s. From SID to MP3, ",
 "picture": "https://duopin-community.oss-cn-shenzhen.aliyuncs.com/lhtf3fo3iv86hp5n2sgp.jpg",
 "originalName": "",
 "foundTimeText": " 2006",
 "foundAddress": " Marseille, Bouches-du-Rhône, Provence-Alpes-Côte-d'Azur, France",
 "founder": "Dubmood",
 "parentBrand": "",
 "childBrand": "\nData-Kino, protoDATA",
 "majorStyle": "chiptune",
 "delegateArtist": "",
 "officialUrl": "http://www.dataairlines.net/",
 "referenceUrl": "https://musicbrainz.org/label/8afd6526-d5f9-4f8f-8375-b7cc2f694067",
 "manageStatusText": "",
 "style": "chiptune",
 "country": "法国",
 "typeId": 14,
 "typeName": "厂牌",
 "dataId": 662,
 "url": "http://dropinapp.hearinmusic.com/#/ency?typeId=14&dataId=662"
}