{
 "pageNum": 1,
 "pageSize": 10,
 "params": {},
 "content": "<p>&nbsp;</p>\n<p>&nbsp;</p>\n<p>&nbsp;</p>\n<p><strong>Day by Day Entertainment</strong> is an independent hip hop record label and record distribution company based in New York City. It was started in 1999 by MF Grimm before his three-year incarceration starting in 2000.</p>\n<p>After a brief hiatus, Day by Day Entertainment was relaunched on August 24, 2009. After several years of relative inactivity the label released new material by MF Grimm and Ayatollah.</p>",
 "remarks": "本词条内容暂未完善仅供参考，多频百科小编正在火速赶来",
 "remarksEn": "本词条内容暂未完善仅供参考，多频百科小编正在火速赶来",
 "status": 0,
 "clickNum": 0,
 "deleted": 0,
 "lang": 0,
 "chooseLang": false,
 "id": 663,
 "name": "Day by Day Entertainment",
 "descriptions": "\n\n\nLabel & distribution company founded by NYC hip-hop MC, MF Grimm in 1999. ",
 "picture": "https://duopin-community.oss-cn-shenzhen.aliyuncs.com/3xaxpvuhqpel2wdc27ql.jpg",
 "originalName": "",
 "foundTimeText": "1999 ",
 "foundAddress": "United States",
 "founder": "Percy Carey",
 "parentBrand": "",
 "childBrand": "",
 "majorStyle": "hip hop",
 "delegateArtist": "",
 "officialUrl": "http://daybydayent.biz/",
 "referenceUrl": "https://musicbrainz.org/label/252a3e92-afd2-4580-bef3-7237dcf9c27b",
 "manageStatusText": "",
 "style": "Hip Hop Music",
 "country": "美国",
 "typeId": 14,
 "typeName": "厂牌",
 "dataId": 663,
 "url": "http://dropinapp.hearinmusic.com/#/ency?typeId=14&dataId=663"
}