{
 "pageNum": 1,
 "pageSize": 10,
 "params": {},
 "content": "",
 "contentEn": "",
 "remarks": "本词条内容暂未完善仅供参考，多频百科小编正在火速赶来",
 "remarksEn": "本词条内容暂未完善仅供参考，多频百科小编正在火速赶来",
 "status": 0,
 "clickNum": 0,
 "deleted": 0,
 "lang": 0,
 "chooseLang": false,
 "id": 1917,
 "name": "DAYS like NIGHTS",
 "picture": "https://duopin-community.oss-cn-shenzhen.aliyuncs.com/vhvxtag780it1wvid8fa.jpg",
 "foundTimeText": "2017",
 "foundAddress": "荷兰",
 "founder": "Eelke Kleijn",
 "parentBrand": "Armada Music",
 "majorStyle": "Progressive House",
 "delegateArtist": "",
 "manageStatusText": "运营中",
 "style": "Progressive House",
 "country": "荷兰",
 "typeId": 14,
 "typeName": "厂牌",
 "dataId": 1917,
 "url": "http://dropinapp.hearinmusic.com/#/ency?typeId=14&dataId=1917"
}