{
 "pageNum": 1,
 "pageSize": 10,
 "params": {},
 "content": "<p></p>\n\r<p></p>\n\r<p></p>\n\r<p></p>",
 "remarks": "本词条内容暂未完善仅供参考，多频百科小编正在火速赶来",
 "remarksEn": "本词条内容暂未完善仅供参考，多频百科小编正在火速赶来",
 "status": 0,
 "clickNum": 0,
 "deleted": 0,
 "lang": 0,
 "chooseLang": false,
 "id": 665,
 "name": "DDM Recordings",
 "descriptions": "\n\r",
 "originalName": "",
 "foundTimeText": "2014",
 "foundAddress": " Paris, Île-de-France, France",
 "founder": "",
 "parentBrand": "",
 "childBrand": "",
 "majorStyle": "electronica",
 "delegateArtist": "",
 "officialUrl": "http://www.ddm-recordings.com/",
 "referenceUrl": "https://musicbrainz.org/label/d3ed87f6-597a-4882-9f72-ee8457f87822",
 "manageStatusText": "",
 "style": "Electronica",
 "country": "法国",
 "typeId": 14,
 "typeName": "厂牌",
 "dataId": 665,
 "url": "http://dropinapp.hearinmusic.com/#/ency?typeId=14&dataId=665"
}