{
 "pageNum": 1,
 "pageSize": 10,
 "params": {},
 "content": "<p></p>\n\r<p></p>\n\r<p></p>\n\r<p></p>",
 "remarks": "本词条内容暂未完善仅供参考，多频百科小编正在火速赶来",
 "remarksEn": "本词条内容暂未完善仅供参考，多频百科小编正在火速赶来",
 "status": 0,
 "clickNum": 0,
 "deleted": 0,
 "lang": 0,
 "chooseLang": false,
 "id": 668,
 "name": "Deadknife Records",
 "descriptions": "\n\n\nDeadknife Records is a dark music netlabel, founded by Justin Lefebvre, that has released over 500 albums and musicians. ",
 "picture": "https://duopin-community.oss-cn-shenzhen.aliyuncs.com/wjmm0q9l082azonc1xhv.jpg",
 "originalName": "",
 "foundTimeText": "",
 "foundAddress": "Canada",
 "founder": "Justin Lefebvre，Deadskin",
 "parentBrand": "",
 "childBrand": "",
 "majorStyle": "dark ambient, industrial, metal",
 "delegateArtist": "",
 "officialUrl": "http://www.deadkniferecords.com/",
 "referenceUrl": "https://musicbrainz.org/label/8f2f2ea2-7410-4ed1-8623-605cb13d2e88",
 "manageStatusText": "",
 "style": "Ambient, Industrial, metal",
 "country": "加拿大",
 "typeId": 14,
 "typeName": "厂牌",
 "dataId": 668,
 "url": "http://dropinapp.hearinmusic.com/#/ency?typeId=14&dataId=668"
}