{
 "pageNum": 1,
 "pageSize": 10,
 "params": {},
 "content": "<p></p>\n\r<p></p>\n\r<p></p>\n\r<p></p>",
 "remarks": "本词条内容暂未完善仅供参考，多频百科小编正在火速赶来",
 "remarksEn": "本词条内容暂未完善仅供参考，多频百科小编正在火速赶来",
 "status": 0,
 "clickNum": 0,
 "deleted": 0,
 "lang": 0,
 "chooseLang": false,
 "id": 666,
 "name": "Dead Matter",
 "descriptions": "\n\r",
 "picture": "https://duopin-community.oss-cn-shenzhen.aliyuncs.com/cjofcnoqtqbx6t01iyao.jpg",
 "originalName": "",
 "foundTimeText": " 2016",
 "foundAddress": " Hungary",
 "founder": "",
 "parentBrand": "",
 "childBrand": "",
 "majorStyle": "industrial",
 "delegateArtist": "",
 "officialUrl": "http://deadmatternetlabel.webs.com/",
 "referenceUrl": "https://musicbrainz.org/label/93bdd8f6-94a5-4850-80d8-d8619d6c85fc",
 "manageStatusText": "",
 "style": "Industrial",
 "country": "匈牙利",
 "typeId": 14,
 "typeName": "厂牌",
 "dataId": 666,
 "url": "http://dropinapp.hearinmusic.com/#/ency?typeId=14&dataId=666"
}