{
 "pageNum": 1,
 "pageSize": 10,
 "params": {},
 "content": "<p>&nbsp;</p>\n<p>&nbsp;</p>\n<p>&nbsp;</p>\n<p>Deadred Records focuses mainly on releasing quality contemporary slovak electronic music. Apart from releases by its core artists such as <a href=\"https://www.discogs.com/artist/104761-Nylon-Union\" target=\"_blank\" rel=\"noopener\">Nylon Union</a>, <a href=\"https://www.discogs.com/artist/92747-Abuse-2\" target=\"_blank\" rel=\"noopener\">Abuse (2)</a> aka <a href=\"https://www.discogs.com/artist/1248144-The-Autumnist\" target=\"_blank\" rel=\"noopener\">The Autumnist</a> and <a href=\"https://www.discogs.com/artist/849877-Foolk\" target=\"_blank\" rel=\"noopener\">Foolk</a>, the label's catalogue include two compilations and an album by songwriter <a href=\"https://www.discogs.com/artist/1402504-Karol-Miklo&scaron;\" target=\"_blank\" rel=\"noopener\">Karol Miklo&scaron;</a> (often dubbed 'Morrissey from Slovakia' for apparent similarities between those two). Recently Deadred Records teamed with Czech distribution company-cum-record company <a href=\"https://www.discogs.com/label/98589-Starcastic\" target=\"_blank\" rel=\"noopener\">Starcastic</a>. The two-headed label's roster now includes names such as Prague-based leftfield pop outfit <a href=\"https://www.discogs.com/artist/952736-Sporto\" target=\"_blank\" rel=\"noopener\">Sporto</a> and Slovak alternative hip-hoppers <a href=\"https://www.discogs.com/artist/633504-Peťo-T&aacute;zok\" target=\"_blank\" rel=\"noopener\">Peťo T&aacute;zok</a> &amp; <a href=\"https://www.discogs.com/artist/205895-Karaoke-Tundra\" target=\"_blank\" rel=\"noopener\">Karaoke Tundra</a>. More releases by acts from both sides of former Czechoslovak border are sure to follow.</p>",
 "remarks": "本词条内容暂未完善仅供参考，多频百科小编正在火速赶来",
 "remarksEn": "本词条内容暂未完善仅供参考，多频百科小编正在火速赶来",
 "status": 0,
 "clickNum": 0,
 "deleted": 0,
 "lang": 0,
 "chooseLang": false,
 "id": 669,
 "name": "Deadred Records",
 "descriptions": "\n\nSlovak small independent label from Trenčín. Established in early 2000's. \n",
 "picture": "https://duopin-community.oss-cn-shenzhen.aliyuncs.com/n5xg7smc7dohuylhgnf9.jpg",
 "originalName": "Dead Red Records",
 "foundTimeText": " 2000",
 "foundAddress": "Slovakia",
 "founder": "",
 "parentBrand": "",
 "childBrand": "",
 "majorStyle": "electronic",
 "delegateArtist": "",
 "officialUrl": "http://www.deadred.sk/",
 "referenceUrl": "https://musicbrainz.org/label/01635848-98af-4a1e-989a-14ca8a9f5946/relationships",
 "manageStatusText": "",
 "style": "Electronic",
 "country": "斯洛伐克",
 "typeId": 14,
 "typeName": "厂牌",
 "dataId": 669,
 "url": "http://dropinapp.hearinmusic.com/#/ency?typeId=14&dataId=669"
}