{
 "pageNum": 1,
 "pageSize": 10,
 "params": {},
 "remarks": "本词条内容暂未完善仅供参考，多频百科小编正在火速赶来",
 "remarksEn": "本词条内容暂未完善仅供参考，多频百科小编正在火速赶来",
 "status": 0,
 "clickNum": 2,
 "deleted": 0,
 "lang": 0,
 "chooseLang": false,
 "id": 1831,
 "name": "Deadbeats",
 "picture": "https://duopin-community.oss-cn-shenzhen.aliyuncs.com/4lpmnky2108f7aa22d0b.jpg",
 "foundTimeText": "2013",
 "foundAddress": "加拿大",
 "founder": "Zeds Dead",
 "delegateArtist": "Zeds Dead",
 "officialUrl": "https://www.deadbeatsofficial.com/",
 "style": "",
 "country": "加拿大",
 "typeId": 14,
 "typeName": "厂牌",
 "dataId": 1831,
 "url": "http://dropinapp.hearinmusic.com/#/ency?typeId=14&dataId=1831"
}