{
 "pageNum": 1,
 "pageSize": 10,
 "params": {},
 "content": "<p></p>\n\r<p></p>\n\r<p></p>\n\r<p></p>",
 "remarks": "本词条内容暂未完善仅供参考，多频百科小编正在火速赶来",
 "remarksEn": "本词条内容暂未完善仅供参考，多频百科小编正在火速赶来",
 "status": 0,
 "clickNum": 0,
 "deleted": 0,
 "lang": 0,
 "chooseLang": false,
 "id": 670,
 "name": "Death Row Entertainment LLC ",
 "descriptions": "\n\r",
 "originalName": "",
 "foundTimeText": "",
 "foundAddress": "",
 "founder": "",
 "parentBrand": "",
 "childBrand": "",
 "majorStyle": "hip hop",
 "delegateArtist": "",
 "officialUrl": "",
 "referenceUrl": "https://musicbrainz.org/label/8e106f13-dd67-42ee-9a3d-c0675a3cf17d",
 "manageStatusText": "",
 "style": "Hip Hop Music",
 "country": "",
 "typeId": 14,
 "typeName": "厂牌",
 "dataId": 670,
 "url": "http://dropinapp.hearinmusic.com/#/ency?typeId=14&dataId=670"
}