{
 "pageNum": 1,
 "pageSize": 10,
 "params": {},
 "content": "<p></p>\n\r<p></p>\n\r<p></p>\n\r<p></p>",
 "remarks": "本词条内容暂未完善仅供参考，多频百科小编正在火速赶来",
 "remarksEn": "本词条内容暂未完善仅供参考，多频百科小编正在火速赶来",
 "status": 0,
 "clickNum": 0,
 "deleted": 0,
 "lang": 0,
 "chooseLang": false,
 "id": 671,
 "name": "Death Row Records",
 "descriptions": "\nDeath Row Records (formerly Future Shock and Tha Row) was an American record label founded in 1992 by Dr. Dre, Suge Knight, The D.O.C. and Dick Griffey. The label became a sensation by releasing multi-platinum hip-hop albums by West Coast-based artists such as Dr. Dre (The Chronic), Snoop Dogg (Doggystyle), Tha Dogg Pound (Dogg Food), and Tupac Shakur (All Eyez on Me) during the 1990s. At its peak, Death Row was making over US$100 million a year.\nBy the late 1990s, the label began to decline after the death of its star artist, Tupac Shakur, imprisonment of co-founder Suge Knight, and the departures of Dr. Dre and Snoop Dogg. Although Death Row was enjoying financial success, it was embroiled in controversies, lawsuits, and violence by its artists and associates. Death Row Records filed for bankruptcy in 2006 and was auctioned to WIDEawake Entertainment for $18 million on January 15, 2009. The owner of WIDEawake bankrupted in 2012 and the label was then sold to Entertainment One, since 2019 a division of Hasbro, which now manages its catalog. \n",
 "picture": "https://duopin-community.oss-cn-shenzhen.aliyuncs.com/db7mguvwigj4e9sqas66.jpg",
 "originalName": "",
 "foundTimeText": "1992",
 "foundAddress": "United States",
 "founder": "Dr. Dre，Suge Knight",
 "parentBrand": "Suge Knight Films LLC，Tha Row Records ，eOne Music",
 "childBrand": "\nDeath Row Europe, Tha Row Records, The \"Untouchable\" Death Row Records, The New And \"Untouchable\" Death Row Records",
 "majorStyle": "hip hop, west coast hip hop",
 "delegateArtist": "",
 "officialUrl": "http://www.deathrowrecordings.com/",
 "referenceUrl": "https://musicbrainz.org/label/2285cdbd-a7b6-464a-9bc0-c549051454d9",
 "manageStatusText": "",
 "style": "Hip Hop Music",
 "country": "美国",
 "typeId": 14,
 "typeName": "厂牌",
 "dataId": 671,
 "url": "http://dropinapp.hearinmusic.com/#/ency?typeId=14&dataId=671"
}