{
 "pageNum": 1,
 "pageSize": 10,
 "params": {},
 "remarks": "本词条内容暂未完善仅供参考，多频百科小编正在火速赶来",
 "remarksEn": "本词条内容暂未完善仅供参考，多频百科小编正在火速赶来",
 "status": 0,
 "clickNum": 0,
 "deleted": 0,
 "lang": 0,
 "chooseLang": false,
 "id": 1833,
 "name": "Deathstar Cult",
 "descriptions": "US Dubstep label that showcases the underground.",
 "picture": "https://duopin-community.oss-cn-shenzhen.aliyuncs.com/7mk4cxzkfqqpd581jyh9.jpg",
 "foundTimeText": "2020",
 "foundAddress": "美国科罗拉多州蒙特罗斯",
 "founder": "Dub Vader",
 "majorStyle": "Dubstep - Riddim - Brostep - Trap - Deathstep - DNB - Deathbass Tearout - Grime - DNB - Basshouse - Experimental - Deep Dub",
 "officialUrl": "https://deathstarcult.com/",
 "referenceUrl": "https://deathstarcult.com/",
 "manageStatusText": "运营中",
 "style": "Dubstep, Electronic Reggae, Bass Music",
 "country": "美国",
 "typeId": 14,
 "typeName": "厂牌",
 "dataId": 1833,
 "url": "http://dropinapp.hearinmusic.com/#/ency?typeId=14&dataId=1833"
}