{
 "pageNum": 1,
 "pageSize": 10,
 "params": {},
 "content": "<div>\n<div class=\"document\">\n<p class=\"paragraph text-align-type-left pap-line-1.8 pap-line-rule-auto pap-spacing-before-2pt pap-spacing-after-2pt\">Deconstruction Records是一个英国厂牌，由Pete Hadfield和Keith Blackhurst以及M People的Mike Pickering于1987年创立。根据DJ Magazine的报道，它 \"因将地下音乐的可信度和多样性与对流行音乐的开放态度相结合而被人们记住\"。</p>\n<p class=\"paragraph text-align-type-left pap-line-1.8 pap-line-rule-auto pap-spacing-before-2pt pap-spacing-after-2pt\">&nbsp;</p>\n<p class=\"paragraph text-align-type-left pap-line-1.8 pap-line-rule-auto pap-spacing-before-2pt pap-spacing-after-2pt\">该厂牌最初专攻House，如K Klass的 \"Rhythm Is a Mystery \"和Bassheads的 \"Is There Anybody Out There?\"，以及M People的作品，但也有推广地下舞曲，如Dave Clarke。 热门歌曲包括Robert&nbsp;Miles的英国第二大热门歌曲 \"Children\"，Felix的两次英国十大热门歌曲 \"Don't You Want Me\"以及意大利电子乐表演者U. S. U. R. A. 的英国第七大热门歌曲 \"Open Your Mind\"。</p>\n<p class=\"paragraph text-align-type-left pap-line-1.8 pap-line-rule-auto pap-spacing-before-2pt pap-spacing-after-2pt\">&nbsp;</p>\n<p class=\"paragraph text-align-type-left pap-line-1.8 pap-line-rule-auto pap-spacing-before-2pt pap-spacing-after-2pt\">在20世纪90年代中后期，它是Kylie&nbsp;Minogue的家，当时她与Saint&nbsp;Etienne、Brothers in Rhythm（制作了她的单曲 \"Confide in Me\"）等人合作。</p>\n<p class=\"paragraph text-align-type-left pap-line-1.8 pap-line-rule-auto pap-spacing-before-2pt pap-spacing-after-2pt\">&nbsp;</p>\n<p class=\"paragraph text-align-type-left pap-line-1.8 pap-line-rule-auto pap-spacing-before-2pt pap-spacing-after-2pt\">该厂牌其他艺术家包括Guru Josh、Black Box、M People、Way Out West、Sasha、Jam Machine和Republica。它还通过其子公司Concrete Records发行了Lionrock、Death in Vegas和Dub Pistols的唱片。</p>\n<p class=\"paragraph text-align-type-left pap-line-1.8 pap-line-rule-auto pap-spacing-before-2pt pap-spacing-after-2pt\">&nbsp;</p>\n<div>\n<div class=\"document\">\n<p><strong>商业历史</strong></p>\n<p class=\"paragraph text-align-type-left pap-line-1.8 pap-line-rule-auto pap-spacing-before-2pt pap-spacing-after-2pt\">厂牌中唱片的发行是通过与Parlophone唱片公司的合作，例如K-Klass和Bassheads，以及RCA&nbsp;Records（尽管M People在美国与Epic公司有单独的合作，但他们在美国的发行是由其主要厂牌负责的）。&nbsp;它在1993年被BMG收购，并在1998年减少了它的业务，M People获得了自己的M People Records厂牌，用于发行其Fresco专辑。&nbsp;索尼音乐随后在2008年收购了BMG在索尼BMG音乐娱乐的股份，这导致了Deconstruction和Concrete的关闭。</p>\n<p class=\"paragraph text-align-type-left pap-line-1.8 pap-line-rule-auto pap-spacing-before-2pt pap-spacing-after-2pt\">&nbsp;</p>\n<p class=\"paragraph text-align-type-left pap-line-1.8 pap-line-rule-auto pap-spacing-before-2pt pap-spacing-after-2pt\"><strong>写法</strong></p>\n<p class=\"paragraph text-align-type-left pap-line-1.8 pap-line-rule-auto pap-spacing-before-2pt pap-spacing-after-2pt\">Deconstruction Records有多种写法，包括：</p>\n<p class=\"paragraph text-align-type-left pap-line-1.8 pap-line-rule-auto pap-spacing-before-2pt pap-spacing-after-2pt\">De Construction Records（BMG发行前）</p>\n<p class=\"paragraph text-align-type-left pap-line-1.8 pap-line-rule-auto pap-spacing-before-2pt pap-spacing-after-2pt\">deConstruction Records</p>\n<p class=\"paragraph text-align-type-left pap-line-1.8 pap-line-rule-auto pap-spacing-before-2pt pap-spacing-after-2pt\">Deconstruction Records</p>\n</div>\n</div>\n<p class=\"paragraph text-align-type-left pap-line-1.8 pap-line-rule-auto pap-spacing-before-2pt pap-spacing-after-2pt\">&nbsp;</p>\n<p class=\"paragraph text-align-type-left pap-line-1.8 pap-line-rule-auto pap-spacing-before-2pt pap-spacing-after-2pt\">&nbsp;</p>\n<div>\n<div class=\"document\">\n<p class=\"paragraph text-align-type-left pap-line-1.8 pap-line-rule-auto pap-spacing-before-2pt pap-spacing-after-2pt pap-left-indent-2em\">&nbsp;</p>\n</div>\n</div>\n</div>\n</div>",
 "contentEn": "<div>\n<div class=\"document\">\n<p class=\"paragraph text-align-type-left pap-line-1.8 pap-line-rule-auto pap-spacing-before-2pt pap-spacing-after-2pt\" style=\"text-align: left; line-height: 180%; margin-top: 2.6666666666666665px; margin-bottom: 2.6666666666666665px;\"><span style=\"font-size: 11pt; font-family: SF Pro,PingFang SC,Microsoft YaHei,微软雅黑,Noto Sans CJK SC,sans-serif,Roboto,Droid Sans,Helvetica,Tahoma,Arial,Hiragino Sans GB,Heiti SC; font-weight: 400; font-style: normal; ;color: #111; background: transparent; letter-spacing: 0pt; vertical-align: baseline; white-space: pre;\">Deconstruction Records is a British record label founded in 1987 by Pete Hadfield and Keith Blackhurst, together with Mike Pickering of M People. According to DJ Magazine it is \"best remembered for marrying underground credibility and diversity with an open-minded attitude towards pop\".</span></p>\n<p class=\"paragraph text-align-type-left pap-line-1.8 pap-line-rule-auto pap-spacing-before-2pt pap-spacing-after-2pt\" style=\"text-align: left; line-height: 180%; margin-top: 2.6666666666666665px; margin-bottom: 2.6666666666666665px;\">&nbsp;</p>\n<p class=\"paragraph text-align-type-left pap-line-1.8 pap-line-rule-auto pap-spacing-before-2pt pap-spacing-after-2pt\" style=\"text-align: left; line-height: 180%; margin-top: 2.6666666666666665px; margin-bottom: 2.6666666666666665px;\"><span style=\"font-size: 11pt; font-family: SF Pro,PingFang SC,Microsoft YaHei,微软雅黑,Noto Sans CJK SC,sans-serif,Roboto,Droid Sans,Helvetica,Tahoma,Arial,Hiragino Sans GB,Heiti SC; font-weight: 400; font-style: normal; ;color: #111; background: transparent; letter-spacing: 0pt; vertical-align: baseline; white-space: pre;\"><strong>Artists&nbsp;&nbsp;&nbsp;&nbsp;&nbsp;</strong>&nbsp;&nbsp;</span></p>\n<p class=\"paragraph text-align-type-left pap-line-1.8 pap-line-rule-auto pap-spacing-before-2pt pap-spacing-after-2pt\" style=\"text-align: left; line-height: 180%; margin-top: 2.6666666666666665px; margin-bottom: 2.6666666666666665px;\"><span style=\"text-decoration: underline;\"><span style=\"font-size: 11pt; font-family: SF Pro, PingFang SC, Microsoft YaHei, 微软雅黑, Noto Sans CJK SC, sans-serif, Roboto, Droid Sans, Helvetica, Tahoma, Arial, Hiragino Sans GB, Heiti SC; font-weight: 400; font-style: normal; color: #111111; background: transparent none repeat scroll 0% 0%; letter-spacing: 0pt; vertical-align: baseline; white-space: pre; text-decoration: underline;\">Kylie&nbsp;Minogue</span></span></p>\n<p class=\"paragraph text-align-type-left pap-line-1.8 pap-line-rule-auto pap-spacing-before-2pt pap-spacing-after-2pt\" style=\"text-align: left; line-height: 180%; margin-top: 2.6666666666666665px; margin-bottom: 2.6666666666666665px;\"><span style=\"font-size: 11pt; font-family: SF Pro,PingFang SC,Microsoft YaHei,微软雅黑,Noto Sans CJK SC,sans-serif,Roboto,Droid Sans,Helvetica,Tahoma,Arial,Hiragino Sans GB,Heiti SC; font-weight: 400; font-style: normal; ;color: #111; background: transparent; letter-spacing: 0pt; vertical-align: baseline; white-space: pre;\">It&nbsp;initially&nbsp;specialised&nbsp;in&nbsp;house&nbsp;anthems&nbsp;such&nbsp;as&nbsp;K&nbsp;Klass's&nbsp;\"Rhythm&nbsp;Is&nbsp;a&nbsp;Mystery\"&nbsp;and&nbsp;Bassheads'&nbsp;\"Is&nbsp;There&nbsp;Anybody&nbsp;Out&nbsp;There?\",&nbsp;as&nbsp;well&nbsp;as&nbsp;M&nbsp;People's&nbsp;output,&nbsp;but&nbsp;also&nbsp;had&nbsp;a&nbsp;record&nbsp;in&nbsp;promoting&nbsp;underground&nbsp;dance&nbsp;acts&nbsp;such&nbsp;as&nbsp;Dave&nbsp;Clarke.[4]&nbsp;Hits&nbsp;included&nbsp;Robert&nbsp;Miles'&nbsp;UK&nbsp;No.&nbsp;2&nbsp;hit&nbsp;\"Children\",[4]&nbsp;Felix's&nbsp;twice&nbsp;UK&nbsp;top&nbsp;ten&nbsp;hit&nbsp;\"Don't&nbsp;You&nbsp;Want&nbsp;Me\"[1]&nbsp;and&nbsp;Italian&nbsp;techno&nbsp;act&nbsp;U.&nbsp;S.&nbsp;U.&nbsp;R.&nbsp;A.'s&nbsp;UK&nbsp;No.&nbsp;7&nbsp;hit,&nbsp;\"Open&nbsp;Your&nbsp;Mind\".</span></p>\n<p class=\"paragraph text-align-type-left pap-line-1.8 pap-line-rule-auto pap-spacing-before-2pt pap-spacing-after-2pt\" style=\"text-align: left; line-height: 180%; margin-top: 2.6666666666666665px; margin-bottom: 2.6666666666666665px;\">&nbsp;</p>\n<p class=\"paragraph text-align-type-left pap-line-1.8 pap-line-rule-auto pap-spacing-before-2pt pap-spacing-after-2pt\" style=\"text-align: left; line-height: 180%; margin-top: 2.6666666666666665px; margin-bottom: 2.6666666666666665px;\"><span style=\"font-size: 11pt; font-family: SF Pro,PingFang SC,Microsoft YaHei,微软雅黑,Noto Sans CJK SC,sans-serif,Roboto,Droid Sans,Helvetica,Tahoma,Arial,Hiragino Sans GB,Heiti SC; font-weight: 400; font-style: normal; ;color: #111; background: transparent; letter-spacing: 0pt; vertical-align: baseline; white-space: pre;\">It&nbsp;was&nbsp;home&nbsp;to&nbsp;Kylie&nbsp;Minogue&nbsp;in&nbsp;the&nbsp;mid-late&nbsp;1990s,&nbsp;when&nbsp;working&nbsp;with&nbsp;Saint&nbsp;Etienne,&nbsp;Brothers&nbsp;in&nbsp;Rhythm&nbsp;(who&nbsp;produced&nbsp;her&nbsp;single&nbsp;\"Confide&nbsp;in&nbsp;Me\"),&nbsp;and&nbsp;others.[5][6]</span></p>\n<p class=\"paragraph text-align-type-left pap-line-1.8 pap-line-rule-auto pap-spacing-before-2pt pap-spacing-after-2pt\" style=\"text-align: left; line-height: 180%; margin-top: 2.6666666666666665px; margin-bottom: 2.6666666666666665px;\">&nbsp;</p>\n<p class=\"paragraph text-align-type-left pap-line-1.8 pap-line-rule-auto pap-spacing-before-2pt pap-spacing-after-2pt\" style=\"text-align: left; line-height: 180%; margin-top: 2.6666666666666665px; margin-bottom: 2.6666666666666665px;\"><span style=\"font-size: 11pt; font-family: SF Pro,PingFang SC,Microsoft YaHei,微软雅黑,Noto Sans CJK SC,sans-serif,Roboto,Droid Sans,Helvetica,Tahoma,Arial,Hiragino Sans GB,Heiti SC; font-weight: 400; font-style: normal; ;color: #111; background: transparent; letter-spacing: 0pt; vertical-align: baseline; white-space: pre;\">Among&nbsp;the&nbsp;other&nbsp;artists&nbsp;to&nbsp;record&nbsp;for&nbsp;the&nbsp;company&nbsp;were&nbsp;Guru&nbsp;Josh,&nbsp;Black&nbsp;Box,&nbsp;M&nbsp;People,&nbsp;Way&nbsp;Out&nbsp;West,&nbsp;Sasha,&nbsp;Jam&nbsp;Machine[7]&nbsp;and&nbsp;Republica.[2]&nbsp;It&nbsp;also&nbsp;released&nbsp;recordings&nbsp;by&nbsp;Lionrock,&nbsp;Death&nbsp;in&nbsp;Vegas&nbsp;and&nbsp;Dub&nbsp;Pistols&nbsp;through&nbsp;its&nbsp;Concrete&nbsp;Records&nbsp;subsidiary.[2]</span></p>\n<p class=\"paragraph text-align-type-left pap-line-1.8 pap-line-rule-auto pap-spacing-before-2pt pap-spacing-after-2pt\" style=\"text-align: left; line-height: 180%; margin-top: 2.6666666666666665px; margin-bottom: 2.6666666666666665px;\">&nbsp;</p>\n<p class=\"paragraph text-align-type-left pap-line-1.8 pap-line-rule-auto pap-spacing-before-2pt pap-spacing-after-2pt\" style=\"text-align: left; line-height: 180%; margin-top: 2.6666666666666665px; margin-bottom: 2.6666666666666665px;\"><span style=\"font-size: 11pt; font-family: SF Pro,PingFang SC,Microsoft YaHei,微软雅黑,Noto Sans CJK SC,sans-serif,Roboto,Droid Sans,Helvetica,Tahoma,Arial,Hiragino Sans GB,Heiti SC; font-weight: 400; font-style: normal; ;color: #111; background: transparent; letter-spacing: 0pt; vertical-align: baseline; white-space: pre;\"><strong>Commercial&nbsp;history&nbsp;&nbsp;</strong>&nbsp;&nbsp;&nbsp;&nbsp;&nbsp;&nbsp;</span></p>\n<p class=\"paragraph text-align-type-left pap-line-1.8 pap-line-rule-auto pap-spacing-before-2pt pap-spacing-after-2pt\" style=\"text-align: left; line-height: 180%; margin-top: 2.6666666666666665px; margin-bottom: 2.6666666666666665px;\"><span style=\"font-size: 11pt; font-family: SF Pro,PingFang SC,Microsoft YaHei,微软雅黑,Noto Sans CJK SC,sans-serif,Roboto,Droid Sans,Helvetica,Tahoma,Arial,Hiragino Sans GB,Heiti SC; font-weight: 400; font-style: normal; ;color: #111; background: transparent; letter-spacing: 0pt; vertical-align: baseline; white-space: pre;\">Distribution&nbsp;was&nbsp;via&nbsp;label&nbsp;deals&nbsp;with&nbsp;Parlophone,&nbsp;for&nbsp;acts&nbsp;such&nbsp;as&nbsp;K-Klass&nbsp;and&nbsp;Bassheads,[citation&nbsp;needed]&nbsp;and&nbsp;RCA&nbsp;Records&nbsp;for&nbsp;everybody&nbsp;else&nbsp;(although&nbsp;M&nbsp;People&nbsp;had&nbsp;a&nbsp;separate&nbsp;deal&nbsp;with&nbsp;Epic&nbsp;in&nbsp;the&nbsp;United&nbsp;States,&nbsp;but&nbsp;had&nbsp;its&nbsp;primary&nbsp;label&nbsp;attached&nbsp;to&nbsp;their&nbsp;releases&nbsp;Stateside).&nbsp;It&nbsp;was&nbsp;acquired&nbsp;by&nbsp;BMG&nbsp;in&nbsp;1993,[1]&nbsp;and&nbsp;its&nbsp;operations&nbsp;reduced&nbsp;in&nbsp;1998,[citation&nbsp;needed]&nbsp;with&nbsp;M&nbsp;People&nbsp;gaining&nbsp;its&nbsp;own&nbsp;M&nbsp;People&nbsp;Records&nbsp;label&nbsp;for&nbsp;the&nbsp;release&nbsp;of&nbsp;its&nbsp;Fresco&nbsp;album.&nbsp;Sony&nbsp;Music&nbsp;then&nbsp;acquired&nbsp;BMG's&nbsp;stake&nbsp;in&nbsp;Sony&nbsp;BMG&nbsp;Music&nbsp;Entertainment&nbsp;in&nbsp;2008,&nbsp;which&nbsp;led&nbsp;to&nbsp;the&nbsp;closure&nbsp;of&nbsp;both&nbsp;Deconstruction&nbsp;and&nbsp;Concrete.[8]</span></p>\n<p class=\"paragraph text-align-type-left pap-line-1.8 pap-line-rule-auto pap-spacing-before-2pt pap-spacing-after-2pt\" style=\"text-align: left; line-height: 180%; margin-top: 2.6666666666666665px; margin-bottom: 2.6666666666666665px;\">&nbsp;</p>\n<p class=\"paragraph text-align-type-left pap-line-1.8 pap-line-rule-auto pap-spacing-before-2pt pap-spacing-after-2pt\" style=\"text-align: left; line-height: 180%; margin-top: 2.6666666666666665px; margin-bottom: 2.6666666666666665px;\"><span style=\"font-size: 11pt; font-family: SF Pro,PingFang SC,Microsoft YaHei,微软雅黑,Noto Sans CJK SC,sans-serif,Roboto,Droid Sans,Helvetica,Tahoma,Arial,Hiragino Sans GB,Heiti SC; font-weight: 400; font-style: normal; ;color: #111; background: transparent; letter-spacing: 0pt; vertical-align: baseline; white-space: pre;\"><strong>Orthography&nbsp;&nbsp;&nbsp;</strong>&nbsp;&nbsp;&nbsp;&nbsp;&nbsp;</span></p>\n<p class=\"paragraph text-align-type-left pap-line-1.8 pap-line-rule-auto pap-spacing-before-2pt pap-spacing-after-2pt\" style=\"text-align: left; line-height: 180%; margin-top: 2.6666666666666665px; margin-bottom: 2.6666666666666665px;\"><span style=\"font-size: 11pt; font-family: SF Pro,PingFang SC,Microsoft YaHei,微软雅黑,Noto Sans CJK SC,sans-serif,Roboto,Droid Sans,Helvetica,Tahoma,Arial,Hiragino Sans GB,Heiti SC; font-weight: 400; font-style: normal; ;color: #111; background: transparent; letter-spacing: 0pt; vertical-align: baseline; white-space: pre;\">Deconstruction&nbsp;Records&nbsp;was&nbsp;written&nbsp;a&nbsp;number&nbsp;of&nbsp;ways,&nbsp;including</span></p>\n<p class=\"paragraph text-align-type-left pap-line-1.8 pap-line-rule-auto pap-spacing-before-2pt pap-spacing-after-2pt\" style=\"text-align: left; line-height: 180%; margin-top: 2.6666666666666665px; margin-bottom: 2.6666666666666665px;\"><span style=\"font-size: 11pt; font-family: SF Pro,PingFang SC,Microsoft YaHei,微软雅黑,Noto Sans CJK SC,sans-serif,Roboto,Droid Sans,Helvetica,Tahoma,Arial,Hiragino Sans GB,Heiti SC; font-weight: 400; font-style: normal; ;color: #111; background: transparent; letter-spacing: 0pt; vertical-align: baseline; white-space: pre;\">De&nbsp;Construction&nbsp;Records&nbsp;(pre&nbsp;BMG&nbsp;releases)</span></p>\n<p class=\"paragraph text-align-type-left pap-line-1.8 pap-line-rule-auto pap-spacing-before-2pt pap-spacing-after-2pt\" style=\"text-align: left; line-height: 180%; margin-top: 2.6666666666666665px; margin-bottom: 2.6666666666666665px;\"><span style=\"font-size: 11pt; font-family: SF Pro,PingFang SC,Microsoft YaHei,微软雅黑,Noto Sans CJK SC,sans-serif,Roboto,Droid Sans,Helvetica,Tahoma,Arial,Hiragino Sans GB,Heiti SC; font-weight: 400; font-style: normal; ;color: #111; background: transparent; letter-spacing: 0pt; vertical-align: baseline; white-space: pre;\">deConstruction&nbsp;Records</span></p>\n<p class=\"paragraph text-align-type-left pap-line-1.8 pap-line-rule-auto pap-spacing-before-2pt pap-spacing-after-2pt\" style=\"text-align: left; line-height: 180%; margin-top: 2.6666666666666665px; margin-bottom: 2.6666666666666665px;\"><span style=\"font-size: 11pt; font-family: SF Pro,PingFang SC,Microsoft YaHei,微软雅黑,Noto Sans CJK SC,sans-serif,Roboto,Droid Sans,Helvetica,Tahoma,Arial,Hiragino Sans GB,Heiti SC; font-weight: 400; font-style: normal; ;color: #111; background: transparent; letter-spacing: 0pt; vertical-align: baseline; white-space: pre;\">Deconstruction&nbsp;Records</span></p>\n<p class=\"paragraph text-align-type-left pap-line-1.8 pap-line-rule-auto pap-spacing-before-2pt pap-spacing-after-2pt\" style=\"text-align: left; line-height: 180%; margin-top: 2.6666666666666665px; margin-bottom: 2.6666666666666665px;\">&nbsp;</p>\n<p class=\"paragraph text-align-type-left pap-line-1.8 pap-line-rule-auto pap-spacing-before-2pt pap-spacing-after-2pt\" style=\"text-align: left; line-height: 180%; margin-top: 2.6666666666666665px; margin-bottom: 2.6666666666666665px;\">&nbsp;</p>\n<p class=\"paragraph text-align-type-left pap-line-1.8 pap-line-rule-auto pap-spacing-before-2pt pap-spacing-after-2pt\" style=\"text-align: left; line-height: 180%; margin-top: 2.6666666666666665px; margin-bottom: 2.6666666666666665px;\">&nbsp;</p>\n</div>\n</div>",
 "remarks": "本词条汉字内容由 @多频百科团队 翻译+编辑\n原文译自 https://en.wikipedia.org/wiki/Deconstruction_Records",
 "remarksEn": "本词条内容来自 https://en.wikipedia.org/wiki/Deconstruction_Records",
 "status": 1,
 "clickNum": 11,
 "deleted": 0,
 "lang": 0,
 "chooseLang": true,
 "id": 52,
 "name": "Deconstruction Records",
 "descriptions": "Deconstruction Records是一个英国厂牌，由Pete Hadfield和Keith Blackhurst以及M People的Mike Pickering于1987年创立。根据DJ Magazine的报道，它 \"因将地下音乐的可信度和多样性与对流行音乐的开放态度相结合而被人们记住\"。\n",
 "picture": "https://duopin-community.oss-cn-shenzhen.aliyuncs.com/jn4wcctpy09ox5x2g5j9.jpg",
 "originalName": "",
 "foundTimeText": "1987",
 "foundAddress": "London, United Kingdom",
 "founder": "Pete Hadfield, Keith Blackhurst, Mike Pickering",
 "parentBrand": "",
 "childBrand": "",
 "majorStyle": "house",
 "delegateArtist": "Guru Josh；Black Box；M People；Way Out West；Sasha；Jam Machine",
 "officialUrl": "Pete Hadfield, Keith Blackhurst, Mike Pickering",
 "referenceUrl": "https://en.wikipedia.org/wiki/Deconstruction_Records",
 "manageStatusText": "运营中",
 "style": "House",
 "country": "英国",
 "typeId": 14,
 "typeName": "厂牌",
 "dataId": 52,
 "url": "http://dropinapp.hearinmusic.com/#/ency?typeId=14&dataId=52"
}