{
 "pageNum": 1,
 "pageSize": 10,
 "params": {},
 "content": "<p></p>\n\r<p></p>\n\r<p></p>\n\r<p></p>",
 "remarks": "本词条内容暂未完善仅供参考，多频百科小编正在火速赶来",
 "remarksEn": "本词条内容暂未完善仅供参考，多频百科小编正在火速赶来",
 "status": 0,
 "clickNum": 0,
 "deleted": 0,
 "lang": 0,
 "chooseLang": false,
 "id": 672,
 "name": "Dedicated Records",
 "descriptions": "\n\n\nDedicated Records was an American net-label originally based in Chicago, Illinois, USA. It was founded by Bradley Palko in May of 2009, inspired by Lost Children Net Label, one of the leading post-rock net-labels of the era. The headquarters of Dedicated Records changed frequently over the next two years as Palko moved around between the USA and Canada (where he was originally from), putting the record label on hiatus several times before ultimately terminating its activities in October of 2010; the Various Artists compilation \"Great Messengers: Palms\" serving as its swansong. The record label was quietly revived in early 2011 but ultimately closed down permanently in June of 2011. ",
 "originalName": "",
 "foundTimeText": " 2009-05",
 "foundAddress": " Chicago, Illinois, United States",
 "founder": "Bradley James Palko",
 "parentBrand": "",
 "childBrand": "",
 "majorStyle": "ambient, post-rock",
 "delegateArtist": "",
 "officialUrl": "",
 "referenceUrl": "https://musicbrainz.org/label/b1290fc2-7db0-4759-a5a0-0b77954a75ac",
 "manageStatusText": "已停运",
 "style": "Ambient, Electronic Rock",
 "country": "美国",
 "typeId": 14,
 "typeName": "厂牌",
 "dataId": 672,
 "url": "http://dropinapp.hearinmusic.com/#/ency?typeId=14&dataId=672"
}