{
 "pageNum": 1,
 "pageSize": 10,
 "params": {},
 "content": "<p></p>\n\r<p></p>\n\r<p></p>\n\r<p></p>",
 "remarks": "本词条内容暂未完善仅供参考，多频百科小编正在火速赶来",
 "remarksEn": "本词条内容暂未完善仅供参考，多频百科小编正在火速赶来",
 "status": 0,
 "clickNum": 0,
 "deleted": 0,
 "lang": 0,
 "chooseLang": false,
 "id": 675,
 "name": "Deep Elements Music Records",
 "descriptions": "\n\n\nEstablished in 2014, Deep Elements Music Records is a deep/Afro-house label owned and founded by Simbarashe Musingarimi. \n\nSince the beginning, its events have come out highly distinguished due to the special attention given to details, a characteristic that has instantly left a deeply positive impression on the national deep house music scene, On its already long route, Deep Elements has the pleasure of working with local musicians giving opportunities to young talents. ",
 "picture": "https://duopin-community.oss-cn-shenzhen.aliyuncs.com/qwap4nvcofeoqfs58aqe.jpg",
 "originalName": "",
 "foundTimeText": "2013-04-24",
 "foundAddress": "South Africa",
 "founder": "Simbarashe Musingarimi",
 "parentBrand": "",
 "childBrand": "\n90Degrees Records",
 "majorStyle": "house",
 "delegateArtist": "",
 "officialUrl": "",
 "referenceUrl": "https://musicbrainz.org/label/d2da3449-21ed-4cea-a1e7-a990a273d26a",
 "manageStatusText": "",
 "style": "House",
 "country": "南非",
 "typeId": 14,
 "typeName": "厂牌",
 "dataId": 675,
 "url": "http://dropinapp.hearinmusic.com/#/ency?typeId=14&dataId=675"
}