{
 "pageNum": 1,
 "pageSize": 10,
 "params": {},
 "content": "<p></p>\n\r<p></p>\n\r<p></p>\n\r<p></p>",
 "remarks": "本词条内容暂未完善仅供参考，多频百科小编正在火速赶来",
 "remarksEn": "本词条内容暂未完善仅供参考，多频百科小编正在火速赶来",
 "status": 0,
 "clickNum": 0,
 "deleted": 0,
 "lang": 0,
 "chooseLang": false,
 "id": 678,
 "name": "Deep Lake Records",
 "descriptions": "\n2012 - Deep Lake Records born in Endine Gaiano (Italy), between lakes, mountains and discomfort. \nCurrently DLR is based in Milan and releases stuff in digital format. ",
 "picture": "https://duopin-community.oss-cn-shenzhen.aliyuncs.com/izcn71i43r1pdltjk2kc.jpg",
 "originalName": "",
 "foundTimeText": "2012-08-20 ",
 "foundAddress": " Endine Gaiano, Bergamo, Lombardia, Italy",
 "founder": "",
 "parentBrand": "",
 "childBrand": "\nNembriere Records",
 "majorStyle": "electronic",
 "delegateArtist": "",
 "officialUrl": "http://deeplakerecords.weebly.com/",
 "referenceUrl": "https://musicbrainz.org/label/8f9de20a-41e0-41e9-b4c1-6eecd9c53863",
 "manageStatusText": "",
 "style": "Electronic",
 "country": "意大利",
 "typeId": 14,
 "typeName": "厂牌",
 "dataId": 678,
 "url": "http://dropinapp.hearinmusic.com/#/ency?typeId=14&dataId=678"
}