{
 "pageNum": 1,
 "pageSize": 10,
 "params": {},
 "content": "<p></p>\n\r<p></p>\n\r<p></p>\n\r<p></p>",
 "remarks": "本词条内容暂未完善仅供参考，多频百科小编正在火速赶来",
 "remarksEn": "本词条内容暂未完善仅供参考，多频百科小编正在火速赶来",
 "status": 0,
 "clickNum": 0,
 "deleted": 0,
 "lang": 0,
 "chooseLang": false,
 "id": 676,
 "name": "Deep Elm Records",
 "descriptions": "\n\nDeep Elm Records is an independent record label releasing albums by bands such as Lights & Motion, The Appleseed Cast, Brandtson, The White Octave, and Planes Mistaken for Stars. It also released the compilation series The Emo Diaries",
 "picture": "https://duopin-community.oss-cn-shenzhen.aliyuncs.com/ysdbq3rzg775kbfifgof.jpg",
 "originalName": "Deep Elm",
 "foundTimeText": " 1995",
 "foundAddress": "United States",
 "founder": "John Szuch",
 "parentBrand": "",
 "childBrand": "\nDeep Elm Records Inc.",
 "majorStyle": "emo, indie rock, post-rock",
 "delegateArtist": "",
 "officialUrl": "http://www.deepelm.com/",
 "referenceUrl": "https://musicbrainz.org/label/4475756f-5612-442d-81ee-a31a79900df7",
 "manageStatusText": "",
 "style": "Electronic Rock, emo",
 "country": "美国",
 "typeId": 14,
 "typeName": "厂牌",
 "dataId": 676,
 "url": "http://dropinapp.hearinmusic.com/#/ency?typeId=14&dataId=676"
}