{
 "pageNum": 1,
 "pageSize": 10,
 "params": {},
 "content": "<p></p>\n\r<p></p>\n\r<p></p>\n\r<p></p>",
 "remarks": "本词条内容暂未完善仅供参考，多频百科小编正在火速赶来",
 "remarksEn": "本词条内容暂未完善仅供参考，多频百科小编正在火速赶来",
 "status": 0,
 "clickNum": 0,
 "deleted": 0,
 "lang": 0,
 "chooseLang": false,
 "id": 677,
 "name": "Deep in the Jungle Records",
 "descriptions": "\nDeep In The Jungle is a UK based Jungle label dedicated to resurrecting the Jungle stylings of yesteryear and bringing them back to their rightful place at the front and centre of the dancefloor. ",
 "picture": "https://duopin-community.oss-cn-shenzhen.aliyuncs.com/644h0lv6n7vpdpcyzvc9.jpg",
 "originalName": "",
 "foundTimeText": "",
 "foundAddress": " Brighton, Brighton and Hove, England, United Kingdom",
 "founder": "",
 "parentBrand": "",
 "childBrand": "",
 "majorStyle": "drum and bass, jungle",
 "delegateArtist": "",
 "officialUrl": "",
 "referenceUrl": "https://musicbrainz.org/label/7aa98d29-ae0b-4907-95a5-13ef3cf3d468",
 "manageStatusText": "",
 "style": "Drum and Bass",
 "country": "英国",
 "typeId": 14,
 "typeName": "厂牌",
 "dataId": 677,
 "url": "http://dropinapp.hearinmusic.com/#/ency?typeId=14&dataId=677"
}