{
 "pageNum": 1,
 "pageSize": 10,
 "params": {},
 "content": "<p></p>\n\r<p></p>\n\r<p></p>\n\r<p></p>",
 "remarks": "本词条内容暂未完善仅供参考，多频百科小编正在火速赶来",
 "remarksEn": "本词条内容暂未完善仅供参考，多频百科小编正在火速赶来",
 "status": 0,
 "clickNum": 0,
 "deleted": 0,
 "lang": 0,
 "chooseLang": false,
 "id": 673,
 "name": "Deep As Hell ",
 "descriptions": "\n\r",
 "picture": "https://duopin-community.oss-cn-shenzhen.aliyuncs.com/80w10vaa49mgwpvfas47.jpg",
 "originalName": "DAH.，Deep As Hell. Records，Deep As Hell. Youtube，DeepAsHell，DeepAsHell.，deepashellmusic，DeepAsHellmusic",
 "foundTimeText": "2015",
 "foundAddress": " Thessaloniki, Thessaloniki, Kentriki Makedonia, Greece",
 "founder": "",
 "parentBrand": "",
 "childBrand": "",
 "majorStyle": "chillout, deep house, electronic, hip hop, house",
 "delegateArtist": "",
 "officialUrl": "http://deepashell.com/",
 "referenceUrl": "https://musicbrainz.org/label/809f2c64-f6ec-4a42-9ada-61b843881faf",
 "manageStatusText": "",
 "style": "Electronic, House, Hip Hop Music",
 "country": "希腊",
 "typeId": 14,
 "typeName": "厂牌",
 "dataId": 673,
 "url": "http://dropinapp.hearinmusic.com/#/ency?typeId=14&dataId=673"
}