{
 "pageNum": 1,
 "pageSize": 10,
 "params": {},
 "content": "<p></p>\n\r<p></p>\n\r<p></p>\n\r<p></p>",
 "remarks": "本词条内容暂未完善仅供参考，多频百科小编正在火速赶来",
 "remarksEn": "本词条内容暂未完善仅供参考，多频百科小编正在火速赶来",
 "status": 0,
 "clickNum": 0,
 "deleted": 0,
 "lang": 0,
 "chooseLang": false,
 "id": 680,
 "name": "Deep Soul Music",
 "descriptions": "\n\n\nDeep Soul Music is a drum and bass record label from the UK. The tunes we like are deep, soulful and are firmly influenced by what we liked from the past but always with an eye on the future. ",
 "picture": "https://duopin-community.oss-cn-shenzhen.aliyuncs.com/hlpoz9zs5o1yvh8mvspt.jpg",
 "originalName": "DSM",
 "foundTimeText": "2006",
 "foundAddress": "United Kingdom",
 "founder": "",
 "parentBrand": "",
 "childBrand": "",
 "majorStyle": "drum and bass",
 "delegateArtist": "",
 "officialUrl": "http://www.deep-soul-music.com/",
 "referenceUrl": "https://musicbrainz.org/label/7f49b44e-9497-4ea2-9c45-49b037f29d1e",
 "manageStatusText": "",
 "style": "Drum and Bass",
 "country": "英国",
 "typeId": 14,
 "typeName": "厂牌",
 "dataId": 680,
 "url": "http://dropinapp.hearinmusic.com/#/ency?typeId=14&dataId=680"
}