{
 "pageNum": 1,
 "pageSize": 10,
 "params": {},
 "content": "<p></p>\n\r<p></p>\n\r<p></p>\n\r<p></p>",
 "remarks": "本词条内容暂未完善仅供参考，多频百科小编正在火速赶来",
 "remarksEn": "本词条内容暂未完善仅供参考，多频百科小编正在火速赶来",
 "status": 0,
 "clickNum": 0,
 "deleted": 0,
 "lang": 0,
 "chooseLang": false,
 "id": 679,
 "name": "DEEP MEDi Musik",
 "descriptions": "\n\r",
 "picture": "https://duopin-community.oss-cn-shenzhen.aliyuncs.com/892y4tkkgj1getqd8lcs.jpg",
 "originalName": "",
 "foundTimeText": "2006",
 "foundAddress": " London, England, United Kingdom",
 "founder": "Mark Lawrence",
 "parentBrand": "",
 "childBrand": "",
 "majorStyle": "dubstep, uk garage",
 "delegateArtist": "",
 "officialUrl": "http://deepmedi.com/",
 "referenceUrl": "https://musicbrainz.org/label/f192dcaa-0dda-4c71-b79c-7372d83b4b0c",
 "manageStatusText": "",
 "style": "UK Garage, Dubstep",
 "country": "美国",
 "typeId": 14,
 "typeName": "厂牌",
 "dataId": 679,
 "url": "http://dropinapp.hearinmusic.com/#/ency?typeId=14&dataId=679"
}