{
 "pageNum": 1,
 "pageSize": 10,
 "params": {},
 "content": "<p></p>\n\r<p></p>\n\r<p></p>\n\r<p></p>",
 "remarks": "本词条内容暂未完善仅供参考，多频百科小编正在火速赶来",
 "remarksEn": "本词条内容暂未完善仅供参考，多频百科小编正在火速赶来",
 "status": 0,
 "clickNum": 0,
 "deleted": 0,
 "lang": 0,
 "chooseLang": false,
 "id": 681,
 "name": "DeezyNation Entertainment",
 "descriptions": "\n\r",
 "originalName": "",
 "foundTimeText": "",
 "foundAddress": "",
 "founder": "",
 "parentBrand": "",
 "childBrand": "",
 "majorStyle": "afrobeat, alternative hip hop, conscious hip hop, hip hop",
 "delegateArtist": "",
 "officialUrl": "",
 "referenceUrl": "https://musicbrainz.org/label/c8f40a14-6a40-44da-bb41-8234ac8b84c5",
 "manageStatusText": "",
 "style": "Hip Hop Music",
 "country": "",
 "typeId": 14,
 "typeName": "厂牌",
 "dataId": 681,
 "url": "http://dropinapp.hearinmusic.com/#/ency?typeId=14&dataId=681"
}