{
 "pageNum": 1,
 "pageSize": 10,
 "params": {},
 "content": "<p>&nbsp;</p>\n<p><strong>Def Jam Recordings</strong>&nbsp;is a multinational record label based in Manhattan. Def Jam has focused predominantly on hip hop, pop and urban music, owned by Universal Music Group. In the UK, the label was known as Def Jam UK and was operated through EMI Records, while in Japan, it is known as Def Jam Japan, operating through Universal Music Japan. The label distributes releases of various record labels, including Kanye West's GOOD Music, and Listen Up Forever Records, headed by producer, Ronny J. Current artists include Justin Bieber, Logic, Big Sean, Kanye West, Nas, 2 Chainz, Teyana Taylor, YG, Dave East, Jeezy, Jeremih, Valee, Pusha T, Amir Ob&egrave;, Fabolous, Krept and Konan, Desiigner, Rihanna and Nasty C.</p>\n<p>&nbsp;</p>\n<p>&nbsp;</p>",
 "remarks": "本词条内容暂未完善仅供参考，多频百科小编正在火速赶来",
 "remarksEn": "本词条内容暂未完善仅供参考，多频百科小编正在火速赶来",
 "status": 0,
 "clickNum": 0,
 "deleted": 0,
 "lang": 0,
 "chooseLang": false,
 "id": 682,
 "name": "Def Jam Recordings",
 "descriptions": "\n\nNew York hip-hop label founded in 1983 by Russell Simmons and Rick Rubin. It has since gone on to become one of the most well-known hip-hop labels in the world, along the way making stars of the likes of Public Enemy, L.L. Cool J, The Beastie Boys, Redman, and DMX. \nFor counterfeit releases, please use Def Jam Recordings (2). \n\nHistory: \n1984: Label founded; releases several 12\" singles independently. First release was purchased by Streetwise Records and released with a Def Jam logo (and is not considered part of Def Jam today).\n1985: Def Jam Recordings began distribution through Columbia/CBS Records. \n1988: CBS Records was purchased by the Sony Corporation. \n1991: CBS Records became Sony Music Entertainment. \n1994: PolyGram purchased 50% of Sony’s Def Jam holdings and switches distribution companies. \n1996: PolyGram purchased an additional 10% of the Def Jam holdings, which made it the parent company. \n1999: Universal Music Group was formed through the merger of the MCA and PolyGram families of labels and it subsequently purchased the remaining Def Jam holdings that Sony held. All the Def Jam assets were then spun into Island Def Jam Music Group after merging it with Mercury's pop roster and Island Records. \n2004: Universal Sigma begins using the Def Jam Recordings imprint for domestic Japanese releases (operating independently of the Island Def Jam Music Group). \n2013: Barry Weiss stepped down as Chairman/CEO of both Island and Def Jam. \n2014: Universal Music dissolved The Island Def Jam Music Group. Now re-positioned Def Jam, Island Records and Motown separately as all three solo labels. \n\nLabelcode: LC 08427/LC 8427\n",
 "picture": "https://duopin-community.oss-cn-shenzhen.aliyuncs.com/yel886qek8olj5k0qigz.jpg",
 "originalName": "",
 "foundTimeText": "1984",
 "foundAddress": "United States",
 "founder": "\tRick Rubin (in 1984) Russell Simmons",
 "parentBrand": "\tThe Island Def Jam Music Group",
 "childBrand": "\nARTium Recordings, Def Jam Classic Albums, Def Jam Germany, Def Jam South, Def Jamaica, Def Soul, Disturbing Tha Peace, DJ West, Getting Out Our Dreams, OBR, Rush Associated Labels",
 "majorStyle": " hip hop, dance-pop, pop, rap rock",
 "delegateArtist": "",
 "officialUrl": "\thttp://www.defjam.com/",
 "referenceUrl": "https://musicbrainz.org/label/a92d1684-4edb-48aa-b913-30e9da213004",
 "manageStatusText": "",
 "style": "Hip Hop Music, dance-pop, pop, rap rock",
 "country": "美国",
 "typeId": 14,
 "typeName": "厂牌",
 "dataId": 682,
 "url": "http://dropinapp.hearinmusic.com/#/ency?typeId=14&dataId=682"
}