{
 "pageNum": 1,
 "pageSize": 10,
 "params": {},
 "content": "<p></p>\n\r<p></p>\n\r<p></p>\n\r<p></p>",
 "remarks": "本词条内容暂未完善仅供参考，多频百科小编正在火速赶来",
 "remarksEn": "本词条内容暂未完善仅供参考，多频百科小编正在火速赶来",
 "status": 0,
 "clickNum": 0,
 "deleted": 0,
 "lang": 0,
 "chooseLang": false,
 "id": 683,
 "name": "Def Squad",
 "descriptions": "\nU.S. American Hip-Hop label.\n\n",
 "picture": "https://duopin-community.oss-cn-shenzhen.aliyuncs.com/wta4cxmlfdh3t1p6nilz.jpg",
 "originalName": "Def Squad Records",
 "foundTimeText": "",
 "foundAddress": "",
 "founder": "",
 "parentBrand": "",
 "childBrand": "",
 "majorStyle": "hip hop",
 "delegateArtist": "",
 "officialUrl": "",
 "referenceUrl": "https://musicbrainz.org/label/56e88dd5-ff34-44d8-9164-5e51d7bb20f8",
 "manageStatusText": "",
 "style": "Hip Hop Music",
 "country": "",
 "typeId": 14,
 "typeName": "厂牌",
 "dataId": 683,
 "url": "http://dropinapp.hearinmusic.com/#/ency?typeId=14&dataId=683"
}