{
 "pageNum": 1,
 "pageSize": 10,
 "params": {},
 "content": "<p></p>\n\r<p></p>\n\r<p></p>\n\r<p></p>",
 "remarks": "本词条内容暂未完善仅供参考，多频百科小编正在火速赶来",
 "remarksEn": "本词条内容暂未完善仅供参考，多频百科小编正在火速赶来",
 "status": 0,
 "clickNum": 0,
 "deleted": 0,
 "lang": 0,
 "chooseLang": false,
 "id": 684,
 "name": "Defiant Sound Lab",
 "descriptions": "\n\r",
 "originalName": "Defiant；DSL",
 "foundTimeText": " 2018-10-16",
 "foundAddress": "Louisville, Kentucky, United States",
 "founder": "\tStandOut The Beast",
 "parentBrand": "",
 "childBrand": "",
 "majorStyle": "conscious hip hop, hardcore hip hop, hip hop, underground hip hop",
 "delegateArtist": "",
 "officialUrl": "",
 "referenceUrl": "https://musicbrainz.org/label/44304964-405f-49d9-ac48-7163bb3d7043",
 "manageStatusText": "",
 "style": "Hip Hop Music",
 "country": "美国",
 "typeId": 14,
 "typeName": "厂牌",
 "dataId": 684,
 "url": "http://dropinapp.hearinmusic.com/#/ency?typeId=14&dataId=684"
}