{
 "pageNum": 1,
 "pageSize": 10,
 "params": {},
 "content": "<p>&nbsp;</p>\n<p>&nbsp;</p>\n<p>&nbsp;</p>\n<p><strong>Definitive Jux</strong>&nbsp;is a record label based in New York City. It was co-founded in 1999 by El-P and Amaechi Uzoigwe.</p>",
 "remarks": "本词条内容暂未完善仅供参考，多频百科小编正在火速赶来",
 "remarksEn": "本词条内容暂未完善仅供参考，多频百科小编正在火速赶来",
 "status": 0,
 "clickNum": 0,
 "deleted": 0,
 "lang": 0,
 "chooseLang": false,
 "id": 685,
 "name": "Definitive Jux",
 "descriptions": "Independent hiphop label, founded by Amaechi Uzoigwe and EL-P. Also written as Definitive Jux, Inc. \n\nNote that Definitive Jux Music is El-P's production and publishing entity and should not be confused with the label.\n\n",
 "picture": "https://duopin-community.oss-cn-shenzhen.aliyuncs.com/pop3iurxangftqadma5m.jpg",
 "originalName": "Def Jux",
 "foundTimeText": "1999",
 "foundAddress": "United States",
 "founder": "\tJaime Meline",
 "parentBrand": " Definitive Jux, Inc.",
 "childBrand": "",
 "majorStyle": "hip hop",
 "delegateArtist": "",
 "officialUrl": "\thttp://www.definitivejux.net/",
 "referenceUrl": "https://musicbrainz.org/label/abf3267e-d5af-42c2-9a7b-5239d2e07a97",
 "manageStatusText": "",
 "style": "Hip Hop Music",
 "country": "美国",
 "typeId": 14,
 "typeName": "厂牌",
 "dataId": 685,
 "url": "http://dropinapp.hearinmusic.com/#/ency?typeId=14&dataId=685"
}