{
 "pageNum": 1,
 "pageSize": 10,
 "params": {},
 "content": "<p></p>\n\r<p></p>\n\r<p></p>\n\r<p></p>",
 "remarks": "本词条内容暂未完善仅供参考，多频百科小编正在火速赶来",
 "remarksEn": "本词条内容暂未完善仅供参考，多频百科小编正在火速赶来",
 "status": 0,
 "clickNum": 0,
 "deleted": 0,
 "lang": 0,
 "chooseLang": false,
 "id": 686,
 "name": "Deivlforst Records",
 "descriptions": "\nUnderground label for Oldschool Black Metal & Atmospheric Medieval Music. \nDeivlforst Records is the successor of Dark Forest Records which was an undergound label founded in the mid 90s.\n",
 "picture": "https://duopin-community.oss-cn-shenzhen.aliyuncs.com/tprmjlqaxrzaobuemyk6.jpg",
 "originalName": "",
 "foundTimeText": " 2011",
 "foundAddress": "Germany",
 "founder": "",
 "parentBrand": "",
 "childBrand": "",
 "majorStyle": "dungeon synth",
 "delegateArtist": "",
 "officialUrl": "\thttp://deivlforst.de/",
 "referenceUrl": "https://musicbrainz.org/label/98a6b337-0761-4f7c-a73f-1cd5893a85df",
 "manageStatusText": "",
 "style": "dungeon synth",
 "country": "德国",
 "typeId": 14,
 "typeName": "厂牌",
 "dataId": 686,
 "url": "http://dropinapp.hearinmusic.com/#/ency?typeId=14&dataId=686"
}