{
 "pageNum": 1,
 "pageSize": 10,
 "params": {},
 "content": "<p></p>\n\r<p></p>\n\r<p></p>\n\r<p></p>",
 "remarks": "本词条内容暂未完善仅供参考，多频百科小编正在火速赶来",
 "remarksEn": "本词条内容暂未完善仅供参考，多频百科小编正在火速赶来",
 "status": 0,
 "clickNum": 0,
 "deleted": 0,
 "lang": 0,
 "chooseLang": false,
 "id": 687,
 "name": "Demand Records",
 "descriptions": "\nDemand Records is a Swiss based Drum & Bass label. \n\nIt was winter 2009 when two young men, with passion for Drum & Bass music, asked themselves why there isn't any active Drum & Bass labels in Switzerland, even there are parties almost every weekend, in their country? At this point they decided to change that fact. Drum & Bass has long ago merged into the world and Demand Records is trying to set a landmark for Switzerland. Demand Records stands for young talented producers who bring fresh and new music to the Drum & Bass table. It's not bound to styles within the genre and tries to push the boundaries with every release!\n\n",
 "picture": "https://duopin-community.oss-cn-shenzhen.aliyuncs.com/mimq0vqg7mxog6ld58s3.jpg",
 "originalName": "Demand",
 "foundTimeText": "",
 "foundAddress": "Switzerland",
 "founder": "",
 "parentBrand": "",
 "childBrand": "\nDemand Selects",
 "majorStyle": "drum and bass",
 "delegateArtist": "",
 "officialUrl": "\thttp://demandrecords.ch/ ",
 "referenceUrl": "https://musicbrainz.org/label/8ca8c19d-c1d6-4bb5-9e9c-554603ed2668",
 "manageStatusText": "",
 "style": "Drum and Bass",
 "country": "瑞士",
 "typeId": 14,
 "typeName": "厂牌",
 "dataId": 687,
 "url": "http://dropinapp.hearinmusic.com/#/ency?typeId=14&dataId=687"
}