{
 "pageNum": 1,
 "pageSize": 10,
 "params": {},
 "content": "<p></p>\n\r<p></p>\n\r<p></p>\n\r<p></p>",
 "remarks": "本词条内容暂未完善仅供参考，多频百科小编正在火速赶来",
 "remarksEn": "本词条内容暂未完善仅供参考，多频百科小编正在火速赶来",
 "status": 0,
 "clickNum": 0,
 "deleted": 0,
 "lang": 0,
 "chooseLang": false,
 "id": 688,
 "name": "Demented Music Inc ",
 "descriptions": "\n\r",
 "originalName": "",
 "foundTimeText": "2014",
 "foundAddress": "Stavanger, Rogaland, Norway",
 "founder": "El Bandito",
 "parentBrand": "",
 "childBrand": "",
 "majorStyle": "hip hop, metal, reggae",
 "delegateArtist": "",
 "officialUrl": "",
 "referenceUrl": "https://musicbrainz.org/label/216dfffe-476d-431a-9aae-46888f0b2146",
 "manageStatusText": "",
 "style": "Hip Hop Music, Electronic Reggae",
 "country": "挪威",
 "typeId": 14,
 "typeName": "厂牌",
 "dataId": 688,
 "url": "http://dropinapp.hearinmusic.com/#/ency?typeId=14&dataId=688"
}