{
 "pageNum": 1,
 "pageSize": 10,
 "params": {},
 "content": "<p>Dependent Records是一个德国的独立厂牌，主要关注ggrotech, electro-industrial, 和futurepop music。这个厂牌是在1999年1月Off Beat厂牌消亡后由前Off Beat A&amp;R经理Stefan Herwig和Eskil Simonsson（Covenant）、Johan Van Roy（Suicide Commando）、Bryan Erickson（Velvet Acid Christ）和Ronan Harris（VNV Nation）共同创立的。</p>\n<p>&nbsp;</p>\n<p>Stefan Herwig说：\"周围大多数公司大规模发行活动的策略，极大地伤害了音乐市场，造成了平庸产品的泛滥\"，\"Dependent将艺术家视为厂牌的内在组成部分，在一些最基本和根本的问题上咨询他们\"，Dependent的原则是质量优先于数量。</p>\n<p>&nbsp;</p>\n<p>通过Dependent Records发行音乐的艺术家包括Velvet Acid Christ、Suicide Commando、VNV Nation、Covenant、Klinik、Seabound、Apoptygma Berzerk、Dismantled、Ivory Frequency、Pride &amp; Fall、mind.in.a.box、Rotersand、Flesh Field、Fractured、Auto Aggression、Girls Under Glass和Iris。</p>\n<p>&nbsp;</p>\n<p>Dependent在2007年初宣布，一旦合同义务履行完毕，厂牌将向新艺术家关闭大门，这一声明以德文和英文的形式出现在Dependence的小册子中。Stefan Herwig在文中说：\"......我们估计，非法下载Dependent专辑的数量比合法购买的数量多出三倍甚至五倍\"。</p>\n<p>&nbsp;</p>\n<p>在厂牌关闭后，一个自称是Stefan Herwig的人将整个专辑目录上传到The Pirate Bay，这是一个主要的BitTorrent追踪器。Herwig否认此事，这使得这一切似乎是Torrentfreak散布的一个骗局。</p>\n<p>&nbsp;</p>\n<p>2009年5月15日，Herwig宣布Dependent厂牌将在当年夏天或秋天重新开业，与美国的Metropolis Records合作，主要是得到歌迷的支持和重新发挥该厂牌&ldquo;优质筛选&rdquo;新乐队的作用。</p>\n<p>&nbsp;</p>\n<p>&nbsp;</p>\n<p>&nbsp;</p>\n<p>&nbsp;</p>",
 "contentEn": "<div>\n<div class=\"document\">\n<p class=\"paragraph text-align-type-left pap-line-1.8 pap-line-rule-auto pap-spacing-before-2pt pap-spacing-after-2pt\" style=\"text-align: left; line-height: 180%; margin-top: 2.6666666666666665px; margin-bottom: 2.6666666666666665px;\"><span style=\"font-size: 11pt; font-family: SF Pro,PingFang SC,Microsoft YaHei,微软雅黑,Noto Sans CJK SC,sans-serif,Roboto,Droid Sans,Helvetica,Tahoma,Arial,Hiragino Sans GB,Heiti SC; font-weight: 400; font-style: normal; ;color: #111; background: transparent; letter-spacing: 0pt; vertical-align: baseline; white-space: pre;\">Dependent Records is a German independent record label that mainly focuses on aggrotech, electro-industrial, and futurepop music. The label was founded in January 1999 after the demise of the Off Beat label by former Off Beat A&amp;R manager Stefan Herwig along with Eskil Simonsson (Covenant), Johan Van Roy (Suicide Commando), Bryan Erickson (Velvet Acid Christ), and Ronan Harris (VNV Nation).</span></p>\n<p class=\"paragraph text-align-type-left pap-line-1.8 pap-line-rule-auto pap-spacing-before-2pt pap-spacing-after-2pt\" style=\"text-align: left; line-height: 180%; margin-top: 2.6666666666666665px; margin-bottom: 2.6666666666666665px;\">&nbsp;</p>\n<p class=\"paragraph text-align-type-left pap-line-1.8 pap-line-rule-auto pap-spacing-before-2pt pap-spacing-after-2pt\" style=\"text-align: left; line-height: 180%; margin-top: 2.6666666666666665px; margin-bottom: 2.6666666666666665px;\"><span style=\"font-size: 11pt; font-family: SF Pro,PingFang SC,Microsoft YaHei,微软雅黑,Noto Sans CJK SC,sans-serif,Roboto,Droid Sans,Helvetica,Tahoma,Arial,Hiragino Sans GB,Heiti SC; font-weight: 400; font-style: normal; ;color: #111; background: transparent; letter-spacing: 0pt; vertical-align: baseline; white-space: pre;\">Stefan Herwig has been quoted as saying that \"The strategy of mass release campaigns of most of the companies around, hurt the market significantly, and created a confusing flood of mediocre products\" and that \"Dependent considers the artists to be an integral part of the label, consulting them on some of the most basic and fundamental issues\" and that Dependent would have a philosophy of \"quality before quantity\".</span></p>\n<p class=\"paragraph text-align-type-left pap-line-1.8 pap-line-rule-auto pap-spacing-before-2pt pap-spacing-after-2pt\" style=\"text-align: left; line-height: 180%; margin-top: 2.6666666666666665px; margin-bottom: 2.6666666666666665px;\">&nbsp;</p>\n<p class=\"paragraph text-align-type-left pap-line-1.8 pap-line-rule-auto pap-spacing-before-2pt pap-spacing-after-2pt\" style=\"text-align: left; line-height: 180%; margin-top: 2.6666666666666665px; margin-bottom: 2.6666666666666665px;\"><span style=\"font-size: 11pt; font-family: SF Pro,PingFang SC,Microsoft YaHei,微软雅黑,Noto Sans CJK SC,sans-serif,Roboto,Droid Sans,Helvetica,Tahoma,Arial,Hiragino Sans GB,Heiti SC; font-weight: 400; font-style: normal; ;color: #111; background: transparent; letter-spacing: 0pt; vertical-align: baseline; white-space: pre;\">Artists that have released music through Dependent Records include Velvet Acid Christ, Suicide Commando, VNV Nation, Covenant, Klinik, Seabound, Apoptygma Berzerk, Dismantled, Ivory Frequency, Pride &amp; Fall, mind.in.a.box, Rotersand, Flesh Field, Fractured, Auto Aggression, Girls Under Glass, and Iris.</span></p>\n<p class=\"paragraph text-align-type-left pap-line-1.8 pap-line-rule-auto pap-spacing-before-2pt pap-spacing-after-2pt\" style=\"text-align: left; line-height: 180%; margin-top: 2.6666666666666665px; margin-bottom: 2.6666666666666665px;\">&nbsp;</p>\n<p class=\"paragraph text-align-type-left pap-line-1.8 pap-line-rule-auto pap-spacing-before-2pt pap-spacing-after-2pt\" style=\"text-align: left; line-height: 180%; margin-top: 2.6666666666666665px; margin-bottom: 2.6666666666666665px;\"><span style=\"font-size: 11pt; font-family: SF Pro,PingFang SC,Microsoft YaHei,微软雅黑,Noto Sans CJK SC,sans-serif,Roboto,Droid Sans,Helvetica,Tahoma,Arial,Hiragino Sans GB,Heiti SC; font-weight: 400; font-style: normal; ;color: #111; background: transparent; letter-spacing: 0pt; vertical-align: baseline; white-space: pre;\">Dependent announced at the start of 2007 that the label would close its doors to new artists and shut down once contractual obligations had been fulfilled, citing ongoing concerns with piracy. This announcement took the form of an essay in both German and English in the booklet to Dependence: Next Level Electronics Volume 2, a compilation featuring work by fourteen artists signed to the label, in which Stefan Herwig stated, \"...we estimate that illegal downloads of Dependent albums outnumber legal purchases by a factor of three or even five to one\".</span></p>\n<p class=\"paragraph text-align-type-left pap-line-1.8 pap-line-rule-auto pap-spacing-before-2pt pap-spacing-after-2pt\" style=\"text-align: left; line-height: 180%; margin-top: 2.6666666666666665px; margin-bottom: 2.6666666666666665px;\">&nbsp;</p>\n<p class=\"paragraph text-align-type-left pap-line-1.8 pap-line-rule-auto pap-spacing-before-2pt pap-spacing-after-2pt\" style=\"text-align: left; line-height: 180%; margin-top: 2.6666666666666665px; margin-bottom: 2.6666666666666665px;\"><span style=\"font-size: 11pt; font-family: SF Pro,PingFang SC,Microsoft YaHei,微软雅黑,Noto Sans CJK SC,sans-serif,Roboto,Droid Sans,Helvetica,Tahoma,Arial,Hiragino Sans GB,Heiti SC; font-weight: 400; font-style: normal; ;color: #111; background: transparent; letter-spacing: 0pt; vertical-align: baseline; white-space: pre;\">After the label closed down, a person claiming to be Stefan Herwig uploaded the whole back catalogue to The Pirate Bay, one of the major BitTorrent trackers. Herwig denied being responsible for this which makes it all seem to be a hoax spread by Torrentfreak.</span></p>\n<p class=\"paragraph text-align-type-left pap-line-1.8 pap-line-rule-auto pap-spacing-before-2pt pap-spacing-after-2pt\" style=\"text-align: left; line-height: 180%; margin-top: 2.6666666666666665px; margin-bottom: 2.6666666666666665px;\">&nbsp;</p>\n<p class=\"paragraph text-align-type-left pap-line-1.8 pap-line-rule-auto pap-spacing-before-2pt pap-spacing-after-2pt\" style=\"text-align: left; line-height: 180%; margin-top: 2.6666666666666665px; margin-bottom: 2.6666666666666665px;\"><span style=\"font-size: 11pt; font-family: SF Pro,PingFang SC,Microsoft YaHei,微软雅黑,Noto Sans CJK SC,sans-serif,Roboto,Droid Sans,Helvetica,Tahoma,Arial,Hiragino Sans GB,Heiti SC; font-weight: 400; font-style: normal; ;color: #111; background: transparent; letter-spacing: 0pt; vertical-align: baseline; white-space: pre;\">On May 15, 2009, Herwig announced that Dependent Records would reopen in the summer or fall of that year, partnering with the US-based Metropolis Records, citing fan support and the role of labels as \"quality filters\" for the vast number of new bands.</span></p>\n<p class=\"paragraph text-align-type-left pap-line-1.8 pap-line-rule-auto pap-spacing-before-2pt pap-spacing-after-2pt\" style=\"text-align: left; line-height: 180%; margin-top: 2.6666666666666665px; margin-bottom: 2.6666666666666665px;\">&nbsp;</p>\n<p class=\"paragraph text-align-type-left pap-line-1.8 pap-line-rule-auto pap-spacing-before-2pt pap-spacing-after-2pt\" style=\"text-align: left; line-height: 180%; margin-top: 2.6666666666666665px; margin-bottom: 2.6666666666666665px;\">&nbsp;</p>\n</div>\n</div>",
 "remarks": "本词条汉字内容由 @多频百科团队 翻译+编辑\n原文译自 https://en.wikipedia.org/wiki/Dependent_Records",
 "remarksEn": "本词条内容来自 https://en.wikipedia.org/wiki/Dependent_Records",
 "status": 1,
 "clickNum": 15,
 "deleted": 0,
 "lang": 0,
 "chooseLang": true,
 "id": 54,
 "name": "Dependent Records",
 "descriptions": "Dependent Records是一个德国的独立厂牌，主要关注ggrotech, electro-industrial, 和futurepop music。这个厂牌是在1999年1月Off Beat厂牌消亡后由前Off Beat A&R经理Stefan Herwig和Eskil Simonsson（Covenant）、Johan Van Roy（Suicide Commando）、Bryan Erickson（Velvet Acid Christ）和Ronan Harris（VNV Nation）共同创立的。",
 "picture": "https://duopin-community.oss-cn-shenzhen.aliyuncs.com/g21yx513g07dupwpbhn5.jpg",
 "originalName": "",
 "foundTimeText": "1999",
 "foundAddress": "Gelsenkirchen, North Rhine-Westphalia, Germany\r\n",
 "founder": "Stefan Herwig； Eskil Simonsson； Johan Van Roy；Bryan Erickson； Ronan Harris",
 "parentBrand": "Mindbase Strategic Consulting",
 "childBrand": "",
 "majorStyle": "Industrial, electro-industrial, futurepop, aggrotech",
 "delegateArtist": "Velvet Acid Christ、Suicide Commando、VNV Nation、Covenant、Klinik、Seabound、Apoptygma Berzerk、Dismantled、Ivory Frequency、Pride & Fall、mind.in.a.box、Rotersand、Flesh Field、Fractured、Auto Aggression、Girls Under Glass、Iris",
 "officialUrl": "http://www.dependent.de/",
 "referenceUrl": "https://en.wikipedia.org/wiki/Dependent_Records",
 "manageStatusText": "运营中",
 "style": "Industrial, electro-industrial, futurepop, aggrotech",
 "country": "德国",
 "typeId": 14,
 "typeName": "厂牌",
 "dataId": 54,
 "url": "http://dropinapp.hearinmusic.com/#/ency?typeId=14&dataId=54"
}