{
 "pageNum": 1,
 "pageSize": 10,
 "params": {},
 "content": "<p></p>\n\r<p></p>\n\r<p></p>\n\r<p></p>",
 "remarks": "本词条内容暂未完善仅供参考，多频百科小编正在火速赶来",
 "remarksEn": "本词条内容暂未完善仅供参考，多频百科小编正在火速赶来",
 "status": 0,
 "clickNum": 0,
 "deleted": 0,
 "lang": 0,
 "chooseLang": false,
 "id": 690,
 "name": "Depressive Illusions Records",
 "descriptions": "\nUkrainian underground record label & distro founded by Sergiy Fjordsson in 2009. Specializing in Black Metal, Dungeon Synth, Dark Ambient (and rarely also Noise, Doom Metal, Experimental) mostly in raw, harsh, lo-fi and ever primitive form of sound in various familiar forms: cd, cd-r, audio cassettes, vinyl, as well as in some non-standard audio formats, like: floppy diskettes, VHS cassettes, ree-to-reels, microcassettes, 8-track tapes etc. All releases are limited edition.\n\n",
 "picture": "https://duopin-community.oss-cn-shenzhen.aliyuncs.com/0b7xkfcentvp1didk6ag.jpg",
 "originalName": "",
 "foundTimeText": "2009",
 "foundAddress": "Ukraine",
 "founder": "",
 "parentBrand": "",
 "childBrand": "\nFloppy Noise Records, Spirits of the air records, Vibrio Cholerae Records",
 "majorStyle": "black metal, dark ambient",
 "delegateArtist": "",
 "officialUrl": "\thttp://depressiveillusions.com/",
 "referenceUrl": "https://musicbrainz.org/label/ce4c6532-a7a4-47e7-83c1-169e68e461df",
 "manageStatusText": "",
 "style": "Ambient, black metal",
 "country": "乌克兰",
 "typeId": 14,
 "typeName": "厂牌",
 "dataId": 690,
 "url": "http://dropinapp.hearinmusic.com/#/ency?typeId=14&dataId=690"
}