{
 "pageNum": 1,
 "pageSize": 10,
 "params": {},
 "content": "<p></p>\n\r<p></p>\n\r<p></p>\n\r<p></p>",
 "remarks": "本词条内容暂未完善仅供参考，多频百科小编正在火速赶来",
 "remarksEn": "本词条内容暂未完善仅供参考，多频百科小编正在火速赶来",
 "status": 0,
 "clickNum": 0,
 "deleted": 0,
 "lang": 0,
 "chooseLang": false,
 "id": 692,
 "name": "Despicable Records",
 "descriptions": "\n\r",
 "originalName": "Despicable Company；Despicable Media Group",
 "foundTimeText": "",
 "foundAddress": "United States",
 "founder": "\tJohn Louis (American singer-songwriter and producer) Benjamin Mariano",
 "parentBrand": "",
 "childBrand": "",
 "majorStyle": " acoustic rock, alternative rock, ambient, emo, hard rock",
 "delegateArtist": "",
 "officialUrl": "\thttp://despicablecompany.com/",
 "referenceUrl": "https://musicbrainz.org/label/bad2f958-9733-4d06-81c7-5a6cf892bcde/aliases",
 "manageStatusText": "",
 "style": "Ambient, Electronic Rock",
 "country": "美国",
 "typeId": 14,
 "typeName": "厂牌",
 "dataId": 692,
 "url": "http://dropinapp.hearinmusic.com/#/ency?typeId=14&dataId=692"
}