{
 "pageNum": 1,
 "pageSize": 10,
 "params": {},
 "content": "<p></p>\n\r<p></p>\n\r<p></p>\n\r<p></p>",
 "remarks": "本词条内容暂未完善仅供参考，多频百科小编正在火速赶来",
 "remarksEn": "本词条内容暂未完善仅供参考，多频百科小编正在火速赶来",
 "status": 0,
 "clickNum": 0,
 "deleted": 0,
 "lang": 0,
 "chooseLang": false,
 "id": 693,
 "name": "Detroit 7 Music",
 "descriptions": "\n\r",
 "originalName": "",
 "foundTimeText": "2015-03-15",
 "foundAddress": "",
 "founder": "\tDracoBoy",
 "parentBrand": "",
 "childBrand": "",
 "majorStyle": "hip hop, production music",
 "delegateArtist": "",
 "officialUrl": "",
 "referenceUrl": "https://musicbrainz.org/label/37fa7a14-e8ae-477e-8991-c3cb586162a2",
 "manageStatusText": "",
 "style": "Hip Hop Music, production music",
 "country": "",
 "typeId": 14,
 "typeName": "厂牌",
 "dataId": 693,
 "url": "http://dropinapp.hearinmusic.com/#/ency?typeId=14&dataId=693"
}