{
 "pageNum": 1,
 "pageSize": 10,
 "params": {},
 "content": "<div>\n<div class=\"document\">\n<p class=\"paragraph text-align-type-left pap-line-1.8 pap-line-rule-auto pap-spacing-before-2pt pap-spacing-after-2pt\">Deviant Records 是一家总部位于伦敦的厂牌，由出版商和音乐制作人 Rob Deacon 在 90 年代中期创立，发行处于其领域前沿的电子作品 - Pentatonik、Node（Flood、Ed Buller、Mel Wesson 和 Dave Bessell）、Schematix、The Orb、Humate、Phat Gecko（Luke Corradine）、Spooky和Witchman。在它支持了鲜为人知的 Paul Van Dyk（现在是世界上最成功的 DJ 之一）和 DJ Sammy（后来成为第一名）之后，它发展成为一个著名的舞蹈厂牌。</p>\n<p class=\"paragraph text-align-type-left pap-line-1.8 pap-line-rule-auto pap-spacing-before-2pt pap-spacing-after-2pt\">&nbsp;</p>\n<p class=\"paragraph text-align-type-left pap-line-1.8 pap-line-rule-auto pap-spacing-before-2pt pap-spacing-after-2pt\">随着下载量的增加以及音乐行业更多的公司整合，Rob 认为这是一个时代的终结，并于 2006 年选择解散 Deviant，并将其出售给Phoenix Music International Ltd。 Deacon 于 2007 年 9 月在划独木舟事故中去世 。</p>\n</div>\n</div>\n<div>\n<div class=\"document\">\n<p class=\"paragraph text-align-type-left pap-line-1.8 pap-line-rule-auto pap-spacing-before-2pt pap-spacing-after-2pt pap-left-indent-2em\">&nbsp;</p>\n</div>\n</div>",
 "contentEn": "<div>\n<div class=\"document\">\n<p class=\"paragraph text-align-type-left pap-line-1.8 pap-line-rule-auto pap-spacing-before-2pt pap-spacing-after-2pt\" style=\"text-align: left; line-height: 180%; margin-top: 2.6666666666666665px; margin-bottom: 2.6666666666666665px;\"><span style=\"font-size: 11pt; font-family: SF Pro,PingFang SC,Microsoft YaHei,微软雅黑,Noto Sans CJK SC,sans-serif,Roboto,Droid Sans,Helvetica,Tahoma,Arial,Hiragino Sans GB,Heiti SC; font-weight: 400; font-style: normal; ;color: #111; background: transparent; letter-spacing: 0pt; vertical-align: baseline; white-space: pre;\">Deviant Records was a London-based record label founded by publisher and music producer Rob Deacon in the mid 90s, releasing electronic works that were at the cutting edge in their field - Pentatonik, Node (Flood, Ed Buller, Mel Wesson &amp; Dave Bessell), Schematix, The Orb, Humate, Phat Gecko (Luke Corradine), Spooky and Witchman. It evolved into a bestselling dance label after it championed the little-known Paul Van Dyk, now one of the world's most successful DJs, and DJ Sammy, who went on to reach number one.</span></p>\n<p class=\"paragraph text-align-type-left pap-line-1.8 pap-line-rule-auto pap-spacing-before-2pt pap-spacing-after-2pt\" style=\"text-align: left; line-height: 180%; margin-top: 2.6666666666666665px; margin-bottom: 2.6666666666666665px;\">&nbsp;</p>\n<p class=\"paragraph text-align-type-left pap-line-1.8 pap-line-rule-auto pap-spacing-before-2pt pap-spacing-after-2pt\" style=\"text-align: left; line-height: 180%; margin-top: 2.6666666666666665px; margin-bottom: 2.6666666666666665px;\"><span style=\"font-size: 11pt; font-family: SF Pro,PingFang SC,Microsoft YaHei,微软雅黑,Noto Sans CJK SC,sans-serif,Roboto,Droid Sans,Helvetica,Tahoma,Arial,Hiragino Sans GB,Heiti SC; font-weight: 400; font-style: normal; ;color: #111; background: transparent; letter-spacing: 0pt; vertical-align: baseline; white-space: pre;\">With the increase in downloads and yet more corporate consolidation in the music industry, Rob decided it was the end of an era, and chose to dissolve Deviant in 2006 which he sold to Phoenix Music International Ltd. Deacon died in September 2007 in a canoeing accident.</span></p>\n<p class=\"paragraph text-align-type-left pap-line-1.8 pap-line-rule-auto pap-spacing-before-2pt pap-spacing-after-2pt\" style=\"text-align: left; line-height: 180%; margin-top: 2.6666666666666665px; margin-bottom: 2.6666666666666665px;\">&nbsp;</p>\n<p class=\"paragraph text-align-type-left pap-line-1.8 pap-line-rule-auto pap-spacing-before-2pt pap-spacing-after-2pt\" style=\"text-align: left; line-height: 180%; margin-top: 2.6666666666666665px; margin-bottom: 2.6666666666666665px;\">&nbsp;</p>\n</div>\n</div>",
 "remarks": "本词条汉字内容由 @多频百科团队 翻译+编辑\n原文译自 https://en.wikipedia.org/wiki/Deviant_Records",
 "remarksEn": "本词条内容来自 https://en.wikipedia.org/wiki/Deviant_Records",
 "status": 1,
 "clickNum": 19,
 "deleted": 0,
 "lang": 0,
 "chooseLang": true,
 "id": 55,
 "name": "Deviant Records",
 "descriptions": "Deviant Records 是一家总部位于伦敦的厂牌，由出版商和音乐制作人 Rob Deacon 在 90 年代中期创立，发行处于其领域前沿的电子作品 - Pentatonik、Node（Flood、Ed Buller、Mel Wesson 和 Dave Bessell）、Schematix、The Orb、Humate、Phat Gecko（Luke Corradine）、Spooky和Witchman。在它支持了鲜为人知的 Paul Van Dyk（现在是世界上最成功的 DJ 之一）和 DJ Sammy（后来成为第一名）之后，它发展成为一个著名的舞蹈厂牌。",
 "picture": "https://duopin-community.oss-cn-shenzhen.aliyuncs.com/pbv2zsj0a038zdpbxllm.jpg",
 "originalName": "",
 "foundTimeText": "1985",
 "foundAddress": "Paris, France",
 "founder": " Rob Deacon",
 "parentBrand": "",
 "childBrand": "",
 "majorStyle": "electronic",
 "delegateArtist": "",
 "officialUrl": "http://www.phoenixmusicinternational.com/",
 "referenceUrl": "https://en.wikipedia.org/wiki/Deviant_Records",
 "manageStatusText": "运营中",
 "style": "electronic",
 "country": "英国",
 "typeId": 14,
 "typeName": "厂牌",
 "dataId": 55,
 "url": "http://dropinapp.hearinmusic.com/#/ency?typeId=14&dataId=55"
}