{
 "pageNum": 1,
 "pageSize": 10,
 "params": {},
 "content": "<p></p>\n\r<p></p>\n\r<p></p>\n\r<p></p>",
 "remarks": "本词条内容暂未完善仅供参考，多频百科小编正在火速赶来",
 "remarksEn": "本词条内容暂未完善仅供参考，多频百科小编正在火速赶来",
 "status": 0,
 "clickNum": 0,
 "deleted": 0,
 "lang": 0,
 "chooseLang": false,
 "id": 694,
 "name": "DeVice",
 "descriptions": "\n\r",
 "originalName": "",
 "foundTimeText": "",
 "foundAddress": "",
 "founder": "",
 "parentBrand": "",
 "childBrand": "",
 "majorStyle": "drum and bass",
 "delegateArtist": "",
 "officialUrl": "",
 "referenceUrl": "https://musicbrainz.org/label/4968fc0d-48cf-450b-a831-eb974a2a9fb0",
 "manageStatusText": "",
 "style": "Drum and Bass",
 "country": "",
 "typeId": 14,
 "typeName": "厂牌",
 "dataId": 694,
 "url": "http://dropinapp.hearinmusic.com/#/ency?typeId=14&dataId=694"
}