{
 "pageNum": 1,
 "pageSize": 10,
 "params": {},
 "content": "<p></p>\n\r<p></p>\n\r<p></p>\n\r<p></p>",
 "remarks": "本词条内容暂未完善仅供参考，多频百科小编正在火速赶来",
 "remarksEn": "本词条内容暂未完善仅供参考，多频百科小编正在火速赶来",
 "status": 0,
 "clickNum": 0,
 "deleted": 0,
 "lang": 0,
 "chooseLang": false,
 "id": 695,
 "name": "Devotion Records",
 "descriptions": "Spanish based Techno label founded by Lucas Freire & Fernanda Martins.\n\n",
 "picture": "https://duopin-community.oss-cn-shenzhen.aliyuncs.com/vonxka0btfxdpdegv07o.jpg",
 "originalName": "",
 "foundTimeText": " 2015-05-11",
 "foundAddress": "Spain",
 "founder": "",
 "parentBrand": "",
 "childBrand": "",
 "majorStyle": " acid techno, experimental, techno",
 "delegateArtist": "",
 "officialUrl": "",
 "referenceUrl": "https://musicbrainz.org/label/5ad0a185-83a0-43ca-acbe-e7c22ba17df3",
 "manageStatusText": "",
 "style": "Techno, Experimental",
 "country": "西班牙",
 "typeId": 14,
 "typeName": "厂牌",
 "dataId": 695,
 "url": "http://dropinapp.hearinmusic.com/#/ency?typeId=14&dataId=695"
}