{
 "pageNum": 1,
 "pageSize": 10,
 "params": {},
 "content": "<p></p>\n\r<p></p>\n\r<p></p>\n\r<p></p>",
 "remarks": "本词条内容暂未完善仅供参考，多频百科小编正在火速赶来",
 "remarksEn": "本词条内容暂未完善仅供参考，多频百科小编正在火速赶来",
 "status": 0,
 "clickNum": 0,
 "deleted": 0,
 "lang": 0,
 "chooseLang": false,
 "id": 696,
 "name": "Dezi-Belle",
 "descriptions": "\nGerman label and vinyl factory from Berlin-Wedding.\n",
 "picture": "https://duopin-community.oss-cn-shenzhen.aliyuncs.com/b8u56g3xhc7o6v0kqslo.jpg",
 "originalName": "",
 "foundTimeText": "2012",
 "foundAddress": " Berlin, Germany",
 "founder": "",
 "parentBrand": "",
 "childBrand": "\nDezi Belle 7\" Series",
 "majorStyle": "hip hop",
 "delegateArtist": "",
 "officialUrl": "http://www.dezi-belle.com/",
 "referenceUrl": "https://musicbrainz.org/label/03c169e8-428a-4751-b11b-e06c3997270b",
 "manageStatusText": "",
 "style": "",
 "country": "",
 "typeId": 14,
 "typeName": "厂牌",
 "dataId": 696,
 "url": "http://dropinapp.hearinmusic.com/#/ency?typeId=14&dataId=696"
}