{
 "pageNum": 1,
 "pageSize": 10,
 "params": {},
 "relationEncy": "[{\"id\":15457,\"typeId\":12,\"dataId\":15457,\"name\":\"KSHMR\",\"url\":\"http://dropinapp.hearinmusic.com/#/ency?typeId=12&dataId=15457\"}]",
 "content": "<p>由制作人KSHMR在美国洛杉矶成立的电子音乐厂牌</p>",
 "contentEn": "",
 "remarks": "本词条内容由 @多频百科团队 编辑",
 "remarksEn": "本词条内容暂未完善仅供参考，多频百科小编正在火速赶来",
 "status": 1,
 "clickNum": 1,
 "deleted": 0,
 "lang": 0,
 "chooseLang": false,
 "id": 1964,
 "name": "Dharma Worldwide",
 "descriptions": "由制作人KSHMR在美国洛杉矶成立的电子音乐厂牌",
 "picture": "https://duopin-community.oss-cn-shenzhen.aliyuncs.com/image/2021/8/rt37hhvf7iytn68b2aow.jfif",
 "foundTimeText": "2017年",
 "foundAddress": "美国洛杉矶",
 "founder": "KSHMR",
 "majorStyle": "Electronic Dance Music, Pop EDM",
 "officialUrl": "https://www.dharmaworldwide.com/",
 "style": "综合, Pop EDM",
 "country": "美国",
 "typeId": 14,
 "typeName": "厂牌",
 "dataId": 1964,
 "url": "http://dropinapp.hearinmusic.com/#/ency?typeId=14&dataId=1964"
}