{
 "pageNum": 1,
 "pageSize": 10,
 "params": {},
 "content": "<div>\n<div class=\"document\">Dial Records是一个主要专注于post-minimal dance（又称deep house）的音乐厂牌。它由Peter M. Kersten、Paul Kominek和David Lieske于1999年在德国汉堡成立。该厂牌已经发行了许多有影响力的12寸和全长专辑，艺术家包括Lawrence、Carsten Jost、Pantha du Prince、Efdemin、John Roberts等。</div>\n</div>\n<div>\n<div class=\"document\">\n<p>&nbsp;</p>\n<p>&nbsp;</p>\n<div>\n<div class=\"document\">\n<p class=\"paragraph text-align-type-left pap-line-1.8 pap-line-rule-auto pap-spacing-before-2pt pap-spacing-after-2pt pap-left-indent-2em\">&nbsp;</p>\n</div>\n</div>\n</div>\n</div>",
 "contentEn": "<div>\n<div class=\"document\">\n<p class=\"paragraph text-align-type-left pap-line-1.8 pap-line-rule-auto pap-spacing-before-2pt pap-spacing-after-2pt\" style=\"text-align: left; line-height: 180%; margin-top: 2.6666666666666665px; margin-bottom: 2.6666666666666665px;\"><span style=\"font-size: 11pt; font-family: SF Pro,PingFang SC,Microsoft YaHei,微软雅黑,Noto Sans CJK SC,sans-serif,Roboto,Droid Sans,Helvetica,Tahoma,Arial,Hiragino Sans GB,Heiti SC; font-weight: 400; font-style: normal; ;color: #111; background: transparent; letter-spacing: 0pt; vertical-align: baseline; white-space: pre;\">Dial Records is a music label focusing primarily on post-minimalist dance music (aka. deep house). It was founded in 1999 in Hamburg, Germany by Peter M. Kersten, Paul Kominek and David Lieske. The Label has released a number of influential 12\" and full-length albums by artists such as Lawrence, Carsten Jost, Pantha du Prince, Efdemin, John Roberts and others.</span></p>\n</div>\n</div>",
 "remarks": "本词条汉字内容由 @多频百科团队 翻译+编辑\n原文译自 https://en.wikipedia.org/wiki/Dial_Records_(1999)",
 "remarksEn": "本词条内容来自 https://en.wikipedia.org/wiki/Dial_Records_(1999)",
 "status": 1,
 "clickNum": 12,
 "deleted": 0,
 "lang": 0,
 "chooseLang": true,
 "id": 57,
 "name": "Dial Records",
 "descriptions": "Dial Records是一个主要专注于post-minimal dance（又称deep house）的音乐厂牌。它由Peter M. Kersten、Paul Kominek和David Lieske于1999年在德国汉堡成立。该厂牌已经发行了许多有影响力的12寸和全长专辑，艺术家包括Lawrence、Carsten Jost、Pantha du Prince、Efdemin、John Roberts等。\n",
 "picture": "https://duopin-community.oss-cn-shenzhen.aliyuncs.com/2g2m1qngip7cv3lay3bp.jpg",
 "originalName": "",
 "foundTimeText": "1999",
 "foundAddress": "Berlin, Germany",
 "founder": "Peter M. Kersten；\nPaul Kominek；\nDavid Lieske；",
 "parentBrand": "",
 "childBrand": "",
 "majorStyle": "Techno, House",
 "delegateArtist": "Lawrence、Carsten Jost、Pantha du Prince、Efdemin、John Roberts\n\n\n\n",
 "officialUrl": "http://www.dial-rec.de/",
 "referenceUrl": "https://en.wikipedia.org/wiki/Dial_Records_(1999)",
 "manageStatusText": "运营中",
 "style": "Techno, House",
 "country": "德国",
 "typeId": 14,
 "typeName": "厂牌",
 "dataId": 57,
 "url": "http://dropinapp.hearinmusic.com/#/ency?typeId=14&dataId=57"
}