{
 "pageNum": 1,
 "pageSize": 10,
 "params": {},
 "content": "<p></p>\n\r<p></p>\n\r<p></p>\n\r<p></p>",
 "remarks": "本词条内容暂未完善仅供参考，多频百科小编正在火速赶来",
 "remarksEn": "本词条内容暂未完善仅供参考，多频百科小编正在火速赶来",
 "status": 0,
 "clickNum": 0,
 "deleted": 0,
 "lang": 0,
 "chooseLang": false,
 "id": 698,
 "name": "Die Stadt",
 "descriptions": "\nDie Stadt ist ein deutsches Independent-Label in Bremen mit Schwerpunkt auf experimenteller Musik. Das Label wurde 1995 von Jochen Schwarz gegründet.\n\nHighly acclaimed German experimental label that produces and distributes limited edition CDs and vinyl of new and archival work by David Jackman/Organum, The Hafler Trio, John Duncan, C.M. von Hausswolff, Richard H. Kirk, Asmus Tietchens, Thomas Köner, Kontakt der Jünglinge, Illusion of Safety, Mirror and more.",
 "picture": "https://duopin-community.oss-cn-shenzhen.aliyuncs.com/e0ab9wbs50b9lm5v28m0.jpg",
 "originalName": "",
 "foundTimeText": " 1995",
 "foundAddress": "Germany",
 "founder": "",
 "parentBrand": "",
 "childBrand": "\nAsmus Tietchens Rerelease Series",
 "majorStyle": " experimental",
 "delegateArtist": "",
 "officialUrl": "\thttp://www.diestadtmusik.de/",
 "referenceUrl": "https://musicbrainz.org/label/f8e85c6e-7f59-4d6d-8fcc-ebdb045feea6",
 "manageStatusText": "",
 "style": "",
 "country": "",
 "typeId": 14,
 "typeName": "厂牌",
 "dataId": 698,
 "url": "http://dropinapp.hearinmusic.com/#/ency?typeId=14&dataId=698"
}