{
 "pageNum": 1,
 "pageSize": 10,
 "params": {},
 "content": "<p>&nbsp;</p>\n<p>&nbsp;</p>\n<p>&nbsp;</p>\n<p><strong>Different Recordings</strong>&nbsp;is an electronic music label owned by the PIAS, an international independent music company. After a 3 year hiatus, the label returned in 2015 with a family of new signings from Claptone, Anna of the North, Vessels, KLLO, Infinity Ink and Denney. The label looks to champion a fresh crop of forward thinking, electronic artists.</p>\n<p>It was launched during the emergence of the French house scene and over the years has represented a broad range of electronic music with releases by artists such as Etienne de Crecy, Alex Gopher, Alan Braxe, Tiga, The Hacker, Felix Da Housecat, MSTRKRFT, Crystal Castles and Vitalic.</p>",
 "remarks": "本词条内容暂未完善仅供参考，多频百科小编正在火速赶来",
 "remarksEn": "本词条内容暂未完善仅供参考，多频百科小编正在火速赶来",
 "status": 0,
 "clickNum": 0,
 "deleted": 0,
 "lang": 0,
 "chooseLang": false,
 "id": 699,
 "name": "Different Recordings",
 "descriptions": "\n҂ Different is the electronic music label of the [PIAS] Entertainment Group. Different Recordings is the company name used for copyright and licensing credits. \nResponsible for releasing successful dance records like Etienne De Crecy’s original Super Discount and Vitalic’s OK Cowboy along with titles from Tiga, Crystal Castles, Agoria, Crystal Fighters and The Hacker; other artists on the label are Claptone, Vitalic, Abstraxion, Mr NÔ and M.S.K.\n\n",
 "picture": "https://duopin-community.oss-cn-shenzhen.aliyuncs.com/10cn5i0re1hn49qydh2y.jpg",
 "originalName": "",
 "foundTimeText": "",
 "foundAddress": "Belgium",
 "founder": "",
 "parentBrand": "\t[PIAS] Recordings",
 "childBrand": "",
 "majorStyle": "electronic, electronica",
 "delegateArtist": "",
 "officialUrl": "\thttp://www.differentrecordings.com/ [info] http://www.pias.com/different/ [info]",
 "referenceUrl": "https://musicbrainz.org/label/69862a8f-e2cd-4261-81a3-2a3f545a3562",
 "manageStatusText": "",
 "style": "Electronic, Electronica",
 "country": "比利时",
 "typeId": 14,
 "typeName": "厂牌",
 "dataId": 699,
 "url": "http://dropinapp.hearinmusic.com/#/ency?typeId=14&dataId=699"
}