{
 "pageNum": 1,
 "pageSize": 10,
 "params": {},
 "content": "<p></p>\n\r<p></p>\n\r<p></p>\n\r<p></p>",
 "remarks": "本词条内容暂未完善仅供参考，多频百科小编正在火速赶来",
 "remarksEn": "本词条内容暂未完善仅供参考，多频百科小编正在火速赶来",
 "status": 0,
 "clickNum": 0,
 "deleted": 0,
 "lang": 0,
 "chooseLang": false,
 "id": 700,
 "name": "Diffrent Music",
 "descriptions": "\n\n\nAlso appears as \"Diffrent\" only \nLondon based independent record label run by Chris Dexta, Ben Funks, Rob Vanden & James Hillah established in 2010.",
 "picture": "https://duopin-community.oss-cn-shenzhen.aliyuncs.com/ns0d2nuoejjfeyq5uqm5.jpg",
 "originalName": "",
 "foundTimeText": " 2010-03-01",
 "foundAddress": "London, England, United Kingdom",
 "founder": "\tChris Royle ",
 "parentBrand": "",
 "childBrand": "\nDiffrent Music Podcast, GiraffeStep, SweetBox",
 "majorStyle": "drum and bass",
 "delegateArtist": "",
 "officialUrl": "",
 "referenceUrl": "https://musicbrainz.org/label/ae98442d-6285-4b98-a931-1f599dc4549d",
 "manageStatusText": "",
 "style": "Drum and Bass",
 "country": "英国",
 "typeId": 14,
 "typeName": "厂牌",
 "dataId": 700,
 "url": "http://dropinapp.hearinmusic.com/#/ency?typeId=14&dataId=700"
}