{
 "pageNum": 1,
 "pageSize": 10,
 "params": {},
 "content": "<p></p>\n\r<p></p>\n\r<p></p>\n\r<p></p>",
 "remarks": "本词条内容暂未完善仅供参考，多频百科小编正在火速赶来",
 "remarksEn": "本词条内容暂未完善仅供参考，多频百科小编正在火速赶来",
 "status": 0,
 "clickNum": 0,
 "deleted": 0,
 "lang": 0,
 "chooseLang": false,
 "id": 701,
 "name": "Digital Diamonds",
 "descriptions": "\n\nGerman Netlabel founded in 2006 by Alic focusing on high quality blend of techno and trance music.\nAll releases are available as MP3- and WAV-encoded files except those with a catalog number suffixed by a M which are only available as MP3s. The download is free of charge!\n",
 "picture": "https://duopin-community.oss-cn-shenzhen.aliyuncs.com/xqij02c6dthftyv8qorv.jpg",
 "originalName": "",
 "foundTimeText": "2006-10-15",
 "foundAddress": "Germany",
 "founder": "\tAlic",
 "parentBrand": "",
 "childBrand": "",
 "majorStyle": "electronic, minimal, progressive, psychedelic, techno",
 "delegateArtist": "",
 "officialUrl": "\thttp://www.digital-diamonds.com/",
 "referenceUrl": "https://musicbrainz.org/label/8c971ee5-af7c-4958-9cf2-0bdfbe55d6f3",
 "manageStatusText": "",
 "style": "Electronic, Techno, progressive, psychedelic",
 "country": "德国",
 "typeId": 14,
 "typeName": "厂牌",
 "dataId": 701,
 "url": "http://dropinapp.hearinmusic.com/#/ency?typeId=14&dataId=701"
}