{
 "pageNum": 1,
 "pageSize": 10,
 "params": {},
 "content": "<p>Digital Hardcore Recordings（DHR）是一个由Alec Empire、Joel Amaretto和Pete Lawton于1994年建立的厂牌。大部分的音乐都是在柏林录制的，尽管厂牌的总部在伦敦，唱片也是在那里制作的。建立这个厂牌的资金来自于Atari Teenage Riot与英国主要厂牌Phonogram Records中止的唱片合约所收到的款项。</p>\n<p>&nbsp;</p>\n<p>该厂牌因其对digital hardcore音乐风格的阐述而备受赞誉--\"Digital hardcore \"不仅指厂牌本身，也指其艺术家帮助创造的流派。时至今日，有几位艺术家虽然不属于DHR厂牌，但都将自己归类为数字硬核音乐，切实证明了DHR在工业/电子场景以及摇滚/金属场景中的真实影响力。</p>\n<div>\n<div class=\"document\">\n<p class=\"paragraph text-align-type-left pap-line-1.8 pap-line-rule-auto pap-spacing-before-2pt pap-spacing-after-2pt\">&nbsp;</p>\n<p class=\"paragraph text-align-type-left pap-line-1.8 pap-line-rule-auto pap-spacing-before-2pt pap-spacing-after-2pt\">1995年，DHR发行了它的第一张专辑（他们之前只在1994年发行了一张12寸唱片）和一张合辑《Harder Than The Rest》。Digital Hardcore Festival的活动在德国几个城市举行，柏林的Suicide Club，由ATR的一个朋友经营，为EC8OR等新乐队提供了一个平台。DHR的消息传到了日本、美国、澳大利亚和欧洲的地下场景，BBC电台1的DJ John Peel听说了DHR，并邀请Atari Teenage Riot在伦敦演出。</p>\n<p class=\"paragraph text-align-type-left pap-line-1.8 pap-line-rule-auto pap-spacing-before-2pt pap-spacing-after-2pt\">&nbsp;</p>\n<p class=\"paragraph text-align-type-left pap-line-1.8 pap-line-rule-auto pap-spacing-before-2pt pap-spacing-after-2pt\">1996年，DHR在Beastie Boys的Grand Royal厂牌上达成了在美国的发行协议，然后DHR在美国和东南亚进行了巡演。Atari Teenage Riot为Jon Spencer Blues Explosion、Beck、Rage Against the Machine和Wu-Tang Clan等乐队进行了巡演。1997年，Atari Teenage Riot、Shizuo和Ec8or开始了在美国的数字硬核巡演。</p>\n<p class=\"paragraph text-align-type-left pap-line-1.8 pap-line-rule-auto pap-spacing-before-2pt pap-spacing-after-2pt\">&nbsp;</p>\n<p class=\"paragraph text-align-type-left pap-line-1.8 pap-line-rule-auto pap-spacing-before-2pt pap-spacing-after-2pt\">1998年，DHR在纽约市设立了办公室，在柏林设立了工作室。在随后的几年里，由于成员Carl Crack的精神失常（以及随后的死亡），Atari Teenage Riot承受了很大的压力，其中包括其他原因。到2000年，DHR所处的柏林音乐界正在衰落，Atari Teenage Riot解散了，没有新的团体或艺术家被签到DHR。在那一年的年底，Alec Empire决定重组DHR，并开始了新专辑的筹备工作。</p>\n<p class=\"paragraph text-align-type-left pap-line-1.8 pap-line-rule-auto pap-spacing-before-2pt pap-spacing-after-2pt\">&nbsp;</p>\n<p class=\"paragraph text-align-type-left pap-line-1.8 pap-line-rule-auto pap-spacing-before-2pt pap-spacing-after-2pt\">2001年，Empire发行了Intelligence and Sacrifice，并在美国进行了演出。他开始意识到那里不断发展的数字硬核场景，在DHR上发行了一张美国乐队的合辑，名为Don&rsquo;t Fuck With Us!。</p>\n<p class=\"paragraph text-align-type-left pap-line-1.8 pap-line-rule-auto pap-spacing-before-2pt pap-spacing-after-2pt\">&nbsp;</p>\n<p class=\"paragraph text-align-type-left pap-line-1.8 pap-line-rule-auto pap-spacing-before-2pt pap-spacing-after-2pt\">尽管现在人们认为 DHR 的影响力不如上世纪 90 年代，但 DHR 在breakcore出现的过程中所起的作用，以及推广其艺术家所创作的音乐，还是得到了广泛的认可。</p>\n<p class=\"paragraph text-align-type-left pap-line-1.8 pap-line-rule-auto pap-spacing-before-2pt pap-spacing-after-2pt\">&nbsp;</p>\n</div>\n</div>",
 "contentEn": "<div>\n<div class=\"document\">\n<p class=\"paragraph text-align-type-left pap-line-1.8 pap-line-rule-auto pap-spacing-before-2pt pap-spacing-after-2pt\" style=\"text-align: left; line-height: 180%; margin-top: 2.6666666666666665px; margin-bottom: 2.6666666666666665px;\"><span style=\"font-size: 11pt; font-family: SF Pro,PingFang SC,Microsoft YaHei,微软雅黑,Noto Sans CJK SC,sans-serif,Roboto,Droid Sans,Helvetica,Tahoma,Arial,Hiragino Sans GB,Heiti SC; font-weight: 400; font-style: normal; ;color: #111; background: transparent; letter-spacing: 0pt; vertical-align: baseline; white-space: pre;\">Digital Hardcore Recordings (DHR) is a record label set up in 1994 by Alec Empire, Joel Amaretto and Pete Lawton. Most of the music is recorded in Berlin, though the label is based in London where the records are mastered and manufactured. The funds for setting up the label came from the payment which Atari Teenage Riot received for their aborted record deal with the major UK record label Phonogram Records.</span></p>\n<p class=\"paragraph text-align-type-left pap-line-1.8 pap-line-rule-auto pap-spacing-before-2pt pap-spacing-after-2pt\" style=\"text-align: left; line-height: 180%; margin-top: 2.6666666666666665px; margin-bottom: 2.6666666666666665px;\">&nbsp;</p>\n<p class=\"paragraph text-align-type-left pap-line-1.8 pap-line-rule-auto pap-spacing-before-2pt pap-spacing-after-2pt\" style=\"text-align: left; line-height: 180%; margin-top: 2.6666666666666665px; margin-bottom: 2.6666666666666665px;\"><span style=\"font-size: 11pt; font-family: SF Pro,PingFang SC,Microsoft YaHei,微软雅黑,Noto Sans CJK SC,sans-serif,Roboto,Droid Sans,Helvetica,Tahoma,Arial,Hiragino Sans GB,Heiti SC; font-weight: 400; font-style: normal; ;color: #111; background: transparent; letter-spacing: 0pt; vertical-align: baseline; white-space: pre;\">The label is acclaimed for its articulation of the digital hardcore style of music - \"Digital hardcore\" is used not only to refer to the record label itself, but to the genre that its artists helped to create. Several artists to this day, though not affiliated with the DHR label, would classify themselves as digital hardcore, tangible proof of DHR's solid influence on the industrial/electronic scene as well as on the rock/metal-scene.</span></p>\n<p class=\"paragraph text-align-type-left pap-line-1.8 pap-line-rule-auto pap-spacing-before-2pt pap-spacing-after-2pt\" style=\"text-align: left; line-height: 180%; margin-top: 2.6666666666666665px; margin-bottom: 2.6666666666666665px;\">&nbsp;</p>\n<p class=\"paragraph text-align-type-left pap-line-1.8 pap-line-rule-auto pap-spacing-before-2pt pap-spacing-after-2pt\" style=\"text-align: left; line-height: 180%; margin-top: 2.6666666666666665px; margin-bottom: 2.6666666666666665px;\"><span style=\"font-size: 11pt; font-family: SF Pro,PingFang SC,Microsoft YaHei,微软雅黑,Noto Sans CJK SC,sans-serif,Roboto,Droid Sans,Helvetica,Tahoma,Arial,Hiragino Sans GB,Heiti SC; font-weight: 400; font-style: normal; ;color: #111; background: transparent; letter-spacing: 0pt; vertical-align: baseline; white-space: pre;\">In 1995 DHR released its first album (they had previously only released a 12\" in 1994) and a compilation, Harder Than The Rest. Digital Hardcore Festival events were held in several German cities, and the Suicide Club in Berlin, run by a friend of ATR, provided a platform to new bands such as EC8OR. The word about DHR spread to underground scenes in Japan, USA, Australia and Europe. BBC Radio 1 DJ John Peel heard about DHR and invited Atari Teenage Riot to play in London.</span></p>\n<p class=\"paragraph text-align-type-left pap-line-1.8 pap-line-rule-auto pap-spacing-before-2pt pap-spacing-after-2pt\" style=\"text-align: left; line-height: 180%; margin-top: 2.6666666666666665px; margin-bottom: 2.6666666666666665px;\">&nbsp;</p>\n<p class=\"paragraph text-align-type-left pap-line-1.8 pap-line-rule-auto pap-spacing-before-2pt pap-spacing-after-2pt\" style=\"text-align: left; line-height: 180%; margin-top: 2.6666666666666665px; margin-bottom: 2.6666666666666665px;\"><span style=\"font-size: 11pt; font-family: SF Pro,PingFang SC,Microsoft YaHei,微软雅黑,Noto Sans CJK SC,sans-serif,Roboto,Droid Sans,Helvetica,Tahoma,Arial,Hiragino Sans GB,Heiti SC; font-weight: 400; font-style: normal; ;color: #111; background: transparent; letter-spacing: 0pt; vertical-align: baseline; white-space: pre;\">In 1996 DHR made a distribution deal for the US on the Beastie Boys' Grand Royal label then DHR toured there and South East Asia. Atari Teenage Riot toured in support of bands such as Jon Spencer Blues Explosion, Beck, Rage Against the Machine and Wu-Tang Clan. In 1997 Atari Teenage Riot, Shizuo and Ec8or embarked on a Digital Hardcore tour of the United States.</span></p>\n<p class=\"paragraph text-align-type-left pap-line-1.8 pap-line-rule-auto pap-spacing-before-2pt pap-spacing-after-2pt\" style=\"text-align: left; line-height: 180%; margin-top: 2.6666666666666665px; margin-bottom: 2.6666666666666665px;\">&nbsp;</p>\n<p class=\"paragraph text-align-type-left pap-line-1.8 pap-line-rule-auto pap-spacing-before-2pt pap-spacing-after-2pt\" style=\"text-align: left; line-height: 180%; margin-top: 2.6666666666666665px; margin-bottom: 2.6666666666666665px;\"><span style=\"font-size: 11pt; font-family: SF Pro,PingFang SC,Microsoft YaHei,微软雅黑,Noto Sans CJK SC,sans-serif,Roboto,Droid Sans,Helvetica,Tahoma,Arial,Hiragino Sans GB,Heiti SC; font-weight: 400; font-style: normal; ;color: #111; background: transparent; letter-spacing: 0pt; vertical-align: baseline; white-space: pre;\">In 1998 DHR established an office in New York City and its studios in Berlin. In the ensuing years Atari Teenage Riot came under a lot of pressure, amongst other reasons because of member Carl Crack's psychosis (and subsequent death). By 2000 the Berlin music scene in which DHR had found its place was declining, Atari Teenage Riot disbanded and no new groups or artists were being signed to DHR. At the end of that year Alec Empire decided to restructure DHR and began work on a new album.</span></p>\n<p class=\"paragraph text-align-type-left pap-line-1.8 pap-line-rule-auto pap-spacing-before-2pt pap-spacing-after-2pt\" style=\"text-align: left; line-height: 180%; margin-top: 2.6666666666666665px; margin-bottom: 2.6666666666666665px;\">&nbsp;</p>\n<p class=\"paragraph text-align-type-left pap-line-1.8 pap-line-rule-auto pap-spacing-before-2pt pap-spacing-after-2pt\" style=\"text-align: left; line-height: 180%; margin-top: 2.6666666666666665px; margin-bottom: 2.6666666666666665px;\"><span style=\"font-size: 11pt; font-family: SF Pro,PingFang SC,Microsoft YaHei,微软雅黑,Noto Sans CJK SC,sans-serif,Roboto,Droid Sans,Helvetica,Tahoma,Arial,Hiragino Sans GB,Heiti SC; font-weight: 400; font-style: normal; ;color: #111; background: transparent; letter-spacing: 0pt; vertical-align: baseline; white-space: pre;\">In 2001 Empire released Intelligence and Sacrifice and played shows in the US. He became aware of the growing digital hardcore scene there, releasing a compilation of American bands on DHR entitled Don&rsquo;t Fuck With Us!</span></p>\n<p class=\"paragraph text-align-type-left pap-line-1.8 pap-line-rule-auto pap-spacing-before-2pt pap-spacing-after-2pt\" style=\"text-align: left; line-height: 180%; margin-top: 2.6666666666666665px; margin-bottom: 2.6666666666666665px;\">&nbsp;</p>\n<p class=\"paragraph text-align-type-left pap-line-1.8 pap-line-rule-auto pap-spacing-before-2pt pap-spacing-after-2pt\" style=\"text-align: left; line-height: 180%; margin-top: 2.6666666666666665px; margin-bottom: 2.6666666666666665px;\"><span style=\"font-size: 11pt; font-family: SF Pro,PingFang SC,Microsoft YaHei,微软雅黑,Noto Sans CJK SC,sans-serif,Roboto,Droid Sans,Helvetica,Tahoma,Arial,Hiragino Sans GB,Heiti SC; font-weight: 400; font-style: normal; ;color: #111; background: transparent; letter-spacing: 0pt; vertical-align: baseline; white-space: pre;\">Although at present the label is seen as less influential than it was in the 1990s, DHR is nevertheless recognised for its role in the emergence of breakcore, as well as promoting music its artists believed in.</span></p>\n<p class=\"paragraph text-align-type-left pap-line-1.8 pap-line-rule-auto pap-spacing-before-2pt pap-spacing-after-2pt\" style=\"text-align: left; line-height: 180%; margin-top: 2.6666666666666665px; margin-bottom: 2.6666666666666665px;\">&nbsp;</p>\n<p class=\"paragraph text-align-type-left pap-line-1.8 pap-line-rule-auto pap-spacing-before-2pt pap-spacing-after-2pt\" style=\"text-align: left; line-height: 180%; margin-top: 2.6666666666666665px; margin-bottom: 2.6666666666666665px;\">&nbsp;</p>\n</div>\n</div>",
 "remarks": "本词条汉字内容由 @多频百科团队 翻译+编辑\n原文译自 https://en.wikipedia.org/wiki/Digital_Hardcore_Recordings",
 "remarksEn": "本词条内容来自 https://en.wikipedia.org/wiki/Digital_Hardcore_Recordings",
 "status": 1,
 "clickNum": 10,
 "deleted": 0,
 "lang": 0,
 "chooseLang": true,
 "id": 58,
 "name": "Digital Hardcore Recordings",
 "descriptions": "Digital Hardcore Recordings（DHR）是一个由Alec Empire、Joel Amaretto和Pete Lawton于1994年建立的厂牌。大部分的音乐都是在柏林录制的，尽管厂牌的总部在伦敦，唱片也是在那里制作的。建立这个厂牌的资金来自于Atari Teenage Riot与英国主要厂牌Phonogram Records中止的唱片合约所收到的款项。",
 "picture": "https://duopin-community.oss-cn-shenzhen.aliyuncs.com/p86yqt2sisoi8bck96jz.jpg",
 "originalName": "DHR",
 "foundTimeText": "1994",
 "foundAddress": "London, England",
 "founder": "Joel Amaretto；\nAlec Empire；\nPete Lawton",
 "parentBrand": "",
 "childBrand": "",
 "majorStyle": "digital hardcore",
 "delegateArtist": "",
 "officialUrl": "http://www.digitalhardcore.com/",
 "referenceUrl": "https://en.wikipedia.org/wiki/Digital_Hardcore_Recordings",
 "manageStatusText": "运营中",
 "style": "digital hardcore",
 "country": "英国",
 "typeId": 14,
 "typeName": "厂牌",
 "dataId": 58,
 "url": "http://dropinapp.hearinmusic.com/#/ency?typeId=14&dataId=58"
}