{
 "pageNum": 1,
 "pageSize": 10,
 "params": {},
 "content": "<p></p>\n\r<p></p>\n\r<p></p>\n\r<p></p>",
 "remarks": "本词条内容暂未完善仅供参考，多频百科小编正在火速赶来",
 "remarksEn": "本词条内容暂未完善仅供参考，多频百科小编正在火速赶来",
 "status": 0,
 "clickNum": 0,
 "deleted": 0,
 "lang": 0,
 "chooseLang": false,
 "id": 703,
 "name": "Digital Soundboy",
 "descriptions": "\nDrum 'n' Bass & Dubstep label from the UK started in 2005. It's run by Andre Williams better known as Shy FX.\n\n",
 "picture": "https://duopin-community.oss-cn-shenzhen.aliyuncs.com/l2ifjynojmt8vlryjwp0.jpg",
 "originalName": "",
 "foundTimeText": "2005-08",
 "foundAddress": "United Kingdom",
 "founder": "\tShy FX",
 "parentBrand": "",
 "childBrand": "",
 "majorStyle": "drum and bass",
 "delegateArtist": "",
 "officialUrl": "\thttp://www.digitalsoundboy.com/",
 "referenceUrl": "https://musicbrainz.org/label/0638281a-3be0-45e5-81da-2025c1eee08b",
 "manageStatusText": "",
 "style": "",
 "country": "",
 "typeId": 14,
 "typeName": "厂牌",
 "dataId": 703,
 "url": "http://dropinapp.hearinmusic.com/#/ency?typeId=14&dataId=703"
}