{
 "pageNum": 1,
 "pageSize": 10,
 "params": {},
 "content": "<p></p>\n\r<p></p>\n\r<p></p>\n\r<p></p>",
 "remarks": "本词条内容暂未完善仅供参考，多频百科小编正在火速赶来",
 "remarksEn": "本词条内容暂未完善仅供参考，多频百科小编正在火速赶来",
 "status": 0,
 "clickNum": 0,
 "deleted": 0,
 "lang": 0,
 "chooseLang": false,
 "id": 702,
 "name": "Digital Om Productions",
 "descriptions": "\n\nPsychedelic Trance / Progressive Trance label based in India & Nepal\n",
 "picture": "https://duopin-community.oss-cn-shenzhen.aliyuncs.com/3aveeoxjs5mvev605mod.jpg",
 "originalName": "",
 "foundTimeText": "",
 "foundAddress": "India",
 "founder": "",
 "parentBrand": "",
 "childBrand": "\nSamaa Records",
 "majorStyle": "psytrance",
 "delegateArtist": "",
 "officialUrl": "",
 "referenceUrl": "https://musicbrainz.org/label/f2d656bd-f3f9-4aac-ba42-f5abf606236e",
 "manageStatusText": "",
 "style": "Trance",
 "country": "印度",
 "typeId": 14,
 "typeName": "厂牌",
 "dataId": 702,
 "url": "http://dropinapp.hearinmusic.com/#/ency?typeId=14&dataId=702"
}