{
 "pageNum": 1,
 "pageSize": 10,
 "params": {},
 "relationChannel": "[{\"id\":1055,\"parentId\":9,\"name\":\"DIM MAK\"}]",
 "content": "<div>\n<div class=\"document\">\n<div>\n<div class=\"document\">\n<p class=\"paragraph text-align-type-left pap-line-1.8 pap-line-rule-auto pap-spacing-before-2pt pap-spacing-after-2pt\" style=\"text-align: left; line-height: 180%; margin-top: 2.6666666666666665px; margin-bottom: 2.6666666666666665px;\"><span style=\"font-size: 11pt; font-family: SF Pro,PingFang SC,Microsoft YaHei,微软雅黑,Noto Sans CJK SC,sans-serif,Roboto,Droid Sans,Helvetica,Tahoma,Arial,Hiragino Sans GB,Heiti SC; font-weight: 400; font-style: normal; ;color: #111; background: transparent; letter-spacing: 0pt; vertical-align: baseline; white-space: pre;\">Dim Mak Records是一家洛杉矶独立厂牌、活动承办公司、及生活方式品牌。由Steve Aoki于1996年创立。该厂牌发行的音乐风格包括punk，indie rock，hardcore, hip hop，electronic dance 。</span></p>\n<p class=\"paragraph text-align-type-left pap-line-1.8 pap-line-rule-auto pap-spacing-before-2pt pap-spacing-after-2pt\" style=\"text-align: left; line-height: 180%; margin-top: 2.6666666666666665px; margin-bottom: 2.6666666666666665px;\">&nbsp;</p>\n</div>\n</div>\n<p class=\"paragraph text-align-type-left pap-line-1.8 pap-line-rule-auto pap-spacing-before-2pt pap-spacing-after-2pt\" style=\"text-align: justify;\"><strong>历史</strong></p>\n<p class=\"paragraph text-align-type-left pap-line-1.8 pap-line-rule-auto pap-spacing-before-2pt pap-spacing-after-2pt\" style=\"text-align: justify;\"><span style=\"text-decoration: underline;\">早期</span></p>\n<p class=\"paragraph text-align-type-left pap-line-1.8 pap-line-rule-auto pap-spacing-before-2pt pap-spacing-after-2pt\" style=\"text-align: justify;\">Steve Aoki于1996岁时在加利福尼亚大学宿舍里开创了Dim Mak Record，那一天他19岁。Dim Mak这个名词是来自一个李小龙的武术触杀术。Dim Mak Record发行的第一张唱片是一个hardcore punk乐队的7英寸唱片，名为Stickfigurecarousel。在成立Dim Mak之前，Aoki曾大量参与当地hardcore punk的活动。他为一家小型杂志撰稿，经常有人寄给他试听曲和专辑，请他撰写评论。同时，他开始在自己大学宿舍的起居室里主持hardcore punk表演，他的宿舍后来被称为&ldquo;the pickle patch&rdquo;，数百位音乐人在这里举行表演以换取一个留宿之处，包括The Rapture, Jimmy Eat World, Atom &amp; His Package等。在早期建立的这些情谊是后期形成Dim Mak Record的重要基础。2001年，Dim Mak Reocrd发布了首个全国著名的唱片， 是Pretty Girls Make Graves发布的同名EP。2002年，随着这张唱片和《The Kills' Black Rooster》的成功，Aoki将Dim Mak Record搬到了洛杉矶，并在这迎来这个厂牌的第二个时代。</p>\n<p class=\"paragraph text-align-type-left pap-line-1.8 pap-line-rule-auto pap-spacing-before-2pt pap-spacing-after-2pt\" style=\"text-align: justify;\">&nbsp;</p>\n<p class=\"paragraph text-align-type-left pap-line-1.8 pap-line-rule-auto pap-spacing-before-2pt pap-spacing-after-2pt\" style=\"text-align: justify;\"><span style=\"text-decoration: underline;\">独立摇滚时代</span></p>\n<p class=\"paragraph text-align-type-left pap-line-1.8 pap-line-rule-auto pap-spacing-before-2pt pap-spacing-after-2pt\" style=\"text-align: justify;\">2003，Dim-Mak Record开始开发独立摇滚艺术家。第一个是英国乐队Bloc Party，这个乐队给Aoki邮寄了一张7英寸的唱片《She's hearing voice》后，与Dim Mak Rrcord签约。不久之后，Dim Mak Record与VICE（大西洋唱片公司的子公司）达成关于bloc party的合作，这标志着Dim Mak与一家大厂牌达成了第一笔交易。2005年，Dim Mak和Atlantic联手发行了Bloc Party的首张专辑《Silent Alarm》，这张专辑销量超过35万张。</p>\n<p class=\"paragraph text-align-type-left pap-line-1.8 pap-line-rule-auto pap-spacing-before-2pt pap-spacing-after-2pt\" style=\"text-align: justify;\">&nbsp;</p>\n<p class=\"paragraph text-align-type-left pap-line-1.8 pap-line-rule-auto pap-spacing-before-2pt pap-spacing-after-2pt\" style=\"text-align: justify;\"><span style=\"text-decoration: underline;\">电子时代</span></p>\n<p class=\"paragraph text-align-type-left pap-line-1.8 pap-line-rule-auto pap-spacing-before-2pt pap-spacing-after-2pt\" style=\"text-align: justify;\">随着underground舞曲的发展，Dim Mak与时俱进，步入了电子时代。这个时代 Dim mak发行的最大的单曲之一是Steve Aoki与The Bloody Beetroots乐队合作推出的《Warp 1.9》。Thump把这首歌放在了101首有史以来最好的EDM歌曲排行榜的第19位，并称赞其为&rdquo;硕果累累的磨擦岁月中，一首决定性的曲目&rdquo;。</p>\n<p class=\"paragraph text-align-type-left pap-line-1.8 pap-line-rule-auto pap-spacing-before-2pt pap-spacing-after-2pt\" style=\"text-align: justify;\">&nbsp;</p>\n<p class=\"paragraph text-align-type-left pap-line-1.8 pap-line-rule-auto pap-spacing-before-2pt pap-spacing-after-2pt\" style=\"text-align: justify;\">大约在同一时间，Dim Mak发行了Mstrkrft的一张专辑《Fist of God》，将major pop和hip pop音乐推上了电子音乐舞台。</p>\n<p class=\"paragraph text-align-type-left pap-line-1.8 pap-line-rule-auto pap-spacing-before-2pt pap-spacing-after-2pt\" style=\"text-align: justify;\">&nbsp;</p>\n<p class=\"paragraph text-align-type-left pap-line-1.8 pap-line-rule-auto pap-spacing-before-2pt pap-spacing-after-2pt\" style=\"text-align: justify;\"><strong>New Noise平台</strong></p>\n<p class=\"paragraph text-align-type-left pap-line-1.8 pap-line-rule-auto pap-spacing-before-2pt pap-spacing-after-2pt\" style=\"text-align: justify;\">New Noise是Dim Mak最新推出的音乐平台，专注于各个流派最前沿的新兴艺术家。New Noise于2010年推出，由Steve Aoki队伍精心挑选的新面孔集结而成。2015年，该平台演变成了一个免费下载平台，没两周可以下载一首。Ghastly的underground house单曲《Every Night》是该平台发布的第一单曲。自2016年以来，New Noise的定位是一种无版权模式，允许Twitch用户和业余YouTube创作者在直播社区和视频里使用New Noise的音乐，无需购买或付费，索求的交换仅仅是让他们与音乐人取得连结。</p>\n<p class=\"paragraph text-align-type-left pap-line-1.8 pap-line-rule-auto pap-spacing-before-2pt pap-spacing-after-2pt\" style=\"text-align: justify;\">&nbsp;</p>\n<div>\n<div class=\"document\">\n<p class=\"paragraph text-align-type-left pap-line-1.8 pap-line-rule-auto pap-spacing-before-2pt pap-spacing-after-2pt\" style=\"text-align: justify;\"><strong>音乐发行</strong></p>\n<p class=\"paragraph text-align-type-left pap-line-1.8 pap-line-rule-auto pap-spacing-before-2pt pap-spacing-after-2pt\" style=\"text-align: justify;\">Steve Aoki于2014年创建了Dim Mak Publishing，作为Dim Mak品牌的第四个部门。自推出以来，Dim Mak Publishing的歌曲已在全国广告（T-Mobile、Acura）、电影（香肠派对、Ride Arong 2、Why Him？）和电视节目（Transparent、CSI:Cyber）中同步播放。2017年8月9日，Dim Mak Publishing宣布已与华纳音乐集团旗下的音乐出版子公司，Warner/Chappell Music签署了一项全球协议。Warner/Chappell Music现在管理着Dim Mak的音乐发行，包括各种舞舞曲和电子音乐作品，如Autoerotique、Garmiani、Henry Fong、Max Styler、Ookay、Quix、Shaun Frank、St&ouml;ki Sound、Viceroy。</p>\n<p class=\"paragraph text-align-type-left pap-line-1.8 pap-line-rule-auto pap-spacing-before-2pt pap-spacing-after-2pt\" style=\"text-align: justify;\">&nbsp;</p>\n</div>\n</div>\n</div>\n</div>",
 "contentEn": "<div>\n<div class=\"document\">\n<p class=\"paragraph text-align-type-left pap-line-1.8 pap-line-rule-auto pap-spacing-before-2pt pap-spacing-after-2pt\" style=\"text-align: left; line-height: 180%; margin-top: 2.6666666666666665px; margin-bottom: 2.6666666666666665px;\"><span style=\"font-size: 11pt; font-family: SF Pro,PingFang SC,Microsoft YaHei,微软雅黑,Noto Sans CJK SC,sans-serif,Roboto,Droid Sans,Helvetica,Tahoma,Arial,Hiragino Sans GB,Heiti SC; font-weight: 400; font-style: normal; ;color: #111; background: transparent; letter-spacing: 0pt; vertical-align: baseline; white-space: pre;\">Dim Mak Records is an independent, Los Angeles-based record label, events company, and lifestyle brand founded by Steve Aoki in 1996. The label has released music in punk, indie rock, hardcore, hip hop, and electronic dance music. </span></p>\n<p class=\"paragraph text-align-type-left pap-line-1.8 pap-line-rule-auto pap-spacing-before-2pt pap-spacing-after-2pt\" style=\"text-align: left; line-height: 180%; margin-top: 2.6666666666666665px; margin-bottom: 2.6666666666666665px;\">&nbsp;</p>\n<p class=\"paragraph text-align-type-left pap-line-1.8 pap-line-rule-auto pap-spacing-before-2pt pap-spacing-after-2pt\" style=\"text-align: left; line-height: 180%; margin-top: 2.6666666666666665px; margin-bottom: 2.6666666666666665px;\"><span style=\"font-size: 11pt; font-family: SF Pro,PingFang SC,Microsoft YaHei,微软雅黑,Noto Sans CJK SC,sans-serif,Roboto,Droid Sans,Helvetica,Tahoma,Arial,Hiragino Sans GB,Heiti SC; font-weight: bold; font-style: normal; ;color: #111; background: transparent; letter-spacing: 0pt; vertical-align: baseline; white-space: pre;\">History</span></p>\n<p class=\"paragraph text-align-type-left pap-line-1.8 pap-line-rule-auto pap-spacing-before-2pt pap-spacing-after-2pt\" style=\"text-align: left; line-height: 180%; margin-top: 2.6666666666666665px; margin-bottom: 2.6666666666666665px;\"><span style=\"font-size: 11pt; font-family: SF Pro,PingFang SC,Microsoft YaHei,微软雅黑,Noto Sans CJK SC,sans-serif,Roboto,Droid Sans,Helvetica,Tahoma,Arial,Hiragino Sans GB,Heiti SC; font-weight: 400; font-style: normal; text-decoration: underline; color: #111; background: transparent; letter-spacing: 0pt; vertical-align: baseline; white-space: pre;\">Early years</span></p>\n<p class=\"paragraph text-align-type-left pap-line-1.8 pap-line-rule-auto pap-spacing-before-2pt pap-spacing-after-2pt\" style=\"text-align: left; line-height: 180%; margin-top: 2.6666666666666665px; margin-bottom: 2.6666666666666665px;\"><span style=\"font-size: 11pt; font-family: SF Pro,PingFang SC,Microsoft YaHei,微软雅黑,Noto Sans CJK SC,sans-serif,Roboto,Droid Sans,Helvetica,Tahoma,Arial,Hiragino Sans GB,Heiti SC; font-weight: 400; font-style: normal; ;color: #111; background: transparent; letter-spacing: 0pt; vertical-align: baseline; white-space: pre;\">Steve Aoki started Dim Mak Records in 1996 at the age of 19, out of his college apartment at the University of California, Santa Barbara.The label's first release was a 7-inch record by a hardcore punk band called Stickfigurecarousel. The name Dim Mak is a reference to Bruce Lee's martial art Death Touch technique. Prior to launching Dim Mak, Aoki was heavily involved in the local hardcore punk scene. He wrote for a small zine and would constantly receive demos and albums to review. </span></p>\n<p class=\"paragraph text-align-type-left pap-line-1.8 pap-line-rule-auto pap-spacing-before-2pt pap-spacing-after-2pt\" style=\"text-align: left; line-height: 180%; margin-top: 2.6666666666666665px; margin-bottom: 2.6666666666666665px;\">&nbsp;</p>\n<p class=\"paragraph text-align-type-left pap-line-1.8 pap-line-rule-auto pap-spacing-before-2pt pap-spacing-after-2pt\" style=\"text-align: left; line-height: 180%; margin-top: 2.6666666666666665px; margin-bottom: 2.6666666666666665px;\"><span style=\"font-size: 11pt; font-family: SF Pro,PingFang SC,Microsoft YaHei,微软雅黑,Noto Sans CJK SC,sans-serif,Roboto,Droid Sans,Helvetica,Tahoma,Arial,Hiragino Sans GB,Heiti SC; font-weight: 400; font-style: normal; ;color: #111; background: transparent; letter-spacing: 0pt; vertical-align: baseline; white-space: pre;\">At the same time, he began hosting punk and hardcore shows in the living room of his college apartment, which came to be known as The Pickle Patch. Hundreds of acts played there in exchange for a place to sleep for the night, including The Rapture, Jimmy Eat World, Atom &amp; His Package, and more. The relationships formed throughout these formative years served as a crucial foundation for what would later become Dim Mak Records. </span></p>\n<p class=\"paragraph text-align-type-left pap-line-1.8 pap-line-rule-auto pap-spacing-before-2pt pap-spacing-after-2pt\" style=\"text-align: left; line-height: 180%; margin-top: 2.6666666666666665px; margin-bottom: 2.6666666666666665px;\">&nbsp;</p>\n<p class=\"paragraph text-align-type-left pap-line-1.8 pap-line-rule-auto pap-spacing-before-2pt pap-spacing-after-2pt\" style=\"text-align: left; line-height: 180%; margin-top: 2.6666666666666665px; margin-bottom: 2.6666666666666665px;\"><span style=\"font-size: 11pt; font-family: SF Pro,PingFang SC,Microsoft YaHei,微软雅黑,Noto Sans CJK SC,sans-serif,Roboto,Droid Sans,Helvetica,Tahoma,Arial,Hiragino Sans GB,Heiti SC; font-weight: 400; font-style: normal; ;color: #111; background: transparent; letter-spacing: 0pt; vertical-align: baseline; white-space: pre;\">In 2001, Dim Mak released one of the label's first nationally recognized projects with the self-titled debut EP from Pretty Girls Make Graves. Following the success of this record along with The Kills&rsquo; Black Rooster in 2002, Aoki relocated Dim Mak to Los Angeles and began to usher in the label's second era.</span></p>\n<p class=\"paragraph text-align-type-left pap-line-1.8 pap-line-rule-auto pap-spacing-before-2pt pap-spacing-after-2pt\" style=\"text-align: left; line-height: 180%; margin-top: 2.6666666666666665px; margin-bottom: 2.6666666666666665px;\">&nbsp;</p>\n<p class=\"paragraph text-align-type-left pap-line-1.8 pap-line-rule-auto pap-spacing-before-2pt pap-spacing-after-2pt\" style=\"text-align: left; line-height: 180%; margin-top: 2.6666666666666665px; margin-bottom: 2.6666666666666665px;\"><span style=\"font-size: 11pt; font-family: SF Pro,PingFang SC,Microsoft YaHei,微软雅黑,Noto Sans CJK SC,sans-serif,Roboto,Droid Sans,Helvetica,Tahoma,Arial,Hiragino Sans GB,Heiti SC; font-weight: 400; font-style: normal; text-decoration: underline; color: #111; background: transparent; letter-spacing: 0pt; vertical-align: baseline; white-space: pre;\">Indie rock era</span></p>\n<p class=\"paragraph text-align-type-left pap-line-1.8 pap-line-rule-auto pap-spacing-before-2pt pap-spacing-after-2pt\" style=\"text-align: left; line-height: 180%; margin-top: 2.6666666666666665px; margin-bottom: 2.6666666666666665px;\"><span style=\"font-size: 11pt; font-family: SF Pro,PingFang SC,Microsoft YaHei,微软雅黑,Noto Sans CJK SC,sans-serif,Roboto,Droid Sans,Helvetica,Tahoma,Arial,Hiragino Sans GB,Heiti SC; font-weight: 400; font-style: normal; ;color: #111; background: transparent; letter-spacing: 0pt; vertical-align: baseline; white-space: pre;\"> In 2003, Dim Mak began to develop a new roster of indie rock artists, beginning with the U.K. band Bloc Party. After mailing Aoki a 7-inch of their track \"She's Hearing Voices\", the group signed to Dim Mak Records. Shortly afterwards, Dim Mak entered into a partnership with VICE (a subsidiary of Atlantic Records), for the rights to Bloc Party, marking Dim Mak's first deal with a major label. Together, Dim Mak and Atlantic released Bloc Party's debut album Silent Alarm in 2005, which went on to sell over 350,000 physical albums.</span></p>\n<p class=\"paragraph text-align-type-left pap-line-1.8 pap-line-rule-auto pap-spacing-before-2pt pap-spacing-after-2pt\" style=\"text-align: left; line-height: 180%; margin-top: 2.6666666666666665px; margin-bottom: 2.6666666666666665px;\">&nbsp;</p>\n<p class=\"paragraph text-align-type-left pap-line-1.8 pap-line-rule-auto pap-spacing-before-2pt pap-spacing-after-2pt\" style=\"text-align: left; line-height: 180%; margin-top: 2.6666666666666665px; margin-bottom: 2.6666666666666665px;\"><span style=\"font-size: 11pt; font-family: SF Pro,PingFang SC,Microsoft YaHei,微软雅黑,Noto Sans CJK SC,sans-serif,Roboto,Droid Sans,Helvetica,Tahoma,Arial,Hiragino Sans GB,Heiti SC; font-weight: 400; font-style: normal; text-decoration: underline; color: #111; background: transparent; letter-spacing: 0pt; vertical-align: baseline; white-space: pre;\">Electro era</span></p>\n<p class=\"paragraph text-align-type-left pap-line-1.8 pap-line-rule-auto pap-spacing-before-2pt pap-spacing-after-2pt\" style=\"text-align: left; line-height: 180%; margin-top: 2.6666666666666665px; margin-bottom: 2.6666666666666665px;\"><span style=\"font-size: 11pt; font-family: SF Pro,PingFang SC,Microsoft YaHei,微软雅黑,Noto Sans CJK SC,sans-serif,Roboto,Droid Sans,Helvetica,Tahoma,Arial,Hiragino Sans GB,Heiti SC; font-weight: 400; font-style: normal; ;color: #111; background: transparent; letter-spacing: 0pt; vertical-align: baseline; white-space: pre;\"> As underground dance music began incorporating (which was coined electro at the time), Dim Mak shifted with the times and entered its electro era. One of the biggest tracks of this era came when Steve Aoki collaborated with The Bloody Beetroots for \"Warp 1.9\", the lead single off their debut album Romborama. Thump placed the track at #19 on their 101 Best EDM Songs of All Time list and called it 'Perhaps the definitive track from that particularly fruitful period of hook-laden abrasiveness.'</span></p>\n<p class=\"paragraph text-align-type-left pap-line-1.8 pap-line-rule-auto pap-spacing-before-2pt pap-spacing-after-2pt\" style=\"text-align: left; line-height: 180%; margin-top: 2.6666666666666665px; margin-bottom: 2.6666666666666665px;\">&nbsp;</p>\n<p class=\"paragraph text-align-type-left pap-line-1.8 pap-line-rule-auto pap-spacing-before-2pt pap-spacing-after-2pt\" style=\"text-align: left; line-height: 180%; margin-top: 2.6666666666666665px; margin-bottom: 2.6666666666666665px;\"><span style=\"font-size: 11pt; font-family: SF Pro,PingFang SC,Microsoft YaHei,微软雅黑,Noto Sans CJK SC,sans-serif,Roboto,Droid Sans,Helvetica,Tahoma,Arial,Hiragino Sans GB,Heiti SC; font-weight: 400; font-style: normal; ;color: #111; background: transparent; letter-spacing: 0pt; vertical-align: baseline; white-space: pre;\"> Around the same time, Dim Mak released an album from Mstrkrft titled Fist of God, which brought major pop and hip-hop collaborators into the electro scene.[7]</span></p>\n<p class=\"paragraph text-align-type-left pap-line-1.8 pap-line-rule-auto pap-spacing-before-2pt pap-spacing-after-2pt\" style=\"text-align: left; line-height: 180%; margin-top: 2.6666666666666665px; margin-bottom: 2.6666666666666665px;\">&nbsp;</p>\n<p class=\"paragraph text-align-type-left pap-line-1.8 pap-line-rule-auto pap-spacing-before-2pt pap-spacing-after-2pt\" style=\"text-align: left; line-height: 180%; margin-top: 2.6666666666666665px; margin-bottom: 2.6666666666666665px;\"><span style=\"font-size: 11pt; font-family: SF Pro,PingFang SC,Microsoft YaHei,微软雅黑,Noto Sans CJK SC,sans-serif,Roboto,Droid Sans,Helvetica,Tahoma,Arial,Hiragino Sans GB,Heiti SC; font-weight: bold; font-style: normal; ;color: #111; background: transparent; letter-spacing: 0pt; vertical-align: baseline; white-space: pre;\">New Noise</span></p>\n<p class=\"paragraph text-align-type-left pap-line-1.8 pap-line-rule-auto pap-spacing-before-2pt pap-spacing-after-2pt\" style=\"text-align: left; line-height: 180%; margin-top: 2.6666666666666665px; margin-bottom: 2.6666666666666665px;\"><span style=\"font-size: 11pt; font-family: SF Pro,PingFang SC,Microsoft YaHei,微软雅黑,Noto Sans CJK SC,sans-serif,Roboto,Droid Sans,Helvetica,Tahoma,Arial,Hiragino Sans GB,Heiti SC; font-weight: 400; font-style: normal; ;color: #111; background: transparent; letter-spacing: 0pt; vertical-align: baseline; white-space: pre;\"> New Noise is Dim Mak's new music discovery imprint that focuses on cutting-edge sounds from burgeoning artists across the genre spectrum. Launched in 2010, New Noise got its start as a compilation series highlighting fresh faces handpicked by Steve Aoki and crew. By 2015, the platform evolved into a bi-weekly, free-download platform based on singles.[8][9] Ghastly's underground house single \"Every Night\" was the first release of many under this format.[10] As of 2016, New Noise's current incarnation is a copyright free model that allows the budding community of Twitch gamers and amateur YouTube content creators to use New Noise music in their videos and live streams sans purchase or fees, all in exchange for linking back to the artists and their music.</span></p>\n<p class=\"paragraph text-align-type-left pap-line-1.8 pap-line-rule-auto pap-spacing-before-2pt pap-spacing-after-2pt\" style=\"text-align: left; line-height: 180%; margin-top: 2.6666666666666665px; margin-bottom: 2.6666666666666665px;\">&nbsp;</p>\n<p class=\"paragraph text-align-type-left pap-line-1.8 pap-line-rule-auto pap-spacing-before-2pt pap-spacing-after-2pt\" style=\"text-align: left; line-height: 180%; margin-top: 2.6666666666666665px; margin-bottom: 2.6666666666666665px;\"><strong><span style=\"font-size: 11pt; font-family: SF Pro, PingFang SC, Microsoft YaHei, 微软雅黑, Noto Sans CJK SC, sans-serif, Roboto, Droid Sans, Helvetica, Tahoma, Arial, Hiragino Sans GB, Heiti SC; font-style: normal; color: #111111; background: transparent none repeat scroll 0% 0%; letter-spacing: 0pt; vertical-align: baseline; white-space: pre;\">Music Publishing</span></strong></p>\n<p class=\"paragraph text-align-type-left pap-line-1.8 pap-line-rule-auto pap-spacing-before-2pt pap-spacing-after-2pt\" style=\"text-align: left; line-height: 180%; margin-top: 2.6666666666666665px; margin-bottom: 2.6666666666666665px;\"><span style=\"font-size: 11pt; font-family: SF Pro,PingFang SC,Microsoft YaHei,微软雅黑,Noto Sans CJK SC,sans-serif,Roboto,Droid Sans,Helvetica,Tahoma,Arial,Hiragino Sans GB,Heiti SC; font-weight: 400; font-style: normal; ;color: #111; background: transparent; letter-spacing: 0pt; vertical-align: baseline; white-space: pre;\">Steve Aoki founded Dim Mak Publishing in 2014, as the fourth division of the Dim Mak brand. Since its launch, songs from the Dim Mak Publishing repertoire have landed major sync placements across national advertising campaigns (T-Mobile, Acura), feature films (Sausage Party, Ride Along 2, Why Him?) and TV programs (Transparent, CSI: Cyber).[12] On August 9, 2017, Dim Mak Publishing announced that it had signed a global deal with Warner/Chappell Music, the music publishing arm of Warner Music Group. Warner/Chappell now administers the entire Dim Mak Publishing catalog, which includes a wide variety of dance/electronic works from songwriters such as Autoerotique, Garmiani, Henry Fong, Max Styler, Ookay, Quix, Shaun Frank, St&ouml;&ouml;ki Sound, and Viceroy.</span></p>\n<p class=\"paragraph text-align-type-left pap-line-1.8 pap-line-rule-auto pap-spacing-before-2pt pap-spacing-after-2pt\" style=\"text-align: left; line-height: 180%; margin-top: 2.6666666666666665px; margin-bottom: 2.6666666666666665px;\">&nbsp;</p>\n</div>\n</div>",
 "remarks": "本词条汉字内容由 @多频百科团队 翻译+编辑\n原文译自 https://en.wikipedia.org/wiki/Dim_Mak_Records",
 "remarksEn": "本词条内容来自 https://en.wikipedia.org/wiki/Dim_Mak_Records",
 "status": 1,
 "clickNum": 19,
 "deleted": 0,
 "lang": 0,
 "chooseLang": true,
 "id": 59,
 "name": "Dim Mak Records",
 "descriptions": "Dim Mak Records是一家洛杉矶独立厂牌、活动承办公司、及生活方式品牌。由Steve Aoki于1996年创立。该厂牌发行的音乐风格包括punk，indie rock，hardcore, hip hop，electronic dance 。\n",
 "picture": "https://duopin-community.oss-cn-shenzhen.aliyuncs.com/rtsba9nhgqdq4mn2jbxq.png",
 "originalName": "",
 "foundTimeText": "1996",
 "foundAddress": "Los Angeles, California",
 "founder": "Steve Aoki",
 "parentBrand": "Warner Music Group",
 "childBrand": "",
 "majorStyle": "punk，indie rock，hardcore, hip hop，electronic dance",
 "delegateArtist": "Steve Aoki；Autoerotique；\nAtari Teenage Riot",
 "officialUrl": "http://www.dimmak.com/",
 "referenceUrl": "https://en.wikipedia.org/wiki/Dim_Mak_Records",
 "manageStatusText": "运营中",
 "style": "punk，indie rock，hardcore, hip hop，electronic dance",
 "country": "美国",
 "typeId": 14,
 "typeName": "厂牌",
 "dataId": 59,
 "url": "http://dropinapp.hearinmusic.com/#/ency?typeId=14&dataId=59"
}