{
 "pageNum": 1,
 "pageSize": 10,
 "params": {},
 "content": "<p></p>\n\r<p></p>\n\r<p></p>\n\r<p></p>",
 "remarks": "本词条内容暂未完善仅供参考，多频百科小编正在火速赶来",
 "remarksEn": "本词条内容暂未完善仅供参考，多频百科小编正在火速赶来",
 "status": 0,
 "clickNum": 0,
 "deleted": 0,
 "lang": 0,
 "chooseLang": false,
 "id": 704,
 "name": "DiN",
 "descriptions": "\n\nAmbient music label started by Ian Boddy in April 1999.\n",
 "picture": "https://duopin-community.oss-cn-shenzhen.aliyuncs.com/9oidattxnpbkhnhd0jte.jpg",
 "originalName": "",
 "foundTimeText": "1987",
 "foundAddress": "United Kingdom",
 "founder": "\tIan Boddy",
 "parentBrand": "",
 "childBrand": "\nDiN DownLoad, DiN Studios, Tone Science",
 "majorStyle": "ambient techno, electroni",
 "delegateArtist": "",
 "officialUrl": "http://www.din.org.uk/",
 "referenceUrl": "https://musicbrainz.org/label/b834fd91-5314-4825-9645-bc52ed8a3d3f",
 "manageStatusText": "",
 "style": "Ambient, Techno, Electronica",
 "country": "英国",
 "typeId": 14,
 "typeName": "厂牌",
 "dataId": 704,
 "url": "http://dropinapp.hearinmusic.com/#/ency?typeId=14&dataId=704"
}