{
 "pageNum": 1,
 "pageSize": 10,
 "params": {},
 "content": "<p></p>\n\r<p></p>\n\r<p></p>\n\r<p></p>",
 "remarks": "本词条内容暂未完善仅供参考，多频百科小编正在火速赶来",
 "remarksEn": "本词条内容暂未完善仅供参考，多频百科小编正在火速赶来",
 "status": 0,
 "clickNum": 0,
 "deleted": 0,
 "lang": 0,
 "chooseLang": false,
 "id": 705,
 "name": "Diode Records",
 "descriptions": "\n\r",
 "originalName": "",
 "foundTimeText": "2010-02-21",
 "foundAddress": " Pittsburgh, Pennsylvania, United States",
 "founder": "",
 "parentBrand": "",
 "childBrand": "",
 "majorStyle": "black metal, comedy, dark ambient, doom metal, electronic",
 "delegateArtist": "",
 "officialUrl": "",
 "referenceUrl": "https://musicbrainz.org/label/11dd5bd0-9b8e-4cc3-8859-e06d2f2f3a9f",
 "manageStatusText": "",
 "style": "",
 "country": "",
 "typeId": 14,
 "typeName": "厂牌",
 "dataId": 705,
 "url": "http://dropinapp.hearinmusic.com/#/ency?typeId=14&dataId=705"
}