{
 "pageNum": 1,
 "pageSize": 10,
 "params": {},
 "content": "<p>US record label, based in San Francisco / Los Angeles, United States.<br />Founded by&nbsp;Claude VonStroke<br /><br />DIRTYBIRD has been dropping basslines and creating smiles on the dance-floor since January 2005. The iconic bird logo was derived from a drawing Barclay Crenshaw (aka Claude VonStroke) used to draw when he was a kid to make his little brother laugh. Since creating it, VonStroke has A&amp;R-ed some of the most influential house music producers in the world. A short list includes Justin Martin, Catz 'n Dogz, Julio Bashmore, Riva Starr, Breach, Shiba San, Eats Everything, J Phlip, Style of Eye, Kill Frenzy, and many many more... most of whom had their very first records and even created their artist names for the label.</p>",
 "remarks": "本词条内容暂未完善仅供参考，多频百科小编正在火速赶来",
 "remarksEn": "本词条内容暂未完善仅供参考，多频百科小编正在火速赶来",
 "status": 0,
 "clickNum": 18,
 "deleted": 0,
 "lang": 0,
 "chooseLang": false,
 "id": 1853,
 "name": "Dirtybird",
 "picture": "https://duopin-community.oss-cn-shenzhen.aliyuncs.com/ind8llt9vyxu8o8h73up.jpg",
 "foundTimeText": " 2005 ",
 "foundAddress": "United States",
 "founder": "Christian Martin,Justin Martin,Claude VonStroke,Worthy",
 "parentBrand": " Dirtybird Records (2)",
 "childBrand": "Dirtybird Select, Mothership",
 "officialUrl": "http://www.dirtybirdrecords.com/",
 "style": "",
 "country": "美国",
 "typeId": 14,
 "typeName": "厂牌",
 "dataId": 1853,
 "url": "http://dropinapp.hearinmusic.com/#/ency?typeId=14&dataId=1853"
}