{
 "pageNum": 1,
 "pageSize": 10,
 "params": {},
 "content": "<p></p>\n\r<p></p>\n\r<p></p>\n\r<p></p>",
 "remarks": "本词条内容暂未完善仅供参考，多频百科小编正在火速赶来",
 "remarksEn": "本词条内容暂未完善仅供参考，多频百科小编正在火速赶来",
 "status": 0,
 "clickNum": 0,
 "deleted": 0,
 "lang": 0,
 "chooseLang": false,
 "id": 710,
 "name": "Dirty Hole Music",
 "descriptions": "\n\nDrum & Bass label \nEst.2017 \nLisbon - PT\n",
 "picture": "https://duopin-community.oss-cn-shenzhen.aliyuncs.com/q512mgo83x0yh33yesll.jpg",
 "originalName": "",
 "foundTimeText": "2017 ",
 "foundAddress": " Lisbon, Lisboa, Portugal",
 "founder": "",
 "parentBrand": "",
 "childBrand": "",
 "majorStyle": "drum and bass",
 "delegateArtist": "",
 "officialUrl": "\thttps://dirtyholemusic.wordpress.com/",
 "referenceUrl": "https://musicbrainz.org/label/2f1d9708-eade-471e-973f-2e624f8c36dd",
 "manageStatusText": "",
 "style": "Drum and Bass",
 "country": "葡萄牙",
 "typeId": 14,
 "typeName": "厂牌",
 "dataId": 710,
 "url": "http://dropinapp.hearinmusic.com/#/ency?typeId=14&dataId=710"
}