{
 "pageNum": 1,
 "pageSize": 10,
 "params": {},
 "content": "<p></p>\n\r<p></p>\n\r<p></p>\n\r<p></p>",
 "remarks": "本词条内容暂未完善仅供参考，多频百科小编正在火速赶来",
 "remarksEn": "本词条内容暂未完善仅供参考，多频百科小编正在火速赶来",
 "status": 0,
 "clickNum": 0,
 "deleted": 0,
 "lang": 0,
 "chooseLang": false,
 "id": 707,
 "name": "Dirt Class Records",
 "descriptions": "\n\r",
 "picture": "https://duopin-community.oss-cn-shenzhen.aliyuncs.com/btgk7ugdlj9jgqjr69dd.jpg",
 "originalName": "",
 "foundTimeText": "",
 "foundAddress": "Brooklyn, New York, New York, United States",
 "founder": "",
 "parentBrand": "",
 "childBrand": "",
 "majorStyle": "hip hop",
 "delegateArtist": "",
 "officialUrl": "",
 "referenceUrl": "https://musicbrainz.org/label/71a5939c-920d-45c5-bdfe-a385317a93e3",
 "manageStatusText": "",
 "style": "Hip Hop Music",
 "country": "美国",
 "typeId": 14,
 "typeName": "厂牌",
 "dataId": 707,
 "url": "http://dropinapp.hearinmusic.com/#/ency?typeId=14&dataId=707"
}