{
 "pageNum": 1,
 "pageSize": 10,
 "params": {},
 "relationEncy": "[{\"id\":36771,\"typeId\":12,\"dataId\":33140,\"name\":\"Coone\",\"url\":\"http://dropinapp.hearinmusic.com/#/ency?typeId=12&dataId=33140\"}]",
 "content": "<p>Dirty Workz 是由 Koen Bauweraerts（DJ Coone）于 2006 年创立的比利时Hardstyle、Jumpstyle和Happy Hard厂牌。 Dirty Workz 发掘了许多著名的Hardstyle艺人，包括 Da Tweekaz 和 Wasted Penguinz。 Dirty Workz 还发布了 Fenix、Dr. Rude 和 Demoniak 等艺术家的许多Jumpstyle作品。</p>\n<p>&nbsp;</p>\n<p>Dirty Workz 是比利时较大厂牌 Toff Music 的子厂牌。 Toff Music 负责发行 Dirty Workz 艺术家的所有专辑，而 Dirty Workz 本身则专注于数字和 12 英寸唱片发行。Dirty Workz 也作为母厂牌，包含不同的子厂牌如：ANARCHY、DWX Bounce 和 DWX Update。 2016 年，Dirtyworkz 宣布了一个名为 Wolf Clan 的新子厂牌。 2018 年，Happy Hard 子厂牌 Electric Fox 发布。</p>",
 "contentEn": "<p><strong>Dirty Workz</strong>&nbsp;is a&nbsp;Belgian&nbsp;hardstyle,&nbsp;jumpstyle&nbsp;and&nbsp;happy hard&nbsp;record label&nbsp;founded in 2006&nbsp;<sup id=\"cite_ref-1\" class=\"reference\">[1]</sup>&nbsp;by Koen Bauweraerts, also known as&nbsp;DJ Coone. Dirty Workz is home to many famous hardstyle acts, including Da Tweekaz, and&nbsp;Wasted Penguinz. Dirty Workz also releases many&nbsp;jumpstyle&nbsp;releases from artists like Fenix, Dr. Rude, &amp; Demoniak. Dirty Workz is a sublabel of Toff Music, a larger Belgian label. Toff Music releases all the albums from the Dirty Workz artists,<sup id=\"cite_ref-2\" class=\"reference\">[2]</sup>&nbsp;while Dirty Workz itself focuses on digital and&nbsp;12 inch&nbsp;releases.<sup id=\"cite_ref-3\" class=\"reference\">[3]</sup>&nbsp;Dirty Workz is the main label and contains different sublabels: ANARCHY, DWX Bounce and DWX Update. In 2016 a new sublabel was announced within Dirtyworkz known as Wolf Clan. In 2018 the&nbsp;happy hard&nbsp;sublabel Electric Fox was announced.</p>\n<p>&nbsp;</p>\n<h2><span id=\"Artists\" class=\"mw-headline\">Artists</span></h2>\n<p><strong>Dirty Workz</strong></p>\n<ul>\n<li>Amentis</li>\n<li>Coone</li>\n<li>Crystal Lake</li>\n<li>Cyber</li>\n<li>Da Tweekaz</li>\n<li>Denza</li>\n<li>Dillytek</li>\n<li>Dr Phunk</li>\n<li>Dr Rude</li>\n<li>Ecstatic</li>\n<li>Firelite</li>\n<li>Hard Driver</li>\n<li>Jay Reeve</li>\n<li>Jesse Jax</li>\n<li>JNXD</li>\n<li>Mandy</li>\n<li>Pherato</li>\n<li>Phrantic</li>\n<li>Primeshock</li>\n<li>Psyko Punkz</li>\n<li>Public Enemies (Hard Driver &amp; Digital Punk)</li>\n<li>Refuzion</li>\n<li>Sickddellz</li>\n<li>Sub Sonik</li>\n<li>Sub Zero Project</li>\n<li>Sylence</li>\n<li>The Elite (Alias of&nbsp;Coone, Hard Driver, Da Tweekaz)</li>\n<li>TNT (Technoboy 'N' Tuneboy)</li>\n<li>Wasted Penguinz</li>\n<li>Yuta Imai</li>\n<li>Zatox</li>\n</ul>\n<p>&nbsp;</p>\n<p><strong>DWX Update</strong></p>\n<ul>\n<li>Aria</li>\n<li>Blasco</li>\n<li>Forever Lost</li>\n<li>Heatwavez</li>\n<li>Horyzon</li>\n<li>Serzo</li>\n<li>Synthsoldier</li>\n</ul>\n<p>&nbsp;</p>\n<p><strong>Wolf Clan</strong></p>\n<ul>\n<li>Rize</li>\n<li>Talon</li>\n<li>Teknoclash</li>\n</ul>\n<p>&nbsp;</p>\n<p><strong>Audiophetamine</strong></p>\n<ul>\n<li>Audiofreq</li>\n</ul>\n<p>&nbsp;</p>\n<p><strong>Electric Fox</strong></p>\n<ul>\n<li>Jakka-B</li>\n<li>Mike Enemy</li>\n<li>Mike Reverie</li>\n<li>Tatsunoshin</li>\n<li>Technikore</li>\n<li>Tweekacore (Alias of Da Tweekaz)</li>\n<li>Quickdrop</li>\n</ul>\n<h2>&nbsp;</h2>\n<h2><span id=\"References\" class=\"mw-headline\">References</span></h2>\n<div class=\"reflist\">\n<div class=\"mw-references-wrap\">\n<ol class=\"references\">\n<li id=\"cite_note-1\"><span class=\"mw-cite-backlink\"><strong>^</strong></span>&nbsp;<span class=\"reference-text\"><cite class=\"citation web cs1\">\"Archived copy\". Archived from&nbsp;the original&nbsp;on 2011-09-18<span class=\"reference-accessdate\">. Retrieved&nbsp;<span class=\"nowrap\">2011-03-20</span></span>.</cite></span></li>\n<li id=\"cite_note-2\"><span class=\"mw-cite-backlink\"><strong>^</strong></span>&nbsp;<span class=\"reference-text\">http://www.discogs.com/label/Toff+Music</span></li>\n<li id=\"cite_note-3\"><span class=\"mw-cite-backlink\"><strong>^</strong></span>&nbsp;<span class=\"reference-text\">http://www.discogs.com/label/Dirty+Workz</span></li>\n</ol>\n</div>\n</div>",
 "remarks": "本词条内容由 @多频百科团队 翻译+编辑\n原文译自 https://en.wikipedia.org/wiki/Dirty_Workz",
 "remarksEn": "本词条内容来自 https://en.wikipedia.org/wiki/Dirty_Workz",
 "status": 1,
 "clickNum": 8,
 "deleted": 0,
 "lang": 0,
 "chooseLang": true,
 "id": 1946,
 "name": "Dirty Workz",
 "descriptions": "Dirty Workz 是由 Koen Bauweraerts（DJ Coone）于 2006 年创立的比利时Hardstyle、Jumpstyle和Happy Hard厂牌。 Dirty Workz 发掘了许多著名的Hardstyle艺人，包括 Da Tweekaz 和 Wasted Penguinz。 Dirty Workz 还发布了 Fenix、Dr. Rude 和 Demoniak 等艺术家的许多Jumpstyle作品。",
 "picture": "https://duopin-community.oss-cn-shenzhen.aliyuncs.com/image/2021/8/brtiif8o59ppo93da6a7.jpeg",
 "foundTimeText": "2006",
 "foundAddress": "比利时",
 "founder": "Coone",
 "parentBrand": "Toff Music",
 "childBrand": "ANARCHY, DWX Bounce, DWX Update",
 "majorStyle": "Hardstyle, Jumpstyle, Happy hard",
 "officialUrl": "http://www.dirtyworkz.com/",
 "referenceUrl": "https://en.wikipedia.org/wiki/Dirty_Workz",
 "style": "Hardstyle",
 "country": "比利时",
 "typeId": 14,
 "typeName": "厂牌",
 "dataId": 1946,
 "url": "http://dropinapp.hearinmusic.com/#/ency?typeId=14&dataId=1946"
}