{
 "pageNum": 1,
 "pageSize": 10,
 "params": {},
 "content": "<p></p>\n\r<p></p>\n\r<p></p>\n\r<p></p>",
 "remarks": "本词条内容暂未完善仅供参考，多频百科小编正在火速赶来",
 "remarksEn": "本词条内容暂未完善仅供参考，多频百科小编正在火速赶来",
 "status": 0,
 "clickNum": 0,
 "deleted": 0,
 "lang": 0,
 "chooseLang": false,
 "id": 708,
 "name": "Dirtee Stank Recordings",
 "descriptions": "\n\r",
 "picture": "https://duopin-community.oss-cn-shenzhen.aliyuncs.com/8b3u68oy7kczebznzeva.jpg",
 "originalName": "",
 "foundTimeText": "2006",
 "foundAddress": "United Kingdom",
 "founder": "",
 "parentBrand": "",
 "childBrand": "",
 "majorStyle": "grime",
 "delegateArtist": "",
 "officialUrl": "",
 "referenceUrl": "https://musicbrainz.org/label/82d8eb19-ebbf-4b31-8f8a-ef3096c37a5d",
 "manageStatusText": "",
 "style": "UK Garage",
 "country": "英国",
 "typeId": 14,
 "typeName": "厂牌",
 "dataId": 708,
 "url": "http://dropinapp.hearinmusic.com/#/ency?typeId=14&dataId=708"
}