{
 "pageNum": 1,
 "pageSize": 10,
 "params": {},
 "content": "<p></p>\n\r<p></p>\n\r<p></p>\n\r<p></p>",
 "remarks": "本词条内容暂未完善仅供参考，多频百科小编正在火速赶来",
 "remarksEn": "本词条内容暂未完善仅供参考，多频百科小编正在火速赶来",
 "status": 0,
 "clickNum": 0,
 "deleted": 0,
 "lang": 0,
 "chooseLang": false,
 "id": 709,
 "name": "Dirty Decibels Records",
 "descriptions": "\n\r",
 "originalName": "",
 "foundTimeText": "",
 "foundAddress": "",
 "founder": "\tDJ FlipFlop Kno",
 "parentBrand": "",
 "childBrand": "",
 "majorStyle": "hip hop",
 "delegateArtist": "",
 "officialUrl": "",
 "referenceUrl": "https://musicbrainz.org/label/60396a8f-17b3-495b-8459-a0e7c41bce95",
 "manageStatusText": "",
 "style": "Hip Hop Music",
 "country": "",
 "typeId": 14,
 "typeName": "厂牌",
 "dataId": 709,
 "url": "http://dropinapp.hearinmusic.com/#/ency?typeId=14&dataId=709"
}