{
 "pageNum": 1,
 "pageSize": 10,
 "params": {},
 "content": "<p>This page is for the current name of electronic record label&nbsp;Disciple Recordings. They started using this name in mid-February 2016, with the release of&nbsp;Oski (3) - The Best EP.</p>",
 "remarks": "本词条内容暂未完善仅供参考，多频百科小编正在火速赶来",
 "remarksEn": "本词条内容暂未完善仅供参考，多频百科小编正在火速赶来",
 "status": 0,
 "clickNum": 21,
 "deleted": 0,
 "lang": 0,
 "chooseLang": false,
 "id": 1867,
 "name": "Disciple",
 "picture": "https://duopin-community.oss-cn-shenzhen.aliyuncs.com/5jef4167f20dxnozn52e.jpg",
 "foundTimeText": " 2016-02",
 "founder": "Rob Talbott ",
 "parentBrand": " Disciple Recordings",
 "childBrand": "Disciple Round Table",
 "officialUrl": "https://www.disciplerecs.com/ ",
 "style": "",
 "country": "",
 "typeId": 14,
 "typeName": "厂牌",
 "dataId": 1867,
 "url": "http://dropinapp.hearinmusic.com/#/ency?typeId=14&dataId=1867"
}