{
 "pageNum": 1,
 "pageSize": 10,
 "params": {},
 "content": "<div>\n<div class=\"document\">\n<p class=\"paragraph text-align-type-left pap-line-1.8 pap-line-rule-auto pap-spacing-before-2pt pap-spacing-after-2pt\" style=\"text-align: left; line-height: 180%; margin-top: 2.6666666666666665px; margin-bottom: 2.6666666666666665px;\"><span style=\"font-size: 11pt; font-family: SF Pro,PingFang SC,Microsoft YaHei,微软雅黑,Noto Sans CJK SC,sans-serif,Roboto,Droid Sans,Helvetica,Tahoma,Arial,Hiragino Sans GB,Heiti SC; font-weight: 400; font-style: normal; ;color: #111; background: transparent; letter-spacing: 0pt; vertical-align: baseline; white-space: pre;\">Disciple Round Table成立于2017年，是 Disciple Recordings的一姊妹厂牌，由</span><span style=\"font-size: 11pt; font-family: SF Pro,PingFang SC,Microsoft YaHei,微软雅黑,Noto Sans CJK SC,sans-serif,Roboto,Droid Sans,Helvetica,Tahoma,Arial,Hiragino Sans GB,Heiti SC; font-weight: 400; font-style: normal; ;color: #111; background: transparent; letter-spacing: 0pt; vertical-align: baseline; white-space: pre;\">John Dadzie (12th Planet成员)创立， </span><span style=\"font-size: 11pt; font-family: SF Pro,PingFang SC,Microsoft YaHei,微软雅黑,Noto Sans CJK SC,sans-serif,Roboto,Droid Sans,Helvetica,Tahoma,Arial,Hiragino Sans GB,Heiti SC; font-weight: 400; font-style: normal; ;color: #111; background: transparent; letter-spacing: 0pt; vertical-align: baseline; white-space: pre;\">专营Riddim、 Dubstep。</span></p>\n</div>\n</div>",
 "contentEn": "<div>\n<div>\n<p>Disciple: Round Table is the sister label of Disciple Recordings, established by John Dadzie (12th Planet) in 2017. The releases on the label primarily comprise of dubstep and riddim.</p>\n</div>\n</div>",
 "remarks": "本词条汉字内容由@多频百科团队翻译+ 编辑\n原文译自 https://bassmusic.fandom.com/wiki/Disciple:_Round_Table",
 "remarksEn": "本词条内容来自 https://bassmusic.fandom.com/wiki/Disciple:_Round_Table",
 "status": 1,
 "clickNum": 5,
 "deleted": 0,
 "lang": 0,
 "chooseLang": true,
 "id": 1953,
 "name": "Disciple Round Table",
 "descriptions": "Disciple Round Table成立于2017年，是 Disciple Recordings的一姊妹厂牌，由John Dadzie (12th Planet成员)创立， 专营Riddim、 Dubstep。",
 "picture": "https://duopin-community.oss-cn-shenzhen.aliyuncs.com/image/2021/8/ckk7ig9t3zxcgctvvcg5.jpeg",
 "foundTimeText": "2017",
 "founder": "Rob Talbott, Ross Burr",
 "parentBrand": "Disciple Recordings",
 "majorStyle": "Riddim, Dubstep",
 "delegateArtist": "    12th Planet\n    Bandlez\n    Chibs\n    ECRAZE\n    Graphyt\n    Infekt\n    MVRDA (TOOG)\n    Samplifire (GOOT)",
 "referenceUrl": "https://bassmusic.fandom.com/wiki/Disciple:_Round_Table",
 "style": "Riddim Dubstep",
 "country": "",
 "typeId": 14,
 "typeName": "厂牌",
 "dataId": 1953,
 "url": "http://dropinapp.hearinmusic.com/#/ency?typeId=14&dataId=1953"
}