{
 "pageNum": 1,
 "pageSize": 10,
 "params": {},
 "content": "<p></p>\n\r<p></p>\n\r<p></p>\n\r<p></p>",
 "remarks": "本词条内容暂未完善仅供参考，多频百科小编正在火速赶来",
 "remarksEn": "本词条内容暂未完善仅供参考，多频百科小编正在火速赶来",
 "status": 0,
 "clickNum": 0,
 "deleted": 0,
 "lang": 0,
 "chooseLang": false,
 "id": 711,
 "name": "DiscoKoncerty",
 "descriptions": "\n\r",
 "originalName": "",
 "foundTimeText": "",
 "foundAddress": "Poland",
 "founder": "",
 "parentBrand": "",
 "childBrand": "",
 "majorStyle": "",
 "delegateArtist": "",
 "officialUrl": "\thttps://www.discokoncerty.pl/",
 "referenceUrl": "https://musicbrainz.org/label/6fb54c45-6137-49ac-9d80-c6ba4eefb280",
 "manageStatusText": "",
 "style": "",
 "country": "波兰",
 "typeId": 14,
 "typeName": "厂牌",
 "dataId": 711,
 "url": "http://dropinapp.hearinmusic.com/#/ency?typeId=14&dataId=711"
}