{
 "pageNum": 1,
 "pageSize": 10,
 "params": {},
 "content": "<p>No one hears any sound the same way. Every emotional and intellectual response to a song is a tangled network of deep-seated memories and social pressures. The banalest hook can inexplicably reduce someone to tears, while a passionate crescendo might be deflected off an impenetrable shield of self-seriousness. A pealing lead atop a thunderous kick might be instantly triggering for one dancer, while another is having their future emotional response to music shaped in that very moment. With the first release on his new, pointedly titled label Disco Inferno, I Hate Models teases the possibility of inspiring moments of intense, soul-wrenching nostalgia in one listener and blasting open new neural pathways to profound sentiment in another.</p>\n<hr />\n<p>本词条内容源自：https://www.discogs.com/label/2061049</p>",
 "remarks": "本词条内容暂未完善仅供参考，多频百科小编正在火速赶来",
 "remarksEn": "本词条内容暂未完善仅供参考，多频百科小编正在火速赶来",
 "status": 0,
 "clickNum": 0,
 "deleted": 0,
 "lang": 0,
 "chooseLang": false,
 "id": 1892,
 "name": "Disco Inferno",
 "picture": "https://duopin-community.oss-cn-shenzhen.aliyuncs.com/2ijrrrs4z1921wj206x4.jpg",
 "foundAddress": "法国",
 "founder": "I Hate Models",
 "referenceUrl": "https://www.discogs.com/label/2061049",
 "style": "",
 "country": "法国",
 "typeId": 14,
 "typeName": "厂牌",
 "dataId": 1892,
 "url": "http://dropinapp.hearinmusic.com/#/ency?typeId=14&dataId=1892"
}