{
 "pageNum": 1,
 "pageSize": 10,
 "params": {},
 "content": "<p></p>\n\r<p></p>\n\r<p></p>\n\r<p></p>",
 "remarks": "本词条内容暂未完善仅供参考，多频百科小编正在火速赶来",
 "remarksEn": "本词条内容暂未完善仅供参考，多频百科小编正在火速赶来",
 "status": 0,
 "clickNum": 0,
 "deleted": 0,
 "lang": 0,
 "chooseLang": false,
 "id": 712,
 "name": "Disko Warp",
 "descriptions": "\n\r",
 "originalName": "",
 "foundTimeText": " 2005-05-05",
 "foundAddress": "US",
 "founder": "",
 "parentBrand": "",
 "childBrand": "",
 "majorStyle": "eurobeat",
 "delegateArtist": "",
 "officialUrl": "\thttp://diskowarp.com/",
 "referenceUrl": "https://musicbrainz.org/label/f7feb8fe-3d7a-4477-9a93-b98cde597cca",
 "manageStatusText": "",
 "style": "eurobeat",
 "country": "美国",
 "typeId": 14,
 "typeName": "厂牌",
 "dataId": 712,
 "url": "http://dropinapp.hearinmusic.com/#/ency?typeId=14&dataId=712"
}