{
 "pageNum": 1,
 "pageSize": 10,
 "params": {},
 "content": "<p></p>\n\r<p></p>\n\r<p></p>\n\r<p></p>",
 "remarks": "本词条内容暂未完善仅供参考，多频百科小编正在火速赶来",
 "remarksEn": "本词条内容暂未完善仅供参考，多频百科小编正在火速赶来",
 "status": 0,
 "clickNum": 0,
 "deleted": 0,
 "lang": 0,
 "chooseLang": false,
 "id": 713,
 "name": "Dispatch Recordings",
 "descriptions": "\nUK-based Drum & Bass label set up in 2001. \nManaged and owned by DJ & producer Ant TC1.\n",
 "picture": "https://duopin-community.oss-cn-shenzhen.aliyuncs.com/1saioylrnp9j1r97gfib.jpg",
 "originalName": "",
 "foundTimeText": "2001",
 "foundAddress": "United Kingdom",
 "founder": "\tJason Goodings (UK drum n bass DJ/producer Jason Goodings) Mark Goodings",
 "parentBrand": "",
 "childBrand": "\nDispatch Blueprints, Dispatch Dubplate, Dispatch Limited, Dispatch Music, Dispatch Publishing",
 "majorStyle": "drum and bass",
 "delegateArtist": "",
 "officialUrl": "\thttps://www.dispatchrecordings.com/ ",
 "referenceUrl": "https://musicbrainz.org/label/3ea46e0d-399d-4d8b-9d40-9dc190c05d98",
 "manageStatusText": "",
 "style": "Drum and Bass",
 "country": "英国",
 "typeId": 14,
 "typeName": "厂牌",
 "dataId": 713,
 "url": "http://dropinapp.hearinmusic.com/#/ency?typeId=14&dataId=713"
}