{
 "pageNum": 1,
 "pageSize": 10,
 "params": {},
 "content": "<div>\n<div class=\"document\">\n<p class=\"paragraph text-align-type-left pap-line-1.8 pap-line-rule-auto pap-spacing-before-2pt pap-spacing-after-2pt\">Disques hushhush Inc.（也称为Disques hushhush或hushhush）是由Dimitri della Faile（又名Szkieve）于1998年在加拿大蒙特利尔（魁北克）创建的一家独立厂牌。Hushhush主要发行experimental, improvisation, electroacoustic, dark ambient 和电子音乐。</p>\n<p class=\"paragraph text-align-type-left pap-line-1.8 pap-line-rule-auto pap-spacing-before-2pt pap-spacing-after-2pt\">&nbsp;</p>\n<div>\n<div class=\"document\">\n<p class=\"paragraph text-align-type-left pap-line-1.8 pap-line-rule-auto pap-spacing-before-2pt pap-spacing-after-2pt\"><strong>著名音乐人</strong></p>\n<p class=\"paragraph text-align-type-left pap-line-1.8 pap-line-rule-auto pap-spacing-before-2pt pap-spacing-after-2pt\">1998年以来Hushhush已经发行了欧洲、北美、南美、亚洲的30多位音乐人的20多张CD和黑胶唱片。著名音乐人和乐队包括Mick Harris, Mark Spybey, KK Null, Nihilist Spasm乐队, Reynols, Vromb, Lilith (Scott Gibbons), C-dr&iacute;k, Aube, Goem, Kapotte Muziek, Moonsanto, Orphx, Szkieve, Ambre。</p>\n<p class=\"paragraph text-align-type-left pap-line-1.8 pap-line-rule-auto pap-spacing-before-2pt pap-spacing-after-2pt\">&nbsp;</p>\n<div>\n<div class=\"document\">\n<p class=\"paragraph text-align-type-left pap-line-1.8 pap-line-rule-auto pap-spacing-before-2pt pap-spacing-after-2pt\"><strong>Hed Nod</strong></p>\n<p class=\"paragraph text-align-type-left pap-line-1.8 pap-line-rule-auto pap-spacing-before-2pt pap-spacing-after-2pt\">Hed Nod是Hushush的一个子厂牌。Hed Nod的主要发行Mick Harris的downtempo hiphop，illbient音乐。</p>\n<p class=\"paragraph text-align-type-left pap-line-1.8 pap-line-rule-auto pap-spacing-before-2pt pap-spacing-after-2pt\">&nbsp;</p>\n<div>\n<div class=\"document\">\n<p class=\"paragraph text-align-type-left pap-line-1.8 pap-line-rule-auto pap-spacing-before-2pt pap-spacing-after-2pt pap-left-indent-2em\">&nbsp;</p>\n</div>\n</div>\n</div>\n</div>\n</div>\n</div>\n</div>\n</div>",
 "contentEn": "<div>\n<div class=\"document\">\n<p class=\"paragraph text-align-type-left pap-line-1.8 pap-line-rule-auto pap-spacing-before-2pt pap-spacing-after-2pt\" style=\"text-align: left; line-height: 180%; margin-top: 2.6666666666666665px; margin-bottom: 2.6666666666666665px;\"><span style=\"font-size: 11pt; font-family: SF Pro,PingFang SC,Microsoft YaHei,微软雅黑,Noto Sans CJK SC,sans-serif,Roboto,Droid Sans,Helvetica,Tahoma,Arial,Hiragino Sans GB,Heiti SC; font-weight: 400; font-style: normal; ;color: #111; background: transparent; letter-spacing: 0pt; vertical-align: baseline; white-space: pre;\">Disques Hushush Inc. (also known as Disques Hushush or more simply as Hushush) is an independent record label created by Dimitri della Faille (aka recording artist Szkieve) in Montreal (Quebec), Canada in 1998. Hushush mainly releases experimental, improvisation, electroacoustic, dark ambient and electronic music. </span></p>\n<p class=\"paragraph text-align-type-left pap-line-1.8 pap-line-rule-auto pap-spacing-before-2pt pap-spacing-after-2pt\" style=\"text-align: left; line-height: 180%; margin-top: 2.6666666666666665px; margin-bottom: 2.6666666666666665px;\">&nbsp;</p>\n<p class=\"paragraph text-align-type-left pap-line-1.8 pap-line-rule-auto pap-spacing-before-2pt pap-spacing-after-2pt\" style=\"text-align: left; line-height: 180%; margin-top: 2.6666666666666665px; margin-bottom: 2.6666666666666665px;\"><strong><span style=\"font-size: 11pt; font-family: SF Pro, PingFang SC, Microsoft YaHei, 微软雅黑, Noto Sans CJK SC, sans-serif, Roboto, Droid Sans, Helvetica, Tahoma, Arial, Hiragino Sans GB, Heiti SC; font-style: normal; color: #111111; background: transparent none repeat scroll 0% 0%; letter-spacing: 0pt; vertical-align: baseline; white-space: pre;\">Notable Artsit</span></strong></p>\n<p class=\"paragraph text-align-type-left pap-line-1.8 pap-line-rule-auto pap-spacing-before-2pt pap-spacing-after-2pt\" style=\"text-align: left; line-height: 180%; margin-top: 2.6666666666666665px; margin-bottom: 2.6666666666666665px;\"><span style=\"font-size: 11pt; font-family: SF Pro,PingFang SC,Microsoft YaHei,微软雅黑,Noto Sans CJK SC,sans-serif,Roboto,Droid Sans,Helvetica,Tahoma,Arial,Hiragino Sans GB,Heiti SC; font-weight: 400; font-style: normal; ;color: #111; background: transparent; letter-spacing: 0pt; vertical-align: baseline; white-space: pre;\">Since 1998, Hushush has released over twenty CD and vinyls from more than thirty artists from Europe, North America, South America and Asia. Notable artists include Mick Harris, Mark Spybey, KK Null, Nihilist Spasm Band, Reynols, Vromb, Lilith (Scott Gibbons), C-dr&iacute;k, Aube, Goem, Kapotte Muziek, Moonsanto, Orphx, Szkieve, Ambre. </span></p>\n<p class=\"paragraph text-align-type-left pap-line-1.8 pap-line-rule-auto pap-spacing-before-2pt pap-spacing-after-2pt\" style=\"text-align: left; line-height: 180%; margin-top: 2.6666666666666665px; margin-bottom: 2.6666666666666665px;\">&nbsp;</p>\n<p class=\"paragraph text-align-type-left pap-line-1.8 pap-line-rule-auto pap-spacing-before-2pt pap-spacing-after-2pt\" style=\"text-align: left; line-height: 180%; margin-top: 2.6666666666666665px; margin-bottom: 2.6666666666666665px;\"><strong><span style=\"font-size: 11pt; font-family: SF Pro, PingFang SC, Microsoft YaHei, 微软雅黑, Noto Sans CJK SC, sans-serif, Roboto, Droid Sans, Helvetica, Tahoma, Arial, Hiragino Sans GB, Heiti SC; font-style: normal; color: #111111; background: transparent none repeat scroll 0% 0%; letter-spacing: 0pt; vertical-align: baseline; white-space: pre;\">Hed Nod</span></strong></p>\n<p class=\"paragraph text-align-type-left pap-line-1.8 pap-line-rule-auto pap-spacing-before-2pt pap-spacing-after-2pt\" style=\"text-align: left; line-height: 180%; margin-top: 2.6666666666666665px; margin-bottom: 2.6666666666666665px;\"><span style=\"font-size: 11pt; font-family: SF Pro,PingFang SC,Microsoft YaHei,微软雅黑,Noto Sans CJK SC,sans-serif,Roboto,Droid Sans,Helvetica,Tahoma,Arial,Hiragino Sans GB,Heiti SC; font-weight: 400; font-style: normal; ;color: #111; background: transparent; letter-spacing: 0pt; vertical-align: baseline; white-space: pre;\">Hed Nod is a sidelabel from Hushush. The main focus of Hed Nod is to release downtempo hip hop or illbient music, mainly by Mick Harris. </span></p>\n</div>\n</div>",
 "remarks": "本词条汉字内容由 @多频百科团队 翻译+编辑\n原文译自 https://en.wikipedia.org/wiki/Disques_Hushush",
 "remarksEn": "本词条内容来自 https://en.wikipedia.org/wiki/Disques_Hushush",
 "status": 1,
 "clickNum": 13,
 "deleted": 0,
 "lang": 0,
 "chooseLang": true,
 "id": 60,
 "name": "Disques Hushush",
 "descriptions": "Disques hushhush Inc.（也称为Disques hushhush或hushhush）是由Dimitri della Faile（又名Szkieve）于1998年在加拿大蒙特利尔（魁北克）创建的一家独立厂牌。Hushhush主要发行experimental, improvisation, electroacoustic, dark ambient 和电子音乐。\n",
 "picture": "https://duopin-community.oss-cn-shenzhen.aliyuncs.com/lvk02jmab47j5zd77lh4.png",
 "originalName": "Hushush",
 "foundTimeText": "1998",
 "foundAddress": "加拿大蒙特利尔",
 "founder": "Szkieve",
 "parentBrand": "",
 "childBrand": "",
 "majorStyle": "experimental, improvisation, electroacoustic",
 "delegateArtist": "Mick Harris\nSzkieve\nMark Spybey\nAmbre\nMoonsanto\nVromb\nUrawa\nTorsion",
 "officialUrl": "http://www.hushush.com/",
 "referenceUrl": "https://en.wikipedia.org/wiki/Disques_Hushush",
 "manageStatusText": "运营中",
 "style": "experimental, improvisation, electroacoustic",
 "country": "加拿大",
 "typeId": 14,
 "typeName": "厂牌",
 "dataId": 60,
 "url": "http://dropinapp.hearinmusic.com/#/ency?typeId=14&dataId=60"
}