{
 "pageNum": 1,
 "pageSize": 10,
 "params": {},
 "content": "<p></p>\n\r<p></p>\n\r<p></p>\n\r<p></p>",
 "remarks": "本词条内容暂未完善仅供参考，多频百科小编正在火速赶来",
 "remarksEn": "本词条内容暂未完善仅供参考，多频百科小编正在火速赶来",
 "status": 0,
 "clickNum": 0,
 "deleted": 0,
 "lang": 0,
 "chooseLang": false,
 "id": 714,
 "name": "Disrupt",
 "descriptions": "\n\r",
 "originalName": "",
 "foundTimeText": "2011 ",
 "foundAddress": "United Kingdom",
 "founder": "",
 "parentBrand": "",
 "childBrand": "",
 "majorStyle": "grime, hip hop",
 "delegateArtist": "",
 "officialUrl": "",
 "referenceUrl": "https://musicbrainz.org/label/8fe9285d-96ec-477e-a2f3-09312c56a8e9",
 "manageStatusText": "",
 "style": "UK Garage, Hip Hop Music",
 "country": "英国",
 "typeId": 14,
 "typeName": "厂牌",
 "dataId": 714,
 "url": "http://dropinapp.hearinmusic.com/#/ency?typeId=14&dataId=714"
}