{
 "pageNum": 1,
 "pageSize": 10,
 "params": {},
 "content": "<p>&nbsp;</p>\n<p>&nbsp;</p>\n<p><strong>distri</strong>&nbsp;(vormals&nbsp;<strong>Distributionz</strong>) ist ein deutscher Vertrieb, Versandh&auml;ndler, Webshop und Independent-Label mit Sitz in Osnabr&uuml;ck. Der hauseigene Online-Shop l&auml;uft jedoch auch weiterhin unter dem Namen distributionz.com.</p>\n<p>&nbsp;</p>",
 "remarks": "本词条内容暂未完善仅供参考，多频百科小编正在火速赶来",
 "remarksEn": "本词条内容暂未完善仅供参考，多频百科小编正在火速赶来",
 "status": 0,
 "clickNum": 0,
 "deleted": 0,
 "lang": 0,
 "chooseLang": false,
 "id": 717,
 "name": "Distributionz",
 "descriptions": "\nGerman HipHop distributor, label, webshop and mailorder from Osnabrück, founded in 2001 by Jonas \"Jayo\" Okunorobo (alias Jayo (4)/Jayson). Originally founded in 1998 as online shop \"rapz.de distributionz\" under the www.rapz.de platform, but it was not active for a long time. D-Bo and Psycomatic where also involved during that time. In February 2014, the name was changed to distri.\n",
 "picture": "https://duopin-community.oss-cn-shenzhen.aliyuncs.com/lv1ukz9neuf8re42c5tt.jpg",
 "originalName": "\tDistri",
 "foundTimeText": " 2001",
 "foundAddress": " Osnabrück, Niedersachsen, Germany",
 "founder": "",
 "parentBrand": "",
 "childBrand": "",
 "majorStyle": " hip hop",
 "delegateArtist": "",
 "officialUrl": "\thttp://www.distributionz.com/",
 "referenceUrl": "https://musicbrainz.org/label/4e60acb4-559d-49ef-af49-c6212424fbfc",
 "manageStatusText": "",
 "style": "Hip Hop Music",
 "country": "德国",
 "typeId": 14,
 "typeName": "厂牌",
 "dataId": 717,
 "url": "http://dropinapp.hearinmusic.com/#/ency?typeId=14&dataId=717"
}