{
 "pageNum": 1,
 "pageSize": 10,
 "params": {},
 "content": "<p></p>\n\r<p></p>\n\r<p></p>\n\r<p></p>",
 "remarks": "本词条内容暂未完善仅供参考，多频百科小编正在火速赶来",
 "remarksEn": "本词条内容暂未完善仅供参考，多频百科小编正在火速赶来",
 "status": 0,
 "clickNum": 0,
 "deleted": 0,
 "lang": 0,
 "chooseLang": false,
 "id": 716,
 "name": "Distri Records",
 "descriptions": "\n\r",
 "originalName": "",
 "foundTimeText": "2016",
 "foundAddress": "Germany",
 "founder": "",
 "parentBrand": "\tDistri",
 "childBrand": "",
 "majorStyle": "hip hop",
 "delegateArtist": "",
 "officialUrl": "",
 "referenceUrl": "https://musicbrainz.org/label/ba54b319-c294-4ae7-bd20-67e33dcaa186",
 "manageStatusText": "",
 "style": "Hip Hop Music",
 "country": "德国",
 "typeId": 14,
 "typeName": "厂牌",
 "dataId": 716,
 "url": "http://dropinapp.hearinmusic.com/#/ency?typeId=14&dataId=716"
}