{
 "pageNum": 1,
 "pageSize": 10,
 "params": {},
 "content": "<p></p>\n\r<p></p>\n\r<p></p>\n\r<p></p>",
 "remarks": "本词条内容暂未完善仅供参考，多频百科小编正在火速赶来",
 "remarksEn": "本词条内容暂未完善仅供参考，多频百科小编正在火速赶来",
 "status": 0,
 "clickNum": 0,
 "deleted": 0,
 "lang": 0,
 "chooseLang": false,
 "id": 715,
 "name": "Distance Recordings",
 "descriptions": "\n\n\nDistance recordings was a net label that ran from 2008-2014. Their primary focus was on \"experimental, ambient, shoegaze, noise, folk, etc, with a strong emphasis on melodic content\".",
 "picture": "https://duopin-community.oss-cn-shenzhen.aliyuncs.com/qnc2y1i4klk3x3amfbpo.jpg",
 "originalName": "",
 "foundTimeText": " 2008-05-14",
 "foundAddress": "",
 "founder": "",
 "parentBrand": "",
 "childBrand": "",
 "majorStyle": "ambient, experimental, folk, noise, shoegaze",
 "delegateArtist": "",
 "officialUrl": "\thttp://www.distancerecordings.com/ ",
 "referenceUrl": "https://musicbrainz.org/label/7a7dc1f9-03d9-40e9-94c3-c79c6bfed171",
 "manageStatusText": "",
 "style": "Ambient, Experimental, Noise Music",
 "country": "",
 "typeId": 14,
 "typeName": "厂牌",
 "dataId": 715,
 "url": "http://dropinapp.hearinmusic.com/#/ency?typeId=14&dataId=715"
}