{
 "pageNum": 1,
 "pageSize": 10,
 "params": {},
 "content": "<div>\n<div class=\"document\">\n<p class=\"paragraph text-align-type-left pap-line-1.8 pap-line-rule-auto pap-spacing-before-2pt pap-spacing-after-2pt\">Distinctive Records（原名Distinctive've Records）是一家成立于1995年的英国厂牌，发行过数百张唱片，其中最著名的音乐人包括Hybrid、Way Out West，Ils。</p>\n<p class=\"paragraph text-align-type-left pap-line-1.8 pap-line-rule-auto pap-spacing-before-2pt pap-spacing-after-2pt\">&nbsp;</p>\n<div>\n<div class=\"document\">\n<p class=\"paragraph text-align-type-left pap-line-1.8 pap-line-rule-auto pap-spacing-before-2pt pap-spacing-after-2pt\"><strong>历史</strong></p>\n<p class=\"paragraph text-align-type-left pap-line-1.8 pap-line-rule-auto pap-spacing-before-2pt pap-spacing-after-2pt\" style=\"text-align: justify;\">Distinctive Records成立于1995年，起初为英国Avex Rcordings的一个子厂牌。1998年，Avex Recordings重组并关闭了两家厂牌，唱片业务交由Distinct'ive Records。1999年，Distinctive Records对发行音乐的流派分门别类，在发行部分流派时署名&ldquo;Distinct'ive Breaks&rdquo;，因此这个名词常常被误认为是Distinct'ive的子厂牌。</p>\n<p class=\"paragraph text-align-type-left pap-line-1.8 pap-line-rule-auto pap-spacing-before-2pt pap-spacing-after-2pt\">&nbsp;</p>\n<p class=\"paragraph text-align-type-left pap-line-1.8 pap-line-rule-auto pap-spacing-before-2pt pap-spacing-after-2pt\">Distinctive Record在2000年推出&ldquo;Y3K&rdquo;系列，广受欢迎。</p>\n<p class=\"paragraph text-align-type-left pap-line-1.8 pap-line-rule-auto pap-spacing-before-2pt pap-spacing-after-2pt\">&nbsp;</p>\n<div>\n<div class=\"document\">\n<p class=\"paragraph text-align-type-left pap-line-1.8 pap-line-rule-auto pap-spacing-before-2pt pap-spacing-after-2pt pap-left-indent-2em\">&nbsp;</p>\n</div>\n</div>\n</div>\n</div>\n</div>\n</div>",
 "contentEn": "<div>\n<div class=\"document\">\n<p>Distinctive Records (formerly Distinct'ive Records) is a UK based record label founded in 1995. The label has hundreds of releases from artists, most notably Hybrid, Way Out West, and Ils.</p>\n<p>&nbsp;</p>\n<p><strong>History</strong></p>\n<p>Distinctive Records was initially founded in 1995 and started out as a sublabel of Avex Recordings (UK). In 1998, Avex reorganized, closed two of its labels and only continued trading music recordings as Distinct'ive Records.[2] In 1999, The company began categorizing its genres within the label, sometimes retitling itself \"Distinct'ive Breaks\", which was often mistaken to be a sublabel of Distinct'ive.</p>\n<p>&nbsp;</p>\n<p>The label gained popularity in 2000 at the launch of its own \"Y3K\" series.</p>\n<p class=\"paragraph text-align-type-left pap-line-1.8 pap-line-rule-auto pap-spacing-before-2pt pap-spacing-after-2pt\" style=\"text-align: left; line-height: 180%; margin-top: 2.6666666666666665px; margin-bottom: 2.6666666666666665px;\">&nbsp;</p>\n</div>\n</div>",
 "remarks": "本词条汉字内容由 @多频百科团队 翻译+编辑\n原文链接 https://en.wikipedia.org/wiki/Distinctive_Records",
 "remarksEn": "本词条内容来自 https://en.wikipedia.org/wiki/Distinctive_Records",
 "status": 1,
 "clickNum": 10,
 "deleted": 0,
 "lang": 0,
 "chooseLang": true,
 "id": 61,
 "name": "Distinct'ive Records",
 "descriptions": "Distinctive Records（原名Distinctive've Records）是一家成立于1995年的英国厂牌，发行过数百张唱片，其中最著名的音乐人包括Hybrid、Way Out West，Ils。",
 "picture": "https://duopin-community.oss-cn-shenzhen.aliyuncs.com/oj0ubtoblik2afmgmmec.png",
 "originalName": "",
 "foundTimeText": "1995",
 "foundAddress": "London, United Kingdom",
 "founder": "",
 "parentBrand": "Avex UK (former)",
 "childBrand": "",
 "majorStyle": "",
 "delegateArtist": "Hybrid\nWay Out West\nIls",
 "officialUrl": "http://distinctiverecords.com/",
 "referenceUrl": "https://en.wikipedia.org/wiki/Distinctive_Records",
 "manageStatusText": "运营中",
 "style": "",
 "country": "英国",
 "typeId": 14,
 "typeName": "厂牌",
 "dataId": 61,
 "url": "http://dropinapp.hearinmusic.com/#/ency?typeId=14&dataId=61"
}