{
 "pageNum": 1,
 "pageSize": 10,
 "params": {},
 "content": "<p></p>\n\r<p></p>\n\r<p></p>\n\r<p></p>",
 "remarks": "本词条内容暂未完善仅供参考，多频百科小编正在火速赶来",
 "remarksEn": "本词条内容暂未完善仅供参考，多频百科小编正在火速赶来",
 "status": 0,
 "clickNum": 0,
 "deleted": 0,
 "lang": 0,
 "chooseLang": false,
 "id": 718,
 "name": "Disturbed Recordings",
 "descriptions": "\nCreated in June 2003 by Marko Russiver and Teddie Wardi, Disturbed Recordings is an independent Drum & Bass label, based in Estonia and Finland.\n\n",
 "picture": "https://duopin-community.oss-cn-shenzhen.aliyuncs.com/gsb14z3nm1qgqcsyafrn.jpg",
 "originalName": "",
 "foundTimeText": "",
 "foundAddress": "Estonia",
 "founder": "",
 "parentBrand": " Triple Vision Music Group",
 "childBrand": "\nMentally Disturbed Recordings",
 "majorStyle": "drum and bass",
 "delegateArtist": "",
 "officialUrl": "",
 "referenceUrl": "https://musicbrainz.org/label/ab496443-f9f3-4c05-beb1-c857d1330dc9",
 "manageStatusText": "",
 "style": "Drum and Bass",
 "country": "爱沙尼亚",
 "typeId": 14,
 "typeName": "厂牌",
 "dataId": 718,
 "url": "http://dropinapp.hearinmusic.com/#/ency?typeId=14&dataId=718"
}