{
 "pageNum": 1,
 "pageSize": 10,
 "params": {},
 "content": "<p>&nbsp;</p>\n<p>&nbsp;</p>\n<p><strong>Disturbing Tha Peace</strong>&nbsp;(<strong>DTP</strong>) is an American record label founded by Christopher \"Ludacris\" Bridges. Today it operates as a subsidiary of Def Jam, a division of Universal.</p>\n<p>&nbsp;</p>",
 "remarks": "本词条内容暂未完善仅供参考，多频百科小编正在火速赶来",
 "remarksEn": "本词条内容暂未完善仅供参考，多频百科小编正在火速赶来",
 "status": 0,
 "clickNum": 0,
 "deleted": 0,
 "lang": 0,
 "chooseLang": false,
 "id": 719,
 "name": "Disturbing tha Peace",
 "descriptions": "\n\nHip-Hop record label founded by Ludacris, Chaka Zulu and Jeff Dixon (2), based in Atlanta, GA. \nSometimes abbreviated as \"DTP\". \nFor the record company credits, use: DTP Records, LLC\n",
 "picture": "https://duopin-community.oss-cn-shenzhen.aliyuncs.com/wmamq7h8u60st0bajs9c.jpg",
 "originalName": "",
 "foundTimeText": "",
 "foundAddress": "United States",
 "founder": "",
 "parentBrand": "\tDef Jam South",
 "childBrand": "",
 "majorStyle": "contemporary r&b, hip hop",
 "delegateArtist": "",
 "officialUrl": "\thttp://dtprecords.com/",
 "referenceUrl": "https://musicbrainz.org/label/979845e2-2523-4329-bc0f-c8a6b141be2a",
 "manageStatusText": "",
 "style": "Hip Hop Music, contemporary r&b",
 "country": "美国",
 "typeId": 14,
 "typeName": "厂牌",
 "dataId": 719,
 "url": "http://dropinapp.hearinmusic.com/#/ency?typeId=14&dataId=719"
}