{
 "pageNum": 1,
 "pageSize": 10,
 "params": {},
 "content": "<p></p>\n\r<p></p>\n\r<p></p>\n\r<p></p>",
 "remarks": "本词条内容暂未完善仅供参考，多频百科小编正在火速赶来",
 "remarksEn": "本词条内容暂未完善仅供参考，多频百科小编正在火速赶来",
 "status": 0,
 "clickNum": 0,
 "deleted": 0,
 "lang": 0,
 "chooseLang": false,
 "id": 720,
 "name": "Divar Records",
 "descriptions": "\n\nDivar Records (Fa : دیوار رکوردز) is a Iranian Hip-Hop Band And producer Label in Tehran",
 "picture": "https://duopin-community.oss-cn-shenzhen.aliyuncs.com/6pymhufk33lh78hn5789.jpg",
 "originalName": "Divar；Divar Records；دیوار；دیوار رکوردز",
 "foundTimeText": "2007-01-01",
 "foundAddress": "Iran",
 "founder": "\tAtour",
 "parentBrand": "",
 "childBrand": "",
 "majorStyle": "hip hop",
 "delegateArtist": "",
 "officialUrl": "",
 "referenceUrl": "https://musicbrainz.org/label/6592f765-d7c4-464b-b898-1859f4677a45",
 "manageStatusText": "",
 "style": "Hip Hop Music",
 "country": "伊朗",
 "typeId": 14,
 "typeName": "厂牌",
 "dataId": 720,
 "url": "http://dropinapp.hearinmusic.com/#/ency?typeId=14&dataId=720"
}