{
 "pageNum": 1,
 "pageSize": 10,
 "params": {},
 "content": "<p></p>\n\r<p></p>\n\r<p></p>\n\r<p></p>",
 "remarks": "本词条内容暂未完善仅供参考，多频百科小编正在火速赶来",
 "remarksEn": "本词条内容暂未完善仅供参考，多频百科小编正在火速赶来",
 "status": 0,
 "clickNum": 0,
 "deleted": 0,
 "lang": 0,
 "chooseLang": false,
 "id": 721,
 "name": "DLA Records",
 "descriptions": "\n\nBased in Buenos Aires, Argentina, DLA Records offers the media so that Latin-American artists can diffuse their work by the world. \n\nFocused in the diffusion of the Latin-American electronic scene, DLA Records promotes artists of all genders and nationalities, emphasizing its individual value in favor of the global growth of the scene.\n",
 "picture": "https://duopin-community.oss-cn-shenzhen.aliyuncs.com/mw80esyipmjticozwrwl.jpg",
 "originalName": "",
 "foundTimeText": "",
 "foundAddress": "Buenos Aires, Argentina",
 "founder": "",
 "parentBrand": "",
 "childBrand": "",
 "majorStyle": "techno",
 "delegateArtist": "",
 "officialUrl": "http://www.dlarecords.com.ar/",
 "referenceUrl": "https://musicbrainz.org/label/a04f7716-46c0-4eb5-96c6-e1b5cc6a0120",
 "manageStatusText": "",
 "style": "Techno",
 "country": "阿根廷",
 "typeId": 14,
 "typeName": "厂牌",
 "dataId": 721,
 "url": "http://dropinapp.hearinmusic.com/#/ency?typeId=14&dataId=721"
}