{
 "pageNum": 1,
 "pageSize": 10,
 "params": {},
 "content": "<p></p>\n\r<p></p>\n\r<p></p>\n\r<p></p>",
 "remarks": "本词条内容暂未完善仅供参考，多频百科小编正在火速赶来",
 "remarksEn": "本词条内容暂未完善仅供参考，多频百科小编正在火速赶来",
 "status": 0,
 "clickNum": 0,
 "deleted": 0,
 "lang": 0,
 "chooseLang": false,
 "id": 722,
 "name": "DMT Tapes FL",
 "descriptions": "\n\nFlorida NYOP web label. A proponent of the vaporwave / future funk scene est.2014.Label owner is Vito Genovese\n",
 "picture": "https://duopin-community.oss-cn-shenzhen.aliyuncs.com/jrq4sgsknd27tim78yls.jpg",
 "originalName": "DMT-FL",
 "foundTimeText": "2014-11-14",
 "foundAddress": " Port Richey, Florida, United States",
 "founder": "\tVito James Genovese",
 "parentBrand": "",
 "childBrand": "\nDMT Records (3), Verbatim Consciousness Recordings",
 "majorStyle": "ambient, electronic, vaporwave",
 "delegateArtist": "",
 "officialUrl": "",
 "referenceUrl": "https://musicbrainz.org/label/8f0f928b-5c4f-44df-aa51-74d68344d8b1",
 "manageStatusText": "",
 "style": "Ambient, Electronic, vaporwave",
 "country": "美国",
 "typeId": 14,
 "typeName": "厂牌",
 "dataId": 722,
 "url": "http://dropinapp.hearinmusic.com/#/ency?typeId=14&dataId=722"
}