{
 "pageNum": 1,
 "pageSize": 10,
 "params": {},
 "content": "<p></p>\n\r<p></p>\n\r<p></p>\n\r<p></p>",
 "remarks": "本词条内容暂未完善仅供参考，多频百科小编正在火速赶来",
 "remarksEn": "本词条内容暂未完善仅供参考，多频百科小编正在火速赶来",
 "status": 0,
 "clickNum": 0,
 "deleted": 0,
 "lang": 0,
 "chooseLang": false,
 "id": 723,
 "name": "DMZ",
 "descriptions": "\n\nLabel run by Mala (4), Coki and Loefah\n",
 "picture": "https://duopin-community.oss-cn-shenzhen.aliyuncs.com/1wr2ck2ke53jfysicf05.jpg",
 "originalName": "",
 "foundTimeText": "",
 "foundAddress": "United Kingdom",
 "founder": "\tDean Harris Mark Lawrence (dubstep artist performing as Mala) Pete Livingston",
 "parentBrand": "",
 "childBrand": "",
 "majorStyle": "dubstep, uk garage",
 "delegateArtist": "",
 "officialUrl": "http://www.dmzuk.com/",
 "referenceUrl": "https://musicbrainz.org/label/7c47667f-4e5c-46aa-ad9f-78d1ee83067e",
 "manageStatusText": "",
 "style": "UK Garage, Dubstep",
 "country": "英国",
 "typeId": 14,
 "typeName": "厂牌",
 "dataId": 723,
 "url": "http://dropinapp.hearinmusic.com/#/ency?typeId=14&dataId=723"
}