{
 "pageNum": 1,
 "pageSize": 10,
 "params": {},
 "content": "<p></p>\n\r<p></p>\n\r<p></p>\n\r<p></p>",
 "remarks": "本词条内容暂未完善仅供参考，多频百科小编正在火速赶来",
 "remarksEn": "本词条内容暂未完善仅供参考，多频百科小编正在火速赶来",
 "status": 0,
 "clickNum": 1,
 "deleted": 0,
 "lang": 0,
 "chooseLang": false,
 "id": 724,
 "name": "DNA Productions",
 "descriptions": "\n\n\nDNA Production is a Russian netlabel dedicated to drone ambient, noise, dark ambient and similar noise / ambient music genres. \"DNA\" stands for \"Drone. Noise. Ambient.\" Each and every DNA Production release is non-profit and offered under Creative Commons license. DNA Production was a sub-label of the late .NBK Records. The netlabel was founded by Seclorum (a part of Frequency Alcyone) and managed until DNA 20. After that the netlabel became defunct, but, few months later, DNA Production was resurrected by Drohnenton, a member of the Noisebunker community, and became independent.",
 "picture": "https://duopin-community.oss-cn-shenzhen.aliyuncs.com/r8wczdj89l5xuytg3s3l.jpg",
 "originalName": "",
 "foundTimeText": "",
 "foundAddress": "Russia",
 "founder": "",
 "parentBrand": " .NBK Records",
 "childBrand": "",
 "majorStyle": "dark ambient, drone, noise",
 "delegateArtist": "",
 "officialUrl": "\thttp://dna-production.org/",
 "referenceUrl": "https://musicbrainz.org/label/a8183a0e-cbb0-4f02-926d-c7123975f918",
 "manageStatusText": "",
 "style": "Ambient, Noise Music",
 "country": "俄罗斯",
 "typeId": 14,
 "typeName": "厂牌",
 "dataId": 724,
 "url": "http://dropinapp.hearinmusic.com/#/ency?typeId=14&dataId=724"
}