{
 "pageNum": 1,
 "pageSize": 10,
 "params": {},
 "content": "<p></p>\n\r<p></p>\n\r<p></p>\n\r<p></p>",
 "remarks": "本词条内容暂未完善仅供参考，多频百科小编正在火速赶来",
 "remarksEn": "本词条内容暂未完善仅供参考，多频百科小编正在火速赶来",
 "status": 0,
 "clickNum": 0,
 "deleted": 0,
 "lang": 0,
 "chooseLang": false,
 "id": 725,
 "name": "Dogg Foundation",
 "descriptions": "\n\r",
 "picture": "https://duopin-community.oss-cn-shenzhen.aliyuncs.com/r9tv2xjp3663cvrgo47w.jpg",
 "originalName": "",
 "foundTimeText": "1998",
 "foundAddress": "United States",
 "founder": "\tNate Dogg",
 "parentBrand": "",
 "childBrand": "",
 "majorStyle": "g-funk, hip hop",
 "delegateArtist": "",
 "officialUrl": "",
 "referenceUrl": "https://musicbrainz.org/label/5c39213d-0eab-4232-b6f6-706f9e72aff1",
 "manageStatusText": "",
 "style": "Hip Hop Music, g-funk",
 "country": "美国",
 "typeId": 14,
 "typeName": "厂牌",
 "dataId": 725,
 "url": "http://dropinapp.hearinmusic.com/#/ency?typeId=14&dataId=725"
}