{
 "pageNum": 1,
 "pageSize": 10,
 "params": {},
 "content": "<p>&nbsp;</p>\n<p>&nbsp;</p>\n<p>&nbsp;</p>\n<p><strong>Doggy Style Records</strong>&nbsp;(formerly known as&nbsp;<strong>Dogghouse Records</strong>) is an American record label founded by rapper Snoop Dogg in 1995. It is named after Snoop Dogg's debut album,&nbsp;<em>Doggystyle</em>.</p>",
 "remarks": "本词条内容暂未完善仅供参考，多频百科小编正在火速赶来",
 "remarksEn": "本词条内容暂未完善仅供参考，多频百科小编正在火速赶来",
 "status": 0,
 "clickNum": 0,
 "deleted": 0,
 "lang": 0,
 "chooseLang": false,
 "id": 727,
 "name": "Doggy Style Records",
 "descriptions": "\n\nRecord label founded by Snoop Dogg.\n",
 "picture": "https://duopin-community.oss-cn-shenzhen.aliyuncs.com/fg61bfihqwktkg0j0b0x.jpg",
 "originalName": "\tDogghouse Records；Doggy Style Records；Doggystyle Records",
 "foundTimeText": "1995-06-06",
 "foundAddress": "California, United States",
 "founder": "\tSnoop Dogg",
 "parentBrand": "\tUniversal Music Group",
 "childBrand": "",
 "majorStyle": "hip hop, west coast hip hop",
 "delegateArtist": "",
 "officialUrl": "\thttps://www.doggystylerecords.com/ ",
 "referenceUrl": "https://musicbrainz.org/label/a951ae56-b820-4c7f-b68a-60f98fe93b26",
 "manageStatusText": "",
 "style": "Hip Hop Music",
 "country": "美国",
 "typeId": 14,
 "typeName": "厂牌",
 "dataId": 727,
 "url": "http://dropinapp.hearinmusic.com/#/ency?typeId=14&dataId=727"
}