{
 "pageNum": 1,
 "pageSize": 10,
 "params": {},
 "content": "<p>&nbsp;</p>\n<p>&nbsp;</p>\n<p><strong>Doggy Style Records</strong>&nbsp;(formerly known as&nbsp;<strong>Dogghouse Records</strong>) is an American record label founded by rapper Snoop Dogg in 1995. It is named after Snoop Dogg's debut album,&nbsp;<em>Doggystyle</em>.</p>\n<p>&nbsp;</p>",
 "remarks": "本词条内容暂未完善仅供参考，多频百科小编正在火速赶来",
 "remarksEn": "本词条内容暂未完善仅供参考，多频百科小编正在火速赶来",
 "status": 0,
 "clickNum": 0,
 "deleted": 0,
 "lang": 0,
 "chooseLang": false,
 "id": 726,
 "name": "Dogghouse Records",
 "descriptions": "\n\r",
 "picture": "https://duopin-community.oss-cn-shenzhen.aliyuncs.com/4os9c3bkfzmfogjld407.jpg",
 "originalName": "Doggy Style Records",
 "foundTimeText": "1995-07-06",
 "foundAddress": "United States",
 "founder": "\tSnoop Dogg",
 "parentBrand": "",
 "childBrand": "",
 "majorStyle": "hip hop",
 "delegateArtist": "",
 "officialUrl": "",
 "referenceUrl": "https://musicbrainz.org/label/9cd2f9bc-56bb-4168-9c01-0e7379912dcc",
 "manageStatusText": "",
 "style": "Hip Hop Music",
 "country": "美国",
 "typeId": 14,
 "typeName": "厂牌",
 "dataId": 726,
 "url": "http://dropinapp.hearinmusic.com/#/ency?typeId=14&dataId=726"
}