{
 "pageNum": 1,
 "pageSize": 10,
 "params": {},
 "content": "<p></p>\n\r<p></p>\n\r<p></p>\n\r<p></p>",
 "remarks": "本词条内容暂未完善仅供参考，多频百科小编正在火速赶来",
 "remarksEn": "本词条内容暂未完善仅供参考，多频百科小编正在火速赶来",
 "status": 0,
 "clickNum": 0,
 "deleted": 0,
 "lang": 0,
 "chooseLang": false,
 "id": 728,
 "name": "Dola Gang Music Group",
 "descriptions": "\n\r",
 "originalName": "",
 "foundTimeText": "",
 "foundAddress": " Pompano Beach, Florida, United States",
 "founder": "",
 "parentBrand": "",
 "childBrand": "",
 "majorStyle": "hip hop, trap",
 "delegateArtist": "",
 "officialUrl": "http://dolagangapparel.com/ ",
 "referenceUrl": "https://musicbrainz.org/label/76b8c195-463d-403c-978e-914e86961239",
 "manageStatusText": "",
 "style": "Hip Hop Music",
 "country": "美国",
 "typeId": 14,
 "typeName": "厂牌",
 "dataId": 728,
 "url": "http://dropinapp.hearinmusic.com/#/ency?typeId=14&dataId=728"
}