{
 "pageNum": 1,
 "pageSize": 10,
 "params": {},
 "content": "<p></p>\n\r<p></p>\n\r<p></p>\n\r<p></p>",
 "remarks": "本词条内容暂未完善仅供参考，多频百科小编正在火速赶来",
 "remarksEn": "本词条内容暂未完善仅供参考，多频百科小编正在火速赶来",
 "status": 0,
 "clickNum": 0,
 "deleted": 0,
 "lang": 0,
 "chooseLang": false,
 "id": 729,
 "name": "Dollar Music Gang",
 "descriptions": "\n\r",
 "originalName": "",
 "foundTimeText": "2013-08-27",
 "foundAddress": "Lagos, Lagos, Nigeria",
 "founder": "",
 "parentBrand": "",
 "childBrand": "",
 "majorStyle": "afrobeat, hip hop, r&b",
 "delegateArtist": "",
 "officialUrl": "",
 "referenceUrl": "https://musicbrainz.org/label/26445be5-af6f-4fc5-84ce-24698921b738",
 "manageStatusText": "",
 "style": "Hip Hop Music, r&b",
 "country": "尼日利亚",
 "typeId": 14,
 "typeName": "厂牌",
 "dataId": 729,
 "url": "http://dropinapp.hearinmusic.com/#/ency?typeId=14&dataId=729"
}