{
 "pageNum": 1,
 "pageSize": 10,
 "params": {},
 "content": "<p>&nbsp;</p>\n<p>&nbsp;</p>\n<div class=\"head\">&nbsp;</div>\n<div class=\"content\">\n<div id=\"profile\" class=\"readmore initialized uncropped\">Domino is an independent label founded in Putney, South West London by <a href=\"https://www.discogs.com/artist/694357-Laurence-Bell\" target=\"_blank\" rel=\"noopener\">Laurence Bell</a> and his partner Jacqui Rice in 1993. <br />The label initially focused on American acts such as <a href=\"https://www.discogs.com/artist/68467-Sebadoh\" target=\"_blank\" rel=\"noopener\">Sebadoh</a>, <a href=\"https://www.discogs.com/artist/135307-Palace\" target=\"_blank\" rel=\"noopener\">Palace</a> or <a href=\"https://www.discogs.com/artist/56147-Smog\" target=\"_blank\" rel=\"noopener\">Smog</a> before signing British acts in the late '90s. <br />The label operates a US division, located in Brooklyn, which output was initially identified by its own catalogue number schemes, DOMUS then DNO (used until 2013), when the releases handled by the UK headquarters are identified by WIG (albums) and RUG (singles and EPs) catalogue numbers. <br />The company operating the label, <a href=\"https://www.discogs.com/label/69345-Domino-Recording-Co-Ltd\" target=\"_blank\" rel=\"noopener\">Domino Recording Co. Ltd.</a>, diversified, establishing a publishing arm and a series of labels (<a href=\"https://www.discogs.com/label/255207-Ribbon-Music\" target=\"_blank\" rel=\"noopener\">Ribbon Music</a>, <a href=\"https://www.discogs.com/label/291867-Double-Six-2\" target=\"_blank\" rel=\"noopener\">Double Six (2)</a>, <a href=\"https://www.discogs.com/label/239131-Weird-World-2\" target=\"_blank\" rel=\"noopener\">Weird World (2)</a>, ...). <br /> <br />The addresses listed on the releases can be helpful identifiers: <br />&bull; editions mainly aimed at the European markets will typically list the London address first (eg <a href=\"https://www.discogs.com/Hot-Chip-A-Bath-Full-Of-Ecstasy/release/13801958\" target=\"_blank\" rel=\"noopener\">A Bath Full Of Ecstasy</a>), when the editions aimed at the North American markets will typically list the Brooklyn, NY address first (eg <a href=\"https://www.discogs.com/Hot-Chip-A-Bath-Full-Of-Ecstasy/release/13777541\" target=\"_blank\" rel=\"noopener\">A Bath Full Of Ecstasy</a>); <br />&bull; the US division was initially located on Washington Street, Brooklyn, before moving to Jay Street, Brooklyn in late 2014 - this can be used to identify reissues (eg <a href=\"https://www.discogs.com/Arctic-Monkeys-Suck-It-And-See/release/2929614\" target=\"_blank\" rel=\"noopener\">Suck It And See</a> vs. <a href=\"https://www.discogs.com/Arctic-Monkeys-Suck-It-And-See/release/12127980\" target=\"_blank\" rel=\"noopener\">Suck It And See</a>). </div>\n</div>",
 "remarks": "本词条内容暂未完善仅供参考，多频百科小编正在火速赶来",
 "remarksEn": "本词条内容暂未完善仅供参考，多频百科小编正在火速赶来",
 "status": 0,
 "clickNum": 0,
 "deleted": 0,
 "lang": 0,
 "chooseLang": false,
 "id": 731,
 "name": "Domino",
 "descriptions": "\n\nDomino Recording Company (known simply as Domino) is a British independent record label based in London. There is also a wing of the label based in Brooklyn, New York that handles releases in the United States, as well as a German division called Domino Deutschland and a French division called Domino France. In addition, Stephen Pastel presides over the subsidiary label Geographic Music, which releases more 'unusual' music from Britain and outside of the Western world. In 2011, the company announced that it was beginning a book publishing division, The Domino Press.\n",
 "picture": "https://duopin-community.oss-cn-shenzhen.aliyuncs.com/pcq3q41lu2xy9hyz6zgv.jpg",
 "originalName": "Domino Recording co., ltd.，Domino Recording Company",
 "foundTimeText": "1993 ",
 "foundAddress": "United Kingdom",
 "founder": " Laurence Bell，Jacqui Rice",
 "parentBrand": "Domino Recording Co. Ltd.",
 "childBrand": "Domino \nDomino Publishing Co. Ltd.\nDouble Six Records\nGeographic \nWeird World ",
 "majorStyle": "alternative dance, art rock, garage rock, indie rock",
 "delegateArtist": "",
 "officialUrl": "http://www.dominorecordco.com/",
 "referenceUrl": "https://musicbrainz.org/label/bfe26801-a86f-49b9-8502-05ae80b02594",
 "manageStatusText": "",
 "style": "UK Garage, Electronic Rock",
 "country": "英国",
 "typeId": 14,
 "typeName": "厂牌",
 "dataId": 731,
 "url": "http://dropinapp.hearinmusic.com/#/ency?typeId=14&dataId=731"
}