{
 "pageNum": 1,
 "pageSize": 10,
 "params": {},
 "content": "<p></p>\n\r<p></p>\n\r<p></p>\n\r<p></p>",
 "remarks": "本词条内容暂未完善仅供参考，多频百科小编正在火速赶来",
 "remarksEn": "本词条内容暂未完善仅供参考，多频百科小编正在火速赶来",
 "status": 0,
 "clickNum": 0,
 "deleted": 0,
 "lang": 0,
 "chooseLang": false,
 "id": 732,
 "name": "Don’t Sleep Records",
 "descriptions": "\n\r",
 "picture": "https://duopin-community.oss-cn-shenzhen.aliyuncs.com/b1ycfaoh5x14hk06eer5.png",
 "originalName": "",
 "foundTimeText": "",
 "foundAddress": " Portland, Maine, United States",
 "founder": "Awon，Phoniks ",
 "parentBrand": "",
 "childBrand": "",
 "majorStyle": "hip hop",
 "delegateArtist": "",
 "officialUrl": "http://www.dontsleeprecords.com/",
 "referenceUrl": "https://musicbrainz.org/label/d0ad92b5-7640-4e15-baad-9c0fb907c4f3",
 "manageStatusText": "",
 "style": "Hip Hop Music",
 "country": "美国",
 "typeId": 14,
 "typeName": "厂牌",
 "dataId": 732,
 "url": "http://dropinapp.hearinmusic.com/#/ency?typeId=14&dataId=732"
}