{
 "pageNum": 1,
 "pageSize": 10,
 "params": {},
 "content": "<p></p>\n\r<p></p>\n\r<p></p>\n\r<p></p>",
 "remarks": "本词条内容暂未完善仅供参考，多频百科小编正在火速赶来",
 "remarksEn": "本词条内容暂未完善仅供参考，多频百科小编正在火速赶来",
 "status": 0,
 "clickNum": 0,
 "deleted": 0,
 "lang": 0,
 "chooseLang": false,
 "id": 733,
 "name": "Doof Records",
 "descriptions": "\n\r",
 "picture": "https://duopin-community.oss-cn-shenzhen.aliyuncs.com/sdlkv7xccgo9erxxhbij.jpg",
 "originalName": "",
 "foundTimeText": "1996 ",
 "foundAddress": "Israel",
 "founder": "",
 "parentBrand": "",
 "childBrand": "Dooflex",
 "majorStyle": "electronic",
 "delegateArtist": "",
 "officialUrl": "http://doooof.com/",
 "referenceUrl": "https://musicbrainz.org/label/4d922f32-0af0-4d6d-b7b1-e5a4bfd4eaa2",
 "manageStatusText": "",
 "style": "Electronic",
 "country": "以色列",
 "typeId": 14,
 "typeName": "厂牌",
 "dataId": 733,
 "url": "http://dropinapp.hearinmusic.com/#/ency?typeId=14&dataId=733"
}