{
 "pageNum": 1,
 "pageSize": 10,
 "params": {},
 "content": "<div class=\"head\">&nbsp;</div>\n<div class=\"content\">\n<div id=\"profile\" class=\"readmore initialized uncropped\">Doomtree started as a mess of friends in Minneapolis, fooling around after school, trying to make music without reading the manual. The group had varied tastes&mdash;rap, punk, indie rock, pop&mdash;so the music they made together often bore the toolmarks of several styles. When they had enough songs, they booked some shows. They made friends with the dudes at Kinkos to print up flyers. They burned some CDs to sell. The shows got bigger. Of necessity, Doomtree&rsquo;s seven members (Cecil Otter, Dessa, Lazerbeak, Mike Mictlan, P.O.S, Paper Tiger, and Sims) figured out how to run a small business. Lazerbeak&rsquo;s garage became the merchandise warehouse; P.O.S&rsquo; mom&rsquo;s basement became the webstore. A decade and fifty releases later, it&rsquo;s all properly official&mdash;Doomtree is now a real, live label with international distribution&mdash;but not that much has changed. Doomtree still partners with people who aren&rsquo;t jerks. If members can&rsquo;t find something they need, they make it themselves. Although each member has a career as a solo artist, every so often the whole crew convenes to make a collaborative record as a group.</div>\n</div>",
 "remarks": "本词条内容暂未完善仅供参考，多频百科小编正在火速赶来",
 "remarksEn": "本词条内容暂未完善仅供参考，多频百科小编正在火速赶来",
 "status": 0,
 "clickNum": 0,
 "deleted": 0,
 "lang": 0,
 "chooseLang": false,
 "id": 734,
 "name": "Doomtree Records",
 "descriptions": "\n\r",
 "picture": "https://duopin-community.oss-cn-shenzhen.aliyuncs.com/ewpzxkxzisrcykrk5hgq.jpg",
 "originalName": "",
 "foundTimeText": "",
 "foundAddress": "United States",
 "founder": "",
 "parentBrand": "",
 "childBrand": "\nFalse Hopes",
 "majorStyle": "hip hop",
 "delegateArtist": "",
 "officialUrl": "",
 "referenceUrl": "https://musicbrainz.org/label/ac7d85bd-f426-4295-ab12-c4736075a9c5",
 "manageStatusText": "",
 "style": "Hip Hop Music",
 "country": "美国",
 "typeId": 14,
 "typeName": "厂牌",
 "dataId": 734,
 "url": "http://dropinapp.hearinmusic.com/#/ency?typeId=14&dataId=734"
}