{
 "pageNum": 1,
 "pageSize": 10,
 "params": {},
 "relationChannel": "[{\"id\":655,\"parentId\":9,\"name\":\"Doorn Records\"}]",
 "content": "<p>Label run by Dutch DJ &amp; producer&nbsp;Sander van Doorn.</p>",
 "remarks": "本词条内容暂未完善仅供参考，多频百科小编正在火速赶来",
 "remarksEn": "本词条内容暂未完善仅供参考，多频百科小编正在火速赶来",
 "status": 0,
 "clickNum": 2,
 "deleted": 0,
 "lang": 0,
 "chooseLang": false,
 "id": 1848,
 "name": "Doorn Records",
 "picture": "https://duopin-community.oss-cn-shenzhen.aliyuncs.com/mgz6dw182c4szjvvpvoq.jpg",
 "foundTimeText": "2008-02-15",
 "foundAddress": "Noord-Holland,Netherlands",
 "parentBrand": "Spinnin’ Records",
 "childBrand": "\nIdentity Essentials",
 "style": "",
 "country": "荷兰",
 "typeId": 14,
 "typeName": "厂牌",
 "dataId": 1848,
 "url": "http://dropinapp.hearinmusic.com/#/ency?typeId=14&dataId=1848"
}