{
 "pageNum": 1,
 "pageSize": 10,
 "params": {},
 "content": "<p></p>\n\r<p></p>\n\r<p></p>\n\r<p></p>",
 "remarks": "本词条内容暂未完善仅供参考，多频百科小编正在火速赶来",
 "remarksEn": "本词条内容暂未完善仅供参考，多频百科小编正在火速赶来",
 "status": 0,
 "clickNum": 0,
 "deleted": 0,
 "lang": 0,
 "chooseLang": false,
 "id": 741,
 "name": "DPG Recordz",
 "descriptions": "\n\r",
 "picture": "https://duopin-community.oss-cn-shenzhen.aliyuncs.com/svpimzqbxjlwk7va4bh2.jpg",
 "originalName": "",
 "foundTimeText": "",
 "foundAddress": "United States",
 "founder": "",
 "parentBrand": "",
 "childBrand": "",
 "majorStyle": "hip hop",
 "delegateArtist": "",
 "officialUrl": "http://www.dpgrecordz.com/",
 "referenceUrl": "https://musicbrainz.org/label/c388ca1e-72a2-45d4-b3a5-c1be9bc8873a/relationships",
 "manageStatusText": "",
 "style": "Hip Hop Music",
 "country": "美国",
 "typeId": 14,
 "typeName": "厂牌",
 "dataId": 741,
 "url": "http://dropinapp.hearinmusic.com/#/ency?typeId=14&dataId=741"
}