{
 "pageNum": 1,
 "pageSize": 10,
 "params": {},
 "content": "<p></p>\n\r<p></p>\n\r<p></p>\n\r<p></p>",
 "remarks": "本词条内容暂未完善仅供参考，多频百科小编正在火速赶来",
 "remarksEn": "本词条内容暂未完善仅供参考，多频百科小编正在火速赶来",
 "status": 0,
 "clickNum": 0,
 "deleted": 0,
 "lang": 0,
 "chooseLang": false,
 "id": 742,
 "name": "DPR",
 "descriptions": "\n\r",
 "picture": "https://duopin-community.oss-cn-shenzhen.aliyuncs.com/6x3z1qgrci1xqymyx9fk.jpg",
 "originalName": "",
 "foundTimeText": "",
 "foundAddress": "United Kingdom",
 "founder": "Steven Jude",
 "parentBrand": "",
 "childBrand": "Groove Chronicles\nNoodles Recordings",
 "majorStyle": "dubstep, uk garage",
 "delegateArtist": "",
 "officialUrl": "",
 "referenceUrl": "https://musicbrainz.org/label/fe950524-a827-4d34-a5d5-bd7287eb0562",
 "manageStatusText": "",
 "style": "UK Garage, Dubstep",
 "country": "英国",
 "typeId": 14,
 "typeName": "厂牌",
 "dataId": 742,
 "url": "http://dropinapp.hearinmusic.com/#/ency?typeId=14&dataId=742"
}