{
 "pageNum": 1,
 "pageSize": 10,
 "params": {},
 "content": "<p></p>\n\r<p></p>\n\r<p></p>\n\r<p></p>",
 "remarks": "本词条内容暂未完善仅供参考，多频百科小编正在火速赶来",
 "remarksEn": "本词条内容暂未完善仅供参考，多频百科小编正在火速赶来",
 "status": 0,
 "clickNum": 0,
 "deleted": 0,
 "lang": 0,
 "chooseLang": false,
 "id": 749,
 "name": "DSCI4",
 "descriptions": "\n\r",
 "picture": "https://duopin-community.oss-cn-shenzhen.aliyuncs.com/9nri52181q09u654panw.jpg",
 "originalName": "",
 "foundTimeText": "1999 ",
 "foundAddress": "United Kingdom",
 "founder": "DJ Trace",
 "parentBrand": "",
 "childBrand": "\n117 Recordings, Encrypted, Lostdubs, Spy Technologies",
 "majorStyle": "drum and bass",
 "delegateArtist": "",
 "officialUrl": "",
 "referenceUrl": "https://musicbrainz.org/label/ee57feae-777a-41f6-8912-c03ff5c21efc",
 "manageStatusText": "",
 "style": "",
 "country": "",
 "typeId": 14,
 "typeName": "厂牌",
 "dataId": 749,
 "url": "http://dropinapp.hearinmusic.com/#/ency?typeId=14&dataId=749"
}