{
 "pageNum": 1,
 "pageSize": 10,
 "params": {},
 "content": "<div class=\"document\">\n<p class=\"paragraph text-align-type-left pap-line-1.8 pap-line-rule-auto pap-spacing-before-2pt pap-spacing-after-2pt\">DSFA Record是一家荷兰厂牌，它&ldquo;并不代表任何东西&rdquo;。该厂牌已知的乐队包括Within Temptation，Trail Of Tears，The Gauntlet。该厂牌已停业多年。</p>\n<p class=\"paragraph text-align-type-left pap-line-1.8 pap-line-rule-auto pap-spacing-before-2pt pap-spacing-after-2pt\">&nbsp;</p>\n<p class=\"paragraph text-align-type-left pap-line-1.8 pap-line-rule-auto pap-spacing-before-2pt pap-spacing-after-2pt\"><strong>乐队</strong></p>\n<p class=\"paragraph text-align-type-left pap-line-1.8 pap-line-rule-auto pap-spacing-before-2pt pap-spacing-after-2pt\">Within Temptation<br />Silicon Head<br />Gail Of God<br />T-Nailed<br />Dawn Of Decay<br />Sinister Footwear</p>\n<p class=\"paragraph text-align-type-left pap-line-1.8 pap-line-rule-auto pap-spacing-before-2pt pap-spacing-after-2pt\">&nbsp;</p>\n<div>\n<div class=\"document\">\n<p class=\"paragraph text-align-type-left pap-line-1.8 pap-line-rule-auto pap-spacing-before-2pt pap-spacing-after-2pt pap-left-indent-2em\">&nbsp;</p>\n</div>\n</div>\n</div>",
 "contentEn": "<div>\n<div class=\"document\">\n<p class=\"paragraph text-align-type-left pap-line-1.8 pap-line-rule-auto pap-spacing-before-2pt pap-spacing-after-2pt\" style=\"text-align: left; line-height: 180%; margin-top: 2.6666666666666665px; margin-bottom: 2.6666666666666665px;\"><span style=\"font-size: 11pt; font-family: SF Pro,PingFang SC,Microsoft YaHei,微软雅黑,Noto Sans CJK SC,sans-serif,Roboto,Droid Sans,Helvetica,Tahoma,Arial,Hiragino Sans GB,Heiti SC; font-weight: 400; font-style: normal; ;color: #111; background: transparent; letter-spacing: 0pt; vertical-align: baseline; white-space: pre;\">DSFA Records was a Dutch record label, and \"Doesn't Stand For Anything\". Known bands for the label are Within Temptation, Trail Of Tears and The Gauntlet. The label has been defunct for several years.</span></p>\n<p class=\"paragraph text-align-type-left pap-line-1.8 pap-line-rule-auto pap-spacing-before-2pt pap-spacing-after-2pt\" style=\"text-align: left; line-height: 180%; margin-top: 2.6666666666666665px; margin-bottom: 2.6666666666666665px;\">&nbsp;</p>\n<p class=\"paragraph text-align-type-left pap-line-1.8 pap-line-rule-auto pap-spacing-before-2pt pap-spacing-after-2pt\"><strong>Bands</strong></p>\n<p class=\"paragraph text-align-type-left pap-line-1.8 pap-line-rule-auto pap-spacing-before-2pt pap-spacing-after-2pt\">Within Temptation<br />Silicon Head<br />Gail Of God<br />T-Nailed<br />Dawn Of Decay<br />Sinister Footwear</p>\n<p class=\"paragraph text-align-type-left pap-line-1.8 pap-line-rule-auto pap-spacing-before-2pt pap-spacing-after-2pt\" style=\"text-align: left; line-height: 180%; margin-top: 2.6666666666666665px; margin-bottom: 2.6666666666666665px;\">&nbsp;</p>\n<p class=\"paragraph text-align-type-left pap-line-1.8 pap-line-rule-auto pap-spacing-before-2pt pap-spacing-after-2pt\" style=\"text-align: left; line-height: 180%; margin-top: 2.6666666666666665px; margin-bottom: 2.6666666666666665px;\">&nbsp;</p>\n</div>\n</div>",
 "remarks": "本词条汉字内容由 @多频百科团队 翻译+编辑\n原文译自 http://en.volupedia.org/wiki/DSFA_Records",
 "remarksEn": "本词条内容来自 http://en.volupedia.org/wiki/DSFA_Records",
 "status": 1,
 "clickNum": 10,
 "deleted": 0,
 "lang": 0,
 "chooseLang": true,
 "id": 63,
 "name": "DSFA Records",
 "descriptions": "DSFA Record是一家荷兰厂牌，它“并不代表任何东西”。该厂牌已知的乐队包括Within Temptation，Trail Of Tears，The Gauntlet。该厂牌已停业多年。",
 "picture": "https://duopin-community.oss-cn-shenzhen.aliyuncs.com/wycauadwhjns6mdzyoi1.jpg",
 "originalName": "",
 "foundTimeText": "",
 "foundAddress": "Dutch",
 "founder": "",
 "parentBrand": "",
 "childBrand": "",
 "majorStyle": "",
 "delegateArtist": "Within Temptation\nSilicon Head\nGail Of God\nT-Nailed\nDawn Of Decay\nSinister Footwear",
 "officialUrl": "",
 "referenceUrl": "http://en.volupedia.org/wiki/DSFA_Records",
 "manageStatusText": "不再运营",
 "style": "",
 "country": "荷兰",
 "typeId": 14,
 "typeName": "厂牌",
 "dataId": 63,
 "url": "http://dropinapp.hearinmusic.com/#/ency?typeId=14&dataId=63"
}