{
 "pageNum": 1,
 "pageSize": 10,
 "params": {},
 "content": "<div>\n<div>\n<p>意大利DJ、音乐设计师 David Boldini，艺名有多个，包括7Skies、DJ Tricky、Operation Strike、Strike-E。早期的风格是 Trance，后来逐渐转向Electro House。</p>\n</div>\n</div>",
 "contentEn": "<div>\n<div>\n<p>Italian DJ and sound designer David Boldini has several stage names, including 7skies, DJ tricky, operation strike, and strike-E, whose early genre was trance, later turned to electro house.</p>\n</div>\n</div>",
 "remarks": "本词条内容由@多频百科团队 编辑\n",
 "remarksEn": "本词条内容由@多频百科团队 编辑",
 "status": 1,
 "clickNum": 2,
 "deleted": 0,
 "lang": 0,
 "chooseLang": true,
 "id": 33170,
 "name": " 7 Skies ",
 "descriptions": "意大利DJ、音乐设计师 David Boldini，艺名有多个，包括7Skies、DJ Tricky、Operation Strike、Strike-E。早期的风格是 Trance，后来逐渐转向Electro House。\n",
 "picture": "https://duopin-community.oss-cn-shenzhen.aliyuncs.com/image/2021/8/ua7lvru0g5enk20p2niz.png",
 "originalName": "DJ Tricky、Operation Strike、Strike-E",
 "profession": "DJ、sound designer",
 "style": "trance，electro house",
 "referenceUrl": "https://www.discogs.com/artist/1009206-7-Skies",
 "typeId": 12,
 "typeName": "艺人",
 "dataId": 33170,
 "url": "http://dropinapp.hearinmusic.com/#/ency?typeId=12&dataId=33170"
}