{
 "pageNum": 1,
 "pageSize": 10,
 "params": {},
 "relationEncy": "[{\"id\":36335,\"typeId\":13,\"dataId\":8,\"name\":\"Drum and Bass\",\"url\":\"http://dropinapp.hearinmusic.com/#/ency?typeId=13&dataId=8\"},{\"id\":36446,\"typeId\":13,\"dataId\":119,\"name\":\"Neurofunk\",\"url\":\"http://dropinapp.hearinmusic.com/#/ency?typeId=13&dataId=119\"}]",
 "content": "<p>IMANU是来自荷兰的Drum and Bass/Neurofunk制作人，DJ，原名Jonathan Immanuel Kievit，曾用艺名Signal</p>\n<p>&nbsp;</p>\n<p>受电子音乐未来、讲述故事的潜能和传达强烈情感的能力的启发和驱动，IMANU 成为来自鹿特丹的 Jonathan Kievit 的新的创意项目。站在新一代制作人的前沿，他拒绝沉闷的流派界限、严格的节奏期望和 司空见惯的DJ格式形式，专注于创作真正的情感电子音乐。</p>\n<p>&nbsp;</p>\n<p>IMANU 项目成立于 2019 年底，在Drum and Bass方面已经令人印象深刻。而早年年仅 16 岁的他就以极具特色和技术性的野兽派风格取得突破，在极短的时间内给人留下了非凡的印象。而这仅仅只是开始。20 岁出头的IMANU 已经在很多知名唱片公司进新发行，如 VISION、Heaven Sent、UKF 和 mau5trap，他混音了 Apashe、TOKIMONSTA 和 What So Not &amp; Skrillex 之类的作品，并同如 Sleepnet、Mefjus 和 Buunshin等艺术家合作。</p>\n<p>&nbsp;</p>\n<p>IMANU项目将Jonathan的创意发挥到极致，并聚集了他所有的灵感，技巧和情感表达。</p>",
 "contentEn": "",
 "remarks": "本词条内容由 @多频百科团队 翻译+编辑\n原文译自 https://www.imanu.nu/",
 "remarksEn": "本词条内容暂未完善仅供参考，多频百科小编正在火速赶来",
 "status": 1,
 "clickNum": 8,
 "deleted": 0,
 "lang": 0,
 "chooseLang": false,
 "id": 33138,
 "name": " IMANU",
 "descriptions": "IMANU是来自荷兰的Drum and Bass/Neurofunk制作人，DJ，原名Jonathan Immanuel Kievit",
 "picture": "https://duopin-community.oss-cn-shenzhen.aliyuncs.com/image/2021/8/suw7zn5kc1ad1r8wbq7s.jpg",
 "originalName": "Signal, Jonathan Immanuel Kievit",
 "nationality": "荷兰",
 "birthplace": "",
 "profession": "DJ, 制作人",
 "style": "Drum and Bass, Neurofunk",
 "officialUrl": "https://www.imanu.nu/",
 "typeId": 12,
 "typeName": "艺人",
 "dataId": 33138,
 "url": "http://dropinapp.hearinmusic.com/#/ency?typeId=12&dataId=33138"
}