{
 "pageNum": 1,
 "pageSize": 10,
 "params": {},
 "content": ".LeafD简介\n你好我是大麻鸭，一个菜尖儿音乐人，喜欢打游戏，老婆众多！Skr现充（？）\n交流群：796426814\n",
 "remarks": "本词条内容暂未完善仅供参考，多频百科小编正在火速赶来",
 "remarksEn": "本词条内容暂未完善仅供参考，多频百科小编正在火速赶来",
 "status": 0,
 "clickNum": 3,
 "deleted": 0,
 "lang": 0,
 "chooseLang": false,
 "id": 48,
 "name": " LeafD",
 "picture": "http://y.gtimg.cn/music/photo_new/T001R300x300M000003ivsxn17IOda.jpg?max_age=2592000",
 "originalName": "",
 "nationality": "",
 "birthplace": "",
 "birthday": "",
 "profession": "",
 "typeId": 12,
 "typeName": "艺人",
 "dataId": 48,
 "url": "http://dropinapp.hearinmusic.com/#/ency?typeId=12&dataId=48"
}