{
 "pageNum": 1,
 "pageSize": 10,
 "params": {},
 "content": "团员组成：CHRIS|JOEY|J.C.|LANCE|JUSTIN\n团员人数：5\n超级男孩（'N Sync）成立于佛罗里达州奥兰多，与后街男孩同为美国最具影响力的男子团体，专辑销量超过五千万张。其成员有：蓝斯、JC Chasez、乔伊·费通、克里斯·柯克帕特里克、贾斯汀·汀布莱克。发行过数张专辑，最为人所知的是《No Strings Attached》和《Celebrity》这两张专辑。2002年正值巅峰期的NSYNC宣布解散。随后成员JC、贾斯汀宣布单飞。2013年美国VMA颁奖典礼上借成员贾斯汀获得终身成就奖之际，超级男孩再度合体。\n从艺历程：1997年，发布首张同名专辑《NSYNC》\n2000年，发布专辑《No Strings Attached》\n2001年，发布同名专辑《Celebrity》\n",
 "remarks": "本词条内容暂未完善仅供参考，多频百科小编正在火速赶来",
 "remarksEn": "本词条内容暂未完善仅供参考，多频百科小编正在火速赶来",
 "status": 0,
 "clickNum": 0,
 "deleted": 0,
 "lang": 0,
 "chooseLang": false,
 "id": 39,
 "name": " NSYNC",
 "picture": "http://y.gtimg.cn/music/photo_new/T001R300x300M000001Jgpv82NWKNN.jpg?max_age=2592000",
 "originalName": "超级男孩",
 "nationality": "美国",
 "birthplace": "",
 "birthday": "",
 "profession": "",
 "typeId": 12,
 "typeName": "艺人",
 "dataId": 39,
 "url": "http://dropinapp.hearinmusic.com/#/ency?typeId=12&dataId=39"
}