{
 "pageNum": 1,
 "pageSize": 10,
 "params": {},
 "content": "<div>\n<div>\n<p>Christopher Wilson （出生于1992年10月27日），艺名Riot Ten，是美国DJ和制片人，位于德克萨斯州埃尔帕索。[1]他以dubstep和hardtrap的风格闻名，目前与Steve Aoki的厂牌Dim Mak签约。也在Excision's Rotten Recordings, Never Say Die Records, Disciple Records, Firepower等厂牌发行作品；并在Atlantic Records, Interscope Records, RCA Records发行混音。[2][3][4]</p>\n<p>&nbsp;</p>\n<p>自2016年以来，Riot Ten与 Yellow Claw, Datsik, Adventure Club, Steve Aoki, Kayzo, Pegboard Nerds, Excision一起巡演[5]</p>\n<p>&nbsp;</p>\n<p><strong>事业</strong></p>\n<p>2016年，Riot Ten在Datsik的厂牌Firepower Records发布了他的首张EP《Hype Or Die: Headbangerz》。EP包括他的突破性单曲\"Like Kanye\"，主唱Bunji Garlin。[6][7]他接着与Steve Aoki的Dim Mak签约，发布了他现在著名的dubstep圣歌\"Rail Breaker\"。[8]</p>\n</div>\n</div>",
 "contentEn": "<div class=\"reflist\" style=\"font-size: 12.6px; margin-bottom: 0.5em; list-style-type: decimal; color: #202122; font-family: sans-serif; font-style: normal; font-variant-ligatures: normal; font-variant-caps: normal; font-weight: 400; letter-spacing: normal; orphans: 2; text-align: start; text-indent: 0px; text-transform: none; white-space: normal; widows: 2; word-spacing: 0px; -webkit-text-stroke-width: 0px; background-color: #ffffff; text-decoration-thickness: initial; text-decoration-style: initial; text-decoration-color: initial;\">\n<div class=\"mw-references-wrap mw-references-columns\" style=\"column-width: 30em; margin-top: 0.3em;\">\n<p><span style=\"font-size: 10pt;\"><strong>Christopher Wilson</strong> (born October 27, 1992), better known by his stage name <strong>Riot Ten</strong>, is an American DJ and producer based in El Paso, Texas.<sup id=\"cite_ref-:0_1-2\" class=\"reference\">[1]</sup> He is best known for his dubstep and hardtrap production and is currently signed to Steve Aoki's Dim Mak, with additional music out on Excision's Rotten Recordings, Never Say Die Records, Disciple Records, and Firepower, as well as remixes on Atlantic Records, Interscope Records, and RCA Records.<sup id=\"cite_ref-2\" class=\"reference\">[2]</sup><sup id=\"cite_ref-3\" class=\"reference\">[3]</sup><sup id=\"cite_ref-4\" class=\"reference\">[4]</sup> Since 2016, Wilson has toured alongside Yellow Claw, Datsik, Adventure Club, Steve Aoki, Kayzo, Pegboard Nerds, and Excision. <sup id=\"cite_ref-5\" class=\"reference\">[5]</sup></span></p>\n<div id=\"toc\" class=\"toc\" role=\"navigation\" aria-labelledby=\"mw-toc-heading\"><input id=\"toctogglecheckbox\" class=\"toctogglecheckbox\" style=\"display: none;\" role=\"button\" type=\"checkbox\" />\n<div class=\"toctitle\" dir=\"ltr\" lang=\"en\">&nbsp;</div>\n</div>\n<h2><span id=\"Career\" class=\"mw-headline\">Career</span></h2>\n<p><span style=\"font-size: 10pt;\">In 2016, Riot Ten released his debut EP <em>Hype Or Die: Headbangerz</em> on Datsik's Firepower Records. The EP included his breakout single \"Like Kanye\" featuring Trinidadian dancehall artist Bunji Garlin.<sup id=\"cite_ref-6\" class=\"reference\">[6]</sup><sup id=\"cite_ref-7\" class=\"reference\">[7]</sup> He went on to sign with Steve Aoki's Dim Mak Records, where he released his now famed dubstep anthem \"Rail Breaker\".<sup id=\"cite_ref-8\" class=\"reference\">[8]</sup></span></p>\n<p>&nbsp;</p>\n<h2><span id=\"References\" class=\"mw-headline\">References</span></h2>\n<div class=\"reflist\" style=\"font-size: 12.6px; margin-bottom: 0.5em; list-style-type: decimal; color: #202122; font-family: sans-serif; font-style: normal; font-variant-ligatures: normal; font-variant-caps: normal; font-weight: 400; letter-spacing: normal; orphans: 2; text-align: start; text-indent: 0px; text-transform: none; white-space: normal; widows: 2; word-spacing: 0px; -webkit-text-stroke-width: 0px; background-color: #ffffff; text-decoration-thickness: initial; text-decoration-style: initial; text-decoration-color: initial;\">\n<div class=\"mw-references-wrap mw-references-columns\" style=\"column-width: 30em; margin-top: 0.3em;\">\n<ol class=\"references\" style=\"margin: 0px 0px 0px 3.2em; padding: 0px; list-style-image: none; counter-reset: mw-ref-extends-parent 0 list-item 0; font-size: 12.6px; list-style-type: inherit;\">\n<li id=\"cite_note-:0-1\" style=\"margin-bottom: 0.1em; break-inside: avoid-column; counter-increment: mw-ref-extends-parent 1; counter-reset: mw-ref-extends-child 0;\"><span class=\"mw-cite-backlink\" style=\"user-select: none;\">^&nbsp;<span class=\"cite-accessibility-label\" style=\"user-select: none; top: -99999px; clip: rect(1px, 1px, 1px, 1px); overflow: hidden; position: absolute !important; padding: 0px !important; border: 0px !important; height: 1px !important; width: 1px !important;\">Jump up to:</span><sup style=\"line-height: 1; font-size: 12px;\"><em><strong>a</strong></em></sup>&nbsp;<sup style=\"line-height: 1; font-size: 12px;\"><em><strong>b</strong></em></sup>&nbsp;<sup style=\"line-height: 1; font-size: 12px;\"><em><strong>c</strong></em></sup></span><span style=\"font-size: 10pt;\">&nbsp;<span class=\"reference-text\"><cite id=\"CITEREFDesk\" class=\"citation news cs1\" style=\"font-style: inherit; overflow-wrap: break-word;\">Desk, El Paso Times.&nbsp;\"El Paso Producer Continues Rise in EDM World\"<span class=\"reference-accessdate\">. Retrieved&nbsp;<span class=\"nowrap\" style=\"white-space: nowrap;\">2017-08-10</span></span>.</cite></span></span></li>\n<li id=\"cite_note-2\" style=\"margin-bottom: 0.1em; break-inside: avoid-column; counter-increment: mw-ref-extends-parent 1; counter-reset: mw-ref-extends-child 0;\"><span style=\"font-size: 10pt;\"><span class=\"mw-cite-backlink\" style=\"user-select: none;\"><strong>^</strong></span>&nbsp;<span class=\"reference-text\"><cite id=\"CITEREFMeadow2017\" class=\"citation web cs1\" style=\"font-style: inherit; overflow-wrap: break-word;\">Meadow, Matthew (2017-08-11).&nbsp;\"Riot Ten - Rail Breaker (ft. Rico Act) [DIM MAK]\".&nbsp;<em>Your EDM</em><span class=\"reference-accessdate\">. Retrieved&nbsp;<span class=\"nowrap\" style=\"white-space: nowrap;\">2017-08-19</span></span>.</cite></span></span></li>\n<li id=\"cite_note-3\" style=\"margin-bottom: 0.1em; break-inside: avoid-column; counter-increment: mw-ref-extends-parent 1; counter-reset: mw-ref-extends-child 0;\"><span style=\"font-size: 10pt;\"><span class=\"mw-cite-backlink\" style=\"user-select: none;\"><strong>^</strong></span>&nbsp;<span class=\"reference-text\"><cite id=\"CITEREFUnderwood2017\" class=\"citation web cs1\" style=\"font-style: inherit; overflow-wrap: break-word;\">Underwood, Lee (2017-05-16).&nbsp;\"Firepower Records to Release Riot Ten's Hype or Die: Headbangerz EP\".&nbsp;<em>Firepower Records</em><span class=\"reference-accessdate\">. Retrieved&nbsp;<span class=\"nowrap\" style=\"white-space: nowrap;\">2017-08-19</span></span>.</cite></span></span></li>\n<li id=\"cite_note-4\" style=\"margin-bottom: 0.1em; break-inside: avoid-column; counter-increment: mw-ref-extends-parent 1; counter-reset: mw-ref-extends-child 0;\"><span style=\"font-size: 10pt;\"><span class=\"mw-cite-backlink\" style=\"user-select: none;\"><strong>^</strong></span>&nbsp;<span class=\"reference-text\"><cite id=\"CITEREFMeadows2016\" class=\"citation web cs1\" style=\"font-style: inherit; overflow-wrap: break-word;\">Meadows, Matthew (2016-12-19).&nbsp;\"Riot Ten &amp; Sullivan King - Fuck It [FREE DOWNLOAD]\".&nbsp;<em>Your EDM</em><span class=\"reference-accessdate\">. Retrieved&nbsp;<span class=\"nowrap\" style=\"white-space: nowrap;\">2017-08-19</span></span>.</cite></span></span></li>\n<li id=\"cite_note-5\" style=\"margin-bottom: 0.1em; break-inside: avoid-column; counter-increment: mw-ref-extends-parent 1; counter-reset: mw-ref-extends-child 0;\"><span style=\"font-size: 10pt;\"><span class=\"mw-cite-backlink\" style=\"user-select: none;\"><strong>^</strong></span>&nbsp;<span class=\"reference-text\">https://posterchild.com.au/artist/riot-ten/</span></span></li>\n<li id=\"cite_note-6\" style=\"margin-bottom: 0.1em; break-inside: avoid-column; counter-increment: mw-ref-extends-parent 1; counter-reset: mw-ref-extends-child 0;\"><span style=\"font-size: 10pt;\"><span class=\"mw-cite-backlink\" style=\"user-select: none;\"><strong>^</strong></span>&nbsp;<span class=\"reference-text\"><cite id=\"CITEREFUnderwood2017\" class=\"citation web cs1\" style=\"font-style: inherit; overflow-wrap: break-word;\">Underwood, Lee (2017-05-16).&nbsp;\"Firepower Records to Release Riot Ten's Hype or Die: Headbangerz EP\".&nbsp;<em>Firepower Records</em><span class=\"reference-accessdate\">. Retrieved&nbsp;<span class=\"nowrap\" style=\"white-space: nowrap;\">2017-08-19</span></span>.</cite></span></span></li>\n<li id=\"cite_note-7\" style=\"margin-bottom: 0.1em; break-inside: avoid-column; counter-increment: mw-ref-extends-parent 1; counter-reset: mw-ref-extends-child 0;\"><span style=\"font-size: 10pt;\"><span class=\"mw-cite-backlink\" style=\"user-select: none;\"><strong>^</strong></span>&nbsp;<span class=\"reference-text\"><cite id=\"CITEREFSauce2017\" class=\"citation web cs1\" style=\"font-style: inherit; overflow-wrap: break-word;\">Sauce, EDM (2017-05-16).&nbsp;\"Riot Ten &amp; Rathero - Like Kanye (ft. Bunji Garlin)\".&nbsp;<em>EDM Sauce</em><span class=\"reference-accessdate\">. Retrieved&nbsp;<span class=\"nowrap\" style=\"white-space: nowrap;\">2017-08-27</span></span>.</cite></span></span></li>\n<li id=\"cite_note-8\" style=\"margin-bottom: 0.1em; break-inside: avoid-column; counter-increment: mw-ref-extends-parent 1; counter-reset: mw-ref-extends-child 0;\"><span style=\"font-size: 10pt;\"><span class=\"mw-cite-backlink\" style=\"user-select: none;\"><strong>^</strong></span>&nbsp;<span class=\"reference-text\">http://noiseprn.com/2017/08/15/riot-ten-rail-breaker-ft-rico-act/</span></span></li>\n</ol>\n</div>\n</div>\n</div>\n</div>",
 "remarks": "本词条汉字内容由@多频百科团队 翻译+编辑\n原文译自 https://en.wikipedia.org/wiki/Riot_Ten",
 "remarksEn": "本词条内容来自 https://en.wikipedia.org/wiki/Riot_Ten",
 "status": 1,
 "clickNum": 4,
 "deleted": 0,
 "lang": 0,
 "chooseLang": true,
 "id": 33160,
 "name": " Riot Ten",
 "descriptions": "Christopher Wilson （出生于1992年10月27日），艺名Riot Ten，是美国DJ和制片人，位于德克萨斯州埃尔帕索。[1]他以dubstep和hardtrap的风格闻名，目前与Steve Aoki的厂牌Dim Mak签约。也在Excision's Rotten Recordings, Never Say Die Records, Disciple Records, Firepower等厂牌发行作品；并在Atlantic Records, Interscope Records, RCA Records发行混音。[2][3][4]",
 "picture": "https://duopin-community.oss-cn-shenzhen.aliyuncs.com/image/2021/8/r4ql96666kl63vs7h6ug.jpg",
 "nationality": "美国",
 "profession": "DJ, producer, musician, remixer",
 "style": "Dubstep, trap, hardstyle, hip hop, electro house",
 "brand": "Dim Mak, Firepower, Kannibalen Records, Thrive Records, Rotten Recordings",
 "debutTimeText": "2012",
 "officialUrl": "hypeordietour.com",
 "referenceUrl": "https://en.wikipedia.org/wiki/Riot_Ten",
 "typeId": 12,
 "typeName": "艺人",
 "dataId": 33160,
 "url": "http://dropinapp.hearinmusic.com/#/ency?typeId=12&dataId=33160"
}