{
 "pageNum": 1,
 "pageSize": 10,
 "params": {},
 "content": "<h2><span id=\"History\" class=\"mw-headline\">History</span></h2>\n<p>Rudy Ratzinger was the creative force behind Wumpscut, occasionally employing the help of guest artists (such as Aleta Welling, P&middot;A&middot;L, Selene etc.), although such collaborations were minimal in scope.<sup id=\"cite_ref-culture_shock_2_2-0\" class=\"reference\"></sup> Ratzinger cites the influence of such bands as Le&aelig;ther Strip as his reason for making the transfer from DJing to recording music: \"I was a DJ for several years and was tired of offering the audience only alien stuff. The first Le&aelig;ther Strip works were responsible for trying something on my own.\"</p>\n<p>First works performed by Wumpscut dates back to the early 1990s when Rudy Ratzinger started to play music in Bavarian club houses and in Southern Germany. In a 1997 interview, Rudy Ratzinger reveals that \"Pornography\" and \"War Combattery\" were his first two songs in EBM, those two four-minute songs are to be found on <em>Defcon</em>, the first demo issued by Wumpscut in late 1991.<sup id=\"cite_ref-aracnet.com_3-1\" class=\"reference\"></sup> Yet, only \"Pornography\" was picked for reappearance on <em>Blutkind</em> (although a remix of War Combattery surfaced on the Mesner Tracks re-release EP which was released before). According to Rudy, \"War Combattery\" was a great hit in club houses: \"[It] was a very big success in the clubs in Southern Germany.\"</p>\n<p>The release of the song \"Soylent Green\", which is named after the 1973 movie and also contains audio samples from the German dubbed version, first attracted attention to Wumpscut. Since its release in 1993, it has become a frequently played song at events and clubs in the goth and industrial subcultures, in Germany, UK and the United States.<sup id=\"cite_ref-4\" class=\"reference\"></sup></p>\n<p>Wumpscut produced elaborate box set releases including limited versions of CD or LP releases with additional and bonus material (bonus tracks, \"liquid soylent\" energy drinks, posters, pins, stickers, bags, flags, etc.). Wumpscut albums were reissued with variant artworks, remastering and track listings. Standalone merchandise such as baseball caps, coffee mugs and t-shirts were also made available for purchase.</p>\n<p>Rudy Ratzinger has to date released seventeen studio albums<sup id=\"cite_ref-5\" class=\"reference\"></sup> plus a number of compilations: demos, compilation tracks, and remixes from deleted singles and EPs. The sixteenth Wumpscut album, W&uuml;terich, released March 25, 2016 on the Metropolis label. He released a \"best of\" album titled Innerfire on May 5, 2017, while also announcing that Wumpscut would no longer be producing or making any new music on his Facebook and Twitter accounts.</p>\n<p>On 5 November 2020, a new album entitled \"Fledermavs 303\" was announced with the release of a teaser track through the Wumpscut page on Bandcamp,<sup id=\"cite_ref-7\" class=\"reference\"></sup> presumably implying that Rudy has returned to producing music again.</p>\n<h2><span id=\"Record_labels\" class=\"mw-headline\">Record labels</span></h2>\n<p>Ratzinger started his own record label, Beton Kopf Media, in 1995, used exclusively to release Wumpscut material to the European market.<sup id=\"cite_ref-culture_shock_2_2-1\" class=\"reference\"></sup> In 1996, he started the label Mental Ulcer Forges which lapsed in the early 2000s, then relaunched in 2006. The label released albums by the following bands: Remyl, Noisex, B-Ton-K, Yendri and F/A/V. Rudy also managed the label Fleisskoma with Karl Kimmerl (B-Ton-K), which has released work by the electronic band Press to Transmit.</p>\n<h2><span id=\"Live_performance\" class=\"mw-headline\">Live performance</span></h2>\n<p>Despite the project's popularity in the electro-industrial genre, Wumpscut was a studio-only project and never toured. When asked for his reason behind this decision, Rudy commented: \"I cannot come up to my self-set level.\"<sup id=\"cite_ref-9\" class=\"reference\"></sup></p>",
 "remarks": "本词条内容暂未完善仅供参考，多频百科小编正在火速赶来",
 "remarksEn": "本词条内容暂未完善仅供参考，多频百科小编正在火速赶来",
 "status": 0,
 "clickNum": 3,
 "deleted": 0,
 "lang": 0,
 "chooseLang": false,
 "id": 54,
 "name": " Wumpscut ",
 "descriptions": "Wumpscut (stylised as :wumpscut:) was an electro-industrial music project from Germany. It was founded in May 1991 by Bavarian disc jockey Rudolf \"Rudy\" Ratzinger (born June 3, 1966). ",
 "picture": "https://duopin-community.oss-cn-shenzhen.aliyuncs.com/w47wkqoh6qnttcv7cnrj.jpg",
 "originalName": "Rudolf Ratzinger",
 "nationality": "德国",
 "birthplace": "Gangkofen, Rottal-Inn, Bavaria, West Germany",
 "birthday": "1966年6月3日",
 "profession": "DJ",
 "style": "Electro-industrial, dark ambient",
 "brand": "Metropolis Records， Ant-Zen， XIII Bis Records， 21st Circuitry",
 "debutTimeText": "1991–2017",
 "referenceUrl": "https://en.wikipedia.org/wiki/Wumpscut",
 "typeId": 12,
 "typeName": "艺人",
 "dataId": 54,
 "url": "http://dropinapp.hearinmusic.com/#/ency?typeId=12&dataId=54"
}