{
 "pageNum": 1,
 "pageSize": 10,
 "params": {},
 "content": "#1 Dads简介\n澳大利亚另类音乐人No. 1 Dads\n来自\nMelbourne\n",
 "remarks": "本词条内容暂未完善仅供参考，多频百科小编正在火速赶来",
 "remarksEn": "本词条内容暂未完善仅供参考，多频百科小编正在火速赶来",
 "status": 0,
 "clickNum": 4,
 "deleted": 0,
 "lang": 0,
 "chooseLang": false,
 "id": 13,
 "name": "#1 Dads",
 "picture": "http://y.gtimg.cn/music/photo_new/T001R300x300M000000zcEp74Sadre.jpg?max_age=2592000",
 "originalName": "",
 "nationality": "",
 "birthplace": "",
 "birthday": "",
 "profession": "",
 "typeId": 12,
 "typeName": "艺人",
 "dataId": 13,
 "url": "http://dropinapp.hearinmusic.com/#/ency?typeId=12&dataId=13"
}