{
 "pageNum": 1,
 "pageSize": 10,
 "params": {},
 "content": "<p>发行专辑《*GUNNA TYPE BEAT 》《youngtrapper》《22：00》</p>",
 "remarks": "本词条内容暂未完善仅供参考，多频百科小编正在火速赶来",
 "remarksEn": "本词条内容暂未完善仅供参考，多频百科小编正在火速赶来",
 "status": 0,
 "clickNum": 2,
 "deleted": 0,
 "lang": 0,
 "chooseLang": false,
 "id": 15,
 "name": "#N4F",
 "descriptions": "发行专辑《*GUNNA TYPE BEAT 》《youngtrapper》《22：00》",
 "picture": "http://y.gtimg.cn/music/photo_new/T001R300x300M000002UaeWt2sCGrD.jpg?max_age=2592000",
 "originalName": "",
 "nationality": "",
 "birthplace": "",
 "birthday": "",
 "profession": "",
 "style": "rap；hippop",
 "typeId": 12,
 "typeName": "艺人",
 "dataId": 15,
 "url": "http://dropinapp.hearinmusic.com/#/ency?typeId=12&dataId=15"
}