{
 "pageNum": 1,
 "pageSize": 10,
 "params": {},
 "content": "团员人数：2\n新奥尔良说唱组合$ uicideboy $是由Ruby da Cherry和$ lick $ loth两兄弟组合而成。2014年创立，这对二人组以粗鲁，自发的节拍以及以滥用药物和自杀念头为主要特征的歌词内容和主题而大受欢迎。\n",
 "remarks": "本词条内容暂未完善仅供参考，多频百科小编正在火速赶来",
 "remarksEn": "本词条内容暂未完善仅供参考，多频百科小编正在火速赶来",
 "status": 0,
 "clickNum": 0,
 "deleted": 0,
 "lang": 0,
 "chooseLang": false,
 "id": 30,
 "name": "$UICIDEBOY$",
 "picture": "http://y.gtimg.cn/music/photo_new/T001R300x300M000001Cw7QX1P33rO.jpg?max_age=2592000",
 "originalName": "",
 "nationality": "美国",
 "birthplace": "",
 "birthday": "",
 "profession": "",
 "typeId": 12,
 "typeName": "艺人",
 "dataId": 30,
 "url": "http://dropinapp.hearinmusic.com/#/ency?typeId=12&dataId=30"
}