{
 "pageNum": 1,
 "pageSize": 10,
 "params": {},
 "content": "外文名：(G)I-DLE、(여자)아이들\n团员人数：6名\n团员组成：美延、穗珍、小娟、Minnie、雨琦、舒华\n(여자)아이들，是韩国Cube娱乐旗下的六人女子音乐组合，六位成员包括美延、穗珍、小娟、Minnie、雨琦以及舒华，于2018年5月2日，以迷你一辑《I am》、主打 《LATATA》出道。团名写法为“(G)I-DLE”，读音为“I-DLE”。团体名称为“(여자)아이들”，代表个人的 “I(아이)””、韩文中的复数“们(들)”，意味着拥有独特个性的六人组成了(G)I-DLE。团徽设计结合“I”及“들”，有着将各位不同个性的女孩聚集起来的意义。\n团体口号为“I! 大家好，我们是아이들!”，代表手势是用拇指比成英文字母小写的“i”，再两手倒扣合在一起，比成大写的“I”。\n从艺历程：2018年，5月2日，韩国时间下午6点，公开首张迷你专辑《I am》全辑音源及主打《LATATA》并于同日举行出道Showcase，正式出道5月6日，\n2018年，8月14日，韩国时间下午6时，公开首张数位单曲《한 (一)》。7时，主打歌《한 (一)》空降六大音源实时榜上游圈。\n2019年，2月10日，官方社群账号宣布，确定将于2月26日携迷你二辑《I made》回归，其中成员小娟参与大部分歌曲之作曲填词，并收录成员Minnie初次作曲填词歌曲《Blow Your Mind》。\n2019年，发行首张日文迷你专辑《LATATA》，正式于日本出道；8月21日，数位单曲《HANN（Alone）》的MV浏览次数突破1亿；29日，出演Mnet综艺节目《Queendom》；10月25日，发行为《Queendom》决赛打造的单曲《LION》；11月4日，公开单曲《LION》的MV。\n2020年，4月4日，开始出道以来的首次全球巡回演唱会“2020 (G)I-DLE WORLD TOUR 'I-LAND:WHO AM I”。\n荣誉记录：音乐节目奖项\n 2020-04-19    人气歌谣 一位    Oh My God     （获奖）    \n 2020-04-18    音乐中心 一位    Oh My God    （获奖）    \n 2020-04-17    音乐银行 一位    Oh My God     （获奖）    \n 2020-04-16    M!Countdown 一位    Oh My God    （获奖）    \n 2019-07-02    THE SHOW 一位    Uh-Oh     （获奖）    \n 2019-03-06    Show Champion 一位    Senorita     （获奖）    \n 2018-09-06    M!Countdown 一位    HANN（Alone）     （获奖）    \n 2018-09-04    THE SHOW 一位    HANN（Alone）     （获奖）    \n 2018-08-29    Show Champion 一位    HANN（Alone）     （获奖）    \n 2018-05-29    THE SHOW 一位    LATATA     （获奖）    \n 2018-05-24    M!Countdown 一位    LATATA     （获奖）    \n 2018-05-22    THE SHOW 一位    LATATA     （获奖）    \n团体奖项\n 2020    第34届    金唱片奖 专辑部门最佳表演奖     （获奖）        \n 2020    第9届    Gaon Chart Music Awards 世界新人赏     （获奖）        \n 2019    第33届    金唱片奖 数位音源部门新人奖     （获奖）    \n 2019    THE FACT MUSIC AWARDS Next Leader奖     （获奖）     \n 2019    Asia Artist Award GROOVE奖     （获奖）     \n 2019    第8届    Gaon Chart Music Awards 数位音源部年度新人奖     （获奖）    \n 2019    第3届    Soribada Best K-Music Awards New Wave奖     （获奖）    \n 2018    Mnet亚洲音乐大奖Best of Next奖     （获奖）    \n 2018    Melon Music Awards 女子新人奖     （获奖）    \n 2018    KOREA POPULAR MUSIC AWARDS 女子新人奖     （获奖）    \n 2018    ASIA ARTIST AWARDS 歌手部门新人奖     （获奖）    \n 2018    MBC PLUS X genie music AWARDS 最佳女子新人奖     （获奖）\n",
 "remarks": "本词条内容暂未完善仅供参考，多频百科小编正在火速赶来",
 "remarksEn": "本词条内容暂未完善仅供参考，多频百科小编正在火速赶来",
 "status": 0,
 "clickNum": 1,
 "deleted": 0,
 "lang": 0,
 "chooseLang": false,
 "id": 35,
 "name": "(G)I-DLE ((여자)아이들)",
 "picture": "http://y.gtimg.cn/music/photo_new/T001R300x300M000003hcAVs1IB7c8.jpg?max_age=2592000",
 "originalName": "(女)孩子们",
 "nationality": "",
 "birthplace": "",
 "birthday": "",
 "profession": "",
 "typeId": 12,
 "typeName": "艺人",
 "dataId": 35,
 "url": "http://dropinapp.hearinmusic.com/#/ency?typeId=12&dataId=35"
}