{
 "pageNum": 1,
 "pageSize": 10,
 "params": {},
 "content": "来自美国的电声乐队009 Sound System组建于2007年，由世界级音乐制作人Alexander Perls主导引领，2008年开始正式发表作品。虽然活动时间短，作品算不上多产，但是其充满空间感的另类曲风在欧美佳评如潮，在多数收费音乐网持续保持极高的下载率。Dreamscape和with a spirit是被列为009 Sound System代表作品的曲子，很多媒体和广告都拿来作为背景音乐使用。\n",
 "remarks": "本词条内容暂未完善仅供参考，多频百科小编正在火速赶来",
 "remarksEn": "本词条内容暂未完善仅供参考，多频百科小编正在火速赶来",
 "status": 0,
 "clickNum": 0,
 "deleted": 0,
 "lang": 0,
 "chooseLang": false,
 "id": 75,
 "name": "009 Sound System",
 "picture": "http://y.gtimg.cn/music/photo_new/T001R300x300M0000025SefY1or04C.jpg?max_age=2592000",
 "originalName": "",
 "nationality": "",
 "birthplace": "",
 "birthday": "",
 "profession": "",
 "typeId": 12,
 "typeName": "艺人",
 "dataId": 75,
 "url": "http://dropinapp.hearinmusic.com/#/ency?typeId=12&dataId=75"
}