{
 "pageNum": 1,
 "pageSize": 10,
 "params": {},
 "content": "这富有激情的二重奏乐队是由吉他手Jon Hills和键盘手 Mark Bajuk组成。Bajuk强调是旧派模拟合成，然而Hills即为音乐镀上他微妙的即兴重复演奏。\n",
 "remarks": "本词条内容暂未完善仅供参考，多频百科小编正在火速赶来",
 "remarksEn": "本词条内容暂未完善仅供参考，多频百科小编正在火速赶来",
 "status": 0,
 "clickNum": 0,
 "deleted": 0,
 "lang": 0,
 "chooseLang": false,
 "id": 83,
 "name": "1 Mile North",
 "picture": "http://y.gtimg.cn/music/photo_new/T001R300x300M000003BqpUe2GcZM9.jpg?max_age=2592000",
 "originalName": "",
 "nationality": "",
 "birthplace": "",
 "birthday": "",
 "profession": "",
 "typeId": 12,
 "typeName": "艺人",
 "dataId": 83,
 "url": "http://dropinapp.hearinmusic.com/#/ency?typeId=12&dataId=83"
}