{
 "pageNum": 1,
 "pageSize": 10,
 "params": {},
 "content": "近年亚洲涌现了不少优秀的金属团体，但玩葬礼厄运的却很少见，这是其中的一队，伊朗德黑兰的1000 Funerals。\n2005年组队发行了一张专集，玩的是纯正的Funeral Doom Metal，相当出色的处女作，极力推荐！\n",
 "remarks": "本词条内容暂未完善仅供参考，多频百科小编正在火速赶来",
 "remarksEn": "本词条内容暂未完善仅供参考，多频百科小编正在火速赶来",
 "status": 0,
 "clickNum": 2,
 "deleted": 0,
 "lang": 0,
 "chooseLang": false,
 "id": 90,
 "name": "1000 Funerals",
 "picture": "http://y.gtimg.cn/music/photo_new/T001R300x300M000001NryiN4Lr9nL.jpg?max_age=2592000",
 "originalName": "",
 "nationality": "",
 "birthplace": "",
 "birthday": "",
 "profession": "",
 "typeId": 12,
 "typeName": "艺人",
 "dataId": 90,
 "url": "http://dropinapp.hearinmusic.com/#/ency?typeId=12&dataId=90"
}