{
 "pageNum": 1,
 "pageSize": 10,
 "params": {},
 "content": "101A评价\n日本にこんなにカコイイバンドがいたのかと思うと感激です。 \nまだ全曲聞けてませんが、とにかくカッコいいです。 \n４曲目のsex slaveはまさにシューゲイザーと言った感じです。 \nボーカルのnoahさんは可愛い？綺麗だし。 \n世界に向けて発信できるアルバムだと思います。 \nシューゲイザー、グランジといったイギリスの90年代初頭のロック・サウンドは聴いたことがなかったけれど、この101Aのアルバムはいままで聴いたことがない、まさに透き通ったロック・サウンドです。これがシューゲイザー、グランジ・ロックなのか！多くのロックファンにお薦めのアルバムです。\n",
 "remarks": "本词条内容暂未完善仅供参考，多频百科小编正在火速赶来",
 "remarksEn": "本词条内容暂未完善仅供参考，多频百科小编正在火速赶来",
 "status": 0,
 "clickNum": 0,
 "deleted": 0,
 "lang": 0,
 "chooseLang": false,
 "id": 96,
 "name": "101A",
 "picture": "http://y.gtimg.cn/music/photo_new/T001R300x300M000000jQT4n1Phpm8.jpg?max_age=2592000",
 "originalName": "",
 "nationality": "",
 "birthplace": "",
 "birthday": "",
 "profession": "",
 "typeId": 12,
 "typeName": "艺人",
 "dataId": 96,
 "url": "http://dropinapp.hearinmusic.com/#/ency?typeId=12&dataId=96"
}