{
 "pageNum": 1,
 "pageSize": 10,
 "params": {},
 "content": "12 Ensemble简介\n12 ensemble 是英国最知名的现代古典弦乐团之一，由艺术总监Eloisa-Fleur Thom（主小提琴）和Max Ruisi（主大提琴）创立。乐团大胆地将新作品与弦乐团的经典曲目一起编排，以活力与激情为创作核心，将四重奏的感染力与无可挑剔的演奏技巧完美结合，力求将音乐的精髓以最精彩的方式带给观众。乐团由十二位伦敦最优秀的室内音乐家组成，作品经常跨越各个音乐流派，更是常常在没有指挥的情况下演奏，创作出了新老古典音乐融合的精彩作品。乐团定期在英国和国际上的主要音乐场馆进行演出。包括伦敦巴比肯音乐厅、柏林爱乐大厅和汉堡易北爱乐音乐厅等地的演出，以及到韩国、冰岛和意大利等国家的巡演。\n",
 "remarks": "本词条内容暂未完善仅供参考，多频百科小编正在火速赶来",
 "remarksEn": "本词条内容暂未完善仅供参考，多频百科小编正在火速赶来",
 "status": 0,
 "clickNum": 0,
 "deleted": 0,
 "lang": 0,
 "chooseLang": false,
 "id": 102,
 "name": "12 Ensemble",
 "picture": "http://y.gtimg.cn/music/photo_new/T001R300x300M000003L5fe63UKYz5.jpg?max_age=2592000",
 "originalName": "",
 "nationality": "",
 "birthplace": "",
 "birthday": "",
 "profession": "",
 "typeId": 12,
 "typeName": "艺人",
 "dataId": 102,
 "url": "http://dropinapp.hearinmusic.com/#/ency?typeId=12&dataId=102"
}