{
 "pageNum": 1,
 "pageSize": 10,
 "params": {},
 "content": "1200 Techniques were an Australian hip hop group. The group was formed in 1997, starting out as DJ Peril and brothers N'famas and Kabba, soon after Peril's brother Kemstar joined and together they wrote many of the tracks that appeared on the debut single\n",
 "remarks": "本词条内容暂未完善仅供参考，多频百科小编正在火速赶来",
 "remarksEn": "本词条内容暂未完善仅供参考，多频百科小编正在火速赶来",
 "status": 0,
 "clickNum": 0,
 "deleted": 0,
 "lang": 0,
 "chooseLang": false,
 "id": 107,
 "name": "1200 Techniques",
 "picture": "http://y.gtimg.cn/music/photo_new/T001R300x300M000004XQKpB4LaOdc.jpg?max_age=2592000",
 "originalName": "",
 "nationality": "",
 "birthplace": "",
 "birthday": "",
 "profession": "",
 "typeId": 12,
 "typeName": "艺人",
 "dataId": 107,
 "url": "http://dropinapp.hearinmusic.com/#/ency?typeId=12&dataId=107"
}