{
 "pageNum": 1,
 "pageSize": 10,
 "params": {},
 "content": "1200 Micrograms (sometimes credited as 1200 Mics, or 1300 Mics) are a psychedelic trance act from Ibiza. The members are Riktam and Bansi, from GMS, Raja Ram and Chicago. The name 1200 Micrograms comes from a Raja Ram taking a 1200 microgram dose of LSD while working on the groups first album. Raja Ram told his friend Paul Taylor, \"God Paul I took 1200 micrograms!\" (Raja was experiencing mental block on a specific track and took this dose of LSD in order to finish the track). Their music is known for the heavy use of guitars and a focus on themes related to the places where they sampled drugs.\n",
 "remarks": "本词条内容暂未完善仅供参考，多频百科小编正在火速赶来",
 "remarksEn": "本词条内容暂未完善仅供参考，多频百科小编正在火速赶来",
 "status": 0,
 "clickNum": 0,
 "deleted": 0,
 "lang": 0,
 "chooseLang": false,
 "id": 106,
 "name": "1200 Micrograms",
 "picture": "http://y.gtimg.cn/music/photo_new/T001R300x300M000003y4UYB35OuaE.jpg?max_age=2592000",
 "originalName": "",
 "nationality": "",
 "birthplace": "",
 "birthday": "",
 "profession": "",
 "typeId": 12,
 "typeName": "艺人",
 "dataId": 106,
 "url": "http://dropinapp.hearinmusic.com/#/ency?typeId=12&dataId=106"
}