{
 "pageNum": 1,
 "pageSize": 10,
 "params": {},
 "content": "John Dadzie以他的艺名12th Planet而闻名，他是洛杉矶的dubstep制作人和DJ。\n12th Planet，出生于John Dadzie，在洛杉矶长大，当他定期参加狂欢和丛林派对时，他第一次被介绍到高中的电子音乐界。在与DJ Lith合作创作帝国唱片后，他以自己的方式发布了他的制作技巧，最初以别名Infiltrata制作鼓和贝司。 2006年，他决定要制作dubstep。就在那时，他的新别名12th Planet被创建，参考Zecharia Sitchin的书，第12行星。所有以12th Planet命名的产品都是原创的。作为第一个将dubstep文化带到美国的人（在美国的电子圣地之一洛杉矶），第12个星球经常被引用为美国的Dubstep King。\n",
 "remarks": "本词条内容暂未完善仅供参考，多频百科小编正在火速赶来",
 "remarksEn": "本词条内容暂未完善仅供参考，多频百科小编正在火速赶来",
 "status": 0,
 "clickNum": 3,
 "deleted": 0,
 "lang": 0,
 "chooseLang": false,
 "id": 109,
 "name": "12th Planet",
 "picture": "http://y.gtimg.cn/music/photo_new/T001R300x300M000001N4Wwt1WMGHI.jpg?max_age=2592000",
 "originalName": "",
 "nationality": "",
 "birthplace": "",
 "birthday": "",
 "profession": "",
 "typeId": 12,
 "typeName": "艺人",
 "dataId": 109,
 "url": "http://dropinapp.hearinmusic.com/#/ency?typeId=12&dataId=109"
}