{
 "pageNum": 1,
 "pageSize": 10,
 "params": {},
 "content": "",
 "remarks": "本词条内容暂未完善仅供参考，多频百科小编正在火速赶来",
 "remarksEn": "本词条内容暂未完善仅供参考，多频百科小编正在火速赶来",
 "status": 0,
 "clickNum": 17,
 "deleted": 0,
 "lang": 0,
 "chooseLang": false,
 "id": 119,
 "name": "1788-L",
 "picture": "http://y.gtimg.cn/music/photo_new/T001R300x300M000003X5oKA1Ov0Lg.jpg?max_age=2592000",
 "originalName": "",
 "nationality": "",
 "birthplace": "",
 "birthday": "",
 "profession": "DJ，电子音乐制作人",
 "typeId": 12,
 "typeName": "艺人",
 "dataId": 119,
 "url": "http://dropinapp.hearinmusic.com/#/ency?typeId=12&dataId=119"
}