{
 "pageNum": 1,
 "pageSize": 10,
 "params": {},
 "content": "by Marisa Brown\nComprised of Mike Bryant and Jon Fugler (two of the founding members of Fluke) and Japanese singer Yuki, who Fugler met in a recording studio, as well as contributors Wild Oscar, Andy Gray, Jan Burton, Dilshani Weerasinghe, and Robin Goodridge, all friends of Bryant and Fugler from their many years in the British electronica scene, 2 Bit Pie released their debut album, a mixture of trip-hop, house, techno, and rock that had been in the works for a while, on One Little Indian in 2006.\n",
 "remarks": "本词条内容暂未完善仅供参考，多频百科小编正在火速赶来",
 "remarksEn": "本词条内容暂未完善仅供参考，多频百科小编正在火速赶来",
 "status": 0,
 "clickNum": 0,
 "deleted": 0,
 "lang": 0,
 "chooseLang": false,
 "id": 134,
 "name": "2 Bit Pie",
 "picture": "http://y.gtimg.cn/music/photo_new/T001R300x300M0000033KsDY3gKCQD.jpg?max_age=2592000",
 "originalName": "",
 "nationality": "",
 "birthplace": "",
 "birthday": "",
 "profession": "",
 "typeId": 12,
 "typeName": "艺人",
 "dataId": 134,
 "url": "http://dropinapp.hearinmusic.com/#/ency?typeId=12&dataId=134"
}