{
 "pageNum": 1,
 "pageSize": 10,
 "params": {},
 "content": "\nby John Bush\nDutch techno group 2 Brothers on the 4th Floor joined their countrymen 2 Unlimited in the ranks of 90s dance acts popular on the charts as well in clubs across Europe. Brothers Bobby and Martin Boer began composing music in their bedroom and made the charts in 1990 with the single Cant Help Myself. After initial play on Dutch radio stations, the song became a hit across Europe. The Boers recruited a rapper named Da Smooth Baron MC and vocalists Peggy The Duchess and Gale Robinson, releasing Turn Da Music the following year as 2 Brothers on the 4th Floor.\nThe second single proved less successful, so Bobby and Martin put the project on hold during 1992-93 while they worked at remixing as Dancability Productions (for Becky Bell and Twenty 4 Seven). By 1994, the pair re-formed 2 Brothers with rapper D-Rock and vocalist DesRay. The first single Never Alone became a Dutch hit with gold status; its follow-up Dreams entered the charts at #1, spawning the debut 2 Brothers album, also titled Dreams. Later singles — Fly (Trough The Starry Night), Come Take My Hand, Fairytales — did well across Europe as well. Second album 2 was released in late 1996, with several megamix versions also available.\n",
 "remarks": "本词条内容暂未完善仅供参考，多频百科小编正在火速赶来",
 "remarksEn": "本词条内容暂未完善仅供参考，多频百科小编正在火速赶来",
 "status": 0,
 "clickNum": 0,
 "deleted": 0,
 "lang": 0,
 "chooseLang": false,
 "id": 135,
 "name": "2 Brothers On The 4th Floor",
 "picture": "http://y.gtimg.cn/music/photo_new/T001R300x300M0000029PK5z0eO2Mj.jpg?max_age=2592000",
 "originalName": "",
 "nationality": "",
 "birthplace": "",
 "birthday": "",
 "profession": "",
 "typeId": 12,
 "typeName": "艺人",
 "dataId": 135,
 "url": "http://dropinapp.hearinmusic.com/#/ency?typeId=12&dataId=135"
}