{
 "pageNum": 1,
 "pageSize": 10,
 "params": {},
 "content": "原名：Tauheed Epps（陶希德·埃普斯）\nTauheed Epps（1977年9月12日出生），专业称为2 Chainz（前身为Tity Boi），是美国说唱歌手，词曲作者，电视名人，活动家和演员。他在佐治亚州的大学公园出生长大，最初获得了南半球嘻哈组合Playaz Circle的一半认可，以及他的老朋友和同伴说唱歌手Earl“Dolla Boy”Conyers。两人签了字对同伴乔治亚州说唱歌手卢达克里斯 “ 令人不安的塔和平标签，并为他们的首张单曲‘是最有名的行李袋男孩’。\n在2012年2月，艾普签署独奏唱片合约与Def Jam公司录音，的印记环球音乐集团。接下来的8月，他发布了他的首张录音室专辑“ 基于TRU故事”，收录不一。[4]这张专辑产生了三首成功的单曲：“ No Lie”，“ Birthday Song ”和“ I arem Different ”，所有这些都出现在Billboard Hot 100的前50 名中，并被RIAA认证为金牌或更高级别，以及专辑被认证金牌。他的第二张录音室专辑BOATS II：Me Time于2013年9月11日发布。它由单曲“ Feds Watching ”和“ Used 2 ”支持。Chainz先生开始与电视网络Viceland合作举办名为Most Expensivest的节目，该节目于2017年11月15日首播，现已播出三季。\n从艺历程：2012年2月，Epps与环球音乐集团签署了个人唱片合约，接下来的8月份，发行了首张专辑《Based on a T.R.U. Story》，其中《No Lie》，《Birthday Song》，以及《I'm Different》三支单曲冲入Billboard榜单前50名，专辑也被认定为黄金唱片。\n2013年9月，Epps的第二张专辑《B.O.A.T.S. II: Me Time》问世，其中包括《Feds Watching》、《Used 2》等单曲。\n2016年1月，Epps发布了全新EP《Felt Like Cappin》，在单曲《Back On That Bullshit》中与Lil Wayne合作。\n2017年6月，Epps发布了第四张个人专辑《Pretty Girls Like Trap Music》，整张专辑有Travis Scott, Nicki Minaj, Swae Lee, Migos, Jhene Aiko, Pharrell Williams等人助阵，《Good Drank》《It's a Vibe》《4 AM》等单曲备受欢迎。\n2016年由Epps第三混音带组成，名为Hibachi for Lunch，于10月28日发行。七首曲目混音带最初包括Quavo，Gucci Mane，Ty Dolla Sign和Future，但歌曲“Good Drank ft.Quavo and Gucci Mane ”是转移到漂亮女孩喜欢陷阱音乐。着名的制作是由：Mike Will Made It，K Swisha，Buddah祝福。\n2017年，Epps 在Def Jam Recordings上发行了他的第四张录音专辑“ Pretty Girls Like Trap Music ” 。专辑包括Travis Scott，Nicki Minaj，Swae Lee，Migos，Jhene Aiko，Pharrell Williams等。专辑制作由Mike Will Made It，Buddah Bless，Mike Dean，Murda Beatz等完成。这张专辑得到了三个官方单曲的支持：“ Good Drank ”，“ 这是一个Vibe这张专辑还得到了全国巡回演唱会以及美国的几家弹出式商店的支持。 2 Chainz提到了这张专辑“成长与成熟”。他说，内容将保持其边缘，同时也将陷阱音乐提升到每个人都能欣赏它的程度。漂亮女孩喜欢陷阱音乐获得了广泛的赞誉，大多数评论家都认为这张专辑是他最好的专辑。\n2017年11月15日，电视网络Viceland播出了第一集Most Expensivest。该节目重点关注2 Chainz访问不同地点，提供“最昂贵”的商品和服务。每个节目都涵盖一个特定的主题，展示从个人健康到奢侈的放纵。该展览提供了对产品和服务的独特见解，这些产品和服务是明确意图独占且昂贵的。2 Chainz提供了一种独特的，通常是幽默的产品洞察力，特别是他个人发现的产品既惊人又荒谬。该节目已于2019年初更新为第20季第三季播出。\n2018年2月19日，Epps宣布了他的新专辑Rap Or Go To The League，该专辑将于2018年发行。\n荣誉记录：BET嘻哈奖\n2012年：Reese的完美组合：“Mercy”（Kanye West, Big Sean,，Pusha T）（最佳）\n2012年的轨道：“No Lie”（ Drake ）（提名）\n2012年：甜蜜16强，最佳的特色诗句：“Mercy”（Kanye West, Big Sean,，Pusha T）（最佳）\n2012年的年度最佳新秀（最佳）\n2012年：冠军奖：“No Lie”（ Drake ）（最佳）\n2012年度MVP（提名）\n2012：让你看起来奖（提名）\n2012年：骗子年度（提名）\n2012年：最佳嘻哈视频：“Mercy”（Kanye West, Big Sean,，Pusha T）（提名）\n2012年：最佳嘻哈视频：“No Lie”（ Drake ）\n2012年：最佳俱乐部邦尔：“Mercy”（Kanye West, Big Sean,，Pusha T）（提名）\n2013  单曲\"Fuckin' Problems\" (与A$AP Rocky、德雷克和肯德里克·拉马尔)  最佳嘻哈音乐视频 (Best Hip Hop Video) （提名） \n2013  单曲\"Fuckin' Problems\" (与A$AP Rocky、德雷克和肯德里克·拉马尔)  最佳合作、二人组或团体 （获奖）\n2013  单曲\"Fuckin' Problems\" (与A$AP Rocky、德雷克和肯德里克·拉马尔) 最佳俱乐部嗨曲 （提名）\n2013  单曲\"Fuckin' Problems\" (与A$AP Rocky、德雷克和肯德里克·拉马尔) 民众票选冠军奖 （提名）\n2016 单曲\"Watch Out\" 最佳嘻哈音乐视频 （提名）\n2016 单曲\"No Problem\" 精彩16: 最佳客串片段（提名）\n格莱美奖\n2013年：最佳说唱歌曲：“Mercy”（Kanye West, Big Sean,，Pusha T）（提名）\n2013年：最佳说唱表现：“Mercy”（Kanye West, Big Sean,，Pusha T）（提名）\n2013年：最佳说唱专辑：Based on a T.R.U. Story（提名）\n2014  单曲\"Fuckin' Problems\" (与A$AP Rocky、德雷克和肯德里克·拉马尔)   最佳说唱歌曲 (Best Rap Song)   （提名）\n2017 单曲\"No Problem\" (与Chance the Rapper和李尔·韦恩)  最佳说唱歌曲 (Best Rap Song)  （提名）\n2017 单曲\"No Problem\" (与Chance the Rapper和李尔·韦恩)   最佳说唱表演（获奖）\n灵魂列车奖\n2012年：最佳嘻哈年度歌曲：“Mercy”（Kanye West, Big Sean,，Pusha T）（获奖）\n2012年：最佳嘻哈年度歌曲：“没有谎言”（ 德雷克 ）（提名）\n黑人娱乐电视大奖\n2013  2 Chainz  最佳男性嘻哈艺人 (Best Male Hip-Hop Artist) （提名）\n2013  单曲\"Mercy\" (与坎耶·韦斯特、大肖恩和普沙·T)  年度音乐视频 (Video of the Year) （提名）\n2013  单曲\"Mercy\" (与坎耶·韦斯特、大肖恩和普沙·T)   最佳合作作品 (Best Collaboration) （提名）\n2013  单曲\"No Lie\" (与德雷克)  最佳合作作品 (Best Collaboration) （提名）\n2013  单曲\"No Lie\" (与德雷克) 年度音乐视频 （提名）\n2013  单曲\"Fuckin' Problems\" (与A$AP Rocky、德雷克和肯德里克·拉马尔) 年度音乐视频  （提名）\n2013  单曲\"Fuckin' Problems\" (与A$AP Rocky、德雷克和肯德里克·拉马尔)  最佳合作作品 （获奖）\n2013  单曲\"Fuckin' Problems\" (与A$AP Rocky、德雷克和肯德里克·拉马尔)  可口可乐观众选择奖 (Coca-Cola Viewer's Choice) （提名）\n2016   2 Chainz& Lil Wayne  最佳二人组/团体 (Best Duo/Group) （提名）\n2017   2 Chainz& Lil Wayne  最佳二人组/团体 (Best Duo/Group)（提名） \n2017   单曲\"No Problem\" (与Chance the Rapper和李尔·韦恩) 最佳合作作品 （获奖）\n",
 "remarks": "本词条内容暂未完善仅供参考，多频百科小编正在火速赶来",
 "remarksEn": "本词条内容暂未完善仅供参考，多频百科小编正在火速赶来",
 "status": 0,
 "clickNum": 1,
 "deleted": 0,
 "lang": 0,
 "chooseLang": false,
 "id": 136,
 "name": "2 Chainz",
 "picture": "http://y.gtimg.cn/music/photo_new/T001R300x300M000003e1NfB2C4iqi.jpg?max_age=2592000",
 "originalName": "双链大师",
 "nationality": "美国",
 "birthplace": "乔治亚州，科里吉公园",
 "birthday": "1977年09月12日",
 "profession": "嘻哈歌手、词曲作家、媒体人、篮球运动员",
 "typeId": 12,
 "typeName": "艺人",
 "dataId": 136,
 "url": "http://dropinapp.hearinmusic.com/#/ency?typeId=12&dataId=136"
}