{
 "pageNum": 1,
 "pageSize": 10,
 "params": {},
 "content": "French MC/producer/DJ from Nantes. Member of Hocus Pocus (4) and C2C.\n",
 "remarks": "本词条内容暂未完善仅供参考，多频百科小编正在火速赶来",
 "remarksEn": "本词条内容暂未完善仅供参考，多频百科小编正在火速赶来",
 "status": 0,
 "clickNum": 0,
 "deleted": 0,
 "lang": 0,
 "chooseLang": false,
 "id": 153,
 "name": "20syl",
 "picture": "http://y.gtimg.cn/music/photo_new/T001R300x300M000000dmRHl0AVyGe.jpg?max_age=2592000",
 "originalName": "",
 "nationality": "",
 "birthplace": "",
 "birthday": "",
 "profession": "",
 "typeId": 12,
 "typeName": "艺人",
 "dataId": 153,
 "url": "http://dropinapp.hearinmusic.com/#/ency?typeId=12&dataId=153"
}