{
 "pageNum": 1,
 "pageSize": 10,
 "params": {},
 "content": "外文名：She’yaa Bin Abraham-Joseph\n谢亚·本·亚伯拉罕-约瑟夫（英语：Shéyaa Bin Abraham-Joseph），以其艺名21·萨维奇（21 Savage）而著名，生于英国伦敦，成长并出道于美国亚特兰大的饶舌歌手、词曲作家与唱片制作人。\n从艺历程：2014年11月，21 Savage在网上发布了个人首支单曲《Picky》。2015年5月15日，发布个人首张混音带《The Slaughter Tape》，凭借该混音带他在亚特兰大地区收获了一定的关注度；7月2日，联手制作人Sonny Digital发行了EP《Free Guwop》，该EP风格受到了Gucci Mane的影响，专辑曲目《Red Opps》进入了美国公告牌百强单曲榜；12月，发布了个人第二张混音带《Slaughter King》。\n2016年6月，21 Savage被嘻哈音乐杂志《XXL》评选为“年度新人”之一；7月，与亚特兰大唱片制作人Metro Boomin联手发行了EP《Savage Mode》，并因此受到更多关注，该专辑在美国公告牌专辑榜取得了第23名；专辑内的曲目《X》取得了公告牌百强单曲榜第36名；10月，发行与德雷克合作的单曲《Sneakin'》。\n2017年1月，与史诗唱片签约；4月14日，与YoungBoy Never Broke Again共同演唱的歌曲《Murder （Remix）》随着电影《速度与激情8》的原声歌曲专辑发行；7月7日，推出个人首张录音室专辑《Issa Album》，取得了公告牌专辑榜亚军；专辑内的单曲《Bank Account》排到了公告牌百强单曲榜第12名；9月，与波兹·马龙合作的单曲《rockstar》正式发行，该曲在公告牌百强单曲榜取得了八周冠军，并获得了第25届公告牌音乐奖最佳说唱歌曲、MTV音乐录影带大奖年度歌曲两个奖项，还在第61届格莱美奖中获得两项提名；10月，与Offset、Metro Boomin合作的录音室专辑《Without Warning》发行，在公告牌专辑榜获得第四名；12月，发行与卡迪·B合作的Trap单曲《Bartier Cardi》，该曲的MV入围了MTV音乐录影带大奖最佳嘻哈录影带。\n2018年4月，联手波兹·马龙、SOB x RBE展开为期两个月的北美巡回演唱会；6月，与A$AP Rocky、Gucci Mane、London on da Track共同演唱的歌曲《Cocky》作为电影《德鲁大叔》的原声单曲发行；8月，与波兹·马龙在MTV音乐录影带大奖颁奖典礼上演唱歌曲《rockstar》；12月21日，第二张个人录音室专辑《I AM > I WAS》正式发行，该专辑与特拉维斯·斯科特、唐纳德·格洛沃、J. Cole等嘻哈艺人进行了合作，收录了《a lot》《monster》等歌曲，取得了公告牌专辑榜冠军。\n2019年7月，拉开个人北美巡回演唱会的序幕；8月，在芝加哥格兰特公园参加Lollapalooza音乐节。2020年1月26日，第62届格莱美奖揭晓，与J. Cole合作的歌曲《a lot》获得最佳说唱歌曲，专辑《I AM > I WAS》入围了最佳说唱专辑。\n荣誉记录：格莱美奖\n 2020    第62届格莱美奖    最佳说唱专辑    I AM > I WAS     （提名）    \n 2020    第62届格莱美奖    最佳说唱歌曲    a lot     （获奖）    \n 2019    第61届格莱美奖    年度制作    Rockstar     （提名）    \n 2019    第61届格莱美奖    最佳说唱/演唱表演    Rockstar     （提名）    \n全美音乐奖\n 2018    第46届全美音乐奖    年度合作    Rockstar     （提名）    \n 2018    第46届全美音乐奖    最受欢迎说唱歌曲    Rockstar     （提名）    \n公告牌音乐奖\n 2018    第25届公告牌音乐奖    最佳新人     （提名）    \n 2018    第25届公告牌音乐奖    最佳Hot 100歌曲    Rockstar     （提名）    \n 2018    第25届公告牌音乐奖    最佳流媒体歌曲（音频）    Rockstar     （提名）    \n 2018    第25届公告牌音乐奖    最佳合作    Rockstar     （提名）    \n 2018    第25届公告牌音乐奖    最佳说唱歌曲    Rockstar     （获奖）    \nMTV音乐录影带大奖\n 2018    MTV音乐录影带大奖    年度歌曲    Rockstar     （获奖）    \n 2018    MTV音乐录影带大奖    最佳嘻哈录影带    Bartier Cardi     （提名）    \nMTV欧洲音乐奖\n 2018    MTV欧洲音乐奖    最佳歌曲    Rockstar     （提名）    \n",
 "remarks": "本词条内容暂未完善仅供参考，多频百科小编正在火速赶来",
 "remarksEn": "本词条内容暂未完善仅供参考，多频百科小编正在火速赶来",
 "status": 0,
 "clickNum": 1,
 "deleted": 0,
 "lang": 0,
 "chooseLang": false,
 "id": 155,
 "name": "21 Savage",
 "picture": "http://y.gtimg.cn/music/photo_new/T001R300x300M000004f2lSB162WIs.jpg?max_age=2592000",
 "originalName": "21·萨维奇、谢亚·本·亚伯拉罕·约瑟夫",
 "nationality": "英国",
 "birthplace": "英国伦敦",
 "birthday": "1992年10月22日",
 "profession": "说唱歌手、词曲作者、唱片制作人",
 "typeId": 12,
 "typeName": "艺人",
 "dataId": 155,
 "url": "http://dropinapp.hearinmusic.com/#/ency?typeId=12&dataId=155"
}