{
 "pageNum": 1,
 "pageSize": 10,
 "params": {},
 "content": "<p>22Bullets&rsquo; rise to prominence over the last decade arguably mirrors South-East Asia&rsquo;s emergence as a dance music powerhouse region, and the Thai capital one of the scene&rsquo;s major focal points. Having narrowly missed out on placing in the Top 100 DJs poll for the past two years (charting at No.146 and No.134 in 2018 and 2019 respectively), the Bangkok player &mdash; real name: Varun Sony &mdash; has secured a spot for himself this time.</p>\n<p>Refusing to take his foot off the pedal at any point over the past 12 months, albeit with less physical mileage involved, tracks like &lsquo;Looking At The Moon&rsquo;, &lsquo;SIAM&rsquo; and &lsquo;Crazies Do&rsquo; all landed over summer to big reception, alongside &lsquo;Queen Of The Desert&rsquo;, made with Mexican EDM-violinist Mariana BO. Just one from a number of recent collaborations, which also include work with Timmy Trumpet and Dash Berlin, it&rsquo;s all proof that good things come to those who wait.</p>",
 "remarks": "本词条内容暂未完善仅供参考，多频百科小编正在火速赶来",
 "remarksEn": "本词条内容暂未完善仅供参考，多频百科小编正在火速赶来",
 "status": 1,
 "clickNum": 13,
 "deleted": 0,
 "lang": 0,
 "chooseLang": false,
 "id": 32559,
 "name": "22Bullets",
 "descriptions": "22Bullets recently (2020) crowned at world's no.98 Djs by Djmag, with monsters releases on A-list labels such as Dharma Worldwide (Kshmr’s label) , Revealed Recordings of (Hardwell’s Label) Protocol Recordings (Nicky Romero’s Label ) Musical Freedom (Tiesto’s Label) moreover top with a collaboration with Timmy Trumpet, KURA, Krewella , R3hab , VINAI , Ftampa moreover he got to perform at festivals around globe such as waterzonic , ULTRA Asias , S2O and many more , watch out for 22Bullets as he is ready to take 2021 to the whole new level.",
 "picture": "https://duopin-community.oss-cn-shenzhen.aliyuncs.com/b9oabrbk4o1pakmoeov5.jpg",
 "nationality": "泰国",
 "referenceUrl": "https://djmag.com/top-100-djs/poll-2020-22bullets; https://open.spotify.com/artist/18006kpQI473m1ICcpimQ9",
 "typeId": 12,
 "typeName": "艺人",
 "dataId": 32559,
 "url": "http://dropinapp.hearinmusic.com/#/ency?typeId=12&dataId=32559"
}