{
 "pageNum": 1,
 "pageSize": 10,
 "params": {},
 "content": "全名：Golden Landis Von Jones\n24KGoldn是来自加利福尼亚旧金山的说唱歌手，歌手，编曲和USC学生。2019年，其单曲\"Valentino\"获得RIAA白金认证。2020年7月，Golden发布了单曲《Mood》，这首歌高居Billboard 100榜首，并成为他职业生涯中获得最高名次的歌曲。\n",
 "remarks": "本词条内容暂未完善仅供参考，多频百科小编正在火速赶来",
 "remarksEn": "本词条内容暂未完善仅供参考，多频百科小编正在火速赶来",
 "status": 0,
 "clickNum": 2,
 "deleted": 0,
 "lang": 0,
 "chooseLang": false,
 "id": 160,
 "name": "24KGoldn",
 "picture": "http://y.gtimg.cn/music/photo_new/T001R300x300M000000xazCT1yD6J6.jpg?max_age=2592000",
 "originalName": "",
 "nationality": "美国",
 "birthplace": "加利福尼亚旧金山",
 "birthday": "2000年11月13日",
 "profession": "说唱歌手、编曲家",
 "typeId": 12,
 "typeName": "艺人",
 "dataId": 160,
 "url": "http://dropinapp.hearinmusic.com/#/ency?typeId=12&dataId=160"
}