{
 "pageNum": 1,
 "pageSize": 10,
 "params": {},
 "content": "地区：埃森\n活跃时间：2006年至今\n网站：http://www.257ers.de/\n257ers是来自埃森的德国嘻哈二人组合，根据合同签订了自制唱片公司。该小组由说唱歌手Daniel “Shneezin” Schneider和Mike Rohleder组成。 此外，Jewlz也是“荣誉会员”。\n",
 "remarks": "本词条内容暂未完善仅供参考，多频百科小编正在火速赶来",
 "remarksEn": "本词条内容暂未完善仅供参考，多频百科小编正在火速赶来",
 "status": 0,
 "clickNum": 0,
 "deleted": 0,
 "lang": 0,
 "chooseLang": false,
 "id": 162,
 "name": "257ers",
 "picture": "http://y.gtimg.cn/music/photo_new/T001R300x300M000000dZu8R3YTQrB.jpg?max_age=2592000",
 "originalName": "",
 "nationality": "德国",
 "birthplace": "",
 "birthday": "",
 "profession": "",
 "typeId": 12,
 "typeName": "艺人",
 "dataId": 162,
 "url": "http://dropinapp.hearinmusic.com/#/ency?typeId=12&dataId=162"
}