{
 "pageNum": 1,
 "pageSize": 10,
 "params": {},
 "content": "团员组成：t e l e p a t h テレパシー能力者、HKE\n团员人数：2\n地区：伦敦\n音乐风格：蒸汽波、氛围音乐\n活跃时间：2014年至今\n唱片公司：Dream Catalogue、Ailanthus Recordings\n2814是英国电子音乐家Telepathテレパシー能力者和HKE（早期绰号“香港快车”的缩写）的音乐组合，主要音乐风格是氛围音乐和蒸汽波。2814最著名的是专辑\n",
 "remarks": "本词条内容暂未完善仅供参考，多频百科小编正在火速赶来",
 "remarksEn": "本词条内容暂未完善仅供参考，多频百科小编正在火速赶来",
 "status": 0,
 "clickNum": 6,
 "deleted": 0,
 "lang": 0,
 "chooseLang": false,
 "id": 8,
 "name": "2814",
 "picture": "http://y.gtimg.cn/music/photo_new/T001R300x300M000003QsO1p3Ruq1X.jpg?max_age=2592000",
 "originalName": "2 8 1 4",
 "nationality": "英国",
 "birthplace": "",
 "birthday": "",
 "profession": "",
 "typeId": 12,
 "typeName": "艺人",
 "dataId": 8,
 "url": "http://dropinapp.hearinmusic.com/#/ency?typeId=12&dataId=8"
}