{
 "pageNum": 1,
 "pageSize": 10,
 "params": {},
 "content": "团员组成：Luka Šulić、Stjepan Hauser\n团员人数：2人\n2CELLOS（提琴双杰）是一支由两位年轻的大提琴演奏家卢卡·苏里科(Luka Šulić）和斯蒂潘·豪瑟(Stjepan Hauser)组成的克罗地亚音乐组合。虽然成立时间不长，但两人都是从小接受专业的古典音乐训练，拥有获奖无数的傲人纪录、世界巡回演出的背景，并且对于将古典、流行、摇滚乐结合有出人意料的天分及表演魅力。出道一年便夺得两项博灵奖（Porin，相当于克罗地亚的格莱美奖），更因为两人帅气的外表，自出道以来便在欧洲、美国及亚洲多国吸引了众多女孩子的目光，目前在全球的影响力不断提升。提琴双杰是迄今为止最炙手可热的古典/跨界弦乐组合之一。\n",
 "remarks": "本词条内容暂未完善仅供参考，多频百科小编正在火速赶来",
 "remarksEn": "本词条内容暂未完善仅供参考，多频百科小编正在火速赶来",
 "status": 0,
 "clickNum": 0,
 "deleted": 0,
 "lang": 0,
 "chooseLang": false,
 "id": 165,
 "name": "2CELLOS",
 "picture": "http://y.gtimg.cn/music/photo_new/T001R300x300M000001fyeFe04rABD.jpg?max_age=2592000",
 "originalName": "提琴双杰, Sulic & Hauser",
 "nationality": "克罗地亚共和国",
 "birthplace": "",
 "birthday": "",
 "profession": "",
 "typeId": 12,
 "typeName": "艺人",
 "dataId": 165,
 "url": "http://dropinapp.hearinmusic.com/#/ency?typeId=12&dataId=165"
}