{
 "pageNum": 1,
 "pageSize": 10,
 "params": {},
 "content": "활동연대 2010\n결성 한국\n활동유형 남성| 그룹\n활동장르 랩/힙합\n스타일 랩 (Rap), 힙합 (Hip-Hop)\n멤버라이칸 , 블랙디\n",
 "remarks": "本词条内容暂未完善仅供参考，多频百科小编正在火速赶来",
 "remarksEn": "本词条内容暂未完善仅供参考，多频百科小编正在火速赶来",
 "status": 0,
 "clickNum": 0,
 "deleted": 0,
 "lang": 0,
 "chooseLang": false,
 "id": 170,
 "name": "2face",
 "picture": "http://y.gtimg.cn/music/photo_new/T001R300x300M000001auN9I1XD0DT.jpg?max_age=2592000",
 "originalName": "",
 "nationality": "",
 "birthplace": "",
 "birthday": "",
 "profession": "",
 "typeId": 12,
 "typeName": "艺人",
 "dataId": 170,
 "url": "http://dropinapp.hearinmusic.com/#/ency?typeId=12&dataId=170"
}