{
 "pageNum": 1,
 "pageSize": 10,
 "params": {},
 "content": "外文名：투애니원\n团员人数：3人\n团员组成：李彩麟，朴春，朴山多拉\n2NE1（韩语：투애니원），英语读音同 To Anyone，曾为韩国YG娱乐旗下的女子团体，最初成员包括Bom、Dara、CL、Minzy四人，2016年5月5日成员Minzy正式离开2NE1及经纪公司，剩三名成员形式活动。2016年11月25日所属经纪公司YG娱乐宣布2NE1解散，成员李彩麟（CL）以及Dara签下solo合约，而朴春（Bom）则不续约，离开YG。2NE1出道至2016年的单曲销量多达6650万，是全球女子团体中第三多。\n2009年3月27日和同门师兄BIGBANG在LG CYON Lollipop手机的广告单曲《Lollipop》中合作，首度公开亮相；其后同年5月17日以单曲《Fire》正式出道。至今2NE1已经发行过两张韩语迷你专辑：《2NE1 1st Mini Album》、《2NE1 2nd Mini Album》及两张韩语正规专辑《TO ANYONE》、《CRUSH》。其推出的多首歌曲，包括《Fire》、《I Don't Care》、《Can't Nobody》、《Lonely》、《I Am The Best》、《Ugly》、《I Love You》、《Falling In Love》、《Do You Love Me》及《Missing You》、《Crush》、《Come Back Home》等，均在韩国音乐界获得了很好的反响，在全世界有着Girl Power女子天团的名号，除此之外，2NE1多元、创新的音乐性，也受到欧美音乐人和外国歌手青睐，Ariana Grande、Justin Bieber、will.i.am、Skrillex、Diplo、Parris Goebel等与2NE1成员更有频繁的音乐交流。此外他们人缘甚佳，有很多著名外国音乐家和歌手都是成员们的好朋友。\n除了音乐本行以外，2NE1四人四色的鲜明形象也渐渐受到国际时尚圈注目，知名设计师Jeremy Scott与成员们私交甚笃，近年来2NE1也常常被目击出席各种重量级时尚场合，如2NE1出席美国模特儿演出，CL出席2014年的巴黎时尚周、CL也被邀请出席路易威登Series3展览、Saint Laurent Fashion Show、NewYork Fashion Show等。\n2NE1官方粉丝名称为“Black Jack”，取于扑克牌游戏中的“Black Jack”，意即21点，为该游戏中最大的组合，象征2NE1也是音乐圈的王者；问候语为“Wassup! We are 2NE1!”；官方手灯为亮白色天使手灯（韩版）和 桃红色天使手灯（日版），官方应援色为HOT PINK热粉红\n从艺历程：2009年3月31日，2NE1和BigBang合作的MV《棒棒糖》公开。5月6日，2NE1推出单曲《Fire》，同时公开两支MV，正式出道。7月1日，2NE1发表首张迷你专辑主打歌《I Don’t Care》，该歌曲获得连续五周《音乐银行》第一，连续三周《人气歌谣》第一。7月8日，2NE1的首张迷你专辑预售量突破五万张。7月10日，2NE1通过KBS音乐银行节目展现《I Don’t Care》的首场舞台。7月22日，第二张迷你专辑两周内销量突破5万张。\n2010年9月9日，2NE1推出专辑《To Anyone》。9月18日，用4D影像制作的三首主打歌MV首次公开。9月24日下午现场直播的KBS2TV《音乐银行》节目中以专辑三首主打歌之一的《Go Away》获得了该节目第一名，加上上周《Can't Nobody》和《鼓掌》分获《音乐银行》和《M！倒计时》节目第一名，2NE1创下了同一张专辑三首主打歌全部获得音乐节目第一名的成绩。\n2011年：Bom《Don't Cry》、《YG On Air》、《2NE1 2nd Mini Album》、《2NE1 TV》第三季、首场演唱会《NOLZA》、日本出道、美国时代广场演出。\n2012年：《COLLECTION》、《I Love You》、首次世界巡回演唱会《NEW EVOLUTION》。\n2013年7月8日，2NE1发布《Falling in Love》。7月11日，2NE1带着《Falling in Love》出演Mnet电视台《M倒计时》节目，这也是她们首次公开表演《Falling in Love》。8月8日，2NE1发布《DO YOU LOVE ME》MV。9月3日，第40届韩国广播大奖颁奖礼在首尔KBS电视台举行，2NE1作为特别嘉宾出席颁奖礼并献唱。11月24日，2NE1的《想你》登上韩国音乐网genie单周音乐排行榜首位。\n2014年：《CRUSH》、第二次世界巡回演唱会《ALL OR NOTHING》、Bom“禁药门”事件、《I AM THE BEST》MV在YouTube成功突破一亿点击率。\n2015年：CL进军美国市场、DARA转战小萤幕、2NE1 2015MAMA 再度合体。\n2016年4月5日，韩国YG娱乐公司宣布2NE1成员孔敏智确定离开组合，其余三名成员已完成续约，并将于同年夏天以三人组的形式重返歌坛，并不考虑引进新成员；11月25日，2NE1宣布解散。\n2017年1月21日，2NE1发表告别单曲《GOODBYE》。\n荣誉记录：音乐奖项\n 2013    Golden Disk Awards 音源本赏    I Love You    （获奖）    \n 2013    首尔歌谣大赏 本赏    （获奖）    \n 2013    Gaon Chart K-Pop Awards 7月音源奖    I Love You    （获奖）    \n 2010    Cyworld Digital Music Awards 2009 年度歌手奖    （获奖）    \n 2010    Cyworld Digital Music Awards 2009 本赏    （获奖）    \n 2010    Cyworld Digital Music Awards 2009 最佳新人奖    （获奖）    \n 2010    Rhythmer Awards 2009 R&B Artist of the Year    （获奖）    \n 2010    Cyworld Digital Music Awards 2009 年度歌曲奖    I Don't Care    （获奖）    \n 2010    Cyworld Digital Music Awards 2009 Top 10    （获奖）    \n 2010    Rhythmer Awards 2009 新人奖    （获奖）    \n 2009    第1届    Melon Music Awards Top 10    （获奖）    \n 2009    Mnet 20's Choice Awards-Hot New Star    （获奖）    \n 2009    M.net Asian 音乐颁奖典礼年度金曲奖    I Don't Care    （获奖）    \n 2009    M.net Asian 音乐颁奖典礼音乐下载Mnet奖    I Don't Care    （获奖）    \n 2009    第35届    Cyworld数码音乐奖 - 新人奖    Fire    （获奖）    \n 2009    第1届    Melon Music Awards New Artist    （获奖）    \n 2009    第34届    Cyworld数码音乐奖 - 最高人气歌曲奖    Lollipop    （获奖）    \n 2009    M.net Asian 音乐颁奖典礼音乐录像带作品奖    （获奖）    \n 2009    第6届    亚洲音乐节亚洲最佳新人奖    （获奖）    \n 2009    M.net Asian 音乐颁奖典礼新人女歌手奖    （获奖）    \n 2009    第37届    Cyworld数码音乐奖最高人气歌曲奖    I Don't Care    （获奖）    \n 2009    Mnet 20's Choice Awards-Hot Online Song    Fire    （获奖）    \n 2009    第35届    Cyworld数码音乐奖最高人气歌曲奖    Fire    （获奖）    \n 2009    Mnet 20's Choice Awards-Hot CF Star    Lollipop    （获奖）\n",
 "remarks": "本词条内容暂未完善仅供参考，多频百科小编正在火速赶来",
 "remarksEn": "本词条内容暂未完善仅供参考，多频百科小编正在火速赶来",
 "status": 0,
 "clickNum": 0,
 "deleted": 0,
 "lang": 0,
 "chooseLang": false,
 "id": 180,
 "name": "2NE1 (투애니 원)",
 "picture": "http://y.gtimg.cn/music/photo_new/T001R300x300M000003ttqbL3tCypU.jpg?max_age=2592000",
 "originalName": "To Any One",
 "nationality": "韩国",
 "birthplace": "",
 "birthday": "",
 "profession": "",
 "typeId": 12,
 "typeName": "艺人",
 "dataId": 180,
 "url": "http://dropinapp.hearinmusic.com/#/ency?typeId=12&dataId=180"
}