{
 "pageNum": 1,
 "pageSize": 10,
 "params": {},
 "content": "原名：Tupac Amaru Shakur\n逝世：1996年9月13日\n逝世地点：拉斯维加斯, 内华达州,  美国\n语言：英语\n音乐类型：嘻哈\n活跃年代：1990 – 1996\n2pac（1971年6月16日–1996年9月13日），是美国说唱歌手和演员。拥有超过7500万的全球唱片销量纪录，使他成为有史以来最畅销的嘻哈音乐艺术家。1991年发行生涯第一张专辑《2Pacalypse Now》，1996年2月13日发行《All Eyez on Me was》，是Hip-Hop历史上第一张双CD专辑，也是历史上最畅销的嘻哈专辑。职业生涯后期卷入东西海岸嘻哈对抗事件；1996年9月7日，图派克在拉斯维加斯在车中被人枪击了四次。被带到南内华达州大学医学中心，六天后因呼吸道及心脏衰竭，不治身亡。图派克的歌曲围绕着暴力和苦难的内陆城市，种族主义和其他社会问题及父母和其他家人的黑豹党成员；他的歌曲体现了他的理想。在MTV的“有史以来最伟大的说唱歌手”榜单中位列第二，滚石则将其评为最伟大的艺术家的第八十六位。\n从艺历程：Tupac Shakur原名Lesane Parish Crooks，1971年6月16日出生在美国纽约的布鲁克林区，是一个黑豹党的成员（一九六五年创立的美国黑人政党，主张武力夺权）。父母在他出生之前就已经离婚了，母亲带着Tupac Shakur和姐姐一起四处漂泊，家里一直非常的贫穷。在他最贫困的童年，2pac走遍纽约无家可归者收容所. 因此，他和他的几个朋友写诗，写日记而让自己的生活充实。\n  1984年，2pac搬到马里兰州的巴尔的摩。Tupac Shakur生长在马里兰州的巴尔的摩市，他的高中二年级在巴尔的摩的艺术学校. 即使在这个年龄，2pac关于种族平等问题上是坦率的. 他是一个狂热的读者，探讨有关东方宗教的书籍，甚至是整个百科全书，爱护和他同辈的文学书籍，他通过行动赢得了巴尔的摩的孩子的尊敬，在那里Tupac Shakur的说唱才华得到了非常大的发挥空间，他可以自编自唱说唱歌曲。就像一个硬汉 . 2pac在巴尔的摩创作了他的一首说唱“MC New York”，这首歌是关于枪支管制，是由他的一位朋友被杀害的启发。\n  1986年，2pac吸毒成瘾的妈妈已经很难找到工作. 2pac后来声称是因为他的黑豹党史，但更可能是她吸毒品的原因. 她再次搬家。这是在Tupac Shakur只有17岁的时候，还没有等到他从学校里毕业，他们最终在加利福尼亚州的奥馑兰市落脚，Tupac Shakur也开始了在街头混日子的生活，在街头，Tupac Shakur开始和其他人一样为了生存而竞争，甚至包括干一些违法的事情。几年之后，Tupac Shakur加入了奥馑兰当地的一支乐团Digital Underground，Tupac Shakur在那里担任伴舞，后来他成为了他们的一名说唱歌手，在不久之后的一些列巡回演出中，TupacShakur渐渐形成了自己的风格，并且成为了Digital Underground的一个主要成员。\n  1990年，2pac加入了Digital Underground并成为roadie和舞蹈演员. 他早期的歌词是十分普通的，而且他认为他的倾向是要做一个女主角和他偶尔暴力的个性矛盾的。首张专辑“2Pacalypse Now”中的争议性的歌词得到到强烈回响。他成为众矢之的，并需要面对其他法律上的问题。与此同时他也积极关心并设法改善黑人贫民区的恶劣环境，四处以义唱方式为黑人贫民募款7美元。  2pac很快就在街上和他的一邻居一起贩卖毒品，但他也开始对说唱感兴趣. 在Ray Luv和DJ Dize的帮助下，他开始创建一个名为Strictly Dope的说唱组.他们的唱片在2001年以2pac的名义公布：The Lost Tapes.\n  他在1991年出演了《Juice》，获得不少的好评. 他被滚石评为电影中最有吸引力的形象. 他先后出演了《Juice》.《Poetic Justice》.《Gridlock'd》.《Bullet 》.《Gang Related》等电影。\n  Interscope Records唱片公司在1991年同意发行了2pac的第一张专辑《2Pacalypse》。很快引起公众的批评， 1994年9月7日，两名密尔沃基少年谋杀了一位警官，事后他们交代2Pac的歌曲《Souljah’s Story》让他们产生了这么做的冲动。\n  1991年10月，  在奥克兰，2pac被两名警察拦住以涉嫌不遵守交通规则并被拘留，事实上，那会儿的2pac知名度不是很高，打他的警察不认识他。那天警察查2pac的身份证，双方发生口角，面对警察的无理要求2pac忍住发飙请求能放过他，后被警察打昏不省人事，醒来的时候2pac已在警局警局。当2pac的新专辑再mtv播放的时候，2pac却正在被狱警暴打，多处受伤，头破血流，随后提出了对奥克兰警察局提起1000万美元的控诉，最终图帕克只得到 42,000美元，本来他可以得到更多，但他厌烦了去法院。\n  1993年10月， 克沙克在亚特兰大碰见两名下了班的警员骚扰了路边的黑人驾驶人。2pac过去跟他们发生了争斗并用枪击伤了两名人员（在腿，臀部各一个）. 他面对严重的指控，直到发现两名陶醉的警员在事件期间和使用武器被窃取在证据衣物柜外面。反对Shakur的指控被驳回了。\n  1993年12月，2pac因为和在酒店房间的女人被控性虐待.在1995年2月7日，法院宣判2Pac在性侵犯案件中罪名成立，2pac因此而判监4年的时间，但2pac坚决否认他有任何不当的行为。\n  前不久，他的判决宣布后，在判决的前一天，2pac在曼哈顿的一个录音室大厅被枪击五次。在蹲了十一个月牢狱之后，2pac被一位唱片制作行“Death Row Records”负责人Marion \"Suge\" Knight保释出来。Suge Knight的交换条件是2pac将必须要以Death Row Records的名义发行三张唱片。从此2pac反胖子更趋凶悍激烈。 枪案发生后，2pac事后怀疑是B.I.G，吹牛老爹和安德烈哈瑞尔杀人未遂. 除了他在说唱界的对手B.I.G之外，2pac还怀疑是他的前朋友沃克. 这开始了长期性的东西岸说唱手世仇。\n  11月30日，1995年，整整一年后2pac在纽约拍摄，沃克被枪杀在纽约的皇后区。\n  2pac在二月份开始服刑。不久，他的白金专辑《Me Against the World》开始销售。同年3月发行，并且荣登排行榜第一名，而他也是第一位在监狱中接受这等殊荣的艺人。2pac是唯一在监狱还能写专辑的艺人. 从监狱中，他娶了他的长期女友：凯萨莫里斯. 他也开始找时间开始阅读有关Machiavelli的事迹和作品，甚至在监狱还写了一个叫《LIVE 2 TELL》的剧本。（预计在2010年上映）虽然2pac在狱中，但他被VIBE杂志中B.I.G和Puff Diddy对他贬损的言论大为发怒. 在所有他的法律麻烦以后，2pac说过想要退出Rap Game，但是Biggie的话激励他回了来。B.I.G作为在2pac的前朋友之间存在持续的仇隙一部分，2pac自夸了与Biggie上过床的妻子，写了一首讽刺Biggie的歌《Hit 'Em Up.》。在Biggie死后，Puff写了一首纪念Biggie的歌《I will be missing you》。\n  不久，2pac从监狱释放，他开始着他的下一张专辑的工作。1996年，他发表了他的第四张个人专辑：《All Eyes on me》。它是Hip-Hop历史上第一张双CD专辑. 它的销售量超过900万张，是由许多人认为的最佳专辑。\n  2pac曾经表示过他未来的计划，包括逐渐远离说唱圈（他厌倦了作为一个说唱明星的生活），转而每五年或者更久发行一张高质量、有深度的唱片。他同时渴望更多地回馈社会，希望建立一个小型机构来鼓励引导年轻的黑人孩子走正确的路。他早年曾也曾建立一个试图用音乐让黑人孩子远离毒品的“The Underground railway\"机构。虽然由于他的早逝，这些梦想都没有达成，但是2pac的妈妈Afeni Shakur于2005年在亚特兰大建立起了一个Tupac Amaru Shakur Center(Arts）来延续2pac的梦想，希望通过帮助那些年轻人来实现他们的目标。在后来的几次采访中2pac的母亲也暗示了2pac后一张原声大碟将在2011年发行。\n  2pac也提到过他将着手开创他自己的电影制作公司Euphanasia，以及不但属于他自己而且属于Outlawz的新唱片公司Makaveeli Records，在7 Day Theory这张专辑的背面，就是当时即将出世的Makaveli唱片公司的Logo.\n  2pac在上张专辑活着时是《The 7 Day Theory》 发布两个月后，他死了，这张专辑代表着不祥和黑暗，并在许多歌预言者自己的死亡。整个专辑据说已经发行了只有7天，并把这张专辑的最受欢迎的歌曲之一，“Hail Mary”。该专辑已经售出500多万张。\n  媒体曾经用各种方法在暗地里抵制2Pac。MTV电视台甚至曾在1997年的“年度百大单曲”里，把2Pac与德瑞医生（Dr.Dre）共同演绎的经典饶舌歌曲《加州爱（California Love）》里面，2Pac的演唱部分抹掉。\n  1996年9月7日，2pac在拉斯维加斯驾车时被开枪打死了，他在内华达州大学附属医院抢救了6天。1996年9月13日，Tupac Shakur永远地离我们而去。2pac他出狱后，在1995年10月雇佣了保镖。他知道，他总是在公共场合穿防弹背心。为什么他没有在那一夜穿防弹背心也仍然是个谜。\n  有人认为是Biggie雇佣了人来谋害2pac，而其他人则认为是Suge Knight干的，这件案件在今天仍然没有解决。\n  2Pac与他的头号敌人，东岸代表人物“恶名昭彰大先生（Notorious B.I.G.）”并不像人们想象的那样从一开始就是不共戴天的夙敌。他们两人曾经是相当要好的朋友。2Pac曾经给予“Notorious B.I.G”很多帮助，甚至连后者的第一块劳力士手表都是2Pac买的。在2003年推出的《复活（The Resurrection）》专辑中收录了一首叫作《奔跑（Runnin`）》的歌曲，两位已经去世的巨星在该曲中进行了合作。许多人想当然地以为歌曲是把两人生前的声音片段剪辑拼贴进同一首歌里，而事实却截然相反。《奔跑》录制于两人发生争端、甚至两人大红大紫之前。当时参与录制的还包括2Pac所在组合“不法分子（Outlawz）里的Drmacydal。这首歌本应收录于1995年的2Pac专辑《暴徒生涯（Thug Life）》，但最后因为没被选进专辑而被搁置。\n  在1997年3月9日早上，the Notorious B.I.G.参加过“灵魂列车奖”晚会之后回酒店的路上也遭到不明身份枪手的袭击，被保镖送往医院的途中身亡，而此时距2PAC的死仅有半年。这次的谋杀事件再次震惊了整个美国音乐界。\n荣誉记录：2008年 入选摇滚名人堂决定性的200人名单\n2006年 土耳其和凯科斯国际电影节“不可否认的声音和人才”\n2005年 滚石杂志“历史上100个不朽艺术家”排名86位\n2004年 VIBE杂志“历史上最伟大的说唱歌手”\n1997年 第二十四届最受欢迎的的说唱、嘻哈艺术家\n1997年 R&B年度最佳说唱专辑 《All Eyez on Me was》\n1996年 最佳说唱专辑《Out on Bail》\n",
 "remarks": "本词条内容暂未完善仅供参考，多频百科小编正在火速赶来",
 "remarksEn": "本词条内容暂未完善仅供参考，多频百科小编正在火速赶来",
 "status": 0,
 "clickNum": 0,
 "deleted": 0,
 "lang": 0,
 "chooseLang": false,
 "id": 181,
 "name": "2Pac",
 "picture": "http://y.gtimg.cn/music/photo_new/T001R300x300M000001MDqo31AafUO.jpg?max_age=2592000",
 "originalName": "图派克.阿玛鲁.夏库尔, Makaveli",
 "nationality": "美国",
 "birthplace": "哈林区, 曼哈顿, 纽约市, 纽约,  美国",
 "birthday": "1971年06月16日",
 "profession": "作曲家、演员、唱片制作人、诗人、编剧、行动主义者",
 "typeId": 12,
 "typeName": "艺人",
 "dataId": 181,
 "url": "http://dropinapp.hearinmusic.com/#/ency?typeId=12&dataId=181"
}