{
 "pageNum": 1,
 "pageSize": 10,
 "params": {},
 "content": "团员组成：Inga Humpe、Tommi Eckart、Jens Wageman、Pascal Stoffels\n团员人数：4\n2raumwohnung是一个德国电子流行乐组合，2000年左右在柏林成立。成员有歌手Inga Humpe和她的搭档Tommi Eckart。到目前为止，他们凭借着专辑《36 Grad》达到了事业的巅峰，这张专辑在德国音乐排行榜上总共停留了33周，他们最成功的单曲是同名曲。此外，2raumwohnung还通过他们在2010年世博会上的表演或作为DJ团队的工作在国际舞台上得到认可。\n从艺历程：2001年，7月2日发行第一张专辑于《Kommt zusammen》。它共包含13张唱片，由Goldrush和BMG唱片公司指导制作。\n2004年，8月发行第二张专辑《Es wird Morgen》。\n2007年，2月发行的专辑《36 Grad》中，2raumwohnung与来自Rosenstolz的Peter Plate以及制作人Ulf Leo Sommer共同创作了两首歌曲]凭借单曲《Besser geht's nicht erreicht》，二人首次进入德国排行榜前三十名，并在AOK广告中使用[16]第二张专辑《36 Grad》更加成功，直接进入前十名。\n荣誉记录：2005年，的德国音乐颁奖礼上获得了最受欢迎唱片（Dance类）奖。\n",
 "remarks": "本词条内容暂未完善仅供参考，多频百科小编正在火速赶来",
 "remarksEn": "本词条内容暂未完善仅供参考，多频百科小编正在火速赶来",
 "status": 0,
 "clickNum": 0,
 "deleted": 0,
 "lang": 0,
 "chooseLang": false,
 "id": 183,
 "name": "2raumwohnung",
 "picture": "http://y.gtimg.cn/music/photo_new/T001R300x300M000003xfZO42YorKm.jpg?max_age=2592000",
 "originalName": "两座大房子",
 "nationality": "德国",
 "birthplace": "",
 "birthday": "",
 "profession": "",
 "typeId": 12,
 "typeName": "艺人",
 "dataId": 183,
 "url": "http://dropinapp.hearinmusic.com/#/ency?typeId=12&dataId=183"
}