{
 "pageNum": 1,
 "pageSize": 10,
 "params": {},
 "content": "外文名：3 A. M\nMANILA, Philippines - 3AM, the newest boy group in the country, gives pop-alternative music a different sound as Mica Caldito, James Torres and Kyle Amor gear up for their debut album under Star Records.\nThe boys, best friends in real life, first appeared on ABS-CBN’s Music Uplate Live, which paved the way for their popularity. They were originally “nameless” when they first appeared on the Break Mo ’To segment on the said late-night show. Through a poll started by Music Uplate Live hosts Yeng Constantino, Tutti Caringal and Gee Canlas, the group earned the tag, 3AM.\n",
 "remarks": "本词条内容暂未完善仅供参考，多频百科小编正在火速赶来",
 "remarksEn": "本词条内容暂未完善仅供参考，多频百科小编正在火速赶来",
 "status": 0,
 "clickNum": 0,
 "deleted": 0,
 "lang": 0,
 "chooseLang": false,
 "id": 190,
 "name": "3 A  M ",
 "picture": "http://y.gtimg.cn/music/photo_new/T001R300x300M000004PJWaf211vtu.jpg?max_age=2592000",
 "originalName": "",
 "nationality": "菲律宾",
 "birthplace": "",
 "birthday": "",
 "profession": "",
 "typeId": 12,
 "typeName": "艺人",
 "dataId": 190,
 "url": "http://dropinapp.hearinmusic.com/#/ency?typeId=12&dataId=190"
}