{
 "pageNum": 1,
 "pageSize": 10,
 "params": {},
 "content": "<div>\n<div class=\"document\">\n<p class=\"paragraph text-align-type-left pap-line-1.8 pap-line-rule-auto pap-spacing-before-2pt pap-spacing-after-2pt\">3 Are Legend 是一个由比利时 DJ Dimitri Vegas、希腊 DJ Like Mike 和美国 DJ Steve Aoki 组成的电子舞曲超级组合。</p>\n<p class=\"paragraph text-align-type-left pap-line-1.8 pap-line-rule-auto pap-spacing-before-2pt pap-spacing-after-2pt\">&nbsp;</p>\n<div>\n<div class=\"document\">\n<p class=\"paragraph text-align-type-left pap-line-1.8 pap-line-rule-auto pap-spacing-before-2pt pap-spacing-after-2pt\"><strong>背景和职业生涯</strong></p>\n<div>\n<div class=\"document\">\n<p class=\"paragraph text-align-type-left pap-line-1.8 pap-line-rule-auto pap-spacing-before-2pt pap-spacing-after-2pt\">3 Are Legend 是由三位好朋友 DJ 创立的超级组合。Dimitri Vegas, Like Mike 和 Steve Aoki 定期在音乐节和音乐会上一起表演，也在几个主要音乐节上担任嘉宾，如 &ldquo;TomorrowWorld&rdquo;、&ldquo;Tomorrowland&rdquo;、&ldquo;Creamfields&rdquo; 和 &ldquo;Ultra Music Festival&rdquo;，这也促使了该组合的形成。三人在 2014 年 Ultra 音乐节期间第一次使用 3 Are Legend 这个名字，但他们之前已经一起演出很多年了。</p>\n<p class=\"paragraph text-align-type-left pap-line-1.8 pap-line-rule-auto pap-spacing-before-2pt pap-spacing-after-2pt\">&nbsp;</p>\n<div>\n<div class=\"document\">\n<p class=\"paragraph text-align-type-left pap-line-1.8 pap-line-rule-auto pap-spacing-before-2pt pap-spacing-after-2pt\">2019 年 7 月 26 日，该超级组合与 W&amp;W 合作发布了 《Khaleesi》。两天后，三人第一次在 &ldquo;Tomorrowland&rdquo;上进行闭幕演出，也在该音乐节 15 周年纪念日上演出。此前，他们无意中卷入了一场和 Swedish House Mafia 的关于该音乐节闭幕的争议，这也导致了后者 2019 年的一些巡演意外取消。&nbsp;</p>\n</div>\n</div>\n</div>\n</div>\n</div>\n</div>\n</div>\n</div>",
 "contentEn": "<p><strong>3 Are Legend</strong>&nbsp;is an&nbsp;electronic dance music&nbsp;supergroup&nbsp;consisting of Belgian Greek DJs&nbsp;Dimitri Vegas &amp; Like Mike&nbsp;and American DJ&nbsp;Steve Aoki.<sup id=\"cite_ref-1\" class=\"reference\">[1]</sup><sup id=\"cite_ref-2\" class=\"reference\">[2]</sup><sup id=\"cite_ref-three_3-0\" class=\"reference\">[3]</sup></p>\n<p>&nbsp;</p>\n<h2><span id=\"Background_and_Career\" class=\"mw-headline\">Background and Career</span></h2>\n<p>3 Are Legend are a&nbsp;supergroup&nbsp;founded by the three DJs who are described as good friends.<sup id=\"cite_ref-4\" class=\"reference\">[4]</sup>&nbsp;Dimitri Vegas, Like Mike&nbsp;and&nbsp;Steve Aoki&nbsp;regularly perform at festivals and concerts together, including headlining several major music festivals such as&nbsp;TomorrowWorld,&nbsp;Tomorrowland,&nbsp;Creamfields&nbsp;and&nbsp;Ultra Music Festival,<sup id=\"cite_ref-5\" class=\"reference\">[5]</sup>&nbsp;which prompted the formation of the group.<sup id=\"cite_ref-6\" class=\"reference\">[6]</sup>&nbsp;The trio's first use of the name came during&nbsp;Ultra 2014, but had previously played together for many years previously.<sup id=\"cite_ref-three_3-1\" class=\"reference\">[3]</sup></p>\n<p>On July 26, 2019 the super group released a track with W&amp;W named Khaleesi.<sup id=\"cite_ref-7\" class=\"reference\">[7]</sup>&nbsp;Two days later the trio closed&nbsp;Tomorrowland&nbsp;for the first time, and on the festival's 15th anniversary.<sup id=\"cite_ref-8\" class=\"reference\">[8]</sup>&nbsp;This came after they were&nbsp;inadvertently caught up in a controversy&nbsp;involving fellow supergroup&nbsp;Swedish House Mafia&nbsp;regarding the event's closure aimed unexpected cancellations of a few of the latter's&nbsp;2019 tour&nbsp;dates.<sup id=\"cite_ref-9\" class=\"reference\">[9]</sup><sup id=\"cite_ref-10\" class=\"reference\">[10]</sup></p>\n<p>&nbsp;</p>\n<h2><span id=\"References\" class=\"mw-headline\">References</span></h2>\n<div class=\"reflist\">\n<div class=\"mw-references-wrap mw-references-columns\">\n<ol class=\"references\">\n<li id=\"cite_note-1\"><span class=\"mw-cite-backlink\"><strong>^</strong></span>&nbsp;<span class=\"reference-text\"><cite class=\"citation news cs1\">\"Tomorrowland 2015 Day 3 Highlights: GTA, Yellow Claw, Thomas Jack &amp; More\".&nbsp;<em>Billboard</em><span class=\"reference-accessdate\">. Retrieved&nbsp;<span class=\"nowrap\">2016-12-24</span></span>.</cite></span></li>\n<li id=\"cite_note-2\"><span class=\"mw-cite-backlink\"><strong>^</strong></span>&nbsp;<span class=\"reference-text\"><cite id=\"CITEREFMoon2015\" class=\"citation news cs1\">Moon, O (2015-03-30).&nbsp;\"Revive lo mejor del Ultra; estuvo Justin Bieber, 3 Are Legend y hasta &iexcl;Rob Gronkowski hizo twerking!\".&nbsp;<em>melty</em>&nbsp;(in Spanish)<span class=\"reference-accessdate\">. Retrieved&nbsp;<span class=\"nowrap\">2016-12-24</span></span>.</cite></span></li>\n<li id=\"cite_note-three-3\"><span class=\"mw-cite-backlink\">^&nbsp;<span class=\"cite-accessibility-label\">Jump up to:</span><sup><em><strong>a</strong></em></sup>&nbsp;<sup><em><strong>b</strong></em></sup></span>&nbsp;<span class=\"reference-text\"><cite class=\"citation news cs1\">\"DIMITRI VEGAS, STEVE AOKI &amp; LIKE MIKE Team for '3 are Legend<span class=\"cs1-kern-right\">'</span>\".&nbsp;<em>Broadway World</em><span class=\"reference-accessdate\">. Retrieved&nbsp;<span class=\"nowrap\">2016-12-24</span></span>.</cite></span></li>\n<li id=\"cite_note-4\"><span class=\"mw-cite-backlink\"><strong>^</strong></span>&nbsp;<span class=\"reference-text\"><cite class=\"citation news cs1\">\"Dim Mak's Pre-Ultra Miami Party Lineup: 3 Are Legend, Benny Benassi, Deorro, Borgore, Crookers and more\".&nbsp;<em>CraveOnline</em>. 2015-02-25<span class=\"reference-accessdate\">. Retrieved&nbsp;<span class=\"nowrap\">2016-12-24</span></span>.</cite></span></li>\n<li id=\"cite_note-5\"><span class=\"mw-cite-backlink\"><strong>^</strong></span>&nbsp;<span class=\"reference-text\"><cite class=\"citation web cs1\">\"Dim Mak Presents Phase 1 of Miami Party\".&nbsp;<em>Your EDM</em>. 2015-02-26<span class=\"reference-accessdate\">. Retrieved&nbsp;<span class=\"nowrap\">2016-12-24</span></span>.</cite></span></li>\n<li id=\"cite_note-6\"><span class=\"mw-cite-backlink\"><strong>^</strong></span>&nbsp;<span class=\"reference-text\"><cite id=\"CITEREFVanessa2016\" class=\"citation news cs1\">Vanessa (2016-05-29).&nbsp;\"Steve Aoki im Interview &uuml;ber Felix Jaehn Collab und neues Album\".&nbsp;<em>It's All About The Music</em>&nbsp;(in German)<span class=\"reference-accessdate\">. Retrieved&nbsp;<span class=\"nowrap\">2016-12-24</span></span>.</cite></span></li>\n<li id=\"cite_note-7\"><span class=\"mw-cite-backlink\"><strong>^</strong></span>&nbsp;<span class=\"reference-text\"><cite class=\"citation web cs1\">\"3 Are Legend &amp; W&amp;W &ndash; Khaleesi\".&nbsp;<em>We Rave You</em>. 2019-07-26<span class=\"reference-accessdate\">. Retrieved&nbsp;<span class=\"nowrap\">2019-07-30</span></span>.</cite></span></li>\n<li id=\"cite_note-8\"><span class=\"mw-cite-backlink\"><strong>^</strong></span>&nbsp;<span class=\"reference-text\">https://weraveyou.com/2019/07/3-are-legend-closing-tomorrowland-2019-main-stage/</span></li>\n<li id=\"cite_note-9\"><span class=\"mw-cite-backlink\"><strong>^</strong></span>&nbsp;<span class=\"reference-text\"><cite id=\"CITEREFSunkel\" class=\"citation web cs1\">Sunkel, Cameron.&nbsp;\"Evidence of Swedish House Mafia at Tomorrowland 2019 Continues to Stack Up\".&nbsp;<em>EDM.com - The Latest Electronic Dance Music News, Reviews &amp; Artists</em>.</cite></span></li>\n<li id=\"cite_note-10\"><span class=\"mw-cite-backlink\"><strong>^</strong></span>&nbsp;<span class=\"reference-text\"><cite class=\"citation web cs1\">\"Tomorrowland secret headliner teaser prompts Swedish House Mafia rumours\".&nbsp;<em>DJMag.com</em>. June 19, 2019.</cite></span></li>\n</ol>\n</div>\n</div>",
 "remarks": "本词条汉字内容由 @多频百科团队 翻译+编辑\n原文译自 https://en.wikipedia.org/wiki/3_Are_Legend ",
 "remarksEn": "本词条内容来自 https://en.wikipedia.org/wiki/3_Are_Legend",
 "status": 1,
 "clickNum": 15,
 "deleted": 0,
 "lang": 0,
 "chooseLang": true,
 "id": 32602,
 "name": "3 Are Legend",
 "descriptions": "3 Are Legend 是一个由比利时 DJ Dimitri Vegas、希腊 DJ Like Mike 和美国 DJ Steve Aoki 组成的电子舞曲超级组合。\n",
 "picture": "https://duopin-community.oss-cn-shenzhen.aliyuncs.com/xarmukji898zc3pbt3eg.jpg",
 "profession": "音乐家，DJ",
 "style": "Electronic Dance",
 "debutTimeText": "2014",
 "referenceUrl": "https://en.wikipedia.org/wiki/3_Are_Legend",
 "typeId": 12,
 "typeName": "艺人",
 "dataId": 32602,
 "url": "http://dropinapp.hearinmusic.com/#/ency?typeId=12&dataId=32602"
}