{
 "pageNum": 1,
 "pageSize": 10,
 "params": {},
 "content": "33EMYBW 简介\n33EMYBW是上海电子乐队鸭打鹅贝斯手33的个人计划，这是一个跨越了电子乐、视觉影像与时尚领域的魔性复合体。在鸭打鹅之前，33曾参与组建过许多重要的独立摇滚乐队，是上海独立音乐场景中非常活跃的一位角色。\n她拥有极端怪异的审美癖好：偏重低音与律动的音乐灵动跳跃，被描述为“节肢舞步声响”；她用自拍照、昆虫、贝类乃至外星物种拼贴出无以名状的形象，充满毫无掩饰的前卫艺术感和趣味性，她能使你在惊魂未定之时无法抗拒。\n33EMYBW的个人首张EP《Medusa》将于2017年11月由大福唱片发行。\n",
 "remarks": "本词条内容暂未完善仅供参考，多频百科小编正在火速赶来",
 "remarksEn": "本词条内容暂未完善仅供参考，多频百科小编正在火速赶来",
 "status": 0,
 "clickNum": 1,
 "deleted": 0,
 "lang": 0,
 "chooseLang": false,
 "id": 198,
 "name": "33EMYBW",
 "picture": "http://y.gtimg.cn/music/photo_new/T001R300x300M000003A5wY00w4pTR.jpg?max_age=2592000",
 "originalName": "",
 "nationality": "",
 "birthplace": "",
 "birthday": "",
 "profession": "",
 "typeId": 12,
 "typeName": "艺人",
 "dataId": 198,
 "url": "http://dropinapp.hearinmusic.com/#/ency?typeId=12&dataId=198"
}