{
 "pageNum": 1,
 "pageSize": 10,
 "params": {},
 "content": "35007是来自荷兰的乐队，35007早期的阵容包括Eeuwout Baart（主唱），Mark Sponselee （人声，合成器），Bertus Fridael（吉他），Jacco Van Rooy（鼓），Michel Boekhoudt （低音吉他）， Luk Sponselee（VJ）和Pidah Kloos（人声，录音工程师）。\n他们在1994年发行了他们的首张专辑\"Especially For You\"，在同名专辑“35007”之后，Jacco van Rooy离开了乐队，并被Sander Evers取代了鼓手的位置，2001年，Eeuwout Baart也离开了。2012年12月30日，Mark Sponselee死于肺炎。\n",
 "remarks": "本词条内容暂未完善仅供参考，多频百科小编正在火速赶来",
 "remarksEn": "本词条内容暂未完善仅供参考，多频百科小编正在火速赶来",
 "status": 0,
 "clickNum": 1,
 "deleted": 0,
 "lang": 0,
 "chooseLang": false,
 "id": 9,
 "name": "35007",
 "picture": "http://y.gtimg.cn/music/photo_new/T001R300x300M000000601Ey23ZriG.jpg?max_age=2592000",
 "originalName": "",
 "nationality": "",
 "birthplace": "",
 "birthday": "",
 "profession": "",
 "typeId": 12,
 "typeName": "艺人",
 "dataId": 9,
 "url": "http://dropinapp.hearinmusic.com/#/ency?typeId=12&dataId=9"
}