{
 "pageNum": 1,
 "pageSize": 10,
 "params": {},
 "content": "<p>地区：南京 音乐风格：舞曲|电子 唱片公司：Rankadank Records， Project Sync 3ASiC来自南京、现居深圳的电子音乐人，在中国和荷兰先后攻读了录音艺术和声音设计专业，他同时还是一位从小学就开始写代码的技术宅。这样的背景让他始终对「声音」和「技术」有着超出常人的痴迷与掌握。他的音乐风格和创作手法都不循常规，最近热衷于用无形的极端音色对听众的音箱进行现实世界里的物理打击。自 2013 年开始，他活跃地参与到中国本土电子音乐场景中，表演遍布了国内各个音乐节和俱乐部，还曾被邀请至欧洲电子音乐盛会 ADE (AMSTERDAM DANCE EVENT) 演出。从他最新发布的几首单曲、和他在私人电台、俱乐部现场里播放的众多未发行曲目就可以窥探出他的音乐视野与下一步。他不仅在中文圈和说唱歌手 JONY J 共同缔造了播放量近亿的爆炸金曲《套路》，更受到众多国际音乐平台如 BOILER ROOM、RED LIGHT RADIO、BASS CITY 的支持，低音音乐王牌组合 NOISIA 和才华横溢的 IVY LAB 都肯定过他的作品。在俱乐部里，他总将 BASS、GRIME、EXPERIMENTAL、TRAP、TECHNO 等等不同风格的音乐元素融合在一起，给舞池营造独一无二的凶猛体验。</p>",
 "remarks": "本词条内容暂未完善仅供参考，多频百科小编正在火速赶来",
 "remarksEn": "本词条内容暂未完善仅供参考，多频百科小编正在火速赶来",
 "status": 0,
 "clickNum": 8,
 "deleted": 0,
 "lang": 0,
 "chooseLang": false,
 "id": 203,
 "name": "3ASIC",
 "picture": "http://y.gtimg.cn/music/photo_new/T001R300x300M000002eUSac13vHdB.jpg?max_age=2592000",
 "originalName": "",
 "nationality": "中国",
 "birthplace": "南京",
 "birthday": "07月22日",
 "profession": "音乐制作人",
 "style": "舞曲|电子",
 "brand": "Rankadank Records， Project Sync",
 "debutTimeText": "2013",
 "typeId": 12,
 "typeName": "艺人",
 "dataId": 203,
 "url": "http://dropinapp.hearinmusic.com/#/ency?typeId=12&dataId=203"
}