{
 "pageNum": 1,
 "pageSize": 10,
 "params": {},
 "content": "外文名：安保さゆり； あんぽりん； 悠 杏李； Unknown-Poly\n同人歌姬 \n東方界元老级歌姬\n长期出现在多个東方同人社团\n现属社团NJK Record\nloli声线 少女声线 御姐声线通吃\n日本の歌手、作詞家。女性。 同人作品を中心に活動を行うフリーのボーカリスト、作詞家。 3Lの他にいくつか名義を持っており、商業活動と同人活動とで名義が違う。商業ではanporin（あんぽりん）、同人では3Lが主な名義で、過去には安保さゆり、悠杏李、Unknown-Polyなどの名義を使っていたことも。 同人、商業に関わらず同じ名義を使っていたこともあったが、現在は明確に名義を分けて使用していることや、3Lとanporinのそれぞれで公式サイトを運営していることから、同人活動と商業活動とは不可侵の関係と位置づけていることが窺える。 しっとりとした歌から電波ソングまで、色気のある声からロリボイスまでその表現力は多彩。ボーカルとして楽曲に参加したサークルはイオシス、SYNC.ART'S、NJK Recordなどが挙げられる。 基本的に3Lについての情報は少なく、詳しいことはあまり知られていない。 代表的な楽曲 3L 名義 惑いて来たれ、遊惰な神隠し～Border of Death （IOSYS「東方乙女囃子」収録） Unlocked girl ～ 密室を出た少女 （IOSYS「東方月燈籠」収録) 行列のできるえーりん診療所 （IOSYS「東方真華神祭」収録) タイヨウノハナ （IOSYS「東方想幽森雛」収録） Miracle∞Hinacle （IOSYS「東方想幽森雛」収録） Sweets Time Midnight （NJK Record「Crimson Glory」収録） Crimson Glory （NJK Record「Crimson Glory」収録） anporin（あんぽりん） 名義 Don't say \"lazy\" （エイチーム「ANIME HOUSE PROJECT～神曲selection vol.1～」収録） 安保さゆり 名義 亡き王女の為のセプテット-Vocal- （SYNC.ART'S「絢爛華麗」収録） Sweets Time （SYNC.ART'S「ゆきうさぎ」収録） 月と太陽 （18禁PCゲーム「姫騎士アンジェリカ～あなたって、本当に最低の屑だわ!～」主題歌） 悠 杏李 名義 Phantasmagoria mystical expectation （IOSYS「東方風櫻宴」収録）\n",
 "remarks": "本词条内容暂未完善仅供参考，多频百科小编正在火速赶来",
 "remarksEn": "本词条内容暂未完善仅供参考，多频百科小编正在火速赶来",
 "status": 0,
 "clickNum": 0,
 "deleted": 0,
 "lang": 0,
 "chooseLang": false,
 "id": 211,
 "name": "3L (スリーエル)",
 "picture": "http://y.gtimg.cn/music/photo_new/T001R300x300M000002kQm1o3JJjwJ.jpg?max_age=2592000",
 "originalName": "3L, スリーエル",
 "nationality": "日本",
 "birthplace": "",
 "birthday": "",
 "profession": "",
 "typeId": 12,
 "typeName": "艺人",
 "dataId": 211,
 "url": "http://dropinapp.hearinmusic.com/#/ency?typeId=12&dataId=211"
}