{
 "pageNum": 1,
 "pageSize": 10,
 "params": {},
 "content": "团员人数：2人\n在相遇之前，3OH!3的 两名成员 Sean Foreman（以下简称 Sean）和 Nathaniel Motte（以下简称 Nat）分别在科罗拉多州两所不同的高中学习。并且两所高中在体育比赛中的竞争十分激烈。Nat 所在的学校组织了一项活动，让学生制作视频并通过电视台向大众播放。Sean 看到了 Nat 的视频，并决定要去见见那个“孩子”。2004年，在科罗拉多大学博尔德分校的物理课上，Sean 和 Nat 第一次相遇。两人在音乐方面一拍即合，随即成立了3OH!3（名称来源于科罗拉多州区号303）。\n从艺历程：2007年，发行专辑3OH!3\n2008年，发行专辑Want\n2010年，发行专辑Streets of Gold\n2013年，发行专辑Omens\n",
 "remarks": "本词条内容暂未完善仅供参考，多频百科小编正在火速赶来",
 "remarksEn": "本词条内容暂未完善仅供参考，多频百科小编正在火速赶来",
 "status": 0,
 "clickNum": 0,
 "deleted": 0,
 "lang": 0,
 "chooseLang": false,
 "id": 214,
 "name": "3OH!3",
 "picture": "http://y.gtimg.cn/music/photo_new/T001R300x300M0000034zwlv2jRQ4M.jpg?max_age=2592000",
 "originalName": "",
 "nationality": "美国",
 "birthplace": "",
 "birthday": "",
 "profession": "",
 "typeId": 12,
 "typeName": "艺人",
 "dataId": 214,
 "url": "http://dropinapp.hearinmusic.com/#/ency?typeId=12&dataId=214"
}