{
 "pageNum": 1,
 "pageSize": 10,
 "params": {},
 "content": "3R2简介\n艺名：3R2\n台湾音乐制作人\n1994年8月23日出生\n2003年接觸DTM開始作曲，2011年開始从事DJ行业。\n是台灣第一位專注於Hardcore風格的作曲家。 現今多半都在日本硬核(J-Core)圈子中\n擅长曲风：UK Hardcore（Happy Hardcore）\nMákina\n",
 "remarks": "本词条内容暂未完善仅供参考，多频百科小编正在火速赶来",
 "remarksEn": "本词条内容暂未完善仅供参考，多频百科小编正在火速赶来",
 "status": 0,
 "clickNum": 2,
 "deleted": 0,
 "lang": 0,
 "chooseLang": false,
 "id": 217,
 "name": "3R2",
 "picture": "http://y.gtimg.cn/music/photo_new/T001R300x300M000002kYj524aANUh.jpg?max_age=2592000",
 "originalName": "",
 "nationality": "",
 "birthplace": "",
 "birthday": "",
 "profession": "",
 "typeId": 12,
 "typeName": "艺人",
 "dataId": 217,
 "url": "http://dropinapp.hearinmusic.com/#/ency?typeId=12&dataId=217"
}