{
 "pageNum": 1,
 "pageSize": 10,
 "params": {},
 "content": "团员组成：B.A.、Agerman、Keak Da Sneak\n团员人数：3\n唱片公司：Str8 Game Records、Virgin Records\n出道地点：加利福尼亚州奥克兰\n成立日期：1994年\n成立地点：加利福尼亚州奥克兰\n活跃年代：1994年-2000年\n音乐类型：Westcoast Hip Hop、G-Funk\n3X Krazy是1994年成立于加利福尼亚州奥克兰的美国嘻哈音乐团体。乐团成员包括B.A.、Agerman、Keak Da Sneak。\n从艺历程：3X Krazy成立于1994年，签约于Str8 Game Records唱片公司。在创办3X Krazy之前Agerman与Keak Da Sneak是二重奏组合Dual Committee的成员。作为Dual Committee乐队，他们与AWOL Records唱片公司签订了第一份唱片协议。尽管从未在AWOL Records唱片公司发行过专辑，Dual Committee参与C-Bo发行的第二张专辑《The Autopsy》中的两首歌曲录制。与AWOL唱片公司分道扬镳之后，B.A.（随后因Bart AKA Mr Kamikaze而出名）加入乐队，由此3X Krazy乐队形成了。1995年，乐队发行了首张EP《Sick-O》，虽然商业价值并不是很高，但还是吸引了主流唱片公司的注意，1996年乐队签约于Virgin Records唱片公司。3X Krazy在Virgin公司发行的唯一作品是1997年的《Stackin'Chips》，这是乐队发行作品中最为成功的，荣登公告牌前200名排行榜第136名，最佳说唱/嘻哈音乐专辑第28名，Top Heatseekers专辑排行榜第6名。2003年，3X Krazy发行第五张专辑《Flowamatic-9》，精选了第一张专辑以及从未发行过的混音歌曲。乐队中的三名成员均追求个人职业生涯的发展，B.A.发行了四张专辑，Agerman发行了九张基督教嘻哈音乐专辑，Keak Da Sneak发行了二十张专辑和一些混音录音带。\n荣誉记录：《Stackin'Chips》荣登公告牌前200名排行榜第136名\n《Stackin'Chips》荣登最佳说唱/嘻哈音乐专辑第28名\n《Stackin'Chips》荣登Top Heatseekers专辑排行榜第6名\n主要作品：EP\n1995年《Sick-O》\n专辑\n1997年《Stackin'Chips》\n1999年《Immortalized》\n2000年《Real Talk 2000》\n2000年《Dual Committee》\n2011年《For Your Mind》\n",
 "remarks": "本词条内容暂未完善仅供参考，多频百科小编正在火速赶来",
 "remarksEn": "本词条内容暂未完善仅供参考，多频百科小编正在火速赶来",
 "status": 0,
 "clickNum": 0,
 "deleted": 0,
 "lang": 0,
 "chooseLang": false,
 "id": 223,
 "name": "3X Krazy",
 "picture": "http://y.gtimg.cn/music/photo_new/T001R300x300M000002a4vEY3twkns.jpg?max_age=2592000",
 "originalName": "",
 "nationality": "",
 "birthplace": "",
 "birthday": "",
 "profession": "",
 "typeId": 12,
 "typeName": "艺人",
 "dataId": 223,
 "url": "http://dropinapp.hearinmusic.com/#/ency?typeId=12&dataId=223"
}