{
 "pageNum": 1,
 "pageSize": 10,
 "params": {},
 "content": "Dutch DJ, remixer, and producer Carlo Resoort, aka 4 Strings, achieved his first British hit in 1999 with \"Turn It Around\" by Alena. Formerly known as Taska, Topcat, Square, and Carlos, he chose the moniker of 4 Strings before releasing \"Day Time,\" a club/dance song with lyrics by Rob Davis and performed by Arianne Schreiber. \"(Take Me Away) Into the Night\" became his second smash. Originally released by Liquid Records, it was re-released by the U.K.-based label Nebula and featured on Paul Van Dyk's mix album The Politics of Dancing, among other compilations.\n",
 "remarks": "本词条内容暂未完善仅供参考，多频百科小编正在火速赶来",
 "remarksEn": "本词条内容暂未完善仅供参考，多频百科小编正在火速赶来",
 "status": 0,
 "clickNum": 0,
 "deleted": 0,
 "lang": 0,
 "chooseLang": false,
 "id": 227,
 "name": "4 Strings",
 "picture": "http://y.gtimg.cn/music/photo_new/T001R300x300M0000037uAAw4Qkx1J.jpg?max_age=2592000",
 "originalName": "",
 "nationality": "",
 "birthplace": "",
 "birthday": "",
 "profession": "",
 "typeId": 12,
 "typeName": "艺人",
 "dataId": 227,
 "url": "http://dropinapp.hearinmusic.com/#/ency?typeId=12&dataId=227"
}