{
 "pageNum": 1,
 "pageSize": 10,
 "params": {},
 "content": "\nSkot Alexander (vocals), Christian Wabschall (guitar), and Ferdinand Cudia (drums) comprise the disorderly trio behind the frenzied sounds of 400 Blows. Having spent the late '90s crafting a maddening stage presence around a punk-inspired metal sound, 400 Blows emerged as one of the toughest bands on the Los Angeles rock circuit. They inked a deal with Rehash in 2003, and their ferocious debut, Black Rainbow, appeared in April.\n",
 "remarks": "本词条内容暂未完善仅供参考，多频百科小编正在火速赶来",
 "remarksEn": "本词条内容暂未完善仅供参考，多频百科小编正在火速赶来",
 "status": 0,
 "clickNum": 0,
 "deleted": 0,
 "lang": 0,
 "chooseLang": false,
 "id": 233,
 "name": "400 Blows",
 "picture": "http://y.gtimg.cn/music/photo_new/T001R300x300M00000241J5f23Sjxn.jpg?max_age=2592000",
 "originalName": "",
 "nationality": "",
 "birthplace": "",
 "birthday": "",
 "profession": "",
 "typeId": 12,
 "typeName": "艺人",
 "dataId": 233,
 "url": "http://dropinapp.hearinmusic.com/#/ency?typeId=12&dataId=233"
}