{
 "pageNum": 1,
 "pageSize": 10,
 "params": {},
 "content": "曾打入Billboard百强前十的美国说唱歌手42 Dugg\nDion Marquise Hayes (born November 25, 1994), better known by his stage name 42 Dugg, is an American rapper. He is a prominent figure in the emerging Detroit rap scene of the mid to late 2010's.\n",
 "remarks": "本词条内容暂未完善仅供参考，多频百科小编正在火速赶来",
 "remarksEn": "本词条内容暂未完善仅供参考，多频百科小编正在火速赶来",
 "status": 0,
 "clickNum": 0,
 "deleted": 0,
 "lang": 0,
 "chooseLang": false,
 "id": 240,
 "name": "42 Dugg",
 "picture": "http://y.gtimg.cn/music/photo_new/T001R300x300M000000vmiH12pLs7m.jpg?max_age=2592000",
 "originalName": "",
 "nationality": "",
 "birthplace": "",
 "birthday": "",
 "profession": "",
 "typeId": 12,
 "typeName": "艺人",
 "dataId": 240,
 "url": "http://dropinapp.hearinmusic.com/#/ency?typeId=12&dataId=240"
}