{
 "pageNum": 1,
 "pageSize": 10,
 "params": {},
 "content": "49ers are an Italian house and Eurodance act, featuring producer and DJ Gianfranco Bortolotti and vocalist Ann-Marie Smith. They were named after the San Francisco 49ers American football team, as Smith was the 49th vocalist to audition.\nIn 1990, two of their songs reached #1 on the US Billboard Hot Dance Club Play chart;\n",
 "remarks": "本词条内容暂未完善仅供参考，多频百科小编正在火速赶来",
 "remarksEn": "本词条内容暂未完善仅供参考，多频百科小编正在火速赶来",
 "status": 0,
 "clickNum": 0,
 "deleted": 0,
 "lang": 0,
 "chooseLang": false,
 "id": 245,
 "name": "49ers",
 "picture": "http://y.gtimg.cn/music/photo_new/T001R300x300M0000016gvFD2CbfCA.jpg?max_age=2592000",
 "originalName": "",
 "nationality": "",
 "birthplace": "",
 "birthday": "",
 "profession": "",
 "typeId": 12,
 "typeName": "艺人",
 "dataId": 245,
 "url": "http://dropinapp.hearinmusic.com/#/ency?typeId=12&dataId=245"
}