{
 "pageNum": 1,
 "pageSize": 10,
 "params": {},
 "content": "4Lienetic简介\n4Lienetic是来自印度的独立音乐制作人。\n",
 "remarks": "本词条内容暂未完善仅供参考，多频百科小编正在火速赶来",
 "remarksEn": "本词条内容暂未完善仅供参考，多频百科小编正在火速赶来",
 "status": 0,
 "clickNum": 0,
 "deleted": 0,
 "lang": 0,
 "chooseLang": false,
 "id": 251,
 "name": "4lienetic",
 "picture": "http://y.gtimg.cn/music/photo_new/T001R300x300M0000007Coxc0piZwN.jpg?max_age=2592000",
 "originalName": "",
 "nationality": "",
 "birthplace": "",
 "birthday": "",
 "profession": "",
 "typeId": 12,
 "typeName": "艺人",
 "dataId": 251,
 "url": "http://dropinapp.hearinmusic.com/#/ency?typeId=12&dataId=251"
}