{
 "pageNum": 1,
 "pageSize": 10,
 "params": {},
 "content": "外文名：포미닛、フォーミニッツ\n团员人数：5名\n团员组合：南智贤、许嘉允、全智允、金泫雅、权昭贤\n代表色：紫罗兰色\n4MINUTE(포미닛)，是韩国CUBE Entertainment于2009年推出的女子流行演唱组合，由南智贤、许嘉允、全智允、金泫雅、权昭贤5名成员组成。\n2009年6月18日以首张单曲《Hot Issue》正式出道；同年8月31日发行首张迷你专辑《FOR MUZIK》，获得第24届金唱片大赏最佳新人奖。2010年凭借歌曲《HUH》获得第21届韩国首尔歌谣大赏本赏。2013年2月凭借歌曲《Volume Up》获得第27届韩国金唱片唱片本赏。2014年凭借歌曲《What's your name?》获得第28届韩国金唱片音源本赏；同年3月17日发行第五张迷你专辑《4MINUTE WORLD》。2015年2月9日发行第六张迷你专辑《Crazy》。2016年2月1日发行第七张迷你专辑《Act.7》回归乐坛。2016年6月13日，4minute所属经纪公司CUBE娱乐表示：“旗下女子组合4MINUTE解散是南智贤、许嘉允、田祉润、金泫雅和权昭贤五名成员共同商议后的决定。”宣布了组合解散的消息。\n从艺历程：2009年5月14日，韩国CUBE娱乐公司正式向外界公开首个女子演唱组合，并最终确认的成员数和组合名，由五名全90后女生组成的“糖果朋克”风格\n的团体—4MINUTE，揭开了她们的神秘面纱。在此之前，除组合队长南智贤和前Wonder Girls成员金泫雅以外，成员的脸都未正式曝光而备受关注\n。组合名称“4MINUTE”是在舞台上的4分内展示她们每个人的不同魅力的意思，组合读音“For (a) Minute”也包含了她们希望在每个瞬间都会努力做到\n最好的意思。\n2009年6月15日，4MINUTE公开出道歌曲《Hot Issue》的官方完整音乐录像带。\n 6月18日，4MINUTE5名成员在Mnet的音乐节目《M! Countdown》进行首次登台演出，宣布正式出道。同年8月28日，发行首张迷你专辑《FOR MUZIK》。9月27日，4MINUTE凭借歌曲《MUZIK》在SBS《人气歌谣》首次获得音乐节目一位。\n2010年5月19日，4MINUTE公开第二张迷你专辑《HIT YOUR HEART》，主打曲《HUH》在公开音源时登上韩国各大音源网站即时排行榜的首位。6月17日，歌曲《HUH》获得Mnet音乐节目一位。7月1日，公开专辑后续曲《I MY ME MINE》的完整音乐录像带，该曲在YouTube公开后点击率突破千万大关。\n2011年3月29日，4MINUTE公开首张正规专辑先行曲《Heart To Heart》。4月5日，发行首张正规专辑《4MINUTES LEFT》，在圣保罗的演唱会场“Espaco das Americas”，举办名为“UNITED CUBE CONCERT IN BLAZIL”的演唱会，这也是韩流歌手们第一次到南美开唱。，主打曲《Mirror Mirror》公开。12月14日，参与CUBE Entertainment在巴西举办的家族演唱会。同年获邀为日本女星佐藤江梨子主演的深夜剧《摔角女王传说》献唱主题曲《READY,GO》，收录在12月于日本发行的同名日语小专辑，进军日剧界。\n2012年4月4日，4MINUTE公开第三张迷你专辑成员预告照。4月6日，公开专辑音乐影像预告。4月9日，正式发行第三张迷你专辑《Volume Up》。4月13日，通过KBS《音乐银行》展现回归舞台。8月22日，发行日语单曲《Love Tension》。\n2013年2月，4MINUTE参与CUBE Entertainment在日本举办的家族演唱会。同年4月26日，发行第四张迷你专辑《Name Is 4minute》回归歌坛，主打曲《What's your name?》登上韩国各大音源排行榜冠军，登上韩国第一大音源网站Melon首位，并在韩国各大音乐节目获得7个一位。6月28日，发行夏日数码单曲《Is It Poppin》。7月14日，歌曲《What's your name?》在SBS《人气歌谣》上半年结算中获得第一位。9月1日，在澳大利亚悉尼MetroTheater举行“4MINUTE Part Rock Concert in Australia”的演唱会。\n2014年2月8日，4MINUTE以中国香港亚洲博览馆为起点，进行“Name is 4minute Showcase in Asia”的第一次亚洲粉丝见面会。3月7日，公开第五张迷你专辑预告海报。3月17日，发行第五张迷你专辑《4MINUTE WORLD》，主打曲《Whatcha Doin' Today》公开后登上音源排行榜首位。5月23日，参加西班牙巴塞罗那进行“4Minute Fan Bash in Europe 2014”的首场公演。5月25日，在瑞典斯德哥尔摩进行第二场公演，成为首个韩国女子演唱组合首次在欧洲国家举行单独公开演唱会。\n2015年1月20日，CUBE Entertainment通过官方SNS公开了4MINUTE的回归预告片，并于1月26日公开第六张迷你专辑先行曲《Cold Rain》的音源及官方完整音乐录像带。2月9日，发行第六张迷你专辑《Crazy》。2月10日，歌曲《Crazy》MV在YouTube公开后点击率24小时内突破百万人次观看，并在韩国各大音乐节目再次获得7个一位，被美国“Fuse TV”评为“二月最佳舞曲TOP10”。2月25日，公开歌曲《Crazy》的官方舞蹈版完整音乐录像带。7月6日，综艺节目《4minute's video》首次播出。同年，4minute举行南美巡回粉丝见面会，成为首个举行南美巡回粉丝见面的韩国女子组合。在秘鲁（11月8日）、智利（11月10日）、阿根廷（11月12日）等3个国家开启名为“4MINUTE FAN BASH in LATIN AMERICA ”的粉丝见面会。\n2016年2月1日，4MINUTE发行第七张迷你专辑《Act.7》，时隔一年以五人完整体形式回归。成员全智允、金泫雅、权昭贤在专辑中参与了多数的作词及Rap编写，同时成员全盘主导Visual Directing。歌曲发布的第二天，专辑主打曲《Hate》就已经挤进了亚洲6个国家和地区iTunes的Top Song榜前十，这首歌在马来西亚iTunes第3名、在香港第4名、在泰国和乌克兰第5名、在新加坡第9名、在台湾第10名。同时登上音悦台V榜，这首歌也连续3天高居韩国榜榜首。巴西社交网站的即时热搜词也出现了4Minute的名字和‘I Hate You’这一歌词。\n2016年6月13日，4minute所属经纪公司CUBE娱乐表示：“旗下女子组合4minute解散是南智贤、许嘉允、田祉润、金泫雅和权昭贤五名成员共同商议后的决定。”宣布了组合解散的消息。\n荣誉记录：韩国金唱片大赏\n 2014-01-06    第28届    音源本赏    What's your name?    （获奖）    \n 2013-01-06    第27届    唱片本赏    Volume Up    （获奖）    \n 2012-01-12    第26届    音源本赏    Mirror Mirror    （获奖）    \n 2009-12-10    第24届    最佳新人奖    Hot Issue    （获奖）    \n韩国首尔歌谣大赏\n 2014-01-23    第23届    本赏    What's your name?    （获奖）    \n 2012-01-19    第21届    本赏    Mirror Mirror    （获奖）    \n 2011-01-20    第20届    本赏    HUH    （获奖）    \n韩国音乐打歌节目KBS奖项\n 2013-12-20    KBS音乐银行    What's your name? 年终结算：第6位    （获奖）    \n韩国音乐打歌节目SBS奖项\n 2015-03-01    SBS人气歌谣    Crazy    （获奖）    \n 2015-02-22    SBS人气歌谣    Crazy    （获奖）    \n 2014-03-30    SBS人气歌谣    Whatcha Doin' Today    （获奖）    \n 2013-07-14    SBS人气歌谣    What's your name?    （获奖）    \n 2013-05-26    SBS人气歌谣    What's your name?    （获奖）    \n 2013-05-19    SBS人气歌谣    What's your name?    （获奖）    \n 2009-09-27    SBS人气歌谣    Muzik    （获奖）    \n韩国音乐打歌节目MBC奖项\n 2015-02-21    MBC音乐中心    Crazy    （获奖）    \n韩国音乐打歌节目Mnet奖项\n 2015-02-26    Mnet M!CountDown    Crazy    （获奖）    \n 2015-02-19    Mnet M!CountDown    Crazy    （获奖）    \n 2014-04-03    Mnet M!CountDown    Whatcha Doin' Today    （获奖）    \n 2013-05-16    Mnet M!CountDown    What's your name?    （获奖）    \n 2013-05-09    Mnet M!CountDown    What's your name?    （获奖）    \n 2012-05-03    Mnet M!CountDown    Volume Up    （获奖）    \n 2011-04-21    Mnet M!CountDown    Mirror Mirror    （获奖）    \n 2010-06-17    Mnet M!CountDown    HUH    （获奖）    \n 2009-10-01    Mnet M!CountDown    Muzik    （获奖）    \n韩国音乐打歌节目冠军秀奖项\n 2015-02-25    MBC Show Champion    Crazy    （获奖）    \n 2015-02-18    MBC Show Champion    Crazy    （获奖）    \n 2013-05-22    MBC Show Champion    What's your name?    （获奖）    \n 2013-05-15    MBC Show Champion    What's your name?    （获奖）    \n 2013-05-08    MBC Show Champion    What's your name?    （获奖）    \n 2012-04-24    MBC Show Champion    Volume Up    （获奖）    \n 2012-04-17    MBC Show Champion    Volume Up    （获奖）    \n美国盖洛普韩国国民人气度民意调查\n 2013    What's your name?    第7位    （获奖）    \nGaon Chart KPOP\n 2014-02-12    第3届    年度歌手5月音源奖    What's your name?    （获奖）    \nMnet 20's Choice\n 2010-08-26    第4届    最具影响力明星奖    HUH    （获奖）    \n 2010-08-26    第4届    Favorite Syle Girl Group    HUH    （获奖）\n",
 "remarks": "本词条内容暂未完善仅供参考，多频百科小编正在火速赶来",
 "remarksEn": "本词条内容暂未完善仅供参考，多频百科小编正在火速赶来",
 "status": 0,
 "clickNum": 1,
 "deleted": 0,
 "lang": 0,
 "chooseLang": false,
 "id": 256,
 "name": "4MINUTE (포미닛)",
 "picture": "http://y.gtimg.cn/music/photo_new/T001R300x300M000003M7awh2857um.jpg?max_age=2592000",
 "originalName": "",
 "nationality": "韩国",
 "birthplace": "",
 "birthday": "",
 "profession": "",
 "typeId": 12,
 "typeName": "艺人",
 "dataId": 256,
 "url": "http://dropinapp.hearinmusic.com/#/ency?typeId=12&dataId=256"
}