{
 "pageNum": 1,
 "pageSize": 10,
 "params": {},
 "content": "장르 팝 \n스타일 알앤비 (R&B), 소울 팝 (Soul Pop) \n멤버 Ra-J , Jean , 경돈 , J.Rod , J.Y\n",
 "remarks": "本词条内容暂未完善仅供参考，多频百科小编正在火速赶来",
 "remarksEn": "本词条内容暂未完善仅供参考，多频百科小编正在火速赶来",
 "status": 0,
 "clickNum": 0,
 "deleted": 0,
 "lang": 0,
 "chooseLang": false,
 "id": 263,
 "name": "4Tune",
 "picture": "http://y.gtimg.cn/music/photo_new/T001R300x300M000000wgM1J1B4vGD.jpg?max_age=2592000",
 "originalName": "",
 "nationality": "",
 "birthplace": "",
 "birthday": "",
 "profession": "",
 "typeId": 12,
 "typeName": "艺人",
 "dataId": 263,
 "url": "http://dropinapp.hearinmusic.com/#/ency?typeId=12&dataId=263"
}