{
 "pageNum": 1,
 "pageSize": 10,
 "params": {},
 "content": "团员组成：Luke Robert Hemmings、Michael Gordon Clifford、Calum Hood、Ashton Fletcher Irwin\n团员人数：4人\n5 seconds of summer（五秒盛夏，简称5SOS）是一支2011年12月于悉尼成立的澳大利亚流行摇滚乐队，2014年2月，发布了首支单曲《She Looks So Perfect》，歌曲在澳大利亚、新西兰、爱尔兰和英国夺冠。首张同名专辑《5 Seconds of Summer》亦于2014年6月发行。同年12月，发行首张现场专辑 《LIVESOS》。 他们将于2015年10月23日在全球发布他们的第二张专辑《Sounds Good Feels Good》,并于2016年展开第一场世界巡回演唱会 Sounds Live Feels Live,前往亚洲多个地区,包括香港、台湾、上海、曼谷、马尼拉及日本等地,于16年2月19日在日本名古屋开始,于该年10月5日在悉尼结束。截至2019年，他们发行的三张录音室专辑均登顶Billboard 200冠军，成为美国史上第一支前三张专辑都夺冠的乐队。\n从艺历程：2012年5月，5SOS宣布巡演日程，包括在悉尼的Factory Theatre，布里斯班的Old Museum和墨尔本的Xavier College。所有场次在开始发售数分钟里就售罄，第二次的加场也很快销售一空。继他们的EPUnplugged 在2012年6月的成功发行后，乐队开始了他们的Twenty Twelve巡演，场次包括阿德莱德的Uni Bar，悉尼的Oxford Art Factory，布里斯班的Old Museum和墨尔本的Corner Hotel。\n2012年10月里，5SOS几乎跑遍了澳大利亚，他们在悉尼的Enmore Theatre、布里斯班的Convention Centre，墨尔本的Festival Hall、堪培拉的 Royal Theatre、和阿德莱德的AEC Theatre多地，作Hot Chelle Rae和Cher Lloyd的巡演开场嘉宾。\n2012年的11月3日，5SOS于新西兰的奥克兰市进行了他们的第一次境外演出。在11月25号，要去英国停留三个月之前，他们在悉尼的Metro Theatre进行了主场演唱。\n2013年2月23日，加入One Direction于2在伦敦开幕的Take Me Home世界巡演。\n在2013年5月17日，5SOS开始了澳大利亚巡演，被粉丝戏称为“脱裤巡演”，包括在悉尼，佩斯，布里斯班，阿德莱德和墨尔本的场次，很快售罄。\n2013年11月，5SOS宣布开始英国巡演，门票很快销售一空。在2014年2月到3月他们将会在英国进行7场演唱。\n2014年2月19日，乐队宣布了2014年4月份的北美巡演。\n2014年3月初，5SOS在2014年3月初宣布他们将继续为One Direction在北美地区的Where We Are巡演做开场嘉宾，他们还将开始全新的mini tour “5 Countries in 5 Days” - 在瑞士，德国，法国，意大利和西班牙举行的欧洲巡演。\n2014年4月 - 北美Stars, Stripes and Maple Syrup Tour\n2014年5月 - 澳洲There Is No Place Like Home Tour\n2014年6月25日 - 首张同名专辑5 Seconds Of Summer发行。收录4首新歌，宣传单主打Kiss Me Kiss Me， 首支单曲She Looks So Perfect最高成绩UK榜top1，b榜top2。其余单曲包括Everything I Didn't Say/Good Girls/Amnesia。6月27日在米兰大教堂广场举行首次签名会。\n2015年5月起，5SOS开始进行为期4个月的乐队首次正式世界巡演‘’Rock With Our Socks Out Tour‘’ 。该巡演涵盖亚、欧、北美、大洋洲等地，包括伦敦、巴黎、柏林、东京、洛杉矶、斯德哥尔摩、里斯本、哥本哈根、米兰、多伦多等70多坐城市和地区。该巡演预计于9月13日在Florida, USA结束。\n2015年10月23日，二专《Sounds Good Feels Good》发行，使他们成为美国史上第一支前两张专辑都登顶榜单的乐队。2016年，乐队开始了他们的Sounds Live Feels Live世界巡回演唱会，其中包括售罄的体育场和体育馆。他们在北美，欧洲，澳大利亚和亚洲进行了巡回演出。\n2017年1月13日，他们助阵日本摇滚乐队One Ok Rock的歌曲\"Take What You Want\"。随后他们开启了夏季巡演。\n经过了漫长的巡演后，2018年2月22日，5SOS发行了单曲\"Want You Back\"。4月9日，他们宣布了第三张专辑的名字为《Youngblood》。5月22日发行同名二单\"Youngblood\"，这首歌在全球获得不错的成绩，澳大利亚榜冠军、UK榜Top 5、加拿大榜Top 5、Billboard Hot 100 Top 10！并在成为5SOS第一首登顶美国流行台、成人流行台的歌曲。\n6月15日，5SOS的第三张专辑《Youngblood》发行。首周登顶Billboard 200专辑榜，成为美国史上第一支前三张专辑登顶专辑榜的乐队。另外首周也成功登顶澳大利亚榜，以及包括英国在内的七个国家Top 3，20个国家Top 10。二单\"Youngblood\"是澳大利亚2018年最畅销的单曲。\n2019年2月7日，5SOS与美国DJ二人组The Chainsmokers合作发行了单曲\"Who Do You Love\"。5月23日，发行了即将发行的第四张专辑主打单曲\"Easier\"。8月21日发行了Netflix电视剧“第13个原因”第3季的插曲\"Teeth\"。\n荣誉记录：2016年\niheartradio奖    最佳粉丝团\t    获奖\n滚石杂志\t      年度十佳专辑\t   获奖\n2015年\n全英音乐奖      国际最佳组合\t提名\n2014年\nKerrang!\t最佳国际新人奖\t获奖\nMuch Music Video Awards\t年度最佳国际MV     提名\nAmerican Music Awards\t年度最佳新人\t获奖\nNickelodeon Kids' Choice Awards\t澳洲最受喜爱新星\t获奖\n2013年\nMTV\t最佳突破乐队\t获奖\nChannel V\tOz Artist Award\t获奖\n",
 "remarks": "本词条内容暂未完善仅供参考，多频百科小编正在火速赶来",
 "remarksEn": "本词条内容暂未完善仅供参考，多频百科小编正在火速赶来",
 "status": 0,
 "clickNum": 1,
 "deleted": 0,
 "lang": 0,
 "chooseLang": false,
 "id": 267,
 "name": "5 Seconds Of Summer",
 "picture": "http://y.gtimg.cn/music/photo_new/T001R300x300M000004fWb2E1ucmbn.jpg?max_age=2592000",
 "originalName": "5SOS、5秒盛夏、五秒盛夏",
 "nationality": "澳大利亚",
 "birthplace": "",
 "birthday": "",
 "profession": "",
 "typeId": 12,
 "typeName": "艺人",
 "dataId": 267,
 "url": "http://dropinapp.hearinmusic.com/#/ency?typeId=12&dataId=267"
}