{
 "pageNum": 1,
 "pageSize": 10,
 "params": {},
 "content": "外文名：Curtis James Jackson III\n50美分（50 Cent），原名柯蒂斯·詹姆斯·杰克逊三世（Curtis James Jackson III），1975年7月6日出生于美国纽约皇后区，美国说唱歌手、演员、投资商。 2003年2月4日，50 Cent发行个人首张专辑《Get Rich Or Die Tryin》。同年8月，第20届音乐录影带大奖在纽约举行，50 Cent凭借单曲《In Da Club》获得最佳饶舌音乐录影带与最佳新人音乐录影带 。2005年3月发行专辑《The Massacre》，而由他主演的半自传性影片《要钱不要命》则于11月在美国公映 。2007年9月，发行专辑《Curtis》。2008年12月9日，发行专辑《Before I Self Destruct》。2010年，凭借《Crack A Bottle》与Dr. Dre和埃米纳姆获得第52届格莱美最佳说唱组合。2012年，与Maroon 5主唱亚当·莱文、埃米纳姆合作发行单曲《My Life》 。 在演艺事业外，50 Cent还助力于慈善事业，2011年将在利比亚演出的费用全部捐献给联合国儿童基金会。\n从艺历程：50 cent原名科迪斯.杰克逊（Curtis Jackson），出生在纽约声名狼籍的贫民窟皇后区，生下来就几乎没见过父亲，而母亲是个贩毒的皮条客，在他8岁时就被莫名其妙卷入一场枪杀身亡，年幼的他在祖母家长大。小时候他就在母亲影响下抢劫，既而贩毒。直到90年代中期，50 cent把兴趣转向到了说唱。1996年，他遇到了Run-D.M.C的成员Jam Master Jay，他给了50 cent一盘录满节奏的磁带，然后让50 cent跟着节奏说唱。50 cent的表现给Jay留下了深刻的印象，随后将他带到了自己的JMJ公司。 但是50 cent却没有成功，于是他转而投靠在商业上获得巨大成就的说唱制作团队Trackmasters。在Trackmasters的帮忙下，50 cent与哥伦比亚唱片公司签定了合约，随后被关到纽约北部的一间录音室里，经过2个半礼拜后，他完成了36首歌曲，最终完成了第一张专辑《美圆的力量》（Power of the Dollar）。先行推出的三支单曲包括《Your Life's on the Line》、 《Thug Love》 (与真命天子Destiny's Child合作)，以及 《How to Rob》。\n  2000年5月24日，他在皇后区牙买加161街被枪击，总共有9发9毫米子弹打在了他身上，一颗穿透他的脸，一颗打在手上，其他七颗分别打在胳臂和腿上。哥伦比亚唱片公司在得知这一消息之后，立刻取消了《美圆的力量》（Power of the Dollar）专辑发行的计划，并且直接与50 cent解约。之后50 cent与一帮好友组成了G Unit，在制作人沙.蒙尼.XL（Sha Money XL，曾和50 cent同时与JMJ签约）的帮助下，开始了地下乐团的生活。自此开始两年间，G Unit录制了许多作品，这些作品中，有些是说唱名曲的翻唱（如Raphael Saadiq的《Be Here》，Wu-Tang Clan的《Ya'll Been Warned》），有些内容是嘲弄当时流行的说唱明星（主要是Ja Rule），有几首是50 cent讲述自己被枪击的事情（《F*ck You》等），这些东西迅速在纽约街头传播开来。Eminem听过50 cent的歌曲后大加赞赏，在电台里宣称：“现在我最喜欢的说唱歌手就是50 Cent。”而且Eminem还拉来了Dr. Dre招揽50 cent。50 cent与Shady/Aftermath签定合约。\n  2003年2月6日发行《Get Rich or Die Tryin'》专辑。仅仅5天时间这张专辑就卖出了87万2千张，这是自1991年5月销量统计系统成立以来，卖的最快的处女专辑。这张专辑还是整个2003年全年的销量冠军。2005年3月8日，经过与众多说唱歌手的骂战之后，50 Cent计划发行第二张专辑《The Massacre》，但是由于专辑歌曲提前泄露到了网上，因而被迫把发行日期提前到了3月3日。\n  2005年，50 Cent初涉电影界，出演了《Get Rich or Die Tryin》。\n  2008年12月9日50 Cent通过Shady/Aftermath/Interscope发行专辑《Before I Self Destruct》，Dr.Dre和Eminem都以制作人和客串嘉宾的身份参与到这张专辑当中。除了正式的音乐专辑以外，这张《Before I Self Destruct》还收录了50 Cent自己创作并自导自演的一部长约90分钟的电影，讲述了一位住在市中心、名叫Clarence的孩子为死去的母亲报仇的故事。\n  2009年在出席著名独立电影节Sundance Film Festival（圣丹斯电影节）的活动期间，他向众人表示自己开办了一家名为Cheetah Vision的电影公司。\n2010年，凭借《Crack A Bottle》与Dr. Dre和埃米纳姆获得第52届格莱美最佳说唱组合。\n2011年，发行纪念专辑《The Big 10》，专辑使用了已故的美国嘻哈歌手克里斯托弗·华莱士的作品采样。\n2012年，与Maroon 5主唱亚当·莱文、埃米纳姆合作，发行单曲《My Life》。同年，他还发布了一张免费专辑《5: Murder by Numbers》，收录了10首作品，供歌迷免费下载 。\n2015年，他出演电影《铁拳》（Southpaw），饰演一位拳击推广人 。\n荣誉记录：格莱美奖\n 2010    第52届    最佳说唱乐队/组合    Crack a Bottle    （获奖）    \n 2008    第50届    最佳说唱歌手    I Get Money    （提名）    \n 2006    第48届    最佳说唱乐队/组合    （提名）    \n 2006    第48届    最佳说唱乐队/组合    Encore    （提名）    \n 2006    第48届    最佳说唱专辑    The Massacre    （提名）    \n 2006    第48届    最佳说唱歌手    Disco Inferno    （提名）    \n 2004    第46届    最佳说唱歌曲    In da Club    （提名）    \n 2004    第46届    最佳说唱乐队/组合    Magic Stick    （提名）    \n 2004    第46届    最佳新人    （提名）    \n 2004    第46届    最佳说唱歌手    In da Club    （提名）    \n 2004    第46届    最佳说唱专辑    Get Rich or Die Tryin    （提名）    \n全美音乐奖\n 2005    最受欢迎说唱/嘻哈专辑    The Massacre    （获奖）    \n 2005    最受欢迎流行/摇滚男艺术家    （提名）    \n 2005    最受欢迎说唱/嘻哈男艺术家    （提名）    \n 2003    最受欢迎说唱/嘻哈专辑    Get Rich or Die Tryin    （获奖）    \n 2003    粉丝选择奖    （提名）    \n 2003    最受欢迎说唱/嘻哈男艺术家    （获奖）    \nMTV音乐录影带大奖\n 2006    最佳说唱音乐录影带    Window Shopper    （提名）    \n 2005    最佳男歌手录影带    Candy Shop    （提名）    \n 2004    最佳说唱音乐录影带    P.I.M.P.    （提名）    \n 2003    第20届    最佳说唱音乐录影带    In Da Club[2]     （获奖）    \n 2003    第20届    最佳新人音乐录影带    In Da Club[2]     （获奖）    \n 2003    最佳男歌手录影带    In Da Club    （提名）    \n 2003    年度最佳录影带    In Da Club    （提名）    \n 2003    观众最喜爱录影带    In Da Club    （提名）    \n黑人娱乐电视奖\n 2004    最佳组合（G-Unit）    （获奖）    \n 2003    最佳新艺人[12]     （获奖）    \n 2003    最佳hip-hop男歌手[12]     （获奖）    \n美国Billboard音乐奖\n 2005    年度最佳艺人[16]     （获奖）    \n 2005    年度最佳专辑    The Massacre    （获奖）    \n 2005    年度最佳R&B/hip-hop专辑    The Massacre    （提名）    \n 2005    年度最佳R&B/hip-hop艺人    （获奖）    \n 2005    年度最佳说唱艺人    （获奖）    \n 2005    年度最佳说唱专辑    The Massacre    （提名）    \n 2005    年度最佳说唱歌曲    Candy Shop    （提名）    \n 2005    年度最佳手机铃声    Candy Shop    （获奖）    \n 2005    年度最佳说唱歌曲    How We Do    （提名）    \n 2005    年度Hot 100男艺人    （获奖）    \n 2004    年度最佳手机铃声    In da Club    （获奖）    \n 2004    年度最佳手机铃声    P.I.M.P.    （提名）    \n 2003    年度最佳专辑    Get Rich or Die Tryin    （获奖）    \n 2003    年度最佳艺人    （获奖）    \n 2003    年度最佳说唱艺人    （获奖）    \n 2003    年度最佳R&B/hip-hop艺人    （获奖）    \n 2003    年度Hot 100男艺人    （获奖）    \n 2003    年度Hot 100单曲    In Da Club    （获奖）\n",
 "remarks": "本词条内容暂未完善仅供参考，多频百科小编正在火速赶来",
 "remarksEn": "本词条内容暂未完善仅供参考，多频百科小编正在火速赶来",
 "status": 0,
 "clickNum": 0,
 "deleted": 0,
 "lang": 0,
 "chooseLang": false,
 "id": 269,
 "name": "50 Cent",
 "picture": "http://y.gtimg.cn/music/photo_new/T001R300x300M000003NoJmO0K6sx7.jpg?max_age=2592000",
 "originalName": "50美分",
 "nationality": "美国",
 "birthplace": "美国纽约皇后区",
 "birthday": "1975年07月06日",
 "profession": "饶舌歌手、演员、企业家、执行制作人、歌手",
 "typeId": 12,
 "typeName": "艺人",
 "dataId": 269,
 "url": "http://dropinapp.hearinmusic.com/#/ency?typeId=12&dataId=269"
}