{
 "pageNum": 1,
 "pageSize": 10,
 "params": {},
 "content": "I'm a kid of the 80s stuck in this weird dream that never ends.\n \nFinish DJ and Producer, Jussi Leväsalmi enters the industry with a strong musical background which has seen him play and write music for various bands over the years, leaving a significant mark in 501’s sound.\n \nWith remixes for Interscope and Skrillex’s OWSLA imprint under his belt, March 2012 saw a number 2 for 4 weeks running in the Dubstep Beatport chart with 'Headrush' featuring Belle Humble on Never Say Die Records.\n \nNumber one rapper in the world, Snoop Dogg has previously praised 501 for his beats with further world wide support for his music from his fellow peers including Mary Anne Hoobs, N‐Type, Headhunter, Chase and Status, Nero, Youngsta, Flux Pavilion, Mistajam SkisM and more.\n",
 "remarks": "本词条内容暂未完善仅供参考，多频百科小编正在火速赶来",
 "remarksEn": "本词条内容暂未完善仅供参考，多频百科小编正在火速赶来",
 "status": 0,
 "clickNum": 3,
 "deleted": 0,
 "lang": 0,
 "chooseLang": false,
 "id": 4,
 "name": "501",
 "picture": "http://y.gtimg.cn/music/photo_new/T001R300x300M0000003Ory13u8AdG.jpg?max_age=2592000",
 "originalName": "",
 "nationality": "",
 "birthplace": "",
 "birthday": "",
 "profession": "",
 "typeId": 12,
 "typeName": "艺人",
 "dataId": 4,
 "url": "http://dropinapp.hearinmusic.com/#/ency?typeId=12&dataId=4"
}