{
 "pageNum": 1,
 "pageSize": 10,
 "params": {},
 "content": "Named in honor of the Hüsker Dü classic, Swedish hardcore band 59 Times the Pain consisted of singer/guitarist Magnus, guitarist Kai, bassist Micke, and drummer Toni. Debuting with Blind Anger and Hate, the group resurfaced in 1997 with Twenty Percent of My Hand; End of the Millennium, 59 Times the Pain's first album for new label Epitaph, followed two years later.\n",
 "remarks": "本词条内容暂未完善仅供参考，多频百科小编正在火速赶来",
 "remarksEn": "本词条内容暂未完善仅供参考，多频百科小编正在火速赶来",
 "status": 0,
 "clickNum": 0,
 "deleted": 0,
 "lang": 0,
 "chooseLang": false,
 "id": 276,
 "name": "59 Times The Pain",
 "picture": "http://y.gtimg.cn/music/photo_new/T001R300x300M000003Ihy4Y2RMf1T.jpg?max_age=2592000",
 "originalName": "",
 "nationality": "",
 "birthplace": "",
 "birthday": "",
 "profession": "",
 "typeId": 12,
 "typeName": "艺人",
 "dataId": 276,
 "url": "http://dropinapp.hearinmusic.com/#/ency?typeId=12&dataId=276"
}