{
 "pageNum": 1,
 "pageSize": 10,
 "params": {},
 "content": "65daysofstatic的音乐被看作是新一代post rock的典范,甚至有人说他们是Mogwai和Aphex Twin的混合体.\n",
 "remarks": "本词条内容暂未完善仅供参考，多频百科小编正在火速赶来",
 "remarksEn": "本词条内容暂未完善仅供参考，多频百科小编正在火速赶来",
 "status": 0,
 "clickNum": 0,
 "deleted": 0,
 "lang": 0,
 "chooseLang": false,
 "id": 290,
 "name": "65daysofstatic",
 "picture": "http://y.gtimg.cn/music/photo_new/T001R300x300M000000Qdcv01QYELr.jpg?max_age=2592000",
 "originalName": "",
 "nationality": "",
 "birthplace": "",
 "birthday": "",
 "profession": "",
 "typeId": 12,
 "typeName": "艺人",
 "dataId": 290,
 "url": "http://dropinapp.hearinmusic.com/#/ency?typeId=12&dataId=290"
}