{
 "pageNum": 1,
 "pageSize": 10,
 "params": {},
 "content": "外文名：Daniel Hernandez\nDaniel Hernandez（1996年5月8日出生），以他的艺名6ix9ine（发音为“six nine”）而闻名，也被称为Tekashi69或简称Tekashi，是来自美国的说唱歌手。\n从艺历程：6IX9INE在布鲁克林出生并长大，在他首张单曲“Gummo”发行后，于2017年底首次广为人知。这首歌成为全国热门歌曲，在Billboard Hot 100上获得第12名，并在获得美国唱片白金认证。一年后他发布了混音带“Day69”，其中三首单曲登上Hot 100排行榜，而专辑本身则在Billboard 200专辑榜上排名第四。几个月之后，他的单曲“Fefe”与说唱歌手Nicki Minaj和Murda Beatz进行合作，在Hot 100中排名第三，并成为他的首张专辑Dummy Boy（2018）的首张单曲。尽管普遍存在负面的批评，但这张专辑在Billboard 200上排名第二。\n",
 "remarks": "本词条内容暂未完善仅供参考，多频百科小编正在火速赶来",
 "remarksEn": "本词条内容暂未完善仅供参考，多频百科小编正在火速赶来",
 "status": 0,
 "clickNum": 0,
 "deleted": 0,
 "lang": 0,
 "chooseLang": false,
 "id": 297,
 "name": "6ix9ine",
 "picture": "http://y.gtimg.cn/music/photo_new/T001R300x300M0000024aNCF0YZ7HN.jpg?max_age=2592000",
 "originalName": "Tekashi、Tekashi69",
 "nationality": "美国",
 "birthplace": "",
 "birthday": "1996年05月08日",
 "profession": "说唱歌手",
 "typeId": 12,
 "typeName": "艺人",
 "dataId": 297,
 "url": "http://dropinapp.hearinmusic.com/#/ency?typeId=12&dataId=297"
}