{
 "pageNum": 1,
 "pageSize": 10,
 "params": {},
 "content": "原名：Ricardo Valdez Valentine\n6LACK，原名Ricardo Valdez Valentine，1992年6月24日出生于美国马里兰州巴尔的摩，美国说唱歌手。\n从艺历程：2011年7月，6lack与Flo Rida的国际音乐集团和Strong Arm唱片公司签订了唱片合约。他签约后离开了瓦尔多斯塔州立大学，并在接下来的几年学习音乐领域的知识。 6lack在这个唱片公司待了五年时间，将音乐放在SoundCloud账户上。 6lack几乎没有什么经济保障，他大部分时间都在工作室或外面的街道上睡觉，之后则搬到迈阿密去处理唱片公司的音乐。由于艺术许可和管理方面的问题，6lack最终离开了唱片公司。\n2015年，6lack宣布他与EarthGang成员一起生活后加入了音乐集体Spillage Village，并于2015年出现在Spillage Village EP的四首歌里面，名为Bears Like This Too。之后签下了LoveRenaissance和Interscope Records。\n2016年11月，Rolling Stone将6lack列入“你需要知道的10位新艺术家”名单。然后，他发行了他的首张录音室专辑Free 6lack，在Billboard 前200排行榜上排名第34位。专辑的单曲“Prblms”在Billboard Hot 100排行榜上排名第73，这张唱片成为他的第一张白金唱片。\n2017年4月，他做了加拿大歌手The Weeknd北美的秋季传奇之旅的开场嘉宾。\n2018年4月，他与Khalid和Ty Dolla Sign发布了单曲“OTW”，在Billboard Hot 100上达到了第57名。“OTW”成为6lack在音乐榜上排名最高的单曲。\n2018年6月22日，发行第二张专辑“Switch”，并于7月16日发行了一段音乐视频。8月17日，“Nonchalant”伴随着音乐视频作为专辑的第二首单曲发行。9月14日，6lack发行了他的第二张录音室专辑“东亚特兰大情书”，邀请Future，J。Cole，Offset和Khalid来客串演出。专辑发行之前他创作了单曲“Switch”和“Nonchalant”。10月，6lack开始了推广专辑的巡回演出，开场嘉宾为THEY，Tierra Whack，Boogie，Deante'Hitchcock，Summer沃克和阿里伦诺克斯。6lack后来出现在其他几首歌曲中，如Normani的“Waves”。\n荣誉记录：2019年VMA 获得最佳R&B音乐录影带\n",
 "remarks": "本词条内容暂未完善仅供参考，多频百科小编正在火速赶来",
 "remarksEn": "本词条内容暂未完善仅供参考，多频百科小编正在火速赶来",
 "status": 0,
 "clickNum": 0,
 "deleted": 0,
 "lang": 0,
 "chooseLang": false,
 "id": 298,
 "name": "6LACK",
 "picture": "http://y.gtimg.cn/music/photo_new/T001R300x300M000001bqik12cu2gK.jpg?max_age=2592000",
 "originalName": "",
 "nationality": "美国",
 "birthplace": "美国马里兰州巴尔的摩",
 "birthday": "1992年06月24日",
 "profession": "说唱歌手、作曲家",
 "typeId": 12,
 "typeName": "艺人",
 "dataId": 298,
 "url": "http://dropinapp.hearinmusic.com/#/ency?typeId=12&dataId=298"
}