{
 "pageNum": 1,
 "pageSize": 10,
 "params": {},
 "content": "７４０　Ｂｏｙｚ，欧美男子组合，代表作《Ｓｈａｋｅ　Ｙａ　Ｓｈｉｍｍｙ》。\n",
 "remarks": "本词条内容暂未完善仅供参考，多频百科小编正在火速赶来",
 "remarksEn": "本词条内容暂未完善仅供参考，多频百科小编正在火速赶来",
 "status": 0,
 "clickNum": 0,
 "deleted": 0,
 "lang": 0,
 "chooseLang": false,
 "id": 304,
 "name": "740 Boyz",
 "picture": "http://y.gtimg.cn/music/photo_new/T001R300x300M000003AS0Kt0V4R6y.jpg?max_age=2592000",
 "originalName": "",
 "nationality": "",
 "birthplace": "",
 "birthday": "",
 "profession": "",
 "typeId": 12,
 "typeName": "艺人",
 "dataId": 304,
 "url": "http://dropinapp.hearinmusic.com/#/ency?typeId=12&dataId=304"
}