{
 "pageNum": 1,
 "pageSize": 10,
 "params": {},
 "content": "<p>7Grams简介 游戏电音系列作者，作品有拳皇97G，植物大战僵尸BOOTLEG，炉石传说，三国杀等，第一位登陆Ultra音乐节迈阿密站与欧洲站的内地华人艺人。</p>",
 "remarks": "本词条内容暂未完善仅供参考，多频百科小编正在火速赶来",
 "remarksEn": "本词条内容暂未完善仅供参考，多频百科小编正在火速赶来",
 "status": 0,
 "clickNum": 1,
 "deleted": 0,
 "lang": 0,
 "chooseLang": false,
 "id": 308,
 "name": "7Grams",
 "picture": "http://y.gtimg.cn/music/photo_new/T001R300x300M000003vODok1RJTos.jpg?max_age=2592000",
 "originalName": "",
 "nationality": "",
 "birthplace": "",
 "birthday": "",
 "profession": "游戏电音系列作者",
 "referenceUrl": "https://y.qq.com/n/yqq/singer/003vODok1RJTos.html；",
 "typeId": 12,
 "typeName": "艺人",
 "dataId": 308,
 "url": "http://dropinapp.hearinmusic.com/#/ency?typeId=12&dataId=308"
}