{
 "pageNum": 1,
 "pageSize": 10,
 "params": {},
 "content": "8 Bit Weapon is a chiptune music band created by Seth Sternberger. The instrument set of 8 Bit Weapon consists primarily of old 8-bit and 16-bit computers (with 8 bit audio output) such as the Commodore VIC-20, Commodore 64, Commodore 128, Commodore Amiga 500, and the Apple II, as well as game consoles such as the Nintendo Entertainment System, Game Boy, Atari 2600, and an Intellivision synthesizer.\n8 Bit Weapon started around 1999 by remixing Commodore 64 SID tunes like Crazy Comets, M.U.L.E., and some Nintendo N.E.S. game music such as Super Mario Bros 2, and Metroid. Both the SID remixes can be heard on the album titled \"Confidential 1.0\" and the Nintendo remixes on the official 8 Bit Weapon website. Later on, 8 Bit weapon began writing original music using the C64, Nintendo Game Boy, and N.E.S., as well as other 8 bit consoles and computers.\n8 Bit Weapon has become well known recently after favorable coverage in the Los Angeles Times, A live performance on G4's Attack of the Show, and performances at E3 2004, 2005, and 2006. The project with Nokia is the soundtrack for Reset Generation (previously known under the code name \"Project White Rock\"), a game by RedLynx for N-Gage 2.0 and PCs. \nXbox’s exclusive Halo 2 E3 2004 preview event had its own soundtrack written and produced by 8 Bit Weapon. The score was 15 minutes long and was played continuously in the gaming area of the party.\n8 Bit Weapon has also remixed music for Erasure, Information Society, and Kraftwerk. \nIn July 2007, 8 Bit Weapon was hired to perform at Commodore's 25th anniversary party for the Commodore 64 computer.\n",
 "remarks": "本词条内容暂未完善仅供参考，多频百科小编正在火速赶来",
 "remarksEn": "本词条内容暂未完善仅供参考，多频百科小编正在火速赶来",
 "status": 0,
 "clickNum": 0,
 "deleted": 0,
 "lang": 0,
 "chooseLang": false,
 "id": 331,
 "name": "8-Bit Weapon",
 "picture": "http://y.gtimg.cn/music/photo_new/T001R300x300M000003Sf1T01JYssb.jpg?max_age=2592000",
 "originalName": "",
 "nationality": "",
 "birthplace": "",
 "birthday": "",
 "profession": "",
 "typeId": 12,
 "typeName": "艺人",
 "dataId": 331,
 "url": "http://dropinapp.hearinmusic.com/#/ency?typeId=12&dataId=331"
}