{
 "pageNum": 1,
 "pageSize": 10,
 "params": {},
 "content": "团员组成：格雷厄姆·马西、杰拉德·辛普森、马丁·普赖斯\n团员人数：3\n808 State是英国的电子乐队，在曼彻斯特成立于1988年。他们的名字来源于Roland TR-808鼓器和成员间所共有的\"意志\"之意 。\n从艺历程：1987年在曼彻斯特成立，他们的名字来自Roland TR-808鼓器。\n1988年9月发行了他们的首张专辑Newbuild。\n1989年7月录制了EP，Quadrastate。\nMC Tunes在1990年的专辑The North At Its Heights与乐队合作，这张专辑取得了一定的成功，在英国专辑图表中排名第26 ，并且还发行了欧洲和日本版本。\n1991年10月，普莱斯离开集团进行单独制作，最终形成了自己的品牌Sun Text。剩下的成员发行了第四张名为Gorgeous的专辑，之后，为David Bowie，Soundgarden和其他表演者做了一些混音工作，然后在1996年以专辑“ Don Solaris”的形式回归。它以詹姆斯·迪恩·布拉德菲尔德的作品为特色，他演唱了人声“Lopez”，在英国单打榜上排名第20位。\n2003年，他们发布了Outpost Transmission，其中包括来自Alabama 3的客户合作以及来自Elbow的Guy Garvey。\n2008年5月，Quadrastate专辑的重新发行首次在CD上完成了ZTT之前的三部曲。乐队仍然活跃，巡演和表演DJ集。\n2015年1月，Partington因涉嫌贩卖海洛因和可卡因而被判入狱18个月后离开了乐队。\n2018年4月，其余成员宣布将于11月/ 12月举行全新的30周年巡回演唱会。\n荣誉记录：英国最长命的泰克诺乐队之一\n专辑The North At Its Heights，在英国专辑图表中排名第26\n",
 "remarks": "本词条内容暂未完善仅供参考，多频百科小编正在火速赶来",
 "remarksEn": "本词条内容暂未完善仅供参考，多频百科小编正在火速赶来",
 "status": 0,
 "clickNum": 1,
 "deleted": 0,
 "lang": 0,
 "chooseLang": false,
 "id": 321,
 "name": "808 State",
 "picture": "http://y.gtimg.cn/music/photo_new/T001R300x300M000002dvHr14BSFEq.jpg?max_age=2592000",
 "originalName": "",
 "nationality": "英国",
 "birthplace": "",
 "birthday": "",
 "profession": "电子音乐团体",
 "typeId": 12,
 "typeName": "艺人",
 "dataId": 321,
 "url": "http://dropinapp.hearinmusic.com/#/ency?typeId=12&dataId=321"
}