{
 "pageNum": 1,
 "pageSize": 10,
 "params": {},
 "content": "Charles Misodi Njapa以他的艺名88-Keys而闻名，是来自纽约市的美国唱片制作人和说唱歌手。\n",
 "remarks": "本词条内容暂未完善仅供参考，多频百科小编正在火速赶来",
 "remarksEn": "本词条内容暂未完善仅供参考，多频百科小编正在火速赶来",
 "status": 0,
 "clickNum": 0,
 "deleted": 0,
 "lang": 0,
 "chooseLang": false,
 "id": 324,
 "name": "88-Keys",
 "picture": "http://y.gtimg.cn/music/photo_new/T001R300x300M000003DK8iU290M9x.jpg?max_age=2592000",
 "originalName": "Charles Misodi Njapa",
 "nationality": "美国",
 "birthplace": "",
 "birthday": "",
 "profession": "唱片制作人、说唱歌手",
 "typeId": 12,
 "typeName": "艺人",
 "dataId": 324,
 "url": "http://dropinapp.hearinmusic.com/#/ency?typeId=12&dataId=324"
}