{
 "pageNum": 1,
 "pageSize": 10,
 "params": {},
 "content": "88rising是亚洲最具代表性的前瞻思想艺术家和创作者汇集的开拓性媒体平台之一，以连接东西方文化为主旨的88rising以其“大量病毒式传播的视频点击和与美国知名艺术家合作”而闻名。\n实际上，88rising这个由亚洲顶尖艺人组成的世界级城堡，和中国有着千丝万缕的联系：\n去年10月，吴亦凡发布的进军美国音乐市场的首支单曲《deserve》，正是88rising暗中策划的作品。\n今年1月，吴亦凡还与88rising合作了单曲《18》。\n还有中国内地说唱组合Higher Brothers（海尔兄弟），也是在与88rising签约后，走出国门，收获了大量全球各地的粉丝。\n以及正在热播的《中国新说唱》，热门夺冠选手Lexie刘柏辛，也是刚在上个月与88rising签约，有望成为一位新锐国际女rapper。\n公司历史：88rising由肖恩·宫代于2015年成立。公司最初以CXSHXNLY的名称，起步于音乐组织和经纪公司，并开始广泛注意及接触他们在网络上发现的崭露头角的艺人。CXSHXNLY起初的艺人包含了布赖恩·普斯波斯、Dumbfoundead、Josh Pan和金志龙。肖恩·宫代说他们音乐队队的目标是“成为最狂热积极、最标志性的组合”，并“试图代表所有移民、而不仅仅代表亚洲移民而已”。\n2015年，Dumbfoundead向肖恩·宫代展示了Keith Ape单曲的MV“It G Ma”，于是肖恩·宫代与他们进行单曲的重新混音，并请速可达福星、Father及Waka Flocka Flame跨刀。重新混音的单曲鱼2015年7月27日由OWSLA发行，MV则由Complex首播。而这张单曲，也借由风险投资公司“第三波数位”的创办人艾伦·德伯瓦思所领导的一组投资人，成功帮助CXSHXNLY筹集了第一轮资金。\n2016年5月，公司将其第一个影片以88rising的名义上传到YouTube，并开始与其他艺人合作，包含Rich Brian、Joji和Higher Brothers（海尔兄弟）。\n2017年5月，WPP集团宣布已经对88rising进行战略性投资。2017年11月，88rising宣布将在亚洲巡回演出，阵容包括Rich Brian、Joji和Higher Brothers（海尔兄弟），并在亚洲九个主要城市停留：首尔、北京、上海、成都、曼谷、新加坡、吉隆坡、马尼拉及雅加达。\n2018年2月，88rising在旧金山的沃菲尔德剧院、洛杉矶的神殿大会堂和纽约的Terminal 5举行了北美巡演，主要的阵容包含Rich Brian、Joji、Keith Ape和Higher Brothers（海尔兄弟），并加入其他特别嘉宾，像是查莉·XCX及Ski Mask the Slump God。2018年7月20日，88rising 发行了他们的首张全明星专辑Head in the Clouds，专辑收录了17手曲目，歌手主要为88rising旗下艺人，并邀请其他歌手跨刀，包括GoldLink、Playboi Carti、BlocBoy JB、03 Greedo、Verbal。\n",
 "remarks": "本词条内容暂未完善仅供参考，多频百科小编正在火速赶来",
 "remarksEn": "本词条内容暂未完善仅供参考，多频百科小编正在火速赶来",
 "status": 0,
 "clickNum": 2,
 "deleted": 0,
 "lang": 0,
 "chooseLang": false,
 "id": 325,
 "name": "88rising",
 "picture": "http://y.gtimg.cn/music/photo_new/T001R300x300M000000pSP9m2qe815.jpg?max_age=2592000",
 "originalName": "",
 "nationality": "",
 "birthplace": "",
 "birthday": "",
 "profession": "",
 "typeId": 12,
 "typeName": "艺人",
 "dataId": 325,
 "url": "http://dropinapp.hearinmusic.com/#/ency?typeId=12&dataId=325"
}