{
 "pageNum": 1,
 "pageSize": 10,
 "params": {},
 "content": "团员组成：RedLee、J-King、DTO Tha Lunatic、How-Z、BatOne\n团员人数：5\n8Ball（八号球）是一个台湾嘻哈团体，成员包括RedLee、J-King、DTO Tha Lunatic、How-Z、BatOne。\n",
 "remarks": "本词条内容暂未完善仅供参考，多频百科小编正在火速赶来",
 "remarksEn": "本词条内容暂未完善仅供参考，多频百科小编正在火速赶来",
 "status": 0,
 "clickNum": 2,
 "deleted": 0,
 "lang": 0,
 "chooseLang": false,
 "id": 326,
 "name": "8Ball",
 "picture": "http://y.gtimg.cn/music/photo_new/T001R300x300M000003zZ7iy3sms1d.jpg?max_age=2592000",
 "originalName": "八号球",
 "nationality": "中国",
 "birthplace": "",
 "birthday": "",
 "profession": "",
 "typeId": 12,
 "typeName": "艺人",
 "dataId": 326,
 "url": "http://dropinapp.hearinmusic.com/#/ency?typeId=12&dataId=326"
}