{
 "pageNum": 1,
 "pageSize": 10,
 "params": {},
 "content": "\n基本信息：中文片名 8毫米\n演职员表：\n尼古拉斯·凯奇：\n杰昆·菲尼克斯：\n詹姆斯·甘多菲尼：\n制作发行：摄影机 Beaulieu Cine 8 (8 mm footage) \n剧情介绍：你相信一卷看似无奇的八毫米影片，却是让你卷入罪恶深渊的媒介吗？汤姆·威勒是个传奇性的监视专家，他住在宾州，有个心爱的老婆爱咪和宝贝女儿辛蒂。汤姆·威勒平日以接一些无危险性的外遇案件维生，但是他心中很渴望遇上一个能证明他专业能力的契机。直到一天，一卷看似安全又小巧的八毫米影带将汤姆·威勒正常的生活完全给颠覆到社会的黑暗面中，并一步步诱引他陷入一场比一场更险恶的危机中。不管汤姆·威勒走到哪里，他都无法将影片上那个怪异又生动的陌生女孩形象给忘记，于是陷入良心不安的情境中。直到一个成人书店的店员麦克斯激发了他放弃家人而前往调查真相的勇气。汤姆·威勒将会发现一卷小小的八毫米影片，竟是他所无法想像的致命梦魇。 \n精彩评论：·You can&apos;t prepare for where the truth will take you. \n幕后制作：请来Nicholas Cage，导演Joel Schumacher力图以本片洗刷此前因被评论界诟病的蝙蝠侠影片所带来的耻辱。本片构思精妙，视觉冲击强烈，融合了悬念与色情，是窥视题材的又一代表作。  \n扩展阅读：\n制作成本：\n版权所有：\n制作周期：\n摄影机：\n摄制格式：\n洗印格式：\n幅面：\n混音：\nMPAA评级：\n级别：\n",
 "remarks": "本词条内容暂未完善仅供参考，多频百科小编正在火速赶来",
 "remarksEn": "本词条内容暂未完善仅供参考，多频百科小编正在火速赶来",
 "status": 0,
 "clickNum": 0,
 "deleted": 0,
 "lang": 0,
 "chooseLang": false,
 "id": 338,
 "name": "8mm",
 "picture": "http://y.gtimg.cn/music/photo_new/T001R300x300M000000eEIBK3tP9BG.jpg?max_age=2592000",
 "originalName": "",
 "nationality": "",
 "birthplace": "",
 "birthday": "",
 "profession": "",
 "typeId": 12,
 "typeName": "艺人",
 "dataId": 338,
 "url": "http://dropinapp.hearinmusic.com/#/ency?typeId=12&dataId=338"
}