{
 "pageNum": 1,
 "pageSize": 10,
 "params": {},
 "content": "团员人数：3\n团员组成：Lee Brennan、Jimmy Constable、Spike Dawbarn\n911乐队是英国的流行音乐团体，成立于1995年，1996年5月公布了他们的首张单曲。他们在2000年解散，但是在2005年重新组合。\n从艺历程：1995年，在伦敦成立\n1996年，5月发行了首张单曲“ Night to Remember ”。\n1997年，3月发行了首张专辑“ The Journey”。\n1998年，发行第二张专辑 “Moving On”。\n1999年，发行第三张专辑“There It Is”。\n2000年，宣布解散。\n2008年，他们合体表演了\"Bodyshakin'\".\n2013年，9月复出单曲“ 2 Hearts 1 Love ”和复出专辑《Illuminate... (The Hits and More)》一起发行。\n2014年，911成为了他们自己的英国巡回演唱会的主题-The Illuminate: The Hits and More Tour\n",
 "remarks": "本词条内容暂未完善仅供参考，多频百科小编正在火速赶来",
 "remarksEn": "本词条内容暂未完善仅供参考，多频百科小编正在火速赶来",
 "status": 0,
 "clickNum": 2,
 "deleted": 0,
 "lang": 0,
 "chooseLang": false,
 "id": 6,
 "name": "911",
 "picture": "http://y.gtimg.cn/music/photo_new/T001R300x300M000000ynhTe2BAPW0.jpg?max_age=2592000",
 "originalName": "",
 "nationality": "英国",
 "birthplace": "",
 "birthday": "",
 "profession": "",
 "typeId": 12,
 "typeName": "艺人",
 "dataId": 6,
 "url": "http://dropinapp.hearinmusic.com/#/ency?typeId=12&dataId=6"
}