{
 "pageNum": 1,
 "pageSize": 10,
 "params": {},
 "content": "美国流行音乐人，歌手。\n",
 "remarks": "本词条内容暂未完善仅供参考，多频百科小编正在火速赶来",
 "remarksEn": "本词条内容暂未完善仅供参考，多频百科小编正在火速赶来",
 "status": 0,
 "clickNum": 0,
 "deleted": 0,
 "lang": 0,
 "chooseLang": false,
 "id": 344,
 "name": "93FEETOFSMOKE",
 "picture": "http://y.gtimg.cn/music/photo_new/T001R300x300M000004Qz8m94SbSAq.jpg?max_age=2592000",
 "originalName": "",
 "nationality": "美国",
 "birthplace": "",
 "birthday": "",
 "profession": "音乐人，歌手",
 "typeId": 12,
 "typeName": "艺人",
 "dataId": 344,
 "url": "http://dropinapp.hearinmusic.com/#/ency?typeId=12&dataId=344"
}