{
 "pageNum": 1,
 "pageSize": 10,
 "params": {},
 "content": "外文名：96Neko\n96猫，1993年3月30日出生，是一名于日本影片弹幕网站NICONICO动画活跃的女歌手，在NICONICO动画之中也经常被列为多声类歌手。96猫其主要多是重新翻唱音域较为低沉的VOCALOID歌曲为主，但可以随心所欲 、变换自如声线（例如：少年音、可爱的阿嬷、性感的大姐姐……），其中又因为喜欢镜音连所以借由镜音铃、连所创作的歌曲占大多数。而除了个人发表演唱之外，96猫也经常与同样作为网络歌手的vip店长合唱，或者是与原本歌曲中的镜音连语音来混音。\n从艺历程：2009年开始在日本视频网站niconico上投稿翻唱作品。\n声音性感、色气，极具个人魅力（甚至拥有庞大数量的粉丝群），歌曲表现音域广泛。 由于平时的声质中气十足、分辨性强（在众多背景音能很清晰的分辨出）而偏中性，从听者那里经常得到与「沢城みゆき（泽城美雪）」、「朴璐美」、「田中真弓」等人相似的评价。\n有语速很快但是发音依旧非常清晰并且能保持不同声线这一特技。低音部分更能体现出她本身的音色，很多难表达的低音都能轻松唱出来，但是同样的高音也毫不含糊。96猫的高音是悠扬而具有穿透性的，非常高的key也可以不降调的唱上去。目前已开发出的声线有：软妹音，御姐音，少年音（最接近于平时的声线），低沉的男声，清脆的少女音，略显扁平的少女音，刚成年的女性略显稚嫩的声音，女王音，欧巴桑（年老女性的日语发声）卖萌的声音。\n作为歌手的首支出道单曲为2017年3月15日（水）贩售的人渣的本愿的OP《嘘の火花》。\n现已作为虚拟YouTuber出道，为与唱见身份区别名称定为“V96猫”。\n",
 "remarks": "本词条内容暂未完善仅供参考，多频百科小编正在火速赶来",
 "remarksEn": "本词条内容暂未完善仅供参考，多频百科小编正在火速赶来",
 "status": 0,
 "clickNum": 1,
 "deleted": 0,
 "lang": 0,
 "chooseLang": false,
 "id": 347,
 "name": "96猫 (クロネコ)",
 "picture": "http://y.gtimg.cn/music/photo_new/T001R300x300M000001rKooc3MH9Do.jpg?max_age=2592000",
 "originalName": "96、96酱（くろちゃん）、枣（ナツメ）",
 "nationality": "日本",
 "birthplace": "",
 "birthday": "1993年03月30日",
 "profession": "唱见、歌手",
 "typeId": 12,
 "typeName": "艺人",
 "dataId": 347,
 "url": "http://dropinapp.hearinmusic.com/#/ency?typeId=12&dataId=347"
}