{
 "pageNum": 1,
 "pageSize": 10,
 "params": {},
 "content": " 99 God，内地说唱歌手。\n",
 "remarks": "本词条内容暂未完善仅供参考，多频百科小编正在火速赶来",
 "remarksEn": "本词条内容暂未完善仅供参考，多频百科小编正在火速赶来",
 "status": 0,
 "clickNum": 1,
 "deleted": 0,
 "lang": 0,
 "chooseLang": false,
 "id": 348,
 "name": "99 God",
 "picture": "http://y.gtimg.cn/music/photo_new/T001R300x300M0000032WGHX47L3JZ.jpg?max_age=2592000",
 "originalName": "",
 "nationality": "中国",
 "birthplace": "",
 "birthday": "1999年03月24日",
 "profession": "歌手",
 "typeId": 12,
 "typeName": "艺人",
 "dataId": 348,
 "url": "http://dropinapp.hearinmusic.com/#/ency?typeId=12&dataId=348"
}