{
 "pageNum": 1,
 "pageSize": 10,
 "params": {},
 "content": "9cigK & Abycc简介\n德国柏林说唱双人组合9cigk & Abycc\n类型\nRap/Trap\n",
 "remarks": "本词条内容暂未完善仅供参考，多频百科小编正在火速赶来",
 "remarksEn": "本词条内容暂未完善仅供参考，多频百科小编正在火速赶来",
 "status": 0,
 "clickNum": 0,
 "deleted": 0,
 "lang": 0,
 "chooseLang": false,
 "id": 349,
 "name": "9cigK & Abycc",
 "picture": "http://y.gtimg.cn/music/photo_new/T001R300x300M000002jlvTe3dWbnD.jpg?max_age=2592000",
 "originalName": "",
 "nationality": "",
 "birthplace": "",
 "birthday": "",
 "profession": "",
 "typeId": 12,
 "typeName": "艺人",
 "dataId": 349,
 "url": "http://dropinapp.hearinmusic.com/#/ency?typeId=12&dataId=349"
}