{
 "pageNum": 1,
 "pageSize": 10,
 "params": {},
 "content": "9ELECTRIC简介\n美国摇滚团 9ELECTRIC\n乐队成员\nRon Underwood - 主唱Mikey Lopez - 吉他Ginny Eck - 贝斯\n",
 "remarks": "本词条内容暂未完善仅供参考，多频百科小编正在火速赶来",
 "remarksEn": "本词条内容暂未完善仅供参考，多频百科小编正在火速赶来",
 "status": 0,
 "clickNum": 0,
 "deleted": 0,
 "lang": 0,
 "chooseLang": false,
 "id": 351,
 "name": "9ELECTRIC",
 "picture": "http://y.gtimg.cn/music/photo_new/T001R300x300M000001pZzcd0aNtkl.jpg?max_age=2592000",
 "originalName": "",
 "nationality": "",
 "birthplace": "",
 "birthday": "",
 "profession": "",
 "typeId": 12,
 "typeName": "艺人",
 "dataId": 351,
 "url": "http://dropinapp.hearinmusic.com/#/ency?typeId=12&dataId=351"
}