{
 "pageNum": 1,
 "pageSize": 10,
 "params": {},
 "content": "Patrick Douthit (born January 15, 1975 in Winston-Salem, North Carolina), better known as 9th Wonder is a hip hop record producer, record executive, DJ, lecturer, and rapper from Durham, North Carolina, U.S. He began his career as the main producer for the group Little Brother, and has also worked with Mary J. Blige, Jean Grae, Wale, Jay-Z, Murs, Drake, Buckshot, Chris Brown, Destiny's Child, J. Cole, Kendrick Lamar, Erykah Badu, Ludacris, Mac Miller, David Banner, and Lecrae. As of 2010, 9th Wonder raps under the name of 9thmatic.\n9th Wonder has a smooth and soulful production style that relies on samples from artists such as Al Green and Curtis Mayfield. He attributes the bass lines that he uses in production to DJ Premier, Pete Rock and J Dilla, while he claims to have learned the sampling of \"Wails and moans\" from other works of music and where to position them in his songs from RZA.\n",
 "remarks": "本词条内容暂未完善仅供参考，多频百科小编正在火速赶来",
 "remarksEn": "本词条内容暂未完善仅供参考，多频百科小编正在火速赶来",
 "status": 0,
 "clickNum": 0,
 "deleted": 0,
 "lang": 0,
 "chooseLang": false,
 "id": 357,
 "name": "9th Wonder",
 "picture": "http://y.gtimg.cn/music/photo_new/T001R300x300M000001Tvoy010Gg7L.jpg?max_age=2592000",
 "originalName": "",
 "nationality": "",
 "birthplace": "",
 "birthday": "",
 "profession": "",
 "typeId": 12,
 "typeName": "艺人",
 "dataId": 357,
 "url": "http://dropinapp.hearinmusic.com/#/ency?typeId=12&dataId=357"
}