{
 "pageNum": 1,
 "pageSize": 10,
 "params": {},
 "content": "原名：Terrance Hamlin\n唱片公司：Wu Music Group\n出道地点：纽约史坦顿岛\n活跃年代：1995年-至今\n音乐类型：Hip Hop\n9th Prince（出生名Terrance Hamlin）是一名说唱歌手和说唱组合Killarmy创始成员之一。他最初是在他哥哥的指引下，负责把各种各样的成员联系在一起的。2003年他发行了他自己首张专辑《Granddaddy Flow》。他是RZA的弟弟。尤其是在他早期的录音，他用了化名Madman＆Iron Fingers。9th Prince得到他这个名字是从功夫电影《Shaolin Prince》里。他一直努力制作一张与自己的团队结合的专辑，并帮助发行一张最成功的专辑。\n个人作品：唱片\n2003年《Grandaddy Flow》\n2008年《Prince Of New York》\n2010年《Revenge Of The 9th Prince》\n2010年《One Man Army 2010》\n2011年《Salute The General EP》\n2014年《Shaolin Prince》\n",
 "remarks": "本词条内容暂未完善仅供参考，多频百科小编正在火速赶来",
 "remarksEn": "本词条内容暂未完善仅供参考，多频百科小编正在火速赶来",
 "status": 0,
 "clickNum": 0,
 "deleted": 0,
 "lang": 0,
 "chooseLang": false,
 "id": 356,
 "name": "9th Prince",
 "picture": "http://y.gtimg.cn/music/photo_new/T001R300x300M00000408wAV0kvhHg.jpg?max_age=2592000",
 "originalName": "Madman＆Iron Fingers",
 "nationality": "",
 "birthplace": "",
 "birthday": "",
 "profession": "说唱歌手",
 "typeId": 12,
 "typeName": "艺人",
 "dataId": 356,
 "url": "http://dropinapp.hearinmusic.com/#/ency?typeId=12&dataId=356"
}