{
 "pageNum": 1,
 "pageSize": 10,
 "params": {},
 "content": "外文名：A. R. Rahman|அல்லா ரக்கா ரஹ்மான்\n阿拉·雷卡·拉赫曼（泰米尔语：அல்லா ரக்கா ரஹ்மான்，1966年1月6日－）是印度一位音乐家。他于20世纪90年代开始从事电影配乐，曾获得过14次印度电影观众奖、2次奥斯卡金像奖、2次格莱美奖、1次英国电影学院奖、1次金球奖。\n出生于印度泰米尔纳德邦金奈一个泰米尔人家庭。其父亲R. K. Shekhar是一位给马拉雅拉姆语和泰米尔语电影配乐的作曲家。他受家庭影响，很早就接触了音乐乐器的学习。曾在英国圣三一音乐学院学习古典音乐。\n荣誉记录：其实看一下他所保留下来的奖杯，你就不得不认为他的整个房子的存在就只是为了陈列它们。1992，在他24岁的时候，影片“Roja”为他赢得的“国际最佳音乐指导奖”，5年后他又因“Minaret Kanavu”再次得此誉荣。在92，93，94年在“Governor of Tamil Nadu”获得“Stele Purashkar奖”，92，93，94，95年获得“洲际奖”，和从1992开始所获得的到现在所获得的“电影票房奖”等各项奖。还有其他一些像“电影院表演奖”，“赖其-瑞迪奖”。“拉吉夫甘地奖”以及“荧屏奖”(和专集)。还有在世纪之交，为了奖励与感谢拉曼为印度音乐所做的贡献，拉曼被印度总统授予“最高平民荣誉-帕迪-歇尔奖”。\n2002年A.R. Rahman 担任何平导演的武侠电影《天地英雄》一片的配乐。\n2009年2月23日，第81届奥斯卡颁奖礼（ 81st Annual Academy Awards ）当地时间2月22日举行。印度作曲家A.R. Rahman 凭借《贫民窟的百万富翁》获得最佳原创歌曲奖（Original Song）。\n人物生平：Rahman在牛津大学获得西方古典音乐的学位，他出生于音乐世家。他的父亲R.K. Shekar,也是电影音乐的作曲家。虽然Rahman仅年逾三十，他已为50多部电影创作过音乐，并在印度影坛屡获大奖，并获得印度公民的最高荣誉，印度总统授予的“Padma Shree”，他的音乐在全世界的销量已超过一亿张专辑。\n",
 "remarks": "本词条内容暂未完善仅供参考，多频百科小编正在火速赶来",
 "remarksEn": "本词条内容暂未完善仅供参考，多频百科小编正在火速赶来",
 "status": 0,
 "clickNum": 1,
 "deleted": 0,
 "lang": 0,
 "chooseLang": false,
 "id": 420,
 "name": "A  R  Rahman",
 "picture": "http://y.gtimg.cn/music/photo_new/T001R300x300M000004L8x2k0oVwVh.jpg?max_age=2592000",
 "originalName": "A.R拉曼, Allah Rakha Rahman",
 "nationality": "印度",
 "birthplace": "马德拉斯",
 "birthday": "1966年01月06日",
 "profession": "作曲家，音乐制作人，音乐总监，歌手",
 "typeId": 12,
 "typeName": "艺人",
 "dataId": 420,
 "url": "http://dropinapp.hearinmusic.com/#/ency?typeId=12&dataId=420"
}