{
 "pageNum": 1,
 "pageSize": 10,
 "params": {},
 "content": "原名：Artist J. Dubose\nA Boogie Wit Da Hoodie（原名为：Artist J. Dubose），1995年12月6日出生于美国纽约，美国说唱歌手。\n从艺历程：Dubose在纽约长大，在接触了Kanye West和50 Cent之后，于十二岁开始说唱。考入Eagle Academy之后，作为大一新生，开始尝试制作歌曲并进行表演。\n2014年，发行第一支单曲“Temporary”。\n2015年，同Don Q, Quincy \"QP\" Acheampong以及Bubba一起创立了厂牌“ Highbridge the Label”。\n2016年10月，发行首张EP“TBA”。\n2017年9月29日，他推出了首张录音室专辑“The Bigger Artist”。\n2018年12月21日，发行第二张专辑“Hoodie SZN”。\n2020年2月14日，发布第三张专辑“Artist 2.0”，纪念1.0以及女儿的三岁生日。\n荣誉记录：单曲“ Numbers ”在Billboard Hot 100上排名第23 位。\n首张录音室专辑“The Bigger Artist”在Billboard 200 chart占据第四位。\n第三张录音室专辑“Artist 2.0“”在Billboard 200 上排名第二。\n",
 "remarks": "本词条内容暂未完善仅供参考，多频百科小编正在火速赶来",
 "remarksEn": "本词条内容暂未完善仅供参考，多频百科小编正在火速赶来",
 "status": 0,
 "clickNum": 0,
 "deleted": 0,
 "lang": 0,
 "chooseLang": false,
 "id": 360,
 "name": "A Boogie Wit Da Hoodie",
 "picture": "http://y.gtimg.cn/music/photo_new/T001R300x300M000002b7ocJ1OumzR.jpg?max_age=2592000",
 "originalName": "",
 "nationality": "美国",
 "birthplace": "美国纽约",
 "birthday": "1995年12月06日",
 "profession": "",
 "typeId": 12,
 "typeName": "艺人",
 "dataId": 360,
 "url": "http://dropinapp.hearinmusic.com/#/ency?typeId=12&dataId=360"
}