{
 "pageNum": 1,
 "pageSize": 10,
 "params": {},
 "content": "地区：大曼彻斯特Flixton\n音乐风格：后朋克|放克|朋克放克|舞曲摇滚|新浪潮|世界音乐\n活跃时间：1977年至今\n唱片公司：Factory|A&M|Rob's Records\n网址：www.acrmcr.com\nA Certain Ratio是1977年在大曼彻斯特Flixton成立的英国后朋克乐队。他们以他们的朋克/放克/工业/舞蹈导向的声音而闻名，这些声音主要依赖于迪斯科，放克和配音元素。和Factory Records签约了七年之后，他们又和A＆M唱片公司签约了两年，然后在20世纪90年代初回到独立唱片公司。自20世纪90年代末解散之后，他们在21世纪初重新零星地开始现场表演，并在2008年发行了一张新专辑。\n",
 "remarks": "本词条内容暂未完善仅供参考，多频百科小编正在火速赶来",
 "remarksEn": "本词条内容暂未完善仅供参考，多频百科小编正在火速赶来",
 "status": 0,
 "clickNum": 0,
 "deleted": 0,
 "lang": 0,
 "chooseLang": false,
 "id": 363,
 "name": "A Certain Ratio",
 "picture": "http://y.gtimg.cn/music/photo_new/T001R300x300M0000026P6uJ1tfh2o.jpg?max_age=2592000",
 "originalName": "ACR|Sir Horatio",
 "nationality": "英国",
 "birthplace": "",
 "birthday": "",
 "profession": "",
 "typeId": 12,
 "typeName": "艺人",
 "dataId": 363,
 "url": "http://dropinapp.hearinmusic.com/#/ency?typeId=12&dataId=363"
}