{
 "pageNum": 1,
 "pageSize": 10,
 "params": {},
 "content": "团员组成：Mike Score、Pando、Kevin Rankin、Gord Deppe\nA Flock Of Seagulls是一个英文的新浪潮乐队。\n",
 "remarks": "本词条内容暂未完善仅供参考，多频百科小编正在火速赶来",
 "remarksEn": "本词条内容暂未完善仅供参考，多频百科小编正在火速赶来",
 "status": 0,
 "clickNum": 0,
 "deleted": 0,
 "lang": 0,
 "chooseLang": false,
 "id": 369,
 "name": "A Flock Of Seagulls",
 "picture": "http://y.gtimg.cn/music/photo_new/T001R300x300M000002jJZxh2BJPVS.jpg?max_age=2592000",
 "originalName": "海鸥合唱团, 一群海鸥",
 "nationality": "英国",
 "birthplace": "",
 "birthday": "",
 "profession": "",
 "typeId": 12,
 "typeName": "艺人",
 "dataId": 369,
 "url": "http://dropinapp.hearinmusic.com/#/ency?typeId=12&dataId=369"
}