{
 "pageNum": 1,
 "pageSize": 10,
 "params": {},
 "content": "网站：guycalledgerald.com\nGerald Simpson（1967年2月16日出生），艺名A Guy Called Gerald，是英国DJ，唱片制作人和音乐家。 他是State 808的早期成员，后来单飞成名。 他最出名的是他早期在20世纪80年代末曼彻斯特的Acid House作品以及单曲\n",
 "remarks": "本词条内容暂未完善仅供参考，多频百科小编正在火速赶来",
 "remarksEn": "本词条内容暂未完善仅供参考，多频百科小编正在火速赶来",
 "status": 0,
 "clickNum": 0,
 "deleted": 0,
 "lang": 0,
 "chooseLang": false,
 "id": 372,
 "name": "A Guy Called Gerald",
 "picture": "http://y.gtimg.cn/music/photo_new/T001R300x300M000004QV4y11hh8n2.jpg?max_age=2592000",
 "originalName": "Gerald Simpson",
 "nationality": "英国",
 "birthplace": "曼彻斯特",
 "birthday": "1967年02月16日",
 "profession": "DJ、唱片制作人和音乐家",
 "typeId": 12,
 "typeName": "艺人",
 "dataId": 372,
 "url": "http://dropinapp.hearinmusic.com/#/ency?typeId=12&dataId=372"
}