{
 "pageNum": 1,
 "pageSize": 10,
 "params": {},
 "content": "A Hope For Home一只由6人组成的来自波兰的Hardcore的摇滚乐队，成立于06年。乐队成立的初衷是对情绪的一种发泄，而后乐队则逐渐走向商业化。\n",
 "remarks": "本词条内容暂未完善仅供参考，多频百科小编正在火速赶来",
 "remarksEn": "本词条内容暂未完善仅供参考，多频百科小编正在火速赶来",
 "status": 0,
 "clickNum": 0,
 "deleted": 0,
 "lang": 0,
 "chooseLang": false,
 "id": 374,
 "name": "A Hope For Home",
 "picture": "http://y.gtimg.cn/music/photo_new/T001R300x300M000002UgHej4G7prs.jpg?max_age=2592000",
 "originalName": "",
 "nationality": "",
 "birthplace": "",
 "birthday": "",
 "profession": "",
 "typeId": 12,
 "typeName": "艺人",
 "dataId": 374,
 "url": "http://dropinapp.hearinmusic.com/#/ency?typeId=12&dataId=374"
}