{
 "pageNum": 1,
 "pageSize": 10,
 "params": {},
 "content": "The band was formed on a summer night in 2006 as a result of an accidental meeting in a Mediterranean town. Soon after, these three people started recording in an empty flat. \nThese recordings were going to turn into album and we were going to decide that we were a music band.Our debut, The Funeral Album was released in 2007. Although it was firstly released as a digital self-release by us (without a record label and physical CDs) it seems that many people were interested in what we were doing.\nWe were signed to Fluttery Records in 2008 summer and we have released our latest album “Sorry Monsters, I Have To Grow” from this label. \nYes, we do live in different countries and we love what we do when we are together or apart.\nA Journey Down The Well: Anna Erneman, Taner Torun, Martin Bjelfvenstam\n",
 "remarks": "本词条内容暂未完善仅供参考，多频百科小编正在火速赶来",
 "remarksEn": "本词条内容暂未完善仅供参考，多频百科小编正在火速赶来",
 "status": 0,
 "clickNum": 0,
 "deleted": 0,
 "lang": 0,
 "chooseLang": false,
 "id": 376,
 "name": "A Journey Down The Well",
 "picture": "http://y.gtimg.cn/music/photo_new/T001R300x300M000004USj2C35o7te.jpg?max_age=2592000",
 "originalName": "",
 "nationality": "",
 "birthplace": "",
 "birthday": "",
 "profession": "",
 "typeId": 12,
 "typeName": "艺人",
 "dataId": 376,
 "url": "http://dropinapp.hearinmusic.com/#/ency?typeId=12&dataId=376"
}