{
 "pageNum": 1,
 "pageSize": 10,
 "params": {},
 "content": "原名：Alex Davidson\n唱片公司：New Retro Wave Records.、Playmaker.\n音乐风格：Electronica、Dance、Synthwave、EDM\nA L E X原名Alex Davidson，是一名出生于苏格兰的电子音乐制作人。\n",
 "remarks": "本词条内容暂未完善仅供参考，多频百科小编正在火速赶来",
 "remarksEn": "本词条内容暂未完善仅供参考，多频百科小编正在火速赶来",
 "status": 0,
 "clickNum": 0,
 "deleted": 0,
 "lang": 0,
 "chooseLang": false,
 "id": 378,
 "name": "A L E X",
 "picture": "http://y.gtimg.cn/music/photo_new/T001R300x300M0000010Qyh80CgU3f.jpg?max_age=2592000",
 "originalName": "",
 "nationality": "英国",
 "birthplace": "苏格兰",
 "birthday": "",
 "profession": "",
 "typeId": 12,
 "typeName": "艺人",
 "dataId": 378,
 "url": "http://dropinapp.hearinmusic.com/#/ency?typeId=12&dataId=378"
}