{
 "pageNum": 1,
 "pageSize": 10,
 "params": {},
 "content": "A Perfect Circle的历史是从另一支著名的摇滚乐队Tool开始的， 乐队的两个核心Maynard James Keenan和Billy Howerdel在组建A Perfect Circle乐队之前， 就分别是Tool乐队的主唱和吉他手。其中Billy Howerdel还曾经在Smashing Pumpkins和Nine Inch Nails两支大牌乐队工作过， 并且参加过世界著名的摇滚乐队Guns N' Roses的专辑《Live Era: '87-'93》的录制工作。\n",
 "remarks": "本词条内容暂未完善仅供参考，多频百科小编正在火速赶来",
 "remarksEn": "本词条内容暂未完善仅供参考，多频百科小编正在火速赶来",
 "status": 0,
 "clickNum": 0,
 "deleted": 0,
 "lang": 0,
 "chooseLang": false,
 "id": 383,
 "name": "A Perfect Circle",
 "picture": "http://y.gtimg.cn/music/photo_new/T001R300x300M000004CAfZD324eJv.jpg?max_age=2592000",
 "originalName": "",
 "nationality": "",
 "birthplace": "",
 "birthday": "",
 "profession": "",
 "typeId": 12,
 "typeName": "艺人",
 "dataId": 383,
 "url": "http://dropinapp.hearinmusic.com/#/ency?typeId=12&dataId=383"
}