{
 "pageNum": 1,
 "pageSize": 10,
 "params": {},
 "content": "A.R. Rahman简介\nA.R.Rahman是印度乐坛的重要人物之一，并迅速成为印度在世界乐坛的大使。在他众多作品当中，最引人注目的是享誉世界的《印度之行》(Lagaan)和音乐剧《孟买之梦》(Bombay Dreams)，Andrew Lloyd Webber担任制片，今年夏天在伦敦拉开帷幕。Rahman将现代音乐和传统东方旋律相结合的独特风格在西方引起了强烈反响。\n人物生平\nRahman在牛津大学获得西方古典音乐的学位，他出生于音乐世家。他的父亲R.K. Shekar,也是电影音乐的作曲家。虽然Rahman仅年逾三十，他已为50多部电影创作过音乐，并在印度影坛屡获大奖，并获得印度公民的最高荣誉，印度总统授予的“Padma Shree”，他的音乐在全世界的销量已超过一亿张专辑。拉曼的平淡只是一个表象。在国际音乐界已经荣获“印度音乐大使”之称的拉曼，即将超过100百万的CD销售量。这同世界上其他同行比起来，等于麦当娜，布兰妮加起来之和，与迈克尔-杰克逊齐名。一个艺术家所必须的还有拉曼的沉着与真挚。杰克逊有张近期的相片，是穿着一件印有拉曼图像的T恤，并印有“向你致敬志敬”的字样。Rahman还为由何平导演的电影《天地英雄》谱写了片尾曲《海市蜃楼》，由蔡依林演唱。\n获奖经历\n其实看一下他所保留下来的奖杯，你就不得不认为他的整个房子的存在就只是为了陈列它们。1992，在他24岁的时候，影片“Roja”为他赢得的“国际最佳音乐指导奖”，5年后他又因“Minaret Kanavu”再次得此誉荣。在92，93，94年在“Governor of Tamil Nadu”获得“Stele Purashkar奖”，92，93，94，95年获得“洲际奖”，和从1992开始所获得的到现在所获得的“电影票房奖”等各项奖。还有其他一些像“电影院表演奖”，“赖其-瑞迪奖”。“拉吉夫甘地奖”以及“荧屏奖”(和专集)。还有在世纪之交，为了奖励与感谢拉曼为印度音乐所做的贡献，拉曼被印度总统授予“最高平民荣誉-帕迪-歇尔奖”。2002年A.R. Rahman 担任何平导演的武侠电影《天地英雄》一片的配乐。2009年2月23日，第81届奥斯卡颁奖礼（ 81st Annual Academy Awards ）当地时间2月22日举行。印度作曲家A.R. Rahman 凭借《贫民窟的百万富翁》获得最佳原创歌曲奖（Original Song）。\n",
 "remarks": "本词条内容暂未完善仅供参考，多频百科小编正在火速赶来",
 "remarksEn": "本词条内容暂未完善仅供参考，多频百科小编正在火速赶来",
 "status": 0,
 "clickNum": 0,
 "deleted": 0,
 "lang": 0,
 "chooseLang": false,
 "id": 438,
 "name": "A R  Rahman",
 "picture": "http://y.gtimg.cn/music/photo_new/T001R300x300M000004DlkTo1Y3v0a.jpg?max_age=2592000",
 "originalName": "",
 "nationality": "",
 "birthplace": "",
 "birthday": "",
 "profession": "",
 "typeId": 12,
 "typeName": "艺人",
 "dataId": 438,
 "url": "http://dropinapp.hearinmusic.com/#/ency?typeId=12&dataId=438"
}