{
 "pageNum": 1,
 "pageSize": 10,
 "params": {},
 "content": "团员人数：3人\n主页：https://www.facebook.com/thisisarizonamusic\nA R I Z O N A是Atlantic Records旗下的美国新泽西州摇滚电流行乐团。 乐队的首张工作室专辑GALLERY于2017年5月发行，在Top Heatseekers上排名第4，在美国Alternative中排名第24，在Billboard 200中排名第143。\n荣誉记录：ARIZONA凭借《I Was Wrong》这首脍炙人口的歌曲积攒了大量人气，一个月之内就在Spotify上收获超过百万收听者\n",
 "remarks": "本词条内容暂未完善仅供参考，多频百科小编正在火速赶来",
 "remarksEn": "本词条内容暂未完善仅供参考，多频百科小编正在火速赶来",
 "status": 0,
 "clickNum": 0,
 "deleted": 0,
 "lang": 0,
 "chooseLang": false,
 "id": 391,
 "name": "A R I Z O N A",
 "picture": "http://y.gtimg.cn/music/photo_new/T001R300x300M000004EvPww43soY3.jpg?max_age=2592000",
 "originalName": "",
 "nationality": "美国",
 "birthplace": "",
 "birthday": "",
 "profession": "",
 "typeId": 12,
 "typeName": "艺人",
 "dataId": 391,
 "url": "http://dropinapp.hearinmusic.com/#/ency?typeId=12&dataId=391"
}