{
 "pageNum": 1,
 "pageSize": 10,
 "params": {},
 "content": "外文名：A Sunny Day in Glasgow\n团员组成：Ben Daniels，Josh Meakim，Annie Fredrickson，Jen Goma，Adam Herndon，Ryan Newmyer\n团员人数：6\nA Sunny Day in Glasgow是在宾夕法尼亚州费城成立的美国shoegazing乐队。该乐队成立于2006年，自那时起经历了许多阵容变化，Ben Daniels成为唯一不变的成员。\n从艺历程：A Sunny Day in Glasgow开始于朋友Ben Daniels和Ever Nalens之间的合作，他们最近在英国度过了几年后回到了费城。乐队的名字来自生活在格拉斯哥的 Nalens，Daniels在Nalens离开项目后保留了它。Daniels还要求他的双胞胎姐妹Robin和Lauren开始唱他们一直在演唱的歌曲。\n2006年3月，乐队收集了几首歌曲并将其发布为EP，标题为“有史以来最阳光的一天”。该EP收到的注意力从大学电台，图表上的数字1 NYU的WNYU，以及音乐博客，用干草叉媒介有助于早期，有利的审查。\n2006年，乐队与Notenuf唱片公司签约并最终在2007年2月发行了他们的首张LP，Scribble壁画漫画杂志。该唱片获得了Pitchfork Media广泛赞誉，并给出了“8.0”和“推荐”等级的评价。淹没在Sound中给这张专辑带来了“9/10”，并将其称为“年度专辑的竞争者”。该乐队从早期的录音会议中收集出来，并在2007年夏天将其发布为Tout New Age EP。\n2009年乐队发行了他们的第二个工作室LP，Ashes Grammar。在录音过程中，乐队被迫进行了几次改变。第一个变化来自于前贝斯手Brice Hickey在将设备装入他的车时摔倒，打破了他腿上的几块骨头。这让Ben Daniels录制了专辑中的低音部分，但也意味着主唱Robin Daniels不得不离开去照顾卧床不起的Hickey，她是她的男朋友。由于在科罗拉多州读研究生，Lauren Daniels也不得不离开这个小组，迫使Ben Daniels和吉他手/鼓手Josh Meakim招募歌手Annie Fredrickson，他也是一位受过古典音乐训练的大提琴家和钢琴家。专辑录制完成后，Ryan Newmyer加入贝司手，Meakim的朋友Adam Herndon担任鼓手。此外，通过他们的Myspace博客广告，乐队找到了另一位歌手Jen Goma。新阵容完成了Ashes会议的所有歌曲，并于2010年3月发布了Nitetime Rainbows EP，10月晚些时候发布了“ Autumn，Again ” \n2014年6月24日，他们发行了专辑“ Sea When Absent”。\n2015年11月13日，他们发布了双EP Planning Weed Like It's Acid / Life Is Loss.\n",
 "remarks": "本词条内容暂未完善仅供参考，多频百科小编正在火速赶来",
 "remarksEn": "本词条内容暂未完善仅供参考，多频百科小编正在火速赶来",
 "status": 0,
 "clickNum": 0,
 "deleted": 0,
 "lang": 0,
 "chooseLang": false,
 "id": 398,
 "name": "A Sunny Day In Glasgow",
 "picture": "http://y.gtimg.cn/music/photo_new/T001R300x300M000002H2Bkv3CzUHL.jpg?max_age=2592000",
 "originalName": "",
 "nationality": "美国",
 "birthplace": "",
 "birthday": "",
 "profession": "",
 "typeId": 12,
 "typeName": "艺人",
 "dataId": 398,
 "url": "http://dropinapp.hearinmusic.com/#/ency?typeId=12&dataId=398"
}