{
 "pageNum": 1,
 "pageSize": 10,
 "params": {},
 "content": "初始名：ABBA TEENS\n团员组成：Marie Serneholt、Amit Paul、Sara Lumholdt、Dhani Lennevald\n团员人数：4人\n阿巴少年组（A-Teens，标志化A*Teens)曾是一个来自瑞典斯德哥尔摩的流行乐组合。该组合于1998年由Niklas Berg以ABBA为原型创建，初始名为ABBA TEENS，随后改名为A-Teens。组合成员（图片从左至右）：Sara Lumholdt；Marie Serneholt；Dhani Lennevald 和Amit Paul。该乐队的首张独创专辑在01年取得了成功，并销售了超过600万份。\n在6年共事后，专辑Greatest Hits发行后组合在2004年宣布休息。来自该专辑的每个单曲都曾打入至少一个国家的前20强。\n从艺历程：The ABBA Generation(1999)\n1998年，Marie、Sara、Dhani和Amit组成了ABBA TEENS。随后，因ABBA成员Björn Ulvaeus和Benny Andersson的要求，组合随后被命名为A-Teens为避免混淆 。此举让组合在独立创作上有了更多自由空间。\n在1999年早期，该组合开始录制第一张专辑，《The ABBA Generation》，是一张翻唱ABBA代表作的纯翻唱专辑。该专辑使用了电子乐并重新混音，来吸引新时代的年轻流行歌迷。首单《Mamma Mia》，在包括祖国瑞典的十余个国家占据榜首，在瑞典则排名第一持续8周。专辑在瑞典与智利位列第一并成为世界十大流行专辑。随后发行的单曲同样取得了类似成功，确保了全球前十的位置，专辑最后的全球销量超过了300万，在超过22个国家获得了黄/白金认证。\n该组合《Dancing Queen》的MV情节非常类似于约翰·休斯在1985年的电影《早餐俱乐部》。此外，MV中扮演校长的演员与电影中相同，是Paul Gleason。单曲在Billboard百大热门单曲排名第95位，美国国内销量就达到了50万，并被确认为黄金唱片。\n2000年早期，A*Teens开始了全美巡回宣传，并在美国的专辑发售日的几天内受邀参与布兰妮·斯皮尔斯当年夏天的美国巡演。A-Teens还出现在迪士尼与Nickelodeon为自己做宣传。A-Teens的首演在北美获得成功，当年9月A*Teens的专辑在Billboard200佳专辑中位列71位并在9月份获得黄金唱片认证，不过销量在2001年突破百万大关。是月，A-Teens在与克里斯蒂娜·阿奎莱拉、Blink-182的竞争中获得了Viva Music Award的全球最佳新人，同时该组合宣布第二张专辑的主打单曲、该组合的首个独创单曲《Upside Down》，将作为组合的代表作。该单曲在2000年9月23日于Swedish radios发布，随后全球发行。当该单曲专辑上架时，它在瑞典获得第二位并随后获得2×白金认证。该曲在数个国家跻身前十和单曲于美国发行后成为组合的最大成功。单曲专辑获得Billboard百大热卖单曲中排名第六，销量在3周内突破50万并被确认为黄金唱片。2001年1月，该组合获得NRJ Awards“最佳瑞典组合”提名。\nTeen Spirit(2001)\n该组合的第二张专辑，被命名为“Teen Spirit”，包含了脱离ABBA的多重曲风，最终于2001年2月26日发行，首发获得瑞典排行榜的第二位。该流行热点专辑跻身多国十强并在全球排行榜位列第83位，欧洲专辑排行榜的第13位，CNN的全球热点专辑榜第14位，并在美国最高排名50位，前两周内销量超过6万，单独在美国销量超过50万份并获得黄金唱片认证。在专辑发行之前，A-Teens成为最早在MSN网站上播放他们一次演出的团体。\n因为A-Teens的前一张专辑在英国成绩不理想，该国的发行被推迟。当《Upside Down》于2001年在该国发行时，它成为A-Teens在该国的最佳成绩。该单曲在英国最高排名第十也是A-Teens在英国唯一打进前十的成绩。专辑的发行被推迟并在第二个单曲《Halfway Around The World》之后，时间是2001年十月下旬。该单曲勉强进入前三十而专辑并没有打入排行榜前75。\n在他们开始美国的巡回演唱会前，该组合来到亚洲宣传他们的专辑，分别是日本，新加坡，在该国参演了MTV亚洲大奖的马来西亚和泰国几站，并获得极大成功，尤其是可口可乐与组合签约并使用成员头像做宣传的前者（泰国），“We were the first international artists ever to appear on a soda can there. They printed 15 million of them; we went home with ten!”Sara回忆道，在那一年这种易拉罐销往全国（图片见图册）。同样在2001年，A-Teens在Radio Disney Live! 2001 World Tour的芝加哥和费城区域领衔主演。\n该组合与亚伦·卡特在美国进行了43天的宣传演出。回到欧洲后，该组合与No Angels在德国演出。在2001年末，《Teen Spirit》继续热销，在全球销量超过百万，A-Teens被邀请参与《公主日记》电影原声带欧洲版的录制。该电影已在北美、南美洲上映，在欧洲的上映日期定在了2001年冬天。《Heartbreak Lullaby》由Cathy Dennis（因写出Kylie Minogue的最著名单曲，Can't Get You Out Of My Head出名）和Kasmanaut，MV于10月下旬在德国录制，在他们的巡演途中。该单曲于2001年12月发行并让该组合又一次在祖国跻身前十（最高第6）并上榜4个月 。\nPop 'til You Drop!(2002)\n在2002年早期该组合开始了第三张专辑（是一张EP）的准备。在1月一次有美国摇滚乐家Alice Cooper出席的记者招待会斯德哥尔摩召开。他们宣布将合作录制Cooper的经典单曲《School's Out》。该曲于1月25日在瑞典斯德哥尔摩录制。共录制了2个版本，流行版本与Harder Version，都计划录入A-Teens将在2002年春季/夏季发行的第三张专辑。\n在该年伊始，组合的官网更新了很多动态与报道，为本专辑造势。2002年2月，组合宣布他们已经录制了超过15首单曲，命名音轨和告诉粉丝自己的音乐发展方向。3月下旬组合与MCA经理计划专辑的宣传和巡回完成后完成录制工作完成。\n在2002年5月组合宣布第一张从专辑中选出发行的单曲将是翻唱Elvis Presley（猫王）并于该月在电台播放的《Can't Help Falling In Love》，同时会在将要上映的迪士尼动画电影《星际宝贝》的电影原声带中出现。A-Teens在美国的一系列电视节目中出现，为电影与专辑做宣传 。在6月18日他们的第三章录音室专辑，《Pop 'til You Drop!》单独在美国发行。该专辑专门应对美国市场并控制该专辑在全球的发行时间。专辑首发占据Billboard 200大专辑榜的45位。单曲于2002年9月在澳大利亚和瑞典上市。在7月，《星际宝贝》电影原声带在Billboard 200大专辑榜排名11位。\nA-Teens宣布了他们的首个美国大型巡演，Pop 'til You Drop! 巡演，一个30天的环美巡演，将在2002年夏天与Baha Men，Jump5，LMNT和Play开始。巡演从7月中持续到8月末，从美国到加拿大。巡演主要在户外场馆，游乐园和露天剧场，包含了全部三张专辑的歌曲。\n同年（2002）在此之后，由于公众的要求，专辑在几个拉丁美洲国家发行，包括A-Teens在11月做宣传的墨西哥。A-Teens在墨西哥国家演艺厅计划开演唱会，但由于设定原因取消。该组合被邀请为瑞典国王、王后，和在此之后的墨西哥主席Vicente Fox演出。他们的专辑占据了全球专辑榜的第三位和主要专辑榜的第14位（2个来源不可用）。在墨西哥宣传完毕，该组合回到了欧洲发行单曲《Floorfiller》。该曲在祖国进入前五（第4名）并在绝大多数欧洲国家进入40强，在拉丁美洲同样取得成功，不过不如之前的成绩。\n组合于2002年12月来到了CNN的The Music Room，谈论瑞典流行乐。\nNew Arrival(2003)\n2002年末A-Teens在欧洲，第三张专辑全球发售日的几天内，在瑞典 Hit Music Awards表演了他们的知名单曲《FloorFiller》，作为新专辑宣传活动的一部分。\n在2003年1月A-Teens宣布了第三张专辑的全球发行日期在此之前，A-Teens来到德国和荷兰宣传造势。在1月27日，专辑《New Arrival》（ABBA专辑Arrival的回顾创新）开始发行。该专辑连接了上一张专辑中的作品与新作，成为一张新专辑，或他们所形容的“半个新专辑”。这两张专辑中有些成分是A-Teens成员参与写作的。于瑞典录制的主要部分音轨，是来自美国、挪威、丹麦和瑞典制作人的作品。该专辑在瑞典首发第四并于发行几周后确认为黄金销量唱片。从专辑中发行的第二个单曲专辑，是《A Perfect Match》，A-Teens在古巴摄制了MV，并于2月26日在ZTV首先播出。单曲发行时占据了瑞典第二名并确保了全球40强的位置。随即全球发行，包括墨西哥，于3月24日开始，A-Teens在该国宣传将近一个月，在该年4月下旬他们的专辑在全球专辑排行榜排名第7，并在主要专辑排行榜上排名第15位。\n回到祖国后，A-Teens开始了横跨欧洲瑞典，丹麦，俄罗斯和斯洛伐克的New Arrival巡演。\nA-Teens签订了一个推广瑞典Popdrinks的推广性合约，使用歌曲《Bounce With Me》，Amit从高中毕业，Marie Serneholt被称为瑞典最性感的女人第三位。\n来自专辑的第三张单曲（在某些国家为第二个），《Let Your Heart Do All the Talking》原计划上市，但在A-Teens全球专辑销量不佳之后，唱片公司取消了发行，并只在电台播出了歌曲。《New Arrival》的销量低于预期，，全球销量小于35万。A-Teens还是得到了Swedish Hit Music Awards的“瑞典年度组合/人物”提名。\n该专辑包含了翻唱自Murray Head的《One Night in Bangkok》（来自音乐剧Chess），该曲的音乐由Benny Andersson和Björn Ulvaeus（2位前ABBA成员）所作，作词Tim Rice。\nGreatest Hits(2004)\n2004年开始A-Teens宣布了首张Greatest Hits精选集即将发布，翻唱自Nick Kamen的I Promised Myself成为组合的最后单曲。\n2004年3月A-Teens组合摄制了MV，并于4月早期在ZTV首先播放，该曲于4月下旬/5月在国际广播，成为组合的最后成功作品。专辑收纳了13个单曲，每个单曲的单曲专辑都曾在至少一个国家打进前20，和其他的三首新歌，其中两首由组合成员所作。\n新专辑的推广造势进程缓慢，组合在瑞典的演出和杂志的国际采访中出现几次。很多报道指出在六年的流行乐界之旅后组合将解散。A-Teens在官网很快否认了流言。\n单曲成为了该组合在瑞典的又一个第二名单曲，它成为了组合在南美洲（尤其是阿根廷）的最大成功，该专辑则成为了组合唯一一个未在祖国进入十强的专辑，但在拉丁美洲的其他国家和东欧，该专辑为他们重新获得了关注。\n专辑仅在被挑选过的的欧洲、亚洲和拉美国家发行。专辑并未在美国发行，尽管MCA唱片公司破产并被Geffen和Interscope两家吞并，前者曾计划将专辑于11月发行，为圣诞促销做准备，但计划因组合结束巡演和Dhani发行其首个独唱单曲而破产。\n解散\n在Greatest Hits发行后，A-Teens宣布开始为期2年的休息。在2006年4月15日，Marie Serneholt的瑞典网站官方宣布A-Teens已分道扬镳，原因未说明。\n",
 "remarks": "本词条内容暂未完善仅供参考，多频百科小编正在火速赶来",
 "remarksEn": "本词条内容暂未完善仅供参考，多频百科小编正在火速赶来",
 "status": 0,
 "clickNum": 0,
 "deleted": 0,
 "lang": 0,
 "chooseLang": false,
 "id": 418,
 "name": "A Teens",
 "picture": "http://y.gtimg.cn/music/photo_new/T001R300x300M000000RAB672j9Pls.jpg?max_age=2592000",
 "originalName": "阿巴少年组",
 "nationality": "瑞典",
 "birthplace": "",
 "birthday": "",
 "profession": "",
 "typeId": 12,
 "typeName": "艺人",
 "dataId": 418,
 "url": "http://dropinapp.hearinmusic.com/#/ency?typeId=12&dataId=418"
}