{
 "pageNum": 1,
 "pageSize": 10,
 "params": {},
 "content": "团员组成：JOSEPH “JOEY”MURRAY、SARAH EGGLESTONE、TRACY ELIZABETH PACKHAM、LIVIO SALVI\n团员人数：4\n成立时间：1998 年\nATC，A TOUCH OF CLASS的缩写.乐队的4名成员来自不同的国家.JOSEPH “JOEY”MURRAY来自新西兰.SARAH EGGLESTONE来自澳大利亚.TRACY ELIZABETH PACKHAM来自英国.LIVIO SALVI来自意大利.乐队的第一首单曲AROUND THE WORLD (LA LA LA LA LA)2000年一打出就成为德国音乐榜的第一名,并保持了六个星期.后来这首歌还打入了美国和英国音乐榜的前40名.乐队2003年因为法院判决不得以将乐队的名字从ATC改成A TOUCH OF CLASS.2003年乐队的第二张专辑TOUCH THE SKY(触摸天空)发行后,销量不佳.四个成员决定分道扬镳。\n",
 "remarks": "本词条内容暂未完善仅供参考，多频百科小编正在火速赶来",
 "remarksEn": "本词条内容暂未完善仅供参考，多频百科小编正在火速赶来",
 "status": 0,
 "clickNum": 0,
 "deleted": 0,
 "lang": 0,
 "chooseLang": false,
 "id": 401,
 "name": "A Touch Of Class",
 "picture": "http://y.gtimg.cn/music/photo_new/T001R300x300M000003cQTMP1a2dwa.jpg?max_age=2592000",
 "originalName": "鉴赏家乐团, ATC",
 "nationality": "德国汉堡",
 "birthplace": "",
 "birthday": "",
 "profession": "",
 "typeId": 12,
 "typeName": "艺人",
 "dataId": 401,
 "url": "http://dropinapp.hearinmusic.com/#/ency?typeId=12&dataId=401"
}