{
 "pageNum": 1,
 "pageSize": 10,
 "params": {},
 "content": "团员组成：Q-Tip、Phif、DJ Ali Shaheed Muhammad、Jarobi White\n团员人数：4人\nA Tribe Called Quest是1985年成立于纽约皇后区圣奥尔本斯的美国嘻哈团体，最初由说唱歌手和主要制作人Q-Tip、说唱歌手Phife Dawg、DJ和联合制作人Ali Shaheed Muhammad以及说唱歌手Jarobi White组成。该团体被认为是另类嘻哈音乐的先驱。\n从艺历程：1991年，该团体发行了其具有爵士乐风格的第二张专辑《低端理论》，被认为有助于塑造90年代的另类嘻哈。\n1998年，该团体在发行第五张专辑《爱的运动》前不久解散，但在2006年，该团体的原成员重新组合并在美国巡演。\n2016年，该组合发行了第六张也是最后一张专辑《We Got It from Here... ... Thank You 4 Your Service》，2016年3月Phife Dawg突然去世时，这张专辑还未完成，在他去世后，其他成员完成了这张专辑 A Tribe Called Quest是Native Tongues集体中商业上最成功的行为，其六张专辑都获得了金唱片或白金唱片的认证。\n荣誉记录：2017年，全英音乐奖最佳国际组合。\n",
 "remarks": "本词条内容暂未完善仅供参考，多频百科小编正在火速赶来",
 "remarksEn": "本词条内容暂未完善仅供参考，多频百科小编正在火速赶来",
 "status": 0,
 "clickNum": 0,
 "deleted": 0,
 "lang": 0,
 "chooseLang": false,
 "id": 402,
 "name": "A Tribe Called Quest",
 "picture": "http://y.gtimg.cn/music/photo_new/T001R300x300M000002QR5uB2pKoXm.jpg?max_age=2592000",
 "originalName": "探索一族",
 "nationality": "美国",
 "birthplace": "",
 "birthday": "",
 "profession": "",
 "typeId": 12,
 "typeName": "艺人",
 "dataId": 402,
 "url": "http://dropinapp.hearinmusic.com/#/ency?typeId=12&dataId=402"
}