{
 "pageNum": 1,
 "pageSize": 10,
 "params": {},
 "content": "团员组成：Dustin O'Halloran、Adam Wiltzie\n团员人数：2\nA Winged Victory for the Sullen是由Dustin O'Halloran和Adam Wiltzie组成的环境音乐二重奏。 他们发行了两张录音室专辑，一张EP和一张配乐专辑，他们的音乐被《卫报》，英国广播公司和澳大利亚广播公司报道过。 他们作为BBC 6音乐舞会的一部分，于2015年8月5日在伦敦的皇家阿尔伯特音乐厅演奏。\n他们的第三张录音室专辑《 The Undivided Five》计划于2019年11月1日通过Ninja Tune发行。\n",
 "remarks": "本词条内容暂未完善仅供参考，多频百科小编正在火速赶来",
 "remarksEn": "本词条内容暂未完善仅供参考，多频百科小编正在火速赶来",
 "status": 0,
 "clickNum": 0,
 "deleted": 0,
 "lang": 0,
 "chooseLang": false,
 "id": 407,
 "name": "A Winged Victory for the Sullen",
 "picture": "http://y.gtimg.cn/music/photo_new/T001R300x300M000003AgPo91U0b1B.jpg?max_age=2592000",
 "originalName": "",
 "nationality": "德国",
 "birthplace": "",
 "birthday": "",
 "profession": "",
 "typeId": 12,
 "typeName": "艺人",
 "dataId": 407,
 "url": "http://dropinapp.hearinmusic.com/#/ency?typeId=12&dataId=407"
}