{
 "pageNum": 1,
 "pageSize": 10,
 "params": {},
 "content": "经纪公司：ASAP Worldwide\nJamel Phillips（1989年5月30日出生），他的艺名是ASAP Twelvyy（也可写作A $ AP Twelvyy），他是一位来自美国纽约市布朗克斯的说唱歌手，也是嘻哈组织ASAP Mob的成员，并以此取名。 2014年，他发行了歌曲“ Xscape”，这是ASAP Mob首张专辑L.O.R.D.的第二首单曲。 该专辑原定于2014年发行，但已被正式报废。 2017年8月4日，ASAP Twelvyy发行了他的首张专辑，名字为12。\n",
 "remarks": "本词条内容暂未完善仅供参考，多频百科小编正在火速赶来",
 "remarksEn": "本词条内容暂未完善仅供参考，多频百科小编正在火速赶来",
 "status": 0,
 "clickNum": 0,
 "deleted": 0,
 "lang": 0,
 "chooseLang": false,
 "id": 413,
 "name": "A$AP Twelvyy",
 "picture": "http://y.gtimg.cn/music/photo_new/T001R300x300M0000008c0vk2f9d8a.jpg?max_age=2592000",
 "originalName": "Jamel Phillips",
 "nationality": "美国",
 "birthplace": "美国纽约市布朗克斯",
 "birthday": "1989年05月30日",
 "profession": "说唱歌手",
 "typeId": 12,
 "typeName": "艺人",
 "dataId": 413,
 "url": "http://dropinapp.hearinmusic.com/#/ency?typeId=12&dataId=413"
}