{
 "pageNum": 1,
 "pageSize": 10,
 "params": {},
 "content": "A$AP TyY简介\n美国嘻哈团体ASAP Mob成员A$AP TyY，出生于1990 年 5 月 21 日，来自纽约州纽约哈莱姆区。\n",
 "remarks": "本词条内容暂未完善仅供参考，多频百科小编正在火速赶来",
 "remarksEn": "本词条内容暂未完善仅供参考，多频百科小编正在火速赶来",
 "status": 0,
 "clickNum": 0,
 "deleted": 0,
 "lang": 0,
 "chooseLang": false,
 "id": 414,
 "name": "A$AP TyY",
 "picture": "http://y.gtimg.cn/music/photo_new/T001R300x300M000002UC08u2sCgHq.jpg?max_age=2592000",
 "originalName": "",
 "nationality": "",
 "birthplace": "",
 "birthday": "",
 "profession": "",
 "typeId": 12,
 "typeName": "艺人",
 "dataId": 414,
 "url": "http://dropinapp.hearinmusic.com/#/ency?typeId=12&dataId=414"
}