{
 "pageNum": 1,
 "pageSize": 10,
 "params": {},
 "content": "本名：Darold Durard Brown Ferguson Jr.\nA$AP Ferg，本名Darold Durard Brown Ferguson Jr.，美国说唱歌手。同时，他还是嘻哈厂牌A $ AP Mob的成员。2013年8月，A$AP Ferg发行自己的首张录音室专辑“ Trap Lord”。2016年4月22日，发表第二张录音室专辑“ Always Strive and Prosper”。2017年8月18日，发行第二张混音辑“Still Striving”。2019年8月16日，发行首张EP“ Floor Seats”。\n",
 "remarks": "本词条内容暂未完善仅供参考，多频百科小编正在火速赶来",
 "remarksEn": "本词条内容暂未完善仅供参考，多频百科小编正在火速赶来",
 "status": 0,
 "clickNum": 0,
 "deleted": 0,
 "lang": 0,
 "chooseLang": false,
 "id": 409,
 "name": "A$AP Ferg",
 "picture": "http://y.gtimg.cn/music/photo_new/T001R300x300M000003lk2N30eT3I6.jpg?max_age=2592000",
 "originalName": "",
 "nationality": "美国",
 "birthplace": "纽约",
 "birthday": "1988年10月28日",
 "profession": "说唱歌手",
 "typeId": 12,
 "typeName": "艺人",
 "dataId": 409,
 "url": "http://dropinapp.hearinmusic.com/#/ency?typeId=12&dataId=409"
}