{
 "pageNum": 1,
 "pageSize": 10,
 "params": {},
 "content": "原名：Rakim Mayers\nA$AP ROCKY是一个说唱歌手，著名的唱片制作人，音乐视频导演，时尚风向标，笔名Flacko。在美国纽约出生从小生活在纽约，原名Rakim Mayers，是新生的说唱手，很值得重视。在2011年第一次出专辑，到现在没有一个不是好评。Long Live A$ap 2013年发行一致好评，在当时公告排行榜第一。\n从艺历程：A$AP Rocky 原名Rakim Mayers出生在美国纽约，他是嘻哈集体A$AP MOB的成员，他表弟也是，他从八岁从哥哥学习说唱，留着法式长辫，很像狗叔的，在他13岁时，哥哥死在哈莱姆，死亡使他对说唱更加认真，从15岁开始贩卖毒品。\n2007年，加入A$AP MOB，他的说唱风格手mobb deep等东部说唱手的影响，ROCKY放弃了贩卖药物在哈莱姆区，搬到埃尔姆伍德帕克新泽西州，在那里他开始说唱。当他完成了他的GED时和说唱巨星德雷克合作出了****ing problem。\n2011 long live A$AP发布\n2013年发布 LONG. LIVE . ASAP\n2015年At. Long. Last. A$AP.发布 位于Billboard 200 榜单第一\nwild for the night在BBC台播出过，是和skrillex合作的歌曲。\n他的说唱风格独具一，商业歌曲较少，低音曾是他的象征，他不只与drake 蕾哈娜 skrillex 合作过，还和许多其他说唱手合作过，例如1Train就是与yelawolf等人合作的，和futre schoolboy Q 等新生说唱手的合作不少，和侃爷2CHAINZ等大牌说唱手的合作也有。既然是ASAP MOB 成员当然和自己的兄弟们合作，在他Angles这首单曲的mv中应该就有A$AP MOB的成员 。\n他还是时尚风向标，A$AP ROCKY 所领军的 A&AP MOB 这次看到了其成员 A$AP Josh、A$AP Illz、A$AP Nast、A$AP Ant 以及 A$AP Yams 等人出现在日本 BAPE 原宿店中，并看到了力挺 Bape 20 周年 ，每个人都满载而归。而这次 20 周年的联名企划也是相当强大，绝对令人印象深刻。\n前些年依靠个人魅力让Been Trill和HBA两个牌子风靡全球潮人圈的饶舌歌手A$AP Rocky做出了一个震惊所有人的举动，在他的新MV“Multiply”里，Rocky向这2个街牌开炮，他认为自己没有从品牌那边得到自己应得的肯定。\n对于Hood By Air，A$AP Rocky在歌词中说道，“HBA的货很弱，你们自己留着吧”;\n而对于Been Trill，Rocky写道，“我其实不怎么穿Been Trill / 穿上它就像是Tip Drill MV里的那些屁屁一样(烂) / 我不怎么喜欢爆口水仗 / 但Been Trill这些家伙最好给我应得的肯定。”Twitter上紧跟着出现热议，许多粉丝认为Been Trill和HBA的形象在这首Diss Song之后将受到重大影响\n伦敦时间6月12日上午10点整，J.W.Anderson 2017春夏男装系列即将亮相，但在此之前，这位酷爱跨界合作的设计师，率先揭开了自己与时下人气正热的说唱歌手A$AP Rocky合作的新系列“JWA AWGE”。[4] \n整个系列即日起可在品牌官网预定，并预计本月17日陆续发货，同时也将在下周一登陆品牌位于伦敦的首家精品店“J.W.Anderson Workshops”，其中包括印有“JWA AWGE”Logo图案的毛线帽、羊羔毛夹克、以及根据J.W.Anderson 2015秋冬系列中的高领拉链运动套装改良而成的产品——而这件几乎成为J.W.Anderson目前为止最标志性设计之一的运动装，曾被A$AP Rocky在去年推出的单曲“Jukebox Joints”中穿着过。此外，这名说唱歌手还曾以头牌嘉宾的身份参加过J.W.Anderson 2016秋冬男装发布会。\nA$AP Rocky日前发布了《Lord Pretty Flacko Jodye 2》单曲 MV。这部由 IIIusive Media 导演的音乐录音带通过低清度（LoFi）拍摄与投影仪影像打造迷幻感极强的视觉效果，包括A$AP Ferg在内的A$AP Mob主要成员都在其中出镜。此外, Pretty Flacko 更是在结尾部份释出了全新单曲 MV 片段，可以说给广大乐迷不小惊喜，并在最后向已世挚友A$AP Yams致敬，并前去Flacko Joyde Season网站了解更多细节信息。\n不久他 SVDDXNLY突如其来 纪录片播出，《SVDDXNLY》是 Noisey 独家拍摄的5集纪录片，完整记录了 A$AP Rocky 这位说唱界年轻巨星的成名之路。其中包括珍贵的家庭照片和录像片段，朋友和家人真诚平实的聊天对话，以及他音乐生涯中每一个值得记住的精彩瞬间。Rocky 在片中带领观者以幕后的角度走进他的生活，让所有人亲历了他把 A$AP 从纽约 Harlem 带向世界的整个过程。在纪录片里有和粉丝打架的场面，是因为那件事而受指控。\n如今A$AP ROCKY大红大紫，俨然成为新生说唱的最佳代表，他的未来一片光明。\n",
 "remarks": "本词条内容暂未完善仅供参考，多频百科小编正在火速赶来",
 "remarksEn": "本词条内容暂未完善仅供参考，多频百科小编正在火速赶来",
 "status": 0,
 "clickNum": 0,
 "deleted": 0,
 "lang": 0,
 "chooseLang": false,
 "id": 412,
 "name": "A$AP Rocky",
 "picture": "http://y.gtimg.cn/music/photo_new/T001R300x300M000004CSdIs4A79UG.jpg?max_age=2592000",
 "originalName": "Lord Flacko",
 "nationality": "美国",
 "birthplace": "纽约",
 "birthday": "1988年10月03日",
 "profession": "说唱歌手、时装设计师、MV导演、模特",
 "typeId": 12,
 "typeName": "艺人",
 "dataId": 412,
 "url": "http://dropinapp.hearinmusic.com/#/ency?typeId=12&dataId=412"
}