{
 "pageNum": 1,
 "pageSize": 10,
 "params": {},
 "content": "A$AP Mob，美国嘻哈组合，集合了歌手，唱片制作人，音乐导演和时装设计师，他们对音乐，时尚，风格和艺术有着类似的兴趣。\n",
 "remarks": "本词条内容暂未完善仅供参考，多频百科小编正在火速赶来",
 "remarksEn": "本词条内容暂未完善仅供参考，多频百科小编正在火速赶来",
 "status": 0,
 "clickNum": 0,
 "deleted": 0,
 "lang": 0,
 "chooseLang": false,
 "id": 410,
 "name": "A$AP Mob",
 "picture": "http://y.gtimg.cn/music/photo_new/T001R300x300M000001P9aOr4Zqnwx.jpg?max_age=2592000",
 "originalName": "",
 "nationality": "欧美",
 "birthplace": "",
 "birthday": "",
 "profession": "",
 "typeId": 12,
 "typeName": "艺人",
 "dataId": 410,
 "url": "http://dropinapp.hearinmusic.com/#/ency?typeId=12&dataId=410"
}