{
 "pageNum": 1,
 "pageSize": 10,
 "params": {},
 "content": "外文名：アービー\nA-bee（アービー），日本男性DJ、作曲家、音乐人。\nA-bee的作品风格是以电子琴和club音乐为基础，在浮现情景的独特世界观中，用自由剪辑的声音和效果音的分层剪裁手法，展现出时尚艺术的存在感。在流行旋律的声音中，经过缜密计算而构建出的音乐不仅受到一般听众的喜爱，也受到了音乐界和音乐家的广泛支持。\n从艺历程：2007年，发行了自己的出道专辑《FLYING-GO-ROUND》。也作为作曲家和编曲者开始活动，负责过各种各样的艺人和企业作品，例如杰尼斯的“岚”、“A.B.C-Z”、“东方神起”、“森山直太朗”、“BLACKPINK”、“Chuning Candy”等；参与过的动画伴奏有《舞力四射》、《勇敢节拍》、《对魔导学园35试验小队》等；广播节目方面，J-WAVE「JAM THE WORLD」的音乐也亲自制作，现在每天，A-bee的音乐也在广播中出现。\n2008年发行第二张专辑《POLYPHONIC CITY》。\n2009年发行首张混音专辑《A-bee remixes-FACE-》。\n2010年12月，发行了第三张专辑《CURRENTRIA》。\n2011年连续发布了《smile-EP》、《Cloud Nine/Ring》，两张都获得了舞曲专辑排行榜的第一名。\n",
 "remarks": "本词条内容暂未完善仅供参考，多频百科小编正在火速赶来",
 "remarksEn": "本词条内容暂未完善仅供参考，多频百科小编正在火速赶来",
 "status": 0,
 "clickNum": 0,
 "deleted": 0,
 "lang": 0,
 "chooseLang": false,
 "id": 499,
 "name": "A-bee (アービー)",
 "picture": "http://y.gtimg.cn/music/photo_new/T001R300x300M000002xYAPw2Z2apD.jpg?max_age=2592000",
 "originalName": "",
 "nationality": "日本",
 "birthplace": "",
 "birthday": "",
 "profession": "音乐人、作曲家",
 "typeId": 12,
 "typeName": "艺人",
 "dataId": 499,
 "url": "http://dropinapp.hearinmusic.com/#/ency?typeId=12&dataId=499"
}