{
 "pageNum": 1,
 "pageSize": 10,
 "params": {},
 "content": "黄丽玲（A-Lin），1983年9月20日出生于台湾省台东市，台东阿美族原住民，中国台湾流行乐女歌手。1999年，黄丽玲在南投教921地震后的小朋友们唱诗歌时被经纪人发现。2003年，黄丽玲正式签约艾回唱片。2007年，黄丽玲凭借首张个人专辑《失恋无罪》获得第18届台湾金曲奖最佳新人奖提名；同年7月，黄丽玲和相差八岁的台湾职棒联盟选手黄甘霖结婚，并在其后育有一女。2009年，黄丽玲凭借《天生歌姬》专辑首次获得台湾金曲奖最佳国语女歌手奖提名。2011年，黄丽玲凭借专辑《寂寞不痛》再次获得金曲奖最佳国语女歌手提名。2012年，黄丽玲凭借专辑《我们会更好的》第三次获得金曲奖最佳国语女歌手提名。同年，黄丽玲还发行了第五张个人专辑《幸福了，然后呢》。2013年，黄丽玲在台北小巨蛋举办了Feel-Lin个人演唱会。2014年，黄丽玲加盟索尼音乐；并于同年12月30日发行第六张个人专辑《罪恶感》。2015年，黄丽玲因参加职业歌手对战节目《我是歌手第三季》而在内地获得更高关注度；同年，黄丽玲还凭借专辑《罪恶感》第四次获得金曲奖最佳国语女歌手提名。\n从艺历程：1999年 黄丽玲在南投教921大地震后的小朋友们唱诗歌《Amazing Grace》时被经纪人发现。2003年，黄丽玲签约艾回唱片公司，从而也正式了个人的职业歌手生涯。\n2006年2月 黄丽玲发行了首张个人专辑《失恋无罪》；同年 黄丽玲还在张惠妹担任制作人的音乐剧《爱上卡门》中饰演了第二女主角。\n2007年 黄丽玲凭借《失恋无罪》专辑获得了第十八届台湾金曲奖最佳新人奖提名，同时也让黄丽玲获得了“天生歌姬”的称号；6月 黄丽玲发行了《爱请问怎么走》EP；同年，因结婚以及婚后产女黄丽玲并没有专辑推出。2008年12月 黄丽玲回归歌坛并连续发行了《天生歌姬》专辑。\n2009年 黄丽玲凭借《天生歌姬》专辑获得了第二十届台湾金曲奖最佳国语女歌手奖提名；同年，黄丽玲还发行了《以前，以后》专辑。2010年12月 黄丽玲发行了第四张个人专辑《寂寞不痛》。\n2011年 凭借《寂寞不痛》专辑黄丽玲获得了第二十二届台湾金曲奖最佳国语女歌手奖提名，以及雪碧中国原创音乐流行榜台湾地区最佳女歌手；同年 黄丽玲还分别在台北、台中和香港举办了五场A-Lin“仲夏．梦”演唱会；11月 黄丽玲又发行了《我们会更好的》专辑。\n2012年 黄丽玲凭借《我们会更好的》专辑第三次获得了台湾金曲奖最佳国语女歌手奖提名；此外黄丽玲还在澳门继续举办A-Lin“仲夏．梦”演唱会；之后，黄丽玲又在悉尼举办了个人的首场海外演唱会；同年12月 黄丽玲发行第五张个人专辑《幸福了，然后呢》。\n2013年 黄丽玲先是在温哥华举办了个人的第二场海外演唱会；之后，黄丽玲又分别在台北和香港举办了两场Feel-Lin巡回演唱会；同年，黄丽玲还发行了单曲《恋爱魔力》。\n2014年5月 黄丽玲召开记者会宣布正式加入索尼音乐娱乐公司；并于7月底发行数字公益单曲《往前飞》；同年11月 艾回唱片发行了《Everlasting Best and More》精选辑，其中收录了黄丽玲在艾回期间的三十首代表曲目；同年12月 黄丽玲发行了加盟索尼音乐的第一张个人专辑《罪恶感》。\n2015年，黄丽玲参加了湖南卫视举办的职业歌手对战节目《我是歌手第三季》；而她在此后的节目中则四次获得单期亚军；并最终进入到了节目的七强总决赛；同年4月，黄丽玲还参加了《我是歌手》双年巅峰会；并在歌会上演唱了魏如昀的浪漫抒情歌《听见下雨的声音》；与此同时，黄丽玲还相继获得了第二十二届东方风云榜台湾地区最受欢迎女歌手和第十五届音乐风云榜港台最受欢迎女歌手的两项荣誉  ；同年5月，黄丽玲凭借专辑《罪恶感》第四次获得金曲奖最佳国语女歌手提名； 同年6月，黄丽玲搭档孙楠献唱了浪漫爱情电影《命中注定》的同名主题曲；同年8月，黄丽玲还获得了MusicRadio中国TOP排行榜港台最佳女歌手奖；随后，黄丽玲开始在全球十五个城市展开个人的Sonar声呐世界巡回演唱会 。\n2016年，黄丽玲的主要工作是继续举办个人的Sonar声呐世界巡演，而演唱会的总场次则达到了二十四场；与此同时，黄丽玲还献唱了包括魔幻剧《幻城》插曲《梦话》、古装剧《锦绣未央》主题曲《天若有情》在内的多首影视原声曲；同年12月，黄丽玲发行了由她亲自谱曲的冬季单曲《随心所遇》，而这首歌则是她在经历了世界巡演后的一种体会。\n2017年，黄丽玲参加了江苏卫视音乐竞技节目《金曲捞》，并在第二、七、九期担任唤醒歌手，而她在节目中则分别唤醒了歌曲《永远有多远》、《爱的可能》、《空窗》；9月，黄丽玲在时隔三年之后发行了《A-LIN》同名专辑，她不仅首次担任了专辑的制作人，更在专辑中挑战了多元化的音乐类型。\n2018年，黄丽玲开始与其他几位艺人共同进行WE爱巡回演唱会；随后，她又在新加坡拉开了I'm A-Lin世界巡回演唱会的帷幕；同年，黄丽玲还在音乐先锋榜30周年荣耀盛典上获得了四项殊荣。\n2019年3月，黄丽玲客串出演的个人首部电影作品《比悲伤更悲伤的故事》在中国大陆上映，同时她还为该片演唱了主题曲《有一种悲伤》；6月，她加入了某音乐企划的《不期而乐》，并与王晰一同创作演绎了歌曲《生活该有的样子》。\n荣誉记录：音乐类\n 2018    音乐先锋榜30周年荣耀盛典23家电台联颁传媒大奖     （获奖）    \n 2018    音乐先锋榜30周年荣耀盛典港台最受欢迎女歌手     （获奖）    \n 2018    音乐先锋榜30周年荣耀盛典先锋演绎歌手金奖     （获奖）    \n 2018    音乐先锋榜30周年荣耀盛典先锋金曲奖     （获奖）    \n 2018    第29届    金曲奖最佳录影带     未单身    （提名）    \n 2018    Hito流行音乐奖Hito舞台演绎奖     （获奖）  \n 2016    第3届QQ音乐年度盛典  最受欢迎港台女歌手 （获奖）\n 2016    第3届QQ音乐年度盛典  年度最佳影视金曲  《忘记拥抱》 （获奖）\n 2015    第26届    金曲奖最佳国语女歌手    《罪恶感》    （提名）    \n 2015    第22届    东方风云榜台湾地区最受欢迎女歌手    （获奖）    \n 2015    第15届    音乐风云榜港台最受欢迎女歌手    《罪恶感》   （获奖）    \n 2015    第8届    城市至尊音乐榜年度年度二十大金曲    《罪恶感》   （获奖）    \n 2015    第8届    城市至尊音乐榜年度至尊女歌手   《罪恶感》   （获奖）    \n 2015    MusicRadio中国TOP排行榜港台最佳女歌手    《罪恶感》    （获奖）    \n 2015    年度最具突破女歌手   《 我不离开》    （获奖）    \n 2013    音悦V榜年度盛典年度合唱金曲奖   《 看法领导一般 》   （获奖）    \n 2013    新城国语力歌曲   《 幸福了 然后呢》    （获奖）    \n 2013    新城国语力优秀演绎奖    （获奖）    \n 2013    音悦V榜年度盛典年度风向艺人奖    （获奖）    \n 2013    Hito最爱对唱歌曲    《狂风里拥抱》    （获奖）    \n 2013    新城国语力女歌手    （获奖）    \n 2012    第1届    全球流行音乐金榜年度数位下载冠军    以前,以后    （获奖）    \n 2012    中华音乐人交流协会十大歌曲奖    《幸福了 然后呢》    （获奖）    \n 2012    第23届    金曲奖最佳国语女歌手奖    《我们会更好的 》 （提名）       \n 2011    Hito数位音乐年度人气奖  《寂寞不痛》    （获奖）    \n 2011    第22届    金曲奖最佳国语女歌手奖    《寂寞不痛》    （提名）       \n 2011    中国原创音乐流行榜港台金曲奖《给我一个理由忘记》    （获奖）    \n 2011    中国原创音乐流行榜台湾地区最佳女歌手 （获奖）      \n 2010    度十大劲歌金曲最受欢迎华语歌曲银奖    《以前，以后》    （获奖）    \n 2009    第20届    金曲奖最佳国语女歌手奖    《天生歌姬》    （提名）    \n 2007    第18届    金曲奖最佳新人奖    （提名）\n",
 "remarks": "本词条内容暂未完善仅供参考，多频百科小编正在火速赶来",
 "remarksEn": "本词条内容暂未完善仅供参考，多频百科小编正在火速赶来",
 "status": 0,
 "clickNum": 2,
 "deleted": 0,
 "lang": 0,
 "chooseLang": false,
 "id": 1202,
 "name": "A-Lin",
 "picture": "http://y.gtimg.cn/music/photo_new/T001R300x300M000003ArN8Z0WpjTz.jpg?max_age=2592000",
 "originalName": "黄丽玲, 天生歌姬|疗伤系歌后",
 "nationality": "中国",
 "birthplace": "台湾省台东市",
 "birthday": "1983年09月20日",
 "profession": "歌手",
 "typeId": 12,
 "typeName": "艺人",
 "dataId": 1202,
 "url": "http://dropinapp.hearinmusic.com/#/ency?typeId=12&dataId=1202"
}