{
 "pageNum": 1,
 "pageSize": 10,
 "params": {},
 "content": "AA-LONG的艺人档案\n AA-LONG  国内独立电子音乐人\r\n1985年，摩羯座，现居广州\n \n个人音乐专辑《记忆之奴》\n个人EP《About A Psycho》\n合辑作品《A.S.K》与音乐人SIG、KEEMO合作\n \nAA-LONG在音乐创作上注重画面感与氛围的营造，通过大量的电影原声采样、加以合成器的重组、解构、叠加，以跳动的节奏推进，试图营造一种与记忆有关的画面，充满迷幻、压迫、紧张、诡异、阴暗。在荒诞与唯美间分裂情绪,带你穿梭潜意识的深处.\n　　\n \nAA-LONG growth of independent electronic music people (Guangzhou) \nIn 1985, Sun Capricorn \n \nPersonal album, &Memory of Slave& \nPersonal EP &About A Psycho& \nCompilation work &ASK& and the musicians SIG、KEEMO cooperation \n \nAA-LONG on the focus screen in the sense of music and atmosphere to create, through a lot of movie soundtrack samples, to the reorganization of synthesizers, deconstruction, superimposed, in order to beat the rhythm forward, trying to create a screen and memory-related, full of fans Magic, oppression, tension, strange, and dark. Split between the absurd and the aesthetic emotion, the depths of subconscious with your shuttle.\n",
 "remarks": "本词条内容暂未完善仅供参考，多频百科小编正在火速赶来",
 "remarksEn": "本词条内容暂未完善仅供参考，多频百科小编正在火速赶来",
 "status": 0,
 "clickNum": 0,
 "deleted": 0,
 "lang": 0,
 "chooseLang": false,
 "id": 453,
 "name": "AA-LONG",
 "picture": "http://y.gtimg.cn/music/photo_new/T001R300x300M000000mHeQF2qmHwE.jpg?max_age=2592000",
 "originalName": "",
 "nationality": "",
 "birthplace": "",
 "birthday": "",
 "profession": "",
 "typeId": 12,
 "typeName": "艺人",
 "dataId": 453,
 "url": "http://dropinapp.hearinmusic.com/#/ency?typeId=12&dataId=453"
}