{
 "pageNum": 1,
 "pageSize": 10,
 "params": {},
 "content": "原名：Honami 'Amy' Furuhara\nAAAMYYY，原名Honami 'Amy' Furuhara，出生在日本长野县。原Go Retro和Eimie乐团成员，现为迷幻摇滚乐队Tempalay的主唱、合成器手。\n从艺历程：Amy Furuhara在日本长野县的一个农村社区长大。\n2008年，以交换生的身份前往加拿大后，在高中的最后一年，开始创作歌曲。\n2013年，在东京创立电子流行乐队Go Retro。\n2014年，Go Retro解散，Amy认识了DJ Takuma，两人组成Eemie乐队。\n2015年，Eemie发布单曲“ Carnival”，并在当年的Summer Sonic夏季摇滚音乐节上演出。\n2016年8月，Eemie解散，在8月31日举办了最后一场音乐会。\n2017年2月，Amy以Aaamyyy的身份开始了个人活动。同年6月，以主唱和合成器手的身份加入乐队Tempalay。\n2019年2月，发行个人首张专辑《Body》。\n2020年3月，为动画《动物新世代》演唱了主题曲。\n",
 "remarks": "本词条内容暂未完善仅供参考，多频百科小编正在火速赶来",
 "remarksEn": "本词条内容暂未完善仅供参考，多频百科小编正在火速赶来",
 "status": 0,
 "clickNum": 0,
 "deleted": 0,
 "lang": 0,
 "chooseLang": false,
 "id": 447,
 "name": "AAAMYYY",
 "picture": "http://y.gtimg.cn/music/photo_new/T001R300x300M000001s9TYl420Y4g.jpg?max_age=2592000",
 "originalName": "",
 "nationality": "日本",
 "birthplace": "长野县",
 "birthday": "",
 "profession": "歌手、制作人",
 "typeId": 12,
 "typeName": "艺人",
 "dataId": 447,
 "url": "http://dropinapp.hearinmusic.com/#/ency?typeId=12&dataId=447"
}