{
 "pageNum": 1,
 "pageSize": 10,
 "params": {},
 "content": "团员人数：4\nAC/DC，是澳大利亚的摇滚乐队，成员有安格斯·扬（Angus Young）、史提夫·扬（Stevie Young）、克里斯·斯莱德（Chris Slade）、艾克索·若斯（Axl Rose）。\n1973年，马尔科姆·杨（Malcolm Young）和安格斯·扬在悉尼创建该乐队 。1975年，发行首张专辑《High Voltage》。1980年，发行第八张录音室专辑《Back in Black》，其全球销量超过5000万张，是销量最高的摇滚乐专辑 。1989年，发行专辑《Blow Up Your Video》，乐队凭借专辑入围第31届格莱美奖最佳硬摇滚/金属演奏奖，这是他们首次入围格莱美奖 。2016年，枪炮与玫瑰乐队的主唱艾克索·罗斯加盟AC/DC，成为巡演主唱。\n从艺历程：1973年11月，马尔科姆·杨和安格斯·杨创立AC/DC乐队，马尔科姆任节奏吉他手、安格斯任主奏吉他手，同年他们招募了贝斯手拉里·范·克瑞德特（Larry van Kriedt）、主唱戴夫·埃文斯（Dave Evans）和鼓手科林·伯格斯（Colin Burgess）。\n1974年新年夜，AC/DC在悉尼的小型俱乐部Chequers首次登台，演唱了滚石乐队、查克·贝里、披头士等艺人的作品；6月，鼓手科林·伯格斯先后被罗恩·卡彭特、彼得·克拉克、罗素·科尔曼替换，贝斯手拉里·范·克瑞德特被罗布·贝利替换；同年，乐队与经纪人Browing相遇，并认识了纳德·贝尔弗德·斯科特（Ronald Belford Scott），纳德改名邦·斯科特并顶替戴夫·埃文斯成为乐队主唱。\n1975年2月，乐队在澳大利亚发行第一张正式专辑《High Voltage》，并成功进入澳大利亚专辑排行榜；12月，在澳大利亚和新西兰发行第二张正式专辑《T.N.T.》。\n1976年，马克·埃文斯和菲尔·拉德分别取代乐队的贝斯手和鼓手位置，乐队与大西洋唱片签约；4月，乐队进军英国，在英国的数个小型俱乐部进行演出；5月，《High Voltage》在全球发行，并在美国取得三倍白金销量认证；9月，发行第三张录音室专辑《Dirty Deeds Done Dirt Cheap》，收录了包括《Dirty Deeds Done Dirt Cheap》、《Love At First Feel》、《Big Balls》在内的9首歌曲。\n1977年，发行第四张正式专辑《LetThereBeRock》，乐队第一次展开美国巡演；同年，克里夫·威廉姆斯加入，接替马克·埃文斯担任贝斯手。1978年5月，发行第五张录音室专辑《Powerage》；同年，推出现场专辑《If You Want Blood You've Got It》。\n1979年7月，发行第六张正式专辑《Highway to Hell》，专辑进入了英国专辑榜前十、美国专辑榜前二十。1980年1月，乐队主唱邦·斯科特因急性酒精中毒而去世，布赖恩·约翰逊加入，成为乐队主唱；7月，乐队发行第七张录音室专辑《Back in Black》，专辑在全球卖出超过5000万张，是销量最高的摇滚乐专辑、世界销量第二高的专辑，其销量仅次于迈克尔·杰克逊的《Thriller》。\n1981年11月，发行第七张正式专辑《For Those About to Rock We Salute You》，该张专辑登上了美国公告牌专辑榜榜首。1982年1月，AC/DC入围第9届全美音乐奖“最受欢迎流行团体/摇滚乐团”奖；同年，鼓手菲尔·路德因吸毒而被乐队开除。\n1983年7月，西蒙·赖特开始担任乐队鼓手；8月，发行第八张正式专辑《Flick of the Switch》，该张专辑的比起前作有所下滑。1984年，乐队发行迷你专辑《'74 Jailbreak》。\n1985年6月，乐队发行第十张录音室专辑《Fly on the Wall》，专辑卖出了超过一百万张；同年，乐队为斯蒂芬·埃德温·金执导的电影《火魔战车》创作原声歌曲，包括《Who Made Who》、《DT》等作品。\n1988年1月，发行第十一张录音室专辑《Blow Up Your Video》，乐队凭借专辑入围第31届格莱美奖“最佳硬摇滚/金属演奏”奖，这是他们首次入围格莱美奖；2月，AC/DC入驻澳大利亚唱片业协会名人堂；同年，克里斯·斯莱德顶替西蒙·赖特，成为乐队鼓手。\n1990年9月，发行第十二张录音室专辑《The Razors Edge》，专辑登上美国公告牌专辑榜的亚军位置；乐队凭借该张专辑入围第33届格莱美奖“最佳硬摇滚演奏”奖、专辑中的单曲《Thunderstruck》获得第8届MTV音乐录影带大奖“最佳重金属/硬摇滚录影带”奖。\n1992年2月，凭借歌曲《Moneytalks》获得第34届第33届格莱美奖“最佳硬摇滚演奏”奖。1993年，AC/DC为美国动作电影《幻影英雄》创作并演唱了主题曲《Big Gun》。1994年，菲尔·路德回归乐队，顶替克里斯·斯莱德成为鼓手；同年3月，乐队凭借歌曲《Highway to Hell》入围第36届格莱美奖“最佳硬摇滚演奏”奖。\n1995年，乐队发行第十三张录音室专辑《Ballbreaker》，专辑登上美国公告牌专辑榜第四名，销量突破了一百万。1997年11月，乐队推出第一张套装专辑专辑《Bonfire》，该套装专辑收录五张CD，专辑的创作灵感来自乐队的已故主唱邦·斯科特。\n2000年，乐队发行第十四张录音室专辑《Stiff Upper Lip》，专辑在英国专辑榜的最好成绩为第十二名。2002年，AC/DC离开大西洋唱片，改与索尼音乐签约。2003年3月，乐队入驻美国摇滚名人堂。\n2008年，乐队离开索尼，与哥伦比亚唱片公司签约；10月，乐队复出发行第十五张录音室专辑《Black Ice》，专辑在包括美国、英国、澳大利亚在内的29个国家的专辑榜获得冠军，其销量突破了530万张；AC/DC凭借该张专辑获得第23届澳大利亚唱片业协会音乐奖“最佳摇滚专辑”和“最畅销专辑”奖。\n2009年2月，凭借歌曲《Rock N Roll Train》获得第51届格莱美奖“最佳摇滚乐队/组合”奖提名；10月，入围公告牌巡演大奖“最佳巡演”、“最具吸引力”奖；11月，乐队发行第二张套装专辑《Backtracks》，该套装专辑收录三张CD、两张DVD和一张黑胶唱片。\n2010年1月31日，凭借歌曲《War Machine》获得第52届格莱美奖“最佳硬摇滚演奏”奖；同年，AC/DC为漫威电影《钢铁侠2》进行电影配乐，并发行原声专辑《Iron Man 2》，专辑收录了包括《Shoot To Thrill》、《Thunderstruck》在内的15首歌曲，专辑获得了英国专辑排行榜的冠军；10月，乐队入围公告牌巡演大奖“最佳巡演”和“最佳票房”奖[38]  ，最终获得了“最佳票房”奖；11月，美国音乐杂志《经典摇滚杂志》（Classic Rock magazine）将AC/DC评为“年度最佳乐队”。\n2011年5月，AC/DC发行现场DVD专辑《AC/DC Live At River Plate》，收录了乐队2009年12月在阿根廷布宜诺斯艾利斯河床体育场的三场演出的一部分画面，专辑发行后，乐队进入休整期；11月，《AC/DC Live At River Plate》获得第25届澳大利亚唱片业协会音乐奖“最佳音乐DVD”奖。\n2014年9月，马尔科姆·扬因身体原因离开乐队，史提夫·扬顶替马尔科姆成为乐队的节奏吉他手；11月28日，乐队发行第十六张录音室专辑《Rock or Bust》，收录包括《Play Ball》、《Rock the Blues Away》在内的11首歌曲；12月，乐队鼓手菲尔·路德因被指控买凶杀人而被逮捕。\n2015年2月，AC/DC出席第57届格莱美奖颁奖典礼，开唱表演了歌曲《Rock or Bust》和《Highway To Hell》，由克里斯·斯莱德担任鼓手。2016年，主唱布莱恩·约翰逊因听力问题而离开乐队，枪炮与玫瑰乐队的主唱艾克索·罗斯取代布莱恩，成为巡演主唱。\n荣誉记录：格莱美奖\n 2010    最佳摇滚专辑    Black Ice    （提名）    \n 2010    最佳硬摇滚演奏    War Machine     （获奖）    \n 2009    最佳摇滚乐队/组合    Rock 'N Roll Train    （提名）    \n 1994    最佳硬摇滚演奏    Highway to Hell    （提名）    \n 1992    最佳硬摇滚演奏    Moneytalks    （提名）    \n 1991    最佳硬摇滚演奏    The Razors Edge    （提名）    \n 1989    最佳金属演奏    Blow Up Your Video    （提名）    \n全美音乐奖\n 1982    最受欢迎流行/摇滚团体    （提名）    \nMTV音乐录影带大奖\n 1991    最佳重金属/硬摇滚录影带    Thunderstruck    （提名）    \n澳大利亚唱片工业协会音乐奖\n 2015    年度组合    Rock or Bust    （提名）    \n 2011    最佳DVD[47]     Live at River Plate    （获奖）    \n 2009    最高销量专辑    Black Ice    （获奖）    \n 2009    最佳摇滚专辑    Black Ice    （获奖）    \n 2009    年度专辑    Black Ice    （提名）    \n 2009    年度组合    （提名）    \n 1988    澳大利亚唱片工业协会名人堂    （获奖）    \n公告牌巡演大奖\n 2010    最佳巡演    （提名）    \n 2010    最佳票房    （获奖）    \n 2009    最具吸引力    （提名）    \n 2009    最佳巡演    （提名）    \n美国摇滚名人堂\n 2003    入驻美国摇滚名人堂    （获奖）\n",
 "remarks": "本词条内容暂未完善仅供参考，多频百科小编正在火速赶来",
 "remarksEn": "本词条内容暂未完善仅供参考，多频百科小编正在火速赶来",
 "status": 0,
 "clickNum": 0,
 "deleted": 0,
 "lang": 0,
 "chooseLang": false,
 "id": 564,
 "name": "AC DC",
 "picture": "http://y.gtimg.cn/music/photo_new/T001R300x300M0000032vFuN45QYoW.jpg?max_age=2592000",
 "originalName": "交流电/直流电, Alternating Current/Direct Current",
 "nationality": "澳大利亚",
 "birthplace": "",
 "birthday": "",
 "profession": "",
 "typeId": 12,
 "typeName": "艺人",
 "dataId": 564,
 "url": "http://dropinapp.hearinmusic.com/#/ency?typeId=12&dataId=564"
}