{
 "pageNum": 1,
 "pageSize": 10,
 "params": {},
 "content": "团员组成：Jarbas Agnelli, Waldo Denuzzo\n团员人数：2人\nProfile：Brazilian electronic duo\nSites：adstudio.com.br\n欧美说唱歌手AD。\n",
 "remarks": "本词条内容暂未完善仅供参考，多频百科小编正在火速赶来",
 "remarksEn": "本词条内容暂未完善仅供参考，多频百科小编正在火速赶来",
 "status": 0,
 "clickNum": 0,
 "deleted": 0,
 "lang": 0,
 "chooseLang": false,
 "id": 636,
 "name": "AD",
 "picture": "http://y.gtimg.cn/music/photo_new/T001R300x300M000000Yi7hy4fzsuX.jpg?max_age=2592000",
 "originalName": "",
 "nationality": "",
 "birthplace": "",
 "birthday": "",
 "profession": "",
 "typeId": 12,
 "typeName": "艺人",
 "dataId": 636,
 "url": "http://dropinapp.hearinmusic.com/#/ency?typeId=12&dataId=636"
}