{
 "pageNum": 1,
 "pageSize": 10,
 "params": {},
 "content": "ADean简介\nEDM Producer，GrooveSands成员\nAnD Music/华音尚韵/Jasmina Recordings/Fox A Light/Flying Cloud Music\nWhen words fail,Let music speak.\n",
 "remarks": "本词条内容暂未完善仅供参考，多频百科小编正在火速赶来",
 "remarksEn": "本词条内容暂未完善仅供参考，多频百科小编正在火速赶来",
 "status": 0,
 "clickNum": 0,
 "deleted": 0,
 "lang": 0,
 "chooseLang": false,
 "id": 683,
 "name": "ADean",
 "picture": "http://y.gtimg.cn/music/photo_new/T001R300x300M0000021hR3A0rdYHr.jpg?max_age=2592000",
 "originalName": "",
 "nationality": "",
 "birthplace": "",
 "birthday": "",
 "profession": "",
 "typeId": 12,
 "typeName": "艺人",
 "dataId": 683,
 "url": "http://dropinapp.hearinmusic.com/#/ency?typeId=12&dataId=683"
}