{
 "pageNum": 1,
 "pageSize": 10,
 "params": {},
 "content": "20世纪90年代初期（1991）美国加利福利亚州Ukiah的四个高中小子戴维·哈瓦克（Davey Havok）、亚当·卡森（Adam Carson）、维克（Vick）和马卡斯·史托夫里斯（Markus Stopholese）在他们家乡小镇上为了打发课余那些无聊的时光而在车库里弄出些噪音来的结果，标准也是够噪够狠就行。那时候他们的效仿对象就是诸如 “黑旗”（Black Flag）、“一群死雷子”（Sick Of It All）等硬核朋克乐队，而且给自己起了个非常标准的名字：A Fire Inside，然后乐队就取了三个词的词头来表示队名，即AFI。\n乐队介绍\n主唱： Davey Havok ；生日： 1976年11月20日吉他手： Jade Puget ；生日： 1973年11月28日贝斯手： Hunter Burgen ；生日： 1976年5月14日鼓手： Adam Carson ；生日： 1975年2月5日\n演艺经历\nAFI(A Fire Inside) 在成立的初期目的很简单-- 四位中学学生在 90 年代早期的时候在一间车库中制造噪音，找寻一些方法来减轻自己的烦恼。当他们在练习弹奏乐器的时候他们从没想过乐队以后会变成什么样子。在9月26日的时候，乐队发表了他们第五张专辑，命名为The Art of Drowning（溺水而死的艺术）。 当乐队登台演出的时候，狂热的观众与乐队之间的火暴气氛如同在台下形成了一场闪电风暴，而台上平时温温而雅的主唱Davey Havok则摇身一变成了令人着魔发狂的男人。乐队花费了不少时间在巡演，他们曾经和the offspring，rancid 等等大牌乐队一同同台演出过。他们的第一次全国性的巡演是在 1995 年，从那时开始他们就在美国北部和加拿大频繁的进行演出，他们到过欧洲，在1998年去过日本。2000年底，随着The Art of Drowning这张专辑的发表，AFI与传奇乐队rancid一道进行了一系列的演出，这也是乐队成员认为是致今为止最激动人心的演出。除了最初的成员 Havok 和鼓手adam Carson ，乐团其他的成员一直在变化。在第3张专辑Shut Your Mouth and Open Your Eyes录音前，bass手Hunter加入进来.吉他手jade puget是在第4张专辑Black Sails in the Sunset和EP allhallows的录制时加入的。这张EP只有四首歌，里面包含了一首Totalimmortal歌的最早版本，这首歌后来被the offspring拿去翻唱，从而广为流传，并收入了电影Me,Myself & Irene的中做配曲。puget的工作很不简单，他除了要负责吉他的任务而且他还是AFI里曲子的主要写作着。没有人比他更清楚AFI应该在音乐上往哪个方向上走。他从一开始就对AFI很了解，并且曾经在AFI 92年发表的第一张专辑中参与过一些吉他弹奏的部分。与jade puget的合作融合得很快，而且迅速使乐队达到了新的高度，jade的曲子很好的配合了主唱havok另人深思的词作，并且令havok极具天赋的嗓音有了更大发挥的。同时adam和hunter也很好的完成了各自部分的创作，整个乐队和谐统一，没有什么缺点了。如此的阵容变化可能会破坏一个乐队，但是对于AFI来说却恰恰相反。每张新的专辑或者EP的创作，乐队很勇敢的抛弃以前的成就而进入一个新的音乐领域，唯一不变的是每个作品都保持着始终如一的创作动力与激情。新专辑The art of drowning也不例外，它不可避免的会使听者听到一些不同的令人惊奇的东西，这张专辑是乐队成员这一段时期以来发展与生活的每一阶段的总结。对于这张专辑，主唱davey havok 说：“我感觉这是我们最好的一张：”专辑是由著名制作人chuck johnsin制作的，他曾制作过从nickcave到korn不同的音乐风格，同时，专辑的录制也是在著名的录音室fantasy studio 制作的。一同工作的还有长期的合作人Andy Ernst。\n",
 "remarks": "本词条内容暂未完善仅供参考，多频百科小编正在火速赶来",
 "remarksEn": "本词条内容暂未完善仅供参考，多频百科小编正在火速赶来",
 "status": 0,
 "clickNum": 0,
 "deleted": 0,
 "lang": 0,
 "chooseLang": false,
 "id": 774,
 "name": "AFI",
 "picture": "http://y.gtimg.cn/music/photo_new/T001R300x300M0000000NHuY3QZ4AF.jpg?max_age=2592000",
 "originalName": "",
 "nationality": "",
 "birthplace": "",
 "birthday": "",
 "profession": "",
 "typeId": 12,
 "typeName": "艺人",
 "dataId": 774,
 "url": "http://dropinapp.hearinmusic.com/#/ency?typeId=12&dataId=774"
}