{
 "pageNum": 1,
 "pageSize": 10,
 "params": {},
 "content": "江海迦（Agatha Kong，1988年1月21日），艺名AGA，香港创作女歌手，混血儿，拥有西班牙及美国迈阿密血统，师承舒文，于2013年正式出道，其唱片公司为环球唱片。2014年凭《一》取得优异成绩。江海迦目前亦是香港少数出道至今未曾拍摄过电影和电视剧的歌手之一。AGA推出的作品绝大部分均出自其本人手笔，亦曾为多位天王、天后歌手创作，如陈奕迅、李克勤、杨千嬅等，获传媒封为“唱作少女”。\n从艺历程：2013年，江海迦简化其英文名字，以“AGA”这个艺名正式加入乐坛，由幕后音乐人变成创作歌手，并开始从其超过七十首的Demo中，挑选五首收录于首张个人专辑。其后，她推出首支派台歌曲《哈啰》，成功打进香港三大电子传媒流行榜三甲位置；专辑其余歌曲亦陆续派台，当中歌曲《能说不的秘密》及《问好》亦相继打进流行榜的头十位置，而《问好》的MV更在Youtube取得超过50万的点击次数，成为她所有MV中观看次数累积最多的作品。9月2日，她的首张个人同名专辑《AGA》率先以数码专辑的方式推出，而实体版则在2014年1月7日发行。\n2015年，歌手李祥祥个人首张专辑第二波深情主打《可不可以》由乐坛顶尖力量葛大为作词，新锐音乐AGA作曲，特别请来同属环球音乐旗下“香港小天后”师姐吴雨霏对唱，《可不可以》势必成为2015年的K歌合唱大热单曲。\n2018年5月22日，在佛山开启“Nights with AGA”演唱会。\n2019年2月12日，在香港理工大学举行《Nights with AGA》音乐会，演唱《3AM》、《小问题》、《孤雏》等多首歌曲。11月4日，发行单曲《Two at a time》。\n荣誉记录： 2017-12-11    Billboard Radio China 2017年度粤语十大金曲    《3AM》    （获奖）    \n 2014-03    华语金曲奖2013颁奖典礼 - 优秀新人    （获奖）    \n 2014-01-12    36th最有前途新人奖(银奖)    （获奖）    \n 2014-01-01    叱咤乐坛生力军(女)金奖    （获奖）    \n 2013-12-26    新城劲爆新人王(创作歌手)    （获奖）    \n 2013-12-26    新城劲爆新媒体歌曲    《问好》    （获奖）    \n 2013    YAHOO!人气大奖2013 – 乐坛新势力    （获奖）\n",
 "remarks": "本词条内容暂未完善仅供参考，多频百科小编正在火速赶来",
 "remarksEn": "本词条内容暂未完善仅供参考，多频百科小编正在火速赶来",
 "status": 0,
 "clickNum": 1,
 "deleted": 0,
 "lang": 0,
 "chooseLang": false,
 "id": 807,
 "name": "AGA",
 "picture": "http://y.gtimg.cn/music/photo_new/T001R300x300M000002XVZaw3X63Kp.jpg?max_age=2592000",
 "originalName": "江海迦",
 "nationality": "中国",
 "birthplace": "香港",
 "birthday": "1988年01月21日",
 "profession": "歌手",
 "typeId": 12,
 "typeName": "艺人",
 "dataId": 807,
 "url": "http://dropinapp.hearinmusic.com/#/ency?typeId=12&dataId=807"
}