{
 "pageNum": 1,
 "pageSize": 10,
 "params": {},
 "content": "\n",
 "remarks": "本词条内容暂未完善仅供参考，多频百科小编正在火速赶来",
 "remarksEn": "本词条内容暂未完善仅供参考，多频百科小编正在火速赶来",
 "status": 0,
 "clickNum": 0,
 "deleted": 0,
 "lang": 0,
 "chooseLang": false,
 "id": 826,
 "name": "AGK",
 "picture": "",
 "originalName": "",
 "nationality": "",
 "birthplace": "",
 "birthday": "",
 "profession": "",
 "typeId": 12,
 "typeName": "艺人",
 "dataId": 826,
 "url": "http://dropinapp.hearinmusic.com/#/ency?typeId=12&dataId=826"
}