{
 "pageNum": 1,
 "pageSize": 10,
 "params": {},
 "content": "英国嘻哈男歌手 AJ Tracey\n",
 "remarks": "本词条内容暂未完善仅供参考，多频百科小编正在火速赶来",
 "remarksEn": "本词条内容暂未完善仅供参考，多频百科小编正在火速赶来",
 "status": 0,
 "clickNum": 0,
 "deleted": 0,
 "lang": 0,
 "chooseLang": false,
 "id": 896,
 "name": "AJ Tracey",
 "picture": "http://y.gtimg.cn/music/photo_new/T001R300x300M000004Qnypq1AxL5u.jpg?max_age=2592000",
 "originalName": "",
 "nationality": "英国",
 "birthplace": "",
 "birthday": "",
 "profession": "嘻哈歌手",
 "typeId": 12,
 "typeName": "艺人",
 "dataId": 896,
 "url": "http://dropinapp.hearinmusic.com/#/ency?typeId=12&dataId=896"
}