{
 "pageNum": 1,
 "pageSize": 10,
 "params": {},
 "content": "姓名：aj\n\n人名：全名：Alexander James McLean \n刊物名：文摘杂志简称AJ\n服装名：Armani Jeans简称AJ\n专辑：首张个人专辑，豪华制作阵容，包括OneRepublic主唱，BSB御用制作及N Sync的JC Chasez热情跨刀。\"想要发个人专辑已有快10年的时间，现在终于完成了这张专辑！\"AJ谈论着个人专辑完成后的喜悦。在所有成员中，他是最早尝试举办个人演唱会，也是最早开始明确进行个人专辑制作的，但专辑制作的时间一延再延却是因为AJ想要将他内心的纠葛寄托在音乐之上。曾经酒精中毒的AJ，当时身心已经坠入了谷底，世界的目光却还是因为他是BSB一员，而最后AJ得到来自BSB团员的支持归队。现在他终于能透过专辑来传达出自己对音乐的热情，以及身为Backstreet Boys之外的自己。 \n",
 "remarks": "本词条内容暂未完善仅供参考，多频百科小编正在火速赶来",
 "remarksEn": "本词条内容暂未完善仅供参考，多频百科小编正在火速赶来",
 "status": 0,
 "clickNum": 0,
 "deleted": 0,
 "lang": 0,
 "chooseLang": false,
 "id": 895,
 "name": "AJ",
 "picture": "http://y.gtimg.cn/music/photo_new/T001R300x300M000002Si6vB2irXeG.jpg?max_age=2592000",
 "originalName": "",
 "nationality": "",
 "birthplace": "",
 "birthday": "",
 "profession": "",
 "typeId": 12,
 "typeName": "艺人",
 "dataId": 895,
 "url": "http://dropinapp.hearinmusic.com/#/ency?typeId=12&dataId=895"
}