{
 "pageNum": 1,
 "pageSize": 10,
 "params": {},
 "content": "AK-69，也称为Kalassy Nikoff（エーケーシックスティーナイン/カラシニコフ）是日本嘻哈说唱歌手，AK-69是他的艺名。唱歌时，他通常被称为“ Kalassy Nikoff”。AK-69也使用别名“ REDSTA”。在2011年Billboard日本大奖中，AK-69被评选为年度最佳独立艺术家。\n",
 "remarks": "本词条内容暂未完善仅供参考，多频百科小编正在火速赶来",
 "remarksEn": "本词条内容暂未完善仅供参考，多频百科小编正在火速赶来",
 "status": 0,
 "clickNum": 0,
 "deleted": 0,
 "lang": 0,
 "chooseLang": false,
 "id": 903,
 "name": "AK-69 (カラシニ)",
 "picture": "http://y.gtimg.cn/music/photo_new/T001R300x300M000002UzJkD3Y7uOZ.jpg?max_age=2592000",
 "originalName": "カラシニ、REDSTA、Kalassy Nikoff",
 "nationality": "日本",
 "birthplace": "爱知县",
 "birthday": "1978年01月01日",
 "profession": "说唱歌手",
 "typeId": 12,
 "typeName": "艺人",
 "dataId": 903,
 "url": "http://dropinapp.hearinmusic.com/#/ency?typeId=12&dataId=903"
}