{
 "pageNum": 1,
 "pageSize": 10,
 "params": {},
 "content": "出道日期：2005年12月8日\n经纪公司：AKS\n官方对手：乃木坂46\n姐妹组合：SKE48、NMB48、HKT48、NGT48、STU48\n海外分团：JKT48\nAKB48成立于2005年12月08日，是由秋元康担任总制作人的日本大型女子偶像组合，分为Team A、Team K、Team B、Team 4与Team 8五个队伍。除官方经纪公司AKS外，合作的演艺经纪公司还有太田制作、尾木制作、渡边娱乐、Horipro、吉本兴业等；除国王唱片外，合作的唱片公司还有索尼唱片、环球唱片、艾回唱片等。AKB48与其姐妹组合常常被称作“AKB48团体”，其团体组合成员总数已经超过450人。\nAKB48以“可以面对面的偶像”为理念，并在秋叶原拥有名为AKB48剧场的专用表演场地，几乎每天都在AKB48剧场进行公演。2011年发行的5张单曲《变成樱花树》、《Everyday、发箍》、《飞翔入手》、《风正在吹》和《崇尚麻里子》占日本公信榜年度排行榜第一至第五名，年总销售额达到168.2亿日元，AKB48被华尔街称为日本经济的激励者。2014年5月，组合单曲总销量达到2878万张，位列公信榜第二；而截至14年年末，单曲总销量已突破3000万张。\n从艺历程：2005年8月， 由总制作人秋元康企划，“秋叶原48项目”第一期成员开始募集。10月30日， 从7924位报名者当中，通过并审查45位候选者，最终公布24名合格者。最初计划于12月1日举行首场公演，但因故推迟一周。\n12月8日，在秋叶原48剧场进行第一次剧场公演。举行针对媒体的第一场公演及针对一般观众的第二场公演。当日观看两场公演的普通观众仅有7人。\n2006年1月22日，一期选拔中落选后的篠田麻里子获拔擢成为Team A成员。团员增为21人，原Team A诞生。 2月1日，发行AKB48第1张独立制作的地下单曲《樱花花瓣》。2月4日，剧场公演首次满座。2月26日，公布第2期成员募集最终合格的19人，原Team K诞生。3月1日，发行首本写真集《密着！AKB48》。 6月7日，发行第2张地下单曲《裙摆飘飘》。10月25日，由DefSTAR Records Inc.发行第1张单曲《想见你》。 11月3至4日，首次举办在剧场外演出的演唱会“想见你～柱子没了唷！”。12月3日，公布第3期成员募集12,828名应募者中最终合格的20人，组成Team B。\n2007年1月31日，发行第2张单曲《制服真碍事》。3月10日至4月1日，举行首次全国巡演“春季之全国小小巡演～路还远着呢AKB48！～”。 4月18日，发行第3张单曲《曾经蔑视的爱情》。 7月1日， 向日葵组“我的太阳”首日公演。7月18日，发行第4张单曲《BINGO!》。8月8日，发行第5张单曲《我的太阳》。10月31日，发行第6张单曲《看见夕阳了吗？》。此单曲为选拔成员最少的一支单曲，同时也是AKB48单曲销量的最低谷。\n2008年1月1日，发行首张专辑《SET LIST～Greatest Songs 2006-2007～》。1月23日，发行第7张单曲《浪漫，不需要》。1月24日，AKB48首个冠名节目《AKB1时59分!》（先后改版为《AKB0时59分!》和《AKBINGO!》）开始播出。2月28日，第8张单曲《樱花的花瓣们2008》发行，并将出道单曲的PV进行重新拍摄。由于在销售方式上发生纠纷，唱片公司DefSTAR Records与AKB48方面的合约宣告解除。6月23日，第9张单曲《Baby!Baby!Baby!》以网络配信限定形式发售。10月22日，与唱片公司King Records（You, Be Cool!）签约后首次发行第10张单曲《大声钻石》。\n2009年3月4日，发行第11张单曲《10年樱》。6月24日，发行第12张单曲《惊喜之泪！》。 7月8日，举行AKB48第13张单曲选拔总选举，由粉丝投票决定第13张单曲各曲的演唱成员，前田敦子获得第一名。8月22日至23日，在“AKB104选拔成员组阁祭”演唱会第二日中，宣布组阁。8月26日，发行第13张单曲《Maybe是借口》。10月21日，发行第14张单曲《RIVER》。12月31日，再度登场“第60回NHK红白歌合战”。\n2010年2月17日，发行第15张单曲《樱花印记》。 4月7日，发行第2张专辑《神曲集》。 5月26日，发行第16张单曲《马尾与发圈》。6月9日，AKB48第17张单曲选拔总选举召开，大岛优子获得第一名。8月18日，发行第17张单曲《无限重播》。9月21日，举行“AKB48第19张单曲选拔猜拳大会”，内田真由美获得第一名。10月27日，发行第18张单曲《Beginner》，唱片累计销量首次突破百万。11月18日，被吉尼斯世界纪录大全认证为“世界上成员最多的流行团体”。12月8日，发行第19张单曲《机会的顺序》。\n2011年1月10日，在公信榜周间单曲榜单上，女性艺人单曲4曲同时上榜并进入前十。这种状况持续3周，这是公信榜史上的首次记录。 1月22日，AKB48第一部纪录片《AKB48 永远在一起》公开上映。2月16日，发行第20张单曲《变成樱花树》。 3月14日，受东日本大地震影响，原定于3月25日至27日举行的横滨演唱会取消。3月29日，专辑《神曲集》累计销量突破50万。5月25日，发行第21张单曲《Everyday，发箍》。 6月8日，发行第3张专辑《就是在这里》。8月24日，发行第22张单曲《飞翔入手》。9月20日，举行“AKB48第24张单曲选拔猜拳大会”，篠田麻里子获得第一名。 10月26日，发行第23张单曲《风正在吹》。  12月07日，发行第24张单曲《崇尚麻里子》。 \n2012年1月27日，AKB48记录电影第2弹《AKB48 梦想起飞》公开上映。2月15日，AKB48以乐队形式推出第25张单曲《GIVE ME FIVE!》。3月6日，在美国权威音乐流行榜公告牌所主办的2011年“日本公告牌音乐大奖”中，AKB48夺得“最佳歌手”、“最佳流行乐歌手”、“年度最佳专辑”和“年度最畅销专辑”4个大奖。5月23日，发行第26张单曲《仲夏的Sounds good!》。6月6日，举行AKB48第27张单曲选拔总选举，大岛优子获得第一名。8月15日，发行第4张专辑《1830m》。 12月5日，发行第29张单曲《永远的压力》。12月30日，AKB48以《仲夏的Sounds good!》蝉联第54届日本唱片大奖，是历史上第六位连续获得该奖项的歌手，第九位累计获得该奖项两次（或以上）的歌手。12月31日，连续第四年出席“第63回NHK红白歌合战”。出演人数达到171人。\n2013年1月25日，在AKB48 重温时间 最佳曲目100 2013第二天中宣布，当时的SKE48剧场经理汤浅洋成为AKB48剧场经理、当时的AKB48剧场经理户贺崎智信成为AKB48团体总经理，并对这次的人事变动进行信任投票。5月22日，发行第31张单曲《再见自由式》。6月8日，举行AKB48第32张单曲选拔总选举，指原莉乃以150,570票获得第一名。8月21日，发行第32张单曲《恋爱的幸运饼干》。10月30日，发行第33张单曲《真心电流》。11月10日，在新高轮王子酒店举行“AKB48团体选秀会议”。12月11日，发行第34张单曲《倘若在梧桐树的路上对你说“我梦见了你的微笑”之后我们的关系会有什么样的变化呢、我兀自持续想了好多天最后有点难为情地得到了一个结论》。12月31日，连续五年第六次出演第64回NHK红白歌合战，由110人组成人文字“卒业” 。\n2014年1月22日，发行第5张专辑《未来轨迹》。2月24日，在Zepp DiverCity Tokyo举办的“AKB48团体大组阁祭～时代变幻。但是，我们只能向前！～”中宣布在各队中增加副队长一职，并发表许多成员的兼任和移籍。2月26日，发行第35张单曲《勇往直前》。3月29日至30日，在国立竞技场举行演唱会“AKB48单独&团体春季演唱会in 国立竞技场～回忆全部在这里抛弃吧！～”，是AKB48首次在国立竞技场举行演唱会。4月3日，正式披露第5组队伍“Team 8”，并宣布Team 8成员拥有“AKB48第37张单曲选拔总选举”的参加权。 8月27日，发行第37张单曲《心意告示牌》。\n2015年1月21日至25日，举办“AKB48 重温时间 最佳曲目1035 2015”演唱会，本次首次将过去所发表的1,035首48团体系列歌曲进行总排名。12月8日，于AKB48剧场举行“AKB48剧场10周年特别记念公演”，前成员与现任成员一起参与AKB48团体演出，公演中由高桥南正式将总监督职衔交接给横山由依。12月9日，发行第42张单曲《红唇Be My Baby》。累计总销量3615.8万张，超越B'z单曲总销量3580.9万张，成为日本历代第一。12月15日，于东京TOKYO DOME CITY HALL举行“第5回AKB48红白对抗歌合战”。12月31日，参加“第66回NHK红白歌合战”，前成员前田敦子、大岛优子与现任成员参加演唱飞翔入手、无限重播、恋爱的幸运饼干曲目。\n2016年1月4日NHK电视台公布最高收视段落，AKB48出场时为该节目收视率最高之时段。3月9日，发行第43张单曲《你就是旋律》。8月31日，第45张单曲《LOVE TRIP/分享幸福》发行，该曲是AKB48自成立以来首张以双A面形式发行的作品。10月10日，在神户举行“AKB GROUP猜拳大会2016”，最后冠军为AKB48 Team B的田名部生来 ；宣布将成立以濑户内海7县为舞台的船上剧场，组建新姊妹团濑户内48（STU48）。11月16日，第46张单曲《High Tension》发行。\n2017年3月15日，发行第47张单曲《Shoot Sign》 。2月21日至22日，成员小嶋阳菜举行毕业演唱会“小嶋节～小嶋阳菜感谢祭～”，并于4月19日正式毕业。4月17日，AKB48运营公司AKS发表人事变动，AKB48团体总经理兼AKB48剧场经理茅野忍卸任。同时，AKB48团体总经理职位将永久废除，而AKB48剧场经理则由AKS董事细井孝宏继任。5月31日，发行第48张单曲《空有愿望》。6月17日，AKB48第49张单曲选拔总选举在冲绳县举行，HKT48 TeamH（兼任STU48）成员指原莉乃以246376票的历史最高票数连续三届蝉联总选举冠军 。8月30日，发行第49张单曲《#就是喜欢你》 。10月31日，成员渡边麻友在埼玉超级竞技场举行毕业演唱会“渡辺麻友卒业コンサート〜みんなの梦が叶いますように〜”  ，并于12月31日正式毕业。11月22日，发行第50张单曲《11月的脚链》。12月9日，在AKB48出道12周年特别纪念公演上，宣布了组合将举行时隔3年的组阁变动 。12月31日，参加第68回NHK红白歌合战，这是组合连续第10次登上红白歌会舞台。\n2018年3月14日，发行第51张单曲《ジャーバージャ》。5月30日，发行第52张单曲《Teacher Teacher》。6月16日，举行AKB48第53张单曲世界选拔总选举，总选将首次允许海外姐妹团体成员报名参与 。\n荣誉记录：2009 第51届日本唱片大奖 - 特别奖\n2009 第11届Mnet亚洲音乐大奖 - 亚洲新人奖\n2009 第42届BEST HIT歌谣祭 - 黄金艺人奖\n2010 第24届日本金唱片大奖 - 特别\n2010 第52届日本唱片大奖 - 优秀作品奖\n2010 第43届BEST HIT歌谣祭 - 黄金艺人奖\n2010 吉尼斯世界纪录大全认证 - 世界上最多成员的流行组合\n2011 第25届日本金唱片大奖 - 年度最佳单曲销量奖\n2011 第53届日本唱片大奖 - 最高荣誉大奖、优秀作品奖\n2011 第44届日本有线大奖 - 有线音乐优秀赏、特别赏\n2011 日本唱片协会2011年4月配信认证 - 三白金唱片奖、白金唱片奖\n2012 第26届日本金唱片大奖 - 日本音乐部门年度最佳艺人奖、年度最佳单曲销量奖\n2012 第14届Mnet亚洲音乐大奖 - 最佳日本歌手奖\n2012 第11届CCTV-MTV音乐盛典 - 亚洲年度最受欢迎组合奖\n2013 日本告示牌音乐大奖 - 年度最佳艺人奖、优秀流行艺人奖、Hot 100单曲奖、年度最畅销单曲奖\n2013 第1届音悦V榜年度盛典 - 日本最佳组合奖\n2014 第2届音悦V榜年度盛典 - 日本最佳组合奖\n2014 日本告示牌音乐大奖 - 年度最畅销单曲奖\n2015 第3届音悦V榜年度盛典 - 日本最佳组合奖、日本最具人气歌手奖\n2015 第17届Mnet亚洲音乐大奖 - 亚洲艺人奖\n2016 第30届日本金唱片大奖 - 年度最佳单曲销量奖、日本音乐部门年度Best 5专辑销量奖、年度Best 5单曲销量奖\n2016 日本告示牌音乐大奖 - Hot 100单曲奖、年度最畅销单曲奖\n",
 "remarks": "本词条内容暂未完善仅供参考，多频百科小编正在火速赶来",
 "remarksEn": "本词条内容暂未完善仅供参考，多频百科小编正在火速赶来",
 "status": 0,
 "clickNum": 0,
 "deleted": 0,
 "lang": 0,
 "chooseLang": false,
 "id": 913,
 "name": "AKB48",
 "picture": "http://y.gtimg.cn/music/photo_new/T001R300x300M000000gEeDf0gJ79a.jpg?max_age=2592000",
 "originalName": "エーケービー フォーティエイト",
 "nationality": "日本",
 "birthplace": "",
 "birthday": "",
 "profession": "",
 "typeId": 12,
 "typeName": "艺人",
 "dataId": 913,
 "url": "http://dropinapp.hearinmusic.com/#/ency?typeId=12&dataId=913"
}