{
 "pageNum": 1,
 "pageSize": 10,
 "params": {},
 "content": "AKLO（アクロ），日本说唱歌手。出生于东京，本名、出生年月等个人信息未公开。\n从艺历程：AKLO的母亲是日本人，父亲是墨西哥人。童年在墨西哥度过，后来在东京、大阪、纽约等城市辗转生活，其音乐风格深受Master P的影响。\n2008年，发行单曲「AKLOと空」。\n2009年，发行混音辑『DJ.UWAY Presents A DAY ON THE WAY』。\n2010年，L-VOKAL发起名为「BETTER HALVES」的企划，AKLO的单曲『ONE WAY OUT』被收录其中。\n2011年，杂志「WOOFIN'」将“2010年度最佳男说唱歌手”奖项颁发给AKLO。\n2012年9月5日，发行个人首张专辑『THE PACKAGE』。\n2013年6月5日，发行第二张专辑『NEW DAYS MOVE』。\n2014年，参与由荒牧伸志执导的电影【アップルシード アルファ】（《苹果核战记：阿尔法》）的音乐原声带。此张原声带的阵容豪华，包括中田ヤスタカ、Skrillex & Alvin Risk、androp、CAPSULE、tofubeats等实力歌手。\n2015年1月23日，在涩谷CLUB QUATTRO举办个人演唱会。\n",
 "remarks": "本词条内容暂未完善仅供参考，多频百科小编正在火速赶来",
 "remarksEn": "本词条内容暂未完善仅供参考，多频百科小编正在火速赶来",
 "status": 0,
 "clickNum": 0,
 "deleted": 0,
 "lang": 0,
 "chooseLang": false,
 "id": 932,
 "name": "AKLO (アクロ)",
 "picture": "http://y.gtimg.cn/music/photo_new/T001R300x300M000000dObJF4Xhdrm.jpg?max_age=2592000",
 "originalName": "",
 "nationality": "日本",
 "birthplace": "东京",
 "birthday": "",
 "profession": "歌手",
 "typeId": 12,
 "typeName": "艺人",
 "dataId": 932,
 "url": "http://dropinapp.hearinmusic.com/#/ency?typeId=12&dataId=932"
}