{
 "pageNum": 1,
 "pageSize": 10,
 "params": {},
 "content": "外文名：악동뮤지션、AKMU、Akdong Musician\n昵称：一页成歌队\n团员组成：李灿赫、李秀贤\n团员人数：2名\nAKMU（악동뮤지션、乐童音乐家）是韩国的全创作型兄妹组合，成员包括在蒙韩国人出身的兄妹李灿赫及李秀贤。由于父母是居住在蒙古的传教士，兄妹从小接受妈妈的家庭教学，并表示从未在正统教育体系上过学，成长经历中没有同学也没有同龄朋友。2012年年仅16岁的李灿赫与13岁的李秀贤回到韩国参加《K-pop Star 第二届》歌唱比赛。靠着哥哥充满童趣却发人深省的词曲与妹妹超龄的歌声一炮而红，夺得冠军后与YG娱乐签约。\n2014年4月乐童音乐家发行首张全创作专辑《PLAY》。《PLAY》在韩国数字下载超过700万次，是2014年下载最多的专辑，并获得韩国音乐大奖最佳流行专辑奖，成为有史以来最年轻的得奖者。至2017年3月，乐童音乐家在韩国已售出2000万张数字单曲。\n乐童音乐家发行的所有歌曲都由李灿赫独自作词作曲。\n从艺历程：2012年参加SBS电视台《K-pop Star 2》：明星选拔赛”唱歌比赛，2013年夺得冠军并签约YG Entertainment公司。\n2013年04月24日，为SBS电视剧《我恋爱的一切》演唱OST《I Love You》；4月25日，SBS《K-Pop Star 2》剧组公开了乐童音乐家的专访内容，李灿赫从miss A秀智得到了亲笔签名CD和亲笔信。5月13日公开首个MV《I Love You》完整版，李玹雨出演MV，24日，韩国YG Entertainment通过官网正式公布与乐童音乐家签约；7月16日 Olleh新广告曲《两倍颂》MV公开。\n2014年3月31日，YG娱乐代表杨贤石YG官方博客上公布乐童音乐家4月7日出道，2013年的4月7日他们获得了《k pop star》第二季冠军，因此他们的正式出道日期也定在了这一天；4月5日，在首尔城东区首尔树林户外舞台，举行出道专辑《PLAY》的试听会，当中他们带来氛围明快的主打歌”200%”；4月7日，歌曲《200%》在韩国时间当天下午一点占据了melon、Mnet、olleh、naver music等主要音源网站实时排行榜首位，14日晚公开主打歌曲《Melted》MV并确定《Give Love》为第三主打歌曲；18日，登上美国音乐排行榜的第二位；20日，乐童音乐家在《人气歌谣》获得正式出道后的首个一位；5月初，出道专辑第三主打曲《Give Love》MV公开，7日，美国公告牌刊载了介绍乐童音乐家的第三支主打曲《Give Love》MV的新闻报道；6月5日，乐童音乐家通过韩国各大音源网站公开了歌曲《豆糕冰沙》的2014年版——《豆糕冰沙Summer Dance》；6月16日晚9点乐童音乐家翻唱BigBang太阳正规2辑主打曲《眼鼻嘴》的预告照公开；10月10日，乐童音乐家回归歌曲《时间与落叶》音源公开；11月21日，以首尔为起点，举行首次韩国巡回公演“AKMU CAMP”。\n2016年4月29日上午，乐童音乐家透过官方 Facebook 公开全新专辑《思春记 上》的曲目。包含双主打歌《RE-BYE》、《People Moving》在内，共收录六首歌。 4月29日通过官方 YouTube 频道释出主打歌《HOW PEOPLE MOVE (사람들이 움직이는 게)》的预告。韩国YG娱乐在30日下午4点 (韩国时间) 通过乐童音乐家官方 YouTube 频道，公开全新专辑双主打歌之一《RE-BYE》MV 预告。5月4日，新专辑《思春记 上》正式发行，主打曲《RE-BYE》横扫Melon、Genie、Mnet、NAVER MUSIC、Ollehmusic、BUGS、Soribada、Monkey3等8个主要音源榜单。10月11日为热播韩剧演唱插曲《Be With You》。\n2017年1月3日乐童音乐家发行新专辑《思春记 下》；2月16日透过官方 Facebook 公布第三首主打曲为《Play Ugly》，并于2月18日释出歌词版MV，以及于翌日登上SBS 人气歌谣作直播表演；3月24日至26日、31日、4月1日至2日，乐童音乐家于首尔西江大学MARY HALL举办6场演唱会；7月20日，发行单曲专辑《SUMMER EPISODE》。\n2019年9月25日，携专辑《SAILING》回归乐坛。自2017年7月发表的《SUMMER EPISODE》之后，时隔2年零2个月发表新专辑的李灿赫表示：“这一次心态与以往不同，格外认真和激动。希望大家和我们的心情是一样的”。而李秀贤也表示：“非常想念和哥哥一起的舞台，为了这一天真的准备了很久，希望能够尽情地展示我们的音乐!”。9月29日下午7时，于汝夷岛汉江公园水光舞台举办新专辑抢听会，抢听会透过 Naver V LIVE 进行直播，及 NAVER NOW RADIO 进行音频直播，在直播中亦提及在11月14及15日会在韩国举行演唱会，也会有世界巡回演唱会。\n荣誉记录：音乐节目\n 2014-5-4    SBS    200%    （获奖）    \n 2014-5-1    M!countdown    200%    （获奖）    \n 2014-4-27    SBS    200%    （获奖）    \n 2014-4-24    M!countdown    200%    （获奖）    \n 2014-4-20    SBS    200%    （获奖）    \n 2014-4-17    M!countdown    200%    （获奖）    \n其它奖项\n 2014-09-25    公告牌    21岁以下最有人气的歌手21 Under 21     （获奖）    \n音乐奖项\n 2018-01-10    第32届    金唱片音源部门本奖     （获奖）    \n 2016-11-19    2016Melon音乐大赏TOP10    （获奖）    \n 2015-02-26    第12届     韩国大众音乐奖最佳流行专辑    《PLAY》    （获奖）\n",
 "remarks": "本词条内容暂未完善仅供参考，多频百科小编正在火速赶来",
 "remarksEn": "本词条内容暂未完善仅供参考，多频百科小编正在火速赶来",
 "status": 0,
 "clickNum": 0,
 "deleted": 0,
 "lang": 0,
 "chooseLang": false,
 "id": 934,
 "name": "AKMU (악동뮤지션)",
 "picture": "http://y.gtimg.cn/music/photo_new/T001R300x300M000003PZeLy0gbd2H.jpg?max_age=2592000",
 "originalName": "乐童音乐家",
 "nationality": "韩国",
 "birthplace": "",
 "birthday": "",
 "profession": "",
 "typeId": 12,
 "typeName": "艺人",
 "dataId": 934,
 "url": "http://dropinapp.hearinmusic.com/#/ency?typeId=12&dataId=934"
}