{
 "pageNum": 1,
 "pageSize": 10,
 "params": {},
 "content": "外文名：알레프、ALEPH\nALEPH(알레프)，韩国二重唱男子组合。\n",
 "remarks": "本词条内容暂未完善仅供参考，多频百科小编正在火速赶来",
 "remarksEn": "本词条内容暂未完善仅供参考，多频百科小编正在火速赶来",
 "status": 0,
 "clickNum": 0,
 "deleted": 0,
 "lang": 0,
 "chooseLang": false,
 "id": 1032,
 "name": "ALEPH (알레프)",
 "picture": "http://y.gtimg.cn/music/photo_new/T001R300x300M000002AcEbZ0sE3ta.jpg?max_age=2592000",
 "originalName": "",
 "nationality": "韩国",
 "birthplace": "",
 "birthday": "",
 "profession": "",
 "typeId": 12,
 "typeName": "艺人",
 "dataId": 1032,
 "url": "http://dropinapp.hearinmusic.com/#/ency?typeId=12&dataId=1032"
}