{
 "pageNum": 1,
 "pageSize": 10,
 "params": {},
 "content": "外文名：ALIEN LIBERTY INTERNATIONAL\n团员人数：7人\n团员组成：LEO、KAHADIO、YU、LUTHFI、ALEX 、JIN、CÉSAR\nALI，全称ALIEN LIBERTY INTERNATIONAL。一支于2016年在东京涉谷成立的跨国说唱、放克乐队，乐队的所有成员都来自日本，欧洲，美洲，亚洲和非洲。代表作《Wild Side》。\n",
 "remarks": "本词条内容暂未完善仅供参考，多频百科小编正在火速赶来",
 "remarksEn": "本词条内容暂未完善仅供参考，多频百科小编正在火速赶来",
 "status": 0,
 "clickNum": 0,
 "deleted": 0,
 "lang": 0,
 "chooseLang": false,
 "id": 1151,
 "name": "ALI",
 "picture": "http://y.gtimg.cn/music/photo_new/T001R300x300M0000042Hu2u25Frfn.jpg?max_age=2592000",
 "originalName": "",
 "nationality": "日本",
 "birthplace": "",
 "birthday": "",
 "profession": "",
 "typeId": 12,
 "typeName": "艺人",
 "dataId": 1151,
 "url": "http://dropinapp.hearinmusic.com/#/ency?typeId=12&dataId=1151"
}