{
 "pageNum": 1,
 "pageSize": 10,
 "params": {},
 "content": "团员组成：黑崎真音、八木沼悟志、濑川素公\n团员人数：3\nALTIMA（アルティマ），日本音乐组合，唱片公司隶属于日本华纳音乐。由m.o.v.e的作曲家濑川素公(MOTSU)，歌手黑崎真音(MAON)，fripSide的键盘手八木沼悟志(SAT)3人组成。\nALTIMA为由英语的“ULTIMATE (终极)”丶“ALMIGHTY (全能)”与“ALTERNATIVE (另类)”集合而成。2016年8月26日，于Animelo Summer Live上公布团体将停止活动\n此团由M.o.v.e 的MOTSU担任领导人，对于音乐研究有着强烈热忱的他们，决定以『电音、rap』为发展方向，而在2010年9月下旬，所组成的一个歌唱团体。一开始是由M.o.v.e的MOTSU和fripside的Sat两位所组成，同样都是身为作曲家的他们，互相感受到对方热爱音乐的心，而开始在作曲方面有进一步的接触。之后由发行第一张单曲「HOTD」( 学园默示录ED ) 的黑崎真音，让他们看到两人所预期的未来，而正式邀请首次登台的歌手「黑崎真音」( MAON )，组成了这个「跨越世代的新音乐家交流」团体。 ALTIMA象征的是「新时代」的来临，由新人歌手黑崎真音，在Sat和MOTSU的带领下，利用那充满魔幻般的声音，再度掀起日本的流行音乐和J-POP/J-HIP的一波风潮。近段时间希望能有更多音乐方面交流的三人，经常一起参与许多活动，而渐渐受到大家的关注。为2010年日本流行音乐的象征，「强悍、华丽、柔和」合而唯一的三角形 = ALTIMA，再次的对日本流行音乐造成许多革命性的进化和创新一代的实力音乐。然而，为了能够更正式的一起参与音乐活动，就在2011年夏天，正式在Sat接受了TV动画「灼眼的夏娜」三期ED作曲委托下，接开序幕。\n",
 "remarks": "本词条内容暂未完善仅供参考，多频百科小编正在火速赶来",
 "remarksEn": "本词条内容暂未完善仅供参考，多频百科小编正在火速赶来",
 "status": 0,
 "clickNum": 0,
 "deleted": 0,
 "lang": 0,
 "chooseLang": false,
 "id": 1315,
 "name": "ALTIMA (アルティマ)",
 "picture": "http://y.gtimg.cn/music/photo_new/T001R300x300M000001q4V4n1mZwNt.jpg?max_age=2592000",
 "originalName": "アルティマ",
 "nationality": "日本",
 "birthplace": "",
 "birthday": "",
 "profession": "",
 "typeId": 12,
 "typeName": "艺人",
 "dataId": 1315,
 "url": "http://dropinapp.hearinmusic.com/#/ency?typeId=12&dataId=1315"
}