{
 "pageNum": 1,
 "pageSize": 10,
 "params": {},
 "content": "我是ALX，出生于2008年10月28日，是一位小学Q音音乐制作人，做的不好的话，请大家多多指教，感谢大家的支持！（由于要有质量，现在开始平均每月发布一首歌）\n",
 "remarks": "本词条内容暂未完善仅供参考，多频百科小编正在火速赶来",
 "remarksEn": "本词条内容暂未完善仅供参考，多频百科小编正在火速赶来",
 "status": 0,
 "clickNum": 0,
 "deleted": 0,
 "lang": 0,
 "chooseLang": false,
 "id": 1328,
 "name": "ALX",
 "picture": "http://y.gtimg.cn/music/photo_new/T001R300x300M000002g57aJ1BmbQe.jpg?max_age=2592000",
 "originalName": "",
 "nationality": "",
 "birthplace": "",
 "birthday": "",
 "profession": "",
 "typeId": 12,
 "typeName": "艺人",
 "dataId": 1328,
 "url": "http://dropinapp.hearinmusic.com/#/ency?typeId=12&dataId=1328"
}