{
 "pageNum": 1,
 "pageSize": 10,
 "params": {},
 "content": "团员组成：ChaCha、Jay Soul\n成立日期：2010年\n成立地点：上海\nAM444是一支“跨风格”、“跨文化”的跨国双人乐队。由上海独立音乐人ChaCha和荷兰制作人Jay Soul于2010年在上海地下电子音乐场地Shelter建立。是一段始于2008年而且一发不可收拾的音乐友谊！\nAM444创造了一种AM444情绪化、充满灵乐感的电子音乐+多元化的中文演唱的音乐形式。饱含多种风格，丰满且充满细节-有时候给人像Björk用中文唱荷兰版J Dilla的歌儿，有时又像Little Dragon，Portishead，Kaytranada一起跟着Erykah Badu的老MV在黑屋子里JAM。\n",
 "remarks": "本词条内容暂未完善仅供参考，多频百科小编正在火速赶来",
 "remarksEn": "本词条内容暂未完善仅供参考，多频百科小编正在火速赶来",
 "status": 0,
 "clickNum": 0,
 "deleted": 0,
 "lang": 0,
 "chooseLang": false,
 "id": 1339,
 "name": "AM444",
 "picture": "http://y.gtimg.cn/music/photo_new/T001R300x300M000002Tk3f04Qh9vy.jpg?max_age=2592000",
 "originalName": "",
 "nationality": "",
 "birthplace": "",
 "birthday": "",
 "profession": "",
 "typeId": 12,
 "typeName": "艺人",
 "dataId": 1339,
 "url": "http://dropinapp.hearinmusic.com/#/ency?typeId=12&dataId=1339"
}