{
 "pageNum": 1,
 "pageSize": 10,
 "params": {},
 "content": "\n与奔驰合作的详细历史：今日提到AMG，我们都知道它是专业改装奔驰的翘楚公司，当然，也已经归于奔驰麾下。但是回溯到60年代，AMG只是一个简单得不能再简单的手工作坊。跟你讲个小插曲：当时有个顾客从德国基尔慕名开着自己的奔驰车来到AMG所在的城市，到处找AMG公司，想改装自己的奔驰。但是寻了一轮之后竟然发现AMG鲜为人知。后来他在一两间小小的车房门口询问“哪里可以找到AMG”的时候，车库里的人告诉他，嘿，兄弟，你眼前的就是AMG！那个顾客有点不敢相信自己的眼睛。最后当他的奔驰车很艰难地塞进AMG的车库里进行改装时，他还是在怀疑，这真的就是AMG吗？ \n",
 "remarks": "本词条内容暂未完善仅供参考，多频百科小编正在火速赶来",
 "remarksEn": "本词条内容暂未完善仅供参考，多频百科小编正在火速赶来",
 "status": 0,
 "clickNum": 0,
 "deleted": 0,
 "lang": 0,
 "chooseLang": false,
 "id": 1399,
 "name": "AMG",
 "picture": "http://y.gtimg.cn/music/photo_new/T001R300x300M000000RjXgo4M0d4t.jpg?max_age=2592000",
 "originalName": "",
 "nationality": "",
 "birthplace": "",
 "birthday": "",
 "profession": "",
 "typeId": 12,
 "typeName": "艺人",
 "dataId": 1399,
 "url": "http://dropinapp.hearinmusic.com/#/ency?typeId=12&dataId=1399"
}