{
 "pageNum": 1,
 "pageSize": 10,
 "params": {},
 "content": "AMMAR 808是著名的突尼斯制作人Sofyann Ben Youssef的别名。 凭借TR-808超低音隆隆声以及极度激进的节奏，他努力进入了北非未来主义的领域。 来自突尼斯的Chegh Hassen Tej，阿尔及利亚的Sofiane Saidi和摩洛哥的Mehdi Nassouli三位来自马格里布中心的强大声音加入 -  AMMAR 808和Maghreb United揭露了殖民边界和分裂主义的错觉，并重新创造了根源和传统。 神秘的音乐世界由古老的脉动节拍驱动。\n",
 "remarks": "本词条内容暂未完善仅供参考，多频百科小编正在火速赶来",
 "remarksEn": "本词条内容暂未完善仅供参考，多频百科小编正在火速赶来",
 "status": 0,
 "clickNum": 0,
 "deleted": 0,
 "lang": 0,
 "chooseLang": false,
 "id": 1415,
 "name": "AMMAR 808",
 "picture": "http://y.gtimg.cn/music/photo_new/T001R300x300M000003B2Jat2BUZx3.jpg?max_age=2592000",
 "originalName": "",
 "nationality": "突尼斯",
 "birthplace": "",
 "birthday": "",
 "profession": "音乐制作人",
 "typeId": 12,
 "typeName": "艺人",
 "dataId": 1415,
 "url": "http://dropinapp.hearinmusic.com/#/ency?typeId=12&dataId=1415"
}