{
 "pageNum": 1,
 "pageSize": 10,
 "params": {},
 "content": "<div>Acid Pro（通常被称为ACID）是一个专业的数字音频工作站（DAW）软件程序，目前由Magix Software开发。它最初被称为Acid pH1，由Sonic Foundry发布，后来由索尼创意软件公司发布为Acid Pro，自2018年春季起由Magix发布为Acid Pro和简化版Acid Music Studio。Acid Pro 8（截至2019年的当前版本）支持32位和64位架构，并有MIDI、ASIO、VST、VST3、DirectX Audio和5.1环绕声支持。</div>\n<div>&nbsp;</div>\n<div><strong>历史</strong></div>\n<div>1998年，位于威斯康星州麦迪逊的Sonic Foundry公司首次推出Acid pH1。它是一个基于循环的音乐编曲器，Acid Loop文件可以简单地拖放，然后自动调整到歌曲的节奏和key，几乎没有音质的下降。</div>\n<div>&nbsp;</div>\n<div>一个使用Acid技术的新锐音乐家的网站被建立起来，名为AcidPlanet.com。该软件在20世纪90年代末和21世纪初在作曲家、制作人和DJ中非常流行，他们对快速创建节拍、音乐纹理或完整的作品和管弦乐感兴趣，几乎可以与任何节奏或key配合。</div>\n<div>&nbsp;</div>\n<div>Sonic Foundry在2003年7月将其Acid、Vegas、Sound Forge、CD Architect、Siren、VideoFactory、ScreenBlast和Batch Converter产品线卖给了Sony Pictures Digital；合并后成立了Sony Creative Software部门。索尼的Acid Pro 6（2006年第三季度发布）推出了一个全数字音频工作站，还包括MIDI和多轨音频录制，完全支持ASIO计算机音频和VST合成器插件标准。</div>\n<div>&nbsp;</div>\n<div>2016年5月20日，德国公司Magix Software GmbH宣布他们已经收购了索尼创意软件组合中的大部分产品。这些产品包括Acid Pro、Vegas Pro、Movie Studio和Sound Forge Pro。Acid Pro 8是Magix收购后的第一个版本，于2018年1月21日宣布，并在2018年春季发布。这次更新带来了新的现代功能，包括增强的界面，支持64位，额外的样本，支持VST3，超过20种DirectX音频效果，能够在5.1环绕声中混合，以及名为Media Manager、BeatMapper和Chopper的新功能。</div>\n<div>&nbsp;</div>\n<div>在不同的版本中，Acid Pro可以运行在自Windows 2000以来的所有微软Windows版本的电脑上；Acid Pro 8需要Windows 8.1或更高版本。没有适用于macOS或Linux的版本。</div>\n<div>&nbsp;</div>\n<div><strong>Acid Loops</strong></div>\n<div>Acid Loop（商标），也叫Acidized或Acidified loop（通用术语），指的是一个可以重复和转调的声音片段，只需最少的手动调整就能形成一首歌曲。Acidized loop包含了tempo 和key 的信息，这样Acid就能正确地将片段的时间拉伸和音高移位，以适应现有的轨道结构。一个Acidized loop是一个特别准备的WAV音频文件，可以用音频编辑工具如Sound Forge来创建。(更多关于音频编辑的信息，请参见Sound effect &sect; Techniques)</div>\n<div>&nbsp;</div>\n<div>这项技术是在1998年为Sonic Foundry的原始Acid pH1软件创造的。索尼和Magix后来出售了一系列Acidized循环样本CD，可以和Acid Pro一起使用，还有各种第三方公司。从那时起，这种循环技术已经被市场上大多数其他数字音频工作站所采用，有时还为该功能起了竞争性的品牌名称，如Cakewalk Sonar（称之为Groove Clips），Cubase（称之为Audio Warp）。许多DAW也可以直接支持用于Acid Pro的Acidized loops。</div>\n<div>&nbsp;</div>\n<div><strong>其他版本</strong></div>\n<div>Acid Music Studio是Acid Pro的一个简化、低成本的版本。截至2019年的最新版本是Acid Music Studio 11。</div>\n<div>&nbsp;</div>\n<div>&nbsp;</div>\n<div>&nbsp;</div>\n<div>&nbsp;</div>",
 "contentEn": "<p>Acid Pro (often stylized ACID) is a professional digital audio workstation (DAW) software program currently developed by Magix Software. It was originally called Acid pH1 and published by Sonic Foundry, later by Sony Creative Software as Acid Pro, and since spring 2018 by Magix as both Acid Pro and a simplified version, Acid Music Studio. Acid Pro 8 (the current version as of 2019) supports 32-bit and 64-bit architectures, and has MIDI, ASIO, VST, VST3, DirectX Audio, and 5.1 surround sound support.</p>\n<p>&nbsp;</p>\n<div>\n<div class=\"document\">\n<p class=\"paragraph text-align-type-left pap-line-1.8 pap-line-rule-auto pap-spacing-before-2pt pap-spacing-after-2pt\"><strong>History</strong></p>\n<p class=\"paragraph text-align-type-left pap-line-1.8 pap-line-rule-auto pap-spacing-before-2pt pap-spacing-after-2pt\">Acid was first launched in 1998, as Acid pH1, by Sonic Foundry in Madison, Wisconsin. It was a loop-based music sequencer, in which Acid Loop files could be simply drag-and-dropped then automatically adjust to the tempo and key of a song with virtually no sonic degradation.</p>\n<p class=\"paragraph text-align-type-left pap-line-1.8 pap-line-rule-auto pap-spacing-before-2pt pap-spacing-after-2pt\">&nbsp;</p>\n<p class=\"paragraph text-align-type-left pap-line-1.8 pap-line-rule-auto pap-spacing-before-2pt pap-spacing-after-2pt\">A website for budding musicians using Acid technology was set up, named AcidPlanet.com. The software became very popular in the late 1990s and early 2000s among composers, producers, and DJs interested in quickly creating beats, music textures, or complete compositions and orchestrations, that would work with virtually any tempo or key signature.</p>\n<p class=\"paragraph text-align-type-left pap-line-1.8 pap-line-rule-auto pap-spacing-before-2pt pap-spacing-after-2pt\">&nbsp;</p>\n<p class=\"paragraph text-align-type-left pap-line-1.8 pap-line-rule-auto pap-spacing-before-2pt pap-spacing-after-2pt\">Sonic Foundry sold its Acid, Vegas, Sound Forge, CD Architect, Siren, VideoFactory, ScreenBlast, and Batch Converter product lines to Sony Pictures Digital in July 2003; the merger resulted in the new Sony Creative Software division. Sony's Acid Pro 6 (released in the third quarter of 2006) introduced a full-digital audio workstation that also included MIDI and multitrack audio recording with full support for ASIO computer-audio and VST synthesizer-plugin standards.</p>\n<p class=\"paragraph text-align-type-left pap-line-1.8 pap-line-rule-auto pap-spacing-before-2pt pap-spacing-after-2pt\">&nbsp;</p>\n<p class=\"paragraph text-align-type-left pap-line-1.8 pap-line-rule-auto pap-spacing-before-2pt pap-spacing-after-2pt\">On May 20, 2016, German company Magix Software GmbH announced they had acquired the majority of the products in the Sony Creative Software portfolio. These include Acid Pro, Vegas Pro, Movie Studio, and Sound Forge Pro. Acid Pro 8, the first version since Magix's acquisition, was announced on January 21, 2018 and released in spring 2018. The update came with new modern features including an enhanced interface, support for 64-bit, additional samples, VST3 support, over 20 DirectX audio effects, the ability to mix in 5.1 surround sound, and new features named Media Manager, BeatMapper, and Chopper.</p>\n<p class=\"paragraph text-align-type-left pap-line-1.8 pap-line-rule-auto pap-spacing-before-2pt pap-spacing-after-2pt\">&nbsp;</p>\n<p class=\"paragraph text-align-type-left pap-line-1.8 pap-line-rule-auto pap-spacing-before-2pt pap-spacing-after-2pt\">In one version or another, Acid Pro runs on PCs with all versions of Microsoft Windows since Windows 2000; Acid Pro 8 requires Windows 8.1 or later. Versions do not exist for macOS or Linux.</p>\n<p class=\"paragraph text-align-type-left pap-line-1.8 pap-line-rule-auto pap-spacing-before-2pt pap-spacing-after-2pt\">&nbsp;</p>\n<p class=\"paragraph text-align-type-left pap-line-1.8 pap-line-rule-auto pap-spacing-before-2pt pap-spacing-after-2pt\"><strong>Acid Loops</strong></p>\n<p class=\"paragraph text-align-type-left pap-line-1.8 pap-line-rule-auto pap-spacing-before-2pt pap-spacing-after-2pt\">Acid Loop (trademark), also Acidized or Acidified loop (generic terms), refers to a sound clip which can be repeated and transposed to form a song with minimal manual adjustment. Acidized loops contain tempo and key information, so that Acid can properly time-stretch and pitch-shift the clip to fit into an existing track structure. An Acidized loop is a specially prepared WAV audio file, which can be created using an audio-editing tool such as Sound Forge. (For more information on audio editing, see Sound effect &sect; Techniques).</p>\n<p class=\"paragraph text-align-type-left pap-line-1.8 pap-line-rule-auto pap-spacing-before-2pt pap-spacing-after-2pt\">&nbsp;</p>\n<p class=\"paragraph text-align-type-left pap-line-1.8 pap-line-rule-auto pap-spacing-before-2pt pap-spacing-after-2pt\">The technology was created in 1998 for Sonic Foundry's original Acid pH1 software. Sony and Magix later sold series of Acidized loop sample CDs to be used with Acid Pro, as have various third-party companies. Since then, this looping technique has been adopted by the majority of other digital audio workstations on the market, sometimes with competing brand names for the feature, such as Cakewalk Sonar (calling it Groove Clips), and Cubase (calling it Audio Warp). Many DAWs can also directly support Acidized loops intended for use in Acid Pro.</p>\n<p class=\"paragraph text-align-type-left pap-line-1.8 pap-line-rule-auto pap-spacing-before-2pt pap-spacing-after-2pt\">&nbsp;</p>\n<p class=\"paragraph text-align-type-left pap-line-1.8 pap-line-rule-auto pap-spacing-before-2pt pap-spacing-after-2pt\"><strong>Other versions</strong></p>\n<p class=\"paragraph text-align-type-left pap-line-1.8 pap-line-rule-auto pap-spacing-before-2pt pap-spacing-after-2pt\">Acid Music Studio is a simplified, lower-cost version of Acid Pro. The latest version as of 2019 is Acid Music Studio 11.</p>\n<p class=\"paragraph text-align-type-left pap-line-1.8 pap-line-rule-auto pap-spacing-before-2pt pap-spacing-after-2pt\">&nbsp;</p>\n</div>\n</div>\n<p>&nbsp;</p>",
 "remarks": "本词条汉字内容由 @多频百科团队 翻译+编辑\n原文译自  https://en.m.wikipedia.org/wiki/Acid_Pro",
 "remarksEn": "本词条内容来自 https://en.m.wikipedia.org/wiki/Acid_Pro",
 "status": 1,
 "clickNum": 7,
 "deleted": 0,
 "lang": 0,
 "chooseLang": true,
 "id": 42,
 "name": "ACID Pro",
 "categoryText": "数字音频工作站",
 "descriptions": "Acid Pro（通常被称为ACID）是一个专业的数字音频工作站（DAW）软件程序，目前由Magix Software开发。它最初被称为Acid pH1，由Sonic Foundry发布，后来由索尼创意软件公司发布为Acid Pro，自2018年春季起由Magix发布为Acid Pro和简化版Acid Music Studio。Acid Pro 8（截至2019年的当前版本）支持32位和64位架构，并有MIDI、ASIO、VST、VST3、DirectX Audio和5.1环绕声支持。",
 "picture": "https://duopin-community.oss-cn-shenzhen.aliyuncs.com/image/2021/8/wdn1brt3n92773f6i7yp.jpg",
 "referenceUrl": "https://en.m.wikipedia.org/wiki/Acid_Pro",
 "typeId": 11,
 "typeName": "其他",
 "dataId": 42,
 "url": "http://dropinapp.hearinmusic.com/#/ency?typeId=11&dataId=42"
}