{
 "pageNum": 1,
 "pageSize": 10,
 "params": {},
 "keywords": "BA",
 "content": "<p>BeatArray是一个通用音乐厂牌投稿平台，由OneFanki独立进行开发。（网址：https://www.beatarray.com）</p>\n<p>&nbsp;</p>\n<p>BeatArray（以下简称BA）为音乐厂牌提供免费的入驻、歌曲审核、管理服务，帮助厂牌更好的管理音乐人投稿。同时用户也可以免费注册，并在平台上选择喜欢的厂牌进行投稿，并可以参与社区交流。</p>\n<p>&nbsp;</p>\n<p>截止2021.8.22日，已有超过1100个注册用户，2400余个作品投稿，以及130余个厂牌入驻，其中包含一些国际厂牌。</p>\n<p>&nbsp;</p>\n<p><img style=\"display: block; margin-left: auto; margin-right: auto;\" src=\"https://duopin-community.oss-cn-shenzhen.aliyuncs.com/image/2021/8/2ui7o4dfygrk6o805183.png\" alt=\"\" width=\"692\" height=\"368\" /></p>\n<p>&nbsp;</p>\n<p><strong>厂牌系统</strong></p>\n<p>厂牌列表页会根据厂牌热度对厂牌进行排序，投稿量多的厂牌，将会有更靠前的排名，获得更多的曝光量，但这只是一个排序参考，热度并不能代表厂牌水准，BA会尽力对每一个厂牌平等对待。</p>\n<p>&nbsp;</p>\n<p><img style=\"display: block; margin-left: auto; margin-right: auto;\" src=\"https://duopin-community.oss-cn-shenzhen.aliyuncs.com/image/2021/8/q639s3g49uxkr0hdgsiw.png\" alt=\"\" width=\"692\" height=\"368\" /></p>\n<p>&nbsp;</p>\n<p>在厂牌的详情页，可以看到厂牌的基本信息介绍，以及厂牌自己定制的详细介绍内容，厂牌的公告，成员信息同样可以便捷的查看。</p>\n<p>&nbsp;</p>\n<p>每个厂牌都会有自己独立的地址链接，只需要在 www.beatarray.com/record/ 后加上厂牌自己去掉空格的英文名即可。</p>\n<p>&nbsp;</p>\n<p><img style=\"display: block; margin-left: auto; margin-right: auto;\" src=\"https://duopin-community.oss-cn-shenzhen.aliyuncs.com/image/2021/8/7lyqw7gu2clfye4ukzog.png\" alt=\"\" width=\"363\" height=\"782\" /></p>\n<p>&nbsp;</p>\n<p style=\"text-align: center;\"><img src=\"https://duopin-community.oss-cn-shenzhen.aliyuncs.com/image/2021/8/79b5k8dzgts3dixot5bi.png\" alt=\"\" width=\"363\" height=\"782\" /></p>\n<p>&nbsp;</p>\n<p>用户可以在厂牌页的&ldquo;投稿&rdquo;选项卡处对该厂牌进行投稿，平台将会提供标准的投稿表单，规范用户投稿格式，方便厂牌收集信息，同时在线投稿也方便了用户投稿，无需再使用邮箱。</p>\n<p>&nbsp;</p>\n<p style=\"text-align: center;\"><img src=\"https://duopin-community.oss-cn-shenzhen.aliyuncs.com/image/2021/8/j53t72e0jyc2td9pkpsc.png\" alt=\"\" width=\"692\" height=\"516\" /></p>\n<p>&nbsp;</p>\n<p>所有投稿记录都将保存，并可以在&ldquo;我的投稿&rdquo;处查看，稿件审核状态变化，将会有通知提示。</p>\n<p>&nbsp;</p>\n<p style=\"text-align: center;\"><img src=\"https://duopin-community.oss-cn-shenzhen.aliyuncs.com/image/2021/8/ep4g3qzzq6sgge5w2pxa.png\" alt=\"\" width=\"692\" height=\"368\" /></p>\n<p>&nbsp;</p>\n<p><strong>社区系统</strong></p>\n<p>BA目前拥有一个简单的社区系统，用户可以在社区进行交流，而厂牌管理人员同样会在这里与大家互动。目前社区功能还较简单，而在2021年结束前，BA将进行全站重构，届时将会完善社区系统。</p>\n<p>&nbsp;</p>\n<p style=\"text-align: center;\"><img src=\"https://duopin-community.oss-cn-shenzhen.aliyuncs.com/image/2021/8/9yb2m900cqv4nwgqes7q.png\" alt=\"\" width=\"363\" height=\"782\" /></p>\n<p style=\"text-align: center;\">&nbsp;</p>\n<p style=\"text-align: center;\"><img src=\"https://duopin-community.oss-cn-shenzhen.aliyuncs.com/image/2021/8/rli29s0sq61p3q2nu3h5.png\" alt=\"\" width=\"363\" height=\"782\" /></p>\n<p>&nbsp;</p>\n<p><strong>厂牌管理系统</strong></p>\n<p>厂牌入驻后，将会拥有厂牌后台管理系统，并提供若干管理功能。</p>\n<p>&nbsp;&nbsp;&nbsp;&nbsp;</p>\n<p><span style=\"text-decoration: underline;\">1. 厂牌投稿统计</span></p>\n<p>所有投稿信息都会保留，并提供可视化的数据统计，帮助厂牌管理人员分析投稿情况。</p>\n<p style=\"text-align: center;\"><img src=\"https://duopin-community.oss-cn-shenzhen.aliyuncs.com/image/2021/8/onri8voynmf5j3mxiled.png\" alt=\"\" width=\"692\" height=\"368\" /></p>\n<p>&nbsp;</p>\n<p><span style=\"text-decoration: underline;\">2. 投稿管理</span></p>\n<p>所有用户投稿都将显示在此处，厂牌审核可以在此处对稿件进行在线审核，一键拒绝稿件或通过稿件，并可以直接查看到投稿人信息。如果希望关闭投稿通道，可以在&ldquo;厂牌介绍&rdquo;处关闭投稿通道。</p>\n<p style=\"text-align: center;\"><img src=\"https://duopin-community.oss-cn-shenzhen.aliyuncs.com/image/2021/8/fvnkuk5yvqpvbetzsrmb.png\" alt=\"\" width=\"692\" height=\"368\" /></p>\n<p>&nbsp;</p>\n<p><span style=\"text-decoration: underline;\">3. 厂牌介绍管理</span></p>\n<p>管理员可以在此处管理厂牌对外展示的信息，详情部分提供MarkDown编辑器，可自由定制厂牌页，甚至嵌入你自己的网页。</p>\n<p style=\"text-align: center;\"><img src=\"https://duopin-community.oss-cn-shenzhen.aliyuncs.com/image/2021/8/qnga7wo7c87792s7g9l6.png\" alt=\"\" width=\"692\" height=\"368\" /></p>\n<p>&nbsp;</p>\n<p><span style=\"text-decoration: underline;\">4. 成员管理</span></p>\n<p>管理员可以在此处添加成员，成员将会对外展示在厂牌详情页，可以添加厂牌管理人员，也可以添加厂牌签约艺人。</p>\n<p style=\"text-align: center;\"><img src=\"https://duopin-community.oss-cn-shenzhen.aliyuncs.com/image/2021/8/scff8ph5e96jmjb2bjvk.png\" alt=\"\" width=\"692\" height=\"368\" /></p>\n<p>&nbsp;</p>\n<p><span style=\"text-decoration: underline;\">5. 黑名单</span></p>\n<p>如遇到恶意投稿的用户，厂牌审核可直接将其账号拉黑，则此用户将无法投稿该厂牌。</p>\n<p>&nbsp;</p>\n<p><span style=\"text-decoration: underline;\">6. 公告管理</span></p>\n<p>管理员可在此处添加公告，公告将显示在厂牌详情页，帮助用户获取厂牌最新通知。</p>\n<p>&nbsp;</p>\n<p><span style=\"text-decoration: underline;\">7. 权限管理</span></p>\n<p>厂牌权限分为厂牌超级管理员、厂牌管理员、厂牌审核。厂牌超级管理员将可以为任意用户赋予厂牌权限，帮助进行厂牌的管理。</p>\n<p style=\"text-align: center;\"><img src=\"https://duopin-community.oss-cn-shenzhen.aliyuncs.com/image/2021/8/896vhz3a5v63gpamf3el.png\" alt=\"\" width=\"692\" height=\"368\" /></p>\n<p>&nbsp;</p>\n<p>BeatArray始终坚持厂牌免费入驻，帮助电子音乐在国内的发展，目前也许仍存在诸多问题，但是一定会越做越好，目前仅OneFanki一人在工作之余开发，进度较慢，预计在9月开始进行全站重构，在21年底重构完成，如有任何建议或疑问，可以添加BAQQ交流群提出。</p>\n<p>&nbsp;</p>\n<p><strong>厂牌如何入驻</strong></p>\n<p>BeatArray目前并没有提供在线入驻服务，因此需要添加交流群，咨询管理员。</p>\n<p>&nbsp;</p>\n<p>BeatArrayQQ交流群：1030265567</p>",
 "contentEn": "",
 "remarks": "本词条内容和图片由 BeatArray节奏阵列 提供",
 "remarksEn": "本词条内容暂未完善仅供参考，多频百科小编正在火速赶来",
 "status": 1,
 "clickNum": 1,
 "deleted": 0,
 "lang": 0,
 "chooseLang": false,
 "id": 615,
 "name": "BeatArray 节奏阵列",
 "categoryText": "组织/机构",
 "descriptions": "BeatArray 是一个通用音乐厂牌投稿平台，由 OneFanki 独立进行开发。",
 "picture": "https://duopin-community.oss-cn-shenzhen.aliyuncs.com/image/2021/8/pz0jtjasv9y0ljqkhtvt.jpg",
 "referenceUrl": "https://www.beatarray.com",
 "typeId": 11,
 "typeName": "其他",
 "dataId": 615,
 "url": "http://dropinapp.hearinmusic.com/#/ency?typeId=11&dataId=615"
}