{
 "pageNum": 1,
 "pageSize": 10,
 "params": {},
 "relationChannel": "[{\"id\":1049,\"parentId\":11,\"name\":\"Bitwig\"}]",
 "content": "<div>\n<div class=\"document\">\n<p class=\"paragraph text-align-type-left pap-line-1.8 pap-line-rule-auto pap-spacing-before-2pt pap-spacing-after-2pt\">Bitwig Studio是由 Bitwig GmbH 开发的专有数字音频工作站。Bitwig 适用于Linux、macOS和Windows。Bitwig 是现场表演的乐器以及作曲、录音、编曲、混音和母带制作的工具。它提供了一套用于节拍匹配、淡入淡出的控件，以及唱盘歌手使用的其他效果。Bitwig 支持传统的线性音乐编排和非线性（基于剪辑）制作。它具有多显示器和触摸屏支持。Bitwig 以其强大的调制、和自动化功能而著称。Bitwig目前的稳定版本是&ldquo;Bitwig Studio 4.0&rdquo;，于2021年7月13日发布。2017年，Bitwig Studio被Computer Music杂志评为年度DAW 。</p>\n<p class=\"paragraph text-align-type-left pap-line-1.8 pap-line-rule-auto pap-spacing-before-2pt pap-spacing-after-2pt\">&nbsp;</p>\n<p class=\"paragraph text-align-type-left pap-line-1.8 pap-line-rule-auto pap-spacing-before-2pt pap-spacing-after-2pt\"><strong>历史</strong></p>\n<p class=\"paragraph text-align-type-left pap-line-1.8 pap-line-rule-auto pap-spacing-before-2pt pap-spacing-after-2pt\">Bitwig由 Claes Johanson、Pablo Sara、Nicholas Allen 和 Volker Schumacher 于 2009 年在柏林创立和开发。自 2010 年以来，Placidus Schelbert在离任Ableton国际销售经理后一直担任Bitwig的首席执行官。</p>\n</div>\n</div>",
 "contentEn": "<p><strong>Bitwig Studio</strong>&nbsp;is a proprietary&nbsp;digital audio workstation&nbsp;developed by Bitwig GmbH. Bitwig is available for&nbsp;Linux,&nbsp;macOS, and&nbsp;Windows. Bitwig is designed to be an instrument for live performances as well as a tool for&nbsp;composing,&nbsp;recording,&nbsp;arranging,&nbsp;mixing, and&nbsp;mastering. It offers a suite of controls for&nbsp;beatmatching,&nbsp;crossfading, and other effects used by turntablists. Bitwig supports both traditional linear music arrangement and non-linear (clip-based) production. It has multi-monitor and touch screen support. Bitwig is notable for its strong modulation,<sup id=\"cite_ref-2\" class=\"reference\">[2]</sup>&nbsp;and automation capabilities.<sup id=\"cite_ref-3\" class=\"reference\">[3]</sup>&nbsp;The current stable version of Bitwig is \"Bitwig Studio 4.0\", and was released on 13 July 2021. In 2017, Bitwig Studio was named DAW of the year by&nbsp;Computer Music (magazine).<sup id=\"cite_ref-4\" class=\"reference\">[4]</sup><sup id=\"cite_ref-5\" class=\"reference\">[5]</sup></p>\n<p>&nbsp;</p>\n<h2><span id=\"History\" class=\"mw-headline\">History</span></h2>\n<p>Bitwig was founded and developed in&nbsp;Berlin&nbsp;by Claes Johanson, Pablo Sara, Nicholas Allen and Volker Schumacher in 2009.<sup id=\"cite_ref-6\" class=\"reference\">[6]</sup>&nbsp;Since 2010, Placidus Schelbert has been the&nbsp;CEO&nbsp;after he left his position as an International Sales Manager at&nbsp;Ableton, in the same year.<sup id=\"cite_ref-7\" class=\"reference\">[7]</sup></p>\n<p>&nbsp;</p>\n<h2><span id=\"References\" class=\"mw-headline\">References</span></h2>\n<div class=\"reflist\">\n<div class=\"mw-references-wrap\">\n<ol class=\"references\">\n<li id=\"cite_note-1\"><span class=\"mw-cite-backlink\"><strong>^</strong></span>&nbsp;<span class=\"reference-text\"><cite class=\"citation web cs1\">\"Sascha Gehlich\".&nbsp;<em>www.facebook.com</em>.</cite></span></li>\n<li id=\"cite_note-2\"><span class=\"mw-cite-backlink\"><strong>^</strong></span>&nbsp;<span class=\"reference-text\"><cite id=\"CITEREFRothwell\" class=\"citation web cs1\">Rothwell, Nick.&nbsp;\"Bitwig Studio 2\".&nbsp;<em>www.soundonsound.com</em>.</cite></span></li>\n<li id=\"cite_note-3\"><span class=\"mw-cite-backlink\"><strong>^</strong></span>&nbsp;<span class=\"reference-text\"><cite id=\"CITEREFStaff\" class=\"citation web cs1\">Staff.&nbsp;\"Bitwig Studio review\".&nbsp;<em>MusicRadar</em>.</cite></span></li>\n<li id=\"cite_note-4\"><span class=\"mw-cite-backlink\"><strong>^</strong></span>&nbsp;<span class=\"reference-text\"><cite class=\"citation web cs1\">\"Bitwig | News | Daw of the Year\".&nbsp;<em>www.bitwig.com</em>.</cite></span></li>\n<li id=\"cite_note-5\"><span class=\"mw-cite-backlink\"><strong>^</strong></span>&nbsp;<span class=\"reference-text\"><cite class=\"citation magazine cs1\">\"DAW of the Year - Winner - Bitwig Studio 2\".&nbsp;<em>Computer Music</em>. No.&nbsp;251. United Kingdom:&nbsp;Future Publishing. January 2018. p.&nbsp;65.</cite></span></li>\n<li id=\"cite_note-6\"><span class=\"mw-cite-backlink\"><strong>^</strong></span>&nbsp;<span class=\"reference-text\"><cite class=\"citation web cs1\">\"BITWIG &ndash; About us\". 7 August 2011. Archived from&nbsp;the original&nbsp;on 7 August 2011.</cite></span></li>\n<li id=\"cite_note-7\"><span class=\"mw-cite-backlink\"><strong>^</strong></span>&nbsp;<span class=\"reference-text\">https://www.linkedin.com/in/placidusschelbert/?originalSubdomain=de</span></li>\n<li id=\"cite_note-8\"><span class=\"mw-cite-backlink\"><strong>^</strong></span>&nbsp;<span class=\"reference-text\"><cite class=\"citation web cs1\">\"Bitwig Devices\".</cite></span></li>\n</ol>\n</div>\n</div>",
 "remarks": "本词条汉字内容由 @多频百科团队 翻译+编辑\n原文译自 https://en.wikipedia.org/wiki/Bitwig_Studio",
 "remarksEn": "本词条内容来自 https://en.wikipedia.org/wiki/Bitwig_Studio",
 "status": 1,
 "clickNum": 4,
 "deleted": 0,
 "lang": 0,
 "chooseLang": true,
 "id": 51,
 "name": "Bitwig Studio",
 "categoryText": "数字音频工作站",
 "descriptions": "Bitwig Studio是由 Bitwig GmbH 开发的专有数字音频工作站。Bitwig 适用于Linux、macOS和Windows。Bitwig 是现场表演的乐器以及作曲、录音、编曲、混音和母带制作的工具。",
 "picture": "https://duopin-community.oss-cn-shenzhen.aliyuncs.com/0ofij34ywhdba9e7pcki.png",
 "referenceUrl": "https://en.wikipedia.org/wiki/Bitwig_Studio",
 "typeId": 11,
 "typeName": "其他",
 "dataId": 51,
 "url": "http://dropinapp.hearinmusic.com/#/ency?typeId=11&dataId=51"
}