{
 "pageNum": 1,
 "pageSize": 10,
 "params": {},
 "content": "<div>\n<div class=\"document\">\n<p class=\"paragraph text-align-type-left pap-line-1.8 pap-line-rule-auto pap-spacing-before-2pt pap-spacing-after-2pt\">样本唱片，又称作试听带、样本歌曲、演示带、示范带、派台歌曲[1]，英文常被通称作&ldquo;Demo&rdquo;，是英文&ldquo;Demonstration&rdquo;（演示、示范、展示）的简写。样本唱片是指歌曲在正式发行前录音来提供参考的版本。样本唱片让音乐创作者能大略的将自己的构想，录制在卡式录音带或激光唱片上，提供唱片公司、制作人或其他歌手作为参考。</p>\n<p class=\"paragraph text-align-type-left pap-line-1.8 pap-line-rule-auto pap-spacing-before-2pt pap-spacing-after-2pt\">&nbsp;</p>\n<p class=\"paragraph text-align-type-left pap-line-1.8 pap-line-rule-auto pap-spacing-before-2pt pap-spacing-after-2pt\">音乐创作者也常使用样本唱片来和乐团的同伴或编曲家分享彼此的概念想法；有时候作曲家也会将样本唱片提供给歌手，希望能够让歌曲被正式的录音和发行；音乐出版商也常需要简易的录音版本以作为发行或版权的参考。</p>\n<p class=\"paragraph text-align-type-left pap-line-1.8 pap-line-rule-auto pap-spacing-before-2pt pap-spacing-after-2pt\">&nbsp;</p>\n<p class=\"paragraph text-align-type-left pap-line-1.8 pap-line-rule-auto pap-spacing-before-2pt pap-spacing-after-2pt\"><strong>功能</strong></p>\n<p class=\"paragraph text-align-type-left pap-line-1.8 pap-line-rule-auto pap-spacing-before-2pt pap-spacing-after-2pt\">许多未被签约的乐团和歌手会为了获得唱片合约，而录制样本唱片。这些样本唱片都会被送到唱片公司，希望能让乐团或歌手能被唱片公司签下，并进入专业录音室录制完整长度的专辑。然而，大型的唱片公司常会忽略利用邮件主动提供的示范唱片；歌手通常需要利用更有创意的方式，来将这些样本唱片送至唱片公司的决策者手中。</p>\n<p class=\"paragraph text-align-type-left pap-line-1.8 pap-line-rule-auto pap-spacing-before-2pt pap-spacing-after-2pt\">&nbsp;</p>\n<p class=\"paragraph text-align-type-left pap-line-1.8 pap-line-rule-auto pap-spacing-before-2pt pap-spacing-after-2pt\">作曲家和出版商所制作的样本唱片，通常是使用最少的乐器演奏录制，通常只有一把吉他或钢琴以及演唱人声的部分。在台湾的唱片业界，有时候当样本唱片中的歌曲尚未填词时，为了让聆听者能大致了解歌曲的感觉，因此在配唱时常常会以无意义的歌词或随意哼唱的英语或日语代替。艾尔顿&middot;强和唐纳文的经纪人也处理和音乐发行相关的事务，因此他们早期都是在录音室中帮其他歌手录制样本唱片来增加实际经验。</p>\n<p class=\"paragraph text-align-type-left pap-line-1.8 pap-line-rule-auto pap-spacing-before-2pt pap-spacing-after-2pt\">&nbsp;</p>\n<p class=\"paragraph text-align-type-left pap-line-1.8 pap-line-rule-auto pap-spacing-before-2pt pap-spacing-after-2pt\">许多已签约的乐团和歌手也会在录制专辑前，先制作新歌的样本。样本唱片可以让乐手与乐团的同伴分享彼此的想法，也能藉以发展出歌曲的数种不同版本，或是用快速录制的版本决定哪一首歌曲较有可发展性。</p>\n<p class=\"paragraph text-align-type-left pap-line-1.8 pap-line-rule-auto pap-spacing-before-2pt pap-spacing-after-2pt\">&nbsp;</p>\n<p class=\"paragraph text-align-type-left pap-line-1.8 pap-line-rule-auto pap-spacing-before-2pt pap-spacing-after-2pt\">样本唱片通常是使用较为简易的设备录制，例如卡式录音机、或小型的4轨或8轨录音机器，有时这些样本歌曲比起经过后制最后完成版本，更能抓住歌手的感受或想表现的气氛。路&middot;瑞德在80年代时为了录制他的专辑《纽约》（New&nbsp;York）找了一间录音室，在那里经过修饰的声音就和他在家录制的粗糙录音带一样让他满意。（专辑的B面歌曲实际上就是从他在家录制的歌曲转录而成。）</p>\n<p class=\"paragraph text-align-type-left pap-line-1.8 pap-line-rule-auto pap-spacing-before-2pt pap-spacing-after-2pt\">&nbsp;</p>\n<p class=\"paragraph text-align-type-left pap-line-1.8 pap-line-rule-auto pap-spacing-before-2pt pap-spacing-after-2pt\"><strong>可用性</strong></p>\n<p class=\"paragraph text-align-type-left pap-line-1.8 pap-line-rule-auto pap-spacing-before-2pt pap-spacing-after-2pt\">录制出来的样本歌曲很少会对一般大众公开，但也有些歌手会在精选辑中收录当初录制的样本歌曲。由于近年来独立音乐蓬勃发展，因此也有许多网站提供平台，让独立乐团或歌手将自行录制的样本歌曲的上传和发表（参见外部链接）。威瑟乐团（Weezer）也有在网络上公开许多样本歌曲[1]。</p>\n<p class=\"paragraph text-align-type-left pap-line-1.8 pap-line-rule-auto pap-spacing-before-2pt pap-spacing-after-2pt\">&nbsp;</p>\n<p class=\"paragraph text-align-type-left pap-line-1.8 pap-line-rule-auto pap-spacing-before-2pt pap-spacing-after-2pt\">以下是知名的正式发行的样本唱片版本：</p>\n<p class=\"paragraph text-align-type-left pap-line-1.8 pap-line-rule-auto pap-spacing-before-2pt pap-spacing-after-2pt\">莎拉&middot;克劳克兰&nbsp;-&nbsp;The&nbsp;Freedom&nbsp;Sessions</p>\n<p class=\"paragraph text-align-type-left pap-line-1.8 pap-line-rule-auto pap-spacing-before-2pt pap-spacing-after-2pt\">皮特&middot;汤申德（Pete&nbsp;Townshend）&nbsp;-&nbsp;Scoop</p>\n<p class=\"paragraph text-align-type-left pap-line-1.8 pap-line-rule-auto pap-spacing-before-2pt pap-spacing-after-2pt\">性手枪乐团&nbsp;-&nbsp;4&nbsp;Track&nbsp;Demos</p>\n<p class=\"paragraph text-align-type-left pap-line-1.8 pap-line-rule-auto pap-spacing-before-2pt pap-spacing-after-2pt\">布鲁斯&middot;史普林斯汀的样本唱片《Nebraska》是在乐团证实停止活动后作为最后一张专辑发行。</p>\n<p class=\"paragraph text-align-type-left pap-line-1.8 pap-line-rule-auto pap-spacing-before-2pt pap-spacing-after-2pt\">吉米&middot;亨德里克斯的歌曲&ldquo;The&nbsp;Wind&nbsp;Cries&nbsp;Mary&rdquo;，收录在专辑《Are&nbsp;You&nbsp;Experienced?》中。</p>\n<p class=\"paragraph text-align-type-left pap-line-1.8 pap-line-rule-auto pap-spacing-before-2pt pap-spacing-after-2pt\">披头四乐团的《Anthology》收录了许多样本歌曲。</p>\n<p class=\"paragraph text-align-type-left pap-line-1.8 pap-line-rule-auto pap-spacing-before-2pt pap-spacing-after-2pt\">&nbsp;</p>\n<p class=\"paragraph text-align-type-left pap-line-1.8 pap-line-rule-auto pap-spacing-before-2pt pap-spacing-after-2pt\">约翰&middot;蓝侬和小野洋子的专辑《Milk&nbsp;and&nbsp;Honey》收录了两首未完成的样本歌曲：蓝侬的&ldquo;Grow&nbsp;Old&nbsp;With&nbsp;Me&rdquo;由于蓝侬过世而无法完成，以及小野的&ldquo;Let&nbsp;Me&nbsp;Count&nbsp;The&nbsp;Ways&rdquo;是刻意搁置的未完成作品。（两首歌曲都是受到蓝侬和小野崇敬的诗人&mdash;&mdash;罗勃特&middot;勃朗宁和伊丽莎白&middot;巴芮特&middot;勃朗宁的影响）</p>\n</div>\n</div>",
 "contentEn": "<div>\n<div class=\"document\">\n<p class=\"paragraph text-align-type-left pap-line-1.8 pap-line-rule-auto pap-spacing-before-2pt pap-spacing-after-2pt\">A demo (shortened from \"demonstration\") is a song or group of songs typically recorded for limited circulation or for reference use, rather than for general public release. A demo is a way for a musician to approximate their ideas in a fixed format, such as cassette tape, compact disc, or digital audio files, and to thereby pass along those ideas to record labels, producers, or other artists.</p>\n<p class=\"paragraph text-align-type-left pap-line-1.8 pap-line-rule-auto pap-spacing-before-2pt pap-spacing-after-2pt\">&nbsp;</p>\n<p class=\"paragraph text-align-type-left pap-line-1.8 pap-line-rule-auto pap-spacing-before-2pt pap-spacing-after-2pt\">&nbsp;</p>\n<p class=\"paragraph text-align-type-left pap-line-1.8 pap-line-rule-auto pap-spacing-before-2pt pap-spacing-after-2pt\">Representative examples of unsolicited demo tapes received in the mail by Mutant Pop Records in the late 1990s; the tape in the middle with the photocopied j-card was probably also sold at shows by the band</p>\n<p class=\"paragraph text-align-type-left pap-line-1.8 pap-line-rule-auto pap-spacing-before-2pt pap-spacing-after-2pt\">&nbsp;</p>\n<p class=\"paragraph text-align-type-left pap-line-1.8 pap-line-rule-auto pap-spacing-before-2pt pap-spacing-after-2pt\">Musicians often use demos as quick sketches to share with bandmates or arrangers, or simply for personal reference during the songwriting process; in other cases, a songwriter might make a demo to send to artists in hopes of having the song professionally recorded, or a publisher may need a simple recording for publishing or copyright purposes.</p>\n<p class=\"paragraph text-align-type-left pap-line-1.8 pap-line-rule-auto pap-spacing-before-2pt pap-spacing-after-2pt\">&nbsp;</p>\n<p class=\"paragraph text-align-type-left pap-line-1.8 pap-line-rule-auto pap-spacing-before-2pt pap-spacing-after-2pt\">Background</p>\n<p class=\"paragraph text-align-type-left pap-line-1.8 pap-line-rule-auto pap-spacing-before-2pt pap-spacing-after-2pt\">Demos are typically recorded on relatively crude equipment such as \"boom box\" cassette recorders, small four- or eight-track machines, or on personal computers with audio recording software. Songwriters' and publishers' demos are recorded with minimal instrumentation, usually just an acoustic guitar or piano and the vocals. Both Elton John[1] and Donovan gained studio experience early in their careers by recording publishers' demos for other artists since their managers also handled music publishing,[2] as did Garth Brooks, who was so impressed when recording the demo of \"Friends in Low Places\" that he asked to release the song himself.[3]</p>\n<p class=\"paragraph text-align-type-left pap-line-1.8 pap-line-rule-auto pap-spacing-before-2pt pap-spacing-after-2pt\">&nbsp;</p>\n<p class=\"paragraph text-align-type-left pap-line-1.8 pap-line-rule-auto pap-spacing-before-2pt pap-spacing-after-2pt\">Function</p>\n<p class=\"paragraph text-align-type-left pap-line-1.8 pap-line-rule-auto pap-spacing-before-2pt pap-spacing-after-2pt\">Many unsigned bands and artists record demos in order to obtain a recording contract. These demos are usually sent to record labels in hopes that the artist will be signed onto the label's roster and allowed to record a full-length album in a professional recording studio. However, large record labels usually ignore unsolicited demos that are sent to them by mail; artists generally must be more creative about getting the demos into the hands of the people who make decisions for the record company. Many signed bands and artists record demos of new songs before recording an album. The demos may allow the artist to provide sketches for sharing ideas with bandmates, or to explore several alternate versions of a song, or to quickly record many proto-songs before deciding which ones merit further development. Demos may include as few as one or two songs or as many as would be contained on a full-length album.</p>\n<p class=\"paragraph text-align-type-left pap-line-1.8 pap-line-rule-auto pap-spacing-before-2pt pap-spacing-after-2pt\">&nbsp;</p>\n<p class=\"paragraph text-align-type-left pap-line-1.8 pap-line-rule-auto pap-spacing-before-2pt pap-spacing-after-2pt\">Availability</p>\n<p class=\"paragraph text-align-type-left pap-line-1.8 pap-line-rule-auto pap-spacing-before-2pt pap-spacing-after-2pt\">Demos are seldom heard by the public, although some artists do eventually release rough demos in compilation albums or box sets, such as the album Demolicious by Green Day. Other demo versions have been unofficially released as bootleg recordings, such as The Beatles' bootleg demos and the Beach Boys' Sea of Tunes series. Several artists have eventually made official releases of demo versions of their songs as albums or companion pieces to albums, such as Florence and the Machine (\"What the Water Gave Me\", among others) and Cults on the EP Sunday Jams. The event of a demo tape appearing on eBay has happened in the past, with the recordings being leaked onto the internet.</p>\n<p class=\"paragraph text-align-type-left pap-line-1.8 pap-line-rule-auto pap-spacing-before-2pt pap-spacing-after-2pt\">&nbsp;</p>\n<p class=\"paragraph text-align-type-left pap-line-1.8 pap-line-rule-auto pap-spacing-before-2pt pap-spacing-after-2pt\">In rare instances, a demo may end up as the final released recording of a song, as was the case with Foster the People's \"Pumped Up Kicks\". The version of \"Pumped Up Kicks\" that was released as a single and subsequently became a hit was a demo recorded by frontman Mark Foster alone, before he had formed the group.[4] In 1982, Bruce Springsteen recorded ten demo songs in his bedroom that he intended to later record with his E Street Band, but he subsequently decided that he preferred the acoustic demos and released them as the 1982 album Nebraska.[5]</p>\n<p class=\"paragraph text-align-type-left pap-line-1.8 pap-line-rule-auto pap-spacing-before-2pt pap-spacing-after-2pt\">&nbsp;</p>\n<p class=\"paragraph text-align-type-left pap-line-1.8 pap-line-rule-auto pap-spacing-before-2pt pap-spacing-after-2pt\">In more underground forms of music, such as noise music, black metal, or punk, demos are often distributed by bands to fans as self-releases or sold at a very low price.[6] Amateur (and some professional) musicians may choose to make demos available to interested listeners through websites such as SoundCloud or Bandcamp in order to share new ideas, receive feedback and/or provide fans with \"behind the scenes\" access to the songwriting process.</p>\n</div>\n</div>",
 "remarks": "本词条内容来自 https://zh.m.wikipedia.org/wiki/%E6%A8%A3%E6%9C%AC%E5%94%B1%E7%89%87",
 "remarksEn": "https://en.m.wikipedia.org/wiki/Demo_(music)",
 "status": 1,
 "clickNum": 8,
 "deleted": 0,
 "lang": 0,
 "chooseLang": true,
 "id": 607,
 "name": "Demo",
 "categoryText": "音乐术语",
 "descriptions": "样本唱片，又称作试听带、样本歌曲、演示带、示范带、派台歌曲[1]，英文常被通称作“Demo”，是英文“Demonstration”（演示、示范、展示）的简写。样本唱片是指歌曲在正式发行前录音来提供参考的版本。样本唱片让音乐创作者能大略的将自己的构想，录制在卡式录音带或激光唱片上，提供唱片公司、制作人或其他歌手作为参考。",
 "referenceUrl": "https://en.m.wikipedia.org/wiki/Demo_(music)",
 "typeId": 11,
 "typeName": "其他",
 "dataId": 607,
 "url": "http://dropinapp.hearinmusic.com/#/ency?typeId=11&dataId=607"
}