{
 "pageNum": 1,
 "pageSize": 10,
 "params": {},
 "relationChannel": "[{\"id\":1046,\"parentId\":11,\"name\":\"GarageBand\"}]",
 "content": "<p><strong>库乐队</strong>（英語：<span lang=\"en\">GarageBand</span>）是一款由苹果电脑或iPhone、iPad等由苹果公司出品的产品编写的数码音乐创作软件，是Macintosh电脑上的应用程序套装iLife的一部分。它允许用户创作音乐。</p>\n<p>&nbsp;</p>\n<p>这个应用软件并不是以专业作曲为目标，它是为了使业余爱好者更容易制作音乐。它包括了1000段预录的样本旋律和50种合成乐器样本，并能用连接电脑的MIDI键盘或屏幕键盘演奏。需要额外的旋律和乐器，可以购买由苹果电脑分别推出的四款&nbsp;<em>库乐队 Jam Pack</em>，每个扩展包价值$99美元，可以为库乐队加入2000种旋律和许多虚拟乐器。</p>\n<p>&nbsp;</p>\n<p>库乐队的原创是Emagic，它同时是专业作曲软件Logic Audio的开发者，在2002年7月被苹果收购。</p>\n<p>&nbsp;</p>\n<p>这款应用程序首次出现在2004年1月6日旧金山Macworld Conference &amp; Expo上，由史蒂夫&middot;乔布斯在演讲上公布，在音乐家John Mayer的帮助下做演示。</p>\n<p>&nbsp;</p>\n<p>版本2在2005年1月11日Macworld Conference &amp; Expo上公布。主要的新功能包括在音符模式下察看和编辑音乐，每次能录制8条音轨，还有固定的计时和录制节奏。它在2005年1月22日开始销售。</p>\n<p>&nbsp;</p>\n<p>先时，库乐队只能作为iLife的部分购买或获赠，该应用程序套装是为了方便创作和管理用户的数码内容。但自从2011年1月6日起，在Mac App Store上已可花费14.99美元单独购买库乐队。App Store (iOS)上的库乐队则于2011年3月2日问世。</p>",
 "contentEn": "<div>\n<div class=\"document\">\n<p class=\"paragraph text-align-type-left pap-line-1.8 pap-line-rule-auto pap-spacing-before-2pt pap-spacing-after-2pt\">GarageBand&nbsp;is a line of&nbsp;digital audio workstations&nbsp;for&nbsp;macOS,&nbsp;iPadOS, and&nbsp;iOS&nbsp;devices that allows users to create&nbsp;music&nbsp;or podcasts. GarageBand is developed by Apple for macOS, and was once part of the&nbsp;iLife&nbsp;software suite, along with&nbsp;iMovie&nbsp;and&nbsp;iDVD. Its music and podcast creation system enables users to create multiple tracks with pre-made&nbsp;MIDI keyboards, pre-made&nbsp;loops, an array of various instrumental effects, and voice recordings.</p>\n<p class=\"paragraph text-align-type-left pap-line-1.8 pap-line-rule-auto pap-spacing-before-2pt pap-spacing-after-2pt\">&nbsp;</p>\n<h2>History</h2>\n<p class=\"paragraph text-align-type-left pap-line-1.8 pap-line-rule-auto pap-spacing-before-2pt pap-spacing-after-2pt\">GarageBand was developed by Apple under the direction of Dr. Gerhard Lengeling. Dr. Lengeling was formerly from the German company&nbsp;Emagic, makers of&nbsp;Logic Audio. Apple acquired Emagic in July 2002.</p>\n<p class=\"paragraph text-align-type-left pap-line-1.8 pap-line-rule-auto pap-spacing-before-2pt pap-spacing-after-2pt\">&nbsp;</p>\n<p class=\"paragraph text-align-type-left pap-line-1.8 pap-line-rule-auto pap-spacing-before-2pt pap-spacing-after-2pt\">Steve Jobs&nbsp;announced the application in his keynote speech at the&nbsp;Macworld Conference &amp; Expo&nbsp;in&nbsp;San Francisco&nbsp;on January 6, 2004. Musician&nbsp;John Mayer&nbsp;assisted with its demonstration.[1]&nbsp;It is part of the&nbsp;iLife&nbsp;'04 package.</p>\n<p class=\"paragraph text-align-type-left pap-line-1.8 pap-line-rule-auto pap-spacing-before-2pt pap-spacing-after-2pt\">&nbsp;</p>\n<p class=\"paragraph text-align-type-left pap-line-1.8 pap-line-rule-auto pap-spacing-before-2pt pap-spacing-after-2pt\">Apple announced GarageBand 2 at the 2005&nbsp;Macworld Conference &amp; Expo&nbsp;on January 11, 2005. It shipped, as announced, around January 22, 2005. Notable new features included the abilities to view and edit music in&nbsp;musical notation. It was also possible to record up to 8 tracks at once and to fix timing and&nbsp;pitch&nbsp;of recordings. Apple added automation of track pan position and the master pitch. Transposition of both audio and MIDI has been added by Apple along with the ability to import MIDI files. It is part of&nbsp;iLife&nbsp;'05.</p>\n<p class=\"paragraph text-align-type-left pap-line-1.8 pap-line-rule-auto pap-spacing-before-2pt pap-spacing-after-2pt\">&nbsp;</p>\n<p class=\"paragraph text-align-type-left pap-line-1.8 pap-line-rule-auto pap-spacing-before-2pt pap-spacing-after-2pt\">GarageBand 3, announced at 2006's Macworld Conference &amp; Expo, includes a 'podcast&nbsp;studio', including the ability to use more than 200 effects and jingles, and integration with&nbsp;iChat&nbsp;for remote interviews. It is part of&nbsp;iLife&nbsp;'06.</p>\n<p class=\"paragraph text-align-type-left pap-line-1.8 pap-line-rule-auto pap-spacing-before-2pt pap-spacing-after-2pt\">&nbsp;</p>\n<p class=\"paragraph text-align-type-left pap-line-1.8 pap-line-rule-auto pap-spacing-before-2pt pap-spacing-after-2pt\">GarageBand 4, also known as GarageBand '08, is part of&nbsp;iLife&nbsp;'08. It incorporates the ability to record sections of a song separately, such as&nbsp;bridges, and&nbsp;chorus lines. Additionally, it provides support for the automation of&nbsp;tempos&nbsp;and instruments, the creation, and exportation of iPhone ringtones, and a \"Magic GarageBand\" feature which includes a virtual&nbsp;jam session&nbsp;with a complete 3D view of the Electric instruments.</p>\n<p class=\"paragraph text-align-type-left pap-line-1.8 pap-line-rule-auto pap-spacing-before-2pt pap-spacing-after-2pt\">&nbsp;</p>\n<p class=\"paragraph text-align-type-left pap-line-1.8 pap-line-rule-auto pap-spacing-before-2pt pap-spacing-after-2pt\">GarageBand 5 is part of the&nbsp;iLife&nbsp;'09 package. It includes music instruction and allows the user to buy instructional videos by contemporary artists. It also contains new features for electric guitar players, including a dedicated 3D Electric Guitar Track containing a virtual stompbox pedalboard, and&nbsp;virtual amplifiers&nbsp;with spring reverb and tremolo. GarageBand 5 also includes a redesigned user interface as well as Project Templates.</p>\n<p class=\"paragraph text-align-type-left pap-line-1.8 pap-line-rule-auto pap-spacing-before-2pt pap-spacing-after-2pt\">&nbsp;</p>\n<p class=\"paragraph text-align-type-left pap-line-1.8 pap-line-rule-auto pap-spacing-before-2pt pap-spacing-after-2pt\">GarageBand 6, also known as GarageBand '11, is part of the&nbsp;iLife&nbsp;'11 package, which Apple released on October 20, 2010. This version brings new features such as Flex Time, a tool to adjust the rhythm of a recording. It also includes the ability to match the tempo of one track with another instantly, additional guitar amps and stompboxes, 22 new lessons for guitar and piano, and \"How Did I Play?\", a tool to measure the accuracy and progress of a piano or guitar performance in a lesson.</p>\n<p class=\"paragraph text-align-type-left pap-line-1.8 pap-line-rule-auto pap-spacing-before-2pt pap-spacing-after-2pt\">&nbsp;</p>\n<p class=\"paragraph text-align-type-left pap-line-1.8 pap-line-rule-auto pap-spacing-before-2pt pap-spacing-after-2pt\">Apple released GarageBand 10 along with OS X 10.9 Mavericks in October 2013. This version has lost Magic GarageBand and the podcast functionality.</p>\n<p class=\"paragraph text-align-type-left pap-line-1.8 pap-line-rule-auto pap-spacing-before-2pt pap-spacing-after-2pt\">&nbsp;</p>\n<p class=\"paragraph text-align-type-left pap-line-1.8 pap-line-rule-auto pap-spacing-before-2pt pap-spacing-after-2pt\">Apple updated GarageBand 10 for Mac on March 20, 2014. Version 10.0.2 adds the ability to export tracks in MP3 format as well as a new drummer module, but removed support for podcasting; users with podcast files created in GarageBand 6 can continue to edit them using the older version.[2]</p>\n<p class=\"paragraph text-align-type-left pap-line-1.8 pap-line-rule-auto pap-spacing-before-2pt pap-spacing-after-2pt\">&nbsp;</p>\n<p class=\"paragraph text-align-type-left pap-line-1.8 pap-line-rule-auto pap-spacing-before-2pt pap-spacing-after-2pt\">GarageBand was updated to version 10.0.3 on October 16, 2014. This version included myriad bug fixes and several new features including a dedicated Bass Amp Designer, the introduction of global track effects and dynamic track resizing.[3]</p>\n<p class=\"paragraph text-align-type-left pap-line-1.8 pap-line-rule-auto pap-spacing-before-2pt pap-spacing-after-2pt\">&nbsp;</p>\n<p class=\"paragraph text-align-type-left pap-line-1.8 pap-line-rule-auto pap-spacing-before-2pt pap-spacing-after-2pt\">Apple released GarageBand 10.2 on June 5, 2017.</p>\n<p class=\"paragraph text-align-type-left pap-line-1.8 pap-line-rule-auto pap-spacing-before-2pt pap-spacing-after-2pt\">&nbsp;</p>\n<h2>Features</h2>\n<h3>Audio recording</h3>\n<p class=\"paragraph text-align-type-left pap-line-1.8 pap-line-rule-auto pap-spacing-before-2pt pap-spacing-after-2pt\">GarageBand is a&nbsp;digital audio workstation&nbsp;(DAW) and&nbsp;music sequencer&nbsp;that can record and play back multiple tracks of audio. Built-in audio filters that use the&nbsp;AU&nbsp;(audio unit) standard allow the user to enhance the audio track with various effects, including reverb, echo, and distortion amongst others. GarageBand also offers the ability to record at both&nbsp;16-bit&nbsp;and&nbsp;24-bit&nbsp;Audio Resolution,[4]&nbsp;but at a fixed sample rate of 44.1&nbsp;kHz.[5]&nbsp;An included tuning system helps with pitch correction and can effectively imitate the&nbsp;Auto-Tune&nbsp;effect when tuned to the maximum level. It also has a large array of preset effects to choose from, with an option to create your own effects.</p>\n<p class=\"paragraph text-align-type-left pap-line-1.8 pap-line-rule-auto pap-spacing-before-2pt pap-spacing-after-2pt\">&nbsp;</p>\n<h3>Virtual software instruments</h3>\n<p class=\"paragraph text-align-type-left pap-line-1.8 pap-line-rule-auto pap-spacing-before-2pt pap-spacing-after-2pt\">GarageBand includes a large selection of realistic, sampled instruments and software modeled&nbsp;synthesizers. These can be used to create original compositions or play music live through the use of a USB&nbsp;MIDI keyboard&nbsp;connected to the computer. An on-screen&nbsp;virtual&nbsp;keyboard&nbsp;is also available as well as using a standard&nbsp;QWERTY&nbsp;keyboard with the \"musical typing\" feature. The synthesizers were broken into two groups: [virtual] analog and digital. Each synthesizer has a wide variety of adjustable parameters, including richness, glide, cut off, standard attack, decay, sustain, and release; these allow for a wide array of sound creation. The five synth thumbnails are the&nbsp;ARP 2600, the&nbsp;Minimoog, the&nbsp;Waldorf Wave, the&nbsp;Nord Lead 1&nbsp;and the&nbsp;Yamaha DX7.</p>\n<p class=\"paragraph text-align-type-left pap-line-1.8 pap-line-rule-auto pap-spacing-before-2pt pap-spacing-after-2pt\">&nbsp;</p>\n<h3>Guitar features</h3>\n<p class=\"paragraph text-align-type-left pap-line-1.8 pap-line-rule-auto pap-spacing-before-2pt pap-spacing-after-2pt\">In addition to the standard tracks, Garageband allows for guitar-specific tracks that can use a variety of simulated amplifiers, stompboxes, and effects processors. These imitate popular hardware from companies including&nbsp;Marshall Amplification,&nbsp;Orange Music Electronic Company, and&nbsp;Fender Musical Instruments Corporation. Up to five simulated effects can be layered on top of the virtual amplifiers, which feature adjustable parameters including tone, reverb, and volume. Guitars can be connected to Macs using the built-in input (requires hardware that can produce a standard stereo signal using a 3.5mm output) or a USB interface.</p>\n<p class=\"paragraph text-align-type-left pap-line-1.8 pap-line-rule-auto pap-spacing-before-2pt pap-spacing-after-2pt\">&nbsp;</p>\n<h3>MIDI editing</h3>\n<p class=\"paragraph text-align-type-left pap-line-1.8 pap-line-rule-auto pap-spacing-before-2pt pap-spacing-after-2pt\">GarageBand can import&nbsp;MIDI&nbsp;files and offers piano roll or notation-style editing and playback. By complying with the MIDI Standard, a user can edit many different aspects of a recorded note, including pitch, velocity, and duration. Pitch was settable to 1/128 of a semitone, on a scale of 0&ndash;127 (sometimes described on a scale of 1&ndash;128 for clarity). Velocity, which determines amplitude (volume), can be set and adjusted on a scale of 0&ndash;127. Note duration can be adjusted manually via the piano roll or in the score view. Note rhythms can be played via the software instruments, or created in the piano roll environment; rhythm correction is also included to lock notes to any time signature subdivision. GarageBand also offers global editing capabilities to MIDI information with Enhanced Timing, also known as&nbsp;Quantizing.[6]&nbsp;While offering comprehensive control over MIDI files, GarageBand does not include several features of professional-level DAWs, such as a sequencer for drum tracks separate from the normal piano roll. However, many of these shortcomings have been addressed with each successive release of GarageBand.</p>\n<p class=\"paragraph text-align-type-left pap-line-1.8 pap-line-rule-auto pap-spacing-before-2pt pap-spacing-after-2pt\">&nbsp;</p>\n<p class=\"paragraph text-align-type-left pap-line-1.8 pap-line-rule-auto pap-spacing-before-2pt pap-spacing-after-2pt\">Also of note, MIDI sequences edited or created in GarageBand cannot be exported to other DAWs or programs without first being converted to audio. A MIDI file can be extracted from a loop file created from a region, but this is not a general MIDI export facility, using manual steps[7]&nbsp;and an open-source program.[8]</p>\n<p class=\"paragraph text-align-type-left pap-line-1.8 pap-line-rule-auto pap-spacing-before-2pt pap-spacing-after-2pt\">&nbsp;</p>\n<h3>Music lessons</h3>\n<p class=\"paragraph text-align-type-left pap-line-1.8 pap-line-rule-auto pap-spacing-before-2pt pap-spacing-after-2pt\">A new feature included with GarageBand '09 and later is the ability to download pre-recorded music lessons from GarageBand's&nbsp;Lesson Store&nbsp;for guitar and piano. There are two types of lesson available in the Lesson Store:&nbsp;Basic Lessons, which are a free download, and&nbsp;Artist Lessons, which a user must purchase. The first Basic Lessons for both guitar and piano are included with GarageBand. In GarageBand 10, many sounds (aka patches, which Apple refers to as 'audio units') which are listed within the sound library are dimmed and unusable until the user pays an additional fee which allows the utilization of those sounds, bundled with the guitar and piano lessons. Attempting to click on and select the dimmed audio units to apply to the track causes promotional prompts to appear, requiring the user to log on with their Apple ID and furnish credit card information before knowing the price of the bundle.</p>\n<p class=\"paragraph text-align-type-left pap-line-1.8 pap-line-rule-auto pap-spacing-before-2pt pap-spacing-after-2pt\">&nbsp;</p>\n<p class=\"paragraph text-align-type-left pap-line-1.8 pap-line-rule-auto pap-spacing-before-2pt pap-spacing-after-2pt\">In both types of the lesson, a music teacher presents the lesson, which is in a special format offering high-quality video and audio instructions. The lessons include a virtual guitar or piano, which demonstrates finger position and a musical notation area to show the correct musical notations. The music examples used in these lessons features popular music.</p>\n<p class=\"paragraph text-align-type-left pap-line-1.8 pap-line-rule-auto pap-spacing-before-2pt pap-spacing-after-2pt\">&nbsp;</p>\n<p class=\"paragraph text-align-type-left pap-line-1.8 pap-line-rule-auto pap-spacing-before-2pt pap-spacing-after-2pt\">In an&nbsp;Artist Lesson&nbsp;the music teacher is the actual musician/songwriter who composed the song being taught in the lesson. As of November&nbsp;2009&nbsp;the artists featured are:</p>\n<ul>\n<li>\n<p class=\"paragraph text-align-type-left pap-line-1.8 pap-line-rule-auto pap-spacing-before-2pt pap-spacing-after-2pt\">Sting&nbsp;(The Police) &mdash; \"Roxanne\", \"Message in a Bottle\", \"Fragile\"</p>\n</li>\n<li>\n<p class=\"paragraph text-align-type-left pap-line-1.8 pap-line-rule-auto pap-spacing-before-2pt pap-spacing-after-2pt\">Sarah McLachlan&nbsp;&mdash; \"Angel\"</p>\n</li>\n<li>\n<p class=\"paragraph text-align-type-left pap-line-1.8 pap-line-rule-auto pap-spacing-before-2pt pap-spacing-after-2pt\">Patrick Stump&nbsp;of&nbsp;Fall Out Boy&nbsp;&mdash; \"I Don't Care\", \"Sugar, We're Goin' Down\"</p>\n</li>\n<li>\n<p class=\"paragraph text-align-type-left pap-line-1.8 pap-line-rule-auto pap-spacing-before-2pt pap-spacing-after-2pt\">Norah Jones&nbsp;&mdash; \"Thinking About You\"</p>\n</li>\n<li>\n<p class=\"paragraph text-align-type-left pap-line-1.8 pap-line-rule-auto pap-spacing-before-2pt pap-spacing-after-2pt\">Colbie Caillat&nbsp;&mdash; \"Bubbly\"</p>\n</li>\n<li>\n<p class=\"paragraph text-align-type-left pap-line-1.8 pap-line-rule-auto pap-spacing-before-2pt pap-spacing-after-2pt\">Sara Bareilles&nbsp;&mdash; \"Love Song\"</p>\n</li>\n<li>\n<p class=\"paragraph text-align-type-left pap-line-1.8 pap-line-rule-auto pap-spacing-before-2pt pap-spacing-after-2pt\">John Fogerty&nbsp;(Creedence Clearwater Revival) &mdash; \"Proud Mary\", \"Fortunate Son\", \"Centerfield\"</p>\n</li>\n<li>\n<p class=\"paragraph text-align-type-left pap-line-1.8 pap-line-rule-auto pap-spacing-before-2pt pap-spacing-after-2pt\">Ryan Tedder&nbsp;(OneRepublic) &mdash; \"Apologize\"</p>\n</li>\n<li>\n<p class=\"paragraph text-align-type-left pap-line-1.8 pap-line-rule-auto pap-spacing-before-2pt pap-spacing-after-2pt\">Ben Folds&nbsp;&mdash; \"Brick\", \"Zak and Sara\"</p>\n</li>\n<li>\n<p class=\"paragraph text-align-type-left pap-line-1.8 pap-line-rule-auto pap-spacing-before-2pt pap-spacing-after-2pt\">John Legend&nbsp;&mdash; \"Ordinary People\"</p>\n</li>\n<li>\n<p class=\"paragraph text-align-type-left pap-line-1.8 pap-line-rule-auto pap-spacing-before-2pt pap-spacing-after-2pt\">Alex Lifeson&nbsp;(Rush) &mdash; \"Tom Sawyer\", \"Limelight\", \"Working Man\", \"The Spirit of Radio\".</p>\n</li>\n</ul>\n<p class=\"paragraph text-align-type-left pap-line-1.8 pap-line-rule-auto pap-spacing-before-2pt pap-spacing-after-2pt\">&nbsp;</p>\n<p class=\"paragraph text-align-type-left pap-line-1.8 pap-line-rule-auto pap-spacing-before-2pt pap-spacing-after-2pt\">No new&nbsp;Artist Lessons&nbsp;were released in 2010, and Apple has not announced plans to release additional entries.</p>\n<p class=\"paragraph text-align-type-left pap-line-1.8 pap-line-rule-auto pap-spacing-before-2pt pap-spacing-after-2pt\">&nbsp;</p>\n<h3>Additional audio loops</h3>\n<p class=\"paragraph text-align-type-left pap-line-1.8 pap-line-rule-auto pap-spacing-before-2pt pap-spacing-after-2pt\">Garageband includes an extensive array of pre-made audio loops to choose from with an option to import custom sound loops and an additional loop pack that is purchasable via the App Store. All loops have an edit and effects option.</p>\n<p class=\"paragraph text-align-type-left pap-line-1.8 pap-line-rule-auto pap-spacing-before-2pt pap-spacing-after-2pt\">&nbsp;</p>\n<h4>Jam Packs</h4>\n<p class=\"paragraph text-align-type-left pap-line-1.8 pap-line-rule-auto pap-spacing-before-2pt pap-spacing-after-2pt\">Jam Packs are Apple's official add-ons for GarageBand. Each Jam Pack contains loops and software instruments grouped into certain genres and styles.</p>\n<p class=\"paragraph text-align-type-left pap-line-1.8 pap-line-rule-auto pap-spacing-before-2pt pap-spacing-after-2pt\">&nbsp;</p>\n<p class=\"paragraph text-align-type-left pap-line-1.8 pap-line-rule-auto pap-spacing-before-2pt pap-spacing-after-2pt\">The current Jam Packs are as follows:</p>\n<ul>\n<li>\n<p class=\"paragraph text-align-type-left pap-line-1.8 pap-line-rule-auto pap-spacing-before-2pt pap-spacing-after-2pt\">GarageBand Jam Pack: Remix Tools</p>\n</li>\n<li>\n<p class=\"paragraph text-align-type-left pap-line-1.8 pap-line-rule-auto pap-spacing-before-2pt pap-spacing-after-2pt\">GarageBand Jam Pack: Rhythm Section</p>\n</li>\n<li>\n<p class=\"paragraph text-align-type-left pap-line-1.8 pap-line-rule-auto pap-spacing-before-2pt pap-spacing-after-2pt\">GarageBand Jam Pack: Symphony Orchestra</p>\n</li>\n<li>\n<p class=\"paragraph text-align-type-left pap-line-1.8 pap-line-rule-auto pap-spacing-before-2pt pap-spacing-after-2pt\">GarageBand Jam Pack: World Music</p>\n</li>\n<li>\n<p class=\"paragraph text-align-type-left pap-line-1.8 pap-line-rule-auto pap-spacing-before-2pt pap-spacing-after-2pt\">GarageBand Jam Pack: Voices</p>\n</li>\n</ul>\n<p class=\"paragraph text-align-type-left pap-line-1.8 pap-line-rule-auto pap-spacing-before-2pt pap-spacing-after-2pt\">&nbsp;</p>\n<p class=\"paragraph text-align-type-left pap-line-1.8 pap-line-rule-auto pap-spacing-before-2pt pap-spacing-after-2pt\">There was also another GarageBand Jam Pack, initially known just as GarageBand Jam Pack, later GarageBand Jam Pack 1, which Apple discontinued in January 2006. Beginning with the release of the Remix Tools and Rhythm Section Jam Packs, each Jam Pack has been designated with a number. The release of GarageBand Jam Pack: World Music also saw a redesign in packaging.</p>\n<h4>&nbsp;</h4>\n<h4>MainStage 2</h4>\n<p class=\"paragraph text-align-type-left pap-line-1.8 pap-line-rule-auto pap-spacing-before-2pt pap-spacing-after-2pt\">MainStage 2&nbsp;by Apple also includes 40 built-in instruments &ndash; including synths, vintage keyboards, and a drum machine &ndash; to use in GarageBand. It also features an interface for live performances and includes a large collection of plug-ins and sounds.[9]</p>\n<p class=\"paragraph text-align-type-left pap-line-1.8 pap-line-rule-auto pap-spacing-before-2pt pap-spacing-after-2pt\">&nbsp;</p>\n<h3>Third-party instrument and Apple Loop packages</h3>\n<p class=\"paragraph text-align-type-left pap-line-1.8 pap-line-rule-auto pap-spacing-before-2pt pap-spacing-after-2pt\">In addition to Apple, many other companies today offer commercial or shareware virtual software instruments designed especially for GarageBand, and collections of Apple Loops intended for GarageBand users.</p>\n<p class=\"paragraph text-align-type-left pap-line-1.8 pap-line-rule-auto pap-spacing-before-2pt pap-spacing-after-2pt\">&nbsp;</p>\n<p class=\"paragraph text-align-type-left pap-line-1.8 pap-line-rule-auto pap-spacing-before-2pt pap-spacing-after-2pt\">GarageBand can also use any third-party&nbsp;software synthesizer&nbsp;that adheres to the Core Audio (Audio Units) standard. However, there are limitations, including that Audio Unit instruments which can respond to multiple MIDI channels or ports can be triggered only on the first channel of the first port. This means that multi-timbral instruments which contain multiple channels and respond to many MIDI channels, such as&nbsp;Native Instruments&nbsp;Kontakt&nbsp;and&nbsp;MOTU&nbsp;MachFive, are not ideally suited for use in GarageBand.</p>\n<p class=\"paragraph text-align-type-left pap-line-1.8 pap-line-rule-auto pap-spacing-before-2pt pap-spacing-after-2pt\">&nbsp;</p>\n<p class=\"paragraph text-align-type-left pap-line-1.8 pap-line-rule-auto pap-spacing-before-2pt pap-spacing-after-2pt\">Third-party vendors also offer extra loops for use in GarageBand. Users can also record custom loops through a&nbsp;microphone, via a software instrument, or by using an audio interface to connect physically a&nbsp;guitar&nbsp;or other hardware instruments to a Mac or iOS device.</p>\n<p class=\"paragraph text-align-type-left pap-line-1.8 pap-line-rule-auto pap-spacing-before-2pt pap-spacing-after-2pt\">&nbsp;</p>\n<h3>Sample multitrack source files</h3>\n<p class=\"paragraph text-align-type-left pap-line-1.8 pap-line-rule-auto pap-spacing-before-2pt pap-spacing-after-2pt\">In 2005,&nbsp;Trent Reznor&nbsp;from the band&nbsp;Nine Inch Nails&nbsp;released the source multitrack GarageBand files for the song \"The Hand That Feeds\" to allow the public to experiment with his music, and permitted prospective GarageBand users to remix the song. He also gave permission for anyone to share their personalized remix with the world. Since then, Nine Inch Nails has released several more GarageBand source files, and several other artists have also released their GarageBand files that the public could use to experiment.</p>\n<p class=\"paragraph text-align-type-left pap-line-1.8 pap-line-rule-auto pap-spacing-before-2pt pap-spacing-after-2pt\">&nbsp;</p>\n<p class=\"paragraph text-align-type-left pap-line-1.8 pap-line-rule-auto pap-spacing-before-2pt pap-spacing-after-2pt\">New Zealand band&nbsp;Evermore&nbsp;also released the source multi-track files for GarageBand for their song \"Never Let You Go\".</p>\n<p class=\"paragraph text-align-type-left pap-line-1.8 pap-line-rule-auto pap-spacing-before-2pt pap-spacing-after-2pt\">&nbsp;</p>\n<p class=\"paragraph text-align-type-left pap-line-1.8 pap-line-rule-auto pap-spacing-before-2pt pap-spacing-after-2pt\">Ben Folds&nbsp;released&nbsp;Stems &amp; Seeds, a special version of his 2008 album&nbsp;Way to Normal.&nbsp;Stems and Seeds&nbsp;contained a remastered version of&nbsp;Way to Normal, and a separate disc containing GarageBand files for each track from the album to allow fans to remix the songs.</p>\n<p class=\"paragraph text-align-type-left pap-line-1.8 pap-line-rule-auto pap-spacing-before-2pt pap-spacing-after-2pt\">&nbsp;</p>\n<h3>Limitations</h3>\n<p class=\"paragraph text-align-type-left pap-line-1.8 pap-line-rule-auto pap-spacing-before-2pt pap-spacing-after-2pt\">A lack of MIDI-out capability limits the use of external MIDI instruments. There is also only limited support for messages sent from knobs on MIDI keyboards, as only real-time pitch bend, modulation, sustain, and foot control is recognizable. However, since GarageBand '08, other parameters affected by&nbsp;MIDI&nbsp;knobs can be automated later, per-track. GarageBand has no functions for changing time signature mid-song though the software does now allow a tempo track to automate tempo changes.</p>\n<p class=\"paragraph text-align-type-left pap-line-1.8 pap-line-rule-auto pap-spacing-before-2pt pap-spacing-after-2pt\">&nbsp;</p>\n<p class=\"paragraph text-align-type-left pap-line-1.8 pap-line-rule-auto pap-spacing-before-2pt pap-spacing-after-2pt\">Other than pitch bend, GarageBand is limited to the pitches and intervals of standard 12-tone&nbsp;equal temperament, so it does not natively support&nbsp;xenharmonic music.&nbsp;Logic Pro&nbsp;supports many different tunings.[10]&nbsp;GarageBand does not support different tunings however, audio units which support micro tuning (using .scl or .tun files, or some other method) can be employed in GarageBand to produce alternative pitches.</p>\n<p class=\"paragraph text-align-type-left pap-line-1.8 pap-line-rule-auto pap-spacing-before-2pt pap-spacing-after-2pt\">&nbsp;</p>\n<p class=\"paragraph text-align-type-left pap-line-1.8 pap-line-rule-auto pap-spacing-before-2pt pap-spacing-after-2pt\">Before GarageBand 10, there was no export option, and the only option was to save files as .band or export to&nbsp;iTunes. There is no built-in MIDI export feature, although regions can be manually exported as loops and converted to MIDI files.[7][8]</p>\n<p class=\"paragraph text-align-type-left pap-line-1.8 pap-line-rule-auto pap-spacing-before-2pt pap-spacing-after-2pt\">&nbsp;</p>\n<h2>GarageBand for iOS</h2>\n<p class=\"paragraph text-align-type-left pap-line-1.8 pap-line-rule-auto pap-spacing-before-2pt pap-spacing-after-2pt\">On March 2, 2011, Apple announced a version of GarageBand for the&nbsp;iPad.[11]&nbsp;It has many features similar to the&nbsp;macOS&nbsp;version. Music can be created using the on-screen instruments, which include keyboards,&nbsp;drums, a&nbsp;sampler, and various \"smart instruments\". It also acts as a multitrack recording studio with&nbsp;Stompbox&nbsp;effects and guitar amps. Songs can be emailed or sent to an iTunes Library. Additionally, projects can be imported to GarageBand for macOS, where they are further editable. This feature also allows instruments from the iOS platform to be savable to software instrument library on the Mac. The app is compatible with&nbsp;iPhone 3GS&nbsp;or higher, the third generation&nbsp;iPod Touch&nbsp;or higher, and all versions of the&nbsp;iPad, including the&nbsp;iPad Mini. The app, with all instruments included, was available for $6.99 from the&nbsp;Apple App Store. In 2017, it was made free.</p>\n<p class=\"paragraph text-align-type-left pap-line-1.8 pap-line-rule-auto pap-spacing-before-2pt pap-spacing-after-2pt\">&nbsp;</p>\n<h3>Instruments</h3>\n<ul>\n<li>\n<p class=\"paragraph text-align-type-left pap-line-1.8 pap-line-rule-auto pap-spacing-before-2pt pap-spacing-after-2pt\">GarageBand includes a standard keyboard instrument and \"Smart Keyboard\" instrument. The keyboard is set up like a standard keyboard, and features several keyboard instruments (some of which are customizable), including grand&nbsp;piano,&nbsp;electric piano, various&nbsp;organs,&nbsp;clavinet,&nbsp;synth leads, synth pads, and bass synths. It also has many different sounds. The keyboard is capable of playing arpeggio and includes a pitch bend. The smart keyboard is arranged like the other smart instruments, allowing the user to play chords on the piano, electric piano, organ, clavinet, and four adjustable synthesizers. Also included is an autoplay feature, which plays one of 4 rhythms for each instrument.</p>\n</li>\n</ul>\n<p>&nbsp;</p>\n<ul>\n<li>\n<p class=\"paragraph text-align-type-left pap-line-1.8 pap-line-rule-auto pap-spacing-before-2pt pap-spacing-after-2pt\">There are two different kinds of drum instruments in GarageBand. The touch&nbsp;drums&nbsp;instrument includes seven acoustic drum kits (Bluebird, Classic Studio Kit, Live Rock Kit, Retro Rock, Roots, SoCal, and Vintage Kit) with a realistic set up, and three electronic drum kits (Hip Hop drums,&nbsp;House drums, and a drum kit with&nbsp;Roland TR-808&nbsp;and&nbsp;909&nbsp;samples). These were set up like drum machines with customizable sounds that can be saved as separate drum kits. The other drum instrument is the \"Smart Drums\" instrument, in which the drum sounds are arrangable on a grid by complexity and volume. It contains the Classic Studio Kit, Live Rock Kit, Vintage Kit, Classic Drum Machine, Hip Hop Drum Machine, and House Drum Machine. The Chinese Kit was added to GarageBand, along with other&nbsp;Chinese&nbsp;instruments. The user could play genuine&nbsp;Chinese&nbsp;sounds like the&nbsp;gong.</p>\n</li>\n</ul>\n<p>&nbsp;</p>\n<ul>\n<li>\n<p class=\"paragraph text-align-type-left pap-line-1.8 pap-line-rule-auto pap-spacing-before-2pt pap-spacing-after-2pt\">A \"Smart&nbsp;Guitar\" is included in GarageBand, which includes 4 guitars: an&nbsp;acoustic guitar, two&nbsp;electric guitars, and a&nbsp;distortion guitar. Each guitar (except for the acoustic one) has two optional sound boxes. The instrument is set up like the smart keyboard, where multiple chords are playable. Also, each note in a chord can be played separately, or muted by holding the left side of the string.</p>\n</li>\n</ul>\n<p>&nbsp;</p>\n<ul>\n<li>\n<p class=\"paragraph text-align-type-left pap-line-1.8 pap-line-rule-auto pap-spacing-before-2pt pap-spacing-after-2pt\">The \"Smart&nbsp;Bass\" instrument is set up like the guitar, where four strings can play various notes. However, the bass cannot play chords. Included are three&nbsp;electric basses, an acoustic orchestral&nbsp;bass, and four customizable synth basses. Like the smart keyboard and smart guitars, there is an \"autoplay\" feature.</p>\n</li>\n</ul>\n<p>&nbsp;</p>\n<ul>\n<li>\n<p class=\"paragraph text-align-type-left pap-line-1.8 pap-line-rule-auto pap-spacing-before-2pt pap-spacing-after-2pt\">Added in update 1.2 are \"Smart Strings\", a string section made of&nbsp;1st and 2nd violins,&nbsp;violas,&nbsp;cellos, and&nbsp;bass, capable of playing notes&nbsp;legato,&nbsp;staccato, and&nbsp;pizzicato. The orchestra is customizable, including four different string styles (all with a different \"autoplay\" feature). The instruments are also selectable. For example, one can play a chord made up of all the available instruments, or simply play a violin note.</p>\n</li>\n</ul>\n<p>&nbsp;</p>\n<ul>\n<li>\n<p class=\"paragraph text-align-type-left pap-line-1.8 pap-line-rule-auto pap-spacing-before-2pt pap-spacing-after-2pt\">In the sampler instrument, the user can record a sound and play it on the keyboard (it has the same interface as the keyboard instrument). After the sound has been recorded, it can be modified with a various amount of tools within the sampler. It can also play notes in a loop or reversed. In Version 2.0, the user can import audio files to create samples.</p>\n</li>\n</ul>\n<p>&nbsp;</p>\n<ul>\n<li>\n<p class=\"paragraph text-align-type-left pap-line-1.8 pap-line-rule-auto pap-spacing-before-2pt pap-spacing-after-2pt\">The audio recorder is a standard recorder that works through the internal microphone or a headphone mic. After the sound has been recorded, many audio effects can be applied.</p>\n</li>\n</ul>\n<p>&nbsp;</p>\n<ul>\n<li>\n<p class=\"paragraph text-align-type-left pap-line-1.8 pap-line-rule-auto pap-spacing-before-2pt pap-spacing-after-2pt\">The guitar amp is meant to be played by plugging a guitar into the device and recording, but can also work with sounds from the audio recorder, included Apple Loops, and imported music files. Within it are several customizable amplifiers and&nbsp;stompboxes, allowing for a broad range of different sounds.</p>\n</li>\n</ul>\n<p>&nbsp;</p>\n<h3>Updates</h3>\n<p class=\"paragraph text-align-type-left pap-line-1.8 pap-line-rule-auto pap-spacing-before-2pt pap-spacing-after-2pt\">On November 1, 2011, Apple introduced GarageBand for iOS 1.1, adding support for the iPhone and iPod touch, among other features. These included the ability to create custom chords for Smart Instruments, support for 3/4 and 6/8 time signatures, and exporting in&nbsp;AAC&nbsp;or&nbsp;AIFF&nbsp;format.[12]</p>\n<p class=\"paragraph text-align-type-left pap-line-1.8 pap-line-rule-auto pap-spacing-before-2pt pap-spacing-after-2pt\">&nbsp;</p>\n<p class=\"paragraph text-align-type-left pap-line-1.8 pap-line-rule-auto pap-spacing-before-2pt pap-spacing-after-2pt\">On March 7, 2012, Apple updated GarageBand to 1.2, adding support for the&nbsp;third-generation iPad. It introduced the new Smart Strings instrument, a string orchestra of&nbsp;1st and 2nd violins,&nbsp;violas,&nbsp;celli, and&nbsp;bass, capable of playing notes&nbsp;legato,&nbsp;staccato, and&nbsp;pizzicato. Additionally, it added&nbsp;synthesizers&nbsp;to the Smart Keyboard and Smart Bass instruments. It also added a note editor which allows users to fine-tune note placement and length and the ability to upload songs to&nbsp;Facebook,&nbsp;YouTube&nbsp;and&nbsp;SoundCloud, as well as the ability to upload projects to iCloud. It also included Jam Session, a feature that enables up to 4 iPhones, iPod touches, and/or iPads with GarageBand installed to play simultaneously.</p>\n<p class=\"paragraph text-align-type-left pap-line-1.8 pap-line-rule-auto pap-spacing-before-2pt pap-spacing-after-2pt\">&nbsp;</p>\n<p class=\"paragraph text-align-type-left pap-line-1.8 pap-line-rule-auto pap-spacing-before-2pt pap-spacing-after-2pt\">On May 1, 2012, GarageBand was updated to 1.2.1, providing minor bug fixes and stability improvements.[13]</p>\n<p class=\"paragraph text-align-type-left pap-line-1.8 pap-line-rule-auto pap-spacing-before-2pt pap-spacing-after-2pt\">&nbsp;</p>\n<p class=\"paragraph text-align-type-left pap-line-1.8 pap-line-rule-auto pap-spacing-before-2pt pap-spacing-after-2pt\">Alongside the new&nbsp;iOS 6, Apple updated GarageBand to 1.3 on September 19, 2012. The update added the ability to import music from one's music library,&nbsp;ringtone&nbsp;creation, the ability to use the app in the background, and minor bug fixes.[14]</p>\n<p class=\"paragraph text-align-type-left pap-line-1.8 pap-line-rule-auto pap-spacing-before-2pt pap-spacing-after-2pt\">&nbsp;</p>\n<p class=\"paragraph text-align-type-left pap-line-1.8 pap-line-rule-auto pap-spacing-before-2pt pap-spacing-after-2pt\">GarageBand was updated to 1.4 on March 20, 2013. The update added support for Audiobus, the ability to remove grid snapping, and minor bug fixes.[15]</p>\n<p class=\"paragraph text-align-type-left pap-line-1.8 pap-line-rule-auto pap-spacing-before-2pt pap-spacing-after-2pt\">&nbsp;</p>\n<p class=\"paragraph text-align-type-left pap-line-1.8 pap-line-rule-auto pap-spacing-before-2pt pap-spacing-after-2pt\">GarageBand received an overhaul of design coinciding with the reveal of the&nbsp;iPad Air&nbsp;on October 22, 2013. GarageBand 2.0 features a new design to match&nbsp;iOS 7, an extended number of tracks per song, and new functions in the Sampler instrument.[16]</p>\n<p class=\"paragraph text-align-type-left pap-line-1.8 pap-line-rule-auto pap-spacing-before-2pt pap-spacing-after-2pt\">&nbsp;</p>\n<p class=\"paragraph text-align-type-left pap-line-1.8 pap-line-rule-auto pap-spacing-before-2pt pap-spacing-after-2pt\">In 2016, Garageband received a new design, and in January 2017, version 2.2 was released with a number of new features including the Alchemy Synth previously only available on the desktop version.</p>\n<p class=\"paragraph text-align-type-left pap-line-1.8 pap-line-rule-auto pap-spacing-before-2pt pap-spacing-after-2pt\">&nbsp;</p>\n<p class=\"paragraph text-align-type-left pap-line-1.8 pap-line-rule-auto pap-spacing-before-2pt pap-spacing-after-2pt\">In June 2018, GarageBand 10.3 update made Artist Lessons free, added 1,000 new loops and two new Drummers play Roots and Jazz-influenced brush style.[17]</p>\n<p class=\"paragraph text-align-type-left pap-line-1.8 pap-line-rule-auto pap-spacing-before-2pt pap-spacing-after-2pt\">&nbsp;</p>\n<h3>Differences from MacOS version</h3>\n<ul>\n<li>\n<p class=\"paragraph text-align-type-left pap-line-1.8 pap-line-rule-auto pap-spacing-before-2pt pap-spacing-after-2pt\">No MIDI support (up until 2.3.6).</p>\n</li>\n<li>\n<p class=\"paragraph text-align-type-left pap-line-1.8 pap-line-rule-auto pap-spacing-before-2pt pap-spacing-after-2pt\">No Music Lessons.</p>\n</li>\n<li>\n<p class=\"paragraph text-align-type-left pap-line-1.8 pap-line-rule-auto pap-spacing-before-2pt pap-spacing-after-2pt\">Only three time signatures (4/4, 3/4, and 6/8).</p>\n</li>\n<li>\n<p class=\"paragraph text-align-type-left pap-line-1.8 pap-line-rule-auto pap-spacing-before-2pt pap-spacing-after-2pt\">Audio Unit Extensions (via App Store).</p>\n</li>\n<li>\n<p class=\"paragraph text-align-type-left pap-line-1.8 pap-line-rule-auto pap-spacing-before-2pt pap-spacing-after-2pt\">A Sound Library providing free, downloadable content such as additional keyboards, drum sets, and more.</p>\n</li>\n<li>\n<p class=\"paragraph text-align-type-left pap-line-1.8 pap-line-rule-auto pap-spacing-before-2pt pap-spacing-after-2pt\">Limited exporting functions (As of 2.3.3, the option to export recorded project as songs to YouTube has been removed).</p>\n</li>\n</ul>\n<h2>&nbsp;</h2>\n<h2>Availability</h2>\n<p class=\"paragraph text-align-type-left pap-line-1.8 pap-line-rule-auto pap-spacing-before-2pt pap-spacing-after-2pt\">Prior to the launch of Apple's&nbsp;Mac App Store, GarageBand was only available as a part of&nbsp;iLife, a suite of applications (also including&nbsp;iPhoto,&nbsp;iMovie,&nbsp;iDVD, and&nbsp;iWeb) intended to simplify the creation and organization of digital content, or available on a new Mac. On January 6, 2011, GarageBand was made available independently on the Mac App Store in addition to&nbsp;iPhoto&nbsp;and&nbsp;iMovie.[18]&nbsp;Since then Garageband's user base has increased drastically.</p>\n<p class=\"paragraph text-align-type-left pap-line-1.8 pap-line-rule-auto pap-spacing-before-2pt pap-spacing-after-2pt\">&nbsp;</p>\n<h2>Supported music file formats</h2>\n<p class=\"paragraph text-align-type-left pap-line-1.8 pap-line-rule-auto pap-spacing-before-2pt pap-spacing-after-2pt\">This app supports many music formats, including&nbsp;AIFF,&nbsp;WAV, and&nbsp;MIDI. The app can export songs to AAC, MP3, MP4 or AIFF format.</p>\n<p class=\"paragraph text-align-type-left pap-line-1.8 pap-line-rule-auto pap-spacing-before-2pt pap-spacing-after-2pt\">&nbsp;</p>\n<p class=\"paragraph text-align-type-left pap-line-1.8 pap-line-rule-auto pap-spacing-before-2pt pap-spacing-after-2pt\">Support for&nbsp;8-bit&nbsp;audio files was dropped in version 10.</p>\n<p class=\"paragraph text-align-type-left pap-line-1.8 pap-line-rule-auto pap-spacing-before-2pt pap-spacing-after-2pt\">&nbsp;</p>\n<h2>References</h2>\n<ol start=\"1\">\n<li>\n<p class=\"paragraph text-align-type-left pap-line-1.8 pap-line-rule-auto pap-spacing-before-2pt pap-spacing-after-2pt\">^&nbsp;musicradar.com/...</p>\n</li>\n<li>\n<p class=\"paragraph text-align-type-left pap-line-1.8 pap-line-rule-auto pap-spacing-before-2pt pap-spacing-after-2pt\">^&nbsp;USA Today March 20, 2014 2:46 pm EDT</p>\n</li>\n<li>\n<p class=\"paragraph text-align-type-left pap-line-1.8 pap-line-rule-auto pap-spacing-before-2pt pap-spacing-after-2pt\">^&nbsp;\"Garageband 10.0.3 Update: The Good, The Bad And The Awesome\".&nbsp;The Garageband Guide. October 26, 2014.</p>\n</li>\n<li>\n<p class=\"paragraph text-align-type-left pap-line-1.8 pap-line-rule-auto pap-spacing-before-2pt pap-spacing-after-2pt\">^&nbsp;\"Recording with GarageBand\". Mac for Musicians. Retrieved&nbsp;June 12,&nbsp;2013.</p>\n</li>\n<li>\n<p class=\"paragraph text-align-type-left pap-line-1.8 pap-line-rule-auto pap-spacing-before-2pt pap-spacing-after-2pt\">^&nbsp;\"Garageband '11: Setup the audio resolution\". Apple Support. Archived from&nbsp;the originalon April 2, 2015.</p>\n</li>\n<li>\n<p class=\"paragraph text-align-type-left pap-line-1.8 pap-line-rule-auto pap-spacing-before-2pt pap-spacing-after-2pt\">^&nbsp;\"What Is GarageBand and Where do I start?\". Mac for Musicians. July 13, 2010. Retrieved&nbsp;June 12,&nbsp;2013.</p>\n</li>\n<li>\n<p class=\"paragraph text-align-type-left pap-line-1.8 pap-line-rule-auto pap-spacing-before-2pt pap-spacing-after-2pt\">^&nbsp;Jump up to:a&nbsp;b&nbsp;\"Export MIDI from GarageBand\". Scott Troyer. May 6, 2014. Retrieved&nbsp;January 19,&nbsp;2019.</p>\n</li>\n<li>\n<p class=\"paragraph text-align-type-left pap-line-1.8 pap-line-rule-auto pap-spacing-before-2pt pap-spacing-after-2pt\">^&nbsp;Jump up to:a&nbsp;b&nbsp;\"GB2MIDI\". Lars Kobbe. January 2, 2018. Retrieved&nbsp;January 19,&nbsp;2019.</p>\n</li>\n<li>\n<p class=\"paragraph text-align-type-left pap-line-1.8 pap-line-rule-auto pap-spacing-before-2pt pap-spacing-after-2pt\">^&nbsp;\"Mainstage\". Apple. Retrieved&nbsp;June 12,&nbsp;2013.</p>\n</li>\n<li>\n<p class=\"paragraph text-align-type-left pap-line-1.8 pap-line-rule-auto pap-spacing-before-2pt pap-spacing-after-2pt\">^&nbsp;\"Synthesizers, samplers and sound cards with microtonal capabilities A-F\". 2007. Retrieved&nbsp;December 29,&nbsp;2009.</p>\n</li>\n<li>\n<p class=\"paragraph text-align-type-left pap-line-1.8 pap-line-rule-auto pap-spacing-before-2pt pap-spacing-after-2pt\">^&nbsp;\"iMovie And Garageband For iOS Announced, Looks Good On iPad 2\". 2011. Archived from&nbsp;the original&nbsp;on March 5, 2011. Retrieved&nbsp;February 2,&nbsp;2011.</p>\n</li>\n<li>\n<p class=\"paragraph text-align-type-left pap-line-1.8 pap-line-rule-auto pap-spacing-before-2pt pap-spacing-after-2pt\">^&nbsp;\"Apple Updates GarageBand for iOS with iPhone and iPod Touch support\".</p>\n</li>\n<li>\n<p class=\"paragraph text-align-type-left pap-line-1.8 pap-line-rule-auto pap-spacing-before-2pt pap-spacing-after-2pt\">^&nbsp;\"Apple releases minor updates to iMovie, iPhoto, and GarageBand for iOS\". 2012. Retrieved&nbsp;June 1,&nbsp;2012.</p>\n</li>\n<li>\n<p class=\"paragraph text-align-type-left pap-line-1.8 pap-line-rule-auto pap-spacing-before-2pt pap-spacing-after-2pt\">^&nbsp;Hollington, Jesse (September 19, 2012).&nbsp;\"GarageBand adds Music import, Ringtone creation\". iLounge. Retrieved&nbsp;June 12,&nbsp;2013.</p>\n</li>\n<li>\n<p class=\"paragraph text-align-type-left pap-line-1.8 pap-line-rule-auto pap-spacing-before-2pt pap-spacing-after-2pt\">^&nbsp;\"GarageBand for iOS Updated With Audiobus Support and Other Enhancements\". Mac Rumors. March 20, 2013. Retrieved&nbsp;June 12,&nbsp;2013.</p>\n</li>\n<li>\n<p class=\"paragraph text-align-type-left pap-line-1.8 pap-line-rule-auto pap-spacing-before-2pt pap-spacing-after-2pt\">^&nbsp;apple.com/...</p>\n</li>\n<li>\n<p class=\"paragraph text-align-type-left pap-line-1.8 pap-line-rule-auto pap-spacing-before-2pt pap-spacing-after-2pt\">^&nbsp;\"GarageBand 10.3 update makes Artist Lessons free and adds 1,000 new loops\".&nbsp;Macworld. June 21, 2018. Retrieved&nbsp;January 3,&nbsp;2019.</p>\n</li>\n<li>\n<p class=\"paragraph text-align-type-left pap-line-1.8 pap-line-rule-auto pap-spacing-before-2pt pap-spacing-after-2pt\">^&nbsp;Snell, Jason.&nbsp;\"iLife, iWork, Aperture now available on Mac App Store\". Retrieved&nbsp;April 22,2012.</p>\n</li>\n</ol>\n</div>\n</div>",
 "remarks": "本词条内容来自 https://zh.wikipedia.org/wiki/GarageBand",
 "remarksEn": "本词条内容来自 https://en.wikipedia.org/wiki/GarageBand",
 "status": 1,
 "clickNum": 12,
 "deleted": 0,
 "lang": 0,
 "chooseLang": true,
 "id": 71,
 "name": "GarageBand",
 "categoryText": "数字音频工作站",
 "descriptions": "库乐队（英語：GarageBand）是一款由苹果电脑或iPhone、iPad等由苹果公司出品的产品编写的数码音乐创作软件，是Macintosh电脑上的应用程序套装iLife的一部分。它允许用户创作音乐。",
 "picture": "https://duopin-community.oss-cn-shenzhen.aliyuncs.com/rp8sfsxfrt9cjpvrfx4h.png",
 "referenceUrl": "https://en.wikipedia.org/wiki/GarageBand;https://zh.wikipedia.org/wiki/GarageBand",
 "typeId": 11,
 "typeName": "其他",
 "dataId": 71,
 "url": "http://dropinapp.hearinmusic.com/#/ency?typeId=11&dataId=71"
}