{
 "pageNum": 1,
 "pageSize": 10,
 "params": {},
 "keywords": "ABGT",
 "relationEncy": "[{\"id\":522,\"typeId\":12,\"dataId\":521,\"name\":\"Above & Beyond\",\"url\":\"http://dropinapp.hearinmusic.com/#/ency?typeId=12&dataId=521\"}]",
 "content": "<p>Group Therapy 是由 Above &amp; Beyond 主创的周度广播节目，也被称为 ABGT，每周五播出。在Group Therapy两小时的节目中将展示最好的Trance和Progressive音乐，其中包括由 Above &amp; Beyond 三人最喜欢的艺术家带来的 30 分钟Guest Mix。</p>\n<p>&nbsp;</p>\n<p>节目首播于2012年11月10日，截至2021年8月13日已播出446期。</p>",
 "contentEn": "",
 "remarks": "本词条内容由 @多频百科团队 翻译+编辑\n原文译自 https://www.aboveandbeyond.nu/abgt",
 "remarksEn": "本词条内容暂未完善仅供参考，多频百科小编正在火速赶来",
 "status": 1,
 "clickNum": 1,
 "deleted": 0,
 "lang": 0,
 "chooseLang": false,
 "id": 612,
 "name": "Group Therapy",
 "categoryText": "电台",
 "descriptions": "Group Therapy 是由 Above & Beyond 主创的周度广播节目，也被称为 ABGT，每周五播出。在Group Therapy两小时的节目中将展示最好的Trance和Progressive音乐，其中包括由 Above & Beyond 三人最喜欢的艺术家带来的 30 分钟Guest Mix。",
 "picture": "https://duopin-community.oss-cn-shenzhen.aliyuncs.com/image/2021/8/hwrg5tfgas1ljp9dqb01.jpg",
 "referenceUrl": "https://www.aboveandbeyond.nu/abgt",
 "typeId": 11,
 "typeName": "其他",
 "dataId": 612,
 "url": "http://dropinapp.hearinmusic.com/#/ency?typeId=11&dataId=612"
}