{
 "pageNum": 1,
 "pageSize": 10,
 "params": {},
 "content": "<div>\n<div class=\"document\">\n<p class=\"paragraph text-align-type-left pap-line-1.8 pap-line-rule-auto pap-spacing-before-2pt pap-spacing-after-2pt\">自 2011 年 6 月推出至 2019 年最后一集，HARD WITH STYLE 播客一直为大家带来发自内心的音乐。最开始，该节目由 Headhunterz 主持，很快就发展成为排名第一的 Hardstyle 广播节目。每个月，来自世界各地的成千上万的听众都收听该节目，以探索由 Heady 亲自挑选的 Hardstyle 最佳新音乐。</p>\n</div>\n</div>",
 "contentEn": "",
 "remarks": "本词条汉字内容由 @多频百科团队 翻译+编辑\n原文译自 https://headhunterz.com/hard-with-style/",
 "remarksEn": "本词条内容暂未完善仅供参考，多频百科小编正在火速赶来",
 "status": 0,
 "clickNum": 1,
 "deleted": 0,
 "lang": 0,
 "chooseLang": false,
 "id": 614,
 "name": "Hard With Style",
 "categoryText": "电台",
 "descriptions": "自 2011 年 6 月推出至 2019 年最后一集，HARD WITH STYLE 播客一直为大家带来发自内心的音乐。最开始，该节目由 Headhunterz 主持，很快就发展成为排名第一的 Hardstyle 广播节目。每个月，来自世界各地的成千上万的听众都收听该节目，以探索由 Heady 亲自挑选的 Hardstyle 最佳新音乐。\n",
 "picture": "https://duopin-community.oss-cn-shenzhen.aliyuncs.com/image/2021/8/24ugadbzljcs5oe1gwzy.jpg",
 "referenceUrl": "https://headhunterz.com/hard-with-style/",
 "typeId": 11,
 "typeName": "其他",
 "dataId": 614,
 "url": "http://dropinapp.hearinmusic.com/#/ency?typeId=11&dataId=614"
}