{
 "pageNum": 1,
 "pageSize": 10,
 "params": {},
 "content": "<div>\n<div class=\"document\">\n<p class=\"paragraph text-align-type-left pap-line-1.8 pap-line-rule-auto pap-spacing-before-2pt pap-spacing-after-2pt\">Hardwell On Air（缩写为 HOA）是由荷兰 DJ 和唱片制作人 Hardwell 创建和主持的周更广播节目。自 2011 年 3 月 4 日起，该节目于每周五晚上 11:00 到 00:00 在 Hardwell 的官方 YouTube 和 Facebook 主页上开始直播。许多网站和 FM 广播电台也播放该节目。在一小时的节目中，Hardwell 表演了他的新作品。据他所说，这些曲目体现了Electro、Progressive 和 Tech-house 的特点。很长一段时间以来，他都在节目最后时表演 Hardstyle 的曲目，即使在前期时也表演了不同流派的曲目。每一集节目都可在 iTunes 上的&ldquo;Podcasts&rdquo;类别中免费下载。</p>\n<p class=\"paragraph text-align-type-left pap-line-1.8 pap-line-rule-auto pap-spacing-before-2pt pap-spacing-after-2pt\">&nbsp;</p>\n<div>\n<div class=\"document\">\n<p class=\"paragraph text-align-type-left pap-line-1.8 pap-line-rule-auto pap-spacing-before-2pt pap-spacing-after-2pt\">该节目的最后一集第 500 集于 2021 年 1 月 15 日播出，由 Tomorrowland 的 One World Radio 的 Adam K 主持的新节目《Revealed Selected》接着播出。</p>\n<p class=\"paragraph text-align-type-left pap-line-1.8 pap-line-rule-auto pap-spacing-before-2pt pap-spacing-after-2pt\">&nbsp;</p>\n<div>\n<div class=\"document\">\n<p class=\"paragraph text-align-type-left pap-line-1.8 pap-line-rule-auto pap-spacing-before-2pt pap-spacing-after-2pt\"><strong>理念</strong></p>\n<div>\n<div class=\"document\">\n<p class=\"paragraph text-align-type-left pap-line-1.8 pap-line-rule-auto pap-spacing-before-2pt pap-spacing-after-2pt\">每一集节目长为一小时，并以一小段演唱开场。每一集的开场白都用一个扭曲的声音说着同样的话语：&ldquo;我们在直播吗？欢迎收听你夜生活的原声带。现在和未来的一小时。欢迎收听《Hardwell on air》。 &rdquo;介绍时的配乐是 Hardwell 于 2011 年发行的歌曲《Encoded》。接着，Hardwell 会发表一段讲话，然后开始演奏歌曲。每集包含的内容如下：</p>\n<div>\n<div class=\"document\">\n<ul>\n<li>\n<p class=\"paragraph text-align-type-left pap-line-1.8 pap-line-rule-auto pap-spacing-before-2pt pap-spacing-after-2pt\">Hardwell 独家表演：即将在 Revealed Recordings 上发行的歌曲，有时是 Hardwell 本人制作的歌曲，有时两者都有。</p>\n</li>\n</ul>\n<div>\n<div class=\"document\">\n<ul>\n<li>\n<p class=\"paragraph text-align-type-left pap-line-1.8 pap-line-rule-auto pap-spacing-before-2pt pap-spacing-after-2pt\">每周曲目：一首因质量或其他因素令人信服的新歌曲。</p>\n</li>\n</ul>\n<div>\n<div class=\"document\">\n<ul>\n<li>\n<p class=\"paragraph text-align-type-left pap-line-1.8 pap-line-rule-auto pap-spacing-before-2pt pap-spacing-after-2pt\">每周样本唱片：Hardwell 或厂牌收到的样本曲目。</p>\n</li>\n</ul>\n<p>&nbsp;</p>\n<div>\n<div class=\"document\">\n<p class=\"paragraph text-align-type-left pap-line-1.8 pap-line-rule-auto pap-spacing-before-2pt pap-spacing-after-2pt\">后来，Community Picks 栏目的三首歌曲取代了 Demo of the Week 栏目的内容。一般厂牌收到了 Community Picks 中的歌曲，然后在子厂牌 Revealed Radar 下发布。</p>\n<p class=\"paragraph text-align-type-left pap-line-1.8 pap-line-rule-auto pap-spacing-before-2pt pap-spacing-after-2pt\">&nbsp;</p>\n<div>\n<div class=\"document\">\n<p class=\"paragraph text-align-type-left pap-line-1.8 pap-line-rule-auto pap-spacing-before-2pt pap-spacing-after-2pt\">该节目展示了许多不同流派的音乐，后来其音乐风格大多改为 Hardstyle 或 Future-bass，Hardwell 也为此发表了一个声明。为了防止歌曲在发布之前被使用，Hardwell 会在许多歌曲中添加一个 shout 或者 tag 说明音乐的来源。2017 年初，网络上出现了一段视频，韩国喜剧演员兼 DJ G-Park 和 DJ Charles 正在演奏 Jewelz &amp; Sparks 的《Grande Opera》。 在节目未播出期间以及歌曲未发行之前，大家可以听到 Hardwell 带有&ldquo;Hardwell On Air&rdquo;tag 的音乐，这说明两人非法录制了节目中的曲目。从那时起，两人经常在表演中带上&ldquo;Hardwell On Air&rdquo;的 tag 插科打诨。</p>\n<p class=\"paragraph text-align-type-left pap-line-1.8 pap-line-rule-auto pap-spacing-before-2pt pap-spacing-after-2pt\">&nbsp;</p>\n<div>\n<div class=\"document\">\n<p class=\"paragraph text-align-type-left pap-line-1.8 pap-line-rule-auto pap-spacing-before-2pt pap-spacing-after-2pt\">2017 年 6 月 14 日，Jewelz &amp; Sparks 在韩国 Ultra 音乐节上再次使用《Hardwell On Air》的样本演奏了他们的曲目《Grande Opera》，并在 Facebook 上发布了该曲目。</p>\n</div>\n</div>\n</div>\n</div>\n</div>\n</div>\n</div>\n</div>\n</div>\n</div>\n</div>\n</div>\n</div>\n</div>\n</div>\n</div>\n</div>\n</div>\n</div>\n</div>",
 "contentEn": "<p><em><strong>Hardwell On Air</strong></em>&nbsp;(abbreviated&nbsp;<strong>HOA</strong>) is the name of a weekly&nbsp;radio show&nbsp;created and hosted by Dutch&nbsp;DJ&nbsp;and&nbsp;record producer&nbsp;Hardwell. Since 4 March 2011, the program has been broadcast live on Fridays from 11:00&nbsp;p.m. to 00:00 via Hardwell's official&nbsp;YouTube&nbsp;and&nbsp;Facebook&nbsp;profile. A number of Internet and FM radio stations broadcast the podcast in their program as well. During the show, he presents new productions in a one-hour set. According to his own statement the tracks embody the genres electro-, progressive- and tech-house. Since quite some time, the episodes are finished with a hardstyle track and even during the set there are several deviations from the genres. All episodes are offered as free download on&nbsp;iTunes&nbsp;in the category \"Podcasts\".</p>\n<p>&nbsp;</p>\n<p>The last 500th episode was broadcast on 15 January 2021. Its follow up was a new show called&nbsp;<em>Revealed Selected</em>, hosted by Adam K of&nbsp;Tomorrowland's&nbsp;<em>One World Radio</em>.<sup id=\"cite_ref-1\" class=\"reference\">[1]</sup></p>\n<p>&nbsp;</p>\n<h2><span id=\"Concept\" class=\"mw-headline\">Concept</span></h2>\n<p>The sets have a length of one hour and are initiated with a vocal short. This consists of a distorted voice, which introduces each episode with the same word sequence: \"Are we on Air? Welcome to the&nbsp;soundtrack&nbsp;of your nightlife. One hour of the present and future. Tune in, to Hardwell on air\". The soundtrack of the intro consists of the song \"Encoded\" by Hardwell himself, released in the year 2011.<sup id=\"cite_ref-2\" class=\"reference\">[2]</sup>&nbsp;A follow-up statement from Hardwell can be heard. Usually follows this one or more smoother songs. The following categories are processed in each episode:</p>\n<ul>\n<li>Hardwell Exclusive: One or more songs that will be released on \"Revealed Recordings\" and / or were produced by Hardwell himself.</li>\n<li>Track of the Week: A newly released&nbsp;song, which convinces by high quality and / or other factors.</li>\n<li>Demo of the Week: A demotrack that was sent to Hardwell or the label.</li>\n</ul>\n<p>&nbsp;</p>\n<p>Demo of the Week was then replaced with three Community Picks which are tracks sent to the label and then released under the sub-label Revealed Radar.</p>\n<p>&nbsp;</p>\n<p>After the different categories have been dealt with, the music style is mostly changed to hardstyle or future-bass, whereupon the episode experiences a back-announcement by Hardwell. For many songs, a shout or tag is added, which refers to the podcast, to protect the song from being used before the release is done. Regarding to this, in early 2017 a video came to the Internet, which shows Korean comedian and DJ&nbsp;G-Park&nbsp;and DJ Charles playing&nbsp;Jewelz &amp; Sparks's \"Grande Opera\". During the break Hardwell can be heard presenting the track as well as the \"Hardwell On Air tag\" just before the drop starts. This indicated that the duo recorded the track from the podcast and did not get it legally.<sup id=\"cite_ref-3\" class=\"reference\">[3]</sup>&nbsp;As a running gag, the duo played the track in combination with the \"Hardwell On Air tag\" since then.</p>\n<p>&nbsp;</p>\n<p>On June 14, 2017 Jewelz &amp; Sparks playing their track \"Grande Opera\" with Hardwell On Air sample again in&nbsp;Ultra Music Festival Korea, also posted in Facebook.</p>\n<p>&nbsp;</p>\n<h2><span id=\"References\" class=\"mw-headline\">References</span></h2>\n<div class=\"reflist\">\n<div class=\"mw-references-wrap\">\n<ol class=\"references\">\n<li id=\"cite_note-1\"><span class=\"mw-cite-backlink\"><strong>^</strong></span>&nbsp;<span class=\"reference-text\"><cite class=\"citation web cs1\">\"RadioPush: Revealed Selected\".&nbsp;<em>RadioPush</em><span class=\"reference-accessdate\">. Retrieved&nbsp;<span class=\"nowrap\">2021-02-18</span></span>.</cite></span></li>\n<li id=\"cite_note-2\"><span class=\"mw-cite-backlink\"><strong>^</strong></span>&nbsp;<span class=\"reference-text\">\"Hardwell On Air intro\". YouTube</span></li>\n<li id=\"cite_note-3\"><span class=\"mw-cite-backlink\"><strong>^</strong></span>&nbsp;<span class=\"reference-text\">Matthew Meadow:&nbsp;\"A Pair of Asian DJs Dropped Hardwell's &ldquo;Hardwell On Air&rdquo; in Their Set\". Your EDM</span></li>\n</ol>\n</div>\n</div>",
 "remarks": "本词条汉字内容由 @多频百科团队 翻译+编辑\n原文译自 https://en.wikipedia.org/wiki/Hardwell_On_Air",
 "remarksEn": "本词条内容来自 https://en.wikipedia.org/wiki/Hardwell_On_Air",
 "status": 1,
 "clickNum": 3,
 "deleted": 0,
 "lang": 0,
 "chooseLang": true,
 "id": 613,
 "name": "Hardwell On Air",
 "categoryText": "电台",
 "descriptions": "Hardwell On Air（缩写为 HOA）是由荷兰 DJ 和唱片制作人 Hardwell 创建和主持的周更广播节目。自 2011 年 3 月 4 日起，该节目于每周五晚上 11:00 到 00:00 在 Hardwell 的官方 YouTube 和 Facebook 主页上开始直播。许多网站和 FM 广播电台也播放该节目。在一小时的节目中，Hardwell 表演了他的新作品。据他所说，这些曲目体现了Electro、Progressive 和 Tech-house 的特点。很长一段时间以来，他都在节目最后时表演 Hardstyle 的曲目，即使在前期时也表演了不同流派的曲目。每一集节目都可在 iTunes 上的“Podcasts”类别中免费下载。\n\n该节目的最后一集第 500 集于 2021 年 1 月 15 日播出，由 Tomorrowland 的 One World Radio 的 Adam K 主持的新节目《Revealed Selected》接着播出。",
 "picture": "https://duopin-community.oss-cn-shenzhen.aliyuncs.com/image/2021/8/0kez5okxv3h7ew50kugq.jpg",
 "referenceUrl": "https://en.wikipedia.org/wiki/Hardwell_On_Air",
 "typeId": 11,
 "typeName": "其他",
 "dataId": 613,
 "url": "http://dropinapp.hearinmusic.com/#/ency?typeId=11&dataId=613"
}