{
 "pageNum": 1,
 "pageSize": 10,
 "params": {},
 "content": "<div>\n<div>\n<div class=\"document\">\n<p class=\"paragraph text-align-type-left pap-line-1.8 pap-line-rule-auto pap-spacing-before-2pt pap-spacing-after-2pt\">&nbsp;Harrison Mixbus是一个数字音频工作站（DAW），可用于Microsoft Windows、Mac OS X和Linux操作系统，第一版于2009年发布。</p>\n<p class=\"paragraph text-align-type-left pap-line-1.8 pap-line-rule-auto pap-spacing-before-2pt pap-spacing-after-2pt\">&nbsp;</p>\n<p class=\"paragraph text-align-type-left pap-line-1.8 pap-line-rule-auto pap-spacing-before-2pt pap-spacing-after-2pt\">Mixbus提供了一个现代的DAW模型，结合了 \"传统 \"的模拟混音工作流程。它包括基于Harrison的32系列和MR系列模拟音乐调音台的内置专有模拟建模处理。</p>\n<p class=\"paragraph text-align-type-left pap-line-1.8 pap-line-rule-auto pap-spacing-before-2pt pap-spacing-after-2pt\">&nbsp;</p>\n<p class=\"paragraph text-align-type-left pap-line-1.8 pap-line-rule-auto pap-spacing-before-2pt pap-spacing-after-2pt\">Mixbus基于开源DAW Ardour，但由Harrison Audio Consoles进行商业化销售和推广。</p>\n</div>\n</div>\n</div>\n<div>&nbsp;</div>\n<div><strong>Mixbus的特点</strong></div>\n<div>&nbsp;</div>\n<div>Mixbus提供了Ardour的所有功能，以及来自专有DSP的额外功能，复制了Harrison控制台的工作流程、信号路径和声音。</div>\n<div>&nbsp;</div>\n<div>Mixbus的每个通道条都具有模拟建模的3段均衡器（包括一个高通滤波器）、压缩（有3种压缩器类型）、平移和汇总。</div>\n<div>&nbsp;</div>\n<div>它还包括8个立体声混合母线，具有音色控制、磁带饱和度、压缩（包括侧链压缩器）。</div>\n<div>&nbsp;</div>\n<div>主母线与混合母线类似，但增加了一个限制器，一个用于响度监测的K14表和一个立体声相关表。</div>\n<div>&nbsp;</div>\n<div>Mixbus的特点是 \"一目了然 \"的计量，在每个轨道和总线上都可以看到峰值、峰值保持和压缩器增益降低。</div>\n<div>&nbsp;</div>\n<div>Mixbus最初只是一个音频工作站。在早期版本中，它还依赖JACK音频服务器作为其后台。从第3版开始，Mixbus现在同时支持音频和MIDI轨道，它不再依赖JACK，尽管JACK仍可作为其众多音频后端之一。</div>\n<div>&nbsp;</div>\n<div><strong>Mixbus32c</strong></div>\n<div>2016年，哈里森推出了Mixbus32c。这在很大程度上类似于Mixbus，但升级了EQ部分，带有高低通滤波器，仿照Harrison 32系列调音台，以及包括12个Mixbuses。</div>\n<div>&nbsp;</div>\n<div><strong>捆绑的插件</strong></div>\n<div>Mixbus还包括基于Xtools插件的捆绑插件，这些插件是Harrison Xrange数字调音台的一部分。这些插件需要用户购买单独的许可证才能使用，尽管它们仍然会处理音频，这使得Mixbus用户可以与其他没有购买许可证的用户共享会话。</div>\n<div>&nbsp;</div>\n<div>Mixbus捆绑的插件使用开源的LV2插件格式。</div>\n<div>&nbsp;</div>\n<div>它们包括以下内容：</div>\n<div>● XT-GV GVerb+</div>\n<div>● XT-3D Delay</div>\n<div>XT-DM Dyno-Mite</div>\n<div>● XT-MG Micro Glide</div>\n<div>● XT-BC 低音特性</div>\n<div>● XT-VC 声乐特性</div>\n<div>XT-DC鼓声特性</div>\n<div>● XT-DS 除颤器插件</div>\n<div>XT-EG扩展器/门插件</div>\n<div>XT-EQ 均衡器</div>\n<div>XT-ME 母带均衡器</div>\n<div>XT-MC多频段压缩器</div>\n<div>● XT-LC看头压缩器</div>\n<div>XT-TG汤姆门</div>\n<div>XT-SC频谱压缩器</div>\n<div>● XT-SP 惊艳相位器</div>\n<div>&nbsp;</div>\n<div><strong>第三方插件</strong></div>\n<div>Harrison还推广一些第三方的LV2插件，这些插件包含在Mixbus的默认安装中。与Harrison的捆绑插件类似，这些插件需要用户购买单独的许可证。它们包括：</div>\n<div>● x42 - 仪表插件包</div>\n<div>● x42 - 4段参数均衡器</div>\n<div>● x42 - 漩涡</div>\n<div>&nbsp;</div>\n<div><strong>控制面支持</strong></div>\n<div>Mixbus内置支持：</div>\n<div>Mackie</div>\n<div>PreSonus FaderPort</div>\n<div>PreSonus FaderPort 8</div>\n<div>Tascam US2400</div>\n<div>开放式声音控制(OSC)</div>\n<div>通用MIDI</div>\n<p>&nbsp;</p>",
 "contentEn": "<table class=\"infobox vevent\" style=\"width: 22em;\">\n<tbody>\n<tr>\n<th style=\"white-space: nowrap;\" scope=\"row\">Developer(s)</th>\n<td>Harrison Audio Consoles, Ardour contributors</td>\n</tr>\n<tr>\n<th style=\"white-space: nowrap;\" scope=\"row\">Stable release</th>\n<td>\n<div style=\"margin: 0px;\">6 / April 2020</div>\n</td>\n</tr>\n<tr>\n<th style=\"white-space: nowrap;\" scope=\"row\">Operating system</th>\n<td>Mac OS X 10.4 - 10.6, Linux, Windows&nbsp;(XP Pro or newer)</td>\n</tr>\n<tr>\n<th style=\"white-space: nowrap;\" scope=\"row\">Type</th>\n<td>Digital Audio Workstation</td>\n</tr>\n<tr>\n<th style=\"white-space: nowrap;\" scope=\"row\">Website</th>\n<td>http://mixbus.harrisonconsoles.com/</td>\n</tr>\n</tbody>\n</table>\n<p><strong>Harrison Mixbus</strong> is a digital audio workstation (DAW) available for Microsoft Windows, Mac OS X and Linux operating systems and version 1 was released in 2009.<sup id=\"cite_ref-1\" class=\"reference\"></sup></p>\n<p>Mixbus provides a modern DAW model incorporating a \"traditional\" analog mixing workflow. It includes built in proprietary analog modeled processing, based on Harrison's 32-series and MR-series analog music consoles.</p>\n<p>Mixbus is based on Ardour, the open source DAW,<sup id=\"cite_ref-2\" class=\"reference\"></sup> but is sold and marketed commercially by Harrison Audio Consoles.</p>\n<p>&nbsp;</p>\n<h2><span id=\"Features_of_Mixbus\" class=\"mw-headline\">Features of Mixbus</span></h2>\n<div class=\"thumbinner\" style=\"width: 222px;\"><img class=\"thumbimage\" src=\"https://upload.wikimedia.org/wikipedia/commons/thumb/0/01/Mixbus_mixer_window.jpg/220px-Mixbus_mixer_window.jpg\" srcset=\"//upload.wikimedia.org/wikipedia/commons/thumb/0/01/Mixbus_mixer_window.jpg/330px-Mixbus_mixer_window.jpg 1.5x, //upload.wikimedia.org/wikipedia/commons/thumb/0/01/Mixbus_mixer_window.jpg/440px-Mixbus_mixer_window.jpg 2x\" alt=\"\" width=\"220\" height=\"108\" data-file-width=\"1081\" data-file-height=\"531\" />\n<div class=\"thumbcaption\">\n<div class=\"magnify\">&nbsp;</div>\n</div>\n</div>\n<div class=\"thumb tright\">\n<div class=\"thumbinner\" style=\"width: 222px;\">\n<div class=\"thumbcaption\">Mixbus mixer window</div>\n</div>\n</div>\n<p>Mixbus provides all of the features of Ardour, with additional functionality from proprietary DSP, replicating the workflow, signal path and sound of a Harrison console.</p>\n<p>Each channel strip in Mixbus features analog modeled 3 band EQ (including a high pass filter), compression (with 3 compressor types), panning, and summing.</p>\n<p>It also includes 8 stereo mixbuses featuring tone controls, tape saturation, compression (including a sidechain compressor).</p>\n<p>The master bus is similar to the mixbuses but has the additions of a limiter, a K14 meter for loudness monitoring and a stereo correlation meter.</p>\n<p>Mixbus features \"at-a-glance\" metering with peak, peak hold, and compressor gain reduction visible on every track and bus.</p>\n<p>Mixbus started out as an audio only workstation. In earlier versions, it also depended on the JACK audio server as its backend. Since version 3, Mixbus now supports both audio and MIDI tracks and it no longer depends on JACK, although JACK can still be used as one of its many audio backends.</p>\n<h2><span id=\"Mixbus32c\" class=\"mw-headline\">Mixbus32c</span></h2>\n<p>In 2016, Harrison introduced Mixbus32c. This is largely similar to Mixbus but with upgraded EQ section, with high and low pass filters, which models that of a Harrison 32 series console, as well as including 12 Mixbuses.</p>\n<h2><span id=\"Bundled_plugins\" class=\"mw-headline\">Bundled plugins</span></h2>\n<p>Mixbus also includes bundled plugins based on Xtools plugins that are part of Harrison Xrange digital consoles. These plugins require users to purchase individual licenses to use them, although they will still process audio which allows Mixbus users to share sessions with other users that have not purchased licenses.</p>\n<p>Mixbus bundled plugins use the open source LV2 plugin format.</p>\n<p>They include the following:</p>\n<ul>\n<li>XT-GV GVerb+</li>\n<li>XT-3D Delay</li>\n<li>XT-DM Dyno-Mite</li>\n<li>XT-MG Micro Glide</li>\n<li>XT-BC Bass Character</li>\n<li>XT-VC Vocal Character</li>\n<li>XT-DC Drum Character</li>\n<li>XT-DS De-Esser Plugin</li>\n<li>XT-EG Expander/Gate Plugin</li>\n<li>XT-EQ Equalizer</li>\n<li>XT-ME Mastering Equalizer</li>\n<li>XT-MC Multi-Band Compressor</li>\n<li>XT-LC Lookahead Compressor</li>\n<li>XT-TG Tom Gate</li>\n<li>XT-SC Spectral Compressor</li>\n<li>XT-SP Stunning Phaser</li>\n</ul>\n<h2><span id=\"3rd_party_plugins\" class=\"mw-headline\">3rd party plugins</span></h2>\n<p>Harrison also promotes some third party LV2 plugins, which are included in the default installation of Mixbus. Similar to Harrison's bundled plugins, these require users to purchase individual licenses. They include:</p>\n<ul>\n<li>x42 - Meter Plugin Bundle</li>\n<li>x42 - 4 Band Parametric EQ</li>\n<li>x42 - Whirl</li>\n</ul>\n<h2><span id=\"Control_surface_support\" class=\"mw-headline\">Control surface support</span></h2>\n<p>Mixbus has built-in support for:</p>\n<ul>\n<li>Mackie</li>\n<li>PreSonus FaderPort</li>\n<li>PreSonus FaderPort 8</li>\n<li>Tascam US2400</li>\n<li>Open Sound Control (OSC)</li>\n<li>Generic MIDI</li>\n</ul>",
 "remarks": "本词条汉字内容由 @多频百科团队 翻译+编辑\n原文译自 https://en.wikipedia.org/wiki/Harrison_Mixbus",
 "remarksEn": "本词条内容来自 https://en.wikipedia.org/wiki/Harrison_Mixbus",
 "status": 1,
 "clickNum": 8,
 "deleted": 0,
 "lang": 0,
 "chooseLang": true,
 "id": 91,
 "name": "Harrison Mixbus",
 "categoryText": "数字音频工作站",
 "descriptions": " Harrison Mixbus是一个数字音频工作站（DAW），可用于Microsoft Windows、Mac OS X和Linux操作系统，第一版于2009年发布。\n\nMixbus提供了一个现代的DAW模型，结合了 \"传统 \"的模拟混音工作流程。它包括基于Harrison的32系列和MR系列模拟音乐调音台的内置专有模拟建模处理。\n\nMixbus基于开源DAW Ardour，但由Harrison Audio Consoles进行商业化销售和推广。\n",
 "picture": "https://duopin-community.oss-cn-shenzhen.aliyuncs.com/x9ucigpos1d44s241atg.jpg",
 "referenceUrl": "https://en.wikipedia.org/wiki/Harrison_Mixbus",
 "typeId": 11,
 "typeName": "其他",
 "dataId": 91,
 "url": "http://dropinapp.hearinmusic.com/#/ency?typeId=11&dataId=91"
}