{
 "pageNum": 1,
 "pageSize": 10,
 "params": {},
 "content": "<p><strong>LMMS</strong>（<strong>Linux MultiMedia Studio</strong>）, 是一个自由，免费且开源的的数字音乐工作站软件，支持Linux、macOS和Microsoft Windows三大操作系统。它结合了跟踪、音序器和合成器的特点，支持采样器、合成器和MIDI键盘的输入，界面对用户十分友好。LMMS主要通过制作旋律和节拍，安排音频片段，合成和混合音频等方法创作音乐。它还附带了简单实用的各种乐器、音效插件、预设及音频采样到 VST 和 SoundFont 支持等组成的易用工具集。</p>\n<p>&nbsp;</p>\n<h2><span id=\"功能\" class=\"mw-headline\">功能</span></h2>\n<h3><span id=\".E6.A0.B8.E5.BF.83.E5.8A.9F.E8.83.BD\"></span><span id=\"核心功能\" class=\"mw-headline\">核心功能</span></h3>\n<ul>\n<li>在 Windows、Linux 和 macOS 上创作音乐</li>\n<li>在统一而简明的用户界面上编排，混音和自动化控制乐曲</li>\n<li>通过 MIDI 或电脑键盘回放音符</li>\n<li>使用节拍及低音编辑器润色曲目</li>\n<li>使用钢琴键排编辑器微调节奏，音符，和弦及旋律</li>\n<li>完全用户自定义，基于音轨由电脑控制的自动化源。</li>\n<li>导入 MIDI 文件和 Hydrogen 工程文件</li>\n</ul>\n<h3>&nbsp;</h3>\n<h3><span id=\".E6.94.AF.E6.8C.81.E4.B9.90.E5.99.A8\"></span><span id=\"支持乐器\" class=\"mw-headline\">支持乐器</span></h3>\n<ul>\n<li>内置 64 位 VST 乐器支持及 32 位 VST 兼容桥（64 位 Windows）</li>\n<li>16 种内建波形合成器，包括但不限于对 Roland &reg; TB-303、Commodore 64 &reg; SID 微芯片、Nintendo &reg; NES、 Gameboy、 Yamaha &reg; OPL2 芯片的模拟</li>\n<li>内置 ZynAddSubFx：多声道，多音色，微分音，多音色递增，递减及补充合成的强大多合一插件</li>\n<li>原生多音源 SoundFont &reg; (SF2) 、Giga (GIG)、以及 Gravis UltraSound &reg; (GUS) 等高质量乐器音色及音源库的支持。</li>\n</ul>\n<h3>&nbsp;</h3>\n<h3><span id=\".E6.95.88.E6.9E.9C.E6.B7.B7.E5.90.88\"></span><span id=\"效果混合\" class=\"mw-headline\">效果混合</span></h3>\n<ul>\n<li>原生 LADSPA 插件支持</li>\n<li>自带 VST &reg; 音效插件支持 (Linux 和 Windows)</li>\n<li>内置压缩器，限幅器，延时，回响，变音以及重低音增强器</li>\n<li>内含基于图形及参数的均衡器</li>\n<li>内置可视化插件/频谱分析器</li>\n</ul>",
 "contentEn": "<p><strong>LMMS</strong>&nbsp;(formerly&nbsp;<strong>Linux MultiMedia Studio</strong>) is a&nbsp;digital audio workstation&nbsp;application program. When LMMS is executed on a computer with appropriate hardware, it allows music to be produced by arranging samples, synthesizing sounds, playing on a&nbsp;MIDI keyboard, and combining the features of&nbsp;trackers&nbsp;and&nbsp;sequencers. It supports the Linux Audio Developer's Simple Plugin API (LADSPA),&nbsp;LV2&nbsp;(only master branch,&nbsp;since 24.05.2020) and&nbsp;Virtual Studio Technology&nbsp;(VST) plug-ins (on Win32, Win64, or Wine32).<sup id=\"cite_ref-sourceforge_6-0\" class=\"reference\">[6]</sup>&nbsp;It is&nbsp;free software, written in&nbsp;Qt&nbsp;and released under&nbsp;GPL-2.0-or-later.</p>\n<p>&nbsp;</p>\n<h2><span id=\"Overview\" class=\"mw-headline\">Overview</span></h2>\n<h3><span id=\"System_requirements\" class=\"mw-headline\">System requirements</span></h3>\n<p>LMMS is available for multiple&nbsp;operating systems, including&nbsp;Linux,&nbsp;OpenBSD,&nbsp;macOS&nbsp;and&nbsp;Windows. It requires a 1&nbsp;GHz&nbsp;CPU, 512 MB of&nbsp;RAM&nbsp;and a two-channel&nbsp;sound card.<sup id=\"cite_ref-7\" class=\"reference\">[7]</sup></p>\n<h3>&nbsp;</h3>\n<h3><span id=\"Program_features\" class=\"mw-headline\">Program features</span></h3>\n<p>LMMS accepts&nbsp;soundfonts&nbsp;and&nbsp;GUS&nbsp;patches. It can import Musical Instrument Digital Interface (MIDI) and&nbsp;Hydrogen&nbsp;files. It can read and write customized presets and themes.<sup id=\"cite_ref-linuxjournal_8-0\" class=\"reference\">[8]</sup>&nbsp;Audio can be exported in the&nbsp;Ogg,&nbsp;FLAC,&nbsp;MP3, and&nbsp;WAV&nbsp;file formats,<sup id=\"cite_ref-9\" class=\"reference\">[9]</sup>&nbsp;and the projects can be saved in the compressed&nbsp;<code>MMPZ</code>&nbsp;file format or the uncompressed&nbsp;<code>MMP</code>&nbsp;file format.<sup id=\"cite_ref-10\" class=\"reference\">[10]</sup>&nbsp;It can use&nbsp;VST&nbsp;plug-ins on Win32, Win64, or Wine32, though currently the macOS port doesn't support them.<sup id=\"cite_ref-11\" class=\"reference\">[11]</sup></p>\n<h4>&nbsp;</h4>\n<h4><span id=\"Editors\" class=\"mw-headline\">Editors</span></h4>\n<ul>\n<li><em>Song Editor</em>&nbsp;&ndash; for arranging your instruments, samples, groups of notes, automation, and more</li>\n<li><em>Beat+Bassline Editor</em>&nbsp;&ndash; for quickly sequencing rhythms</li>\n<li><em>FX mixer</em>&nbsp;&ndash; for sending multiple audio inputs through groups of effects and sending them to other mixer channels, infinite channels are supported</li>\n<li><em>Piano Roll</em>&nbsp;&ndash; edit patterns and melodies</li>\n<li><em>Automation Editor</em>&nbsp;&ndash; move almost any knob or widget over the course of the song</li>\n</ul>\n<h4>&nbsp;</h4>\n<h4><span id=\"Synthesizers\" class=\"mw-headline\">Synthesizers</span></h4>\n<ul>\n<li><em>BitInvader</em>&nbsp;&ndash;&nbsp;wavetable-lookup synthesis</li>\n<li><em>FreeBoy</em>&nbsp;&ndash;&nbsp;emulator&nbsp;of&nbsp;Game Boy&nbsp;audio processing unit&nbsp;(APU)</li>\n<li><em>Kicker</em>&nbsp;&ndash; bass drum synthesizer</li>\n<li><em>LB302</em>&nbsp;&ndash; imitation of the&nbsp;Roland TB-303</li>\n<li><em>Mallets</em>&nbsp;&ndash; tuneful percussion synthesizer</li>\n<li><em>Monstro</em>&nbsp;&ndash; 3-oscillator synthesizer with modulation matrix</li>\n<li><em>Nescaline</em>&nbsp;&ndash; NES-like synthesizer</li>\n<li><em>OpulenZ</em>&nbsp;&ndash; 2-operator&nbsp;FM&nbsp;synthesizer</li>\n<li><em>Organic</em>&nbsp;&ndash; organ-like synthesizer</li>\n<li><em>Sf2 Player</em>&nbsp;&ndash; a&nbsp;Fluidsynth-based Soundfont player</li>\n<li><em>SID</em>&nbsp;&ndash; emulator of the&nbsp;Commodore 64&nbsp;chips</li>\n<li><em>TripleOscillator&nbsp;&ndash;</em>&nbsp;3-oscillator synthesizer with 5 modulation modes: MIX,&nbsp;SYNC,&nbsp;PM,&nbsp;FM, and&nbsp;AM</li>\n<li><em>Vibed</em>&nbsp;&ndash; vibrating string modeler</li>\n<li><em>Watsyn</em>&nbsp;&ndash; 4-oscillator wavetable synthesizer</li>\n<li><em>ZynAddSubFX</em></li>\n</ul>\n<h4>&nbsp;</h4>\n<h4><span id=\"Samplers\" class=\"mw-headline\">Samplers</span></h4>\n<ul>\n<li><em>AudioFileProcessor (AFP)</em>&nbsp;&ndash; sampler with trimming and looping abilities</li>\n</ul>\n<h3>&nbsp;</h3>\n<h3><span id=\"Standards\" class=\"mw-headline\">Standards</span></h3>\n<ul>\n<li>Musical Instrument Digital Interface (MIDI)</li>\n<li>SoundFont&nbsp;(SF2)</li>\n<li>Virtual Studio Technology&nbsp;(VST)</li>\n<li>Linux Audio Developer's Simple Plugin API (LADSPA)</li>\n<li>LV2&nbsp;(only master branch,&nbsp;since 24.05.2020)</li>\n<li>Gravis Ultrasound&nbsp;(GUS) patches (PatMan)</li>\n<li>JACK Audio Connection Kit&nbsp;(JACK)</li>\n<li>ZynAddSubFX</li>\n</ul>\n<p>&nbsp;</p>\n<h2><span id=\"References\" class=\"mw-headline\">References</span></h2>\n<div class=\"reflist\">\n<div class=\"mw-references-wrap mw-references-columns\">\n<ol class=\"references\">\n<li id=\"cite_note-1\"><span class=\"mw-cite-backlink\"><strong>^</strong></span>&nbsp;<span class=\"reference-text\"><cite class=\"citation web cs1\">\"LMMS Alternatives and Similar Software - AlternativeTo.net\".&nbsp;<em>AlternativeTo</em>.</cite></span></li>\n<li id=\"cite_note-wikidata-40c643461a83df2e22e78f5e678fda5da98b38a3-v3-2\"><span class=\"mw-cite-backlink\"><strong>^</strong></span>&nbsp;<span class=\"reference-text\">https://github.com/LMMS/lmms/releases/tag/v1.2.2.</span></li>\n<li id=\"cite_note-debian-3\"><span class=\"mw-cite-backlink\">^&nbsp;<span class=\"cite-accessibility-label\">Jump up to:</span><sup><em><strong>a</strong></em></sup>&nbsp;<sup><em><strong>b</strong></em></sup></span>&nbsp;<span class=\"reference-text\"><cite class=\"citation web cs1\">\"Debian -- Details of package lmms in buster\".&nbsp;Debian<span class=\"reference-accessdate\">. Retrieved&nbsp;<span class=\"nowrap\">24 November</span>&nbsp;2019</span>.</cite></span></li>\n<li id=\"cite_note-4\"><span class=\"mw-cite-backlink\"><strong>^</strong></span>&nbsp;<span class=\"reference-text\"><cite class=\"citation web cs1\">\"LMMS &ndash; Currently supported languages\"<span class=\"reference-accessdate\">. Retrieved&nbsp;<span class=\"nowrap\">21 June</span>2017</span>.</cite></span></li>\n<li id=\"cite_note-license-5\"><span class=\"mw-cite-backlink\"><strong>^</strong></span>&nbsp;<span class=\"reference-text\"><cite class=\"citation web cs1\">\"LMMS License\". lmms.io<span class=\"reference-accessdate\">. Retrieved&nbsp;<span class=\"nowrap\">2 June</span>&nbsp;2021</span>.</cite></span></li>\n<li id=\"cite_note-sourceforge-6\"><span class=\"mw-cite-backlink\"><strong>^</strong></span>&nbsp;<span class=\"reference-text\"><cite class=\"citation web cs1\">\"LMMS &ndash; Linux MultiMedia Studio\". SourceForge<span class=\"reference-accessdate\">. Retrieved&nbsp;<span class=\"nowrap\">17 May</span>&nbsp;2011</span>.</cite></span></li>\n<li id=\"cite_note-7\"><span class=\"mw-cite-backlink\"><strong>^</strong></span>&nbsp;<span class=\"reference-text\"><cite class=\"citation web cs1\">\"LMMS &bull; Documentation\".&nbsp;<em>lmms.io</em>. Archived from&nbsp;the original&nbsp;on 9 September 2017<span class=\"reference-accessdate\">. Retrieved&nbsp;<span class=\"nowrap\">31 March</span>&nbsp;2016</span>.</cite></span></li>\n<li id=\"cite_note-linuxjournal-8\"><span class=\"mw-cite-backlink\"><strong>^</strong></span>&nbsp;<span class=\"reference-text\"><cite id=\"CITEREFDave_Phillips2009\" class=\"citation web cs1\">Dave Phillips (17 August 2009).&nbsp;\"LMMS: The Linux MultiMedia Studio\". Linux Journal<span class=\"reference-accessdate\">. Retrieved&nbsp;<span class=\"nowrap\">31 March</span>&nbsp;2016</span>.</cite></span></li>\n<li id=\"cite_note-9\"><span class=\"mw-cite-backlink\"><strong>^</strong></span>&nbsp;<span class=\"reference-text\"><cite class=\"citation web cs1\">\"LMMS Sound Editing Software\". Software Insider<span class=\"reference-accessdate\">. Retrieved&nbsp;<span class=\"nowrap\">31 March</span>&nbsp;2011</span>.</cite><sup class=\"noprint Inline-Template\">[<em><span title=\"&nbsp;Dead link since January 2018\">permanent dead link</span></em>]</sup></span></li>\n<li id=\"cite_note-10\"><span class=\"mw-cite-backlink\"><strong>^</strong></span>&nbsp;<span class=\"reference-text\"><cite class=\"citation web cs1\">\"lmms.io/utils.php function read_project\".&nbsp;<em>Github</em><span class=\"reference-accessdate\">. Retrieved&nbsp;<span class=\"nowrap\">3 August</span>&nbsp;2017</span>.</cite></span></li>\n<li id=\"cite_note-11\"><span class=\"mw-cite-backlink\"><strong>^</strong></span>&nbsp;<span class=\"reference-text\"><cite class=\"citation web cs1\">\"VeSTige - LMMS Wiki\".&nbsp;<em>lmms.io</em>.</cite></span></li>\n</ol>\n</div>\n</div>\n<ul>\n<li><cite id=\"CITEREFTobias_Doerffel2005\" class=\"citation journal cs1\">Tobias Doerffel (December 2005).&nbsp;\"Making Music with Linux Multimedia Studio\".&nbsp;<em>Linux Magazine</em>&nbsp;(61): 58&ndash;60<span class=\"reference-accessdate\">. Retrieved&nbsp;<span class=\"nowrap\">30 March</span>&nbsp;2009</span>.</cite></li>\n<li><cite id=\"CITEREFDave_Phillips2008\" class=\"citation journal cs1\">Dave Phillips (1 October 2008).&nbsp;\"State of the Art: Linux Audio 2008, Part II\".&nbsp;<em>Linux Journal</em>. Archived from&nbsp;the original&nbsp;on 7 February 2009<span class=\"reference-accessdate\">. Retrieved&nbsp;<span class=\"nowrap\">30 March</span>&nbsp;2009</span>.</cite></li>\n</ul>",
 "remarks": "本词条内容来自 https://zh.wikipedia.org/wiki/LMMS",
 "remarksEn": "本词条内容来自  https://en.wikipedia.org/wiki/LMMS",
 "status": 1,
 "clickNum": 5,
 "deleted": 0,
 "lang": 0,
 "chooseLang": true,
 "id": 74,
 "name": "LMMS",
 "categoryText": "数字音频工作站",
 "descriptions": "LMMS（Linux MultiMedia Studio）, 是一个自由，免费且开源的的数字音乐工作站软件，支持Linux、macOS和Microsoft Windows三大操作系统。",
 "picture": "https://duopin-community.oss-cn-shenzhen.aliyuncs.com/eytmxg4k4qqql7meepnq.png",
 "referenceUrl": "https://en.wikipedia.org/wiki/LMMS;https://zh.wikipedia.org/wiki/LMMS;",
 "typeId": 11,
 "typeName": "其他",
 "dataId": 74,
 "url": "http://dropinapp.hearinmusic.com/#/ency?typeId=11&dataId=74"
}