{
 "pageNum": 1,
 "pageSize": 10,
 "params": {},
 "content": "<div>\n<div>\n<div class=\"document\">\n<p class=\"paragraph text-align-type-left pap-line-1.8 pap-line-rule-auto pap-spacing-before-2pt pap-spacing-after-2pt\">MAGIX Samplitude/Sequoia是一个由MAGIX制作的计算机程序，用于录音、编辑、混音、母带制作和输出音频。第一个版本在1992年发布，用于Amiga，三年后用于Microsoft Windows。该软件的最新版本是Samplitude Pro X5、Samplitude Pro X5 Suite和Sequoia 16。Samplitude是数字音频工作站（DAW）的一个例子。</p>\n<p class=\"paragraph text-align-type-left pap-line-1.8 pap-line-rule-auto pap-spacing-before-2pt pap-spacing-after-2pt\">&nbsp;</p>\n</div>\n</div>\n</div>\n<div><strong>特点</strong></div>\n<div>Samplitude与大多数DAW一样，它允许用户：</div>\n<div>● 录制和操作多轨数字音频，记录和操作MIDI数据</div>\n<div>&nbsp;</div>\n<div>● 应用效果，如混响和延迟，某些版本的Samplitude捆绑了效果器</div>\n<div>&nbsp;</div>\n<div>● 实现音频混合过程的自动化，利用虚拟乐器，如软件合成器、软件采样器、软件鼓机。</div>\n<div>通过ReWire连接到其他具有采样精度的多媒体应用程序</div>\n<div>&nbsp;</div>\n<div>● 将Samplitude与其他DAW区分开来的特征之一是 \"面向对象编辑 \"的概念。在Samplitude中，\"对象 \"是一段音频或MIDI数据的图形表示，它出现在编曲器窗口的轨道上。如果对象是一个音频对象，它看起来就像一个Wav文件的标准图形。如果对象是MIDI对象，它将显示为一系列的方点，代表其中包含的MIDI音符。通过对象编辑器，各种控制和效果（Pan、Volume、Invert Phase、Timestretch、Pitchshift、VST插件、Magix插件等）可以在对象级别应用，而不是在轨道级别应用。</div>\n<div>&nbsp;</div>\n<div>在Samplitude中，对象可以通过导入或录音来创建。通过录音创建的对象在轨道上显示为一个连续的、不间断的矩形。然而，对象也可以被 \"分割\"，从一个较大的对象中创建多个较小的对象，或者被 \"粘合\"，将多个较小的对象合并成一个较大的对象。</div>\n<div>&nbsp;</div>\n<div>Samplitude Pro X2套件还包括各种高质量的内置效果器，包括AM-munition Compressor/Limiter、AM-Suite（模拟建模套件）和Vandal（吉他和贝司放大器模拟器）。Samplitude还包括essentialFX Suite，这是10个使用高质量算法的插件，对资源的需求很低。Samplitude Pro X2套件还包括独立采样器工作站，包括70GB的内容（Samplitude Pro X2只有12GB）。</div>\n<div>&nbsp;</div>\n<div><strong>历史</strong></div>\n<div>1992年，Samplitude的第一个版本完成，是为Amiga平台编写的。它主要是一个带有24位音频处理的采样编辑器。一年后，Samplitude Pro II带有硬盘录音功能。</div>\n<div>&nbsp;</div>\n<div>1995年，Samplitude发布了微软Windows 3.1版本。有三个版本可供选择：</div>\n<div>● 多媒体（四轨），具有虚拟编辑功能，实时环绕效果，整合MIDI和AVI。</div>\n<div>● 专业版（8个音轨）与多媒体版一样，具有重采样、时间拉伸、音调转换、MIDI样本转储等功能。</div>\n<div>● 工作室（16轨），像专业版一样，加上诸如外部同步和各种数字过滤器的功能。</div>\n<div>&nbsp;</div>\n<div>1998年Samplitude 2496发布，当时由德国音响公司SEK'D（前身是Hohner Midia）拥有。它支持24位录音，采样率高达96kHz。Samplitude在当时是独一无二的，能够将音频记录到硬盘和RAM中。 同时，名为Red Roaster和Samplitude Studio的Samplitude的廉价但有限的版本被发布，适用于Windows 95/98和NT4。Red Roaster的名字来源于它所符合的红皮书标准，只包括Samplitude的CD刻录功能。最后一次发布仍然是在1999年6月，之后SEK'D将Samplitude系列出售给MAGIX。</div>\n<div>&nbsp;</div>\n<div>Samplitude Professional 7.0在2002年底发布。这个版本包括对ASIO驱动、VST插件（包括VST乐器）与插件延迟补偿的支持，以及硬件控制面。它配备了完整的视频录制、编辑和创作软件。&nbsp;</div>\n<div>&nbsp;</div>\n<div>2005年，8.0版本发布。一些新的功能是能够作为ReWire主机，5.1环绕声混音，模拟风格的处理器，虚拟鼓机和Acid风格的节拍映射工具。&nbsp;</div>\n<div>&nbsp;</div>\n<div>2006年，MAGIX推出了Samplitude 9.0，具有先进的双CPU支持、VSTi管理器、去咝咝声和更符合人体工程学的轨道处理。</div>\n<div>&nbsp;</div>\n<div>2011年夏季发布的Samplitude Pro X使硬件加密狗成为可选项，切换到64位操作，包括一个新的软采样器，引入窗口对接和引入光谱编辑。</div>\n<div>&nbsp;</div>\n<div>Samplitude Pro X2引入了VCA推子，将单个音轨路由到多个输出，引入了zPlane Elastique时间拉伸算法。Pro X2还引入了对VST3.0插件格式的支持。增加了DN-e1，一个模拟合成器。&nbsp;</div>\n<div>&nbsp;</div>\n<div>Samplitude Pro X3更新了Samplitude的节奏扭曲功能，通过ARA插件格式引入了对Melodyne的支持，在Samplitude中提供深度整合。Samplitude Pro X4与Sound Forge Pro 11以及Izotope的Mastering and Repair Suite捆绑在一起。&nbsp;</div>\n<div>&nbsp;</div>\n<div>&nbsp;</div>\n<div>&nbsp;</div>",
 "contentEn": "<div class=\"document\">\n<p class=\"paragraph text-align-type-left pap-line-1.8 pap-line-rule-auto pap-spacing-before-2pt pap-spacing-after-2pt\">MAGIX Samplitude/ Sequoia is a computer program made by MAGIX for recording, editing, mixing, mastering and outputting audio. The first version was released in 1992 for the Amiga and three years later for Microsoft Windows. The latest versions of the software are Samplitude Pro X5, Samplitude Pro X5 Suite and Sequoia 16. Samplitude is an example of a digital audio workstation (DAW).</p>\n<p class=\"paragraph text-align-type-left pap-line-1.8 pap-line-rule-auto pap-spacing-before-2pt pap-spacing-after-2pt\">&nbsp;</p>\n<table><colgroup> <col /><col /> </colgroup>\n<tbody>\n<tr>\n<td colspan=\"1\" rowspan=\"1\" align=\"\" valign=\"middle\" width=\"2175\">\n<p class=\"paragraph text-align-type-left pap-line-1.8 pap-line-rule-auto pap-spacing-before-2pt pap-spacing-after-2pt\">Developer(s)</p>\n</td>\n<td colspan=\"1\" rowspan=\"1\" align=\"\" valign=\"middle\" width=\"3015\">\n<p class=\"paragraph text-align-type-left pap-line-1.8 pap-line-rule-auto pap-spacing-before-2pt pap-spacing-after-2pt\">MAGIX</p>\n</td>\n<td colspan=\"1\" rowspan=\"1\" align=\"\" valign=\"\" width=\"undefined\">\n<p class=\"paragraph text-align-type-left pap-line-1.8 pap-line-rule-auto pap-spacing-before-2pt pap-spacing-after-2pt\">&nbsp;</p>\n</td>\n</tr>\n<tr>\n<td colspan=\"1\" rowspan=\"1\" align=\"\" valign=\"middle\" width=\"2175\">\n<p class=\"paragraph text-align-type-left pap-line-1.8 pap-line-rule-auto pap-spacing-before-2pt pap-spacing-after-2pt\">Stable release</p>\n</td>\n<td colspan=\"1\" rowspan=\"1\" align=\"\" valign=\"middle\" width=\"3015\">\n<p class=\"paragraph text-align-type-left pap-line-1.8 pap-line-rule-auto pap-spacing-before-2pt pap-spacing-after-2pt\">15.0.0.38 (Dec 3, 2018)</p>\n</td>\n<td colspan=\"1\" rowspan=\"1\" align=\"\" valign=\"\" width=\"undefined\">\n<p class=\"paragraph text-align-type-left pap-line-1.8 pap-line-rule-auto pap-spacing-before-2pt pap-spacing-after-2pt\">&nbsp;</p>\n</td>\n</tr>\n<tr>\n<td colspan=\"1\" rowspan=\"1\" align=\"\" valign=\"middle\" width=\"2175\">\n<p class=\"paragraph text-align-type-left pap-line-1.8 pap-line-rule-auto pap-spacing-before-2pt pap-spacing-after-2pt\">Operating system</p>\n</td>\n<td colspan=\"1\" rowspan=\"1\" align=\"\" valign=\"middle\" width=\"3015\">\n<p class=\"paragraph text-align-type-left pap-line-1.8 pap-line-rule-auto pap-spacing-before-2pt pap-spacing-after-2pt\">Windows 8 or later</p>\n</td>\n<td colspan=\"1\" rowspan=\"1\" align=\"\" valign=\"\" width=\"undefined\">\n<p class=\"paragraph text-align-type-left pap-line-1.8 pap-line-rule-auto pap-spacing-before-2pt pap-spacing-after-2pt\">&nbsp;</p>\n</td>\n</tr>\n<tr>\n<td colspan=\"1\" rowspan=\"1\" align=\"\" valign=\"middle\" width=\"2175\">\n<p class=\"paragraph text-align-type-left pap-line-1.8 pap-line-rule-auto pap-spacing-before-2pt pap-spacing-after-2pt\">Type</p>\n</td>\n<td colspan=\"1\" rowspan=\"1\" align=\"\" valign=\"middle\" width=\"3015\">\n<p class=\"paragraph text-align-type-left pap-line-1.8 pap-line-rule-auto pap-spacing-before-2pt pap-spacing-after-2pt\">Digital audio workstation</p>\n</td>\n<td colspan=\"1\" rowspan=\"1\" align=\"\" valign=\"\" width=\"undefined\">\n<p class=\"paragraph text-align-type-left pap-line-1.8 pap-line-rule-auto pap-spacing-before-2pt pap-spacing-after-2pt\">&nbsp;</p>\n</td>\n</tr>\n<tr>\n<td colspan=\"1\" rowspan=\"1\" align=\"\" valign=\"middle\" width=\"2175\">\n<p class=\"paragraph text-align-type-left pap-line-1.8 pap-line-rule-auto pap-spacing-before-2pt pap-spacing-after-2pt\">License</p>\n</td>\n<td colspan=\"1\" rowspan=\"1\" align=\"\" valign=\"middle\" width=\"3015\">\n<p class=\"paragraph text-align-type-left pap-line-1.8 pap-line-rule-auto pap-spacing-before-2pt pap-spacing-after-2pt\">Proprietary</p>\n</td>\n<td colspan=\"1\" rowspan=\"1\" align=\"\" valign=\"\" width=\"undefined\">\n<p class=\"paragraph text-align-type-left pap-line-1.8 pap-line-rule-auto pap-spacing-before-2pt pap-spacing-after-2pt\">&nbsp;</p>\n</td>\n</tr>\n<tr>\n<td colspan=\"1\" rowspan=\"1\" align=\"\" valign=\"middle\" width=\"2175\">\n<p class=\"paragraph text-align-type-left pap-line-1.8 pap-line-rule-auto pap-spacing-before-2pt pap-spacing-after-2pt\">Website</p>\n</td>\n<td colspan=\"1\" rowspan=\"1\" align=\"\" valign=\"middle\" width=\"3015\">\n<p class=\"paragraph text-align-type-left pap-line-1.8 pap-line-rule-auto pap-spacing-before-2pt pap-spacing-after-2pt\">www.magix.com/us/music/samplitude/</p>\n</td>\n<td colspan=\"1\" rowspan=\"1\" align=\"\" valign=\"\" width=\"undefined\">\n<p class=\"paragraph text-align-type-left pap-line-1.8 pap-line-rule-auto pap-spacing-before-2pt pap-spacing-after-2pt\">&nbsp;</p>\n</td>\n</tr>\n</tbody>\n</table>\n<p class=\"paragraph text-align-type-left pap-line-1.8 pap-line-rule-auto pap-spacing-before-2pt pap-spacing-after-2pt\">&nbsp;</p>\n<div>\n<div class=\"document\">\n<h2>Features</h2>\n<p class=\"paragraph text-align-type-left pap-line-1.8 pap-line-rule-auto pap-spacing-before-2pt pap-spacing-after-2pt\">Samplitude is like most DAWs in that it allows the user to:</p>\n<ul>\n<li>\n<p class=\"paragraph text-align-type-left pap-line-1.8 pap-line-rule-auto pap-spacing-before-2pt pap-spacing-after-2pt\">Record and manipulate multitrack digital audio</p>\n</li>\n<li>\n<p class=\"paragraph text-align-type-left pap-line-1.8 pap-line-rule-auto pap-spacing-before-2pt pap-spacing-after-2pt\">Record and manipulate MIDI data</p>\n</li>\n<li>\n<p class=\"paragraph text-align-type-left pap-line-1.8 pap-line-rule-auto pap-spacing-before-2pt pap-spacing-after-2pt\">Apply effects, such as reverb and delay, some versions of Samplitude come bundled with effects</p>\n</li>\n<li>\n<p class=\"paragraph text-align-type-left pap-line-1.8 pap-line-rule-auto pap-spacing-before-2pt pap-spacing-after-2pt\">Automate the process of mixing audio</p>\n</li>\n<li>\n<p class=\"paragraph text-align-type-left pap-line-1.8 pap-line-rule-auto pap-spacing-before-2pt pap-spacing-after-2pt\">Utilize virtual instruments, such as software synthesizers, software samplers, software drum machines</p>\n</li>\n<li>\n<p class=\"paragraph text-align-type-left pap-line-1.8 pap-line-rule-auto pap-spacing-before-2pt pap-spacing-after-2pt\">Connect to other multimedia applications with sample accuracy via ReWire</p>\n</li>\n</ul>\n<p class=\"paragraph text-align-type-left pap-line-1.8 pap-line-rule-auto pap-spacing-before-2pt pap-spacing-after-2pt\">One of the features that separates Samplitude from other DAWs is the concept of \"object-oriented editing\". In Samplitude, an \"object\" is a graphical representation of a piece of audio or MIDI data that appears on a Track in the Arranger window. If the object is an Audio object, it will look like a standard graphic of a Wav file. If the object is a MIDI object, it will appear as a series of square dots that represent the MIDI notes contained therein. Through the Object Editor, various controls and effects (Pan, Volume, Invert Phase, Timestretch, Pitchshift, VST plugins, Magix Plugins, etc.) can be applied at the Object level as opposed to being applied at the Track level.</p>\n<p class=\"paragraph text-align-type-left pap-line-1.8 pap-line-rule-auto pap-spacing-before-2pt pap-spacing-after-2pt\">&nbsp;</p>\n<p class=\"paragraph text-align-type-left pap-line-1.8 pap-line-rule-auto pap-spacing-before-2pt pap-spacing-after-2pt\">Objects can be created in Samplitude either by importing them or by recording. Objects created by recording appear as a continuous, unbroken rectangle on the Track. However, objects can also be \"split\", creating multiple smaller objects from a larger one, or \"glued\", which combines multiple smaller objects into one larger one.</p>\n<p class=\"paragraph text-align-type-left pap-line-1.8 pap-line-rule-auto pap-spacing-before-2pt pap-spacing-after-2pt\">&nbsp;</p>\n<p class=\"paragraph text-align-type-left pap-line-1.8 pap-line-rule-auto pap-spacing-before-2pt pap-spacing-after-2pt\">Samplitude Pro X2 Suite also includes a variety of high-quality built-in effects, including the AM-munition Compressor/Limiter, the AM-Suite (Analogue Modeling Suite), and Vandal (Guitar and Bass Amp simulator). Samplitude also includes the essentialFX Suite, which are 10 plug-ins using high quality algorithms that have low resource demands. Samplitude Pro X2 Suite also includes the Independence Sampler Workstation that includes 70GB of content (Samplitude Pro X2 only 12GB).</p>\n<h2>History</h2>\n<p class=\"paragraph text-align-type-left pap-line-1.8 pap-line-rule-auto pap-spacing-before-2pt pap-spacing-after-2pt\">In 1992 the first version of Samplitude, written for the Amiga platform, was completed. It was mainly a sample editor with 24-bit audio processing. One year later, Samplitude Pro II came with hard disk recording.</p>\n<p class=\"paragraph text-align-type-left pap-line-1.8 pap-line-rule-auto pap-spacing-before-2pt pap-spacing-after-2pt\">&nbsp;</p>\n<p class=\"paragraph text-align-type-left pap-line-1.8 pap-line-rule-auto pap-spacing-before-2pt pap-spacing-after-2pt\">In 1995 Samplitude was released for Microsoft Windows 3.1. Three versions were available:</p>\n<ul>\n<li>\n<p class=\"paragraph text-align-type-left pap-line-1.8 pap-line-rule-auto pap-spacing-before-2pt pap-spacing-after-2pt\">Multimedia (four tracks) with virtual editing, real-time surround effect, integration of MIDI and AVI</p>\n</li>\n<li>\n<p class=\"paragraph text-align-type-left pap-line-1.8 pap-line-rule-auto pap-spacing-before-2pt pap-spacing-after-2pt\">Pro (8 tracks) like Multimedia Version plus features such as resampling, timestretching, pitch-shifting, MIDI sample dump</p>\n</li>\n<li>\n<p class=\"paragraph text-align-type-left pap-line-1.8 pap-line-rule-auto pap-spacing-before-2pt pap-spacing-after-2pt\">Studio (16 tracks) like Pro Version plus features such as external sync and various digital filters</p>\n</li>\n</ul>\n<p class=\"paragraph text-align-type-left pap-line-1.8 pap-line-rule-auto pap-spacing-before-2pt pap-spacing-after-2pt\">&nbsp;</p>\n<p class=\"paragraph text-align-type-left pap-line-1.8 pap-line-rule-auto pap-spacing-before-2pt pap-spacing-after-2pt\">In 1998 Samplitude 2496 was released, at the time owned by German audio company SEK'D (formerly Hohner Midia). It supported 24-bit recording at sample rates up to 96&nbsp;kHz. Samplitude was unique at that time, being able to record audio to hard disk and RAM. Simultaneously less expensive but limited versions of Samplitude called Red Roaster and Samplitude Studio were released for Windows 95/98 and NT4. Red Roaster's name being derived from the Red Book standard to which it conforms, included only the CD-burning features of Samplitude. The last releases still in version 5 were in June 1999 after which SEK'D sold the Samplitude line to MAGIX.</p>\n<p class=\"paragraph text-align-type-left pap-line-1.8 pap-line-rule-auto pap-spacing-before-2pt pap-spacing-after-2pt\">&nbsp;</p>\n<p class=\"paragraph text-align-type-left pap-line-1.8 pap-line-rule-auto pap-spacing-before-2pt pap-spacing-after-2pt\">Samplitude Professional 7.0 was released at the end of 2002. This version included support for ASIO drivers, VST plug-ins (including VST Instruments) with plug-in delay compensation, and hardware control surfaces. It came with complete video recording, editing and authoring software.</p>\n<p class=\"paragraph text-align-type-left pap-line-1.8 pap-line-rule-auto pap-spacing-before-2pt pap-spacing-after-2pt\">&nbsp;</p>\n<p class=\"paragraph text-align-type-left pap-line-1.8 pap-line-rule-auto pap-spacing-before-2pt pap-spacing-after-2pt\">In 2005 Version 8.0 was released. Some of the new features were the ability to act as a ReWire host, 5.1 surround mixing, analogue-style processors, a virtual drum machine and an Acid-style beat-mapping tool.</p>\n<p class=\"paragraph text-align-type-left pap-line-1.8 pap-line-rule-auto pap-spacing-before-2pt pap-spacing-after-2pt\">&nbsp;</p>\n<p class=\"paragraph text-align-type-left pap-line-1.8 pap-line-rule-auto pap-spacing-before-2pt pap-spacing-after-2pt\">In 2006 MAGIX presented Samplitude 9.0 with advanced dual CPU support, VSTi manager, de-esser and more ergonomic track handling.[10][11]</p>\n<p class=\"paragraph text-align-type-left pap-line-1.8 pap-line-rule-auto pap-spacing-before-2pt pap-spacing-after-2pt\">&nbsp;</p>\n<p class=\"paragraph text-align-type-left pap-line-1.8 pap-line-rule-auto pap-spacing-before-2pt pap-spacing-after-2pt\">Released Summer 2011, Samplitude Pro X made the hardware dongle optional, switched to 64-bit operation, included a new soft sampler, introduced window docking and introduced spectral editing.</p>\n<p class=\"paragraph text-align-type-left pap-line-1.8 pap-line-rule-auto pap-spacing-before-2pt pap-spacing-after-2pt\">&nbsp;</p>\n<p class=\"paragraph text-align-type-left pap-line-1.8 pap-line-rule-auto pap-spacing-before-2pt pap-spacing-after-2pt\">Samplitude Pro X2 introduced VCA faders, routing single tracks to multiple outputs, zPlane Elastique time-stretching algorithms were introduced. Pro X2 also introduced support for VST3.0 plugin format. DN-e1, an analog synthesizer was added.</p>\n<p class=\"paragraph text-align-type-left pap-line-1.8 pap-line-rule-auto pap-spacing-before-2pt pap-spacing-after-2pt\">&nbsp;</p>\n<p class=\"paragraph text-align-type-left pap-line-1.8 pap-line-rule-auto pap-spacing-before-2pt pap-spacing-after-2pt\">Samplitude Pro X3 updated Samplitude's tempo warp functionality, introduced Melodyne support via the ARA plugin format which provides deep integration in Samplitude. Samplitude Pro X4 comes bundled with Sound Forge Pro 11 as well as Izotope's Mastering and Repair Suite.</p>\n</div>\n</div>\n<p class=\"paragraph text-align-type-left pap-line-1.8 pap-line-rule-auto pap-spacing-before-2pt pap-spacing-after-2pt\">&nbsp;</p>\n<p class=\"paragraph text-align-type-left pap-line-1.8 pap-line-rule-auto pap-spacing-before-2pt pap-spacing-after-2pt\">&nbsp;</p>\n</div>",
 "remarks": "本词条汉字内容由 @多频百科团队 翻译+编辑\n原文译自 https://en.wikipedia.org/wiki/Magix_Samplitude",
 "remarksEn": "本词条内容来自 https://en.wikipedia.org/wiki/Magix_Samplitude",
 "status": 1,
 "clickNum": 3,
 "deleted": 0,
 "lang": 0,
 "chooseLang": true,
 "id": 140,
 "name": "Magix Samplitude",
 "categoryText": "数字音频工作站",
 "descriptions": "MAGIX Samplitude/Sequoia是一个由MAGIX制作的计算机程序，用于录音、编辑、混音、母带制作和输出音频。第一个版本在1992年发布，用于Amiga，三年后用于Microsoft Windows。该软件的最新版本是Samplitude Pro X5、Samplitude Pro X5 Suite和Sequoia 16。Samplitude是数字音频工作站（DAW）的一个例子。",
 "picture": "https://duopin-community.oss-cn-shenzhen.aliyuncs.com/image/2021/8/ok6c01mfg89nsqr6ilei.jpg",
 "referenceUrl": "https://en.wikipedia.org/wiki/Magix_Samplitude",
 "typeId": 11,
 "typeName": "其他",
 "dataId": 140,
 "url": "http://dropinapp.hearinmusic.com/#/ency?typeId=11&dataId=140"
}