{
 "pageNum": 1,
 "pageSize": 10,
 "params": {},
 "content": "<div>Mixcraft是一款适用于Windows的多轨录音应用程序。这款音乐录制软件的功能是数字音频工作站、MIDI音序器、虚拟乐器主机、非线性视频编曲器和音乐循环录制程序。</div>\n<div>&nbsp;</div>\n<div><strong>版本</strong></div>\n<div>目前有两个版本的Mixcraft：</div>\n<div>&nbsp;</div>\n<div>Mixcraft Recording Studio：这是该程序的默认版本，也是唯一的下载版本。它带有无限的音频、MIDI、视频和虚拟乐器轨道。它包括一个由7000个循环、样本和声音效果组成的循环库。</div>\n<div>&nbsp;</div>\n<div>Mixcraft Pro Studio：这个专业版本扩展了Mixcraft（标准）的功能，增加了更多的虚拟乐器，和更多的音频效果（包括母带效果）。这个版本是针对专业音乐家、制作人和工程师的。专业版还包括集成的ARA Melodyne。</div>\n<div>&nbsp;</div>\n<div><strong>特点</strong></div>\n<div>● MIDI：该功能允许用户记录在一个或多个MIDI控制器键盘上演奏的MIDI数据。</div>\n<div>● VSTi支持：该功能允许虚拟乐器通过MIDI数据进行演奏、排序和录音。(包括VST 3)</div>\n<div>● 多轨录音：该功能允许用户同时从多个声卡/音频接口输入创建录音。在连接了MIDI键盘的情况下，人们可以同时通过麦克风和键盘进行录音。</div>\n<div>● 表演片段排序：与Ableton和Bitwig类似，它也支持基于模式剪辑的安排。</div>\n<div>● 速度匹配：该功能尝试检测预先录制的音频文件的速度和调性，并改变速度以匹配项目的速度。</div>\n<div>● 音频时间拉伸和音高移动：Mixcraft声称使用一种先进的算法，提供高质量的时间拉伸和音高移动，同时最大限度地减少CPU的使用。</div>\n<div>● 多种导入/导出格式：支持MP3、WAV、WMA、OGG、FLAC、AIFF文件格式。</div>\n<div>● 视频编排：编辑、添加图片、添加字体、自动化和效果。(支持MP4、AVI和WMV文件)</div>\n<div>&nbsp;</div>\n<div>&nbsp;</div>",
 "contentEn": "<div>\n<div class=\"document\">\n<p class=\"paragraph text-align-type-left pap-line-1.8 pap-line-rule-auto pap-spacing-before-2pt pap-spacing-after-2pt\">Mixcraft is a multitrack recording application for Windows. This music recording software functions as a digital audio workstation, MIDI sequencer, virtual instrument host, non-linear video arranger, and music loop recording program.</p>\n<p class=\"paragraph text-align-type-left pap-line-1.8 pap-line-rule-auto pap-spacing-before-2pt pap-spacing-after-2pt\">&nbsp;</p>\n<table><colgroup> <col /><col /> </colgroup>\n<tbody>\n<tr>\n<td colspan=\"1\" rowspan=\"1\" align=\"\" valign=\"middle\" width=\"2175\">\n<p class=\"paragraph text-align-type-left pap-line-1.8 pap-line-rule-auto pap-spacing-before-2pt pap-spacing-after-2pt\">Developer(s)</p>\n</td>\n<td colspan=\"1\" rowspan=\"1\" align=\"\" valign=\"middle\" width=\"3315\">\n<p class=\"paragraph text-align-type-left pap-line-1.8 pap-line-rule-auto pap-spacing-before-2pt pap-spacing-after-2pt\">Acoustica, Inc. (Yosemite Valley, CA)</p>\n</td>\n<td colspan=\"1\" rowspan=\"1\" align=\"\" valign=\"\" width=\"undefined\">\n<p class=\"paragraph text-align-type-left pap-line-1.8 pap-line-rule-auto pap-spacing-before-2pt pap-spacing-after-2pt\">&nbsp;</p>\n</td>\n</tr>\n<tr>\n<td colspan=\"1\" rowspan=\"1\" align=\"\" valign=\"middle\" width=\"2175\">\n<p class=\"paragraph text-align-type-left pap-line-1.8 pap-line-rule-auto pap-spacing-before-2pt pap-spacing-after-2pt\">Stable release</p>\n</td>\n<td colspan=\"1\" rowspan=\"1\" align=\"\" valign=\"middle\" width=\"3315\">\n<p class=\"paragraph text-align-type-left pap-line-1.8 pap-line-rule-auto pap-spacing-before-2pt pap-spacing-after-2pt\">9.0 build 460 / April&nbsp;24, 2020; 9 months ago</p>\n</td>\n<td colspan=\"1\" rowspan=\"1\" align=\"\" valign=\"\" width=\"undefined\">\n<p class=\"paragraph text-align-type-left pap-line-1.8 pap-line-rule-auto pap-spacing-before-2pt pap-spacing-after-2pt\">&nbsp;</p>\n</td>\n</tr>\n<tr>\n<td colspan=\"1\" rowspan=\"1\" align=\"\" valign=\"middle\" width=\"2175\">\n<p class=\"paragraph text-align-type-left pap-line-1.8 pap-line-rule-auto pap-spacing-before-2pt pap-spacing-after-2pt\">Operating system</p>\n</td>\n<td colspan=\"1\" rowspan=\"1\" align=\"\" valign=\"middle\" width=\"3315\">\n<p class=\"paragraph text-align-type-left pap-line-1.8 pap-line-rule-auto pap-spacing-before-2pt pap-spacing-after-2pt\">Microsoft Windows</p>\n</td>\n<td colspan=\"1\" rowspan=\"1\" align=\"\" valign=\"\" width=\"undefined\">\n<p class=\"paragraph text-align-type-left pap-line-1.8 pap-line-rule-auto pap-spacing-before-2pt pap-spacing-after-2pt\">&nbsp;</p>\n</td>\n</tr>\n<tr>\n<td colspan=\"1\" rowspan=\"1\" align=\"\" valign=\"middle\" width=\"2175\">\n<p class=\"paragraph text-align-type-left pap-line-1.8 pap-line-rule-auto pap-spacing-before-2pt pap-spacing-after-2pt\">Type</p>\n</td>\n<td colspan=\"1\" rowspan=\"1\" align=\"\" valign=\"middle\" width=\"3315\">\n<p class=\"paragraph text-align-type-left pap-line-1.8 pap-line-rule-auto pap-spacing-before-2pt pap-spacing-after-2pt\">Digital audio workstation</p>\n</td>\n<td colspan=\"1\" rowspan=\"1\" align=\"\" valign=\"\" width=\"undefined\">\n<p class=\"paragraph text-align-type-left pap-line-1.8 pap-line-rule-auto pap-spacing-before-2pt pap-spacing-after-2pt\">&nbsp;</p>\n</td>\n</tr>\n<tr>\n<td colspan=\"1\" rowspan=\"1\" align=\"\" valign=\"middle\" width=\"2175\">\n<p class=\"paragraph text-align-type-left pap-line-1.8 pap-line-rule-auto pap-spacing-before-2pt pap-spacing-after-2pt\">License</p>\n</td>\n<td colspan=\"1\" rowspan=\"1\" align=\"\" valign=\"middle\" width=\"3315\">\n<p class=\"paragraph text-align-type-left pap-line-1.8 pap-line-rule-auto pap-spacing-before-2pt pap-spacing-after-2pt\">Proprietary</p>\n</td>\n<td colspan=\"1\" rowspan=\"1\" align=\"\" valign=\"\" width=\"undefined\">\n<p class=\"paragraph text-align-type-left pap-line-1.8 pap-line-rule-auto pap-spacing-before-2pt pap-spacing-after-2pt\">&nbsp;</p>\n</td>\n</tr>\n<tr>\n<td colspan=\"1\" rowspan=\"1\" align=\"\" valign=\"middle\" width=\"2175\">\n<p class=\"paragraph text-align-type-left pap-line-1.8 pap-line-rule-auto pap-spacing-before-2pt pap-spacing-after-2pt\">Website</p>\n</td>\n<td colspan=\"1\" rowspan=\"1\" align=\"\" valign=\"middle\" width=\"3315\">\n<p class=\"paragraph text-align-type-left pap-line-1.8 pap-line-rule-auto pap-spacing-before-2pt pap-spacing-after-2pt\">www.acoustica.com/mixcraft</p>\n</td>\n<td colspan=\"1\" rowspan=\"1\" align=\"\" valign=\"\" width=\"undefined\">\n<p class=\"paragraph text-align-type-left pap-line-1.8 pap-line-rule-auto pap-spacing-before-2pt pap-spacing-after-2pt\">&nbsp;</p>\n</td>\n</tr>\n</tbody>\n</table>\n<p class=\"paragraph text-align-type-left pap-line-1.8 pap-line-rule-auto pap-spacing-before-2pt pap-spacing-after-2pt\">&nbsp;</p>\n<h2>Versions</h2>\n<p class=\"paragraph text-align-type-left pap-line-1.8 pap-line-rule-auto pap-spacing-before-2pt pap-spacing-after-2pt\">There are currently two versions of Mixcraft available:</p>\n<ul>\n<li>\n<p class=\"paragraph text-align-type-left pap-line-1.8 pap-line-rule-auto pap-spacing-before-2pt pap-spacing-after-2pt\">Mixcraft Recording Studio: This is the default and download only version of the program. It comes with unlimited audio, MIDI, video, and virtual instrument tracks. It includes a loop library of 7,000 loops, samples, and sound effects.</p>\n</li>\n<li>\n<p class=\"paragraph text-align-type-left pap-line-1.8 pap-line-rule-auto pap-spacing-before-2pt pap-spacing-after-2pt\">Mixcraft Pro Studio: This professional version extends the functionality of Mixcraft (Standard) by adding more virtual instruments, and more audio effects (including mastering effects). This version is aimed for professional musicians, producers, and engineers. Pro also includes integrated ARA Melodyne.</p>\n</li>\n</ul>\n<h2>Features</h2>\n<ul>\n<li>\n<p class=\"paragraph text-align-type-left pap-line-1.8 pap-line-rule-auto pap-spacing-before-2pt pap-spacing-after-2pt\">MIDI: This feature allows users to record MIDI data played on one or more MIDI controller keyboard.</p>\n</li>\n<li>\n<p class=\"paragraph text-align-type-left pap-line-1.8 pap-line-rule-auto pap-spacing-before-2pt pap-spacing-after-2pt\">VSTi Support: This feature allows virtual instruments to be played, sequenced, and recorded via MIDI data. (Includes VST 3)</p>\n</li>\n<li>\n<p class=\"paragraph text-align-type-left pap-line-1.8 pap-line-rule-auto pap-spacing-before-2pt pap-spacing-after-2pt\">Multitrack Recording: This feature allows users to create recordings from multiple soundcard/audio interface inputs simultaneously. With a MIDI keyboard connected, one can record both through microphone and the keyboard at the same time.</p>\n</li>\n<li>\n<p class=\"paragraph text-align-type-left pap-line-1.8 pap-line-rule-auto pap-spacing-before-2pt pap-spacing-after-2pt\">Performance Clip Sequencing: Similar to Ableton and Bitwig, it also supports pattern clip&ndash;based arrangement.</p>\n</li>\n<li>\n<p class=\"paragraph text-align-type-left pap-line-1.8 pap-line-rule-auto pap-spacing-before-2pt pap-spacing-after-2pt\">Tempo Matching: This feature attempts to detect the tempo and key of a prerecorded audio file, and change the tempo to match the project tempo.</p>\n</li>\n<li>\n<p class=\"paragraph text-align-type-left pap-line-1.8 pap-line-rule-auto pap-spacing-before-2pt pap-spacing-after-2pt\">Audio Time Stretching &amp; Pitch Shifting: Mixcraft claims to use an advanced algorithm to provide high quality time stretching and pitch shifting while minimizing CPU usage.</p>\n</li>\n<li>\n<p class=\"paragraph text-align-type-left pap-line-1.8 pap-line-rule-auto pap-spacing-before-2pt pap-spacing-after-2pt\">Multiple Import/Export Formats: Supporting MP3, WAV, WMA, OGG, FLAC, AIFF file formats.</p>\n</li>\n<li>\n<p class=\"paragraph text-align-type-left pap-line-1.8 pap-line-rule-auto pap-spacing-before-2pt pap-spacing-after-2pt\">Video Sequencing: Editing, Adding Images, Adding Font, Automation, and Effects. (Supports MP4, AVI and WMV files.)</p>\n</li>\n</ul>\n<p class=\"paragraph text-align-type-left pap-line-1.8 pap-line-rule-auto pap-spacing-before-2pt pap-spacing-after-2pt\">&nbsp;</p>\n<p class=\"paragraph text-align-type-left pap-line-1.8 pap-line-rule-auto pap-spacing-before-2pt pap-spacing-after-2pt\">&nbsp;</p>\n</div>\n</div>",
 "remarks": "本词条汉字内容由 @多频百科团队 翻译+编辑\n原文译自 https://en.wikipedia.org/wiki/Mixcraft",
 "remarksEn": "本词条内容来自 https://en.wikipedia.org/wiki/Mixcraft",
 "status": 1,
 "clickNum": 1,
 "deleted": 0,
 "lang": 0,
 "chooseLang": true,
 "id": 85,
 "name": "Mixcraft",
 "categoryText": "数字音频工作站",
 "descriptions": "Mixcraft是一款适用于Windows的多轨录音应用程序。这款音乐录制软件的功能是数字音频工作站、MIDI音序器、虚拟乐器主机、非线性视频编曲器和音乐循环录制程序。",
 "picture": "https://duopin-community.oss-cn-shenzhen.aliyuncs.com/image/2021/8/gfmsa7zz2hoebkj8cavm.jpg",
 "referenceUrl": "https://en.wikipedia.org/wiki/Mixcraft",
 "typeId": 11,
 "typeName": "其他",
 "dataId": 85,
 "url": "http://dropinapp.hearinmusic.com/#/ency?typeId=11&dataId=85"
}