{
 "pageNum": 1,
 "pageSize": 10,
 "params": {},
 "content": "<div>\n<div>\n<div class=\"document\">\n<p class=\"paragraph text-align-type-left pap-line-1.8 pap-line-rule-auto pap-spacing-before-2pt pap-spacing-after-2pt\">MuLab是一个用于macOS（OS X）和Windows平台的数字音频工作站应用程序。</p>\n<p class=\"paragraph text-align-type-left pap-line-1.8 pap-line-rule-auto pap-spacing-before-2pt pap-spacing-after-2pt\">&nbsp;</p>\n<p class=\"paragraph text-align-type-left pap-line-1.8 pap-line-rule-auto pap-spacing-before-2pt pap-spacing-after-2pt\">它是由Jo Langie领导的一家小公司（MuTools，比利时）开发和维护的，Jo Langie是早期Atari微型计算机以来音序器技术的先驱。</p>\n<p class=\"paragraph text-align-type-left pap-line-1.8 pap-line-rule-auto pap-spacing-before-2pt pap-spacing-after-2pt\">&nbsp;</p>\n<p class=\"paragraph text-align-type-left pap-line-1.8 pap-line-rule-auto pap-spacing-before-2pt pap-spacing-after-2pt\">虽然MuLab的主要目标是电子音乐，但它也可以用于其他音乐类型。对于学习数字音频处理的人来说，它也可能是有教育意义的。</p>\n<p class=\"paragraph text-align-type-left pap-line-1.8 pap-line-rule-auto pap-spacing-before-2pt pap-spacing-after-2pt\">&nbsp;</p>\n</div>\n</div>\n<strong>功能介绍</strong></div>\n<div>MuLab拥有标准的完整DAW的大部分功能：音频/MIDI录音，MIDI排序，混音，自动化，控制面互动，多核，库存合成器，采样器和效果器，多项目和模板等。</div>\n<div>&nbsp;</div>\n<div>&nbsp;</div>\n<div>MuLab有一个围绕着模块化系统（Mux）的内部结构，通过绘制模块的图形来实现自定义乐器和效果。</div>\n<div>&nbsp;</div>\n<div>&nbsp;</div>\n<div>MuLab也是一个支持现有VST插件的开放环境。</div>\n<div>&nbsp;</div>\n<p>&nbsp;</p>",
 "contentEn": "<div>\n<div class=\"document\">\n<p class=\"paragraph text-align-type-left pap-line-1.8 pap-line-rule-auto pap-spacing-before-2pt pap-spacing-after-2pt\">MuLab is a digital audio workstation application for macOS (OS X) and Windows platforms.</p>\n<p class=\"paragraph text-align-type-left pap-line-1.8 pap-line-rule-auto pap-spacing-before-2pt pap-spacing-after-2pt\">&nbsp;</p>\n<p class=\"paragraph text-align-type-left pap-line-1.8 pap-line-rule-auto pap-spacing-before-2pt pap-spacing-after-2pt\">It is developed and maintained by a small company (MuTools, Belgium) led by Jo Langie, a pioneer in sequencer technology since early Atari microcomputers.</p>\n<p class=\"paragraph text-align-type-left pap-line-1.8 pap-line-rule-auto pap-spacing-before-2pt pap-spacing-after-2pt\">&nbsp;</p>\n<p class=\"paragraph text-align-type-left pap-line-1.8 pap-line-rule-auto pap-spacing-before-2pt pap-spacing-after-2pt\">While the main MuLab target is electronic music, it can be also used for other musical genres. It may be also of interest for educational purposes to people learning digital audio processing.</p>\n<p class=\"paragraph text-align-type-left pap-line-1.8 pap-line-rule-auto pap-spacing-before-2pt pap-spacing-after-2pt\">&nbsp;</p>\n<table><colgroup> <col /><col /> </colgroup>\n<tbody>\n<tr>\n<td colspan=\"1\" rowspan=\"1\" align=\"\" valign=\"middle\" width=\"2175\">\n<p class=\"paragraph text-align-type-left pap-line-1.8 pap-line-rule-auto pap-spacing-before-2pt pap-spacing-after-2pt\">Original author(s)</p>\n</td>\n<td colspan=\"1\" rowspan=\"1\" align=\"\" valign=\"middle\" width=\"3015\">\n<p class=\"paragraph text-align-type-left pap-line-1.8 pap-line-rule-auto pap-spacing-before-2pt pap-spacing-after-2pt\">MuTools</p>\n</td>\n<td colspan=\"1\" rowspan=\"1\" align=\"\" valign=\"\" width=\"undefined\">\n<p class=\"paragraph text-align-type-left pap-line-1.8 pap-line-rule-auto pap-spacing-before-2pt pap-spacing-after-2pt\">&nbsp;</p>\n</td>\n</tr>\n<tr>\n<td colspan=\"1\" rowspan=\"1\" align=\"\" valign=\"middle\" width=\"2175\">\n<p class=\"paragraph text-align-type-left pap-line-1.8 pap-line-rule-auto pap-spacing-before-2pt pap-spacing-after-2pt\">Developer(s)</p>\n</td>\n<td colspan=\"1\" rowspan=\"1\" align=\"\" valign=\"middle\" width=\"3015\">\n<p class=\"paragraph text-align-type-left pap-line-1.8 pap-line-rule-auto pap-spacing-before-2pt pap-spacing-after-2pt\">MuTools</p>\n</td>\n<td colspan=\"1\" rowspan=\"1\" align=\"\" valign=\"\" width=\"undefined\">\n<p class=\"paragraph text-align-type-left pap-line-1.8 pap-line-rule-auto pap-spacing-before-2pt pap-spacing-after-2pt\">&nbsp;</p>\n</td>\n</tr>\n<tr>\n<td colspan=\"1\" rowspan=\"1\" align=\"\" valign=\"middle\" width=\"2175\">\n<p class=\"paragraph text-align-type-left pap-line-1.8 pap-line-rule-auto pap-spacing-before-2pt pap-spacing-after-2pt\">Initial release</p>\n</td>\n<td colspan=\"1\" rowspan=\"1\" align=\"\" valign=\"middle\" width=\"3015\">\n<p class=\"paragraph text-align-type-left pap-line-1.8 pap-line-rule-auto pap-spacing-before-2pt pap-spacing-after-2pt\">December&nbsp;2007; 13&nbsp;years ago</p>\n</td>\n<td colspan=\"1\" rowspan=\"1\" align=\"\" valign=\"\" width=\"undefined\">\n<p class=\"paragraph text-align-type-left pap-line-1.8 pap-line-rule-auto pap-spacing-before-2pt pap-spacing-after-2pt\">&nbsp;</p>\n</td>\n</tr>\n<tr>\n<td colspan=\"1\" rowspan=\"1\" align=\"\" valign=\"middle\" width=\"2175\">\n<p class=\"paragraph text-align-type-left pap-line-1.8 pap-line-rule-auto pap-spacing-before-2pt pap-spacing-after-2pt\">Stable release</p>\n</td>\n<td colspan=\"1\" rowspan=\"1\" align=\"\" valign=\"middle\" width=\"3015\">\n<p class=\"paragraph text-align-type-left pap-line-1.8 pap-line-rule-auto pap-spacing-before-2pt pap-spacing-after-2pt\">8.4.18 / 20&nbsp;February 2020; 12 months ago</p>\n</td>\n<td colspan=\"1\" rowspan=\"1\" align=\"\" valign=\"\" width=\"undefined\">\n<p class=\"paragraph text-align-type-left pap-line-1.8 pap-line-rule-auto pap-spacing-before-2pt pap-spacing-after-2pt\">&nbsp;</p>\n</td>\n</tr>\n<tr>\n<td colspan=\"1\" rowspan=\"1\" align=\"\" valign=\"middle\" width=\"2175\">\n<p class=\"paragraph text-align-type-left pap-line-1.8 pap-line-rule-auto pap-spacing-before-2pt pap-spacing-after-2pt\">Operating system</p>\n</td>\n<td colspan=\"1\" rowspan=\"1\" align=\"\" valign=\"middle\" width=\"3015\">\n<p class=\"paragraph text-align-type-left pap-line-1.8 pap-line-rule-auto pap-spacing-before-2pt pap-spacing-after-2pt\">OS X, Windows</p>\n</td>\n<td colspan=\"1\" rowspan=\"1\" align=\"\" valign=\"\" width=\"undefined\">\n<p class=\"paragraph text-align-type-left pap-line-1.8 pap-line-rule-auto pap-spacing-before-2pt pap-spacing-after-2pt\">&nbsp;</p>\n</td>\n</tr>\n<tr>\n<td colspan=\"1\" rowspan=\"1\" align=\"\" valign=\"middle\" width=\"2175\">\n<p class=\"paragraph text-align-type-left pap-line-1.8 pap-line-rule-auto pap-spacing-before-2pt pap-spacing-after-2pt\">Type</p>\n</td>\n<td colspan=\"1\" rowspan=\"1\" align=\"\" valign=\"middle\" width=\"3015\">\n<p class=\"paragraph text-align-type-left pap-line-1.8 pap-line-rule-auto pap-spacing-before-2pt pap-spacing-after-2pt\">Digital audio workstation</p>\n</td>\n<td colspan=\"1\" rowspan=\"1\" align=\"\" valign=\"\" width=\"undefined\">\n<p class=\"paragraph text-align-type-left pap-line-1.8 pap-line-rule-auto pap-spacing-before-2pt pap-spacing-after-2pt\">&nbsp;</p>\n</td>\n</tr>\n<tr>\n<td colspan=\"1\" rowspan=\"1\" align=\"\" valign=\"middle\" width=\"2175\">\n<p class=\"paragraph text-align-type-left pap-line-1.8 pap-line-rule-auto pap-spacing-before-2pt pap-spacing-after-2pt\">License</p>\n</td>\n<td colspan=\"1\" rowspan=\"1\" align=\"\" valign=\"middle\" width=\"3015\">\n<p class=\"paragraph text-align-type-left pap-line-1.8 pap-line-rule-auto pap-spacing-before-2pt pap-spacing-after-2pt\">Proprietary</p>\n</td>\n<td colspan=\"1\" rowspan=\"1\" align=\"\" valign=\"\" width=\"undefined\">\n<p class=\"paragraph text-align-type-left pap-line-1.8 pap-line-rule-auto pap-spacing-before-2pt pap-spacing-after-2pt\">&nbsp;</p>\n</td>\n</tr>\n<tr>\n<td colspan=\"1\" rowspan=\"1\" align=\"\" valign=\"middle\" width=\"2175\">\n<p class=\"paragraph text-align-type-left pap-line-1.8 pap-line-rule-auto pap-spacing-before-2pt pap-spacing-after-2pt\">Website</p>\n</td>\n<td colspan=\"1\" rowspan=\"1\" align=\"\" valign=\"middle\" width=\"3015\">\n<p class=\"paragraph text-align-type-left pap-line-1.8 pap-line-rule-auto pap-spacing-before-2pt pap-spacing-after-2pt\">www.mutools.com</p>\n</td>\n<td colspan=\"1\" rowspan=\"1\" align=\"\" valign=\"\" width=\"undefined\">\n<p class=\"paragraph text-align-type-left pap-line-1.8 pap-line-rule-auto pap-spacing-before-2pt pap-spacing-after-2pt\">&nbsp;</p>\n</td>\n</tr>\n</tbody>\n</table>\n<p class=\"paragraph text-align-type-left pap-line-1.8 pap-line-rule-auto pap-spacing-before-2pt pap-spacing-after-2pt\">&nbsp;</p>\n<h2>Features</h2>\n<p class=\"paragraph text-align-type-left pap-line-1.8 pap-line-rule-auto pap-spacing-before-2pt pap-spacing-after-2pt\">MuLab has most of the features of a standard full DAW: audio/MIDI recording, MIDI sequencing, mixing, automation, control surface interaction, multi-core, stock synths, samplers and effects, multi-projects and templates, etc.</p>\n<p class=\"paragraph text-align-type-left pap-line-1.8 pap-line-rule-auto pap-spacing-before-2pt pap-spacing-after-2pt\">MuLab has an internal architecture built around a modular system (Mux) enabling customized instruments and effects by drawing graphs of modules.</p>\n<p class=\"paragraph text-align-type-left pap-line-1.8 pap-line-rule-auto pap-spacing-before-2pt pap-spacing-after-2pt\">MuLab is also an open environment supporting existing VST plugins.</p>\n<p class=\"paragraph text-align-type-left pap-line-1.8 pap-line-rule-auto pap-spacing-before-2pt pap-spacing-after-2pt\">&nbsp;</p>\n</div>\n</div>",
 "remarks": "本词条汉字内容由 @多频百科团队 翻译+编辑\n原文译自 https://en.wikipedia.org/wiki/MuLab_(MuTools)",
 "remarksEn": "本词条内容来自 https://en.wikipedia.org/wiki/MuLab_(MuTools)",
 "status": 1,
 "clickNum": 3,
 "deleted": 0,
 "lang": 0,
 "chooseLang": true,
 "id": 93,
 "name": "MuLab (MuTools)",
 "categoryText": "数字音频工作站",
 "descriptions": "MuLab是一个用于macOS（OS X）和Windows平台的数字音频工作站应用程序。\n\n它是由Jo Langie领导的一家小公司（MuTools，比利时）开发和维护的，Jo Langie是早期Atari微型计算机以来音序器技术的先驱。\n\n虽然MuLab的主要目标是电子音乐，但它也可以用于其他音乐类型。对于学习数字音频处理的人来说，它也可能是有教育意义的。",
 "picture": "https://duopin-community.oss-cn-shenzhen.aliyuncs.com/image/2021/8/vtps1ng6zj0r0l4iem9d.jpg",
 "referenceUrl": "https://en.wikipedia.org/wiki/MuLab_(MuTools)",
 "typeId": 11,
 "typeName": "其他",
 "dataId": 93,
 "url": "http://dropinapp.hearinmusic.com/#/ency?typeId=11&dataId=93"
}