{
 "pageNum": 1,
 "pageSize": 10,
 "params": {},
 "content": "<p>名称：North City</p>\n<p>创立地：山西太原</p>\n<p>创立时间：2010年</p>\n<p>主理人：段嘉煜、唐舜禹、冯天</p>\n<p>主营业务：4/4拍音乐派对策划</p>\n<p>主营风格：Deep House, Deep Groove, Techno, Disco, Funk</p>\n<p>代表艺人：DJ JIAJIA、DJ TOWN、MONKEY</p>\n<p>&nbsp;</p>\n<p>North City 是在太原新崛起的一个地下派对团队，由主理人DJ jiajia发起，先后加入两名派对爱好者DJ town和monkey。成立了一个只有三个人的小团体</p>\n<p>&nbsp;</p>\n<p style=\"text-align: center;\"><img src=\"https://duopin-community.oss-cn-shenzhen.aliyuncs.com/image/2021/8/afhryv7rxxj7bglhvbcs.jpg\" alt=\"\" width=\"1440\" height=\"1080\" /></p>\n<p style=\"text-align: center;\"><span style=\"font-size: 8pt;\">DJ JiaJia</span></p>\n<p style=\"text-align: center;\"><span style=\"font-size: 8pt;\">图片由North City提供</span></p>\n<p>&nbsp;</p>\n<p><img style=\"display: block; margin-left: auto; margin-right: auto;\" src=\"https://duopin-community.oss-cn-shenzhen.aliyuncs.com/image/2021/8/se2txymj8s51y7iadi4k.jpg\" alt=\"\" width=\"453\" height=\"800\" /></p>\n<p style=\"text-align: center;\"><span style=\"font-size: 8pt;\">DJ Monkey</span></p>\n<p style=\"text-align: center;\"><span style=\"font-size: 8pt;\">图片由North City提供</span></p>\n<p style=\"text-align: center;\">&nbsp;</p>\n<p style=\"text-align: center;\"><span style=\"font-size: 8pt;\"><img src=\"https://duopin-community.oss-cn-shenzhen.aliyuncs.com/image/2021/8/h2fgkj4z6eggg5cggfwt.jpg\" alt=\"\" width=\"1076\" height=\"1816\" /></span></p>\n<p style=\"text-align: center;\"><span style=\"font-size: 10.6667px;\">DJ Town</span></p>\n<p style=\"text-align: center;\"><span style=\"font-size: 8pt;\">图片由North City提供</span></p>\n<p>&nbsp;</p>\n<p>North City是一个非盈利团体，每一次的派对都是免门票的，分享好音乐是North City的宗旨</p>\n<p>&nbsp;</p>\n<p>North City相信凝聚的力量，感谢每一个能来参加派对的人，让我们觉得我们的努力没有付诸东流 也许生活不易，但North City愿意陪你走下去</p>\n<p>&nbsp;</p>\n<p style=\"text-align: center;\"><img src=\"https://duopin-community.oss-cn-shenzhen.aliyuncs.com/image/2021/8/lekh6563lv07b32sc1ny.jpg\" alt=\"\" width=\"828\" height=\"469\" /></p>\n<p style=\"text-align: center;\"><span style=\"font-size: 10.6667px;\">活动现场</span></p>\n<p style=\"text-align: center;\"><span style=\"font-size: 8pt;\">图片由North City提供</span></p>\n<p style=\"text-align: center;\">&nbsp;</p>\n<p style=\"text-align: center;\"><span style=\"font-size: 8pt;\"><img src=\"https://duopin-community.oss-cn-shenzhen.aliyuncs.com/image/2021/8/d1bzj6dbmzjkd7j85frp.jpg\" alt=\"\" width=\"2337\" height=\"1080\" /></span></p>\n<p style=\"text-align: center;\"><span style=\"font-size: 10.6667px;\">活动现场</span></p>\n<p style=\"text-align: center;\"><span style=\"font-size: 8pt;\">图片由North City提供</span></p>\n<p>&nbsp;</p>\n<p><strong>联系方式</strong></p>\n<p>微信公众号：北城派对活动指南</p>\n<p>微信：15513673689</p>",
 "contentEn": "",
 "remarks": "本词条内容由 @Monkey 编辑",
 "remarksEn": "本词条内容暂未完善仅供参考，多频百科小编正在火速赶来",
 "status": 1,
 "clickNum": 17,
 "deleted": 0,
 "lang": 0,
 "chooseLang": false,
 "id": 605,
 "name": "North City",
 "categoryText": "组织/机构",
 "descriptions": "一个想把派对做的更纯粹的小团体",
 "picture": "https://duopin-community.oss-cn-shenzhen.aliyuncs.com/image/2021/8/1izift2qihwbv3hypsfn.png",
 "typeId": 11,
 "typeName": "其他",
 "dataId": 605,
 "url": "http://dropinapp.hearinmusic.com/#/ency?typeId=11&dataId=605"
}