{
 "pageNum": 1,
 "pageSize": 10,
 "params": {},
 "content": "<p>国家：中国</p>\n<p>主营业务：活动组织</p>\n<p>主营风格：Techno, House, Pop, Breakbeat and more</p>\n<p>创始人：Simon, Mavis</p>\n<p>创立时间：2019年12月16日</p>\n<p>创立地：广州</p>\n<p>&nbsp;</p>\n<p>Para普樂---活動派對策劃廠牌，立足於南中國，致力推廣分享更多優質音樂只為與你遇見同頻共振。 我們相信思想在創造藝術，藝術產生能量，而能量形成心靈感應，心靈感應則蕩漾在每一個共鳴者的腦海裏。</p>",
 "contentEn": "",
 "remarks": "本词条内容由 @Para普樂 提供",
 "remarksEn": "本词条内容暂未完善仅供参考，多频百科小编正在火速赶来",
 "status": 1,
 "clickNum": 1,
 "deleted": 0,
 "lang": 0,
 "chooseLang": false,
 "id": 609,
 "name": "Para普樂",
 "categoryText": "组织/机构",
 "descriptions": "Para普樂---活動派對策劃廠牌，立足於南中國，致力推廣分享更多優質音樂只為與你遇見同頻共振。 我們相信思想在創造藝術，藝術產生能量，而能量形成心靈感應，心靈感應則蕩漾在每一個共鳴者的腦海裏。",
 "picture": "https://duopin-community.oss-cn-shenzhen.aliyuncs.com/image/2021/8/n1lehvfxqb5soipop6fw.jpg",
 "typeId": 11,
 "typeName": "其他",
 "dataId": 609,
 "url": "http://dropinapp.hearinmusic.com/#/ency?typeId=11&dataId=609"
}