{
 "pageNum": 1,
 "pageSize": 10,
 "params": {},
 "content": "<p>Pro Tools是用在Mac OS X和Microsoft Windows操作系统的一个数字音频工作站平台，由Digidesign发展和制造，是Avid Technology的一部分，用于音乐录音和编辑、电影配乐制作以及电影和电视后制中。它广泛用于整个音频行业的专业人士和音乐制作人。Pro Tools 有三个类型的系统：HD、LE 和 M-Powered。HD 是高端包 (Hi-End Package)，并且为硬件和软件的结合。该硬件包括外部A/D转换器和用板载DSP的内部PCI或PCIe声卡。Pro Tools 9（取代了LE和M-Powered系统）以及之后的版本已可以兼容所有声卡，但配套的HD版本依然存在。</p>\n<p>&nbsp;</p>\n<p><strong>概述</strong></p>\n<p>基本上，Pro Tools 类似于一个多轨磁带录音机和混音机，伴随的附加功能只能在数字介质中运行。高端的版本支持多达 192kHz 取样速率和 16 及 24 位的比特深度，打开WAV、AIFF、MP3、SDII音频档和QuickTime视频档。它以时间代码、节奏地图、自动化和环绕声的功能为特色。</p>\n<p>&nbsp;</p>\n<p><strong>接口</strong></p>\n<p>大多数的 Pro Tools 基本功能可以由编辑或组合的视窗控制。编辑视窗显示音频和 MIDI 的曲目，并提供记录或导入信息的图形表示形式。在这里，可以在一种 非线性、非破坏性的个别样本级别中编辑音频，MIDI 信息也可以进行操作。混音机视窗显示每个 Fader 频道，并允许调整的一个频道的音量和 Pan，以及常用的地方以插入插件的效果，路由音频至不同的输出和输入。</p>\n<p>&nbsp;</p>\n<p>Pro Tools中的虚拟乐器及处理中的效果达到通过插头插件的使用，也由 DSP 芯片作为 TDM 插件，或主机作为 RTAS (Real Time AudioSuite) 插件。</p>\n<p>&nbsp;</p>\n<p><strong>系统</strong></p>\n<p><span style=\"text-decoration: underline;\">Pro Tools HD 系统</span></p>\n<p>Pro Tools的HD系统由HD Core核心运算卡负责安装和运行软件以及DSP运算，I/O接口负责数据流的输入和输出。HD Accel加速卡则可以增强HD的运算性能。Pro Tools HD 9已可以兼容所有支持Core Audio和ASIO的音频接口。</p>\n<p>&nbsp;</p>\n<p><span style=\"text-decoration: underline;\">Pro Tools LE 系统、Pro Tools M Powered 系统</span></p>\n<p>Pro Tools 9及后续版本的推出使得这两个系统已毫无意义，不过以前的系统可以升级成Pro Tools 9。</p>\n<p>&nbsp;</p>\n<p><span style=\"text-decoration: underline;\">Pro Tools HDX 系统</span></p>\n<p>该系统赠送一套HDX卡，可以提供比原来的HD卡快15倍的DSP加速，亦可同时处理比原先多四倍的声音以及四倍的延时补偿。每台机器可安装三个HDX卡。HDX系统推出了一种新的名叫AAX的插件格式，有望替代原先的TDM和RTAS。</p>",
 "contentEn": "<p><strong>Pro Tools</strong>&nbsp;is a&nbsp;digital audio workstation&nbsp;(DAW) developed and released by&nbsp;Avid Technology&nbsp;(formerly&nbsp;Digidesign)<sup id=\"cite_ref-FOOTNOTECollins20029_1-0\" class=\"reference\">[1]</sup>&nbsp;for&nbsp;Microsoft Windows&nbsp;and&nbsp;macOS.<sup id=\"cite_ref-2\" class=\"reference\">[2]</sup>&nbsp;It is used for music creation and production, sound for picture (sound design, audio&nbsp;post-production&nbsp;and&nbsp;mixing)<sup id=\"cite_ref-3\" class=\"reference\">[3]</sup>&nbsp;and, more generally,&nbsp;sound recording, editing, and&nbsp;mastering&nbsp;processes.</p>\n<p>&nbsp;</p>\n<p>Pro Tools operates both as standalone&nbsp;software&nbsp;and in conjunction with a range of external&nbsp;analog-to-digital converters&nbsp;and&nbsp;PCIe cards&nbsp;with on-board&nbsp;digital signal processors&nbsp;(DSP). The DSP is used to provide additional processing power to the host computer for processing real-time&nbsp;effects, such as&nbsp;reverb,&nbsp;equalization, and&nbsp;compression<sup id=\"cite_ref-:15_4-0\" class=\"reference\">[4]</sup>&nbsp;and to obtain lower&nbsp;latency&nbsp;audio performance.<sup id=\"cite_ref-:16_5-0\" class=\"reference\">[5]</sup>&nbsp;Like all digital audio workstation software, Pro Tools can perform the functions of a&nbsp;multitrack tape recorder&nbsp;and a&nbsp;mixing console&nbsp;along with additional features that can only be performed in the digital domain, such as&nbsp;non-linear<sup id=\"cite_ref-FOOTNOTEAvid201972._Pro_Tools_Concepts_6-0\" class=\"reference\">[6]</sup>&nbsp;and&nbsp;non-destructive editing&nbsp;(most of audio handling is done without overwriting the source files), track compositing with multiple playlists,<sup id=\"cite_ref-7\" class=\"reference\">[7]</sup>&nbsp;time compression and expansion,&nbsp;pitch shifting, and faster-than-real-time mixdown.</p>\n<p>&nbsp;</p>\n<p>Audio,&nbsp;MIDI, and video tracks are graphically represented on a timeline.&nbsp;Audio effects,&nbsp;virtual instruments, and hardware emulators&mdash;such as&nbsp;microphone preamps&nbsp;or guitar amplifiers&mdash;can be added, adjusted, and processed in real-time in a&nbsp;virtual mixer. 16-bit, 24-bit, and 32-bit&nbsp;float&nbsp;audio&nbsp;bit depths&nbsp;at&nbsp;sample rates&nbsp;up to 192&nbsp;kHz are supported. Pro Tools supports mixed bit depths and audio formats in a session:&nbsp;BWF/WAV&nbsp;(including WAVE Extensible, RF64 and BW64) and&nbsp;AIFF. It imports and exports MOV video files<sup id=\"cite_ref-FOOTNOTEAvid2020121053._Mixdown_8-0\" class=\"reference\">[8]</sup>&nbsp;and ADM BWF files (audio files with&nbsp;Dolby Atmos&nbsp;metadata);<sup id=\"cite_ref-FOOTNOTEAvid20201280&ndash;128157._Mixing_to_Dolby_Atmos_9-0\" class=\"reference\">[9]</sup>&nbsp;it also imports&nbsp;MXF, ACID and REX files and the&nbsp;lossy&nbsp;formats&nbsp;MP3,&nbsp;AAC,&nbsp;M4A, and audio from video files (MOV,&nbsp;MP4,&nbsp;M4V).<sup id=\"cite_ref-FOOTNOTEAvid2020412&ndash;41321._Importing_and_Exporting_Session_Data_10-0\" class=\"reference\">[10]</sup>&nbsp;The legacy SDII format was dropped with Pro Tools 10,<sup id=\"cite_ref-11\" class=\"reference\">[11]</sup>&nbsp;although SDII conversion is still possible on macOS.<sup id=\"cite_ref-FOOTNOTEAvid2020412&ndash;41321._Importing_and_Exporting_Session_Data_10-1\" class=\"reference\">[10]</sup></p>\n<p>&nbsp;</p>\n<p>Pro Tools has incorporated video editing capabilities, so users can import and manipulate high-definition video file formats such as XDCAM, MJPG-A, PhotoJPG, DV25,&nbsp;QuickTime, and more. It features&nbsp;time code, tempo maps, elastic audio, and&nbsp;automation; supports mixing in&nbsp;surround sound,&nbsp;Dolby Atmos&nbsp;and&nbsp;VR&nbsp;sound using&nbsp;Ambisonics.<sup id=\"cite_ref-12\" class=\"reference\">[12]</sup></p>\n<p>&nbsp;</p>\n<p>The Pro Tools&nbsp;TDM&nbsp;mix engine, supported until 2011 with version 10, employed 24-bit&nbsp;fixed-point arithmetic&nbsp;for plug-in processing and 48-bit for mixing. Current HDX hardware systems, HD Native and native systems use&nbsp;32-bit&nbsp;floating-point&nbsp;resolution for plug-ins and&nbsp;64-bit&nbsp;floating-point summing.<sup id=\"cite_ref-:15_4-1\" class=\"reference\">[4]</sup>&nbsp;The software and the audio engine were adapted to&nbsp;64-bit architecture&nbsp;from version 11.<sup id=\"cite_ref-:19_13-0\" class=\"reference\">[13]</sup></p>\n<p>&nbsp;</p>\n<h2><span id=\"History\" class=\"mw-headline\">History</span></h2>\n<h3><span id=\"The_beginnings:_Digidrums_(1983&ndash;1985)\" class=\"mw-headline\">The beginnings: Digidrums (1983&ndash;1985)</span></h3>\n<p>Pro Tools was developed by&nbsp;UC Berkeley&nbsp;graduates Evan Brooks, who majored in&nbsp;electrical engineering&nbsp;and&nbsp;computer science, and Peter Gotcher.<sup id=\"cite_ref-14\" class=\"reference\">[14]</sup></p>\n<p>&nbsp;</p>\n<p>In 1983, the two friends, sharing an interest in music and electronic and software engineering, decided to study the memory mapping of the newly released&nbsp;E-mu Drumulator&nbsp;drum machine&nbsp;to create&nbsp;EPROM&nbsp;sound replacement chips. The Drumulator was quite popular at that time, although it was limited to its built-in samples.<sup id=\"cite_ref-:6_15-0\" class=\"reference\">[15]</sup></p>\n<p>&nbsp;</p>\n<p>They started selling the upgrade chips one year later under their new Digidrums label.<sup id=\"cite_ref-FOOTNOTEBattinoRichards200538&ndash;39_16-0\" class=\"reference\">[16]</sup>&nbsp;Five different upgrade chips were available, offering different alternate drum styles. The chips, easily switchable with the original ones, enjoyed remarkable success between the Drumulator users, selling 60,000 units overall.<sup id=\"cite_ref-:28_17-0\" class=\"reference\">[17]</sup></p>\n<p>&nbsp;</p>\n<h3><span id=\"Digidesign_Sound_Designer_.281985.E2.80.931989.29\"></span><span id=\"Digidesign_Sound_Designer_(1985&ndash;1989)\" class=\"mw-headline\">Digidesign Sound Designer (1985&ndash;1989)</span></h3>\n<p>When Apple released its first&nbsp;Macintosh&nbsp;computer in 1984, the pair thought to design a more functional and flexible solution which could take advantage of a graphical interface.<sup id=\"cite_ref-FOOTNOTEMilner2009245_18-0\" class=\"reference\">[18]</sup>&nbsp;In collaboration with&nbsp;E-Mu, they developed a Mac-based visual sample editing system for the&nbsp;Emulator II&nbsp;keyboard, called Sound Designer, released under the&nbsp;Digidesign&nbsp;brand<sup id=\"cite_ref-19\" class=\"reference\">[19]</sup>&nbsp;and inspired by the interface of the&nbsp;Fairlight CMI.<sup id=\"cite_ref-:7_20-0\" class=\"reference\">[20]</sup>&nbsp;This system, the first ancestor of Pro Tools, was released in 1985 at the price of US$995.<sup id=\"cite_ref-:6_15-1\" class=\"reference\">[15]</sup></p>\n<p>&nbsp;</p>\n<p>Brooks and Gotcher rapidly ported Sound Designer to many other sampling keyboards, such as&nbsp;E-mu Emax,&nbsp;Akai S900,&nbsp;Sequential Prophet 2000,&nbsp;Korg DSS-1, and&nbsp;Ensoniq Mirage.<sup id=\"cite_ref-:7_20-1\" class=\"reference\">[20]</sup>&nbsp;Thanks to the universal file specification subsequently developed by Brooks with version 1.5,<sup id=\"cite_ref-:7_20-2\" class=\"reference\">[20]</sup>&nbsp;Sound Designer files could be transferred via&nbsp;MIDI&nbsp;between sampling keyboards of different manufacturers.<sup id=\"cite_ref-21\" class=\"reference\">[21]</sup>&nbsp;This universal file specification, along with the printed source code to a 68000 assembly language interrupt-driven MIDI driver, was distributed through&nbsp;Macintosh&nbsp;MIDI interface manufacturer Assimilation, which manufactured the first MIDI interface for the Mac in 1985.</p>\n<p>&nbsp;</p>\n<p>Starting from the same year, a dial-up service provided by Beaverton Digital Systems, called MacMusic, allowed Sound Designer users to download and install the entire Emulator II sound library to other less expensive samplers: sample libraries could be shared across different manufacturers platforms without copyright infringement. MacMusic contributed to Sound Designer's success by leveraging both the universal file format and developing the first online sample file download site globally, many years before the&nbsp;World Wide Web&nbsp;use soared. The service used 2400-baud&nbsp;modems and 100 MB of disk space with Red Ryder host on a 1 MB&nbsp;Macintosh Plus.<sup id=\"cite_ref-:7_20-3\" class=\"reference\">[20]</sup></p>\n<p>&nbsp;</p>\n<p>With the release of Apple&nbsp;Macintosh II&nbsp;in 1987, which provided card slots, a hard disk, and more capable memory, Brooks and Gotcher saw the possibility to evolve Sound Designer into a featured&nbsp;digital audio workstation. They discussed with E-mu the opportunity of using the Emulator III as a platform for their updated software, but E-mu rejected this offer. Therefore, they decided to design both the software and the hardware autonomously.&nbsp;Motorola, which was working on its&nbsp;56K series&nbsp;of&nbsp;digital signal processors, invited the two to participate in its development. Brooks designed a circuit board for the processor, then developed the software to make it work with Sound Designer. A beta version of the DSP was ready by December 1988.<sup id=\"cite_ref-FOOTNOTEMilner2009245_18-1\" class=\"reference\">[18]</sup></p>\n<p>&nbsp;</p>\n<h3><span id=\"Digidesign_Sound_Tools_and_Sound_Designer_II_software_.281989.E2.80.931990.29\"></span><span id=\"Digidesign_Sound_Tools_and_Sound_Designer_II_software_(1989&ndash;1990)\" class=\"mw-headline\">Digidesign Sound Tools and Sound Designer II software (1989&ndash;1990)</span></h3>\n<p>The combination of the hardware and the software was called Sound Tools. Advertised as the \"first tapeless studio\",<sup id=\"cite_ref-FOOTNOTEMilner2009245_18-2\" class=\"reference\">[18]</sup>&nbsp;it was presented on January 20, 1989 at the&nbsp;NAMM annual convention. The system relied on a&nbsp;NuBus&nbsp;card called Sound Accelerator, equipped with one&nbsp;Motorola 56001&nbsp;processor. The card provided 16-bit playback and 44.1/48&nbsp;kHz recording through a two-channel&nbsp;A/D converter&nbsp;(AD In), while the DSP handled signal processing, which included a ten-band graphic equalizer, a parametric equalizer,&nbsp;time stretching&nbsp;with pitch preservation, fade-in/fade-out envelopes, and crossfades (\"merging\") between two sound files.<sup id=\"cite_ref-FOOTNOTEManning2013387_22-0\" class=\"reference\">[22]</sup><sup id=\"cite_ref-23\" class=\"reference\">[23]</sup></p>\n<p>&nbsp;</p>\n<p>Sound Tools was bundled with Sound Designer II software, which was, at this time, a simple mono or stereo audio editor running on&nbsp;Mac SE&nbsp;or&nbsp;Mac II; digital audio acquisition from&nbsp;DAT&nbsp;was also possible.<sup id=\"cite_ref-24\" class=\"reference\">[24]</sup>&nbsp;A two-channel digital interface (DAT-I/O) with&nbsp;AES/EBU&nbsp;and&nbsp;S/PDIF&nbsp;connections was made available later in 1989, while the Pro I/O interface came out in 1990 with 18-bit converters.<sup id=\"cite_ref-FOOTNOTECollins20029_1-1\" class=\"reference\">[1]</sup></p>\n<p>&nbsp;</p>\n<p>The file format used by Sound Designer II (SDII) became eventually a standard for digital audio file exchange until the&nbsp;WAV&nbsp;file format took over a decade later. Since audio streaming and&nbsp;non-destructive editing&nbsp;were performed on hard drives, the software was still limited by their performance; densely edited tracks could cause glitches.<sup id=\"cite_ref-25\" class=\"reference\">[25]</sup>&nbsp;However, the rapidly evolving computer technology allowed developments towards a multi-track sequencer.</p>\n<p>&nbsp;</p>\n<h3><span id=\"Deck.2C_Pro_Tools.2C_Sound_Tools_II_and_Pro_Tools_II_.281990.E2.80.931994.29\"></span><span id=\"Deck,_Pro_Tools,_Sound_Tools_II_and_Pro_Tools_II_(1990&ndash;1994)\" class=\"mw-headline\">Deck, Pro Tools, Sound Tools II and Pro Tools II (1990&ndash;1994)</span></h3>\n<p>The core engine and much of the user interface of the first iteration of Pro Tools was based on Deck. The software, published in 1990, was the first multi-track digital recorder based on a personal computer. It was developed by OSC, a small San Francisco company founded the same year, in conjunction with Digidesign and ran on Digidesign's hardware.<sup id=\"cite_ref-wired212_26-0\" class=\"reference\">[26]</sup>&nbsp;Deck could run four audio tracks with automation; MIDI sequencing was possible during playback and record, and one effect combination could be assigned to each audio track (2-band&nbsp;parametric EQ, 1-band EQ with&nbsp;delay, 1-band EQ with&nbsp;chorus, delay with chorus).<sup id=\"cite_ref-27\" class=\"reference\">[27]</sup></p>\n<p>&nbsp;</p>\n<p>The first Pro Tools system was launched on June 5, 1991. It was based on an adapted version of Deck (ProDeck) along with Digidesign's new editing software, ProEdit; Sound Designer II was still supplied for two-channel editing.<sup id=\"cite_ref-FOOTNOTECollins200210_28-0\" class=\"reference\">[28]</sup>&nbsp;Pro Tools relied on Digidesign's Audiomedia card, mounting one Motorola 56001 processor<sup id=\"cite_ref-FOOTNOTEManning2013389_29-0\" class=\"reference\">[29]</sup>&nbsp;with a&nbsp;clock rate&nbsp;of 22.58&nbsp;MHz<sup id=\"cite_ref-30\" class=\"reference\">[30]</sup>&nbsp;and offering two analog and two digital channels of&nbsp;I/O, and on the Sound Accelerator card. External synchronization with audio and video tape machines was possible with&nbsp;SMPTE timecode&nbsp;and the Video Slave drivers.<sup id=\"cite_ref-FOOTNOTECollins200210_28-1\" class=\"reference\">[28]</sup>&nbsp;The complete system was selling for US$6,000.<sup id=\"cite_ref-FOOTNOTEMillner2009216_31-0\" class=\"reference\">[31]</sup></p>\n<p>&nbsp;</p>\n<p>Sound Tools II was launched in 1992 with a new DSP card. Two interfaces were also released: Pro Master 20, providing 20-bit A/D conversion,<sup id=\"cite_ref-FOOTNOTECollins200210_28-2\" class=\"reference\">[28]</sup>&nbsp;and Audiomedia II, with improved digital converters and one Motorola 56001 processor running at 33.86 MHz.<sup id=\"cite_ref-32\" class=\"reference\">[32]</sup></p>\n<p>&nbsp;</p>\n<p>In 1993, Josh Rosen, Mats Myrberg and John Dalton, the OSC's engineers who developed Deck, split from Digidesign to focus on releasing lower-cost multi-track software that would run on computers with no additional hardware. This software was known as Session (for stereo-only audio cards) and Session 8 (for multichannel audio interfaces) and was selling for US$399.<sup id=\"cite_ref-33\" class=\"reference\">[33]</sup><sup id=\"cite_ref-wired212_26-1\" class=\"reference\">[26]</sup></p>\n<p>&nbsp;</p>\n<p>Peter Gotcher felt that the software needed a significant rewrite. Pro Tools II, the first software release fully developed by Digidesign, followed in the same year and addressed its predecessor's weaknesses.<sup id=\"cite_ref-:28_17-1\" class=\"reference\">[17]</sup>&nbsp;The editor and the mixer were merged into a single application, while a specific software, the Digidesign Audio Engine (DAE), was provided as a separate application to favor hardware support from third-party developers, enabling the use of Pro Tools hardware and plug-ins on other DAWs.<sup id=\"cite_ref-:6_15-2\" class=\"reference\">[15]</sup>&nbsp;Selling more than 8,000 systems worldwide, Pro Tools II became the best-selling digital audio workstation.<sup id=\"cite_ref-:28_17-2\" class=\"reference\">[17]</sup></p>\n<p>&nbsp;</p>\n<h3><span id=\"Pro_Tools_II_TDM:_16_tracks_and_real-time_plug-ins_.281994.29\"></span><span id=\"Pro_Tools_II_TDM:_16_tracks_and_real-time_plug-ins_(1994)\" class=\"mw-headline\">Pro Tools II TDM: 16 tracks and real-time plug-ins (1994)</span></h3>\n<p>In 1994, Pro Tools 2.5 implemented Digidesign's newly developed&nbsp;time-division multiplexing&nbsp;technology, which allowed routing of multiple digital audio streams between DSP cards. With TDM, up to four NuBus cards could be linked, obtaining a 16-track system, while multiple DSP-based plug-ins could be run simultaneously and in real-time.<sup id=\"cite_ref-:25_34-0\" class=\"reference\">[34]</sup>&nbsp;The wider bandwidth required to run the larger number of tracks was achieved with a&nbsp;SCSI&nbsp;expansion card developed by Grey Matter Response, called System Accelerator.<sup id=\"cite_ref-FOOTNOTECollins200210_28-3\" class=\"reference\">[28]</sup></p>\n<p>&nbsp;</p>\n<p>In the same year, Digidesign announced that it merged into the American multimedia company&nbsp;Avid,<sup id=\"cite_ref-35\" class=\"reference\">[35]</sup>&nbsp;developer of the digital video editing platform&nbsp;Media Composer&nbsp;and one of Digidesign's major customers (25% of Sound Accelerator and Audiomedia cards produced was being bought by Avid). The operation was finalized in 1995.<sup id=\"cite_ref-:25_34-1\" class=\"reference\">[34]</sup></p>\n<p>&nbsp;</p>\n<h3><span id=\"Pro_Tools_III:_48_tracks.2C_DSP_Farm_cards_and_switch_to_PCI_cards_.281995.E2.80.931997.29\"></span><span id=\"Pro_Tools_III:_48_tracks,_DSP_Farm_cards_and_switch_to_PCI_cards_(1995&ndash;1997)\" class=\"mw-headline\">Pro Tools III: 48 tracks, DSP Farm cards and switch to PCI cards (1995&ndash;1997)</span></h3>\n<p>With a redesigned Disk I/O card, Pro Tools III was able to provide 16 tracks with a single NuBus card;<sup id=\"cite_ref-FOOTNOTECollins200211_36-0\" class=\"reference\">[36]</sup>&nbsp;the system could be expanded using TDM to up to three Disk I/O cards, achieving 48 tracks.<sup id=\"cite_ref-:25_34-2\" class=\"reference\">[34]</sup>&nbsp;DSP Farm cards were introduced to increase the processing power needed for a more extensive real-time audio processing; each card was equipped with three&nbsp;Motorola 56001&nbsp;chips running at 40&nbsp;MHz.<sup id=\"cite_ref-dspfarmnubus_37-0\" class=\"reference\">[37]</sup>&nbsp;Multiple DSP cards could be added for additional processing power; each card could handle the playback of 16 tracks.<sup id=\"cite_ref-FOOTNOTEManning2013389_29-1\" class=\"reference\">[29]</sup>&nbsp;A dedicated SCSI card was still required to provide the required bandwidth to support multiple-card systems.<sup id=\"cite_ref-FOOTNOTECollins200211_36-1\" class=\"reference\">[36]</sup></p>\n<p>&nbsp;</p>\n<p>Along with Pro Tools III, Digidesign launched the 888 interface, with eight channels of analog and digital I/O, and the cheaper 882 interface.<sup id=\"cite_ref-FOOTNOTECollins200211_36-2\" class=\"reference\">[36]</sup>&nbsp;The Session 8 system included a control surface with eight faders.<sup id=\"cite_ref-38\" class=\"reference\">[38]</sup>&nbsp;A series of TDM plug-ins were bundled with the software, including&nbsp;dynamics processing, EQ, delay, modulation, and&nbsp;reverb.<sup id=\"cite_ref-:25_34-3\" class=\"reference\">[34]</sup></p>\n<p>&nbsp;</p>\n<p>In 1996, following Apple's decision to drop NuBus in favor of&nbsp;PCI bus, Digidesign added PCI support with Pro Tools 3.21. The PCI version of the Disk I/O card incorporated a high-speed SCSI along with DSP chips,<sup id=\"cite_ref-FOOTNOTECollins200211_36-3\" class=\"reference\">[36]</sup>&nbsp;while the upgraded DSP Farm PCI card included four Motorola 56002 chips running at 66&nbsp;MHz.<sup id=\"cite_ref-:26_39-0\" class=\"reference\">[39]</sup></p>\n<p>&nbsp;</p>\n<p>This change of architecture allowed the convergence of Macintosh computers with&nbsp;Intel-based PCs, for which PCI had become the standard internal communication bus.<sup id=\"cite_ref-FOOTNOTEManning2013389_29-2\" class=\"reference\">[29]</sup>&nbsp;With the PCI version of Digidesign's Audiomedia card in 1997 (Audiomedia III),<sup id=\"cite_ref-40\" class=\"reference\">[40]</sup>&nbsp;Sound Tools and Pro Tools could be run on Windows platforms for the first time.<sup id=\"cite_ref-FOOTNOTEManning2013389_29-3\" class=\"reference\">[29]</sup></p>\n<p>&nbsp;</p>\n<h3><span id=\"24-bit_audio_and_surround_mixing:_Pro_Tools_.7C_24_and_Pro_Tools_.7C_24_MIX_.281997.E2.80.932002.29\"></span><span id=\"24-bit_audio_and_surround_mixing:_Pro_Tools_|_24_and_Pro_Tools_|_24_MIX_(1997&ndash;2002)\" class=\"mw-headline\">24-bit audio and surround mixing: Pro Tools | 24 and Pro Tools | 24 MIX (1997&ndash;2002)</span></h3>\n<p>With the release of Pro Tools | 24 in 1997, Digidesign introduced a new&nbsp;24-bit&nbsp;interface (the 888|24) and a new PCI card (the d24). The d24 relied on&nbsp;Motorola 56301&nbsp;processors, offering increased processing power and 24 tracks of 24-bit audio<sup id=\"cite_ref-:21_41-0\" class=\"reference\">[41]</sup>&nbsp;(later increased to 32 tracks with a DAE software update). A SCSI accelerator was required to keep up with the increased data&nbsp;throughput. Digidesign dropped its proprietary SCSI controller in favor of commercially available ones.<sup id=\"cite_ref-:25_34-4\" class=\"reference\">[34]</sup></p>\n<p>&nbsp;</p>\n<p>64 tracks with dual d24 support were introduced with Pro Tools 4.1.1 in 1998,<sup id=\"cite_ref-:2_42-0\" class=\"reference\">[42]</sup>&nbsp;while the updated Pro Tools | 24 MIX system provided three times more DSP power with the MIX Core DSP cards. MIXplus systems combined a MIX Core with a MIX Farm, obtaining a performance increase of 700% compared to a Pro Tools | 24 system.<sup id=\"cite_ref-:25_34-5\" class=\"reference\">[34]</sup></p>\n<p>&nbsp;</p>\n<p>Pro Tools 5 saw two substantial software developments: extended MIDI functionality and integration in 1999 (an editable piano-roll view in the editor; MIDI automation, quantize and transpose)<sup id=\"cite_ref-:25_34-6\" class=\"reference\">[34]</sup>&nbsp;and the introduction of surround sound mixing and multichannel plug-ins&mdash;up to the&nbsp;7.1 format&mdash;with Pro Tools TDM 5.1<sup id=\"cite_ref-:29_43-0\" class=\"reference\">[43]</sup>&nbsp;in 2001.<sup id=\"cite_ref-:2_42-1\" class=\"reference\">[42]</sup></p>\n<p>&nbsp;</p>\n<p>The migration from traditional, tape-based analog studio technology to the Pro Tools platform took place within the industry:<sup id=\"cite_ref-FOOTNOTEMilner2009245_18-3\" class=\"reference\">[18]</sup>&nbsp;Ricky Martin's \"Livin' la Vida Loca\" (1999) was the first&nbsp;<em>Billboard</em>&nbsp;Hot 100&nbsp;number-one single to be recorded, edited, and mixed entirely within the Pro Tools environment,<sup id=\"cite_ref-44\" class=\"reference\">[44]</sup>&nbsp;allowing a more meticulous and effortless editing workflow (especially on vocals).<sup id=\"cite_ref-FOOTNOTEMilner2009216_45-0\" class=\"reference\">[45]</sup></p>\n<p>&nbsp;</p>\n<p>While consolidating its presence in professional studios, Digidesign began to target the mid-range consumer market in 1999 by introducing the Digi001 bundle, consisting of a rack-mount audio interface with eight inputs and outputs with 24-bit, 44.1/48&nbsp;kHz capability and MIDI connections. The package was distributed with Pro Tools LE, a specific version of the software without DSP support, limited to 24 mixing tracks.<sup id=\"cite_ref-:6_15-3\" class=\"reference\">[15]</sup></p>\n<p>&nbsp;</p>\n<h3><span id=\"High-resolution_audio_and_consolidation_of_digital_recording_and_mixing:_Pro_Tools_.7C_HD_.282002.E2.80.932011.29\"></span><span id=\"High-resolution_audio_and_consolidation_of_digital_recording_and_mixing:_Pro_Tools_|_HD_(2002&ndash;2011)\" class=\"mw-headline\">High-resolution audio and consolidation of digital recording and mixing: Pro Tools | HD (2002&ndash;2011)</span></h3>\n<p>Following the launch of&nbsp;Mac OS X&nbsp;operating system in 2001, Digidesign made a substantial redesign of Pro Tools hardware and software. Pro Tools | HD was launched in 2002, replacing the Pro Tools | 24 system and relying on a new range of DSP cards (HD Core and HD Process, replacing MIX Core and MIX Farm), new interfaces running at up to&nbsp;192 kHz&nbsp;or 96&nbsp;kHz sample rates (HD 192 and 96, replacing 888 and 882), along with an updated version of the software (Pro Tools 6) with new features and a redesigned GUI, developed for OS X and&nbsp;Windows XP.<sup id=\"cite_ref-:10_46-0\" class=\"reference\">[46]</sup>&nbsp;Two HD interfaces could be linked together for increased I/O through a proprietary connection. The base system was selling for US$12,000, while the full system was selling for US$20,000.<sup id=\"cite_ref-FOOTNOTEMilner2009245_18-4\" class=\"reference\">[18]</sup></p>\n<p>&nbsp;</p>\n<p>Both HD Core and Process cards mounted nine&nbsp;Motorola 56361&nbsp;chips running at 100&nbsp;MHz, each providing 25% more processing power than the Motorola 56301 chips mounted on MIX cards; this translated to about twice the power for a single card. A system could combine one HD Core card with up to two HD Process cards, supporting playback for 96/48/12 tracks at 48/96/192&nbsp;kHz sample rates (with a single HD Core card installed) and 128/64/24 tracks at 48/96/192&nbsp;kHz sample rates (with one or two HD Process cards).<sup id=\"cite_ref-:1_47-0\" class=\"reference\">[47]</sup></p>\n<p>&nbsp;</p>\n<p>When Apple changed the expansion slot architecture of the Mac G5 to&nbsp;PCI Express, Digidesign launched a line of PCIe DSP cards that both adopted the new card slot format and slightly changed the combination of chips. HD Process cards were replaced with HD Accel, each mounting nine Motorola 56321 chips running at 200&nbsp;MHz and each providing twice the power than an HD Process card; track count for systems mounting an HD Accel was extended to 192/96/36 tracks at 48/96/192&nbsp;kHz sample rates.<sup id=\"cite_ref-:27_48-0\" class=\"reference\">[48]</sup>&nbsp;The use of&nbsp;PCI Express&nbsp;connection reduced&nbsp;round-trip delay time, while DSP audio processing allowed the use of smaller hardware buffer sizes during recording, assuring stable performance with extremely low latency.<sup id=\"cite_ref-:16_5-1\" class=\"reference\">[5]</sup></p>\n<p>&nbsp;</p>\n<p>Pro Tools, offering a solid and reliable alternative to analog recording and mixing, eventually became a standard in professional studios throughout the decade, while editing features such as Beat Detective (introduced with Pro Tools 5.1 in 2001)<sup id=\"cite_ref-:29_43-1\" class=\"reference\">[43]</sup>&nbsp;and Elastic Audio (introduced with Pro Tools 7.4 in 2007)<sup id=\"cite_ref-:30_49-0\" class=\"reference\">[49]</sup>&nbsp;redefined the workflow adopted in contemporary music production.<sup id=\"cite_ref-:6_15-4\" class=\"reference\">[15]</sup></p>\n<p>&nbsp;</p>\n<p>Other software milestones were background tasks processing (such as fade rendering, file conversion or relinking), real-time insertion of TDM plug-ins during playback, and a browser/database environment introduced with Pro Tools 6 in 2003;<sup id=\"cite_ref-:10_46-1\" class=\"reference\">[46]</sup>&nbsp;Automatic plug-in Delay Compensation (ADC), introduced with Pro Tools 6.4 in 2004 and only available with TDM systems with HD Accel;<sup id=\"cite_ref-:11_50-0\" class=\"reference\">[50]</sup>&nbsp;a new implementation of RTAS with&nbsp;multi-threading&nbsp;support and improved performance, Region groups, Instrument tracks, and real-time MIDI processing, introduced with Pro Tools 7 in 2006;<sup id=\"cite_ref-:12_51-0\" class=\"reference\">[51]</sup>&nbsp;VCA and volume trim, introduced with Pro Tools 7.2 in 2006;<sup id=\"cite_ref-:13_52-0\" class=\"reference\">[52]</sup>&nbsp;support for ten track inserts, MIDI Editor, and MIDI Score, introduced with Pro Tools 8 in 2009.<sup id=\"cite_ref-:14_53-0\" class=\"reference\">[53]</sup></p>\n<p>&nbsp;</p>\n<p>Pro Tools | MIX hardware support was dropped with version 6.4.1.</p>\n<p>&nbsp;</p>\n<h4><span id=\"Native_systems:_Pro_Tools_LE_and_Pro_Tools_M-Powered\" class=\"mw-headline\">Native systems: Pro Tools LE and Pro Tools&nbsp;<span class=\"nowrap\">M-Powered</span></span></h4>\n<p>Pro Tools LE, first introduced and distributed in 1999 with the Digi 001 interface,<sup id=\"cite_ref-:4_54-0\" class=\"reference\">[54]</sup>&nbsp;was a specific Pro Tools version in which the signal processing entirely relied on the host CPU. The software required a Digidesign interface to run, which acted as a copy-protection mechanism for the software. Mbox was the entry-level range of the available interface; Digi 001 and Digi 002/003, which also provided a control surface, were the upper range. The Eleven Rack also ran on Pro Tools LE, included in-box DSP processing via an FPGA chip, offloading guitar amp/speaker emulation, and guitar effects plug-in processing to the interface, allowing them to run without taxing the host system.</p>\n<p>&nbsp;</p>\n<p>Pro Tools LE shared the same interface of Pro Tools HD but had a smaller track count (24 tracks with Pro Tools 5, extended to 32 tracks with Pro Tools 6<sup id=\"cite_ref-:10_46-2\" class=\"reference\">[46]</sup>&nbsp;and 48 tracks with Pro Tools 8)<sup id=\"cite_ref-:17_55-0\" class=\"reference\">[55]</sup>&nbsp;and supported a maximum sample rate of 96&nbsp;kHz<sup id=\"cite_ref-:22_56-0\" class=\"reference\">[56]</sup>&nbsp;(depending on the interface used). Some advanced software features, such as Automatic Delay Compensation, surround mixing, multi-track Beat Detective, OMF/AAF support, and&nbsp;SMPTE Timecode, were omitted. Some of them, as well as support for 48 tracks/96 voices (extended to 64 tracks/128 voices with Pro Tools 8) and additional plug-ins, were made available through an expansion package called \"Music Production Toolkit\".<sup id=\"cite_ref-57\" class=\"reference\">[57]</sup>&nbsp;The \"Complete Production Toolkit\", introduced with Pro Tools 8, added support for surround mixing and 128 tracks (while the system was still limited to 128 voices).<sup id=\"cite_ref-:17_55-1\" class=\"reference\">[55]</sup></p>\n<p>&nbsp;</p>\n<p>With the acquisition of&nbsp;M-Audio&nbsp;in 2004&ndash;2005, Digidesign released a specific variant of Pro Tools, called&nbsp;<span class=\"nowrap\">M-Powered</span>, which was equivalent to Pro Tools LE and could be run with M-Audio interfaces.<sup id=\"cite_ref-:18_58-0\" class=\"reference\">[58]</sup></p>\n<p>&nbsp;</p>\n<p>The Pro Tools LE/<span class=\"nowrap\">M-Powered</span>&nbsp;line was discontinued with the release of Pro Tools 9.</p>\n<p>&nbsp;</p>\n<h4><span id=\"Hardware-independent_native_systems:_Pro_Tools_9\" class=\"mw-headline\">Hardware-independent native systems: Pro Tools 9</span></h4>\n<p>Pro Tools 9, released in November 2010, dropped the requirement of proprietary hardware to run the software. Any audio device could be used through&nbsp;Core Audio&nbsp;on macOS or the&nbsp;ASIO&nbsp;driver on a Windows. Core Audio allowed device aggregation, enabling using of more than one interface simultaneously. Some Pro Tools HD software features, such as automatic plug-in delay compensation, OMF/AAF file import, Timecode ruler, and multi-track Beat Detective, were included in the standard version of Pro Tools 9.<sup id=\"cite_ref-:23_59-0\" class=\"reference\">[59]</sup></p>\n<p>&nbsp;</p>\n<p>When operating on a machine containing one or more HD Core, Accel, or Native cards, the software ran as Pro Tools HD with the complete HD feature set. In all other cases, it ran as Pro Tools 9 standard, with a smaller track count and some advanced features turned off.</p>\n<p>&nbsp;</p>\n<h4><span id=\"Advanced_Instrument_Research_.28AIR.29:_built-in_virtual_instruments_and_plug-ins\"></span><span id=\"Advanced_Instrument_Research_(AIR):_built-in_virtual_instruments_and_plug-ins\" class=\"mw-headline\">Advanced Instrument Research (AIR): built-in virtual instruments and plug-ins</span></h4>\n<p>In response to Apple's decision to include&nbsp;Emagic's complete line of virtual instruments in&nbsp;Logic Pro&nbsp;in 2004 and following&nbsp;Avid's acquisition of German virtual instruments developer Wizoo in 2005, Pro Tools 8 was supplied with its first built-in virtual instruments library, the AIR Creative Collection, as well as with some new plug-ins, to make it more appealing for music production.<sup id=\"cite_ref-:17_55-2\" class=\"reference\">[55]</sup>&nbsp;An expansion was also available, called AIR Complete Collection.</p>\n<p>&nbsp;</p>\n<h3><span id=\"Pro_Tools_|_HDX_(2011&ndash;present)\" class=\"mw-headline\">Pro Tools | HDX (2011&ndash;present)</span></h3>\n<p>In October 2011, Avid introduced Pro Tools 10 and a new series of DSP&nbsp;PCIe cards&nbsp;named HDX. Each card mounted 18 DSP processors, manufactured by Texas Instruments, allowing an increased computational precision (32-bit&nbsp;floating-point&nbsp;resolution for audio processing and&nbsp;64-bit&nbsp;floating-point summing, versus the previous 24-bit and 48-bit&nbsp;fixed-point&nbsp;resolution of the TDM engine),<sup id=\"cite_ref-:15_4-2\" class=\"reference\">[4]</sup>&nbsp;thus improving dynamic range performance. Signal processing could be run on the embedded DSP, providing additional computational power and enabling near zero-latency for DSP-reliant plug-ins. Two&nbsp;FPGA&nbsp;chips handled track playback, monitoring, and internal routing, providing a lower round trip latency.</p>\n<p>&nbsp;</p>\n<p>A second line of PCIe cards, called HD Native, provided low latency with a single FPGA chip but didn't mount DSP (audio processing relied on the host system's CPU).<sup id=\"cite_ref-:0_60-0\" class=\"reference\">[60]</sup>&nbsp;Round trip latency at 96 kHz was 0.7 ms for HDX and 1.7 ms for HD Native (with a 64-sample buffer).<sup id=\"cite_ref-61\" class=\"reference\">[61]</sup></p>\n<p>&nbsp;</p>\n<p>To maintain performance consistency, HDX products were specified with a fixed maximum number of voices (each voice representing a monophonic channel). Each HDX card enabled 256 simultaneous voices at 44.1/48&nbsp;kHz; voice count halved when the sample rate doubled (128 voices at 88.2/96&nbsp;kHz, 64 voices at 176.4/192&nbsp;kHz). Up to three HDX cards could be installed on a single system for a maximum of 768/384/192 total voices and for increased processing power. On Native systems, voice count was limited to 96/48/24 voices with the standard version of Pro Tools and 256/128/64 voices with Pro Tools HD software.<sup id=\"cite_ref-:15_4-3\" class=\"reference\">[4]</sup></p>\n<p>&nbsp;</p>\n<p>With Pro Tools 10, Avid deployed a new plug-in format for both Native and HDX systems called AAX (an acronym for Avid Audio eXtension).<sup id=\"cite_ref-62\" class=\"reference\">[62]</sup>&nbsp;AAX Native replaced RTAS plug-ins and AAX DSP, a specific format running on HDX systems, replaced TDM plug-ins. AAX was developed to provide the future implementation of 64-bit plug-ins, although 32-bit versions of AAX were still used in Pro Tools 10. TDM support was dropped with HDX,<sup id=\"cite_ref-63\" class=\"reference\">[63]</sup>&nbsp;while Pro Tools 10 would be the final release for Pro Tools | HD Process and Accel systems.</p>\n<p>&nbsp;</p>\n<p>Notable software features introduced with Pro Tools 10 were editable clip-based gain automation (Clip gain), the ability to load the session's audio data into RAM to improve transport responsiveness (Disk caching), quadrupled Automatic Delay Compensation length, audio fades processed in real-time, timeline length extended to 24 hours, support for 32-bit float audio and mixed audio formats within the session, and the addition of Avid Channel Strip plug-in (based on Euphonix System 5 console's channel strip, following Avid's acquisition of Euphonix in 2010).<sup id=\"cite_ref-64\" class=\"reference\">[64]</sup><sup id=\"cite_ref-:29_43-2\" class=\"reference\">[43]</sup></p>\n<p>&nbsp;</p>\n<h3><span id=\"Switch_to_64-bit_architecture_.282013.29\"></span><span id=\"Switch_to_64-bit_architecture_(2013)\" class=\"mw-headline\">Switch to 64-bit architecture (2013)</span></h3>\n<p>Pro Tools 11, released in June 2013, switched from 32-bit to 64-bit software architecture with new audio and video engines, enabling the application and plug-ins to fully take advantage of system memory. The new audio engine (AAE) introduced support of offline bouncing and simultaneous mixdowns multiple sources; dynamic plug-in processing allowed to reduce CPU usage when active native plug-ins don't receive any input. Two separate buffers were used for playback and for monitoring of record-enabled or input-monitored tracks. The new video engine (AVE) improved performance and handling of multiple CPU cores.</p>\n<p>&nbsp;</p>\n<p>Support for HD Accel systems, legacy HD interfaces, TDM and 32-bit AAX plug-ins was dropped due to their incompatibility with 64-bit architecture.<sup id=\"cite_ref-:19_13-1\" class=\"reference\">[13]</sup></p>\n<p>&nbsp;</p>\n<h2><span id=\"Features\" class=\"mw-headline\">Features</span></h2>\n<p>Pro Tools workflow is organized into two main windows: the timeline is shown in the Edit window, while the mixer is shown in the Mix window. MIDI and Score Editor windows provide a dedicated environment to edit MIDI.<sup id=\"cite_ref-FOOTNOTEAvid2019187&ndash;19012._Pro_Tools_Main_Windows_65-0\" class=\"reference\">[65]</sup>&nbsp;Different window layouts, along with shown and hidden tracks and their width settings, can be stored and recalled from the Window configuration list.<sup id=\"cite_ref-FOOTNOTEAvid2019205&ndash;21312._Pro_Tools_Main_Windows_66-0\" class=\"reference\">[66]</sup></p>\n<p>&nbsp;</p>\n<h3><span id=\"Timeline\" class=\"mw-headline\">Timeline</span></h3>\n<p>The timeline provides a graphical representation of all types of tracks: the audio&nbsp;envelope&nbsp;or&nbsp;waveform&nbsp;(when zoomed in) for audio tracks, a&nbsp;piano roll&nbsp;showing MIDI notes and controller values for MIDI and Instrument tracks, a sequence of frame thumbnails for video tracks, audio levels for auxiliary, master and&nbsp;VCA&nbsp;master tracks.<sup id=\"cite_ref-FOOTNOTEAvid201919012._Pro_Tools_Main_Windows_67-0\" class=\"reference\">[67]</sup>&nbsp;Alternate audio and MIDI content can be recorded, shown, and edited in multiple layers for each track (called playlists), which can be used for track compositing.<sup id=\"cite_ref-FOOTNOTEAvid201969132._Playlists_68-0\" class=\"reference\">[68]</sup>&nbsp;All the mixer parameters (such as track and sends volume, pan, and mute status) and plug-in parameters can be changed over time through&nbsp;automation.<sup id=\"cite_ref-FOOTNOTEAvid20191125&ndash;112650._Automation_69-0\" class=\"reference\">[69]</sup>&nbsp;Any automation type can be shown and edited in multiple lanes for each track.<sup id=\"cite_ref-FOOTNOTEAvid20191135&ndash;113850._Automation_70-0\" class=\"reference\">[70]</sup>&nbsp;Track-based volume automation can be converted to clip-based automation and vice versa;<sup id=\"cite_ref-FOOTNOTEAvid201994743._Clip_Gain_and_Clip_Effects_71-0\" class=\"reference\">[71]</sup>&nbsp;automation of any type can also be copied and pasted to any other automation type.<sup id=\"cite_ref-FOOTNOTEAvid2019116050._Automation_72-0\" class=\"reference\">[72]</sup></p>\n<p>&nbsp;</p>\n<p>Time can be measured and displayed on the timeline in different scales: bars and beats, time or SMPTE timecode (with selectable frame rates), audio samples, or film stock feet for audio-for-film referencing (based on the 35 mm film format).<sup id=\"cite_ref-FOOTNOTEAvid2019837&ndash;84038._Time,_Tempo,_Meter,_Key,_and_Chords_73-0\" class=\"reference\">[73]</sup>&nbsp;Tempo and meter changes can also be programmed; both MIDI and audio clips can move or time-stretch to follow tempo changes (\"tick-based\" tracks) or maintain their absolute position (\"sample-based\" tracks). Elastic Audio must be enabled to allow time stretching of audio clips.<sup id=\"cite_ref-FOOTNOTEAvid2019162._Pro_Tools_Concepts_74-0\" class=\"reference\">[74]</sup></p>\n<p>&nbsp;</p>\n<h3><span id=\"Editing\" class=\"mw-headline\">Editing</span></h3>\n<p>Audio and MIDI clips can be moved, cut, and duplicated non-destructively on the timeline (edits change the clip organization on the timeline, but source files are not overwritten).<sup id=\"cite_ref-FOOTNOTEAvid2019653&ndash;66430._Editing_Clips_and_Selections_75-0\" class=\"reference\">[75]</sup>&nbsp;Time stretching&nbsp;(TCE),&nbsp;pitch shifting, equalization, and dynamics processing can be applied to audio clips non-destructively and in real-time with Elastic Audio<sup id=\"cite_ref-FOOTNOTEAvid201969544._Elastic_Audio_76-0\" class=\"reference\">[76]</sup>&nbsp;and Clip Effects;<sup id=\"cite_ref-FOOTNOTEAvid2019949&ndash;95043._Clip_Gain_and_Clip_Effects_77-0\" class=\"reference\">[77]</sup>&nbsp;gain can be adjusted statically or dynamically on individual clips with Clip Gain;<sup id=\"cite_ref-FOOTNOTEAvid201994143._Clip_Gain_and_Clip_Effects_78-0\" class=\"reference\">[78]</sup>&nbsp;fade and crossfades can be applied, adjusted and are processed in real-time. All other types of audio processing can be rendered on the timeline with the AudioSuite (non-real-time) version of AAX plug-ins.<sup id=\"cite_ref-FOOTNOTEAvid201992942._AudioSuite_Processing_79-0\" class=\"reference\">[79]</sup>&nbsp;Audio clips can be converted to MIDI data using the Celemony&nbsp;Melodyne&nbsp;engine; pitches with timing and velocities are extracted through melodic, polyphonic, or rhythmic analysis algorithms.<sup id=\"cite_ref-FOOTNOTEAvid20201011&ndash;101346._Extract_MIDI_from_Audio_80-0\" class=\"reference\">[80]</sup>&nbsp;Pitch and rhythm of audio tracks can also be viewed and manipulated with the bundled Melodyne Essential.</p>\n<p>&nbsp;</p>\n<p>MIDI notes, velocities, and controllers can be edited directly on the timeline, each MIDI track showing an individual piano roll, or in a specific window, where several MIDI and Instrument tracks can be shown together in a single piano roll with color-coding. Multiple MIDI controllers for each track can be viewed and edited on different lanes.<sup id=\"cite_ref-FOOTNOTEAvid201978735._MIDI_Editors_81-0\" class=\"reference\">[81]</sup>&nbsp;MIDI tracks can also be shown in&nbsp;musical notation&nbsp;within a score editor.<sup id=\"cite_ref-FOOTNOTEAvid201980536._Score_Editor_82-0\" class=\"reference\">[82]</sup>&nbsp;MIDI data such as note quantization, duration, transposition, delay, and velocity can also be altered non-destructively and in real-time on a track-per-track basis.<sup id=\"cite_ref-FOOTNOTEAvid201978034._MIDI_Editing_83-0\" class=\"reference\">[83]</sup></p>\n<p>&nbsp;</p>\n<p>Video files can be imported to one or more video tracks and organized in multiple playlists. Multiple video files can be edited together and played back in real-time. Video processing is GPU-accelerated and managed by the Avid Video Engine (AVE). Video output from one video track is provided in a separate window or can be viewed full screen.<sup id=\"cite_ref-FOOTNOTEAvid20191355&ndash;135760._Working_with_Video_in_Pro_Tools_84-0\" class=\"reference\">[84]</sup></p>\n<p>&nbsp;</p>\n<h3><span id=\"Mixing\" class=\"mw-headline\">Mixing</span></h3>\n<p>The virtual mixer shows controls and components of all tracks, including&nbsp;inserts,&nbsp;sends, input and output&nbsp;assignments, automation read/write controls,&nbsp;panning,&nbsp;solo/mute&nbsp;buttons, arm record buttons, the&nbsp;volume fader, the&nbsp;level meter, and the track name. It also can show additional controls for the inserted&nbsp;virtual instrument, mic preamp gain, HEAT settings, and the EQ curve for each track.<sup id=\"cite_ref-FOOTNOTEAvid201918812._Pro_Tools_Main_Windows_85-0\" class=\"reference\">[85]</sup>&nbsp;Each track inputs and outputs can have different channel depths:&nbsp;mono,&nbsp;stereo,&nbsp;multichannel&nbsp;(LCR,&nbsp;LCRS,&nbsp;Quad,&nbsp;5.0/5.1, 6.0/6.1,&nbsp;7.0/7.1);&nbsp;Dolby Atmos&nbsp;and&nbsp;Ambisonics&nbsp;formats are also available for mixing.<sup id=\"cite_ref-FOOTNOTEAvid20191201&ndash;120352._Pro_Tools_Setup_for_Surround_86-0\" class=\"reference\">[86]</sup></p>\n<p>&nbsp;</p>\n<p>Audio can be routed to and from different outputs and inputs, both physical and internal. Internal routing is achieved using busses and auxiliary tracks; each track can have multiple output assignments.<sup id=\"cite_ref-FOOTNOTEAvid2019105748._Basic_Mixing_87-0\" class=\"reference\">[87]</sup>&nbsp;Virtual instruments are loaded on Instrument tracks&mdash;a specific type of track that receives MIDI data in input and returns audio in output.<sup id=\"cite_ref-FOOTNOTEAvid2019104648._Basic_Mixing_88-0\" class=\"reference\">[88]</sup></p>\n<p>&nbsp;</p>\n<p>Plug-ins are processed in real-time with dedicated DSP chips (AAX DSP format) or using the host computer's CPU (AAX Native format).<sup id=\"cite_ref-FOOTNOTEAvid2019105848._Basic_Mixing_89-0\" class=\"reference\">[89]</sup></p>\n<p>&nbsp;</p>\n<h4><span id=\"Track_rendering\" class=\"mw-headline\">Track rendering</span></h4>\n<p>Audio, auxiliary, and Instrument tracks (or MIDI tracks routed to a&nbsp;virtual instrument&nbsp;plug-in) can be committed to new tracks containing their rendered output. Virtual instruments can be committed to audio to prepare an arrangement project for mixing; track commit is also used to free up system resources during mixing or when the session is shared with systems not having some plug-ins installed. Multiple tracks can be rendered at a time; it is also possible to render a specific timeline selection and define which range of inserts to render.<sup id=\"cite_ref-FOOTNOTEAvid2019995&ndash;99945._Committing,_Freezing,_and_Bouncing_Tracks_90-0\" class=\"reference\">[90]</sup></p>\n<p>&nbsp;</p>\n<p>Similarly, tracks can be frozen with their output rendered at the end of the plug-in chain or at a specific insert of their chain. Editing is suspended on frozen tracks, but they can subsequently be unfrozen if further adjustments are needed. For example, virtual instruments can be frozen to free up system memory and improve performance while keeping the possibility to unfreeze them to make changes to the arrangement.<sup id=\"cite_ref-FOOTNOTEAvid20191000&ndash;100245._Committing,_Freezing,_and_Bouncing_Tracks_91-0\" class=\"reference\">[91]</sup></p>\n<p>&nbsp;</p>\n<h4><span id=\"Mixdown\" class=\"mw-headline\">Mixdown</span></h4>\n<p>The main mix of the session&mdash;or any internal mix bus or output path&mdash;can be bounced to disk in real-time (if hardware inserts from analog hardware are used, or if any audio or MIDI source is monitored live into the session) or offline (faster-than-real-time). The selected source can be mixed to mono, stereo, or any other multichannel format. Multichannel mixdowns can be written as an interleaved audio file or in multiple mono files. Up to 24 sources of up to 10 channels each can be mixed down simultaneously&mdash;for example, to deliver&nbsp;audio stems.<sup id=\"cite_ref-FOOTNOTEAvid20191188&ndash;119051._Mixdown_92-0\" class=\"reference\">[92]</sup></p>\n<p>&nbsp;</p>\n<p>Audio and video can be bounced together to a MOV file; video is transcoded with the DNxHD, DNxHR, Apple ProRes, and H.264 video codecs.<sup id=\"cite_ref-FOOTNOTEAvid2020140862._Working_with_Video_in_Pro_Tools_93-0\" class=\"reference\">[93]</sup></p>\n<p>&nbsp;</p>\n<h3><span id=\"Session_data_exchange\" class=\"mw-headline\">Session data exchange</span></h3>\n<p>Session data can be partially or entirely exchanged with other DAWs or video editing software that support&nbsp;AAF,&nbsp;OMF, or&nbsp;MXF. AAF and OMF sequences embed audio and video files with their metadata; when opened by the destination application, session structure is rebuilt with the original clip placement, edits, and basic track and clip automation.<sup id=\"cite_ref-FOOTNOTEAvid201919&ndash;232._Pro_Tools_Concepts_94-0\" class=\"reference\">[94]</sup></p>\n<p>&nbsp;</p>\n<p>Track contents and any of its properties can be selectively exchanged between Pro Tools sessions with Import Session Data (for example, importing audio clips from an external session to a designated track while keeping track settings or importing track inserts while keeping audio clips).<sup id=\"cite_ref-FOOTNOTEAvid2019420&ndash;42120._Importing_and_Exporting_Session_Data_95-0\" class=\"reference\">[95]</sup>&nbsp;Similarly, the same track data for any track set&mdash;a given processing chain, a collection of clips, or a group of tracks with their assignments&mdash;can be stored and recalled as Track Presets.<sup id=\"cite_ref-FOOTNOTEAvid2019267&ndash;27014._Track_Presets_96-0\" class=\"reference\">[96]</sup></p>\n<p>&nbsp;</p>\n<h3><span id=\"Cloud_collaboration\" class=\"mw-headline\">Cloud collaboration</span></h3>\n<p>Pro Tools projects can be synchronized to the Avid Cloud and shared with other users on a track-by-track basis. Different users can simultaneously work on the project and upload new tracks or any changes to existing tracks (such as audio and MIDI clips, automation, inserted plug-ins, and mixer status) or alterations to the project structure (such as tempo, meter, or key).<sup id=\"cite_ref-FOOTNOTEAvid201938119._Track_Collaboration_97-0\" class=\"reference\">[97]</sup></p>\n<p>&nbsp;</p>\n<h3><span id=\"Field_recorder_workflows\" class=\"mw-headline\">Field recorder workflows</span></h3>\n<p>Pro Tools reads embedded metadata in media files to manage multichannel recordings made by&nbsp;field recorders&nbsp;in production sound. All stored metadata (such as scene and&nbsp;take&nbsp;numbers, tape or sound roll name, or production comments) can be accessed in the Workspace browser.<sup id=\"cite_ref-FOOTNOTEAvid20191333&ndash;133659._Working_with_Field_Recorders_in_Pro_Tools_98-0\" class=\"reference\">[98]</sup></p>\n<p>&nbsp;</p>\n<p>Analogous audio clips are identified by overlapping&nbsp;longitudinal timecode&nbsp;(LTC) and by one or more user-defined criteria (such as matching file length, file name, or scene and take numbers). An audio segment can be replaced from matching channels (for example, to replace audio from a&nbsp;boom microphone&nbsp;with the audio from a&nbsp;lavalier microphone) while maintaining edits and fades in the timeline, or any matching channels can be added to new tracks.<sup id=\"cite_ref-FOOTNOTEAvid20191341&ndash;134659._Working_with_Field_Recorders_in_Pro_Tools_99-0\" class=\"reference\">[99]</sup></p>\n<p>&nbsp;</p>\n<h3><span id=\"Multi-system_linking_and_device_synchronization\" class=\"mw-headline\">Multi-system linking and device synchronization</span></h3>\n<p>Up to twelve Pro Tools Ultimate systems with dedicated hardware can be linked together over an Ethernet network&mdash;for example, in multi-user mixing environments where different mix components (such as dialog, ADR, effects, and music) reside on different systems, or if a larger track count or processing power is needed. Transport, solo, and mute are controlled by a single system and with a single control surface.<sup id=\"cite_ref-FOOTNOTEAvid2019138761._Satellite_Link_100-0\" class=\"reference\">[100]</sup>&nbsp;One system can also be designated for video playback to optimize performance.<sup id=\"cite_ref-FOOTNOTEAvid2019139762._Pro_Tools_Video_Satellite_101-0\" class=\"reference\">[101]</sup>&nbsp;Pro Tools can synchronize to external devices using&nbsp;SMPTE/EBU timecode&nbsp;or&nbsp;MIDI timecode.<sup id=\"cite_ref-FOOTNOTEAvid2019126757._Working_with_Synchronization_102-0\" class=\"reference\">[102]</sup></p>\n<p>&nbsp;</p>\n<h2><span id=\"Editions\" class=\"mw-headline\">Editions</span></h2>\n<p>Pro Tools software is available in a standard edition (informally called \"Vanilla\")<sup id=\"cite_ref-103\" class=\"reference\">[103]</sup>&nbsp;providing all the key features for audio mixing and post-production, a complete edition (officially called \"Ultimate\" and known as \"HD\" between 2002 and 2018), which unlocks functionality for advanced workflows and a higher track count, and a starter edition, called \"First\", providing the essential features.</p>\n<h2>&nbsp;</h2>\n<h2><span id=\"Control_surfaces\" class=\"mw-headline\">Control surfaces</span></h2>\n<p>In mid-1990s, Digidesign started working on a studio device that could replace classic analog consoles and provide integration with Pro Tools. ProControl (1998) was the first Digidesign control surface, providing motorized, touch-sensitive faders, an analog&nbsp;control room&nbsp;communication section, and connecting to the host computer via&nbsp;Ethernet. ProControl could be later expanded by adding up to five fader packs, each providing eight additional fader strips and controls.<sup id=\"cite_ref-:25_34-7\" class=\"reference\">[34]</sup></p>\n<p>&nbsp;</p>\n<p>Control 24 (2001) added 5.1 monitoring support and included 16&nbsp;class A&nbsp;preamps designed by&nbsp;Focusrite. Icon D-Control (2004) incorporated an HD Accel system and was developed for larger TV and film productions in mind. Command|8 (2004) and D-Command (2005) were the smaller counterparts of Control 24 and D-Control, connected with the host computer via USB;&nbsp;Venue&nbsp;(2005) was a similar system specifically designed for live sound applications.<sup id=\"cite_ref-:29_43-3\" class=\"reference\">[43]</sup></p>\n<p>&nbsp;</p>\n<p>C|24 (2007) was a revision of Control 24 with improved preamps, while Icon D-Control ES (2008) and Icon D-Command ES (2009) were redesigns of Icon D-Control and D-Command.<sup id=\"cite_ref-:29_43-4\" class=\"reference\">[43]</sup></p>\n<p>&nbsp;</p>\n<p>In 2010 Avid acquired Euphonix, manufacturer of the Artist Series, and System 5 control surfaces. They were integrated with Pro Tools along with the EuCon protocols. Avid S6 (2013) and Avid S3 (2014) control surfaces followed by merging the Icon and System 5 series. Pro Tools Dock (2015) was an iPad-based control surface running Pro Tools Control software.<sup id=\"cite_ref-108\" class=\"reference\">[108]</sup></p>\n<p>&nbsp;</p>\n<h2><span id=\"References\" class=\"mw-headline\">References</span></h2>\n<p><strong>Footnotes</strong></p>\n<div class=\"reflist reflist-columns references-column-width reflist-columns-2\">\n<ol class=\"references\">\n<li id=\"cite_note-FOOTNOTECollins20029-1\"><span class=\"mw-cite-backlink\">^&nbsp;<span class=\"cite-accessibility-label\">Jump up to:</span><sup><em><strong>a</strong></em></sup>&nbsp;<sup><em><strong>b</strong></em></sup>&nbsp;<sup><em><strong>c</strong></em></sup></span>&nbsp;<span class=\"reference-text\">Collins 2002, p.&nbsp;9.</span></li>\n<li id=\"cite_note-2\"><span class=\"mw-cite-backlink\"><strong>^</strong></span>&nbsp;<span class=\"reference-text\"><cite class=\"citation web cs1\">\"Pro Tools Operating System Compatibility Chart\".&nbsp;<em>avid.force.com</em><span class=\"reference-accessdate\">. Retrieved&nbsp;<span class=\"nowrap\">December 17,</span>2019</span>.</cite></span></li>\n<li id=\"cite_note-3\"><span class=\"mw-cite-backlink\"><strong>^</strong></span>&nbsp;<span class=\"reference-text\"><cite class=\"citation web cs1\">\"Pro Tools | Ultimate - Audio Editing Software - Features\".&nbsp;<em>Avid</em>. July 25, 2019.&nbsp;Archivedfrom the original on July 25, 2019<span class=\"reference-accessdate\">. Retrieved&nbsp;<span class=\"nowrap\">December 17,</span>&nbsp;2019</span>.</cite></span></li>\n<li id=\"cite_note-:15-4\"><span class=\"mw-cite-backlink\">^&nbsp;<span class=\"cite-accessibility-label\">Jump up to:</span><sup><em><strong>a</strong></em></sup>&nbsp;<sup><em><strong>b</strong></em></sup>&nbsp;<sup><em><strong>c</strong></em></sup>&nbsp;<sup><em><strong>d</strong></em></sup>&nbsp;<sup><em><strong>e</strong></em></sup></span>&nbsp;<span class=\"reference-text\"><cite id=\"CITEREFWherry2012\" class=\"citation web cs1\">Wherry, Mark (April 2012).&nbsp;\"Avid HDX\".&nbsp;<em>Sound on Sound</em><span class=\"reference-accessdate\">. Retrieved&nbsp;<span class=\"nowrap\">February 5,</span>2018</span>.</cite></span></li>\n<li id=\"cite_note-:16-5\"><span class=\"mw-cite-backlink\">^&nbsp;<span class=\"cite-accessibility-label\">Jump up to:</span><sup><em><strong>a</strong></em></sup>&nbsp;<sup><em><strong>b</strong></em></sup></span>&nbsp;<span class=\"reference-text\"><cite id=\"CITEREFThornton2015\" class=\"citation web cs1\">Thornton, Mike (February 2015).&nbsp;\"Working Late\".&nbsp;<em>Sound on Sound</em><span class=\"reference-accessdate\">. Retrieved&nbsp;<span class=\"nowrap\">December 18,</span>&nbsp;2019</span>.</cite></span></li>\n<li id=\"cite_note-FOOTNOTEAvid201972._Pro_Tools_Concepts-6\"><span class=\"mw-cite-backlink\"><strong>^</strong></span>&nbsp;<span class=\"reference-text\">Avid 2019, p.&nbsp;7, 2. Pro Tools Concepts.</span></li>\n<li id=\"cite_note-7\"><span class=\"mw-cite-backlink\"><strong>^</strong></span>&nbsp;<span class=\"reference-text\"><cite id=\"CITEREFThornton2009\" class=\"citation web cs1\">Thornton, Mike (April 2009).&nbsp;\"Track Comping\".&nbsp;<em>Sound on Sound</em><span class=\"reference-accessdate\">. Retrieved&nbsp;<span class=\"nowrap\">December 17,</span>2019</span>.</cite></span></li>\n<li id=\"cite_note-FOOTNOTEAvid2020121053._Mixdown-8\"><span class=\"mw-cite-backlink\"><strong>^</strong></span>&nbsp;<span class=\"reference-text\">Avid 2020, p.&nbsp;1210, 53. Mixdown.</span></li>\n<li id=\"cite_note-FOOTNOTEAvid20201280&ndash;128157._Mixing_to_Dolby_Atmos-9\"><span class=\"mw-cite-backlink\"><strong>^</strong></span>&nbsp;<span class=\"reference-text\">Avid 2020, p.&nbsp;1280&ndash;1281, 57. Mixing to Dolby Atmos.</span></li>\n<li id=\"cite_note-FOOTNOTEAvid2020412&ndash;41321._Importing_and_Exporting_Session_Data-10\"><span class=\"mw-cite-backlink\">^&nbsp;<span class=\"cite-accessibility-label\">Jump up to:</span><sup><em><strong>a</strong></em></sup>&nbsp;<sup><em><strong>b</strong></em></sup></span>&nbsp;<span class=\"reference-text\">Avid 2020, p.&nbsp;412&ndash;413, 21. Importing and Exporting Session Data.</span></li>\n<li id=\"cite_note-11\"><span class=\"mw-cite-backlink\"><strong>^</strong></span>&nbsp;<span class=\"reference-text\"><cite class=\"citation web cs1\">\"Sound Designer II audio file support with Pro Tools 10.3.6 and higher\".&nbsp;<em>avid.force.com</em><span class=\"reference-accessdate\">. Retrieved&nbsp;<span class=\"nowrap\">December 17,</span>&nbsp;2019</span>.</cite></span></li>\n<li id=\"cite_note-12\"><span class=\"mw-cite-backlink\"><strong>^</strong></span>&nbsp;<span class=\"reference-text\"><cite id=\"CITEREFSherbourne2017\" class=\"citation web cs1\">Sherbourne, Simon (October 18, 2017).&nbsp;\"Ambisonics and VR/360 Audio in Pro Tools | HD\".&nbsp;<em>Avid Blogs</em><span class=\"reference-accessdate\">. Retrieved&nbsp;<span class=\"nowrap\">December 17,</span>&nbsp;2019</span>.</cite></span></li>\n<li id=\"cite_note-:19-13\"><span class=\"mw-cite-backlink\">^&nbsp;<span class=\"cite-accessibility-label\">Jump up to:</span><sup><em><strong>a</strong></em></sup>&nbsp;<sup><em><strong>b</strong></em></sup>&nbsp;<sup><em><strong>c</strong></em></sup></span>&nbsp;<span class=\"reference-text\"><cite id=\"CITEREFWherry2013\" class=\"citation web cs1\">Wherry, Mark (September 2013).&nbsp;\"Avid Pro Tools 11\".&nbsp;<em>Sound on Sound</em><span class=\"reference-accessdate\">. Retrieved&nbsp;<span class=\"nowrap\">February 5,</span>&nbsp;2018</span>.</cite></span></li>\n<li id=\"cite_note-14\"><span class=\"mw-cite-backlink\"><strong>^</strong></span>&nbsp;<span class=\"reference-text\"><cite id=\"CITEREFPayne2008\" class=\"citation web cs1\">Payne, John (October 4, 2008).&nbsp;\"The Software Chronicles\".&nbsp;<em>EQ Mag</em>. Archived from&nbsp;the original&nbsp;on October 4, 2008<span class=\"reference-accessdate\">. Retrieved&nbsp;<span class=\"nowrap\">December 13,</span>&nbsp;2019</span>.</cite></span></li>\n<li id=\"cite_note-:6-15\"><span class=\"mw-cite-backlink\">^&nbsp;<span class=\"cite-accessibility-label\">Jump up to:</span><sup><em><strong>a</strong></em></sup>&nbsp;<sup><em><strong>b</strong></em></sup>&nbsp;<sup><em><strong>c</strong></em></sup>&nbsp;<sup><em><strong>d</strong></em></sup>&nbsp;<sup><em><strong>e</strong></em></sup></span>&nbsp;<span class=\"reference-text\"><cite class=\"citation web cs1\">\"A brief history of Pro Tools\".&nbsp;<em>MusicRadar</em>. May 30, 2011<span class=\"reference-accessdate\">. Retrieved&nbsp;<span class=\"nowrap\">December 13,</span>2019</span>.</cite></span></li>\n<li id=\"cite_note-FOOTNOTEBattinoRichards200538&ndash;39-16\"><span class=\"mw-cite-backlink\"><strong>^</strong></span>&nbsp;<span class=\"reference-text\">Battino &amp; Richards 2005, p.&nbsp;38&ndash;39.</span></li>\n<li id=\"cite_note-:28-17\"><span class=\"mw-cite-backlink\">^&nbsp;<span class=\"cite-accessibility-label\">Jump up to:</span><sup><em><strong>a</strong></em></sup>&nbsp;<sup><em><strong>b</strong></em></sup>&nbsp;<sup><em><strong>c</strong></em></sup></span>&nbsp;<span class=\"reference-text\"><cite class=\"citation web cs1\">\"Digidesign Past &amp; Present\".&nbsp;<em>Sound on Sound</em>. March 1995. Archived from&nbsp;the original&nbsp;on June 6, 2015<span class=\"reference-accessdate\">. Retrieved&nbsp;<span class=\"nowrap\">January 13,</span>&nbsp;2020</span>.</cite></span></li>\n<li id=\"cite_note-FOOTNOTEMilner2009245-18\"><span class=\"mw-cite-backlink\">^&nbsp;<span class=\"cite-accessibility-label\">Jump up to:</span><sup><em><strong>a</strong></em></sup>&nbsp;<sup><em><strong>b</strong></em></sup>&nbsp;<sup><em><strong>c</strong></em></sup>&nbsp;<sup><em><strong>d</strong></em></sup>&nbsp;<sup><em><strong>e</strong></em></sup></span>&nbsp;<span class=\"reference-text\">Milner 2009, p.&nbsp;245.</span></li>\n<li id=\"cite_note-19\"><span class=\"mw-cite-backlink\"><strong>^</strong></span>&nbsp;<span class=\"reference-text\"><cite id=\"CITEREFDevereux1986\" class=\"citation journal cs1\">Devereux, Brian (May 1986).&nbsp;\"Sound Designer 2000 Software\".&nbsp;<em>Electronic &amp; Music Maker</em>: 24 &ndash; via&nbsp;http://www.muzines.co.uk.</cite></span></li>\n<li id=\"cite_note-:7-20\"><span class=\"mw-cite-backlink\">^&nbsp;<span class=\"cite-accessibility-label\">Jump up to:</span><sup><em><strong>a</strong></em></sup>&nbsp;<sup><em><strong>b</strong></em></sup>&nbsp;<sup><em><strong>c</strong></em></sup>&nbsp;<sup><em><strong>d</strong></em></sup>&nbsp;<sup><em><strong>e</strong></em></sup>&nbsp;<sup><em><strong>f</strong></em></sup></span>&nbsp;<span class=\"reference-text\"><cite class=\"citation web cs1\">\"Sample Editors: Sound Designer\".&nbsp;<em>Emulator Archive</em>. February 25, 2009. Archived from&nbsp;the original&nbsp;on February 25, 2009<span class=\"reference-accessdate\">. Retrieved&nbsp;<span class=\"nowrap\">December 13,</span>&nbsp;2019</span>.</cite></span></li>\n<li id=\"cite_note-21\"><span class=\"mw-cite-backlink\"><strong>^</strong></span>&nbsp;<span class=\"reference-text\"><cite id=\"CITEREFMellor1988\" class=\"citation journal cs1\">Mellor, David (October 1988).&nbsp;\"Sound Designer Universal\".&nbsp;<em>Sound on Sound</em>.&nbsp;<strong>36</strong>: 24&ndash;26 &ndash; via&nbsp;http://www.muzines.co.uk/.</cite></span></li>\n<li id=\"cite_note-FOOTNOTEManning2013387-22\"><span class=\"mw-cite-backlink\"><strong>^</strong></span>&nbsp;<span class=\"reference-text\">Manning 2013, p.&nbsp;387.</span></li>\n<li id=\"cite_note-23\"><span class=\"mw-cite-backlink\"><strong>^</strong></span>&nbsp;<span class=\"reference-text\"><cite id=\"CITEREFLehrman1989\" class=\"citation journal cs1\">Lehrman, Paul D. (August 1989).&nbsp;\"Digidesign Sound Tools\".&nbsp;<em>Sound on Sound</em>.&nbsp;<strong>46</strong>: 60&ndash;63 &ndash; via&nbsp;http://www.muzines.co.uk/.</cite></span></li>\n<li id=\"cite_note-24\"><span class=\"mw-cite-backlink\"><strong>^</strong></span>&nbsp;<span class=\"reference-text\"><cite id=\"CITEREFMellor1991\" class=\"citation journal cs1\">Mellor, David (November 1991).&nbsp;\"Hands on: Sound Tools\".&nbsp;<em>Sound on Sound</em>.&nbsp;<strong>73</strong>: 70&ndash;74 &ndash; via&nbsp;http://www.muzines.co.uk/.</cite></span></li>\n<li id=\"cite_note-25\"><span class=\"mw-cite-backlink\"><strong>^</strong></span>&nbsp;<span class=\"reference-text\"><cite id=\"CITEREFBrooks2007\" class=\"citation web cs1\">Brooks, Evan (January 20, 2007).&nbsp;\"NAMM Library: Oral History\".&nbsp;<em>NAMM.org</em><span class=\"reference-accessdate\">. Retrieved&nbsp;<span class=\"nowrap\">June 20,</span>&nbsp;2015</span>.</cite></span></li>\n<li id=\"cite_note-wired212-26\"><span class=\"mw-cite-backlink\">^&nbsp;<span class=\"cite-accessibility-label\">Jump up to:</span><sup><em><strong>a</strong></em></sup>&nbsp;<sup><em><strong>b</strong></em></sup></span>&nbsp;<span class=\"reference-text\"><cite id=\"CITEREFGoldberg1994\" class=\"citation web cs1\">Goldberg, Michael (December 1994).&nbsp;\"Consume the Minimum, Produce the Maximum\".&nbsp;<em>Wired</em><span class=\"reference-accessdate\">. Retrieved&nbsp;<span class=\"nowrap\">January 7,</span>&nbsp;2020</span>.</cite></span></li>\n<li id=\"cite_note-27\"><span class=\"mw-cite-backlink\"><strong>^</strong></span>&nbsp;<span class=\"reference-text\"><cite id=\"CITEREFLehrman1990\" class=\"citation journal cs1\">Lehrman, Paul D. (November 1990).&nbsp;\"Digidesign Deck\".&nbsp;<em>Sound on Sound</em>.&nbsp;<strong>61</strong>: 60&ndash;64 &ndash; via&nbsp;http://www.muzines.co.uk.</cite></span></li>\n<li id=\"cite_note-FOOTNOTECollins200210-28\"><span class=\"mw-cite-backlink\">^&nbsp;<span class=\"cite-accessibility-label\">Jump up to:</span><sup><em><strong>a</strong></em></sup>&nbsp;<sup><em><strong>b</strong></em></sup>&nbsp;<sup><em><strong>c</strong></em></sup>&nbsp;<sup><em><strong>d</strong></em></sup>&nbsp;<sup><em><strong>e</strong></em></sup>&nbsp;<sup><em><strong>f</strong></em></sup>&nbsp;<sup><em><strong>g</strong></em></sup>&nbsp;<sup><em><strong>h</strong></em></sup></span>&nbsp;<span class=\"reference-text\">Collins 2002, p.&nbsp;10.</span></li>\n<li id=\"cite_note-FOOTNOTEManning2013389-29\"><span class=\"mw-cite-backlink\">^&nbsp;<span class=\"cite-accessibility-label\">Jump up to:</span><sup><em><strong>a</strong></em></sup>&nbsp;<sup><em><strong>b</strong></em></sup>&nbsp;<sup><em><strong>c</strong></em></sup>&nbsp;<sup><em><strong>d</strong></em></sup></span>&nbsp;<span class=\"reference-text\">Manning 2013, p.&nbsp;389.</span></li>\n<li id=\"cite_note-30\"><span class=\"mw-cite-backlink\"><strong>^</strong></span>&nbsp;<span class=\"reference-text\"><cite class=\"citation web cs1\">\"Audiomedia I in/out specification - Avid Pro Audio Community\".&nbsp;<em>duc.avid.com</em><span class=\"reference-accessdate\">. Retrieved&nbsp;<span class=\"nowrap\">January 12,</span>&nbsp;2020</span>.</cite></span></li>\n<li id=\"cite_note-FOOTNOTEMillner2009216-31\"><span class=\"mw-cite-backlink\"><strong>^</strong></span>&nbsp;<span class=\"reference-text\">Millner 2009, p.&nbsp;216.</span></li>\n<li id=\"cite_note-32\"><span class=\"mw-cite-backlink\"><strong>^</strong></span>&nbsp;<span class=\"reference-text\"><cite class=\"citation web cs1\">\"Audiomedia II\".&nbsp;<em>archive.digidesign.com</em><span class=\"reference-accessdate\">. Retrieved&nbsp;<span class=\"nowrap\">December 13,</span>&nbsp;2019</span>.</cite></span></li>\n<li id=\"cite_note-33\"><span class=\"mw-cite-backlink\"><strong>^</strong></span>&nbsp;<span class=\"reference-text\"><cite id=\"CITEREFWaugh1993\" class=\"citation journal cs1\">Waugh, Ian (November 1993).&nbsp;\"Digidesign Session 8\".&nbsp;<em>Music Technology</em>.&nbsp;<strong>85</strong>: 56&ndash;58 &ndash; via www.muzines.co.uk.</cite></span></li>\n<li id=\"cite_note-:25-34\"><span class=\"mw-cite-backlink\">^&nbsp;<span class=\"cite-accessibility-label\">Jump up to:</span><sup><em><strong>a</strong></em></sup>&nbsp;<sup><em><strong>b</strong></em></sup>&nbsp;<sup><em><strong>c</strong></em></sup>&nbsp;<sup><em><strong>d</strong></em></sup>&nbsp;<sup><em><strong>e</strong></em></sup>&nbsp;<sup><em><strong>f</strong></em></sup>&nbsp;<sup><em><strong>g</strong></em></sup>&nbsp;<sup><em><strong>h</strong></em></sup></span>&nbsp;<span class=\"reference-text\"><cite id=\"CITEREFThornton2018\" class=\"citation web cs1\">Thornton, Mike (November 3, 2018).&nbsp;\"The History of Pro Tools - 1994 to 2000\".&nbsp;<em>Production Expert</em><span class=\"reference-accessdate\">. Retrieved&nbsp;<span class=\"nowrap\">December 18,</span>&nbsp;2019</span>.</cite></span></li>\n<li id=\"cite_note-35\"><span class=\"mw-cite-backlink\"><strong>^</strong></span>&nbsp;<span class=\"reference-text\"><cite id=\"CITEREFThe_Associated_Press1994\" class=\"citation news cs1\">The Associated Press (October 26, 1994).&nbsp;\"Company News; Avid Technology Plans to Acquire Digidesign\".&nbsp;<em>The New York Times</em>.&nbsp;ISSN&nbsp;0362-4331<span class=\"reference-accessdate\">. Retrieved&nbsp;<span class=\"nowrap\">December 18,</span>&nbsp;2019</span>.</cite></span></li>\n<li id=\"cite_note-FOOTNOTECollins200211-36\"><span class=\"mw-cite-backlink\">^&nbsp;<span class=\"cite-accessibility-label\">Jump up to:</span><sup><em><strong>a</strong></em></sup>&nbsp;<sup><em><strong>b</strong></em></sup>&nbsp;<sup><em><strong>c</strong></em></sup>&nbsp;<sup><em><strong>d</strong></em></sup>&nbsp;<sup><em><strong>e</strong></em></sup>&nbsp;<sup><em><strong>f</strong></em></sup></span>&nbsp;<span class=\"reference-text\">Collins 2002, p.&nbsp;11.</span></li>\n<li id=\"cite_note-dspfarmnubus-37\"><span class=\"mw-cite-backlink\">^&nbsp;<span class=\"cite-accessibility-label\">Jump up to:</span><sup><em><strong>a</strong></em></sup>&nbsp;<sup><em><strong>b</strong></em></sup></span>&nbsp;<span class=\"reference-text\"><cite class=\"citation web cs1\">\"DSP Farm - NuBus\".&nbsp;<em>archive.digidesign.com</em><span class=\"reference-accessdate\">. Retrieved&nbsp;<span class=\"nowrap\">February 7,</span>&nbsp;2018</span>.</cite></span></li>\n<li id=\"cite_note-38\"><span class=\"mw-cite-backlink\"><strong>^</strong></span>&nbsp;<span class=\"reference-text\"><cite id=\"CITEREFBoss1994\" class=\"citation web cs1\">Boss, Todd D. (March 1994).&nbsp;\"Test Drive: The Digidesign Session 8 &ndash; Radio and Production\".&nbsp;<em>rapmag.com</em><span class=\"reference-accessdate\">. Retrieved&nbsp;<span class=\"nowrap\">December 13,</span>&nbsp;2019</span>.</cite></span></li>\n<li id=\"cite_note-:26-39\"><span class=\"mw-cite-backlink\">^&nbsp;<span class=\"cite-accessibility-label\">Jump up to:</span><sup><em><strong>a</strong></em></sup>&nbsp;<sup><em><strong>b</strong></em></sup></span>&nbsp;<span class=\"reference-text\"><cite class=\"citation web cs1\">\"DSP Farm, PCI\".&nbsp;<em>archive.digidesign.com</em><span class=\"reference-accessdate\">. Retrieved&nbsp;<span class=\"nowrap\">December 18,</span>&nbsp;2019</span>.</cite></span></li>\n<li id=\"cite_note-40\"><span class=\"mw-cite-backlink\"><strong>^</strong></span>&nbsp;<span class=\"reference-text\"><cite class=\"citation web cs1\">\"Audiomedia III\".&nbsp;<em>archive.digidesign.com</em><span class=\"reference-accessdate\">. Retrieved&nbsp;<span class=\"nowrap\">December 13,</span>&nbsp;2019</span>.</cite></span></li>\n<li id=\"cite_note-:21-41\"><span class=\"mw-cite-backlink\">^&nbsp;<span class=\"cite-accessibility-label\">Jump up to:</span><sup><em><strong>a</strong></em></sup>&nbsp;<sup><em><strong>b</strong></em></sup></span>&nbsp;<span class=\"reference-text\"><cite id=\"CITEREFCollins1998\" class=\"citation web cs1\">Collins, Mike (1998).&nbsp;\"Digidesign Pro Tools\".&nbsp;<em>Sound on Sound</em>. Archived from&nbsp;the original&nbsp;on June 7, 2015<span class=\"reference-accessdate\">. Retrieved&nbsp;<span class=\"nowrap\">February 6,</span>&nbsp;2018</span>.</cite></span></li>\n<li id=\"cite_note-:2-42\"><span class=\"mw-cite-backlink\">^&nbsp;<span class=\"cite-accessibility-label\">Jump up to:</span><sup><em><strong>a</strong></em></sup>&nbsp;<sup><em><strong>b</strong></em></sup>&nbsp;<sup><em><strong>c</strong></em></sup>&nbsp;<sup><em><strong>d</strong></em></sup>&nbsp;<sup><em><strong>e</strong></em></sup>&nbsp;<sup><em><strong>f</strong></em></sup>&nbsp;<sup><em><strong>g</strong></em></sup>&nbsp;<sup><em><strong>h</strong></em></sup>&nbsp;<sup><em><strong>i</strong></em></sup></span>&nbsp;<span class=\"reference-text\"><cite class=\"citation web cs1\">\"Release dates and versions for Pro Tools HD/TDM (prior to v9)\".&nbsp;<em>avid.force.com</em><span class=\"reference-accessdate\">. Retrieved&nbsp;<span class=\"nowrap\">February 3,</span>&nbsp;2018</span>.</cite></span></li>\n<li id=\"cite_note-:29-43\"><span class=\"mw-cite-backlink\">^&nbsp;<span class=\"cite-accessibility-label\">Jump up to:</span><sup><em><strong>a</strong></em></sup>&nbsp;<sup><em><strong>b</strong></em></sup>&nbsp;<sup><em><strong>c</strong></em></sup>&nbsp;<sup><em><strong>d</strong></em></sup>&nbsp;<sup><em><strong>e</strong></em></sup></span>&nbsp;<span class=\"reference-text\"><cite id=\"CITEREFThornton2018\" class=\"citation web cs1\">Thornton, Mike (November 3, 2018).&nbsp;\"The History of Pro Tools - 2000 to 2007 | Pro Tools\".&nbsp;<em>Production Expert</em><span class=\"reference-accessdate\">. Retrieved&nbsp;<span class=\"nowrap\">December 18,</span>&nbsp;2019</span>.</cite></span></li>\n<li id=\"cite_note-44\"><span class=\"mw-cite-backlink\"><strong>^</strong></span>&nbsp;<span class=\"reference-text\"><cite id=\"CITEREFDaley1999\" class=\"citation web cs1\">Daley, Dan (November 1999).&nbsp;\"Recordin' \"La Vida Loca\": the making of a hard disk hit\".&nbsp;<em>Mix Magazine</em>. Archived from&nbsp;the original&nbsp;on June 4, 2011.</cite></span></li>\n<li id=\"cite_note-FOOTNOTEMilner2009216-45\"><span class=\"mw-cite-backlink\"><strong>^</strong></span>&nbsp;<span class=\"reference-text\">Milner 2009, p.&nbsp;216.</span></li>\n<li id=\"cite_note-:10-46\"><span class=\"mw-cite-backlink\">^&nbsp;<span class=\"cite-accessibility-label\">Jump up to:</span><sup><em><strong>a</strong></em></sup>&nbsp;<sup><em><strong>b</strong></em></sup>&nbsp;<sup><em><strong>c</strong></em></sup>&nbsp;<sup><em><strong>d</strong></em></sup></span>&nbsp;<span class=\"reference-text\"><cite id=\"CITEREFPrice2003\" class=\"citation web cs1\">Price, Simon (May 2003).&nbsp;\"Digidesign Pro Tools 6\".&nbsp;<em>Sound on Sound</em><span class=\"reference-accessdate\">. Retrieved&nbsp;<span class=\"nowrap\">February 4,</span>&nbsp;2018</span>.</cite></span></li>\n<li id=\"cite_note-:1-47\"><span class=\"mw-cite-backlink\">^&nbsp;<span class=\"cite-accessibility-label\">Jump up to:</span><sup><em><strong>a</strong></em></sup>&nbsp;<sup><em><strong>b</strong></em></sup></span>&nbsp;<span class=\"reference-text\"><cite id=\"CITEREFDentenHawkins2002\" class=\"citation news cs1\">Denten, Michael; Hawkins, Erik (September 2002).&nbsp;\"Digidesign Pro Tools|HD\".&nbsp;<em>Mix Magazine</em><span class=\"reference-accessdate\">. Retrieved&nbsp;<span class=\"nowrap\">February 4,</span>&nbsp;2018</span>.</cite></span></li>\n<li id=\"cite_note-:27-48\"><span class=\"mw-cite-backlink\">^&nbsp;<span class=\"cite-accessibility-label\">Jump up to:</span><sup><em><strong>a</strong></em></sup>&nbsp;<sup><em><strong>b</strong></em></sup></span>&nbsp;<span class=\"reference-text\"><cite class=\"citation web cs1\">\"Digidesign HD Accel PCI Card\".&nbsp;<em>Mix Magazine</em>. September 15, 2003<span class=\"reference-accessdate\">. Retrieved&nbsp;<span class=\"nowrap\">January 7,</span>&nbsp;2020</span>.</cite></span></li>\n<li id=\"cite_note-:30-49\"><span class=\"mw-cite-backlink\">^&nbsp;<span class=\"cite-accessibility-label\">Jump up to:</span><sup><em><strong>a</strong></em></sup>&nbsp;<sup><em><strong>b</strong></em></sup></span>&nbsp;<span class=\"reference-text\"><cite id=\"CITEREFThornton2008\" class=\"citation web cs1\">Thornton, Mike (January 2008).&nbsp;\"Digidesign Pro Tools 7.4\".&nbsp;<em>Sound on Sound</em><span class=\"reference-accessdate\">. Retrieved&nbsp;<span class=\"nowrap\">February 4,</span>&nbsp;2018</span>.</cite></span></li>\n<li id=\"cite_note-:11-50\"><span class=\"mw-cite-backlink\">^&nbsp;<span class=\"cite-accessibility-label\">Jump up to:</span><sup><em><strong>a</strong></em></sup>&nbsp;<sup><em><strong>b</strong></em></sup></span>&nbsp;<span class=\"reference-text\"><cite id=\"CITEREFPrice2004\" class=\"citation web cs1\">Price, Simon (July 2004).&nbsp;\"Pro Tools 6.4 Update\".&nbsp;<em>Sound on Sound</em><span class=\"reference-accessdate\">. Retrieved&nbsp;<span class=\"nowrap\">February 4,</span>2018</span>.</cite></span></li>\n<li id=\"cite_note-:12-51\"><span class=\"mw-cite-backlink\">^&nbsp;<span class=\"cite-accessibility-label\">Jump up to:</span><sup><em><strong>a</strong></em></sup>&nbsp;<sup><em><strong>b</strong></em></sup></span>&nbsp;<span class=\"reference-text\"><cite id=\"CITEREFWherry2006\" class=\"citation web cs1\">Wherry, Mark (January 2006).&nbsp;\"Digidesign Pro Tools 7\".&nbsp;<em>Sound on Sound</em><span class=\"reference-accessdate\">. Retrieved&nbsp;<span class=\"nowrap\">February 4,</span>&nbsp;2018</span>.</cite></span></li>\n<li id=\"cite_note-:13-52\"><span class=\"mw-cite-backlink\">^&nbsp;<span class=\"cite-accessibility-label\">Jump up to:</span><sup><em><strong>a</strong></em></sup>&nbsp;<sup><em><strong>b</strong></em></sup></span>&nbsp;<span class=\"reference-text\"><cite id=\"CITEREFPrice2006\" class=\"citation web cs1\">Price, Simon (September 2006).&nbsp;\"Digidesign Pro Tools 7.2\".&nbsp;<em>Sound on Sound</em><span class=\"reference-accessdate\">. Retrieved&nbsp;<span class=\"nowrap\">February 4,</span>&nbsp;2018</span>.</cite></span></li>\n<li id=\"cite_note-:14-53\"><span class=\"mw-cite-backlink\">^&nbsp;<span class=\"cite-accessibility-label\">Jump up to:</span><sup><em><strong>a</strong></em></sup>&nbsp;<sup><em><strong>b</strong></em></sup></span>&nbsp;<span class=\"reference-text\"><cite id=\"CITEREFWherry2009\" class=\"citation web cs1\">Wherry, Mark (January 2009).&nbsp;\"Digidesign Pro Tools 8\".&nbsp;<em>Sound on Sound</em><span class=\"reference-accessdate\">. Retrieved&nbsp;<span class=\"nowrap\">February 4,</span>&nbsp;2018</span>.</cite></span></li>\n<li id=\"cite_note-:4-54\"><span class=\"mw-cite-backlink\">^&nbsp;<span class=\"cite-accessibility-label\">Jump up to:</span><sup><em><strong>a</strong></em></sup>&nbsp;<sup><em><strong>b</strong></em></sup>&nbsp;<sup><em><strong>c</strong></em></sup></span>&nbsp;<span class=\"reference-text\"><cite class=\"citation web cs1\">\"Digidesign Digi 001\".&nbsp;<em>Sound on Sound</em>. December 1999. Archived from&nbsp;the originalon June 9, 2015<span class=\"reference-accessdate\">. Retrieved&nbsp;<span class=\"nowrap\">February 6,</span>&nbsp;2018</span>.</cite></span></li>\n<li id=\"cite_note-:17-55\"><span class=\"mw-cite-backlink\">^&nbsp;<span class=\"cite-accessibility-label\">Jump up to:</span><sup><em><strong>a</strong></em></sup>&nbsp;<sup><em><strong>b</strong></em></sup>&nbsp;<sup><em><strong>c</strong></em></sup></span>&nbsp;<span class=\"reference-text\"><cite id=\"CITEREFMark2009\" class=\"citation web cs1\">Mark, Wherry (February 2009).&nbsp;\"Digidesign Pro Tools 8: Part 2\".&nbsp;<em>Sound on Sound</em><span class=\"reference-accessdate\">. Retrieved&nbsp;<span class=\"nowrap\">December 18,</span>&nbsp;2019</span>.</cite></span></li>\n<li id=\"cite_note-:22-56\"><span class=\"mw-cite-backlink\">^&nbsp;<span class=\"cite-accessibility-label\">Jump up to:</span><sup><em><strong>a</strong></em></sup>&nbsp;<sup><em><strong>b</strong></em></sup></span>&nbsp;<span class=\"reference-text\"><cite id=\"CITEREFPoyserJohnson2002\" class=\"citation web cs1\">Poyser, Debbie; Johnson, Derek (December 2002).&nbsp;\"Digidesign Digi 002\".&nbsp;<em>Sound on Sound</em><span class=\"reference-accessdate\">. Retrieved&nbsp;<span class=\"nowrap\">February 5,</span>&nbsp;2018</span>.</cite></span></li>\n<li id=\"cite_note-57\"><span class=\"mw-cite-backlink\"><strong>^</strong></span>&nbsp;<span class=\"reference-text\"><cite id=\"CITEREFInglis2006\" class=\"citation web cs1\">Inglis, Sam (June 2006).&nbsp;\"Digidesign Hybrid &amp; Music Production Toolkit\".&nbsp;<em>Sound on Sound</em><span class=\"reference-accessdate\">. Retrieved&nbsp;<span class=\"nowrap\">December 18,</span>&nbsp;2019</span>.</cite></span></li>\n<li id=\"cite_note-:18-58\"><span class=\"mw-cite-backlink\">^&nbsp;<span class=\"cite-accessibility-label\">Jump up to:</span><sup><em><strong>a</strong></em></sup>&nbsp;<sup><em><strong>b</strong></em></sup></span>&nbsp;<span class=\"reference-text\"><cite id=\"CITEREFInglis2005\" class=\"citation web cs1\">Inglis, Sam (June 2005).&nbsp;\"Pro Tools M-Powered\".&nbsp;<em>Sound on Sound</em><span class=\"reference-accessdate\">. Retrieved&nbsp;<span class=\"nowrap\">February 5,</span>2018</span>.</cite></span></li>\n<li id=\"cite_note-:23-59\"><span class=\"mw-cite-backlink\">^&nbsp;<span class=\"cite-accessibility-label\">Jump up to:</span><sup><em><strong>a</strong></em></sup>&nbsp;<sup><em><strong>b</strong></em></sup></span>&nbsp;<span class=\"reference-text\"><cite id=\"CITEREFInglis2011\" class=\"citation web cs1\">Inglis, Sam (January 2011).&nbsp;\"Avid Pro Tools 9\".&nbsp;<em>Sound on Sound</em><span class=\"reference-accessdate\">. Retrieved&nbsp;<span class=\"nowrap\">February 4,</span>2018</span>.</cite></span></li>\n<li id=\"cite_note-:0-60\"><span class=\"mw-cite-backlink\">^&nbsp;<span class=\"cite-accessibility-label\">Jump up to:</span><sup><em><strong>a</strong></em></sup>&nbsp;<sup><em><strong>b</strong></em></sup></span>&nbsp;<span class=\"reference-text\"><cite id=\"CITEREFThornton2011\" class=\"citation web cs1\">Thornton, Mike (May 2011).&nbsp;\"Avid Pro Tools HD Native\".&nbsp;<em>Sound on Sound</em><span class=\"reference-accessdate\">. Retrieved&nbsp;<span class=\"nowrap\">February 5,</span>&nbsp;2018</span>.</cite></span></li>\n<li id=\"cite_note-61\"><span class=\"mw-cite-backlink\"><strong>^</strong></span>&nbsp;<span class=\"reference-text\"><cite class=\"citation web cs1\">\"Compare Pro Tools HDX vs Pro Tools HD Native\".&nbsp;<em>www.avid.com</em><span class=\"reference-accessdate\">. Retrieved&nbsp;<span class=\"nowrap\">January 31,</span>2021</span>.</cite></span></li>\n<li id=\"cite_note-62\"><span class=\"mw-cite-backlink\"><strong>^</strong></span>&nbsp;<span class=\"reference-text\"><cite id=\"CITEREFHughes2014\" class=\"citation web cs1\">Hughes, Russ (September 22, 2014).&nbsp;\"A-Z of Pro Tools - A is for AAX\".&nbsp;<em>Production Expert</em><span class=\"reference-accessdate\">. Retrieved&nbsp;<span class=\"nowrap\">December 17,</span>&nbsp;2019</span>.</cite></span></li>\n<li id=\"cite_note-63\"><span class=\"mw-cite-backlink\"><strong>^</strong></span>&nbsp;<span class=\"reference-text\"><cite class=\"citation web cs1\">\"Pro Tools DigiRack Plug-Ins Guide: Version 5.0.1 for Macintosh and Windows\"&nbsp;<span class=\"cs1-format\">(PDF)</span>. Digidesign, Inc. 2000. p.&nbsp;18<span class=\"reference-accessdate\">. Retrieved&nbsp;<span class=\"nowrap\">October 23,</span>&nbsp;2013</span>.</cite></span></li>\n<li id=\"cite_note-64\"><span class=\"mw-cite-backlink\"><strong>^</strong></span>&nbsp;<span class=\"reference-text\"><cite id=\"CITEREFWherry2012\" class=\"citation web cs1\">Wherry, Mark (March 2012).&nbsp;\"Avid Pro Tools 10\".&nbsp;<em>Sound on Sound</em><span class=\"reference-accessdate\">. Retrieved&nbsp;<span class=\"nowrap\">December 18,</span>2019</span>.</cite></span></li>\n<li id=\"cite_note-FOOTNOTEAvid2019187&ndash;19012._Pro_Tools_Main_Windows-65\"><span class=\"mw-cite-backlink\"><strong>^</strong></span>&nbsp;<span class=\"reference-text\">Avid 2019, p.&nbsp;187&ndash;190, 12. Pro Tools Main Windows.</span></li>\n<li id=\"cite_note-FOOTNOTEAvid2019205&ndash;21312._Pro_Tools_Main_Windows-66\"><span class=\"mw-cite-backlink\"><strong>^</strong></span>&nbsp;<span class=\"reference-text\">Avid 2019, p.&nbsp;205&ndash;213, 12. Pro Tools Main Windows.</span></li>\n<li id=\"cite_note-FOOTNOTEAvid201919012._Pro_Tools_Main_Windows-67\"><span class=\"mw-cite-backlink\"><strong>^</strong></span>&nbsp;<span class=\"reference-text\">Avid 2019, p.&nbsp;190, 12. Pro Tools Main Windows.</span></li>\n<li id=\"cite_note-FOOTNOTEAvid201969132._Playlists-68\"><span class=\"mw-cite-backlink\"><strong>^</strong></span>&nbsp;<span class=\"reference-text\">Avid 2019, p.&nbsp;691, 32. Playlists.</span></li>\n<li id=\"cite_note-FOOTNOTEAvid20191125&ndash;112650._Automation-69\"><span class=\"mw-cite-backlink\"><strong>^</strong></span>&nbsp;<span class=\"reference-text\">Avid 2019, p.&nbsp;1125&ndash;1126, 50. Automation.</span></li>\n<li id=\"cite_note-FOOTNOTEAvid20191135&ndash;113850._Automation-70\"><span class=\"mw-cite-backlink\"><strong>^</strong></span>&nbsp;<span class=\"reference-text\">Avid 2019, p.&nbsp;1135&ndash;1138, 50. Automation.</span></li>\n<li id=\"cite_note-FOOTNOTEAvid201994743._Clip_Gain_and_Clip_Effects-71\"><span class=\"mw-cite-backlink\"><strong>^</strong></span>&nbsp;<span class=\"reference-text\">Avid 2019, p.&nbsp;947, 43. Clip Gain and Clip Effects.</span></li>\n<li id=\"cite_note-FOOTNOTEAvid2019116050._Automation-72\"><span class=\"mw-cite-backlink\"><strong>^</strong></span>&nbsp;<span class=\"reference-text\">Avid 2019, p.&nbsp;1160, 50. Automation.</span></li>\n<li id=\"cite_note-FOOTNOTEAvid2019837&ndash;84038._Time,_Tempo,_Meter,_Key,_and_Chords-73\"><span class=\"mw-cite-backlink\"><strong>^</strong></span>&nbsp;<span class=\"reference-text\">Avid 2019, p.&nbsp;837&ndash;840, 38. Time, Tempo, Meter, Key, and Chords.</span></li>\n<li id=\"cite_note-FOOTNOTEAvid2019162._Pro_Tools_Concepts-74\"><span class=\"mw-cite-backlink\"><strong>^</strong></span>&nbsp;<span class=\"reference-text\">Avid 2019, p.&nbsp;16, 2. Pro Tools Concepts.</span></li>\n<li id=\"cite_note-FOOTNOTEAvid2019653&ndash;66430._Editing_Clips_and_Selections-75\"><span class=\"mw-cite-backlink\"><strong>^</strong></span>&nbsp;<span class=\"reference-text\">Avid 2019, p.&nbsp;653&ndash;664, 30. Editing Clips and Selections.</span></li>\n<li id=\"cite_note-FOOTNOTEAvid201969544._Elastic_Audio-76\"><span class=\"mw-cite-backlink\"><strong>^</strong></span>&nbsp;<span class=\"reference-text\">Avid 2019, p.&nbsp;695, 44. Elastic Audio.</span></li>\n<li id=\"cite_note-FOOTNOTEAvid2019949&ndash;95043._Clip_Gain_and_Clip_Effects-77\"><span class=\"mw-cite-backlink\"><strong>^</strong></span>&nbsp;<span class=\"reference-text\">Avid 2019, p.&nbsp;949&ndash;950, 43. Clip Gain and Clip Effects.</span></li>\n<li id=\"cite_note-FOOTNOTEAvid201994143._Clip_Gain_and_Clip_Effects-78\"><span class=\"mw-cite-backlink\"><strong>^</strong></span>&nbsp;<span class=\"reference-text\">Avid 2019, p.&nbsp;941, 43. Clip Gain and Clip Effects.</span></li>\n<li id=\"cite_note-FOOTNOTEAvid201992942._AudioSuite_Processing-79\"><span class=\"mw-cite-backlink\"><strong>^</strong></span>&nbsp;<span class=\"reference-text\">Avid 2019, p.&nbsp;929, 42. AudioSuite Processing.</span></li>\n<li id=\"cite_note-FOOTNOTEAvid20201011&ndash;101346._Extract_MIDI_from_Audio-80\"><span class=\"mw-cite-backlink\"><strong>^</strong></span>&nbsp;<span class=\"reference-text\">Avid 2020, p.&nbsp;1011&ndash;1013, 46. Extract MIDI from Audio.</span></li>\n<li id=\"cite_note-FOOTNOTEAvid201978735._MIDI_Editors-81\"><span class=\"mw-cite-backlink\"><strong>^</strong></span>&nbsp;<span class=\"reference-text\">Avid 2019, p.&nbsp;787, 35. MIDI Editors.</span></li>\n<li id=\"cite_note-FOOTNOTEAvid201980536._Score_Editor-82\"><span class=\"mw-cite-backlink\"><strong>^</strong></span>&nbsp;<span class=\"reference-text\">Avid 2019, p.&nbsp;805, 36. Score Editor.</span></li>\n<li id=\"cite_note-FOOTNOTEAvid201978034._MIDI_Editing-83\"><span class=\"mw-cite-backlink\"><strong>^</strong></span>&nbsp;<span class=\"reference-text\">Avid 2019, p.&nbsp;780, 34. MIDI Editing.</span></li>\n<li id=\"cite_note-FOOTNOTEAvid20191355&ndash;135760._Working_with_Video_in_Pro_Tools-84\"><span class=\"mw-cite-backlink\"><strong>^</strong></span>&nbsp;<span class=\"reference-text\">Avid 2019, p.&nbsp;1355&ndash;1357, 60. Working with Video in Pro Tools.</span></li>\n<li id=\"cite_note-FOOTNOTEAvid201918812._Pro_Tools_Main_Windows-85\"><span class=\"mw-cite-backlink\"><strong>^</strong></span>&nbsp;<span class=\"reference-text\">Avid 2019, p.&nbsp;188, 12. Pro Tools Main Windows.</span></li>\n<li id=\"cite_note-FOOTNOTEAvid20191201&ndash;120352._Pro_Tools_Setup_for_Surround-86\"><span class=\"mw-cite-backlink\"><strong>^</strong></span>&nbsp;<span class=\"reference-text\">Avid 2019, p.&nbsp;1201&ndash;1203, 52. Pro Tools Setup for Surround.</span></li>\n<li id=\"cite_note-FOOTNOTEAvid2019105748._Basic_Mixing-87\"><span class=\"mw-cite-backlink\"><strong>^</strong></span>&nbsp;<span class=\"reference-text\">Avid 2019, p.&nbsp;1057, 48. Basic Mixing.</span></li>\n<li id=\"cite_note-FOOTNOTEAvid2019104648._Basic_Mixing-88\"><span class=\"mw-cite-backlink\"><strong>^</strong></span>&nbsp;<span class=\"reference-text\">Avid 2019, p.&nbsp;1046, 48. Basic Mixing.</span></li>\n<li id=\"cite_note-FOOTNOTEAvid2019105848._Basic_Mixing-89\"><span class=\"mw-cite-backlink\"><strong>^</strong></span>&nbsp;<span class=\"reference-text\">Avid 2019, p.&nbsp;1058, 48. Basic Mixing.</span></li>\n<li id=\"cite_note-FOOTNOTEAvid2019995&ndash;99945._Committing,_Freezing,_and_Bouncing_Tracks-90\"><span class=\"mw-cite-backlink\"><strong>^</strong></span>&nbsp;<span class=\"reference-text\">Avid 2019, p.&nbsp;995&ndash;999, 45. Committing, Freezing, and Bouncing Tracks.</span></li>\n<li id=\"cite_note-FOOTNOTEAvid20191000&ndash;100245._Committing,_Freezing,_and_Bouncing_Tracks-91\"><span class=\"mw-cite-backlink\"><strong>^</strong></span>&nbsp;<span class=\"reference-text\">Avid 2019, p.&nbsp;1000&ndash;1002, 45. Committing, Freezing, and Bouncing Tracks.</span></li>\n<li id=\"cite_note-FOOTNOTEAvid20191188&ndash;119051._Mixdown-92\"><span class=\"mw-cite-backlink\"><strong>^</strong></span>&nbsp;<span class=\"reference-text\">Avid 2019, p.&nbsp;1188&ndash;1190, 51. Mixdown.</span></li>\n<li id=\"cite_note-FOOTNOTEAvid2020140862._Working_with_Video_in_Pro_Tools-93\"><span class=\"mw-cite-backlink\"><strong>^</strong></span>&nbsp;<span class=\"reference-text\">Avid 2020, p.&nbsp;1408, 62. Working with Video in Pro Tools.</span></li>\n<li id=\"cite_note-FOOTNOTEAvid201919&ndash;232._Pro_Tools_Concepts-94\"><span class=\"mw-cite-backlink\"><strong>^</strong></span>&nbsp;<span class=\"reference-text\">Avid 2019, p.&nbsp;19&ndash;23, 2. Pro Tools Concepts.</span></li>\n<li id=\"cite_note-FOOTNOTEAvid2019420&ndash;42120._Importing_and_Exporting_Session_Data-95\"><span class=\"mw-cite-backlink\"><strong>^</strong></span>&nbsp;<span class=\"reference-text\">Avid 2019, p.&nbsp;420&ndash;421, 20. Importing and Exporting Session Data.</span></li>\n<li id=\"cite_note-FOOTNOTEAvid2019267&ndash;27014._Track_Presets-96\"><span class=\"mw-cite-backlink\"><strong>^</strong></span>&nbsp;<span class=\"reference-text\">Avid 2019, p.&nbsp;267&ndash;270, 14. Track Presets.</span></li>\n<li id=\"cite_note-FOOTNOTEAvid201938119._Track_Collaboration-97\"><span class=\"mw-cite-backlink\"><strong>^</strong></span>&nbsp;<span class=\"reference-text\">Avid 2019, p.&nbsp;381, 19. Track Collaboration.</span></li>\n<li id=\"cite_note-FOOTNOTEAvid20191333&ndash;133659._Working_with_Field_Recorders_in_Pro_Tools-98\"><span class=\"mw-cite-backlink\"><strong>^</strong></span>&nbsp;<span class=\"reference-text\">Avid 2019, p.&nbsp;1333&ndash;1336, 59. Working with Field Recorders in Pro Tools.</span></li>\n<li id=\"cite_note-FOOTNOTEAvid20191341&ndash;134659._Working_with_Field_Recorders_in_Pro_Tools-99\"><span class=\"mw-cite-backlink\"><strong>^</strong></span>&nbsp;<span class=\"reference-text\">Avid 2019, p.&nbsp;1341&ndash;1346, 59. Working with Field Recorders in Pro Tools.</span></li>\n<li id=\"cite_note-FOOTNOTEAvid2019138761._Satellite_Link-100\"><span class=\"mw-cite-backlink\"><strong>^</strong></span>&nbsp;<span class=\"reference-text\">Avid 2019, p.&nbsp;1387, 61. Satellite Link.</span></li>\n<li id=\"cite_note-FOOTNOTEAvid2019139762._Pro_Tools_Video_Satellite-101\"><span class=\"mw-cite-backlink\"><strong>^</strong></span>&nbsp;<span class=\"reference-text\">Avid 2019, p.&nbsp;1397, 62. Pro Tools Video Satellite.</span></li>\n<li id=\"cite_note-FOOTNOTEAvid2019126757._Working_with_Synchronization-102\"><span class=\"mw-cite-backlink\"><strong>^</strong></span>&nbsp;<span class=\"reference-text\">Avid 2019, p.&nbsp;1267, 57. Working with Synchronization.</span></li>\n<li id=\"cite_note-103\"><span class=\"mw-cite-backlink\"><strong>^</strong></span>&nbsp;<span class=\"reference-text\"><cite id=\"CITEREFThornton2018\" class=\"citation web cs1\">Thornton, Mike (July 4, 2018).&nbsp;\"Pro Tools HD ends - Avid announce Pro Tools 2018.4 and rebrand Pro Tools HD as Pro Tools Ultimate\".&nbsp;<em>Production Expert</em><span class=\"reference-accessdate\">. Retrieved&nbsp;<span class=\"nowrap\">December 12,</span>2019</span>.</cite></span></li>\n<li id=\"cite_note-104\"><span class=\"mw-cite-backlink\"><strong>^</strong></span>&nbsp;<span class=\"reference-text\"><cite class=\"citation web cs1\">\"Pro Tools - Music Editing Software - Comparison\".&nbsp;<em>Avid</em><span class=\"reference-accessdate\">. Retrieved&nbsp;<span class=\"nowrap\">December 12,</span>&nbsp;2019</span>.</cite></span></li>\n<li id=\"cite_note-105\"><span class=\"mw-cite-backlink\"><strong>^</strong></span>&nbsp;<span class=\"reference-text\"><cite id=\"CITEREFThornton2018\" class=\"citation web cs1\">Thornton, Mike (August 9, 2018).&nbsp;\"Pro Tools HD Native and HDX Hardware - Do we still need them?\".&nbsp;<em>Production Expert</em><span class=\"reference-accessdate\">. Retrieved&nbsp;<span class=\"nowrap\">December 12,</span>&nbsp;2019</span>.</cite></span></li>\n<li id=\"cite_note-FOOTNOTEAvid201937&ndash;405._Pro_Tools_Systems-106\"><span class=\"mw-cite-backlink\"><strong>^</strong></span>&nbsp;<span class=\"reference-text\">Avid 2019, p.&nbsp;37&ndash;40, 5. Pro Tools Systems.</span></li>\n<li id=\"cite_note-107\"><span class=\"mw-cite-backlink\"><strong>^</strong></span>&nbsp;<span class=\"reference-text\"><cite class=\"citation web cs1\">\"Avid Are Changing Pro Tools Pricing On July 1st 2019 - Is This Good Or Bad News For You? | Pro Tools\".&nbsp;<em>Production Expert</em><span class=\"reference-accessdate\">. Retrieved&nbsp;<span class=\"nowrap\">December 17,</span>&nbsp;2019</span>.</cite></span></li>\n<li id=\"cite_note-108\"><span class=\"mw-cite-backlink\"><strong>^</strong></span>&nbsp;<span class=\"reference-text\"><cite id=\"CITEREFThornton2018\" class=\"citation web cs1\">Thornton, Mike (March 25, 2018).&nbsp;\"The History of Pro Tools - 2012 to 2018 | Pro Tools\".&nbsp;<em>Production Expert</em><span class=\"reference-accessdate\">. Retrieved&nbsp;<span class=\"nowrap\">January 28,</span>&nbsp;2020</span>.</cite></span></li>\n</ol>\n</div>",
 "remarks": "本词条内容来自 https://zh.wikipedia.org/wiki/Pro_Tools",
 "remarksEn": "本词条内容来自 https://en.wikipedia.org/wiki/Pro_Tools",
 "status": 1,
 "clickNum": 6,
 "deleted": 0,
 "lang": 0,
 "chooseLang": true,
 "id": 603,
 "name": "Pro Tools",
 "categoryText": "数字音频工作站",
 "descriptions": "Pro Tools是用在Mac OS X和Microsoft Windows操作系统的一个数字音频工作站平台，由Digidesign发展和制造，是Avid Technology的一部分，用于音乐录音和编辑、电影配乐制作以及电影和电视后制中。",
 "picture": "https://duopin-community.oss-cn-shenzhen.aliyuncs.com/image/2021/8/j1jlp6y21ai7c6cflgq3.png",
 "referenceUrl": "https://en.wikipedia.org/wiki/Pro_Tools; https://zh.wikipedia.org/wiki/Pro_Tools",
 "typeId": 11,
 "typeName": "其他",
 "dataId": 603,
 "url": "http://dropinapp.hearinmusic.com/#/ency?typeId=11&dataId=603"
}