{
 "pageNum": 1,
 "pageSize": 10,
 "params": {},
 "content": "<div>\n<div class=\"document\">\n<p class=\"paragraph text-align-type-left pap-line-1.8 pap-line-rule-auto pap-spacing-before-2pt pap-spacing-after-2pt\">Sonic Pi是一个基于Ruby的实时编码程序，最初是为了支持学校的计算机和音乐课，由剑桥大学计算机实验室的Sam Aaron与Raspberry Pi 基金会合作开发。</p>\n<p class=\"paragraph text-align-type-left pap-line-1.8 pap-line-rule-auto pap-spacing-before-2pt pap-spacing-after-2pt\">&nbsp;</p>\n<p class=\"paragraph text-align-type-left pap-line-1.8 pap-line-rule-auto pap-spacing-before-2pt pap-spacing-after-2pt\"><strong>用途</strong></p>\n<div>\n<div class=\"document\">\n<p class=\"paragraph text-align-type-left pap-line-1.8 pap-line-rule-auto pap-spacing-before-2pt pap-spacing-after-2pt\"><img class=\"thumbimage\" src=\"https://upload.wikimedia.org/wikipedia/commons/thumb/d/da/Sam_Aaron_at_YOW%21_Night_2018_Perth%2C_December_2018_02.jpg/220px-Sam_Aaron_at_YOW%21_Night_2018_Perth%2C_December_2018_02.jpg\" srcset=\"//upload.wikimedia.org/wikipedia/commons/thumb/d/da/Sam_Aaron_at_YOW%21_Night_2018_Perth%2C_December_2018_02.jpg/330px-Sam_Aaron_at_YOW%21_Night_2018_Perth%2C_December_2018_02.jpg 1.5x, //upload.wikimedia.org/wikipedia/commons/thumb/d/da/Sam_Aaron_at_YOW%21_Night_2018_Perth%2C_December_2018_02.jpg/440px-Sam_Aaron_at_YOW%21_Night_2018_Perth%2C_December_2018_02.jpg 2x\" alt=\"\" width=\"220\" height=\"147\" data-file-width=\"4821\" data-file-height=\"3214\" /></p>\n</div>\n</div>\n<div>\n<div class=\"document\">\n<p class=\"paragraph text-align-type-left pap-line-1.8 pap-line-rule-auto pap-spacing-before-2pt pap-spacing-after-2pt\">Sonic Pi的创造者Sam Aaron正在演示该程序</p>\n<p class=\"paragraph text-align-type-left pap-line-1.8 pap-line-rule-auto pap-spacing-before-2pt pap-spacing-after-2pt\">&nbsp;</p>\n<p class=\"paragraph text-align-type-left pap-line-1.8 pap-line-rule-auto pap-spacing-before-2pt pap-spacing-after-2pt\">由于它使用了SuperCollider合成引擎和精确的计时模型，它也被用于现场编码和其他形式的算法音乐表演和制作，包括在algoraves。它的研究和开发得到了Nesta的支持，通过Sonic PI。Live &amp; Coding项目。</p>\n<p class=\"paragraph text-align-type-left pap-line-1.8 pap-line-rule-auto pap-spacing-before-2pt pap-spacing-after-2pt\">&nbsp;</p>\n</div>\n</div>\n</div>\n</div>",
 "contentEn": "<div>\n<div class=\"document\">\n<p class=\"paragraph text-align-type-left pap-line-1.8 pap-line-rule-auto pap-spacing-before-2pt pap-spacing-after-2pt\">Sonic Pi is a live coding environment based on Ruby, originally designed to support both computing and music lessons in schools, developed by Sam Aaron in the University of Cambridge Computer Laboratory in collaboration with Raspberry Pi Foundation.</p>\n<p class=\"paragraph text-align-type-left pap-line-1.8 pap-line-rule-auto pap-spacing-before-2pt pap-spacing-after-2pt\">&nbsp;</p>\n</div>\n</div>\n<table class=\"infobox vevent\" style=\"width: 22em;\">\n<tbody>\n<tr>\n<th style=\"white-space: nowrap;\" scope=\"row\">Developer(s)</th>\n<td>Sam Aaron and others</td>\n</tr>\n<tr>\n<th style=\"white-space: nowrap;\" scope=\"row\">Initial release</th>\n<td>2012</td>\n</tr>\n<tr>\n<th style=\"white-space: nowrap;\" scope=\"row\">Stable release</th>\n<td>\n<div style=\"margin: 0px;\">3.3.1 / 1&nbsp;February 2021<span class=\"noprint\">; 5 days ago</span></div>\n</td>\n</tr>\n<tr>\n<th style=\"white-space: nowrap;\" scope=\"row\">Repository</th>\n<td>\n<div class=\"plainlist\">\n<ul>\n<li><span class=\"url\">github<wbr />.com<wbr />/sonic-pi-net<wbr />/sonic-pi</span></li>\n</ul>\n</div>\n</td>\n</tr>\n<tr>\n<th style=\"white-space: nowrap;\" scope=\"row\">Written in</th>\n<td>Ruby, Erlang, Clojure, C++, and Qt</td>\n</tr>\n<tr>\n<th style=\"white-space: nowrap;\" scope=\"row\">Operating system</th>\n<td>Linux, macOS, Windows, Raspberry Pi OS</td>\n</tr>\n<tr>\n<th style=\"white-space: nowrap;\" scope=\"row\">Type</th>\n<td>Live coding environment</td>\n</tr>\n<tr>\n<th style=\"white-space: nowrap;\" scope=\"row\">License</th>\n<td>MIT License</td>\n</tr>\n<tr>\n<th style=\"white-space: nowrap;\" scope=\"row\">Website</th>\n<td><span class=\"url\">sonic-pi<wbr />.net</span></td>\n</tr>\n</tbody>\n</table>\n<h2><span id=\"Uses\" class=\"mw-headline\">Uses</span></h2>\n<div class=\"thumbinner\" style=\"width: 222px;\"><img class=\"thumbimage\" src=\"https://upload.wikimedia.org/wikipedia/commons/thumb/d/da/Sam_Aaron_at_YOW%21_Night_2018_Perth%2C_December_2018_02.jpg/220px-Sam_Aaron_at_YOW%21_Night_2018_Perth%2C_December_2018_02.jpg\" srcset=\"//upload.wikimedia.org/wikipedia/commons/thumb/d/da/Sam_Aaron_at_YOW%21_Night_2018_Perth%2C_December_2018_02.jpg/330px-Sam_Aaron_at_YOW%21_Night_2018_Perth%2C_December_2018_02.jpg 1.5x, //upload.wikimedia.org/wikipedia/commons/thumb/d/da/Sam_Aaron_at_YOW%21_Night_2018_Perth%2C_December_2018_02.jpg/440px-Sam_Aaron_at_YOW%21_Night_2018_Perth%2C_December_2018_02.jpg 2x\" alt=\"\" width=\"220\" height=\"147\" data-file-width=\"4821\" data-file-height=\"3214\" />\n<div class=\"thumbcaption\">\n<div class=\"magnify\">&nbsp;</div>\n</div>\n</div>\n<div class=\"thumb tright\">\n<div class=\"thumbinner\" style=\"width: 222px;\">\n<div class=\"thumbcaption\">Sam Aaron, creator of Sonic Pi, demonstrating the program</div>\n</div>\n</div>\n<p>Thanks to its use of the SuperCollider synthesis engine and accurate timing model,<sup id=\"cite_ref-4\" class=\"reference\"></sup> it is also used for live coding and other forms of algorithmic music performance and production, including at algoraves. Its research and development has been supported by Nesta, via the <em>Sonic PI: Live &amp; Coding</em> project.</p>",
 "remarks": "本词条汉字内容由 @多频百科团队 翻译+编辑\n原文译自 https://en.wikipedia.org/wiki/Sonic_Pi",
 "remarksEn": "本词条内容来自 https://en.wikipedia.org/wiki/Sonic_Pi",
 "status": 1,
 "clickNum": 3,
 "deleted": 0,
 "lang": 0,
 "chooseLang": true,
 "id": 141,
 "name": "Sonic Pi",
 "categoryText": "数字音频工作站",
 "descriptions": "Sonic Pi是一个基于Ruby的实时编码程序，最初是为了支持学校的计算机和音乐课，由剑桥大学计算机实验室的Sam Aaron与Raspberry Pi 基金会合作开发。\n",
 "picture": "https://duopin-community.oss-cn-shenzhen.aliyuncs.com/image/2021/8/h1x0hlismo7e2xoldi2y.jpg",
 "referenceUrl": "https://en.wikipedia.org/wiki/Sonic_Pi",
 "typeId": 11,
 "typeName": "其他",
 "dataId": 141,
 "url": "http://dropinapp.hearinmusic.com/#/ency?typeId=11&dataId=141"
}