{
 "pageNum": 1,
 "pageSize": 10,
 "params": {},
 "relationChannel": "[{\"id\":1044,\"parentId\":11,\"name\":\"Cubase\"}]",
 "content": "<p><strong>Cubase</strong>是一款由德国Steinberg公司开发的音乐软件。该软件可用来进行专业的编曲、录音、混音，是功能完备的<span class=\"ilh-all\" data-orig-title=\"數位音頻工作站\" data-lang-code=\"en\" data-lang-name=\"英语\" data-foreign-title=\"Digital Audio Workstation\"><span class=\"ilh-page\">数字音频工作站</span></span>（DAW, Digital Audio Workstation）。</p>\n<p>&nbsp;</p>\n<p>Cubase的最初版本于1989年发布，在Atari ST电脑上以MIDI格式录音，后来才逐步发展为全方位音乐工作站，并同时支持Mac和Windows双平台。Steinberg公司透过Cubase家族所提出之ASIO与VST、VSTi等概念，如今已成为业界的重要软硬件标准平台之一。</p>\n<p>&nbsp;</p>\n<p>进入DAW时代后的Cubase，除了完整版外，也会同步推出限制、删减部分功能的&ldquo;低价版&rdquo;与&ldquo;附送版&rdquo;，以兼顾小型工作室、学生、入门者等不同客户族群，但由于命名规则曾多次改变，如&ldquo;Cubasis&rdquo;、&ldquo;Cubase SL和SE和LE&rdquo;、&ldquo;Cubase Studio和Essential&rdquo;、&ldquo;Cubase Artist和Elements&rdquo;等，多次更换，常造成用户在选购上之混淆。</p>",
 "contentEn": "<p><strong>Cubase</strong>&nbsp;is a&nbsp;digital audio workstation&nbsp;(DAW) developed by&nbsp;Steinberg&nbsp;for music and&nbsp;MIDI&nbsp;recording, arranging and editing.<sup id=\"cite_ref-2\" class=\"reference\">[2]</sup>&nbsp;The first version, which was originally only a MIDI sequencer and ran on the&nbsp;Atari ST&nbsp;computer, was released in 1989.<sup id=\"cite_ref-3\" class=\"reference\">[3]</sup>&nbsp;Cut-down versions of Cubase are included with almost all&nbsp;Yamaha&nbsp;audio and MIDI hardware, as well as hardware from other manufacturers. These versions can be upgraded to a more advanced version at a discount.</p>\n<p>&nbsp;</p>\n<h2><span id=\"Operation\" class=\"mw-headline\">Operation</span></h2>\n<p>Cubase can be used to edit and sequence audio signals coming from an external sound source and&nbsp;MIDI, and can host&nbsp;VST&nbsp;instruments and effects. It has a number of features designed to aid in composition, such as:</p>\n<ul>\n<li><strong>Chord Tracks</strong>: Helps the user keep track of&nbsp;chord&nbsp;changes, and can optionally be used to&nbsp;harmonize&nbsp;audio and MIDI tracks automatically, as well as trigger&nbsp;arpeggios&nbsp;and chords with basic&nbsp;voicings&nbsp;or voicings for piano and guitar. Chords can be either entered manually or detected automatically.</li>\n<li><strong>Expression Maps</strong>: Adds a lane to the Key Editor (Cubase's&nbsp;piano roll) that allows the user to define changes to the instrument's&nbsp;articulations&nbsp;and&nbsp;dynamics. In other DAWs, this requires the use of complicated MIDI program changes and key switches.</li>\n<li><strong>Note Expression</strong>: Allows MIDI controllers such as pitch bend, volume, pan, and&nbsp;filters&nbsp;to be applied only to the selected notes. This overcomes one of the limitations of MIDI, where such controllers normally affect the entire channel (For example, all notes of a chord are equally affected by a pitch bend message).</li>\n<li><strong>Key Editor Inspector</strong>: Provides precise control over chord drawing,&nbsp;chord inversions,&nbsp;quantization,&nbsp;transpositions,&nbsp;scale&nbsp;correction, note lengths, and&nbsp;legato. Changes can be applied either to only the selected notes or the entire MIDI part being edited.</li>\n<li><strong>Audio Warp Quantize:</strong>&nbsp;Create&nbsp;<em>warp markers</em>&nbsp;straight from hitpoints, both single audio loops as well as the entire arrangement can be non-destructively quantized.</li>\n</ul>\n<p>&nbsp;</p>\n<p>MIDI parts can be edited using a piano roll, a dedicated drum editor, a score editor, or as a filterable complete list of MIDI events.<sup id=\"cite_ref-4\" class=\"reference\">[4]</sup></p>\n<p>&nbsp;</p>\n<p>The user can also mix the various tracks down into a stereo&nbsp;.wav&nbsp;file ready to be burned to a&nbsp;compact disc&nbsp;(CD) in&nbsp;Red Book&nbsp;format, or&nbsp;.mp3&nbsp;burned to CD or DVD as files, or to be published on the Web.</p>\n<p>&nbsp;</p>\n<h2><span id=\"VST_instruments\" class=\"mw-headline\">VST instruments</span></h2>\n<p>Cubase&nbsp;VST&nbsp;3.7 in 1999 introduced a virtual instrument interface for&nbsp;software synthesizers&nbsp;known as&nbsp;<em>VSTi</em>. This made it possible for third-party software programmers to create and sell virtual instruments for Cubase. This technology has become the&nbsp;de facto standard&nbsp;for other DAW software, when integrating software based instruments on the Macintosh and Windows platforms. A new version of VST, VST3, was introduced with Steinberg's Cubase 4 which introduced improved handling of automation and audio output, native sidechaining, and many other features. Cubase 6 included VSTs such as HALion Sonic SE, Groove Agent ONE, LoopMash 2 and VST Amp Rack.</p>\n<p>&nbsp;</p>\n<h2><span id=\"Editions\" class=\"mw-headline\">Editions</span></h2>\n<p>When Cubase 6 was released in 2011,&nbsp;Steinberg&nbsp;introduced 5 different editions for different levels of use. From highest to lowest they are: Cubase (now known as Cubase Pro), Cubase Artist, Cubase Elements, Cubase AI and Cubase LE. They have all been updated as new versions come out. While they all run on the same audio engine, the lower tiers have limits on the number of certain types of tracks. The number of audio tracks allowed in Cubase Pro is unlimited, Artist: 64, Elements: 48, AI: 32, LE: 16.</p>\n<p>&nbsp;</p>\n<h2><span id=\"History\" class=\"mw-headline\">History</span></h2>\n<p>Cubase has existed in three main incarnations. Initially&nbsp;<em>Cubase</em>, which featured only MIDI, and which was available on the&nbsp;Atari ST, Macintosh and Windows.</p>\n<p>&nbsp;</p>\n<p>After a brief period with audio integration, the next version,&nbsp;<em>Cubase VST</em>, featured fully integrated audio recording and mixing along with effects. It added&nbsp;Virtual Studio Technology&nbsp;(VST) support, a standard for&nbsp;audio plug-ins, which led to a plethora of third-party effects, both freeware and commercial. Cubase VST was only for Macintosh and Windows; Atari support had been effectively dropped by this time, despite such hardware still being a mainstay in many studios. Cubase VST was offering a tremendous amount of power to the home user, but computer hardware took some time to catch up. By the time it did, VST's audio editing ability was found to be lacking, when compared with competitors such as&nbsp;Pro Tools&nbsp;DAE and&nbsp;Digital Performer&nbsp;MAS.</p>\n<p>&nbsp;</p>\n<p>To address this, a new version of the program,&nbsp;<em>Cubase SX</em>&nbsp;(based on Steinberg's flagship post-production software&nbsp;Nuendo) was introduced, which dramatically altered the way the program ran. This version required much relearning for users of older Cubase versions. However, once the new methods of working were learned, the improvements in handling of audio and&nbsp;automation&nbsp;made for a more professional sequencer and audio editor.</p>\n<p>&nbsp;</p>\n<p>A notable improvement with the introduction of Cubase SX was the advanced audio editing, especially the ability to 'undo' audio edits. Early versions of Cubase VST did not have this ability. Cubase SX also featured real-time time-stretching and adjustment of audio tempo, much like&nbsp;Sonic Foundry's ground-breaking&nbsp;ACID.</p>\n<p>&nbsp;</p>\n<p>In January 2003, Steinberg was acquired by&nbsp;Pinnacle Systems, within which it operated as an independent company before being sold to&nbsp;Yamaha Corporation&nbsp;in December, 2004.<sup id=\"cite_ref-5\" class=\"reference\">[5]</sup></p>\n<p>&nbsp;</p>\n<p>In September 2006 Steinberg announced Cubase 4 - the successor to Cubase SX3. Notable new features include 'control room', a feature designed to help create monitor mixes, and a new set of VST3 plug-ins and instruments.</p>\n<p>&nbsp;</p>\n<p>There are also lighter economic alternatives by Steinberg, originally named&nbsp;Cubasis, later becoming Cubase SE and then Cubase Essential at version 4. For its sixth generation, the program was renamed Cubase Elements 6. The name change was done presumably, because its rival&nbsp;Cakewalk&nbsp;had taken the&nbsp;<em>Essential</em>&nbsp;branding for its own entry-level DAW software, Sonar X1 Essential.</p>\n<p>&nbsp;</p>\n<p>While the full version of Cubase features unlimited audio and MIDI tracks, lesser versions have limits. For instance, Cubase Elements 6 has a maximum of 48 audio track and 64 MIDI tracks and Cubase Artist 6 offer 64 audio and 128 MIDI tracks.</p>\n<p>&nbsp;</p>\n<p>In 2013, Steinberg introduced&nbsp;Cubasis&nbsp;for iPad, a Cubase for iOS. This version was a full rewrite and supports MIDI and audio tracks, audiobus and virtual MIDI to work with external music apps from the first versions.<sup id=\"cite_ref-6\" class=\"reference\">[6]</sup>&nbsp;In 2016, Cubasis 2 was released as a free update with new features such as real-time time-stretching, pitch-shifting for changing the key, a \"channel strip\" effects suite, and new plug-ins and sounds.[1]&nbsp;In 2017, Steinberg received the MIPA (Musikmesse International Press Award) for Cubasis 2 in the Mobile Music App category at the Musikmesse in Frankfurt.[2]&nbsp;In late 2019, Cubasis 3 followed as a new app and included group tracks, a \"Master Strip\" effects suite, a revamped MediaBay, more effects and many more features in addition to iPhone support. In mid-2020, Cubasis 3 was released for Android tablets and smartphones.[3]</p>\n<p>&nbsp;</p>\n<h2><span id=\"References\" class=\"mw-headline\">References</span></h2>\n<div class=\"reflist\">\n<div class=\"mw-references-wrap mw-references-columns\">\n<ol class=\"references\">\n<li id=\"cite_note-1\"><span class=\"mw-cite-backlink\"><strong>^</strong></span>&nbsp;<span class=\"reference-text\"><cite class=\"citation web cs1\">\"Cubase 11.0.20 maintenance update - Cubase - Steinberg Forums\".&nbsp;<em>forums.steinberg.net</em><span class=\"reference-accessdate\">. Retrieved&nbsp;<span class=\"nowrap\">2021-04-29</span></span>.</cite></span></li>\n<li id=\"cite_note-2\"><span class=\"mw-cite-backlink\"><strong>^</strong></span>&nbsp;<span class=\"reference-text\"><cite id=\"CITEREFWatson2014\" class=\"citation book cs1\">Watson, Allan (2014-09-19).&nbsp;<em>Cultural production in and beyond the recording studio</em>. New York. p.&nbsp;22.&nbsp;ISBN&nbsp;<bdi>9781135006310</bdi>.&nbsp;OCLC&nbsp;891186582.</cite></span></li>\n<li id=\"cite_note-3\"><span class=\"mw-cite-backlink\"><strong>^</strong></span>&nbsp;<span class=\"reference-text\"><cite id=\"CITEREFProchak,_Michael.2002\" class=\"citation book cs1\">Prochak, Michael. (2002).&nbsp;<em>Cubase SX&nbsp;: the official guide</em>. London: Sanctuary.&nbsp;ISBN&nbsp;<bdi>1860744702</bdi>.&nbsp;OCLC&nbsp;51837675.</cite></span></li>\n<li id=\"cite_note-4\"><span class=\"mw-cite-backlink\"><strong>^</strong></span>&nbsp;<span class=\"reference-text\"><cite id=\"CITEREFMiddleton2008\" class=\"citation book cs1\">Middleton, Paul (2008).&nbsp;<span class=\"cs1-lock-limited\" title=\"Free access subject to limited trial, subscription normally required\"><em>Music technology workbook&nbsp;: key concepts and practical projects</em></span>. Gurevitz, Steven. (1st&nbsp;ed.). Oxford, UK: Elsevier/Focal Press. pp.&nbsp;3.&nbsp;ISBN&nbsp;<bdi>9781136125652</bdi>.&nbsp;OCLC&nbsp;870677689.</cite></span></li>\n<li id=\"cite_note-5\"><span class=\"mw-cite-backlink\"><strong>^</strong></span>&nbsp;<span class=\"reference-text\"><cite class=\"citation web cs1\">\"News &amp; Events - Yamaha - United States\".&nbsp;<em>usa.yamaha.com</em>.</cite></span></li>\n<li id=\"cite_note-6\"><span class=\"mw-cite-backlink\"><strong>^</strong></span>&nbsp;<span class=\"reference-text\"><cite class=\"citation web cs1\">\"Cubasis - iPad Music\".</cite></span></li>\n<li id=\"cite_note-7\"><span class=\"mw-cite-backlink\"><strong>^</strong></span>&nbsp;<span class=\"reference-text\"><cite class=\"citation web cs1\">\"DAW Users Poll - And the 'Who uses what' list\".&nbsp;<em>VI-CONTROL</em><span class=\"reference-accessdate\">. Retrieved&nbsp;<span class=\"nowrap\">2019-03-24</span></span>.</cite></span></li>\n<li id=\"cite_note-8\"><span class=\"mw-cite-backlink\"><strong>^</strong></span>&nbsp;<span class=\"reference-text\"><cite id=\"CITEREFIT-Service\" class=\"citation web cs1\">IT-Service, Sven V&ouml;rtmann-Internet und.&nbsp;\"Steinberg Artist Roster\".&nbsp;<em>Steinberg</em><span class=\"reference-accessdate\">. Retrieved&nbsp;<span class=\"nowrap\">2019-03-24</span></span>.</cite></span></li>\n<li id=\"cite_note-9\"><span class=\"mw-cite-backlink\"><strong>^</strong></span>&nbsp;<span class=\"reference-text\"><cite id=\"CITEREFInc\" class=\"citation web cs1\">Inc, Equipboard.&nbsp;\"Steinberg Cubase 7\".&nbsp;<em>Equipboard</em><span class=\"reference-accessdate\">. Retrieved&nbsp;<span class=\"nowrap\">2019-03-24</span></span>.</cite></span></li>\n<li id=\"cite_note-10\"><span class=\"mw-cite-backlink\"><strong>^</strong></span>&nbsp;<span class=\"reference-text\"><cite class=\"citation web cs1\">\"Producer - Joel Wanasek - Interviews\".&nbsp;<em>Indie Vision Music</em>. 21 May 2012.</cite></span></li>\n<li id=\"cite_note-11\"><span class=\"mw-cite-backlink\"><strong>^</strong></span>&nbsp;<span class=\"reference-text\"><cite id=\"CITEREFIT-Service\" class=\"citation web cs1\">IT-Service, Sven V&ouml;rtmann - Internet und.&nbsp;\"Steinberg Artist Roster\".&nbsp;<em>Steinberg</em><span class=\"reference-accessdate\">. Retrieved&nbsp;<span class=\"nowrap\">2018-11-11</span></span>.</cite></span></li>\n<li id=\"cite_note-12\"><span class=\"mw-cite-backlink\"><strong>^</strong></span>&nbsp;<span class=\"reference-text\"><cite class=\"citation web cs1\">\"Steinberg-Service-User Page\". 2005.</cite></span></li>\n<li id=\"cite_note-13\"><span class=\"mw-cite-backlink\"><strong>^</strong></span>&nbsp;<span class=\"reference-text\"><cite class=\"citation web cs1\">\"Official-Instagram-profile\". 2018.</cite></span></li>\n<li id=\"cite_note-14\"><span class=\"mw-cite-backlink\"><strong>^</strong></span>&nbsp;<span class=\"reference-text\">Cables are still sold today&nbsp;<cite class=\"citation web cs1\">\"Archived copy\". Archived from&nbsp;the original&nbsp;on 2015-02-18<span class=\"reference-accessdate\">. Retrieved&nbsp;<span class=\"nowrap\">2015-03-05</span></span>.</cite>&nbsp;(2015) to adapt the output to VGA for use with this legacy software which still has a fan following</span></li>\n<li id=\"cite_note-15\"><span class=\"mw-cite-backlink\"><strong>^</strong></span>&nbsp;<span class=\"reference-text\"><cite id=\"CITEREFWatson,_Allan,_1978-2014\" class=\"citation book cs1\">Watson, Allan, 1978- (2014).&nbsp;<em>Cultural production in and beyond the recording studio</em>. New York. p.&nbsp;22.&nbsp;ISBN&nbsp;<bdi>9781135006310</bdi>.&nbsp;OCLC&nbsp;891186582.</cite></span></li>\n<li id=\"cite_note-16\"><span class=\"mw-cite-backlink\"><strong>^</strong></span>&nbsp;<span class=\"reference-text\"><cite id=\"CITEREFDean2009\" class=\"citation book cs1\">Dean, Roger T. (2009).&nbsp;<em>The Oxford handbook of computer music</em>. Dean, R. T. Oxford: Oxford University Press. p.&nbsp;574.&nbsp;ISBN&nbsp;<bdi>9780195331615</bdi>.&nbsp;OCLC&nbsp;263605563.</cite></span></li>\n<li id=\"cite_note-17\"><span class=\"mw-cite-backlink\"><strong>^</strong></span>&nbsp;<span class=\"reference-text\"><cite id=\"CITEREFNekhumbe2013\" class=\"citation book cs1\">Nekhumbe, Raymond (17 January 2013).&nbsp;<em>Record music at home or anywhere made easy</em>. RN Media Group. p.&nbsp;19.&nbsp;ISBN&nbsp;<bdi>9781300646181</bdi>.</cite></span></li>\n<li id=\"cite_note-18\"><span class=\"mw-cite-backlink\"><strong>^</strong></span>&nbsp;<span class=\"reference-text\"><cite id=\"CITEREFCollins2004\" class=\"citation book cs1\">Collins, Mike (2004).&nbsp;<span class=\"cs1-lock-registration\" title=\"Free registration required\"><em>Choosing and using audio and music software&nbsp;: a guide to the major software applications for Mac and PC</em></span>. Oxford: Focal. pp.&nbsp;4.&nbsp;ISBN&nbsp;<bdi>9780080472232</bdi>.&nbsp;OCLC&nbsp;123437338.</cite></span></li>\n<li id=\"cite_note-19\"><span class=\"mw-cite-backlink\"><strong>^</strong></span>&nbsp;<span class=\"reference-text\"><cite class=\"citation web cs1\">\"Steinberg Cubase VST v3.5\".&nbsp;<em>Sound On Sound</em>. November 1997. Archived from&nbsp;the original&nbsp;on 16 September 2014.</cite></span></li>\n<li id=\"cite_note-20\"><span class=\"mw-cite-backlink\"><strong>^</strong></span>&nbsp;<span class=\"reference-text\">Sound On Sound: Steinberg Cubase VST 3.7, September 1999</span></li>\n<li id=\"cite_note-21\"><span class=\"mw-cite-backlink\"><strong>^</strong></span>&nbsp;<span class=\"reference-text\"><cite class=\"citation web cs1\">\"Sound On Sound\". Sound On Sound<span class=\"reference-accessdate\">. Retrieved&nbsp;<span class=\"nowrap\">24 June</span>&nbsp;2013</span>.</cite></span></li>\n<li id=\"cite_note-22\"><span class=\"mw-cite-backlink\"><strong>^</strong></span>&nbsp;<span class=\"reference-text\"><cite id=\"CITEREFWalker1995\" class=\"citation web cs1\">Walker, Martin (October 1995).&nbsp;\"Steinberg Cubase VST 4\".&nbsp;<em>Sound On Sound</em>. Archived from&nbsp;the original&nbsp;on 7 June 2015.</cite></span></li>\n<li id=\"cite_note-c7new-23\"><span class=\"mw-cite-backlink\"><strong>^</strong></span>&nbsp;<span class=\"reference-text\">Official Steinberg site - New features in Cubase 7&nbsp;Archived&nbsp;2013-01-18 at the&nbsp;Wayback Machine</span></li>\n<li id=\"cite_note-c75new-24\"><span class=\"mw-cite-backlink\"><strong>^</strong></span>&nbsp;<span class=\"reference-text\">Official Steinberg site - New features in Cubase 7.5&nbsp;Archived&nbsp;2014-02-22 at the&nbsp;Wayback Machine</span></li>\n</ol>\n</div>\n</div>",
 "remarks": "本词条内容来自 https://zh.wikipedia.org/wiki/Cubase",
 "remarksEn": "本词条内容来自 https://en.wikipedia.org/wiki/Cubase",
 "status": 1,
 "clickNum": 6,
 "deleted": 0,
 "lang": 0,
 "chooseLang": true,
 "id": 58,
 "name": "Steinberg Cubase",
 "categoryText": "数字音频工作站",
 "descriptions": "Cubase是一款由德国Steinberg公司开发的音乐软件。该软件可用来进行专业的编曲、录音、混音，是功能完备的数字音频工作站（DAW, Digital Audio Workstation）。",
 "picture": "https://duopin-community.oss-cn-shenzhen.aliyuncs.com/image/2021/8/oul0k30ty1p9f08p3q3r.png",
 "referenceUrl": "https://zh.wikipedia.org/wiki/Cubase;https://en.wikipedia.org/wiki/Cubase",
 "typeId": 11,
 "typeName": "其他",
 "dataId": 58,
 "url": "http://dropinapp.hearinmusic.com/#/ency?typeId=11&dataId=58"
}