{
 "pageNum": 1,
 "pageSize": 10,
 "params": {},
 "relationChannel": "[{\"id\":1040,\"parentId\":11,\"name\":\"Studio One\"}]",
 "content": "<div>\n<div class=\"document\">\n<p class=\"paragraph text-align-type-left pap-line-1.8 pap-line-rule-auto pap-spacing-before-2pt pap-spacing-after-2pt\">Studio One是一款数字音频工作站(DAW) 应用程序，用于创建、录制、混合和母带音乐及其他音频，它也可用于视频制作。它由PreSonus开发，适用于macOS和Microsoft Windows系统。除了该软件的商业版本（Studio One Artist和Studio One Professional），PreSonus 还有功能简化的免费版本（Studio One Prime）。专业版也可作为PreSonus Sphere 的一部分被用户每月订阅。</p>\n<p class=\"paragraph text-align-type-left pap-line-1.8 pap-line-rule-auto pap-spacing-before-2pt pap-spacing-after-2pt\">&nbsp;</p>\n<p class=\"paragraph text-align-type-left pap-line-1.8 pap-line-rule-auto pap-spacing-before-2pt pap-spacing-after-2pt\"><strong>历史</strong></p>\n<p class=\"paragraph text-align-type-left pap-line-1.8 pap-line-rule-auto pap-spacing-before-2pt pap-spacing-after-2pt\"><span style=\"text-decoration: underline;\">早期发展和发行（2004-2011）</span></p>\n<p class=\"paragraph text-align-type-left pap-line-1.8 pap-line-rule-auto pap-spacing-before-2pt pap-spacing-after-2pt\">Studio One 最初以K2的名义开始发展，作为KRISTAL Audio Engine的后续产品。尽管此后续项目始于 2004 年，但在 2006 年，它成为PreSonus和 KristalLabs Software Ltd.之间的合作项目，后者是由前Steinberg员工 Wolfgang Kundrus 和 Matthias Juwan创立的初创公司。 Kundrus 是Cubase初始版本的开发者之一，并为Nuendo的第一个版本建立了概念。Juwan 是原始KRISTAL Audio Engine 的开发者，编写了VST 插件标准第 3 版的规范，并且还参与了多种Steinberg产品的开发，包括Cubase、Nuendo和HALion。</p>\n<p class=\"paragraph text-align-type-left pap-line-1.8 pap-line-rule-auto pap-spacing-before-2pt pap-spacing-after-2pt\">&nbsp;</p>\n<p class=\"paragraph text-align-type-left pap-line-1.8 pap-line-rule-auto pap-spacing-before-2pt pap-spacing-after-2pt\">KristalLabs于 2009 年成为PreSonus 的一部分，以前的 KristalLabs 徽标成为 Studio One 徽标的基础。</p>\n<p class=\"paragraph text-align-type-left pap-line-1.8 pap-line-rule-auto pap-spacing-before-2pt pap-spacing-after-2pt\">&nbsp;</p>\n<p class=\"paragraph text-align-type-left pap-line-1.8 pap-line-rule-auto pap-spacing-before-2pt pap-spacing-after-2pt\">Studio One 1.0于 2009 年 4 月 1 日在Musikmesse 上公开，并于 2009 年 9 月 27 日发布。Studio One 1 (v1.6.5) 的最终更新发布于2011 年 7 月。</p>\n<p class=\"paragraph text-align-type-left pap-line-1.8 pap-line-rule-auto pap-spacing-before-2pt pap-spacing-after-2pt\">&nbsp;</p>\n<p class=\"paragraph text-align-type-left pap-line-1.8 pap-line-rule-auto pap-spacing-before-2pt pap-spacing-after-2pt\"><span style=\"text-decoration: underline;\">2.0和3.0 (2011&ndash;2018)</span></p>\n<p class=\"paragraph text-align-type-left pap-line-1.8 pap-line-rule-auto pap-spacing-before-2pt pap-spacing-after-2pt\">Studio One 的第 2 版于 2011 年 10 月 17 日公开，并于 2011 年 10 月 31 日发布（与 2.0.2 更新一起）。此版本引入了多项增强功能，包括与Celemony Melodyne 的集成、瞬态检测和量化、凹槽提取、多轨伴奏、文件夹轨道、多轨MIDI编辑、更新的浏览器和新插件。</p>\n<p class=\"paragraph text-align-type-left pap-line-1.8 pap-line-rule-auto pap-spacing-before-2pt pap-spacing-after-2pt\">&nbsp;</p>\n<p class=\"paragraph text-align-type-left pap-line-1.8 pap-line-rule-auto pap-spacing-before-2pt pap-spacing-after-2pt\">Studio One 2.0 与Melodyne的集成是通过创建一个名为Audio Random Access (ARA)的新插件扩展来实现的。该扩展由PreSonus和Celemony联合开发，允许音频插件作为应用程序的集成部分出现。</p>\n<p class=\"paragraph text-align-type-left pap-line-1.8 pap-line-rule-auto pap-spacing-before-2pt pap-spacing-after-2pt\">&nbsp;</p>\n<p class=\"paragraph text-align-type-left pap-line-1.8 pap-line-rule-auto pap-spacing-before-2pt pap-spacing-after-2pt\">Studio One 3.0于 2015 年 5 月 20 日发布。新功能包括编曲轨道、用于创意实验的暂存器、将不同效果和乐器链接在一起的能力、MIDI音符效果、新插件以及在自动化中使用曲线。</p>\n<p class=\"paragraph text-align-type-left pap-line-1.8 pap-line-rule-auto pap-spacing-before-2pt pap-spacing-after-2pt\">&nbsp;</p>\n<p class=\"paragraph text-align-type-left pap-line-1.8 pap-line-rule-auto pap-spacing-before-2pt pap-spacing-after-2pt\"><span style=\"text-decoration: underline;\">4.0和5.0（2018 年至今）</span></p>\n<p class=\"paragraph text-align-type-left pap-line-1.8 pap-line-rule-auto pap-spacing-before-2pt pap-spacing-after-2pt\">继前几周在社交媒体网站上发布的预告图片之后，Studio One 4.0于 2018 年 5 月 22 日通过YouTube 直播活动公开，并同时发布。4.0的新功能包括和弦轨道（带有和弦检测、移调和和弦替换选项）、专用鼓编辑界面、扩展的鼓机和采样器 插件、AAF格式导入/导出功能（与其他 DAW 应用程序交换数据），并支持版本 2ARA插件扩展。</p>\n<p class=\"paragraph text-align-type-left pap-line-1.8 pap-line-rule-auto pap-spacing-before-2pt pap-spacing-after-2pt\">&nbsp;</p>\n<p class=\"paragraph text-align-type-left pap-line-1.8 pap-line-rule-auto pap-spacing-before-2pt pap-spacing-after-2pt\">几乎整整一年后，即 2019 年 5 月 21 日，随着直播公告和 4.5 版的同步发布，功能得到了进一步扩展。4.5 版引入的新功能包括输入通道增益分级和相位/极性选项、内置插件管理器、M4A ( AAC / ALAC ) 支持、视频导出选项、新分组选项、RMS计量、预推子计量、CPU 多核优化和扩展的宏功能，以及用于批量音频转换和处理的新插件。</p>\n<p class=\"paragraph text-align-type-left pap-line-1.8 pap-line-rule-auto pap-spacing-before-2pt pap-spacing-after-2pt\">&nbsp;</p>\n<p class=\"paragraph text-align-type-left pap-line-1.8 pap-line-rule-auto pap-spacing-before-2pt pap-spacing-after-2pt\">在 4.6 版本发布之前，PreSonus在伦敦红牛工作室大楼举办了发布会。4.6版于 2019 年 12 月 10 日发布，新功能包括重新设计和扩展的&ldquo;Ampire&rdquo;吉他放大器和效果插件（包括新的效果踏板选项）、重新设计的内容浏览器以及用于播客制作的新模板和宏.</p>\n<p class=\"paragraph text-align-type-left pap-line-1.8 pap-line-rule-auto pap-spacing-before-2pt pap-spacing-after-2pt\">&nbsp;</p>\n<p class=\"paragraph text-align-type-left pap-line-1.8 pap-line-rule-auto pap-spacing-before-2pt pap-spacing-after-2pt\">Studio One 5.0被称为&ldquo;十年制作的成果&rdquo;，于2020 年 7 月 7 日通过直播视频发布。这个新版本中添加的功能包括一个完整的乐谱编辑器（具有类似于 PreSonus 的记谱软件的功能） , Notion )，一个&ldquo;Show&rdquo;界面，专注于支持现场表演、MIDI 支持增强功能（例如和弦表达、自定义ROLI设备支持，以及使用MTC和MMC将 Studio One 与外部时钟同步的能力）。5.0还增加了对64 位 浮点记录的支持WAV 格式，将录音和处理的最大精度提高到 64 位/384 kHz，从而使 Studio One 成为可用的最高分辨率音频制作和母带制作应用程序之一。</p>\n<p class=\"paragraph text-align-type-left pap-line-1.8 pap-line-rule-auto pap-spacing-before-2pt pap-spacing-after-2pt\">&nbsp;</p>\n<p class=\"paragraph text-align-type-left pap-line-1.8 pap-line-rule-auto pap-spacing-before-2pt pap-spacing-after-2pt\"><strong>特点</strong></p>\n<p class=\"paragraph text-align-type-left pap-line-1.8 pap-line-rule-auto pap-spacing-before-2pt pap-spacing-after-2pt\"><span style=\"text-decoration: underline;\">标准 DAW 功能</span></p>\n<p class=\"paragraph text-align-type-left pap-line-1.8 pap-line-rule-auto pap-spacing-before-2pt pap-spacing-after-2pt\">除了其他功能外，Studio One 还包括大多数数字音频工作站软件中常见的基本功能，例如多轨录音机和音频混合控制台中的功能，以及模拟录音无法实现的附加功能（例如撤消之前的操作、不丢失信息的编辑、虚拟仪器的使用等）。</p>\n<p class=\"paragraph text-align-type-left pap-line-1.8 pap-line-rule-auto pap-spacing-before-2pt pap-spacing-after-2pt\">&nbsp;</p>\n<p class=\"paragraph text-align-type-left pap-line-1.8 pap-line-rule-auto pap-spacing-before-2pt pap-spacing-after-2pt\"><span style=\"text-decoration: underline;\">版本</span></p>\n<p class=\"paragraph text-align-type-left pap-line-1.8 pap-line-rule-auto pap-spacing-before-2pt pap-spacing-after-2pt\">Studio One 有 3 个版本，每个版本都有不同的会员费用（如果有）和相应功能。专业版也作为PreSonus Sphere月度订阅计划的一部分提供，该计划还包括其他 PreSonus 软件，例如 Notion，及其所有可用插件。</p>\n<p class=\"paragraph text-align-type-left pap-line-1.8 pap-line-rule-auto pap-spacing-before-2pt pap-spacing-after-2pt\">&nbsp;</p>\n<p class=\"paragraph text-align-type-left pap-line-1.8 pap-line-rule-auto pap-spacing-before-2pt pap-spacing-after-2pt\"><span style=\"text-decoration: underline;\">其他功能</span></p>\n<p class=\"paragraph text-align-type-left pap-line-1.8 pap-line-rule-auto pap-spacing-before-2pt pap-spacing-after-2pt\">Studio One 的其他核心功能包括：</p>\n<p class=\"paragraph text-align-type-left pap-line-1.8 pap-line-rule-auto pap-spacing-before-2pt pap-spacing-after-2pt\">- 具有拖放功能并支持多个屏幕（包括HDPI显示器）的多点触控界面。</p>\n<p class=\"paragraph text-align-type-left pap-line-1.8 pap-line-rule-auto pap-spacing-before-2pt pap-spacing-after-2pt\">- 一个单独的项目级界面，其中包含用于同时对一首或多首歌曲进行母带制作、管理元数据和导出的工具，包括用于创建红皮书标准 CD或磁盘映像（仅限专业版）的选项。</p>\n<p class=\"paragraph text-align-type-left pap-line-1.8 pap-line-rule-auto pap-spacing-before-2pt pap-spacing-after-2pt\">- 一个单独的表演级界面，设计用于从单个位置协调整个现场表演。</p>\n<p class=\"paragraph text-align-type-left pap-line-1.8 pap-line-rule-auto pap-spacing-before-2pt pap-spacing-after-2pt\">- 实时音频时间拉伸功能。</p>\n<p class=\"paragraph text-align-type-left pap-line-1.8 pap-line-rule-auto pap-spacing-before-2pt pap-spacing-after-2pt\">- 集成的乐谱编辑器。</p>\n<p class=\"paragraph text-align-type-left pap-line-1.8 pap-line-rule-auto pap-spacing-before-2pt pap-spacing-after-2pt\">- 轨道和插件的多种自动化模式，包括直线、指数/抛物线、方波、三角波、正弦波等。</p>\n<p class=\"paragraph text-align-type-left pap-line-1.8 pap-line-rule-auto pap-spacing-before-2pt pap-spacing-after-2pt\">- 支持的ARA / ARA2扩展的音频插件，使他们能够紧密结合的应用程序的一部分。</p>\n<p class=\"paragraph text-align-type-left pap-line-1.8 pap-line-rule-auto pap-spacing-before-2pt pap-spacing-after-2pt\">- 一个和弦轨道，可从音频或MIDI轨道自动检测和弦，以及和弦移调和替换选项（仅限专业版）。</p>\n<p class=\"paragraph text-align-type-left pap-line-1.8 pap-line-rule-auto pap-spacing-before-2pt pap-spacing-after-2pt\">- 一个编曲轨道，用于导航歌曲部分并通过拖放重新安排它们。</p>\n<p class=\"paragraph text-align-type-left pap-line-1.8 pap-line-rule-auto pap-spacing-before-2pt pap-spacing-after-2pt\">- 便笺簿，供用户在不影响原始版本的情况下尝试不同的歌曲布局（仅限专业版）。</p>\n<p class=\"paragraph text-align-type-left pap-line-1.8 pap-line-rule-auto pap-spacing-before-2pt pap-spacing-after-2pt\">- 撤消混音过程中的功能，包括插件、虚拟乐器、路由、效果链等。</p>\n<p class=\"paragraph text-align-type-left pap-line-1.8 pap-line-rule-auto pap-spacing-before-2pt pap-spacing-after-2pt\">- 能够创建虚拟乐器和/或效果链（仅限专业版）。</p>\n<p class=\"paragraph text-align-type-left pap-line-1.8 pap-line-rule-auto pap-spacing-before-2pt pap-spacing-after-2pt\">- 支持 MIDI 复音表达/复音压力。</p>\n<p class=\"paragraph text-align-type-left pap-line-1.8 pap-line-rule-auto pap-spacing-before-2pt pap-spacing-after-2pt\">- 支持MTC和MMC，使 Studio One 与外部时钟同步。</p>\n<p class=\"paragraph text-align-type-left pap-line-1.8 pap-line-rule-auto pap-spacing-before-2pt pap-spacing-after-2pt\">- MIDI音符级效果，例如琶音器和和弦发生器。</p>\n<p class=\"paragraph text-align-type-left pap-line-1.8 pap-line-rule-auto pap-spacing-before-2pt pap-spacing-after-2pt\">- 用于编辑编程鼓的专用界面，包括每个音符音高的可配置鼓件名称。</p>\n<p class=\"paragraph text-align-type-left pap-line-1.8 pap-line-rule-auto pap-spacing-before-2pt pap-spacing-after-2pt\">- 混音引擎效果：可用于修改/绕过/替换特定总线/通道的标准混音过程的插件（仅限专业版）。</p>\n<p class=\"paragraph text-align-type-left pap-line-1.8 pap-line-rule-auto pap-spacing-before-2pt pap-spacing-after-2pt\">- 支持用户从其他 DAW 软件切换到键盘快捷键，例如Pro Tools、Logic Pro、Cubase和Sonar。</p>\n<p class=\"paragraph text-align-type-left pap-line-1.8 pap-line-rule-auto pap-spacing-before-2pt pap-spacing-after-2pt\">- 与 Mackie Control 通用通信协议（结合 Mackie Control、Logic Control和HUI的功能）的兼容性，用于与音频控制界面连接。</p>\n<p class=\"paragraph text-align-type-left pap-line-1.8 pap-line-rule-auto pap-spacing-before-2pt pap-spacing-after-2pt\">- 与Native Instruments Komplete Kontrol MkII 系列键盘的兼容性。</p>\n<p class=\"paragraph text-align-type-left pap-line-1.8 pap-line-rule-auto pap-spacing-before-2pt pap-spacing-after-2pt\">&nbsp;</p>\n<p class=\"paragraph text-align-type-left pap-line-1.8 pap-line-rule-auto pap-spacing-before-2pt pap-spacing-after-2pt\"><span style=\"text-decoration: underline;\">附加组件</span></p>\n<p class=\"paragraph text-align-type-left pap-line-1.8 pap-line-rule-auto pap-spacing-before-2pt pap-spacing-after-2pt\">2014 年 1 月随 2.6.2 版一起推出的附加组件是可选项目，由 PreSonus 或第三方开发，可以从 PreSonus 商店单独购买以扩展 Studio One 的功能。这可以包括新功能（通常称为&ldquo;扩展&rdquo;）、插件、虚拟乐器预设、循环和其他资产。示例附加功能包括 Audio Batch Converter（与 4.5 版一起发布），它允许同时离线转换和处理多个音频文件，包括使用本机和第三方插件。</p>\n<p class=\"paragraph text-align-type-left pap-line-1.8 pap-line-rule-auto pap-spacing-before-2pt pap-spacing-after-2pt\">&nbsp;</p>\n<p class=\"paragraph text-align-type-left pap-line-1.8 pap-line-rule-auto pap-spacing-before-2pt pap-spacing-after-2pt\">附加组件也可用于扩展 Studio One Artist，以包含专业版的其他功能，包括VST / AU / ReWire 插件支持、MP3支持和Studio One Remote支持。</p>\n<p class=\"paragraph text-align-type-left pap-line-1.8 pap-line-rule-auto pap-spacing-before-2pt pap-spacing-after-2pt\">&nbsp;</p>\n<p class=\"paragraph text-align-type-left pap-line-1.8 pap-line-rule-auto pap-spacing-before-2pt pap-spacing-after-2pt\"><strong>Studio One Remote</strong></p>\n<p class=\"paragraph text-align-type-left pap-line-1.8 pap-line-rule-auto pap-spacing-before-2pt pap-spacing-after-2pt\">2015 年与 Studio One 3.0 一起推出的 Studio One Remote 是一款应用程序，用于通过连接到同一网络的平板设备无线控制 Studio One 。虽然最初针对Apple iPad发布，但随后发布了针对 Microsoft Windows 和Surface平板电脑（2016 年 2 月）和Android平板电脑（2017 年 6 月）的版本 。它使用PreSonus自己的UCNET协议，该协议用于跨多个PreSonus产品的网络连接和远程控制。</p>\n<p class=\"paragraph text-align-type-left pap-line-1.8 pap-line-rule-auto pap-spacing-before-2pt pap-spacing-after-2pt\">&nbsp;</p>\n<p class=\"paragraph text-align-type-left pap-line-1.8 pap-line-rule-auto pap-spacing-before-2pt pap-spacing-after-2pt\">可以通过远程控制的 Studio One 功能方面包括：</p>\n<p class=\"paragraph text-align-type-left pap-line-1.8 pap-line-rule-auto pap-spacing-before-2pt pap-spacing-after-2pt\">- 混合控制台，包括插入，发送，输入，输出，和提示混音。</p>\n<p class=\"paragraph text-align-type-left pap-line-1.8 pap-line-rule-auto pap-spacing-before-2pt pap-spacing-after-2pt\">- 走带栏和时间线标尺，包括标记和编曲器部分。</p>\n<p class=\"paragraph text-align-type-left pap-line-1.8 pap-line-rule-auto pap-spacing-before-2pt pap-spacing-after-2pt\">- 跟踪宏控件。</p>\n<p class=\"paragraph text-align-type-left pap-line-1.8 pap-line-rule-auto pap-spacing-before-2pt pap-spacing-after-2pt\">- 插件参数。</p>\n<p class=\"paragraph text-align-type-left pap-line-1.8 pap-line-rule-auto pap-spacing-before-2pt pap-spacing-after-2pt\">&nbsp;</p>\n<p class=\"paragraph text-align-type-left pap-line-1.8 pap-line-rule-auto pap-spacing-before-2pt pap-spacing-after-2pt\"><strong>Studio One Exchange</strong></p>\n<p class=\"paragraph text-align-type-left pap-line-1.8 pap-line-rule-auto pap-spacing-before-2pt pap-spacing-after-2pt\">Studio One Exchange（之前称为 PreSonus Exchange，于 2012 年 1 月与版本 2.0.4一起发布）是一项服务，允许注册的 Studio One 用户交换插件预设、MIDI文件和其他直接从应用程序中获取资源。Studio One 浏览器允许用户浏览、预览、下载和查看其他用户上传到此服务的项目，以及上传自己的项目。</p>\n<p class=\"paragraph text-align-type-left pap-line-1.8 pap-line-rule-auto pap-spacing-before-2pt pap-spacing-after-2pt\">&nbsp;</p>\n<p class=\"paragraph text-align-type-left pap-line-1.8 pap-line-rule-auto pap-spacing-before-2pt pap-spacing-after-2pt\">重新设计的 Exchange 版本，称为&ldquo;Exchange 2.0&rdquo;，于 2019 年 12 月 10 日作为 Studio One v4.6 的一部分发布。</p>\n<p class=\"paragraph text-align-type-left pap-line-1.8 pap-line-rule-auto pap-spacing-before-2pt pap-spacing-after-2pt\">&nbsp;</p>\n<p class=\"paragraph text-align-type-left pap-line-1.8 pap-line-rule-auto pap-spacing-before-2pt pap-spacing-after-2pt\"><strong>获奖</strong></p>\n<p class=\"paragraph text-align-type-left pap-line-1.8 pap-line-rule-auto pap-spacing-before-2pt pap-spacing-after-2pt\">Studio One 自首次发布以来获得了大部分正面评价。被称赞的方面主要包括快速的工作流程、成本效益和可用性。</p>\n<p class=\"paragraph text-align-type-left pap-line-1.8 pap-line-rule-auto pap-spacing-before-2pt pap-spacing-after-2pt\">&nbsp;</p>\n<p class=\"paragraph text-align-type-left pap-line-1.8 pap-line-rule-auto pap-spacing-before-2pt pap-spacing-after-2pt\">Studio One 在 2011 年、2012 年和 2013 年连续三年获得日本 VGP（视觉大奖赛）&ldquo;金奖&rdquo;。</p>\n<p class=\"paragraph text-align-type-left pap-line-1.8 pap-line-rule-auto pap-spacing-before-2pt pap-spacing-after-2pt\">&nbsp;</p>\n<p class=\"paragraph text-align-type-left pap-line-1.8 pap-line-rule-auto pap-spacing-before-2pt pap-spacing-after-2pt\">2012 年，《Resolution》杂志的读者将 Studio One 2.0评为&ldquo;DAW&rdquo;类别的决议奖得主。</p>\n<p class=\"paragraph text-align-type-left pap-line-1.8 pap-line-rule-auto pap-spacing-before-2pt pap-spacing-after-2pt\">&nbsp;</p>\n<p class=\"paragraph text-align-type-left pap-line-1.8 pap-line-rule-auto pap-spacing-before-2pt pap-spacing-after-2pt\">2013 年，Studio One 2.5 在&ldquo;最佳录音软件&rdquo;类别中获得了 MIPA（Musikmesse国际新闻奖）奖。2013 年获得的其他奖项包括 Visual Grand Prix Audio Excellence 奖（&ldquo;DAW&rdquo;类别）、ProSoundWeb &amp; Live Sound International、读者选择奖和 Audio Media 的&ldquo;年度最佳设备&rdquo;奖，以及来自音乐工作室网站 DAWfreak.se 的 CIF（关注客户）奖。</p>\n<p class=\"paragraph text-align-type-left pap-line-1.8 pap-line-rule-auto pap-spacing-before-2pt pap-spacing-after-2pt\">&nbsp;</p>\n<p class=\"paragraph text-align-type-left pap-line-1.8 pap-line-rule-auto pap-spacing-before-2pt pap-spacing-after-2pt\">2016 年，Studio One 3.0在NAMM 上荣获 Music and Sound Retailer 颁发的&ldquo;2015 年最佳多轨录音机/录音和混音软件&rdquo;奖。</p>\n</div>\n</div>",
 "contentEn": "<p><strong>Studio One</strong>&nbsp;is a&nbsp;digital audio workstation&nbsp;(DAW) application, used to create,&nbsp;record,&nbsp;mix&nbsp;and&nbsp;master&nbsp;music and other audio, with functionality also available for video. It is developed by&nbsp;PreSonus&nbsp;and available for&nbsp;macOS&nbsp;and&nbsp;Microsoft Windows. In addition to the commercial editions of the software (known as&nbsp;<em>Studio One Artist</em>&nbsp;and&nbsp;<em>Studio One Professional</em>), PreSonus also distributes a free edition, with reduced functionality (known as&nbsp;<em>Studio One Prime</em>). The Professional edition is also available as part of the&nbsp;<em>PreSonus Sphere</em>&nbsp;monthly subscription program.</p>\n<p>&nbsp;</p>\n<h2><span id=\"History\" class=\"mw-headline\">History</span></h2>\n<h3><span id=\"Early_development_and_release_.282004.E2.80.932011.29\"></span><span id=\"Early_development_and_release_(2004&ndash;2011)\" class=\"mw-headline\">Early development and release (2004&ndash;2011)</span></h3>\n<p>Studio One originally began development under the name&nbsp;<em>K2</em>, as a follow-up to the&nbsp;KRISTAL Audio Engine.<sup id=\"cite_ref-:17_1-0\" class=\"reference\">[1]</sup>&nbsp;Although development for this follow-up began in 2004,<sup id=\"cite_ref-2\" class=\"reference\">[2]</sup>&nbsp;it transitioned in 2006 to a cooperation between&nbsp;PreSonus&nbsp;and KristalLabs Software Ltd., a start-up founded by former&nbsp;Steinberg&nbsp;employees Wolfgang Kundrus and Matthias Juwan.<sup id=\"cite_ref-:24_3-0\" class=\"reference\">[3]</sup>&nbsp;Kundrus was one of the developers for initial versions of&nbsp;Cubase, and established concepts for the first version of&nbsp;Nuendo.<sup id=\"cite_ref-4\" class=\"reference\">[4]</sup>&nbsp;Juwan was the author of the original&nbsp;KRISTAL Audio Engine, wrote the specification for version 3 of the&nbsp;VST&nbsp;plug-in&nbsp;standard, and had also worked on multiple&nbsp;Steinberg&nbsp;products, including&nbsp;Cubase,&nbsp;Nuendo, and&nbsp;HALion.<sup id=\"cite_ref-:02_5-0\" class=\"reference\">[5]</sup></p>\n<p>&nbsp;</p>\n<p>KristalLabs then became part of&nbsp;PreSonus&nbsp;in 2009,<sup id=\"cite_ref-:24_3-1\" class=\"reference\">[3]</sup>&nbsp;and the former KristalLabs logo was used as the basis for the logo of Studio One.<sup id=\"cite_ref-6\" class=\"reference\">[6]</sup></p>\n<p>&nbsp;</p>\n<p>The first version of Studio One was announced on 1 April 2009 at&nbsp;Musikmesse,<sup id=\"cite_ref-7\" class=\"reference\">[7]</sup><sup id=\"cite_ref-8\" class=\"reference\">[8]</sup>&nbsp;and released on 27 September 2009.<sup id=\"cite_ref-:5_9-0\" class=\"reference\">[9]</sup><sup id=\"cite_ref-:1_10-0\" class=\"reference\">[10]</sup>&nbsp;The final update for Studio One version 1 (v1.6.5) was released in July 2011.<sup id=\"cite_ref-:10_11-0\" class=\"reference\">[11]</sup><sup id=\"cite_ref-:23_12-0\" class=\"reference\">[12]</sup></p>\n<p>&nbsp;</p>\n<h3><span id=\"Versions_2_.26_3_.282011.E2.80.932018.29\"></span><span id=\"Versions_2_&amp;_3_(2011&ndash;2018)\" class=\"mw-headline\">Versions 2 &amp; 3 (2011&ndash;2018)</span></h3>\n<p>Version 2 of Studio One was announced on 17 October 2011,<sup id=\"cite_ref-:0_13-0\" class=\"reference\">[13]</sup><sup id=\"cite_ref-:25_14-0\" class=\"reference\">[14]</sup>&nbsp;and released on 31 October 2011 (alongside the 2.0.2 update).<sup id=\"cite_ref-:6_15-0\" class=\"reference\">[15]</sup>&nbsp;This release of the software introduced multiple enhancements, including integration with&nbsp;Celemony Melodyne,&nbsp;transient&nbsp;detection &amp;&nbsp;quantization, groove extraction, multi-track&nbsp;comping, folder tracks, multi-track&nbsp;MIDI&nbsp;editing, an updated browser, and new&nbsp;plug-ins.<sup id=\"cite_ref-:16_16-0\" class=\"reference\">[16]</sup></p>\n<p>&nbsp;</p>\n<p>The integration of Studio One version 2 with&nbsp;Melodyne&nbsp;was achieved via the creation of a new&nbsp;plug-in&nbsp;extension, known as&nbsp;Audio Random Access&nbsp;(ARA). This extension, developed jointly by&nbsp;PreSonus&nbsp;and&nbsp;Celemony, allows an audio&nbsp;plug-in&nbsp;to appear as an integrated part of the application.<sup id=\"cite_ref-:9_17-0\" class=\"reference\">[17]</sup></p>\n<p>&nbsp;</p>\n<p>Version 3 of Studio One was released on 20 May 2015.<sup id=\"cite_ref-:26_18-0\" class=\"reference\">[18]</sup>&nbsp;The new features included an arranger track, scratchpads for idea experimentation, the ability to chain together different effects and instruments,&nbsp;MIDI&nbsp;note effects, new&nbsp;plug-ins, and the ability to use curves in&nbsp;automation.<sup id=\"cite_ref-:8_19-0\" class=\"reference\">[19]</sup></p>\n<p>&nbsp;</p>\n<h3><span id=\"Versions_4_.26_5_.282018.E2.80.93present.29\"></span><span id=\"Versions_4_&amp;_5_(2018&ndash;present)\" class=\"mw-headline\">Versions 4 &amp; 5 (2018&ndash;present)</span></h3>\n<p>Following teaser images on&nbsp;social media&nbsp;websites in the preceding weeks,<sup id=\"cite_ref-20\" class=\"reference\">[20]</sup>&nbsp;version 4 of Studio One was announced via a&nbsp;YouTube&nbsp;live stream&nbsp;event on 22 May 2018, and released simultaneously.<sup id=\"cite_ref-21\" class=\"reference\">[21]</sup><sup id=\"cite_ref-:18_22-0\" class=\"reference\">[22]</sup>&nbsp;New features in version 4 included a&nbsp;chord&nbsp;track (with&nbsp;chord&nbsp;detection,&nbsp;transposition&nbsp;and&nbsp;chord&nbsp;substitution options), a dedicated drum editing interface, expanded&nbsp;drum machine&nbsp;&amp;&nbsp;sampler&nbsp;plug-ins,&nbsp;AAF-format import/export functionality (to exchange data with other DAW applications), and support for version 2 of the&nbsp;ARA&nbsp;plug-in extension.<sup id=\"cite_ref-:18_22-1\" class=\"reference\">[22]</sup></p>\n<p>&nbsp;</p>\n<p>Almost exactly a year later, on 21 May 2019, this functionality was expanded further with the live stream announcement and simultaneous release of version 4.5.<sup id=\"cite_ref-:20_23-0\" class=\"reference\">[23]</sup>&nbsp;New functionality introduced with version 4.5 included input channel&nbsp;gain staging&nbsp;and&nbsp;phase/polarity&nbsp;options, a built-in plug-in manager,&nbsp;M4A&nbsp;(AAC/ALAC) support, video export options, new grouping options,&nbsp;RMS&nbsp;metering, pre-fader metering, CPU multi-core optimization, and expanded&nbsp;macro&nbsp;features, alongside a new&nbsp;add-on&nbsp;for batch audio conversion &amp; processing.<sup id=\"cite_ref-:7_24-0\" class=\"reference\">[24]</sup><sup id=\"cite_ref-:21_25-0\" class=\"reference\">[25]</sup></p>\n<p>&nbsp;</p>\n<p>The release of version 4.6 was preceded by a launch party event, hosted by PreSonus at the&nbsp;Red Bull&nbsp;Studios building in&nbsp;London.<sup id=\"cite_ref-26\" class=\"reference\">[26]</sup>&nbsp;Its release on 10 December 2019 included a re-designed and expanded version of the 'Ampire'&nbsp;guitar amplifier&nbsp;and effects plugin (including new&nbsp;effects pedal&nbsp;options), a re-designed content browser, and new templates &amp; macros for&nbsp;podcast&nbsp;production.<sup id=\"cite_ref-:30_27-0\" class=\"reference\">[27]</sup><sup id=\"cite_ref-:31_28-0\" class=\"reference\">[28]</sup></p>\n<p>&nbsp;</p>\n<p>Version 5 of Studio One, described as \"ten years in the making\", was announced via&nbsp;live-stream&nbsp;video on 7 July 2020. Features added in this new version included a full score editor (with features similar to that of PreSonus' notation software,&nbsp;Notion), a 'Show&rsquo; interface focused on supporting live performances, MIDI support enhancements (such as&nbsp;polyphonic expression, custom&nbsp;ROLI&nbsp;device support, and the ability to use&nbsp;MTC&nbsp;&amp;&nbsp;MMC&nbsp;to synchronize Studio One with external clocks). Version 5 also added support for recording in&nbsp;64-bit&nbsp;floating-point&nbsp;WAV format, bringing the maximum precision for recording &amp; processing to 64-bit/384 kHz and thereby making Studio One one of the highest-resolution audio production and mastering applications available.<sup id=\"cite_ref-:32_29-0\" class=\"reference\">[29]</sup><sup id=\"cite_ref-:33_30-0\" class=\"reference\">[30]</sup><sup id=\"cite_ref-:35_31-0\" class=\"reference\">[31]</sup></p>\n<p>&nbsp;</p>\n<h2><span id=\"Features\" class=\"mw-headline\">Features</span></h2>\n<h3><span id=\"Standard_DAW_Features\" class=\"mw-headline\">Standard DAW Features</span></h3>\n<div class=\"hatnote navigation-not-searchable\" role=\"note\">Main article:&nbsp;Digital audio workstation</div>\n<p>In addition to its other functionality, Studio One includes fundamental features which are common across most digital audio workstation software, such as the functionality found in&nbsp;multi-track recorders&nbsp;and&nbsp;audio mixing consoles, plus additional functions not possible with&nbsp;analog recording&nbsp;(such as&nbsp;undoing&nbsp;previous actions, editing without loss of information, use of&nbsp;virtual instruments, etc.).<sup id=\"cite_ref-:12_32-0\" class=\"reference\">[32]</sup></p>\n<p>&nbsp;</p>\n<h3><span id=\"Editions\" class=\"mw-headline\">Editions</span></h3>\n<p>Studio One is available in 3 editions, each with a different license cost (if any) and set of features. The Professional edition is also available as part of the&nbsp;<em>PreSonus Sphere</em>&nbsp;monthly subscription program, which also includes other PreSonus software, such as Notion, and all of its available plug-ins.<sup id=\"cite_ref-:34_33-0\" class=\"reference\">[33]</sup></p>\n<p>&nbsp;</p>\n<h3><span id=\"Other_Features\" class=\"mw-headline\">Other Features</span></h3>\n<p>The other core features of Studio One include the following:</p>\n<ul>\n<li>A&nbsp;multi-touch&nbsp;interface with drag-and-drop functionality and support for multiple screens, including&nbsp;HDPI&nbsp;displays.<sup id=\"cite_ref-:8_19-1\" class=\"reference\">[19]</sup></li>\n<li>A separate Project-level interface, which contains tools for&nbsp;mastering, managing the&nbsp;metadata&nbsp;of, and exporting one or more songs simultaneously, including options for creating&nbsp;Red Book Standard&nbsp;CDs&nbsp;or&nbsp;disk images&nbsp;(Professional Edition only).<sup id=\"cite_ref-47\" class=\"reference\">[47]</sup></li>\n<li>A separate Show-level interface, designed for use in coordinating the entirety of live performances from a single location.<sup id=\"cite_ref-48\" class=\"reference\">[48]</sup></li>\n<li>Real-time&nbsp;audio time-stretching&nbsp;features.<sup id=\"cite_ref-49\" class=\"reference\">[49]</sup></li>\n<li>Integrated&nbsp;music score&nbsp;editor.<sup id=\"cite_ref-:32_29-1\" class=\"reference\">[29]</sup></li>\n<li>Multiple&nbsp;automation&nbsp;patterns for tracks and&nbsp;plug-ins, including straight lines,&nbsp;exponential/parabolic&nbsp;curves,&nbsp;square waves,&nbsp;triangle waves,&nbsp;sine waves, etc.<sup id=\"cite_ref-50\" class=\"reference\">[50]</sup></li>\n<li>Support for the&nbsp;ARA/ARA2 extension&nbsp;for&nbsp;audio plug-ins, allowing them to closely integrate as part of the application.<sup id=\"cite_ref-:9_17-1\" class=\"reference\">[17]</sup></li>\n<li>A&nbsp;chord&nbsp;track, with automatic&nbsp;chord&nbsp;detection from audio or&nbsp;MIDI&nbsp;tracks, and options for&nbsp;chord&nbsp;transposition&nbsp;and substitution (Professional Edition only).<sup id=\"cite_ref-:18_22-2\" class=\"reference\">[22]</sup></li>\n<li>An arranger track, for navigating song sections and re-arranging them via drag-and-drop.<sup id=\"cite_ref-:8_19-2\" class=\"reference\">[19]</sup></li>\n<li>Scratch pads, for users to experiment with different song layouts without impacting the original version (Professional Edition only).<sup id=\"cite_ref-:8_19-3\" class=\"reference\">[19]</sup></li>\n<li>Undo&nbsp;functionality across the&nbsp;mixing&nbsp;process, including for&nbsp;plug-ins,&nbsp;virtual instruments, routing, effects chains, and others.<sup id=\"cite_ref-:13_51-0\" class=\"reference\">[51]</sup></li>\n<li>The ability to create chains of&nbsp;virtual instruments&nbsp;and/or effects (Professional Edition only).<sup id=\"cite_ref-:8_19-4\" class=\"reference\">[19]</sup></li>\n<li>Support for MIDI Polyphonic Expression / Poly Pressure.<sup id=\"cite_ref-:32_29-2\" class=\"reference\">[29]</sup></li>\n<li>Support for&nbsp;MTC&nbsp;and&nbsp;MMC, to synchronize Studio One with external clocks.<sup id=\"cite_ref-:35_31-4\" class=\"reference\">[31]</sup></li>\n<li>MIDI&nbsp;note-level effects, such as an&nbsp;arpeggiator&nbsp;and a&nbsp;chord&nbsp;generator.<sup id=\"cite_ref-:8_19-5\" class=\"reference\">[19]</sup></li>\n<li>A dedicated interface for editing programmed drums, including configurable kit piece names for each note pitch.<sup id=\"cite_ref-:18_22-3\" class=\"reference\">[22]</sup></li>\n<li>Mix Engine effects:&nbsp;plug-ins&nbsp;that can be used to modify/bypass/replace the standard&nbsp;mixing&nbsp;processes for a specific&nbsp;bus/channel&nbsp;(Professional Edition only).<sup id=\"cite_ref-:14_52-0\" class=\"reference\">[52]</sup></li>\n<li>Support for users to switch to the&nbsp;keyboard shortcuts&nbsp;from other DAW software, such as&nbsp;Pro Tools,&nbsp;Logic Pro,&nbsp;Cubase, and&nbsp;Sonar.<sup id=\"cite_ref-53\" class=\"reference\">[53]</sup><sup id=\"cite_ref-54\" class=\"reference\">[54]</sup></li>\n<li>Compatibility with the Mackie Control Universal&nbsp;communications protocol&nbsp;(which combines functionality from Mackie Control,&nbsp;Logic Control&nbsp;and&nbsp;HUI<sup id=\"cite_ref-55\" class=\"reference\">[55]</sup>), for interfacing with&nbsp;audio control surfaces.<sup id=\"cite_ref-56\" class=\"reference\">[56]</sup><sup id=\"cite_ref-:27_57-0\" class=\"reference\">[57]</sup></li>\n<li>Compatibility with&nbsp;Native Instruments&nbsp;Komplete Kontrol MkII series keyboards.<sup id=\"cite_ref-:29_58-0\" class=\"reference\">[58]</sup></li>\n</ul>\n<h3>&nbsp;</h3>\n<h3><span id=\"Add-Ons\" class=\"mw-headline\">Add-Ons</span></h3>\n<p>Introduced with version 2.6.2 in January 2014, add-ons are optional items, developed either by PreSonus, or by third-parties, which can be acquired separately from the PreSonus store to expand the capabilities of Studio One. This can include new functionality (often known as 'extensions'),&nbsp;plug-ins,&nbsp;virtual instrument&nbsp;presets,&nbsp;loops, and other assets.<sup id=\"cite_ref-:4_45-1\" class=\"reference\">[45]</sup>&nbsp;Example add-on functionality includes the Audio Batch Converter (released alongside version 4.5), which allows for the offline conversion and processing of multiple audio files simultaneously, including the use of both native and third-party plug-ins.<sup id=\"cite_ref-:22_46-3\" class=\"reference\">[46]</sup></p>\n<p>&nbsp;</p>\n<p>Add-ons are also available to expand Studio One Artist to include other functionality from the Professional edition, including&nbsp;VST/AU/ReWire&nbsp;plug-in&nbsp;support,&nbsp;MP3&nbsp;support, and&nbsp;Studio One Remote&nbsp;support.<sup id=\"cite_ref-:4_45-2\" class=\"reference\">[45]</sup><sup id=\"cite_ref-:15_36-11\" class=\"reference\">[36]</sup></p>\n<p>&nbsp;</p>\n<h3><span id=\"Studio_One_Remote\" class=\"mw-headline\">Studio One Remote</span></h3>\n<p>Introduced alongside Studio One version 3 in 2015, Studio One Remote is an&nbsp;app&nbsp;for wirelessly controlling Studio One via a&nbsp;tablet device&nbsp;connected to the same network.<sup id=\"cite_ref-:3_43-1\" class=\"reference\">[43]</sup>&nbsp;Whilst originally released for the&nbsp;Apple iPad, Remote was subsequently released for Microsoft Windows &amp;&nbsp;Surface&nbsp;tablets (February 2016),<sup id=\"cite_ref-59\" class=\"reference\">[59]</sup>&nbsp;and for&nbsp;Android&nbsp;tablets (June 2017).<sup id=\"cite_ref-60\" class=\"reference\">[60]</sup>&nbsp;It uses&nbsp;PreSonus' own&nbsp;<em>UCNET</em>&nbsp;protocol, which is used for network connectivity and remote control across multiple&nbsp;PreSonus&nbsp;products.<sup id=\"cite_ref-:3_43-2\" class=\"reference\">[43]</sup></p>\n<p>&nbsp;</p>\n<p>Aspects of Studio One functionality which can be controlled via Remote include:<sup id=\"cite_ref-:3_43-3\" class=\"reference\">[43]</sup></p>\n<ul>\n<li>The&nbsp;mixing&nbsp;console, including inserts, sends, inputs, outputs, and cue mixes.</li>\n<li>The transport bar and timeline ruler, including markers and arranger sections.</li>\n<li>Track&nbsp;macro&nbsp;controls.</li>\n<li>Plug-in&nbsp;parameters.</li>\n</ul>\n<h3>&nbsp;</h3>\n<h3><span id=\"Studio_One_Exchange\" class=\"mw-headline\">Studio One Exchange</span></h3>\n<p>Studio One Exchange (previously known as PreSonus Exchange when it was first released in January 2012, alongside version 2.0.4<sup id=\"cite_ref-:28_61-0\" class=\"reference\">[61]</sup><sup id=\"cite_ref-:11_62-0\" class=\"reference\">[62]</sup>) is a service which allows registered Studio One users to exchange&nbsp;plug-in&nbsp;presets,&nbsp;MIDI&nbsp;files and other resources from directly within the application.<sup id=\"cite_ref-63\" class=\"reference\">[63]</sup>&nbsp;The Studio One Browser allows users to explore, preview, download, and review items uploaded to this service by other users, as well as upload their own.<sup id=\"cite_ref-64\" class=\"reference\">[64]</sup></p>\n<p>&nbsp;</p>\n<p>A re-designed version of Exchange, referred to as 'Exchange 2.0' was released as part of Studio One v4.6 on 10 December 2019.<sup id=\"cite_ref-:30_27-1\" class=\"reference\">[27]</sup></p>\n<p>&nbsp;</p>\n<h2><span id=\"Reception\" class=\"mw-headline\">Reception</span></h2>\n<p>Studio One has received mostly positive reviews since its initial release. Common areas of praise include rapid workflow, cost-effectiveness, and usability.<sup id=\"cite_ref-:8_19-6\" class=\"reference\">[19]</sup><sup id=\"cite_ref-65\" class=\"reference\">[65]</sup><sup id=\"cite_ref-66\" class=\"reference\">[66]</sup><sup id=\"cite_ref-67\" class=\"reference\">[67]</sup><sup id=\"cite_ref-68\" class=\"reference\">[68]</sup><sup id=\"cite_ref-69\" class=\"reference\">[69]</sup></p>\n<p>&nbsp;</p>\n<p>Studio One won the Japanese V.G.P. (Visual Grand Prix) 'Gold' award for three consecutive years, in 2011, 2012, and 2013.<sup id=\"cite_ref-70\" class=\"reference\">[70]</sup></p>\n<p>&nbsp;</p>\n<p>In 2012, readers of Resolution Magazine named Studio One (version 2) as the Resolution Award winner in the 'DAW' category.<sup id=\"cite_ref-71\" class=\"reference\">[71]</sup><sup id=\"cite_ref-72\" class=\"reference\">[72]</sup></p>\n<p>&nbsp;</p>\n<p>In 2013, Studio One (version 2.5) won a M.I.P.A. (Musikmesse&nbsp;International Press Awards) award in the 'Best Recording Software' category.<sup id=\"cite_ref-73\" class=\"reference\">[73]</sup><sup id=\"cite_ref-74\" class=\"reference\">[74]</sup>&nbsp;Other awards received in 2013 included the Visual Grand Prix Audio Excellence award (in the 'DAW' category), the ProSoundWeb &amp; Live Sound International, Readers&rsquo; Choice Award, and Audio Media's 'Gear of the Year' award, and the C.I.F. (Customers in Focus) award from the music studio website DAWfreak.se.<sup id=\"cite_ref-75\" class=\"reference\">[75]</sup><sup id=\"cite_ref-76\" class=\"reference\">[76]</sup><sup id=\"cite_ref-77\" class=\"reference\">[77]</sup><sup id=\"cite_ref-78\" class=\"reference\">[78]</sup><sup id=\"cite_ref-79\" class=\"reference\">[79]</sup><sup id=\"cite_ref-80\" class=\"reference\">[80]</sup></p>\n<p>&nbsp;</p>\n<p>In 2016, Studio One (version 3) won Music and Sound Retailer's award for 'Best Multitrack Recorder/Recording &amp; Mixing Software of 2015' at&nbsp;NAMM.<sup id=\"cite_ref-81\" class=\"reference\">[81]</sup><sup id=\"cite_ref-82\" class=\"reference\">[82]</sup></p>\n<p>&nbsp;</p>\n<h2><span id=\"References\" class=\"mw-headline\">References</span></h2>\n<div class=\"reflist\">\n<div class=\"mw-references-wrap mw-references-columns\">\n<ol class=\"references\">\n<li id=\"cite_note-:17-1\"><span class=\"mw-cite-backlink\"><strong>^</strong></span>&nbsp;<span class=\"reference-text\"><cite id=\"CITEREFJuwan2009\" class=\"citation web cs1\">Juwan, Matthias (1 April 2009).&nbsp;\"PreSonus/KristalLabs unveiled Studio One!\".&nbsp;<em>Kreatives</em><span class=\"reference-accessdate\">. Retrieved&nbsp;<span class=\"nowrap\">16 April</span>&nbsp;2018</span>.</cite></span></li>\n<li id=\"cite_note-2\"><span class=\"mw-cite-backlink\"><strong>^</strong></span>&nbsp;<span class=\"reference-text\"><cite class=\"citation web cs1\">\"KRISTAL 2 &ndash; The Future\".&nbsp;<em>KRISTAL User Community</em><span class=\"reference-accessdate\">. Retrieved&nbsp;<span class=\"nowrap\">16 April</span>&nbsp;2018</span>.</cite></span></li>\n<li id=\"cite_note-:24-3\"><span class=\"mw-cite-backlink\">^&nbsp;<span class=\"cite-accessibility-label\">Jump up to:</span><sup><em><strong>a</strong></em></sup>&nbsp;<sup><em><strong>b</strong></em></sup></span>&nbsp;<span class=\"reference-text\"><cite id=\"CITEREFTeignos2013\" class=\"citation news cs1\">Teignos, Los (2 January 2013).&nbsp;\"AudioFanzine met Studio One's technical director\".&nbsp;<em>Audiofanzine</em><span class=\"reference-accessdate\">. Retrieved&nbsp;<span class=\"nowrap\">20 March</span>&nbsp;2018</span>.</cite></span></li>\n<li id=\"cite_note-4\"><span class=\"mw-cite-backlink\"><strong>^</strong></span>&nbsp;<span class=\"reference-text\"><cite class=\"citation web cs1\">\"Kundrus is Senior Developer for Software Architect\".&nbsp;<em>Music Connection Magazine</em><span class=\"reference-accessdate\">. Retrieved&nbsp;<span class=\"nowrap\">16 April</span>&nbsp;2018</span>.</cite></span></li>\n<li id=\"cite_note-:02-5\"><span class=\"mw-cite-backlink\"><strong>^</strong></span>&nbsp;<span class=\"reference-text\"><cite id=\"CITEREFRandall2009\" class=\"citation web cs1\">Randall, Brent (29 April 2009).&nbsp;\"Interview with Jim Odom and Jim Mack- President Of Presonus\".&nbsp;<em>ProRec</em>. Archived from&nbsp;the original&nbsp;on 13 February 2010<span class=\"reference-accessdate\">. Retrieved&nbsp;<span class=\"nowrap\">2 March</span>&nbsp;2010</span>.</cite></span></li>\n<li id=\"cite_note-6\"><span class=\"mw-cite-backlink\"><strong>^</strong></span>&nbsp;<span class=\"reference-text\"><cite class=\"citation news cs1\">\"Where Did The PreSonus Studio One Logo Come From?\".&nbsp;<em>Pro Tools Expert</em>. 6 May 2015<span class=\"reference-accessdate\">. Retrieved&nbsp;<span class=\"nowrap\">17 April</span>&nbsp;2018</span>.</cite></span></li>\n<li id=\"cite_note-7\"><span class=\"mw-cite-backlink\"><strong>^</strong></span>&nbsp;<span class=\"reference-text\"><cite class=\"citation web cs1\">\"Introducing Studio One\".&nbsp;<em>PreSonus</em>. 1 April 2009<span class=\"reference-accessdate\">. Retrieved&nbsp;<span class=\"nowrap\">15 March</span>&nbsp;2018</span>.</cite></span></li>\n<li id=\"cite_note-8\"><span class=\"mw-cite-backlink\"><strong>^</strong></span>&nbsp;<span class=\"reference-text\"><cite class=\"citation web cs1\">\"Musikmesse 2009: PreSonus announces Studio One\".&nbsp;<em>KVR Audio</em>. 2 May 2009<span class=\"reference-accessdate\">. Retrieved&nbsp;<span class=\"nowrap\">16 April</span>&nbsp;2018</span>.</cite></span></li>\n<li id=\"cite_note-:5-9\"><span class=\"mw-cite-backlink\">^&nbsp;<span class=\"cite-accessibility-label\">Jump up to:</span><sup><em><strong>a</strong></em></sup>&nbsp;<sup><em><strong>b</strong></em></sup></span>&nbsp;<span class=\"reference-text\"><cite class=\"citation web cs1\">\"PreSonus Ships Studio One Pro&trade; and Studio One Artist&trade;!\".&nbsp;<em>PreSonus</em>. 27 September 2009<span class=\"reference-accessdate\">. Retrieved&nbsp;<span class=\"nowrap\">15 March</span>&nbsp;2018</span>.</cite></span></li>\n<li id=\"cite_note-:1-10\"><span class=\"mw-cite-backlink\">^&nbsp;<span class=\"cite-accessibility-label\">Jump up to:</span><sup><em><strong>a</strong></em></sup>&nbsp;<sup><em><strong>b</strong></em></sup></span>&nbsp;<span class=\"reference-text\"><cite id=\"CITEREFLassen2010\" class=\"citation web cs1\">Lassen, Justin (8 January 2010).&nbsp;\"PreSonus Studio One\".&nbsp;<em>Studio Daily</em><span class=\"reference-accessdate\">. Retrieved&nbsp;<span class=\"nowrap\">22 May</span>2019</span>.</cite></span></li>\n<li id=\"cite_note-:10-11\"><span class=\"mw-cite-backlink\">^&nbsp;<span class=\"cite-accessibility-label\">Jump up to:</span><sup><em><strong>a</strong></em></sup>&nbsp;<sup><em><strong>b</strong></em></sup></span>&nbsp;<span class=\"reference-text\"><cite class=\"citation web cs1\">\"PreSonus and Lion\".&nbsp;<em>Sweetwater inSync</em>. 27 July 2011<span class=\"reference-accessdate\">. Retrieved&nbsp;<span class=\"nowrap\">22 May</span>&nbsp;2019</span>.</cite></span></li>\n<li id=\"cite_note-:23-12\"><span class=\"mw-cite-backlink\">^&nbsp;<span class=\"cite-accessibility-label\">Jump up to:</span><sup><em><strong>a</strong></em></sup>&nbsp;<sup><em><strong>b</strong></em></sup></span>&nbsp;<span class=\"reference-text\"><cite class=\"citation web cs1\">\"PreSonus updates Studio One to v1.6.5\".&nbsp;<em>KVR Audio</em>. 26 July 2011<span class=\"reference-accessdate\">. Retrieved&nbsp;<span class=\"nowrap\">22 May</span>2019</span>.</cite></span></li>\n<li id=\"cite_note-:0-13\"><span class=\"mw-cite-backlink\">^&nbsp;<span class=\"cite-accessibility-label\">Jump up to:</span><sup><em><strong>a</strong></em></sup>&nbsp;<sup><em><strong>b</strong></em></sup></span>&nbsp;<span class=\"reference-text\"><cite class=\"citation web cs1\">\"PreSonus Announces Studio One 2 &ndash; a Stunning Upgrade!\".&nbsp;<em>PreSonus</em>. 17 October 2011<span class=\"reference-accessdate\">. Retrieved&nbsp;<span class=\"nowrap\">15 March</span>&nbsp;2018</span>.</cite></span></li>\n<li id=\"cite_note-:25-14\"><span class=\"mw-cite-backlink\">^&nbsp;<span class=\"cite-accessibility-label\">Jump up to:</span><sup><em><strong>a</strong></em></sup>&nbsp;<sup><em><strong>b</strong></em></sup></span>&nbsp;<span class=\"reference-text\"><cite class=\"citation web cs1\">\"Studio One 2\".&nbsp;<em>Sweetwater inSync</em>. 19 October 2011<span class=\"reference-accessdate\">. Retrieved&nbsp;<span class=\"nowrap\">22 May</span>&nbsp;2019</span>.</cite></span></li>\n<li id=\"cite_note-:6-15\"><span class=\"mw-cite-backlink\">^&nbsp;<span class=\"cite-accessibility-label\">Jump up to:</span><sup><em><strong>a</strong></em></sup>&nbsp;<sup><em><strong>b</strong></em></sup></span>&nbsp;<span class=\"reference-text\"><cite class=\"citation web cs1\">\"PreSonus Studio One 2.0.2 Update Released\".&nbsp;<em>PreSonus</em>. 31 October 2011<span class=\"reference-accessdate\">. Retrieved&nbsp;<span class=\"nowrap\">15 March</span>&nbsp;2018</span>.</cite></span></li>\n<li id=\"cite_note-:16-16\"><span class=\"mw-cite-backlink\">^&nbsp;<span class=\"cite-accessibility-label\">Jump up to:</span><sup><em><strong>a</strong></em></sup>&nbsp;<sup><em><strong>b</strong></em></sup></span>&nbsp;<span class=\"reference-text\"><cite class=\"citation web cs1\">\"PreSonus Studio One v2 Integrates Melodyne &ndash; Can Your DAW Do This?\".&nbsp;<em>Synthtopia</em>. 19 October 2011<span class=\"reference-accessdate\">. Retrieved&nbsp;<span class=\"nowrap\">11 April</span>&nbsp;2018</span>.</cite></span></li>\n<li id=\"cite_note-:9-17\"><span class=\"mw-cite-backlink\">^&nbsp;<span class=\"cite-accessibility-label\">Jump up to:</span><sup><em><strong>a</strong></em></sup>&nbsp;<sup><em><strong>b</strong></em></sup></span>&nbsp;<span class=\"reference-text\"><cite id=\"CITEREFRogerson2011\" class=\"citation news cs1\">Rogerson, Ben (18 October 2011).&nbsp;\"Celemony explains ARA: new VST/AU/RTAS plug-in extension\".&nbsp;<em>MusicRadar</em><span class=\"reference-accessdate\">. Retrieved&nbsp;<span class=\"nowrap\">10 April</span>&nbsp;2018</span>.</cite></span></li>\n<li id=\"cite_note-:26-18\"><span class=\"mw-cite-backlink\">^&nbsp;<span class=\"cite-accessibility-label\">Jump up to:</span><sup><em><strong>a</strong></em></sup>&nbsp;<sup><em><strong>b</strong></em></sup></span>&nbsp;<span class=\"reference-text\"><cite class=\"citation web cs1\">\"PreSonus Unveils Studio One 3\".&nbsp;<em>Sweetwater inSync</em>. 20 May 2015<span class=\"reference-accessdate\">. Retrieved&nbsp;<span class=\"nowrap\">22 May</span>2019</span>.</cite></span></li>\n<li id=\"cite_note-:8-19\"><span class=\"mw-cite-backlink\">^&nbsp;<span class=\"cite-accessibility-label\">Jump up to:</span><sup><em><strong>a</strong></em></sup>&nbsp;<sup><em><strong>b</strong></em></sup>&nbsp;<sup><em><strong>c</strong></em></sup>&nbsp;<sup><em><strong>d</strong></em></sup>&nbsp;<sup><em><strong>e</strong></em></sup>&nbsp;<sup><em><strong>f</strong></em></sup>&nbsp;<sup><em><strong>g</strong></em></sup>&nbsp;<sup><em><strong>h</strong></em></sup></span>&nbsp;<span class=\"reference-text\"><cite id=\"CITEREFVincent\" class=\"citation web cs1\">Vincent, Robin.&nbsp;\"PreSonus Studio One 3\".&nbsp;<em>Sound On Sound</em><span class=\"reference-accessdate\">. Retrieved&nbsp;<span class=\"nowrap\">10 April</span>2018</span>.</cite></span></li>\n<li id=\"cite_note-20\"><span class=\"mw-cite-backlink\"><strong>^</strong></span>&nbsp;<span class=\"reference-text\"><cite class=\"citation web cs1\">\"Videos - PreSonus Audio Electronics\".&nbsp;<em>Facebook</em>. 10 May 2018<span class=\"reference-accessdate\">. Retrieved&nbsp;<span class=\"nowrap\">24 May</span>&nbsp;2018</span>.</cite></span></li>\n<li id=\"cite_note-21\"><span class=\"mw-cite-backlink\"><strong>^</strong></span>&nbsp;<span class=\"reference-text\"><cite class=\"citation web cs1\">\"&bull; &bull; &bull; &bull;\".&nbsp;<em>YouTube</em>. 22 May 2018<span class=\"reference-accessdate\">. Retrieved&nbsp;<span class=\"nowrap\">17 January</span>&nbsp;2019</span>.</cite></span></li>\n<li id=\"cite_note-:18-22\"><span class=\"mw-cite-backlink\">^&nbsp;<span class=\"cite-accessibility-label\">Jump up to:</span><sup><em><strong>a</strong></em></sup>&nbsp;<sup><em><strong>b</strong></em></sup>&nbsp;<sup><em><strong>c</strong></em></sup>&nbsp;<sup><em><strong>d</strong></em></sup>&nbsp;<sup><em><strong>e</strong></em></sup></span>&nbsp;<span class=\"reference-text\"><cite id=\"CITEREFHughes2018\" class=\"citation news cs1\">Hughes, Russ (22 May 2018).&nbsp;\"PreSonus Announce Studio One 4 &ndash; Chord Track, Pattern Mode, AAF Import And Export, Song Data Import, Impact XT and Sample One XT And More...\"&nbsp;<em>Pro Tools Expert</em><span class=\"reference-accessdate\">. Retrieved&nbsp;<span class=\"nowrap\">22 May</span>&nbsp;2018</span>.</cite></span></li>\n<li id=\"cite_note-:20-23\"><span class=\"mw-cite-backlink\"><strong>^</strong></span>&nbsp;<span class=\"reference-text\"><cite class=\"citation web cs1\">\"You Asked For It...\"&nbsp;<em>YouTube</em>. 21 May 2019<span class=\"reference-accessdate\">. Retrieved&nbsp;<span class=\"nowrap\">21 May</span>&nbsp;2019</span>.</cite></span></li>\n<li id=\"cite_note-:7-24\"><span class=\"mw-cite-backlink\">^&nbsp;<span class=\"cite-accessibility-label\">Jump up to:</span><sup><em><strong>a</strong></em></sup>&nbsp;<sup><em><strong>b</strong></em></sup></span>&nbsp;<span class=\"reference-text\"><cite class=\"citation web cs1\">\"Studio One 4.5 - Everything You Need To Know About The Latest Version Of PreSonus Studio One\".&nbsp;<em>Production Expert</em>. 21 May 2019<span class=\"reference-accessdate\">. Retrieved&nbsp;<span class=\"nowrap\">21 May</span>&nbsp;2019</span>.</cite></span></li>\n<li id=\"cite_note-:21-25\"><span class=\"mw-cite-backlink\">^&nbsp;<span class=\"cite-accessibility-label\">Jump up to:</span><sup><em><strong>a</strong></em></sup>&nbsp;<sup><em><strong>b</strong></em></sup></span>&nbsp;<span class=\"reference-text\"><cite class=\"citation web cs1\">\"PreSonus launches Studio One 4.5, Audio Batch Converter Add-on now available\".&nbsp;<em>Rekkerd</em>. 22 May 2019<span class=\"reference-accessdate\">. Retrieved&nbsp;<span class=\"nowrap\">22 May</span>&nbsp;2019</span>.</cite></span></li>\n<li id=\"cite_note-26\"><span class=\"mw-cite-backlink\"><strong>^</strong></span>&nbsp;<span class=\"reference-text\"><cite id=\"CITEREFCooper2019\" class=\"citation web cs1\">Cooper, Dan (26 November 2019).&nbsp;\"Presonus StudioOne 4.6 Is Coming - Sign Up And Attend The Free Launch Party At Redbull Studios London\".&nbsp;<em>Production Expert</em><span class=\"reference-accessdate\">. Retrieved&nbsp;<span class=\"nowrap\">4 December</span>2019</span>.</cite></span></li>\n<li id=\"cite_note-:30-27\"><span class=\"mw-cite-backlink\">^&nbsp;<span class=\"cite-accessibility-label\">Jump up to:</span><sup><em><strong>a</strong></em></sup>&nbsp;<sup><em><strong>b</strong></em></sup>&nbsp;<sup><em><strong>c</strong></em></sup></span>&nbsp;<span class=\"reference-text\"><cite id=\"CITEREFWillings2019\" class=\"citation web cs1\">Willings, Sam (10 December 2019).&nbsp;\"PreSonus Studio One 4.6 introduces new amp modelling technology\".&nbsp;<em>MusicTech</em><span class=\"reference-accessdate\">. Retrieved&nbsp;<span class=\"nowrap\">11 December</span>&nbsp;2019</span>.</cite></span></li>\n<li id=\"cite_note-:31-28\"><span class=\"mw-cite-backlink\">^&nbsp;<span class=\"cite-accessibility-label\">Jump up to:</span><sup><em><strong>a</strong></em></sup>&nbsp;<sup><em><strong>b</strong></em></sup></span>&nbsp;<span class=\"reference-text\"><cite class=\"citation web cs1\">\"Studio One 4.6 Announced With Killer Guitar Modelling System Ampire And More - Free Update for Existing Owners\".&nbsp;<em>Production Expert</em>. 10 December 2019<span class=\"reference-accessdate\">. Retrieved&nbsp;<span class=\"nowrap\">11 December</span>2019</span>.</cite></span></li>\n<li id=\"cite_note-:32-29\"><span class=\"mw-cite-backlink\">^&nbsp;<span class=\"cite-accessibility-label\">Jump up to:</span><sup><em><strong>a</strong></em></sup>&nbsp;<sup><em><strong>b</strong></em></sup>&nbsp;<sup><em><strong>c</strong></em></sup>&nbsp;<sup><em><strong>d</strong></em></sup></span>&nbsp;<span class=\"reference-text\"><cite class=\"citation web cs1\">\"PreSonus Studio One 5 unveiled\".&nbsp;<em>Sound on Sound</em>. 7 July 2020<span class=\"reference-accessdate\">. Retrieved&nbsp;<span class=\"nowrap\">10 July</span>2020</span>.</cite></span></li>\n<li id=\"cite_note-:33-30\"><span class=\"mw-cite-backlink\">^&nbsp;<span class=\"cite-accessibility-label\">Jump up to:</span><sup><em><strong>a</strong></em></sup>&nbsp;<sup><em><strong>b</strong></em></sup></span>&nbsp;<span class=\"reference-text\"><cite id=\"CITEREFRogerson2020\" class=\"citation web cs1\">Rogerson, Ben (7 July 2020).&nbsp;\"<span class=\"cs1-kern-left\">\"</span>10 years in the making\": PreSonus announces Studio One 5 DAW\".&nbsp;<em>MusicRadar</em><span class=\"reference-accessdate\">. Retrieved&nbsp;<span class=\"nowrap\">10 July</span>&nbsp;2020</span>.</cite></span></li>\n<li id=\"cite_note-:35-31\"><span class=\"mw-cite-backlink\">^&nbsp;<span class=\"cite-accessibility-label\">Jump up to:</span><sup><em><strong>a</strong></em></sup>&nbsp;<sup><em><strong>b</strong></em></sup>&nbsp;<sup><em><strong>c</strong></em></sup>&nbsp;<sup><em><strong>d</strong></em></sup>&nbsp;<sup><em><strong>e</strong></em></sup></span>&nbsp;<span class=\"reference-text\"><cite class=\"citation web cs1\">\"PreSonus Studio One 5 - Everything You Need To Know | Studio One\".&nbsp;<em>Production Expert</em>. 7 July 2020<span class=\"reference-accessdate\">. Retrieved&nbsp;<span class=\"nowrap\">10 July</span>&nbsp;2020</span>.</cite></span></li>\n<li id=\"cite_note-:12-32\"><span class=\"mw-cite-backlink\">^&nbsp;<span class=\"cite-accessibility-label\">Jump up to:</span><sup><em><strong>a</strong></em></sup>&nbsp;<sup><em><strong>b</strong></em></sup>&nbsp;<sup><em><strong>c</strong></em></sup>&nbsp;<sup><em><strong>d</strong></em></sup>&nbsp;<sup><em><strong>e</strong></em></sup></span>&nbsp;<span class=\"reference-text\"><cite id=\"CITEREFBigwood\" class=\"citation web cs1\">Bigwood, Robin.&nbsp;\"Presonus Studio One Pro\".&nbsp;<em>Sound On Sound</em><span class=\"reference-accessdate\">. Retrieved&nbsp;<span class=\"nowrap\">10 April</span>2018</span>.</cite></span></li>\n<li id=\"cite_note-:34-33\"><span class=\"mw-cite-backlink\">^&nbsp;<span class=\"cite-accessibility-label\">Jump up to:</span><sup><em><strong>a</strong></em></sup>&nbsp;<sup><em><strong>b</strong></em></sup></span>&nbsp;<span class=\"reference-text\"><cite id=\"CITEREFSeah2020\" class=\"citation web cs1\">Seah, Daniel (8 July 2020).&nbsp;\"PreSonus Sphere offers members access to its complete software collection\".&nbsp;<em>MusicTech</em><span class=\"reference-accessdate\">. Retrieved&nbsp;<span class=\"nowrap\">10 July</span>&nbsp;2020</span>.</cite></span></li>\n<li id=\"cite_note-34\"><span class=\"mw-cite-backlink\"><strong>^</strong></span>&nbsp;<span class=\"reference-text\"><cite id=\"CITEREFRogerson2015\" class=\"citation news cs1\">Rogerson, Ben (5 August 2015).&nbsp;\"PreSonus releases Studio One 3 Prime, its free DAW\".&nbsp;<em>MusicRadar</em><span class=\"reference-accessdate\">. Retrieved&nbsp;<span class=\"nowrap\">9 May</span>&nbsp;2018</span>.</cite></span></li>\n<li id=\"cite_note-35\"><span class=\"mw-cite-backlink\"><strong>^</strong></span>&nbsp;<span class=\"reference-text\"><cite id=\"CITEREFMcDonough2017\" class=\"citation news cs1\">McDonough, Andy (6 December 2017).&nbsp;\"Review: PreSonus Studio One 3 Professional Digital Audio Software\".&nbsp;<em>American Songwriter</em><span class=\"reference-accessdate\">. Retrieved&nbsp;<span class=\"nowrap\">12 April</span>&nbsp;2018</span>.</cite></span></li>\n<li id=\"cite_note-:15-36\"><span class=\"mw-cite-backlink\">^&nbsp;<span class=\"cite-accessibility-label\">Jump up to:</span><sup><em><strong>a</strong></em></sup>&nbsp;<sup><em><strong>b</strong></em></sup>&nbsp;<sup><em><strong>c</strong></em></sup>&nbsp;<sup><em><strong>d</strong></em></sup>&nbsp;<sup><em><strong>e</strong></em></sup>&nbsp;<sup><em><strong>f</strong></em></sup>&nbsp;<sup><em><strong>g</strong></em></sup>&nbsp;<sup><em><strong>h</strong></em></sup>&nbsp;<sup><em><strong>i</strong></em></sup>&nbsp;<sup><em><strong>j</strong></em></sup>&nbsp;<sup><em><strong>k</strong></em></sup>&nbsp;<sup><em><strong>l</strong></em></sup></span>&nbsp;<span class=\"reference-text\"><cite id=\"CITEREFJacobi2016\" class=\"citation news cs1\">Jacobi, Jon (2 March 2016).&nbsp;\"Presonus Studio One review: Take your music production to the limit\".&nbsp;<em>PCWorld</em><span class=\"reference-accessdate\">. Retrieved&nbsp;<span class=\"nowrap\">11 April</span>&nbsp;2018</span>.</cite></span></li>\n<li id=\"cite_note-:2-37\"><span class=\"mw-cite-backlink\">^&nbsp;<span class=\"cite-accessibility-label\">Jump up to:</span><sup><em><strong>a</strong></em></sup>&nbsp;<sup><em><strong>b</strong></em></sup>&nbsp;<sup><em><strong>c</strong></em></sup>&nbsp;<sup><em><strong>d</strong></em></sup>&nbsp;<sup><em><strong>e</strong></em></sup>&nbsp;<sup><em><strong>f</strong></em></sup>&nbsp;<sup><em><strong>g</strong></em></sup>&nbsp;<sup><em><strong>h</strong></em></sup>&nbsp;<sup><em><strong>i</strong></em></sup>&nbsp;<sup><em><strong>j</strong></em></sup>&nbsp;<sup><em><strong>k</strong></em></sup>&nbsp;<sup><em><strong>l</strong></em></sup>&nbsp;<sup><em><strong>m</strong></em></sup>&nbsp;<sup><em><strong>n</strong></em></sup>&nbsp;<sup><em><strong>o</strong></em></sup>&nbsp;<sup><em><strong>p</strong></em></sup>&nbsp;<sup><em><strong>q</strong></em></sup>&nbsp;<sup><em><strong>r</strong></em></sup>&nbsp;<sup><em><strong>s</strong></em></sup>&nbsp;<sup><em><strong>t</strong></em></sup>&nbsp;<sup><em><strong>u</strong></em></sup>&nbsp;<sup><em><strong>v</strong></em></sup>&nbsp;<sup><em><strong>w</strong></em></sup>&nbsp;<sup><em><strong>x</strong></em></sup>&nbsp;<sup><em><strong>y</strong></em></sup>&nbsp;<sup><em><strong>z</strong></em></sup>&nbsp;<sup><em><strong>aa</strong></em></sup>&nbsp;<sup><em><strong>ab</strong></em></sup></span>&nbsp;<span class=\"reference-text\"><cite class=\"citation web cs1\">\"Studio One - Compare Versions\".&nbsp;<em>PreSonus</em><span class=\"reference-accessdate\">. Retrieved&nbsp;<span class=\"nowrap\">15 March</span>&nbsp;2018</span>.</cite></span></li>\n<li id=\"cite_note-38\"><span class=\"mw-cite-backlink\"><strong>^</strong></span>&nbsp;<span class=\"reference-text\"><cite id=\"CITEREFHughes2016\" class=\"citation web cs1\">Hughes, Russ (16 January 2016).&nbsp;\"Edit Audio Like A Pro Tools Ninja In Studio One\".&nbsp;<em>Pro Tools Expert</em><span class=\"reference-accessdate\">. Retrieved&nbsp;<span class=\"nowrap\">14 May</span>&nbsp;2018</span>.</cite></span></li>\n<li id=\"cite_note-39\"><span class=\"mw-cite-backlink\"><strong>^</strong></span>&nbsp;<span class=\"reference-text\"><cite class=\"citation web cs1\">\"PreSonus Studio One &ndash; The first DAW* with SoundCloud export\".&nbsp;<em>SoundCloud</em>. 29 April 2010<span class=\"reference-accessdate\">. Retrieved&nbsp;<span class=\"nowrap\">20 March</span>&nbsp;2018</span>.</cite></span></li>\n<li id=\"cite_note-40\"><span class=\"mw-cite-backlink\"><strong>^</strong></span>&nbsp;<span class=\"reference-text\"><cite id=\"CITEREFHiebner2016\" class=\"citation web cs1\">Hiebner, Gary (26 June 2016).&nbsp;\"Getting To Grips With PreSonus Studio One's Macros\".&nbsp;<em>Ask.Audio</em><span class=\"reference-accessdate\">. Retrieved&nbsp;<span class=\"nowrap\">14 May</span>&nbsp;2018</span>.</cite></span></li>\n<li id=\"cite_note-41\"><span class=\"mw-cite-backlink\"><strong>^</strong></span>&nbsp;<span class=\"reference-text\"><cite class=\"citation web cs1\">\"Studio One &amp; Notion Integration\".&nbsp;<em>Sound On Sound</em><span class=\"reference-accessdate\">. Retrieved&nbsp;<span class=\"nowrap\">14 May</span>&nbsp;2018</span>.</cite></span></li>\n<li id=\"cite_note-42\"><span class=\"mw-cite-backlink\"><strong>^</strong></span>&nbsp;<span class=\"reference-text\"><cite class=\"citation web cs1\">\"PreSonus Studio One 3 Prime for FREE! Don't Think &ndash; GO!\".&nbsp;<em>iPad &amp; Technology in Music Ed</em>. 31 July 2015<span class=\"reference-accessdate\">. Retrieved&nbsp;<span class=\"nowrap\">9 May</span>&nbsp;2018</span>.</cite></span></li>\n<li id=\"cite_note-:3-43\"><span class=\"mw-cite-backlink\">^&nbsp;<span class=\"cite-accessibility-label\">Jump up to:</span><sup><em><strong>a</strong></em></sup>&nbsp;<sup><em><strong>b</strong></em></sup>&nbsp;<sup><em><strong>c</strong></em></sup>&nbsp;<sup><em><strong>d</strong></em></sup></span>&nbsp;<span class=\"reference-text\"><cite id=\"CITEREFRogerson2015\" class=\"citation news cs1\">Rogerson, Ben (2 July 2015).&nbsp;\"Control Studio One from your iPad with new Remote app\".&nbsp;<em>MusicRadar</em><span class=\"reference-accessdate\">. Retrieved&nbsp;<span class=\"nowrap\">11 April</span>&nbsp;2018</span>.</cite></span></li>\n<li id=\"cite_note-:99-44\"><span class=\"mw-cite-backlink\">^&nbsp;<span class=\"cite-accessibility-label\">Jump up to:</span><sup><em><strong>a</strong></em></sup>&nbsp;<sup><em><strong>b</strong></em></sup></span>&nbsp;<span class=\"reference-text\"><cite class=\"citation web cs1\">\"Inserting and preparing to use Melodyne\".&nbsp;<em>Melodyne 4 Help Center</em><span class=\"reference-accessdate\">. Retrieved&nbsp;<span class=\"nowrap\">23 May</span>2019</span>.</cite></span></li>\n<li id=\"cite_note-:4-45\"><span class=\"mw-cite-backlink\">^&nbsp;<span class=\"cite-accessibility-label\">Jump up to:</span><sup><em><strong>a</strong></em></sup>&nbsp;<sup><em><strong>b</strong></em></sup>&nbsp;<sup><em><strong>c</strong></em></sup>&nbsp;<sup><em><strong>d</strong></em></sup></span>&nbsp;<span class=\"reference-text\"><cite id=\"CITEREFRicci2014\" class=\"citation web cs1\">Ricci, Benjamin (23 January 2014).&nbsp;\"PreSonus Introduces Add-ons for new Studio One 2.6.2\".&nbsp;<em>Performer Magazine</em><span class=\"reference-accessdate\">. Retrieved&nbsp;<span class=\"nowrap\">11 April</span>&nbsp;2018</span>.</cite></span></li>\n<li id=\"cite_note-:22-46\"><span class=\"mw-cite-backlink\">^&nbsp;<span class=\"cite-accessibility-label\">Jump up to:</span><sup><em><strong>a</strong></em></sup>&nbsp;<sup><em><strong>b</strong></em></sup>&nbsp;<sup><em><strong>c</strong></em></sup>&nbsp;<sup><em><strong>d</strong></em></sup></span>&nbsp;<span class=\"reference-text\"><cite class=\"citation web cs1\">\"Audio Batch Converter For Studio One\".&nbsp;<em>Sonicstate</em>. 22 May 2019<span class=\"reference-accessdate\">. Retrieved&nbsp;<span class=\"nowrap\">22 May</span>2019</span>.</cite></span></li>\n<li id=\"cite_note-47\"><span class=\"mw-cite-backlink\"><strong>^</strong></span>&nbsp;<span class=\"reference-text\"><cite id=\"CITEREFLevine2017\" class=\"citation news cs1\">Levine, Mike (29 November 2017).&nbsp;\"PreSonus Studio One 3: An Easy and Powerful Mastering Environment\".&nbsp;<em>Electronic Musician</em><span class=\"reference-accessdate\">. Retrieved&nbsp;<span class=\"nowrap\">20 March</span>&nbsp;2018</span>.</cite></span></li>\n<li id=\"cite_note-48\"><span class=\"mw-cite-backlink\"><strong>^</strong></span>&nbsp;<span class=\"reference-text\"><cite id=\"CITEREFAnatomy2020\" class=\"citation web cs1\">Anatomy, Synth (8 July 2020).&nbsp;\"Presonus Intros Studio One 5, The Big Live Performance &amp; Scoring Update\".&nbsp;<em>Synth Anatomy</em><span class=\"reference-accessdate\">. Retrieved&nbsp;<span class=\"nowrap\">14 July</span>&nbsp;2020</span>.</cite></span></li>\n<li id=\"cite_note-49\"><span class=\"mw-cite-backlink\"><strong>^</strong></span>&nbsp;<span class=\"reference-text\"><cite class=\"citation web cs1\">\"Stretcher Cases\".&nbsp;<em>Sound On Sound</em><span class=\"reference-accessdate\">. Retrieved&nbsp;<span class=\"nowrap\">14 May</span>&nbsp;2018</span>.</cite></span></li>\n<li id=\"cite_note-50\"><span class=\"mw-cite-backlink\"><strong>^</strong></span>&nbsp;<span class=\"reference-text\"><cite class=\"citation news cs1\">\"Studio One 3 &ndash; The hottest (Automation)-Curves in btown!\".&nbsp;<em>Soundquadrat</em>. 18 May 2016<span class=\"reference-accessdate\">. Retrieved&nbsp;<span class=\"nowrap\">14 May</span>&nbsp;2018</span>.</cite></span></li>\n<li id=\"cite_note-:13-51\"><span class=\"mw-cite-backlink\">^&nbsp;<span class=\"cite-accessibility-label\">Jump up to:</span><sup><em><strong>a</strong></em></sup>&nbsp;<sup><em><strong>b</strong></em></sup></span>&nbsp;<span class=\"reference-text\"><cite class=\"citation web cs1\">\"Studio One 3.5 Features\".&nbsp;<em>Sound On Sound</em><span class=\"reference-accessdate\">. Retrieved&nbsp;<span class=\"nowrap\">10 April</span>&nbsp;2018</span>.</cite></span></li>\n<li id=\"cite_note-:14-52\"><span class=\"mw-cite-backlink\">^&nbsp;<span class=\"cite-accessibility-label\">Jump up to:</span><sup><em><strong>a</strong></em></sup>&nbsp;<sup><em><strong>b</strong></em></sup></span>&nbsp;<span class=\"reference-text\"><cite class=\"citation web cs1\">\"Studio One 3.2 Update\".&nbsp;<em>Sound On Sound</em><span class=\"reference-accessdate\">. Retrieved&nbsp;<span class=\"nowrap\">10 April</span>&nbsp;2018</span>.</cite></span></li>\n<li id=\"cite_note-53\"><span class=\"mw-cite-backlink\"><strong>^</strong></span>&nbsp;<span class=\"reference-text\"><cite class=\"citation web cs1\">\"The \"Unofficial\" Studio One 3 Keyboard Shortcuts Guide In PDF Format\".&nbsp;<em>Production Expert</em>. 12 August 2015<span class=\"reference-accessdate\">. Retrieved&nbsp;<span class=\"nowrap\">22 May</span>&nbsp;2019</span>.</cite></span></li>\n<li id=\"cite_note-54\"><span class=\"mw-cite-backlink\"><strong>^</strong></span>&nbsp;<span class=\"reference-text\"><cite class=\"citation news cs1\">\"Mapping Another Program's Shortcuts to Studio One &ndash; PreSonus Blog\".&nbsp;<em>PreSonus Blog</em>. 2 February 2018<span class=\"reference-accessdate\">. Retrieved&nbsp;<span class=\"nowrap\">20 March</span>&nbsp;2018</span>.</cite></span></li>\n<li id=\"cite_note-55\"><span class=\"mw-cite-backlink\"><strong>^</strong></span>&nbsp;<span class=\"reference-text\"><cite id=\"CITEREFWherry\" class=\"citation web cs1\">Wherry, Mark.&nbsp;\"Mackie Control\".&nbsp;<em>Sound On Sound</em><span class=\"reference-accessdate\">. Retrieved&nbsp;<span class=\"nowrap\">16 May</span>&nbsp;2019</span>.</cite></span></li>\n<li id=\"cite_note-56\"><span class=\"mw-cite-backlink\"><strong>^</strong></span>&nbsp;<span class=\"reference-text\"><cite id=\"CITEREFCraig2014\" class=\"citation web cs1\">Craig, Anderton (21 March 2014).&nbsp;\"How to Use Mackie-Compatible Controllers with DAWs\".&nbsp;<em>HarmonyCentral</em><span class=\"reference-accessdate\">. Retrieved&nbsp;<span class=\"nowrap\">16 May</span>&nbsp;2019</span>.</cite></span></li>\n<li id=\"cite_note-:27-57\"><span class=\"mw-cite-backlink\">^&nbsp;<span class=\"cite-accessibility-label\">Jump up to:</span><sup><em><strong>a</strong></em></sup>&nbsp;<sup><em><strong>b</strong></em></sup></span>&nbsp;<span class=\"reference-text\"><cite id=\"CITEREFBruno2010\" class=\"citation web cs1\">Bruno, Tony (5 October 2010).&nbsp;\"PreSonus Updates Studio One\".&nbsp;<em>AudioFanzine</em><span class=\"reference-accessdate\">. Retrieved&nbsp;<span class=\"nowrap\">22 May</span>&nbsp;2019</span>.</cite></span></li>\n<li id=\"cite_note-:29-58\"><span class=\"mw-cite-backlink\">^&nbsp;<span class=\"cite-accessibility-label\">Jump up to:</span><sup><em><strong>a</strong></em></sup>&nbsp;<sup><em><strong>b</strong></em></sup></span>&nbsp;<span class=\"reference-text\"><cite class=\"citation web cs1\">\"Studio One 4.5.3 Update Announced By PreSonus - 10th Anniversary Celebration News\".&nbsp;<em>Production Expert</em>. 3 September 2019<span class=\"reference-accessdate\">. Retrieved&nbsp;<span class=\"nowrap\">4 September</span>&nbsp;2019</span>.</cite></span></li>\n<li id=\"cite_note-59\"><span class=\"mw-cite-backlink\"><strong>^</strong></span>&nbsp;<span class=\"reference-text\"><cite class=\"citation web cs1\">\"Presonus Studio One V3.2 - Console Emulation and More\".&nbsp;<em>AudioTechnology</em>. 26 February 2016<span class=\"reference-accessdate\">. Retrieved&nbsp;<span class=\"nowrap\">13 March</span>&nbsp;2019</span>.</cite></span></li>\n<li id=\"cite_note-60\"><span class=\"mw-cite-backlink\"><strong>^</strong></span>&nbsp;<span class=\"reference-text\"><cite class=\"citation news cs1\">\"PreSonus Control Apps Now Available For Android &ndash; ProSoundWeb\".&nbsp;<em>ProSoundWeb</em>. 30 June 2017<span class=\"reference-accessdate\">. Retrieved&nbsp;<span class=\"nowrap\">11 April</span>&nbsp;2018</span>.</cite></span></li>\n<li id=\"cite_note-:28-61\"><span class=\"mw-cite-backlink\">^&nbsp;<span class=\"cite-accessibility-label\">Jump up to:</span><sup><em><strong>a</strong></em></sup>&nbsp;<sup><em><strong>b</strong></em></sup></span>&nbsp;<span class=\"reference-text\"><cite class=\"citation web cs1\">\"PreSonus updates Studio One to v2.0.4\".&nbsp;<em>KVR Audio</em>. 19 January 2012<span class=\"reference-accessdate\">. Retrieved&nbsp;<span class=\"nowrap\">22 May</span>2019</span>.</cite></span></li>\n<li id=\"cite_note-:11-62\"><span class=\"mw-cite-backlink\">^&nbsp;<span class=\"cite-accessibility-label\">Jump up to:</span><sup><em><strong>a</strong></em></sup>&nbsp;<sup><em><strong>b</strong></em></sup></span>&nbsp;<span class=\"reference-text\"><cite class=\"citation web cs1\">\"PreSonus Exchange Enables Users to Share Resources from within Studio One!\".&nbsp;<em>PreSonus</em>. 18 January 2012<span class=\"reference-accessdate\">. Retrieved&nbsp;<span class=\"nowrap\">9 May</span>&nbsp;2018</span>.</cite></span></li>\n<li id=\"cite_note-63\"><span class=\"mw-cite-backlink\"><strong>^</strong></span>&nbsp;<span class=\"reference-text\"><cite class=\"citation news cs1\">\"PreSonus Studio One &ndash; A New Brand Of DAW\".&nbsp;<em>Practical Music Production</em><span class=\"reference-accessdate\">. Retrieved&nbsp;<span class=\"nowrap\">11 April</span>&nbsp;2018</span>.</cite></span></li>\n<li id=\"cite_note-64\"><span class=\"mw-cite-backlink\"><strong>^</strong></span>&nbsp;<span class=\"reference-text\"><cite class=\"citation web cs1\">\"PRESONUS STUDIO ONE 2: Using the PreSonus Exchange\".&nbsp;<em>YouTube</em>. 28 January 2012.</cite></span></li>\n<li id=\"cite_note-65\"><span class=\"mw-cite-backlink\"><strong>^</strong></span>&nbsp;<span class=\"reference-text\"><cite class=\"citation news cs1\">\"Studio One 4 Review - PreSonus Flagship Professional DAW\".&nbsp;<em>Production Expert</em>. 12 June 2018<span class=\"reference-accessdate\">. Retrieved&nbsp;<span class=\"nowrap\">4 September</span>&nbsp;2018</span>.</cite></span></li>\n<li id=\"cite_note-66\"><span class=\"mw-cite-backlink\"><strong>^</strong></span>&nbsp;<span class=\"reference-text\"><cite id=\"CITEREFLendino2017\" class=\"citation web cs1\">Lendino, Jamie (31 October 2017).&nbsp;\"PreSonus Studio One\".&nbsp;<em>PC Magazine</em><span class=\"reference-accessdate\">. Retrieved&nbsp;<span class=\"nowrap\">4 September</span>&nbsp;2018</span>.</cite></span></li>\n<li id=\"cite_note-67\"><span class=\"mw-cite-backlink\"><strong>^</strong></span>&nbsp;<span class=\"reference-text\"><cite id=\"CITEREFJacobi2016\" class=\"citation news cs1\">Jacobi, Jon (2 March 2016).&nbsp;\"Presonus Studio One review: Take your music production to the limit\".&nbsp;<em>PCWorld</em><span class=\"reference-accessdate\">. Retrieved&nbsp;<span class=\"nowrap\">4 September</span>&nbsp;2018</span>.</cite></span></li>\n<li id=\"cite_note-68\"><span class=\"mw-cite-backlink\"><strong>^</strong></span>&nbsp;<span class=\"reference-text\"><cite id=\"CITEREFDe_Looper2018\" class=\"citation news cs1\">De Looper, Christian (22 June 2018).&nbsp;\"PreSonus Studio One 4 review: Could this be the DAW to beat in 2018?\".&nbsp;<em>All Things Gear</em><span class=\"reference-accessdate\">. Retrieved&nbsp;<span class=\"nowrap\">4 September</span>&nbsp;2018</span>.</cite></span></li>\n<li id=\"cite_note-69\"><span class=\"mw-cite-backlink\"><strong>^</strong></span>&nbsp;<span class=\"reference-text\"><cite id=\"CITEREFHickey2017\" class=\"citation news cs1\">Hickey, Brandon (15 November 2017).&nbsp;\"PreSonus Studio One Pro 1.5 Review\".&nbsp;<em>Mix Online</em><span class=\"reference-accessdate\">. Retrieved&nbsp;<span class=\"nowrap\">4 September</span>&nbsp;2018</span>.</cite></span></li>\n<li id=\"cite_note-70\"><span class=\"mw-cite-backlink\"><strong>^</strong></span>&nbsp;<span class=\"reference-text\"><cite class=\"citation web cs1\">\"Studio One Professional Wins Visual Grand Prix Award&mdash;Yet Again!\".&nbsp;<em>PreSonus</em>. 4 February 2013<span class=\"reference-accessdate\">. Retrieved&nbsp;<span class=\"nowrap\">14 August</span>&nbsp;2018</span>.</cite></span></li>\n<li id=\"cite_note-71\"><span class=\"mw-cite-backlink\"><strong>^</strong></span>&nbsp;<span class=\"reference-text\"><cite class=\"citation web cs1\">\"PreSonus Studio One Professional 2 Wins 2012 Resolution Award!\".&nbsp;<em>Central Music</em><span class=\"reference-accessdate\">. Retrieved&nbsp;<span class=\"nowrap\">14 August</span>&nbsp;2018</span>.</cite></span></li>\n<li id=\"cite_note-72\"><span class=\"mw-cite-backlink\"><strong>^</strong></span>&nbsp;<span class=\"reference-text\"><cite class=\"citation web cs1\">\"PreSonus Studio One Professional 2 Wins 2012 Resolution Award!\".&nbsp;<em>PreSonus</em>. 8 October 2012<span class=\"reference-accessdate\">. Retrieved&nbsp;<span class=\"nowrap\">14 August</span>&nbsp;2018</span>.</cite></span></li>\n<li id=\"cite_note-73\"><span class=\"mw-cite-backlink\"><strong>^</strong></span>&nbsp;<span class=\"reference-text\"><cite class=\"citation news cs1\">\"M.I.P.A. Winners Announced - inSync\".&nbsp;<em>Sweetwater inSync</em>. 23 April 2013<span class=\"reference-accessdate\">. Retrieved&nbsp;<span class=\"nowrap\">14 August</span>&nbsp;2018</span>.</cite></span></li>\n<li id=\"cite_note-74\"><span class=\"mw-cite-backlink\"><strong>^</strong></span>&nbsp;<span class=\"reference-text\"><cite id=\"CITEREFRoullard2013\" class=\"citation news cs1\">Roullard, Ryan (16 April 2013).&nbsp;\"Studio One 2.5 Wins MIPA Award at Musikmesse 2013\".&nbsp;<em>PreSonus Blog</em><span class=\"reference-accessdate\">. Retrieved&nbsp;<span class=\"nowrap\">14 August</span>&nbsp;2018</span>.</cite></span></li>\n<li id=\"cite_note-75\"><span class=\"mw-cite-backlink\"><strong>^</strong></span>&nbsp;<span class=\"reference-text\"><cite id=\"CITEREFRoullard2013\" class=\"citation news cs1\">Roullard, Ryan (1 February 2013).&nbsp;\"PreSonus NAMM 2013 Awards Haul\".&nbsp;<em>PreSonus Blog</em><span class=\"reference-accessdate\">. Retrieved&nbsp;<span class=\"nowrap\">14 August</span>&nbsp;2018</span>.</cite></span></li>\n<li id=\"cite_note-76\"><span class=\"mw-cite-backlink\"><strong>^</strong></span>&nbsp;<span class=\"reference-text\"><cite class=\"citation web cs1\">\"PreSonus Studio One Wins Japan's Audio Excellence Award&mdash;Yet Again!\".&nbsp;<em>PreSonus</em>. 25 November 2013<span class=\"reference-accessdate\">. Retrieved&nbsp;<span class=\"nowrap\">14 August</span>&nbsp;2018</span>.</cite></span></li>\n<li id=\"cite_note-77\"><span class=\"mw-cite-backlink\"><strong>^</strong></span>&nbsp;<span class=\"reference-text\"><cite class=\"citation web cs1\">\"PreSonus Wins Four PSW-LSI Readers' Choice Awards!\".&nbsp;<em>PreSonus</em>. 4 February 2013<span class=\"reference-accessdate\">. Retrieved&nbsp;<span class=\"nowrap\">14 August</span>&nbsp;2018</span>.</cite></span></li>\n<li id=\"cite_note-78\"><span class=\"mw-cite-backlink\"><strong>^</strong></span>&nbsp;<span class=\"reference-text\"><cite class=\"citation web cs1\">\"Studio One Professional 2 Wins Audio Media's 2012 Gear of the Year\".&nbsp;<em>PreSonus</em>. 4 February 2013<span class=\"reference-accessdate\">. Retrieved&nbsp;<span class=\"nowrap\">14 August</span>&nbsp;2018</span>.</cite></span></li>\n<li id=\"cite_note-79\"><span class=\"mw-cite-backlink\"><strong>^</strong></span>&nbsp;<span class=\"reference-text\"><cite class=\"citation news cs1\">\"Customers In Focus Award\".&nbsp;<em>DAWfreak</em>. 19 September 2013<span class=\"reference-accessdate\">. Retrieved&nbsp;<span class=\"nowrap\">14 August</span>&nbsp;2018</span>.</cite></span></li>\n<li id=\"cite_note-80\"><span class=\"mw-cite-backlink\"><strong>^</strong></span>&nbsp;<span class=\"reference-text\"><cite id=\"CITEREFRoullard2013\" class=\"citation news cs1\">Roullard, Ryan (31 October 2013).&nbsp;\"Studio One awarded for putting customers in focus by DAWfreaks.se\".&nbsp;<em>PreSonus Blog</em><span class=\"reference-accessdate\">. Retrieved&nbsp;<span class=\"nowrap\">14 August</span>&nbsp;2018</span>.</cite></span></li>\n<li id=\"cite_note-81\"><span class=\"mw-cite-backlink\"><strong>^</strong></span>&nbsp;<span class=\"reference-text\"><cite class=\"citation news cs1\">\"Studio One Professional Voted Best Multitrack DAW Of 2015\".&nbsp;<em>Production Expert</em>. 22 January 2016<span class=\"reference-accessdate\">. Retrieved&nbsp;<span class=\"nowrap\">14 August</span>&nbsp;2018</span>.</cite></span></li>\n<li id=\"cite_note-82\"><span class=\"mw-cite-backlink\"><strong>^</strong></span>&nbsp;<span class=\"reference-text\"><cite class=\"citation news cs1\">\"2016 Music &amp; Sound Awards\".&nbsp;<em>The Music &amp; Sound Retailer</em><span class=\"reference-accessdate\">. Retrieved&nbsp;<span class=\"nowrap\">14 August</span>&nbsp;2018</span>.</cite></span></li>\n</ol>\n</div>\n</div>",
 "remarks": "本词条汉字内容由 @多频百科团队 翻译+编辑\n原文译自 https://en.wikipedia.org/wiki/Studio_One_(software)",
 "remarksEn": "本词条内容来自 https://en.wikipedia.org/wiki/Studio_One_(software)",
 "status": 1,
 "clickNum": 26,
 "deleted": 0,
 "lang": 0,
 "chooseLang": true,
 "id": 144,
 "name": "Studio One",
 "categoryText": "数字音频工作站",
 "descriptions": "Studio One是一款数字音频工作站(DAW) 应用程序，用于创建、录制、混合和母带音乐及其他音频，它也可用于视频制作。它由PreSonus开发，适用于macOS和Microsoft Windows系统。除了该软件的商业版本（Studio One Artist和Studio One Professional），PreSonus 还有功能简化的免费版本（Studio One Prime）。专业版也可作为PreSonus Sphere 的一部分被用户每月订阅。",
 "picture": "https://duopin-community.oss-cn-shenzhen.aliyuncs.com/r0juhs3tqlolb4mg30ki.png",
 "referenceUrl": "https://en.wikipedia.org/wiki/Studio_One_(software)",
 "typeId": 11,
 "typeName": "其他",
 "dataId": 144,
 "url": "http://dropinapp.hearinmusic.com/#/ency?typeId=11&dataId=144"
}