{
 "pageNum": 1,
 "pageSize": 10,
 "params": {},
 "keywords": "BPM",
 "content": "<p>速度（tempo）决定了一段音乐的快慢，是音乐的重要元素，亦影响作品的情感与演奏难度。&ldquo;tempo&rdquo;是意大利语的时间，源于拉丁语的&ldquo;tempus&rdquo;。</p>\n<p><br />传统音乐的五线谱，图中的&ldquo;Allegro（Quarter note with upper stem.png＝120）&rdquo;标示了其音乐速度，120是BPM值，表示每分钟演奏120个四分音符，即每个四分音符的长度等于1分钟除以120等分＝0.5秒，拍子记号是4/4拍，1小节就是0.5秒乘4拍＝2秒长</p>\n<p>&nbsp;</p>\n<p><strong>量度音乐速度 </strong><br />音乐速度一般以文字或数字标记于乐曲的开端，现代习惯以每分钟多少拍（beats per minute，BPM）作量度单位，这表示一个指定的音符，例如四分音符在一分钟内出现的次数，BPM的数值越大代表越快的速度。</p>\n<p>&nbsp;</p>\n<p>电子数码音乐MIDI及其它电脑音乐序列程式的档案及界面都应用了BPM来表示速度。</p>\n<p>&nbsp;</p>\n<p><strong>音乐速度用词的发展 </strong></p>\n<p>在古典音乐发展的初期，作曲家开始使用一个或以上的副词来标记速度，而这些用词以意大利文居多，因为17世纪的重要作曲家都是意大利人。当时BPM值的概念尚未流行，而文字式速度标记被广泛地被应用。直到节拍器于1812年问世后，BPM值才得到普及，但仍不及文字式速度标记流通性。19世纪时BPM值通常只作为文字标记的补助，而文字标记则更倾向指示作品模糊的情感。例如Presto（急板）与Allegro（快板）两者都是表达迅速地演奏（Presto 比较快些），但在意大利语Allegro同时带有&ldquo;欢乐&rdquo;的含义，而Presto则并不带有感情的含义。不同时期及不同的地区会对文字标记有不一样的诠释，例如现代的Largo（最缓板）比Adagio（慢板）慢，但在巴洛克时代是相反的。</p>\n<p>&nbsp;</p>\n<p>作曲家亦常加上额外的意大利语以描述更细腻的速度及感情，例如乔治&middot;格什温的F大调钢琴协奏曲最后乐章&mdash;&mdash;Allegro agitato，当中的agitato甚至含有双重意思，表明&ldquo;比Allegro更快的速度&rdquo;以及&ldquo;激动地&rdquo;演奏。</p>\n<p>&nbsp;</p>\n<p>在文艺复兴时期，尚未有用文字式速度标记，当时的音乐以人的心跳频率作为速度对照的标准。直至巴洛克时期晚期，文字式音乐速度标记尚未流行，当其时的大多数音乐作品都有一个约定俗成的演奏速度，不过后来在19世纪速度标记被广泛应用，乐谱出版商为了配合而往往加上速度标记。例如巴哈的《勃兰登堡协奏曲》原版是没有速度及情感标记，但于标记流通之后被后人补充了Allegro(快板)或&ldquo;无标记&rdquo;等字眼。</p>\n<p>&nbsp;</p>\n<p>不过有时音乐作品的体裁或种类本身就暗示了某种约定俗成的速度，而不需要在乐谱上作进一步的说明，比如音乐家会期望小步舞曲(Minuet)的演奏速度平稳庄重，比维也纳式圆舞曲稍慢、而诙谐曲(Scherzo)的音乐则应较快。贝多芬曾在其54号钢琴奏鸣曲的第1乐章标上&ldquo;In tempo d'un Menuetto&rdquo;，意即以小步舞曲的速度来演奏此一作品，尽管这并不是一首小步舞曲。同样作风亦可以见于现代的乐谱，如标记&ldquo;bossa nova&rdquo;（巴萨诺瓦）、&ldquo;ballad&rdquo;（民谣）或&ldquo;latin rock&rdquo;（拉丁摇滚）等字眼表示要参照的音乐演奏风格与速度。</p>\n<p>&nbsp;</p>\n<p><strong>意大利语速度用词 </strong></p>\n<p><span style=\"text-decoration: underline;\">基本速度标记</span></p>\n<p><br />下表从快到慢列起，为常见的音乐速度标记：</p>\n<p>Prestississimo - 极快的<br />Prestissimo - 最急板（约为200 - 208 bpm）<br />Prestissimetto － 风之速<br />Allegrissimo － 快而活跃的<br />Presto － 急板（168 - 200 bpm）<br />Vivace － 活泼的（~140 bpm）<br />Allegro assai － 颇快的<br />Allegro － 快板（120 - 168 bpm）<br />Allegro Moderato － 适度、中速的快板<br />Allegretto － 小快板 （104 - 112 bpm）<br />Moderato － 中板（90 - 115 bpm）<br />Andantino － 小行板（比行板稍快）<br />Andante － 行板（76 - 108 bpm）<br />Adagietto － 小柔板 / 颇慢<br />Adagio － 柔板（66 - 76 bpm）<br />Grave － 庄严的慢板<br />Larghetto － 小慢板（60 - 66 bpm）<br />Lento － 慢板（40 - 60 bpm）<br />Largo － 最缓板或广板<br />Lentissimo － 甚缓<br />Larghissimo － 极端地缓慢（40 bpm 或以下）</p>\n<p><br /><span style=\"text-decoration: underline;\">常见修饰语</span> <br />assai － 非常。例：Allegro assai 表示&ldquo;甚急速地&rdquo;<br />con brio － 有活力地<br />con moto － 有动态地<br />non troppo － 不过多地。例：Allegro non troppo （或 Allegro ma non troppo）表示&ldquo;不太过分地急速&rdquo;<br />non tanto － 不多地<br />molto － 非常。例：Molto Allegro 或 Adagio Molto 表示&ldquo;极急速地&rdquo;或&ldquo;非常缓慢地&rdquo;<br />poco － 稍微地。例：Poco Adagio 表示&ldquo;略为缓慢地&rdquo;<br />pi&ugrave; － 更多地。例：Pi&ugrave; Allegro更快，常见于拍子转变时相对的指示<br />meno － 较少地。例：Meno Presto<br />poco a poco － 逐步地</p>\n<p><br /><span style=\"text-decoration: underline;\">带有音乐速度内涵的情感标记</span> <br />Vivace 或Vivo－ 活泼的，一般指示快速的节奏<br />Maestoso － 雄伟的或庄重的，一般指示隆重的缓缓的节奏<br />Sostenuto － 持续的，拍子有时会有点放松减缓<br />Dolce － 亲切地、惬意地<br />Morendo － 垂死的<br />con fuoco － 热情如火地</p>\n<p><br /><span style=\"text-decoration: underline;\">音乐速度变动的术语</span> <br />Accelerando － 渐快（省略为 accel.）<br />Ritardando － 渐慢（省略为 rit. 或者 ritard.）<br />Meno Mosso － 缓慢点<br />Pi&ugrave; Mosso － 稍快点<br />Rallentando － 慢下来，特别用于章节结束的地方（省略为 rall.）<br />Ritenuto － 临时地减慢（省略为 riten.）<br />Stretto － 临时地加快<br />Rubato － 弹性速度发挥<br />Allargando － 逐渐减慢转强，特别用于作品结束的地方<br />a tempo － 用于渐快和渐慢标记之后，表示回复渐快或渐慢之前的速度<br />Tempo primo 或 Tempo I － 如果乐曲有多次速度转变，Tempo primo 表示回复乐曲一开始的速度，例如一首三段曲式的作品，可以是Allegro - Andante - Tempo Primo</p>\n<p><br />速度标记通常标记在乐曲第1小节或转换速度之处，在最高一行乐器的五线谱之上。在管弦乐总谱里，速度记号也会出现在弦乐组之上，以让指挥容易看见。而速度渐变的标记，如rit.或accel.，在钢琴或其它键盘类乐器的乐谱里，常常标记在两行之间。</p>\n<p>&nbsp;</p>\n<p><strong>中国音乐的速度 </strong></p>\n<p>传统中国音乐亦有慢板、中板、快板、流水板的标记，称为板眼，在传统器乐或戏曲的乐谱里常见，通常标记于1段乐曲之前或1段唱词之前。</p>\n<p>&nbsp;</p>\n<p>在戏曲音乐，板眼更接近于西方的拍号而非速度记号：慢板通常指&ldquo;一板三眼&rdquo;（又称一板三叮），即1个重拍，3个轻拍，可视为西方的四拍子。而中板是&ldquo;一板一眼&rdquo;，可视为西方的两拍子；快板或流水板是&ldquo;有板无眼&rdquo;，可视为西方的一拍子。</p>\n<p>&nbsp;</p>\n<p>中国音乐的引子或尾声常常是&ldquo;散板&rdquo;，散板的意思是没有固定的节奏，演奏者可以自行决定每个音的长度，作弹性的快慢处理，在意义上和古典音乐的Senza misura（没有节拍）和ad libitum（自由节拍）相近。</p>\n<p>&nbsp;</p>\n<p>因为没有准确的速度标记，中国戏曲音乐和传统中国音乐的速度常常是约定俗成，即某一体裁习惯上是以某一速度演奏，则会依据这种传统演奏。但同一乐曲的速度，在不同地方和不同流派可以有不同的演绎。</p>\n<p>&nbsp;</p>\n<p>而20世纪以来，中国音乐受到西方影响，作曲家亦常常会加上西式的速度和感情标记。</p>",
 "contentEn": "<div>\n<div class=\"document\">\n<p class=\"paragraph text-align-type-left pap-line-1.8 pap-line-rule-auto pap-spacing-before-2pt pap-spacing-after-2pt\">In musical terminology, tempo (Italian for \"time\"; plural tempos, or tempi from the Italian plural) is the speed or pace of a given piece. In classical music, tempo is typically indicated with an instruction at the start of a piece (often using conventional Italian terms) and is usually measured in beats per minute (or bpm). In modern classical compositions, a \"metronome mark\" in beats per minute may supplement or replace the normal tempo marking, while in modern genres like electronic dance music, tempo will typically simply be stated in bpm.</p>\n<p class=\"paragraph text-align-type-left pap-line-1.8 pap-line-rule-auto pap-spacing-before-2pt pap-spacing-after-2pt\">&nbsp;</p>\n<p class=\"paragraph text-align-type-left pap-line-1.8 pap-line-rule-auto pap-spacing-before-2pt pap-spacing-after-2pt\">Tempo may be separated from articulation and meter, or these aspects may be indicated along with tempo, all contributing to the overall texture. While the ability to hold a steady tempo is a vital skill for a musical performer, tempo is changeable. Depending on the genre of a piece of music and the performers' interpretation, a piece may be played with slight tempo rubato or drastic variances. In ensembles, the tempo is often indicated by a conductor or by one of the instrumentalists, for instance the drummer.</p>\n<p class=\"paragraph text-align-type-left pap-line-1.8 pap-line-rule-auto pap-spacing-before-2pt pap-spacing-after-2pt\">&nbsp;</p>\n<p class=\"paragraph text-align-type-left pap-line-1.8 pap-line-rule-auto pap-spacing-before-2pt pap-spacing-after-2pt\">While tempo is described or indicated in many different ways, including with a range of words (e.g., \"Slowly\", \"Adagio\" and so on), it is typically measured in beats per minute (bpm or BPM). For example, a tempo of 60 beats per minute signifies one beat per second, while a tempo of 120 beats per minute is twice as rapid, signifying one beat every 0.5 seconds. The note value of a beat will typically be that indicated by the denominator of the time signature. For instance, in 4</p>\n<p class=\"paragraph text-align-type-left pap-line-1.8 pap-line-rule-auto pap-spacing-before-2pt pap-spacing-after-2pt\">4 the beat will be a crotchet, or quarter note.</p>\n<p class=\"paragraph text-align-type-left pap-line-1.8 pap-line-rule-auto pap-spacing-before-2pt pap-spacing-after-2pt\">&nbsp;</p>\n<p class=\"paragraph text-align-type-left pap-line-1.8 pap-line-rule-auto pap-spacing-before-2pt pap-spacing-after-2pt\">This measurement and indication of tempo became increasingly popular during the first half of the 19th century, after Johann Nepomuk Maelzel invented the metronome. Beethoven was one of the first composers to use the metronome; in the 1810s he published metronomic indications for the eight symphonies he had composed up to that time.[1]</p>\n<p class=\"paragraph text-align-type-left pap-line-1.8 pap-line-rule-auto pap-spacing-before-2pt pap-spacing-after-2pt\">&nbsp;</p>\n<p class=\"paragraph text-align-type-left pap-line-1.8 pap-line-rule-auto pap-spacing-before-2pt pap-spacing-after-2pt\">Instead of beats per minute, some 20th-century classical composers (e.g., B&eacute;la Bart&oacute;k, Alberto Ginastera, and John Cage) specify the total playing time for a piece, from which the performer can derive tempo.[citation needed]</p>\n<p class=\"paragraph text-align-type-left pap-line-1.8 pap-line-rule-auto pap-spacing-before-2pt pap-spacing-after-2pt\">&nbsp;</p>\n<p class=\"paragraph text-align-type-left pap-line-1.8 pap-line-rule-auto pap-spacing-before-2pt pap-spacing-after-2pt\">With the advent of modern electronics, bpm became an extremely precise measure. Music sequencers use the bpm system to denote tempo.[2] In popular music genres such as electronic dance music, accurate knowledge of a tune's bpm is important to DJs for the purposes of beatmatching.[3]</p>\n<p class=\"paragraph text-align-type-left pap-line-1.8 pap-line-rule-auto pap-spacing-before-2pt pap-spacing-after-2pt\">&nbsp;</p>\n<p class=\"paragraph text-align-type-left pap-line-1.8 pap-line-rule-auto pap-spacing-before-2pt pap-spacing-after-2pt\">The speed of a piece of music can also be gauged according to measures per minute (mpm) or bars per minute (bpm), the number of measures of the piece performed in one minute. This measure is commonly used in ballroom dance music.[4]</p>\n<p class=\"paragraph text-align-type-left pap-line-1.8 pap-line-rule-auto pap-spacing-before-2pt pap-spacing-after-2pt\">&nbsp;</p>\n<p class=\"paragraph text-align-type-left pap-line-1.8 pap-line-rule-auto pap-spacing-before-2pt pap-spacing-after-2pt\">Choosing speed</p>\n<p class=\"paragraph text-align-type-left pap-line-1.8 pap-line-rule-auto pap-spacing-before-2pt pap-spacing-after-2pt\">&nbsp;</p>\n<p class=\"paragraph text-align-type-left pap-line-1.8 pap-line-rule-auto pap-spacing-before-2pt pap-spacing-after-2pt\">In different musical contexts, different instrumental musicians, singers, conductors, bandleaders, music directors or other individuals will select the tempo of a song or piece. In a popular music or traditional music group or band, the bandleader or drummer may select the tempo. In popular and traditional music, whoever is setting the tempo often counts out one or two bars in tempo. In some songs or pieces in which a singer or solo instrumentalist begins the work with a solo introduction (prior to the start of the full group), the tempo they set will provide the tempo for the group. In an orchestra or concert band, the conductor normally sets the tempo. In a marching band, the drum major may set the tempo. In a sound recording, in some cases a record producer may set the tempo for a song (although this would be less likely with an experienced bandleader).</p>\n<p class=\"paragraph text-align-type-left pap-line-1.8 pap-line-rule-auto pap-spacing-before-2pt pap-spacing-after-2pt\">&nbsp;</p>\n<p class=\"paragraph text-align-type-left pap-line-1.8 pap-line-rule-auto pap-spacing-before-2pt pap-spacing-after-2pt\">Musical vocabulary</p>\n<p class=\"paragraph text-align-type-left pap-line-1.8 pap-line-rule-auto pap-spacing-before-2pt pap-spacing-after-2pt\">&nbsp;</p>\n<p class=\"paragraph text-align-type-left pap-line-1.8 pap-line-rule-auto pap-spacing-before-2pt pap-spacing-after-2pt\">See also: Glossary of musical terminology</p>\n<p class=\"paragraph text-align-type-left pap-line-1.8 pap-line-rule-auto pap-spacing-before-2pt pap-spacing-after-2pt\">In classical music it is customary to describe the tempo of a piece by one or more words, most commonly in Italian, in addition to or instead of a metronome mark in beats per minute. Italian is typically used because it was the language of most composers during the time these descriptions became commonplace.[5] Some well-known Italian tempo indications include \"Allegro\" (English &ldquo;Cheerful&rdquo;), \"Andante\" (&ldquo;Walking-pace&rdquo;) and \"Presto\" (&ldquo;Quickly&rdquo;). This practice developed during the 17th and 18th centuries, the baroque and classical periods. In the earlier Renaissance music, performers understood most music to flow at a tempo defined by the tactus (roughly the rate of the human heartbeat).[6] The mensural time signature indicated which note value corresponded to the tactus.</p>\n<p class=\"paragraph text-align-type-left pap-line-1.8 pap-line-rule-auto pap-spacing-before-2pt pap-spacing-after-2pt\">&nbsp;</p>\n<p class=\"paragraph text-align-type-left pap-line-1.8 pap-line-rule-auto pap-spacing-before-2pt pap-spacing-after-2pt\">In the Baroque period, pieces would typically be given an indication, which might be a tempo marking (e.g. Allegro), or the name of a dance (e.g. Allemande or Sarabande), the latter being an indication both of tempo and of metre. Any musician of the time was expected to know how to interpret these markings based on custom and experience. In some cases, however, these markings were simply omitted. For example, the first movement of Bach's Brandenburg Concerto No. 3 has no tempo or mood indication whatsoever. Despite the increasing number of explicit tempo markings, musicians still observe conventions, expecting a minuet to be at a fairly stately tempo, slower than a Viennese waltz; a perpetuum mobile quite fast, and so on. Genres imply tempos. Thus, Ludwig van Beethoven wrote \"In tempo d'un Menuetto\" over the first movement of his Piano Sonata Op. 54, though that movement is not a minuet.</p>\n<p class=\"paragraph text-align-type-left pap-line-1.8 pap-line-rule-auto pap-spacing-before-2pt pap-spacing-after-2pt\">&nbsp;</p>\n<p class=\"paragraph text-align-type-left pap-line-1.8 pap-line-rule-auto pap-spacing-before-2pt pap-spacing-after-2pt\">Many tempo markings also indicate mood and expression. For example, presto and allegro both indicate a speedy execution (presto being faster), but allegro also connotes joy (from its original meaning in Italian). Presto, on the other hand, simply indicates speed. Additional Italian words also indicate tempo and mood. For example, the \"agitato\" in the Allegro agitato of the last movement of George Gershwin's piano concerto in F has both a tempo indication (undoubtedly faster than a usual Allegro) and a mood indication (\"agitated\").</p>\n<p class=\"paragraph text-align-type-left pap-line-1.8 pap-line-rule-auto pap-spacing-before-2pt pap-spacing-after-2pt\">&nbsp;</p>\n<p class=\"paragraph text-align-type-left pap-line-1.8 pap-line-rule-auto pap-spacing-before-2pt pap-spacing-after-2pt\">Often, composers (or music publishers) name movements of compositions after their tempo (or mood) marking. For instance, the second movement of Samuel Barber's first String Quartet is an Adagio.[7]</p>\n<p class=\"paragraph text-align-type-left pap-line-1.8 pap-line-rule-auto pap-spacing-before-2pt pap-spacing-after-2pt\">&nbsp;</p>\n<p class=\"paragraph text-align-type-left pap-line-1.8 pap-line-rule-auto pap-spacing-before-2pt pap-spacing-after-2pt\">Often a particular musical form or genre implies its own tempo, so composers need place no further explanation in the score.[citation needed] Popular music charts use terms such as bossa nova, ballad, and Latin rock in much the same way.[original research?] Lead sheets and fake book music for jazz or popular music may use several terms, and may include a tempo term and a genre term, such as \"slow blues\", \"medium shuffle\" or \"fast rock\".</p>\n<p class=\"paragraph text-align-type-left pap-line-1.8 pap-line-rule-auto pap-spacing-before-2pt pap-spacing-after-2pt\">&nbsp;</p>\n<p class=\"paragraph text-align-type-left pap-line-1.8 pap-line-rule-auto pap-spacing-before-2pt pap-spacing-after-2pt\">Basic tempo markings</p>\n<p class=\"paragraph text-align-type-left pap-line-1.8 pap-line-rule-auto pap-spacing-before-2pt pap-spacing-after-2pt\">Here follows a list of common tempo markings. The beats per minute (bpm) values are very rough approximations for 4</p>\n<p class=\"paragraph text-align-type-left pap-line-1.8 pap-line-rule-auto pap-spacing-before-2pt pap-spacing-after-2pt\">4 time.</p>\n<p class=\"paragraph text-align-type-left pap-line-1.8 pap-line-rule-auto pap-spacing-before-2pt pap-spacing-after-2pt\">&nbsp;</p>\n<p class=\"paragraph text-align-type-left pap-line-1.8 pap-line-rule-auto pap-spacing-before-2pt pap-spacing-after-2pt\">These terms have also been used inconsistently through time and in different geographical areas. One striking example is that Allegretto hastened as a tempo from the 18th to the 19th century: originally it was just above Andante, instead of just below Allegro as it is now.[8] As another example, a modern largo is slower than an adagio, but in the Baroque period it was faster.[9]</p>\n<p class=\"paragraph text-align-type-left pap-line-1.8 pap-line-rule-auto pap-spacing-before-2pt pap-spacing-after-2pt\">&nbsp;</p>\n<p class=\"paragraph text-align-type-left pap-line-1.8 pap-line-rule-auto pap-spacing-before-2pt pap-spacing-after-2pt\">From slowest to fastest:</p>\n<p class=\"paragraph text-align-type-left pap-line-1.8 pap-line-rule-auto pap-spacing-before-2pt pap-spacing-after-2pt\">&nbsp;</p>\n<p class=\"paragraph text-align-type-left pap-line-1.8 pap-line-rule-auto pap-spacing-before-2pt pap-spacing-after-2pt\">Larghissimo &ndash; very, very slow (24 bpm and under)</p>\n<p class=\"paragraph text-align-type-left pap-line-1.8 pap-line-rule-auto pap-spacing-before-2pt pap-spacing-after-2pt\">Adagissimo &ndash; very slow</p>\n<p class=\"paragraph text-align-type-left pap-line-1.8 pap-line-rule-auto pap-spacing-before-2pt pap-spacing-after-2pt\">Grave &ndash; very slow (25&ndash;45 bpm)</p>\n<p class=\"paragraph text-align-type-left pap-line-1.8 pap-line-rule-auto pap-spacing-before-2pt pap-spacing-after-2pt\">Largo &ndash; slow and broad (40&ndash;60 bpm)</p>\n<p class=\"paragraph text-align-type-left pap-line-1.8 pap-line-rule-auto pap-spacing-before-2pt pap-spacing-after-2pt\">Lento &ndash; slow (45&ndash;60 bpm)</p>\n<p class=\"paragraph text-align-type-left pap-line-1.8 pap-line-rule-auto pap-spacing-before-2pt pap-spacing-after-2pt\">Larghetto &ndash; rather slow and broad (60&ndash;66 bpm)</p>\n<p class=\"paragraph text-align-type-left pap-line-1.8 pap-line-rule-auto pap-spacing-before-2pt pap-spacing-after-2pt\">Adagio &ndash; slow with great expression[10] (66&ndash;76 bpm)</p>\n<p class=\"paragraph text-align-type-left pap-line-1.8 pap-line-rule-auto pap-spacing-before-2pt pap-spacing-after-2pt\">Adagietto &ndash; slower than andante (72&ndash;76 bpm) or slightly faster than adagio (70&ndash;80 bpm)</p>\n<p class=\"paragraph text-align-type-left pap-line-1.8 pap-line-rule-auto pap-spacing-before-2pt pap-spacing-after-2pt\">Andante &ndash; at a walking pace (76&ndash;108 bpm)</p>\n<p class=\"paragraph text-align-type-left pap-line-1.8 pap-line-rule-auto pap-spacing-before-2pt pap-spacing-after-2pt\">Andantino &ndash; slightly faster than andante (although, in some cases, it can be taken to mean slightly slower than andante) (80&ndash;108 bpm)</p>\n<p class=\"paragraph text-align-type-left pap-line-1.8 pap-line-rule-auto pap-spacing-before-2pt pap-spacing-after-2pt\">Marcia moderato &ndash; moderately, in the manner of a march[11][12] (83&ndash;85 bpm)</p>\n<p class=\"paragraph text-align-type-left pap-line-1.8 pap-line-rule-auto pap-spacing-before-2pt pap-spacing-after-2pt\">Moderato &ndash; at a moderate speed (108&ndash;120 bpm)</p>\n<p class=\"paragraph text-align-type-left pap-line-1.8 pap-line-rule-auto pap-spacing-before-2pt pap-spacing-after-2pt\">Andante moderato &ndash; between andante and moderato (thus the name) (92&ndash;112 bpm)</p>\n<p class=\"paragraph text-align-type-left pap-line-1.8 pap-line-rule-auto pap-spacing-before-2pt pap-spacing-after-2pt\">Allegretto &ndash; by the mid-19th century, moderately fast (112&ndash;120 bpm); see paragraph above for earlier usage</p>\n<p class=\"paragraph text-align-type-left pap-line-1.8 pap-line-rule-auto pap-spacing-before-2pt pap-spacing-after-2pt\">Allegro moderato &ndash; close to, but not quite allegro (116&ndash;120 bpm)</p>\n<p class=\"paragraph text-align-type-left pap-line-1.8 pap-line-rule-auto pap-spacing-before-2pt pap-spacing-after-2pt\">Allegro &ndash; fast, quick, and bright (120&ndash;156 bpm) (molto allegro is slightly faster than allegro, but always in its range; 124-156 bpm)</p>\n<p class=\"paragraph text-align-type-left pap-line-1.8 pap-line-rule-auto pap-spacing-before-2pt pap-spacing-after-2pt\">Vivace &ndash; lively and fast (156&ndash;176 bpm)</p>\n<p class=\"paragraph text-align-type-left pap-line-1.8 pap-line-rule-auto pap-spacing-before-2pt pap-spacing-after-2pt\">Vivacissimo &ndash; very fast and lively (172&ndash;176 bpm)</p>\n<p class=\"paragraph text-align-type-left pap-line-1.8 pap-line-rule-auto pap-spacing-before-2pt pap-spacing-after-2pt\">Allegrissimo or Allegro vivace &ndash; very fast (172&ndash;176 bpm)</p>\n<p class=\"paragraph text-align-type-left pap-line-1.8 pap-line-rule-auto pap-spacing-before-2pt pap-spacing-after-2pt\">Presto &ndash; very, very fast (168&ndash;200 bpm)</p>\n<p class=\"paragraph text-align-type-left pap-line-1.8 pap-line-rule-auto pap-spacing-before-2pt pap-spacing-after-2pt\">Prestissimo &ndash; even faster than presto (200 bpm and over)</p>\n<p class=\"paragraph text-align-type-left pap-line-1.8 pap-line-rule-auto pap-spacing-before-2pt pap-spacing-after-2pt\">Additional terms</p>\n<p class=\"paragraph text-align-type-left pap-line-1.8 pap-line-rule-auto pap-spacing-before-2pt pap-spacing-after-2pt\">A piacere &ndash; the performer may use their own discretion with regard to tempo and rhythm; literally \"at pleasure\"[13]</p>\n<p class=\"paragraph text-align-type-left pap-line-1.8 pap-line-rule-auto pap-spacing-before-2pt pap-spacing-after-2pt\">Assai &ndash; (very) much</p>\n<p class=\"paragraph text-align-type-left pap-line-1.8 pap-line-rule-auto pap-spacing-before-2pt pap-spacing-after-2pt\">A tempo &ndash; resume previous tempo</p>\n<p class=\"paragraph text-align-type-left pap-line-1.8 pap-line-rule-auto pap-spacing-before-2pt pap-spacing-after-2pt\">Con grazia &ndash; with grace, or gracefully[14]</p>\n<p class=\"paragraph text-align-type-left pap-line-1.8 pap-line-rule-auto pap-spacing-before-2pt pap-spacing-after-2pt\">Con moto &ndash; Italian for \"with movement\"; can be combined with a tempo indication, e.g., Andante con moto</p>\n<p class=\"paragraph text-align-type-left pap-line-1.8 pap-line-rule-auto pap-spacing-before-2pt pap-spacing-after-2pt\">Lamentoso &ndash; sadly, plaintively[15]</p>\n<p class=\"paragraph text-align-type-left pap-line-1.8 pap-line-rule-auto pap-spacing-before-2pt pap-spacing-after-2pt\">L'istesso, L'istesso tempo, or Lo stesso tempo &ndash; at the same speed; L'istesso is used when the actual speed of the music has not changed, despite apparent signals to the contrary, such as changes in time signature or note length (half notes in 4</p>\n<p class=\"paragraph text-align-type-left pap-line-1.8 pap-line-rule-auto pap-spacing-before-2pt pap-spacing-after-2pt\">4 could change to whole notes in 2</p>\n<p class=\"paragraph text-align-type-left pap-line-1.8 pap-line-rule-auto pap-spacing-before-2pt pap-spacing-after-2pt\">2, and they would all have the same duration)[16][17]</p>\n<p class=\"paragraph text-align-type-left pap-line-1.8 pap-line-rule-auto pap-spacing-before-2pt pap-spacing-after-2pt\">Ma non tanto &ndash; but not so much; used in the same way and has the same effect as Ma non troppo (see immediately below) but to a lesser degree</p>\n<p class=\"paragraph text-align-type-left pap-line-1.8 pap-line-rule-auto pap-spacing-before-2pt pap-spacing-after-2pt\">Ma non troppo &ndash; but not too much; used to modify a basic tempo to indicate that the basic tempo should be reined in to a degree; for example, Adagio ma non troppo to mean &Prime;Slow, but not too much&Prime;, Allegro ma non troppo to mean &Prime;Fast, but not too much&Prime;</p>\n<p class=\"paragraph text-align-type-left pap-line-1.8 pap-line-rule-auto pap-spacing-before-2pt pap-spacing-after-2pt\">Maestoso &ndash; majestically, stately[18]</p>\n<p class=\"paragraph text-align-type-left pap-line-1.8 pap-line-rule-auto pap-spacing-before-2pt pap-spacing-after-2pt\">Molto &ndash; very</p>\n<p class=\"paragraph text-align-type-left pap-line-1.8 pap-line-rule-auto pap-spacing-before-2pt pap-spacing-after-2pt\">meno - Less</p>\n<p class=\"paragraph text-align-type-left pap-line-1.8 pap-line-rule-auto pap-spacing-before-2pt pap-spacing-after-2pt\">Piu - more</p>\n<p class=\"paragraph text-align-type-left pap-line-1.8 pap-line-rule-auto pap-spacing-before-2pt pap-spacing-after-2pt\">Poco &ndash; a little</p>\n<p class=\"paragraph text-align-type-left pap-line-1.8 pap-line-rule-auto pap-spacing-before-2pt pap-spacing-after-2pt\">Subito &ndash; suddenly</p>\n<p class=\"paragraph text-align-type-left pap-line-1.8 pap-line-rule-auto pap-spacing-before-2pt pap-spacing-after-2pt\">Tempo comodo &ndash; at a comfortable speed</p>\n<p class=\"paragraph text-align-type-left pap-line-1.8 pap-line-rule-auto pap-spacing-before-2pt pap-spacing-after-2pt\">Tempo di... &ndash; the speed of a ... (such as Tempo di valzer (speed of a waltz, dotted quarter note. &asymp; 60 bpm or quarter note&asymp; 126 bpm), Tempo di marcia (speed of a march, quarter note &asymp; 120 bpm))</p>\n<p class=\"paragraph text-align-type-left pap-line-1.8 pap-line-rule-auto pap-spacing-before-2pt pap-spacing-after-2pt\">Tempo giusto &ndash; at a consistent speed, at the 'right' speed, in strict tempo</p>\n<p class=\"paragraph text-align-type-left pap-line-1.8 pap-line-rule-auto pap-spacing-before-2pt pap-spacing-after-2pt\">Tempo primo &ndash; resume the original (first) tempo</p>\n<p class=\"paragraph text-align-type-left pap-line-1.8 pap-line-rule-auto pap-spacing-before-2pt pap-spacing-after-2pt\">Tempo semplice &ndash; simple, regular speed, plainly</p>\n<p class=\"paragraph text-align-type-left pap-line-1.8 pap-line-rule-auto pap-spacing-before-2pt pap-spacing-after-2pt\">French tempo markings</p>\n<p class=\"paragraph text-align-type-left pap-line-1.8 pap-line-rule-auto pap-spacing-before-2pt pap-spacing-after-2pt\">Several composers have written markings in French, among them baroque composers Fran&ccedil;ois Couperin and Jean-Philippe Rameau as well as Claude Debussy, Olivier Messiaen, Maurice Ravel and Alexander Scriabin. Common tempo markings in French are:</p>\n<p class=\"paragraph text-align-type-left pap-line-1.8 pap-line-rule-auto pap-spacing-before-2pt pap-spacing-after-2pt\">&nbsp;</p>\n<p class=\"paragraph text-align-type-left pap-line-1.8 pap-line-rule-auto pap-spacing-before-2pt pap-spacing-after-2pt\">Au mouvement &ndash; play the (first or main) tempo.</p>\n<p class=\"paragraph text-align-type-left pap-line-1.8 pap-line-rule-auto pap-spacing-before-2pt pap-spacing-after-2pt\">Grave &ndash; slowly and solemnly</p>\n<p class=\"paragraph text-align-type-left pap-line-1.8 pap-line-rule-auto pap-spacing-before-2pt pap-spacing-after-2pt\">Lent &ndash; slowly</p>\n<p class=\"paragraph text-align-type-left pap-line-1.8 pap-line-rule-auto pap-spacing-before-2pt pap-spacing-after-2pt\">Moins &ndash; less, as in Moins vite (less fast)</p>\n<p class=\"paragraph text-align-type-left pap-line-1.8 pap-line-rule-auto pap-spacing-before-2pt pap-spacing-after-2pt\">Mod&eacute;r&eacute; &ndash; at a moderate tempo</p>\n<p class=\"paragraph text-align-type-left pap-line-1.8 pap-line-rule-auto pap-spacing-before-2pt pap-spacing-after-2pt\">Vif &ndash; lively</p>\n<p class=\"paragraph text-align-type-left pap-line-1.8 pap-line-rule-auto pap-spacing-before-2pt pap-spacing-after-2pt\">Tr&egrave;s &ndash; very, as in Tr&egrave;s vif (very lively)</p>\n<p class=\"paragraph text-align-type-left pap-line-1.8 pap-line-rule-auto pap-spacing-before-2pt pap-spacing-after-2pt\">Vite &ndash; fast</p>\n<p class=\"paragraph text-align-type-left pap-line-1.8 pap-line-rule-auto pap-spacing-before-2pt pap-spacing-after-2pt\">Rapide &ndash; rapidly</p>\n<p class=\"paragraph text-align-type-left pap-line-1.8 pap-line-rule-auto pap-spacing-before-2pt pap-spacing-after-2pt\">Erik Satie was known to write extensive tempo (and character) markings by defining them in a poetical and literal way, as in his Gnossiennes.[19]</p>\n<p class=\"paragraph text-align-type-left pap-line-1.8 pap-line-rule-auto pap-spacing-before-2pt pap-spacing-after-2pt\">&nbsp;</p>\n<p class=\"paragraph text-align-type-left pap-line-1.8 pap-line-rule-auto pap-spacing-before-2pt pap-spacing-after-2pt\">German tempo markings</p>\n<p class=\"paragraph text-align-type-left pap-line-1.8 pap-line-rule-auto pap-spacing-before-2pt pap-spacing-after-2pt\">Many composers have used German tempo markings. Typical German tempo markings are:</p>\n<p class=\"paragraph text-align-type-left pap-line-1.8 pap-line-rule-auto pap-spacing-before-2pt pap-spacing-after-2pt\">&nbsp;</p>\n<p class=\"paragraph text-align-type-left pap-line-1.8 pap-line-rule-auto pap-spacing-before-2pt pap-spacing-after-2pt\">Kr&auml;ftig &ndash; vigorous or powerful</p>\n<p class=\"paragraph text-align-type-left pap-line-1.8 pap-line-rule-auto pap-spacing-before-2pt pap-spacing-after-2pt\">Langsam &ndash; slowly</p>\n<p class=\"paragraph text-align-type-left pap-line-1.8 pap-line-rule-auto pap-spacing-before-2pt pap-spacing-after-2pt\">Lebhaft &ndash; lively (mood)</p>\n<p class=\"paragraph text-align-type-left pap-line-1.8 pap-line-rule-auto pap-spacing-before-2pt pap-spacing-after-2pt\">M&auml;&szlig;ig &ndash; moderately</p>\n<p class=\"paragraph text-align-type-left pap-line-1.8 pap-line-rule-auto pap-spacing-before-2pt pap-spacing-after-2pt\">Rasch &ndash; quickly</p>\n<p class=\"paragraph text-align-type-left pap-line-1.8 pap-line-rule-auto pap-spacing-before-2pt pap-spacing-after-2pt\">Schnell &ndash; fast</p>\n<p class=\"paragraph text-align-type-left pap-line-1.8 pap-line-rule-auto pap-spacing-before-2pt pap-spacing-after-2pt\">Bewegt &ndash; animated, with motion[20]</p>\n<p class=\"paragraph text-align-type-left pap-line-1.8 pap-line-rule-auto pap-spacing-before-2pt pap-spacing-after-2pt\">One of the first German composers to use tempo markings in his native language was Ludwig van Beethoven. The one using the most elaborate combined tempo and mood markings was probably Gustav Mahler. For example, the second movement of his Symphony No. 9 is marked Im Tempo eines gem&auml;chlichen L&auml;ndlers, etwas t&auml;ppisch und sehr derb, indicating a slowish folk-dance-like movement, with some awkwardness and much vulgarity in the execution. Mahler would also sometimes combine German tempo markings with traditional Italian markings, as in the first movement of his sixth symphony, marked Allegro energico, ma non troppo. Heftig, aber markig (Energetically quick, but not too much. Violent, but vigorous[21]).</p>\n<p class=\"paragraph text-align-type-left pap-line-1.8 pap-line-rule-auto pap-spacing-before-2pt pap-spacing-after-2pt\">&nbsp;</p>\n<p class=\"paragraph text-align-type-left pap-line-1.8 pap-line-rule-auto pap-spacing-before-2pt pap-spacing-after-2pt\">English tempo markings</p>\n<p class=\"paragraph text-align-type-left pap-line-1.8 pap-line-rule-auto pap-spacing-before-2pt pap-spacing-after-2pt\">English indications, for example quickly, have also been used, by Benjamin Britten and Percy Grainger, among many others. In jazz and popular music lead sheets and fake book charts, terms like \"fast\", \"laid back\", \"steady rock\", \"medium\", \"medium-up\", \"ballad\", \"brisk\", \"brightly\" \"up\", \"slowly\", and similar style indications may appear. In some lead sheets and fake books, both tempo and genre are indicated, e.g., \"slow blues\", \"fast swing\", or \"medium Latin\". The genre indications help rhythm section instrumentalists use the correct style. For example, if a song says \"medium shuffle\", the drummer plays a shuffle drum pattern; if it says \"fast boogie-woogie\", the piano player plays a boogie-woogie bassline.</p>\n<p class=\"paragraph text-align-type-left pap-line-1.8 pap-line-rule-auto pap-spacing-before-2pt pap-spacing-after-2pt\">&nbsp;</p>\n<p class=\"paragraph text-align-type-left pap-line-1.8 pap-line-rule-auto pap-spacing-before-2pt pap-spacing-after-2pt\">\"Show tempo\", a term used since the early days of Vaudeville, describes the traditionally brisk tempo (usually 160&ndash;170 bpm) of opening songs in stage revues and musicals.</p>\n<p class=\"paragraph text-align-type-left pap-line-1.8 pap-line-rule-auto pap-spacing-before-2pt pap-spacing-after-2pt\">&nbsp;</p>\n<p class=\"paragraph text-align-type-left pap-line-1.8 pap-line-rule-auto pap-spacing-before-2pt pap-spacing-after-2pt\">Humourist Tom Lehrer uses facetious English tempo markings in his anthology Too Many Songs by Tom Lehrer. For example, \"National Brotherhood Week\" is to be played \"fraternally\"; \"We Will All Go Together\" is marked \"eschatologically\"; and \"Masochism Tango\" has the tempo \"painstakingly\". His English contemporaries Flanders and Swann have similarly marked scores, with the music for their song \"The Whale (Moby Dick)\" shown as \"oceanlike and vast\".</p>\n<p class=\"paragraph text-align-type-left pap-line-1.8 pap-line-rule-auto pap-spacing-before-2pt pap-spacing-after-2pt\">&nbsp;</p>\n<p class=\"paragraph text-align-type-left pap-line-1.8 pap-line-rule-auto pap-spacing-before-2pt pap-spacing-after-2pt\">Variation through a piece</p>\n<p class=\"paragraph text-align-type-left pap-line-1.8 pap-line-rule-auto pap-spacing-before-2pt pap-spacing-after-2pt\">&nbsp;</p>\n<p class=\"paragraph text-align-type-left pap-line-1.8 pap-line-rule-auto pap-spacing-before-2pt pap-spacing-after-2pt\">Tempo is not necessarily fixed. Within a piece (or within a movement of a longer work), a composer may indicate a complete change of tempo, often by using a double bar and introducing a new tempo indication, often with a new time signature and/or key signature.</p>\n<p class=\"paragraph text-align-type-left pap-line-1.8 pap-line-rule-auto pap-spacing-before-2pt pap-spacing-after-2pt\">&nbsp;</p>\n<p class=\"paragraph text-align-type-left pap-line-1.8 pap-line-rule-auto pap-spacing-before-2pt pap-spacing-after-2pt\">It is also possible to indicate a more or less gradual change in tempo, for instance with an accelerando (speeding up) or ritardando (rit., slowing down) marking. Indeed, some compositions chiefly comprise accelerando passages, for instance Monti's Cs&aacute;rd&aacute;s, or the Russian Civil War song Echelon Song.</p>\n<p class=\"paragraph text-align-type-left pap-line-1.8 pap-line-rule-auto pap-spacing-before-2pt pap-spacing-after-2pt\">&nbsp;</p>\n<p class=\"paragraph text-align-type-left pap-line-1.8 pap-line-rule-auto pap-spacing-before-2pt pap-spacing-after-2pt\">On the smaller scale, tempo rubato refers to changes in tempo within a musical phrase, often described as some notes 'borrowing' time from others.</p>\n<p class=\"paragraph text-align-type-left pap-line-1.8 pap-line-rule-auto pap-spacing-before-2pt pap-spacing-after-2pt\">&nbsp;</p>\n<p class=\"paragraph text-align-type-left pap-line-1.8 pap-line-rule-auto pap-spacing-before-2pt pap-spacing-after-2pt\">Terms for change in tempo</p>\n<p class=\"paragraph text-align-type-left pap-line-1.8 pap-line-rule-auto pap-spacing-before-2pt pap-spacing-after-2pt\">Composers may use expressive marks to adjust the tempo:</p>\n<p class=\"paragraph text-align-type-left pap-line-1.8 pap-line-rule-auto pap-spacing-before-2pt pap-spacing-after-2pt\">&nbsp;</p>\n<p class=\"paragraph text-align-type-left pap-line-1.8 pap-line-rule-auto pap-spacing-before-2pt pap-spacing-after-2pt\">Accelerando &ndash; speeding up (abbreviation: accel.) Opposite of Ritardando,it is an Italian term pronounced as [aht-che-le-rahn-daw] and is defined by gradually increasing the tempo until the next tempo mark is noted. It is either marked by a dashed line or simply its abbreviation.</p>\n<p class=\"paragraph text-align-type-left pap-line-1.8 pap-line-rule-auto pap-spacing-before-2pt pap-spacing-after-2pt\">Affrettando &ndash; speeding up with a suggestion of anxiety[22]</p>\n<p class=\"paragraph text-align-type-left pap-line-1.8 pap-line-rule-auto pap-spacing-before-2pt pap-spacing-after-2pt\">Allargando &ndash; growing broader; decreasing tempo, usually near the end of a piece</p>\n<p class=\"paragraph text-align-type-left pap-line-1.8 pap-line-rule-auto pap-spacing-before-2pt pap-spacing-after-2pt\">Calando &ndash; going slower (and usually also softer)</p>\n<p class=\"paragraph text-align-type-left pap-line-1.8 pap-line-rule-auto pap-spacing-before-2pt pap-spacing-after-2pt\">Doppio movimento / doppio pi&ugrave; mosso &ndash; double-speed</p>\n<p class=\"paragraph text-align-type-left pap-line-1.8 pap-line-rule-auto pap-spacing-before-2pt pap-spacing-after-2pt\">Doppio pi&ugrave; lento &ndash; half-speed</p>\n<p class=\"paragraph text-align-type-left pap-line-1.8 pap-line-rule-auto pap-spacing-before-2pt pap-spacing-after-2pt\">Lentando &ndash; gradually slowing, and softer</p>\n<p class=\"paragraph text-align-type-left pap-line-1.8 pap-line-rule-auto pap-spacing-before-2pt pap-spacing-after-2pt\">Meno mosso &ndash; less movement; slower</p>\n<p class=\"paragraph text-align-type-left pap-line-1.8 pap-line-rule-auto pap-spacing-before-2pt pap-spacing-after-2pt\">Meno moto &ndash; less motion</p>\n<p class=\"paragraph text-align-type-left pap-line-1.8 pap-line-rule-auto pap-spacing-before-2pt pap-spacing-after-2pt\">Pi&ugrave; mosso &ndash; more movement; faster</p>\n<p class=\"paragraph text-align-type-left pap-line-1.8 pap-line-rule-auto pap-spacing-before-2pt pap-spacing-after-2pt\">Mosso &ndash; movement, more lively; quicker, much like pi&ugrave; mosso, but not as extreme</p>\n<p class=\"paragraph text-align-type-left pap-line-1.8 pap-line-rule-auto pap-spacing-before-2pt pap-spacing-after-2pt\">Precipitando &ndash; hurrying; going faster/forward</p>\n<p class=\"paragraph text-align-type-left pap-line-1.8 pap-line-rule-auto pap-spacing-before-2pt pap-spacing-after-2pt\">Rallentando &ndash; a gradual slowing down (abbreviation: rall.)</p>\n<p class=\"paragraph text-align-type-left pap-line-1.8 pap-line-rule-auto pap-spacing-before-2pt pap-spacing-after-2pt\">Ritardando &ndash; slowing down gradually; also see rallentando and ritenuto (abbreviations: rit., ritard.) sometimes replaces allargando.</p>\n<p class=\"paragraph text-align-type-left pap-line-1.8 pap-line-rule-auto pap-spacing-before-2pt pap-spacing-after-2pt\">Ritenuto &ndash; slightly slower, but achieved more immediately than rallentando or ritardando; a sudden decrease in tempo; temporarily holding back.[23] (Note that the abbreviation for ritenuto can also be rit. Thus a more specific abbreviation is riten. Also, sometimes ritenuto does not reflect a tempo change but rather a 'character' change.)</p>\n<p class=\"paragraph text-align-type-left pap-line-1.8 pap-line-rule-auto pap-spacing-before-2pt pap-spacing-after-2pt\">Rubato &ndash; free adjustment of tempo for expressive purposes, literally \"stolen\"&mdash;so more strictly, to take time from one beat to slow another</p>\n<p class=\"paragraph text-align-type-left pap-line-1.8 pap-line-rule-auto pap-spacing-before-2pt pap-spacing-after-2pt\">Slargando &ndash; gradually slowing down, literally \"slowing down\", \"widening\" or \"stretching\"</p>\n<p class=\"paragraph text-align-type-left pap-line-1.8 pap-line-rule-auto pap-spacing-before-2pt pap-spacing-after-2pt\">Stretto &ndash; in a faster tempo, often used near the conclusion of a section. (Note that in fugal compositions, the term stretto refers to the imitation of the subject in close succession, before the subject is completed, and as such, suitable for the close of the fugue.[24] Used in this context, the term is not necessarily related to tempo.)</p>\n<p class=\"paragraph text-align-type-left pap-line-1.8 pap-line-rule-auto pap-spacing-before-2pt pap-spacing-after-2pt\">Stringendo &ndash; pressing on faster, literally \"tightening\"</p>\n<p class=\"paragraph text-align-type-left pap-line-1.8 pap-line-rule-auto pap-spacing-before-2pt pap-spacing-after-2pt\">Tardando &ndash; slowing down gradually (same as ritardando)[25]</p>\n<p class=\"paragraph text-align-type-left pap-line-1.8 pap-line-rule-auto pap-spacing-before-2pt pap-spacing-after-2pt\">Tempo Primo &ndash; resume the original tempo[26]</p>\n<p class=\"paragraph text-align-type-left pap-line-1.8 pap-line-rule-auto pap-spacing-before-2pt pap-spacing-after-2pt\">While the base tempo indication (such as Allegro) typically appears in large type above the staff, adjustments typically appear below the staff or, in the case of keyboard instruments, in the middle of the grand staff.</p>\n<p class=\"paragraph text-align-type-left pap-line-1.8 pap-line-rule-auto pap-spacing-before-2pt pap-spacing-after-2pt\">&nbsp;</p>\n<p class=\"paragraph text-align-type-left pap-line-1.8 pap-line-rule-auto pap-spacing-before-2pt pap-spacing-after-2pt\">They generally designate a gradual change in tempo; for immediate tempo shifts, composers normally just provide the designation for the new tempo. (Note, however, that when Pi&ugrave; mosso or Meno mosso appears in large type above the staff, it functions as a new tempo, and thus implies an immediate change.) Several terms, e.g., assai, molto, poco, subito, control how large and how gradual a change should be (see common qualifiers).</p>\n<p class=\"paragraph text-align-type-left pap-line-1.8 pap-line-rule-auto pap-spacing-before-2pt pap-spacing-after-2pt\">&nbsp;</p>\n<p class=\"paragraph text-align-type-left pap-line-1.8 pap-line-rule-auto pap-spacing-before-2pt pap-spacing-after-2pt\">After a tempo change, a composer may return to a previous tempo in two ways:</p>\n<p class=\"paragraph text-align-type-left pap-line-1.8 pap-line-rule-auto pap-spacing-before-2pt pap-spacing-after-2pt\">&nbsp;</p>\n<p class=\"paragraph text-align-type-left pap-line-1.8 pap-line-rule-auto pap-spacing-before-2pt pap-spacing-after-2pt\">a tempo &ndash; returns to the base tempo after an adjustment (e.g. ritardando ... a tempo undoes the effect of the ritardando).</p>\n<p class=\"paragraph text-align-type-left pap-line-1.8 pap-line-rule-auto pap-spacing-before-2pt pap-spacing-after-2pt\">&nbsp;</p>\n<p class=\"paragraph text-align-type-left pap-line-1.8 pap-line-rule-auto pap-spacing-before-2pt pap-spacing-after-2pt\">Tempo primo or Tempo Io &ndash; denotes an immediate return to the piece's original base tempo after a section in a different tempo (e.g. Allegro ... Lento ... Moderato ... Tempo Io indicates a return to the Allegro). This indication often functions as a structural marker in pieces in binary form.</p>\n<p class=\"paragraph text-align-type-left pap-line-1.8 pap-line-rule-auto pap-spacing-before-2pt pap-spacing-after-2pt\">These terms also indicate an immediate, not a gradual, tempo change. Although they are Italian, composers tend to employ them even if they have written their initial tempo marking in another language.</p>\n<p class=\"paragraph text-align-type-left pap-line-1.8 pap-line-rule-auto pap-spacing-before-2pt pap-spacing-after-2pt\">&nbsp;</p>\n<p class=\"paragraph text-align-type-left pap-line-1.8 pap-line-rule-auto pap-spacing-before-2pt pap-spacing-after-2pt\">Tempo&ndash;rhythm interaction</p>\n<p class=\"paragraph text-align-type-left pap-line-1.8 pap-line-rule-auto pap-spacing-before-2pt pap-spacing-after-2pt\">One difficulty in defining tempo is the dependence of its perception on rhythm, and, conversely, the dependence of rhythm perception on tempo. Furthermore, the tempo-rhythm interaction is context dependent, as explained by Andranik Tangian[27][28] using an example of the leading rhythm of &Prime;Promenade&Prime; from Moussorgsky's Tableaux d'une exposition:</p>\n<p class=\"paragraph text-align-type-left pap-line-1.8 pap-line-rule-auto pap-spacing-before-2pt pap-spacing-after-2pt\">&nbsp;</p>\n<p class=\"paragraph text-align-type-left pap-line-1.8 pap-line-rule-auto pap-spacing-before-2pt pap-spacing-after-2pt\">quarter note quarter note quarter noteeighth note eighth note eighth note</p>\n<p class=\"paragraph text-align-type-left pap-line-1.8 pap-line-rule-auto pap-spacing-before-2pt pap-spacing-after-2pt\">This rhythm is perceived as it is rather than as the first three events repeated at a double tempo (denoted as R012 = repeat from 0, one time, twice faster):</p>\n<p class=\"paragraph text-align-type-left pap-line-1.8 pap-line-rule-auto pap-spacing-before-2pt pap-spacing-after-2pt\">&nbsp;</p>\n<p class=\"paragraph text-align-type-left pap-line-1.8 pap-line-rule-auto pap-spacing-before-2pt pap-spacing-after-2pt\">quarter note quarter note quarter noteR012</p>\n<p class=\"paragraph text-align-type-left pap-line-1.8 pap-line-rule-auto pap-spacing-before-2pt pap-spacing-after-2pt\">However, the motive with this rhythm in the Moussorgsky&rsquo;s piece</p>\n<p class=\"paragraph text-align-type-left pap-line-1.8 pap-line-rule-auto pap-spacing-before-2pt pap-spacing-after-2pt\">&nbsp;</p>\n<p class=\"paragraph text-align-type-left pap-line-1.8 pap-line-rule-auto pap-spacing-before-2pt pap-spacing-after-2pt\">quarter note quarter note quarter noteeighth note eighth note eighth note</p>\n<p class=\"paragraph text-align-type-left pap-line-1.8 pap-line-rule-auto pap-spacing-before-2pt pap-spacing-after-2pt\">is rather perceived as a repeat</p>\n<p class=\"paragraph text-align-type-left pap-line-1.8 pap-line-rule-auto pap-spacing-before-2pt pap-spacing-after-2pt\">&nbsp;</p>\n<p class=\"paragraph text-align-type-left pap-line-1.8 pap-line-rule-auto pap-spacing-before-2pt pap-spacing-after-2pt\">quarter note quarter note quarter noteR012</p>\n<p class=\"paragraph text-align-type-left pap-line-1.8 pap-line-rule-auto pap-spacing-before-2pt pap-spacing-after-2pt\">This context-dependent perception of tempo and rhythm is explained by the principle of correlative perception, according to which data are perceived in the simplest way. From the viewpoint of Kolmogorov's complexity theory, this means such a representation of the data that minimizes the amount of memory.</p>\n<p class=\"paragraph text-align-type-left pap-line-1.8 pap-line-rule-auto pap-spacing-before-2pt pap-spacing-after-2pt\">&nbsp;</p>\n<p class=\"paragraph text-align-type-left pap-line-1.8 pap-line-rule-auto pap-spacing-before-2pt pap-spacing-after-2pt\">The example considered suggests two alternative representations of the same rhythm: as it is, and as the rhythm-tempo interaction &mdash; a two-level representation in terms of a generative rhythmic pattern and a &ldquo;tempo curve&rdquo;. Table 1 displays these possibilities both with and without pitch, assuming that one duration requires one byte of information, one byte is needed for the pitch of one tone, and invoking the repeat algorithm with its parameters R012 takes four bytes. As shown in the bottom row of the table, the rhythm without pitch requires fewer bytes if it is &ldquo;perceived&rdquo; as it is, without repetitions and tempo leaps. On the contrary, its melodic version requires fewer bytes if the rhythm is &ldquo;perceived&rdquo; as being repeated at a double tempo.</p>\n<p class=\"paragraph text-align-type-left pap-line-1.8 pap-line-rule-auto pap-spacing-before-2pt pap-spacing-after-2pt\">&nbsp;</p>\n<p class=\"paragraph text-align-type-left pap-line-1.8 pap-line-rule-auto pap-spacing-before-2pt pap-spacing-after-2pt\">Table: Complexity of representation of time events</p>\n<p class=\"paragraph text-align-type-left pap-line-1.8 pap-line-rule-auto pap-spacing-before-2pt pap-spacing-after-2pt\">Rhythm only Rhythm with pitch</p>\n<p class=\"paragraph text-align-type-left pap-line-1.8 pap-line-rule-auto pap-spacing-before-2pt pap-spacing-after-2pt\">Complete coding Coding as repeat Complete coding Coding as repeat</p>\n<p class=\"paragraph text-align-type-left pap-line-1.8 pap-line-rule-auto pap-spacing-before-2pt pap-spacing-after-2pt\">quarter note quarter note quarter noteeighth note eighth note eighth note quarter note quarter note quarter note R012 quarter note quarter note quarter note eighth note eighth note eighth note R012</p>\n<p class=\"paragraph text-align-type-left pap-line-1.8 pap-line-rule-auto pap-spacing-before-2pt pap-spacing-after-2pt\">Complexity of rhythmic pattern 6 bytes 3 bytes 12 bytes 6 bytes</p>\n<p class=\"paragraph text-align-type-left pap-line-1.8 pap-line-rule-auto pap-spacing-before-2pt pap-spacing-after-2pt\">Complexity of its transformation 0 bytes 4 bytes 0 bytes 4 bytes</p>\n<p class=\"paragraph text-align-type-left pap-line-1.8 pap-line-rule-auto pap-spacing-before-2pt pap-spacing-after-2pt\">Total complexity 6 bytes 7 bytes 12 bytes 10 bytes</p>\n<p class=\"paragraph text-align-type-left pap-line-1.8 pap-line-rule-auto pap-spacing-before-2pt pap-spacing-after-2pt\">Thus, the loop of interdependence of rhythm and tempo is overcome due to the simplicity criterion, which \"optimally\" distributes the complexity of perception between rhythm and tempo. In the above example, the repetition is recognized because of additional repetition of the melodic contour, which results in a certain redundancy of the musical structure, making the recognition of the rhythmic pattern \"robust\" under tempo deviations. Generally speaking, the more redundant the \"musical support\" of a rhythmic pattern, the better its recognizability under augmentations and diminutions, that is, its distortions are perceived as tempo variations rather than rhythmic changes:</p>\n<p class=\"paragraph text-align-type-left pap-line-1.8 pap-line-rule-auto pap-spacing-before-2pt pap-spacing-after-2pt\">&nbsp;</p>\n<p class=\"paragraph text-align-type-left pap-line-1.8 pap-line-rule-auto pap-spacing-before-2pt pap-spacing-after-2pt\">By taking into account melodic context, homogeneity of accompaniment, harmonic pulsation, and other cues, the range of admissible tempo deviations can be extended further, yet still not preventing musically normal perception. For example, Scriabin's own performance of his Poem op. 32 no. 1 transcribed from a piano-roll recording contains tempo deviations within dotted quarter note. = 19/119, a span of 5.5 times (Skrjabin 1960).[29] Such tempo deviations are strictly prohibited, for example, in Bulgarian or Turkish music based on so-called additive rhythms with complex duration ratios, which can also be explained by the principle of correlativity of perception. If a rhythm is not structurally redundant, then even minor tempo deviations are not perceived as accelerando or ritardando but rather given an impression of a change in rhythm, which implies an inadequate perception of musical meaning.</p>\n<p class=\"paragraph text-align-type-left pap-line-1.8 pap-line-rule-auto pap-spacing-before-2pt pap-spacing-after-2pt\">&nbsp;</p>\n<p class=\"paragraph text-align-type-left pap-line-1.8 pap-line-rule-auto pap-spacing-before-2pt pap-spacing-after-2pt\">&mdash;&thinsp;Andranik Tangian (1994) \"A principle of correlativity of perception and its application to music recognition&rdquo;. Music Perception. 11(4), p. 480</p>\n<p class=\"paragraph text-align-type-left pap-line-1.8 pap-line-rule-auto pap-spacing-before-2pt pap-spacing-after-2pt\">Modern classical music</p>\n<p class=\"paragraph text-align-type-left pap-line-1.8 pap-line-rule-auto pap-spacing-before-2pt pap-spacing-after-2pt\">&nbsp;</p>\n<p class=\"paragraph text-align-type-left pap-line-1.8 pap-line-rule-auto pap-spacing-before-2pt pap-spacing-after-2pt\">20th-century classical music introduced a wide range of approaches to tempo, particularly thanks to the influence of modernism and later postmodernism.</p>\n<p class=\"paragraph text-align-type-left pap-line-1.8 pap-line-rule-auto pap-spacing-before-2pt pap-spacing-after-2pt\">&nbsp;</p>\n<p class=\"paragraph text-align-type-left pap-line-1.8 pap-line-rule-auto pap-spacing-before-2pt pap-spacing-after-2pt\">While many composers have retained traditional tempo markings, sometimes requiring greater precision than in any preceding period, others have begun to question basic assumptions of the classical tradition like the idea of a consistent, unified, repeatable tempo. Graphic scores show tempo and rhythm in a variety of ways. Polytemporal compositions deliberately utilise performers playing at marginally different speeds. John Cage's compositions approach tempo in diverse ways. For instance 4&prime;33&Prime; has a defined duration, but no actual notes, while As Slow as Possible has defined proportions but no defined duration, with one performance intended to last 639 years.</p>\n<p class=\"paragraph text-align-type-left pap-line-1.8 pap-line-rule-auto pap-spacing-before-2pt pap-spacing-after-2pt\">&nbsp;</p>\n<p class=\"paragraph text-align-type-left pap-line-1.8 pap-line-rule-auto pap-spacing-before-2pt pap-spacing-after-2pt\">Electronic music</p>\n<p class=\"paragraph text-align-type-left pap-line-1.8 pap-line-rule-auto pap-spacing-before-2pt pap-spacing-after-2pt\">&nbsp;</p>\n<p class=\"paragraph text-align-type-left pap-line-1.8 pap-line-rule-auto pap-spacing-before-2pt pap-spacing-after-2pt\">Extreme tempo</p>\n<p class=\"paragraph text-align-type-left pap-line-1.8 pap-line-rule-auto pap-spacing-before-2pt pap-spacing-after-2pt\">More extreme tempos are achievable at the same underlying tempo with very fast drum patterns, often expressed as drum rolls. Such compositions often exhibit a much slower underlying tempo, but may increase the tempo by adding additional percussive beats. Extreme metal subgenres such as speedcore and grindcore often strive to reach unusually fast tempo. The use of extreme tempo was very common in the fast bebop jazz from the 1940s and 1950s. A common jazz tune such as \"Cherokee\" was often performed at quarter note equal to or sometimes exceeding 368 bpm. Some of Charlie Parker's famous tunes (\"Bebop\", \"Shaw Nuff\") have been performed at 380 bpm plus.[citation needed]</p>\n<p class=\"paragraph text-align-type-left pap-line-1.8 pap-line-rule-auto pap-spacing-before-2pt pap-spacing-after-2pt\">&nbsp;</p>\n<p class=\"paragraph text-align-type-left pap-line-1.8 pap-line-rule-auto pap-spacing-before-2pt pap-spacing-after-2pt\">There is also a subgenre of speedcore known as Extratone, which is defined by music with a BPM over 3,600, or sometimes 1,000 BPM.</p>\n<p class=\"paragraph text-align-type-left pap-line-1.8 pap-line-rule-auto pap-spacing-before-2pt pap-spacing-after-2pt\">&nbsp;</p>\n<p class=\"paragraph text-align-type-left pap-line-1.8 pap-line-rule-auto pap-spacing-before-2pt pap-spacing-after-2pt\">Beatmatching</p>\n<p class=\"paragraph text-align-type-left pap-line-1.8 pap-line-rule-auto pap-spacing-before-2pt pap-spacing-after-2pt\">Main article: Beatmatching</p>\n<p class=\"paragraph text-align-type-left pap-line-1.8 pap-line-rule-auto pap-spacing-before-2pt pap-spacing-after-2pt\">In popular music genres such as disco, house music and electronic dance music, beatmatching is a technique that DJs use that involves speeding up or slowing down a record (or CDJ player, a speed-adjustable CD player for DJ use) to match the tempo of a previous or subsequent track, so both can be seamlessly mixed. Having beatmatched two songs, the DJ can either seamlessly crossfade from one song to another, or play both tracks simultaneously, creating a layered effect.</p>\n<p class=\"paragraph text-align-type-left pap-line-1.8 pap-line-rule-auto pap-spacing-before-2pt pap-spacing-after-2pt\">&nbsp;</p>\n<p class=\"paragraph text-align-type-left pap-line-1.8 pap-line-rule-auto pap-spacing-before-2pt pap-spacing-after-2pt\">DJs often beatmatch the underlying tempos of recordings, rather than their strict bpm value suggested by the kick drum, particularly when dealing with high tempo tracks. A 240 bpm track, for example, matches the beat of a 120 bpm track without slowing down or speeding up, because both have an underlying tempo of 120 quarter notes per minute. Thus, some soul music (around 75&ndash;90 bpm) mixes well with a drum and bass beat (from 150&ndash;185 bpm). When speeding up or slowing down a record on a turntable, the pitch and tempo of a track are linked: spinning a disc 10% faster makes both pitch and tempo 10% higher. Software processing to change the pitch without changing the tempo is called pitch-shifting. The opposite operation, changing the tempo without changing the pitch, is called time-stretching.</p>\n<p class=\"paragraph text-align-type-left pap-line-1.8 pap-line-rule-auto pap-spacing-before-2pt pap-spacing-after-2pt\">&nbsp;</p>\n<p class=\"paragraph text-align-type-left pap-line-1.8 pap-line-rule-auto pap-spacing-before-2pt pap-spacing-after-2pt\">&nbsp;</p>\n</div>\n</div>",
 "remarks": "本词条内容来自 https://zh.wikipedia.org/wiki/速度_(音樂)",
 "remarksEn": "本词条内容来自 https://en.wikipedia.org/wiki/Tempo",
 "status": 1,
 "clickNum": 24,
 "deleted": 0,
 "lang": 0,
 "chooseLang": true,
 "id": 606,
 "name": "Tempo（乐曲速度）",
 "categoryText": "音乐术语",
 "descriptions": "速度（tempo）决定了一段音乐的快慢，是音乐的重要元素，亦影响作品的情感与演奏难度。“tempo”是意大利语的时间，源于拉丁语的“tempus”。",
 "referenceUrl": "https://en.wikipedia.org/wiki/Tempo",
 "typeId": 11,
 "typeName": "其他",
 "dataId": 606,
 "url": "http://dropinapp.hearinmusic.com/#/ency?typeId=11&dataId=606"
}