{
 "pageNum": 1,
 "pageSize": 10,
 "params": {},
 "relationChannel": "[{\"id\":1502,\"parentId\":10,\"name\":\"Trance Weekend\"}]",
 "relationEncy": "[{\"id\":36340,\"typeId\":13,\"dataId\":13,\"name\":\"Trance\",\"url\":\"http://dropinapp.hearinmusic.com/#/ency?typeId=13&dataId=13\"}]",
 "content": "<p>Trance Weekend是一个base在北京的电子音乐活动品牌，通过线上文化传播和线下派对的形式，传播优质的电子音乐和纯正的派对文化。</p>",
 "contentEn": "",
 "remarks": "本词条内容由 @Trance Weekend 提供",
 "remarksEn": "本词条内容暂未完善仅供参考，多频百科小编正在火速赶来",
 "status": 1,
 "clickNum": 40,
 "deleted": 0,
 "lang": 0,
 "chooseLang": false,
 "id": 604,
 "name": "Trance Weekend",
 "categoryText": "组织/机构",
 "descriptions": "Trance Weekend是一个base在北京的电子音乐活动品牌，通过线上文化传播和线下派对的形式，传播优质的电子音乐和纯正的派对文化。",
 "picture": "https://duopin-community.oss-cn-shenzhen.aliyuncs.com/image/2021/8/0df29kw8r3357tc4t57o.jpg",
 "typeId": 11,
 "typeName": "其他",
 "dataId": 604,
 "url": "http://dropinapp.hearinmusic.com/#/ency?typeId=11&dataId=604"
}