{
 "pageNum": 1,
 "pageSize": 10,
 "params": {},
 "content": "<div>Podium是一个数字音频工作站软件程序，集成了音频录制、VST插件和外部MIDI和音频设备。一个基于对象的项目结构允许先进的媒体和设备管理。</div>\n<div>&nbsp;</div>\n<div>功能亮点包括分层轨道布局、集成声音编辑器、环绕声、花键曲线自动化、64位混合、多处理和可定制的用户界面。</div>\n<div>&nbsp;</div>\n<div><strong>历史</strong></div>\n<div>Podium是开发者Frits Nielsen的心血结晶，他曾是TC电子公司的用户界面设计师和程序员。Podium的开发始于1990年，Zynewave公司成立于2004年，并首次公开发布Podium。</div>\n<div>&nbsp;</div>\n<div><strong>Podium免费</strong></div>\n<div>2010年6月26日，Zynewave发布了Podium Free免费版，向免费模式转变。它有几个资源限制，但其他方面与商业版的Podium相同。最新的Podium免费版于2014年3月11日发布。</div>\n<p>&nbsp;</p>",
 "contentEn": "<div>Podium is a Digital Audio Workstation software program that integrates audio recording, VST plugins and external MIDI and audio gear. An object based project structure allows for advanced media and device management.</div>\n<div>&nbsp;</div>\n<div>Feature highlights include hierarchic track layout, integrated sound editor, surround sound, spline curve automation, 64-bit mixing, multiprocessing and a customizable user interface.&nbsp;</div>\n<div>&nbsp;</div>\n<table class=\"infobox vevent\" style=\"width: 22em;\">\n<tbody>\n<tr>\n<th style=\"white-space: nowrap;\" scope=\"row\">Developer(s)</th>\n<td>Zynewave</td>\n</tr>\n<tr>\n<th style=\"white-space: nowrap;\" scope=\"row\">Stable release</th>\n<td>\n<div style=\"margin: 0px;\">3.3.3 / 27&nbsp;March 2019<span class=\"noprint\">; 22 months ago</span></div>\n</td>\n</tr>\n<tr>\n<th style=\"white-space: nowrap;\" scope=\"row\">Written in</th>\n<td>C++</td>\n</tr>\n<tr>\n<th style=\"white-space: nowrap;\" scope=\"row\">Operating system</th>\n<td>Microsoft Windows</td>\n</tr>\n<tr>\n<th style=\"white-space: nowrap;\" scope=\"row\">Type</th>\n<td>Digital Audio Workstation</td>\n</tr>\n<tr>\n<th style=\"white-space: nowrap;\" scope=\"row\">License</th>\n<td>Proprietary</td>\n</tr>\n<tr>\n<th style=\"white-space: nowrap;\" scope=\"row\">Website</th>\n<td>https://zynewave.com/</td>\n</tr>\n</tbody>\n</table>\n<h2><span id=\"History\" class=\"mw-headline\">History</span></h2>\n<p>Podium is the brainchild of developer Frits Nielsen, a former user interface designer and programmer with TC Electronic. Development of Podium started in 1990, and the Zynewave company was founded in 2004 with the first public release of Podium.<sup id=\"cite_ref-1\" class=\"reference\"></sup></p>\n<h2><span id=\"Podium_Free\" class=\"mw-headline\">Podium Free</span></h2>\n<p>On June 26, 2010, Zynewave released the <strong>Podium Free</strong> freeware edition of Podium to move to a freemium model. It has several resource limitations, but is otherwise identical to the commercial version of Podium.<sup id=\"cite_ref-Digital_2-0\" class=\"reference\"></sup> Latest Podium Free edition was released on March 11, 2014.</p>",
 "remarks": "本词条汉字内容由 @多频百科团队 翻译+编辑\n原文译自 https://en.wikipedia.org/wiki/Zynewave_Podium",
 "remarksEn": "本词条内容来自 https://en.wikipedia.org/wiki/Zynewave_Podium",
 "status": 1,
 "clickNum": 18,
 "deleted": 0,
 "lang": 0,
 "chooseLang": true,
 "id": 146,
 "name": "Zynewave Podium",
 "categoryText": "数字音频工作站",
 "descriptions": "Podium是一个数字音频工作站软件程序，集成了音频录制、VST插件和外部MIDI和音频设备。一个基于对象的项目结构允许先进的媒体和设备管理。\n\n功能亮点包括分层轨道布局、集成声音编辑器、环绕声、花键曲线自动化、64位混合、多处理和可定制的用户界面。\n",
 "picture": "https://duopin-community.oss-cn-shenzhen.aliyuncs.com/image/2021/8/141inwzkls626k0alv35.jpg",
 "referenceUrl": "https://en.wikipedia.org/wiki/Zynewave_Podium",
 "typeId": 11,
 "typeName": "其他",
 "dataId": 146,
 "url": "http://dropinapp.hearinmusic.com/#/ency?typeId=11&dataId=146"
}