{
 "pageNum": 1,
 "pageSize": 10,
 "params": {},
 "content": "<p>亲爱的DROPUCER：</p>\n<p>&nbsp;</p>\n<p>&ldquo;多频精选&rdquo;位于&ldquo;研究所&rdquo;板块中，致力于为DROPUCER推荐社区内优质精华的电子音乐文化科普信号。</p>\n<p>&nbsp;</p>\n<p><strong>一、内容要求</strong></p>\n<p>（1）由DROPUCER原创或二次创作的信号内容，不接受纯转载</p>\n<p>（2）需为与电子音乐作品、艺人、厂牌、活动、场景相关的知识科普、文化故事、乐评分析等有助于其他用户了解电子音乐文化的内容</p>\n<p>（3）信号形式为长文，无严格字数限制但不宜过短，可适创作者需求添加图片、音乐、百科、视频等</p>\n<p>（4）不接受开放式话题讨论、投票、众议等信号内容</p>\n<p>（5）不得含有任何广告、营销、招揽等商业性信息（此处特指除作者外第三方商业内容，作者可以适当介绍自身情况或自主运营的项目，但也请严格控制相关内容比例和话术倾向）</p>\n<p>&nbsp;</p>\n<p><strong>二、审核标准</strong></p>\n<p>&ldquo;多频精选&rdquo;栏目目前实行<strong>用户自主投稿，多频运营团队审核</strong>的运作机制，审核标准如下：</p>\n<p>&nbsp;</p>\n<p>（1）是否满足&ldquo;内容要求&rdquo;中的五项基本条件</p>\n<p>（2）是否有明显常识错误，逻辑漏洞，文笔不畅等问题</p>\n<p>（3）信号内容所关注领域的价值（我们鼓励大家向电子音乐各个小众领域探索，通常来说，越小众方向的内容越能引起审核团队的注意）</p>\n<p>（4）是否有独立思考、探索、创新和提炼后内容的输出（审核团队会核查内容在互联网上的重复度，过度依赖复制拼贴的信号通常不予通过）</p>\n<p>（5）是否情感真挚，用心创作</p>\n<p>&nbsp;</p>\n<p><strong>三、用户投稿</strong></p>\n<p>用户可通过微信公众号&ldquo;DROPIN多频&rdquo;-&ldquo;服务&rdquo;-&ldquo;精选投稿&rdquo;功能进行投稿，具体入口如图所示：</p>\n<p><img src=\"https://duopin-community.oss-cn-shenzhen.aliyuncs.com/image/2021/8/3n4455zd5vlko56kt5v5.jpg\" alt=\"\" width=\"828\" height=\"1792\" /></p>\n<p>&nbsp;</p>\n<p><strong>四、结果通知</strong></p>\n<p>精选审核的结果通常会在1~3日内通过社区内消息的形式同步给创作者。对于没有被选入推荐的投稿，审核团队同样会回复未能通过的原因以及来自我们的建议想法。</p>\n<p>&nbsp;</p>\n<p><strong>五、其它事项</strong></p>\n<p>（1）&ldquo;多频精选&rdquo;审核小组可能是整个多频运营团队中最古怪而最有追求的一帮人。同时我们也期待能聚集更多优秀的内容创作者和爱好者，一同参与到精选的评审和推荐中。我们会在确定好详细的众议机制后，向社区内符合我们条件的用户发出邀请，请大家多多关注。</p>\n<p>（2）对于一部分对&ldquo;多频精选&rdquo;认可并感兴趣，但担心自己能力和知识尚存不足的DROPUCER，我们建议可以从外文优质乐评、专栏、分析的翻译开始尝试和投稿。在翻译过程中，你可以借助行业内成熟编辑的视野拓宽自己的电音认知，了解更地道真实的外国文化，并在翻译话术的打磨中修炼更好的文字功底。</p>\n<p>&nbsp;</p>\n<p>期待&ldquo;多频精选&rdquo;专栏能为大家带来真正有价值，有收获的电子音乐优质内容。</p>\n<p>&nbsp;</p>\n<p>为了电音！</p>",
 "contentEn": "",
 "remarks": "本词条内容暂未完善仅供参考，多频百科小编正在火速赶来",
 "remarksEn": "本词条内容暂未完善仅供参考，多频百科小编正在火速赶来",
 "status": 1,
 "clickNum": 20,
 "deleted": 0,
 "lang": 0,
 "chooseLang": false,
 "id": 611,
 "name": "“多频精选”专栏推荐机制",
 "categoryText": "多频社区",
 "descriptions": "“多频精选”致力于为推荐社区内优质精华的电子音乐文化科普信号",
 "typeId": 11,
 "typeName": "其他",
 "dataId": 611,
 "url": "http://dropinapp.hearinmusic.com/#/ency?typeId=11&dataId=611"
}