{
 "pageNum": 1,
 "pageSize": 10,
 "params": {},
 "content": "<p><strong><em>&mdash;&mdash;&ldquo;</em></strong><strong><em>每位DROPUCER，都是独一无二的频率&rdquo;</em></strong></p>\n<p>&nbsp;</p>\n<p>各位亲爱的DROPUCER，多频社区是由不同频率的人、观点和内容组成的电子音乐社区。在这里，对电子音乐共同的热爱，以及渴望交流的诚挚与尊重，是真正将我们联通并唤起共鸣的原因。而注册社区内虚拟的帐户身份形象，正是我们打开与其它DROPUCER接触的第一扇门。为了维持和谐、真诚、积极的社区氛围，请每一位DROPUCER务必遵守以下账户注册与公开信息管理规范：</p>\n<p>&nbsp;</p>\n<p><strong>总则</strong></p>\n<p>用户在注册DROPIN多频帐号时，应按照注册提示合法、准确、真实地填写相关注册信息，包括但不限于昵称、头像和简介等个人信息中不得出现违法和不良信息，不得冒用他人姓名、名称、字号、头像等或采取其他足以让人引起混淆的方式开设帐号，不得存在频繁注册、批量注册帐号等行为。如用户存在前述行为，DROPIN多频有权拒绝提供相关服务，用户可能无法使用软件、产品及相关服务或在使用过程中部分功能受到限制。（以上内容均摘自<a href=\"http://user-protocol.hearinmusic.com/\">《DROPIN多频用户协议》</a>）</p>\n<p>&nbsp;</p>\n<p><strong>一、普通用户公开信息</strong></p>\n<p><span style=\"text-decoration: underline;\">（1）帐户昵称</span></p>\n<ol>\n<li>社区内所有帐户昵称均为唯一，不允许使用已有昵称；</li>\n<li>昵称中不得出现敏感违禁词语，违者经查实将强制更名，并视情节严重程度处以1日至永久账户封禁处理；</li>\n<li>昵称中不得直接或间接表达任何可能违反【社区内容发布规范】中禁止的内容，包括但不限于违反国家法律、、破坏社会公序良俗、侵害他人合法权利、传播商业广告、明显误导欺骗信息等内容，违者经查实将强制更名，并视情节严重程度处以1日至永久账户封禁处理；</li>\n</ol>\n<p>&nbsp;</p>\n<p><em>特别注明：针对较多DROPUCER关心的&mdash;&mdash;&ldquo;友好合理&rdquo;地使用艺人、厂牌、媒体等各类知名人士/品牌作为自用昵称的行为，社区建议有上述行为的DROPUCER进行修改调整，做回独一无二的自己。此类行为经举报、发现和核实，将视情节处以强制更名或更多处罚。同时，当该名称身份原持有人以官方认证方式加入社区时，为避免其他用户不必要的误会，将视具体情况可能征回该名称的使用权。</em></p>\n<p>&nbsp;</p>\n<p><span style=\"text-decoration: underline;\">（2）帐户头像</span></p>\n<p>头像中不得直接或间接表达任何可能违反【社区内容发布规范】中禁止的内容，包括但不限于违反国家法律、、破坏社会公序良俗、涉黄涉恐、侵害他人合法权利、传播商业广告、明显误导欺骗信息等内容，违者经查实将强制更换头像，并视情节严重程度处以1日至永久账户封禁处理；</p>\n<p>&nbsp;</p>\n<p><span style=\"text-decoration: underline;\">（3）帐户个人资料 -&nbsp;简介</span></p>\n<p>简介中不得直接或间接表达任何可能违反【社区内容发布规范】中禁止的内容，包括但不限于违反国家法律、、破坏社会公序良俗、侵害他人合法权利、传播商业广告、明显误导欺骗信息等内容，违者经查实将强制清除简介，并视情节严重程度处以1日至永久账户封禁处理；</p>\n<p>&nbsp;</p>\n<p><strong>二、认证用户信息</strong></p>\n<p><span style=\"text-decoration: underline;\">（1）认证类型与条件</span></p>\n<p>A. 个人认证</p>\n<p>社区为电子音乐领域公众人物，行业内人士等个人提供账号认证服务，目前可供认证类型和条件如下：</p>\n<p>&nbsp;</p>\n<p><strong>① 认证音乐人</strong></p>\n<ul>\n<li>提供厂牌、唱片公司签约等有效音乐行业从业证明，或提供主流音乐平台音乐人认证并在任一平台拥有粉丝数大于100人</li>\n<li>曾发布电子音乐相关作品3首或以上，并提供长期有效收听渠道</li>\n<li>提供真实有效的身份证明材料</li>\n<li>账号绑定真实身份本人手机号码</li>\n</ul>\n<p>&nbsp;</p>\n<p><strong>② 认证媒体人</strong></p>\n<ul>\n<li>提供电子音乐行业相关媒体组织/机构等有效行业从业证明的媒体人，或在任一主流社交媒体平台拥有粉丝数大于500人的自媒体人</li>\n<li>曾发布电子音乐相关媒体类文章20篇以上，或视频10条以上，并提供长期有效查阅渠道</li>\n<li>提供真实有效的身份证明材料</li>\n<li>账号绑定真实身份本人手机号码</li>\n</ul>\n<p>&nbsp;</p>\n<p>B. 组织/机构认证</p>\n<p>社区将尽快开放组织/机构认证通道，敬请期待</p>\n<p>&nbsp;</p>\n<p><span style=\"text-decoration: underline;\">（2）认证规则</span></p>\n<p>有意申请账户认证的用户，可通过公众号&ldquo;DROPIN多频&rdquo;-&ldquo;服务&rdquo;-&ldquo;认证&rdquo;进行申请。目前每一个独立的社区帐户，仅支持申请一种类型的认证身份，请谨慎选择。</p>",
 "contentEn": "",
 "remarks": "本词条内容由 @多频百科团队 编辑",
 "remarksEn": "本词条内容暂未完善仅供参考，多频百科小编正在火速赶来",
 "status": 1,
 "clickNum": 49,
 "deleted": 0,
 "lang": 0,
 "chooseLang": false,
 "id": 610,
 "name": "社区账户注册与公开信息管理规范",
 "categoryText": "多频社区",
 "descriptions": "请每一位DROPUCER务必遵守以下账户注册与公开信息管理规范",
 "typeId": 11,
 "typeName": "其他",
 "dataId": 610,
 "url": "http://dropinapp.hearinmusic.com/#/ency?typeId=11&dataId=610"
}