{
 "pageNum": 1,
 "pageSize": 10,
 "params": {},
 "relationEncy": "[{\"id\":36744,\"typeId\":11,\"dataId\":595,\"name\":\"社区信号与发布\",\"url\":\"http://dropinapp.hearinmusic.com/#/ency?typeId=11&dataId=595\"},{\"id\":36751,\"typeId\":11,\"dataId\":596,\"name\":\"社区评论、点头和捕捉\",\"url\":\"http://dropinapp.hearinmusic.com/#/ency?typeId=11&dataId=596\"},{\"id\":36752,\"typeId\":11,\"dataId\":597,\"name\":\"社区频段和搜索\",\"url\":\"http://dropinapp.hearinmusic.com/#/ency?typeId=11&dataId=597\"},{\"id\":36754,\"typeId\":11,\"dataId\":599,\"name\":\"社区头像框调频与等级\",\"url\":\"http://dropinapp.hearinmusic.com/#/ency?typeId=11&dataId=599\"},{\"id\":36755,\"typeId\":11,\"dataId\":600,\"name\":\"社区互动答题模块\",\"url\":\"http://dropinapp.hearinmusic.com/#/ency?typeId=11&dataId=600\"}]",
 "content": "<p><strong><em>&mdash;&mdash;&ldquo;DROPUCER</em></strong><strong><em>的意见与想法，正是DROPIN前进的方向&rdquo;</em></strong></p>\n<p>&nbsp;</p>\n<p>各位亲爱的DROPUCER，你们每一位都是DROPIN多频家园真正的主人。因此，我们十分热切地想要了解大家对社区的意见、建议与期望，从而指导我们对社区的功能和体验进行改进优化。同时，我们也需要各位的力量，一同维护社区内容的健康优质以及运营的长治久安。为此，DROPIN团队建立了下述渠道，方便各位DROPUCER快速与我们联系和交流：</p>\n<p>&nbsp;</p>\n<p><strong>添加微信小助手/公众号/用户群</strong></p>\n<p>希望积极参与社区建设，或有紧急需求的DROPUCER们，我们建议扫码添加DROPIN官方小助手的微信，以便运营人员为你提供一对一服务。</p>\n<p>&nbsp;</p>\n<p><img class=\"img-list\" style=\"display: block; margin-left: auto; margin-right: auto;\" src=\"https://duopin-community.oss-cn-shenzhen.aliyuncs.com/npzqlza6ssd7xfs6jktf.jpg\" alt=\"\" width=\"300\" height=\"430\" /></p>\n<p>&nbsp;</p>\n<p>我们还建议各位DROPUCER扫码关注&ldquo;DROPIN多频&rdquo;官方公众号并添加核心用户群，以便及时了解产品动态，与我们取得联系并能和更多DROPUCER沟通交流。</p>\n<p><img class=\"img-list\" style=\"display: block; margin-left: auto; margin-right: auto;\" src=\"https://duopin-community.oss-cn-shenzhen.aliyuncs.com/3c1ia2jm9muaihzahyni.png\" alt=\"\" width=\"300\" height=\"99\" /></p>\n<p>&nbsp;</p>\n<p><strong>站内反馈功能</strong></p>\n<p>&ldquo;本体&rdquo;页面右上角&ldquo;设置&rdquo;，找到&ldquo;反馈&rdquo;功能，点击进入即可反馈意见</p>\n<p style=\"text-align: center;\">&nbsp;</p>\n<p>&nbsp;</p>\n<p><strong>违规举报</strong></p>\n<p>当你发现违规的内容出现时，可以向我们进行举报。目前的举报入口主要设置在各内容页右上角&ldquo;&middot;&middot;&middot;&rdquo;出，找到弹框中的举报按钮即可操作</p>\n<p style=\"text-align: center;\"><img src=\"https://duopin-community.oss-cn-shenzhen.aliyuncs.com/image/2021/8/ua8yykiypkyumf16doo7.gif\" alt=\"\" width=\"350\" height=\"758\" /></p>\n<p style=\"text-align: center;\">&nbsp;</p>\n<p style=\"text-align: left;\">看到违规的评论内容，也可以长按触发功能弹窗，找到举报按钮进行举报</p>\n<p style=\"text-align: center;\"><img src=\"https://duopin-community.oss-cn-shenzhen.aliyuncs.com/image/2021/8/ebjzx9iavu7yyipvd0or.gif\" alt=\"\" width=\"350\" height=\"758\" /></p>\n<p style=\"text-align: left;\">&nbsp;</p>\n<p><strong>其他联系方式</strong></p>\n<p>除上述方式与我们取得联系外，我们也欢迎DROPUCER通过邮件的方式与我们联系：</p>\n<p>&nbsp;</p>\n<p>官方联系邮箱：<a href=\"mailto:contact_us@hearinmusic.com\">contact_us@hearinmusic.com</a></p>\n<p>&nbsp;</p>\n<p>用户服务邮箱：<a href=\"mailto:cs@hearinmusic.com\">cs@hearinmusic.com</a></p>\n<p style=\"text-align: left;\">&nbsp;</p>\n<p style=\"text-align: left;\"><strong>我们热切期盼并将虚心听取DROPUCER们的意见和想法，这将是社区未来发展和进步的重要参考。同时也希望各位与我们一起守护健康的社区环境，积极举报社区内的违规行为。为了电音！</strong></p>",
 "contentEn": "",
 "remarks": "本词条内容由 @多频官方团队 编辑",
 "remarksEn": "本词条内容暂未完善仅供参考，多频百科小编正在火速赶来",
 "status": 1,
 "clickNum": 20,
 "deleted": 0,
 "lang": 0,
 "chooseLang": false,
 "id": 598,
 "name": "社区反馈和举报",
 "categoryText": "多频社区",
 "descriptions": "如何联系社区运营团队进行反馈以及举报违规行为呢？",
 "typeId": 11,
 "typeName": "其他",
 "dataId": 598,
 "url": "http://dropinapp.hearinmusic.com/#/ency?typeId=11&dataId=598"
}