{
 "pageNum": 1,
 "pageSize": 10,
 "params": {},
 "relationEncy": "[{\"id\":36751,\"typeId\":11,\"dataId\":596,\"name\":\"社区评论、点头和捕捉\",\"url\":\"http://dropinapp.hearinmusic.com/#/ency?typeId=11&dataId=596\"},{\"id\":36752,\"typeId\":11,\"dataId\":597,\"name\":\"社区频段和搜索\",\"url\":\"http://dropinapp.hearinmusic.com/#/ency?typeId=11&dataId=597\"},{\"id\":36753,\"typeId\":11,\"dataId\":598,\"name\":\"社区反馈和举报\",\"url\":\"http://dropinapp.hearinmusic.com/#/ency?typeId=11&dataId=598\"},{\"id\":36754,\"typeId\":11,\"dataId\":599,\"name\":\"社区头像框调频与等级\",\"url\":\"http://dropinapp.hearinmusic.com/#/ency?typeId=11&dataId=599\"},{\"id\":36755,\"typeId\":11,\"dataId\":600,\"name\":\"社区互动答题模块\",\"url\":\"http://dropinapp.hearinmusic.com/#/ency?typeId=11&dataId=600\"}]",
 "content": "<p class=\"paragraph text-align-type-left pap-line-1.8 pap-line-rule-auto pap-spacing-before-0pt pap-spacing-after-0pt\"><strong><em>&mdash;&mdash;&ldquo;茫茫人海中接收到陌生人的信号，何尝不是电子时代特有的浪漫。&rdquo;</em></strong></p>\n<p class=\"paragraph text-align-type-left pap-line-1.8 pap-line-rule-auto pap-spacing-before-0pt pap-spacing-after-0pt\">&nbsp;</p>\n<p class=\"paragraph text-align-type-left pap-line-1.8 pap-line-rule-auto pap-spacing-before-0pt pap-spacing-after-0pt\">各位亲爱的DROPUCER，在当前版本的DROPIN社区里，各类内容和信息主要通过&ldquo;信号&rdquo;这个载体来传播。作为社区内丰富度、自由度最高的内容形式，&ldquo;信号&rdquo;中可以包含文字，图片，网址链接以及音乐外链。&ldquo;信号&rdquo;将被DROP（发布）在至少一个相关&ldquo;频段&rdquo;（话题）中，以便这条&ldquo;信号&rdquo;可以更精确的被感兴趣的人接收到。</p>\n<p class=\"paragraph text-align-type-left pap-line-1.8 pap-line-rule-auto pap-spacing-before-0pt pap-spacing-after-0pt\">&nbsp;</p>\n<p class=\"paragraph text-align-type-left pap-line-1.8 pap-line-rule-auto pap-spacing-before-0pt pap-spacing-after-0pt\">您可以便捷的在社区内浏览到其他DROPUCERS发布的信号，也可以发布属于自己的信号，吸引DROPUCERS的关注和讨论。那么如何才能发布信号呢？</p>\n<p class=\"paragraph text-align-type-left pap-line-1.8 pap-line-rule-auto pap-spacing-before-0pt pap-spacing-after-0pt\">&nbsp;</p>\n<p class=\"paragraph text-align-type-left pap-line-1.8 pap-line-rule-auto pap-spacing-before-0pt pap-spacing-after-0pt\"><strong>① 在&ldquo;频圈&rdquo;或&ldquo;频段&rdquo;的信号列表页，点击右下角的圆形黑色&ldquo;发布信号&rdquo;浮标（需要通过基础的社区入门测试才能发布信号噢）</strong></p>\n<p class=\"paragraph text-align-type-left pap-line-1.8 pap-line-rule-auto pap-spacing-before-0pt pap-spacing-after-0pt\"><strong><img style=\"display: block; margin-left: auto; margin-right: auto;\" src=\"https://duopin-community.oss-cn-shenzhen.aliyuncs.com/image/2021/8/x6lq1x1o9jt6gu78znpl.gif\" alt=\"\" width=\"351\" height=\"757\" /></strong></p>\n<p class=\"paragraph text-align-type-left pap-line-1.8 pap-line-rule-auto pap-spacing-before-0pt pap-spacing-after-0pt\">&nbsp;</p>\n<p class=\"paragraph text-align-type-left pap-line-1.8 pap-line-rule-auto pap-spacing-before-0pt pap-spacing-after-0pt\"><strong>② 输入标题及正文</strong></p>\n<p class=\"paragraph text-align-type-left pap-line-1.8 pap-line-rule-auto pap-spacing-before-0pt pap-spacing-after-0pt\" style=\"text-align: center;\"><strong><img src=\"https://duopin-community.oss-cn-shenzhen.aliyuncs.com/image/2021/8/8ijrf2zaije9ij6j9cfs.gif\" alt=\"\" width=\"351\" height=\"757\" /></strong></p>\n<p class=\"paragraph text-align-type-left pap-line-1.8 pap-line-rule-auto pap-spacing-before-0pt pap-spacing-after-0pt\">&nbsp;</p>\n<p class=\"paragraph text-align-type-left pap-line-1.8 pap-line-rule-auto pap-spacing-before-0pt pap-spacing-after-0pt\"><strong>③ 插入网易云音乐链接（点击下方工具栏左起第一个按钮&ldquo;添加音乐或视频&rdquo;）</strong></p>\n<p class=\"paragraph text-align-type-left pap-line-1.8 pap-line-rule-auto pap-spacing-before-0pt pap-spacing-after-0pt\" style=\"text-align: center;\"><img src=\"https://duopin-community.oss-cn-shenzhen.aliyuncs.com/image/2021/8/tk0ez85oo4wsbjaoaac2.gif\" alt=\"\" width=\"351\" height=\"757\" /></p>\n<p class=\"paragraph text-align-type-left pap-line-1.8 pap-line-rule-auto pap-spacing-before-0pt pap-spacing-after-0pt\">&nbsp;</p>\n<p class=\"paragraph text-align-type-left pap-line-1.8 pap-line-rule-auto pap-spacing-before-0pt pap-spacing-after-0pt\"><strong>④ 插入哔哩哔哩视频链接（点击下方工具栏左起第一个按钮&ldquo;添加音乐或视频&rdquo;）</strong></p>\n<p class=\"paragraph text-align-type-left pap-line-1.8 pap-line-rule-auto pap-spacing-before-0pt pap-spacing-after-0pt\" style=\"text-align: center;\"><strong><img src=\"https://duopin-community.oss-cn-shenzhen.aliyuncs.com/image/2021/8/11tcct4zt664jppe9nkt.gif\" alt=\"\" width=\"351\" height=\"757\" /></strong></p>\n<p class=\"paragraph text-align-type-left pap-line-1.8 pap-line-rule-auto pap-spacing-before-0pt pap-spacing-after-0pt\">&nbsp;</p>\n<p class=\"paragraph text-align-type-left pap-line-1.8 pap-line-rule-auto pap-spacing-before-0pt pap-spacing-after-0pt\"><strong>⑤ 插入百科（点击下方工具栏左起第二个按钮&ldquo;添加多频百科&rdquo;，可搜索需要的百科词条）</strong></p>\n<p class=\"paragraph text-align-type-left pap-line-1.8 pap-line-rule-auto pap-spacing-before-0pt pap-spacing-after-0pt\" style=\"text-align: center;\"><strong><img src=\"https://duopin-community.oss-cn-shenzhen.aliyuncs.com/image/2021/8/t11lhqnxp2d22jmt5oi8.gif\" alt=\"\" width=\"351\" height=\"757\" /></strong></p>\n<p class=\"paragraph text-align-type-left pap-line-1.8 pap-line-rule-auto pap-spacing-before-0pt pap-spacing-after-0pt\">&nbsp;</p>\n<p class=\"paragraph text-align-type-left pap-line-1.8 pap-line-rule-auto pap-spacing-before-0pt pap-spacing-after-0pt\"><strong>⑥ 插入图片（点击下方工具栏左起第三个按钮&ldquo;添加图片&rdquo;）</strong></p>\n<p class=\"paragraph text-align-type-left pap-line-1.8 pap-line-rule-auto pap-spacing-before-0pt pap-spacing-after-0pt\" style=\"text-align: center;\"><strong><img src=\"https://duopin-community.oss-cn-shenzhen.aliyuncs.com/image/2021/8/9dx79i8g1vnym8735ml3.gif\" alt=\"\" width=\"351\" height=\"757\" /></strong></p>\n<p class=\"paragraph text-align-type-left pap-line-1.8 pap-line-rule-auto pap-spacing-before-0pt pap-spacing-after-0pt\">&nbsp;</p>\n<p class=\"paragraph text-align-type-left pap-line-1.8 pap-line-rule-auto pap-spacing-before-0pt pap-spacing-after-0pt\"><strong>⑦ 插入超链接（点击下方工具栏左起第四个按钮&ldquo;添加超链接&rdquo;）</strong></p>\n<p class=\"paragraph text-align-type-left pap-line-1.8 pap-line-rule-auto pap-spacing-before-0pt pap-spacing-after-0pt\" style=\"text-align: center;\"><strong><img src=\"https://duopin-community.oss-cn-shenzhen.aliyuncs.com/image/2021/8/s2cqrbwyywv4yb2y5zua.gif\" alt=\"\" width=\"351\" height=\"757\" /></strong></p>\n<p class=\"paragraph text-align-type-left pap-line-1.8 pap-line-rule-auto pap-spacing-before-0pt pap-spacing-after-0pt\">&nbsp;</p>\n<p class=\"paragraph text-align-type-left pap-line-1.8 pap-line-rule-auto pap-spacing-before-0pt pap-spacing-after-0pt\"><strong>⑧ 选择频段（工具栏上方左侧紫色按钮&ldquo;+频段&rdquo;，选择信号发布到的话题分类，可选最多5个；贴合信号主题的将有助于信号被感兴趣的DROPUCER看见）</strong></p>\n<p class=\"paragraph text-align-type-left pap-line-1.8 pap-line-rule-auto pap-spacing-before-0pt pap-spacing-after-0pt\" style=\"text-align: center;\"><strong><img src=\"https://duopin-community.oss-cn-shenzhen.aliyuncs.com/image/2021/8/jnrzbq98qdri3ox493xn.gif\" alt=\"\" width=\"351\" height=\"757\" /></strong></p>\n<p class=\"paragraph text-align-type-left pap-line-1.8 pap-line-rule-auto pap-spacing-before-0pt pap-spacing-after-0pt\" style=\"text-align: left;\">&nbsp;</p>\n<p class=\"paragraph text-align-type-left pap-line-1.8 pap-line-rule-auto pap-spacing-before-0pt pap-spacing-after-0pt\" style=\"text-align: left;\"><strong>⑨ 点击右上角&ldquo;DROP&rdquo;，一片图文并茂生动有趣的信号就发送完成啦！</strong></p>\n<p class=\"paragraph text-align-type-left pap-line-1.8 pap-line-rule-auto pap-spacing-before-0pt pap-spacing-after-0pt\" style=\"text-align: center;\"><strong><img src=\"https://duopin-community.oss-cn-shenzhen.aliyuncs.com/image/2021/8/yc6a4rpyqdonx06r4hdp.gif\" alt=\"\" width=\"351\" height=\"757\" /></strong></p>\n<p class=\"paragraph text-align-type-left pap-line-1.8 pap-line-rule-auto pap-spacing-before-0pt pap-spacing-after-0pt\" style=\"text-align: left;\">&nbsp;</p>\n<p class=\"paragraph text-align-type-left pap-line-1.8 pap-line-rule-auto pap-spacing-before-0pt pap-spacing-after-0pt\" style=\"text-align: left;\"><strong>草稿储存</strong></p>\n<p class=\"paragraph text-align-type-left pap-line-1.8 pap-line-rule-auto pap-spacing-before-0pt pap-spacing-after-0pt\" style=\"text-align: left;\">码字累了想休息一下再码？只需点击右上角&rdquo;取消&ldquo;退出编辑界面，就会自动为你保留草稿啦！</p>\n<p class=\"paragraph text-align-type-left pap-line-1.8 pap-line-rule-auto pap-spacing-before-0pt pap-spacing-after-0pt\" style=\"text-align: center;\"><img src=\"https://duopin-community.oss-cn-shenzhen.aliyuncs.com/image/2021/8/jcsnicimki6rsmp17j69.png\" alt=\"\" width=\"350\" height=\"223\" /></p>\n<p class=\"paragraph text-align-type-left pap-line-1.8 pap-line-rule-auto pap-spacing-before-0pt pap-spacing-after-0pt\" style=\"text-align: left;\">&nbsp;</p>\n<p class=\"paragraph text-align-type-left pap-line-1.8 pap-line-rule-auto pap-spacing-before-0pt pap-spacing-after-0pt\" style=\"text-align: left;\">下次回来即可选择继续开始编辑噢~</p>\n<p class=\"paragraph text-align-type-left pap-line-1.8 pap-line-rule-auto pap-spacing-before-0pt pap-spacing-after-0pt\" style=\"text-align: center;\"><img src=\"https://duopin-community.oss-cn-shenzhen.aliyuncs.com/image/2021/8/ij5oonn78s5xdkl6xagb.gif\" alt=\"\" width=\"351\" height=\"757\" /></p>\n<p class=\"paragraph text-align-type-left pap-line-1.8 pap-line-rule-auto pap-spacing-before-0pt pap-spacing-after-0pt\" style=\"text-align: left;\">&nbsp;</p>\n<p class=\"paragraph text-align-type-left pap-line-1.8 pap-line-rule-auto pap-spacing-before-0pt pap-spacing-after-0pt\" style=\"text-align: left;\"><strong>亲爱的DROPUCER，信号的发布你学会了吗？快去发条信号试试看吧！</strong></p>",
 "contentEn": "",
 "remarks": "本词条内容由 @多频官方团队 编辑",
 "remarksEn": "本词条内容暂未完善仅供参考，多频百科小编正在火速赶来",
 "status": 1,
 "clickNum": 47,
 "deleted": 0,
 "lang": 0,
 "chooseLang": false,
 "id": 595,
 "name": "社区信号与发布",
 "categoryText": "多频社区",
 "descriptions": "如何在社区内发布信号内容？",
 "typeId": 11,
 "typeName": "其他",
 "dataId": 595,
 "url": "http://dropinapp.hearinmusic.com/#/ency?typeId=11&dataId=595"
}