{
 "pageNum": 1,
 "pageSize": 10,
 "params": {},
 "relationEncy": "[{\"id\":36744,\"typeId\":11,\"dataId\":595,\"name\":\"社区信号与发布\",\"url\":\"http://dropinapp.hearinmusic.com/#/ency?typeId=11&dataId=595\"},{\"id\":36751,\"typeId\":11,\"dataId\":596,\"name\":\"社区评论、点头和捕捉\",\"url\":\"http://dropinapp.hearinmusic.com/#/ency?typeId=11&dataId=596\"},{\"id\":36753,\"typeId\":11,\"dataId\":598,\"name\":\"社区反馈和举报\",\"url\":\"http://dropinapp.hearinmusic.com/#/ency?typeId=11&dataId=598\"},{\"id\":36754,\"typeId\":11,\"dataId\":599,\"name\":\"社区头像框调频与等级\",\"url\":\"http://dropinapp.hearinmusic.com/#/ency?typeId=11&dataId=599\"},{\"id\":36755,\"typeId\":11,\"dataId\":600,\"name\":\"社区互动答题模块\",\"url\":\"http://dropinapp.hearinmusic.com/#/ency?typeId=11&dataId=600\"}]",
 "content": "<p><em><strong>&mdash;&mdash;&ldquo;频段聚集着一类能产生共鸣的频率&rdquo;</strong></em></p>\n<p>&nbsp;</p>\n<p>社区中各类信号内容都会被投放和归类到不同的频段（话题）中。例如在频段&ldquo;HOUSE&rdquo;中，你就可以浏览到很多与House相关的内容。那么如何快速找到我们想要的频段呢？</p>\n<p>&nbsp;</p>\n<p><strong>频段分类</strong></p>\n<p>首先，我们将频段划分进了9个大类，分别是：</p>\n<ul>\n<li>信号大本营（生活、休闲等非电子音乐相关话题频段）</li>\n<li>音乐（单曲、专辑、Remix等音乐作品内容相关话题频段）</li>\n<li>艺人（艺人、制作人、DJ、VOCAL、乐手等相关话题频段）</li>\n<li>风格（电子音乐风格/标签/范畴等相关话题频段）</li>\n<li>厂牌（电子音乐厂牌相关话题频段）</li>\n<li>现场（电音节、Club、Livehouse等音乐现场相关话题频段）</li>\n<li>制作（电子音乐制作理论与技术，资源，原创交流等相关话题频段）</li>\n<li>文化（电子音乐科普、周边、品牌等文化相关话题频段）</li>\n<li>设备（音乐软硬件设备相关话题频段）</li>\n</ul>\n<p>&nbsp;</p>\n<p><strong>频段浏览</strong></p>\n<p>① 点击频圈主页右上角四叶状&ldquo;频段&rdquo;图标，展开频段导航栏可以看到九大类频段，右滑到最后可以点击进入&ldquo;频段广场&rdquo;</p>\n<p style=\"text-align: center;\"><img src=\"https://duopin-community.oss-cn-shenzhen.aliyuncs.com/image/2021/8/7rg6t5vvjwr3vb3sig4o.gif\" alt=\"\" width=\"351\" height=\"757\" /></p>\n<p>&nbsp;</p>\n<p>② 频段广场中可以根据分类浏览各细分频段</p>\n<p style=\"text-align: center;\"><img src=\"https://duopin-community.oss-cn-shenzhen.aliyuncs.com/image/2021/8/qijnojbmf4vcrurdfxd8.gif\" alt=\"\" width=\"351\" height=\"757\" /></p>\n<p>&nbsp;</p>\n<p>③ 也可以通过上方搜索栏来查找频段哦</p>\n<p style=\"text-align: center;\"><img src=\"https://duopin-community.oss-cn-shenzhen.aliyuncs.com/image/2021/8/n8xxhh3hgzqge1dox4gc.png\" alt=\"\" width=\"335\" height=\"178\" /></p>\n<p>&nbsp;</p>\n<p>④ 频段在社区中使用紫色标签框表示，见到它都可以点击进入相关频段哦~</p>\n<p style=\"text-align: center;\"><img src=\"https://duopin-community.oss-cn-shenzhen.aliyuncs.com/image/2021/8/drg0qui3dz9h4qzx7e14.png\" alt=\"\" width=\"333\" height=\"172\" /></p>\n<p style=\"text-align: center;\">&nbsp;</p>\n<p><strong>社区现在还整合了搜索功能，可以搜索信号、频段和百科内容哦！</strong></p>\n<p style=\"text-align: center;\"><img src=\"https://duopin-community.oss-cn-shenzhen.aliyuncs.com/image/2021/8/c1zzpt9qsgwh46uee9y9.gif\" alt=\"\" width=\"351\" height=\"757\" /></p>\n<p>&nbsp;</p>\n<p>现在就去搜一搜感兴趣的内容吧！</p>",
 "contentEn": "",
 "remarks": "本词条内容由 @多频官方团队 编辑",
 "remarksEn": "本词条内容暂未完善仅供参考，多频百科小编正在火速赶来",
 "status": 1,
 "clickNum": 27,
 "deleted": 0,
 "lang": 0,
 "chooseLang": false,
 "id": 597,
 "name": "社区频段和搜索",
 "categoryText": "多频社区",
 "descriptions": "通过频段和搜索可以快速找到想看的内容",
 "typeId": 11,
 "typeName": "其他",
 "dataId": 597,
 "url": "http://dropinapp.hearinmusic.com/#/ency?typeId=11&dataId=597"
}