{
 "pageNum": 1,
 "pageSize": 10,
 "params": {},
 "content": "<p><strong><em>&mdash;&mdash;&ldquo;</em></strong><strong><em>让不同频率的观点掷地有声，让优质的电子音乐内容深入人心&rdquo;</em></strong></p>\n<p>&nbsp;</p>\n<p>各位亲爱的DROPUCER，多频社区是由不同频率的人、观点和内容组成的电子音乐社区。我们希望大家能在这里自由发表各自的见解，聆听不同的声音。但所谓&ldquo;自由&rdquo;绝不意味着我们在发布内容（包括但不限于信号、评论等）时不受任何约束和限制。为了维护一个健康、良好的社区环境，请每一位DROPUCER务必遵守以下发布规范：</p>\n<p>&nbsp;</p>\n<p><strong>一、社区交流原则</strong></p>\n<p><span style=\"text-decoration: underline; color: #ff0000;\"><strong>DROPIN多频社区禁止一切非理性讨论范围内的恶言相向、恶意争吵、挑衅滋事、谩骂指责、人身攻击等破坏社区交流环境和谐的行为。</strong></span></p>\n<p>&nbsp;</p>\n<p>这意味着，<span style=\"text-decoration: underline;\"><strong>无论用户出于任何原因情形</strong></span>而致在社区内发布触犯以上交流原则的内容，经确认属实，都将受到相应处罚。处罚规范如下：</p>\n<p>&nbsp;</p>\n<ul>\n<li><em>第一次违规，社区内公开警告，用户限制发言三天，违规内容删除。</em></li>\n<li><em>第二次违规，社区内公开警告，用户限制发言七天，违规内容删除。</em></li>\n<li><em>第三次违规，社区内公开警告，用户账号永久封禁，违规内容删除。</em></li>\n</ul>\n<p>&nbsp;</p>\n<p><strong>二、禁止发布的内容</strong></p>\n<ol>\n<li><strong>违反国家法律、危害国家安全统一、社会稳定、破坏民族团结、损害国家荣誉、利益和形象的内容；</strong></li>\n<li>破坏社会公序良俗、社会公德以及侮辱、诽谤、淫秽、暴力的内容；</li>\n<li>侵害他人名誉权、肖像权、知识产权、商业秘密等合法权利的内容；</li>\n<li>发表、传送、传播商业广告、或类似的商业招揽信息、过度营销信息及垃圾信息；</li>\n<li>恶意虚构事实、隐瞒真相以误导、欺骗他人的内容；</li>\n<li>恶意灌水、重复发布、无实质性内容等无意义的内容；</li>\n<li>含有法律、行政法规禁止的其他内容；</li>\n</ol>\n<p>&nbsp;</p>\n<p>社区内用户涉嫌上述第1点的违规行为经确认属实，处罚规范如下：</p>\n<p>&nbsp;</p>\n<ul>\n<li><em>社区内公开警告，用户账号永久封禁，违规内容删除。</em></li>\n</ul>\n<p>&nbsp;</p>\n<p>社区内用户涉嫌上述第2~7点的违规行为经确认属实，处罚规范如下：</p>\n<p>&nbsp;</p>\n<ul>\n<li><em>第一次违规，社区内公开警告，用户限制发言三天，违规内容删除，或暂时下架至修改符合规范后恢复。</em></li>\n<li><em>第二次违规，社区内公开警告，用户限制发言七天，违规内容删除，或暂时下架至修改符合规范后恢复。</em></li>\n<li><em>第三次违规，社区内公开警告，用户账号永久封禁，违规内容删除。</em></li>\n</ul>\n<p>&nbsp;</p>\n<p>希望所有DROPUCER共同监督，如发现上述违规内容，请果断举报或与管理团队取得联系。但请注意，如出现恶意举报的行为，也会视情节严重程度处以警告、限制发言等处罚。</p>\n<p>&nbsp;</p>\n<p><strong>三、不建议发布的内容</strong></p>\n<ol>\n<li>与电子音乐话题完全无关的内容（即便&ldquo;信号大本营&rdquo;中有划分日常话题频段，我们仍希望用户能发布该话题和电子音乐交叉关联的内容）；</li>\n<li>庸俗、低级趣味、无价值信息、水分较大的内容；</li>\n<li>散播戾气、阴阳怪气、消极情绪或引起社区内其他用户体验不适的内容；</li>\n</ol>\n<p>&nbsp;</p>\n<p>社区内用户涉嫌上述第1~3点的内容，若遭到社区内其他用户举报，经确认属实，处罚规范如下：</p>\n<p>&nbsp;</p>\n<ul>\n<li><em>前三次违规，每次私下警告，违规内容删除，或暂时下架至修改符合规范后恢复。</em></li>\n<li><em>第四至六次违规，每次私下警告，用户限制发言一天，违规内容删除，或暂时下架至修改符合规范后恢复。</em></li>\n<li><em>第七至十次违规，每次社区内公开警告，用户限制发言三天，违规内容删除，或暂时下架至修改符合规范后恢复。</em></li>\n<li><em>十次以上违规，每次社区内公开警告，用户限制发言七天，违规内容删除，或暂时下架至修改符合规范后恢复。</em></li>\n</ul>\n<p>&nbsp;</p>\n<p><strong>四、建议发布的内容</strong></p>\n<p>我们建议DROPUCER们在社区内发布符合社区主题和基调的内容：</p>\n<ol>\n<li>与社区内频段（话题）相关联的内容；</li>\n<li>积极向上，传递和分享正能量的内容；</li>\n<li>理性讨论，合理分析，不恶意引战的内容；</li>\n<li>真实、真挚、真诚发布的内容；</li>\n<li>符合规定的转载内容；</li>\n</ol>\n<p>&nbsp;</p>\n<p><strong>五、鼓励发布的内容</strong></p>\n<p>我们鼓励DROPUCER们在社区内发布<strong>与电子音乐主题相关</strong>的优质内容，社区将为这些内容提供更多的曝光和推荐。这些内容包括但不限于：</p>\n<ol>\n<li>用户原创的高质量，多文字内容；</li>\n<li>高质量乐评分析、知识科普等有助于其他用户了解电子音乐文化的内容；</li>\n<li>题材新颖，亮点突出，对其它用户有吸引力的内容；</li>\n<li>能够在社区内引起较多用户共鸣、反响和讨论的内容；</li>\n<li>为社区发展和成长提出建设性建议，引导社区功能更加完善的内容；</li>\n<li>其他符合&ldquo;为了电音&rdquo;理念的高质量内容；</li>\n</ol>\n<p>&nbsp;</p>\n<p><strong>六、内容监管</strong></p>\n<ol>\n<li>多频社区内所有用户发布内容将由社区运营团队根据本规范内容实施监控、审查和处理；</li>\n<li>任何内容遭到社区内用户任一举报，都将会移交管理后台由社区运营团队处理；</li>\n<li>任何内容遭到社区内多名用户举报，将会触发自动下架。下架内容的后续处理，将由运营团队依据规范执行；</li>\n</ol>\n<p>&nbsp;</p>\n<p>DROPIN多频希望能为大家带来更好的内容创作体验和交流环境，让真正有价值、有营养、有意义的优质内容能被更多热爱电子音乐的DROPUCER们见到。希望各位DROPUCER们可以与我们一起，用良币驱逐劣币，真正用心推动电子音乐文化健康的发展。</p>\n<p>&nbsp;</p>\n<p>本规范更新于2021年8月17日</p>\n<p>&nbsp;</p>\n<p>更多关于社区内容发布和行为规范，请查阅<a href=\"http://user-protocol.hearinmusic.com/\">《DROPIN多频用户协议》</a></p>\n<p>&nbsp;</p>\n<p><strong>为了电音！</strong></p>",
 "contentEn": "",
 "remarks": "本词条内容由 @多频官方团队 编辑",
 "remarksEn": "本词条内容暂未完善仅供参考，多频百科小编正在火速赶来",
 "status": 1,
 "clickNum": 186,
 "deleted": 0,
 "lang": 0,
 "chooseLang": false,
 "id": 593,
 "name": "社区内容发布规范",
 "categoryText": "多频社区",
 "descriptions": "为了维护一个健康、良好的社区环境，请每一位DROPUCER务必遵守以下内容发布规范",
 "typeId": 11,
 "typeName": "其他",
 "dataId": 593,
 "url": "http://dropinapp.hearinmusic.com/#/ency?typeId=11&dataId=593"
}