{
 "pageNum": 1,
 "pageSize": 10,
 "params": {},
 "relationEncy": "[{\"id\":36744,\"typeId\":11,\"dataId\":595,\"name\":\"社区信号与发布\",\"url\":\"http://dropinapp.hearinmusic.com/#/ency?typeId=11&dataId=595\"},{\"id\":36752,\"typeId\":11,\"dataId\":597,\"name\":\"社区频段和搜索\",\"url\":\"http://dropinapp.hearinmusic.com/#/ency?typeId=11&dataId=597\"},{\"id\":36753,\"typeId\":11,\"dataId\":598,\"name\":\"社区反馈和举报\",\"url\":\"http://dropinapp.hearinmusic.com/#/ency?typeId=11&dataId=598\"},{\"id\":36754,\"typeId\":11,\"dataId\":599,\"name\":\"社区头像框调频与等级\",\"url\":\"http://dropinapp.hearinmusic.com/#/ency?typeId=11&dataId=599\"},{\"id\":36755,\"typeId\":11,\"dataId\":600,\"name\":\"社区互动答题模块\",\"url\":\"http://dropinapp.hearinmusic.com/#/ency?typeId=11&dataId=600\"}]",
 "content": "<p>如何在社区里发布评论、给他人点头和捕捉内容呢？</p>\n<p>&nbsp;</p>\n<hr />\n<p>&nbsp;</p>\n<p><em><strong>评论&mdash;&mdash;&ldquo;谈笑有鸿儒，往来无白丁，静心赏雅文，惬意聊电音&rdquo;</strong></em></p>\n<p>&nbsp;</p>\n<p>自古评论区出人才，看到优质的内容，不妨也留下一条优质的评论吧！那么在社区里应该怎么发布评论呢？</p>\n<p>&nbsp;</p>\n<p><strong>拉到信号下方，找到评论框，即可对信号发送文字、音乐链接（工具栏左起第一个按钮）、图片（工具栏左起第二个按钮）评论啦！</strong></p>\n<p style=\"text-align: center;\"><img src=\"https://duopin-community.oss-cn-shenzhen.aliyuncs.com/image/2021/8/l1qlwohbbhre1bjerj50.gif\" alt=\"\" width=\"351\" height=\"757\" /></p>\n<p>&nbsp;</p>\n<hr />\n<p>&nbsp;</p>\n<p><em><strong>点头&mdash;&mdash;&ldquo;听众跟随节奏情不自禁的点头，是对艺术家最好的认可&rdquo;</strong></em></p>\n<p>&nbsp;</p>\n<p>DROPUCER们听到喜欢的电子音乐时，是否曾试过跟随音乐节拍情不自禁的点头呢？在DROPIN多频的世界观里，我们认为<strong>&ldquo;点头&rdquo;</strong>的行为代表了听众对音乐内容最真诚的认可，我们也希望<strong>&ldquo;点头&rdquo;</strong>能成为社区中<span style=\"text-decoration: underline;\">向内容创作者表示认可和鼓励的标志性行为</span>，而非千篇一律枯燥乏味的点赞。接下来为大家介绍&ldquo;点头&rdquo;功能该如何操作：</p>\n<p>&nbsp;</p>\n<p><strong>可以对什么内容&ldquo;点头&rdquo;？</strong></p>\n<p>目前版本中，DROPUCER可以对&ldquo;信号&rdquo;和&ldquo;评论&rdquo;两类内容进行点头</p>\n<p>&nbsp;</p>\n<p><strong>如何&ldquo;点头&rdquo;？</strong></p>\n<p>其实，用力点就完事儿了！可以给信号&ldquo;点头&rdquo;：</p>\n<p style=\"text-align: center;\"><img src=\"https://duopin-community.oss-cn-shenzhen.aliyuncs.com/image/2021/8/orexliytjzzzl0uh9i80.gif\" alt=\"\" width=\"351\" height=\"757\" /></p>\n<p>&nbsp;</p>\n<p>也可以给评论&ldquo;点头&rdquo;：</p>\n<p style=\"text-align: center;\"><img src=\"https://duopin-community.oss-cn-shenzhen.aliyuncs.com/image/2021/8/99bzfpfzmrcxm4k0o0hb.gif\" alt=\"\" width=\"351\" height=\"757\" /></p>\n<p style=\"text-align: left;\">&nbsp;</p>\n<p style=\"text-align: left;\"><strong>在本体页面可以查看自己获得的&ldquo;点头&rdquo;数量：</strong></p>\n<p style=\"text-align: center;\"><img src=\"https://duopin-community.oss-cn-shenzhen.aliyuncs.com/image/2021/8/31hjf98ew5rikbiw6mfn.jpg\" width=\"350\" height=\"207\" /></p>\n<p style=\"text-align: center;\">&nbsp;</p>\n<hr />\n<p style=\"text-align: center;\">&nbsp;</p>\n<p><em><strong>捕捉&mdash;&mdash;&ldquo;遇到产生共鸣的频率，要捕捉下来&rdquo;</strong></em></p>\n<p>&ldquo;收藏&rdquo;的功能相信大家并不陌生。在DROPIN这个由多种多样频率组成的世界观里，我们将这个功能定义为&ldquo;<strong>捕捉</strong>&rdquo;。用户将可以在社区里自由的捕捉频段、信号、百科等内容。接下来就为大家介绍捕捉功能的使用方法。</p>\n<p style=\"text-align: left;\">&nbsp;</p>\n<p style=\"text-align: left;\"><strong>请认准这只经常出没在屏幕右上角的&ldquo;大手&rdquo;，点击它就能将感兴趣的内容一手掌握：</strong></p>\n<p style=\"text-align: center;\"><img src=\"https://duopin-community.oss-cn-shenzhen.aliyuncs.com/image/2021/8/p3n5763vqmeg0wdy6z0b.gif\" alt=\"\" width=\"351\" height=\"757\" /></p>\n<p style=\"text-align: left;\">&nbsp;</p>\n<p style=\"text-align: left;\"><strong>进入本体-捕捉，就可以查看自己捕捉的内容啦：</strong></p>\n<p style=\"text-align: center;\"><img src=\"https://duopin-community.oss-cn-shenzhen.aliyuncs.com/image/2021/8/bnxo71acthb3vvxwjjub.gif\" alt=\"\" width=\"351\" height=\"757\" /></p>\n<p style=\"text-align: center;\">&nbsp;</p>\n<p style=\"text-align: left;\">今天的教学就到这里！快去体验评论，点头和捕捉功能吧！</p>",
 "contentEn": "",
 "remarks": "本词条内容由 @多频官方团队 编辑",
 "remarksEn": "本词条内容暂未完善仅供参考，多频百科小编正在火速赶来",
 "status": 1,
 "clickNum": 37,
 "deleted": 0,
 "lang": 0,
 "chooseLang": false,
 "id": 596,
 "name": "社区评论、点头和捕捉",
 "categoryText": "多频社区",
 "descriptions": "如何在社区里发布评论、给他人点头和捕捉内容呢？",
 "typeId": 11,
 "typeName": "其他",
 "dataId": 596,
 "url": "http://dropinapp.hearinmusic.com/#/ency?typeId=11&dataId=596"
}