{
 "pageNum": 1,
 "pageSize": 10,
 "params": {},
 "relationEncy": "[{\"id\":36741,\"typeId\":11,\"dataId\":593,\"name\":\"社区内容发布规范\",\"url\":\"http://dropinapp.hearinmusic.com/#/ency?typeId=11&dataId=593\"}]",
 "content": "<p><strong><em>&mdash;&mdash;&ldquo;</em></strong><strong><em>如果抄袭没有成本，谁还会愿意原创？&rdquo;</em></strong></p>\n<p>&nbsp;</p>\n<p>各位亲爱的DROPUCER，DROPIN希望为广大电音爱好者提供一个电子音乐相关内容分享和交流的平台，这些内容中有DROPUCER们辛苦创作的智慧结晶，也有转载或引自其它出处的各类内容，<strong>上述内容均有各自的版权归属，这是我们必须要去尊重和保护的</strong>。因此，为了建立健康的原创内容版权保护体系，请大家务必按照以下DROPIN社区的转载规范执行：</p>\n<p>&nbsp;</p>\n<p><strong>一、转载内容到DROPIN</strong></p>\n<p>当我们在DROPIN社区内发布信号、评论且需要转载或引用他人内容时，首先要回答三个问题：</p>\n<ul>\n<li><em>原内容是否允许转载？</em></li>\n<li><em>是否必须要获取原作者授权？</em></li>\n<li><em>是否有其他转载限制？</em></li>\n</ul>\n<p>&nbsp;</p>\n<p>确认原内容可以被转载并获得要求的授权后，如果将要发布的内容为全文转载，请在发布内容的明显位置清晰标注下述&ldquo;三原&rdquo;转载信息：</p>\n<ul>\n<li><strong><em>原出处（平台/作品/刊物/站点等）</em></strong></li>\n<li><strong><em>原作者姓名</em></strong></li>\n<li><strong><em>原文链接</em></strong></li>\n</ul>\n<p>&nbsp;</p>\n<p>如果将要发布的内容为部分转载或少量引用，请在转载/引用部分内容前清晰标注同样&ldquo;三原&rdquo;转载信息。</p>\n<p>&nbsp;</p>\n<p>无论是上述哪种情况的转载/引用，在未经版权方许可的情况下，都不可对原内容进行演绎修改。</p>\n<p>&nbsp;</p>\n<p><strong>二、从DROPIN转载内容</strong></p>\n<p>根据DROPIN社区用户协议的约定，用户在社区内原创发布的信号、评论等内容，版权均属于原作者，也就是该用户自身所有。因此，当我们想转载/引用DROPIN中的内容，同样需要先回答那三个问题：</p>\n<ul>\n<li><em>原内容是否允许转载？</em></li>\n<li><em>是否必须要获取原作者授权？</em></li>\n<li><em>是否有其他转载限制？</em></li>\n</ul>\n<p>&nbsp;</p>\n<p>在原作者（用户）没有提出具体的转载要求和授权规定的情况下，DROPIN社区是允许任何人对社区内容进行转载/引用的。在转载/引用DROPIN中的内容时，请在明显位置标注下述&ldquo;三原&rdquo;转载信息：</p>\n<ul>\n<li><strong><em>原出处：DROPIN多频</em></strong></li>\n<li><strong><em>原作者姓名</em></strong></li>\n<li><strong><em>原文链接</em></strong></li>\n</ul>\n<p>&nbsp;</p>\n<p>同样，在未经原作者许可的情况下，转载/引用不可对原内容进行演绎修改。</p>\n<p>&nbsp;</p>\n<p><strong>三、违规转载</strong></p>\n<p>在DROPIN多频社区内发布的信号、评论等可公开被其它用户浏览的内容，<strong><u>当转载/引用文字超过50字，却未标注&ldquo;三原&rdquo;转载信息的</u></strong>，即被视为<strong>转载违规行为</strong>。</p>\n<p>&nbsp;</p>\n<p>社区内用户涉嫌转载违规行为经确认属实，处罚规范如下：</p>\n<ul>\n<li><strong><em>第一次转载违规，社区内公开警告，违规内容暂时下架至修改符合规范后恢复。</em></strong></li>\n<li><strong><em>第二次转载违规，社区内公开警告，用户限制发言三天，违规内容暂时下架至修改符合规范后恢复。</em></strong></li>\n<li><strong><em>第三次转载违规，社区内公开警告，用户限制发言七天，违规内容暂时下架至修改符合规范后恢复。</em></strong></li>\n<li><strong><em>三次以上转载违规，社区内公开警告，用户账号永久封禁，违规内容暂时下架至修改符合规范后恢复。</em></strong></li>\n</ul>\n<p>&nbsp;</p>\n<p>在转载违规行为之上，若出现下述行为，即被视为<strong>严重转载违规行为</strong>：</p>\n<ul>\n<li><em>未经允许对原内容进行演绎修改；</em></li>\n<li><em>肆意/恶意篡改原内容；</em></li>\n<li><em>利用不规范转载内容传播营销、推广、广告等垃圾信息；</em></li>\n<li><em>明/暗示、诱导其他用户认为自己是转载内容的原创作者；</em></li>\n</ul>\n<p>&nbsp;</p>\n<p>社区内用户涉嫌严重转载违规行为经确认属实，处罚规范如下：</p>\n<ul>\n<li><strong>第一次严重转载违规，社区内公开警告，用户限制发言额外七天，删除违规内容。</strong></li>\n<li><strong>第二次严重转载违规，社区内公开警告，用户账号永久封禁，删除违规内容。</strong></li>\n</ul>\n<p>&nbsp;</p>\n<p>只有当我们真正做到尊重和保护原创版权，才能看到百花齐放的优质内容，进而更好的推动电子音乐文化在国内的发展。一个健康合理的内容环境，需要每一位DROPUCER的用心维护。当发现社区内其他用户发布的内容涉嫌违规转载时，请及时向我们举报反馈。大家有任何意见和建议，也欢迎评论留言或直接联系我们，助我们共建一个真正PEACE、LOVE、UNITY、RESPECT的电子音乐社区。</p>\n<p>&nbsp;</p>\n<p><strong>为了电音！</strong></p>",
 "contentEn": "",
 "remarks": "本词条内容由 @多频官方团队 编辑",
 "remarksEn": "本词条内容暂未完善仅供参考，多频百科小编正在火速赶来",
 "status": 1,
 "clickNum": 35,
 "deleted": 0,
 "lang": 0,
 "chooseLang": false,
 "id": 594,
 "name": "社区转载规范",
 "categoryText": "多频社区",
 "descriptions": "转载必读！尊重版权，不符合规范的转载将受到严惩！",
 "typeId": 11,
 "typeName": "其他",
 "dataId": 594,
 "url": "http://dropinapp.hearinmusic.com/#/ency?typeId=11&dataId=594"
}