{
 "pageNum": 1,
 "pageSize": 10,
 "params": {},
 "relationChannel": "[{\"id\":8,\"parentId\":0,\"name\":\"风格\"}]",
 "relationEncy": "[{\"id\":36328,\"typeId\":13,\"dataId\":1,\"name\":\"Electronic Music\",\"url\":\"http://dropinapp.hearinmusic.com/#/ency?typeId=13&dataId=1\"}]",
 "content": "<p>在我们开始深入电子音乐风格相关的讨论之前，多频百科希望向每一位电子音乐爱好者传达以下几个观点：</p>\n<p>&nbsp;</p>\n<ul>\n<li>风格是对音乐艺术内容的一类描述，是欣赏音乐的一个层面；</li>\n<li>风格不是用于定义音乐作品的，恰恰相反，是音乐作品定义了风格；</li>\n<li>风格分类的意义是对庞大的音乐内容体系进行统筹整理，体现了人类对音乐艺术审美的意识标准，以便音乐文化的推广与传承；</li>\n<li>风格的划分并没有绝对清晰的界限；</li>\n<li>风格之间可以存在千万种区别，唯独没有优劣之分；</li>\n<li>风格与音乐作品质量之间没有必然联系，任何风格都会有优质或劣质的作品；</li>\n</ul>\n<p>&nbsp;</p>\n<p>截至2021年7月，我们在多频百科中为各位DROPUCER整理了300余种电子音乐细分风格/标签/范畴，这些分类信息和依据主要来自互联网公开资源资料的整理。多频百科团队一直并将继续不遗余力地为大家进行电子音乐风格知识内容的整合，但这并不代表我们可以保证所有内容绝对真实可靠，故请各位在参考相关内容时保持理性。</p>\n<p>&nbsp;</p>\n<p>不唯风格论音乐。多去了解，多去欣赏，电子音乐的世界远比我们想象的要庞大，让我们一起虔诚地踏上探索之路。</p>",
 "contentEn": "",
 "remarks": "本词条内容由 @多频百科团队 编辑",
 "remarksEn": "本词条内容暂未完善仅供参考，多频百科小编正在火速赶来",
 "status": 1,
 "clickNum": 219,
 "deleted": 0,
 "lang": 0,
 "chooseLang": false,
 "id": 591,
 "name": "电子音乐风格",
 "categoryText": "多频社区",
 "descriptions": "在我们开始深入电子音乐风格相关的讨论之前，多频百科希望向每一位电子音乐爱好者传达以下几个观点",
 "typeId": 11,
 "typeName": "其他",
 "dataId": 591,
 "url": "http://dropinapp.hearinmusic.com/#/ency?typeId=11&dataId=591"
}