{
 "pageNum": 1,
 "pageSize": 10,
 "params": {},
 "relationEncy": "[{\"id\":36756,\"typeId\":11,\"dataId\":601,\"name\":\"多频电子音乐百科\",\"url\":\"http://dropinapp.hearinmusic.com/#/ency?typeId=11&dataId=601\"}]",
 "content": "<p>多频百科里的信息资料好多呀，我们应该如何快速上手使用百科的功能呢？今天就来带大家快速入门吧！</p>\n<p>&nbsp;</p>\n<p>&ldquo;多频百科&rdquo;模块位于多频社区&ldquo;研究所&rdquo;页面的上部，最引人注目的莫过于百科知识卡片了。<strong>我们可以通过左右划动百科卡片或使用&ldquo;切一切&rdquo;功能，随机发掘感兴趣的内容</strong></p>\n<p style=\"text-align: center;\"><img src=\"https://duopin-community.oss-cn-shenzhen.aliyuncs.com/image/2021/8/ccyxngyttoo69f2w1zfe.gif\" alt=\"\" width=\"350\" height=\"758\" /></p>\n<p>&nbsp;</p>\n<p><strong>点击卡片右下角的文字&ldquo;全部百科&rdquo;，即可进入多频百科主页面：</strong></p>\n<p style=\"text-align: center;\"><img src=\"https://duopin-community.oss-cn-shenzhen.aliyuncs.com/image/2021/8/duktvf97qwov1mypzy5a.gif\" alt=\"\" width=\"350\" height=\"758\" /></p>\n<p style=\"text-align: center;\">&nbsp;</p>\n<p style=\"text-align: left;\"><strong>可以使用筛选功能，选取更准确的内容分类：</strong></p>\n<p style=\"text-align: center;\"><img src=\"https://duopin-community.oss-cn-shenzhen.aliyuncs.com/image/2021/8/4dpgjsq8y640pi8tohwe.gif\" alt=\"\" width=\"350\" height=\"758\" /></p>\n<p style=\"text-align: center;\">&nbsp;</p>\n<p style=\"text-align: left;\">进入词条，可以查看词条详情，捕捉（收藏）和切换中英文（部分双语词条可实现）</p>\n<p style=\"text-align: center;\"><img src=\"https://duopin-community.oss-cn-shenzhen.aliyuncs.com/image/2021/8/li7fq9q1nt4culociwbx.gif\" alt=\"\" width=\"350\" height=\"758\" /></p>\n<p style=\"text-align: center;\">&nbsp;</p>\n<p style=\"text-align: left;\"><strong>对内容有任何疑问或建议，可选取并复制该段文字，点击下方弹出的反馈按钮，给予我们针对性的反馈：</strong></p>\n<p style=\"text-align: center;\"><img src=\"https://duopin-community.oss-cn-shenzhen.aliyuncs.com/image/2021/8/xyd6fqjv14lvmopmnwpj.gif\" alt=\"\" width=\"350\" height=\"758\" /></p>\n<p style=\"text-align: center;\">&nbsp;</p>\n<p style=\"text-align: left;\">百科在社区中使用<span style=\"color: #99ccff;\">蓝<strong>色标签框</strong></span>表示，见到它都可以点击进入相关百科词条哦~</p>\n<p style=\"text-align: center;\"><img src=\"https://duopin-community.oss-cn-shenzhen.aliyuncs.com/image/2021/8/w2uvdr7jxx7jydtwrtp2.jpg\" width=\"350\" height=\"236\" /></p>\n<p style=\"text-align: center;\">&nbsp;</p>\n<p style=\"text-align: left;\">希望这篇指引能帮助DROPUCER们更好地使用多频百科！为了电音！</p>",
 "contentEn": "",
 "remarks": "本词条内容由 @多频百科团队 编辑",
 "remarksEn": "本词条内容暂未完善仅供参考，多频百科小编正在火速赶来",
 "status": 1,
 "clickNum": 41,
 "deleted": 0,
 "lang": 0,
 "chooseLang": false,
 "id": 602,
 "name": "多频百科入门操作指引",
 "categoryText": "多频社区",
 "descriptions": "快速了解如何正确打开多频百科",
 "typeId": 11,
 "typeName": "其他",
 "dataId": 602,
 "url": "http://dropinapp.hearinmusic.com/#/ency?typeId=11&dataId=602"
}