{
 "pageNum": 1,
 "pageSize": 10,
 "params": {},
 "relationEncy": "[{\"id\":36757,\"typeId\":11,\"dataId\":602,\"name\":\"多频百科入门操作指引\",\"url\":\"http://dropinapp.hearinmusic.com/#/ency?typeId=11&dataId=602\"}]",
 "content": "<p>多频百科（DROPEDIA）是一个<strong>开放，共享，共创</strong>的中文电子音乐资料库，于2021年8月随DROPIN多频社区1.0版本开始投入使用。现含7大类别共计词条30000余条，汉字内容超50万字。多频社区和百科团队希望通过这个媒介，让电子音乐文化与知识能在汉语环境下碰撞，积累和沉淀，让更多爱好者得以更加便捷和全面的了解电子音乐文化的魅力。</p>\n<p>&nbsp;</p>\n<p><strong>内容设计</strong></p>\n<p>当前多频百科以电子音乐文化为出发点，分为七个主要内容类别，分别是：</p>\n<p>&nbsp;</p>\n<ul>\n<li>风格（电子音乐相关音乐风格词条）</li>\n<li>艺人（电子音乐相关艺人/制作人/DJ词条）</li>\n<li>厂牌（电子音乐相关厂牌词条）</li>\n<li>场所（电子音乐相关场所/场景词条）</li>\n<li>电音节（电子音乐相关电音节/活动词条）</li>\n<li>事件（电子音乐相关事件/历史词条）</li>\n<li>其它（电子音乐相关其它内容词条，如设备/厂商品牌/潮流/文化等）</li>\n</ul>\n<p>&nbsp;</p>\n<p>截至2021年8月公开投入使用，多频百科前期内容均来自维基百科等海内外知识共享平台以及DROPIN多频主创团队浅薄的知识积累，并皆由多频百科团队整理、翻译和编辑呈现，故仍存在大量缺漏与不足之处。我们正不遗余力地继续完善，也希望各位能多多指正并支持多频百科的工作，与我们一同搭建这座属于电子音乐文化的知识圣殿。</p>\n<p>&nbsp;</p>\n<p><strong>知识产权声明及使用规范</strong></p>\n<p>本节以下内容为多频百科知识产权相关条款的简要介绍，关于多频百科知识产权相关的详细条款和使用说明，请查阅<a href=\"http://user-protocol.hearinmusic.com/\">《DROPIN多频用户协议》</a>- <span style=\"text-decoration: underline;\">第七章&ldquo;多频百科：知识产权&rdquo;</span>。本页面与《DROPIN多频用户协议》内容有冲突或歧义的，皆以协议内容为准。</p>\n<p>&nbsp;</p>\n<p><span style=\"text-decoration: underline;\">著作权</span></p>\n<p>多频百科各页面（条目、计划页面等，包括本页）之内容著作权，由有关页面之<strong>编辑者</strong>持有。</p>\n<p>&nbsp;</p>\n<p><span style=\"text-decoration: underline;\">使用</span></p>\n<p>多频百科的内容，包括但不限于文字、图片、音频、视频、歌曲列表、版面设计等，均依照&ldquo;<a href=\"https://creativecommons.org/licenses/by-sa/3.0/cn/legalcode\">知识共享中国大陆版协议（CC BY-SA 3.0）</a>&rdquo;公开发行。<strong>这意味着多频百科将永远是开放和共享的，任何人都可以在不违反该协议及法律及不侵犯知识产权的前提下使用它</strong>，包括复制、发行及／或修改任何多频百科的信息（不附带不可变章节，封面文字以及封底文字）。</p>\n<p>&nbsp;</p>\n<p><span style=\"text-decoration: underline;\">转载</span></p>\n<p>非权利人（包括个人、单位、媒体等）在转载多频百科的内容时，需要在该内容附近用显要字体说明该内容来自多频百科或提供多频百科来源链接地址。</p>\n<p>&nbsp;</p>\n<p><span style=\"text-decoration: underline;\">共创</span></p>\n<p>您为多频百科所贡献的任何资料都将无条件地在&ldquo;<a href=\"https://creativecommons.org/licenses/by-sa/3.0/cn/legalcode\">知识共享中国大陆版协议（CC BY-SA 3.0）</a>&rdquo;下公开发行。因此如果您有意参与多频百科建设的话，您必须授权您贡献的内容材料使用该授权条款，那意味着：</p>\n<ul>\n<li>您拥有该材料的著作权，譬如您是该材料的原创作者，或</li>\n<li>您通过某种允许使用CC BY-SA 3.0的渠道取得该材料，例如该材料属公有领域（in public domain）或者该材料本身就是在CC BY-SA 3.0条款下发行</li>\n</ul>\n<p>&nbsp;</p>\n<p><span style=\"text-decoration: underline;\">侵权</span></p>\n<p>任何人士以任何方式侵犯多频百科编辑者的著作权，该编辑者在任何时间下均保留追究的权利。</p>\n<p>&nbsp;</p>\n<p>如果多频百科上使用了没有得到您（您是相应内容的知识产权拥有者）的授权的内容，或您认为您的知识产权或其他合法权益被侵犯，您可以联络我们移除侵犯著作权的内容，并向涉嫌侵权内容的所有权人/管理人传达您的权利通知和诉求。</p>",
 "contentEn": "",
 "remarks": "本词条内容由 @多频百科团队 编辑",
 "remarksEn": "本词条内容暂未完善仅供参考，多频百科小编正在火速赶来",
 "status": 1,
 "clickNum": 48,
 "deleted": 0,
 "lang": 0,
 "chooseLang": false,
 "id": 601,
 "name": "多频电子音乐百科",
 "categoryText": "多频社区",
 "descriptions": "开放，共享，共创的中文电子音乐资料库",
 "typeId": 11,
 "typeName": "其他",
 "dataId": 601,
 "url": "http://dropinapp.hearinmusic.com/#/ency?typeId=11&dataId=601"
}