{
 "pageNum": 1,
 "pageSize": 10,
 "params": {},
 "relationChannel": "[{\"id\":1175,\"parentId\":8,\"name\":\"2-step Garage\"}]",
 "content": "<div class=\"document\">\n<p class=\"paragraph text-align-type-left pap-line-1.8 pap-line-rule-auto pap-spacing-before-0pt pap-spacing-after-0pt\">2-Step Garage（2-step，二步舞曲）是UK Garage最为典型的子风格之一。相对于UK Garage，2-Step Garage有两个明显的特征：一个是将前者稳定的四四拍变成游离的、不规则的碎拍；另一个是融入了更多灵魂乐（Soul）、节奏布鲁斯（R&amp;B）等元素，让其更有都市感。所以也有一些此类风格的作品登上了流行榜单。</p>\n<p class=\"paragraph text-align-type-left pap-line-1.8 pap-line-rule-auto pap-spacing-before-0pt pap-spacing-after-0pt\">&nbsp;</p>\n<p class=\"paragraph text-align-type-left pap-line-1.8 pap-line-rule-auto pap-spacing-before-0pt pap-spacing-after-0pt\"><strong>特点 </strong></p>\n<p class=\"paragraph text-align-type-left pap-line-1.8 pap-line-rule-auto pap-spacing-before-0pt pap-spacing-after-0pt\">典型的2-step drum模式是以跳动的Kick Drum为特色，配合反复挪动的节奏或在打击乐的其他元素上使用三连音，创造出一种 \"摇摇晃晃的朋克感\"，从而产生一种与其他House或Techno中明显不同的节拍。虽然一小节只有两个Kick Drum节奏的曲目被认为比传统的四拍子节奏慢，但通过在鼓型中引入不寻常的小鼓位置和重音，或零散的鼓沿敲击和木鱼，以及切分音的Bassline和其他乐器（如Pads和弦乐）的敲击使用，听众的兴趣会得以保持。</p>\n<p class=\"paragraph text-align-type-left pap-line-1.8 pap-line-rule-auto pap-spacing-before-0pt pap-spacing-after-0pt\">&nbsp;</p>\n<p class=\"paragraph text-align-type-left pap-line-1.8 pap-line-rule-auto pap-spacing-before-0pt pap-spacing-after-0pt\">使用的乐器通常包括键盘、合成器和鼓机。为扩大音乐的丰富性而使用的其他乐器包括吉他、钢琴和号角；这些添加的乐器几乎都是采样的。2-step中使用的主要是以合成器为基础的basslines，类似于这种风格的祖先，如UK garage和之前的Drum and Bass和Jungle，但也可以听到来自放克和灵魂乐的影响。2-step garage中的人声通常是女性，类似于house音乐或当代R&amp;B中流行的风格。一些2-step制作人也会对无伴奏合唱的元素进行处理和切割，并将其作为歌曲的一个元素。就像其他从英国车库衍生出来的流派一样，MC们经常会出现，尤其是在现场环境下，其演唱风格让人想起老派丛林。</p>\n<p class=\"paragraph text-align-type-left pap-line-1.8 pap-line-rule-auto pap-spacing-before-0pt pap-spacing-after-0pt\">&nbsp;</p>\n<p class=\"paragraph text-align-type-left pap-line-1.8 pap-line-rule-auto pap-spacing-before-0pt pap-spacing-after-0pt\">来自Hip-hop和Drum and Bass的影响，尤其是子流派Techstep也被评论家们注意到，一些评论家还注意到，其现场气氛与那些在现场活动中少了侵略性的前辈们有明显不同。</p>\n<p class=\"paragraph text-align-type-left pap-line-1.8 pap-line-rule-auto pap-spacing-before-0pt pap-spacing-after-0pt\">&nbsp;</p>\n<div>\n<div class=\"document\">\n<p class=\"paragraph text-align-type-left pap-line-1.8 pap-line-rule-auto pap-spacing-before-0pt pap-spacing-after-0pt\"><strong>历史 </strong></p>\n<p class=\"paragraph text-align-type-left pap-line-1.8 pap-line-rule-auto pap-spacing-before-0pt pap-spacing-after-0pt\"><span style=\"text-decoration: underline;\">早期</span></p>\n<p class=\"paragraph text-align-type-left pap-line-1.8 pap-line-rule-auto pap-spacing-before-0pt pap-spacing-after-0pt\">2-step作为一种风格在伦敦的丛林和车库海盗电台中崭露头角，这是当代风格（如快速车库）的演变，也可能是对其发展的反应，早期的2-step节目通常在 \"周末时刻 \"播出，如周六上午或周日下午。DJ们会把英国车库作品与美国的House和美国的garage制作人（如Masters at Work和Todd Edwards）的作品混合在一起，把进口音乐的速度调高到130bpm左右，以帮助节奏匹配。DJ们更喜欢这些曲目的器乐（或 \"dub\"）版本，因为可以更快地播放这些版本，而不会让曲目中的人声元素听起来很奇怪。很快，英国的制作人开始在自己的曲目中模仿这些进口唱片的声音。</p>\n<p class=\"paragraph text-align-type-left pap-line-1.8 pap-line-rule-auto pap-spacing-before-0pt pap-spacing-after-0pt\">&nbsp;</p>\n<p class=\"paragraph text-align-type-left pap-line-1.8 pap-line-rule-auto pap-spacing-before-0pt pap-spacing-after-0pt\"><span style=\"text-decoration: underline;\">逐步流行</span></p>\n<p class=\"paragraph text-align-type-left pap-line-1.8 pap-line-rule-auto pap-spacing-before-0pt pap-spacing-after-0pt\">随着这种声音的流行，专门为它举办的夜晚开始出现，尤其是在伦敦和南安普顿。标签所有者和dubstep音乐人Steve Goodman在Hyperdub网站上评论了Forward&gt;&gt;的首次亮相，Forward&gt;&gt;是2-step中极具影响力的夜店，后来衍生出 \"英国硬核连续体\"--这个词是Goodman创造的，用来总结硬核/丛林/车库声音的不断演变，后来被其他记录这个场景的作家采用，比如Martin Clark。可以说，2步曲最早的例子之一是1997年Kelly G对Tina Moore的 \"Never Gonna Let You Go \"的混音，该曲曾在英国单曲榜上排名第七。Artful Dodger feat. Craig David - Rewind (1999)MENU0:00 摘自Artful Dodger的 \"Rewind\"，由Craig David演唱，这是一首融合了2步节奏和R&amp;B人声的大型跨界歌曲。这段摘录还展示了样本的普遍使用，如glass breaking 和backspin。</p>\n<p class=\"paragraph text-align-type-left pap-line-1.8 pap-line-rule-auto pap-spacing-before-0pt pap-spacing-after-0pt\">&nbsp;</p>\n<div>\n<div class=\"document\">\n<p class=\"paragraph text-align-type-left pap-line-1.8 pap-line-rule-auto pap-spacing-before-0pt pap-spacing-after-0pt\"><span style=\"text-decoration: underline;\">1999&ndash;2000: 主流市场的成功 </span></p>\n<p class=\"paragraph text-align-type-left pap-line-1.8 pap-line-rule-auto pap-spacing-before-0pt pap-spacing-after-0pt\">1999年和2000年，2-step达到了该流派商业成功的顶峰。一些评论家指出，派对组织者青睐于2-step活动，而不是以丛林、鼓与贝斯或其他音乐为主题的夜晚，因为2-step之夜邀请了更多的女性参加，而且人群的攻击性也较低。就像之前的鼓与贝斯一样，2-step开始获得跨界的吸引力，1999年底，2-step制作人Artful Dodger和R&amp;B歌手Craig David合作的歌曲 \"Re-Rewind \"在英国单曲榜上排名第二。</p>\n<p class=\"paragraph text-align-type-left pap-line-1.8 pap-line-rule-auto pap-spacing-before-0pt pap-spacing-after-0pt\">&nbsp;</p>\n<p class=\"paragraph text-align-type-left pap-line-1.8 pap-line-rule-auto pap-spacing-before-0pt pap-spacing-after-0pt\"><span style=\"text-decoration: underline;\">2000年至今：衰退</span></p>\n<p class=\"paragraph text-align-type-left pap-line-1.8 pap-line-rule-auto pap-spacing-before-0pt pap-spacing-after-0pt\">从2000年开始，2-step作为一种风格经历了流行度的下降，但是来自Horsepower Productions、Zed Bias、Wookie和Steve Gurley等艺人的更多实验性的发行，使这一风格的R&amp;B影响消失殆尽。这种风格有很多名字，包括 \"dark 2-step\"、\"new dark swing \"和更普遍的术语 \"dark garage\"。这种风格成为后来英国车库音乐风格的主要影响因素，如grime，同时也成为dubstep的直接先驱，它将后来2-step创作中对贝斯的强调和乐器的特性发挥到极致。在2006年，由于Tempa发行的Roots of Dubstep合辑，以及制作人希望重新审视dubstep声音的根源，这种后一种更具实验性的风格经历了兴趣的复苏。</p>\n<p class=\"paragraph text-align-type-left pap-line-1.8 pap-line-rule-auto pap-spacing-before-0pt pap-spacing-after-0pt\">&nbsp;</p>\n<p class=\"paragraph text-align-type-left pap-line-1.8 pap-line-rule-auto pap-spacing-before-0pt pap-spacing-after-0pt\">加拿大歌手The Weeknd在2016年的歌曲 \"Rockin'\"中运用了2-step的声音。</p>\n<div>\n<div class=\"document\">&nbsp;</div>\n</div>\n</div>\n</div>\n</div>\n</div>\n</div>",
 "contentEn": "<p><strong>2-step garage</strong>, or simply&nbsp;<strong>2-step</strong>, is a genre of&nbsp;electronic music&nbsp;and a subgenre of&nbsp;UK garage.<sup id=\"cite_ref-wire182_1-0\" class=\"reference\">[1]</sup>&nbsp;One of the primary characteristics of the 2-step sound &ndash; the term being coined to describe \"a general rubric for all kinds of jittery, irregular rhythms that don't conform to garage's traditional&nbsp;four-on-the-floor&nbsp;pulse\"<sup id=\"cite_ref-wire182_1-1\" class=\"reference\">[1]</sup>&nbsp;&ndash; is that the&nbsp;rhythm&nbsp;lacks the&nbsp;kick drum&nbsp;pattern found in many other styles of electronic music with a regular&nbsp;four-on-the-floor&nbsp;beat.</p>\n<p>&nbsp;</p>\n<h2><span id=\"Characteristics\" class=\"mw-headline\">Characteristics</span></h2>\n<p>A typical 2-step drum pattern features syncopated kick drums that skips a beat, with&nbsp;shuffled rhythm&nbsp;or the use of&nbsp;triplets&nbsp;applied to other elements of the percussion, that in particular, results in a sound distinctly different present in other&nbsp;house&nbsp;or&nbsp;techno&nbsp;music. Although two kicks to a bar are perceived as having less energy than the&nbsp;four on the floor&nbsp;pattern, the listener's interest is maintained with off-beat&nbsp;snare&nbsp;placements with&nbsp;accents&nbsp;in the drumlines, scattered&nbsp;rimshots&nbsp;in addition to&nbsp;woodblocks,&nbsp;syncopated&nbsp;basslines, and the percussive use of other instruments such as pads or strings.<sup class=\"noprint Inline-Template Template-Fact\">[<em><span title=\"This claim needs references to reliable sources. (May 2021)\">citation needed</span></em>]</sup></p>\n<p>&nbsp;</p>\n<p>Instrumentation usually includes&nbsp;keyboards,&nbsp;synthesizers, and&nbsp;drum machines. Other instruments are added to expand the musical palette, like acoustic recordings, which is likely&nbsp;sampled.<sup class=\"noprint Inline-Template Template-Fact\">[<em><span title=\"This claim needs references to reliable sources. (October 2008)\">citation needed</span></em>]</sup>&nbsp;The primarily synth basslines used in 2-step are similar to those in the style's progenitors such as UK garage, drum and bass, and&nbsp;jungle. In the other hand, influences from&nbsp;funk&nbsp;and&nbsp;soul&nbsp;can also be heard.&nbsp;Vocals&nbsp;in 2-step garage are usually female, and similar to the style prevalent in&nbsp;house music&nbsp;or&nbsp;contemporary R&amp;B.<sup id=\"cite_ref-technoprimer_2-0\" class=\"reference\">[2]</sup><sup id=\"cite_ref-ravecultureandreligion_3-0\" class=\"reference\">[3]</sup>&nbsp;Some 2-step producers also&nbsp;process&nbsp;and cut up elements of&nbsp;a cappella&nbsp;vocals and use it as an element of the track. Much like other genres derived from UK garage,&nbsp;MCs&nbsp;are often featured, particularly in a live context, with a vocal style reminiscent of&nbsp;old school jungle.<sup id=\"cite_ref-wire182_1-2\" class=\"reference\">[1]</sup></p>\n<p>&nbsp;</p>\n<p>Influences from&nbsp;hip hop<sup id=\"cite_ref-technoprimer_2-1\" class=\"reference\">[2]</sup>&nbsp;and&nbsp;drum and bass, particularly the&nbsp;techstep<sup id=\"cite_ref-wire182_1-3\" class=\"reference\">[1]</sup>&nbsp;subgenre have also been noted by critics. The fact that the scene had a significantly different atmosphere to those that surrounded precursors with less&nbsp;aggression&nbsp;at live events was also noted by some critics.<sup class=\"noprint Inline-Template Template-Fact\">[<em><span title=\"This claim needs references to reliable sources. (December 2008)\">citation needed</span></em>]</sup></p>\n<h2>&nbsp;</h2>\n<h2><span id=\"History\" class=\"mw-headline\">History</span></h2>\n<h3><span id=\"Early_years\" class=\"mw-headline\">Early years</span></h3>\n<p>2-step rose to prominence<sup class=\"noprint Inline-Template\">[<em><span title=\"The time period mentioned near this tag is ambiguous. (December 2013)\">when?</span></em>]</sup>&nbsp;as a genre on jungle and garage-based&nbsp;pirate radio&nbsp;stations in London as an evolution of, and perhaps reaction to developments in contemporary genres such as&nbsp;speed garage, with early 2-step shows often airing at \"mellow moments in the weekend\" such as Saturday morning or Sunday afternoon. DJs would mix UK garage productions with those of American house and&nbsp;US garage&nbsp;producers such as&nbsp;Masters at Work&nbsp;and&nbsp;Todd Edwards, pitching up the imports to around 130bpm to aid&nbsp;beatmatching. DJs favoured the&nbsp;instrumental&nbsp;(or 'dub') versions of these tracks, because it was possible to play these versions faster without the vocal element of the track sounding odd. Soon, UK producers began to emulate the sound of these pitched-up, imported records in their own tracks.<sup id=\"cite_ref-wire182_1-4\" class=\"reference\">[1]</sup></p>\n<h3>&nbsp;</h3>\n<h3><span id=\"Growing_popularity\" class=\"mw-headline\">Growing popularity</span></h3>\n<p>As the popularity of the sound spread, nights dedicated to it began to crop up, especially in London and Southampton. Label owner and dubstep musician&nbsp;Steve Goodman&nbsp;commented on the&nbsp;Hyperdub&nbsp;website on the debut of Forward&gt;&gt;, a highly influential nightclub in 2-step and later derivatives of the \"UK hardcore continuum\" &ndash; a phrase coined by Goodman to sum up the constant evolution in the hardcore/jungle/garage sound,<sup id=\"cite_ref-Hyperdub0_4-0\" class=\"reference\">[4]</sup>&nbsp;and later adopted by other writers documenting the scene, such as Martin Clark.<sup id=\"cite_ref-Clark2_5-0\" class=\"reference\">[5]</sup>&nbsp;Arguably one of the earliest examples of a 2-step track is the 1997 Kelly G remix of \"Never Gonna Let You Go\" by&nbsp;Tina Moore, which was a No. 7 hit on the&nbsp;UK Singles Chart. Other notable 2-step hits released in 1997 include \"Destiny\" by&nbsp;Dem 2&nbsp;and \"The Theme\" by the&nbsp;Dreem Teem.</p>\n<h3>&nbsp;</h3>\n<h3><span id=\"1999&ndash;2000:_Mainstream_success\" class=\"mw-headline\">1999&ndash;2000: Mainstream success</span></h3>\n<p>In 1999 and 2000, 2-step reached the peak of the genre's commercial success. Some critics noted that party organizers favoured 2-step events over nights themed around&nbsp;jungle, drum and bass or other musical precursors because the 2-step nights invited a larger female attendance, and a less aggressive crowd.<sup class=\"noprint Inline-Template Template-Fact\">[<em><span title=\"This claim needs references to reliable sources. (December 2008)\">citation needed</span></em>]</sup>&nbsp;Much like drum and bass before it, 2-step started to garner crossover appeal, with a collaboration between 2-step producers&nbsp;Artful Dodger&nbsp;and R&amp;B vocalist&nbsp;Craig David&nbsp;reaching #2 in the&nbsp;UK Singles Chart&nbsp;in late 1999 with the song \"Re-Rewind\".</p>\n<h3>&nbsp;</h3>\n<h3><span id=\"2000.E2.80.93present:_Decline\"></span><span id=\"2000&ndash;present:_Decline\" class=\"mw-headline\">2</span><span id=\"2000&ndash;present:_Decline\" class=\"mw-headline\">000&ndash;present: Decline</span></h3>\n<p>From 2000 onwards, 2-step as a genre experienced a decline in popularity,<sup id=\"cite_ref-PMG_6-0\" class=\"reference\">[6]</sup>&nbsp;but the more experimental releases in the genre from artists such as&nbsp;Horsepower Productions,&nbsp;Zed Bias,&nbsp;Wookie&nbsp;and Steve Gurley<sup id=\"cite_ref-wire279_7-0\" class=\"reference\">[7]</sup><sup id=\"cite_ref-Hyperdub1_8-0\" class=\"reference\">[8]</sup>&nbsp;stripped away much of the&nbsp;R&amp;B&nbsp;influence of the genre. This style took on a number of names including \"dark 2-step\", \"new dark swing\",<sup id=\"cite_ref-Clark1_9-0\" class=\"reference\">[9]</sup>&nbsp;and the more general term, \"dark garage\". This style became a major influence on later styles of UK garage influenced music, such as&nbsp;grime, as well as becoming a direct precursor to&nbsp;dubstep, which took the emphasis on bass and the instrumental nature of later 2-step compositions to their logical conclusion.<sup id=\"cite_ref-wire279_7-1\" class=\"reference\">[7]</sup><sup id=\"cite_ref-Clark3_10-0\" class=\"reference\">[10]</sup><sup id=\"cite_ref-teleg_11-0\" class=\"reference\">[11]</sup><sup id=\"cite_ref-plasticman_12-0\" class=\"reference\">[12]</sup>&nbsp;In 2006, this latter, more experimental style experienced a resurgence in interest, due to the release of the&nbsp;<em>Roots of Dubstep</em>&nbsp;compilation on&nbsp;Tempa, and producers wishing to revisit the roots of the dubstep sound.<sup id=\"cite_ref-Clark2_5-1\" class=\"reference\">[5]</sup></p>\n<p>&nbsp;</p>\n<p>Canadian singer&nbsp;The Weeknd's 2016 song \"Rockin'\" makes use of 2-step sounds.<sup id=\"cite_ref-13\" class=\"reference\">[13]</sup></p>\n<h2>&nbsp;</h2>\n<h2><span id=\"References\" class=\"mw-headline\">References</span></h2>\n<div class=\"reflist\">\n<div class=\"mw-references-wrap mw-references-columns\">\n<ol class=\"references\">\n<li id=\"cite_note-wire182-1\"><span class=\"mw-cite-backlink\">^&nbsp;<span class=\"cite-accessibility-label\">Jump up to:</span><sup><em><strong>a</strong></em></sup>&nbsp;<sup><em><strong>b</strong></em></sup>&nbsp;<sup><em><strong>c</strong></em></sup>&nbsp;<sup><em><strong>d</strong></em></sup>&nbsp;<sup><em><strong>e</strong></em></sup></span>&nbsp;<span class=\"reference-text\"><cite id=\"CITEREFReynolds,_Simon\" class=\"citation journal cs1\">Reynolds, Simon.&nbsp;\"Adult hardcore\".&nbsp;<em>The Wire</em>&nbsp;(182).&nbsp;Archivedfrom the original on 17 October 2008<span class=\"reference-accessdate\">. Retrieved&nbsp;<span class=\"nowrap\">16 October</span>&nbsp;2008</span>.</cite><br /><em>A transcription of this article is available&nbsp;here&nbsp;Archived&nbsp;10 February 2009 at the&nbsp;Wayback Machine&nbsp;as a PDF file.</em></span></li>\n<li id=\"cite_note-technoprimer-2\"><span class=\"mw-cite-backlink\">^&nbsp;<span class=\"cite-accessibility-label\">Jump up to:</span><sup><em><strong>a</strong></em></sup>&nbsp;<sup><em><strong>b</strong></em></sup></span>&nbsp;<span class=\"reference-text\"><cite id=\"CITEREFTony_Verderosa_;_edited_by_Rick_Mattingly.2002\" class=\"citation book cs1\">Tony Verderosa&nbsp;; edited by Rick Mattingly. (2002).&nbsp;<em>The Techno Primer: The Essential Reference for Loop-based Music Styles</em>. Milwaukee, WI: Hal Leonard.&nbsp;ISBN&nbsp;<bdi>0-634-01788-8</bdi>.</cite></span></li>\n<li id=\"cite_note-ravecultureandreligion-3\"><span class=\"mw-cite-backlink\"><strong>^</strong></span>&nbsp;<span class=\"reference-text\"><cite id=\"CITEREFGraham_St._John2004\" class=\"citation book cs1\">Graham St. John, ed. (2004).&nbsp;<em>Rave Culture and Religion</em>. London: Routledge.&nbsp;ISBN&nbsp;<bdi>0-415-31449-6</bdi>.</cite></span></li>\n<li id=\"cite_note-Hyperdub0-4\"><span class=\"mw-cite-backlink\"><strong>^</strong></span>&nbsp;<span class=\"reference-text\"><cite id=\"CITEREFGoodman,_Steve2007\" class=\"citation web cs1\">Goodman, Steve (3 January 2007) [2000].&nbsp;\"Hardcore Garage: We bring you the future, the future.\"&nbsp;<em>Hyperdub&nbsp;2Step Garage archive (2000&ndash;2005)</em>.&nbsp;Archived&nbsp;from the original on 3 November 2008<span class=\"reference-accessdate\">. Retrieved&nbsp;<span class=\"nowrap\">23 October</span>2008</span>.</cite><br /><em>An archived copy of this article may be found&nbsp;here&nbsp;Archived&nbsp;11 February 2009 at the&nbsp;Wayback Machine</em></span></li>\n<li id=\"cite_note-Clark2-5\"><span class=\"mw-cite-backlink\">^&nbsp;<span class=\"cite-accessibility-label\">Jump up to:</span><sup><em><strong>a</strong></em></sup>&nbsp;<sup><em><strong>b</strong></em></sup></span>&nbsp;<span class=\"reference-text\"><cite id=\"CITEREFClark,_Martin2006\" class=\"citation web cs1\">Clark, Martin (23 August 2006).&nbsp;\"The Month In: Grime/Dubstep\".&nbsp;<em>Pitchfork Media</em>. Archived from&nbsp;the original&nbsp;on 28 January 2015<span class=\"reference-accessdate\">. Retrieved&nbsp;<span class=\"nowrap\">11 December</span>&nbsp;2008</span>.</cite></span></li>\n<li id=\"cite_note-PMG-6\"><span class=\"mw-cite-backlink\"><strong>^</strong></span>&nbsp;<span class=\"reference-text\"><cite id=\"CITEREFStuart_Borthwick_and_Ron_Moy.2004\" class=\"citation book cs1\">Stuart Borthwick and Ron Moy. (2004).&nbsp;<em>Popular Music Genres: An Introduction</em>. Edinburgh: Edinburgh University Press.&nbsp;ISBN&nbsp;<bdi>0-7486-1745-0</bdi>.</cite></span></li>\n<li id=\"cite_note-wire279-7\"><span class=\"mw-cite-backlink\">^&nbsp;<span class=\"cite-accessibility-label\">Jump up to:</span><sup><em><strong>a</strong></em></sup>&nbsp;<sup><em><strong>b</strong></em></sup></span>&nbsp;<span class=\"reference-text\"><cite class=\"citation journal cs1\">\"The Primer: Dubstep\".&nbsp;<em>The Wire</em>&nbsp;(279). Archived from&nbsp;the originalon 6 October 2008<span class=\"reference-accessdate\">. Retrieved&nbsp;<span class=\"nowrap\">18 October</span>&nbsp;2008</span>.</cite></span></li>\n<li id=\"cite_note-Hyperdub1-8\"><span class=\"mw-cite-backlink\"><strong>^</strong></span>&nbsp;<span class=\"reference-text\"><cite id=\"CITEREFEshun,_Kodwo2007\" class=\"citation web cs1\">Eshun, Kodwo (3 January 2007) [2000].&nbsp;\"Wookie: Civilization and its Discos - Part 1\".&nbsp;<em>Hyperdub&nbsp;2Step Garage archive (2000&ndash;2005)</em>.&nbsp;Archivedfrom the original on 4 October 2008<span class=\"reference-accessdate\">. Retrieved&nbsp;<span class=\"nowrap\">19 October</span>&nbsp;2008</span>.</cite><br /><em>An archived copy of this article may be found&nbsp;here&nbsp;Archived&nbsp;10 February 2009 at the&nbsp;Wayback Machine</em></span></li>\n<li id=\"cite_note-Clark1-9\"><span class=\"mw-cite-backlink\"><strong>^</strong></span>&nbsp;<span class=\"reference-text\"><cite id=\"CITEREFClark,_Martin2006\" class=\"citation web cs1\">Clark, Martin (12 April 2006).&nbsp;\"The Month In: Grime/Dubstep\".&nbsp;<em>Pitchfork Media</em>.&nbsp;Archived&nbsp;from the original on 19 March 2009<span class=\"reference-accessdate\">. Retrieved&nbsp;<span class=\"nowrap\">11 December</span>&nbsp;2008</span>.</cite></span></li>\n<li id=\"cite_note-Clark3-10\"><span class=\"mw-cite-backlink\"><strong>^</strong></span>&nbsp;<span class=\"reference-text\"><cite id=\"CITEREFClark,_Martin2007\" class=\"citation web cs1\">Clark, Martin (8 August 2007).&nbsp;\"The Month In: Grime/Dubstep\".&nbsp;<em>Pitchfork Media</em>.&nbsp;Archived&nbsp;from the original on 18 March 2009<span class=\"reference-accessdate\">. Retrieved&nbsp;<span class=\"nowrap\">16 October</span>&nbsp;2008</span>.</cite></span></li>\n<li id=\"cite_note-teleg-11\"><span class=\"mw-cite-backlink\"><strong>^</strong></span>&nbsp;<span class=\"reference-text\"><cite id=\"CITEREFde_Wilde2006\" class=\"citation news cs1\">de Wilde, Gervase (14 October 2006).&nbsp;\"Put a bit of dub in your step: a new form of dance music from Croydon is ready to conquer the world\".&nbsp;<em>The Daily Telegraph</em>. Archived from&nbsp;the original&nbsp;on 15 March 2008<span class=\"reference-accessdate\">. Retrieved&nbsp;<span class=\"nowrap\">18 October</span>&nbsp;2008</span>.</cite></span></li>\n<li id=\"cite_note-plasticman-12\"><span class=\"mw-cite-backlink\"><strong>^</strong></span>&nbsp;<span class=\"reference-text\"><cite id=\"CITEREFPearsall2005\" class=\"citation web cs1\">Pearsall (18 June 2005).&nbsp;\"Interview: Plasticman\".&nbsp;<em>Riddim.ca</em>.&nbsp;Archivedfrom the original on 8 January 2009<span class=\"reference-accessdate\">. Retrieved&nbsp;<span class=\"nowrap\">18 October</span>&nbsp;2008</span>.</cite></span></li>\n<li id=\"cite_note-13\"><span class=\"mw-cite-backlink\"><strong>^</strong></span>&nbsp;<span class=\"reference-text\"><cite class=\"citation web cs1\">\"Album review: The Weeknd explores sonic space on 'Starboy<span class=\"cs1-kern-right\">'</span>\".&nbsp;Archived&nbsp;from the original on 25 September 2018<span class=\"reference-accessdate\">. Retrieved&nbsp;<span class=\"nowrap\">25 September</span>&nbsp;2018</span>.</cite></span></li>\n</ol>\n</div>\n</div>",
 "remarks": "本词条汉字内容由 @多频百科团队 翻译+编辑\n原文译自 https://en.wikipedia.org/wiki/2-step_garage",
 "remarksEn": "本词条内容来自 https://en.wikipedia.org/wiki/2-step_garage",
 "status": 1,
 "clickNum": 23,
 "deleted": 0,
 "lang": 0,
 "chooseLang": true,
 "id": 126,
 "name": "2-step Garage",
 "descriptions": "2-Step Garage（2-step，二步舞曲）是UK Garage最为典型的子风格之一。相对于UK Garage，2-Step Garage有两个明显的特征：一个是将前者稳定的四四拍变成游离的、不规则的碎拍；另一个是融入了更多灵魂乐（Soul）、节奏布鲁斯（R&B）等元素，让其更有都市感。所以也有一些此类风格的作品登上了流行榜单。",
 "originalName": "",
 "startTimeText": "Mid-1990s",
 "startAddress": " London, England",
 "searchStyle": "UK Garage",
 "styleCategory": "UK Garage",
 "originalStyle": "UK garage, breakbeat, R&B, jungle, drum and bass, house",
 "affectStyle": "Techstep",
 "deriveStyle": "Breakstep, grime, Dubstep",
 "representArtist": "Horsepower Productions, Zed Bias, Wookie, Steve Gurley",
 "officialUrl": "https://en.wikipedia.org/wiki/2-step_garage",
 "typeId": 13,
 "typeName": "风格",
 "dataId": 126,
 "url": "http://dropinapp.hearinmusic.com/#/ency?typeId=13&dataId=126"
}