{
 "pageNum": 1,
 "pageSize": 10,
 "params": {},
 "relationChannel": "[{\"id\":1148,\"parentId\":8,\"name\":\"4-beat\"}]",
 "content": "<div class=\"document\">\n<p class=\"paragraph text-align-type-left pap-line-1.8 pap-line-rule-auto pap-spacing-before-0pt pap-spacing-after-0pt\">4-Beat是由Breakbeat Hardcore分化而来的一种子风格，是最早期Hardcore音乐的雏形之一。4-Beat作为一个有些含糊不清的术语，通常表示一种风格不同于jungle和其早期的breakbeat hardcore的舞曲风格<sup>[1]</sup>。</p>\n<p class=\"paragraph text-align-type-left pap-line-1.8 pap-line-rule-auto pap-spacing-before-0pt pap-spacing-after-0pt\">&nbsp;</p>\n<p class=\"paragraph text-align-type-left pap-line-1.8 pap-line-rule-auto pap-spacing-before-0pt pap-spacing-after-0pt\"><strong>特征</strong></p>\n<p class=\"paragraph text-align-type-left pap-line-1.8 pap-line-rule-auto pap-spacing-before-0pt pap-spacing-after-0pt\">4-Beat音乐有较快的节奏，通常为150-170BPM。这类音乐多是纯器乐，如有人声元素则多为女声，且大多使用来自其他作品的采样而非通过歌手实录<sup>[2]</sup>。</p>\n<p class=\"paragraph text-align-type-left pap-line-1.8 pap-line-rule-auto pap-spacing-before-0pt pap-spacing-after-0pt\">&nbsp;</p>\n<p class=\"paragraph text-align-type-left pap-line-1.8 pap-line-rule-auto pap-spacing-before-0pt pap-spacing-after-0pt\">&rdquo;4-Beat&ldquo;的术语仅指代这类音乐在节奏上为每个小节中有4拍，这也造成了很多听众理解这类风格时的误解，即这类风格因此与Breakbeat无关。而事实上，4-Beat音乐起源于Breakbeat Hardcore，其一大特点正是在歌曲的一些部分中加入Breakbeat的片段。除此以外，在每个小节第四拍加一个低音底鼓，并使用Breakbeat节奏在整首歌曲中做背景打击乐的填充也是这类风格常见的结构<sup>[2]</sup>。</p>\n<p class=\"paragraph text-align-type-left pap-line-1.8 pap-line-rule-auto pap-spacing-before-0pt pap-spacing-after-0pt\">&nbsp;</p>\n<p class=\"paragraph text-align-type-left pap-line-1.8 pap-line-rule-auto pap-spacing-before-0pt pap-spacing-after-0pt\">随着4-Beat风格的不断发展，受Bouncy Techno的影响，其音乐中Breakbeat的元素开始有所减少。旋律性的Hook开始凸显，通常通过钢琴或软质感的弦乐呈现，旋律走向多为积极明朗（所谓&rdquo;Happy&ldquo;）的<sup>[2]</sup>。</p>\n<p class=\"paragraph text-align-type-left pap-line-1.8 pap-line-rule-auto pap-spacing-before-0pt pap-spacing-after-0pt\">&nbsp;</p>\n<p class=\"paragraph text-align-type-left pap-line-1.8 pap-line-rule-auto pap-spacing-before-0pt pap-spacing-after-0pt\"><strong>历史</strong></p>\n<p class=\"paragraph text-align-type-left pap-line-1.8 pap-line-rule-auto pap-spacing-before-0pt pap-spacing-after-0pt\">1990年代前中期，4-Beat作为Breakbeat Hardcore（Hardcore音乐最早的雏形之一）的衍生形式在英国出现。由于与Rave场景的结合，4-Beat音乐几乎只是在英国本土创作和推广。经过一段时间的发展，在当时，&rdquo;Hardcore&ldquo;一词在英国开始被专门形容这类音乐，因为其具有重度的Breakbeat，快速的节拍以及旋律性和人声的元素。随后，这类音乐出现了更注重旋律并突出欢快氛围的分支，这个分支随后演化为Happy Hardcore<sup>[2]</sup>。</p>\n<p class=\"paragraph text-align-type-left pap-line-1.8 pap-line-rule-auto pap-spacing-before-0pt pap-spacing-after-0pt\">&nbsp;</p>\n<p class=\"paragraph text-align-type-left pap-line-1.8 pap-line-rule-auto pap-spacing-before-0pt pap-spacing-after-0pt\">包括Impact、Techstep Records（伦敦）和United Dance Recordings在内的几家厂牌都在他们的作品上展示了&rdquo;4-beat&ldquo;的标志和&ldquo;recognized form of 4-beat（4-beat可分辨的形式）&rdquo;的标语。这个标志也可能被用在唱片上，这样就可以在唱片店里很容易地找到这种类型的音乐<sup>[1]</sup>。</p>\n<p class=\"paragraph text-align-type-left pap-line-1.8 pap-line-rule-auto pap-spacing-before-2pt pap-spacing-after-2pt\">&nbsp;</p>\n<p class=\"paragraph text-align-type-left pap-line-1.8 pap-line-rule-auto pap-spacing-before-2pt pap-spacing-after-2pt\"><strong>参考资料</strong></p>\n<p class=\"paragraph text-align-type-left pap-line-1.8 pap-line-rule-auto pap-spacing-before-2pt pap-spacing-after-2pt\">1. https://en.wikipedia.org/wiki/Happy_hardcore#4-beat</p>\n<p class=\"paragraph text-align-type-left pap-line-1.8 pap-line-rule-auto pap-spacing-before-2pt pap-spacing-after-2pt\">2. https://www.electronicaflame.com/4-beat.html</p>\n</div>",
 "remarks": "本词条内容由 @多频百科团队 编辑",
 "remarksEn": "本词条内容暂未完善仅供参考，多频百科小编正在火速赶来",
 "status": 1,
 "clickNum": 12,
 "deleted": 0,
 "lang": 0,
 "chooseLang": false,
 "id": 98,
 "name": "4-beat",
 "descriptions": "4-Beat是由Breakbeat Hardcore分化而来的一种子风格，是最早期Hardcore音乐的雏形之一。4-Beat作为一个有些含糊不清的术语，通常表示一种风格不同于jungle和其早期的breakbeat hardcore的舞曲风格。\n",
 "originalName": "",
 "startTimeText": "1990s",
 "startAddress": "United Kingdom",
 "searchStyle": "Breakbeat，Hardcore",
 "styleCategory": "Breakbeat Hardcore",
 "originalStyle": "Breakbeat hardcore, hardcore techno",
 "affectStyle": "Bouncy techno",
 "deriveStyle": "UK hardcore",
 "representArtist": "",
 "officialUrl": "https://en.wikipedia.org/wiki/Happy_hardcore#4-beat; https://www.electronicaflame.com/4-beat.html",
 "typeId": 13,
 "typeName": "风格",
 "dataId": 98,
 "url": "http://dropinapp.hearinmusic.com/#/ency?typeId=13&dataId=98"
}