{
 "pageNum": 1,
 "pageSize": 10,
 "params": {},
 "relationChannel": "[{\"id\":1169,\"parentId\":8,\"name\":\"Acid Jazz\"}]",
 "content": "<div class=\"document\">\n<p class=\"paragraph text-align-type-left pap-line-1.8 pap-line-rule-auto pap-spacing-before-0pt pap-spacing-after-0pt\">Acid Jazz（酸性爵士乐，俱乐部爵士乐），是一种结合了爵士、灵魂、放克、迪斯科等元素的音乐流派。Acid Jazz起源于20世纪80年代伦敦的俱乐部，伴随着groove运动，Acid Jazz传到了美国、日本、东欧和巴西。知名艺术家包括英国的Brand New Heavies、Incognito、Us3和Jamiroquai以及美国的Buckshot LeFonque和Digable Planets。20世纪90年代中后期，电子俱乐部音乐的兴起导致人们对其兴趣下降，到了21世纪，这成为了一种模糊不清的流派。许多可能被定义为Acid Jazz的艺术作品被看作是爵士朋克、新灵魂乐或爵士说唱。</p>\n<p class=\"paragraph text-align-type-left pap-line-1.8 pap-line-rule-auto pap-spacing-before-0pt pap-spacing-after-0pt\">&nbsp;</p>\n<p class=\"paragraph text-align-type-left pap-line-1.8 pap-line-rule-auto pap-spacing-before-0pt pap-spacing-after-0pt\"><strong>名称</strong></p>\n<p class=\"paragraph text-align-type-left pap-line-1.8 pap-line-rule-auto pap-spacing-before-0pt pap-spacing-after-0pt\">&ldquo;Acid&rdquo;一字多义，最为人熟知的意思是&ldquo;酸&rdquo;。不过，英语&ldquo;Acid Jazz&rdquo;的&ldquo;Acid&rdquo;是迷幻药LSD的俚语，所以&ldquo;Acid Jazz&rdquo;的正确译名应为&ldquo;迷幻爵士&rdquo;。但人们大多不知&ldquo;Acid&rdquo;的真正意义，曲解为&ldquo;酸&rdquo;，以致产生&ldquo;酸爵士&rdquo;的说法。</p>\n<p class=\"paragraph text-align-type-left pap-line-1.8 pap-line-rule-auto pap-spacing-before-0pt pap-spacing-after-0pt\">&nbsp;</p>\n<p class=\"paragraph text-align-type-left pap-line-1.8 pap-line-rule-auto pap-spacing-before-0pt pap-spacing-after-0pt\"><strong>起源</strong></p>\n<p class=\"paragraph text-align-type-left pap-line-1.8 pap-line-rule-auto pap-spacing-before-0pt pap-spacing-after-0pt\">伦敦卡姆登是Acid Jazz发展的一个重要地点。在1970年代后期的英格兰南部，乐器互动产生的推进性摇摆节奏（Groove）在夜总会逐渐流行，传入各地形成成多种风格。例如在伦敦，最流行的风格叫伦敦摩德（London mod）音乐。这时期的Acid Jazz和北方灵魂音乐（Northern Soul）有不同风格，但两者也有一点相似。</p>\n<p class=\"paragraph text-align-type-left pap-line-1.8 pap-line-rule-auto pap-spacing-before-0pt pap-spacing-after-0pt\">&nbsp;</p>\n<p class=\"paragraph text-align-type-left pap-line-1.8 pap-line-rule-auto pap-spacing-before-0pt pap-spacing-after-0pt\" style=\"text-align: center;\"><img src=\"https://duopin-community.oss-cn-shenzhen.aliyuncs.com/jsx6y2ft8ash89od824x.jpg\" alt=\"\" width=\"213\" height=\"175\" /></p>\n<p class=\"paragraph text-align-type-left pap-line-1.8 pap-line-rule-auto pap-spacing-before-0pt pap-spacing-after-0pt\" style=\"text-align: center;\"><span style=\"font-size: 8pt;\">卡姆登地区在伦敦的大致位置，它是Acid Jazz发展史上的重要地点</span></p>\n<p class=\"paragraph text-align-type-left pap-line-1.8 pap-line-rule-auto pap-spacing-before-0pt pap-spacing-after-0pt\">&nbsp;</p>\n<p class=\"paragraph text-align-type-left pap-line-1.8 pap-line-rule-auto pap-spacing-before-0pt pap-spacing-after-0pt\">如是者，&ldquo;Acid Jazz&rdquo;这个用语就开始出现在日常谈话中。但实际上，在俱乐部演出的Acid Jazz和真正的Acid Jazz根本是两码子的事。在当时，假和真的Acid Jazz只能共用&ldquo;Acid Jazz&rdquo;一词，无从区别。新闻记者都对这音乐类型很混淆，他们尝试联络曾经热爱唱伦敦摩德的歌手，尤其是埃迪&middot;皮尔勒和詹姆斯&middot;泰勒四重奏 （James Taylor Quartet，以风琴手詹姆斯&middot;泰勒为首的组合）。某些杂志以&ldquo;Acid Jazz模块&rdquo;（Acid Jazz Mods）为题撰文分析，却惹恼了Acid Jazz和摩德音乐支持者，指它曲解了Acid Jazz和摩德音乐。</p>\n<p class=\"paragraph text-align-type-left pap-line-1.8 pap-line-rule-auto pap-spacing-before-0pt pap-spacing-after-0pt\">&nbsp;</p>\n<p class=\"paragraph text-align-type-left pap-line-1.8 pap-line-rule-auto pap-spacing-before-0pt pap-spacing-after-0pt\">英国杂志《Straight No Chaser》对Acid Jazz的评论可被视为一个值得参考的量度尺。亦有不少衣服制造商为Acid Jazz歌手设计服装（当然Acid Jazz并没有任何标准装束）。</p>\n<p class=\"paragraph text-align-type-left pap-line-1.8 pap-line-rule-auto pap-spacing-before-0pt pap-spacing-after-0pt\">&nbsp;</p>\n<p class=\"paragraph text-align-type-left pap-line-1.8 pap-line-rule-auto pap-spacing-before-0pt pap-spacing-after-0pt\">通常Acid Jazz表演场地都会分为两边：喜欢怀旧歌手唱原始爵士乐和灵魂乐的一边；喜欢唱片公司最近签约的新乐队唱Acid Jazz的一边。这就是当时的人支持歌手的方法，但却令到怀旧乐队逐渐式微。之后在1990年代英国，有些乐队尝试把嘻哈音乐和丛林音乐（Jungle music）以Acid Jazz形式融合演出。这已被现代音乐评论家轻蔑，指这是&ldquo;为爵士乐加入新鲜感的错误尝试，远离正途音乐&rdquo;。</p>\n<p class=\"paragraph text-align-type-left pap-line-1.8 pap-line-rule-auto pap-spacing-before-0pt pap-spacing-after-0pt\">&nbsp;</p>\n<p class=\"paragraph text-align-type-left pap-line-1.8 pap-line-rule-auto pap-spacing-before-0pt pap-spacing-after-0pt\" style=\"text-align: center;\"><img src=\"https://duopin-community.oss-cn-shenzhen.aliyuncs.com/p3p6fityw9zbhcqdlt7l.jpg\" alt=\"\" width=\"1440\" height=\"1080\" /></p>\n<p class=\"paragraph text-align-type-left pap-line-1.8 pap-line-rule-auto pap-spacing-before-0pt pap-spacing-after-0pt\" style=\"text-align: center;\"><span style=\"font-size: 8pt;\">Acid Jazz术语的发明者&mdash;&mdash;法国DJ Gilles Peterson</span></p>\n<p class=\"paragraph text-align-type-left pap-line-1.8 pap-line-rule-auto pap-spacing-before-0pt pap-spacing-after-0pt\" style=\"text-align: center;\"><span style=\"font-size: 8pt;\">By Laughlin Elkind from Santa Cruz - Flickr.com - image description page, CC BY 2.0, https://commons.wikimedia.org/w/index.php?curid=341590</span></p>\n<p class=\"paragraph text-align-type-left pap-line-1.8 pap-line-rule-auto pap-spacing-before-0pt pap-spacing-after-0pt\">&nbsp;</p>\n<p class=\"paragraph text-align-type-left pap-line-1.8 pap-line-rule-auto pap-spacing-before-0pt pap-spacing-after-0pt\">尽管&ldquo;Acid Jazz&rdquo;一词在先前已被创造，但一般认为DJ吉尔斯&middot;彼得森和克里斯&middot;班斯（Chris Bangs）在1987年伦敦卡姆登（Camden）某家夜总会里，口中所谓的&ldquo;Acid Jazz&rdquo;才是已成形、受广泛认同的Acid Jazz。吉尔斯&middot;彼得森在英国广播公司电台第一台（BBC Radio 1）中介绍自己时，明言他认为&ldquo;Acid Jazz&rdquo;一词源自哪儿：&ldquo;我们播放这张稀有的古旧7英寸黑胶唱片 ─ 歌曲都是不依拍子地弹疯狂摇滚吉他作前奏的推进性摇摆节奏歌（Groove）。我尝试加速播放播，令到声音变得扭曲。克里斯&middot;班斯透过麦克风对我说：&lsquo;如果有酸浩室（Acid House，比Acid Jazz更早产生的音乐类型），这个一定是Acid Jazz&rsquo;这就是&lsquo;Acid Jazz&rsquo;一词的起源，就像笑话一般！&rdquo;</p>\n<p class=\"paragraph text-align-type-left pap-line-1.8 pap-line-rule-auto pap-spacing-before-0pt pap-spacing-after-0pt\">&nbsp;</p>\n<p class=\"paragraph text-align-type-left pap-line-1.8 pap-line-rule-auto pap-spacing-before-0pt pap-spacing-after-0pt\"><strong>国际化</strong></p>\n<p class=\"paragraph text-align-type-left pap-line-1.8 pap-line-rule-auto pap-spacing-before-0pt pap-spacing-after-0pt\">虽然流行于1990年代美国的爵士乐是爵士浩室（Jazz-house）和爵士说唱（Jazz Rap），尤以探索一族（A Tribe Called Quest）、黑羊（Black Sheep）、丛林兄弟（Jungle Brothers）为代表。Acid Jazz在当时尚未普及，但Acid Jazz乐队Brand New Heavies和上述三乐队齐名，可谓突破成功。日本最著名的Acid Jazz乐队是United Future Organization。英国最著名的Acid Jazz乐队是马德斯基马汀与伍德（Medeski, Martin &amp; Wood）。</p>\n<p class=\"paragraph text-align-type-left pap-line-1.8 pap-line-rule-auto pap-spacing-before-0pt pap-spacing-after-0pt\">&nbsp;</p>\n<p class=\"paragraph text-align-type-left pap-line-1.8 pap-line-rule-auto pap-spacing-before-0pt pap-spacing-after-0pt\" style=\"text-align: center;\"><img src=\"https://duopin-community.oss-cn-shenzhen.aliyuncs.com/3u0sqxh53wmanwlbbg8g.jpg\" alt=\"\" width=\"755\" height=\"1080\" /></p>\n<p class=\"paragraph text-align-type-left pap-line-1.8 pap-line-rule-auto pap-spacing-before-0pt pap-spacing-after-0pt\" style=\"text-align: center;\"><span style=\"font-size: 8pt;\">美国Jazz Rap歌手/制作人Guru</span></p>\n<p class=\"paragraph text-align-type-left pap-line-1.8 pap-line-rule-auto pap-spacing-before-0pt pap-spacing-after-0pt\" style=\"text-align: center;\"><span style=\"font-size: 8pt;\">By Barbara M&uuml;rdter - photo taken by Barbara M&uuml;rdter, CC BY-SA 3.0, https://commons.wikimedia.org/w/index.php?curid=632936</span></p>\n<p class=\"paragraph text-align-type-left pap-line-1.8 pap-line-rule-auto pap-spacing-before-0pt pap-spacing-after-0pt\">&nbsp;</p>\n<p class=\"paragraph text-align-type-left pap-line-1.8 pap-line-rule-auto pap-spacing-before-0pt pap-spacing-after-0pt\"><strong>厂牌</strong></p>\n<p class=\"paragraph text-align-type-left pap-line-1.8 pap-line-rule-auto pap-spacing-before-0pt pap-spacing-after-0pt\">吉尔斯&middot;彼得森（Gilles Peterson）和埃迪&middot;皮尔勒（Eddie Piller）也成立了一家同样名为&ldquo;Acid Jazz&rdquo;（Acid Jazz Record，简称 Acid Jazz）的英国厂牌，旗下歌手皆会唱Acid Jazz音乐。厂牌愿意专为Acid Jazz出唱片，可见它很受欢迎。</p>\n<p class=\"paragraph text-align-type-left pap-line-1.8 pap-line-rule-auto pap-spacing-before-0pt pap-spacing-after-0pt\">&nbsp;</p>\n<p class=\"paragraph text-align-type-left pap-line-1.8 pap-line-rule-auto pap-spacing-before-0pt pap-spacing-after-0pt\"><strong>现场表演</strong></p>\n<p class=\"paragraph text-align-type-left pap-line-1.8 pap-line-rule-auto pap-spacing-before-0pt pap-spacing-after-0pt\">Acid Jazz包含很多电子音乐元素，而且很适合作现场即兴改版演出，所以歌手都很喜欢在其演唱会演唱Acid Jazz歌曲。英格兰乐队&ldquo;匿名者&rdquo;（Incognito）和&ldquo;新重骑兵&rdquo;（Brand New Heavies）的演唱尤其着重Acid Jazz的和弦特质。Acid Jazz的发展也可算作爵士放克、灵魂爵士的复兴。因为多种乐器可作现场即兴演出，加上Acid Jazz特殊的编曲模式，让唱片骑师的&ldquo;刮擦&rdquo;技术得以体现 ─ 这协助诺曼&middot;杰伊（Norman Jay）、吉尔斯&middot;彼得森、帕特里克&middot;福奇（Patrick Forge）等唱片骑师打响知名度。</p>\n<p class=\"paragraph text-align-type-left pap-line-1.8 pap-line-rule-auto pap-spacing-before-0pt pap-spacing-after-0pt\">&nbsp;</p>\n<p class=\"paragraph text-align-type-left pap-line-1.8 pap-line-rule-auto pap-spacing-before-0pt pap-spacing-after-0pt\">Acid Jazz的常用乐器包括：萨克斯管、小号、长号、单簧管、钢琴、吉他、低音提琴、鼓。</p>\n</div>",
 "contentEn": "<p><strong>Acid jazz</strong>, also known as&nbsp;<strong>club jazz</strong>, is a&nbsp;music genre&nbsp;that combines elements of&nbsp;funk,&nbsp;soul,&nbsp;hip hop, as well as&nbsp;jazz&nbsp;and&nbsp;disco.<sup id=\"cite_ref-RCJE_1-0\" class=\"reference\">[1]</sup><sup id=\"cite_ref-2\" class=\"reference\">[2]</sup>&nbsp;Acid jazz originated in clubs in London during the 1980s with the&nbsp;rare groove&nbsp;movement and spread to the United States, Japan, Eastern Europe, and Brazil. Acts included&nbsp;the Brand New Heavies,&nbsp;D'Influence,&nbsp;Incognito,&nbsp;Us3, and&nbsp;Jamiroquai&nbsp;from the UK and&nbsp;Buckshot LeFonque&nbsp;and&nbsp;Digable Planets&nbsp;from the U.S. The rise of electronic club music in the middle to late 1990s led to a decline in interest, and in the twenty-first century, the movement became indistinct as a genre. Many acts that might have been defined as acid jazz are seen as&nbsp;jazz-funk,&nbsp;neo soul, or&nbsp;jazz rap.</p>\n<h2>&nbsp;</h2>\n<h2><span id=\"Characteristics\" class=\"mw-headline\">Characteristics</span></h2>\n<p>The genre's name was coined by&nbsp;Gilles Peterson, and the label was started by Bangs, Eddie Piller, and Gilles.<sup id=\"cite_ref-New_Grove_3-0\" class=\"reference\">[3]</sup><sup id=\"cite_ref-Bush2001_4-0\" class=\"reference\">[4]</sup>&nbsp;The name refers to the&nbsp;acid house&nbsp;genre, which was popular in UK clubs in the 1980s.<sup id=\"cite_ref-Priceetal2011pp479-82_5-0\" class=\"reference\">[5]</sup></p>\n<p>&nbsp;</p>\n<p>Acid jazz consisted of two related movements. The first was based on records by disc jockeys and music producers who added percussion and electronic dance beats to jazz tracks from the 1960s and 1970s.<sup id=\"cite_ref-Gioia2011pp333-4_6-0\" class=\"reference\">[6]</sup>&nbsp;The second movement included groups who were influenced by these recordings and who emphasized a&nbsp;groove.<sup id=\"cite_ref-Priceetal2011pp479-82_5-1\" class=\"reference\">[5]</sup>&nbsp;Acid jazz borrowed from jazz, funk, and hip-hop. Because it relies heavily on percussion and live performance, it is sometimes associated with jazz, but its emphasis on groove aligns it more with funk, hip hop, and dance music.<sup id=\"cite_ref-AllmusicAcidJazz_7-0\" class=\"reference\">[7]</sup>&nbsp;The style is characterized by danceable grooves and long, repetitive compositions. Acid jazz bands usually include horns, a rhythm section (drum set and additional percussion), a vocalist who may sing or rap, and a DJ.<sup id=\"cite_ref-drummer_8-0\" class=\"reference\">[8]</sup></p>\n<h2>&nbsp;</h2>\n<h2><span id=\"History\" class=\"mw-headline\">History</span></h2>\n<p>Acid jazz has its origins in the 1960s, when&nbsp;psychedelic styles&nbsp;were being incorporated into other musical genres, jazz being one of these. Some cite&nbsp;<em>\"Six Pack\"</em>&nbsp;and&nbsp;<em>\"Soul Fiesta\"</em>&nbsp;by The Apostles (1969) as acid jazz records during the 1960s. Acid jazz became popular in London clubs during the 1980s when disc jockeys associated with the&nbsp;rare groove&nbsp;movement played obscure jazz records. Their interests were in the fringe of&nbsp;jazz fusion,&nbsp;jazz funk, and the&nbsp;soul jazz&nbsp;of the 1950s and 1960s. Particularly significant were records from the&nbsp;Blue Note&nbsp;catalogue.<sup id=\"cite_ref-Bush2001_4-1\" class=\"reference\">[4]</sup>&nbsp;These DJs included Gilles Peterson, who had residencies at several London clubs in the 1980s. Peterson began in a small&nbsp;pirate radio&nbsp;station and then moved to the larger&nbsp;Kiss-FM. In 1988 with producer&nbsp;Eddie Piller&nbsp;he formed the label&nbsp;Acid Jazz Records. The first release from the company was the compilation&nbsp;<em>Totally Wired</em>, which contained obscure jazz funk tracks from the 1970s with updated new tracks.<sup id=\"cite_ref-Bush2001_4-2\" class=\"reference\">[4]</sup></p>\n<p>&nbsp;</p>\n<p>In 1990 Peterson left to start the label&nbsp;Talkin' Loud&nbsp;at&nbsp;Phonogram.<sup id=\"cite_ref-Larkin1998_9-0\" class=\"reference\">[9]</sup>&nbsp;The company signed&nbsp;Galliano,&nbsp;Young Disciples, and&nbsp;Urban Species.<sup id=\"cite_ref-Bush2001_4-3\" class=\"reference\">[4]</sup>&nbsp;Another British record label,&nbsp;Fourth and Broadway Records, was formed in 1990 and began a compilation series with the title \"The Rebirth of Cool\". The label's roster included&nbsp;Pharoah Sanders,&nbsp;Stereo MCs,&nbsp;MC Solaar, and&nbsp;Courtney Pine.<sup id=\"cite_ref-Bush2001_4-4\" class=\"reference\">[4]</sup></p>\n<p>&nbsp;</p>\n<p>In 1991 acid jazz broke into the mainstream with the success of&nbsp;Brand New Heavies. After one&nbsp;self-titled album&nbsp;(1990) with Acid Jazz Records, the group signed with&nbsp;FFRR Records&nbsp;and had the hit singles \"Never Stop\" and \"Dream Come True\".<sup id=\"cite_ref-Bush2001_4-5\" class=\"reference\">[4]</sup>&nbsp;Other bands included&nbsp;Incognito&nbsp;and&nbsp;Us3, whose \"Cantaloop (Flip Fantasia)\" (1993) was the biggest hit in the genre.<sup id=\"cite_ref-Martin&amp;Waters2011p362_10-0\" class=\"reference\">[10]</sup>&nbsp;Also successful was&nbsp;Jamiroquai, an early act for Acid Jazz Records that signed with&nbsp;Sony, which released&nbsp;<em>Travelling Without Moving</em>&nbsp;(1996) and the hit single \"Virtual Insanity\".<sup id=\"cite_ref-Priceetal2011pp479-82_5-2\" class=\"reference\">[5]</sup>&nbsp;Other live acts included&nbsp;Stereo MCs&nbsp;and the&nbsp;James Taylor Quartet.<sup id=\"cite_ref-AllmusicAcidJazz_7-1\" class=\"reference\">[7]</sup>&nbsp;The mainstream success of acid jazz was followed by many compilations which left the public confused about the genre.<sup id=\"cite_ref-Bush2001_4-6\" class=\"reference\">[4]</sup></p>\n<h3>&nbsp;</h3>\n<h3><span id=\"Acid_jazz_in_America\" class=\"mw-headline\">Acid jazz in America</span></h3>\n<p>Acid jazz spread to the United States in the early 1990s.<sup id=\"cite_ref-Bush2001_4-7\" class=\"reference\">[4]</sup>&nbsp;It reached New York City in 1990 when British promoter Maurice Bernstein and his South African partner Jonathan Rudnick opened Groove Academy as a party at the&nbsp;Giant Step&nbsp;club in the basement of the Metropolis Caf&eacute; in&nbsp;Union Square. Groove Academy turned into a record label and media company.<sup id=\"cite_ref-cambridge_11-0\" class=\"reference\">[11]</sup>&nbsp;Acid jazz musician in New York City included&nbsp;Brooklyn Funk Essentials,&nbsp;DJ Smash, and Jerome Van Rossum. In San Francisco acid jazz was released by&nbsp;Ubiquity Records,<sup id=\"cite_ref-Bush2001_4-8\" class=\"reference\">[4]</sup>&nbsp;by Solsonics in Los Angeles, and&nbsp;The Greyboy Allstars&nbsp;in San Diego.<sup id=\"cite_ref-12\" class=\"reference\">[12]</sup></p>\n<p>&nbsp;</p>\n<p>A Tribe Called Quest&nbsp;borrowed from jazz for their album&nbsp;<em>The Low End Theory</em>&nbsp;(1991).<sup id=\"cite_ref-Gioia2011pp333-4_6-1\" class=\"reference\">[6]</sup>&nbsp;Under the name&nbsp;Buckshot LeFonque,&nbsp;Branford Marsalis&nbsp;and Digable Planets won a Grammy Award for the 1993 single \"Rebirth of Slick (Cool Like Dat)\".<sup id=\"cite_ref-Martin&amp;Waters2011p362_10-1\" class=\"reference\">[10]</sup></p>\n<p>&nbsp;</p>\n<p>Formed in New York in 1990,&nbsp;Groove Collective&nbsp;produced their self-titled debut in 1993.<sup id=\"cite_ref-Priceetal2011pp479-82_5-3\" class=\"reference\">[5]</sup>&nbsp;The rapper&nbsp;Guru&nbsp;released a series of albums recorded with jazz musicians as the&nbsp;<em>Jazzmatazz</em>&nbsp;series.<sup id=\"cite_ref-Gioia2011pp333-4_6-2\" class=\"reference\">[6]</sup></p>\n<p>&nbsp;</p>\n<p>Stemming from&nbsp;Chicago&nbsp;in 1993,&nbsp;Liquid Soul&nbsp;achieved a national profile in 1996 when their self-titled debut LP was re-released by&nbsp;Ark21.<sup id=\"cite_ref-Ankeny1_13-0\" class=\"reference\">[13]</sup>&nbsp;In 2000 their album&nbsp;Here's the Deal&nbsp;was nominated in the&nbsp;Grammy Award for Best Contemporary Jazz Album&nbsp;category.<sup id=\"cite_ref-14\" class=\"reference\">[14]</sup></p>\n<h3>&nbsp;</h3>\n<h3><span id=\"Around_the_world\" class=\"mw-headline\">Around the world</span></h3>\n<p>Acid jazz soon gained an international following, including in Japan, Germany, Brazil and Eastern Europe.<sup id=\"cite_ref-Gioia2011pp333-4_6-3\" class=\"reference\">[6]</sup>&nbsp;From Japan,&nbsp;United Future Organization&nbsp;gained an international reputation, signing an American record deal in 1994.<sup id=\"cite_ref-Ankeney2001p536_15-0\" class=\"reference\">[15]</sup>&nbsp;Other acts from Japan included&nbsp;Mondo Grosso,<sup id=\"cite_ref-AllmusicAcidJazz_7-2\" class=\"reference\">[7]</sup>&nbsp;and&nbsp;Gota Yashiki<sup id=\"cite_ref-Erlewine_16-0\" class=\"reference\">[16]</sup>&nbsp;Skalpel&nbsp;came from Poland.<sup id=\"cite_ref-Larkin1_17-0\" class=\"reference\">[17]</sup></p>\n<h3>&nbsp;</h3>\n<h3><span id=\"Decline\" class=\"mw-headline\">Decline</span></h3>\n<p>The rise of electronic club music in the mid to late 1990s led to a decline in interest in acid jazz among the record buying public, although the genre continued to have a reduced worldwide following.<sup id=\"cite_ref-Bush2001_4-9\" class=\"reference\">[4]</sup>&nbsp;In the twenty-first century the movement became so intertwined with other forms that it became indistinct as a genre and many acts that might have been defined as acid jazz are now seen as jazz funk,&nbsp;neo soul&nbsp;or&nbsp;jazz rap.<sup id=\"cite_ref-Priceetal2011pp479-82_5-4\" class=\"reference\">[5]</sup></p>\n<p>&nbsp;</p>\n<p><em>Q</em>&nbsp;magazine stated \"Acid jazz was the most significant jazz form to emerge out of the British music scene\".<sup id=\"cite_ref-Music_18-0\" class=\"reference\">[18]</sup>&nbsp;One major legacy of the genre was its influence on the&nbsp;jam band&nbsp;movement, with acid jazz proving a suitable medium for extended improvisation for acts such as&nbsp;Medeski, Martin and Wood<sup id=\"cite_ref-Priceetal2011pp479-82_5-5\" class=\"reference\">[5]</sup>&nbsp;and&nbsp;The Greyboy Allstars.<sup id=\"cite_ref-greyboyA_19-0\" class=\"reference\">[19]</sup></p>\n<h2>&nbsp;</h2>\n<h2><span id=\"References\" class=\"mw-headline\">References</span></h2>\n<div class=\"reflist\">\n<div class=\"mw-references-wrap mw-references-columns\">\n<ol class=\"references\">\n<li id=\"cite_note-RCJE-1\"><span class=\"mw-cite-backlink\"><strong>^</strong></span>&nbsp;<span class=\"reference-text\"><cite id=\"CITEREFCook2005\" class=\"citation book cs1\">Cook, Richard (2005).&nbsp;<em>Richard Cook's Jazz Encyclopedia</em>. London: Penguin. p.&nbsp;2.&nbsp;ISBN&nbsp;<bdi>0-141-00646-3</bdi>.</cite></span></li>\n<li id=\"cite_note-2\"><span class=\"mw-cite-backlink\"><strong>^</strong></span>&nbsp;<span class=\"reference-text\"><cite class=\"citation web cs1\">\"Acid jazz (genre)\".&nbsp;<em>Grove Music Online</em>. 2001.&nbsp;doi:10.1093/gmo/9781561592630.article.53045<span class=\"reference-accessdate\">. Retrieved&nbsp;<span class=\"nowrap\">28 February</span>&nbsp;2021</span>.</cite></span></li>\n<li id=\"cite_note-New_Grove-3\"><span class=\"mw-cite-backlink\"><strong>^</strong></span>&nbsp;<span class=\"reference-text\"><cite id=\"CITEREFAdams2002\" class=\"citation book cs1\">Adams, Simon (2002). Kernfeld, Barry (ed.).&nbsp;<em>The New Grove Dictionary of Jazz</em>&nbsp;(2&nbsp;ed.). New York: Grove's Dictionaries. p.&nbsp;10.&nbsp;ISBN&nbsp;<bdi>978-1-56159-284-5</bdi>.</cite></span></li>\n<li id=\"cite_note-Bush2001-4\"><span class=\"mw-cite-backlink\">^&nbsp;<span class=\"cite-accessibility-label\">Jump up to:</span><sup><em><strong>a</strong></em></sup>&nbsp;<sup><em><strong>b</strong></em></sup>&nbsp;<sup><em><strong>c</strong></em></sup>&nbsp;<sup><em><strong>d</strong></em></sup>&nbsp;<sup><em><strong>e</strong></em></sup>&nbsp;<sup><em><strong>f</strong></em></sup>&nbsp;<sup><em><strong>g</strong></em></sup>&nbsp;<sup><em><strong>h</strong></em></sup>&nbsp;<sup><em><strong>i</strong></em></sup>&nbsp;<sup><em><strong>j</strong></em></sup></span>&nbsp;<span class=\"reference-text\"><cite id=\"CITEREFBush2001\" class=\"citation book cs1\">Bush, J. (2001). Bogdanov, Vladimir (ed.).&nbsp;<em>All Music Guide to Electronica</em>. San Francisco: Backbeat Books. pp.&nbsp;647&ndash;649.&nbsp;ISBN&nbsp;<bdi>0-87930-628-9</bdi>.</cite></span></li>\n<li id=\"cite_note-Priceetal2011pp479-82-5\"><span class=\"mw-cite-backlink\">^&nbsp;<span class=\"cite-accessibility-label\">Jump up to:</span><sup><em><strong>a</strong></em></sup>&nbsp;<sup><em><strong>b</strong></em></sup>&nbsp;<sup><em><strong>c</strong></em></sup>&nbsp;<sup><em><strong>d</strong></em></sup>&nbsp;<sup><em><strong>e</strong></em></sup>&nbsp;<sup><em><strong>f</strong></em></sup></span>&nbsp;<span class=\"reference-text\"><cite id=\"CITEREFPriceKernodle2011\" class=\"citation book cs1\">Price, E.G.; Kernodle, T.L., eds. (2011).&nbsp;<em>Encyclopedia of African American Music</em>. Santa Barbara, California: ABC-CLIO. p.&nbsp;479&ndash;482.&nbsp;ISBN&nbsp;<bdi>978-0-313-34199-1</bdi>.</cite></span></li>\n<li id=\"cite_note-Gioia2011pp333-4-6\"><span class=\"mw-cite-backlink\">^&nbsp;<span class=\"cite-accessibility-label\">Jump up to:</span><sup><em><strong>a</strong></em></sup>&nbsp;<sup><em><strong>b</strong></em></sup>&nbsp;<sup><em><strong>c</strong></em></sup>&nbsp;<sup><em><strong>d</strong></em></sup></span>&nbsp;<span class=\"reference-text\"><cite id=\"CITEREFGioia2011\" class=\"citation book cs1\">Gioia, Ted (2011).&nbsp;<em>The History of Jazz</em>&nbsp;(2&nbsp;ed.). Oxford: Oxford University Press. p.&nbsp;333&ndash;334.&nbsp;ISBN&nbsp;<bdi>978-0-19-983187-6</bdi>.</cite></span></li>\n<li id=\"cite_note-AllmusicAcidJazz-7\"><span class=\"mw-cite-backlink\">^&nbsp;<span class=\"cite-accessibility-label\">Jump up to:</span><sup><em><strong>a</strong></em></sup>&nbsp;<sup><em><strong>b</strong></em></sup>&nbsp;<sup><em><strong>c</strong></em></sup></span>&nbsp;<span class=\"reference-text\"><cite class=\"citation web cs1\">\"Acid Jazz Music Genre Overview\".&nbsp;<em>AllMusic</em><span class=\"reference-accessdate\">. Retrieved&nbsp;<span class=\"nowrap\">13 September</span>&nbsp;2020</span>.</cite></span></li>\n<li id=\"cite_note-drummer-8\"><span class=\"mw-cite-backlink\"><strong>^</strong></span>&nbsp;<span class=\"reference-text\"><cite id=\"CITEREFBerryGianni2004\" class=\"citation book cs1\">Berry, Mick; Gianni, Jason (2004).&nbsp;<em>The Drummer's Bible</em>. Tucson, Arizona: See Sharp Press. p.&nbsp;68.&nbsp;ISBN&nbsp;<bdi>1-884365-32-9</bdi>.</cite></span></li>\n<li id=\"cite_note-Larkin1998-9\"><span class=\"mw-cite-backlink\"><strong>^</strong></span>&nbsp;<span class=\"reference-text\"><cite id=\"CITEREFLarkin1998\" class=\"citation book cs1\">Larkin, Colin&nbsp;(1998).&nbsp;<em>The Virgin Encyclopedia of Dance Music</em>. Virgin Books. p.&nbsp;334.&nbsp;ISBN&nbsp;<bdi>978-0-7535-0252-5</bdi><span class=\"reference-accessdate\">. Retrieved&nbsp;<span class=\"nowrap\">2 July</span>&nbsp;2013</span>.</cite></span></li>\n<li id=\"cite_note-Martin&amp;Waters2011p362-10\"><span class=\"mw-cite-backlink\">^&nbsp;<span class=\"cite-accessibility-label\">Jump up to:</span><sup><em><strong>a</strong></em></sup>&nbsp;<sup><em><strong>b</strong></em></sup></span>&nbsp;<span class=\"reference-text\"><cite id=\"CITEREFMartinWaters2011\" class=\"citation book cs1\">Martin, Henry; Waters, Keith (2011).&nbsp;<em>Jazz: The First 100 Years</em>&nbsp;(3&nbsp;ed.). Cengage Learning. p.&nbsp;362.&nbsp;ISBN&nbsp;<bdi>978-1-133-16927-7</bdi>.</cite></span></li>\n<li id=\"cite_note-cambridge-11\"><span class=\"mw-cite-backlink\"><strong>^</strong></span>&nbsp;<span class=\"reference-text\"><cite id=\"CITEREFCookeHorn2002\" class=\"citation book cs1\">Cooke, Mervyn; Horn, David, eds. (2002).&nbsp;<em>The Cambridge Companion to Jazz</em>. Cambridge: Cambridge University Press. p.&nbsp;237.&nbsp;ISBN&nbsp;<bdi>0-521-66388-1</bdi>.</cite></span></li>\n<li id=\"cite_note-12\"><span class=\"mw-cite-backlink\"><strong>^</strong></span>&nbsp;<span class=\"reference-text\">https://www.allmusic.com/artist/greyboy-allstars-mn0000763810/biography</span></li>\n<li id=\"cite_note-Ankeny1-13\"><span class=\"mw-cite-backlink\"><strong>^</strong></span>&nbsp;<span class=\"reference-text\"><cite id=\"CITEREFAnkeny\" class=\"citation web cs1\">Ankeny, Jason.&nbsp;\"Liquid Soul\".&nbsp;<em>AllMusic</em><span class=\"reference-accessdate\">. Retrieved&nbsp;<span class=\"nowrap\">13 September</span>&nbsp;2020</span>.</cite></span></li>\n<li id=\"cite_note-14\"><span class=\"mw-cite-backlink\"><strong>^</strong></span>&nbsp;<span class=\"reference-text\">https://www.grammy.com/grammys/artists/liquid-soul/7456</span></li>\n<li id=\"cite_note-Ankeney2001p536-15\"><span class=\"mw-cite-backlink\"><strong>^</strong></span>&nbsp;<span class=\"reference-text\">J. Ankeny, \"United Future Organization\", in V. Bogdanov, ed.,&nbsp;<em>All Music Guide to Electronica: The Definitive Guide to Electronic Music</em>&nbsp;(Milwaukee: Backbeat Books, 2001),&nbsp;ISBN&nbsp;0-87930-628-9, p. 536.</span></li>\n<li id=\"cite_note-Erlewine-16\"><span class=\"mw-cite-backlink\"><strong>^</strong></span>&nbsp;<span class=\"reference-text\"><cite id=\"CITEREFErlewine\" class=\"citation web cs1\">Erlewine, Stephen Thomas.&nbsp;\"Gota\".&nbsp;<em>AllMusic</em><span class=\"reference-accessdate\">. Retrieved&nbsp;<span class=\"nowrap\">13 September</span>&nbsp;2020</span>.</cite></span></li>\n<li id=\"cite_note-Larkin1-17\"><span class=\"mw-cite-backlink\"><strong>^</strong></span>&nbsp;<span class=\"reference-text\"><cite id=\"CITEREFLarkin2006\" class=\"citation book cs1\">Larkin, C. (2006).&nbsp;<em>The Encyclopedia of Popular Music Vol. 7</em>&nbsp;(4&nbsp;ed.). New York: Oxford University Press. p.&nbsp;503.&nbsp;ISBN&nbsp;<bdi>0-19-531373-9</bdi>.</cite></span></li>\n<li id=\"cite_note-Music-18\"><span class=\"mw-cite-backlink\"><strong>^</strong></span>&nbsp;<span class=\"reference-text\"><cite id=\"CITEREFDu_Noyer2003\" class=\"citation book cs1\">Du Noyer, Paul (2003).&nbsp;<em>The Illustrated Encyclopedia of Music</em>&nbsp;(1st&nbsp;ed.). Fulham, London: Flame Tree Publishing. p.&nbsp;144.&nbsp;ISBN&nbsp;<bdi>1-904041-96-5</bdi>.</cite></span></li>\n<li id=\"cite_note-greyboyA-19\"><span class=\"mw-cite-backlink\"><strong>^</strong></span>&nbsp;<span class=\"reference-text\"><cite id=\"CITEREFBush\" class=\"citation web cs1\">Bush, John.&nbsp;\"Greyboy Allstars\".&nbsp;<em>AllMusic</em><span class=\"reference-accessdate\">. Retrieved&nbsp;<span class=\"nowrap\">24 September</span>&nbsp;2019</span>.</cite></span></li>\n</ol>\n</div>\n</div>",
 "remarks": "本词条内容来自 https://zh.wikipedia.org/wiki/酸爵士",
 "remarksEn": "本词条内容来自 https://en.wikipedia.org/wiki/Acid_jazz",
 "status": 1,
 "clickNum": 20,
 "deleted": 0,
 "lang": 0,
 "chooseLang": true,
 "id": 120,
 "name": "Acid Jazz",
 "descriptions": "Acid Jazz（酸性爵士乐，俱乐部爵士乐），是一种结合了爵士、灵魂、放克、迪斯科等元素的音乐流派。Acid Jazz起源于20世纪80年代伦敦的俱乐部，伴随着groove运动，Acid Jazz传到了美国、日本、东欧和巴西。知名艺术家包括英国的Brand New Heavies、Incognito、Us3和Jamiroquai以及美国的Buckshot LeFonque和Digable Planets。20世纪90年代中后期，电子俱乐部音乐的兴起导致人们对其兴趣下降，到了21世纪，这成为了一种模糊不清的流派。许多可能被定义为Acid Jazz的艺术作品被看作是爵士朋克、新灵魂乐或爵士说唱。",
 "originalName": "",
 "startTimeText": "1980s",
 "startAddress": "United Kingdom",
 "searchStyle": "Downtempo",
 "styleCategory": "Downtempo",
 "originalStyle": "Jazz, soul, funk, disco, jazz fusion",
 "affectStyle": "",
 "deriveStyle": "Nu jazz, nu-funk, trip hop",
 "representArtist": "A Tribe Called Quest, Branford Marsalis, Digable Planets, Amon Tobin, Bernard Purdie",
 "officialUrl": "https://en.wikipedia.org/wiki/Acid_jazz",
 "typeId": 13,
 "typeName": "风格",
 "dataId": 120,
 "url": "http://dropinapp.hearinmusic.com/#/ency?typeId=13&dataId=120"
}