{
 "pageNum": 1,
 "pageSize": 10,
 "params": {},
 "relationChannel": "[{\"id\":1143,\"parentId\":8,\"name\":\"Acid Breaks\"}]",
 "content": "<p>在电子音乐舞曲中，Acid Breaks是Breakbeat、Acid House和其它一些电子舞曲形式融合的产物。Acid Breaks音乐的鼓组通常模仿自Breakbeat，不采用其它舞曲风格的标志性底鼓。Roland TB-303是最早应用于Acid音乐的合成器之一，它充分利用了低通阻尼滤波器的效果来突出声音的泛音音色。</p>",
 "contentEn": "<p>In&nbsp;electronic music, \"acid breaks\" is a fusion between breakbeat,&nbsp;acid house&nbsp;and other forms of dance music.&nbsp;Its drum line usually mimics most breakbeat music, lacking the distinctive&nbsp;kick drum&nbsp;of other forms of dance music. One of the earliest synthesizers to be employed in acid music was the&nbsp;Roland TB-303, which makes use of a resonant low-pass filter to emphasize the&nbsp;harmonics&nbsp;of the sound.</p>",
 "remarks": "本词条汉字内容由 @多频百科团队 翻译+编辑\n原文译自 https://en.wikipedia.org/wiki/Breakbeat#Acid_breaks",
 "remarksEn": "本词条内容来自 https://en.wikipedia.org/wiki/Breakbeat#Acid_breaks",
 "status": 1,
 "clickNum": 18,
 "deleted": 0,
 "lang": 0,
 "chooseLang": true,
 "id": 93,
 "name": "Acid Breaks",
 "descriptions": "在电子音乐舞曲中，Acid Breaks是Breakbeat、Acid House和其它一些电子舞曲形式融合的产物。Acid Breaks音乐的鼓组通常模仿自Breakbeat，不采用其它舞曲风格的标志性底鼓。Roland TB-303是最早应用于Acid音乐的合成器之一，它充分利用了低通阻尼滤波器的效果来突出声音的泛音音色。",
 "originalName": "",
 "startTimeText": "",
 "startAddress": "",
 "searchStyle": "Breakbeat",
 "styleCategory": "Breakbeat",
 "originalStyle": "Breakbeat, Acid House",
 "affectStyle": "",
 "deriveStyle": "",
 "representArtist": "",
 "officialUrl": "https://en.wikipedia.org/wiki/Breakbeat#Acid_breaks",
 "typeId": 13,
 "typeName": "风格",
 "dataId": 93,
 "url": "http://dropinapp.hearinmusic.com/#/ency?typeId=13&dataId=93"
}