{
 "pageNum": 1,
 "pageSize": 10,
 "params": {},
 "relationChannel": "[{\"id\":1098,\"parentId\":8,\"name\":\"Acid House\"}]",
 "relationEncy": "[{\"id\":36333,\"typeId\":13,\"dataId\":6,\"name\":\"House\",\"url\":\"http://dropinapp.hearinmusic.com/#/ency?typeId=13&dataId=6\"}]",
 "content": "<p>酸浩室（Acid house），是浩室音乐的子类别，是由美国芝加哥的DJ在1980年代所发展出来的。其风格主要是有低音声部以及由Roland TB-303合成器产生的压制声。酸浩室接着蔓延到英国和欧洲大陆。1980年代以后，酸浩室逐渐变成主流音乐之一，进而影响了流行乐和舞曲的风格。酸浩室让浩室音乐在全球广受重视。酸浩室的影响可以在其后的跳舞音乐中被听到；受到影响的舞曲音乐包括trance、breakbeat hardcore、jungle、big beat、techno和trip hop。</p>\n<p>&nbsp;</p>\n<p><strong>特点</strong></p>\n<p>Acid House奉行极简微抽象主义（minimalists）的制作美学，结合了浩室音乐普遍存在的程式化4/4舞池节拍和由电子合成器Roland TB-303产生的电子化的尖锐&rdquo;Squelch（咯吱）&ldquo;音色。&ldquo;Squelch&rdquo;声由创作者频繁变换电子合成器Roland TB-303的频率，加之对回响的把控而生；从而这种声音在简单但不普通的低音节奏运行。其它的元素，像合成器性质的串音和单一和弦断音，通常都是极微、抽象的（minimal）。有些时候，Acid House歌曲是无歌声的曲子，像Phuture的歌曲《Acid Tracks》；或者是包含完整的歌唱，像Pierre's Pfantasy Club的歌曲《Dream Girl》。也有其他的作品大体上是被&ldquo;偶然出现&rdquo;（drop-in）的段落补充的无歌声曲子，像Phuture的歌曲《Slam》。其中，&ldquo;drop-in&rdquo;是一种奇怪的口语词汇。</p>\n<p>&nbsp;</p>\n<p style=\"text-align: center;\"><img src=\"https://duopin-community.oss-cn-shenzhen.aliyuncs.com/ita7ii7gp17cwg1dvuxa.jpg\" alt=\"\" width=\"403\" height=\"326\" /></p>\n<p style=\"text-align: center;\"><span style=\"font-size: 8pt;\">Acid House标志性尖锐音色的来源：Roland TB-303合成器</span></p>\n<p style=\"text-align: center;\"><span style=\"font-size: 8pt;\">By ミシャー, CC BY-SA 3.0, https://commons.wikimedia.org/w/index.php?curid=1255077</span></p>\n<p>&nbsp;</p>\n<p>英国Acid House及锐舞爱好者使用&ldquo;黄色笑脸&rdquo;标志简单作为此类音乐和场景的象征。一个&ldquo;未知身份、平凡的笑容&rdquo;，描绘了&ldquo;80年代年轻人最简单、温和的&rdquo;一面：无攻击性的一面；这些不包括高音量DJ派对里的&ldquo;高音量&rdquo;。一些Acid House爱好者使用带有一道血痕的笑脸图案。该图案&mdash;&mdash;被漫画《Watchmen》文本创作者Alan Moore声称&mdash;&mdash;是基于漫画家Dave Gibbon在《Watchmen》系列中的作画表现。《Watchmen》中带血痕笑脸的用法起源于Tim Simenon化名Bomb the Bass时名为《Beat Dis》的单曲。</p>\n<p>&nbsp;</p>\n<p><strong>词源</strong></p>\n<p>关于术语&ldquo;酸&rdquo;如何形成、并用于描述浩室音乐这种风格，这里有些互相矛盾的解释。</p>\n<p>&nbsp;</p>\n<p>一种解释与Phuture的歌曲《Acid Tracks》有关。在这首歌给定名字进行商业发行前，它被DJ Ron Hardy在一间夜总会串曲。据传闻，这间夜总会里有人使用了迷幻药（psychedelic drugs）。俱乐部的赞助人们称这支单曲为&ldquo;Ron Hardy's Acid Track&rdquo;或&ldquo;Ron Hardy's Acid Trax&rdquo;。这支单曲在1987年以《Acid Tracks》为名在Larry Sherman的品牌Trax Records发行。歌曲名称的来源争议在于是Phuture还是Sherman定的：三人组合Phuture中Pierre说是Phuture和Sherman共同决定的，因为这支曲子已经以&ldquo;Acid Tracks&rdquo;之名走红；但是Sherman说是他定的曲名，因为这支曲子让他想起了acid rock（迷幻摇滚的亚种）。不管怎么说，在Phuture的曲子发行之后，术语&ldquo;Acid House（acid house）&rdquo;成为普遍的说法。</p>\n<p>&nbsp;</p>\n<p>一些解释指出&ldquo;acid（酸）&rdquo;是种公众对迷幻药的称呼，药物包括LSD，和受俱乐部欢迎的Ecstasy（MDMA）。根据Rietveld的话，是芝加哥浩室场景对毒品的理智，才承担起了俱乐部最初的意义，例如Hardy's The Music Box。在她的观点里，&ldquo;迷幻药（acid俚语意）&rdquo;使人体验经验的分裂、意义如脱臼般似有似无地断裂，这些体验是由于迷幻药对思维模式未成体系的效果。LSD或者说&ldquo;acid&rdquo;&mdash;&mdash;一种提高神经活动的迷幻药，恰能带来这些。上文里《Acid Tracks》的产生表明创作的一种概念，而不是表达它是与提高神经活动毒品的使用有关的曲子。</p>\n<p>&nbsp;</p>\n<p>一些解释不赞同&ldquo;acid&rdquo;的&ldquo;毒品&rdquo;含义。有一个学说认为：&ldquo;acid&rdquo;是一种对Acid House中使用样板的贬义指称。该学说在出版社和英国众议会中重复诠释。该学说解释术语&ldquo;酸（acid）&rdquo;来自俚语短语&ldquo;acid burning&rdquo;；牛津词典&ldquo;新单词&rdquo;部分称之为&ldquo;一个描述偷窃的短语&rdquo;。在1991年，英国自由主义倡导者Paul Staines声称他打造了该学说使政府在立法阻止锐舞派对上灰心。</p>\n<p>&nbsp;</p>\n<p><strong>历史</strong></p>\n<p><span style=\"text-decoration: underline;\">起源（1980年代中期）</span></p>\n<p>关于哪个是最早录制的Acid House样板，存在一些争论。至少有一位历史学家认为Phuture发行的《Acid Trax》是Acid House概念最早的样板。DJ Pierre说这支曲子可能早在1985年就被创作了，而直到1987年才发行。另外有人指出最早的样板是Sleezy D在1986年发行的《I've Lost Control》，并言之是最先用黑胶唱片发行的。但要探究两者中哪个最先被创造，我们暂时不得而知。</p>\n<p>&nbsp;</p>\n<p><span style=\"text-decoration: underline;\">芝加哥运动（1980年代中期-1980年代后期）</span></p>\n<p>早期Acid House黑胶唱片在芝加哥生产。Nathan Jones（&ldquo;DJ Pierre&rdquo;）、Earl Smith Jr.（&ldquo;Spanky&rdquo;）、Herbert Jackson（&ldquo;Herb J&rdquo;）创立团体Phuture。他们被认为是第一批在浩室音乐中使用合成器Roland TB-303的人。关于该合成器，更早就有人开始使用：在1982年，Charanjit Singh就运用Roland TB-303到Disco音乐中；在1983年，Alexander Robotnick亦有如此。Phuture团体12分钟的曲子《Acid Tracks》借由磁带发行；早在发行前已由Music Box俱乐部的驻场DJ Ron Hardy打响这支曲子。第一次演出时，Hardy在当晚上表演了四次，人们一开始不喜欢听，到了第四次已经积极反响。芝加哥的浩室音乐场景遭受警察对派对和活动的镇压。芝加哥的浩室音乐唱片销量式微，到了1988年，销量甚低于市场火爆时期的十分之一。然而，浩室音乐，或者单说Acid House音乐，正在英国掀起流行的风潮。</p>",
 "contentEn": "<p><strong>Acid house</strong>&nbsp;(also simply known as just \"<strong>acid</strong>\") is a subgenre of&nbsp;house music&nbsp;developed around the mid-1980s by&nbsp;DJs&nbsp;from&nbsp;Chicago. The style is defined primarily by the \"squelching\" sounds and&nbsp;basslines&nbsp;of the&nbsp;Roland TB-303&nbsp;electronic bass synthesizer-sequencer,<sup id=\"cite_ref-allmusicah_1-1\" class=\"reference\">[1]</sup>&nbsp;an innovation sometimes attributed to Chicago's&nbsp;DJ Pierre&nbsp;of&nbsp;Phuture&nbsp;or Indian&nbsp;session musician&nbsp;Charanjit Singh.</p>\n<p>&nbsp;</p>\n<p>Acid house soon became popular in the United Kingdom and continental Europe, where it was played by DJs in the acid house and later&nbsp;rave&nbsp;scenes. By the late 1980s, acid house had moved into the British mainstream, where it had some influence on&nbsp;pop&nbsp;and&nbsp;dance&nbsp;styles.</p>\n<p>&nbsp;</p>\n<p>Acid house brought house music to a worldwide audience.<sup id=\"cite_ref-Bogdanov2000pvii_3-0\" class=\"reference\">[3]</sup>&nbsp;The influence of acid house can be heard on later styles of dance music including&nbsp;trance,&nbsp;hardcore,&nbsp;jungle,&nbsp;big beat,&nbsp;techno&nbsp;and&nbsp;trip hop.<sup id=\"cite_ref-4\" class=\"reference\">[4]</sup><sup id=\"cite_ref-5\" class=\"reference\">[5]</sup></p>\n<p>&nbsp;</p>\n<h2><span id=\"Characteristics\" class=\"mw-headline\">Characteristics</span></h2>\n<p>Acid house's&nbsp;minimalist&nbsp;production&nbsp;aesthetic&nbsp;combined house music's ubiquitous programmed&nbsp;four-on-the-floor&nbsp;4/4 beat&nbsp;with the&nbsp;electronic squelch&nbsp;sound produced by the&nbsp;Roland TB-303&nbsp;electronic synthesizer-sequencer by constantly modulating its frequency and resonance controls to create movement in otherwise simple bass patterns. \"Exploration of texture\" is preferred over melody; \"a refusal of the metaphysical priorities of western music discourse.\"<sup id=\"cite_ref-Gilbert_6-0\" class=\"reference\">[6]</sup>&nbsp;Other elements, such as synthetic strings and&nbsp;stabs, were usually minimal. Sometimes tracks were instrumentals such as&nbsp;Phuture's \"Acid Tracks\", or contained full vocal performances such as Pierre's Pfantasy Club's \"Dream Girl\", while others were essentially instrumentals complemented by the odd spoken word 'drop-in', such as Phuture's \"Slam\".<sup id=\"cite_ref-Bogdanov2000pvii_3-1\" class=\"reference\">[3]</sup></p>\n<h2>&nbsp;</h2>\n<h2><span id=\"Etymology\" class=\"mw-headline\">Etymology</span></h2>\n<p>There are conflicting accounts about the origin of the term&nbsp;<em>acid</em>. One account ties it to Phuture's \"Acid Tracks\". Before the song was given a title for commercial release, it was played by DJ&nbsp;Ron Hardy&nbsp;at a nightclub<sup id=\"cite_ref-cheeseman_7-0\" class=\"reference\">[7]</sup>&nbsp;where&nbsp;psychedelic drugs&nbsp;were reportedly used.<sup id=\"cite_ref-8\" class=\"reference\">[8]</sup>&nbsp;The club's patrons called the song \"Ron Hardy's Acid Track\" (or \"Ron Hardy's Acid Trax\").<sup id=\"cite_ref-cheeseman_7-1\" class=\"reference\">[7]</sup>&nbsp;The song was released with the title \"Acid Tracks\" on Larry Sherman's label&nbsp;Trax Records&nbsp;in 1987. Sources differ on whether it was Phuture or Sherman who chose the title; Phuture's&nbsp;DJ Pierre&nbsp;says the group did because the song was already known by that title,<sup id=\"cite_ref-cheeseman_7-2\" class=\"reference\">[7]</sup>&nbsp;but Sherman says he chose the title because the song reminded him of&nbsp;acid rock.<sup id=\"cite_ref-reitveld_9-0\" class=\"reference\">[9]</sup>&nbsp;Regardless, after the release of Phuture's song, the term acid house came into common parlance.<sup id=\"cite_ref-cheeseman_7-3\" class=\"reference\">[7]</sup></p>\n<p>&nbsp;</p>\n<p>Some accounts say the reference to \"acid\" may be a celebratory reference to psychedelic drugs in general, such as&nbsp;LSD, as well as the popular&nbsp;club drug&nbsp;Ecstasy (MDMA).<sup id=\"cite_ref-oxford_10-0\" class=\"reference\">[10]</sup>&nbsp;According to Rietveld, it was the house sensibility of Chicago, in a club like Hardy's&nbsp;<em>The Music Box</em>, that afforded it its initial meaning. In her view \"<em>acid</em>&nbsp;connotes the fragmentation of experience and dislocation of meaning due to the unstructuring effects on thought patterns which the psychedelic drug LSD or 'Acid' can bring about.<sup id=\"cite_ref-11\" class=\"reference\">[11]</sup>&nbsp;In the context of the creation of \"Acid Tracks\" it indicated a concept rather than the use of psychedelic drugs in itself.<sup id=\"cite_ref-12\" class=\"reference\">[12]</sup></p>\n<p>&nbsp;</p>\n<p>Some accounts disavow psychedelic connotations. One theory, holding that&nbsp;<em>acid</em>&nbsp;was a derogatory reference towards the use of samples in acid house music, was repeated in the press and in the&nbsp;British House of Commons.<sup id=\"cite_ref-13\" class=\"reference\">[13]</sup>&nbsp;In this theory, the term&nbsp;<em>acid</em>&nbsp;came from the slang term \"acid burning\", which the&nbsp;<em>Oxford Dictionary of New Words</em>&nbsp;calls \"a term for stealing.\"<sup id=\"cite_ref-oxford_10-1\" class=\"reference\">[10]</sup><sup id=\"cite_ref-14\" class=\"reference\">[14]</sup>&nbsp;In 1991, UK Libertarian advocate&nbsp;Paul Staines&nbsp;claimed that he had coined this theory to discourage the government from adopting anti-rave party legislation.<sup id=\"cite_ref-15\" class=\"reference\">[15]</sup><sup id=\"cite_ref-16\" class=\"reference\">[16]</sup></p>\n<p>The name of&nbsp;acid jazz&nbsp;is derived from that of acid house, which served as one of the inspirations for the genre&rsquo;s development.<sup id=\"cite_ref-Priceetal2011pp479-82_17-0\" class=\"reference\">[17]</sup></p>\n<h2>&nbsp;</h2>\n<h2><span id=\"History\" class=\"mw-headline\">History</span></h2>\n<h3><span id=\"Origins\" class=\"mw-headline\">Origins</span></h3>\n<p>In the 21st century, reports surfaced about a 1982 album that sounds similar to what would later be called acid house. The album,&nbsp;<em>Synthesizing: Ten Ragas to a Disco Beat</em>, is by&nbsp;Charanjit Singh, a&nbsp;Bollywood&nbsp;session musician&nbsp;from&nbsp;Bombay, and features&nbsp;Indian&nbsp;ragas&nbsp;fused with&nbsp;disco.<sup id=\"cite_ref-guardian_2010_18-0\" class=\"reference\">[18]</sup><sup id=\"cite_ref-guardian_2011_19-0\" class=\"reference\">[19]</sup>&nbsp;The album was recorded using the same basic&nbsp;Roland&nbsp;equipment often used for the later acid house music: the&nbsp;TR-808&nbsp;and particularly the&nbsp;TB-303, which Singh was one of the first musicians to utilize.<sup id=\"cite_ref-guardian_2011_19-1\" class=\"reference\">[19]</sup>&nbsp;The record was initially a commercial failure in&nbsp;India&nbsp;and eventually forgotten, but its re-discovery in 2002 and eventual re-release in early 2010 has prompted comparisons to acid house music, with a few writers even considering it to be the first example of an acid house record.<sup id=\"cite_ref-guardian_2010_18-1\" class=\"reference\">[18]</sup><sup id=\"cite_ref-guardian_2011_19-2\" class=\"reference\">[19]</sup><sup id=\"cite_ref-ra_raga_20-0\" class=\"reference\">[20]</sup></p>\n<p>&nbsp;</p>\n<p>Before the term \"acid house\" was introduced, rawer early acid house was \"hi-NRG,\"<sup id=\"cite_ref-AcidCulture_21-0\" class=\"reference\">[21]</sup>&nbsp;a type of bassline-driven electronic music that began with disco music that discarded its funk element, starting with&nbsp;Giorgio Moroder&nbsp;productions for&nbsp;Donna Summer. However, the earliest recorded examples of acid house are a matter of debate.</p>\n<p>&nbsp;</p>\n<p>At least one historian considers Phuture's \"Acid Trax\" to be the genre's earliest example;<sup id=\"cite_ref-reitveld_9-1\" class=\"reference\">[9]</sup>&nbsp;DJ Pierre says it may have been composed as early as 1985,<sup id=\"cite_ref-Cheeseman_22-0\" class=\"reference\">[22]</sup>&nbsp;but it was not released until 1987. Another points out&nbsp;Sleezy D's \"I've Lost Control\" (1986) was the first to be released on vinyl, but it is impossible to know which track was created first.<sup id=\"cite_ref-Cheeseman_22-1\" class=\"reference\">[22]</sup></p>\n<h3>&nbsp;</h3>\n<h3><span id=\"Chicago_movement_.28mid-1980s.E2.80.93late_1980s.29\"></span><span id=\"Chicago_movement_(mid-1980s&ndash;late_1980s)\" class=\"mw-headline\">Chicago movement (mid-1980s&ndash;late 1980s)</span></h3>\n<p>The first acid house records were produced in&nbsp;Chicago, Illinois.&nbsp;Phuture, a group founded by Nathan \"DJ Pierre\" Jones, Earl \"Spanky\" Smith Jr., and Herbert \"Herb J\" Jackson, is credited with having been the first to use the TB-303 in house music (the instrument had been used earlier in disco records by&nbsp;Charanjit Singh&nbsp;in 1982,<sup id=\"cite_ref-guardian_2010_18-2\" class=\"reference\">[18]</sup><sup id=\"cite_ref-guardian_2011_19-3\" class=\"reference\">[19]</sup>&nbsp;in hi-NRG,<sup id=\"cite_ref-AcidCulture_21-1\" class=\"reference\">[21]</sup>&nbsp;Alexander Robotnick&nbsp;in 1983).<sup id=\"cite_ref-23\" class=\"reference\">[23]</sup>&nbsp;The group's 12-minute \"Acid Tracks\" was recorded to tape and was played by DJ&nbsp;Ron Hardy&nbsp;at the Music Box, where Hardy was resident DJ. Hardy once played it four times over the course of an evening until the crowd responded favorably.<sup id=\"cite_ref-cheeseman_7-4\" class=\"reference\">[7]</sup></p>\n<p>Chicago's house music scene suffered a crackdown on parties and events by the police. Sales of house records dwindled and, by 1988, the genre was selling less than a tenth as many records as at the height of the style's popularity.<sup id=\"cite_ref-24\" class=\"reference\">[24]</sup>&nbsp;However, house and especially acid house was beginning to experience a surge in popularity in Britain.<sup id=\"cite_ref-25\" class=\"reference\">[25]</sup></p>\n<div>&nbsp;</div>\n<h3><span id=\"UK_house_scene_.28late_1980s.E2.80.931990s.29\"></span><span id=\"UK_house_scene_(late_1980s&ndash;1990s)\" class=\"mw-headline\">UK house scene (late 1980s&ndash;1990s)</span></h3>\n<h4><span id=\"London\" class=\"mw-headline\">London</span></h4>\n<p>London's club Shoom opened in November 1987<sup id=\"cite_ref-26\" class=\"reference\">[26]</sup>&nbsp;and was one of the first clubs to introduce acid house to the clubbing public of the&nbsp;UK. It was opened by&nbsp;Danny Rampling&nbsp;and his wife, Jenny. The club was extremely exclusive and featured thick fog, a dreamy atmosphere and acid house.<sup id=\"cite_ref-27\" class=\"reference\">[27]</sup>&nbsp;This period began what some call the&nbsp;Second Summer of Love, a movement credited with a reduction in&nbsp;football hooliganism: instead of fights, football fans were listening to music, taking&nbsp;ecstasy, and joining the other club attendees in a peaceful movement that has been compared to the&nbsp;Summer of Love&nbsp;in San Francisco in 1967.<sup id=\"cite_ref-28\" class=\"reference\">[28]</sup></p>\n<p>&nbsp;</p>\n<p>Another club called Trip was opened in June 1988 by&nbsp;Nicky Holloway&nbsp;at the&nbsp;Astoria&nbsp;in London's West End.<sup id=\"cite_ref-29\" class=\"reference\">[29]</sup>&nbsp;Trip was geared directly towards the acid house music scene. It was known for its intensity and stayed open until 3 AM. The patrons would spill into the streets chanting and drew the police on regular occasions. The reputation that occurrences like this created along with the UK's strong anti-club laws started to make it increasingly difficult to offer events in the conventional club atmosphere. Considered illegal in London during the late 80s, after-hour clubbing was against the law. However, this did not stop the club-goers from continuing after-hours dancing. Police would raid the after-hour parties, so the groups began to assemble inside warehouses and other inconspicuous venues in secret, hence also marking the first developments of the&nbsp;rave.<sup id=\"cite_ref-Shapiro_2000_62_30-0\" class=\"reference\">[30]</sup>&nbsp;Raves were well attended at this time and consisted of single events or moving series of parties thrown by production companies or unlicensed clubs. Two well-known groups at this point were&nbsp;Sunrise, who held particularly massive outdoor events, and Revolution in Progress (RIP), known for the dark atmosphere and hard music at events which were usually thrown in warehouses<sup id=\"cite_ref-Shapiro_2000_62_30-1\" class=\"reference\">[30]</sup>&nbsp;or at Clink Street, a South East London nightclub housed in a former jail. With promoters like ( The Big Lad ) Shane Mckenzie and the Gang back in 1987 doing small parties in NW london and moving the Rave from the streets and the fields to the clubs of London 1990- 2005 seeing the future of raves in clubs all over the UK and Spain.<sup id=\"cite_ref-Reynolds,_Simon_p._63_31-0\" class=\"reference\">[31]</sup></p>\n<p>&nbsp;</p>\n<p>The Sunrise group threw several large acid house raves in Britain which gathered serious press attention. In 1988 they threw \"Burn It Up,\" 1989 brought \"Early Summer Madness,\" \"Midsummer Night's Dream,\" and \"Back to the Future.\" They advertised huge sound systems, fairground rides, foreign DJs, and other attractions. Many articles were written sensationalizing these parties and the results of them, focusing especially on the drug use and out-of-control nature that the media perceived.<sup id=\"cite_ref-32\" class=\"reference\">[32]</sup></p>\n<p>&nbsp;</p>\n<p>Once the term&nbsp;<em>acid house</em>&nbsp;became more widely used, participants at acid house-themed events in the UK and&nbsp;Ibiza&nbsp;made the psychedelic drug connotations a reality by using&nbsp;club drugs&nbsp;such as&nbsp;ecstasy&nbsp;and&nbsp;LSD.<sup id=\"cite_ref-Reynolds,_Simon_p._63_31-1\" class=\"reference\">[31]</sup><sup id=\"cite_ref-33\" class=\"reference\">[33]</sup><sup id=\"cite_ref-34\" class=\"reference\">[34]</sup>&nbsp;The association of acid house,&nbsp;MDMA, and smiley faces was observed in New York City by late 1988.<sup id=\"cite_ref-35\" class=\"reference\">[35]</sup>&nbsp;This coincided with an increasing level of scrutiny and sensationalism in the mainstream press,<sup id=\"cite_ref-36\" class=\"reference\">[36]</sup>&nbsp;although conflicting accounts about the degree of connection between acid house music and drugs continued to surface.<sup id=\"cite_ref-37\" class=\"reference\">[37]</sup></p>\n<h4>&nbsp;</h4>\n<h4><span id=\"Manchester_and_.27Madchester.27\"></span><span id=\"Manchester_and_'Madchester'\" class=\"mw-headline\">Manchester and 'Madchester'</span></h4>\n<p>Acid house was also popular in&nbsp;Manchester. The Thunderdome (which was generally advertised as a Techno night) in Miles Platting was at the epicenter of the scene and gave rise to acts like&nbsp;A Guy Called Gerald,&nbsp;808 State, Jam MC's, Steve Williams and Jay Wearden. A Greater Manchester-based producer called&nbsp;Peter Ford&nbsp;teamed up with Richard Salt and recorded a record called \"Oochy Koochy\", regarded as the first British acid house track. Released by dance indie Rhythm King Records as \"Oochy Koochy (FU Baby Yeah Yeah)\" under the name&nbsp;Baby Ford, the record would peak at number 58 on the UK singles chart on 24 September 1988 and be followed by Baby Ford's \"Chikki Chikki Ahh Ahh\" hit.<sup id=\"cite_ref-38\" class=\"reference\">[38]</sup><sup id=\"cite_ref-39\" class=\"reference\">[39]</sup><sup id=\"cite_ref-40\" class=\"reference\">[40]</sup><sup id=\"cite_ref-41\" class=\"reference\">[41]</sup><sup id=\"cite_ref-42\" class=\"reference\">[42]</sup><sup id=\"cite_ref-43\" class=\"reference\">[43]</sup><sup id=\"cite_ref-44\" class=\"reference\">[44]</sup></p>\n<p>&nbsp;</p>\n<p>The genre was extremely popular with the city's&nbsp;football hooligans. According to&nbsp;Manchester United&nbsp;football hooligan Colin Blaney in&nbsp;<em>Hotshot: The Story of a Little Red Devil</em>, the acid house venues were the only place where rival hooligan gangs would mix without coming to blows with one another.<sup id=\"cite_ref-45\" class=\"reference\">[45]</sup></p>\n<p>&nbsp;</p>\n<p>The&nbsp;Madchester&nbsp;and&nbsp;Baggy&nbsp;movements saw acid house influences bleed into the Mancunian rock scene. Prominent Madchester bands include&nbsp;The Stone Roses,&nbsp;The Soup Dragons,&nbsp;The Charlatans&nbsp;and&nbsp;Inspiral Carpets.</p>\n<h4>&nbsp;</h4>\n<h4><span id=\"Media_attention\" class=\"mw-headline\">Media attention</span></h4>\n<p>In the late 1980s and early 1990s, British news media and tabloids devoted an increasing amount of coverage to the hedonistic acid house/rave scene, focusing increasingly on its association with psychedelic drugs and&nbsp;club drugs. At first, promoters like&nbsp;Tony Colston-Hayter<sup id=\"cite_ref-46\" class=\"reference\">[46]</sup><sup id=\"cite_ref-auto_47-0\" class=\"reference\">[47]</sup>&nbsp;tried to monetize the scene by promoting his Apocalypse Now parties (organised with Roger Goodman)<sup id=\"cite_ref-48\" class=\"reference\">[48]</sup><sup id=\"cite_ref-49\" class=\"reference\">[49]</sup>&nbsp;on the ITV News (ITN) in the same way that a modern popstar like Gary Barlow would promote his album on the news (generally in the \"...And Finally\" part of the programme).<sup id=\"cite_ref-50\" class=\"reference\">[50]</sup></p>\n<p>&nbsp;</p>\n<p>However, these reports would soon change from positive promotion to a negative viewpoint, with the sensationalist nature of the coverage contributing to the banning of acid house during its heyday from radio, television, and retail outlets in the United Kingdom. The moral panic of the press began in late 1988, when a UK&nbsp;'red-top'&nbsp;tabloid called&nbsp;The Sun, which only days earlier on 12 October had promoted acid house as \"cool and groovy\" while running an offer on acid smiley face t-shirts, abruptly turned on the scene.<sup id=\"cite_ref-auto_47-1\" class=\"reference\">[47]</sup>&nbsp;On October 19, The Sun ran with the headline \"Evils of&nbsp;Ecstasy,\" linking the acid house scene with the newly popular and relatively unknown drug. The resultant panic incited by the tabloids eventually led to a crackdown on clubs and venues that played acid house and had a profound negative impact on the scene. Any records that mentioned the word acid, such as&nbsp;Dancin' Danny D's&nbsp;record with scene promoter&nbsp;Gary Haisman&nbsp;(D Mob's \"We Call It Acieed\"), were taken off radio and television playlists just as they were climbing towards the top of the UK charts.<sup id=\"cite_ref-51\" class=\"reference\">[51]</sup><sup id=\"cite_ref-52\" class=\"reference\">[52]</sup><sup id=\"cite_ref-53\" class=\"reference\">[53]</sup><sup id=\"cite_ref-54\" class=\"reference\">[54]</sup><sup id=\"cite_ref-55\" class=\"reference\">[55]</sup><sup id=\"cite_ref-56\" class=\"reference\">[56]</sup><sup id=\"cite_ref-57\" class=\"reference\">[57]</sup>&nbsp;By the time Colston-Hayter had invited another ITV news team down to promote his latest party (this time from Granada's current affairs show&nbsp;World in Action)<sup id=\"cite_ref-58\" class=\"reference\">[58]</sup><sup id=\"cite_ref-59\" class=\"reference\">[59]</sup>&nbsp;acid house was being described as a \"sinister and evil cult\" that was just encouraging people to take drugs.<sup id=\"cite_ref-60\" class=\"reference\">[60]</sup><sup id=\"cite_ref-61\" class=\"reference\">[61]</sup><sup id=\"cite_ref-62\" class=\"reference\">[62]</sup></p>\n<p>&nbsp;</p>\n<p>Despite this, one tune broke through into the mainstream in November 1988.&nbsp;Stakker Humanoid, produced by&nbsp;Brian Dougans&nbsp;(later of&nbsp;Future Sound of London), was a hit not just at influential clubs like&nbsp;The Ha&ccedil;ienda&nbsp;in Manchester or Shoom in London, but was championed by mainstream stalwarts like Radio DJ Bruno Brookes and Kylie and Jason producer Pete Waterman. It went on to reach number 17 in the UK charts in November 1988, leading to Dougans' appearance on Top of the Pops on 1 December 1988.<sup id=\"cite_ref-Stuart_Aitken_63-0\" class=\"reference\">[63]</sup></p>\n<h2>&nbsp;</h2>\n<h2><span id=\"References\" class=\"mw-headline\">References</span></h2>\n<div class=\"reflist\">\n<div class=\"mw-references-wrap mw-references-columns\">\n<ol class=\"references\">\n<li id=\"cite_note-allmusicah-1\"><span class=\"mw-cite-backlink\">^&nbsp;<span class=\"cite-accessibility-label\">Jump up to:</span><sup><em><strong>a</strong></em></sup>&nbsp;<sup><em><strong>b</strong></em></sup></span>&nbsp;<span class=\"reference-text\"><cite class=\"citation web cs1\">\"Acid House Entry\".&nbsp;<em>AllMusic</em>.</cite></span></li>\n<li id=\"cite_note-2\"><span class=\"mw-cite-backlink\"><strong>^</strong></span>&nbsp;<span class=\"reference-text\">\"Electronic Musician.\" (1992). 7-12 (<strong>8</strong>),&nbsp;<em>Polyphony Publishing Company/University of California</em>, p. 7, ISSN 0884-4720. Quote: \"[House] derivations include deep house (an integration of Chicago house and New York R&amp;B), acid house, a hybrid of hi-NRG and conventional dance music), and hip house (a mixture of house, hip hop, and rap).\"</span></li>\n<li id=\"cite_note-Bogdanov2000pvii-3\"><span class=\"mw-cite-backlink\">^&nbsp;<span class=\"cite-accessibility-label\">Jump up to:</span><sup><em><strong>a</strong></em></sup>&nbsp;<sup><em><strong>b</strong></em></sup></span>&nbsp;<span class=\"reference-text\"><cite id=\"CITEREFVladimir_Bogdanov2001\" class=\"citation cs2\">Vladimir Bogdanov, ed. (2001),&nbsp;<em>All Music Guide to Electronica: The Definitive Guide to Electronic Music</em>&nbsp;(4&nbsp;ed.), Milwaukee, WI: Backbeat Books, pp.&nbsp;vii,&nbsp;ISBN&nbsp;<bdi>0879306289</bdi></cite></span></li>\n<li id=\"cite_note-4\"><span class=\"mw-cite-backlink\"><strong>^</strong></span>&nbsp;<span class=\"reference-text\"><cite class=\"citation web cs1\">\"Trance\".&nbsp;Allmusic<span class=\"reference-accessdate\">. Retrieved&nbsp;<span class=\"nowrap\">9 July</span>&nbsp;2012</span>.</cite></span></li>\n<li id=\"cite_note-5\"><span class=\"mw-cite-backlink\"><strong>^</strong></span>&nbsp;<span class=\"reference-text\"><cite id=\"CITEREFShapiro2000\" class=\"citation book cs1\">Shapiro, Peter (2000).&nbsp;<span class=\"cs1-lock-registration\" title=\"Free registration required\"><em>Modulations: A History of Electronic Music</em></span>. Caipirinha Productions Inc. pp.&nbsp;76&ndash;77.&nbsp;ISBN&nbsp;<bdi>0-8195-6498-2</bdi>.</cite></span></li>\n<li id=\"cite_note-Gilbert-6\"><span class=\"mw-cite-backlink\"><strong>^</strong></span>&nbsp;<span class=\"reference-text\"><cite id=\"CITEREFGilbert1999\" class=\"citation book cs1\">Gilbert, Jeremy (September 19, 1999).&nbsp;Discographies: Dance Music Culture and the Politics of Sound.&nbsp;<em>Discographies: Dance Music Culture and the Politics of Sound</em>. Routledge. p.&nbsp;175.&nbsp;ISBN&nbsp;<bdi>9780203012062</bdi><span class=\"reference-accessdate\">. Retrieved&nbsp;<span class=\"nowrap\">2020-08-07</span></span>.</cite></span></li>\n<li id=\"cite_note-cheeseman-7\"><span class=\"mw-cite-backlink\">^&nbsp;<span class=\"cite-accessibility-label\">Jump up to:</span><sup><em><strong>a</strong></em></sup>&nbsp;<sup><em><strong>b</strong></em></sup>&nbsp;<sup><em><strong>c</strong></em></sup>&nbsp;<sup><em><strong>d</strong></em></sup>&nbsp;<sup><em><strong>e</strong></em></sup></span>&nbsp;<span class=\"reference-text\">Cheeseman, Phil. \"The History Of House\".</span></li>\n<li id=\"cite_note-8\"><span class=\"mw-cite-backlink\"><strong>^</strong></span>&nbsp;<span class=\"reference-text\">Bidder, Sean (2001)&nbsp;<em>Pump Up the Volume</em>, Channel Four &ndash; see also the first episode of the accompanying television series</span></li>\n<li id=\"cite_note-reitveld-9\"><span class=\"mw-cite-backlink\">^&nbsp;<span class=\"cite-accessibility-label\">Jump up to:</span><sup><em><strong>a</strong></em></sup>&nbsp;<sup><em><strong>b</strong></em></sup></span>&nbsp;<span class=\"reference-text\">Hillegonda C Rietveld (1998)&nbsp;<em>This Is Our House: House Music, Cultural Spaces and Technologies</em>&nbsp;Aldershot: Ashgate.&nbsp;ISBN&nbsp;978-1-85742-242-9</span></li>\n<li id=\"cite_note-oxford-10\"><span class=\"mw-cite-backlink\">^&nbsp;<span class=\"cite-accessibility-label\">Jump up to:</span><sup><em><strong>a</strong></em></sup>&nbsp;<sup><em><strong>b</strong></em></sup></span>&nbsp;<span class=\"reference-text\"><em>The Oxford Dictionary of New Words</em>&nbsp;(Knowles, Elizabeth [ed], Elliott, Elizabeth [ed]). Second Edition, Oxford University Press, 1997.&nbsp;ISBN&nbsp;0-19-863152-9.</span></li>\n<li id=\"cite_note-11\"><span class=\"mw-cite-backlink\"><strong>^</strong></span>&nbsp;<span class=\"reference-text\">Rietveld, H. C.,&nbsp;<em>This is Our House: House Music, Cultural Spaces and Technologies</em>, Ashgate Publishing, Aldershot, 1998 (ISBN&nbsp;978-1857422429).</span></li>\n<li id=\"cite_note-12\"><span class=\"mw-cite-backlink\"><strong>^</strong></span>&nbsp;<span class=\"reference-text\">Rietveld, H.C.,&nbsp;<em>This is Our House: House Music, Cultural Spaces and Technologies</em>, Ashgate Publishing, Aldershot, 1998 (ISBN&nbsp;978-1857422429), p. 143.</span></li>\n<li id=\"cite_note-13\"><span class=\"mw-cite-backlink\"><strong>^</strong></span>&nbsp;<span class=\"reference-text\">Quoted in the British House of Commons&nbsp;<em>Hansard</em>, 9 March 1990, column 1111.</span></li>\n<li id=\"cite_note-14\"><span class=\"mw-cite-backlink\"><strong>^</strong></span>&nbsp;<span class=\"reference-text\">Rushkoff, Douglas (1994, 2nd ed. 2002).&nbsp;<em>Cyberia: Life in the Trenches of Cyberspace</em>.&nbsp;ISBN&nbsp;1-903083-24-9.</span></li>\n<li id=\"cite_note-15\"><span class=\"mw-cite-backlink\"><strong>^</strong></span>&nbsp;<span class=\"reference-text\">Staines, Paul (1991). \"Acid House Parties Against the Lifestyle Police and the Safety Nazis\" article in&nbsp;<em>Political Notes</em>&nbsp;(ISSN 0267-7059),&nbsp;issue 55&nbsp;(ISBN&nbsp;1-85637-039-9). Also quoted in Saunders, Nicholas with Doblin, Rick (July 1, 1996).&nbsp;<em>Ecstasy: Dance, Trance &amp; Transformation</em>, Quick American Publishing Company.&nbsp;ISBN&nbsp;0-932551-20-3.</span></li>\n<li id=\"cite_note-16\"><span class=\"mw-cite-backlink\"><strong>^</strong></span>&nbsp;<span class=\"reference-text\">Garratt, Sheryl (May 6, 1999).&nbsp;<em>Adventures in Wonderland: Decade of Club Culture</em>. Headline Book Publishing Ltd. (UK).&nbsp;ISBN&nbsp;0-7472-5846-5.</span></li>\n<li id=\"cite_note-Priceetal2011pp479-82-17\"><span class=\"mw-cite-backlink\"><strong>^</strong></span>&nbsp;<span class=\"reference-text\"><cite id=\"CITEREFPriceKernodle2011\" class=\"citation book cs1\">Price, E.G.; Kernodle, T.L., eds. (2011).&nbsp;<em>Encyclopedia of African American Music</em>. Santa Barbara, California: ABC-CLIO. p.&nbsp;479&ndash;482.&nbsp;ISBN&nbsp;<bdi>978-0-313-34199-1</bdi>.</cite></span></li>\n<li id=\"cite_note-guardian_2010-18\"><span class=\"mw-cite-backlink\">^&nbsp;<span class=\"cite-accessibility-label\">Jump up to:</span><sup><em><strong>a</strong></em></sup>&nbsp;<sup><em><strong>b</strong></em></sup>&nbsp;<sup><em><strong>c</strong></em></sup></span>&nbsp;<span class=\"reference-text\"><cite id=\"CITEREFPattison2010\" class=\"citation web cs1\">Pattison, Louis (10 April 2010).&nbsp;\"Charanjit Singh, acid house pioneer\".&nbsp;<em>The Guardian</em>.</cite></span></li>\n<li id=\"cite_note-guardian_2011-19\"><span class=\"mw-cite-backlink\">^&nbsp;<span class=\"cite-accessibility-label\">Jump up to:</span><sup><em><strong>a</strong></em></sup>&nbsp;<sup><em><strong>b</strong></em></sup>&nbsp;<sup><em><strong>c</strong></em></sup>&nbsp;<sup><em><strong>d</strong></em></sup></span>&nbsp;<span class=\"reference-text\"><cite id=\"CITEREFAitken2011\" class=\"citation web cs1\">Aitken, Stuart (10 May 2011).&nbsp;\"Charanjit Singh on how he invented acid house ... by mistake\".&nbsp;<em>The Guardian</em>.</cite></span></li>\n<li id=\"cite_note-ra_raga-20\"><span class=\"mw-cite-backlink\"><strong>^</strong></span>&nbsp;<span class=\"reference-text\"><cite id=\"CITEREFWilliam_Rauscher2010\" class=\"citation web cs1\">William Rauscher (12 May 2010).&nbsp;\"Charanjit Singh &ndash; Synthesizing: Ten Ragas to a Disco Beat\".&nbsp;Resident Advisor<span class=\"reference-accessdate\">. Retrieved&nbsp;<span class=\"nowrap\">2011-06-03</span></span>.</cite></span></li>\n<li id=\"cite_note-AcidCulture-21\"><span class=\"mw-cite-backlink\">^&nbsp;<span class=\"cite-accessibility-label\">Jump up to:</span><sup><em><strong>a</strong></em></sup>&nbsp;<sup><em><strong>b</strong></em></sup></span>&nbsp;<span class=\"reference-text\"><cite id=\"CITEREFLuke_Bainbridge2014\" class=\"citation book cs1\">Luke Bainbridge (2014).&nbsp;<em>The True Story of Acid House: Britain's Last Youth Culture Revolution</em>.&nbsp;Music Sales Group.&nbsp;ISBN&nbsp;<bdi>978-0857128638</bdi><span class=\"reference-accessdate\">. Retrieved&nbsp;<span class=\"nowrap\">2020-08-07</span></span>.</cite></span></li>\n<li id=\"cite_note-Cheeseman-22\"><span class=\"mw-cite-backlink\">^&nbsp;<span class=\"cite-accessibility-label\">Jump up to:</span><sup><em><strong>a</strong></em></sup>&nbsp;<sup><em><strong>b</strong></em></sup></span>&nbsp;<span class=\"reference-text\">Cheeseman 1992.&nbsp;<em>\"I've Lost Control\" was made by Adonis and Marshall Jefferson and was certainly the first acid track to make it to vinyl, though which was created first will possibly never be known for sure.</em></span></li>\n<li id=\"cite_note-23\"><span class=\"mw-cite-backlink\"><strong>^</strong></span>&nbsp;<span class=\"reference-text\"><cite id=\"CITEREFShapiro2000\" class=\"citation book cs1\">Shapiro, Peter (2000).&nbsp;<span class=\"cs1-lock-registration\" title=\"Free registration required\"><em>Modulations: A History of Electronic Music</em></span>. Caipirinha Productions Inc. p.&nbsp;32.&nbsp;ISBN&nbsp;<bdi>0-8195-6498-2</bdi>.</cite></span></li>\n<li id=\"cite_note-24\"><span class=\"mw-cite-backlink\"><strong>^</strong></span>&nbsp;<span class=\"reference-text\"><cite id=\"CITEREFShapiro2000\" class=\"citation book cs1\">Shapiro, Peter (2000).&nbsp;<span class=\"cs1-lock-registration\" title=\"Free registration required\"><em>Modulations: A History of Electronic Music</em></span>. Caipirinha Productions Inc. p.&nbsp;34.&nbsp;ISBN&nbsp;<bdi>0-8195-6498-2</bdi>.</cite></span></li>\n<li id=\"cite_note-25\"><span class=\"mw-cite-backlink\"><strong>^</strong></span>&nbsp;<span class=\"reference-text\">Finnegan, Rory. Rave New World &ndash; Commercialisation Of Rave. Fantazia. Retrieved 2011-10-23 from&nbsp;http://www.fantazia.org.uk/Scene/ravenewworld.htm&nbsp;Archived2011-11-02 at the&nbsp;Wayback Machine.</span></li>\n<li id=\"cite_note-26\"><span class=\"mw-cite-backlink\"><strong>^</strong></span>&nbsp;<span class=\"reference-text\">Reynolds, Simon.&nbsp;<em>Generation Ecstasy</em>. pg. 59</span></li>\n<li id=\"cite_note-27\"><span class=\"mw-cite-backlink\"><strong>^</strong></span>&nbsp;<span class=\"reference-text\"><cite id=\"CITEREFShapiro2000\" class=\"citation book cs1\">Shapiro, Peter (2000).&nbsp;<span class=\"cs1-lock-registration\" title=\"Free registration required\"><em>Modulations: A History of Electronic Music</em></span>. Caipirinha Productions Inc. p.&nbsp;60.&nbsp;ISBN&nbsp;<bdi>0-8195-6498-2</bdi>.</cite></span></li>\n<li id=\"cite_note-28\"><span class=\"mw-cite-backlink\"><strong>^</strong></span>&nbsp;<span class=\"reference-text\"><cite id=\"CITEREFShapiro2000\" class=\"citation book cs1\">Shapiro, Peter (2000).&nbsp;<span class=\"cs1-lock-registration\" title=\"Free registration required\"><em>Modulations: A History of Electronic Music</em></span>. Caipirinha Productions Inc. p.&nbsp;64.&nbsp;ISBN&nbsp;<bdi>0-8195-6498-2</bdi>.</cite></span></li>\n<li id=\"cite_note-29\"><span class=\"mw-cite-backlink\"><strong>^</strong></span>&nbsp;<span class=\"reference-text\">Reynolds, Simon.&nbsp;<em>Generation Ecstasy</em>. p. 61.</span></li>\n<li id=\"cite_note-Shapiro_2000_62-30\"><span class=\"mw-cite-backlink\">^&nbsp;<span class=\"cite-accessibility-label\">Jump up to:</span><sup><em><strong>a</strong></em></sup>&nbsp;<sup><em><strong>b</strong></em></sup></span>&nbsp;<span class=\"reference-text\"><cite id=\"CITEREFShapiro2000\" class=\"citation book cs1\">Shapiro, Peter (2000).&nbsp;<span class=\"cs1-lock-registration\" title=\"Free registration required\"><em>Modulations: A History of Electronic Music</em></span>. Caipirinha Productions Inc. p.&nbsp;62.&nbsp;ISBN&nbsp;<bdi>0-8195-6498-2</bdi>.</cite></span></li>\n<li id=\"cite_note-Reynolds,_Simon_p._63-31\"><span class=\"mw-cite-backlink\">^&nbsp;<span class=\"cite-accessibility-label\">Jump up to:</span><sup><em><strong>a</strong></em></sup>&nbsp;<sup><em><strong>b</strong></em></sup></span>&nbsp;<span class=\"reference-text\">Reynolds, Simon.&nbsp;<em>Generation Ecstasy</em>. p. 63.</span></li>\n<li id=\"cite_note-32\"><span class=\"mw-cite-backlink\"><strong>^</strong></span>&nbsp;<span class=\"reference-text\"><cite id=\"CITEREFUnknown\" class=\"citation web cs1\">Unknown.&nbsp;\"Sunrise Profile\". Fantazia. Archived from&nbsp;the originalon 2007-12-02<span class=\"reference-accessdate\">. Retrieved&nbsp;<span class=\"nowrap\">2008-01-15</span></span>.&nbsp;<q>Youngsters were so high on Ecstacy and cannabis they ripped the birds&rsquo; heads off;</q></cite></span></li>\n<li id=\"cite_note-33\"><span class=\"mw-cite-backlink\"><strong>^</strong></span>&nbsp;<span class=\"reference-text\">DeRogatis, Jim (December 1, 2003).&nbsp;<em>Turn on Your Mind: Four Decades of Great Psychedelic Rock<sup class=\"noprint Inline-Template\">[<span title=\"&nbsp;Dead link since May 2019\">permanent dead link</span>]</sup></em>, 436. Google Print.&nbsp;ISBN&nbsp;0-634-05548-8&nbsp;(accessed June 9, 2005). Also available in print from Hal Leonard.</span></li>\n<li id=\"cite_note-34\"><span class=\"mw-cite-backlink\"><strong>^</strong></span>&nbsp;<span class=\"reference-text\">Donnally, Trish. (October 17, 1988). Article published in the&nbsp;<em>San Francisco Chronicle</em>&nbsp;and distributed via the&nbsp;<em>Los Angeles Times</em>Syndicate to other newspapers and published under various headlines.</span></li>\n<li id=\"cite_note-35\"><span class=\"mw-cite-backlink\"><strong>^</strong></span>&nbsp;<span class=\"reference-text\"><cite id=\"CITEREFFoderaro1988\" class=\"citation news cs1\">Foderaro, Lisa (1988-12-18). \"At some Manhattan nightclubs, 'X' marks the 'inner circle's' perfect drug\".&nbsp;<em>San Diego Union</em>. p.&nbsp;A&ndash;45.</cite>&nbsp;This article was distributed by the New York Times News Service and published under various headlines in several U.S. newspapers.</span></li>\n<li id=\"cite_note-36\"><span class=\"mw-cite-backlink\"><strong>^</strong></span>&nbsp;<span class=\"reference-text\">Takiff, Jonathan. (December 14, 1988).&nbsp;<em>Philadelphia Daily News</em>&mdash;BBC banned all records that mentioned acid</span></li>\n<li id=\"cite_note-37\"><span class=\"mw-cite-backlink\"><strong>^</strong></span>&nbsp;<span class=\"reference-text\">Leary, Mike. (November 24, 1988).&nbsp;<em>Philadelphia Inquirer</em>.</span></li>\n<li id=\"cite_note-38\"><span class=\"mw-cite-backlink\"><strong>^</strong></span>&nbsp;<span class=\"reference-text\"><cite class=\"citation web cs1\">\"BABY FORD | full Official Chart History | Official Charts Company\".&nbsp;<em>www.officialcharts.com</em>.</cite></span></li>\n<li id=\"cite_note-39\"><span class=\"mw-cite-backlink\"><strong>^</strong></span>&nbsp;<span class=\"reference-text\"><cite class=\"citation web cs1\">\"Official Singles Chart Top 100 | Official Charts Company\".&nbsp;<em>www.officialcharts.com</em>.</cite></span></li>\n<li id=\"cite_note-40\"><span class=\"mw-cite-backlink\"><strong>^</strong></span>&nbsp;<span class=\"reference-text\"><cite id=\"CITEREFBradwell1988\" class=\"citation web cs1\">Bradwell, David (December 7, 1988).&nbsp;\"Acid Radical (MT Dec 1988)\".&nbsp;<em>Music Technology</em>.</cite></span></li>\n<li id=\"cite_note-41\"><span class=\"mw-cite-backlink\"><strong>^</strong></span>&nbsp;<span class=\"reference-text\"><cite class=\"citation web cs1\">\"Rewind: Baby Ford - 'Ooo' The World Of Baby Ford &middot; Album Review ⟋ RA\".&nbsp;<em>Resident Advisor</em>.</cite></span></li>\n<li id=\"cite_note-42\"><span class=\"mw-cite-backlink\"><strong>^</strong></span>&nbsp;<span class=\"reference-text\"><cite class=\"citation web cs1\">\"Baby Ford\". August 29, 2011.</cite></span></li>\n<li id=\"cite_note-43\"><span class=\"mw-cite-backlink\"><strong>^</strong></span>&nbsp;<span class=\"reference-text\"><cite class=\"citation web cs1\">\"Madchester - Museum of Youth Culture\".</cite></span></li>\n<li id=\"cite_note-44\"><span class=\"mw-cite-backlink\"><strong>^</strong></span>&nbsp;<span class=\"reference-text\"><cite class=\"citation web cs1\">\"Getting To Know Baby Ford\".&nbsp;<em>Attack Magazine</em>. January 13, 2016.</cite></span></li>\n<li id=\"cite_note-45\"><span class=\"mw-cite-backlink\"><strong>^</strong></span>&nbsp;<span class=\"reference-text\">Colin Blaney, Hotshot: The Story of a Little Red Devil, Milo Books, p. 157</span></li>\n<li id=\"cite_note-46\"><span class=\"mw-cite-backlink\"><strong>^</strong></span>&nbsp;<span class=\"reference-text\"><cite class=\"citation web cs1\">\"Tony Colston-Hayter: the acid house fraudster\".&nbsp;<em>the Guardian</em>. January 15, 2014.</cite></span></li>\n<li id=\"cite_note-auto-47\"><span class=\"mw-cite-backlink\">^&nbsp;<span class=\"cite-accessibility-label\">Jump up to:</span><sup><em><strong>a</strong></em></sup>&nbsp;<sup><em><strong>b</strong></em></sup></span>&nbsp;<span class=\"reference-text\"><cite class=\"citation web cs1\">\"The 80s with Dominic Sandbrook - 3. World in Motion\"&nbsp;&ndash; via www.bbc.co.uk.</cite></span></li>\n<li id=\"cite_note-48\"><span class=\"mw-cite-backlink\"><strong>^</strong></span>&nbsp;<span class=\"reference-text\"><cite class=\"citation web cs1\">\"Summer of Love Part II &ndash; Ecstasy, rave explosion, underground parties\". September 25, 2018.</cite></span></li>\n<li id=\"cite_note-49\"><span class=\"mw-cite-backlink\"><strong>^</strong></span>&nbsp;<span class=\"reference-text\"><cite class=\"citation web cs1\">\"borosix.co.uk &rarr; UK Rave Flyer Archive &rarr; Rave History &trade;\".&nbsp;<em>borosix.co.uk</em>.</cite></span></li>\n<li id=\"cite_note-50\"><span class=\"mw-cite-backlink\"><strong>^</strong></span>&nbsp;<span class=\"reference-text\"><cite class=\"citation web cs1\">\"Frodsham's Gary Barlow talks lockdown and new album with ITV Granada Reports\".&nbsp;<em>ITV News</em>. December 3, 2020.</cite></span></li>\n<li id=\"cite_note-51\"><span class=\"mw-cite-backlink\"><strong>^</strong></span>&nbsp;<span class=\"reference-text\"><cite class=\"citation web cs1\">\"Official Singles Chart Top 100 | Official Charts Company\".&nbsp;<em>www.officialcharts.com</em>.</cite></span></li>\n<li id=\"cite_note-52\"><span class=\"mw-cite-backlink\"><strong>^</strong></span>&nbsp;<span class=\"reference-text\"><cite class=\"citation web cs1\">\"Official Singles Chart Top 100 | Official Charts Company\".&nbsp;<em>www.officialcharts.com</em>.</cite></span></li>\n<li id=\"cite_note-53\"><span class=\"mw-cite-backlink\"><strong>^</strong></span>&nbsp;<span class=\"reference-text\">[1]<sup class=\"noprint Inline-Template\">[<em><span title=\"The material near this tag may rely on an unreliable source. (April 2021)\">unreliable source?</span></em>]</sup></span></li>\n<li id=\"cite_note-54\"><span class=\"mw-cite-backlink\"><strong>^</strong></span>&nbsp;<span class=\"reference-text\"><cite class=\"citation web cs1\">\"Obituary: Gary Haisman 1958 &ndash; 2018\".&nbsp;<em>Mixmag</em>.</cite></span></li>\n<li id=\"cite_note-55\"><span class=\"mw-cite-backlink\"><strong>^</strong></span>&nbsp;<span class=\"reference-text\"><cite class=\"citation web cs1\">\"<span class=\"cs1-kern-left\">'</span>We Call It Acieed' singer and London club figure Gary Haisman dies &middot; News ⟋ RA\".&nbsp;<em>Resident Advisor</em>.</cite></span></li>\n<li id=\"cite_note-56\"><span class=\"mw-cite-backlink\"><strong>^</strong></span>&nbsp;<span class=\"reference-text\"><cite class=\"citation web cs1\">\"<span class=\"cs1-kern-left\">'</span>We Call It Acieeed' vocalist Gary Haisman, dies aged 60\".&nbsp;<em>DJMag.com</em>. December 3, 2018.</cite></span></li>\n<li id=\"cite_note-57\"><span class=\"mw-cite-backlink\"><strong>^</strong></span>&nbsp;<span class=\"reference-text\"><cite class=\"citation web cs1\">\"Rave's relationship to the Media\".&nbsp;<em>Fantazia Rave Archive</em>.&nbsp;Archived&nbsp;from the original on 24 October 2007<span class=\"reference-accessdate\">. Retrieved&nbsp;<span class=\"nowrap\">2007-10-23</span></span>.</cite></span></li>\n<li id=\"cite_note-58\"><span class=\"mw-cite-backlink\"><strong>^</strong></span>&nbsp;<span class=\"reference-text\"><cite class=\"citation web cs1\">\"Tony Colston-Hayter\".&nbsp;<em>IMDb</em>.</cite></span></li>\n<li id=\"cite_note-59\"><span class=\"mw-cite-backlink\"><strong>^</strong></span>&nbsp;<span class=\"reference-text\"><cite class=\"citation web cs1\">\"A Trip Round Acid House\". December 5, 1988 &ndash; via IMDb.</cite></span></li>\n<li id=\"cite_note-60\"><span class=\"mw-cite-backlink\"><strong>^</strong></span>&nbsp;<span class=\"reference-text\"><cite class=\"citation web cs1\">\"Music | Racket Racket - Page 24\".</cite></span></li>\n<li id=\"cite_note-61\"><span class=\"mw-cite-backlink\"><strong>^</strong></span>&nbsp;<span class=\"reference-text\"><cite class=\"citation web cs1\">\"A Trip Around Acid House\". January 14, 2012.</cite></span></li>\n<li id=\"cite_note-62\"><span class=\"mw-cite-backlink\"><strong>^</strong></span>&nbsp;<span class=\"reference-text\"><cite class=\"citation web cs1\">\"You Won't Believe This BBC Scare Report on Acid House from 1988\".&nbsp;<em>www.vice.com</em>.</cite></span></li>\n<li id=\"cite_note-Stuart_Aitken-63\"><span class=\"mw-cite-backlink\"><strong>^</strong></span>&nbsp;<span class=\"reference-text\"><cite id=\"CITEREFStuart_Aitken2013\" class=\"citation web cs1\">Stuart Aitken (11 November 2013).&nbsp;\"Stakker Humanoid: how the Future Sound of London won hearts and minds\".&nbsp;<em>guardian.co.uk</em>.</cite></span></li>\n</ol>\n</div>\n</div>",
 "remarks": "本词条内容来自 https://zh.wikipedia.org/wiki/酸浩室",
 "remarksEn": "本词条内容来自 https://en.wikipedia.org/wiki/Acid_house",
 "status": 1,
 "clickNum": 130,
 "deleted": 0,
 "lang": 0,
 "chooseLang": true,
 "id": 36,
 "name": "Acid House",
 "descriptions": "酸浩室（Acid house），是浩室音乐的子类别，是由美国芝加哥的DJ在1980年代所发展出来的。其风格主要是有低音声部以及由Roland TB-303合成器产生的压制声。酸浩室接着蔓延到英国和欧洲大陆。1980年代以后，酸浩室逐渐变成主流音乐之一，进而影响了流行乐和舞曲的风格。酸浩室让浩室音乐在全球广受重视。酸浩室的影响可以在其后的跳舞音乐中被听到；受到影响的舞曲音乐包括trance、breakbeat hardcore、jungle、big beat、techno和trip hop。",
 "originalName": "酸性浩室",
 "startTimeText": "Mid-1980s,",
 "startAddress": "Chicago, United States",
 "searchStyle": "House",
 "styleCategory": "House",
 "originalStyle": "Chicago house, Hi-NRG",
 "affectStyle": "New beat, acid techno, acid trance, Goa trance, psychedelic  trance, breakbeat hardcore, trance, electro house, techno",
 "deriveStyle": "",
 "representArtist": "",
 "officialUrl": "https://zh.wikipedia.org/wiki/酸浩室",
 "typeId": 13,
 "typeName": "风格",
 "dataId": 36,
 "url": "http://dropinapp.hearinmusic.com/#/ency?typeId=13&dataId=36"
}