{
 "pageNum": 1,
 "pageSize": 10,
 "params": {},
 "relationChannel": "[{\"id\":1184,\"parentId\":8,\"name\":\"Acid Techno\"}]",
 "content": "<p>Acid techno，有时被称为&ldquo;Acid&rdquo;，是Techno的一种子风格，起源于Acid House。于20世纪90年代初在欧洲发展起来，由当时年轻的艺术家将芝加哥Acid House的合成器调制声音应用于更为硬朗的Techno中而形成。</p>\n<p>&nbsp;</p>\n<p><strong>特征 </strong></p>\n<p>Acid元素主要是通过Roland乐器获得的，最突出的是TB-303低音合成器。所谓Acid（酸、迷幻）声，是特指Roland 303的刺耳的 \"酸性 \"压制声。酸声是通过操纵合成器的共振和截止频率参数来实现的；在录制音轨的过程中进行实时操作是一种被称为调整的技术。除了从美国进口的acid唱片外，这种风格还受到hardcore, 德国Trance, 和比利时 rave 音乐的影响。</p>\n<p>&nbsp;</p>\n<p style=\"text-align: center;\"><img src=\"https://duopin-community.oss-cn-shenzhen.aliyuncs.com/naxjv2mpfm9aj6gp7jkw.jpg\" alt=\"\" width=\"403\" height=\"326\" /></p>\n<p style=\"text-align: center;\"><span style=\"font-size: 8pt;\">标志性的&ldquo;Acid&rdquo;音色来自于Roland TB-303合成器</span></p>\n<p style=\"text-align: center;\"><span style=\"font-size: 8pt;\">By ミシャー, CC BY-SA 3.0, https://commons.wikimedia.org/w/index.php?curid=1255077</span></p>\n<p>&nbsp;</p>\n<p><strong>历史 </strong></p>\n<p>早期的代表人物包括Richie Hawtin（又名Plastikman）、Aphex Twin、Dave Clarke、Hardfloor、solarquest、Damon Wilde。其他主力包括伦敦的解放者、Henry Cullen（又名D.A.V.E. The Drummer）、Guy McAffer（又名The Geezer）和DDR。</p>\n<p>&nbsp;</p>\n<p>在伦敦，Acid Techno是通过非法的派对网络发展起来的；1997年的合辑《It's Not Intelligent...And It's Not From Detroit...But It's F**king 'Avin It》的副标题是 \"The Sound of London's Acid Techno Underground\"，帮助巩固了这种流派在underground的地位。</p>\n<p>&nbsp;</p>\n<p>Roland TB-303低音合成器提供了在acid音乐中经常听到的电子压制声。2015年之后，随着市场上出现所谓的Roland TB-303克隆机，Acid Techno music重新受到关注。TB-303的软硬件克隆机都可用。原厂Roland重新推出了TB-303，并创建了一个软件版本。</p>",
 "contentEn": "<p><strong>Acid techno</strong>, sometimes known generally as \"<strong>acid</strong>\", is a genre of&nbsp;techno&nbsp;that was derived from&nbsp;acid house&nbsp;and developed in Europe in the late 1980s to early 1990s. It saw younger artists apply the \"squelching\" synthesizer sound of&nbsp;Chicago&nbsp;acid house to harder-edged techno material.<sup id=\"cite_ref-ReferenceA_1-0\" class=\"reference\">[1]</sup></p>\n<p>&nbsp;</p>\n<h2><span id=\"Characteristics\" class=\"mw-headline\">Characteristics</span></h2>\n<p>The acid style was obtained largely through&nbsp;Roland&nbsp;instruments, most prominently the&nbsp;TB-303&nbsp;bass synthesizer.<sup id=\"cite_ref-rbma_2-0\" class=\"reference\">[2]</sup>&nbsp;The term&nbsp;<em>Acid</em>&nbsp;specifically refers to the harsh \"acidic\" squelching sound of the Roland 303.<sup id=\"cite_ref-rbma_2-1\" class=\"reference\">[2]</sup><sup id=\"cite_ref-Nash_3-0\" class=\"reference\">[3]</sup>&nbsp;The acid sound is achieved by manipulating the&nbsp;resonance&nbsp;and&nbsp;cutoff frequency&nbsp;parameters of the synthesizer; doing so in real-time as the track is being recorded is a technique known as&nbsp;<em>tweaking</em>.</p>\n<p>&nbsp;</p>\n<p>In addition to acid records imported from the US, the style was influenced by sources such as&nbsp;hardcore, German&nbsp;trance, and Belgian&nbsp;rave music.<sup id=\"cite_ref-rbma_2-2\" class=\"reference\">[2]</sup></p>\n<h2>&nbsp;</h2>\n<h2><span id=\"History\" class=\"mw-headline\">History</span></h2>\n<p>Early exponents of the style included&nbsp;Richie Hawtin&nbsp;(aka Plastikman),&nbsp;Aphex Twin,&nbsp;Dave Clarke,&nbsp;Hardfloor, solarquest, and Damon Wilde.<sup id=\"cite_ref-ReferenceA_1-1\" class=\"reference\">[1]</sup>&nbsp;Other mainstays included London acts such as Liberators, Henry Cullen (aka D.A.V.E. The Drummer), Guy McAffer (aka The Geezer), and DDR.<sup id=\"cite_ref-rbma_2-3\" class=\"reference\">[2]</sup>&nbsp;In London, the acid techno scene developed via illegal network of parties; the 1997 compilation&nbsp;<em>It's Not Intelligent&hellip;And It's Not From Detroit&hellip;But It's F**king 'Avin It</em>&nbsp;was subtitled \"The Sound of London's Acid Techno Underground\" and helped to solidify the genre in the underground consciousness.<sup id=\"cite_ref-rbma_2-4\" class=\"reference\">[2]</sup></p>\n<h2>&nbsp;</h2>\n<h2><span id=\"References\" class=\"mw-headline\">References</span></h2>\n<div class=\"reflist\">\n<div class=\"mw-references-wrap\">\n<ol class=\"references\">\n<li id=\"cite_note-ReferenceA-1\"><span class=\"mw-cite-backlink\">^&nbsp;<span class=\"cite-accessibility-label\">Jump up to:</span><sup><em><strong>a</strong></em></sup>&nbsp;<sup><em><strong>b</strong></em></sup></span>&nbsp;<span class=\"reference-text\">Acid Techno\",&nbsp;<em>Allmusic</em>, Macrovision Corporation, retrieved 22 November 2009</span></li>\n<li id=\"cite_note-rbma-2\"><span class=\"mw-cite-backlink\">^&nbsp;<span class=\"cite-accessibility-label\">Jump up to:</span><sup><em><strong>a</strong></em></sup>&nbsp;<sup><em><strong>b</strong></em></sup>&nbsp;<sup><em><strong>c</strong></em></sup>&nbsp;<sup><em><strong>d</strong></em></sup>&nbsp;<sup><em><strong>e</strong></em></sup></span>&nbsp;<span class=\"reference-text\"><cite id=\"CITEREFSword\" class=\"citation web cs1\">Sword, Harry.&nbsp;\"When Techno Met Punk: London's Acid Techno Underground of the '90s\".&nbsp;<em>Red Bull Music Academy</em><span class=\"reference-accessdate\">. Retrieved&nbsp;<span class=\"nowrap\">18 August</span>&nbsp;2019</span>.</cite></span></li>\n<li id=\"cite_note-Nash-3\"><span class=\"mw-cite-backlink\"><strong>^</strong></span>&nbsp;<span class=\"reference-text\">Nash, Rob (2009) \"Techno: Encyclopedia of Modern Music\",&nbsp;<em>The Sunday Times Culture's Encyclopedia of Modern Music</em>, 1 February 2009, retrieved 22 November 2009</span></li>\n</ol>\n</div>\n</div>",
 "remarks": "本词条汉字内容由 @多频百科团队 翻译+编辑\n原文译自 https://en.wikipedia.org/wiki/Acid_techno",
 "remarksEn": "本词条内容来自 https://en.wikipedia.org/wiki/Acid_techno",
 "status": 1,
 "clickNum": 33,
 "deleted": 0,
 "lang": 0,
 "chooseLang": true,
 "id": 136,
 "name": "Acid Techno",
 "descriptions": "Acid techno，有时被称为“Acid”，是Techno的一种子风格，起源于Acid House。于20世纪90年代初在欧洲发展起来，由当时年轻的艺术家将芝加哥Acid House的合成器调制声音应用于更为硬朗的Techno中而形成。",
 "originalName": "",
 "startTimeText": "Early 1990s",
 "startAddress": "Europe",
 "searchStyle": "Techno",
 "styleCategory": "Techno",
 "originalStyle": "Acid house, techno, trance, hardcore",
 "affectStyle": "",
 "deriveStyle": "",
 "representArtist": "Richie Hawtin, Aphex Twin, Dave Clarke, Hardfloor, solarquest, Damon Wilde",
 "officialUrl": "https://en.wikipedia.org/wiki/Acid_techno",
 "typeId": 13,
 "typeName": "风格",
 "dataId": 136,
 "url": "http://dropinapp.hearinmusic.com/#/ency?typeId=13&dataId=136"
}