{
 "pageNum": 1,
 "pageSize": 10,
 "params": {},
 "relationChannel": "[{\"id\":1435,\"parentId\":8,\"name\":\"Acidcore\"}]",
 "content": "<p>Acidcore是一种融合了Acid Techno、Gabber和Darkcore音乐元素的风格，1990年代中期在比利时、荷兰等地开始发展。这类音乐的案例可参考Search &amp; Destroy, Cellblock X, Buzz Fuzz等艺术家或厂牌Drop Bass Network等早期的作品。</p>\n<p>&nbsp;</p>\n<p>在当时，Acidcore 是 teknival 中演奏和舞蹈最多的音乐类型之一，有 Furious、Architek 和 Total Resistance 等艺术家和团体参加。著名音乐家 Lasse Steen (DJ Choose)&nbsp; 也创作了许多 acidcore 版本。有些相关作品也可以在 gabber 版本中找到，例如 Thunderdome XIX 上的 Underground Warriors Progressive Hardcore - Cursed By Evil Sickness。</p>\n<p>&nbsp;</p>\n<p><strong>特征</strong></p>\n<p>Acidcore 的特点是由 Roland TB-303 合成器产生的典型 Acid 音色和短促失真的底鼓，伴随着持续快速的节拍（大约 155 到 170 BPM）。同时，其也具有Acid Techno的特征即尖锐的高音。表征该类型的厂牌包括 Drop Bass Network、Neurotrope Records 和 Acid Anonymous。 1998 年，这种风格更频繁地出现在自由派对中，以 DJ Set和现场表演的形式出现，如 WoXo 和 Capsule corps。在 2000 年代，新的艺术家出现了，例如 Ignite5、Mr. Gasmask6 或 Ruffneck（将 Industrial Hardcore 和 Acidcore 混合在一起）。也出现了一些致力于 Acidcore 活动的组织，例如比利时的 Retro Acid。</p>\n<p>&nbsp;</p>\n<p><strong>代表作品</strong></p>\n<ul>\n<li>Buzz Fuzz&nbsp;-&nbsp;<em>D-Leria</em>&nbsp;(1993)</li>\n<li>Buzz Fuzz -&nbsp;<em>Vienna Bass</em>&nbsp;(1993)</li>\n<li>DJ Gizmo&nbsp;-&nbsp;<em>Monological Destruction</em>&nbsp;(1993)</li>\n<li>Unknown Structure -&nbsp;<em>Helixcoid</em>&nbsp;(1993)</li>\n<li>Son Of A Bitch -&nbsp;<em>Alien Ate My Bassline</em>&nbsp;(1994)</li>\n<li>B.C.Kid -&nbsp;<em>Short Chaos</em>&nbsp;(1995)</li>\n<li>Cellblock X -&nbsp;<em>303&nbsp;Kibutz</em>&nbsp;(1996)</li>\n<li>Underground Warriors -&nbsp;<em>Canvas</em>&nbsp;(1997)</li>\n<li>Old School Terrorists -&nbsp;<em>Acieeed</em>&nbsp;(1997)</li>\n<li>Corrosion of Conformity&nbsp;-&nbsp;<em>King Of The Rotten (The D.O.A. Mix)</em>&nbsp;</li>\n<li>Cixx vs. The Vinyl Junk -&nbsp;<em>Bounce 'n Shake</em>&nbsp;(1998)</li>\n</ul>",
 "remarks": "本词条汉字内容由 @多频百科团队 翻译+编辑\n原文译自 https://fr.wikipedia.org/wiki/Acidcore",
 "remarksEn": "本词条内容暂未完善仅供参考，多频百科小编正在火速赶来",
 "status": 1,
 "clickNum": 15,
 "deleted": 0,
 "lang": 0,
 "chooseLang": false,
 "id": 195,
 "name": "Acidcore",
 "descriptions": "Acidcore是一种融合了Acid Techno、Gabber和Darkcore音乐元素的风格，1990年代中期在比利时、荷兰等地开始发展。这类音乐的案例可参考Search & Destroy, Cellblock X, Buzz Fuzz等艺术家或厂牌Drop Bass Network等早期的作品。\n",
 "originalName": "",
 "startTimeText": "1990年代中期",
 "startAddress": "比利时，荷兰",
 "searchStyle": "Hardcore",
 "styleCategory": "Hardcore",
 "originalStyle": "Acid Techno、Gabber、Darkcore",
 "affectStyle": "",
 "deriveStyle": "",
 "representArtist": "",
 "represetnBrand": "Drop Bass Network",
 "officialUrl": "https://fr.wikipedia.org/wiki/Acidcore",
 "typeId": 13,
 "typeName": "风格",
 "dataId": 195,
 "url": "http://dropinapp.hearinmusic.com/#/ency?typeId=13&dataId=195"
}