{
 "pageNum": 1,
 "pageSize": 10,
 "params": {},
 "relationChannel": "[{\"id\":1287,\"parentId\":8,\"name\":\"Acousmatic Music\"}]",
 "content": "<div>\n<div class=\"document\">\n<div>\n<div class=\"document\">\n<p class=\"paragraph text-align-type-left pap-line-1.8 pap-line-rule-auto pap-spacing-before-2pt pap-spacing-after-2pt\">Acousmatic Music（原声音乐，来自希腊语 ἄ&kappa;&omicron;&upsilon;&sigma;&mu;&alpha; akousma，&ldquo;听到的东西&rdquo;）是Electroacoustic的一种形式，其谱写是专门用于使用扬声器进行演示，而不是现场表演。它源于一种作曲传统，可以追溯到 1940 年代后期引入 musique concr&egrave;te（实验音乐的一种形式）的时候。与使用乐谱实现的音乐作品不同，Acousmatic Music的作品通常仅作为固定录制的音频媒体存在。</p>\n<p class=\"paragraph text-align-type-left pap-line-1.8 pap-line-rule-auto pap-spacing-before-2pt pap-spacing-after-2pt\">&nbsp;</p>\n<p class=\"paragraph text-align-type-left pap-line-1.8 pap-line-rule-auto pap-spacing-before-2pt pap-spacing-after-2pt\"><strong>特征</strong></p>\n<p class=\"paragraph text-align-type-left pap-line-1.8 pap-line-rule-auto pap-spacing-before-2pt pap-spacing-after-2pt\">Acousmatic Music的作曲实践以&ldquo;原始的声音&rdquo;为核心音乐方向。传统上被认为是&ldquo;音乐&rdquo;的其他方面，如旋律、和声、节奏、节拍也可能存在，但更多时候考虑的是基于声音的特征，如音色和频谱。创作元素可以包括源自乐器的声音、语音、电子生成的声音、使用各种效果处理器处理过的音频，以及一般音效和现场录音。</p>\n<p class=\"paragraph text-align-type-left pap-line-1.8 pap-line-rule-auto pap-spacing-before-2pt pap-spacing-after-2pt\">&nbsp;</p>\n<p class=\"paragraph text-align-type-left pap-line-1.8 pap-line-rule-auto pap-spacing-before-2pt pap-spacing-after-2pt\">Acousmatic Music是借助各种音乐技术制作的，例如数字录音机、数字信号处理工具和数字音频工作站。使用这种技术，可以以任何可以想象的方式组合、并列和转换各种声音材料。在这种情况下，作曲方法可以被视为&ldquo;Sound Organisation（声音组织）&rdquo;的过程。&ldquo;声音组织&rdquo;的术语由法国作曲家埃德加德&middot;瓦雷兹 (Edgard Var&egrave;se) 提出。</p>\n</div>\n</div>\n<p class=\"paragraph text-align-type-left pap-line-1.8 pap-line-rule-auto pap-spacing-before-2pt pap-spacing-after-2pt\">&nbsp;</p>\n<p class=\"paragraph text-align-type-left pap-line-1.8 pap-line-rule-auto pap-spacing-before-2pt pap-spacing-after-2pt\"><strong>起源</strong></p>\n<div>\n<div class=\"document\">\n<p class=\"paragraph text-align-type-left pap-line-1.8 pap-line-rule-auto pap-spacing-before-2pt pap-spacing-after-2pt\">根据一些历史资料记载，&ldquo;Acousmatic&rdquo;一词的起源可以追溯到毕达哥拉斯。这位哲学家据说通过在遮蔽物后面通过声音辅导他的学生，以免让他的出现分散他们对讲座内容的注意力。在这些条件下，听者将注意力集中在产生的声音上以增强听觉。这个典故据说来自akousmatikoi，毕达哥拉斯弟子的外围圈子，他们只听到他们的老师从面纱后面说话。以类似的方式，人们从扬声器的&ldquo;面纱&rdquo;后面听到Acousmatic Music，而看不到声音的来源。</p>\n<p class=\"paragraph text-align-type-left pap-line-1.8 pap-line-rule-auto pap-spacing-before-2pt pap-spacing-after-2pt\">&nbsp;</p>\n<p class=\"paragraph text-align-type-left pap-line-1.8 pap-line-rule-auto pap-spacing-before-2pt pap-spacing-after-2pt\">1955 年，J&eacute;r&ocirc;me Peignot 和 Pierre Schaeffer 率先使用&ldquo;Acousmatic&rdquo;一词来定义musique concr&egrave;te的聆听体验。</p>\n</div>\n</div>\n<p class=\"paragraph text-align-type-left pap-line-1.8 pap-line-rule-auto pap-spacing-before-2pt pap-spacing-after-2pt\">&nbsp;</p>\n<p class=\"paragraph text-align-type-left pap-line-1.8 pap-line-rule-auto pap-spacing-before-2pt pap-spacing-after-2pt\"><strong>发展</strong></p>\n<p class=\"paragraph text-align-type-left pap-line-1.8 pap-line-rule-auto pap-spacing-before-2pt pap-spacing-after-2pt\">在学术界，&ldquo;acousmatic music&ldquo;或&ldquo;acousmatic art&ldquo;得到了普遍的使用，特别是在当代音乐这里。然而，关于声韵练习是否与作曲风格或聆听声音的方式有关，存在一些争议。Scruton将声音的体验定义为内在的声音，正如Lydia Goehr在1999年所解释的那样：&ldquo;声音世界不是我们可以进入的空间；它是我们可以远距离对待的世界&rdquo;。</p>\n<p class=\"paragraph text-align-type-left pap-line-1.8 pap-line-rule-auto pap-spacing-before-2pt pap-spacing-after-2pt\">&nbsp;</p>\n<p class=\"paragraph text-align-type-left pap-line-1.8 pap-line-rule-auto pap-spacing-before-2pt pap-spacing-after-2pt\"><strong>风格</strong></p>\n<p class=\"paragraph text-align-type-left pap-line-1.8 pap-line-rule-auto pap-spacing-before-2pt pap-spacing-after-2pt\">Acousmatic music可能包含具有可识别音乐来源的声音，但可能同样会呈现超出传统声音和乐器技术范围的可识别来源。我们听到小鸟或工厂的声音就像拉小提琴的声音一样。所涉及的技术超越了声音的再现。使用了合成和声音处理技术，这些技术可能会向我们展示不熟悉的声音，并且可能会打消清晰的音源归属。Acousmatic music可能会带来熟悉的音乐和弦，旋律和节奏，它们很容易与其他形式的音乐混合，但同样可能给我们带来无法在传统分类法中归类的音乐类型。</p>\n<p class=\"paragraph text-align-type-left pap-line-1.8 pap-line-rule-auto pap-spacing-before-2pt pap-spacing-after-2pt\">&nbsp;</p>\n<p class=\"paragraph text-align-type-left pap-line-1.8 pap-line-rule-auto pap-spacing-before-2pt pap-spacing-after-2pt\"><strong>表演实践</strong></p>\n<p class=\"paragraph text-align-type-left pap-line-1.8 pap-line-rule-auto pap-spacing-before-2pt pap-spacing-after-2pt\">Acousmatic作品有时在音乐会中呈现给观众，虽然没有表演者，但它往往与acoustic独奏会难以区分。在一次acousmatic音乐会中，声音部分是使用预先录制的媒体生成的，或者是使用计算机实时生成的。然后使用&ldquo;声音扩散&rdquo;的做法，通过多个扬声器在空间传播。作品通常由作曲家发布（如果有的话），但是传播者的角色也可以由本领域的其他从业者承担。为了给传播者提供作品空间化的指导，许多作曲家提供了扩散分数。它最简单的形式可能是一个声学工作的图形表示与空间操作的指示，和时间线有联系。</p>\n<p class=\"paragraph text-align-type-left pap-line-1.8 pap-line-rule-auto pap-spacing-before-2pt pap-spacing-after-2pt\">&nbsp;</p>\n<p class=\"paragraph text-align-type-left pap-line-1.8 pap-line-rule-auto pap-spacing-before-2pt pap-spacing-after-2pt\"><strong>原声音乐的体验</strong></p>\n<p class=\"paragraph text-align-type-left pap-line-1.8 pap-line-rule-auto pap-spacing-before-2pt pap-spacing-after-2pt\">在acousmatic music中，听众面临的挑战是区分声音，而不是根据其来源，而是根据音质来区分声音。正如Pierre Schaeffer在他的《音乐作品论》中所写的那样：&ldquo;对原因的隐瞒不是由于技术上的不完善，也不是偶然的变化过程。然后，问题就转过来了：&ldquo;我在听什么？...您在听什么？&rdquo;-从某种意义上说不是让受试者描述感知到的声音的外部，而是描述感知的感觉本身。</p>\n<p class=\"paragraph text-align-type-left pap-line-1.8 pap-line-rule-auto pap-spacing-before-2pt pap-spacing-after-2pt\">&nbsp;</p>\n<p class=\"paragraph text-align-type-left pap-line-1.8 pap-line-rule-auto pap-spacing-before-2pt pap-spacing-after-2pt\">音乐是声音的，更多的是取决于听音乐的方式，而不是是否从扬声器播放音乐。在适当地理解&ldquo;acousmatic一词时，有必要清楚地区分声源和声音。例如，如果通过扬声器发出了以可识别的方式演奏的大提琴的录音，则声音的来源是扬声器，但对于听众来说，其身份仍然是&ldquo;大提琴&rdquo;。因此，acousmatic可以说是一种要求听众感知声音而又不（或降低）对声音身份的敏感性的音乐。取而代之的是，聆听模式针对的是比声音的模拟方面更抽象的音色。Pierre Schaeffer将其称为&eacute;couter&eacute;duite（减少或缩小的收听范围）。可以说，在消除了视觉参照的情况下，从扬声器播放声音有可能掩盖其身份，就意味着，一种co谐的混音会导致将音乐视为非声学。</p>\n</div>\n</div>",
 "contentEn": "<div>\n<div class=\"document\">\n<p class=\"paragraph text-align-type-left pap-line-1.8 pap-line-rule-auto pap-spacing-before-2pt pap-spacing-after-2pt\">Acousmatic music (from Greek ἄ&kappa;&omicron;&upsilon;&sigma;&mu;&alpha; akousma, \"a thing heard\") is a form of electroacoustic music that is specifically composed for presentation using speakers, as opposed to a live performance. It stems from a compositional tradition that dates back to the introduction of musique concr&egrave;te (a form of musique exp&eacute;rimentale)[1] in the late 1940s. Unlike musical works that are realised using sheet music exclusively, compositions that are purely acousmatic (in listening terms) often exist solely as fixed media audio recordings.</p>\n<p class=\"paragraph text-align-type-left pap-line-1.8 pap-line-rule-auto pap-spacing-before-2pt pap-spacing-after-2pt\">&nbsp;</p>\n<p class=\"paragraph text-align-type-left pap-line-1.8 pap-line-rule-auto pap-spacing-before-2pt pap-spacing-after-2pt\">The compositional practice of acousmatic music features acousmatic sound as a central musical aspect. Other aspects traditionally thought of as 'musical' such as melody, harmony, rhythm, metre may be present but more often consideration is given to sound-based characteristics such as timbre and spectrum. Compositional materials can include sounds derived from musical instruments, voice, electronically generated sound, audio that has been manipulated using various effect processors, as well as general sound effects and field recordings.</p>\n<p class=\"paragraph text-align-type-left pap-line-1.8 pap-line-rule-auto pap-spacing-before-2pt pap-spacing-after-2pt\">&nbsp;</p>\n<p class=\"paragraph text-align-type-left pap-line-1.8 pap-line-rule-auto pap-spacing-before-2pt pap-spacing-after-2pt\">The music is produced with the aid of various music technologies, such as digital recorders, digital signal processing tools and digital audio workstations. Using such technology various sound materials can be combined, juxtaposed, and transformed in any conceivable manner. In this context the compositional method can be seen as a process of sound organisation: a term first used by the French composer Edgard Var&egrave;se.</p>\n<p class=\"paragraph text-align-type-left pap-line-1.8 pap-line-rule-auto pap-spacing-before-2pt pap-spacing-after-2pt\">&nbsp;</p>\n<div>\n<div class=\"document\">\n<p class=\"paragraph text-align-type-left pap-line-1.8 pap-line-rule-auto pap-spacing-before-2pt pap-spacing-after-2pt\">Origins</p>\n<p class=\"paragraph text-align-type-left pap-line-1.8 pap-line-rule-auto pap-spacing-before-2pt pap-spacing-after-2pt\">According to certain historical accounts, the origin of the term acousmatic can be traced back to Pythagoras; the philosopher is believed to have tutored his students from behind a screen so as not to let his presence distract them from the content of his lectures. Under these conditions, the listener focuses on the sounds being produced to heighten the sense of hearing. In 1955, J&eacute;r&ocirc;me Peignot and Pierre Schaeffer were the first to use the term acousmatique to define the listening experience of musique concr&egrave;te. It is said to be derived from akousmatikoi, the outer circle of Pythagoras' disciples who only heard their teacher speaking from behind a veil. In a similar way, one hears acousmatic music from behind the 'veil' of loudspeakers, without seeing the source of the sound.</p>\n<p class=\"paragraph text-align-type-left pap-line-1.8 pap-line-rule-auto pap-spacing-before-2pt pap-spacing-after-2pt\">&nbsp;</p>\n<div>\n<div class=\"document\">\n<p class=\"paragraph text-align-type-left pap-line-1.8 pap-line-rule-auto pap-spacing-before-2pt pap-spacing-after-2pt\">Developments</p>\n<p class=\"paragraph text-align-type-left pap-line-1.8 pap-line-rule-auto pap-spacing-before-2pt pap-spacing-after-2pt\">Within academia the term acousmatic music, or acousmatic art, has gained common usage, particularly when referring to contemporary musique concr&egrave;te; however, there is some dispute as to whether acousmatic practice relates to a style of composition or a way of listening to sound. Scruton defines the experience of sound as inherently acousmatic, as Lydia Goehr (1999) paraphrases, \"the sound world is not a space into which we can enter; it is a world we treat at a distance\".</p>\n<p class=\"paragraph text-align-type-left pap-line-1.8 pap-line-rule-auto pap-spacing-before-2pt pap-spacing-after-2pt\">&nbsp;</p>\n<p class=\"paragraph text-align-type-left pap-line-1.8 pap-line-rule-auto pap-spacing-before-2pt pap-spacing-after-2pt\">Style</p>\n<p class=\"paragraph text-align-type-left pap-line-1.8 pap-line-rule-auto pap-spacing-before-2pt pap-spacing-after-2pt\">Acousmatic music may contain sounds that have recognizably musical sources, but may equally present recognizabl1e sources that are beyond the bounds of traditional vocal and instrumental technology. We are as likely to hear the sounds of a bird, or of a factory as we are the sounds of a violin. The technology involved transcends the mere reproduction of sounds. Techniques of synthesis and sound processing are employed which may present us with sounds that are unfamiliar and that may defy clear source attribution. Acousmatic compositions may present us with familiar musical events: chords, melodies and rhythms which are easily reconcilable with other forms of music, but may equally present us with events which cannot be classified within such a traditional taxonomy.</p>\n<p class=\"paragraph text-align-type-left pap-line-1.8 pap-line-rule-auto pap-spacing-before-2pt pap-spacing-after-2pt\">&nbsp;</p>\n<p class=\"paragraph text-align-type-left pap-line-1.8 pap-line-rule-auto pap-spacing-before-2pt pap-spacing-after-2pt\">Performance practice</p>\n<p class=\"paragraph text-align-type-left pap-line-1.8 pap-line-rule-auto pap-spacing-before-2pt pap-spacing-after-2pt\">Acousmatic compositions are sometimes presented to audiences in concert settings that are often indistinguishable from acoustic recitals, albeit without performers. In an acousmatic concert the sound component is produced using pre-recorded media, or generated in real-time using a computer. The sound material will then be distributed spatially, via multiple loudspeakers, using a practice known as \"sound diffusion\". The work is often diffused by the composer (if present) but the role of interpreter can also be assumed by another practitioner of the art. To provide a guideline for spatialisation of the work by an interpreter, many composers provide a diffusion score; in its simplest form this might be a graphic representation of the acousmatic work with indications for spatial manipulations, relative to a time-line. The acousmatic experience.</p>\n<p class=\"paragraph text-align-type-left pap-line-1.8 pap-line-rule-auto pap-spacing-before-2pt pap-spacing-after-2pt\">&nbsp;</p>\n<p class=\"paragraph text-align-type-left pap-line-1.8 pap-line-rule-auto pap-spacing-before-2pt pap-spacing-after-2pt\">In acousmatic music, listeners are challenged to distinguish sounds, not based on their source, but by their sonic quality. As Pierre Schaeffer writes in his Treatise on Musical Objects \"The concealment of the causes does not result from a technical imperfection, nor is it an occasional process of variation: it becomes a precondition, a deliberate placing-in-condition of the subject. It is toward it, then, that the question turns around; \"what am I hearing?... What exactly are you hearing\" -in the sense that one asks the subject to describe not the external references of the sound it perceives but the perception itself.\" That music is acousmatic is determined more by how it is listened to, than by whether it is being played from a loudspeaker or not. In understanding the term 'acousmatic' appropriately, it is necessary to distinguish clearly between sound source and sound identity. If for example a recording of a solo cello being played in a recognizable way is sounded through a loudspeaker, the source of the sound is the loudspeaker, but its identity is still 'cello' for a listener. Thus, acousmatic music can be said to be that which calls for the listener to perceive sound without (or with a reduced) sensibility to the sound's identity. The listening mode is oriented instead upon more abstract timbral than mimetic aspects of the sound. Pierre Schaeffer has referred to this as &eacute;coute r&eacute;duite (reduced or narrowed-down listening). It can be said that an &eacute;coute r&eacute;duite leads to the perception of music as acousmatic, in the sense that playing sounds from loudspeakers has the potential for obscuring their identity, as the visual reference is removed.</p>\n<p class=\"paragraph text-align-type-left pap-line-1.8 pap-line-rule-auto pap-spacing-before-2pt pap-spacing-after-2pt\">&nbsp;</p>\n<p class=\"paragraph text-align-type-left pap-line-1.8 pap-line-rule-auto pap-spacing-before-2pt pap-spacing-after-2pt\">&nbsp;</p>\n</div>\n</div>\n</div>\n</div>\n</div>\n</div>",
 "remarks": "本词条汉字内容由 @多频百科团队 翻译+编辑\n原文译自https://en.wikipedia.org/wiki/Acousmatic_music",
 "remarksEn": "本词条内容来自 https://en.wikipedia.org/wiki/Acousmatic_music",
 "status": 1,
 "clickNum": 16,
 "deleted": 0,
 "lang": 0,
 "chooseLang": true,
 "id": 257,
 "name": "Acousmatic Music",
 "descriptions": "Acousmatic Music（原声音乐，来自希腊语 ἄκουσμα akousma，“听到的东西”）是Electroacoustic的一种形式，其谱写是专门用于使用扬声器进行演示，而不是现场表演。它源于一种作曲传统，可以追溯到 1940 年代后期引入 musique concrète（实验音乐的一种形式）的时候。与使用乐谱实现的音乐作品不同，Acousmatic Music的作品通常仅作为固定录制的音频媒体存在。",
 "originalName": "",
 "startTimeText": "late 1940s",
 "startAddress": "",
 "searchStyle": "Electroacoustic Music",
 "styleCategory": "Electroacoustic Music",
 "originalStyle": "",
 "affectStyle": "",
 "deriveStyle": "",
 "representArtist": "Pierre Schaeffer, Jérôme Peignot",
 "officialUrl": "https://en.wikipedia.org/wiki/Acousmatic_music",
 "typeId": 13,
 "typeName": "风格",
 "dataId": 257,
 "url": "http://dropinapp.hearinmusic.com/#/ency?typeId=13&dataId=257"
}