{
 "pageNum": 1,
 "pageSize": 10,
 "params": {},
 "relationChannel": "[{\"id\":1321,\"parentId\":8,\"name\":\"Afro Trap\"}]",
 "content": "<p>Afro trap是一种融合了说唱和非洲音乐各种元素的音乐流派。在说唱歌手MHD的推动下，Afro trap于2010年中期在法国兴起，他是该流派的先驱。</p>\n<p>&nbsp;</p>\n<p><strong>描述 </strong></p>\n<p>Afro trap是非洲音乐中说唱和各种元素的混合物。主要是法国大城市郊区的非洲裔青年进行的。法德电视频道Arte曾将Afro Trap music风格描述为 \"在非洲和美国的声音之间成长起来的一代人的音乐。\"在歌词方面，Afro Trap的特点是刺耳、不妥协、以自我为中心的歌词。由于世界足球的缘故，这一流派的作品得到了普及。阿德里安-拉比奥特、保罗-博格巴、亚历山大-拉卡泽特、塞缪尔-乌姆蒂蒂等球员以及其他非洲、欧洲和中国的球员，都曾用Afro trap舞步庆祝他们的进球。以及足球和其他球类运动都是Afro Trap艺术家的灵感来源，因为这些运动往往是他们生活的一部分。几内亚-塞内加尔说唱歌手MHD被认为是这一流派的先驱，他被称为 \"afro trap\"。这种流派的其他创作者包括来自刚果的艺术家Niska和Naza。其他包括Y du V、Afrojuice 195、Junior Bvndo、Brazza和DOXMV。</p>\n<p>&nbsp;</p>\n<div>\n<div class=\"document\">\n<p class=\"paragraph text-align-type-left pap-line-1.8 pap-line-rule-auto pap-spacing-before-0pt pap-spacing-after-0pt pap-left-indent-2em\">&nbsp;</p>\n</div>\n</div>",
 "remarks": "本词条汉字内容由 @多频百科团队 翻译+编辑\n原文译自 https://nl.wikipedia.org/wiki/Afrotrap",
 "remarksEn": "本词条内容暂未完善仅供参考，多频百科小编正在火速赶来",
 "status": 0,
 "clickNum": 3,
 "deleted": 0,
 "lang": 0,
 "chooseLang": false,
 "id": 296,
 "name": "Afro Trap",
 "descriptions": "Afro trap是一种融合了说唱和非洲音乐各种元素的音乐流派。在说唱歌手MHD的推动下，Afro trap于2010年中期在法国兴起，他是该流派的先驱。",
 "originalName": "",
 "startTimeText": "années 2010 ;",
 "startAddress": "Milieu des",
 "searchStyle": "Hip Hop Music",
 "styleCategory": "Trap",
 "originalStyle": "Trap, rap, musiques africaines, dance music, kwaito, moombahton, baile funk",
 "affectStyle": "Drill, hip-hop français",
 "deriveStyle": "",
 "representArtist": "",
 "officialUrl": "https://nl.wikipedia.org/wiki/Afrotrap",
 "typeId": 13,
 "typeName": "风格",
 "dataId": 296,
 "url": "http://dropinapp.hearinmusic.com/#/ency?typeId=13&dataId=296"
}