{
 "pageNum": 1,
 "pageSize": 10,
 "params": {},
 "relationChannel": "[{\"id\":1099,\"parentId\":8,\"name\":\"Afro House\"}]",
 "content": "<p>Afro-house是House音乐的子流派，是非洲音乐与House节拍的融合。</p>\n<p>&nbsp;</p>\n<p>Afro-house是House音乐的子流派，是非洲音乐与House节拍的混合。其主要发源自南非，融合了kwaito，Tribal，以及深沉和灵动的House音乐。它通常被归类于Deep House或Soulful House，它有自己独特的声音，比如南非文化特色的原始打击乐声音和节奏，并反映在其音乐风格上。</p>",
 "contentEn": "<p>African music mixed with a house beat. Afro house is a subgenre of house music, with its roots predominantly in South Africa. A fusion of&nbsp;kwaito, tribal, deep and soulful house music, in South Africa, it is classed as&nbsp;deep house&nbsp;or soulful house, although it has its own unique sound and is reflected in the musical style &ndash; particularly in the \"stripped back\" original percussion sounds and rhythms of South African culture.</p>",
 "remarks": "本词条汉字内容由 @多频百科团队 翻译+编辑\n原文译自 https://en.wikipedia.org/wiki/Styles_of_house_music",
 "remarksEn": "本词条内容来自 https://en.wikipedia.org/wiki/Styles_of_house_music",
 "status": 1,
 "clickNum": 14,
 "deleted": 0,
 "lang": 0,
 "chooseLang": true,
 "id": 37,
 "name": "Afro House",
 "descriptions": "Afro-house是House音乐的子流派，是非洲音乐与House节拍的融合。",
 "originalName": "",
 "startTimeText": "",
 "startAddress": "South Africa",
 "searchStyle": "House",
 "styleCategory": "House",
 "originalStyle": "house music",
 "affectStyle": "kwaito, tribal, deep and soulful house music",
 "deriveStyle": "",
 "representArtist": "",
 "officialUrl": "https://en.wikipedia.org/wiki/Styles_of_house_music",
 "typeId": 13,
 "typeName": "风格",
 "dataId": 37,
 "url": "http://dropinapp.hearinmusic.com/#/ency?typeId=13&dataId=37"
}