{
 "pageNum": 1,
 "pageSize": 10,
 "params": {},
 "relationChannel": "[{\"id\":1255,\"parentId\":8,\"name\":\"Afro/cosmic Music\"}]",
 "content": "<div class=\"document\">\n<div class=\"document\">\n<p class=\"paragraph text-align-type-left pap-line-1.8 pap-line-rule-auto pap-spacing-before-2pt pap-spacing-after-2pt\">Afro/Cosmic Music，是形容1970年代末期至1980年代中期一些大量使用合成器并受非洲文化影响的电子舞蹈音乐，以及当时意大利北部一部分特定Disco舞厅中的DJ所发展和推广的现场混音播放技术。命名中的&ldquo;Afro&rdquo;译为&ldquo;非洲的&rdquo;，&ldquo;Cosmic&rdquo;译为&ldquo;宇宙的&rdquo;，这个术语也被称作Afro/cosmic disco，the cosmic sound, free-style sound以及很多组合如cosmic Afro, Afro-cosmic, Afro-freestyle还有Afro-funky等等，它们之间是可以互通使用的。除此之外，slow-motion disco和 Elettronica Meccanica 也与这种类型有关。</p>\n<div>&nbsp;</div>\n<div>意大利 DJ Beppe Loda 和 Daniele Baldelli 都声称自己首创了这种流派和混音风格。</div>\n<div>&nbsp;</div>\n<p class=\"paragraph text-align-type-left pap-line-1.8 pap-line-rule-auto pap-spacing-before-2pt pap-spacing-after-2pt\"><strong>综述</strong></p>\n<p class=\"paragraph text-align-type-left pap-line-1.8 pap-line-rule-auto pap-spacing-before-2pt pap-spacing-after-2pt\">Afro/cosmic 的DJ混音播放风格是自由的，它可以包含短的嘻哈段落转换，或是较长的、节拍匹配的转场；它有时会加入额外的打击乐和效果；并且它允许明显的速度变化以使得歌曲进入 90-110 BPM 范围。例如上文提到的风格的开创者之一 Daniele Baldelli 会用 33 RPM的速度播放 45 RPM 的唱片，反之亦可。Cosmic（宇宙的）的声音包括非常多样化的音乐风格，从 Electro 和放克到爵士融合和巴西音乐。Peter Shapiro 将 Baldelli 的音乐描述为&ldquo;Spaced-out Rock和部落打击乐的组合。&rdquo;</p>\n<p class=\"paragraph text-align-type-left pap-line-1.8 pap-line-rule-auto pap-spacing-before-2pt pap-spacing-after-2pt\">&nbsp;</p>\n<p class=\"paragraph text-align-type-left pap-line-1.8 pap-line-rule-auto pap-spacing-before-2pt pap-spacing-after-2pt\">Italo Disco 通常不属于这种流派的范畴，Baldelli 认为它总体过于主流和商业。在 2005 年关于 Baldelli 的专题报道中，音乐记者 Daniel Wang 将 Baldelli 的风格描述为&ldquo;迷幻、搅动、催眠的&rdquo;。</p>\n<p class=\"paragraph text-align-type-left pap-line-1.8 pap-line-rule-auto pap-spacing-before-2pt pap-spacing-after-2pt\">&nbsp;</p>\n<p class=\"paragraph text-align-type-left pap-line-1.8 pap-line-rule-auto pap-spacing-before-2pt pap-spacing-after-2pt\" style=\"padding-left: 30px;\"><em>声音是迷幻的、翻腾的、催眠的&mdash;&mdash;一点也不狂热或纯电子。金属感的声音在慢速的非洲风格打击乐轨道上滑过。在一个节拍上的火车噪音与时髦的吉他即兴演奏连续混合，然后与合成器结合。镶边和均衡器效果得到应用，不像现代 DJ 过度兴奋的表达情绪，而是有条不紊地、深情地改变整个段落的质感，就好像我们从广播节目中轻轻地穿过火车隧道回到宏大的音乐厅。</em></p>\n<p class=\"paragraph text-align-type-left pap-line-1.8 pap-line-rule-auto pap-spacing-before-2pt pap-spacing-after-2pt\" style=\"padding-left: 30px;\"><em>&mdash; Daniel Wang，Daniele Baldelli 在 Discopia #3 中的采访</em></p>\n<p class=\"paragraph text-align-type-left pap-line-1.8 pap-line-rule-auto pap-spacing-before-2pt pap-spacing-after-2pt\">&nbsp;</p>\n<p class=\"paragraph text-align-type-left pap-line-1.8 pap-line-rule-auto pap-spacing-before-2pt pap-spacing-after-2pt\">在采访中，Baldelli 强调以不适当的速度演奏各种古典、非洲和巴西民谣以及合成流行乐，并在其中加入了效果器和鼓机：</p>\n<p class=\"paragraph text-align-type-left pap-line-1.8 pap-line-rule-auto pap-spacing-before-2pt pap-spacing-after-2pt\">&nbsp;</p>\n<p class=\"paragraph text-align-type-left pap-line-1.8 pap-line-rule-auto pap-spacing-before-2pt pap-spacing-after-2pt\" style=\"padding-left: 30px;\"><em>和大家解释一下我在做什么&hellip;&hellip;例如，我曾经演奏 Ravel 的 Bolero，除此之外我还会演奏African Djola的一首非洲歌曲，或者Steve Reich的电子音乐，我会将它和来自New Guinea（原文如此）的Malink&eacute; chant进行混合。或者，我会将 T-Connection 的曲子与 Moebius 和 Rodelius 的歌曲混合，加入 Cat Stevens 的迷幻部落 Izitso 专辑，然后是 Lee Ritenour，还有33（RPM）而不是45的 Depeche Mode 而不是 45，或者 45 而不是33的 Yellowman 的雷鬼曲目。我可能会在 Korg 电子鼓（机器）节奏模式之上混合 20 首非洲歌曲。我会播放巴西的 batucada 并将其与 Kraftwerk 的歌曲混合。我还会对 Miriam Makeba、Jorge Ben 或 Fela Kuti 的声音使用合成器效果，或者我会用德国厂牌 SKY 的电子声音搭配 Ofra Haza 或 Sheila Chandra 的东方旋律。</em></p>\n<p class=\"paragraph text-align-type-left pap-line-1.8 pap-line-rule-auto pap-spacing-before-2pt pap-spacing-after-2pt\" style=\"padding-left: 30px;\"><em>&mdash; Daniele Baldelli，Discopia 采访#3</em></p>\n<p class=\"paragraph text-align-type-left pap-line-1.8 pap-line-rule-auto pap-spacing-before-2pt pap-spacing-after-2pt\">&nbsp;</p>\n<p class=\"paragraph text-align-type-left pap-line-1.8 pap-line-rule-auto pap-spacing-before-2pt pap-spacing-after-2pt\">Cosmic Muisc 被认为是当代&ldquo;Space Disco&rdquo;艺术家的&ldquo;试金石&rdquo;，例如 Lindstr&oslash;m 的合作者 Prins Thomas 和 Chicken Lips 的 Andy Meecham。它也被认为对一些后来的意大利House歌曲产生了影响，例如 Sue&ntilde;o Latino。</p>\n<p class=\"paragraph text-align-type-left pap-line-1.8 pap-line-rule-auto pap-spacing-before-2pt pap-spacing-after-2pt\">&nbsp;</p>\n<p class=\"paragraph text-align-type-left pap-line-1.8 pap-line-rule-auto pap-spacing-before-2pt pap-spacing-after-2pt\"><strong>词源</strong></p>\n<p class=\"paragraph text-align-type-left pap-line-1.8 pap-line-rule-auto pap-spacing-before-2pt pap-spacing-after-2pt\">\"Cosmic\", \"Cosmic Disco\", 或\"The Cosmic Sound\"源自俱乐部 Cosmic Club，指代来自这个场地的音乐。因此，该术语主要与 Daniele Baldelli 相关联，他也声称之位自己首创。</p>\n<p class=\"paragraph text-align-type-left pap-line-1.8 pap-line-rule-auto pap-spacing-before-2pt pap-spacing-after-2pt\">&nbsp;</p>\n<p class=\"paragraph text-align-type-left pap-line-1.8 pap-line-rule-auto pap-spacing-before-2pt pap-spacing-after-2pt\">&ldquo;Afro&rdquo;是 DJ Beppe Loda 对符合以下条件的音乐风格的描述术语：</p>\n<p class=\"paragraph text-align-type-left pap-line-1.8 pap-line-rule-auto pap-spacing-before-2pt pap-spacing-after-2pt\">1. 他从受非洲影响的迪斯科、灵魂乐、放克和爵士融合流派中选择和创作的；</p>\n<p class=\"paragraph text-align-type-left pap-line-1.8 pap-line-rule-auto pap-spacing-before-2pt pap-spacing-after-2pt\">2. 他选择的另类和实验舞曲，通常囊括在他的set的第一个小时；</p>\n<p class=\"paragraph text-align-type-left pap-line-1.8 pap-line-rule-auto pap-spacing-before-2pt pap-spacing-after-2pt\">3.他的混音风格；</p>\n<p class=\"paragraph text-align-type-left pap-line-1.8 pap-line-rule-auto pap-spacing-before-2pt pap-spacing-after-2pt\">4. 1982-1984 年他的混音带系列。</p>\n<p class=\"paragraph text-align-type-left pap-line-1.8 pap-line-rule-auto pap-spacing-before-2pt pap-spacing-after-2pt\">在最近的采访中，他建议更喜欢&ldquo;freestyle&rdquo;这个词而不是 Afro，他区分了 cosmic 和他的风格，声称 cosmic 音乐是来自 1980 年代中期以及更晚的一些模仿者的声音，这个说法仅在意大利以外的地区流行，它甚至不是真正的流派。</p>\n<p class=\"paragraph text-align-type-left pap-line-1.8 pap-line-rule-auto pap-spacing-before-2pt pap-spacing-after-2pt\">&nbsp;</p>\n<p class=\"paragraph text-align-type-left pap-line-1.8 pap-line-rule-auto pap-spacing-before-2pt pap-spacing-after-2pt\">Baldelli 声称，在他 1984 年左右的兵役期间，有一位&ldquo;客座&rdquo;DJ 因在 Cosmic Club 演奏 Baldelli 的精选曲目而闻名。在那段时期，Baldelli 的门徒 Claudio 'TBC' Tosi Brandi 以及 DJ Beppe Loda 都曾在 Cosmic Club 演出。</p>\n<p class=\"paragraph text-align-type-left pap-line-1.8 pap-line-rule-auto pap-spacing-before-2pt pap-spacing-after-2pt\">&nbsp;</p>\n<p class=\"paragraph text-align-type-left pap-line-1.8 pap-line-rule-auto pap-spacing-before-2pt pap-spacing-after-2pt\">Loda 反驳说没有人发明了这个风格或技术；他说他在 1979 年创造了 Afro 这个词来统称当时他和其他意大利北部 DJ 正在播放的不拘一格的、受非洲影响的音乐，后来将它应用于整合 Baldelli 的电子风格以及他自己的音乐。</p>\n<p class=\"paragraph text-align-type-left pap-line-1.8 pap-line-rule-auto pap-spacing-before-2pt pap-spacing-after-2pt\">&nbsp;</p>\n<p class=\"paragraph text-align-type-left pap-line-1.8 pap-line-rule-auto pap-spacing-before-2pt pap-spacing-after-2pt\">2000 年代中期发行的有 Baldelli 参与创作的 Cosmic Club 致敬专辑里使用了&ldquo;Afro&rdquo;和&ldquo;Cosmic&rdquo;作为音乐类型的形容参考。</p>\n<p class=\"paragraph text-align-type-left pap-line-1.8 pap-line-rule-auto pap-spacing-before-2pt pap-spacing-after-2pt\">&nbsp;</p>\n<p class=\"paragraph text-align-type-left pap-line-1.8 pap-line-rule-auto pap-spacing-before-2pt pap-spacing-after-2pt\">2006 年，一位音乐记者也使用&ldquo;Afro-Cosmic&rdquo;一词来描述萨克斯演奏家 Pharoah Sanders 在1960 年代末/1970 年代初的音乐。</p>\n<p class=\"paragraph text-align-type-left pap-line-1.8 pap-line-rule-auto pap-spacing-before-2pt pap-spacing-after-2pt\">&nbsp;</p>\n<p class=\"paragraph text-align-type-left pap-line-1.8 pap-line-rule-auto pap-spacing-before-2pt pap-spacing-after-2pt\"><strong>地域性和活动</strong></p>\n<p class=\"paragraph text-align-type-left pap-line-1.8 pap-line-rule-auto pap-spacing-before-2pt pap-spacing-after-2pt\">Afro/Cosmic音乐一直与伦巴第（意大利北部）的标志性迪斯科俱乐部联系在一起，并且在 2010 年代初之前对青少年和年轻人的亚文化产生了相关影响。</p>\n<p class=\"paragraph text-align-type-left pap-line-1.8 pap-line-rule-auto pap-spacing-before-2pt pap-spacing-after-2pt\">&nbsp;</p>\n<p class=\"paragraph text-align-type-left pap-line-1.8 pap-line-rule-auto pap-spacing-before-2pt pap-spacing-after-2pt\">1983 年，奥地利 DJ Enne 和 Stefan \"Cosmic-Dieter-Bohlen\" Egger 在意大利听到这类音乐后，将其带到奥地利因斯布鲁克的 Galaxy 俱乐部，并在巡回演出时将其介绍给德国观众。 从 1987 年开始，Egger 开始将它与当时更为直接、速度稍快（但仍然相对较慢）的舞曲混合播放。 他的风格曾被 Hannes Alshut 和 Rob Neureiter 称为&ldquo;Eben Cosmic Muisc&rdquo;，直到今天仍然在奥地利和德国南部流行。</p>\n<p class=\"paragraph text-align-type-left pap-line-1.8 pap-line-rule-auto pap-spacing-before-2pt pap-spacing-after-2pt\">&nbsp;</p>\n<p class=\"paragraph text-align-type-left pap-line-1.8 pap-line-rule-auto pap-spacing-before-2pt pap-spacing-after-2pt\">从这类音乐发展的早期开始，Afro/cosmic 爱好者就在德国、奥地利和意大利进行定期聚集活动。 Afroraduno 是首次的此类聚会，于 1983 年在布雷西亚（意大利）的甘巴拉举行。</p>\n<p class=\"paragraph text-align-type-left pap-line-1.8 pap-line-rule-auto pap-spacing-before-2pt pap-spacing-after-2pt\"><br /><br /></p>\n</div>\n</div>",
 "contentEn": "<p>In music, the terms Afro/cosmic disco,[1][2] the cosmic sound,[3] free-style sound,[4] and combinations thereof (cosmic Afro,[5] Afro-cosmic,[6] Afro-freestyle,[7] etc., as well as Afro-funky[8]) are used somewhat interchangeably to describe various forms of synthesizer-heavy and/or African-influenced dance music and methods of DJing that were originally developed and promoted by a small number of DJs in certain discoth&egrave;ques of Northern Italy from the late 1970s through the mid-1980s. The terms slow-motion disco[9] and Elettronica Meccanica[10] are also associated with the genre.</p>\n<p>&nbsp;</p>\n<p>Italian DJs Beppe Loda and Daniele Baldelli both independently claim to have invented the genre and mixing style.</p>\n<p>&nbsp;</p>\n<p>Descriptions</p>\n<p>The Afro/cosmic mixing style is freeform in that it allows for short hip-hop style transforms as well as long, beat-matched segues; it sometimes incorporates added percussion and effects; and it permits major speed variations to force songs into a 90&ndash;110 BPM range.[11][12] Baldelli would also play 45 RPM records at 33 and vice versa.[13] The cosmic sound included a very diverse range of musical styles, from electro and funk to jazz fusion and Brazilian music.[14] Peter Shapiro described Baldelli's music as a \"combination of spaced-out rock and tribal percussion.\"[15][16] One genre that was usually not part of this mix was Italo disco,[14] which Baldelli believes was generally too mainstream and commercial.[15] In a 2005 feature on Daniele Baldelli, one of the style's founding DJs, music journalist Daniel Wang describes Baldelli's style as &ldquo;psychedelic, churning, hypnotic.&rdquo;</p>\n<p>&nbsp;</p>\n<p>The sound is psychedelic, churning, hypnotic &mdash; not at all frenetic or purely electronic. Metallic klangs glide over a slowed-down afro-percussion track. A train noise over a beat is mixed continuously with a funky guitar riff and then with a synthesizer composition (Jean-Michel Jarre?). Flangers and equalizer effects are applied, not like the overexcited tantrums of a modern DJ, but rather methodically and with deep feeling, changing the texture of entire passages, as if we are gently passing from a radio show through a train tunnel back to a great concert hall.</p>\n<p style=\"text-align: right;\">&mdash;&thinsp;Daniel Wang, Daniele Baldelli interview in Discopia #3</p>\n<p style=\"text-align: left;\">In the interview, Baldelli emphasizes playing diverse selections of classical, African and Brazilian folk, and synth-pop at improper speeds, mixed with effects and drum machines:</p>\n<p>To explain to you what I was doing&hellip; For example, I used to play bolero by Ravel, and on top of this I would play an African song by Africa Djola, or maybe an electronic tune by Steve Reich, with which I would mix a Malink&eacute; chant from New Guinea(sic). Or, I would mix T-Connection with a song by Moebius and Rodelius, adding the hypnotic-tribal Izitso album of Cat Stevens, and then Lee Ritenour, but also Depeche Mode at 33 instead of 45, or a reggae voice by Yellowman at 45 instead of 33. I might mix 20 African songs on top of a Korg electronic drums (machine) rhythm pattern. I would play a Brazilian batucada and mix it with a song by Kraftwerk. I would also use synthesizer effects on the voices of Miriam Makeba, Jorge Ben, or Fela Kuti, or I would play the Oriental melodies of Ofra Haza or Sheila Chandra with the electronic sounds of the German label SKY.</p>\n<p style=\"text-align: right;\">&mdash;&thinsp;Daniele Baldelli, Interview in Discopia #3[17]</p>\n<p style=\"text-align: left;\"><br />Cosmic music has been cited as a \"touchstone\" for contemporary \"space disco\" artists like Lindstr&oslash;m collaborator Prins Thomas and Andy Meecham of Chicken Lips.[14] It has also been cited as an influence on some later Italian house songs, such as Sue&ntilde;o Latino.[13]</p>\n<p>&nbsp;</p>\n<p>Etymology</p>\n<p>\"Cosmic\", \"cosmic disco\", or \"the cosmic sound\" derives from Cosmic Club; referring to the sound of that venue.[18] As such, the term is principally associated with Baldelli, who makes a claim to its invention.[19]</p>\n<p>&nbsp;</p>\n<p>\"Afro\" is Loda&rsquo;s term for 1. his selections from African-influenced disco, soul, funk and jazz fusion genres; 2. his selections of alternative and experimental dance music that typically comprised the first hour of his sets; 3. his general mixing style; and 4. a 1982&ndash;1984 series of his mixtapes. In recent interviews, he has suggested a preference for the term \"freestyle\" rather than Afro, and he makes a distinction between cosmic and his style, claiming that cosmic music is the sound of mid-1980s and later pretenders, is a misnomer popular only outside of Italy, and isn&rsquo;t even a real genre.[20][21][22]</p>\n<p>&nbsp;</p>\n<p>Baldelli claims that during his military service around 1984, there was a &ldquo;guest&rdquo; DJ who became famous playing Baldelli&rsquo;s selections at Cosmic Club.[23] Baldelli's prot&eacute;g&eacute;, Claudio &lsquo;TBC&rsquo; Tosi Brandi, performed at Cosmic Club around that time, as did Beppe Loda.</p>\n<p>&nbsp;</p>\n<p>Loda counters that no one person invented the genre and style of mixing; he says he coined the term Afro in 1979 to collectively refer to the eclectic, African-influenced music that he and other Northern Italian DJs were playing at the time,[24] and later applied it to the integration of Baldelli&rsquo;s electronic style with his own.[25][26]</p>\n<p>&nbsp;</p>\n<p>The liner notes of a mid-2000s Cosmic Club tribute album featuring Baldelli uses both Afro and cosmic in reference to the music.[27]</p>\n<p>&nbsp;</p>\n<p>The term \"afro-cosmic\" was also used by one music journalist in 2006 to describe the late-1960s/early-1970s music of saxophonist Pharoah Sanders.[28]</p>\n<p>&nbsp;</p>\n<p>Regional variations and gatherings</p>\n<p>In 1983, after hearing the music in Italy, Austrian DJ Enne and Stefan \"Cosmic-Dieter-Bohlen\" Egger brought it to the club Galaxy in Innsbruck, Austria, and at some point introduced it to German audiences while on tour. Beginning in 1987, Egger started mixing it with more straightforward, slightly faster (but still relatively slow) dance records of the day. His style, once dubbed \"Eben cosmic music\" by Hannes Alshut &amp; Rob Neureiter,[citation needed] remains popular in Austria and Southern Germany to the present day.</p>\n<p>&nbsp;</p>\n<p>Regular gatherings of Afro/cosmic enthusiasts have occurred in Germany, Austria and Italy since the music's early days. Afroraduno, the first such gathering of Afroraduni, took place in Gambara, Brescia (Italy) in 1983.[29]</p>\n<p>&nbsp;</p>\n<div>\n<div class=\"document\">\n<p class=\"paragraph text-align-type-left pap-line-1.8 pap-line-rule-auto pap-spacing-before-2pt pap-spacing-after-2pt\">References</p>\n<p class=\"paragraph text-align-type-left pap-line-1.8 pap-line-rule-auto pap-spacing-before-2pt pap-spacing-after-2pt\">1.^ Gill, Michael (December 22, 2006), \"Beatz By The Pound #31: 2006 Best Of&hellip;\", Stylus Magazine, archived from the original on 10 April 2008, retrieved 2008-04-21 &ldquo;Looking over to the blogosphere, the largest hipster tremors came from the rediscovery of the Italian &lsquo;Cosmic Disco&rsquo; sound (a mid-tempo stew of balearic disco pioneered by Beppe Loda and Daniele Baldelli)&hellip;&rdquo;</p>\n<p class=\"paragraph text-align-type-left pap-line-1.8 pap-line-rule-auto pap-spacing-before-2pt pap-spacing-after-2pt\">2.^ Segal, Dave (February 20, 2007), \"Data Breaker (music reviews)\", The Stranger, retrieved 2008-04-21 &ldquo;Originally championed by Italian DJ Daniele Baldelli, cosmic disco funkily trudges along at about 80&ndash;105 bpm, as if Robitussin replaced coke as the producers' and dancers' drug of choice. In these slow-mo dance anthems, every element somehow becomes more dilated and psychedelic.&rdquo;</p>\n<p class=\"paragraph text-align-type-left pap-line-1.8 pap-line-rule-auto pap-spacing-before-2pt pap-spacing-after-2pt\">3.^ Baldelli's term; Wang 2005.</p>\n<p class=\"paragraph text-align-type-left pap-line-1.8 pap-line-rule-auto pap-spacing-before-2pt pap-spacing-after-2pt\">4.^ Beppe Loda's term, also written free style; no connection to the Latin freestyle genre; Ashton 2007.</p>\n<p class=\"paragraph text-align-type-left pap-line-1.8 pap-line-rule-auto pap-spacing-before-2pt pap-spacing-after-2pt\">5.^ Oldfield.</p>\n<p class=\"paragraph text-align-type-left pap-line-1.8 pap-line-rule-auto pap-spacing-before-2pt pap-spacing-after-2pt\">6.^ With a hyphen,[citation needed], slash (Chingas 2007.), or no punctuation (Brewster 2005.)</p>\n<p class=\"paragraph text-align-type-left pap-line-1.8 pap-line-rule-auto pap-spacing-before-2pt pap-spacing-after-2pt\">7.^ Ashton, Simon &lsquo;DJ Baggy&rsquo; (November 2, 2007). \"New Beppe Loda Exclusive Mix\". cosmicdisco.co.uk. Archived from the original on 2007-11-07. Retrieved 2007-11-05. &ldquo;&hellip;enjoy the latest mix from the master of Afro-Freestyle.&rdquo;</p>\n<p class=\"paragraph text-align-type-left pap-line-1.8 pap-line-rule-auto pap-spacing-before-2pt pap-spacing-after-2pt\">8.^ Chingas, Johnny (2007-11-28). \"Dr. Nishimura Interview\". Archived from the original on 22 February 2008. Retrieved 2008-03-05. &ldquo;In the following months I heard reports that Chee had now sold his entire &lsquo;Italo' collection and was into the cosmic &amp; afro-funky vibe, being inspired by the early Loda and Baldelli tapes. Hearing several of their Discossession mixes, I realised that the dudes had carved out their own sound, not only citing Italo, Disco and Cosmic, but also added psychedelic, jazz fusion and rock elements into the occasion.&rdquo; (Nishimura:) &ldquo;My favorite Japanese DJ is Toriyama from Sendai. He is very young, but the very best in Afro/Cosmic vein in Japan.&rdquo;</p>\n<p class=\"paragraph text-align-type-left pap-line-1.8 pap-line-rule-auto pap-spacing-before-2pt pap-spacing-after-2pt\">9.^ From the name of a 2006 compilation by DJ Mooner, Elaste Vol. 1: Slow Motion Disco, released on the Compost Records label.</p>\n<p class=\"paragraph text-align-type-left pap-line-1.8 pap-line-rule-auto pap-spacing-before-2pt pap-spacing-after-2pt\">10.^ Campbell 2006. Elettronica Meccanica is the name of a series of mixtapes and planned records by DJ Beppe Loda, and in the interview, he says &ldquo;Here are some of the artists and styles I like best: &hellip;Conrad Schnitzler; Meccanica Popular (the latter two inspiring my Elettronica Meccanica style)&hellip;&rdquo;</p>\n<p class=\"paragraph text-align-type-left pap-line-1.8 pap-line-rule-auto pap-spacing-before-2pt pap-spacing-after-2pt\">11.^ Wang. &ldquo;The tempo is often between 105 and 110 bpm.&rdquo;</p>\n<p class=\"paragraph text-align-type-left pap-line-1.8 pap-line-rule-auto pap-spacing-before-2pt pap-spacing-after-2pt\">12.^ Wang. (Baldelli:) &ldquo;&hellip;the music was very slow. I mean, in that period, the music was like 90&ndash;105 bpm.&rdquo;</p>\n<p class=\"paragraph text-align-type-left pap-line-1.8 pap-line-rule-auto pap-spacing-before-2pt pap-spacing-after-2pt\">13.^ a b Brewster, Bill (2005), \"Daniele Baldelli\" (PDF), Wax Poetics (Spring), archived from the original (PDF) on 2011-07-08, retrieved 2007-11-06</p>\n<p class=\"paragraph text-align-type-left pap-line-1.8 pap-line-rule-auto pap-spacing-before-2pt pap-spacing-after-2pt\">14.^ a b c Leone, Dominique (February 6, 2006), \"Space Disco\", Pitchfork Media, archived from the original on 2008-05-03, retrieved 2008-04-21</p>\n<p class=\"paragraph text-align-type-left pap-line-1.8 pap-line-rule-auto pap-spacing-before-2pt pap-spacing-after-2pt\">15.^ a b Shapiro, Peter (2005), Turn the Beat Around: The Secret History of Disco, New York: Faber and Faber, Inc.</p>\n<p class=\"paragraph text-align-type-left pap-line-1.8 pap-line-rule-auto pap-spacing-before-2pt pap-spacing-after-2pt\">16.^ Mylo (June 10, 2006), \"Head space goes to Miami\", The Guardian, retrieved 2008-04-21</p>\n<p class=\"paragraph text-align-type-left pap-line-1.8 pap-line-rule-auto pap-spacing-before-2pt pap-spacing-after-2pt\">17.^ This quote was also reprinted in the liner notes of the Dirty Space Disco compilation (2007).</p>\n<p class=\"paragraph text-align-type-left pap-line-1.8 pap-line-rule-auto pap-spacing-before-2pt pap-spacing-after-2pt\">18.^ Campbell. (Loda:) &ldquo;In Italy, until 1982, people used to define music by the club&rsquo;s name: Typhoon sound (Beppe Loda), Les Pois sound (Daniele Mix), Chicago sound (Ebreo, Fari and Spranga), Cosmic sound (Daniele Baldelli and TBC), Les Cigales sound (Meo, Rubens, Daniele Mix and Joele), Arena sound (DJ Lollo), and so on.&rdquo;</p>\n<p class=\"paragraph text-align-type-left pap-line-1.8 pap-line-rule-auto pap-spacing-before-2pt pap-spacing-after-2pt\">19.^ Wang. (Baldelli:) &ldquo;From 1980&ndash;84 &hellip; My passion and instinct for music drove me to create a sound &mdash; some people have called it &lsquo;afro&rsquo; music, but this term is incorrect. It&rsquo;s better to call it the Cosmic Sound, &mdash; that is what they say now &mdash; the sound that Daniele Baldelli created in the Cosmic Disco.&rdquo;</p>\n<p class=\"paragraph text-align-type-left pap-line-1.8 pap-line-rule-auto pap-spacing-before-2pt pap-spacing-after-2pt\">20.^ Ashton. (Loda:) &ldquo;Most people around the world consider me a &lsquo;cosmic&rsquo; DJ but this is not true. &lsquo;Cosmic&rsquo; music is a kind of music and also a sort of German collective (founded by an Austrian DJ) with whom I have no connections. In fact, cosmic music doesn&rsquo;t actually exist! Most people outside the Italian borders consider cosmic music a mixture of electronic/pop/progressive and new-wave which I played during the first hour at Typhoon club. It&rsquo;s obviously also popular in the Cosmic Club itself. Personally, I think that this terminology is reductive and I don&rsquo;t like it because the movement which also included cosmic was much wider and articulated and was more commonly known as &lsquo;Afro&rsquo;. This movement was based in the North of Italy in the Typhoon disco, a popular meeting point for many DJs and a starting point for new kinds of music, at least until 1987&hellip;&rdquo;</p>\n<p class=\"paragraph text-align-type-left pap-line-1.8 pap-line-rule-auto pap-spacing-before-2pt pap-spacing-after-2pt\">21.^ Campbell. (Loda:) &ldquo;I think the term cosmic music (often used outside of Italy) is not the most accurate way to define the melange of electronic/new wave/prog/pop that was very popular here in the 80&rsquo;s (and which I played a lot at cosmic and during the first hour of my sets).&rdquo;</p>\n<p class=\"paragraph text-align-type-left pap-line-1.8 pap-line-rule-auto pap-spacing-before-2pt pap-spacing-after-2pt\">22.^ Tantum. &ldquo;The Afro sound is sometimes lumped in with the similar &lsquo;cosmic disco&rsquo;, another wide-ranging sonic cioppino that was centered around Lazise, Italy&rsquo;s Cosmic Club in the same era, championed by DJs such as Daniele Baldelli and Stefano Secchi. But Loda disavows any connection (even though he briefly played at Cosmic), or that cosmic even ranks as a genre. &lsquo;I say that the so-called cosmic style doesn&rsquo;t exist at all,&rsquo; he claims. &lsquo;It&rsquo;s just a completely wrong designation, mainly used outside Italy, to indicate that mix of electronica, new wave, pop and progressive that I used to play at Cosmic.&rsquo;&rdquo;</p>\n<p class=\"paragraph text-align-type-left pap-line-1.8 pap-line-rule-auto pap-spacing-before-2pt pap-spacing-after-2pt\">23.^ Wang. (Baldelli:) &ldquo;Well, at first I was the sole resident DJ, and only after 2 years did we have to bring in another person, because I had military service. But people know that this guy &mdash; let&rsquo;s call him Tibicci &mdash; just played records which I chose for him. I don&rsquo;t know why &mdash; well, because I would spend all day in the shop looking for music, stay at home listening to records, and then in the evening I would say to him, you can play this, this record will work for you. He also got a bit famous from doing this, but now, I no longer have any connection with this person. He&rsquo;s not really a good friend anymore.&rdquo;</p>\n<p class=\"paragraph text-align-type-left pap-line-1.8 pap-line-rule-auto pap-spacing-before-2pt pap-spacing-after-2pt\">24.^ Campbell. (Loda:) &ldquo;&hellip;each of us would lean more in one direction: towards electronic music, jazz, funk, Brazilian music, African music, reggae, etc. No one had yet defined what we were doing as a group, though. I &hellip; developed an interest in African/tribal music. I was very impressed by a mixed (European/African) group of percussionists I saw in Amsterdam. I also noticed the &ldquo;Afro&rdquo; hair salons in the Pigalle neighborhood of Paris. Many of us loved and played a lot of afrobeat (Fela, Dibango, Olatunji) and I realized, when you think about it, almost all the music we were playing had African roots. People kept asking me, &lsquo;What do you call this melting pot of music?&rsquo; I connected the dots and my Afro series of mix tapes was born. So you see, no one DJ can claim to be the originator of the Afro style. It is the result of the ideas and efforts of a group of DJs. I can only claim to have contributed my part and a general term to define it. My new style of DJing was born at Le Cupole in 1979 and, yes, it was a mix of different styles, but it was not the Afro style as a whole.&rdquo;</p>\n<p class=\"paragraph text-align-type-left pap-line-1.8 pap-line-rule-auto pap-spacing-before-2pt pap-spacing-after-2pt\">25.^ Campbell. (Loda:) &ldquo;My short residence at Cosmic would be crucial to what people now call Cosmic music. It was at that time that Baldelli&rsquo;s electronic style melded with my own Afro style &mdash; a term I came up with before Typhoon while playing at Le Cupole in Manerbio.&rdquo;</p>\n<p class=\"paragraph text-align-type-left pap-line-1.8 pap-line-rule-auto pap-spacing-before-2pt pap-spacing-after-2pt\">26.^ Nishimura. (Loda:) &ldquo;By 1979, I had started a weird mix of musical genres at Le cupole discotheque at Manerbio and proceeded with such musical proposals at Bisbi and Good Moon &hellip; I kept these same vibes at &lsquo;Typhoon&rsquo; thereby improving both the proposal and the techniques, and in 1982, &lsquo;Afro&rsquo; music got to &hellip; success thanks in the beginning, also to a series of my tapes known of course as &lsquo;Afro&rsquo;. The term &lsquo;Afro&rsquo; was born out of the need to define with a single keyword, the mix of various alternative musical genres the other DJs and I used to play in that period. &lsquo;Afro&rsquo; is therefore a container holding various alternative musical genres and which well identifies the DJ&rsquo;s mixed style.&rdquo;</p>\n<p class=\"paragraph text-align-type-left pap-line-1.8 pap-line-rule-auto pap-spacing-before-2pt pap-spacing-after-2pt\">27.^ Daniele Baldelli &ndash; COSMIC: The Original 1979&ndash;1984, Amarkord, 2007, ISBN 88-89886-11-0 &ldquo;All of the trend setters of the Peninsula booked a Saturday evening at Cosmic, anxious to participate and listen to that musical phenomenon labelled &lsquo;Afro&rsquo;. Naturally, even if it is still used today, this term was inappropriate, unless one considers Afro as the only root which influenced the various musical styles of Daniele Baldelli. In fact, even if various periods in the history of &lsquo;cosmic&rsquo; can be distinguished (that of funky&ndash;disco in the first year to that of electronic in 1980&ndash;82, followed by moments more influenced by reggae, fusion, jazz and Brazil), [here the author clearly borrows one of Baldelli's quotes from the Wang interview] Daniele Baldelli&rsquo;s Afro style was expressed when he played Ravel&rsquo;s bolero overlapping it with a track by Africa Djola, or an experimental piece by Steve Reich on which he would mix a Malinke chant from New Guinea. Mixing the T-Connection with Moebius and Rodelius, discovering in the album Izitso the only hypnotic-tribal track by Cat Stevens, extracting Africa from Depeche Mode by playing them at 33 rpm or vice versa by creating music using a Reggae voice played at 45 rpm. Mixing 20 or so African tracks on the same electronic drum pattern or by playing them together in batucada with Kraftwerk, using the same electronic effects of a synthesiser to overlap pieces by Miram Makeba, Jorge Ben or Fela Kuti and also by uniting the Indian melodies of Ofra Haza or Sheila Chandra with the German electronic sounds of SKY RECORD.&rdquo;</p>\n<p class=\"paragraph text-align-type-left pap-line-1.8 pap-line-rule-auto pap-spacing-before-2pt pap-spacing-after-2pt\">28.^ Blanchard, Josh (April 13, 2006), \"Astral Traveling\", The Stranger, retrieved 2007-11-07</p>\n<p class=\"paragraph text-align-type-left pap-line-1.8 pap-line-rule-auto pap-spacing-before-2pt pap-spacing-after-2pt\">29.^ Paolo Scotti's liner notes for the Typhoon: Portrait of the Electronic Years compilation CD (2008).</p>\n</div>\n</div>",
 "remarks": "本词条汉字内容由 @多频百科团队 翻译+编辑\n原文译自https://en.wikipedia.org/wiki/Afro/cosmic_music",
 "remarksEn": "本词条内容来自 https://en.wikipedia.org/wiki/Afro/cosmic_music",
 "status": 1,
 "clickNum": 11,
 "deleted": 0,
 "lang": 0,
 "chooseLang": true,
 "id": 218,
 "name": "Afro cosmic Music",
 "descriptions": "Afro/Cosmic Music，是形容1970年代末期至1980年代中期一些大量使用合成器并受非洲文化影响的电子舞蹈音乐，以及当时意大利北部一部分特定Disco舞厅中的DJ所发展和推广的现场混音播放技术。命名中的“Afro”译为“非洲的”，“Cosmic”译为“宇宙的”，这个术语也被称作Afro/cosmic disco，the cosmic sound, free-style sound以及很多组合如cosmic Afro, Afro-cosmic, Afro-freestyle还有Afro-funky等等，它们之间是可以互通使用的。除此之外，slow-motion disco和 Elettronica Meccanica 也与这种类型有关。\n\n意大利 DJ Beppe Loda 和 Daniele Baldelli 都声称自己首创了这种流派和混音风格。",
 "originalName": "",
 "startTimeText": "1970s",
 "startAddress": "Northern Italy",
 "searchStyle": "Disco",
 "styleCategory": "Disco",
 "originalStyle": "Funk, disco, Italo disco, dance, electro, jazz rock, Brazilian music, various forms of African music",
 "affectStyle": "Space disco",
 "deriveStyle": "",
 "representArtist": "",
 "officialUrl": "https://en.wikipedia.org/wiki/Afro/cosmic_music",
 "typeId": 13,
 "typeName": "风格",
 "dataId": 218,
 "url": "http://dropinapp.hearinmusic.com/#/ency?typeId=13&dataId=218"
}