{
 "pageNum": 1,
 "pageSize": 10,
 "params": {},
 "relationChannel": "[{\"id\":1305,\"parentId\":8,\"name\":\"Alternative Hip Hop\"}]",
 "content": "<p><strong>起源</strong></p>\n<p>alternative hip hop起源于1980年代末hip hop的黄金时代中。alternative hip hop是主要由东海岸团体如De La Soul, Jungle Brothers, A Tribe Called Quest和 Digable Planets、 West Coast 艺人如The Pharcyde, Digital Underground, and Freestyle Fellowship以及某些南方艺术家，如Arrested Development, Goodie Mob和OutKast等人作为先锋。与alternative rock运动类似，alternative hip hop在20世纪90年代初进入主流。Arrested Development和The Fugees是首批被主流观众认可的alternative hip hop歌曲。经典专辑《Feet High and Rising》, 《People's Instinctive Travels》，《the Paths of Rhyth》和《Bizarre Ride II the Pharcyd》达到较小的商业上的成功,因为他们获得了很多音乐评论家的赞誉,称赞艺术家们是整个hip hop音乐的未来。De La Soul的首张专辑《3 Feet High and Rising》被称为&ldquo;嘻哈派的佩珀军士&rdquo;，被认为是这一流派的前沿。rap歌手Posdnuos和Trugoy the Dove爱说什么就说什么(包括体臭)，像Biz marie一样在麦克风上肆意妄为。他们的歌词主题从真爱(Eye Know)到毒品的破坏力(Say No Go)，从雏菊时代哲学(Tread Water)到性(Buddy)，几乎不加掩饰。Prince Paul(来自Stetsasonic)和DJ Pasemaster Mase在制作后期处于领先，他们从各种各样的音乐人那里收集了几十个样本，包括Johnny Cash、the Mad boys、Steely Dan、Public Enemy、Hall &amp; Oates和the Turtles。这对搭档不只是像过去大多数hip hop音乐制作人那样，把这些样本用作hooks或drumbreaks，而是作为split-second fills和in-jokes，让一些歌曲听起来更像DJ的唱片。甚至poholes on My Lawn也成为了R&amp;B的热门歌曲，它尝试了口琴和约德唱法(至少是合唱部分)。如果你听了Public Enemy的说唱和制作后，很容易相信革命就在这里，那么De La Soul the Daisy Age似乎预示着hip hop音乐将迎来一个积极的新时代。</p>\n<p>&nbsp;</p>\n<p><strong>20世纪90年代中后期:主流文化衰落</strong></p>\n<p>alternative rock后来成为主流音乐的中流力量，并取代了上一代的glam metal，成为最流行的摇滚音乐形式。与之相反，alternative hip hop的商业发展势头受到了当时同样刚刚兴起、明显更硬的West Coast gangsta rap音乐的阻碍。以咄咄逼人的语气,虚无主义倾向和暴力意象为特点, gangsta rap被认为是更有趣,更有利可图的流派，这是由诸如Snoop Dogg、Warren G和N.W.A等匪帮饶舌歌手的高排行榜、在电台的成功和多张白金销量证明的。它们受到了主要唱片公司的广泛欢迎，并产生了大批模仿者。像《Straight Outta Compton》、《The Chronic》和《Doggystyle》等专辑重新定义了hiphop音乐的方向，这导致了关于黑帮生活方式的抒情诗成为销量的推动力。90年代中期，随着East Coast hardcore rap艺人的出现和流行，这种情况开始转变。这些艺人包括Wu-Tang Clan, Nas, The Notorious b.i.g.和Mobb Deep。West Coast gangsta rap和East Coast hardcore和他们的许多衍生品随后在流行音乐中变得更加突出，而alternative rap在很大程度上被降级到地下场景。随着这一发展，许多alternative rap表演最终要么解散，要么淡出人们的生活。 音乐评论家Stephen Rodrick在他1995年出版的关于hiphop文化现状的书中写道，当时alternative rap &ldquo;几乎不受其他说唱歌手和城市观众的欢迎&rdquo;，他得出的结论是，这一亚流派彻底失败了。Jeff Weiss在 (Red Bull Music Academy的在线刊物上写道:&ldquo;随着CD销量的激增和像圣经一样长的专辑列表，rap音乐在70年代中期发现自己处于与摇滚相似的境地。&rdquo;如果主流喜欢镀金的奢华，另一种逃避主义则珍视饶舌的怪异&rdquo;，他引用了这一时期的《Doctor Octagon》、《Deltron 3030》和《Prince Paul》的录音。</p>\n<p>&nbsp;</p>\n<p><strong>2000年代- 2010年代:复兴</strong></p>\n<p>然而，在20世纪90年代末和21世纪初，随着普通大众对独立音乐重新产生兴趣，独立音乐又开始复苏。自20世纪90年代中期以来，独立唱片公司如Rawkus Records, Rhymesayers, antion, Stones Throw和Definitive Jux等，另类说唱乐队如MF DOOM, Atmosphere, anti - pop Consortium, Black Star, Doomtree, Pharoahe Monch, El-P, Quasimoto和Aesop Rock，都经历了较小的主流成功。21世纪初，alternative hip hop在主流中重新获得一席之地，部分原因是gangsta rap的商业活力下降，以及OutKast, Kanye West和Gnarls Barkley等艺术家的跨界成功。 OutKast的第五张录音室专辑《Speakerboxxx/The Love Below》不仅获得了乐评人的一致好评，并成功地吸引了不同年龄、不同音乐流派的听众，而且还推出了两首冠军单曲。这张专辑最终赢得了格莱美年度专辑奖，是第二张获得这个奖的hiphop专辑。美国唱片工业协会(RIAA)发布的专辑销量超过1100万张，达到白金销量11倍，成为有史以来最畅销的专辑之一。 Gnarls Barkley的首张单曲《Crazy》出人意料地大获成功。由于下载量高，这首歌在几个国家的单曲排行榜上都登上了榜首，包括英国，它还成为了2006年英国最畅销的单曲。这首歌被《滚石》和《乡村之声》的年度Pazz &amp; Jop乐评人投票评为2006年最佳歌曲。《滚石》杂志后来将《Crazy》列为十年来的第一名歌曲。这首歌仅在美国就卖出了200多万张，并被RIAA认证为双白金唱片。这对组合获得了多项荣誉，在第49届格莱美奖上获得了最佳urban/ Alternative表演奖和最佳Alternative音乐专辑奖。 行业观察家认为2007年Kanye West的Graduation和50 Cent的Curtis之间的销售竞争是嘻哈音乐的一个转折点。侃爷成为了赢家，仅在第一周就卖出了近100万册。XXL的Ben Detrick认为，&ldquo;销售竞争的结果改变了嘻哈的方向，并为那些没有遵循hardcore-gangster模式的新说唱歌手铺平了道路。2007年，50 Cent和Kanye竞争谁的专辑会有更好的销量。50 Cent轻易输掉了，而且很明显，优秀的创作胜于街头生活的经历。&rdquo;</p>\n<p>&nbsp;</p>\n<p><strong>批判和文化反应</strong></p>\n<p>虽然有些组合获得了商业上的成功，但大多数alternative rap往往更受alternative rock听众和独立音乐爱好者的欢迎，而不是hiphop或流行音乐听众。艺术家通过商业电台等媒体渠道获得的曝光有限，主要依靠校园电台和各种独立媒体渠道。alternative rap获得了评论界的一致好评，但通常被美国主流媒体所回避，并被广泛认为在商业上没有吸引力。纽约电台名人兼口语歌手Imhotep Gary Byrd的单曲The Crown因&ldquo;太黑人、太积极&rdquo;而被美国多家电台拒绝。然而，这首歌很受欢迎，并在欧洲成为热门歌曲。这首歌在英国单曲排行榜上排名第六，成为英国单曲排行榜历史上进入前十的最长纪录。alternative hip hop运动并不仅仅局限于美国，像索马里裔加拿大诗人K'naan、日本说唱歌手Shing02，尤其是英国艺术家M.I.A.这样的alternative hip hop歌手已经在世界范围内获得了相当大的认可。K'naan 2009年的单曲《Wavin' Flag》在加拿大百强单曲榜上排名第二，其多种混音作品也在多个国家的排行榜上登顶。Shing02被选为Battlecry的说唱歌手，Battlecry是由日本爵士说唱DJ Nujabes制作的、受嘻哈音乐影响的田原动画《武士Champloo》的主题曲。《时代》杂志将M.I.A列为&ldquo;世界上最具影响力的100人&rdquo;之一，因为他&ldquo;在许多领域都具有全球影响力&rdquo;。在这段时间里，像英国动画乐队&ldquo;Gorillaz&rdquo;这样的乐队也经历了主流音乐的普及，从&ldquo;Gorillaz&rdquo;到&ldquo;Demon Days&rdquo;，专辑总销量超过2000万张。今天由于社交网络和在线传播的使用越来越多，许多alternative rap歌手能够被广泛的听众所接受。</p>",
 "remarks": "本词条汉字内容由 @多频百科团队 翻译+编辑\n参考链接：https://en.wikipedia.org/wiki/Alternative_hip_hop",
 "remarksEn": "本词条内容暂未完善仅供参考，多频百科小编正在火速赶来",
 "status": 0,
 "clickNum": 1,
 "deleted": 0,
 "lang": 0,
 "chooseLang": false,
 "id": 278,
 "name": "Alternative Hip Hop",
 "descriptions": "Alternative hip hop起源于1980年代末hip hop的黄金时代中。",
 "originalName": "alternative rap",
 "startTimeText": "Late 1980s",
 "startAddress": "United States",
 "searchStyle": "Hip Hop Music",
 "styleCategory": "Hip Hop Music",
 "originalStyle": "jazz，soul，reggae，folk",
 "affectStyle": "Hip hop，funk，pop rock",
 "deriveStyle": "Jazz rap，emo rap，prog-rap",
 "representArtist": "",
 "officialUrl": "https://en.wikipedia.org/wiki/Alternative_hip_hop",
 "typeId": 13,
 "typeName": "风格",
 "dataId": 278,
 "url": "http://dropinapp.hearinmusic.com/#/ency?typeId=13&dataId=278"
}