{
 "pageNum": 1,
 "pageSize": 10,
 "params": {},
 "relationChannel": "[{\"id\":1100,\"parentId\":8,\"name\":\"Amapiano\"}]",
 "content": "<p>Amapiano是2012年在南非兴起的一种House音乐风格。Amapiano是Deep House、Jazz和Lounge的混合体，其特点是合成器、空气感的pad和宽阔而有冲击力的basslines，并有高亢的钢琴旋律、Kwaito basslines、低速的90年代南非House节奏和来自另一个当地House子流派Bacardi的打击乐元素。</p>\n<p>&nbsp;</p>\n<p><strong>起源</strong></p>\n<p>尽管该类型在Gauteng地区广受欢迎，但其起源却有很多歧义。 它起源于约翰内斯堡乡镇（Soweto，Alexandra，Vosloorus和Katlehong），早期由各种音乐风格组成。 由于该流派与Barcadi的相似之处，有人断言该类型始于比勒陀利亚地区的DJ Mujava，该DJ Mujava是由比勒陀利亚出租车司机流行起来的，并且一直在争论Amapiano的起源问题.关于谁形成了这一流行流派的各种说法使其无法准确地确定其起源。</p>\n<p>&nbsp;</p>\n<p><strong>人气</strong></p>\n<p>该流派于2020年在整个非洲大陆获得了越来越高的知名度，在远离南非原产地的国家，数字流和排行榜的成功都有显著的增长。&nbsp;</p>\n<p>&nbsp;</p>\n<p><strong>代表艺人</strong></p>\n<p>Busiswa</p>\n<p>Gaba Cannal</p>\n<p>Kabza De Small</p>\n<p>JazziDisciples</p>\n<p>Mr JazziQ</p>\n<p>DJ Maphorisa</p>\n<p>Kamo Mphela</p>\n<p>Nia Pearl</p>\n<p>Moonchild Sanelly</p>\n<p>Sha Sha</p>\n<p>Samthing Soweto</p>",
 "contentEn": "<p><strong>Amapiano</strong>&nbsp;(Zulu&nbsp;for \"the&nbsp;pianos\"<sup id=\"cite_ref-1\" class=\"reference\">[1]</sup>) is a style of&nbsp;house&nbsp;music that emerged in&nbsp;South Africa&nbsp;in 2012. Amapiano is a hybrid of&nbsp;deep house,&nbsp;jazz&nbsp;and&nbsp;lounge&nbsp;music characterized by synths, airy pads and wide and percussive basslines.<sup id=\"cite_ref-2\" class=\"reference\">[2]</sup>&nbsp;It is distinguished by high-pitched piano melodies, Kwaito basslines, low tempo 90s South African house rhythms and&nbsp;percussions&nbsp;from another local subgenre of house known as&nbsp;Bacardi.<sup id=\"cite_ref-3\" class=\"reference\">[3]</sup></p>\n<p>&nbsp;</p>\n<h2><span id=\"Origins\" class=\"mw-headline\">Origins</span></h2>\n<p>Although the genre gained popularity in&nbsp;Gauteng, there's a lot of ambiguity concerning its origins, with various accounts of the musical styles in the&nbsp;Johannesburg&nbsp;townships -&nbsp;Soweto,&nbsp;Alexandra,&nbsp;Vosloorus&nbsp;and&nbsp;Katlehong. Because of the genre's similarities with Bacardi, some people assert the genre began in&nbsp;Pretoria&nbsp;and has been an on going debate about the origin of Amapiano.<sup id=\"cite_ref-4\" class=\"reference\">[4]</sup><sup id=\"cite_ref-5\" class=\"reference\">[5]</sup><sup id=\"cite_ref-6\" class=\"reference\">[6]</sup></p>\n<p>&nbsp;</p>\n<p>Various accounts as to who formed the popular genre make it impossible to accurately pinpoint its origins.<sup id=\"cite_ref-7\" class=\"reference\">[7]</sup></p>\n<h2>&nbsp;</h2>\n<h2><span id=\"Artists_and_DJs\" class=\"mw-headline\">Artists and DJs</span></h2>\n<p>For a list of amapiano producers and disc jockeys, see:&nbsp;Amapiano musicians</p>\n<h2>&nbsp;</h2>\n<h2><span id=\"Popularity\" class=\"mw-headline\">Popularity</span></h2>\n<p>In 2020, the genre experienced increased popularity across the&nbsp;African&nbsp;continent with noted increases in digital streams and chart successes in countries far from its&nbsp;South African&nbsp;origin.<sup id=\"cite_ref-8\" class=\"reference\">[8]</sup><sup id=\"cite_ref-9\" class=\"reference\">[9]</sup></p>\n<h2>&nbsp;</h2>\n<h2><span id=\"References\" class=\"mw-headline\">References</span></h2>\n<div class=\"reflist\">\n<div class=\"mw-references-wrap\">\n<ol class=\"references\">\n<li id=\"cite_note-1\"><span class=\"mw-cite-backlink\"><strong>^</strong></span>&nbsp;<span class=\"reference-text\"><cite class=\"citation web cs1\">\"Amapiano - what it's all about?\". musicinafrica.net<span class=\"reference-accessdate\">. Retrieved&nbsp;<span class=\"nowrap\">2021-01-30</span></span>.</cite></span></li>\n<li id=\"cite_note-2\"><span class=\"mw-cite-backlink\"><strong>^</strong></span>&nbsp;<span class=\"reference-text\"><cite class=\"citation web cs1\">\"The 10 Best Amapiano Songs of 2019\".&nbsp;<em>OkayAfrica</em>. 2019-12-17<span class=\"reference-accessdate\">. Retrieved&nbsp;<span class=\"nowrap\">2020-03-29</span></span>.</cite></span></li>\n<li id=\"cite_note-3\" class=\"\"><span class=\"mw-cite-backlink\"><strong>^</strong></span>&nbsp;<span class=\"reference-text\"><cite id=\"CITEREFPrspct2018\" class=\"citation web cs1\">Prspct (2018-11-21).&nbsp;\"New age house music: the rise of \"amapiano<span class=\"cs1-kern-right\">\"</span>\"<span class=\"reference-accessdate\">. Retrieved&nbsp;<span class=\"nowrap\">2019-10-29</span></span>.</cite></span></li>\n<li id=\"cite_note-4\"><span class=\"mw-cite-backlink\"><strong>^</strong></span>&nbsp;<span class=\"reference-text\"><cite class=\"citation web cs1\">\"Amapiano: a township sound with staying power\".&nbsp;<em>TimesLIVE</em><span class=\"reference-accessdate\">. Retrieved&nbsp;<span class=\"nowrap\">2019-10-29</span></span>.</cite></span></li>\n<li id=\"cite_note-5\"><span class=\"mw-cite-backlink\"><strong>^</strong></span>&nbsp;<span class=\"reference-text\"><cite id=\"CITEREFJoyce2019\" class=\"citation web cs1\">Joyce, Liam Karabo (23 October 2019).&nbsp;\"Meet the vocalist featured on the biggest amapiano tracks\". Independent Online<span class=\"reference-accessdate\">. Retrieved&nbsp;<span class=\"nowrap\">1 November</span>&nbsp;2019</span>.</cite></span></li>\n<li id=\"cite_note-6\"><span class=\"mw-cite-backlink\"><strong>^</strong></span>&nbsp;<span class=\"reference-text\"><cite class=\"citation web cs1\">\"Amapiano a new movement... Period\".&nbsp;<em>SowetanLIVE</em><span class=\"reference-accessdate\">. Retrieved&nbsp;<span class=\"nowrap\">2019-10-29</span></span>.</cite></span></li>\n<li id=\"cite_note-7\"><span class=\"mw-cite-backlink\"><strong>^</strong></span>&nbsp;<span class=\"reference-text\"><cite class=\"citation web cs1\">\"Charting the Meteoric Rise of South Africa's AmaPiano\".&nbsp;<em>Spotify</em>. 2019-10-02<span class=\"reference-accessdate\">. Retrieved&nbsp;<span class=\"nowrap\">2019-10-29</span></span>.</cite></span></li>\n<li id=\"cite_note-8\"><span class=\"mw-cite-backlink\"><strong>^</strong></span>&nbsp;<span class=\"reference-text\"><cite id=\"CITEREFMachaieie2019\" class=\"citation web cs1\">Machaieie, Mario (2019-10-21).&nbsp;\"2019 The Year Of The Yanos, How Amapiano Blow up\".&nbsp;<em>Online Youth Magazine | Zkhiphani.com</em><span class=\"reference-accessdate\">. Retrieved&nbsp;<span class=\"nowrap\">2019-10-29</span></span>.</cite></span></li>\n<li id=\"cite_note-9\"><span class=\"mw-cite-backlink\"><strong>^</strong></span>&nbsp;<span class=\"reference-text\"><cite class=\"citation web cs1\">\"Is 'Amapiano' The Number 1 Music Genre In Africa Right Now?\".&nbsp;<em>Midevibez</em><span class=\"reference-accessdate\">. Retrieved&nbsp;<span class=\"nowrap\">2021-07-10</span></span>.</cite></span></li>\n</ol>\n</div>\n</div>",
 "remarks": "本词条汉字内容由 @多频百科团队 翻译+编辑\n原文译自  https://en.wikipedia.org/wiki/Amapiano",
 "remarksEn": "本词条内容来自 https://en.wikipedia.org/wiki/Amapiano",
 "status": 1,
 "clickNum": 18,
 "deleted": 0,
 "lang": 0,
 "chooseLang": true,
 "id": 38,
 "name": "Amapiano",
 "descriptions": "Amapiano是2012年在南非兴起的一种House音乐风格。Amapiano是Deep House、Jazz和Lounge的混合体，其特点是合成器、空气感的pad和宽阔而有冲击力的basslines，并有高亢的钢琴旋律、Kwaito basslines、低速的90年代南非House节奏和来自另一个当地House子流派Bacardi的打击乐元素。",
 "originalName": "",
 "startTimeText": "Mid-2010s",
 "startAddress": "Gauteng, South Africa",
 "searchStyle": "House",
 "styleCategory": "Afro House",
 "originalStyle": "Deep house, kwaito, jazz, lounge",
 "affectStyle": "",
 "deriveStyle": "",
 "representArtist": "",
 "officialUrl": "https://en.wikipedia.org/wiki/Amapiano",
 "typeId": 13,
 "typeName": "风格",
 "dataId": 38,
 "url": "http://dropinapp.hearinmusic.com/#/ency?typeId=13&dataId=38"
}