{
 "pageNum": 1,
 "pageSize": 10,
 "params": {},
 "relationChannel": "[{\"id\":1185,\"parentId\":8,\"name\":\"Ambient Techno\"}]",
 "content": "<div class=\"document\">\n<p class=\"paragraph text-align-type-left pap-line-1.8 pap-line-rule-auto pap-spacing-before-0pt pap-spacing-after-0pt\">Ambient Techno（也称为intelligent techno）是20世纪90年代Techno和Ambient音乐的一个分支，它将Ambient的氛围与Techno和电子音乐的旋律和节奏元素结合起来。它是由Carl Craig、B12、Aphex Twin、The Orb、Autechre和Biosphere等电子艺术家开创的。</p>\n<p class=\"paragraph text-align-type-left pap-line-1.8 pap-line-rule-auto pap-spacing-before-0pt pap-spacing-after-0pt\">&nbsp;</p>\n<p class=\"paragraph text-align-type-left pap-line-1.8 pap-line-rule-auto pap-spacing-before-0pt pap-spacing-after-0pt\"><strong>特点</strong></p>\n<p class=\"paragraph text-align-type-left pap-line-1.8 pap-line-rule-auto pap-spacing-before-0pt pap-spacing-after-0pt\">AllMusic网站认为Ambient Techno基于Ambient House的场景而搭建，融合了Ambient的 \"飞翔的、层次分明的、流动的、无节拍的实验性 \"和techno的 \"制作精良、高度精细、小调旋律和外太空般的采样\"。Ambient Techno艺术家们将环境音乐艺术家如Brian Eno，Jon Hassell和Wendy Carlos等的作品于来自Techno和Acid House的节奏和Urban舞蹈风格相融合探索。</p>\n<p class=\"paragraph text-align-type-left pap-line-1.8 pap-line-rule-auto pap-spacing-before-0pt pap-spacing-after-0pt\">&nbsp;</p>\n<p class=\"paragraph text-align-type-left pap-line-1.8 pap-line-rule-auto pap-spacing-before-0pt pap-spacing-after-0pt\">艺术家们使用了底特律techno和芝加哥House场景的乐器，包括模拟合成器、Roland TB-303贝斯机和TR-909鼓机，同时也借鉴了ambient和chillout元素。这种风格与Warp、Apollo、GPR和Beyond等厂牌联系在一起，发行的唱片更多的是集中在专辑而不是12英寸的单曲。Ambient techno脱离了在狂欢节上听到的集体性的、以舞蹈为导向的声音，而是作为一种 \"电子听觉音乐 \"的形式受到欢迎。</p>\n<p class=\"paragraph text-align-type-left pap-line-1.8 pap-line-rule-auto pap-spacing-before-0pt pap-spacing-after-0pt\">&nbsp;</p>\n<p class=\"paragraph text-align-type-left pap-line-1.8 pap-line-rule-auto pap-spacing-before-0pt pap-spacing-after-0pt\">评论家Simon Reynolds将这种风格定性为 \"后狂欢流派 \"和 \"19世纪节目音乐的数字更新\"，将其比作 \"克劳德-德彪西（Claude Debussy）的水族神秘主义和森林田园诗\"。</p>\n<p class=\"paragraph text-align-type-left pap-line-1.8 pap-line-rule-auto pap-spacing-before-0pt pap-spacing-after-0pt\">&nbsp;</p>\n<p class=\"paragraph text-align-type-left pap-line-1.8 pap-line-rule-auto pap-spacing-before-0pt pap-spacing-after-0pt\"><strong>历史 </strong></p>\n<p class=\"paragraph text-align-type-left pap-line-1.8 pap-line-rule-auto pap-spacing-before-0pt pap-spacing-after-0pt\">1984年德国音乐人Manuel G&ouml;ttsching的专辑《E2-E4》对Carl Craig、the Black Dog, 和The Orb的ambient techno作品产生了早期影响。The Orb 1991年的专辑《Adventures Beyond the Ultraworld》影响了后来的dub-luf风格的环境电子乐。Aphex Twin在1991年录制的 \"Analogue Bubblebath \"也标志着向冥想、氛围型techno的转变。</p>\n<p class=\"paragraph text-align-type-left pap-line-1.8 pap-line-rule-auto pap-spacing-before-0pt pap-spacing-after-0pt\">&nbsp;</p>\n<p class=\"paragraph text-align-type-left pap-line-1.8 pap-line-rule-auto pap-spacing-before-0pt pap-spacing-after-0pt\">制作人Pete Namlook也发行了大量该类型的音乐，成立了厂牌Fax，成为了这场运动的 \"精神领袖\"。据AllMusic介绍，这种风格的早期经典作品包括Orb的《U.F.Orb》（1992年）、Aphex Twin的《85-92年环境作品精选》（1992年）、Ultramarine的《Every Man and Woman Is a Star》（1991年）和Biosphere的《Microgravity》（1991年）等专辑。</p>\n<p class=\"paragraph text-align-type-left pap-line-1.8 pap-line-rule-auto pap-spacing-before-0pt pap-spacing-after-0pt\">&nbsp;</p>\n<p class=\"paragraph text-align-type-left pap-line-1.8 pap-line-rule-auto pap-spacing-before-0pt pap-spacing-after-0pt\">1992年发行的Warp的《Artificial Intelligence 》合辑确立了这一风格，并收录了Aphex Twin和B12的化名、Autechre、Richie Hawtin和The Orb的Alex Paterson等艺术家。在90年代，诸如Chill Out or Die这样的合辑系列探索了ambient techno和House音乐。</p>\n<p class=\"paragraph text-align-type-left pap-line-1.8 pap-line-rule-auto pap-spacing-before-0pt pap-spacing-after-0pt\">&nbsp;</p>\n<p class=\"paragraph text-align-type-left pap-line-1.8 pap-line-rule-auto pap-spacing-before-0pt pap-spacing-after-0pt\"><strong>发展</strong></p>\n<p class=\"paragraph text-align-type-left pap-line-1.8 pap-line-rule-auto pap-spacing-before-0pt pap-spacing-after-0pt\">为了对抗早期Ambient Techno所呈现出的过多的&ldquo;舒适感&rdquo;的音乐氛围，有些艺术家开始将这种类型朝着更黑暗的声音发展，如Aphex Twin的Selected Ambient Works Volume II（1994），以及Seefeel、David Toop &amp; Max Eastley等艺术家。Virgin Records在1994年发布的合辑《Isolationism》是对这一黑暗向发展趋势Ambient Techno作品的极好总结。</p>\n<p class=\"paragraph text-align-type-left pap-line-1.8 pap-line-rule-auto pap-spacing-before-0pt pap-spacing-after-0pt\">&nbsp;</p>\n<p class=\"paragraph text-align-type-left pap-line-1.8 pap-line-rule-auto pap-spacing-before-0pt pap-spacing-after-0pt\">1995年，制作人Wolfgang Voigt开始发布具有影响力的ambient techno项目Gas，将丰富的氛围与4/4的minimal techno节拍结合在一起。他也是德国厂牌Kompakt的合作运营者，并从2001年起每年在Kompakt发布极具影响力的Ambient Techno合辑系列《Pop Ambient》</p>\n</div>",
 "contentEn": "<p><strong>Ambient techno</strong>&nbsp;(sometimes also called&nbsp;intelligent techno<sup id=\"cite_ref-allmusic_1-0\" class=\"reference\">[1]</sup>) is an offshoot of&nbsp;techno&nbsp;that united the atmospheric textures of&nbsp;ambient music&nbsp;with the rhythmic elements and production of techno and&nbsp;house.<sup id=\"cite_ref-allmusic_1-1\" class=\"reference\">[1]</sup>&nbsp;It was pioneered by 1990s electronic artists such as&nbsp;The Orb,&nbsp;Carl Craig,&nbsp;Aphex Twin,&nbsp;B12,&nbsp;Pete Namlook&nbsp;and&nbsp;Biosphere.</p>\n<h2>&nbsp;</h2>\n<h2><span id=\"Characteristics\" class=\"mw-headline\">Characteristics</span></h2>\n<p>AllMusic&nbsp;states that ambient techno, building off the&nbsp;ambient house&nbsp;scene, blended the \"soaring, layered, aquatic atmospheres of beatless and experimental&nbsp;ambient\" with&nbsp;techno's \"well-produced, thin-sounding electronics;&nbsp;minor-key&nbsp;melodies and alien-sounding samples.\"<sup id=\"cite_ref-allmusic_1-2\" class=\"reference\">[1]</sup>&nbsp;Artists fused the \"environmentalist\" work of&nbsp;Brian Eno,&nbsp;Jon Hassell, and&nbsp;Wendy Carlos&nbsp;with the rhythms of urban dance styles such as techno and&nbsp;acid house.<sup id=\"cite_ref-Bios_2-0\" class=\"reference\">[2]</sup></p>\n<p>&nbsp;</p>\n<p>Artists returned to the instruments of the&nbsp;Detroit techno&nbsp;and&nbsp;Chicago house&nbsp;scenes, including&nbsp;analogue synthesizers, the&nbsp;Roland TB-303&nbsp;bass machine, and the&nbsp;TR-909&nbsp;drum machine.<sup id=\"cite_ref-energy_flash_3-0\" class=\"reference\">[3]</sup>&nbsp;The style would be associated with labels such as&nbsp;Warp,&nbsp;Apollo, GPR, and&nbsp;Beyond,<sup id=\"cite_ref-allmusic_1-3\" class=\"reference\">[1]</sup>&nbsp;with releases focusing more on&nbsp;albums&nbsp;than&nbsp;12-inch singles.<sup id=\"cite_ref-4\" class=\"reference\">[4]</sup></p>\n<p>&nbsp;</p>\n<p>Critic&nbsp;Simon Reynolds&nbsp;characterized the style as a \"post-rave genre\" and \"a digital update of nineteenth century&nbsp;programme music,\" comparing it to \"the aqua-mysticism and forest idylls of&nbsp;Claude Debussy.\"<sup id=\"cite_ref-energy_flash_3-1\" class=\"reference\">[3]</sup>&nbsp;<em>Artforum</em>&nbsp;noted the genre's similarities with&nbsp;new age: \"swaddling the listener in a womblike sound bath, it means retreat from the environment, relief from the stresses of urban existence.\"<sup id=\"cite_ref-5\" class=\"reference\">[5]</sup></p>\n<h2>&nbsp;</h2>\n<h2><span id=\"History\" class=\"mw-headline\">History</span></h2>\n<h3><span id=\"Origins\" class=\"mw-headline\">Origins</span></h3>\n<p>Ambient techno departed from the communal, dance-oriented sound heard at&nbsp;raves&nbsp;and instead gained popularity in the early 1990s as a form of \"electronic listening music.\"<sup id=\"cite_ref-energy_flash_3-2\" class=\"reference\">[3]</sup>&nbsp;The 1984 album&nbsp;<em>E2-E4</em>&nbsp;by German musician&nbsp;Manuel G&ouml;ttsching&nbsp;was an early influence on ambient techno works by&nbsp;Carl Craig,&nbsp;the Black Dog, and&nbsp;The Orb.<sup id=\"cite_ref-6\" class=\"reference\">[6]</sup>&nbsp;The Orb's 1991 album&nbsp;<em>Adventures Beyond the Ultraworld</em>&nbsp;would influence subsequent&nbsp;dub-influenced ambient techno.<sup id=\"cite_ref-energy_flash_3-3\" class=\"reference\">[3]</sup>&nbsp;Aphex Twin's 1991 recording \"Analogue Bubblebath\" would also signal a shift toward meditative, ambient-leaning techno.<sup id=\"cite_ref-energy_flash_3-4\" class=\"reference\">[3]</sup></p>\n<p>&nbsp;</p>\n<p>Producer&nbsp;Pete Namlook&nbsp;released a prodigious amount of music in the genre, starting the label&nbsp;Fax&nbsp;and becoming a \"spiritual leader\" of the movement.<sup id=\"cite_ref-7\" class=\"reference\">[7]</sup>&nbsp;Other prominent artists in the style included&nbsp;Irresistible Force,&nbsp;Higher Intelligence Agency, and&nbsp;Future Sound of London.<sup id=\"cite_ref-8\" class=\"reference\">[8]</sup><sup id=\"cite_ref-Bios_2-1\" class=\"reference\">[2]</sup>&nbsp;According to&nbsp;AllMusic, early classics of the style included albums such as the Orb's&nbsp;<em>U.F.Orb</em>&nbsp;(1992), Aphex Twin's&nbsp;<em>Selected Ambient Works 85-92</em>&nbsp;(1992),&nbsp;Ultramarine's&nbsp;<em>Every Man and Woman Is a Star</em>&nbsp;(1991), and&nbsp;Biosphere's&nbsp;<em>Microgravity</em>&nbsp;(1991).<sup id=\"cite_ref-9\" class=\"reference\">[9]</sup></p>\n<p>&nbsp;</p>\n<p>The release of Warp's&nbsp;<em>Artificial Intelligence</em>&nbsp;compilation in 1992 helped to establish the genre and featured artists such Aphex Twin and&nbsp;B12&nbsp;under aliases,&nbsp;Autechre,&nbsp;Richie Hawtin, and the Orb's&nbsp;Alex Paterson.<sup id=\"cite_ref-energy_flash_3-5\" class=\"reference\">[3]</sup>&nbsp;During the 1990s, compilation series such as&nbsp;<em>Chill Out or Die</em>&nbsp;explored ambient techno and&nbsp;house.<sup id=\"cite_ref-10\" class=\"reference\">[10]</sup></p>\n<h3>&nbsp;</h3>\n<h3><span id=\"Developments\" class=\"mw-headline\">Developments</span></h3>\n<p>In reaction against the more \"cozy\" features of the early ambient techno scene, some artists would move toward a darker sound heard on releases such as Aphex Twin's&nbsp;<em>Selected Ambient Works Volume II</em>&nbsp;(1994) and projects by other \"ambient noir-ists\" such as&nbsp;Seefeel&nbsp;and the duo of&nbsp;David Toop&nbsp;&amp;&nbsp;Max Eastley.<sup id=\"cite_ref-11\" class=\"reference\">[11]</sup>&nbsp;Virgin's 1994 compilation&nbsp;<em>Isolationism</em>&nbsp;served as a summary of this darker tendency.<sup id=\"cite_ref-12\" class=\"reference\">[12]</sup></p>\n<p>&nbsp;</p>\n<p>In 1995, producer&nbsp;Wolfgang Voigt&nbsp;began releasing influential ambient techno projects as&nbsp;Gas, bringing together lush and expansive atmospheres with 4/4&nbsp;minimal techno&nbsp;beats.<sup id=\"cite_ref-13\" class=\"reference\">[13]</sup>&nbsp;Voight co-runs the German label&nbsp;Kompakt, which has released installments of the influential ambient techno compilation series&nbsp;<em>Pop Ambient</em>&nbsp;annually since 2001.<sup id=\"cite_ref-14\" class=\"reference\">[14]</sup></p>\n<h2>&nbsp;</h2>\n<h2><span id=\"References\" class=\"mw-headline\">References</span></h2>\n<div class=\"mw-references-wrap mw-references-columns\">\n<ol class=\"references\">\n<li id=\"cite_note-allmusic-1\"><span class=\"mw-cite-backlink\">^&nbsp;<span class=\"cite-accessibility-label\">Jump up to:</span><sup><em><strong>a</strong></em></sup>&nbsp;<sup><em><strong>b</strong></em></sup>&nbsp;<sup><em><strong>c</strong></em></sup>&nbsp;<sup><em><strong>d</strong></em></sup></span>&nbsp;<span class=\"reference-text\"><cite class=\"citation web cs1\">\"Ambient Techno - Genre Overview\".&nbsp;<em>AllMusic</em><span class=\"reference-accessdate\">. Retrieved&nbsp;<span class=\"nowrap\">6 June</span>&nbsp;2017</span>.</cite></span></li>\n<li id=\"cite_note-Bios-2\"><span class=\"mw-cite-backlink\">^&nbsp;<span class=\"cite-accessibility-label\">Jump up to:</span><sup><em><strong>a</strong></em></sup>&nbsp;<sup><em><strong>b</strong></em></sup></span>&nbsp;<span class=\"reference-text\"><cite id=\"CITEREFCooper\" class=\"citation web cs1\">Cooper, Sean.&nbsp;\"Biosphere - Biography\".&nbsp;<em>AllMusic</em><span class=\"reference-accessdate\">. Retrieved&nbsp;<span class=\"nowrap\">22 May</span>&nbsp;2021</span>.</cite></span></li>\n<li id=\"cite_note-energy_flash-3\"><span class=\"mw-cite-backlink\">^&nbsp;<span class=\"cite-accessibility-label\">Jump up to:</span><sup><em><strong>a</strong></em></sup>&nbsp;<sup><em><strong>b</strong></em></sup>&nbsp;<sup><em><strong>c</strong></em></sup>&nbsp;<sup><em><strong>d</strong></em></sup>&nbsp;<sup><em><strong>e</strong></em></sup>&nbsp;<sup><em><strong>f</strong></em></sup></span>&nbsp;<span class=\"reference-text\"><cite id=\"CITEREFReynolds2012\" class=\"citation book cs1\">Reynolds, Simon (2012).&nbsp;<em>Energy Flash: A Journey Through Rave Music and Dance Culture</em>. Soft Skull Press. pp.&nbsp;156&ndash;7.</cite></span></li>\n<li id=\"cite_note-4\"><span class=\"mw-cite-backlink\"><strong>^</strong></span>&nbsp;<span class=\"reference-text\"><cite class=\"citation journal cs1\">\"Artforum International\".&nbsp;<strong>33</strong>. 1995.</cite></span></li>\n<li id=\"cite_note-5\"><span class=\"mw-cite-backlink\"><strong>^</strong></span>&nbsp;<span class=\"reference-text\"><cite class=\"citation journal cs1\">\"Artforum International\".&nbsp;<strong>33</strong>. 1995.</cite></span></li>\n<li id=\"cite_note-6\"><span class=\"mw-cite-backlink\"><strong>^</strong></span>&nbsp;<span class=\"reference-text\"><cite id=\"CITEREFRietveld2010\" class=\"citation journal cs1\">Rietveld, Hillegonda (2010). \"Infinite Noise Spirals: The Musical Cosmopolitanism of Psytrance\".&nbsp;<em>The Local Scenes and Global Culture of Psytrance</em>. Routledge: 74.</cite></span></li>\n<li id=\"cite_note-7\"><span class=\"mw-cite-backlink\"><strong>^</strong></span>&nbsp;<span class=\"reference-text\"><cite id=\"CITEREFBarr2000\" class=\"citation book cs1\">Barr, Tim (2000).&nbsp;<em>Techno: A Rough Guide</em>. Rough Guides. p.&nbsp;222.</cite></span></li>\n<li id=\"cite_note-8\"><span class=\"mw-cite-backlink\"><strong>^</strong></span>&nbsp;<span class=\"reference-text\"><cite class=\"citation journal cs1\">\"Artforum International\".&nbsp;<strong>33</strong>. 1995.</cite></span></li>\n<li id=\"cite_note-9\"><span class=\"mw-cite-backlink\"><strong>^</strong></span>&nbsp;<span class=\"reference-text\"><cite id=\"CITEREFBush\" class=\"citation web cs1\">Bush, John.&nbsp;\"Every Man and Woman Is a Star &ndash; Ultramarine\".&nbsp;AllMusic<span class=\"reference-accessdate\">. Retrieved&nbsp;<span class=\"nowrap\">13 June</span>&nbsp;2018</span>.</cite></span></li>\n<li id=\"cite_note-10\"><span class=\"mw-cite-backlink\"><strong>^</strong></span>&nbsp;<span class=\"reference-text\"><cite class=\"citation book cs1\"><em>The Bloomsbury Encyclopedia of Popular Music of the World, Volume 11</em>. Bloomsbury. 2017. p.&nbsp;168.</cite></span></li>\n<li id=\"cite_note-11\"><span class=\"mw-cite-backlink\"><strong>^</strong></span>&nbsp;<span class=\"reference-text\"><cite class=\"citation journal cs1\">\"Artforum International\".&nbsp;<strong>33</strong>. 1995.</cite></span></li>\n<li id=\"cite_note-12\"><span class=\"mw-cite-backlink\"><strong>^</strong></span>&nbsp;<span class=\"reference-text\"><cite class=\"citation journal cs1\">\"Artforum International\".&nbsp;<strong>33</strong>. 1995.</cite></span></li>\n<li id=\"cite_note-13\"><span class=\"mw-cite-backlink\"><strong>^</strong></span>&nbsp;<span class=\"reference-text\"><cite class=\"citation web cs1\">\"Gas: Biography &amp; History\".&nbsp;<em>AllMusic</em><span class=\"reference-accessdate\">. Retrieved&nbsp;<span class=\"nowrap\">22 April</span>&nbsp;2018</span>.</cite></span></li>\n<li id=\"cite_note-14\"><span class=\"mw-cite-backlink\"><strong>^</strong></span>&nbsp;<span class=\"reference-text\"><cite id=\"CITEREFColly\" class=\"citation web cs1\">Colly, Joe.&nbsp;\"Pop Ambient 2009\".&nbsp;<em>Pitchfork</em><span class=\"reference-accessdate\">. Retrieved&nbsp;<span class=\"nowrap\">22 May</span>&nbsp;2021</span>.</cite></span></li>\n</ol>\n</div>",
 "remarks": "本词条汉字内容由 @多频百科团队 翻译+编辑\n原文译自 https://en.wikipedia.org/wiki/Ambient_techno",
 "remarksEn": "本词条内容来自 https://en.wikipedia.org/wiki/Ambient_techno",
 "status": 1,
 "clickNum": 17,
 "deleted": 0,
 "lang": 0,
 "chooseLang": true,
 "id": 137,
 "name": "Ambient Techno",
 "descriptions": "Ambient Techno（也称为intelligent techno）是20世纪90年代Techno和Ambient音乐的一个分支，它将Ambient的氛围与Techno和电子音乐的旋律和节奏元素结合起来。它是由Carl Craig、B12、Aphex Twin、The Orb、Autechre和Biosphere等电子艺术家开创的。",
 "originalName": "",
 "startTimeText": "1990s",
 "startAddress": "",
 "searchStyle": "Techno",
 "styleCategory": "Techno",
 "originalStyle": "Techno, ambient, chillout, dub, ambient house, electro",
 "affectStyle": "",
 "deriveStyle": "",
 "representArtist": "Carl Craig, B12, Aphex Twin, The Orb, Autechre, Biosphere.",
 "officialUrl": "https://en.wikipedia.org/wiki/Ambient_techno",
 "typeId": 13,
 "typeName": "风格",
 "dataId": 137,
 "url": "http://dropinapp.hearinmusic.com/#/ency?typeId=13&dataId=137"
}