{
 "pageNum": 1,
 "pageSize": 10,
 "params": {},
 "relationChannel": "[{\"id\":1270,\"parentId\":8,\"name\":\"Ambient Dub\"}]",
 "content": "<div class=\"document\">\n<p class=\"paragraph text-align-type-left pap-line-1.8 pap-line-rule-auto pap-spacing-before-2pt pap-spacing-after-2pt\">Ambient Dub是Ambient与Dub（一种雷鬼音乐与电子音乐的融合风格）的融合。这个词最早是由伯明翰（Birmingham）现已停业的唱片公司&ldquo;超越唱片&rdquo;（Beyond Records）于1990年代初创造的。该唱片公司发行了一系列专辑Ambient Dub Volume 1-4，启发了许多艺术家，包括Bill Laswell，后者在他的音乐项目Divination中使用了相同的描述，在那里他与该类型的其他艺术家合作。Ambient Dub采用Tubby King出名的Dub风格和其他1960年代至1970年代初的牙买加声音艺术家，都使用DJ启发的Ambient电子音乐，并具有所有固有的衰减，回声，均衡和迷幻的电子效果。它通常具有分层技术，并融合了世界音乐，深沉的低音线条和和声的元素。根据David Toop的说法，&ldquo;Ambient Dub就像漫长的回声延迟，随着时间的流逝而循环&hellip;&hellip;将音乐序列的合理顺序变成了一片轰动的海洋。&rdquo; 在Ambient Dub风格之内著名的艺术家包括Dreadzone, Higher Intelligence Agency, The Orb, Gaudi, Ott, Loop Guru, Woob and Transglobal Underground以及Banco de Gaia等。</p>\n<p class=\"paragraph text-align-type-left pap-line-1.8 pap-line-rule-auto pap-spacing-before-2pt pap-spacing-after-2pt\">&nbsp;</p>\n<p class=\"paragraph text-align-type-left pap-line-1.8 pap-line-rule-auto pap-spacing-before-2pt pap-spacing-after-2pt\">&nbsp;</p>\n<p class=\"paragraph text-align-type-left pap-line-1.8 pap-line-rule-auto pap-spacing-before-0pt pap-spacing-after-0pt pap-left-indent-2em\">&nbsp;</p>\n</div>",
 "contentEn": "<div>\n<div class=\"document\">\n<p class=\"paragraph text-align-type-left pap-line-1.8 pap-line-rule-auto pap-spacing-before-2pt pap-spacing-after-2pt\">Ambient dub is a fusion of ambient music with dub. The term was first coined by Birmingham's now defunct label \"Beyond Records\" in early 1990s. The label released series of albums Ambient Dub Volume 1 to 4 that inspired many artists, including Bill Laswell, who used the same phrase in his music project Divination, where he collaborated with other artists in the genre. Ambient dub adopts dub styles made famous by King Tubby and other Jamaican sound artists from the 1960s to the early 1970s, using DJ-inspired ambient electronica, complete with all the inherent drop-outs, echo, equalization and psychedelic electronic effects. It often features layering techniques and incorporates elements of world music, deep bass lines and harmonic sounds. According to David Toop, \"Dub music is like a long echo delay, looping through time...turning the rational order of musical sequences into an ocean of sensation.\" Notable artists within the genre include Dreadzone, Higher Intelligence Agency, The Orb, Gaudi,Ott, Loop Guru, Woob and Transglobal Underground as well as Banco de Gaia.</p>\n</div>\n</div>",
 "remarks": "本词条汉字内容由 @多频百科团队 翻译+编辑\n原文译自 https://en.wikipedia.org/wiki/Ambient_music#Ambient_dub",
 "remarksEn": "本词条内容来自 https://en.wikipedia.org/wiki/Ambient_music#Ambient_dub",
 "status": 1,
 "clickNum": 3,
 "deleted": 0,
 "lang": 0,
 "chooseLang": true,
 "id": 236,
 "name": "Ambient Dub",
 "descriptions": "Ambient Dub是Ambient与Dub（一种雷鬼音乐与电子音乐的融合风格）的融合。",
 "originalName": "",
 "startTimeText": "1960s-1970s",
 "startAddress": "United Kingdom, Jamaica (dub music)  and Japan",
 "searchStyle": "Ambient",
 "styleCategory": "Ambient",
 "originalStyle": "Electronic, beautiful music, background music, light music, easy listening, furniture, lounge, minimal, experimental, drone, krautrock, dub",
 "affectStyle": "Ambient house, ambient techno, biomusic, chill-out, downtempo, IDM, new age, post-rock, space music, trance, trip hop, Ambient dub, ambient house, ambient techno, ambient pop, ambient black metal, illbient, atmospheric drum and bass, Psybient",
 "deriveStyle": "Dark ambient, drone, lowercase",
 "representArtist": "",
 "officialUrl": "https://en.wikipedia.org/wiki/Ambient_music",
 "typeId": 13,
 "typeName": "风格",
 "dataId": 236,
 "url": "http://dropinapp.hearinmusic.com/#/ency?typeId=13&dataId=236"
}