{
 "pageNum": 1,
 "pageSize": 10,
 "params": {},
 "relationChannel": "[{\"id\":1103,\"parentId\":8,\"name\":\"Ambient House\"}]",
 "relationEncy": "[{\"id\":36345,\"typeId\":13,\"dataId\":18,\"name\":\"Ambient\",\"url\":\"http://dropinapp.hearinmusic.com/#/ency?typeId=13&dataId=18\"},{\"id\":36333,\"typeId\":13,\"dataId\":6,\"name\":\"House\",\"url\":\"http://dropinapp.hearinmusic.com/#/ency?typeId=13&dataId=6\"}]",
 "content": "<p>Ambient House是House的一个子风格。是浩室舞曲（House）和氛围音乐（Ambient）的结合。Ambient House舞曲的出现主要是因为在1980年代末、1990年代初，在英国，当时的俱乐部音乐需求已不仅仅停留在跳舞，而是寻求一种更能让人冷静沉思的曲风。所以在当时流行的酸性浩室舞曲（Acid House）之上，The Orb、The KLF等音乐人开始将氛围音乐引入其中。</p>\n<p>&nbsp;</p>\n<p><strong>风格 </strong></p>\n<p>AllMusic将 \"Ambient House \"描述为 \"早期的分类标记，用于区分Orb、the KLF、Irresistible Force、Future Sound of London和Orbital等较新潮的环境艺术家\"，尽管他们指出，对该术语的更严格的解释意味着音乐 \"挪用了酸房子音乐的某些主要元素 -- -- 中拍、四拍地板的节奏；合成垫和弦乐；人声采样 -- -- 以一种更梦幻、更大气的方式使用\"。Ambient house有时会和 \"chill-out \"混为一谈，AllMusic承认 \"ambient house \"这个词现在已经很少使用了，取而代之的是更多具体的流派和术语。</p>\n<p>&nbsp;</p>\n<p><strong>特征 </strong></p>\n<p>Ambient House舞曲具有传统浩室舞曲的一般特点：中速节奏、四四拍、合成器勾勒的弦乐、丰富的人声采样。新增的元素则是更具有梦幻、清冷的氛围效果。让人有一种在沉思梦境中曼舞的感觉。 流行时段 只是在1990初有过短暂的兴起，它从来没有大范围的流行，但是后来的Ambient Techno（氛围科技舞曲）、Ambient Dub(氛围回响)等曲风都以其为启发。 Ambient house在90年代初主要是在英国发展起来的，它采用了类似House音乐风格的节拍、合成器和人声，并以效果处理，通常被描述为 \"梦境 \"或 \"冷艳\"，以提供一种更大气、更放松的感觉，可与Ambient相媲美。虽然不曾发展为一个更大的场景，但它为随后几年的几个类似流派提供了重要的垫脚石，包括Ambient Techno、Ambient Dub、Psybient和Progressive House。主要作品包括The KLF的Chill Out和亲密伙伴The Orb的早期职业生涯，如The Orb的Adventures Beyond the Ultraworld。(本段来自Rateyourmusic.com)</p>\n<p>&nbsp;</p>\n<p><strong>历史 </strong></p>\n<p><span style=\"text-decoration: underline;\">起源</span></p>\n<p>Ambient House，用AllMusic的John Bush的话来说，是由Orb-Alex Paterson和Jimmy Cauty&ldquo;虚构&rdquo;的，在夜总会Heaven的&ldquo;绿野仙踪&rdquo;活动中；；而Mixmag的Dom Phillips则说The Orb \"启动了整个氛围业务\"。尼尔-麦考密克（Neil McCormick）在《每日电讯报》上也同样将Cauty和Paterson归功于这个流派的发明。1989年，Paul Oakenfold在Heaven举办了酸性之夜，而Paterson则与Cauty和Youth在White Room举办了一个寒潮活动。在那里，帕特森以低音量播放布莱恩-伊诺（Brian Eno）、平克-弗洛伊德（Pink Floyd）和10CC的歌曲，并伴随着多屏视频投影。</p>\n<p>&nbsp;</p>\n<p>大约在同一时间，在伦敦的东区，所谓的时空派对在Cable Street举行。这些派对是由Jonah Sharp组织的，目的是鼓励对话而不是跳舞，并有另一个风格的先驱Mixmaster Morris（也被称为Irresistible Force）。</p>\n<p>&nbsp;</p>\n<p>The Orb在the Land of OZ的早期作品受到了各种影响，尤其是Yellow Magic Orchestra（自70年代末开始活跃），这个电子音乐团体经常被认为是Ambient House音乐的先驱，此外还有Steve Reich、Brian Eno、雷鬼音乐和70年代迷幻摇滚的影响，包括Pink Floyd。Paterson和Cauty受到Larry \"Mr. Fingers\" Heard等DJ演奏的house音乐的启发，开始做DJ并创作实验音乐。</p>\n<p>&nbsp;</p>\n<p>The Orb 在1989年10月发行了一首20分钟的歌曲 \"A Huge Ever Growing Pulsating Brain That Rules from the Centre of the Ultraworld \"作为单曲，该曲以 \"明亮、半透明的声音 \"和 \"叮当 \"键盘为特色，并大量取样Minnie Riperton的 \"Lovin' You\"。 同年晚些时候（1989年12月19日），播放了Peel的同一首作品的唱片。</p>\n<p>&nbsp;</p>\n<p><span style=\"text-decoration: underline;\">商业顶峰</span></p>\n<p>1990年2月，Cauty的另一支乐队KLF与Bill Drummond合作，发行了专辑《Chill Out》：\"Ambient House音乐典范中最初的作品之一\"，AllMusic的John Bush称其为 \"必不可少的\"，Pitchfork称其为 \"Ambient House音乐中最有影响力的唱片之一\"，KLF凭借这张专辑 \"在Ambient House领域占据了先机\"（Trouser Press的Ira Robbins）。Grove Dictionary of Music将Chill Out描述为 \"20世纪80年代流行文化版的musique concr&egrave;te\"。在《Chill Out》的新闻稿中，Scott Piering声称 \"ambient house \"一词是KLF \"随口 \"发明的：\"《Chill Out》......包含的音乐已经被媒体称为'ambient house'，这句话被认为是KLF对记者说的一句随口之言。Ambient house似乎是一个很好的称呼，于是这个词就成为了一种流派\"。1990年4月离开The Orb后，Cauty完成了原本打算作为The Orb首张专辑的《Space》，Paterson的The Orb又与Youth一起创作了单曲《Little Fluffy Clouds》--这两张专辑都是Ambient House的重要作品。</p>\n<p>&nbsp;</p>\n<p>1991年，The Orb发行了专辑《The Orb's Adventures Beyond the Ultraworld》，收录了他们之前的两首单曲。The Orb将Moog合成器与宗教合唱和阿波罗11号火箭发射的音频片段结合起来，使Ambient House的 \"太空 \"之声流行起来。 1992年，KLF退出音乐界，而同年The Orb发行的单曲 \"Blue Room \"成为他们最成功的作品，在英国单曲榜上排名第八。这首长达四十分钟的单曲，是英国单曲榜上最长的单曲。它的编辑版出现在当年晚些时候的The Orb专辑《U.F.Orb》中。U.F.Orb将dub的影响带入了ambient-house。在他们的现场专辑《Live 93》发行后的几年里，The Orb基本上停止了他们的氛围-house音乐制作，而专注于制作更多的 \"金属 \"音乐。</p>",
 "contentEn": "<p><strong>Ambient house</strong>&nbsp;is a subgenre of&nbsp;house music&nbsp;that first emerged in the late 1980s, combining elements of&nbsp;acid house&nbsp;and&nbsp;ambient music.</p>\n<p>&nbsp;</p>\n<h2><span id=\"Genre\" class=\"mw-headline\">Genre</span></h2>\n<p>AllMusic&nbsp;describes \"ambient house\" as an \"early categorical marker used to distinguish newer wave&nbsp;ambient&nbsp;artists such as&nbsp;the Orb,&nbsp;the KLF,&nbsp;Irresistible Force,&nbsp;Future Sound of London, and&nbsp;Orbital\", although they note that a more rigorous interpretation of the term implied music \"appropriating certain primary elements of&nbsp;acid house&nbsp;music -- midtempo,&nbsp;four-on-the-floor&nbsp;beats; synth pads and strings; soaring vocal samples -- used in a dreamier, more atmospheric fashion\".<sup id=\"cite_ref-amg-genre_2-0\" class=\"reference\">[2]</sup>&nbsp;Ambient house is sometimes conflated with \"chill-out\",<sup id=\"cite_ref-dmm_3-0\" class=\"reference\">[3]</sup>&nbsp;and AllMusic acknowledges that the term \"ambient house\" is now rarely used, replaced by a morass of more specific genres and terms.<sup id=\"cite_ref-amg-genre_2-1\" class=\"reference\">[2]</sup></p>\n<h2>&nbsp;</h2>\n<h2><span id=\"History\" class=\"mw-headline\">History</span></h2>\n<h3><span id=\"Origins\" class=\"mw-headline\">Origins</span></h3>\n<p>Ambient house was, in the words of John Bush at AllMusic, \"virtually invented\" by&nbsp;The Orb&nbsp;-&nbsp;Alex Paterson&nbsp;and&nbsp;Jimmy Cauty&nbsp;- during The Land of Oz events at the night-club&nbsp;Heaven;<sup id=\"cite_ref-AMG-Orb_4-0\" class=\"reference\">[4]</sup>&nbsp;while Dom Phillips at&nbsp;<em>Mixmag</em>&nbsp;has said the Orb \"kickstarted the whole ambient business\".<sup id=\"cite_ref-mixmag-chill-out_5-0\" class=\"reference\">[5]</sup>&nbsp;Neil McCormick&nbsp;has similarly credited Cauty and Paterson with inventing the genre, in&nbsp;<em>The Daily Telegraph</em>.<sup id=\"cite_ref-6\" class=\"reference\">[6]</sup>&nbsp;In 1989,&nbsp;Paul Oakenfold&nbsp;ran the&nbsp;acid house&nbsp;night at&nbsp;Heaven, and Paterson ran a chill-out counterpart in the White Room with Cauty and&nbsp;Youth.<sup id=\"cite_ref-made-clouds_7-0\" class=\"reference\">[7]</sup>&nbsp;There, Paterson spun&nbsp;Brian Eno,&nbsp;Pink Floyd, and&nbsp;10CC&nbsp;songs at low volume and accompanied them with multiscreen video projections.<sup class=\"noprint Inline-Template Template-Fact\">[<em><span title=\"This claim needs references to reliable sources. (March 2020)\">citation needed</span></em>]</sup>&nbsp;Around the same time, in the&nbsp;East End&nbsp;of&nbsp;London, so-called spacetime parties were held at&nbsp;Cable Street. These parties, organized by&nbsp;Jonah Sharp, were designed to encourage conversation rather than dance, and featured&nbsp;Mixmaster Morris&nbsp;(also known as the Irresistible Force),<sup id=\"cite_ref-ecstasy_8-0\" class=\"reference\">[8]</sup>&nbsp;another pioneer of the genre.<sup id=\"cite_ref-amg-genre_2-2\" class=\"reference\">[2]</sup></p>\n<p>&nbsp;</p>\n<p>The Orb's early work at the Land of Oz drew from various influences, particularly&nbsp;Yellow Magic Orchestra&nbsp;(active since the late 1970s), an&nbsp;electronic music&nbsp;group frequently cited as a pioneer of ambient house music,<sup id=\"cite_ref-9\" class=\"reference\">[9]</sup>&nbsp;in addition to influences from&nbsp;Steve Reich,&nbsp;Brian Eno,&nbsp;reggae music, and 1970s&nbsp;psychedelic rock, including&nbsp;Pink Floyd. Inspired by the house music played by DJs such as&nbsp;Larry \"Mr. Fingers\" Heard, Paterson and Cauty began DJing and composing experimental music.</p>\n<p>&nbsp;</p>\n<p>The Orb released the twenty-minute track \"A Huge Ever Growing Pulsating Brain That Rules from the Centre of the Ultraworld\" as a single in October 1989, making it to the UK singles chart at No. 78. The track featured \"bright, translucent sounds\" and \"tinkl[ing]\" keyboards, as well as heavily sampling&nbsp;Minnie Riperton's \"Lovin' You\".<sup id=\"cite_ref-century_10-0\" class=\"reference\">[10]</sup>&nbsp;A&nbsp;Peel session&nbsp;of the same composition was broadcast later that year (19 December 1989).<sup id=\"cite_ref-11\" class=\"reference\">[11]</sup></p>\n<h3>&nbsp;</h3>\n<h3><span id=\"Commercial_peak\" class=\"mw-headline\">Commercial peak</span></h3>\n<p>In February 1990, Cauty's other band&nbsp;the KLF, a partnership with&nbsp;Bill Drummond, released the album&nbsp;<em>Chill Out</em>:<sup id=\"cite_ref-klf-discog_12-0\" class=\"reference\">[12]</sup>&nbsp;\"one of the initial works in the ambient house canon\" and \"essential\" according to John Bush at AllMusic,<sup id=\"cite_ref-13\" class=\"reference\">[13]</sup>&nbsp;\"one of the most influential records in ambient house music\" according to&nbsp;<em>Pitchfork</em>,<sup id=\"cite_ref-14\" class=\"reference\">[14]</sup>&nbsp;and an album with which the KLF were \"claiming pre-eminence in the ambient house field\" (Ira Robbins&nbsp;of&nbsp;<em>Trouser Press</em>).<sup id=\"cite_ref-15\" class=\"reference\">[15]</sup>&nbsp;<em>The Grove Dictionary of Music</em>&nbsp;describes&nbsp;<em>Chill Out</em>&nbsp;as \"a 1980s pop culture version of&nbsp;musique concr&egrave;te\".<sup id=\"cite_ref-grove_16-0\" class=\"reference\">[16]</sup>&nbsp;In a press release for&nbsp;<em>Chill Out</em>,&nbsp;Scott Piering&nbsp;claimed that the term \"ambient house\" had been invented \"off-the-cuff\" by the KLF: \"<em>Chill Out</em>... contains music which the media have already dubbed 'ambient house', a phrase that has been attributed to the KLF as an off-the-cuff remark spoken to a journalist. Ambient house seemed as good as anything to call it and the phrase became a genre\".<sup id=\"cite_ref-17\" class=\"reference\">[17]</sup>&nbsp;After leaving The Orb in April 1990,<sup id=\"cite_ref-AMG-Orb_4-1\" class=\"reference\">[4]</sup>&nbsp;Cauty finished work on&nbsp;<em>Space</em>,<sup id=\"cite_ref-18\" class=\"reference\">[18]</sup>&nbsp;which was originally intended to be the Orb's debut album,<sup id=\"cite_ref-made-clouds_7-1\" class=\"reference\">[7]</sup><sup id=\"cite_ref-19\" class=\"reference\">[19]</sup>&nbsp;and Paterson's Orb went on to create the single \"Little Fluffy Clouds\" with Youth &ndash;<sup id=\"cite_ref-made-clouds_7-2\" class=\"reference\">[7]</sup>&nbsp;both important works of ambient house. The KLF retired from the music industry in 1992,<sup id=\"cite_ref-20\" class=\"reference\">[20]</sup></p>\n<p>&nbsp;</p>\n<p>In 1991, The Orb released the album&nbsp;<em>The Orb's Adventures Beyond the Ultraworld</em>, featuring both of their previous singles. Combining&nbsp;Moog synthesizers&nbsp;with religious&nbsp;chorales&nbsp;and audio clips of the&nbsp;Apollo 11&nbsp;rocket launch, The Orb popularized the \"spacy\" sound of ambient house.<sup id=\"cite_ref-century_10-1\" class=\"reference\">[10]</sup>&nbsp;The album would influence subsequent&nbsp;dub&nbsp;influenced electronic music.<sup id=\"cite_ref-energy_flashb_21-0\" class=\"reference\">[21]</sup>&nbsp;In 1992, The Orb released the single \"Blue Room\" which was to become their most successful, reaching eighth place in the&nbsp;UK singles chart. At forty minutes, it was the longest single to reach the UK charts.<sup id=\"cite_ref-22\" class=\"reference\">[22]</sup>&nbsp;An edited form of it appeared on The Orb album&nbsp;<em>U.F.Orb</em>&nbsp;later that year.&nbsp;<em>U.F.Orb</em>&nbsp;reached No. 1 in the UK albums chart;&nbsp;AllMusic&nbsp;called it \"the commercial and artistic peak of the ambient-house movement.\"<sup id=\"cite_ref-23\" class=\"reference\">[23]</sup>&nbsp;In the years after the release of their live album,&nbsp;<em>Live 93</em>, The Orb largely stopped their ambient-house music production, instead concentrating on producing more \"metallic\" music.<sup id=\"cite_ref-century_10-2\" class=\"reference\">[10]</sup></p>\n<h2>&nbsp;</h2>\n<h2><span id=\"References\" class=\"mw-headline\">References</span></h2>\n<div class=\"reflist\">\n<div class=\"mw-references-wrap mw-references-columns\">\n<ol class=\"references\">\n<li id=\"cite_note-energy_flash-1\"><span class=\"mw-cite-backlink\"><strong>^</strong></span>&nbsp;<span class=\"reference-text\"><cite id=\"CITEREFReynolds2012\" class=\"citation book cs1\">Reynolds, Simon (2012).&nbsp;<em>Energy Flash: A Journey Through Rave Music and Dance Culture</em>. Soft Skull Press. pp.&nbsp;166&ndash;7.</cite></span></li>\n<li id=\"cite_note-amg-genre-2\" class=\"\"><span class=\"mw-cite-backlink\">^&nbsp;<span class=\"cite-accessibility-label\">Jump up to:</span><sup><em><strong>a</strong></em></sup>&nbsp;<sup><em><strong>b</strong></em></sup>&nbsp;<sup><em><strong>c</strong></em></sup></span>&nbsp;<span class=\"reference-text\">Ambient House&nbsp;at&nbsp;AllMusic. Retrieved 8 March 2020.</span></li>\n<li id=\"cite_note-dmm-3\"><span class=\"mw-cite-backlink\"><strong>^</strong></span>&nbsp;<span class=\"reference-text\"><cite id=\"CITEREFSnoman2013\" class=\"citation book cs1\">Snoman, Rick (2013).&nbsp;<em>Dance Music Manual: Tools, Toys, and Techniques</em>. Taylor &amp; Francis. pp.&nbsp;88, 330, 340&ndash;342.&nbsp;ISBN&nbsp;<bdi>978-1136115745</bdi><span class=\"reference-accessdate\">. Retrieved&nbsp;<span class=\"nowrap\">17 May</span>&nbsp;2014</span>.</cite></span></li>\n<li id=\"cite_note-AMG-Orb-4\"><span class=\"mw-cite-backlink\">^&nbsp;<span class=\"cite-accessibility-label\">Jump up to:</span><sup><em><strong>a</strong></em></sup>&nbsp;<sup><em><strong>b</strong></em></sup></span>&nbsp;<span class=\"reference-text\">Bush, John.&nbsp;The Orb&nbsp;at&nbsp;AllMusic. Retrieved 5 March 2020.</span></li>\n<li id=\"cite_note-mixmag-chill-out-5\"><span class=\"mw-cite-backlink\"><strong>^</strong></span>&nbsp;<span class=\"reference-text\"><cite id=\"CITEREFPhillips1996\" class=\"citation magazine cs1\">Phillips, Dom (1 March 1996).&nbsp;\"50 greatest dance albums - No. 5, Chill Out - The KLF\".&nbsp;<em>Mixmag</em>.</cite>&nbsp;Archived (via the Library of Mu) on 16 September 2016.</span></li>\n<li id=\"cite_note-6\"><span class=\"mw-cite-backlink\"><strong>^</strong></span>&nbsp;<span class=\"reference-text\"><cite id=\"CITEREFMcCormick1998\" class=\"citation news cs1\">McCormick, Neil&nbsp;(11 October 1998).&nbsp;\"Yes, this is the cutting edge of rave music\". The Arts.&nbsp;<em>The Daily Telegraph</em>. London. p.&nbsp;26. Archived from&nbsp;the original&nbsp;on February 26, 2016<span class=\"reference-accessdate\">. Retrieved&nbsp;<span class=\"nowrap\">11 March</span>&nbsp;2020</span>.</cite></span></li>\n<li id=\"cite_note-made-clouds-7\"><span class=\"mw-cite-backlink\">^&nbsp;<span class=\"cite-accessibility-label\">Jump up to:</span><sup><em><strong>a</strong></em></sup>&nbsp;<sup><em><strong>b</strong></em></sup>&nbsp;<sup><em><strong>c</strong></em></sup></span>&nbsp;<span class=\"reference-text\"><cite id=\"CITEREFSimpson2016\" class=\"citation news cs1\">Simpson, Dave (7 June 2016).&nbsp;\"How we made the Orb's Little Fluffy Clouds\".&nbsp;<em>The Guardian</em>&nbsp;(Interview with Youth and Alex Paterson)<span class=\"reference-accessdate\">. Retrieved&nbsp;<span class=\"nowrap\">7 March</span>&nbsp;2020</span>.</cite></span></li>\n<li id=\"cite_note-ecstasy-8\"><span class=\"mw-cite-backlink\"><strong>^</strong></span>&nbsp;<span class=\"reference-text\">Reynolds, Simon.&nbsp;<em>Generation ecstasy: into the world of techno and rave culture</em>. New York: Routledge, 1999.</span></li>\n<li id=\"cite_note-9\"><span class=\"mw-cite-backlink\"><strong>^</strong></span>&nbsp;<span class=\"reference-text\">Yellow Magic Orchestra&nbsp;at&nbsp;AllMusic. Retrieved 2011-05-25.</span></li>\n<li id=\"cite_note-century-10\"><span class=\"mw-cite-backlink\">^&nbsp;<span class=\"cite-accessibility-label\">Jump up to:</span><sup><em><strong>a</strong></em></sup>&nbsp;<sup><em><strong>b</strong></em></sup>&nbsp;<sup><em><strong>c</strong></em></sup></span>&nbsp;<span class=\"reference-text\">Prendergast, Mark.&nbsp;<em>The Ambient Century: From Mahler to Moby-The Evolution of Sound in the Electronic Age</em>. London:&nbsp;Bloomsbury Publishing Plc, 2003.</span></li>\n<li id=\"cite_note-11\"><span class=\"mw-cite-backlink\"><strong>^</strong></span>&nbsp;<span class=\"reference-text\">Thompson, Dave.&nbsp;Peel Sessions - The Orb&nbsp;at&nbsp;AllMusic</span></li>\n<li id=\"cite_note-klf-discog-12\"><span class=\"mw-cite-backlink\"><strong>^</strong></span>&nbsp;<span class=\"reference-text\"><cite id=\"CITEREFLongmire2020\" class=\"citation web cs1\">Longmire, Ernie; et&nbsp;al. (2020) [1998].&nbsp;\"Discography: The KLF (including The JAMS, The Timelords, 2K etc.)\".&nbsp;Archived&nbsp;from the original on 29 February 2020.</cite></span></li>\n<li id=\"cite_note-13\"><span class=\"mw-cite-backlink\"><strong>^</strong></span>&nbsp;<span class=\"reference-text\">Bush, John.&nbsp;Chill Out&nbsp;at&nbsp;AllMusic. Retrieved 5 March 2020.</span></li>\n<li id=\"cite_note-14\"><span class=\"mw-cite-backlink\"><strong>^</strong></span>&nbsp;<span class=\"reference-text\"><cite id=\"CITEREFSherburne2020\" class=\"citation web cs1\">Sherburne, Philip&nbsp;(16 February 2020).&nbsp;\"The KLF: Chill Out\".&nbsp;<em>Pitchfork</em><span class=\"reference-accessdate\">. Retrieved&nbsp;<span class=\"nowrap\">16 February</span>&nbsp;2020</span>.</cite></span></li>\n<li id=\"cite_note-15\"><span class=\"mw-cite-backlink\"><strong>^</strong></span>&nbsp;<span class=\"reference-text\"><cite id=\"CITEREFRobbins\" class=\"citation web cs1\">Robbins, Ira.&nbsp;\"The KLF\".&nbsp;<em>Trouser Press</em><span class=\"reference-accessdate\">. Retrieved&nbsp;<span class=\"nowrap\">19 April</span>&nbsp;2006</span>.</cite></span></li>\n<li id=\"cite_note-grove-16\"><span class=\"mw-cite-backlink\"><strong>^</strong></span>&nbsp;<span class=\"reference-text\"><cite id=\"CITEREFFulford-Jones2001\" class=\"citation encyclopaedia cs1\">Fulford-Jones, Will (2001). \"Ambient house\". In Root, Deane L. (ed.).&nbsp;<em>The New Grove Dictionary of Music and Musicians</em>. Oxford University Press.</cite>&lrm;</span></li>\n<li id=\"cite_note-17\"><span class=\"mw-cite-backlink\"><strong>^</strong></span>&nbsp;<span class=\"reference-text\"><cite class=\"citation pressrelease cs1\">\"The KLF - \"Chill Out\".. (Ambient house) LP\"&nbsp;(Press release).&nbsp;Appearing. 1990.</cite></span></li>\n<li id=\"cite_note-18\"><span class=\"mw-cite-backlink\"><strong>^</strong></span>&nbsp;<span class=\"reference-text\">Bush, John.&nbsp;Space&nbsp;at&nbsp;AllMusic. Retrieved 6 March 2020.</span></li>\n<li id=\"cite_note-19\"><span class=\"mw-cite-backlink\"><strong>^</strong></span>&nbsp;<span class=\"reference-text\"><cite class=\"citation web cs1\">\"KLF Communications Info Sheet Nine\".&nbsp;KLF Communications. June 1990.</cite>&nbsp;Archived (via the Library of Mu) on 12 March 2007.</span></li>\n<li id=\"cite_note-20\"><span class=\"mw-cite-backlink\"><strong>^</strong></span>&nbsp;<span class=\"reference-text\"><cite id=\"CITEREFShaw1992\" class=\"citation magazine cs1\">Shaw, William&nbsp;(July 1992).&nbsp;\"Who Killed The KLF\".&nbsp;<em>Select</em>.</cite>&nbsp;Archived (via the Library of Mu) on 11 October 2016.</span></li>\n<li id=\"cite_note-energy_flashb-21\"><span class=\"mw-cite-backlink\"><strong>^</strong></span>&nbsp;<span class=\"reference-text\"><cite id=\"CITEREFReynolds2012\" class=\"citation book cs1\">Reynolds, Simon (2012).&nbsp;<em>Energy Flash: A Journey Through Rave Music and Dance Culture</em>. Soft Skull Press. pp.&nbsp;156&ndash;7.</cite></span></li>\n<li id=\"cite_note-22\"><span class=\"mw-cite-backlink\"><strong>^</strong></span>&nbsp;<span class=\"reference-text\"><cite class=\"citation web cs1\">\"Record-Breakers and Trivia - everyHit.com\".&nbsp;<em>www.everyhit.com</em>.</cite></span></li>\n<li id=\"cite_note-23\"><span class=\"mw-cite-backlink\"><strong>^</strong></span>&nbsp;<span class=\"reference-text\"><cite id=\"CITEREFBush\" class=\"citation web cs1\">Bush, John.&nbsp;\"U.F.Orb &ndash; The Orb\".&nbsp;AllMusic<span class=\"reference-accessdate\">. Retrieved&nbsp;<span class=\"nowrap\">20 November</span>2015</span>.</cite></span></li>\n</ol>\n</div>\n</div>",
 "remarks": "本词条汉字内容由 @多频百科团队 翻译+编辑\n原文译自 https://en.wikipedia.org/wiki/Ambient_house",
 "remarksEn": "本词条内容来自 https://en.wikipedia.org/wiki/Ambient_house",
 "status": 1,
 "clickNum": 14,
 "deleted": 0,
 "lang": 0,
 "chooseLang": true,
 "id": 42,
 "name": "Ambient House",
 "descriptions": "Ambient House是House的一个子风格。是浩室舞曲（House）和氛围音乐（Ambient）的结合。",
 "originalName": "New Age house",
 "startTimeText": "Late 1980s",
 "startAddress": "United Kingdom and Japan",
 "searchStyle": "House, Ambient",
 "styleCategory": "House",
 "originalStyle": "Ambient, house, new-age, acid house, electro",
 "affectStyle": "Ambient techno, trance, IDM",
 "deriveStyle": "",
 "representArtist": "",
 "officialUrl": "https://en.wikipedia.org/wiki/Ambient_house",
 "typeId": 13,
 "typeName": "风格",
 "dataId": 42,
 "url": "http://dropinapp.hearinmusic.com/#/ency?typeId=13&dataId=42"
}