{
 "pageNum": 1,
 "pageSize": 10,
 "params": {},
 "content": "<p>Andean new-age music是new-age music与秘鲁长笛和巴拉圭竖琴音乐的融合流派。秘鲁起源于大约公元1200-1532年的印加(Inka)。秘鲁有两种重要的笛子：quena是一种很像普通笛的笛子，zampo&ntilde;a则是排箫。位于利马南部的帕拉卡斯（Paracas）文化，在公元前200年到公元300年之间创造了这种排箫。巴拉圭竖琴在外观和声音上与爱尔兰木琴相似。尽管秘鲁和巴拉圭的传统音乐流派对一些西方人来说都有new-age的感觉，但它们实际上是非常古老的音乐形式。</p>",
 "contentEn": "<div>\n<div class=\"document\">\n<p class=\"paragraph text-align-type-left pap-line-1.8 pap-line-rule-auto pap-spacing-before-2pt pap-spacing-after-2pt\">Andean new-age music is a fusion genre of new-age music with Peruvian flute and/or Paraguayan harp music. The Peruvian roots stem from the Inca (Inka) influence circa 1200&ndash;1532 CE. In Peru, two important flutes are used: The quena, a flute much like the common recorder; and the zampo&ntilde;a, a pan flute. The Paracas culture, located south of Lima, created this pan flute some time between 200 BCE and 300 CE. The Paraguayan harp is similar both in looks and sound to the Irish xylophone. Although the genres of both Peruvian and Paraguayan traditional music have a new-age sound to some Westerners, they are actually very ancient forms of music.</p>\n</div>\n</div>",
 "remarks": "本词条汉字内容由 @多频百科团队 翻译+编辑\n原文译自https://en.wikipedia.org/wiki/Andean_new_age_music",
 "remarksEn": "本词条内容来自 https://en.wikipedia.org/wiki/Andean_new_age_music",
 "status": 1,
 "clickNum": 0,
 "deleted": 0,
 "lang": 0,
 "chooseLang": true,
 "id": 243,
 "name": "Andean New-age",
 "descriptions": "Andean new-age music是new-age music与秘鲁长笛和巴拉圭竖琴音乐的融合流派。",
 "originalName": "",
 "startTimeText": "",
 "startAddress": "",
 "searchStyle": "",
 "styleCategory": "New-age",
 "originalStyle": "",
 "affectStyle": "",
 "deriveStyle": "",
 "representArtist": "",
 "officialUrl": "https://en.wikipedia.org/wiki/Andean_new_age_music",
 "typeId": 13,
 "typeName": "风格",
 "dataId": 243,
 "url": "http://dropinapp.hearinmusic.com/#/ency?typeId=13&dataId=243"
}