{
 "pageNum": 1,
 "pageSize": 10,
 "params": {},
 "relationChannel": "[{\"id\":1366,\"parentId\":8,\"name\":\"Asian Underground\"}]",
 "content": "<p>Asian Underground是一个与各种英籍亚裔和南亚裔加拿大音乐家（主要是印度、巴基斯坦、孟加拉国和斯里兰卡）有关的术语，他们融合了西方地下舞曲和南亚本国传统亚洲音乐的元素。这种声音植根于南亚散居地，许多著名的音乐人都是移民或移民的子女，第一次被提及是1997年发行的由Talvin Singh和Sweety Kapoor主编的合辑Anokha - Soundz of the Asian Underground.它本身并不是一种严格的音乐流派，因为特定的声音可以有很大的不同（从Cornershop的宝莱坞影响的Britpop到Panjabi MCs的bhangra影响的jungle）。</p>\n<p>&nbsp;</p>\n<p>历史</p>\n<p>1980年代，Asian Underground 催生了bhangra音乐流派，后来在1990年代和2000年代成为主流。20世纪90年代，Asian Underground 被认为是时髦的，并突破了主流，Apache Indian和Cornershop等艺人经常进入英国排行榜，前者的 \"Boom Shack-A-Lak\"（1993年）出现在许多流行电影中，后者在1998年以 \"Brimful of Asha \"登顶排行榜。这种风格和其他形式的南亚音乐开始影响欧洲的流行主流，像Bj&ouml;rk、Bananarama、Erasure和Siouxsie and the Banshees都推出了以南亚乐器为特色的单曲或混音。塔尔文-辛格（Talvin Singh）以其创新的印度古典音乐与drum and bass的融合而闻名，随后他的专辑《OK》在1999年获得了水星音乐奖。Asian Underground最初对次大陆的印度流行音乐影响不大，通常被打上世界音乐的烙印。虽然几位Asian Underground音乐人如Apache Indian、Trickbaby和Bally Sagoo在印度声名鹊起，但直到Panjabi MC的国际名曲 \"Mundian To Bach Ke \"之后，British-Asian underground 除了吸引全世界的听众外，还能与印度国内的艺术家如Shankar Mahadevan和Remo Fernandes竞争。随后，由制作人Rishi Rich和艺术家Jay Sean、Mumzy Stranger、Juggy D和Veronica Mehta组成的Rishi Rich项目在全球范围内获得成功。他们是最早将Bhangra音乐与当代R&amp;B音乐融合的团体之一，在他们的歌曲被收录到主流宝莱坞的配乐中后，如Boom、Kya Kool Hai Hum和Hum Tum，在印度获得了巨大的成功。此后，Asian underground 对印度主流流行音乐产生了一定的影响。Asian underground也影响了2000年代美国主流的嘻哈、R&amp;B和城市音乐，包括Timbaland、Truth Hurts、Jay-Z、Snoop Dogg、Missy Elliott和Britney Spears等艺人。根据DJ Green Lantern的说法，\"印度节拍现在已经成为R&amp;B舞台上的常客\"。由亚洲配音基金会制作的音乐也曾出现在流行的视频游戏的背景音乐中，如Need For Speed Underground.几位前Asian underground音乐人，如M.I.A.和Jay Sean在北美音乐界取得了主流的成功，他们制作的主流歌曲，如 \"Paper Planes \"和 \"Down\"，在Billboard Hot 100榜上名列前茅。<br />主要乐器 Asian underground乐队使用了许多传统的和比较新的乐器。它的主要乐器是西塔琴和塔布拉琴，几乎所有的艺术家都使用电子或原声鼓组和/或合成器。有些团体如Tabla Beat Science使用电贝斯。其他各种乐器，包括dholak、sarangi和bansuri有时也被使用。在许多Asian underground音乐的录音中，可以发现人声是一种情感表达的工具。著名艺术家 Kelli Ali Anik Khan Suzana Ansar Apache 印度亚洲Dub基金会 Badmarsh &amp; Shri Bandish Projekt Biddu Black Star Liner Niraj Chag Dhol基金会 Bobby Friction Fun-Da-Mental Heems Joi Karsh Kale Loop Guru M.I.A. MIDIval Punditz Anuj Rastogi Veronica Mehta Cheb i Sabbah Gurdeep Samra Iraj Weeraratne Pragathi Guruprasad Nitin Sawhney Talvin Singh 孟加拉邦 Suphala Tabla Beat Science Transglobal Underground Trilok Gurtu jai uttal Vraja Daniel Masson Amar (歌手) Aki Nawaz DCS 著名厂牌 Axiom Records Nation Records Shiva Soundsystem Six Degrees Records 著名合辑 Anokha ---------- 录音带 Soundz of the Asian Underground Eastern Uprising - Music from the Asian Underground, 编译：Earthtribe，发行于Sony/Higherground Indian Electronica volume 001，编译：Qasim Virjee a.k.a. Abdul Smooth。 k.a. Abdul Smooth</p>",
 "remarks": "本词条内容暂未完善仅供参考，多频百科小编正在火速赶来",
 "remarksEn": "本词条内容暂未完善仅供参考，多频百科小编正在火速赶来",
 "status": 0,
 "clickNum": 1,
 "deleted": 0,
 "lang": 0,
 "chooseLang": false,
 "id": 352,
 "name": "Asian Underground",
 "descriptions": "Asian Underground是一个与各种英籍亚裔和南亚裔加拿大音乐家（主要是印度、巴基斯坦、孟加拉国和斯里兰卡）有关的术语，他们融合了西方地下舞曲和南亚本国传统亚洲音乐的元素。这种声音植根于南亚散居地，许多著名的音乐人都是移民或移民的子女，第一次被提及是1997年发行的由Talvin Singh和Sweety Kapoor主编的合辑Anokha - Soundz of the Asian Underground.它本身并不是一种严格的音乐流派，因为特定的声音可以有很大的不同（从Cornershop的宝莱坞影响的Britpop到Panjabi MCs的bhangra影响的jungle）。",
 "originalName": "",
 "startTimeText": "",
 "startAddress": "",
 "searchStyle": "Electronica",
 "styleCategory": "Electronica",
 "originalStyle": "",
 "affectStyle": "",
 "deriveStyle": "",
 "representArtist": "",
 "officialUrl": "https://en.wikipedia.org/wiki/Asian_Underground",
 "typeId": 13,
 "typeName": "风格",
 "dataId": 352,
 "url": "http://dropinapp.hearinmusic.com/#/ency?typeId=13&dataId=352"
}