{
 "pageNum": 1,
 "pageSize": 10,
 "params": {},
 "relationChannel": "[{\"id\":1154,\"parentId\":8,\"name\":\"Atmospheric drum and bass\"}]",
 "content": "<p>Atmospheric Drum and Bass是Intelligent Drum and Bass演化而来的细分类型，它有着更为沉静的氛围以及更合成质感的音色。这类风格的先驱艺人包括Calibre、Zero Tolerance (Zero T) &amp; Beta 2、London Elektricity、High Contrast、Logistics、Nu:Tone、Danny Byrd、Cyantific、Netsky、Lenzman、Technimatic (Technicolour &amp; Komatic)、Hobzee &amp; Zyon Base、Paul T &amp; Edward Oberon、Hybrid Minds等，先驱厂牌包括Hospital Records、Fokuz Records和Liquid V等。</p>",
 "contentEn": "<p><strong>Atmospheric drum and bass</strong>&nbsp;creates a calmer yet more synthetic sound. It was pioneered by&nbsp;London Elektricity, and&nbsp;Nu:Tone.</p>",
 "remarks": "本词条汉字内容由 @多频百科团队 翻译+编辑\n原文译自 https://en.wikipedia.org/wiki/Drum_and_bass#Light_drum_and_bass",
 "remarksEn": "本词条内容来自 https://en.wikipedia.org/wiki/Drum_and_bass#Light_drum_and_bass",
 "status": 1,
 "clickNum": 14,
 "deleted": 0,
 "lang": 0,
 "chooseLang": true,
 "id": 104,
 "name": "Atmospheric drum and bass",
 "descriptions": "Atmospheric Drum and Bass是Intelligent Drum and Bass演化而来的细分类型，它有着更为沉静的氛围以及更合成质感的音色。这类风格的先驱艺人包括Calibre、Zero Tolerance (Zero T) & Beta 2、London Elektricity、High Contrast、Logistics、Nu:Tone、Danny Byrd、Cyantific、Netsky、Lenzman、Technimatic (Technicolour & Komatic)、Hobzee & Zyon Base、Paul T & Edward Oberon、Hybrid Minds等，先驱厂牌包括Hospital Records、Fokuz Records和Liquid V等。",
 "originalName": "",
 "startTimeText": "",
 "startAddress": "英国",
 "searchStyle": "Drum and Bass",
 "styleCategory": "Drum and Bass",
 "originalStyle": "Intelligent drum & bass",
 "affectStyle": "",
 "deriveStyle": "",
 "representArtist": "London Elektricity, High Contrast, Logistics, Nu:Tone",
 "officialUrl": "https://en.wikipedia.org/wiki/Drum_and_bass#Light_drum_and_bass",
 "typeId": 13,
 "typeName": "风格",
 "dataId": 104,
 "url": "http://dropinapp.hearinmusic.com/#/ency?typeId=13&dataId=104"
}