{
 "pageNum": 1,
 "pageSize": 10,
 "params": {},
 "relationChannel": "[{\"id\":1368,\"parentId\":8,\"name\":\"Azonto\"}]",
 "content": "<p>Azonto是加纳的一种舞蹈和音乐流派。加纳通讯社援引他们的研究发现，这种舞蹈与传统的嘎族舞蹈Kpanlogo有关，与该国的沿海城镇有关，如大阿克拉地区的Chorkor、James Town、Teshie、Nungua和Tema。</p>\n<p>&nbsp;</p>\n<p>Apaa舞，也就是Azonto舞，包括一系列的手部动作，要么是模仿日常活动，特别是与人们的生活有关的活动，要么是为了取悦观众的动作。</p>\n<p>&nbsp;</p>\n<p>和大多数非洲舞蹈一样，Azonto也有屈膝和屈髋的动作，从最初的一步或两步动作发展到现在的更复杂，几乎是杂技动作。这种舞蹈已经有效地从几个基本动作发展到模仿熨衣服、洗衣服、开车、拳击、祈祷、游泳等动作。</p>\n<p>&nbsp;</p>\n<p>历史</p>\n<p>Azonto是一种交流性舞蹈，据信起源于 \"Apaa\"，字面意思是工作。Apaa是用来显示个人的职业。此后，Azonto进一步发展为传递密码信息的舞蹈。后来这种舞蹈进入了大多数加纳人的脑海。同年（2013年），大多数加纳的音乐视频中都充满了Azonto，后来传到了大多数非洲国家和世界其他地区。流行音乐研究者Jesse Weaver Shipley称，和hiplife一样，Azonto的流行也是其在散居地互动的直接结果。Azonto被国外的人认定为加纳的土著，被国内的人认定为世界主义 \"Azonto在国际上的流行最早可以追溯到R2Bees即将推出的歌曲之一 \"Azonto\"，但Guru的Lapaz Toyota和后来的制作人NshonnaMusick用有Sarkodie（说唱歌手）和EL（说唱歌手）的歌曲 \"You Go Kill Me \"让Azonto重新焕发了活力。后来在社交媒体上流行起来的是以快节奏描绘这种舞蹈形式的音乐视频、上传到YouTube上的没有商业意图的自制舞蹈教学视频，以及主要由加纳人和居住在英国、德国和美国的其他非洲国民完成的集体编舞。随着全世界对加纳Azonto的兴趣，以及Azonto这个名字本身被用于各种娱乐活动，如Azonto石油，加纳阿松托委员会的成立是为了组织加纳最流行的艺术和娱乐活动（Azonto），同时也以委员会为部门，支持团体或个人利用Azonto舞蹈和其他形式促进加纳、和平和各界人士的团结。</p>",
 "remarks": "本词条内容暂未完善仅供参考，多频百科小编正在火速赶来",
 "remarksEn": "本词条内容暂未完善仅供参考，多频百科小编正在火速赶来",
 "status": 0,
 "clickNum": 1,
 "deleted": 0,
 "lang": 0,
 "chooseLang": false,
 "id": 355,
 "name": "Azonto",
 "descriptions": "Azonto是加纳的一种舞蹈和音乐流派。加纳通讯社援引他们的研究发现，这种舞蹈与传统的嘎族舞蹈Kpanlogo有关，与该国的沿海城镇有关，如大阿克拉地区的Chorkor、James Town、Teshie、Nungua和Tema。\n\nApaa舞，也就是Azonto舞，包括一系列的手部动作，要么是模仿日常活动，特别是与人们的生活有关的活动，要么是为了取悦观众的动作。\n\n和大多数非洲舞蹈一样，Azonto也有屈膝和屈髋的动作，从最初的一步或两步动作发展到现在的更复杂，几乎是杂技动作。这种舞蹈已经有效地从几个基本动作发展到模仿熨衣服、洗衣服、开车、拳击、祈祷、游泳等动作。",
 "originalName": "",
 "startTimeText": "",
 "startAddress": "\tGhana",
 "searchStyle": "Electronica",
 "styleCategory": "Afrobeats",
 "originalStyle": "",
 "affectStyle": "",
 "deriveStyle": "",
 "representArtist": "",
 "officialUrl": "https://en.wikipedia.org/wiki/Azonto",
 "typeId": 13,
 "typeName": "风格",
 "dataId": 355,
 "url": "http://dropinapp.hearinmusic.com/#/ency?typeId=13&dataId=355"
}