{
 "pageNum": 1,
 "pageSize": 10,
 "params": {},
 "relationChannel": "[{\"id\":1331,\"parentId\":8,\"name\":\"Baggy\"}]",
 "content": "<p>Baggy是80年代末90年代初流行的英国indie-dance流派的名称，很多被称为 \"baggy \"的艺人都是来自Madchester现场的乐队。</p>\n<p>&nbsp;</p>\n<p><strong>历史</strong></p>\n<p>indie-dance的发源地是巴利阿里节奏的现场（在那里你会发现DJ们在播放各种混合唱片，包括像Thrashing Doves的 \"Jesus on the Payroll \"和Paul Oakenfold这样的制作人的摇滚/舞曲混合唱片）和英格兰西北部的 indie music 现场，其中包括Tony Wilson的工厂唱片和曼彻斯特的前后朋克乐队Stone Roses。尽管他们并没有与Factory Records签约，而是与Paul Birch在Wolverhampton的Revolver Records签约（在与Jive Records的Silvertone签约之前），但乐队与Tony Wilson、Martin Hannett和Peter Hook都有联系，在John Leckie接手之前，New Order的贝斯手被安排制作他们的首张专辑。正是Leckie制作了Stone Roses的单曲 \"Fools Gold\"（一张独立舞曲唱片，其中有一个显著的 \"shufflebeat\"，它来自一个基于Clyde Stubblefield的 \"Funky Drummer \"鼓型的四小节循环），主要是Stone Roses的歌迷们开始穿上时尚的衣服，这也给了这个流派/场景一个另类的名字。Madchester 和Scally 虽然在地理上并不局限于曼彻斯特市，但许多Madchester乐队如Happy Mondays、Northside和the Stone Roses都被形容为baggy，反之亦然。由于baggy的特点是psychedelia 和受acid house影响的吉他音乐，通常带有 \"funky drummer \"的节奏，因此，英国其他城市的新的独立舞曲乐队在Madchester乐队的突破后出现了，尽管利物浦的一些乐队认为他们已经是独立于Madchester乐队的场景的一部分（有时被称为 \"Scally\"）。一些乐队，如Candy Flip、Blur和The Soup Dragons，重新塑造了他们的声音和形象，以适应新的场景。这导致一些评论家指责baggy乐队跳槽和衍生歌曲创作。在流行音乐的独立舞曲时代，乐队可以分为两个阵营，一个是可以被称为baggy的乐队（通常是Madchester的乐队，还有一些其他的乐队，比如来自伦敦的Flowered Up），另一个是可以被称为 alternative dance的乐队（比如Jesus Jones和Shamen，他们更多的是受到techno的启发）。The Shamen一开始是一支psychedelic indie rock乐队，与早期的Shoegaze乐队有一些共同的特点，但他们的风格会在psychedelic indie rock和acid house之间蜕变，然后吸收更多的电子乐元素成为舞曲，这一点与Beloved有异曲同工之妙，他们的职业生涯在 \" the Second Summer of Love \"之后从独立乐队变成了舞曲二人组。</p>\n<p>&nbsp;</p>\n<p><strong>服装</strong></p>\n<p>除了音乐，还出现了一种穿衣方式，这也是baggy名字的由来。baggy牛仔裤（通常是喇叭形的）和颜色鲜艳或扎染的休闲上衣，以及一般的60年代风格，首先在曼彻斯特，然后在全国范围内成为时尚--经常以Stone Roses乐队鼓手Reni所戴的渔夫帽作为装饰。整体造型是部分狂欢、部分复古或部分嬉皮、部分足球休闲。很多Madchester的乐队都有足球休闲爱好者，不少乐队甚至还穿着足球衫。Eaitisham'Shami'Ahmed在曼彻斯特的Joe Bloggs时装品牌专门迎合现场的需求，使他成为百万富翁。一般认为，法国造型师Marith&eacute;和Fran&ccedil;ois Girbaud是最早将baggy风格融入时尚界的设计师之一，尽管这种风格源于北方的soul场景。这个场景包括参加Twisted Wheel的Phil Saxe，他在曼彻斯特的Gangway市场上摆摊卖喇叭和宽松的衣服，以及经营Crazyface的Joe Moss。</p>\n<p>&nbsp;</p>\n<p><strong>遗产</strong></p>\n<p>一些baggy乐队发展成独立摇滚或英国流行乐队，他们在整个90年代仍然很受欢迎。The Charlatans保留了他们的人气，尽管他们的声音和外观几乎没有留下什么痕迹。Baggy风格被Grunge和Britpop风格所取代。除了致敬乐队，独立音乐领域也没有这种风格，2001年的曼彻斯特乐队Waterfall等乐队的复兴之声也未能引起唱片公司的兴趣。目前，另一波以过去baggy Manchester声音为风格的乐队正在进行中。诸如Kasabian、Reverend and the Makers、The Ruling Class、Sulk、The Bavarian Druglords和Working for a Nuclear Free City等乐队都以不同的形式复兴这种风格，并被拿来与Stone Roses和Madchester sound相比较。</p>",
 "remarks": "本词条内容暂未完善仅供参考，多频百科小编正在火速赶来",
 "remarksEn": "本词条内容暂未完善仅供参考，多频百科小编正在火速赶来",
 "status": 0,
 "clickNum": 1,
 "deleted": 0,
 "lang": 0,
 "chooseLang": false,
 "id": 309,
 "name": "Baggy",
 "descriptions": "Baggy是80年代末90年代初流行的英国indie-dance流派的名称，很多被称为 \"baggy \"的艺人都是来自Madchester现场的乐队。",
 "originalName": "",
 "startTimeText": "Late 1980s – 1990s;",
 "startAddress": "Manchester, United Kingdom",
 "searchStyle": "Electronic Rock",
 "styleCategory": "Madchester",
 "originalStyle": "Madchester, neo-psychedelia, acid house",
 "affectStyle": "Britpop",
 "deriveStyle": "",
 "representArtist": "",
 "officialUrl": "https://en.wikipedia.org/wiki/Baggy",
 "typeId": 13,
 "typeName": "风格",
 "dataId": 309,
 "url": "http://dropinapp.hearinmusic.com/#/ency?typeId=13&dataId=309"
}