{
 "pageNum": 1,
 "pageSize": 10,
 "params": {},
 "relationChannel": "[{\"id\":1206,\"parentId\":8,\"name\":\"Balearic Trance\"}]",
 "content": "<div>\n<div class=\"document\">\n<p class=\"paragraph text-align-type-left pap-line-1.8 pap-line-rule-auto pap-spacing-before-0pt pap-spacing-after-0pt\">Balearic Trance, 又称Ibiza trance，是由Balearic beat演变而来的一种trance音乐亚流派。最早为人所知的Balearic trance作品可以追溯到1990年代，在Balearic beat出现后的几年。</p>\n<p class=\"paragraph text-align-type-left pap-line-1.8 pap-line-rule-auto pap-spacing-before-0pt pap-spacing-after-0pt\">&nbsp;</p>\n<p class=\"paragraph text-align-type-left pap-line-1.8 pap-line-rule-auto pap-spacing-before-0pt pap-spacing-after-0pt\"><strong>历史 </strong></p>\n<p class=\"paragraph text-align-type-left pap-line-1.8 pap-line-rule-auto pap-spacing-before-0pt pap-spacing-after-0pt\">它产生于20世纪80年代的Balearic House，并以Balearic island Ibiza命名。不一致的是，这个风格的名字一直与trance和Balearic beat有关。</p>\n<p class=\"paragraph text-align-type-left pap-line-1.8 pap-line-rule-auto pap-spacing-before-0pt pap-spacing-after-0pt\">&nbsp;</p>\n<p class=\"paragraph text-align-type-left pap-line-1.8 pap-line-rule-auto pap-spacing-before-0pt pap-spacing-after-0pt\"><strong>特点</strong></p>\n<p class=\"paragraph text-align-type-left pap-line-1.8 pap-line-rule-auto pap-spacing-before-0pt pap-spacing-after-0pt\">Balearic trance与Balearic beat一样保持着 \"Balearic \"的音色，而Balearic trance的特点是节奏较高，约为125 bpm至145 bpm，一般在130 bpm左右。由于以西班牙为基地，所以常从拉丁音乐中衍生出来。它主要关注氛围，使其在许多方面与dream trance相似。\"这种音乐似乎完美地捕捉到了柔和的地中海日落的情绪，也许是因为它使用了弦乐器，比如西班牙吉他和曼陀铃，以及与地中海相关的东西，比如海洋、鸟类和其他从ambient trance中借鉴的东西。\"</p>\n</div>\n</div>",
 "contentEn": "<p><strong>Balearic trance</strong>, also known as&nbsp;<strong>Ibiza trance</strong>&nbsp;is a&nbsp;trance music&nbsp;subgenre which evolved from&nbsp;Balearic beat. The earliest known Balearic trance compositions date back to a few years after the emergence of Balearic beat in the 1990s.</p>\n<h2>&nbsp;</h2>\n<h2><span id=\"History\" class=\"mw-headline\">History</span></h2>\n<p>It came out of&nbsp;Balearic House&nbsp;in the 1980s, and named after the&nbsp;Balearic island&nbsp;of&nbsp;Ibiza.<sup class=\"noprint Inline-Template Template-Fact\">[<em><span title=\"This claim needs references to reliable sources. (April 2014)\">citation needed</span></em>]</sup>&nbsp;Inconsistently, the style name has always been connected to&nbsp;trance&nbsp;and Balearic beat.</p>\n<h2>&nbsp;</h2>\n<h2><span id=\"Style\" class=\"mw-headline\">Style</span></h2>\n<p>Balearic trance keeps the same \"Balearic\" timbre as Balearic beat, while Balearic trance is characterized by a higher tempo of around 125 bpm to 145 bpm, typically around 130 bpm. Being based in Spain, it is often derived from Latin music. It has a primary focus on atmosphere, making it similar in many regards to&nbsp;dream trance.</p>\n<p>&nbsp;</p>\n<p>\"This music seems to capture the mood of a soft, Mediterranean sunset perfectly, maybe because of its use of string instruments, like&nbsp;Spanish guitars&nbsp;and&nbsp;mandolins&nbsp;and things associated with the Mediterranean, like oceans, birds, and other things borrowed from ambient trance.\"<sup id=\"cite_ref-1\" class=\"reference\">[1]</sup></p>\n<h2>&nbsp;</h2>\n<h2><span id=\"References\" class=\"mw-headline\">References</span></h2>\n<div class=\"reflist\">\n<div class=\"mw-references-wrap\">\n<ol class=\"references\">\n<li id=\"cite_note-1\"><span class=\"mw-cite-backlink\"><strong>^</strong></span>&nbsp;<span class=\"reference-text\">Ishkur's Guide to Electronic Music. Retrieved 22 April 2014.</span></li>\n</ol>\n</div>\n</div>",
 "remarks": "本词条汉字内容由 @多频百科团队 翻译+编辑\n原文译自 https://en.wikipedia.org/wiki/Balearic_trance",
 "remarksEn": "本词条内容来自 https://en.wikipedia.org/wiki/Balearic_trance",
 "status": 1,
 "clickNum": 17,
 "deleted": 0,
 "lang": 0,
 "chooseLang": true,
 "id": 166,
 "name": "Balearic Trance",
 "descriptions": "Balearic Trance, 又称Ibiza trance，是由Balearic beat演变而来的一种trance音乐亚流派。最早为人所知的Balearic trance作品可以追溯到1990年代，在Balearic beat出现后的几年。",
 "originalName": "",
 "startTimeText": "1990s",
 "startAddress": "Balearic Islands, Spain",
 "searchStyle": "Trance",
 "styleCategory": "Trance",
 "originalStyle": "Trance, Balearic beat, electronica, Mediterranean music",
 "affectStyle": "",
 "deriveStyle": "",
 "representArtist": "",
 "officialUrl": "https://en.wikipedia.org/wiki/Balearic_trance",
 "typeId": 13,
 "typeName": "风格",
 "dataId": 166,
 "url": "http://dropinapp.hearinmusic.com/#/ency?typeId=13&dataId=166"
}