{
 "pageNum": 1,
 "pageSize": 10,
 "params": {},
 "relationChannel": "[{\"id\":1144,\"parentId\":8,\"name\":\"Baltimore Club\"}]",
 "content": "<div class=\"document\">\n<p>Baltimore Club（巴尔的摩俱乐部，也叫Bmore Club，Bmore house，Bmore），是breakbeat和house流派的融合。它通常被称为混合了嘻哈和切碎的、顿挫的House音乐。它由2 Live Crew的Luther Campbell、Frank Ski、Miss Tony、Scottie B.和DJ Spen于20世纪80年代末在美国马里兰州巴尔的摩开创。</p>\n<p>&nbsp;</p>\n<p>Baltimore Club是基于8/4节拍结构，包括每分钟130拍左右的节奏。它结合了重复的、循环的人声片段，类似于trap、bounce、ghetto house和ghettotech。Baltimore Club是一种基于样本的breakbeat形式，使用的样本包括Sanford and Son、SpongeBob SquarePants和Elmo's World等节目的主题曲，以及Family Guy、South Park &amp; Ren &amp; Stimpy等节目的样本--不过也可以是简单重复的短语和吟唱。器乐曲包括沉重的breakbeats和呼唤和回应的段落，类似于华盛顿特区的go-go音乐，最突出的breakbeats采样包括迪斯科乐队Gaz的 \"Sing Sing \"和Lyn Collins的 \"Think（About It）\"。</p>\n<p>&nbsp;</p>\n<p class=\"paragraph text-align-type-left pap-line-1.8 pap-line-rule-auto pap-spacing-before-0pt pap-spacing-after-0pt\"><strong>历史</strong></p>\n<p class=\"paragraph text-align-type-left pap-line-1.8 pap-line-rule-auto pap-spacing-before-0pt pap-spacing-after-0pt\"><span style=\"text-decoration: underline;\">起源 </span></p>\n<p class=\"paragraph text-align-type-left pap-line-1.8 pap-line-rule-auto pap-spacing-before-0pt pap-spacing-after-0pt\">Baltimore本地的唱片店对这一流派的发展至关重要，早期采用者包括Scottie B、Shawn Caesar和DJ Equalizer后来加入了DJ Patrick、Kenny B、DJ Class、Diamond K、DJ Technics等人。后来，DJ Patrick、Kenny B、DJ Class、Diamond K、DJ Technics等人也加入其中。</p>\n<p class=\"paragraph text-align-type-left pap-line-1.8 pap-line-rule-auto pap-spacing-before-0pt pap-spacing-after-0pt\">&nbsp;</p>\n<p class=\"paragraph text-align-type-left pap-line-1.8 pap-line-rule-auto pap-spacing-before-0pt pap-spacing-after-0pt\">UK breakbeat Hardcore唱片对这一流派影响很大。Blapps! Records(英国)厂牌1989年至1992年期间发行了几张唱片，这些唱片被认为是巴尔的摩流派的经典之作，也是英国锐舞场景中的经典之作。 \"Don't Hold Back\"、\"Too Much Energy \"和 \"Let the Freak \"被DJ和制作人大量采样和播放。其他被巴尔的摩DJ引用为有影响力的英国breakbeat曲目包括立体声MC's的 \"On 33\"，Is That It的 \"State of Mind \"EP，以及Mark One的 \"Hoovers &amp; Spray Cans\"。</p>\n<p class=\"paragraph text-align-type-left pap-line-1.8 pap-line-rule-auto pap-spacing-before-0pt pap-spacing-after-0pt\">&nbsp;</p>\n<p class=\"paragraph text-align-type-left pap-line-1.8 pap-line-rule-auto pap-spacing-before-0pt pap-spacing-after-0pt\">1992年发布的Ensoniq ASR-10键盘采样器被用于制作该流派的许多曲目。</p>\n<p class=\"paragraph text-align-type-left pap-line-1.8 pap-line-rule-auto pap-spacing-before-0pt pap-spacing-after-0pt\">&nbsp;</p>\n<p class=\"paragraph text-align-type-left pap-line-1.8 pap-line-rule-auto pap-spacing-before-0pt pap-spacing-after-0pt\"><span style=\"text-decoration: underline;\">2000年代</span></p>\n<p class=\"paragraph text-align-type-left pap-line-1.8 pap-line-rule-auto pap-spacing-before-0pt pap-spacing-after-0pt\">2000年代中期，由于Talking Head俱乐部等场所的舞会，这种风格在巴尔的摩的地下摇滚乐中获得了跨界的流行。2005年12月，《Spin》杂志对Baltimore Club进行了专题报道。</p>\n<p class=\"paragraph text-align-type-left pap-line-1.8 pap-line-rule-auto pap-spacing-before-0pt pap-spacing-after-0pt\">&nbsp;</p>\n<p class=\"paragraph text-align-type-left pap-line-1.8 pap-line-rule-auto pap-spacing-before-0pt pap-spacing-after-0pt\">罗德-李在2005年被《华盛顿邮报》描述为称为&ldquo;Baltimore Club的元老&rdquo;。</p>\n<p class=\"paragraph text-align-type-left pap-line-1.8 pap-line-rule-auto pap-spacing-before-0pt pap-spacing-after-0pt\">&nbsp;</p>\n<p class=\"paragraph text-align-type-left pap-line-1.8 pap-line-rule-auto pap-spacing-before-0pt pap-spacing-after-0pt\">DJ K-Swift被称为该流派的杰出人物。除了在Hammerjacks和The Paradox担任DJ之外，她还从1998年开始在WERQ-FM主持电台节目，直到2008年去世。</p>\n<p class=\"paragraph text-align-type-left pap-line-1.8 pap-line-rule-auto pap-spacing-before-0pt pap-spacing-after-0pt\">&nbsp;</p>\n<p class=\"paragraph text-align-type-left pap-line-1.8 pap-line-rule-auto pap-spacing-before-0pt pap-spacing-after-0pt\"><span style=\"text-decoration: underline;\">2010年代 </span></p>\n<p class=\"paragraph text-align-type-left pap-line-1.8 pap-line-rule-auto pap-spacing-before-0pt pap-spacing-after-0pt\">2019年，James Nasty &amp; Soohan的曲目 \"Pop！\"在喜剧中心情景喜剧《Broad City》第五季第四集中出现。</p>\n<p class=\"paragraph text-align-type-left pap-line-1.8 pap-line-rule-auto pap-spacing-before-0pt pap-spacing-after-0pt\">&nbsp;</p>\n<div>\n<div class=\"document\">\n<p class=\"paragraph text-align-type-left pap-line-1.8 pap-line-rule-auto pap-spacing-before-0pt pap-spacing-after-0pt\"><strong>分支 </strong></p>\n<p class=\"paragraph text-align-type-left pap-line-1.8 pap-line-rule-auto pap-spacing-before-0pt pap-spacing-after-0pt\"><span style=\"text-decoration: underline;\">Jersey Club（Jersey Club）</span></p>\n<p class=\"paragraph text-align-type-left pap-line-1.8 pap-line-rule-auto pap-spacing-before-0pt pap-spacing-after-0pt\">20世纪90年代，Baltimore Club音乐在北泽西州的俱乐部场景中发展出了一批崇拜者，尤其是在新泽西州纽瓦克市由DJ Tameil发展的Jersey Club流派。这种传播源于旅行的巴尔的摩DJ分发的混合磁带。1990年代中期，波士顿地区也有一些广播节目播放Baltimore Club音乐。它还向南传播到弗吉尼亚州的俱乐部，甚至进一步向南传播到阿拉巴马州，在那里，DJ Seven（原名DJ Taj）发展了Bamabounce。它也开始传播到纽约市。</p>\n<p class=\"paragraph text-align-type-left pap-line-1.8 pap-line-rule-auto pap-spacing-before-0pt pap-spacing-after-0pt\">&nbsp;</p>\n<p class=\"paragraph text-align-type-left pap-line-1.8 pap-line-rule-auto pap-spacing-before-0pt pap-spacing-after-0pt\">Philly和Jersey Club音乐都是Baltimore Club音乐的子流派，但它们都有各自的历史和演变。Baltimore Club音乐中的人声是这种音乐风格区别于其他音乐的因素之一。人声是狂野的、重复的、波涛汹涌的，而且往往是基于说唱的阿卡佩尔。在技术方面，Baltimore Club音乐融入了 \"think break\"，这是一种标志这种音乐风格的低音鼓模式。随着这种音乐风格的发展，节奏越来越快，枪声、\"What！\"、\"Hey！\"等背景噪音也越来越流行。随着这些声音传入费城，这座城市将它们发展成了自己的音乐。这种风格被称为费城俱乐部，又称 \"派对音乐\"。这种风格比Baltimore Club音乐要快得多，并且包含了警笛等hardstyle的元素。相比之下，Baltimore Club音乐以一种完全不同的方式传入新泽西。</p>\n<p class=\"paragraph text-align-type-left pap-line-1.8 pap-line-rule-auto pap-spacing-before-0pt pap-spacing-after-0pt\">&nbsp;</p>\n<div>\n<div class=\"document\">\n<p class=\"paragraph text-align-type-left pap-line-1.8 pap-line-rule-auto pap-spacing-before-0pt pap-spacing-after-0pt\">新泽西州的DJ们跑到巴尔的摩去买最新的俱乐部唱片，然后把它们带回新泽西州的派对上播放。这种情况发生后，当地的DJ和制作人开始添加和改变声音，这种风格被称为Jersey Club，它抚平了Baltimore Club音乐的粗犷、原始和暴力的因素。同样，Jersey Club舞也更简单，更普遍，以回应更平稳的声音。</p>\n<p class=\"paragraph text-align-type-left pap-line-1.8 pap-line-rule-auto pap-spacing-before-0pt pap-spacing-after-0pt\">&nbsp;</p>\n<p class=\"paragraph text-align-type-left pap-line-1.8 pap-line-rule-auto pap-spacing-before-0pt pap-spacing-after-0pt\"><strong>Baltimore Club舞蹈</strong></p>\n<p class=\"paragraph text-align-type-left pap-line-1.8 pap-line-rule-auto pap-spacing-before-0pt pap-spacing-after-0pt\">Baltimore Club舞蹈与Baltimore Club音乐相得益彰。这种野性腿舞风格是巴尔的摩土生土长的，舞蹈文化为城市的年轻人提供了一个自我表达的平台，也为街头险恶的现实生活提供了另一种选择。</p>\n<p class=\"paragraph text-align-type-left pap-line-1.8 pap-line-rule-auto pap-spacing-before-0pt pap-spacing-after-0pt\">&nbsp;</p>\n<p class=\"paragraph text-align-type-left pap-line-1.8 pap-line-rule-auto pap-spacing-before-0pt pap-spacing-after-0pt\">Baltimore Club舞在巴尔的摩的非裔美国人社区变得非常流行。在整个城市中，有一些舞蹈队在娱乐中心和夜总会里相互较量，著名的唱片师的音乐也达到了顶峰。这些从Baltimore Club音乐中创造出来的舞步，由于Baltimore Club音乐是由House音乐演变而来的，混合了Hip Hop这两种快节奏的音乐类型，所以通常都是高节奏和激烈的。在Baltimore Club音乐中诞生的众多动作中，有一个是 \"疯狂腿步\"，即双腿猛烈的抖动，同时结合拍脚和耸肩。</p>\n<p class=\"paragraph text-align-type-left pap-line-1.8 pap-line-rule-auto pap-spacing-before-0pt pap-spacing-after-0pt\">&nbsp;</p>\n<div>\n<div class=\"document\">\n<p class=\"paragraph text-align-type-left pap-line-1.8 pap-line-rule-auto pap-spacing-before-0pt pap-spacing-after-0pt\">另一个从Baltimore Club音乐中演变出来的舞蹈动作是 \"what what\"，这个舞蹈动作涉及到高难度的步法，即把一条弯曲的腿抬起来，放在另一条腿上，做一个快速、跳跃的动作。2020年4月，一段视频在Tony小姐的 \"How You Wanna Carry It \"的混音版 \"Put Your Mask On \"中播出，视频中的女孩戴着面罩，同时做着 \"crazy legs \"和 \"what what \"的版本。在巅峰时期，Baltimore ClubDJ获得了国际认可，并出现在主要艺术家的唱片中。国际上给予Baltimore Club音乐和舞蹈的认可是短暂的。许多人把Baltimore Club文化的衰落归咎于电台。俱乐部音乐每天只有不到一个小时的现场广播播放，但比最初的全盛时期更多，去俱乐部听最新的音乐的模式已经被打破。在夜店，在定制的巨大音响系统中听着它的声音，跳着它的舞，这种夜店体验已经被打破，它开始失去了受众和 \"酷的因素\"。虽然很多人把Baltimore Club文化的衰落归功于电台，但也可以归功于巴尔的摩主要俱乐部的关闭，比如Paradox和Hammerjacks，这些夜总会是Baltimore Club文化的发源地。</p>\n</div>\n</div>\n</div>\n</div>\n</div>\n</div>\n</div>",
 "contentEn": "<p><strong>Baltimore club</strong>, also called&nbsp;<strong>Bmore club</strong>,&nbsp;<strong>Bmore house</strong>&nbsp;or simply&nbsp;<strong>Bmore</strong>, is a fusion of&nbsp;breakbeat&nbsp;and&nbsp;house&nbsp;genres. It is often referred to as a blend of&nbsp;hip hop&nbsp;and chopped, staccato&nbsp;house music. It was created in&nbsp;Baltimore, Maryland, United States in the early 1990s by&nbsp;2 Live Crew's&nbsp;Luther Campbell,&nbsp;Frank Ski, Miss Tony (known as Big Tony after he stopped presenting in drag<sup id=\"cite_ref-1\" class=\"reference\">[1]</sup>), Scottie B. and DJ Spen.<sup id=\"cite_ref-deveraux_2-0\" class=\"reference\">[2]</sup></p>\n<p>&nbsp;</p>\n<p>Baltimore Club is based on an 8/4 beat structure, and includes tempos around 130 beats per minute.<sup id=\"cite_ref-mtv_3-0\" class=\"reference\">[3]</sup><sup id=\"cite_ref-the_wire_4-0\" class=\"reference\">[4]</sup>&nbsp;It combines repetitive, looped vocal snippets similar to&nbsp;trap,&nbsp;bounce,&nbsp;ghetto house&nbsp;and&nbsp;ghettotech. Baltimore club is a sample based form of&nbsp;breakbeat, with&nbsp;samples&nbsp;used including theme songs to shows like&nbsp;<em>Sanford and Son</em>,&nbsp;<em>SpongeBob SquarePants</em>&nbsp;and&nbsp;<em>Elmo's World</em>,<sup id=\"cite_ref-the_wire_4-1\" class=\"reference\">[4]</sup>&nbsp;along with samples from shows like&nbsp;<em>Family Guy</em>,&nbsp;<em>South Park</em>&nbsp;&amp;&nbsp;Ren &amp; Stimpy&nbsp;- though can also be simple repeated phrases and chants. The instrumental tracks include heavy&nbsp;breakbeats&nbsp;and&nbsp;call and response&nbsp;stanzas<sup id=\"cite_ref-:0_5-0\" class=\"reference\">[5]</sup>&nbsp;similar to those found in the&nbsp;go-go&nbsp;music of&nbsp;Washington, D.C.&nbsp;The most prominent&nbsp;breakbeats&nbsp;sampled include \"Sing Sing\" by&nbsp;disco&nbsp;band Gaz<sup id=\"cite_ref-:1_6-0\" class=\"reference\">[6]</sup><sup id=\"cite_ref-We_Made_7-0\" class=\"reference\">[7]</sup>&nbsp;and \"Think (About It)\" by&nbsp;Lyn Collins.<sup id=\"cite_ref-the_best_8-0\" class=\"reference\">[8]</sup><sup id=\"cite_ref-We_Made_7-1\" class=\"reference\">[7]</sup></p>\n<h2>&nbsp;</h2>\n<h2><span id=\"History\" class=\"mw-headline\">History</span></h2>\n<h3><span id=\"Origination\" class=\"mw-headline\">Origination</span></h3>\n<p>The&nbsp;record stores&nbsp;of&nbsp;Baltimore&nbsp;were essential to the development of the genre.<sup id=\"cite_ref-We_Made_7-2\" class=\"reference\">[7]</sup>&nbsp;Early adopters included&nbsp;Scottie B, Shawn Caesar and DJ Equalizer during the 1990-1992 time period. They were later joined (1993-94) by DJ Patrick, Kenny B,&nbsp;DJ Class, Diamond K,&nbsp;DJ Technics&nbsp;and others.</p>\n<p>UK breakbeat hardcore records were influential to the genre. The Blapps! Records (UK) label released several British rave classic records between 1989 and 1992 that are often have been sampled by Baltimore producers. \"Don't Hold Back\", \"Too Much Energy\" and \"Let the Freak\" were sampled and played heavily by DJs and producers.<sup class=\"noprint Inline-Template Template-Fact\">[<em><span title=\"This claim needs references to reliable sources. (January 2021)\">citation needed</span></em>]</sup>&nbsp;Other UK breakbeat tracks cited by Baltimore DJs as influential include \"On 33\" By&nbsp;Stereo MC's, the \"State of Mind\" EP by Is That It, and \"Hoovers &amp; Spray Cans\" By Mark One.<sup id=\"cite_ref-9\" class=\"reference\">[9]</sup></p>\n<p>The&nbsp;Ensoniq ASR-10&nbsp;keyboard sampler, released in 1992, was used to produce many tracks in the genre.<sup id=\"cite_ref-:1_6-1\" class=\"reference\">[6]</sup><sup id=\"cite_ref-We_Made_7-3\" class=\"reference\">[7]</sup></p>\n<h3>&nbsp;</h3>\n<h3><span id=\"2000s\" class=\"mw-headline\">2000s</span></h3>\n<p>In the mid 2000's, the genre gained crossover popularity in Baltimore's rock underground, due to dance nights at venues such as the Talking Head Club. Baltimore club was featured in&nbsp;<em>Spin Magazine</em>&nbsp;in December 2005.<sup id=\"cite_ref-10\" class=\"reference\">[10]</sup><sup id=\"cite_ref-the_best_8-1\" class=\"reference\">[8]</sup></p>\n<p>Rod Lee&nbsp;was described as \"the original don of Baltimore club\" by&nbsp;<em>The Washington Post</em>&nbsp;in 2005.<sup id=\"cite_ref-Washpost_11-0\" class=\"reference\">[11]</sup></p>\n<p>DJ K-Swift&nbsp;was known as a prominent personality in the genre. In addition to DJing at&nbsp;Hammerjacks&nbsp;and&nbsp;The Paradox, she hosted a radio show on&nbsp;WERQ-FM&nbsp;from 1998 until her death in 2008.<sup id=\"cite_ref-:0_5-1\" class=\"reference\">[5]</sup></p>\n<h3>&nbsp;</h3>\n<h3><span id=\"2010s\" class=\"mw-headline\">2010s</span></h3>\n<p>In 2019, James Nasty &amp; Soohan's club track \"Pop!\" was featured in Season 5, episode 4 of the&nbsp;Comedy Central&nbsp;sitcom&nbsp;Broad City.<sup id=\"cite_ref-12\" class=\"reference\">[12]</sup></p>\n<h2>&nbsp;</h2>\n<h2><span id=\"Baltimore_club_dancing_history\" class=\"mw-headline\">Baltimore club dancing history</span></h2>\n<p>Baltimore club dancing works in tandem with Baltimore club music. This wild-legged dance style is native to Baltimore and the dance culture offers the city's youth a platform for self-expression and an alternative to the treacherous realities of life in the streets.</p>\n<h2>&nbsp;</h2>\n<h2><span id=\"Offshoots\" class=\"mw-headline\">Offshoots</span></h2>\n<p>In the 1990s, Baltimore club music developed a cult following in the&nbsp;North Jersey&nbsp;club scene, particularly in the&nbsp;Jersey club&nbsp;genre of&nbsp;Newark,&nbsp;New Jersey&nbsp;developed by&nbsp;DJ Tameil. This spread stemmed from the distribution of mix tapes by traveling Baltimore DJs. There were also a number of&nbsp;Boston-area radio shows in the mid-1990s that played Baltimore club music. It also spread south to the&nbsp;Virginia&nbsp;club scene, and even further south to&nbsp;Alabama&nbsp;where DJ Seven, formerly known as DJ Taj, developed Bamabounce. It had also started to spread to New York City.</p>\n<p>Philly and&nbsp;Jersey club&nbsp;music are both subgenres of Baltimore club music, but they each have their own individual history and evolution. The vocals in Baltimore club music one of the factors that sets this style of music apart from the rest. The vocals are raunchy, repetitive, and choppy, and often based on rap acapellas. For the technical aspect, Baltimore club music incorporates a \"think break,\" which is a bass drum pattern that signifies this style of music. As this style of music has evolved, the tempo has increased, and background noises such as gunshots, \"What!\", and \"Hey!\" have been increasing in popularity. As these sounds spread into Philadelphia, the city developed them into their own. This genre became known as Philly club, otherwise referred to \"party music.\" This style is much faster than Baltimore club music and includes elements of hardstyle such as sirens. In contrast, Baltimore club music spread into New Jersey in an entirely different manner. New Jersey DJs were taking runs to Baltimore to pick up the latest club records and bring them back to New Jersey to play at parties. Once this occurred, the sounds began to mutate with what local DJs and producers added on and changed. This style became known as&nbsp;Jersey club, which smoothed out the rugged, raw, and violent edges of Baltimore club music. Similarly, Jersey club dance is simpler and more universal in response to the smoother sounds.</p>\n<h2>&nbsp;</h2>\n<h2><span id=\"Baltimore_club_dance\" class=\"mw-headline\">Baltimore club dance</span></h2>\n<p>Baltimore club dance became very popular with Baltimore's African-American community. Throughout the city, there were dance crews who battled against each other at recreation centers and nightclubs, and music from famous disc jockeys was at its peak. These dance moves, created from Baltimore club music, were usually high-paced and intense due to the fact that Baltimore club music evolved from house music, with a mix of hip hop, two fast-paced music genres. One of the many moves born out of Baltimore club music is the \"crazy legs\", a fierce shaking of both legs combined with simultaneous foot tapping and shoulder shrugging. Another dance move evolved out of Baltimore club music was the &ldquo;what what&rdquo;, a dance move involving difficult footwork where one raises up one bent leg over the other, in a fast, hopping-like movement. A video featuring girls wearing face coverings while doing versions of the \"crazy legs\" and the \"what what\" to a remix of Miss Tony's \"How You Wanna Carry It\" entitled \"Put Your Mask On\" went&nbsp;viral&nbsp;in April 2020.<sup id=\"cite_ref-13\" class=\"reference\">[13]</sup>&nbsp;During its peak, Baltimore club DJs received international recognition and were featured on the records of major artists. International recognition given to Baltimore club music and dance was short-lived. Many attribute the downfall of Baltimore club culture to the radio. Limiting club music to less than an hour a day of live radio play, but more than it received during its initial heyday, the formula of going to the club to hear the newest and freshest had been broken. The nightclub experience of going to the club, hearing it on the loud sound systems that it was custom made to be heard on and danced to had been breached, and it started to lose its audience and \"cool factor\". Though many credit radio with the downfall of Baltimore club culture, it also can be attributed to the closing of major Baltimore clubs, such as Paradox and Hammerjacks, nightclubs where Baltimore club culture was born.<sup id=\"cite_ref-14\" class=\"reference\">[14]</sup></p>\n<h2>&nbsp;</h2>\n<h2><span id=\"References\" class=\"mw-headline\">References</span></h2>\n<div class=\"reflist\">\n<div class=\"mw-references-wrap mw-references-columns\">\n<ol class=\"references\">\n<li id=\"cite_note-1\"><span class=\"mw-cite-backlink\"><strong>^</strong></span>&nbsp;<span class=\"reference-text\"><cite class=\"citation web cs1\">\"The life of Baltimore icon Miss Tony and the death of Freddie Gray\".&nbsp;<em>FACT Magazine</em>. 2016-05-17<span class=\"reference-accessdate\">. Retrieved&nbsp;<span class=\"nowrap\">2020-10-12</span></span>.</cite></span></li>\n<li id=\"cite_note-deveraux-2\"><span class=\"mw-cite-backlink\"><strong>^</strong></span>&nbsp;<span class=\"reference-text\"><cite id=\"CITEREFDeveraux2007\" class=\"citation journal cs1\">Deveraux, Andrew (December 2007). \"What You Know About Down the Hill?\": Baltimore Club Music, Subgenre Crossover, and the New Subcultural Capital of Race and Space\".&nbsp;<em>Journal of Popular Music Studies</em>.&nbsp;<strong>19</strong>&nbsp;(4): 311&ndash;341.&nbsp;doi:10.1111/j.1533-1598.2007.00131.x.</cite></span></li>\n<li id=\"cite_note-mtv-3\"><span class=\"mw-cite-backlink\"><strong>^</strong></span>&nbsp;<span class=\"reference-text\"><cite id=\"CITEREFReidPaco,_Matt2007\" class=\"citation web cs1\">Reid, Shaheem; Paco, Matt (2007).&nbsp;\"Young Leek &amp; the Baltimore Scene\".&nbsp;MTV Networks.&nbsp;Archived&nbsp;from the original on 11 January 2008<span class=\"reference-accessdate\">. Retrieved&nbsp;<span class=\"nowrap\">2008-01-19</span></span>.</cite></span></li>\n<li id=\"cite_note-the_wire-4\"><span class=\"mw-cite-backlink\">^&nbsp;<span class=\"cite-accessibility-label\">Jump up to:</span><sup><em><strong>a</strong></em></sup>&nbsp;<sup><em><strong>b</strong></em></sup></span>&nbsp;<span class=\"reference-text\"><cite id=\"CITEREFBernard2006\" class=\"citation web cs1\">Bernard, Patrick (2006-07-03).&nbsp;\"Scottie B and Baltimore Club\".&nbsp;<em>The Wire</em>.&nbsp;Archived&nbsp;from the original on 2008-01-12<span class=\"reference-accessdate\">. Retrieved&nbsp;<span class=\"nowrap\">2008-01-19</span></span>.</cite></span></li>\n<li id=\"cite_note-:0-5\"><span class=\"mw-cite-backlink\">^&nbsp;<span class=\"cite-accessibility-label\">Jump up to:</span><sup><em><strong>a</strong></em></sup>&nbsp;<sup><em><strong>b</strong></em></sup></span>&nbsp;<span class=\"reference-text\"><cite id=\"CITEREFHiaasen\" class=\"citation web cs1\">Hiaasen, Rob.&nbsp;\"Breaking Out\".&nbsp;<em>baltimoresun.com</em><span class=\"reference-accessdate\">. Retrieved&nbsp;<span class=\"nowrap\">2021-01-09</span></span>.</cite></span></li>\n<li id=\"cite_note-:1-6\"><span class=\"mw-cite-backlink\">^&nbsp;<span class=\"cite-accessibility-label\">Jump up to:</span><sup><em><strong>a</strong></em></sup>&nbsp;<sup><em><strong>b</strong></em></sup></span>&nbsp;<span class=\"reference-text\"><cite id=\"CITEREFHost2014\" class=\"citation web cs1\">Host, Vivian (September 7, 2014).&nbsp;\"Sing Sing: A Loop History\".&nbsp;<em>Red Bull Music Academy</em><span class=\"reference-accessdate\">. Retrieved&nbsp;<span class=\"nowrap\">April 13,</span>&nbsp;2015</span>.</cite></span></li>\n<li id=\"cite_note-We_Made-7\"><span class=\"mw-cite-backlink\">^&nbsp;<span class=\"cite-accessibility-label\">Jump up to:</span><sup><em><strong>a</strong></em></sup>&nbsp;<sup><em><strong>b</strong></em></sup>&nbsp;<sup><em><strong>c</strong></em></sup>&nbsp;<sup><em><strong>d</strong></em></sup></span>&nbsp;<span class=\"reference-text\"><cite id=\"CITEREFEmbert2016\" class=\"citation news cs1\">Embert, Casey (21 June 2016).&nbsp;\"We Made All This Shit! The history of Unruly Records, which just celebrated 20 years, tells the history of Baltimore club music\".&nbsp;<em>Baltimore City Paper</em>. The Baltimore Sun<span class=\"reference-accessdate\">. Retrieved&nbsp;<span class=\"nowrap\">8 January</span>&nbsp;2021</span>.</cite></span></li>\n<li id=\"cite_note-the_best-8\"><span class=\"mw-cite-backlink\">^&nbsp;<span class=\"cite-accessibility-label\">Jump up to:</span><sup><em><strong>a</strong></em></sup>&nbsp;<sup><em><strong>b</strong></em></sup></span>&nbsp;<span class=\"reference-text\"><cite id=\"CITEREFShipley2006\" class=\"citation news cs1\">Shipley, Al (2006-01-19).&nbsp;\"The Best Of Both Worlds\".&nbsp;<em>Baltimore City Paper</em><span class=\"reference-accessdate\">. Retrieved&nbsp;<span class=\"nowrap\">2008-01-19</span></span>.</cite></span></li>\n<li id=\"cite_note-9\"><span class=\"mw-cite-backlink\"><strong>^</strong></span>&nbsp;<span class=\"reference-text\"><cite class=\"citation web cs1\">\"An oral history of Baltimore club\".&nbsp;<em>Wax Poetics</em>. 2015-04-30<span class=\"reference-accessdate\">. Retrieved&nbsp;<span class=\"nowrap\">2021-01-09</span></span>.</cite></span></li>\n<li id=\"cite_note-10\"><span class=\"mw-cite-backlink\"><strong>^</strong></span>&nbsp;<span class=\"reference-text\"><cite class=\"citation news cs1\">\"Dance the Pain Away\".&nbsp;<em>Spin</em>. 2005-12-03<span class=\"reference-accessdate\">. Retrieved&nbsp;<span class=\"nowrap\">2017-06-04</span></span>.</cite></span></li>\n<li id=\"cite_note-Washpost-11\"><span class=\"mw-cite-backlink\"><strong>^</strong></span>&nbsp;<span class=\"reference-text\"><cite id=\"CITEREFInoue2005\" class=\"citation cs2\">Inoue, Todd (July 31, 2005),&nbsp;\"Rod Lee, Putting B-More On the Map\",&nbsp;<em>The Washington Post</em></cite></span></li>\n<li id=\"cite_note-12\"><span class=\"mw-cite-backlink\"><strong>^</strong></span>&nbsp;<span class=\"reference-text\"><cite class=\"citation web cs1\">\"BROAD CITY Soundtrack (Season 5) - Songs / Music List\".&nbsp;<em>Soundtracks</em>. 2019-01-24<span class=\"reference-accessdate\">. Retrieved&nbsp;<span class=\"nowrap\">2021-01-10</span></span>.</cite></span></li>\n<li id=\"cite_note-13\"><span class=\"mw-cite-backlink\"><strong>^</strong></span>&nbsp;<span class=\"reference-text\"><cite class=\"citation web cs1\">\"Put Your Mask On (Baltimore)- BALTIMORE CLUB MIX\".&nbsp;<em>YouTube</em>. Apr 3, 2020.</cite></span></li>\n<li id=\"cite_note-14\"><span class=\"mw-cite-backlink\"><strong>^</strong></span>&nbsp;<span class=\"reference-text\">Brittany Britto,&nbsp;Keep the Beat&nbsp;<em>Baltimore Sun</em></span></li>\n</ol>\n</div>\n</div>",
 "remarks": "本词条汉字内容由 @多频百科团队 翻译+编辑\n原文译自 https://en.wikipedia.org/wiki/Baltimore_club",
 "remarksEn": "本词条内容来自 https://en.wikipedia.org/wiki/Baltimore_club",
 "status": 1,
 "clickNum": 25,
 "deleted": 0,
 "lang": 0,
 "chooseLang": true,
 "id": 94,
 "name": "Baltimore Club",
 "descriptions": "Baltimore Club（巴尔的摩俱乐部，也叫Bmore Club，Bmore house，Bmore），是breakbeat和house流派的融合。它通常被称为混合了嘻哈和切碎的、顿挫的House音乐。它由2 Live Crew的Luther Campbell、Frank Ski、Miss Tony、Scottie B.和DJ Spen于20世纪80年代末在美国马里兰州巴尔的摩开创。",
 "originalName": "",
 "startTimeText": "Late 1980s",
 "startAddress": "Baltimore, Maryland, United States",
 "searchStyle": "Breakbeat",
 "styleCategory": "Breakbeat",
 "originalStyle": "Hip hop, breakbeat, garage house, Miami bass, house",
 "affectStyle": "",
 "deriveStyle": "Jersey Club",
 "representArtist": "Luther Campbell, Frank Ski, Miss Tony",
 "officialUrl": "https://en.wikipedia.org/wiki/Baltimore_club",
 "typeId": 13,
 "typeName": "风格",
 "dataId": 94,
 "url": "http://dropinapp.hearinmusic.com/#/ency?typeId=13&dataId=94"
}