{
 "pageNum": 1,
 "pageSize": 10,
 "params": {},
 "relationChannel": "[{\"id\":1396,\"parentId\":8,\"name\":\"Bass House\"}]",
 "content": "<div>\n<div class=\"document\">\n<p class=\"paragraph text-align-type-left pap-line-1.8 pap-line-rule-auto pap-spacing-before-2pt pap-spacing-after-2pt\">Bass house 是一种出现在 2010 年代早中期的House子风格。该流派以 House 的节奏为基地、结合Deep House、Riddim Dubstep 和 UK bass 的元素，曲速通常设置在 128 bpm 左右，并且经常包含高度失真的音色调制。早期的 Bass house 在各个频率区间都非常饱满，在DROP段落中通常只有一套 Bass Pattern；随着时间推移，许多 Bass house 制作人开始从 House 的其他子流派中找到灵感，尤其是 tech house，并将 Bass Pattern 与旋律分开。这个流派的代表人物包括Tchami、Joyryde、Jauz、Habstrakt、Jace Mek和LOOPERS等。</p>\n</div>\n</div>",
 "contentEn": "<p>Bass house is a style of house that appeared in the early-mid 2010s. The genre combines elements of&nbsp;riddim&nbsp;and&nbsp;UK bass, and often plays with heavy distortion. Early bass house filled the entire frequency spectrum, during the drop, with a single bass pattern; however, more recently, many bass house producers have found inspiration from other subgenres of house, particularly&nbsp;tech house, and separated the bass pattern from the melody, notably&nbsp;Tchami,&nbsp;Joyryde,&nbsp;Jauz,&nbsp;Habstrakt,&nbsp;Jace Mek&nbsp;and&nbsp;Loopers. The tempo is most often set around 128&nbsp;bpm.</p>",
 "remarks": "本词条汉字内容由 @多频百科团队 翻译+编辑\n原文译自 https://en.wikipedia.org/wiki/Styles_of_house_music",
 "remarksEn": "本词条内容来自 https://en.wikipedia.org/wiki/Styles_of_house_music",
 "status": 1,
 "clickNum": 83,
 "deleted": 0,
 "lang": 0,
 "chooseLang": true,
 "id": 43,
 "name": "Bass House",
 "descriptions": "Bass house 是一种出现在 2010 年代早中期的House子风格。",
 "originalName": "",
 "startTimeText": "2010s",
 "startAddress": "英国",
 "searchStyle": "House, Bass Music",
 "styleCategory": "House",
 "originalStyle": "Deep House, Riddim Dubstep, UK bass",
 "affectStyle": "",
 "deriveStyle": "",
 "representArtist": "Tchami、Joyryde、Jauz、Habstrakt、Jace Mek和Loopers",
 "officialUrl": "https://en.wikipedia.org/wiki/Styles_of_house_music",
 "typeId": 13,
 "typeName": "风格",
 "dataId": 43,
 "url": "http://dropinapp.hearinmusic.com/#/ency?typeId=13&dataId=43"
}