{
 "pageNum": 1,
 "pageSize": 10,
 "params": {},
 "relationChannel": "[{\"id\":1496,\"parentId\":8,\"name\":\"Bass Music\"}]",
 "content": "<p>Bass Music（低音音乐）是电子舞曲领域中常用的一个术语，用于描述 1980 年代以来出现的多种电子舞曲和嘻哈音乐风格，这些风格共同的特点是侧重于Bass Drum（低音底鼓）和/或Bassline（低音声线）的声音表现。随着2010年代以来Dubstep及其相关子风格的快速发展，Bass Music迎来了全球范围内更广泛的流行，部分Bass Music的音乐特点也逐渐向响度更高，听感更具刺激性、侵略性的方向发展。</p>\n<p>&nbsp;</p>\n<p>2018年，音乐评论人Steven Mason在Relentlessbeats.com中做出了这样描述Bass Music：&ldquo;现在世界上有许多不同类型的Bass Music，而这其中的每一种类型都通过各自的方式，诠释了现代音乐中最具响度的元素&rdquo;。</p>\n<p>&nbsp;</p>\n<p>通常，Bass Music中的低音部分是使用合成器和鼓机创建的，例如通过极具影响力的 Roland TR-808 鼓机等硬件设备，或Serum等现代数字合成器软件创作。</p>\n<p>&nbsp;</p>\n<p>属于Bass Music范畴中的电子舞曲/嘻哈音乐风格包括：</p>\n<ul>\n<li>Bass house</li>\n<li>Bassline</li>\n<li>Drum and bass</li>\n<li>Dubstep</li>\n<li>Footwork</li>\n<li>Future bass</li>\n<li>Glitch hop</li>\n<li>Midtempo bass</li>\n<li>Moombahton</li>\n<li>Trap (EDM)</li>\n<li>UK bass</li>\n<li>UK garage</li>\n<li>Wave</li>\n<li>Wonky</li>\n<li>Miami Bass</li>\n</ul>",
 "contentEn": "<p>Bass music is a term used to describe several genres of electronic dance music and hip hop music[1] arising from the 1980s on, focusing on a prominent bass drum and/or bassline sound. As one source notes, there are \"many different types of bass music to fall into, each putting a different spin on one of music's loudest elements\".[2] Typically, the bass sound is created using synthesizers and drum machines like, for example, the influential Roland TR-808.</p>\n<p>&nbsp;</p>\n<p>Electronic dance music genres of this type may include:</p>\n<ul>\n<li>Bass house</li>\n<li>Bassline<sup id=\"cite_ref-Discogs_1-1\" class=\"reference\">[1]</sup></li>\n<li>Drum and bass<sup id=\"cite_ref-Radar_3-0\" class=\"reference\">[3]</sup></li>\n<li>Dubstep<sup id=\"cite_ref-Discogs_1-2\" class=\"reference\">[1]</sup></li>\n<li>Footwork<sup id=\"cite_ref-4\" class=\"reference\">[4]</sup></li>\n<li>Future bass<sup id=\"cite_ref-5\" class=\"reference\">[5]</sup></li>\n<li>Glitch hop<sup id=\"cite_ref-6\" class=\"reference\">[6]</sup></li>\n<li>Midtempo bass<sup id=\"cite_ref-7\" class=\"reference\">[7]</sup></li>\n<li>Moombahton<sup id=\"cite_ref-8\" class=\"reference\">[8]</sup></li>\n<li>Trap (EDM)<sup id=\"cite_ref-Radar_3-1\" class=\"reference\">[3]</sup></li>\n<li>UK bass</li>\n<li>UK garage</li>\n<li>Wave<sup id=\"cite_ref-\" class=\"reference\">[9]</sup><sup id=\"cite_ref-\" class=\"reference\">[10]</sup></li>\n<li>Wonky</li>\n</ul>\n<p>&nbsp;</p>\n<p>Hip hop genres of this type may include:</p>\n<ul>\n<li>Miami bass<sup id=\"cite_ref-Discogs_1-3\" class=\"reference\">[1]</sup></li>\n</ul>\n<p>&nbsp;</p>\n<h2><span id=\"References\" class=\"mw-headline\">References</span></h2>\n<div class=\"reflist\">\n<div class=\"mw-references-wrap\">\n<ol class=\"references\">\n<li id=\"cite_note-Discogs-1\"><span class=\"mw-cite-backlink\">^&nbsp;<span class=\"cite-accessibility-label\">Jump up to:</span><sup><em><strong>a</strong></em></sup>&nbsp;<sup><em><strong>b</strong></em></sup>&nbsp;<sup><em><strong>c</strong></em></sup>&nbsp;<sup><em><strong>d</strong></em></sup></span>&nbsp;<span class=\"reference-text\"><cite class=\"citation web cs1\">\"Bass Music Music | Discogs\".&nbsp;<em>www.discogs.com</em><span class=\"reference-accessdate\">. Retrieved&nbsp;<span class=\"nowrap\">2021-02-07</span></span>.</cite></span></li>\n<li id=\"cite_note-2\" class=\"\"><span class=\"mw-cite-backlink\"><strong>^</strong></span>&nbsp;<span class=\"reference-text\"><cite id=\"CITEREFMason2018\" class=\"citation web cs1\">Mason, Steven (March 16, 2018).&nbsp;\"4 Songs to Show You the Power of Bass\".&nbsp;<em>relentlessbeats.com</em>.</cite></span></li>\n<li id=\"cite_note-Radar-3\"><span class=\"mw-cite-backlink\">^&nbsp;<span class=\"cite-accessibility-label\">Jump up to:</span><sup><em><strong>a</strong></em></sup>&nbsp;<sup><em><strong>b</strong></em></sup></span>&nbsp;<span class=\"reference-text\"><cite id=\"CITEREFMay_2013\" class=\"citation web cs1\">May 2013, Computer Music Specials 06.&nbsp;\"What is bass music?\".&nbsp;<em>MusicRadar</em><span class=\"reference-accessdate\">. Retrieved&nbsp;<span class=\"nowrap\">2021-02-07</span></span>.</cite></span></li>\n<li id=\"cite_note-4\"><span class=\"mw-cite-backlink\"><strong>^</strong></span>&nbsp;<span class=\"reference-text\"><cite class=\"citation web cs1\">\"Flashdance: Footwork And the Future\".&nbsp;<em>daily.redbullmusicacademy.com</em><span class=\"reference-accessdate\">. Retrieved&nbsp;<span class=\"nowrap\">2021-02-07</span></span>.</cite></span></li>\n<li id=\"cite_note-5\" class=\"\"><span class=\"mw-cite-backlink\"><strong>^</strong></span>&nbsp;<span class=\"reference-text\"><cite id=\"CITEREFRichardson\" class=\"citation web cs1\">Richardson, Annie.&nbsp;\"Why Future Bass is The Future of Bass Music\".&nbsp;<em>Relentless Beats</em><span class=\"reference-accessdate\">. Retrieved&nbsp;<span class=\"nowrap\">2021-02-07</span></span>.</cite></span></li>\n<li id=\"cite_note-6\"><span class=\"mw-cite-backlink\"><strong>^</strong></span>&nbsp;<span class=\"reference-text\"><cite class=\"citation web cs1\">\"YourEDM: glitch hop\".&nbsp;<em>Your EDM</em><span class=\"reference-accessdate\">. Retrieved&nbsp;<span class=\"nowrap\">2021-02-07</span></span>.</cite></span></li>\n<li id=\"cite_note-7\"><span class=\"mw-cite-backlink\"><strong>^</strong></span>&nbsp;<span class=\"reference-text\"><cite class=\"citation web cs1\">\"YourEDM: midtempo\".&nbsp;<em>Your EDM</em><span class=\"reference-accessdate\">. Retrieved&nbsp;<span class=\"nowrap\">2021-02-07</span></span>.</cite></span></li>\n<li id=\"cite_note-8\"><span class=\"mw-cite-backlink\"><strong>^</strong></span>&nbsp;<span class=\"reference-text\"><cite class=\"citation web cs1\">\"YourEDM: moombahton\".&nbsp;<em>Your EDM</em><span class=\"reference-accessdate\">. Retrieved&nbsp;<span class=\"nowrap\">2021-02-07</span></span>.</cite></span></li>\n<li id=\"cite_note-9\"><span class=\"mw-cite-backlink\"><strong>^</strong></span>&nbsp;<span class=\"reference-text\"><cite id=\"CITEREFMatthew_Meadow2021\" class=\"citation journal cs1\">Matthew Meadow (8 February 2021).&nbsp;\"Diving Into \"WAVE,\" The New Genre That's Destined To Blow Up In 2021\".&nbsp;<em>Your EDM</em>.&nbsp;Wikidata&nbsp;Q106369426.</cite></span></li>\n<li id=\"cite_note-10\"><span class=\"mw-cite-backlink\"><strong>^</strong></span>&nbsp;<span class=\"reference-text\"><cite id=\"CITEREFJuliane_Reil2017\" class=\"citation journal cs1\">Juliane Reil (6 May 2017).&nbsp;\"\"Wave\" erobert Londons Underground\".&nbsp;<em>Deutschlandfunk</em>&nbsp;(in German).&nbsp;Wikidata&nbsp;Q106466879.</cite></span></li>\n</ol>\n</div>\n</div>",
 "remarks": "本词条汉字内容由 @多频百科团队 翻译+编辑\n原文译自 https://en.wikipedia.org/wiki/Bass_music",
 "remarksEn": "本词条内容来自 https://en.wikipedia.org/wiki/Bass_music",
 "status": 1,
 "clickNum": 412,
 "deleted": 0,
 "lang": 0,
 "chooseLang": true,
 "id": 377,
 "name": "Bass Music",
 "descriptions": "Bass Music（低音音乐）是电子舞曲领域中常用的一个术语，用于描述 1980 年代以来出现的多种电子舞曲和嘻哈音乐风格，这些风格共同的特点是侧重于Bass Drum（低音底鼓）和/或Bassline（低音声线）的声音表现。随着2010年代以来Dubstep及其相关子风格的快速发展，Bass Music迎来了全球范围内更广泛的流行，部分Bass Music的音乐特点也逐渐向响度更高，听感更具刺激性、侵略性的方向发展。",
 "startTimeText": "1980s",
 "searchStyle": "Bass Music",
 "styleCategory": "Electronic Dance Music",
 "deriveStyle": "",
 "officialUrl": "https://en.wikipedia.org/wiki/Bass_music",
 "typeId": 13,
 "typeName": "风格",
 "dataId": 377,
 "url": "http://dropinapp.hearinmusic.com/#/ency?typeId=13&dataId=377"
}