{
 "pageNum": 1,
 "pageSize": 10,
 "params": {},
 "relationChannel": "[{\"id\":1146,\"parentId\":8,\"name\":\"Big Beat\"}]",
 "content": "<div class=\"document\">\n<p>Big Beat是一种电子音乐类型，通常使用沉重的Breakbeat和常见于Acid House/Techno的合成器生成的Loop循环和Pattern。英国音乐界曾用Big Beat来形容he Prodigy, The Chemical Brothers, Fatboy Slim, The Crystal Method, Propellerheads, Cut La Roc, Basement Jaxx and Groove Armada等艺术家的音乐。Big Beat的基本概念是将摇滚乐和电子乐结合起来，将演奏取向的摇滚乐，以电子乐方式制作，变成舞曲的形式。这使得这类风格即受到电子乐迷们的喜爱，更受到摇滚乐迷的认可。</p>\n<p>&nbsp;</p>\n<p style=\"text-align: center;\"><img src=\"https://duopin-community.oss-cn-shenzhen.aliyuncs.com/mg5rx8qj4poum32xeh3e.jpg\" alt=\"\" width=\"1056\" height=\"720\" /></p>\n<p style=\"text-align: center;\"><span style=\"font-size: 8pt;\">The Crystal Method在2012年Lollapalooza音乐节上演出</span></p>\n<p style=\"text-align: center;\"><span style=\"font-size: 8pt;\">By warkoholic - Cropped from Flickr version: https://www.flickr.com/photos/warkoholic/7184526338/, CC BY-SA 2.0, https://commons.wikimedia.org/w/index.php?curid=67397928</span></p>\n<p>&nbsp;</p>\n<p>在20世纪90年代和2000年初，随着The Prodigy, The Chemical Brothers和Fatboy Slim等艺术家取得了主流的成功，Big beat开始流行起来。而从2001年往后，Big beat开始逐渐衰落。</p>\n<p>&nbsp;</p>\n<p class=\"paragraph text-align-type-left pap-line-1.8 pap-line-rule-auto pap-spacing-before-0pt pap-spacing-after-0pt\"><strong>风格特点</strong></p>\n<p class=\"paragraph text-align-type-left pap-line-1.8 pap-line-rule-auto pap-spacing-before-0pt pap-spacing-after-0pt\">Big beat的特点是以每分钟100至140拍（BPM）的速度演奏沉重而失真的鼓点，利用罗兰TB-303合成器营造类似于acid house的音律线，以及来自20世纪60年代和70年代funk, soul, jazz, 和rock歌曲的大量Loop片段。它们通常以朋克风格的人声或说唱歌手为点缀，并由强烈的、失真的合成器基音驱动，具有传统的流行、House和Techno歌曲结构。Big Beat歌曲的声音包括渐强、Builds、Drops、延长的鼓声，以及诸如口语采样、电影和电视中的对话、中东弦乐或西塔斯等其它乐器、爆炸、空气喇叭、Sirens（通常是警笛）和枪声元素。与当时其他一些舞蹈流派一样，滤波、调相、镶边等效果的使用在该流派中也很常见。</p>\n<p class=\"paragraph text-align-type-left pap-line-1.8 pap-line-rule-auto pap-spacing-before-0pt pap-spacing-after-0pt\">&nbsp;</p>\n<p class=\"paragraph text-align-type-left pap-line-1.8 pap-line-rule-auto pap-spacing-before-0pt pap-spacing-after-0pt\">该流派的著名先驱，如Fatboy Slim，往往在他的歌曲中使用大量压缩的响亮的breakbeats，这与任何旋律Hook和采样声音一样，是对于其音乐风格的定义。在主要使用响亮、沉重的breakbeats和basslines的基础上，big beat与jungle和drum and bass有着相同的属性，但节奏明显较慢。</p>\n<p class=\"paragraph text-align-type-left pap-line-1.8 pap-line-rule-auto pap-spacing-before-0pt pap-spacing-after-0pt\">&nbsp;</p>\n<div>\n<div class=\"document\">\n<p class=\"paragraph text-align-type-left pap-line-1.8 pap-line-rule-auto pap-spacing-before-0pt pap-spacing-after-0pt\"><strong>历史</strong></p>\n<p class=\"paragraph text-align-type-left pap-line-1.8 pap-line-rule-auto pap-spacing-before-0pt pap-spacing-after-0pt\"><span style=\"text-decoration: underline;\">起源（80年代末90年代初）</span></p>\n<p class=\"paragraph text-align-type-left pap-line-1.8 pap-line-rule-auto pap-spacing-before-0pt pap-spacing-after-0pt\">1989年，英国电子双人组合Big Bang的Iain Williams创造了音乐术语big beat来描述乐队的音乐风格。Williams 在接受记者Alex Gerry采访时解释了这个概念，文章发表在伦敦杂志《Metropolitan》（1989年6月6日第132期，第9页）上，标题为 \"Big Bang in Clubland - Could Big Beat be the 1989 answer to Acid House? （俱乐部场景的震动 - Big Beat会成为1989年新的&rdquo;Acid House&ldquo;吗？）&ldquo;乐队当时正在宣传他们的第一张唱片，一张ABBA的阿拉伯舞曲 \"Voulez-Vous \"和他们的器乐曲 \"Cold Nights in Cairo\"，这首歌刚刚在Swanyard唱片公司发行。这首单曲由Big Bang和Steev Toth制作。Big Bang成员包括Laurence Malice（Trade夜店创始人）和Iain Williams（作家）。乐队的声音由各种实验性的音乐元素组成，包括沉重的鼓点和合成器产生的循环，以及增加了欧洲的影响，有时有一种trance的感觉。乐队在所有的录音中都使用了录音师。Big Beat的概念后来被许多俱乐部的DJ所采用，并在90年代被许多成功的音乐人广泛使用。</p>\n<p class=\"paragraph text-align-type-left pap-line-1.8 pap-line-rule-auto pap-spacing-before-0pt pap-spacing-after-0pt\">&nbsp;</p>\n<p class=\"paragraph text-align-type-left pap-line-1.8 pap-line-rule-auto pap-spacing-before-0pt pap-spacing-after-0pt\"><span style=\"text-decoration: underline;\">发展（90年代早期）</span></p>\n<p class=\"paragraph text-align-type-left pap-line-1.8 pap-line-rule-auto pap-spacing-before-0pt pap-spacing-after-0pt\">90年代初，在几个流行的音乐亚文化中，包括英国的rave scene、英国的hip hop、chillout或ambient、酝酿中的子流派如trip hop和breakbeat，以及新兴的Britpop运动--在英国舞曲中普遍形成了一个杂交的过程和折衷主义的味道。这种方法的早期传播者包括有影响力的艺术家，如The Orb、Depth Charge、Meat Beat Manifesto、Transglobal Underground和Andrew Weatherall的Sabres of Paradise。</p>\n<p class=\"paragraph text-align-type-left pap-line-1.8 pap-line-rule-auto pap-spacing-before-0pt pap-spacing-after-0pt\">&nbsp;</p>\n<p class=\"paragraph text-align-type-left pap-line-1.8 pap-line-rule-auto pap-spacing-before-0pt pap-spacing-after-0pt\" style=\"padding-left: 30px;\"><em>这个名字来自于我们的俱乐部，Big Beat Boutique，这是我非常自豪的。我一直认为big beat是hip-hop的breakbeats，acid house的能量，以及披头士的流行感，再加上一点朋克感，所有这些都集于一身。像Prodigy和Chemical Brothers这样的艺术家--我们认为这与 the Beatles and 和Rolling Stones非常相似，他们听着灵魂唱片和蓝调唱片长大，然后把它的英文版本卖回美国。</em></p>\n<p class=\"paragraph text-align-type-left pap-line-1.8 pap-line-rule-auto pap-spacing-before-0pt pap-spacing-after-0pt\" style=\"padding-left: 30px; text-align: right;\"><em>&mdash;&mdash;Fatboy Slim</em></p>\n<p class=\"paragraph text-align-type-left pap-line-1.8 pap-line-rule-auto pap-spacing-before-0pt pap-spacing-after-0pt\">&nbsp;</p>\n<p class=\"paragraph text-align-type-left pap-line-1.8 pap-line-rule-auto pap-spacing-before-0pt pap-spacing-after-0pt\">采样已经成为舞曲制作中不可缺少的一部分，风格的融合吸引了DJ、制作人和热衷于舞曲实验主义的乐迷。诸如Junior Boy's Own和Heavenly Records这样的唱片公司展示了这种更广泛的思路，在发行House和acid House单曲的同时，还发行了slower breakbeat-based music ，并在1994年引入了诸如The Chemical Brothers（当时称为The Dust Brothers）和Monkey Mafia这样的DJ转型艺术家。Norman Cook和Damien Harris通过哈里斯的厂牌Skint Records和1995年至2001年期间在布莱顿Concorde俱乐部举办的周五晚上的俱乐部之夜The Big Beat Boutique，首次与 \"Big Beat \"一词结缘。Heavenly厂牌在伦敦的俱乐部The Sunday Social也采用了类似的理念，驻场DJ是The Chemical Brothers和他们不拘一格的方法。这个词很流行，随后被应用于各种表演，包括Bentley Rhythm Ace、Lionrock、The Crystal Method、Lunatic Calm、the Lo Fidelity Allstars、Death in Vegas和the Propellerheads等。2009年The Prodigy现场表演，2007年Chemical Brothers在西班牙巴塞罗那表演。</p>\n<div>\n<div class=\"document\">\n<p class=\"paragraph text-align-type-left pap-line-1.8 pap-line-rule-auto pap-spacing-before-0pt pap-spacing-after-0pt\">&nbsp;</p>\n<p class=\"paragraph text-align-type-left pap-line-1.8 pap-line-rule-auto pap-spacing-before-0pt pap-spacing-after-0pt\"><span style=\"text-decoration: underline;\">主流成功（20世纪90年代-21世纪初）</span></p>\n<p class=\"paragraph text-align-type-left pap-line-1.8 pap-line-rule-auto pap-spacing-before-0pt pap-spacing-after-0pt\">Big beat在20世纪90年代和21世纪初取得了主流成功。在20世纪90年代，The Prodigy有多首歌曲进入英国单曲榜前十名，其中两首歌曲进入榜单第一名。1990年代，The Prodigy在美国也有很多人气。1997年7月，The Prodigy的专辑《The Fat of the Land》在Billboard 200排行榜上名列第一。The Prodigy在1997年的MTV视频音乐奖上表演，获得了Viewer's Choice Award 。The Prodigy的歌曲 \"Firestarter \"在Billboard Hot 100中排名第30位。歌曲 \"Smack My Bitch Up \"在Billboard Hot 100中排名第89位，歌曲The Fat of the Land 在美国卖出了260万张，并被美国唱片业协会（RIAA）认证为2倍白金唱片。The Prodigy的单曲《Firestarter》被RIAA认证为黄金唱片。</p>\n<p class=\"paragraph text-align-type-left pap-line-1.8 pap-line-rule-auto pap-spacing-before-0pt pap-spacing-after-0pt\">&nbsp;</p>\n<p class=\"paragraph text-align-type-left pap-line-1.8 pap-line-rule-auto pap-spacing-before-0pt pap-spacing-after-0pt\" style=\"text-align: center;\"><img src=\"https://duopin-community.oss-cn-shenzhen.aliyuncs.com/zzchew8c6jn7vdj4xoto.jpg\" alt=\"\" width=\"1552\" height=\"985\" /></p>\n<p class=\"paragraph text-align-type-left pap-line-1.8 pap-line-rule-auto pap-spacing-before-0pt pap-spacing-after-0pt\" style=\"text-align: center;\"><span style=\"font-size: 8pt;\">2009年The Prodigy的现场演出</span></p>\n<p class=\"paragraph text-align-type-left pap-line-1.8 pap-line-rule-auto pap-spacing-before-0pt pap-spacing-after-0pt\" style=\"text-align: center;\"><span style=\"font-size: 8pt;\">By ParaDoxus (talk) - Own work (Original text: I (ParaDoxus (talk)) created this work entirely by myself.), Public Domain, https://commons.wikimedia.org/w/index.php?curid=11494828</span></p>\n<p class=\"paragraph text-align-type-left pap-line-1.8 pap-line-rule-auto pap-spacing-before-0pt pap-spacing-after-0pt\">&nbsp;</p>\n<p class=\"paragraph text-align-type-left pap-line-1.8 pap-line-rule-auto pap-spacing-before-0pt pap-spacing-after-0pt\">Fatboy Slim在90年代也取得了主流的成功。他1998年的专辑《You've Come a Long Way, Baby》于1999年9月成为白金唱片。1999年5月22日，Fatboy Slim的歌曲 \"Praise You \"在Billboard Hot 100中排名第36位，2000年1月15日，他的歌曲 \"The Rockafeller Skank \"在Billboard Hot 100中排名第76位。\"Praise You \"和 \"The Rockafeller Skank \"分别在1999年和1999年主流榜单前40名中名列第22位和第21位。</p>\n<p class=\"paragraph text-align-type-left pap-line-1.8 pap-line-rule-auto pap-spacing-before-0pt pap-spacing-after-0pt\">&nbsp;</p>\n<p class=\"paragraph text-align-type-left pap-line-1.8 pap-line-rule-auto pap-spacing-before-0pt pap-spacing-after-0pt\" style=\"text-align: center;\"><img src=\"https://duopin-community.oss-cn-shenzhen.aliyuncs.com/5bw3u8ef7ot0ms3m6kfl.jpg\" alt=\"\" width=\"1620\" height=\"1080\" /></p>\n<p class=\"paragraph text-align-type-left pap-line-1.8 pap-line-rule-auto pap-spacing-before-0pt pap-spacing-after-0pt\" style=\"text-align: center;\"><span style=\"font-size: 8pt;\">2007年The Chemical Brothers在西班牙巴塞罗那表演</span></p>\n<p class=\"paragraph text-align-type-left pap-line-1.8 pap-line-rule-auto pap-spacing-before-0pt pap-spacing-after-0pt\" style=\"text-align: center;\"><span style=\"font-size: 8pt;\">By https://www.flickr.com/photos/alterna2/ - https://www.flickr.com/photos/alterna2/2077435381/in/photostream/, CC BY 2.0, https://commons.wikimedia.org/w/index.php?curid=50398539</span></p>\n<p class=\"paragraph text-align-type-left pap-line-1.8 pap-line-rule-auto pap-spacing-before-0pt pap-spacing-after-0pt\">&nbsp;</p>\n<p class=\"paragraph text-align-type-left pap-line-1.8 pap-line-rule-auto pap-spacing-before-0pt pap-spacing-after-0pt\">1998年8月，The Crystal Method的歌曲 \"Comin' Back \"在Dance Club Songs排行榜上名列第一。The Chemical Brothers的专辑《Dig Your Own Hole》于1997年4月发行，并于1997年9月10日获得RIAA的金唱片认证。该专辑在美国卖出了756,000张。1997年2月1日，歌曲 \"Setting Sun \"在Billboard Hot 100排行榜上名列第80位。The Chemical Brothers的主流成功帮助The Chemical Brothers1995年的专辑《Exit Planet Dust》和1999年的专辑《Surrender》分别在美国和美国卖出了33.1万张和40.2万张。1999年电影The Matrix的原声带包含了big beat歌曲，1999年8月25日，该原声带被RIAA认证为白金唱片。根据尼尔森SoundScan的数据，该原声带在美国的销量为146万张。</p>\n<p class=\"paragraph text-align-type-left pap-line-1.8 pap-line-rule-auto pap-spacing-before-0pt pap-spacing-after-0pt\">&nbsp;</p>\n<div>\n<div class=\"document\">\n<p class=\"paragraph text-align-type-left pap-line-1.8 pap-line-rule-auto pap-spacing-before-0pt pap-spacing-after-0pt\"><strong>衰落（2001年至今）</strong></p>\n<p class=\"paragraph text-align-type-left pap-line-1.8 pap-line-rule-auto pap-spacing-before-0pt pap-spacing-after-0pt\">到2001年，big beat音乐圈的人气已经开始逐渐衰落，原因是该流派的新鲜感逐渐消失。在Gatecrasher俱乐部和trance运动的成功启发下，该流派最成功的乐队将进一步改变他们的声音，其中The Chemical Brothers推出了更多具有直接house和techno特征的作品（包括 \"4x4 \"节拍，这些节拍类似于house和合成器的扫频和噪音，标志着与他们由切分拍和嘻哈采样组成的big beat声音不同），他们的这类尝试在1999年至2002年间达到商业高峰。然而，big beat作为rave音乐的本土化进展，在流行音乐中留下了不可磨灭的印记，弥合了俱乐部和独立摇滚乐迷之间的鸿沟。有人认为，如果没有这种联系，它就不会达到这样的高度，也不会引起那么多听众的共鸣。</p>\n</div>\n</div>\n</div>\n</div>\n</div>\n</div>\n</div>",
 "contentEn": "<p><strong>Big beat</strong>&nbsp;is an&nbsp;electronic music&nbsp;genre that usually uses heavy&nbsp;breakbeats&nbsp;and synthesizer-generated loops and patterns &ndash; common to&nbsp;acid house/techno. The term has been used by the British music industry to describe music by artists such as&nbsp;The Prodigy,&nbsp;The Chemical Brothers,&nbsp;Fatboy Slim,&nbsp;The Crystal Method,&nbsp;Propellerheads,&nbsp;Cut La Roc,&nbsp;Basement Jaxx&nbsp;and&nbsp;Groove Armada.<sup id=\"cite_ref-Old_Hit_Won't_Outgun_Prodigy_Disc_1-0\" class=\"reference\">[1]</sup></p>\n<p>&nbsp;</p>\n<p>Big beat achieved mainstream success during the 1990s and early 2000s with the mainstream success of artists like The Prodigy, The Chemical Brothers and Fatboy Slim. Big beat began to decline in 2001.<sup id=\"cite_ref-2\" class=\"reference\">[2]</sup></p>\n<h2>&nbsp;</h2>\n<h2><span id=\"Style\" class=\"mw-headline\">Style</span></h2>\n<p>Big beat features heavy and distorted drum beats at&nbsp;tempos&nbsp;between 100 and 140&nbsp;beats per minute,&nbsp;Roland TB-303&nbsp;synthesizer&nbsp;lines resembling those of&nbsp;acid house, and heavy loops from 1960s and 1970s&nbsp;funk,&nbsp;soul,&nbsp;jazz, and&nbsp;rock&nbsp;songs. They are often punctuated with&nbsp;punk-style vocals or rappers and driven by intense, distorted synthesizer&nbsp;basslines&nbsp;with conventional pop, house and techno song structures. Big beat tracks have a sound that includes&nbsp;crescendos, builds,&nbsp;drops, extended&nbsp;drum rolls, and sounds such as spoken word samples, dialogues from film and TV, additional instruments such as Middle Eastern strings or sitars, explosions, air horns, sirens (usually police sirens) and gunshots. As with several other dance genres at the time, the use of effects such as&nbsp;filters,&nbsp;phasing, and&nbsp;flanging&nbsp;was common in the genre.</p>\n<p>&nbsp;</p>\n<p>Celebrated pioneers of the genre such as&nbsp;Fatboy Slim&nbsp;tend to feature heavily&nbsp;compressed&nbsp;loud breakbeats in his songs, which are used to define the music as much as any melodic hooks and sampled sounds. Based on the primary use of loud, heavy breakbeats and basslines, big beat shares attributes with&nbsp;jungle&nbsp;and&nbsp;drum and bass, but has a significantly slower tempo.</p>\n<h2>&nbsp;</h2>\n<h2><span id=\"History\" class=\"mw-headline\">History</span></h2>\n<h3><span id=\"Premise_.28late_1980s.29\"></span><span id=\"Premise_(late_1980s)\" class=\"mw-headline\">Premise (late 1980s)</span></h3>\n<p>In 1989, Iain Williams from the English electronic duo&nbsp;Big Bang&nbsp;coined the musical term&nbsp;<em>big beat</em>&nbsp;to describe the band's musical style.<sup id=\"cite_ref-3\" class=\"reference\">[3]</sup><sup id=\"cite_ref-4\" class=\"reference\">[4]</sup><sup id=\"cite_ref-5\" class=\"reference\">[5]</sup>&nbsp;Williams explained the concept during an interview with the journalist Alex Gerry in an article published in the London magazine&nbsp;<em>Metropolitan</em>&nbsp;(issue 132, page 9, 6 June 1989) under the heading,&nbsp;<em>Big Bang in Clubland &ndash; Could Big Beat be the 1989 answer to Acid House?</em><sup id=\"cite_ref-auto_6-0\" class=\"reference\">[6]</sup>&nbsp;The band was promoting their first record, an Arabic-inspired dance version of&nbsp;ABBA's&nbsp;<em>Voulez-Vous</em>&nbsp;and their instrumental track \"Cold Nights in Cairo\"<sup id=\"cite_ref-7\" class=\"reference\">[7]</sup>&nbsp;that had just been released on Swanyard Records. The single was produced by Big Bang and Steev Toth. Big Bang are Laurence Malice<sup id=\"cite_ref-8\" class=\"reference\">[8]</sup>&nbsp;(Trade nightclub&nbsp;founder) and Iain Williams (writer).<sup id=\"cite_ref-9\" class=\"reference\">[9]</sup>&nbsp;The band's sound consisted of various experimental musical elements, including heavy drum beats and synthesizer-generated loops as well as an added suggestion of European influences that at times had a trance-like quality. The band used session vocalists on all their recordings. The concept of the big beat sound was later picked up on and adapted by many club DJs and went on to become widely used by many successful musicians throughout the 1990s.</p>\n<h3>&nbsp;</h3>\n<h3><span id=\"Emerging_.28early_1990s.29\"></span><span id=\"Emerging_(early_1990s)\" class=\"mw-headline\">Emerging (early 1990s)</span></h3>\n<p>In the early 1990s, in the midst of several popular musical subcultures, including the English&nbsp;rave&nbsp;scene,&nbsp;British hip hop,&nbsp;chillout&nbsp;or&nbsp;ambient, gestating subgenres such as&nbsp;trip hop&nbsp;and&nbsp;breakbeat, along with the emerging&nbsp;Britpop&nbsp;movement &ndash; a process of hybridisation and a taste for eclecticism was developing within English dance music generally.<sup id=\"cite_ref-Allmusic_11-0\" class=\"reference\">[11]</sup>&nbsp;Early purveyors of this approach include influential artists such as&nbsp;The Orb,&nbsp;Depth Charge,&nbsp;Meat Beat Manifesto,&nbsp;Transglobal Underground, and&nbsp;Andrew Weatherall's&nbsp;Sabres of Paradise.</p>\n<p>&nbsp;</p>\n<p>Sampling&nbsp;had become an integral part of dance music production and the fusion of genres appealed to DJs, producers, and fans keen on continued experimentalism within dance music. Record labels such as&nbsp;Junior Boy's Own&nbsp;and&nbsp;Heavenly Records&nbsp;demonstrated this broader-minded approach, releasing slower breakbeat-based music alongside&nbsp;house&nbsp;and&nbsp;acid house&nbsp;singles, introducing DJ-turned-artists such as&nbsp;The Chemical Brothers&nbsp;(known then as The Dust Brothers<sup id=\"cite_ref-NciMusic_12-0\" class=\"reference\">[12]</sup>) and&nbsp;Monkey Mafia&nbsp;in 1994.&nbsp;Norman Cook&nbsp;and Damien Harris first became associated with the term \"big beat\" through Harris's label&nbsp;Skint Records&nbsp;and club night The Big Beat Boutique,<sup id=\"cite_ref-Allmusic_11-1\" class=\"reference\">[11]</sup>&nbsp;held on Friday nights at&nbsp;Brighton's Concorde club between 1995 and 2001. The Heavenly label's London club&nbsp;The Sunday Social&nbsp;had adopted a similar philosophy with resident DJs The Chemical Brothers and their eclectic approach.<sup id=\"cite_ref-13\" class=\"reference\">[13]</sup>&nbsp;The term caught on, and was subsequently applied to a wide variety of acts, including&nbsp;Bentley Rhythm Ace,&nbsp;Lionrock,&nbsp;The Crystal Method,&nbsp;Lunatic Calm, the&nbsp;Lo Fidelity Allstars,&nbsp;Death in Vegas, and the&nbsp;Propellerheads&nbsp;among others.</p>\n<h3>&nbsp;</h3>\n<h3><span id=\"Mainstream_success_(1990s-early_2000s)\" class=\"mw-headline\">Mainstream success (1990s-early 2000s)</span></h3>\n<p>Big beat achieved mainstream success in the 1990s and early 2000s. During the 1990s,&nbsp;The Prodigy&nbsp;had several songs in the top ten of the&nbsp;UK Singles Chart&nbsp;and two of those songs went to number 1 on the chart.<sup id=\"cite_ref-14\" class=\"reference\">[14]</sup>&nbsp;The Prodigy also had a lot of popularity in the United States during the 1990s. The Prodigy's album&nbsp;<em>The Fat of the Land</em>&nbsp;went to number 1 on the&nbsp;<em>Billboard</em>&nbsp;200&nbsp;in July 1997.<sup id=\"cite_ref-15\" class=\"reference\">[15]</sup>&nbsp;The Prodigy performed at the&nbsp;1997 MTV Video Music Awards<sup id=\"cite_ref-16\" class=\"reference\">[16]</sup>&nbsp;won the Viewer's Choice Award there.<sup id=\"cite_ref-17\" class=\"reference\">[17]</sup>&nbsp;The Prodigy's song \"Firestarter\" went to number 30 on the&nbsp;<em>Billboard</em>&nbsp;Hot 100. The Prodigy's song \"Smack My Bitch Up\" went to number 89 on the&nbsp;<em>Billboard</em>&nbsp;Hot 100.<sup id=\"cite_ref-18\" class=\"reference\">[18]</sup>&nbsp;<em>The Fat of the Land</em>&nbsp;by the Prodigy sold 2,600,000 copies in the United States<sup id=\"cite_ref-19\" class=\"reference\">[19]</sup>&nbsp;and was certified 2x platinum by the&nbsp;Recording Industry Association of America (RIAA).<sup id=\"cite_ref-United_StatesThe_ProdigyThe_Fat_of_the_LandalbumCertRef_20-0\" class=\"reference\">[20]</sup>&nbsp;The Prodigy's single \"Firestarter\" was certified gold by the RIAA.<sup id=\"cite_ref-United_StatesThe_ProdigyFirestartersingleCertRef_21-0\" class=\"reference\">[21]</sup>&nbsp;Fatboy Slim also achieved mainstream success in the 1990s. His 1998 album&nbsp;<em>You've Come a Long Way, Baby</em>&nbsp;was certified platinum in September 1999.<sup id=\"cite_ref-United_StatesFatboy_SlimYou've_Come_a_Long_Way,_BabyalbumCertRef_22-0\" class=\"reference\">[22]</sup>&nbsp;Fatboy Slim's song \"Praise You\" peaked at number 36 on the&nbsp;<em>Billboard</em>&nbsp;Hot 100 on May 22, 1999 and his song \"The Rockafeller Skank\" peaked at number 76 on the&nbsp;<em>Billboard</em>&nbsp;Hot 100 on January 15, 2000.<sup id=\"cite_ref-23\" class=\"reference\">[23]</sup>&nbsp;\"Praise You\" and \"The Rockafeller Skank\" peaked at number 22 on the&nbsp;Mainstream Top 40&nbsp;chart in 1999 and number 21 on the&nbsp;Mainstream Top 40&nbsp;chart in 1999, respectively.<sup id=\"cite_ref-24\" class=\"reference\">[24]</sup>&nbsp;In August 1998,&nbsp;the Crystal Method's song \"Comin' Back\" went to number 1 on the&nbsp;Dance Club Songs&nbsp;chart.<sup id=\"cite_ref-25\" class=\"reference\">[25]</sup>&nbsp;The Chemical Brothers' album&nbsp;<em>Dig Your Own Hole</em>&nbsp;was released in April 1997 and was certified gold by the RIAA on September 10, 1997.<sup id=\"cite_ref-United_StatesThe_Chemical_BrothersDig_Your_Own_HolealbumCertRef_26-0\" class=\"reference\">[26]</sup>&nbsp;The album sold 756,000 copies in the United States.<sup id=\"cite_ref-GotCharts_27-0\" class=\"reference\">[27]</sup>&nbsp;The Chemical Brothers' song \"Setting Sun\" peaked at number 80 on the&nbsp;<em>Billboard</em>&nbsp;Hot 100 on February 1, 1997.<sup id=\"cite_ref-28\" class=\"reference\">[28]</sup>&nbsp;The mainstream success of The Chemical Brothers helped The Chemical Brothers' 1995 album&nbsp;<em>Exit Planet Dust</em>&nbsp;and 1999 album&nbsp;<em>Surrender</em>&nbsp;sell 331,000 copies in the United States and 402,000 copies in the United States, respectively.<sup id=\"cite_ref-GotCharts_27-1\" class=\"reference\">[27]</sup>&nbsp;The&nbsp;soundtrack&nbsp;to the 1999 movie&nbsp;<em>The Matrix</em>&nbsp;included big beat songs and the soundtrack was certified platinum by the RIAA on August 25, 1999.<sup id=\"cite_ref-United_StatesSoundtrackThe_MatrixalbumCertRef_29-0\" class=\"reference\">[29]</sup>&nbsp;The soundtrack sold 1,460,000 copies in the United States, according to&nbsp;Nielsen SoundScan.<sup id=\"cite_ref-30\" class=\"reference\">[30]</sup></p>\n<h3>&nbsp;</h3>\n<h3><span id=\"Decline_.282001.E2.80.93present.29\"></span><span id=\"Decline_(2001&ndash;present)\" class=\"mw-headline\">Decline (2001&ndash;present)</span></h3>\n<p>The big beat scene had started to gradually decline in popularity by 2001, due to the novelty of the genre's formula fading.<sup id=\"cite_ref-31\" class=\"reference\">[31]</sup>&nbsp;The genre's most successful acts would alter their sound further, more prominently, The Chemical Brothers releasing more material with direct house and&nbsp;techno&nbsp;characteristics (including \"4x4\" beats which resemble those of&nbsp;house&nbsp;and synthesizer sweeps and noises, marking a departure from their big beat sound consisting of syncopated breakbeats and hip hop samples) inspired by the success of the&nbsp;Gatecrasher&nbsp;club and the trance movement, which would reach a commercial peak between 1999 and 2002. However, big beat had left an indelible mark on popular music as an indigenous progression from rave music, bridging a divide between clubbers and&nbsp;indie rock&nbsp;fans. Without this connection, some have reasoned that it would not have reached the heights that it did, or resonated with as many listeners as it did.<sup id=\"cite_ref-32\" class=\"reference\">[32]</sup></p>\n<h2>&nbsp;</h2>\n<h2><span id=\"References\" class=\"mw-headline\">References</span></h2>\n<div class=\"reflist\">\n<div class=\"mw-references-wrap mw-references-columns\">\n<ol class=\"references\">\n<li id=\"cite_note-Old_Hit_Won't_Outgun_Prodigy_Disc-1\"><span class=\"mw-cite-backlink\"><strong>^</strong></span>&nbsp;<span class=\"reference-text\"><cite class=\"citation news cs1\">\"Old Hit Won't Outgun Prodigy Disc\".&nbsp;<em>Miami Herald</em>. 10 September 2004.</cite></span></li>\n<li id=\"cite_note-2\"><span class=\"mw-cite-backlink\"><strong>^</strong></span>&nbsp;<span class=\"reference-text\"><cite id=\"CITEREFColeman2016\" class=\"citation web cs1\">Coleman, Jonny (2016-10-14).&nbsp;\"In Defense of Big Beat, the Annoying 90s Music Genre That Snobs Love to Hate\".&nbsp;<em>Thump</em><span class=\"reference-accessdate\">. Retrieved&nbsp;<span class=\"nowrap\">2019-02-21</span></span>.</cite></span></li>\n<li id=\"cite_note-3\"><span class=\"mw-cite-backlink\"><strong>^</strong></span>&nbsp;<span class=\"reference-text\"><em>The Little Big Beat Book</em>&nbsp;by Rory Hoy, pp. 48-50, outlines Big Bang's involvement in the history of Big Beat as a musical genre:<em>The Little Big Beat Book</em>&nbsp;by Rory Hoy, published 10/09/2018 by New Haven Publishing Ltd:&nbsp;ISBN&nbsp;9781912587094</span></li>\n<li id=\"cite_note-4\"><span class=\"mw-cite-backlink\"><strong>^</strong></span>&nbsp;<span class=\"reference-text\"><cite class=\"citation web cs1\">\"The Little Big Beat Book - Rory Hoy; | Foyles Bookstore\".&nbsp;<em>Foyles.co.uk</em><span class=\"reference-accessdate\">. Retrieved&nbsp;<span class=\"nowrap\">7 January</span>&nbsp;2021</span>.</cite></span></li>\n<li id=\"cite_note-5\"><span class=\"mw-cite-backlink\"><strong>^</strong></span>&nbsp;<span class=\"reference-text\"><cite class=\"citation web cs1\">\"CLASSIC '90s: The Prodigy - 'The Fat Of The Land<span class=\"cs1-kern-right\">'</span>\".&nbsp;<em>Thestudentplaylist.com</em>. 29 June 2017<span class=\"reference-accessdate\">. Retrieved&nbsp;<span class=\"nowrap\">7 January</span>&nbsp;2021</span>.</cite></span></li>\n<li id=\"cite_note-auto-6\"><span class=\"mw-cite-backlink\"><strong>^</strong></span>&nbsp;<span class=\"reference-text\"><cite id=\"CITEREFGerry1989\" class=\"citation journal cs1\">Gerry, Alex (9 June 1989). \"Big Bang in Clubland: Could big beat be the 1989 answer to acid house?\".&nbsp;<em>Metropolitan</em>&nbsp;(132): 9.</cite></span></li>\n<li id=\"cite_note-7\"><span class=\"mw-cite-backlink\"><strong>^</strong></span>&nbsp;<span class=\"reference-text\"><cite class=\"citation web cs1\">\"Big Bang on Apple Music\".&nbsp;<em>Itunes.apple.com</em><span class=\"reference-accessdate\">. Retrieved&nbsp;<span class=\"nowrap\">12 July</span>&nbsp;2018</span>.</cite></span></li>\n<li id=\"cite_note-8\"><span class=\"mw-cite-backlink\"><strong>^</strong></span>&nbsp;<span class=\"reference-text\"><cite class=\"citation web cs1\">\"Laurence Malice\".&nbsp;<em>Dmcworld.net</em>. 8 October 2015<span class=\"reference-accessdate\">. Retrieved&nbsp;<span class=\"nowrap\">7 January</span>&nbsp;2021</span>.</cite></span></li>\n<li id=\"cite_note-9\"><span class=\"mw-cite-backlink\"><strong>^</strong></span>&nbsp;<span class=\"reference-text\"><cite class=\"citation web cs1\">\"Archived copy\". Archived from&nbsp;the original&nbsp;on 2016-03-30<span class=\"reference-accessdate\">. Retrieved&nbsp;<span class=\"nowrap\">2019-09-13</span></span>.</cite></span></li>\n<li id=\"cite_note-10\"><span class=\"mw-cite-backlink\"><strong>^</strong></span>&nbsp;<span class=\"reference-text\"><cite class=\"citation news cs1\">\"How The Major Labels Sold 'Electronica' To America\".&nbsp;<em>NPR</em>.</cite></span></li>\n<li id=\"cite_note-Allmusic-11\"><span class=\"mw-cite-backlink\">^&nbsp;<span class=\"cite-accessibility-label\">Jump up to:</span><sup><em><strong>a</strong></em></sup>&nbsp;<sup><em><strong>b</strong></em></sup></span>&nbsp;<span class=\"reference-text\"><cite class=\"citation web cs1\">\"Big Beat\".&nbsp;<em>Allmusic</em><span class=\"reference-accessdate\">. Retrieved&nbsp;<span class=\"nowrap\">26 September</span>&nbsp;2011</span>.</cite></span></li>\n<li id=\"cite_note-NciMusic-12\"><span class=\"mw-cite-backlink\"><strong>^</strong></span>&nbsp;<span class=\"reference-text\"><cite class=\"citation web cs1\">\"Big Beat/Chemical Beats\".&nbsp;<em>NciMusic</em>. Archived from&nbsp;the original&nbsp;on 30 October 2009<span class=\"reference-accessdate\">. Retrieved&nbsp;<span class=\"nowrap\">13 January</span>&nbsp;2014</span>.</cite></span></li>\n<li id=\"cite_note-13\"><span class=\"mw-cite-backlink\"><strong>^</strong></span>&nbsp;<span class=\"reference-text\"><cite class=\"citation web cs1\">\"Archived copy\". Archived from&nbsp;the original&nbsp;on 2016-12-20<span class=\"reference-accessdate\">. Retrieved&nbsp;<span class=\"nowrap\">2021-05-30</span></span>.</cite></span></li>\n<li id=\"cite_note-14\"><span class=\"mw-cite-backlink\"><strong>^</strong></span>&nbsp;<span class=\"reference-text\"><cite class=\"citation web cs1\">\"Official Charts Company (The Prodigy)\".&nbsp;Official Charts Company<span class=\"reference-accessdate\">. Retrieved&nbsp;<span class=\"nowrap\">4 May</span>&nbsp;2017</span>.</cite></span></li>\n<li id=\"cite_note-15\"><span class=\"mw-cite-backlink\"><strong>^</strong></span>&nbsp;<span class=\"reference-text\"><cite class=\"citation web cs1\">\"The Prodigy &ndash; Chart history (<em>Billboard</em>&nbsp;200)\".&nbsp;<em>Billboard</em>. Archived from&nbsp;the original&nbsp;on 7 August 2018<span class=\"reference-accessdate\">. Retrieved&nbsp;<span class=\"nowrap\">4 May</span>&nbsp;2017</span>.</cite></span></li>\n<li id=\"cite_note-16\"><span class=\"mw-cite-backlink\"><strong>^</strong></span>&nbsp;<span class=\"reference-text\"><cite id=\"CITEREFKangas2012\" class=\"citation web cs1\">Kangas, Chaz (6 September 2012).&nbsp;\"The 1997 Edition Was the Best MTV Video Music Awards\".&nbsp;<em>LA Weekly</em><span class=\"reference-accessdate\">. Retrieved&nbsp;<span class=\"nowrap\">4 May</span>&nbsp;2017</span>.</cite></span></li>\n<li id=\"cite_note-17\"><span class=\"mw-cite-backlink\"><strong>^</strong></span>&nbsp;<span class=\"reference-text\"><cite class=\"citation web cs1\">\"VMA 1997 &ndash; MTV Video Music Awards\".&nbsp;MTV<span class=\"reference-accessdate\">. Retrieved&nbsp;<span class=\"nowrap\">4 May</span>&nbsp;2017</span>.</cite></span></li>\n<li id=\"cite_note-18\"><span class=\"mw-cite-backlink\"><strong>^</strong></span>&nbsp;<span class=\"reference-text\"><cite class=\"citation web cs1\">\"The Prodigy &ndash; Chart history (The Hot 100)\".&nbsp;<em>Billboard</em>. Archived from&nbsp;the original&nbsp;on 9 May 2018<span class=\"reference-accessdate\">. Retrieved&nbsp;<span class=\"nowrap\">4 May</span>&nbsp;2017</span>.</cite></span></li>\n<li id=\"cite_note-19\"><span class=\"mw-cite-backlink\"><strong>^</strong></span>&nbsp;<span class=\"reference-text\"><cite class=\"citation web cs1\">\"36ask\".&nbsp;<em>Billboard</em><span class=\"reference-accessdate\">. Retrieved&nbsp;<span class=\"nowrap\">4 May</span>&nbsp;2017</span>.</cite></span></li>\n<li id=\"cite_note-United_StatesThe_ProdigyThe_Fat_of_the_LandalbumCertRef-20\"><span class=\"mw-cite-backlink\"><strong>^</strong></span>&nbsp;<span class=\"reference-text\"><cite class=\"citation web cs1\">\"American album certifications &ndash; The Prodigy &ndash; The Fat of the Land\".&nbsp;Recording Industry Association of America.</cite>&nbsp;<em>If necessary, click&nbsp;</em>Advanced<em>, then click&nbsp;</em>Format<em>, then select&nbsp;</em>Album<em>, then click&nbsp;</em>SEARCH<em>.<span class=\"nowrap\">&nbsp;</span></em></span></li>\n<li id=\"cite_note-United_StatesThe_ProdigyFirestartersingleCertRef-21\"><span class=\"mw-cite-backlink\"><strong>^</strong></span>&nbsp;<span class=\"reference-text\"><cite class=\"citation web cs1\">\"American single certifications &ndash; The Prodigy &ndash; Firestarter\".&nbsp;Recording Industry Association of America.</cite>&nbsp;<em>If necessary, click&nbsp;</em>Advanced<em>, then click&nbsp;</em>Format<em>, then select&nbsp;</em>Single<em>, then click&nbsp;</em>SEARCH<em>.<span class=\"nowrap\">&nbsp;</span></em></span></li>\n<li id=\"cite_note-United_StatesFatboy_SlimYou've_Come_a_Long_Way,_BabyalbumCertRef-22\"><span class=\"mw-cite-backlink\"><strong>^</strong></span>&nbsp;<span class=\"reference-text\"><cite class=\"citation web cs1\">\"American album certifications &ndash; Fatboy Slim &ndash; You've Come a Long Way, Baby\".&nbsp;Recording Industry Association of America.</cite>&nbsp;<em>If necessary, click&nbsp;</em>Advanced<em>, then click&nbsp;</em>Format<em>, then select&nbsp;</em>Album<em>, then click&nbsp;</em>SEARCH<em>.<span class=\"nowrap\">&nbsp;</span></em></span></li>\n<li id=\"cite_note-23\"><span class=\"mw-cite-backlink\"><strong>^</strong></span>&nbsp;<span class=\"reference-text\"><cite class=\"citation web cs1\">\"Fatboy Slim Chart History (Hot 100)\".&nbsp;<em>Billboard</em><span class=\"reference-accessdate\">. Retrieved&nbsp;<span class=\"nowrap\">August 6,</span>&nbsp;2018</span>.</cite></span></li>\n<li id=\"cite_note-24\"><span class=\"mw-cite-backlink\"><strong>^</strong></span>&nbsp;<span class=\"reference-text\"><cite class=\"citation web cs1\">\"Fatboy Slim Chart History (Mainstream Top 40)\".&nbsp;<em>Billboard</em><span class=\"reference-accessdate\">. Retrieved&nbsp;<span class=\"nowrap\">August 6,</span>&nbsp;2018</span>.</cite></span></li>\n<li id=\"cite_note-25\"><span class=\"mw-cite-backlink\"><strong>^</strong></span>&nbsp;<span class=\"reference-text\"><cite class=\"citation web cs1\">\"The Crystal Method &ndash; Chart history (Dance Club Songs)\".&nbsp;<em>Billboard</em>. Archived from&nbsp;the original&nbsp;on 10 May 2018<span class=\"reference-accessdate\">. Retrieved&nbsp;<span class=\"nowrap\">4 May</span>&nbsp;2017</span>.</cite></span></li>\n<li id=\"cite_note-United_StatesThe_Chemical_BrothersDig_Your_Own_HolealbumCertRef-26\"><span class=\"mw-cite-backlink\"><strong>^</strong></span>&nbsp;<span class=\"reference-text\"><cite class=\"citation web cs1\">\"American album certifications &ndash; The Chemical Brothers &ndash; Dig Your Own Hole\".&nbsp;Recording Industry Association of America.</cite>&nbsp;<em>If necessary, click&nbsp;</em>Advanced<em>, then click&nbsp;</em>Format<em>, then select&nbsp;</em>Album<em>, then click&nbsp;</em>SEARCH<em>.<span class=\"nowrap\">&nbsp;</span></em></span></li>\n<li id=\"cite_note-GotCharts-27\"><span class=\"mw-cite-backlink\">^&nbsp;<span class=\"cite-accessibility-label\">Jump up to:</span><sup><em><strong>a</strong></em></sup>&nbsp;<sup><em><strong>b</strong></em></sup></span>&nbsp;<span class=\"reference-text\"><cite id=\"CITEREFBasham2002\" class=\"citation web cs1\">Basham, David (February 7, 2002).&nbsp;\"Got Charts? Bean, Bleek &amp; Beatles Synch Up Soundtracks\".&nbsp;MTV<span class=\"reference-accessdate\">. Retrieved&nbsp;<span class=\"nowrap\">August 6,</span>&nbsp;2018</span>.</cite></span></li>\n<li id=\"cite_note-28\"><span class=\"mw-cite-backlink\"><strong>^</strong></span>&nbsp;<span class=\"reference-text\"><cite class=\"citation web cs1\">\"The Chemical Brothers Chart History\".&nbsp;<em>Billboard</em><span class=\"reference-accessdate\">. Retrieved&nbsp;<span class=\"nowrap\">August 6,</span>&nbsp;2018</span>.</cite></span></li>\n<li id=\"cite_note-United_StatesSoundtrackThe_MatrixalbumCertRef-29\"><span class=\"mw-cite-backlink\"><strong>^</strong></span>&nbsp;<span class=\"reference-text\"><cite class=\"citation web cs1\">\"American album certifications &ndash; Soundtrack &ndash; The Matrix\".&nbsp;Recording Industry Association of America.</cite>&nbsp;<em>If necessary, click&nbsp;</em>Advanced<em>, then click&nbsp;</em>Format<em>, then select&nbsp;</em>Album<em>, then click&nbsp;</em>SEARCH<em>.<span class=\"nowrap\">&nbsp;</span></em></span></li>\n<li id=\"cite_note-30\"><span class=\"mw-cite-backlink\"><strong>^</strong></span>&nbsp;<span class=\"reference-text\"><cite id=\"CITEREFBasham2002\" class=\"citation web cs1\">Basham, David (February 7, 2002).&nbsp;\"Got Charts? Beans, Bleek &amp; Beatles Synch Up Soundtracks\".&nbsp;MTV<span class=\"reference-accessdate\">. Retrieved&nbsp;<span class=\"nowrap\">February 21,</span>&nbsp;2020</span>.</cite></span></li>\n<li id=\"cite_note-31\"><span class=\"mw-cite-backlink\"><strong>^</strong></span>&nbsp;<span class=\"reference-text\"><cite id=\"CITEREFDamian_Harris2008\" class=\"citation news cs1\">Damian Harris (9 April 2008).&nbsp;\"Big beat: creating a dancefloor monster\".&nbsp;<em>The Guardian</em><span class=\"reference-accessdate\">. Retrieved&nbsp;<span class=\"nowrap\">26 September</span>&nbsp;2011</span>.</cite></span></li>\n<li id=\"cite_note-32\"><span class=\"mw-cite-backlink\"><strong>^</strong></span>&nbsp;<span class=\"reference-text\"><cite id=\"CITEREFReynolds1998\" class=\"citation book cs1\">Reynolds, Simon (1998).&nbsp;<span class=\"cs1-lock-registration\" title=\"Free registration required\"><em>Generation Ecstasy</em></span>. Little, Brown and Company. p.&nbsp;384.</cite></span></li>\n</ol>\n</div>\n</div>",
 "remarks": "本词条汉字内容由 @多频百科团队 翻译+编辑\n原文译自 https://en.wikipedia.org/wiki/Big_beat",
 "remarksEn": "本词条内容来自 https://en.wikipedia.org/wiki/Big_beat",
 "status": 1,
 "clickNum": 22,
 "deleted": 0,
 "lang": 0,
 "chooseLang": true,
 "id": 96,
 "name": "Big Beat",
 "descriptions": "Big Beat是一种电子音乐类型，通常使用沉重的Breakbeat和常见于Acid House/Techno的合成器生成的Loop循环和Pattern。英国音乐界曾用Big Beat来形容he Prodigy, The Chemical Brothers, Fatboy Slim, The Crystal Method, Propellerheads, Cut La Roc, Basement Jaxx and Groove Armada等艺术家的音乐。",
 "originalName": "",
 "startTimeText": "1989",
 "startAddress": "London, England",
 "searchStyle": "Breakbeat",
 "styleCategory": "Breakbeat",
 "originalStyle": "Electronica, Rock, breakbeat hardcore, house, techno, acid house, hip hop, industrial dance",
 "affectStyle": "",
 "deriveStyle": "",
 "representArtist": "The Prodigy, The Chemical Brothers, Fatboy Slim, The Crystal Method, Propellerheads, Cut La Roc, Basement Jaxx, Groove Armada",
 "officialUrl": "https://en.wikipedia.org/wiki/Big_beat",
 "typeId": 13,
 "typeName": "风格",
 "dataId": 96,
 "url": "http://dropinapp.hearinmusic.com/#/ency?typeId=13&dataId=96"
}