{
 "pageNum": 1,
 "pageSize": 10,
 "params": {},
 "relationChannel": "[{\"id\":1111,\"parentId\":8,\"name\":\"Big Room House\"}]",
 "relationEncy": "[{\"id\":36378,\"typeId\":13,\"dataId\":51,\"name\":\"Electro House\",\"url\":\"http://dropinapp.hearinmusic.com/#/ency?typeId=13&dataId=51\"},{\"id\":7238,\"typeId\":12,\"dataId\":7238,\"name\":\"Dimitri Vegas & Like Mike\",\"url\":\"http://dropinapp.hearinmusic.com/#/ency?typeId=12&dataId=7238\"},{\"id\":36332,\"typeId\":13,\"dataId\":5,\"name\":\"Pop EDM\",\"url\":\"http://dropinapp.hearinmusic.com/#/ency?typeId=13&dataId=5\"},{\"id\":17698,\"typeId\":12,\"dataId\":17698,\"name\":\"Martin Garrix\",\"url\":\"http://dropinapp.hearinmusic.com/#/ency?typeId=12&dataId=17698\"}]",
 "content": "<div class=\"document\">\n<p class=\"paragraph text-align-type-left pap-line-1.8 pap-line-rule-auto pap-spacing-before-0pt pap-spacing-after-0pt\">Big Room House是Electro House的一个子类别，在2010年代初开始流行并受到乐迷广泛的喜爱，代表艺人包括KSHMR，Dimitri Vegas和Like Mike，Hardwell，Nicky Romero，Blasterjaxx，Martin Garrix和R3HAB等。</p>\n<p class=\"paragraph text-align-type-left pap-line-1.8 pap-line-rule-auto pap-spacing-before-0pt pap-spacing-after-0pt\">&nbsp;</p>\n<p class=\"paragraph text-align-type-left pap-line-1.8 pap-line-rule-auto pap-spacing-before-0pt pap-spacing-after-0pt\"><strong>特征</strong></p>\n<p class=\"paragraph text-align-type-left pap-line-1.8 pap-line-rule-auto pap-spacing-before-0pt pap-spacing-after-0pt\">Big Room House风格歌曲的曲速通常在 126 - 132 BPM。歌曲通常使用House音乐典型的4/4节奏型，较长的Buildup已经Electro风格的Drop。旋律上通常是简单简洁的，并经常使用受Techno影响的Supersaw（超级锯齿）质感音色。该风格的一个显著特点是通过低沉浑厚的Bassline以及注重混响的宽宏Lead营造巨大的空间感氛围，令听众感觉置身于一间大房子内，也因此得名Big Room House。</p>\n<p class=\"paragraph text-align-type-left pap-line-1.8 pap-line-rule-auto pap-spacing-before-0pt pap-spacing-after-0pt\">&nbsp;</p>\n<p class=\"paragraph text-align-type-left pap-line-1.8 pap-line-rule-auto pap-spacing-before-0pt pap-spacing-after-0pt\"><strong>历史 </strong></p>\n<p class=\"paragraph text-align-type-left pap-line-1.8 pap-line-rule-auto pap-spacing-before-0pt pap-spacing-after-0pt\">在2010年代初，big room house开始发展，并在Tomorrowland等电子舞曲活动和音乐节上流行起来。尽管被认为是电音House的一个子流派，但多年来，Big Room House已经发展成为自己的一个流派。</p>\n<p class=\"paragraph text-align-type-left pap-line-1.8 pap-line-rule-auto pap-spacing-before-0pt pap-spacing-after-0pt\">&nbsp;</p>\n<p class=\"paragraph text-align-type-left pap-line-1.8 pap-line-rule-auto pap-spacing-before-0pt pap-spacing-after-0pt\">Swedish House Mafia成员--Steve Angello、Axwell和Sebastian Ingrosso被认为是有影响力的big room house制作人。Martin Garrix最畅销的单曲 \"Animals \"被认为是有史以来最知名的big room house歌曲之一，还有Hardwell在2012年发行的 \"Spaceman\"。2010年代初，DJ和制作人开始在音乐节和俱乐部播放Big Room House作品后，该流派获得了关注。</p>\n<p class=\"paragraph text-align-type-left pap-line-1.8 pap-line-rule-auto pap-spacing-before-0pt pap-spacing-after-0pt\">&nbsp;</p>\n<p class=\"paragraph text-align-type-left pap-line-1.8 pap-line-rule-auto pap-spacing-before-0pt pap-spacing-after-0pt\">2016年，Beatport增加了Big Room流派，并错误地将电音House重新归类为Big Room的一个子流派，将Deadmau5和Wolfgang Gartner等著名制作人归入该类别。这个问题在不久后得到了修正。</p>\n<p class=\"paragraph text-align-type-left pap-line-1.8 pap-line-rule-auto pap-spacing-before-0pt pap-spacing-after-0pt\">&nbsp;</p>\n<p class=\"paragraph text-align-type-left pap-line-1.8 pap-line-rule-auto pap-spacing-before-0pt pap-spacing-after-0pt\"><strong>结构 </strong></p>\n<p class=\"paragraph text-align-type-left pap-line-1.8 pap-line-rule-auto pap-spacing-before-0pt pap-spacing-after-0pt\">Big Room House歌曲的结构类似于2000年后期的美国progressive house。有两个完整的build-up，两个drop section，和一个或两个breakdowns，其中一个可能包括或不包括前奏/outro阶段（通常由一个额外的标签决定，\"extended mix \"表示有额外的前奏/outro或 \"original mix \"表示没有前奏/outro）。与前卫浩室不同的是，big room是适应电台编辑格式的，并且具有第一层或第二层结构，通常比另一层结构更长。在进行混音的情况下，通常会以第一首歌的整个声音/ riff子样本为特征，而另一个build-up是一个简单的中断，明显较短，并为收听者做好了准备。</p>\n<p class=\"paragraph text-align-type-left pap-line-1.8 pap-line-rule-auto pap-spacing-before-0pt pap-spacing-after-0pt\">&nbsp;</p>\n<p class=\"paragraph text-align-type-left pap-line-1.8 pap-line-rule-auto pap-spacing-before-0pt pap-spacing-after-0pt\">Big Room 的基本特点是其极简主义。一条bassline，往往由一两个高低音辅助，为整个作品营造气氛。这条bassline是经过混响的，所以回声只在1/4的tab上，通常是最后一个tab上被切断并自发释放。与电音House正统中，为了美化旋律，低音本身还要加上额外的波浪效果（如起音、阈值和延音）不同，在Big Room House中，只有声音的释放方式起着重要作用。从此，鼓的拍子变得很小，有时只用一个kick或tom和几个hi-hat。</p>\n<p class=\"paragraph text-align-type-left pap-line-1.8 pap-line-rule-auto pap-spacing-before-0pt pap-spacing-after-0pt\">&nbsp;</p>\n<p class=\"paragraph text-align-type-left pap-line-1.8 pap-line-rule-auto pap-spacing-before-0pt pap-spacing-after-0pt\"><strong>起源和流行 </strong></p>\n<p class=\"paragraph text-align-type-left pap-line-1.8 pap-line-rule-auto pap-spacing-before-0pt pap-spacing-after-0pt\">Big room最早出现在2010年初，受到早期著名的电音浩室曲目的影响，比如Benny Bennassi的 \"Satisfaction\"。Techno音乐也是类似的集结中心，混响沉重的流派，也是该流派的中心甚至一些EDM评论员都将其称为&ldquo; Trance 2.0&rdquo;。\"北美前卫音乐（如Deadmau5和Kaskade）的作用越来越大，同时主流流行音乐中电子声音的引入也对这个场景产生了重大影响。瑞典团体如瑞典House Mafia和Dada Life是最早尝试Big Room 的团体之一，到2010年中期，通过Tomorrowland、Ultra Music Festival和Electric Daisy Carnival等国际舞蹈音乐节，Big Room 越来越受欢迎。</p>\n<p class=\"paragraph text-align-type-left pap-line-1.8 pap-line-rule-auto pap-spacing-before-0pt pap-spacing-after-0pt\">&nbsp;</p>\n<p class=\"paragraph text-align-type-left pap-line-1.8 pap-line-rule-auto pap-spacing-before-0pt pap-spacing-after-0pt\">制作人在曲目中实施 \"Big Room \"元素，在流行音乐艺术家的层面上得到了凸显，到2012年，他们开始在歌曲中加入部分Big Room House的元素。这类歌曲的例子包括will.i.am与Eva Simons合作的 \"This Is Love \"和Britney Spears的 \"Work Bitch\"。</p>\n<p class=\"paragraph text-align-type-left pap-line-1.8 pap-line-rule-auto pap-spacing-before-0pt pap-spacing-after-0pt\">&nbsp;</p>\n<p class=\"paragraph text-align-type-left pap-line-1.8 pap-line-rule-auto pap-spacing-before-0pt pap-spacing-after-0pt\">到了2013年，big room house在国际上崭露头角，其基地遍及瑞典、挪威、法国、俄罗斯、荷兰、比利时、意大利、希腊、美国和英国。某些曲目如Martin Garrix的 \"Animals \"和Nicky Romero的 \"Toulouse \"在电台排行榜上占据了几个月以上的榜首，远远超出了EDM领域。</p>\n<p class=\"paragraph text-align-type-left pap-line-1.8 pap-line-rule-auto pap-spacing-before-0pt pap-spacing-after-0pt\">&nbsp;</p>\n<p class=\"paragraph text-align-type-left pap-line-1.8 pap-line-rule-auto pap-spacing-before-0pt pap-spacing-after-0pt\"><strong>批评 </strong></p>\n<p class=\"paragraph text-align-type-left pap-line-1.8 pap-line-rule-auto pap-spacing-before-0pt pap-spacing-after-0pt\">这种音乐风格曾被数位音乐家批评，他们将其描述为&ldquo;缺乏创意和创造力的典型EDM声音&rdquo;，并称其为同质音乐，缺乏创意，多样性和艺术价值。 Mixmag将这种类型描述为&ldquo; titanic分解和一尘不染的单调生产美学&rdquo;的组成。Wolfgang Gartner将该流派描述为一个 \"笑话\"，并将其与SFX娱乐公司等集团一起，视为 \"易消化的廉价舞曲\"。他还称这种风格为 \"EDM启示录\"，称 \"真正的音乐应该有一些灵魂和真实性，而不仅仅是一个大的踢踏鼓和一个像techno一样的breakdown，再加上一个俗气的单句和一个'大落差'\"。</p>\n<p class=\"paragraph text-align-type-left pap-line-1.8 pap-line-rule-auto pap-spacing-before-0pt pap-spacing-after-0pt\">&nbsp;</p>\n<p class=\"paragraph text-align-type-left pap-line-1.8 pap-line-rule-auto pap-spacing-before-0pt pap-spacing-after-0pt\">2013年年中，瑞典组合Daleri在SoundCloud上发布了一个名为 \"Epic mashleg \"的混音，纯粹由当时Beatport排行榜上的15首 \"Big Room \"歌曲（包括Dimitri Vegas &amp; Like Mike、Hardwell和W&amp;W等艺人）的drops连续播放组成。混搭的意图是作为对 \"Big Room \"运动和曲目之间缺乏差异化的评论；成员Eric评论说：\"可怕的是，每天都有这样的新曲目。每天都有新的曲目，都是一样的。它只是一直在不断地出现\"。这对组合通过强调自己的complextro影响，为自己的音乐中使用Big Room 特性进行辩护。另外，在Deadmau5和Afrojack在社交媒体上关于舞曲原创性的争执中，Afrojack创作了一首名为 \"something_\"的风格模仿Deadmau5的音乐。作为回应，Deadmau5在SoundCloud上发布了一首歌曲 \"DROP DA BOMB\"，讽刺了 \"商业 \"house音乐和Big Room 的风格。</p>\n<p class=\"paragraph text-align-type-left pap-line-1.8 pap-line-rule-auto pap-spacing-before-0pt pap-spacing-after-0pt\">&nbsp;</p>\n<p class=\"paragraph text-align-type-left pap-line-1.8 pap-line-rule-auto pap-spacing-before-0pt pap-spacing-after-0pt\">《环球邮报》的Russell Smith观察到，传统地下电子音乐的粉丝与big room将EDM推向主流而产生的、典型的年轻新粉丝之间存在着 \"火热的摩擦\"。</p>\n</div>",
 "contentEn": "<p><strong>Big room house</strong>&nbsp;or simply&nbsp;<strong>big room</strong>&nbsp;is a subgenre of&nbsp;electro house&nbsp;that gained popularity in the early 2010s after artists like&nbsp;KSHMR,&nbsp;Dimitri Vegas &amp; Like Mike,&nbsp;Hardwell,&nbsp;Nicky Romero,&nbsp;Blasterjaxx,&nbsp;Martin Garrix&nbsp;and&nbsp;R3HAB&nbsp;began infusing it into their musical style.<sup id=\"cite_ref-:0_1-0\" class=\"reference\">[1]</sup></p>\n<p>&nbsp;</p>\n<h2><span id=\"Characteristics\" class=\"mw-headline\">Characteristics</span></h2>\n<p>The genre is generally set at a tempo that falls between 126 and 132&nbsp;bpm. Songs typically include long buildups followed by an electro-style&nbsp;drop&nbsp;accompanied by the&nbsp;four on the floor&nbsp;kick drums typical of house music. Melodies are often simple and minimal, though a&nbsp;Techno-inspired&nbsp;supersaw&nbsp;is frequently used.<sup id=\"cite_ref-:0_1-1\" class=\"reference\">[1]</sup><sup id=\"cite_ref-2\" class=\"reference\">[2]</sup></p>\n<h2>&nbsp;</h2>\n<h2><span id=\"History\" class=\"mw-headline\">History</span></h2>\n<p>In the early 2010s, big room house began developing and gained popularity at&nbsp;electronic dance music&nbsp;events and festivals such as&nbsp;Tomorrowland. Despite being considered a subgenre of electro house, big room house has been developing into a genre of its own throughout the years.<sup id=\"cite_ref-3\" class=\"reference\">[3]</sup><sup class=\"noprint Inline-Template\">[<em><span title=\"The material near this tag failed verification of its source citation(s). (June 2019)\">failed verification</span></em>]</sup></p>\n<p>&nbsp;</p>\n<p>Swedish House Mafia&nbsp;members &ndash;&nbsp;Steve Angello,&nbsp;Axwell&nbsp;and&nbsp;Sebastian Ingrosso&nbsp;are regarded as influential producers of big room house.<sup id=\"cite_ref-:0_1-2\" class=\"reference\">[1]</sup>&nbsp;Martin Garrix's best selling single, \"Animals\", is regarded<sup class=\"noprint Inline-Template\">[<em><span title=\"The material near this tag may use weasel words or too-vague attribution. (June 2019)\">by whom?</span></em>]</sup>&nbsp;as the most important and recognizable big room house songs ever produced, along with&nbsp;Hardwell's 2012 release,&nbsp;Spaceman.<sup class=\"noprint Inline-Template Template-Fact\">[<em><span title=\"This claim needs references to reliable sources. (June 2019)\">citation needed</span></em>]</sup>&nbsp;The genre gained notability in the early 2010s, after DJs and producers started to play big room house pieces at festivals and clubs.</p>\n<p>&nbsp;</p>\n<p>In 2016,&nbsp;Beatport&nbsp;added the Big Room genre and mistakenly reclassified electro house as a subgenre of Big Room, putting notable producers such as&nbsp;Deadmau5&nbsp;and&nbsp;Wolfgang Gartner&nbsp;under the category.<sup id=\"cite_ref-4\" class=\"reference\">[4]</sup>&nbsp;This issue was fixed shortly afterwards.<sup class=\"noprint Inline-Template Template-Fact\">[<em><span title=\"This claim needs references to reliable sources. (June 2019)\">citation needed</span></em>]</sup></p>\n<h2>&nbsp;</h2>\n<h2><span id=\"Structure\" class=\"mw-headline\">Structure</span></h2>\n<p>The structure of big room house songs is similar to that of American progressive house of the late 2000s.<sup class=\"noprint Inline-Template\">[<em><span title=\"The material near this tag may use weasel words or too-vague attribution. (June 2019)\">according to whom?</span></em>]</sup>&nbsp;There are two build-ups complete with breaks, two drop sections, and one or two breakdowns, one of which may or may not include the intro/outro phase. Unlike progressive house, big room is adapted to radio edited format and features either the first or the second build-up usually much longer than the other one. In case of&nbsp;remixes, one usually features the whole vocal/riff sample of the initial song, while the other build-up is a simple break that is significantly shorter and prepares the listener for the drop.<sup class=\"noprint Inline-Template Template-Fact\">[<em><span title=\"This claim needs references to reliable sources. (December 2013)\">citation needed</span></em>]</sup></p>\n<p>&nbsp;</p>\n<p>The basic characteristic of big room is its minimalism. One bassline, often aided by one or two highs and lows, creates the mood for the whole composition. This bassline is reverberated so that the echo is cut and spontaneously released only on 1/4 of the tab, usually the last. Unlike in electro house proper, where the bass itself is subject to additional wave effects (such as attack, threshold and sustain) to beautify the melody, in big room house, only the way the sound is released plays a major role. Henceforth, the drum beats are made minimal, sometimes with only a kick or&nbsp;tom&nbsp;and a couple of&nbsp;hi-hat.<sup class=\"noprint Inline-Template Template-Fact\">[<em><span title=\"This claim needs references to reliable sources. (December 2013)\">citation needed</span></em>]</sup></p>\n<h2>&nbsp;</h2>\n<h2><span id=\"Origins_and_popularity\" class=\"mw-headline\">Origins and popularity</span></h2>\n<p>Big room first appeared in early 2010 and was influenced by famous early&nbsp;electro house&nbsp;tracks, such as Benny Bennassi's \"Satisfaction\".<sup class=\"noprint Inline-Template Template-Fact\">[<em><span title=\"This claim needs references to reliable sources. (December 2013)\">citation needed</span></em>]</sup>&nbsp;Techno music, a similarly build-up centric, reverb-heavy genre, was also central in the genre's formation, with some EDM commentators even dubbing big room \"Trance 2.0.\"<sup id=\"cite_ref-5\" class=\"reference\">[5]</sup>&nbsp;The increasing role of North American progressive (such as&nbsp;Deadmau5&nbsp;and&nbsp;Kaskade) and the introduction of electronic sounds in mainstream pop music at the same time also influenced the scene significantly. Swedish groups such as&nbsp;Swedish House Mafia&nbsp;and&nbsp;Dada Life&nbsp;were among the first to experiment with big room by mid-2010, when it found increasing popularity through international dance music festivals such as&nbsp;Tomorrowland,&nbsp;Ultra Music Festival, and&nbsp;Electric Daisy Carnival.<sup class=\"noprint Inline-Template Template-Fact\">[<em><span title=\"This claim needs references to reliable sources. (June 2019)\">citation needed</span></em>]</sup></p>\n<p>&nbsp;</p>\n<p>The implementation of \"big room\" elements in tracks by producers gained prominence on the level of&nbsp;popular music&nbsp;artists, who by 2012 started to include portions of big room house into their songs. Examples of such tracks include \"This Is Love\" by&nbsp;will.i.am&nbsp;featuring&nbsp;Eva Simons&nbsp;and \"Work Bitch\" by&nbsp;Britney Spears.</p>\n<p>&nbsp;</p>\n<p>By 2013, big room house gained international prominence, with its base across Sweden, Norway, France, Russia, the Netherlands, Belgium, Italy, Greece, United States and the UK. Certain tracks such as \"Animals\" by&nbsp;Martin Garrix&nbsp;and \"Toulouse\" by&nbsp;Nicky Romero&nbsp;have topped the radio charts for over a couple of months, extending well beyond the&nbsp;EDM&nbsp;scene.</p>\n<h2>&nbsp;</h2>\n<h2><span id=\"Criticisms\" class=\"mw-headline\">Criticisms</span></h2>\n<p>The genre has been criticized by several musicians, who have described it as 'stereotypical EDM sound lacking originality and creativity' and said that it is homogeneous and lacks originality, diversity, and artistic merit.<sup id=\"cite_ref-6\" class=\"reference\">[6]</sup><sup id=\"cite_ref-7\" class=\"reference\">[7]</sup>&nbsp;<em>Mixmag</em>&nbsp;described the genre as composing of \"titanic breakdowns and spotless, monotone production aesthetics\".<sup id=\"cite_ref-8\" class=\"reference\">[8]</sup>&nbsp;Wolfgang Gartner&nbsp;described the genre as a \"joke\", and disregarded it, alongside conglomerates such as&nbsp;SFX Entertainment, as \"digestible cheap dance music\".<sup id=\"cite_ref-9\" class=\"reference\">[9]</sup>&nbsp;He also called the genre \"the EDM Apocalypse\", saying \"real music should have some soul and authenticity to it, and not just be a big kick drum and a techno like breakdown with a cheesy one-liner and a 'big drop'\".<sup id=\"cite_ref-10\" class=\"reference\">[10]</sup></p>\n<p>&nbsp;</p>\n<p>In mid-2013, Swedish duo Daleri posted a mix on&nbsp;SoundCloud&nbsp;entitled \"Epic mashleg\", consisting purely of drops from 15 \"big room\" songs on&nbsp;Beatport's charts at the time (including artists such as&nbsp;Dimitri Vegas &amp; Like Mike,&nbsp;Hardwell, and&nbsp;W&amp;W) played in succession. The intent of the mashup was to serve as a commentary on the \"big room\" movement and the lack of differentiation between tracks; member Eric commented that \"the scary thing is that there are new tracks like this every day. Every day, new tracks, all the same. It just keeps coming all the time.\" The duo defended their use of big room characteristics in their own music by emphasizing their&nbsp;complextro&nbsp;influences. Also, in the midst of a social media feud between&nbsp;Deadmau5&nbsp;and&nbsp;Afrojack&nbsp;regarding originality in dance music, Afrojack created a style parody of Deadmau5's music entitled \"something_\". In response, Deadmau5 posted a song on SoundCloud, \"DROP DA BOMB\", satirizing the style of \"commercial\" house music and big room.</p>\n<p>&nbsp;</p>\n<p>Russell Smith of&nbsp;<em>The Globe and Mail</em>&nbsp;observes a \"fiery friction\" between fans of traditional underground electronic music and the newer, typically younger fans who have arisen as a result of big room's movement of EDM into the mainstream.<sup id=\"cite_ref-11\" class=\"reference\">[11]</sup></p>\n<h2>&nbsp;</h2>\n<h2><span id=\"References\" class=\"mw-headline\">References</span></h2>\n<div class=\"reflist reflist-columns references-column-width\">\n<ol class=\"references\">\n<li id=\"cite_note-:0-1\"><span class=\"mw-cite-backlink\">^&nbsp;<span class=\"cite-accessibility-label\">Jump up to:</span><sup><em><strong>a</strong></em></sup>&nbsp;<sup><em><strong>b</strong></em></sup>&nbsp;<sup><em><strong>c</strong></em></sup></span>&nbsp;<span class=\"reference-text\"><cite class=\"citation news cs1\">\"Why Big Room House Is Already Dead\".&nbsp;<em>EDM.com</em>. 17 September 2014. Archived from&nbsp;the original&nbsp;on 14 July 2016<span class=\"reference-accessdate\">. Retrieved&nbsp;<span class=\"nowrap\">20 February</span>&nbsp;2017</span>.</cite></span></li>\n<li id=\"cite_note-2\"><span class=\"mw-cite-backlink\"><strong>^</strong></span>&nbsp;<span class=\"reference-text\"><cite class=\"citation web cs1\">\"Big Room House &ndash; Beat Explorer's Dance Music Guide\".&nbsp;<em>thedancemusicguide.com</em>. Archived from&nbsp;the original&nbsp;on 24 February 2015<span class=\"reference-accessdate\">. Retrieved&nbsp;<span class=\"nowrap\">20 February</span>&nbsp;2017</span>.</cite></span></li>\n<li id=\"cite_note-3\"><span class=\"mw-cite-backlink\"><strong>^</strong></span>&nbsp;<span class=\"reference-text\"><cite class=\"citation news cs1\">\"Five big-room bangers to get you psyched up for Creamfields\".&nbsp;<em>Mixmag</em><span class=\"reference-accessdate\">. Retrieved&nbsp;<span class=\"nowrap\">20 February</span>&nbsp;2017</span>.</cite></span></li>\n<li id=\"cite_note-4\"><span class=\"mw-cite-backlink\"><strong>^</strong></span>&nbsp;<span class=\"reference-text\"><cite id=\"CITEREFMcGovern2016\" class=\"citation web cs1\">McGovern, Travis (12 September 2016).&nbsp;\"Beatport Adds New Genres &amp; Re-Categorizes Deadmau5 As The Most Despised One In EDM\".&nbsp;<em>Your EDM</em><span class=\"reference-accessdate\">. Retrieved&nbsp;<span class=\"nowrap\">20 February</span>&nbsp;2017</span>.</cite></span></li>\n<li id=\"cite_note-5\"><span class=\"mw-cite-backlink\"><strong>^</strong></span>&nbsp;<span class=\"reference-text\"><cite class=\"citation web cs1\">\"Is Trance Dead?\".&nbsp;<em>Club Glow Washington DC</em>.</cite></span></li>\n<li id=\"cite_note-6\"><span class=\"mw-cite-backlink\"><strong>^</strong></span>&nbsp;<span class=\"reference-text\"><cite class=\"citation web cs1\">\"Swedish DJs Daleri Mock EDM Cliche With Hilarious Viral Mini-Mix Epic Mashleg<span class=\"cs1-kern-right\">'</span>\". 15 July 2013.</cite></span></li>\n<li id=\"cite_note-7\"><span class=\"mw-cite-backlink\"><strong>^</strong></span>&nbsp;<span class=\"reference-text\"><cite id=\"CITEREFTech\" class=\"citation web cs1\">Tech, Si Truss 2013-07-16T10:47:00 196Z.&nbsp;\"Hear 16 remarkably similar EDM drops edited into a single 60 second track\".&nbsp;<em>MusicRadar</em>.</cite></span></li>\n<li id=\"cite_note-8\"><span class=\"mw-cite-backlink\"><strong>^</strong></span>&nbsp;<span class=\"reference-text\"><cite class=\"citation news cs1\">\"EDM will eat itself: Big room house stars are getting bored\".&nbsp;<em>Mixmag</em><span class=\"reference-accessdate\">. Retrieved&nbsp;<span class=\"nowrap\">20 February</span>&nbsp;2017</span>.</cite></span></li>\n<li id=\"cite_note-9\"><span class=\"mw-cite-backlink\"><strong>^</strong></span>&nbsp;<span class=\"reference-text\"><cite id=\"CITEREFStaff2014\" class=\"citation web cs1\">Staff, Your EDM (8 January 2014).&nbsp;\"Wolfgang Gartner's Reddit AMA RECAP, States His Distaste For The Big Room Movement &amp; Claims There Is An \"Over saturation\" of Festivals\".&nbsp;<em>Your EDM</em><span class=\"reference-accessdate\">. Retrieved&nbsp;<span class=\"nowrap\">20 February</span>&nbsp;2017</span>.</cite></span></li>\n<li id=\"cite_note-10\"><span class=\"mw-cite-backlink\"><strong>^</strong></span>&nbsp;<span class=\"reference-text\"><cite id=\"CITEREFAnthony2013\" class=\"citation web cs1\">Anthony, Polis (2 May 2013).&nbsp;\"Wolfgang Gartner Discusses \"EDM Apocalypse<span class=\"cs1-kern-right\">\"</span>\". DJ City. Archived from&nbsp;the original&nbsp;on 24 November 2013<span class=\"reference-accessdate\">. Retrieved&nbsp;<span class=\"nowrap\">5 December</span>&nbsp;2013</span>.&nbsp;<q>To be perfectly honest, and I hate to sound negative, cynical or condescending in any way but that&rsquo;s probably how this will come off, I&rsquo;ve been really bummed with most of the new music that&rsquo;s been making waves in 2013. I feel like the &ldquo;big&rdquo; sound in dance music right now is just this mashup of every single subgenre possible, to try and appeal to the most people possible, with these cheesy played-out trancey pads and vocal hooks, it all sounds exactly the same and it&rsquo;s really bad for the most part, and the scariest thing is that people are reacting to this stuff, crowds at festivals and clubs are wanting more of it. A few of us have deemed it the EDM Apocalypse. Electronic music is in a really weird place right now. I don&rsquo;t know where it&rsquo;s going to go. In some way I&rsquo;m hoping Daft Punk single-handedly destroys this phenomenon we&rsquo;re experiencing and un-brainwashes everybody into realizing that real music should have some soul and authenticity to it, and not just be a big kick drum and a trance breakdown with a cheesy one-liner and a &ldquo;big drop.&rdquo;</q></cite></span></li>\n<li id=\"cite_note-11\"><span class=\"mw-cite-backlink\"><strong>^</strong></span>&nbsp;<span class=\"reference-text\"><cite id=\"CITEREFSmith2013\" class=\"citation web cs1\">Smith, Russell (26 December 2013).&nbsp;\"Electronic dance music and the rise of the big night out\".&nbsp;<em>The Globe and Mail</em><span class=\"reference-accessdate\">. Retrieved&nbsp;<span class=\"nowrap\">29 December</span>&nbsp;2013</span>.</cite></span></li>\n</ol>\n</div>",
 "remarks": "本词条汉字内容由 @多频百科团队 翻译+编辑\n原文译自  https://en.wikipedia.org/wiki/Big_room_house",
 "remarksEn": "本词条内容来自  https://en.wikipedia.org/wiki/Big_room_house",
 "status": 1,
 "clickNum": 59,
 "deleted": 0,
 "lang": 0,
 "chooseLang": true,
 "id": 52,
 "name": "Big Room House",
 "descriptions": "Big Room House是Electro House的一个子类别，在2010年代初开始流行并受到乐迷广泛的喜爱，代表艺人包括KSHMR，Dimitri Vegas和Like Mike，Hardwell，Nicky Romero，Blasterjaxx，Martin Garrix和R3HAB等。",
 "originalName": "大房间",
 "startTimeText": "Late 2000s (decade)",
 "startAddress": "Europe, particularly in Sweden,",
 "searchStyle": "House, Pop EDM",
 "styleCategory": "Electro House",
 "originalStyle": "House, electro house, progressive house, dutch house, tech house, trance, uplifting trance, techno, hardstyle",
 "affectStyle": "",
 "deriveStyle": "",
 "representArtist": "",
 "officialUrl": "https://en.wikipedia.org/wiki/Big_room_house",
 "typeId": 13,
 "typeName": "风格",
 "dataId": 52,
 "url": "http://dropinapp.hearinmusic.com/#/ency?typeId=13&dataId=52"
}