{
 "pageNum": 1,
 "pageSize": 10,
 "params": {},
 "relationChannel": "[{\"id\":1186,\"parentId\":8,\"name\":\"Birmingham Sound\"}]",
 "content": "<p>Birmingham Sound是20世纪90年代初在英国伯明翰兴起的Techno的子流派。</p>\n<p>&nbsp;</p>\n<p>Birmingham Sound的发展通常被认为与伯明翰当地的House of God俱乐部之夜、Downwards Records厂牌以及当地的DJ和制作人Regis、Surgeon和Female有紧密的联系。它的特点是硬朗、快速和不妥协的风格，它将底特律和柏林的techno所特有的bassline funk的音乐剥离出来，只留下 \"大片的无情的不变的极简主义\"。</p>\n<p>&nbsp;</p>\n<p>Birmingham Sound标志着Techno发展的一个转折点，它的影响可以在柏林Techno场景的Berghain夜店和Ostgut Ton厂牌中听到。它也构成了Regis和Female后来的Sandwell District项目的起点。</p>",
 "contentEn": "<p>The&nbsp;<strong>Birmingham sound</strong>&nbsp;is a subgenre of&nbsp;techno&nbsp;that emerged in&nbsp;Birmingham,&nbsp;England&nbsp;in the early 1990s.<sup id=\"cite_ref-Sande_1-0\" class=\"reference\">[1]</sup>&nbsp;It is most commonly associated with the city's&nbsp;House of God&nbsp;club night,<sup id=\"cite_ref-2\" class=\"reference\">[2]</sup>&nbsp;the&nbsp;Downwards Records&nbsp;label,<sup id=\"cite_ref-3\" class=\"reference\">[3]</sup>&nbsp;and the local DJs and producers&nbsp;Regis,&nbsp;Surgeon&nbsp;and&nbsp;Female.<sup id=\"cite_ref-4\" class=\"reference\">[4]</sup>&nbsp;It is characterised by a hard, fast and uncompromising style<sup id=\"cite_ref-Sande_1-1\" class=\"reference\">[1]</sup>&nbsp;that strips the music of the bassline funk that characterised the techno of Detroit and Berlin,<sup id=\"cite_ref-5\" class=\"reference\">[5]</sup>&nbsp;leaving only \"huge slabs of unrelentingly unchanging minimalism\".<sup id=\"cite_ref-Otasevic_6-0\" class=\"reference\">[6]</sup></p>\n<p>&nbsp;</p>\n<p>The Birmingham sound marked a turning point in the development of techno and its influence can be heard throughout the&nbsp;Berlin&nbsp;techno of the&nbsp;Berghain&nbsp;and&nbsp;Ostgut Ton.<sup id=\"cite_ref-Otasevic_6-1\" class=\"reference\">[6]</sup>&nbsp;It also formed the starting point for Regis and Female's later&nbsp;Sandwell District&nbsp;project.<sup id=\"cite_ref-7\" class=\"reference\">[7]</sup></p>\n<h2>&nbsp;</h2>\n<h2><span id=\"References\" class=\"mw-headline\">References</span></h2>\n<div class=\"reflist\">\n<div class=\"mw-references-wrap\">\n<ol class=\"references\">\n<li id=\"cite_note-Sande-1\"><span class=\"mw-cite-backlink\">^&nbsp;<span class=\"cite-accessibility-label\">Jump up to:</span><sup><em><strong>a</strong></em></sup>&nbsp;<sup><em><strong>b</strong></em></sup></span>&nbsp;<span class=\"reference-text\"><cite id=\"CITEREFSande2010\" class=\"citation cs2\">Sande, Kiran (9 June 2010),&nbsp;\"Regis: blood into gold\",&nbsp;<em>FACT Magazine</em>, London: The Vinyl Factory<span class=\"reference-accessdate\">, retrieved&nbsp;<span class=\"nowrap\">31 August</span>&nbsp;2013</span></cite></span></li>\n<li id=\"cite_note-2\"><span class=\"mw-cite-backlink\"><strong>^</strong></span>&nbsp;<span class=\"reference-text\"><cite id=\"CITEREFBurns2010\" class=\"citation cs2\">Burns, Todd L. (24 August 2010),&nbsp;<em>Surgeon: British murder boy</em><span class=\"reference-accessdate\">, retrieved&nbsp;<span class=\"nowrap\">31 August</span>&nbsp;2013</span></cite></span></li>\n<li id=\"cite_note-3\"><span class=\"mw-cite-backlink\"><strong>^</strong></span>&nbsp;<span class=\"reference-text\"><cite id=\"CITEREFFinlayson2013\" class=\"citation cs2\">Finlayson, Angus (1 March 2013),&nbsp;\"Downwards is the Only Way Forward: An interview with Regis\",&nbsp;<em>Electronic Beats</em>, Berlin: EB<span class=\"reference-accessdate\">, retrieved&nbsp;<span class=\"nowrap\">31 August</span>&nbsp;2013</span></cite></span></li>\n<li id=\"cite_note-4\"><span class=\"mw-cite-backlink\"><strong>^</strong></span>&nbsp;<span class=\"reference-text\"><cite id=\"CITEREFFinlayson2013\" class=\"citation cs2\">Finlayson, Angus (13 February 2013),&nbsp;<em>The industrial techno revolution</em>, Resident Advisor<span class=\"reference-accessdate\">, retrieved&nbsp;<span class=\"nowrap\">31 August</span>&nbsp;2013</span></cite></span></li>\n<li id=\"cite_note-5\"><span class=\"mw-cite-backlink\"><strong>^</strong></span>&nbsp;<span class=\"reference-text\"><cite id=\"CITEREFGlazer\" class=\"citation cs2\">Glazer, Joshua,&nbsp;\"Disintegration\",&nbsp;<em>Allmusic</em>, Rovi<span class=\"reference-accessdate\">, retrieved&nbsp;<span class=\"nowrap\">30 August</span>&nbsp;2013</span></cite></span></li>\n<li id=\"cite_note-Otasevic-6\"><span class=\"mw-cite-backlink\">^&nbsp;<span class=\"cite-accessibility-label\">Jump up to:</span><sup><em><strong>a</strong></em></sup>&nbsp;<sup><em><strong>b</strong></em></sup></span>&nbsp;<span class=\"reference-text\"><cite id=\"CITEREFOtasevic2011\" class=\"citation cs2\">Otasevic, Dragan (22 February 2011),&nbsp;\"Sandwell District\",&nbsp;<em>Altered States</em>, archived from&nbsp;the original&nbsp;on 7 September 2013<span class=\"reference-accessdate\">, retrieved&nbsp;<span class=\"nowrap\">30 August</span>&nbsp;2013</span></cite></span></li>\n<li id=\"cite_note-7\"><span class=\"mw-cite-backlink\"><strong>^</strong></span>&nbsp;<span class=\"reference-text\"><cite id=\"CITEREFMasterson2012\" class=\"citation cs2\">Masterson, Patrick (10 September 2012),&nbsp;\"Silent Servant - Negative Fascination\",&nbsp;<em>Dusted Reviews</em>, Dusted Magazine<span class=\"reference-accessdate\">, retrieved&nbsp;<span class=\"nowrap\">31 August</span>&nbsp;2013</span></cite></span></li>\n</ol>\n</div>\n</div>",
 "remarks": "本词条汉字内容由 @多频百科团队 翻译+编辑\n原文译自 https://en.wikipedia.org/wiki/Birmingham_sound",
 "remarksEn": "本词条内容来自 https://en.wikipedia.org/wiki/Birmingham_sound",
 "status": 1,
 "clickNum": 12,
 "deleted": 0,
 "lang": 0,
 "chooseLang": true,
 "id": 138,
 "name": "Birmingham Sound",
 "descriptions": "Birmingham Sound是20世纪90年代初在英国伯明翰兴起的Techno的子流派。",
 "originalName": "",
 "startTimeText": "early 1990s",
 "startAddress": " Birmingham, England",
 "searchStyle": "Techno",
 "styleCategory": "Techno",
 "originalStyle": "",
 "affectStyle": "",
 "deriveStyle": "",
 "representArtist": "Regis, Surgeon, Female",
 "represetnBrand": "Downwards Records, Ostgut Ton",
 "officialUrl": "https://en.wikipedia.org/wiki/Birmingham_sound",
 "typeId": 13,
 "typeName": "风格",
 "dataId": 138,
 "url": "http://dropinapp.hearinmusic.com/#/ency?typeId=13&dataId=138"
}