{
 "pageNum": 1,
 "pageSize": 10,
 "params": {},
 "relationChannel": "[{\"id\":1382,\"parentId\":8,\"name\":\"Bitpop\"}]",
 "content": "<p>Bitpop是电子音乐的一种，也是chiptune music的一个子流派，其中至少有一部分音乐是用老式8位（或16位）电脑和电子游戏机的声音芯片制作的。</p>\n<p>&nbsp;</p>\n<p>特点</p>\n<p>其中使用的系统包括Atari 8位电脑、NEC PC-8801、Commodore 64、Nintendo娱乐系统、Amiga、Game Boy和Mega Drive / Genesis。从这些系统产生的声音可以与传统乐器，如吉他和鼓，现代合成器和鼓机，或人声和声音效果结合到任何程度。一些艺术家使用基于软件的仿真器或虚拟合成器来重现8位系统的声音，而一些艺术家则使用硬件合成器，使用这些系统的实际声音芯片，如Sidstation、Midibox和跟踪器</p>\n<p>&nbsp;</p>\n<p>历史</p>\n<p>bitpop这个词是由那些把自己从纯粹的chiptune中分离出来的艺术家们创造的，因为他们使用了更现代的制作风格和设备。这个名字的内涵是对英国流行音乐的双关语，使用了bit这个词。Bitpop使用新旧设备的混合，往往导致一个声音，虽然包含8位来源的声音但与Chiptune不同。例如，一个chiptune生产可能是由几乎完全8位的声音，但伴随着现场的人声，或重叠的现场吉他。相反，一个bitpop生产可能是由几乎完全的现场人声和乐器，但功能的8位设备提供的低音或主旋律。bitpop先驱之一Welle:Erdball，他们在1992年的第一张专辑中大量使用Commodore 64。作为一个不使用bitpop这个词，也不坐飞机旅行的德语团体，他们在听工业音乐或电击音乐的人中仍然很受欢迎。Bitpop 音乐在90年代末开始流行。第一张电音唱片，I-F的 \"Space Invaders Are Smoking Grass\"（1997年），被描述为 \"在向阿塔里时代的喜剧致敬的声乐中，迸发的电音\"，尤其是太空入侵者。Beastie Boys的外太空科幻主题专辑《Hello Nasty》（1998年），在其他潜在影响的曲目中，包括了独特的电子游戏声音主题的原创创作曲目《UNITE》；在流行的电子游戏曲风和运动之前多年获得主流认可。trance歌曲 \"Kernkraft 400\"（1999年），经常在全世界的体育赛事中播放，是David Whittaker为1984年Commodore 64电脑游戏Lazy Jones创作的一首名为 \"Stardust \"的chiptune歌曲的混音。2003年，Malcolm McLaren写了一篇关于bitpop和chiptune音乐的文章。它还指出了McLaren计划发行的该风格的作品。</p>\n<p><br />到了2000年代中期，8-bit chip music开始被纳入主流流行音乐中，被Beck（比如2005年的歌曲 \"Girl\"）、The Killers（比如2004年的歌曲 \"On Top\"），尤其是The Postal Service在他们的许多歌曲中使用。Hiroshi Miyauchi 等早期游戏音乐作曲家的低品质数字MIDI造型也开始流行起来。2003年，J-pop女子组合Perfume与制作人中田康孝一起，开始制作结合chiptunes与synthpop、electro house的音乐；2007年她们的突破是以Game为代表，这也带动了其他日本女艺人使用类似的电子风格，包括Aira Mitsuki、immi、Mizca、SAWA、Saori@destiny和Sweet Vacation。近年来，8-bit chiptune的声音，或者说 \"电子游戏节奏\"，已经被一些主流流行音乐人使用。西方世界的例子包括Kesha（最著名的是2010年最畅销的单曲 \"Tik Tok\"）、Robyn、Snoop Dogg、Eminem（例如 \"Hellbound\"）、Nelly Furtado和Timbaland（见Timbaland剽窃争议）等艺术家。当代英国电子音乐中也可以听到电子游戏声音的影响，如Dizzee Rascal和Kieran Hebden等艺术家。Grime音乐尤其是取样于在东伦敦流行的电子游戏的锯齿波声音。Dubstep制作人也受到电子游戏chiptunes的影响，尤其是Yuzo Koshiro的作品。2010年，BBC的一篇文章称，\"老派游戏的景象和声音\"（点名 Frogger 和Donkey Kong）\"现在正成为主流音乐和文化的一部分\"。</p>",
 "remarks": "本词条内容暂未完善仅供参考，多频百科小编正在火速赶来",
 "remarksEn": "本词条内容暂未完善仅供参考，多频百科小编正在火速赶来",
 "status": 0,
 "clickNum": 1,
 "deleted": 0,
 "lang": 0,
 "chooseLang": false,
 "id": 369,
 "name": "Bitpop",
 "descriptions": "Bitpop是电子音乐的一种，也是chiptune music的一个子流派，其中至少有一部分音乐是用老式8位（或16位）电脑和电子游戏机的声音芯片制作的。",
 "originalName": "",
 "startTimeText": "1990s – 2000s (decade)",
 "startAddress": "United States, Australia, Japan, and Europe",
 "searchStyle": "Game Music",
 "styleCategory": "Chiptune",
 "originalStyle": "Chiptune, synthpop, electropop, electronica, new wave, video game music",
 "affectStyle": "",
 "deriveStyle": "",
 "representArtist": "",
 "officialUrl": "https://en.wikipedia.org/wiki/Bitpop",
 "typeId": 13,
 "typeName": "风格",
 "dataId": 369,
 "url": "http://dropinapp.hearinmusic.com/#/ency?typeId=13&dataId=369"
}