{
 "pageNum": 1,
 "pageSize": 10,
 "params": {},
 "relationChannel": "[{\"id\":1410,\"parentId\":8,\"name\":\"Bleep Techno\"}]",
 "content": "<p>Bleep Techno（又称Yorkshire Bleep, Bleep and Bass）是20世纪80年代末至90年代初在英国电子音乐场景中短暂兴起的Techno分支。这种风格被认为起源于英格兰东北部的约克郡，由干脆利落的节奏（可结合4/4节拍或Breakbeats）和厚重的Sub-bass，结合标志性的&ldquo;哔哔（Bleep）&rdquo;声音，营造出极为科幻迷乱的氛围。</p>\n<p>&nbsp;</p>\n<p>关于第一首Bleep Techno作品的定义存在一些争论，乐评家Simon Reynolds在Fact杂志上提名1989年Unique 3的作品&ldquo;The Theme&rdquo;占据这个位置。不久后，Forgemasters的&ldquo;Track With No Name&rdquo;也作为这个风格的作品，由厂牌Warp Records正式发布。Warp Records是来自英国约克郡谢菲尔德地区的厂牌，是当时Bleep风格的大本营。Bleep Techno音乐迅速受到了欢迎，备受关注的作品还有来自Nightmares on Wax（George Evelyn）的作品&ldquo;Dextrous&rdquo;等<sup>[1]</sup>。</p>\n<p>&nbsp;</p>\n<p>Bleep Techno的热浪在90年代早期快速消退，并迅速融入到英国本土百花齐放的各类电子音乐风格中。因此，Bleep Techno也被认为是现代英国电子音乐的重要源头之一，由其衍生或受其影响而发展的风格包括Classic Hardcore, House, Jungle, Drum and Bass, UK Garage, Grime等。</p>\n<p>&nbsp;</p>\n<p><strong>相关书籍</strong></p>\n<p>音乐作家Matt Anniss在其《Join The Future：Bleep Techno and the Birth of British Bass Music（加入未来：Bleep Techno和英国Bass音乐的诞生）》一书中探寻了这种风格的根源与演化，认为Bleep Techno是电子音乐史上第一个英国原属的明确独立的风格，充分代表了当年前卫的未来主义，并为随后舞曲在英国的发展奠定了基础。同时，他提出Bleep Techno是UK Bass风格的起源<sup>[2]</sup>。</p>\n<p>&nbsp;</p>\n<p><strong>参考资料</strong></p>\n<p>1. https://www.insomniac.com/music/lfo-lfo/</p>\n<p>2. https://jointhefuture.net/book/</p>",
 "remarks": "本词条内容由 @多频百科团队 编辑",
 "remarksEn": "本词条内容暂未完善仅供参考，多频百科小编正在火速赶来",
 "status": 1,
 "clickNum": 21,
 "deleted": 0,
 "lang": 0,
 "chooseLang": false,
 "id": 139,
 "name": "Bleep Techno",
 "descriptions": "Bleep Techno（又称Yorkshire Bleep, Bleep and Bass）是20世纪90年代初在英国电子音乐场景中短暂兴起的Techno分支。这种风格被认为起源于英格兰东北部的约克郡，由干脆利落的节奏（可结合4/4节拍或Breakbeats）和厚重的Sub-bass，结合标志性的“哔哔（Bleep）”声音，营造出极为科幻迷乱的氛围。",
 "originalName": "",
 "startTimeText": "20世纪80年代末至90年代初",
 "startAddress": "英国",
 "searchStyle": "Techno",
 "styleCategory": "Techno",
 "originalStyle": "",
 "affectStyle": "",
 "deriveStyle": "",
 "representArtist": "LFO, Unique 3, Nightmare on Wax",
 "represetnBrand": "Warp Records",
 "officialUrl": "",
 "typeId": 13,
 "typeName": "风格",
 "dataId": 139,
 "url": "http://dropinapp.hearinmusic.com/#/ency?typeId=13&dataId=139"
}