{
 "pageNum": 1,
 "pageSize": 10,
 "params": {},
 "relationChannel": "[{\"id\":1243,\"parentId\":8,\"name\":\"Bouncy Techno\"}]",
 "content": "<div>\n<div class=\"document\">\n<div>\n<div class=\"document\">\n<p class=\"paragraph text-align-type-left pap-line-1.8 pap-line-rule-auto pap-spacing-before-2pt pap-spacing-after-2pt\">Bouncy techno是一种Hardcore的子风格，20世纪90年代初起源于苏格兰和英格兰北部。它是一种易于理解、类似于Gabber的形式，经苏格兰DJ和音乐制作人斯科特&middot;布朗（Scott Brown）之手，以各种别名发布的作品而广为传播。</p>\n<p class=\"paragraph text-align-type-left pap-line-1.8 pap-line-rule-auto pap-spacing-before-2pt pap-spacing-after-2pt\">&nbsp;</p>\n<p class=\"paragraph text-align-type-left pap-line-1.8 pap-line-rule-auto pap-spacing-before-2pt pap-spacing-after-2pt\">在经荷兰DJ和音乐制作人保罗&middot;埃尔斯塔克（Paul Elstak）之手进入荷兰的Hardcore风格圈子之前，Bouncy techno在英国北部狂欢派对中已脱颖而出为人所知，在那里它被称为&ldquo;happy hardcore （即：快乐硬核）和&ldquo;funcore&rdquo;。</p>\n<p class=\"paragraph text-align-type-left pap-line-1.8 pap-line-rule-auto pap-spacing-before-2pt pap-spacing-after-2pt\">&nbsp;</p>\n<p class=\"paragraph text-align-type-left pap-line-1.8 pap-line-rule-auto pap-spacing-before-2pt pap-spacing-after-2pt\">随后，主流的Eurodance风格在德国出现，接着又传回了荷兰。斯科特&middot;布朗的音乐也改变了英格兰南部的快乐氛围的Breakbeat风格，从Breakbeat基调变成了更具弹性的变体。这些国家地区在90年代中期形成了一个单一的泛欧洲Hardcore风格。后由于各种原因，Bouncy techno从此便开始迅速下滑。</p>\n<p class=\"paragraph text-align-type-left pap-line-1.8 pap-line-rule-auto pap-spacing-before-2pt pap-spacing-after-2pt\">&nbsp;</p>\n<p class=\"paragraph text-align-type-left pap-line-1.8 pap-line-rule-auto pap-spacing-before-2pt pap-spacing-after-2pt\"><strong>历史</strong></p>\n<p class=\"paragraph text-align-type-left pap-line-1.8 pap-line-rule-auto pap-spacing-before-2pt pap-spacing-after-2pt\"><span style=\"text-decoration: underline;\">前身：20世纪90年代初</span></p>\n<p class=\"paragraph text-align-type-left pap-line-1.8 pap-line-rule-auto pap-spacing-before-2pt pap-spacing-after-2pt\">在英格兰的狂欢中占主导地位的breakbeat hardcore风格在苏格兰普遍不受欢迎。这归因于英国各地的地区音乐、文化和种族差异；breakbeat在苏格兰被认为是 \"英国黑人的东西 \"和 \"外来的音乐文化\"。</p>\n<p class=\"paragraph text-align-type-left pap-line-1.8 pap-line-rule-auto pap-spacing-before-2pt pap-spacing-after-2pt\">&nbsp;</p>\n<p class=\"paragraph text-align-type-left pap-line-1.8 pap-line-rule-auto pap-spacing-before-2pt pap-spacing-after-2pt\">少数支持这种音乐的苏格兰的DJ发现很难在当地被预定。DJ Kid在麦克风上告诉观众 \"滚开\"，然后他冲下舞台，因为狂欢者对他的表演充满敌意。英国的狂欢场景因此发生了分裂，出现了不同的音乐发展道路。</p>\n<p class=\"paragraph text-align-type-left pap-line-1.8 pap-line-rule-auto pap-spacing-before-2pt pap-spacing-after-2pt\">&nbsp;</p>\n<p class=\"paragraph text-align-type-left pap-line-1.8 pap-line-rule-auto pap-spacing-before-2pt pap-spacing-after-2pt\">苏格兰在狂欢中更倾向于电子乐和声乐/钢琴音乐，The Time Frequency（TTF）引领了当地乐队的发展。在整个1993年英国单曲榜前40名中有三张打榜记录，其中以《Real Love》为顶峰，排名第八，他们的商业成功在一定程度上导致了对乐队的反击。随着人声/钢琴的方法现在被玷污了，狂欢者把他们的注意力转向了另一种形式的地下音乐，而这种地下音乐后来也实现了。</p>\n<p class=\"paragraph text-align-type-left pap-line-1.8 pap-line-rule-auto pap-spacing-before-2pt pap-spacing-after-2pt\">&nbsp;</p>\n<div>\n<div class=\"document\">\n<p class=\"paragraph text-align-type-left pap-line-1.8 pap-line-rule-auto pap-spacing-before-2pt pap-spacing-after-2pt\"><span style=\"text-decoration: underline;\">起源: 1990年代初至中期</span></p>\n<p class=\"paragraph text-align-type-left pap-line-1.8 pap-line-rule-auto pap-spacing-before-2pt pap-spacing-after-2pt\"><em>&middot; 苏格兰和北英格兰</em></p>\n<p class=\"paragraph text-align-type-left pap-line-1.8 pap-line-rule-auto pap-spacing-before-2pt pap-spacing-after-2pt\">Bass Generator将gabber风格引入了北方的狂欢者中。 这些节目被证明是受欢迎的，并为他赢得了1993年Clubscene读者的最佳Rave DJ和最佳英国DJ。 为了让观众接受，较慢和较柔和的人声/钢琴颂歌也被播放，但以非正统的速度混合，以配合更快和更具侵略性的gabber。 这创造了一种奇特的风格冲突；一个早期的模板，即后来的bouncy techno（这种混合物是他最终作为 \"The Event\"（1993年）发行的东西）。</p>\n<p class=\"paragraph text-align-type-left pap-line-1.8 pap-line-rule-auto pap-spacing-before-2pt pap-spacing-after-2pt\">&nbsp;</p>\n<p class=\"paragraph text-align-type-left pap-line-1.8 pap-line-rule-auto pap-spacing-before-2pt pap-spacing-after-2pt\" style=\"padding-left: 30px;\"><em>Scott Brown是世界上最重要的制作人之一。他以一己之力改变了hardcore 的声音，现在各地的人都在模仿他的声音 。</em></p>\n<p class=\"paragraph text-align-type-left pap-line-1.8 pap-line-rule-auto pap-spacing-before-2pt pap-spacing-after-2pt\" style=\"text-align: right;\">--Lenny Dee, (1995年2月)</p>\n<p class=\"paragraph text-align-type-left pap-line-1.8 pap-line-rule-auto pap-spacing-before-2pt pap-spacing-after-2pt\">&nbsp;</p>\n<p class=\"paragraph text-align-type-left pap-line-1.8 pap-line-rule-auto pap-spacing-before-2pt pap-spacing-after-2pt\">有了一个潜在的新途径，Scott Brown将gabber的声音重新诠释为当地观众更容易接受的解释。他在1993年的Bass X \"Hardcore Disco \"曲目是苏格兰（和英国）的第一个hardcore发行。 1993年的苏格兰最佳舞蹈唱片亚军在苏格兰掀起了一股潮流，随后他的《Dance Overdose》混音也以类似的方式进行。其他本地乐队也复制了这种流行的获胜方式，The Time Frequency也参与其中，匿名发行了《The Bounce》（1993）以欺骗他们的评论家。</p>\n<p class=\"paragraph text-align-type-left pap-line-1.8 pap-line-rule-auto pap-spacing-before-2pt pap-spacing-after-2pt\">&nbsp;</p>\n<div>\n<div class=\"document\">\n<p class=\"paragraph text-align-type-left pap-line-1.8 pap-line-rule-auto pap-spacing-before-2pt pap-spacing-after-2pt\">Brown 和他的声音被推到了苏格兰和国外hardcore场景的前沿。在1994年，布朗以各种别名在10个厂牌中发行了27张12寸黑胶唱片，2张合辑，22张混音唱片，并在他的Evolution Records公司下推出了5个唱片厂牌，这些音乐大部分都是他的bouncy techno 风格。</p>\n<p class=\"paragraph text-align-type-left pap-line-1.8 pap-line-rule-auto pap-spacing-before-2pt pap-spacing-after-2pt\">&nbsp;</p>\n<p class=\"paragraph text-align-type-left pap-line-1.8 pap-line-rule-auto pap-spacing-before-2pt pap-spacing-after-2pt\">当地的艺术家和DJ很快出现在西欧、澳大利亚和日本；Q-Tex (Brown)和Ultra-Sonic在1994年德国的五月天音乐节上演出。这种风格的其他曝光因素包括DJ Carl Cox，他在狂欢节上播放了Shoop! 唱片的发行；以及DJ汤姆-威尔逊获奖的Steppin' Out舞蹈音乐广播节目，该节目在周六晚间在Forth FM上占据了82%的听众。</p>\n<p class=\"paragraph text-align-type-left pap-line-1.8 pap-line-rule-auto pap-spacing-before-2pt pap-spacing-after-2pt\">&nbsp;</p>\n<p class=\"paragraph text-align-type-left pap-line-1.8 pap-line-rule-auto pap-spacing-before-2pt pap-spacing-after-2pt\"><em>&middot; 荷兰和德国</em></p>\n<p class=\"paragraph text-align-type-left pap-line-1.8 pap-line-rule-auto pap-spacing-before-2pt pap-spacing-after-2pt\">在荷兰，Paul Elstak认为他们自己的Gabber陷入了以牺牲质量为代价的竞争中。他通过Bass Reaction \"Technophobia\"（1993）找到了新的方向；这是Brown的另一个作品。这首曲子在1994年在荷兰市场重新发行，它的成功激发了Elstak和其他人制作同样不那么狂热的声音，这在那里被称为happy hardcore（即：happy gabber）。</p>\n<p class=\"paragraph text-align-type-left pap-line-1.8 pap-line-rule-auto pap-spacing-before-2pt pap-spacing-after-2pt\">&nbsp;</p>\n<div>\n<div class=\"document\">\n<p class=\"paragraph text-align-type-left pap-line-1.8 pap-line-rule-auto pap-spacing-before-2pt pap-spacing-after-2pt\">致力于 \"New Rage\"的荷兰厂牌出现了，如Babyboom、Pengo、Waxweazle和Elstak自己的Forze Records。具有讽刺意味的是，布朗的厂牌Combined Forces，被认为在他所改变的荷兰格局中过于强硬。他们期望的是布朗自己风格的音乐，而不是叽叽喳喳的音乐。</p>\n<p class=\"paragraph text-align-type-left pap-line-1.8 pap-line-rule-auto pap-spacing-before-2pt pap-spacing-after-2pt\">&nbsp;</p>\n<p class=\"paragraph text-align-type-left pap-line-1.8 pap-line-rule-auto pap-spacing-before-2pt pap-spacing-after-2pt\">同时，苏格兰二人组Ultra-Sonic不拘一格地将较慢的钢琴方法与较快的布朗式节拍结合起来；\"Annihilating Rhythm \"赢得了1993年苏格兰最佳舞蹈唱片。该行为声称它 \"改变了舞蹈音乐的面貌\"。这首歌曲成为Scooter \"Hyper Hyper\"（1994） 和Charly Lownoise和Mental Theo \"Live at London\"（1994）的灵感来源。</p>\n<p class=\"paragraph text-align-type-left pap-line-1.8 pap-line-rule-auto pap-spacing-before-2pt pap-spacing-after-2pt\">&nbsp;</p>\n<p class=\"paragraph text-align-type-left pap-line-1.8 pap-line-rule-auto pap-spacing-before-2pt pap-spacing-after-2pt\" style=\"padding-left: 30px;\"><em>很多人[在德国]都试图复制这种风格，使其变得廉价。所有这些东西，比如《Dune》和《Scooter》，这种声音是最糟糕的! 斯库特基本上就像是超音速的翻版。</em></p>\n<p class=\"paragraph text-align-type-left pap-line-1.8 pap-line-rule-auto pap-spacing-before-2pt pap-spacing-after-2pt\" style=\"text-align: right;\">--WestBam 1996年3月</p>\n<p class=\"paragraph text-align-type-left pap-line-1.8 pap-line-rule-auto pap-spacing-before-2pt pap-spacing-after-2pt\" style=\"text-align: right;\">&nbsp;</p>\n<p class=\"paragraph text-align-type-left pap-line-1.8 pap-line-rule-auto pap-spacing-before-2pt pap-spacing-after-2pt\">这些成功为进一步开发主流音乐开创道路。Scooter在西欧取得了很多商业榜单上的成功；Ultra-Sonic声称Scooter \"剽窃我们\"。 同时，Elstak邀请了欧洲舞曲领域的人为他制作榜单上的热门歌曲。重要的是，这种特殊的音乐本身并不是快乐的Hardcore音乐，而是为电台播放而创造的文化节拍风格的另类欧洲舞曲版本。</p>\n<p class=\"paragraph text-align-type-left pap-line-1.8 pap-line-rule-auto pap-spacing-before-2pt pap-spacing-after-2pt\">&nbsp;</p>\n</div>\n</div>\n</div>\n</div>\n</div>\n</div>\n</div>\n</div>\n<div>\n<div class=\"document\">\n<p class=\"paragraph text-align-type-left pap-line-1.8 pap-line-rule-auto pap-spacing-before-2pt pap-spacing-after-2pt\"><em>&middot; 南英格兰</em></p>\n<p class=\"paragraph text-align-type-left pap-line-1.8 pap-line-rule-auto pap-spacing-before-2pt pap-spacing-after-2pt\">在英格兰的狂欢节上，像Brisk、Chris C和Ramos这样的DJ已经在小范围内支持Bouncy techno乐。</p>\n<p class=\"paragraph text-align-type-left pap-line-1.8 pap-line-rule-auto pap-spacing-before-2pt pap-spacing-after-2pt\">&nbsp;</p>\n<p class=\"paragraph text-align-type-left pap-line-1.8 pap-line-rule-auto pap-spacing-before-2pt pap-spacing-after-2pt\">诸如Dougal和Vibes这样的happy breakbeat DJ最初在他们的节拍组合中引入了Bouncy techno乐曲；Scott Brown Versus DJ Rab S \"Now is the Time\"（1995）的发行是一个催化剂。这个领域的艺术家开始在他们的作品中加入Bouncy techno乐的特点，这创造了一种新型的happy breakbeat音乐。</p>\n<p class=\"paragraph text-align-type-left pap-line-1.8 pap-line-rule-auto pap-spacing-before-2pt pap-spacing-after-2pt\">&nbsp;</p>\n<p class=\"paragraph text-align-type-left pap-line-1.8 pap-line-rule-auto pap-spacing-before-2pt pap-spacing-after-2pt\">一些happy breakbeat厂牌创建了专门用于bouncy techno的分支，如Bounce! 这些厂牌很快就变得多余了，因为happy breakbeat本身也是以类似的方式发展的。</p>\n<p class=\"paragraph text-align-type-left pap-line-1.8 pap-line-rule-auto pap-spacing-before-2pt pap-spacing-after-2pt\">&nbsp;</p>\n<p class=\"paragraph text-align-type-left pap-line-1.8 pap-line-rule-auto pap-spacing-before-2pt pap-spacing-after-2pt\"><span style=\"text-decoration: underline;\">衰落：90年代中期</span></p>\n<p class=\"paragraph text-align-type-left pap-line-1.8 pap-line-rule-auto pap-spacing-before-2pt pap-spacing-after-2pt\">随着现在在几个不同的市场上发现的影响，一个单一的泛欧洲hardcore形成了。然而这只是短暂的。由于在Hanger 13发生的几起与毒品有关的死亡事件吸引了全国性的媒体和议会辩论，苏格兰的地方当局取缔了狂欢活动，俱乐部转而使用House Music 。</p>\n<p class=\"paragraph text-align-type-left pap-line-1.8 pap-line-rule-auto pap-spacing-before-2pt pap-spacing-after-2pt\">&nbsp;</p>\n<p class=\"paragraph text-align-type-left pap-line-1.8 pap-line-rule-auto pap-spacing-before-2pt pap-spacing-after-2pt\">大都会是bouncy techno音乐的主要场所之一，它在1996年放弃了这种音乐，因为它的小丑装PA场景，并认为它是 \"时间扭曲的技术音乐\"（格子呢技术音乐的文字游戏）。Ultra-Sonic同样表示，\"有人[布朗]想出了一种音乐风格\"，大家都在模仿，结果是 \"没有什么新东西在进化\"。</p>\n<p class=\"paragraph text-align-type-left pap-line-1.8 pap-line-rule-auto pap-spacing-before-2pt pap-spacing-after-2pt\">&nbsp;</p>\n<div>\n<div class=\"document\">\n<p class=\"paragraph text-align-type-left pap-line-1.8 pap-line-rule-auto pap-spacing-before-2pt pap-spacing-after-2pt\">来自英格兰南部的新的bouncy techno影响了Happy Breakbeat，作为下一个大事件在苏格兰大力推广，但收效甚微。Bass Generator指出它 \"扼杀了北部的音乐场景\"，因为它是Breakbeat的高级形式，所以永远不会成功。</p>\n<p class=\"paragraph text-align-type-left pap-line-1.8 pap-line-rule-auto pap-spacing-before-2pt pap-spacing-after-2pt\">&nbsp;</p>\n<p class=\"paragraph text-align-type-left pap-line-1.8 pap-line-rule-auto pap-spacing-before-2pt pap-spacing-after-2pt\">由于兴趣减少，Rezerection在1997年关闭。狂欢场景和Hardcore音乐的同义词，这两者是不可分割的。布朗在谈到这个推广活动的消亡时说，\"苏格兰的'bouncy'hardcore几乎是过去的事情了\"，并希望将他的视野扩大到其他音乐。</p>\n<p class=\"paragraph text-align-type-left pap-line-1.8 pap-line-rule-auto pap-spacing-before-2pt pap-spacing-after-2pt\">&nbsp;</p>\n<p class=\"paragraph text-align-type-left pap-line-1.8 pap-line-rule-auto pap-spacing-before-2pt pap-spacing-after-2pt\">在荷兰，bouncy'hardcore乐迷开始对funcore感到厌倦，并对Elstak随后的排行榜感到背叛。荷兰制作人在最后的几张离别照片后，重新回到了gabber，如Chico Chipolata \"No More Happy Hardcore\"（1996），Buzz Fuzz \"Fuck Happy\"（1997）；而Bodylotion \"Happy Is Voor Hobos\"（1996）在滑稽的bouncy和无意义的gabber部分之间交替，以获得他们的信息。</p>\n<p class=\"paragraph text-align-type-left pap-line-1.8 pap-line-rule-auto pap-spacing-before-2pt pap-spacing-after-2pt\">&nbsp;</p>\n<p class=\"paragraph text-align-type-left pap-line-1.8 pap-line-rule-auto pap-spacing-before-2pt pap-spacing-after-2pt\"><span style=\"text-decoration: underline;\">重新启动：90年代末</span></p>\n<p class=\"paragraph text-align-type-left pap-line-1.8 pap-line-rule-auto pap-spacing-before-2pt pap-spacing-after-2pt\">作为对现在来自英格兰南部的公式化音乐的一种替代，布朗在1998年推出了Bouncy Techno厂牌。受发行问题的困扰，这个厂牌在他的作品中揭示了一种新的振奋人心的trance方式。布朗的 \"Elysium\"（1999年）帮助振兴了国内的狂欢场景，取得了很大的成功。</p>\n<p class=\"paragraph text-align-type-left pap-line-1.8 pap-line-rule-auto pap-spacing-before-2pt pap-spacing-after-2pt\">&nbsp;</p>\n<p class=\"paragraph text-align-type-left pap-line-1.8 pap-line-rule-auto pap-spacing-before-2pt pap-spacing-after-2pt\">在21世纪初，包括Quosh Records和Higher Order Recordings在内的唱片公司将发行具有bouncy techno影响的音乐，这些将被归入英国hardcore的范畴。</p>\n<p class=\"paragraph text-align-type-left pap-line-1.8 pap-line-rule-auto pap-spacing-before-2pt pap-spacing-after-2pt\">&nbsp;</p>\n<div>\n<div class=\"document\">\n<p class=\"paragraph text-align-type-left pap-line-1.8 pap-line-rule-auto pap-spacing-before-2pt pap-spacing-after-2pt\">2000年代也曾出现过回溯活动，如苏格兰的Back to the Future和Fantazia，以及荷兰的Happy Hardcore。Kutski在他的BBC电台1号节目中专门为bouncy techno做了几场演出，比如2011年的Rezerection Free Range Mix。</p>\n<p class=\"paragraph text-align-type-left pap-line-1.8 pap-line-rule-auto pap-spacing-before-2pt pap-spacing-after-2pt\">&nbsp;</p>\n<p class=\"paragraph text-align-type-left pap-line-1.8 pap-line-rule-auto pap-spacing-before-2pt pap-spacing-after-2pt\"><strong>特征</strong></p>\n<p class=\"paragraph text-align-type-left pap-line-1.8 pap-line-rule-auto pap-spacing-before-2pt pap-spacing-after-2pt\">典型的Bouncy Techno作品有160至180 BPM的速度，并使用4/4节拍。&nbsp;曲目可以是器乐，或在某些地方使用简短的重复采样，人声元素并不常见。 布朗会使用有规律的结构，其中的部件常以固定的长度出现，例如曲目按&ldquo;节拍独奏 - 弹性元素加节拍 - 加入hi-hats - Riff独奏 - Riff加节拍 - 加入hi-hats&rdquo;等部分排列组合，每个部分持续8小节。这些部分会用短的fills and rolls拼凑起来。底鼓的声音稍有失真，像gabber。&nbsp;Breakbeat模式也可能在某些时候短暂地出现在背景中。</p>\n<p class=\"paragraph text-align-type-left pap-line-1.8 pap-line-rule-auto pap-spacing-before-2pt pap-spacing-after-2pt\">&nbsp;</p>\n<p class=\"paragraph text-align-type-left pap-line-1.8 pap-line-rule-auto pap-spacing-before-2pt pap-spacing-after-2pt\">虽然Breakbeat hardcore&nbsp;本身在苏格兰并不流行，但它的合成器声音在Bouncy Techno的刺耳旋律范围内被发现。&nbsp;N-Joi的 \"曼彻斯特现场\"（1992年）盛宴提供了进一步的总体灵感。它的特点是单调的非拍子音符，这与它的 \"弹跳 \"名称有关（这种非拍子的重点在后者bouncy house的名字中也有）。&nbsp;这些节奏组合和安排被西蒙-雷诺兹描述为让人联想到克莱兹梅尔音乐、游乐场般的旋律和oom-pah的非节拍音符。</p>\n<p class=\"paragraph text-align-type-left pap-line-1.8 pap-line-rule-auto pap-spacing-before-2pt pap-spacing-after-2pt\">&nbsp;</p>\n<p class=\"paragraph text-align-type-left pap-line-1.8 pap-line-rule-auto pap-spacing-before-2pt pap-spacing-after-2pt\">与这一时期的其他狂欢音乐不同，苏格兰场景是由表演驱动的，乐队通常是狂欢的主角而不是DJ。&nbsp;舞者穿着宽松的运动服，有他们自己的舞蹈形式，包括大量快速的腿部动作。 超音速的表演在更广泛的层面上渗透到了像Scooter这样的乐队。</p>\n</div>\n</div>\n</div>\n</div>\n</div>\n</div>\n</div>\n</div>",
 "contentEn": "<p><strong>Bouncy techno</strong>&nbsp;is a&nbsp;hardcore dance music&nbsp;rave&nbsp;style that developed in the early 1990s from&nbsp;Scotland&nbsp;and&nbsp;North England. Described as an accessible&nbsp;gabber-like form, it was popularised by Scottish DJ and music producer&nbsp;Scott Brown&nbsp;under numerous aliases.<sup class=\"noprint Inline-Template Template-Fact\">[<em><span title=\"This claim needs references to reliable sources. (December 2020)\">citation needed</span></em>]</sup></p>\n<p>&nbsp;</p>\n<p>The sound became prominent in the northern United Kingdom rave scene before it&nbsp;broke into the hardcore homeland&nbsp;of the&nbsp;Netherlands&nbsp;through Dutch DJ and music producer&nbsp;Paul Elstak, where it became known&nbsp;<em>there</em>&nbsp;as&nbsp;<strong>happy hardcore</strong>&nbsp;or&nbsp;<strong>happy gabber</strong><sup id=\"cite_ref-2\" class=\"reference\">[nb 1]</sup>&nbsp;and&nbsp;<strong>funcore</strong><sup id=\"cite_ref-4\" class=\"reference\">[nb 2]</sup>.</p>\n<p>&nbsp;</p>\n<p>A subsequent&nbsp;mainstream-aimed&nbsp;Eurodance&nbsp;tangent appeared in Germany and itself back into the Netherlands. Scott Brown's music also&nbsp;changed the Southern England happy breakbeat style&nbsp;away from its&nbsp;breakbeat&nbsp;foundation and into a bouncy derivative.<sup class=\"noprint Inline-Template Template-Fact\">[<em><span title=\"This claim needs references to reliable sources. (December 2020)\">citation needed</span></em>]</sup>&nbsp;These different country entrails created a single pan European hardcore briefly in the mid-1990s. Bouncy techno&nbsp;rapidly declined&nbsp;from this point for a variety of reasons.</p>\n<h2>&nbsp;</h2>\n<h2><span id=\"History\" class=\"mw-headline\">History</span></h2>\n<h3><span id=\"Antecedents:_early_1990s\" class=\"mw-headline\">Antecedents: early 1990s</span></h3>\n<p>The&nbsp;breakbeat hardcore&nbsp;style that dominated&nbsp;raves&nbsp;across England was generally not popular in&nbsp;Scotland.<sup id=\"cite_ref-jungle_5-0\" class=\"reference\">[3]</sup>&nbsp;This is attributed to&nbsp;regional&nbsp;music,<sup id=\"cite_ref-6\" class=\"reference\">[4]</sup>&nbsp;cultural&nbsp;and&nbsp;racial&nbsp;differences across the UK; with breakbeat regarded in Scotland as a \"black English thing\" and an \"alien musical culture\".<sup id=\"cite_ref-7\" class=\"reference\">[5]</sup></p>\n<p>&nbsp;</p>\n<p>The few Scottish-based DJs who supported this music found it difficult to be booked locally. DJ Kid told the crowd to \"fuck off\" on the mic before he stormed off stage when ravers turned hostile towards him playing such a&nbsp;set.<sup id=\"cite_ref-8\" class=\"reference\">[6]</sup>&nbsp;A divide in the United Kingdom rave scene occurred as a result with separate musical paths of development.<sup id=\"cite_ref-jungle_5-1\" class=\"reference\">[3]</sup><sup id=\"cite_ref-9\" class=\"reference\">[7]</sup></p>\n<p>&nbsp;</p>\n<p>Scotland instead favoured techno and vocal/piano music at&nbsp;raves.&nbsp;The Time Frequency&nbsp;(TTF) led the charge of local bands. After three chart&nbsp;hit records&nbsp;in the&nbsp;UK Singles Chart&nbsp;Top 40 across 1993, which peaked with \"Real Love\" at number eight, their commercial success in part resulted in a backlash against the band. With the vocal/piano approach now tainted,<sup id=\"cite_ref-bassyg_10-0\" class=\"reference\">[8]</sup>&nbsp;ravers turned their attention to an alternative form of&nbsp;underground music&nbsp;that had since materialised.</p>\n<h3>&nbsp;</h3>\n<h3><span id=\"Origins:_early_to_mid_1990s\" class=\"mw-headline\">Origins: early to mid 1990s</span></h3>\n<h4><span id=\"Scotland_and_Northern_England\" class=\"mw-headline\">Scotland and Northern England</span></h4>\n<p>Bass Generator introduced the&nbsp;gabber&nbsp;style to northern ravers.<sup id=\"cite_ref-bassyg_10-1\" class=\"reference\">[8]</sup>&nbsp;These sets would prove popular and earned him Best Rave DJ and Best UK DJ by Clubscene readers for 1993.<sup id=\"cite_ref-award_11-0\" class=\"reference\">[9]</sup>&nbsp;To keep crowds receptive, the slower and softer vocal/piano anthems would also be played but unorthodoxly&nbsp;mixed&nbsp;at greatly increased speeds to match them to the much faster and aggressive gabber.<sup id=\"cite_ref-12\" class=\"reference\">[10]</sup>&nbsp;This created a peculiar clash of styles; an early template of what would become bouncy techno (this concoction was something he would eventually release as \"The Event\" (1993)).<sup id=\"cite_ref-bassyg_10-2\" class=\"reference\">[8]</sup></p>\n<blockquote class=\"templatequote\">\n<p>&nbsp;</p>\n<p>Scott Brown is one of the world's most important producers. He has single-handedly changed the sound of hardcore and now people everywhere are copying his sound.<sup id=\"cite_ref-13\" class=\"reference\">[11]</sup></p>\n<div class=\"templatequotecite\">&mdash;&thinsp;<cite>Lenny Dee, (February 1995)</cite></div>\n</blockquote>\n<p>&nbsp;</p>\n<p>With a potential new avenue,&nbsp;Scott Brown&nbsp;reinterpreted the gabber sound into a more accessible interpretation for local audiences.<sup id=\"cite_ref-brown_14-0\" class=\"reference\">[12]</sup>&nbsp;His Bass X \"Hardcore Disco\" track in 1993 was the first&nbsp;hardcore&nbsp;release in Scotland (and the UK).<sup id=\"cite_ref-shoop_15-0\" class=\"reference\">[13]</sup>&nbsp;The runner-up Best Scottish Dance Record for 1993<sup id=\"cite_ref-award_11-1\" class=\"reference\">[9]</sup>&nbsp;set the trend in Scotland; followed-up by his Dance Overdose remix in a similar fashion.<sup id=\"cite_ref-shoop_15-1\" class=\"reference\">[13]</sup>&nbsp;Other local acts replicated this popular winning formula.<sup id=\"cite_ref-bassyg_10-3\" class=\"reference\">[8]</sup>&nbsp;Even The Time Frequency also got in on the act and anonymously released \"The Bounce\" (1993) to fool their critics.<sup id=\"cite_ref-16\" class=\"reference\">[14]</sup></p>\n<p>&nbsp;</p>\n<p>Brown and his sound was propelled to the forefront of the hardcore scene in Scotland and abroad.<sup id=\"cite_ref-brown_14-1\" class=\"reference\">[12]</sup>&nbsp;In the year of 1994, Brown released 27 x 12\" vinyl records under assorted aliases across 10 labels, 2 x compilation LPs, 22 x remix credits and launched five record labels under his Evolution Records stable;<sup id=\"cite_ref-17\" class=\"reference\">[15]</sup>&nbsp;the majority of this music in his bouncy techno style.</p>\n<p>&nbsp;</p>\n<p>Local artists and DJs soon appeared in Western Europe, Australia and Japan;<sup id=\"cite_ref-18\" class=\"reference\">[16]</sup>&nbsp;Q-Tex (Brown) and Ultra-Sonic played at the&nbsp;Mayday&nbsp;music festivals in Germany of 1994.<sup id=\"cite_ref-19\" class=\"reference\">[17]</sup><sup id=\"cite_ref-20\" class=\"reference\">[18]</sup>&nbsp;Other factors in the style's exposure included DJ&nbsp;Carl Cox&nbsp;who played the founding Shoop! Records releases at raves;<sup id=\"cite_ref-21\" class=\"reference\">[19]</sup><sup id=\"cite_ref-22\" class=\"reference\">[20]</sup>&nbsp;and DJ&nbsp;Tom Wilson's award-winning Steppin' Out dance music radio show that captured 82% of the available listening audience during Saturday evenings on&nbsp;Forth FM.<sup id=\"cite_ref-23\" class=\"reference\">[21]</sup><sup id=\"cite_ref-24\" class=\"reference\">[22]</sup></p>\n<h4>&nbsp;</h4>\n<h4><span id=\"Netherlands_and_Germany\" class=\"mw-headline\">Netherlands and Germany</span></h4>\n<p>In the&nbsp;Netherlands,&nbsp;Paul Elstak&nbsp;felt that their own gabber was caught in a race to be the hardest at the expense of quality.<sup id=\"cite_ref-25\" class=\"reference\">[23]</sup>&nbsp;He found a new direction with Bass Reaction \"Technophobia\" (1993); another production from Brown. It brought an unexpected cheerful melody to the heavy undercurrent.<sup id=\"cite_ref-26\" class=\"reference\">[24]</sup>&nbsp;The track was re-released for the Dutch market in 1994,<sup id=\"cite_ref-gabber89_27-0\" class=\"reference\">[25]</sup>&nbsp;where its success inspired Elstak and others to produce the same less frenetic sound,<sup id=\"cite_ref-energy262_3-1\" class=\"reference\">[2]</sup>&nbsp;which became known&nbsp;<em>there</em>&nbsp;as happy hardcore (i.e.: happy gabber).<sup id=\"cite_ref-gabber89_27-1\" class=\"reference\">[25]</sup></p>\n<p>&nbsp;</p>\n<p>Dutch labels dedicated to the \"new rage\" appeared such as Babyboom, Pengo, Waxweazle and Elstak's own Forze Records. Ironically, Brown's initial attempts to front Combined Forces new label venture was considered too hard in the Dutch landscape that he had changed. They expected music in Brown's own style and not that of gabber.<sup id=\"cite_ref-brown_14-2\" class=\"reference\">[12]</sup></p>\n<p>&nbsp;</p>\n<p>Concurrently, the Scottish duo Ultra-Sonic unconventionally combined the slower piano approach with the faster Brown-type beat; \"Annihilating Rhythm\" won Best Scottish Dance Record for 1993.<sup id=\"cite_ref-award_11-2\" class=\"reference\">[9]</sup>&nbsp;The act claimed it \"changed the face of dance music\".<sup id=\"cite_ref-ultra_28-0\" class=\"reference\">[26]</sup>&nbsp;The track became the inspiration for&nbsp;Scooter&nbsp;\"Hyper Hyper\" (1994)<sup id=\"cite_ref-scooter_29-0\" class=\"reference\">[27]</sup>&nbsp;and&nbsp;Charly Lownoise and Mental Theo&nbsp;\"Live at London\" (1994).<sup id=\"cite_ref-30\" class=\"reference\">[28]</sup>&nbsp;Both were the first such musical chart entries in Germany and the Netherlands respectively.</p>\n<blockquote class=\"templatequote\">\n<p>&nbsp;</p>\n<p>A lot of people [in Germany] have tried to copy this style and make it cheap. All this stuff like Dune and Scooter, these kind of sounds are the worst! Scooter is basically like an Ultra-Sonic rip off.<sup id=\"cite_ref-31\" class=\"reference\">[29]</sup></p>\n<div class=\"templatequotecite\">&mdash;&thinsp;<cite>WestBam, (March 1996)</cite></div>\n</blockquote>\n<p>&nbsp;</p>\n<p>These successes created a path for further mainstream music to be exploited. Scooter achieved much commercial chart success around western Europe;<sup id=\"cite_ref-scooter_29-1\" class=\"reference\">[27]</sup>&nbsp;Ultra-Sonic claimed that Scooter were \"ripping us off\".<sup id=\"cite_ref-ultra_28-1\" class=\"reference\">[26]</sup>&nbsp;Elstak meanwhile enlisted people in the&nbsp;eurodance&nbsp;field to produce a chart hit for him. Importantly, this particular music was not happy hardcore itself but alternative eurodance versions created for radio airplay in the style of&nbsp;Culture Beat.<sup id=\"cite_ref-32\" class=\"reference\">[30]</sup></p>\n<h4>&nbsp;</h4>\n<h4><span id=\"Southern_England\" class=\"mw-headline\">Southern England</span></h4>\n<p>Bouncy techno had already been supported in small numbers at raves in England by the like of DJs Brisk, Chris C and Ramos.<sup id=\"cite_ref-33\" class=\"reference\">[31]</sup><sup id=\"cite_ref-34\" class=\"reference\">[32]</sup></p>\n<p>&nbsp;</p>\n<p>Happy breakbeat DJs such as Dougal and Vibes initially introduced bouncy techno tracks to their breakbeat mix sets; Scott Brown Versus DJ Rab S \"Now is the Time\" (1995) release being a catalyst.<sup id=\"cite_ref-35\" class=\"reference\">[33]</sup>&nbsp;Artists in this field started to add bouncy techno characteristics to their compositions,<sup id=\"cite_ref-36\" class=\"reference\">[34]</sup>&nbsp;which created a new type of happy breakbeat music.</p>\n<p>&nbsp;</p>\n<p>Several happy breakbeat labels created offshoots dedicated to bouncy techno, such as Bounce! Records from Happy Vibes Recordings in late 1995.<sup id=\"cite_ref-37\" class=\"reference\">[35]</sup>&nbsp;These labels would quickly become redundant as happy breakbeat itself developed in a similar light.<sup id=\"cite_ref-38\" class=\"reference\">[36]</sup></p>\n<h3>&nbsp;</h3>\n<h3><span id=\"Decline:_mid_1990s\" class=\"mw-headline\">Decline: mid 1990s</span></h3>\n<p>With the influence now found across several different markets, a single pan European hardcore was formed.<sup id=\"cite_ref-Reynolds_1998_268_39-0\" class=\"reference\">[37]</sup>&nbsp;This was however short lived. Due to several&nbsp;drug&nbsp;related deaths at Hanger 13 that attracted national press and parliamentary debate,<sup id=\"cite_ref-40\" class=\"reference\">[38]</sup>&nbsp;local authorities&nbsp;in Scotland clamped down on raves and clubs switched to&nbsp;house music.<sup id=\"cite_ref-41\" class=\"reference\">[39]</sup></p>\n<p>&nbsp;</p>\n<p>The Metropolis, one of the leading venues for bouncy techno, dropped the music in 1996 due to its clown-suited&nbsp;PA&nbsp;scene and regarded it as \"timewarp techno\" (a word play of tartan techno).<sup id=\"cite_ref-metro_42-0\" class=\"reference\">[40]</sup>&nbsp;Ultra-Sonic similarly stated that \"someone [Brown] came up with a style of music\" that everyone copied and \"nothing new was evolving\" as a result.<sup id=\"cite_ref-ultra_28-2\" class=\"reference\">[26]</sup></p>\n<p>&nbsp;</p>\n<p>The new bouncy techno influenced happy breakbeat from Southern England was heavily pushed in Scotland as the next big thing but with little success.<sup id=\"cite_ref-bassyg_10-4\" class=\"reference\">[8]</sup><sup id=\"cite_ref-43\" class=\"reference\">[41]</sup>&nbsp;Bass Generator singled it out as having \"killed the music scene up north\" as it was an advanced form of breakbeat so was never going to work.<sup id=\"cite_ref-bassyg_10-5\" class=\"reference\">[8]</sup></p>\n<p>&nbsp;</p>\n<p>Rezerection closed its doors in 1997 as interest dwindled. Synonymous with the rave scene and hardcore music; the two were inseparable. Brown said of the promotion's demise that \"Scottish 'bouncy' hardcore is almost a thing of the past\" and looked to expand his horizons to other music.<sup id=\"cite_ref-44\" class=\"reference\">[42]</sup>&nbsp;Bass Generator's own Judgement Day looked to fill their void with a traditional&nbsp;Hogmanay&nbsp;rave to specifically kick-start a bouncy techno revival for 1998.<sup id=\"cite_ref-bassyg_10-6\" class=\"reference\">[8]</sup></p>\n<p>&nbsp;</p>\n<p>In Netherlands, hardcore fans became tired of funcore and felt betrayed by Elstak's subsequent chart forays.<sup id=\"cite_ref-brown_14-3\" class=\"reference\">[12]</sup>&nbsp;Dutch producers reverted to gabber after a final few parting shots with releases like Chico Chipolata \"No More Happy Hardcore\" (1996), Buzz Fuzz \"Fuck Happy\" (1997); whilst Bodylotion \"Happy Is Voor Hobos\" (1996) alternated between droll bouncy and no-nonsense gabber parts to get their message across.</p>\n<h3>&nbsp;</h3>\n<h3><span id=\"Relaunch:_late_1990s\" class=\"mw-headline\">Relaunch: late 1990s</span></h3>\n<p>As an alternative to the now formulaic music from Southern England, Brown launched the Bouncy Techno label in 1998. Plagued by distribution problems, the imprint revealed a new&nbsp;uplifting trance&nbsp;approach to his work. Brown's \"Elysium\" (1999) helped revitalise the domestic rave scene to much success.</p>\n<p>&nbsp;</p>\n<p>Producers picked up on Brown's lead, as others had done in the past.<sup id=\"cite_ref-45\" class=\"reference\">[43]</sup>&nbsp;In the early 2000s, labels that included Quosh Records and Higher Order Recordings would release music with a bouncy techno influence.<sup id=\"cite_ref-46\" class=\"reference\">[44]</sup><sup id=\"cite_ref-47\" class=\"reference\">[45]</sup>&nbsp;These would be subsumed into what became generically known as&nbsp;UK hardcore.</p>\n<p>&nbsp;</p>\n<p>Throwback events had also appeared in the 2000s such as Back to the Future and Fantazia in Scotland, and Happy Hardcore in Netherlands.&nbsp;Kutski&nbsp;dedicated several sets to bouncy techno on his&nbsp;BBC Radio 1&nbsp;show, like the Rezerection Free Range Mix in 2011.<sup id=\"cite_ref-48\" class=\"reference\">[46]</sup></p>\n<h2>&nbsp;</h2>\n<h2><span id=\"Characteristics\" class=\"mw-headline\">Characteristics</span></h2>\n<p>Typical compositions have a tempo of 160 to 180&nbsp;BPM, and use a&nbsp;4/4 signature. Tracks can be&nbsp;instrumental, or use a short repeated&nbsp;sample&nbsp;at certain points. Singing is uncommon. Brown uses a regimented&nbsp;structure&nbsp;with components occurring for a fixed length. e.g.: beat solo, bouncy with beat, hi-hat added, riff solo, riff with beat, hi-hat added, etc. each lasting&nbsp;8-bars. These parts would be pieced together with short&nbsp;fills&nbsp;and&nbsp;rolls.&nbsp;Drum kicks&nbsp;are slightly distorted, like gabber. Breakbeat patterns may also occur briefly in the background at certain points.</p>\n<p>&nbsp;</p>\n<p>Whilst&nbsp;breakbeat hardcore&nbsp;itself was not popular in Scotland, its synthesiser sounds were found in bouncy techno's range of&nbsp;stab&nbsp;melodies.&nbsp;N-Joi's \"Live in Manchester\" (1992) feast provided further general inspiration.<sup id=\"cite_ref-brown_14-4\" class=\"reference\">[12]</sup>&nbsp;Its hallmark is the single-keyed offbeat note, which relates to its 'bouncy' designation (this offbeat focus was found in the latter bouncy house namesake). These rhythmic combinations and arrangements were described by&nbsp;Simon Reynolds&nbsp;as being reminiscent of&nbsp;klezmer&nbsp;music,&nbsp;fairground-like melodies and&nbsp;oom-pah&nbsp;offbeat notes.<sup id=\"cite_ref-Reynolds_1998_268_39-1\" class=\"reference\">[37]</sup></p>\n<p>&nbsp;</p>\n<p>The N-Joi group provided another important attribute.<sup id=\"cite_ref-49\" class=\"reference\">[47]</sup>&nbsp;Unlike other rave music from this period, the Scottish scene was&nbsp;performance driven&nbsp;where bands often headlined raves rather than DJs. Acts were expected to have costumes, dancers and the best stage performance.<sup id=\"cite_ref-50\" class=\"reference\">[48]</sup>&nbsp;Dancers were dressed in baggy tracksuit-like attire and had their own form of dance that involves a lot of rapid leg movements.<sup id=\"cite_ref-51\" class=\"reference\">[49]</sup><sup id=\"cite_ref-52\" class=\"reference\">[50]</sup><sup id=\"cite_ref-53\" class=\"reference\">[51]</sup>&nbsp;The performances of Ultra-Sonic filtered through to the like Scooter on a wider level.<sup id=\"cite_ref-ultra_28-3\" class=\"reference\">[26]</sup><sup id=\"cite_ref-scooter_29-2\" class=\"reference\">[27]</sup></p>\n<p>&nbsp;</p>\n<h2><span id=\"Notes\" class=\"mw-headline\">Notes</span></h2>\n<div class=\"reflist\">\n<div class=\"mw-references-wrap\">\n<ol class=\"references\">\n<li id=\"cite_note-2\"><span class=\"mw-cite-backlink\"><strong>^</strong></span>&nbsp;<span class=\"reference-text\">Happy hardcore could refer to at least two types of music of different origin. The term hardcore itself, in the early 1990s, encompassed unrelated music such as breakbeat and gabber; determined purely by location. As a result, happy hardcore could be happy breakbeat or happy gabber. The Energy Flash book defines happy hardcore as breakbeat music only (related to jungle), whilst happy gabber is used interchangeably with bouncy techno.<sup id=\"cite_ref-1\" class=\"reference\">[1]</sup></span></li>\n<li id=\"cite_note-4\"><span class=\"mw-cite-backlink\"><strong>^</strong></span>&nbsp;<span class=\"reference-text\">Funcore was a Dutch term to classify what was essentially bouncy techno. Babyboom Records defined itself as \"The Funcore Label\"; Scottish artists released music on the same Dutch record label. The funcore term was found on other labels but to a lesser extent.<sup id=\"cite_ref-energy262_3-0\" class=\"reference\">[2]</sup></span></li>\n</ol>\n</div>\n</div>\n<h2>&nbsp;</h2>\n<h2><span id=\"References\" class=\"mw-headline\">References</span></h2>\n<div class=\"reflist reflist-columns references-column-width\">\n<ol class=\"references\">\n<li id=\"cite_note-1\"><span class=\"mw-cite-backlink\"><strong>^</strong></span>&nbsp;<span class=\"reference-text\"><cite id=\"CITEREFReynolds1998\" class=\"citation book cs1\">Reynolds, Simon (1998). \"Chapter 11: Marching into Madness\".&nbsp;<em>Energy Flash</em>. Picador. pp.&nbsp;262&ndash;268.&nbsp;ISBN&nbsp;<bdi>0-330-35056-0</bdi>.</cite></span></li>\n<li id=\"cite_note-energy262-3\"><span class=\"mw-cite-backlink\">^&nbsp;<span class=\"cite-accessibility-label\">Jump up to:</span><sup><em><strong>a</strong></em></sup>&nbsp;<sup><em><strong>b</strong></em></sup></span>&nbsp;<span class=\"reference-text\"><cite id=\"CITEREFReynolds1998\" class=\"citation book cs1\">Reynolds, Simon (1998). \"Chapter 11: Marching into Madness\".&nbsp;<em>Energy Flash</em>. Picador. p.&nbsp;262.&nbsp;ISBN&nbsp;<bdi>0-330-35056-0</bdi>.</cite></span></li>\n<li id=\"cite_note-jungle-5\"><span class=\"mw-cite-backlink\">^&nbsp;<span class=\"cite-accessibility-label\">Jump up to:</span><sup><em><strong>a</strong></em></sup>&nbsp;<sup><em><strong>b</strong></em></sup></span>&nbsp;<span class=\"reference-text\"><cite id=\"CITEREFJackhammer1994\" class=\"citation cs2\">Jackhammer, DJ (February 1994), \"On the Jungle Trail: Breakbeat in Scotland\",&nbsp;<em>Respect</em>&nbsp;(1), pp.&nbsp;14&ndash;15</cite></span></li>\n<li id=\"cite_note-6\"><span class=\"mw-cite-backlink\"><strong>^</strong></span>&nbsp;<span class=\"reference-text\"><cite id=\"CITEREFGibson2008\" class=\"citation web cs1\">Gibson, Owen (5 February 2008).&nbsp;\"Rhythm of life is quicker up north, says music survey\".&nbsp;<em>The Guardian</em><span class=\"reference-accessdate\">. Retrieved&nbsp;<span class=\"nowrap\">1 July</span>&nbsp;2013</span>.</cite></span></li>\n<li id=\"cite_note-7\"><span class=\"mw-cite-backlink\"><strong>^</strong></span>&nbsp;<span class=\"reference-text\"><cite id=\"CITEREFWyburn1994\" class=\"citation cs2\">Wyburn, Claire (September 1994), \"KMC Calls For Some Drastik Drum 'N' Bass Plastik\",&nbsp;<em>M8 Magazine</em>, no.&nbsp;66, p.&nbsp;50</cite></span></li>\n<li id=\"cite_note-8\"><span class=\"mw-cite-backlink\"><strong>^</strong></span>&nbsp;<span class=\"reference-text\"><cite id=\"CITEREFBradley1997\" class=\"citation cs2\">Bradley, Nick (June 1997), \"On the Scottish Ting: DJ Kid\",&nbsp;<em>Dream Magazine</em>, no.&nbsp;21, pp.&nbsp;22&ndash;24</cite></span></li>\n<li id=\"cite_note-9\"><span class=\"mw-cite-backlink\"><strong>^</strong></span>&nbsp;<span class=\"reference-text\"><cite id=\"CITEREFBorthwick2004\" class=\"citation book cs1\">Borthwick, Stuart (2004). \"Jungle: The Breakbeat's Revenge\".&nbsp;<em>Popular Music Genres: An Introduction</em>. Edinburgh University Press. p.&nbsp;202.&nbsp;ISBN&nbsp;<bdi>0-7486-1745-0</bdi>.</cite></span></li>\n<li id=\"cite_note-bassyg-10\"><span class=\"mw-cite-backlink\">^&nbsp;<span class=\"cite-accessibility-label\">Jump up to:</span><sup><em><strong>a</strong></em></sup>&nbsp;<sup><em><strong>b</strong></em></sup>&nbsp;<sup><em><strong>c</strong></em></sup>&nbsp;<sup><em><strong>d</strong></em></sup>&nbsp;<sup><em><strong>e</strong></em></sup>&nbsp;<sup><em><strong>f</strong></em></sup>&nbsp;<sup><em><strong>g</strong></em></sup></span>&nbsp;<span class=\"reference-text\"><cite id=\"CITEREFWyburn1997\" class=\"citation cs2\">Wyburn, Claire (December 1997), \"Bass Generator: Resurrects Hogmanay\",&nbsp;<em>M8</em>, no.&nbsp;105, pp.&nbsp;52&ndash;55</cite></span></li>\n<li id=\"cite_note-award-11\"><span class=\"mw-cite-backlink\">^&nbsp;<span class=\"cite-accessibility-label\">Jump up to:</span><sup><em><strong>a</strong></em></sup>&nbsp;<sup><em><strong>b</strong></em></sup>&nbsp;<sup><em><strong>c</strong></em></sup></span>&nbsp;<span class=\"reference-text\"><cite id=\"CITEREFMacGillivary1994\" class=\"citation cs2\">MacGillivary, Marc (March 1994), \"Clubscene Readers Poll Results 1993\",&nbsp;<em>Clubscene</em>, no.&nbsp;34, pp.&nbsp;4&ndash;5</cite></span></li>\n<li id=\"cite_note-12\"><span class=\"mw-cite-backlink\"><strong>^</strong></span>&nbsp;<span class=\"reference-text\"><cite id=\"CITEREFKilla1996\" class=\"citation cs2\">Killa, The (January 1996), \"Bass Generator\",&nbsp;<em>Eternity</em>, no.&nbsp;37, p.&nbsp;88</cite></span></li>\n<li id=\"cite_note-13\"><span class=\"mw-cite-backlink\"><strong>^</strong></span>&nbsp;<span class=\"reference-text\"><cite id=\"CITEREFJackhammer1995\" class=\"citation cs2\">Jackhammer, DJ (February 1995), \"Lenny Dee: The Original Hardcore Mutha\",&nbsp;<em>M8</em>, no.&nbsp;71, p.&nbsp;32</cite></span></li>\n<li id=\"cite_note-brown-14\"><span class=\"mw-cite-backlink\">^&nbsp;<span class=\"cite-accessibility-label\">Jump up to:</span><sup><em><strong>a</strong></em></sup>&nbsp;<sup><em><strong>b</strong></em></sup>&nbsp;<sup><em><strong>c</strong></em></sup>&nbsp;<sup><em><strong>d</strong></em></sup>&nbsp;<sup><em><strong>e</strong></em></sup></span>&nbsp;<span class=\"reference-text\"><cite id=\"CITEREFWyburn1996\" class=\"citation cs2\">Wyburn, Claire (April 1996), \"Scott Brown: The King of Scottish Hardcore\",&nbsp;<em>M8</em>, no.&nbsp;85, pp.&nbsp;10&ndash;11</cite></span></li>\n<li id=\"cite_note-shoop-15\"><span class=\"mw-cite-backlink\">^&nbsp;<span class=\"cite-accessibility-label\">Jump up to:</span><sup><em><strong>a</strong></em></sup>&nbsp;<sup><em><strong>b</strong></em></sup></span>&nbsp;<span class=\"reference-text\"><cite id=\"CITEREFHanlon1995\" class=\"citation cs2\">Hanlon, Sean (February 1995), \"Shoop! The Scottish Label Promoting Homegrown Talent\",&nbsp;<em>M8</em>, no.&nbsp;71, p.&nbsp;50</cite></span></li>\n<li id=\"cite_note-16\"><span class=\"mw-cite-backlink\"><strong>^</strong></span>&nbsp;<span class=\"reference-text\"><cite id=\"CITEREFGraham1994\" class=\"citation cs2\">Graham, Billy (July 1994), \"Jon Campbell: Fact or Phantasy?\",&nbsp;<em>M8</em>, no.&nbsp;64, pp.&nbsp;10&ndash;12</cite></span></li>\n<li id=\"cite_note-17\"><span class=\"mw-cite-backlink\"><strong>^</strong></span>&nbsp;<span class=\"reference-text\"><cite id=\"CITEREFBrown2008\" class=\"citation web cs1\">Brown, Scott (5 February 2008).&nbsp;\"Scott Brown\".&nbsp;Discogs<span class=\"reference-accessdate\">. Retrieved&nbsp;<span class=\"nowrap\">1 July</span>&nbsp;2013</span>.</cite></span></li>\n<li id=\"cite_note-18\"><span class=\"mw-cite-backlink\"><strong>^</strong></span>&nbsp;<span class=\"reference-text\"><cite id=\"CITEREFFarrell1995\" class=\"citation cs2\">Farrell, Judith (November 1995), \"Ultra-Sonic: Tekno Junkies\",&nbsp;<em>Bassline</em>, no.&nbsp;3, p.&nbsp;37</cite></span></li>\n<li id=\"cite_note-19\"><span class=\"mw-cite-backlink\"><strong>^</strong></span>&nbsp;<span class=\"reference-text\"><cite class=\"citation web cs1\">\"Q-Tex at Mayday: The Raving Society, Berlin, Germany\". 1994<span class=\"reference-accessdate\">. Retrieved&nbsp;<span class=\"nowrap\">1 July</span>&nbsp;2013</span>.</cite></span></li>\n<li id=\"cite_note-20\"><span class=\"mw-cite-backlink\"><strong>^</strong></span>&nbsp;<span class=\"reference-text\"><cite class=\"citation web cs1\">\"Ultra-Sonic at Mayday: Rave Olympia, Dortmund\". 1994<span class=\"reference-accessdate\">. Retrieved&nbsp;<span class=\"nowrap\">1 July</span>&nbsp;2013</span>.</cite></span></li>\n<li id=\"cite_note-21\"><span class=\"mw-cite-backlink\"><strong>^</strong></span>&nbsp;<span class=\"reference-text\"><cite id=\"CITEREFZBD1995\" class=\"citation AV-media-notes cs1\">ZBD, DJ (1995).&nbsp;<em>Shoop!: The Definition of Techno</em>&nbsp;(booklet). various. Shoop! Records. p.&nbsp;4. ZBDCD001.</cite></span></li>\n<li id=\"cite_note-22\"><span class=\"mw-cite-backlink\"><strong>^</strong></span>&nbsp;<span class=\"reference-text\"><cite id=\"CITEREFDangerous1995\" class=\"citation cs2\">Dangerous, Johnny (December 1995), \"No More Hardcore For Carl Cox\",&nbsp;<em>M8 Magazine</em>, no.&nbsp;81, pp.&nbsp;24&ndash;25</cite></span></li>\n<li id=\"cite_note-23\"><span class=\"mw-cite-backlink\"><strong>^</strong></span>&nbsp;<span class=\"reference-text\"><cite id=\"CITEREFWyburn1994\" class=\"citation cs2\">Wyburn, Claire (May 1994), \"The Non-Stop Trio\",&nbsp;<em>M8 Magazine</em>, no.&nbsp;62, p.&nbsp;90</cite></span></li>\n<li id=\"cite_note-24\"><span class=\"mw-cite-backlink\"><strong>^</strong></span>&nbsp;<span class=\"reference-text\"><cite id=\"CITEREFTurbo1996\" class=\"citation cs2\">Turbo, Terry (October 1996), \"Marc Smith &amp; Tom Wilson\",&nbsp;<em>The Scene</em>, no.&nbsp;25, p.&nbsp;26</cite></span></li>\n<li id=\"cite_note-25\"><span class=\"mw-cite-backlink\"><strong>^</strong></span>&nbsp;<span class=\"reference-text\"><cite id=\"CITEREFVan_Gageldonk2000\" class=\"citation book cs1\">Van Gageldonk, Paul (2000). \"Chapter 6: Everybody Happy\".&nbsp;<em>De Gabberstory: Het Verhaal van DJ Paul en DJ Rob</em>&nbsp;(in Dutch). LJ Veen. pp.&nbsp;84&ndash;88.&nbsp;ISBN&nbsp;<bdi>90-204-5681-4</bdi>.</cite></span></li>\n<li id=\"cite_note-26\"><span class=\"mw-cite-backlink\"><strong>^</strong></span>&nbsp;<span class=\"reference-text\"><cite id=\"CITEREFVan_Gageldonk2000\" class=\"citation book cs1\">Van Gageldonk, Paul (2000). \"Chapter 6: Everybody Happy\".&nbsp;<em>De Gabberstory: Het Verhaal van DJ Paul en DJ Rob</em>&nbsp;(in Dutch). LJ Veen. p.&nbsp;88.&nbsp;ISBN&nbsp;<bdi>90-204-5681-4</bdi>.</cite></span></li>\n<li id=\"cite_note-gabber89-27\"><span class=\"mw-cite-backlink\">^&nbsp;<span class=\"cite-accessibility-label\">Jump up to:</span><sup><em><strong>a</strong></em></sup>&nbsp;<sup><em><strong>b</strong></em></sup></span>&nbsp;<span class=\"reference-text\"><cite id=\"CITEREFVan_Gageldonk2000\" class=\"citation book cs1\">Van Gageldonk, Paul (2000). \"Chapter 6: Everybody Happy\".&nbsp;<em>De Gabberstory: Het Verhaal van DJ Paul en DJ Rob</em>&nbsp;(in Dutch). LJ Veen. p.&nbsp;89.&nbsp;ISBN&nbsp;<bdi>90-204-5681-4</bdi>.</cite></span></li>\n<li id=\"cite_note-ultra-28\"><span class=\"mw-cite-backlink\">^&nbsp;<span class=\"cite-accessibility-label\">Jump up to:</span><sup><em><strong>a</strong></em></sup>&nbsp;<sup><em><strong>b</strong></em></sup>&nbsp;<sup><em><strong>c</strong></em></sup>&nbsp;<sup><em><strong>d</strong></em></sup></span>&nbsp;<span class=\"reference-text\"><cite id=\"CITEREFMcGonagle1997\" class=\"citation cs2\">McGonagle, Mickey (August 1997), \"The Hour of Chaos (Ultra-Sonic: Goodbye Hardcore)\",&nbsp;<em>M8 Magazine</em>, no.&nbsp;101, pp.&nbsp;6&ndash;12</cite></span></li>\n<li id=\"cite_note-scooter-29\"><span class=\"mw-cite-backlink\">^&nbsp;<span class=\"cite-accessibility-label\">Jump up to:</span><sup><em><strong>a</strong></em></sup>&nbsp;<sup><em><strong>b</strong></em></sup>&nbsp;<sup><em><strong>c</strong></em></sup></span>&nbsp;<span class=\"reference-text\"><cite id=\"CITEREFMcMonagle1996\" class=\"citation cs2\">McMonagle, Mickey (March 1996), \"Scooter Are Back in the UK\",&nbsp;<em>M8 Magazine</em>, no.&nbsp;81, pp.&nbsp;28&ndash;31</cite></span></li>\n<li id=\"cite_note-30\"><span class=\"mw-cite-backlink\"><strong>^</strong></span>&nbsp;<span class=\"reference-text\"><cite id=\"CITEREFVan_Gageldonk2000\" class=\"citation book cs1\">Van Gageldonk, Paul (2000). \"Chapter 6: Everybody Happy\".&nbsp;<em>De Gabberstory: Het Verhaal van DJ Paul en DJ Rob</em>&nbsp;(in Dutch). LJ Veen. pp.&nbsp;92&ndash;93.&nbsp;ISBN&nbsp;<bdi>90-204-5681-4</bdi>.</cite></span></li>\n<li id=\"cite_note-31\"><span class=\"mw-cite-backlink\"><strong>^</strong></span>&nbsp;<span class=\"reference-text\"><cite id=\"CITEREFDangerous1996\" class=\"citation cs2\">Dangerous, Johnny (March 1996), \"WestBam: The Symbol of German Youth Culture\",&nbsp;<em>M8 Magazine</em>, no.&nbsp;84, pp.&nbsp;32&ndash;33</cite></span></li>\n<li id=\"cite_note-32\"><span class=\"mw-cite-backlink\"><strong>^</strong></span>&nbsp;<span class=\"reference-text\"><cite id=\"CITEREFVan_Gageldonk2000\" class=\"citation book cs1\">Van Gageldonk, Paul (2000). \"Chapter 6: Everybody Happy\".&nbsp;<em>De Gabberstory: Het Verhaal van DJ Paul en DJ Rob</em>&nbsp;(in Dutch). LJ Veen. pp.&nbsp;95&ndash;96.&nbsp;ISBN&nbsp;<bdi>90-204-5681-4</bdi>.</cite></span></li>\n<li id=\"cite_note-33\"><span class=\"mw-cite-backlink\"><strong>^</strong></span>&nbsp;<span class=\"reference-text\"><cite id=\"CITEREFC1996\" class=\"citation cs2\">C, Chris (March 1996), \"Chris C: The Interview\",&nbsp;<em>To The Core Magazine</em>, no.&nbsp;1, pp.&nbsp;52&ndash;53</cite></span></li>\n<li id=\"cite_note-34\"><span class=\"mw-cite-backlink\"><strong>^</strong></span>&nbsp;<span class=\"reference-text\"><cite id=\"CITEREFBarron1995\" class=\"citation cs2\">Barron, Ade (October 1995), \"DJ Ramos Interview\",&nbsp;<em>The Scene Magazine</em>, no.&nbsp;14, p.&nbsp;61</cite></span></li>\n<li id=\"cite_note-35\"><span class=\"mw-cite-backlink\"><strong>^</strong></span>&nbsp;<span class=\"reference-text\"><cite id=\"CITEREFEG1994\" class=\"citation cs2\">EG, Mark (August 1994), \"Dougal Interview\",&nbsp;<em>Eternity</em>, no.&nbsp;20, p.&nbsp;56</cite></span></li>\n<li id=\"cite_note-36\"><span class=\"mw-cite-backlink\"><strong>^</strong></span>&nbsp;<span class=\"reference-text\"><cite id=\"CITEREFWyburn1995\" class=\"citation cs2\">Wyburn, Claire (March 1995), \"DJ Vibes: Keepin' It Alive in '95\",&nbsp;<em>M8 Magazine</em>, no.&nbsp;72, p.&nbsp;46</cite></span></li>\n<li id=\"cite_note-37\"><span class=\"mw-cite-backlink\"><strong>^</strong></span>&nbsp;<span class=\"reference-text\"><cite id=\"CITEREFBradley1996\" class=\"citation cs2\">Bradley, Nick (February 1996), \"Happy Vibes Records\",&nbsp;<em>Dream Magazine</em>, no.&nbsp;6, pp.&nbsp;50&ndash;51</cite></span></li>\n<li id=\"cite_note-38\"><span class=\"mw-cite-backlink\"><strong>^</strong></span>&nbsp;<span class=\"reference-text\"><cite id=\"CITEREFB1996\" class=\"citation cs2\">B, Jason (July 1996), \"Happy Tunes Records\",&nbsp;<em>Dream Magazine</em>, no.&nbsp;11, pp.&nbsp;50&ndash;51</cite></span></li>\n<li id=\"cite_note-Reynolds_1998_268-39\"><span class=\"mw-cite-backlink\">^&nbsp;<span class=\"cite-accessibility-label\">Jump up to:</span><sup><em><strong>a</strong></em></sup>&nbsp;<sup><em><strong>b</strong></em></sup></span>&nbsp;<span class=\"reference-text\"><cite id=\"CITEREFReynolds1998\" class=\"citation book cs1\">Reynolds, Simon (1998). \"Chapter 11: Marching into Madness\".&nbsp;<em>Energy Flash</em>. Picador. p.&nbsp;268.&nbsp;ISBN&nbsp;<bdi>0-330-35056-0</bdi>.</cite></span></li>\n<li id=\"cite_note-40\"><span class=\"mw-cite-backlink\"><strong>^</strong></span>&nbsp;<span class=\"reference-text\"><cite class=\"citation web cs1\">\"Bound Volume Hansard: Debate\". 1995<span class=\"reference-accessdate\">. Retrieved&nbsp;<span class=\"nowrap\">1 January</span>2012</span>.</cite></span></li>\n<li id=\"cite_note-41\"><span class=\"mw-cite-backlink\"><strong>^</strong></span>&nbsp;<span class=\"reference-text\"><cite id=\"CITEREFMcMonagle1996\" class=\"citation cs2\">McMonagle, Mikey (June 1996), \"Scotland's in the House\",&nbsp;<em>M8 Magazine</em>, no.&nbsp;87, pp.&nbsp;102&ndash;106</cite></span></li>\n<li id=\"cite_note-metro-42\"><span class=\"mw-cite-backlink\"><strong>^</strong></span>&nbsp;<span class=\"reference-text\"><cite id=\"CITEREFStevenson1996\" class=\"citation cs2\">Stevenson, Robert (June 1996), \"The Metropolis in a Timewarp?\",&nbsp;<em>M8 Magazine</em>, no.&nbsp;87, pp.&nbsp;14&ndash;15</cite></span></li>\n<li id=\"cite_note-43\"><span class=\"mw-cite-backlink\"><strong>^</strong></span>&nbsp;<span class=\"reference-text\"><cite id=\"CITEREFJackhammer1996\" class=\"citation cs2\">Jackhammer, DJ (May 1996), \"Lenny Dee: Setting The Records Straight!\",&nbsp;<em>M8 Magazine</em>, no.&nbsp;86, p.&nbsp;102</cite></span></li>\n<li id=\"cite_note-44\"><span class=\"mw-cite-backlink\"><strong>^</strong></span>&nbsp;<span class=\"reference-text\"><cite id=\"CITEREFBrown1997\" class=\"citation cs2\">Brown, Scott (September 1997), \"Browned Off: Hardcore No More?\",&nbsp;<em>M8 Magazine</em>, no.&nbsp;102, p.&nbsp;130</cite></span></li>\n<li id=\"cite_note-45\"><span class=\"mw-cite-backlink\"><strong>^</strong></span>&nbsp;<span class=\"reference-text\"><cite class=\"citation audio-visual cs1\">DJ Gammer (2008).&nbsp;<em>Scott Brown: Livewired</em>&nbsp;(DVD). Evolution Records.</cite></span></li>\n<li id=\"cite_note-46\"><span class=\"mw-cite-backlink\"><strong>^</strong></span>&nbsp;<span class=\"reference-text\"><cite id=\"CITEREFProduction_Competition\" class=\"citation web cs1\">Production Competition, acidbreak.co.uk.&nbsp;\"Competition 8 is GO!\". Archived from&nbsp;the original&nbsp;on 12 April 2004<span class=\"reference-accessdate\">. Retrieved&nbsp;<span class=\"nowrap\">8 March</span>&nbsp;2004</span>.</cite></span></li>\n<li id=\"cite_note-47\"><span class=\"mw-cite-backlink\"><strong>^</strong></span>&nbsp;<span class=\"reference-text\"><cite id=\"CITEREFMajestik\" class=\"citation web cs1\">Majestik, Scott.&nbsp;\"Higher Order 2... The Wait Is Over\". Archived from&nbsp;the original&nbsp;on 14 October 2011<span class=\"reference-accessdate\">. Retrieved&nbsp;<span class=\"nowrap\">8 March</span>&nbsp;2004</span>.</cite></span></li>\n<li id=\"cite_note-48\"><span class=\"mw-cite-backlink\"><strong>^</strong></span>&nbsp;<span class=\"reference-text\"><cite id=\"CITEREFWalker\" class=\"citation web cs1\">Walker, John.&nbsp;\"Kutski: Rezerection Free Range Mix\"<span class=\"reference-accessdate\">. Retrieved&nbsp;<span class=\"nowrap\">1 January</span>&nbsp;2012</span>.</cite></span></li>\n<li id=\"cite_note-49\"><span class=\"mw-cite-backlink\"><strong>^</strong></span>&nbsp;<span class=\"reference-text\"><cite class=\"citation episode cs1\">\"Interview With Ultra-Sonic\".&nbsp;<em>puredancenrg</em>. 21 November 2008. 0:00 minutes in. Ferguslie Park Radio FPR 106.6FM.</cite></span></li>\n<li id=\"cite_note-50\"><span class=\"mw-cite-backlink\"><strong>^</strong></span>&nbsp;<span class=\"reference-text\"><cite id=\"CITEREFBrown1996\" class=\"citation cs2\">Brown, Scott (March 1996), \"Scott Brown Review: Switzerland\",&nbsp;<em>To The Core Magazine</em>, no.&nbsp;1, p.&nbsp;18</cite></span></li>\n<li id=\"cite_note-51\"><span class=\"mw-cite-backlink\"><strong>^</strong></span>&nbsp;<span class=\"reference-text\"><cite class=\"citation web cs1\">\"The Rhythmic State at Hangar 13, Ayr\". 1994<span class=\"reference-accessdate\">. Retrieved&nbsp;<span class=\"nowrap\">1 January</span>&nbsp;2012</span>.</cite></span></li>\n<li id=\"cite_note-52\"><span class=\"mw-cite-backlink\"><strong>^</strong></span>&nbsp;<span class=\"reference-text\"><cite class=\"citation web cs1\">\"Ultimate Buzz at Metro, Saltcoats\". 1995<span class=\"reference-accessdate\">. Retrieved&nbsp;<span class=\"nowrap\">1 January</span>2012</span>.</cite></span></li>\n<li id=\"cite_note-53\"><span class=\"mw-cite-backlink\"><strong>^</strong></span>&nbsp;<span class=\"reference-text\"><cite class=\"citation web cs1\">\"NeuroTek at Rezerection, Edinburgh\". 1997<span class=\"reference-accessdate\">. Retrieved&nbsp;<span class=\"nowrap\">16 April</span>2012</span>.</cite></span></li>\n</ol>\n</div>",
 "remarks": "本词条汉字内容由 @多频百科团队 翻译+编辑\n原文译自 https://en.wikipedia.org/wiki/Bouncy_techno",
 "remarksEn": "本词条内容来自 https://en.wikipedia.org/wiki/Bouncy_techno",
 "status": 1,
 "clickNum": 16,
 "deleted": 0,
 "lang": 0,
 "chooseLang": true,
 "id": 196,
 "name": "Bouncy Techno",
 "descriptions": "Bouncy techno是一种Hardcore的子风格，20世纪90年代初起源于苏格兰和英格兰北部。它是一种易于理解、类似于Gabber的形式，经苏格兰DJ和音乐制作人斯科特·布朗（Scott Brown）之手，以各种别名发布的作品而广为传播。",
 "originalName": "",
 "startTimeText": "1990s",
 "startAddress": "United Kingdom; Netherlands ;Germany",
 "searchStyle": "Hardcore",
 "styleCategory": "Hardcore",
 "originalStyle": "Gabber, acid house, new beat, breakbeat hardcore, 4-beat, Italo house",
 "affectStyle": "",
 "deriveStyle": "UK hardcore, Hard bounce, Hardbass",
 "representArtist": "Scott Brown, Paul Elstak",
 "officialUrl": "https://en.wikipedia.org/wiki/Bouncy_techno",
 "typeId": 13,
 "typeName": "风格",
 "dataId": 196,
 "url": "http://dropinapp.hearinmusic.com/#/ency?typeId=13&dataId=196"
}