{
 "pageNum": 1,
 "pageSize": 10,
 "params": {},
 "relationChannel": "[{\"id\":1107,\"parentId\":8,\"name\":\"Brazilian Bass\"}]",
 "relationEncy": "[{\"id\":36373,\"typeId\":13,\"dataId\":46,\"name\":\"Deep House\",\"url\":\"http://dropinapp.hearinmusic.com/#/ency?typeId=13&dataId=46\"},{\"id\":36375,\"typeId\":13,\"dataId\":48,\"name\":\"Slap House\",\"url\":\"http://dropinapp.hearinmusic.com/#/ency?typeId=13&dataId=48\"},{\"id\":1275,\"typeId\":12,\"dataId\":1274,\"name\":\"Alok\",\"url\":\"http://dropinapp.hearinmusic.com/#/ency?typeId=12&dataId=1274\"},{\"id\":36733,\"typeId\":12,\"dataId\":33132,\"name\":\"Sevenn\",\"url\":\"http://dropinapp.hearinmusic.com/#/ency?typeId=12&dataId=33132\"}]",
 "content": "<p>Brazilian Bass（巴西贝斯）是House音乐的的一种子风格，是从2010年代早期的主流deep house中演变而来，融合了来自Tech House的元素并受到来自Bass House的极简主义影响。该风格歌曲的节奏通常在120~125BPM，显著特色是具有极具辨识度的深沉有力的敲打感的Bassline，通常会使用降调和滤波效果的技术来实现。</p>\n<p>&nbsp;</p>\n<p>Brazilian Bass是在2010年左右的巴西首都巴西利亚开创。但直到2016年，基于DJ Alok，Bruno Martini和Sevenn等人的推广，才在国内和国际上产生了反响。</p>",
 "contentEn": "<p>Brazilian bass is a subgenre of house music that originated as a derivation of mainstream&nbsp;deep house&nbsp;of early 2010s, fused with&nbsp;tech house&nbsp;elements and some minimalistic influences from bass house. The tempo typically range from 120 to 125 bpm. The genre is characterized by distinguishable deep punchy basslines, often making use of low-pitched and filtering effects. The genre was created in&nbsp;Bras&iacute;lia&nbsp;around the mid-2010s, but its national and international repercussion only happened in 2016 with DJs&nbsp;Alok, Bruno Martini and Sevenn.</p>",
 "remarks": "本词条汉字内容由 @多频百科团队 翻译+编辑\n原文译自 https://en.wikipedia.org/wiki/Styles_of_house_music",
 "remarksEn": "本词条内容来自 https://en.wikipedia.org/wiki/Styles_of_house_music",
 "status": 1,
 "clickNum": 26,
 "deleted": 0,
 "lang": 0,
 "chooseLang": true,
 "id": 47,
 "name": "Brazilian Bass",
 "descriptions": "Brazilian Bass（巴西贝斯）是House音乐的的一种子风格，是从2010年代早期的主流deep house中演变而来，融合了来自Tech House的元素并受到来自Bass House的极简主义影响。",
 "originalName": "巴西贝斯",
 "startTimeText": "2010s",
 "startAddress": "Brasília, Brazil",
 "searchStyle": "House, Bass Music",
 "styleCategory": "Deep House",
 "originalStyle": "house, deep house",
 "affectStyle": "",
 "deriveStyle": "Slap house",
 "representArtist": "Alok, Bruno Martini and Sevenn",
 "officialUrl": "https://en.wikipedia.org/wiki/Styles_of_house_music",
 "typeId": 13,
 "typeName": "风格",
 "dataId": 47,
 "url": "http://dropinapp.hearinmusic.com/#/ency?typeId=13&dataId=47"
}