{
 "pageNum": 1,
 "pageSize": 10,
 "params": {},
 "relationChannel": "[{\"id\":1147,\"parentId\":8,\"name\":\"Breakbeat Hardcore\"}]",
 "content": "<div class=\"document\">\n<div>\n<div class=\"document\">\n<p class=\"paragraph text-align-type-left pap-line-1.8 pap-line-rule-auto pap-spacing-before-2pt pap-spacing-after-2pt\">Breakbeat Hardcore（也称Hardcore Rave或Oldskool Hardcore）是20世纪90年代初从英国Rave（锐舞）场景中产生的一种音乐类型，也是最早期Hardcore的雏形之一。它结合了Four on the Floor的节奏和通常从嘻哈中取样的Breakbeat。除了加入breakbeats之外，该流派还具有shuffled鼓机模式、hoover音色和其他源自New Beat的噪音、Acid House的Squelches和哔哔声，以及来自House的通常为欢快向上的钢琴片段和人声。</p>\n<p class=\"paragraph text-align-type-left pap-line-1.8 pap-line-rule-auto pap-spacing-before-2pt pap-spacing-after-2pt\">&nbsp;</p>\n<p class=\"paragraph text-align-type-left pap-line-1.8 pap-line-rule-auto pap-spacing-before-2pt pap-spacing-after-2pt\"><strong>历史</strong></p>\n<p class=\"paragraph text-align-type-left pap-line-1.8 pap-line-rule-auto pap-spacing-before-2pt pap-spacing-after-2pt\"><span style=\"text-decoration: underline;\">20世纪90年代初：起源&nbsp;&nbsp;</span></p>\n<p class=\"paragraph text-align-type-left pap-line-1.8 pap-line-rule-auto pap-spacing-before-2pt pap-spacing-after-2pt\">Rave场景在20世纪90年代早期迅速扩大，在英国各地的俱乐部，包括Labrynth、Shelley's Laserdome、The Eclipse和Sanctuary Music Arena，以及在仓库和露天的大型狂欢活动，吸引了20-50,000人，无论是由Fantazia和Raindance等发起人合法举办，还是由Spiral Tribe等未经许可的免费派对音响系统组织。Breakbeat&nbsp;hardcore从大量的风格中汲取其声音的熔炉--从比利时的new&nbsp;beat声音，在英国的狂欢场景中曾有过短暂的突出表现，到house&nbsp;和acid&nbsp;house，并进一步汲取了嘻哈和reggae&nbsp;文化的内容。</p>\n<p class=\"paragraph text-align-type-left pap-line-1.8 pap-line-rule-auto pap-spacing-before-2pt pap-spacing-after-2pt\">&nbsp;</p>\n<p class=\"paragraph text-align-type-left pap-line-1.8 pap-line-rule-auto pap-spacing-before-2pt pap-spacing-after-2pt\" style=\"text-align: center;\"><img src=\"https://duopin-community.oss-cn-shenzhen.aliyuncs.com/cec46kejomo89nrkp6b5.jpg\" alt=\"\" width=\"800\" height=\"600\" /></p>\n<p class=\"paragraph text-align-type-left pap-line-1.8 pap-line-rule-auto pap-spacing-before-2pt pap-spacing-after-2pt\" style=\"text-align: center;\"><span style=\"font-size: 8pt;\">Fantazia Summertime活动现场（1992年5月）</span></p>\n<p class=\"paragraph text-align-type-left pap-line-1.8 pap-line-rule-auto pap-spacing-before-2pt pap-spacing-after-2pt\" style=\"text-align: center;\"><span style=\"font-size: 8pt;\">By Altjunglist - Fantazia, Bournemouth, CC BY-SA 4.0, https://commons.wikimedia.org/w/index.php?curid=94596919</span></p>\n<p class=\"paragraph text-align-type-left pap-line-1.8 pap-line-rule-auto pap-spacing-before-2pt pap-spacing-after-2pt\">&nbsp;</p>\n<p class=\"paragraph text-align-type-left pap-line-1.8 pap-line-rule-auto pap-spacing-before-2pt pap-spacing-after-2pt\"><span style=\"text-decoration: underline;\">20世纪90年代中期：分化</span></p>\n<p class=\"paragraph text-align-type-left pap-line-1.8 pap-line-rule-auto pap-spacing-before-2pt pap-spacing-after-2pt\">到1992年末，&nbsp;breakbeat&nbsp;hardcore开始分化成一些后续流派：darkcore（钢琴声被黑暗主题的samples&nbsp;和stabs替代），hardcore&nbsp;jungle（reggae&nbsp;basslines和采样变得突出），以及happy&nbsp;hardcore（保留钢琴声和更多振奋的人声）。</p>\n<p class=\"paragraph text-align-type-left pap-line-1.8 pap-line-rule-auto pap-spacing-before-2pt pap-spacing-after-2pt\">&nbsp;</p>\n<p class=\"paragraph text-align-type-left pap-line-1.8 pap-line-rule-auto pap-spacing-before-2pt pap-spacing-after-2pt\"><span style=\"text-decoration: underline;\">2000年代：复兴&nbsp;</span></p>\n<p class=\"paragraph text-align-type-left pap-line-1.8 pap-line-rule-auto pap-spacing-before-2pt pap-spacing-after-2pt\">在2000年代，这种风格经历了一次复兴，成为新摇滚场景的一部分。</p>\n<p class=\"paragraph text-align-type-left pap-line-1.8 pap-line-rule-auto pap-spacing-before-2pt pap-spacing-after-2pt\">&nbsp;</p>\n<p class=\"paragraph text-align-type-left pap-line-1.8 pap-line-rule-auto pap-spacing-before-2pt pap-spacing-after-2pt\">Hardcore breaks是一种breakbeat&nbsp;hardcore的类型，出现在2000年代早期到中期，是不断增长的Nu-rave场景的一部分。&nbsp;这种风格的灵感来自于old&nbsp;school&nbsp;breakbeat的声音和特点，同时又融合了现代的制作技术，使这种风格有别于经典的hardcore&nbsp;breakbeat声音。这种音乐是由循环、编辑和处理过的breakbeat采样、强烈的Bassline声音、旋律性的钢琴、断音的合成器和各种人声采样（大多来自old house的唱片）组成。&nbsp;这种风格的速度通常落在145-155 bpm的范围内，而现场的速度可能会有变化。&nbsp;最初是由一小群艺术家制作的，他们的愿景是在jungle和happy&nbsp;hardcore分裂之前，用新的制作技术和科技来继承oldskool Hardcore留下的东西，现在它的吸引力已经扩大到包括来自原始breakbeat&nbsp;hardcore场景的艺术家，创造新的作品。</p>\n<p class=\"paragraph text-align-type-left pap-line-1.8 pap-line-rule-auto pap-spacing-before-2pt pap-spacing-after-2pt\">&nbsp;</p>\n<p class=\"paragraph text-align-type-left pap-line-1.8 pap-line-rule-auto pap-spacing-before-2pt pap-spacing-after-2pt\">到2000年代后期，hardcore breaks往往以稍快的节奏制作和演奏，通常在160-180 bpm之间。&nbsp;因此，它经常在UK&nbsp;hardcore,&nbsp;freeform&nbsp;hardcore&nbsp;和drum&nbsp;and&nbsp;bass活动中播放。</p>\n<p class=\"paragraph text-align-type-left pap-line-1.8 pap-line-rule-auto pap-spacing-before-2pt pap-spacing-after-2pt\">&nbsp;</p>\n<p><span style=\"font-size: 12pt;\"><strong>著名作品</strong></span></p>\n<p>\"A Trip to Trumpton\" - Urban Hype (Faze 2, 1992)<br />\"Baptised By Dub\" - The Criminal Minds (White House, 1992)<br />\"Charly\" / \"Everybody in the Place\" - The Prodigy (XL Recordings, 1992)<br />\"Close Your Eyes\" / \"Trip II the Moon\" - Acen (Production House Records, 1992)<br />\"Cookin Up Yah Brain\" - 4hero (Reinforced Records, 1992)<br />\"DJ's Take Control\" / \"On a Ragga Tip\" - SL2 (XL Recordings, 1992)<br />\"Far Out\" - Sonz of a Loop Da Loop Era (Suburban Base, 1991)<br />\"Frequency\" - Altern-8 (Network Records, 1991)<br />\"Help Me\" - Sly T &amp; Ollie J (Blackmarket, 1992)<br />\"Homicide\" / \"Exorcist\" / \"Frequency\" - Shades of Rhythm (ZTT Records, 1991)<br />\"Hurt You So\" - Jonny L (Yoyo, 1992)<br />\"I Feel Love\" - Messiah (Kickin Records, 1992)<br />\"Let Me Be Your Fantasy\" - Baby D (Production House, 1992)<br />\"NHS (Disco Remix)\" - Doc Scott (Absolute 2, 1992)<br />\"Sesame's Treet\" - Smart E's (Suburban Base/Atlantic, 1992)<br />\"Set You Free\" - N-Trance (All Around the World, 1992)<br />\"Some Justice\" - Urban Shakedown (Urban Shakedown, 1992)<br />\"Spliffhead\" / \"Hooligan 69\" - Ragga Twins (SUAD Records, 1991)<br />\"Summers Magic\" - Mark Summers (4th &amp; Broadway, 1990)<br />\"Sweet Harmony\" - Liquid (XL Recordings, 1992)<br />\"The Bouncer\" - Kicks Like a Mule (Tribal Base, 1992)<br />\"The Green Man\" / \"Raving I'm Raving\" - Shut Up and Dance (SUAD Records, 1992)<br />\"The Wickedest Sound\" - Rebel MC (Desire, 1991)<br />\"Trip II the Moon\"/\"Trip II the Moon (Part 2)\" - Acen (Production House, 1992)<br />\"Waremouse\" / \"Bombscare\" - 2 Bad Mice (Moving Shadow, 1992)</p>\n</div>\n</div>\n</div>",
 "contentEn": "<p><strong>Breakbeat hardcore</strong>&nbsp;(also referred to as&nbsp;<strong>hardcore rave</strong>&nbsp;or&nbsp;<strong>oldskool hardcore</strong>) is a&nbsp;music genre&nbsp;of the very early&nbsp;1990s&nbsp;that spawned from the&nbsp;UK&nbsp;rave&nbsp;scene. It combines&nbsp;four-on-the-floor&nbsp;rhythms with&nbsp;breakbeats&nbsp;usually&nbsp;sampled&nbsp;from&nbsp;hip hop. In addition to the inclusion of breakbeats, the genre also features shuffled&nbsp;drum machine&nbsp;patterns,&nbsp;hoover&nbsp;and other noises originating from&nbsp;new beat,&nbsp;acid house&nbsp;squelches and&nbsp;bleeps, and often upbeat&nbsp;house&nbsp;piano riffs and vocals.<sup id=\"cite_ref-1\" class=\"reference\">[1]</sup></p>\n<h2>&nbsp;</h2>\n<h2><span id=\"History\" class=\"mw-headline\">History</span></h2>\n<h3><span id=\"Early_1990s:_origins\" class=\"mw-headline\">Early 1990s: origins</span></h3>\n<p>The&nbsp;rave&nbsp;scene expanded rapidly in the very early&nbsp;1990s, both at&nbsp;clubs&nbsp;up and down the country including&nbsp;Labrynth,&nbsp;Shelley's Laserdome,&nbsp;The Eclipse, and&nbsp;Sanctuary Music Arena, and large raves in&nbsp;warehouses&nbsp;and in the open air attracting 20&ndash;50,000 whether put on legally from promoters such as&nbsp;Fantazia&nbsp;and&nbsp;Raindance, or unlicensed by&nbsp;free party&nbsp;sound systems&nbsp;such as&nbsp;Spiral Tribe. Breakbeat hardcore drew its melting pot of sound from a vast array of influences - from the&nbsp;Belgian&nbsp;new beat&nbsp;sound that had for a short period been prominent in the UK&nbsp;rave&nbsp;scene, to&nbsp;house&nbsp;and&nbsp;acid house, and furthermore drawing on&nbsp;hip hop&nbsp;and&nbsp;reggae&nbsp;culture.<sup id=\"cite_ref-2\" class=\"reference\">[2]</sup><sup id=\"cite_ref-3\" class=\"reference\">[3]</sup></p>\n<h3>&nbsp;</h3>\n<h3><span id=\"Mid-1990s:_fragmentation\" class=\"mw-headline\">Mid-1990s: fragmentation</span></h3>\n<p>By late 1992, breakbeat hardcore started to fragment into a number of subsequent&nbsp;genres:&nbsp;darkcore&nbsp;(piano rolls giving way to dark-themed samples and stabs),&nbsp;hardcore jungle&nbsp;(where reggae basslines and samples became prominent), and&nbsp;happy hardcore&nbsp;(retaining piano rolls and more uplifting vocals).<sup id=\"cite_ref-4\" class=\"reference\">[4]</sup></p>\n<h3>&nbsp;</h3>\n<h3><span id=\"2000s:_revival\" class=\"mw-headline\">2000s: revival</span></h3>\n<p>In the 2000s, the style experienced a revival as part of the nu-rave scene.</p>\n<p>&nbsp;</p>\n<p><strong>Hardcore breaks</strong>&nbsp;is a style of breakbeat hardcore that appeared in early-to-mid 2000s as part of growing&nbsp;nu-rave&nbsp;scene. The style is inspired by the sound and characteristics of old school breakbeat, while being fused with modern production techniques that distinguish the genre from the classic hardcore breakbeat sound.<sup id=\"cite_ref-5\" class=\"reference\">[5]</sup>&nbsp;The music is composed of from looped, edited and processed breakbeat samples, intense bassline sounds, melodic piano lines, staccato synthesizer riffs, and various vocal samples (mostly taken from old house records). The speed of this genre typically fell between the range of 145-155 bpm, while the speed may variate on live sets. Originally being produced by a small group of artists with the vision of carrying on where oldskool hardcore left off before the&nbsp;jungle&nbsp;and&nbsp;happy hardcore&nbsp;split using new production techniques and technology, its appeal has now expanded to include artists from the original breakbeat hardcore scene creating new productions.<sup id=\"cite_ref-6\" class=\"reference\">[6]</sup>&nbsp;By the late 2000s, hardcore breaks tend to be produced and played at a bit faster tempos, often between 160-180 bpm. Therefore, it is often played at&nbsp;UK hardcore, freeform hardcore and&nbsp;drum and bass&nbsp;events.</p>\n<h2>&nbsp;</h2>\n<h2><span id=\"Notable_releases\" class=\"mw-headline\">Notable releases</span></h2>\n<p>Notable releases include:<sup id=\"cite_ref-7\" class=\"reference\">[7]</sup><sup id=\"cite_ref-8\" class=\"reference\">[8]</sup><sup id=\"cite_ref-9\" class=\"reference\">[9]</sup><sup id=\"cite_ref-10\" class=\"reference\">[10]</sup><sup id=\"cite_ref-11\" class=\"reference\">[11]</sup></p>\n<ul>\n<li>\"A Trip to Trumpton\" -&nbsp;Urban Hype&nbsp;(Faze 2, 1992)</li>\n<li>\"Baptised by Dub\" -&nbsp;The Criminal Minds&nbsp;(White House, 1992)</li>\n<li>\"Charly\" / \"Everybody in the Place\" -&nbsp;The Prodigy&nbsp;(XL Recordings, 1992)</li>\n<li>\"Close Your Eyes\" / \"Trip II the Moon\" -&nbsp;Acen&nbsp;(Production House Records, 1992)</li>\n<li>\"Cookin Up Yah Brain\" -&nbsp;4hero&nbsp;(Reinforced Records, 1992)</li>\n<li>\"DJ's Take Control\" / \"On a Ragga Tip\" -&nbsp;SL2&nbsp;(XL Recordings, 1992)</li>\n<li>\"Far Out\" -&nbsp;Sonz of a Loop Da Loop Era&nbsp;(Suburban Base, 1991)</li>\n<li>\"Frequency\" -&nbsp;Altern-8&nbsp;(Network Records, 1991)</li>\n<li>\"Help Me\" -&nbsp;Sly T &amp; Ollie J&nbsp;(Blackmarket, 1992)</li>\n<li>\"Homicide\" / \"Exorcist\" / \"Frequency\" -&nbsp;Shades of Rhythm&nbsp;(ZTT Records, 1991)</li>\n<li>\"Hurt You So\" -&nbsp;Jonny L&nbsp;(Yoyo, 1992)</li>\n<li>\"I Feel Love\" -&nbsp;Messiah&nbsp;(Kickin Records, 1992)</li>\n<li>\"Let Me Be Your Fantasy\" -&nbsp;Baby D&nbsp;(Production House, 1992)</li>\n<li>\"NHS (Disco Remix)\" -&nbsp;Doc Scott&nbsp;(Absolute 2, 1992)</li>\n<li>\"Sesame's Treet\" -&nbsp;Smart E's&nbsp;(Suburban Base/Atlantic, 1992)</li>\n<li>\"Set You Free\" -&nbsp;N-Trance&nbsp;(All Around the World, 1992)</li>\n<li>\"Some Justice\" -&nbsp;Urban Shakedown&nbsp;(Urban Shakedown, 1992)</li>\n<li>\"Spliffhead\" / \"Hooligan 69\" -&nbsp;Ragga Twins&nbsp;(SUAD Records, 1991)</li>\n<li>\"Summers Magic\" -&nbsp;Mark Summers&nbsp;(4th &amp; Broadway, 1990)</li>\n<li>\"Sweet Harmony\" -&nbsp;Liquid&nbsp;(XL Recordings, 1992)</li>\n<li>\"The Bouncer\" -&nbsp;Kicks Like a Mule&nbsp;(Tribal Base, 1992)</li>\n<li>\"The Green Man\" / \"Raving I'm Raving\" -&nbsp;Shut Up and Dance&nbsp;(SUAD Records, 1992)</li>\n<li>\"The Wickedest Sound\" -&nbsp;Rebel MC&nbsp;(Desire, 1991)</li>\n<li>\"Trip II the Moon\"/\"Trip II the Moon (Part 2)\" -&nbsp;Acen&nbsp;(Production House, 1992)</li>\n<li>\"Waremouse\" / \"Bombscare\" -&nbsp;2 Bad Mice&nbsp;(Moving Shadow, 1992)</li>\n</ul>\n<h2>&nbsp;</h2>\n<h2><span id=\"References\" class=\"mw-headline\">References</span></h2>\n<div class=\"reflist\">\n<div class=\"mw-references-wrap mw-references-columns\">\n<ol class=\"references\">\n<li id=\"cite_note-1\"><span class=\"mw-cite-backlink\"><strong>^</strong></span>&nbsp;<span class=\"reference-text\"><cite id=\"CITEREFReynolds1998\" class=\"citation book cs1\">Reynolds, Simon (1998).&nbsp;<em>Energy Flash: A Journey Through Rave Music and Dance Culture</em>. Picador.&nbsp;<q>1990 also saw the genesis of a distinctively British rave sound, 'hard core', which decisively broke with the mould of Detroit and Chicago, and ended the dependency on American imports. By 1991 this underground sound - actually a confederacy of hybrid genres and regional styles - was assaulting the mainstream pop charts.</q></cite></span></li>\n<li id=\"cite_note-2\"><span class=\"mw-cite-backlink\"><strong>^</strong></span>&nbsp;<span class=\"reference-text\"><cite id=\"CITEREFReynolds1998\" class=\"citation book cs1\">Reynolds, Simon (1998).&nbsp;<em>Energy Flash: A Journey Through Rave Music and Dance Culture</em>. Picador.&nbsp;<q>Influenced by reggae and hip hop, hardcore producers intensified the sub-bass frequencies, used looped breakbeats to funk up house's four-to-the-floor machine-beat, and embraced sampling with deranged glee. Following the lead of the bombastic Belgians and Germans, UK producers deployed riff-like 'stabs' and bursts of glaring noise.</q></cite></span></li>\n<li id=\"cite_note-3\"><span class=\"mw-cite-backlink\"><strong>^</strong></span>&nbsp;<span class=\"reference-text\"><cite id=\"CITEREFReynolds1998\" class=\"citation book cs1\">Reynolds, Simon (1998).&nbsp;<em>Energy Flash: A Journey Through Rave Music and Dance Culture</em>. Picador.&nbsp;<q>Between 1990 and 1993, hardcore in Britain referred by turns to the Northern bleep-and-bass sound of Warp and Unique 3, to the hip-house and ragga-techno sounds of the Shut Up And Dance label, to the anthemic pop-rave of acts like N-Joi and Shades of Rhythm, to Belgian and German brutalist techno, and, finally to the breakbeat-driven furore of hardcore jungle.</q></cite></span></li>\n<li id=\"cite_note-4\"><span class=\"mw-cite-backlink\"><strong>^</strong></span>&nbsp;<span class=\"reference-text\"><cite id=\"CITEREFReynolds1998\" class=\"citation book cs1\">Reynolds, Simon (1998).&nbsp;<em>Energy Flash: A Journey Through Rave Music and Dance Culture</em>. Picador.&nbsp;<q>Back in 1993, when hardcore plunged into the 'darkside', a breakaway faction of DJ-producers like Seduction, Vibes and Slipmatt continued to make celebratory, upful tunes based around hectic breakbeats. By the end of 1994, happy hardcore had coalesced into a scene that operated in parallel with its estranged cousin, jungle.</q></cite></span></li>\n<li id=\"cite_note-5\"><span class=\"mw-cite-backlink\"><strong>^</strong></span>&nbsp;<span class=\"reference-text\"><cite class=\"citation web cs1\">\"Lone Resists the Rave Revivalist Title on \"Levitate<span class=\"cs1-kern-right\">\"</span>\".&nbsp;<em>Bandcamp Daily</em>. 2016-07-20<span class=\"reference-accessdate\">. Retrieved&nbsp;<span class=\"nowrap\">2021-03-23</span></span>.</cite></span></li>\n<li id=\"cite_note-6\"><span class=\"mw-cite-backlink\"><strong>^</strong></span>&nbsp;<span class=\"reference-text\"><cite class=\"citation web cs1\">\"Calling The Hardcore release first compilation\".&nbsp;<em>BN1 Magazine</em>. 2018-10-24<span class=\"reference-accessdate\">. Retrieved&nbsp;<span class=\"nowrap\">2021-03-23</span></span>.</cite></span></li>\n<li id=\"cite_note-7\"><span class=\"mw-cite-backlink\"><strong>^</strong></span>&nbsp;<span class=\"reference-text\"><cite class=\"citation web cs1\">\"20 best: Hardcore records ever made\".&nbsp;<em>FACTmag</em>. 3 June 2012.</cite></span></li>\n<li id=\"cite_note-8\"><span class=\"mw-cite-backlink\"><strong>^</strong></span>&nbsp;<span class=\"reference-text\"><cite class=\"citation web cs1\">\"The 10 best rave tracks, according to 2 Bad Mice\".&nbsp;<em>Dummy Mag</em>. 2 June 2016.</cite></span></li>\n<li id=\"cite_note-9\"><span class=\"mw-cite-backlink\"><strong>^</strong></span>&nbsp;<span class=\"reference-text\"><cite class=\"citation web cs1\">\"The 50 greatest rave anthems of all time\".&nbsp;<em>Four Four</em>.</cite></span></li>\n<li id=\"cite_note-10\"><span class=\"mw-cite-backlink\"><strong>^</strong></span>&nbsp;<span class=\"reference-text\"><cite class=\"citation web cs1\">\"10 great lost rave anthems\".&nbsp;<em>RBMA</em>. 23 May 2019.</cite></span></li>\n<li id=\"cite_note-11\"><span class=\"mw-cite-backlink\"><strong>^</strong></span>&nbsp;<span class=\"reference-text\"><cite class=\"citation web cs1\">\"10 ultimate rave anthems chosen by acid house heroes Altern-8\".&nbsp;<em>DJMag</em>. 24 August 2018.</cite></span></li>\n</ol>\n</div>\n</div>",
 "remarks": "本词条汉字内容由 @多频百科团队 翻译+编辑\n原文译自  https://en.wikipedia.org/wiki/Breakbeat_hardcore",
 "remarksEn": "本词条内容来自  https://en.wikipedia.org/wiki/Breakbeat_hardcore",
 "status": 1,
 "clickNum": 18,
 "deleted": 0,
 "lang": 0,
 "chooseLang": true,
 "id": 97,
 "name": "Breakbeat Hardcore",
 "descriptions": "Breakbeat Hardcore（也称Hardcore Rave或Oldskool Hardcore）是20世纪90年代初从英国Rave（锐舞）场景中产生的一种音乐类型，也是最早期Hardcore的雏形之一。它结合了Four on the Floor的节奏和通常从嘻哈中取样的Breakbeat。除了加入breakbeats之外，该流派还具有shuffled鼓机模式、hoover音色和其他源自New Beat的噪音、Acid House的Squelches和哔哔声，以及来自House的通常为欢快向上的钢琴片段和人声。",
 "originalName": "Hardcore Rave, Oldskool Hardcore",
 "startTimeText": "Late 1980s - early 1990s",
 "startAddress": "United Kingdom",
 "searchStyle": "Breakbeat, Hardcore",
 "styleCategory": "Breakbeat",
 "originalStyle": "Breakbeat, house, new beat, acid house, hip hop, hip house",
 "affectStyle": "",
 "deriveStyle": "Darkcore, jungle, drum and bass, 4-beat, happy hardcore, big beat",
 "representArtist": "Urban Hype, The Criminal Minds, The Prodigy, Acen, 4hero, SL2 ",
 "officialUrl": "https://en.wikipedia.org/wiki/Breakbeat_hardcore",
 "typeId": 13,
 "typeName": "风格",
 "dataId": 97,
 "url": "http://dropinapp.hearinmusic.com/#/ency?typeId=13&dataId=97"
}