{
 "pageNum": 1,
 "pageSize": 10,
 "params": {},
 "relationChannel": "[{\"id\":535,\"parentId\":8,\"name\":\"Breakbeat\"}]",
 "relationEncy": "[{\"id\":36335,\"typeId\":13,\"dataId\":8,\"name\":\"Drum and Bass\",\"url\":\"http://dropinapp.hearinmusic.com/#/ency?typeId=13&dataId=8\"},{\"id\":36337,\"typeId\":13,\"dataId\":10,\"name\":\"UK Garage\",\"url\":\"http://dropinapp.hearinmusic.com/#/ency?typeId=13&dataId=10\"},{\"id\":36432,\"typeId\":13,\"dataId\":105,\"name\":\"Jungle\",\"url\":\"http://dropinapp.hearinmusic.com/#/ency?typeId=13&dataId=105\"}]",
 "content": "<div class=\"document\">\n<p class=\"paragraph text-align-type-left pap-line-1.8 pap-line-rule-auto pap-spacing-before-0pt pap-spacing-after-0pt\">Breakbeat（碎拍舞曲）是一种广义的电子音乐类型，它倾向于使用从早期的放克，爵士和R＆B的作品中采样的鼓点间奏为基底。Breakbeat被用于hip hop、jungle、drum and bass、big beat、breakbeat hardcore，以及UK garage（包括2-step, breakstep and dubstep）等风格。</p>\n<p class=\"paragraph text-align-type-left pap-line-1.8 pap-line-rule-auto pap-spacing-before-0pt pap-spacing-after-0pt\">&nbsp;</p>\n<p class=\"paragraph text-align-type-left pap-line-1.8 pap-line-rule-auto pap-spacing-before-0pt pap-spacing-after-0pt\"><strong>词源</strong></p>\n<p class=\"paragraph text-align-type-center pap-line-1.8 pap-line-rule-auto pap-spacing-before-0pt pap-spacing-after-0pt\">&ldquo;Breakbeat&rdquo;一词的由来是指采样出现在音乐的&ldquo;Break&rdquo;（间奏）期间的鼓组循环，例如Amen break（The Winstons的曲目&ldquo;Amen，Brother&rdquo;中的鼓独奏），以及Think Break（来自Lyn Collins的 \"Think（About It）\"）。</p>\n<p class=\"paragraph text-align-type-center pap-line-1.8 pap-line-rule-auto pap-spacing-before-0pt pap-spacing-after-0pt\">&nbsp;</p>\n<p class=\"paragraph text-align-type-left pap-line-1.8 pap-line-rule-auto pap-spacing-before-0pt pap-spacing-after-0pt\"><strong>历史</strong></p>\n<p class=\"paragraph text-align-type-center pap-line-1.8 pap-line-rule-auto pap-spacing-before-0pt pap-spacing-after-0pt\"><span style=\"text-decoration: underline;\">1970s-1980s：经典Breaks和嘻哈制作</span></p>\n<p class=\"paragraph text-align-type-center pap-line-1.8 pap-line-rule-auto pap-spacing-before-0pt pap-spacing-after-0pt\">从1973年开始，一直到70年代末80年代初，DJ Kool Herc等Hip Hop DJ开始连续多次使用各类Funk Break，如使用James Brown的 \"Funky Drummer \"和The Winstons的 \"Amen Brother \"等歌曲中的不规则鼓型来构成Hip Hop歌曲的节奏基础。DJ Kool Herc的Breakbeat风格是在两台转盘上播放同一张唱片，并交替重复播放其中的Break部分。Grandmaster Flash 用他所谓的 \"quick-mix theory（快速混合理论）\"完善了这一想法：他用蜡笔在唱片上标记出Break的开始和结束点，这样他就可以通过旋转唱片而不接触音臂来轻松地重放Break。这种风格被早期的嘻哈DJ Afrika Bambaataa和Grand Wizard Theodore所复制和改进。这种风格在俱乐部和舞厅中极为流行，因为延长的breakbeat为breakers（霹雳舞者）提供了更多的机会来展示他们的技巧。</p>\n<p class=\"paragraph text-align-type-center pap-line-1.8 pap-line-rule-auto pap-spacing-before-0pt pap-spacing-after-0pt\">&nbsp;</p>\n<p class=\"paragraph text-align-type-center pap-line-1.8 pap-line-rule-auto pap-spacing-before-0pt pap-spacing-after-0pt\">在20世纪70年代，Hip-Hop场景与Break紧密关联。然后，在20世纪80年代，技术的发展开始让DJ和制作人更容易和实惠地获得Break采样，这有助于推动Hip-Hop的商业化发展。到了20世纪80年代，通过暂停磁带然后录制Breaks等粗糙的技术，任何拥有录音机的人都可以开始探索breakbeat。</p>\n<p class=\"paragraph text-align-type-left pap-line-1.8 pap-line-rule-auto pap-spacing-before-0pt pap-spacing-after-0pt\">&nbsp;</p>\n<p class=\"paragraph text-align-type-left pap-line-1.8 pap-line-rule-auto pap-spacing-before-0pt pap-spacing-after-0pt\"><span style=\"text-decoration: underline;\">1990s：进化为电子舞曲的风格</span></p>\n<p class=\"paragraph text-align-type-left pap-line-1.8 pap-line-rule-auto pap-spacing-before-0pt pap-spacing-after-0pt\">在20世纪80年代末期，Breakbeat作为Break音乐众多风格中的重要特质，随着全球舞蹈音乐场景的流行而快速发展，这其中包括了Acid breaks、electro-funk、Miami bass、以及一个世纪后的Big beat和Nu skool breaks.</p>\n<p class=\"paragraph text-align-type-left pap-line-1.8 pap-line-rule-auto pap-spacing-before-0pt pap-spacing-after-0pt\">&nbsp;</p>\n<p class=\"paragraph text-align-type-left pap-line-1.8 pap-line-rule-auto pap-spacing-before-0pt pap-spacing-after-0pt\">20世纪90年代初，acid house的艺术家和制作人开始在他们的音乐中使用breakbeat采样，创造breakbeat hardcore。Hardcore场景随后分化为Jungle和Drum and Bass等子流派，这些子流派通常具有较暗黑的声音，并更注重复杂的采样鼓组模式。Goldie的专辑《Timeless》就是一个例子。Ravescene的Josh Lawford曾预言Breakbeat是 \"Rave的丧钟\"，因为breakbeat不断变化的鼓点模式不允许像标准、稳定的4/4拍子的House音乐那样出现恍惚神游的体验。</p>\n<p class=\"paragraph text-align-type-left pap-line-1.8 pap-line-rule-auto pap-spacing-before-0pt pap-spacing-after-0pt\">&nbsp;</p>\n<p class=\"paragraph text-align-type-left pap-line-1.8 pap-line-rule-auto pap-spacing-before-0pt pap-spacing-after-0pt\">子风格 Florida Breaks 在 1990 年代初到中期出现，结合了这些流派中的许多元素而成，其独特的声音很快在国际制作人、DJ 和俱乐部观众中流行。</p>\n<p class=\"paragraph text-align-type-left pap-line-1.8 pap-line-rule-auto pap-spacing-before-0pt pap-spacing-after-0pt\">&nbsp;</p>\n<p class=\"paragraph text-align-type-left pap-line-1.8 pap-line-rule-auto pap-spacing-before-0pt pap-spacing-after-0pt\">1994年，颇具影响力的技术舞曲乐队Autechre发布了Anti EP，以回应1994年的《刑事司法和公共秩序法》，他们故意使用先进的算法编程，在整个曲目中产生非重复的breakbeat，以颠覆该法中的法律定义，该法在规定警察有权将狂欢者从Rave中赶走的章节中规定，\"'音乐'包括完全或主要以发出连续重复的节拍为特征的声音\"。</p>\n<p class=\"paragraph text-align-type-left pap-line-1.8 pap-line-rule-auto pap-spacing-before-0pt pap-spacing-after-0pt\">&nbsp;</p>\n<p class=\"paragraph text-align-type-left pap-line-1.8 pap-line-rule-auto pap-spacing-before-0pt pap-spacing-after-0pt\">在 1990 年代后期，出现了另一种 breakbeat 风格&mdash;&mdash;funky break，一种融合了Trance、Hip hop和Jungle元素的风格。 它是由 Chemical Brothers 和 James Lavelle 的 Mo'Wax Records 唱片公司开创的。 该流派在 1997 年达到商业顶峰，当时此类音乐在流行榜上名列前茅，并经常出现在广告中。该流派最著名的艺术家包括 The Prodigy、Death in Vegas、The Crystal Method、Propellerheads。</p>\n<p class=\"paragraph text-align-type-left pap-line-1.8 pap-line-rule-auto pap-spacing-before-0pt pap-spacing-after-0pt\">&nbsp;</p>\n<p class=\"paragraph text-align-type-left pap-line-1.8 pap-line-rule-auto pap-spacing-before-0pt pap-spacing-after-0pt\"><strong>特征</strong></p>\n<p class=\"paragraph text-align-type-left pap-line-1.8 pap-line-rule-auto pap-spacing-before-0pt pap-spacing-after-0pt\">来自各种流派的DJ都会在他们的节Set中加入breaks曲目。这可能是因为breaks曲目的节奏（每分钟110至150拍不等）意味着它们可以很容易地与这些流派混合。Breakbeats被用于许多嘻哈、丛林/鼓打贝斯和硬核歌曲中，也可以在其他音乐中听到，从流行音乐到广播或电视上汽车和服装广告的背景音乐。</p>\n<p class=\"paragraph text-align-type-left pap-line-1.8 pap-line-rule-auto pap-spacing-before-0pt pap-spacing-after-0pt\">&nbsp;</p>\n<p class=\"paragraph text-align-type-left pap-line-1.8 pap-line-rule-auto pap-spacing-before-0pt pap-spacing-after-0pt\"><span style=\"text-decoration: underline;\">\"Amen break\"</span></p>\n<p class=\"paragraph text-align-type-left pap-line-1.8 pap-line-rule-auto pap-spacing-before-0pt pap-spacing-after-0pt\">The Amen break是The Winstons's song \"Amen, Brother \"中的一段鼓点，被广泛认为是使用breakbeats的音乐中使用最广泛、采样最多的一个Break，这个Break最早用在Mantronix的 \"King of the Beats \"中，此后被用在成千上万的歌曲中。The Winstons并没有因为第三方使用他们原始音乐发行版上录制的断句样本而获得版税。</p>\n<p class=\"paragraph text-align-type-left pap-line-1.8 pap-line-rule-auto pap-spacing-before-0pt pap-spacing-after-0pt\">&nbsp;</p>\n<p class=\"paragraph text-align-type-left pap-line-1.8 pap-line-rule-auto pap-spacing-before-0pt pap-spacing-after-0pt\">其他流行的Break包括来自James Brown的《Funky Drummer》(1970)和《Give it Up or Turnit a Loose》，The Incredible Bongo Band 1973年翻唱The Shadows的《Apache》，以及Lyn Collins 1972年的歌曲《Think (About It)》。</p>\n<p class=\"paragraph text-align-type-left pap-line-1.8 pap-line-rule-auto pap-spacing-before-0pt pap-spacing-after-0pt\">&nbsp;</p>\n<p class=\"paragraph text-align-type-left pap-line-1.8 pap-line-rule-auto pap-spacing-before-0pt pap-spacing-after-0pt\"><strong>Breakbeat采样</strong></p>\n<p class=\"paragraph text-align-type-left pap-line-1.8 pap-line-rule-auto pap-spacing-before-0pt pap-spacing-after-0pt\">随着计算机上数字采样和音乐编辑的出现，Breakbeats变得更加容易创建和使用。现在，不用再切割和拼接磁带部分，也不用再同时不断地反转两张唱片，而是可以用电脑程序来无限制地切割、粘贴和循环断拍。数字效果，如过滤器，混响，反转，时间拉伸和音高变化可以添加到节拍，甚至个别声音本身。Breakbeat中的单个乐器可以被采样并与其他乐器组合，从而创造出全新的breakbeat模式。</p>\n<p class=\"paragraph text-align-type-left pap-line-1.8 pap-line-rule-auto pap-spacing-before-0pt pap-spacing-after-0pt\">&nbsp;</p>\n<p class=\"paragraph text-align-type-left pap-line-1.8 pap-line-rule-auto pap-spacing-before-0pt pap-spacing-after-0pt\"><span style=\"text-decoration: underline;\">法律问题</span></p>\n<p class=\"paragraph text-align-type-left pap-line-1.8 pap-line-rule-auto pap-spacing-before-0pt pap-spacing-after-0pt\">随着breakbeat音乐的流行和数字音频采样器的出现，公司开始销售 \"breakbeat套件\"，其明确目的是帮助艺术家创作breakbeat。一张breakbeat套件CD会包含许多来自不同歌曲和艺术家的breakbeat样本，通常是在未经歌手许可或甚至不知情的情况下。</p>\n<p class=\"paragraph text-align-type-left pap-line-1.8 pap-line-rule-auto pap-spacing-before-0pt pap-spacing-after-0pt\">&nbsp;</p>\n<p class=\"paragraph text-align-type-left pap-line-1.8 pap-line-rule-auto pap-spacing-before-0pt pap-spacing-after-0pt\"><strong>子类型</strong></p>\n<p class=\"paragraph text-align-type-left pap-line-1.8 pap-line-rule-auto pap-spacing-before-0pt pap-spacing-after-0pt\"><span style=\"text-decoration: underline;\">Acid breaks</span></p>\n<p class=\"paragraph text-align-type-left pap-line-1.8 pap-line-rule-auto pap-spacing-before-0pt pap-spacing-after-0pt\">在电子音乐中，\"Acid breaks \"是一种融合了breakbeat、acid house和其他形式的舞曲。它的鼓线通常模仿大多数breakbeat音乐，缺乏其他形式的舞曲中独特的踢鼓。最早被运用于acid音乐的合成器之一是罗兰TB-303，它利用共振低通滤波器来加强声音的谐波。</p>\n<p class=\"paragraph text-align-type-left pap-line-1.8 pap-line-rule-auto pap-spacing-before-0pt pap-spacing-after-0pt\">&nbsp;</p>\n<p class=\"paragraph text-align-type-left pap-line-1.8 pap-line-rule-auto pap-spacing-before-0pt pap-spacing-after-0pt\"><span style=\"text-decoration: underline;\">Big beat</span></p>\n<p class=\"paragraph text-align-type-left pap-line-1.8 pap-line-rule-auto pap-spacing-before-0pt pap-spacing-after-0pt\">Big beat是一个术语，自90年代中期以来被英国音乐媒体用来描述许多艺术家的音乐，如The Prodigy, Cut La Roc, Fatboy Slim, The Chemical Brothers, The Crystal Method和Propellerheads，通常由沉重的Breakbeats和合成器产生的循环和模式驱动，与Techno和acid house相同。</p>\n<p class=\"paragraph text-align-type-left pap-line-1.8 pap-line-rule-auto pap-spacing-before-0pt pap-spacing-after-0pt\">&nbsp;</p>\n<p class=\"paragraph text-align-type-left pap-line-1.8 pap-line-rule-auto pap-spacing-before-0pt pap-spacing-after-0pt\"><span style=\"text-decoration: underline;\">Deep Breaks</span></p>\n<p class=\"paragraph text-align-type-left pap-line-1.8 pap-line-rule-auto pap-spacing-before-0pt pap-spacing-after-0pt\">Deep Breaks是Breaks的一个子类型，本质上是breakbeat和deep house的融合。它使用沉重的节奏和Bassline，以及宽阔质感的打击乐和淡入淡出的声音。</p>\n<p class=\"paragraph text-align-type-left pap-line-1.8 pap-line-rule-auto pap-spacing-before-0pt pap-spacing-after-0pt\">&nbsp;</p>\n<p class=\"paragraph text-align-type-left pap-line-1.8 pap-line-rule-auto pap-spacing-before-0pt pap-spacing-after-0pt\"><span style=\"text-decoration: underline;\">Progressive breaks</span></p>\n<p class=\"paragraph text-align-type-left pap-line-1.8 pap-line-rule-auto pap-spacing-before-0pt pap-spacing-after-0pt\">Progressive breaks或progbreak，也被称为atmospheric break，是break的一个子类型，本质上是breakbeat和progressive house的融合。与progressive house非常相似，这个子类型的特点是其 \"trance \"的声音。包括延伸的合成器垫，旋律性的合成器导线，重混响和电子节拍。然而，与progressive house不同的是，progressive breaks的曲目很少有人声，大多数曲目完全是乐器演奏，或只使用电子人声样本来达到声音效果。典型的progressive breaks曲目通常会有一个长久的积累，促成音乐的分解和高潮，在不同的时间间隔内，经常添加或减少许多声音元素，以增加其强度。Progressive breaks的艺术家包括Hybrid, BT, Way Out West, Digital Witchcraft, Momu, Wrecked Angle, Burufunk, Under This和Fretwell。</p>\n<p class=\"paragraph text-align-type-left pap-line-1.8 pap-line-rule-auto pap-spacing-before-0pt pap-spacing-after-0pt\">&nbsp;</p>\n<p class=\"paragraph text-align-type-left pap-line-1.8 pap-line-rule-auto pap-spacing-before-0pt pap-spacing-after-0pt\"><span style=\"text-decoration: underline;\">Psychedelic breakbeat</span></p>\n<p class=\"paragraph text-align-type-left pap-line-1.8 pap-line-rule-auto pap-spacing-before-0pt pap-spacing-after-0pt\">Psychedelic breakbeat 或psybreaks是90年代末发展起来的一种breakbeat 音乐形式，围绕着psychedelic音乐展开。该流派后来在2000年代中期变成了breakbeat 和 psychedelic trance的融合，它将breakbeat的基调和节奏拼接到其他受psytrance影响的曲目中。</p>\n</div>",
 "contentEn": "<p><strong>Breakbeat</strong>&nbsp;is a broad type of&nbsp;electronic music&nbsp;that tends to utilize&nbsp;drum breaks&nbsp;sampled from early recordings of&nbsp;funk,&nbsp;jazz, and&nbsp;R&amp;B. Breakbeats have been used in styles such as&nbsp;hip hop,&nbsp;jungle,&nbsp;drum and bass,&nbsp;big beat,&nbsp;breakbeat hardcore, and&nbsp;UK garage&nbsp;styles (including&nbsp;2-step,&nbsp;breakstep&nbsp;and&nbsp;dubstep).</p>\n<p>&nbsp;</p>\n<h2><span id=\"Etymology\" class=\"mw-headline\">Etymology</span></h2>\n<p>The origin of the word \"breakbeat\" is the fact that the&nbsp;drum&nbsp;loops&nbsp;that were sampled occurred during a \"break\" in the music - for example the&nbsp;<em>Amen break</em>&nbsp;(a&nbsp;drum solo&nbsp;from \"Amen, Brother\" by&nbsp;The Winstons) or the&nbsp;<em>Think Break</em>&nbsp;(from \"Think (About It)\" by&nbsp;Lyn Collins).</p>\n<p>&nbsp;</p>\n<h2><span id=\"History\" class=\"mw-headline\">History</span></h2>\n<h3><span id=\"1970s.E2.80.941980s:_Classic_breaks_and_hip_hop_production\"></span><span id=\"1970s&mdash;1980s:_Classic_breaks_and_hip_hop_production\" class=\"mw-headline\">1970s&mdash;1980s: Classic breaks and hip hop production</span></h3>\n<p>Beginning in 1973 and continuing through the late 1970s and early 1980s,&nbsp;hip hop&nbsp;turntablists, such as&nbsp;DJ Kool Herc&nbsp;began using several&nbsp;funk&nbsp;breaks&nbsp;in a row, using&nbsp;drum breaks&nbsp;from&nbsp;jazz-funk&nbsp;tracks such as&nbsp;James Brown's \"Funky Drummer\" and&nbsp;The Winstons' \"Amen Brother\", to form the rhythmic base for hip hop songs. DJ Kool Herc's breaks style involved playing the same record on two turntables and playing the break repeatedly, alternating between the two records.&nbsp;Grandmaster Flash&nbsp;perfected this idea with what he called the \"quick-mix theory\": he would mark the points on the record where the break began and ended with a crayon, so that he could easily replay the break by spinning the record and not touching the tone arm.<sup id=\"cite_ref-1\" class=\"reference\">[1]</sup>&nbsp;This style was copied and improved upon by early hip hop DJs&nbsp;Afrika Bambaataa&nbsp;and&nbsp;Grand Wizard Theodore.<sup id=\"cite_ref-Modulations_2-0\" class=\"reference\">[2]</sup><sup class=\"noprint Inline-Template\">[<em><span title=\"The material near this tag is possibly inaccurate or nonfactual. (September 2011)\">dubious</span>&nbsp;<span class=\"metadata\">&ndash;&nbsp;discuss</span></em>]</sup>&nbsp;This style was extremely popular in clubs and dancehalls because the extended breaks compositions provided&nbsp;breakers&nbsp;with more opportunities to showcase their skills.</p>\n<p>&nbsp;</p>\n<p>In the late 1970s, hip hop was all about the break. In the 1980s, the evolution of technology began to make sampling breaks easier and more affordable for DJs and producers, which helped nurture the commercialization of hip hop. Through crude techniques such as pausing tapes and then recording the break, by the 1980s, technology allowed anybody with a tape recorder to find the breakbeat.<sup id=\"cite_ref-3\" class=\"reference\">[3]</sup></p>\n<p>&nbsp;</p>\n<h3><span id=\"1990s:_Evolution_as_electronic_dance_genre\" class=\"mw-headline\">1990s: Evolution as electronic dance genre</span></h3>\n<p>In the late-1980s, breakbeat became an essential feature of many genres of breaks music which became popular within the global dance music scene, including&nbsp;acid breaks,&nbsp;electro-funk, and&nbsp;Miami bass, and decade later&nbsp;big beat&nbsp;and&nbsp;nu skool breaks.</p>\n<p>&nbsp;</p>\n<p>In the early 1990s,&nbsp;acid house&nbsp;artists and producers started using breakbeat&nbsp;samples&nbsp;in their music to create&nbsp;breakbeat hardcore.<sup id=\"cite_ref-4\" class=\"reference\">[4]</sup>&nbsp;The hardcore scene then diverged into subgenres like&nbsp;jungle&nbsp;and&nbsp;drum and bass, which generally was faster and focused more on complex sampled drum patterns. An example of this is&nbsp;Goldie's album&nbsp;<em>Timeless</em>. Josh Lawford of Ravescene prophesied that breakbeat was \"the death-knell of rave\"<sup id=\"cite_ref-5\" class=\"reference\">[5]</sup>&nbsp;because the ever-changing drumbeat patterns of breakbeat music didn't allow for the same zoned out, trance-like state that the standard, steady 4/4 beats of&nbsp;house&nbsp;enabled.</p>\n<p>&nbsp;</p>\n<p>Incorporating many components of those genres, the&nbsp;Florida breaks&nbsp;subgenre followed during the early-to-mid 1990s and had a unique sound that was soon internationally popular among producers, DJs, and club-goers.</p>\n<p>&nbsp;</p>\n<p>In 1994, the influential&nbsp;techno&nbsp;act&nbsp;Autechre&nbsp;released the&nbsp;<em>Anti EP</em>&nbsp;in response to the&nbsp;Criminal Justice and Public Order Act 1994, deliberately using advanced&nbsp;algorithmic&nbsp;programming to generate non-repetitive breakbeats for the full duration of the tracks, in order to subvert the legal definitions within that legislation which specified in the section creating police powers to remove ravers from raves that \"'music' includes sounds wholly or predominantly characterised by the emission of a succession of repetitive beats\".</p>\n<p>&nbsp;</p>\n<p>In the late 1990s, another style of breakbeat emerged,&nbsp;<em>funky breaks</em>, a style that was incorporating elements of&nbsp;trance,&nbsp;hip hop&nbsp;and&nbsp;jungle. It was pioneered by&nbsp;the Chemical Brothers&nbsp;and&nbsp;James Lavelle's&nbsp;Mo'Wax Records&nbsp;imprint. The genre had commercial peak in 1997, when such music was topping in pop charts and often featured in commercials. The most notable artists of the sound were&nbsp;The Prodigy,&nbsp;Death in Vegas,&nbsp;The Crystal Method,&nbsp;Propellerheads.<sup id=\"cite_ref-6\" class=\"reference\">[6]</sup></p>\n<h2>&nbsp;</h2>\n<h2><span id=\"Characteristics\" class=\"mw-headline\">Characteristics</span></h2>\n<p>The tempo of breaks tracks ranging from 110 to 150 beats per minute, that allows DJs to mix breaks with a plenty of different genres in their sets. That leads breakbeats to be used in many&nbsp;hip hop,&nbsp;jungle/drum &amp; bass&nbsp;and&nbsp;hardcore&nbsp;songs, and can also be heard in other music, from popular music to background music in car and clothing commercials on radio or TV.<sup id=\"cite_ref-7\" class=\"reference\">[7]</sup></p>\n<h3>&nbsp;</h3>\n<h3><span id=\"The_.22Amen_break.22\"></span><span id=\"The_&quot;Amen_break&quot;\" class=\"mw-headline\">The \"Amen break\"</span></h3>\n<p>The Amen break, a drum break from&nbsp;The Winstons' song \"Amen, Brother\" is widely regarded as one of the most widely used and sampled breaks among music using breakbeats.<sup id=\"cite_ref-8\" class=\"reference\">[8]</sup>&nbsp;This break was first used on \"King of the Beats\" by&nbsp;Mantronix, and has since been used in thousands of songs.<sup id=\"cite_ref-econ20111217_9-0\" class=\"reference\">[9]</sup>&nbsp;Other popular breaks are from&nbsp;James Brown's&nbsp;<em>Funky Drummer</em>&nbsp;(1970) and&nbsp;<em>Give it Up or Turnit a Loose</em>,&nbsp;The Incredible Bongo Band's 1973 cover of&nbsp;The Shadows' \"Apache\", and&nbsp;Lyn Collins' 1972 song \"Think (About It)\".<sup id=\"cite_ref-Modulations_2-1\" class=\"reference\">[2]</sup>&nbsp;The Winstons have not received&nbsp;royalties&nbsp;for third-party use of samples of the break recorded on their original music release.<sup id=\"cite_ref-econ20111217_9-1\" class=\"reference\">[9]</sup></p>\n<h2>&nbsp;</h2>\n<h2><span id=\"Sampled_breakbeats\" class=\"mw-headline\">Sampled breakbeats</span></h2>\n<p>With the advent of digital sampling and music editing on the computer, breakbeats have become much easier to create and use. Now, instead of cutting and splicing tape sections or constantly backspinning two records at the same time, a computer program can be used to cut, paste, and loop breakbeats endlessly. Digital effects such as&nbsp;filters,&nbsp;reverb, reversing,&nbsp;time stretching&nbsp;and&nbsp;pitch shifting&nbsp;can be added to the beat, and even to individual sounds by themselves. Individual instruments from within a breakbeat can be sampled and combined with others, thereby creating wholly new breakbeat patterns.</p>\n<h3>&nbsp;</h3>\n<h3><span id=\"Legal_issues\" class=\"mw-headline\">Legal issues</span></h3>\n<p>With the rise in popularity of breakbeat music and the advent of digital audio samplers, companies started selling \"breakbeat packages\" for the express purpose of helping artists create breakbeats. A breakbeat kit CD would contain many breakbeat samples from different songs and artists, often without the artist's permission or even knowledge.<sup id=\"cite_ref-criminal-record-1_10-0\" class=\"reference\">[10]</sup></p>\n<h2>&nbsp;</h2>\n<h2><span id=\"Subgenres\" class=\"mw-headline\">Subgenres</span></h2>\n<h3><span id=\"Acid_breaks\" class=\"mw-headline\">Acid breaks</span></h3>\n<p>In&nbsp;electronic music, \"acid breaks\" is a fusion between breakbeat,&nbsp;acid house&nbsp;and other forms of dance music.<sup class=\"noprint Inline-Template\">[<em><span title=\"This information is too vague. (August 2012)\">vague</span></em>]</sup>&nbsp;Its drum line usually mimics most breakbeat music, lacking the distinctive&nbsp;kick drum&nbsp;of other forms of dance music. One of the earliest synthesizers to be employed in acid music was the&nbsp;Roland TB-303, which makes use of a resonant low-pass filter to emphasize the&nbsp;harmonics&nbsp;of the sound.</p>\n<h3>&nbsp;</h3>\n<h3><span id=\"Big_beat\" class=\"mw-headline\">Big beat</span></h3>\n<p><strong>Big beat</strong>&nbsp;is a term employed since the mid-1990s by the British music press to describe much of the music by artists such as&nbsp;The Prodigy,&nbsp;Cut La Roc,&nbsp;Fatboy Slim,&nbsp;The Chemical Brothers,&nbsp;The Crystal Method&nbsp;and&nbsp;Propellerheads&nbsp;typically driven by heavy breakbeats and synthesizer-generated loops and patterns in common with established forms of&nbsp;electronic dance music&nbsp;such as&nbsp;techno&nbsp;and&nbsp;acid house.</p>\n<h3>&nbsp;</h3>\n<h3><span id=\"Deep_breaks\" class=\"mw-headline\">Deep breaks</span></h3>\n<p><strong>Deep breaks</strong>&nbsp;is a subgenre of breaks that is essentially a fusion of breakbeat and&nbsp;deep house. It uses heavy rhythms and basslines, spacious use of percussion and use of&nbsp;fade&nbsp;sounds.</p>\n<h3>&nbsp;</h3>\n<h3><span id=\"Progressive_breaks\" class=\"mw-headline\">Progressive breaks</span></h3>\n<p><strong>Progressive breaks</strong>&nbsp;or&nbsp;<strong>prog breaks</strong>, also known as&nbsp;<strong>atmospheric breaks</strong>, is a subgenre of breaks that is essentially a fusion of breakbeat and&nbsp;progressive house. Much like progressive house, this subgenre is characterized by its \"trancey\" sound. Its defining traits include extended synthesizer pads and washes, melodic synth leads, heavy&nbsp;reverberation, and electronic breakbeats. However, unlike progressive house, very few progressive breaks tracks have vocals, with most tracks being entirely instrumental or using only electronically altered snippets of vocal samples for sonic effect. Typical progressive breaks tracks will often have a long build-up section that leads to a&nbsp;breakdown&nbsp;and a climax, often having numerous sonic elements being added or subtracted from the track at various intervals in order to increase its intensity. Progressive breaks artists include&nbsp;Hybrid,&nbsp;BT,&nbsp;Way Out West,&nbsp;Digital Witchcraft,&nbsp;Momu, Wrecked Angle, Burufunk, Under This and Fretwell.</p>\n<h3>&nbsp;</h3>\n<h3><span id=\"Psychedelic_breakbeat\" class=\"mw-headline\">Psychedelic breakbeat</span></h3>\n<p><strong>Psychedelic breakbeat</strong>&nbsp;or&nbsp;<strong>psybreaks</strong>&nbsp;is a form of breakbeat music developed in the late 1990s, build around&nbsp;psychedelic music. The genre later turned into a fusion of breakbeat and&nbsp;psychedelic trance&nbsp;in the mid 2000s, splicing breakbeat basslines and rhythms into otherwise heavily psytrance-influenced tracks.</p>\n<p>&nbsp;</p>\n<h2><span id=\"References\" class=\"mw-headline\">References</span></h2>\n<div class=\"reflist\">\n<div class=\"mw-references-wrap\">\n<ol class=\"references\">\n<li id=\"cite_note-1\"><span class=\"mw-cite-backlink\"><strong>^</strong></span>&nbsp;<span class=\"reference-text\"><cite id=\"CITEREFNecroguttural2016\" class=\"citation cs2\">Necroguttural (2016-12-07),&nbsp;<em>Hip-Hop Evolution - \"Grandmaster Flash\" The Origin of Scratching on Vinyl</em><span class=\"reference-accessdate\">, retrieved&nbsp;<span class=\"nowrap\">2017-12-09</span></span></cite></span></li>\n<li id=\"cite_note-Modulations-2\"><span class=\"mw-cite-backlink\">^&nbsp;<span class=\"cite-accessibility-label\">Jump up to:</span><sup><em><strong>a</strong></em></sup>&nbsp;<sup><em><strong>b</strong></em></sup></span>&nbsp;<span class=\"reference-text\">Modulations: A History of Electronic Music, Peter Shapiro, ed. New York: Caipirnha Productions Inc., 2000, p. 152</span></li>\n<li id=\"cite_note-3\"><span class=\"mw-cite-backlink\"><strong>^</strong></span>&nbsp;<span class=\"reference-text\"><cite id=\"CITEREFSchloss2004\" class=\"citation book cs1\">Schloss, Joseph (2004).&nbsp;<em>History in Making Beats: The Art of Sample-Based Hip-Hop</em>. Middletown, CT: Wesleyan University. p.&nbsp;40.</cite></span></li>\n<li id=\"cite_note-4\"><span class=\"mw-cite-backlink\"><strong>^</strong></span>&nbsp;<span class=\"reference-text\"><cite id=\"CITEREFThomas\" class=\"citation web cs1\">Thomas, Gideon.&nbsp;\"Breakbeat Hardcore - Your Ultimate Guide\". Core Magazine. Archived from&nbsp;the original&nbsp;on 16 March 2014<span class=\"reference-accessdate\">. Retrieved&nbsp;<span class=\"nowrap\">12 April</span>&nbsp;2014</span>.</cite></span></li>\n<li id=\"cite_note-5\"><span class=\"mw-cite-backlink\"><strong>^</strong></span>&nbsp;<span class=\"reference-text\">Generation Ecstasy, Simon Reynolds, New York: Routledge, 1999, p. 253</span></li>\n<li id=\"cite_note-6\"><span class=\"mw-cite-backlink\"><strong>^</strong></span>&nbsp;<span class=\"reference-text\"><cite id=\"CITEREFVladimir_BogdanovJason_Ankeny2001\" class=\"citation book cs1\">Vladimir Bogdanov; Jason Ankeny (2001).&nbsp;<span class=\"cs1-lock-registration\" title=\"Free registration required\"><em>All music guide to electronica: the definitive guide to electronic music</em></span>&nbsp;(4th&nbsp;ed.). Backbeat Books. p.&nbsp;11.&nbsp;ISBN&nbsp;<bdi>0-87930-628-9</bdi>.</cite></span></li>\n<li id=\"cite_note-7\"><span class=\"mw-cite-backlink\"><strong>^</strong></span>&nbsp;<span class=\"reference-text\"><cite class=\"citation web cs1\">\"Nate Harrison\". nkhstudio.com.</cite></span></li>\n<li id=\"cite_note-8\"><span class=\"mw-cite-backlink\"><strong>^</strong></span>&nbsp;<span class=\"reference-text\"><cite class=\"citation web cs1\">\"10 Most Sampled Breakbeats\". blog.whosampled.com.</cite></span></li>\n<li id=\"cite_note-econ20111217-9\"><span class=\"mw-cite-backlink\">^&nbsp;<span class=\"cite-accessibility-label\">Jump up to:</span><sup><em><strong>a</strong></em></sup>&nbsp;<sup><em><strong>b</strong></em></sup></span>&nbsp;<span class=\"reference-text\"><cite class=\"citation news cs1\">\"Musical history: Seven seconds of fire\".&nbsp;<em>The Economist</em>. The Economist Newspaper Limited. 2011-12-17<span class=\"reference-accessdate\">. Retrieved&nbsp;<span class=\"nowrap\">2011-12-28</span></span>.</cite></span></li>\n<li id=\"cite_note-criminal-record-1-10\"><span class=\"mw-cite-backlink\"><strong>^</strong></span>&nbsp;<span class=\"reference-text\"><cite id=\"CITEREFGoodyer1992\" class=\"citation magazine cs1\">Goodyer, Tim (March 1992).&nbsp;\"Criminal Record?\".&nbsp;<em>Music Technology</em>. United Kingdom: Music Maker Publications (UK). pp.&nbsp;54&ndash;59<span class=\"reference-accessdate\">. Retrieved&nbsp;<span class=\"nowrap\">2020-01-20</span></span>.</cite></span></li>\n</ol>\n</div>\n</div>",
 "remarks": "本词条汉字内容由 @多频百科团队 翻译+编辑\n原文译自 https://en.wikipedia.org/wiki/Breakbeat",
 "remarksEn": "本词条内容来自 https://en.wikipedia.org/wiki/Breakbeat",
 "status": 1,
 "clickNum": 111,
 "deleted": 0,
 "lang": 0,
 "chooseLang": true,
 "id": 7,
 "name": "Breakbeat",
 "descriptions": "Breakbeat（碎拍舞曲）是一种广义的电子音乐类型，它倾向于使用从早期的放克，爵士和R＆B的作品中采样的鼓点间奏为基底。Breakbeat被用于hip hop、jungle、drum and bass、big beat、breakbeat hardcore，以及UK garage（包括2-step, breakstep and dubstep）等风格。\n\n",
 "originalName": "碎拍舞曲, Broken Beats",
 "startTimeText": "20世纪70年代中期",
 "startAddress": "美国",
 "searchStyle": "Breakbeat",
 "styleCategory": "Electronic Dance Music",
 "originalStyle": "Electro, freestyle, hip hop, funk, post-disco, turntablism",
 "affectStyle": "",
 "deriveStyle": "Florida breaks, electro breaks, nu skool, breaks, West Coast/funky breaks, acid breaks, breakcore, broken beat, nu-funk",
 "representArtist": "",
 "officialUrl": "https://en.wikipedia.org/wiki/Breakbeat",
 "typeId": 13,
 "typeName": "风格",
 "dataId": 7,
 "url": "http://dropinapp.hearinmusic.com/#/ency?typeId=13&dataId=7"
}