{
 "pageNum": 1,
 "pageSize": 10,
 "params": {},
 "relationChannel": "[{\"id\":1176,\"parentId\":8,\"name\":\"Breakstep\"}]",
 "content": "<p>Breakstep，或称breakbeat garage，是一种由UK Garage场景演变而来的音乐类型，并影响了dubstep的出现。</p>\n<p>&nbsp;</p>\n<p><strong>历史 </strong></p>\n<p>Breakstep是由2-step garage的声音演变而来。摆脱了Garage中更多的灵魂元素，它结合了downtempo鼓和Bass风格的basslines，将2-step的shuffle换成了更直接的breakbeat鼓模式。这种风格的突破来自于1999年DJ Dee Kline的 \"I Don't Smoke\"，在Rat Records上卖出了15,000张，最终在2000年被授权给EastWest，并在英国单曲榜上攀升至第11位。之后，DJ Zinc的 \"138 Trek\"，是UK Garage节奏（138 bpm）的Drum and Bass制作实验。在Forward&gt;&gt;（伦敦Plastic People的俱乐部之夜）上，Zed Bias和Oris Jay（又名Darqwan）成为了东道主。他们在DJ Distance等制作人的break中得到了启发。</p>",
 "contentEn": "<p><strong>Breakstep</strong>, or&nbsp;<strong>breakbeat garage</strong>, is a genre of music that evolved from the&nbsp;UK garage&nbsp;scene and influenced the emergence of&nbsp;dubstep.<sup id=\"cite_ref-1\" class=\"reference\">[1]</sup></p>\n<h2>&nbsp;</h2>\n<h2><span id=\"History\" class=\"mw-headline\">History</span></h2>\n<p>Breakstep evolved from the&nbsp;2-step garage&nbsp;sound. Moving away from the more soulful elements of garage, it incorporated downtempo&nbsp;drum and bass&nbsp;style basslines, trading the shuffle of 2-step for a more straightforward breakbeat drum pattern. The breakthrough for this style came in 1999 from&nbsp;DJ Dee Kline's \"I Don't Smoke\" selling 15,000 units on Rat Records, until eventually being licensed to&nbsp;EastWest&nbsp;in 2000 and climbing to number 11 in the&nbsp;UK Singles Chart. Following this came&nbsp;DJ Zinc's \"138 Trek\", an experiment with drum and bass production at&nbsp;UK garage&nbsp;tempo (138 bpm). This instigated a dialog between breaks and garage producers, with Forward&gt;&gt; (a club night at Plastic People, London) playing host to&nbsp;Zed Bias&nbsp;and Oris Jay (a.k.a. Darqwan). They were mirrored in breaks by producers such as&nbsp;DJ Distance.</p>\n<h2>&nbsp;</h2>\n<h2><span id=\"References\" class=\"mw-headline\">References</span></h2>\n<div class=\"reflist\">\n<div class=\"mw-references-wrap\">\n<ol class=\"references\">\n<li id=\"cite_note-1\"><span class=\"mw-cite-backlink\"><strong>^</strong></span>&nbsp;<span class=\"reference-text\"><cite id=\"CITEREFMcDonnell2008\" class=\"citation news cs1\">McDonnell, John (10 November 2008).&nbsp;\"Scene and heard: Bring breakstep back\".&nbsp;<em>The Guardian</em>.&nbsp;<q>Long before dubstep became the popular fare of weed-addled students around the country, there was a genre that helped the transition from the sickly sweet sound of UK garage to the bass-drenched south London sound. That genre was breakbeat garage, now more popularly known as breakstep.</q></cite></span></li>\n</ol>\n</div>\n</div>",
 "remarks": "本词条汉字内容由 @多频百科团队 翻译+编辑\n原文译自 https://en.wikipedia.org/wiki/Breakstep",
 "remarksEn": "本词条内容来自 https://en.wikipedia.org/wiki/Breakstep",
 "status": 1,
 "clickNum": 12,
 "deleted": 0,
 "lang": 0,
 "chooseLang": true,
 "id": 127,
 "name": "Breakstep",
 "descriptions": "Breakstep，或称breakbeat garage，是一种由UK Garage场景演变而来的音乐类型，并影响了dubstep的出现。",
 "originalName": "Breakbeat garage",
 "startTimeText": "Late 1990s",
 "startAddress": "London；UK",
 "searchStyle": "UK Garage",
 "styleCategory": "UK Garage",
 "originalStyle": "2-step, breakbeat, drum and bass",
 "affectStyle": "",
 "deriveStyle": "",
 "representArtist": "",
 "officialUrl": "https://en.wikipedia.org/wiki/Breakstep",
 "typeId": 13,
 "typeName": "风格",
 "dataId": 127,
 "url": "http://dropinapp.hearinmusic.com/#/ency?typeId=13&dataId=127"
}