{
 "pageNum": 1,
 "pageSize": 10,
 "params": {},
 "relationChannel": "[{\"id\":1150,\"parentId\":8,\"name\":\"Broken Beat\"}]",
 "content": "<div class=\"document\">\n<p>Broken beat，或 \"BRUK \"，是一种电子音乐类型，其特点是以4/4为典型的切分音节奏，加上交错间断的军鼓以及Hand Claps。它对英国的音乐产生了很大的影响。</p>\n<p>&nbsp;</p>\n<p>这个领域的艺术家大多具有鼓打贝斯、House、Hip Hop、Techno或酸性爵士乐的背景。Broken beat也起源于20世纪70年代的爵士乐融合，并受到诸如Lonnie Liston Smith、The Mizell Brothers（70年代中期Donald Byrd、Bobbi Humphrey和Johnny Hammond的制作人）、Herbie Hancock、George Duke等艺术家的影响。人们还可能听到迪斯科、1980年代当代R&amp;B和放克（Shalamar、Prince）、早期电子乐（Kraftwerk）、嘻哈（\"Planet Rock\"）、1980年代新浪潮（Depeche Mode、New Order）、House和Techno的回声。</p>\n<p class=\"paragraph text-align-type-left pap-line-1.8 pap-line-rule-auto pap-spacing-before-0pt pap-spacing-after-0pt\">&nbsp;</p>\n<p class=\"paragraph text-align-type-left pap-line-1.8 pap-line-rule-auto pap-spacing-before-0pt pap-spacing-after-0pt\"><strong>历史</strong></p>\n<p class=\"paragraph text-align-type-left pap-line-1.8 pap-line-rule-auto pap-spacing-before-0pt pap-spacing-after-0pt\">Broken beat最早出现在上世纪90年代，由Bugz in the Attic、IG Culture开创，4hero于1998年发行专辑《Two Pages》的发行对新兴的声音和场景产生了影响。来自All Music的John Bush 称其为 \"极度的融合（About as fusion-soaked as it gets）\"。由于这种风格出现在伦敦西部地区，故也被称为West London，主要是因为Goya Music的办公室在伦敦的Ladbroke Grove（W11地区），大多数参与艺术家的工作室也在这里。</p>\n<p class=\"paragraph text-align-type-left pap-line-1.8 pap-line-rule-auto pap-spacing-before-0pt pap-spacing-after-0pt\">&nbsp;</p>\n<p class=\"paragraph text-align-type-left pap-line-1.8 pap-line-rule-auto pap-spacing-before-0pt pap-spacing-after-0pt\">DJ群体组织Bugz in the Attic的Neon phusion、Afronaut &amp; IG Culture被认为是启动了这个场景，以各种不同的绰号发布了许多作品，以及New Sector Movements为People Music发布的作品。他们的声音结合了多种音乐风格，包括funk, soul, 和 hip-hop。转变为一种更抽象的drum and bass形式。许多通过4hero的Reinforced厂牌开始发行的艺术家现在被认为是break beat的先驱。同时，像Carl Craig和Stacey Pullen这样成熟的techno艺术家也尝试在他们所创作的音乐中试图加入爵士元素和breaks。由于这种音乐仍然以经典的Detroit Techno为基础，并且通常具有较硬的声音，因此有时也被称为brocken Techno。这种不拘一格的混合音乐被底特律和爵士乐相关的英国techno制作人Kirk Degiorgio或As One和Ian O'Brien所接受，他们试图将其形成一种更有灵魂的变化，这进一步影响了broken beat的发展。</p>\n<p class=\"paragraph text-align-type-left pap-line-1.8 pap-line-rule-auto pap-spacing-before-0pt pap-spacing-after-0pt\">&nbsp;</p>\n<p class=\"paragraph text-align-type-left pap-line-1.8 pap-line-rule-auto pap-spacing-before-0pt pap-spacing-after-0pt\"><strong>场景 </strong></p>\n<p class=\"paragraph text-align-type-left pap-line-1.8 pap-line-rule-auto pap-spacing-before-0pt pap-spacing-after-0pt\">经常播放这种音乐流派的场景包括在Velvet Room举行的Co-op活动，这是Bugz in the Attic的Mark Force的创意，几年后又转移到位于伦敦的著名俱乐部Plastic People，几年后又在East Village重新启动--两者都在Shoreditch。2008年，Afronaut和Bruce Q (Liquid Fusion)合作，在英国伯明翰的Concrete发起了每月一次的Co-op活动。Liquid Fusion每周日在The living Room(2000-2002)进行，然后到Zinc(2002-2008)，每周有几百个追随者。另一个场景是Inspiration Information，以前在Notting Hill Arts Club，现在在Shoreditch的East Village。</p>\n</div>",
 "contentEn": "<p><strong>Broken beat</strong>&nbsp;(sometimes referred to as \"<strong>bruk</strong>\") is an&nbsp;electronic music&nbsp;genre that can be characterized by&nbsp;syncopated rhythm&nbsp;typically in&nbsp;4/4 meter, with staggered or punctuated snare beats and/or hand claps. It has heavily influenced music in the UK.<sup id=\"cite_ref-1\" class=\"reference\">[1]</sup></p>\n<p>&nbsp;</p>\n<p>Artists in this area mostly have a&nbsp;drum and bass,&nbsp;house,&nbsp;hip hop,&nbsp;techno&nbsp;or&nbsp;acid jazz&nbsp;background. Broken beat also has its roots in 1970s&nbsp;jazz fusion&nbsp;and has been influenced by artists such as&nbsp;Lonnie Liston Smith,&nbsp;The Mizell Brothers&nbsp;(producers for&nbsp;Donald Byrd,&nbsp;Bobbi Humphrey&nbsp;and&nbsp;Johnny Hammond&nbsp;in the mid-1970s),&nbsp;Herbie Hancock,&nbsp;George Duke, and others. One might also hear echos of&nbsp;disco, 1980s&nbsp;contemporary R&amp;B&nbsp;and&nbsp;funk&nbsp;(Shalamar,&nbsp;Prince), early&nbsp;electronica&nbsp;(Kraftwerk),&nbsp;hip hop&nbsp;(\"Planet Rock\"), 1980s&nbsp;new wave&nbsp;(Depeche Mode,&nbsp;New Order), house and techno in broken beat.</p>\n<h2>&nbsp;</h2>\n<h2><span id=\"History\" class=\"mw-headline\">History</span></h2>\n<p>Broken beat first appeared in the 1990s and was pioneered by&nbsp;Bugz in the Attic,&nbsp;IG Culture, and the release of the&nbsp;4hero&nbsp;album,&nbsp;<em>Two Pages,</em>&nbsp;was influential on the emerging sound and scene.<sup id=\"cite_ref-2\" class=\"reference\">[2]</sup>&nbsp;John Bush from All Music called it \"about as fusion-soaked as it gets.\"<sup id=\"cite_ref-3\" class=\"reference\">[3]</sup>&nbsp;Appearing in the western parts of&nbsp;London, the genre is also referred to as&nbsp;<em>West London</em>, mainly because Goya Music's offices were in London's&nbsp;Ladbroke Grove,&nbsp;W11, as were most of the participating artists' studios.<sup id=\"cite_ref-4\" class=\"reference\">[4]</sup></p>\n<p>&nbsp;</p>\n<p>Bugz in the Attic's Neon phusion,&nbsp;Afronaught&nbsp;&amp;&nbsp;IG Culture&nbsp;are credited with kick-starting the scene with numerous releases under various monikers, and the New Sector Movements releases for People Music. The sound created combined a variety of music styles including funk, soul, and hip-hop.<sup id=\"cite_ref-5\" class=\"reference\">[5]</sup>&nbsp;The transition was to a more abstract form of drum and bass. Many artists that started releasing through&nbsp;4hero's Reinforced label are now considered pioneers of broken beat. Simultaneously, established&nbsp;techno&nbsp;artists like&nbsp;Carl Craig&nbsp;and&nbsp;Stacey Pullen&nbsp;experimented with the music they were making, trying to add&nbsp;jazz&nbsp;elements and breaks to their sound. As the music is still based on classic Detroit techno and usually has a harder sound, it is sometimes referred to as&nbsp;<em>broken techno</em>. This eclectic mixture was picked up by the Detroit and jazz affiliated UK techno producers&nbsp;Kirk Degiorgio&nbsp;or&nbsp;As One&nbsp;and&nbsp;Ian O'Brien, who tried to form it into a more soulful variation which further influenced the development of the broken beat genre.<sup id=\"cite_ref-6\" class=\"reference\">[6]</sup></p>\n<h2>&nbsp;</h2>\n<h2><span id=\"Scene\" class=\"mw-headline\">Scene</span></h2>\n<p>Regular nights that play this genre of music include&nbsp;Co-op, the brainchild of&nbsp;Bugz in the Attic's&nbsp;Mark Force, held at&nbsp;Velvet Room, and then a few years later moving on to&nbsp;Plastic People, a famous club located in London, for a number of years before re-launching at East Village - both in Shoreditch. In 2008&nbsp;Afronaut&nbsp;and Bruce Q (Liquid Fusion) teamed up for a monthly Co-Op sessions which was launched at Concrete in Birmingham, UK. Liquid Fusion ran every Sunday at The living Room (2000-2002) first then onto Zinc (2002-2008). It had a following of several Hundred weekly. Another night is Inspiration Information, previously at&nbsp;Notting Hill Arts Club&nbsp;but now at East Village in Shoreditch.<sup id=\"cite_ref-7\" class=\"reference\">[7]</sup><sup id=\"cite_ref-8\" class=\"reference\">[8]</sup></p>\n<h2>&nbsp;</h2>\n<h2><span id=\"References\" class=\"mw-headline\">References</span></h2>\n<div class=\"reflist\">\n<div class=\"mw-references-wrap\">\n<ol class=\"references\">\n<li id=\"cite_note-1\"><span class=\"mw-cite-backlink\"><strong>^</strong></span>&nbsp;<span class=\"reference-text\">AMG Allmusic: Broken Beat</span></li>\n<li id=\"cite_note-2\"><span class=\"mw-cite-backlink\"><strong>^</strong></span>&nbsp;<span class=\"reference-text\"><cite id=\"CITEREFPatrick_Carnegy2014\" class=\"citation web cs1\">Patrick Carnegy (29 January 2014).&nbsp;\"Vice: Whatever Happened to Broken Beat?\".&nbsp;<em>Vice</em>.</cite></span></li>\n<li id=\"cite_note-3\"><span class=\"mw-cite-backlink\"><strong>^</strong></span>&nbsp;<span class=\"reference-text\"><cite class=\"citation web cs1\">\"All Music: John Bush reviews Two Pages- 4hero\".</cite></span></li>\n<li id=\"cite_note-4\"><span class=\"mw-cite-backlink\"><strong>^</strong></span>&nbsp;<span class=\"reference-text\"><cite id=\"CITEREFJake_Hulyer2016\" class=\"citation web cs1\">Jake Hulyer (29 December 2016).&nbsp;\"Breaking Broken Beat: How a West London basement became the scene's incubator\".&nbsp;<em>The Vinyl Factory</em>.</cite></span></li>\n<li id=\"cite_note-5\"><span class=\"mw-cite-backlink\"><strong>^</strong></span>&nbsp;<span class=\"reference-text\"><cite class=\"citation web cs1\">\"All Music: IG Culture Biography\".</cite></span></li>\n<li id=\"cite_note-6\"><span class=\"mw-cite-backlink\"><strong>^</strong></span>&nbsp;<span class=\"reference-text\"><cite id=\"CITEREFMr_Beatnick2010\" class=\"citation web cs1\">Mr Beatnick (8 March 2010).&nbsp;\"The 20 best broken beat records ever made\". FACTmag.</cite></span></li>\n<li id=\"cite_note-7\"><span class=\"mw-cite-backlink\"><strong>^</strong></span>&nbsp;<span class=\"reference-text\"><cite class=\"citation web cs1\">\"UK's Legendary Broken Beat Crew CoOp Unveil Their Next Moves\".&nbsp;<em>Music Is My Sanctuary</em>. 21 February 2018.</cite></span></li>\n<li id=\"cite_note-8\"><span class=\"mw-cite-backlink\"><strong>^</strong></span>&nbsp;<span class=\"reference-text\"><cite class=\"citation web cs1\">\"CoOp: The beats are broken\".&nbsp;<em>Resident Advisor</em>. 20 October 2017.</cite></span></li>\n</ol>\n</div>\n</div>",
 "remarks": "本词条汉字内容由 @多频百科团队 翻译+编辑\n原文译自  https://en.wikipedia.org/wiki/Broken_beat",
 "remarksEn": "本词条内容来自  https://en.wikipedia.org/wiki/Broken_beat",
 "status": 1,
 "clickNum": 15,
 "deleted": 0,
 "lang": 0,
 "chooseLang": true,
 "id": 100,
 "name": "Broken Beat",
 "descriptions": "Broken beat，或 \"BRUK \"，是一种电子音乐类型，其特点是以4/4为典型的切分音节奏，加上交错间断的军鼓以及Hand Claps。它对英国的音乐产生了很大的影响。\n\n这个领域的艺术家大多具有鼓打贝斯、House、Hip Hop、Techno或酸性爵士乐的背景。Broken beat也起源于20世纪70年代的爵士乐融合，并受到诸如Lonnie Liston Smith、The Mizell Brothers（70年代中期Donald Byrd、Bobbi Humphrey和Johnny Hammond的制作人）、Herbie Hancock、George Duke等艺术家的影响。人们还可能听到迪斯科、1980年代当代R&B和放克（Shalamar、Prince）、早期电子乐（Kraftwerk）、嘻哈（\"Planet Rock\"）、1980年代新浪潮（Depeche Mode、New Order）、House和Techno的回声。\n",
 "originalName": "",
 "startTimeText": "1990s中后期",
 "startAddress": "London, United Kingdom",
 "searchStyle": "Breakbeat",
 "styleCategory": "Breakbeat",
 "originalStyle": "Jazz fusion, soul, funk, house, techno, drum and bass",
 "affectStyle": "",
 "deriveStyle": "",
 "representArtist": "",
 "officialUrl": "https://en.wikipedia.org/wiki/Broken_beat",
 "typeId": 13,
 "typeName": "风格",
 "dataId": 100,
 "url": "http://dropinapp.hearinmusic.com/#/ency?typeId=13&dataId=100"
}