{
 "pageNum": 1,
 "pageSize": 10,
 "params": {},
 "relationChannel": "[{\"id\":1104,\"parentId\":8,\"name\":\"Changa Tuki\"}]",
 "content": "<p>Changa tuki（又称Raptor House）是起源于委内瑞拉的House音乐子风格和文化。它是一种源于电子音乐的生活方式、舞蹈和音乐流派，90年代初起源于委内瑞拉加拉加斯，直到2000年代末，它一直是一股强劲的潮流，并存在于派对中。Changa文化与其他流派如雷鬼、萨尔萨、emo等一起，是委内瑞拉人民之间的一大主流。它的舞者和支持者被称为tuki（s）。它的舞蹈是一种贫民窟舞蹈的风格。</p>\n<p>&nbsp;</p>\n<p>他们的服装风格特殊，大多穿着紧身的红色裤子，无袖衬衫，几乎遮住眼睛的帽子，Air Jordan风格的耐克鞋，并用过氧化氢喷涂胡须和发梢。城市文化，绝大多数与贫穷阶层有关，特别是与诡计和暴徒有关。</p>\n<p>&nbsp;</p>\n<p>这种风格的创造者和最知名的DJ是DJ Baba和DJ Irvin，其他具有代表性的DJ有Pacheko，Pocz。在最受追捧的舞者中，我们可以提及Elber El Maestro等。</p>\n<p>&nbsp;</p>\n<p>葡萄牙DJ Buraka Som Sistema喜欢Changa tuki，并演奏了许多这种风格的歌曲，还进行了创作。美国DJ Scoop DeVille也表达了他对这种运动的喜爱，他说 \"他对此产生了真正的热情\"。</p>\n<p>&nbsp;</p>\n<p>加拉加斯最著名的聚会场所是Adrena，人们在这里伴随tuki音乐跳舞，并且有优秀的DJ和歌手。</p>\n<p>&nbsp;</p>\n<p>另外，当时很多人把tuki这个词与冒犯联系在一起，认为大多数tukis其实是委内瑞拉式的暴徒。</p>",
 "contentEn": "<p><strong>Changa tuki</strong>&nbsp;(also known as&nbsp;<strong>Raptor house</strong>) is a life-style, dance and music genre derived from electronic music that originated in&nbsp;Caracas,&nbsp;Venezuela&nbsp;in early-1990s and it was a strong trend and present in parties until the late-2000s. The Changa culture was a big mainstream between the people of Venezuela along with other genres such as&nbsp;reggaeton,&nbsp;salsa, and&nbsp;emo. Its dancers and supporters are known as&nbsp;<em>tuki</em>(s). The dance of it is a style of&nbsp;<em>ghetto</em>&nbsp;dance.</p>\n<p>&nbsp;</p>\n<p>They had a particular style of clothing in which they mostly wore tight red pants,&nbsp;sleeveless shirts, caps that almost covered their eyes,&nbsp;Nike&nbsp;shoes in the style of the&nbsp;Air Jordan, and were painted with&nbsp;hydrogen peroxide&nbsp;their whiskers and the tip of the hair.<sup class=\"noprint Inline-Template\">[<em><span title=\"The text near this tag may need clarification or removal of jargon. (March 2021)\">clarification needed</span></em>]</sup>&nbsp;An urban culture that in its great majority was related to the poor classes and especially to the trickery and a kind of thug.</p>\n<p>&nbsp;</p>\n<p>The creators of this style and the greatest&nbsp;DJs&nbsp;were DJ Baba and DJ Irvin, other DJs that could be mentioned were Pacheko, Pocz. Of the most remembered dancers we can mention Elber El Maestro among others.</p>\n<p>&nbsp;</p>\n<p>Portuguese DJs&nbsp;Buraka Som Sistema&nbsp;liked the changa tuki and played many songs of this style and also compose. American DJ&nbsp;Scoop DeVille&nbsp;also expressed how he liked this movement saying that \"he has developed a true passion for this\".<sup id=\"cite_ref-1\" class=\"reference\">[1]</sup></p>\n<p>&nbsp;</p>\n<p>The most famous meeting place in Caracas where the tuki music was danced and there were good DJs of the genre was&nbsp;<em>Adrena</em>.</p>\n<p>&nbsp;</p>\n<p>Also, many people at that time linked the tuki word offensively and that most of the Tukis were really Venezuelan style-thugs.</p>\n<h2>&nbsp;</h2>\n<h2><span id=\"References\" class=\"mw-headline\">References</span></h2>\n<div class=\"reflist\">\n<div class=\"mw-references-wrap\">\n<ol class=\"references\">\n<li id=\"cite_note-1\"><span class=\"mw-cite-backlink\"><strong>^</strong></span>&nbsp;<span class=\"reference-text\"><cite class=\"citation cs2\"><em>documentary film: Qui&eacute;n Quiere Tuki? - Who Wants Tuki?</em>, MOSTRO Contenidos &ndash; via YouTube</cite></span></li>\n</ol>\n</div>\n</div>",
 "remarks": "本词条汉字内容由 @多频百科团队 翻译+编辑\n原文译自 https://en.wikipedia.org/wiki/Changa_tuki",
 "remarksEn": "本词条内容来自 https://en.wikipedia.org/wiki/Changa_tuki",
 "status": 1,
 "clickNum": 16,
 "deleted": 0,
 "lang": 0,
 "chooseLang": true,
 "id": 44,
 "name": "Changa Tuki",
 "descriptions": "Changa Tuki是起源于委内瑞拉的House音乐子风格和文化。",
 "originalName": "Raptor house",
 "startTimeText": "Early 1990s - 2000s",
 "startAddress": "Caracas - Venezuela",
 "searchStyle": "House",
 "styleCategory": "House",
 "originalStyle": "House, techno, electronica, tribal house, reggaeton, salsa, bubbling, Dutch house, kuduro, UK funky",
 "affectStyle": "",
 "deriveStyle": "",
 "representArtist": "DJ Baba, DJ Irvin",
 "officialUrl": "https://en.wikipedia.org/wiki/Changa_tuki",
 "typeId": 13,
 "typeName": "风格",
 "dataId": 44,
 "url": "http://dropinapp.hearinmusic.com/#/ency?typeId=13&dataId=44"
}