{
 "pageNum": 1,
 "pageSize": 10,
 "params": {},
 "relationChannel": "[{\"id\":1105,\"parentId\":8,\"name\":\"Chicago House\"}]",
 "content": "<p>Chicago House（芝加哥浩室舞曲）指的是20世纪80年代中期到后期在芝加哥制作的House音乐。这个词一般指的是20世纪80年代以芝加哥为活跃地区的艺术家们开创的最早期的House音乐作品。</p>\n<p>&nbsp;</p>\n<p>Chicage House应该算是House的原型。它是迪斯科（Disco）退潮后的承接，也是后来各种浩室舞曲分支发展的基础。最早的浩室音乐源自于美国1980年代初期到中期。House一字是出自于芝加哥当代知名的舞厅&ldquo;仓库&rdquo;（Warehouse）,当时驻场DJ法兰奇‧那寇斯（Frankie Knuckles）在此播放连续的经典迪斯科可以及欧陆合成器电子音乐的混音舞曲，而舞厅的常客把他的混音作品归纳于浩室类型。 特征 芝加哥浩室舞曲代表着浩室舞曲的最基本特征：由鼓机所组成4/4拍子，伴随着厚实的低音声线（bassline）。在这层基础之上再加入各种电子乐器制造出来的声音和取样（sample），比如爵士乐、蓝调或流行电音（synth pop）。 流行时段 由于芝加哥浩室舞曲的&ldquo;基础性&rdquo;，它并没有像后来的某些分支大规模的流行，但它也在从1980年代中至今的任何时段都存在着。&nbsp;</p>",
 "remarks": "本词条内容暂未完善仅供参考，多频百科小编正在火速赶来",
 "remarksEn": "本词条内容暂未完善仅供参考，多频百科小编正在火速赶来",
 "status": 1,
 "clickNum": 22,
 "deleted": 0,
 "lang": 0,
 "chooseLang": false,
 "id": 45,
 "name": "Chicago House",
 "descriptions": "Chicago House（芝加哥浩室舞曲）指的是20世纪80年代中期到后期在芝加哥制作的House音乐。这个词一般指的是20世纪80年代以芝加哥为活跃地区的艺术家们开创的最早期的House音乐作品。",
 "originalName": "",
 "startTimeText": "Early-mid-1980s",
 "startAddress": " Chicago, U.S.",
 "searchStyle": "House",
 "styleCategory": "House",
 "originalStyle": "Italo disco, electro, post-disco",
 "affectStyle": "",
 "deriveStyle": "",
 "representArtist": "",
 "officialUrl": "https://en.wikipedia.org/wiki/Chicago_house",
 "typeId": 13,
 "typeName": "风格",
 "dataId": 45,
 "url": "http://dropinapp.hearinmusic.com/#/ency?typeId=13&dataId=45"
}