{
 "pageNum": 1,
 "pageSize": 10,
 "params": {},
 "relationChannel": "[{\"id\":1202,\"parentId\":8,\"name\":\"Chillstep\"}]",
 "content": "<p>Chillstep是Dubstep的一种子风格，是带有舒适情感的Dubstep，通常有爵士乐般的节奏和80年代的合成器音色的组合。它不仅仅是一个子流派，而是一个打开你的思想和触动你的灵魂的Subbass领域的旅行。Chillstep的特点是比主流Dubstep更深沉、更稳定的低音，Chillstep受到了Future Garage的影响，Future Garage是UK Garage的一个变种，普遍受到Dubstep和Ambient的影响。</p>\n<p>&nbsp;</p>\n<p>值得一提的艺术家是早年的Blackmill。CoMa、EvenS、Killigrew和SizzleBird多年来也为chillstep的声音做出了贡献。其他几位艺术家也帮助了这个流派的成长和发展，如Eminus、Sacred、Vexaic、Faux Tales、Sappheiros、Jacoo和Electus等等。</p>",
 "contentEn": "<p>Chillstep is Dubstep with emotion. Often bearing combinations of jazz-like rhythms and 80's inflected synth tones, it is not just a subgenre, but a trip into the realm of sub-bass that opens your mind and touches your soul. Usually characterized by much deeper and more consistent bass sounds than mainstream Dubstep, Chillstep is influenced by Future Garage, a variant of UK Garage which has prevalent Dubstep and Ambient influences.</p>\n<p>&nbsp;</p>\n<p>Notable artist is Blackmill in the early years. CoMa, EvenS, Killigrew and SizzleBird have also contributed to the sound of chillstep over the years. Several other artists have helped the genre to grow and develop over the years such as, Eminus, Sacred, Vexaic, Faux Tales, Sappheiros, Jacoo and Electus to mention a few.</p>",
 "remarks": "本词条汉字内容由 @多频百科团队 翻译+编辑\n原文译自 https://www.last.fm/tag/chillstep",
 "remarksEn": "本词条内容来自 https://www.last.fm/tag/chillstep",
 "status": 1,
 "clickNum": 56,
 "deleted": 0,
 "lang": 0,
 "chooseLang": true,
 "id": 161,
 "name": "Chillstep",
 "descriptions": "Chillstep是Dubstep的一种子风格，是带有舒适情感的Dubstep，通常有爵士乐般的节奏和80年代的合成器音色的组合。",
 "originalName": "",
 "startTimeText": "",
 "startAddress": "",
 "searchStyle": "Dubstep",
 "styleCategory": "Dubstep",
 "originalStyle": "dubstep, electronic, ambient, chillout, future garage, melodic dubstep",
 "affectStyle": "",
 "deriveStyle": "",
 "representArtist": "Blackmill, Modestep, Phaeleh",
 "officialUrl": "https://www.last.fm/tag/chillstep",
 "typeId": 13,
 "typeName": "风格",
 "dataId": 161,
 "url": "http://dropinapp.hearinmusic.com/#/ency?typeId=13&dataId=161"
}