{
 "pageNum": 1,
 "pageSize": 10,
 "params": {},
 "relationChannel": "[{\"id\":1409,\"parentId\":8,\"name\":\"Chinese grime\"}]",
 "content": "<div>\n<div class=\"document\">\n<p class=\"paragraph text-align-type-left pap-line-1.8 pap-line-rule-auto pap-spacing-before-0pt pap-spacing-after-0pt\">Chinese Grime是Grime音乐在中国本土演化和发展的具有地域性特征的子风格。</p>\n<p class=\"paragraph text-align-type-left pap-line-1.8 pap-line-rule-auto pap-spacing-before-0pt pap-spacing-after-0pt\">&nbsp;</p>\n<p class=\"paragraph text-align-type-left pap-line-1.8 pap-line-rule-auto pap-spacing-before-0pt pap-spacing-after-0pt\">在中国的上海和北京，存在着一个相对较小的grime场景，由两位英国外籍人士Naaah和Alta发起。2015年前后，Alta和Naaah的厂牌Push &amp; Pull和发起人Puzzy Stack开始推广grime派对。在上海，这些派对主要在一家名为The Shelter的俱乐部举办。许多本地制作人会去这家俱乐部展示他们的音乐。该俱乐部在2016年年底因为牌照问题被关闭，后来他们会搬到All Club。</p>\n<p class=\"paragraph text-align-type-left pap-line-1.8 pap-line-rule-auto pap-spacing-before-0pt pap-spacing-after-0pt\">&nbsp;</p>\n<p class=\"paragraph text-align-type-left pap-line-1.8 pap-line-rule-auto pap-spacing-before-0pt pap-spacing-after-0pt\">2009年，一种被称为 \"sinogrime \"的融合了东亚主题元素的grime风格在中国首次开始受到关注，并影响了本地制作人。上海的制作人Swimful在2016年重新混音了Wiley的sinogrime器乐《上海》。北京的制作人Howie Lee也制作了一张带有sinogrime元素的专辑《M&ugrave; Ch&egrave; Shān Chū》。</p>\n<p class=\"paragraph text-align-type-left pap-line-1.8 pap-line-rule-auto pap-spacing-before-0pt pap-spacing-after-0pt\">&nbsp;</p>\n<p class=\"paragraph text-align-type-left pap-line-1.8 pap-line-rule-auto pap-spacing-before-0pt pap-spacing-after-0pt\">与其他地方的grime不同，由于缺乏本土MC，中国grime多为器乐。据北京的grime推广人Puzzy Stack说，高强度的grime让中国MC很难说唱过来。俱乐部在这一场景中扮演着重要的角色，举办grime之夜，让当地的DJ和制作人可以来展示他们的音乐。制作人有时会加入本地流行文化的样本和参考，比如功夫电影或Mandopop。</p>\n<p class=\"paragraph text-align-type-left pap-line-1.8 pap-line-rule-auto pap-spacing-before-0pt pap-spacing-after-0pt\">&nbsp;</p>\n<p class=\"paragraph text-align-type-left pap-line-1.8 pap-line-rule-auto pap-spacing-before-0pt pap-spacing-after-0pt\">2016年，英国grime MC Novelist和AJ Tracey访问上海，并与当地grime制作人一起演出。Killa P、P Money和日本MC Pakin和Dekishi也曾到访。</p>\n<p class=\"paragraph text-align-type-left pap-line-1.8 pap-line-rule-auto pap-spacing-before-0pt pap-spacing-after-0pt\">&nbsp;</p>\n<p class=\"paragraph text-align-type-left pap-line-1.8 pap-line-rule-auto pap-spacing-before-0pt pap-spacing-after-0pt\">2018年，中国饶舌歌手艾福杰尼After Journey前往英国与当地MC Cadell一同拍摄一部关于Grime的纪录片。在拍摄纪录片的同时，Cadell和After Journey还制作了一首由英国&amp;中国MC演唱的grime歌曲《2 Much》，这首歌后来被BBC Radio 1xtra的DJ Target收录。</p>\n</div>\n</div>",
 "contentEn": "<p>A relatively small grime scene exists in&nbsp;Shanghai&nbsp;and&nbsp;Beijing, China,<sup id=\"cite_ref-:18_149-0\" class=\"reference\"></sup>&nbsp;started by two British expats Naaah and Alta. Around 2015, Alta's and Naaah's label Push &amp; Pull and promoter Puzzy Stack began promoting grime parties.&nbsp;In Shanghai, these were primarily hosted in a club called The Shelter. Many local producers would go to the club to showcase their music. The club was shutdown in late 2016 due to licensing problems&nbsp;and they would later move to All Club.</p>\n<p>&nbsp;</p>\n<p>A style of grime known as 'sinogrime' which incorporates elements of East Asian motifs first began being noticed in China by 2009, and would influence local producers.<sup id=\"cite_ref-:18_149-2\" class=\"reference\"></sup>&nbsp;Shanghai&nbsp;based producer Swimful remixed Wiley's sinogrime instrumental \"Shanghai\" in 2016.<span style=\"font-size: 11.6667px;\">&nbsp;</span>Beijing&nbsp;based producer Howie Lee also produced an album with Sinogrime elements, called \"<em>M&ugrave; Ch&egrave; Shān Chū\".</em></p>\n<p>&nbsp;</p>\n<p>Unlike grime elsewhere, Chinese grime is mostly instrumental due to the lack of local MCs. According to Puzzy Stack, a grime promoter based in Beijing, the fast intensity of grime makes it difficult for Chinese MC's to rap over. Clubs play a large role in the scene, holding grime nights wherein local DJs and producers can come and showcase their music.<sup id=\"cite_ref-:2_151-3\" class=\"reference\"></sup>&nbsp;Producers sometimes include samples and references from local&nbsp;pop-culture&nbsp;like&nbsp;Kung-Fu movies&nbsp;or&nbsp;Mandopop.<sup id=\"cite_ref-:2_151-4\" class=\"reference\"></sup></p>\n<p>&nbsp;</p>\n<p>In 2016, UK grime MC&nbsp;Novelist<sup id=\"cite_ref-156\" class=\"reference\"></sup>&nbsp;and&nbsp;AJ Tracey&nbsp;<sup id=\"cite_ref-157\" class=\"reference\"></sup>visited Shanghai and played alongside local grime producers. Killa P,&nbsp;P Money&nbsp;and Japanese MCs Pakin and Dekishi have also visited.<sup id=\"cite_ref-:18_149-4\" class=\"reference\"></sup></p>\n<p>&nbsp;</p>\n<p>In 2018, Chinese rapper After Journey (<span lang=\"zh\" title=\"Chinese-language text\">艾福杰尼</span>&nbsp;<em>&Agrave;if&uacute;ji&eacute;n&iacute;</em>) visited the UK to film a&nbsp;documentary<sup id=\"cite_ref-159\" class=\"reference\"></sup>&nbsp;about Grime alongside UK MC Cadell. As well as the documentary, Cadell and After Journey made the first ever grime song featuring a UK &amp; Chinese MC called \"2 Much\",<sup id=\"cite_ref-160\" class=\"reference\"></sup>&nbsp;which was later featured by&nbsp;DJ Target&nbsp;on&nbsp;BBC Radio 1xtra.</p>",
 "remarks": "本词条汉字内容由 @多频百科团队 翻译+编辑\n原文译自 https://en.wikipedia.org/wiki/Grime_(music_genre)#Chinese_grime",
 "remarksEn": "本词条内容来自 https://en.wikipedia.org/wiki/Grime_(music_genre)#Chinese_grime",
 "status": 1,
 "clickNum": 19,
 "deleted": 0,
 "lang": 0,
 "chooseLang": true,
 "id": 131,
 "name": "Chinese grime",
 "descriptions": "Chinese Grime是Grime音乐在中国本土演化和发展的具有地域性特征的子风格。",
 "originalName": "",
 "startTimeText": "Around 2015",
 "startAddress": "Shanghai",
 "searchStyle": "UK Garage",
 "styleCategory": "Grime",
 "originalStyle": "Grime",
 "affectStyle": "",
 "deriveStyle": "",
 "representArtist": "After Journey, Naaah, Alta, Howie Lee",
 "officialUrl": "https://en.wikipedia.org/wiki/Grime_(music_genre)#Chinese_grime",
 "typeId": 13,
 "typeName": "风格",
 "dataId": 131,
 "url": "http://dropinapp.hearinmusic.com/#/ency?typeId=13&dataId=131"
}