{
 "pageNum": 1,
 "pageSize": 10,
 "params": {},
 "relationChannel": "[{\"id\":1267,\"parentId\":8,\"name\":\"City Pop\"}]",
 "content": "<div>\n<div class=\"document\">\n<div>\n<div class=\"document\">\n<p class=\"paragraph text-align-type-left pap-line-1.8 pap-line-rule-auto pap-spacing-before-2pt pap-spacing-after-2pt\">City pop是来自日本流行音乐的一种比较松散定义的分类，出现于20世纪70年代末，在80年代达到顶峰。它最初是受西方影响的日本&ldquo;new music&rdquo;的一个分支，但后来包括了与日本的休闲阶层和新生的经济繁荣有关的多种风格，如AOR、soft rock、R&amp;B、funk和boogie。随身听、有内置卡带和FM立体声音响的汽车，以及各种电子乐器等新技术的出现也与City pop兴起有关。</p>\n<p class=\"paragraph text-align-type-left pap-line-1.8 pap-line-rule-auto pap-spacing-before-2pt pap-spacing-after-2pt\">&nbsp;</p>\n<p class=\"paragraph text-align-type-left pap-line-1.8 pap-line-rule-auto pap-spacing-before-2pt pap-spacing-after-2pt\">对于City pop的定义，学者们还没有达成统一的共识。在日本，这只是指那有&ldquo;urban&rdquo;感觉、目标人群是城市人的音乐。许多艺术家并不接受他们前辈的日本影响，相反，他们很大程度上借鉴了美国的soft rock、boogie和funk，也可能受热带地区繁荣的音乐disco、jazz fusion、冲绳、拉丁和加勒比音乐元素影响。创作型歌手山下达郎是该流派的先驱和最成功的艺术家之一，有时被称为city pop之王。</p>\n<p class=\"paragraph text-align-type-left pap-line-1.8 pap-line-rule-auto pap-spacing-before-2pt pap-spacing-after-2pt\">&nbsp;</p>\n<p class=\"paragraph text-align-type-left pap-line-1.8 pap-line-rule-auto pap-spacing-before-2pt pap-spacing-after-2pt\">City pop在20世纪80年代后失去了主流的吸引力，被日本年轻一代嘲笑为&ldquo;shitty pop&rdquo;。2010年代初期，在音乐分享博客和各类重制版本的推动下，city pop在网络上获得了国际关注，同时也成为vaporwave和future funk等微流派的基石。</p>\n<p class=\"paragraph text-align-type-left pap-line-1.8 pap-line-rule-auto pap-spacing-before-2pt pap-spacing-after-2pt\">&nbsp;</p>\n<div>\n<div class=\"document\">\n<p class=\"paragraph text-align-type-left pap-line-1.8 pap-line-rule-auto pap-spacing-before-2pt pap-spacing-after-2pt\"><strong>定义</strong></p>\n<p class=\"paragraph text-align-type-left pap-line-1.8 pap-line-rule-auto pap-spacing-before-2pt pap-spacing-after-2pt\">&ldquo;City Pop&rdquo;的定义各不相同，许多带有该流派标签的艺术家的演奏风格截然不同。 Yutaka Kimura 是多本关于City Pop书籍的作者，他将City Pop定义为&ldquo;适合那些拥有城市生活方式的人的现代流行音乐（Urban Pop Music）。&rdquo;2015 年，Ryotaro Aoki 在《日本时报》上写道：</p>\n<p class=\"paragraph text-align-type-left pap-line-1.8 pap-line-rule-auto pap-spacing-before-2pt pap-spacing-after-2pt\">&nbsp;</p>\n<p class=\"paragraph text-align-type-left pap-line-1.8 pap-line-rule-auto pap-spacing-before-2pt pap-spacing-after-2pt\">City Pop最初用于描述 1970 年代和 80 年代新兴的受西方影响的&ldquo;New Music&rdquo;的分支。 &ldquo;城市流行&rdquo;指的是 Sugar Babe 和 Eiichi Ohtaki 这样的艺术家，他们去除了前辈的一些日本文化影响，并将爵士乐和 R&amp;B 的声音&mdash;&mdash;这些据说具有&ldquo;城市&rdquo;感觉的流派&mdash;&mdash;引入他们的音乐. ......City Pop这个词从那时起就在音乐词典中进进出出。 &hellip;&hellip;对于这样一个模糊而广泛的术语，很自然地，似乎没有人再就这个标签的实际含义达成一致。&rdquo;</p>\n<p class=\"paragraph text-align-type-left pap-line-1.8 pap-line-rule-auto pap-spacing-before-2pt pap-spacing-after-2pt\">&nbsp;</p>\n<p class=\"paragraph text-align-type-left pap-line-1.8 pap-line-rule-auto pap-spacing-before-2pt pap-spacing-after-2pt\">滚石乐队的乔恩&middot;布利斯坦 (Jon Blistein) 也同意City Pop&ldquo;不是一个严格的流派术语，而是一个广泛的氛围分类。&rdquo;根据Japan Archival Series负责人 Yosuke Kitazawa 的说法，&ldquo;我们希望通过这些歌曲去表达的东西不受任何特定风格或流派&rdquo;，但它&ldquo;是城市人为城市人制作的音乐。&rdquo;Kitazawa还确定了两种不同的形式来体现City Pop。</p>\n<p class=\"paragraph text-align-type-left pap-line-1.8 pap-line-rule-auto pap-spacing-before-2pt pap-spacing-after-2pt\">&nbsp;</p>\n<p class=\"paragraph text-align-type-left pap-line-1.8 pap-line-rule-auto pap-spacing-before-2pt pap-spacing-after-2pt\">Pitchfork 的 Joshua Minsoo Kim 称其为&ldquo;日本音乐融合Jazz和 R&amp;B 的日本音乐的一种模糊表达&rdquo;， 而 PopMatters 的 Chris Ingalls 将其归类为&ldquo;一种soft rock/AOR/funk&rdquo;。Wax Poetics 的 Ed Motta 表示：&ldquo;City Pop 真的是 AOR 和soft rock，但也有一些funk和boogie。因为当你听到更时髦的 City Pop 音乐时，你不但会听到来自这些风格的影响，而且有些部分会直接从 Skyy、BB&amp;Q Band 等有点像美国的Boogie和Funk乐队作品中'窃取'。&rdquo; 一位来自 Electronic Beats 的作家将City Pop描述为日本&ldquo;对合成器流行音乐和迪斯科舞厅的回应&rdquo;。</p>\n</div>\n</div>\n</div>\n</div>\n</div>\n</div>\n<p>&nbsp;</p>\n<div>\n<div class=\"document\">\n<p class=\"paragraph text-align-type-left pap-line-1.8 pap-line-rule-auto pap-spacing-before-2pt pap-spacing-after-2pt\"><strong>音乐起源</strong></p>\n<p class=\"paragraph text-align-type-left pap-line-1.8 pap-line-rule-auto pap-spacing-before-2pt pap-spacing-after-2pt\">在音乐上，City Pop音乐应用了相对先进的歌曲创作和编曲技巧&mdash;&mdash;例如Major 7th（大七度）和Diminished（减三）和弦&mdash;&mdash;它们直接来自那个时代的美国soft-rock（如Steely Dan和the Doobie Brothers等乐队）。 Yutaka 将 Happy End 乐队称为City Pop类型的&ldquo;ground zero&rdquo;(起点)， 而 Motta 则将其追溯到 1970 年代中期的 Haruomi Hosono 和 Tatsuro Yamashita 的作品。撰稿人 Rob Arcand 同样将Hosono视为对City Pop音乐的&ldquo;关键影响&rdquo;。1970 年代中期，Hosono成立了乐队 Tin Pan Alley，将南部的 R&amp;B、北部的灵魂乐和爵士乐与夏威夷和冲绳热带风情融为一体。来自 Fact Mag 的 Mikey I.Q. Jones的观点认为，这直接导向了City Pop风格。</p>\n<p class=\"paragraph text-align-type-left pap-line-1.8 pap-line-rule-auto pap-spacing-before-2pt pap-spacing-after-2pt\">&nbsp;</p>\n<p class=\"paragraph text-align-type-left pap-line-1.8 pap-line-rule-auto pap-spacing-before-2pt pap-spacing-after-2pt\">City Pop与 1970 和 1980 年代日本的科技繁荣密切相关。影响城市流行音乐的一些日本技术包括随身听、内置卡带式录音机和 FM 立体声音响的汽车，以及各种电子乐器，如卡西欧 CZ-101 和雅马哈 CS-80 合成器和 Roland TR-808 鼓机。根据 Blistein 的说法，电子乐器和小工具&ldquo;允许音乐家实现在他们脑海中的声音&rdquo;，而卡带录音机&ldquo;允许粉丝复制和传播专辑&rdquo;。 根据 Blistein 的说法：&ldquo;流行、迪斯科、放克、R&amp;B、布吉、爵士融合、拉丁、加勒比和波利尼西亚音乐的华丽融合，这种流派与科技推动的经济泡沫及其创造的富裕的新休闲阶层密不可分。 &rdquo;</p>\n<p class=\"paragraph text-align-type-left pap-line-1.8 pap-line-rule-auto pap-spacing-before-2pt pap-spacing-after-2pt\">&nbsp;</p>\n<div>\n<div class=\"document\">\n<p class=\"paragraph text-align-type-left pap-line-1.8 pap-line-rule-auto pap-spacing-before-2pt pap-spacing-after-2pt\"><strong>人气</strong></p>\n<p class=\"paragraph text-align-type-left pap-line-1.8 pap-line-rule-auto pap-spacing-before-2pt pap-spacing-after-2pt\">City Pop音乐成为一种独特的地区流派，在 1980 年代达到顶峰。 根据 Vice 的说法，该流派中最受欢迎的人物是&ldquo;有成就的作曲家和制作人，他们像Tatsuro Yamashita和Toshiki Kadomatsu这样的艺术家将复杂的编曲和歌曲创作技巧融入到他们的热门歌曲中，&hellip;&hellip;蓬勃发展的经济也让这一切变得更加容易为他们获得厂牌的支持&rdquo;。Yamashita有时被称为城市流行音乐的&ldquo;国王&rdquo;。1980 年代之后，该类型失去了主流吸引力。在Kitazawa的描述中，&ldquo;许多在这种音乐中长大的日本人认为城市流行音乐是俗气的、主流的、一次性的音乐。&rdquo;</p>\n<p class=\"paragraph text-align-type-left pap-line-1.8 pap-line-rule-auto pap-spacing-before-2pt pap-spacing-after-2pt\">&nbsp;</p>\n<p class=\"paragraph text-align-type-left pap-line-1.8 pap-line-rule-auto pap-spacing-before-2pt pap-spacing-after-2pt\">自 2010 年代以来，随着Mariya Takeuchi（竹内玛丽亚）等艺人在互联网上获得全球乐迷的追随者，City Pop音乐重新兴起，并成为蒸汽波和Future Funk等基于采样的微流派的试金石。 Kim 将 2010 年左右的&ldquo;Blogspot 博客和日本重制&rdquo;归功于&ldquo;将AOR、Funk、Disco和Yacht Rock（游艇摇滚）等风格通过无定式的形式重新介绍给音乐小白......这些音乐在很大程度上被西方人忽视并被许多日本人认为这很俗气，但随着 YouTube 算法将歌曲推向更广泛的集体意识，City Pop的流行度激增......&rdquo;2020 年，日本时报撰稿Patrick St. Miche报道说，&ldquo;在国外，精品厂牌都在重新发行稀有唱片或发行合辑，数百万人通过诸如&ldquo;Plastic Love&rdquo;之类的歌曲或由 YouTube 上看似无穷无尽的动漫片段在很大程度上体验了City Pop。&rdquo;</p>\n</div>\n</div>\n</div>\n</div>\n<p>&nbsp;</p>\n<div>\n<div class=\"document\">\n<p class=\"paragraph text-align-type-left pap-line-1.8 pap-line-rule-auto pap-spacing-before-2pt pap-spacing-after-2pt\">&nbsp;</p>\n</div>\n</div>",
 "contentEn": "<div>\n<div class=\"document\">\n<p class=\"paragraph text-align-type-left pap-line-1.8 pap-line-rule-auto pap-spacing-before-2pt pap-spacing-after-2pt\">City pop (シティ・ポップ, shitī poppu) is a loose category of Japanese pop music that emerged in the late 1970s and peaked in the 1980s. It was originally termed as an offshoot of Japan's Western-influenced \"new music\", but came to include a wide range of styles associated with the country's leisure class and nascent economic boom, such as AOR, soft rock, R&amp;B, funk, and boogie. It was also identified with new technologies such as the Walkman, cars with built-in cassette decks and FM stereos, and various electronic musical instruments.</p>\n<p class=\"paragraph text-align-type-left pap-line-1.8 pap-line-rule-auto pap-spacing-before-2pt pap-spacing-after-2pt\">&nbsp;</p>\n<p class=\"paragraph text-align-type-left pap-line-1.8 pap-line-rule-auto pap-spacing-before-2pt pap-spacing-after-2pt\">There is no unified consensus among scholars regarding the definition of city pop. In Japan, the tag simply referred to music that projected an \"urban\" feel and whose target demographic was urbanites. Many of the artists did not embrace the Japanese influences of their predecessors, and instead, largely drew from American soft rock, boogie, and funk. Some examples may also feature tropical flourishes or elements taken from disco, jazz fusion, Okinawan, Latin and Caribbean music. Singer-songwriter Tatsuro Yamashita, who was among the genre's pioneers and most successful artists, is sometimes called the \"king\" of city pop.</p>\n<p class=\"paragraph text-align-type-left pap-line-1.8 pap-line-rule-auto pap-spacing-before-2pt pap-spacing-after-2pt\">&nbsp;</p>\n<p class=\"paragraph text-align-type-left pap-line-1.8 pap-line-rule-auto pap-spacing-before-2pt pap-spacing-after-2pt\">City pop lost mainstream appeal after the 1980s and was widely derided by younger generations of Japanese as \"shitty pop\". In the early 2010s, partly through the instigation of music-sharing blogs and Japanese reissues, city pop gained an international online following as well as becoming a touchstone for the sample-based microgenres known as vaporwave and future funk.</p>\n<p class=\"paragraph text-align-type-left pap-line-1.8 pap-line-rule-auto pap-spacing-before-2pt pap-spacing-after-2pt\">&nbsp;</p>\n<div>\n<div class=\"document\">\n<p class=\"paragraph text-align-type-left pap-line-1.8 pap-line-rule-auto pap-spacing-before-2pt pap-spacing-after-2pt\">Definitions</p>\n<p class=\"paragraph text-align-type-left pap-line-1.8 pap-line-rule-auto pap-spacing-before-2pt pap-spacing-after-2pt\">Definitions of \"city pop\" have varied and many of the artists tagged with the genre have played in styles that are significantly different from each other.[2] Yutaka Kimura, an author of numerous books about city pop, defined the genre as \"urban pop music for those with urban lifestyles.\"[8] In 2015, Ryotaro Aoki wrote in The Japan Times:</p>\n<p class=\"paragraph text-align-type-left pap-line-1.8 pap-line-rule-auto pap-spacing-before-2pt pap-spacing-after-2pt\">&nbsp;</p>\n<p class=\"paragraph text-align-type-left pap-line-1.8 pap-line-rule-auto pap-spacing-before-2pt pap-spacing-after-2pt\">The term was originally used to describe an offshoot of the emerging Western-influenced \"new music\" of the 1970s and &rsquo;80s. \"City pop\" referred to the likes of Sugar Babe [ja] and Eiichi Ohtaki, artists who scrubbed out the Japanese influences of their predecessors and introduced the sounds of jazz and R&amp;B &mdash; genres said to have an \"urban\" feel &mdash; to their music. ... The term has drifted in and out of the musical lexicon ever since. ... With a term as vague and broad as city pop, it&rsquo;s natural that no one seems to be agreeing on what the label actually means anymore.\"[2]</p>\n<p class=\"paragraph text-align-type-left pap-line-1.8 pap-line-rule-auto pap-spacing-before-2pt pap-spacing-after-2pt\">&nbsp;</p>\n<p class=\"paragraph text-align-type-left pap-line-1.8 pap-line-rule-auto pap-spacing-before-2pt pap-spacing-after-2pt\">Jon Blistein of Rolling Stone concurred that city pop was \"less a strict genre term than a broad vibe classification.\"[1] According to Japan Archival Series supervisor Yosuke Kitazawa, there \"were no restrictions on style or a specific genre that we wanted to convey with these songs\" but that it \"was music made by city people, for city people.\"[1] Kitazawa identified two distinct styles that exemplified city pop: \"the former a lush, tropical romp, the latter a thumping rug-cutter\".[1]</p>\n<p class=\"paragraph text-align-type-left pap-line-1.8 pap-line-rule-auto pap-spacing-before-2pt pap-spacing-after-2pt\">&nbsp;</p>\n<p class=\"paragraph text-align-type-left pap-line-1.8 pap-line-rule-auto pap-spacing-before-2pt pap-spacing-after-2pt\">Pitchfork's Joshua Minsoo Kim called it \"a vague descriptor for Japanese music that incorporated jazz and R&amp;B\",[4] while PopMatters' Chris Ingalls categorized it as \"a type of soft rock/AOR/funk\".[9] Wax Poetics' Ed Motta offered, \"City Pop is really AOR and soft rock but with some funk and boogie too. Because when you hear funkier City Pop tunes, you hear not only the influence, but in some parts they steal from groups like Skyy, BB&amp;Q Band, and those kinda American boogie and funk groups.\"[3] An Electronic Beats writer characterized city pop as Japan's \"answer to synth pop and disco\".</p>\n<p class=\"paragraph text-align-type-left pap-line-1.8 pap-line-rule-auto pap-spacing-before-2pt pap-spacing-after-2pt\">&nbsp;</p>\n<div>\n<div class=\"document\">\n<p class=\"paragraph text-align-type-left pap-line-1.8 pap-line-rule-auto pap-spacing-before-2pt pap-spacing-after-2pt\">Musical origins</p>\n<p class=\"paragraph text-align-type-left pap-line-1.8 pap-line-rule-auto pap-spacing-before-2pt pap-spacing-after-2pt\">Musically, city pop applies relatively advanced songwriting and arranging techniques &ndash; such as major seventh and diminished chords &ndash; that are drawn directly from the American soft rock of the era (bands such as Steely Dan and the Doobie Brothers).[7] Yutaka cited the band Happy End as \"ground zero\" for the genre,[8] whereas Motta traces it to the mid-1970s with the work of Haruomi Hosono and Tatsuro Yamashita.[3] Vice contributor Rob Arcand similarly credited Hosono as a \"key influence\" on city pop.[10] In the mid-1970s, Hosono founded the band Tin Pan Alley, which fused southern R&amp;B, northern soul and jazz fusion with Hawaiian and Okinawan tropical flourishes. In the view of Fact Mag's Mikey I.Q. Jones, this led to the style of music that would be dubbed \"city pop\".[6]</p>\n<p class=\"paragraph text-align-type-left pap-line-1.8 pap-line-rule-auto pap-spacing-before-2pt pap-spacing-after-2pt\">&nbsp;</p>\n<p class=\"paragraph text-align-type-left pap-line-1.8 pap-line-rule-auto pap-spacing-before-2pt pap-spacing-after-2pt\">The genre became closely tied to the tech boom in Japan during the 1970s and 1980s. Some of the Japanese technologies which influenced city pop included the Walkman, cars with built-in cassette decks and FM stereos, and various electronic musical instruments such as the Casio CZ-101 and Yamaha CS-80 synthesizers and Roland TR-808 drum machine. According to Blistein, electronic instruments and gadgets \"allowed musicians to actualise the sounds in their heads\" and cassette decks \"allowed fans to dub copies of albums\".[1] According to Blistein: \"An opulent amalgamation of pop, disco, funk, R&amp;B, boogie, jazz fusion, Latin, Caribbean and Polynesian music, the genre was inextricably tied to a tech-fueled economic bubble and the wealthy new leisure class it created.\"</p>\n<p class=\"paragraph text-align-type-left pap-line-1.8 pap-line-rule-auto pap-spacing-before-2pt pap-spacing-after-2pt\">&nbsp;</p>\n<div>\n<div class=\"document\">\n<p class=\"paragraph text-align-type-left pap-line-1.8 pap-line-rule-auto pap-spacing-before-2pt pap-spacing-after-2pt\">Popularity</p>\n<p class=\"paragraph text-align-type-left pap-line-1.8 pap-line-rule-auto pap-spacing-before-2pt pap-spacing-after-2pt\">City pop became a distinct regional genre that peaked in popularity during the 1980s.[5] According to Vice, the most popular figures of the genre were \"accomplished composers and producers in their own right, with artists like Tatsuro Yamashita and Toshiki Kadomatsu incorporating complex arrangements and songwriting techniques into their hits, ... The booming economy also made it easier for them to get label funding\".[7] Yamashita is sometimes referred to as the \"king\" of city pop.[3] The genre lost mainstream appeal after the 1980s.[2] In the description of Kitazawa, \"Many Japanese people who grew up with this kind of music considered city pop as cheesy, mainstream, disposable music.\"[7]</p>\n<p class=\"paragraph text-align-type-left pap-line-1.8 pap-line-rule-auto pap-spacing-before-2pt pap-spacing-after-2pt\">&nbsp;</p>\n<p class=\"paragraph text-align-type-left pap-line-1.8 pap-line-rule-auto pap-spacing-before-2pt pap-spacing-after-2pt\">Since the 2010s, city pop has seen a resurgence with artists such as Mariya Takeuchi gaining an international online following, as well as becoming a touchstone for the sample-based microgenres known as vaporwave and future funk.[7][11] Kim credited \"Blogspot blogs and Japanese reissues\" circa 2010 with \"introduc[ing] music nerds to a strain of AOR, funk, disco, and yacht rock trafficked under the amorphous term ... The music had largely been neglected by Westerners and derided by many Japanese as cheesy, but as YouTube algorithms launched songs into the wider collective consciousness, city pop surged in popularity ...\"[4] In 2020, The Japan Times contributor Patrick St. Michel reported that, \"Abroad, boutique labels are reissuing rare records or releasing compilations, though millions have largely experienced city pop through songs such as Plastic Love or the seemingly endless playlists backed by anime snippets on YouTube.\"</p>\n<p class=\"paragraph text-align-type-left pap-line-1.8 pap-line-rule-auto pap-spacing-before-2pt pap-spacing-after-2pt\">&nbsp;</p>\n<p class=\"paragraph text-align-type-left pap-line-1.8 pap-line-rule-auto pap-spacing-before-2pt pap-spacing-after-2pt\">&nbsp;</p>\n</div>\n</div>\n</div>\n</div>\n</div>\n</div>\n</div>\n</div>",
 "remarks": "\n本词条汉字内容由 @多频百科团队 翻译+编辑\n原文译自https://en.wikipedia.org/wiki/City_pop",
 "remarksEn": "本词条内容来自 https://en.wikipedia.org/wiki/City_pop",
 "status": 1,
 "clickNum": 83,
 "deleted": 0,
 "lang": 0,
 "chooseLang": true,
 "id": 231,
 "name": "City Pop",
 "descriptions": "City pop是来自日本流行音乐的一种比较松散定义的分类，出现于20世纪70年代末，在80年代达到顶峰。",
 "originalName": "シティ・ポップ",
 "startTimeText": "Mid-1970s",
 "startAddress": "Japan",
 "searchStyle": "Disco",
 "styleCategory": "Post-disco",
 "originalStyle": "Pop, new music, soft rock, yacht rock, AOR, R&B, disco, funk, jazz fusion, boogie, soul, Okinawan, Latin, Caribbean, Polynesian",
 "affectStyle": "Vaporwave, future funk, J-pop",
 "deriveStyle": "",
 "representArtist": "",
 "officialUrl": "https://en.wikipedia.org/wiki/City_pop",
 "typeId": 13,
 "typeName": "风格",
 "dataId": 231,
 "url": "http://dropinapp.hearinmusic.com/#/ency?typeId=13&dataId=231"
}