{
 "pageNum": 1,
 "pageSize": 10,
 "params": {},
 "relationChannel": "[{\"id\":1337,\"parentId\":8,\"name\":\"Cold Wave\"}]",
 "content": "<p>Cold wave 是20世纪70年代末在欧洲兴起的一种松散的音乐流派，它的特点是以超然抒情的基调，使用早期的电子乐器和极简主义的方法和风格。它兴起于punk rock bands，他们受Kraftwerk等早期electronic groups的影响，利用Korg MS-20等廉价的便携式合成器。</p>\n<p>&nbsp;</p>\n<p><strong>特征</strong></p>\n<p>\"Cold wave \"是一个松散的描述，从 \"new wave \"衍生出来的，最初是留给70年代punk and electronic风格的集合。在其历史上，该风格的范围不断发展。Robert Selfert在其2018年出版的《Popmusik in Zeiten der Digitalisierung》一书中写道，这个词在忠实的乐迷中是 \"有争议的\"，他们对这个词的定义和时代性与众多替代术语进行了辩论。《SAGE流行音乐手册》（2014年）提出，这个词是后来被称为 \"dark wave\", \"goth\", 和 \"deathrock\"的早期同义词。根据Treblezine的撰稿人Jeff Terich的说法，在后来的几年里，\"cold wave\"被归入了 \"minimal wave\" or \"minimal synth\"的追溯性标签。据《Crack》杂志的汤姆-沃森（Tom Watson）说，\"比起他们的前辈--punk，他的声音更有控制性，却又是'更冷'的，带有抑郁的节奏\"。沃森还认为 \"更少的吉他作品，更多的模拟实验，好斗的节奏部分，最重要的是，一种强烈的自己动手的态度 \"是cold wave的共同意识形态的一部分。《卫报》的Louis Pattison曾表示，在80年代，法国cold wave乐队如Les Provisoires和Asylum Party \"开始用他们的母语演奏阴郁的后朋克，灵感来自工厂唱片制作人Martin Hannett开创的冰冷吉他和录音室制作的鼓声\"。</p>\n<p><br /><strong>历史起源（上世纪七八十年代）</strong></p>\n<p>\"cold wave \"一词出现在1977年11月26日出版的英国音乐周报《Sounds》上。封面图片的标题是：\"新音乐：The cold wave\"，这是Kraftwerk的Ralf H&uuml;tter和Florian Schneider。这一年，Kraftwerk推出了Trans-Europe Express。第二周，记者Vivien Goldman在《Sounds》上发表了一篇关于Siouxsie and the Banshees的文章，重复了这个词。1977年，Siouxsie and the Banshees将他们的音乐描述为 \"冷酷、机器般的同时又充满激情\"，《Sounds》杂志也预言了这支乐队。\"听起来就像21世纪的工业工厂 听着70年代到80年代的cold wave咆哮\"</p>\n<p><br />70年代末到80年代初，法国、比利时和波兰的音乐人出现了一个被称为 \"cold wave \"的场景。法国的这一场景也被称为 \"la vague froide\"，这是法国音乐媒体为描述Marquis de Sade乐队的声音而创造的一个术语。根据Vice的说法，最著名的表演是Marquis de Sade、Asylum Party和Twilight Ritual。Brave Punk World的作者James Greene将Marquis de Sade在1979年发行的专辑《Dantzig Twist》作为这一类型的 \"经典\"。他还提到KaS Product是一个 \"在80年代早期将冷波推向冰冷的地方，并最终成为其杰出的声音之一 \"的团体。在《SAGE国际音乐文化百科全书》（2019）中，Eric S. Strother将Ruth、Charles de Goal、Marquis De Sade、KaS Product、Asylum Party和Resistance确定为 \"重要的早期cold wave团体\"。根据1980年代参与现场活动的Pieter Schoolwerth的说法，cold wave艺术家和卡带厂牌通过地下卡带文化进行交流；比利时Alain Neffe的Insane Music厂牌在欧洲卡带文化中非常活跃。Schoolwerth还表示，纽约 \"猪之声\"（Sound of Pig Tapes）的Al Margolis和田纳西州 \"Harsh Reality Music \"的Chris Phinney活跃在工业/实验音乐领域，他们在很大程度上负责将minimal synth 和cold wave艺术家引入美国。</p>\n<p>&nbsp;</p>\n<p><strong>复兴（2000年代）</strong></p>\n<p>Wierd Records被认为在美国形成了对这种风格的兴趣，而The Liberty Snake Club则在英国普及了这种风格。由Ivan Smagghe编纂的Tigersushi Records合集《So Young but So Cold》是这个场景的记录之一。Crack记者Tom Watson将Angular Recordings的《Cold Waves and Minimal Electronics》（2010年）作为 \"至关重要 \"的合辑。Wierd Records每周三晚上在纽约举行的派对被《卫报》记者Louis Pattinson描述为2000年代早期cold wave和minimal synth 复兴的中心。在这些派对上表演的艺术家包括Blacklist、Xeno &amp; Oaklander和Led Er Est。</p>",
 "remarks": "本词条内容暂未完善仅供参考，多频百科小编正在火速赶来",
 "remarksEn": "本词条内容暂未完善仅供参考，多频百科小编正在火速赶来",
 "status": 0,
 "clickNum": 1,
 "deleted": 0,
 "lang": 0,
 "chooseLang": false,
 "id": 315,
 "name": "Cold Wave",
 "descriptions": "Cold wave 是20世纪70年代末在欧洲兴起的一种松散的音乐流派，它的特点是以超然抒情的基调，使用早期的电子乐器和极简主义的方法和风格。它兴起于punk rock bands，他们受Kraftwerk等早期electronic groups的影响，利用Korg MS-20等廉价的便携式合成器。",
 "originalName": "",
 "startTimeText": "Late 1970s – early 1980s,",
 "startAddress": "Europe",
 "searchStyle": "Electronic Rock",
 "styleCategory": "New Wave",
 "originalStyle": "Post-punk, electronic music",
 "affectStyle": "EBM,, electronica,, Dark Wave",
 "deriveStyle": "",
 "representArtist": "",
 "officialUrl": "https://en.wikipedia.org/wiki/Cold_wave_(music)",
 "typeId": 13,
 "typeName": "风格",
 "dataId": 315,
 "url": "http://dropinapp.hearinmusic.com/#/ency?typeId=13&dataId=315"
}