{
 "pageNum": 1,
 "pageSize": 10,
 "params": {},
 "relationChannel": "[{\"id\":1289,\"parentId\":8,\"name\":\"Collage\"}]",
 "content": "<div>\n<div class=\"document\">\n<p class=\"paragraph text-align-type-left pap-line-1.8 pap-line-rule-auto pap-spacing-before-2pt pap-spacing-after-2pt\">Collage是Musique Concr&egrave;te的一种形式，概念已经超越了视觉艺术的界限。</p>\n<p class=\"paragraph text-align-type-left pap-line-1.8 pap-line-rule-auto pap-spacing-before-2pt pap-spacing-after-2pt\">&nbsp;</p>\n<p class=\"paragraph text-align-type-left pap-line-1.8 pap-line-rule-auto pap-spacing-before-2pt pap-spacing-after-2pt\">在音乐方面，随着记录技术的发展，从20世纪中叶开始，前卫艺术家开始尝试剪切和粘贴。1960年代，George Martin在制作The Beatles乐队唱片的同时创建了collages。1967年，pop艺术家Peter Blake为甲壳虫乐队开创性专辑《Sgt》的封面制作了拼贴画。Pepper的Lonely Hearts Club Band乐队。在1970年代和1980年代，Christian Marclay和Negativland乐队等人以新的方式重新使用了旧的音频。</p>\n<p class=\"paragraph text-align-type-left pap-line-1.8 pap-line-rule-auto pap-spacing-before-2pt pap-spacing-after-2pt\">&nbsp;</p>\n<p class=\"paragraph text-align-type-left pap-line-1.8 pap-line-rule-auto pap-spacing-before-2pt pap-spacing-after-2pt\">到了1990年代和2000年代，随着采样器的普及，&ldquo;musical collages&rdquo;已经成为流行音乐的规范，尤其是在rap, hip-hop和electronic music。 1996年，DJ Shadow发行了开创性专辑Endtroducing.....，该专辑完全由预先存在的录制材料混合在一起制成，并通过audible collage制成。同年，New York City艺术家、作家和音乐家Paul D. Miller（又名DJ Spooky）在博物馆和画廊进行采样，这是一种艺术实践，将DJ文化与作为音源的资料结合起来，体现在他2004年的专辑Songs of a Dead Dreamer和Rhythm Science和2008年书籍作品麻省理工学院出版社的Rhythm Science。在他的书中，作者，艺术家和音乐家（例如Antonin Artaud，James Joyce，William S. Burroughs和Raymond Scott）基于&ldquo;混音&rdquo;和collage的混合被称为&ldquo;声音文学&rdquo;的一部分。 &rdquo;2000年，The Avalanches乐队发行了Since I Left You，属于collage，包含约3500个音乐来源（样本）。</p>\n</div>\n</div>",
 "contentEn": "<div>\n<div class=\"document\">\n<p class=\"paragraph text-align-type-left pap-line-1.8 pap-line-rule-auto pap-spacing-before-2pt pap-spacing-after-2pt\">The concept of collage has crossed the boundaries of visual arts.</p>\n<p class=\"paragraph text-align-type-left pap-line-1.8 pap-line-rule-auto pap-spacing-before-2pt pap-spacing-after-2pt\">&nbsp;</p>\n<p class=\"paragraph text-align-type-left pap-line-1.8 pap-line-rule-auto pap-spacing-before-2pt pap-spacing-after-2pt\">In music, with the advances on recording technology, avant-garde artists started experimenting with cutting and pasting since the middle of the twentieth century. In the 1960s, George Martin created collages of recordings while producing the records of The Beatles. In 1967 pop artist Peter Blake made the collage for the cover of the Beatles seminal album Sgt. Pepper's Lonely Hearts Club Band. In the 1970s and 1980s, the likes of Christian Marclay and the group Negativland reappropriated old audio in new ways.</p>\n<p class=\"paragraph text-align-type-left pap-line-1.8 pap-line-rule-auto pap-spacing-before-2pt pap-spacing-after-2pt\">&nbsp;</p>\n<p class=\"paragraph text-align-type-left pap-line-1.8 pap-line-rule-auto pap-spacing-before-2pt pap-spacing-after-2pt\">By the 1990s and 2000s, with the popularity of the sampler, it became apparent that \"musical collages\" had become the norm for popular music, especially in rap, hip-hop and electronic music. In 1996, DJ Shadow released the groundbreaking album, Endtroducing....., made entirely of preexisting recorded material mixed together in audible collage. In the same year, New York City based artist, writer, and musician, Paul D. Miller aka DJ Spooky's work pushed the work of sampling into a museum and gallery context as an art practice that combined DJ culture's obsession with archival materials as sound sources on his album Songs of a Dead Dreamer and in his books Rhythm Science (2004) and Sound Unbound (2008) (MIT Press). In his books, \"mash-up\" and collage based mixes of authors, artists, and musicians such as Antonin Artaud, James Joyce, William S. Burroughs, and Raymond Scott were featured as part of a what he called \"literature of sound.\" In 2000, The Avalanches released Since I Left You, a musical collage consisting of approximately 3,500 musical sources (i.e., samples).</p>\n</div>\n</div>",
 "remarks": "本词条汉字内容由 @多频百科团队 翻译+编辑\n原文译自https://en.wikipedia.org/wiki/Collage#In_music",
 "remarksEn": "本词条内容来自 https://en.wikipedia.org/wiki/Collage#In_music",
 "status": 1,
 "clickNum": 2,
 "deleted": 0,
 "lang": 0,
 "chooseLang": true,
 "id": 261,
 "name": "Collage",
 "descriptions": "Collage是Musique Concrète的一种形式，概念已经超越了视觉艺术的界限。",
 "originalName": "",
 "startTimeText": "1960s",
 "startAddress": "",
 "searchStyle": "Electroacoustic Music",
 "styleCategory": "Musique Concrète",
 "originalStyle": "",
 "affectStyle": "",
 "deriveStyle": "",
 "representArtist": "DJ Shadow",
 "officialUrl": "https://en.wikipedia.org/wiki/Collage#In_music",
 "typeId": 13,
 "typeName": "风格",
 "dataId": 261,
 "url": "http://dropinapp.hearinmusic.com/#/ency?typeId=13&dataId=261"
}