{
 "pageNum": 1,
 "pageSize": 10,
 "params": {},
 "relationChannel": "[{\"id\":1495,\"parentId\":8,\"name\":\"Colour Bass\"}]",
 "content": "<p>Colour Bass（又称Color Bass）是2015年开始逐渐兴起的Dubstep/Bass音乐风格分支，以注重中高频Bass音色并呈现出旋律性强，以及明亮闪耀、花哨华丽的听感而得名。</p>",
 "contentEn": "<p>A subgenre of&nbsp;dubstep&nbsp;coined by producer&nbsp;Chime&nbsp;and his label&nbsp;Rushdown.&nbsp;This style of dubstep is classified by bright, shiny basses and melodic drops.</p>",
 "remarks": "本词条内容由 @多频百科团队 编辑",
 "remarksEn": "本词条内容来自 https://bassmusic.fandom.com/wiki/Colour_Bass",
 "status": 1,
 "clickNum": 368,
 "deleted": 0,
 "lang": 0,
 "chooseLang": true,
 "id": 376,
 "name": "Colour Bass",
 "descriptions": "Colour Bass（又称Color Bass）是2015年开始逐渐兴起的Dubstep/Bass音乐风格分支，以注重中高频Bass音色并呈现出花哨华丽的听感而得名",
 "originalName": "Color Bass",
 "startTimeText": "2015",
 "searchStyle": "Dubstep, Bass Music",
 "styleCategory": "Riddim Dubstep",
 "originalStyle": "Dubstep, Riddim Dubstep, Melodic Dubstep",
 "representArtist": "Chime",
 "represetnBrand": "Rushdown",
 "typeId": 13,
 "typeName": "风格",
 "dataId": 376,
 "url": "http://dropinapp.hearinmusic.com/#/ency?typeId=13&dataId=376"
}