{
 "pageNum": 1,
 "pageSize": 10,
 "params": {},
 "relationChannel": "[{\"id\":1112,\"parentId\":8,\"name\":\"Complextro\"}]",
 "relationEncy": "[{\"id\":36378,\"typeId\":13,\"dataId\":51,\"name\":\"Electro House\",\"url\":\"http://dropinapp.hearinmusic.com/#/ency?typeId=13&dataId=51\"},{\"id\":36478,\"typeId\":13,\"dataId\":151,\"name\":\"Brostep\",\"url\":\"http://dropinapp.hearinmusic.com/#/ency?typeId=13&dataId=151\"},{\"id\":21971,\"typeId\":12,\"dataId\":21971,\"name\":\"Porter Robinson\",\"url\":\"http://dropinapp.hearinmusic.com/#/ency?typeId=12&dataId=21971\"},{\"id\":29762,\"typeId\":12,\"dataId\":29762,\"name\":\"Virtual Riot\",\"url\":\"http://dropinapp.hearinmusic.com/#/ency?typeId=12&dataId=29762\"}]",
 "content": "<p>Complextro（复合电气）是由Electro House衍生的一种新的浩室舞曲风格，由Porter Robinson等音乐人在2010年前后开创。如字面意思所示，这是一种呈现出较为&ldquo;复杂花哨&rdquo;听感的电子舞曲类型。Complextro融合了很多风格的元素，它以House的4/4鼓点为基础，通常会结合dubstep/brostep惯用的wobble音色，速度通常为100~128BPM，再加上一些混乱复杂的切片拼贴而形成。</p>\n<p>&nbsp;</p>\n<p>Complextro的典型特征是通过快速连续地在乐器之间进行急剧切割而产生的混乱、复杂的基音和纹理。这个词是 \"复杂 \"和 \"电子 \"两个词的合成词，由Porter Robinson在2010年创造出来，用来描述他所做的音乐的声音。 他认为视频游戏的声音，或者说chiptunes，与1980年代的模拟合成音乐一起，对他的音乐风格产生了影响。其他的制作人包括Adventure Club, Kill The Noise, Knife Party, Lazy Rich,The M Machine, Madeon, Mord Fustang, Savant, Virtual Riot和Wolfgang Gartner。</p>",
 "contentEn": "<p><strong>Complextro</strong>&nbsp;is typified by&nbsp;glitchy, intricate&nbsp;basslines&nbsp;and textures created by sharply cutting between instruments in quick succession.&nbsp;The term, a&nbsp;portmanteau&nbsp;of the words \"complex\" and \"electro\",&nbsp;was coined by&nbsp;Porter Robinson&nbsp;to describe the sound of the music he was making in 2010.&nbsp;He has cited&nbsp;video game sounds, or&nbsp;chiptunes, as an influence on his style of music along with 1980s&nbsp;analog synth&nbsp;music.&nbsp;Other producers of the genre include&nbsp;Adventure Club,&nbsp;Kill The Noise,&nbsp;Knife Party, Lazy Rich,&nbsp;The M Machine,&nbsp;Madeon,&nbsp;Mord Fustang,&nbsp;Savant,&nbsp;Virtual Riot&nbsp;and&nbsp;Wolfgang Gartner.</p>",
 "remarks": "本词条汉字内容由 @多频百科团队 翻译+编辑\n原文译自 https://en.wikipedia.org/wiki/Electro_house#Complextro",
 "remarksEn": "本词条内容来自 https://en.wikipedia.org/wiki/Electro_house#Complextro",
 "status": 1,
 "clickNum": 104,
 "deleted": 0,
 "lang": 0,
 "chooseLang": true,
 "id": 53,
 "name": "Complextro",
 "descriptions": "Complextro（复合电气）是由Electro House衍生的一种新的浩室舞曲风格，由Porter Robinson等音乐人在2010年前后开创。",
 "originalName": "",
 "startTimeText": "2010年前后",
 "startAddress": "",
 "searchStyle": "House",
 "styleCategory": "Electro House",
 "originalStyle": "House, Brostep",
 "affectStyle": "",
 "deriveStyle": "",
 "representArtist": "Porter Robinson",
 "officialUrl": "https://en.wikipedia.org/wiki/Electro_house#Complextro",
 "typeId": 13,
 "typeName": "风格",
 "dataId": 53,
 "url": "http://dropinapp.hearinmusic.com/#/ency?typeId=13&dataId=53"
}