{
 "pageNum": 1,
 "pageSize": 10,
 "params": {},
 "relationChannel": "[{\"id\":1369,\"parentId\":8,\"name\":\"Coupé-Décalé\"}]",
 "content": "<div class=\"document\">\n<p class=\"paragraph text-align-type-left pap-line-1.8 pap-line-rule-auto pap-spacing-before-0pt pap-spacing-after-0pt\">Coup&eacute;-d&eacute;cal&eacute;（法语发音：）是一种起源于 C&ocirc;te d'Ivoire/象牙海岸的流行舞蹈音乐，科特迪瓦人在ndombolo兴起后开始使用。Coup&eacute;-d&eacute;cal&eacute;是一种非常有冲击力的流派，以非洲采样、深低音和重复的极简主义安排为特色，在很大程度上借鉴了zouglou和ndombolo的非洲影响。</p>\n<p class=\"paragraph text-align-type-left pap-line-1.8 pap-line-rule-auto pap-spacing-before-0pt pap-spacing-after-0pt\">&nbsp;</p>\n<p class=\"paragraph text-align-type-left pap-line-1.8 pap-line-rule-auto pap-spacing-before-0pt pap-spacing-after-0pt\">历史</p>\n<p class=\"paragraph text-align-type-left pap-line-1.8 pap-line-rule-auto pap-spacing-before-0pt pap-spacing-after-0pt\">虽然coup&eacute;-d&eacute;cal&eacute;被称为C&ocirc;te d'Ivoire最权威的流行音乐，但它实际上始于巴黎，由一群C&ocirc;te d'Ivoire DJ在巴黎东北部的非洲夜总会亚特兰蒂斯（Atlantis）创造。这些被称为 \"Jet Set \"的DJ因其华丽的风格而广受欢迎，他们经常带着大量现金出现在俱乐部，并在舞池中向观众分发。他们的美学定义了coup&eacute; d&eacute;cal&eacute;的早期声音，这在该流派的名称中显而易见。在Nouchi（科特迪瓦俚语）中，coup&eacute;的意思是 \"欺骗\"，d&eacute;cal&eacute;的意思是 \"逃跑\"，所以coup&eacute;-d&eacute;cal&eacute;的基本意思是欺骗某人并逃跑。被骗的 \"某人 \"一般被解释为法国或西方/欧洲，这与美国文化中的 \"The Man \"概念有相似之处。特别是在开始的时候，这些歌曲往往会歌颂那些用诡计在国外获得 \"成功 \"的人。</p>\n<p class=\"paragraph text-align-type-left pap-line-1.8 pap-line-rule-auto pap-spacing-before-0pt pap-spacing-after-0pt\">&nbsp;</p>\n<p class=\"paragraph text-align-type-left pap-line-1.8 pap-line-rule-auto pap-spacing-before-0pt pap-spacing-after-0pt\">boucantier（英文：\"shoemaker\"）这个词适用于具有不同寻常风格的表演者，以及他们的模仿者。该流派的第一首歌曲 \"Sagacit&eacute; \"是由已故的Stephane Doukour&eacute;（又名Douk Saga）开创的，他是 \"Jet Set \"的成员，在C&ocirc;te d'Ivoire 2002年后的军事政治危机中，他的作品被称为 \"Sagacit&eacute;\"。\"在冲突时期，他变得非常受欢迎；事实上，这个国家一直在经历这场旷日持久的政治和军事危机，造成了严重的社会和经济影响\"。虽然产生于这个政治动荡时期，但coup&eacute;-d&eacute;cal&eacute;以抒情的方式表达了诸如人际关系、赚钱、保持好心情或 \"bonne ambiance \"等话题。它的大部分歌词都提到了具体的舞蹈动作，经常提到时事，如 avian flu dance 或Guantanamo（手部动作模仿铁链上举起的手）。这些全球性的主题可能有助于使coup&eacute;-d&eacute;cal&eacute;在政治上分裂的C&ocirc;te d'Ivoire如此深入人心，并将其影响传播到非洲和海外。2009年2月，Akwaaba音乐公司发行了一张C&ocirc;te d'Ivoire和加纳的合辑，这是全球首批合法发行的 \"政变 \"音乐之一，重点介绍了最近在C&ocirc;te d'Ivoire发行的一些 \"政变 \"音乐。这张合辑收录了DJ Menza、DJ Bonano、DJ Mix 1er &amp; Eloh DJ和Kedjevara的音乐。2008年，Georges Dyoula将coup&eacute;-d&eacute;cal&eacute;的发展分为三个浪潮：第一浪潮，~2002-2004年。JetSet、DJ Allan、DJ Arafat、DJ Jacob、DJ Serpent Noir、DJ Christy-B、DJ Arsenal、Don Mike le Guru、Bloco、Erickson le Zulu、DJ String、DJ Ressource、Sh&eacute;gal Mokonzi、Mama Ministre、Youl&eacute;s Inter、DJ Jeff、Ayano的出现、成功和统治。第二波，2005-2006年。这一时期主要由 \"la danse de la Moto \"和与足球有关的舞蹈（Konami、Drogbacit&eacute;、Kolocit&eacute;）引领。Boulevard DJ、DJ Bombastik、DJ Rodrigue、Shanaka Yakusa、Danny Blue DJ、DJ Gaoussou、Oxxy Norgy、Roland Le Binguiss、Douk Saga、Christina DJ、Le Molare、Solo B&eacute;ton、Erickson le Zulu、DJ Zidane、Ligue DJ、DJ Disconty、Kilabongo、PS One DJ的出现、成功和统治。第三波--2006-2010年。第三次浪潮包括了最多的新艺术家和新的衍生舞蹈风格。这一浪潮也与节奏、歌词和艺术家的 \"刚果化 \"有关。DJ Lewis、DJ Bonano、DJ Roi Lion、Francky Dicaprio、Flamzy DJ、Joscar DJ、DJ Mix、Elloh DJ、DJ Ph&eacute;no、Mustapha Al Kabila、Mareshal DJ、Harmony、Maty Dollar、Linda de Lindsay、Ronaldo R9、DJ TV3、Debordeaux DJ、Erickson le Zulu、Dollar-R、Miki Dollar、TPJ New Version、Jean-jacques Kouam&eacute;、Abou Nidal的出现、成功和主导。</p>\n<p class=\"paragraph text-align-type-left pap-line-1.8 pap-line-rule-auto pap-spacing-before-0pt pap-spacing-after-0pt\">&nbsp;</p>\n<p class=\"paragraph text-align-type-left pap-line-1.8 pap-line-rule-auto pap-spacing-before-0pt pap-spacing-after-0pt\">社会政治解读</p>\n<p class=\"paragraph text-align-type-left pap-line-1.8 pap-line-rule-auto pap-spacing-before-0pt pap-spacing-after-0pt\">2005年，Vladimir Cagnolari提出，音乐是C&ocirc;te d'Ivoire人应对不稳定政治局势的一种方式。\"在几个小时的时间里，房间变成了一个短暂的节日/聚会的殿堂，用自由和娱乐来应对一个仍在等待和平的国家的社会政治问题。... ......在以爱国主义和军事音乐为主的音乐环境中，coup&eacute;-d&eacute;cal&eacute;的到来就像一股清新的空气，让人忘记了C&ocirc;te d'Ivoire人所处的艰难环境。\"2006年，Dominik Kohlhagen写道：\"在过去的三年里，coup&eacute;-d&eacute;cal&eacute;已成为非洲法语国家最繁荣的流行音乐形式之一。由自称在国外获得 \"成功 \"的人制作的coup&eacute;-d&eacute;cal&eacute;代表着 \"别处\"，一个人可以在消费社会中获得一定的地位，从而回到家乡接受庆祝。这种音乐表达了影响非洲生活方式的代际转变，以及在世界范围内的自我投射方式。\" 艺术家 Coup&eacute;-d&eacute;cal&eacute;的著名艺术家有Douk-Saga（Doukour&eacute;）及其Jet Set、DJ Brico、DJ Arsenal、Papa Ministre及其著名曲子 \"Coup&eacute;-D&eacute;cal&eacute; Chinois\"、David Tayorault、Afrika Reprezenta以及其他许多才华横溢的C&ocirc;te d'Ivoire艺术家。DJ Lewis是一位特别引人注目的歌手，他的Grippe Aviaire舞蹈（恩：en: avian flu dance）很有名。2005年，Jessy Matador决定创建自己的团体La S&eacute;l&eacute;sao，由成员Dr.Love、Linho和Benkoff组成。同样的成员还组成了第一版组合Magic System。2007年底，他们与Oyas唱片公司签约，随后在2008年春天与Wagram唱片公司签约。2008年6月，他们发行了首支单曲《D&eacute;cal&eacute; Gwada》，成为那个夏天的热门歌曲之一。2008年11月24日，他们发行了专辑《Afrikan New Style》，这是一张混合了非洲和加勒比海地区的影响与更多城市声音的音乐。风格包括zouk、dancehall、reggae、hip hop、coup&eacute;-d&eacute;cal&eacute;、ndombolo和kuduro的影响。2013年6月，Minjin在YouTube上发布了一首名为 \"Coup&eacute;-D&eacute;cal&eacute; \"的欢快舞曲。这首歌曲的主角是因其热门单曲 \"Kukere \"而闻名的尼日利亚艺术家Iyanya。</p>\n</div>",
 "remarks": "本词条内容暂未完善仅供参考，多频百科小编正在火速赶来",
 "remarksEn": "本词条内容暂未完善仅供参考，多频百科小编正在火速赶来",
 "status": 0,
 "clickNum": 1,
 "deleted": 0,
 "lang": 0,
 "chooseLang": false,
 "id": 356,
 "name": "Coupé-Décalé",
 "descriptions": "Coupé-décalé（法语发音：）是一种起源于 Côte d'Ivoire/象牙海岸的流行舞蹈音乐，科特迪瓦人在ndombolo兴起后开始使用。Coupé-décalé是一种非常有冲击力的流派，以非洲采样、深低音和重复的极简主义安排为特色，在很大程度上借鉴了zouglou和ndombolo的非洲影响。",
 "originalName": "",
 "startTimeText": "Early 2000s",
 "startAddress": "",
 "searchStyle": "Electronica",
 "styleCategory": "African Electronic Dance Music",
 "originalStyle": "Zouglou, ndombolo, techno, tribal house, soca, reggae",
 "affectStyle": "",
 "deriveStyle": "",
 "representArtist": "",
 "officialUrl": "https://en.wikipedia.org/wiki/Coup%C3%A9-d%C3%A9cal%C3%A9",
 "typeId": 13,
 "typeName": "风格",
 "dataId": 356,
 "url": "http://dropinapp.hearinmusic.com/#/ency?typeId=13&dataId=356"
}