{
 "pageNum": 1,
 "pageSize": 10,
 "params": {},
 "relationChannel": "[{\"id\":1308,\"parentId\":8,\"name\":\"Crunk\"}]",
 "content": "<div class=\"document\">\n<p class=\"paragraph text-align-type-left pap-line-1.8 pap-line-rule-auto pap-spacing-before-0pt pap-spacing-after-0pt\">Crunk是一种嘻哈音乐子流派，起源于1990年代初期并流行于2000年代中期。Crunk通常用快板，是南部嘻哈中较为适合舞厅的风格。一类典型的Crunk曲目的主旋经常用多层电子琴音色、鼓机节奏，重低音声部以及吼叫效果的人声（通常为对唱形式）构成。鉴于Crunk在主流音乐中的影响，该词有时也被用来称呼整体南方嘻哈。英文词&ldquo;crunk&rdquo;来源于黑人英语里&ldquo;crank&rdquo;的过去分词，意思为&ldquo;极其兴奋&rdquo;。</p>\n<p class=\"paragraph text-align-type-left pap-line-1.8 pap-line-rule-auto pap-spacing-before-0pt pap-spacing-after-0pt\">&nbsp;</p>\n<p class=\"paragraph text-align-type-left pap-line-1.8 pap-line-rule-auto pap-spacing-before-0pt pap-spacing-after-0pt\"><strong>词源 </strong></p>\n<p class=\"paragraph text-align-type-left pap-line-1.8 pap-line-rule-auto pap-spacing-before-0pt pap-spacing-after-0pt\">该词主要被归结为非洲裔美国人的俚语，其中有各种含义。它最常见的是指动词短语 \"crank up\"。据推测，这个词的使用来自于 \"crank \"的过去时态形式，在南方，它有时与 \"crunk \"共轭，因此，如果一个人、一个事件或一个派对被刺激兴奋起来，即精力充沛--\"cranked \"或 \"cranked up\"--就会被说成是 \"crunk\"。在出版物中，\"crunk \"可以追溯到1972年Dr. Seuss的《Marvin K. Mooney Will You Please Go Now! 他使用了 \"Crunk-Car \"一词，但没有给出任何定义。这个词也可以追溯到20世纪80年代在佐治亚州亚特兰大夜总会的使用，意思是 \"充满能量 \"或 \"使兴奋\"。在90年代中期，crunk被定义为 \"刺激的\"，\"极棒的\"，或 \"振奋的\"。《滚石》杂志发表了 \"肮脏南方俚语词汇表\"，其中对crunk的定义是 \"使人兴奋\"。Outkast在1993年的歌曲 \"Player's Ball \"中被认为是第一个在主流音乐中使用这个词的艺术家。1996年是这一风格的开创性一年，发行了Three 6 Mafia专辑Chapter 1: The End（以 \"Gett'm Crunk \"为特色），以及孟菲斯的地下嘻哈艺术家Tommy Wright III的专辑On the Run，其中有Project Pimp的歌曲 \"Getting Crunk\"。艺术家Lil Jon通过1997年的专辑《Get Crunk, Who U Wit》将这个词进一步带入主流。Da Album。他后来还发行了其他使用这个词的歌曲和专辑，并被其他艺术家和音乐人认为是激励了这个词的使用，同时也使这个音乐流派本身成为主流。Lil Jon在2004年的专辑《Crunk Juice》中进一步普及了这个词，并被认为发明了这个名字的烈性鸡尾酒。这种使用 \"crunk \"的方式成为了 \"疯狂醉酒 \"的代名词。以Lil Jon为代言人，以Crunk品牌为名，生产和销售可添加酒精的无酒精饮料。这个名词不断演变，在警察、家长和媒体中被打上了负面的烙印。2011年，生产 \"Crunk \"饮料的公司推出了名为 \"Crunk Juice \"的酒精版本。据称，这种饮料的销售对象是19岁至21岁--美国法定饮酒年龄以下的人，结果喝Crunk Juice被指责为犯罪的原因或成为犯罪的受害者。主流媒体开始发表报道，用 \"crunk \"一词来指代 \"疯狂和醉酒 \"的罪犯。</p>\n<p class=\"paragraph text-align-type-left pap-line-1.8 pap-line-rule-auto pap-spacing-before-0pt pap-spacing-after-0pt\">&nbsp;</p>\n<div>\n<div class=\"document\">\n<p class=\"paragraph text-align-type-left pap-line-1.8 pap-line-rule-auto pap-spacing-before-0pt pap-spacing-after-0pt\"><strong>音乐特点</strong></p>\n<p class=\"paragraph text-align-type-left pap-line-1.8 pap-line-rule-auto pap-spacing-before-0pt pap-spacing-after-0pt\">在音乐上，crunk大量借鉴了Miami bass和20世纪80年代的call-and-response hip hop。大量使用合成乐器和稀疏、截断的808手拍是crunk声音的主要内容。循环的，脱胎换骨的鼓机节奏通常被使用。Roland TR-808和909是最流行的鼓机之一。鼓机通常伴随着简单的、重复的合成器旋律，以ostinato的形式来创造催眠效果，以及沉重的低音刺。音乐的节奏比嘻哈慢一些，大约是reggaeton的速度。Crunk音乐的焦点往往是节奏和音乐，而不是其中的歌词。不过，像Lil Jon这样的Crunk说唱歌手，往往会在歌词中大喊大叫，创造出一种沉重的、具有攻击性的嘻哈风格。这些歌词往往可以被称为简单的吟唱（\"你从哪里来？\"和 \"你不能跟我上床 \"是常见的例子）。当其他嘻哈子流派解决社会政治或个人问题时，crunk几乎完全是派对音乐，偏重于号召和回应口号，而不是更实质性的方法。</p>\n<div>\n<div class=\"document\">\n<p class=\"paragraph text-align-type-left pap-line-1.8 pap-line-rule-auto pap-spacing-before-0pt pap-spacing-after-0pt\">&nbsp;</p>\n<p class=\"paragraph text-align-type-left pap-line-1.8 pap-line-rule-auto pap-spacing-before-0pt pap-spacing-after-0pt\"><strong>起源 </strong></p>\n<p class=\"paragraph text-align-type-left pap-line-1.8 pap-line-rule-auto pap-spacing-before-0pt pap-spacing-after-0pt\">Crunk音乐产生于1996年之前美国南部的迈阿密贝斯音乐，尤其是田纳西州孟菲斯的非裔美国脱衣舞俱乐部。以孟菲斯为基地的嘻哈团体Three 6 Mafia在90年代中后期 \"对Crunk风格的出现起了重要作用\"。两位来自孟菲斯的mixtape DJ，DJ Paul和Juicy J，开始制作他们的原创音乐，他们的音乐以 \"多余的、低BPM的节奏、简单的吟唱......和麻醉性的重复性、惊悚的质感 \"而与众不同。这个二人组很快就被称为 Three 6 Mafia。他们经常在他们的唱片中出现Project Pat、Lord Infamous和Gangsta Boo等说唱歌手的身影，他们成为crunk音乐形成的重要因素。1997年，在亚特兰大，Lil Jon和他的乐队East Side Boyz一起发行了他们的第一张专辑《Get Crunk, Who U Wit》。这是Lil Jon和East Side Boyz发行的六张专辑中的第一张。Lil Jon表示，他们是第一个在歌曲钩子中使用 \"crunk \"这个词的人；他声称，由于这张专辑，他们开始称自己为 \"crunk团体\"。然而，《纽约时报》否认《Get Crunk, Who Are You With》是有史以来第一张crunk专辑。1998年和1999年期间，他是普及crunk的关键人物之一，并独立制作了两张金唱片，2001年签约TVT唱片公司。在被封为 \"Crunk之王 \"后，Lil Jon继续与许多流行歌手合作，如Snoop Dogg、Ice Cube、Ludacris和Britney Spears。然而，Crunk并不是只与Lil Jon和Three 6 Mafia有关。在早期阶段，来自亚特兰大的Ying Yang Twins、White Dawg、Bone Crusher、Lil Scrappy、Trillville、Youngbloodz和Pastor Troy，以及来自密西西比州的David Banner等艺人也帮助普及了crunk音乐。</p>\n<p class=\"paragraph text-align-type-left pap-line-1.8 pap-line-rule-auto pap-spacing-before-0pt pap-spacing-after-0pt\">&nbsp;</p>\n<p class=\"paragraph text-align-type-left pap-line-1.8 pap-line-rule-auto pap-spacing-before-0pt pap-spacing-after-0pt\"><strong>流行与演变 </strong></p>\n<p class=\"paragraph text-align-type-left pap-line-1.8 pap-line-rule-auto pap-spacing-before-0pt pap-spacing-after-0pt\">在2000年代初至中期，一些由Lil Jon制作的 \"Get Low\"、\"Goodies\"、\"Yeah！\"和 \"Freek-a-Leek \"等crunk音乐名曲攀上了Billboard Hot 100排行榜的前十名。Lil Jon制作的其他热门歌曲包括 \"Okay\"、\"Cyclone\"、\"Girlfight\"、\"U and Dat \"和 \"Touch\"。\"Yeah!\"和 \"Goodies \"是第一首向公众介绍crunk音乐和当代R&amp;B的子风格的歌曲，称为crunk&amp;B。这两首歌曲（分别由Usher和Ciara演唱）是2004年的主流歌曲。2008年，随着电子流行乐和EDM成为主流，当时的新艺人如Lady Gaga和David Guetta崭露头角，该类型的音乐无限期衰落。由Lil Jon &amp; the East Side Boyz与Ying Yang Twins演唱的歌曲 \"Get Low\"（2003年），被认为是将crunk音乐推向全国焦点的歌曲。\"Get Low \"在Billboard Hot 100音乐排行榜上排名第二；总体而言，它在排行榜上停留了21周以上。虽然非来自Dixie的说唱歌手之前倾向于避免与南方的嘻哈音乐联系在一起，但Busta Rhymes和Nelly接受了 \"Get Low \"的混音邀请。Lil Jon的专辑名为Kings of Crunk，其中包含 \"Get Low\"，成为双白金唱片。2004年，独立厂牌Crunk Incorporated与Reprise/Warner Bros. 2004年，独立唱片公司Crunk Incorporated与Reprise/Warner Bros.Records签订了Crunk Mob的主要发行协议，他们发行了白金单曲 \"Knuck If You Buck\"。之后，他们又推出了2006年的主打歌 \"Rock Yo Hips\"。2004年3月，R&amp;B歌手休斯顿发行了他的crunk&amp;B主打歌 \"I Like That\"，这首歌曲在Billboard Hot 100中排名第11位。2005年，crunk&amp;B凭借克里斯-布朗演唱的歌曲 \"Run It!\"登上了Billboard Hot 100的第一名。2005年和2006年，crunk和crunk&amp;B征服了美国R&amp;B排行榜（以及其他专门用说唱音乐的排行榜），并取代了嘻哈和当代R&amp;B的旧风格。亚特兰大R&amp;B组合Cherish也凭借2006年夏天的歌曲 \"Do It to It \"获得了突出的成绩，这首歌在2006年5月20日当周的Billboard Hot 100榜单上首次登场，名列第86位，后来在2006年9月2日当周的榜单上名列第12位，并在榜单上停留了21周。南方嘻哈圈以外的音乐制作人对crunk音乐的兴趣越来越大，导致了crunk的各种子流派的发展，包括Eurocrunk、crunkcore、crunkczar、aquacrunk、acid crunk和最近的trap音乐。到2009年底，crunk在美国主流音乐中的地位已经相对下降，主要是由于2010年代trap 和 drill 音乐流派的崛起。2015年，美国歌手Tinashe在她与Iggy Azalea合作的单曲《All Hands on Deck》中融入了crunk元素。这首歌包含了女性力量和自我赋权的主题。2019年，说唱歌手Saweetie在她的歌曲《My Type》中采样了Petey Pablo 2004年的crunk主打歌《Freek-a-Leek》。</p>\n</div>\n</div>\n</div>\n</div>\n</div>",
 "remarks": "本词条汉字内容由 @多频百科团队 翻译+编辑\n原文译自 https://en.wikipedia.org/wiki/Crunk",
 "remarksEn": "本词条内容暂未完善仅供参考，多频百科小编正在火速赶来",
 "status": 0,
 "clickNum": 0,
 "deleted": 0,
 "lang": 0,
 "chooseLang": false,
 "id": 281,
 "name": "Crunk",
 "descriptions": "Crunk是一种嘻哈音乐子流派，起源于1990年代初期并流行于2000年代中期。Crunk通常用快板，是南部嘻哈中较为适合舞厅的风格。一类典型的Crunk曲目的主旋经常用多层电子琴音色、鼓机节奏，重低音声部以及吼叫效果的人声（通常为对唱形式）构成。鉴于Crunk在主流音乐中的影响，该词有时也被用来称呼整体南方嘻哈。英文词“crunk”来源于黑人英语里“crank”的过去分词，意思为“极其兴奋”。",
 "originalName": "",
 "startTimeText": "Early 1990s",
 "startAddress": "Memphis, Tennessee, United States",
 "searchStyle": "Hip Hop Music",
 "styleCategory": "Hip Hop Music",
 "originalStyle": " Miami bass",
 "affectStyle": "Jersey Club, trap, Wonkyc, runkcore",
 "deriveStyle": "Snap",
 "representArtist": "Lil Jon & the East Side Boyz, Lil Jon, Busta Rhymes, Nelly",
 "officialUrl": "https://en.wikipedia.org/wiki/Crunk",
 "typeId": 13,
 "typeName": "风格",
 "dataId": 281,
 "url": "http://dropinapp.hearinmusic.com/#/ency?typeId=13&dataId=281"
}