{
 "pageNum": 1,
 "pageSize": 10,
 "params": {},
 "relationChannel": "[{\"id\":1328,\"parentId\":8,\"name\":\"Dance-rock\"}]",
 "content": "<p>Dance-rock是一种与pop rock和post-punk相联系的post-disco风格，较少受到节奏和blues的影响，起源于20世纪80年代初，伴随着punk和disco的流行度下降。</p>\n<p>&nbsp;</p>\n<p>早期Dance-rock的例子包括Gina X的 \"No G.D.M.\"、Russ Ballard的 \"On the Rebound\"、Dinosaur L、Liquid Liquid和Polyrock等艺人，以及合辑Disco Not Disco。</p>\n<p>&nbsp;</p>\n<p>Michael Campbell在他的《Popular Music in America》一书中，将这一流派定义为 \"post-punk/post-disco 融合\"。Campbell还引用了Robert Christgau的说法，他将dance-oriented rock（或DOR）描述为20世纪80年代各种DJ使用的一个统称。</p>\n<p>&nbsp;</p>\n<p>然而，AllMusic将 \"dance-rock \"定义为20世纪80年代和90年代摇滚音乐人演奏的音乐，受Philly soul、disco和funk的影响，将这些风格与rock和dance相融合。根据AllMusic的说法，the Rolling Stones、 David Bowie、Duran Duran、Simple Minds、INXS、Eurythmics、Depeche Mode、Clash、New Order和Devo belong等艺术家都属于这一流派。Dance-rock包含了一些experimental funk ，如A Certain Ratio、Gang of Four，还有一些音乐人，如Robert Palmer、Billy Idol和Hall &amp; Oates。这种dance-rock影响了Garbage、No Doubt、Robbie Williams、Scissor Sisters、Young Love、Franz Ferdinand、Arctic Monkeys、Kasabian和Killers等乐队。</p>\n<p>&nbsp;</p>\n<p><strong>历史 </strong></p>\n<p>尽管有人预言rock music将取代disco dance club，但post-disco, post-punk and new wave却取代了它的位置。第一波的艺人有New Order、Prince、the Human League、Blondie、Tom Tom Club和Devo，随后是Daryl Hall &amp; John Oates、Thompson Twins、Haircut 100、ABC、Depeche Mode和Spandau Ballet。这个场景也产生了许多交叉，包括Kraftwerk用他们1981年有影响力的专辑Computer World获得了R&amp;B的观众，这为Afrika Bambaataa的 \"Planet Rock \"和一般的电音铺平了道路。在那个时代，人们对舞曲摇滚和post-disco的兴趣重新恢复，引起了12英寸单曲和EP的流行。这个流派的主要影响包括新浪漫主义的synthpop表演Human League和Spandau Ballet，而根据Billboard的说法，这个流派的关键唱片是Human League的 \"Don't You Want Me\"。</p>\n<p>&nbsp;</p>\n<p>亚瑟-贝克认为，合成器帮助塑造了新音乐：\"我现在很喜欢合成器。选择是无限的。它削减了成本，给你更多的终极控制权，但它听起来并不是虚构的。它仍然有一种人类的感觉。\"而这种由欧洲电子迪斯科影响组成的声音，被普遍认为是 \"冷酷、反人类和机械\"。</p>",
 "remarks": "本词条内容由 @多频百科团队 翻译+编辑\n原文译自 https://en.wikipedia.org/wiki/Dance-rock",
 "remarksEn": "本词条内容暂未完善仅供参考，多频百科小编正在火速赶来",
 "status": 1,
 "clickNum": 10,
 "deleted": 0,
 "lang": 0,
 "chooseLang": false,
 "id": 306,
 "name": "Dance-rock",
 "descriptions": "Dance-rock是一种与pop rock和post-punk相联系的post-disco风格，较少受到节奏和blues的影响，起源于20世纪80年代初，伴随着punk和disco的流行度下降。",
 "originalName": "",
 "startTimeText": "Late 1970s – early 1980s,",
 "startAddress": "United States and United Kingdom",
 "searchStyle": "Electronic Rock",
 "styleCategory": "Electronic Rock",
 "originalStyle": "Post-discopop rockpost-punkPhiladelphia souldancerhythm and blues",
 "affectStyle": "Alternative dance, grebo, Minneapolis sound",
 "deriveStyle": "",
 "representArtist": "The Shamen, Simple Minds, \nThe Stone Roses, \nTalking Heads, \nTom Tom Club, \nU2, \nWalk the Moon, \nWas (Not Was), The White Tie Affair, \nRobbie Williams",
 "officialUrl": "https://en.wikipedia.org/wiki/Dance-rock",
 "typeId": 13,
 "typeName": "风格",
 "dataId": 306,
 "url": "http://dropinapp.hearinmusic.com/#/ency?typeId=13&dataId=306"
}