{
 "pageNum": 1,
 "pageSize": 10,
 "params": {},
 "relationChannel": "[{\"id\":1349,\"parentId\":8,\"name\":\"Dance-pop\"}]",
 "content": "<div>\n<div class=\"document\">\n<p class=\"paragraph text-align-type-left pap-line-1.8 pap-line-rule-auto pap-spacing-before-0pt pap-spacing-after-0pt\">Dance-pop（流行舞曲）是一种流行音乐流派，起源于20世纪80年代早期。它通常是针对夜店准备的快节奏音乐，目的是便于跳舞，但也适合当代流行电台。它是由舞曲和流行的结合发展而来的，同时受到disco，post-disco 和synth-pop的影响。</p>\n<p class=\"paragraph text-align-type-left pap-line-1.8 pap-line-rule-auto pap-spacing-before-0pt pap-spacing-after-0pt\">&nbsp;</p>\n<p class=\"paragraph text-align-type-left pap-line-1.8 pap-line-rule-auto pap-spacing-before-0pt pap-spacing-after-0pt\">通常具有强劲的节拍和轻松、简单的歌曲结构，和更自由形式的舞曲流派相比，它通常更类似于流行音乐，同时强调旋律和抓耳的曲调。总体而言，尽管有一些著名的例外，该流派是倾向于受制作人驱动的。<br />流行舞曲以兼收并蓄而闻名，它借鉴了其他流派的影响，这些流派因制作人、艺人和时代而不同。包括当代R&amp;B, house, trance, techno, electropop, new jack swing, funk and pop rock。<br />流行舞曲是一种流行的主流音乐风格，有许多艺术家和团体表演这种音乐。著名艺人包括 Cher, Madonna, Britney Spears, Kylie Minogue, Christina Aguilera, Spice Girls, Paula Abdul, Backstreet Boys, Michael Jackson, NSYNC, Jennifer Lopez, Janet Jackson, JoJo Siwa, Rihanna, Taylor Swift, Selena Gomez, Katy Perry, Lady Gaga, and Ariana Grande。</p>\n<p class=\"paragraph text-align-type-left pap-line-1.8 pap-line-rule-auto pap-spacing-before-0pt pap-spacing-after-0pt\">&nbsp;</p>\n<p class=\"paragraph text-align-type-left pap-line-1.8 pap-line-rule-auto pap-spacing-before-0pt pap-spacing-after-0pt\">历史</p>\n<p class=\"paragraph text-align-type-left pap-line-1.8 pap-line-rule-auto pap-spacing-before-0pt pap-spacing-after-0pt\">1980年代 随着 \"disco \"一词在70年代末至80年代初开始过时，其他术语被普遍用于描述以disco为基础的音乐，如 \"post-disco\", \"club\", \"dance\" or \"dance-pop\" 音乐。这些流派实质上是disco音乐的一个更现代的变种，被称为post-disco，它倾向于更多的实验性、电子化和制作人/DJ驱动，通常使用序列器和合成器。Dance-pop music出现在20世纪80年代，是舞蹈和流行音乐的结合，或者说是post-disco音乐的结合，这种音乐节奏快而简单，具有俱乐部性质，由制作人驱动，朗朗上口。Dance-pop music比普通的流行音乐更有节奏感和舞蹈性，但又比舞蹈音乐更有结构性，不那么自由，通常将流行音乐的简单结构和朗朗上口的曲调与舞蹈音乐的强节奏和快节奏相结合。Dance-pop music通常由唱片制作人创作、作曲和制作，然后再聘请歌手来演唱歌曲。在80年代初，disco对主流流行音乐来说是个大忌。根据著名的Allmusic评论家Stephen Thomas Erlewine的说法，麦当娜利用自己的魅力、厚颜无耻和性感魅力，在将舞曲普及为主流音乐方面发挥了巨大作用。Erlewine称，麦当娜 \"开创了Dance-pop音乐\"，并在接下来的20年里为这一类型的音乐树立了标准。作为首张同名专辑的主要创作人，以及第三张唱片的联合制作人，麦当娜坚持参与作品的所有创作环节，这在当时的Dance-pop女歌手中是极不寻常的。《Vice》杂志的工作人员表示，她的首张专辑 \"绘制了未来Dance-pop音乐的蓝图\"。在20世纪80年代，Dance-pop与Hi-NRG等其他上节奏的电子流派紧密结合。20世纪80年代著名的制作人包括Stock, Aitken 和Waterman，他们为Kylie Minogue, Dead 或Alive 和 Bananarama等艺人创作了Hi-NRG/Dance-pop。在这十年间，Dance-pop乐从funk (e.g. Michael Jackson 和Whitney Houston), new jack swing (e.g. Janet Jackson 和 Paula Abdul)和当代R&amp;B等音乐中汲取了影响。80年代其他著名的Dance-pop歌手和团体包括Pet Shop Boys、Mel and Kim、Samantha Fox、Debbie Gibson和Tiffany。</p>\n<p class=\"paragraph text-align-type-left pap-line-1.8 pap-line-rule-auto pap-spacing-before-0pt pap-spacing-after-0pt\">&nbsp;</p>\n<p class=\"paragraph text-align-type-left pap-line-1.8 pap-line-rule-auto pap-spacing-before-0pt pap-spacing-after-0pt\">90年代</p>\n<p class=\"paragraph text-align-type-left pap-line-1.8 pap-line-rule-auto pap-spacing-before-0pt pap-spacing-after-0pt\">到了90年代，Dance-pop音乐已经成为流行音乐的一个重要流派。在90年代出现了一些Dance-pop音乐团体和艺人，如Spice Girls、Britney Spears、Christina Aguilera、Jessica Simpson、Backstreet Boys和'NSYNC。90年代初期，Dance-pop借鉴了House音乐的影响（如Right Said Fred的 \"I'm Too Sexy\"，Taylor Dayne的Soul Dancing，以及Madonna的 \"Vogue\"、\"Rescue Me \"和 \"Deeper and Deeper\"），还有当代R&amp;B和new jack swing（如Shanice的 \"I Love Your Smile\"）。到了90年代后期，电子音乐对Dance-pop音乐的影响开始明显，麦当娜的专辑《Ray of Light》(1998年)广受好评，并取得了商业上的成功，融入了techno、trance和其他形式的电子舞曲，将电子音乐带入了主流Dance-pop音乐。此外，同样是在1998年，Cher 推出了一首名为《Believe》的舞曲，这首歌利用了当时的一项技术革新--自动调音。Auto-Tune是一种音频处理器，也是一种音调修改软件，常用来纠正音调和制作特殊效果。自20世纪90年代末以来，使用Auto-Tune处理已经成为Dance-pop音乐的一个普遍特征。席琳-迪翁也在1999年底推出了一首中拍舞曲《That's the Way It Is》。同样在这一时期，一些与Britpop和alternative pop 音乐有关的英国乐队也尝试了Dance-pop音乐的形式--例如Catatonia的单曲《Karaoke Queen》、Bis的40大热门歌曲《Eurodisco》、Kenickie的最后一首单曲《Stay in the Sun》和Romo乐队Orlando的大牌首发单曲 \"Just For A Second\"。另一支Britpop乐队Theaudience的主唱是Sophie Ellis Bextor，她后来主要以艺术家驱动的Dance-pop乐为主，个人事业很成功。2000年代 凯莉-米诺格（Kylie Minogue），从上世纪80年代末到2010年代初，Dance-pop音乐仍然很突出，而且风格高度电子化，受到trance、House、Techno和电音等类型的影响。尽管如此，随着R&amp;B和Hip Hop从十年初期开始变得非常流行，Dance-pop音乐经常受到城市音乐的影响。八、九十年代的舞曲明星如布兰妮-斯皮尔斯（Britney Spears）、克里斯蒂娜-阿奎莱拉（Christina Aguilera）、麦当娜（Madonna）、珍妮特-杰克逊（Janet Jackson）和凯莉-米诺格（Kylie Minogue）等，在这十年的初期不断获得成功。</p>\n<div>\n<div class=\"document\">\n<p class=\"paragraph text-align-type-left pap-line-1.8 pap-line-rule-auto pap-spacing-before-0pt pap-spacing-after-0pt\">&nbsp;</p>\n<p class=\"paragraph text-align-type-left pap-line-1.8 pap-line-rule-auto pap-spacing-before-0pt pap-spacing-after-0pt\">虽然当时的Dance-pop乐多受R&amp;B影响，但许多唱片开始回归disco的根源；Kylie Minogue的专辑如Light Years （2000年）和Fever （2001年）包含了disco音乐的影响，或称为nu-disco的21世纪新版风格；热门单曲如Spinning Around（2000年）和Can't Get You Out of My Head（2001年）也包含disco的痕迹。而麦当娜的专辑Music（2000年）则包含了欧洲disco的元素，尤其是同名主打歌的成功。</p>\n<p class=\"paragraph text-align-type-left pap-line-1.8 pap-line-rule-auto pap-spacing-before-0pt pap-spacing-after-0pt\">&nbsp;</p>\n<p class=\"paragraph text-align-type-left pap-line-1.8 pap-line-rule-auto pap-spacing-before-0pt pap-spacing-after-0pt\">然而，直到十年中后期，Dance-pop音乐才大大回归disco的根源；这一点可以从麦当娜的专辑《Confessions on a Dance Floor》（2005年）中看出，该专辑借鉴了这一风格的强烈影响，尤其是来自1970年代的艺术家和乐队，如ABBA、Giorgio Moroder、Bee Gees和Donna Summer。布兰妮-斯皮尔斯的专辑《Blackout》(2007年)也受到了欧洲迪斯科的影响。布兰妮-斯皮尔斯是2000年代和2010年代Dance-pop音乐的主要面孔之一。2000年代中后期，一些新的Dance-pop音乐人出现，包括Rihanna, Kesha, Katy Perry 和Lady Gaga。这一时期，Dance-pop音乐除了disco音乐外，还回归到更多的电子根源，受到合成音乐和电子流行音乐的强烈影响。Lady Gaga经常被认为是这一演变的先驱之一，特别是她的单曲 \"Just Dance \"和 \"Poker Face\"，深受synthpop和electropop的影响。蕾哈娜的Dance-pop风格的单曲，包括 \"Don't Stop the Music \"和 \"Disturbia\"，都包含了电子音乐的影响，前者有House音乐的元素，后者有electropop的元素。Kesha的首支单曲《Tik Tok》也是高度电子化的风格，并采用了电子游戏的节奏。凯蒂-佩里（Katy Perry）的《Hot N Cold》（2008年）、《California Gurls》（2010年）和《Firework》（2010年）这些主要的商业歌曲，也展现了电子流行音乐和House音乐的影响。2010年代 2010年代，与2000年代末类似，Dance-pop音乐中也出现了强烈的电子影响，同时也非常强调重低音的鼓点。布兰妮-斯皮尔斯（Britney Spears）、Lady Gaga、泰勒-斯威夫特（Taylor Swift）、凯蒂-佩里（Katy Perry）、麦当娜（Madonna）、凯莎（Kesha）、克里斯蒂娜-阿奎莱拉（Christina Aguilera）、厄舍（Usher）和蕾哈娜（Rihanna）等艺人仍然非常受欢迎，而新晋歌手如阿丽亚娜-格兰德（Ariana Grande）、贾斯汀-比伯（Justin Bieber）、丽塔-奥拉（Rita Ora）和杜亚-丽帕（Dua Lipa）等也在这十年间加入了Dance-pop榜。美国唱作人泰勒-斯威夫特（Taylor Swift）的专辑《Red》（2012年）、《1989》（2014年）和《Reputation》（2017年）包含了更多的流行音乐风格，其中由Dance-pop唱片制作人Max Martin和Shellback制作。阿里安娜-格兰德（Ariana Grande）与伊基-阿扎丽亚（Iggy Azalea）合作的单曲《问题》（Problem）在2014年大受欢迎，次年全球销量和曲目等效流合计达到900万张。特点 Dance-pop一般包含几个显著的特点，这里列举一下。节奏感强、节奏感强的音乐，以俱乐部为对象，具有可跳或以舞蹈为中心的特点。吸引人的歌曲，结构简单，以流行音乐为主。重视节拍、节奏和韵律，突出的钩子，简单的歌词，磨光机的制作。</p>\n</div>\n</div>\n</div>\n</div>",
 "remarks": "本词条内容暂未完善仅供参考，多频百科小编正在火速赶来",
 "remarksEn": "本词条内容暂未完善仅供参考，多频百科小编正在火速赶来",
 "status": 0,
 "clickNum": 12,
 "deleted": 0,
 "lang": 0,
 "chooseLang": false,
 "id": 329,
 "name": "Dance-pop",
 "descriptions": "Dance-pop（流行舞曲）是一种流行音乐流派，起源于20世纪80年代早期。它通常是针对夜店准备的快节奏音乐，目的是便于跳舞，但也适合当代流行电台。它是由舞曲和流行的结合发展而来的，同时受到disco，post-disco 和synth-pop的影响。",
 "originalName": "",
 "startTimeText": "Early to mid-1980s",
 "startAddress": "United States and United Kingdom",
 "searchStyle": "Synthpop",
 "styleCategory": "Synthpop",
 "originalStyle": "Popdancediscopost-disconew wave, synth-pop, electropophousebubblegum pop",
 "affectStyle": "Teen pop",
 "deriveStyle": "Eurobeat, diva house, vocal trance",
 "representArtist": "",
 "officialUrl": "https://en.wikipedia.org/wiki/Dance-pop",
 "typeId": 13,
 "typeName": "风格",
 "dataId": 329,
 "url": "http://dropinapp.hearinmusic.com/#/ency?typeId=13&dataId=329"
}