{
 "pageNum": 1,
 "pageSize": 10,
 "params": {},
 "relationChannel": "[{\"id\":1332,\"parentId\":8,\"name\":\"Dance-punk\"}]",
 "content": "<p>Dance-punk （又称 disco-punk, punk-funk 或techno-punk）是20世纪70年代末兴起的一种post-punk 流派，与post-disco 和新浪潮运动密切相关。</p>\n<p>&nbsp;</p>\n<p><strong>前辈 </strong></p>\n<p>post-punk时代的许多团体都采用了更适合跳舞的风格。这些乐队受到当时流行的Funk、Disco、New Wave和其他舞曲的影响（同时也受到1970年代一些艺术家的参与，包括Sparks和Iggy Pop）。80年代有影响力的乐队包括Talking Heads、Public Image Ltd.、New Order、Gang of Four、the Higsons、the Pop Group、Maximum Joy、The Brainiacs、Big Boys、Minutemen和Red Hot Chili Peppers。德国朋克歌手尼娜-哈根（Nina Hagen）在1983年以 \"New York / N.Y. \"在地下舞坛大获成功，这首歌将她灼热的punk（和歌剧）歌声与disco节奏混合在一起。</p>\n<p>&nbsp;</p>\n<p><strong>当代dance-punk </strong></p>\n<p>在千禧年早期，一些garage rock/post-punk复兴的乐队中，特别是LCD Soundsystem、Clinic、Death from Above、Liars、Franz Ferdinand、Yeah Yeah Yeahs、Bloc Party、You Say Party、the Faint、the Rapture、Shout Out Out Out和Radio 4等乐队，还有一些以舞曲为主的乐队，他们采用了摇滚乐的声音，比如Out Hud，或者加州的乐队，比如！！和Moving Units。在2000年早期，华盛顿特区有一个流行而显著的punk场景，灵感来自Fugazi，post-punk，以及像Trouble Funk和Rare Essence这样的go-go表演，包括Q and Not U，Black Eyes，以及巴尔的摩的Oxes，Double Dagger和Dope Body等乐队。在英国，indie music与Dance-punk的结合在Klaxons的宣传中被称为新rave，而这个词也被《NME》选取并应用于包括Trash Fashion、New Young Pony Club、Hadouken！、Late of the Pier、Test Icicles和Shitdisco在内的乐队，形成了一个与早期rave类似的视觉美学场景。</p>",
 "remarks": "本词条内容暂未完善仅供参考，多频百科小编正在火速赶来",
 "remarksEn": "本词条内容暂未完善仅供参考，多频百科小编正在火速赶来",
 "status": 0,
 "clickNum": 0,
 "deleted": 0,
 "lang": 0,
 "chooseLang": false,
 "id": 310,
 "name": "Dance-punk",
 "descriptions": "Dance-punk （又称 disco-punk, punk-funk 或techno-punk）是20世纪70年代末兴起的一种post-punk 流派，与post-disco 和新浪潮运动密切相关。",
 "originalName": "Disco-punk, punk-funk, techno-punk",
 "startTimeText": "Late 1970s",
 "startAddress": "United States (Los Angeles, San Francisco and New York City) and London, England",
 "searchStyle": "Electronic Rock",
 "styleCategory": "Dance-rock",
 "originalStyle": "Post-punk, funk, disco, EDM, new wave, krautrock, no wave, punk rock",
 "affectStyle": "",
 "deriveStyle": "",
 "representArtist": "",
 "officialUrl": "https://en.wikipedia.org/wiki/Dance-punk",
 "typeId": 13,
 "typeName": "风格",
 "dataId": 310,
 "url": "http://dropinapp.hearinmusic.com/#/ency?typeId=13&dataId=310"
}