{
 "pageNum": 1,
 "pageSize": 10,
 "params": {},
 "relationChannel": "[{\"id\":1281,\"parentId\":8,\"name\":\"Danger music\"}]",
 "content": "<div>\n<div class=\"document\">\n<p class=\"paragraph text-align-type-left pap-line-1.8 pap-line-rule-auto pap-spacing-before-2pt pap-spacing-after-2pt\">Danger Music是20和21世纪avant-garde前卫音乐和表演艺术的一种实验形式。它基于这样一个概念&mdash;&mdash;某些音乐作品可能会或将会伤害到听众或表演者，并理解所讨论的作品可能会或可能不会被演奏。Kyle Gann在他的书《Music Downtown: Writings from the Village Voice》中描述了小杉竹久的作品《Music for a Revolution》如何指导表演者&ldquo;从现在起 5 年后挖出你的一只眼睛，并在 5 年后对另一只眼睛做同样的事情&rdquo;。像这样的作品有时也被称为反音乐，因为它们似乎反抗音乐本身的概念。Danger Music通常与Fluxus（激浪派）作曲家密切相关，尤其是迪克&middot;希金斯（Dick Higgins）的作品，他创作了一系列名为Danger Music的作品。</p>\n<p class=\"paragraph text-align-type-left pap-line-1.8 pap-line-rule-auto pap-spacing-before-2pt pap-spacing-after-2pt\">&nbsp;</p>\n<p class=\"paragraph text-align-type-left pap-line-1.8 pap-line-rule-auto pap-spacing-before-2pt pap-spacing-after-2pt\"><strong>现场表演</strong></p>\n<p class=\"paragraph text-align-type-left pap-line-1.8 pap-line-rule-auto pap-spacing-before-2pt pap-spacing-after-2pt\">与许多形式的概念音乐和表演艺术一样，&ldquo;音乐&rdquo;，&ldquo;艺术&rdquo;，&ldquo;剧院&rdquo;和&ldquo;社会抗议&rdquo;之间的界线并不总是清晰或明显的。因此，Danger Music与Mark Pauline和Chris Burden等艺术家的表演艺术有一些共同点。例如，一些Danger Music的极端例子让表演者使用过大的声音，会破坏参与者的视线，或要求表演者向观众扔杀伤人员炸弹。 Yamantaka Eye的noise风格的作品Hanatarash以危险的现场表演而闻名，最著名的例子是日本艺术家在舞台后面的场地驾驶推土机。也有报道说，要求观众在演出前填写豁免，以防止乐队或演出场地受到任何潜在危险而被起诉。 其他作品涉及更具象征意义的&ldquo;危险&rdquo;形式，例如Nam June Paik的&ldquo;Danger Music for Dick Higgins&rdquo;，让表演者&ldquo;潜入活着的鲸鱼的阴道&rdquo;，或一件作品可以指示音乐的音量稳步增加，听众担心会使它们排便（假想排出来的是&ldquo;棕色音符&rdquo;），尽管可能永远不会发生。</p>\n</div>\n</div>",
 "contentEn": "<div>\n<div class=\"document\">\n<p class=\"paragraph text-align-type-left pap-line-1.8 pap-line-rule-auto pap-spacing-before-2pt pap-spacing-after-2pt\">Danger music is an experimental form of avant-garde 20th and 21st century music and performance art. It is based on the concept that some pieces of music can or will harm either the listener or the performer, understanding that the piece in question may or may not be performed.[2] Kyle Gann describes in his book Music Downtown: Writings from the Village Voice how Takehisa Kosugi's composition Music for a Revolution directs the performer to \"[s]coop out one of your eyes 5 years from now and do the same with the other eye 5 years later\".[4] Works such as this are also sometimes referred to as anti-music because they seem to rebel against the concept of music itself. Danger music is often closely associated with the Fluxus school of composition, especially the work of Dick Higgins who composed a series of works entitled Danger Music.</p>\n<p class=\"paragraph text-align-type-left pap-line-1.8 pap-line-rule-auto pap-spacing-before-2pt pap-spacing-after-2pt\">&nbsp;</p>\n<div>\n<div class=\"document\">\n<p class=\"paragraph text-align-type-left pap-line-1.8 pap-line-rule-auto pap-spacing-before-2pt pap-spacing-after-2pt\">In performance</p>\n<p class=\"paragraph text-align-type-left pap-line-1.8 pap-line-rule-auto pap-spacing-before-2pt pap-spacing-after-2pt\">As with many forms of concept music and performance art, the lines between \"music\", \"art\", \"theater\", and \"social protest\" are not always clear or apparent. Danger Music consequently has some things in common with the performance art of artists such as Mark Pauline and Chris Burden. For instance, some extreme examples of danger music direct performers to use sounds so loud that they will deafen the participants, or ask performers to throw antipersonnel bombs into the audience. Yamantaka Eye's noise project Hanatarash was notable for its dangerous live shows, the most famous instance being when the Japanese artist drove a bulldozer through the venue at the back of the stage. There were also reports of audience members being required to fill out waivers before shows to prevent the band or the venue being sued in case of any potential danger caused to them. Other pieces involve more symbolic forms of \"danger\", such as Nam June Paik's \"Danger Music for Dick Higgins,\" which directs the performer to \"creep into the vagina of a living whale\", or a piece may direct that the volume of the music steadily increases causing the audience to fear that it will make them defecate (the hypothetical \"brown note\"), although it might never reach that point.</p>\n<p class=\"paragraph text-align-type-left pap-line-1.8 pap-line-rule-auto pap-spacing-before-2pt pap-spacing-after-2pt\">&nbsp;</p>\n<p class=\"paragraph text-align-type-left pap-line-1.8 pap-line-rule-auto pap-spacing-before-2pt pap-spacing-after-2pt\">&nbsp;</p>\n</div>\n</div>\n</div>\n</div>",
 "remarks": "本词条汉字内容由 @多频百科团队 翻译+编辑\n原文译自https://en.wikipedia.org/wiki/Danger_music",
 "remarksEn": "本词条内容来自 https://en.wikipedia.org/wiki/Danger_music",
 "status": 1,
 "clickNum": 14,
 "deleted": 0,
 "lang": 0,
 "chooseLang": true,
 "id": 250,
 "name": "Danger music",
 "descriptions": "Danger Music是20和21世纪avant-garde前卫音乐和表演艺术的一种实验形式。",
 "originalName": "Anti-music",
 "startTimeText": "1960s",
 "startAddress": "",
 "searchStyle": "Noise Music",
 "styleCategory": "Noise Music",
 "originalStyle": "Noise, avant-garde, experimental, Fluxus, performance art",
 "affectStyle": "",
 "deriveStyle": "",
 "representArtist": "",
 "officialUrl": "https://en.wikipedia.org/wiki/Danger_music",
 "typeId": 13,
 "typeName": "风格",
 "dataId": 250,
 "url": "http://dropinapp.hearinmusic.com/#/ency?typeId=13&dataId=250"
}