{
 "pageNum": 1,
 "pageSize": 10,
 "params": {},
 "relationChannel": "[{\"id\":1421,\"parentId\":8,\"name\":\"Dark Psytrance\"}]",
 "content": "<div class=\"document\">\n<p class=\"paragraph text-align-type-left pap-line-1.8 pap-line-rule-auto pap-spacing-before-2pt pap-spacing-after-2pt\">Dark Psychedelic Trance（也叫dark psytrance, darkpsy或dark-trance）是psychedelic trance中较重,较暗黑的一部分，其节拍在148bpm或以上。相关的风格包括 include psycore (fast and crazy)，hi-tech (bouncy and glitchy)和forest (organic and earthy)。它以隐晦、深刻和末世感为特点，辅以忧郁的声音和沉重的低音，使人进入关于死亡、夜晚和超神的冥想世界。这种亚流派的通常用于恐怖片采样，而科幻片则更多地用听起来更&ldquo;正常&rdquo;的psytrance。德国艺术家Xenormph，马克&middot;佩特里克，被认为是dark psytrance的先驱，他的专辑《卡桑德拉的噩梦》（Cassandra's Dream）于1998年发行，对这一亚流派产生了重大影响；X-Dream's Radio是另一张1998年的专辑，在更早期产生影响。</p>\n</div>",
 "contentEn": "<p>Dark psytrance (also known as dark psychedelic trance, dark psy, darkpsy or dark trance) is the heavier end of the psychedelic trance spectrum with tempos ranging from 148 bpm, 200bpm, 300bpm all the way to 1000bpm. Anything over 1000bpm becomes&nbsp;speedcore&nbsp;music. Psytrance styles related to dark psy include psycore (fast and crazy), hi-tech (bouncy and glitchy), and forest (organic and earthy). Characterized by having obscure, deep, and more&nbsp;eschatological&nbsp;background that leads into profound meditation of death, night, and transcendence, often with dismal sounds and heavy basslines. The subgenre often samples&nbsp;horror films&nbsp;in contrast to the science fiction film samples more regularly used in \"normal\" psytrance. The German artist Xenomorph, Mark Petrick, is considered a pioneer of dark psytrance, with his album&nbsp;<em>Cassandra's Nightmare</em>&nbsp;released in 1998 being a major influence on the subgenre; X-Dream's&nbsp;<em>Radio</em>&nbsp;is another 1998 album cited as an early influence.</p>",
 "remarks": "本词条汉字内容由 @多频百科团队 翻译+编辑\n原文译自 https://en.wikipedia.org/wiki/Psychedelic_trance",
 "remarksEn": "本词条内容来自 https://en.wikipedia.org/wiki/Psychedelic_trance",
 "status": 1,
 "clickNum": 28,
 "deleted": 0,
 "lang": 0,
 "chooseLang": true,
 "id": 175,
 "name": "Dark Psytrance",
 "descriptions": "Dark psychedelic（也叫dark psytrance, darkpsy或dark-trance）trance是psychedelic trance中较重的一部分，其节拍在148bpm或以上。相关的风格包括 include psycore (fast and crazy)，hi-tech (bouncy and glitchy)和forest (organic and earthy)。它以隐晦、深刻和末世感为特点，辅以忧郁的声音和沉重的低音，使人进入关于死亡、夜晚和超神的冥想世界。这种亚流派的通常用于恐怖片采样，而科幻片则更多地用听起来更“正常”的psytrance。德国艺术家Xenormph，马克·佩特里克，被认为是dark psytrance的先驱，他的专辑《卡桑德拉的噩梦》（Cassandra's Dream）于1998年发行，对这一亚流派产生了重大影响；X-Dream's Radio是另一张1998年的专辑，在更早期产生影响。",
 "originalName": "",
 "startTimeText": "",
 "startAddress": "",
 "searchStyle": "Trance",
 "styleCategory": "Psychedelic Trance",
 "originalStyle": "Psychedelic Trance",
 "affectStyle": "",
 "deriveStyle": "",
 "representArtist": "Mark Petrick",
 "officialUrl": "https://en.wikipedia.org/wiki/Psychedelic_trance",
 "typeId": 13,
 "typeName": "风格",
 "dataId": 175,
 "url": "http://dropinapp.hearinmusic.com/#/ency?typeId=13&dataId=175"
}