{
 "pageNum": 1,
 "pageSize": 10,
 "params": {},
 "relationChannel": "[{\"id\":1149,\"parentId\":8,\"name\":\"Darkcore\"}]",
 "content": "<div class=\"document\">\n<p class=\"paragraph text-align-type-left pap-line-1.8 pap-line-rule-auto pap-spacing-before-0pt pap-spacing-after-0pt\">Darkcore（又称darkside hardcore、darkside jungle或darkcore jungle）是英国rave场景中breakbeat hardcore和jungle的一个音乐子流派，出现于1992年末。它被公认为是Drum and Bass音乐流派的直接前身之一。</p>\n<p class=\"paragraph text-align-type-left pap-line-1.8 pap-line-rule-auto pap-spacing-before-0pt pap-spacing-after-0pt\">&nbsp;</p>\n<p class=\"paragraph text-align-type-left pap-line-1.8 pap-line-rule-auto pap-spacing-before-0pt pap-spacing-after-0pt\"><strong>起源 </strong></p>\n<p class=\"paragraph text-align-type-left pap-line-1.8 pap-line-rule-auto pap-spacing-before-0pt pap-spacing-after-0pt\">到了1992年底，breakbeat hardcore开始分化，darkcore就是其中一个出现的子流派，也是与4-beat相对应的。Darkcore的特点通常是黑暗主题的采样，如恐怖电影元素、呼救声、听起来很阴险的stabs和合成器音符，除了4-to-the-floor beats 和低频basslines之外，还有切分音的breakbeats。此外，它还引入了诸如音调变换和时间拉伸等效果来营造气氛。</p>\n<p class=\"paragraph text-align-type-left pap-line-1.8 pap-line-rule-auto pap-spacing-before-0pt pap-spacing-after-0pt\">&nbsp;</p>\n<p class=\"paragraph text-align-type-left pap-line-1.8 pap-line-rule-auto pap-spacing-before-0pt pap-spacing-after-0pt\"><strong>著名作品</strong></p>\n<p class=\"paragraph text-align-type-left pap-line-1.8 pap-line-rule-auto pap-spacing-before-0pt pap-spacing-after-0pt\">值得注意的发行作品包括DJ Hype的 \"Shot in the Dark\"（Suburban Base，1993），Origin Unknown的 \"Valley of the Shadows\"（RAM Records，1993），Ed Rush的 \"Bloodclot Artattack\"（No U Turn, 1993年）、Rufige Cru的 \"终结者\"（Reinforced Records，1992年）、Doc Scott的 \"Here Comes the Drumz\"（Reinforced Records，1992年）和4hero的 \"Journey from the Light\"（Reinforced Records，1993年）。其他在1993年发行 \"darkside \"曲目的厂牌还有Moving Shadow和Basement Records。Basement的制作人/工程师Jack Smooth说，Basement略微不同的darkcore风格的特点是 \"4&times;4 kick，techno声音，丰富的的pads在重度切割的层层破音上\"。</p>\n</div>",
 "contentEn": "<p><strong>Darkcore</strong>&nbsp;(also referred to as&nbsp;<strong>darkside hardcore</strong>) is a&nbsp;music subgenre&nbsp;of&nbsp;breakbeat hardcore&nbsp;and&nbsp;jungle&nbsp;in the UK&nbsp;rave scene, that emerged from late 1992. It is recognised as being one of the direct precursors of the genre now known as&nbsp;drum and bass.<sup id=\"cite_ref-1\" class=\"reference\">[1]</sup></p>\n<p>&nbsp;</p>\n<h2><span id=\"Origins\" class=\"mw-headline\">Origins</span></h2>\n<p>By late 1992,&nbsp;breakbeat hardcore&nbsp;was beginning to fragment, and darkcore was one of those subgenres to emerge, and counter to&nbsp;4-beat. Darkcore is often characterised by dark-themed&nbsp;samples&nbsp;such as&nbsp;horror movies&nbsp;elements, cries for help, sinister sounding stabs and&nbsp;synthesizer&nbsp;notes, along with syncopated&nbsp;breakbeats&nbsp;in addition to&nbsp;4-to-the-floor&nbsp;beats and low frequency basslines. It also saw the introduction of effects such as&nbsp;pitch shifting&nbsp;and&nbsp;time stretching&nbsp;to create mood.<sup id=\"cite_ref-2\" class=\"reference\">[2]</sup><sup id=\"cite_ref-3\" class=\"reference\">[3]</sup></p>\n<h2>&nbsp;</h2>\n<h2><span id=\"Notable_releases\" class=\"mw-headline\">Notable releases</span></h2>\n<p>Notable releases include&nbsp;DJ Hype's \"Shot in the Dark\" (Suburban Base, 1993),&nbsp;Origin Unknown's \"Valley of the Shadows\" (RAM Records, 1993),&nbsp;Ed Rush's \"Bloodclot Artattack\" (No U Turn, 1993),<sup id=\"cite_ref-4\" class=\"reference\">[4]</sup>&nbsp;Rufige Cru's \"Terminator\" (Reinforced Records, 1992),&nbsp;Doc Scott's \"Here Comes the Drumz\" (Reinforced Records, 1992),<sup id=\"cite_ref-5\" class=\"reference\">[5]</sup>&nbsp;and&nbsp;4hero&nbsp;\"Journey from the Light\" (Reinforced Records, 1993).<sup id=\"cite_ref-6\" class=\"reference\">[6]</sup>&nbsp;Other labels releasing \"darkside\" tracks in 1993 included&nbsp;Moving Shadow&nbsp;and&nbsp;Basement Records. Basement's producer/engineer Jack Smooth said that Basement's slightly different style of darkcore featured \"4&times;4 kick, techno sounds, [and] lush pads over heavily cut layered breaks.\"<sup id=\"cite_ref-7\" class=\"reference\">[7]</sup></p>\n<h2>&nbsp;</h2>\n<h2><span id=\"References\" class=\"mw-headline\">References</span></h2>\n<div class=\"reflist\">\n<div class=\"mw-references-wrap\">\n<ol class=\"references\">\n<li id=\"cite_note-1\"><span class=\"mw-cite-backlink\"><strong>^</strong></span>&nbsp;<span class=\"reference-text\"><cite id=\"CITEREFReynolds1998\" class=\"citation book cs1\">Reynolds, Simon (1998).&nbsp;<em>Energy Flash: A Journey Through Rave Music and Dance Culture</em>. Picador.&nbsp;<q>By late 1992, the happy rave tunes of 199&ndash;1 were being eclipsed by a style called 'darkside' or dark-core; hardcore became haunted by a collective apprehension that 'we've gone too far'.</q></cite></span></li>\n<li id=\"cite_note-2\"><span class=\"mw-cite-backlink\"><strong>^</strong></span>&nbsp;<span class=\"reference-text\"><cite id=\"CITEREFReynolds1998\" class=\"citation book cs1\">Reynolds, Simon (1998).&nbsp;<em>Energy Flash: A Journey Through Rave Music and Dance Culture</em>. Picador.&nbsp;<q>Sometimes the imagery was directly drawn from horror movies, sometimes it was inspired by the residues of a Christian upbringing or by amateur forays into cosmology, angeloiogy, and mysticism.</q></cite></span></li>\n<li id=\"cite_note-3\"><span class=\"mw-cite-backlink\"><strong>^</strong></span>&nbsp;<span class=\"reference-text\"><cite id=\"CITEREFReynolds1998\" class=\"citation book cs1\">Reynolds, Simon (1998).&nbsp;<em>Energy Flash: A Journey Through Rave Music and Dance Culture</em>. Picador.&nbsp;<q>Using effects like time-stretching, pitch-shifting and reversing, the darkside producers gave their breakbeats a brittle, metallic sound, like scuttling claws; they layered beats to form a dense mesh of convoluted, convulsive poly rhythm, inducing a febrile feel of in-the-pocket funk and out-of-body.</q></cite></span></li>\n<li id=\"cite_note-4\"><span class=\"mw-cite-backlink\"><strong>^</strong></span>&nbsp;<span class=\"reference-text\"><cite class=\"citation web cs1\">\"Darkcore &ndash; Drum'n'Bass\".&nbsp;<em>12 Edit</em>. 18 July 2016.</cite></span></li>\n<li id=\"cite_note-5\"><span class=\"mw-cite-backlink\"><strong>^</strong></span>&nbsp;<span class=\"reference-text\"><cite class=\"citation web cs1\">\"The 20 greatest jungle records ever made\".&nbsp;<em>FACTmag</em>. 12 February 2011.</cite></span></li>\n<li id=\"cite_note-6\"><span class=\"mw-cite-backlink\"><strong>^</strong></span>&nbsp;<span class=\"reference-text\"><cite id=\"CITEREFReynolds,_Simon1998\" class=\"citation book cs1\">Reynolds, Simon (1998).&nbsp;<em>Energy Flash: A Journey Through Rave Music and Dance Culture</em>. Picador.</cite></span></li>\n<li id=\"cite_note-7\"><span class=\"mw-cite-backlink\"><strong>^</strong></span>&nbsp;<span class=\"reference-text\"><cite class=\"citation web cs1\">\"Hardcore Will Never Die, But Mixmag Will\".&nbsp;<em>A Bass Chronicle</em>. 23 March 2013.</cite></span></li>\n</ol>\n</div>\n</div>",
 "remarks": "本词条汉字内容由 @多频百科团队 翻译+编辑\n原文译自  https://en.wikipedia.org/wiki/Darkcore",
 "remarksEn": "本词条内容来自  https://en.wikipedia.org/wiki/Darkcore",
 "status": 1,
 "clickNum": 20,
 "deleted": 0,
 "lang": 0,
 "chooseLang": true,
 "id": 99,
 "name": "Darkcore",
 "descriptions": "Darkcore（又称darkside hardcore、darkside jungle或darkcore jungle）是英国rave场景中breakbeat hardcore和jungle的一个音乐子流派，出现于1992年末。它被公认为是Drum and Bass音乐流派的直接前身之一。",
 "originalName": "",
 "startTimeText": "Early 1990s",
 "startAddress": "United Kingdom",
 "searchStyle": "Breakbeat, Hardcore",
 "styleCategory": "Breakbeat Hardcore",
 "originalStyle": "Breakbeat hardcore, industrial",
 "affectStyle": "",
 "deriveStyle": "Hardcore jungle, jungle, drum and bass",
 "representArtist": "DJ Hype, Origin Unknown, Ed Rush, Rufige Cru, Doc Scott, 4hero, ",
 "officialUrl": "https://en.wikipedia.org/wiki/Darkcore",
 "typeId": 13,
 "typeName": "风格",
 "dataId": 99,
 "url": "http://dropinapp.hearinmusic.com/#/ency?typeId=13&dataId=99"
}