{
 "pageNum": 1,
 "pageSize": 10,
 "params": {},
 "relationChannel": "[{\"id\":1271,\"parentId\":8,\"name\":\"Dark Ambient\"}]",
 "content": "<p>Dark ambient(在20世纪80年代被称为ambient industrial)是一种后工业音乐流派，其特点是带有不祥、黑暗的嗡嗡声，通常是阴郁的、不朽的或地下的氛围，部分带有不和谐的泛音。它显示了与环境音乐的相似之处，这是一种被许多黑暗环境音乐艺术家所引用的主要影响的类型，无论是在概念上还是在作曲上。虽然大多是电子生成的，黑暗环境也包括手工演奏的乐器和半声学录音程序的采样，并与仪式工业音乐密切相关。</p>\n<p>&nbsp;</p>\n<div>\n<div class=\"document\">\n<p class=\"paragraph text-align-type-left pap-line-1.8 pap-line-rule-auto pap-spacing-before-2pt pap-spacing-after-2pt\"><strong>词源</strong></p>\n<p class=\"paragraph text-align-type-left pap-line-1.8 pap-line-rule-auto pap-spacing-before-2pt pap-spacing-after-2pt\">&ldquo;dark ambient&rdquo;一词是20世纪90年代初由Roger Karmanik创造的，用来形容Raison d'&ecirc;tre的音乐以及与Cold Meat唱片公司密切相关的艺术家。</p>\n<p class=\"paragraph text-align-type-left pap-line-1.8 pap-line-rule-auto pap-spacing-before-2pt pap-spacing-after-2pt\">&nbsp;</p>\n<p class=\"paragraph text-align-type-left pap-line-1.8 pap-line-rule-auto pap-spacing-before-2pt pap-spacing-after-2pt\"><strong>起源和发展</strong></p>\n<p class=\"paragraph text-align-type-left pap-line-1.8 pap-line-rule-auto pap-spacing-before-2pt pap-spacing-after-2pt\">20世纪70年代引入了更新，更小，更实惠的效果器，合成器和采样技术后，Dark ambient就有了成型的基础。早期的流派元素出现在Throbbing Gristle1978年发专辑D.o.A: The Third and Final Report of Throbbing Gristle。这一流派的早期先驱是Tangerine Dream早期（1972年）的双碟专辑Zeit，与他们之后的大多数专辑不同的是，Zeit摒弃了任何节奏或旋律的概念，而是采用了&ldquo;黑暗&rdquo;、曲折、偶尔令人不安的音色；另外还有krautrock乐队成员Popol Vuh1970年的《Affenstunde》。Lustmord、Nocturnal Emissions和Zoviet France是从20世纪80年代的industrial music演变而来的，它们是最早创作持续dark ambient music的艺术家之一。这些艺术家利用了工业原则，如噪音和冲击战术，但让这些元素结合得更微妙。此外，ambient industrial通常有强烈的神秘主义倾向，特别倾向于魔法，正如Aleister Crowley所阐述的，是&ldquo;混乱的魔法&rdquo;，经常给音乐以仪式的味道。ambient industrial/dark ambient的艺术家有Controlled Bleeding, CTI, Coph Nia, Deutsch Nepal, Hafler Trio, Lustmord, Nocturnal Emissions, PGR, Thomas K&ouml;ner, Zoviet France, Cabaret Voltaire, SPK, Lab Report, Akira Yamaoka, Robin Rimbaud, Endura, Vidna Obmana, Daniel Menche, Lull, Hwyl Nofio, Hieronymus Bosch, Trepaneringsritualen and Final。许多人在他们的作品中兼收并蓄，其中很多作品是在ambient industrial之外的。</p>\n<p class=\"paragraph text-align-type-left pap-line-1.8 pap-line-rule-auto pap-spacing-before-2pt pap-spacing-after-2pt\">&nbsp;</p>\n<p class=\"paragraph text-align-type-left pap-line-1.8 pap-line-rule-auto pap-spacing-before-2pt pap-spacing-after-2pt\"><strong>特征</strong></p>\n<p class=\"paragraph text-align-type-left pap-line-1.8 pap-line-rule-auto pap-spacing-before-2pt pap-spacing-after-2pt\">Dark ambient通常由不断演变的不和谐音、嗡嗡声、共振，低频隆隆声和机器噪音组成，有时补充锣声，打击节奏，吼叫，扭曲的声音和其他声音，而且经常处理到无法识别原始样本。例如，整个作品可能以射电望远镜的声音(如Arecibo的Trans-Plutonian Transmissions)，新生儿的咿呀学语(如Nocturnal Emissions的Mouths of Babes)，或通过电报线接触麦克风的声音 (如Alan Lamb的Primal Image) 为基础。 一般来说，音乐倾向于唤起一种孤独、忧郁、压抑和孤立的感觉。然而，虽然音乐的主题在本质上倾向于&ldquo;黑暗&rdquo;，一些艺术家创造了更有机的音景。这些作品的例子是O&ouml;phoi, Alio Die, Mathias Grassow, Tau Ceti，和Klaus Wiese。The Symphonies of the Planets系列，是Brain/Mind Research 受&ldquo;旅行者&rdquo;号无人太空探测器记录的音频等离子波所启发的作品，也可以被认为是dark ambient的有机表现。</p>\n<p class=\"paragraph text-align-type-left pap-line-1.8 pap-line-rule-auto pap-spacing-before-2pt pap-spacing-after-2pt\">&nbsp;</p>\n<p class=\"paragraph text-align-type-left pap-line-1.8 pap-line-rule-auto pap-spacing-before-2pt pap-spacing-after-2pt\"><strong>子流派 Isolationism</strong></p>\n<p class=\"paragraph text-align-type-left pap-line-1.8 pap-line-rule-auto pap-spacing-before-2pt pap-spacing-after-2pt\">Isolationism，也被称为isolationist ambient，是ambient music的一种风格，在20世纪90年代兴盛。这个词是由英国音乐家Kevin Martin创造的，最早出现在1993年9月出版的《Wire》杂志上。他将其描述为一种断裂的、压抑的音乐形式，可以&ldquo;推开&rdquo;听众。记者David Segal将其称为&ldquo;ambient邪恶、反社会的表亲&rdquo;。 Sentrax唱片公司的所有者John Everall认为Isolationist起源于早期的industrial乐队、krautrock、ambient music和John Cage等实验性作曲家，以及Karlheinz Stockhausen等非实验性作曲家。James Plotkin认为Brian Eno的ambient和美国experimental music如Illusion of Safety对孤立主义的影响最大。正如Plotkin所说，&ldquo;很难说清是Isolationism，因为它包含了广泛的音乐范围，从ambient到avant garde music，甚至是一些更激进的东西&mdash;&mdash;比如Japanese Noise。Isolationism是新生事物，它需要营销。Kevin Martin无疑是让很多人接触到该音乐的引路人，否则这些音乐就会被忽视，所以我想这也不全是坏事。&rdquo;</p>\n</div>\n</div>",
 "contentEn": "<div>\n<div class=\"document\">\n<p class=\"paragraph text-align-type-left pap-line-1.8 pap-line-rule-auto pap-spacing-before-2pt pap-spacing-after-2pt\">Dark ambient (referred to as ambient industrial especially in the 1980s) is a genre of post-industrial music that features an ominous, dark droning and often gloomy, monumental or catacombal atmosphere, partially with discordant overtones. It shows similarities toward ambient music, a genre that has been cited as a main influence by many dark ambient artists, both conceptually and compositionally. Although mostly electronically generated, dark ambient also includes the sampling of hand-played instruments and semi-acoustic recording procedures, and is strongly related to ritual industrial music.</p>\n<p class=\"paragraph text-align-type-left pap-line-1.8 pap-line-rule-auto pap-spacing-before-2pt pap-spacing-after-2pt\">&nbsp;</p>\n<div>\n<div class=\"document\">\n<p class=\"paragraph text-align-type-left pap-line-1.8 pap-line-rule-auto pap-spacing-before-2pt pap-spacing-after-2pt\">Etymology</p>\n<p class=\"paragraph text-align-type-left pap-line-1.8 pap-line-rule-auto pap-spacing-before-2pt pap-spacing-after-2pt\">The term dark ambient was coined in the early 1990s by Roger Karmanik to describe the music of Raison d'&ecirc;tre and related artists that are heavily associated with the Cold Meat Industry record label.</p>\n<p class=\"paragraph text-align-type-left pap-line-1.8 pap-line-rule-auto pap-spacing-before-2pt pap-spacing-after-2pt\">&nbsp;</p>\n<p class=\"paragraph text-align-type-left pap-line-1.8 pap-line-rule-auto pap-spacing-before-2pt pap-spacing-after-2pt\">Origins and development</p>\n<p class=\"paragraph text-align-type-left pap-line-1.8 pap-line-rule-auto pap-spacing-before-2pt pap-spacing-after-2pt\">Dark ambient has its roots in the 1970s with the introduction of newer, smaller, and more affordable effects units, synthesizer and sampling technology. Early genre elements can be found on Throbbing Gristle's 1978 album D.o.A: The Third and Final Report of Throbbing Gristle. Important early precursors of the genre were Tangerine Dream's early double-album Zeit (1972), which unlike most of their subsequent albums abandoned any notion of rhythm or definable melody in favour of \"darkly\" sinuous, occasionally disturbing sonics; and also, Affenstunde (1970) by fellow krautrock band Popol Vuh. Projects like Lustmord, Nocturnal Emissions, and Zoviet France evolved out of industrial music during the 1980s, and were some of the earliest artists to create consistently dark ambient music. These artists make use of industrial principles such as noise and shock tactics, but wield these elements with more subtlety.Additionally, ambient industrial often has strong occultist tendencies with a particular leaning toward magick, as expounded by Aleister Crowley, and chaos magic, often giving the music a ritualistic flavor. Among the artists who produce ambient industrial/dark ambient are Controlled Bleeding, CTI, Coph Nia, Deutsch Nepal, Hafler Trio, Lustmord, Nocturnal Emissions, PGR, Thomas K&ouml;ner, Zoviet France, Cabaret Voltaire, SPK, Lab Report, Akira Yamaoka, Robin Rimbaud, Endura, Vidna Obmana, Daniel Menche, Lull, Hwyl Nofio, Hieronymus Bosch, Trepaneringsritualen and Final. Many of these artists are eclectic in their output with much of it falling outside ambient industrial.</p>\n<p class=\"paragraph text-align-type-left pap-line-1.8 pap-line-rule-auto pap-spacing-before-2pt pap-spacing-after-2pt\">&nbsp;</p>\n<p class=\"paragraph text-align-type-left pap-line-1.8 pap-line-rule-auto pap-spacing-before-2pt pap-spacing-after-2pt\">Characteristics</p>\n<p class=\"paragraph text-align-type-left pap-line-1.8 pap-line-rule-auto pap-spacing-before-2pt pap-spacing-after-2pt\">Dark ambient often consists of evolving dissonant harmonies of drones and resonances, low frequency rumbles and machine noises, sometimes supplemented by gongs, percussive rhythms, bullroarers, distorted voices and other found sounds, often processed to the point where the original sample cannot be recognized.For example, entire works may be based on radio telescope recordings (e.g. Arecibo's Trans-Plutonian Transmissions), the babbling of newborn babies (e.g. Nocturnal Emissions' Mouths of Babes), or sounds recorded through contact microphones on telegraph wires (e.g. Alan Lamb's Primal Image). Generally, the music tends to evoke a feeling of solitude, melancholy, confinement, and isolation. However, while the theme in the music tends to be \"dark\" in nature, some artists create more organic soundscapes. Examples of such productions are those of O&ouml;phoi, Alio Die, Mathias Grassow, Tau Ceti, and Klaus Wiese. The Symphonies of the Planets series, a collection of works by Brain/Mind Research inspired by audible-frequency plasma waves recorded by the Voyager unmanned space probes, can also be considered an organic manifestation of dark ambient.</p>\n<p class=\"paragraph text-align-type-left pap-line-1.8 pap-line-rule-auto pap-spacing-before-2pt pap-spacing-after-2pt\">&nbsp;</p>\n<p class=\"paragraph text-align-type-left pap-line-1.8 pap-line-rule-auto pap-spacing-before-2pt pap-spacing-after-2pt\">Subgenres Isolationism</p>\n<p class=\"paragraph text-align-type-left pap-line-1.8 pap-line-rule-auto pap-spacing-before-2pt pap-spacing-after-2pt\">Isolationism, also known as isolationist ambient, is a style of ambient music prominent in the 1990s. The term was coined by British musician Kevin Martin and first appeared in print in a September 1993 issue of The Wire magazine.He described it as a form of fractured, subdued music that \"pushed away\" listeners. Journalist David Segal referred to it as \"ambient's sinister, antisocial cousin\". John Everall, owner of the Sentrax label, places the origins of \"Isolationist\" music in early industrial groups, krautrock, ambient music and experimental composers such John Cage, non-experimental composers such as Karlheinz Stockhausen, and others. James Plotkin identifies Brian Eno's ambient works as the greatest influence on the isolationist scene, along with American experimental music such as Illusion of Safety. As Plotkin says, I really didn't know what was meant by Isolationism, because it encompassed this broad spectrum of music that ranged from Ambient to avant garde music to even something more aggressive &ndash; like the Japanese Noise scene. Isolationism was a Virgin compilation and it needed a marketing angle. And Kevin Martin was definitely responsible for exposing a really large amount of people to music that would otherwise have gone unnoticed, so I guess it's not all bad.</p>\n</div>\n</div>\n</div>\n</div>",
 "remarks": "本词条汉字内容由 @多频百科团队 翻译+编辑\n原文译自https://en.wikipedia.org/wiki/Dark_ambient",
 "remarksEn": "本词条内容来自 https://en.wikipedia.org/wiki/Dark_ambient",
 "status": 1,
 "clickNum": 2,
 "deleted": 0,
 "lang": 0,
 "chooseLang": true,
 "id": 237,
 "name": "Dark Ambient",
 "descriptions": "Dark ambient(在20世纪80年代被称为ambient industrial)是一种后工业音乐流派，其特点是带有不祥、黑暗的嗡嗡声，通常是阴郁的、不朽的或地下的氛围，部分带有不和谐的泛音。它显示了与环境音乐的相似之处，这是一种被许多黑暗环境音乐艺术家所引用的主要影响的类型，无论是在概念上还是在作曲上。虽然大多是电子生成的，黑暗环境也包括手工演奏的乐器和半声学录音程序的采样，并与仪式工业音乐密切相关。",
 "originalName": "",
 "startTimeText": "mid-1980s",
 "startAddress": "Europe",
 "searchStyle": "Ambient",
 "styleCategory": "Ambient",
 "originalStyle": "Industrial, ambient, drone, noise",
 "affectStyle": "Ambient black metal, martial industrial, Dungeon synth",
 "deriveStyle": "Dungeon synth",
 "representArtist": "",
 "officialUrl": "https://en.wikipedia.org/wiki/Dark_ambient",
 "typeId": 13,
 "typeName": "风格",
 "dataId": 237,
 "url": "http://dropinapp.hearinmusic.com/#/ency?typeId=13&dataId=237"
}