{
 "pageNum": 1,
 "pageSize": 10,
 "params": {},
 "relationChannel": "[{\"id\":1157,\"parentId\":8,\"name\":\"Darkstep\"}]",
 "content": "<p>Darkstep是Drum and Bass的一种子风格，特点是快速的鼓点和暗黑氛围，其发展受到Dark Ambient、Industrial和Hardcore音乐的影响。</p>",
 "contentEn": "<p><strong>Darkstep</strong>&nbsp;is characterised by fast drums and a general dark mood, drawing influences from&nbsp;dark ambient,&nbsp;industrial&nbsp;and&nbsp;hardcore&nbsp;music.</p>",
 "remarks": "本词条汉字内容由 @多频百科团队 翻译+编辑\n原文译自 https://en.wikipedia.org/wiki/Drum_and_bass#Heavy_drum_and_bass",
 "remarksEn": "本词条内容来自 https://en.wikipedia.org/wiki/Drum_and_bass#Heavy_drum_and_bass",
 "status": 1,
 "clickNum": 15,
 "deleted": 0,
 "lang": 0,
 "chooseLang": true,
 "id": 107,
 "name": "Darkstep",
 "descriptions": "Darkstep是Drum and Bass的一种子风格，特点是快速的鼓点和暗黑氛围，其发展受到Dark Ambient、Industrial和Hardcore音乐的影响。",
 "originalName": "",
 "startTimeText": "",
 "startAddress": "",
 "searchStyle": "Drum and Bass",
 "styleCategory": "Drum and Bass",
 "originalStyle": "Dark Ambient、Industrial、Hardcore",
 "affectStyle": "",
 "deriveStyle": "",
 "representArtist": "",
 "officialUrl": "https://en.wikipedia.org/wiki/Drum_and_bass#Heavy_drum_and_bass",
 "typeId": 13,
 "typeName": "风格",
 "dataId": 107,
 "url": "http://dropinapp.hearinmusic.com/#/ency?typeId=13&dataId=107"
}