{
 "pageNum": 1,
 "pageSize": 10,
 "params": {},
 "relationChannel": "[{\"id\":1195,\"parentId\":8,\"name\":\"Deathstep\"}]",
 "content": "<p>Deathstep是Dubstep子风格中最为硬核的类型之一，它结合了死亡金属乐和Dubstep音乐的特色元素。</p>\n<p>&nbsp;</p>\n<p><strong>音乐特征</strong></p>\n<p>Deathstep是死亡金属音乐和dubstep音乐的结合。Deathstep艺术家们希望从这两种音乐类型中取其精华并作结合。Deathstep歌曲的开头通常是听起来令人不安的吉他演奏，可能伴随很多合唱的元素。鼓组通常选用非常厚实和强硬的底鼓和一个高度&ldquo;pan&rdquo;的强调的军鼓组成，并带有很多即兴演奏段落。与流行乐的审美不同，Deathstep贝司往往也与常见的 dubstep wobble bass不同，常选用所谓的Machine Gun Basses（机枪贝斯），通常以三连音的形式出现，并伴随更为失真的Growl和啸叫元素。</p>\n<p>&nbsp;</p>\n<p><strong>历史</strong></p>\n<p>&ldquo;Deathstep&rdquo;这个描述首次出现是Mobthrow在2009年3月发布的 Mutant dubstep EP 中的同名曲目&ldquo;Deathstep&rdquo;，被用作描述他受死亡金属和 dubstep 影响的新音乐风格的术语。同年，波兰制作人 Substep Infrabass 也将其用于名为&ldquo;Voices From God (Deathstep VIP)&rdquo;的曲目中。还有许多像Chrispy这样的艺人都选择了这个名称并制作了自己的曲子（例如，Chrispy 的 Suicide Silence remix系列）。</p>\n<p>&nbsp;</p>\n<p>2011 年，Bratkilla 发布了他的 Deathstep LP&mdash;&mdash;将 Deathstep 巩固为独立的一个风格分类。自此Deathstep 开始稳步发展。</p>",
 "contentEn": "<p>Deathstep is, by majority consensus, one of the most hardcore genres of dubstep. It combines death metal with dubstep elements; specifically, the beat and the bass.</p>\n<p>&nbsp;</p>\n<h2><span id=\"History\" class=\"mw-headline\">History</span></h2>\n<p>'Deathstep' first mention was used by the artist Mobthrow in the homonymous track 'Deathstep' from Mutant dubstep EP released back in March 2009.It was a term to describe his new music influenced by death metal and dubstep. Notably it was also used in a track called 'Voices From God (Deathstep VIP)' by the Polish producer Substep Infrabass in 2009. Many artists like Chrispy picked this up and made their own version of it (Chrispy's Suicide Silence remixes, for example).</p>\n<p>&nbsp;</p>\n<p>In 2011, Bratkilla released his Deathstep LP - solidifying Deathstep as a category of its own. Since this release, Deathstep has steadily grown into what you see today.</p>\n<h2>&nbsp;</h2>\n<h2><span id=\"Structure\" class=\"mw-headline\">Structure</span></h2>\n<p>Deathstep is a combination of death metal and dubstep. Thus, we need to bring out the best of both worlds. Deathstep frameworks usually begin with ominous-sounding guitar riffs, with lots of choir. The drums usually consist of a very solid and hard kick, and a very heavy &lsquo;pan&rsquo; snare with a lot of riff. The basses are, contrary to popular belief, very different from the &lsquo;normal&rsquo; dubstep basses. As opposed to the generic reese &lsquo;wobbles&rsquo;, Deathstep has machine gun basses, usually in triplets, along with more heavily distorted growls and screeches.</p>",
 "remarks": "本词条汉字内容由 @多频百科团队 翻译+编辑\n原文译自 https://electronicmusic.fandom.com/wiki/Deathstep",
 "remarksEn": "本词条内容来自 https://electronicmusic.fandom.com/wiki/Deathstep",
 "status": 1,
 "clickNum": 67,
 "deleted": 0,
 "lang": 0,
 "chooseLang": true,
 "id": 152,
 "name": "Deathstep",
 "descriptions": "Deathstep是Dubstep子风格中最为硬核的类型之一，它结合了死亡金属乐和Dubstep音乐的特色元素。",
 "originalName": "",
 "startTimeText": "",
 "startAddress": "",
 "searchStyle": "Dubstep, Bass Music",
 "styleCategory": "Brostep",
 "originalStyle": "Dubstep",
 "affectStyle": "",
 "deriveStyle": "",
 "representArtist": "Mantis, Bratkilla, Code:Pandorum",
 "officialUrl": "https://electronicmusic.fandom.com/wiki/Deathstep",
 "typeId": 13,
 "typeName": "风格",
 "dataId": 152,
 "url": "http://dropinapp.hearinmusic.com/#/ency?typeId=13&dataId=152"
}