{
 "pageNum": 1,
 "pageSize": 10,
 "params": {},
 "relationChannel": "[{\"id\":1285,\"parentId\":8,\"name\":\"Death Industrial\"}]",
 "content": "<p>Death industrial是industrial的子流派，以浓厚的气氛，低端的嗡嗡声，刺耳的循环以及尖叫和/或失真的人声为代表。 它可以与power electronics区分开来，它具有较慢的，更大气的声音（让人联想到dark ambient）和较少的磨擦声。 death industrial艺术家包括Brighter Death Now，Anenzephalia，Atrax Morgue，Aelia Capitolina，Author &amp; Punisher，Genocide Organ，Ramleh，Hieronymus Bosch，Stratvm Terror和Dead Man's Hill。</p>",
 "contentEn": "<div>\n<div class=\"document\">\n<p class=\"paragraph text-align-type-left pap-line-1.8 pap-line-rule-auto pap-spacing-before-2pt pap-spacing-after-2pt\">Death industrial is an industrial subgenre typified by a dense atmosphere, low-end drones, harsh loops and screamed and/or distorted vocals. It can be differentiated from power electronics by a slower, more atmospheric sound reminiscent of dark ambient, and a less abrasive sound. Acts described as death industrial include Brighter Death Now, Anenzephalia, Atrax Morgue, Aelia Capitolina, Author &amp; Punisher, Genocide Organ, Ramleh, Hieronymus Bosch, Stratvm Terror and Dead Man's Hill.</p>\n</div>\n</div>",
 "remarks": "本词条汉字内容由 @多频百科团队 翻译+编辑\n原文译自https://en.m.wikipedia.org/wiki/Power_electronics_(music)#Death_industrial",
 "remarksEn": "本词条内容来自 https://en.m.wikipedia.org/wiki/Power_electronics_(music)#Death_industrial",
 "status": 1,
 "clickNum": 4,
 "deleted": 0,
 "lang": 0,
 "chooseLang": true,
 "id": 255,
 "name": "Death Industrial",
 "descriptions": "Death industrial是industrial的子流派，以浓厚的气氛，低端的嗡嗡声，刺耳的循环以及尖叫和/或失真的人声为代表。 它可以与power electronics区分开来，它具有较慢的，更大气的声音（让人联想到dark ambient）和较少的磨擦声。 death industrial艺术家包括Brighter Death Now，Anenzephalia，Atrax Morgue，Aelia Capitolina，Author & Punisher，Genocide Organ，Ramleh，Hieronymus Bosch，Stratvm Terror和Dead Man's Hill。",
 "originalName": "",
 "startTimeText": "",
 "startAddress": "",
 "searchStyle": "Noise Music",
 "styleCategory": "Power Electronics",
 "originalStyle": "",
 "affectStyle": "",
 "deriveStyle": "",
 "representArtist": "",
 "officialUrl": "https://en.m.wikipedia.org/wiki/Power_electronics_(music)#Death_industrial",
 "typeId": 13,
 "typeName": "风格",
 "dataId": 255,
 "url": "http://dropinapp.hearinmusic.com/#/ency?typeId=13&dataId=255"
}