{
 "pageNum": 1,
 "pageSize": 10,
 "params": {},
 "relationChannel": "[{\"id\":1290,\"parentId\":8,\"name\":\"Deconstructed Club\"}]",
 "content": "<div>\n<div class=\"document\">\n<p class=\"paragraph text-align-type-left pap-line-1.8 pap-line-rule-auto pap-spacing-before-2pt pap-spacing-after-2pt\">Deconstructed Club（解构俱乐部音乐），也称为Post-club或Deconstructed Music，是一种实验性的电子舞蹈音乐流派，其特征是后现代主义，是house和techno的对应形式。&nbsp;</p>\n<p class=\"paragraph text-align-type-left pap-line-1.8 pap-line-rule-auto pap-spacing-before-2pt pap-spacing-after-2pt\">&nbsp;</p>\n<p class=\"paragraph text-align-type-left pap-line-1.8 pap-line-rule-auto pap-spacing-before-2pt pap-spacing-after-2pt\"><strong>历史</strong></p>\n<p class=\"paragraph text-align-type-left pap-line-1.8 pap-line-rule-auto pap-spacing-before-2pt pap-spacing-after-2pt\">该风格诞生于2009年名为GHE20G0TH1K的纽约舞蹈派对。参加这些聚会的有时尚人士，朋克人和时尚达人，排队在布鲁克林和曼哈顿的仓库中举行，并在这年之内开始使这座城市的夜总会熠熠生辉。 CDJ的可能性直接决定了deconstructed club运动的风格，而DJ反过来又激发了制作人在自己的音乐中模仿这种混乱的实验并产生反馈，不断地重新构想了对舞蹈的期待。DJ在GHE20G0TH1K上使用的MP3在大型音响系统上播放时具有松脆，粗糙的质感，从而定义了它们的美感。集体的每个成员都来自不同的背景，但他们将这些差异融入了混音中，混合了Jersey club, Baltimore, Footwork, Grime和Ballroom music，以及House和Techno的元素。</p>\n<p class=\"paragraph text-align-type-left pap-line-1.8 pap-line-rule-auto pap-spacing-before-2pt pap-spacing-after-2pt\">&nbsp;</p>\n<p class=\"paragraph text-align-type-left pap-line-1.8 pap-line-rule-auto pap-spacing-before-2pt pap-spacing-after-2pt\">由deconstructed club与时尚和知名LGBTQ发起者的关系，该流派与纽约市的地下派对和另类的酷夜生活联系在一起。来自Fade to Mind和Keysound唱片公司的艺术家将ebooted ballroom/vogue house, jersey club和the new wave of instrumental grime混合在一起，它们都带有鲜明的高科技光泽，被视作该流派的先驱。这个词本身在2010年代中期开始流传开来，并被用作一个概括性的术语，描述了国际上不同类型的制作人，它们在推动club music的边界并使其变得前卫。</p>\n<p class=\"paragraph text-align-type-left pap-line-1.8 pap-line-rule-auto pap-spacing-before-2pt pap-spacing-after-2pt\">&nbsp;</p>\n<p class=\"paragraph text-align-type-left pap-line-1.8 pap-line-rule-auto pap-spacing-before-2pt pap-spacing-after-2pt\"><strong>特点</strong></p>\n<p class=\"paragraph text-align-type-left pap-line-1.8 pap-line-rule-auto pap-spacing-before-2pt pap-spacing-after-2pt\">这种风格与传统和主流dance music的步调有所不同，例如four on the floor节拍，稳定的节奏，积累和下降。而它的识别点是激进的，狂热的，后工业声音，具有金属或断断续续的声音，例如玻璃粉碎，枪声等，deconstructed club旨在提供恒定的节奏切换和无调，从而一个过度的，听起来像世界末日的音景。Deconstructed club表现出一种混乱的混合方式，也是&ldquo;声音帆布&rdquo;，将舞厅样本，现场录音，无伴奏合唱和工业音景调整为dance-floor music。这种风格的特点是其破坏性元素和宽广的动态节奏范围，经常利用jersey club的踢腿模式，污垢的拍手和紧张的步法演奏来营造出狂热的高BPM曲目的感觉；此外，音轨还可以探究实验性音乐和替换atmospheric breathers。该流派的精神和理念无疑是面向传统音乐制作和舞蹈音乐的后结构主义者。</p>\n<p class=\"paragraph text-align-type-left pap-line-1.8 pap-line-rule-auto pap-spacing-before-2pt pap-spacing-after-2pt\">&nbsp;</p>\n<p class=\"paragraph text-align-type-left pap-line-1.8 pap-line-rule-auto pap-spacing-before-2pt pap-spacing-after-2pt\"><strong>视觉艺术</strong></p>\n<p class=\"paragraph text-align-type-left pap-line-1.8 pap-line-rule-auto pap-spacing-before-2pt pap-spacing-after-2pt\">音乐通常伴随着音乐视频，类似于视觉艺术。一些艺术家，如Matthew Barney学习的是视觉艺术而非音乐。视觉和实验性电子音乐之间的这种交叉已经成为一种事物，以至于PAN风格的主要唱片公司之一推出了&ldquo; Entopia&rdquo;，致力于为艺术装置，电影，戏剧作品，舞蹈和时尚制作提供配乐。</p>\n<p class=\"paragraph text-align-type-left pap-line-1.8 pap-line-rule-auto pap-spacing-before-2pt pap-spacing-after-2pt\">&nbsp;</p>\n<p class=\"paragraph text-align-type-left pap-line-1.8 pap-line-rule-auto pap-spacing-before-2pt pap-spacing-after-2pt\"><strong>被接受</strong></p>\n<p class=\"paragraph text-align-type-left pap-line-1.8 pap-line-rule-auto pap-spacing-before-2pt pap-spacing-after-2pt\">音乐记者兼评论家Simon Reynolds称这种风格为&ldquo;概念曲&rdquo;，并称&ldquo;它不是一种流派，而更像是一种艺术运作方式&rdquo;。他将流派与1990年代的IDM进行了比较，并说早期IDM的先驱者，如Aphex Twin或Luke Vibert以少年幽默的方式创作音乐，为未作白日梦而不是后者的理性思想进行背景预热。但是流派与其背景有着相当的联系，IDM是对the club和rave趋势的评论，而deconstructed club也可以在dance music历史上发挥作用，例如Berlin duo Amnesia Scanner从称为硬风格的Euro-techno中汲取灵感，Stine Janvin完全通过通过声音来操纵声音来表达对90年代rave趋势的敬意，而委内瑞拉制作人Arca在其早期曲目 &ldquo;Doep&rdquo;中大大降低了hedonistic rap和R＆B的分量。</p>\n</div>\n</div>",
 "contentEn": "<div>\n<div class=\"document\">\n<p class=\"paragraph text-align-type-left pap-line-1.8 pap-line-rule-auto pap-spacing-before-2pt pap-spacing-after-2pt\">History</p>\n<p class=\"paragraph text-align-type-left pap-line-1.8 pap-line-rule-auto pap-spacing-before-2pt pap-spacing-after-2pt\">The style was born in New York dance parties named GHE20G0TH1K, which started in 2009. These parties featured voguers, punks, and fashionista, took place in warehouses across Brooklyn and Manhattan and started to radicalize the city's nightclub scene within a year. The style that defined the deconstructed club movement was directly shaped by the possibilities of CDJs, and DJ sets, in turn, have inspired producers to imitate this chaotic experimentation in their own music, creating feedback that continued to re-imagine the expectations of the dance-floor music. The MP3s used by DJs on GHE20G0TH1K had a crunchy, cruddy texture while being played on a big sound system, which came to define their aesthetic. Each member of the collective came from a different background, but they incorporated those differences into the mix, hybridizing a melange of Jersey club, Baltimore, Footwork, Grime, and Ballroom music, as well as elements of House and Techno. Because of Deconstructed club's relationship to vogue and prominent LGBTQ originators, the genre's identity is tied to the underground party scene in NYC and alternative queer nightlife. Artists from the labels Fade to Mind, and Keysound, that mixed together rebooted ballroom/vogue house, jersey club, and the new wave of instrumental grime, all with a stark, hi-tech machine sheen are also cited as pioneers of the genre. The term itself started circulating in the mid-2010s and was used as an umbrella term to describe a disparate, international genus of producers pushing the limits or boundaries of club music and turning it avant-garde.</p>\n<p class=\"paragraph text-align-type-left pap-line-1.8 pap-line-rule-auto pap-spacing-before-2pt pap-spacing-after-2pt\">&nbsp;</p>\n<p class=\"paragraph text-align-type-left pap-line-1.8 pap-line-rule-auto pap-spacing-before-2pt pap-spacing-after-2pt\">Characteristics</p>\n<p class=\"paragraph text-align-type-left pap-line-1.8 pap-line-rule-auto pap-spacing-before-2pt pap-spacing-after-2pt\">The genre steps away from traditional and mainstream dance music tropes, such as four on the floor beats, stable tempos, build-ups, and drops. Instead, it is identified by an aggressive, frantic, post-industrial sound design, featuring metallic or staccato sounds such as samples of glass smashing, gunshots, etc., deconstructed club aims for an excessive, apocalyptic-sounding soundscape, with constant rhythmic switch-ups and atonality. Deconstructed club proposes a chaotic mix and a sonic canvas where ballroom samples, field recordings, a cappella rapping and industrial soundscapes are adjusted into dance-floor music. The genre is characterized by its disruptive elements and a wide dynamic tempo range, often utilizing jersey club kick-patterns, grime claps, and jittery footwork production to create a sensation of frenetic high-BPM tracks; in addition, tracks delve into experimental soundscapes and alternating atmospheric breathers. The genre's ethos and ideas are decidedly post-structuralist towards conventional music production and dance music.</p>\n<p class=\"paragraph text-align-type-left pap-line-1.8 pap-line-rule-auto pap-spacing-before-2pt pap-spacing-after-2pt\">&nbsp;</p>\n<p class=\"paragraph text-align-type-left pap-line-1.8 pap-line-rule-auto pap-spacing-before-2pt pap-spacing-after-2pt\">Visual art</p>\n<p class=\"paragraph text-align-type-left pap-line-1.8 pap-line-rule-auto pap-spacing-before-2pt pap-spacing-after-2pt\">The music, often accompanied by music videos, resembles visual art. Some of the artists, such as Matthew Barney, studied visual arts rather than music. This crossing between the visuals and experimental electronic music has become such a thing that one of the key labels in the genre PAN has launched an imprint, \"Entopia\", dedicated to producing soundtracks for art installations, films, theater works, dance, and fashion podiums.</p>\n<p class=\"paragraph text-align-type-left pap-line-1.8 pap-line-rule-auto pap-spacing-before-2pt pap-spacing-after-2pt\">&nbsp;</p>\n<p class=\"paragraph text-align-type-left pap-line-1.8 pap-line-rule-auto pap-spacing-before-2pt pap-spacing-after-2pt\">Reception</p>\n<p class=\"paragraph text-align-type-left pap-line-1.8 pap-line-rule-auto pap-spacing-before-2pt pap-spacing-after-2pt\">The music journalist and critic Simon Reynolds called the style conceptronica and said that \"it isn't a genre as such, but more like a mode of artistic operation\". He compared the genre with 1990s IDM, saying that the pioneers of the early IDM, such as Aphex Twin or Luke Vibert produced their music with juvenile humor, creating a chilly background for unthinking daydreaming rather than intellectual thoughts of the latter. But genres are rather connected by their background, while IDM was a commentary on the last days of the club and rave trends, the deconstructed club is also able to work over the dance music history, e.g. Berlin duo Amnesia Scanner gleaned inspiration from the Euro-techno sound known as hardstyle, Stine Janvin did loose homage to the 90s rave trends completely based on manipulating the sound through her voice, while Venezuelan producer Arca drastically decimate hedonistic rap and R&amp;B in her early track \"Doep\".</p>\n</div>\n</div>",
 "remarks": "本词条汉字内容由 @多频百科团队 翻译+编辑\n原文译自https://en.wikipedia.org/wiki/Deconstructed_club",
 "remarksEn": "本词条内容来自 https://en.wikipedia.org/wiki/Deconstructed_club",
 "status": 1,
 "clickNum": 17,
 "deleted": 0,
 "lang": 0,
 "chooseLang": true,
 "id": 262,
 "name": "Deconstructed Club",
 "descriptions": "Deconstructed Club（解构俱乐部音乐），也称为Post-club或Deconstructed Music，是一种实验性的电子舞蹈音乐流派，其特征是后现代主义，是house和techno的对应形式。 ",
 "originalName": "",
 "startTimeText": "Early 2010s",
 "startAddress": "New York, United States",
 "searchStyle": "Industrial",
 "styleCategory": "Industrial",
 "originalStyle": "Electronic dance music, Jersey club, Baltimore club, footwork, ballroom, industrial, grime",
 "affectStyle": "",
 "deriveStyle": "",
 "representArtist": "",
 "officialUrl": "https://en.wikipedia.org/wiki/Deconstructed_club",
 "typeId": 13,
 "typeName": "风格",
 "dataId": 262,
 "url": "http://dropinapp.hearinmusic.com/#/ency?typeId=13&dataId=262"
}