{
 "pageNum": 1,
 "pageSize": 10,
 "params": {},
 "relationChannel": "[{\"id\":1106,\"parentId\":8,\"name\":\"Deep House\"}]",
 "relationEncy": "[{\"id\":36409,\"typeId\":13,\"dataId\":82,\"name\":\"Progressive House\",\"url\":\"http://dropinapp.hearinmusic.com/#/ency?typeId=13&dataId=82\"},{\"id\":36391,\"typeId\":13,\"dataId\":64,\"name\":\"Future House\",\"url\":\"http://dropinapp.hearinmusic.com/#/ency?typeId=13&dataId=64\"},{\"id\":35025,\"typeId\":14,\"dataId\":1912,\"name\":\"Anjunadeep\",\"url\":\"http://dropinapp.hearinmusic.com/#/ency?typeId=14&dataId=1912\"}]",
 "content": "<p>Deep Hous是浩室舞曲（House）的一个子风格，在1980年代末开始发展。它尝试将灵魂乐（Soul）、爵士乐（Jazz）等元素融入其中。在芝加哥浩室舞曲（Chicago House）的浓郁的科技味道之上加入了更多人情味，它也算是向已经退潮的迪斯科（Disco）的一次回溯。Deep House有着相当浓厚的灵魂唱腔,之所以称为Deep House就是因为有深邃的感觉，Deep House风格介于Garage和House之间，它同样源于Chicago，也许是这个老工业城市沉重阴郁的现实色调赋予了Deep House同样的气质，使得这种音乐更适合聆听而不是酣畅起舞。滚滚而来的Bassline，一反常态的人声代替采样，间或闪烁其间的Jazz Chord，有时Deep House听上去就像郁闷版的Garage。Deep House崇尚的是深度，精神至上，更偏重Jazz和Soul的感觉。Larry Heard在1984年发布的曲目&ldquo;Mystery of Love&rdquo;被认为是这一曲风的起源。</p>\n<p>&nbsp;</p>\n<p><strong>特点 </strong></p>\n<p>Deep House通常以110至125 BPM的速度，低沉的低音线，广泛使用打击乐器（通常使用Roland TR-909鼓机），柔和的键盘声音（打击垫），使用高级和弦结构以及混合周围环境而闻名，充满灵魂，以女性声为主。歌词通常侧重于积极向上或令人沮丧的现代布鲁斯歌词。由于新形式的浩室音乐通常会放弃人声，因此人们一直在deep house中使用人声，但截至2019年，这种差异已基本​消失。</p>\n<p>&nbsp;</p>\n<p>Deep House受爵士乐的影响可以通过使用比简单的三和弦更复杂的和弦-7th，9th，13th，悬挂，改写和更主流的和弦进行更复杂的和弦来实现，从而使乐曲具有不和谐但令人愉悦的感觉。主流EDM中的标准drops和buildups在deep house中是不典型的、较慢的，更多的液体凹槽以及平滑，时尚，别致的举止，使deep house比其他类型的电子舞曲更加成熟、感性。它很少达到高潮，但会持续散发出舒适，催眠和放松的感觉，非常适合昏暗的夜总会。</p>\n<p>&nbsp;</p>\n<p><strong>历史 </strong></p>\n<p>Deep House很大程度上是由芝加哥制片人（如马歇尔&middot;杰斐逊（Marshall Jefferson）和《拉力&middot;希德》（Larry Heard）（手指先生））开创的，其曲目如《Mystery of Love》（1985）和《Can You Feel It?》。 （1986）；后者对deep house的影响与德里克&middot;梅（Derrick May）在Detroit Techno上的&ldquo;Strings of Life&rdquo;（1987）的影响类似。由于偏爱使用更柔和，更自然（但仍基于合成器）的制作，爵士乐的声音变得更加普遍。作者Richie Unterberger曾说过，Heard的deep house声音将house从其后人类的倾向转移到早期迪斯科音乐（尤其是费城国际唱片公司和Salsoul唱片的郁郁葱葱的灵魂之声）。\"Can You Feel It \"成为了一张深沉的House蓝图； Heard使用Roland Juno-60合成器创建了深低音效果，并使用了Roland TR-909鼓机来制作节拍。</p>\n<p>&nbsp;</p>\n<p>DJ Ron Trent 表示，Deep House个词最初是用来描述 Frankie Knuckles 和 Ron Hardy 的 DJ 作品，他们脱离了严格的电子音乐，融入了迪斯科、爵士和地下音乐等不拘一格的元素。</p>\n<p>&nbsp;</p>\n<p>在2000年代和2010年代，该类型仍然非常流行。但是，到2014年，对该流派的感知导致某种house音乐被贴上了不恰当的标签&rdquo;，此后，随着这一流派从历史渊源中的演变，这个词被用来概括各种类型的bassline驱动的House音乐。</p>\n<p>&nbsp;</p>\n<p><strong>艺术家、DJ和厂牌</strong></p>\n<p>专注于该流派的厂牌包括Alleviated Records（Larry Heard）、AFTR:HRS、Glasgow Underground、Naked Music、Om Records、Peacefrog Records、Soma、Source、Anjunadeep和Spinnin' Deep。</p>\n<p>&nbsp;</p>\n<p>来自其他流派的艺术家的deep house专辑的例子包括The Martyr Mantras（1990）和Modernism: The Style Council的《The Martyr Mantras》（1990）和《Modernism: A New Decade》（1989）。</p>\n<p>&nbsp;</p>\n<p>还有其他厂牌代表，如Innervisions、Defected、Crosstown Rebels、Suara、Mother Recordings、Diynamic、Strictly Rhythm、Exploited和Enormous Tunes等等。</p>",
 "contentEn": "<p><strong>Deep house</strong>&nbsp;is a&nbsp;subgenre&nbsp;of&nbsp;house music<sup id=\"cite_ref-Crossing_Traditions_1-1\" class=\"reference\">[1]</sup><sup id=\"cite_ref-2\" class=\"reference\">[2]</sup>&nbsp;that originated in the 1980s, initially fusing elements of&nbsp;Chicago house&nbsp;with 1980s&nbsp;jazz-funk&nbsp;and touches of&nbsp;soul music. Its origins are attributed to&nbsp;Larry Heard's track \"Mystery of Love\", released in 1985.(Also WeHouse Radio Network and WHOS 89.9 fm Chicago's first 24 hour House Music Radio Station and Network hosted by the Deacon doc )&nbsp;<sup id=\"cite_ref-3\" class=\"reference\">[3]</sup></p>\n<p>&nbsp;</p>\n<h2><span id=\"Characteristics\" class=\"mw-headline\">Characteristics</span></h2>\n<p>Deep house is known for tempos typically from 110 to 125 bpm,<sup id=\"cite_ref-4\" class=\"reference\">[4]</sup><sup id=\"cite_ref-Crossing_Traditions_1-2\" class=\"reference\">[1]</sup><sup id=\"cite_ref-5\" class=\"reference\">[5]</sup>&nbsp;muted basslines, spacious use of percussion elements (typically using a&nbsp;Roland TR-909&nbsp;drum machine),<sup id=\"cite_ref-synthtopia_6-0\" class=\"reference\">[6]</sup>&nbsp;soft keyboard sounds (pads), use of advanced chord structures, ambient mixes, and soulful, predominantly female vocals. Lyrics usually focus on positive/uplifting or forlorn modern&nbsp;blues&nbsp;lyrics. The use of vocals persisted in deep house as new forms of house music often abandoned them, but as of 2019, this difference has largely disappeared.</p>\n<p>&nbsp;</p>\n<p>Influences of jazz music can be found in the use of more complex chords than simple&nbsp;triads&nbsp;-7ths, 9ths, 13ths,&nbsp;suspensions, alterations- and less mainstream chord progressions, giving compositions a slightly&nbsp;dissonant&nbsp;yet pleasant feel. Standard drops and buildups found in mainstream EDM are atypical in deep house.</p>\n<p>&nbsp;</p>\n<p>Slower, more liquid grooves, and a smooth, stylish, chic demeanor make deep house a more mature, sensuous, simmering metaphor for sex than other genres of electronic dance music.<sup class=\"noprint Inline-Template Template-Fact\">[<em><span title=\"No source mentioned for edm being a metaphor for sex (August 2020)\">citation needed</span></em>]</sup>&nbsp;It rarely reaches a climax, but lingers on as a comfortable, hypnotic and relaxing pulse, perfect for the small, dimly lit nightclub.</p>\n<h2>&nbsp;</h2>\n<h2><span id=\"History\" class=\"mw-headline\">History</span></h2>\n<p>Deep house was largely pioneered by Chicago producers such as&nbsp;Marshall Jefferson&nbsp;(On the House) and&nbsp;Larry Heard&nbsp;(Mr. Fingers) and with tracks such as \"Mystery of Love\" (1985) and \"Can You Feel It?\" (1986);<sup id=\"cite_ref-7\" class=\"reference\">[7]</sup>&nbsp;the latter had a similar impact on deep house to that of&nbsp;Derrick May's \"Strings of Life\" (1987) on&nbsp;Detroit techno.<sup id=\"cite_ref-8\" class=\"reference\">[8]</sup>&nbsp;The jazzy sound became more common due to the favored use of gentler, more organic (yet still synthesizer based) production and instrument sounds. Author Richie Unterberger has stated that Heard's deep house sound moved house music away from its&nbsp;posthuman&nbsp;tendencies back towards the lush,&nbsp;soulful&nbsp;sound of early&nbsp;disco&nbsp;music (particularly that of old&nbsp;Philadelphia International&nbsp;and&nbsp;Salsoul&nbsp;records).<sup id=\"cite_ref-music-usa_9-0\" class=\"reference\">[9]</sup>&nbsp;\"Can You Feel It\" became a deep house blueprint; Heard used a&nbsp;Roland Juno-60&nbsp;synthesizer to create the deep bassline,<sup id=\"cite_ref-reverb_10-0\" class=\"reference\">[10]</sup>&nbsp;along with a&nbsp;Roland TR-909&nbsp;drum machine for the beats.<sup id=\"cite_ref-synthtopia_6-1\" class=\"reference\">[6]</sup></p>\n<p>&nbsp;</p>\n<p>DJ&nbsp;Ron Trent&nbsp;stated that the term was initially used to describe the DJ work of&nbsp;Frankie Knuckles&nbsp;and&nbsp;Ron Hardy, who departed from a strictly&nbsp;electronic&nbsp;house sound to incorporate eclectic elements like&nbsp;disco,&nbsp;jazz, and&nbsp;underground music.<sup id=\"cite_ref-11\" class=\"reference\">[11]</sup></p>\n<p>&nbsp;</p>\n<p>In the 2000s and 2010s, the genre remained very popular. By 2014, however, the perception of the genre was resulting in a sense that some House music was being labeled Deep inappropriately,<sup id=\"cite_ref-12\" class=\"reference\">[12]</sup>&nbsp;and the term has since been used to encapsulate various types of bassline-driven house music, later named&nbsp;Brazilian bass&nbsp;or&nbsp;slap house, as the genre evolves from its historical origins.</p>\n<h2>&nbsp;</h2>\n<h2><span id=\"Artists.2C_DJs_and_record_labels\"></span><span id=\"Artists,_DJs_and_record_labels\" class=\"mw-headline\">Artists, DJs and record labels</span></h2>\n<p>Record labels of the genre include Alleviated Records (Larry Heard), AFTR:HRS,&nbsp;Glasgow Underground, Naked Music,&nbsp;Om Records,&nbsp;Peacefrog Records,&nbsp;Soma, Source,&nbsp;Anjunadeep&nbsp;and&nbsp;Spinnin' Deep. Examples of deep house albums from artists known from other genres include&nbsp;<em>The Martyr Mantras</em>&nbsp;(1990) and&nbsp;<em>Modernism: A New Decade</em>&nbsp;(1989) from&nbsp;The Style Council.</p>\n<p>&nbsp;</p>\n<p>Deep house is also represented by other record labels such as Innervisions,&nbsp;Defected, Crosstown Rebels, Suara, Mother Recordings, Diynamic,&nbsp;Strictly Rhythm, Exploited, and Enormous Tunes, to name a few.<sup id=\"cite_ref-13\" class=\"reference\">[13]</sup></p>\n<p>&nbsp;</p>\n<h2><span id=\"References\" class=\"mw-headline\">References</span></h2>\n<div class=\"reflist reflist-columns references-column-width\">\n<ol class=\"references\">\n<li id=\"cite_note-Crossing_Traditions-1\"><span class=\"mw-cite-backlink\">^&nbsp;<span class=\"cite-accessibility-label\">Jump up to:</span><sup><em><strong>a</strong></em></sup>&nbsp;<sup><em><strong>b</strong></em></sup>&nbsp;<sup><em><strong>c</strong></em></sup></span>&nbsp;<span class=\"reference-text\"><cite id=\"CITEREFM'BayeOliver_Hall2013\" class=\"citation book cs1\">M'Baye, Babacar; Oliver Hall, Alexander Charles, eds. (2013).&nbsp;<em>Crossing Traditions: American Popular Music in Local and Global Contexts</em>. Scarecrow Press. p.&nbsp;153.&nbsp;ISBN&nbsp;<bdi>9780810888289</bdi>.&nbsp;<q>Deep house is a subgenre of house music that is revered by its fans for its faithfulness to Chicago house and New York garage. Deep house cooks up a tasty sonic stew from disco, gospel, soul, jazz, funk, Latin, and R &amp; B. Like its predecessors, its simmers at 120 to 125 BPM. What distinguishes deep house from its progenitors is its tendency to overuse shrieking divas, ominous organs, and chord progressions to whip up dance floor drama.</q></cite></span></li>\n<li id=\"cite_note-2\"><span class=\"mw-cite-backlink\"><strong>^</strong></span>&nbsp;<span class=\"reference-text\"><cite id=\"CITEREFMitchell1989\" class=\"citation journal cs1\">Mitchell, Tony (1989). \"Performance and the Postmodern in Pop Music\".&nbsp;<em>Theatre Journal</em>.&nbsp;<strong>41</strong>&nbsp;(3): 275.&nbsp;doi:10.2307/3208181.&nbsp;JSTOR&nbsp;3208181.&nbsp;<q>\"House\" music, and its offshoots acid house, deep house, and techno...</q></cite></span></li>\n<li id=\"cite_note-3\"><span class=\"mw-cite-backlink\"><strong>^</strong></span>&nbsp;<span class=\"reference-text\"><cite id=\"CITEREFResident_Advisor2018\" class=\"citation cs2\">Resident Advisor (2018-05-08),&nbsp;<em>How Larry Heard made house music deep | Resident Advisor</em><span class=\"reference-accessdate\">, retrieved&nbsp;<span class=\"nowrap\">2018-09-30</span></span></cite></span></li>\n<li id=\"cite_note-4\"><span class=\"mw-cite-backlink\"><strong>^</strong></span>&nbsp;<span class=\"reference-text\"><cite class=\"citation web cs1\">\"Deep House Music\".&nbsp;<em>Armada Music</em>.</cite></span></li>\n<li id=\"cite_note-5\"><span class=\"mw-cite-backlink\"><strong>^</strong></span>&nbsp;<span class=\"reference-text\"><cite class=\"citation web cs1\">\"List of Average Tempo (BPM) By Genre\".&nbsp;<em>digitaldjhub.com</em>. 30 April 2013. Archived from&nbsp;the original&nbsp;on 6 December 2016.&nbsp;<q>deep house: 120-125 bpm</q></cite></span></li>\n<li id=\"cite_note-synthtopia-6\"><span class=\"mw-cite-backlink\">^&nbsp;<span class=\"cite-accessibility-label\">Jump up to:</span><sup><em><strong>a</strong></em></sup>&nbsp;<sup><em><strong>b</strong></em></sup></span>&nbsp;<span class=\"reference-text\">The Mr. Fingers &lsquo;Can You Feel It&rsquo; Bass Line,&nbsp;<em>Synthtopia</em></span></li>\n<li id=\"cite_note-7\"><span class=\"mw-cite-backlink\"><strong>^</strong></span>&nbsp;<span class=\"reference-text\"><cite id=\"CITEREFIqbal2008\" class=\"citation web cs1\">Iqbal, Mohson (31 January 2008).&nbsp;\"Larry Heard: Soul survivor\".&nbsp;<em>Resident Advisor</em><span class=\"reference-accessdate\">. Retrieved&nbsp;<span class=\"nowrap\">23 July</span>&nbsp;2012</span>.</cite></span></li>\n<li id=\"cite_note-8\"><span class=\"mw-cite-backlink\"><strong>^</strong></span>&nbsp;<span class=\"reference-text\"><cite class=\"citation web cs1\">\"Various Artists - The Kings of House, Compiled and Mixed by Masters at Work\". In the Mix. 12 August 2005. Archived from&nbsp;the original&nbsp;on 6 January 2014<span class=\"reference-accessdate\">. Retrieved&nbsp;<span class=\"nowrap\">23 July</span>&nbsp;2012</span>.</cite></span></li>\n<li id=\"cite_note-music-usa-9\"><span class=\"mw-cite-backlink\"><strong>^</strong></span>&nbsp;<span class=\"reference-text\"><cite id=\"CITEREFUnterberger1999\" class=\"citation book cs1\">Unterberger, Richie (1999).&nbsp;<span class=\"cs1-lock-registration\" title=\"Free registration required\"><em>Music USA: The Rough Guide</em></span>. London: Rough Guides. p.&nbsp;265.&nbsp;ISBN&nbsp;<bdi>185828421X</bdi><span class=\"reference-accessdate\">. Retrieved&nbsp;<span class=\"nowrap\">23 July</span>&nbsp;2012</span>.</cite></span></li>\n<li id=\"cite_note-reverb-10\"><span class=\"mw-cite-backlink\"><strong>^</strong></span>&nbsp;<span class=\"reference-text\">https://reverb.com/news/the-syntronik-j-60-soft-synth-reverb-software-pick</span></li>\n<li id=\"cite_note-11\" class=\"\"><span class=\"mw-cite-backlink\"><strong>^</strong></span>&nbsp;<span class=\"reference-text\"><cite id=\"CITEREFOrlov\" class=\"citation web cs1\">Orlov, Piotr.&nbsp;\"Theo Parrish: Wudaaji\".&nbsp;<em>Pitchfork</em><span class=\"reference-accessdate\">. Retrieved&nbsp;<span class=\"nowrap\">14 April</span>2021</span>.</cite></span></li>\n<li id=\"cite_note-12\"><span class=\"mw-cite-backlink\"><strong>^</strong></span>&nbsp;<span class=\"reference-text\"><cite class=\"citation news cs1\">\"Stop calling it deep house\".&nbsp;<em>Mixmag</em><span class=\"reference-accessdate\">. Retrieved&nbsp;<span class=\"nowrap\">2018-09-30</span></span>.</cite></span></li>\n<li id=\"cite_note-13\"><span class=\"mw-cite-backlink\"><strong>^</strong></span>&nbsp;<span class=\"reference-text\"><cite class=\"citation web cs1\">\"Best Of 2016 Deep House - Labels\". mixmag. 2017<span class=\"reference-accessdate\">. Retrieved&nbsp;<span class=\"nowrap\">11 January</span>&nbsp;2019</span>.</cite></span></li>\n</ol>\n</div>",
 "remarks": "本词条汉字内容由 @多频百科团队 翻译+编辑\n原文译自 https://en.wikipedia.org/wiki/Deep_house",
 "remarksEn": "本词条内容来自 https://en.wikipedia.org/wiki/Deep_house",
 "status": 1,
 "clickNum": 112,
 "deleted": 0,
 "lang": 0,
 "chooseLang": true,
 "id": 46,
 "name": "Deep House",
 "descriptions": "Deep House是浩室舞曲（House）的一个子风格，在1980年代末开始发展。它尝试将灵魂乐（Soul）、爵士乐（Jazz）等元素融入其中。",
 "originalName": "",
 "startTimeText": "Late 1980s",
 "startAddress": "United States",
 "searchStyle": "House",
 "styleCategory": "House",
 "originalStyle": "House, Chicago house, soul, jazz-funk, New York garage, ",
 "affectStyle": "",
 "deriveStyle": "",
 "representArtist": "",
 "officialUrl": "https://en.wikipedia.org/wiki/Deep_house",
 "typeId": 13,
 "typeName": "风格",
 "dataId": 46,
 "url": "http://dropinapp.hearinmusic.com/#/ency?typeId=13&dataId=46"
}