{
 "pageNum": 1,
 "pageSize": 10,
 "params": {},
 "relationChannel": "[{\"id\":1187,\"parentId\":8,\"name\":\"Detroit Techno\"}]",
 "content": "<p>Detroit Techno是一类Techno音乐，一般包括20世纪80年代和90年代初底特律艺术家的第一批Techno作品。著名的Detroit Techno艺术家包括Juan Atkins、Eddie Fowlkes、Derrick May、Jeff Mills、Kevin Saunderson、Blake Baxter、Drexciya、Mike Banks和Robert Hood。</p>\n<p>&nbsp;</p>\n<p><strong>The&nbsp;Belleville Three（底特律三杰）</strong></p>\n<div>\n<div class=\"document\">\n<p class=\"paragraph text-align-type-left pap-line-1.8 pap-line-rule-auto pap-spacing-before-2pt pap-spacing-after-2pt\">与Detroit Techno这一流派的诞生关系最密切的三个人是胡安-阿特金斯、凯文-桑德森和德里克-梅，也被称为 \"The&nbsp;Belleville Three（底特律三杰）\"。这三人是密歇根州贝尔维尔的高中同学，在他们的地下室创作电子音乐曲目。&nbsp;德里克-梅曾将Detroit Techno描述为 \"完全的错误......就像乔治-克林顿和卡夫维克被困在电梯里，只有一台音序器与他们为伴\"。</p>\n<p class=\"paragraph text-align-type-left pap-line-1.8 pap-line-rule-auto pap-spacing-before-2pt pap-spacing-after-2pt\">&nbsp;</p>\n<p class=\"paragraph text-align-type-left pap-line-1.8 pap-line-rule-auto pap-spacing-before-2pt pap-spacing-after-2pt\" style=\"text-align: center;\"><img src=\"https://duopin-community.oss-cn-shenzhen.aliyuncs.com/tfdhan0n8wkq3eq7ld4p.png\" alt=\"\" width=\"1625\" height=\"1080\" /></p>\n<p class=\"paragraph text-align-type-left pap-line-1.8 pap-line-rule-auto pap-spacing-before-2pt pap-spacing-after-2pt\" style=\"text-align: center;\"><span style=\"font-size: 8pt;\">底特律三杰（左起：Juan Atkins, Kevin Saunderson, Derrick may）</span></p>\n<p class=\"paragraph text-align-type-left pap-line-1.8 pap-line-rule-auto pap-spacing-before-2pt pap-spacing-after-2pt\" style=\"text-align: center;\"><span style=\"font-size: 8pt;\">By PeRshGo - Own work, CC BY-SA 4.0, https://commons.wikimedia.org/w/index.php?curid=59390516</span></p>\n<p class=\"paragraph text-align-type-left pap-line-1.8 pap-line-rule-auto pap-spacing-before-2pt pap-spacing-after-2pt\">&nbsp;</p>\n<p class=\"paragraph text-align-type-left pap-line-1.8 pap-line-rule-auto pap-spacing-before-2pt pap-spacing-after-2pt\">在Washtenaw社区学院上学时，阿特金斯遇到了里克-戴维斯，并与他组成了Cybotron。&nbsp;他们的第一首单曲 \"Alleys of Your Mind\"，1981年在他们的Deep Space厂牌上录制，卖出了15000张，两首后续单曲 \"Cosmic Cars \"和 \"Clear \"的成功，使得位于加利福尼亚的厂牌Fantasy签下了这对组合，并发行了他们的专辑《Clear》。&nbsp;在Cybotron因创作上的分歧而分裂后，阿特金斯于1985年开始以Model 500的身份在他自己的厂牌Metroplex进行录音。&nbsp;他里程碑式的单曲 \"No UFO's\"很快诞生。&nbsp;埃迪-福克斯（Eddie Fowlkes）、德里克-梅（Derrick May）、凯文-桑德森（Kevin Saunderson）和罗伯特-胡德（Robert Hood）也在Metroplex录制。&nbsp;梅说，郊区的环境给他们提供了一个不同的环境来体验音乐。&nbsp;\"我们对音乐的感知与你在舞厅遇到的不同。&nbsp;我们坐在后面，关着灯，听布茨和黄色魔术乐团的唱片。&nbsp;我们从来没有把它当作单纯的娱乐，我们把它当作一种严肃的哲学，\"梅回忆说。</p>\n<p class=\"paragraph text-align-type-left pap-line-1.8 pap-line-rule-auto pap-spacing-before-2pt pap-spacing-after-2pt\">&nbsp;</p>\n<p class=\"paragraph text-align-type-left pap-line-1.8 pap-line-rule-auto pap-spacing-before-2pt pap-spacing-after-2pt\">这三个十几岁的朋友在听不拘一格的音乐流派时结下了深厚的友谊：Yellow Magic Orchestra, Kraftwerk, Bootsy, Parliament, Prince, Depeche Mode和The B-52's。&nbsp;胡安-阿特金斯在听完Parliament后受到启发，买了一台合成器。阿特金斯也是这个团体中第一个学习转盘的人，教梅和桑德森如何做DJ。</p>\n</div>\n</div>\n<div>\n<div class=\"document\">\n<p class=\"paragraph text-align-type-left pap-line-1.8 pap-line-rule-auto pap-spacing-before-2pt pap-spacing-after-2pt\">&nbsp;</p>\n<p class=\"paragraph text-align-type-left pap-line-1.8 pap-line-rule-auto pap-spacing-before-2pt pap-spacing-after-2pt\">阿特金斯和梅以Deep Space Soundworks的名义，开始在底特律的聚会场所做DJ。&nbsp;到1981年，Mojo开始播放Belleville三人组录制的唱片混音，他们也开始与其他音乐家合作。三人组前往芝加哥体验那里的House音乐场景，特别是芝加哥的传奇DJ Ron Hardy和Frankie Knuckles。House是迪斯科音乐的自然发展，因此三人组开始制定这种舞蹈音乐与Kraftwerk等团体的机械声音的合成，以反映后工业主义底特律。&nbsp;对未来及其机器的痴迷反映在他们的许多音乐中，因为根据阿特金斯的说法，底特律在脱离工业主义的过渡期中是最先进的。</p>\n<p class=\"paragraph text-align-type-left pap-line-1.8 pap-line-rule-auto pap-spacing-before-2pt pap-spacing-after-2pt\">&nbsp;</p>\n<p class=\"paragraph text-align-type-left pap-line-1.8 pap-line-rule-auto pap-spacing-before-2pt pap-spacing-after-2pt\">胡安-阿特金斯被称赞为 \"技术教父\"，而德里克-梅被认为是 \"创新者\"，凯文-桑德森经常被称为 \"电梯\" 。</p>\n<p class=\"paragraph text-align-type-left pap-line-1.8 pap-line-rule-auto pap-spacing-before-2pt pap-spacing-after-2pt\">&nbsp;</p>\n<div>\n<div class=\"document\">\n<p class=\"paragraph text-align-type-left pap-line-1.8 pap-line-rule-auto pap-spacing-before-2pt pap-spacing-after-2pt\"><strong>未来主义&nbsp;&nbsp;&nbsp;&nbsp;&nbsp;</strong></p>\n<p class=\"paragraph text-align-type-left pap-line-1.8 pap-line-rule-auto pap-spacing-before-2pt pap-spacing-after-2pt\" style=\"text-align: center;\">&nbsp;</p>\n<p class=\"paragraph text-align-type-left pap-line-1.8 pap-line-rule-auto pap-spacing-before-2pt pap-spacing-after-2pt\" style=\"padding-left: 30px; text-align: left;\"><em>Detroit&nbsp;Techno与欧洲变种的区别在于，它更直接地将放克和未来主义结合在一起......但想要发挥该类型的未来主义一面，往往意味着后半部分被放弃。</em></p>\n<p class=\"paragraph text-align-type-left pap-line-1.8 pap-line-rule-auto pap-spacing-before-2pt pap-spacing-after-2pt\" style=\"text-align: right;\"><em>--麦克-沙尔克罗斯</em></p>\n<p class=\"paragraph text-align-type-left pap-line-1.8 pap-line-rule-auto pap-spacing-before-2pt pap-spacing-after-2pt\">&nbsp;</p>\n<p class=\"paragraph text-align-type-left pap-line-1.8 pap-line-rule-auto pap-spacing-before-2pt pap-spacing-after-2pt\">这些早期的底特律技术派艺术家采用科幻小说的图像来表达他们对转型社会的愿景。这一趋势的一个明显例外是Derrick May以他的笔名Rhythim Is Rhythim创作的单曲，名为 \"生命之弦\"（Strings&nbsp;of&nbsp;Life）。&nbsp;这首精力充沛的舞池之歌充满了丰富的合成弦乐，在1987年5月的地下音乐界掀起了一场风暴。&nbsp;它 \"在英国1987-1988年的house炸裂期间，以宏大的方式袭击了英国。\"它成为五月最著名的曲目，据Frankie Knuckles说，它 \"引起一场风暴，你无法想象，人们在第一次听到这张唱片时得到的那种力量。&ldquo;</p>\n<p class=\"paragraph text-align-type-left pap-line-1.8 pap-line-rule-auto pap-spacing-before-2pt pap-spacing-after-2pt\">&nbsp;</p>\n<p class=\"paragraph text-align-type-left pap-line-1.8 pap-line-rule-auto pap-spacing-before-2pt pap-spacing-after-2pt\">Detroit Techno所创造的俱乐部场景是底特律郊区黑人与 \"jits \"保持距离的一种方式，\"jits \"是生活在内城的下层非裔美国人的俚语。&nbsp;\"预备派对 \"痴迷于炫耀财富，并纳入了欧洲文化的许多方面，包括俱乐部的名字，如Plush、Charivari和GQ Productions，反映了欧洲的时尚和奢华，因为欧洲代表着高阶层。&nbsp;此外，预备党作为私人俱乐部运作，根据衣着和外表限制谁可以进入。&nbsp;派对传单也是一种尝试，以限制和拉开低层人士与中产阶级俱乐部场景的距离。</p>\n<p class=\"paragraph text-align-type-left pap-line-1.8 pap-line-rule-auto pap-spacing-before-2pt pap-spacing-after-2pt\">&nbsp;</p>\n<div>\n<div class=\"document\">\n<p class=\"paragraph text-align-type-left pap-line-1.8 pap-line-rule-auto pap-spacing-before-2pt pap-spacing-after-2pt\"><strong>非洲未来主义</strong></p>\n<p class=\"paragraph text-align-type-left pap-line-1.8 pap-line-rule-auto pap-spacing-before-2pt pap-spacing-after-2pt\">这三位艺术家通过对技术的重新利用，创造了一种新的音乐形式，吸引了被边缘化的地下人群，从而为非洲未来主义的话语做出了贡献。特别是在底特律的背景下，机器人的兴起导致了在这三人成长过程中大量工作机会的流失，技术是非常重要的。</p>\n<p class=\"paragraph text-align-type-left pap-line-1.8 pap-line-rule-auto pap-spacing-before-2pt pap-spacing-after-2pt\">&nbsp;</p>\n<p class=\"paragraph text-align-type-left pap-line-1.8 pap-line-rule-auto pap-spacing-before-2pt pap-spacing-after-2pt\">这种声音既是未来主义的，又是外太空的，触及了非洲未来主义内容的核心 \"他者\"。&nbsp;据一位评论家说，这是一种 <em>\"被剥夺的声音，试图走出去\"。</em>Tukufu Zuberi解释说，<em>电子音乐可以是多种族的，评论家应该注意 \"不仅仅是声音美学，还有黑人音乐家创造的生产过程和机构\" 。</em></p>\n<p class=\"paragraph text-align-type-left pap-line-1.8 pap-line-rule-auto pap-spacing-before-2pt pap-spacing-after-2pt\">&nbsp;</p>\n<p class=\"paragraph text-align-type-left pap-line-1.8 pap-line-rule-auto pap-spacing-before-2pt pap-spacing-after-2pt\"><strong>音乐学院</strong></p>\n<p class=\"paragraph text-align-type-left pap-line-1.8 pap-line-rule-auto pap-spacing-before-2pt pap-spacing-after-2pt\">受芝加哥House俱乐部的启发，Chez Damier、Alton Miller和George Baker在底特律市中心创办了一家自己的俱乐部，名为The Music Institute，位于百老汇1315号。该俱乐部帮助将以前分散的场景团结成一个地下 \"家庭\"，May、Atkins和Saunderson与Eddie \"Flashin\" Fowlkes和Blake Baxter等先锋进行DJ。 它允许合作，并帮助激发了后来的底特律地区电子乐的第二波浪潮，其中包括贝尔维尔三人组影响和指导的艺术家。</p>\n<p class=\"paragraph text-align-type-left pap-line-1.8 pap-line-rule-auto pap-spacing-before-2pt pap-spacing-after-2pt\">&nbsp;</p>\n<div>\n<div class=\"document\">\n<p class=\"paragraph text-align-type-left pap-line-1.8 pap-line-rule-auto pap-spacing-before-2pt pap-spacing-after-2pt\"><strong>在国外的成功</strong></p>\n<p class=\"paragraph text-align-type-left pap-line-1.8 pap-line-rule-auto pap-spacing-before-2pt pap-spacing-after-2pt\">1988年，由于House和Acid House音乐在英国的流行，Virgin唱片公司的星探Neil Rushton联系了Derrick May，希望能了解底特律的情况。&nbsp;为了将底特律的声音定义为有别于芝加哥house，Rushton和Belleville三人组为他们的曲目选择了 \"techno \"一词，这个词是Atkins从他的Cybotron时代就开始使用的（\"Techno City \"是一首早期单曲）。</p>\n<p class=\"paragraph text-align-type-left pap-line-1.8 pap-line-rule-auto pap-spacing-before-2pt pap-spacing-after-2pt\">&nbsp;</p>\n<p class=\"paragraph text-align-type-left pap-line-1.8 pap-line-rule-auto pap-spacing-before-2pt pap-spacing-after-2pt\"><strong>近期作品</strong></p>\n<p class=\"paragraph text-align-type-left pap-line-1.8 pap-line-rule-auto pap-spacing-before-2pt pap-spacing-after-2pt\">胡安-阿特金斯、凯文-桑德森和德里克-梅今天仍然活跃在音乐舞台上。&nbsp;2000年，第一届底特律电子音乐节举行，2004年，梅接管了该音乐节的控制权，并更名为Movement。&nbsp;他把自己的资金投入到音乐节中，\"在经济上受到了严重的伤害。\"Kevin Saunderson在第二年掌舵音乐节，更名为FUSE IN。&nbsp;桑德森、梅和卡尔-克雷格都参加了演出，但在2006年没有举行这个音乐节，当时它又被称为Movement。&nbsp;Saunderson在2007年的Movement上也回来表演。&nbsp;</p>\n<p class=\"paragraph text-align-type-left pap-line-1.8 pap-line-rule-auto pap-spacing-before-2pt pap-spacing-after-2pt\">&nbsp;</p>\n<p class=\"paragraph text-align-type-left pap-line-1.8 pap-line-rule-auto pap-spacing-before-2pt pap-spacing-after-2pt\"><strong>政治</strong></p>\n<p class=\"paragraph text-align-type-left pap-line-1.8 pap-line-rule-auto pap-spacing-before-2pt pap-spacing-after-2pt\">Detroit Techno的第一波浪潮与芝加哥House运动不同，前者起源于底特律郊区的黑人中产阶级社区。由于底特律的汽车工业而繁荣起来的家庭的青少年脱离了底特律、芝加哥和纽约城市地区的那种黑人贫困。&nbsp;这导致了在贫民区黑帮或无赖经常光顾的俱乐部空间的紧张局势，在那里，\"没有黑帮 \"的标志很常见。郊区中产阶级黑人青年也被嗜欧文化所吸引，这被批评为不是真实的黑人。</p>\n<p class=\"paragraph text-align-type-left pap-line-1.8 pap-line-rule-auto pap-spacing-before-2pt pap-spacing-after-2pt\">&nbsp;</p>\n<div>\n<div class=\"document\">\n<p class=\"paragraph text-align-type-left pap-line-1.8 pap-line-rule-auto pap-spacing-before-2pt pap-spacing-after-2pt\">Detroit Techno的身份政治主要集中在种族关系上。&nbsp;在整个Techno的创作过程中，存在着这种持续而强烈的 \"超越本质化黑人的进步愿望\"。 尽管Techno的阶级主义性质避免了艺术家和制作人将自己与城市贫民分开，特别是在第一波中，这帮助他们将大都市空间作为他们自己对不同、替代社会的愿景的主题。这些替代社会主题旨在超越种族和民族的概念，将它们全部融合在一起。&nbsp;Detroit Techno的早期制作人在多个不同场合表示，他们的目标是让电子乐只关乎音乐而不是种族。<strong><em>&nbsp;正如胡安-阿特金斯所说，\"我讨厌事情必须按种族分开和剖析......对我来说，它不应该是白人或黑人的音乐，它应该只是音乐\"。</em></strong></p>\n<p class=\"paragraph text-align-type-left pap-line-1.8 pap-line-rule-auto pap-spacing-before-2pt pap-spacing-after-2pt\">&nbsp;</p>\n<p class=\"paragraph text-align-type-left pap-line-1.8 pap-line-rule-auto pap-spacing-before-2pt pap-spacing-after-2pt\"><strong>底特律的新舞曲</strong></p>\n<p class=\"paragraph text-align-type-left pap-line-1.8 pap-line-rule-auto pap-spacing-before-2pt pap-spacing-after-2pt\">20世纪80年代末，人们对电子舞曲的兴趣大增，为Techno作为一种可识别的音乐类型的发展提供了背景。&nbsp;1988年中期，在英国发行的《Techno!&nbsp;The&nbsp;New&nbsp;Dance&nbsp;Sound&nbsp;of&nbsp;Detroit》 是一张由前北方灵魂DJ和Kool Kat唱片公司老板Neil Rushton（当时是维珍 \"10唱片 \"的A&amp;R侦察员）和Derrick May编辑的专辑，是一个重要的里程碑，标志着Techno这个词被引入到一个特定的音乐流派中。尽管这张合辑将Techno带入了英国音乐新闻的词典中，但在一段时间内，这种音乐有时被描述为底特律对芝加哥house的高科技诠释，而不是一种相对纯粹的音乐类型本身。事实上，该汇编的工作名称是《The&nbsp;House&nbsp;Sound&nbsp;of&nbsp;Detroit》，直到阿特金斯的歌曲《Techno&nbsp;Music》的加入促使人们重新考虑。Rushton后来引述，他、阿特金斯、梅和桑德森一起想出了该汇编的最终名称，而且贝尔维尔三人组投票反对将音乐称为某种地区厂牌的house；他们反而更喜欢他们已经使用的术语，技术音乐。</p>\n<p class=\"paragraph text-align-type-left pap-line-1.8 pap-line-rule-auto pap-spacing-before-2pt pap-spacing-after-2pt\">&nbsp;</p>\n<div>\n<div class=\"document\">\n<p class=\"paragraph text-align-type-left pap-line-1.8 pap-line-rule-auto pap-spacing-before-2pt pap-spacing-after-2pt\"><strong>第二波浪潮</strong></p>\n<p class=\"paragraph text-align-type-left pap-line-1.8 pap-line-rule-auto pap-spacing-before-2pt pap-spacing-after-2pt\">Detroit Techno的第一次浪潮在1988-89年达到顶峰，Derrick May、Kevin Saunderson、Blake Baxter和Chez Damier等艺术家以及圣安德鲁斯厅、Majestic Theater、The Shelter和Music Institute等俱乐部的流行。&nbsp;同时，底特律的电子乐也受益于欧洲狂欢场景的发展，以及与英国厂牌的各种许可交易，包括Kool Kat唱片。&nbsp;到1989年，梅的《Strings&nbsp;of&nbsp;Life》在录制几年后已经十分流行。</p>\n<p class=\"paragraph text-align-type-left pap-line-1.8 pap-line-rule-auto pap-spacing-before-2pt pap-spacing-after-2pt\">&nbsp;</p>\n<p class=\"paragraph text-align-type-left pap-line-1.8 pap-line-rule-auto pap-spacing-before-2pt pap-spacing-after-2pt\">到20世纪90年代初，第二波底特律艺术家开始突破，其中包括卡尔-克雷格、Underground Resistance（由Mike Banks、Jeff Mills和Robert Hood组成）、Blake Baxter、Jay Denham和Octave One。根据音乐记者西蒙-雷诺兹（Simon Reynolds）的说法，在同一时期，开始是欧洲人对优雅和精致的幻想，但具有讽刺意味的是，英国和欧洲的制作人把它变成了 \"E'd-up暴徒的粗俗骚动：唱反调的、欺骗性的感伤、毫不掩饰的药物疯狂。&nbsp;其结果是，底特律的硬核音乐充满了裂纹和工业化的荒凉感。&nbsp;这种声音的两个主要厂牌是Underground Resistance和+8，它们都混合了20世纪80年代的电子乐、英国合成器流行音乐和工业音乐，与欧洲的狂欢音乐的残酷性相类似。</p>\n<p class=\"paragraph text-align-type-left pap-line-1.8 pap-line-rule-auto pap-spacing-before-2pt pap-spacing-after-2pt\">&nbsp;</p>\n<p class=\"paragraph text-align-type-left pap-line-1.8 pap-line-rule-auto pap-spacing-before-2pt pap-spacing-after-2pt\">地下抵抗组织的音乐体现了一种抽象的好战性，他们把自己表现为一个准军事团体，与商业主流娱乐业作斗争，他们在他们的曲目中称之为 \"程序员\"，如&nbsp;Predator,&nbsp;Elimination,&nbsp;Riot&nbsp;or&nbsp;Death&nbsp;Star。&nbsp;同样，厂牌+8由Richie Hawtin和John Acquaviva成立，从工业硬核发展到极简主义的progressive技术音乐。&nbsp;作为地下抵抗组织的友好对手，+8在《Vortex》等曲目中把歌曲的速度推得更快、更猛烈。</p>\n<p class=\"paragraph text-align-type-left pap-line-1.8 pap-line-rule-auto pap-spacing-before-2pt pap-spacing-after-2pt\">&nbsp;</p>\n<p class=\"paragraph text-align-type-left pap-line-1.8 pap-line-rule-auto pap-spacing-before-2pt pap-spacing-after-2pt\">在2000年纪念日的周末，来自全球的电子音乐迷们来到底特律河畔的哈特广场朝圣，体验了第一届底特律电子音乐节。&nbsp;2003年，音乐节管理层将其更名为Movement，然后是Fuse-In（2005），以及最近的Movement。&nbsp;Detroit Techno节（2007）。&nbsp;该音乐节是所有电子音乐流派的DJ和表演者的展示平台，为期三天，被认为是美国最好的地下电子音乐节。&nbsp;在音乐节之外还有许多活动，包括在传奇的底特律共济会教堂（密歇根州底特律市）举行的最大的余兴节目，以及在老迈阿密举行的另一个有惊喜阵容的热门派对。</p>\n<p class=\"paragraph text-align-type-left pap-line-1.8 pap-line-rule-auto pap-spacing-before-2pt pap-spacing-after-2pt\">&nbsp;</p>\n</div>\n</div>\n</div>\n</div>\n</div>\n</div>\n</div>\n</div>\n</div>\n</div>\n</div>\n</div>\n<div>\n<div class=\"document\">\n<p class=\"paragraph text-align-type-left pap-line-1.8 pap-line-rule-auto pap-spacing-before-2pt pap-spacing-after-2pt\"><strong>底特律地区著名的厂牌&nbsp; &nbsp;</strong></p>\n<p class=\"paragraph text-align-type-left pap-line-1.8 pap-line-rule-auto pap-spacing-before-2pt pap-spacing-after-2pt\">Acacia&nbsp;Records</p>\n<p class=\"paragraph text-align-type-left pap-line-1.8 pap-line-rule-auto pap-spacing-before-2pt pap-spacing-after-2pt\">430&nbsp;West&nbsp;Records</p>\n<p class=\"paragraph text-align-type-left pap-line-1.8 pap-line-rule-auto pap-spacing-before-2pt pap-spacing-after-2pt\">Detroit&nbsp;Techno&nbsp;Militia</p>\n<p class=\"paragraph text-align-type-left pap-line-1.8 pap-line-rule-auto pap-spacing-before-2pt pap-spacing-after-2pt\">Axis&nbsp;Records</p>\n<p class=\"paragraph text-align-type-left pap-line-1.8 pap-line-rule-auto pap-spacing-before-2pt pap-spacing-after-2pt\">Fact&nbsp;records</p>\n<p class=\"paragraph text-align-type-left pap-line-1.8 pap-line-rule-auto pap-spacing-before-2pt pap-spacing-after-2pt\">Fragile</p>\n<p class=\"paragraph text-align-type-left pap-line-1.8 pap-line-rule-auto pap-spacing-before-2pt pap-spacing-after-2pt\">Metroplex</p>\n<p class=\"paragraph text-align-type-left pap-line-1.8 pap-line-rule-auto pap-spacing-before-2pt pap-spacing-after-2pt\">Minus&nbsp;Records</p>\n<p class=\"paragraph text-align-type-left pap-line-1.8 pap-line-rule-auto pap-spacing-before-2pt pap-spacing-after-2pt\">Planet&nbsp;E&nbsp;Communications</p>\n<p class=\"paragraph text-align-type-left pap-line-1.8 pap-line-rule-auto pap-spacing-before-2pt pap-spacing-after-2pt\">Plus&nbsp;8</p>\n<p class=\"paragraph text-align-type-left pap-line-1.8 pap-line-rule-auto pap-spacing-before-2pt pap-spacing-after-2pt\">Transmat</p>\n<p class=\"paragraph text-align-type-left pap-line-1.8 pap-line-rule-auto pap-spacing-before-2pt pap-spacing-after-2pt\">Underground&nbsp;Resistance&nbsp;&nbsp;&nbsp;&nbsp;</p>\n<p class=\"paragraph text-align-type-left pap-line-1.8 pap-line-rule-auto pap-spacing-before-2pt pap-spacing-after-2pt\">&nbsp;</p>\n<div>\n<div class=\"document\">\n<p class=\"paragraph text-align-type-left pap-line-1.8 pap-line-rule-auto pap-spacing-before-2pt pap-spacing-after-2pt\"><strong>其他著名的Detroit Techno风格的制作人和表演者&nbsp;&nbsp;</strong></p>\n<p class=\"paragraph text-align-type-left pap-line-1.8 pap-line-rule-auto pap-spacing-before-2pt pap-spacing-after-2pt\">Aril&nbsp;Brikha</p>\n<p class=\"paragraph text-align-type-left pap-line-1.8 pap-line-rule-auto pap-spacing-before-2pt pap-spacing-after-2pt\">Surgeon&nbsp;(musician)</p>\n<p class=\"paragraph text-align-type-left pap-line-1.8 pap-line-rule-auto pap-spacing-before-2pt pap-spacing-after-2pt\">Fabrice&nbsp;Lig</p>\n</div>\n</div>\n</div>\n</div>",
 "contentEn": "<p><strong>Detroit techno</strong>&nbsp;is a type of&nbsp;techno&nbsp;music that generally includes the first techno productions by&nbsp;Detroit-based artists during the 1980s and early 1990s. Prominent Detroit techno artists include&nbsp;Juan Atkins,&nbsp;Eddie Fowlkes,&nbsp;Derrick May,&nbsp;Jeff Mills,&nbsp;Kevin Saunderson,&nbsp;Blake Baxter,&nbsp;Drexciya,&nbsp;Mike Banks, and&nbsp;Robert Hood.</p>\n<h2>&nbsp;</h2>\n<h2><span id=\"The_Belleville_Three\" class=\"mw-headline\">The Belleville Three</span></h2>\n<p>The three individuals most closely associated with the birth of Detroit techno as a genre are&nbsp;Juan Atkins,&nbsp;Kevin Saunderson&nbsp;and&nbsp;Derrick May, also known as the \"Belleville Three\".<sup id=\"cite_ref-hanf_2-0\" class=\"reference\">[2]</sup>&nbsp;The three, who were high school friends from&nbsp;Belleville, Michigan, created electronic music tracks in their basement(s). Derrick May once described Detroit techno music as being a \"complete mistake ... like&nbsp;George Clinton&nbsp;and&nbsp;Kraftwerk&nbsp;caught in an elevator, with only a&nbsp;sequencer&nbsp;to keep them company.\"<sup id=\"cite_ref-3\" class=\"reference\">[3]</sup></p>\n<p>&nbsp;</p>\n<p>While attending&nbsp;Washtenaw Community College, Atkins met&nbsp;Rick Davis&nbsp;and formed&nbsp;Cybotron&nbsp;with him. Their first single \"Alleys of Your Mind\", recorded on their Deep Space label in 1981, sold 15,000 copies, and the success of two follow-up singles, \"Cosmic Cars\" and \"Clear\", led the California-based label Fantasy to sign the duo and release their album,&nbsp;<em>Clear</em>. After Cybotron split due to creative differences, Atkins began recording as Model 500 on his own label, Metroplex, in 1985. His landmark single, \"No UFO's\", soon arrived.&nbsp;Eddie Fowlkes, Derrick May, Kevin Saunderson, and&nbsp;Robert Hood&nbsp;also recorded on Metroplex. May said that the suburban setting afforded a different setting in which to experience the music. \"We perceived the music differently than you would if you encountered it in dance clubs. We'd sit back with the lights off and listen to records by&nbsp;Bootsy&nbsp;and&nbsp;Yellow Magic Orchestra. We never took it as just entertainment, we took it as a serious philosophy,\" recalls May.<sup id=\"cite_ref-reynolds_4-0\" class=\"reference\">[4]</sup></p>\n<p>&nbsp;</p>\n<p>The three teenage friends bonded while listening to an eclectic mix of music:&nbsp;Yellow Magic Orchestra,&nbsp;Kraftwerk,&nbsp;Bootsy,&nbsp;Parliament,&nbsp;Prince,&nbsp;Depeche Mode, and&nbsp;The B-52's. Juan Atkins was inspired to buy a&nbsp;synthesizer&nbsp;after hearing Parliament.<sup id=\"cite_ref-reynolds_4-1\" class=\"reference\">[4]</sup>&nbsp;Atkins was also the first in the group to take up turntablism, teaching May and Saunderson how to&nbsp;DJ.<sup id=\"cite_ref-webcache.googleusercontent.com_5-0\" class=\"reference\">[5]</sup></p>\n<p>&nbsp;</p>\n<p>Under the name Deep Space Soundworks, Atkins and May began to DJ on Detroit's party circuit. By 1981, Mojo was playing the record mixes recorded by the Belleville Three, who were also branching out to work with other musicians.<sup id=\"cite_ref-6\" class=\"reference\">[6]</sup>&nbsp;The trio traveled to&nbsp;Chicago&nbsp;to investigate the&nbsp;house music&nbsp;scene there, particularly the legendary Chicago DJs&nbsp;Ron Hardy&nbsp;and&nbsp;Frankie Knuckles.<sup id=\"cite_ref-webcache.googleusercontent.com_5-1\" class=\"reference\">[5]</sup>&nbsp;House was a natural progression from disco music, so that the trio began to formulate the synthesis of this dance music with the mechanical sounds of groups like Kraftwerk, in a way that reflected post-industrialist Detroit. An obsession with the future and its machines is reflected in much of their music, because, according to Atkins, Detroit is the most advanced in the transition away from industrialism.<sup id=\"cite_ref-7\" class=\"reference\">[7]</sup></p>\n<p>&nbsp;</p>\n<p>Juan Atkins has been lauded as the \"Godfather of Techno\" while Derrick May is thought of as the \"Innovator\" and Kevin Saunderson is often referred to as the \"Elevator\"<sup id=\"cite_ref-8\" class=\"reference\">[8]</sup><sup id=\"cite_ref-9\" class=\"reference\">[9]</sup></p>\n<h2>&nbsp;</h2>\n<h2><span id=\"Futurism\" class=\"mw-headline\">Futurism</span></h2>\n<p>These early Detroit techno artists employed science fiction imagery to articulate their visions of a transformed society.<sup id=\"cite_ref-11\" class=\"reference\">[11]</sup>&nbsp;A notable exception to this trend was a single by&nbsp;Derrick May&nbsp;under his pseudonym Rhythim Is Rhythim, called \"Strings of Life\" (1987). This vibrant dancefloor anthem was filled with rich synthetic string arrangements and took the underground music scene by storm in May 1987. It \"hit Britain in an especially big way during the country's 1987&ndash;1988&nbsp;house&nbsp;explosion.\"<sup id=\"cite_ref-12\" class=\"reference\">[12]</sup>&nbsp;It became May's best known track, which, according to Frankie Knuckles, \"just exploded. It was like something you can't imagine, the kind of power and energy people got off that record when it was first heard. \"<sup id=\"cite_ref-techno.de_13-0\" class=\"reference\">[13]</sup></p>\n<p>&nbsp;</p>\n<p>The club scene created by techno in Detroit was a way for suburban blacks in Detroit to distance themselves from \"jits\", slang for lower class African Americans living in the inner city. \"Prep parties\" were obsessed with flaunting wealth and incorporated many aspects of European culture including club names like Plush, Charivari, and GQ Productions, reflecting European fashion and luxury, because Europe signified high class. In addition prep parties were run as private clubs and restricted who could enter based on dress and appearance. Party flyers were also an attempt to restrict and distance lower class individuals from the middle class club scene.<sup id=\"cite_ref-14\" class=\"reference\">[14]</sup></p>\n<h3>&nbsp;</h3>\n<h3><span id=\"Afrofuturism\" class=\"mw-headline\">Afrofuturism</span></h3>\n<p>The three artists all contribute to the discourse of&nbsp;Afrofuturism&nbsp;through their re-purposing of technology to create a new form of music that appealed to a marginalized underground population.<sup class=\"noprint Inline-Template Template-Fact\">[<em><span title=\"This claim needs references to reliable sources. (February 2020)\">citation needed</span></em>]</sup>&nbsp;Especially within the context of Detroit, where the rise of robotics led to a massive loss of jobs around the time these three were growing up, technology is very relevant.<sup class=\"noprint Inline-Template Template-Fact\">[<em><span title=\"This claim needs references to reliable sources. (February 2020)\">citation needed</span></em>]</sup>&nbsp;The process \"took technology, and made it a black secret.\"<sup id=\"cite_ref-High_Tech_Soul:_Detroit_Techno_15-0\" class=\"reference\">[15]</sup></p>\n<p>&nbsp;</p>\n<p>The sound is both futuristic and extraterrestrial, touching on the \"otherness\" central to Afrofuturist content. According to one critic, it was a \"deprived sound trying to get out.\"<sup id=\"cite_ref-High_Tech_Soul:_Detroit_Techno_15-1\" class=\"reference\">[15]</sup>&nbsp;Tukufu Zuberi&nbsp;explains that electronic music can be multiracial and that critics should pay attention to \"not just sound aesthetics but the production process and institutions created by black musicians.\"<sup id=\"cite_ref-High_Tech_Soul:_Detroit_Techno_15-2\" class=\"reference\">[15]</sup></p>\n<h2>&nbsp;</h2>\n<h2><span id=\"The_Music_Institute\" class=\"mw-headline\">The Music Institute</span></h2>\n<p>Inspired by Chicago's house clubs, Chez Damier, Alton Miller and George Baker started a club of their own in downtown Detroit, named The Music Institute at 1315 Broadway.<sup id=\"cite_ref-16\" class=\"reference\">[16]</sup>&nbsp;The club helped unite a previously scattered scene into an underground \"family\", where May, Atkins, and Saunderson DJed with fellow pioneers like Eddie \"Flashin\" Fowlkes and Blake Baxter.<sup id=\"cite_ref-17\" class=\"reference\">[17]</sup>&nbsp;It allowed for collaboration, and helped inspire what would become the second wave of Detroit-area techno, which included artists whom the Belleville Three had influenced and mentored.<sup id=\"cite_ref-18\" class=\"reference\">[18]</sup></p>\n<h2>&nbsp;</h2>\n<h2><span id=\"Success_abroad\" class=\"mw-headline\">Success abroad</span></h2>\n<p>In 1988, due to the popularity of&nbsp;house&nbsp;and&nbsp;acid house&nbsp;music in Great Britain,&nbsp;Virgin Records&nbsp;talent scout Neil Rushton contacted Derrick May with a view to finding out more about the Detroit scene. To define the Detroit sound as being distinct from&nbsp;Chicago house, Rushton and the Belleville Three chose the word \"techno\" for their tracks, a term that Atkins had been using since his Cybotron days (\"Techno City\" was an early single).<sup id=\"cite_ref-19\" class=\"reference\">[19]</sup></p>\n<h2>&nbsp;</h2>\n<h2><span id=\"Recent_work\" class=\"mw-headline\">Recent work</span></h2>\n<p>Juan Atkins, Kevin Saunderson, and Derrick May remain active in the music scene today. In 2000, the first annual&nbsp;Detroit Electronic Music Festival&nbsp;was held, and in 2004 May assumed control of the festival, renamed Movement. He invested his own funds into the festival, and \"got severely wounded financially.\"<sup id=\"cite_ref-20\" class=\"reference\">[20]</sup>&nbsp;Kevin Saunderson helmed the festival, renamed FUSE IN, the following year. Saunderson, May, and&nbsp;Carl Craig&nbsp;all performed but did not produce the festival in 2006,<sup id=\"cite_ref-21\" class=\"reference\">[21]</sup>&nbsp;when it was again called Movement. Saunderson returned to perform at the 2007 Movement as well.<sup id=\"cite_ref-22\" class=\"reference\">[22]</sup></p>\n<h2>&nbsp;</h2>\n<h2><span id=\"Politics\" class=\"mw-headline\">Politics</span></h2>\n<p>The first wave of Detroit techno differed from the Chicago house movement, with the former originating in Detroit's suburban black middle class community.<sup class=\"noprint Inline-Template Template-Fact\">[<em><span title=\"This claim needs references to reliable sources. (June 2020)\">citation needed</span></em>]</sup>&nbsp;Teenagers of families that had prospered as a result of Detroit's automotive industry were removed from the kind of black poverty found in urban parts of Detroit, Chicago, and New York. This resulted in tensions in club spaces frequented by ghetto gangstas or ruffians where signs stating \"No Jits\" were common.<sup id=\"cite_ref-23\" class=\"reference\">[23]</sup>&nbsp;Suburban middle class black youths were also attracted to Europhile culture, something that was criticized for not being authentically black.<sup class=\"noprint Inline-Template Template-Fact\">[<em><span title=\"This claim needs references to reliable sources. (December 2017)\">citation needed</span></em>]</sup>&nbsp;Schaub's analysis of Underground Resistance valued \"speaking out of the perspective of the hood than about providing new visions of identity formation for people in the hood\"<sup id=\"cite_ref-24\" class=\"reference\">[24]</sup></p>\n<p>Identity politics in Detroit techno is focused mostly on race relations. Throughout the creation of techno there was this constant and strong \"progressive desire to move beyond essentialized blackness\".<sup id=\"cite_ref-25\" class=\"reference\">[25]</sup>&nbsp;Even though the classist nature of techno avoided the artists and producers to separate themselves from the urban poor, especially in the first wave, it helped them make metropolitan spaces the subject of their own vision of different, alternative societies.<sup class=\"noprint Inline-Template Template-Fact\">[<em><span title=\"This claim needs references to reliable sources. (June 2020)\">citation needed</span></em>]</sup>&nbsp;These alternate societies aimed at moving beyond the concepts of race and ethnicity and blend all of them together. The early producers of Detroit techno state in multiple different occasions that the goal was to make techno just about music and not about race. As Juan Atkins said, \"I hate that things have to be separated and dissected [by race] ... to me it shouldn't be white or black music, it should be just music\"&nbsp;<sup id=\"cite_ref-26\" class=\"reference\">[26]</sup></p>\n<h2>&nbsp;</h2>\n<h2><span id=\"The_New_Dance_Sound_of_Detroit\" class=\"mw-headline\"><em>The New Dance Sound of Detroit</em></span></h2>\n<p>The explosion of interest in&nbsp;electronic dance music&nbsp;during the late 1980s provided a context for the development of techno as an identifiable&nbsp;genre. The mid-1988 UK release of&nbsp;<em>Techno! The New Dance Sound of Detroit</em>,<sup id=\"cite_ref-Sicko_1999:98_27-0\" class=\"reference\">[27]</sup><sup id=\"cite_ref-28\" class=\"reference\">[28]</sup>&nbsp;an album compiled by ex-Northern Soul&nbsp;DJ and Kool Kat Records boss Neil Rushton (at the time an&nbsp;A&amp;R&nbsp;scout for Virgin's \"10 Records\" imprint) and Derrick May, was an important milestone and marked the introduction of the word&nbsp;<em>techno</em>&nbsp;in reference to a specific genre of music.<sup id=\"cite_ref-BREW354_29-0\" class=\"reference\">[29]</sup><sup id=\"cite_ref-REYNOLDS71_30-0\" class=\"reference\">[30]</sup>&nbsp;Although the compilation put&nbsp;<em>techno</em>&nbsp;into the lexicon of British music journalism, the music was, for a time, sometimes characterized as Detroit's high-tech interpretation of Chicago house rather than a relatively pure genre unto itself.<sup id=\"cite_ref-REYNOLDS71_30-1\" class=\"reference\">[30]</sup><sup id=\"cite_ref-31\" class=\"reference\">[31]</sup>&nbsp;In fact, the compilation's working title had been&nbsp;<em>The House Sound of Detroit</em>&nbsp;until the addition of Atkins' song \"Techno Music\" prompted reconsideration.<sup id=\"cite_ref-Sicko_1999:98_27-1\" class=\"reference\">[27]</sup><sup id=\"cite_ref-AtkinsAfroPop_32-0\" class=\"reference\">[32]</sup>&nbsp;Rushton was later quoted as saying he, Atkins, May, and Saunderson came up with the compilation's final name together, and that the Belleville Three voted down calling the music some kind of regional brand of house; they instead favored a term they were already using,&nbsp;<em>techno</em>.<sup id=\"cite_ref-REYNOLDS71_30-2\" class=\"reference\">[30]</sup><sup id=\"cite_ref-AtkinsAfroPop_32-1\" class=\"reference\">[32]</sup><sup id=\"cite_ref-33\" class=\"reference\">[33]</sup></p>\n<h2>&nbsp;</h2>\n<h2><span id=\"Second_wave\" class=\"mw-headline\">Second wave</span></h2>\n<p>The first wave of Detroit techno had peaked in 1988&ndash;89, with the popularity of artists like Derrick May, Kevin Saunderson, Blake Baxter, and Chez Damier, and clubs like St. Andrews Hall,&nbsp;Majestic Theater,&nbsp;The Shelter, and the Music Institute. At the same time, Detroit techno benefited from the growth of the European&nbsp;rave&nbsp;scene and various licensing deals with labels in the UK, including Kool Kat Records. By 1989 May's&nbsp;<em>Strings of Life</em>&nbsp;had achieved \"anthemic\" status.<sup id=\"cite_ref-34\" class=\"reference\">[34]</sup>&nbsp;several years after its recording.</p>\n<p>&nbsp;</p>\n<p>By the early 1990s a second wave of Detroit artists started to break through, including, among others,&nbsp;Carl Craig,&nbsp;Underground Resistance&nbsp;(featuring&nbsp;Mike Banks,&nbsp;Jeff Mills, and&nbsp;Robert Hood),&nbsp;Blake Baxter, Jay Denham, and&nbsp;Octave One.&nbsp;<sup id=\"cite_ref-35\" class=\"reference\">[35]</sup>&nbsp;According to music journalist&nbsp;Simon Reynolds, in the same period what began as a Europhile fantasy of elegance and refinement was, ironically, transformed by British and European producers into a \"vulgar uproar for E'd-up mobs: anthemic, cheesily sentimental, unabashedly drug-crazed.\"<sup id=\"cite_ref-36\" class=\"reference\">[36]</sup>&nbsp;Detroit embraced this maximalism and created its own variant of acid house and techno. The result was a harsh Detroit hardcore full of riffs and industrial bleakness. Two major labels of this sound were Underground Resistance and&nbsp;+8, both of which mixed 1980s electro, UK synth-pop and industrial paralleling the brutalism of rave music of Europe.<sup class=\"noprint Inline-Template Template-Fact\">[<em><span title=\"This claim needs references to reliable sources. (June 2020)\">citation needed</span></em>]</sup></p>\n<p>&nbsp;</p>\n<p>Underground Resistance's music embodied a kind of abstract militancy by presenting themselves as a paramilitary group fighting against commercial mainstream entertainment industry who they called \"the programmers\" in their tracks such as&nbsp;<em>Predator</em>,&nbsp;<em>Elimination</em>,&nbsp;<em>Riot</em>&nbsp;or&nbsp;<em>Death Star</em>. Similarly, the label&nbsp;+8&nbsp;was formed by&nbsp;Richie Hawtin&nbsp;and&nbsp;John Acquaviva&nbsp;which evolved from industrial hardcore to a minimalist progressive techno sound. As friendly rivals to Underground Resistance, +8 pushed up the speed of their songs faster and fiercer in tracks like&nbsp;<em>Vortex</em>.</p>\n<p>&nbsp;</p>\n<p>On Memorial Day weekend of 2000, electronic music fans from around the globe made a pilgrimage to&nbsp;Hart Plaza&nbsp;on the banks of the&nbsp;Detroit River&nbsp;and experienced the first&nbsp;Detroit Electronic Music Festival. In 2003, the festival management changed the name to Movement, then Fuse-In (2005), and most recently, Movement: Detroit's Electronic Music Festival (2007). The festival is a showcase for DJs and performers across all genres of electronic music, takes course over a period of three days, and is considered to be the best underground electronic music festival in the United States. There are also many events outside of the festival, including the largest afterparties at the legendary Detroit Masonic Temple (Detroit, Michigan) and another popular party at The Old Miami with a surprise line-up.</p>\n<h2>&nbsp;</h2>\n<h2><span id=\"Notable_Detroit_area_record_labels\" class=\"mw-headline\">Notable Detroit area record labels</span></h2>\n<div>\n<ul>\n<li>Acacia Records</li>\n<li>430 West Records</li>\n<li>Detroit Techno Militia</li>\n<li>Axis Records</li>\n<li>Fact records</li>\n<li>Fragile</li>\n<li>Metroplex</li>\n<li>Minus Records</li>\n<li>Planet E Communications</li>\n<li>Plus 8</li>\n<li>Transmat</li>\n<li>Underground Resistance</li>\n</ul>\n</div>\n<h2>&nbsp;</h2>\n<h2><span id=\"Other_notable_Detroit_techno_styled_producers_and_acts\" class=\"mw-headline\">Other notable Detroit techno styled producers and acts</span></h2>\n<ul>\n<li>Aril Brikha</li>\n<li>Surgeon (musician)</li>\n<li>Fabrice Lig</li>\n</ul>\n<h2>&nbsp;</h2>\n<h2><span id=\"References\" class=\"mw-headline\">References</span></h2>\n<div class=\"reflist\">\n<div class=\"mw-references-wrap mw-references-columns\">\n<ol class=\"references\">\n<li id=\"cite_note-RaveUSA-1\"><span class=\"mw-cite-backlink\">^&nbsp;<span class=\"cite-accessibility-label\">Jump up to:</span><sup><em><strong>a</strong></em></sup>&nbsp;<sup><em><strong>b</strong></em></sup>&nbsp;<sup><em><strong>c</strong></em></sup></span>&nbsp;<span class=\"reference-text\">Mireille Silcott. Rave America: New School Dancescapes ECW Press, 1999; p. 27.</span></li>\n<li id=\"cite_note-hanf-2\"><span class=\"mw-cite-backlink\"><strong>^</strong></span>&nbsp;<span class=\"reference-text\">Hanf, Mathias Kilian.&nbsp;<em>Detroit Techno: Transfer of the Soul through the Machine</em>&nbsp;VDM Verlag Dr. M&uuml;ller, 2010.</span></li>\n<li id=\"cite_note-3\"><span class=\"mw-cite-backlink\"><strong>^</strong></span>&nbsp;<span class=\"reference-text\"><cite class=\"citation web cs1\">\"Music Feature: Who Likes Techno? [2nd October 2007]\". BBC Radio4<span class=\"reference-accessdate\">. Retrieved&nbsp;<span class=\"nowrap\">5 October</span>&nbsp;2007</span>.</cite></span></li>\n<li id=\"cite_note-reynolds-4\"><span class=\"mw-cite-backlink\">^&nbsp;<span class=\"cite-accessibility-label\">Jump up to:</span><sup><em><strong>a</strong></em></sup>&nbsp;<sup><em><strong>b</strong></em></sup></span>&nbsp;<span class=\"reference-text\">Reynolds, Simon.&nbsp;<em>Generation Ecstasy: Into the World of Techno and Rave Culture</em>&nbsp;Routledge, 1999.</span></li>\n<li id=\"cite_note-webcache.googleusercontent.com-5\"><span class=\"mw-cite-backlink\">^&nbsp;<span class=\"cite-accessibility-label\">Jump up to:</span><sup><em><strong>a</strong></em></sup>&nbsp;<sup><em><strong>b</strong></em></sup></span><span class=\"reference-text\">https://www.thetechnocracy.net/techfiles/The%20beginning%20of%20Techno.doc<sup class=\"noprint Inline-Template\">[<em><span title=\"&nbsp;Dead link since December 2016\">permanent dead link</span></em>]</sup></span></li>\n<li id=\"cite_note-6\"><span class=\"mw-cite-backlink\"><strong>^</strong></span>&nbsp;<span class=\"reference-text\">Juan Atkins&nbsp;Archived&nbsp;15 March 2008 at the&nbsp;Wayback Machine</span></li>\n<li id=\"cite_note-7\"><span class=\"mw-cite-backlink\"><strong>^</strong></span>&nbsp;<span class=\"reference-text\"><cite id=\"CITEREFJeeon2007\" class=\"citation web cs1\">Jeeon (5 December 2007).&nbsp;\"Universal Techno Pt.1 &ndash; Juan Atkins &amp; Derrick May\"&nbsp;&ndash; via YouTube.</cite></span></li>\n<li id=\"cite_note-8\"><span class=\"mw-cite-backlink\"><strong>^</strong></span>&nbsp;<span class=\"reference-text\"><cite class=\"citation web cs1\">\"Wolfgang Gartner Interview by DJ Ron Slomowicz\".</cite></span></li>\n<li id=\"cite_note-9\"><span class=\"mw-cite-backlink\"><strong>^</strong></span>&nbsp;<span class=\"reference-text\">From the DJ History archives: the Motor City pioneer talks at length about his early years and the birth of Detroit techno<sup class=\"noprint Inline-Template\">[<em><span title=\"&nbsp;Dead link since September 2017\">permanent dead link</span></em>]</sup></span></li>\n<li id=\"cite_note-10\"><span class=\"mw-cite-backlink\"><strong>^</strong></span>&nbsp;<span class=\"reference-text\"><cite class=\"citation news cs1\">\"From Detroit To Deep Space\".&nbsp;<em>The Wire</em>&nbsp;(161). July 1997. p.&nbsp;21.</cite></span></li>\n<li id=\"cite_note-11\"><span class=\"mw-cite-backlink\"><strong>^</strong></span>&nbsp;<span class=\"reference-text\"><cite id=\"CITEREFSchaub\" class=\"citation web cs1\">Schaub, Christoph.&nbsp;\"Beyond the Hood? Detroit Techno, Underground Resistance, and African American Metropolitan Identity Politics\".</cite></span></li>\n<li id=\"cite_note-12\"><span class=\"mw-cite-backlink\"><strong>^</strong></span>&nbsp;<span class=\"reference-text\"><cite id=\"CITEREFBush\" class=\"citation web cs1\">Bush, John.&nbsp;\"Derrick May\".&nbsp;AllMusic<span class=\"reference-accessdate\">. Retrieved&nbsp;<span class=\"nowrap\">25 July</span>&nbsp;2012</span>.</cite></span></li>\n<li id=\"cite_note-techno.de-13\"><span class=\"mw-cite-backlink\"><strong>^</strong></span>&nbsp;<span class=\"reference-text\"><cite class=\"citation web cs1\">\"Interview: Derrick May &ndash; The Secret of Techno\".&nbsp;<em>Mixmag</em>. 1997. Archived from&nbsp;the original&nbsp;on 14 February 2004<span class=\"reference-accessdate\">. Retrieved&nbsp;<span class=\"nowrap\">25 July</span>&nbsp;2012</span>.</cite></span></li>\n<li id=\"cite_note-14\"><span class=\"mw-cite-backlink\"><strong>^</strong></span>&nbsp;<span class=\"reference-text\">Brewster, Bill and Frank Broughton (1999).&nbsp;<em>Last Night the DJ Saved My Life: Story of the Disc Jockey</em>. Headline Book Publishing. p 254-255</span></li>\n<li id=\"cite_note-High_Tech_Soul:_Detroit_Techno-15\"><span class=\"mw-cite-backlink\">^&nbsp;<span class=\"cite-accessibility-label\">Jump up to:</span><sup><em><strong>a</strong></em></sup>&nbsp;<sup><em><strong>b</strong></em></sup>&nbsp;<sup><em><strong>c</strong></em></sup></span>&nbsp;<span class=\"reference-text\">High Tech Soul: Detroit Techno</span></li>\n<li id=\"cite_note-16\"><span class=\"mw-cite-backlink\"><strong>^</strong></span>&nbsp;<span class=\"reference-text\"><cite id=\"CITEREFBrewsterBroughton2011\" class=\"citation book cs1\">Brewster, Bill; Broughton, Frank (2011).&nbsp;<span class=\"cs1-lock-registration\" title=\"Free registration required\"><em>The Record Players: DJ Revolutionaries</em></span>. Black Cat. p.&nbsp;315.&nbsp;ISBN&nbsp;<bdi>978-0-8021-7089-7</bdi>.</cite></span></li>\n<li id=\"cite_note-17\"><span class=\"mw-cite-backlink\"><strong>^</strong></span>&nbsp;<span class=\"reference-text\">[1]</span></li>\n<li id=\"cite_note-18\"><span class=\"mw-cite-backlink\"><strong>^</strong></span>&nbsp;<span class=\"reference-text\"><cite class=\"citation web cs1\">\"derrickmay.com\". Archived from&nbsp;the original&nbsp;on 6 August 2008.</cite></span></li>\n<li id=\"cite_note-19\"><span class=\"mw-cite-backlink\"><strong>^</strong></span>&nbsp;<span class=\"reference-text\">Pitchfork Feature: From the Autobahn to I-94&nbsp;Archived&nbsp;8 January 2008 at the&nbsp;Wayback Machine</span></li>\n<li id=\"cite_note-20\"><span class=\"mw-cite-backlink\"><strong>^</strong></span>&nbsp;<span class=\"reference-text\"><cite class=\"citation web cs1\">\"Derrick May: High Tech Soul\". 4 October 2006.</cite></span></li>\n<li id=\"cite_note-21\"><span class=\"mw-cite-backlink\"><strong>^</strong></span>&nbsp;<span class=\"reference-text\"><cite class=\"citation web cs1\">\"Movement\". Archived from&nbsp;the original&nbsp;on 8 September 2008.</cite></span></li>\n<li id=\"cite_note-22\"><span class=\"mw-cite-backlink\"><strong>^</strong></span>&nbsp;<span class=\"reference-text\"><cite class=\"citation web cs1\">\"Archived copy\". Archived from&nbsp;the original&nbsp;on 27 March 2002<span class=\"reference-accessdate\">. Retrieved&nbsp;<span class=\"nowrap\">7 August</span>&nbsp;2008</span>.</cite></span></li>\n<li id=\"cite_note-23\"><span class=\"mw-cite-backlink\"><strong>^</strong></span>&nbsp;<span class=\"reference-text\">Reynolds, \"A Tale of Three Cities: Detroit Techno, Chicago House &amp; New York Garage;\"</span></li>\n<li id=\"cite_note-24\"><span class=\"mw-cite-backlink\"><strong>^</strong></span>&nbsp;<span class=\"reference-text\">Schaub,\"Beyond the Hood? Detroit Techno, Underground Resistance, and African American Metropolitan Identity Politics.\"p.11</span></li>\n<li id=\"cite_note-25\"><span class=\"mw-cite-backlink\"><strong>^</strong></span>&nbsp;<span class=\"reference-text\">Schaub,\"Beyond the Hood? Detroit Techno, Underground Resistance, and African American Metropolitan Identity Politics.\"p.11</span></li>\n<li id=\"cite_note-26\"><span class=\"mw-cite-backlink\"><strong>^</strong></span>&nbsp;<span class=\"reference-text\">Schaub, Christoph. \"Beyond the Hood? Detroit Techno, Underground Resistance, and African American Metropolitan Identity Politics.\" Forum for inter-American research, interamerica.de/volume-2-2/schaub/.</span></li>\n<li id=\"cite_note-Sicko_1999:98-27\"><span class=\"mw-cite-backlink\">^&nbsp;<span class=\"cite-accessibility-label\">Jump up to:</span><sup><em><strong>a</strong></em></sup>&nbsp;<sup><em><strong>b</strong></em></sup></span>&nbsp;<span class=\"reference-text\">Sicko 1999:98</span></li>\n<li id=\"cite_note-28\"><span class=\"mw-cite-backlink\"><strong>^</strong></span>&nbsp;<span class=\"reference-text\"><cite class=\"citation web cs1\">\"Various &ndash; Techno! The New Dance Sound of Detroit\".</cite></span></li>\n<li id=\"cite_note-BREW354-29\"><span class=\"mw-cite-backlink\"><strong>^</strong></span>&nbsp;<span class=\"reference-text\">Brewster 2006:354</span></li>\n<li id=\"cite_note-REYNOLDS71-30\"><span class=\"mw-cite-backlink\">^&nbsp;<span class=\"cite-accessibility-label\">Jump up to:</span><sup><em><strong>a</strong></em></sup>&nbsp;<sup><em><strong>b</strong></em></sup>&nbsp;<sup><em><strong>c</strong></em></sup></span>&nbsp;<span class=\"reference-text\">Reynolds 1999:71.&nbsp;<em>Detroit's music had hitherto reached British ears as a subset of Chicago house; [Neil] Rushton and the&nbsp;Belleville Three&nbsp;decided to fasten on the word techno &ndash; a term that had been bandied about but never stressed &ndash; in order to define Detroit as a distinct genre.</em></span></li>\n<li id=\"cite_note-31\"><span class=\"mw-cite-backlink\"><strong>^</strong></span>&nbsp;<span class=\"reference-text\"><cite id=\"CITEREFChin1990\" class=\"citation book cs1\">Chin, Brian (March 1990).&nbsp;<em>House Music All Night Long &ndash; Best of House Music Vol. 3 (liner notes)</em>. Profile Records, Inc.</cite>&nbsp;<em>Detroit's \"techno\"... and many more stylistic outgrowths have occurred since the word \"house\" gained national currency in 1985.</em></span></li>\n<li id=\"cite_note-AtkinsAfroPop-32\"><span class=\"mw-cite-backlink\">^&nbsp;<span class=\"cite-accessibility-label\">Jump up to:</span><sup><em><strong>a</strong></em></sup>&nbsp;<sup><em><strong>b</strong></em></sup></span>&nbsp;<span class=\"reference-text\"><cite id=\"CITEREFBishopGlasspiegel2011\" class=\"citation web cs1\">Bishop, Marlon; Glasspiegel, Wills (14 June 2011).&nbsp;\"Juan Atkins [interview for Afropop Worldwide]\". World Music Productions. Archived from&nbsp;the original&nbsp;on 23 June 2011<span class=\"reference-accessdate\">. Retrieved&nbsp;<span class=\"nowrap\">17 June</span>&nbsp;2011</span>.</cite></span></li>\n<li id=\"cite_note-33\"><span class=\"mw-cite-backlink\"><strong>^</strong></span>&nbsp;<span class=\"reference-text\"><cite id=\"CITEREFSavage1993\" class=\"citation news cs1\">Savage, Jon (1993).&nbsp;\"Machine Soul: A History of Techno\".&nbsp;<em>The Village Voice</em>.&nbsp;<q>... Derrick, Kevin, and Juan kept on using the word&nbsp;<em>techno</em>. They had it in their heads without articulating it; it was already part of their language.</q></cite></span></li>\n<li id=\"cite_note-34\"><span class=\"mw-cite-backlink\"><strong>^</strong></span>&nbsp;<span class=\"reference-text\">Reynolds, p. 219</span></li>\n<li id=\"cite_note-35\"><span class=\"mw-cite-backlink\"><strong>^</strong></span>&nbsp;<span class=\"reference-text\"><cite class=\"citation web cs1\">\"365 MAG &ndash; Electronic Music Review\".</cite></span></li>\n<li id=\"cite_note-36\"><span class=\"mw-cite-backlink\"><strong>^</strong></span>&nbsp;<span class=\"reference-text\">Reynolds, Simon Reynolds, \"Generation Ecstasy.\" pg.114.</span></li>\n<li id=\"cite_note-37\"><span class=\"mw-cite-backlink\"><strong>^</strong></span>&nbsp;<span class=\"reference-text\"><em>Generation Ecstasy</em>&nbsp;is based on&nbsp;<em>Energy Flash</em>, but is a unique edition significantly rewritten for the North American market. Its copyright date is 1998 but it was first published July 1999.</span></li>\n</ol>\n</div>\n</div>",
 "remarks": "本词条汉字内容由 @多频百科团队 翻译+编辑\n原文译自 https://en.wikipedia.org/wiki/Detroit_techno",
 "remarksEn": "本词条内容来自 https://en.wikipedia.org/wiki/Detroit_techno",
 "status": 1,
 "clickNum": 18,
 "deleted": 0,
 "lang": 0,
 "chooseLang": true,
 "id": 140,
 "name": "Detroit Techno",
 "descriptions": "Detroit Techno是一类Techno音乐，一般包括20世纪80年代和90年代初底特律艺术家的第一批Techno作品。著名的Detroit Techno艺术家包括Juan Atkins、Eddie Fowlkes、Derrick May、Jeff Mills、Kevin Saunderson、Blake Baxter、Drexciya、Mike Banks和Robert Hood。",
 "originalName": "",
 "startTimeText": "Mid-1980s",
 "startAddress": "Detroit, Michigan, United States",
 "searchStyle": "Techno",
 "styleCategory": "Techno",
 "originalStyle": "Electro, industrial, Chicago house",
 "affectStyle": "Techno",
 "deriveStyle": "",
 "representArtist": "Juan Atkins, Eddie Fowlkes, Derrick May, Jeff Mills, Kevin Saunderson, Blake Baxter, Drexciya, Mike Banks, Robert Hood.",
 "officialUrl": "https://en.wikipedia.org/wiki/Detroit_techno",
 "typeId": 13,
 "typeName": "风格",
 "dataId": 140,
 "url": "http://dropinapp.hearinmusic.com/#/ency?typeId=13&dataId=140"
}