{
 "pageNum": 1,
 "pageSize": 10,
 "params": {},
 "relationChannel": "[{\"id\":1246,\"parentId\":8,\"name\":\"Digital Hardcore\"}]",
 "content": "<div class=\"document\">\n<p class=\"paragraph text-align-type-left pap-line-1.8 pap-line-rule-auto pap-spacing-before-2pt pap-spacing-after-2pt\">Digital Hardcore是一种融合了铁杆朋克与电子音乐流派（如霹雳、电子乐、鼓和贝司）的音乐风格，同时还借鉴了重金属音乐和噪音音乐。它通常具有快速的节奏和咄咄逼人的声音样本。这种风格是由德国阿塔里少年暴动乐队的亚历克帝国在20世纪80年代开创的上世纪90年代初，经常有社会学或抒情题材。</p>\n<p class=\"paragraph text-align-type-left pap-line-1.8 pap-line-rule-auto pap-spacing-before-2pt pap-spacing-after-2pt\">&nbsp;</p>\n<p class=\"paragraph text-align-type-left pap-line-1.8 pap-line-rule-auto pap-spacing-before-2pt pap-spacing-after-2pt\"><strong>音乐特征</strong></p>\n<p class=\"paragraph text-align-type-left pap-line-1.8 pap-line-rule-auto pap-spacing-before-2pt pap-spacing-after-2pt\">Digital hardcore音乐节奏相当快，音质有摩擦感，结合了hardcore punk，thrash metal和riot grrrl的速度，厚重和态度，还有电子音乐如hardcore techno, gabber, jungle, drum and bass, glitch, 和industrial rock。一些乐队如Atari Teenage Riot纳入嘻哈音乐了的元素，比如自由式说唱。</p>\n<p class=\"paragraph text-align-type-left pap-line-1.8 pap-line-rule-auto pap-spacing-before-2pt pap-spacing-after-2pt\">&nbsp;</p>\n<p class=\"paragraph text-align-type-left pap-line-1.8 pap-line-rule-auto pap-spacing-before-2pt pap-spacing-after-2pt\">Jeff Terich of Treble Media称，digital hardcore快要与流行音乐不兼容，似乎BPMs的加速会使&ldquo;节奏&ldquo;这个概念变得无关紧要，或者至少是不可预测。也许这是跳舞的音乐，肯定是能使人尖叫和打碎东西的音乐。</p>\n<p class=\"paragraph text-align-type-left pap-line-1.8 pap-line-rule-auto pap-spacing-before-2pt pap-spacing-after-2pt\">&nbsp;</p>\n<p class=\"paragraph text-align-type-left pap-line-1.8 pap-line-rule-auto pap-spacing-before-2pt pap-spacing-after-2pt\">Digital Hardcore往往会将电吉他（无论是原声还是采样通常都严重失真）搭配采样器，合成器和鼓机等一起使用。虽然电子乐器的使用是分辨该流派的一个显著特征，但也可以选择用低音吉他、电吉他和鼓套件演奏。人声往往是由一个以上的成员喊而不是唱。通常，歌词是高度政治化的，支持左翼或无政府主义的理想。一些从业者受到了anarcho-punk的影响。</p>\n<p class=\"paragraph text-align-type-left pap-line-1.8 pap-line-rule-auto pap-spacing-before-2pt pap-spacing-after-2pt\">&nbsp;</p>\n<p class=\"paragraph text-align-type-left pap-line-1.8 pap-line-rule-auto pap-spacing-before-2pt pap-spacing-after-2pt\"><strong>历史</strong></p>\n<p class=\"paragraph text-align-type-left pap-line-1.8 pap-line-rule-auto pap-spacing-before-2pt pap-spacing-after-2pt\"><span style=\"text-decoration: underline;\">90年代</span></p>\n<p class=\"paragraph text-align-type-left pap-line-1.8 pap-line-rule-auto pap-spacing-before-2pt pap-spacing-after-2pt\">德国Atari Teenage Riot乐队被认为是这种风格的鼻祖。音乐最初由1992年在德国柏林成立的Atari Teenage Riot定义。1994年乐队主唱Alec Empire创造了&ldquo;digital hardcore&ldquo;这个词，并成立了独立唱片公司Digital Hardcore Recordings。德国有风格相似的乐队开始与该唱片公司签约，其地下人气不断增长，在德国多个城市举办了小型的digital hardcore音乐节。到1990年代中期，世界各地形成了许多专注于这一流派的新唱片公司，其中包括Gangster Toons Industries（巴黎）、Praxis（伦敦）、Cross Fade Enter Tainment（汉堡）、Drop Bass Network（美国）和Bloody Fist（澳大利亚）。Digital Hardcore Recordings也与法兰克福的Mille Plateaux和Riot Beats品牌有一定的亲缘关系。Alec Empire的作品随后成了breakcore的标杆。</p>\n<p class=\"paragraph text-align-type-left pap-line-1.8 pap-line-rule-auto pap-spacing-before-2pt pap-spacing-after-2pt\">&nbsp;</p>\n<p class=\"paragraph text-align-type-left pap-line-1.8 pap-line-rule-auto pap-spacing-before-2pt pap-spacing-after-2pt\" style=\"text-align: center;\"><img src=\"https://duopin-community.oss-cn-shenzhen.aliyuncs.com/ke9eyh0dqx072oras4xf.jpg\" alt=\"\" width=\"968\" height=\"651\" /></p>\n<p class=\"paragraph text-align-type-left pap-line-1.8 pap-line-rule-auto pap-spacing-before-2pt pap-spacing-after-2pt\" style=\"text-align: center;\"><span style=\"font-size: 8pt;\">德国乐队Atari Teenage Riot被认为是这个流派的先驱</span></p>\n<p class=\"paragraph text-align-type-left pap-line-1.8 pap-line-rule-auto pap-spacing-before-2pt pap-spacing-after-2pt\" style=\"text-align: center;\"><span style=\"font-size: 8pt;\">By Libertinus - https://www.flickr.com/photos/libertinus/4733360528, CC BY-SA 2.0, https://commons.wikimedia.org/w/index.php?curid=15584694</span></p>\n<p class=\"paragraph text-align-type-left pap-line-1.8 pap-line-rule-auto pap-spacing-before-2pt pap-spacing-after-2pt\">&nbsp;</p>\n<p class=\"paragraph text-align-type-left pap-line-1.8 pap-line-rule-auto pap-spacing-before-2pt pap-spacing-after-2pt\">这一时期其他著名的digital hardcore音乐家还包括Christoph de Babalon, Cobra Killer, Sonic Subjunkies, EC8OR, Hanin Elias, Lolita Storm, Nic Endo, The Panacea和The Mad Capsule Markets。</p>\n<p class=\"paragraph text-align-type-left pap-line-1.8 pap-line-rule-auto pap-spacing-before-2pt pap-spacing-after-2pt\">&nbsp;</p>\n<p class=\"paragraph text-align-type-left pap-line-1.8 pap-line-rule-auto pap-spacing-before-2pt pap-spacing-after-2pt\"><span style=\"text-decoration: underline;\">2000年代</span></p>\n<p class=\"paragraph text-align-type-left pap-line-1.8 pap-line-rule-auto pap-spacing-before-2pt pap-spacing-after-2pt\">用Alec Empire的话说，&ldquo;Digital Hardcore从柏林本地活动变成了全球地下活动。&rdquo;电影《威胁》（Threat）的配乐包括digitalhardcore音乐家以及metalcore乐队的贡献。James Plotkin，Dave Witte和Speedranch的项目Phantomsmasher将digital hardcore和grindcore结合。21世纪比较著名的digital hardcore团队包括Left Spine Down, Motormark, Death Spells, The Shizit, Rabbit Junk, and Fear, 和Loathing in Las Vegas。</p>\n<p class=\"paragraph text-align-type-left pap-line-1.8 pap-line-rule-auto pap-spacing-before-2pt pap-spacing-after-2pt\">&nbsp;</p>\n<p class=\"paragraph text-align-type-left pap-line-1.8 pap-line-rule-auto pap-spacing-before-2pt pap-spacing-after-2pt\"><span style=\"text-decoration: underline;\">2010年代</span></p>\n<p class=\"paragraph text-align-type-left pap-line-1.8 pap-line-rule-auto pap-spacing-before-2pt pap-spacing-after-2pt\">Digital hardcore在近十年的地位不那么突出。然而，它的国际影响力可以从electronicore的突出地位中看到，这是一种类似的音乐流派，融合了hardcore punk、metalcore与电子琴。德国乐队We Butter The Bread with Butter运用了这种融合，在商业上获得了成功。鉴于&ldquo;Digital hardcore&rdquo;一词与带有政治色彩的歌词相联系，而这并不是新一代electronicore艺术家的特点，&ldquo;Digital hardcore&rdquo;一词基本上已不再使用。然而，一些著名的Digital hardcore艺术家在近十年仍然活跃，包括Left Spine Down, Death Spells, Rabbit Junk, Death Grips, and Machine Girl。</p>\n</div>",
 "contentEn": "<p><strong>Digital hardcore</strong>&nbsp;is a fusion genre that combines&nbsp;hardcore punk&nbsp;with&nbsp;electronic music&nbsp;genres such as&nbsp;breakbeat,&nbsp;techno, and&nbsp;drum and bass&nbsp;while also drawing on&nbsp;heavy metal&nbsp;and&nbsp;noise music.<sup id=\"cite_ref-1\" class=\"reference\">[1]</sup><sup id=\"cite_ref-dhr_2-0\" class=\"reference\">[2]</sup>&nbsp;It typically features fast tempos and aggressive&nbsp;sound samples.<sup id=\"cite_ref-dhr_2-1\" class=\"reference\">[2]</sup>&nbsp;The style was pioneered by&nbsp;Alec Empire&nbsp;of the German band&nbsp;Atari Teenage Riot&nbsp;during the early 1990s, and often has&nbsp;sociological&nbsp;or&nbsp;far-left&nbsp;lyrical themes.</p>\n<p>&nbsp;</p>\n<h2><span id=\"Characteristics\" class=\"mw-headline\">Characteristics</span></h2>\n<p>Digital hardcore music is typically fast and abrasive, combining the speed, heaviness and&nbsp;attitude&nbsp;of&nbsp;hardcore punk,&nbsp;thrash metal, and&nbsp;riot grrrl<sup id=\"cite_ref-dhr_2-3\" class=\"reference\">[2]</sup><sup id=\"cite_ref-3\" class=\"reference\">[3]</sup>&nbsp;with&nbsp;electronic music&nbsp;such as&nbsp;hardcore techno,<sup id=\"cite_ref-dhr_2-4\" class=\"reference\">[2]</sup>&nbsp;gabber,<sup id=\"cite_ref-dhr_2-5\" class=\"reference\">[2]</sup>&nbsp;jungle,<sup id=\"cite_ref-dhr_2-6\" class=\"reference\">[2]</sup>&nbsp;drum and bass,&nbsp;glitch, and&nbsp;industrial rock.<sup id=\"cite_ref-dhr_2-7\" class=\"reference\">[2]</sup>&nbsp;Some bands, like&nbsp;Atari Teenage Riot, incorporate elements of&nbsp;hip-hop music, such as&nbsp;freestyle rap.</p>\n<p>&nbsp;</p>\n<p>According to Jeff Terich of&nbsp;<em>Treble Media</em>, digital hardcore is \"on the verge of reaching speeds incompatible with popular music, as if the rapid acceleration of BPMs would render the idea of rhythm irrelevant or, at the very least, unpredictable. Maybe this is music for dancing; definitely this is music for screaming and breaking things.\"<sup id=\"cite_ref-treblezine.com_4-0\" class=\"reference\">[4]</sup></p>\n<p>&nbsp;</p>\n<p>The&nbsp;electric guitar&nbsp;(either real or sampled and usually heavily&nbsp;distorted) is used alongside&nbsp;samplers,&nbsp;synthesizers&nbsp;and&nbsp;drum machines. While the use of electronic instruments is a defining feature of the genre,&nbsp;bass guitars,&nbsp;electric guitars, and&nbsp;drum kits&nbsp;are optional. Vocals are more often shouted than sung by more than one member of the group. Typically, the lyrics are highly politicized and espouse&nbsp;left-wing&nbsp;or&nbsp;anarchist&nbsp;ideals.<sup id=\"cite_ref-dhr_2-8\" class=\"reference\">[2]</sup>&nbsp;Some practitioners have been influenced by&nbsp;anarcho-punk.<sup id=\"cite_ref-treblezine.com_4-1\" class=\"reference\">[4]</sup></p>\n<h2>&nbsp;</h2>\n<h2><span id=\"History\" class=\"mw-headline\">History</span></h2>\n<h3><span id=\"1990s\" class=\"mw-headline\">1990s</span></h3>\n<p>The music was first defined by the band&nbsp;Atari Teenage Riot, who formed in&nbsp;Berlin, Germany in 1992.<sup id=\"cite_ref-dhr_2-9\" class=\"reference\">[2]</sup>&nbsp;The band's frontman,&nbsp;Alec Empire, coined the term \"digital hardcore,\" setting up the&nbsp;independent record label&nbsp;Digital Hardcore Recordings&nbsp;in 1994.<sup id=\"cite_ref-dhr_2-10\" class=\"reference\">[2]</sup><sup id=\"cite_ref-5\" class=\"reference\">[5]</sup>&nbsp;German bands with a similar style began signing to the label and its underground popularity grew, with small digital hardcore festivals being held in several German cities.<sup id=\"cite_ref-dhr_2-11\" class=\"reference\">[2]</sup>&nbsp;By the mid-1990s, a number of new record labels specializing in the genre were formed around the world. These included Gangster Toons Industries (Paris), Praxis (London), Cross Fade Enter Tainment (Hamburg), Drop Bass Network (U.S.), and&nbsp;Bloody Fist&nbsp;(Australia).<sup id=\"cite_ref-dhr_2-12\" class=\"reference\">[2]</sup>&nbsp;Digital Hardcore Recordings&nbsp;also had some kinship with the Frankfurt labels&nbsp;Mille Plateaux&nbsp;and Riot Beats.<sup id=\"cite_ref-dhr_2-13\" class=\"reference\">[2]</sup>&nbsp;Alec Empire's work subsequently set the template for&nbsp;breakcore.<sup id=\"cite_ref-6\" class=\"reference\">[6]</sup><sup id=\"cite_ref-xlr8r_7-0\" class=\"reference\">[7]</sup></p>\n<p>&nbsp;</p>\n<p>Other prominent digital hardcore musicians of this period include&nbsp;Christoph de Babalon,&nbsp;Cobra Killer,&nbsp;Sonic Subjunkies,&nbsp;EC8OR,&nbsp;Hanin Elias,&nbsp;Lolita Storm,&nbsp;Nic Endo,&nbsp;The Panacea, and&nbsp;The Mad Capsule Markets.</p>\n<h3>&nbsp;</h3>\n<h3><span id=\"2000s\" class=\"mw-headline\">2000s</span></h3>\n<p>In Alec Empire's words, \"Digital Hardcore went from a local, Berlin based scene to an international underground movement.\"<sup id=\"cite_ref-AEInterview_8-0\" class=\"reference\">[8]</sup>&nbsp;The soundtrack to the film&nbsp;<em>Threat</em>&nbsp;included contributions from digital hardcore musicians, along with&nbsp;metalcore&nbsp;bands.<sup id=\"cite_ref-9\" class=\"reference\">[9]</sup>&nbsp;James Plotkin,&nbsp;Dave Witte&nbsp;and&nbsp;Speedranch's project&nbsp;Phantomsmasher&nbsp;combined digital hardcore with&nbsp;grindcore. Notable 21st century digital hardcore groups include&nbsp;Left Spine Down,&nbsp;Motormark,&nbsp;Death Spells,&nbsp;The Shizit,&nbsp;Rabbit Junk, and&nbsp;Fear, and Loathing in Las Vegas.</p>\n<h3>&nbsp;</h3>\n<h3><span id=\"2010s-present\" class=\"mw-headline\">2010s-present</span></h3>\n<p>Digital hardcore saw less prominence in the 2010s. However, its international influence can be seen in the prominence of&nbsp;electronicore, a similar musical genre fusing hardcore punk and metalcore with electronica. The German band&nbsp;We Butter the Bread with Butter&nbsp;has seen commercial success employing this fusion.<sup id=\"cite_ref-10\" class=\"reference\">[10]</sup>&nbsp;The term \"digital hardcore\" has largely fallen out of use, given its association with politically-charged lyrics, which are not a characteristic of newer electronicore artists. Some notable digital hardcore artists, however, have remained active into the 2010s, including&nbsp;Left Spine Down,<sup id=\"cite_ref-11\" class=\"reference\">[11]</sup>&nbsp;Death Spells,<sup id=\"cite_ref-12\" class=\"reference\">[12]</sup>&nbsp;Rabbit Junk,<sup id=\"cite_ref-13\" class=\"reference\">[13]</sup>&nbsp;Death Grips,<sup id=\"cite_ref-14\" class=\"reference\">[14]</sup>&nbsp;and&nbsp;Machine Girl.&nbsp;<sup id=\"cite_ref-15\" class=\"reference\">[15]</sup></p>\n<p>&nbsp;</p>\n<h2><span id=\"References\" class=\"mw-headline\">References</span></h2>\n<div class=\"reflist\">\n<div class=\"mw-references-wrap mw-references-columns\">\n<ol class=\"references\">\n<li id=\"cite_note-1\"><span class=\"mw-cite-backlink\"><strong>^</strong></span>&nbsp;<span class=\"reference-text\"><cite id=\"CITEREFKutner2014\" class=\"citation news cs1\">Kutner, Moshe (2014-05-22).&nbsp;\"Neo-Nazi Fighting Digital Hardcore Musician Comes to Israel\".&nbsp;<em>Haaretz</em><span class=\"reference-accessdate\">. Retrieved&nbsp;<span class=\"nowrap\">2017-07-09</span></span>.</cite></span></li>\n<li id=\"cite_note-dhr-2\"><span class=\"mw-cite-backlink\">^&nbsp;<span class=\"cite-accessibility-label\">Jump up to:</span><sup><em><strong>a</strong></em></sup>&nbsp;<sup><em><strong>b</strong></em></sup>&nbsp;<sup><em><strong>c</strong></em></sup>&nbsp;<sup><em><strong>d</strong></em></sup>&nbsp;<sup><em><strong>e</strong></em></sup>&nbsp;<sup><em><strong>f</strong></em></sup>&nbsp;<sup><em><strong>g</strong></em></sup>&nbsp;<sup><em><strong>h</strong></em></sup>&nbsp;<sup><em><strong>i</strong></em></sup>&nbsp;<sup><em><strong>j</strong></em></sup>&nbsp;<sup><em><strong>k</strong></em></sup>&nbsp;<sup><em><strong>l</strong></em></sup>&nbsp;<sup><em><strong>m</strong></em></sup>&nbsp;<sup><em><strong>n</strong></em></sup></span>&nbsp;<span class=\"reference-text\">Interview with J. Amaretto of DHR, WAX Magazine, issue 5, 1995. Included in liner notes of&nbsp;<em>Digital Hardcore Recordings, Harder Than the Rest!!!</em>&nbsp;compilation CD.</span></li>\n<li id=\"cite_note-3\"><span class=\"mw-cite-backlink\"><strong>^</strong></span>&nbsp;<span class=\"reference-text\">\"I was totally into the riot grrrl music, I see it as a very important form of expression. I learned a lot from that, way more maybe than from 'male' punk rock.\"&nbsp;<em>The Punk Years</em>, \"Typical Girls\"&nbsp;[1]&nbsp;Access date: August 20, 2008.</span></li>\n<li id=\"cite_note-treblezine.com-4\"><span class=\"mw-cite-backlink\">^&nbsp;<span class=\"cite-accessibility-label\">Jump up to:</span><sup><em><strong>a</strong></em></sup>&nbsp;<sup><em><strong>b</strong></em></sup></span>&nbsp;<span class=\"reference-text\"><cite class=\"citation web cs1\">\"Atari Teenage Riot's Burn, Berlin, Burn! started a digital hardcore riot\".&nbsp;<em>www.treblezine.com</em><span class=\"reference-accessdate\">. Retrieved&nbsp;<span class=\"nowrap\">2017-07-09</span></span>.</cite></span></li>\n<li id=\"cite_note-5\"><span class=\"mw-cite-backlink\"><strong>^</strong></span>&nbsp;<span class=\"reference-text\">Alec Empire.&nbsp;on the Digital Hardcore scene and its origins,&nbsp;<em>Indymedia.ie</em>, 2006-12-28. Retrieved on 2008-05-28.</span></li>\n<li id=\"cite_note-6\"><span class=\"mw-cite-backlink\"><strong>^</strong></span>&nbsp;<span class=\"reference-text\">Alvin Chan, Music OMH, March 2008.&nbsp;[2]&nbsp;Access date: August 6, 2008.</span></li>\n<li id=\"cite_note-xlr8r-7\"><span class=\"mw-cite-backlink\"><strong>^</strong></span>&nbsp;<span class=\"reference-text\">Matt Earp, \"Breakcore: Live Fast\", XLR8R, July 20, 2006.&nbsp;<cite class=\"citation web cs1\">\"Archived copy\". Archived from&nbsp;the original&nbsp;on 2008-09-06<span class=\"reference-accessdate\">. Retrieved&nbsp;<span class=\"nowrap\">2008-08-09</span></span>.</cite>&nbsp;Access date: August 8, 2008.</span></li>\n<li id=\"cite_note-AEInterview-8\"><span class=\"mw-cite-backlink\"><strong>^</strong></span>&nbsp;<span class=\"reference-text\">The definitive Alec Empire Interview 26/02/02&nbsp;ArchivedFebruary 3, 2007, at the&nbsp;Wayback Machine</span></li>\n<li id=\"cite_note-9\"><span class=\"mw-cite-backlink\"><strong>^</strong></span>&nbsp;<span class=\"reference-text\">Ryan Orvis, MPR, \"Just a Minor&nbsp;<em>Threat</em>\",&nbsp;[3]&nbsp;Archived&nbsp;2009-01-12 at the&nbsp;Wayback Machine&nbsp;Access date: August 6, 2008.</span></li>\n<li id=\"cite_note-10\"><span class=\"mw-cite-backlink\"><strong>^</strong></span>&nbsp;<span class=\"reference-text\"><cite class=\"citation news cs1\">\"Get Infected Tour zabouř&iacute; už za p&aacute;r dn&iacute; v Praze\".&nbsp;<em>musicserver.cz</em><span class=\"reference-accessdate\">. Retrieved&nbsp;<span class=\"nowrap\">2017-05-21</span></span>.</cite></span></li>\n<li id=\"cite_note-11\"><span class=\"mw-cite-backlink\"><strong>^</strong></span>&nbsp;<span class=\"reference-text\"><cite class=\"citation web cs1\">\"Review: Left Spine Down - Caution | Sputnikmusic\".&nbsp;<em>www.sputnikmusic.com</em><span class=\"reference-accessdate\">. Retrieved&nbsp;<span class=\"nowrap\">2017-07-09</span></span>.</cite></span></li>\n<li id=\"cite_note-12\"><span class=\"mw-cite-backlink\"><strong>^</strong></span>&nbsp;<span class=\"reference-text\"><cite class=\"citation web cs1\">\"Frank Iero's Death Spells are up to something | Upset\".&nbsp;<em>www.upsetmagazine.com</em><span class=\"reference-accessdate\">. Retrieved&nbsp;<span class=\"nowrap\">2017-07-09</span></span>.</cite></span></li>\n<li id=\"cite_note-13\"><span class=\"mw-cite-backlink\"><strong>^</strong></span>&nbsp;<span class=\"reference-text\"><cite class=\"citation web cs1\">\"Rabbit Junk preview new track | Sputnikmusic\".&nbsp;<em>www.sputnikmusic.com</em><span class=\"reference-accessdate\">. Retrieved&nbsp;<span class=\"nowrap\">2017-07-09</span></span>.</cite></span></li>\n<li id=\"cite_note-14\"><span class=\"mw-cite-backlink\"><strong>^</strong></span>&nbsp;<span class=\"reference-text\">dh</span></li>\n<li id=\"cite_note-15\"><span class=\"mw-cite-backlink\"><strong>^</strong></span>&nbsp;<span class=\"reference-text\"><cite class=\"citation web cs1\">\"Machine Girl: \"Alien Music\" Duo on Spitting Blood, Mashing Genres, Transcending Self\".&nbsp;<em>www.revolvermag.com</em><span class=\"reference-accessdate\">. Retrieved&nbsp;<span class=\"nowrap\">2020-10-10</span></span>.</cite></span></li>\n</ol>\n</div>\n</div>",
 "remarks": "本词条汉字内容由 @多频百科团队 翻译+编辑\n原文译自 https://en.wikipedia.org/wiki/Digital_hardcore",
 "remarksEn": "本词条内容来自 https://en.wikipedia.org/wiki/Digital_hardcore",
 "status": 1,
 "clickNum": 16,
 "deleted": 0,
 "lang": 0,
 "chooseLang": true,
 "id": 200,
 "name": "Digital Hardcore",
 "descriptions": "Digital Hardcore是一种融合了铁杆朋克与电子音乐流派（如霹雳、电子乐、鼓和贝司）的音乐风格，同时还借鉴了重金属音乐和噪音音乐。它通常具有快速的节奏和咄咄逼人的声音样本。这种风格是由德国阿塔里少年暴动乐队的亚历克帝国在20世纪80年代开创的上世纪90年代初，经常有社会学或抒情题材。",
 "originalName": "",
 "startTimeText": "Early 1990s",
 "startAddress": "Germany",
 "searchStyle": "Hardcore",
 "styleCategory": "Hardcore",
 "originalStyle": "Gabber, Hardcore punk, electronic, EDM, noise, heavy metal, riot grrrl, industrial rock",
 "affectStyle": "",
 "deriveStyle": "Cybergrind, Breakcore",
 "representArtist": "Left Spine Down, Death Spells, Rabbit Junk, Death Grips, Machine Girl",
 "officialUrl": "https://en.wikipedia.org/wiki/Digital_hardcore",
 "typeId": 13,
 "typeName": "风格",
 "dataId": 200,
 "url": "http://dropinapp.hearinmusic.com/#/ency?typeId=13&dataId=200"
}