{
 "pageNum": 1,
 "pageSize": 10,
 "params": {},
 "relationChannel": "[{\"id\":1108,\"parentId\":8,\"name\":\"Diva House\"}]",
 "relationEncy": "[{\"id\":36377,\"typeId\":13,\"dataId\":50,\"name\":\"Hardbag\",\"url\":\"http://dropinapp.hearinmusic.com/#/ency?typeId=13&dataId=50\"}]",
 "content": "<p>Diva House（又称Handbag House）的一种形式，在1990年代下半叶在同性恋俱乐部中最受欢迎。它是电子舞蹈音乐中最主流，最容易接受的子流派之一。 《当代英国文化百科全书》将其定义为&ldquo;具有突出的女性嗓音，分解和大量的钢琴'刺'&rdquo;。 现代Diva浩室的作品多使用合成器和4/4节奏。</p>\n<p>&nbsp;</p>\n<p><strong>背景</strong></p>\n<p>\"diva house \"一词早在1992年7月就开始使用，当时Billboard杂志将Dee Dee Simone的 \"What Are We Doin'\"描述为 \"铁肺天后屋\"。它以轰轰烈烈的中性人声著称，有时从其他唱片中取样。这种采样来自于灵魂乐、迪斯科、福音唱片，甚至是由贝蒂-米德勒、朱迪-加兰、莉莎-明奈利等歌手和其他同性恋偶像演唱的表演曲。这种轰轰烈烈的风格可以包括舞蹈专家表演的歌曲（见艺术家），也可以包括Patti LaBelle、Aretha Franklin、Mariah Carey和Whitney Houston等歌手对流行歌曲的俱乐部混音。</p>\n<p>&nbsp;</p>\n<p>在英国的舞中，\"handbag house \"这个词似乎特别流行，它指的是一群女性舞者围着一堆手袋跳舞的概念。舞蹈文化对 \"handbag house \"这个词的使用，一开始是作为一个贬义词。</p>\n<p>&nbsp;</p>\n<p>在20世纪90年代，随着同性恋俱乐部和同性恋文化成为主流，House音乐也成为主流。diva house的普及导致了同性恋俱乐部音乐的主流化。特别是在英国，diva house成为俱乐部文化的象征。根据音乐历史学家Bill Brewster和Frank Broughton的说法，到了90年代中期，diva house帮助俱乐部成为 \"主流休闲活动\"。随着90年代同性恋文化的主流化，\"diva \"这个词将house音乐与同性恋舞池捆绑在一起，而此前只有意大利迪斯科舞曲才能定义这个舞池。</p>\n<p>&nbsp;</p>\n<p>音乐评论家西蒙-雷诺兹（Simon Reynolds）断言，diva House \"最初是一个贬义词，是由居高临下的认知者相对于据称对女性有吸引力的、穿透榜单的House曲调，尤其是对莎伦和特蕾西的民间神话构造所创造的。\" 根据电子音乐制作人Ewan Pearson和学者Jeremy Gilbert的说法，\"diva house \"经常被舞曲迷嘲笑为 \"塑料迪斯科\"，他们更喜欢 \"更深奥的音乐声音，这些音乐摒弃了旋律和口头语言的'主流'音乐重点\"。diva house的主流吸引力导致地下舞曲纯粹主义者涌向硬包、前卫浩室、深度浩室和车库浩室等衍生流派。\"社会学家Dunja Brill认为，对diva house的批评带有 \"在俱乐部文化表述中对'diva house'这一被诋毁的主流的厌恶性倾斜，而Ravers正是针对这一主流定义他们的亚文化。 \"布里尔认为，对diva house的偏见 \"最明显地表现为对流行文化中被诋毁的'主流'的女性化，而亚文化正是针对这种主流来定义自己的\"。&nbsp;</p>",
 "contentEn": "<p><strong>Diva house</strong>&nbsp;or&nbsp;<strong>handbag house</strong>&nbsp;is an&nbsp;anthemic&nbsp;subgenre of&nbsp;house music&nbsp;that became most popular in gay clubs during the second half of the 1990s. Handbag house is one of the most mainstream and accessible subgenres of&nbsp;electronic dance music.&nbsp;<em>The Encyclopedia of Contemporary British Culture</em>&nbsp;defines handbag house as having \"prominent female vocals, breakdowns, and a proliferation of piano 'stabs'.\"<sup id=\"cite_ref-Childs_1-0\" class=\"reference\">[1]</sup>&nbsp;Modern diva house compositions use synth stabs and&nbsp;four on the floor&nbsp;rhythms.</p>\n<h2>&nbsp;</h2>\n<h2><span id=\"Background\" class=\"mw-headline\">Background</span></h2>\n<p>The term \"diva house\" was in use as early as July 1992, when&nbsp;<em>Billboard</em>&nbsp;magazine described \"What Are We Doin'\" by Dee Dee Simone as \"iron-lunged diva-house.\"<sup id=\"cite_ref-Flick_2-0\" class=\"reference\">[2]</sup>&nbsp;It is known for booming unisex vocals, sometimes&nbsp;sampled&nbsp;from other recordings. Such samples come from&nbsp;soul,&nbsp;disco,&nbsp;gospel&nbsp;recordings and even&nbsp;show tunes&nbsp;performed by singers like&nbsp;Bette Midler,&nbsp;Judy Garland,&nbsp;Liza Minnelli, and other&nbsp;gay icons. This bombastic genre can include songs performed by dance specialists as well as club&nbsp;remixes&nbsp;of pop songs by singers such as&nbsp;Patti LaBelle,&nbsp;Aretha Franklin,&nbsp;Mariah Carey, and&nbsp;Whitney Houston.</p>\n<p>&nbsp;</p>\n<p>The term \"handbag house\" appears to be particularly popular on British dancefloors and refers to the notion of a group of female club-goers dancing around a pile of their&nbsp;handbags.<sup id=\"cite_ref-3\" class=\"reference\">[3]</sup>&nbsp;Dance culture's usage of the word 'handbag house' started life as a derogatory term.</p>\n<p>&nbsp;</p>\n<p>In the 1990s, as gay clubs and gay culture became more mainstream so did house music. The accessibility of diva house lead to the mainstreaming of gay club music. In the UK especially, handbag house became emblematic of the clubbing culture. According to music historians Bill Brewster and Frank Broughton, by the mid-1990s handbag house had helped to make clubbing into a \"mainstream leisure activity.\"<sup id=\"cite_ref-Brewster_4-0\" class=\"reference\">[4]</sup>&nbsp;With the mainstreaming of gay culture in the 1990s, \"diva\" was the word that bound house music to the gay dance scene, which was previously only defined by&nbsp;Italo disco&nbsp;compositions.</p>\n<p>&nbsp;</p>\n<p>Music critic&nbsp;Simon Reynolds&nbsp;asserts that handbag house was \"initially a disparaging term, coined by condescending cognoscenti vis-&agrave;-vis the anthemic, chart-penetrating house tunes that allegedly appealed to women, and above all to the folk-mythic construct of Sharon and Tracy.\"<sup id=\"cite_ref-Reynolds_5-0\" class=\"reference\">[5]</sup>&nbsp;According to electronic music producer&nbsp;Ewan Pearson&nbsp;and academic Jeremy Gilbert, \"handbag house\" is often derided as \"plastic disco\" by dance music fans who prefer \"the more esoteric sound of musics which eschew the 'mainstream' musical priorities of melody and verbal language.\"<sup id=\"cite_ref-Gilbert_6-0\" class=\"reference\">[6]</sup>&nbsp;The mainstream appeal of handbag house caused underground dance music purists to flock to the spin-off genres of&nbsp;hardbag,&nbsp;progressive house,&nbsp;deep house, and&nbsp;garage house.<sup id=\"cite_ref-Reynolds_5-1\" class=\"reference\">[5]</sup>&nbsp;Sociologist Dunja Brill argues that criticism of handbag house carries a \"misogynist slant in club cultural representations of the denigrated mainstream of 'Handbag House' against which&nbsp;Ravers&nbsp;define their subculture.\"<sup id=\"cite_ref-7\" class=\"reference\">[7]</sup>&nbsp;Brill maintains that bias against handbag house \"is expressed most clearly in a femininisation of the denigrated 'mainstream' of pop culture against which subcultures define themselves.\"<sup id=\"cite_ref-8\" class=\"reference\">[8]</sup></p>\n<h2>&nbsp;</h2>\n<h2><span id=\"References\" class=\"mw-headline\">References</span></h2>\n<div class=\"reflist\">\n<div class=\"mw-references-wrap\">\n<ol class=\"references\">\n<li id=\"cite_note-Childs-1\"><span class=\"mw-cite-backlink\"><strong>^</strong></span>&nbsp;<span class=\"reference-text\"><cite id=\"CITEREFChildsMike_Storry1999\" class=\"citation book cs1\">Childs, Peter; Mike Storry (1999).&nbsp;<em>Encyclopedia of Contemporary British Culture</em>. Routledge. p.&nbsp;260.&nbsp;ISBN&nbsp;<bdi>9780415147262</bdi><span class=\"reference-accessdate\">. Retrieved&nbsp;<span class=\"nowrap\">29 December</span>&nbsp;2014</span>.</cite></span></li>\n<li id=\"cite_note-Flick-2\"><span class=\"mw-cite-backlink\"><strong>^</strong></span>&nbsp;<span class=\"reference-text\"><cite id=\"CITEREFFlick1992\" class=\"citation web cs1\">Flick, Larry (Jul 11, 1992).&nbsp;\"A Little More Stansfield; Erasure Heads For Covers\".&nbsp;<em>Billboard</em>. Billboard. p.&nbsp;23<span class=\"reference-accessdate\">. Retrieved&nbsp;<span class=\"nowrap\">28 December</span>&nbsp;2014</span>.</cite></span></li>\n<li id=\"cite_note-3\"><span class=\"mw-cite-backlink\"><strong>^</strong></span>&nbsp;<span class=\"reference-text\"><cite class=\"citation web cs1\">\"handbag house@Everything2.com\". Everything2.com. 2001-12-14<span class=\"reference-accessdate\">. Retrieved&nbsp;<span class=\"nowrap\">2011-02-10</span></span>.</cite></span></li>\n<li id=\"cite_note-Brewster-4\"><span class=\"mw-cite-backlink\"><strong>^</strong></span>&nbsp;<span class=\"reference-text\"><cite id=\"CITEREFBrewsterFrank_BroughtonFrank_Broughton2000\" class=\"citation book cs1\">Brewster, Bill; Frank Broughton; Frank Broughton (2000).&nbsp;<em>Last Night a DJ Saved My Life: The History of the Disc Jockey</em>. Headline Book Publishing. p.&nbsp;396.&nbsp;ISBN&nbsp;<bdi>9781555846114</bdi><span class=\"reference-accessdate\">. Retrieved&nbsp;<span class=\"nowrap\">28 December</span>&nbsp;2014</span>.</cite></span></li>\n<li id=\"cite_note-Reynolds-5\"><span class=\"mw-cite-backlink\">^&nbsp;<span class=\"cite-accessibility-label\">Jump up to:</span><sup><em><strong>a</strong></em></sup>&nbsp;<sup><em><strong>b</strong></em></sup></span>&nbsp;<span class=\"reference-text\"><cite id=\"CITEREFReynolds1998\" class=\"citation book cs1\">Reynolds, Simon (August 21, 1998).&nbsp;Energy Flash: A Journey Through Rave Music and Dance Culture. Picador.&nbsp;ISBN&nbsp;<bdi>9781593764777</bdi><span class=\"reference-accessdate\">. Retrieved&nbsp;<span class=\"nowrap\">23 October</span>&nbsp;2012</span>.</cite></span></li>\n<li id=\"cite_note-Gilbert-6\"><span class=\"mw-cite-backlink\"><strong>^</strong></span>&nbsp;<span class=\"reference-text\"><cite id=\"CITEREFGilbert1999\" class=\"citation book cs1\">Gilbert, Jeremy (September 19, 1999).&nbsp;Discographies: Dance Music Culture and the Politics of Sound.&nbsp;<em>Discographies: Dance Music Culture and the Politics of Sound</em>. Routledge. p.&nbsp;70.&nbsp;ISBN&nbsp;<bdi>9780203012062</bdi><span class=\"reference-accessdate\">. Retrieved&nbsp;<span class=\"nowrap\">23 October</span>&nbsp;2012</span>.</cite></span></li>\n<li id=\"cite_note-7\"><span class=\"mw-cite-backlink\"><strong>^</strong></span>&nbsp;<span class=\"reference-text\"><cite id=\"CITEREFBrill2008\" class=\"citation book cs1\">Brill, Dunja (Dec 15, 2008).&nbsp;<em>Goth Culture: Gender, Sexuality and Style</em>. Bloomsbury Academic.&nbsp;ISBN&nbsp;<bdi>9781845207687</bdi>.</cite></span></li>\n<li id=\"cite_note-8\"><span class=\"mw-cite-backlink\"><strong>^</strong></span>&nbsp;<span class=\"reference-text\"><cite id=\"CITEREFBrillDeickeHodkinson2007\" class=\"citation book cs1\">Brill, Dunja; Deicke, Wolfgang; Hodkinson, Paul (2007).&nbsp;\"<span class=\"cs1-kern-left\">\"</span>Gender, status and subcultural status in the goth scene.<span class=\"cs1-kern-right\">\"</span>\".&nbsp;<em>Youth Cultures: Scenes, Subcultures and Tribes</em>. Routledge. p.&nbsp;122.&nbsp;ISBN&nbsp;<bdi>9781134184774</bdi>.</cite></span></li>\n</ol>\n</div>\n</div>",
 "remarks": "本词条汉字内容由 @多频百科团队 翻译+编辑\n原文译自  https://en.wikipedia.org/wiki/Diva_house",
 "remarksEn": "本词条内容来自 https://en.wikipedia.org/wiki/Diva_house",
 "status": 1,
 "clickNum": 27,
 "deleted": 0,
 "lang": 0,
 "chooseLang": true,
 "id": 49,
 "name": "Diva House",
 "descriptions": "Diva House（又称Handbag House）的一种形式，在1990年代下半叶在同性恋俱乐部中最受欢迎。它是电子舞蹈音乐中最主流，最容易接受的子流派之一。 《当代英国文化百科全书》将其定义为“具有突出的女性嗓音，分解和大量的钢琴'刺'”。 现代Diva浩室的作品多使用合成器和4/4节奏。 ",
 "originalName": "handbag house",
 "startTimeText": "1990s",
 "startAddress": "",
 "searchStyle": "House",
 "styleCategory": "House",
 "originalStyle": "House, R&B, dance-pop, soul, disco, EDM, gospel, show tune",
 "affectStyle": "Hardbag",
 "deriveStyle": "",
 "representArtist": "",
 "officialUrl": "https://en.wikipedia.org/wiki/Diva_house",
 "typeId": 13,
 "typeName": "风格",
 "dataId": 49,
 "url": "http://dropinapp.hearinmusic.com/#/ency?typeId=13&dataId=49"
}