{
 "pageNum": 1,
 "pageSize": 10,
 "params": {},
 "relationChannel": "[{\"id\":1437,\"parentId\":8,\"name\":\"Doomcore\"}]",
 "content": "<p>Doomcore 是 Hardcore 的一类暗黑和极简风的子风格。Doomcore 曲目（除了少数例外）的速度在 130 到 160 BPM 之间，这使其成为最慢的 Hardcore 流派。标志性的 TR-909 Kick Drum的使用方式与其他Hardcore类型不同：它通常使用较少的失真和较少的衰减。但是，有时会在其上添加混响效果。另类的Cymbals很常见。曲目的氛围通常类似于Industrial Music、Doom Metal和Dark Ambient。</p>\n<p>&nbsp;</p>\n<p>制作人通过使用令人毛骨悚然的Ambient Pads、不同的可怕的或尖叫采样以及工业噪音来达到这种印象。虽然有旋律曲目，但旋律不是 Doomcore 曲目的要求。使用时，主旋律的重复是一种常见的做法。</p>\n<p>&nbsp;</p>\n<p>第一批 Doomcore 曲目（于 90 年代初发布）延续了与 Mescalinum United（Marc Trauner 的）We Have Arrived 等第一首Hardcore techno 曲目相同的风格，保持了黑暗的工业氛围，同时从标准中添加了新元素（如 Juno hoovers）Hardcore Techno音乐。许多早期的Doomcore曲目是由 Marc Trauner（更广为人知的名字是 Marc Acardipane）以不同的别名制作的。在 2000 年代初期，出现了新一波艺术家，他们的音乐可以被视为Doomcore。商标 TR-909 kick 也更改为更新的变体。一些最近的音乐，如 Dr.Strange 或 Joshua，通常被称为 Doomcore，但应该注意的是，它们的风格与早期的 Doomcore 有很大不同，尽管仍然遵循基本的缓慢和黑暗的Hardcore形象。</p>\n<p>&nbsp;</p>\n<p>有些人使用 Darkcore 作为较暗的Hardcore曲目的总称，但它实际上有自己的历史。 Darkcore 一词始于 DJ Ruffneck 的标签&ldquo;Supreme Intelligence&rdquo;，它定义了声音。 Supreme Intelligence 现在已不复存在，但 Enzyme X 和 Genosha 等品牌的声音仍在继续。它是 Industrial Hardcore 的一种形式，通常为 150-180 bpm，而 Doomcore 通常较慢。</p>\n<p>&nbsp;</p>\n<p>Doomcore 和 Darkcore 之间的另一个区别是，今天的 Darkcore 曲目通常具有更粗糙和更扭曲的踢腿。还有一个名为&ldquo;Darkcore&rdquo;的荷兰 CD 合辑系列，但这些发行版还包含一些速度更快、更主流的曲目，这些曲目与流派本身无关。还应该注意的是，还有另一个 Darkcore 术语指的是丛林音乐中的一个子流派，因此不应将这 2 种混淆。一些知名的 Darkcore 艺术家（请注意，他们中的大多数不仅限于 Darkcore）：Armageddon Project、Meagashira、Hamunaptra、Ophidian、The Outside Agency、Petrochemical、Chaosbringer。</p>\n<p>&nbsp;</p>\n<p>Marc Acardipane 的 Planet Core Productions 是最早发行此类音乐的唱片公司之一。</p>\n<p>&nbsp;</p>\n<p><strong>代表作品</strong><br /><br />The Mover -&nbsp;Waves Of Life&nbsp;((1993))<br />Taciturne -&nbsp;Der Toten&nbsp;((1995))<br />E-Rush -&nbsp;Fuck You Man (Army Of Darkness Remix)&nbsp;((1997))<br />Frozen &amp; Dr. Macabre -&nbsp;Dimension Of The Doomed&nbsp;((1997))<br />The Masochist -&nbsp;Anticipation&nbsp;((1999))<br />E-Man -&nbsp;Under My Command&nbsp;((2000))<br />EBE Company -&nbsp;Eternity&nbsp;((2000))<br />The Emperator -&nbsp;Lost Souls&nbsp;((2002))<br />Marc Acardipane -&nbsp;One World No Future&nbsp;((2002))<br />Dark Invaders -&nbsp;Troops Of Doom&nbsp;((2003))<br />Dark Invaders -&nbsp;World Invasion&nbsp;((2003))<br />Al Core -&nbsp;Black Monday&nbsp;((2003))<br />Kid Morbid -&nbsp;50 Years In San Quentin&nbsp;((2004))<br />Moleculez -&nbsp;Crying&nbsp;((2005))<br />Dark Invaders -&nbsp;Temple Of Eternal Night&nbsp;((2005))<br />Dr.Strange -&nbsp;Anthrax Attack&nbsp;((2006))<br />Joshua -&nbsp;In Vonna&nbsp;((2007))<br />The Outside Agency -&nbsp;Submerger (Dr. Strange Remix)&nbsp;((2007))<br />The Uninvited -&nbsp;Pain&nbsp;((2008))</p>\n<p>&nbsp;</p>\n<p><strong>代表艺术家</strong></p>\n<p>*&nbsp;Armageddon Project<br />*&nbsp;Dark Invaders<br />*&nbsp;Dr.Macabre<br />*&nbsp;Dr.Strange<br />*&nbsp;E-Man&nbsp;(aka.&nbsp;Miro)<br />*&nbsp;Fifth Era<br />*&nbsp;Joshua<br />*&nbsp;Moleculez<br />*&nbsp;Tilt!/Mescalinum United/Marc Acardipane/The Mover<br />*&nbsp;The Uninvited</p>\n<p>&nbsp;</p>\n<p><strong>代表厂牌</strong></p>\n<p>* Black Monolith Records<br />* Crossbones Records<br />* Dark Temple<br />* DNA Tracks<br />* Last Tomorrow Recordings<br />* Planet Core Productions (incl. sublabels)<br />* SGC Records</p>",
 "contentEn": "<p>The speed of doomcore tracks (with few exceptions) ranges between 130 and 160 BPM, which makes it the slowest hardcore techno genre. The trademark TR-909 kickdrum is used differently than in other hardcore genres: it usually employs less distortion, and less decay. However, a reverb effect is added on it sometimes. Offbeat cymbals are usual. The atmosphere of the tracks is often similar to industrial music, doom metal and dark ambient.</p>\n<p>&nbsp;</p>\n<p>Producers reach this impression by using spooky ambient pads, different scary or screaming samples, and industrial noises. While there are melodic tracks, melodies are not requirements of doomcore tracks. When used, repetition of the main melody is a common practice, often to the point of repetitiveness.</p>\n<p>&nbsp;</p>\n<p>The first doomcore tracks (released in early '90s) continued the same style that first hardcore techno tracks like Mescalinum United's (Marc Trauner's) We Have Arrived had, keeping the dark industrial atmosphere, while newer elements (like Juno hoovers) added from the standard hardcore techno music. A lot of earlier doomcore tracks were produced by Marc Trauner (better known as Marc Acardipane) under different aliases. In the early 2000s a new wave of artists appeared whose music can be considered as doomcore. The trademark TR-909 kick is also changed to more recent variations. Some recent music such as Dr.Strange or Joshua is usually referred as doomcore, but it should be noted that their style is a lot different in sound than earlier doomcore, although still following the basic slow and dark hardcore image.</p>\n<p>&nbsp;</p>\n<p>Some people use Darkcore as an umbrella term for darker hardcore tracks, however it actually has a history of its own. The term Darkcore started with DJ Ruffneck's label \"Supreme Intelligence\", which defined the sound. Supreme Intelligence is now defunct, but the sound continues on labels such as Enzyme X and Genosha. It is one form of Industrial Hardcore, typically 150-180 bpm, whereas Doomcore is generally slower.</p>\n<p>&nbsp;</p>\n<p>Another difference between Doomcore and Darkcore is that Darkcore tracks of today usually have rougher and more distorted kicks. There is also a Dutch CD compilation series called \"Darkcore\", but the releases also contain some faster and some more mainstream tracks that have nothing to do with the genre itself. It should also be noted that there is another Darkcore term referring to a subgenre in Jungle music so these 2 shouldn't be confused with each other. Some known Darkcore artists (note that most of them are not only limited to Darkcore): Armageddon Project, Meagashira, Hamunaptra, Ophidian, The Outside Agency, Petrochemical, Chaosbringer.</p>\n<p>&nbsp;</p>\n<p>Marc Acardipane's Planet Core Productions was one of the first record labels, which released this kind of music.</p>\n<p>&nbsp;</p>\n<p><strong>Representative Tracks</strong><br /><br />The Mover -&nbsp;Waves Of Life&nbsp;((1993))<br />Taciturne -&nbsp;Der Toten&nbsp;((1995))<br />E-Rush -&nbsp;Fuck You Man (Army Of Darkness Remix)&nbsp;((1997))<br />Frozen &amp; Dr. Macabre -&nbsp;Dimension Of The Doomed&nbsp;((1997))<br />The Masochist -&nbsp;Anticipation&nbsp;((1999))<br />E-Man -&nbsp;Under My Command&nbsp;((2000))<br />EBE Company -&nbsp;Eternity&nbsp;((2000))<br />The Emperator -&nbsp;Lost Souls&nbsp;((2002))<br />Marc Acardipane -&nbsp;One World No Future&nbsp;((2002))<br />Dark Invaders -&nbsp;Troops Of Doom&nbsp;((2003))<br />Dark Invaders -&nbsp;World Invasion&nbsp;((2003))<br />Al Core -&nbsp;Black Monday&nbsp;((2003))<br />Kid Morbid -&nbsp;50 Years In San Quentin&nbsp;((2004))<br />Moleculez -&nbsp;Crying&nbsp;((2005))<br />Dark Invaders -&nbsp;Temple Of Eternal Night&nbsp;((2005))<br />Dr.Strange -&nbsp;Anthrax Attack&nbsp;((2006))<br />Joshua -&nbsp;In Vonna&nbsp;((2007))<br />The Outside Agency -&nbsp;Submerger (Dr. Strange Remix)&nbsp;((2007))<br />The Uninvited -&nbsp;Pain&nbsp;((2008))</p>\n<p>&nbsp;</p>\n<p><strong>Artists</strong></p>\n<p>*&nbsp;Armageddon Project<br />*&nbsp;Dark Invaders<br />*&nbsp;Dr.Macabre<br />*&nbsp;Dr.Strange<br />*&nbsp;E-Man&nbsp;(aka.&nbsp;Miro)<br />*&nbsp;Fifth Era<br />*&nbsp;Joshua<br />*&nbsp;Moleculez<br />*&nbsp;Tilt!/Mescalinum United/Marc Acardipane/The Mover<br />*&nbsp;The Uninvited</p>\n<p>&nbsp;</p>\n<p><strong>Record Labels</strong></p>\n<p>* Black Monolith Records<br />* Crossbones Records<br />* Dark Temple<br />* DNA Tracks<br />* Last Tomorrow Recordings<br />* Planet Core Productions (incl. sublabels)<br />* SGC Records</p>",
 "remarks": "本词条汉字内容由 @多频百科团队 翻译+编辑\n原文译自 https://www.last.fm/tag/doomcore/wiki",
 "remarksEn": "本词条内容来自 https://www.last.fm/tag/doomcore/wiki",
 "status": 1,
 "clickNum": 19,
 "deleted": 0,
 "lang": 0,
 "chooseLang": true,
 "id": 201,
 "name": "Doomcore",
 "descriptions": "Doomcore 是 Hardcore 的一类暗黑和极简风的子风格。Doomcore 曲目（除了少数例外）的速度在 130 到 160 BPM 之间，这使其成为最慢的 Hardcore 流派。标志性的 TR-909 Kick Drum的使用方式与其他Hardcore类型不同：它通常使用较少的失真和较少的衰减。但是，有时会在其上添加混响效果。另类的Cymbals很常见。曲目的氛围通常类似于Industrial Music、Doom Metal和Dark Ambient。",
 "originalName": "",
 "startTimeText": "1990s",
 "startAddress": "",
 "searchStyle": "Hardcore",
 "styleCategory": "Hardcore",
 "originalStyle": "Industrial Music, Hardcore Techno, Dark Ambient",
 "affectStyle": "",
 "deriveStyle": "",
 "representArtist": "",
 "officialUrl": "https://www.last.fm/tag/doomcore/wiki",
 "typeId": 13,
 "typeName": "风格",
 "dataId": 201,
 "url": "http://dropinapp.hearinmusic.com/#/ency?typeId=13&dataId=201"
}