{
 "pageNum": 1,
 "pageSize": 10,
 "params": {},
 "relationChannel": "[{\"id\":614,\"parentId\":8,\"name\":\"Downtempo\"}]",
 "relationEncy": "[{\"id\":36448,\"typeId\":13,\"dataId\":121,\"name\":\"Trip Hop\",\"url\":\"http://dropinapp.hearinmusic.com/#/ency?typeId=13&dataId=121\"},{\"id\":36665,\"typeId\":13,\"dataId\":338,\"name\":\"Chillwave\",\"url\":\"http://dropinapp.hearinmusic.com/#/ency?typeId=13&dataId=338\"},{\"id\":1367,\"typeId\":12,\"dataId\":1366,\"name\":\"Ambient\",\"url\":\"http://dropinapp.hearinmusic.com/#/ency?typeId=12&dataId=1366\"},{\"id\":36451,\"typeId\":13,\"dataId\":124,\"name\":\"Lounge Music\",\"url\":\"http://dropinapp.hearinmusic.com/#/ency?typeId=13&dataId=124\"}]",
 "content": "<div class=\"document\">\n<p>Downtempo 是一种广泛的电子音乐流派，其特点是大气质感的声音和慢节奏的节拍。与Ambient音乐密切相关，但相对更强调节拍，这种风格可能会在休闲氛围的俱乐部中播放，或者在 DJ 现场作为&ldquo;热身或放松&rdquo;音乐。 Downtempo&nbsp;的子流派包括 trip hop、chillwave、psybient 和 lo-fi hip hop等。</p>\n<p>&nbsp;</p>\n<p>Downtempo 风格出现在 1980 年代后期，在英国的布里斯托诞生了 Massive Attack、Portishead 和 Tricky 等艺术家。在 1990 年代，Kruder &amp; Dorfmeister、Fila Brazillia 和 Thievery Corporation 等其他来自世界各地的艺术家也开始传播这种风格。其他与 Downtempo 风格相关的杰出艺术家包括Boards of Canada, Nicolas Jaar 以及 Bonobo 等。</p>\n<p class=\"paragraph text-align-type-left pap-line-1.8 pap-line-rule-auto pap-spacing-before-2pt pap-spacing-after-2pt\">&nbsp;</p>\n<p class=\"paragraph text-align-type-left pap-line-1.8 pap-line-rule-auto pap-spacing-before-2pt pap-spacing-after-2pt\"><strong>特征</strong></p>\n<p>Downtempo 音乐是一个广泛的流派，但通常具有以下几类共同特点：</p>\n<p>&nbsp;</p>\n<ul>\n<li>Atmospheric sound（大气质感的声音）：Downtempo艺术家不太关注朗朗上口的旋律或即兴演奏，而是关注分层叠加的声音和表达的情绪</li>\n<li>较慢的节拍：歌曲的节拍通常在 90 BPM 左右</li>\n<li>柔和的旋律：与Ambient音乐相比，Downtempo艺术家通常会使用更多的旋律乐句</li>\n</ul>\n<p class=\"paragraph text-align-type-left pap-line-1.8 pap-line-rule-auto pap-spacing-before-2pt pap-spacing-after-2pt\">&nbsp;</p>\n<p class=\"paragraph text-align-type-left pap-line-1.8 pap-line-rule-auto pap-spacing-before-2pt pap-spacing-after-2pt\"><strong>历史</strong></p>\n<p class=\"paragraph text-align-type-left pap-line-1.8 pap-line-rule-auto pap-spacing-before-2pt pap-spacing-after-2pt\">20世纪90年代，一些节奏较慢的音乐开始出现流行的趋势，在俱乐部的放松区域（Chillout Rooms）或电子音乐节活动的专门区域来播放。</p>\n<p class=\"paragraph text-align-type-left pap-line-1.8 pap-line-rule-auto pap-spacing-before-2pt pap-spacing-after-2pt\">&nbsp;</p>\n<p class=\"paragraph text-align-type-left pap-line-1.8 pap-line-rule-auto pap-spacing-before-2pt pap-spacing-after-2pt\">Downtempo音乐最早在伊维萨岛开始出现，DJ和活动组织者在临近日出时，会用较慢的节奏和较温和的电子音乐来制造和谐惬意的气氛。80年代末，在布里斯托尔出现了Trip hop，它结合了嘻哈节拍、鼓打贝斯的Breaks以及低节奏的Ambient氛围等元素。20世纪90年代末，融合了原声与电子风格的更加旋律化的器乐电子乐以总称Downtempo出现。</p>\n<p class=\"paragraph text-align-type-left pap-line-1.8 pap-line-rule-auto pap-spacing-before-2pt pap-spacing-after-2pt\">&nbsp;</p>\n<p class=\"paragraph text-align-type-left pap-line-1.8 pap-line-rule-auto pap-spacing-before-2pt pap-spacing-after-2pt\">90年代末，奥地利二人组Kruder &amp; Dorfmeister受70年代灵魂爵士的影响，将流行音乐、嘻哈音乐、Drum and Bass结合制作Downtempo Remixes，并使这种风格流行起来。英国人史蒂夫&middot;柯比（Steve Cobby）和戴夫&middot;麦克谢里（Dave McSherry）以Fila Brazillia的名义进行制作一系列的Downtempo、electronica和ambient techno专辑，进一步推动了这种风格的发展。与此同时，来自华盛顿的Eric Hilton和Rob Garza，也就是大家比较熟悉的Thievery Corporation，在讨论了Antonio Carlos Jobim的音乐之后，将巴西的音乐元素引入了这种风格，并结合牙买加dub和reggae的元素，进一步丰富了这种风格。</p>\n<p class=\"paragraph text-align-type-left pap-line-1.8 pap-line-rule-auto pap-spacing-before-2pt pap-spacing-after-2pt\">&nbsp;</p>\n<p class=\"paragraph text-align-type-left pap-line-1.8 pap-line-rule-auto pap-spacing-before-2pt pap-spacing-after-2pt\">2010年，《大西洋》杂志将 \"Downtempo pop\"描述为&mdash;&mdash;2000年代的多种音乐风格的结合，其特点是柔和的节拍、复古的合成器和低频的旋律。换句话说，是一个包括chillwave、glo-fi和hypnagogic pop的总称。十年后，另一种形式的Downtempo音乐，被标记为 \"lo-fi hip hop \"或 \"chillhop\"，在YouTube中流行起来。</p>\n</div>",
 "contentEn": "<p><strong>Downtempo</strong>&nbsp;is a broad genre of&nbsp;electronic music&nbsp;characterized by an atmospheric sound and slow-tempo beats.<sup id=\"cite_ref-masterclass_3-0\" class=\"reference\">[3]</sup>&nbsp;Closely related to&nbsp;ambient music&nbsp;but with greater emphasis on beats,<sup id=\"cite_ref-allmusic_4-0\" class=\"reference\">[4]</sup>&nbsp;the style may be played in&nbsp;chillout&nbsp;clubs or as \"warm-up or cool-down\" music during a DJ set.<sup id=\"cite_ref-masterclass_3-1\" class=\"reference\">[3]</sup>&nbsp;Examples of downtempo subgenres include&nbsp;trip hop,&nbsp;chillwave,&nbsp;psybient&nbsp;and&nbsp;lo-fi hip hop.<sup id=\"cite_ref-masterclass_3-2\" class=\"reference\">[3]</sup></p>\n<p>&nbsp;</p>\n<p>The style emerged in the late 1980s with the UK's&nbsp;Bristol scene&nbsp;that birthed artists like&nbsp;Massive Attack,&nbsp;Portishead, and&nbsp;Tricky.<sup id=\"cite_ref-masterclass_3-3\" class=\"reference\">[3]</sup>&nbsp;In the 1990s, the style was heard internationally in artists such as&nbsp;Kruder &amp; Dorfmeister,&nbsp;Fila Brazillia, and&nbsp;Thievery Corporation.<sup id=\"cite_ref-masterclass_3-4\" class=\"reference\">[3]</sup>&nbsp;Other prominent artists to emerge in the style include&nbsp;Boards of Canada,&nbsp;Nicolas Jaar, and&nbsp;Bonobo.<sup id=\"cite_ref-masterclass_3-5\" class=\"reference\">[3]</sup></p>\n<p>&nbsp;</p>\n<h2><span id=\"Characteristics\" class=\"mw-headline\">Characteristics</span></h2>\n<p>Downtempo music is a broad genre but is united by several characteristics:</p>\n<ul>\n<li>Atmospheric sound: artists focus less on catchy melodies or riffs than on layered sounds and mood<sup id=\"cite_ref-masterclass_3-6\" class=\"reference\">[3]</sup></li>\n<li>Slow beats: songs typically feature beats around 90 BPM<sup id=\"cite_ref-masterclass_3-7\" class=\"reference\">[3]</sup></li>\n<li>Gentle melodies: artists typically include more melodic phrases than straightforward ambient music<sup id=\"cite_ref-masterclass_3-8\" class=\"reference\">[3]</sup></li>\n</ul>\n<h2>&nbsp;</h2>\n<h2><span id=\"History\" class=\"mw-headline\">History</span></h2>\n<p>Downtempo emerged from the UK's late-1980s&nbsp;Bristol sound, which developed a slow,&nbsp;psychedelic&nbsp;fusion of&nbsp;hip hop&nbsp;with&nbsp;electronic music&nbsp;known as \"trip hop\" and birthed artists such as&nbsp;Massive Attack,&nbsp;Portishead, and&nbsp;Tricky.<sup id=\"cite_ref-masterclass_3-9\" class=\"reference\">[3]</sup>&nbsp;The 1990s brought on a wave of slower paced music which was played throughout chillout rooms&mdash;the relaxation sections of the clubs or dedicated sections at electronic music events.<sup id=\"cite_ref-TOucan21_5-0\" class=\"reference\">[5]</sup>&nbsp;Downtempo music started to surface around&nbsp;Ibiza, when DJs and promoters would bring down the vibe with slower rhythm and gentler electronic music upon approaching sunrise. At the end of the 1990s a more melodic instrumental electronica incorporating acoustic sounds with electronic styles emerged under its own umbrella name of downtempo.<sup id=\"cite_ref-6\" class=\"reference\">[6]</sup></p>\n<p>&nbsp;</p>\n<p>In the late 1990s, the&nbsp;Austrian&nbsp;duo&nbsp;Kruder &amp; Dorfmeister&nbsp;popularized the style with their downtempo remixes of pop, hip-hop, and drum and bass tracks with influences of the '70s&nbsp;soul jazz.&nbsp;Britons&nbsp;Steve Cobby&nbsp;and Dave McSherry, producing under the name&nbsp;Fila Brazillia, released a handful of downtempo,&nbsp;electronica&nbsp;and&nbsp;ambient techno&nbsp;albums that propelled the style further. Meanwhile, the&nbsp;Washington, D.C.&nbsp;locals Eric Hilton and Rob Garza, better known as&nbsp;Thievery Corporation, have introduced the Brazilian sound into the style after discussing the music of&nbsp;Antonio Carlos Jobim, and enriched it further by combining elements of Jamaican&nbsp;dub&nbsp;and&nbsp;reggae.<sup id=\"cite_ref-7\" class=\"reference\">[7]</sup></p>\n<p>&nbsp;</p>\n<p>In 2010, \"downtempo pop\" was described by&nbsp;<em>The Atlantic</em>&nbsp;as a variety of music styles from the 2000s characterized by mellow&nbsp;beats, vintage&nbsp;synthesizers, and lo-fi melodies. In other words, an&nbsp;umbrella term&nbsp;that includes&nbsp;chillwave,&nbsp;glo-fi, and&nbsp;hypnagogic pop.<sup id=\"cite_ref-atlantic_2-1\" class=\"reference\">[2]</sup>&nbsp;Later in the decade, another form of downtempo music, tagged as \"lo-fi hip hop\" or \"chillhop\", became popular among&nbsp;YouTube&nbsp;music streamers.<sup id=\"cite_ref-Vice_8-0\" class=\"reference\">[8]</sup></p>\n<p>&nbsp;</p>\n<h2><span id=\"References\" class=\"mw-headline\">References</span></h2>\n<div class=\"reflist\">\n<div class=\"mw-references-wrap\">\n<ol class=\"references\">\n<li id=\"cite_note-1\"><span class=\"mw-cite-backlink\"><strong>^</strong></span>&nbsp;<span class=\"reference-text\"><cite id=\"CITEREFReighley2000\" class=\"citation magazine cs1\">Reighley, Kurt B. (January 2000).&nbsp;\"Peace Orchestra\".&nbsp;<em>CMJ New Music Monthly</em>. No.&nbsp;77.&nbsp;ISSN&nbsp;1074-6978.</cite></span></li>\n<li id=\"cite_note-atlantic-2\"><span class=\"mw-cite-backlink\">^&nbsp;<span class=\"cite-accessibility-label\">Jump up to:</span><sup><em><strong>a</strong></em></sup>&nbsp;<sup><em><strong>b</strong></em></sup></span>&nbsp;<span class=\"reference-text\"><cite id=\"CITEREFHinkes-Jones2010\" class=\"citation web cs1\">Hinkes-Jones, Llewellyn (15 July 2010).&nbsp;\"Downtempo Pop: When Good Music Gets a Bad Name\".&nbsp;<em>The Atlantic</em>.</cite></span></li>\n<li id=\"cite_note-masterclass-3\"><span class=\"mw-cite-backlink\">^&nbsp;<span class=\"cite-accessibility-label\">Jump up to:</span><sup><em><strong>a</strong></em></sup>&nbsp;<sup><em><strong>b</strong></em></sup>&nbsp;<sup><em><strong>c</strong></em></sup>&nbsp;<sup><em><strong>d</strong></em></sup>&nbsp;<sup><em><strong>e</strong></em></sup>&nbsp;<sup><em><strong>f</strong></em></sup>&nbsp;<sup><em><strong>g</strong></em></sup>&nbsp;<sup><em><strong>h</strong></em></sup>&nbsp;<sup><em><strong>i</strong></em></sup>&nbsp;<sup><em><strong>j</strong></em></sup></span>&nbsp;<span class=\"reference-text\"><cite id=\"CITEREFStaff\" class=\"citation web cs1\">Staff.&nbsp;\"Downtempo Music Guide: 5 Popular Downtempo Musical Acts\".&nbsp;<em>Masterclass</em><span class=\"reference-accessdate\">. Retrieved&nbsp;<span class=\"nowrap\">4 July</span>&nbsp;2021</span>.</cite></span></li>\n<li id=\"cite_note-allmusic-4\"><span class=\"mw-cite-backlink\"><strong>^</strong></span>&nbsp;<span class=\"reference-text\"><cite class=\"citation web cs1\">\"Downtempo: Overview\".&nbsp;<em>AllMusic</em><span class=\"reference-accessdate\">. Retrieved&nbsp;<span class=\"nowrap\">3 May</span>&nbsp;2016</span>.</cite></span></li>\n<li id=\"cite_note-TOucan21-5\"><span class=\"mw-cite-backlink\"><strong>^</strong></span>&nbsp;<span class=\"reference-text\"><cite class=\"citation web cs1\">\"A history of downtempo and chillout music\".&nbsp;<em>Toucanmusic</em><span class=\"reference-accessdate\">. Retrieved&nbsp;<span class=\"nowrap\">22 May</span>&nbsp;2015</span>.</cite></span></li>\n<li id=\"cite_note-6\"><span class=\"mw-cite-backlink\"><strong>^</strong></span>&nbsp;<span class=\"reference-text\"><cite id=\"CITEREFDalling2006\" class=\"citation web cs1\">Dalling, John (2006).&nbsp;\"Chillout and Downtempo Electronic Music, a History\". Archived from&nbsp;the original&nbsp;on 2012-02-13<span class=\"reference-accessdate\">. Retrieved&nbsp;<span class=\"nowrap\">2007-03-26</span></span>.</cite></span></li>\n<li id=\"cite_note-7\"><span class=\"mw-cite-backlink\"><strong>^</strong></span>&nbsp;<span class=\"reference-text\"><cite id=\"CITEREFJohnson2002\" class=\"citation news cs1\">Johnson, Martin (February 17, 2002).&nbsp;\"Downtempo: A Genre With Plenty in Reserve\".&nbsp;<em>The Washington Post</em>. p.&nbsp;G4. Archived from&nbsp;the original&nbsp;on June 11, 2014<span class=\"reference-accessdate\">. Retrieved&nbsp;<span class=\"nowrap\">August 8,</span>&nbsp;2013</span>.</cite></span></li>\n<li id=\"cite_note-Vice-8\"><span class=\"mw-cite-backlink\"><strong>^</strong></span>&nbsp;<span class=\"reference-text\"><cite id=\"CITEREFWinkie2018\" class=\"citation web cs1\">Winkie, Luke (July 13, 2018).&nbsp;\"How 'Lofi Hip Hop Radio to Relax/Study to' Became a YouTube Phenomenon\".&nbsp;<em>Vice</em><span class=\"reference-accessdate\">. Retrieved&nbsp;<span class=\"nowrap\">September 13,</span>&nbsp;2018</span>.</cite></span></li>\n</ol>\n</div>\n</div>",
 "remarks": "本词条汉字内容由 @多频百科团队 翻译+编辑\n原文译自 https://en.wikipedia.org/wiki/Downtempo",
 "remarksEn": "本词条内容来自 https://en.wikipedia.org/wiki/Downtempo",
 "status": 1,
 "clickNum": 55,
 "deleted": 0,
 "lang": 0,
 "chooseLang": true,
 "id": 11,
 "name": "Downtempo",
 "descriptions": "Downtempo 是一种广泛的电子音乐流派，其特点是大气质感的声音和慢节奏的节拍。与Ambient音乐密切相关，但相对更强调节拍，这种风格可能会在休闲氛围的俱乐部中播放，或者在 DJ 现场作为“热身或放松”音乐。 Downtempo 的子流派包括 trip hop、chillwave、psybient 和 lo-fi hip hop等。",
 "originalName": "缓拍, 慢速舞曲",
 "startTimeText": "late 1980s – early 1990s",
 "startAddress": "United Kingdom 英国",
 "searchStyle": "Downtempo",
 "styleCategory": "Electronic Dance Music",
 "originalStyle": "Electronic, ambient, lounge",
 "affectStyle": "",
 "deriveStyle": "",
 "representArtist": "",
 "officialUrl": "https://en.wikipedia.org/wiki/Downtempo",
 "typeId": 13,
 "typeName": "风格",
 "dataId": 11,
 "url": "http://dropinapp.hearinmusic.com/#/ency?typeId=13&dataId=11"
}