{
 "pageNum": 1,
 "pageSize": 10,
 "params": {},
 "relationChannel": "[{\"id\":1207,\"parentId\":8,\"name\":\"Dream Trance\"}]",
 "content": "<p>Dream trance是早期trance音乐的一个亚流派，在1995年至1998年期间，在国际舞坛上大放光彩（与trance音乐第一次进入主流的时间相撞）。众所周知，\"dream \"一词在很大程度上也影响了House音乐，因此该亚流派在某些场合也被称为dream house或dream dance。</p>\n<p>&nbsp;</p>\n<p>今天，Dream trance被认为是1992年左右开始的Progressive house运动的第一个也是最原始的衍生品。当时出现的许多psytrance制作人（尤其是Infected Mushroom）也受到了它的影响。</p>\n<p>&nbsp;</p>\n<p><strong>定义 </strong></p>\n<p>Dream Trance的关键元素在于这类曲目中朗朗上口的深沉旋律，通常是用原声乐器（钢琴、小提琴、萨克斯管等）演奏，经过母带处理后再采样到电子节拍结构上。这些旋律被认为是 \"dreamy\"，即倾向于改变听众的心境，因此而得名。</p>\n<p><br /><strong>起源 </strong></p>\n<p>Dream Trance的产生是对意大利90年代初社会压力的一种回应，随着年轻一代狂欢文化的发展，以及随之而来的夜店流行，每周都有因车祸而死亡的事件，因为夜店的人通宵达旦地开车，由于剧烈的舞蹈以及酒精和药物的作用而在车上睡着了。在1996年中期，由这种现象造成的死亡，在意大利被称为strage del sabato sera(\"星期六晚上的屠杀\")，从90年代开始，估计约有2000人。由Robert Miles创作的 \"Children \"是这一流派的先锋曲目之一，是由于这些事故而产生的。像Miles这样的DJ在结束晚上的演出时播放慢节奏、平静的音乐，以此来抵消之前快节奏、重复的曲目，这一举动得到了当局和车祸受害者父母的认可。</p>\n<p><br /><strong>结构 </strong></p>\n<p>Dream trance使用的是类似于Eurodance和Dance-pop风格的舞曲节拍，而不是真正的trance节拍混入4-to-4重复循环的贝斯结构。音乐的重点主要在旋律而不是节拍上，从而形成了类似trance的旋律和类似house的节拍。其节奏结构也非常简单，然而，正如前文所说，所有的重要性都是在器乐弦乐中凸显出来的，这些器乐弦乐作用在不同的音符上塑造了歌曲。因此，这种风格在大体的一致性上与trance非常相似，唯一不同的是恒定的、类似House节奏的渐进方式。</p>\n<div>\n<div class=\"document\">&nbsp;</div>\n</div>",
 "contentEn": "<p><strong>Dream trance</strong>&nbsp;is an early subgenre of&nbsp;trance music&nbsp;that peaked prominently on the international dance scene between 1995 and 1998 (colliding with the first time for trance to reach mainstream). The \"dream\" term has been known to largely influence&nbsp;house music&nbsp;in general, and therefore the subgenre is also known as&nbsp;<strong>dream house</strong>&nbsp;or&nbsp;<strong>dream dance</strong>&nbsp;on some occasions.<sup id=\"cite_ref-observer_1-0\" class=\"reference\">[1]</sup></p>\n<p>&nbsp;</p>\n<p>Today, dream trance is considered to be the first and the most primitive derivative of the&nbsp;Progressive house&nbsp;movement that started around 1992. Many&nbsp;psytrance&nbsp;producers emergent at the time (notably&nbsp;Infected Mushroom) were also influenced by it.</p>\n<p>&nbsp;</p>\n<h2><span id=\"Definition\" class=\"mw-headline\">Definition</span></h2>\n<p>The key element of dream trance resides in catchy and deep melodies of such tracks, typically played on an acoustic instrument (piano,&nbsp;violin,&nbsp;saxophone, etc.) that are mastered and then sampled onto an electronic beat structure. The melodies are considered \"dreamy\", i.e. tending to alter the listener's mind, hence the name.<sup id=\"cite_ref-observer_1-1\" class=\"reference\">[1]</sup></p>\n<h2>&nbsp;</h2>\n<h2><span id=\"Origins\" class=\"mw-headline\">Origins</span></h2>\n<p>The creation of dream trance was a response to social pressures in&nbsp;Italy&nbsp;during the early 1990s; the growth of&nbsp;rave&nbsp;culture among young adults, and the ensuing popularity of&nbsp;nightclub&nbsp;attendance, had created a weekly trend of deaths due to&nbsp;car accidents&nbsp;as clubbers drove across the country overnight, falling asleep at the wheel from strenuous dancing as well as alcohol and&nbsp;drug use. In mid-1996, deaths due to this phenomenon, called&nbsp;<em>strage del sabato sera</em>&nbsp;(\"Saturday night slaughter\") in Italy, were being estimated at around 2000 since the start of the 1990s. \"Children\" by&nbsp;Robert Miles&nbsp;is one of the pioneering tracks of the genre and was created due to these accidents. The move by DJs such as Miles to play slower, calming music to conclude a night's set, as a means to counteract the fast-paced, repetitive tracks that preceded, was met with approval by authorities and parents of car crash victims.<sup id=\"cite_ref-observer_1-2\" class=\"reference\">[1]</sup></p>\n<h2>&nbsp;</h2>\n<h2><span id=\"Structure\" class=\"mw-headline\">Structure</span></h2>\n<p>Dream trance uses dance beats similar to those of the&nbsp;Eurodance&nbsp;and&nbsp;dance-pop&nbsp;genres rather than genuine trance beats mixed into 4-to-4 bass patterns with a particularly repetitive sound. The focus of the music is primarily on the melody rather than the beat, resulting in a trance-like melody and a house-like beat. The rhythm structure is also very simple, however, as stated before, all the importance is accented in instrumental strings that derive on various notes and shape the songs.<sup id=\"cite_ref-observer_1-3\" class=\"reference\">[1]</sup>&nbsp;Therefore, the style is very similar to trance in its general consistence, with the only difference being a constant, house-like&nbsp;progression.</p>\n<h2>&nbsp;</h2>\n<h2><span id=\"References\" class=\"mw-headline\">References</span></h2>\n<div class=\"reflist\">\n<div class=\"mw-references-wrap\">\n<ol class=\"references\">\n<li id=\"cite_note-observer-1\"><span class=\"mw-cite-backlink\">^&nbsp;<span class=\"cite-accessibility-label\">Jump up to:</span><sup><em><strong>a</strong></em></sup>&nbsp;<sup><em><strong>b</strong></em></sup>&nbsp;<sup><em><strong>c</strong></em></sup>&nbsp;<sup><em><strong>d</strong></em></sup></span>&nbsp;<span class=\"reference-text\"><cite id=\"CITEREFBellosHooper1996\" class=\"citation cs2\">Bellos, Alex; Hooper, John (June 2, 1996), \"Italy's ravers dance down road to death\",&nbsp;<em>The Observer</em>, p.&nbsp;19</cite></span></li>\n</ol>\n</div>\n</div>",
 "remarks": "本词条汉字内容由 @多频百科团队 翻译+编辑\n原文译自 https://en.wikipedia.org/wiki/Dream_trance",
 "remarksEn": "本词条内容来自 https://en.wikipedia.org/wiki/Dream_trance",
 "status": 1,
 "clickNum": 24,
 "deleted": 0,
 "lang": 0,
 "chooseLang": true,
 "id": 167,
 "name": "Dream Trance",
 "descriptions": "Dream trance是早期trance音乐的一个亚流派，在1995年至1998年期间，在国际舞坛上大放光彩（与trance音乐第一次进入主流的时间相撞）。众所周知，\"dream \"一词在很大程度上也影响了House音乐，因此该亚流派在某些场合也被称为dream house或dream dance。",
 "originalName": "",
 "startTimeText": "Early 1990s",
 "startAddress": "Italy",
 "searchStyle": "Trance",
 "styleCategory": "Trance",
 "originalStyle": "House, trance",
 "affectStyle": "",
 "deriveStyle": "Progressive house",
 "representArtist": "",
 "officialUrl": "https://en.wikipedia.org/wiki/Dream_trance",
 "typeId": 13,
 "typeName": "风格",
 "dataId": 167,
 "url": "http://dropinapp.hearinmusic.com/#/ency?typeId=13&dataId=167"
}