{
 "pageNum": 1,
 "pageSize": 10,
 "params": {},
 "relationChannel": "[{\"id\":1268,\"parentId\":8,\"name\":\"Drill 'n‘ Bass\"}]",
 "content": "<div>\n<div class=\"document\">\n<p class=\"paragraph text-align-type-left pap-line-1.8 pap-line-rule-auto pap-spacing-before-2pt pap-spacing-after-2pt\">Drill 'n' Bass（也称为 fungle 或 spunk jazz）是 1990 年代中期随着 IDM 艺术家开始尝试Drum and Bass、Breakbeat和Jungle音乐元素而发展起来的电子音乐子流派。 Drill 'n' Bass艺术家们利用强大的音频软件程序并部署疯狂的、不规则的节拍，且这些节拍往往不适宜跳舞。 这种风格通常被解释为与激发它的舞蹈音乐风格有轻微的模仿关系。</p>\n<p class=\"paragraph text-align-type-left pap-line-1.8 pap-line-rule-auto pap-spacing-before-2pt pap-spacing-after-2pt\">&nbsp;</p>\n<p class=\"paragraph text-align-type-left pap-line-1.8 pap-line-rule-auto pap-spacing-before-2pt pap-spacing-after-2pt\"><strong>历史</strong></p>\n<p class=\"paragraph text-align-type-left pap-line-1.8 pap-line-rule-auto pap-spacing-before-2pt pap-spacing-after-2pt\">早期在drill 'n' bass方面做出尝试的人有Luke Vibert, Aphex Twin和Squarepusher，这种风格是由Vibert在他1995年的EPs下的以Plug这个名称首创的。其他开创性的发行曲包括1995年Aphex Twin的Hangable Auto Bulb EP和同年Squarepusher的Conumber E:P EP，到20世纪90年代末，它却基本消失在视野中。后来Kid606等艺术家借鉴了这种风格，对IDM衍生出的breakcore的发展有帮助， 比jungle音乐更认真、更疯狂。</p>\n<p class=\"paragraph text-align-type-left pap-line-1.8 pap-line-rule-auto pap-spacing-before-2pt pap-spacing-after-2pt\">&nbsp;</p>\n<p class=\"paragraph text-align-type-left pap-line-1.8 pap-line-rule-auto pap-spacing-before-2pt pap-spacing-after-2pt\">&nbsp;</p>\n</div>\n</div>",
 "contentEn": "<div>\n<div class=\"document\">\n<p class=\"paragraph text-align-type-left pap-line-1.8 pap-line-rule-auto pap-spacing-before-2pt pap-spacing-after-2pt\">Drill 'n' bass (also known as fungle or spunk jazz) is a subgenre of electronic music which developed in the mid-1990s as IDM artists began experimenting with elements of drum and bass, breakbeat, and jungle music. Artists utilized powerful audio software programs and deployed frenzied, irregular beats that often discouraged dancing. The style was often interpreted as having a lightly parodic relationship with the dance styles that inspired it.</p>\n<p class=\"paragraph text-align-type-left pap-line-1.8 pap-line-rule-auto pap-spacing-before-2pt pap-spacing-after-2pt\">&nbsp;</p>\n<div>\n<div class=\"document\">\n<p class=\"paragraph text-align-type-left pap-line-1.8 pap-line-rule-auto pap-spacing-before-2pt pap-spacing-after-2pt\">History</p>\n<p class=\"paragraph text-align-type-left pap-line-1.8 pap-line-rule-auto pap-spacing-before-2pt pap-spacing-after-2pt\">Early exponents of drill 'n' bass included Luke Vibert, Aphex Twin, and Squarepusher. The style was pioneered by Vibert on his 1995 EPs under the name Plug.Other pioneering releases included Aphex Twin's Hangable Auto Bulb EP (1995) and Squarepusher's Conumber E:P EP (1995). By the end of the 1990s, it had largely dissipated. Subsequent artists such as Kid606 drew on the style.It would help produce the IDM spin-off genre breakcore, which took a more earnest and frenetic approach to the jungle sound.</p>\n</div>\n</div>\n</div>\n</div>",
 "remarks": "词条汉字内容由 @多频百科团队 翻译+编辑\n原文译自 https://en.wikipedia.org/wiki/Drill_'n'_bass",
 "remarksEn": "本词条内容来自 https://en.wikipedia.org/wiki/Drill_'n'_bass",
 "status": 1,
 "clickNum": 18,
 "deleted": 0,
 "lang": 0,
 "chooseLang": true,
 "id": 232,
 "name": "Drill 'n‘ Bass",
 "descriptions": "Drill 'n' Bass（也称为 fungle 或 spunk jazz）是 1990 年代中期随着 IDM 艺术家开始尝试Drum and Bass、Breakbeat和Jungle音乐元素而发展起来的电子音乐子流派。 Drill 'n' Bass艺术家们利用强大的音频软件程序并部署疯狂的、不规则的节拍，且这些节拍往往不适宜跳舞。 这种风格通常被解释为与激发它的舞蹈音乐风格有轻微的模仿关系。",
 "originalName": "",
 "startTimeText": "Mid-1990s",
 "startAddress": "United Kingdom",
 "searchStyle": "Intelligent Dance Music",
 "styleCategory": "Intelligent Dance Music",
 "originalStyle": "IDM, drum and bass, breakbeat, jungle, techno",
 "affectStyle": "Breakcore",
 "deriveStyle": "",
 "representArtist": "",
 "officialUrl": "https://en.wikipedia.org/wiki/Drill_'n'_bass",
 "typeId": 13,
 "typeName": "风格",
 "dataId": 232,
 "url": "http://dropinapp.hearinmusic.com/#/ency?typeId=13&dataId=232"
}