{
 "pageNum": 1,
 "pageSize": 10,
 "params": {},
 "relationChannel": "[{\"id\":1272,\"parentId\":8,\"name\":\"Drone\"}]",
 "content": "<div>\n<div class=\"document\">\n<p class=\"paragraph text-align-type-left pap-line-1.8 pap-line-rule-auto pap-spacing-before-2pt pap-spacing-after-2pt\">Drone music（Drone-based Music，Drone），是一种极简主义的音乐风格，它强调使用持续的声音、音符或音调集群 - 称为drones。它的典型特征是冗长的音频编排，每首曲子的谐波变化相对较小。La Monte Young是该风格于1960 年代创始的代表人物之一，他在 2000 年将其定义为&ldquo;极简主义的持续音调分支&rdquo;。</p>\n<p class=\"paragraph text-align-type-left pap-line-1.8 pap-line-rule-auto pap-spacing-before-2pt pap-spacing-after-2pt\">&nbsp;</p>\n<p class=\"paragraph text-align-type-left pap-line-1.8 pap-line-rule-auto pap-spacing-before-2pt pap-spacing-after-2pt\"><strong>概述</strong></p>\n<div>\n<div class=\"document\">\n<p class=\"paragraph text-align-type-left pap-line-1.8 pap-line-rule-auto pap-spacing-before-2pt pap-spacing-after-2pt\">在世界上很多地方都可以找到含有嗡嗡声的音乐，这种音乐有节奏地静止或非常缓慢，被称为&ldquo;drone music&rdquo;，包括传统风笛（包括苏格兰风笛）、澳大利亚的迪吉里杜管音乐、南印度古典卡纳蒂克音乐和印度斯坦古典音乐(两者都几乎总是伴随着坦普拉，一种弹拨的四弦乐器，只能演奏低音);在日本雅乐古典传统中发现的持续的音调;可能(有争议)在中世纪晚期欧洲的前复调风琴声乐中;以及拜占庭圣歌的ison(或无人歌唱，在15世纪后证实)。重复的音调，被认为是模仿风笛，在各种流派和音乐形式中都有发现。</p>\n<p class=\"paragraph text-align-type-left pap-line-1.8 pap-line-rule-auto pap-spacing-before-2pt pap-spacing-after-2pt\">&nbsp;</p>\n<p class=\"paragraph text-align-type-left pap-line-1.8 pap-line-rule-auto pap-spacing-before-2pt pap-spacing-after-2pt\">现代音乐流派也被称为drone music(一些书籍、唱片公司和商店称其为&ldquo;dronology&rdquo;，以区别于ethnic drone-based music)，通常用于那些与地下音乐、后摇滚或实验音乐流派联系紧密的艺术家。drone music也能融入found sound, minimalist music, dark ambient, drone doom/drone metal, and noise music这些音乐流派。</p>\n<p class=\"paragraph text-align-type-left pap-line-1.8 pap-line-rule-auto pap-spacing-before-2pt pap-spacing-after-2pt\">&nbsp;</p>\n<p class=\"paragraph text-align-type-left pap-line-1.8 pap-line-rule-auto pap-spacing-before-2pt pap-spacing-after-2pt\">Pitchfork Media和Allmusic记者Mark Richardson这样定义它:&ldquo;当对固定音调的迷恋达到临界点时，由资深音乐人Phill Niblock，尤其是La Monte Young创造的消失点音乐就会发生。音色被降低到一个单一的清晰的乐器或正弦波，寂静完全消失，而小簇&ldquo;纯&rdquo;音之间的基本水平的相互作用成为音乐的内容。&rdquo;音色被简化为一种清晰的乐器或正弦波，寂静完全消失，小群&ldquo;纯&rdquo;音色之间的基本互动成为音乐的内容。这类工作采用了通常帮助我们区分&ldquo;音乐&rdquo;和&ldquo;声音&rdquo;的方法，&ldquo;抛弃了几乎所有的内容，然后从头开始。&rdquo;</p>\n</div>\n</div>\n<p class=\"paragraph text-align-type-left pap-line-1.8 pap-line-rule-auto pap-spacing-before-2pt pap-spacing-after-2pt\">&nbsp;</p>\n<div>\n<div class=\"document\">\n<p class=\"paragraph text-align-type-left pap-line-1.8 pap-line-rule-auto pap-spacing-before-2pt pap-spacing-after-2pt\"><strong>La Monte Young和the Theatre of Eternal Music</strong></p>\n<p class=\"paragraph text-align-type-left pap-line-1.8 pap-line-rule-auto pap-spacing-before-2pt pap-spacing-after-2pt\">作曲家 La Monte Young（生于 1935 年）是Drone Music领域的重要人物。他形容自己从小就对嗡嗡声着迷，例如&ldquo;风吹的声音&rdquo;、&ldquo;电线杆上降压变压器每秒 60 次的嗡嗡声&rdquo;、印度古典音乐中 tanpura 嗡嗡声和 alap 部分（印度传统乐曲调中没有节奏伴随的引子部分），&ldquo;序列主义的某些静态方面，如交响曲作品 21 的韦伯恩慢乐章&rdquo;，以及日本Gagaku&ldquo;它在诸如 Sho 之类的乐器中具有持续音调&rdquo;。 Young于 1957 年开始为For Brass的中段部分创作包含持续音调的音乐，在 1958 年，他将作品Trio for Strings描述为&ldquo;音乐史上第一部完全由长持续音调和安静组成的作品&rdquo;，着在他于 1962 年创立的永恒音乐剧院而系统的探索Drone Music之前。</p>\n<p class=\"paragraph text-align-type-left pap-line-1.8 pap-line-rule-auto pap-spacing-before-2pt pap-spacing-after-2pt\">&nbsp;</p>\n<p class=\"paragraph text-align-type-left pap-line-1.8 pap-line-rule-auto pap-spacing-before-2pt pap-spacing-after-2pt\">The Theatre of Eternal Music 是一个多媒体表演团体，在其 1960 年代至 1970 年代的鼎盛时期，包括 La Monte Young、Marian Zazeela、Tony Conrad、Angus MacLise、Terry Jennings、John Cale、Billy Name、Jon Hassell、Alex Dea 和其他人，每个人都来自不同的背景（古典作曲和表演、绘画、数学、诗歌、爵士乐等）。 60 年代中期到 70 年代中期，该乐队在纽约的阁楼和画廊世界开始运作，并与激浪派的美学和post-John Cage-continuum相关联，在美国东海岸以及西欧进行了表演。这些表演包括长时间的感官淹没与和声关系的组合，通过Young制定的关于&ldquo;允许的&rdquo;音序和同时性的&ldquo;法则&rdquo;缓慢地从一个转移到另一个，这也许是模仿他，、 Zazeela 和其他人所欣赏敬仰的印度斯坦古典音乐。该组合在其音乐生涯中没有发行任何作品（尽管 Young 和 Zazeela 在 1969 年发行了合作 LP，并且 Young 在 1970 年贡献了随 Aspen Magazine的软盘作品中的一面）。音乐会本身就对艺术界产生了影响，包括 Karlheinz Stockhausen（其 Stimmung 的影响最为显着） 以及其他数十位作曲家基于Drone的极简主义作品，其中许多人进行了平行创新，包括 Young同学 Pauline Oliveros，以及 Eliane Radigue、Charlemagne Palestine、Yoshi Wada、Phill Niblock 和许多其他人。乐队成员约翰&middot;凯尔 (John Cale) 在 1960 年代的摇滚乐中和the Velvet Underground（与词曲作者Lou Reed一起）扩展并推广了这项工作。</p>\n<p class=\"paragraph text-align-type-left pap-line-1.8 pap-line-rule-auto pap-spacing-before-2pt pap-spacing-after-2pt\">&nbsp;</p>\n<p class=\"paragraph text-align-type-left pap-line-1.8 pap-line-rule-auto pap-spacing-before-2pt pap-spacing-after-2pt\">2000 年，La Monte Young 写道：&ldquo;关于这个由我起源的音乐风格，我相信极简主义的持续音调分支，也被称为&lsquo;Drone Music&rsquo;，是一个值得探索的沃土。&rdquo;</p>\n</div>\n</div>\n<p class=\"paragraph text-align-type-left pap-line-1.8 pap-line-rule-auto pap-spacing-before-2pt pap-spacing-after-2pt\">&nbsp;</p>\n<div>\n<div class=\"document\">\n<p class=\"paragraph text-align-type-left pap-line-1.8 pap-line-rule-auto pap-spacing-before-2pt pap-spacing-after-2pt\"><strong>John Cale和the Velvet Underground</strong></p>\n<p class=\"paragraph text-align-type-left pap-line-1.8 pap-line-rule-auto pap-spacing-before-2pt pap-spacing-after-2pt\">The Velvet Underground 于 1966 年发行的第一张 EP 名为 Loop，是成员 John Cale 创作的实验性Drone作品。这在歌曲&ldquo;Heroin&rdquo;中尤为明显，这首歌由Cale塑造的中提琴drone和Reed的双和弦吉他组成。这首歌出现在乐队的第一张专辑 The Velvet Underground &amp; Nico (1967) 中，奠定了Drone音乐作为摇滚音乐的一个流派的基础，与the Theatre of Eternal Music的艺术世界项目非常接近。Cale 于 1968 年离开 Velvet Underground 使之未来发展变得扑朔，而 Reed 则继续演奏原始的内容（有时参考 R&amp;B）， Cale 则开始为 Stooges 1969 年的首张专辑制作demo。而 Cale 的demo最终被 Elektra 拒绝，包括他在曲目&ldquo;We Will Fall&rdquo;中的中提琴drone。同年，Cale 还在 Nico 的 The Marble Index (1969) 的曲目&ldquo;Frozen Warnings&rdquo;中演奏了中提琴。后来，Lou Reed 于 1975 年发行了名为 Metal Machine Music 的多轨电吉他创作的双面黑胶唱片，其中在其中列出&ldquo;Drone cognizance andharmonicabilities vis a vis Lamont Young's Dream Music&ldquo;（原话拼写有误，可译为&ldquo;Drone的认知和和声与 Lamont Young 的 Dream Music 的对比&rdquo;）</p>\n<p class=\"paragraph text-align-type-left pap-line-1.8 pap-line-rule-auto pap-spacing-before-2pt pap-spacing-after-2pt\">&nbsp;</p>\n<div>\n<div class=\"document\">\n<p class=\"paragraph text-align-type-left pap-line-1.8 pap-line-rule-auto pap-spacing-before-2pt pap-spacing-after-2pt\"><strong>Krautrock</strong></p>\n<p class=\"paragraph text-align-type-left pap-line-1.8 pap-line-rule-auto pap-spacing-before-2pt pap-spacing-after-2pt\">在 1960 年代末和 1970 年代初，德国摇滚音乐家 Can、Neu!和Faust 取材于 1960 年代尝试持续和重复的摇滚乐队&mdash;&mdash;例如the Velvet Underground、Pink Floyd 和 Captain Beefheart&mdash;&mdash;以及 Karlheinz Stockhausen 和 La Monte Young 等作曲家。 这些 krautrock 乐队影响了当时的艺术摇滚，随后影响了朋克摇滚和后朋克乐手。The Theatre of Eternal Music的Tony Conrad特别与Faust合作制作了一张双面 LP，其中只包括复杂的小提琴Drone，伴随着单音符低音吉他和一些打击乐。 单音低音线也出现在 Can 的曲目&ldquo;Mother Sky&rdquo;（专辑 Soundtracks，1970 年）和 Die Krupps 的第一张专辑（1979 年）中。</p>\n<p class=\"paragraph text-align-type-left pap-line-1.8 pap-line-rule-auto pap-spacing-before-2pt pap-spacing-after-2pt\">&nbsp;</p>\n<div>\n<div class=\"document\">\n<p class=\"paragraph text-align-type-left pap-line-1.8 pap-line-rule-auto pap-spacing-before-2pt pap-spacing-after-2pt\"><strong>New age, cosmic和ambient music</strong></p>\n<p class=\"paragraph text-align-type-left pap-line-1.8 pap-line-rule-auto pap-spacing-before-2pt pap-spacing-after-2pt\">与 krautrock 带来的摇滚乐冲动几乎同时，在北美和欧洲，一些音乐家试图调和亚洲古典主义、朴素的极简主义和民间音乐的精神与灵性和谐。其中包括The Theatre of Eternal Music成员特里&middot;莱利 (Terry Riley)，比如他 1964 年与 La Monte Young 和 Zazeela 合作的作品&rdquo;In C.&ldquo;，Riley 也成为 Hindustan 古典歌手 Pandit Pran Nath 的弟子。与此同时，当时的krautrock乐队 Tangerine Dream 及其离任的成员 Klaus Schulze 转向了一种更加沉思和和谐的和声音乐，各自于 1972 年 8 月在厂牌 Ohr 上发行了自己的Drone专辑（分别是 Zeit 和 Irrlicht）。在整个 1970 年代，Irv Teibel 发布了他的心理声学&ldquo;Environments&rdquo;系列，其中包括 30 分钟不间断的环境声音和合成音景（&ldquo;Om Chant&rdquo;和&ldquo;Tintinnabulation&rdquo;）。</p>\n<p class=\"paragraph text-align-type-left pap-line-1.8 pap-line-rule-auto pap-spacing-before-2pt pap-spacing-after-2pt\">&nbsp;</p>\n<p class=\"paragraph text-align-type-left pap-line-1.8 pap-line-rule-auto pap-spacing-before-2pt pap-spacing-after-2pt\">与此同时，随着 1970 年代越来越精细的音乐工作室技术诞生，glam/art-rock乐队 Roxy Music 的成员 Brian Eno 提出（部分借鉴了 John Cage 和他的前辈 Erik Satie 在 1910 年代的Furniture Music概念以及极简主义者例如 La Monte Young的观点）Ambient音乐&ldquo;能够适应多种层次的聆听注意力，而无需特别强调一种；它必须既没有明显的存在感又有趣&rdquo;。虽然 Eno 1970 年代后期的Ambient音乐作品不是Drone，但他对 Young 的认可以及他本人对后来的Drone Music的影响使他成为这个链条中不可或缺的一环。</p>\n<p class=\"paragraph text-align-type-left pap-line-1.8 pap-line-rule-auto pap-spacing-before-2pt pap-spacing-after-2pt\">&nbsp;</p>\n<p class=\"paragraph text-align-type-left pap-line-1.8 pap-line-rule-auto pap-spacing-before-2pt pap-spacing-after-2pt\">Klaus Wiese 是藏族颂钵大师；他使用它们创作了一系列涉猎广泛的专辑，制作了令人印象深刻的原声Drone。</p>\n<p class=\"paragraph text-align-type-left pap-line-1.8 pap-line-rule-auto pap-spacing-before-2pt pap-spacing-after-2pt\">&nbsp;</p>\n<div>\n<div class=\"document\">\n<p class=\"paragraph text-align-type-left pap-line-1.8 pap-line-rule-auto pap-spacing-before-2pt pap-spacing-after-2pt\"><strong>Shoegaze 和 indie-drone</strong></p>\n<p class=\"paragraph text-align-type-left pap-line-1.8 pap-line-rule-auto pap-spacing-before-2pt pap-spacing-after-2pt\">Bowery Electric、Cocteau Twins、Coil、My Bloody Valentine、Slowdive、The Jesus and Mary Chain、Ride、Loop（翻唱 Can 的&ldquo;Mother Sky！&rdquo;）、Brian Jonestown Massacre（Methodrone 专辑）和 Spacemen 3 重申了the Velvet Underground 及其前身在使用较大音量和悬停声音方面的影响，而 Sonic Youth 经常使用延长音符以在他们的歌曲中增加更多的Drone元素。</p>\n<p class=\"paragraph text-align-type-left pap-line-1.8 pap-line-rule-auto pap-spacing-before-2pt pap-spacing-after-2pt\">&nbsp;</p>\n<div>\n<div class=\"document\">\n<p class=\"paragraph text-align-type-left pap-line-1.8 pap-line-rule-auto pap-spacing-before-2pt pap-spacing-after-2pt\"><strong>Electronics 和 metal</strong></p>\n<p class=\"paragraph text-align-type-left pap-line-1.8 pap-line-rule-auto pap-spacing-before-2pt pap-spacing-after-2pt\">在 1990 年代末和 2000 年代初，Drone与摇滚、Ambient、Dark Ambient、Electronic、Techno 和New-age音乐糅合在一起。 许多原为Drone Music的创作者，包括 Phill Niblock、Eliane Radigue 和 La Monte Young，仍然很活跃，并继续专门以长而持久的音调工作。 Hototogisu 和 Sunroof! 等即兴演奏者， 则专注于与Drone相关的持续领域。 Sunn O))) 是一支Drone Metal乐队，他们几乎只演奏延音乐曲。与他们同时期的 Boris 和 Merzbow 于 2005 年合作发行了一部名为 Sun Baked Snow Cave 的 62 分钟时长的Drone作品。</p>\n</div>\n</div>\n</div>\n</div>\n</div>\n</div>\n</div>\n</div>\n</div>\n</div>\n</div>\n</div>",
 "contentEn": "<div>\n<div class=\"document\">\n<p class=\"paragraph text-align-type-left pap-line-1.8 pap-line-rule-auto pap-spacing-before-2pt pap-spacing-after-2pt\">Drone music,[2][3] drone-based music,[4] or simply drone, is a minimalist[5] genre that emphasizes the use of sustained sounds,[6] notes, or tone clusters &ndash; called drones. It is typically characterized by lengthy audio programs with relatively slight harmonic variations throughout each piece. La Monte Young, one of its 1960s originators, defined it in 2000 as \"the sustained tone branch of minimalism\".</p>\n<p class=\"paragraph text-align-type-left pap-line-1.8 pap-line-rule-auto pap-spacing-before-2pt pap-spacing-after-2pt\">&nbsp;</p>\n<div>\n<div class=\"document\">\n<p class=\"paragraph text-align-type-left pap-line-1.8 pap-line-rule-auto pap-spacing-before-2pt pap-spacing-after-2pt\">Overview</p>\n<p class=\"paragraph text-align-type-left pap-line-1.8 pap-line-rule-auto pap-spacing-before-2pt pap-spacing-after-2pt\">Music which contains drones and is rhythmically still or very slow, called \"drone music\", can be found in many parts of the world, including bagpipe traditions, among them Scottish pibroch piping; didgeridoo music in Australia, South Indian classical Carnatic music and Hindustani classical music (both of which are accompanied almost invariably by the Tanpura, a plucked, four-string instrument which is only capable of playing a drone); the sustained tones found in the Japanese gagaku classical tradition; possibly (disputed) in pre-polyphonic organum vocal music of late medieval Europe;and the Byzantine chant's ison (or drone-singing, attested after the fifteenth century). Repetition of tones, supposed to be in imitation of bagpipes, is found in a wide variety of genres and musical forms. The modern genre also called drone music (called \"dronology\" by some books, labels and stores, to differentiate it from ethnic drone-based music) is often applied to artists who have allied themselves closely with underground music and the post-rock or experimental music genres.Drone music also fits into the genres of found sound, minimalist music, dark ambient, drone doom/drone metal, and noise music. Pitchfork Media and Allmusic journalist Mark Richardson defined it thus: \"The vanishing-point music created by drone elders Phill Niblock and, especially, La Monte Young is what happens when a fixation on held tones reaches a tipping point. Timbre is reduced to either a single clear instrument or a sine wave, silence disappears completely, and the base-level interaction between small clusters of \"pure\" tone becomes the music's content. This kind of work takes what typically helps us to distinguish \"music\" from \"sound,\" discards nearly all of it, and then starts over again from scratch.\"</p>\n<p class=\"paragraph text-align-type-left pap-line-1.8 pap-line-rule-auto pap-spacing-before-2pt pap-spacing-after-2pt\">&nbsp;</p>\n<div>\n<div class=\"document\">\n<p class=\"paragraph text-align-type-left pap-line-1.8 pap-line-rule-auto pap-spacing-before-2pt pap-spacing-after-2pt\">Composer La Monte Young (born 1935) is an important figure in drone music. He described himself as fascinated from a young age by droning sounds, such as \"the sound of the wind blowing\", the \"60 cycle per second drone [of] step-down transformers on telephone poles\", the tanpura drone and the alap of Indian classical music, \"certain static aspects of serialism, as in the Webern slow movement of the Symphony Opus 21\", and Japanese gagaku \"which has sustained tones in it in the instruments such as the Sho\".[18] Young started writing music incorporating sustained tones in 1957 with the middle section of For Brass,[18] then in 1958 what he describes as \"the first work in the history of music that is completely composed of long sustained tones and silences\"[18] with Trio for Strings, before exploring this drone music within the Theatre of Eternal Music that he founded in 1962.</p>\n<p class=\"paragraph text-align-type-left pap-line-1.8 pap-line-rule-auto pap-spacing-before-2pt pap-spacing-after-2pt\">&nbsp;</p>\n<p class=\"paragraph text-align-type-left pap-line-1.8 pap-line-rule-auto pap-spacing-before-2pt pap-spacing-after-2pt\">The Theatre of Eternal Music is a multi-media performance group who, in its 1960s&ndash;1970s heyday included at various times La Monte Young, Marian Zazeela, Tony Conrad, Angus MacLise, Terry Jennings, John Cale, Billy Name, Jon Hassell, Alex Dea and others, each from various backgrounds (classical composition and performance, painting, mathematics, poetry, jazz, etc.). Operating from the world of lofts and galleries in New York in the mid-sixties to the mid-seventies in particular, and tied to the aesthetics of Fluxus and the post-John Cage-continuum, the group gave performances on the East Coast of the United States as well as in Western Europe. These performances comprised long periods of sensory inundation with combinations of harmonic relationships, which moved slowly from one to the next by means of \"laws\" laid out by Young regarding \"allowable\" sequences and simultaneities, perhaps in imitation of Hindustani classical music which he, Zazeela and the others either studied or at least admired.[19] The group released nothing during their lifetime (although Young and Zazeela issued a collaborative LP in 1969,[20] and Young contributed in 1970 one side of a flexi-disc accompanying Aspen magazine[21]). The concerts themselves were influential on their own upon the art world including Karlheinz Stockhausen (whose Stimmung bears their influence most strikingly)[22][23] and the drone-based minimalist works of dozens of other composers many of whom made parallel innovations including Young classmate Pauline Oliveros, or Eliane Radigue, Charlemagne Palestine, Yoshi Wada, Phill Niblock and many others.[24] Group member John Cale extended and popularized this work in 1960s rock music with the Velvet Underground (along with songwriter Lou Reed).</p>\n<p class=\"paragraph text-align-type-left pap-line-1.8 pap-line-rule-auto pap-spacing-before-2pt pap-spacing-after-2pt\">&nbsp;</p>\n<p class=\"paragraph text-align-type-left pap-line-1.8 pap-line-rule-auto pap-spacing-before-2pt pap-spacing-after-2pt\">In 2000, La Monte Young wrote: \"[About] the style of music that I originated, I believe that the sustained tone branch of minimalism, also known as 'drone music', is a fertile area for exploration.\"</p>\n<p class=\"paragraph text-align-type-left pap-line-1.8 pap-line-rule-auto pap-spacing-before-2pt pap-spacing-after-2pt\">&nbsp;</p>\n<div>\n<div class=\"document\">\n<p class=\"paragraph text-align-type-left pap-line-1.8 pap-line-rule-auto pap-spacing-before-2pt pap-spacing-after-2pt\">The Velvet Underground's first EP release in 1966, entitled Loop, was an experimental drone piece created by member John Cale.[citation needed] This rare release was far removed from the band's usual rock-based music, and its use of drone elements in songs was particularly apparent in the song \"Heroin\", which consisted of Cale's grinding viola drone with Reed's two-chord guitar figure. This song, appearing on the band's first album The Velvet Underground &amp; Nico (1967), laid the foundation for drone music as a rock music genre in close proximity to the art-world project of the Theatre of Eternal Music.[1] Cale's departure from the Velvet Underground in 1968 blurred matters considerably, as Reed continued to play primitive figures (sometimes in reference to R&amp;B), while Cale went on to produce a demo for the Stooges' 1969 debut album, while the Cale demos were ultimately rejected by Elektra, the final mix included his viola drone on the track \"We Will Fall\". That same year Cale also performed viola on Nico's The Marble Index (1969), on the track \"Frozen Warnings\". Later, Lou Reed issued in 1975 a double LP of multi-tracked electric-guitar feedback entitled Metal Machine Music which listed (misspelling included) \"Drone cognizance and harmonic possibilities vis a vis Lamont Young's Dream Music\"[25] among its \"Specifications\".</p>\n<p class=\"paragraph text-align-type-left pap-line-1.8 pap-line-rule-auto pap-spacing-before-2pt pap-spacing-after-2pt\">&nbsp;</p>\n<div>\n<div class=\"document\">\n<p class=\"paragraph text-align-type-left pap-line-1.8 pap-line-rule-auto pap-spacing-before-2pt pap-spacing-after-2pt\">Krautrock</p>\n<p class=\"paragraph text-align-type-left pap-line-1.8 pap-line-rule-auto pap-spacing-before-2pt pap-spacing-after-2pt\">In the late 1960s and early 1970s, German rock musicians such as Can, Neu! and Faust drew from 1960s rock groups that experimented with duration and repetition&mdash;for example the Velvet Underground, Pink Floyd, and Captain Beefheart at his most collagic[26]&mdash;and from composers such as Karlheinz Stockhausen[26] and La Monte Young.[27] These krautrock groups influenced art rock contemporaries in their own day and punk rock and post-punk players subsequently.[28][29] Tony Conrad, of the Theatre of Eternal Music, notably made a collaborative LP with Faust which included nothing but two sides of complex violin drones accompanied by a single note on bass guitar and some percussion. Single-note bass-lines also featured on Can's track \"Mother Sky\" (album Soundtracks, 1970) and the entirety of Die Krupps's first album (1979).</p>\n<p class=\"paragraph text-align-type-left pap-line-1.8 pap-line-rule-auto pap-spacing-before-2pt pap-spacing-after-2pt\">&nbsp;</p>\n<div>\n<div class=\"document\">\n<p class=\"paragraph text-align-type-left pap-line-1.8 pap-line-rule-auto pap-spacing-before-2pt pap-spacing-after-2pt\">New age, cosmic and ambient music</p>\n<p class=\"paragraph text-align-type-left pap-line-1.8 pap-line-rule-auto pap-spacing-before-2pt pap-spacing-after-2pt\">Parallel to krautrock's rockist impulses, across North America and Europe, some musicians sought to reconcile Asian classicalism, austere minimalism and folk music's consonant aspects in the service of spirituality. Among them was Theatre of Eternal Music alumnus Terry Riley, with his 1964 In C.[30][31] Along with La Monte Young and Zazeela, Riley had become a disciple of the Hindustani classical singer Pandit Pran Nath. In parallel, then-Krautrock band Tangerine Dream and its recently departed member Klaus Schulze moved toward a more contemplative and consonant harmonic music, each releasing their own drone music album on the label Ohr in August 1972 (Zeit and Irrlicht, respectively). Throughout the 1970s, Irv Teibel released his psychoacoustic Environments series, which consisted of 30-minute, uninterrupted environmental sound and synthesized soundscapes (\"Om Chant\" and \"Tintinnabulation\").[32]</p>\n<p class=\"paragraph text-align-type-left pap-line-1.8 pap-line-rule-auto pap-spacing-before-2pt pap-spacing-after-2pt\">&nbsp;</p>\n<p class=\"paragraph text-align-type-left pap-line-1.8 pap-line-rule-auto pap-spacing-before-2pt pap-spacing-after-2pt\">Meanwhile, as an increasingly elaborate studio technology was born during the 1970s, Brian Eno, an alumnus of the glam/art-rock band Roxy Music, postulated (drawing in part from John Cage and his antecedent Erik Satie's 1910s concept of furniture music and in part from minimalists such as La Monte Young)[33] that ambient music was \"able to accommodate many levels of listening attention without enforcing one in particular; it must be as ignorable as it is interesting\".[34] While Eno's late 1970s ambient tape-music recordings are not drone music, his acknowledgment of Young (\"the daddy of us all\")[35] and his own influence on later drone music made him an undeniable link in the chain.</p>\n<p class=\"paragraph text-align-type-left pap-line-1.8 pap-line-rule-auto pap-spacing-before-2pt pap-spacing-after-2pt\">&nbsp;</p>\n<p class=\"paragraph text-align-type-left pap-line-1.8 pap-line-rule-auto pap-spacing-before-2pt pap-spacing-after-2pt\">Klaus Wiese was a master of the Tibetan singing bowls; he created an extensive series of album releases using them, making impressive acoustic drones.</p>\n<p class=\"paragraph text-align-type-left pap-line-1.8 pap-line-rule-auto pap-spacing-before-2pt pap-spacing-after-2pt\">&nbsp;</p>\n<div>\n<div class=\"document\">\n<p class=\"paragraph text-align-type-left pap-line-1.8 pap-line-rule-auto pap-spacing-before-2pt pap-spacing-after-2pt\">Shoegaze and indie-drone</p>\n<p class=\"paragraph text-align-type-left pap-line-1.8 pap-line-rule-auto pap-spacing-before-2pt pap-spacing-after-2pt\">Bowery Electric, Cocteau Twins, Coil, My Bloody Valentine, Slowdive, The Jesus and Mary Chain, Ride, Loop (who covered Can's \"Mother Sky!\"), Brian Jonestown Massacre (Methodrone album) and Spacemen 3 (who used a text by Young for the liner notes to their record Dreamweapon: An Evening of Contemporary Sitar Music, a live 45-minute drone piece[36]) reasserted the influence of the Velvet Underground and its antecedents in their use of overwhelming volume and hovering sounds, while Sonic Youth quite often prolong notes to add more droning in their songs.</p>\n<p class=\"paragraph text-align-type-left pap-line-1.8 pap-line-rule-auto pap-spacing-before-2pt pap-spacing-after-2pt\">&nbsp;</p>\n<div>\n<div class=\"document\">\n<p class=\"paragraph text-align-type-left pap-line-1.8 pap-line-rule-auto pap-spacing-before-2pt pap-spacing-after-2pt\">Electronics and metal</p>\n<p class=\"paragraph text-align-type-left pap-line-1.8 pap-line-rule-auto pap-spacing-before-2pt pap-spacing-after-2pt\">In the late 1990s and early 2000s, drone music was intermixed with rock, ambient, dark ambient, electronic, techno[37] and new-age music. Many drone music originators, including Phill Niblock, Eliane Radigue and La Monte Young, are still active and continue to work exclusively in long, sustained tones. Improvisers such as Hototogisu and Sunroof! play nothing but sustained fields which are close to drones. Sunn O))), a drone metal band, almost exclusively plays sustained tone pieces, and their peers Boris and Merzbow released a collaborative 62-minute drone piece called Sun Baked Snow Cave in 2005.</p>\n<p class=\"paragraph text-align-type-left pap-line-1.8 pap-line-rule-auto pap-spacing-before-2pt pap-spacing-after-2pt\">&nbsp;</p>\n<p class=\"paragraph text-align-type-left pap-line-1.8 pap-line-rule-auto pap-spacing-before-2pt pap-spacing-after-2pt\">&nbsp;</p>\n</div>\n</div>\n</div>\n</div>\n</div>\n</div>\n</div>\n</div>\n</div>\n</div>\n</div>\n</div>\n</div>\n</div>\n</div>\n</div>",
 "remarks": "本词条汉字内容由 @多频百科团队 翻译+编辑\n原文译自https://en.wikipedia.org/wiki/Drone_(music)",
 "remarksEn": "本词条内容来自 https://en.wikipedia.org/wiki/Drone_(music)",
 "status": 1,
 "clickNum": 19,
 "deleted": 0,
 "lang": 0,
 "chooseLang": true,
 "id": 240,
 "name": "Drone",
 "descriptions": "Drone music（Drone-based Music，Drone），是一种极简主义的音乐风格，它强调使用持续的声音、音符或音调集群 - 称为drones。它的典型特征是冗长的音频编排，每首曲子的谐波变化相对较小。La Monte Young是该风格于1960 年代创始的代表人物之一，他在 2000 年将其定义为“极简主义的持续音调分支”。",
 "originalName": "",
 "startTimeText": "1960s",
 "startAddress": "United States",
 "searchStyle": "Ambient",
 "styleCategory": "Ambient",
 "originalStyle": "Minimalist, experimental, avant-garde, electronic, Indian classical",
 "affectStyle": "Ambient, dark ambient, post-rock, noise pop, Drone metal",
 "deriveStyle": "",
 "representArtist": "La Monte Young",
 "officialUrl": "https://en.wikipedia.org/wiki/Drone_(music)",
 "typeId": 13,
 "typeName": "风格",
 "dataId": 240,
 "url": "http://dropinapp.hearinmusic.com/#/ency?typeId=13&dataId=240"
}