{
 "pageNum": 1,
 "pageSize": 10,
 "params": {},
 "relationChannel": "[{\"id\":1353,\"parentId\":8,\"name\":\"Dub Poetry\"}]",
 "content": "<div class=\"document\">\n<p class=\"paragraph text-align-type-left pap-line-1.8 pap-line-rule-auto pap-spacing-before-0pt pap-spacing-after-0pt\">Dub Poetry是一种源自西印度地区的诗歌表演形式，由1970年代牙买加金斯顿以及英国伦敦和加拿大多伦多的Dub音乐演变而来，这两个城市都有大量的加勒比移民。Dub Poetry \"一词是由有影响力的Dub艺术家Linton Kwesi Johnson在1976年创造的，并由同样有影响力的艺术家Oku Onoura进一步普及，它由reggae节奏上的口语组成，最初出现在12或6英寸黑胶唱片的背板或 \"version \"面。</p>\n<p class=\"paragraph text-align-type-left pap-line-1.8 pap-line-rule-auto pap-spacing-before-0pt pap-spacing-after-0pt\">&nbsp;</p>\n<p class=\"paragraph text-align-type-left pap-line-1.8 pap-line-rule-auto pap-spacing-before-0pt pap-spacing-after-0pt\"><strong>特征</strong></p>\n<p class=\"paragraph text-align-type-left pap-line-1.8 pap-line-rule-auto pap-spacing-before-0pt pap-spacing-after-0pt\">与同样以使用口语为特色的dee jaying（又称toasting）不同，Dub Poetry的表演通常是有准备的，而不是舞厅dee jay的即兴聊天。在音乐环Dub Poetry通常与乐队一起出现在舞台上，表演专门为每首诗谱写的音乐，而不是简单地在dub plate（或riddims）上面表演，以舞厅的方式。音乐性是建立在Dub Poetry的基础上的，然而，Dub Poetry的表演一般不需要伴奏音乐，以明显的节奏重音和戏剧化的造型姿态进行吟唱式的演讲。有时，dub音乐效果，如回声、混响，会被诗人自发地配音到现场版的诗歌中。许多Dub Poetry还采用呼唤和回应的手段来吸引观众。</p>\n<p class=\"paragraph text-align-type-left pap-line-1.8 pap-line-rule-auto pap-spacing-before-0pt pap-spacing-after-0pt\">&nbsp;</p>\n<p class=\"paragraph text-align-type-left pap-line-1.8 pap-line-rule-auto pap-spacing-before-0pt pap-spacing-after-0pt\"><strong>政治成分</strong></p>\n<p class=\"paragraph text-align-type-left pap-line-1.8 pap-line-rule-auto pap-spacing-before-0pt pap-spacing-after-0pt\">Dub Poetry一直是政治和社会评论的载体，没有舞厅中经常出现的炫耀歌词，偶尔也会出现一些情歌或挽歌，但Dub Poetry主要关注政治和社会正义，通常通过对时事的评论来表达（因此与dancehall 和 \"conscious \"或 \"roots\"reggae music共享这些元素）。</p>\n<p class=\"paragraph text-align-type-left pap-line-1.8 pap-line-rule-auto pap-spacing-before-0pt pap-spacing-after-0pt\">&nbsp;</p>\n<p class=\"paragraph text-align-type-left pap-line-1.8 pap-line-rule-auto pap-spacing-before-0pt pap-spacing-after-0pt\"><strong>著名专辑</strong></p>\n<p class=\"paragraph text-align-type-left pap-line-1.8 pap-line-rule-auto pap-spacing-before-0pt pap-spacing-after-0pt\">Dub poetry已经确立了自己作为黑人流行艺术的主要形式，它的突破是通过Linton Kwesi Johnson（LKJ）1978年在英国发行的开创性专辑《Dread Beat an' Blood》。1979年Oku Onuora的Reflection In Red，是牙买加第一张Dub poetry唱片，随后是Lillian Allen的Revolutionary Tea Party和Benjamin Zephaniah的Rasta，这两张唱片都是1983年制作的，还有许多其他的唱片，从80年代早期开始。</p>\n<p class=\"paragraph text-align-type-left pap-line-1.8 pap-line-rule-auto pap-spacing-before-0pt pap-spacing-after-0pt\">&nbsp;</p>\n<p class=\"paragraph text-align-type-left pap-line-1.8 pap-line-rule-auto pap-spacing-before-0pt pap-spacing-after-0pt\"><strong>地域性</strong></p>\n<p class=\"paragraph text-align-type-left pap-line-1.8 pap-line-rule-auto pap-spacing-before-0pt pap-spacing-after-0pt\"><span style=\"text-decoration: underline;\">多伦多</span></p>\n<p class=\"paragraph text-align-type-left pap-line-1.8 pap-line-rule-auto pap-spacing-before-0pt pap-spacing-after-0pt\">加拿大安大略省多伦多市是Dub poetry第二大集中的地方，在牙买加之前，其次是英国。 Lillian Allen, Afua Cooper, 和Ahdri Zhina Mandiela是加拿大Dub Poetry的奠基人之一。2003年在多伦多成立的 \"The Dub Poets Collective\"，在2004年至2010年期间，共举办了五届Dub Poetry节，其中三届为全国性的，两届为国际性的。</p>\n<p class=\"paragraph text-align-type-left pap-line-1.8 pap-line-rule-auto pap-spacing-before-0pt pap-spacing-after-0pt\">&nbsp;</p>\n<p class=\"paragraph text-align-type-left pap-line-1.8 pap-line-rule-auto pap-spacing-before-0pt pap-spacing-after-0pt\"><span style=\"text-decoration: underline;\">英国</span></p>\n<p class=\"paragraph text-align-type-left pap-line-1.8 pap-line-rule-auto pap-spacing-before-0pt pap-spacing-after-0pt\">LKJ至今仍在英国经营着LKJ唱片公司，这个唱片公司既出版他自己的书籍和音乐，也出版其他音乐家和诗人的作品。</p>\n<p class=\"paragraph text-align-type-left pap-line-1.8 pap-line-rule-auto pap-spacing-before-0pt pap-spacing-after-0pt\">&nbsp;</p>\n<p class=\"paragraph text-align-type-left pap-line-1.8 pap-line-rule-auto pap-spacing-before-0pt pap-spacing-after-0pt\">Benjamin Zephaniah继续在英国出版作品。他写过小说，也写过诗。1989年他被推举为牛津诗歌教授，1999年被推举为英国桂冠诗人，2003年还被授予OBE，但他拒绝了。</p>\n<p class=\"paragraph text-align-type-left pap-line-1.8 pap-line-rule-auto pap-spacing-before-0pt pap-spacing-after-0pt\">&nbsp;</p>\n<p class=\"paragraph text-align-type-left pap-line-1.8 pap-line-rule-auto pap-spacing-before-0pt pap-spacing-after-0pt\">许多Dub Poetry艺术家将自己的作品以书面诗集的形式出版，同时也出版了诗歌与音乐的诗集。</p>\n</div>",
 "remarks": "本词条汉字内容由 @多频百科团队 翻译+编辑\n原文译自 https://en.wikipedia.org/wiki/Dub_poetry",
 "remarksEn": "本词条内容暂未完善仅供参考，多频百科小编正在火速赶来",
 "status": 1,
 "clickNum": 11,
 "deleted": 0,
 "lang": 0,
 "chooseLang": false,
 "id": 334,
 "name": "Dub Poetry",
 "descriptions": "Dub Poetry是一种源自西印度地区的诗歌表演形式，由1970年代牙买加金斯顿以及英国伦敦和加拿大多伦多的Dub音乐演变而来，这两个城市都有大量的加勒比移民。Dub Poetry \"一词是由有影响力的Dub艺术家Linton Kwesi Johnson在1976年创造的，并由同样有影响力的艺术家Oku Onoura进一步普及，它由reggae节奏上的口语组成，最初出现在12或6英寸黑胶唱片的背板或 \"version \"面。",
 "originalName": "",
 "startTimeText": "1970s",
 "startAddress": "Jamaica",
 "searchStyle": "Electronic Reggae",
 "styleCategory": "Dub",
 "originalStyle": "Dub - spoken word",
 "affectStyle": "",
 "deriveStyle": "",
 "representArtist": "Linton Kwesi Johnson",
 "officialUrl": "https://en.wikipedia.org/wiki/Dub_poetry",
 "typeId": 13,
 "typeName": "风格",
 "dataId": 334,
 "url": "http://dropinapp.hearinmusic.com/#/ency?typeId=13&dataId=334"
}