{
 "pageNum": 1,
 "pageSize": 10,
 "params": {},
 "relationChannel": "[{\"id\":1188,\"parentId\":8,\"name\":\"Dub Techno\"}]",
 "content": "<p>Dub Techno是Techno的一个子流派，它的风格结合了dub音乐的元素，包括其制作技术和文化影响。</p>\n<p>&nbsp;</p>\n<p><strong>特征和历史</strong></p>\n<p>20世纪90年代初，制作人Moritz Von Oswald和Mark Ernestus组成了Basic Channel，这对组合定义了Dub Techno。除了使极简主义在电子乐界中变得普遍，他们还加入了dub音乐中经常出现的延迟效果。之后他们成立了厂牌Chain Reaction；虽然仍然发行与Basic Channel创造的同类型的dub元素的techno，比如Monolake的 \"Cyan I\"，但该厂牌也发行没有dub元素的techno，比如Continuous Mode的 \"Direct Out / Direct Drive\"。无论如何，在Chain Reaction之前，Basic Channel作品中出现的被Thump作者Josh Baines形容为 \"冰的融化是一种声音美学 \"的东西仍然存在于该厂牌发行的所有唱片中。</p>\n<p>&nbsp;</p>\n<p>另一个厂牌Rhythm &amp; Sound是由Oswald和Ernestus创立的，与Chain Reaction不同，Rhythm &amp; Sound严格专注于dub reggae和Dub Techno。Rhythm &amp; Sound的作品以代表dub牙买加的声音系统文化，以及dub根基的真实元素为特色。按照贝恩斯的说法，这种类型的Dub Techno是 \"那种被烟熏出来的dub，是一种近似的听觉重现，是令人难以置信的烈性mairjuana 对大脑的影响\"，也是 \"一个令人难忘的、被困扰的、被绊倒的纪念场所\"，\"一切听起来都是半回忆、半存在、半真实的\"。</p>\n<p>&nbsp;</p>\n<p>90年代由Mille Plateaux开创的 \"Clicks and cuts Movement（点击和切割运动）\"，被Baines打上了标签，认为这也是Dub Techno声音的特征；这类风格的唱片专注于制作与Basic Channel他们厂牌录制和发行的相同类型的Dub Techno，只是旋律性更强。随后，Dub Techno被Rod Modell带着他的项目Deepchord带到了美国。</p>\n<p>&nbsp;</p>\n<p><strong>分析</strong></p>\n<p>贝恩斯将Dub Techno与ambient music相提并论，这两种类型的音乐都是故意充当 \"背景音乐 \"的角色，它从不试图冒险进入新的、独特的领域，因为它唯一的目的就是 \"平和、不问世事 \"和 \"深深的舒缓\"。他分析说，Dub Techno风格中最好的曲目都能做到令人惊叹，因为 \"混音中的每一个元素都被赋予了呼吸和空间，相应地，就有了一种有机的感觉\"。</p>\n<p>&nbsp;</p>\n<p><strong>电影中的Dub Techno</strong></p>\n<p>《Kvadrat》是一部关于DJ现实的纪录片，大量采用了Dub Techno的风格。</p>",
 "contentEn": "<p><strong>Dub techno</strong>&nbsp;is a subgenre of&nbsp;techno&nbsp;that combines the style with elements of&nbsp;dub music, including its&nbsp;production&nbsp;techniques and cultural influences.</p>\n<p>&nbsp;</p>\n<h2><span id=\"Characteristics_and_history\" class=\"mw-headline\">Characteristics and history</span></h2>\n<p>In the early 1990s, producers Moritz Von Oswald and Mark Ernestus formed&nbsp;Basic Channel, a duo credited for defining dub techno.<sup id=\"cite_ref-1\" class=\"reference\">[1]</sup><sup id=\"cite_ref-2\" class=\"reference\">[2]</sup>&nbsp;In addition to making the&nbsp;presence of minimalism commonplace in the techno scene, they also incorporated&nbsp;delay&nbsp;effects that were recurrent in&nbsp;dub music.<sup id=\"cite_ref-THUMP_3-0\" class=\"reference\">[3]</sup>&nbsp;They then formed the label&nbsp;Chain Reaction; while still releasing the same type of dub-infused techno that Basic Channel created, such as the track \"Cyan I\" by&nbsp;Monolake, the label also distributed techno without dub elements, such as Continuous Mode's \"Direct Out / Direct Drive\".<sup id=\"cite_ref-THUMP_3-1\" class=\"reference\">[3]</sup>&nbsp;Regardless, what Thump writer Josh Baines described as a \"thawing of ice as a sonic aesthetic\" that was present in Basic Channel's works before Chain Reaction still remained in all recordings issued under the label.<sup id=\"cite_ref-THUMP_3-2\" class=\"reference\">[3]</sup></p>\n<p>&nbsp;</p>\n<p>Another label,&nbsp;Rhythm &amp; Sound, was started by Oswald and Ernestus, and focused strictly on dub reggae and dub techno unlike Chain Reaction. The works of Rhythm &amp; Sound featured representations of the&nbsp;sound system&nbsp;culture of Jamaica, the country where dub was formed, as well as authentic elements of the roots of dub.<sup id=\"cite_ref-THUMP_3-3\" class=\"reference\">[3]</sup>&nbsp;According to Baines, this type of dub techno was \"the kind of smoked out dub that's an approximate aural recreation of the effect that incredibly potent mairjuana [<em>sic</em>] has on the brain\" and \"a haunting, haunted, tripped out site of memorial exploration\" where \"Everything sounds half-remembered, half-there, half-real.\"<sup id=\"cite_ref-THUMP_3-4\" class=\"reference\">[3]</sup></p>\n<p>&nbsp;</p>\n<p>The \"clicks and cuts&nbsp;movement\" in the 1990s formed by&nbsp;Mille Plateaux, is labeled by Baines as also characterizing dub techno's sound; the label's releases focused on making the same type of dub techno that Basic Channel and their imprints recorded and issued, only much more melodic.<sup id=\"cite_ref-THUMP_3-5\" class=\"reference\">[3]</sup>&nbsp;The exposure of dub techno was then brought over to the United States by Rod Modell with his project&nbsp;Deepchord.<sup id=\"cite_ref-THUMP_3-6\" class=\"reference\">[3]</sup></p>\n<h2>&nbsp;</h2>\n<h2><span id=\"Analysis\" class=\"mw-headline\">Analysis</span></h2>\n<p>Baines compared dub techno to&nbsp;ambient music, in that music of both genres acts as \"background music\" on purpose; it never tries to adventure into new and unique territory, because its only purpose is to be \"placid, unquestioning\" and \"deeply soothing.\"<sup id=\"cite_ref-THUMP_3-7\" class=\"reference\">[3]</sup>&nbsp;He analyzed that the best tracks in the dub techno style do what little it does amazingly, in that \"every element in the mix is given breathing space and, accordingly, takes on a sense of the organic.\"<sup id=\"cite_ref-THUMP_3-8\" class=\"reference\">[3]</sup></p>\n<h2>&nbsp;</h2>\n<h2><span id=\"Dub_techno_in_film\" class=\"mw-headline\">Dub techno in film</span></h2>\n<ul>\n<li><em>Kvadrat</em>&nbsp;&mdash; a documentary film about the realities of DJing, extensively featuring&nbsp;dub techno</li>\n</ul>\n<h2>&nbsp;</h2>\n<h2><span id=\"References\" class=\"mw-headline\">References</span></h2>\n<div class=\"reflist\">\n<div class=\"mw-references-wrap\">\n<ol class=\"references\">\n<li id=\"cite_note-1\"><span class=\"mw-cite-backlink\"><strong>^</strong></span>&nbsp;<span class=\"reference-text\"><cite class=\"citation web cs1\">\"The Strange and Frightening World of... Basic Channel\". The Quietus<span class=\"reference-accessdate\">. Retrieved&nbsp;<span class=\"nowrap\">9 August</span>&nbsp;2012</span>.</cite></span></li>\n<li id=\"cite_note-2\"><span class=\"mw-cite-backlink\"><strong>^</strong></span>&nbsp;<span class=\"reference-text\"><cite class=\"citation web cs1\">\"The History of Dub Techno in 17 Minutes\".&nbsp;<em>YouTube</em>. Dub Monitor<span class=\"reference-accessdate\">. Retrieved&nbsp;<span class=\"nowrap\">5 December</span>&nbsp;2020</span>.</cite></span></li>\n<li id=\"cite_note-THUMP-3\"><span class=\"mw-cite-backlink\">^&nbsp;<span class=\"cite-accessibility-label\">Jump up to:</span><sup><em><strong>a</strong></em></sup>&nbsp;<sup><em><strong>b</strong></em></sup>&nbsp;<sup><em><strong>c</strong></em></sup>&nbsp;<sup><em><strong>d</strong></em></sup>&nbsp;<sup><em><strong>e</strong></em></sup>&nbsp;<sup><em><strong>f</strong></em></sup>&nbsp;<sup><em><strong>g</strong></em></sup>&nbsp;<sup><em><strong>h</strong></em></sup>&nbsp;<sup><em><strong>i</strong></em></sup></span>&nbsp;<span class=\"reference-text\">Baines, Josh (October 15, 2015).&nbsp;\"A Bullshitter's Guide to Dub Techno\". THUMP.&nbsp;Vice Media. Retrieved 21 October 2016.</span></li>\n</ol>\n</div>\n</div>",
 "remarks": "本词条汉字内容由 @多频百科团队 翻译+编辑\n原文译自  https://en.wikipedia.org/wiki/Dub_techno",
 "remarksEn": "本词条内容来自  https://en.wikipedia.org/wiki/Dub_techno",
 "status": 1,
 "clickNum": 17,
 "deleted": 0,
 "lang": 0,
 "chooseLang": true,
 "id": 141,
 "name": "Dub Techno",
 "descriptions": "Dub techno是Techno的一个子流派，它的风格结合了dub音乐的元素，包括其制作技术和文化影响。",
 "originalName": "",
 "startTimeText": "Early 1990s",
 "startAddress": "",
 "searchStyle": "Techno",
 "styleCategory": "Techno",
 "originalStyle": "Techno, dub",
 "affectStyle": "",
 "deriveStyle": "",
 "representArtist": "Basic Channel, Mille Plateaux",
 "represetnBrand": "Chain Reaction, Rhythm & Sound",
 "officialUrl": "https://en.wikipedia.org/wiki/Dub_techno",
 "typeId": 13,
 "typeName": "风格",
 "dataId": 141,
 "url": "http://dropinapp.hearinmusic.com/#/ency?typeId=13&dataId=141"
}