{
 "pageNum": 1,
 "pageSize": 10,
 "params": {},
 "relationChannel": "[{\"id\":1465,\"parentId\":8,\"name\":\"Dub Reggae\"}]",
 "content": "<p>&nbsp;</p>\n<p>&nbsp;</p>\n<p>&nbsp;</p>\n<p>&nbsp;</p>",
 "remarks": "本词条内容暂未完善仅供参考，多频百科小编正在火速赶来",
 "remarksEn": "本词条内容暂未完善仅供参考，多频百科小编正在火速赶来",
 "status": 0,
 "clickNum": 2,
 "deleted": 0,
 "lang": 0,
 "chooseLang": false,
 "id": 336,
 "name": "Dub Reggae",
 "descriptions": "\n\r",
 "originalName": "",
 "startTimeText": "",
 "startAddress": "",
 "searchStyle": "",
 "styleCategory": "Dub",
 "originalStyle": "",
 "affectStyle": "dub, reggae, dub reggae, roots reggae, electronic, psy",
 "deriveStyle": "",
 "representArtist": "Groundation, \ndDub, \nLee \"Scratch\" Perry, \nAlpha & Omega, \nDillinger\n\n",
 "officialUrl": "https://www.last.fm/tag/reggae+dub",
 "typeId": 13,
 "typeName": "风格",
 "dataId": 336,
 "url": "http://dropinapp.hearinmusic.com/#/ency?typeId=13&dataId=336"
}