{
 "pageNum": 1,
 "pageSize": 10,
 "params": {},
 "relationChannel": "[{\"id\":1427,\"parentId\":8,\"name\":\"Dubstyle\"}]",
 "content": "<p>Dubstyle是2010年初Hardstyle引入的新的变体，是hardstyle和dubstep的融合风格的名称。Dubstyle倾向于使用反拍Wobble Bassline，并采用hardstyle标志性的Kick，同时将它们与节奏、律动和dubstep节拍结合，并融合其它hardstyle的元素与dubstep节奏，通常是2-step或breakstep节奏。Dubstyle自最初出现后，至2010年代中期并未出现太多演化和发展。</p>\n<div>\n<div class=\"document\">&nbsp;</div>\n</div>",
 "contentEn": "<p>In early 2010, a new variation in hardstyle, named dubstyle&nbsp;was introduced. Dubstyle is the name given to the genre fusion of hardstyle and&nbsp;dubstep. Dubstyle tends to have reversed&nbsp;wobble basslines&nbsp;and takes the kick styling of hardstyle tracks, while combining them with the rhythm, groove and dubstep tempo and effects a fusion of elements of hardstyle with a dubstep rhythm, usually a&nbsp;2-step&nbsp;or a&nbsp;breakstep&nbsp;rhythm.&nbsp;After its initial appearance, dubstyle did not evolve or progress beyond the mid-2010s.</p>",
 "remarks": "本词条汉字内容由 @多频百科团队 翻译+编辑\n原文译自 https://en.wikipedia.org/wiki/Hardstyle#Dubstyle",
 "remarksEn": "本词条内容来自 https://en.wikipedia.org/wiki/Hardstyle#Dubstyle",
 "status": 1,
 "clickNum": 19,
 "deleted": 0,
 "lang": 0,
 "chooseLang": true,
 "id": 186,
 "name": "Dubstyle",
 "descriptions": "Dubstyle是2010年初Hardstyle引入的新的变体，是hardstyle和dubstep的融合风格的名称。Dubstyle倾向于使用反拍Wobble Bassline，并采用hardstyle标志性的Kick，同时将它们与节奏、律动和dubstep节拍结合，并融合其它hardstyle的元素与dubstep节奏，通常是2-step或breakstep节奏。Dubstyle自最初出现后，至2010年代中期并未出现太多演化和发展。\n",
 "originalName": "",
 "startTimeText": "2010",
 "startAddress": "",
 "searchStyle": "Hardstyle",
 "styleCategory": "Hardstyle",
 "originalStyle": "Hardstyle, Dubstep",
 "affectStyle": "",
 "deriveStyle": "",
 "representArtist": "",
 "officialUrl": "https://en.wikipedia.org/wiki/Hardstyle#Dubstyle",
 "typeId": 13,
 "typeName": "风格",
 "dataId": 186,
 "url": "http://dropinapp.hearinmusic.com/#/ency?typeId=13&dataId=186"
}