{
 "pageNum": 1,
 "pageSize": 10,
 "params": {},
 "relationChannel": "[{\"id\":1448,\"parentId\":8,\"name\":\"Dungeon Synth\"}]",
 "content": "<div>\n<div class=\"document\">\n<p class=\"paragraph text-align-type-left pap-line-1.8 pap-line-rule-auto pap-spacing-before-2pt pap-spacing-after-2pt\">Dungeon synth是出现于20世纪80年代末和90年代初的Dark Ambient的一种分支类型，融合了Black Metal（黑金属）和Dark Ambient（暗黑氛围）元素。</p>\n<p class=\"paragraph text-align-type-left pap-line-1.8 pap-line-rule-auto pap-spacing-before-2pt pap-spacing-after-2pt\">&nbsp;</p>\n<p class=\"paragraph text-align-type-left pap-line-1.8 pap-line-rule-auto pap-spacing-before-2pt pap-spacing-after-2pt\"><strong>综述</strong></p>\n<p class=\"paragraph text-align-type-left pap-line-1.8 pap-line-rule-auto pap-spacing-before-2pt pap-spacing-after-2pt\">Dungeon synth 是一种电子音乐流派，融合了Black Metal（黑金属）和Dark Ambient（暗黑氛围）元素。这种风格出现在 1990 年代初期，主要出现在Black Metal场景的艺术家中，例如 Mortiis、Burzum、 Lord Wind 和 Graveland 的 Robert Fudali 、Azaghal 和 Valar 的 Tomi Kalliola， Wongraven 和 Satyricon 的 Sigurd Wongraven、Grausamkeit 的 Andreas Bettinger、Summoning 的 Silenius 和 Protector、Die Verbannten Kinder Evas、Abigor、Pazuzu 和 Grabesmond、Absu 的 Ray Heflin 和 Equitant 等。</p>\n<div>\n<div class=\"document\">\n<p class=\"paragraph text-align-type-left pap-line-1.8 pap-line-rule-auto pap-spacing-before-2pt pap-spacing-after-2pt\">&nbsp;</p>\n<p class=\"paragraph text-align-type-left pap-line-1.8 pap-line-rule-auto pap-spacing-before-2pt pap-spacing-after-2pt\">该流派采用典型的与黑金属相关的美学和主题，包含黑金属典型的tremolo-picking（沉重颤音）、blast-beats和刺耳的尖叫声，并结合在 80、90 年代被常用在black, death 和 heavy metal专辑的前奏、间奏或尾奏的器乐或Ambient音乐。尽管在 1990 年代以后经常与中世纪和幻想主题配对，但一些着名的当代Dungeon synth拒绝高度幻想主题的过度流行。</p>\n<p class=\"paragraph text-align-type-left pap-line-1.8 pap-line-rule-auto pap-spacing-before-2pt pap-spacing-after-2pt\">&nbsp;</p>\n<p class=\"paragraph text-align-type-left pap-line-1.8 pap-line-rule-auto pap-spacing-before-2pt pap-spacing-after-2pt\">Dungeon synth 偶尔被有争议地比作电子游戏音乐，因为在个别例子中存在一些非常普遍的主题重叠，但 Mortiis 和其他艺术家已经否认了电子游戏配乐对Dungeon synth的影响。 Mortiis (H&aring;vard Ellefsen) 是这一流派的主要表演者，这种风格在其早期作品中非常常见，例如 &ldquo;F&oslash;dt til &aring; Herske&rdquo; 和&ldquo;Return to the Era 1&rdquo;时期，主要是&ldquo;Spirit of Rebellion&rdquo;。该流派的其他杰出同时代人包括 Old Tower、Sombre Arcane 和 Galdur；除了发布音乐之外，每个人都曾巡演或定期现场表演。 Mortiis，与 Burzum 一起，通常被认为是这种流派的开创者，并且经常被引用为影响了后世Dungeon synth相关的艺术家们。</p>\n<p class=\"paragraph text-align-type-left pap-line-1.8 pap-line-rule-auto pap-spacing-before-2pt pap-spacing-after-2pt\">&nbsp;</p>\n<p class=\"paragraph text-align-type-left pap-line-1.8 pap-line-rule-auto pap-spacing-before-2pt pap-spacing-after-2pt\">互联网上最早提到&ldquo;Dungeon synth&rdquo;要归功于博主 Andrew Werdna 于 2011 年在他专门介绍该流派的博客中。</p>\n<p class=\"paragraph text-align-type-left pap-line-1.8 pap-line-rule-auto pap-spacing-before-2pt pap-spacing-after-2pt\">&nbsp;</p>\n<div>\n<div class=\"document\">\n<p class=\"paragraph text-align-type-left pap-line-1.8 pap-line-rule-auto pap-spacing-before-2pt pap-spacing-after-2pt\"><strong>起源</strong></p>\n<p class=\"paragraph text-align-type-left pap-line-1.8 pap-line-rule-auto pap-spacing-before-2pt pap-spacing-after-2pt\"><span style=\"text-decoration: underline;\">Proto-Dungeon Synth（早期Dungeon Synth）</span></p>\n<p class=\"paragraph text-align-type-left pap-line-1.8 pap-line-rule-auto pap-spacing-before-2pt pap-spacing-after-2pt\">自从这个术语出现以来，Dungeon Synth的粉丝们有时会发现来自早期Dungeon Synth先驱的不同影响，并且在少数情况下，他们的发现得到了证实。即，Tangerine Dream 和 Klaus Schulze 已被 Mortiis 引用为早期他们所受到的影响，以及 Skinny Puppy 和 Enigma。Varg Vikernes 则表示 Das Ich、Dead Can Dance、Tangerine Dream 和 Tchaikovsky等对自己的音乐影响很大。芬兰Dungeon Synth音乐家 Tuomas M. M&auml;kel&auml; of J&auml;&auml;portit 受到 Dead Can Dance 和 Arcana 的影响。Casket of Dreams的Robert Nusslein（Ritual 的创始成员）列出了Tangerine Dream, Velvet Acid Christ, Dead Can Dance 和 Death in June在他的影响中。</p>\n<p class=\"paragraph text-align-type-left pap-line-1.8 pap-line-rule-auto pap-spacing-before-2pt pap-spacing-after-2pt\">&nbsp;</p>\n<p class=\"paragraph text-align-type-left pap-line-1.8 pap-line-rule-auto pap-spacing-before-2pt pap-spacing-after-2pt\">一些Industrial艺术家经常被称为早期Dungeon Synth艺术家或有对早期Dungeon Synt先驱的影响，包括Nurse with Wound, Death in June, In the Nursery, Cocteau Twins, Throbbing Gristle，以及 1970 年代和 1980 年代的许多其他著名Industrial术家。</p>\n<p class=\"paragraph text-align-type-left pap-line-1.8 pap-line-rule-auto pap-spacing-before-2pt pap-spacing-after-2pt\">&nbsp;</p>\n<div>\n<div class=\"document\">\n<p class=\"paragraph text-align-type-left pap-line-1.8 pap-line-rule-auto pap-spacing-before-2pt pap-spacing-after-2pt\"><span style=\"text-decoration: underline;\">Traditional Heavy Metal（传统重金属）</span></p>\n<p class=\"paragraph text-align-type-left pap-line-1.8 pap-line-rule-auto pap-spacing-before-2pt pap-spacing-after-2pt\">虽然几乎普遍与 1990 年代黑金属专辑的管弦乐、氛围和Ambient前奏、插曲和尾奏相关联，但早期Dungeon Synth也大量穿插在70、80年代的传统重金属和其他极端金属流派的许多共通部分中。例如，Virgin Steele 的曲目&ldquo;Image of a faun at twilight&rdquo; 非常类似于现代的Dungeon Synth。</p>\n<p class=\"paragraph text-align-type-left pap-line-1.8 pap-line-rule-auto pap-spacing-before-2pt pap-spacing-after-2pt\">&nbsp;</p>\n<p class=\"paragraph text-align-type-left pap-line-1.8 pap-line-rule-auto pap-spacing-before-2pt pap-spacing-after-2pt\">在 Rainbow 的专辑 《Long Live Rock 'n' Roll》中的曲目&ldquo;Gates of Babylon&rdquo; 中也可以听到类似的梦幻氛围音乐、管弦乐或新古典音乐。专辑中随后的其它曲目也是非黑金属的重金属曲目，它们以梦幻般的Ambient音乐、管弦乐或新古典音乐为特色，可以说这些音乐影响了后来与Dungeon Synth相关的艺术家。</p>\n<p class=\"paragraph text-align-type-left pap-line-1.8 pap-line-rule-auto pap-spacing-before-2pt pap-spacing-after-2pt\">&nbsp;</p>\n<p class=\"paragraph text-align-type-left pap-line-1.8 pap-line-rule-auto pap-spacing-before-2pt pap-spacing-after-2pt\">虽然在 90 年代的黑金属专辑中不那么流行，但重金属从刚刚起步的日子开始就大量借用了高度幻想的意向和表达。 重金属和高度幻想之间这种不可磨灭的联系最终会导致口语化的绰号&ldquo;Castle Metal&rdquo;（金属城堡）诞生，来描述陷入高级幻想艺术和文学主题的典型流派行为。Mortiis 称它们受到重金属的影响来自 Venom、W.A.S.P.、Angel Witch、Kiss 等，甚至有时参照他们的高度幻想倾向。 Sigurd \"Satyr\" Wongraven 的重金属影响源自 Rainbow、Black Sabbath 和其他一些重金属乐队， Summoning 的成员也对他们早期受到的影响做出了类似的声明。</p>\n<p class=\"paragraph text-align-type-left pap-line-1.8 pap-line-rule-auto pap-spacing-before-2pt pap-spacing-after-2pt\">&nbsp;</p>\n<div>\n<div class=\"document\">\n<p class=\"paragraph text-align-type-left pap-line-1.8 pap-line-rule-auto pap-spacing-before-2pt pap-spacing-after-2pt\"><span style=\"text-decoration: underline;\">Berlin School</span></p>\n<p class=\"paragraph text-align-type-left pap-line-1.8 pap-line-rule-auto pap-spacing-before-2pt pap-spacing-after-2pt\">Dungeon Synth中流行的多种音乐作曲方法通常归功于一些Berlin School的艺术家，通俗也称为&ldquo;Krautrock&rdquo;，尽管这个绰号经常受到与该运动相关的人抵触。Kosmische musik （Cosmic Music，直译作宇宙音乐，一种早期的电子音乐形式）主题主要受太空旅行、未来主义和工业主义而非典型的幻想比喻的启发，但通过规范化&ldquo;beatless&rdquo;音乐的形式而对此后的流派发展做出了贡献，这些音乐随后渗透到industrial音乐和衍生形式，例如 Ambient和New Age，最终影响了早期的Dungeon Synth音乐家（或者可能是 1980 年代的早期Dungeon Synth音乐家）以及他们时为纯粹纯粹Ambient的极简风作品。虽然只是偶尔有主题上的重叠，但Dungeon Synth音乐家不可否认的大量从Berlin School的音乐性和理论中借鉴。无论是有意还是无意。</p>\n<p class=\"paragraph text-align-type-left pap-line-1.8 pap-line-rule-auto pap-spacing-before-2pt pap-spacing-after-2pt\">&nbsp;</p>\n<p class=\"paragraph text-align-type-left pap-line-1.8 pap-line-rule-auto pap-spacing-before-2pt pap-spacing-after-2pt\">在早期版本中可以找到一些&ldquo;面向宇宙&rdquo;的Dungeon Synth和相邻版本的典型例子，尽管这种风格在当代作品中更为普遍。 Mortiis 在他自己的唱片公司 Dark Dungeon Music 上发布了一张 7 英寸的类似音乐单曲，来自他早期的副项目 Fata Morgana。 Fenriz 出版了两张类似音乐的专辑，来自他自己的副项目 Neptune Towers。 Solanum 的作品（Depressive Silence 的一半）在艺术作品、标题和其他勘误表中具有类似的空间主题，尽管没有像 Kosmische Musik 那样明确地组成声音。黑金属音乐家和作曲家 Henri Sorvali 的早期作品也呈现出与 Kosmische Musik 相似的特征，包括 Lunar Womb 的 Astral Grief 和 Planets。</p>\n<p class=\"paragraph text-align-type-left pap-line-1.8 pap-line-rule-auto pap-spacing-before-2pt pap-spacing-after-2pt\">&nbsp;</p>\n<div>\n<div class=\"document\">\n<p class=\"paragraph text-align-type-left pap-line-1.8 pap-line-rule-auto pap-spacing-before-2pt pap-spacing-after-2pt\"><span style=\"text-decoration: underline;\">Cold Meat Industry</span></p>\n<p class=\"paragraph text-align-type-left pap-line-1.8 pap-line-rule-auto pap-spacing-before-2pt pap-spacing-after-2pt\">瑞典独立唱片厂牌 Cold Meat Industry 由 Brighter Death Now 的 Roger Karmanik 创立，在为 1980 年代末和 1990 年代初蓬勃发展的Dark Ambient和Industrial作品提供平台，其中包括许多与Dungeon Synth直接或间接相关的艺术家：Mortiis、Aghast、Arcana、Cintecele Diavolui、Ildfrost 和 raison d'&ecirc;tre。在Cold Meat Industry最活跃的时代，Mortiis 是唯一一个近似于 Dungeon Synth 的艺术家，尽管其他上述艺术家最终都被认为是影响了Dungeon Synth的发展。</p>\n<p class=\"paragraph text-align-type-left pap-line-1.8 pap-line-rule-auto pap-spacing-before-2pt pap-spacing-after-2pt\">&nbsp;</p>\n<p class=\"paragraph text-align-type-left pap-line-1.8 pap-line-rule-auto pap-spacing-before-2pt pap-spacing-after-2pt\">Cold Meat Industry 的国际发行厂牌 Cruel Moon International 也在凝聚早期Dark Ambient和Black Metal艺术家中发挥重要作用，其官方合作艺人包括 Cernunnos Woods、 Proscriptor、和 The Soil Bleeds Black。 这些艺术家后来都出现在由 Cerunnos Woods 创始人 Bard Algol Eriboas 拥有和经营的开创性Dungeon Synth厂牌 Dark Age Productions中。</p>\n<p class=\"paragraph text-align-type-left pap-line-1.8 pap-line-rule-auto pap-spacing-before-2pt pap-spacing-after-2pt\">&nbsp;</p>\n<p class=\"paragraph text-align-type-left pap-line-1.8 pap-line-rule-auto pap-spacing-before-2pt pap-spacing-after-2pt\"><strong>90年代的发展</strong></p>\n<div>\n<div class=\"document\">\n<p class=\"paragraph text-align-type-left pap-line-1.8 pap-line-rule-auto pap-spacing-before-2pt pap-spacing-after-2pt\"><span style=\"text-decoration: underline;\">1990s</span></p>\n<p class=\"paragraph text-align-type-left pap-line-1.8 pap-line-rule-auto pap-spacing-before-2pt pap-spacing-after-2pt\">Dungeon Synth作为一种流派的起源在很大程度上植根于 1990 年代初期，当时发行了一些特定的音乐作品，现在回溯性地称为&ldquo;Dungeon Synth&rdquo;。 其中包括 Jim Kirkwood 于 1990 年发行的&ldquo;Where Shadows Lie&rdquo;，随后是 1991 年发行的&ldquo;Master of Dragons&rdquo;。在此期间，Mortiis 仍然是 Emperor（挪威黑金属乐队）的成员，尚未发布任何独立作品。 1992 年，Kirkwood 又发行了两个盒式磁带，至此一个新的名字进入正典：来自乐队 Idljarn 的 Vidar V&aring;er （也是前乐队 Thou Shalt Suffer 成员（也与 Emperor 有关）和他 1992 年的黑金属/Dungeon Synth Demo磁带&ldquo;Unknown Truths&rdquo;。1992 年 3 月，大约在His Murder，Euronymous 通过他的唱片公司 Deathlike Silence Productions 发行Burzum同名首张专辑的一年半前，标志着第二次黑金属浪潮中的杰出艺人首次发行将黑色金属与Ambient、合成器驱动和工业风格氛围的作品结合在同一唱片上发行。有趣的是，这也是&ldquo;Dungeon（地牢）&rdquo;一词在正式记录中首次出现，成为日后Proto-Dungeon Synth说法的来源。</p>\n<p class=\"paragraph text-align-type-left pap-line-1.8 pap-line-rule-auto pap-spacing-before-2pt pap-spacing-after-2pt\">&nbsp;</p>\n<p class=\"paragraph text-align-type-left pap-line-1.8 pap-line-rule-auto pap-spacing-before-2pt pap-spacing-after-2pt\"><span style=\"text-decoration: underline;\">1993</span></p>\n<p class=\"paragraph text-align-type-left pap-line-1.8 pap-line-rule-auto pap-spacing-before-2pt pap-spacing-after-2pt\">到 1993 年，随着 Mortiis 的&ldquo;Era 1&rdquo;材料的出现，Dungeon Synth作为一种与传统黑金属乐器分离的黑金属风格将变得明显。 Ellefsen 在离开Emperor之后购买了Roland键盘并创作了第一个Mortiis Demo：The Song Of A Long Forgotten Ghost。这个Demo作品的时长几乎达到一小时，标志着黑金属音乐家第一次发布一张&ldquo;看起来&rdquo;像典型的黑金属Demo Tape但内容全为器乐和非传统黑金属元素的作品。</p>\n<p class=\"paragraph text-align-type-left pap-line-1.8 pap-line-rule-auto pap-spacing-before-2pt pap-spacing-after-2pt\">&nbsp;</p>\n<p class=\"paragraph text-align-type-left pap-line-1.8 pap-line-rule-auto pap-spacing-before-2pt pap-spacing-after-2pt\">该Demo作品的第一版由 Ellefsen 自行发布在一个不知名的磁带系列中传播；而第二个版本则是 Ellefsen 第一次使用&ldquo;Dark Dungeon Music（黑暗地牢音乐）&rdquo;来指代这种新兴的黑暗Ambient音乐风格。</p>\n<p class=\"paragraph text-align-type-left pap-line-1.8 pap-line-rule-auto pap-spacing-before-2pt pap-spacing-after-2pt\">&nbsp;</p>\n<p class=\"paragraph text-align-type-left pap-line-1.8 pap-line-rule-auto pap-spacing-before-2pt pap-spacing-after-2pt\">同样在 1993 年，值得一提的是短暂存在的丹麦项目 Dark Funeral（不要与瑞典同名乐队混淆）。这个项目偶尔会与 Mortiis 的早期工作相关联，作为新生Dungeon Synth的另一个例子，但该项目在发布两个Demo后就很快中止了。</p>\n<p class=\"paragraph text-align-type-left pap-line-1.8 pap-line-rule-auto pap-spacing-before-2pt pap-spacing-after-2pt\">&nbsp;</p>\n<p class=\"paragraph text-align-type-left pap-line-1.8 pap-line-rule-auto pap-spacing-before-2pt pap-spacing-after-2pt\">再次，在 1993 年，Jim Kirkwood出版了另外两个作品，这些作品后来被认为影响了早期Dungeon Synth音乐：分别是 Through A Dark Glass 和 Tower of Darkness。虽然这两首作品都只能勉强被称为Dungeon Synth，但考虑到Berlin School对Dungeon Synth的普遍影响，Kirkwood的整体影响是不可磨灭的。</p>\n<p class=\"paragraph text-align-type-left pap-line-1.8 pap-line-rule-auto pap-spacing-before-2pt pap-spacing-after-2pt\">&nbsp;</p>\n<p class=\"paragraph text-align-type-left pap-line-1.8 pap-line-rule-auto pap-spacing-before-2pt pap-spacing-after-2pt\"><span style=\"text-decoration: underline;\">1994</span></p>\n<p class=\"paragraph text-align-type-left pap-line-1.8 pap-line-rule-auto pap-spacing-before-2pt pap-spacing-after-2pt\">1994 年出版了几张专辑、EP 和Demo，现在被认为是Dungeon Synth中的精品；特别值得一提的是开创性的作品 F&oslash;dt til &aring; Herske 和 Pazuzu 的 ...And All Was Silent，独立发行的 The Soil Bleeds Black 的Demo，Cernunnos Woods 的《Tears of the Weeping Willow 》和《Lost Woods》，以及其他一些作品，包括 Lamentation、Black Wailing、Erevos、Equitant、Asmorod、Landscape 和 Wintergods。</p>\n</div>\n</div>\n</div>\n</div>\n</div>\n</div>\n</div>\n</div>\n</div>\n</div>\n</div>\n</div>\n<p class=\"paragraph text-align-type-left pap-line-1.8 pap-line-rule-auto pap-spacing-before-2pt pap-spacing-after-2pt\">&nbsp;</p>\n<p class=\"paragraph text-align-type-left pap-line-1.8 pap-line-rule-auto pap-spacing-before-2pt pap-spacing-after-2pt\">&nbsp;</p>\n<div>\n<div class=\"document\">\n<p class=\"paragraph text-align-type-left pap-line-1.8 pap-line-rule-auto pap-spacing-before-2pt pap-spacing-after-2pt\">&nbsp;</p>\n</div>\n</div>\n</div>\n</div>\n<p>&nbsp;</p>",
 "contentEn": "<div>\n<div class=\"document\">\n<p class=\"paragraph text-align-type-left pap-line-1.8 pap-line-rule-auto pap-spacing-before-2pt pap-spacing-after-2pt\">Dungeon synth is a subgenre of dark ambient music that emerged in the late 1980s and early 1990s. The genre employs aesthetics and themes typically associated with black metal and applies it to dreamier ambient songs. The use of dark soundscapes suggests medieval or fantasy motifs, often with a nocturnal aesthetic. The style is often compared to video game music, as it is occasionally applied in those settings.</p>\n<p class=\"paragraph text-align-type-left pap-line-1.8 pap-line-rule-auto pap-spacing-before-2pt pap-spacing-after-2pt\">&nbsp;</p>\n<div>\n<div class=\"document\">\n<p class=\"paragraph text-align-type-left pap-line-1.8 pap-line-rule-auto pap-spacing-before-2pt pap-spacing-after-2pt\">Dungeon synth is an electronic music genre that merges elements of black metal[1][2][3][4][5] and dark ambient.[6][7] The style emerged in the early 1990s, predominantly among members of the black metal scene, such as Mortiis,[8][9] Burzum,[10] Robert Fudali of Lord Wind[11] and Graveland, Tomi Kalliola of Azaghal and Valar, Sigurd Wongraven of Wongraven and Satyricon, Andreas Bettinger of Grausamkeit, Silenius and Protector of Summoning, Die Verbannten Kinder Evas, Abigor, Pazuzu, and Grabesmond, Ray Heflin of Absu, and Equitant, among others.</p>\n<p class=\"paragraph text-align-type-left pap-line-1.8 pap-line-rule-auto pap-spacing-before-2pt pap-spacing-after-2pt\">&nbsp;</p>\n<p class=\"paragraph text-align-type-left pap-line-1.8 pap-line-rule-auto pap-spacing-before-2pt pap-spacing-after-2pt\">The genre employs aesthetics and themes typically associated with black metal[1][12][13] juxtaposed to the typical heavy tremolo-picking, blast-beats, and harsh, shrieked vocals of black metal by way of compositions of instrumental or ambient music commonly used as introductions, interludes, or \"outros\" in black metal, death metal, and heavy metal albums throughout the 1980s and 1990s. Though often paired with medieval and fantasy motifs throughout the 1990s onward, some prominent contemporaries of dungeon synth reject the excessive prevalence of high-fantasy themes.[14] Dungeon synth is occasionally contentiously likened to video game music,[15][16][17][18] as some very general thematic overlap may exist in sparse examples of each, but Mortiis[19] and others[20][21] have rejected the influence of video game soundtracks on dungeon synth. Mortiis (H&aring;vard Ellefsen) is a major performer of this genre and the style is heavily prevalent in early releases such as F&oslash;dt til &aring; Herske[22] and later releases from the return to the \"Era I\" sound, chiefly Spirit of Rebellion.[23] Other prominent contemporaries of the genre include Old Tower, Sombre Arcane, and Galdur; each having toured or regularly performed live[24][25][26] on top of publishing music. Mortiis, alongside Burzum, is normally cited as the de facto progenitor of the genre proper, and each is regularly cited as having influenced later acts associated with dungeon synth.[27][28][29][30][31][32][33][34][35]</p>\n<p class=\"paragraph text-align-type-left pap-line-1.8 pap-line-rule-auto pap-spacing-before-2pt pap-spacing-after-2pt\">&nbsp;</p>\n<p class=\"paragraph text-align-type-left pap-line-1.8 pap-line-rule-auto pap-spacing-before-2pt pap-spacing-after-2pt\">The earliest mention of \"dungeon synth\" on the internet has been attributed to blogger Andrew Werdna in 2011, in his blog dedicated to the genre.</p>\n<p class=\"paragraph text-align-type-left pap-line-1.8 pap-line-rule-auto pap-spacing-before-2pt pap-spacing-after-2pt\">&nbsp;</p>\n<div>\n<div class=\"document\">\n<p class=\"paragraph text-align-type-left pap-line-1.8 pap-line-rule-auto pap-spacing-before-2pt pap-spacing-after-2pt\">Origins</p>\n<p class=\"paragraph text-align-type-left pap-line-1.8 pap-line-rule-auto pap-spacing-before-2pt pap-spacing-after-2pt\">Proto-Dungeon Synth</p>\n<p class=\"paragraph text-align-type-left pap-line-1.8 pap-line-rule-auto pap-spacing-before-2pt pap-spacing-after-2pt\">Since the coining of the term, dungeon synth fans have on occasion identified disparate influences on early dungeon synth pioneers and on the rare occasion, have had their suspicions corroborated. Namely, Tangerine Dream and Klaus Schulze have been cited by Mortiis as early influences,[9] as well as Skinny Puppy and Enigma.[37] Varg Vikernes has cited Das Ich, Dead Can Dance, Tangerine Dream, and Tchaikovsky among his own influences.[38][39][40][41] Finnish dungeon synth musician Tuomas M. M&auml;kel&auml; of J&auml;&auml;portit[42] has cited Dead Can Dance and Arcana among their influences. Robert Nusslein (founding member of Ritual) of Casket of Dreams has listed Tangerine Dream, Velvet Acid Christ, Dead Can Dance, and Death in June among his influences.[43]</p>\n<p class=\"paragraph text-align-type-left pap-line-1.8 pap-line-rule-auto pap-spacing-before-2pt pap-spacing-after-2pt\">&nbsp;</p>\n<p class=\"paragraph text-align-type-left pap-line-1.8 pap-line-rule-auto pap-spacing-before-2pt pap-spacing-after-2pt\">Several Industrial artists are often invoked as proto-dungeon synth artists or influences on early dungeon synth pioneers including Nurse with Wound, Death in June, In the Nursery, Cocteau Twins, Throbbing Gristle, and many other prominent industrial artists of the 1970s and 1980s.</p>\n<p class=\"paragraph text-align-type-left pap-line-1.8 pap-line-rule-auto pap-spacing-before-2pt pap-spacing-after-2pt\">&nbsp;</p>\n<div>\n<div class=\"document\">\n<p class=\"paragraph text-align-type-left pap-line-1.8 pap-line-rule-auto pap-spacing-before-2pt pap-spacing-after-2pt\">Traditional Heavy Metal</p>\n<p class=\"paragraph text-align-type-left pap-line-1.8 pap-line-rule-auto pap-spacing-before-2pt pap-spacing-after-2pt\">Though almost universally associated with the orchestral, atmospheric, and ambient intros, interludes, and outros of 1990s black metal albums, proto-dungeon synth can also be found heavily interspersed in many of the same sections of traditional heavy metal and other extreme metal genres of the 1970s and 1980s. For example, Virgin Steele's track \"Image of a faun at twilight\" [44] closely resembles modern examples of dungeon synth.</p>\n<p class=\"paragraph text-align-type-left pap-line-1.8 pap-line-rule-auto pap-spacing-before-2pt pap-spacing-after-2pt\">&nbsp;</p>\n<p class=\"paragraph text-align-type-left pap-line-1.8 pap-line-rule-auto pap-spacing-before-2pt pap-spacing-after-2pt\">Similar instances of fantastical ambient, orchestral, or neoclassical music can also be heard in Rainbow's \"Gates of Babylon\"[45] from Long Live Rock 'n' Roll.[46] Each of the following tracks are also examples of non-black metal heavy metal tracks which feature fantastical ambient, orchestral, or neoclassical music that could, arguably, be said to either influence artists later associated with dungeon synth.</p>\n<p class=\"paragraph text-align-type-left pap-line-1.8 pap-line-rule-auto pap-spacing-before-2pt pap-spacing-after-2pt\">&nbsp;</p>\n<p class=\"paragraph text-align-type-left pap-line-1.8 pap-line-rule-auto pap-spacing-before-2pt pap-spacing-after-2pt\">While less prevalent in the black metal albums of the nineties, heavy metal has borrowed heavily from high-fantasy imagery and motifs since its fledgling days.[47] This indelible link between heavy metal and high fantasy would eventually lead to the colloquial moniker \"castle metal\" to describe acts of the genre that are mired in the motifs typical of high fantasy art and literature.[48] Mortiis has cited Venom, W.A.S.P., Angel Witch, Kiss, and others among his own heavy metal influences, even citing their high-fantasy leanings on occasion.[49][50][51][52] Sigurd \"Satyr\" Wongraven has cited Rainbow, Black Sabbath, and other heavy metal bands among his own influences,[53] and the members of Summoning have made similar claims regarding their earliest influences.</p>\n<p class=\"paragraph text-align-type-left pap-line-1.8 pap-line-rule-auto pap-spacing-before-2pt pap-spacing-after-2pt\">&nbsp;</p>\n<div>\n<div class=\"document\">\n<p class=\"paragraph text-align-type-left pap-line-1.8 pap-line-rule-auto pap-spacing-before-2pt pap-spacing-after-2pt\">Berlin School</p>\n<p class=\"paragraph text-align-type-left pap-line-1.8 pap-line-rule-auto pap-spacing-before-2pt pap-spacing-after-2pt\">Various musical methods of composition prevalent in dungeon synth are often attributed to artists from the Berlin School, colloquially dubbed \"Krautrock\",[55] though the moniker has been regularly rejected by those associated with the movement. Kosmische musik themes were largely inspired by space travel, futurism, and industrialism[56] rather than typical fantasy tropes, but contributed to subsequent genres by way of normalizing \"beatless\"[57] music which would permeate industrial music and derivative forms such as Ambient and New Age, eventually influencing earlier dungeon synth musicians (or perhaps proto-dungeon synth musicians from the 1980s) and their minimal compositions which were occasionally purely ambient. While only occasionally sharing thematic overlap, dungeon synth musicians would indelibly borrow significantly from the Berlin School by way of musicology and theory; whether intentional or not.</p>\n<p class=\"paragraph text-align-type-left pap-line-1.8 pap-line-rule-auto pap-spacing-before-2pt pap-spacing-after-2pt\">&nbsp;</p>\n<p class=\"paragraph text-align-type-left pap-line-1.8 pap-line-rule-auto pap-spacing-before-2pt pap-spacing-after-2pt\">A few typical examples of \"cosmic-oriented\" dungeon synth and adjacent releases can be found in early releases, though the style is more prevalent in contemporary works. Mortiis published a seven-inch single of comparable music on his own record label Dark Dungeon Music from his early side-project Fata Morgana. Fenriz published two albums of similar music from his own side-project Neptune Towers. The works of Solanum (one half of Depressive Silence) bear comparable themes of space in the artwork, titles, and other errata, though are not as explicitly composed with sounds reminiscent of Kosmische Musik. The early works of black metal musician and composer Henri Sorvali also present similar characteristics which could be associated to Kosmische Musik, including Lunar Womb's Astral Grief and Planets.</p>\n</div>\n</div>\n</div>\n</div>\n<p class=\"paragraph text-align-type-left pap-line-1.8 pap-line-rule-auto pap-spacing-before-2pt pap-spacing-after-2pt\">&nbsp;</p>\n</div>\n</div>\n</div>\n</div>\n<p class=\"paragraph text-align-type-left pap-line-1.8 pap-line-rule-auto pap-spacing-before-2pt pap-spacing-after-2pt\">&nbsp;</p>\n<div>\n<div class=\"document\">\n<p class=\"paragraph text-align-type-left pap-line-1.8 pap-line-rule-auto pap-spacing-before-2pt pap-spacing-after-2pt\">Industrial And Derivative Forms</p>\n<p class=\"paragraph text-align-type-left pap-line-1.8 pap-line-rule-auto pap-spacing-before-2pt pap-spacing-after-2pt\">Cold Meat Industry</p>\n<p class=\"paragraph text-align-type-left pap-line-1.8 pap-line-rule-auto pap-spacing-before-2pt pap-spacing-after-2pt\">The Swedish independent record label Cold Meat Industry,[58] founded by Roger Karmanik of Brighter Death Now, was seminal in providing a platform for burgeoning dark ambient and industrial acts in the late 1980s and early 1990s, including many acts which would eventually be associated with dungeon synth either directly or tangentially: Mortiis, Aghast, Arcana, Cintecele Diavolui, Ildfrost, and raison d'&ecirc;tre. In the most active era of Cold Meat Industry, Mortiis was the only artist to be analogous to dungeon synth, though the other aforementioned artists would eventually all be cited[59] as influences on the formation of dungeon synth as a genre.</p>\n<p class=\"paragraph text-align-type-left pap-line-1.8 pap-line-rule-auto pap-spacing-before-2pt pap-spacing-after-2pt\">&nbsp;</p>\n<p class=\"paragraph text-align-type-left pap-line-1.8 pap-line-rule-auto pap-spacing-before-2pt pap-spacing-after-2pt\">Cold Meat Industry's international imprint label, Cruel Moon International, would also play a significant role in the early cohesion of dark ambient and black metal artists with official releases featuring Cernunnos Woods,[60] Proscriptor,[61] and The Soil Bleeds Black.[62] Each of these artists would also later appear on the seminal dungeon synth record label Dark Age Productions,[63] owned and operated by Cerunnos Woods founder Bard Algol Eriboas.</p>\n<p class=\"paragraph text-align-type-left pap-line-1.8 pap-line-rule-auto pap-spacing-before-2pt pap-spacing-after-2pt\">&nbsp;</p>\n<div>\n<div class=\"document\">\n<p class=\"paragraph text-align-type-left pap-line-1.8 pap-line-rule-auto pap-spacing-before-2pt pap-spacing-after-2pt\">1990s</p>\n<p class=\"paragraph text-align-type-left pap-line-1.8 pap-line-rule-auto pap-spacing-before-2pt pap-spacing-after-2pt\">The origins of dungeon synth as a genre unto itself are largely rooted in the early 1990s with the release of a few specific pieces of music now retroactively called \"dungeon synth\".[65] These include Jim Kirkwood's \"Where Shadows Lie\" released sometime in 1990, followed by \"Master of Dragons\" in 1991. During this time, Mortiis was still a member of Emperor and had yet to publish any solo material. In 1992, Kirkwood published two more releases on cassette and a new name enters the canon: Vidar V&aring;er of Idljarn [66] and formerly of Thou Shalt Suffer (also connected to Emperor[67]) and his 1992 black metal/dungeon synth demo tape \"Unknown Truths\".[68] In March of 1992, roughly a year-and-a-half before his murder, Euronymous published the Burzum self-titled debut album through his record label Deathlike Silence Productions, marking the first time a prominent member of the 2nd wave of black metal released material combining black metal tracks with ambient, synth-driven tracks and industrial-esque atmospheric tracks[69][70] on the same record. Interestingly, this is also the first known use of the word \"dungeon\" on a record that would later be informally cited as proto-dungeon synth.</p>\n<p class=\"paragraph text-align-type-left pap-line-1.8 pap-line-rule-auto pap-spacing-before-2pt pap-spacing-after-2pt\">&nbsp;</p>\n<p class=\"paragraph text-align-type-left pap-line-1.8 pap-line-rule-auto pap-spacing-before-2pt pap-spacing-after-2pt\">1993</p>\n<p class=\"paragraph text-align-type-left pap-line-1.8 pap-line-rule-auto pap-spacing-before-2pt pap-spacing-after-2pt\">By 1993, dungeon synth as a style of black metal separate from the traditional instrumentation of black metal would become visibly apparent with the beginnings of Mortiis' \"Era 1\" material. Ellefsen, after his departure from Emperor and left without plans for furthering his career, purchased a Roland keyboard and created the first Mortiis demo:[9] The Song Of A Long Forgotten Ghost.[71] This first demo, clocking in at just under an hour in length, marked the first time a black metal musician would publish a work that \"looked\"[72] like a typical black metal demo tape but contained entirely instrumental and non-traditional black metal instrumentation.</p>\n<p class=\"paragraph text-align-type-left pap-line-1.8 pap-line-rule-auto pap-spacing-before-2pt pap-spacing-after-2pt\">&nbsp;</p>\n<p class=\"paragraph text-align-type-left pap-line-1.8 pap-line-rule-auto pap-spacing-before-2pt pap-spacing-after-2pt\">The first iteration of this demo, self-released by Ellefsen, was circulated in an unknown number of copies on consumer-grade cassettes with a Xerox copied insert; a do it yourself practice typical of black metal and other genres of underground music.</p>\n<p class=\"paragraph text-align-type-left pap-line-1.8 pap-line-rule-auto pap-spacing-before-2pt pap-spacing-after-2pt\">&nbsp;</p>\n<p class=\"paragraph text-align-type-left pap-line-1.8 pap-line-rule-auto pap-spacing-before-2pt pap-spacing-after-2pt\">The second iteration of this demo tape would be the first time Ellefsen would use the phrase \"dark dungeon music\"[74] to refer to this burgeoning style of dark ambient music.</p>\n<p class=\"paragraph text-align-type-left pap-line-1.8 pap-line-rule-auto pap-spacing-before-2pt pap-spacing-after-2pt\">&nbsp;</p>\n<p class=\"paragraph text-align-type-left pap-line-1.8 pap-line-rule-auto pap-spacing-before-2pt pap-spacing-after-2pt\">Also in 1993 and worthy of mention is the short-lived Danish project Dark Funeral[75][76][77] (not to be confused with the Swedish band of the same name). This demo is occasionally invoked alongside Mortiis' earliest works as another example of nascent dungeon synth but the project quickly ended after releasing two demos.</p>\n<p class=\"paragraph text-align-type-left pap-line-1.8 pap-line-rule-auto pap-spacing-before-2pt pap-spacing-after-2pt\">&nbsp;</p>\n<p class=\"paragraph text-align-type-left pap-line-1.8 pap-line-rule-auto pap-spacing-before-2pt pap-spacing-after-2pt\">Again, in 1993, Jim Kirkwood[78] would publish two more works which would retroactively be touted as influencing early dungeon synth music: Through A Dark Glass[79][80] and Tower of Darkness.[81][82] Though each work can only tenuously be called dungeon synth, Kirkwood's overall influence is indelible when considering the prevalence of the Berlin School on dungeon synth, overall.</p>\n<p class=\"paragraph text-align-type-left pap-line-1.8 pap-line-rule-auto pap-spacing-before-2pt pap-spacing-after-2pt\">&nbsp;</p>\n<p class=\"paragraph text-align-type-left pap-line-1.8 pap-line-rule-auto pap-spacing-before-2pt pap-spacing-after-2pt\">1994</p>\n<p class=\"paragraph text-align-type-left pap-line-1.8 pap-line-rule-auto pap-spacing-before-2pt pap-spacing-after-2pt\">1994 saw the publication of several albums, E.P.s, and demos now considered canon in dungeon synth; of particular merit is the seminal work F&oslash;dt til &aring; Herske, Pazuzu's ...And All Was Silent (featuring both Richard Lederer and Michael Gregor later of Summoning)[83][84][85],the self-released The Soil Bleeds Black demo tape,[86] Tears of the Weeping Willow and Lost Woods by Cernunnos Woods, and several others including Lamentation, Black Wailing, Erevos, Equitant, Asmorod, Landscape, and Wintergods.</p>\n</div>\n</div>\n</div>\n</div>\n</div>\n</div>",
 "remarks": "本词条汉字内容由 @多频百科团队 翻译+编辑\n原文译自https://en.wikipedia.org/wiki/Dungeon_synth",
 "remarksEn": "本词条内容来自 https://en.wikipedia.org/wiki/Dungeon_synth",
 "status": 1,
 "clickNum": 13,
 "deleted": 0,
 "lang": 0,
 "chooseLang": true,
 "id": 238,
 "name": "Dungeon Synth",
 "descriptions": "Dungeon synth是出现于20世纪80年代末和90年代初的Dark Ambient的一种分支类型，融合了Black Metal（黑金属）和Dark Ambient（暗黑氛围）元素。",
 "originalName": "Dark Medieval, Medieval Dark Ambient, Dark Dungeon Music, Black Ambient",
 "startTimeText": "Early 1990s",
 "startAddress": "",
 "searchStyle": "Ambient",
 "styleCategory": "Dark Ambient",
 "originalStyle": "Dark ambient, black metal",
 "affectStyle": "",
 "deriveStyle": "",
 "representArtist": "",
 "officialUrl": "https://en.wikipedia.org/wiki/Dungeon_synth",
 "typeId": 13,
 "typeName": "风格",
 "dataId": 238,
 "url": "http://dropinapp.hearinmusic.com/#/ency?typeId=13&dataId=238"
}