{
 "pageNum": 1,
 "pageSize": 10,
 "params": {},
 "relationChannel": "[{\"id\":1113,\"parentId\":8,\"name\":\"Dutch House\"}]",
 "relationEncy": "[{\"id\":36378,\"typeId\":13,\"dataId\":51,\"name\":\"Electro House\",\"url\":\"http://dropinapp.hearinmusic.com/#/ency?typeId=13&dataId=51\"}]",
 "content": "<p>Dutch House（有时被称为&ldquo;Dirty Dutch&rdquo;），是一种发源于荷兰的Electro House子风格，2009年开始崭露头角。主要由Vato Gonzalez和DJ Chuckie开创。它的主要特点是以拉丁风格的鼓组、强调低频率的低音和吱吱作响的高音调主音合成Synth等元素为基础的复杂节奏。该风格受到的影响包括底特律Techno、嘻哈和其他Urban音乐风格。</p>",
 "contentEn": "<p><strong>Dutch house</strong>, sometimes referred to as 'Dirty Dutch', is a style of electro house that originated in the&nbsp;Netherlands&nbsp;and found prominence by 2009, mainly pioneered by&nbsp;Vato Gonzalez&nbsp;and&nbsp;DJ Chuckie. It is primarily defined by complex rhythms made from Latin-influenced drum kits, a lower emphasis on basslines and squeaky, high-pitched lead synths. Influences on the subgenre include&nbsp;Detroit techno,&nbsp;hip hop&nbsp;and other urban styles of music.</p>",
 "remarks": "本词条汉字内容由 @多频百科团队 翻译+编辑\n原文译自 https://en.wikipedia.org/wiki/Electro_house#Dutch_house",
 "remarksEn": "本词条内容来自 https://en.wikipedia.org/wiki/Electro_house#Dutch_house",
 "status": 1,
 "clickNum": 14,
 "deleted": 0,
 "lang": 0,
 "chooseLang": true,
 "id": 54,
 "name": "Dutch House",
 "descriptions": "Dutch House（有时被称为“Dirty Dutch”），是一种发源于荷兰的Electro House子风格，2009年开始崭露头角。主要由Vato Gonzalez和DJ Chuckie开创。它的主要特点是以拉丁风格的鼓组、强调低频率的低音和吱吱作响的高音调主音合成Synth等元素为基础的复杂节奏。该风格受到的影响包括底特律Techno、嘻哈和其他Urban音乐风格。",
 "originalName": "",
 "startTimeText": "2009",
 "startAddress": "Netherlands",
 "searchStyle": "House",
 "styleCategory": "Electro House",
 "originalStyle": "electro house",
 "affectStyle": "",
 "deriveStyle": "Detroit techno, hip hop and other urban styles of music",
 "representArtist": "Vato Gonzalez, DJ Chuckie",
 "officialUrl": "https://en.wikipedia.org/wiki/Electro_house#Dutch_house",
 "typeId": 13,
 "typeName": "风格",
 "dataId": 54,
 "url": "http://dropinapp.hearinmusic.com/#/ency?typeId=13&dataId=54"
}