{
 "pageNum": 1,
 "pageSize": 10,
 "params": {},
 "relationChannel": "[{\"id\":1142,\"parentId\":8,\"name\":\"EDM Progressive House\"}]",
 "relationEncy": "[{\"id\":36332,\"typeId\":13,\"dataId\":5,\"name\":\"Pop EDM\",\"url\":\"http://dropinapp.hearinmusic.com/#/ency?typeId=13&dataId=5\"},{\"id\":36409,\"typeId\":13,\"dataId\":82,\"name\":\"Progressive House\",\"url\":\"http://dropinapp.hearinmusic.com/#/ency?typeId=13&dataId=82\"}]",
 "content": "<p>EDM Progressive House是以流行EDM为主体，结合传统Progressive House元素而成的音乐类型，性质上更偏向流行化和商业化，对应的受众群体也更加广大，是当今最受主流市场欢迎的电子音乐子风格之一。</p>\n<p>&nbsp;</p>\n<p>EDM Progressive House和传统Progressive House的表述在严格意义上还没有明确的划分，但实际上这两种描述所代表的音乐内容已经有了较大的区别。在音乐性上，前者更倾向Pop EDM，多以二段曲式结构为主，从Verse到Build-up到Drop再循环重复，单曲时长多在3~4分钟，不超过5分钟；后者则没有固定的曲式套路，单曲时长亦长短不一，主要在House的节奏框架下遵循&ldquo;渐进&rdquo;的音乐编排设计和感受而推进。从听感上来讲，EDM Progressive House更为明亮积极，具有独特的亲和力，可以迅速让人进入音乐的氛围中；传统Progressive House则更为深邃晦涩，更具实验性。</p>\n<p>&nbsp;</p>\n<p>在EDM Progressive House类作品中，Vocal部分重要性大大提升，这也是流行EDM类音乐的重要特征。Vocal的旋律设计以及歌手的呈现水平，很大程度上会决定EDM Progressive House作品在市场上的反响。</p>",
 "remarks": "本词条内容由 @多频百科团队 编辑",
 "remarksEn": "本词条内容暂未完善仅供参考，多频百科小编正在火速赶来",
 "status": 1,
 "clickNum": 113,
 "deleted": 0,
 "lang": 0,
 "chooseLang": false,
 "id": 32,
 "name": "EDM Progressive House",
 "descriptions": "EDM Progressive House是以流行EDM为主体，结合传统Progressive House元素而成的音乐类型，性质上更偏向流行化和商业化，对应的受众群体也更加广大，是当今最受主流市场欢迎的电子音乐子风格之一。",
 "originalName": "EDM渐进浩室",
 "startTimeText": "2010s",
 "startAddress": "欧洲",
 "searchStyle": "Pop EDM",
 "styleCategory": "Pop EDM",
 "originalStyle": "Progressive House, Pop EDM",
 "affectStyle": "",
 "deriveStyle": "",
 "representArtist": "Avicii, Martin Garrix, Swedish House Mafia",
 "officialUrl": "",
 "typeId": 13,
 "typeName": "风格",
 "dataId": 32,
 "url": "http://dropinapp.hearinmusic.com/#/ency?typeId=13&dataId=32"
}