{
 "pageNum": 1,
 "pageSize": 10,
 "params": {},
 "relationChannel": "[{\"id\":1473,\"parentId\":8,\"name\":\"Electronic Reggae\"}]",
 "content": "",
 "remarks": "本词条内容暂未完善仅供参考，多频百科小编正在火速赶来",
 "remarksEn": "本词条内容暂未完善仅供参考，多频百科小编正在火速赶来",
 "status": 0,
 "clickNum": 1,
 "deleted": 0,
 "lang": 0,
 "chooseLang": false,
 "id": 375,
 "name": "Electronic Reggae",
 "originalName": "电子雷鬼",
 "startTimeText": "1980s",
 "startAddress": "牙买加",
 "searchStyle": "Electronic Reggae",
 "styleCategory": "Fusion Genres",
 "originalStyle": "Reggae, Electronic",
 "affectStyle": "Dub, Riddim",
 "typeId": 13,
 "typeName": "风格",
 "dataId": 375,
 "url": "http://dropinapp.hearinmusic.com/#/ency?typeId=13&dataId=375"
}