{
 "pageNum": 1,
 "pageSize": 10,
 "params": {},
 "relationChannel": "[{\"id\":1352,\"parentId\":8,\"name\":\"Electropop\"}]",
 "content": "<div>\n<div class=\"document\">\n<p class=\"paragraph text-align-type-left pap-line-1.8 pap-line-rule-auto pap-spacing-before-0pt pap-spacing-after-0pt\">Electropop是一种结合了电子和流行音乐元素的音乐流派。作家Hollin Jones将其描述为一种强调电子音的synth-pop音乐的变体。该流派在2000年出现了复兴，并产生了重大影响。</p>\n<p class=\"paragraph text-align-type-left pap-line-1.8 pap-line-rule-auto pap-spacing-before-0pt pap-spacing-after-0pt\">&nbsp;</p>\n<p class=\"paragraph text-align-type-left pap-line-1.8 pap-line-rule-auto pap-spacing-before-0pt pap-spacing-after-0pt\">历史</p>\n<p class=\"paragraph text-align-type-left pap-line-1.8 pap-line-rule-auto pap-spacing-before-0pt pap-spacing-after-0pt\">20世纪80年代初</p>\n<p class=\"paragraph text-align-type-left pap-line-1.8 pap-line-rule-auto pap-spacing-before-0pt pap-spacing-after-0pt\">在80年代早期，英国艺术家如Gary Numan、Human League、Soft Cell、John Foxx和Visage帮助开创了一种新的synth-pop音乐风格，这种风格更多地从电子音乐中汲取灵感，并强调合成器的主要使用，而电音风格主要由Afrika Bambaataa发展，他深受 Yellow Magic Orchestra和Kraftwerk的影响，并反过来影响了麦当娜的80年代流行音乐风格。一些迷人的新音乐开始抵达这些海岸；它被称为Electropop，因为电子乐器--主要是合成器和syndrums--被用来制作流行歌曲。M的 \"Pop Muzik \"是第一批。后来逐渐积累了一批值得一听的电音唱片，不过这些唱片大多还是只能在rock disco里听到。但在1981年，闸门打开了，\"new music \"终于大放异彩。突破性的歌曲是Human League的 \"Don't You Want Me\"。- Anglomania: The Second British Invasion, by Parke Puterbaugh for Rolling Stone, November 1983. 21世纪 另见。</p>\n<p class=\"paragraph text-align-type-left pap-line-1.8 pap-line-rule-auto pap-spacing-before-0pt pap-spacing-after-0pt\">&nbsp;</p>\n<p class=\"paragraph text-align-type-left pap-line-1.8 pap-line-rule-auto pap-spacing-before-0pt pap-spacing-after-0pt\">21世纪的复兴（2000年代至今）</p>\n<p class=\"paragraph text-align-type-left pap-line-1.8 pap-line-rule-auto pap-spacing-before-0pt pap-spacing-after-0pt\">2009年的媒体刊登了一些文章，宣称一个不同的Electropop的新时代，事实上，这个时代见证了几位Electropop歌手的人气上升。在英国广播公司（BBC）对130位音乐专家进行的 \"2009年之声\"（Sound of 2009）民意调查中，排名前十五位的艺人中，有十位是电音风格的艺人。2008年，Lady Gaga凭借首张专辑《The Fame》在商业上取得了重大成功。音乐作家西蒙-雷诺兹（Simon Reynolds）指出：\"Gaga的一切都来自于电音，除了音乐，这不是一个特别的1980年代\"。韩国流行音乐界也受到电音的主导和影响，特别是boy bands and girl groups ，如Super Junior、SHINee、f(x)和Girls' Generation。Passion Pit的歌手Michael Angelakos在2009年的一次采访中说，虽然玩电子流行乐并不是他的本意，但宿舍生活的局限性让这种风格更容易被接受。2009年，《卫报》援引A&amp;M唱片公司艺人和曲目负责人James Oldham的话说：\"所有的A&amp;R部门都在对经理和律师说：'不要再给我们任何乐队了，因为我们不会签他们，他们也不会卖唱片。所以我们被安排到的所有内容都是电子性质的。\" 2019年Kenneth Womack写道，歌手兼作曲家Billie Eilish凭借她那张评论性和商业性的热门专辑When We All Fall Asleep, Where Do We Go?\"把自己的地位巩固在Electropop的统治女王之上\"。</p>\n</div>\n</div>",
 "remarks": "本词条内容暂未完善仅供参考，多频百科小编正在火速赶来",
 "remarksEn": "本词条内容暂未完善仅供参考，多频百科小编正在火速赶来",
 "status": 0,
 "clickNum": 3,
 "deleted": 0,
 "lang": 0,
 "chooseLang": false,
 "id": 332,
 "name": "Electropop",
 "descriptions": "Electropop是一种结合了电子和流行音乐元素的音乐流派。作家Hollin Jones将其描述为一种强调电子音的synth-pop音乐的变体。该流派在2000年出现了复兴，并产生了重大影响。",
 "originalName": "",
 "startTimeText": "Early 1980s",
 "startAddress": "United Kingdom",
 "searchStyle": "Synthpop",
 "styleCategory": "Electroclash",
 "originalStyle": "Electronicpop",
 "affectStyle": "",
 "deriveStyle": "Chillwave, uplifting trance",
 "representArtist": "",
 "officialUrl": "https://en.wikipedia.org/wiki/Electropop",
 "typeId": 13,
 "typeName": "风格",
 "dataId": 332,
 "url": "http://dropinapp.hearinmusic.com/#/ency?typeId=13&dataId=332"
}