{
 "pageNum": 1,
 "pageSize": 10,
 "params": {},
 "relationChannel": "[{\"id\":1245,\"parentId\":8,\"name\":\"Electrogrind\"}]",
 "content": "<div>\n<div class=\"document\">\n<p class=\"paragraph text-align-type-left pap-line-1.8 pap-line-rule-auto pap-spacing-before-0pt pap-spacing-after-0pt\">Electrogrind（Cybergrind）是重金属的 Grindcore 风格与 Electro/Hardcore 电子元素结合形成的子风格</p>\n<p class=\"paragraph text-align-type-left pap-line-1.8 pap-line-rule-auto pap-spacing-before-0pt pap-spacing-after-0pt\">&nbsp;</p>\n<p class=\"paragraph text-align-type-left pap-line-1.8 pap-line-rule-auto pap-spacing-before-0pt pap-spacing-after-0pt\">Electrogrind 主要发展于21世纪，由 The Berzerker、Gigantic Brain 和 Genghis Tron 等艺术家将电子音乐中的硬核元素与 Grindcore 相结合而形成。这些团体在 Agoraphobic Nosebleed、Enemy Soil 和 The Locust 以及其它 Industrial Metal 的作品之上进行探索。Berzerker 还采用了 Gabber 种制作人常用的高度扭曲失真的 Roland TR-909 Kick。在视觉形象上，许多后来的 Electrogrind 艺术家因其时髦的造型搭配而被漫画化。</p>\n</div>\n</div>",
 "contentEn": "<p>The 21st century also saw the development of \"electrogrind\" (or \"cybergrind\"),&nbsp;practiced by&nbsp;The Berzerker,&nbsp;Gigantic Brain&nbsp;and&nbsp;Genghis Tron&nbsp;which borrows from&nbsp;electronic music.&nbsp;These groups built on the work of Agoraphobic Nosebleed,&nbsp;Enemy Soil&nbsp;and The Locust, as well as industrial metal.&nbsp;The Berzerker also appropriated the distorted&nbsp;Roland TR-909&nbsp;kick drums&nbsp;of&nbsp;gabber&nbsp;producers.&nbsp;Many later electrogrind groups were caricatured for their hipster connections.</p>",
 "remarks": "本词条汉字内容由 @多频百科团队 翻译+编辑\n原文译自 https://en.wikipedia.org/wiki/Grindcore#Electrogrind",
 "remarksEn": "本词条内容来自 https://en.wikipedia.org/wiki/Grindcore#Electrogrind",
 "status": 1,
 "clickNum": 12,
 "deleted": 0,
 "lang": 0,
 "chooseLang": true,
 "id": 199,
 "name": "Electrogrind",
 "descriptions": "Electrogrind（Cybergrind）是重金属的 Grindcore 风格与 Electro/Hardcore 电子元素结合形成的子风格",
 "originalName": "Cybergrind",
 "startTimeText": "Mid-1980s",
 "startAddress": "England",
 "searchStyle": "Hardcore",
 "styleCategory": "Hardcore",
 "originalStyle": "Grindcore, Crust punk, hardcore punk, thrashcore, extreme metal, industrial, thrash metal",
 "affectStyle": "",
 "deriveStyle": "",
 "representArtist": "The Berzerker, Gigantic Brain and Genghis Tron",
 "officialUrl": "https://en.wikipedia.org/wiki/Grindcore#Electrogrind",
 "typeId": 13,
 "typeName": "风格",
 "dataId": 199,
 "url": "http://dropinapp.hearinmusic.com/#/ency?typeId=13&dataId=199"
}