{
 "pageNum": 1,
 "pageSize": 10,
 "params": {},
 "relationChannel": "[{\"id\":1110,\"parentId\":8,\"name\":\"Electro House\"}]",
 "relationEncy": "[{\"id\":36351,\"typeId\":13,\"dataId\":24,\"name\":\"Electro Funk\",\"url\":\"http://dropinapp.hearinmusic.com/#/ency?typeId=13&dataId=24\"},{\"id\":3048,\"typeId\":12,\"dataId\":3048,\"name\":\"Benny Benassi\",\"url\":\"http://dropinapp.hearinmusic.com/#/ency?typeId=12&dataId=3048\"},{\"id\":36379,\"typeId\":13,\"dataId\":52,\"name\":\"Big Room House\",\"url\":\"http://dropinapp.hearinmusic.com/#/ency?typeId=13&dataId=52\"},{\"id\":36380,\"typeId\":13,\"dataId\":53,\"name\":\"Complextro\",\"url\":\"http://dropinapp.hearinmusic.com/#/ency?typeId=13&dataId=53\"},{\"id\":36384,\"typeId\":13,\"dataId\":57,\"name\":\"Melbourne Bounce\",\"url\":\"http://dropinapp.hearinmusic.com/#/ency?typeId=13&dataId=57\"}]",
 "content": "<p>Electro House（电气浩室）是电子音乐的子风格，特点是130bpm左右的节奏以及强劲有力的重低音部分。这种风格受到Tech House和Electro的影响。许多知名制作人的创作都与Electro House相关，如Benny Benassi，Daft Punk，Skrillex，Steve Aoki等。</p>\n<p>&nbsp;</p>\n<p><strong>特征 </strong></p>\n<p>Electro House的特点是其低音部分的处理。通常是以嗡嗡作响的Bassline形式出现，例如用锯齿波和失真创造的Bassline。它也经常以宽大的低音鼓声的形式出现在重拍上。Electro House的BPM通常在每分钟125到135次之间。Electro House有时类似于Tech House，但它可以包含旋律元素和受Electro影响的采样和合成器。</p>\n<p>&nbsp;</p>\n<p><strong>历史 </strong></p>\n<p>西蒙&middot;雷诺兹（Simon Reynolds）在其有关狂欢音乐和舞蹈文化的书中描述了Electro House，将像Zedd、Erol Alkan和Bloody Beetroots这样的艺术家创作的风格称为Electro House，尽管它 \"与house或electro都没有什么关系\"。Reynolds将这种声音描述为受到Daft Punk的Discovery以及Justice和Digitalism音乐的影响，这种声音在美国被deadmau5流行起来，并指出这种风格的独特风格是有一个 \"脏质感的低音 \"和 \"研磨和呼啸质感的锯齿Bassline\"。</p>\n<p>&nbsp;</p>\n<p>2011年，\"Electro\"这个词被看作是一个形容词，表示 \"硬电子舞曲\"。</p>\n<p>&nbsp;</p>\n<p>早期被追溯贴上Electro House标签的歌曲包括1996年Arrivers的 \"Dark Invader \"和1997年Basement Jaxx的 \"Raw S*it\"。Mr. Oizo 1999年的主打歌 \"Flat Beat \"也被认为是该类型的早期范例。</p>\n<p>&nbsp;</p>\n<p>意大利DJ Benny Benassi在2002年推出的歌曲 \"Satisfaction\"，被认为是将电气浩室带入主流的先驱。到了2000年中期，电气浩室的受欢迎程度有所提高。2006年11月，由Fedde Le Grand创作的电音House歌曲《Put Your Hands Up For Detroit》和由Bodyrox和Luciana创作的D.Ramirez混音的《Yeah Yeah》分别占据了英国前40名单曲榜的第一名和第二名。此后，出现了Feed Me、Knife Party、The M Machine、Porter Robinson、Yasutaka Nakata和Dada Life等电音House制作人。</p>\n<p>&nbsp;</p>\n<p><strong>子风格和相关风格</strong></p>\n<ul>\n<li>Big Room</li>\n<li>Complextro</li>\n<li>Dutch House</li>\n<li>Fidget House</li>\n<li>Melbourne Bounce</li>\n<li>Jungle Terror</li>\n<li>Moombahton</li>\n</ul>",
 "contentEn": "<p><strong>Electro house</strong>&nbsp;is a&nbsp;genre&nbsp;of&nbsp;electronic dance music&nbsp;characterized by heavy&nbsp;bass&nbsp;and a&nbsp;tempo&nbsp;around 130 beats per minute.<sup id=\"cite_ref-Beat_Explorers_Dance_Music_Guide_1-0\" class=\"reference\">[1]</sup><sup id=\"cite_ref-DI_Electro_House_2-0\" class=\"reference\">[2]</sup>&nbsp;Its origins were influenced by&nbsp;tech house&nbsp;and&nbsp;electro.<sup id=\"cite_ref-3345_DJ_Cyclopedia_House_music_styles_3-0\" class=\"reference\">[3]</sup><sup id=\"cite_ref-HubPages_Style_Music_4-0\" class=\"reference\">[4]</sup>&nbsp;The term has been used to describe the music of many&nbsp;<em>DJ Mag</em>&nbsp;Top 100 DJs, including&nbsp;Benny Benassi,&nbsp;Daft Punk,&nbsp;Skrillex, and&nbsp;Steve Aoki.<sup id=\"cite_ref-DJ_Mag_Top_100_Skrillex_2014_5-0\" class=\"reference\">[5]</sup><sup id=\"cite_ref-Guardian_New_Band_Skrillex_6-0\" class=\"reference\">[6]</sup><sup id=\"cite_ref-DJ_Mag_Top_100_Steve_Aoki_2013_7-0\" class=\"reference\">[7]</sup></p>\n<p>&nbsp;</p>\n<h2><span id=\"Characteristics\" class=\"mw-headline\">Characteristics</span></h2>\n<p>Electro-house is typified by its heavy&nbsp;bass.<sup id=\"cite_ref-DI_Electro_House_2-1\" class=\"reference\">[2]</sup>&nbsp;This is often in the form of buzzing&nbsp;basslines,<sup id=\"cite_ref-DI_Electro_House_2-2\" class=\"reference\">[2]</sup>&nbsp;such as those created with&nbsp;sawtooth waves&nbsp;and&nbsp;distortion.<sup id=\"cite_ref-How_To_Create_Electro_House_Style_Bass_8-0\" class=\"reference\">[8]</sup>&nbsp;It is also often in the form of large&nbsp;bass drum&nbsp;sounds<sup id=\"cite_ref-DI_Electro_House_2-3\" class=\"reference\">[2]</sup>&nbsp;in a&nbsp;four-on-the-floor&nbsp;pattern.<sup id=\"cite_ref-How_To_Create_Electro_House_Style_Bass_8-1\" class=\"reference\">[8]</sup>&nbsp;The&nbsp;tempo&nbsp;of electro house is usually between 125 and 135 beats per minute.<sup id=\"cite_ref-Beat_Explorers_Dance_Music_Guide_1-1\" class=\"reference\">[1]</sup>&nbsp;Electro house sometimes resembles&nbsp;tech house,<sup id=\"cite_ref-3345_DJ_Cyclopedia_House_music_styles_3-1\" class=\"reference\">[3]</sup>&nbsp;but it can contain melodic elements<sup id=\"cite_ref-Beat_Explorers_Dance_Music_Guide_1-2\" class=\"reference\">[1]</sup>&nbsp;and&nbsp;electro-influenced&nbsp;samples&nbsp;and&nbsp;synths.<sup id=\"cite_ref-3345_DJ_Cyclopedia_House_music_styles_3-2\" class=\"reference\">[3]</sup></p>\n<h2>&nbsp;</h2>\n<h2><span id=\"History\" class=\"mw-headline\">History</span></h2>\n<p>In his book on rave music and dance culture,&nbsp;Simon Reynolds&nbsp;described electro house, a style attributed to artists like&nbsp;Zedd,&nbsp;Erol Alkan&nbsp;and&nbsp;Bloody Beetroots, as sounding like it had \"little relationship with either&nbsp;house&nbsp;or&nbsp;electro\".<sup id=\"cite_ref-reynolds_9-0\" class=\"reference\">[9]</sup>&nbsp;Reynolds described the sound as being influenced by&nbsp;<em>Discovery</em>&nbsp;by&nbsp;Daft Punk&nbsp;and further developed by&nbsp;Justice&nbsp;and&nbsp;Digitalism.<sup id=\"cite_ref-reynolds_9-1\" class=\"reference\">[9]</sup>&nbsp;The sound was popularized in the United States by&nbsp;deadmau5&nbsp;and noted the style's distinct style had a \"dirty bass\" with \"grinding and whirring sawtooth b-lines\".<sup id=\"cite_ref-reynolds_9-2\" class=\"reference\">[9]</sup></p>\n<p>&nbsp;</p>\n<p>By 2011, the word \"electro\" had come to be seen as an&nbsp;adjective&nbsp;denoting \"hard electronic dance music\".<sup id=\"cite_ref-USA_Today_EDM_glossary_10-0\" class=\"reference\">[10]</sup></p>\n<p>&nbsp;</p>\n<p>Early songs that have been labelled retroactively as electro house include \"Dark Invader\" by Arrivers in 1996 and \"Raw S*it\" by&nbsp;Basement Jaxx&nbsp;in 1997.<sup id=\"cite_ref-11\" class=\"reference\">[11]</sup>&nbsp;Mr. Oizo's&nbsp;1999 hit \"Flat Beat\" has also been considered an early example of the genre.<sup id=\"cite_ref-12\" class=\"reference\">[12]</sup></p>\n<p>&nbsp;</p>\n<p>Italian DJ&nbsp;Benny Benassi, with his track \"Satisfaction\" released in 2002, is seen as the forerunner of electro house who brought it to the&nbsp;mainstream.<sup id=\"cite_ref-da-housemusic_Tumblr_13-0\" class=\"reference\">[13]</sup><sup id=\"cite_ref-HubPages_Style_Music_4-1\" class=\"reference\">[4]</sup><sup id=\"cite_ref-14\" class=\"reference\">[14]</sup>&nbsp;By the mid&nbsp;2000s, electro house saw an increase in&nbsp;popularity.<sup id=\"cite_ref-Beat_Explorers_Dance_Music_Guide_1-3\" class=\"reference\">[1]</sup>&nbsp;In November 2006, electro house tracks \"Put Your Hands Up For Detroit\" by&nbsp;Fedde Le Grand&nbsp;and the&nbsp;D. Ramirez&nbsp;remix of \"Yeah Yeah\" by&nbsp;Bodyrox&nbsp;and&nbsp;Luciana&nbsp;held the number one and number two spots, respectively, in the&nbsp;UK Top 40 singles charts.<sup id=\"cite_ref-everyHit_15-0\" class=\"reference\">[15]</sup>&nbsp;Since then, electro house producers such as&nbsp;Feed Me,&nbsp;Knife Party,&nbsp;The M Machine,&nbsp;Porter Robinson,&nbsp;Yasutaka Nakata<sup id=\"cite_ref-16\" class=\"reference\">[16]</sup>&nbsp;and&nbsp;Dada Life&nbsp;have emerged.</p>\n<div>&nbsp;</div>\n<h2><span id=\"Subgenres\" class=\"mw-headline\">Subgenres</span></h2>\n<h3><span id=\"Big_room\" class=\"mw-headline\">Big room</span></h3>\n<h3><span id=\"Complextro\" class=\"mw-headline\">Complextro</span></h3>\n<h3><span id=\"Fidget_house\" class=\"mw-headline\">Fidget house</span></h3>\n<h3><span id=\"Melbourne_bounce\" class=\"mw-headline\">Melbourne bounce</span></h3>\n<p>&nbsp;</p>\n<h2><span id=\"Further_development\" class=\"mw-headline\">Further development</span></h2>\n<h3><span id=\"Jungle_terror\" class=\"mw-headline\">Jungle terror</span></h3>\n<h3><span id=\"Moombahton\" class=\"mw-headline\">Moombahton</span></h3>",
 "remarks": "本词条汉字内容由 @多频百科团队 翻译+编辑\n原文译自 https://en.wikipedia.org/wiki/Electro_house",
 "remarksEn": "本词条内容来自 https://en.wikipedia.org/wiki/Electro_house",
 "status": 1,
 "clickNum": 65,
 "deleted": 0,
 "lang": 0,
 "chooseLang": true,
 "id": 51,
 "name": "Electro House",
 "descriptions": "Electro House（电汽浩室）是电子音乐的子风格，特点是130bpm左右的节奏以及强劲有力的重低音部分。这种风格受到Tech House和Electro的影响。许多知名制作人的创作都与Electro House相关，如Benny Benassi，Daft Punk，Skrillex，Steve Aoki等。",
 "originalName": "",
 "startTimeText": "Late 1990s – early 2000s",
 "startAddress": "Europe",
 "searchStyle": "House",
 "styleCategory": "House",
 "originalStyle": "House, electro, electroclash, tech house, hardbag, electropop",
 "affectStyle": "",
 "deriveStyle": "",
 "representArtist": "",
 "officialUrl": "https://en.wikipedia.org/wiki/Electro_house",
 "typeId": 13,
 "typeName": "风格",
 "dataId": 51,
 "url": "http://dropinapp.hearinmusic.com/#/ency?typeId=13&dataId=51"
}