{
 "pageNum": 1,
 "pageSize": 10,
 "params": {},
 "relationChannel": "[{\"id\":627,\"parentId\":8,\"name\":\"Electro Funk\"}]",
 "relationEncy": "[{\"id\":36378,\"typeId\":13,\"dataId\":51,\"name\":\"Electro House\",\"url\":\"http://dropinapp.hearinmusic.com/#/ency?typeId=13&dataId=51\"},{\"id\":36697,\"typeId\":13,\"dataId\":370,\"name\":\"Skweee\",\"url\":\"http://dropinapp.hearinmusic.com/#/ency?typeId=13&dataId=370\"}]",
 "content": "<div class=\"document\">\n<p class=\"paragraph text-align-type-left pap-line-1.8 pap-line-rule-auto pap-spacing-before-2pt pap-spacing-after-2pt\">Electro（或Electro-funk）是受Roland TR-808鼓机的使用和funk音乐直接影响的一种电子音乐和早期嘻哈音乐类型。该类型的作品通常带有鼓机和沉重的电子声音，通常没有人声。如果存在人声部分，通常会通过电子失真（如声码器或Talkbox）来传递。这也是Electro与迪斯科等类型的主要区别，在迪斯科中，电子声只是乐器的一部分。Electro也明显偏离了它的前辈boogie，因为它不太注重人声，而更注重鼓机制作的电子节拍。</p>\n<p class=\"paragraph text-align-type-left pap-line-1.8 pap-line-rule-auto pap-spacing-before-2pt pap-spacing-after-2pt\">&nbsp;</p>\n<p class=\"paragraph text-align-type-left pap-line-1.8 pap-line-rule-auto pap-spacing-before-2pt pap-spacing-after-2pt\">随着迪斯科音乐在美国的衰落，Electro作为一种融合了放克和早期嘻哈的音乐，主要受到纽约boogie、德国和日本电子流行音乐的影响而出现。该流派的出现与音乐家Arthur Baker、Afrika Bambaataa、Warp 9和Hashim有关。Electro的重要作品包括 \"Planet Rock\"（1982）和 \"Nunk\"（1982），两者均具有其特有的TR-808鼓拍。</p>\n<p class=\"paragraph text-align-type-left pap-line-1.8 pap-line-rule-auto pap-spacing-before-2pt pap-spacing-after-2pt\">&nbsp;</p>\n<p class=\"paragraph text-align-type-left pap-line-1.8 pap-line-rule-auto pap-spacing-before-2pt pap-spacing-after-2pt\">1980年代初是Electro的主流高峰。到1980年代中期，这种类型已经摆脱了Electronic和放克的影响，使用了更加硬朗的节奏和摇滚样本，例如Run DMC。在1990年代后期，Electro再次受到Anthony Rother等艺术家和Dave Clarke等DJ的欢迎。第三次流行浪潮发生在2007年。Electro已经分支到子流派，包括Electrocore和skweee。</p>\n<div>\n<div class=\"document\">\n<p class=\"paragraph text-align-type-left pap-line-1.8 pap-line-rule-auto pap-spacing-before-2pt pap-spacing-after-2pt\">&nbsp;</p>\n<div>\n<div class=\"document\">\n<p class=\"paragraph text-align-type-left pap-line-1.8 pap-line-rule-auto pap-spacing-before-2pt pap-spacing-after-2pt\"><strong>定义和特点</strong></p>\n<p class=\"paragraph text-align-type-left pap-line-1.8 pap-line-rule-auto pap-spacing-before-2pt pap-spacing-after-2pt\">从一开始，Electro的决定性特征之一就是使用鼓机，特别是罗兰TR-808，作为曲目的节奏基础。随着这一风格的发展，电脑和采样取代了电子音乐中的鼓机，现在被大多数电子音乐制作人所使用。值得注意的是，尽管80年代的电子乐和当代电子乐（电子舞曲）都是从迪斯科的解体中发展起来的，但它们现在属于不同的流派。</p>\n<p class=\"paragraph text-align-type-left pap-line-1.8 pap-line-rule-auto pap-spacing-before-2pt pap-spacing-after-2pt\">&nbsp;</p>\n<p class=\"paragraph text-align-type-left pap-line-1.8 pap-line-rule-auto pap-spacing-before-2pt pap-spacing-after-2pt\">经典的（1980年代）electro drumbeats模式往往是对breakbeats的模仿（偶尔也会使用四拍模式），带有切分音的Kick Drum，通常还有Snare或Clap来强调backbeat。Electro drumbeats和breakbeats的区别在于，electro drumbeats更倾向于机械化，而breakbeats 更倾向于真人演奏的感觉，就像现场鼓手的感觉。然而，由于该名称的不同用法，其定义在本质上有些模糊不清。</p>\n<p class=\"paragraph text-align-type-left pap-line-1.8 pap-line-rule-auto pap-spacing-before-2pt pap-spacing-after-2pt\">&nbsp;</p>\n<p class=\"paragraph text-align-type-left pap-line-1.8 pap-line-rule-auto pap-spacing-before-2pt pap-spacing-after-2pt\">罗兰TR-808鼓机于1980年发布，其极具辨识度的声音定义了早期电子乐。几乎完全由TR-808提供的短促有力，打击性的鼓点开始倾向于主导电子音乐。作为一种廉价的鼓声制作方式，TR-808很快就得到了早期电子乐制作人的青睐，因为它的低音鼓能够产生极低的频率。 罗兰TR-808对那些在夜总会（如纽约市的Funhouse）试听曲目的制作人特别有吸引力，在那里，低音鼓的声音对一张唱片的成功至关重要。 它独特的打击乐声音，如Claps（手拍）、开闭Hi-Hat、Claves和Cowbell ，成为电子乐的组成部分。20世纪80年代初的许多流行歌曲都使用了TR-808，包括Marvin Gaye的 \"Sexual Healing\"，Cybotron的 \"Clear\"，以及Afrika Bambaataa的 \"Planet Rock\"。</p>\n<p class=\"paragraph text-align-type-left pap-line-1.8 pap-line-rule-auto pap-spacing-before-2pt pap-spacing-after-2pt\">&nbsp;</p>\n<div>\n<div class=\"document\">\n<p class=\"paragraph text-align-type-left pap-line-1.8 pap-line-rule-auto pap-spacing-before-2pt pap-spacing-after-2pt\">其他Electro乐器一般都是电子化的，倾向于模拟合成、程序化的bassline、序列化或琶音合成的riffs，以及所有用合成器创造的无调性声音效果。大量使用效果器，如混响、延迟、合唱或相位器，以及阴森的合成弦乐或Pads的声音，强调了经典（1980年代）电子音乐的科幻或未来主义主题，或在歌词和/或音乐中得到体现。Electro hip hop组合Warp 9的1983年单曲《Light Years Away》，由Lotti Golden和Richard Scher制作和编写，体现了Electro的科幻、非未来主义的一面， 在歌词和乐器中都有所体现。其歌词中的反问句 \"空间是人类的地方 \"的意象是向Sun Ra1974年的电影致敬，而其合成器的线条和声音效果是由科幻、电脑游戏和动画片提供的，\"诞生于科幻的复兴\"。</p>\n<p class=\"paragraph text-align-type-left pap-line-1.8 pap-line-rule-auto pap-spacing-before-2pt pap-spacing-after-2pt\">&nbsp;</p>\n<p class=\"paragraph text-align-type-left pap-line-1.8 pap-line-rule-auto pap-spacing-before-2pt pap-spacing-after-2pt\">大多数Electro音乐是器乐，但一个共同的元素是通过声码器处理的人声。此外，语音合成可能被用来创造机器或机械的抒情内容，如标志性的Planet Rock和Warp 9的Nunk合唱中的自动吟唱。男性说唱在这一类型中占主导地位，然而女性说唱者是电子乐传统中不可或缺的一部分，无论是像Warp 9那样的团体表演，还是像Roxanne Shante那样的个人表演。伴随着Electro出现的抒情风格在20世纪90年代变得不再流行，因为说唱继续发展，成为嘻哈音乐的领域。</p>\n<p class=\"paragraph text-align-type-left pap-line-1.8 pap-line-rule-auto pap-spacing-before-2pt pap-spacing-after-2pt\">&nbsp;</p>\n<div>\n<div class=\"document\">\n<p class=\"paragraph text-align-type-left pap-line-1.8 pap-line-rule-auto pap-spacing-before-2pt pap-spacing-after-2pt\">关于Electro的起源：</p>\n<p class=\"paragraph text-align-type-left pap-line-1.8 pap-line-rule-auto pap-spacing-before-2pt pap-spacing-after-2pt\">&nbsp;</p>\n<p class=\"paragraph text-align-type-left pap-line-1.8 pap-line-rule-auto pap-spacing-before-2pt pap-spacing-after-2pt\" style=\"padding-left: 30px;\"><em>它是关于扩展开始扼杀黑人音乐的界限，它的影响不仅在于德国技术流行奇才Kraftwerk，即公认的纯电子音乐的先驱，加上英国未来主义艺术家，如the Human League 和Gary Numan，而且还在于一些黑人音乐家的先驱。像Miles Davis、Sly Stone、Herbie Hancock、Stevie Wonder、传奇制作人Norman Whitfield，当然还有George Clinton和他的P Funk乐队等主要艺术家，都将在70年代通过对电子乐器的创新使用，在塑造这种新的声音方面发挥自己的作用（Miles Davis的情况则早在60年代后期）。</em></p>\n<p class=\"paragraph text-align-type-left pap-line-1.8 pap-line-rule-auto pap-spacing-before-2pt pap-spacing-after-2pt\" style=\"padding-left: 30px;\">&nbsp;</p>\n<p class=\"paragraph text-align-type-left pap-line-1.8 pap-line-rule-auto pap-spacing-before-2pt pap-spacing-after-2pt\" style=\"text-align: right; padding-left: 30px;\">&mdash;&thinsp;Greg Wilson</p>\n<p class=\"paragraph text-align-type-left pap-line-1.8 pap-line-rule-auto pap-spacing-before-2pt pap-spacing-after-2pt\" style=\"text-align: right; padding-left: 30px;\">&nbsp;</p>\n<p class=\"paragraph text-align-type-left pap-line-1.8 pap-line-rule-auto pap-spacing-before-2pt pap-spacing-after-2pt\" style=\"padding-left: 30px;\"><em>Gary Numan，他是个疯子，但也非常具有影响力。当我们听到那首单曲 \"Are Friends Electric? \"时，就像外星人登陆了布朗克斯。我们只是把雏形扔给这个曲子，Numan是我们的灵感来源。他是一个英雄。没有他，就没有电子乐。</em></p>\n<p class=\"paragraph text-align-type-left pap-line-1.8 pap-line-rule-auto pap-spacing-before-2pt pap-spacing-after-2pt\" style=\"padding-left: 30px;\">&nbsp;</p>\n<p class=\"paragraph text-align-type-left pap-line-1.8 pap-line-rule-auto pap-spacing-before-2pt pap-spacing-after-2pt\" style=\"text-align: right; padding-left: 30px;\">&mdash;&thinsp;Afrika Bambaataa</p>\n<p class=\"paragraph text-align-type-left pap-line-1.8 pap-line-rule-auto pap-spacing-before-2pt pap-spacing-after-2pt\">&nbsp;</p>\n<p class=\"paragraph text-align-type-left pap-line-1.8 pap-line-rule-auto pap-spacing-before-2pt pap-spacing-after-2pt\"><strong>历史</strong></p>\n<p class=\"paragraph text-align-type-left pap-line-1.8 pap-line-rule-auto pap-spacing-before-2pt pap-spacing-after-2pt\">随着70年代末迪斯科音乐的衰落，各种放克艺术家，如Zapp &amp; Roger，开始尝试使用话筒和使用更重、更独特的节奏。Boogie在电子音乐的形成期发挥了作用，特别是Electra的 \"Feels Good\"（Emergency - EMDS-6527），D.Train的后迪斯科制作 \"You're the One for Me\"（Prelude - PR）。Train（Prelude - PRL D 621），以及Eric Matthew/Darryl Payne制作的Sinnamon的 \"Thanks to You\"（Becket - BKD 508），和Electrik Funk的 \"On A Journey（I Sing The Funk Electric）\"（Prelude - PRL D 541）。 Electro最终作为不同风格的融合而出现，包括放克、boogie 与德国和日本技术流行的结合，此外还有来自Alvin Toffler的未来主义、武侠电影和视频游戏音乐的影响。该流派的直接先驱包括Kraftwerk和Yellow Magic Orchestra（YMO）。</p>\n<p class=\"paragraph text-align-type-left pap-line-1.8 pap-line-rule-auto pap-spacing-before-2pt pap-spacing-after-2pt\">&nbsp;</p>\n<div>\n<div class=\"document\">\n<p class=\"paragraph text-align-type-left pap-line-1.8 pap-line-rule-auto pap-spacing-before-2pt pap-spacing-after-2pt\">1980年，YMO是第一个使用TR-808可编程鼓机的乐队。同年，YMO成员坂本龙一发布了 \"Riot in Lagos\"，这首歌被认为是电子音乐的早期范例，并被认为预示着电子音乐标志性的节奏和声音。</p>\n<p class=\"paragraph text-align-type-left pap-line-1.8 pap-line-rule-auto pap-spacing-before-2pt pap-spacing-after-2pt\">&nbsp;</p>\n<p class=\"paragraph text-align-type-left pap-line-1.8 pap-line-rule-auto pap-spacing-before-2pt pap-spacing-after-2pt\" style=\"text-align: center;\"><img src=\"https://duopin-community.oss-cn-shenzhen.aliyuncs.com/syc9gq74sccexoyh4bua.jpg\" alt=\"\" width=\"739\" height=\"551\" /></p>\n<p class=\"paragraph text-align-type-left pap-line-1.8 pap-line-rule-auto pap-spacing-before-2pt pap-spacing-after-2pt\" style=\"text-align: center;\"><span style=\"font-size: 8pt;\">Afrika Bambaataa（图左）</span></p>\n<p class=\"paragraph text-align-type-left pap-line-1.8 pap-line-rule-auto pap-spacing-before-2pt pap-spacing-after-2pt\" style=\"text-align: center;\"><span style=\"font-size: 8pt;\">By Sean-Jin at English Wikipedia - Transferred from en.wikipedia to Commons., Public Domain, https://commons.wikimedia.org/w/index.php?curid=2999676</span></p>\n<p class=\"paragraph text-align-type-left pap-line-1.8 pap-line-rule-auto pap-spacing-before-2pt pap-spacing-after-2pt\">&nbsp;</p>\n<p class=\"paragraph text-align-type-left pap-line-1.8 pap-line-rule-auto pap-spacing-before-2pt pap-spacing-after-2pt\">1982年是Electro的一个分水岭。布朗克斯的制作人Afrika Bambaataa发布了开创性的曲目 \"Planet Rock\"，其中包含了Kraftwerk的 \"Trans-Europe Express\"（来自同名专辑）和 \"Numbers\"（来自Kraftwerk的1981年计算机世界专辑）的元素，并使用了独特的TR-808节奏。 这一年发行的另一张开创性的唱片，Warp 9的Nunk利用了 \"从电脑游戏和嘻哈语言中提取的图像。\"虽然仍未发行，但Def Jam之前的Russell Simmons在费城的工作室制作了Bruce Haack的原始嘻哈单曲《Party Machine》。1982年发行的电子嘻哈包括以下歌曲。Planet Patrol, Warp 9, Man Parrish, George Clinton (Computer Games), Grandmaster Flash and the Furious Five, Tyrone Brunson, The Jonzun Crew以及Whodini。</p>\n<p class=\"paragraph text-align-type-left pap-line-1.8 pap-line-rule-auto pap-spacing-before-2pt pap-spacing-after-2pt\">&nbsp;</p>\n<p class=\"paragraph text-align-type-left pap-line-1.8 pap-line-rule-auto pap-spacing-before-2pt pap-spacing-after-2pt\">1983年，Hashim 创作了有影响力的电子放克曲 \"Al-Naafiysh（灵魂）\"，成为Cutting Record在1983年11月的第一张唱片。当时，Hashim受到Man Parrish的 \"Hip Hop, Be Bop\"、Thomas Dolby的 \"She Blinded Me With Science \"和Afrika Bambaataa的 \"Planet Rock \"的影响。 \"Al-Nafyish \"后来被收录在Playgroup的合辑Kings of Electro （2007）中，与其他Electro经典如坂本的 \"Riot in Lagos \"一起。 同样在1983年，赫比-汉考克与Grand Mixer D.ST合作，发布了热门单曲 \"Rockit\"。</p>\n<p class=\"paragraph text-align-type-left pap-line-1.8 pap-line-rule-auto pap-spacing-before-2pt pap-spacing-after-2pt\">&nbsp;</p>\n<div>\n<div class=\"document\">\n<p class=\"paragraph text-align-type-left pap-line-1.8 pap-line-rule-auto pap-spacing-before-2pt pap-spacing-after-2pt\">Bambaataa和Planet Patrol、Jonzun Crew、Mantronix、Newcleus、Warp 9和Juan Atkins的底特律风格Cybotron等团体，继续影响着底特律的techno、ghettotech、breakbeat、drum and bass和electroclash等流派。Electro流派的早期制作人（特别是Arthur Baker、 John Robie 和Shep Pettibone）后来在拉丁自由风格（或简称 \"自由风格\"）运动中占据突出地位，还有Lotti Golden 和Richard Scher（Warp 9的制作人/作者）将电子、放克和嘻哈与拉丁音乐的元素融合在一起。</p>\n<p class=\"paragraph text-align-type-left pap-line-1.8 pap-line-rule-auto pap-spacing-before-2pt pap-spacing-after-2pt\">&nbsp;</p>\n<p class=\"paragraph text-align-type-left pap-line-1.8 pap-line-rule-auto pap-spacing-before-2pt pap-spacing-after-2pt\">到20世纪80年代末，该流派演变为今天所称的新派嘻哈。1983年，Run DMC的《It's Like That》的发行标志着风格上的转变，在鲜明的金属极简主义中专注于节拍。摇滚样本取代了在Electro中非常突出的合成器，说唱风格和技术也在同步发展，将说唱与不断变化的嘻哈文化紧密相连。</p>\n<p class=\"paragraph text-align-type-left pap-line-1.8 pap-line-rule-auto pap-spacing-before-2pt pap-spacing-after-2pt\">&nbsp;</p>\n<div>\n<div class=\"document\">\n<p class=\"paragraph text-align-type-left pap-line-1.8 pap-line-rule-auto pap-spacing-before-2pt pap-spacing-after-2pt\"><strong>Electro-soul&nbsp;&nbsp;&nbsp;&nbsp;</strong></p>\n<p class=\"paragraph text-align-type-left pap-line-1.8 pap-line-rule-auto pap-spacing-before-2pt pap-spacing-after-2pt\">20世纪80年代初，底特律techno DJEddie Fowlkes塑造了一种相关的风格，称为electro-soul，其特点是以bass line为主导，以切碎的电击节奏与深情的男声形成对比。 《丹佛邮报》的Dylan Owens在2016年关于该流派在丹佛音乐界崛起的简介中写道：\"与所有新生流派一样，关于electro-soul的定义很少，甚至连如何称呼它都没有。&nbsp;在为这篇文章采访的八位艺术家中，没有人同意任何一个名字来命名。&nbsp;但似乎可以肯定的是它的崛起，尤其是在本地。&nbsp;如果丹佛可以被称为任何流派的音乐火炬手，那就是electro-soul的半现场、半制作的嘻哈、灵魂、放克和爵士的漩涡\"。</p>\n<p class=\"paragraph text-align-type-left pap-line-1.8 pap-line-rule-auto pap-spacing-before-2pt pap-spacing-after-2pt\">&nbsp;</p>\n<div>\n<div class=\"document\">\n<p class=\"paragraph text-align-type-left pap-line-1.8 pap-line-rule-auto pap-spacing-before-2pt pap-spacing-after-2pt\"><strong>当代Electro</strong>&nbsp;&nbsp;</p>\n<p class=\"paragraph text-align-type-left pap-line-1.8 pap-line-rule-auto pap-spacing-before-2pt pap-spacing-after-2pt\">虽然80年代初是Electro在主流社会的全盛时期，但在90年代末，随着Anthony&nbsp;Rother等艺术家和Dave&nbsp;Clarke等DJ的出现，Electro再次受到欢迎，并在2007年再次卷土重来，掀起了第三波流行。&nbsp;尽管在很大程度上受到佛罗里达、底特律、迈阿密、洛杉矶和纽约风格的影响，但对Electro的持续兴趣主要集中在佛罗里达和欧洲，Electro俱乐部之夜再次成为普遍现象。&nbsp;这个场景仍然能够支持数以百计的Electro厂牌，从Clone Records的DiscoElectro，到老派B-boy风格的Breakin' Records和Dominance Electricity，到Citinite的电子朋克，再到更强硬更现代Electro风格的Bass Frequency Productions和Nu Illusion Music等厂牌。</p>\n<p class=\"paragraph text-align-type-left pap-line-1.8 pap-line-rule-auto pap-spacing-before-2pt pap-spacing-after-2pt\">&nbsp;</p>\n<p class=\"paragraph text-align-type-left pap-line-1.8 pap-line-rule-auto pap-spacing-before-2pt pap-spacing-after-2pt\">在过去几年里，Electro的新分支已经兴起。&nbsp;佛罗里达州是 \"Electrocore \"音乐的先驱，由Jackal and Hyde和Dynamix II等艺术家在20世纪90年代末开始，一直延续到今天。&nbsp;Skweee是一个在北欧国家，如瑞典和芬兰发展起来的流派，因此它的第一个名字是 \"斯堪的纳维亚放克\"。&nbsp;Skweee的艺术家仍然大多限于北欧国家。</p>\n<p class=\"paragraph text-align-type-left pap-line-1.8 pap-line-rule-auto pap-spacing-before-2pt pap-spacing-after-2pt\">&nbsp;</p>\n<p class=\"paragraph text-align-type-left pap-line-1.8 pap-line-rule-auto pap-spacing-before-2pt pap-spacing-after-2pt\">从20世纪90年代末开始，\"electro \"一词也被用来指其他两种Electro的融合体裁，或者与techno和new wave混合成electroclash，或者与house和前者混合成electro house。在Electro界，对于这些体裁在多大程度上构成Electro，存在一些争议。</p>\n<p class=\"paragraph text-align-type-left pap-line-1.8 pap-line-rule-auto pap-spacing-before-2pt pap-spacing-after-2pt\">&nbsp;</p>\n<p class=\"paragraph text-align-type-left pap-line-1.8 pap-line-rule-auto pap-spacing-before-2pt pap-spacing-after-2pt\">从2016年开始，这一类型的音乐得到了复苏，像Helena&nbsp;Hauff和DJ Stingray这样的DJ得到了更多的欢迎，像Dekmantel这样的音乐节也在他们的阵容中占据了重要位置。&nbsp;像Cultivated Electronics、CPU、brokntoys和Mechatronica这样的厂牌目前正在推动一个新的艺术家库，将这一风格引入新一代。</p>\n</div>\n</div>\n</div>\n</div>\n</div>\n</div>\n</div>\n</div>\n</div>\n</div>\n</div>\n</div>\n</div>\n</div>\n</div>\n</div>\n</div>",
 "contentEn": "<p><strong>Electro</strong>&nbsp;(or&nbsp;<strong>electro-funk</strong>)<sup id=\"cite_ref-ElectroHistoryRoots_3-0\" class=\"reference\">[3]</sup><sup id=\"cite_ref-globaldarkness.com_4-0\" class=\"reference\">[4]</sup>&nbsp;is a&nbsp;genre&nbsp;of&nbsp;electronic music&nbsp;and early&nbsp;hip hop&nbsp;directly influenced by the use of the&nbsp;Roland TR-808&nbsp;drum machines,<sup id=\"cite_ref-5\" class=\"reference\">[5]</sup><sup id=\"cite_ref-softskull_6-0\" class=\"reference\">[6]</sup>&nbsp;and&nbsp;funk.<sup id=\"cite_ref-7\" class=\"reference\">[7]</sup><sup id=\"cite_ref-8\" class=\"reference\">[8]</sup>&nbsp;Records in the genre typically feature&nbsp;drum machines&nbsp;and heavy electronic sounds, usually without vocals, although if vocals are present they are delivered in a deadpan manner, often through electronic distortion such as&nbsp;vocoding&nbsp;and&nbsp;talkboxing. This is the main distinction between electro and previously prominent genres such as&nbsp;disco, in which the electronic sound was only part of the instrumentation. It also palpably deviates from its predecessor&nbsp;boogie&nbsp;for being less vocal-oriented and more focused on electronic beats produced by drum machines.</p>\n<p>&nbsp;</p>\n<p>Following the decline of&nbsp;disco&nbsp;music in the United States, electro emerged as a fusion of&nbsp;funk<sup id=\"cite_ref-Electro_9-0\" class=\"reference\">[9]</sup>&nbsp;and early hip-hop with principal influences from New York&nbsp;boogie, German and Japanese electronic pop music. The genre emerged with musicians&nbsp;Arthur Baker,&nbsp;Afrika Bambaataa,&nbsp;Warp 9, and&nbsp;Hashim. Seminal electro tracks included \"Planet Rock\" (1982) and \"Nunk\" (1982), both featuring its characteristic TR-808 drum beats.</p>\n<p>&nbsp;</p>\n<p>The early 1980s were electro's mainstream peak. By the mid 1980s, the genre moved away from its electronic and funk influences, using harder edged beats and rock samples, exemplified by&nbsp;Run DMC. Electro became popular again in the late 1990s with artists such as&nbsp;Anthony Rother&nbsp;and DJs such as&nbsp;Dave Clarke.<sup id=\"cite_ref-ishkurOnElectro_10-0\" class=\"reference\">[10]</sup>&nbsp;A third wave of popularity occurred in 2007. Electro has branched out into subgenres, including&nbsp;electrocore&nbsp;and&nbsp;skweee.</p>\n<p>&nbsp;</p>\n<h2><span id=\"Definition_and_characteristics\" class=\"mw-headline\">Definition and characteristics</span></h2>\n<p>From its inception, one of the defining characteristics of the electro sound was the use of&nbsp;drum machines, particularly the&nbsp;Roland TR-808, as the rhythmic basis of the track. As the genre evolved, computers and sampling replaced drum machines in electronic music, and are now used by the majority of electro producers. It is important to note, that although the electro of the 1980s and contemporary electro (electronic dance music) both grew out of the dissolution of disco, they are now different genres.</p>\n<p>&nbsp;</p>\n<p>Classic (1980s) electro drum patterns tend to be electronic emulations of&nbsp;breakbeats&nbsp;(occasionally a&nbsp;four to the floor&nbsp;pattern is used as well), with a syncopated kick drum, and usually a snare or clap accenting the backbeat. The difference between electro drumbeats and breakbeats (or breaks) is that electro tends to be more mechanical, while breakbeats tend to have more of a human-like feel, like that of a live drummer. The definition however is somewhat ambiguous in nature due to the various uses of the term.<sup id=\"cite_ref-11\" class=\"reference\">[11]</sup></p>\n<p>&nbsp;</p>\n<p>The&nbsp;Roland TR-808&nbsp;drum machine was released in 1980, defining early electro with its immediately recognizable sound. Staccato, percussive drumbeats tended to dominate electro, almost exclusively provided by the TR-808. As an inexpensive way of producing a drum sound, the TR-808 caught on quickly with the producers of early electro because of the ability of its&nbsp;bass drum&nbsp;to generate extreme low-frequencies.<sup id=\"cite_ref-Anysound_12-0\" class=\"reference\">[12]</sup>&nbsp;This aspect of the Roland TR-808 was especially appealing to producers who would test drive their tracks in nightclubs (like NYC's Funhouse), where the bass drum sound was essential for a record's success.<sup id=\"cite_ref-13\" class=\"reference\">[13]</sup>&nbsp;Its unique percussion sounds like handclaps, open and closed high-hat, clave and cowbell became integral to the electro sound. A number of popular songs in the early 1980s employed the TR-808, including Marvin Gaye's &ldquo;Sexual Healing,&rdquo; Cybotron's &ldquo;Clear,&rdquo; and Afrika Bambaataa's &ldquo;Planet Rock.&rdquo;<sup id=\"cite_ref-14\" class=\"reference\">[14]</sup>&nbsp;The Roland TR-808 has attained iconic status, eventually being used on more hits than any other drum machine.<sup id=\"cite_ref-15\" class=\"reference\">[15]</sup>&nbsp;Through the use of samples, the Roland TR-808 remains popular in electro and other genres to the present day.</p>\n<p>&nbsp;</p>\n<p>Other electro instrumentation was generally electronic, favoring&nbsp;analog synthesis, programmed bass lines, sequenced or arpeggiated synthetic riffs, and atonal sound effects all created with&nbsp;synthesizers. Heavy use of effects such as&nbsp;reverbs,&nbsp;delays,&nbsp;chorus&nbsp;or&nbsp;phasers&nbsp;along with eerie synthetic ensemble strings or pad sounds emphasized the&nbsp;science fiction&nbsp;or&nbsp;futuristic&nbsp;themes of classic (1980s) electro, represented in the lyrics and/or music. Electro hip hop group&nbsp;Warp 9's 1983 single,&nbsp;Light Years Away, produced and written by&nbsp;Lotti Golden&nbsp;and Richard Scher, exemplifies the&nbsp;Sci-Fi,&nbsp;afrofuturist&nbsp;aspect of electro,<sup id=\"cite_ref-Toop-2000_16-0\" class=\"reference\">[16]</sup>&nbsp;reflected in both the lyrics and instrumentation. The imagery of its lyrical refrain&nbsp;<em>space is the place for the human race</em>&nbsp;pays homage to&nbsp;Sun Ra's 1974 film,<sup id=\"cite_ref-17\" class=\"reference\">[17]</sup>&nbsp;while its synth lines and sound effects are informed by sci-fi, computer games, and cartoons,\"born of a science-fiction revival.\".<sup id=\"cite_ref-Toop-2000_16-1\" class=\"reference\">[16]</sup><sup class=\"reference\">:148</sup></p>\n<p>&nbsp;</p>\n<p>Most electro is instrumental, but a common element is vocals processed through a&nbsp;vocoder. Additionally,&nbsp;speech synthesis&nbsp;may be used to create robotic or mechanical lyrical content, as in the iconic&nbsp;Planet Rock&nbsp;and the automatous chant in the chorus of&nbsp;Nunk&nbsp;by&nbsp;Warp 9.<sup id=\"cite_ref-18\" class=\"reference\">[18]</sup>&nbsp;Although primarily instrumental, early electro utilized rap. Male rap dominated the genre, however female rappers are an integral part of the electro tradition, whether featured in a group as in&nbsp;Warp 9&nbsp;or as solo performers like&nbsp;Roxanne Shante. The lyrical style that emerged along with electro became less popular by the 1990s, as rapping continued to evolve, becoming the domain of&nbsp;hip hop music.</p>\n<p>&nbsp;</p>\n<p>About electro origins:</p>\n<blockquote class=\"templatequote\">\n<p>&nbsp;</p>\n<p>It was all about stretching the boundaries that had begun to stifle black music, and its influences lay not only with German technopop wizards&nbsp;Kraftwerk, the acknowledged forefathers of pure electro, plus British futurist acts like the&nbsp;Human League&nbsp;and&nbsp;Gary Numan, but also with a number of pioneering black musicians. Major artists like&nbsp;Miles Davis,&nbsp;Sly Stone,&nbsp;Herbie Hancock,&nbsp;Stevie Wonder, legendary producer&nbsp;Norman Whitfield&nbsp;and, of course,&nbsp;George Clinton&nbsp;and his P Funk brigade, would all play their part in shaping this new sound via their innovative use of&nbsp;electronic instruments&nbsp;during the 70s (and as early as the late 60s in Miles Davis&rsquo;s case).</p>\n<div class=\"templatequotecite\" style=\"text-align: right;\">&mdash;&thinsp;<cite>Greg Wilson</cite></div>\n</blockquote>\n<blockquote class=\"templatequote\">\n<p>&nbsp;</p>\n<p>Gary Numan. Man he was dope. So important to us. When we heard that single, \"Are Friends Electric?\" it was like the aliens had landed in the Bronx. We were just throwing shapes to this tune, man. More than Kraftwerk. Numan was the inspiration. He's a hero. Without him, there'd be no electro.</p>\n<div class=\"templatequotecite\" style=\"text-align: right;\">&mdash;&thinsp;<cite>Afrika Bambaataa<sup id=\"cite_ref-blackfuture_19-0\" class=\"reference\">[19]</sup></cite></div>\n</blockquote>\n<p>&nbsp;</p>\n<h2><span id=\"History\" class=\"mw-headline\">History</span></h2>\n<p>Following the decline of&nbsp;disco&nbsp;music in the late 1970s, various funk artists such as&nbsp;Zapp &amp; Roger&nbsp;began experimenting with&nbsp;talk boxes&nbsp;and the use of heavier, more distinctive beats.&nbsp;Boogie&nbsp;played a role during the formative years of electro, notably \"Feels Good\" by Electra (Emergency&nbsp;&ndash; EMDS-6527),<sup id=\"cite_ref-Kraftinwork_20-0\" class=\"reference\">[20]</sup>&nbsp;the&nbsp;post-disco&nbsp;production \"You're the One for Me\" by&nbsp;D. Train&nbsp;(Prelude &ndash; PRL D 621),<sup id=\"cite_ref-Kraftinwork_20-1\" class=\"reference\">[20]</sup>&nbsp;and the&nbsp;Eric Matthew/Darryl Payne&nbsp;productions \"Thanks to You\" by&nbsp;Sinnamon&nbsp;(Becket &ndash; BKD 508),<sup id=\"cite_ref-Kraftinwork_20-2\" class=\"reference\">[20]</sup>&nbsp;and \"On A Journey (I Sing The Funk Electric)\" by Electrik Funk (Prelude &ndash; PRL D 541).<sup id=\"cite_ref-Kraftinwork_20-3\" class=\"reference\">[20]</sup>&nbsp;Electro eventually emerged as a fusion of different styles, including&nbsp;funk,&nbsp;boogie&nbsp;combined with German and Japanese&nbsp;technopop, in addition to influences from the&nbsp;futurism&nbsp;of&nbsp;Alvin Toffler,&nbsp;martial arts films, and&nbsp;video game music. The genre's immediate forebearers included&nbsp;Kraftwerk&nbsp;and&nbsp;Yellow Magic Orchestra&nbsp;(YMO).<sup id=\"cite_ref-Electro_9-1\" class=\"reference\">[9]</sup></p>\n<p>&nbsp;</p>\n<p>In 1980, YMO was the first band to utilize the TR-808 programmable drum machine.<sup id=\"cite_ref-21\" class=\"reference\">[21]</sup><sup id=\"cite_ref-22\" class=\"reference\">[22]</sup>&nbsp;That same year, YMO member&nbsp;Ryuichi Sakamoto&nbsp;released \"Riot in Lagos\", which is regarded as an early example of electro music,<sup id=\"cite_ref-auto_23-0\" class=\"reference\">[23]</sup><sup id=\"cite_ref-mantronik_interview_24-0\" class=\"reference\">[24]</sup>&nbsp;and is credited for having anticipated the beats and sounds of electro.<sup id=\"cite_ref-wire_1996_1-1\" class=\"reference\">[1]</sup>&nbsp;The song's influence can be seen in the work of later pioneering electro artists such as Afrika Bambaataa<sup id=\"cite_ref-wire_1996_1-2\" class=\"reference\">[1]</sup>&nbsp;and&nbsp;Mantronix.<sup id=\"cite_ref-mantronik_interview_24-1\" class=\"reference\">[24]</sup></p>\n<p>&nbsp;</p>\n<p>1982 was a watershed year for electro.&nbsp;Bronx&nbsp;based producer&nbsp;Afrika Bambaataa&nbsp;released the seminal track \"Planet Rock\", which contained elements of Kraftwerk's \"Trans-Europe Express\" (from the&nbsp;album of the same name) and \"Numbers\" (from Kraftwerk's 1981&nbsp;<em>Computer World</em>&nbsp;album)<sup id=\"cite_ref-globaldarkness.com_4-1\" class=\"reference\">[4]</sup><sup id=\"cite_ref-wire_1996_1-3\" class=\"reference\">[1]</sup><sup id=\"cite_ref-perkins_1996_25-0\" class=\"reference\">[25]</sup>&nbsp;combined with the use of distinctive TR-808 beats.<sup id=\"cite_ref-wire_1996_1-4\" class=\"reference\">[1]</sup>&nbsp;\"Planet Rock\" is widely regarded as a turning point in the electro genre, \"like a light being switched on.\"<sup id=\"cite_ref-Toop-2000_16-2\" class=\"reference\">[16]</sup><sup class=\"reference\">:146</sup><sup id=\"cite_ref-26\" class=\"reference\">[26]</sup>&nbsp;Another groundbreaking record released that year,&nbsp;Nunk&nbsp;by&nbsp;Warp 9&nbsp;utilized \"imagery drawn from computer games and hip hop slanguage.\"<sup id=\"cite_ref-Toop-2000_16-3\" class=\"reference\">[16]</sup>&nbsp;Although remaining unreleased, a pre-Def Jam&nbsp;Russell Simmons&nbsp;produced&nbsp;Bruce Haack's proto hip-hop single \"Party Machine\" at a studio in Philadelphia. Electro hip hop releases in 1982 include songs by:&nbsp;Planet Patrol,&nbsp;Warp 9,&nbsp;Man Parrish,&nbsp;George Clinton&nbsp;(<em>Computer Games</em>),&nbsp;Grandmaster Flash and the Furious Five,&nbsp;Tyrone Brunson,&nbsp;The Jonzun Crew&nbsp;and&nbsp;Whodini.<sup id=\"cite_ref-Toop-2000_16-4\" class=\"reference\">[16]</sup></p>\n<p>&nbsp;</p>\n<p>In 1983,&nbsp;Hashim&nbsp;created the influential electro funk tune \"Al-Naafiysh (The Soul)\" which became Cutting Record's first release in November 1983.<sup id=\"cite_ref-27\" class=\"reference\">[27]</sup>&nbsp;At the time Hashim was influenced by&nbsp;Man Parrish's \"Hip Hop, Be Bop\",&nbsp;Thomas Dolby's \"She Blinded Me With Science\" and Afrika Bambaataa's \"Planet Rock\".<sup id=\"cite_ref-28\" class=\"reference\">[28]</sup>&nbsp;\"Al-Nafyish\" was later included in&nbsp;Playgroup's&nbsp;compilation album&nbsp;<em>Kings of Electro</em>&nbsp;(2007), alongside other electro classics such as Sakamoto's \"Riot in Lagos\".<sup id=\"cite_ref-29\" class=\"reference\">[29]</sup>&nbsp;Also in 1983,&nbsp;Herbie Hancock, in collaboration with&nbsp;Grand Mixer D.ST, released the hit single \"Rockit\".</p>\n<p>&nbsp;</p>\n<p>Bambaataa and groups like&nbsp;Planet Patrol,&nbsp;Jonzun Crew, Mantronix,&nbsp;Newcleus,&nbsp;Warp 9&nbsp;and&nbsp;Juan Atkins'&nbsp;Detroit-based group&nbsp;Cybotron&nbsp;went on to influence the genres of&nbsp;Detroit techno,&nbsp;ghettotech,&nbsp;breakbeat,&nbsp;drum and bass&nbsp;and&nbsp;electroclash. Early producers in the electro genre (notably&nbsp;Arthur Baker,<sup id=\"cite_ref-30\" class=\"reference\">[30]</sup>&nbsp;John Robie&nbsp;and&nbsp;Shep Pettibone) later featured prominently in the&nbsp;Latin Freestyle&nbsp;(or simply \"Freestyle\") movement, along with&nbsp;Lotti Golden&nbsp;and Richard Scher (the producer/writers of&nbsp;Warp 9) fusing electro, funk, and hip hop with elements of Latin music.<sup id=\"cite_ref-Toop-2000_16-5\" class=\"reference\">[16]</sup></p>\n<p>&nbsp;</p>\n<p>By the late 1980s, the genre evolved into what is known today as&nbsp;new school hip hop. The release of&nbsp;Run DMC's&nbsp;It's Like That&nbsp;(1983) marked a stylistic shift, focusing down on the beats in a stark, metal minimalism.<sup id=\"cite_ref-Toop-2000_16-6\" class=\"reference\">[16]</sup><sup class=\"reference\">:151</sup>&nbsp;Rock samples replaced synthesizers that had figured so prominently in electro, and rap styles and techniques evolved in tandem, anchoring rap to the changing hip hop culture.<sup id=\"cite_ref-allmusic_31-0\" class=\"reference\">[31]</sup>&nbsp;Baker, Pettibone, Golden and Scher enjoyed robust careers well into the house era, eluding the \"genre trap\" to successfully produce mainstream artists.<sup id=\"cite_ref-32\" class=\"reference\">[32]</sup></p>\n<h2>&nbsp;</h2>\n<h2><span id=\"Electro-soul\" class=\"mw-headline\">Electro-soul</span></h2>\n<p>In the early 1980s, Detroit techno DJ&nbsp;Eddie Fowlkes&nbsp;shaped a related style called electro-soul, which was characterized by a predominant bass line and a chopped up electro breakbeat contrasted with&nbsp;soulful&nbsp;male vocals.<sup id=\"cite_ref-33\" class=\"reference\">[33]</sup>&nbsp;Kurtis Mantronik's electro-soul productions for&nbsp;Joyce Sims&nbsp;presaged&nbsp;new jack swing's combination of hip hop and soul elements.<sup id=\"cite_ref-34\" class=\"reference\">[34]</sup>&nbsp;In a 2016 profile on the genre's rise in Denver's music scene, Dylan Owens of&nbsp;<em>The Denver Post</em>&nbsp;writes, \"As with all fledgling genres, little about electro-soul is defined &mdash; even what to call it. (Of the eight artists interviewed for this article, none agreed on any one name.) But what does seem sure is its rise, especially locally. If Denver can be known as the musical torchbearer of any genre, it's electro-soul's half-live, half-produced swirl of hip-hop, soul, funk and jazz.\"<sup id=\"cite_ref-35\" class=\"reference\">[35]</sup></p>\n<p>&nbsp;</p>\n<h2><span id=\"Contemporary_electro\" class=\"mw-headline\">Contemporary electro</span></h2>\n<p>Although the early 1980s were electro's heyday in the mainstream, it enjoyed renewed popularity in the late 1990s with artists such as&nbsp;Anthony Rother&nbsp;and DJs such as&nbsp;Dave Clarke, and has made yet another comeback for a third wave of popularity in 2007. The continued interest in electro, though influenced to a great degree by Florida, Detroit, Miami, Los Angeles and New York styles, has primarily taken hold in Florida and Europe with electro club nights becoming commonplace again. The scene still manages to support hundreds of electro labels, from the disco electro of Clone Records, to the&nbsp;old school&nbsp;b-boy&nbsp;styles of Breakin&rsquo; Records and Dominance Electricity, to the electrofunk of Citinite, and to harder more modern styles of electro of labels like Bass Frequency Productions and Nu Illusion Music.</p>\n<p>&nbsp;</p>\n<p>New branches of electro have risen over the last couple of years. Florida has pioneered the \"Electrocore\" sound, started in the late 1990s by artists like Jackal and Hyde and Dynamix II and carried on to this day.&nbsp;Skweee&nbsp;is a genre which developed in Nordic countries such as&nbsp;Sweden&nbsp;and&nbsp;Finland, hence its first name \"Scandinavian Funk\". The outlets and artists of Skweee are still mostly limited to the Nordic countries.</p>\n<p>&nbsp;</p>\n<p>From the late 1990s onward, the term \"electro\" is also used to refer two other fusion genres of electro, either blended with&nbsp;techno&nbsp;and&nbsp;new wave&nbsp;in&nbsp;electroclash,<sup id=\"cite_ref-36\" class=\"reference\">[36]</sup><sup id=\"cite_ref-37\" class=\"reference\">[37]</sup>&nbsp;or with&nbsp;house&nbsp;and the former in&nbsp;electro house.<sup id=\"cite_ref-3345_DJ_Cyclopedia_House_music_styles_38-0\" class=\"reference\">[38]</sup><sup id=\"cite_ref-da-housemusic_Tumblr_39-0\" class=\"reference\">[39]</sup><sup id=\"cite_ref-HubPages_Style_Music_40-0\" class=\"reference\">[40]</sup>&nbsp;There is some debate within the electro community on how much these genres constitute electro.<sup id=\"cite_ref-softskull_6-1\" class=\"reference\">[6]</sup><sup id=\"cite_ref-41\" class=\"reference\">[41]</sup></p>\n<p>&nbsp;</p>\n<p>The genre enjoyed a resurgence from 2016 onwards, with DJs like Helena Hauff and DJ Stingray gaining more popularity and festivals like Dekmantel featuring it prominently on their lineups. Labels like Cultivated Electronics, CPU, brokntoys and Mechatronica are currently pushing a new trove of artists&nbsp;<sup id=\"cite_ref-42\" class=\"reference\">[42]</sup><sup id=\"cite_ref-43\" class=\"reference\">[43]</sup>&nbsp;which has introduced the genre to a new generation.</p>\n<p>&nbsp;</p>\n<h2><span id=\"References\" class=\"mw-headline\">References</span></h2>\n<ol class=\"references\">\n<li id=\"cite_note-wire_1996-1\">&nbsp;<span class=\"reference-text\"><cite id=\"CITEREFDavid_Toop1996\" class=\"citation cs2\">David Toop (March 1996),&nbsp;\"A-Z Of Electro\",&nbsp;<em>The Wire</em>&nbsp;(145)<span class=\"reference-accessdate\">, retrieved&nbsp;<span class=\"nowrap\">May 29,</span>&nbsp;2011</span></cite></span></li>\n<li id=\"cite_note-2\"><span class=\"mw-cite-backlink\"><strong>^</strong></span>&nbsp;<span class=\"reference-text\"><cite id=\"CITEREFVincent2014\" class=\"citation book cs1\">Vincent, Rickey (November 4, 2014).&nbsp;<em>Funk: The Music, the People, and the Rhythm of the One</em>.&nbsp;ISBN&nbsp;<bdi>9781466884526</bdi>.</cite></span></li>\n<li id=\"cite_note-ElectroHistoryRoots-3\"><span class=\"mw-cite-backlink\"><strong>^</strong></span>&nbsp;<span class=\"reference-text\"><cite class=\"citation web cs1\">\"Electro-Funk: What did it all mean?\". Greg Wilson on electrofunkroots.co.uk<span class=\"reference-accessdate\">. Retrieved&nbsp;<span class=\"nowrap\">December 23,</span>&nbsp;2009</span>.</cite></span></li>\n<li id=\"cite_note-globaldarkness.com-4\"><span class=\"mw-cite-backlink\">^&nbsp;<span class=\"cite-accessibility-label\">Jump up to:</span><sup><em><strong>a</strong></em></sup>&nbsp;<sup><em><strong>b</strong></em></sup></span>&nbsp;<span class=\"reference-text\">Rap meets Techno, with a short history of Electro. Globaldarkness.com. Retrieved on July 18, 2011.</span></li>\n<li id=\"cite_note-5\"><span class=\"mw-cite-backlink\"><strong>^</strong></span>&nbsp;<span class=\"reference-text\">Gavin Weale (2001)&nbsp;The Future Sound Of Electro. Electroempire.com</span></li>\n<li id=\"cite_note-softskull-6\"><span class=\"mw-cite-backlink\">^&nbsp;<span class=\"cite-accessibility-label\">Jump up to:</span><sup><em><strong>a</strong></em></sup>&nbsp;<sup><em><strong>b</strong></em></sup></span>&nbsp;<span class=\"reference-text\"><cite id=\"CITEREFReynolds2013\" class=\"citation book cs1\">Reynolds, Simon (2013).&nbsp;<em>Energy Flash: A Journey Through Rave Music and Dance Culture</em>. Soft Skull Press.&nbsp;<q>The dominant style at Hard Summer, provided by artists like Zedd, Erol Alkan and Bloody Beetroots, is what's been tagged 'electro house', although to my ears it has little relationship with either house or electro (in the original eighties 808-bass-bumping sense).</q></cite></span></li>\n<li id=\"cite_note-7\"><span class=\"mw-cite-backlink\"><strong>^</strong></span>&nbsp;<span class=\"reference-text\">Electro itself is a musical style blending \"funk &amp; synthesizers with elements of hip-hop\", according to&nbsp;<cite id=\"CITEREFDent2003\" class=\"citation journal cs1\">Dent, Susie (2003).&nbsp;<span class=\"cs1-lock-registration\" title=\"Free registration required\">\"The Language Report\"</span>:&nbsp;43.</cite></span></li>\n<li id=\"cite_note-8\"><span class=\"mw-cite-backlink\"><strong>^</strong></span>&nbsp;<span class=\"reference-text\">Sean 'P-Ski' P (1995)&nbsp;Electro &ndash; What Does It Mean?. Electroempire.com</span></li>\n<li id=\"cite_note-Electro-9\"><span class=\"mw-cite-backlink\">^&nbsp;<span class=\"cite-accessibility-label\">Jump up to:</span><sup><em><strong>a</strong></em></sup>&nbsp;<sup><em><strong>b</strong></em></sup></span>&nbsp;<span class=\"reference-text\"><cite class=\"citation web cs1\">\"Electro\".&nbsp;<em>Allmusic</em><span class=\"reference-accessdate\">. Retrieved&nbsp;<span class=\"nowrap\">June 20,</span>&nbsp;2012</span>.</cite></span></li>\n<li id=\"cite_note-ishkurOnElectro-10\"><span class=\"mw-cite-backlink\"><strong>^</strong></span>&nbsp;<span class=\"reference-text\"><cite id=\"CITEREFIshkur2005\" class=\"citation web cs1\">Ishkur (2005).&nbsp;\"Ishkur's guide to Electronic Music\"<span class=\"reference-accessdate\">. Retrieved&nbsp;<span class=\"nowrap\">June 1,</span>&nbsp;2014</span>.</cite></span></li>\n<li id=\"cite_note-11\"><span class=\"mw-cite-backlink\"><strong>^</strong></span>&nbsp;<span class=\"reference-text\">Electro-Funk&nbsp;: What Did It All Mean?. Electrofunkroots.co.uk. Retrieved on July 18, 2011.</span></li>\n<li id=\"cite_note-Anysound-12\"><span class=\"mw-cite-backlink\"><strong>^</strong></span>&nbsp;<span class=\"reference-text\"><cite class=\"citation journal cs1\">\"Anysound\".&nbsp;<em>Keyboard</em>.&nbsp;<strong>14</strong>&nbsp;(11): 34. 1988.</cite>; as cited in&nbsp;<cite id=\"CITEREFTh&eacute;berge,_Paul1997\" class=\"citation book cs1\">Th&eacute;berge, Paul (1997).&nbsp;<em>Any sound you can imagine: making music/consuming all counts of technology</em>. Middletown, Conn: Wesleyan University Press. pp.&nbsp;197.&nbsp;ISBN&nbsp;<bdi>978-0-8195-6309-5</bdi>.</cite></span></li>\n<li id=\"cite_note-13\"><span class=\"mw-cite-backlink\"><strong>^</strong></span>&nbsp;<span class=\"reference-text\">Harvey, Steven \"The Perfect Beat\" The Face Magazine, October 1983</span></li>\n<li id=\"cite_note-14\"><span class=\"mw-cite-backlink\"><strong>^</strong></span>&nbsp;<span class=\"reference-text\"><cite id=\"CITEREFDayal2013\" class=\"citation book cs1\">Dayal, Geeta (2013).&nbsp;<em>The Grove Dictionary of American Music</em>. Oxford Music Online. pp.&nbsp;Roland TR&ndash;808.</cite></span></li>\n<li id=\"cite_note-15\"><span class=\"mw-cite-backlink\"><strong>^</strong></span>&nbsp;<span class=\"reference-text\"><cite id=\"CITEREFPeter_Wells2004\" class=\"citation cs2\">Peter Wells (2004),&nbsp;<em>A Beginner's Guide to Digital Video</em>, AVA Books, p.&nbsp;18,&nbsp;ISBN&nbsp;<bdi>978-2-88479-037-6</bdi><span class=\"reference-accessdate\">, retrieved&nbsp;<span class=\"nowrap\">May 20,</span>&nbsp;2011</span></cite></span></li>\n<li id=\"cite_note-Toop-2000-16\"><span class=\"mw-cite-backlink\">^&nbsp;<span class=\"cite-accessibility-label\">Jump up to:</span><sup><em><strong>a</strong></em></sup>&nbsp;<sup><em><strong>b</strong></em></sup>&nbsp;<sup><em><strong>c</strong></em></sup>&nbsp;<sup><em><strong>d</strong></em></sup>&nbsp;<sup><em><strong>e</strong></em></sup>&nbsp;<sup><em><strong>f</strong></em></sup>&nbsp;<sup><em><strong>g</strong></em></sup></span>&nbsp;<span class=\"reference-text\">Toop, David (2000). Rap Attack 3: African Rap To Global Hip Hop. (Expanded Third Edition) Serpent's Tail, London N4 2BT p.148&nbsp;ISBN&nbsp;1-85242-627-6.</span></li>\n<li id=\"cite_note-17\"><span class=\"mw-cite-backlink\"><strong>^</strong></span>&nbsp;<span class=\"reference-text\"><cite class=\"citation web cs1\">\"Space Is the Place\".&nbsp;<em>IMDb.com</em>.</cite></span></li>\n<li id=\"cite_note-18\"><span class=\"mw-cite-backlink\"><strong>^</strong></span>&nbsp;<span class=\"reference-text\"><cite id=\"CITEREFMoleyPhillipsMuirSmith1983\" class=\"citation web cs1\">Moley, Raymond; Phillips, Joseph Becker; Muir, Malcolm; Smith, Rex; Williamson, Samuel Thurston (November 20, 1983).&nbsp;\"Newsweek\". Newsweek, Incorporated &ndash; via Google Books.</cite></span></li>\n<li id=\"cite_note-blackfuture-19\"><span class=\"mw-cite-backlink\"><strong>^</strong></span>&nbsp;<span class=\"reference-text\">Butler, Mark J. \"Electronica, Dance and Club Music\" (2017).&nbsp;page 456, Routledge.&nbsp;ISBN&nbsp;9781351568548.</span></li>\n<li id=\"cite_note-Kraftinwork-20\"><span class=\"mw-cite-backlink\">^&nbsp;<span class=\"cite-accessibility-label\">Jump up to:</span><sup><em><strong>a</strong></em></sup>&nbsp;<sup><em><strong>b</strong></em></sup>&nbsp;<sup><em><strong>c</strong></em></sup>&nbsp;<sup><em><strong>d</strong></em></sup></span>&nbsp;<span class=\"reference-text\"><cite id=\"CITEREFDavid_Pattie2011\" class=\"citation book cs1\">David Pattie, Sean Albiez (2011).&nbsp;<em>Kraftwerk: Music Non-Stop</em>. A&amp;C Black, 2011. p.&nbsp;728.&nbsp;ISBN&nbsp;<bdi>9781441191366</bdi>.</cite></span></li>\n<li id=\"cite_note-21\"><span class=\"mw-cite-backlink\"><strong>^</strong></span>&nbsp;<span class=\"reference-text\"><cite id=\"CITEREFMickey_Hess2007\" class=\"citation cs2\">Mickey Hess (2007),&nbsp;<em>Icons of hip hop: an encyclopedia of the movement, music, and culture, Volume 1</em>,&nbsp;ABC-CLIO, p.&nbsp;75,&nbsp;ISBN&nbsp;<bdi>978-0-313-33903-5</bdi><span class=\"reference-accessdate\">, retrieved&nbsp;<span class=\"nowrap\">May 29,</span>&nbsp;2011</span></cite></span></li>\n<li id=\"cite_note-22\"><span class=\"mw-cite-backlink\"><strong>^</strong></span>&nbsp;<span class=\"reference-text\"><cite id=\"CITEREFJason_Anderson2008\" class=\"citation news cs1\">Jason Anderson (November 28, 2008).&nbsp;\"Slaves to the rhythm: Kanye West is the latest to pay tribute to a classic drum machine\".&nbsp;CBC News<span class=\"reference-accessdate\">. Retrieved&nbsp;<span class=\"nowrap\">May 29,</span>&nbsp;2011</span>.</cite></span></li>\n<li id=\"cite_note-auto-23\"><span class=\"mw-cite-backlink\"><strong>^</strong></span>&nbsp;<span class=\"reference-text\"><cite id=\"CITEREFBroughton2007\" class=\"citation book cs1\">Broughton, Frank (2007).&nbsp;<em>La historia del DJ / The DJ's Story, Volume 2</em>. Ediciones Robinbook. p.&nbsp;121.&nbsp;ISBN&nbsp;<bdi>978-84-96222-79-3</bdi><span class=\"reference-accessdate\">. Retrieved&nbsp;<span class=\"nowrap\">May 25,</span>&nbsp;2011</span>.</cite></span></li>\n<li id=\"cite_note-mantronik_interview-24\"><span class=\"mw-cite-backlink\">^&nbsp;<span class=\"cite-accessibility-label\">Jump up to:</span><sup><em><strong>a</strong></em></sup>&nbsp;<sup><em><strong>b</strong></em></sup></span>&nbsp;<span class=\"reference-text\"><cite class=\"citation cs2\">\"Kurtis Mantronik Interview\",&nbsp;<em>Hip Hop Storage</em>, July 2002, archived from&nbsp;the original&nbsp;on May 24, 2011<span class=\"reference-accessdate\">, retrieved&nbsp;<span class=\"nowrap\">May 25,</span>&nbsp;2011</span></cite></span></li>\n<li id=\"cite_note-perkins_1996-25\"><span class=\"mw-cite-backlink\"><strong>^</strong></span>&nbsp;<span class=\"reference-text\"><cite id=\"CITEREFWilliam_Eric_Perkins1996\" class=\"citation cs2\">William Eric Perkins (1996),&nbsp;<em>Droppin' science: critical essays on rap music and hip hop culture</em>,&nbsp;Temple University Press, p.&nbsp;12,&nbsp;ISBN&nbsp;<bdi>978-1-56639-362-1</bdi><span class=\"reference-accessdate\">, retrieved&nbsp;<span class=\"nowrap\">May 26,</span>&nbsp;2011</span></cite></span></li>\n<li id=\"cite_note-26\"><span class=\"mw-cite-backlink\"><strong>^</strong></span>&nbsp;<span class=\"reference-text\">Sicko, D.,&nbsp;<em>Techno Rebels: The Renegades of Electronic Funk</em>, Billboard Books, 1999 (ISBN&nbsp;978-0823084289), p. 73.</span></li>\n<li id=\"cite_note-27\"><span class=\"mw-cite-backlink\"><strong>^</strong></span>&nbsp;<span class=\"reference-text\">Kellman, A. (2007).&nbsp;<em>Hashim Biography</em>. All Media Guide. Retrieved September 6, 2007, from&nbsp;[1]</span></li>\n<li id=\"cite_note-28\"><span class=\"mw-cite-backlink\"><strong>^</strong></span>&nbsp;<span class=\"reference-text\">Electro Empire. (2000).&nbsp;<em>Hashim interview</em>. ElectroEmpire Articles. Retrieved on September 5, 2007. from&nbsp;<cite class=\"citation web cs1\">\"Archived copy\". Archived from&nbsp;the original&nbsp;on June 5, 2008<span class=\"reference-accessdate\">. Retrieved&nbsp;<span class=\"nowrap\">August 7,</span>&nbsp;2011</span>.</cite></span></li>\n<li id=\"cite_note-29\"><span class=\"mw-cite-backlink\"><strong>^</strong></span>&nbsp;<span class=\"reference-text\">Kings of Electro&nbsp;at&nbsp;AllMusic</span></li>\n<li id=\"cite_note-30\"><span class=\"mw-cite-backlink\"><strong>^</strong></span>&nbsp;<span class=\"reference-text\">When The Planet Rocked. Electrofunkroots.co.uk. Retrieved on July 18, 2011.</span></li>\n<li id=\"cite_note-allmusic-31\"><span class=\"mw-cite-backlink\"><strong>^</strong></span>&nbsp;<span class=\"reference-text\"><cite class=\"citation web cs1\">\"Electro\"<span class=\"reference-accessdate\">. Retrieved&nbsp;<span class=\"nowrap\">October 4,</span>&nbsp;2014</span>.&nbsp;<q>Despite its successes (documented in full on Rhino's four-disc Electric Funk set), the style was quickly eclipsed by the mid-'80s rise of hip-hop music built around samples (often from rock records) rather than musical synthesizers.</q></cite></span></li>\n<li id=\"cite_note-32\"><span class=\"mw-cite-backlink\"><strong>^</strong></span>&nbsp;<span class=\"reference-text\">Miami Gets Put On the Musical Map. Electroempire.com</span></li>\n<li id=\"cite_note-33\"><span class=\"mw-cite-backlink\"><strong>^</strong></span>&nbsp;<span class=\"reference-text\"><cite id=\"CITEREFKing2003\" class=\"citation journal cs1\">King, SB (2003). \"The Fader\".&nbsp;<em>The Fader</em>&nbsp;(16&ndash;17): 188.</cite></span></li>\n<li id=\"cite_note-34\"><span class=\"mw-cite-backlink\"><strong>^</strong></span>&nbsp;<span class=\"reference-text\"><cite id=\"CITEREFShapiro2005\" class=\"citation book cs1\">Shapiro, Peter&nbsp;(2005).&nbsp;<em>The Rough Guide to Hip-Hop</em>&nbsp;(2nd&nbsp;ed.).&nbsp;Rough Guides. p.&nbsp;2005.&nbsp;ISBN&nbsp;<bdi>978-1843532637</bdi>.</cite></span></li>\n<li id=\"cite_note-35\"><span class=\"mw-cite-backlink\"><strong>^</strong></span>&nbsp;<span class=\"reference-text\"><cite id=\"CITEREFOwens2016\" class=\"citation news cs1\">Owens, Dylan (December 29, 2016).&nbsp;\"How electro-soul found its home in Denver's 'middle of nowhere' music scene\".&nbsp;<em>The Denver Post</em><span class=\"reference-accessdate\">. Retrieved&nbsp;<span class=\"nowrap\">August 2,</span>&nbsp;2020</span>.</cite></span></li>\n<li id=\"cite_note-36\"><span class=\"mw-cite-backlink\"><strong>^</strong></span>&nbsp;<span class=\"reference-text\"><cite id=\"CITEREFD._Lynskey2002\" class=\"citation journal cs1\">D. Lynskey (March 22, 2002).&nbsp;\"Out with the old, in with the older\".&nbsp;<em>Guardian.co.uk</em>. Archived from&nbsp;the original&nbsp;on February 16, 2011.</cite></span></li>\n<li id=\"cite_note-37\"><span class=\"mw-cite-backlink\"><strong>^</strong></span>&nbsp;<span class=\"reference-text\"><cite class=\"citation web cs1\">\"The Electroclash Mix by Larry Tee\".&nbsp;<em>Ew.com</em><span class=\"reference-accessdate\">. Retrieved&nbsp;<span class=\"nowrap\">February 25,</span>&nbsp;2021</span>.</cite></span></li>\n<li id=\"cite_note-3345_DJ_Cyclopedia_House_music_styles-38\"><span class=\"mw-cite-backlink\"><strong>^</strong></span>&nbsp;<span class=\"reference-text\"><cite class=\"citation web cs1\">\"Music Definitions - House music&nbsp;: styles\".&nbsp;<em>DJ Cyclopedia</em>. 3345. Archived from&nbsp;the original&nbsp;on July 10, 2005.&nbsp;<q>Electro house&nbsp;: Sometimes resembles tech house, but often influenced by the 'electro' sound of the early 1980s, a.k.a. breakdancing music, via samples or just synthesizer usage.</q></cite></span></li>\n<li id=\"cite_note-da-housemusic_Tumblr-39\"><span class=\"mw-cite-backlink\"><strong>^</strong></span>&nbsp;<span class=\"reference-text\"><cite class=\"citation web cs1\">\"Electro House\". Tumblr<span class=\"reference-accessdate\">. Retrieved&nbsp;<span class=\"nowrap\">June 12,</span>&nbsp;2012</span>.&nbsp;<q>It was in the early 2000s when a big movement of electroclash being mixed with synthpop. Meanwhile, tech house was also becoming more known and gaining some serious buzz. When the two were combined that is when Electro House came to be the way it is now. ... 'Satisfaction' was one of those songs that people would have stuck in their head for days. This song still continues to receive a lot of attention even now. It won world wide rewards as well as make Benny Benassi the father of Electro House.</q></cite></span></li>\n<li id=\"cite_note-HubPages_Style_Music-40\"><span class=\"mw-cite-backlink\"><strong>^</strong></span>&nbsp;<span class=\"reference-text\"><cite class=\"citation cs2\"><em>Electro House of Style Music</em>, HubPages,&nbsp;<q>Many people want to find out exactly where did this style of music emerge from. There isn't any factual evidence to prove anything. As with most music history, it isn't certain... It is noted that about ten years ago there was a large revolutionary time in electro music being mixed with pop. At the same time tech house was gaining popularity. When the two were mixed that is when Electro House came to be the way it is now.</q></cite></span></li>\n<li id=\"cite_note-41\"><span class=\"mw-cite-backlink\"><strong>^</strong></span>&nbsp;<span class=\"reference-text\"><cite class=\"citation web cs1\">\"Electro versus \"electro\" (electro house/pop/clash)\".&nbsp;MetaFilter<span class=\"reference-accessdate\">. Retrieved&nbsp;<span class=\"nowrap\">November 10,</span>&nbsp;2014</span>.</cite></span></li>\n<li id=\"cite_note-42\"><span class=\"mw-cite-backlink\"><strong>^</strong></span>&nbsp;<span class=\"reference-text\"><cite class=\"citation web cs1\">\"The return of electro\".&nbsp;<em>Djmag.com</em>. August 25, 2017<span class=\"reference-accessdate\">. Retrieved&nbsp;<span class=\"nowrap\">February 25,</span>&nbsp;2021</span>.</cite></span></li>\n<li id=\"cite_note-43\"><span class=\"mw-cite-backlink\"><strong>^</strong></span>&nbsp;<span class=\"reference-text\"><cite class=\"citation web cs1\">\"The rise and rise of electro\".&nbsp;<em>Mixmag.net</em><span class=\"reference-accessdate\">. Retrieved&nbsp;<span class=\"nowrap\">February 25,</span>&nbsp;2021</span>.</cite></span></li>\n</ol>",
 "remarks": "本词条汉字内容由 @多频百科团队 翻译+编辑\n原文译自  https://en.wikipedia.org/wiki/Electro_(music)",
 "remarksEn": "本词条内容来自  https://en.wikipedia.org/wiki/Electro_(music)",
 "status": 1,
 "clickNum": 21,
 "deleted": 0,
 "lang": 0,
 "chooseLang": true,
 "id": 24,
 "name": "Electro Funk",
 "descriptions": "Electro（或Electro-funk）是受Roland TR-808鼓机的使用和funk音乐直接影响的一种电子音乐和早期嘻哈音乐类型。该类型的作品通常带有鼓机和沉重的电子声音，通常没有人声。如果存在人声部分，通常会通过电子失真（如声码器或Talkbox）来传递。这也是Electro与迪斯科等类型的主要区别，在迪斯科中，电子声只是乐器的一部分。Electro也明显偏离了它的前辈boogie，因为它不太注重人声，而更注重鼓机制作的电子节拍。",
 "originalName": "Electro",
 "startTimeText": "early 1980s",
 "startAddress": "U.S. (New York City, Los Angeles, Detroit), Japan, Germany",
 "searchStyle": "Electro Funk",
 "styleCategory": "Fusion Genres",
 "originalStyle": "Electronic, synth-pop, funk, boogie, hip hop, chiptune",
 "affectStyle": "Electroclash, electro house, electropop, electro swing, electro hop, electro rock",
 "deriveStyle": "Electrocore, skweee",
 "representArtist": "",
 "officialUrl": "https://en.wikipedia.org/wiki/Electro_(music)",
 "typeId": 13,
 "typeName": "风格",
 "dataId": 24,
 "url": "http://dropinapp.hearinmusic.com/#/ency?typeId=13&dataId=24"
}