{
 "pageNum": 1,
 "pageSize": 10,
 "params": {},
 "relationChannel": "[{\"id\":1117,\"parentId\":8,\"name\":\"Electro Swing\"}]",
 "content": "<p>Electro Swing（电子摇摆）是电子音乐的一种子风格，结合了老式和现代摇摆和爵士乐的影响，并结合了House，嘻哈和EDM。 该流派的成功实例创造了一种现代而集中在舞池上的声音，这种声音更容易被现代人听到，但也保留了现场铜管乐器和早期摇摆录音的活力。 电子摇摆乐队通常包括歌手，演奏传统爵士乐器（例如小号，长号，单簧管，萨克斯风）的音乐家和至少一个DJ。</p>\n<p>&nbsp;</p>\n<p>一些著名的Electro Swing歌曲包括 Yolanda Be Cool 和 DCUP 的&ldquo;We No Speak Americano&rdquo;、Icona Pop 的&ldquo;Emergency&rdquo;、Doop 的&ldquo;Doop&rdquo;、Fergie 的&ldquo;A Little Party Never Killed No (All We Got)&rdquo; 、Q-Tip 和 GoonRock 以及 Momoland 的&ldquo;Bboom Bboom&rdquo;。</p>",
 "contentEn": "<p><strong>Electro swing</strong>, or&nbsp;<strong>swing house</strong>, is an&nbsp;electronic dance music&nbsp;genre that combines the influence of vintage or modern&nbsp;swing&nbsp;and&nbsp;jazz&nbsp;mixed with&nbsp;house&nbsp;and&nbsp;hip hop. Successful examples of the genre create a modern and dance-floor focused sound that is more readily accessible to the modern ear, but that also retains the energetic excitement of live brass and early swing recordings. Electro swing groups typically include singers, musicians playing traditional jazz instruments (e.g.&nbsp;trumpet,&nbsp;trombone,&nbsp;clarinet,&nbsp;saxophone) and at least one DJ.</p>\n<p>&nbsp;</p>\n<p>Some notable songs in the electro swing genre include \"We No Speak Americano\" by&nbsp;Yolanda Be Cool&nbsp;and&nbsp;DCUP, \"Emergency\" by&nbsp;Icona Pop, \"Doop\" by&nbsp;Doop, \"A Little Party Never Killed Nobody (All We Got)\" by&nbsp;Fergie,&nbsp;Q-Tip&nbsp;and&nbsp;GoonRock&nbsp;and \"Bboom Bboom\" by&nbsp;Momoland.</p>",
 "remarks": "本词条汉字内容由 @多频百科团队 翻译+编辑\n原文译自 https://en.wikipedia.org/wiki/Electro_swing",
 "remarksEn": "本词条内容来自 https://en.wikipedia.org/wiki/Electro_swing",
 "status": 1,
 "clickNum": 15,
 "deleted": 0,
 "lang": 0,
 "chooseLang": true,
 "id": 60,
 "name": "Electro Swing",
 "descriptions": "Electro Swing（电子摇摆）是电子音乐的一种子风格，结合了老式和现代摇摆和爵士乐的影响，并结合了House，嘻哈和EDM。",
 "originalName": "swing house music",
 "startTimeText": "Early 1990s",
 "startAddress": "United States and Europe",
 "searchStyle": "House",
 "styleCategory": "House",
 "originalStyle": "EDM, house, swing, jazz, hip hop",
 "affectStyle": "",
 "deriveStyle": "",
 "representArtist": "",
 "officialUrl": "https://en.wikipedia.org/wiki/Electro_swing",
 "typeId": 13,
 "typeName": "风格",
 "dataId": 60,
 "url": "http://dropinapp.hearinmusic.com/#/ency?typeId=13&dataId=60"
}