{
 "pageNum": 1,
 "pageSize": 10,
 "params": {},
 "relationChannel": "[{\"id\":628,\"parentId\":8,\"name\":\"Electronic Rock\"}]",
 "relationEncy": "[{\"id\":36660,\"typeId\":13,\"dataId\":333,\"name\":\"Indietronica\",\"url\":\"http://dropinapp.hearinmusic.com/#/ency?typeId=13&dataId=333\"},{\"id\":36637,\"typeId\":13,\"dataId\":310,\"name\":\"Dance-punk\",\"url\":\"http://dropinapp.hearinmusic.com/#/ency?typeId=13&dataId=310\"},{\"id\":36658,\"typeId\":13,\"dataId\":331,\"name\":\"Electroclash\",\"url\":\"http://dropinapp.hearinmusic.com/#/ency?typeId=13&dataId=331\"}]",
 "content": "<div class=\"document\">\n<div class=\"document\">\n<p class=\"paragraph text-align-type-left pap-line-1.8 pap-line-rule-auto pap-spacing-before-2pt pap-spacing-after-2pt\">Electronic Rock（电子摇滚）是一种结合了摇滚音乐和电子音乐的音乐流派，其特点是采用两种流派中典型的乐器。它起源于20世纪60年代末，当时摇滚乐队开始将电子乐器融入他们的音乐中。电子摇滚乐队通常会融合其他音乐风格的元素，包括朋克摇滚、工业摇滚、嘻哈、电子乐和合成流行乐，这有助于刺激诸如indietronica、舞曲朋克和electroclash等子流派的发展。</p>\n<p class=\"paragraph text-align-type-left pap-line-1.8 pap-line-rule-auto pap-spacing-before-2pt pap-spacing-after-2pt\">&nbsp;</p>\n<p class=\"paragraph text-align-type-left pap-line-1.8 pap-line-rule-auto pap-spacing-before-2pt pap-spacing-after-2pt\"><strong>概述</strong></p>\n<p class=\"paragraph text-align-type-left pap-line-1.8 pap-line-rule-auto pap-spacing-before-2pt pap-spacing-after-2pt\">作为摇滚和电子的融合，electronic rock的特点是两种类型的乐器，如合成器，mellotrons，磁带音乐技术，电吉他和鼓。然而，一些electronic rock乐手往往摒弃吉他，而使用电子技术来模仿摇滚乐的声音。人声通常是圆润或欢快的，但纯器乐也是常见的类型。</p>\n<p class=\"paragraph text-align-type-left pap-line-1.8 pap-line-rule-auto pap-spacing-before-2pt pap-spacing-after-2pt\">&nbsp;</p>\n<p class=\"paragraph text-align-type-left pap-line-1.8 pap-line-rule-auto pap-spacing-before-2pt pap-spacing-after-2pt\">融入电子音的摇滚乐队的趋势始于20世纪60年代末。根据评论家Simon Reynolds的说法，例子包括United States of America、White Noise和Gong。其他早期将合成器和musique concr&egrave;te的磁带音乐技术与摇滚乐器融合的乐队包括Silver Apples、Fifty Foot Hose、Syrinx、Lothar and the Hand People、Beaver &amp; Krause和Tonto's Expanding Head Band。许多这样的60年代的乐队将psychedelic rock与avant-garde理论或地下音乐融合在一起。</p>\n<p class=\"paragraph text-align-type-left pap-line-1.8 pap-line-rule-auto pap-spacing-before-2pt pap-spacing-after-2pt\">&nbsp;</p>\n<p class=\"paragraph text-align-type-left pap-line-1.8 pap-line-rule-auto pap-spacing-before-2pt pap-spacing-after-2pt\">20世纪70年代，德国的 \"krautrock \"乐队，如Neu！、Kraftwerk、Can和Amon D&uuml;l等，通过加入电子乐器挑战了摇滚的边界。自2000年代末以来，electronic rock越来越流行。</p>\n<p class=\"paragraph text-align-type-left pap-line-1.8 pap-line-rule-auto pap-spacing-before-2pt pap-spacing-after-2pt\">&nbsp;</p>\n<p class=\"paragraph text-align-type-left pap-line-1.8 pap-line-rule-auto pap-spacing-before-2pt pap-spacing-after-2pt\"><strong>子流派和其它术语</strong></p>\n<p class=\"paragraph text-align-type-left pap-line-1.8 pap-line-rule-auto pap-spacing-before-2pt pap-spacing-after-2pt\">\"progressive rock\"（或 \"prog rock\"）一词最初是在20世纪60年代创造的，用于描述那些本来会被描述为 \"electronic rock \"的音乐，但 \"prog \"的定义后来缩小为一套特定的音乐惯例--而不是涉及前瞻性思维或实验性方法的感性。</p>\n<p class=\"paragraph text-align-type-left pap-line-1.8 pap-line-rule-auto pap-spacing-before-2pt pap-spacing-after-2pt\">&nbsp;</p>\n<p class=\"paragraph text-align-type-left pap-line-1.8 pap-line-rule-auto pap-spacing-before-2pt pap-spacing-after-2pt\">Electronic rock还与industrial rock, synth-pop, dance-punk, indietronica, and new wave, with electroclash, new rave, post-punk revival, post-rock风格相联系，它们被认为是子流派。有时，某些其他的电子子流派也会与摇滚融合在一起，比如trance和techno，因此分别出现了trance rock和techno rock这两个词。</p>\n<p class=\"paragraph text-align-type-left pap-line-1.8 pap-line-rule-auto pap-spacing-before-2pt pap-spacing-after-2pt\">&nbsp;</p>\n<p class=\"paragraph text-align-type-left pap-line-1.8 pap-line-rule-auto pap-spacing-before-2pt pap-spacing-after-2pt\">重金属作为摇滚乐的一个主要子流派，有时也会与电子及其子流派混合在一起，发展出electronic metal, synth-metal, electronic dance metal, trance metal 和techno metal等术语。</p>\n<p class=\"paragraph text-align-type-left pap-line-1.8 pap-line-rule-auto pap-spacing-before-2pt pap-spacing-after-2pt\">&nbsp;</p>\n<p class=\"paragraph text-align-type-left pap-line-1.8 pap-line-rule-auto pap-spacing-before-2pt pap-spacing-after-2pt\">与重金属一样，punk rock也与电子音乐混杂在一起，形成了synth-punk 和 dance-punk等子流派。</p>\n<p class=\"paragraph text-align-type-left pap-line-1.8 pap-line-rule-auto pap-spacing-before-2pt pap-spacing-after-2pt\">&nbsp;</p>\n<div>\n<div class=\"document\">\n<div>\n<div class=\"document\">\n<p class=\"paragraph text-align-type-left pap-line-1.8 pap-line-rule-auto pap-spacing-before-2pt pap-spacing-after-2pt\"><span style=\"text-decoration: underline;\">Synth-metal</span></p>\n<p class=\"paragraph text-align-type-left pap-line-1.8 pap-line-rule-auto pap-spacing-before-2pt pap-spacing-after-2pt\">合成金属是一种将电子摇滚与重金属和glam&nbsp;metal相结合的流派。&nbsp;Arcadea，由Mastodon鼓手/主唱Brann Dailor在2015年成立，是一个被描述为合成金属的著名乐队。&nbsp;他们的同名专辑没有吉他--其他成员Core Atoms和Raheem Amlani都只玩键盘和合成器。乐器与电子摇滚相似，并经常与重金属结合。&nbsp;像电子摇滚一样，一些艺术家可能会舍弃电吉他。&nbsp;它与电子摇滚、Nintendocore、工业金属、数字硬核、前卫金属和Neue&nbsp;Deutsche&nbsp;Harte也可能有一些重叠，因为所有这些流派都被结合了电子乐器，如合成器。&nbsp;此外，合成金属也与black&nbsp;metal&nbsp;和ambient相融合，创造了dungeon&nbsp;synth。&nbsp;这是从black&nbsp;metal中得到的提示，并将其应用于ambient的梦幻质感中。</p>\n</div>\n</div>\n</div>\n</div>\n</div>\n</div>",
 "contentEn": "<p><strong>Electronic rock</strong>, also known as&nbsp;<strong>electro-rock</strong>&nbsp;or&nbsp;<strong>synth-rock</strong>, is a&nbsp;music genre&nbsp;that involves a combination of&nbsp;rock music&nbsp;and&nbsp;electronic music, featuring instruments typically found within both genres. It originates from the late 1960s, when rock bands began incorporating&nbsp;electronic instrumentation&nbsp;into their music. Electronic rock acts usually fuse elements from other music styles, including&nbsp;punk rock,&nbsp;industrial rock,&nbsp;hip hop,&nbsp;techno, and&nbsp;synth-pop, which has helped spur subgenres such as&nbsp;indietronica,&nbsp;dance-punk, and&nbsp;electroclash.</p>\n<p>&nbsp;</p>\n<h2><span id=\"Overview\" class=\"mw-headline\">Overview</span></h2>\n<p>Being a fusion of rock and electronic, electronic rock features instruments found in both genres, such as&nbsp;synthesizers,&nbsp;mellotrons,&nbsp;tape music&nbsp;techniques,&nbsp;electric guitars&nbsp;and&nbsp;drums. Some electronic rock artists, however, often eschew guitar<sup id=\"cite_ref-Oxford_2-0\" class=\"reference\">[2]</sup>&nbsp;in favor of using technology to emulate a rock sound. Vocals are typically mellow or upbeat,<sup id=\"cite_ref-3\" class=\"reference\">[3]</sup>&nbsp;but instrumentals are also common in the genre.<sup id=\"cite_ref-SonicScoop_4-0\" class=\"reference\">[4]</sup></p>\n<p>&nbsp;</p>\n<p>A trend of rock bands that incorporated electronic sounds began during the late 1960s. According to critic&nbsp;Simon Reynolds, examples included&nbsp;the United States of America,&nbsp;White Noise, and&nbsp;Gong.<sup id=\"cite_ref-5\" class=\"reference\">[5]</sup>&nbsp;Other early acts to blend&nbsp;synthesizers&nbsp;and&nbsp;musique concr&egrave;te's&nbsp;tape music&nbsp;techniques with rock instrumentation included&nbsp;Silver Apples,&nbsp;Fifty Foot Hose,&nbsp;Syrinx,&nbsp;Lothar and the Hand People,&nbsp;Beaver &amp; Krause&nbsp;and&nbsp;Tonto's Expanding Head Band.<sup id=\"cite_ref-Reynolds_6-0\" class=\"reference\">[6]</sup>&nbsp;Many such 1960s acts blended&nbsp;psychedelic rock&nbsp;with&nbsp;avant-garde&nbsp;academic or underground influences.<sup id=\"cite_ref-Reynolds_6-1\" class=\"reference\">[6]</sup></p>\n<p>&nbsp;</p>\n<p>In the 1970s, German \"krautrock\" bands such as&nbsp;Neu!,&nbsp;Kraftwerk,&nbsp;Can, and&nbsp;Amon D&uuml;&uuml;l&nbsp;challenged rock boundaries by incorporating electronic instrumentation.<sup id=\"cite_ref-7\" class=\"reference\">[7]</sup>&nbsp;Since the late 2000s, electronic rock has become increasingly popular.<sup id=\"cite_ref-Oxford_2-1\" class=\"reference\">[2]</sup></p>\n<p>&nbsp;</p>\n<h2><span id=\"Subgenres_and_other_terms\" class=\"mw-headline\">Subgenres and other terms</span></h2>\n<p>The term \"progressive rock\" (or \"prog rock\") was originally coined in the 1960s for music that would otherwise be described as \"electronic rock,\"<sup id=\"cite_ref-SonicScoop_4-1\" class=\"reference\">[4]</sup>&nbsp;but the definition of \"prog\" later narrowed into a specific set of musical conventions - as opposed to a sensibility involving forward-thinking or experimental approaches.<sup id=\"cite_ref-8\" class=\"reference\">[8]</sup></p>\n<p>&nbsp;</p>\n<p>Electronic rock is also associated with&nbsp;industrial rock,&nbsp;synth-pop,&nbsp;dance-punk,&nbsp;indietronica, and&nbsp;new wave,<sup id=\"cite_ref-SonicScoop_4-2\" class=\"reference\">[4]</sup>&nbsp;with&nbsp;electroclash,&nbsp;new rave,&nbsp;post-punk revival,&nbsp;post-rock, considered as subgenres.<sup id=\"cite_ref-Oxford_2-2\" class=\"reference\">[2]</sup>&nbsp;Sometimes, certain other electronic subgenres are fused with rock, like&nbsp;trance&nbsp;and&nbsp;techno, leading to the use of the terms trance rock and techno rock, respectively.<sup id=\"cite_ref-9\" class=\"reference\">[9]</sup><sup id=\"cite_ref-10\" class=\"reference\">[10]</sup></p>\n<p>&nbsp;</p>\n<p>Punk rock&nbsp;has been mixed with electronic music as well, creating subgenres like&nbsp;synth-punk&nbsp;and&nbsp;dance-punk.<sup id=\"cite_ref-11\" class=\"reference\">[11]</sup><sup id=\"cite_ref-12\" class=\"reference\">[12]</sup></p>\n<p>&nbsp;</p>\n<p>Heavy metal, a major subgenre of rock, is sometimes mixed with electronic and its subgenres, inspiring terms such as electronic metal, synth-metal, electronic dance metal, trance metal and techno metal.<sup id=\"cite_ref-MetalInjection_13-0\" class=\"reference\">[13]</sup><sup id=\"cite_ref-14\" class=\"reference\">[14]</sup><sup id=\"cite_ref-15\" class=\"reference\">[15]</sup><sup id=\"cite_ref-MetalUnderground_16-0\" class=\"reference\">[16]</sup></p>",
 "remarks": "本词条汉字内容由 @多频百科团队 翻译+编辑\n原文译自 https://en.wikipedia.org/wiki/Electronic_rock",
 "remarksEn": "本词条内容来自 https://en.wikipedia.org/wiki/Electronic_rock",
 "status": 1,
 "clickNum": 10,
 "deleted": 0,
 "lang": 0,
 "chooseLang": true,
 "id": 25,
 "name": "Electronic Rock",
 "descriptions": "Electronic Rock（电子摇滚）是一种结合了摇滚音乐和电子音乐的音乐流派，其特点是采用两种流派中典型的乐器。它起源于20世纪60年代末，当时摇滚乐队开始将电子乐器融入他们的音乐中。电子摇滚乐队通常会融合其他音乐风格的元素，包括朋克摇滚、工业摇滚、嘻哈、电子乐和合成流行乐，这有助于刺激诸如indietronica、舞曲朋克和electroclash等子流派的发展。",
 "originalName": "电子摇滚",
 "startTimeText": "Late 1960s",
 "startAddress": "",
 "searchStyle": "Electronic Rock",
 "styleCategory": "Fusion Genres",
 "originalStyle": "Rock, electronic, musique concrète, tape music, avant-garde, pop, art rock",
 "affectStyle": "",
 "deriveStyle": "Indietronica, dance-punk, electroclash, new rave, post-punk, revival, post-rock",
 "representArtist": "",
 "officialUrl": "https://en.wikipedia.org/wiki/Electronic_rock",
 "typeId": 13,
 "typeName": "风格",
 "dataId": 25,
 "url": "http://dropinapp.hearinmusic.com/#/ency?typeId=13&dataId=25"
}