{
 "pageNum": 1,
 "pageSize": 10,
 "params": {},
 "relationChannel": "[{\"id\":1294,\"parentId\":8,\"name\":\"Electronic Body Music\"}]",
 "content": "<p><strong>起源</strong></p>\n<p>&nbsp;</p>\n<p>1977年11月，德国电子乐队Kraftwerk的Ralf H&uuml;tter创造了&ldquo;electronic body music&rdquo;这个词，1978年，为了解释他们的专辑《The Man-Machine》中更多的声音，Ralf H&uuml;tter再次创造了这个词。1972年， Robert Christgau用Body Music来描述Led Zeppelin、the Hoople、Black Sabbath和Slade等hard rock乐队的放大节奏和艺术摇滚成分:&ldquo;像Led Zeppelin这样的乐队&hellip;&hellip;创造一种奇怪的大脑类型的身体音乐，唤起攻击而不是性。&rdquo; EBM是&ldquo;electronic body music&rdquo;的缩写，这个术语直到英国人和比利时人与Nitzer Ebb和Front 242这样的乐队一起进入sequencer的世界时才真正开始使用。在那里你可以再次找到那种声音，它被引人注目地拾起并贴上标签。在我们的时代，所有这些术语都不存在，包括industrial和post-punk。对我们来说，这是sequencer音乐，这就是我们所做的。如今，人们试图把自己挤进一些在当时并不存在的类别中。我们首先想到了音乐，然后是追溯性的唱片公司 &mdash;Die Krupps的Jurgen Engler说。 在1980/1981年，来自德国的DAF使用术语&ldquo;K&ouml;rpermusik&rdquo;（人体音乐）来描述他们可跳舞的electronic punk声音。 1984年，比利时乐队Front 242用这个词来形容他们那一年的EP《No Comment》，并把它和他们喜欢的描述&ldquo; Electro Disco Terrorist music&ldquo;放在一起。EBM的声音是从post-punk音乐中衍生出来的，包括Cabaret Voltaire和Throbbing grisle的工业音乐、New Order和Killing Joke的音乐合成器、DAF和Kraftwerk的工作还有Giorgio Moroder开创的Eurodisco舞曲。 Front 242的Daniel Bressanutti帮助创造了EBM这个词来描述他们的音乐，他将Tangerine Dream和Klaus Schulze的合成器音乐称为Kraftwerk、Throbbing grristle的Chris Carter、Moroder的扩展节奏disco和punk场景的额外影响。</p>\n<p>&nbsp;</p>\n<p><strong>历史 1981&ndash;1987年</strong></p>\n<p>&nbsp;</p>\n<p>20世纪80年代初出现，该流派大量借鉴了乐队的音乐，如Throbbing grisle, Cabaret Voltaire, DAF, Die Krupps, Liaisons Dangereuses, Portion Control, Kraftwerk的电子流行舞曲，&ldquo;Moroder的扩展节奏迪斯科&rdquo;和krautrock。这一流派的原型是Deutsch Amerikanische Freundschaft的《Verschwende Deine Jugend》和《Der Mussolini》，Die Krupps的《Wahre Arbeit, Wahrer Lohn》和《F&uuml;r einen Augenblick》，Liaisons Dangereuses的《Etre assis ou danser》和《El Macho y la Nena》，以及Front 242的《Body to Body and U-Men》。 Front 242将他们的作品描述为介于Throbbing Gristle和Kraftwerk之间。Nitzer Ebb和Skinny Puppy都受到DAF和Cabaret Voltaire的影响，很快也跟随其后。这个时代的群体往往运用社会主义现实主义美学，带有讽刺意味。其他著名的艺术家包括Vomito Negro, Borghesia, The Neon judgment，&agrave;;GRUMH...;在20世纪80年代的后半期，该流派在加拿大、美国以及在瑞典和日本流行。北美乐队开始使用典型的欧洲EBM元素，并将其与the roughness of (hardcore) punk和thrash metal (industrial metal)相结合。Nine Inch Nails延续了EBM和摇滚音乐的交叉融合，最终促成了专辑《Pretty Hate Machine》(1989)。与此同时，EBM开始在地下俱乐部流行起来，尤其是在欧洲。在这一时期，最重要的唱片公司是比利时的Play It Again Sam and Antler-Subway，德国的Zoth Ommog，北美的Wax Trax!，Swedish Energy Rekords。当时，著名的艺术家包括And One、Armageddon Dildos、Bigod 20、Insekt、Scapa Flow、Orange Sector、erosion和Oil In the Eye。 在20世纪90年代中期，许多EBM艺术家分道扬镳，或者改变了他们的音乐风格，借用了更多扭曲的industrial元素，或者rock或metal元素。EBM先驱Front 242的专辑Tyranny For You开启了20世纪80年代EBM时代。Nitzer Ebb是最重要的艺术家之一，成为一个另类摇滚乐队。没有了头牌人物的力量，最初的EBM音乐在20世纪90年代中期逐渐消失。在20世纪90年代末和新千年之后， Ionic Vision、Tyske Ludder和Spetsnaz等比利时、瑞典和德国团体重新激活了这种风格。在同一时期，一些来自欧洲的电子音乐领域的艺术家开始在他们的声音中加入更多的EBM元素。这种趋势与electroclash的出现同步发展，随着electroclash的衰落，许多与之相关的艺术家，如the Hacker, DJ Hell, Green Velvet和Black Strobe，都转向了这种techno和EBM的交叉风格。这一场景和老式的EBM场景之间的融合越来越多，乐队和艺术家互相混音。最值得注意的是，Terence Fixmer与Nitzer Ebb的Douglas McCarthy组成了Fixmer/McCarthy。&nbsp;</p>\n<p><br />本词条汉字内容由 @多频百科团队 翻译+编辑</p>\n<p>参考链接：https://en.wikipedia.org/wiki/Electronic_body_music</p>",
 "remarks": "本词条内容暂未完善仅供参考，多频百科小编正在火速赶来",
 "remarksEn": "本词条内容暂未完善仅供参考，多频百科小编正在火速赶来",
 "status": 0,
 "clickNum": 4,
 "deleted": 0,
 "lang": 0,
 "chooseLang": false,
 "id": 266,
 "name": "Electronic Body Music",
 "descriptions": "",
 "originalName": "Industrial dance",
 "startTimeText": "Early 1980s",
 "startAddress": "Western Europe (Belgium, UK), North America",
 "searchStyle": "",
 "styleCategory": "Industrial",
 "originalStyle": "Industrial, electronic, disco, dance music, synth-punk, post-punk",
 "affectStyle": "Electro-industrial, dark electro, goa trance, Industrial metal",
 "deriveStyle": "Futurepop, new beat",
 "representArtist": "",
 "officialUrl": "https://en.wikipedia.org/wiki/Electronic_body_music",
 "typeId": 13,
 "typeName": "风格",
 "dataId": 266,
 "url": "http://dropinapp.hearinmusic.com/#/ency?typeId=13&dataId=266"
}