{
 "pageNum": 1,
 "pageSize": 10,
 "params": {},
 "relationChannel": "[{\"id\":624,\"parentId\":8,\"name\":\"Electroacoustic Music\"}]",
 "relationEncy": "[{\"id\":36587,\"typeId\":13,\"dataId\":260,\"name\":\"Musique Concrète\",\"url\":\"http://dropinapp.hearinmusic.com/#/ency?typeId=13&dataId=260\"},{\"id\":2,\"typeId\":12,\"dataId\":1,\"name\":\"Pierre Schaeffer\",\"url\":\"http://dropinapp.hearinmusic.com/#/ency?typeId=12&dataId=1\"},{\"id\":13663,\"typeId\":12,\"dataId\":13663,\"name\":\"John Cage\",\"url\":\"http://dropinapp.hearinmusic.com/#/ency?typeId=12&dataId=13663\"}]",
 "content": "<p>Electroacoustic Music（法语：Musique Acousmatique，中文译作：电声音乐、电子原音音乐）是西方艺术音乐的一个流派，该流派的作曲家使用一些技术来操纵声学声音的音色，有时通过在声学乐器上使用诸如混响或和声等音频信号处理来实现。 电声音乐起源于20世纪中叶，随后将带有电子声音的作品纳入了作曲实践。 电声音乐在固定媒体上的发展始于20世纪，与Musique Concr&egrave;te具象音乐的发源地，法国科隆电子音乐工作室和巴黎ORTF的音乐团体Groupe de recherches musicales的活动有关。他们将音乐研究的重点放在电子音乐的组成上。另外还有美国纽约市的哥伦比亚-普林斯顿电子音乐中心，在那里，人们探索了磁带音乐，电子音乐和计算机音乐。实用的电子乐器在1900年代初开始出现。</p>\n<p>&nbsp;</p>\n<p><strong>磁带音乐（Tape Music）</strong></p>\n<p>磁带音乐是音乐创作不可或缺的一部分，它利用预先录制的片段，循环和采样的声音，并通过诸如速度控制之类的技术来改变和操纵它们。哈利姆&middot;达巴（Halim El-Dabh）的作品也许是录音（或在这种情况下，是有线录音）音乐的最早例子。 El-Dabh的&ldquo;The Expression of Zaar&rdquo;于1944年在埃及开罗首次亮相，是早期的具象音乐作品，使用了类似音乐混音&mdash;&mdash;类似于同期在巴黎开发的技术。 El-Dabh后来因在哥伦比亚普林斯顿电子音乐中心的工作而闻名，1959年，他在那里创作了有影响力的作品《Leiyla and the Poet》。</p>\n<p>&nbsp;</p>\n<p>美国作曲家约翰&middot;凯奇（John Cage）的\"Williams Mix\"可以作为磁带音乐严谨性的一个例子。首先，凯奇（Cage）创作了了192页的总谱，并在一年的时间里，收集并录制了600种声音。每种声音每次出现时的剪切带段都会累积在乐谱上，然后将切下的片段剪接成八盘录像带之一。这项工作于1953年1月16日完成，1953年3月21日在伊利诺伊大学进行了4'15&ldquo;作品的首演表演。</p>\n<p>&nbsp;</p>\n<p><strong>电子音乐（Electronic Music）</strong></p>\n<p>在科隆，作曲家赫伯特&middot;艾默特（Herbert Eimert）和物理学家维尔纳&middot;迈耶&middot;埃普勒（Werner Meyer-Eppler）于1949&ndash;51年率先开发了电子音乐，它完全基于电子产生的（合成的）声音，尤其是正弦波。电子音乐的发展始于&ldquo; 1906年阀门（真空管）的发明&rdquo;。录音室所提供的精确控制，使得艾默特认为的一切，\"到单音符的最后一个元素\"，都可以进行连续的变奏，\"产生了一种全新的声音创作方式\"；在录音室里，连续的操作可以应用于音色和动态等元素。这两个流派的共同联系是，音乐是通过扬声器录制和演奏的，没有人类表演者。大多数电声乐曲都使用了录音和合成或处理过的声音的组合，Schaeffer和Eimert的方法之间的分裂已经被克服了，第一个主要例子是1955-56年Karlheinz Stockhausen的Gesang der J&uuml;nglinge。</p>\n<p>&nbsp;</p>\n<p><strong>声音产生技术</strong></p>\n<p>所有的电声音乐都是用电子技术制作的，特别是一种将电能转换为声能的设备（通常是扬声器）。</p>\n<p>&nbsp;</p>\n<p><span style=\"text-decoration: underline;\">电路弯曲（Circuit Bending）</span></p>\n<p>电路弯曲是指创造性的通过电池供电的低电压，电池供电的电子音频设备（例如吉他效果器，儿童玩具和小型合成器）的短路，以创建新的乐器和发声器。强调自发性和随机性，电路弯曲技术通常与噪音音乐相关联，尽管已知许多传统音乐人和音乐团体都在尝试&ldquo;弯曲&rdquo;乐器。</p>\n<div>\n<div class=\"document\">\n<p class=\"paragraph text-align-type-left pap-line-1.8 pap-line-rule-auto pap-spacing-before-2pt pap-spacing-after-2pt\">&nbsp;</p>\n<p class=\"paragraph text-align-type-left pap-line-1.8 pap-line-rule-auto pap-spacing-before-2pt pap-spacing-after-2pt\"><strong>电声学和相关艺术的中心、协会和活动</strong></p>\n<p class=\"paragraph text-align-type-left pap-line-1.8 pap-line-rule-auto pap-spacing-before-2pt pap-spacing-after-2pt\">世界各地都有重要的研究和创作中心，有许多介绍电声音乐的会议和节日，特别是国际计算机音乐会议、电声音乐研究会议和Ars Electronica Festival（奥地利林茨）。</p>\n<p class=\"paragraph text-align-type-left pap-line-1.8 pap-line-rule-auto pap-spacing-before-2pt pap-spacing-after-2pt\">&nbsp;</p>\n<p class=\"paragraph text-align-type-left pap-line-1.8 pap-line-rule-auto pap-spacing-before-2pt pap-spacing-after-2pt\">一些国家的协会促进了这种艺术形式的传播，特别是加拿大的加拿大电声社区（CEC），美国的美国电声音乐协会（SEAMUS），澳大利亚和新西兰的澳大利亚计算机音乐协会，以及英国的声音和音乐（以前的声波艺术网络）。《计算机音乐杂志》和《有组织的声音》是两个最重要的致力于电声研究的评议杂志，而几个国家协会则出版印刷和电子出版物。</p>\n<p class=\"paragraph text-align-type-left pap-line-1.8 pap-line-rule-auto pap-spacing-before-2pt pap-spacing-after-2pt\">&nbsp;</p>\n<p class=\"paragraph text-align-type-left pap-line-1.8 pap-line-rule-auto pap-spacing-before-2pt pap-spacing-after-2pt\"><strong>知名电声音乐作品</strong></p>\n<p class=\"paragraph text-align-type-left pap-line-1.8 pap-line-rule-auto pap-spacing-before-2pt pap-spacing-after-2pt\">&nbsp;</p>\n<ul>\n<li>Milton Babbitt&nbsp;&ndash;&nbsp;<em>Philomel</em>&nbsp;(1964)</li>\n<li>Luciano Berio&nbsp;&ndash;&nbsp;<em>Thema (Omaggio a Joyce)</em>&nbsp;(1958&ndash;59)</li>\n<li>Johanna Beyer&nbsp;&ndash;&nbsp;<em>Music of the Spheres</em>&nbsp;(1938)</li>\n<li>Konrad Boehmer&nbsp;&ndash;&nbsp;<em>Aspekt</em>&nbsp;(1964&ndash;66),&nbsp;<em>Apocalipsis cum figuris</em>&nbsp;(1984)</li>\n<li>Pierre Boulez&nbsp;&ndash;&nbsp;<em>R&eacute;pons</em>&nbsp;(1981&ndash;84)</li>\n<li>John Cage&nbsp;&ndash;&nbsp;<em>Imaginary Landscape No. 1</em>&nbsp;(1939)</li>\n<li>Mario Davidovsky&nbsp;&ndash;&nbsp;<em>Synchronisms No. 6</em>&nbsp;for Piano and Electronic Sound (1970)</li>\n<li>Halim El-Dabh&nbsp;&ndash;&nbsp;<em>Leiyla and the Poet</em>&nbsp;(1961)</li>\n<li>Karel Goeyvaerts&nbsp;&ndash;&nbsp;<em>Nummer 5 met zuivere tonen</em>&nbsp;(1953)</li>\n<li>Jean Michel Jarre&nbsp;&ndash;&nbsp;<em>Deserted Palace</em>&nbsp;(1972)</li>\n<li>Phil Kline&nbsp;&ndash;&nbsp;<em>Unsilent Night</em>&nbsp;(1992), for cassettes in boomboxes<sup id=\"cite_ref-10\" class=\"reference\">[10]</sup></li>\n<li>Gottfried Michael Koenig&nbsp;&ndash;&nbsp;<em>Project 1</em>&nbsp;(1964),&nbsp;<em>Project 2</em>&nbsp;(1966)</li>\n<li>Alvin Lucier&nbsp;&ndash;&nbsp;<em>I Am Sitting in a Room</em>&nbsp;(1969)</li>\n<li>Ivo Malec&nbsp;&ndash;&nbsp;<em>Triola, ou Symphonie pour moi-m&ecirc;me</em>&nbsp;(1977&ndash;78)</li>\n<li>Luigi Nono&nbsp;&ndash;&nbsp;<em>La fabbrica illuminata</em>&nbsp;(1964),&nbsp;<em>A floresta &eacute; jovem e cheia de vida</em>&nbsp;(1966),&nbsp;<em>Contrappunto dialettico alla mente</em>&nbsp;(1968),&nbsp;<em>Como una ola de fuerza y luz</em>&nbsp;(1971&ndash;72)</li>\n<li>Pauline Oliveros&nbsp;&ndash;&nbsp;<em>Sonic Meditations, \"Teach Yourself to Fly\"</em>&nbsp;(1961)</li>\n<li>Else Marie Pade&nbsp;&ndash;&nbsp;<em>Symphonie Magn&eacute;tophonique</em>&nbsp;(1958)</li>\n<li>Henri Pousseur&nbsp;&ndash;&nbsp;<em>Scambi</em>&nbsp;(1957),&nbsp;<em>Trois Visages de Li&egrave;ge</em>&nbsp;(1961),&nbsp;<em>Paraboles-Mix</em>&nbsp;(1972),&nbsp;<em>Seize Paysages plan&eacute;tairesl</em>&nbsp;(2000)</li>\n<li>Steve Reich&nbsp;&ndash;&nbsp;<em>Pendulum Music</em>&nbsp;(1968), for microphones, amplifiers, speakers and performers</li>\n<li>Pierre Schaeffer&nbsp;&ndash;&nbsp;<em>Cinq &eacute;tudes de bruits</em>&nbsp;(1948)</li>\n<li>Karlheinz Stockhausen&nbsp;&ndash;&nbsp;<em>Gesang der J&uuml;nglinge</em>&nbsp;(1955&ndash;56),&nbsp;<em>Kontakte</em>&nbsp;(1958&ndash;60),&nbsp;<em>Mixtur</em>&nbsp;(1964),&nbsp;<em>Mikrophonie I &amp; II</em>&nbsp;(1964 and 1965),&nbsp;<em>Telemusik</em>&nbsp;(1966),&nbsp;<em>Hymnen</em>&nbsp;(1966&ndash;67),&nbsp;<em>Oktophonie</em>&nbsp;(1991),&nbsp;<em>Cosmic Pulses</em>&nbsp;(2006&ndash;2007)</li>\n<li>James Tenney&nbsp;&ndash;&nbsp;<em>For Ann (rising)</em>&nbsp;(1969)</li>\n<li>Edgard Var&egrave;se&nbsp;&ndash;&nbsp;<em>Po&egrave;me &eacute;lectronique</em>&nbsp;(1958)</li>\n<li>Charles Wuorinen&nbsp;&ndash;&nbsp;<em>Time's Encomium</em>&nbsp;(1969)</li>\n<li>Iannis Xenakis&nbsp;&ndash;&nbsp;<em>Persepolis</em>&nbsp;(1971)</li>\n</ul>\n<p class=\"paragraph text-align-type-left pap-line-1.8 pap-line-rule-auto pap-spacing-before-2pt pap-spacing-after-2pt\">&nbsp;</p>\n<p class=\"paragraph text-align-type-left pap-line-1.8 pap-line-rule-auto pap-spacing-before-2pt pap-spacing-after-2pt\"><strong>电子和电声乐器</strong></p>\n<p class=\"paragraph text-align-type-left pap-line-1.8 pap-line-rule-auto pap-spacing-before-2pt pap-spacing-after-2pt\">&nbsp;</p>\n<ul>\n<li>Birotron&nbsp;(1974), Dave Biro</li>\n<li>Buchla 100 and 200 serie&nbsp;(1960s&ndash;70s),&nbsp;Buchla Lightning I&nbsp;(1991) and&nbsp;Buchla Lightning II&nbsp;(1995) by&nbsp;Don Buchla</li>\n<li>Cembaphon (1951),&nbsp;Harald Bode</li>\n<li>Chamberlin&nbsp;(1946)</li>\n<li>Clavinet</li>\n<li>Clavioline (early 1950s) and Concert Clavioline (1953),&nbsp;Harald Bode</li>\n<li>Clavivox, Circle Machine, Bass Line Generator, Rhythm Modulator, Bandito the Bongo Artist, and&nbsp;Electronium&nbsp;(1950s&ndash;60s),&nbsp;Raymond Scott</li>\n<li>DX7&nbsp;(1983), Yamaha</li>\n<li>Elektronium&nbsp;(in German)</li>\n<li>EMS Synthi AKS&nbsp;(1972)</li>\n<li>Fairlight CMI&nbsp;(1978)</li>\n<li>Gravikord&nbsp;(1986), Robert Grawi</li>\n<li>Kraakdoos&nbsp;/ Cracklebox (1960s&ndash;70s),&nbsp;Michel Waisvisz</li>\n<li>Mellotron&nbsp;(1960s)</li>\n<li>Melochord (1947&ndash;49),&nbsp;Harald Bode</li>\n<li>Melodium (1938),&nbsp;Harald Bode</li>\n<li>Moog synthesizer&nbsp;(1965),&nbsp;Robert Moog</li>\n<li>Optigan&nbsp;(1971)</li>\n<li>Orchestron&nbsp;(1975), Vako Synthesizers</li>\n<li>Polychord (1950) and Polychord III (1951),&nbsp;Harald Bode</li>\n<li>Electronic Sackbut (1945),&nbsp;Hugh Le Caine</li>\n<li>Sampler (musical instrument)</li>\n<li>Synclavier&nbsp;(1975),&nbsp;Jon Appleton, Sydney A. Alonso and Cameron Jones</li>\n<li>Telharmonium&nbsp;(1897),&nbsp;Thaddeus Cahill</li>\n<li>Theremin&nbsp;(1928),&nbsp;Leon Theremin</li>\n<li>Tuttivox (1953),&nbsp;Harald Bode</li>\n<li>UPIC&nbsp;(1977),&nbsp;Iannis Xenakis&nbsp;and&nbsp;CEMAMu</li>\n<li>Warbo Formant organ (1937),&nbsp;Harald Bode</li>\n</ul>\n<p class=\"paragraph text-align-type-left pap-line-1.8 pap-line-rule-auto pap-spacing-before-2pt pap-spacing-after-2pt\">&nbsp;</p>\n<p class=\"paragraph text-align-type-left pap-line-1.8 pap-line-rule-auto pap-spacing-before-2pt pap-spacing-after-2pt\"><strong>节日</strong></p>\n<p class=\"paragraph text-align-type-left pap-line-1.8 pap-line-rule-auto pap-spacing-before-2pt pap-spacing-after-2pt\">已经有许多以电声音乐为主题的音乐节。早期的音乐节，如成立于1921年的多瑙辛根音乐节，是一些最早包括电声乐器和作品的音乐节。此后，20世纪50年代的ONCE新音乐节，以及自20世纪60年代以来，专门以电声音乐为主题的音乐节不断增多。其中具有代表性的节日活动包括：</p>\n<p class=\"paragraph text-align-type-left pap-line-1.8 pap-line-rule-auto pap-spacing-before-2pt pap-spacing-after-2pt\">&nbsp;</p>\n<ul>\n<li class=\"paragraph text-align-type-left pap-line-1.8 pap-line-rule-auto pap-spacing-before-2pt pap-spacing-after-2pt\">60x60 (Intl.)</li>\n<li class=\"paragraph text-align-type-left pap-line-1.8 pap-line-rule-auto pap-spacing-before-2pt pap-spacing-after-2pt\">Ars Electronica (Austria)</li>\n<li class=\"paragraph text-align-type-left pap-line-1.8 pap-line-rule-auto pap-spacing-before-2pt pap-spacing-after-2pt\">Berlin Atonal (Germany)</li>\n<li class=\"paragraph text-align-type-left pap-line-1.8 pap-line-rule-auto pap-spacing-before-2pt pap-spacing-after-2pt\">Cybersonica (UK)</li>\n<li class=\"paragraph text-align-type-left pap-line-1.8 pap-line-rule-auto pap-spacing-before-2pt pap-spacing-after-2pt\">Dias de M&uacute;sica Electroac&uacute;stica (Intl.)</li>\n<li class=\"paragraph text-align-type-left pap-line-1.8 pap-line-rule-auto pap-spacing-before-2pt pap-spacing-after-2pt\">Electro-music (UK)</li>\n<li class=\"paragraph text-align-type-left pap-line-1.8 pap-line-rule-auto pap-spacing-before-2pt pap-spacing-after-2pt\">Electroacoustic Music Days (Greece)</li>\n<li class=\"paragraph text-align-type-left pap-line-1.8 pap-line-rule-auto pap-spacing-before-2pt pap-spacing-after-2pt\">Electronic Music Midwest (US)</li>\n<li class=\"paragraph text-align-type-left pap-line-1.8 pap-line-rule-auto pap-spacing-before-2pt pap-spacing-after-2pt\">Electrofringe (Australia)</li>\n<li class=\"paragraph text-align-type-left pap-line-1.8 pap-line-rule-auto pap-spacing-before-2pt pap-spacing-after-2pt\">Expo '70 (Japan)</li>\n<li class=\"paragraph text-align-type-left pap-line-1.8 pap-line-rule-auto pap-spacing-before-2pt pap-spacing-after-2pt\">International Computer Music Conference (Intl.)</li>\n<li class=\"paragraph text-align-type-left pap-line-1.8 pap-line-rule-auto pap-spacing-before-2pt pap-spacing-after-2pt\">International Electroacoustic Music Festival (Cuba)</li>\n<li class=\"paragraph text-align-type-left pap-line-1.8 pap-line-rule-auto pap-spacing-before-2pt pap-spacing-after-2pt\">Les Siestes Electroniques (France)</li>\n<li class=\"paragraph text-align-type-left pap-line-1.8 pap-line-rule-auto pap-spacing-before-2pt pap-spacing-after-2pt\">Music For People &amp; Thingamajigs Festival (US)</li>\n<li class=\"paragraph text-align-type-left pap-line-1.8 pap-line-rule-auto pap-spacing-before-2pt pap-spacing-after-2pt\">New Interfaces for Musical Expression (Int.)</li>\n<li class=\"paragraph text-align-type-left pap-line-1.8 pap-line-rule-auto pap-spacing-before-2pt pap-spacing-after-2pt\">Numusic (Norway)</li>\n<li class=\"paragraph text-align-type-left pap-line-1.8 pap-line-rule-auto pap-spacing-before-2pt pap-spacing-after-2pt\">NWEAMO (US)</li>\n<li class=\"paragraph text-align-type-left pap-line-1.8 pap-line-rule-auto pap-spacing-before-2pt pap-spacing-after-2pt\">Olympia Experimental Music Festival (US)</li>\n<li class=\"paragraph text-align-type-left pap-line-1.8 pap-line-rule-auto pap-spacing-before-2pt pap-spacing-after-2pt\">ONCE Festival of New Music (US)</li>\n<li class=\"paragraph text-align-type-left pap-line-1.8 pap-line-rule-auto pap-spacing-before-2pt pap-spacing-after-2pt\">Pr&eacute;sences &Eacute;lectroniques (France)</li>\n<li class=\"paragraph text-align-type-left pap-line-1.8 pap-line-rule-auto pap-spacing-before-2pt pap-spacing-after-2pt\">Pro Musica Nova (Germany)</li>\n<li class=\"paragraph text-align-type-left pap-line-1.8 pap-line-rule-auto pap-spacing-before-2pt pap-spacing-after-2pt\">Spark Festival (US)</li>\n<li class=\"paragraph text-align-type-left pap-line-1.8 pap-line-rule-auto pap-spacing-before-2pt pap-spacing-after-2pt\">TodaysArt (The Netherlands)</li>\n</ul>\n<p class=\"paragraph text-align-type-left pap-line-1.8 pap-line-rule-auto pap-spacing-before-2pt pap-spacing-after-2pt\">&nbsp;</p>\n<div>\n<div class=\"document\">\n<p class=\"paragraph text-align-type-left pap-line-1.8 pap-line-rule-auto pap-spacing-before-2pt pap-spacing-after-2pt\"><strong>会议和专题讨论会</strong></p>\n<p class=\"paragraph text-align-type-left pap-line-1.8 pap-line-rule-auto pap-spacing-before-2pt pap-spacing-after-2pt\">除了论文报告、研讨会和讨论会之外，许多这类活动还包括音乐会表演或由与会人员创作的声音装置，或与会议/研讨会主题有关的声音装置。其中具有代表性的活动包括International Conference on New Interfaces for Musical Expression (NIME)（自2000年）。</p>\n</div>\n</div>\n</div>\n</div>",
 "contentEn": "<p><strong>Electroacoustic music</strong>&nbsp;is a&nbsp;genre&nbsp;of Western&nbsp;art music<span style=\"font-size: 11.6667px;\">&nbsp;</span>in which composers use technology to manipulate the&nbsp;timbres&nbsp;of&nbsp;acoustic sounds, sometimes by using&nbsp;audio signal processing, such as&nbsp;reverb&nbsp;or&nbsp;harmonizing, on acoustical instruments.&nbsp;It originated around the middle of the 20th century, following the incorporation of electric sound production into&nbsp;compositional practice. The initial developments in electroacoustic music composition to fixed media during the 20th century are associated with the activities of the&nbsp;Groupe de recherches musicales<span class=\"noprint\">&nbsp;[fr]</span>&nbsp;at the&nbsp;ORTF&nbsp;in Paris, the home of&nbsp;musique concr&egrave;te, the&nbsp;Studio for Electronic Music&nbsp;in Cologne, where the focus was on the composition of&nbsp;<em>elektronische Musik,</em>&nbsp;and the&nbsp;Columbia-Princeton Electronic Music Center&nbsp;in New York City, where tape music, electronic music, and&nbsp;computer music&nbsp;were all explored. Practical electronic music instruments began to appear in the early 1900s.</p>\n<p>&nbsp;</p>\n<h2><span id=\"Tape_music\" class=\"mw-headline\">Tape music</span></h2>\n<p>Tape music is an integral part of&nbsp;<em>musique concr&egrave;te</em>, utilizing pre-recorded fragments, loops, and sampled sounds, altering and manipulating them through techniques such as speed manipulation.<sup id=\"cite_ref-FOOTNOTEAnon.n.d._2-0\" class=\"reference\">[2]</sup>&nbsp;The work of&nbsp;Halim El-Dabh&nbsp;is perhaps the earliest example of tape (or, in this case, wire-recorded) music. El-Dabh's&nbsp;<em>The Expression of Zaar</em>, first presented in Cairo, Egypt, in 1944, was an early work using&nbsp;<em>musique concr&egrave;te</em>&ndash;like techniques similar to those developed in Paris during the same period. El-Dabh would later become more famous for his work at the&nbsp;Columbia-Princeton Electronic Music Center, where in 1959 he composed the influential piece&nbsp;<em>Leiyla and the Poet</em>.<sup id=\"cite_ref-FOOTNOTEHolmes2008153&ndash;154_&amp;_157_3-0\" class=\"reference\">[3]</sup></p>\n<p>US composer&nbsp;John Cage's assembly of the&nbsp;<em>Williams Mix</em>&nbsp;serves as an example of the rigors of tape music. First, Cage created a 192-page score. Over the course of a year, 600 sounds were assembled and recorded. Cut tape segments for each occurrence of each sound were accumulated on the score. Then the cut segments were spliced to one of eight tapes, work finished on January 16, 1953. The premiere performance (realization) of the 4'15\" work was given on March 21, 1953 at the&nbsp;University of Illinois, Urbana.</p>\n<p>&nbsp;</p>\n<h2><span id=\"Electronic_music\" class=\"mw-headline\">Electronic music</span></h2>\n<p>In Cologne,&nbsp;<em>elektronische Musik</em>, pioneered in 1949&ndash;51 by the composer&nbsp;Herbert Eimert&nbsp;and the physicist&nbsp;Werner Meyer-Eppler, was based solely on electronically generated (synthetic) sounds, particularly&nbsp;sine waves.<sup id=\"cite_ref-5\" class=\"reference\">[5]</sup>&nbsp;The beginning of the development of&nbsp;electronic music&nbsp;has been traced back to \"the invention of the&nbsp;valve&nbsp;[vacuum tube] in 1906\".<sup id=\"cite_ref-FOOTNOTEEimert19572_6-0\" class=\"reference\">[6]</sup>&nbsp;The precise control afforded by the studio allowed for what Eimert considered to be the subjection of everything, \"to the last element of the single note\", to&nbsp;serial&nbsp;permutation, \"resulting in a completely new way of composing sound\";<sup id=\"cite_ref-FOOTNOTEEimert19578_7-0\" class=\"reference\">[7]</sup>&nbsp;in the studio, serial operations could be applied to elements such as timbre and dynamics. The common link between the two schools is that the music is recorded and performed through loudspeakers, without a human performer. The majority of electroacoustic pieces use a combination of recorded sound and synthesized or processed sounds, and the schism between Schaeffer's and Eimert's approaches has been overcome, the first major example being&nbsp;Karlheinz Stockhausen's&nbsp;<em>Gesang der J&uuml;nglinge</em>&nbsp;of 1955&ndash;56.<sup id=\"cite_ref-8\" class=\"reference\">[8]</sup></p>\n<h2>&nbsp;</h2>\n<h2><span id=\"Sound_generation_techniques\" class=\"mw-headline\">Sound generation techniques</span></h2>\n<p>All electroacoustic music is made with&nbsp;electronic technology, specifically a device &ndash; usually a loudspeaker &ndash; that&nbsp;transduces&nbsp;electrical energy to acoustic energy.</p>\n<p>&nbsp;</p>\n<h3><span id=\"Circuit_bending\" class=\"mw-headline\">Circuit bending</span></h3>\n<p>Circuit bending&nbsp;is the creative&nbsp;short-circuiting&nbsp;of low&nbsp;voltage, battery-powered&nbsp;electronic audio devices&nbsp;such as&nbsp;guitar effects, children's&nbsp;toys&nbsp;and small&nbsp;synthesizers&nbsp;to create new musical instruments and sound generators. Emphasizing spontaneity and randomness, the techniques of circuit bending have been commonly associated with&nbsp;noise music, though many more conventional contemporary musicians and musical groups have been known to experiment with \"bent\" instruments.<sup id=\"cite_ref-FOOTNOTECollins2006[[Category:Wikipedia_articles_needing_page_number_citations_from_December_2009]]&lt;sup_class=&quot;noprint_Inline-Template_&quot;_style=&quot;white-space:nowrap;&quot;&gt;&amp;#91;&lt;i&gt;[[Wikipedia:Citing_sources|&lt;span_title=&quot;This_citation_requires_a_reference_to_the_specific_page_or_range_of_pages_in_which_the_material_appears.&amp;#32;(December_2009)&quot;&gt;page&amp;nbsp;needed&lt;/span&gt;]]&lt;/i&gt;&amp;#93;&lt;/sup&gt;_9-0\" class=\"reference\" style=\"line-height: 1; unicode-bidi: isolate; white-space: nowrap; font-weight: normal; font-style: normal; font-size: 12px;\">[9]</sup></p>\n<h2>&nbsp;</h2>\n<h2><span id=\"Examples_of_notable_electroacoustic_works\" class=\"mw-headline\">Examples of notable electroacoustic works</span></h2>\n<ul>\n<li>Milton Babbitt&nbsp;&ndash;&nbsp;<em>Philomel</em>&nbsp;(1964)</li>\n<li>Luciano Berio&nbsp;&ndash;&nbsp;<em>Thema (Omaggio a Joyce)</em>&nbsp;(1958&ndash;59)</li>\n<li>Johanna Beyer&nbsp;&ndash;&nbsp;<em>Music of the Spheres</em>&nbsp;(1938)</li>\n<li>Konrad Boehmer&nbsp;&ndash;&nbsp;<em>Aspekt</em>&nbsp;(1964&ndash;66),&nbsp;<em>Apocalipsis cum figuris</em>&nbsp;(1984)</li>\n<li>Pierre Boulez&nbsp;&ndash;&nbsp;<em>R&eacute;pons</em>&nbsp;(1981&ndash;84)</li>\n<li>John Cage&nbsp;&ndash;&nbsp;<em>Imaginary Landscape No. 1</em>&nbsp;(1939)</li>\n<li>Mario Davidovsky&nbsp;&ndash;&nbsp;<em>Synchronisms No. 6</em>&nbsp;for Piano and Electronic Sound (1970)</li>\n<li>Halim El-Dabh&nbsp;&ndash;&nbsp;<em>Leiyla and the Poet</em>&nbsp;(1961)</li>\n<li>Karel Goeyvaerts&nbsp;&ndash;&nbsp;<em>Nummer 5 met zuivere tonen</em>&nbsp;(1953)</li>\n<li>Jean Michel Jarre&nbsp;&ndash;&nbsp;<em>Deserted Palace</em>&nbsp;(1972)</li>\n<li>Phil Kline&nbsp;&ndash;&nbsp;<em>Unsilent Night</em>&nbsp;(1992), for cassettes in boomboxes<sup id=\"cite_ref-10\" class=\"reference\">[10]</sup></li>\n<li>Gottfried Michael Koenig&nbsp;&ndash;&nbsp;<em>Project 1</em>&nbsp;(1964),&nbsp;<em>Project 2</em>&nbsp;(1966)</li>\n<li>Alvin Lucier&nbsp;&ndash;&nbsp;<em>I Am Sitting in a Room</em>&nbsp;(1969)</li>\n<li>Ivo Malec&nbsp;&ndash;&nbsp;<em>Triola, ou Symphonie pour moi-m&ecirc;me</em>&nbsp;(1977&ndash;78)</li>\n<li>Luigi Nono&nbsp;&ndash;&nbsp;<em>La fabbrica illuminata</em>&nbsp;(1964),&nbsp;<em>A floresta &eacute; jovem e cheia de vida</em>&nbsp;(1966),&nbsp;<em>Contrappunto dialettico alla mente</em>&nbsp;(1968),&nbsp;<em>Como una ola de fuerza y luz</em>&nbsp;(1971&ndash;72)</li>\n<li>Pauline Oliveros&nbsp;&ndash;&nbsp;<em>Sonic Meditations, \"Teach Yourself to Fly\"</em>&nbsp;(1961)</li>\n<li>Else Marie Pade&nbsp;&ndash;&nbsp;<em>Symphonie Magn&eacute;tophonique</em>&nbsp;(1958)</li>\n<li>Henri Pousseur&nbsp;&ndash;&nbsp;<em>Scambi</em>&nbsp;(1957),&nbsp;<em>Trois Visages de Li&egrave;ge</em>&nbsp;(1961),&nbsp;<em>Paraboles-Mix</em>&nbsp;(1972),&nbsp;<em>Seize Paysages plan&eacute;tairesl</em>&nbsp;(2000)</li>\n<li>Steve Reich&nbsp;&ndash;&nbsp;<em>Pendulum Music</em>&nbsp;(1968), for microphones, amplifiers, speakers and performers</li>\n<li>Pierre Schaeffer&nbsp;&ndash;&nbsp;<em>Cinq &eacute;tudes de bruits</em>&nbsp;(1948)</li>\n<li>Karlheinz Stockhausen&nbsp;&ndash;&nbsp;<em>Gesang der J&uuml;nglinge</em>&nbsp;(1955&ndash;56),&nbsp;<em>Kontakte</em>&nbsp;(1958&ndash;60),&nbsp;<em>Mixtur</em>&nbsp;(1964),&nbsp;<em>Mikrophonie I &amp; II</em>&nbsp;(1964 and 1965),&nbsp;<em>Telemusik</em>&nbsp;(1966),&nbsp;<em>Hymnen</em>&nbsp;(1966&ndash;67),&nbsp;<em>Oktophonie</em>&nbsp;(1991),&nbsp;<em>Cosmic Pulses</em>&nbsp;(2006&ndash;2007)</li>\n<li>James Tenney&nbsp;&ndash;&nbsp;<em>For Ann (rising)</em>&nbsp;(1969)</li>\n<li>Edgard Var&egrave;se&nbsp;&ndash;&nbsp;<em>Po&egrave;me &eacute;lectronique</em>&nbsp;(1958)</li>\n<li>Charles Wuorinen&nbsp;&ndash;&nbsp;<em>Time's Encomium</em>&nbsp;(1969)</li>\n<li>Iannis Xenakis&nbsp;&ndash;&nbsp;<em>Persepolis</em>&nbsp;(1971)</li>\n</ul>\n<h2>&nbsp;</h2>\n<h2><span id=\"Electronic_and_electroacoustic_instruments\" class=\"mw-headline\">Electronic and electroacoustic instruments</span></h2>\n<div class=\"div-col\">\n<ul>\n<li>Birotron&nbsp;(1974), Dave Biro</li>\n<li>Buchla 100 and 200 serie&nbsp;(1960s&ndash;70s),&nbsp;Buchla Lightning I&nbsp;(1991) and&nbsp;Buchla Lightning II&nbsp;(1995) by&nbsp;Don Buchla</li>\n<li>Cembaphon (1951),&nbsp;Harald Bode</li>\n<li>Chamberlin&nbsp;(1946)</li>\n<li>Clavinet</li>\n<li>Clavioline (early 1950s) and Concert Clavioline (1953),&nbsp;Harald Bode</li>\n<li>Clavivox, Circle Machine, Bass Line Generator, Rhythm Modulator, Bandito the Bongo Artist, and&nbsp;Electronium&nbsp;(1950s&ndash;60s),&nbsp;Raymond Scott</li>\n<li>DX7&nbsp;(1983), Yamaha</li>\n<li>Elektronium&nbsp;(in German)</li>\n<li>EMS Synthi AKS&nbsp;(1972)</li>\n<li>Fairlight CMI&nbsp;(1978)</li>\n<li>Gravikord&nbsp;(1986), Robert Grawi</li>\n<li>Kraakdoos&nbsp;/ Cracklebox (1960s&ndash;70s),&nbsp;Michel Waisvisz</li>\n<li>Mellotron&nbsp;(1960s)</li>\n<li>Melochord (1947&ndash;49),&nbsp;Harald Bode</li>\n<li>Melodium (1938),&nbsp;Harald Bode</li>\n<li>Moog synthesizer&nbsp;(1965),&nbsp;Robert Moog</li>\n<li>Optigan&nbsp;(1971)</li>\n<li>Orchestron&nbsp;(1975), Vako Synthesizers</li>\n<li>Polychord (1950) and Polychord III (1951),&nbsp;Harald Bode</li>\n<li>Electronic Sackbut (1945),&nbsp;Hugh Le Caine</li>\n<li>Sampler (musical instrument)</li>\n<li>Synclavier&nbsp;(1975),&nbsp;Jon Appleton, Sydney A. Alonso and Cameron Jones</li>\n<li>Telharmonium&nbsp;(1897),&nbsp;Thaddeus Cahill</li>\n<li>Theremin&nbsp;(1928),&nbsp;Leon Theremin</li>\n<li>Tuttivox (1953),&nbsp;Harald Bode</li>\n<li>UPIC&nbsp;(1977),&nbsp;Iannis Xenakis&nbsp;and&nbsp;CEMAMu</li>\n<li>Warbo Formant organ (1937),&nbsp;Harald Bode</li>\n</ul>\n</div>\n<h2>&nbsp;</h2>\n<h2><span id=\"Centers.2C_associations_and_events_for_electroacoustics_and_related_arts\"></span><span id=\"Centers,_associations_and_events_for_electroacoustics_and_related_arts\" class=\"mw-headline\">Centers, associations and events for electroacoustics and related arts</span></h2>\n<p>Important centers of research and composition can be found around the world, and there are numerous conferences and festivals which present electroacoustic music, notably the&nbsp;International Computer Music Conference, the International Conference on&nbsp;New interfaces for musical expression, the Electroacoustic Music Studies Conference, and the&nbsp;Ars Electronica&nbsp;Festival (Linz, Austria).</p>\n<p>A number of national associations promote the art form, notably the&nbsp;Canadian Electroacoustic Community&nbsp;(CEC) in Canada, the&nbsp;Society for Electro-Acoustic Music in the United States&nbsp;(SEAMUS) in the US, the&nbsp;Australasian Computer Music Association&nbsp;in Australia and New Zealand, and&nbsp;Sound and Music&nbsp;(previously the&nbsp;Sonic Arts Network) in the UK. The&nbsp;<em>Computer Music Journal</em>&nbsp;and&nbsp;<em>Organised Sound</em>&nbsp;are the two most important peer-reviewed journals dedicated to electroacoustic studies, while several national associations produce print and electronic publications.</p>\n<h3>&nbsp;</h3>\n<h3><span id=\"Festivals\" class=\"mw-headline\">Festivals</span></h3>\n<p>There have been a number of festivals that feature electroacoustic music. Early festivals such as&nbsp;Donaueschingen Festival, founded in 1921, were some of the first to include electroacoustic instruments and pieces. This was followed by&nbsp;ONCE Festival of New Music&nbsp;in the 1950s, and since the 1960s there has been a growth of festivals that focus exclusively on electroacoustic music.</p>\n<div class=\"div-col\">\n<ul>\n<li>60x60&nbsp;(Intl.)</li>\n<li>Ars Electronica&nbsp;(Austria)</li>\n<li>Berlin Atonal&nbsp;(Germany)</li>\n<li>Cybersonica&nbsp;(UK)</li>\n<li>Dias de M&uacute;sica Electroac&uacute;stica (Intl.)</li>\n<li>Electro-music&nbsp;(UK)</li>\n<li>Electroacoustic Music Days&nbsp;(Greece)</li>\n<li>Electronic Music Midwest&nbsp;(US)</li>\n<li>Electrofringe&nbsp;(Australia)</li>\n<li>Expo '70&nbsp;(Japan)</li>\n<li>International Computer Music Conference&nbsp;(Intl.)</li>\n<li>International Electroacoustic Music Festival&nbsp;(Cuba)</li>\n<li>Les Siestes Electroniques&nbsp;(France)</li>\n<li>Music For People &amp; Thingamajigs Festival&nbsp;(US)</li>\n<li>New Interfaces for Musical Expression&nbsp;(Int.)</li>\n<li>Numusic (Norway)</li>\n<li>NWEAMO&nbsp;(US)</li>\n<li>Olympia Experimental Music Festival&nbsp;(US)</li>\n<li>ONCE Festival of New Music (US)</li>\n<li>Pr&eacute;sences &Eacute;lectroniques (France)</li>\n<li>Pro Musica Nova&nbsp;(Germany)</li>\n<li>Spark Festival&nbsp;(US)</li>\n<li>TodaysArt&nbsp;(The Netherlands)</li>\n</ul>\n</div>\n<h3>&nbsp;</h3>\n<h3><span id=\"Conferences_and_symposiums\" class=\"mw-headline\">Conferences and symposiums</span></h3>\n<p>Alongside paper presentations, workshops and seminars, many of these events also feature concert performances or sound installations created by those attending or which are related to the theme of the conference / symposium.</p>\n<ul>\n<li>International Conference on&nbsp;New Interfaces for Musical Expression&nbsp;(NIME) (since 2000)</li>\n</ul>",
 "remarks": "本词条汉字内容由 @多频百科团队 翻译+编辑\n原文译自 https://en.wikipedia.org/wiki/Electroacoustic_music",
 "remarksEn": "本词条内容来自 https://en.wikipedia.org/wiki/Electroacoustic_music",
 "status": 1,
 "clickNum": 34,
 "deleted": 0,
 "lang": 0,
 "chooseLang": true,
 "id": 21,
 "name": "Electroacoustic Music",
 "descriptions": "Electroacoustic Music（法语：Musique Acousmatique，中文译作：电声音乐、电子原音音乐）是西方艺术音乐的一个流派，该流派的作曲家使用一些技术来操纵声学声音的音色，有时通过在声学乐器上使用诸如混响或和声等音频信号处理来实现。 电声音乐起源于20世纪中叶，随后将带有电子声音的作品纳入了作曲实践。 电声音乐在固定媒体上的发展始于20世纪，与Musique Concrète具象音乐的发源地，法国科隆电子音乐工作室和巴黎ORTF的音乐团体Groupe de recherches musicales的活动有关。他们将音乐研究的重点放在电子音乐的组成上。另外还有美国纽约市的哥伦比亚-普林斯顿电子音乐中心，在那里，人们探索了磁带音乐，电子音乐和计算机音乐。实用的电子乐器在1900年代初开始出现。",
 "originalName": "电声音乐，电子原音音乐",
 "startTimeText": "20世纪中叶",
 "startAddress": "",
 "searchStyle": "Electroacoustic Music",
 "styleCategory": "Experimental Music",
 "originalStyle": "",
 "affectStyle": "",
 "deriveStyle": "",
 "representArtist": "",
 "officialUrl": "https://en.wikipedia.org/wiki/Electroacoustic_music",
 "typeId": 13,
 "typeName": "风格",
 "dataId": 21,
 "url": "http://dropinapp.hearinmusic.com/#/ency?typeId=13&dataId=21"
}