{
 "pageNum": 1,
 "pageSize": 10,
 "params": {},
 "relationChannel": "[{\"id\":629,\"parentId\":8,\"name\":\"Electronica\"}]",
 "relationEncy": "[{\"id\":36660,\"typeId\":13,\"dataId\":333,\"name\":\"Indietronica\",\"url\":\"http://dropinapp.hearinmusic.com/#/ency?typeId=13&dataId=333\"},{\"id\":36664,\"typeId\":13,\"dataId\":337,\"name\":\"Dubtronica\",\"url\":\"http://dropinapp.hearinmusic.com/#/ency?typeId=13&dataId=337\"},{\"id\":36674,\"typeId\":13,\"dataId\":347,\"name\":\"Folktronica\",\"url\":\"http://dropinapp.hearinmusic.com/#/ency?typeId=13&dataId=347\"},{\"id\":36675,\"typeId\":13,\"dataId\":348,\"name\":\"Funktronica\",\"url\":\"http://dropinapp.hearinmusic.com/#/ency?typeId=13&dataId=348\"},{\"id\":36676,\"typeId\":13,\"dataId\":349,\"name\":\"Jazztronica\",\"url\":\"http://dropinapp.hearinmusic.com/#/ency?typeId=13&dataId=349\"}]",
 "content": "<div class=\"document\">\n<div>\n<div class=\"document\">\n<p class=\"paragraph text-align-type-left pap-line-1.8 pap-line-rule-auto pap-spacing-before-2pt pap-spacing-after-2pt\">Electronica是指一系列目的是为了聆听而不是严格地用于跳舞的广泛的电子音乐风格，同时也指代1990年代早期在英国兴起的音乐场景。在美国，这个术语有时也被用来泛指电子音乐。</p>\n<p class=\"paragraph text-align-type-left pap-line-1.8 pap-line-rule-auto pap-spacing-before-2pt pap-spacing-after-2pt\">&nbsp;</p>\n<p class=\"paragraph text-align-type-left pap-line-1.8 pap-line-rule-auto pap-spacing-before-2pt pap-spacing-after-2pt\"><strong>历史</strong></p>\n<p class=\"paragraph text-align-type-left pap-line-1.8 pap-line-rule-auto pap-spacing-before-2pt pap-spacing-after-2pt\"><span style=\"text-decoration: underline;\">1990年代初期：起源和英国场景</span></p>\n<p class=\"paragraph text-align-type-left pap-line-1.8 pap-line-rule-auto pap-spacing-before-2pt pap-spacing-after-2pt\">\"electronica\"这个词最初的广泛使用来自于有影响力的英国实验电子乐厂牌New Electronica，它是20世纪90年代初引进和支持以舞蹈为基础的电子音乐的主导力量之一，面向家庭而非舞池播放。当时，electronica被称为 \"电子听觉音乐\"，也或多或少成为环境电子乐和智能电子乐的同义词，并被认为与其他新兴流派如丛林和Trip-hop不同。</p>\n<p class=\"paragraph text-align-type-left pap-line-1.8 pap-line-rule-auto pap-spacing-before-2pt pap-spacing-after-2pt\">&nbsp;</p>\n<p class=\"paragraph text-align-type-left pap-line-1.8 pap-line-rule-auto pap-spacing-before-2pt pap-spacing-after-2pt\">后来在商业上获得成功的electronica音乐人在80年代末开始录制唱片，当时这个词还没有被普遍使用，例如包括The Prodigy, Fatboy Slim, Daft Punk, The Chemical Brothers, The Crystal Method, Moby, Underworld 和 Faithless。</p>\n<p class=\"paragraph text-align-type-left pap-line-1.8 pap-line-rule-auto pap-spacing-before-2pt pap-spacing-after-2pt\">&nbsp;</p>\n<p class=\"paragraph text-align-type-left pap-line-1.8 pap-line-rule-auto pap-spacing-before-2pt pap-spacing-after-2pt\"><span style=\"text-decoration: underline;\">1990年代中期：对主流流行音乐的影响&nbsp; &nbsp;</span>&nbsp;</p>\n<p class=\"paragraph text-align-type-left pap-line-1.8 pap-line-rule-auto pap-spacing-before-2pt pap-spacing-after-2pt\">大约在90年代中期，随着The Chemical Brothers和The Prodigy所代表的big&nbsp;beat声音在英国的成功，以及主流艺术家的关注，包括麦当娜与威廉-奥比特合作的专辑Ray of Light和澳大利亚歌手Dannii Minogue1997年的专辑Girl，这一时期的音乐开始以更高的预算、更高的技术质量制作，并且比大多数其他形式的舞曲有更多的层次，因此它被主要的唱片公司和MTV列为 \"下一个大事件 \"。</p>\n<p class=\"paragraph text-align-type-left pap-line-1.8 pap-line-rule-auto pap-spacing-before-2pt pap-spacing-after-2pt\">&nbsp;</p>\n<div>\n<div class=\"document\">\n<p class=\"paragraph text-align-type-left pap-line-1.8 pap-line-rule-auto pap-spacing-before-2pt pap-spacing-after-2pt\">根据1997年Billboard的一篇文章，\"俱乐部社区和独立厂牌的联合 \"提供了实验性和引领潮流的环境，electronica在其中发展并最终进入主流。&nbsp;它引用了美国厂牌，如(The&nbsp;Chemical&nbsp;Brothers,&nbsp;Fatboy&nbsp;Slim,&nbsp;The&nbsp;Future&nbsp;Sound&nbsp;of&nbsp;London,&nbsp;Fluke),&nbsp;Moonshine&nbsp;(DJ&nbsp;Keoki),&nbsp;Sims,&nbsp;and&nbsp;City&nbsp;of&nbsp;Angels&nbsp;(The&nbsp;Crystal&nbsp;Method)&nbsp;，在传播推广电子音乐界流行的艺术家方面发挥了重要作用。</p>\n<p class=\"paragraph text-align-type-left pap-line-1.8 pap-line-rule-auto pap-spacing-before-2pt pap-spacing-after-2pt\">&nbsp;</p>\n<p class=\"paragraph text-align-type-left pap-line-1.8 pap-line-rule-auto pap-spacing-before-2pt pap-spacing-after-2pt\">Madonna&nbsp;和&nbsp;Bj&ouml;rk据说对电子音乐进入主流文化负有责任，他们的专辑Ray&nbsp;of&nbsp;Light&nbsp;(Madonna), Post&nbsp;和Homogenic&nbsp;(Bj&ouml;rk)。</p>\n<p class=\"paragraph text-align-type-left pap-line-1.8 pap-line-rule-auto pap-spacing-before-2pt pap-spacing-after-2pt\">&nbsp;</p>\n<p class=\"paragraph text-align-type-left pap-line-1.8 pap-line-rule-auto pap-spacing-before-2pt pap-spacing-after-2pt\"><span style=\"text-decoration: underline;\">1990年代末：美国的融入</span></p>\n<p class=\"paragraph text-align-type-left pap-line-1.8 pap-line-rule-auto pap-spacing-before-2pt pap-spacing-after-2pt\">1997年，北美的主流音乐产业采用并在某种程度上制造了electronica&nbsp;，将其作为一个总括性的术语，包括诸如techno、big beat、drum and bass、trip hop、downtempo和ambient等风格，不管它是由迎合 \"地下 \"夜总会和狂欢场景的独立厂牌策划的，还是由大厂牌授权并作为替代摇滚音乐的商业上可行的方案向主流观众推销。</p>\n<p class=\"paragraph text-align-type-left pap-line-1.8 pap-line-rule-auto pap-spacing-before-2pt pap-spacing-after-2pt\">&nbsp;</p>\n<p class=\"paragraph text-align-type-left pap-line-1.8 pap-line-rule-auto pap-spacing-before-2pt pap-spacing-after-2pt\">纽约市成为电子音乐实验和发展的中心，来自东南亚和巴西等不同地区的DJ和音乐制作人将他们的创意作品带到了该市的夜总会 。</p>\n<p class=\"paragraph text-align-type-left pap-line-1.8 pap-line-rule-auto pap-spacing-before-2pt pap-spacing-after-2pt\">&nbsp;</p>\n<p class=\"paragraph text-align-type-left pap-line-1.8 pap-line-rule-auto pap-spacing-before-2pt pap-spacing-after-2pt\"><span style=\"text-decoration: underline;\">2010年代：衰落</span></p>\n<p class=\"paragraph text-align-type-left pap-line-1.8 pap-line-rule-auto pap-spacing-before-2pt pap-spacing-after-2pt\">到2010年代初，业界放弃了electronica，而选择了电子舞曲（EDM），这个词根植于学术界，与户外音乐节和相对主流的、post-electro&nbsp;house&nbsp;和dubstep的联系越来越紧密。</p>\n<p class=\"paragraph text-align-type-left pap-line-1.8 pap-line-rule-auto pap-spacing-before-2pt pap-spacing-after-2pt\">&nbsp;</p>\n</div>\n</div>\n</div>\n</div>\n<p class=\"paragraph text-align-type-left pap-line-1.8 pap-line-rule-auto pap-spacing-before-0pt pap-spacing-after-0pt\"><strong>不同地区的定义</strong></p>\n<p class=\"paragraph text-align-type-left pap-line-1.8 pap-line-rule-auto pap-spacing-before-0pt pap-spacing-after-0pt\">在1990年代后期的北美，主流音乐产业采用并在某种程度上将Electronica定义为包含铁克诺、大节拍（英语：Big beat）、鼓打贝斯、神游舞曲、缓拍以及氛围等电子音乐子类别的雨伞术语，不论其是否出自独立唱片公司为迎合&ldquo;地下&rdquo;夜总会和锐舞场景的电子音乐作品、还是由主流唱片公司授权并向主流观众推销，作为另类摇滚在商业上可行的替代品。然而到了2010年初，业界舍弃了&ldquo;Electronica&rdquo;一词而改用源于学术界、并与户外音乐节和相对主流的后锐舞电子浩室和回响贝斯有着诸多关联的&ldquo;电子舞曲（EDM）&rdquo;。尽管如此，位于美国的Allmusic仍然将&ldquo;Electronica&rdquo;归类为顶级音乐类型，声称其拥有可使人跳舞的律动，并适合以耳机在休闲区域聆听的音乐。</p>\n<p class=\"paragraph text-align-type-left pap-line-1.8 pap-line-rule-auto pap-spacing-before-0pt pap-spacing-after-0pt\">&nbsp;</p>\n<p class=\"paragraph text-align-type-left pap-line-1.8 pap-line-rule-auto pap-spacing-before-0pt pap-spacing-after-0pt\">在世界其他地方，特别是在英国，&ldquo;Electronica&rdquo;也是一个广义的术语，但与非舞曲音乐有关，包括相对实验性的缓拍电子音乐风格。&ldquo;Electronica&rdquo;在英国以外的部分主要与智能舞曲（IDM）（英语：Intelligent dance music）的定义重叠。</p>\n<p class=\"paragraph text-align-type-left pap-line-1.8 pap-line-rule-auto pap-spacing-before-0pt pap-spacing-after-0pt\">&nbsp;</p>\n<p class=\"paragraph text-align-type-left pap-line-1.8 pap-line-rule-auto pap-spacing-before-0pt pap-spacing-after-0pt\"><strong>多样的艺人</strong></p>\n<p class=\"paragraph text-align-type-left pap-line-1.8 pap-line-rule-auto pap-spacing-before-0pt pap-spacing-after-0pt\">Electronica受益于音乐技术的进步，尤其是电子乐器、合成器、音乐音序器（英语：Music sequencer）、鼓机（英语：Drum machine）和数位音频工作站（英语：Digital audio workstation）的发展。随着技术的发展，个人或小团体可以在较小的录音室中制作电子歌曲和录音，甚至在自家录音（英语：Home recording）也行。同时，电脑促进了音乐取样和循环（英语：Loop (music)）的使用，作为声音组成的构成要件。这导致了一段时间的创造性实验和新形式的发展，其中一些便被称为&ldquo;Electronica&rdquo;。</p>\n<p class=\"paragraph text-align-type-left pap-line-1.8 pap-line-rule-auto pap-spacing-before-0pt pap-spacing-after-0pt\">&nbsp;</p>\n<p class=\"paragraph text-align-type-left pap-line-1.8 pap-line-rule-auto pap-spacing-before-0pt pap-spacing-after-0pt\">Electronica目前包括各种各样的音乐表演和风格，此流派的音乐家有受欢迎的艺人如碧玉、玛丹娜（从《光芒万丈》开始）、冰金乐团（英语：Goldfrapp）等、IDM音乐家如Autechre（英语：Autechre）、或以混搭音乐（英语：Dub music）为基础的缓拍、缓速和神游舞曲音乐人如Aphex Twin。在&ldquo;Electronica&rdquo;术语普遍使用之前，一些电子音乐家们早在在1980年代后期开始录制作品，并后来在商业上取得成功，包括超凡乐团、流线胖小子、傻瓜朋克、化学兄弟、水晶疗法乐团（英语：The Crystal Method）、莫比、地底世界乐团（英语：Underworld (band)）和无信念合唱团（英语：Faithless）。Electronica作曲家经常创作他们作品的另类版本，称为&ldquo;混音&rdquo;（remixes）；这种做法也发生在相关的音乐形式，如氛围、丛林和电子舞曲。</p>\n<p class=\"paragraph text-align-type-left pap-line-1.8 pap-line-rule-auto pap-spacing-before-0pt pap-spacing-after-0pt\">&nbsp;</p>\n<p class=\"paragraph text-align-type-left pap-line-1.8 pap-line-rule-auto pap-spacing-before-0pt pap-spacing-after-0pt\">1990年代后期开始，纽约市逐渐成为电子音乐声响的实验和成长中心之一，来自东南亚和巴西等地区的DJ们音乐制作人将他们的创作带到了该城市的舞厅。</p>\n<p class=\"paragraph text-align-type-left pap-line-1.8 pap-line-rule-auto pap-spacing-before-0pt pap-spacing-after-0pt\">&nbsp;</p>\n<p class=\"paragraph text-align-type-left pap-line-1.8 pap-line-rule-auto pap-spacing-before-0pt pap-spacing-after-0pt\"><strong>对流行音乐的影响</strong></p>\n<p class=\"paragraph text-align-type-left pap-line-1.8 pap-line-rule-auto pap-spacing-before-0pt pap-spacing-after-0pt\">大约在1990年代中期，随着英国的化学兄弟和超凡乐团的大节拍声响获得重大成功，以及主流艺术家的关注如玛丹娜与威廉&middot;欧比元（英语：William Orbit）在她的专辑《光芒万丈》中的合作[11]与澳洲女歌手丹妮&middot;米洛（英语：Dannii Minogue）与她1997年的专辑《Girl（英语：Girl (Dannii Minogue album)）》。至此，这个时期的音乐在大型唱片公司和MTV的重视与支持之下开始以更高的预算、更高的技术质量、以及比大多数其他形式的舞曲音乐更多层次的制作。</p>\n<p class=\"paragraph text-align-type-left pap-line-1.8 pap-line-rule-auto pap-spacing-before-0pt pap-spacing-after-0pt\">&nbsp;</p>\n<p class=\"paragraph text-align-type-left pap-line-1.8 pap-line-rule-auto pap-spacing-before-0pt pap-spacing-after-0pt\">根据1997年《告示牌杂志》的文章，文中认为&ldquo;俱乐部社群和独立唱片厂牌的结盟&rdquo;提供了实验和引领潮流的环境，让其中的Electronica艺人发展并最终成为主流。文中也提及了美国音乐厂牌如Astralwerks（英语：Astralwerks）（旗下有伦敦未来之声（英语：The Future Sound of London）、Fluke（英语：Fluke (band)）等）、私酒音乐（英语：Moonshine Music）（旗下有DJ Keoki（英语：DJ Keoki）等）、Sims唱片（英语：Sims Records）和天使之城唱片（City Of Angels Label，旗下有水晶疗法乐团等）在发掘和营销在Electronica普及的音乐家中扮演重要角色。</p>\n<p class=\"paragraph text-align-type-left pap-line-1.8 pap-line-rule-auto pap-spacing-before-0pt pap-spacing-after-0pt\">&nbsp;</p>\n<p class=\"paragraph text-align-type-left pap-line-1.8 pap-line-rule-auto pap-spacing-before-0pt pap-spacing-after-0pt\"><strong>当代媒体的运用</strong></p>\n<p class=\"paragraph text-align-type-left pap-line-1.8 pap-line-rule-auto pap-spacing-before-0pt pap-spacing-after-0pt\">在1990年代末和2000年代初，Electronica越来越多地被用作电视广告的配乐，最初用于汽车电台。它还被用于各种游戏，如反重力赛车系列，其配乐由许多流行的电子曲目组成，这些曲目有助于让人对这类音乐产生更多兴趣。</p>\n</div>",
 "contentEn": "<p><strong>Electronica</strong>&nbsp;is both a broad group of&nbsp;electronic-based music styles intended for listening rather than strictly for&nbsp;dancing<sup id=\"cite_ref-primer_2-0\" class=\"reference\">[2]</sup><sup id=\"cite_ref-bogdanov_1-1\" class=\"reference\">[1]</sup>&nbsp;and a music scene that started in the early 1990s in the&nbsp;United Kingdom.<sup id=\"cite_ref-bogdanov_1-2\" class=\"reference\">[1]</sup>&nbsp;In the&nbsp;United States, the term is mostly used to refer&nbsp;electronic music&nbsp;generally.<sup id=\"cite_ref-3\" class=\"reference\">[3]</sup></p>\n<p>&nbsp;</p>\n<h2><span id=\"History\" class=\"mw-headline\">History</span></h2>\n<h3><span id=\"Early_1990s:_origins_and_UK_scene\" class=\"mw-headline\">Early 1990s: origins and UK scene</span></h3>\n<p>The original wide-spread use of the term \"electronica\" derives from the influential English experimental techno label New Electronica, which was one of the leading forces of the early 1990s introducing and supporting dance-based electronic music oriented towards home listening rather than dance-floor play.<sup id=\"cite_ref-bogdanov_1-3\" class=\"reference\">[1]</sup>&nbsp;At that time electronica became known as \"electronic listening music\", also becoming more or less synonymous to&nbsp;ambient techno&nbsp;and&nbsp;intelligent techno, and was considered distinct from other emerging genres such as&nbsp;jungle&nbsp;and&nbsp;trip-hop.<sup id=\"cite_ref-bogdanov_1-4\" class=\"reference\">[1]</sup></p>\n<p>&nbsp;</p>\n<p>Electronica artists that would later become commercially successful began to record in the late 1980s, before the term had come into common usage, including for example&nbsp;The Prodigy,&nbsp;Fatboy Slim,&nbsp;Daft Punk,&nbsp;The Chemical Brothers,&nbsp;The Crystal Method,&nbsp;Moby,&nbsp;Underworld&nbsp;and&nbsp;Faithless.<sup id=\"cite_ref-wired-method_4-0\" class=\"reference\">[4]</sup></p>\n<h3>&nbsp;</h3>\n<h3><span id=\"Mid_1990s:_effect_on_mainstream_popular_music\" class=\"mw-headline\">Mid 1990s: effect on mainstream popular music</span></h3>\n<p>Around the mid-1990s, with the success of the&nbsp;big beat-sound exemplified by&nbsp;The Chemical Brothers&nbsp;and&nbsp;The Prodigy&nbsp;in the UK, and spurred by the attention from mainstream artists, including&nbsp;Madonna&nbsp;in her collaboration with&nbsp;William Orbit&nbsp;on her album&nbsp;<em>Ray of Light</em><sup id=\"cite_ref-billboard1_5-0\" class=\"reference\">[5]</sup>&nbsp;and Australian singer&nbsp;Dannii Minogue&nbsp;with her 1997 album&nbsp;<em>Girl</em>,<sup id=\"cite_ref-6\" class=\"reference\">[6]</sup>&nbsp;music of this period began to be produced with a higher budget, increased technical quality, and with more layers than most other forms of dance music, since it was backed by major record labels and&nbsp;MTV&nbsp;as the \"next big thing\".<sup id=\"cite_ref-technoculture2_7-0\" class=\"reference\">[7]</sup></p>\n<p>&nbsp;</p>\n<p>According to a 1997&nbsp;<em>Billboard</em>&nbsp;article, \"the union of the&nbsp;club&nbsp;community and&nbsp;independent labels\" provided the experimental and trend-setting environment in which electronica acts developed and eventually reached the mainstream. It cites American labels such as&nbsp;Astralwerks&nbsp;(The Chemical Brothers,&nbsp;Fatboy Slim,&nbsp;The Future Sound of London,&nbsp;Fluke),&nbsp;Moonshine&nbsp;(DJ Keoki),&nbsp;Sims, and City of Angels (The Crystal Method) for playing a significant role in discovering and marketing artists who became popularized in the electronica scene.<sup id=\"cite_ref-billboard_8-0\" class=\"reference\">[8]</sup></p>\n<p>&nbsp;</p>\n<p>Madonna&nbsp;and Bj&ouml;rk are said<sup class=\"noprint Inline-Template\">[<em><span title=\"The material near this tag may use weasel words or too-vague attribution. (August 2016)\">by whom?</span></em>]</sup>&nbsp;to be responsible for electronica's thrust into mainstream culture, with their albums&nbsp;<em>Ray of Light</em>&nbsp;(Madonna),<sup id=\"cite_ref-billboard1_5-1\" class=\"reference\">[5]</sup>&nbsp;<em>Post</em>&nbsp;and&nbsp;<em>Homogenic</em>&nbsp;(Bj&ouml;rk).</p>\n<h3>&nbsp;</h3>\n<h3><span id=\"Late_1990s:_American_inclusion\" class=\"mw-headline\">Late 1990s: American inclusion</span></h3>\n<p>In 1997, North American mainstream music industry adopted and to some extent manufactured&nbsp;<em>electronica</em>&nbsp;as an umbrella term encompassing styles such as&nbsp;techno,&nbsp;big beat,&nbsp;drum and bass,&nbsp;trip hop,&nbsp;downtempo, and&nbsp;ambient, regardless of whether it was curated by indie labels catering to the \"underground\"&nbsp;nightclub&nbsp;and&nbsp;rave&nbsp;scenes,<sup id=\"cite_ref-billboard_8-1\" class=\"reference\">[8]</sup><sup id=\"cite_ref-MIT_9-0\" class=\"reference\">[9]</sup>&nbsp;or licensed by major labels and marketed to mainstream audiences as a commercially viable alternative to&nbsp;alternative rock&nbsp;music.<sup id=\"cite_ref-NYmag_10-0\" class=\"reference\">[10]</sup></p>\n<p>&nbsp;</p>\n<p>New York City&nbsp;became one center of experimentation and growth for the electronica sound, with&nbsp;DJs&nbsp;and music producers from areas as diverse as Southeast Asia and Brazil bringing their creative work to the nightclubs of that city.<sup id=\"cite_ref-latin1_11-0\" class=\"reference\">[11]</sup><sup id=\"cite_ref-youth1_12-0\" class=\"reference\">[12]</sup></p>\n<h3>&nbsp;</h3>\n<h3><span id=\"2010s:_decline_of_the_term\" class=\"mw-headline\">2010s: decline of the term</span></h3>\n<p>By the early 2010s, the industry abandoned&nbsp;<em>electronica</em>&nbsp;in favor of&nbsp;<em>electronic dance music</em>&nbsp;(EDM), a term with roots in academia and an increasing association with outdoor&nbsp;music festivals&nbsp;and relatively mainstream, post-rave&nbsp;electro house&nbsp;and&nbsp;dubstep&nbsp;music.</p>\n<h2>&nbsp;</h2>\n<h2><span id=\"Characteristics_and_definition\" class=\"mw-headline\">Characteristics and definition</span></h2>\n<p>Electronica benefited from advancements in&nbsp;music technology, especially&nbsp;electronic musical instruments,&nbsp;synthesizers,&nbsp;music sequencers,&nbsp;drum machines, and&nbsp;digital audio workstations. As the technology developed, it became possible for individuals or smaller groups to produce electronic songs and recordings in smaller studios, even in&nbsp;project studios. At the same time, computers facilitated the use of music&nbsp;\"samples\"&nbsp;and&nbsp;\"loops\"&nbsp;as construction kits for sonic compositions.<sup id=\"cite_ref-direct2_13-0\" class=\"reference\">[13]</sup>&nbsp;This led to a period of creative experimentation and the development of new forms, some of which became known as&nbsp;<em>electronica</em>.<sup id=\"cite_ref-holmes5_14-0\" class=\"reference\">[14]</sup><sup id=\"cite_ref-wired-BT_15-0\" class=\"reference\">[15]</sup>&nbsp;Wide ranges of influences, both sonic and compositional, are combined in electronica recordings.<sup id=\"cite_ref-technoculture1_16-0\" class=\"reference\">[16]</sup></p>\n<p>&nbsp;</p>\n<p>Electronica includes a wide variety of musical acts and styles, linked by a penchant for overtly electronic production;<sup id=\"cite_ref-direct1_17-0\" class=\"reference\">[17]</sup>&nbsp;a range which includes more popular acts such as&nbsp;Bj&ouml;rk,&nbsp;Madonna,&nbsp;Goldfrapp&nbsp;and&nbsp;IDM&nbsp;artists such as&nbsp;Autechre, and&nbsp;Aphex Twin.</p>\n<h3>&nbsp;</h3>\n<h3><span id=\"Regional_differences\" class=\"mw-headline\">Regional differences</span></h3>\n<p>North American mainstream music industry uses the term as an umbrella category to refer any dance-based electronic music styles with a potential for pop appeal.<sup id=\"cite_ref-bogdanov_1-5\" class=\"reference\">[1]</sup>&nbsp;However, the U.S.-based&nbsp;<em>AllMusic</em>&nbsp;still categorizes electronica as a top-level genre, stating that it includes danceable grooves, as well as music for headphones and&nbsp;chillout&nbsp;areas.<sup id=\"cite_ref-AMG_18-0\" class=\"reference\">[18]</sup></p>\n<p>&nbsp;</p>\n<p>In other parts of the world, especially in the UK,&nbsp;<em>electronica</em>&nbsp;is also a broad term, but is associated with non-dance-oriented music, including relatively experimental styles of listening electronic music. It partly overlaps what is known chiefly outside the UK as&nbsp;<em>intelligent dance music</em>&nbsp;(IDM).<sup id=\"cite_ref-bogdanov_1-6\" class=\"reference\">[1]</sup></p>\n<h2>&nbsp;</h2>\n<h2><span id=\"Included_in_contemporary_media\" class=\"mw-headline\">Included in contemporary media</span></h2>\n<p>In the late 1990s and early 2000s, electronica was increasingly used as background scores for&nbsp;television advertisements, initially for automobiles. It was also used for various video games, including&nbsp;the&nbsp;<em>Wipeout</em>&nbsp;series, for which the soundtrack was composed of many popular electronica tracks that helped create more interest in this type of music<sup id=\"cite_ref-taylor_19-0\" class=\"reference\">[19]</sup>&mdash;and later for other technological and business products such as computers and financial services.<sup class=\"noprint Inline-Template Template-Fact\">[<em><span title=\"This claim needs references to reliable sources. (August 2016)\">citation needed</span></em>]</sup>&nbsp;Then in 2011,&nbsp;Hyundai Veloster, in association with&nbsp;The Grammys, produced a project that became known as Re:Generation.<sup id=\"cite_ref-RE:GENERATION_20-0\" class=\"reference\">[20]</sup></p>\n<p>&nbsp;</p>\n<h2><span id=\"References\" class=\"mw-headline\">References</span></h2>\n<div class=\"reflist\">\n<div class=\"mw-references-wrap mw-references-columns\">\n<ol class=\"references\">\n<li id=\"cite_note-bogdanov-1\"><span class=\"mw-cite-backlink\">^&nbsp;<span class=\"cite-accessibility-label\">Jump up to:</span><sup><em><strong>a</strong></em></sup>&nbsp;<sup><em><strong>b</strong></em></sup>&nbsp;<sup><em><strong>c</strong></em></sup>&nbsp;<sup><em><strong>d</strong></em></sup>&nbsp;<sup><em><strong>e</strong></em></sup>&nbsp;<sup><em><strong>f</strong></em></sup>&nbsp;<sup><em><strong>g</strong></em></sup></span>&nbsp;<span class=\"reference-text\"><cite id=\"CITEREFVladimir_BogdanovJason_Ankeny2001\" class=\"citation book cs1\">Vladimir Bogdanov; Jason Ankeny (2001).&nbsp;<span class=\"cs1-lock-registration\" title=\"Free registration required\"><em>All music guide to electronica: the definitive guide to electronic music</em></span>&nbsp;(4th&nbsp;ed.). Backbeat Books. p.&nbsp;634.&nbsp;ISBN&nbsp;<bdi>0-87930-628-9</bdi>.</cite></span></li>\n<li id=\"cite_note-primer-2\"><span class=\"mw-cite-backlink\"><strong>^</strong></span>&nbsp;<span class=\"reference-text\"><cite id=\"CITEREFVerderosa2002\" class=\"citation book cs1\">Verderosa, Tony (2002).&nbsp;<em>The Techno Primer: The Essential Reference for Loop-Based Music Styles</em>. Hal Leonard Music/Songbooks. p.&nbsp;28.&nbsp;ISBN&nbsp;<bdi>0-634-01788-8</bdi>.&nbsp;<q>Electronica is a broad term used to describe the emergence of electronic music that is geared for listening instead of strictly for dancing.</q></cite></span></li>\n<li id=\"cite_note-3\"><span class=\"mw-cite-backlink\"><strong>^</strong></span>&nbsp;<span class=\"reference-text\"><cite id=\"CITEREFCampbell2012\" class=\"citation book cs1\">Campbell, Michael (2012). \"Electronica and Rap\".&nbsp;<em>Popular Music in America: The Beat Goes On</em>(4th&nbsp;ed.).&nbsp;Cengage Learning.&nbsp;ISBN&nbsp;<bdi>978-0840029768</bdi>.</cite></span></li>\n<li id=\"cite_note-wired-method-4\"><span class=\"mw-cite-backlink\"><strong>^</strong></span>&nbsp;<span class=\"reference-text\">\"Crystal Method...grew from an obscure club-culture duo to one of the most recognizable acts in electronica, ...\", page 90,&nbsp;<em>Wired: Musicians' Home Studios&nbsp;: Tools &amp; Techniques of the Musical Mavericks</em>, Megan Perry, Backbeat Books Music/Songbooks 2004,&nbsp;ISBN&nbsp;0-87930-794-3</span></li>\n<li id=\"cite_note-billboard1-5\"><span class=\"mw-cite-backlink\">^&nbsp;<span class=\"cite-accessibility-label\">Jump up to:</span><sup><em><strong>a</strong></em></sup>&nbsp;<sup><em><strong>b</strong></em></sup></span>&nbsp;<span class=\"reference-text\"><cite class=\"citation news cs1\">\"Billboard: Madonna Hung Out on the Radio\".&nbsp;<em>Billboard</em>. VNU Media. July 2006.</cite></span></li>\n<li id=\"cite_note-6\"><span class=\"mw-cite-backlink\"><strong>^</strong></span>&nbsp;<span class=\"reference-text\">Girl (Dannii Minogue album)</span></li>\n<li id=\"cite_note-technoculture2-7\"><span class=\"mw-cite-backlink\"><strong>^</strong></span>&nbsp;<span class=\"reference-text\">\"Electronica reached new heights within the culture of rave and techno music in the 1990s.\" Page 185,&nbsp;<em>Music and Technoculture</em>, Rene T. A. Lysloff, Tandem Library Books, 2003,&nbsp;ISBN&nbsp;0-613-91250-0</span></li>\n<li id=\"cite_note-billboard-8\"><span class=\"mw-cite-backlink\">^&nbsp;<span class=\"cite-accessibility-label\">Jump up to:</span><sup><em><strong>a</strong></em></sup>&nbsp;<sup><em><strong>b</strong></em></sup></span>&nbsp;<span class=\"reference-text\"><cite id=\"CITEREFFlick1997\" class=\"citation news cs1\">Flick, Larry (May 24, 1997). \"Dancing to the beat of an indie drum\".&nbsp;<em>Billboard</em>.&nbsp;<strong>109</strong>&nbsp;(21). pp.&nbsp;70&ndash;71.&nbsp;ISSN&nbsp;0006-2510.</cite></span></li>\n<li id=\"cite_note-MIT-9\"><span class=\"mw-cite-backlink\"><strong>^</strong></span>&nbsp;<span class=\"reference-text\"><cite id=\"CITEREFKim_Cascone2002\" class=\"citation journal cs1\">Kim Cascone&nbsp;(Winter 2002).&nbsp;\"The Aesthetics of Failure: 'Post-Digital' Tendencies in Contemporary Computer Music\".&nbsp;<em>Computer Music Journal</em>. MIT Press.&nbsp;<strong>24</strong>&nbsp;(4).&nbsp;<q>The glitch genre arrived on the back of the electronica movement, an umbrella term for alternative, largely dance-based electronic music (including house, techno, electro, drum'n'bass, ambient) that has come into vogue in the past five years. Most of the work in this area is released on labels peripherally associated with the dance music market, and is therefore removed from the contexts of academic consideration and acceptability that it might otherwise earn. Still, in spite of this odd pairing of fashion and art music, the composers of glitch often draw their inspiration from the masters of 20th century music who they feel best describe its lineage.</q></cite></span></li>\n<li id=\"cite_note-NYmag-10\"><span class=\"mw-cite-backlink\"><strong>^</strong></span>&nbsp;<span class=\"reference-text\"><cite id=\"CITEREFNorris1997\" class=\"citation journal cs1\">Norris, Chris (April 21, 1997).&nbsp;\"Recycling the Future\".&nbsp;<em>New York</em>: 64&ndash;65.&nbsp;<q>With record sales slumping and alternative rock presumed over, the music industry is famously desperate for a new movement to replace its languishing grunge product. And so its gaze has fixed on a vital and international scene of knob-twiddling musicians and colorfully garbed clubgoers&mdash;a scene that, when it began in Detroit discos ten years ago, was called techno. If all goes according to marketing plan, 1997 will be the year \"electronica\" replaces \"grunge\" as linguistic plague, MTV buzz, ad soundtrack, and runway garb. The music has been freshly installed in Microsoft commercials, in the soundtrack to Hollywood's recycled action-hero pic&nbsp;<em>The Saint</em>, and in MTV's newest, hourlong all-electronica program,&nbsp;<em>Amp</em>.</q></cite></span></li>\n<li id=\"cite_note-latin1-11\"><span class=\"mw-cite-backlink\"><strong>^</strong></span>&nbsp;<span class=\"reference-text\">\"In 2000, [Brazilian vocalist Bebel] Gilberto capitalized on New York's growing fixation with cocktail lounge ambient music, an offshoot of the dance club scene that focused on drum and bass remixes with Brazilian sources. ...Collaborating with club music maestros like Suba and Thievery Corporation, Gilberto thrust herself into the leading edge of the emerging Brazilian electronica movement. On her immensely popular&nbsp;<em>Tanto Tempo</em>&nbsp;(2000)...\" Page 234,&nbsp;<em>The Latin Beat: The Rhythms and Roots of Latin Music from Bossa Nova to Salsa and Beyond</em>, Ed Morales, Da Capo Press, 2003,&nbsp;ISBN&nbsp;0-306-81018-2</span></li>\n<li id=\"cite_note-youth1-12\"><span class=\"mw-cite-backlink\"><strong>^</strong></span>&nbsp;<span class=\"reference-text\">\"founded in 1997,...under the slogan 'Musical Insurgency Across All Borders', for six years [Manhattan nightclub] Mutiny was an international hub of the south Asian electronica music scene. Bringing together artists from different parts of the south Asia diaspora, the club was host to a roster of British Asian musicians and DJs...\" Page 165,&nbsp;<em>Youth Media&nbsp;</em>, Bill Osgerby, Routledge, 2004,&nbsp;ISBN&nbsp;0-415-23807-2</span></li>\n<li id=\"cite_note-direct2-13\"><span class=\"mw-cite-backlink\"><strong>^</strong></span>&nbsp;<span class=\"reference-text\">\"This loop slicing technique is common to the electronica genre and allows a live drum feel with added flexibility and variation.\" Page 380,&nbsp;<em>DirectX Audio Exposed: Interactive Audio Development</em>, Todd Fay, Wordware Publishing, 2003,&nbsp;ISBN&nbsp;1-55622-288-2</span></li>\n<li id=\"cite_note-holmes5-14\"><span class=\"mw-cite-backlink\"><strong>^</strong></span>&nbsp;<span class=\"reference-text\">\"Electronically produced music is part of the mainstream of popular culture. Musical concepts that were once considered radical - the use of environmental sounds, ambient music, turntable music, digital sampling, computer music, the electronic modification of acoustic sounds, and music made from fragments of speech-have now been subsumed by many kinds of popular music. Record store genres including new age, rap, hip-hop, electronica, techno, jazz, and popular song all rely heavily on production values and techniques that originated with classic electronic music.\" Page 1,<em>Electronic and Experimental Music: Pioneers in Technology and Composition</em>, Thomas B. Holmes, Routledge Music/Songbooks, 2002,&nbsp;ISBN&nbsp;0-415-93643-8</span></li>\n<li id=\"cite_note-wired-BT-15\"><span class=\"mw-cite-backlink\"><strong>^</strong></span>&nbsp;<span class=\"reference-text\">\"Electronica and punk have a definite similarity: They both totally prescribe to a DIY&nbsp;aesthetic. We both tried to work within the constructs of the traditional music business, but the system didn't get us - so we found a way to do it for ourselves, before it became affordable.\", quote from artist BT, page 45,&nbsp;<em>Wired: Musicians' Home Studios&nbsp;: Tools &amp; Techniques of the Musical Mavericks</em>, Megan Perry, Backbeat Books Music/Songbooks 2004,&nbsp;ISBN&nbsp;0-87930-794-3</span></li>\n<li id=\"cite_note-technoculture1-16\"><span class=\"mw-cite-backlink\"><strong>^</strong></span>&nbsp;<span class=\"reference-text\">\" For example, composers often render more than one version of their own compositions. This practice is not unique to the mod scene, of course, and occurs commonly in dance club music and related forms (such as ambient, jungle, etc.&mdash;all broadly designated 'electronica').\" Page 48,&nbsp;<em>Music and Technoculture</em>, Rene T. A. Lysloff, Tandem Library Books, 2003,&nbsp;ISBN&nbsp;0-613-91250-0</span></li>\n<li id=\"cite_note-direct1-17\"><span class=\"mw-cite-backlink\"><strong>^</strong></span>&nbsp;<span class=\"reference-text\">\"Electronica lives and dies by its grooves, fat synthesizer patches, and fliter sweeps.\". Page 376,&nbsp;<em>DirectX Audio Exposed: Interactive Audio Development</em>, Todd Fay, Wordware Publishing, 2003,&nbsp;ISBN&nbsp;1-55622-288-2</span></li>\n<li id=\"cite_note-AMG-18\"><span class=\"mw-cite-backlink\"><strong>^</strong></span>&nbsp;<span class=\"reference-text\">\"'Reaching back to grab the grooves of '70s disco/funk and the gadgets of electronic composition, Electronica soon became a whole new entity in and of itself, spinning off new sounds and subgenres with no end in sight two decades down the pike. Its beginnings came in the post-disco environment of Chicago/New York and Detroit, the cities who spawned house and techno (respectively) during the 1980s. Later in that decade, club-goers in Britain latched onto the fusion of mechanical and sensual, and returned the favor to hungry Americans with new styles like jungle/drum'n'bass and trip hop. Though most all early electronica was danceable, by the beginning of the '90s, producers were also making music for the headphones and chill-out areas as well, resulting in dozens of stylistic fusions like ambient-house, experimental techno, tech-house, electro-techno, etc. Typical for the many styles gathered under the umbrella was a focus on danceable grooves, very loose song structure (if any), and, in many producers, a relentless desire to find a new sound no matter how tepid the results.\"&nbsp;Electronica Genre&nbsp;at&nbsp;AllMusic</span></li>\n<li id=\"cite_note-taylor-19\"><span class=\"mw-cite-backlink\"><strong>^</strong></span>&nbsp;<span class=\"reference-text\"><em>The Changing Shape of the Culture Industry; or, How Did Electronica Music Get into Television Commercials?</em>, Timothy D. Taylor, University of California, Los Angeles,&nbsp;Television &amp; New Media, Vol. 8, No. 3, 235-258 (2007)&nbsp;Archived&nbsp;2007-12-03 at the&nbsp;Wayback Machine</span></li>\n<li id=\"cite_note-RE:GENERATION-20\"><span class=\"mw-cite-backlink\"><strong>^</strong></span>&nbsp;<span class=\"reference-text\">Ed.&nbsp;The Grammys.Hyundai Veloster,&nbsp;The Recording Academy,&nbsp;GreenLight Media &amp; Marketing, Art Takes Over (ATO), &amp; RSA Films, n.d. Web. 24 May 2013. &lt;http://regenerationmusicproject.com/&gt;.</span></li>\n</ol>\n</div>\n</div>",
 "remarks": "本词条汉字内容由 @多频百科团队 翻译+编辑\n原文译自 https://en.wikipedia.org/wiki/Electronica\n部分内容来自 https://zh.wikipedia.org/wiki/Electronica",
 "remarksEn": "本词条内容来自 https://en.wikipedia.org/wiki/Electronica",
 "status": 1,
 "clickNum": 35,
 "deleted": 0,
 "lang": 0,
 "chooseLang": true,
 "id": 26,
 "name": "Electronica",
 "descriptions": "Electronica是指一系列目的是为了聆听而不是严格地用于跳舞的广泛的电子音乐风格，同时也指代1990年代早期在英国兴起的音乐场景。在美国，这个术语有时也被用来泛指电子音乐。\n\n",
 "originalName": "",
 "startTimeText": "Late 1970s to 1980s",
 "startAddress": "United Kingdom, Europe, Japan and the United States",
 "searchStyle": "Electronica",
 "styleCategory": "Fusion Genres",
 "originalStyle": "Ambient, electronic, synth-pop",
 "affectStyle": "Electro house, electronicore, ethnic electronica, folktronica, funktronica, indietronica, Neue Deutsche Härte, nu-jazz",
 "deriveStyle": "",
 "representArtist": "",
 "officialUrl": "https://en.wikipedia.org/wiki/Electronica",
 "typeId": 13,
 "typeName": "风格",
 "dataId": 26,
 "url": "http://dropinapp.hearinmusic.com/#/ency?typeId=13&dataId=26"
}