{
 "pageNum": 1,
 "pageSize": 10,
 "params": {},
 "relationChannel": "[{\"id\":1291,\"parentId\":8,\"name\":\"Electro-Industrial\"}]",
 "content": "<div>\n<div class=\"document\">\n<p class=\"paragraph text-align-type-left pap-line-1.8 pap-line-rule-auto pap-spacing-before-2pt pap-spacing-after-2pt\">Electro-industrial（电子工业音乐）是 80 年代初期从Industrial音乐中兴起的一种音乐类型。它既有承自EBM的极简结构和干净制作，同时更倾向使用更具实验性的方式来塑造强硬、复杂和层叠的声音。 这种风格是由 Skinny Puppy、Front Line Assembly、Numb 和其他来自加拿大、比利时、荷兰或卢森堡的艺术家开创的。 在 1990 年代初期，这种风格催生了Dark Electro流派，并在 1990 年代中/后期，产生了Aggrotech分支。这种风格的粉丝群与Rivethead文化有紧密关联。</p>\n<p class=\"paragraph text-align-type-left pap-line-1.8 pap-line-rule-auto pap-spacing-before-2pt pap-spacing-after-2pt\">&nbsp;</p>\n<p class=\"paragraph text-align-type-left pap-line-1.8 pap-line-rule-auto pap-spacing-before-2pt pap-spacing-after-2pt\"><strong>特点</strong></p>\n<p class=\"paragraph text-align-type-left pap-line-1.8 pap-line-rule-auto pap-spacing-before-2pt pap-spacing-after-2pt\">在1990年代初期EBM运动消退之后，electro-industrial在国际俱乐部中越来越受欢迎。与纯正的EBM风格相反，electro-industrial乐队使用更刺耳的节拍和更刺耳，失真或数字化的人声。与industrial rock相反，除Skinny Puppy之外，electro-industrial乐队大多不使用吉他，Skinny Puppy自80年代中期开始在Testure或Dig It等歌曲中使用E-Guitar Elements，和Numb一起演唱God Is Dead之类的歌曲。</p>\n<p class=\"paragraph text-align-type-left pap-line-1.8 pap-line-rule-auto pap-spacing-before-2pt pap-spacing-after-2pt\">&nbsp;</p>\n<p class=\"paragraph text-align-type-left pap-line-1.8 pap-line-rule-auto pap-spacing-before-2pt pap-spacing-after-2pt\">到1980年代，诸如SPK, Die Form, Borghesia, Klinik, Skinny Puppy, Numb和Front Line Assembly等团体是Electro-industrial的乐队。1990年代，杰出的Electro-industrial乐队包括Mentallo and the Fixer, Yeht Mae, Velvet Acid Christ和Pulse Legion（美国）；Numb and Decoded Feedback（加拿大）；X Marks the Pedwalk, Plastic Noise Experience, Wumpscut, Haujobb, Forma Tadre, KMFDM, and Putrefy Factor 7 as well as Abortive Gasp（德国）；来自丹麦的Le&aelig;therStrip ；来自墨西哥的早期的Hocico，Cenobita和Amduscia。</p>\n<p class=\"paragraph text-align-type-left pap-line-1.8 pap-line-rule-auto pap-spacing-before-2pt pap-spacing-after-2pt\">&nbsp;</p>\n<p class=\"paragraph text-align-type-left pap-line-1.8 pap-line-rule-auto pap-spacing-before-2pt pap-spacing-after-2pt\">自1990年代中期以来，一些electro-industrial乐队将吉他加入编曲，并与industrial metal联系在一起。其他乐队如e. g. Skinny Puppy, Download, Gridlock和Haujobb结合了experimental electronic music风格的元素，如drum and bass，IDM，glitch和其他电子风格。</p>\n<p class=\"paragraph text-align-type-left pap-line-1.8 pap-line-rule-auto pap-spacing-before-2pt pap-spacing-after-2pt\">&nbsp;</p>\n<p class=\"paragraph text-align-type-left pap-line-1.8 pap-line-rule-auto pap-spacing-before-2pt pap-spacing-after-2pt\"><strong>概念要素</strong></p>\n<p class=\"paragraph text-align-type-left pap-line-1.8 pap-line-rule-auto pap-spacing-before-2pt pap-spacing-after-2pt\">Electro-industrial乐队倾向于以控制，反乌托邦和科幻为主题。Electro-industrial乐队有时会从恐怖电影中获得审美灵感，这些电影包括《驱魔人》 和罗曼&middot;波兰斯基的著作，以及科幻电影《银翼杀手》和《外星人》。</p>\n<p class=\"paragraph text-align-type-left pap-line-1.8 pap-line-rule-auto pap-spacing-before-2pt pap-spacing-after-2pt\">&nbsp;</p>\n<p class=\"paragraph text-align-type-left pap-line-1.8 pap-line-rule-auto pap-spacing-before-2pt pap-spacing-after-2pt\"><strong>子流派 </strong></p>\n<p class=\"paragraph text-align-type-left pap-line-1.8 pap-line-rule-auto pap-spacing-before-2pt pap-spacing-after-2pt\"><span style=\"text-decoration: underline;\">Dark electro</span></p>\n<p class=\"paragraph text-align-type-left pap-line-1.8 pap-line-rule-auto pap-spacing-before-2pt pap-spacing-after-2pt\">Dark electro是一个相似的流派，于上世纪90年代前期在中欧发展起来。这个术语描写的是诸如yelworC 和Placebo Effect之类的群体，并于1992年12月在yelworC的首张专辑Brainstorming发行时首次使用。这种风格的灵感来自The Klinik和Skinny Puppy的音乐。作品包括哥特式恐怖主题，神秘主题、咕噜声或失真的人声。 yelworC是来自慕尼黑的乐队，成立于1988年。它们在1990年代初奠定了dark electro的基础，并且是德国唱片公司Celtic Circle Productions的第一位艺术家。</p>\n<p class=\"paragraph text-align-type-left pap-line-1.8 pap-line-rule-auto pap-spacing-before-2pt pap-spacing-after-2pt\">&nbsp;</p>\n<p class=\"paragraph text-align-type-left pap-line-1.8 pap-line-rule-auto pap-spacing-before-2pt pap-spacing-after-2pt\">在随后的几年中，dark electro被诸如aggrotech和futurepop等受techno影响的风格所取代。其他这种风格的乐队包括Das Ich, amGod, Nurgul Jones, Trial, early Evil's Toy, Mortal Constraint, Arcana Obscura, Splatter Squall, Seven Trees, Tri-State, GGFH (Disease)和Ice Ages。</p>\n<p class=\"paragraph text-align-type-left pap-line-1.8 pap-line-rule-auto pap-spacing-before-2pt pap-spacing-after-2pt\">&nbsp;</p>\n<p class=\"paragraph text-align-type-left pap-line-1.8 pap-line-rule-auto pap-spacing-before-2pt pap-spacing-after-2pt\"><span style=\"text-decoration: underline;\">Aggrotech</span></p>\n<p class=\"paragraph text-align-type-left pap-line-1.8 pap-line-rule-auto pap-spacing-before-2pt pap-spacing-after-2pt\">Aggrotech（也称为hellektro）是dark-electro的一种子流派，受到hardcore-techno的强烈影响，最早出现在1990年代中后期。Aggrotech通常采用有侵略性的节拍，突出的主合成线以及暗黑的歌词。通常，人声会失真并变音，听起来刺耳，像合成的。另外还添加了静电和刺耳效果。</p>\n<p class=\"paragraph text-align-type-left pap-line-1.8 pap-line-rule-auto pap-spacing-before-2pt pap-spacing-after-2pt\">&nbsp;</p>\n<p class=\"paragraph text-align-type-left pap-line-1.8 pap-line-rule-auto pap-spacing-before-2pt pap-spacing-after-2pt\">Aggrotech的音乐家包括Agonoize, Alien Vampires, Amduscia, Bestias De Asalto, Cenobita, Chiasm, Die Sektor, Combichrist, Dawn of Ashes, Detroit Diesel, Dulce Liquido, DYM, Feindflug, God Module, Grendel, Hocico, iVardensphere, Nachtmahr, Machine Sonata, Panic Lift, Psyclon Nine, Reaper, Suicide Commando, Tactical Sekt, Tamtrum, The Retrosic, Ritual Aesthetic, Unter Null, Virtual Embrace, X-Fusion等等。</p>\n</div>\n</div>",
 "contentEn": "<div>\n<div class=\"document\">\n<p class=\"paragraph text-align-type-left pap-line-1.8 pap-line-rule-auto pap-spacing-before-2pt pap-spacing-after-2pt\">Electro-industrial is a music genre that emerged from industrial music in the early 1980s. While EBM (electronic body music) has a minimal structure and clean production, electro-industrial tends to have a grittier, complex and layered sound with a more experimental[1] approach, too. The style was pioneered by Skinny Puppy, Front Line Assembly, Numb, and other groups, either from Canada or the Benelux. In the early 1990s, the style spawned the dark electro genre, and in the mid-/late-1990s, the aggrotech offshoot.[2] The fan base for the style is linked to the rivethead[2] subculture.</p>\n<p class=\"paragraph text-align-type-left pap-line-1.8 pap-line-rule-auto pap-spacing-before-2pt pap-spacing-after-2pt\">&nbsp;</p>\n<div>\n<div class=\"document\">\n<p class=\"paragraph text-align-type-left pap-line-1.8 pap-line-rule-auto pap-spacing-before-2pt pap-spacing-after-2pt\">Characteristics</p>\n<p class=\"paragraph text-align-type-left pap-line-1.8 pap-line-rule-auto pap-spacing-before-2pt pap-spacing-after-2pt\">After the EBM movement faded in the early 1990s, electro-industrial increasingly attained popularity in the international club scene. In contrast to the straight EBM style, electro-industrial groups use harsher beats and raspy, distorted, or digitized vocals. In contrast to industrial rock, electro-industrial groups mostly avoided guitars, other than Skinny Puppy, who used E-Guitar Elements since the mid 80s in songs like Testure or Dig It and Numb on songs like God Is Dead. Electro-industrial was anticipated by 1980s groups such as SPK, Die Form, Borghesia, Klinik, Skinny Puppy, Numb and Front Line Assembly. Prominent electro-industrial groups of the 1990s include Mentallo and the Fixer, Yeht Mae, Velvet Acid Christ, and Pulse Legion (U.S.); Numb and Decoded Feedback (Canada); X Marks the Pedwalk, Plastic Noise Experience, Wumpscut, Haujobb, Forma Tadre, KMFDM, and Putrefy Factor 7 as well as Abortive Gasp (Germany); Le&aelig;ther Strip from Denmark; and early Hocico, Cenobita and Amduscia from Mexico. Since the mid-1990s, some electro-industrial groups added guitars and became associated with industrial metal; other groups, e. g. Skinny Puppy, Download, Gridlock and Haujobb, have incorporated elements of experimental electronic music styles like drum and bass, IDM, glitch and other electronica genres.</p>\n<p class=\"paragraph text-align-type-left pap-line-1.8 pap-line-rule-auto pap-spacing-before-2pt pap-spacing-after-2pt\">&nbsp;</p>\n<p class=\"paragraph text-align-type-left pap-line-1.8 pap-line-rule-auto pap-spacing-before-2pt pap-spacing-after-2pt\">Conceptual elements</p>\n<p class=\"paragraph text-align-type-left pap-line-1.8 pap-line-rule-auto pap-spacing-before-2pt pap-spacing-after-2pt\">Electro-industrial groups tend to feature themes of control, dystopia, and science fiction. Electro-industrial groups sometimes take aesthetic inspiration from horror films, including The Exorcist and the work of Roman Polanski, and the science fiction films Blade Runner and Alien.</p>\n<p class=\"paragraph text-align-type-left pap-line-1.8 pap-line-rule-auto pap-spacing-before-2pt pap-spacing-after-2pt\">&nbsp;</p>\n<p class=\"paragraph text-align-type-left pap-line-1.8 pap-line-rule-auto pap-spacing-before-2pt pap-spacing-after-2pt\">Derivatives Dark electro Dark electro is a similar style, developed in the early 1990s in central Europe. The term describes groups such as yelworC and Placebo Effect, and was first used in December 1992 with the album announcement of Brainstorming, yelworC's debut. The style was inspired by the music of The Klinik and Skinny Puppy. Compositions included gothic horror soundscapes, occult themes and grunts or distorted vocals. yelworC were a music group from Munich, formed in 1988. They laid the foundations of the dark electro movement in the early 1990s, and were the first artist on the German label Celtic Circle Productions. In subsequent years, dark electro was displaced by techno-influenced styles such as aggrotech and futurepop. Other groups to practice the style included Das Ich, amGod, Nurgul Jones, Trial, early Evil's Toy, Mortal Constraint, Arcana Obscura, Splatter Squall, Seven Trees, Tri-State, GGFH (Disease), and Ice Ages.</p>\n<p class=\"paragraph text-align-type-left pap-line-1.8 pap-line-rule-auto pap-spacing-before-2pt pap-spacing-after-2pt\">&nbsp;</p>\n<p class=\"paragraph text-align-type-left pap-line-1.8 pap-line-rule-auto pap-spacing-before-2pt pap-spacing-after-2pt\">Aggrotech</p>\n<p class=\"paragraph text-align-type-left pap-line-1.8 pap-line-rule-auto pap-spacing-before-2pt pap-spacing-after-2pt\">Aggrotech (also known as hellektro) is a derivative form of dark-electro with a strong influence from hardcore-techno (straight techno bassdrum and oscillator sounds, especially Supersaw leads from Roland JP-8000) that first surfaced in the mid-late-1990s. Aggrotech typically employs aggressive beats, prominent lead synth lines, and lyrics of a dark nature. Often, vocals are distorted and pitch-shifted to sound harsh and synthetic; static and glitching effects are also added. Aggrotech musicians include Agonoize, Alien Vampires, Amduscia, Bestias De Asalto, Cenobita, Chiasm, Die Sektor, Combichrist, Dawn of Ashes, Detroit Diesel, Dulce Liquido, DYM, Feindflug, God Module, Grendel, Hocico, iVardensphere, Nachtmahr, Machine Sonata, Panic Lift, Psyclon Nine, Reaper, Suicide Commando, Tactical Sekt, Tamtrum, The Retrosic, Ritual Aesthetic, Unter Null, Virtual Embrace, X-Fusion, among many.</p>\n<p class=\"paragraph text-align-type-left pap-line-1.8 pap-line-rule-auto pap-spacing-before-2pt pap-spacing-after-2pt\">&nbsp;</p>\n<p class=\"paragraph text-align-type-left pap-line-1.8 pap-line-rule-auto pap-spacing-before-2pt pap-spacing-after-2pt\">&nbsp;</p>\n</div>\n</div>\n</div>\n</div>",
 "remarks": "本词条汉字内容由 @多频百科团队 翻译+编辑\n原文译自https://en.wikipedia.org/wiki/Electro-industrial",
 "remarksEn": "本词条内容来自 https://en.wikipedia.org/wiki/Electro-industrial",
 "status": 1,
 "clickNum": 19,
 "deleted": 0,
 "lang": 0,
 "chooseLang": true,
 "id": 263,
 "name": "Electro-Industrial",
 "descriptions": "Electro-industrial（电子工业音乐）是 80 年代初期从Industrial音乐中兴起的一种音乐类型。它既有承自EBM的极简结构和干净制作，同时更倾向使用更具实验性的方式来塑造强硬、复杂和层叠的声音。 这种风格是由 Skinny Puppy、Front Line Assembly、Numb 和其他来自加拿大、比利时、荷兰或卢森堡的艺术家开创的。 在 1990 年代初期，这种风格催生了Dark Electro流派，并在 1990 年代中/后期，产生了Aggrotech分支。这种风格的粉丝群与Rivethead文化有紧密关联。",
 "originalName": "",
 "startTimeText": "Mid-1980s",
 "startAddress": "Belgium, Canada, France and Germany",
 "searchStyle": "Industrial",
 "styleCategory": "Industrial",
 "originalStyle": "EBM, electr, industrial",
 "affectStyle": "Dark electro, Aggrotech",
 "deriveStyle": "",
 "representArtist": "",
 "officialUrl": "https://en.wikipedia.org/wiki/Electro-industrial",
 "typeId": 13,
 "typeName": "风格",
 "dataId": 263,
 "url": "http://dropinapp.hearinmusic.com/#/ency?typeId=13&dataId=263"
}