{
 "pageNum": 1,
 "pageSize": 10,
 "params": {},
 "relationChannel": "[{\"id\":1311,\"parentId\":8,\"name\":\"Emo Rap\"}]",
 "content": "<div class=\"document\">\n<p class=\"paragraph text-align-type-left pap-line-1.8 pap-line-rule-auto pap-spacing-before-0pt pap-spacing-after-0pt\">Emo rap是嘻哈和emo的融合流派，起源于2010年代中后期的SoundCloud说唱界。该流派融合了嘻哈音乐的特点，如节拍和说唱，以及emo音乐中常见的抒情主题、乐器和人声。该流派还受到indie rock, pop punk 和nu metal等摇滚流派的影响，以及来自trap music, cloud rap 和alternative hip hop的嘻哈元素。这个词有时与 \"SoundCloud rap \"混为一谈。</p>\n<p class=\"paragraph text-align-type-left pap-line-1.8 pap-line-rule-auto pap-spacing-before-0pt pap-spacing-after-0pt\">&nbsp;</p>\n<p class=\"paragraph text-align-type-left pap-line-1.8 pap-line-rule-auto pap-spacing-before-0pt pap-spacing-after-0pt\"><strong>特点</strong></p>\n<p class=\"paragraph text-align-type-left pap-line-1.8 pap-line-rule-auto pap-spacing-before-0pt pap-spacing-after-0pt\">Emo rap脱离了现代主流嘻哈中的 \"传统 \"声调，而更倾向于情感化和个人化的抒情内容，被《华尔街日报》描述为 \"给长辈们竖中指\"。歌词往往集中在抑郁、孤独、焦虑、药物滥用、虚无主义、自杀、心碎和自我治疗等话题上。该风格的特点是将意识型嘻哈中常见的音乐元素与独立摇滚乐器相结合。GothBoiClique的Horse Head将这种音乐描述为\"......有点怀旧，但也很新颖......没有人真正做过这样的音乐。这就像emo rap 和melodic trap\"。该流派的粉丝和艺术家以及围绕它的场景经常被称为 \"eboys \"和 \"egirls\"。他们也可能被称为 \"悲伤的男孩\"，以参考emo rap歌手Yung Lean的同名音乐团体。Emo hip hop beats一般都会加入真实的乐器。采样经常利用2000年代的流行朋克和emo歌曲，这种融合最早由MC Lars在2004年流行起来。许多采样都受到了启发该流派的艺术家的影响，如American Football和Brand New，并且通常伴随着原创乐器。</p>\n<p class=\"paragraph text-align-type-left pap-line-1.8 pap-line-rule-auto pap-spacing-before-0pt pap-spacing-after-0pt\">&nbsp;</p>\n<p class=\"paragraph text-align-type-left pap-line-1.8 pap-line-rule-auto pap-spacing-before-0pt pap-spacing-after-0pt\"><strong>历史</strong></p>\n<p class=\"paragraph text-align-type-left pap-line-1.8 pap-line-rule-auto pap-spacing-before-0pt pap-spacing-after-0pt\"><span style=\"text-decoration: underline;\">2000年代 前驱 </span></p>\n<p class=\"paragraph text-align-type-left pap-line-1.8 pap-line-rule-auto pap-spacing-before-0pt pap-spacing-after-0pt\">尽管emo hip hop被广泛认为是一种新的现象，但这个词的使用和包含与emo音乐相关的歌词的嘻哈可以追溯到超过10年的时间，如Gym Class Heroes、Hollywood Undead和Eminem等艺术家。此外，说唱歌手如Joe Budden和Kanye West，偶尔也会被贴上emo hip hop的标签，因为他们的歌词情绪化，以及与这个流派有一些相似之处，尽管他们的音乐比这个运动更早。不过，这个词的使用还不是指这个流派，因为 \"emo hip hop \"这个词是用来泛指具有这些特征的嘻哈音乐。\"emo rap \"一词最初是由Atmosphere 的Slug在1997年创造的。Kid Cudi 被广泛认为是对emo hip hop影响最大的人之一，他在2009年的专辑《Man on the Moon: The End of Day》中的歌词讨论了抑郁、孤独和焦虑等问题。Cudi 后来推出了《Speedin' Bullet 2 Heaven》，这是一张另类摇滚专辑，因其凌乱和不协调的风格以及虚无主义的歌词而受到批评，不过他本人将其标榜为 \"现存最重要的专辑\"，他说 \"5年后，你会看到它的影响\"--指的是Cudi 试图超越嘻哈的典型界限进行创新。HotNewHipHop、DJBooth和IBTimes等刊物都指出了Cudi 自2008年崭露头角以来对当代嘻哈的影响，并将《Man on the Moon》和《Speedin' Bullet 2 Heaven》都归结为对emo hip hop的主要影响。在《Man on the Moon: The End of the Day》发行之前，Cudi在Kanye West的《808s &amp; Heartbreak》中与人合作写了几首歌曲，与Drake的《So Far Gone》一起，被认为是对这一风格的开创性影响。Drake在之前的作品中也通过对乐器和歌词的使用影响了emo hip hop。Drake最早的歌曲如《Take Care》和《So Far Gone》被贴上了 \"emo \"的标签，不过这只是用来描述他的音乐，而不是暗示这些歌曲属于emo hip hop的流派。融合了 hardcore, punk rock 和emo与hip hop的德国说唱歌手Casper是最早使用 \"emo rapper \"这个词来描述自己的艺人之一（尽管这个词在之前已经被应用到他身上，他只是接受了这个词），这一点从2009年的一次采访中可以得知。</p>\n<div>\n<div class=\"document\">\n<p class=\"paragraph text-align-type-left pap-line-1.8 pap-line-rule-auto pap-spacing-before-0pt pap-spacing-after-0pt\">&nbsp;</p>\n<p class=\"paragraph text-align-type-left pap-line-1.8 pap-line-rule-auto pap-spacing-before-0pt pap-spacing-after-0pt\"><span style=\"text-decoration: underline;\">2010s: 流行与消亡</span></p>\n<p class=\"paragraph text-align-type-left pap-line-1.8 pap-line-rule-auto pap-spacing-before-0pt pap-spacing-after-0pt\">随着Lil Peep、XXXTentacion等说唱歌手的流行，其他由网络催生的嘻哈次元，如cloud rap被贴上了 \"sad rap\"的标签，包括Yung Lean等艺人也通过歌词和与主流嘻哈的不同影响了emo hip hop。2012年，Elmo Kennedy O'Connor--当时的名称为Th@ Kid--将自己的艺名改为Bones，并因摆脱cloud rap的束缚，融合不同的风格创造出独特的音乐形式而在网络上受到欢迎，其中包括emo乐队、金属音乐和独立摇滚的采样。Bones对地下嘻哈的影响，使他被认为是emo rap的主要先驱之一，也被贴上了 \"地下说唱王 \"的标签。2014年和2015年，像Lil Peep、Ghostemane和Yung Bruh（现名Lil Tracy）这样受到pop punk、emo和screamo影响的艺术家开始出现在YouTube和SoundCloud上。这场运动中的艺术家一般都停留在音频发布网站SoundCloud上，并对这场被称为 \"SoundCloud rap \"的运动产生了很大的影响，直到Lil Uzi Vert的 \"XO Tour Llif3 \"成为热门歌曲的黑马。这首歌由于歌词中提到了自杀和情感破裂，被定性为emo hip hop，在Billboard Hot 100中排名第七。2017年8月，XXXTentacion发行了首张专辑《17》，主打单曲《Jocelyn Flores》提到了朋友的自杀，Lil Uzi Vert发行了首张录音室专辑《Luv Is Rage 2》。这两张专辑的发布和在Billboard 200榜单上的高峰导致人们将两者定义为 \"emo hip hop\"，并进一步猜测emo hip hop是否是一个合法的子流派和emo复兴的一部分，Lil Peep等人物声称emo hip hop不是emo复兴的一部分，而是自己的一个子流派。 同时，Lil Peep在2017年1月被《卫报》标榜为 \"emo的未来\"，并以emo复兴的先驱为幌子。2017年11月，Lil Peep死于芬太尼过量。不久之后，Lil Peep的首张录音室专辑《Come Over When You're Sober, Pt.1》和主打单曲《Awful Things》在Billboard榜单上榜。他的去世也让emo hip-hop 再次成为焦点，因为他在流派内的受欢迎程度和嘻哈主流的变化。2018年6月，XXXTentacion被谋杀，和Peep一样，他的专辑《17》和《？》在接下来的一周里也登上了榜单，同时他的主打歌《SAD！》也在Billboard Hot 100榜单上排名第1。Emo rap是2018年Spotify上增长最快的类型。2019年12月，Juice WRLD因服用过量的羟考酮和可待因诱发癫痫发作而去世。最知名的歌曲是All Girls Are the Same和Lucid Dreams，后者在2018年的Billboard Hot 100中排名第二.，并在他去世后于2019年重返榜单，排名第八。</p>\n</div>\n</div>\n</div>",
 "remarks": "本词条汉字内容由 @多频百科团队 翻译+编辑\n原文译自 https://en.wikipedia.org/wiki/Emo_rap",
 "remarksEn": "本词条内容暂未完善仅供参考，多频百科小编正在火速赶来",
 "status": 0,
 "clickNum": 0,
 "deleted": 0,
 "lang": 0,
 "chooseLang": false,
 "id": 284,
 "name": "Emo Rap",
 "descriptions": "Emo rap是嘻哈和emo的融合流派，起源于2010年代中后期的SoundCloud说唱界。该流派融合了嘻哈音乐的特点，如节拍和说唱，以及emo音乐中常见的抒情主题、乐器和人声。该流派还受到indie rock, pop punk 和nu metal等摇滚流派的影响，以及来自trap music, cloud rap 和alternative hip hop的嘻哈元素。这个词有时与 \"SoundCloud rap \"混为一谈。\n",
 "originalName": "Emo hip hop, sad rap, SoundCloud rap, bop-punk, alternative rock rap",
 "startTimeText": "Mid 2010s",
 "startAddress": "United States",
 "searchStyle": "Hip Hop Music",
 "styleCategory": "Hip Hop Music",
 "originalStyle": "Hip hop, emo, trap, alternative rock, pop punk, rap rock, nu metal, indie rock, cloud rap, alternative hip hop",
 "affectStyle": "",
 "deriveStyle": "",
 "representArtist": "",
 "officialUrl": "https://en.wikipedia.org/wiki/Emo_rap",
 "typeId": 13,
 "typeName": "风格",
 "dataId": 284,
 "url": "http://dropinapp.hearinmusic.com/#/ency?typeId=13&dataId=284"
}