{
 "pageNum": 1,
 "pageSize": 10,
 "params": {},
 "relationChannel": "[{\"id\":1341,\"parentId\":8,\"name\":\"Ethereal Wave\"}]",
 "content": "<div>\n<div class=\"document\">\n<p>Ethereal wave,又称ethereal darkwave,ethereal goth或简称ethereal,是dark wave音乐的一个子流派，有 \"哥特\"、\"浪漫\"、\"异界 \"等多种说法。\"ethereal wave \"发展于20世纪80年代初的英国，是gothic rock的产物，主要代表人物是4AD乐队，如Cocteau Twins、This Mortal Coil和早期吉他驱动的Dead Can Dance。</p>\n<p><br />80年代后半期，这一流派在美国继续发展，主要与C'est La Mort Records唱片公司有关，该公司的艺人有Area（后来的The Moon Seven Times）和Heavenly Bodies（由Dead Can Dance和This Mortal Coil的前成员组成的乐队），以及Projekt Records唱片公司，该公司的成员有Black Tape for a Blue Girl等乐队。</p>\n<p>&nbsp;</p>\n<p>Ethereal wave，尤其是Cocteau Twins的音乐，是80年代末90年代初British dream pop/shoegazing场景的重要灵感来源之一。</p>\n<p>&nbsp;</p>\n<p class=\"paragraph text-align-type-left pap-line-1.8 pap-line-rule-auto pap-spacing-before-0pt pap-spacing-after-0pt\">术语的起源</p>\n<p class=\"paragraph text-align-type-left pap-line-1.8 pap-line-rule-auto pap-spacing-before-0pt pap-spacing-after-0pt\">80年代中期，Cocteau Twins/This Mortal Coil的几张唱片被描述为 \"ethereal\", \"etherealism\", 和\"ethereal romanticism\"。1988年9月，Reflex 杂志的Staci Bonner将英国厂牌4AD的音乐描述为 \"gothically ethereal\"。美国的平面媒体，如Alternative Press、Billboard、Option音乐杂志等，开始更频繁地使用 \"ethereal goth \"一词，而欧洲的音乐杂志，主要是德国的杂志，如Glasnost、Aeterna、Entry、Black、Astan等，则将这一流派命名为 \"ethereal wave\"，与new wave、dark wave、cold wave的风格相同。从历史上看，这个词主要适用于4AD厂牌的名册--不仅是指音乐，也是关于图形视觉化的美学。\"以其光滑、华丽的包装设计和准哥特式乐队无一例外地被描述为 \"Ethereal\"（q.v.Cocteau Twins）而闻名，这个厂牌确实有一种不可预测的倾向。\" - 本-西萨里奥（Ben Sisario），The Pixies的杜利特尔 \"缥缈 \"的称号被米克-默瑟（Mick Mercer）和戴夫-汤普森（Dave Thompson）等作家接过来，在他们的书中对同样的音乐现象进行了划分，而西蒙-雷诺兹（Simon Reynolds）则开始使用 \"哥特风\"（goth-lite）（或 \"后哥特风\"，这个词是他在1987年创造的）来描述Cocteau Twins、Dead Can Dance以及相关4AD艺术家的音乐。\"80年代后期，飘渺的，空灵的女孩，4AD/Cocteau Twins/Dead Can Dance...。我称之为Goth-lite...。Post-Goth/4AD-type的东西... ... Goth-lite主要是录音室音乐，它关于层次、声音处理和效果......。它在很大程度上打破了（也可以参考：A.R.Kane，我怀疑他可能很快就会成为一个参考点）...\" - Simon Reynolds, Blissout \"Goth-lite \"最早出现在1995年的CMJ新音乐月刊（Douglas Wolk）和SPIN（Jody Press）等杂志上，作为对Siouxsie and the Banshees的Tinderbox专辑的追溯性描述，在 \"92 Degrees \"和 \"Land's End \"等歌曲中，Siouxsie and the Banshees严重依赖吉他踏板和录音室效果。</p>\n<div>\n<div class=\"document\">\n<p class=\"paragraph text-align-type-left pap-line-1.8 pap-line-rule-auto pap-spacing-before-0pt pap-spacing-after-0pt\">&nbsp;</p>\n<p class=\"paragraph text-align-type-left pap-line-1.8 pap-line-rule-auto pap-spacing-before-0pt pap-spacing-after-0pt\">风格特点</p>\n<p class=\"paragraph text-align-type-left pap-line-1.8 pap-line-rule-auto pap-spacing-before-0pt pap-spacing-after-0pt\">风格的决定性特征是使用充满效果的吉他音景，主要以小调调性为基础（渲染一种严肃、黑暗和怀念的气氛），经常使用post-punk导向的低音线，克制的节奏（从下拍到中拍不等）和高亢的女声（有时是歌剧式的，并且带有难以解读的抒情内容），常常与浪漫美学和拉斐尔前派的意象紧密交织在一起。\"Ethereal传统始于歌手，如......。Siouxsie Sioux等歌手开始。后来出现了利兹-弗雷泽，将自己笼罩在一种不世俗的童女纯真光环中。\" - Simon Reynolds，SPIN杂志 另一个重要的特点是大量使用鼓机，这是许多4AD作品的典型特征，最初由Cocteau Twins的《Garlands》专辑和Dead Can Dance的第一张全长作品所确立.原声吉他，通常与电吉他和贝斯吉他结合在一起，有时被用来创造一种更偏向于民谣的感觉（如《Love Spirals Downwards》）。除了该类型的post-punk and gothic rock的根源，一些空灵的乐队，即Lycia和Soul Whirling Somewhere，同样受到环境和配乐导向的音乐和/或更传统的进步摇滚质感的影响。</p>\n<p class=\"paragraph text-align-type-left pap-line-1.8 pap-line-rule-auto pap-spacing-before-0pt pap-spacing-after-0pt\">&nbsp;</p>\n<p class=\"paragraph text-align-type-left pap-line-1.8 pap-line-rule-auto pap-spacing-before-0pt pap-spacing-after-0pt\">历史</p>\n<p class=\"paragraph text-align-type-left pap-line-1.8 pap-line-rule-auto pap-spacing-before-0pt pap-spacing-after-0pt\">1980年代。根源和发起者 70年代末到80年代初是一个创新和多元化的时期，punk rock探索了新的音乐道路，可交替地称为post-punk 和new wave。技术上的改进和负担得起的设备（如鼓机和多重效果器）的兴起帮助定义了新时代的声音。The Cure、Siouxsie and the Banshees）、The Chameleons和 The Durutti Column等开创性的音乐艺术家--他们能够在多年的时间里扩展和完善自己的风格--开始从post-punk的dark中脱颖而出（见dark wave 和gothic rock），并倾向于 \"在这个过程中变得更加ethereal \"。这些乐队中的大多数，尤其是Siouxsie and the Banshees，常常被认为为后来的一代ethereal wave表演者（如This Ascension）打造了肥沃的土壤。</p>\n<div>\n<div class=\"document\">\n<p class=\"paragraph text-align-type-left pap-line-1.8 pap-line-rule-auto pap-spacing-before-0pt pap-spacing-after-0pt\">&nbsp;</p>\n<p class=\"paragraph text-align-type-left pap-line-1.8 pap-line-rule-auto pap-spacing-before-0pt pap-spacing-after-0pt\">1982年发行的《Melt》等歌曲，依靠四分之三的时间特征和大量使用数字延迟、混响和调制效果，伴随着黑暗、不安的歌词，被描述为慵懒、诱人和色情。在此期间，ethereal 音乐并没有被固化为一种独立的风格，直到Cocteau Twins的出现以及他们被广泛引用的早期作品《Head over Heels》和《Treasure》，为音乐中的独立风格奠定了蓝图。\"乐队开始摒弃《花环》的尖锐，罗宾-格思里发展了茂盛的层叠吉他技术，创造了丰富的质感和异域风情......。从这时起，音乐记者们发现，如果不诉诸'Ethereal'这个词，就无法描述乐队的作品。\" - Peter Buckley，The Rough Guide to Rock \"......是Cocteau Twins，他们的首张专辑 \"Garlands \"于1982年出现在4AD上，他们被证明是该唱片公司的第一批重要艺人，并为4AD在早期的形象具体化做了很多工作，他们是喜欢阴影而不是光明的隐居团体对Ethereal音乐的另类传播者。\" - Rick Poynor, Vaughan Oliver: 内脏的快乐 1986年3月，SPIN杂志的记者苏-卡明斯将这种音乐描述为 \"对摇滚乐的大男子主义侵略性的内省反应\"，并注意到 \"去年秋天离开Cocteau Twins演唱会的那些大黑头发的人\"。很快，这种有时被斥为 \"swirly-girlie music \"的ethereal风格就与某类观众紧密联系在一起，偶尔被称为以太(eal)哥特人或罗曼蒂哥特人。\"Cocteau Twins仍然是Ethereal亚流派的零点，......给了Romantigoths一个俱乐部的背景音乐。\" - Liisa Ladouceur，Encyclopedia Gothica 80年代其他催生类似声音的乐队还有Dif Juz，Breathless，All About Eve，A Primary Industry，Vazz和Drowning Pool（不要和金属乐队混淆）。根据Heather Phares（密歇根大学，《密歇根日报》艺术编辑）的说法，这个流派在1986/87年达到了第一个高潮。当时，Siouxsie and the Banshees推出了他们的录音室专辑《Tinderbox》，随后是All About Eve的《In the Clouds》、A Primary Industry的《Ultramarine》和Cocteau Twins最后一张空灵的E.P. Love的《Easy Tears》。1987年，美国乐队Area以Radio Caroline出道，而来自苏格兰的Vazz，一支曾经的new wave/synthwave 乐队，则带来了追随Cocteau Twins脚步的Feverpitch。同年，Robin Guthrie制作了A.R.Kane的Lollita单曲，该单曲以Cocteau Twins的ethereal商标为特色，堪比乐队的早期唱片。A.R.Kane自己称他们的音乐风格为 \"dreampop\"，后来成为温柔的独立流行音乐的描述性术语（参考Bel Canto、Pale Saints、The Sundays）。</p>\n<p class=\"paragraph text-align-type-left pap-line-1.8 pap-line-rule-auto pap-spacing-before-0pt pap-spacing-after-0pt\">&nbsp;</p>\n<p class=\"paragraph text-align-type-left pap-line-1.8 pap-line-rule-auto pap-spacing-before-0pt pap-spacing-after-0pt\">1990s: 巅峰与衰落</p>\n<p class=\"paragraph text-align-type-left pap-line-1.8 pap-line-rule-auto pap-spacing-before-0pt pap-spacing-after-0pt\">在gothic/dark wave 音乐界，这种类型的音乐在整个90年代达到了较高的流行水平，尤其是在这十年的前半段。在这段时间里，ethereal wave 和rock风格如shoegazing（又称aka dream pop）相互影响，许多艺术家受到4AD乐队的影响，如前面提到的Cocteau Twins和This Mortal Coil，以及早期的All About Eve、The Chameleons和Siouxsie and the Banshees。</p>\n<div>\n<div class=\"document\">\n<p class=\"paragraph text-align-type-left pap-line-1.8 pap-line-rule-auto pap-spacing-before-0pt pap-spacing-after-0pt\">&nbsp;</p>\n<p class=\"paragraph text-align-type-left pap-line-1.8 pap-line-rule-auto pap-spacing-before-0pt pap-spacing-after-0pt\">例如，位于朴茨茅斯的ethereal 乐队Siddal将他们的音乐产出描述为 \"受Cocteau Twins、Low、Slowdive、The Cure和Dead Can Dance等影响的产物，使用混合了ambient、Shoegazer风格的吉他、合成器和序列节奏\"。这种交叉融合（部分被称为 \"ethereal pop\"）的其他例子还包括Hugo Largo、Rose Chronicles、Miranda Sex Garden、Cranes、Chimera、An April March、Hex、Common Language、The Glee Club、Lovesliescrushing和Rosewater Elizabeth。英国Shoegazing团体Slowdive的成员曾表示受到The Cure、Cocteau Twins和Siouxsie and the Banshees等艺术家的影响很大。\"......对那些被称为'Shoegazing'的乐队的巨大讽刺是，很多这些乐队真的很喜欢Cocteau Twins。\"他们都用和声，杂音和其他效果踏板来创造某种声音。\" - Kevin Shields，My Bloody Valentine 从上世纪90年代初开始，\"ethereal\"这个标签就主要与1987年就已经使用这个词的Projekt厂牌联系在一起。该厂牌旗下有一些美国乐坛最知名的乐队，如Love Spirals Downwards、Lycia。类似的唱片公司还有Tess Records（《This Ascension》、《Trance to the Sun》和《Autumn》）、Bedazzled（《Strange Boutique》、《Siddal》、《Mistle Thrush》和《An April March》）和Ivy Records（《Faith &amp; Disease》、《Ninth Circle》）等，这些唱片公司和艺人大多都这场运动的领军人物。这些唱片公司和艺人大多已经停止了他们的活动，或者改变了他们的音乐方向，融入了其他类型的元素，如ambient, trip hop, 和 drum &amp; bass。</p>\n<p class=\"paragraph text-align-type-left pap-line-1.8 pap-line-rule-auto pap-spacing-before-0pt pap-spacing-after-0pt\">&nbsp;</p>\n<p class=\"paragraph text-align-type-left pap-line-1.8 pap-line-rule-auto pap-spacing-before-0pt pap-spacing-after-0pt\">2000s: 衰落之后</p>\n<p class=\"paragraph text-align-type-left pap-line-1.8 pap-line-rule-auto pap-spacing-before-0pt pap-spacing-after-0pt\">在2000年初，两张Cocteau Twins的致敬合辑《Dark Treasures》（Cleopatra）和《Half-Gifts》（Dewdrops Records）相继发行，凸显了乐队对ethereal gothic音乐的重要影响。\"Cocteau Twins给了我们14年真正的音乐 \"礼物\"。这些翻唱作品是我们对 the Twins最好的回馈。\"Half-Gifts\" ，献给那些深深记住这14年珍贵岁月的忠实乐迷......\" - Half-Gifts，衬词 更近的部分代表乐队有Autumn's Grey Solace、Tearwave、Ashrae Fax、Melodyguild、Mercury's Antennae、Faded Sympathy、Saigon Blue Rain、Scarlet Mother和Broaddaylight--与Robin Guthrie合作。</p>\n<p class=\"paragraph text-align-type-left pap-line-1.8 pap-line-rule-auto pap-spacing-before-0pt pap-spacing-after-0pt\">&nbsp;</p>\n<p class=\"paragraph text-align-type-left pap-line-1.8 pap-line-rule-auto pap-spacing-before-0pt pap-spacing-after-0pt\">区别</p>\n<p class=\"paragraph text-align-type-left pap-line-1.8 pap-line-rule-auto pap-spacing-before-0pt pap-spacing-after-0pt\">虽然ethereal wave 和Shoegazing（也称为as dream pop）有一些相似之处（如使用吉他效果，如镶边、和声、回声和延迟），但两者之间有很大的区别。Shoegazing主要兴起于20世纪80年代的噪音流行/独立摇滚场景和以吉他、贝斯和鼓为基础的传统乐器。最初，鼓机并不是shoegazing流派的常规组成部分，而是新浪潮、后朋克和哥特式摇滚音乐的基本组成部分。与shoegazing相比，Ethereal Wave通常具有传统的80年代早期后朋克和哥特式摇滚的特征，没有任何同时存在的噪音流行音乐运动的影响。大多数的Ethereal Wave团体，如Cocteau Twins、早期的Dead Can Dance、Area、Love Spirals Downwards、Lycia、Autumn和Speaking Silence，都采用了鼓机和电子产生的节奏。Ethereal wave主要是一种女性主导的风格，而shoegazing则是--除了Lush、Curve和Medicine等行为的流行之外--基本上是男性主导的（A.R.Kane、Pale Saints、Ride、Chapterhouse、Blind Mr.Jones、The Boo Radleys、Kitchens of Distinction），或者更罕见的是性别平衡的（My Bloody Valentine、Slowdive、Secret Shine、The Telescopes）。\"女性在Darkwave和......在欧洲发展起来的Ethereal子流派中扮演了更大的角色（如Dead Can Dance）。\" - 路易斯安那州立大学修辞学助理教授Joshua Gunn。&nbsp;</p>\n</div>\n</div>\n</div>\n</div>\n</div>\n</div>\n</div>\n</div>",
 "remarks": "本词条内容暂未完善仅供参考，多频百科小编正在火速赶来",
 "remarksEn": "本词条内容暂未完善仅供参考，多频百科小编正在火速赶来",
 "status": 0,
 "clickNum": 0,
 "deleted": 0,
 "lang": 0,
 "chooseLang": false,
 "id": 319,
 "name": "Ethereal Wave",
 "descriptions": "Ethereal wave,又称ethereal darkwave,ethereal goth或简称ethereal,是dark wave音乐的一个子流派，有 \"哥特\"、\"浪漫\"、\"异界 \"等多种说法。\"ethereal wave \"发展于20世纪80年代初的英国，是gothic rock的产物，主要代表人物是4AD乐队，如Cocteau Twins、This Mortal Coil和早期吉他驱动的Dead Can Dance。\n\n\n80年代后半期，这一流派在美国继续发展，主要与C'est La Mort Records唱片公司有关，该公司的艺人有Area（后来的The Moon Seven Times）和Heavenly Bodies（由Dead Can Dance和This Mortal Coil的前成员组成的乐队），以及Projekt Records唱片公司，该公司的成员有Black Tape for a Blue Girl等乐队。\n\nEthereal wave，尤其是Cocteau Twins的音乐，是80年代末90年代初British dream pop/shoegazing场景的重要灵感来源之一。",
 "originalName": "Ethereal goth, ethereal darkwave, ethereal",
 "startTimeText": "Early 1980s",
 "startAddress": "United Kingdom",
 "searchStyle": "Electronic Rock",
 "styleCategory": "New Wave",
 "originalStyle": "Dark wave, gothic rock, post-punk, new wave",
 "affectStyle": "Dream pop, shoegazing",
 "deriveStyle": "",
 "representArtist": "",
 "officialUrl": "https://en.wikipedia.org/wiki/Ethereal_wave",
 "typeId": 13,
 "typeName": "风格",
 "dataId": 319,
 "url": "http://dropinapp.hearinmusic.com/#/ency?typeId=13&dataId=319"
}