{
 "pageNum": 1,
 "pageSize": 10,
 "params": {},
 "relationChannel": "[{\"id\":1429,\"parentId\":8,\"name\":\"Euphoric Hardstyle\"}]",
 "content": "<p>Euphoric Hardstyle是从大约 2010 年开始从较传统的Hardstyle风格转向更为旋律化的方向发展而形成的子流派，其特点是高度富有感情的旋律和Kick高度的音高变化。著名的Euphoric Hardstyle风格音乐制作人包括 Headhunterz、Coone、Atmozfears、D-Block &amp; S-Te-Fan 和 Da Tweekaz<sup>[1]</sup>。</p>\n<p>&nbsp;</p>\n<p>Euphoric Hardstyle 是一种不那么&ldquo;Raw&rdquo;的 Hardstyle，它对底鼓声音的使用并不像 Hardstyle 众所周知的常用的Reverse Bassline+底鼓，并且更旋律化，更容易入耳，并强调整体的电影感和令人振奋的感觉<sup>[2]</sup>。</p>\n<p>&nbsp;</p>\n<p><strong>参考资料</strong></p>\n<p>1. https://en.wikipedia.org/wiki/Hardstyle#Euphoric_hardstyle</p>\n<p>2. https://www.last.fm/tag/euphoric+hardstyle/wiki</p>",
 "contentEn": "<p>From roughly 2010 onwards, the move towards a more melodic emphasis from older hardstyle evolved into the subgenre \"euphoric hardstyle\", characterized by highly emotional melodies and heavy pitch-shifting of kicks.&nbsp;Notable euphoric hardstyle producers include&nbsp;Headhunterz,&nbsp;Coone,&nbsp;Atmozfears,&nbsp;D-Block &amp; S-Te-Fan, and&nbsp;Da Tweekaz.</p>",
 "remarks": "本词条内容由 @多频百科团队 编辑",
 "remarksEn": "本词条内容来自 https://en.wikipedia.org/wiki/Hardstyle#Euphoric_hardstyle",
 "status": 1,
 "clickNum": 97,
 "deleted": 0,
 "lang": 0,
 "chooseLang": true,
 "id": 189,
 "name": "Euphoric Hardstyle",
 "descriptions": "Euphoric Hardstyle是从大约 2010 年开始从较传统的Hardstyle风格转向更为旋律化的方向发展而形成的子流派，其特点是高度富有感情的旋律和Kick高度的音高变化。著名的Euphoric Hardstyle风格音乐制作人包括 Headhunterz、Coone、Atmozfears、D-Block & S-Te-Fan 和 Da Tweekaz。\n",
 "originalName": "",
 "startTimeText": "2010",
 "startAddress": "",
 "searchStyle": "Hardstyle",
 "styleCategory": "Hardstyle",
 "originalStyle": "",
 "affectStyle": "",
 "deriveStyle": "",
 "representArtist": "Brennan heart, Wildstylez, Noisecontrollers, Atmozfears, D-Block & S-Te-Fan, Da Tweekaz, Coone, Headhunterz",
 "officialUrl": "",
 "typeId": 13,
 "typeName": "风格",
 "dataId": 189,
 "url": "http://dropinapp.hearinmusic.com/#/ency?typeId=13&dataId=189"
}