{
 "pageNum": 1,
 "pageSize": 10,
 "params": {},
 "relationChannel": "[{\"id\":1259,\"parentId\":8,\"name\":\"Eurodance\"}]",
 "content": "<div>\n<div class=\"document\">\n<div>\n<div class=\"document\">\n<p class=\"paragraph text-align-type-left pap-line-1.8 pap-line-rule-auto pap-spacing-before-2pt pap-spacing-after-2pt\">Eurodance（欧陆舞曲，有时也被称为Euro-NRG、Euro-electronica或Euro）是一种起源于20世纪80年代末的欧洲电子舞曲。它结合了hip hop, techno, Hi-NRG, house music和Euro disco的许多元素。这种类型的音乐会使用丰富的人声（有时会有说唱段落），前沿的合成器，强劲的低音节奏以及具有旋律性的Hook，这些元素奠定了Eurodance的核心基础。</p>\n<p class=\"paragraph text-align-type-left pap-line-1.8 pap-line-rule-auto pap-spacing-before-2pt pap-spacing-after-2pt\">&nbsp;</p>\n<p class=\"paragraph text-align-type-left pap-line-1.8 pap-line-rule-auto pap-spacing-before-2pt pap-spacing-after-2pt\"><strong>历史</strong></p>\n<p class=\"paragraph text-align-type-left pap-line-1.8 pap-line-rule-auto pap-spacing-before-2pt pap-spacing-after-2pt\"><span style=\"text-decoration: underline;\">背景</span></p>\n<p class=\"paragraph text-align-type-left pap-line-1.8 pap-line-rule-auto pap-spacing-before-2pt pap-spacing-after-2pt\">Eurodance 音乐起源于 1980 年代后期的中欧，尤其是在德国，Rave派对开始流行。到 1987 年，Tauseef Alam 开始了在德国的派对场景，其音乐基础是完善的Chicago House和法兰克福的Belgian new beat。次年，与英国一样，Acid House对德国和中欧的大众意识产生了重大影响。1989 年，德国 DJ Westbam 和 Dr. Motte 成立了非法派对场所 Ufo Club，并共同创立了 Love Parade。首次的游行是在 1989 年 7 月，当时有 150 人走上柏林街头。它被认为是通过爱和音乐实现和平和国际理解的政治示威。1989年7月19日，Black Box的单曲《Ride on Time》发行。这首歌在英国排名榜首 6 周，是 1989 年英国最畅销的单曲。它包含 Korg M1 的&ldquo;House Piano&rdquo;音色，这个音色可以在许多 Eurodance 作品中听到。1989 年 9 月 27 日，Technotronic 的单曲&ldquo;Pump Up the Jam&rdquo;发行。它在比利时和西班牙榜单达到了第一，并在欧洲推广了称为 hip house 的House变体。1989 年 11 月 9 日，柏林墙倒塌；自由的地下 techno 派对在东柏林如雨后春笋般涌现，形成了与英国相当的Rave场景。东德 DJ Paul van Dyk 表示，在统一时期，以Techno为基础的Rave场景是重建东德和西德之间社会联系的主要力量。同年，德国制作人 Michael M&uuml;nzing 和 Luca Anzilotti（化名 Benito Benites 和 John \"Virgo\" Garrett III）在法兰克福组建了 Snap！项目。Snap！的歌曲结合引自外国的Hip hop和Soul人声，利用计算机技术，混合以House音乐为主的电子音色、贝斯和鼓以增加节奏感。通过这样的音乐上的处理，Eurodance，一种新的流派诞生了。</p>\n<p class=\"paragraph text-align-type-left pap-line-1.8 pap-line-rule-auto pap-spacing-before-2pt pap-spacing-after-2pt\">&nbsp;</p>\n<p class=\"paragraph text-align-type-left pap-line-1.8 pap-line-rule-auto pap-spacing-before-2pt pap-spacing-after-2pt\"><span style=\"text-decoration: underline;\">崛起和没落</span></p>\n<p class=\"paragraph text-align-type-left pap-line-1.8 pap-line-rule-auto pap-spacing-before-2pt pap-spacing-after-2pt\">Snap! 的第一首单曲&ldquo;The Power&rdquo;于 1990 年发行，在荷兰、西班牙、瑞士和英国榜单中排名第一，它让人们意识到这种来自欧洲大陆内的音乐风格。在接下来的几年里，法兰克福还涌现了其他Eurodance艺人，包括 La Bouche、Jam and Spoon、Magic Affair、Intermission 和 Culture Beat。在 Snap! 1992年的突破性单曲《Rhythm is a Dancer》（12个国家排名第一）之后，Eurodance新团体开始在欧洲各地涌现，主要在比利时、荷兰和意大利。这种风潮从 1992 年开始，到 1995 年后流行度下降，声音越来越偏向 NRG，歌曲 bpm 上升至150。</p>\n<p class=\"paragraph text-align-type-left pap-line-1.8 pap-line-rule-auto pap-spacing-before-2pt pap-spacing-after-2pt\">&nbsp;</p>\n<p class=\"paragraph text-align-type-left pap-line-1.8 pap-line-rule-auto pap-spacing-before-2pt pap-spacing-after-2pt\">将这一时期定义位Eurodance流派的&ldquo;黄金时代&rdquo;的著名歌曲包括 Dr. Alban 于 1992 年创作的&ldquo;It's My Life&rdquo;（8 个国家/地区排名第一），1993 年荷兰组合 2 Unlimited 的 \"No Limit&rdquo;（在 14 个国家中排名第一，是 1993 年欧洲最畅销的歌曲），同年 Haddaway 的&ldquo;What Is Love&rdquo;（13个国家排名第一）、同年 Culture Beat 的《Mr. Vain》（13个国家第1名）、Rednex 于 1994 年创作的&ldquo;Cotton Eye Joe&rdquo;（在 12 个国家/地区排名第一）和同年 Scatman John 的&ldquo;Scatman (Ski-Ba-Bop-Ba-Dop-Bop)&rdquo;（在 9 个国家中排名第一）。在同一时期，该类型的流行也进一步扩展到东亚，如日本、韩国和中国台湾等；在Eurodance黄金时代的末期，其影响也扩展至俄罗斯。</p>\n<p class=\"paragraph text-align-type-left pap-line-1.8 pap-line-rule-auto pap-spacing-before-2pt pap-spacing-after-2pt\">&nbsp;</p>\n<p class=\"paragraph text-align-type-left pap-line-1.8 pap-line-rule-auto pap-spacing-before-2pt pap-spacing-after-2pt\">到 1995 年，Eurodance 以 5 首单曲进入单曲榜前 10 名的成绩统治了欧洲的排行榜。尽管取得了成功，但音乐界的许多观察家表示，Eurodance 的声音必须改变，否则将会消亡，同时期的 Eurodance 的制作人和歌手也开始走向不同的道路和声音，例如Happy Hardcore和House音乐，但并非所有的艺术家都立即追随了这一趋势，特别是组合 2 Unlimited 希望留在 Eurodance 的声音中以保持排行榜的地位，尽管制作人 De Coster 预测将从流行退回到更俱乐部的声音。尽管如此，在90年代的后半期，Eurodance 的受欢迎程度开始下降，Scatman John 的&ldquo;Scatman's World&rdquo;是 Eurochart Hot 100 中原始 Eurodance 声音的最后一首热门单曲，在 1995 年 8 月下旬到 9 月上旬之间连续 3 周排名第一。</p>\n<p class=\"paragraph text-align-type-left pap-line-1.8 pap-line-rule-auto pap-spacing-before-2pt pap-spacing-after-2pt\">&nbsp;</p>\n<p class=\"paragraph text-align-type-left pap-line-1.8 pap-line-rule-auto pap-spacing-before-2pt pap-spacing-after-2pt\">在 1990 年代后期，经典的 Eurodance 声音逐渐演变和融入Bubblegum Dance和Progressive House。这个时代成功的 Eurodance 歌曲的显着例子是 1996 年德国乐队 Mr. President 的&ldquo;Coco Jamboo&rdquo;，同年意大利歌手 Gala 的&ldquo;Freed from Desire&rdquo;和&ldquo;Let a Boy Cry&rdquo;，丹麦-挪威组合 Aqua 于 1997 年创作的&ldquo;Barbie Girl&rdquo;，1998年荷兰组合Vengaboys的&ldquo;Boom, Boom, Boom, Boom!!&rdquo;，1999年意大利团体 Eiffel 的&ldquo;Blue (Da Ba Dee)&rdquo;和 2000 年德国组合 ATC 的 \"Around the World (La La La La La)\"。到 2000 年代初，Eurodance 音乐从音乐广播中已经完全消失了。</p>\n<p class=\"paragraph text-align-type-left pap-line-1.8 pap-line-rule-auto pap-spacing-before-2pt pap-spacing-after-2pt\">&nbsp;</p>\n<p class=\"paragraph text-align-type-left pap-line-1.8 pap-line-rule-auto pap-spacing-before-2pt pap-spacing-after-2pt\"><strong>定义</strong></p>\n<p class=\"paragraph text-align-type-left pap-line-1.8 pap-line-rule-auto pap-spacing-before-2pt pap-spacing-after-2pt\">&ldquo;Eurodance&rdquo;一词逐渐与特定的欧洲舞曲风格联系在一起。 在 1990 年代中期的黄金时期，它被称为&ldquo;Euro-NRG&rdquo;； 在欧洲，它通常被称为&ldquo;Dancefloor&rdquo;或简称为&ldquo;Dance&rdquo;。</p>\n<p class=\"paragraph text-align-type-left pap-line-1.8 pap-line-rule-auto pap-spacing-before-2pt pap-spacing-after-2pt\">&nbsp;</p>\n<p class=\"paragraph text-align-type-left pap-line-1.8 pap-line-rule-auto pap-spacing-before-2pt pap-spacing-after-2pt\">虽然有些人对&ldquo;Eurodance&rdquo;使用了更广泛的定义，随着时间的推移，该术语特指的是 1990 年代基于 NRG 的流派，其中包括Vocal独唱或说唱/歌手的二重唱。尽管该术语最初仅用于描述欧洲的舞曲作品，但也有一些 1990 年代源自美国的代表作品，它们遵循相同的音乐风格并特别在欧洲流行，现在也被称为Eurodance音乐。</p>\n<p class=\"paragraph text-align-type-left pap-line-1.8 pap-line-rule-auto pap-spacing-before-2pt pap-spacing-after-2pt\">&nbsp;</p>\n<p class=\"paragraph text-align-type-left pap-line-1.8 pap-line-rule-auto pap-spacing-before-2pt pap-spacing-after-2pt\"><strong>音乐特点</strong></p>\n<p class=\"paragraph text-align-type-left pap-line-1.8 pap-line-rule-auto pap-spacing-before-2pt pap-spacing-after-2pt\">大多数 Eurodance 的特点包括使用合成器演奏的Riff、一个或多个带有简单合唱的人声/说唱段落、采样和鼓机节拍。有时也会有不包含说唱的人声。</p>\n<p class=\"paragraph text-align-type-left pap-line-1.8 pap-line-rule-auto pap-spacing-before-2pt pap-spacing-after-2pt\">&nbsp;</p>\n<p class=\"paragraph text-align-type-left pap-line-1.8 pap-line-rule-auto pap-spacing-before-2pt pap-spacing-after-2pt\">Eurodance 常常带着积极、乐观的态度；歌词通常涉及爱与和平、跳舞和聚会，或表达和克服困难的情绪。 1990 年代早期到中期的 Eurodance 人声经常由独唱歌手或混合说唱歌手二重唱完成，例如男女二重唱组合 2 Unlimited、La Bouche、Cappella、Maxx、Masterboy、Culture Beat 和 Magic Affair。</p>\n<p class=\"paragraph text-align-type-left pap-line-1.8 pap-line-rule-auto pap-spacing-before-2pt pap-spacing-after-2pt\">&nbsp;</p>\n<p class=\"paragraph text-align-type-left pap-line-1.8 pap-line-rule-auto pap-spacing-before-2pt pap-spacing-after-2pt\">许多团体使用说唱歌手主题的变体，例如德国说唱歌手与美国歌手（Real McCoy），或使用如 Ice MC 和 Fun Factory 中的雷鬼说唱，或如专辑 \"Life in the Streets\" 中的说唱歌手和雷鬼歌手的组合，或如 Scatman John 的 scat singing。独唱歌手如 Alexia、Dr. Alban、Haddaway、Corona、Playahitty、Whigfield、Double You 和 DJ BoBo 也对这一流派做出了贡献。一些像瑞典Dance-pop舞曲最早的乐队 Ace of Base 等使用更多流行人声而不是说唱/灵魂Vocal来搭配 Eurodance 的声音。流行人声在 1990 年代后期的 Eurodance 制作中特别受欢迎。瑞典乐队 Rednex 也在声音中引入了美国乡村音乐元素。</p>\n<p class=\"paragraph text-align-type-left pap-line-1.8 pap-line-rule-auto pap-spacing-before-2pt pap-spacing-after-2pt\">&nbsp;</p>\n<p class=\"paragraph text-align-type-left pap-line-1.8 pap-line-rule-auto pap-spacing-before-2pt pap-spacing-after-2pt\">Eurodance 的歌词几乎总是用英语演唱，无论艺术家的国籍如何。然而，在比利时乐队的 Paradisio 中也有一些特例，其中使用了西班牙歌词与拉丁音乐元素。</p>\n<p class=\"paragraph text-align-type-left pap-line-1.8 pap-line-rule-auto pap-spacing-before-2pt pap-spacing-after-2pt\">&nbsp;</p>\n<p class=\"paragraph text-align-type-left pap-line-1.8 pap-line-rule-auto pap-spacing-before-2pt pap-spacing-after-2pt\">几乎所有的 Eurodance 都强调打击乐和节奏。速度通常约为bpm 140，但可能在 110 到 150 之间变化。</p>\n<p class=\"paragraph text-align-type-left pap-line-1.8 pap-line-rule-auto pap-spacing-before-2pt pap-spacing-after-2pt\">&nbsp;</p>\n<p class=\"paragraph text-align-type-left pap-line-1.8 pap-line-rule-auto pap-spacing-before-2pt pap-spacing-after-2pt\">大多数 Eurodance 都以旋律为主。不像通常是用大调创作的大多数流行音乐，大多数 Eurodance 歌曲都用小调，类似于Techno音乐。这一点，连同积极的歌词，有助于营造 Eurodance 整体富有能量和情感的声音。除了女/男人声的贡献外，Eurodance通常还会大量使用快速的合成器琶音。</p>\n<p class=\"paragraph text-align-type-left pap-line-1.8 pap-line-rule-auto pap-spacing-before-2pt pap-spacing-after-2pt\">&nbsp;</p>\n<p class=\"paragraph text-align-type-left pap-line-1.8 pap-line-rule-auto pap-spacing-before-2pt pap-spacing-after-2pt\"><strong>地域发展</strong></p>\n<p class=\"paragraph text-align-type-left pap-line-1.8 pap-line-rule-auto pap-spacing-before-2pt pap-spacing-after-2pt\"><span style=\"text-decoration: underline;\">欧洲</span></p>\n<p class=\"paragraph text-align-type-left pap-line-1.8 pap-line-rule-auto pap-spacing-before-2pt pap-spacing-after-2pt\">从 1990 年代初期到中期，Eurodance 在欧洲流行；这种风格在广播电台和电视节目中得到广泛播放，导致许多单曲出现在排行榜上。例如，在 1995 年 5 月末，意大利有七首Eurodance单曲进入排行榜前十名。</p>\n<p class=\"paragraph text-align-type-left pap-line-1.8 pap-line-rule-auto pap-spacing-before-2pt pap-spacing-after-2pt\">&nbsp;</p>\n<p class=\"paragraph text-align-type-left pap-line-1.8 pap-line-rule-auto pap-spacing-before-2pt pap-spacing-after-2pt\">到 1996 年，这种类型的流行度开始下降。从那时起，经典的 Eurodance 声音逐渐演变成Progressive House。到 1997 年和千禧年末期，house 和 trance 音乐在欧洲商业、榜单化的舞蹈作品中比 Eurodance 更受欢迎。在 2000 年代初期，欧洲的主流音乐产业从 Eurodance 转向其他风格的舞曲，如Nu-disco、Electro House、Dance Pop和 R&amp;B。</p>\n<p class=\"paragraph text-align-type-left pap-line-1.8 pap-line-rule-auto pap-spacing-before-2pt pap-spacing-after-2pt\">&nbsp;</p>\n<p class=\"paragraph text-align-type-left pap-line-1.8 pap-line-rule-auto pap-spacing-before-2pt pap-spacing-after-2pt\">近年来直到今天，经典的 Eurodance 歌曲继续受到小众群体的喜爱，那些著名的歌曲仍在欧洲一些最受欢迎的广播电台和电视音乐频道播出。</p>\n<p class=\"paragraph text-align-type-left pap-line-1.8 pap-line-rule-auto pap-spacing-before-2pt pap-spacing-after-2pt\">&nbsp;</p>\n<p class=\"paragraph text-align-type-left pap-line-1.8 pap-line-rule-auto pap-spacing-before-2pt pap-spacing-after-2pt\"><span style=\"text-decoration: underline;\">意大利</span></p>\n<p class=\"paragraph text-align-type-left pap-line-1.8 pap-line-rule-auto pap-spacing-before-2pt pap-spacing-after-2pt\">Italo Dance 是 Eurodance 音乐流派的一个分支。它在 1990 年代末至 2000 年代初流行于意大利，并在 Eiffel 65 发行单曲&ldquo;Blue (Da Ba Dee)&rdquo;后获得了一定的知名度。 该流派从 1993 年到 1995 年处于起步阶段，从 1999 年开始进入黄金时代直至 2005 年。尽管 Eiffel 65、Prezioso、Gigi D'Agostino、Molella、Gabry Ponte 和 DJ Lhasa 的 Italo Dance 热门歌曲仍然获得大量播放，但该流派远非当今主流，已主要被电子音乐和House音乐所取代。 Prezioso和Molella现在制作house和electro，许多其他艺术家也改变了他们的流派，但Gigi D'Agostino、Gabry Ponte和Luca Zeta仍然制作Italo Dance。</p>\n<p class=\"paragraph text-align-type-left pap-line-1.8 pap-line-rule-auto pap-spacing-before-2pt pap-spacing-after-2pt\">&nbsp;</p>\n<p class=\"paragraph text-align-type-left pap-line-1.8 pap-line-rule-auto pap-spacing-before-2pt pap-spacing-after-2pt\">Italo Dance主要是面向夜总会的音乐，主要在意大利制作和流传。这种流派从未真正成为整个欧洲市场的主流，但在意大利广播电台，尤其是舞蹈电台 m2o，以及欧洲南部和欧洲德语国家的广播中获得了大量播放。</p>\n<p class=\"paragraph text-align-type-left pap-line-1.8 pap-line-rule-auto pap-spacing-before-2pt pap-spacing-after-2pt\">&nbsp;</p>\n<p class=\"paragraph text-align-type-left pap-line-1.8 pap-line-rule-auto pap-spacing-before-2pt pap-spacing-after-2pt\"><span style=\"text-decoration: underline;\">英国</span></p>\n<p class=\"paragraph text-align-type-left pap-line-1.8 pap-line-rule-auto pap-spacing-before-2pt pap-spacing-after-2pt\">在 Cappella的 Gianfranco Bortolotti 在意大利北部城市布雷西亚成立 Media Records 之后，发布了他的&ldquo;commercial European dance music&rdquo;计划（包括 15 个工作室，由不同的制作团队几乎不间断地工作去创作大量唱片）并决定将该厂牌带入其他市场，包括在英国设立办事处。这家唱片公司由Peter Pritchard经营，并收录了英国 Eurodance 艺人 Stu Allan 的项目 Clock 的许多作品，最终Media Records发展成为Hard</p>\n<p class=\"paragraph text-align-type-left pap-line-1.8 pap-line-rule-auto pap-spacing-before-2pt pap-spacing-after-2pt\">House厂牌 Nukleuz（以其 DJ Nation 的发行作品而闻名）。</p>\n<p class=\"paragraph text-align-type-left pap-line-1.8 pap-line-rule-auto pap-spacing-before-2pt pap-spacing-after-2pt\">&nbsp;</p>\n<p class=\"paragraph text-align-type-left pap-line-1.8 pap-line-rule-auto pap-spacing-before-2pt pap-spacing-after-2pt\">随着 Media 变成 Nukleuz，All Around the World Productions 将成为 21 世纪中最有可能在英国发行 Eurodance 曲目的厂牌。至2020年，其 Clubland 电视音乐频道仍然定期播放 Eurodance 视频（虽然将其范围扩大到包括 David Guetta 以及 Cascada 和 Scooter）</p>\n<p class=\"paragraph text-align-type-left pap-line-1.8 pap-line-rule-auto pap-spacing-before-2pt pap-spacing-after-2pt\">&nbsp;</p>\n<p class=\"paragraph text-align-type-left pap-line-1.8 pap-line-rule-auto pap-spacing-before-2pt pap-spacing-after-2pt\"><span style=\"text-decoration: underline;\">澳洲和新西兰</span></p>\n<p class=\"paragraph text-align-type-left pap-line-1.8 pap-line-rule-auto pap-spacing-before-2pt pap-spacing-after-2pt\">Eurodance 在 1990 年代早期/中期在澳大利亚和新西兰很受欢迎，特别是在仓库派对和Rave出现的时期。 它在这些地区的受欢迎程度在 1990 年代末和 2000 年代初开始减弱。</p>\n<p class=\"paragraph text-align-type-left pap-line-1.8 pap-line-rule-auto pap-spacing-before-2pt pap-spacing-after-2pt\">&nbsp;</p>\n<p class=\"paragraph text-align-type-left pap-line-1.8 pap-line-rule-auto pap-spacing-before-2pt pap-spacing-after-2pt\"><span style=\"text-decoration: underline;\">加拿大</span></p>\n<p class=\"paragraph text-align-type-left pap-line-1.8 pap-line-rule-auto pap-spacing-before-2pt pap-spacing-after-2pt\">在 1990 年代，Eurodance 在加拿大开始流行，它产生了自己的变体，称为 Candance（尽管它主要被称为&ldquo;Eurodance&rdquo;或&ldquo;舞蹈音乐&rdquo;）。从 1992 年到 2000 年，流行的代表人物包括Capital Sound、Jacynthe、Shauna Davis、Emjay、Love Inc.、Temperance、Jefferson Project、Big Bass、DFS、Kim Esty、The Boomtang Boys、Solina、Jo&eacute;e、Roxxy 和 BKS 等艺人 ; 他们主要来自加拿大中部的主要城市，如多伦多、蒙特利尔和渥太华。 多伦多的风格更偏向流行，而蒙特利尔的更偏向于House。 Eurodance 在大多伦多地区的广播电台如 Power 88.5、Energy 108 和 Hot 103.5 上获得了大量播放。 蒙特利尔也是一个主要的 Eurodance 市场，MC Mario 在 Mix 96 上的著名广播节目&ldquo;Party Mix&rdquo;和 Bouge de l&agrave; 是 MusiquePlus 上的热门电视节目。</p>\n<p class=\"paragraph text-align-type-left pap-line-1.8 pap-line-rule-auto pap-spacing-before-2pt pap-spacing-after-2pt\">&nbsp;</p>\n<p class=\"paragraph text-align-type-left pap-line-1.8 pap-line-rule-auto pap-spacing-before-2pt pap-spacing-after-2pt\"><span style=\"text-decoration: underline;\">美国</span></p>\n<p class=\"paragraph text-align-type-left pap-line-1.8 pap-line-rule-auto pap-spacing-before-2pt pap-spacing-after-2pt\">除了纽约市、洛杉矶、芝加哥和迈阿密等主要城市，Eurodance 在美国并不出名。例如，美国艺术家 Scatman John 创作的 Eurodance 经典作品《Scatman (Ski-Ba-Bop-Ba-Dop-Bop)》；尽管在多个欧洲国家排名榜首并在英国排名第 3，但它在 Hot 100 中仅达到第 60 位。另一个值得注意的例子是 Life in the Streets 专辑，这是美国说唱歌手 Marky Mark 和加勒比雷鬼歌手 Prince Ital Joe 联合创作的Eurodance音乐项目，该专辑并未在美国发行，但在几个欧洲国家取得了巨大成功，包括在德国排行榜上名列前茅的单曲&ldquo;Happy People&rdquo;和&ldquo;United&rdquo;。</p>\n<p class=\"paragraph text-align-type-left pap-line-1.8 pap-line-rule-auto pap-spacing-before-2pt pap-spacing-after-2pt\">&nbsp;</p>\n<p class=\"paragraph text-align-type-left pap-line-1.8 pap-line-rule-auto pap-spacing-before-2pt pap-spacing-after-2pt\">在 1990 年代早期到中期，一些 Eurodance 艺术家（包括 La Bouche、2 Unlimited、Real McCoy、Cartouche、Corona、Haddaway 和 Ace of Base）进入了 Billboard Rhythmic Top 40、Top 40 Mainstream 和 Billboard Hot 100。然而，声音往往更像House，且以说唱为导向的艺术家获得了广播的青睐。例如，德国Hip-house项目 Snap!、比利时Hip-house项目 Technotronic 和荷兰Techno项目 L.A. Style 在早期就获得了相当多的广播播放。</p>\n<p class=\"paragraph text-align-type-left pap-line-1.8 pap-line-rule-auto pap-spacing-before-2pt pap-spacing-after-2pt\">&nbsp;</p>\n<p class=\"paragraph text-align-type-left pap-line-1.8 pap-line-rule-auto pap-spacing-before-2pt pap-spacing-after-2pt\">更倾向于 Hi-NRG 的艺术家通常只在一些特殊的&ldquo;混合&rdquo;节目中演出，想要听 Eurodance 音乐通常是必须要去Club才能听到。虽然 Eurodance 确实受到美国俱乐部 DJ 的欢迎，但在 1980 年代和 1990 年代的大部分时间里，广播电台对播放任何听起来太像Disco的东西都持谨慎态度。然而，到 1990 年代末，一些后来的乐队，如意大利的 Eiffel 65 乐队和丹麦乐队 Aqua 也得到了广泛的广播播放。</p>\n<p class=\"paragraph text-align-type-left pap-line-1.8 pap-line-rule-auto pap-spacing-before-2pt pap-spacing-after-2pt\">&nbsp;</p>\n<p class=\"paragraph text-align-type-left pap-line-1.8 pap-line-rule-auto pap-spacing-before-2pt pap-spacing-after-2pt\">尽管缺乏广播的支持，但许多 Hi-NRG 和 Eurodance 歌曲在美国的职业体育赛事中很受欢迎，尤其是冰球和篮球。</p>\n<p class=\"paragraph text-align-type-left pap-line-1.8 pap-line-rule-auto pap-spacing-before-2pt pap-spacing-after-2pt\">&nbsp;</p>\n<p class=\"paragraph text-align-type-left pap-line-1.8 pap-line-rule-auto pap-spacing-before-2pt pap-spacing-after-2pt\">其它例如来自 Interhit Records 和 Dance Music Authority 杂志共同发行的 \"DMA Dance：Eurodance\" 系列合辑（1995-1997）也很受欢迎，它们帮助定义流派并使其在美国和加拿大得到传播。</p>\n<p class=\"paragraph text-align-type-left pap-line-1.8 pap-line-rule-auto pap-spacing-before-2pt pap-spacing-after-2pt\">&nbsp;</p>\n<p class=\"paragraph text-align-type-left pap-line-1.8 pap-line-rule-auto pap-spacing-before-2pt pap-spacing-after-2pt\"><strong>Hands Up</strong></p>\n<p class=\"paragraph text-align-type-left pap-line-1.8 pap-line-rule-auto pap-spacing-before-2pt pap-spacing-after-2pt\">Hands Up（也称为handz up！，写作HandzUp！，或在东欧称作dancecore）是Eurotrance音乐的一种风格，也是Eurodance的派生。该流派来自它的名字，意思是要求听众&ldquo;举起手&rdquo;以及与身体联动和舞动性。</p>\n<p class=\"paragraph text-align-type-left pap-line-1.8 pap-line-rule-auto pap-spacing-before-2pt pap-spacing-after-2pt\">&nbsp;</p>\n<p class=\"paragraph text-align-type-left pap-line-1.8 pap-line-rule-auto pap-spacing-before-2pt pap-spacing-after-2pt\">该流派于 1990 年代中后期作为 Eurotrance 场景的一部分在德国发展起来，并在21世纪头十年早期以独特的形式出现，获取了 Eurodance 和其他各种舞蹈流派（如Happy Hardcore和Techno）的元素，这也是该流派得名的时期。Eurodance 的代表，例如 Starsplash 和 Mark 'Oh，有时被视为 Hands Up 的先驱。这类风格最大的商业成功是直到 2000 年代中期的音乐，如 Scooter 的热门单曲&ldquo;Nessaja&rdquo;在单曲榜上排名第一。</p>\n<p class=\"paragraph text-align-type-left pap-line-1.8 pap-line-rule-auto pap-spacing-before-2pt pap-spacing-after-2pt\">&nbsp;</p>\n<p class=\"paragraph text-align-type-left pap-line-1.8 pap-line-rule-auto pap-spacing-before-2pt pap-spacing-after-2pt\">Hands Up的特点是合成器的旋律通常朗朗上口且简单，通常人声旋律伴随着合成器。与 Techno相比，它使用了高音合成器音调。Hands Up 不依赖于紧张的结构，而是基于典型的主歌到副歌的流行音乐形式。其主要元素是Bassline、鼓点和引人入胜的Lead。Hands Up风格的典型配置是经调式处理的女声Vocal，同时男声也很常见。此外，失真、autotuned、切片和重复的短语说辞也是其常见的特征。</p>\n<p class=\"paragraph text-align-type-left pap-line-1.8 pap-line-rule-auto pap-spacing-before-2pt pap-spacing-after-2pt\">&nbsp;</p>\n</div>\n</div>\n</div>\n</div>\n<p>&nbsp;</p>",
 "contentEn": "<div class=\"document\">\n<div>\n<div class=\"document\">\n<p class=\"paragraph text-align-type-left pap-line-1.8 pap-line-rule-auto pap-spacing-before-2pt pap-spacing-after-2pt\">Eurodance (sometimes referred to as Euro-NRG, Euro-electronica or Euro) is a genre of electronic dance music that originated in the late 1980s in Europe. It combines many elements of hip hop, techno, Hi-NRG, house music,and Euro disco. This genre of music is heavily influenced by the use of rich vocals, sometimes with rapped verses. This, combined with cutting-edge synthesizers, strong bass rhythm and melodic hooks, establishes the core foundation of Eurodance music.</p>\n<p class=\"paragraph text-align-type-left pap-line-1.8 pap-line-rule-auto pap-spacing-before-2pt pap-spacing-after-2pt\">&nbsp;</p>\n</div>\n</div>\n<p class=\"paragraph text-align-type-left pap-line-1.8 pap-line-rule-auto pap-spacing-before-2pt pap-spacing-after-2pt\">History</p>\n<p class=\"paragraph text-align-type-left pap-line-1.8 pap-line-rule-auto pap-spacing-before-2pt pap-spacing-after-2pt\">Background</p>\n<p class=\"paragraph text-align-type-left pap-line-1.8 pap-line-rule-auto pap-spacing-before-2pt pap-spacing-after-2pt\">Eurodance music originated in the late 1980s in central Europe, especially in Germany, where rave parties were becoming popular. By 1987, a German party scene was started by Tauseef Alam, based on the well established Chicago house sound and Belgian new beat in Frankfurt. The following year saw acid house making a significant impact on popular consciousness in Germany and central Europe as it had in England.[5] In 1989, German DJs Westbam and Dr. Motte established the Ufo Club, an illegal party venue, and co-founded the Love Parade.[6] The parade first occurred in July 1989, when 150 people took to the streets in Berlin.[7] It was conceived as a political demonstration for peace and international understanding through love and music.[7] On 19 July 1989, Black Box's single \"Ride on Time\" was released. The song spent six weeks at No. 1 in the United Kingdom and it was the UK's best-selling single of 1989.[8] It contained the Korg M1's \"house piano\"[9] which can be found in many Eurodance releases. On 27 September 1989, Technotronic's single \"Pump Up the Jam\" was released. It reached number one in Belgium[10][11] and Spain,[12] and it popularised the house variant called hip house in Europe.[13] On 9 November 1989, the Berlin Wall fell; free underground techno parties mushroomed in East Berlin, and a rave scene comparable to that in the UK was established.[6] East German DJ Paul van Dyk has remarked that the techno-based rave scene was a major force in re-establishing social connections between East and West Germany during the unification period.[14] In the same year, German producers Michael M&Atilde;&frac14;nzing and Luca Anzilotti (under the pseudonyms Benito Benites and John \"Virgo\" Garrett III) formed the Snap! project in Frankfurt. Snap! songs combined imported hip hop and soul vocals adding rhythm by using computer technology and mixing electronic sounds, bass and drums, mainly house music. By doing so a new genre was born: Eurodance.[15]</p>\n<p class=\"paragraph text-align-type-left pap-line-1.8 pap-line-rule-auto pap-spacing-before-2pt pap-spacing-after-2pt\">&nbsp;</p>\n<p class=\"paragraph text-align-type-left pap-line-1.8 pap-line-rule-auto pap-spacing-before-2pt pap-spacing-after-2pt\">Rise and fall</p>\n<p class=\"paragraph text-align-type-left pap-line-1.8 pap-line-rule-auto pap-spacing-before-2pt pap-spacing-after-2pt\">Snap!'s first single, \"The Power\", released in 1990, reached number one in the Netherlands,[16][17] Spain, Switzerland[18] and the United Kingdom,[19] and it helped to raise awareness of the genre within Europe. In the following years, other Eurodance acts formed in Frankfurt, including Jam and Spoon, Intermission and Culture Beat. After the breakthrough single \"Rhythm is a Dancer\" by Snap! in 1992 (number 1 in 12 countries),[20][21][22][23][24][25][26][27][28] new groups started to pop up all over Europe, mainly in Belgium, Netherlands and Italy. From 1992 till the decline of popularity after 1995, the sound became more and more NRG-oriented, leading to songs raising in B.P.M. up to 150. The notable songs which defined the genre in this period, dubbed as the \"golden era\" of Eurodance, are \"It's My Life\" by Dr. Alban in 1992 (number 1 in 8 countries),[29] \"No Limit\" by Dutch group 2 Unlimited in 1993 (number 1 in 14 countries, it was Europe's biggest-selling song for 1993),[30][31][32] \"What Is Love\" by Haddaway in the same year (number 1 in 13 countries),[33][34][35][12][36] \"Mr. Vain\" by Culture Beat also in the same year (number 1 in 13 countries),[37][38][36] \"Cotton Eye Joe\" by Rednex in 1994 (number 1 in 12 countries)[39][40][41][42] and \"Scatman (Ski-Ba-Bop-Ba-Dop-Bop)\" by Scatman John in the same year (number 1 in 9 countries).[43][44][45][46][47] In the same period the popularity of the genre also expanded further to East Asia, in nations such as Japan, South Korea and Taiwan; towards the end of the golden era also in Russia.</p>\n<p class=\"paragraph text-align-type-left pap-line-1.8 pap-line-rule-auto pap-spacing-before-2pt pap-spacing-after-2pt\">&nbsp;</p>\n<p class=\"paragraph text-align-type-left pap-line-1.8 pap-line-rule-auto pap-spacing-before-2pt pap-spacing-after-2pt\">By 1995, Eurodance dominated European charts with 5 singles in the top 10 of the singles charts. Despite its success, many observers within the music industry said that the Eurodance sound had to change or die, and Eurodance producers and singers started to follow different paths and different sounds, such as happy hardcore and house music,[48] but not all the groups followed this trend immediately, notably the group 2 Unlimited wanted to remain within Eurodance sounds in order to remain chartbusters, although the producer De Coster predicted a retreat from a poppy to a more clubby sound.[49] Nevertheless, in the second half of the decade the popularity of Eurodance started to decline, and \"Scatman's World\" by Scatman John was the last major hit of the original Eurodance sound in the Eurochart Hot 100, being number 1 for 3 weeks between late August and early September 1995.</p>\n<p class=\"paragraph text-align-type-left pap-line-1.8 pap-line-rule-auto pap-spacing-before-2pt pap-spacing-after-2pt\">&nbsp;</p>\n<p class=\"paragraph text-align-type-left pap-line-1.8 pap-line-rule-auto pap-spacing-before-2pt pap-spacing-after-2pt\">In late 1990s the classic Eurodance sound gradually morphed into progressive house.[50] Notable examples of successful Eurodance songs of this era are \"Coco Jamboo\" by German band Mr. President in 1996,[51][52] \"Freed from Desire\" and \"Let a Boy Cry\" by Italian singer Gala in the same year,[53][54][55] \"Barbie Girl\" by Danish-Norwegian group Aqua in 1997,[56][57] \"Boom, Boom, Boom, Boom!!\" by Dutch group Vengaboys in 1998,[58][59][60] \"Blue (Da Ba Dee)\" by Italian group Eiffel 65 in 1999[61][62] and \"Around the World (La La La La La)\" by German group ATC in 2000.[63][64][65] By the early 2000s Eurodance music disappeared almost completely from the majority of European radio airplay.</p>\n<p class=\"paragraph text-align-type-left pap-line-1.8 pap-line-rule-auto pap-spacing-before-2pt pap-spacing-after-2pt\">&nbsp;</p>\n<p class=\"paragraph text-align-type-left pap-line-1.8 pap-line-rule-auto pap-spacing-before-2pt pap-spacing-after-2pt\">Definition</p>\n<p class=\"paragraph text-align-type-left pap-line-1.8 pap-line-rule-auto pap-spacing-before-2pt pap-spacing-after-2pt\">The term \"Eurodance\" gradually became associated with a specific style of European dance music. During its golden years in the mid-1990s, it was referred as \"Euro-NRG\"; in Europe it was often called \"dancefloor\"[66] or simply \"dance\".[67][failed verification]</p>\n<p class=\"paragraph text-align-type-left pap-line-1.8 pap-line-rule-auto pap-spacing-before-2pt pap-spacing-after-2pt\">&nbsp;</p>\n<p class=\"paragraph text-align-type-left pap-line-1.8 pap-line-rule-auto pap-spacing-before-2pt pap-spacing-after-2pt\">While some use a much broader definition of what is considered \"Eurodance\",[1] over time, the term particularly came to refer to an NRG-based genre from the 1990s which included a solo vocalist or a rapper/vocalist duet.[68] Although the term was initially used to describe only European dance music productions, there are some examples of acts from the 1990s produced in the United States, which followed the same music style and became popular particularly in Europe, nowadays are also referred to as Eurodance music.[citation needed]</p>\n<p class=\"paragraph text-align-type-left pap-line-1.8 pap-line-rule-auto pap-spacing-before-2pt pap-spacing-after-2pt\">&nbsp;</p>\n<p class=\"paragraph text-align-type-left pap-line-1.8 pap-line-rule-auto pap-spacing-before-2pt pap-spacing-after-2pt\">Characteristics of the music</p>\n<p class=\"paragraph text-align-type-left pap-line-1.8 pap-line-rule-auto pap-spacing-before-2pt pap-spacing-after-2pt\">Most Eurodance is characterized by synthesizer riffs, one or more vocals with simple chorus, one or more rap parts, sampling and a drum machine clap beat.[2][69] Sometimes non-rap vocals are used.[69]</p>\n<p class=\"paragraph text-align-type-left pap-line-1.8 pap-line-rule-auto pap-spacing-before-2pt pap-spacing-after-2pt\">&nbsp;</p>\n<p class=\"paragraph text-align-type-left pap-line-1.8 pap-line-rule-auto pap-spacing-before-2pt pap-spacing-after-2pt\">Eurodance often carries a positive, upbeat attitude; the lyrics usually involve issues of love and peace, dancing and partying, or expressing and overcoming difficult emotions. The early to mid-1990s Eurodance vocals were frequently done by a solo vocalist or a mixed rapper-vocalist duet such as the male&acirc;&euro;&ldquo;female duets of 2 Unlimited, La Bouche and Magic Affair.[69][70]</p>\n<p class=\"paragraph text-align-type-left pap-line-1.8 pap-line-rule-auto pap-spacing-before-2pt pap-spacing-after-2pt\">&nbsp;</p>\n<p class=\"paragraph text-align-type-left pap-line-1.8 pap-line-rule-auto pap-spacing-before-2pt pap-spacing-after-2pt\">Many groups used variations of the rapper-vocalist theme, such as a German rapper with American singers (Real McCoy), or the use of reggae rap as in Ice MC and Fun Factory, or combination of rapper and reggae vocalist like in the Life in the Streets album, or scat singing as in Scatman John.[69] Solo singing artists such as Alexia, Whigfield and DJ BoBo also contributed to the genre. Some acts like the Swedish dance-pop originated group Ace of Base use more pop vocals rather than rap/soul vocals along with Eurodance sound.[71][72] Pop vocals were particularly popular in the late 1990s Eurodance productions. The Swedish group Rednex also introduced American country music elements into the sound.[73]</p>\n<p class=\"paragraph text-align-type-left pap-line-1.8 pap-line-rule-auto pap-spacing-before-2pt pap-spacing-after-2pt\">&nbsp;</p>\n<p class=\"paragraph text-align-type-left pap-line-1.8 pap-line-rule-auto pap-spacing-before-2pt pap-spacing-after-2pt\">Eurodance lyrics are almost always sung in English, regardless of the artist's nationalities.[69] However, there are cases like in the Belgian group's Paradisio where Spanish lyrics are used along with latin music elements.[74][75]</p>\n<p class=\"paragraph text-align-type-left pap-line-1.8 pap-line-rule-auto pap-spacing-before-2pt pap-spacing-after-2pt\">&nbsp;</p>\n<p class=\"paragraph text-align-type-left pap-line-1.8 pap-line-rule-auto pap-spacing-before-2pt pap-spacing-after-2pt\">Almost all Eurodance emphasizes percussion and rhythm. The tempo is typically around 140 beats per minute, but may vary from 110 to 150.[69][76]</p>\n<p class=\"paragraph text-align-type-left pap-line-1.8 pap-line-rule-auto pap-spacing-before-2pt pap-spacing-after-2pt\">&nbsp;</p>\n<p class=\"paragraph text-align-type-left pap-line-1.8 pap-line-rule-auto pap-spacing-before-2pt pap-spacing-after-2pt\">Most Eurodance is very melody-driven. Most Eurodance songs are in minor keys, similarly to techno. This, along with positive lyrics, helps contribute to the overall powerful and emotional sound of Eurodance.[2] Besides the contribution of the female or male vocals, there is often a noticeable use of rapid synthesizer arpeggios.[2]</p>\n<p class=\"paragraph text-align-type-left pap-line-1.8 pap-line-rule-auto pap-spacing-before-2pt pap-spacing-after-2pt\">&nbsp;</p>\n<p class=\"paragraph text-align-type-left pap-line-1.8 pap-line-rule-auto pap-spacing-before-2pt pap-spacing-after-2pt\">Popularity</p>\n<p class=\"paragraph text-align-type-left pap-line-1.8 pap-line-rule-auto pap-spacing-before-2pt pap-spacing-after-2pt\">In Europe</p>\n<p class=\"paragraph text-align-type-left pap-line-1.8 pap-line-rule-auto pap-spacing-before-2pt pap-spacing-after-2pt\">From the early to mid-1990s, Eurodance was popular in Europe; the style received extensive airplay on radio stations and television shows, resulting in many singles appearing in the charts. For example, in Italy there were seven singles in the top ten of the chart at the end of May 1995.</p>\n<p class=\"paragraph text-align-type-left pap-line-1.8 pap-line-rule-auto pap-spacing-before-2pt pap-spacing-after-2pt\">&nbsp;</p>\n<p class=\"paragraph text-align-type-left pap-line-1.8 pap-line-rule-auto pap-spacing-before-2pt pap-spacing-after-2pt\">By 1996, the popularity of this genre had started to decline. From then, the classic Eurodance sound gradually morphed into progressive house.[50] By 1997 and towards the end of the millennium house and trance music increased popularity over Eurodance in Europe's commercial, chart-oriented dance records.[77][78][79] In the early 2000s, the mainstream music industry in Europe moved away from Eurodance in favour of other styles of dance music such as nu-disco, electro house, dance-pop and R&amp;B.[80][81]</p>\n<p class=\"paragraph text-align-type-left pap-line-1.8 pap-line-rule-auto pap-spacing-before-2pt pap-spacing-after-2pt\">&nbsp;</p>\n<p class=\"paragraph text-align-type-left pap-line-1.8 pap-line-rule-auto pap-spacing-before-2pt pap-spacing-after-2pt\">Italy</p>\n<p class=\"paragraph text-align-type-left pap-line-1.8 pap-line-rule-auto pap-spacing-before-2pt pap-spacing-after-2pt\">Italo dance is an offshoot of the Eurodance music genre. It was popular in Italy in the late 1990s to the early 2000s and gained some popularity after the release of the single \"Blue (Da Ba Dee)\" by Eiffel 65. The genre had its infancy from 1993 to 1995 and its golden age from 1999 to 2005. Although Italo hits by Eiffel 65, Prezioso and Gabry Ponte still receive substantial airplay, the genre is far from mainstream today where it has been replaced by mostly electro and house music.</p>\n<p class=\"paragraph text-align-type-left pap-line-1.8 pap-line-rule-auto pap-spacing-before-2pt pap-spacing-after-2pt\">&nbsp;</p>\n<p class=\"paragraph text-align-type-left pap-line-1.8 pap-line-rule-auto pap-spacing-before-2pt pap-spacing-after-2pt\">Italo dance is predominantly nightclub-oriented music and mainly produced in Italy. The genre never really became mainstream enough for the whole European market, but received much airplay on Italian radio, especially the dance radio station m2o, and in southern parts of Europe plus in the German speaking European countries.</p>\n<p class=\"paragraph text-align-type-left pap-line-1.8 pap-line-rule-auto pap-spacing-before-2pt pap-spacing-after-2pt\">&nbsp;</p>\n<p class=\"paragraph text-align-type-left pap-line-1.8 pap-line-rule-auto pap-spacing-before-2pt pap-spacing-after-2pt\">United Kingdom</p>\n<p class=\"paragraph text-align-type-left pap-line-1.8 pap-line-rule-auto pap-spacing-before-2pt pap-spacing-after-2pt\">After Cappella's Gianfranco Bortolotti set up Media Records in Brescia, northern Italy[82][83][84] to release his 'commercial European dance music' (a set-up which included fifteen studios featuring various production teams working almost non-stop on a huge number of records) he decided to take the label into other markets and set up a UK office in the UK. Run by Peter Pritchard and featuring many records by Stu Allan's British Eurodance act Clock,[85] this record company would eventually turn into hard house label Nukleuz (known for its DJ Nation releases).[86][87]</p>\n<p class=\"paragraph text-align-type-left pap-line-1.8 pap-line-rule-auto pap-spacing-before-2pt pap-spacing-after-2pt\">&nbsp;</p>\n<p class=\"paragraph text-align-type-left pap-line-1.8 pap-line-rule-auto pap-spacing-before-2pt pap-spacing-after-2pt\">As Media turned into Nukleuz, it would fall to All Around the World Productions to be the label in the 21st Century which was more likely to release Eurodance tracks in the UK than other, with its Clubland TV music channel still having regular blocks of Eurodance videos in 2020[88][89] (though extending its scope to include hits by David Guetta as well as Cascada and Scooter)</p>\n<p class=\"paragraph text-align-type-left pap-line-1.8 pap-line-rule-auto pap-spacing-before-2pt pap-spacing-after-2pt\">&nbsp;</p>\n<p class=\"paragraph text-align-type-left pap-line-1.8 pap-line-rule-auto pap-spacing-before-2pt pap-spacing-after-2pt\">North America</p>\n<p class=\"paragraph text-align-type-left pap-line-1.8 pap-line-rule-auto pap-spacing-before-2pt pap-spacing-after-2pt\">Canada</p>\n<p class=\"paragraph text-align-type-left pap-line-1.8 pap-line-rule-auto pap-spacing-before-2pt pap-spacing-after-2pt\">During the 1990s, Eurodance became popular in Canada, which produced its own variant called Candance (although it was mostly referred to as \"Eurodance\" or \"dance music\").[90] From about 1992 to 2000, acts such as Capital Sound, Jacynthe and Emjay, originating mainly in major cities of Central Canada such as Toronto, Montreal and Ottawa, were hitting the airwaves. The Toronto sound was more pop-oriented, while the Montreal one was more house-oriented. Eurodance received significant airplay on radio stations in the Greater Toronto Area such as Power 88.5, Energy 108 and Hot 103.5. Montreal was also a major Eurodance market, with MC Mario's famous radio show on Mix 96, called \"Party Mix\" and Bouge de l&Atilde;&nbsp;, a popular TV show on MusiquePlus.</p>\n<p class=\"paragraph text-align-type-left pap-line-1.8 pap-line-rule-auto pap-spacing-before-2pt pap-spacing-after-2pt\">&nbsp;</p>\n<p class=\"paragraph text-align-type-left pap-line-1.8 pap-line-rule-auto pap-spacing-before-2pt pap-spacing-after-2pt\">United States</p>\n<p class=\"paragraph text-align-type-left pap-line-1.8 pap-line-rule-auto pap-spacing-before-2pt pap-spacing-after-2pt\">Eurodance is not well known in the United States outside of the major cities such as New York City, Los Angeles, Chicago, and Miami. Exemplifying this is the Eurodance classic \"Scatman (Ski-Ba-Bop-Ba-Dop-Bop)\", by Scatman John, an American artist; despite topping the charts in multiple European countries and reaching number 3 in the United Kingdom, it only reached as high as number 60 on the Hot 100.[91] Another notable example is the Life in the Streets album, a combined Eurodance music project from American rapper Marky Mark and Caribbean reggae vocalist Prince Ital Joe, which was not released in the United States, but was a huge success in several European countries including singles like \"Happy People\" and \"United\" that topped the German charts.[92][93]</p>\n<p class=\"paragraph text-align-type-left pap-line-1.8 pap-line-rule-auto pap-spacing-before-2pt pap-spacing-after-2pt\">&nbsp;</p>\n<p class=\"paragraph text-align-type-left pap-line-1.8 pap-line-rule-auto pap-spacing-before-2pt pap-spacing-after-2pt\">A few Eurodance artists including 2 Unlimited, Haddaway and Ace of Base made the Rhythmic Top 40, Top 40 Mainstream and the Billboard Hot 100 during the early to mid-1990s. However, the sound tended to be more house and the rap-oriented artists received airplay. For instance, the German hip-house project Snap!, the Belgian hip-house project Technotronic and the Dutch techno dance project L.A. Style received quite a bit of airplay early on.[94]</p>\n<p class=\"paragraph text-align-type-left pap-line-1.8 pap-line-rule-auto pap-spacing-before-2pt pap-spacing-after-2pt\">&nbsp;</p>\n<p class=\"paragraph text-align-type-left pap-line-1.8 pap-line-rule-auto pap-spacing-before-2pt pap-spacing-after-2pt\">The more Hi-NRG-oriented artists were typically played only during special \"mix\" shows, and it was often necessary to go to a club to hear Eurodance music. While Eurodance did become popular with club DJs in the United States, radio stations were cautious about playing anything that sounded too much like disco during most of the 1980s and 1990s. By the end of the 1990s, however, some of the later acts such as Italian group Eiffel 65 and Danish group Aqua did receive extensive airplay.</p>\n<p class=\"paragraph text-align-type-left pap-line-1.8 pap-line-rule-auto pap-spacing-before-2pt pap-spacing-after-2pt\">&nbsp;</p>\n<p class=\"paragraph text-align-type-left pap-line-1.8 pap-line-rule-auto pap-spacing-before-2pt pap-spacing-after-2pt\">Despite lack of widespread radio play, many Hi-NRG and Eurodance songs are popular at professional sporting events in the United States, especially ice hockey and basketball.[95][96]</p>\n<p class=\"paragraph text-align-type-left pap-line-1.8 pap-line-rule-auto pap-spacing-before-2pt pap-spacing-after-2pt\">&nbsp;</p>\n<p class=\"paragraph text-align-type-left pap-line-1.8 pap-line-rule-auto pap-spacing-before-2pt pap-spacing-after-2pt\">Compilation albums, such as the DMA Dance: Eurodance series of compilation albums (1995&acirc;&euro;&ldquo;1997) from Interhit Records and Dance Music Authority magazine, were popular and helped to define the genre as well as to make it accessible in the U.S. and Canada.[97]</p>\n<p class=\"paragraph text-align-type-left pap-line-1.8 pap-line-rule-auto pap-spacing-before-2pt pap-spacing-after-2pt\">&nbsp;</p>\n<p>Hands Up Edit</p>\n<p>Hands Up (also known as handz up! (stylized as HandzUp!) or dancecore in East Europe) is a style of Eurotrance music, and a derivation of Eurodance. The genre comes from its name, meaning music that requires listeners to \"put their hands up\" as well as fitness and danceability.</p>\n<p>The genre developed in Germany in the mid to late 1990s as part of the emerging trance music scene. Representatives of Eurodance such as Starsplash and Mark 'Oh, are sometimes regarded as forerunners of Hands Up. The biggest commercial success was the music until the mid-2000s, Scooter's hit single \"Nessaja\" at number one on the single charts.[98]</p>\n<p><br />Hands up Disc Jockey<br />The synthesizer melodies are often catchy and simple. Often the vocal melody is accompanied by a synthesizer. In contrast to Techno short, high-pitched synthesizer tones are used. Hands Up does not rely on the structure of tension build-up, but is based on the typical verse-chorus-pop music scheme. The main elements are the bassline, drums and a catchy lead sound. A typical stylistic device of hands up are pitched female or resulting feminine vocals, male vocals are also common. In addition, distorted, autotuned, chopped and repeated spoken phrases are common characteristics.</p>\n</div>",
 "remarks": "\n本词条汉字内容由 @多频百科团队 翻译+编辑\n原文译自https://en.wikipedia.org/wiki/Eurodance",
 "remarksEn": "本词条内容来自 https://en.wikipedia.org/wiki/Eurodance",
 "status": 1,
 "clickNum": 15,
 "deleted": 0,
 "lang": 0,
 "chooseLang": true,
 "id": 222,
 "name": "Eurodance",
 "descriptions": "Eurodance（欧陆舞曲，有时也被称为Euro-NRG、Euro-electronica或Euro）是一种起源于20世纪80年代末的欧洲电子舞曲。它结合了hip hop, techno, Hi-NRG, house music和Euro disco的许多元素。这种类型的音乐会使用丰富的人声（有时会有说唱段落），前沿的合成器，强劲的低音节奏以及具有旋律性的Hook，这些元素奠定了Eurodance的核心基础。",
 "originalName": "",
 "startTimeText": "1990s",
 "startAddress": "Belgium, Netherlands, West Germany and East Germany",
 "searchStyle": "Disco",
 "styleCategory": "Hi-NRG",
 "originalStyle": "House, Euro disco, Hi-NRG, trance, new beattechno, hip hop, hip housedance-pop",
 "affectStyle": "Hard dance, Euro reggae",
 "deriveStyle": "Euro house, Euro techno, Euro hop, bubblegum dance",
 "representArtist": "",
 "officialUrl": "https://en.wikipedia.org/wiki/Eurodance",
 "typeId": 13,
 "typeName": "风格",
 "dataId": 222,
 "url": "http://dropinapp.hearinmusic.com/#/ency?typeId=13&dataId=222"
}