{
 "pageNum": 1,
 "pageSize": 10,
 "params": {},
 "relationChannel": "[{\"id\":1118,\"parentId\":8,\"name\":\"Euro House\"}]",
 "relationEncy": "[{\"id\":36656,\"typeId\":13,\"dataId\":329,\"name\":\"Dance-pop\",\"url\":\"http://dropinapp.hearinmusic.com/#/ency?typeId=13&dataId=329\"},{\"id\":36549,\"typeId\":13,\"dataId\":222,\"name\":\"Eurodance\",\"url\":\"http://dropinapp.hearinmusic.com/#/ency?typeId=13&dataId=222\"}]",
 "content": "<p>Euro House兴起于20世纪80年代末，是来自欧洲的一种Vocal House音乐风格。这种风格起源于以House音乐为背景的歌曲，受到Dance-pop音乐的强烈影响。</p>\n<p>&nbsp;</p>\n<p>Euro House在1990年代与Eurodance（以较高的BPM以及来自Techno和Hi-NRG的影响而脱颖而出）并行发展，一些Euro House乐队（例如Cappella和The 4th Floor的2 Brothers）也致力于Eurodance或Italo Dance的发展 。</p>\n<p>&nbsp;</p>\n<p>进入21世纪以来，流行的 Euro-Trance 风格对 Euro house 的影响是非常巨大，以至于这个时期的许多 Euro house 歌曲也可以，或至少在一定程度上被视为 Euro-trance 音乐。</p>",
 "contentEn": "<p>Euro house emerged in the late 1980s as a vocal style of&nbsp;House. The style was developed from songs with a strong influence from&nbsp;Dance-Pop&nbsp;with a house music background. It developed in parallel with&nbsp;Eurodance&nbsp;music throughout the 1990s and several Euro house bands, such as&nbsp;Cappella&nbsp;and&nbsp;2 Brothers on the 4th Floor, were also dedicated to Eurodance. In the 2000s, the influence exerted by the popular&nbsp;Euro-Trance&nbsp;style over Euro house was so powerful that many Euro house songs from this period could also be considered, at least to a degree, Euro-trance music.</p>",
 "remarks": "本词条汉字内容由 @多频百科团队 翻译+编辑\n原文译自 https://www.last.fm/tag/euro+house/wiki",
 "remarksEn": "本词条内容来自 https://www.last.fm/tag/euro+house/wiki",
 "status": 1,
 "clickNum": 13,
 "deleted": 0,
 "lang": 0,
 "chooseLang": true,
 "id": 61,
 "name": "Euro House",
 "descriptions": "Euro House兴起于20世纪80年代末，是来自欧洲的一种Vocal House音乐风格。这种风格起源于以House音乐为背景的歌曲，受到Dance-pop音乐的强烈影响。",
 "originalName": "",
 "startTimeText": "late 1980s",
 "startAddress": "欧洲",
 "searchStyle": "House",
 "styleCategory": "House",
 "originalStyle": "Dance-pop",
 "affectStyle": "",
 "deriveStyle": "",
 "representArtist": "",
 "officialUrl": "https://www.last.fm/tag/euro+house/wiki",
 "typeId": 13,
 "typeName": "风格",
 "dataId": 61,
 "url": "http://dropinapp.hearinmusic.com/#/ency?typeId=13&dataId=61"
}