{
 "pageNum": 1,
 "pageSize": 10,
 "params": {},
 "relationChannel": "[{\"id\":1256,\"parentId\":8,\"name\":\"Eurodisco\"}]",
 "content": "<div class=\"document\">\n<div>\n<div class=\"document\">\n<div>Eurodisco是欧洲电子舞曲的一种，它是由20世纪70年代末的迪斯科演变而来的，将流行和摇滚的元素融入到类似迪斯科的连续舞蹈氛围中。许多Eurodisco作品都是用英语唱的，尽管歌手们的母语各不相同。</div>\n<div>&nbsp;</div>\n<div>由Euro disco衍生出去的包括Europop和Eurodance，其中最著名的亚流派是20世纪70年代末的space disco和20世纪80年代初的Italo disco。1986年之后，这种风格开始变得不那么流行，取而代之的是electronic rock和hi-NRG，但在20世纪90年代末，Italo disco有过一次小规模的回潮。</div>\n<div>&nbsp;</div>\n<p class=\"paragraph text-align-type-left pap-line-1.8 pap-line-rule-auto pap-spacing-before-2pt pap-spacing-after-2pt\"><strong>历史</strong></p>\n<p class=\"paragraph text-align-type-left pap-line-1.8 pap-line-rule-auto pap-spacing-before-2pt pap-spacing-after-2pt\">Eurodisco 很大程度上是当代美国音乐趋势的一个分支，可以追溯到爵士、摇滚、灵魂乐、放克和迪斯科的早期。在 1950 年代和 1960 年代，除了受到美国的巨大影响外，法国/意大利也出现了以舞蹈为导向的流行音乐分支，并在欧洲变得盛行。由于法国的 Scopitone 和意大利的 Cinebox/Coilorama Video-jukebox，1950 年代和 1960 年代的Europop音乐在法国、意大利和德国传播开来。Eurodisco的另一个根源是来自于1970年代的Eurovision Song Contest（欧洲电视网歌唱大赛）中的音乐。</p>\n<p class=\"paragraph text-align-type-left pap-line-1.8 pap-line-rule-auto pap-spacing-before-2pt pap-spacing-after-2pt\">&nbsp;</p>\n<p class=\"paragraph text-align-type-left pap-line-1.8 pap-line-rule-auto pap-spacing-before-2pt pap-spacing-after-2pt\">1974年赢得Eurovision Song Contest冠军的瑞典流行组合ABBA的歌曲《Waterloo》是1970年代European pop/disco（Europop）歌曲的典型代表，具有显著的舞蹈风格。他们的成功是巨大的，立即有许多欧洲制作人开始制作同样有舞蹈风格和元素的流行歌曲。在这股风潮的推动下，很短的时间内，欧洲一个全新的商业音乐产业开始成型，满足了人们对社交舞蹈音乐的需求。这个运动的产物就是discofox dancing style。</p>\n<p class=\"paragraph text-align-type-left pap-line-1.8 pap-line-rule-auto pap-spacing-before-2pt pap-spacing-after-2pt\">&nbsp;</p>\n<p class=\"paragraph text-align-type-left pap-line-1.8 pap-line-rule-auto pap-spacing-before-2pt pap-spacing-after-2pt\">美国音乐记者 Robert Christgau 在 1970 年代后期为 The Village Voice 报纸撰写的文章中使用了&ldquo;Eurodisco&rdquo;一词。</p>\n<p class=\"paragraph text-align-type-left pap-line-1.8 pap-line-rule-auto pap-spacing-before-2pt pap-spacing-after-2pt\">&nbsp;</p>\n<p class=\"paragraph text-align-type-left pap-line-1.8 pap-line-rule-auto pap-spacing-before-2pt pap-spacing-after-2pt\">早在Eurodisco和US Disco音乐场景出现之前，&ldquo;Disco&rdquo;一词在欧洲就已经存在。它在 1960 年代的欧洲被用作&ldquo;discoth&egrave;que（法语，译为迪斯科舞厅）&rdquo;的简缩写。 1940 年代，第一个被称为discoth&egrave;que（迪斯科舞厅）的舞蹈音乐场所出现在被占领的法国。而第一家有DJ的迪斯科舞厅从1960年代初期的德国开始发展至遍布欧洲。在英国，&ldquo;discotheques&rdquo;和&ldquo;discos&rdquo;像其他夜总会一样被称为&ldquo;Clubs（俱乐部）&rdquo;，而在德国，这两种形式都很常见。即使在今天，Disco这个词在一些欧洲国家仍作为主流俱乐部的替代名称存在。在意大利和西班牙，&ldquo;discoteca&rdquo;或&ldquo;discotheque&rdquo;一词的意思是主流俱乐部。在希腊，&ldquo;discotheque&rdquo;描述的是复古俱乐部。在波兰和罗马尼亚，&ldquo;disco&rdquo;一词仍用于指代&ldquo;舞蹈俱乐部&rdquo;。</p>\n<p class=\"paragraph text-align-type-left pap-line-1.8 pap-line-rule-auto pap-spacing-before-2pt pap-spacing-after-2pt\">&nbsp;</p>\n<p class=\"paragraph text-align-type-left pap-line-1.8 pap-line-rule-auto pap-spacing-before-2pt pap-spacing-after-2pt\">而证明&ldquo;Disco&rdquo;与特定音乐风格（以及一般的舞曲）无关的一个例子是 1971 年至 1982 年在德国 ZDF 网络上播出的 Disco 电视节目系列。该节目证明了术语&ldquo;disco&rdquo;在当时已经足够普及，德国第二国家电视网络在 1971 年将它用于综合类音乐电视节目。另一个后来的例子是意大利 RAI 频道的节目 Discoring（1977 年 2 月首次播出）。</p>\n<p class=\"paragraph text-align-type-left pap-line-1.8 pap-line-rule-auto pap-spacing-before-2pt pap-spacing-after-2pt\">&nbsp;</p>\n<p class=\"paragraph text-align-type-left pap-line-1.8 pap-line-rule-auto pap-spacing-before-2pt pap-spacing-after-2pt\"><span style=\"text-decoration: underline;\">1970s</span></p>\n<p class=\"paragraph text-align-type-left pap-line-1.8 pap-line-rule-auto pap-spacing-before-2pt pap-spacing-after-2pt\">&ldquo;Euro-disco&rdquo;一词在 1970 年代中期首次用于描述非英国的迪斯科作品和艺术家，例如 DD Sound、瑞典组合 ABBA、德国组合 Arabesque、Boney M.、Dschinghis Khan 和 Silver Convention，扎根慕尼黑的制作三人组 Giorgio Moroder、Donna Summer 和 Pete Bellotte，意大利歌手 Gino Soccio，法国艺术家 Amanda Lear、Dalida、Cerrone、Hot Blood、Banzai（单曲&ldquo;Viva America&rdquo;）和 Ottawan、荷兰乐队 Luv' 和Eurovision Song Contest冠军 Teach-In。 在西班牙，迪斯科在 1975 年弗朗西斯科&middot;佛朗哥 (Francisco Franco) 去世后迅速火爆，代表人物包括 Baccara 二人组。</p>\n<p class=\"paragraph text-align-type-left pap-line-1.8 pap-line-rule-auto pap-spacing-before-2pt pap-spacing-after-2pt\">&nbsp;</p>\n<p class=\"paragraph text-align-type-left pap-line-1.8 pap-line-rule-auto pap-spacing-before-2pt pap-spacing-after-2pt\">1970 年代 Eurodisco 很快有了衍生和变化。 最引人注目的衍生风格是Space Disco，它是 Eurodisco 和美国 hi-NRG Disco的交叉。 另一种没有具体名称的流行变体出现在 1970 年代后期：在该流派中添加了&ldquo;拉丁&rdquo;风味的声音，可以在意大利的 Raffaella Carr&agrave;、Hermanas Goggi、La Bionda、DD Sound、Easy Going 和法国的 Gibson Brothers 中听到。</p>\n<p class=\"paragraph text-align-type-left pap-line-1.8 pap-line-rule-auto pap-spacing-before-2pt pap-spacing-after-2pt\">&nbsp;</p>\n<p class=\"paragraph text-align-type-left pap-line-1.8 pap-line-rule-auto pap-spacing-before-2pt pap-spacing-after-2pt\"><span style=\"text-decoration: underline;\">1980s</span></p>\n<p class=\"paragraph text-align-type-left pap-line-1.8 pap-line-rule-auto pap-spacing-before-2pt pap-spacing-after-2pt\">1980 年代，Eurodisco的早期代表之一是英国组合 Imagination，他们在 1981 年和 1982 年期间推出了一系列热门单曲。&ldquo;Eurodisco&rdquo;一词在 1980 年代快速消失，随后超过十年时间取而代之的是&ldquo;Italo disco&rdquo;这一非常广泛的术语。值得注意的是，还有一些加拿大迪斯科作品（Trans X、Lime），当时在欧洲被称为&ldquo;Italo disco&rdquo;，但在美国却没有（美国人称之为 hi-NRG Disco）。</p>\n<p class=\"paragraph text-align-type-left pap-line-1.8 pap-line-rule-auto pap-spacing-before-2pt pap-spacing-after-2pt\">&nbsp;</p>\n<p class=\"paragraph text-align-type-left pap-line-1.8 pap-line-rule-auto pap-spacing-before-2pt pap-spacing-after-2pt\">Italo Disco是 1980 年代第一个成功的 Eurodisco 变体。可能正因为如此，所有 1980 年代后期的 Eurodisco 变体都被欧洲人称为&ldquo;Italo disco&rdquo;（Eurobeat 除外）。 Italo Disco于 1970 年代末和 1980 年代初开始在意大利发展，由 Gazebo、Kano 和 Lectric Workers 等团体发起。1980 年代 Eurodisco 的变体很快出现在法国、德国、西班牙和希腊。意大利和德国的 Eurodisco 制作最受欢迎。德国流行二人组 Modern Talking 是 1985 年至 1987 年间 Eurodisco 的偶像，并成为有史以来最成功的 Eurodisco 项目。Bad Boys Blue 是另一个非常成功的 Eurodisco 项目。</p>\n<p class=\"paragraph text-align-type-left pap-line-1.8 pap-line-rule-auto pap-spacing-before-2pt pap-spacing-after-2pt\">&nbsp;</p>\n<p class=\"paragraph text-align-type-left pap-line-1.8 pap-line-rule-auto pap-spacing-before-2pt pap-spacing-after-2pt\">Eurodisco在东欧非常流行，一直流行到 1990 年代初。在波兰，在 80 年代和 90 年代的交界之时发展出了一种高度依赖 Eurodisco 的当地音乐流派叫Disco polo。</p>\n<p class=\"paragraph text-align-type-left pap-line-1.8 pap-line-rule-auto pap-spacing-before-2pt pap-spacing-after-2pt\">&nbsp;</p>\n<p class=\"paragraph text-align-type-left pap-line-1.8 pap-line-rule-auto pap-spacing-before-2pt pap-spacing-after-2pt\"><span style=\"text-decoration: underline;\">1990s</span></p>\n<p class=\"paragraph text-align-type-left pap-line-1.8 pap-line-rule-auto pap-spacing-before-2pt pap-spacing-after-2pt\">在 1980 年代后期，Eurodisco热门歌曲的制作中心在西班牙和希腊，后来转至波兰和俄罗斯。与此同时，带有 Dance-pop 元素的加速版 Eurodisco 在美国取得了成功，名为&ldquo;hi-NRG&rdquo;。即使在今天，对于许多美国人来说，&ldquo;hi-NRG&rdquo;依然意味着 Paul Lekakis 和 the London Boys。这些热门歌曲（以及其他一些歌曲，如 Londonbeat 1991 年的&ldquo;\"I've Been Thinking About You&rdquo;）是欧洲最后一批被称为&ldquo;Eurodisco&rdquo;的热门歌曲。</p>\n<p class=\"paragraph text-align-type-left pap-line-1.8 pap-line-rule-auto pap-spacing-before-2pt pap-spacing-after-2pt\">&nbsp;</p>\n<p class=\"paragraph text-align-type-left pap-line-1.8 pap-line-rule-auto pap-spacing-before-2pt pap-spacing-after-2pt\">到 1990 年代初期，Eurodisco 受到诸如 house、acid house 和Electro（流行/舞蹈/合成）等音乐风格出现的影响，逐渐被其他音乐风格取代（或演变）。 Eurohouse 和 Italo-NRG 是最著名的，并且与 Italo Disco场景直接相关。在美国，特别是对 Eurohouse 风格，他们使用早期的&ldquo;Eurodance&rdquo;一词来描述 Eurodisco 在 1990 年代的演变。</p>\n<p class=\"paragraph text-align-type-left pap-line-1.8 pap-line-rule-auto pap-spacing-before-2pt pap-spacing-after-2pt\">&nbsp;</p>\n<p class=\"paragraph text-align-type-left pap-line-1.8 pap-line-rule-auto pap-spacing-before-2pt pap-spacing-after-2pt\">严格意义上讲，Eurodisco 的最后一种形式是 French House，这种音乐风格于 1990 年代中期出现在法国，并逐渐在欧洲流行。French House 更像是一种&ldquo;回归本源&rdquo;的音乐风格，它受到了来自1970年代的，在 Italo Disco（更具体地说是Space disco、hi-NRG disco、Canadian disco和 P-funk）火爆之前的Eurodisco的影响。</p>\n<p class=\"paragraph text-align-type-left pap-line-1.8 pap-line-rule-auto pap-spacing-before-2pt pap-spacing-after-2pt\">&nbsp;</p>\n<p class=\"paragraph text-align-type-left pap-line-1.8 pap-line-rule-auto pap-spacing-before-2pt pap-spacing-after-2pt\"><span style=\"text-decoration: underline;\">2000s</span></p>\n<p class=\"paragraph text-align-type-left pap-line-1.8 pap-line-rule-auto pap-spacing-before-2pt pap-spacing-after-2pt\">到 2000 年代中后期，Eurodisco 重新燃起了生机。 Irene Cara、Berlin 和已故的 Laura Branigan 等艺术家的人气激增，尤其是在 1984 年之后在商业上没有取得成功的地区，例如北美和南美。 在这十年中崛起的著名 Eurodisco 艺术家是 Mark Ashley，他的单曲&ldquo;Give Me a Chance&rdquo;成为他迄今为止最成功的单曲，进入奥地利排行榜前 40 名。</p>\n<p class=\"paragraph text-align-type-left pap-line-1.8 pap-line-rule-auto pap-spacing-before-2pt pap-spacing-after-2pt\">&nbsp;</p>\n<p class=\"paragraph text-align-type-left pap-line-1.8 pap-line-rule-auto pap-spacing-before-2pt pap-spacing-after-2pt\"><strong>在美国的影响</strong></p>\n<p class=\"paragraph text-align-type-left pap-line-1.8 pap-line-rule-auto pap-spacing-before-2pt pap-spacing-after-2pt\">到 1983 年，Eurodisco的影响已经渗透到美国的舞蹈和流行音乐中，因为欧洲制作人和词曲作者正在启发新一代的美国艺术家。虽然Disco因 1979 年的强烈反对而被宣布&ldquo;已死亡&rdquo;，但随后跨越摇滚、流行和舞曲等风格界限的&ldquo;欧洲风味&rdquo;的成功，例如 Blondie 的&ldquo;Call Me&rdquo;和 Laura Branigan 的&ldquo;Gloria&rdquo;，让美式舞曲迎来了新的时代。</p>\n<p class=\"paragraph text-align-type-left pap-line-1.8 pap-line-rule-auto pap-spacing-before-2pt pap-spacing-after-2pt\">&nbsp;</p>\n<p class=\"paragraph text-align-type-left pap-line-1.8 pap-line-rule-auto pap-spacing-before-2pt pap-spacing-after-2pt\">Branigan（制作人为 Jack White）与 Giorgio Moroder 操刀制作的美国艺人 Berlin 和 Irene Cara 一起更深入地融入 Eurodisco 风格以获得更多热门歌曲。到 1984 年，来自许多国家的音乐家开始制作 Eurodisco 歌曲。在德国，该风格著名的艺术家包括 Modern Talking、Arabesque、Sandra、Alphaville、C.C. Catch 和奥地利 Falco，尽管他也深受说唱和摇滚音乐的影响。</p>\n<p class=\"paragraph text-align-type-left pap-line-1.8 pap-line-rule-auto pap-spacing-before-2pt pap-spacing-after-2pt\">&nbsp;</p>\n<p class=\"paragraph text-align-type-left pap-line-1.8 pap-line-rule-auto pap-spacing-before-2pt pap-spacing-after-2pt\"><strong>其他地区</strong></p>\n<p class=\"paragraph text-align-type-left pap-line-1.8 pap-line-rule-auto pap-spacing-before-2pt pap-spacing-after-2pt\">北欧唱片公司（如 Iventi D'azzurro（荷兰）和 Flashback Records（芬兰））也为 Eurodisco 复兴做出了贡献，发布由原唱 Italo 歌手演唱的重新编制的旧热门歌曲、未发行Demo以及新歌。 Joey Mauro、Karl Otto、Diva、Mark Fruttero、Fred Ventura 和 George Aaron 等唱片艺术家发布了新专辑。其中 Joey Mauro 能够用他珍藏的经典合成器和键盘重新创造 1980 年代 Italo Disco 的声音；另一个特别的角色，Peter Aresti，原名 Peter Arcade，他在 90 年代正式开始了他的职业生涯，是现在南美洲最受欢迎的 Italo 艺术家之一（其中包括墨西哥）。南美地区也被认为拥有巨大的、不断增长的 Italo Disco 和 hi-NRG 受众群体。</p>\n<p class=\"paragraph text-align-type-left pap-line-1.8 pap-line-rule-auto pap-spacing-before-2pt pap-spacing-after-2pt\">&nbsp;</p>\n</div>\n</div>\n</div>",
 "contentEn": "<div>\n<div class=\"document\">\n<div>\n<div class=\"document\">\n<p class=\"paragraph text-align-type-left pap-line-1.8 pap-line-rule-auto pap-spacing-before-2pt pap-spacing-after-2pt\">Euro disco (or Eurodisco) is the variety of European forms of electronic dance music that evolved from disco in the late 1970s, incorporating elements of pop and rock into a disco-like continuous dance atmosphere. Many Euro disco compositions feature lyrics sung in English, although the singers often share a different mother tongue.</p>\n<p class=\"paragraph text-align-type-left pap-line-1.8 pap-line-rule-auto pap-spacing-before-2pt pap-spacing-after-2pt\">&nbsp;</p>\n<p class=\"paragraph text-align-type-left pap-line-1.8 pap-line-rule-auto pap-spacing-before-2pt pap-spacing-after-2pt\">Euro disco derivatives generally include Europop and Eurodance, with the most prominent sub-genres being space disco of the late 1970s and Italo disco of the early 1980s. The genre declined in popularity after 1986 in preference to electronic rock and hi-NRG, with a small revival of Italo disco in at least the late 1990s.</p>\n<p class=\"paragraph text-align-type-left pap-line-1.8 pap-line-rule-auto pap-spacing-before-2pt pap-spacing-after-2pt\">&nbsp;</p>\n</div>\n</div>\n<p class=\"paragraph text-align-type-left pap-line-1.8 pap-line-rule-auto pap-spacing-before-2pt pap-spacing-after-2pt\">History</p>\n<p class=\"paragraph text-align-type-left pap-line-1.8 pap-line-rule-auto pap-spacing-before-2pt pap-spacing-after-2pt\">Eurodisco is largely an offshoot of contemporary American music trends going far back to the early times of jazz, rock, soul, funk and disco. In the 1950s and 1960s, besides the big American influence, the French/Italian-created pop music offshoots with a dance-oriented sound, became prevalent in Europe. 1950s and 1960s Europop hits spread around France, Italy and Germany, because of the French Scopitone and the Italian Cinebox/Coilorama Video-jukebox machines. Another root is the Eurovision Song Contest, especially in the 1970s.</p>\n<p class=\"paragraph text-align-type-left pap-line-1.8 pap-line-rule-auto pap-spacing-before-2pt pap-spacing-after-2pt\">&nbsp;</p>\n<p class=\"paragraph text-align-type-left pap-line-1.8 pap-line-rule-auto pap-spacing-before-2pt pap-spacing-after-2pt\">The song \"Waterloo\" by Swedish pop group ABBA, which won the 1974 Eurovision song contest, is a typical example of a 1970s European pop/disco song (Europop), with a dance manner. The success was huge and many European producers instantly produced many pop hits that did not necessary sound the same, but kept that dance manner. With that created, in a very short period of time, a whole new commercial music industry in Europe was met in the demand for social dancing music. The discofox dancing style was a result of this.</p>\n<p class=\"paragraph text-align-type-left pap-line-1.8 pap-line-rule-auto pap-spacing-before-2pt pap-spacing-after-2pt\">&nbsp;</p>\n<p class=\"paragraph text-align-type-left pap-line-1.8 pap-line-rule-auto pap-spacing-before-2pt pap-spacing-after-2pt\">The American music journalist Robert Christgau used the term \"Eurodisco\" in his late 1970s articles for The Village Voice newspaper.</p>\n<p class=\"paragraph text-align-type-left pap-line-1.8 pap-line-rule-auto pap-spacing-before-2pt pap-spacing-after-2pt\">&nbsp;</p>\n<p class=\"paragraph text-align-type-left pap-line-1.8 pap-line-rule-auto pap-spacing-before-2pt pap-spacing-after-2pt\">The term \"disco\" in Europe existed long before the Eurodisco and U.S. disco music scene. It was used in Europe during the 1960s as a short alternative to \"discotheque\". The first dance music venues called discotheques emerged in Occupied France in the 1940s. Starting in Germany, the first discotheques featuring disc jockeys spread around Europe in the early 1960s. In the UK, \"discotheques\" and \"discos\" were called \"clubs\" like any other nightclub, and in Germany both variants were common. Even today, the term disco exists as an alternative name for the mainstream clubs in some European countries.[citation needed] In Italy and Spain, the term \"discoteca\" or \"discotheque\" means mainstream clubs. In Greece, \"discotheque\" describes the retro-clubs. In Poland and Romania, the term \"disco\" is still used to refer to \"dance clubs\".[citation needed]</p>\n<p class=\"paragraph text-align-type-left pap-line-1.8 pap-line-rule-auto pap-spacing-before-2pt pap-spacing-after-2pt\">&nbsp;</p>\n<p class=\"paragraph text-align-type-left pap-line-1.8 pap-line-rule-auto pap-spacing-before-2pt pap-spacing-after-2pt\">An example of the term \"disco\" with no relation to a specific music style (and dance music in general), is the Disco series that aired in Germany on the ZDF network from 1971 to 1982. This show proved that the term \"disco\" was widespread enough at the time, and that the second national TV network of Germany used it for a general music TV show in 1971. Another later example is the show Discoring on Italy's RAI channel (first aired in February 1977).</p>\n<p class=\"paragraph text-align-type-left pap-line-1.8 pap-line-rule-auto pap-spacing-before-2pt pap-spacing-after-2pt\">&nbsp;</p>\n<p class=\"paragraph text-align-type-left pap-line-1.8 pap-line-rule-auto pap-spacing-before-2pt pap-spacing-after-2pt\">1970s</p>\n<p class=\"paragraph text-align-type-left pap-line-1.8 pap-line-rule-auto pap-spacing-before-2pt pap-spacing-after-2pt\">The term \"Euro-disco\" was first used during the mid-1970s to describe the non-UK based disco productions and artists such as DD Sound, Swedish group ABBA, German groups Arabesque,[1] Boney M., Dschinghis Khan and Silver Convention, the Munich-based production trio Giorgio Moroder, Donna Summer and Pete Bellotte,[2] the Italian singer Gino Soccio,[3] French artists Amanda Lear, Dalida, Cerrone, Hot Blood, Banzai (single \"Viva America\") and Ottawan, Dutch groups Luv' and Eurovision song contest winners Teach-In. In Spain, disco took off after the death of Francisco Franco in 1975, with Baccara duo.</p>\n<p class=\"paragraph text-align-type-left pap-line-1.8 pap-line-rule-auto pap-spacing-before-2pt pap-spacing-after-2pt\">&nbsp;</p>\n<p class=\"paragraph text-align-type-left pap-line-1.8 pap-line-rule-auto pap-spacing-before-2pt pap-spacing-after-2pt\">1970s Eurodisco soon had spinoffs and variations. The most notable spinoff is space disco, a crossover of Eurodisco and US hi-NRG disco. Another popular variation, with no specific name, appeared in the late 1970s: a \"Latin\"-like sound added to the genre, which can be heard in Italy's Raffaella Carr&Atilde;&nbsp;, Hermanas Goggi, La Bionda, D. D. Sound, Easy Going and France's Gibson Brothers.</p>\n<p class=\"paragraph text-align-type-left pap-line-1.8 pap-line-rule-auto pap-spacing-before-2pt pap-spacing-after-2pt\">&nbsp;</p>\n<p class=\"paragraph text-align-type-left pap-line-1.8 pap-line-rule-auto pap-spacing-before-2pt pap-spacing-after-2pt\">1980s</p>\n<p class=\"paragraph text-align-type-left pap-line-1.8 pap-line-rule-auto pap-spacing-before-2pt pap-spacing-after-2pt\">One of the early representatives of the 1980s genre was the British group Imagination and with their series of hits throughout 1981 and 1982. The term \"Eurodisco\" quickly faded in the 1980s and was replaced by the very wide term of \"Italo disco\" for more than a decade. Notably, there was also some Canadian disco productions (Trans X, Lime), that at the time was called \"Italo disco\" in Europe, but not in America (the term hi-NRG disco was used there instead).</p>\n<p class=\"paragraph text-align-type-left pap-line-1.8 pap-line-rule-auto pap-spacing-before-2pt pap-spacing-after-2pt\">&nbsp;</p>\n<p class=\"paragraph text-align-type-left pap-line-1.8 pap-line-rule-auto pap-spacing-before-2pt pap-spacing-after-2pt\">Italo disco was the first successful 1980s Eurodisco variation. Probably because of this, all the later 1980s Eurodisco variations were called \"Italo disco\" by the Europeans (with the exception of Eurobeat). Italo disco began to develop in Italy in the late 1970s and early 1980s, by groups like Gazebo, Kano and 'Lectric Workers. 1980s Eurodisco variations soon appeared later in France, Germany, Spain and Greece. The Italian and German Eurodisco productions were the most popular. German pop duo Modern Talking was an icon of Eurodisco between 1985&acirc;&euro;&ldquo;1987 and became the most successful Eurodisco project ever. Bad Boys Blue was another very successful project.</p>\n<p class=\"paragraph text-align-type-left pap-line-1.8 pap-line-rule-auto pap-spacing-before-2pt pap-spacing-after-2pt\">&nbsp;</p>\n<p class=\"paragraph text-align-type-left pap-line-1.8 pap-line-rule-auto pap-spacing-before-2pt pap-spacing-after-2pt\">That style became very popular in Eastern Europe and remained popular until the early 1990s. In Poland, disco polo, a local music genre relying heavily on Eurodisco was developed at the verge of the '80s and '90s.</p>\n<p class=\"paragraph text-align-type-left pap-line-1.8 pap-line-rule-auto pap-spacing-before-2pt pap-spacing-after-2pt\">&nbsp;</p>\n<p class=\"paragraph text-align-type-left pap-line-1.8 pap-line-rule-auto pap-spacing-before-2pt pap-spacing-after-2pt\">1990s</p>\n<p class=\"paragraph text-align-type-left pap-line-1.8 pap-line-rule-auto pap-spacing-before-2pt pap-spacing-after-2pt\">During the late 1980s, Eurodisco hits were produced in Spain and Greece and much later in Poland and Russia. Meanwhile, a sped-up version of Eurodisco with dance-pop elements became successful in the US, under the term \"hi-NRG\". Even today for many Americans, \"hi-NRG\" means Paul Lekakis and the London Boys. Those hits (and a few others, like Londonbeat's \"I've Been Thinking About You\" from 1991) were the last hits called \"Eurodisco\" in Europe.</p>\n<p class=\"paragraph text-align-type-left pap-line-1.8 pap-line-rule-auto pap-spacing-before-2pt pap-spacing-after-2pt\">&nbsp;</p>\n<p class=\"paragraph text-align-type-left pap-line-1.8 pap-line-rule-auto pap-spacing-before-2pt pap-spacing-after-2pt\">By the early 1990s, Eurodisco was influenced by the emergence of genres such as house, acid house and the electro (pop/dance/synth) music styles, and replaced (or evolved) by other music styles. Eurohouse and Italo-NRG are the most notable and connected directly with the Italo disco music scene. In America, especially for the Eurohouse style, they use the earlier term of \"Eurodance\" to describe this 1990s evolution of Eurodisco.</p>\n<p class=\"paragraph text-align-type-left pap-line-1.8 pap-line-rule-auto pap-spacing-before-2pt pap-spacing-after-2pt\">&nbsp;</p>\n<p class=\"paragraph text-align-type-left pap-line-1.8 pap-line-rule-auto pap-spacing-before-2pt pap-spacing-after-2pt\">Technically speaking, the last form of Eurodisco is French house, a music style that appeared in France during the mid-1990s and slowly became widespread in Europe. French house is more of a \"back to the roots\" music style with 1970s Eurodisco influences far before the Italo disco explosion (more specifically space disco, hi-NRG disco, Canadian disco and P-funk).</p>\n<p class=\"paragraph text-align-type-left pap-line-1.8 pap-line-rule-auto pap-spacing-before-2pt pap-spacing-after-2pt\">&nbsp;</p>\n<p class=\"paragraph text-align-type-left pap-line-1.8 pap-line-rule-auto pap-spacing-before-2pt pap-spacing-after-2pt\">2000s</p>\n<p class=\"paragraph text-align-type-left pap-line-1.8 pap-line-rule-auto pap-spacing-before-2pt pap-spacing-after-2pt\">By the mid to late 2000s, Eurodisco saw renewed interest. Artists such as Irene Cara, Berlin and the late Laura Branigan saw a surge in popularity, especially in places where it was not commercially successful after 1984, such as North America and South America. A notable Eurodisco artist to rise during this decade is Mark Ashley. His single \"Give Me a Chance\" became his most successful single yet, making the top 40 of the Austrian chart.</p>\n<p class=\"paragraph text-align-type-left pap-line-1.8 pap-line-rule-auto pap-spacing-before-2pt pap-spacing-after-2pt\">&nbsp;</p>\n<p class=\"paragraph text-align-type-left pap-line-1.8 pap-line-rule-auto pap-spacing-before-2pt pap-spacing-after-2pt\">Influence&nbsp;in&nbsp;the&nbsp;United&nbsp;States&nbsp;&nbsp;&nbsp;&nbsp;&nbsp;&nbsp;&nbsp;&nbsp;</p>\n<p class=\"paragraph text-align-type-left pap-line-1.8 pap-line-rule-auto pap-spacing-before-2pt pap-spacing-after-2pt\">&nbsp;</p>\n<p class=\"paragraph text-align-type-left pap-line-1.8 pap-line-rule-auto pap-spacing-before-2pt pap-spacing-after-2pt\">The&nbsp;influence&nbsp;of&nbsp;Eurodisco&nbsp;had&nbsp;infiltrated&nbsp;dance&nbsp;and&nbsp;pop&nbsp;in&nbsp;the&nbsp;U.S.&nbsp;by&nbsp;1983,&nbsp;as&nbsp;European&nbsp;producers&nbsp;and&nbsp;songwriters&nbsp;inspired&nbsp;a&nbsp;new&nbsp;generation&nbsp;of&nbsp;American&nbsp;performers.&nbsp;While&nbsp;disco&nbsp;had&nbsp;been&nbsp;declared&nbsp;\"dead\"&nbsp;due&nbsp;to&nbsp;a&nbsp;backlash&nbsp;there&nbsp;in&nbsp;1979,&nbsp;subsequent&nbsp;Euro-flavored&nbsp;successes&nbsp;crossing&nbsp;the&nbsp;boundaries&nbsp;of&nbsp;rock,&nbsp;pop&nbsp;and&nbsp;dance,&nbsp;such&nbsp;as&nbsp;\"Call&nbsp;Me\"&nbsp;by&nbsp;Blondie&nbsp;and&nbsp;\"Gloria\"&nbsp;by&nbsp;Laura&nbsp;Branigan,&nbsp;ushered&nbsp;in&nbsp;a&nbsp;new&nbsp;era&nbsp;of&nbsp;American-fronted&nbsp;dance&nbsp;music.</p>\n<p class=\"paragraph text-align-type-left pap-line-1.8 pap-line-rule-auto pap-spacing-before-2pt pap-spacing-after-2pt\">&nbsp;</p>\n<p class=\"paragraph text-align-type-left pap-line-1.8 pap-line-rule-auto pap-spacing-before-2pt pap-spacing-after-2pt\">Branigan&nbsp;(produced&nbsp;by&nbsp;German&nbsp;producer&nbsp;Jack&nbsp;White)&nbsp;moved&nbsp;deeper&nbsp;into&nbsp;the&nbsp;Eurodisco&nbsp;style&nbsp;for&nbsp;further&nbsp;hits,&nbsp;alongside&nbsp;Giorgio&nbsp;Moroder-produced&nbsp;U.S.&nbsp;acts&nbsp;Berlin&nbsp;and&nbsp;Irene&nbsp;Cara.&nbsp;By&nbsp;1984,&nbsp;musicians&nbsp;from&nbsp;many&nbsp;countries&nbsp;had&nbsp;begun&nbsp;to&nbsp;produce&nbsp;Eurodisco&nbsp;songs.&nbsp;In&nbsp;Germany,&nbsp;notable&nbsp;practitioners&nbsp;of&nbsp;the&nbsp;sound&nbsp;included&nbsp;Modern&nbsp;Talking,&nbsp;Arabesque,&nbsp;Sandra,&nbsp;Alphaville,&nbsp;C.C.&nbsp;Catch&nbsp;and&nbsp;Austrian&nbsp;Falco,&nbsp;although&nbsp;he&nbsp;was&nbsp;also&nbsp;heavily&nbsp;influenced&nbsp;by&nbsp;rap&nbsp;and&nbsp;rock&nbsp;music.</p>\n<p class=\"paragraph text-align-type-left pap-line-1.8 pap-line-rule-auto pap-spacing-before-2pt pap-spacing-after-2pt\">&nbsp;</p>\n<p class=\"paragraph text-align-type-left pap-line-1.8 pap-line-rule-auto pap-spacing-before-2pt pap-spacing-after-2pt\">A&nbsp;Eurodisco&nbsp;revival&nbsp;was&nbsp;also&nbsp;contributed&nbsp;by&nbsp;northern&nbsp;European&nbsp;record&nbsp;labels&nbsp;such&nbsp;as&nbsp;Iventi&nbsp;D'azzurro&nbsp;(The&nbsp;Netherlands)&nbsp;and&nbsp;Flashback&nbsp;Records&nbsp;(Finland),&nbsp;with&nbsp;rearranged&nbsp;releases&nbsp;of&nbsp;the&nbsp;old&nbsp;hits&nbsp;and&nbsp;unreleased&nbsp;demos&nbsp;resung&nbsp;by&nbsp;the&nbsp;original&nbsp;Italo&nbsp;singers,&nbsp;also&nbsp;including&nbsp;new&nbsp;songs.&nbsp;Recording&nbsp;artists&nbsp;like&nbsp;Joey&nbsp;Mauro,&nbsp;Karl&nbsp;Otto,&nbsp;Diva,&nbsp;Mark&nbsp;Fruttero,&nbsp;Fred&nbsp;Ventura&nbsp;and&nbsp;George&nbsp;Aaron&nbsp;have&nbsp;recently&nbsp;been&nbsp;releasing&nbsp;new&nbsp;albums.&nbsp;Joey&nbsp;Mauro&nbsp;was&nbsp;able&nbsp;to&nbsp;recreate&nbsp;the&nbsp;sound&nbsp;of&nbsp;1980s&nbsp;Italo&nbsp;disco&nbsp;with&nbsp;his&nbsp;synthesizers&nbsp;and&nbsp;keyboard&nbsp;collections,&nbsp;and&nbsp;a&nbsp;special&nbsp;place&nbsp;within&nbsp;the&nbsp;scene&nbsp;is&nbsp;occupied&nbsp;by&nbsp;Peter&nbsp;Aresti,&nbsp;formerly&nbsp;known&nbsp;as&nbsp;Peter&nbsp;Arcade,&nbsp;who&nbsp;officially&nbsp;started&nbsp;his&nbsp;career&nbsp;in&nbsp;the&nbsp;'90s,&nbsp;and&nbsp;is&nbsp;one&nbsp;of&nbsp;the&nbsp;most&nbsp;popular&nbsp;Italo&nbsp;artists&nbsp;in&nbsp;South&nbsp;America&nbsp;(Mexico&nbsp;among&nbsp;all),&nbsp;where&nbsp;a&nbsp;huge,&nbsp;growing&nbsp;Italo&nbsp;disco&nbsp;and&nbsp;hi-NRG&nbsp;community&nbsp;dwells.[citation&nbsp;needed]</p>\n<p class=\"paragraph text-align-type-left pap-line-1.8 pap-line-rule-auto pap-spacing-before-2pt pap-spacing-after-2pt\">&nbsp;</p>\n<p class=\"paragraph text-align-type-left pap-line-1.8 pap-line-rule-auto pap-spacing-before-2pt pap-spacing-after-2pt\">Influence&nbsp;in&nbsp;the&nbsp;United&nbsp;States&nbsp;&nbsp;&nbsp;&nbsp;&nbsp;&nbsp;&nbsp;&nbsp;</p>\n<p class=\"paragraph text-align-type-left pap-line-1.8 pap-line-rule-auto pap-spacing-before-2pt pap-spacing-after-2pt\">&nbsp;</p>\n<p class=\"paragraph text-align-type-left pap-line-1.8 pap-line-rule-auto pap-spacing-before-2pt pap-spacing-after-2pt\">The&nbsp;influence&nbsp;of&nbsp;Eurodisco&nbsp;had&nbsp;infiltrated&nbsp;dance&nbsp;and&nbsp;pop&nbsp;in&nbsp;the&nbsp;U.S.&nbsp;by&nbsp;1983,&nbsp;as&nbsp;European&nbsp;producers&nbsp;and&nbsp;songwriters&nbsp;inspired&nbsp;a&nbsp;new&nbsp;generation&nbsp;of&nbsp;American&nbsp;performers.&nbsp;While&nbsp;disco&nbsp;had&nbsp;been&nbsp;declared&nbsp;\"dead\"&nbsp;due&nbsp;to&nbsp;a&nbsp;backlash&nbsp;there&nbsp;in&nbsp;1979,&nbsp;subsequent&nbsp;Euro-flavored&nbsp;successes&nbsp;crossing&nbsp;the&nbsp;boundaries&nbsp;of&nbsp;rock,&nbsp;pop&nbsp;and&nbsp;dance,&nbsp;such&nbsp;as&nbsp;\"Call&nbsp;Me\"&nbsp;by&nbsp;Blondie&nbsp;and&nbsp;\"Gloria\"&nbsp;by&nbsp;Laura&nbsp;Branigan,&nbsp;ushered&nbsp;in&nbsp;a&nbsp;new&nbsp;era&nbsp;of&nbsp;American-fronted&nbsp;dance&nbsp;music.</p>\n<p class=\"paragraph text-align-type-left pap-line-1.8 pap-line-rule-auto pap-spacing-before-2pt pap-spacing-after-2pt\">&nbsp;</p>\n<p class=\"paragraph text-align-type-left pap-line-1.8 pap-line-rule-auto pap-spacing-before-2pt pap-spacing-after-2pt\">Branigan&nbsp;(produced&nbsp;by&nbsp;German&nbsp;producer&nbsp;Jack&nbsp;White)&nbsp;moved&nbsp;deeper&nbsp;into&nbsp;the&nbsp;Eurodisco&nbsp;style&nbsp;for&nbsp;further&nbsp;hits,&nbsp;alongside&nbsp;Giorgio&nbsp;Moroder-produced&nbsp;U.S.&nbsp;acts&nbsp;Berlin&nbsp;and&nbsp;Irene&nbsp;Cara.&nbsp;By&nbsp;1984,&nbsp;musicians&nbsp;from&nbsp;many&nbsp;countries&nbsp;had&nbsp;begun&nbsp;to&nbsp;produce&nbsp;Eurodisco&nbsp;songs.&nbsp;In&nbsp;Germany,&nbsp;notable&nbsp;practitioners&nbsp;of&nbsp;the&nbsp;sound&nbsp;included&nbsp;Modern&nbsp;Talking,&nbsp;Arabesque,&nbsp;Sandra,&nbsp;Alphaville,&nbsp;C.C.&nbsp;Catch&nbsp;and&nbsp;Austrian&nbsp;Falco,&nbsp;although&nbsp;he&nbsp;was&nbsp;also&nbsp;heavily&nbsp;influenced&nbsp;by&nbsp;rap&nbsp;and&nbsp;rock&nbsp;music.</p>\n<p class=\"paragraph text-align-type-left pap-line-1.8 pap-line-rule-auto pap-spacing-before-2pt pap-spacing-after-2pt\">&nbsp;</p>\n<p class=\"paragraph text-align-type-left pap-line-1.8 pap-line-rule-auto pap-spacing-before-2pt pap-spacing-after-2pt\">A&nbsp;Eurodisco&nbsp;revival&nbsp;was&nbsp;also&nbsp;contributed&nbsp;by&nbsp;northern&nbsp;European&nbsp;record&nbsp;labels&nbsp;such&nbsp;as&nbsp;Iventi&nbsp;D'azzurro&nbsp;(The&nbsp;Netherlands)&nbsp;and&nbsp;Flashback&nbsp;Records&nbsp;(Finland),&nbsp;with&nbsp;rearranged&nbsp;releases&nbsp;of&nbsp;the&nbsp;old&nbsp;hits&nbsp;and&nbsp;unreleased&nbsp;demos&nbsp;resung&nbsp;by&nbsp;the&nbsp;original&nbsp;Italo&nbsp;singers,&nbsp;also&nbsp;including&nbsp;new&nbsp;songs.&nbsp;Recording&nbsp;artists&nbsp;like&nbsp;Joey&nbsp;Mauro,&nbsp;Karl&nbsp;Otto,&nbsp;Diva,&nbsp;Mark&nbsp;Fruttero,&nbsp;Fred&nbsp;Ventura&nbsp;and&nbsp;George&nbsp;Aaron&nbsp;have&nbsp;recently&nbsp;been&nbsp;releasing&nbsp;new&nbsp;albums.&nbsp;Joey&nbsp;Mauro&nbsp;was&nbsp;able&nbsp;to&nbsp;recreate&nbsp;the&nbsp;sound&nbsp;of&nbsp;1980s&nbsp;Italo&nbsp;disco&nbsp;with&nbsp;his&nbsp;synthesizers&nbsp;and&nbsp;keyboard&nbsp;collections,&nbsp;and&nbsp;a&nbsp;special&nbsp;place&nbsp;within&nbsp;the&nbsp;scene&nbsp;is&nbsp;occupied&nbsp;by&nbsp;Peter&nbsp;Aresti,&nbsp;formerly&nbsp;known&nbsp;as&nbsp;Peter&nbsp;Arcade,&nbsp;who&nbsp;officially&nbsp;started&nbsp;his&nbsp;career&nbsp;in&nbsp;the&nbsp;'90s,&nbsp;and&nbsp;is&nbsp;one&nbsp;of&nbsp;the&nbsp;most&nbsp;popular&nbsp;Italo&nbsp;artists&nbsp;in&nbsp;South&nbsp;America&nbsp;(Mexico&nbsp;among&nbsp;all),&nbsp;where&nbsp;a&nbsp;huge,&nbsp;growing&nbsp;Italo&nbsp;disco&nbsp;and&nbsp;hi-NRG&nbsp;community&nbsp;dwells.[citation&nbsp;needed]</p>\n<p class=\"paragraph text-align-type-left pap-line-1.8 pap-line-rule-auto pap-spacing-before-2pt pap-spacing-after-2pt\">&nbsp;</p>\n<p class=\"paragraph text-align-type-left pap-line-1.8 pap-line-rule-auto pap-spacing-before-2pt pap-spacing-after-2pt\">References&nbsp;&nbsp;&nbsp;&nbsp;&nbsp;&nbsp;&nbsp;&nbsp;</p>\n<p class=\"paragraph text-align-type-left pap-line-1.8 pap-line-rule-auto pap-spacing-before-2pt pap-spacing-after-2pt\">1.^&nbsp;\"Arabesque&nbsp;-&nbsp;Biography,&nbsp;Albums,&nbsp;Streaming&nbsp;Links\".&nbsp;AllMusic.&nbsp;Retrieved&nbsp;1&nbsp;February&nbsp;2018.</p>\n<p class=\"paragraph text-align-type-left pap-line-1.8 pap-line-rule-auto pap-spacing-before-2pt pap-spacing-after-2pt\">2.^&nbsp;Krettenauer,&nbsp;Thomas&nbsp;(2017).&nbsp;\"Hit&nbsp;Men:&nbsp;Giorgio&nbsp;Moroder,&nbsp;Frank&nbsp;Farian&nbsp;and&nbsp;the&nbsp;eurodisco&nbsp;sound&nbsp;of&nbsp;the&nbsp;1970s/80s\".&nbsp;In&nbsp;Ahlers,&nbsp;Michael;&nbsp;Jacke,&nbsp;Christoph&nbsp;(eds.).&nbsp;Perspectives&nbsp;on&nbsp;German&nbsp;Popular&nbsp;Music.&nbsp;London:&nbsp;Routledge.&nbsp;ISBN&nbsp;978-1-4724-7962-4.</p>\n<p class=\"paragraph text-align-type-left pap-line-1.8 pap-line-rule-auto pap-spacing-before-2pt pap-spacing-after-2pt\">3.^&nbsp;\"Gino&nbsp;Soccio&nbsp;|&nbsp;Biography,&nbsp;Albums,&nbsp;Streaming&nbsp;Links\".&nbsp;AllMusic.&nbsp;Retrieved&nbsp;7&nbsp;January&nbsp;2021.</p>\n</div>\n</div>",
 "remarks": "本词条汉字内容由 @多频百科团队 翻译+编辑\n原文译自 https://en.wikipedia.org/wiki/Euro_disco",
 "remarksEn": "本词条内容来自 https://en.wikipedia.org/wiki/Euro_disco",
 "status": 1,
 "clickNum": 12,
 "deleted": 0,
 "lang": 0,
 "chooseLang": true,
 "id": 219,
 "name": "Eurodisco",
 "descriptions": "Eurodisco是欧洲电子舞曲的一种，它是由20世纪70年代末的迪斯科演变而来的，将流行和摇滚的元素融入到类似迪斯科的连续舞蹈氛围中。许多Eurodisco作品都是用英语唱的，尽管歌手们的母语各不相同。\n\n由Euro disco衍生出去的包括Europop和Eurodance，其中最著名的亚流派是20世纪70年代末的space disco和20世纪80年代初的Italo disco。1986年之后，这种风格开始变得不那么流行，取而代之的是electronic rock和hi-NRG，但在20世纪90年代末，Italo disco有过一次小规模的回潮。",
 "originalName": "",
 "startTimeText": "1970s",
 "startAddress": "Europe (particularly France, former West Germany, and Italy)",
 "searchStyle": "Disco",
 "styleCategory": "Disco",
 "originalStyle": "Disco, pop, Europop, rock",
 "affectStyle": "Eurodance",
 "deriveStyle": "Space disco, Italo disco, discofox",
 "representArtist": "",
 "officialUrl": "https://en.wikipedia.org/wiki/Euro_disco",
 "typeId": 13,
 "typeName": "风格",
 "dataId": 219,
 "url": "http://dropinapp.hearinmusic.com/#/ency?typeId=13&dataId=219"
}