{
 "pageNum": 1,
 "pageSize": 10,
 "params": {},
 "content": "<p>Eurotrance是一种融合Hard Trance和Eurodance音乐风格特点的Trance子类型，在1998年末至2000年这段时间最为流行。</p>",
 "contentEn": "<p>Eurotrance emerged as a hybrid of hard trance and&nbsp;Eurodance&nbsp;music and was most popular between late 1998 and 2000.</p>",
 "remarks": "本词条汉字内容由 @多频百科团队 编辑+翻译\nhttps://en.wikipedia.org/wiki/List_of_trance_genres",
 "remarksEn": "本词条内容来自 https://en.wikipedia.org/wiki/List_of_trance_genres",
 "status": 1,
 "clickNum": 10,
 "deleted": 0,
 "lang": 0,
 "chooseLang": true,
 "id": 168,
 "name": "Eurotrance",
 "descriptions": "Eurotrance是一种融合Hard Trance和Eurodance音乐风格特点的Trance子类型，在1998年末至2000年这段时间最为流行。",
 "originalName": "",
 "startTimeText": "1990s末期",
 "startAddress": "",
 "searchStyle": "Trance",
 "styleCategory": "Trance",
 "originalStyle": "Hard Trance, Eurodance",
 "affectStyle": "",
 "deriveStyle": "",
 "representArtist": "",
 "officialUrl": "https://en.wikipedia.org/wiki/List_of_trance_genres",
 "typeId": 13,
 "typeName": "风格",
 "dataId": 168,
 "url": "http://dropinapp.hearinmusic.com/#/ency?typeId=13&dataId=168"
}