{
 "pageNum": 1,
 "pageSize": 10,
 "params": {},
 "relationChannel": "[{\"id\":1258,\"parentId\":8,\"name\":\"Eurobeat\"}]",
 "content": "<div>\n<div class=\"document\">\n<p class=\"paragraph text-align-type-left pap-line-1.8 pap-line-rule-auto pap-spacing-before-2pt pap-spacing-after-2pt\">Eurobeat可以指两种起源于欧洲的舞曲：一种是受Euro Disco影响的意大利流行舞曲的英国版本(这种类型只在日本有售)，另一种是由hi- nrg驱动的Italo Disco。这两种形式都是在20世纪80年代发展起来的。</p>\n<p class=\"paragraph text-align-type-left pap-line-1.8 pap-line-rule-auto pap-spacing-before-2pt pap-spacing-after-2pt\">&nbsp;</p>\n<p class=\"paragraph text-align-type-left pap-line-1.8 pap-line-rule-auto pap-spacing-before-2pt pap-spacing-after-2pt\">日本的啪啦啪啦舞文化受到了欧洲节拍的影响。Eurobeat音乐经常伴随着动画，这使得这一类型在美国更受欢迎，在美国，Eurobeat历史上被称为hi-NRG(发音为&ldquo;高能量&rdquo;)。在一段时间内，它也与早期的自由式音乐和Italo disco共用这个词。</p>\n<p class=\"paragraph text-align-type-left pap-line-1.8 pap-line-rule-auto pap-spacing-before-2pt pap-spacing-after-2pt\">&nbsp;</p>\n<p class=\"paragraph text-align-type-left pap-line-1.8 pap-line-rule-auto pap-spacing-before-2pt pap-spacing-after-2pt\">&ldquo;Eurobeat&rdquo;和&ldquo;Super Eurobeat&rdquo;类型的音乐经常被用于动画开头的D，这是关于日本山口街头赛车手。许多欧洲节奏的艺术家，如Dave Rodgers, Manuel, Dr. Love，和其他人在动画中有特色的歌曲。一些与动漫相关的流行歌曲包括《似曾相识》、《奔跑在90年代》、《煤气煤气》和《不要停止音乐》。</p>\n<p class=\"paragraph text-align-type-left pap-line-1.8 pap-line-rule-auto pap-spacing-before-2pt pap-spacing-after-2pt\">&nbsp;</p>\n<p class=\"paragraph text-align-type-left pap-line-1.8 pap-line-rule-auto pap-spacing-before-2pt pap-spacing-after-2pt\"><strong>特点</strong></p>\n<p class=\"paragraph text-align-type-left pap-line-1.8 pap-line-rule-auto pap-spacing-before-2pt pap-spacing-after-2pt\">&nbsp;</p>\n<p class=\"paragraph text-align-type-left pap-line-1.8 pap-line-rule-auto pap-spacing-before-2pt pap-spacing-after-2pt\"><strong>SAW-style</strong></p>\n<p class=\"paragraph text-align-type-left pap-line-1.8 pap-line-rule-auto pap-spacing-before-2pt pap-spacing-after-2pt\">&nbsp;</p>\n<p class=\"paragraph text-align-type-left pap-line-1.8 pap-line-rule-auto pap-spacing-before-2pt pap-spacing-after-2pt\">它是非常精致的作品，以&ldquo;简约音乐&rdquo;为核心&mdash;&mdash;泡泡糖般的流行音乐歌词，朗朗上口(有些是意大利风格，有些是Eurodisco风格)的旋律，最基本的歌曲结构&mdash;&mdash;一首常见的英国Eurobeat歌曲很快就完成了。据Stock Aitken Waterman的Pete Waterman说，Bananarama的《Venus》和Mel &amp; Kim的《Showing Out(Get Fresh at the Weekend)》据说是在一天内完成。</p>\n<p class=\"paragraph text-align-type-left pap-line-1.8 pap-line-rule-auto pap-spacing-before-2pt pap-spacing-after-2pt\">&nbsp;</p>\n<p class=\"paragraph text-align-type-left pap-line-1.8 pap-line-rule-auto pap-spacing-before-2pt pap-spacing-after-2pt\"><strong>术语的使用</strong></p>\n<p class=\"paragraph text-align-type-left pap-line-1.8 pap-line-rule-auto pap-spacing-before-2pt pap-spacing-after-2pt\">&nbsp;</p>\n<p class=\"paragraph text-align-type-left pap-line-1.8 pap-line-rule-auto pap-spacing-before-2pt pap-spacing-after-2pt\">英国唱片制作人Ian Levine的《Eastbound Expressway》专辑中单曲《You're a Beat》，使得人们对来自欧洲的慢节奏hi-NRG音乐有了认识。许多欧洲表演都在这种新认识下取得了突破，如Modern Talking, Bad Boys Blue, Taffy和Spagna。&ldquo;Eurobeat&rdquo;一词随后被商业上用来描述Stock Aitken Waterman制作的热门歌曲《Dead or Alive》、《Bananarama》、《Jason Donovan》、《Sonia》和《Kylie Minogue》，这些歌曲很大程度基于英国的Italo disco历史经验。1986 - 1988年期间,它是传入的意大利上世纪80年代的Euro disco, Sabrina Salerno, Spagna和Baltimora的名称，但在美国是英国舞蹈和electropop团体如Pet Shop Boys的统称，所谓的&ldquo;European beat&rdquo;,因此Eurobeat。到1989年，随着Eurodance和Euro house的出现，这个词在英国逐渐弃用了。</p>\n<p class=\"paragraph text-align-type-left pap-line-1.8 pap-line-rule-auto pap-spacing-before-2pt pap-spacing-after-2pt\">&nbsp;</p>\n<p class=\"paragraph text-align-type-left pap-line-1.8 pap-line-rule-auto pap-spacing-before-2pt pap-spacing-after-2pt\"><strong>在UK的历史</strong></p>\n<p class=\"paragraph text-align-type-left pap-line-1.8 pap-line-rule-auto pap-spacing-before-2pt pap-spacing-after-2pt\">&nbsp;</p>\n<p class=\"paragraph text-align-type-left pap-line-1.8 pap-line-rule-auto pap-spacing-before-2pt pap-spacing-after-2pt\">&ldquo;The New Motown&rdquo;由三人组成，分别是英国唱片制作、词曲作者和前DJ Mike Stock, Matt Aitken, 和Pete Waterman，他们参与过英国地下club文化，在那里与Northern soul、Italian pop-Eurodisco等美国黑人灵魂乐发生交流，并受启发建立了Motown Sound。作为地下唱片制作人，他们试图用营造&ldquo;做作的嬉闹感&rdquo;来重拾Motown Sound的&ldquo;怀旧&rdquo;，也更喜欢像Italian disco那样的简单音乐结构。这种音乐模式被证明是非常成功的，他们在20世纪80年代拥有一系列英国十大热门歌曲，他们的Eurobeat成为整个英国流行音乐的代名词。&ldquo;Dead or Alive&rdquo;的Pete Burns经常与制作团队就&ldquo;(必须坚持)他们的制作方法和概念&rdquo;进行斗争，因为他们&ldquo;非常坚定&rdquo;。Burns继续制作下一张专辑，由Burns和Dead or Alive的鼓手Steve Coy制作，没有他们就没有这张专辑。Epic(由Sony Europe授权)不愿意发行这张专辑，但它在日本大获成功，获得了1989年日本唱片大奖&ldquo;最佳国际专辑&rdquo;的'Pop' or 'Popular'类别。</p>\n<p class=\"paragraph text-align-type-left pap-line-1.8 pap-line-rule-auto pap-spacing-before-2pt pap-spacing-after-2pt\">&nbsp;</p>\n<p class=\"paragraph text-align-type-left pap-line-1.8 pap-line-rule-auto pap-spacing-before-2pt pap-spacing-after-2pt\"><strong>起源于意大利，日本发扬光大</strong></p>\n<p class=\"paragraph text-align-type-left pap-line-1.8 pap-line-rule-auto pap-spacing-before-2pt pap-spacing-after-2pt\">&nbsp;</p>\n<p class=\"paragraph text-align-type-left pap-line-1.8 pap-line-rule-auto pap-spacing-before-2pt pap-spacing-after-2pt\">与此同时，1985年的日本，&ldquo;Eurobeat&rdquo;一词被用于所有来自欧洲大陆的舞曲。这些主要是意大利和德国制作的Italo disco发行专辑。这些成为了Para Para夜店文化的原声，这种文化自20世纪80年代初就存在了。日本通过德国组合Arabesque（于1984年解散）的成功感受到了Italo disco的魅力。他们虽然解散，但1985年和1986年仍有由Enigma的Michael Cretu制作、混音的两首Italo disco风格单曲发行。后来，Arabesque的主唱Sandra的单飞成功进一步将这种风格带到了日本。这吸引了许多Italo disco制作人(主要是意大利人和德国人)的注意，尽管到20世纪80年代末，德国人已经淡出Italo disco界，转而关注trance等更流行的音乐。意大利人为日本创造了一种新风格，但实际上在世界其他地方并不为人所知。在日本，这种音乐被称为&ldquo;Eurobeat&rdquo;、&ldquo;Super Eurobeat&rdquo;和&ldquo;Eurobeat Flash&rdquo;。 20世纪90年代初，Eurobeat在日本的受欢迎程度逐渐下降。两个日本人，当时是一家小型进口唱片店Avex的老板和董事总经理，决定发行一张合辑CD。他们去了意大利，遇到了Giancarlo Pasquini（Dave Rodgers)，当时他是Italo disco乐队Aleph的成员。他们一起发行了第一张&ldquo;Super Eurobeat&rdquo;的合辑CD，这张CD立即获得了成功，并重新让Super Eurobeat在日本流行起来。在Eurobeat的最流行的时代之后过了很久，Avex还与Eurobeat的基础唱片公司A-Beat C, Time和Delta保持合作关系。 Eurobeat (在日本市场)是与Italo disco的主要纽带，在Italo，它只是众多纯电子舞蹈实验品中的一个。有一些合成乐器在整个流派中反复出现:一个有序的octave bass，大量地使用合成器使音乐充满活力(有时狂野)，独特的铜管和竖琴，以及紧凑的背景打击乐器。这些声音是由人声和自然乐器(吉他和钢琴最常见)组合而成的复杂的、不断变化的旋律，充满活力。 根据Shuichi Shigeno的漫画改编的动漫系列《Initial D》在角色之间的赛车场景中经常使用Eurobeat音乐，引起了日本以外一些动漫迷的注意。该系列以及电子游戏使用了大量的Eurobeat，其中包括戴夫&middot;罗杰斯(Dave Rodgers)的一些歌曲，如&ldquo;Deja Vu&rdquo;，以及马克斯&middot;科弗利(Max Coveri)的歌曲，如&ldquo;Running in the 90s&rdquo;。(其中许多歌曲也成了memes)。</p>\n<p class=\"paragraph text-align-type-left pap-line-1.8 pap-line-rule-auto pap-spacing-before-2pt pap-spacing-after-2pt\">&nbsp;</p>\n<p class=\"paragraph text-align-type-left pap-line-1.8 pap-line-rule-auto pap-spacing-before-2pt pap-spacing-after-2pt\"><strong>亚文化 J-Euro</strong></p>\n<p class=\"paragraph text-align-type-left pap-line-1.8 pap-line-rule-auto pap-spacing-before-2pt pap-spacing-after-2pt\">&nbsp;</p>\n<p class=\"paragraph text-align-type-left pap-line-1.8 pap-line-rule-auto pap-spacing-before-2pt pap-spacing-after-2pt\">有三种类型的音乐叫做&ldquo;J-Euro&rdquo;(日本的Eurobeat)： 1. 意大利制作的Eurobeat歌曲，由日本艺术家用日本歌词翻唱。这种类型的&ldquo;J-Euro&rdquo;最早出现在20世纪90年代初。这类&ldquo;J-Euro&rdquo;的著名艺术家包括MAX、D&amp;D、V6、Dream，以及&ldquo;日本流行音乐之后&rdquo;安室奈美惠。 2. 在日本制作的J-pop，由意大利的Eurobeat制作人以Eurobeat的风格重新混音。 这种类型的&ldquo;J-Euro&rdquo;首次出现在1999年的Super Eurobeat, Vol. 100，艺术家包括MAX, Every Little Thing和滨崎步。J-Euro自2000年左右开始在para para中流行起来。Avex Trax于2000年推出了Super Eurobeat Presents: J-Euro系列。3. Eurobeat在日本制作，并由日本艺术家自己演唱。</p>\n<p class=\"paragraph text-align-type-left pap-line-1.8 pap-line-rule-auto pap-spacing-before-2pt pap-spacing-after-2pt\">&nbsp;</p>\n<p class=\"paragraph text-align-type-left pap-line-1.8 pap-line-rule-auto pap-spacing-before-2pt pap-spacing-after-2pt\">这种类型的Eurobeat自2000年以来就一直存在，但直到para para开始推广这种风格的歌曲后才开始受到关注。大多数歌曲都是动漫歌曲或流行歌曲翻唱，引发了一些人说的动漫热潮。 Eurobeat专注于J-Euro的公司有A-One，Akiba Koubou INC/Akiba Records, Eurobeat Union, Fantasy Dance Tracks, Plum Music, SuganoMusic等等。</p>\n<p class=\"paragraph text-align-type-left pap-line-1.8 pap-line-rule-auto pap-spacing-before-2pt pap-spacing-after-2pt\">&nbsp;</p>\n<div>\n<div class=\"document\">\n<p class=\"paragraph text-align-type-left pap-line-1.8 pap-line-rule-auto pap-spacing-before-2pt pap-spacing-after-2pt\">本词条汉字内容由 @多频百科团队 翻译+编辑</p>\n<p class=\"paragraph text-align-type-left pap-line-1.8 pap-line-rule-auto pap-spacing-before-2pt pap-spacing-after-2pt\">原文译自https://en.wikipedia.org/wiki/Eurobeat</p>\n</div>\n</div>\n</div>\n</div>",
 "contentEn": "<div>\n<div class=\"document\">\n<p>Eurobeat refers to two styles of dance music that originated in Europe: one is a British variant of Italian[3] Eurodisco-influenced[6] dance-pop (this type is only sold in Japan), and the other is a hi-NRG-driven form of Italo disco. Both forms were developed in the 1980s.</p>\n<p><br />The Japanese Para Para dance culture is influenced by Eurobeat. Eurobeat music often accompanies anime, which made the genre more popular in the US, where Eurobeat was historically marketed as hi-NRG (pronounced as \"high energy\"). For a short while, it also shared this term with early freestyle music and Italo disco.</p>\n<p>Super Eurobeat, a Japanese Eurobeat CD compilation, is the longest running CD compilation in the world. It was used as the main soundtrack for, and is often associated with, the anime Initial D, which is about Japanese mountain pass street racers.</p>\n<p>&nbsp;</p>\n<p class=\"paragraph text-align-type-left pap-line-1.8 pap-line-rule-auto pap-spacing-before-2pt pap-spacing-after-2pt\">Characteristics</p>\n<p class=\"paragraph text-align-type-left pap-line-1.8 pap-line-rule-auto pap-spacing-before-2pt pap-spacing-after-2pt\">SAW-style</p>\n<p class=\"paragraph text-align-type-left pap-line-1.8 pap-line-rule-auto pap-spacing-before-2pt pap-spacing-after-2pt\">A highly polished production with \"musical simplicity\" at its core &mdash; from Bubblegum Pop-like lyrics, catchy (in some cases Italian, in other Eurodisco-like) melodies, to \"elementary\" song structures &mdash; an average British Eurobeat song took very little time to complete.Bananarama's \"Venus\" and Mel &amp; Kim's \"Showing Out (Get Fresh at the Weekend)\" were said to be completed in a day, according to Pete Waterman of Stock Aitken Waterman.</p>\n<p class=\"paragraph text-align-type-left pap-line-1.8 pap-line-rule-auto pap-spacing-before-2pt pap-spacing-after-2pt\">&nbsp;</p>\n<p class=\"paragraph text-align-type-left pap-line-1.8 pap-line-rule-auto pap-spacing-before-2pt pap-spacing-after-2pt\">Use of the term</p>\n<p class=\"paragraph text-align-type-left pap-line-1.8 pap-line-rule-auto pap-spacing-before-2pt pap-spacing-after-2pt\">British record producer Ian Levine's Eastbound Expressway, released the single \"You're a Beat\" in recognition of the slower tempo of hi-NRG music emerging from Europe. Many European acts managed to break through under this new recognition, namely the likes of Modern Talking, Bad Boys Blue, Taffy, and Spagna. The term \"Eurobeat\" was subsequently used commercially to describe the Stock Aitken Waterman&ndash;produced hits by Dead or Alive, Bananarama, Jason Donovan, Sonia, and Kylie Minogue which were heavily based on the British experience with Italo disco. During 1986&ndash;1988, it was used for specific Italian 1980s Euro disco imports, such as Sabrina Salerno, Spagna, and Baltimora but was also used in the United States as a catch-all term for UK-based dance and electropop groups of the time such as Pet Shop Boys, purported to have a \"European beat\", hence Eurobeat. By 1989, with the advent of Eurodance and Euro house, the term was dropped in the UK.</p>\n<p class=\"paragraph text-align-type-left pap-line-1.8 pap-line-rule-auto pap-spacing-before-2pt pap-spacing-after-2pt\">&nbsp;</p>\n<p class=\"paragraph text-align-type-left pap-line-1.8 pap-line-rule-auto pap-spacing-before-2pt pap-spacing-after-2pt\">History United Kingdom</p>\n<p class=\"paragraph text-align-type-left pap-line-1.8 pap-line-rule-auto pap-spacing-before-2pt pap-spacing-after-2pt\">\"The New Motown\" The trio of British record producers, songwriters, and former DJs Mike Stock, Matt Aitken, and Pete Waterman were involved in the British underground club culture, encountering the Black American soul music-focused scene called Northern Soul, Italian pop-Eurodisco, and sped-up Motown Sound-inspired tracks. As underground record producers, they sought to recapture the \"nostalgia\" of Motown Sound with a hint of campy playfulness where the simplicity of musical structures, like in Italian disco, was preferred. This musical formula was proven to be successful enough to be capitalized on as they had a string of top 10 UK hits in the 1980s to the point of their version of Eurobeat becoming synonymous with British pop music as a whole. Pete Burns of Dead or Alive regularly fought the production team over \" to their production methods and concepts\" which SAW were \"quite firm about\". Burns went on making a next album, produced by Burns and Dead or Alive drummer Steve Coy, without them, called Nude. Epic (licensed by Sony Europe) was reluctant about releasing the album but it turned out to be so successful in Japan that it was awarded the Japan Record Award Grand Prix for Best International Album of 1989 in the 'Pop' or 'Popular' Category.</p>\n<p class=\"paragraph text-align-type-left pap-line-1.8 pap-line-rule-auto pap-spacing-before-2pt pap-spacing-after-2pt\">&nbsp;</p>\n<p class=\"paragraph text-align-type-left pap-line-1.8 pap-line-rule-auto pap-spacing-before-2pt pap-spacing-after-2pt\">Italy and Japan \"By the Italians, for the Japanese\"</p>\n<p class=\"paragraph text-align-type-left pap-line-1.8 pap-line-rule-auto pap-spacing-before-2pt pap-spacing-after-2pt\">Meanwhile, in Japan in 1985, the term \"Eurobeat\" was applied to all continental-European dance music imports. These were mainly Italian and German-produced Italo disco releases. That sound became the soundtrack of the Para Para nightclub culture, which has existed since the early 1980s. Japan experienced Italo disco through the success of the German group Arabesque, which broke up in 1984. This did not prevent the release of two Italo disco-sounding singles in 1985 and 1986, produced and mixed by Michael Cretu (of Enigma). The later solo success of Arabesque's lead singer Sandra further introduced this sound to Japan. This attracted the attention of many Italo disco producers (mostly Italians and Germans), though by the late 1980s the Germans had faded out of Italo disco and focused on more popular scenes, mainly trance. The Italians went on to create a new sound especially for Japan, but it was virtually unknown in the rest of the world. In Japan, this music is called \"Eurobeat\", \"Super Eurobeat\", and \"Eurobeat Flash\". In the early 1990s, Eurobeat's popularity was gradually decreasing in Japan. Two Japanese men, the owner and a managing director of Avex, a small import record shop at the time, decided to release a compilation CD. They went to Italy and met Giancarlo Pasquini (later known as Dave Rodgers), then a member of the Italo disco band Aleph. Together they released the first Super Eurobeat, a compilation CD which saw instant success and re-ignited Eurobeat's popularity in Japan. Avex also collaborated with foundational Eurobeat labels A-Beat C, Time, and Delta long after Eurobeat's mainstream popularity peak. Eurobeat's sound (in the Japanese market) is its main link to its Italo disco origins, where it was just one of many different experiments in pure electronic dance. There are certain synth instruments that recur across the entire genre: a sequenced octave bass, the energetic (sometimes wild) and heavy use of synths, distinctive brass and harp sounds, and tight, predictable percussion in the background. These sounds are layered with vocals and natural instruments (guitar and piano are common) into complex, ever-shifting melodies that burst with energy. The anime series Initial D, based on the manga bay Shuichi Shigeno, uses Eurobeat music regularly in its episodes during racing scenes between the characters, and because of this it has come to the attention of some anime fans outside Japan. The series as well as the video games use a large playlist of Eurobeat songs including some by Dave Rodgers, like \"Deja Vu\" and other artists such as Max Coveri with songs like \"Running in the 90s\". (Many of these songs also became memes) .</p>\n<p class=\"paragraph text-align-type-left pap-line-1.8 pap-line-rule-auto pap-spacing-before-2pt pap-spacing-after-2pt\">&nbsp;</p>\n<p class=\"paragraph text-align-type-left pap-line-1.8 pap-line-rule-auto pap-spacing-before-2pt pap-spacing-after-2pt\">Subculture J-Euro</p>\n<p class=\"paragraph text-align-type-left pap-line-1.8 pap-line-rule-auto pap-spacing-before-2pt pap-spacing-after-2pt\">There have been three types of music called \"J-Euro\" (Japanese Eurobeat); 1. Eurobeat songs made in Italy, covered by Japanese artists with Japanese lyrics. This type of \"J-Euro\" appeared first in the early 1990s. Notable artists of this type of \"J-Euro\" have included MAX, D&amp;D, V6, Dream, and the \"Queen of J-pop\" Namie Amuro. 2. J-pop songs made in Japan, remixed in the style of Eurobeat by Italian Eurobeat producers. This type of \"J-Euro\" appeared first on the 1999 issue of Super Eurobeat, Vol. 100, with several tracks of this type of \"J-Euro\" by MAX, Every Little Thing, and Ayumi Hamasaki.This type of \"J-Euro\" has been popular in the para para scene since around 2000.Avex Trax launched the Super Eurobeat Presents : J-Euro series in 2000. Eurobeat songs made in Japan, and sung by Japanese artists themselves. This type of Eurobeat has always been present since the 2000s, but only started to gain attention once the para para scene began promoting songs in this style. Most songs are anime remixes or J-pop covers, which has led to some calling it an anime boom. Eurobeat labels that showcase this type of J-Euro are A-One, Akiba Koubou INC/Akiba Records, Eurobeat Union, Fantasy Dance Tracks, Plum Music, SuganoMusic and more.</p>\n</div>\n</div>",
 "remarks": "本词条汉字内容由 @多频百科团队 翻译+编辑\n原文译自 https://en.wikipedia.org/wiki/Eurobeat",
 "remarksEn": "本词条内容来自 https://en.wikipedia.org/wiki/Eurobeat",
 "status": 1,
 "clickNum": 6,
 "deleted": 0,
 "lang": 0,
 "chooseLang": true,
 "id": 221,
 "name": "Eurobeat",
 "descriptions": "Eurobeat可以指两种起源于欧洲的舞曲：一种是受Euro Disco影响的意大利流行舞曲的英国版本(这种类型只在日本有售)，另一种是由hi- nrg驱动的Italo Disco。",
 "originalName": "",
 "startTimeText": "",
 "startAddress": "British Eurobeat:\r\nMid-1980s, United Kingdom\r\nContemporary Eurobeat:\r\nLate 1980s, Italy and Japan",
 "searchStyle": "Disco",
 "styleCategory": "Hi-NRG",
 "originalStyle": "Hi-NRG, Italo disco",
 "affectStyle": "J-pop",
 "deriveStyle": "",
 "representArtist": "",
 "officialUrl": "https://en.wikipedia.org/wiki/Eurobeat",
 "typeId": 13,
 "typeName": "风格",
 "dataId": 221,
 "url": "http://dropinapp.hearinmusic.com/#/ency?typeId=13&dataId=221"
}