{
 "pageNum": 1,
 "pageSize": 10,
 "params": {},
 "relationChannel": "[{\"id\":1114,\"parentId\":8,\"name\":\"Fidget House\"}]",
 "relationEncy": "[{\"id\":36380,\"typeId\":13,\"dataId\":53,\"name\":\"Complextro\",\"url\":\"http://dropinapp.hearinmusic.com/#/ency?typeId=13&dataId=53\"},{\"id\":36370,\"typeId\":13,\"dataId\":43,\"name\":\"Bass House\",\"url\":\"http://dropinapp.hearinmusic.com/#/ency?typeId=13&dataId=43\"}]",
 "content": "<p>Fidget house（Dirty Electro Fidget House或Fidget）诞生于2000s年代末，其特点为大量运用和糅合怪异零碎的人声切片、粗糙毛刺而复杂的合成器音色和Bassline。</p>\n<p>&nbsp;</p>\n<p>Fidget house是由 \"在4/4节拍上建立的，由凌乱的人声切片，pitch-bending（音调变换）的具有脏质感的Bassline，rave风格的短促合成器冲击，毛刺故障的音色等元素混合而成。\"。它包含了来自Chicago House, Techno, Baltimore Club，Kuduro，Pimba和嘻哈的影响。该流派的传播者包括The Bloody Beetroots，AC Slater，Danger，Herv&eacute;，Sinden，Jack Beats和Switch。</p>\n<p>&nbsp;</p>\n<p>fidget house这个词是由DJ/制作人Jesse Rose和Switch半开玩笑而创造的，但却成为了脍炙人口的概念。\"作为一个玩笑，现在已经有点过头了\"</p>\n<p>&nbsp;</p>\n<p>数十年后，Fidget House类型的音乐已经逐渐销声匿迹，而其音乐上的元素也影响了Complextro，Bass House这些Bassline较为复杂的风格，很多原本Fidget House的制作人也逐渐向这些风格转型。</p>",
 "contentEn": "<p><strong>Fidget house</strong>, or&nbsp;<strong>fidget</strong>, is \"defined by snatched vocal snippets, pitch-bent dirty basslines and rave-style synth stabs over glitchy 4/4 beats.\"&nbsp;<sup id=\"cite_ref-guardian_27-0\" class=\"reference\"></sup>It contains influences from&nbsp;Chicago house,&nbsp;Detroit techno,&nbsp;Baltimore club,&nbsp;Kuduro,&nbsp;Pimba&nbsp;and&nbsp;hip hop.<sup id=\"cite_ref-guardian_27-1\" class=\"reference\">[27]</sup>&nbsp;Purveyors of the genre include&nbsp;The Bloody Beetroots,&nbsp;AC Slater,&nbsp;Danger,&nbsp;Herv&eacute;,&nbsp;Sinden,&nbsp;Jack Beats&nbsp;and&nbsp;Switch. The term fidget house was coined by DJs/producers Jesse Rose and Switch, \"as a joke, which has now gone a little too far.\"</p>",
 "remarks": "本词条汉字内容由 @多频百科团队 翻译+编辑\n原文译自 https://en.wikipedia.org/wiki/Electro_house#Fidget_house",
 "remarksEn": "本词条内容来自 https://en.wikipedia.org/wiki/Electro_house#Fidget_house",
 "status": 1,
 "clickNum": 22,
 "deleted": 0,
 "lang": 0,
 "chooseLang": true,
 "id": 55,
 "name": "Fidget House",
 "descriptions": "Fidget house诞生于2000s年代末，其特点为大量运用和糅合怪异零碎的人声切片、粗糙毛刺而复杂的合成器音色和Bassline。",
 "originalName": "",
 "startTimeText": "2006",
 "startAddress": "",
 "searchStyle": "House",
 "styleCategory": "Electro House",
 "originalStyle": "Chicago House, Techno, Baltimore Club",
 "affectStyle": "",
 "deriveStyle": "Complextro",
 "representArtist": "Jesse Rose",
 "officialUrl": "https://en.wikipedia.org/wiki/Electro_house#Fidget_house",
 "typeId": 13,
 "typeName": "风格",
 "dataId": 55,
 "url": "http://dropinapp.hearinmusic.com/#/ency?typeId=13&dataId=55"
}