{
 "pageNum": 1,
 "pageSize": 10,
 "params": {},
 "relationChannel": "[{\"id\":1151,\"parentId\":8,\"name\":\"Florida Breaks\"}]",
 "content": "<p>Florida breaks（也可称为Orlando Sound、Orlando breaks或Breaks），是一种起源于美国佛罗里达州中部地区的Breakbeat Dance Music（霹雳舞舞曲）流派。Florida Breaks起源于嘻哈、Miami Bass和Electro的混合，其中常常包括从罕见律动或流行电影中获得的早期爵士或放克节奏的可识别采样。而这种来自佛罗里达州的breakbeat风格的特点是在有人声元素的同时，保留了嘻哈节奏的基础。另外，它的曲速更快，切分音更多，Bassline更重且不停歇，然而其节拍也经常会放慢并通过复杂的节奏型进行break down后再次推进。Florida breaks被描述为易于跳舞，同时能在听众中创造一种振奋、快乐或积极的情绪的风格。</p>\n<p>&nbsp;</p>\n<p><strong>80年代末-90年代初 </strong></p>\n<p>80年代末，在奥兰多历史悠久的Beacham剧院内，独特的Florida Breaks风格雏形首次出现。大约在1989年至1992年奥兰多的 \"爱之夏 \"时期，随着当地地下音乐亚文化的发展，Florida Breaks风格开始在当地流行起来。Eddie Pappa受到Beacham的影响，在1992年The Edge开业时磨练了他的技巧，被认为是Breaks流派的先驱。1993年，它在全州范围内获得了突出的地位。到1993年中期，在Edge举办的一些大型活动帮助推动了Florida breaks在美国其他地方的普及，欧洲开始注意到这个在奥兰多不断扩大的文化。</p>\n<p>&nbsp;</p>\n<p><strong>20世纪90年代中期的流行</strong></p>\n<p>Florida Breaks强烈地影响了将breakbeat与progressive和trance mix（混音）在一起的其他一些制作人。这种混音作品被称为 \"奥兰多之声\"。这种声音在90年代中期获得了赞誉，并在DJ和俱乐部观众中疯狂流行，在国际上被营销为 \"友好的奥兰多\"。</p>\n<p>&nbsp;</p>\n<p>英国breaks DJ和制作人Nick Newton将其1996年的唱片命名为 \"Orlando\"，\"Orlando Sound \"也被称为 \"Florida breaks\"。</p>\n<p>&nbsp;</p>\n<p>然而，对于构成 \"Florida Sound \"的具体元素，似乎并没有达成普遍共识。由于该流派能启发灵感，在佛罗里达州内产生了区域性和偏好性的变化，使得该流派更加难以界定。例如，佛罗里达州中部和北部的奥兰多之声受到new beat, trance 和progressive house sounds的影响。南佛罗里达州和坦帕的制作人保持着deep house的风格，或者保留了更多的迈阿密所谓的 \"ghetto-bass \"的放克和嘻哈的影响，这种风格的演变，有时被称为funky breaks。</p>\n<p>&nbsp;</p>\n<p>该流派在佛罗里达州中部的广播电台WXXL（106.7 FM）和大学广播WPRK（91.5 FM），以及WUCF（89.9 FM）、WFIT（太空海岸的89.5 FM）和WNNF（坦帕的88.5 FM）上得到了有限的本地广播播放。</p>\n<p><br /><strong>2000年 </strong></p>\n<p>Florida breaks的国际和本地流行度在2000年达到顶峰并开始减弱。然而，这个流派在佛罗里达州中部以及那些记得那个时代和该流派在电子音乐历史上的独特作用的人中仍然相当流行。 Florida Breaks艺术家DJ Stylus，Kimball Collins，Dave Cannalte，Andy Hughes，Chris Fortier，K5，Rick West，Icey，OnDaMiKe，Sharazz，Dynamix II，Robby Clark，Michael Donaldson，Sandy Fite，Chris Milo，Mark Snyder，Cliff Tangredi，Eli Tobias，D-Extreme，Baby Anne和Peter Wohelski等人专门从事 Florida breaks风格的音乐创作。</p>\n<p>&nbsp;</p>\n<p><strong>早期Florida breaks场所</strong></p>\n<ul>\n<li>AAHZ（Beacham Theatre (Orlando)）</li>\n<li>The Edge (Orlando)</li>\n<li>The Abyss (Orlando)</li>\n<li>The Club at Firestone (Orlando)</li>\n<li>The Beach Club (Orlando)</li>\n<li>Icon (Orlando)</li>\n<li>Simon's (Gainesville)</li>\n<li>Marz (Cocoa Beach)</li>\n<li>The Edge (Fort. Lauderdale)</li>\n<li>Masquerade (Tampa)</li>\n<li>Sol-Rays (Daytona Beach)</li>\n</ul>",
 "contentEn": "<p><strong>Florida breaks</strong>, which may also be referred to as&nbsp;<strong>The Orlando Sound</strong>,&nbsp;<strong>Orlando breaks</strong>, or&nbsp;<strong>The Breaks</strong>, is a&nbsp;genre&nbsp;of&nbsp;breakbeat&nbsp;dance music&nbsp;that originated in the central region&nbsp;of the&nbsp;State of Florida,&nbsp;United States.<sup id=\"cite_ref-Le-Huu_2015_1-0\" class=\"reference\">[1]</sup>&nbsp;Florida Breaks originates from a mixture of&nbsp;hip-hop,&nbsp;Miami bass&nbsp;and&nbsp;electro&nbsp;that often includes recognizable&nbsp;sampling&nbsp;of early&nbsp;jazz&nbsp;or&nbsp;funk&nbsp;beats&nbsp;from&nbsp;rare groove&nbsp;or popular film. Florida's breakbeat style feature vocal elements<sup id=\"cite_ref-Gettelman_1997_2-0\" class=\"reference\">[2]</sup>&nbsp;and retains the hip-hop rhythms on which is based.<sup id=\"cite_ref-Le-Huu_2015_1-1\" class=\"reference\">[1]</sup>&nbsp;The Florida breakbeat style however is faster, more&nbsp;syncopated, and has a heavier and unrelenting bassline.<sup id=\"cite_ref-Gettelman_1997_2-1\" class=\"reference\">[2]</sup>&nbsp;The beat frequently slows and&nbsp;breaks down&nbsp;complex beat patterns and then rebuilds.<sup id=\"cite_ref-Gettelman_1997_2-2\" class=\"reference\">[2]</sup>&nbsp;The genre has been described as being easy to dance to while creating an uplifting, happy, or positive mood in the listener.<sup id=\"cite_ref-Gettelman_1997_2-3\" class=\"reference\">[2]</sup></p>\n<h2>&nbsp;</h2>\n<h2><span id=\"History\" class=\"mw-headline\">History</span></h2>\n<h3><span id=\"Late_1980s_.E2.80.93_early_1990s\"></span><span id=\"Late_1980s_&ndash;_early_1990s\" class=\"mw-headline\">Late 1980s &ndash; early 1990s</span></h3>\n<p>The unique Florida style was first encountered during the late '80s inside the historic&nbsp;Beacham Theatre&nbsp;in Orlando.<sup id=\"cite_ref-Gettelman_1997_2-4\" class=\"reference\">[2]</sup>&nbsp;The breaks genre started to gain local popularity as a local underground music&nbsp;subculture&nbsp;developed during Orlando's Summer of Love era from roughly 1989 to 1992.<sup id=\"cite_ref-Kelemen1998_3-0\" class=\"reference\">[3]</sup><sup id=\"cite_ref-moyer_2017_4-0\" class=\"reference\">[4]</sup>&nbsp;Eddie Pappa, influenced by nights spent at the Beacham, honed his skill at The Edge when it opened in 1992 and is considered a pioneer in the Breaks genre. It gained prominence state-wide in 1993. By mid-1993, Large events at the Edge helped launch the popularity of the Florida breaks elsewhere in the U.S. Europe began to take notice of Orlando's expanding culture.<sup id=\"cite_ref-Fergusonjuly22013_5-0\" class=\"reference\">[5]</sup></p>\n<h3>&nbsp;</h3>\n<h3><span id=\"Mid_1990s_popularity\" class=\"mw-headline\">Mid 1990s popularity</span></h3>\n<p>The Breaks strongly influenced other producers who mixed breakbeat with progressive, and trance. This mixture became known as \"The Orlando Sound.\"<sup id=\"cite_ref-Fergusonjuly22013_5-1\" class=\"reference\">[5]</sup>&nbsp;The sound gained acclaim and became wildly popular among DJs and club goers during the mid 1990s and was marketed internationally as \"Orlando friendly.\"<sup id=\"cite_ref-Gettelman_1997_2-5\" class=\"reference\">[2]</sup></p>\n<p>&nbsp;</p>\n<p>Nick Newton, an English breaks DJ and producer, called his 1996 record&nbsp;<em>Orlando</em>&nbsp;and the Orlando Sound was also referred to as Florida breaks.<sup id=\"cite_ref-Fergusonjuly22013_5-2\" class=\"reference\">[5]</sup></p>\n<p>&nbsp;</p>\n<p>However, there did not seem to universal consensus on the exact elements that constituted&nbsp;<em>the Florida Sound</em>.<sup id=\"cite_ref-Gettelman_1997_2-6\" class=\"reference\">[2]</sup>&nbsp;The genre's inspirational influences have created regional and preference variations of the Breaks within Florida that have made the genre more difficult to define. For example, the Orlando Sound of Central and Northern Florida were strongly influenced by&nbsp;new beat,&nbsp;trance&nbsp;and&nbsp;progressive house&nbsp;sounds. Producers in South Florida and Tampa kept with a&nbsp;deep house&nbsp;flavor or retained more of the&nbsp;funk&nbsp;and&nbsp;hip-hop&nbsp;influence of Miami's so-called \"ghetto-bass\" that evolved and is sometimes called the&nbsp;<strong>funky breaks</strong>.<sup id=\"cite_ref-Gettelman_1997_2-7\" class=\"reference\">[2]</sup><sup id=\"cite_ref-Gentile2014_6-0\" class=\"reference\">[6]</sup><sup id=\"cite_ref-Ireland_7-0\" class=\"reference\">[7]</sup></p>\n<p>&nbsp;</p>\n<p>The genre received limited local radio play in Central Florida on&nbsp;radio stations&nbsp;WXXL&nbsp;(106.7 FM)<sup id=\"cite_ref-Gettelman_1997_2-8\" class=\"reference\">[2]</sup>&nbsp;and on college radio&nbsp;WPRK&nbsp;(91.5 FM),<sup id=\"cite_ref-Gettelman_1997_2-9\" class=\"reference\">[2]</sup>&nbsp;as well as&nbsp;WUCF&nbsp;(89.9 FM),&nbsp;WFIT&nbsp;(89.5 FM on&nbsp;Space Coast), and&nbsp;WMNF&nbsp;(88.5 FM in&nbsp;Tampa).<sup id=\"cite_ref-Fergusonjuly22013_5-3\" class=\"reference\">[5]</sup></p>\n<h3>&nbsp;</h3>\n<h3><span id=\"2000s\" class=\"mw-headline\">2000s</span></h3>\n<p>The international and local popularity of Florida breaks peaked and began to wane in 2000.<sup id=\"cite_ref-Gettelman_1997_2-10\" class=\"reference\">[2]</sup>&nbsp;However, the genre is still quite popular in Central Florida as well as among those who remember the era and the genres unique role in electronic music history.<sup id=\"cite_ref-Le-Huu_2015_1-2\" class=\"reference\">[1]</sup><sup id=\"cite_ref-moyer_2017_4-1\" class=\"reference\">[4]</sup></p>\n<h2>&nbsp;</h2>\n<h2><span id=\"Early_Florida_breaks_venues\" class=\"mw-headline\">Early Florida breaks venues</span></h2>\n<p>AAHZ&nbsp;at the&nbsp;Beacham Theatre&nbsp;(Orlando),<sup id=\"cite_ref-Le-Huu_2015_1-3\" class=\"reference\">[1]</sup>&nbsp;The Edge (Orlando).<sup id=\"cite_ref-Le-Huu_2015_1-4\" class=\"reference\">[1]</sup>&nbsp;The Abyss (Orlando),<sup id=\"cite_ref-Le-Huu_2015_1-5\" class=\"reference\">[1]</sup>&nbsp;The Club at&nbsp;Firestone&nbsp;(Orlando),<sup id=\"cite_ref-Gettelman_1997_2-11\" class=\"reference\">[2]</sup>&nbsp;The Beach Club (Orlando),<sup id=\"cite_ref-Fergusonjuly22013_5-4\" class=\"reference\">[5]</sup>&nbsp;Icon (Orlando),<sup id=\"cite_ref-Gettelman_1997_2-12\" class=\"reference\">[2]</sup>&nbsp;Simon's (Gainesville),<sup id=\"cite_ref-Gentile5.11.2014_8-0\" class=\"reference\">[8]</sup>&nbsp;Marz (Cocoa Beach),<sup id=\"cite_ref-Fergusonjuly22013_5-5\" class=\"reference\">[5]</sup>&nbsp;The Edge (Fort. Lauderdale),<sup id=\"cite_ref-Gentile5.11.2014_8-1\" class=\"reference\">[8]</sup>&nbsp;and Masquerade (Tampa).<sup id=\"cite_ref-Gentile5.11.2014_8-2\" class=\"reference\">[8]</sup></p>\n<h2>&nbsp;</h2>\n<h2><span id=\"References\" class=\"mw-headline\">References</span></h2>\n<div class=\"reflist\">\n<div class=\"mw-references-wrap\">\n<ol class=\"references\">\n<li id=\"cite_note-Le-Huu_2015-1\"><span class=\"mw-cite-backlink\">^&nbsp;<span class=\"cite-accessibility-label\">Jump up to:</span><sup><em><strong>a</strong></em></sup>&nbsp;<sup><em><strong>b</strong></em></sup>&nbsp;<sup><em><strong>c</strong></em></sup>&nbsp;<sup><em><strong>d</strong></em></sup>&nbsp;<sup><em><strong>e</strong></em></sup>&nbsp;<sup><em><strong>f</strong></em></sup></span>&nbsp;<span class=\"reference-text\"><cite id=\"CITEREFLe-Huu2015\" class=\"citation web cs1\">Le-Huu, Bao (November 28, 2015).&nbsp;\"AAHZ respects the breaks that made Orlando global, overdue propers for DJ Stylus (The Beacham)\"<span class=\"reference-accessdate\">. Retrieved&nbsp;<span class=\"nowrap\">December 1,</span>&nbsp;2015</span>.&nbsp;<q>The AAHZ days, though absolutely foundational, were an elementary phase in the late &lsquo;80s and early &lsquo;90s that heavily featured European house sounds. But the breaks &ndash; a breakbeat subgenre braided of hip-hop, Miami bass and electro &ndash; was the Orlando sound, our original chapter and contribution to the EDM world. And when the breaks surged in the mid &lsquo;90s, it was the Orlando dance scene at its apex, when we weren&rsquo;t just playing the leading sounds but making and exporting them. When it comes to breaks, the names that really jump out on this heavyweight lineup are Icey and Stylus, the two DJs who actually specialized in the style.</q></cite>{blog of Orlando Weekly's music column}</span></li>\n<li id=\"cite_note-Gettelman_1997-2\"><span class=\"mw-cite-backlink\">^&nbsp;<span class=\"cite-accessibility-label\">Jump up to:</span><sup><em><strong>a</strong></em></sup>&nbsp;<sup><em><strong>b</strong></em></sup>&nbsp;<sup><em><strong>c</strong></em></sup>&nbsp;<sup><em><strong>d</strong></em></sup>&nbsp;<sup><em><strong>e</strong></em></sup>&nbsp;<sup><em><strong>f</strong></em></sup>&nbsp;<sup><em><strong>g</strong></em></sup>&nbsp;<sup><em><strong>h</strong></em></sup>&nbsp;<sup><em><strong>i</strong></em></sup>&nbsp;<sup><em><strong>j</strong></em></sup>&nbsp;<sup><em><strong>k</strong></em></sup>&nbsp;<sup><em><strong>l</strong></em></sup>&nbsp;<sup><em><strong>m</strong></em></sup></span>&nbsp;<span class=\"reference-text\"><cite id=\"CITEREFGettelman1997\" class=\"citation web cs1\">Gettelman, Parry (February 9, 1997).&nbsp;\"The Orlando Sound: Although Hard To Define, It's Hot Among Lovers Of Underground Dance Music\".&nbsp;<em>orlandosentinel.com</em>. The Orlando Sentinel<span class=\"reference-accessdate\">. Retrieved&nbsp;<span class=\"nowrap\">November 5,</span>&nbsp;2015</span>.</cite></span></li>\n<li id=\"cite_note-Kelemen1998-3\"><span class=\"mw-cite-backlink\"><strong>^</strong></span>&nbsp;<span class=\"reference-text\"><cite id=\"CITEREFKelemen1998\" class=\"citation web cs1\">Kelemen, Matt (September 2, 1998).&nbsp;\"Wizards of Aahz: The Florida winter had ju...\"&nbsp;<em>orlandoweekly.com</em>. The Orlando Weekly<span class=\"reference-accessdate\">. Retrieved&nbsp;<span class=\"nowrap\">November 30,</span>&nbsp;2015</span>.&nbsp;<q>Collins could not be aware of it at the time, but those Saturday nights -- eventually known as \"Aahz\"-- would kick-start an underground culture and spawn countless DJ careers. Orlando would never be the same...By 1991-1992, Orlando experienced its own \"summer of love\" through the culture that sprang up around the weekend acid-house nights at the Beacham Theatre presided over by Collins and Dave Cannalte, and nurtured by Beacham promoter StaceBass...only New York, San Francisco and L.A. had similar scenes, and they were characterized by warehouse parties. Orlando had a headquarters in the heart of its downtown district...From then on the crowds would refer to the Beacham as \"Aahz\" no matter what the owners called it.</q></cite></span></li>\n<li id=\"cite_note-moyer_2017-4\"><span class=\"mw-cite-backlink\">^&nbsp;<span class=\"cite-accessibility-label\">Jump up to:</span><sup><em><strong>a</strong></em></sup>&nbsp;<sup><em><strong>b</strong></em></sup></span>&nbsp;<span class=\"reference-text\"><cite id=\"CITEREFMoyer2017\" class=\"citation web cs1\">Moyer, Matthew (November 21, 2017).&nbsp;\"Orlando lord of the dance Kimball Collins is serious about throwing a party\".&nbsp;<em>orlandoweekly.com</em>. The Orlando Weekly<span class=\"reference-accessdate\">. Retrieved&nbsp;<span class=\"nowrap\">September 23,</span>&nbsp;2019</span>.&nbsp;<q>The last thing on DJ and Orlando dance music linchpin Kimball Collins' mind back during the fabled Orlando Summer of Love in the early 1990s was that he would someday be responsible for preserving the legacy of Florida Breaks...Collins explains that this is...a celebration of an era when Orlando was ground zero for a new type of dance music, and a survey of how that music has changed over the years: \"Florida, and Central Florida in particular, gravitated heavily to all types of genres that relied on a type of break-beat from electro, techno, freestyle, Miami bass to straight-up U.K. rave breaks. Those influences went on to develop what would soon become the signature 'Florida break-beat sound.' That explains [Orlando audiences'] love of breaks and why we are happy to do another...event celebrating this style\"</q></cite></span></li>\n<li id=\"cite_note-Fergusonjuly22013-5\"><span class=\"mw-cite-backlink\">^&nbsp;<span class=\"cite-accessibility-label\">Jump up to:</span><sup><em><strong>a</strong></em></sup>&nbsp;<sup><em><strong>b</strong></em></sup>&nbsp;<sup><em><strong>c</strong></em></sup>&nbsp;<sup><em><strong>d</strong></em></sup>&nbsp;<sup><em><strong>e</strong></em></sup>&nbsp;<sup><em><strong>f</strong></em></sup></span>&nbsp;<span class=\"reference-text\"><cite id=\"CITEREFFergusonLe-Huu2013\" class=\"citation web cs1\">Ferguson, Jason; Le-Huu, Bao (July 2, 2013).&nbsp;\"Dance dance revolution\".&nbsp;<em>orlandoweekly.com</em>. The Orlando Weekly<span class=\"reference-accessdate\">. Retrieved&nbsp;<span class=\"nowrap\">July 28,</span>&nbsp;2016</span>.&nbsp;<q>The 1990s was formative in the electronic dance music awakening of America, and that fire-catching cultural momentum would vault Orlando to the vanguard of it all. As one of the premier global epicenters of the rave big bang, the city found itself on equal footing with not just New York or Los Angeles but also with the trailblazing U.K. scene (English breaks DJ-producer Nick Newton named his 1996 record Orlando), even siring its own sound (Florida breaks).</q></cite></span></li>\n<li id=\"cite_note-Gentile2014-6\"><span class=\"mw-cite-backlink\"><strong>^</strong></span>&nbsp;<span class=\"reference-text\"><cite id=\"CITEREFGentile2014\" class=\"citation web cs1\">Gentile, Jessica (November 4, 2014).&nbsp;\"Florida Breaks in the 1990s: Beats Get Sleazy in the Weirdo Armpit of America\".&nbsp;<em>thump.vice.com</em>. VICE<span class=\"reference-accessdate\">. Retrieved&nbsp;<span class=\"nowrap\">February 26,</span>&nbsp;2017</span>.</cite></span></li>\n<li id=\"cite_note-Ireland-7\"><span class=\"mw-cite-backlink\"><strong>^</strong></span>&nbsp;<span class=\"reference-text\"><cite id=\"CITEREFIreland\" class=\"citation web cs1\">Ireland, David.&nbsp;\"Electronic Music 101: What Are Breakbeats?\".&nbsp;<em>Magnetic Magazine</em><span class=\"reference-accessdate\">. Retrieved&nbsp;<span class=\"nowrap\">2019-09-26</span></span>.</cite></span></li>\n<li id=\"cite_note-Gentile5.11.2014-8\"><span class=\"mw-cite-backlink\">^&nbsp;<span class=\"cite-accessibility-label\">Jump up to:</span><sup><em><strong>a</strong></em></sup>&nbsp;<sup><em><strong>b</strong></em></sup>&nbsp;<sup><em><strong>c</strong></em></sup></span>&nbsp;<span class=\"reference-text\"><cite id=\"CITEREFGentile2014\" class=\"citation web cs1\">Gentile, Jessica (November 5, 2014).&nbsp;\"The Essential Rave Nightclubs of Floridian History\".&nbsp;<em>thump.vice.com</em>. VICE<span class=\"reference-accessdate\">. Retrieved&nbsp;<span class=\"nowrap\">February 27,</span>&nbsp;2017</span>.</cite></span></li>\n</ol>\n</div>\n</div>",
 "remarks": "本词条汉字内容由 @多频百科团队 翻译+编辑\n原文译自 https://en.wikipedia.org/wiki/Florida_breaks",
 "remarksEn": "本词条内容来自 https://en.wikipedia.org/wiki/Florida_breaks",
 "status": 1,
 "clickNum": 11,
 "deleted": 0,
 "lang": 0,
 "chooseLang": true,
 "id": 101,
 "name": "Florida Breaks",
 "descriptions": "Florida breaks（也可称为Orlando Sound、Orlando breaks或Breaks），是一种起源于美国佛罗里达州中部地区的Breakbeat Dance Music（霹雳舞舞曲）流派。Florida Breaks起源于嘻哈、Miami Bass和Electro的混合，其中常常包括从罕见律动或流行电影中获得的早期爵士或放克节奏的可识别采样。而这种来自佛罗里达州的breakbeat风格的特点是在有人声元素的同时，保留了嘻哈节奏的基础。另外，它的曲速更快，切分音更多，Bassline更重且不停歇，然而其节拍也经常会放慢并通过复杂的节奏型进行break down后再次推进。Florida breaks被描述为易于跳舞，同时能在听众中创造一种振奋、快乐或积极的情绪的风格。",
 "originalName": "The Orlando Sound, Progressive Breaks, Funky Breaks, Nu skool breaks, The Breaks",
 "startTimeText": "Late 1980s and 1990s",
 "startAddress": "美国，英国",
 "searchStyle": "Breakbeat",
 "styleCategory": "Breakbeat",
 "originalStyle": "Breakbeat, Electro, Miami Bass, Hip hop, Post-disco, Freestyle, Turntablism",
 "affectStyle": "",
 "deriveStyle": "Acid breaks",
 "representArtist": "",
 "officialUrl": "https://en.wikipedia.org/wiki/Florida_breaks",
 "typeId": 13,
 "typeName": "风格",
 "dataId": 101,
 "url": "http://dropinapp.hearinmusic.com/#/ency?typeId=13&dataId=101"
}