{
 "pageNum": 1,
 "pageSize": 10,
 "params": {},
 "relationChannel": "[{\"id\":1438,\"parentId\":8,\"name\":\"Freeform Hardcore\"}]",
 "content": "<p>Freeform Hardcore，最初称为Trancecore，也可简称Freeform。它是Eurobeat、Happy Hardcore、UK hardcore、Trance等风格融合衍生的电子音乐子流派。</p>\n<p>&nbsp;</p>\n<p>Freeform Hardcore音乐通常为 4/4 拍，由器乐、Acid、hi-NRG和Hard Dance的声音元素组成。该流派最初是在Techno Hardcore的音乐特征下发展起来的，然后逐渐倾向并扎根于Trance。这类音乐通常曲速极高（大于170BPM），带有Trance音乐的美学考量，会显著使用Acid音色。其与Happy Hardcore等来源风格最显著的区别在于它的氛围通常更加暗黑，较少使用大调和弦<sup>[1]</sup>。</p>\n<p>&nbsp;</p>\n<p>Freeform Hardcore在英国艺术家 Sharkey 在 Bonkers 合辑的混音中得到了显著发展。Thin 'n' Crispy、Nu Energy Collective 和 FINRG 等唱片公司专注于这类音乐。有影响力的艺术家、品牌 Nu Energy 的总监 Kevin Energy 将所谓Freeform描述为一种精神状态；FINRG是来自芬兰的Freeform Hardcore唱片公司，其音乐的免费下载量超过 100,000。荷兰Trancecore是 psytrance、Acid和Hardcore的混合体<sup>[2]</sup>。</p>\n<p>&nbsp;</p>\n<p>参考资料</p>\n<p>1. https://www.last.fm/tag/freeform/wiki</p>\n<p>2. https://fr.wikipedia.org/wiki/Freeform_hardcore</p>",
 "contentEn": "<p>Freeform hardcore is a subgenre of hardcore techno music. It's roots lay in&nbsp;trance,&nbsp;hardtrance,&nbsp;acid trance&nbsp;and&nbsp;happy hardcore: freeform generally features high tempo (&gt;170BPM) songs that feature a trancy aesthetic, with notable use of acid sounds. It's distinguishing feature from happy hardcore or&nbsp;trancecore&nbsp;is that freeform songs are generally a lot darker, less major-chord.</p>",
 "remarks": "本词条汉字内容由 @多频百科团队 翻译+编辑",
 "remarksEn": "本词条内容来自 https://www.last.fm/tag/freeform/wiki",
 "status": 1,
 "clickNum": 22,
 "deleted": 0,
 "lang": 0,
 "chooseLang": true,
 "id": 202,
 "name": "Freeform Hardcore",
 "descriptions": "Freeform Hardcore，最初称为Trancecore，也可简称Freeform。它是Eurobeat、Happy Hardcore、UK hardcore、Trance等风格融合衍生的电子音乐子流派。",
 "originalName": "Freeform, Trancecore",
 "startTimeText": "20世纪90年代中期",
 "startAddress": "英国",
 "searchStyle": "Hardcore",
 "styleCategory": "Hardcore",
 "originalStyle": "Eurobeat, 4-beat, happy hardcore, happy gabber, techno hardcore, trance",
 "affectStyle": "",
 "deriveStyle": "",
 "representArtist": "Sharkey, Ramos, UFO and Billy Daniel Bunter",
 "officialUrl": "https://fr.wikipedia.org/wiki/Freeform_hardcore；https://www.last.fm/tag/freeform/wiki",
 "typeId": 13,
 "typeName": "风格",
 "dataId": 202,
 "url": "http://dropinapp.hearinmusic.com/#/ency?typeId=13&dataId=202"
}