{
 "pageNum": 1,
 "pageSize": 10,
 "params": {},
 "relationChannel": "[{\"id\":1119,\"parentId\":8,\"name\":\"French House\"}]",
 "relationEncy": "[{\"id\":6144,\"typeId\":12,\"dataId\":6144,\"name\":\"Daft Punk\",\"url\":\"http://dropinapp.hearinmusic.com/#/ency?typeId=12&dataId=6144\"},{\"id\":6537,\"typeId\":12,\"dataId\":6537,\"name\":\"David Guetta\",\"url\":\"http://dropinapp.hearinmusic.com/#/ency?typeId=12&dataId=6537\"},{\"id\":36670,\"typeId\":13,\"dataId\":343,\"name\":\"Future Funk\",\"url\":\"http://dropinapp.hearinmusic.com/#/ency?typeId=13&dataId=343\"}]",
 "content": "<p>French House（又称French touch、filter house和tekfunk），是一种最初由法国音乐家在20世纪90年代制作的House音乐风格。它是20世纪90年代末和2000年代欧洲舞曲界的一种流行趋势，也是欧洲迪斯科的一种形式。这种音乐的特点是在70年代末80年代初的美国或欧洲迪斯科音乐的采样（或受这些采样启发的原始Hook）上大量使用滤波器和相位效果，从而导致比参考的前作有更厚的和声基础。这种风格的大多数曲目都以稳定的4/4拍，节奏范围为110-130 BPM。法式House往往会和一种被称为future funk的流派混淆，尽管它们不是同一流派。French House的传播者包括Daft Punk、Cassius、The Supermen Lovers、Modjo和&Eacute;tienne de Cr&eacute;cy。</p>\n<p>&nbsp;</p>\n<p><strong>历史和影响 </strong></p>\n<p>French house从迪斯科出现开始就受到美国舞曲的一脉相承的影响，与Euro Disco和短暂的Space Disco风格保持着明显的联系。Space Disco在法国非常流行，像Cerrone、Sheila &amp; B. Devotion Spacer这样的艺术家在70年代末80年代初大受欢迎。额外的影响来自于P-Funk，尤其是那个时代的George Clinton和Bootsy Collins的歌曲。由于源自同一个国外市场，P-Funk在许多法国迪斯科舞厅中与迪斯科一起播放，尤其是在美国发生了迪斯科拆迁夜之后。芝加哥House的Jacking方面也被拾掇出来，作为主题融入其中（在英国，\"jack house \"成为对这种声音的一个短暂的描述性词汇）。</p>\n<p>&nbsp;</p>\n<p>此外，70年代法国音乐人物Fran&ccedil;ois de Roubaix、Jean-Michel Jarre或Serge Gainsbourg的影响也很关键。French House的早期例子是1990年纽约House制作人Earth People（Joseph Longo）发行的Dance。Thomas Bangalter为他的Roul&eacute;厂牌制作的曲目可以被认为是试图建立一种独特的French House风格的最早例子。他的独奏材料，以及他作为Daft Punk和Stardust成员的作品，对90年代中后期的French House场景产生了重大影响。法国二人组Motorbass（Philippe Zdar，后来成为Cassius的成员）和&Eacute;tienne de Cr&eacute;cy也是法国最早制作House歌曲的人之一，他们的作品主要围绕着采样和过滤循环--这反过来又受到了DJ Sneak、Green Velvet和Roger Sanchez等新兴美国House制作人的启发，他们喜欢制作以采样为主导的House歌曲和深沉的时髦节奏--并发行了唯一一张全长专辑《Pansoul》。巴黎制作人St.Germain当时也制作了风格类似的House曲目，但这些曲目更直接地受到爵士乐的影响，而不是挪用更粗犷的声乐迪斯科唱片，而当时其他知名的法国DJ转制作人，如Fran&ccedil;ois Kevorkian和Laurent Garnier则与新兴的French House厂牌保持着相对的距离。</p>\n<p>&nbsp;</p>\n<p>90年代中期，英国舞曲媒体和欧洲DJ接受了第一批French House实验，但直到1997年才取得重大商业成功。Daft Punk、Cassius和后来的Stardust是这一类型的第一批国际成功艺术家。与Air一起，这些乐队与Virgin Records签约，并受益于Spike Jonze、Michel Gondry和Alex &amp; Martin等人执导的独特音乐视频。由于巨大的俱乐部场景和主要唱片公司的支持，Daft Punk的首张专辑《Homework》在发行时就进入了英国专辑排行榜的前十名，并有效地成为继Jean-Michel Jarre之后英国最畅销的法国乐队。法国音乐的出现可谓恰逢其时，因为舞曲在英国这个有影响力的市场上的受欢迎程度与一般电子音乐的商业化程度达到了顶峰。</p>\n<p>&nbsp;</p>\n<p>2000年，Bob Sinclar、&Eacute;tienne de Cr&eacute;cy、Benjamin Diamond和Modjo在欧洲各地都取得了商业上的成功。2005年底，流行巨星麦当娜推出了《舞池上的告白》，这张专辑中的多首歌曲都受到了French House音乐的影响。</p>\n<p>&nbsp;</p>\n<p>到了2010年代中后期，人们对French House的兴趣又开始复苏，来自巴黎的Folamour和Mirrorball Disco Squad，以及意大利的Tiger和Woods等艺人都推出了一些材料。这种声音也被像Mall Grab和Loods这样的lo-fi house场景所倡导。</p>\n<p>&nbsp;</p>\n<p><strong>术语、起源和变体 </strong></p>\n<p>\"French touch \"一词于1987年7月在巴黎首次使用。Jean-Claude Lagr&egrave;ze是一位巴黎人夜晚的摄影师，他在The Palace举办了几个 \"French Touch \"派对，让人们发现了House音乐。这些派对由DJ Laurent Garnier、Guillaume la Tortue和David Guetta主持。1991年，&Eacute;ric Morand为Fnac Music Dance Division设计的一件时髦夹克上印上了这句话，作为喜欢House音乐的法国派对参加者的座右铭。这句格言是： \"We give a French Touch to House（我们给House音乐增添了法式的尝试）\"。英国音乐记者使用了这一表达方式，并为这一运动的传播做出了贡献。</p>\n<p>&nbsp;</p>\n<p>1999年圣诞假期期间，英国MTV第一次广泛使用这个词。它被用于MTV新闻特别节目中，用来描述所谓的 \"French House爆炸 \"现象。鲍勃-辛克勒（Bob Sinclar），以及Air（一个非house的表演者）和Cassius都接受了采访。这个新闻特辑后来在全球所有的MTV地方变奏曲中播出，传播了这个词，并将 \"Frence House \"的声音引入主流。</p>\n<p>&nbsp;</p>\n<p>在此之前（1996-2000年），\"Frence House\"在欧洲人中被称为 \"nu disco\"、\"disco house \"和 \"new disco\"。然而，\"French touch \"一词最早是由音乐记者马丁-詹姆斯（Martin James）于1996年在现已停刊的音乐周刊《Melody Maker》上对第一张Super Discount EP的评论中使用的。这个词在法国媒体中受到青睐，随后在1998年被英国媒体广泛使用。马丁-詹姆斯后来被法国《解放报》和NRJ电台认可为负责将French House现象命名为 \"French touch \"的记者。</p>\n<p>&nbsp;</p>\n<p>当时nu disco的最大市场之一是希腊，尤其是雅典。当地一家名为Discobole Records的音乐商店直接从法国进口唱片，1998年至2001年期间，像City Groove这样的中产阶级俱乐部完全热衷于这种风格。在希腊，这种音乐风格被推广为 \"Disco House\"。同时，Disco House在加拿大也开始获得成功。1999年期间，西班牙的伊比沙岛也举办了许多活动，并一直是英国游客非常喜爱的旅游去处。</p>\n<p>&nbsp;</p>\n<p>French House基本上是三种制作风格的结合。其一是法国人至今仍称之为 \"French touch\"，它是受空间迪斯科声音影响极大的风格。第二种是欧式迪斯科的延续和更新，受Alec R. Costandinos的制作影响很大。第三种是美国深沉的House风格，从类似的采样处理和重复的 \"funky \"hooks就可以看出。自然而然，更多的变化和变异随之而来。French House保持了既有的 \"French touch\"的声音，更多的集中在类似欧洲迪斯科的人声上，而不太强调 \"太空迪斯科 \"的主题。然而，大多数音乐最成功的行为都在此后改变了他们的声音。Bob Sinclar后来的作品，包括主打单曲 \"World, Hold On (Children of the Sky)\"，其中有一个以科幻主题为基础的视频，与最初的French House声音只保持了遥远的联系。随后Daft Punk和Etienne de Crecy都发展出了更直接受techno、电音和流行音乐启发的更硬的合成音。</p>\n<p>&nbsp;</p>\n<p>在伊维萨岛，Disco House后来又有了另一个发展方向：它结合了人声和英国的速度车库（90年代中期的一种音乐风格）的一些元素与当地的拉丁风味。到了2007年，很多地下Disco House的作品都属于伊比沙岛派。</p>\n<p>&nbsp;</p>\n<p><strong>相关厂牌</strong></p>\n<ul>\n<li>Astralwerks (U.S. market)</li>\n<li>Bromance</li>\n<li>Crydamoure</li>\n<li>Disques Solid</li>\n<li>Dynamic Recordings</li>\n<li>Ed Banger Records</li>\n<li>F Communications</li>\n<li>Fiat Lux</li>\n<li>Kitsun&eacute;</li>\n<li>Roche Musique</li>\n<li>Roul&eacute;</li>\n<li>So French Records</li>\n<li>Versatile Records</li>\n<li>Work It Baby</li>\n</ul>",
 "contentEn": "<p><strong>French house</strong>, also known as&nbsp;<strong>French touch</strong>,&nbsp;<strong>filter house</strong>&nbsp;and&nbsp;<strong>tekfunk,</strong>&nbsp;is a style of&nbsp;house music&nbsp;originally produced by French musicians in the 1990s. It was a popular strand of the late 1990s and 2000s&nbsp;European&nbsp;dance music scene and a form of&nbsp;Euro disco. The defining characteristics of the sound are heavy reliance on&nbsp;filter&nbsp;and&nbsp;phaser&nbsp;effects both on and alongside&nbsp;samples&nbsp;from late 1970s and early 1980s American or European&nbsp;disco&nbsp;tracks (or original&nbsp;hooks&nbsp;strongly inspired by such samples), causing thicker harmonic foundations than the genre's forerunners. Most tracks in this vein feature steady&nbsp;<span class=\"music-symbol\"><sup><strong>4</strong></sup><br /><sub><strong>4</strong></sub></span>&nbsp;beats with a tempo range of 110&ndash;130&nbsp;beats per minute. French house tends to be confused with a genre known as&nbsp;future funk, although they are not the same genre. Purveyors of French house include&nbsp;Daft Punk,<sup id=\"cite_ref-1\" class=\"reference\">[1]</sup>&nbsp;Stardust,&nbsp;Cassius,&nbsp;The Supermen Lovers,<sup id=\"cite_ref-2\" class=\"reference\">[2]</sup>&nbsp;Modjo&nbsp;and&nbsp;&Eacute;tienne de Cr&eacute;cy.</p>\n<p>&nbsp;</p>\n<h2><span id=\"History_and_influences\" class=\"mw-headline\">History and influences</span></h2>\n<p>French house is greatly influenced by the lineage of American dance music from the emergence of disco onwards, maintaining a distinct connection to&nbsp;Euro disco&nbsp;and the short lived&nbsp;space disco&nbsp;music style. Space disco was very popular in France, with artists like&nbsp;Cerrone,&nbsp;Sheila &amp; B. Devotion&nbsp;Spacer hit during the late 1970s and early 1980s. Additional influences came from&nbsp;P-Funk, especially the&nbsp;George Clinton&nbsp;and&nbsp;Bootsy Collins&nbsp;hits of that era. Due to originating from the same foreign market, P-Funk was played alongside disco in many French discoth&egrave;ques, especially after the&nbsp;Disco Demolition Night&nbsp;took place in the United States. The&nbsp;Jacking&nbsp;aspect of&nbsp;Chicago house&nbsp;was also picked up on as a theme to incorporate (with \"jack house\" becoming a short-lived descriptive term for the sound in the UK). Furthermore, the influence of musical French figures of the seventies as&nbsp;Fran&ccedil;ois de Roubaix,&nbsp;Jean-Michel Jarre&nbsp;or&nbsp;Serge Gainsbourg&nbsp;was also critical. An early example of French house could be&nbsp;<em>Dance</em>&nbsp;released in 1990 by New York house producer Earth People (Joseph Longo).</p>\n<p>&nbsp;</p>\n<p>Thomas Bangalter's tracks for his&nbsp;Roul&eacute;&nbsp;label may be considered the earliest examples of an attempt to establish a distinctive style of French house. His solo material, along with his work as a member of&nbsp;Daft Punk&nbsp;and&nbsp;Stardust, had a significant impact upon the French house scene during the mid-to-late 1990s.<sup id=\"cite_ref-Mixmag_2006_3-0\" class=\"reference\">[3]</sup>&nbsp;The French duo&nbsp;Motorbass&nbsp;(Philippe Zdar, later of&nbsp;Cassius, and&nbsp;&Eacute;tienne de Cr&eacute;cy) were also among the first in France to produce house tracks which were largely based around samples and filtered loops &ndash; in turn inspired by emerging American house producers such as&nbsp;DJ Sneak,&nbsp;Green Velvet&nbsp;and&nbsp;Roger Sanchez&nbsp;and their penchant for producing sample-led house tracks with deep funky grooves &ndash; and released a sole full-length album,&nbsp;<em>Pansoul</em>. Parisian producer&nbsp;St. Germain&nbsp;produced house tracks with a similar style at the time but these were more directly influenced by&nbsp;jazz&nbsp;as opposed to the brasher vocal disco records appropriated, while other known French DJ-turned-producers at the time such as&nbsp;Fran&ccedil;ois Kevorkian&nbsp;and&nbsp;Laurent Garnier&nbsp;remained relatively distant from the emerging French house label.</p>\n<p>&nbsp;</p>\n<p>The first French house experiments were received by the UK dance music press and European DJ's in the mid-1990s but major commercial success did not occur until 1997.&nbsp;Daft Punk,&nbsp;Cassius&nbsp;and, later,&nbsp;Stardust&nbsp;were the first internationally successful artists of the genre. Along with&nbsp;Air, these acts were signed to&nbsp;Virgin Records&nbsp;and benefited from distinctive music videos directed by the likes of&nbsp;Spike Jonze,&nbsp;Michel Gondry&nbsp;and Alex &amp; Martin. Due to a reasonable amount of buzz generated from the huge clubbing scene and major record company support, Daft Punk's debut album&nbsp;<em>Homework</em>&nbsp;entered the top 10 of the&nbsp;UK album charts&nbsp;on release and effectively became the biggest-selling French act in the UK since&nbsp;Jean-Michel Jarre. The emergence of the French sound was well-timed as dance music's popularity in the influential UK market was peaking commercially with general&nbsp;electronic music.</p>\n<p>&nbsp;</p>\n<p>Further international commercial success continued into 2000 with&nbsp;Bob Sinclar,&nbsp;&Eacute;tienne de Cr&eacute;cy,&nbsp;Benjamin Diamond&nbsp;and&nbsp;Modjo&nbsp;achieving hit singles around Europe. In late 2005, pop superstar&nbsp;Madonna&nbsp;released&nbsp;<em>Confessions on a Dance Floor</em>, an album with significant French house influences in several of its songs.<sup class=\"noprint Inline-Template Template-Fact\">[<em><span title=\"This claim needs references to reliable sources. (June 2015)\">citation needed</span></em>]</sup></p>\n<p>&nbsp;</p>\n<p>As of the mid to late-2010s, there grew a resurgence in interest in French house, with material being released from artists such as Folamour and Mirrorball Disco Squad from&nbsp;Paris, as well as Tiger and Woods from&nbsp;Italy. This sound is also being championed on the lo-fi house scene by the likes of Mall Grab and Loods.</p>\n<h2>&nbsp;</h2>\n<h2><span id=\"Terms.2C_origins_and_variations\"></span><span id=\"Terms,_origins_and_variations\" class=\"mw-headline\">Terms, origins and variations</span></h2>\n<p>The term \"French touch\" was first used in Paris in July 1987. Jean-Claude Lagr&egrave;ze, a photographer of parisians' nights created a couple of \"French Touch\" parties at The Palace to make people discover house music. The parties were driven by DJ&nbsp;Laurent Garnier, Guillaume la Tortue and&nbsp;David Guetta. This expression was printed, as part of a motto for French partygoers who liked house music, on a trendy jacket by &Eacute;ric Morand for Fnac Music Dance Division, in 1991. The motto was: \"We Give a French Touch to House\".<sup class=\"noprint Inline-Template Template-Fact\">[<em><span title=\"This claim needs references to reliable sources. (June 2015)\">citation needed</span></em>]</sup>&nbsp;British music journalists used the expression and contributed to the diffusion of this movement.<sup class=\"noprint Inline-Template Template-Fact\">[<em><span title=\"This claim needs references to reliable sources. (June 2015)\">citation needed</span></em>]</sup></p>\n<p>&nbsp;</p>\n<p>The first time this term was used widespreadly by&nbsp;MTV UK&nbsp;during the Christmas holiday period of 1999. It was used on an MTV News special, to describe a so-called \"French house explosion\" phenomenon.&nbsp;Bob Sinclar&nbsp;was interviewed, as well as&nbsp;Air&nbsp;(a non-house act) and&nbsp;Cassius. This news special later aired on all the MTV local variations worldwide, spreading the term and introducing the \"French house\" sound to the mainstream.</p>\n<p>&nbsp;</p>\n<p>Prior to that (1996&ndash;2000), \"French house\" had been referred to among Europeans as \"nu-disco\", \"disco house\" and \"new disco\". However, the term \"French touch\" was first used by music journalist Martin James in his 1996 review&nbsp;&Eacute;tienne de Cr&eacute;cy's first album&nbsp;Super Discount&nbsp;in the now defunct weekly music paper&nbsp;<em>Melody Maker</em>. This term became favoured among the French media and was then widely used in the UK press by 1998.<sup id=\"cite_ref-4\" class=\"reference\">[4]</sup>&nbsp;Martin James was later recognised by French newspaper Liberation and Radio NRJ as the journalist responsible for naming the French house phenomenon \"French touch\".</p>\n<p>&nbsp;</p>\n<p>One of the biggest markets for nu-disco at the time was&nbsp;Greece, especially&nbsp;Athens.<sup class=\"noprint Inline-Template Template-Fact\">[<em><span title=\"This claim needs references to reliable sources. (September 2013)\">citation needed</span></em>]</sup>&nbsp;A local music shop called Discobole Records imported the records direct from France and middle class clubs like City Groove dedicated totally to the genre between 1998 and 2001. In Greece, this music style was promoted as \"disco house\". At the same time, disco house began to gain success in&nbsp;Canada.<sup class=\"noprint Inline-Template Template-Fact\">[<em><span title=\"This claim needs references to reliable sources. (December 2019)\">citation needed</span></em>]</sup>&nbsp;During 1999 many events also took place on Spain's&nbsp;Ibiza&nbsp;island, and has continued to be a very popular destination for British tourists.<sup id=\"cite_ref-5\" class=\"reference\">[5]</sup></p>\n<p>&nbsp;</p>\n<p>French house is essentially a combination of three production styles. One is what the French still refer as \"the French touch\" and it is the style that greatly influenced by the&nbsp;space disco&nbsp;sound. The second is a continuation and update of&nbsp;Euro disco&nbsp;and greatly influenced by the productions of&nbsp;Alec R. Costandinos. The third would be the deep American house style as evident in the similar treatment of samples and repetitive 'funky' hooks. Naturally, further variations and mutations followed. French house maintains the established \"French touch\" sound, focused more on Euro disco-like vocals and less emphasis on the \"space disco\" themes. However, most of the music's most successful acts have altered their sound since. Bob Sinclar's later work, including the hit single \"World, Hold On (Children of the Sky)\" maintains only a distant connection to the original French house sound. Both Daft Punk and &Eacute;tienne de Cr&eacute;cy subsequently developed a harder synthetic sound more directly inspired by&nbsp;techno,&nbsp;electro&nbsp;and&nbsp;pop.</p>\n<p>&nbsp;</p>\n<p>In&nbsp;Ibiza, disco house took later another direction: it combined vocals and some elements from the UK's&nbsp;speed garage&nbsp;(a mid 1990s music style) with a local Latin flavor. By 2007, many underground disco house productions belonged to the Ibiza school.</p>\n<h2>&nbsp;</h2>\n<h2><span id=\"Record_labels_associated_with_the_style\" class=\"mw-headline\">Record labels associated with the style</span></h2>\n<div class=\"div-col\">\n<ul>\n<li>Astralwerks&nbsp;(U.S. market)</li>\n<li>Bromance</li>\n<li>Crydamoure</li>\n<li>Disques Solid</li>\n<li>Dynamic Recordings</li>\n<li>Ed Banger Records</li>\n<li>F Communications</li>\n<li>Fiat Lux</li>\n<li>Kitsun&eacute;</li>\n<li>Roul&eacute;</li>\n<li>So French Records</li>\n<li>Versatile Records</li>\n<li>Work It Baby</li>\n<li>Roche Musique</li>\n</ul>\n</div>\n<h2>&nbsp;</h2>\n<h2><span id=\"References\" class=\"mw-headline\">References</span></h2>\n<div class=\"reflist\">\n<div class=\"mw-references-wrap\">\n<ol class=\"references\">\n<li id=\"cite_note-1\"><span class=\"mw-cite-backlink\"><strong>^</strong></span>&nbsp;<span class=\"reference-text\">Village Voice: Daft Punk by Scott Woods</span></li>\n<li id=\"cite_note-2\"><span class=\"mw-cite-backlink\"><strong>^</strong></span>&nbsp;<span class=\"reference-text\"><cite class=\"citation web cs1\">\"Exposition &laquo;Electro&raquo; &agrave; La Philharmonie&nbsp;: 5 clips embl&eacute;matiques de la French Touch\".&nbsp;<em>CNEWS</em>&nbsp;(in French)<span class=\"reference-accessdate\">. Retrieved&nbsp;<span class=\"nowrap\">2020-11-23</span></span>.</cite></span></li>\n<li id=\"cite_note-Mixmag_2006-3\"><span class=\"mw-cite-backlink\"><strong>^</strong></span>&nbsp;<span class=\"reference-text\">Suzanne Ely, \"Return of the Cybermen\"&nbsp;<em>Mixmag</em>, July 2006, pp. 94&ndash;98.</span></li>\n<li id=\"cite_note-4\"><span class=\"mw-cite-backlink\"><strong>^</strong></span>&nbsp;<span class=\"reference-text\">'French Connections: From Discotheque to Discovery' by Martin James, 2002, Sanctuary Publishing</span></li>\n<li id=\"cite_note-5\"><span class=\"mw-cite-backlink\"><strong>^</strong></span>&nbsp;<span class=\"reference-text\"><cite id=\"CITEREFTolentino2019\" class=\"citation web cs1\">Tolentino, Christian (2019-11-05).&nbsp;\"UK delivers highest number of overseas visitors to Ibiza\".&nbsp;<em>Travel Daily</em><span class=\"reference-accessdate\">. Retrieved&nbsp;<span class=\"nowrap\">2020-08-09</span></span>.</cite></span></li>\n</ol>\n</div>\n</div>",
 "remarks": "本词条汉字内容由 @多频百科团队 翻译+编辑\n原文译自 https://en.wikipedia.org/wiki/French_house",
 "remarksEn": "本词条内容来自 https://en.wikipedia.org/wiki/French_house",
 "status": 1,
 "clickNum": 45,
 "deleted": 0,
 "lang": 0,
 "chooseLang": true,
 "id": 62,
 "name": "French House",
 "descriptions": "French House（又称French touch、filter house和tekfunk），是一种最初由法国音乐家在20世纪90年代制作的House音乐风格。它是20世纪90年代末和2000年代欧洲舞曲界的一种流行趋势，也是欧洲迪斯科的一种形式。这种音乐的特点是在70年代末80年代初的美国或欧洲迪斯科音乐的样本（或受这些样本启发的原始钩子）上和旁边严重依赖滤波器和相位效果，从而导致比该流派的后代更厚的和声基础。这种风格的大多数曲目都以稳定的4/4拍，节奏范围为每分钟110-130拍。法式House往往会和一种被称为future funk的流派混淆，尽管它们不是同一流派。法国House的传播者包括Daft Punk、Cassius、The Supermen Lovers、Modjo和Étienne de Crécy。",
 "originalName": "French touch, filter house and tekfunk",
 "startTimeText": "Early to mid - 1990s",
 "startAddress": "France",
 "searchStyle": "House",
 "styleCategory": "House",
 "originalStyle": "Euro disco, disco, house, Chicago house, deep house",
 "affectStyle": "French electro",
 "deriveStyle": "",
 "representArtist": "Daft Punk, David Guetta",
 "officialUrl": "https://en.wikipedia.org/wiki/French_house",
 "typeId": 13,
 "typeName": "风格",
 "dataId": 62,
 "url": "http://dropinapp.hearinmusic.com/#/ency?typeId=13&dataId=62"
}