{
 "pageNum": 1,
 "pageSize": 10,
 "params": {},
 "relationChannel": "[{\"id\":1247,\"parentId\":8,\"name\":\"Frenchcore\"}]",
 "content": "<div>\n<div class=\"document\">\n<p>Frenchcore 是 Hardcore techno 的一个子类型。这种风格与其他Hardcore形式的不同之处在于速度更快，通常高至 190-250 BPM，以及响亮且失真的offbeat（反拍） Bassline。</p>\n<p>&nbsp;</p>\n<p>1990 年代开始，鼓机和采样器被用来制作这种风格。 随着技术的发展，诸如 Ableton 和 Cubase 之类的 DAW 成为了制作标准。 现代 Frenchcore 经常通过DJ Set的形式与现场音乐表演者、采样素材一起表演。</p>\n<p class=\"paragraph text-align-type-left pap-line-1.8 pap-line-rule-auto pap-spacing-before-2pt pap-spacing-after-2pt\">&nbsp;</p>\n<p class=\"paragraph text-align-type-left pap-line-1.8 pap-line-rule-auto pap-spacing-before-2pt pap-spacing-after-2pt\"><strong>历史</strong></p>\n<p class=\"paragraph text-align-type-left pap-line-1.8 pap-line-rule-auto pap-spacing-before-2pt pap-spacing-after-2pt\">Frenchcore是法国上世纪90年代早期rave and freetekno的产物。首个Frenchcore即Micropoint的诞生是由DJ Radium和Al Core于1992年创立的。1994年，DJ Radium专注于他的独唱生涯，并在90年代对该流派作出了最重要的贡献。他创建的Psychik Genocide是最早的一批Frenchcore音乐公司。Radium后来成了巡演艺术家，并在欧洲和美国演出。这一流派多年来一直处于地下状态，主要活跃在法国和意大利，代表艺术家包括Androgyn Network, The Sickest Squad, Psiko, Maissouille, X-Fly 和 DOM。</p>\n<p class=\"paragraph text-align-type-left pap-line-1.8 pap-line-rule-auto pap-spacing-before-2pt pap-spacing-after-2pt\">&nbsp;</p>\n<p class=\"paragraph text-align-type-left pap-line-1.8 pap-line-rule-auto pap-spacing-before-2pt pap-spacing-after-2pt\">在 2000 年代后半期，这种最初依赖于工业循环、打击乐、人声和节奏效果的流派开始发展另一种旋律和迷幻风格，受UK Hardcore和Trance音乐的影响。这种趋势最初由 The Speed Freak、Hunterwolf 和 Roms 等艺术家进行试验，与 DJ Radium 开创的经典Frenchcore声音不同。</p>\n<p class=\"paragraph text-align-type-left pap-line-1.8 pap-line-rule-auto pap-spacing-before-2pt pap-spacing-after-2pt\">&nbsp;</p>\n<p class=\"paragraph text-align-type-left pap-line-1.8 pap-line-rule-auto pap-spacing-before-2pt pap-spacing-after-2pt\">2010年代见证了Frenchcore的复兴，随着新艺术家的涌现还有heavy Dutch的影响力，该流派在荷兰越来越流行。2011年，&ldquo;Frenchcore S'il Vous Plait&rdquo;初演在库伦堡举行；2012年，世界上最大的hardcore音乐节Thunderdome有一个专门为Frenchcore举办的专区。2014年，世界上最大的Hardstyle音乐节Defqon.1首次增加了Frenchcore舞台。</p>\n<p class=\"paragraph text-align-type-left pap-line-1.8 pap-line-rule-auto pap-spacing-before-2pt pap-spacing-after-2pt\">&nbsp;</p>\n<p class=\"paragraph text-align-type-left pap-line-1.8 pap-line-rule-auto pap-spacing-before-2pt pap-spacing-after-2pt\" style=\"text-align: center;\"><img src=\"https://duopin-community.oss-cn-shenzhen.aliyuncs.com/wvq3k7500h1t6zl9ga56.jpg\" alt=\"\" width=\"1280\" height=\"731\" /></p>\n<p class=\"paragraph text-align-type-left pap-line-1.8 pap-line-rule-auto pap-spacing-before-2pt pap-spacing-after-2pt\" style=\"text-align: center;\"><span style=\"font-size: 8pt;\">Dr. Peacock与现场音乐家在蒂尔堡表演</span></p>\n<p class=\"paragraph text-align-type-left pap-line-1.8 pap-line-rule-auto pap-spacing-before-2pt pap-spacing-after-2pt\" style=\"text-align: center;\"><span style=\"font-size: 8pt;\">By Hardcontributor - Own work, CC BY-SA 4.0, https://commons.wikimedia.org/w/index.php?curid=88248212</span></p>\n<p class=\"paragraph text-align-type-left pap-line-1.8 pap-line-rule-auto pap-spacing-before-2pt pap-spacing-after-2pt\">&nbsp;</p>\n<p class=\"paragraph text-align-type-left pap-line-1.8 pap-line-rule-auto pap-spacing-before-2pt pap-spacing-after-2pt\">Peacock Records的音乐风格与DJ Radium首创的传统Frenchcore音乐有所不同，音乐风格发生了转变，由年轻的制作人创作出更具旋律性、精神性和现代感的声音。2016年，当Dr. Peacock在美国纽约、丹佛、菲尼克斯和匹兹堡巡回演出时，现代Frenchcore首次冲出欧洲，受到美国欢迎。同年，Dr. Peacock还在澳大利亚悉尼演出。</p>\n<p class=\"paragraph text-align-type-left pap-line-1.8 pap-line-rule-auto pap-spacing-before-2pt pap-spacing-after-2pt\">&nbsp;</p>\n<p class=\"paragraph text-align-type-left pap-line-1.8 pap-line-rule-auto pap-spacing-before-2pt pap-spacing-after-2pt\">Peacock Records的几位成员开始从hardstyle艺术家那里获得更多灵感，并在2016年前后称他们的风格为&ldquo;Euphoric Frenchcore&rdquo;。随着新的旋律流派在音乐中起影响，这种风格开始吸引hardstyle的听众。许多Frenchcore艺术家开始尝试在表演中融入现场乐器，而不是只使用DJ设备进行表演。当17岁的Sefa在2018年发行他的第一张专辑&ldquo;Leven is Lijden&rdquo;时，这一流派的人气迅速增长。这张专辑让许多hardstyle歌迷接触到了Frenchcore，Sefa开始定期在主要的hardstyle音乐节上表演。</p>\n<p class=\"paragraph text-align-type-left pap-line-1.8 pap-line-rule-auto pap-spacing-before-2pt pap-spacing-after-2pt\">&nbsp;</p>\n<p class=\"paragraph text-align-type-left pap-line-1.8 pap-line-rule-auto pap-spacing-before-2pt pap-spacing-after-2pt\">2018年，Frenchcore在harder styles音乐节上的表演的次数更多了。Peacock博士在Defqon.1的主舞台上表演，并以Qlimax结束表演，这是Q-dance在Gelredome每年一度的室内活动。他是该活动历史上第一位演奏Frenchcore音乐的艺术家。2019年，Sefa负责第一首Frenchcore Defqon.1，并表演了音乐节的闭幕式。</p>\n<p class=\"paragraph text-align-type-left pap-line-1.8 pap-line-rule-auto pap-spacing-before-2pt pap-spacing-after-2pt\">&nbsp;</p>\n<p class=\"paragraph text-align-type-left pap-line-1.8 pap-line-rule-auto pap-spacing-before-2pt pap-spacing-after-2pt\">2020年，由于COVID-19流感大流行，音乐产业遭受重大损失，导致许多表演都在线上举行。Dr. Peacock与live音乐家在奥斯特利茨金字塔表演，作为Defqon.1线上版的一部分。而Sefa在热气球上表演，作为Mysteryland线上版的一部分。 2020年秋天，Q-dance发布了他们的第一部电影《Qlimax:the Source》，该片由Sefa制作Frenchcore音乐部分，这部电影于12月22日上线Netflix。</p>\n<p class=\"paragraph text-align-type-left pap-line-1.8 pap-line-rule-auto pap-spacing-before-2pt pap-spacing-after-2pt\">&nbsp;</p>\n<p class=\"paragraph text-align-type-left pap-line-1.8 pap-line-rule-auto pap-spacing-before-2pt pap-spacing-after-2pt\">2021 年，作为 Defqon.1 at Home 的一部分，Dr. Peacock &amp; Sefa 与几位现场音乐家在艾瑟尔湖的荷兰帆船 De Vrijheid 上进行了表演。几天后，他们在荷兰国家广播电台 SLAM! 上播放了 30 分钟的Frenchcore音乐。</p>\n<p class=\"paragraph text-align-type-left pap-line-1.8 pap-line-rule-auto pap-spacing-before-2pt pap-spacing-after-2pt\">&nbsp;</p>\n<p class=\"paragraph text-align-type-left pap-line-1.8 pap-line-rule-auto pap-spacing-before-2pt pap-spacing-after-2pt\"><strong>特点</strong></p>\n<p class=\"paragraph text-align-type-left pap-line-1.8 pap-line-rule-auto pap-spacing-before-2pt pap-spacing-after-2pt\">Frenchcore的特点首先是它的快节奏和不规则的扭曲低音线。像大多数形式的电子舞曲一样，Frenchcore最初只有4/4拍的形式，而最近则有了更多的拍子，如3/4和5/8拍，以及受古典音乐影响而延伸的作品。前几年以来，像hardstyle或hardcore 那样，加入pitched kick &amp; bass后Frenchcore的音轨变得更和谐了。一个Frenchcore音轨通常要么有一个旋律伴随着kick &amp; bass，或kick &amp; bass自己本身成一种节奏。</p>\n<p class=\"paragraph text-align-type-left pap-line-1.8 pap-line-rule-auto pap-spacing-before-2pt pap-spacing-after-2pt\">&nbsp;</p>\n<p class=\"paragraph text-align-type-left pap-line-1.8 pap-line-rule-auto pap-spacing-before-2pt pap-spacing-after-2pt\" style=\"text-align: center;\"><img src=\"https://duopin-community.oss-cn-shenzhen.aliyuncs.com/ut6updof6w8b4s4avm1t.png\" alt=\"\" width=\"1276\" height=\"1803\" /></p>\n<p class=\"paragraph text-align-type-left pap-line-1.8 pap-line-rule-auto pap-spacing-before-2pt pap-spacing-after-2pt\" style=\"text-align: center;\"><span style=\"font-size: 8pt;\">2016年ADE，一套移动声音系统在表演Frenchcore音乐</span></p>\n<p class=\"paragraph text-align-type-left pap-line-1.8 pap-line-rule-auto pap-spacing-before-2pt pap-spacing-after-2pt\" style=\"text-align: center;\"><span style=\"font-size: 8pt;\">By Hardcontributor - Own work, CC BY-SA 4.0, https://commons.wikimedia.org/w/index.php?curid=91105053</span></p>\n<p class=\"paragraph text-align-type-left pap-line-1.8 pap-line-rule-auto pap-spacing-before-2pt pap-spacing-after-2pt\">&nbsp;</p>\n<p class=\"paragraph text-align-type-left pap-line-1.8 pap-line-rule-auto pap-spacing-before-2pt pap-spacing-after-2pt\">Frenchcore通常是以每分钟200拍左右的节奏进行。由于Frenchcore的音轨是以不同的节拍制作的，表演者必须考虑他们的时隙和不同音乐节，Frenchcore组中的节奏可以从180 BPM一直到220 BPM或更高，艺术家有时会以尖啸音或speedcore结束他们的表演。由于uptempo hardcore也在类似的BPM范围内，Frenchcore艺术家经常把uptempo轨道混到音乐里。两种流派的艺术家经常把两种流派混合在一起，在舞台上并排表演。</p>\n<p class=\"paragraph text-align-type-left pap-line-1.8 pap-line-rule-auto pap-spacing-before-2pt pap-spacing-after-2pt\">&nbsp;</p>\n<p class=\"paragraph text-align-type-left pap-line-1.8 pap-line-rule-auto pap-spacing-before-2pt pap-spacing-after-2pt\">最初，Frenchcore是由一个DJ或一个播放黑胶唱片的音响系统（见free tekno）演奏的，这种类型的音乐可以在夜总会或电视台听到。现代的Frenchcore音乐表演通常在夜总会、音乐厅或音乐节上进行。现在它的商业化程度更高，使用标准的DJ设备进行表演。他们有时还会用其他更多乐器为节目增添live元素。&nbsp;</p>\n</div>\n</div>",
 "contentEn": "<p><strong>Frenchcore</strong>&nbsp;is a subgenre of&nbsp;hardcore techno. The style differs from other forms of hardcore in terms of a faster tempo, usually above 190-250 BPM, and a loud &amp; distorted offbeat bassline.</p>\n<p>&nbsp;</p>\n<p>In the 1990s,&nbsp;drum machines&nbsp;and&nbsp;samplers&nbsp;were used to make this style. As technology developed,&nbsp;DAWs&nbsp;such as&nbsp;Ableton&nbsp;and&nbsp;Cubase&nbsp;became the standard for production. Modern frenchcore is often performed with live musical performers and sampling alongside a DJ set.</p>\n<h2>&nbsp;</h2>\n<h2><span id=\"History\" class=\"mw-headline\">History</span></h2>\n<p>Frenchcore is a product of the&nbsp;rave&nbsp;and&nbsp;freetekno&nbsp;scenes in&nbsp;France&nbsp;dating back to the mid-1990s. The first frenchcore act, Micropoint, was founded by DJ Radium and Al Core in 1992. In 1994, DJ Radium focused on his solo career and became known as the most significant contributor to the genre in the late 1990s.<sup id=\"cite_ref-1\" class=\"reference\">[1]</sup>&nbsp;He founded Psychik Genocide, one of the first frenchcore labels. Radium eventually became a touring artist and performed across&nbsp;Europe&nbsp;and in the&nbsp;United States.<sup id=\"cite_ref-2\" class=\"reference\">[2]</sup>&nbsp;The genre remained underground for many years, being based mostly in France and Italy with artists as Androgyn Network, The Sickest Squad, Psiko, Maissouille, X-Fly and DOM.</p>\n<p>&nbsp;</p>\n<p>In the second half of the 2000s the genre, which initially relied on&nbsp;industrial&nbsp;loops, percussion, vocal chops and rhythmic effects, started to develop an alternative melodic and psychadelic style, influenced by&nbsp;UK hardcore&nbsp;and&nbsp;trance&nbsp;music. This trend, initially experimented with by artists such as The Speed Freak, Hunterwolf and Roms, took a different direction from the classic frenchcore sound pioneered by DJ Radium.</p>\n<p>&nbsp;</p>\n<p>The 2010s saw the reinvention of frenchcore, the rise of new artists, and a heavy Dutch influence as the genre became increasingly more popular in the Netherlands. In 2011, the first edition of \"Frenchcore S'il Vous Plait\" took place in&nbsp;Culemborg; 2012's edition of&nbsp;Thunderdome, the world's biggest hardcore festival, had an area dedicated exclusively to frenchcore.<sup class=\"noprint Inline-Template Template-Fact\">[<em><span title=\"This claim needs references to reliable sources. (June 2020)\">citation needed</span></em>]</sup>&nbsp;In 2014,&nbsp;Defqon.1, the world's largest hardstyle festival, added a frenchcore stage for the first time.<sup class=\"noprint Inline-Template Template-Fact\">[<em><span title=\"This claim needs references to reliable sources. (June 2020)\">citation needed</span></em>]</sup></p>\n<p>&nbsp;</p>\n<p>The releases on Peacock Records deepened the shift in the genre to an even more harmonic and modern sound created by younger producers. In 2016, modern frenchcore's popularity expanded beyond Europe for the first time when&nbsp;Dr. Peacock&nbsp;toured through the United States with performances in&nbsp;New York City,&nbsp;Denver,&nbsp;Phoenix&nbsp;and&nbsp;Pittsburgh. Dr. Peacock also performed in&nbsp;Sydney, Australia&nbsp;that same year.<sup id=\"cite_ref-3\" class=\"reference\">[3]</sup></p>\n<p>&nbsp;</p>\n<p>Several members of Peacock Records started taking more inspiration from&nbsp;hardstyle&nbsp;artists and calling their genre \"Euphoric frenchcore\" around the year 2016. With the new melodic influence in the genre, the style began to appeal to listeners of hardstyle. Many frenchcore artists began experimenting with the integration of live instruments in their performances, as opposed to performances only using DJ equipment. The genre's popularity grew rapidly when Dr. Peacock's 17 year old prot&eacute;g&eacute; Sefa released his first album \"Leven is Lijden\" in 2018. The album introduced many hardstyle fans to frenchcore, and Sefa began to perform at major hardstyle festivals regularly.<sup id=\"cite_ref-:0_4-0\" class=\"reference\">[4]</sup></p>\n<p>&nbsp;</p>\n<p>Frenchcore's presence at harder styles festivals grew in the year 2018. Dr. Peacock performed on the main stage of Defqon.1 and closed out&nbsp;Qlimax,&nbsp;Q-dance's&nbsp;yearly indoor event at the&nbsp;Gelredome. He was the first artist to play a frenchcore set in the event's history.<sup id=\"cite_ref-5\" class=\"reference\">[5]</sup>&nbsp;In 2019, Sefa was responsible for the first frenchcore Defqon.1 anthem, and performed the closing set of the festival.<sup id=\"cite_ref-6\" class=\"reference\">[6]</sup></p>\n<p>&nbsp;</p>\n<p>The music industry suffered significant losses due to the&nbsp;COVID-19 pandemic&nbsp;in 2020, causing many events to happen virtually. Dr. Peacock performed with live musicians at the&nbsp;Pyramid of Austerlitz&nbsp;as part of the virtual edition of Defqon.1, and Sefa performed in a hot air balloon as part of&nbsp;Mysteryland's virtual edition.<sup id=\"cite_ref-7\" class=\"reference\">[7]</sup><sup id=\"cite_ref-8\" class=\"reference\">[8]</sup>&nbsp;That summer,&nbsp;Masters of Hardcore&nbsp;launched a new euphoric frenchcore label in collaboration with Re-Style,&nbsp;<strong>Rapture Records</strong>.&nbsp;<sup id=\"cite_ref-9\" class=\"reference\">[9]</sup>&nbsp;In the fall of 2020, Q-dance released their first film&nbsp;<strong>Qlimax: The Source</strong>, which features a frenchcore section produced by Sefa.<sup id=\"cite_ref-10\" class=\"reference\">[10]</sup>&nbsp;The film was added to&nbsp;Netflix&nbsp;on December 22nd.<sup id=\"cite_ref-11\" class=\"reference\">[11]</sup></p>\n<p>&nbsp;</p>\n<p>In 2021, Dr. Peacock &amp; Sefa performed with several live musicians on the Dutch sailboat&nbsp;<em>De Vrijheid</em>&nbsp;on the&nbsp;IJsselmeer&nbsp;as part of Defqon.1 at Home. A few days later, they played a 30 minute frenchcore set on Dutch national radio station&nbsp;SLAM!.&nbsp;<sup id=\"cite_ref-12\" class=\"reference\">[12]</sup></p>\n<h2>&nbsp;</h2>\n<h2><span id=\"Style_and_performance\" class=\"mw-headline\">Style and performance</span></h2>\n<p>Frenchcore is characterized first and foremost by its fast tempo and offbeat distorted bassline. Frenchcore, like most forms of electronic dance music, was initially only produced in 4/4 time. The style has recently developed to include different&nbsp;time signatures&nbsp;such as 3/4 and 5/8 and more advanced compositions influenced by classical music.<sup id=\"cite_ref-:0_4-1\" class=\"reference\">[4]</sup>&nbsp;Since the mid 2010s, tracks became more harmonic through the use of pitched kick &amp; bass, just like&nbsp;hardstyle&nbsp;or&nbsp;mainstream hardcore. A frenchcore track typically either has a melody accompanied with the kick &amp; bass harmonically, or the kick &amp; bass on its own in a rhythm focused form.</p>\n<p>&nbsp;</p>\n<p>Tempo wise, frenchcore is usually performed at around 200&nbsp;beats per minute&nbsp;with variation. Since frenchcore tracks are produced at different tempos and performers have to account for their timeslots and different types of events, the tempos within a frenchcore set can vary from 180 BPM all the way to 220 or more, with artists sometimes ending their performances with terror or&nbsp;speedcore. Since uptempo hardcore lies in a similar BPM range, frenchcore artists often mix in uptempo tracks into their sets. Artists from both genres often perform on stage side by side together mixing both genres in one set.<sup id=\"cite_ref-13\" class=\"reference\">[13]</sup></p>\n<p>&nbsp;</p>\n<p>Initially, frenchcore was performed by a&nbsp;DJ&nbsp;or a&nbsp;sound system&nbsp;(see&nbsp;free tekno) playing&nbsp;vinyl records. The genre could be heard at&nbsp;nightclubs&nbsp;or&nbsp;teknivals. Modern frenchcore performances often take place at nightclubs,&nbsp;concert halls&nbsp;or&nbsp;music festivals, are now much more commercial and performed on standard DJ equipment. They also sometimes feature extra instruments to add a live element to the show.<sup class=\"noprint Inline-Template Template-Fact\">[<em><span title=\"This claim needs references to reliable sources. (June 2020)\">citation needed</span></em>]</sup></p>\n<h2>&nbsp;</h2>\n<h2><span id=\"Notes\" class=\"mw-headline\">Notes</span></h2>\n<div class=\"reflist\">\n<div class=\"mw-references-wrap mw-references-columns\">\n<ol class=\"references\">\n<li id=\"cite_note-1\"><span class=\"mw-cite-backlink\"><strong>^</strong></span>&nbsp;<span class=\"reference-text\"><cite class=\"citation web cs1\">\"Le DJ De Techno Hardcore Radium Nous Parle de sa Passion et de Son Avid Sur la Musique &Eacute;lectronique\".&nbsp;<em>www.ravefeed.com</em>. Ravefeed<span class=\"reference-accessdate\">. Retrieved&nbsp;<span class=\"nowrap\">2020-03-18</span></span>.</cite></span></li>\n<li id=\"cite_note-2\"><span class=\"mw-cite-backlink\"><strong>^</strong></span>&nbsp;<span class=\"reference-text\"><cite class=\"citation web cs1\">\"Interview with RADIUM\".&nbsp;<em>Scottish Hardcore</em><span class=\"reference-accessdate\">. Retrieved&nbsp;<span class=\"nowrap\">2020-04-22</span></span>.</cite></span></li>\n<li id=\"cite_note-3\"><span class=\"mw-cite-backlink\"><strong>^</strong></span>&nbsp;<span class=\"reference-text\"><cite class=\"citation web cs1\">\"Dr. Peacock: Interview From Trauma\". The Hard Data<span class=\"reference-accessdate\">. Retrieved&nbsp;<span class=\"nowrap\">2020-03-18</span></span>.</cite></span></li>\n<li id=\"cite_note-:0-4\"><span class=\"mw-cite-backlink\">^&nbsp;<span class=\"cite-accessibility-label\">Jump up to:</span><sup><em><strong>a</strong></em></sup>&nbsp;<sup><em><strong>b</strong></em></sup></span>&nbsp;<span class=\"reference-text\"><cite id=\"CITEREFMandel\" class=\"citation web cs1\">Mandel, Alan.&nbsp;\"Life is Suffering &amp; Sefa is Going To The Top\".&nbsp;<em>edm.com</em><span class=\"reference-accessdate\">. Retrieved&nbsp;<span class=\"nowrap\">2020-03-18</span></span>.</cite></span></li>\n<li id=\"cite_note-5\"><span class=\"mw-cite-backlink\"><strong>^</strong></span>&nbsp;<span class=\"reference-text\"><cite class=\"citation web cs1\">\"Dr.Peacock Interview Qlimax 2018 | Q-dance\".&nbsp;<em>www.q-dance.com</em><span class=\"reference-accessdate\">. Retrieved&nbsp;<span class=\"nowrap\">2020-03-18</span></span>.</cite></span></li>\n<li id=\"cite_note-6\"><span class=\"mw-cite-backlink\"><strong>^</strong></span>&nbsp;<span class=\"reference-text\"><cite class=\"citation web cs1\">\"DSEFA SLUIT ALS ALLEREERSTE FRENCHCORE DJ OOIT DEFQON.1 FESTIVAL 2019 AF\"&nbsp;(in Dutch). hardcorenews.nl<span class=\"reference-accessdate\">. Retrieved&nbsp;<span class=\"nowrap\">2021-01-07</span></span>.</cite></span></li>\n<li id=\"cite_note-7\"><span class=\"mw-cite-backlink\"><strong>^</strong></span>&nbsp;<span class=\"reference-text\"><cite class=\"citation web cs1\">\"WOENSDAG GEHAKTDAG &ndash; PEACOCK IN CONCERT AT THE PYRAMID OF AUSTERLITZ (DEFQON.1, 2020)\"&nbsp;(in Dutch)<span class=\"reference-accessdate\">. Retrieved&nbsp;<span class=\"nowrap\">2021-01-07</span></span>.</cite></span></li>\n<li id=\"cite_note-8\"><span class=\"mw-cite-backlink\"><strong>^</strong></span>&nbsp;<span class=\"reference-text\"><cite class=\"citation web cs1\">\"Mysteryland komt met digitaal festival vanuit luchtballon\"&nbsp;(in Dutch)<span class=\"reference-accessdate\">. Retrieved&nbsp;<span class=\"nowrap\">2021-01-07</span></span>.</cite></span></li>\n<li id=\"cite_note-9\"><span class=\"mw-cite-backlink\"><strong>^</strong></span>&nbsp;<span class=\"reference-text\"><cite class=\"citation web cs1\">\"RE-STYLE &amp; MASTERS OF HARDCORE PRESENT: RAPTURE RECORD\"&nbsp;(in Dutch). hardcoreradio.nl/<span class=\"reference-accessdate\">. Retrieved&nbsp;<span class=\"nowrap\">2021-06-07</span></span>.</cite></span></li>\n<li id=\"cite_note-10\"><span class=\"mw-cite-backlink\"><strong>^</strong></span>&nbsp;<span class=\"reference-text\"><cite class=\"citation audio-visual cs1\">Daan Jansen, Stijn Verlinde (directors) (December 22, 2020).&nbsp;<em>Qlimax: The Source</em>&nbsp;(Motion picture). The Netherlands: Q-dance.</cite></span></li>\n<li id=\"cite_note-11\"><span class=\"mw-cite-backlink\"><strong>^</strong></span>&nbsp;<span class=\"reference-text\"><cite class=\"citation web cs1\">\"Netflix enters the hardstyle realm with Qlimax: The Source\"&nbsp;(in Dutch). weraveyou.com<span class=\"reference-accessdate\">. Retrieved&nbsp;<span class=\"nowrap\">2021-06-07</span></span>.</cite></span></li>\n<li id=\"cite_note-12\"><span class=\"mw-cite-backlink\"><strong>^</strong></span>&nbsp;<span class=\"reference-text\"><cite class=\"citation web cs1\">\"KIJK, DIT IS FRENCHCORE: DR.PEACOCK &amp; SEFA IN HET AVONDCIRCUS\"&nbsp;(in Dutch). slam.fm<span class=\"reference-accessdate\">. Retrieved&nbsp;<span class=\"nowrap\">2021-01-07</span></span>.</cite></span></li>\n<li id=\"cite_note-13\"><span class=\"mw-cite-backlink\"><strong>^</strong></span>&nbsp;<span class=\"reference-text\"><cite class=\"citation web cs1\">\"BKJN vs. Partyraiser Review\".&nbsp;<em>theharddata.com</em><span class=\"reference-accessdate\">. Retrieved&nbsp;<span class=\"nowrap\">2020-03-23</span></span>.</cite></span></li>\n</ol>\n</div>\n</div>",
 "remarks": "本词条汉字内容由 @多频百科团队 翻译+编辑\n原文译自 https://en.wikipedia.org/wiki/Frenchcore",
 "remarksEn": "本词条内容来自 https://en.wikipedia.org/wiki/Frenchcore",
 "status": 1,
 "clickNum": 79,
 "deleted": 0,
 "lang": 0,
 "chooseLang": true,
 "id": 203,
 "name": "Frenchcore",
 "descriptions": "Frenchcore 是 Hardcore techno 的一个子类型。这种风格与其他Hardcore形式的不同之处在于速度更快，通常高至 190-250 BPM，以及响亮且失真的offbeat（反拍） Bassline。",
 "originalName": "",
 "startTimeText": "Early 1990s",
 "startAddress": "France; The Netherlands",
 "searchStyle": "Hardcore",
 "styleCategory": "Hardcore",
 "originalStyle": "Early hardcore, mainstream hardcore, freetekno, happy hardcore, hardstyle",
 "affectStyle": "",
 "deriveStyle": "",
 "representArtist": "Dr. Peacock, DJ Radium, Sefa",
 "officialUrl": "https://en.wikipedia.org/wiki/Frenchcore",
 "typeId": 13,
 "typeName": "风格",
 "dataId": 203,
 "url": "http://dropinapp.hearinmusic.com/#/ency?typeId=13&dataId=203"
}