{
 "pageNum": 1,
 "pageSize": 10,
 "params": {},
 "relationChannel": "[{\"id\":1422,\"parentId\":8,\"name\":\"Full-on\"}]",
 "content": "<p>Full-On trance是一种psychedelic trance的子风格，在乐曲氛围高峰时刻有很高的能量，通常旋律性强，精力充沛，拥有清脆的低音和快速的节奏（通常140-148 bpm）。有一些相关的风格是从这个风格衍生出来的，并区分为不同种类的Full-On：twilight和night full-on（或称dark full-on），它们与标准Full-On的区别在Bassline中有更大胆和低沉的音符，让人有处于晨间的感觉（感觉光明和快乐），并感到振奋。</p>",
 "contentEn": "<p>Full-on (also known as melodic psytrance) is a psychedelic trance style which has high energy for peak moments, often having melodic, energetic, and crisp basslines with a fast tempo (usually 140-148 bpm). There are some related styles that are derived from this style and are distinguished as different varieties of Full-On: twilight and night full-on (or dark full-on), having bolder and lower notes in their basslines, morning (light and kind of happy), and uplifting.</p>",
 "remarks": "本词条汉字内容由 @多频百科团队 翻译+编辑\n原文译自 https://en.wikipedia.org/wiki/Psychedelic_trance",
 "remarksEn": "本词条内容来自 https://en.wikipedia.org/wiki/Psychedelic_trance",
 "status": 1,
 "clickNum": 16,
 "deleted": 0,
 "lang": 0,
 "chooseLang": true,
 "id": 176,
 "name": "Full-on",
 "descriptions": "Full-On trance是一种psychedelic trance的子风格，在乐曲氛围高峰时刻有很高的能量，通常旋律性强，精力充沛，拥有清脆的低音和快速的节奏（通常140-148 bpm）。有一些相关的风格是从这个风格衍生出来的，并区分为不同种类的Full-On：twilight和night full-on（或称dark full-on），在Bassline中有更大胆和低沉的音符，让人有处于晨间的感觉（感觉光明和快乐），并感到振奋。",
 "originalName": "",
 "startTimeText": "",
 "startAddress": "",
 "searchStyle": "Trance",
 "styleCategory": "Psychedelic Trance",
 "originalStyle": "",
 "affectStyle": "",
 "deriveStyle": "twilight/night full-on",
 "representArtist": "",
 "officialUrl": "https://en.wikipedia.org/wiki/Psychedelic_trance",
 "typeId": 13,
 "typeName": "风格",
 "dataId": 176,
 "url": "http://dropinapp.hearinmusic.com/#/ency?typeId=13&dataId=176"
}