{
 "pageNum": 1,
 "pageSize": 10,
 "params": {},
 "relationChannel": "[{\"id\":1315,\"parentId\":8,\"name\":\"Funk Carioca\"}]",
 "content": "<div class=\"document\">\n<p>Funk carioca，也被称为favela funk，在世界其他地区也叫baile funk，是一种来自里约热内卢的嘻哈风格，源于Miami bass 和gangsta rap 。</p>\n<p>&nbsp;</p>\n<p>在巴西，\"Baile funk \"不是指音乐，而是指实际的派对或迪斯科舞厅，在那里播放音乐（葡萄牙语发音：，来自baile，意思是 \"舞蹈\"）。虽然起源于里约热内卢，但在巴西其他地区的工人阶级中，funk carioca已经变得越来越流行。在整个国家，funk carioca经常被简单地称为funk，尽管它在音乐上与其他大多数地方的funk含义非常不同。</p>\n<p>&nbsp;</p>\n<p class=\"paragraph text-align-type-left pap-line-1.8 pap-line-rule-auto pap-spacing-before-0pt pap-spacing-after-0pt\">Funk carioca曾经是samba, Afrobeat, Miami bass, Latin music, traditional African religious music, Candomble, hip-hop 和freestyle（另一个迈阿密流派）音乐的直接衍生品。这些在美国非常本土化的音乐流派，之所以在里约热内卢流行和影响，是因为距离近。迈阿密是里约DJ购买最新美国唱片的热门飞机点。伴随着迈阿密的影响的是巴西殖民时期奴隶贸易的长期影响。各种非洲宗教，如vodun，和candomble被带到美洲的非洲奴隶。在非洲散居地的非洲宗教音乐中也有同样的节拍，许多巴西黑人都认同自己是这种宗教的一部分。这种流派的音乐主要是由那些在巴西的黑人社区开始的，因此，一个沸腾的流派开始派生。许多类似风格的音乐流派可以在加勒比岛国被发现，如：牙买加，古巴，多米尼加共和国，巴巴多斯，海地，波多黎各，等等。</p>\n<p class=\"paragraph text-align-type-left pap-line-1.8 pap-line-rule-auto pap-spacing-before-0pt pap-spacing-after-0pt\">&nbsp;</p>\n<p class=\"paragraph text-align-type-left pap-line-1.8 pap-line-rule-auto pap-spacing-before-0pt pap-spacing-after-0pt\">Bounce music，起源于路易斯安那州新奥尔良，也有类似的节奏。新奥尔良原本是法国的领土，在卖给美国之前，是大西洋奴隶贸易的中心。这些音乐风格相似的地区，都保留了美国嘻哈、非洲音乐和拉丁音乐的影响。20世纪70年代，里约热内卢的夜总会播放funk 和 soul music。20世纪80年代，Funk carioca在里约热内卢的贫民窟流行起来，该城市主要是非洲裔巴西人的贫民窟。从20世纪90年代中期开始，它成为巴西的主流。Funk歌曲讨论的话题多种多样，如贫穷、人类尊严、黑人的种族自豪感、性、暴力和社会不公等。社会分析家认为，Funk Carioca是对里约穷人和黑人所承受的严重社会问题的真实表达。根据DJ Marlboro的说法，Funk carioca出现的主要影响是Afrika Bambaataa和Soulsonic Force在1982年发行的单曲 \"Planet Rock\"。Carioca在早期多是 Miami bass或freestyle唱片中的电子鼓的循环，以及4-6拍的Afrobeat节奏，也有少数艺术家用实际的鼓机进行创作。最常见的鼓点是DJ Battery Brain的 \"808 volt \"的循环，俗称 \"Voltmix\"，不过Hassan的 \"Pump Up the Party \"也值得一提。现在，Funk Carioca节奏大多基于tamborz&atilde;o节奏，而不是老式的鼓机循环。旋律通常是采样的，旧的歌曲通常删去自由式采样来做旋律，或者根本就没有。现代funk使用了一组来自不同来源的采样，特别是号角和手风琴的刺奏，以及 \"Rocky\"主题的号角前奏。Funk Carioca一直使用一个小的节奏和样本目录，几乎所有的歌曲都会从这个目录中取材（常见的是在同一首歌中使用几个样本）。</p>\n<p class=\"paragraph text-align-type-left pap-line-1.8 pap-line-rule-auto pap-spacing-before-0pt pap-spacing-after-0pt\">&nbsp;</p>\n<div>\n<div class=\"document\">\n<p class=\"paragraph text-align-type-left pap-line-1.8 pap-line-rule-auto pap-spacing-before-0pt pap-spacing-after-0pt\">Funk Carioca歌曲可以是器乐，也可以包括说唱、歌唱，或者介于两者之间的东西。由巴西人和其他非洲裔拉美人流行，\"Bum-Cha-Cha，Bum Cha-Cha\"，\"Bum-Cha-Cha，Cha Cha \"甚至 \"Boom-Pop-Pop，Pop,Pop \"的说法是大多数funk歌曲的节奏的代表。Funk Carioca与起源于美国的funk不同。从1970年开始，像bailes da pesada、black soul、shaft和funk等风格开始在里约热内卢出现。随着时间的推移，DJ们开始寻找其他节奏的黑人音乐，但最初的名字并没有保留下来。baile funk一词是用来指Funk Carioca演奏的派对。Funk carioca最早出现，在整个里约热内卢州都有演奏，但并不像里约本地人喜欢相信的那样，只在里约市演奏。Funk carioca主要是吸引年轻人。在1980年的十年中，人类学家Herman Vianna是第一个把Funk作为研究对象的社会科学家，在他的硕士论文中，这就有了《O Mundo Funk carioca》一书的起源，这本书翻译成《Carioca Funk World》（1988年）。在这十年间，funk dance失去了一点人气，由于迪斯科音乐的出现，soul 和funk的流行，特别是在电影Saturday Night Fever（1977年）上映后，由John Travolta主演，并配乐的乐队Bee Gees。当时，十几岁的费尔南多-路易斯-马托斯-达-马塔（Fernando Lu&iacute;s Mattos da Matta）在收听里约热内卢广播城（102.9 FM）的Cidade Disco Club节目时，对迪斯科舞厅产生了兴趣。几年后，Fernando采用了DJ Marlboro的绰号，该电台被称为里约 \"摇滚电台\"。</p>\n</div>\n</div>\n<p class=\"paragraph text-align-type-left pap-line-1.8 pap-line-rule-auto pap-spacing-before-0pt pap-spacing-after-0pt\">&nbsp;</p>\n<p class=\"paragraph text-align-type-left pap-line-1.8 pap-line-rule-auto pap-spacing-before-0pt pap-spacing-after-0pt\"><strong>衍生</strong></p>\n<p class=\"paragraph text-align-type-left pap-line-1.8 pap-line-rule-auto pap-spacing-before-0pt pap-spacing-after-0pt\">从Funk Carioca音乐中衍生出许多变体。Brega funk 创作于巴西东北部，旋律混合了brega、arrocha和funk carioca。brega funk的流行歌手有Felipe Original、Dad&aacute; Bolad&atilde;o和MC Loma。brega funk风格的一个例子是由Pabllo Vittar演唱的 \"Parab&eacute;ns\"。</p>\n<p class=\"paragraph text-align-type-left pap-line-1.8 pap-line-rule-auto pap-spacing-before-0pt pap-spacing-after-0pt\">&nbsp;</p>\n<div>\n<div class=\"document\">\n<p class=\"paragraph text-align-type-left pap-line-1.8 pap-line-rule-auto pap-spacing-before-0pt pap-spacing-after-0pt\">Funk melody ： 是以电子节奏为基础，但又带有浪漫的抒情方式。它一直以女歌手为动力而闻名。其中流行的Funk melody歌手有Perlla，Babi和Copacabana Beat。</p>\n<p class=\"paragraph text-align-type-left pap-line-1.8 pap-line-rule-auto pap-spacing-before-0pt pap-spacing-after-0pt\">&nbsp;</p>\n<p class=\"paragraph text-align-type-left pap-line-1.8 pap-line-rule-auto pap-spacing-before-0pt pap-spacing-after-0pt\">Funk ostenta&ccedil;&atilde;o：是里约热内卢Funk的一个子流派，2008年在圣保罗创立。这种风格的歌曲的抒情和主题内容主要集中在显眼的消费，以及对物质主义活动的关注，对城市生活风格的美化和离开贫民窟的野心。从那时起，funk ostenta&ccedil;&atilde;o就与巴西新兴的nova classe m&eacute;dia（新中产阶级）紧密联系在一起。</p>\n<p class=\"paragraph text-align-type-left pap-line-1.8 pap-line-rule-auto pap-spacing-before-0pt pap-spacing-after-0pt\">&nbsp;</p>\n<p class=\"paragraph text-align-type-left pap-line-1.8 pap-line-rule-auto pap-spacing-before-0pt pap-spacing-after-0pt\">Proibid&atilde;o：是funk carioca的一个衍生物，与被禁止有关。其内容涉及非法毒品的销售和对警察机构的战争，以及对贩毒集团的颂扬和赞美，类似于黑帮说唱。</p>\n<p class=\"paragraph text-align-type-left pap-line-1.8 pap-line-rule-auto pap-spacing-before-0pt pap-spacing-after-0pt\">&nbsp;</p>\n<p class=\"paragraph text-align-type-left pap-line-1.8 pap-line-rule-auto pap-spacing-before-0pt pap-spacing-after-0pt\">Rasteirinha ：是里约热内卢funk的一种较慢的风格，速度在96BPM左右，使用阿塔巴奎斯、手鼓和beatboxing。它还结合了reggaeton 和ax&eacute;的影响。MC WM的 \"Fuleragem \"是Rasteirinha风格中最著名的歌曲。</p>\n<p class=\"paragraph text-align-type-left pap-line-1.8 pap-line-rule-auto pap-spacing-before-0pt pap-spacing-after-0pt\">&nbsp;</p>\n<div>\n<div class=\"document\">\n<p class=\"paragraph text-align-type-left pap-line-1.8 pap-line-rule-auto pap-spacing-before-0pt pap-spacing-after-0pt\">Rave funk ：是Funk carioca和电子音乐的混合体，由DJ GBR在2016年创造。其中rave funk最受欢迎的歌曲是Kevinho和MC Hollywood的 \"&Eacute; Rave Que Fala N&eacute;\"。Funk 150 BPM 在2018年，每分钟150拍或150 BPM的Funk carioca由DJ Polyvox和Rennan da Penha创建。2019年，Funk carioca 150 BPM被狂欢节街区采用。由Kevin O Chris创作的 \"Ela &Eacute; Do Tipo \"是该流派中最受欢迎的歌曲之一。</p>\n<p class=\"paragraph text-align-type-left pap-line-1.8 pap-line-rule-auto pap-spacing-before-0pt pap-spacing-after-0pt\">&nbsp;</p>\n<p class=\"paragraph text-align-type-left pap-line-1.8 pap-line-rule-auto pap-spacing-before-0pt pap-spacing-after-0pt\">Raggafunk：该流派由DJ Marlboro创造，出现在第三代funk melody的背景下（里约热内卢，很少有圣保罗，2010年），代表艺术家有Ludmilla、MC Biel和Valesca Popozuda等。在这一代人中，funk melody最初是与音乐流行和电子节奏（electropop）混合在一起的，但是，随着拉丁节奏在音乐产业中的兴起，放克开始混合了ragga, reggae, reggaeton and kuduro等流派的元素。</p>\n<p class=\"paragraph text-align-type-left pap-line-1.8 pap-line-rule-auto pap-spacing-before-0pt pap-spacing-after-0pt\">&nbsp;</p>\n<p class=\"paragraph text-align-type-left pap-line-1.8 pap-line-rule-auto pap-spacing-before-0pt pap-spacing-after-0pt\"><strong>在欧洲的认可度</strong></p>\n<p class=\"paragraph text-align-type-left pap-line-1.8 pap-line-rule-auto pap-spacing-before-0pt pap-spacing-after-0pt\">在2000年之前，funk carioca只是一个地区性的现象。然后，欧洲媒体开始报道其音乐、社会问题与强烈的性吸引力（通常是色情的）的奇特组合。2001年，Funk carioca的歌曲第一次出现在一个非巴西标签上。其中一个例子是由BMG发行的专辑《Favela Chic》。它包含了三首老派的funk carioca歌曲，其中包括De Falla的歌曲 \"Popozuda Rock n' Roll\"。2003年，Black Alien &amp; Speed的曲子Quem Que Caguetou（Follow Me Follow Me）在巴西并不受欢迎，但随后被用于欧洲的跑车广告，这有助于提高funk carioca的知名度。柏林音乐记者和DJ Daniel Haaksman在2004年通过Essay Recordings发行了Rio Baile Funk Favela Booty Beats和2006年发行了More Favela Booty Beats两张CD合集。他开启了Popozuda Rock n&acute;Roll艺术家Edu K的国际事业，他的baile funk 歌曲被用于德国的一个软饮料广告。Haaksman继续制作和发行了许多新的baile funk唱片，特别是他的厂牌Man Recordings的EP系列 \"Funk Mundial \"和 \"Baile Funk Masters\"。2004年，来自东欧的舞厅，主要是罗马尼亚和保加利亚的舞厅，由于音乐和舞蹈的强烈性吸引力，增强了funk carioca的受欢迎程度，也被称为Bonde das Popozudas。当时很多Funk Carioca的艺术家开始在国外做演出。DJ Marlboro和Favela Chic Paris club是旅行者和创作者的先锋。在那之前，funk carioca的制作仅限于在贫民区和巴西的流行音乐市场上演出。DJ Marlboro，一个主要的Funk carioca曲子的作曲家，在2006年的巴西Isto &Eacute;杂志上宣称，他对海外突然对这一流派的兴趣感到惊讶。他随后在欧洲10多个国家进行了巡演。在伦敦，二人组Tetine制作了一张名为《Slum Dunk Presents Funk Carioca》的合辑，2004年由Mr Bongo Records发行。Tetine还在伦敦的广播艺术电台Resonance FM 104.4上开设了每周一次的广播节目Slum Dunk。他们的电台节目完全是以Funk Carioca为主题，作为一个平台，让二人制作和组织了一系列电影节目，以及涉及里约Funk Carioca艺术家的采访和演出。Tetine还负责首次放映由电影制片人Denise Garcia拍摄的后女权主义纪录片《Eu Sou Feia Mas T&ocirc; Na Moda》，该片由Tetine在伦敦联合制作，并于2005年3月在东伦敦Brady艺术中心的Slum Dunk电影项目中首次放映。除此之外，Tetine还制作了两张带有实验性DIY同性恋funk carioca的专辑。2004年由巴西厂牌Bizarre Records发行的Bonde do Tet&atilde;o和2005年由Kute Bash Records发行的L.I.C.K My Favela。Tetine还和Deize Tigrona一起录制了歌曲 \"I Go to the Doctor\"，收录在2005年的LP L.I.C.K My Favela中，后来还收录在他们2008年由Soul Jazz Records发行的专辑Let Your X's Be Y's中。在意大利，Irma Records在2005年发行了Colors Music #4: Rio Funk的合辑。许多小厂牌（尤其是欧洲厂牌Arcade Mode和美国厂牌Flamin&acute;Hotz和Nossa）厂牌以盗版形式发行了几张合辑和EP。艺术家MIA以她在2005年发行的单曲Bucky Done Gun为funk carioca带来了主流的国际知名度，并使美国DJ Diplo受到关注，他曾在M.I.A.2004年的mixtape Piracy Funds Terrorism中的歌曲Baile Funk One、Baile Funk Two和Baile Funk Three中工作。2004年，在Ivanna Bergese与他分享了她的表演节目Yours Truly的一些混音带后，Diplo制作了一张盗版mixtape，Favela on Blastin。他还制作了纪录片《Favela on Blast》，该片于2010年7月发行，记录了Funk carioca在里约贫民窟的角色、文化和性格。在欧洲，特别是在德国和瑞典，还制作了其他独立视频纪录片。这些片子一般都集中在贫民窟的社会问题上。这些系列纪录片中最著名的一部是丹麦电影制作人Andreas Rosforth Johnsen拍摄的Mr Catra the faithful[31]，（2005年），由许多欧洲开放和有线电视频道播放。来自伦敦的艺术家Sandra D'Angelo是第一位将Funk Carioca带入意大利的意大利歌手制作人，2008年她与Mc Gringo在伦敦诺丁山艺术俱乐部进行了演出。2008年，她在Edison Change the Music的比赛中表演了她的baile funk作品。Sandra D'Angelo也在纽约表演了Baile Funk，并与EDU KA (Man Recordings)和来自里约的DJ Amazing Clay合作制作曲目。2008年，柏林厂牌Man Recordings发行了德国MC Gringo的首张专辑《Gring&atilde;o》，他是唯一一个在里约热内卢bailes表演的非巴西MC。英国独立流行乐队Everything Everything声称他们的40强单曲《Cough Cough》中使用的鼓型是受到Major Lazer的Pon de Floor的启发，这是一首funk carioca歌曲。</p>\n<div>\n<div class=\"document\">\n<p class=\"paragraph text-align-type-left pap-line-1.8 pap-line-rule-auto pap-spacing-before-0pt pap-spacing-after-0pt\">&nbsp;</p>\n<p class=\"paragraph text-align-type-left pap-line-1.8 pap-line-rule-auto pap-spacing-before-0pt pap-spacing-after-0pt\"><strong>批评</strong></p>\n<p class=\"paragraph text-align-type-left pap-line-1.8 pap-line-rule-auto pap-spacing-before-0pt pap-spacing-after-0pt\">在巴西，funk carioca由于其暴力和性暗示的歌词以及厌恶女性的内容而经常受到批评。将女性贬低为性对象是funk carioca歌词中经常出现的主题。女孩被称为 \"cachorras\"(母狗)和 \"popozudas\"--大屁股，许多歌曲围绕着与她们随意和有辱人格的性行为。\"Novinhas\"(年轻/未成年女孩)作为性对象也是funk carioca歌曲中经常出现的主题。性的极度平庸化和煽动滥交被认为是funk carioca文化的一个消极方面。除了道德方面的考虑，在卫生条件差、性教育程度低的贫民窟，这可能会导致公共卫生和社会问题。在这些社区，几乎没有明确的避孕方法，由于缺乏教育和认识，计划生育几乎不存在。这种环境导致意外怀孕、人口过度增长，并最终导致社区的增长(faveliza&ccedil;&atilde;o)。贫民窟中犯罪行为的美化也经常被视为Funk Carioca的另一个负面后果。一些属于 \"proibid&atilde;o\"(\"禁忌\")风格的funk歌曲有非常暴力的歌词，有时由贩毒团伙创作。其主题包括赞美谋杀敌对帮派成员和警察、恐吓反对者、声称对贫民窟拥有权力、抢劫、吸毒和一般毒贩的非法生活。当局认为其中一些歌词是在 \"招募 \"人们参加有组织犯罪和煽动暴力，因此播放其中一些歌曲被视为犯罪。由于缺乏监管和通常发生的地点，\"bailes funk \"也是非常容易发生犯罪的场所。它们是毒品交易和消费的热门热点，毒贩们全副武装地频繁出入派对，甚至谋杀率也很高。比较流行的funk carioca艺人通常会为他们的歌曲创作两套不同的类似歌词：一套是比较温和、比较 \"合适 \"的版本，另一套是比较严厉、比较粗糙的歌词（与歌曲的 \"干净 \"和 \"露骨 \"版本的概念不一样）。第一种版本是地方电台播放的版本；第二种版本是在舞厅、聚会、公开场合由音响车播放的版本。在funk carioca中经常出现的抒情主题是露骨的性姿势、funk党、警察部队和贫民窟居民在贫民窟的生活。歌词的另一个很大的部分是利用周围的世界--主要是已经笼罩了该地区的贫困。这通常在歌词中被谴责，对美好生活的希望贯穿了他们的许多曲子。随着近来在欧洲的成功，也有人批评巴西输出的音乐与20世纪50/60年代的bossa nova 音乐和80年代成名的巴西摇滚相比，要逊色很多。据传，贫民窟的大部分funk音乐也是由毒枭提供资金支持的，所以很多歌曲的歌词都涉及到挑战警察的内容，同时暗中破坏巴西目前制定的法律。</p>\n<div>\n<div class=\"document\">\n<p class=\"paragraph text-align-type-left pap-line-1.8 pap-line-rule-auto pap-spacing-before-0pt pap-spacing-after-0pt\">&nbsp;</p>\n<p class=\"paragraph text-align-type-left pap-line-1.8 pap-line-rule-auto pap-spacing-before-0pt pap-spacing-after-0pt\"><strong>回应</strong></p>\n<p class=\"paragraph text-align-type-left pap-line-1.8 pap-line-rule-auto pap-spacing-before-0pt pap-spacing-after-0pt\">捍卫者认为，这种流派是非洲裔巴西人社区文化的真实表达，性歌词反映了巴西社会的性自由。</p>\n</div>\n</div>\n</div>\n</div>\n</div>\n</div>\n</div>\n</div>\n</div>",
 "remarks": "本词条汉字内容由 @多频百科团队 翻译+编辑\n原文译自 https://en.wikipedia.org/wiki/Funk_carioca",
 "remarksEn": "本词条内容暂未完善仅供参考，多频百科小编正在火速赶来",
 "status": 0,
 "clickNum": 0,
 "deleted": 0,
 "lang": 0,
 "chooseLang": false,
 "id": 289,
 "name": "Funk Carioca",
 "descriptions": "Funk carioca，也被称为favela funk，在世界其他地区也叫baile funk，是一种来自里约热内卢的嘻哈风格，源于Miami bass 和gangsta rap 。",
 "originalName": "",
 "startTimeText": "Mid-1980s",
 "startAddress": "Rio de Janeiro, Brazil",
 "searchStyle": "Hip Hop Music",
 "styleCategory": "Miami Bass",
 "originalStyle": "Miami bass, electro-funk, gangsta rap, freestyle",
 "affectStyle": "",
 "deriveStyle": "",
 "representArtist": "",
 "officialUrl": "https://en.wikipedia.org/wiki/Funk_carioca",
 "typeId": 13,
 "typeName": "风格",
 "dataId": 289,
 "url": "http://dropinapp.hearinmusic.com/#/ency?typeId=13&dataId=289"
}