{
 "pageNum": 1,
 "pageSize": 10,
 "params": {},
 "relationChannel": "[{\"id\":1120,\"parentId\":8,\"name\":\"Funky House\"}]",
 "relationEncy": "[{\"id\":36343,\"typeId\":13,\"dataId\":16,\"name\":\"Disco\",\"url\":\"http://dropinapp.hearinmusic.com/#/ency?typeId=13&dataId=16\"}]",
 "content": "<p>Funk House（放克浩室）是house音乐的一个子流派，它使用迪斯科和放克样本，以放克风格为灵感的低音线或强烈的灵魂影响力，结合鼓声，从20世纪70年代和80年代的放克唱片中获得灵感。迪斯科弦乐的使用在该流派中也很常见，尽管并非总是如此。Funky house使用特定的技术和特定的声音，特点是bassline、swooshes、swirls和其他合成声音，使音乐具有128 BPM左右的跳动节奏。</p>\n<p>&nbsp;</p>\n<p>这种风格在商业上很受欢迎，Defected Records、Ministry of Sound、Hed Kandi、Fierce Angel等唱片公司都推出了专门针对这种风格的合辑。</p>\n<p>&nbsp;</p>\n<p><strong>历史 </strong></p>\n<p>Funky House在2000年代初和中期（十年左右的时间）特别成功。</p>\n<p>&nbsp;</p>\n<p>2010年代至今，随着2010年代初人们对Funk和Disco的重新关注，Funky House这个音乐类型经常被误用。当代音乐人在制作House音乐时，以Funk和Disco的样本为基础，但歌曲的结构和特点仍然是来自于普通House。这类音乐通常被称为funk-house，是母体类型的发展，与funky house没有关系。</p>",
 "contentEn": "<p><strong>Funky house</strong>&nbsp;is a subgenre of&nbsp;house music&nbsp;that uses&nbsp;disco&nbsp;and&nbsp;funk&nbsp;samples, a funk-inspired bass line or a strong soul influence, combined with drum breaks that draw inspiration from 1970s and 1980s funk records.<sup id=\"cite_ref-2\" class=\"reference\">[2]</sup>&nbsp;The use of disco strings are also common in the genre, although not always. Funky house uses specific techniques and specific sound, characterized by bassline, swooshes, swirls and other synthesized sounds which give the music a bouncy tempo<sup id=\"cite_ref-3\" class=\"reference\">[3]</sup>&nbsp;with around 128 BPM.</p>\n<p>&nbsp;</p>\n<p>The genre is commercially popular, with record labels such as&nbsp;Defected Records,&nbsp;Ministry of Sound,&nbsp;Hed Kandi, and&nbsp;Fierce Angel&nbsp;all releasing compilation albums dedicated to the genre.<sup id=\"cite_ref-4\" class=\"reference\">[4]</sup><sup id=\"cite_ref-5\" class=\"reference\">[5]</sup></p>\n<p>&nbsp;</p>\n<h2><span id=\"History\" class=\"mw-headline\">History</span></h2>\n<h3><span id=\"2000s.E2.80.932010s\"></span><span id=\"2000s&ndash;2010s\" class=\"mw-headline\">2000s&ndash;2010s</span></h3>\n<p>It was particularly successful in the early and mid 2000s (decade).<sup id=\"cite_ref-6\" class=\"reference\">[6]</sup></p>\n<h3>&nbsp;</h3>\n<h3><span id=\"2010s.E2.80.93present\"></span><span id=\"2010s&ndash;present\" class=\"mw-headline\">2010s&ndash;present</span></h3>\n<p>With the renewed interest in funk and disco in early 2010s,<sup id=\"cite_ref-beatport_7-0\" class=\"reference\">[7]</sup>&nbsp;funky house genre is often being misused.<sup id=\"cite_ref-8\" class=\"reference\">[8]</sup>&nbsp;The contemporary musicians are producing house music, based on&nbsp;funk&nbsp;and&nbsp;disco&nbsp;samples,<sup id=\"cite_ref-9\" class=\"reference\">[9]</sup>&nbsp;but song's structure and characteristics are remains to be from the plain&nbsp;house. Such music is usually referred to as&nbsp;<strong>funk-house</strong>,<sup id=\"cite_ref-10\" class=\"reference\">[10]</sup><sup id=\"cite_ref-11\" class=\"reference\">[11]</sup>&nbsp;which is a development of the parent genre, and is not related to the funky house.</p>\n<h2>&nbsp;</h2>\n<h2><span id=\"References\" class=\"mw-headline\">References</span></h2>\n<div class=\"reflist\">\n<div class=\"mw-references-wrap mw-references-columns\">\n<ol class=\"references\">\n<li id=\"cite_note-1\"><span class=\"mw-cite-backlink\"><strong>^</strong></span>&nbsp;<span class=\"reference-text\"><cite class=\"citation web cs1\">\"Archived copy\".&nbsp;Archived&nbsp;from the original on 2020-01-22<span class=\"reference-accessdate\">. Retrieved&nbsp;<span class=\"nowrap\">2019-03-30</span></span>.</cite></span></li>\n<li id=\"cite_note-2\"><span class=\"mw-cite-backlink\"><strong>^</strong></span>&nbsp;<span class=\"reference-text\"><cite class=\"citation web cs1\">\"KZ - www.iamthekz.com\". 2013-06-08. Archived from&nbsp;the original&nbsp;on 2013-06-08<span class=\"reference-accessdate\">. Retrieved&nbsp;<span class=\"nowrap\">2019-03-06</span></span>.</cite></span></li>\n<li id=\"cite_note-3\"><span class=\"mw-cite-backlink\"><strong>^</strong></span>&nbsp;<span class=\"reference-text\"><cite id=\"CITEREFAyres2014\" class=\"citation book cs1\">Ayres, Dana (2014).&nbsp;<em>The Historical Seeds and Worldwide Dissemination of House Music</em>. p.&nbsp;28.</cite></span></li>\n<li id=\"cite_note-4\"><span class=\"mw-cite-backlink\"><strong>^</strong></span>&nbsp;<span class=\"reference-text\">Ministry of Sound Funky House Sessions Compilation</span></li>\n<li id=\"cite_note-5\"><span class=\"mw-cite-backlink\"><strong>^</strong></span>&nbsp;<span class=\"reference-text\">Hed Kandi Classic Funky House Compilation</span></li>\n<li id=\"cite_note-6\"><span class=\"mw-cite-backlink\"><strong>^</strong></span>&nbsp;<span class=\"reference-text\"><cite class=\"citation web cs1\">\"Mastercuts: Funky House - Various Artists - Songs, Reviews, Credits - AllMusic\".&nbsp;Archivedfrom the original on 2012-12-31<span class=\"reference-accessdate\">. Retrieved&nbsp;<span class=\"nowrap\">2013-05-07</span></span>.</cite></span></li>\n<li id=\"cite_note-beatport-7\"><span class=\"mw-cite-backlink\"><strong>^</strong></span>&nbsp;<span class=\"reference-text\"><cite class=\"citation pressrelease cs1\">\"Beatport launches nu disco / indie dance genre page\"&nbsp;(Press release). Beatport. 2008-07-30. Archived from&nbsp;the original&nbsp;on 2008-08-07<span class=\"reference-accessdate\">. Retrieved&nbsp;<span class=\"nowrap\">2008-08-08</span></span>.&nbsp;<q>Beatport is launching a new landing page, dedicated solely to the genres of \"nu disco\" and \"indie dance\". ... Nu Disco is everything that springs from the late &prime;70s and early &prime;80s (electronic) disco, boogie, cosmic, Balearic and Italo disco continuum...</q></cite></span></li>\n<li id=\"cite_note-8\"><span class=\"mw-cite-backlink\"><strong>^</strong></span>&nbsp;<span class=\"reference-text\"><cite id=\"CITEREFBirchmeier\" class=\"citation web cs1\">Birchmeier, Jason.&nbsp;\"Funky House Classics - Various Artists Review by Allmusic\".&nbsp;<em>Allmusic</em>. AllMusic.&nbsp;Archived&nbsp;from the original on 26 January 2019<span class=\"reference-accessdate\">. Retrieved&nbsp;<span class=\"nowrap\">25 January</span>&nbsp;2019</span>.</cite></span></li>\n<li id=\"cite_note-9\"><span class=\"mw-cite-backlink\"><strong>^</strong></span>&nbsp;<span class=\"reference-text\"><cite class=\"citation web cs1\">\"Sample This! 10 house tracks inspired by all things funk, soul and disco\".&nbsp;<em>The Noise Gate</em>.&nbsp;Archived&nbsp;from the original on 26 January 2019<span class=\"reference-accessdate\">. Retrieved&nbsp;<span class=\"nowrap\">25 January</span>&nbsp;2019</span>.</cite></span></li>\n<li id=\"cite_note-10\"><span class=\"mw-cite-backlink\"><strong>^</strong></span>&nbsp;<span class=\"reference-text\"><cite class=\"citation web cs1\">\"Kaytranada gives Gorillaz's Strobelite a subtle funk groove in his newest remix\".&nbsp;<em>PILERATS</em>.&nbsp;Archived&nbsp;from the original on 2019-03-06<span class=\"reference-accessdate\">. Retrieved&nbsp;<span class=\"nowrap\">2019-03-06</span></span>.</cite></span></li>\n<li id=\"cite_note-11\"><span class=\"mw-cite-backlink\"><strong>^</strong></span>&nbsp;<span class=\"reference-text\"><cite id=\"CITEREFKinsella\" class=\"citation web cs1\">Kinsella, Will.&nbsp;\"He's Electric: Will Kinsella rounds up the latest Irish releases\".&nbsp;<em>Hotpress</em>.&nbsp;Archived&nbsp;from the original on 2019-03-06<span class=\"reference-accessdate\">. Retrieved&nbsp;<span class=\"nowrap\">2019-03-06</span></span>.</cite></span></li>\n</ol>\n</div>\n</div>",
 "remarks": "本词条汉字内容由 @多频百科团队 翻译+编辑\n原文译自  https://en.wikipedia.org/wiki/Funky_house",
 "remarksEn": "本词条内容来自  https://en.wikipedia.org/wiki/Funky_house",
 "status": 1,
 "clickNum": 42,
 "deleted": 0,
 "lang": 0,
 "chooseLang": true,
 "id": 63,
 "name": "Funky House",
 "descriptions": "Funk House（放克浩室）是house音乐的一个子流派，它使用迪斯科和放克样本，以放克风格为灵感的低音线或强烈的灵魂影响力，结合鼓声，从20世纪70年代和80年代的放克唱片中获得灵感。迪斯科弦乐的使用在该流派中也很常见，尽管并非总是如此。Funky house使用特定的技术和特定的声音，特点是bassline、swooshes、swirls和其他合成声音，使音乐具有128 BPM左右的跳动节奏。",
 "originalName": "",
 "startTimeText": "Late-1980s",
 "startAddress": "United States",
 "searchStyle": "House",
 "styleCategory": "House",
 "originalStyle": "House, disco, funk, boogie",
 "affectStyle": "Nu-disco, Tribal house",
 "deriveStyle": "",
 "representArtist": "",
 "officialUrl": "https://en.wikipedia.org/wiki/Funky_house",
 "typeId": 13,
 "typeName": "风格",
 "dataId": 63,
 "url": "http://dropinapp.hearinmusic.com/#/ency?typeId=13&dataId=63"
}