{
 "pageNum": 1,
 "pageSize": 10,
 "params": {},
 "relationChannel": "[{\"id\":1364,\"parentId\":8,\"name\":\"Funktronica\"}]",
 "content": "<p>Funktronica是一种融合了electronica和funk的音乐流派。</p>\n<p>&nbsp;</p>\n<p>Funktronica乐队</p>\n<p>根据Billboard，Particle是一支 \"funktronica \"乐队，由GRiZ、Big Gigantic和Gramatik等艺术家领导。GRiZ是来自密歇根州底特律的electronic saxophone制作人，是Funktronica运动的流行领袖。25岁的他已经被誉为这一流派的领袖，将传统元素与pop, hip hop, 和 bass相结合。</p>",
 "remarks": "本词条内容暂未完善仅供参考，多频百科小编正在火速赶来",
 "remarksEn": "本词条内容暂未完善仅供参考，多频百科小编正在火速赶来",
 "status": 0,
 "clickNum": 1,
 "deleted": 0,
 "lang": 0,
 "chooseLang": false,
 "id": 348,
 "name": "Funktronica",
 "descriptions": "Funktronica是一种融合了electronica和funk的音乐流派。",
 "originalName": "",
 "startTimeText": "",
 "startAddress": "",
 "searchStyle": "Electronica",
 "styleCategory": "Electronica",
 "originalStyle": "Funk, electronica",
 "affectStyle": "",
 "deriveStyle": "",
 "representArtist": "",
 "officialUrl": "https://en.wikipedia-on-ipfs.org/wiki/Funktronica.html",
 "typeId": 13,
 "typeName": "风格",
 "dataId": 348,
 "url": "http://dropinapp.hearinmusic.com/#/ency?typeId=13&dataId=348"
}