{
 "pageNum": 1,
 "pageSize": 10,
 "params": {},
 "relationChannel": "[{\"id\":1434,\"parentId\":8,\"name\":\"Future Rave\"}]",
 "relationEncy": "[{\"id\":36544,\"typeId\":13,\"dataId\":217,\"name\":\"Rave Music\",\"url\":\"http://dropinapp.hearinmusic.com/#/ency?typeId=13&dataId=217\"},{\"id\":36378,\"typeId\":13,\"dataId\":51,\"name\":\"Electro House\",\"url\":\"http://dropinapp.hearinmusic.com/#/ency?typeId=13&dataId=51\"},{\"id\":6537,\"typeId\":12,\"dataId\":6537,\"name\":\"David Guetta\",\"url\":\"http://dropinapp.hearinmusic.com/#/ency?typeId=12&dataId=6537\"},{\"id\":19159,\"typeId\":12,\"dataId\":19159,\"name\":\"Morten\",\"url\":\"http://dropinapp.hearinmusic.com/#/ency?typeId=12&dataId=19159\"},{\"id\":20040,\"typeId\":12,\"dataId\":20040,\"name\":\"Nicky Romero\",\"url\":\"http://dropinapp.hearinmusic.com/#/ency?typeId=12&dataId=20040\"}]",
 "content": "<p>Future Rave是2020年前后出现和发展的电子音乐风格标签。</p>\n<p>&nbsp;</p>\n<p><strong>历史</strong></p>\n<p>法国制作人 David Guetta，丹麦制作人 MORTEN，荷兰制作人 Nicky Romero 等艺术家最早开始致力于推广这种类型，希望以复古融合创新的形式赋予对现代电子音乐和青年文化影响深远的 Rave Music 新的内容。2020年7月，Guetta与MORTEN合作发行的EP《New Rave》以及通过互联网和媒体的造势引入术语&ldquo;Future Rave&rdquo;并快速推广，Guetta还获得了同年DJ Mag百大评选的冠军。</p>\n<p>&nbsp;</p>\n<p><strong>音乐特征</strong></p>\n<p>这种类型的音乐作品以 Four on the Floor 的 House 节奏为基础，通常以复古质感并带有高混响的锯齿波音色为Lead，具有空旷的空间感，并含有显著的 Electro 声音元素。</p>\n<p>&nbsp;</p>\n<p><strong>争议</strong></p>\n<p>作为一种新兴的类型，行业内对于Future Rave的理解和定义仍存在较大争议，主要围绕在Future Rave的艺术价值，商业发展，以及是否应被称为独立的风格上。但毋庸置疑的是，在疫情笼罩的2020年里，Future Rave是国内外电子音乐领域最受关注和讨论的话题之一。</p>",
 "remarks": "本词条内容来自 @多频百科团队 编辑",
 "remarksEn": "本词条内容暂未完善仅供参考，多频百科小编正在火速赶来",
 "status": 1,
 "clickNum": 228,
 "deleted": 0,
 "lang": 0,
 "chooseLang": false,
 "id": 194,
 "name": "Future Rave",
 "descriptions": "Future Rave是2020年前后出现和发展的电子音乐风格标签。",
 "originalName": "未来锐舞",
 "startTimeText": "2020年",
 "startAddress": "",
 "searchStyle": "House",
 "styleCategory": "Electro House",
 "originalStyle": "Electro House, Rave Music",
 "affectStyle": "",
 "deriveStyle": "",
 "representArtist": "David Guetta, Morten",
 "officialUrl": "",
 "typeId": 13,
 "typeName": "风格",
 "dataId": 194,
 "url": "http://dropinapp.hearinmusic.com/#/ency?typeId=13&dataId=194"
}