{
 "pageNum": 1,
 "pageSize": 10,
 "params": {},
 "relationChannel": "[{\"id\":1360,\"parentId\":8,\"name\":\"Future Funk\"}]",
 "content": "<p>Future funk是一种使用funk, disco和日本音乐元素的音乐流派，具有怀旧的影响。它非常欢快、时髦，通常与90年代的动漫或消费文化的审美有关。它通常是对一首老的、不知名的日本流行歌曲进行类似disco的电子混音，它通常是以每分钟128拍为节奏。</p>\n<p>&nbsp;</p>\n<p>&nbsp;</p>",
 "remarks": "本词条内容暂未完善仅供参考，多频百科小编正在火速赶来",
 "remarksEn": "本词条内容暂未完善仅供参考，多频百科小编正在火速赶来",
 "status": 0,
 "clickNum": 11,
 "deleted": 0,
 "lang": 0,
 "chooseLang": false,
 "id": 343,
 "name": "Future Funk",
 "descriptions": "Future funk是一种使用funk, disco和日本音乐元素的音乐流派，具有怀旧的影响。它非常欢快、时髦，通常与90年代的动漫或消费文化的审美有关。它通常是对一首老的、不知名的日本流行歌曲进行类似disco的电子混音，它通常是以每分钟128拍为节奏。 ",
 "originalName": "",
 "startTimeText": "",
 "startAddress": "日本",
 "searchStyle": "Hauntology",
 "styleCategory": "Vaporwave",
 "originalStyle": "",
 "affectStyle": "",
 "deriveStyle": "",
 "representArtist": "",
 "officialUrl": "",
 "typeId": 13,
 "typeName": "风格",
 "dataId": 343,
 "url": "http://dropinapp.hearinmusic.com/#/ency?typeId=13&dataId=343"
}