{
 "pageNum": 1,
 "pageSize": 10,
 "params": {},
 "relationChannel": "[{\"id\":1295,\"parentId\":8,\"name\":\"Futurepop\"}]",
 "content": "<div>\n<div class=\"document\">\n<p>Futurepop 是一种电子音乐流派，其特点是融合了 Synthpop、EBM和基于Trance和Techno的舞蹈节拍。Futurepop在 1990 年代后期开始由 VNV Nation、Covenant 和 Apoptygma Berzerk 等艺术家共同引领。其他代表艺术家包括 Assemblage 23、Icon of Coil、Neuroticfish、和 Rotersand。</p>\n<p>&nbsp;</p>\n<p>Futurepop 主要与赛博哥特文化有关。它在另类舞蹈俱乐部中十分流行，尤其是在德国。 以Futurepop乐队/艺人为特色的音乐节包括 Infest、Amphi Festival、Wave Gotik Treffen 和 M'era Luna。</p>\n<p>&nbsp;</p>\n<p class=\"paragraph text-align-type-left pap-line-1.8 pap-line-rule-auto pap-spacing-before-2pt pap-spacing-after-2pt\"><strong>词源</strong></p>\n<p class=\"paragraph text-align-type-left pap-line-1.8 pap-line-rule-auto pap-spacing-before-2pt pap-spacing-after-2pt\">VNV Nation 的 Ronan Harris 声称&ldquo;futurepop&rdquo;一词来源于他在与 Apoptygma Berzerk 主唱 Stephan Groth 讨论他们的音乐和当时同类艺术家时的灵感。根据 Sorted 杂志作家&ldquo;Girl the Bourgeois Individualist&rdquo;的说法：</p>\n<p class=\"paragraph text-align-type-left pap-line-1.8 pap-line-rule-auto pap-spacing-before-2pt pap-spacing-after-2pt\">&nbsp;</p>\n<p class=\"paragraph text-align-type-left pap-line-1.8 pap-line-rule-auto pap-spacing-before-2pt pap-spacing-after-2pt\">&ldquo;他（Ronan Harris）说他是在与 Apop 的 Stefan Groth 谈话时想到的，当时他们正在讨论媒体对该音乐场景的傲慢态度，认为这只是 80 年代的复兴。相关术语也有问题，他们认为电子包含太多东西，而 EBM 不像以前那样，整个黑暗场景的设定给人的印象是每个人都在地下室聚集并听着Sopor Aeternus（德国著名Darkwave乐队）的音乐。Ronan认为他们的风格来自80年代的Front 242 / Nitzer Ebb，他们带来了广泛的元素。&rdquo;</p>\n<p class=\"paragraph text-align-type-left pap-line-1.8 pap-line-rule-auto pap-spacing-before-2pt pap-spacing-after-2pt\">&nbsp;</p>\n<div>\n<div class=\"document\">\n<p class=\"paragraph text-align-type-left pap-line-1.8 pap-line-rule-auto pap-spacing-before-2pt pap-spacing-after-2pt\"><strong>特征</strong></p>\n<p class=\"paragraph text-align-type-left pap-line-1.8 pap-line-rule-auto pap-spacing-before-2pt pap-spacing-after-2pt\">Futurepop 的主要特点是它的&ldquo;Technoid（Power Noise）&rdquo;和&ldquo;以舞蹈为导向的&rdquo;流行音乐结构，朗朗上口的旋律，普遍使用的Trance节拍（主要是 140 bpm ），并且在Vocal上鲜有修饰。该流派通过&ldquo;保留合成流行音乐的抒情和声乐结构&rdquo;与常规Trance音乐区分开来。 它的&ldquo;通透的声音&rdquo;和&ldquo;流畅的制作&rdquo;风格被认为是&ldquo;受音乐榜单欢迎&rdquo;和&ldquo;专为Club所设计的&rdquo;。</p>\n<p class=\"paragraph text-align-type-left pap-line-1.8 pap-line-rule-auto pap-spacing-before-2pt pap-spacing-after-2pt\">&nbsp;</p>\n<p class=\"paragraph text-align-type-left pap-line-1.8 pap-line-rule-auto pap-spacing-before-2pt pap-spacing-after-2pt\">Assemblage 23 的 Tom Shear 讽刺地将这种风格描述为&ldquo;大多数人无法唱出 90 年代的Trance的补丁&rdquo;。</p>\n</div>\n</div>\n</div>\n</div>",
 "remarks": "本词条汉字内容由 @多频百科团队 翻译+编辑\n原文译自https://en.wikipedia.org/wiki/Futurepop",
 "remarksEn": "本词条内容暂未完善仅供参考，多频百科小编正在火速赶来",
 "status": 1,
 "clickNum": 22,
 "deleted": 0,
 "lang": 0,
 "chooseLang": false,
 "id": 267,
 "name": "Futurepop",
 "descriptions": "Futurepop 是一种电子音乐流派，其特点是融合了 Synthpop、EBM和基于Trance和Techno的舞蹈节拍。",
 "originalName": "",
 "startTimeText": "Early 1990s",
 "startAddress": "",
 "searchStyle": "Industrial",
 "styleCategory": "Electronic Body Music",
 "originalStyle": "EBM, Synth-pop, Trance",
 "affectStyle": "",
 "deriveStyle": "",
 "representArtist": "",
 "officialUrl": "https://en.wikipedia.org/wiki/Futurepop",
 "typeId": 13,
 "typeName": "风格",
 "dataId": 267,
 "url": "http://dropinapp.hearinmusic.com/#/ency?typeId=13&dataId=267"
}