{
 "pageNum": 1,
 "pageSize": 10,
 "params": {},
 "relationChannel": "[{\"id\":1400,\"parentId\":8,\"name\":\"Future Bounce\"}]",
 "relationEncy": "[{\"id\":36391,\"typeId\":13,\"dataId\":64,\"name\":\"Future House\",\"url\":\"http://dropinapp.hearinmusic.com/#/ency?typeId=13&dataId=64\"},{\"id\":18620,\"typeId\":12,\"dataId\":18620,\"name\":\"Mike Williams\",\"url\":\"http://dropinapp.hearinmusic.com/#/ency?typeId=12&dataId=18620\"},{\"id\":32530,\"typeId\":12,\"dataId\":32532,\"name\":\"Mesto\",\"url\":\"http://dropinapp.hearinmusic.com/#/ency?typeId=12&dataId=32532\"},{\"id\":32497,\"typeId\":12,\"dataId\":32498,\"name\":\"Brooks\",\"url\":\"http://dropinapp.hearinmusic.com/#/ency?typeId=12&dataId=32498\"}]",
 "content": "<p>Future Bounce是Future House的一种子风格，最早于2014年在互联网文化中诞生，并在2016/17年前后兴起。这种风格结合了Pop EDM的元素并在DROP部分添加了Bouncy（跃动感）音色，使之具有灵动跳跃的标志性特色。</p>\n<p>&nbsp;</p>\n<p>Future Bounce最早作为Future House的一个小分支标签出现，很多早期相关作品在当时都仅被制作人和乐迷认为是具有某种特点的Future House。而随着其极具特色的弹性听感受到越来越多粉丝的喜爱，&ldquo;Future Bounce&rdquo;作为Future House正式的一种子风格的定义从2015年后逐渐受到认可并推广开来。活跃在这一风格领域的艺术家包括Mike Williams，Brooks，Mesto，Dropgun等人。</p>",
 "remarks": "本词条内容由 @多频百科团队 编辑",
 "remarksEn": "本词条内容暂未完善仅供参考，多频百科小编正在火速赶来",
 "status": 1,
 "clickNum": 460,
 "deleted": 0,
 "lang": 0,
 "chooseLang": false,
 "id": 65,
 "name": "Future Bounce",
 "descriptions": "Future Bounce是Future House的一种子风格，最早于2014年在互联网文化中诞生，并在2016/17年前后兴起。这种风格结合了Pop EDM的元素并在DROP部分添加了Bouncy（跃动感）音色，使之具有灵动跳跃的标志性特色。",
 "originalName": "",
 "startTimeText": "2014",
 "startAddress": "",
 "searchStyle": "House, Pop EDM",
 "styleCategory": "Future House",
 "originalStyle": "Pop EDM",
 "affectStyle": "",
 "deriveStyle": "",
 "representArtist": "Mike Williams，Brooks，Mesto，Dropgun",
 "officialUrl": "",
 "typeId": 13,
 "typeName": "风格",
 "dataId": 65,
 "url": "http://dropinapp.hearinmusic.com/#/ency?typeId=13&dataId=65"
}