{
 "pageNum": 1,
 "pageSize": 10,
 "params": {},
 "relationChannel": "[{\"id\":1248,\"parentId\":8,\"name\":\"Gabber\"}]",
 "content": "<p>Gabber是电子音乐舞曲的一种子流派。它的特点是节奏快，采样多，上世纪90年代由保罗埃尔斯塔克（paul elstak）等制作人在鹿特丹开发。开创性的早期厂牌是鹿特丹唱片公司、莫库姆唱片公司和工业实力唱片公司。&ldquo;gabber&rdquo;这个词来自阿姆斯特丹Bargoens俚语，意思是&ldquo;朋友&rdquo;。</p>\n<p><br />Gabber及其亚文化在荷兰非常流行，最终在20世纪90年代成为主流文化的一部分。这种音乐迅速传播到伦敦和美国中西部。它在21世纪再次流行起来，并在20世纪10年代末再次流行起来。</p>\n<p>&nbsp;</p>\n<p><strong>起源</strong></p>\n<div>\n<div class=\"document\">\n<p class=\"paragraph text-align-type-left pap-line-1.8 pap-line-rule-auto pap-spacing-before-0pt pap-spacing-after-0pt\">最早的Gabber也叫gabba、早期hardcore或鹿特丹hardcore，是电子音乐的一种风格和hardcore techno的一个子流派，起源于20世纪90年代早期的acid house、techno和New Beat。这种音乐风格被描述为&ldquo;超高速BPM的无情混合，扭曲的踢踏鼓和咆哮的人声&rdquo;。这种音乐通常是每分钟180到190拍，小样取自电影或其他曲目。 &ldquo;gabber&rdquo;这个词来自阿姆斯特丹的Bargoens俚语（注：Bargoens俚语出现于17世纪，通常为荷兰当时的罪犯所使用），意思是&ldquo;mate&rdquo;或&ldquo;friend&rdquo;。一位阿姆斯特丹的DJ被问及鹿特丹当时（罪犯）的艰苦场景时说：&ldquo;他们只是一群玩得很开心的gabber。&rdquo;听到这句话以后，保罗&middot;埃尔斯塔克（Paul Elstak）在第一张Euromasters唱片（1992年通过鹿特丹唱片公司发行）的黑胶唱片上刻下了这样一句话：&ldquo;Gabber zijn is geen schande!&rdquo;（&ldquo;当个gabber不丢脸！&rdquo;）。于是这个词在鹿特丹乐坛流行起来，人们开始称自己为&ldquo;gabber&rdquo; 。</p>\n<p class=\"paragraph text-align-type-left pap-line-1.8 pap-line-rule-auto pap-spacing-before-0pt pap-spacing-after-0pt\">&nbsp;</p>\n<p><strong>音乐</strong></p>\n<div>\n<div class=\"document\">\n<p class=\"paragraph text-align-type-left pap-line-1.8 pap-line-rule-auto pap-spacing-before-0pt pap-spacing-after-0pt\">早期有影响力的唱片公司有Paul的鹿特丹唱片公司、阿姆斯特丹的Mokum唱片公司和Lenny Dee的纽约工业实力唱片公司。除了Elstak和Dee，早期艺术家还包括Marc Acardipane, The Prophet和Rotterdam Termination Source。 Elstak和DJ Rob首先在鹿特丹的Parkzicht组织了派对，参加的人越来越多后，他们就搬到了Energiehal，ID&amp;T后来组织了多达40000人参加的Thunderdome派对。这股风潮在20世纪90年代中期传到了伦敦，在布里克斯顿121中心举办的Dead by Dawn派对上就有了gabba, speedcore和noise的身影。位于美国中西部的唱片公司Drop Bass Network也是受gabber影响而建立。</p>\n<p class=\"paragraph text-align-type-left pap-line-1.8 pap-line-rule-auto pap-spacing-before-0pt pap-spacing-after-0pt\">&nbsp;</p>\n<p><strong>亚文化</strong></p>\n<div>\n<div class=\"document\">\n<p class=\"paragraph text-align-type-left pap-line-1.8 pap-line-rule-auto pap-spacing-before-0pt pap-spacing-after-0pt\">gabber的流行在荷兰形成了一种青年亚文化，在时尚方面，gabber ravers都穿着运动服、棒球服夹克和Nike Air Max鞋，意大利时尚品牌L'Alpina的网球运动服也备受推崇。大多数男生会剃光头，而女生则将头发编成辫子并剃光两侧。但是，吸毒现象很普遍，他们最沉迷于飘飘然的幻觉和狂飙感。后来，女生的衣服款式变成了女式衬衫和短裙，男子穿Polo衫，衬衫配牛仔裤和军靴，少数种族主义者穿朗斯代尔（Lonsdale），因为它与右翼极端主义有联系。&nbsp;gabber在德国新纳粹边缘运动中也有一小部分追随者。为了否认与极端主义的联系，唱片公司和艺术家们开始就反法西斯和反种族主义发声。包括DJ Selected Now的&ldquo;Chosen Anthem（反对种族主义）&rdquo;，MC Rob Gee与Party Animals合作的&ldquo;Die Nazi Scum&rdquo;，United Hardcore的&ldquo;Time to Make a Stand&rdquo;和Hellcore的&ldquo;Fuck the Nazism&rdquo;。Mokum唱片公司把它的口号印在所有唱片上：&ldquo;Hardcore联合反对法西斯主义和种族主义&rdquo;，此外还有一些gabber制作人是有色人种，包括Dark Raver, Paul Elstak和Loftgroover。</p>\n<p class=\"paragraph text-align-type-left pap-line-1.8 pap-line-rule-auto pap-spacing-before-0pt pap-spacing-after-0pt\">&nbsp;</p>\n<p><strong>2010年代复兴</strong></p>\n<div>\n<div class=\"document\">\n<p class=\"paragraph text-align-type-left pap-line-1.8 pap-line-rule-auto pap-spacing-before-0pt pap-spacing-after-0pt\">当gabber在21世纪再次流行时，荷兰新纳粹分子试图利用它搞小动作，但他们成形时间很短暂。 到了90年代中期，加伯已经成为荷兰主流文化的一部分。《Billboard》杂志在1997年称之为&ldquo;荷兰第一个本土青年文化&rdquo;。它的流行还催生了一些模仿歌曲，如Gabber Piet的《Hakke&amp;Zage》，它借鉴了Peppi&amp;Kokki儿童电视节目的主题曲。这个名字也指hakken，即gabber舞蹈的风格，该舞蹈已经非常流行，特点是快速的腿部动作。但是，gabber粉丝对他们的舞蹈的商业化感到愤怒，而Gabber Piet后来也被ID&amp;T解雇了。他用专辑Love U Hardcore试图弥补，但销量并不好。在前几年，加伯经历了另一次复兴，节奏变得更强劲、更快，也涌现了尼娜&middot;克拉维兹（Nina Kraviz）等艺术家和Boiler Room等团体。Thunderdome在乌得勒支（Utrecht）的Jaarbeurs会议中心组织了一次派对，庆祝hardcore25周年，有4万人参加。</p>\n</div>\n</div>\n</div>\n</div>\n</div>\n</div>\n</div>\n</div>",
 "remarks": "本词条汉字内容由 @多频百科团队 翻译+编辑\n原文译自 https://en.wikipedia.org/wiki/Gabber",
 "remarksEn": "本词条内容暂未完善仅供参考，多频百科小编正在火速赶来",
 "status": 1,
 "clickNum": 78,
 "deleted": 0,
 "lang": 0,
 "chooseLang": false,
 "id": 204,
 "name": "Gabber",
 "descriptions": "Gabber是电子音乐舞曲的一种子流派。它的特点是节奏快，采样多，上世纪90年代由保罗埃尔斯塔克（paulelstak）等制片人在鹿特丹开发。开创性的早期厂牌是鹿特丹唱片公司、莫库姆唱片公司和工业实力唱片公司。“gabber”这个词来自阿姆斯特丹Bargoens俚语，意思是“朋友”。",
 "originalName": "",
 "startTimeText": "Early 1990s",
 "startAddress": "Netherlands (Rotterdam)",
 "searchStyle": "Hardcore",
 "styleCategory": "Hardcore",
 "originalStyle": "",
 "affectStyle": "",
 "deriveStyle": "Mainstream hardcore",
 "representArtist": " DJ Paul Elstak, Nina Kraviz",
 "officialUrl": "https://en.wikipedia.org/wiki/Gabber",
 "typeId": 13,
 "typeName": "风格",
 "dataId": 204,
 "url": "http://dropinapp.hearinmusic.com/#/ency?typeId=13&dataId=204"
}