{
 "pageNum": 1,
 "pageSize": 10,
 "params": {},
 "keywords": "Garage",
 "relationChannel": "[{\"id\":1122,\"parentId\":8,\"name\":\"Garage House\"}]",
 "relationEncy": "[{\"id\":36372,\"typeId\":13,\"dataId\":45,\"name\":\"Chicago House\",\"url\":\"http://dropinapp.hearinmusic.com/#/ency?typeId=13&dataId=45\"},{\"id\":36337,\"typeId\":13,\"dataId\":10,\"name\":\"UK Garage\",\"url\":\"http://dropinapp.hearinmusic.com/#/ency?typeId=13&dataId=10\"},{\"id\":36455,\"typeId\":13,\"dataId\":128,\"name\":\"Future Garage\",\"url\":\"http://dropinapp.hearinmusic.com/#/ency?typeId=13&dataId=128\"}]",
 "content": "<div class=\"document\">\n<p class=\"paragraph text-align-type-left pap-line-1.8 pap-line-rule-auto pap-spacing-before-0pt pap-spacing-after-0pt\">Garage House（原名 \"garage\"，当地的说法包括 \"New York house \"和 \"Jersey sound\"）是一种舞蹈音乐风格，是与芝加哥House音乐一起发展起来的，这种风格在20世纪80年代在美国流行，90年代在英国流行，在那里发展成UK Garage和Speed Garage。演奏Garage House风格的DJ包括Tony Humphries、Larry Levan和Junior Vasquez。</p>\n<p class=\"paragraph text-align-type-left pap-line-1.8 pap-line-rule-auto pap-spacing-before-0pt pap-spacing-after-0pt\">&nbsp;</p>\n<p class=\"paragraph text-align-type-left pap-line-1.8 pap-line-rule-auto pap-spacing-before-0pt pap-spacing-after-0pt\"><strong>特点</strong></p>\n<p class=\"paragraph text-align-type-left pap-line-1.8 pap-line-rule-auto pap-spacing-before-0pt pap-spacing-after-0pt\">与其他形式的House音乐相比，Garage House包含更多受福音影响的钢琴即兴演奏和女性声乐。与Chicago House相比，它有更多源自R&amp;B的灵魂乐。</p>\n<p class=\"paragraph text-align-type-left pap-line-1.8 pap-line-rule-auto pap-spacing-before-0pt pap-spacing-after-0pt\">&nbsp;</p>\n<p class=\"paragraph text-align-type-left pap-line-1.8 pap-line-rule-auto pap-spacing-before-0pt pap-spacing-after-0pt\"><strong>历史</strong></p>\n<p class=\"paragraph text-align-type-left pap-line-1.8 pap-line-rule-auto pap-spacing-before-0pt pap-spacing-after-0pt\">Garage House是在20世纪80年代初至中期，在美国纽约市的天堂车库夜总会和新泽西州纽瓦克的桑给巴尔俱乐部发展起来的。它和早期的House音乐有很多重合之处，使人很难将两者区分开来。它比芝加哥House的发展更早，根据《All Music》的说法，它比其他舞曲风格相对更接近迪斯科。随着芝加哥House在国际上的流行，纽约的车库音乐圈也从 \"House \"的保护伞中被区分出来。</p>\n<p class=\"paragraph text-align-type-left pap-line-1.8 pap-line-rule-auto pap-spacing-before-0pt pap-spacing-after-0pt\">&nbsp;</p>\n<p class=\"paragraph text-align-type-left pap-line-1.8 pap-line-rule-auto pap-spacing-before-0pt pap-spacing-after-0pt\">20世纪80年代的舞蹈音乐使用了电子乐器，如合成器、音序器和鼓机。这些乐器是车库音乐的重要组成部分.车库音乐的发展方向主要受到纽约市迪斯科舞厅Paradise Garage的影响，在那里，以音乐多变和创新著称的DJ Larry Levan播放唱片。</p>\n<p class=\"paragraph text-align-type-left pap-line-1.8 pap-line-rule-auto pap-spacing-before-0pt pap-spacing-after-0pt\">&nbsp;</p>\n<p class=\"paragraph text-align-type-left pap-line-1.8 pap-line-rule-auto pap-spacing-before-0pt pap-spacing-after-0pt\">根据Blues &amp; Soul的说法，当代车库音乐始于Boyd Jarvis和Levan的The Peech Boys.Jarvis使用Visual的绰号，1983年的唱片 \"Somehow，Someway\"（Prelude Records - PRL D 650）和 \"The Music Got Me\"（Prelude Records - PRL D 650）的背后，后者特别有影响力，后来被主流House音乐唱片制作人Robert Clivill&eacute;s和C+C Music Factory的David Cole采样。这种风格在英国的流行催生了一个衍生的流派，叫做UK Garage（英国车库）。&nbsp;</p>\n<p class=\"paragraph text-align-type-left pap-line-1.8 pap-line-rule-auto pap-spacing-before-0pt pap-spacing-after-0pt\">&nbsp;</p>\n<p class=\"paragraph text-align-type-left pap-line-1.8 pap-line-rule-auto pap-spacing-before-0pt pap-spacing-after-0pt\"><strong>代表艺人</strong></p>\n<div class=\"div-col\">\n<ul>\n<li>Adeva</li>\n<li>Aly-Us</li>\n<li>Blaze</li>\n<li>Boris</li>\n<li>Byron Stingily</li>\n<li>Cevin Fisher</li>\n<li>Change</li>\n<li>Colonel Abrams</li>\n<li>Crown Heights Affair</li>\n<li>Danny Tenaglia</li>\n<li>Experimental Products</li>\n<li>Fran&ccedil;ois K</li>\n<li>Joey Negro</li>\n<li>Joi Cardwell</li>\n<li>Junior Vasquez</li>\n<li>Kerri Chandler</li>\n<li>Loleatta Holloway</li>\n<li>Larry Levan</li>\n<li>Masters at Work</li>\n<li>Oliver Cheatham</li>\n<li>Peech Boys</li>\n<li>Robin S</li>\n<li>Romanthony</li>\n<li>Roy Davis, Jr.</li>\n<li>Todd Edwards</li>\n<li>Todd Terry</li>\n<li>Tony Humphries</li>\n<li>Ultra Nat&eacute;</li>\n<li>Victor Calderone</li>\n</ul>\n<p>&nbsp;</p>\n<p><strong>代表厂牌</strong></p>\n<ul>\n<li>Strictly Rhythm Records</li>\n<li>King Street Sounds Records</li>\n<li>Nervous Records</li>\n<li>ZRecords</li>\n<li>Perfect Pair Records</li>\n<li>Freeze Records</li>\n<li>Streetside Records</li>\n<li>Ministry of Sound</li>\n</ul>\n</div>\n</div>",
 "contentEn": "<p><strong>Garage house</strong>&nbsp;(originally known as \"<strong>garage</strong>\";<sup id=\"cite_ref-Richler1999_2-0\" class=\"reference\">[2]</sup>&nbsp;local terms include \"<strong>New York house</strong>\"<sup id=\"cite_ref-Earl2012_3-0\" class=\"reference\">[3]</sup>&nbsp;and&nbsp;<strong>\"Jersey sound\"</strong>) is a&nbsp;dance music&nbsp;style<sup id=\"cite_ref-complx_4-0\" class=\"reference\">[4]</sup>&nbsp;that was developed alongside&nbsp;Chicago house&nbsp;music.<sup id=\"cite_ref-5\" class=\"reference\">[5]</sup>&nbsp;The genre was popular in the 1980s in the United States and the 1990s in the United Kingdom, where it developed into&nbsp;UK garage&nbsp;and&nbsp;speed garage.<sup id=\"cite_ref-techn_6-0\" class=\"reference\">[6]</sup>&nbsp;DJs playing garage house genre include&nbsp;Tony Humphries,&nbsp;Larry Levan,&nbsp;Junior Vasquez&nbsp;and&nbsp;Romanthony.<sup id=\"cite_ref-traces_7-0\" class=\"reference\">[7]</sup></p>\n<h2>&nbsp;</h2>\n<h2><span id=\"Characteristics\" class=\"mw-headline\">Characteristics</span></h2>\n<p>In comparison to other forms of&nbsp;house music, garage includes more&nbsp;gospel-influenced piano riffs and female vocals.<sup id=\"cite_ref-techn_6-1\" class=\"reference\">[6]</sup>&nbsp;It has a more soulful&nbsp;R&amp;B-derived sound than Chicago house.<sup id=\"cite_ref-complx_4-1\" class=\"reference\">[4]</sup></p>\n<h2>&nbsp;</h2>\n<h2><span id=\"History\" class=\"mw-headline\">History</span></h2>\n<p>Garage house was developed in the&nbsp;Paradise Garage&nbsp;nightclub in&nbsp;New York City&nbsp;and&nbsp;Club Zanzibar&nbsp;in&nbsp;Newark, New Jersey, United States, during the early-to-mid 1980s. There was much overlap between it and early house music, making it difficult to tell the two apart.<sup id=\"cite_ref-po_8-0\" class=\"reference\">[8]</sup>&nbsp;It predates the development of&nbsp;Chicago house,<sup id=\"cite_ref-GwenGuthrie_1-1\" class=\"reference\">[1]</sup>&nbsp;and according to&nbsp;All Music, is relatively closer to&nbsp;disco&nbsp;than other dance styles.<sup id=\"cite_ref-complx_4-2\" class=\"reference\">[4]</sup>&nbsp;As Chicago house gained international popularity, New York's garage music scene was distinguished from the \"house\" umbrella.<sup id=\"cite_ref-complx_4-3\" class=\"reference\">[4]</sup></p>\n<p>&nbsp;</p>\n<p>Dance music of the 1980s made use of&nbsp;electronic instruments&nbsp;such as&nbsp;synthesizers,&nbsp;sequencers&nbsp;and&nbsp;drum machines. These instruments are an essential part of garage music.<sup id=\"cite_ref-entre_9-0\" class=\"reference\">[9]</sup>&nbsp;The direction of garage music was primarily influenced by the New York City&nbsp;discoth&egrave;que&nbsp;Paradise Garage&nbsp;where the influential DJ&nbsp;Larry Levan,<sup id=\"cite_ref-traces_7-1\" class=\"reference\">[7]</sup>&nbsp;known for his musical versatility and innovation, played records.</p>\n<p>&nbsp;</p>\n<p>According to&nbsp;<em>Blues &amp; Soul</em>, contemporary garage music started with&nbsp;Boyd Jarvis&nbsp;and Levan's&nbsp;The Peech Boys.<sup id=\"cite_ref-Bluesy_10-0\" class=\"reference\">[10]</sup>&nbsp;Jarvis, using the Visual moniker, was behind 1983 recordings \"Somehow, Someway\"&nbsp;(Prelude Records &ndash; PRL D 650)&nbsp;and \"The Music Got Me\"&nbsp;(Prelude Records &ndash; PRL D 650), the latter especially influential,<sup id=\"cite_ref-Bluesy_10-1\" class=\"reference\">[10]</sup>&nbsp;which later was sampled by mainstream house music record producers&nbsp;Robert Clivill&eacute;s&nbsp;and&nbsp;David Cole&nbsp;of&nbsp;C+C Music Factory.<sup id=\"cite_ref-11\" class=\"reference\">[11]</sup><sup id=\"cite_ref-west_12-0\" class=\"reference\">[12]</sup></p>\n<p>&nbsp;</p>\n<p>The popularity of the genre in the UK gave birth to a derivative genre called&nbsp;UK garage.<sup id=\"cite_ref-techn_6-2\" class=\"reference\">[6]</sup></p>\n<h2>&nbsp;</h2>\n<h2><span id=\"Artists\" class=\"mw-headline\">Artists</span></h2>\n<div class=\"div-col\">\n<ul>\n<li>Adeva</li>\n<li>Aly-Us</li>\n<li>Blaze</li>\n<li>Boris</li>\n<li>Byron Stingily</li>\n<li>Cevin Fisher</li>\n<li>Change</li>\n<li>Colonel Abrams</li>\n<li>Crown Heights Affair</li>\n<li>Danny Tenaglia</li>\n<li>Experimental Products</li>\n<li>Fran&ccedil;ois K</li>\n<li>Joey Negro</li>\n<li>Joi Cardwell</li>\n<li>Junior Vasquez</li>\n<li>Kerri Chandler</li>\n<li>Loleatta Holloway</li>\n<li>Larry Levan</li>\n<li>Masters at Work</li>\n<li>Oliver Cheatham</li>\n<li>Peech Boys</li>\n<li>Robin S</li>\n<li>Romanthony</li>\n<li>Roy Davis, Jr.</li>\n<li>Todd Edwards</li>\n<li>Todd Terry</li>\n<li>Tony Humphries</li>\n<li>Ultra Nat&eacute;</li>\n<li>Victor Calderone</li>\n</ul>\n</div>\n<h2>&nbsp;</h2>\n<h2><span id=\"Prominent_labels\" class=\"mw-headline\">Prominent labels</span></h2>\n<div>\n<ul>\n<li>Strictly Rhythm Records</li>\n<li>King Street Sounds Records<sup id=\"cite_ref-13\" class=\"reference\">[13]</sup></li>\n<li>Nervous Records</li>\n<li>ZRecords</li>\n<li>Perfect Pair Records</li>\n<li>Freeze Records</li>\n<li>Streetside Records</li>\n<li>Ministry of Sound</li>\n</ul>\n</div>\n<h2>&nbsp;</h2>\n<h2><span id=\"References\" class=\"mw-headline\">References</span></h2>\n<div class=\"reflist reflist-columns references-column-width\">\n<ol class=\"references\">\n<li id=\"cite_note-GwenGuthrie-1\"><span class=\"mw-cite-backlink\">^&nbsp;<span class=\"cite-accessibility-label\">Jump up to:</span><sup><em><strong>a</strong></em></sup>&nbsp;<sup><em><strong>b</strong></em></sup></span>&nbsp;<span class=\"reference-text\"><cite class=\"citation web cs1\">\"Gwen Guthrie &ndash; Padlock (Cassette)\".&nbsp;<em>Discogs</em><span class=\"reference-accessdate\">. Retrieved&nbsp;<span class=\"nowrap\">28 March</span>&nbsp;2021</span>.</cite></span></li>\n<li id=\"cite_note-Richler1999-2\"><span class=\"mw-cite-backlink\"><strong>^</strong></span>&nbsp;<span class=\"reference-text\"><cite id=\"CITEREFRichler1999\" class=\"citation book cs1\">Richler, Howard (1999).&nbsp;<span class=\"cs1-lock-registration\" title=\"Free registration required\"><em>A Bawdy Language: How a Second-rate Language Slept Its Way to the Top</em></span>. Stoddart. p.&nbsp;22.&nbsp;ISBN&nbsp;<bdi>978-0-7737-3186-8</bdi>.</cite></span></li>\n<li id=\"cite_note-Earl2012-3\"><span class=\"mw-cite-backlink\"><strong>^</strong></span>&nbsp;<span class=\"reference-text\"><cite id=\"CITEREFEarl2012\" class=\"citation book cs1\">Earl, David (2012).&nbsp;<em>LMMS: A Complete Guide to Dance Music Production Beginner's Guide</em>. Packt Publishing Ltd.&nbsp;ISBN&nbsp;<bdi>978-1-84951-705-8</bdi>.</cite></span></li>\n<li id=\"cite_note-complx-4\"><span class=\"mw-cite-backlink\">^&nbsp;<span class=\"cite-accessibility-label\">Jump up to:</span><sup><em><strong>a</strong></em></sup>&nbsp;<sup><em><strong>b</strong></em></sup>&nbsp;<sup><em><strong>c</strong></em></sup>&nbsp;<sup><em><strong>d</strong></em></sup></span>&nbsp;<span class=\"reference-text\"><cite class=\"citation web cs1\">\": Garage at Allmusic\".&nbsp;Rovi Corporation<span class=\"reference-accessdate\">. Retrieved&nbsp;<span class=\"nowrap\">2011-08-27</span></span>.</cite></span></li>\n<li id=\"cite_note-5\"><span class=\"mw-cite-backlink\"><strong>^</strong></span>&nbsp;<span class=\"reference-text\"><cite id=\"CITEREFSaunders2007\" class=\"citation book cs1\">Saunders, Jesse (Nov 1, 2007).&nbsp;<em>House Music: The Real Story</em>. SandlerComm. p.&nbsp;118.&nbsp;ISBN&nbsp;<bdi>9781604740011</bdi>.&nbsp;<q>\"However, New York did not truly develop a recognized House music scene of its own until 1988 with the success of DJ Todd Terry&mdash;not until then did they understand what House music truly was all about. They did, though, have Garage.</q></cite></span></li>\n<li id=\"cite_note-techn-6\"><span class=\"mw-cite-backlink\">^&nbsp;<span class=\"cite-accessibility-label\">Jump up to:</span><sup><em><strong>a</strong></em></sup>&nbsp;<sup><em><strong>b</strong></em></sup>&nbsp;<sup><em><strong>c</strong></em></sup></span>&nbsp;<span class=\"reference-text\"><cite id=\"CITEREFVerderosa2002\" class=\"citation book cs1\">Verderosa, Tony (2002).&nbsp;<em>The techno primer: the essential reference for loop-based music styles</em>. U.S.: Hal Leonard Corporation, 2002. p.&nbsp;36.&nbsp;ISBN&nbsp;<bdi>0634017888</bdi>.</cite></span></li>\n<li id=\"cite_note-traces-7\"><span class=\"mw-cite-backlink\">^&nbsp;<span class=\"cite-accessibility-label\">Jump up to:</span><sup><em><strong>a</strong></em></sup>&nbsp;<sup><em><strong>b</strong></em></sup></span>&nbsp;<span class=\"reference-text\"><cite id=\"CITEREFSylvan2002\" class=\"citation book cs1\">Sylvan, Robin (2002).&nbsp;<em>Traces of the spirit: the religious dimensions of popular music</em>. U.S.: NYU Press. p.&nbsp;120.&nbsp;ISBN&nbsp;<bdi>0814798098</bdi>.</cite></span></li>\n<li id=\"cite_note-po-8\"><span class=\"mw-cite-backlink\"><strong>^</strong></span>&nbsp;<span class=\"reference-text\"><cite id=\"CITEREFSimpson2003\" class=\"citation book cs1\">Simpson, Paul (2003).&nbsp;<em>The rough guide to cult pop</em>. U.S.: Rough Guides, 2003. p.&nbsp;42.&nbsp;ISBN&nbsp;<bdi>1843532298</bdi>.</cite></span></li>\n<li id=\"cite_note-entre-9\"><span class=\"mw-cite-backlink\"><strong>^</strong></span>&nbsp;<span class=\"reference-text\"><cite id=\"CITEREFAnn_Dupuis2003\" class=\"citation book cs1\">Ann Dupuis, Anne De Bruin (2003).&nbsp;<em>Entrepreneurship: new perspectives in a global age</em>. U.S.: Ashgate Publishing, Ltd., 2003. p.&nbsp;79.&nbsp;ISBN&nbsp;<bdi>0754631982</bdi>.</cite></span></li>\n<li id=\"cite_note-Bluesy-10\"><span class=\"mw-cite-backlink\">^&nbsp;<span class=\"cite-accessibility-label\">Jump up to:</span><sup><em><strong>a</strong></em></sup>&nbsp;<sup><em><strong>b</strong></em></sup></span>&nbsp;<span class=\"reference-text\"><cite class=\"citation journal cs1\">\"untitled\".&nbsp;<em>Blues &amp; Soul</em>. Napfield Ltd., the University of Virginia '(originally)' (526&ndash;537). 1988.&nbsp;<q>[...] term as garage music now started about five years ago with the first Boyd Jarvis records and the group Visual who did the songs \"Somehow, Someway\" and \"The Music Got Me\"</q></cite></span></li>\n<li id=\"cite_note-11\"><span class=\"mw-cite-backlink\"><strong>^</strong></span>&nbsp;<span class=\"reference-text\">Jarvis v. A &amp; M Records 827 F. Supp. 282 (D.N.J. 1993)&nbsp;UCLA&nbsp;Archived&nbsp;2012-04-15 at the&nbsp;Wayback Machine</span></li>\n<li id=\"cite_note-west-12\"><span class=\"mw-cite-backlink\"><strong>^</strong></span>&nbsp;<span class=\"reference-text\"><cite id=\"CITEREFAnonymous1993\" class=\"citation book cs1\">Anonymous, (West Publishing Company) (1993).&nbsp;<em>West's federal supplement</em>. U.S.: West Pub. Co., 1993, West Publishing Company. p.&nbsp;299.</cite></span></li>\n<li id=\"cite_note-13\"><span class=\"mw-cite-backlink\"><strong>^</strong></span>&nbsp;<span class=\"reference-text\"><cite class=\"citation web cs1\">\"EXCLUSIVE: HOUSE MUSIC LEGENDS CELEBRATE 25 YEARS OF NYC LABEL KING STREET SOUNDS\".&nbsp;<em>Magnetic Magazine</em>. August 19, 2019.</cite></span></li>\n</ol>\n</div>",
 "remarks": "本词条汉字内容由 @多频百科团队 翻译+编辑\n原文译自  https://en.wikipedia.org/wiki/Garage_house",
 "remarksEn": "本词条内容来自  https://en.wikipedia.org/wiki/Garage_house",
 "status": 1,
 "clickNum": 13,
 "deleted": 0,
 "lang": 0,
 "chooseLang": true,
 "id": 66,
 "name": "Garage House",
 "descriptions": "Garage House（原名 \"garage\"，当地的说法包括 \"New York house \"和 \"Jersey sound\"）是一种舞蹈音乐风格，是与芝加哥House音乐一起发展起来的，这种风格在20世纪80年代在美国流行，90年代在英国流行，在那里发展成UK Garage和Speed Garage。演奏Garage House风格的DJ包括Tony Humphries、Larry Levan和Junior Vasquez。\n",
 "originalName": "Garage, Garage music, New York house, New Jersey sound, New Jersey house",
 "startTimeText": "Early 1980s",
 "startAddress": "New York City and Newark, New Jersey, United States",
 "searchStyle": "House",
 "styleCategory": "House",
 "originalStyle": "Disco, electronic, house, soul, R&B, gospel",
 "affectStyle": "",
 "deriveStyle": "",
 "representArtist": "",
 "officialUrl": "https://en.wikipedia.org/wiki/Garage_house",
 "typeId": 13,
 "typeName": "风格",
 "dataId": 66,
 "url": "http://dropinapp.hearinmusic.com/#/ency?typeId=13&dataId=66"
}