{
 "pageNum": 1,
 "pageSize": 10,
 "params": {},
 "relationChannel": "[{\"id\":1124,\"parentId\":8,\"name\":\"Ghettotech\"}]",
 "content": "<p>Ghettotech（又称Detroit club）是一种源自底特律的电子音乐流派。它结合了芝加哥Ghetto House与底特律Techno、Miami Bass和UK Garage的元素。</p>\n<p>&nbsp;</p>\n<p><strong>概述</strong></p>\n<p>前《底特律都市时报》的底特律音乐记者霍比-埃克林（Hobey Echlin）将ghettotech描述为一种结合了 \"techno的快速节拍与说唱的呼唤和响应&rdquo;相结合的流派。\"它具有四层节奏，通常比大多数其他舞蹈音乐流派更快，大约在145到160 BPM。人声通常是重复的、粗糙的、色情的。正如DJ Godfather所说的那样，\"节拍真的很粗糙，很生硬，没有任何打磨\"。</p>\n<p>&nbsp;</p>\n<p>Ghettotech作为一种DJ风格诞生于20世纪80年代末，其灵感来自于The Electrifying Mojo的折衷主义和Jeff \"The Wizard \"Mills的快节奏混音和转鼓演奏。DJ们将混合多种风格，包括丛林、Ghetto house、Hip Hop、R&amp;B、电音和底特律Techno等。</p>\n<p>&nbsp;</p>\n<p>底特律的贫民窟的舞蹈被称为jit，这种舞蹈风格主要依靠快速的脚步组合、跌落、旋转和即兴表演。jit的根源可以追溯到20世纪70年代的底特律Jitterbugs。芝加哥对应的舞蹈风格是Juke，其重点是步法，可以追溯到20世纪80年代末。</p>\n<p>&nbsp;</p>\n<p>Ghettotech是一年一度的盛会底特律电子音乐节的一个组成部分。</p>\n<p>&nbsp;</p>\n<p>Ghettotech在2007年左右出现了衰退，因为一些关键的艺术家与这种风格保持了距离。然而，近年来，Ghettotech的姊妹风格Footwork（芝加哥步法）的普及激增，催生了新的听众群体。Ghettotech最新一波的制作人经常以160 BPM的速度制作曲目，以更好地适应芝加哥步法和其他类型的音乐。</p>\n<p>&nbsp;</p>\n<p>重要厂牌</p>\n<ul>\n<li>Twilight 76</li>\n<li>Databass</li>\n<li>Electrofunk</li>\n<li>Jefferson Ave</li>\n<li>Motor City Electro Company</li>\n<li>Intuit-Solar</li>\n</ul>",
 "contentEn": "<p><strong>Ghettotech</strong>&nbsp;(also known as&nbsp;<strong>Detroit club</strong>) is a genre of&nbsp;electronic music&nbsp;originating from&nbsp;Detroit. It combines elements of Chicago's&nbsp;ghetto house&nbsp;with&nbsp;electro,&nbsp;Detroit techno,&nbsp;Miami bass.<sup id=\"cite_ref-1\" class=\"reference\">[1]</sup></p>\n<p>&nbsp;</p>\n<h2><span id=\"Overview\" class=\"mw-headline\">Overview</span></h2>\n<p>Former Detroit music journalist for the&nbsp;<em>Detroit Metro Times</em>, Hobey Echlin describes ghettotech as a genre that combines \"techno's fast beats with rap's call-and-response.\"<sup id=\"cite_ref-2\" class=\"reference\">[2]</sup>&nbsp;It features&nbsp;four-on-the-floor&nbsp;rhythms and is usually faster than most other dance music genres, at roughly 145 to 160 BPM. Vocals are often repetitive, crude, and&nbsp;pornographic. As DJ Godfather puts it, \"the beats are really gritty, really raw, nothing polished.\"<sup id=\"cite_ref-youtube_3-0\" class=\"reference\">[3]</sup></p>\n<p>&nbsp;</p>\n<p>Ghettotech was born as a DJing style in the late 1980s, inspired by the eclecticism of&nbsp;The Electrifying Mojo&nbsp;and the fast-paced mixing and turntablism of&nbsp;Jeff \"The Wizard\" Mills. DJs would mix multiple genres including&nbsp;jungle,&nbsp;ghetto house,&nbsp;hip hop,&nbsp;R&amp;B,&nbsp;electro&nbsp;and&nbsp;Detroit techno.<sup id=\"cite_ref-:0_4-0\" class=\"reference\">[4]</sup><sup id=\"cite_ref-youtube_3-1\" class=\"reference\">[3]</sup>&nbsp;The music of&nbsp;2 Live Crew&nbsp;is also cited as influential to the genre.<sup id=\"cite_ref-:0_4-1\" class=\"reference\">[4]</sup></p>\n<p>&nbsp;</p>\n<p>A Detroit ghettotech style of dancing is called the jit. This dance style relies heavily on fast footwork combinations, drops, spins and improvisations. The roots of jit date back to Detroit&nbsp;jitterbugs&nbsp;in the 1970s.<sup id=\"cite_ref-5\" class=\"reference\">[5]</sup>&nbsp;Chicago's equivalent dance style is Juke, where the focus is on footwork dating back to the late 1980s.<sup id=\"cite_ref-youtube_3-2\" class=\"reference\">[3]</sup><sup id=\"cite_ref-6\" class=\"reference\">[6]</sup></p>\n<p>&nbsp;</p>\n<p>Ghettotech was an integral part of the&nbsp;Detroit Electronic Music Festival, an annual event.</p>\n<h2>&nbsp;</h2>\n<h2><span id=\"Key_record_labels\" class=\"mw-headline\">Key record labels</span></h2>\n<ul>\n<li>Twilight 76</li>\n<li>Databass</li>\n<li>Electrofunk</li>\n<li>Jefferson Ave</li>\n<li>Motor City Electro Company</li>\n<li>Intuit-Solar</li>\n</ul>\n<h2>&nbsp;</h2>\n<h2><span id=\"References\" class=\"mw-headline\">References</span></h2>\n<div class=\"reflist\">\n<div class=\"mw-references-wrap\">\n<ol class=\"references\">\n<li id=\"cite_note-1\"><span class=\"mw-cite-backlink\"><strong>^</strong></span>&nbsp;<span class=\"reference-text\"><cite id=\"CITEREFMueller2014\" class=\"citation web cs1\">Mueller, Gavin (2014).&nbsp;\"Ghettotech and ghetto house | Grove Music\".&nbsp;<em>www.oxfordmusiconline.com</em>.&nbsp;doi:10.1093/gmo/9781561592630.article.A2256635<span class=\"reference-accessdate\">. Retrieved&nbsp;<span class=\"nowrap\">2020-01-15</span></span>.</cite></span></li>\n<li id=\"cite_note-2\"><span class=\"mw-cite-backlink\"><strong>^</strong></span>&nbsp;<span class=\"reference-text\"><cite id=\"CITEREFEchlin2016\" class=\"citation book cs1\">Echlin, Hobey (2016). \"Inner-City Blues: The Story of Detroit Techno\". In Liebler, M.L. (ed.).&nbsp;<em>Heaven was Detroit</em>. Detroit: Wayne State University Press. p.&nbsp;368.&nbsp;ISBN&nbsp;<bdi>9780814341223</bdi>.</cite></span></li>\n<li id=\"cite_note-youtube-3\"><span class=\"mw-cite-backlink\">^&nbsp;<span class=\"cite-accessibility-label\">Jump up to:</span><sup><em><strong>a</strong></em></sup>&nbsp;<sup><em><strong>b</strong></em></sup>&nbsp;<sup><em><strong>c</strong></em></sup></span>&nbsp;<span class=\"reference-text\">XLR8R TV Episode 13: Detroit Ghettotech. 14 Aug. 2007. &lt;https://www.youtube.com/watch?v=NGFpF6vCV18&gt;.</span></li>\n<li id=\"cite_note-:0-4\"><span class=\"mw-cite-backlink\">^&nbsp;<span class=\"cite-accessibility-label\">Jump up to:</span><sup><em><strong>a</strong></em></sup>&nbsp;<sup><em><strong>b</strong></em></sup></span>&nbsp;<span class=\"reference-text\"><cite class=\"citation web cs1\">\"Ghettotech: An Oral History\".&nbsp;<em>daily.redbullmusicacademy.com</em><span class=\"reference-accessdate\">. Retrieved&nbsp;<span class=\"nowrap\">2021-01-11</span></span>.</cite></span></li>\n<li id=\"cite_note-5\"><span class=\"mw-cite-backlink\"><strong>^</strong></span>&nbsp;<span class=\"reference-text\"><cite class=\"citation web cs1\">\"2 Jit 2 Quit: In Search of Detroit's Street Dance Culture Past and Present | NOISEY\".&nbsp;<em>NOISEY</em>. 2014-05-28<span class=\"reference-accessdate\">. Retrieved&nbsp;<span class=\"nowrap\">2016-02-25</span></span>.</cite></span></li>\n<li id=\"cite_note-6\"><span class=\"mw-cite-backlink\"><strong>^</strong></span>&nbsp;<span class=\"reference-text\"><cite id=\"CITEREFMueller2007\" class=\"citation thesis cs1\">Mueller, Gavin C. (2007).&nbsp;<em>\"Straight Up Detroit Shit\": Genre, Authenticity, and Appropriation in Detroit Ghettotech</em>&nbsp;(Thesis). Bowling Green State University.</cite></span></li>\n</ol>\n</div>\n</div>",
 "remarks": "本词条汉字内容由 @多频百科团队 翻译+编辑\n原文译自 https://en.wikipedia.org/wiki/Ghettotech",
 "remarksEn": "本词条内容来自 https://en.wikipedia.org/wiki/Ghettotech",
 "status": 1,
 "clickNum": 11,
 "deleted": 0,
 "lang": 0,
 "chooseLang": true,
 "id": 68,
 "name": "Ghettotech",
 "descriptions": "Ghettotech（又称Detroit club）是一种源自底特律的电子音乐流派。它结合了芝加哥Ghetto House与底特律Techno、Miami Bass和UK Garage的元素。",
 "originalName": " Detroit club",
 "startTimeText": "Early – mid-1990s",
 "startAddress": "Detroit and Chicago, United States",
 "searchStyle": "House",
 "styleCategory": "Ghetto House",
 "originalStyle": "UK garage, ghetto house, electro, Detroit techno, Miami bass",
 "affectStyle": "",
 "deriveStyle": "",
 "representArtist": "",
 "officialUrl": "https://en.wikipedia.org/wiki/Ghettotech",
 "typeId": 13,
 "typeName": "风格",
 "dataId": 68,
 "url": "http://dropinapp.hearinmusic.com/#/ency?typeId=13&dataId=68"
}