{
 "pageNum": 1,
 "pageSize": 10,
 "params": {},
 "relationChannel": "[{\"id\":1447,\"parentId\":8,\"name\":\"Glitchstep\"}]",
 "content": "<div>\n<div class=\"document\">\n<p class=\"paragraph text-align-type-left pap-line-1.8 pap-line-rule-auto pap-spacing-before-2pt pap-spacing-after-2pt\">Glitchstep起源于1975年左右，在2008年左右普及，是idm和Glitch-Hop的一个分支，它更侧重于步伐，broken beat和分散的 funk 节奏，这种节奏是&ldquo;所有不符合hip hop节奏的跃动、不规则节奏的总称&rdquo;。 第一个录制glitchstep的是giorgio moroder的Percussiv。</p>\n<p class=\"paragraph text-align-type-left pap-line-1.8 pap-line-rule-auto pap-spacing-before-2pt pap-spacing-after-2pt\">&nbsp;</p>\n<div>\n<div class=\"document\">\n<p class=\"paragraph text-align-type-left pap-line-1.8 pap-line-rule-auto pap-spacing-before-2pt pap-spacing-after-2pt\">&nbsp;</p>\n</div>\n</div>\n</div>\n</div>",
 "contentEn": "<div>\n<div class=\"document\">\n<p class=\"paragraph text-align-type-left pap-line-1.8 pap-line-rule-auto pap-spacing-before-2pt pap-spacing-after-2pt\">Originating circa 1975 - popularized circa 2008, and is a branch off of idm and Glitch-Hop where there is more of a focus on the step, broken beat, scatter funk rhythm. A rhythm that is \"a general rubric for all kinds of jittery, irregular rhythms that don't conform to the hip hop pulse\". The first recorded glitchstep track is Percussiv by giorgio moroder.</p>\n</div>\n</div>",
 "remarks": "本词条汉字内容由 @多频百科团队 翻译+编辑\n原文译自https://www.last.fm/tag/glitchstep",
 "remarksEn": "本词条内容来自 https://www.last.fm/tag/glitchstep",
 "status": 1,
 "clickNum": 4,
 "deleted": 0,
 "lang": 0,
 "chooseLang": true,
 "id": 235,
 "name": "Glitchstep",
 "descriptions": "Glitchstep起源于1975年左右，在2008年左右普及，是idm和Glitch-Hop的一个分支。\n\n",
 "originalName": "",
 "startTimeText": "",
 "startAddress": "",
 "searchStyle": "Intelligent Dance Music",
 "styleCategory": "Glitch Hop",
 "originalStyle": "",
 "affectStyle": "",
 "deriveStyle": "",
 "representArtist": "Captain Crunch, カヒミ・カリィ, Sevdaliza, Chelsea Wolfe, King Dude, Diamanda Galás",
 "officialUrl": "https://www.last.fm/tag/glitchstep",
 "typeId": 13,
 "typeName": "风格",
 "dataId": 235,
 "url": "http://dropinapp.hearinmusic.com/#/ency?typeId=13&dataId=235"
}