{
 "pageNum": 1,
 "pageSize": 10,
 "params": {},
 "relationChannel": "[{\"id\":1209,\"parentId\":8,\"name\":\"Goa Trance\"}]",
 "content": "<div class=\"document\">\n<p class=\"paragraph text-align-type-left pap-line-1.8 pap-line-rule-auto pap-spacing-before-0pt pap-spacing-after-0pt\">Goa trance是一种电子音乐风格，起源于20世纪80年代末的印度果阿。Goa trance通常有前卫的、类似于dron-de的基调，类似于21世纪psychedelic trance（psytrance）的techno minimalism。psytrance是从Goa trance发展而来的。</p>\n<p class=\"paragraph text-align-type-left pap-line-1.8 pap-line-rule-auto pap-spacing-before-0pt pap-spacing-after-0pt\">&nbsp;</p>\n<p class=\"paragraph text-align-type-left pap-line-1.8 pap-line-rule-auto pap-spacing-before-0pt pap-spacing-after-0pt\"><strong>历史 </strong></p>\n<p class=\"paragraph text-align-type-left pap-line-1.8 pap-line-rule-auto pap-spacing-before-0pt pap-spacing-after-0pt\">Goa Trance起源于20世纪60年代末70年代初Goa作为嬉皮之都的流行，虽然音乐发展在整个80年代印度的精神文化中融入了工业音乐、New beat和电子身体音乐（EBM）的元素，但真正的Goa trance风格直到90年代初才出现。所演奏的音乐是一种混合了各种风格的音乐，松散地定义为techno、New beat和各种类型的 \"电脑音乐\"（例如，没有人声的high energy disco、acid-house, electro, industrial-gothic和各种风格的house和电子摇滚混合体）。它由旅行者-收藏家和DJ以磁带的形式出现，并在Goa DJ之间以磁带对磁带的方式分享（复制），这是一个不受厂牌或音乐产业驱动的地下场景。在20世纪80年代之前，派对上播放的音乐是由现场乐队演奏的，而磁带则是在演出间隙播放的。</p>\n<p class=\"paragraph text-align-type-left pap-line-1.8 pap-line-rule-auto pap-spacing-before-0pt pap-spacing-after-0pt\">&nbsp;</p>\n<p class=\"paragraph text-align-type-left pap-line-1.8 pap-line-rule-auto pap-spacing-before-0pt pap-spacing-after-0pt\">20世纪80年代初，采样合成器和MIDI音乐在全球范围内出现，DJ在Goa成为首选，两个磁带机带动一个派对，没有休息时间，有利于音乐的连续播放。直到上世纪90年代，DAT磁带才被DJ们使用。20世纪80年代在Goa演出的DJ包括：Fred Disko, Dr Bobby, Stephano, Paulino, Mackie, Babu, Laurent, Ray, Fred, Antaro, Lui, Rolf, Tilo, Pauli, Rudi, and Goa Gil。他们的音乐风格不拘一格，但都是围绕着器乐配音版本的曲目，唤起了神秘、宇宙、迷幻和存在的主题。特别的混音是由Goa的DJ制作的，是对一首歌曲的各种版本进行编辑，以延伸音乐时长。</p>\n<p class=\"paragraph text-align-type-left pap-line-1.8 pap-line-rule-auto pap-spacing-before-0pt pap-spacing-after-0pt\">&nbsp;</p>\n<div>\n<div class=\"document\">\n<p class=\"paragraph text-align-type-left pap-line-1.8 pap-line-rule-auto pap-spacing-before-0pt pap-spacing-after-0pt\">直到1994年，Paul Oakenfold开始通过他自己的Perfecto厂牌和媒体，发行了1994年的Essential Mix（即通常所说的Goa Mix），才使Goa trance在音乐行业和集体派对中得到全球认可。到了1990-91年，Goa已经成为了一个热门的派对目的地，场面越来越大。从1993年开始，Goa-style派对传遍全世界，各国（英国、澳大利亚、日本、德国）的众多厂牌致力于推广psychedelic electronic music，这些音乐反映了Goa派对、Goa音乐和Goa特有的艺术家、制作人和DJ的精神。1992年，Mark Maurice的 \"Panjaea's focal point \"派对把它带到了伦敦，它在伦敦俱乐部megatripolis的节目给当时正在发展的小型国际场景带来了巨大的推动力（1993年10月21日起）。1994年至1997年，Goa trance的黄金时代和第一波浪潮在美学上被普遍认同。</p>\n<p class=\"paragraph text-align-type-left pap-line-1.8 pap-line-rule-auto pap-spacing-before-0pt pap-spacing-after-0pt\">&nbsp;</p>\n<p class=\"paragraph text-align-type-left pap-line-1.8 pap-line-rule-auto pap-spacing-before-0pt pap-spacing-after-0pt\"><strong>特点</strong></p>\n<p class=\"paragraph text-align-type-left pap-line-1.8 pap-line-rule-auto pap-spacing-before-0pt pap-spacing-after-0pt\">Goa Trance的初衷是通过催眠、脉动的旋律和节奏，帮助舞者体验一种集体的身体超越状态，类似于古代萨满教的舞蹈仪式。因此，它有一个充满活力的节拍，通常是标准的4/4舞曲节奏。一首典型的曲目一般会在后半段建立起一个更有活力的运动，然后再达到一个强烈的高潮，然后相当快地趋于结束。节奏通常在130-150 BPM的范围内，尽管有些曲目的节奏可能低至110或高至160 BPM。一般8-12分钟长，Goa Trance曲目往往注重在整个过程中稳定地建立能量，随着音乐的进展，使用打击乐模式的变化和更复杂和更有层次的合成器部分，以建立一种催眠和强烈的感觉。踢鼓往往是一种低沉、厚实的声音，次低音频率突出。音乐中非常经常地融入了许多音频效果，这些效果往往是通过合成器的实验而产生的。一种著名的声音起源于Goa trance，并通过它的后继者变得更加流行，它将Goa Trance演变成一种被称为Psytrance的音乐流派，它具有有机的 \"压制 \"声音（通常是一种锯齿波，它通过共振带通或高通滤波器运行）。</p>\n<p class=\"paragraph text-align-type-left pap-line-1.8 pap-line-rule-auto pap-spacing-before-0pt pap-spacing-after-0pt\">&nbsp;</p>\n<div>\n<div class=\"document\">\n<p class=\"paragraph text-align-type-left pap-line-1.8 pap-line-rule-auto pap-spacing-before-0pt pap-spacing-after-0pt\">Goa trance中使用的其他音乐技术包括流行的模拟合成器，如Roland TB-303、Roland Juno-60/106、Novation Bass-Station、Korg MS-10，特别是Roland SH-101。Akai、Yamaha和Ensoniq生产的硬件采样器也是流行的采样存储和操作。Goa Tranc的一个流行元素是使用人声样本，通常来自科幻电影。那些样本大多包含了对毒品、超心理学、外星生命、存在主义、灵魂出窍、梦境、科学、时间旅行、灵性以及类似的神秘和非常规话题的引用。</p>\n<p class=\"paragraph text-align-type-left pap-line-1.8 pap-line-rule-auto pap-spacing-before-0pt pap-spacing-after-0pt\">&nbsp;</p>\n<p class=\"paragraph text-align-type-left pap-line-1.8 pap-line-rule-auto pap-spacing-before-0pt pap-spacing-after-0pt\">1999年，一群匿名艺术家引入了底特律的Techno，他们在Baga Goa一个名为Laughing Buddha（正式名称为Klinsons）的场地专门表演底特律Techno和芝加哥House。他们是第一个使用转盘播放这种音乐风格的人。当时也是Goa地区第一次使用黑胶唱片来表演。在那之前，DJ们通常使用迷你碟、DAT和CD，不需要匹配节拍来进行混音。Detroit sound 的引入对Goa trance产生了持久的影响，产生了更加工业化的声音。</p>\n<p class=\"paragraph text-align-type-left pap-line-1.8 pap-line-rule-auto pap-spacing-before-0pt pap-spacing-after-0pt\">&nbsp;</p>\n<p class=\"paragraph text-align-type-left pap-line-1.8 pap-line-rule-auto pap-spacing-before-0pt pap-spacing-after-0pt\">第一批派对是在South Anjuna海滩的竹林、Vagator海滩的迪斯科谷和Arambol海滩（约1991-1993年）举行的派对，最初试图将它们变成商业活动，但遇到了很多阻力，而且需要向当地果阿警察支付baksheesh。活动一般围绕着一个酒吧进行，尽管这些酒吧往往只是森林或海滩上的临时固定场所。新年前后举行的派对往往是最混乱的，从孟买、德里、古吉拉特、班加罗尔、海得拉巴和钦奈等各地涌来的大巴人。来自印度各地的旅行者和沙弥经过这里加入其中。倫敦的Megatripoli对普及这个流派发挥积极作用。从1993年6月开始运行，虽然从1993年10月搬到Heaven夜总会开始真正地编排音乐，但它在英国所有的国家媒体上都有报道，一直运行到1996年10月。1993年，一个叫 \"Return to the Source\"的派对组织也把这个声音带到了英国伦敦。</p>\n<p class=\"paragraph text-align-type-left pap-line-1.8 pap-line-rule-auto pap-spacing-before-0pt pap-spacing-after-0pt\">&nbsp;</p>\n<p class=\"paragraph text-align-type-left pap-line-1.8 pap-line-rule-auto pap-spacing-before-0pt pap-spacing-after-0pt\"><strong>源头 </strong></p>\n<p class=\"paragraph text-align-type-left pap-line-1.8 pap-line-rule-auto pap-spacing-before-0pt pap-spacing-after-0pt\">在北伦敦的Rocket开始了只有几百名追随者的生活，后来长期驻扎在Brixton的2000人容量的Fridge，并在Brixton Academy举办了几场更大的6000人容量的派对，他们的新年夜派对因非常特别而获得了声誉。在整个90年代，该俱乐部在英国、欧洲和以色列巡回演出，甚至在日本富士山的山坡和纽约的自由科学中心举办了两场令人难忘的派对。</p>\n<p class=\"paragraph text-align-type-left pap-line-1.8 pap-line-rule-auto pap-spacing-before-0pt pap-spacing-after-0pt\">&nbsp;</p>\n<div>\n<div class=\"document\">\n<p class=\"paragraph text-align-type-left pap-line-1.8 pap-line-rule-auto pap-spacing-before-0pt pap-spacing-after-0pt\">到2001年，Chris Deckker、Mark Allen、Phil Ross和Janice Duncan这几位伙伴已经筋疲力尽，分道扬镳。最后一次返璞归真派对是在2002年的Brixton学院。Goa派对在视觉上有一个明确的特点--在服装和挂毯等装饰品上普遍使用 \"荧光\"（荧光颜料）。这些装饰品上的图案通常与外星人、印度教、其他宗教（尤其是东方）图像、mushrooms（和其他psychedelic 艺术）、萨满教和技术等主题有关。DJ台前以宗教物品为主题的神龛也是常见的装饰品。</p>\n<p class=\"paragraph text-align-type-left pap-line-1.8 pap-line-rule-auto pap-spacing-before-0pt pap-spacing-after-0pt\">&nbsp;</p>\n<p class=\"paragraph text-align-type-left pap-line-1.8 pap-line-rule-auto pap-spacing-before-0pt pap-spacing-after-0pt\">在流行文化中 在90年代中期的一个短时期内，Goa trance在DJ们的支持下取得了巨大的商业成功，后来DJ们又协助Goa以外地区发展了一种更为主流的trance风格。</p>\n</div>\n</div>\n</div>\n</div>\n</div>\n</div>\n</div>",
 "contentEn": "<p><strong>Goa trance</strong>&nbsp;is an&nbsp;electronic dance music&nbsp;style that originated in the early 1990s.<sup id=\"cite_ref-allmusic_guide_2-1\" class=\"reference\">[2]</sup>&nbsp;Goa trance often has drone-like basslines, similar to the&nbsp;techno minimalism&nbsp;of 21st century&nbsp;psychedelic trance&nbsp;(psytrance). Psychedelic trance developed from Goa trance.<sup id=\"cite_ref-PsyBook2010_3-0\" class=\"reference\">[3]</sup></p>\n<p>&nbsp;</p>\n<h2><span id=\"History\" class=\"mw-headline\">History</span></h2>\n<p>The music has its roots in the popularity of Goa in the late 1960s and early 1970s as a&nbsp;hippie&nbsp;capital, and although musical developments were incorporating elements of&nbsp;industrial music,&nbsp;New beat&nbsp;and&nbsp;electronic body music&nbsp;(EBM), with the&nbsp;spiritual culture in India&nbsp;throughout the 1980s, the actual Goa trance style did not appear until the early 1990s.<sup id=\"cite_ref-allmusic_guide_2-2\" class=\"reference\">[2]</sup><sup id=\"cite_ref-4\" class=\"reference\">[4]</sup></p>\n<p>&nbsp;</p>\n<p>The music played was a blend of styles loosely defined as&nbsp;techno,&nbsp;New beat&nbsp;and various genres of \"computer music\" (e.g., high energy disco without vocals, acid-house, electro, industrial-gothic, various styles of house and electronic-rock hybrids). It arrived on tape cassettes by traveller-collectors and DJs and was shared (copied) tape-to-tape among Goa DJs, in an underground scene not driven by labels or the music industry.<sup class=\"noprint Inline-Template Template-Fact\">[<em><span title=\"This claim needs references to reliable sources. (April 2015)\">citation needed</span></em>]</sup></p>\n<p>&nbsp;</p>\n<p>Prior to the 1980s, the music played at parties was performed by live bands and tapes were played in between sets. In the early 1980s,&nbsp;sampling synth&nbsp;and&nbsp;MIDI&nbsp;music appeared globally and DJs became the preferred format in Goa, with two tape decks driving a party without a break, facilitating continuous music.<sup class=\"noprint Inline-Template Template-Fact\">[<em><span title=\"This claim needs references to reliable sources. (April 2015)\">citation needed</span></em>]</sup></p>\n<p>&nbsp;</p>\n<p>Cassette tapes were used by DJs until the 1990s, when&nbsp;DAT tapes&nbsp;were used. DJs playing in Goa during the 1980s included Fred Disko, Dr Bobby, Stephano, Paulino, Mackie, Babu, Laurent, Ray, Fred, Antaro, Lui, Rolf, Tilo, Pauli, Rudi, and&nbsp;Goa Gil.<sup id=\"cite_ref-5\" class=\"reference\">[5]</sup>&nbsp;The music was eclectic in style but based around instrumental dub versions of tracks that evoked mystical, cosmic, psychedelic, and existential themes. Special mixes were made by DJs in Goa that were the editing of various versions of a track to make it longer.<sup id=\"cite_ref-6\" class=\"reference\">[6]</sup></p>\n<p>&nbsp;</p>\n<p>By 1990&ndash;91, Goa had become a hot destination for partying and was no longer under the radar: the scene grew bigger. Goa-style parties spread like a diaspora all over the world from 1993, and a multitude of labels in various countries (UK, Australia, Japan, Germany) dedicated themselves to promoting psychedelic electronic music that reflected the ethos of Goa parties, Goa music and Goa-specific artists and producers and DJs. Mark Maurice's 'Panjaea's focal point' parties brought it to London in 1992 and its programming at London club&nbsp;megatripolis&nbsp;gave a great boost to the small international scene that was then growing (October 21, 1993 onwards). The golden age and first wave of Goa Trance was generally agreed upon aesthetically between 1994 and 1997.<sup class=\"noprint Inline-Template Template-Fact\">[<em><span title=\"This claim needs references to reliable sources. (April 2015)\">citation needed</span></em>]</sup></p>\n<p>&nbsp;</p>\n<p>Goa trance in the music industry and as a collective party fashion did not gain global recognition until 1994, when&nbsp;Paul Oakenfold&nbsp;began to champion the genre<sup id=\"cite_ref-7\" class=\"reference\">[7]</sup>&nbsp;via his own&nbsp;Perfecto&nbsp;label and in the media, most notably with the release of his 1994&nbsp;<em>Essential Mix</em>, or more commonly known as the&nbsp;<em>Goa Mix</em>.<sup id=\"cite_ref-8\" class=\"reference\">[8]</sup></p>\n<h2>&nbsp;</h2>\n<h2><span id=\"Sound\" class=\"mw-headline\">Sound</span></h2>\n<p>The original goal of the music was to assist the dancers in experiencing a collective state of bodily transcendence, similar to that of ancient shamanic dancing rituals, through hypnotic, pulsing melodies and rhythms. As such, it has an energetic&nbsp;beat, often in a standard 4/4 dance rhythm. A typical track will generally build up to a much more energetic movement in the second half before reaching an intense climax, then taper off fairly quickly toward the end. The&nbsp;tempo&nbsp;typically lies in the 130&ndash;150 BPM range, although some tracks may have a tempo as low as 110 or as high as 160 BPM. Generally 8&ndash;12 minutes long, Goa Trance tracks tend to focus on steadily building energy throughout, using changes in percussion patterns and more intricate and layered synth parts as the music progresses in order to build a hypnotic and intense feel.</p>\n<p>&nbsp;</p>\n<p>The kick drum often is a low, thick sound with prominent sub-bass frequencies. The music very often incorporates many audio effects that are often created through experimentation with synthesisers. A well-known sound that originated with Goa trance and became much more prevalent through its successor, which evolved Goa Trance into a music genre known as&nbsp;Psytrance, has the organic \"squelchy\" sound (usually a sawtooth-wave which is run through a resonant band-pass or high-pass filter).<sup class=\"noprint Inline-Template Template-Fact\">[<em><span title=\"This claim needs references to reliable sources. (April 2015)\">citation needed</span></em>]</sup></p>\n<p>&nbsp;</p>\n<p>Other&nbsp;music technology&nbsp;used in Goa trance includes popular analogue synthesizers such as the&nbsp;Roland TB-303,&nbsp;Roland Juno-60/106, Novation Bass-Station, Korg MS-10, and notably the&nbsp;Roland SH-101. Hardware&nbsp;samplers&nbsp;manufactured by&nbsp;Akai,&nbsp;Yamaha&nbsp;and&nbsp;Ensoniq&nbsp;were also popular for sample storage and manipulation.<sup class=\"noprint Inline-Template Template-Fact\">[<em><span title=\"This claim needs references to reliable sources. (April 2015)\">citation needed</span></em>]</sup></p>\n<p>&nbsp;</p>\n<p>A popular element of Goa trance is the use of vocal samples, often from&nbsp;science fiction movies. Those samples mostly contain references to drugs,&nbsp;parapsychology,&nbsp;extraterrestrial life,&nbsp;existentialism,&nbsp;out-of-body experiences, dreams, science, time travel, spirituality and similarly mysterious and unconventional topics.<sup class=\"noprint Inline-Template Template-Fact\">[<em><span title=\"This claim needs references to reliable sources. (April 2015)\">citation needed</span></em>]</sup></p>\n<p>&nbsp;</p>\n<p>Detroit techno was introduced in 1999 by a group of anonymous artists who performed exclusively Detroit techno and Chicago house at a venue known as Laughing Buddha (formally known as Klinsons) in Baga, Goa. They were the first to play this style of music with turntables. Using vinyl was a first for Goa at that time. Until then DJs usually used mini discs, DATs and CDs, without beat matching to mix. The introduction of the Detroit sound had a lasting effect on Goa trance, leading to a more industrialized sound.</p>\n<h2>&nbsp;</h2>\n<h2><span id=\"Parties\" class=\"mw-headline\">P</span><span id=\"Parties\" class=\"mw-headline\">arties</span></h2>\n<p>The first parties were those held at Bamboo Forest at&nbsp;South Anjuna beach., Disco Valley at&nbsp;Vagator beach&nbsp;and&nbsp;Arambol beach&nbsp;(c. 1991&ndash;1993)<sup id=\"cite_ref-9\" class=\"reference\">[9]</sup>&nbsp;and attempts initially were made to turn them into commercial events, which met with much resistance and the need to pay the local Goan police&nbsp;<em>baksheesh</em>. Events were generally staged around a bar, even though these were often only a temporary fixture in the forest or beach.<sup class=\"noprint Inline-Template Template-Fact\">[<em><span title=\"This claim needs references to reliable sources. (April 2015)\">citation needed</span></em>]</sup>&nbsp;The parties taking place around the new year tend to be the most chaotic with busloads of people coming in from all places such as Mumbai, Delhi, Gujarat, Bangalore, Hyderabad, and Chennai. Travelers and&nbsp;<em>sadhus</em>&nbsp;from all over India passed by to join in.<sup class=\"noprint Inline-Template Template-Fact\">[<em><span title=\"This claim needs references to reliable sources. (April 2015)\">citation needed</span></em>]</sup></p>\n<p>&nbsp;</p>\n<p>Megatripolis&nbsp;in London was a great influence in popularising the sound. Running from June 1993 though really programming the music from October 1993 when it moved to Heaven nightclub it made all the national UK press, running until October 1996.</p>\n<p>&nbsp;</p>\n<p>In 1993 a party organization called&nbsp;Return to the Source&nbsp;also brought the sound to London, UK. Starting life at the Rocket in North London with a few hundred followers, the Source went on to a long residency at Brixton's 2,000 capacity Fridge and to host several larger 6,000 capacity parties in Brixton Academy, their New Year's Eve parties gaining reputations for being very special. The club toured across the UK, Europe and Israel throughout the 1990s and went as far as two memorable parties on the slopes of Mount Fuji in Japan and New York's Liberty Science Center. By 2001 the partners Chris Deckker,&nbsp;Mark Allen, Phil Ross and Janice Duncan were worn out and all but gone their separate ways. The last Return to the Source party was at Brixton Academy in 2002.<sup class=\"noprint Inline-Template Template-Fact\">[<em><span title=\"This claim needs references to reliable sources. (April 2015)\">citation needed</span></em>]</sup></p>\n<p>&nbsp;</p>\n<p>Goa parties have a definitive visual aspect - the use of \"fluoro\" (fluorescent&nbsp;paint) is common on clothing and on decorations such as tapestries. The graphics on these decorations are usually associated with topics such as&nbsp;aliens,&nbsp;Hinduism, other religious (especially eastern) images, mushrooms (and other psychedelic art),&nbsp;shamanism&nbsp;and technology. Shrines in front of the DJ stands featuring religious items are also common decorations.<sup class=\"noprint Inline-Template Template-Fact\">[<em><span title=\"This claim needs references to reliable sources. (April 2015)\">citation needed</span></em>]</sup></p>\n<h2>&nbsp;</h2>\n<h2><span id=\"In_popular_culture\" class=\"mw-headline\">In popular culture</span></h2>\n<p>For a short period in the mid-1990s, Goa trance enjoyed significant commercial success with support from DJs, who later went on to assist in developing a much more mainstream style of trance outside Goa.</p>\n<p>&nbsp;</p>\n<h2><span id=\"References\" class=\"mw-headline\">References</span></h2>\n<div class=\"reflist reflist-columns references-column-width reflist-columns-2\">\n<ol class=\"references\">\n<li id=\"cite_note-1\"><span class=\"mw-cite-backlink\"><strong>^</strong></span>&nbsp;<span class=\"reference-text\"><em>The Local Scenes and Global Culture of Psytrance</em>, page 56,&nbsp;Routledge</span></li>\n<li id=\"cite_note-allmusic_guide-2\"><span class=\"mw-cite-backlink\">^&nbsp;<span class=\"cite-accessibility-label\">Jump up to:</span><sup><em><strong>a</strong></em></sup>&nbsp;<sup><em><strong>b</strong></em></sup>&nbsp;<sup><em><strong>c</strong></em></sup></span>&nbsp;<span class=\"reference-text\"><cite id=\"CITEREFBogdanov,_Vladimir2001\" class=\"citation book cs1\">Bogdanov, Vladimir (2001).&nbsp;<span class=\"cs1-lock-registration\" title=\"Free registration required\"><em>All Music Guide to Electronica: The Definitive Guide to Electronic Music</em></span>&nbsp;(4th&nbsp;ed.). Backbeat Books. pp.&nbsp;xi.&nbsp;ISBN&nbsp;<bdi>978-0879306281</bdi>.</cite></span></li>\n<li id=\"cite_note-PsyBook2010-3\"><span class=\"mw-cite-backlink\"><strong>^</strong></span>&nbsp;<span class=\"reference-text\"><cite id=\"CITEREFGraham_St_John2010\" class=\"citation book cs1\">Graham St John (2010).&nbsp;<em>The Local Scenes and Global Culture of Psytrance</em>.&nbsp;ISBN&nbsp;<bdi>978-1136944345</bdi>.</cite></span></li>\n<li id=\"cite_note-4\"><span class=\"mw-cite-backlink\"><strong>^</strong></span>&nbsp;<span class=\"reference-text\"><cite class=\"citation web cs1\">\"Goa Trance\".&nbsp;<em>moodbook.com</em>. Archived from&nbsp;the original&nbsp;on March 19, 2008<span class=\"reference-accessdate\">. Retrieved&nbsp;<span class=\"nowrap\">August 23,</span>2016</span>.</cite></span></li>\n<li id=\"cite_note-5\"><span class=\"mw-cite-backlink\"><strong>^</strong></span>&nbsp;<span class=\"reference-text\"><cite class=\"citation web cs1\">\"ALTERNATIVE GOA LIFESTYLE GUIDE Alternative Goa Lifestyle Guide\".&nbsp;<em>Joomag</em>. 21 November 2014.</cite></span></li>\n<li id=\"cite_note-6\"><span class=\"mw-cite-backlink\"><strong>^</strong></span>&nbsp;<span class=\"reference-text\"><cite class=\"citation web cs1\">\"mind_like_a_laser\".</cite></span></li>\n<li id=\"cite_note-7\"><span class=\"mw-cite-backlink\"><strong>^</strong></span>&nbsp;<span class=\"reference-text\"><cite class=\"citation web cs1\">\"25 Most Influential Parties\".&nbsp;<em>Mixmag</em>.</cite></span></li>\n<li id=\"cite_note-8\"><span class=\"mw-cite-backlink\"><strong>^</strong></span>&nbsp;<span class=\"reference-text\"><cite class=\"citation web cs1\">\"Paul Oakenfold 1994\".&nbsp;<em>BBC Essential Mix</em>.</cite></span></li>\n<li id=\"cite_note-9\"><span class=\"mw-cite-backlink\"><strong>^</strong></span>&nbsp;<span class=\"reference-text\"><cite id=\"CITEREFSaldhana\" class=\"citation web cs1\">Saldhana, Arund.&nbsp;\"Article: Music tourism and factions of bodies in Goa\"&nbsp;<span class=\"cs1-format\">(PDF)</span>.&nbsp;<em>tc.umn.edu</em>. Open University/University of Minnesota, Sage Publications, UK 2002. Archived from&nbsp;the original&nbsp;<span class=\"cs1-format\">(PDF)</span>&nbsp;on 4 March 2016<span class=\"reference-accessdate\">. Retrieved&nbsp;<span class=\"nowrap\">22 February</span>&nbsp;2016</span>.</cite></span></li>\n</ol>\n</div>",
 "remarks": "本词条汉字内容由 @多频百科团队 翻译+编辑\n原文译自 https://en.wikipedia.org/wiki/Goa_trance",
 "remarksEn": "本词条内容来自 https://en.wikipedia.org/wiki/Goa_trance",
 "status": 1,
 "clickNum": 27,
 "deleted": 0,
 "lang": 0,
 "chooseLang": true,
 "id": 170,
 "name": "Goa Trance",
 "descriptions": "Goa trance是一种电子音乐风格，起源于20世纪80年代末的印度果阿。Goa trance通常有前卫的、类似于dron-de的基调，类似于21世纪psychedelic trance（psytrance）的techno minimalism。psytrance是从Goa trance发展而来的。",
 "originalName": "",
 "startTimeText": "Early 1990s",
 "startAddress": "Goa, India",
 "searchStyle": "Trance",
 "styleCategory": "Trance",
 "originalStyle": "Trance, EBM, psychedelic rock, acid house, new beat, Indian classical music",
 "affectStyle": "",
 "deriveStyle": "Psychedelic trance, nitzhonot",
 "representArtist": " Fred Disko, Dr Bobby, Stephano",
 "officialUrl": "https://en.wikipedia.org/wiki/Goa_trance",
 "typeId": 13,
 "typeName": "风格",
 "dataId": 170,
 "url": "http://dropinapp.hearinmusic.com/#/ency?typeId=13&dataId=170"
}