{
 "pageNum": 1,
 "pageSize": 10,
 "params": {},
 "relationChannel": "[{\"id\":1101,\"parentId\":8,\"name\":\"Gqom\"}]",
 "content": "<p>Gqom（Igqomu）是2010年代初从南非德班兴起的一种电子舞曲流派，主要由制作人DJ Lag、二人组Rudeboyz、Griffit Vigo、Dominowe和Citizen Boy开创，从南非的House音乐、Kwaito和Techno发展而来。与其他南非电子音乐不同的是，gqom的典型特征是极简、原始和重复的声音，重低音节拍，但没有四上八下的节奏模式。</p>\n<p>&nbsp;</p>\n<p><strong>代表人物</strong></p>\n<p>影响Gqom音乐风格国际影响力的音乐鉴赏家包括南非说唱歌手Okmalumkoolkat，意大利唱片厂牌Gqom Oh的主理人Malumz Kole，包括音乐评论人和公共关系负责人Cherish Lala Mankai，以及唱片厂牌Afrotainment的主理人DJ Tira 和Babes Wodumo。</p>\n<p>&nbsp;</p>\n<p><strong>名称和特征 </strong></p>\n<p>gqom这个词源于isiZulu中敲击辅音的拟声词组合，意为击打鼓。它也表示为qgom，igqom，gqomu或其变体。 Gqom因其节拍而闻名，其节拍极少，原始且重复，低音沉重。它主要被描述为具有黑暗且催眠的俱乐部声音。节拍的风格没有使用其他室内音乐经常听到的四层节奏模式。典型的抒情主题包括夜生活。它通常使用一个短语或几行，在歌曲中重复多次。 Gqom是由D.I.Y.生产的年轻一代技术熟练的DJ开发的。使用FL Studio之类的软件流行音乐，并经常在文件共享平台上自行分发音乐。从2010年代中期开始，该音乐流派在国外尤其是伦敦引起了关注。</p>\n<p>&nbsp;</p>\n<p><strong>舞蹈动作 </strong></p>\n<p>Gqom音乐与许多独特的舞蹈动作相关，包括gwara gwara，vosho和bhenga。</p>\n<p>&nbsp;</p>\n<p><span style=\"text-decoration: underline;\">Gwara gwara </span></p>\n<p>Gwara Gwara是通过使手臂和肘部旋转并摆动成一个圆圈来执行的，其中一条腿的动作随着手臂的节奏而运动。它与Stanky腿有些相似之处。由唱片骑师和制片人DJ Bongz创作的舞步主要在2016年受到南非人和其他非洲人的模仿。由于编舞被著名音乐家采用，该舞步也得到了全球广泛的传播。蕾哈娜在2018年第60届格莱美奖颁奖典礼上演唱《野性的想法》时，表演了这一舞蹈动作。Childish Gambino在他的歌曲 \"This Is America \"的视频中表演了这个舞蹈。</p>",
 "contentEn": "<p><strong>Gqom</strong>&nbsp;(<small></small><span class=\"IPA\" title=\"Representation in the International Phonetic Alphabet (IPA)\">[ᶢǃʱ&ograve;m]</span>) '<strong>(Igqomu)</strong>&nbsp;(<small></small><span class=\"IPA\" title=\"Representation in the International Phonetic Alphabet (IPA)\">[iᶢǃʱ&ograve;mu]</span>) is a genre of&nbsp;electronic dance music&nbsp;that emerged in the early 2010s from&nbsp;Durban, South Africa,<sup id=\"cite_ref-:0_1-0\" class=\"reference\">[1]</sup>&nbsp;pioneered largely by producer&nbsp;DJ Lag,<sup id=\"cite_ref-:2_2-0\" class=\"reference\">[2]</sup><sup id=\"cite_ref-3\" class=\"reference\">[3]</sup><sup id=\"cite_ref-4\" class=\"reference\">[4]</sup>&nbsp;Rudeboyz,<sup id=\"cite_ref-:2_2-1\" class=\"reference\">[2]</sup><sup id=\"cite_ref-5\" class=\"reference\">[5]</sup><sup id=\"cite_ref-6\" class=\"reference\">[6]</sup><sup id=\"cite_ref-7\" class=\"reference\">[7]</sup>&nbsp;Griffit Vigo, Dominowe<sup id=\"cite_ref-8\" class=\"reference\">[8]</sup>&nbsp;and Citizen Boy.<sup id=\"cite_ref-:3_9-0\" class=\"reference\">[9]</sup><sup id=\"cite_ref-:4_10-0\" class=\"reference\">[10]</sup>&nbsp;It was developed from&nbsp;kwaito, a subgenre of&nbsp;house music&nbsp;from South Africa.&nbsp;<sup id=\"cite_ref-:1_11-0\" class=\"reference\">[11]</sup>&nbsp;Unlike other South African electronic music, gqom is typified by minimal, raw and repetitive sound with heavy bass beats but without the&nbsp;four-on-the-floor&nbsp;rhythm pattern.<sup id=\"cite_ref-:0_1-1\" class=\"reference\">[1]</sup>&nbsp;Music connoisseurs who were pivotal in influencing the genre's international acclaim included the likes of South African rapper&nbsp;Okmalumkoolkat, Italian record label Gqom Oh owner, Malumz Kole<sup id=\"cite_ref-:5_12-0\" class=\"reference\">[12]</sup>&nbsp;inclusive of music taste-maker and public relations liaison, Cherish Lala Mankai,<sup id=\"cite_ref-:5_12-1\" class=\"reference\">[12]</sup>&nbsp;Afrotainment record label owner&nbsp;DJ Tira&nbsp;and&nbsp;Babes Wodumo.</p>\n<p>&nbsp;</p>\n<h2><span id=\"Name_and_characteristics\" class=\"mw-headline\">Name and characteristics</span></h2>\n<p>The word&nbsp;<em>gqom</em>&nbsp;derives from an onomatopoeic combination of&nbsp;click consonants&nbsp;in the&nbsp;isiZulu&nbsp;meaning a hitting drum. It is also expressed as&nbsp;<em>qgom</em>,&nbsp;<em>igqom</em>,&nbsp;<em>gqomu</em>&nbsp;or variants thereof.<sup id=\"cite_ref-13\" class=\"reference\">[13]</sup><sup id=\"cite_ref-14\" class=\"reference\">[14]</sup></p>\n<p>&nbsp;</p>\n<p>Gqom is known for its beats which have a minimal, raw and repetitive sound with heavy bass. It is mainly described as having a dark and hypnotic club sound. The style of beats does not use the four-on-the-floor rhythm pattern which is often heard in other house music.<sup id=\"cite_ref-:0_1-2\" class=\"reference\">[1]</sup>&nbsp;Typical lyrical themes include&nbsp;nightlife. It often uses one phrase or a few lines which are repeated numerous times in the song. Gqom was developed by a young generation of technologically skilled DJs producing in D.I.Y. fashion with software such as&nbsp;FL Studio&nbsp;and often self distributing their music on file sharing platforms.<sup id=\"cite_ref-:4_10-1\" class=\"reference\">[10]</sup>&nbsp;From the mid-2010s the genre gained prominence abroad, especially in&nbsp;London.<sup id=\"cite_ref-15\" class=\"reference\">[15]</sup>Gqom also played it part on making taxi's money as people discovered a day to celebrate Gqom called Qhom Explosion that is mostly known as iNazoke.It is celebrated by people from the city of Durban,but eventually other cities and towns in KwaZulu-Natal started celebrating it.</p>\n<h2>&nbsp;</h2>\n<h2><span id=\"Dance_moves\" class=\"mw-headline\">Dance moves</span></h2>\n<p>Gqom music is associated with a number of distinctive dance moves, including&nbsp;<em>gwara gwara</em>,&nbsp;<em>vosho</em>&nbsp;and&nbsp;<em>bhenga</em>.<sup id=\"cite_ref-16\" class=\"reference\">[16]</sup></p>\n<h3>&nbsp;</h3>\n<h3><span id=\"Gwara_gwara\" class=\"mw-headline\"><em>Gwara gwara</em></span></h3>\n<p><em>Gwara gwara</em>&nbsp;is performed by rolling and swinging the arm and the elbow in terms of making a circle, and one of the leg moves in connection with the arm's rhythm.&nbsp;It has some similarities to the Stanky Leg. Gwara gwara was made famous by South African musician Babes Wodumo.<sup id=\"cite_ref-17\" class=\"reference\">[17]</sup>&nbsp;The dance move created by disc jockey and producer DJ Bongz, was heavily imitated by South Africans and other African people mainly during 2016.<sup id=\"cite_ref-18\" class=\"reference\">[18]</sup><sup id=\"cite_ref-19\" class=\"reference\">[19]</sup>&nbsp;It also received widespread globally as the choreography was adopted by notable musicians:&nbsp;Rihanna&nbsp;performed the dance move while performing&nbsp;Wild Thoughts&nbsp;at the&nbsp;60th Annual Grammy Awards&nbsp;in 2018.&nbsp;Childish Gambino&nbsp;performed the dance in the video of his song \"This Is America\".<sup id=\"cite_ref-20\" class=\"reference\">[20]</sup></p>\n<h2>&nbsp;</h2>\n<h2><span id=\"References\" class=\"mw-headline\">References</span></h2>\n<div class=\"reflist\">\n<div class=\"mw-references-wrap mw-references-columns\">\n<ol class=\"references\">\n<li id=\"cite_note-:0-1\"><span class=\"mw-cite-backlink\">^&nbsp;<span class=\"cite-accessibility-label\">Jump up to:</span><sup><em><strong>a</strong></em></sup>&nbsp;<sup><em><strong>b</strong></em></sup>&nbsp;<sup><em><strong>c</strong></em></sup></span>&nbsp;<span class=\"reference-text\"><cite id=\"CITEREFOliver2016\" class=\"citation web cs1\">Oliver, Huw (2016-01-22).&nbsp;\"Gqom, the foot-stomping new sound of South Africa's townships\".&nbsp;<em>The Guardian</em><span class=\"reference-accessdate\">. Retrieved&nbsp;<span class=\"nowrap\">2019-02-19</span></span>.</cite></span></li>\n<li id=\"cite_note-:2-2\"><span class=\"mw-cite-backlink\">^&nbsp;<span class=\"cite-accessibility-label\">Jump up to:</span><sup><em><strong>a</strong></em></sup>&nbsp;<sup><em><strong>b</strong></em></sup></span>&nbsp;<span class=\"reference-text\"><cite id=\"CITEREFDazed2015\" class=\"citation web cs1\">Dazed (2015-06-05).&nbsp;\"What the foq is gqom?\".&nbsp;<em>Dazed</em><span class=\"reference-accessdate\">. Retrieved&nbsp;<span class=\"nowrap\">2020-05-18</span></span>.</cite></span></li>\n<li id=\"cite_note-3\"><span class=\"mw-cite-backlink\"><strong>^</strong></span>&nbsp;<span class=\"reference-text\"><cite id=\"CITEREFD&rsquo;Souza2018\" class=\"citation web cs1\">D&rsquo;Souza, Mikey Burey,Shaad (2018-12-10).&nbsp;\"DJ Lag's Noisey Mix Shows How Fast Gqom Moves\".&nbsp;<em>Vice</em><span class=\"reference-accessdate\">. Retrieved&nbsp;<span class=\"nowrap\">2020-05-18</span></span>.</cite></span></li>\n<li id=\"cite_note-4\"><span class=\"mw-cite-backlink\"><strong>^</strong></span>&nbsp;<span class=\"reference-text\"><cite class=\"citation web cs1\">\"DJ Lag | Biography, Albums, Streaming Links\".&nbsp;<em>AllMusic</em><span class=\"reference-accessdate\">. Retrieved&nbsp;<span class=\"nowrap\">2020-05-18</span></span>.</cite></span></li>\n<li id=\"cite_note-5\"><span class=\"mw-cite-backlink\"><strong>^</strong></span>&nbsp;<span class=\"reference-text\"><cite class=\"citation web cs1\">\"Meet the 'unsung heroes' behind gqom music: Rudeboyz\".&nbsp;<em>TimesLIVE</em><span class=\"reference-accessdate\">. Retrieved&nbsp;<span class=\"nowrap\">2020-05-18</span></span>.</cite></span></li>\n<li id=\"cite_note-6\"><span class=\"mw-cite-backlink\"><strong>^</strong></span>&nbsp;<span class=\"reference-text\"><cite class=\"citation web cs1\">\"Rude Boyz &ndash; The Music Imbizo\"<span class=\"reference-accessdate\">. Retrieved&nbsp;<span class=\"nowrap\">2020-05-18</span></span>.</cite></span></li>\n<li id=\"cite_note-7\"><span class=\"mw-cite-backlink\"><strong>^</strong></span>&nbsp;<span class=\"reference-text\"><cite class=\"citation web cs1\">\"FADER Mix: RudeBoyz\".&nbsp;<em>The FADER</em><span class=\"reference-accessdate\">. Retrieved&nbsp;<span class=\"nowrap\">2020-05-18</span></span>.</cite></span></li>\n<li id=\"cite_note-8\"><span class=\"mw-cite-backlink\"><strong>^</strong></span>&nbsp;<span class=\"reference-text\"><cite class=\"citation web cs1\">\"Success In Reverse: Dj Lag Talks\".&nbsp;<em>www.theransomnote.com</em><span class=\"reference-accessdate\">. Retrieved&nbsp;<span class=\"nowrap\">2020-05-18</span></span>.</cite></span></li>\n<li id=\"cite_note-:3-9\"><span class=\"mw-cite-backlink\"><strong>^</strong></span>&nbsp;<span class=\"reference-text\"><cite class=\"citation news cs1\">\"Gqom: A deeper look at South Africa's new generation of house\".&nbsp;<em>FACT Magazine: Music News, New Music</em>. 2016-01-05<span class=\"reference-accessdate\">. Retrieved&nbsp;<span class=\"nowrap\">2018-10-27</span></span>.</cite></span></li>\n<li id=\"cite_note-:4-10\"><span class=\"mw-cite-backlink\">^&nbsp;<span class=\"cite-accessibility-label\">Jump up to:</span><sup><em><strong>a</strong></em></sup>&nbsp;<sup><em><strong>b</strong></em></sup></span>&nbsp;<span class=\"reference-text\"><cite id=\"CITEREFAkyea2018\" class=\"citation web cs1\">Akyea, Akornefa (2018-07-19).&nbsp;\"The Gqom Generation of Durban, South Africa\".&nbsp;<em>Afropop Worldwide</em><span class=\"reference-accessdate\">. Retrieved&nbsp;<span class=\"nowrap\">2019-02-19</span></span>.</cite></span></li>\n<li id=\"cite_note-:1-11\"><span class=\"mw-cite-backlink\"><strong>^</strong></span>&nbsp;<span class=\"reference-text\"><cite id=\"CITEREFLe_Gal2016\" class=\"citation web cs1\">Le Gal, Anne (2016-08-09).&nbsp;\"Gqom&mdash;The Sound from the Townships of South Africa\".&nbsp;<em>Indie Guides</em><span class=\"reference-accessdate\">. Retrieved&nbsp;<span class=\"nowrap\">2019-02-19</span></span>.</cite></span></li>\n<li id=\"cite_note-:5-12\"><span class=\"mw-cite-backlink\">^&nbsp;<span class=\"cite-accessibility-label\">Jump up to:</span><sup><em><strong>a</strong></em></sup>&nbsp;<sup><em><strong>b</strong></em></sup></span>&nbsp;<span class=\"reference-text\"><cite id=\"CITEREFWeichenrieder2016\" class=\"citation news cs1\">Weichenrieder, Philipp (19 April 2016).&nbsp;\"Gqom-Musik aus S&uuml;dafrika\".&nbsp;<em>Taz.de</em>.</cite></span></li>\n<li id=\"cite_note-13\"><span class=\"mw-cite-backlink\"><strong>^</strong></span>&nbsp;<span class=\"reference-text\"><cite class=\"citation web cs1\">\"What Is #Gqom?\".&nbsp;<em>Red Bull Music Academy Daily</em>.</cite></span></li>\n<li id=\"cite_note-14\"><span class=\"mw-cite-backlink\"><strong>^</strong></span>&nbsp;<span class=\"reference-text\"><cite id=\"CITEREFShokane2018\" class=\"citation news cs1\">Shokane, Vincent (2018-11-12).&nbsp;\"Bolo House Music\".&nbsp;<em>Bolo House Music: Gqom, Afro-Bolo, Bolo House Music News Update</em><span class=\"reference-accessdate\">. Retrieved&nbsp;<span class=\"nowrap\">2018-11-15</span></span>.</cite></span></li>\n<li id=\"cite_note-15\"><span class=\"mw-cite-backlink\"><strong>^</strong></span>&nbsp;<span class=\"reference-text\"><cite id=\"CITEREFCliff2015\" class=\"citation web cs1\">Cliff, Aimee (2015-06-05).&nbsp;\"What the foq is gqom?\".&nbsp;<em>Dazed</em><span class=\"reference-accessdate\">. Retrieved&nbsp;<span class=\"nowrap\">2019-02-19</span></span>.</cite></span></li>\n<li id=\"cite_note-16\"><span class=\"mw-cite-backlink\"><strong>^</strong></span>&nbsp;<span class=\"reference-text\"><cite class=\"citation web cs1\">\"The Indelible Rise of Gqom\".&nbsp;<em>The Plug Mag</em>.</cite></span></li>\n<li id=\"cite_note-17\"><span class=\"mw-cite-backlink\"><strong>^</strong></span>&nbsp;<span class=\"reference-text\"><cite class=\"citation web cs1\">\"How to Dance the Gwara Gwara\".&nbsp;<em>WikiHow</em>.</cite></span></li>\n<li id=\"cite_note-18\"><span class=\"mw-cite-backlink\"><strong>^</strong></span>&nbsp;<span class=\"reference-text\"><cite class=\"citation web cs1\">\"Show dem! 4 times the gwara gwara dominated the world stage\".&nbsp;<em>TimesLIVE</em>.</cite></span></li>\n<li id=\"cite_note-19\"><span class=\"mw-cite-backlink\"><strong>^</strong></span>&nbsp;<span class=\"reference-text\"><cite class=\"citation web cs1\">\"DJ Bongz 'trademarked' the 'Gwara Gwara<span class=\"cs1-kern-right\">'</span>\".&nbsp;<em>SowetanLIVE</em>.</cite></span></li>\n<li id=\"cite_note-20\"><span class=\"mw-cite-backlink\"><strong>^</strong></span>&nbsp;<span class=\"reference-text\"><cite class=\"citation web cs1\">\"Here's what you need to know about Rihanna's South African dance move\".&nbsp;<em>Dazed</em>.</cite></span></li>\n</ol>\n</div>\n</div>",
 "remarks": "本词条汉字内容由 @多频百科团队 翻译+编辑\n原文译自 https://en.wikipedia.org/wiki/Gqom",
 "remarksEn": "本词条内容来自 https://en.wikipedia.org/wiki/Gqom",
 "status": 1,
 "clickNum": 23,
 "deleted": 0,
 "lang": 0,
 "chooseLang": true,
 "id": 39,
 "name": "Gqom",
 "descriptions": "Gqom（Igqomu）是2010年代初从南非德班兴起的一种电子舞曲流派，主要由制作人DJ Lag、二人组Rudeboyz、Griffit Vigo、Dominowe和Citizen Boy开创，从南非的House音乐、Kwaito和Techno发展而来。与其他南非电子音乐不同的是，gqom的典型特征是极简、原始和重复的声音，重低音节拍，但没有四上八下的节奏模式。",
 "originalName": "Igqomu",
 "startTimeText": "Early 2010s",
 "startAddress": "Durban, KwaZulu-Natal, South Africa",
 "searchStyle": "House",
 "styleCategory": "Afro House",
 "originalStyle": "House, kwaito, techno",
 "affectStyle": "",
 "deriveStyle": "",
 "representArtist": "",
 "officialUrl": "https://en.wikipedia.org/wiki/Gqom",
 "typeId": 13,
 "typeName": "风格",
 "dataId": 39,
 "url": "http://dropinapp.hearinmusic.com/#/ency?typeId=13&dataId=39"
}