{
 "pageNum": 1,
 "pageSize": 10,
 "params": {},
 "relationChannel": "[{\"id\":1179,\"parentId\":8,\"name\":\"Grindie\"}]",
 "content": "<p>Grindie，又称Grime-indie或Grime Indie，是2006年初出现的一种音乐形式。它是独立摇滚或另类摇滚与grime音乐的融合。</p>\n<p>&nbsp;</p>\n<p><strong>历史 </strong></p>\n<p>Grime制作人Statik最初将 \"grindie \"这个名字作为一个玩笑，他是这个流派的主要支持者之一，也是第一个发行只包含grindie曲目的专辑的人，Grindie Vol.1包含了60多首歌曲。Statik说他转向创造一种新的声音，因为他觉得当时的grime风格处于呆板的状态。Grindie最初受到了Grime乐迷的批评，他们认为该音乐是一种由杂志创造的时尚，而不是一个完全成熟的场景。</p>\n<p>&nbsp;</p>\n<p>2004年签约Interscope唱片公司的Akira the Don发行了多张采样摇滚和独立音乐人的mixtape，包括 \"Third Hand Wire Riffs mixtape\"，其中包括Elastica Big Narstie、Lethal Bizzle、The Boo Radleys的Martin Carr等。</p>\n<p>&nbsp;</p>\n<p>Jack Nimble和Marvin the Martian / Marv the Marsh创造了第一首grindie歌曲 \"Stay Off The Kane\"，于2005年发行。这首歌是Art Brut的歌曲 \"Emily Kane \"的混音版。Art Brut后来邀请了Marvin和Jack Nimble所在的团体Why Lout?作为他们在Koko的开场表演。2006年，他们在环球数码唱片公司发行了Hoods &amp; Badges EP。Akira the Don为Grime明星Big Narstie的 \"What's The Story Brixton Glory \"mixtape制作了歌曲，其中有Oasis（乐队）和Arctic Monkeys的采样，后来被Ed Sheeran引用为影响。</p>\n<p>&nbsp;</p>\n<p>Grime艺术家Lethal Bizzle成为了这个子流派的杰出艺术家，发布了多首由Akira the Don制作的前40名歌曲，这些歌曲采样了The Clash、The Breeders和Sham 69，还与Statik、the Rakes、Babyshambles、Bloc Party和Test Icicles合作。Lethal Bizzle当时由于俱乐部禁止他演出而陷入困境。Grindie让Lethal Bizzle找到了一个新的，独立的，充满观众的平台。查理-XCX在她早期的职业生涯中被称为 \"Grindie公主\"。Hadouken！也与这个场景有关。</p>",
 "contentEn": "<p><strong>Grindie</strong>, also known as&nbsp;<strong>grime-indie</strong>&nbsp;or&nbsp;<strong>grime indie</strong>,<sup id=\"cite_ref-1\" class=\"reference\">[1]</sup>&nbsp;is a form of music that emerged in early 2006. It is a fusion of&nbsp;indie rock&nbsp;or&nbsp;alternative rock&nbsp;and&nbsp;grime&nbsp;music.<sup id=\"cite_ref-Heawood2006_2-0\" class=\"reference\">[2]</sup><sup id=\"cite_ref-3\" class=\"reference\">[3]</sup></p>\n<h2>&nbsp;</h2>\n<h2><span id=\"History\" class=\"mw-headline\">History</span></h2>\n<p>Grime producer Statik who coined the named \"grindie\" initially as a joke, was one of the main proponents of the genre and also one of the first to release an album containing only grindie tracks,&nbsp;<em>Grindie Vol. 1</em>&nbsp;containing over 60 songs<em>.</em>&nbsp;Statik stated he turned towards creating a new sound due to the staleness he felt the grime scene was experiencing at the time.<sup id=\"cite_ref-Heawood2006_2-1\" class=\"reference\">[2]</sup><sup id=\"cite_ref-4\" class=\"reference\">[4]</sup><sup id=\"cite_ref-5\" class=\"reference\">[5]</sup>&nbsp;The genre initially received some criticisms by grime fans who perceived it to be a fad created by magazines, rather than a fully fledged scene.<sup id=\"cite_ref-Heawood2006_2-2\" class=\"reference\">[2]</sup><sup id=\"cite_ref-6\" class=\"reference\">[6]</sup></p>\n<p>&nbsp;</p>\n<p>Akira the Don, who signed to&nbsp;Interscope Records&nbsp;in 2004, released multiple mixtapes sampling rock and indie artists, including the \"Third Hand Wire Riffs mixtape featuring&nbsp;Elastica&nbsp;Big Narstie,&nbsp;Lethal Bizzle,&nbsp;Martin Carr&nbsp;of&nbsp;The Boo Radleys&nbsp;amongst others.</p>\n<p>&nbsp;</p>\n<p>Jack Nimble and Marvin the Martian / Marv the Marsh have been credited for creating the first grindie song, \"Stay Off The Kane\", released in 2005. The song was a remix of&nbsp;Art Brut's&nbsp;song \"Emily Kane\". Art Brut later invited Why Lout?, the group Marvin and Jack Nimble were members of, to be the opening act for them at Koko.<sup id=\"cite_ref-7\" class=\"reference\">[7]</sup>&nbsp;In 2006, the group released&nbsp;<em>Hoods &amp; Badges EP</em>&nbsp;on the Universal Digital record label.<sup id=\"cite_ref-8\" class=\"reference\">[8]</sup></p>\n<p>&nbsp;</p>\n<p>Akira the Don&nbsp;produced tracks for grime star&nbsp;Big Narstie's \"What's The Story Brixton Glory\" mixtape that sampled&nbsp;Oasis (band)&nbsp;and&nbsp;Arctic Monkeys, that was later cited as an influence by&nbsp;Ed Sheeran. Grime artist&nbsp;Lethal Bizzle&nbsp;became a prominent artist in the subgenre, releasing multiple top 40 hits produced by&nbsp;Akira the Don&nbsp;that sampled&nbsp;The Clash,&nbsp;The Breeders&nbsp;and&nbsp;Sham 69, also collaborating with Statik,&nbsp;the Rakes,&nbsp;Babyshambles,&nbsp;Bloc Party, and&nbsp;Test Icicles.<sup id=\"cite_ref-Heawood2006_2-3\" class=\"reference\">[2]</sup><sup id=\"cite_ref-9\" class=\"reference\">[9]</sup><sup id=\"cite_ref-10\" class=\"reference\">[10]</sup>&nbsp;Lethal Bizzle was at the time struggling due to clubs banning him from performing. Grindie allowed Lethal Bizzle to find a new, indie, audience and platform.<sup id=\"cite_ref-11\" class=\"reference\">[11]</sup>&nbsp;Charlie XCX&nbsp;was dubbed the \"Grindie Princess\" during her early career.<sup id=\"cite_ref-12\" class=\"reference\">[12]</sup>&nbsp;Hadouken!&nbsp;was also associated with the scene.<sup id=\"cite_ref-13\" class=\"reference\">[13]</sup><sup id=\"cite_ref-14\" class=\"reference\">[14]</sup><sup id=\"cite_ref-15\" class=\"reference\">[15]</sup></p>\n<h2>&nbsp;</h2>\n<h2><span id=\"References\" class=\"mw-headline\">References</span></h2>\n<div class=\"reflist\">\n<div class=\"mw-references-wrap mw-references-columns\">\n<ol class=\"references\">\n<li id=\"cite_note-1\"><span class=\"mw-cite-backlink\"><strong>^</strong></span>&nbsp;<span class=\"reference-text\"><cite class=\"citation web cs1\">\"Partners in grime: The marriage of grime and punk\".&nbsp;<em>The Independent</em>. 2007-11-23.&nbsp;Archived&nbsp;from the original on 2019-09-02<span class=\"reference-accessdate\">. Retrieved&nbsp;<span class=\"nowrap\">2019-09-02</span></span>.</cite></span></li>\n<li id=\"cite_note-Heawood2006-2\"><span class=\"mw-cite-backlink\">^&nbsp;<span class=\"cite-accessibility-label\">Jump up to:</span><sup><em><strong>a</strong></em></sup>&nbsp;<sup><em><strong>b</strong></em></sup>&nbsp;<sup><em><strong>c</strong></em></sup>&nbsp;<sup><em><strong>d</strong></em></sup></span>&nbsp;<span class=\"reference-text\"><cite id=\"CITEREFSophie_Heawood2006\" class=\"citation news cs1\">Sophie Heawood (2006-05-05).&nbsp;\"When hood meets fringe | Music\". London: The Guardian.&nbsp;Archived&nbsp;from the original on 2014-09-22<span class=\"reference-accessdate\">. Retrieved&nbsp;<span class=\"nowrap\">2010-09-12</span></span>.</cite></span></li>\n<li id=\"cite_note-3\"><span class=\"mw-cite-backlink\"><strong>^</strong></span>&nbsp;<span class=\"reference-text\"><cite class=\"citation web cs1\">\"An essential taster of Grindie\".&nbsp;<em>Metro</em>. 2008-06-29.&nbsp;Archived&nbsp;from the original on 2019-09-02<span class=\"reference-accessdate\">. Retrieved&nbsp;<span class=\"nowrap\">2019-09-02</span></span>.</cite></span></li>\n<li id=\"cite_note-4\"><span class=\"mw-cite-backlink\"><strong>^</strong></span>&nbsp;<span class=\"reference-text\"><cite class=\"citation web cs1\">\"collective - statik presents 'grindie vol.1<span class=\"cs1-kern-right\">'</span>\". BBC. Archived from&nbsp;the original&nbsp;on 2012-07-18<span class=\"reference-accessdate\">. Retrieved&nbsp;<span class=\"nowrap\">2010-09-12</span></span>.</cite></span></li>\n<li id=\"cite_note-5\"><span class=\"mw-cite-backlink\"><strong>^</strong></span>&nbsp;<span class=\"reference-text\"><cite class=\"citation web cs1\">\"Sentimental Things: The story of UK Dance Music from 2000-2009 in 100 records - Page 8 of 11\".&nbsp;<em>FACT Magazine: Music News, New Music</em>. 2013-10-04.&nbsp;Archived&nbsp;from the original on 2019-09-02<span class=\"reference-accessdate\">. Retrieved&nbsp;<span class=\"nowrap\">2019-09-02</span></span>.</cite></span></li>\n<li id=\"cite_note-6\"><span class=\"mw-cite-backlink\"><strong>^</strong></span>&nbsp;<span class=\"reference-text\"><cite class=\"citation web cs1\">\"<span class=\"cs1-kern-left\">'</span>All The eastern girls' - flux pavilion remix\".&nbsp;<em>www.theransomnote.com</em>.&nbsp;Archived&nbsp;from the original on 2019-09-02<span class=\"reference-accessdate\">. Retrieved&nbsp;<span class=\"nowrap\">2019-09-02</span></span>.</cite></span></li>\n<li id=\"cite_note-7\"><span class=\"mw-cite-backlink\"><strong>^</strong></span>&nbsp;<span class=\"reference-text\"><cite class=\"citation web cs1\">\"No 288: Marvin | Music | guardian.co.uk Music\".&nbsp;<em>www.theguardian.com</em>.&nbsp;Archived&nbsp;from the original on 2019-09-02<span class=\"reference-accessdate\">. Retrieved&nbsp;<span class=\"nowrap\">2019-09-03</span></span>.</cite></span></li>\n<li id=\"cite_note-8\"><span class=\"mw-cite-backlink\"><strong>^</strong></span>&nbsp;<span class=\"reference-text\"><cite id=\"CITEREFOctober_2007\" class=\"citation web cs1\">October 2007, 30.&nbsp;\"Marvin 'Get By (Be Good)<span class=\"cs1-kern-right\">'</span>\".&nbsp;<em>www.femalefirst.co.uk</em><span class=\"reference-accessdate\">. Retrieved&nbsp;<span class=\"nowrap\">2019-09-03</span></span>.</cite></span></li>\n<li id=\"cite_note-9\"><span class=\"mw-cite-backlink\"><strong>^</strong></span>&nbsp;<span class=\"reference-text\"><cite class=\"citation web cs1\">\"Ready, AIM, inspire: four takeaways from Indie-Con 2017\".&nbsp;<em>www.musicweek.com</em>.&nbsp;Archived&nbsp;from the original on 2019-09-02<span class=\"reference-accessdate\">. Retrieved&nbsp;<span class=\"nowrap\">2019-09-02</span></span>.</cite></span></li>\n<li id=\"cite_note-10\"><span class=\"mw-cite-backlink\"><strong>^</strong></span>&nbsp;<span class=\"reference-text\"><cite class=\"citation web cs1\">\"Can music lovers mix? Rappers, rock fans, racism\".&nbsp;<em>The Independent</em>. 2008-06-19.&nbsp;Archived&nbsp;from the original on 2019-09-03<span class=\"reference-accessdate\">. Retrieved&nbsp;<span class=\"nowrap\">2019-09-03</span></span>.</cite></span></li>\n<li id=\"cite_note-11\"><span class=\"mw-cite-backlink\"><strong>^</strong></span>&nbsp;<span class=\"reference-text\"><cite id=\"CITEREFBradshaw\" class=\"citation web cs1\">Bradshaw, Melissa.&nbsp;\"BBC - Music - Review of Lethal Bizzle - Go Hard\".&nbsp;<em>www.bbc.co.uk</em>.&nbsp;Archived&nbsp;from the original on 2019-09-03<span class=\"reference-accessdate\">. Retrieved&nbsp;<span class=\"nowrap\">2019-09-03</span></span>.</cite></span></li>\n<li id=\"cite_note-12\"><span class=\"mw-cite-backlink\"><strong>^</strong></span>&nbsp;<span class=\"reference-text\"><cite class=\"citation web cs1\">\"Charli XCX - Live At KOKO, London\".&nbsp;<em>Clash Magazine</em>.&nbsp;Archived&nbsp;from the original on 2019-09-03<span class=\"reference-accessdate\">. Retrieved&nbsp;<span class=\"nowrap\">2019-09-03</span></span>.</cite></span></li>\n<li id=\"cite_note-13\"><span class=\"mw-cite-backlink\"><strong>^</strong></span>&nbsp;<span class=\"reference-text\"><cite class=\"citation web cs1\">\"Hadouken! Talk Grime\".&nbsp;<em>Clash Magazine</em>.&nbsp;Archived&nbsp;from the original on 2019-09-02<span class=\"reference-accessdate\">. Retrieved&nbsp;<span class=\"nowrap\">2019-09-02</span></span>.</cite></span></li>\n<li id=\"cite_note-14\"><span class=\"mw-cite-backlink\"><strong>^</strong></span>&nbsp;<span class=\"reference-text\"><cite class=\"citation web cs1\">\"BBC - Electric Proms 2007 - Hadouken!\".&nbsp;<em>www.bbc.co.uk</em>.&nbsp;Archivedfrom the original on 2019-05-24<span class=\"reference-accessdate\">. Retrieved&nbsp;<span class=\"nowrap\">2019-09-02</span></span>.</cite></span></li>\n<li id=\"cite_note-15\"><span class=\"mw-cite-backlink\"><strong>^</strong></span>&nbsp;<span class=\"reference-text\"><cite id=\"CITEREFDuthel\" class=\"citation book cs1\">Duthel, C.&nbsp;<em>Pitbull - Mr. Worldwide</em>. Lulu.com.&nbsp;ISBN&nbsp;<bdi>9781471090356</bdi>.</cite></span></li>\n</ol>\n</div>\n</div>",
 "remarks": "本词条汉字内容由 @多频百科团队 翻译+编辑\n原文译自 https://en.wikipedia.org/wiki/Grindie",
 "remarksEn": "本词条内容来自 https://en.wikipedia.org/wiki/Grindie",
 "status": 1,
 "clickNum": 12,
 "deleted": 0,
 "lang": 0,
 "chooseLang": true,
 "id": 130,
 "name": "Grindie",
 "descriptions": "Grindie，又称Grime-indie或Grime Indie，是2006年初出现的一种音乐形式。它是独立摇滚或另类摇滚与grime音乐的融合。",
 "originalName": "Grime-indie, Grime Indie",
 "startTimeText": "early 2006",
 "startAddress": "英国",
 "searchStyle": "UK Garage",
 "styleCategory": "Grime",
 "originalStyle": "Indie rock, grime, alternative rock, UK garage, hip hop, alternative hip hop, pop, industrial rock",
 "affectStyle": "",
 "deriveStyle": "",
 "representArtist": "Jack Nimble, Marvin, Lethal Bizzle",
 "officialUrl": "https://en.wikipedia.org/wiki/Grindie",
 "typeId": 13,
 "typeName": "风格",
 "dataId": 130,
 "url": "http://dropinapp.hearinmusic.com/#/ency?typeId=13&dataId=130"
}