{
 "pageNum": 1,
 "pageSize": 10,
 "params": {},
 "content": "<div>\n<div class=\"document\">\n<p class=\"paragraph text-align-type-left pap-line-1.8 pap-line-rule-auto pap-spacing-before-2pt pap-spacing-after-2pt\">英国硬核或快乐硬核，也被称为happycore，是一种音乐流派的硬舞。它既出现在英国breakbeat的铁杆狂欢场景中，也出现在20世纪90年代初比利时、德国和荷兰的铁杆技术场景中。</p>\n<p class=\"paragraph text-align-type-left pap-line-1.8 pap-line-rule-auto pap-spacing-before-2pt pap-spacing-after-2pt\">&nbsp;</p>\n<p class=\"paragraph text-align-type-left pap-line-1.8 pap-line-rule-auto pap-spacing-before-2pt pap-spacing-after-2pt\"><strong>起源</strong></p>\n<p class=\"paragraph text-align-type-left pap-line-1.8 pap-line-rule-auto pap-spacing-before-2pt pap-spacing-after-2pt\">在英国，breakbeat hardcore在1992年末开始分成许多后续流派：darkcore（包含黑暗主题样曲），hardcore jungle（reggae basslines和影响变得突出），还有四拍，也被称为&ldquo;happy hardcore&rdquo;，而piano rolls和uplifting vocals仍然是声音的核心。Slipmatt, DJ Sy, DJ Seduction,Wishdokta, DJ Dougal和DJ Vibes等DJ在93和94年期间一直在播放和推广这种性质的音乐&mdash;&mdash;特别是通过SMD发行的Slipmatt，Wishdokta的Naughty Naughty，以及Impact label发行的Seduction。在苏格兰，happy hardcore和gabba的融合将成为有活力的techno，由斯科特&middot;布朗（Scott Brown）等人表演。 在欧洲大陆，原子比利时的new beat和hardcore techno不仅对20世纪90年代初的英国音乐狂欢产生了影响，而且对德国和荷兰也产生了影响，受影响的包括Praga Khan、Human Resource和Frank De Wulf。德国制片人马克&middot;特劳纳（Marc Trauner）和荷兰保罗&middot;埃尔斯塔克（Paul Elstak）也受到早期的影响。</p>\n<p class=\"paragraph text-align-type-left pap-line-1.8 pap-line-rule-auto pap-spacing-before-2pt pap-spacing-after-2pt\">&nbsp;</p>\n<p class=\"paragraph text-align-type-left pap-line-1.8 pap-line-rule-auto pap-spacing-before-2pt pap-spacing-after-2pt\">在英国，&ldquo;happy hardcore&rdquo;变得为人所知，在1995年开始与jungle一起受欢迎，经常在第二竞技场举办大型狂欢活动，如在圣殿音乐竞技场举办的&ldquo;Dreamscape&rdquo;和&ldquo;Helter Skelter&rdquo;活动。在伦敦，海盗电台（the pirate radio station）Dream FM将成为这一流派的代表性人物。该流派声音也在变化，声音也在发生变化，音轨的breakbeat越来越少，变成了4/4的踢腿鼓模式，更多的是人声主导。DJ和制作人开始参与进来，包括Hixxy、Breeze、Force&amp;Styles、DJ Sharkey和DJ DNA，为该流派奠基的曲目包括Heart of Gold和Above the Clouds。在整个90年代中后期，编辑系列（compilation series）Bonkers在商业上广受欢迎，它表现着最新的hardcore音乐。</p>\n<p class=\"paragraph text-align-type-left pap-line-1.8 pap-line-rule-auto pap-spacing-before-2pt pap-spacing-after-2pt\">&nbsp;</p>\n<p class=\"paragraph text-align-type-left pap-line-1.8 pap-line-rule-auto pap-spacing-before-2pt pap-spacing-after-2pt\"><strong>2000年代</strong></p>\n<p class=\"paragraph text-align-type-left pap-line-1.8 pap-line-rule-auto pap-spacing-before-2pt pap-spacing-after-2pt\">2004年在英国，该风格在BBC广播1台（BBC Radio 1）上听到了自己的特别节目John Peel Is Not Enough（以CLSM的一首曲目命名）。随着Clubland X-Treme Hardcore等专辑的推出，该风格影响继续扩大，观众也越来越年轻。2009年，DJ库茨基（Kutski）在广播1台主持了一个节目，以hard dance和hardcore为主题。在当时的其他地方，这种特殊的风格在澳大利亚、加拿大（尤其是Anabolic Frolic）、日本和美国等地有了全新听众。</p>\n<p class=\"paragraph text-align-type-left pap-line-1.8 pap-line-rule-auto pap-spacing-before-2pt pap-spacing-after-2pt\">&nbsp;</p>\n<p class=\"paragraph text-align-type-left pap-line-1.8 pap-line-rule-auto pap-spacing-before-2pt pap-spacing-after-2pt\"><strong>2010年代</strong></p>\n<p class=\"paragraph text-align-type-left pap-line-1.8 pap-line-rule-auto pap-spacing-before-2pt pap-spacing-after-2pt\">此时在英国，Freeform和Nu Energy Collective等唱片公司关闭，以及Kevin Energy和Sharkey等DJ宣布退休。经历了短暂的衰退之后，数字唱片公司崛起，帮助这些发行公司以及包括Fracus和Darwin在内的新艺术家和即将入行的艺术家重新焕发了活力。Hardcore也开始采取许多不同的发展方向，dubstep, electro, techno, oldschool rave和hardstyle的影响再次在许多现代作品中变得流行。</p>\n<p class=\"paragraph text-align-type-left pap-line-1.8 pap-line-rule-auto pap-spacing-before-2pt pap-spacing-after-2pt\">&nbsp;</p>\n<p class=\"paragraph text-align-type-left pap-line-1.8 pap-line-rule-auto pap-spacing-before-2pt pap-spacing-after-2pt\"><strong>子流派UK hardcore</strong></p>\n<p class=\"paragraph text-align-type-left pap-line-1.8 pap-line-rule-auto pap-spacing-before-2pt pap-spacing-after-2pt\">UK hardcore音乐是一种音乐流派，它从happy hardcore演变而来，并融入了happy hardcore的声音元素。UK hardcore有一个典型的&ldquo;硬&rdquo;风格，体现在它的&ldquo;厚&rdquo;和更硬的bassline，以及与90年代的happy hardcore相比更少的breakbeat。&ldquo;UK hardcore&rdquo;是由happy hardcore演变而来，而不是指来自英国的hardcore（术语为gabber或techno）。早期hardcore制作人的崛起正处于在techno发展时期，当时techno正在发展一种更硬的优势，探索复杂的breakbeat，这种节拍后来会表现为jungle风格，随后还有鼓和低音的发展。Techno的影响范围包括电影，卡通和媒体样本，以及强大的以合成器为基础的breakdown，有着早期UK hardcore的特征。 随着越来越先进的计算机和音乐制作系统的出现，音乐制作者可获得的声音越来越多样化，电子音乐在这一时期正飞快发展。Hardcore, techno，drum and bass在这个创造如泉涌的时期开始分化，有了流派ragga和darkside。20世纪90年代，以英国为大本营的rave hardcore涵盖了几年来的本土风格，techno和hardcore是英国北部和南部大部分时期各自的主要流派。</p>\n<p class=\"paragraph text-align-type-left pap-line-1.8 pap-line-rule-auto pap-spacing-before-2pt pap-spacing-after-2pt\">在各种因素的综合作用下，hardcore在95年后采取了一种新的音乐发展方向，它现在的音乐与它的起源几乎没有什么相似之处，现在一般以人声为主，有时还会制作流行歌曲的封面。这种流派不仅吸引了英国年轻的观众。在当时的其他地方，在澳大利亚、加拿大、日本和美国等地也有了新的听众。</p>\n<p class=\"paragraph text-align-type-left pap-line-1.8 pap-line-rule-auto pap-spacing-before-2pt pap-spacing-after-2pt\">&nbsp;</p>\n<p class=\"paragraph text-align-type-left pap-line-1.8 pap-line-rule-auto pap-spacing-before-2pt pap-spacing-after-2pt\"><strong>衍生风格 四拍（4-beat）</strong></p>\n<p class=\"paragraph text-align-type-left pap-line-1.8 pap-line-rule-auto pap-spacing-before-2pt pap-spacing-after-2pt\">虽然作为一个含糊不清的术语，4拍只是表示这种风格不同于jungle和其早期的breakbeat hardcore。4拍并不意味着它是空的breakbeats，这是最常见的错误认识。包括Impact、Techstep Records（伦敦）和United Dance Recordings在内的几家唱片公司在他们的作品上展示了4拍的标志和&ldquo;recognized form of 4-beat&rdquo;的标语。这个标志也可能被用在唱片上，就可以在唱片店里很容易地找到这种音乐和jungle。</p>\n</div>\n</div>",
 "contentEn": "<div>\n<div class=\"document\">\n<p class=\"paragraph text-align-type-left pap-line-1.8 pap-line-rule-auto pap-spacing-before-2pt pap-spacing-after-2pt\">Happy hardcore, also known as happycore, is a music genre of hard dance. It was also later named UK hardcore due to its origins, emerging both from the UK breakbeat hardcore rave scene, and Belgian, German and Dutch hardcore techno scenes in the early 1990s.</p>\n<p class=\"paragraph text-align-type-left pap-line-1.8 pap-line-rule-auto pap-spacing-before-2pt pap-spacing-after-2pt\">&nbsp;</p>\n<p class=\"paragraph text-align-type-left pap-line-1.8 pap-line-rule-auto pap-spacing-before-2pt pap-spacing-after-2pt\"><strong>Origins</strong></p>\n<p class=\"paragraph text-align-type-left pap-line-1.8 pap-line-rule-auto pap-spacing-before-2pt pap-spacing-after-2pt\">In the UK, the breakbeat hardcore rave scene was beginning to fragment by late 1992 into a number of subsequent genres: darkcore (tracks embracing dark-themed samples and stabs), hardcore jungle (reggae basslines and influences became prominent), and 4-beat also known as happy hardcore where piano rolls and uplifting vocals were still central to the sound. DJs such as Slipmatt, DJ Sy, DJ Seduction, Wishdokta, DJ Dougal, and DJ Vibes continued to play and put out music of this nature throughout 1993/4 &ndash; notably Slipmatt through the SMD releases, Wishdokta as Naughty Naughty, and Seduction on the Impact label. In Scotland, a fusion of happy hardcore and gabba would emerge as bouncy techno, played by the likes of Scott Brown. In mainland Europe, new beat and hardcore techno from Belgium had both an influence on the early 1990s on the UK rave scene, but also Germany and the Netherlands, such as Praga Khan, Human Resource, and Frank De Wulf. In Germany, producer Marc Trauner, and in the Netherlands, Paul Elstak would also be early influences.</p>\n<p class=\"paragraph text-align-type-left pap-line-1.8 pap-line-rule-auto pap-spacing-before-2pt pap-spacing-after-2pt\">&nbsp;</p>\n<p class=\"paragraph text-align-type-left pap-line-1.8 pap-line-rule-auto pap-spacing-before-2pt pap-spacing-after-2pt\"><strong>1990s growth</strong></p>\n<p class=\"paragraph text-align-type-left pap-line-1.8 pap-line-rule-auto pap-spacing-before-2pt pap-spacing-after-2pt\">In the UK, happy hardcore as it had become known was starting to gain popularity alongside jungle by 1995, often being hosted in the second arena at major raves such as Dreamscape and Helter Skelter held at the Sanctuary Music Arena. In London, the pirate radio station Dream FM would become the primary champion of the genre. The sound was also changing, tracks increasingly losing their breakbeats towards a stomping 4/4 kick drum pattern, and more vocally-led. DJs and producers that began to come through included Hixxy, Breeze, Force &amp; Styles, DJ Sharkey, and DJ DNA, and tracks that started to define the genre included Heart of Gold and Above the Clouds. Throughout the mid-late 1990s, the compilation series Bonkers would be commercially popular and showcase the latest hardcore music.</p>\n<p class=\"paragraph text-align-type-left pap-line-1.8 pap-line-rule-auto pap-spacing-before-2pt pap-spacing-after-2pt\">In the UK, the scene received its own special on BBC Radio 1 called John Peel Is Not Enough (named after a track by CLSM) in 2004. The scene continued to expand, with compilations such as Clubland X-Treme Hardcore, and an ever youthful audience. In 2009, DJ Kutski hosted a show featuring hard dance and hardcore on Radio 1. Elsewhere at this time, this particular sound had found a new worldwide audience in places such as Australia, Canada (notably Anabolic Frolic), Japan and the United States.</p>\n<p class=\"paragraph text-align-type-left pap-line-1.8 pap-line-rule-auto pap-spacing-before-2pt pap-spacing-after-2pt\">&nbsp;</p>\n<p class=\"paragraph text-align-type-left pap-line-1.8 pap-line-rule-auto pap-spacing-before-2pt pap-spacing-after-2pt\"><strong>2010s</strong></p>\n<p class=\"paragraph text-align-type-left pap-line-1.8 pap-line-rule-auto pap-spacing-before-2pt pap-spacing-after-2pt\">In the UK, after a brief decline including the closure of labels such as Freeform and the Nu Energy Collective, and DJs such as Kevin Energy and Sharkey announcing their retirements, the rise of digital labels has helped to both re-energise both classic releases as well as new and upcoming artists including Fracus &amp; Darwin. Hardcore has also started to take many different directions, with influences from dubstep, electro, techno, oldschool rave and hardstyle once again becoming popular in many modern productions.</p>\n<p class=\"paragraph text-align-type-left pap-line-1.8 pap-line-rule-auto pap-spacing-before-2pt pap-spacing-after-2pt\">&nbsp;</p>\n<p class=\"paragraph text-align-type-left pap-line-1.8 pap-line-rule-auto pap-spacing-before-2pt pap-spacing-after-2pt\"><strong>Subgenres UK hardcore</strong></p>\n<p class=\"paragraph text-align-type-left pap-line-1.8 pap-line-rule-auto pap-spacing-before-2pt pap-spacing-after-2pt\">UK hardcore is a genre of music which evolved from and incorporates sound elements from happy hardcore. UK hardcore has a characteristically \"harder\" style by its \"thicker\" harsher bassline, as well as less of the breakbeat associated with the happy hardcore music of the 1990s. The term 'UK hardcore' refers to the evolution of the happy hardcore sound and is not a general term for hardcore (gabber or techno) that comes from the UK. Early hardcore producers evolved in a period when techno was developing a harder edge, exploring the complex breakbeats that would later manifest themselves as jungle and the subsequent development of drum and bass. The stylistic influence of techno including the movie, cartoon and media samples, and powerful synthesizer-based breakdowns characterised this earlier form of UK hardcore. With the diversity in sound available to producers rising with the onset of progressively more advanced computer and music production systems, electronic music was evolving at a rapid pace during this period. Hardcore, techno, and drum and bass began to split during this intense period of creativity, spinning off the genres ragga and darkside. The United Kingdom-based rave hardcore scene of the 1990s encompassed several native styles through the years, techno and hardcore being the respective domrinant genres in the North and South of the country for much of this period. Through a combination of factors, hardcore had taken a new musical direction towards the latter half of the 1990s. It now had little musical resemblance to its origins, generally becoming more vocal-based and at times producing cover versions of popular songs. This sound attracted a younger audience in the UK. Elsewhere at this time, this particular sound had found a new worldwide audience in places such as Australia, Canada, Japan and the United States.</p>\n<p class=\"paragraph text-align-type-left pap-line-1.8 pap-line-rule-auto pap-spacing-before-2pt pap-spacing-after-2pt\">&nbsp;</p>\n<p class=\"paragraph text-align-type-left pap-line-1.8 pap-line-rule-auto pap-spacing-before-2pt pap-spacing-after-2pt\"><strong>Derivatives 4-beat</strong></p>\n<p class=\"paragraph text-align-type-left pap-line-1.8 pap-line-rule-auto pap-spacing-before-2pt pap-spacing-after-2pt\">While ambiguous as a term, 4-beat only indicated that this style - unlike jungle music and its earlier breakbeat hardcore predecessor - used a common if somewhat insignificant four beats to the bar bass drum complementing the obligatory breakbeats. 4-beat does not mean it was void of breakbeats - a common error assumed by most. Several record labels including Impact, Techstep Records (London) and United Dance Recordings, displayed the 4-beat logo on their artwork alongside the \"recognized form of 4-beat\" slogan. This logo may also have been used on records to easily distinguish this and jungle music in record shops.</p>\n</div>\n</div>",
 "remarks": "本词条汉字内容由 @多频百科团队 翻译+编辑\n原文译自 https://en.wikipedia.org/wiki/Happy_hardcore",
 "remarksEn": "本词条内容来自 https://en.wikipedia.org/wiki/Happy_hardcore",
 "status": 1,
 "clickNum": 41,
 "deleted": 0,
 "lang": 0,
 "chooseLang": true,
 "id": 206,
 "name": "Happy Hardcore",
 "descriptions": "英国硬核或快乐硬核，也被称为happycore，是一种音乐流派的硬舞。它既出现在英国breakbeat的铁杆狂欢场景中，也出现在20世纪90年代初比利时、德国和荷兰的铁杆技术场景中。",
 "originalName": "UK Hardcore, happycore",
 "startTimeText": "Early 1990s",
 "startAddress": " United Kingdom； Belgium；Netherlands；Germany",
 "searchStyle": "Hardcore",
 "styleCategory": "Hardcore",
 "originalStyle": "Breakbeat hardcore, hardcore techno",
 "affectStyle": "",
 "deriveStyle": "Bouncy techno",
 "representArtist": "Slipmatt, DJ Sy, DJ Seduction, Wishdokta, DJ Dougal",
 "officialUrl": "https://en.wikipedia.org/wiki/Happy_hardcore",
 "typeId": 13,
 "typeName": "风格",
 "dataId": 206,
 "url": "http://dropinapp.hearinmusic.com/#/ency?typeId=13&dataId=206"
}