{
 "pageNum": 1,
 "pageSize": 10,
 "params": {},
 "relationChannel": "[{\"id\":1189,\"parentId\":8,\"name\":\"Hardtechno\"}]",
 "content": "<p>Hardtechno（Hard Techno）是Techno音乐的一种子风格，在Techno中融合了来自New Beat, Hardcore等风格的元素。早在1991年左右，PCP和Industrial Strength等厂牌出现了第一批更硬的Techno作品，这些作品最开始被称为Hardcore techno<sup>[1]</sup>，并经发展在90年代早期独立成为早期Hardcore类型。</p>\n<p>&nbsp;</p>\n<p>90年代末，在Schranz运动的推动下，一种新的、极度硬朗的Techno风格开始流行，现在一般被称为Hardtechno。这种风格保留了Techno音乐冰冷的侵略性，且类似上述的早期Hardcore音乐，更加充斥着暗黑元素。Hardtechno音乐通常曲速可达到160BPM或以上，有着重度失真的音效以及突出的Kickdrum，这些激进的元素将其排斥在当时的俱乐部场景之外，却成为了90年代末期Rave场景中的必备<sup>[2]</sup>。</p>\n<p>&nbsp;</p>\n<p><strong>参考资料</strong></p>\n<p>1. https://en.wikipedia.org/wiki/Hardtechno</p>\n<p>2. https://www.di.fm/hardtechno</p>",
 "contentEn": "<p><strong>Hardtechno</strong>&nbsp;is a subgenre of techno music, that fuses characteristics of&nbsp;New beat,&nbsp;hardcore&nbsp;with techno.</p>\n<p>&nbsp;</p>\n<h2><span id=\"History\" class=\"mw-headline\">History</span></h2>\n<p>The genre started as harder and darker style of hardcore music and appeared after 2000. While the first harder techno productions appeared around 1991 on labels such as PCP and Industrial Strength, these were referred to as&nbsp;hardcore techno.</p>\n<p>&nbsp;</p>\n<p>Over the years, the Hardcore scene cultivated a new sound, whereas techno itself went in a softer direction. At the end of the 1990s, fueled by the Schranz movement, a new, extremely hard style of techno became popular, which is now generally referred to as Hardtechno. This style runs at very high&nbsp;tempos, usually around 160&nbsp;bpm&nbsp;and features heavy distortion and prominent&nbsp;kick drums.</p>",
 "remarks": "本词条内容由 @多频百科团队 编辑",
 "remarksEn": "本词条内容来自 https://en.wikipedia.org/wiki/Hardtechno",
 "status": 1,
 "clickNum": 20,
 "deleted": 0,
 "lang": 0,
 "chooseLang": true,
 "id": 142,
 "name": "Hardtechno",
 "descriptions": "Hardtechno（Hard Techno）是Techno音乐的一种子风格，在Techno中融合了来自New Beat, Hardcore等风格的元素。早在1991年左右，PCP和Industrial Strength等厂牌出现了第一批更硬的Techno作品，这些作品最开始被称为Hardcore techno，并经发展在90年代早期独立成为早期Hardcore类型。",
 "originalName": "Hard Techno",
 "startTimeText": "2000",
 "startAddress": "",
 "searchStyle": "Techno, Hardcore",
 "styleCategory": "Techno",
 "originalStyle": "Techno，Hardcore",
 "affectStyle": "",
 "deriveStyle": "",
 "representArtist": "PCP, Industrial Strength",
 "officialUrl": "https://en.wikipedia.org/wiki/Hardtechno",
 "typeId": 13,
 "typeName": "风格",
 "dataId": 142,
 "url": "http://dropinapp.hearinmusic.com/#/ency?typeId=13&dataId=142"
}