{
 "pageNum": 1,
 "pageSize": 10,
 "params": {},
 "relationChannel": "[{\"id\":1161,\"parentId\":8,\"name\":\"Hardstep\"}]",
 "content": "<p>Hardstep是1994年兴起的Drum and Bass的一个子流派。它的特点是粗犷的制作风格，并有一种都市中心的氛围。它的breaks比起老派Jungle，少了一些切割的声音，而是有更快速、更硬朗的简单电子旋律。它的特点是突出而又稀疏的打击节拍。</p>\n<p>&nbsp;</p>\n<p>这种风格受到了丛林主义者（Junglists）的青睐，虽然它的流行程度已经被techstep所取代，但这种风格的粉丝仍然存在。早期的Hardstep艺术家包括DJ Hype和DJ Zinc。</p>\n<div>\n<div class=\"document\">\n<p class=\"paragraph text-align-type-left pap-line-1.8 pap-line-rule-auto pap-spacing-before-2pt pap-spacing-after-2pt pap-left-indent-2em\">&nbsp;</p>\n</div>\n</div>",
 "contentEn": "<p><strong>Hardstep</strong>&nbsp;is a subgenre of&nbsp;drum and bass&nbsp;which emerged in 1994.<sup id=\"cite_ref-1\" class=\"reference\">[1]</sup>&nbsp;It is characterised by a gritty production style, that has an inner-city feel to it. The breaks are less cut-up sounding than&nbsp;oldschool jungle, and have faster and harder simple electronic melodies. One characteristic is an accentuated, yet sparse percussive beat.<sup id=\"cite_ref-2\" class=\"reference\">[2]</sup></p>\n<p>&nbsp;</p>\n<p>The genre found favour with&nbsp;junglists, and though it has been overtaken in popularity by&nbsp;techstep, the fans of the style still remain. Early Hardstep artists include&nbsp;DJ Hype&nbsp;and&nbsp;DJ Zinc.<sup id=\"cite_ref-3\" class=\"reference\">[3]</sup></p>\n<h2>&nbsp;</h2>\n<h2><span id=\"References\" class=\"mw-headline\">References</span></h2>\n<div class=\"mw-references-wrap\">\n<ol class=\"references\">\n<li id=\"cite_note-1\"><span class=\"mw-cite-backlink\"><strong>^</strong></span>&nbsp;<span class=\"reference-text\"><cite class=\"citation web cs1\">\"Top 10 Stupid Music Genre Names\".&nbsp;<em>Kmag</em>. 20 May 2010. Archived from&nbsp;the original&nbsp;on 2 April 2015.</cite></span></li>\n<li id=\"cite_note-2\"><span class=\"mw-cite-backlink\"><strong>^</strong></span>&nbsp;<span class=\"reference-text\"><cite class=\"citation web cs1\">\"Hard Step Music Definition\". Archived from&nbsp;the original&nbsp;on 2008-12-30<span class=\"reference-accessdate\">. Retrieved&nbsp;<span class=\"nowrap\">2008-12-22</span></span>.</cite></span></li>\n<li id=\"cite_note-3\"><span class=\"mw-cite-backlink\"><strong>^</strong></span>&nbsp;<span class=\"reference-text\"><cite id=\"CITEREFBogdanov2001\" class=\"citation book cs1\">Bogdanov, Vladimir (2001).&nbsp;<span class=\"cs1-lock-registration\" title=\"Free registration required\"><em>All music guide to electronica: the definitive guide to electronic music</em></span>.&nbsp;Backbeat Books. p.&nbsp;638.&nbsp;ISBN&nbsp;<bdi>978-0-87930-628-1</bdi>.</cite></span></li>\n</ol>\n</div>",
 "remarks": "本词条汉字内容由 @多频百科团队 翻译+编辑\n原文译自 https://en.wikipedia.org/wiki/Hardstep",
 "remarksEn": "本词条内容来自 https://en.wikipedia.org/wiki/Hardstep",
 "status": 1,
 "clickNum": 12,
 "deleted": 0,
 "lang": 0,
 "chooseLang": true,
 "id": 111,
 "name": "Hardstep",
 "descriptions": "Hardstep是1994年兴起的Drum and Bass的一个子流派。它的特点是粗犷的制作风格，并有一种都市中心的氛围。它的breaks比起老派Jungle，少了一些切割的声音，而是有更快速、更硬朗的简单电子旋律。它的特点是突出而又稀疏的打击节拍。",
 "originalName": "",
 "startTimeText": "1994",
 "startAddress": "United Kingdom",
 "searchStyle": "Drum and Bass",
 "styleCategory": "Drum and Bass",
 "originalStyle": "Oldschool jungle, breakbeat hardcore, darkcore",
 "affectStyle": "",
 "deriveStyle": "",
 "representArtist": "DJ Hype, DJ Zinc",
 "officialUrl": "https://en.wikipedia.org/wiki/Hardstep",
 "typeId": 13,
 "typeName": "风格",
 "dataId": 111,
 "url": "http://dropinapp.hearinmusic.com/#/ency?typeId=13&dataId=111"
}