{
 "pageNum": 1,
 "pageSize": 10,
 "params": {},
 "relationChannel": "[{\"id\":1109,\"parentId\":8,\"name\":\"Hardbag\"}]",
 "relationEncy": "[{\"id\":36376,\"typeId\":13,\"dataId\":49,\"name\":\"Diva House\",\"url\":\"http://dropinapp.hearinmusic.com/#/ency?typeId=13&dataId=49\"}]",
 "content": "<p>Hardbag是90年代中期流行的一种电子舞曲类型。从1993-1994年的Diva House（Handbag House）演变而来，这种类型享有巨大的知名度，尽管是短暂而流行化的，很多Hardbag作品都排行在UK榜单的上层位置。在当时，它有时会与Nu-NRG混淆，然而这两种风格却有明显的不同。</p>\n<p>&nbsp;</p>\n<p>由Felix演唱的 \"Don't You Want Me \"在很大程度上被认为是引发hardbag爆炸的歌曲。由Faithless、Red Jerry和Felix的Rollo Armstrong制作的 \"Don't You Want Me \"于1992年发行，在英国单曲榜上获得了前十名的成绩。</p>\n<p>&nbsp;</p>\n<p>1995年，随着Commandor Tom、Candy Girls、Rollo &amp; Sister Bliss和Mrs Wood的发行，hardbag风格的流行达到了顶峰，都跨入了主流。事实上，这种声音开始与m&aacute;kina融合，这在Interactive的 \"Forever Young \"和Seb的 \"Rainbow Islands \"等曲目中表现得很明显。</p>\n<p>&nbsp;</p>\n<p>最有影响力的两位制作人是荷兰制作人帕特里克-普林斯（Patrick Prins）（他用各种化名录制了几首英国俱乐部和排行榜上的热门歌曲，如 \"Bits &amp; Pieces\"--Artemesia）和已故的托尼-德维特（Tony De Vit），他的hardbag作品 \"Hooked \"至今仍被认为是这一流派的权威性例子之一。另一位在hardbag界的伟大存在是Red Jerry，Hooj Choons的前负责人。其他有影响力的制作人还包括Rollo Armstrong（后来的Faithless组合）和Paul Masterson，后者将hardbag混音多样化，加入Hi-NRG元素。</p>\n<p>&nbsp;</p>\n<p>到1997年初，Hardbag的热潮逐渐消退，自此Hardbag对英国硬浩室和Electro house产生了影响。诸如Tripoli Trax这样的厂牌通过发行Lemon 8的 \"Bells Of Revolution \"和Knuckleheadz的 \"Raise Your Hands \"来阐述这种声音。</p>\n<p>&nbsp;</p>\n<p>几位hardbag制作人在90年代后期成为了trance场景中的大人物。这些人包括Matt Darey（担任Bi-Boy Action Squad，Orgasmatron和Space Baby），Sister Bliss（与Rollo和Joyd Wimmin的Jon共同创作和共同制作），以及John Graham，他的Quivver别名\"Saxy Lady\"（1994年）的hardbag形象大受欢迎。</p>",
 "contentEn": "<p><strong>Hardbag</strong>&nbsp;is a&nbsp;genre&nbsp;of&nbsp;electronic dance music&nbsp;popular in the mid-1990s. Having evolved out of the&nbsp;handbag house&nbsp;scene<sup id=\"cite_ref-indy_1-0\" class=\"reference\">[1]</sup><sup id=\"cite_ref-2\" class=\"reference\">[2]</sup><sup id=\"cite_ref-3\" class=\"reference\">[3]</sup>&nbsp;in 1993&ndash;1994, the genre enjoyed massive, albeit brief, popularity, with several hardbag releases achieving positions in the upper echelons of the UK chart. It was at the time sometimes confused with Nu-NRG, yet the styles were discernibly different.</p>\n<p>&nbsp;</p>\n<p>\"Don't You Want Me\" by&nbsp;Felix&nbsp;is largely considered to be the track that launched the hardbag explosion. Produced by&nbsp;Rollo Armstrong&nbsp;of&nbsp;Faithless,&nbsp;Red Jerry&nbsp;and&nbsp;Felix, \"Don't You Want Me\" was released in 1992, scoring a Top 10 placing on the UK singles chart.</p>\n<p>&nbsp;</p>\n<p>The popularity of the hardbag genre reached its zenith in 1995 with releases by&nbsp;Commander Tom,&nbsp;Candy Girls, Rollo &amp;&nbsp;Sister Bliss&nbsp;and&nbsp;Mrs Wood&nbsp;all crossing over into the mainstream. Indeed, the sound began to meld with&nbsp;m&aacute;kina, evident on tracks such as \"Forever Young\" by&nbsp;Interactive&nbsp;and \"Rainbow Islands\" by Seb.</p>\n<p>&nbsp;</p>\n<p>The two most influential exponents of the sound were&nbsp;Dutch&nbsp;producer Patrick Prins (who, recording a variety of aliases, scored several large UK club and chart hits such as \"Bits &amp; Pieces\" &ndash; Artemesia) and the late&nbsp;Tony De Vit, whose hardbag composition \"Hooked\" is still considered one of the definitive examples of the genre.<sup id=\"cite_ref-4\" class=\"reference\">[4]</sup><sup id=\"cite_ref-5\" class=\"reference\">[5]</sup>&nbsp;Another great presence in the hardbag scene was&nbsp;Red Jerry, former head of&nbsp;Hooj Choons.<sup id=\"cite_ref-6\" class=\"reference\">[6]</sup>&nbsp;Other influential producers include&nbsp;Rollo Armstrong&nbsp;(later of the group&nbsp;Faithless) and&nbsp;Paul Masterson, the latter of whom diversified hardbag remixes to incorporate&nbsp;Hi-NRG&nbsp;elements.</p>\n<p>&nbsp;</p>\n<p>By early 1997 the Hardbag craze had died down, since then Hardbag created an influence on&nbsp;UK hard house&nbsp;and&nbsp;Electro house. Labels such as Tripoli Trax expounded this sound via releases such as \"Bells Of Revolution\" by Lemon 8 and \"Raise Your Hands\" by Knuckleheadz.</p>\n<p>&nbsp;</p>\n<p>Several hardbag producers went on to become big names within the trance scene in the late 1990s. These included&nbsp;Matt Darey&nbsp;(as Bi-Boy Action Squad, Orgasmatron and Space Baby),&nbsp;Sister Bliss&nbsp;(as a solo artist and co-producer with&nbsp;Rollo&nbsp;and Jon of the Pleased Wimmin), and&nbsp;John Graham&nbsp;whose Quivver alias had a hardbag hit with 'Saxy Lady' (1994).</p>\n<h2>&nbsp;</h2>\n<h2><span id=\"Examples\" class=\"mw-headline\">Examples</span></h2>\n<p>The following releases are considered notable examples of the genre:</p>\n<ul>\n<li>1992: Don't You Want Me &ndash; Felix (Deconstruction label, UK #6)</li>\n<li>1994: La luna &ndash; The Ethics (produced by Patrick Prins) (Effective label, UK #13)</li>\n<li>1994: Crazy man &ndash; Blast (Media label, UK #22)</li>\n<li>1994: The Ultimate &ndash; Antic (Hooj Choons, UK #71)</li>\n<li>1995: Burning Up &ndash; Tony De Vit (:VC: label, UK #25)</li>\n<li>1995: Hooked &ndash; 99th Floor Elevators feat. Tony De Vit (Labello Dance, UK #28)</li>\n<li>1995: To the Limit &ndash; Tony De Vit (:VC: label, UK #44)</li>\n<li>1995: Play this House &ndash; BB Club (Positiva label, UK #65)</li>\n<li>1994: Bits &amp; Pieces &ndash; Artemesia (Hooj Choons, UK #46)</li>\n<li>1995: Let's Whip it up &ndash; Sleaze Sisters Feat. Vicki Shepard (UK #46)</li>\n<li>1995: Listen to the Rhythm Flow &ndash; Diva Rhythms (Tripoli Trax)</li>\n<li>1995: Fee fi fo fum &ndash; Candy Girls (:VC: label, UK #23)</li>\n<li>1995: Wham Bam &ndash; Candy Girls (:VC: label, UK #20)</li>\n<li>1995: Oh!What a World &ndash; Sister Bliss (Go! Beat label, UK #40)</li>\n<li>1995: U Girls &ndash; Nush (:VC: label, UK #15)</li>\n<li>1995: Passion &ndash; Amen UK (Deconstruction label, UK #15)</li>\n<li>1995: Joanna &ndash; Mrs Wood (React label, #34;&nbsp;<strong>Joanna</strong>&nbsp;was remixed by&nbsp;<strong>Sash!</strong>&nbsp;in 1997, peaking at #31)</li>\n<li>1996: Forever Young (Red Jerry&nbsp;remix &ndash; Interactive, UK #28)</li>\n<li>1996: There's Nothing I Won't Do -&nbsp;JX&nbsp;(Hooj Choons, UK #4)</li>\n</ul>\n<h2>&nbsp;</h2>\n<h2><span id=\"References\" class=\"mw-headline\">References</span></h2>\n<div class=\"reflist\">\n<div class=\"mw-references-wrap\">\n<ol class=\"references\">\n<li id=\"cite_note-indy-1\"><span class=\"mw-cite-backlink\"><strong>^</strong></span>&nbsp;<span class=\"reference-text\"><cite id=\"CITEREFBrown2011\" class=\"citation news cs1\">Brown, Jonathan (17 September 2011).&nbsp;\"Everything you ever wanted to know about (BUT WERE TOO OLD TO ASK)\".&nbsp;<em>The Independent</em>.&nbsp;<q>Hardbag: Loved-up clubbers who liked to put their hands in the air as part of the life-affirming Handbag scene of the early 1990s were forced to step up the pace when Rollo and Sister Bliss blended the genre with Hardcore to bring a new grittiness to the dancefloor</q></cite></span></li>\n<li id=\"cite_note-2\"><span class=\"mw-cite-backlink\"><strong>^</strong></span>&nbsp;<span class=\"reference-text\"><cite id=\"CITEREFFritz1999\" class=\"citation book cs1\">Fritz, Jimi (1999).&nbsp;<em>Rave Culture, an insider's overview</em>. Smallfry Publishing. p.&nbsp;91.&nbsp;ISBN&nbsp;<bdi>0-9685721-0-3</bdi>.&nbsp;<q>Hardbag- The same roots as handbag but less commercial and cheesy. Similar to hard house, hardbag has a much heavier beat than handbag and there are generally no vocals.</q></cite></span></li>\n<li id=\"cite_note-3\"><span class=\"mw-cite-backlink\"><strong>^</strong></span>&nbsp;<span class=\"reference-text\"><cite id=\"CITEREFDent2006\" class=\"citation book cs1\">Dent, Susie (2006).&nbsp;<span class=\"cs1-lock-registration\" title=\"Free registration required\"><em>Fanboys and Overdogs: The Language Report</em></span>. Oxford University Press, USA. p.&nbsp;118.&nbsp;ISBN&nbsp;<bdi>0-19-280676-9</bdi>.&nbsp;<q>Some genre names were apparently coined as a joke but have stuck, for example handbag, a form of house music characterised by its catchy melodies and upbeat mood. It took its name from the image of women who dance in a circle with their handbags at their feet, intending to be suggestive of the music's unsophisticated, crowd-pleasing quality. So established has it become that it has given rise to a more techno-influenced offshoot, Hardbag.</q></cite></span></li>\n<li id=\"cite_note-4\"><span class=\"mw-cite-backlink\"><strong>^</strong></span>&nbsp;<span class=\"reference-text\"><cite class=\"citation web cs1\">\"About\". 99th Floor Elevators. Archived from&nbsp;the original&nbsp;on 2014-10-24<span class=\"reference-accessdate\">. Retrieved&nbsp;<span class=\"nowrap\">2014-10-14</span></span>.</cite></span></li>\n<li id=\"cite_note-5\"><span class=\"mw-cite-backlink\"><strong>^</strong></span>&nbsp;<span class=\"reference-text\">Timeless Preview &ndash; The History of the UK Hard House scene&nbsp;Archived&nbsp;2010-02-18 at the&nbsp;Wayback Machine</span></li>\n<li id=\"cite_note-6\"><span class=\"mw-cite-backlink\"><strong>^</strong></span>&nbsp;<span class=\"reference-text\"><cite id=\"CITEREFBidder1999\" class=\"citation book cs1\">Bidder, Sean (1999).&nbsp;<em>The Rough Guide to House Music</em>. Rough Guides. p.&nbsp;154.&nbsp;ISBN&nbsp;<bdi>1-85828-432-5</bdi>.&nbsp;<q>Dickens began trading under the moniker Red Jerry and Hooj Choons established itself as one of Britain's most consistently successful handbag and hardbag labels.</q></cite></span></li>\n</ol>\n</div>\n</div>",
 "remarks": "本词条汉字内容由 @多频百科团队 翻译+编辑\n原文译自 https://en.wikipedia.org/wiki/Hardbag",
 "remarksEn": "本词条内容来自 https://en.wikipedia.org/wiki/Hardbag",
 "status": 1,
 "clickNum": 11,
 "deleted": 0,
 "lang": 0,
 "chooseLang": true,
 "id": 50,
 "name": "Hardbag",
 "descriptions": "Hardbag是90年代中期流行的一种电子舞曲类型。从1993-1994年的Diva House（Handbag House）演变而来，这种类型享有巨大的知名度，尽管是短暂而流行化的，很多Hardbag作品都排行在UK榜单的上层位置。在当时，它有时会与Nu-NRG混淆，然而这两种风格却有明显的不同。",
 "originalName": "",
 "startTimeText": "mid-1990s",
 "startAddress": "United Kingdom",
 "searchStyle": "House",
 "styleCategory": "Diva House",
 "originalStyle": "EDM, handbag house, Hi-NRG, New Beat, dance-pop",
 "affectStyle": "",
 "deriveStyle": "",
 "representArtist": "",
 "officialUrl": "https://en.wikipedia.org/wiki/Hardbag",
 "typeId": 13,
 "typeName": "风格",
 "dataId": 50,
 "url": "http://dropinapp.hearinmusic.com/#/ency?typeId=13&dataId=50"
}