{
 "pageNum": 1,
 "pageSize": 10,
 "params": {},
 "relationChannel": "[{\"id\":1407,\"parentId\":8,\"name\":\"Hard Dance Music\"}]",
 "content": "<p>Hard Dance Music（HDM，硬舞音乐）是对一类被认为听感较为&ldquo;强硬&rdquo;的电子舞曲风格的统称，这个术语所代表的范畴包含一系列风格诸如 Hardcore、Hardstyle、Hard House、Hard NRG、Hard Trance、Hard Techno等流派。</p>\n<p>&nbsp;</p>\n<p><strong>定义</strong></p>\n<p>通常情况下，我们不将Hard Dance Music这个术语作为一种特定的电子舞曲风格来定义，如上所述，它是对多种风格的统称，无法指代任一种特定风格或作品。Hard Dance Music与其概念中囊括的各种风格间也不存在严格的子母关系，因为其仅为一个术语说法，并不与所属风格间形成任何实质性的音乐内容、理论或文化上的传承和演化。</p>\n<p>&nbsp;</p>\n<p>但因Hard Dance Music术语在电子音乐领域，尤其是风格讨论中有着广泛的应用，为方便理解和信息查询，多频百科将该术语收录至&ldquo;风格&rdquo;资料库中。</p>\n<p>&nbsp;</p>\n<p><strong>特征</strong></p>\n<p>Hard Dance Music中的风格的歌曲通常在 150 到 230 BPM 之间，速度较快，部分极端的分支能达到更高的曲速且甚至不作限制。相关歌曲多由 4/4 节奏组成，青睐使用重度失真的Kick Drum和Bassline，以及突出具有侵略性的Lead音色，各频段分配饱满，响度通常较大。</p>\n<p>&nbsp;</p>\n<p><strong>历史</strong></p>\n<p>Hard Dance Music是地下音乐运动典型的产物。就其起源而言，Hard House 始于 1990 年代的英国，与托尼&middot;德维特 (Tony De Vit) 等艺术家合作。 Hard NRG 也是一个英国运动，是 hard House 的直接分支。通常比Hard House更阴暗。同时期盛行的Rave运动让最早的Hard Dance和（Happy）Hardcore的场景开始出行并发展，这些风格被认为是最早期成型Hard Dance Music。</p>\n<p>&nbsp;</p>\n<p>Hard trance 和 Hardstyle 起源于低欧洲，推动者有 Kamui 和 DJ Isaac 等艺术家。这些风格之间的界限非常模糊，但也存在一些基础的差异。 Hard trance 具有更多循环往复的Bassline，并且相对于 Hardstyle 更具旋律性。20世纪90年代末至21世纪00世纪初，Hard Dance Music相关场景经历了低潮，逐渐远离电子舞曲社区的主流场景。</p>\n<p>&nbsp;</p>\n<p>自 2008 年初以来，Hard Dance Music凭借Hardstyle、Hardcore及相关分支开始重新流行起来，荷兰艺术家和受众群体在这个过程中发挥了重要的作用。这种现象在英国同样尤为明显，Hard Dance Music赢得了 BBC Radio 1 的广泛支持。</p>",
 "remarks": "本词条内容由 @多频百科团队 编辑",
 "remarksEn": "本词条内容暂未完善仅供参考，多频百科小编正在火速赶来",
 "status": 1,
 "clickNum": 56,
 "deleted": 0,
 "lang": 0,
 "chooseLang": false,
 "id": 88,
 "name": "Hard Dance Music",
 "descriptions": "Hard Dance Music（HDM，硬舞音乐）是对一类被认为听感较为“强硬”的电子舞曲风格的统称，这个术语所代表的范畴包含一系列风格诸如 Hardcore、Hardstyle、Hard House、Hard NRG、Hard Trance、Hard Techno等流派。",
 "originalName": "HDM，硬舞音乐",
 "startTimeText": "1990s",
 "startAddress": "欧洲",
 "searchStyle": "",
 "styleCategory": "",
 "originalStyle": "Techno, House, Rave",
 "affectStyle": "",
 "deriveStyle": "",
 "representArtist": "",
 "officialUrl": "",
 "typeId": 13,
 "typeName": "风格",
 "dataId": 88,
 "url": "http://dropinapp.hearinmusic.com/#/ency?typeId=13&dataId=88"
}