{
 "pageNum": 1,
 "pageSize": 10,
 "params": {},
 "relationChannel": "[{\"id\":1498,\"parentId\":8,\"name\":\"Hardwave\"}]",
 "relationEncy": "[{\"id\":36705,\"typeId\":13,\"dataId\":378,\"name\":\"Wave Music\",\"url\":\"http://dropinapp.hearinmusic.com/#/ency?typeId=13&dataId=378\"}]",
 "content": "<p>Hardwave 是 Wave Music 的一种子风格，结合了来自 Trance、Hardstyle 等风格的元素</p>\n<p>&nbsp;</p>\n<p>2017年，来自澳大利亚珀斯的制作人 Skeler 和 Ytho 开始尝试向 Wave 音乐中加入来自 Trance 和 Hardstyle 的元素，以迎合更多的俱乐部、节日活动等现场观众的需求，也因此让 Wave 风格得到了更加广泛的推广。经过不断地发展演化，这种融合风格也逐渐成为 Wave 场景中的新风格分支，被称作 Hardwave。</p>",
 "contentEn": "<p>In 2017,&nbsp;Perth-based producers Skeler and Ytho began incorporating elements from&nbsp;trance&nbsp;and&nbsp;hardstyle&nbsp;into wave for appealing to the broader&nbsp;festival&nbsp;and&nbsp;club&nbsp;audiences and thus popularize the genre. This lead the wave scene to evolve into the emergent subgenre known as hardwave.</p>",
 "remarks": "本词条汉字内容由 @多频百科团队 翻译+编辑\n原文译自 https://en.wikipedia.org/wiki/Wave_music",
 "remarksEn": "本词条内容来自 https://en.wikipedia.org/wiki/Wave_music",
 "status": 1,
 "clickNum": 29,
 "deleted": 0,
 "lang": 0,
 "chooseLang": true,
 "id": 379,
 "name": "Hardwave",
 "descriptions": "Hardwave 是 Wave Music 的一种子风格，结合了来自 Trance、Hardstyle 等风格的元素",
 "startTimeText": "2017",
 "searchStyle": "Bass Music",
 "styleCategory": "Wave Music",
 "originalStyle": "Wave, Trance, Hardstyle",
 "representArtist": "",
 "officialUrl": "https://en.wikipedia.org/wiki/Wave_music",
 "typeId": 13,
 "typeName": "风格",
 "dataId": 379,
 "url": "http://dropinapp.hearinmusic.com/#/ency?typeId=13&dataId=379"
}