{
 "pageNum": 1,
 "pageSize": 10,
 "params": {},
 "relationChannel": "[{\"id\":1140,\"parentId\":8,\"name\":\"Hardbass\"}]",
 "content": "<p>Hardbass或Hard Bass是1990年代晚期起源于俄罗斯电子音乐的曲风。 Hardbass的灵感来源于UK hard house、Techno、Scouse House、Powerstomp和Hardstyle，拥有快节奏（通常为150-175bpm），独特的低音（通常被称作是&ldquo;Hard Bounce[强硬的跳跃]&rdquo;），失真的声音和少许的饶舌。</p>\n<p>&nbsp;</p>\n<p>Hardbass已经成为Gopnik（Гопник）亚文化的核心标志性印象。在欧洲几个国家，有很多Hardbass场面，这是另一种亚文化，许多人会配合Hardbass音乐在公开场合跳舞，有时候会见到一群人聚在一个区域跳舞著。</p>\n<p>&nbsp;</p>\n<p>从2015年开始，Hardbass也以互联网梗的形式出现，以GSC游戏世界的S.T.A.L.K.E.R.系列游戏为蓝本的视频 \"Cheeki Breeki Hardbass Anthem \"首发，描绘了斯拉夫和俄罗斯的亚文化。</p>",
 "contentEn": "<p><strong>Hardbass</strong>&nbsp;or&nbsp;<strong>hard bass</strong>&nbsp;(Russian:&nbsp;<span lang=\"ru\" title=\"Russian-language text\">хардбас(с)</span>,&nbsp;<small>tr.</small>&nbsp;<em lang=\"ru-Latn\" title=\"Russian-language text\">khardbas(s)<sup id=\"cite_ref-1\" class=\"reference\">[a]</sup></em>,&nbsp;<small>IPA:&nbsp;</small><span class=\"IPA\" title=\"Representation in the International Phonetic Alphabet (IPA)\">[xɐrdˈbas]</span>) is a subgenre of&nbsp;electronic music&nbsp;which originated from&nbsp;Russia&nbsp;during the late 1990s, drawing inspiration from&nbsp;UK hardcore,&nbsp;UK hard house,&nbsp;bouncy techno&nbsp;and&nbsp;hardstyle. Hardbass is characterized by its fast&nbsp;tempo&nbsp;(usually 150&ndash;175 BPM), donks, distinctive&nbsp;basslines&nbsp;(commonly known as \"hard bounce\"), distorted sounds, heavy kicks and occasional&nbsp;rapping. Hardbass has become a central stereotype of the&nbsp;gopnik&nbsp;subculture. In several European countries, so-called \"hardbass scenes\" have sprung up,<sup id=\"cite_ref-2\" class=\"reference\">[1]</sup>&nbsp;which are events related to the genre that involve multiple people dancing in public while masked, sometimes with&nbsp;moshing&nbsp;involved.</p>\n<p>&nbsp;</p>\n<p>From 2015 onward, hardbass has also appeared as an&nbsp;Internet meme, depicting Slavic and Russian subcultures with the premiere of the video \"Cheeki Breeki Hardbass Anthem\", based on the&nbsp;S.T.A.L.K.E.R.&nbsp;series of games from GSC Game World.</p>\n<h2>&nbsp;</h2>\n<h2><span id=\"References\" class=\"mw-headline\">References</span></h2>\n<div class=\"mw-references-wrap\">\n<ol class=\"references\">\n<li id=\"cite_note-2\"><span class=\"mw-cite-backlink\"><strong>^</strong></span>&nbsp;<span class=\"reference-text\"><cite id=\"CITEREFEror\" class=\"citation web cs1\">Eror, Aleks.&nbsp;\"Russia's Hard Bass Scene is Completely Insane\".&nbsp;<em>Noisey</em><span class=\"reference-accessdate\">. Retrieved&nbsp;<span class=\"nowrap\">26 April</span>&nbsp;2017</span>.</cite></span></li>\n</ol>\n</div>",
 "remarks": "本词条汉字内容由 @多频百科团队 翻译+编辑\n原文译自 https://en.wikipedia.org/wiki/Hardbass",
 "remarksEn": "本词条内容来自 https://en.wikipedia.org/wiki/Hardbass",
 "status": 1,
 "clickNum": 30,
 "deleted": 0,
 "lang": 0,
 "chooseLang": true,
 "id": 91,
 "name": "Hardbass",
 "descriptions": "Hardbass或Hard Bass是1990年代晚期起源于俄罗斯电子音乐的曲风。 HardBass的灵感来源于UK hard house、Techno、Scouse House、Powerstomp和Hardstyle，拥有快节奏（通常为150-175bpm），独特的低音，失真的声音和少许的饶舌。",
 "originalName": "hard bass",
 "startTimeText": "Late 1990s",
 "startAddress": "Russia, Latvia, Poland and Germany",
 "searchStyle": "House, Hardstyle",
 "styleCategory": "Pumping House",
 "originalStyle": "UK hard house, Scouse house, Bouncy techno, Hardstyle",
 "affectStyle": "UK hardcore, hard bounce",
 "deriveStyle": "",
 "representArtist": "",
 "officialUrl": "https://en.wikipedia.org/wiki/Hardbass",
 "typeId": 13,
 "typeName": "风格",
 "dataId": 91,
 "url": "http://dropinapp.hearinmusic.com/#/ency?typeId=13&dataId=91"
}