{
 "pageNum": 1,
 "pageSize": 10,
 "params": {},
 "relationChannel": "[{\"id\":618,\"parentId\":8,\"name\":\"Hardcore\"}]",
 "relationEncy": "[{\"id\":36534,\"typeId\":13,\"dataId\":207,\"name\":\"UK Hardcore\",\"url\":\"http://dropinapp.hearinmusic.com/#/ency?typeId=13&dataId=207\"},{\"id\":35084,\"typeId\":16,\"dataId\":141,\"name\":\"Masters of Hardcore\",\"url\":\"http://dropinapp.hearinmusic.com/#/ency?typeId=16&dataId=141\"},{\"id\":35082,\"typeId\":16,\"dataId\":139,\"name\":\"Dominator - The Hardcore Festival\",\"url\":\"http://dropinapp.hearinmusic.com/#/ency?typeId=16&dataId=139\"},{\"id\":36530,\"typeId\":13,\"dataId\":203,\"name\":\"Frenchcore\",\"url\":\"http://dropinapp.hearinmusic.com/#/ency?typeId=13&dataId=203\"},{\"id\":36540,\"typeId\":13,\"dataId\":213,\"name\":\"Speedcore\",\"url\":\"http://dropinapp.hearinmusic.com/#/ency?typeId=13&dataId=213\"},{\"id\":36415,\"typeId\":13,\"dataId\":88,\"name\":\"Hard Dance Music\",\"url\":\"http://dropinapp.hearinmusic.com/#/ency?typeId=13&dataId=88\"}]",
 "content": "<div>\n<div class=\"document\">\n<p class=\"paragraph text-align-type-left pap-line-1.8 pap-line-rule-auto pap-spacing-before-2pt pap-spacing-after-2pt\">Hardcore（又称Hardcore Techno）是电子舞曲的一个子流派，1990年代起源于英国、荷兰和德国。它的特点是较快的节奏（160-200 BPM或更高）、失真的锯齿底鼓Kick音色和高密度的Kick编排、合成器低音（在某些子流派中），音乐主题的氛围有时是凶猛剧烈的，在饱和度和实验性的使用上接近工业舞曲。Hardcore还催生了诸如gabber之类的子流派。</p>\n<p class=\"paragraph text-align-type-left pap-line-1.8 pap-line-rule-auto pap-spacing-before-2pt pap-spacing-after-2pt\">&nbsp;</p>\n<p class=\"paragraph text-align-type-left pap-line-1.8 pap-line-rule-auto pap-spacing-before-2pt pap-spacing-after-2pt\"><strong>历史</strong></p>\n<p class=\"paragraph text-align-type-left pap-line-1.8 pap-line-rule-auto pap-spacing-before-2pt pap-spacing-after-2pt\"><span style=\"text-decoration: underline;\">20世纪70年代初到80年代初</span></p>\n<p class=\"paragraph text-align-type-left pap-line-1.8 pap-line-rule-auto pap-spacing-before-2pt pap-spacing-after-2pt\">要了解Hardcore的出现，必须追溯到20世纪70年代和80年代初，在工业音乐中找到硬核电子舞曲的痕迹。Throbbing Gristle、Coil、Cabaret Voltaire、SPK、Foetus和Einst&uuml;rzende Neubauten等团体使用各种电子乐器制作音乐。当时工业音乐所传播的信息非常具有煽动性。工业乐的一些音乐声音和实验直接影响了早期的Hardcore。</p>\n<p class=\"paragraph text-align-type-left pap-line-1.8 pap-line-rule-auto pap-spacing-before-2pt pap-spacing-after-2pt\">&nbsp;</p>\n<p class=\"paragraph text-align-type-left pap-line-1.8 pap-line-rule-auto pap-spacing-before-2pt pap-spacing-after-2pt\">20世纪80年代中期，在比利时组合Front 242的影响下，出现了EBM（Electronic Body Music），这是一种更容易被人接受的新风格，其更多的舞蹈灵感来自工业和新浪潮。这种风格的特点是极简主义和冷酷的声音，不同于迪斯科、放克或house，它节奏有力，一般结合激进的人声，审美接近工业音乐或朋克音乐。当EBM遇到了另一种来自比利时的风格New Beat以及Acid House音乐，就变成了更晦涩的声音。而这所有的元素都是为了Hardcore的到来而存在的。</p>\n<p class=\"paragraph text-align-type-left pap-line-1.8 pap-line-rule-auto pap-spacing-before-2pt pap-spacing-after-2pt\">&nbsp;</p>\n<p class=\"paragraph text-align-type-left pap-line-1.8 pap-line-rule-auto pap-spacing-before-2pt pap-spacing-after-2pt\" style=\"text-align: center;\"><img src=\"https://duopin-community.oss-cn-shenzhen.aliyuncs.com/hgnkubew0wh25t5qcwwg.svg\" alt=\"\" width=\"504\" height=\"276\" /></p>\n<p class=\"paragraph text-align-type-left pap-line-1.8 pap-line-rule-auto pap-spacing-before-2pt pap-spacing-after-2pt\" style=\"text-align: center;\"><span style=\"font-size: 8pt;\">早期Hardcore最常使用的文字标识</span></p>\n<p class=\"paragraph text-align-type-left pap-line-1.8 pap-line-rule-auto pap-spacing-before-2pt pap-spacing-after-2pt\" style=\"text-align: center;\"><span style=\"font-size: 8pt;\">By Ftiercel at English Wikipedia - Transferred from en.wikipedia to Commons by Logan using CommonsHelper., Public Domain, https://commons.wikimedia.org/w/index.php?curid=15797820</span></p>\n<p class=\"paragraph text-align-type-left pap-line-1.8 pap-line-rule-auto pap-spacing-before-2pt pap-spacing-after-2pt\">&nbsp;</p>\n<p class=\"paragraph text-align-type-left pap-line-1.8 pap-line-rule-auto pap-spacing-before-2pt pap-spacing-after-2pt\">早期Hardcore最常用的词牌 &ldquo;Hardcore&rdquo;一词在音乐界并不新鲜。它最早被用来指代朋克摇滚中更为激进的运动（黑旗、Minor Threat、Bad Brains......），除了音乐的硬朗之外，还重视他们的态度和生活方式，就像它诞生的街道一样：暴力、地下，但却很投入和真诚。后来，这个词在80年代末嘻哈兴起时被重新使用，指代嘻哈中更硬的部分，具有同样的特点：更硬的声音、关于性的歌词和整个生活方式，致力于尊重KRS-One或Public Enemy等说唱歌手所表现出的价值观。1985年发行的&agrave;;GRUMH...、Pankow和Le&aelig;ther Strip等EBM团体首次使用了Hardcore Techno这个词，尽管他们的音乐与Hardcore毫无关系。</p>\n<p class=\"paragraph text-align-type-left pap-line-1.8 pap-line-rule-auto pap-spacing-before-2pt pap-spacing-after-2pt\">&nbsp;</p>\n<p class=\"paragraph text-align-type-left pap-line-1.8 pap-line-rule-auto pap-spacing-before-2pt pap-spacing-after-2pt\"><span style=\"text-decoration: underline;\">20世纪90年代</span></p>\n<p class=\"paragraph text-align-type-left pap-line-1.8 pap-line-rule-auto pap-spacing-before-2pt pap-spacing-after-2pt\">1990年，德国制作人Marc Trauner（又名Mescalinum United）以 \"We Have Arrived \"宣称发布了第一首Hardcore Techno歌曲。英国组合Together也在1990年发布了其歌曲《Hardcore Uproar》。音乐记者西蒙-雷诺兹（Simon Reynolds）曾写过关于Hardcore Techno的书籍，报道过L.A. Style和Human Resource等乐队。</p>\n<p class=\"paragraph text-align-type-left pap-line-1.8 pap-line-rule-auto pap-spacing-before-2pt pap-spacing-after-2pt\">&nbsp;</p>\n<p class=\"paragraph text-align-type-left pap-line-1.8 pap-line-rule-auto pap-spacing-before-2pt pap-spacing-after-2pt\">在90年代初，\"hardcore \"和 \"darkcore \"这两个词也被用来指代一些原始的breakbeat和鼓打贝斯的形式，这些形式在英国非常流行，并从中涌现出了几个著名的制作人，如The Prodigy、Lords of Acid，还有Goldie。它引入了加速的Hip-Hop breakbeats、钢琴Breaks、dub和低频基音以及类似卡通的噪音，这被回顾性地称为 \"old skool \"Hardcore，并被广泛认为是Happy Hardcore（后来失去了breakbeats）和Jungle（相对隐去了techno风格的键盘击打和钢琴Breaks）的鼻祖。</p>\n<p class=\"paragraph text-align-type-left pap-line-1.8 pap-line-rule-auto pap-spacing-before-2pt pap-spacing-after-2pt\">&nbsp;</p>\n<p class=\"paragraph text-align-type-left pap-line-1.8 pap-line-rule-auto pap-spacing-before-2pt pap-spacing-after-2pt\">大约在1993年，这种风格变得明确，并被简单地命名为 \"Hardcore\"，因为它已经脱离了受Detroit Techno的影响。</p>\n<p class=\"paragraph text-align-type-left pap-line-1.8 pap-line-rule-auto pap-spacing-before-2pt pap-spacing-after-2pt\">&nbsp;</p>\n<p class=\"paragraph text-align-type-left pap-line-1.8 pap-line-rule-auto pap-spacing-before-2pt pap-spacing-after-2pt\">Hardcore的正式诞生据说是从1990年德国法兰克福的制作人Mescalinum United发行的歌曲 \"We Have Arrived \"开始的。Trauner在1989年成立了厂牌Planet Core Productions，到1996年为止，已经制作了500多首歌曲，其中包括自己制作的300首。Hardcore乐坛另一个重要的名字是PCP：Miroslav Pajic，常被称为Miro。他的团体PCP普及了一种缓慢、沉重、极简和非常黑暗的Hardcore形式，现在被指定为 \"darkcore \"或 \"doomcore\"。在美国，纽约的techno先锋Lenny Dee在1991年推出了Industrial Strength Records厂牌，该厂牌联合了美国大部分的场景，使纽约成为早期美国Hardcore的最大中心之一。该厂牌的其他美国制作人包括Deadly Buda和the Horrorist，但该厂牌也制作了来自其他国家的制作人。与此同时，在鹿特丹，DJ和制作人保罗-埃尔斯塔克（Paul Elstak）和罗伯-法布里（Rob Fabrie）推广了一种速度更快的风格，饱和的低音线，很快就被称为 \"gabber\"，以及其更商业化和更容易理解的形式--Happy Hardcore。</p>\n<p class=\"paragraph text-align-type-left pap-line-1.8 pap-line-rule-auto pap-spacing-before-2pt pap-spacing-after-2pt\">&nbsp;</p>\n<p class=\"paragraph text-align-type-left pap-line-1.8 pap-line-rule-auto pap-spacing-before-2pt pap-spacing-after-2pt\" style=\"text-align: center;\"><img src=\"https://duopin-community.oss-cn-shenzhen.aliyuncs.com/j0k5ljqes0kjl2edyu2w.jpg\" alt=\"\" width=\"768\" height=\"632\" /></p>\n<p class=\"paragraph text-align-type-left pap-line-1.8 pap-line-rule-auto pap-spacing-before-2pt pap-spacing-after-2pt\" style=\"text-align: center;\"><span style=\"font-size: 8pt;\">Rotterdam Records创始人Paul Elstak</span></p>\n<p class=\"paragraph text-align-type-left pap-line-1.8 pap-line-rule-auto pap-spacing-before-2pt pap-spacing-after-2pt\" style=\"text-align: center;\"><span style=\"font-size: 8pt;\">By Kristel van den Hooven - wikiportrait, CC BY 3.0, https://commons.wikimedia.org/w/index.php?curid=15237491</span></p>\n<p class=\"paragraph text-align-type-left pap-line-1.8 pap-line-rule-auto pap-spacing-before-2pt pap-spacing-after-2pt\">&nbsp;</p>\n<p class=\"paragraph text-align-type-left pap-line-1.8 pap-line-rule-auto pap-spacing-before-2pt pap-spacing-after-2pt\">1992年，Paul Elstak创立了鹿特丹唱片，成为荷兰第一个Hardcore厂牌。1992年在乌得勒支，一场名为 \"期末考试 \"的大型狂欢导致了ID&amp;T厂牌的成立。1993年，Thunderdome的概念在欧洲迅速普及了Hardcore音乐，发行了一系列CD合集和活动，吸引了成千上万的年轻人，发起了gabber运动。仅仅在1993年这一年，就发行了四张合辑，并取得了越来越大的成功。合辑中的许多艺人都成为了现场的知名人物，尤其是3 Steps Ahead、DJ Buzz Fuzz、The Dreamteam、Neophyte、Omar Santana，以及gabber/happy hardcore中的Charly Lownoise和Mental Theo。同年，与Technohead Tellurian、the Speedfreak、Scott Brown、比利时音乐人Liza N'Eliaz等艺人和团体合作成功的Freddy B创建了Mokum唱片公司，他是Speedcore的先驱。</p>\n<p class=\"paragraph text-align-type-left pap-line-1.8 pap-line-rule-auto pap-spacing-before-2pt pap-spacing-after-2pt\">&nbsp;</p>\n<p class=\"paragraph text-align-type-left pap-line-1.8 pap-line-rule-auto pap-spacing-before-2pt pap-spacing-after-2pt\">在英国，包括Stormcore、69db、Crystal Distortion和Curley在内的音响系统品牌Spiral Tribe的成员硬生生地将酸性碎拍的声音发扬光大，成为 \"Acidcore \"和 \"Hardtechno \"流派的先驱。1994年，他们成立了Network 23厂牌，其中包括Somatic Responses、Caustic Visions和Unit Moebius，奠定了自由派对rave的音乐和视觉基础。在法国，Hardcore的先驱者包括Laurent H&ocirc;。20世纪90年代后期，随着早期Hardcore的流行程度逐渐减弱，Hardcore逐渐发生了变化。这为其他受Hardcore影响的风格如m&aacute;kina和hardstyle留下了一席之地。</p>\n<p class=\"paragraph text-align-type-left pap-line-1.8 pap-line-rule-auto pap-spacing-before-2pt pap-spacing-after-2pt\">&nbsp;</p>\n<p class=\"paragraph text-align-type-left pap-line-1.8 pap-line-rule-auto pap-spacing-before-2pt pap-spacing-after-2pt\"><span style=\"text-decoration: underline;\">2000年代</span></p>\n<p class=\"paragraph text-align-type-left pap-line-1.8 pap-line-rule-auto pap-spacing-before-2pt pap-spacing-after-2pt\">在Hardstyle和工业Hardcore的影响下，一个以DJ Promo和他的厂牌The Third Movement为代表的新场景正在发展。这个场景现在被称为Mainstream Hardcore（主流硬核）。它出现在2000年早期，以一种现代的、成熟的、较慢的、复杂的形式出现。在欧洲，特别是在荷兰和意大利，它是成功的，制作人和团体如Endymion，Kasparov，Art of Fighters，The Stunned Guys和DJ Mad Dog。而Happy Hardcore继续着它的地下运动，并发展出了其他相关的流派，如eurobeat、UK Hardcore、Freeform Hardcore和Full-on Hardcore。</p>\n<p class=\"paragraph text-align-type-left pap-line-1.8 pap-line-rule-auto pap-spacing-before-2pt pap-spacing-after-2pt\">&nbsp;</p>\n<p class=\"paragraph text-align-type-left pap-line-1.8 pap-line-rule-auto pap-spacing-before-2pt pap-spacing-after-2pt\">诸如Enzyme Records、Crossbones和Bloc 46等厂牌都曾培养出Ruffneck、Fifth Era和The Outside Agency等Darkcore艺术家。</p>\n<p class=\"paragraph text-align-type-left pap-line-1.8 pap-line-rule-auto pap-spacing-before-2pt pap-spacing-after-2pt\">&nbsp;</p>\n<p class=\"paragraph text-align-type-left pap-line-1.8 pap-line-rule-auto pap-spacing-before-2pt pap-spacing-after-2pt\">随着自由派对运动在全欧洲的成功，出现了freetekno。并涌现了许多代表Hardtechno和Frenchcore风格的制作人和厂牌：包括Epileptik、Audiogenic、Les Enfants Sages、Tekita、Breakteam、Mackitek、B2K和Narkotek等。</p>\n<p class=\"paragraph text-align-type-left pap-line-1.8 pap-line-rule-auto pap-spacing-before-2pt pap-spacing-after-2pt\">&nbsp;</p>\n<p class=\"paragraph text-align-type-left pap-line-1.8 pap-line-rule-auto pap-spacing-before-2pt pap-spacing-after-2pt\">同时在2001年，挪威DJ二人组Thomas S. Nilsen Fiction和Steffen Ojala S&oslash;derholm受德国组合Scooter的Hardcore歌曲 \"Nessaja \"和 \"Ramp! (The Logical Song) \"的影响，开始发展Nightcore风格。2003年中，Nightcore歌手开始出现在LimeWire等服务上，2006年出现在YouTube上。</p>\n<p class=\"paragraph text-align-type-left pap-line-1.8 pap-line-rule-auto pap-spacing-before-2pt pap-spacing-after-2pt\">&nbsp;</p>\n<p class=\"paragraph text-align-type-left pap-line-1.8 pap-line-rule-auto pap-spacing-before-2pt pap-spacing-after-2pt\"><span style=\"text-decoration: underline;\">2010年代</span></p>\n<p class=\"paragraph text-align-type-left pap-line-1.8 pap-line-rule-auto pap-spacing-before-2pt pap-spacing-after-2pt\">2010年代初，Hardcore在国际上兴起，Angerfist等艺人迅速走红。Hardcore场景在这一时期蓬勃发展，许多新的制作人和厂牌在欧洲和世界其他地方都留下了他们的印记，甚至出现在北美最大的音乐节Electric Daisy Carnival上。2011年，Angerfist进入DJ Mag百强榜第39位。</p>\n<p class=\"paragraph text-align-type-left pap-line-1.8 pap-line-rule-auto pap-spacing-before-2pt pap-spacing-after-2pt\">&nbsp;</p>\n<p class=\"paragraph text-align-type-left pap-line-1.8 pap-line-rule-auto pap-spacing-before-2pt pap-spacing-after-2pt\">2010年代中期，Hardcore流行程度发生了转变，从Mainstream Hardcore转向了更快的风格，如Frenchcore、Uptempo Hardcore和Terrorcore。虽然这些风格之前就已经存在，但2015年前后艺术家和活动的增加，帮助这些风格发展并走向观众关注的前沿。从旧有的每分钟160-180拍的范围转变为200拍以上，改变了Hardcore市场，创造了对比以前更有活力和更激烈的Hardcore的需求。像Sefa和Dr.Peacock这样的艺术家在现场迅速崛起，并影响了音乐方向，使其转向更响亮、更快，但更有旋律和兴奋的风格。来自其他流派的主要艺人，如Marshmello、Carnage、Porter Robinson和Headhunterz开始偶尔在他们的表演中播放更快的Hardcore音乐。十年末，欧洲的Hardcore场景迅速发展。荷兰境内的Hardcore音乐节的入场人数大幅上升。2019年的Thunderdome达到了近4万人的入场人数，成为有史以来最大的Hardcore活动。在荷兰以外的国家，如西班牙、俄罗斯、奥地利、瑞士和捷克等欧洲国家，定期的大型活动Hardcore开始发生。在美国，Hardcore仍然是一个相对地下的流派，但在各大城市可以看到由独立的发起人和艺术家推动的Hardcore活动。</p>\n</div>\n</div>",
 "contentEn": "<p><strong>Hardcore</strong>&nbsp;(also known as&nbsp;<strong>hardcore techno</strong>) is a subgenre of&nbsp;electronic dance music&nbsp;that originated in the United Kingdom, the Netherlands and Germany<sup id=\"cite_ref-4\" class=\"reference\">[4]</sup>&nbsp;in the early 1990s. It is distinguished by faster&nbsp;tempos&nbsp;and a distorted sawtooth kick (160 to 200 BPM or more<sup id=\"cite_ref-5\" class=\"reference\">[5]</sup>), the intensity of the&nbsp;kicks&nbsp;and the synthesized bass (in some subgenres),<sup id=\"cite_ref-6\" class=\"reference\">[6]</sup>&nbsp;the&nbsp;rhythm&nbsp;and the atmosphere of the themes (sometimes violent),<sup id=\"cite_ref-7\" class=\"reference\">[7]</sup>&nbsp;the usage of&nbsp;saturation&nbsp;and experimentation close to that of&nbsp;industrial dance music. It would spawn subgenres such as&nbsp;gabber.</p>\n<p>&nbsp;</p>\n<h2><span id=\"History\" class=\"mw-headline\">History</span></h2>\n<h3><span id=\"Early_1970s_to_early_1980s\" class=\"mw-headline\">Early 1970s to early 1980s</span></h3>\n<p>Hardcore is rooted in the&nbsp;1970s&nbsp;and early&nbsp;1980s&nbsp;industrial music, specifically the elements of hard&nbsp;electronic dance music. Groups such as&nbsp;Throbbing Gristle,&nbsp;Coil,&nbsp;Cabaret Voltaire,&nbsp;SPK,&nbsp;Foetus&nbsp;and&nbsp;Einst&uuml;rzende Neubauten&nbsp;produced music using a wide range of electronic instruments. The message diffused by industrial was then very provocative. Some of the musical sounds and experimentation of industrial have directly influenced hardcore since the beginning of the movement.</p>\n<h3>&nbsp;</h3>\n<h3><span id=\"1980s\" class=\"mw-headline\">1980s</span></h3>\n<p>In the mid-1980s, under the influence of the&nbsp;Belgian&nbsp;group&nbsp;Front 242,&nbsp;electronic body music&nbsp;(EBM), a new genre more accessible and more dancing inspired by industrial and&nbsp;new wave, appeared.<sup id=\"cite_ref-ebmm_8-0\" class=\"reference\">[8]</sup>&nbsp;This style is characterized by&nbsp;minimalism, cold sounds unlike&nbsp;disco,&nbsp;funk&nbsp;or&nbsp;house, with powerful beats, generally combined with aggressive vocals and an aesthetic close to industrial or&nbsp;punk&nbsp;music.<sup id=\"cite_ref-ebmm_8-1\" class=\"reference\">[8]</sup>&nbsp;When EBM has met&nbsp;new beat, another Belgian genre, and&nbsp;acid house, the music has changed to a harder sound.<sup id=\"cite_ref-johannes_9-0\" class=\"reference\">[9]</sup>&nbsp;All the elements were here for the arrival of hardcore. The beginnings of the genre, they are traced at the very end of the&nbsp;1980s&nbsp;in&nbsp;Belgium, within the&nbsp;new beat&nbsp;scene with the titles Doughnut Dollies by HNO3 released in 1988, Action In Paradise by Export released in 1988, Acid New Beat by Tribe 22 released in 1988, I Sit On Acid by Lords Of Acid released in 1988, Acid Rock by Rhythm Device released in 1989, Double B by Dirty Harry released in 1989, Do That Dance by The Project released in 1990, in 1988 the Belgian&nbsp;new beat&nbsp;arrived in Frankfurt in&nbsp;West Germany.</p>\n<p>&nbsp;</p>\n<p>The term&nbsp;hardcore&nbsp;is not new in the music world. It was first used to designate a more radical movement within punk rock (Black Flag,&nbsp;Minor Threat,&nbsp;Bad Brains...) which, in addition to hardening the music, also attached importance to their attitude and their way of life as in the street where it was born: violent,&nbsp;underground, but engaged and sincere. The term has then been reused when&nbsp;hip hop&nbsp;emerged in the late 1980s, designating the harder part of the hip hop, with the same characteristics: a harder sound, engaged lyrics and a whole way of life dedicated to the respect of the values shown by&nbsp;rappers&nbsp;like&nbsp;KRS-One&nbsp;or&nbsp;Public Enemy. The term&nbsp;<em>hardcore techno</em>&nbsp;has first been used by EBM groups like&nbsp;&agrave;;GRUMH...,&nbsp;Pankow,<sup id=\"cite_ref-10\" class=\"reference\">[10]</sup>&nbsp;and&nbsp;Le&aelig;ther Strip<sup id=\"cite_ref-energyflash_11-0\" class=\"reference\">[11]</sup><sup id=\"cite_ref-12\" class=\"reference\">[12]</sup>&nbsp;in the late 1980s, although their music had nothing to do with hardcore. &agrave;;GRUMH...'s&nbsp;<em>Sucking Energy (Hard Core Mix)</em>, released in 1985, was the first track ever to use the term hardcore, within an EDM context.</p>\n<h3>&nbsp;</h3>\n<h3><span id=\"1990s\" class=\"mw-headline\">1990s</span></h3>\n<p>In 1990,&nbsp;German&nbsp;producer&nbsp;Marc Trauner&nbsp;(also known as Mescalinum United) claimed to have released the first hardcore techno track with \"We Have Arrived\".<sup id=\"cite_ref-mescbio_13-0\" class=\"reference\">[13]</sup>&nbsp;The&nbsp;British&nbsp;group&nbsp;Together&nbsp;released its track \"Hardcore Uproar\", also in 1990.&nbsp;Music journalist&nbsp;Simon Reynolds&nbsp;has written books on hardcore techno, covering bands like&nbsp;L.A. Style&nbsp;and&nbsp;Human Resource.</p>\n<p>&nbsp;</p>\n<p>In the early 1990s, the terms \"hardcore\" and \"darkcore\" were also used to designate some primitive forms of&nbsp;breakbeat&nbsp;and&nbsp;drum and bass&nbsp;which were very popular in England and from which have emerged several famous producers like&nbsp;the Prodigy,&nbsp;Lords of Acid&nbsp;and also&nbsp;Goldie. It introduced sped up&nbsp;hip-hop&nbsp;breakbeats, piano breaks, dub and low frequency basslines and cartoon-like noises, which has been retrospectively called&nbsp;'old skool' hardcore&nbsp;(a.k.a.&nbsp;breakbeat hardcore) and is widely regarded as the progenitor of&nbsp;happy hardcore&nbsp;(which later lost the breakbeats) and&nbsp;jungle&nbsp;(which alternatively lost the techno style keyboard stabs and piano breaks).</p>\n<p>&nbsp;</p>\n<p>Around 1993, the style became clearly defined and was simply named \"hardcore\", as it left its influences from&nbsp;Detroit techno.<sup id=\"cite_ref-14\" class=\"reference\">[14]</sup></p>\n<p>&nbsp;</p>\n<p>The official birth of hardcore is supposedly<sup id=\"cite_ref-mescbio_13-1\" class=\"reference\">[13]</sup><sup id=\"cite_ref-fantazia_15-0\" class=\"reference\">[15]</sup>&nbsp;known from the release of the 1990 track \"We Have Arrived\" by the German producer Mescalinum United, of&nbsp;Frankfurt.<sup id=\"cite_ref-energyflash_11-1\" class=\"reference\">[11]</sup><sup id=\"cite_ref-drumnbass_16-0\" class=\"reference\">[16]</sup>&nbsp;Trauner founded the label Planet Core Productions in 1989 and has produced more than 500 tracks, including 300 by himself until 1996.<sup id=\"cite_ref-energyflash_11-2\" class=\"reference\">[11]</sup>&nbsp;Another important name of the hardcore scene was PCP: Miroslav Pajic, better known as Miro. His group PCP popularized a slow, heavy, minimal and very dark form of hardcore that is now designated as \"darkcore\" or \"doomcore\". In the&nbsp;United States, the New York pioneer of techno&nbsp;Lenny Dee&nbsp;launched the label Industrial Strength Records in 1991<sup id=\"cite_ref-drumnbass_16-1\" class=\"reference\">[16]</sup>&nbsp;that has federated a large part of the American scene, making New York one of the biggest centers of early American hardcore. Other American producers on the label included&nbsp;Deadly Buda&nbsp;and&nbsp;the Horrorist, but the label has also produced producers from other nationalities. At the same time in&nbsp;Rotterdam, the DJs and producers&nbsp;Paul Elstak<sup id=\"cite_ref-17\" class=\"reference\">[17]</sup>&nbsp;and Rob Fabrie popularized a speedier style, with saturated bass-lines, quickly known as \"gabber\", and its more commercial and accessible form,&nbsp;happy hardcore.<sup id=\"cite_ref-drumnbass_16-2\" class=\"reference\">[16]</sup><sup id=\"cite_ref-bogdanov_18-0\" class=\"reference\">[18]</sup></p>\n<p>Paul Elstak founded&nbsp;Rotterdam Records&nbsp;in 1992, which became the first hardcore label in the Netherlands.<sup id=\"cite_ref-19\" class=\"reference\">[19]</sup>&nbsp;In 1992 at&nbsp;Utrecht, a large&nbsp;rave&nbsp;called The Final Exam<sup id=\"cite_ref-20\" class=\"reference\">[20]</sup>&nbsp;led to the creation of the label&nbsp;ID&amp;T. Launched in 1993, the concept of&nbsp;Thunderdome&nbsp;quickly popularized hardcore music in Europe with a catalogue of CD compilations and events, attracting thousands of young people that launched the gabber movement. Just during the single year of 1993, four compilations were released with increasing success.<sup id=\"cite_ref-21\" class=\"reference\">[21]</sup><sup id=\"cite_ref-22\" class=\"reference\">[22]</sup><sup id=\"cite_ref-23\" class=\"reference\">[23]</sup><sup id=\"cite_ref-24\" class=\"reference\">[24]</sup><sup class=\"noprint Inline-Template noprint noexcerpt Template-Fact\">[<em><span title=\"The source has no credibility; looks like a comment from a random person. (January 2017)\">better&nbsp;source&nbsp;needed</span></em>]</sup>&nbsp;Many artists on the compilations have become well-known figures in the scene, notably&nbsp;3 Steps Ahead, DJ Buzz Fuzz, The Dreamteam,&nbsp;Neophyte, Omar Santana, and&nbsp;Charly Lownoise and Mental Theo&nbsp;in the gabber/happy hardcore registry. The same year, the label&nbsp;Mokum Records&nbsp;was created<sup id=\"cite_ref-drumnbass_16-3\" class=\"reference\">[16]</sup>&nbsp;by Freddy B who had success with artists and groups like&nbsp;Technohead<sup id=\"cite_ref-25\" class=\"reference\">[25]</sup><sup id=\"cite_ref-26\" class=\"reference\">[26]</sup><sup id=\"cite_ref-27\" class=\"reference\">[27]</sup><sup id=\"cite_ref-28\" class=\"reference\">[28]</sup>&nbsp;Tellurian, the Speedfreak,&nbsp;Scott Brown,<sup id=\"cite_ref-brown_29-0\" class=\"reference\">[29]</sup>&nbsp;and the Belgian musician Liza N'Eliaz,<sup id=\"cite_ref-30\" class=\"reference\">[30]</sup>&nbsp;pioneer of&nbsp;speedcore.</p>\n<p>&nbsp;</p>\n<p>In&nbsp;England, the members of the sound system&nbsp;Spiral Tribe,<sup id=\"cite_ref-31\" class=\"reference\">[31]</sup>&nbsp;including Stormcore, 69db, Crystal Distortion and Curley hardened their acid-breakbeat sound, becoming the pioneers of the \"acidcore\" and \"hardtechno\" genres. In 1994, they founded the label&nbsp;Network 23&nbsp;which among others has produced Somatic Responses, Caustic Visions and Unit Moebius, establishing the musical and visual basis of the&nbsp;free party&nbsp;rave.</p>\n<p>&nbsp;</p>\n<p>In&nbsp;France, the pioneers of hardcore include Laurent H&ocirc;.<sup id=\"cite_ref-32\" class=\"reference\">[32]</sup></p>\n<p>&nbsp;</p>\n<p>In the late 1990s, hardcore progressively changed as&nbsp;gabber&nbsp;waned in popularity. This left a place for other hardcore-influenced styles like&nbsp;m&aacute;kina&nbsp;and&nbsp;hardstyle.</p>\n<h3>&nbsp;</h3>\n<h3><span id=\"2000s\" class=\"mw-headline\">2000s</span></h3>\n<p>Under the influence of Hardstyle and&nbsp;industrial hardcore, a new scene was developing featuring DJ Promo and his label The Third Movement. This scene now known as&nbsp;mainstream hardcore&nbsp;emerged in the early 2000s with a modern, mature, slower, and sophisticated form.<sup id=\"cite_ref-fantazia_15-1\" class=\"reference\">[15]</sup>&nbsp;It was successful in Europe, especially in&nbsp;Netherlands&nbsp;and&nbsp;Italy,<sup id=\"cite_ref-fantazia_15-2\" class=\"reference\">[15]</sup>&nbsp;with producers and groups like Endymion, Kasparov, Art of Fighters, The Stunned Guys and DJ Mad Dog.&nbsp;Happy hardcore&nbsp;continues its movement underground and has evolved bringing out other related genres such as&nbsp;eurobeat,&nbsp;UK hardcore, Freeform hardcore and&nbsp;Full-on Hardcore.</p>\n<p>&nbsp;</p>\n<p>Labels such as&nbsp;Enzyme Records, Crossbones and Bloc 46 have produced darkcore artists, like&nbsp;Ruffneck, Fifth Era and The Outside Agency.</p>\n<p>&nbsp;</p>\n<p>As the free party movement was successful in all the Europe, freetekno appeared. Numerous producers and labels emerged representing the hardtechno and the frenchcore genres: Epileptik, Audiogenic, Les Enfants Sages, Tekita, Breakteam, Mackitek, B2K and Narkotek.</p>\n<p>&nbsp;</p>\n<p>Meanwhile, in 2001, Norwegian DJ duo Thomas S. Nilsen Fiction and Steffen Ojala S&oslash;derholm began to develop the&nbsp;nightcore&nbsp;genre influenced by pitch-shifted vocals in German group&nbsp;Scooter's hardcore songs \"Nessaja\" and \"Ramp! (The Logical Song)\". Nightcore artists started appearing on services such as&nbsp;LimeWire&nbsp;in mid-2003, and&nbsp;YouTube&nbsp;in 2006.</p>\n<h3>&nbsp;</h3>\n<h3><span id=\"2010s\" class=\"mw-headline\">2010s</span></h3>\n<p>The early 2010s saw the rise of hardcore internationally, with artists such as&nbsp;Angerfist&nbsp;gaining popularity quickly. The hardcore scene thrived during this period with many new producers and labels making their mark on the scene, both in Europe and the rest of the world, appearing even at North America's biggest music festival,&nbsp;Electric Daisy Carnival. In 2011, Angerfist entered the&nbsp;DJ Mag Top 100&nbsp;at position #39.<sup id=\"cite_ref-Insomniac.com_33-0\" class=\"reference\">[33]</sup></p>\n<p>&nbsp;</p>\n<p>The middle of the decade saw a shift in popularity, from mainstream hardcore to faster styles such as&nbsp;frenchcore, uptempo hardcore and terrorcore. Although these styles existed previously already, an increase in artists and events around 2015 helped these styles develop and move to the forefront of the audience's attention. The shift from the older range of 160-180 beats per minute to 200+ changed the hardcore market, creating a demand for more energetic and intense hardcore than before. Artists like&nbsp;Sefa&nbsp;&amp;&nbsp;Dr. Peacock&nbsp;saw a quick rise within the scene and influenced the musical direction to a louder, faster, but more melodic and euphoric style.<sup id=\"cite_ref-EDM.com_34-0\" class=\"reference\">[34]</sup>&nbsp;Major artists from other genres such as&nbsp;Marshmello,&nbsp;Carnage,&nbsp;Porter Robinson&nbsp;<sup id=\"cite_ref-hardcorenews.nl_35-0\" class=\"reference\">[35]</sup>&nbsp;and&nbsp;Headhunterz<sup id=\"cite_ref-livetracklist.com_36-0\" class=\"reference\">[36]</sup>&nbsp;started to occasionally play faster hardcore in their sets.</p>\n<p>&nbsp;</p>\n<p>The end of the decade saw rapid growth of the hardcore scene in Europe. Hardcore festivals within the Netherlands saw a significant rise in attendance. 2019's edition of Thunderdome reached an attendance of almost 40,000 people and became the biggest hardcore event to ever take place.<sup id=\"cite_ref-residentadvisor_37-0\" class=\"reference\">[37]</sup>&nbsp;Regular large scale events hardcore started happening outside of the Netherlands in countries like&nbsp;Spain,<sup id=\"cite_ref-mastersofhardcore.nl_38-0\" class=\"reference\">[38]</sup>&nbsp;Russia,<sup id=\"cite_ref-partyflock.nl_39-0\" class=\"reference\">[39]</sup>&nbsp;Austria,<sup id=\"cite_ref-artofdance.nl_40-0\" class=\"reference\">[40]</sup>&nbsp;Switzerland<sup id=\"cite_ref-mastersofhardcore.com_41-0\" class=\"reference\">[41]</sup>&nbsp;and the&nbsp;Czech Republic<sup id=\"cite_ref-festivaly.eu_42-0\" class=\"reference\">[42]</sup>&nbsp;among other European countries. In America hardcore remains a relatively underground genre, but can be found in major cities being pushed by independent promoters and artists.</p>\n<h2>&nbsp;</h2>\n<h2><span id=\"Hard_dance\" class=\"mw-headline\">Hard dance</span></h2>\n<p><strong>Hard dance</strong>&nbsp;is an umbrella category of electronic dance music genres characterized by fast tempos and hard kick drums, but less harsh-sounding and often a bit slower than hardcore. The category includes&nbsp;hard house,&nbsp;hard trance,&nbsp;hardstyle, some forms of&nbsp;Eurodance&nbsp;and regional genres, such as&nbsp;m&aacute;kina,&nbsp;lento violento&nbsp;and others. Sometimes the category has crossovers with hardcore genres such as&nbsp;frenchcore&nbsp;or&nbsp;UK hardcore. Despite this, the category is sometimes referred to as synonymous with hardcore techno music generally.</p>\n<h2>&nbsp;</h2>\n<h2><span id=\"Notable_related_events\" class=\"mw-headline\">Notable related events</span></h2>\n<ul>\n<li>Defqon.1 Festival</li>\n<li>Masters of Hardcore</li>\n<li>Sensation Black</li>\n<li>Thunderdome</li>\n<li>Dominator Festival&nbsp;<span class=\"languageicon\">(in Dutch)</span></li>\n</ul>\n<p>&nbsp;</p>\n<h2><span id=\"References\" class=\"mw-headline\">References</span></h2>\n<div class=\"reflist reflist-columns references-column-width\">\n<ol class=\"references\">\n<li id=\"cite_note-1\"><span class=\"mw-cite-backlink\"><strong>^</strong></span>&nbsp;<span class=\"reference-text\"><cite id=\"CITEREFJon_Savage\" class=\"citation web cs1\">Jon Savage.&nbsp;\"Machine soul - A History Of Techno\"<span class=\"reference-accessdate\">. Retrieved&nbsp;<span class=\"nowrap\">11 May</span>&nbsp;2012</span>.</cite></span></li>\n<li id=\"cite_note-biography-2\"><span class=\"mw-cite-backlink\"><strong>^</strong></span>&nbsp;<span class=\"reference-text\"><cite class=\"citation web cs1\">\":!: Nightcore is Hardcore&nbsp;:!: biography\". Archived from&nbsp;the original&nbsp;on 2007-09-02<span class=\"reference-accessdate\">. Retrieved&nbsp;<span class=\"nowrap\">2016-10-03</span></span>.</cite></span></li>\n<li id=\"cite_note-3\"><span class=\"mw-cite-backlink\"><strong>^</strong></span>&nbsp;<span class=\"reference-text\"><cite id=\"CITEREFShip2012\" class=\"citation web cs1\">Ship, Jesse (August 22, 2012).&nbsp;\"Bassnectar Calls Emerging Metalstep Genre a 'Natural Progression<span class=\"cs1-kern-right\">'</span>\".&nbsp;Noisecreep<span class=\"reference-accessdate\">. Retrieved&nbsp;<span class=\"nowrap\">January 1,</span>&nbsp;2015</span>.</cite></span></li>\n<li id=\"cite_note-4\"><span class=\"mw-cite-backlink\"><strong>^</strong></span>&nbsp;<span class=\"reference-text\"><cite id=\"CITEREFDavid_Robb2002\" class=\"citation web cs1\">David Robb (2002).&nbsp;\"Techno in Germany:Its Musical Origins and Cultural Relevance\"&nbsp;<span class=\"cs1-format\">(PDF)</span>. pp.&nbsp;134&ndash;135<span class=\"reference-accessdate\">. Retrieved&nbsp;<span class=\"nowrap\">17 May</span>&nbsp;2013</span>.</cite></span></li>\n<li id=\"cite_note-5\"><span class=\"mw-cite-backlink\"><strong>^</strong></span>&nbsp;<span class=\"reference-text\"><cite class=\"citation web cs1\">\"PSYCHEDELIC FREESTYLE | A-wave.com|=awave\"<span class=\"reference-accessdate\">. Retrieved&nbsp;<span class=\"nowrap\">12 May</span>&nbsp;2012</span>.</cite></span></li>\n<li id=\"cite_note-6\"><span class=\"mw-cite-backlink\"><strong>^</strong></span>&nbsp;<span class=\"reference-text\"><cite id=\"CITEREFDirk_Moelants2003\" class=\"citation web cs1\">Dirk Moelants (13 September 2003).&nbsp;\"Dance Music, Movement and Tempo Preferences\"&nbsp;<span class=\"cs1-format\">(PDF)</span>. p.&nbsp;2. Archived from&nbsp;the original&nbsp;<span class=\"cs1-format\">(PDF)</span>&nbsp;on 22 October 2013<span class=\"reference-accessdate\">. Retrieved&nbsp;<span class=\"nowrap\">8 May</span>&nbsp;2013</span>.</cite></span></li>\n<li id=\"cite_note-7\"><span class=\"mw-cite-backlink\"><strong>^</strong></span>&nbsp;<span class=\"reference-text\"><cite id=\"CITEREFIshkur\" class=\"citation web cs1\">Ishkur.&nbsp;\"Ishkur's guide\"<span class=\"reference-accessdate\">. Retrieved&nbsp;<span class=\"nowrap\">8 May</span>&nbsp;2013</span>.</cite></span></li>\n<li id=\"cite_note-ebmm-8\"><span class=\"mw-cite-backlink\">^&nbsp;<span class=\"cite-accessibility-label\">Jump up to:</span><sup><em><strong>a</strong></em></sup>&nbsp;<sup><em><strong>b</strong></em></sup></span>&nbsp;<span class=\"reference-text\"><cite class=\"citation web cs1\">\"EuroPopMusic&nbsp;: Electronic Body Music\".&nbsp;<em>EuroPopMusic</em><span class=\"reference-accessdate\">. Retrieved&nbsp;<span class=\"nowrap\">8 May</span>&nbsp;2013</span>.</cite></span></li>\n<li id=\"cite_note-johannes-9\"><span class=\"mw-cite-backlink\"><strong>^</strong></span>&nbsp;<span class=\"reference-text\"><cite id=\"CITEREFJohannes_Ripken2012\" class=\"citation web cs1\">Johannes Ripken (10 May 2012).&nbsp;\"Dance Music History &ndash; First electronic sounds, via Disco, House, Dance to current developments\".&nbsp;<em>Johannes Ripken</em>. Archived from&nbsp;the original&nbsp;on 8 November 2012<span class=\"reference-accessdate\">. Retrieved&nbsp;<span class=\"nowrap\">8 May</span>&nbsp;2013</span>.</cite></span></li>\n<li id=\"cite_note-10\"><span class=\"mw-cite-backlink\"><strong>^</strong></span>&nbsp;<span class=\"reference-text\">SPEX music magazine:&nbsp;<em>Hardcore-Techno-Beat aus Florenz!</em>, p.49, issue 9/89, September 1989</span></li>\n<li id=\"cite_note-energyflash-11\"><span class=\"mw-cite-backlink\">^&nbsp;<span class=\"cite-accessibility-label\">Jump up to:</span><sup><em><strong>a</strong></em></sup>&nbsp;<sup><em><strong>b</strong></em></sup>&nbsp;<sup><em><strong>c</strong></em></sup></span>&nbsp;<span class=\"reference-text\"><cite id=\"CITEREFReynolds_Simon1998\" class=\"citation book cs1\">Reynolds Simon (1998).&nbsp;<em>Energy Flash: A Journey Through Rave Music and Dance Culture</em>.&nbsp;ISBN&nbsp;<bdi>978-0330350563</bdi>.</cite></span></li>\n<li id=\"cite_note-12\"><span class=\"mw-cite-backlink\"><strong>^</strong></span>&nbsp;<span class=\"reference-text\"><em>New Life Soundmagazine</em>&nbsp;(October&ndash;November, 1989).</span></li>\n<li id=\"cite_note-mescbio-13\"><span class=\"mw-cite-backlink\">^&nbsp;<span class=\"cite-accessibility-label\">Jump up to:</span><sup><em><strong>a</strong></em></sup>&nbsp;<sup><em><strong>b</strong></em></sup></span>&nbsp;<span class=\"reference-text\"><cite class=\"citation web cs1\">\"Mescalinum United - Biography\".&nbsp;<em>Planet Lyrics</em><span class=\"reference-accessdate\">. Retrieved&nbsp;<span class=\"nowrap\">8 May</span>&nbsp;2013</span>.&nbsp;<q>Trauner was co-founder of record label Planet Core Productions and has been credited with creating the first hardcore techno/gabber track in 1990, 'We Have Arrived', under the name of Mescalinum United</q></cite></span></li>\n<li id=\"cite_note-14\"><span class=\"mw-cite-backlink\"><strong>^</strong></span>&nbsp;<span class=\"reference-text\"><cite class=\"citation web cs1\">\"Griffith University ePress\".&nbsp;<em>dj.dancecult.net</em><span class=\"reference-accessdate\">. Retrieved&nbsp;<span class=\"nowrap\">17 March</span>2018</span>.</cite></span></li>\n<li id=\"cite_note-fantazia-15\"><span class=\"mw-cite-backlink\">^&nbsp;<span class=\"cite-accessibility-label\">Jump up to:</span><sup><em><strong>a</strong></em></sup>&nbsp;<sup><em><strong>b</strong></em></sup>&nbsp;<sup><em><strong>c</strong></em></sup></span>&nbsp;<span class=\"reference-text\"><cite class=\"citation web cs1\">\"Gabba Hardcore Dance Music\".&nbsp;<em>fantazia</em><span class=\"reference-accessdate\">. Retrieved&nbsp;<span class=\"nowrap\">8 May</span>2013</span>.</cite></span></li>\n<li id=\"cite_note-drumnbass-16\"><span class=\"mw-cite-backlink\">^&nbsp;<span class=\"cite-accessibility-label\">Jump up to:</span><sup><em><strong>a</strong></em></sup>&nbsp;<sup><em><strong>b</strong></em></sup>&nbsp;<sup><em><strong>c</strong></em></sup>&nbsp;<sup><em><strong>d</strong></em></sup></span>&nbsp;<span class=\"reference-text\"><cite id=\"CITEREFPeter_Shapiro1999\" class=\"citation book cs1\">Peter Shapiro (1999).&nbsp;<em>Drum 'n' bass: the rough guide&nbsp;: [jungle, big beat, trip hop]</em>. p.&nbsp;?.</cite></span></li>\n<li id=\"cite_note-17\"><span class=\"mw-cite-backlink\"><strong>^</strong></span>&nbsp;<span class=\"reference-text\"><cite class=\"citation web cs1\">\"DJ Paul Elstak\".&nbsp;<em>djguide.nl</em>&nbsp;(in Dutch)<span class=\"reference-accessdate\">. Retrieved&nbsp;<span class=\"nowrap\">8 May</span>&nbsp;2013</span>.</cite></span></li>\n<li id=\"cite_note-bogdanov-18\"><span class=\"mw-cite-backlink\"><strong>^</strong></span>&nbsp;<span class=\"reference-text\"><cite id=\"CITEREFVladimir_Bogdanov2011\" class=\"citation book cs1\">Vladimir Bogdanov (2011).&nbsp;<em>All music guide to electronica: the definitive guide to electronica</em>.</cite></span></li>\n<li id=\"cite_note-19\"><span class=\"mw-cite-backlink\"><strong>^</strong></span>&nbsp;<span class=\"reference-text\"><cite class=\"citation web cs1\">\"Mid-town History\".&nbsp;<em>Rotterdam Records</em>. Archived from&nbsp;the original&nbsp;on 2 December 2013<span class=\"reference-accessdate\">. Retrieved&nbsp;<span class=\"nowrap\">8 May</span>&nbsp;2013</span>.</cite></span></li>\n<li id=\"cite_note-20\"><span class=\"mw-cite-backlink\"><strong>^</strong></span>&nbsp;<span class=\"reference-text\"><cite class=\"citation web cs1\">\"EVENTS.the past\".&nbsp;<em>Thunderdome</em>. 20 June 1992. Archived from&nbsp;the original&nbsp;on 22 September 2013<span class=\"reference-accessdate\">. Retrieved&nbsp;<span class=\"nowrap\">8 May</span>&nbsp;2013</span>.</cite></span></li>\n<li id=\"cite_note-21\"><span class=\"mw-cite-backlink\"><strong>^</strong></span>&nbsp;<span class=\"reference-text\"><cite id=\"CITEREF5th_Raider2004\" class=\"citation web cs1\">5th Raider (31 December 2004).&nbsp;\"Thunderdome I&nbsp;: Fuck Mellow, This Is Hardcore From Hell Review\".&nbsp;<em>gabber.no.sapo.pt</em>. Archived from&nbsp;the original&nbsp;on 10 March 2016<span class=\"reference-accessdate\">. Retrieved&nbsp;<span class=\"nowrap\">27 December</span>2012</span>.</cite></span></li>\n<li id=\"cite_note-22\"><span class=\"mw-cite-backlink\"><strong>^</strong></span>&nbsp;<span class=\"reference-text\"><cite id=\"CITEREF5th_Raider2001\" class=\"citation web cs1\">5th Raider (19 July 2001).&nbsp;\"Thunderdome II&nbsp;: Back From Hell! Review\".&nbsp;<em>gabber.no.sapo.pt</em>. Archived from&nbsp;the original&nbsp;on 10 March 2016<span class=\"reference-accessdate\">. Retrieved&nbsp;<span class=\"nowrap\">27 December</span>&nbsp;2012</span>.</cite></span></li>\n<li id=\"cite_note-23\"><span class=\"mw-cite-backlink\"><strong>^</strong></span>&nbsp;<span class=\"reference-text\"><cite id=\"CITEREF5th_Raider2001\" class=\"citation web cs1\">5th Raider (30 July 2001).&nbsp;\"Thunderdome III&nbsp;: The Nightmare Is Back Review\".&nbsp;<em>gabber.no.sapo.pt</em>. Archived from&nbsp;the original&nbsp;on 10 March 2016<span class=\"reference-accessdate\">. Retrieved&nbsp;<span class=\"nowrap\">27 December</span>&nbsp;2012</span>.</cite></span></li>\n<li id=\"cite_note-24\"><span class=\"mw-cite-backlink\"><strong>^</strong></span>&nbsp;<span class=\"reference-text\"><cite id=\"CITEREF5th_Raider2007\" class=\"citation web cs1\">5th Raider (22 August 2007).&nbsp;\"Thunderdome IV&nbsp;: The Devil's Last Wish Review\".&nbsp;<em>gabber.no.sapo.pt</em>. Archived from&nbsp;the original&nbsp;on 10 March 2016<span class=\"reference-accessdate\">. Retrieved&nbsp;<span class=\"nowrap\">27 December</span>&nbsp;2012</span>.</cite></span></li>\n<li id=\"cite_note-25\"><span class=\"mw-cite-backlink\"><strong>^</strong></span>&nbsp;<span class=\"reference-text\"><cite class=\"citation book cs1\"><em>British and American hit singles: 51 years of transatlantic hits</em>. p.&nbsp;2071.</cite></span></li>\n<li id=\"cite_note-26\"><span class=\"mw-cite-backlink\"><strong>^</strong></span>&nbsp;<span class=\"reference-text\"><cite class=\"citation web cs1\">\"Banana-Na-Na\"<span class=\"reference-accessdate\">. Retrieved&nbsp;<span class=\"nowrap\">27 January</span>&nbsp;2013</span>.</cite></span></li>\n<li id=\"cite_note-27\"><span class=\"mw-cite-backlink\"><strong>^</strong></span>&nbsp;<span class=\"reference-text\"><cite class=\"citation web cs1\">\"Gold-/Platin-Datenbank (Technohead - I Wanna Be a Hippy)\".&nbsp;<em>Musikindustrie.de</em>&nbsp;(in German)<span class=\"reference-accessdate\">. Retrieved&nbsp;<span class=\"nowrap\">17 January</span>&nbsp;2013</span>.</cite></span></li>\n<li id=\"cite_note-28\"><span class=\"mw-cite-backlink\"><strong>^</strong></span>&nbsp;<span class=\"reference-text\"><cite class=\"citation web cs1\">\"Daniel Leeflang Bio\".&nbsp;<em>Mokum Records</em><span class=\"reference-accessdate\">. Retrieved&nbsp;<span class=\"nowrap\">11 January</span>2013</span>.&nbsp;<q><span lang=\"en\" title=\"English-language text\">[...] and \"I wanna be a hippy\" which gave him a gold record for 25,000 copies sold in Germany only.</span></q></cite></span></li>\n<li id=\"cite_note-brown-29\"><span class=\"mw-cite-backlink\"><strong>^</strong></span>&nbsp;<span class=\"reference-text\"><cite id=\"CITEREFWyburn,_Claire1996\" class=\"citation journal cs1\">Wyburn, Claire (April 1996). \"Scott Brown: The King of Scottish Hardcore\".&nbsp;<em>M8</em>&nbsp;(85): 10&ndash;11.</cite></span></li>\n<li id=\"cite_note-30\"><span class=\"mw-cite-backlink\"><strong>^</strong></span>&nbsp;<span class=\"reference-text\"><cite class=\"citation book cs1\"><em>Des pratiques artistiques des jeunes</em>&nbsp;(in French). 2003. p.&nbsp;43.</cite></span></li>\n<li id=\"cite_note-31\"><span class=\"mw-cite-backlink\"><strong>^</strong></span>&nbsp;<span class=\"reference-text\"><cite id=\"CITEREFSt&eacute;phane_Hampartzoumian2004\" class=\"citation book cs1\">St&eacute;phane Hampartzoumian (2004).&nbsp;<em>Effervescence techno: Ou la communaut&eacute; trans(e)cendantale</em>&nbsp;(in French). p.&nbsp;153.</cite></span></li>\n<li id=\"cite_note-32\"><span class=\"mw-cite-backlink\"><strong>^</strong></span>&nbsp;<span class=\"reference-text\"><cite id=\"CITEREFMorgan_Jouvenet2006\" class=\"citation book cs1\">Morgan Jouvenet (2006).&nbsp;<em>Rap, techno, &eacute;lectro...: Le musicien entre travail artistique et son organisation</em>&nbsp;(in French). pp.&nbsp;137&ndash;138.</cite></span></li>\n<li id=\"cite_note-Insomniac.com-33\"><span class=\"mw-cite-backlink\"><strong>^</strong></span>&nbsp;<span class=\"reference-text\"><cite class=\"citation web cs1\">\"Angerfist: The Masked Marauder of Hardcore\"<span class=\"reference-accessdate\">. Retrieved&nbsp;<span class=\"nowrap\">18 March</span>&nbsp;2020</span>.</cite></span></li>\n<li id=\"cite_note-EDM.com-34\"><span class=\"mw-cite-backlink\"><strong>^</strong></span>&nbsp;<span class=\"reference-text\"><cite class=\"citation web cs1\">\"Life Is Suffering And Sefa Is Going To The Top\"<span class=\"reference-accessdate\">. Retrieved&nbsp;<span class=\"nowrap\">18 March</span>&nbsp;2020</span>.</cite></span></li>\n<li id=\"cite_note-hardcorenews.nl-35\"><span class=\"mw-cite-backlink\"><strong>^</strong></span>&nbsp;<span class=\"reference-text\"><cite class=\"citation web cs1\">\"LIL TEXAS' AMERICAN HARDCORE HAS BEEN ADDED TO THE SNAKEPIT LINE-UP:\"<span class=\"reference-accessdate\">. Retrieved&nbsp;<span class=\"nowrap\">18 March</span>&nbsp;2020</span>.</cite></span></li>\n<li id=\"cite_note-livetracklist.com-36\"><span class=\"mw-cite-backlink\"><strong>^</strong></span>&nbsp;<span class=\"reference-text\"><cite class=\"citation web cs1\">\"Headhunterz @ SLAM! MixMarathon XXL - ADE 2018\"<span class=\"reference-accessdate\">. Retrieved&nbsp;<span class=\"nowrap\">18 March</span>&nbsp;2020</span>.</cite></span></li>\n<li id=\"cite_note-residentadvisor-37\"><span class=\"mw-cite-backlink\"><strong>^</strong></span>&nbsp;<span class=\"reference-text\"><cite class=\"citation web cs1\">\"Thunderdome: 25 years of hardcore\"<span class=\"reference-accessdate\">. Retrieved&nbsp;<span class=\"nowrap\">18 March</span>2020</span>.</cite></span></li>\n<li id=\"cite_note-mastersofhardcore.nl-38\"><span class=\"mw-cite-backlink\"><strong>^</strong></span>&nbsp;<span class=\"reference-text\"><cite class=\"citation web cs1\">\"Masters of Hardcore Spain 2019\"<span class=\"reference-accessdate\">. Retrieved&nbsp;<span class=\"nowrap\">18 March</span>&nbsp;2020</span>.</cite></span></li>\n<li id=\"cite_note-partyflock.nl-39\"><span class=\"mw-cite-backlink\"><strong>^</strong></span>&nbsp;<span class=\"reference-text\"><cite class=\"citation web cs1\">\"Masters of Hardcore Russia\"<span class=\"reference-accessdate\">. Retrieved&nbsp;<span class=\"nowrap\">18 March</span>&nbsp;2020</span>.</cite></span></li>\n<li id=\"cite_note-artofdance.nl-40\"><span class=\"mw-cite-backlink\"><strong>^</strong></span>&nbsp;<span class=\"reference-text\"><cite class=\"citation web cs1\">\"Masters of Hardcore Austria 2018\"<span class=\"reference-accessdate\">. Retrieved&nbsp;<span class=\"nowrap\">18 March</span>&nbsp;2020</span>.</cite></span></li>\n<li id=\"cite_note-mastersofhardcore.com-41\"><span class=\"mw-cite-backlink\"><strong>^</strong></span>&nbsp;<span class=\"reference-text\"><cite class=\"citation web cs1\">\"Masters of Hardcore Switzerland 2019\"<span class=\"reference-accessdate\">. Retrieved&nbsp;<span class=\"nowrap\">18 March</span>2020</span>.</cite></span></li>\n<li id=\"cite_note-festivaly.eu-42\"><span class=\"mw-cite-backlink\"><strong>^</strong></span>&nbsp;<span class=\"reference-text\"><cite class=\"citation web cs1\">\"X-massacre 2018\"<span class=\"reference-accessdate\">. Retrieved&nbsp;<span class=\"nowrap\">18 March</span>&nbsp;2020</span>.</cite></span></li>\n</ol>\n</div>",
 "remarks": "本词条汉字内容由 @多频百科团队 翻译+编辑\n原文译自 https://en.wikipedia.org/wiki/Hardcore_(electronic_dance_music_genre)",
 "remarksEn": "本词条内容来自 https://en.wikipedia.org/wiki/Hardcore_(electronic_dance_music_genre)",
 "status": 1,
 "clickNum": 441,
 "deleted": 0,
 "lang": 0,
 "chooseLang": true,
 "id": 15,
 "name": "Hardcore",
 "descriptions": "Hardcore（又称Hardcore Techno）是电子舞曲的一个子流派，1990年代起源于英国、荷兰和德国。它的特点是较快的节奏（160-200 BPM或更高）、失真的锯齿底鼓Kick音色和高密度的Kick编排、合成器低音（在某些子流派中），音乐主题的氛围有时是凶猛剧烈的，在饱和度和实验性的使用上接近工业舞曲。Hardcore还催生了诸如gabber之类的子流派。",
 "originalName": "硬核",
 "startTimeText": "Late 1980s – early 1990s",
 "startAddress": "Netherlands (Rotterdam), Belgium, Germany (Frankfurt)",
 "searchStyle": "Hardcore",
 "styleCategory": "Electronic Dance Music",
 "originalStyle": "Techno, acid house, new beat, EBM, industrial, Breakbeat hardcore",
 "affectStyle": "Digital hardcore, breakcore, jumpstyle, hardstyle, nightcore, dubstyle, moombahcore, metalstep",
 "deriveStyle": "Gabber (early hardcore - mainstream hardcore)\r\n, Mákina, industrial hardcore, breakcore, speedcore, frenchcore",
 "representArtist": "",
 "officialUrl": "https://en.wikipedia.org/wiki/Hardcore_(electronic_dance_music_genre)",
 "typeId": 13,
 "typeName": "风格",
 "dataId": 15,
 "url": "http://dropinapp.hearinmusic.com/#/ency?typeId=13&dataId=15"
}