{
 "pageNum": 1,
 "pageSize": 10,
 "params": {},
 "relationChannel": "[{\"id\":1138,\"parentId\":8,\"name\":\"Hard NRG\"}]",
 "content": "<div>\n<div class=\"document\">\n<p>Hard NRG（NRG, Nu NRG, Filthy Hard House, Filth）是一种电子舞曲类型，在结构编排上与UK Hard House相似。主要区别在于两者的音乐/主题内容。UK Hard House有令人振奋，充满乐趣和坚韧的元素，而NRG则是不祥、黑暗、咄咄逼人和无情的元素，苦恼、凶险和粗糙的声音，BPM（平均155-165）比UK Hard House（平均150-155）稍快。</p>\n<p>&nbsp;</p>\n<p>关于这类音乐发行的场景，许多厂牌已经从纯粹的黑胶唱片发行转向CD单一发行和数字下载。生产该流派的厂牌包括Vicious Circle，Flashpoint，Tidy Trax，Kaktai，Tonka Trax，Tinrib Digital，Noir Records和Noir Digital。</p>\n<p>&nbsp;</p>\n<p class=\"paragraph text-align-type-left pap-line-1.8 pap-line-rule-auto pap-spacing-before-0pt pap-spacing-after-0pt\"><strong>历史 </strong></p>\n<p class=\"paragraph text-align-type-left pap-line-1.8 pap-line-rule-auto pap-spacing-before-0pt pap-spacing-after-0pt\"><span style=\"text-decoration: underline;\">1980年代-1990年代初：根植于UK Hard House和欧洲Techno</span></p>\n<p class=\"paragraph text-align-type-left pap-line-1.8 pap-line-rule-auto pap-spacing-before-0pt pap-spacing-after-0pt\">1980年代末的酸性浩室是舞曲中 \"快乐\"（玩乐/趣味）的一面，由意大利Piano House（1990年代初的Italo Disco/Hi-NRG）所代表，并开始发展成自己的一个场景。在整个90年代前半期，House音乐继续蓬勃发展，它更接近于80年代的灵魂音乐，受迪斯科影响的舞曲。到了90年代中期，Uplifting House音乐大量涌现，英国的制作人如The Sharp Boys对这种声音做出了自己的诠释。它们稍微提高了BPM，将迪斯科采样切成循环的小Loop，加入了大量的过滤器，创造出了纯粹为舞池而打造的音乐。这是UK Hard House音乐起源的基础。在当时，它是英国同性恋现场的专属音乐，一度被称为 \"Hand Bag House \"或 \"Hard Bag\"。</p>\n<p class=\"paragraph text-align-type-left pap-line-1.8 pap-line-rule-auto pap-spacing-before-0pt pap-spacing-after-0pt\">&nbsp;</p>\n<p class=\"paragraph text-align-type-left pap-line-1.8 pap-line-rule-auto pap-spacing-before-0pt pap-spacing-after-0pt\">Hard House作为一种风格在早期被Paul Janes、The Tidy Boys、Pete Wardman、Steve Thomas、Ian M、Alan Thompson、Captain Tinrib、DJ Ziad和Tony De Vit等制作人播放，上述一些名字在俱乐部 \"Trade \"中扮演了重要角色，该俱乐部被广泛认为是UK Hard House的故乡和发源地，而Tony De Vit则是UK Hard House的 \"教父\"。</p>\n<p class=\"paragraph text-align-type-left pap-line-1.8 pap-line-rule-auto pap-spacing-before-0pt pap-spacing-after-0pt\">&nbsp;</p>\n<p class=\"paragraph text-align-type-left pap-line-1.8 pap-line-rule-auto pap-spacing-before-0pt pap-spacing-after-0pt\">在90年代初，像Joey Beltram这样的制作人将美国Techno的声音移植到比利时，并加入了他们自己的风格。这种新品牌的Techno比之前的任何东西都要黑暗、坚硬，而且一般来说质感更加肮脏。从美国底特律兴起的Techno有一种看似矛盾的特质，那就是既反应灵魂乐的内容，又是100%的电子乐。比利时的Techno音乐把这种灵魂元素撕裂了，取而代之的是更加邪恶的东西。正是这种音乐风格催生了 \"Hoover \"的声音，一种由Roland Alpha Juno 2合成器产生的粗犷的声音，因为它与吸尘器发出的声音非常相似，所以被称为 \"Hoover\"。</p>\n<p class=\"paragraph text-align-type-left pap-line-1.8 pap-line-rule-auto pap-spacing-before-0pt pap-spacing-after-0pt\">&nbsp;</p>\n<p class=\"paragraph text-align-type-left pap-line-1.8 pap-line-rule-auto pap-spacing-before-0pt pap-spacing-after-0pt\"><span style=\"text-decoration: underline;\">1990年代后期-2000年代：从nu-NRG到Hard NRG</span></p>\n<p class=\"paragraph text-align-type-left pap-line-1.8 pap-line-rule-auto pap-spacing-before-0pt pap-spacing-after-0pt\">到1996-97年，UK Hard House不断涌现，他们抛弃了有趣和令人振奋的部分，加入了 \"Hoover \"和其他粗犷、凶险的元素，节奏比传统的Hard House略高，因此，当Blu Peter在杂志采访中创造了这个词时，这种风格实际上被称为 \"Nu-NRG\"。Doug Osbourne（Sourmash/Razor's Edge/Illuminatae）、Gordon Matthewman（DJ Edge/Illuminatae）、Jon Bell（Captain Tinrib）、Jon Vaughan（Jon The Dentist/Hyperspace）、John Truelove（Lectrolux）。Quentin Franglen (Baby Doc/Hyperspace)、Owen Swinard和Dom Sweeten (OD404)、Paul King、John Newell (RR Fierce)、Ben Keen (BK)和Nick Sentience都对这种声音的形成起到了重要的作用。在英国以外，DJ Misjah（Dyewitness）、Ramon Zenker（E-Trax/Phenomania/Exit EEE）、Yoji Biomehanika、Commander Tom、Nuclear Hyde等制作人都时常涉足这个声音。</p>\n<p class=\"paragraph text-align-type-left pap-line-1.8 pap-line-rule-auto pap-spacing-before-0pt pap-spacing-after-0pt\">&nbsp;</p>\n<p class=\"paragraph text-align-type-left pap-line-1.8 pap-line-rule-auto pap-spacing-before-0pt pap-spacing-after-0pt\">20世纪90年代末到21世纪初，NRG的声音开始变得比Nu-NRG更激烈、更黑暗、更严肃，NRG的规模进一步扩大。DJ Kristian于是创造了 \"Hard NRG \"这个词，而Jon Bell（Captain Tinrib/Dr. Base/Fierce Base）、John Newell（RR Fierce/Rim 'N Chop/Fierce Base）、Karim Lamouri（Karim/Rim 'N Chop）、Chris Payne（Casper）和Barmak Hatamian（The Alien Thing/Max and Amino）对Hard NRG的发展起到了重要作用。</p>\n<p class=\"paragraph text-align-type-left pap-line-1.8 pap-line-rule-auto pap-spacing-before-0pt pap-spacing-after-0pt\">&nbsp;</p>\n<p class=\"paragraph text-align-type-left pap-line-1.8 pap-line-rule-auto pap-spacing-before-0pt pap-spacing-after-0pt\"><span style=\"text-decoration: underline;\">2010年代至今</span></p>\n<p class=\"paragraph text-align-type-left pap-line-1.8 pap-line-rule-auto pap-spacing-before-0pt pap-spacing-after-0pt\">目前，Nu-NRG和Hard NRG在整个现场被简单地称为NRG，因为这两种风格之间已经变得非常难以区分。</p>\n</div>\n</div>",
 "contentEn": "<p><strong>Hard NRG</strong>,<sup id=\"cite_ref-ishkur_1-1\" class=\"reference\">[1]</sup>&nbsp;<strong>NRG</strong>,<sup id=\"cite_ref-ishkur_1-2\" class=\"reference\">[1]</sup>&nbsp;<strong>Nu NRG</strong>,&nbsp;<strong>filthy hard house</strong>, or more recently just&nbsp;<strong>filth</strong>, is an electronic dance music genre similar in structure (with regard to sequencing and programming) to&nbsp;UK hard house. The main difference is in the musical/thematic content of each style.</p>\n<p>&nbsp;</p>\n<p>Where UK hard house has uplifting, playfully fun and tough elements, NRG is ominous, dark, aggressive and relentless with its distressed, menacing and gritty sounds on a slightly faster&nbsp;BPM&nbsp;(155&ndash;165 average) than UK hard house (150&ndash;155 average).</p>\n<p>&nbsp;</p>\n<p>In regard to the mechanics of the scene, many of the labels have made a shift from purely vinyl releases to CD single releases and digital downloads.</p>\n<p>&nbsp;</p>\n<p>Record labels which produce the genre include Vicious Circle, Flashpoint, Tidy Trax, Kaktai, Tonka Trax, Tinrib Digital, Noir Records and Noir Digital.<sup id=\"cite_ref-2\" class=\"reference\">[2]</sup></p>\n<h2>&nbsp;</h2>\n<h2><span id=\"History\" class=\"mw-headline\">History</span></h2>\n<h3><span id=\"1980s.E2.80.93early_1990s_:_Roots_in_UK_hard_house_and_EU_techno\"></span><span id=\"1980s&ndash;early_1990s_:_Roots_in_UK_hard_house_and_EU_techno\" class=\"mw-headline\">1980s&ndash;early 1990s&nbsp;: Roots in UK hard house and EU techno</span></h3>\n<p>Acid house&nbsp;of the late 1980s was the 'happier' (playful/fun) side of dance music exemplified by Italian piano-house (Italo disco/Hi-NRG&nbsp;of the early 1990s) and this began to progress into a scene of its own. Throughout the first half of the 1990s,&nbsp;house music&nbsp;which was more akin to the soulful,&nbsp;disco&nbsp;influenced dance music of the 1980s, continued to flourish. By the mid 1990s, uplifting house music in this vein was in abundance and producers in the UK such as The Sharp Boys were providing their own interpretation of the sound. They upped the BPMs a little, chopped up the disco&nbsp;samples&nbsp;into bite size&nbsp;loops, chucked a load of&nbsp;filters&nbsp;in and created music that was pure dance floor business. This was the sound that provided the basis for the origins of UK hard house. At the time, it was exclusive to the gay scene in the UK and for a while known as \"Hand Bag House\" or \"Hard Bag\". Hard house as a style was epitomized in the early days by producers such as Paul Janes, The Tidy Boys, Pete Wardman, Steve Thomas, Ian M, Alan Thompson, Captain Tinrib, DJ Ziad and Tony De Vit. Some of the above-mentioned names were heavily involved in the club night 'Trade', which is widely regarded as the home and birthplace of UK hard house with&nbsp;Tony De Vit&nbsp;as the 'godfather' of UK hard house.</p>\n<p>&nbsp;</p>\n<p>In the early 1990s, producers like&nbsp;Joey Beltram&nbsp;had transposed the sound of&nbsp;U.S.&nbsp;techno&nbsp;to&nbsp;Belgium, and added their own twist to it. This new brand of techno was darker, harder, and generally nastier than anything that had preceded it. The techno that had emerged from&nbsp;Detroit&nbsp;in the US had the seemingly paradoxical quality of somehow being soulful while at the same time being 100% electronic. The Belgian techno sound ripped out this soul, and replaced it with something altogether more sinister. It was this style of music that gave birth to the sound of the \"Hoover\", a gritty sound produced by the&nbsp;Roland&nbsp;Alpha Juno 2&nbsp;synthesizer&nbsp;and so called because of its apparent similarity to the noises made by&nbsp;vacuum cleaners.</p>\n<h3>&nbsp;</h3>\n<h3><span id=\"Late_1990s.E2.80.932000s:_From_nu-NRG_to_Hard_NRG\"></span><span id=\"Late_1990s&ndash;2000s:_From_nu-NRG_to_Hard_NRG\" class=\"mw-headline\">Late 1990s&ndash;2000s: From nu-NRG to Hard NRG</span></h3>\n<p>By 1996&ndash;97, there was a steady flow of UK based hard house that threw away the fun and uplifting parts to incorporate the \"Hoover\" and other gritty, menacing sounding elements at a slightly higher tempo than the conventional hard house and thus, the style effectively became known as \"Nu-NRG\" when&nbsp;Blu Peter&nbsp;coined the phrase in a magazine interview. Doug Osbourne (Sourmash/Razor's Edge/Illuminatae), Gordon Matthewman (DJ Edge/Illuminatae), Jon Bell (Captain Tinrib), Jon Vaughan (Jon The Dentist/Hyperspace), John Truelove (Lectrolux), Quentin Franglen (Baby Doc/Hyperspace), Owen Swinard and Dom Sweeten (OD404), Paul King, John Newell (RR Fierce), Ben Keen (BK) and Nick Sentience all had a heavy hand in shaping this sound in the UK specifically. Outside the UK, producers such as DJ Misjah (Dyewitness), Ramon Zenker (E-Trax/Phenomania/Exit EEE),&nbsp;Yoji Biomehanika, Commander Tom, Nuclear Hyde etc., all dabbled with the sound from time to time.</p>\n<p>&nbsp;</p>\n<p>The late 1990s and early 2000s saw NRG expand a little further when the sound became even fiercer, darker and much more serious than Nu-NRG. DJ Kristian then coined the phrase \"Hard NRG\" while Jon Bell (Captain Tinrib/Dr. Base/Fierce Base), John Newell (RR Fierce/Rim 'N Chop/Fierce Base), Karim Lamouri (Karim/Rim 'N Chop) Chris Payne (Casper) and Barmak Hatamian (The Alien Thing/Max and Amino) were instrumental in the development of Hard NRG.</p>\n<h3>&nbsp;</h3>\n<h3><span id=\"2010s.E2.80.93present\"></span><span id=\"2010s&ndash;present\" class=\"mw-headline\">2010s&ndash;present</span></h3>\n<p>At present, Nu-NRG and Hard NRG is known simply as NRG throughout the scene, as it has become extremely difficult to draw a line of distinction between the two styles.</p>\n<h2>&nbsp;</h2>\n<h2><span id=\"References\" class=\"mw-headline\">References</span></h2>\n<div class=\"reflist\">\n<div class=\"mw-references-wrap\">\n<ol class=\"references\">\n<li id=\"cite_note-ishkur-1\"><span class=\"mw-cite-backlink\">^&nbsp;<span class=\"cite-accessibility-label\">Jump up to:</span><sup><em><strong>a</strong></em></sup>&nbsp;<sup><em><strong>b</strong></em></sup>&nbsp;<sup><em><strong>c</strong></em></sup></span>&nbsp;<span class=\"reference-text\"><cite id=\"CITEREFIshkur2005\" class=\"citation web cs1\">Ishkur (2005).&nbsp;\"Ishkur's guide to Electronic Music\"<span class=\"reference-accessdate\">. Retrieved&nbsp;<span class=\"nowrap\">September 6,</span>&nbsp;2014</span>.</cite></span></li>\n</ol>\n</div>\n</div>",
 "remarks": "本词条汉字内容由 @多频百科团队 翻译+编辑\n原文译自 https://en.wikipedia.org/wiki/Hard_NRG",
 "remarksEn": "本词条内容来自 https://en.wikipedia.org/wiki/Hard_NRG",
 "status": 1,
 "clickNum": 14,
 "deleted": 0,
 "lang": 0,
 "chooseLang": true,
 "id": 89,
 "name": "Hard NRG",
 "descriptions": "Hard NRG（NRG, Nu NRG, Filthy Hard House, Filth）是一种电子舞曲类型，在结构编排上与UK Hard House相似。主要区别在于两者的音乐/主题内容。UK Hard House有令人振奋，充满乐趣和坚韧的元素，而NRG则是不祥、黑暗、咄咄逼人和无情的元素，苦恼、凶险和粗糙的声音，BPM（平均155-165）比UK Hard House（平均150-155）稍快。",
 "originalName": "NRG, Nu NRG, Filthy Hard House, Filth",
 "startTimeText": "Late 1990s",
 "startAddress": "United Kingdom",
 "searchStyle": "House",
 "styleCategory": "UK Hard House",
 "originalStyle": "Hi-NRG, Techno, UK hard house, hardcore",
 "affectStyle": "",
 "deriveStyle": "",
 "representArtist": "",
 "represetnBrand": "Vicious Circle, Flashpoint, Tidy Trax, Kaktai, Tonka Trax, Tinrib Digital, Noir Records, Noir Digital",
 "officialUrl": "https://en.wikipedia.org/wiki/Hard_NRG",
 "typeId": 13,
 "typeName": "风格",
 "dataId": 89,
 "url": "http://dropinapp.hearinmusic.com/#/ency?typeId=13&dataId=89"
}