{
 "pageNum": 1,
 "pageSize": 10,
 "params": {},
 "relationChannel": "[{\"id\":1283,\"parentId\":8,\"name\":\"Harsh Noise Wall\"}]",
 "content": "<p>Harsh noise wall，也称为wall noise或static noise，是noise music的一种极端子流派，被描述为&ldquo;一堵完全一致的、毫不畏缩的、由单一噪声构成的包围墙&rdquo;。该运动由法国音乐家Vomir率先提出，他的审美是&ldquo;没有思想，没有变化，没有发展，没有娱乐，没有悔恨&rdquo;。</p>\n<p>&nbsp;</p>\n<div>\n<div class=\"document\">\n<p class=\"paragraph text-align-type-left pap-line-1.8 pap-line-rule-auto pap-spacing-before-2pt pap-spacing-after-2pt\">Harsh noise wall具有将噪音分层在一起以形成静态声音的功能。Harsh noise wall音乐家Sam MacKinley，也被称为The Rita，将该类型视为&ldquo;将Japanese harsh noise净化为更加精致的紧缩形式，从而用缓慢移动的形式使得简约纹理中的失真音质得以结晶。&rdquo;</p>\n<p class=\"paragraph text-align-type-left pap-line-1.8 pap-line-rule-auto pap-spacing-before-2pt pap-spacing-after-2pt\">&nbsp;</p>\n<p class=\"paragraph text-align-type-left pap-line-1.8 pap-line-rule-auto pap-spacing-before-2pt pap-spacing-after-2pt\">尽管大部分情况都停留在地下，但Harsh noise wall却在狂热的追随者中引起了强烈的反响。 Vomir在Les InstantsChavir&eacute;s，Montreuil，Seine-Saint-Denis由Vomir组织了一系列针对该类型的活动，命名为&ldquo;Harsh Noise Wall Festival&rdquo;，来宾包括著名的音乐家，如Werewolf Jerusalem，TheNightProduct，Black Leather Jesus和Tissa Mawartyassari。</p>\n</div>\n</div>",
 "contentEn": "<div>\n<div class=\"document\">\n<p class=\"paragraph text-align-type-left pap-line-1.8 pap-line-rule-auto pap-spacing-before-2pt pap-spacing-after-2pt\">Harsh noise wall, also known as wall noise or static noise, is an extreme subgenre of noise music, described as \"a literal consistent, unflinching and enveloping wall of monolithic noise.\" The movement is spearheaded by French musician Vomir, who described his aesthetic as \"no ideas, no change, no development, no entertainment, no remorse\".</p>\n<p class=\"paragraph text-align-type-left pap-line-1.8 pap-line-rule-auto pap-spacing-before-2pt pap-spacing-after-2pt\">&nbsp;</p>\n<p class=\"paragraph text-align-type-left pap-line-1.8 pap-line-rule-auto pap-spacing-before-2pt pap-spacing-after-2pt\">Harsh noise wall features noises layered together to form a static sound. Harsh noise wall musician Sam MacKinley, also known as The Rita, considered the genre as \"the purification of the Japanese harsh noise scene into a more refined crunch, which crystallizes the tonal qualities of distortion in a slow moving minimalistic texture.\"</p>\n<p class=\"paragraph text-align-type-left pap-line-1.8 pap-line-rule-auto pap-spacing-before-2pt pap-spacing-after-2pt\">&nbsp;</p>\n<p class=\"paragraph text-align-type-left pap-line-1.8 pap-line-rule-auto pap-spacing-before-2pt pap-spacing-after-2pt\">Despite largely staying underground, harsh noise wall has enjoyed a cult following among the noise music scene. A series of events dedicated to the genre, named as Harsh Noise Wall Festival, is organized at Les Instants Chavir&eacute;s, Montreuil, Seine-Saint-Denis by Vomir, with guests involving prominent musicians such as Werewolf Jerusalem, TheNightProduct, Black Leather Jesus and Tissa Mawartyassari.</p>\n<p class=\"paragraph text-align-type-left pap-line-1.8 pap-line-rule-auto pap-spacing-before-2pt pap-spacing-after-2pt\">&nbsp;</p>\n<p class=\"paragraph text-align-type-left pap-line-1.8 pap-line-rule-auto pap-spacing-before-2pt pap-spacing-after-2pt\">&nbsp;</p>\n</div>\n</div>",
 "remarks": "本词条汉字内容由 @多频百科团队 翻译+编辑\n原文译自https://en.wikipedia.org/wiki/Harsh_noise_wall",
 "remarksEn": "本词条内容来自 https://en.wikipedia.org/wiki/Harsh_noise_wall",
 "status": 1,
 "clickNum": 13,
 "deleted": 0,
 "lang": 0,
 "chooseLang": true,
 "id": 253,
 "name": "Harsh Noise Wall",
 "descriptions": "Harsh noise wall，也称为wall noise或static noise，是noise music的一种极端子流派",
 "originalName": "",
 "startTimeText": "Early 2000s",
 "startAddress": "",
 "searchStyle": "Noise music",
 "styleCategory": "Harsh Noise",
 "originalStyle": "Noise music",
 "affectStyle": "",
 "deriveStyle": "",
 "representArtist": "",
 "officialUrl": "https://en.wikipedia.org/wiki/Harsh_noise_wall",
 "typeId": 13,
 "typeName": "风格",
 "dataId": 253,
 "url": "http://dropinapp.hearinmusic.com/#/ency?typeId=13&dataId=253"
}