{
 "pageNum": 1,
 "pageSize": 10,
 "params": {},
 "relationChannel": "[{\"id\":1416,\"parentId\":8,\"name\":\"Heaven Trap\"}]",
 "content": "<p>Heaven Trap是Trap音乐的分支，在Trap音乐节奏型、鼓组和强劲808低音部分的基础上，加入较强混响的合成器旋律，使之增添了空灵、唯美、大气的听感。Heaven Trap融合了Trap，Future Bass，Trance等风格的音乐特色，目前更多被认为是一种风格标签，代表艺人包括RL Grimes, SLANDER等。</p>",
 "remarks": "本词条汉字内容由 @多频百科团队 编辑",
 "remarksEn": "本词条内容暂未完善仅供参考，多频百科小编正在火速赶来",
 "status": 1,
 "clickNum": 55,
 "deleted": 0,
 "lang": 0,
 "chooseLang": false,
 "id": 159,
 "name": "Heaven Trap",
 "descriptions": "Heaven Trap是Trap音乐的分支，在Trap音乐节奏型、鼓组和强劲808低音部分的基础上，加入较强混响的合成器旋律，使之增添了空灵、唯美、大气的听感。Heaven Trap融合了Trap，Future Bass，Trance等风格的音乐特色，目前更多被认为是一种风格标签，代表艺人包括RL Grimes, SLANDER等。\n",
 "originalName": "",
 "startTimeText": "",
 "startAddress": "",
 "searchStyle": "Trap, Future Bass",
 "styleCategory": "Trap",
 "originalStyle": "Trap, Future Bass, Trance",
 "affectStyle": "",
 "deriveStyle": "",
 "representArtist": "RL Grimes, SLANDER",
 "officialUrl": "",
 "typeId": 13,
 "typeName": "风格",
 "dataId": 159,
 "url": "http://dropinapp.hearinmusic.com/#/ency?typeId=13&dataId=159"
}