{
 "pageNum": 1,
 "pageSize": 10,
 "params": {},
 "relationChannel": "[{\"id\":1126,\"parentId\":8,\"name\":\"Hip House\"}]",
 "content": "<div class=\"document\">\n<p class=\"paragraph text-align-type-left pap-line-1.8 pap-line-rule-auto pap-spacing-before-0pt pap-spacing-after-0pt\">Hip House，又称说唱浩室或浩室说唱，是一种混合了House音乐和Hip Hop元素的音乐类型，20世纪80年代中后期起源于英国伦敦和美国芝加哥。</p>\n<p class=\"paragraph text-align-type-left pap-line-1.8 pap-line-rule-auto pap-spacing-before-0pt pap-spacing-after-0pt\">&nbsp;</p>\n<p class=\"paragraph text-align-type-left pap-line-1.8 pap-line-rule-auto pap-spacing-before-0pt pap-spacing-after-0pt\"><strong>历史 </strong></p>\n<p class=\"paragraph text-align-type-left pap-line-1.8 pap-line-rule-auto pap-spacing-before-0pt pap-spacing-after-0pt\">1988年，Tyree在美国发行了一张名为 \"Turn Up the Bass \"的唱片，由Kool Rock Steady演唱，并宣称这是 \"第一张黑胶唱片中的hip house唱片\"，随后引起了不小的争议。Beatmasters对此提出质疑，指出 \"Rok da House \"最初是在1986年写成并压成黑胶唱片的。随后，他们又推出了由英国主持人Merlin演唱的 \"Who's in the House?\"，其中包含了 \"Beatmasters stand to attention, hip house is your invention \"和 \"Watch out Tyree, we come faster \"的歌词。随后，Fast Eddie \"Yo Yo Get Funky!\"、Rob Base和DJ E-Z Rock \"It Takes Two \"以及Tony Scott \"That's How I'm Living \"等人也为Hip-House冠冕立下汗马功劳。</p>\n<p class=\"paragraph text-align-type-left pap-line-1.8 pap-line-rule-auto pap-spacing-before-0pt pap-spacing-after-0pt\">&nbsp;</p>\n<p class=\"paragraph text-align-type-left pap-line-1.8 pap-line-rule-auto pap-spacing-before-0pt pap-spacing-after-0pt\">在Beatmasters、Deskee、Tyree、KC Flightt、Doug Lazy和Mr.Lee成功发行之后，Hip-House在酸性浩室仓库场景和夜总会中开始流行。Hip House也获得了大量的榜单成功。这种风格与当时的采样唱片相辅相成，由S-Express、Bomb the Bass和M/A/R/R/S等艺术家制作。</p>\n<p class=\"paragraph text-align-type-left pap-line-1.8 pap-line-rule-auto pap-spacing-before-0pt pap-spacing-after-0pt\">&nbsp;</p>\n<p class=\"paragraph text-align-type-left pap-line-1.8 pap-line-rule-auto pap-spacing-before-0pt pap-spacing-after-0pt\">Hip House的进一步成功是以两张突破性唱片的形式出现的。丛林兄弟的 \"I'll House You \"和Rob Base和DJ E-Z Rock的 \"It Takes Two\"。\"I'll House You \"一般被看作是纽约市house-music制作人Todd Terry和Jungle Brothers（一个来自纽约的非裔嘻哈团体）的合作。\"It Takes Two \"被《Hip Hop Connection》杂志描述为\"......硬核嘻哈迷的第一种可接受的hip-house形式\"。</p>\n<p class=\"paragraph text-align-type-left pap-line-1.8 pap-line-rule-auto pap-spacing-before-0pt pap-spacing-after-0pt\">&nbsp;</p>\n<p class=\"paragraph text-align-type-left pap-line-1.8 pap-line-rule-auto pap-spacing-before-0pt pap-spacing-after-0pt\">嘻哈说唱歌手逐渐开始接受Hip House的混音处理，包括Vitamin C，Sweet Tee，Raze和D.O.C.</p>\n<p class=\"paragraph text-align-type-left pap-line-1.8 pap-line-rule-auto pap-spacing-before-0pt pap-spacing-after-0pt\">&nbsp;</p>\n<p class=\"paragraph text-align-type-left pap-line-1.8 pap-line-rule-auto pap-spacing-before-0pt pap-spacing-after-0pt\">Hip House歌曲也开始出现在流行的舞蹈汇编中，包括Telstar的Deep Heat汇编系列，并受到DJ如To Kool Chris和Chad Jackson的支持。</p>\n<p class=\"paragraph text-align-type-left pap-line-1.8 pap-line-rule-auto pap-spacing-before-0pt pap-spacing-after-0pt\">&nbsp;</p>\n<p class=\"paragraph text-align-type-left pap-line-1.8 pap-line-rule-auto pap-spacing-before-0pt pap-spacing-after-0pt\">到了80年代末，随着House音乐在世界范围内的兴起，美国的C+C Music Factory等乐队会在 \"Gonna Make You Sweat \"等歌曲中使用Hip House配方，同时也会在Eurodance风格中使用Hip House元素--尤其是比利时Technotronic、德国Snap！和意大利Lee Marrow的歌曲。</p>\n<p class=\"paragraph text-align-type-left pap-line-1.8 pap-line-rule-auto pap-spacing-before-0pt pap-spacing-after-0pt\">&nbsp;</p>\n<p class=\"paragraph text-align-type-left pap-line-1.8 pap-line-rule-auto pap-spacing-before-0pt pap-spacing-after-0pt\"><strong>对英国rave场景的影响</strong></p>\n<p class=\"paragraph text-align-type-left pap-line-1.8 pap-line-rule-auto pap-spacing-before-0pt pap-spacing-after-0pt\">英国艺术家发行的Hip house，如Double Trouble和Rebel MC，Blapps Posse和the Adventures of Stevie V，是对1990年代英国rave场景和breakbeat hardcore流派（以及由它发展而来的流派，如jungle）的早期影响。</p>\n<p class=\"paragraph text-align-type-left pap-line-1.8 pap-line-rule-auto pap-spacing-before-0pt pap-spacing-after-0pt\">&nbsp;</p>\n<p class=\"paragraph text-align-type-left pap-line-1.8 pap-line-rule-auto pap-spacing-before-0pt pap-spacing-after-0pt\"><strong>现代Hip House</strong></p>\n<p class=\"paragraph text-align-type-left pap-line-1.8 pap-line-rule-auto pap-spacing-before-0pt pap-spacing-after-0pt\">Hip House的现代形式在2000年中后期开始流行，许多艺术家在世界范围内获得了主流的成功。Electro和Hip House的融合（也被称为Electro Hop）被证明是非常流行的，并在2000年代末和2010年代初主导了排行榜。这些艺术家包括LMFAO，黑眼豆豆，Pitbull，Flo Rida，Far East Movement，Hyper Crush，the Streets，Example和Azealia Banks。其中包括Ti&euml;sto和Diplo与Busta Rhymes合作的 \"C'mon (Catch 'em by Surprise)\"，以及Wolfgang Gartner和will.i.am的 \"Forever\"。法国艺术家David Guetta有几首hip house歌曲，如与Kid Cudi合作的 \"Memories\"，与Flo Rida和Nicki Minaj合作的 \"Where Them Girls At\"，与LMFAO合作的 \"Gettin' Over You\"，与Taio Cruz和Ludacris合作的 \"Little Bad Girl\"。</p>\n</div>",
 "contentEn": "<p><strong>Hip house</strong>, also known as&nbsp;<strong>rap house</strong>&nbsp;or&nbsp;<strong>house rap</strong>, is a musical genre that mixes elements of&nbsp;house music&nbsp;and&nbsp;hip hop, that originated in both&nbsp;London, United Kingdom and&nbsp;Chicago, United States in the mid to late 1980s.</p>\n<p>&nbsp;</p>\n<h2><span id=\"History\" class=\"mw-headline\">History</span></h2>\n<p>Minor controversy ensued in 1988 when a U.S. record called \"Turn Up the Bass\" by&nbsp;Tyree&nbsp;featuring Kool Rock Steady claimed it was the \"first hip house record on vinyl\". The&nbsp;Beatmasters&nbsp;disputed this, pointing out that \"Rok da House\" had originally been written and pressed to vinyl in 1986.<sup id=\"cite_ref-1\" class=\"reference\">[1]</sup>&nbsp;The outfit then released \"Who&rsquo;s in the House?\" featuring British emcee Merlin, containing the lines \"Beatmasters stand to attention, hip house is your invention\" and \"Watch out Tyree, we come faster\". More claims to the hip-house crown were subsequently laid down by&nbsp;Fast Eddie&nbsp;\"Yo Yo Get Funky!\",&nbsp;Rob Base and DJ E-Z Rock&nbsp;\"It Takes Two\", and&nbsp;Tony Scott&nbsp;\"That's How I'm Living\".</p>\n<p>&nbsp;</p>\n<p>After successful releases by the&nbsp;Beatmasters,&nbsp;Deskee,&nbsp;Tyree, KC Flightt,&nbsp;Doug Lazy&nbsp;and&nbsp;Mr. Lee, hip-house became popular in the acid house warehouse scene and&nbsp;nightclubs. Hip house also garnered substantial chart success.<sup id=\"cite_ref-essay_2-0\" class=\"reference\">[2]</sup>&nbsp;The style complemented sample-based records of the period, produced by artists such as&nbsp;S-Express,&nbsp;Bomb the Bass&nbsp;and&nbsp;M/A/R/R/S.</p>\n<p>&nbsp;</p>\n<p>Hip house's further crossover success would come in the form of two ground breaking records: \"I'll House You\" by the&nbsp;Jungle Brothers&nbsp;and \"It Takes Two\" by&nbsp;Rob Base and DJ E-Z Rock. \"I'll House You\" is generally seen as a collaboration between&nbsp;New York City&nbsp;house-music producer&nbsp;Todd Terry&nbsp;and the Jungle Brothers (an Afrocentric hip-hop group from New York). \"It Takes Two\" was described by&nbsp;<em>Hip Hop Connection</em>&nbsp;magazine as \"...the first palatable form of hip-house for hardcore hip hop fans.\"<sup class=\"noprint Inline-Template Template-Fact\">[<em><span title=\"This claim needs references to reliable sources. (September 2020)\">citation needed</span></em>]</sup></p>\n<p>&nbsp;</p>\n<p>Hip hop rappers that would receive the hip house&nbsp;remix&nbsp;treatment included Vitamin C,&nbsp;Sweet Tee,&nbsp;Raze, and&nbsp;the D.O.C.</p>\n<p>&nbsp;</p>\n<p>Hip house tracks featured on popular dance compilations including&nbsp;Telstar's&nbsp;<em>Deep Heat</em>&nbsp;compilation series and was championed by DJs such as To Kool Chris and&nbsp;Chad Jackson.</p>\n<p>&nbsp;</p>\n<p>As house music emerged as a worldwide industry by the late 1980s, U.S. acts such as&nbsp;C+C Music Factory&nbsp;would use the hip house formula in hits such as \"Gonna Make You Sweat\", as well as the&nbsp;Eurodance&nbsp;genre - particularly with hits by the Belgian&nbsp;Technotronic, German&nbsp;Snap!, and Italian Lee Marrow.</p>\n<h2>&nbsp;</h2>\n<h2><span id=\"Influence_on_UK_rave_scene\" class=\"mw-headline\">Influence on UK rave scene</span></h2>\n<p>Late 1980s hip house releases by UK artists such as&nbsp;Double Trouble&nbsp;and&nbsp;Rebel MC, Blapps Posse and&nbsp;the Adventures of Stevie V&nbsp;were an early influence towards the early 1990s UK&nbsp;rave&nbsp;scene and the&nbsp;breakbeat hardcore&nbsp;genre (and genres that developed from it such as&nbsp;jungle).</p>\n<h2>&nbsp;</h2>\n<h2><span id=\"Hip_house_in_the_present_day\" class=\"mw-headline\">Hip house in the present day</span></h2>\n<p>A modern form of hip house became popular in the mid to late 2000s with many artists enjoying mainstream success worldwide. A fusion of&nbsp;electro&nbsp;and hip hop (also known as electro hop) proved very popular and dominated the charts in the late 2000s and early 2010s. Such artists include&nbsp;LMFAO,<sup id=\"cite_ref-3\" class=\"reference\">[3]</sup>&nbsp;the Black Eyed Peas,<sup id=\"cite_ref-ranker.com_4-0\" class=\"reference\">[4]</sup>&nbsp;Pitbull,&nbsp;Flo Rida,&nbsp;Far East Movement,&nbsp;Hyper Crush,<sup id=\"cite_ref-5\" class=\"reference\">[5]</sup>&nbsp;the Streets,<sup id=\"cite_ref-ranker.com_4-1\" class=\"reference\">[4]</sup>&nbsp;Example&nbsp;and&nbsp;Azealia Banks.<sup id=\"cite_ref-6\" class=\"reference\">[6]</sup>&nbsp;Dance music&nbsp;DJs/producers also had hits in the hip house genre, which featured vocals from rappers. These include \"C'mon (Catch 'em by Surprise)\" by&nbsp;Ti&euml;sto&nbsp;and&nbsp;Diplo&nbsp;with&nbsp;Busta Rhymes, and \"Forever\" by&nbsp;Wolfgang Gartner&nbsp;and&nbsp;will.i.am. French artist&nbsp;David Guetta&nbsp;had several hip house hits such as \"Memories\" with&nbsp;Kid Cudi, \"Where Them Girls At\" with&nbsp;Flo Rida&nbsp;and&nbsp;Nicki Minaj, \"Gettin' Over You\" with&nbsp;LMFAO&nbsp;and \"Little Bad Girl\" with&nbsp;Taio Cruz&nbsp;and&nbsp;Ludacris.</p>\n<h2>&nbsp;</h2>\n<h2><span id=\"References\" class=\"mw-headline\">References</span></h2>\n<div class=\"reflist\">\n<div class=\"mw-references-wrap\">\n<ol class=\"references\">\n<li id=\"cite_note-1\"><span class=\"mw-cite-backlink\"><strong>^</strong></span>&nbsp;<span class=\"reference-text\"><cite id=\"CITEREFDuthel\" class=\"citation book cs1\">Duthel, C.&nbsp;<em>Pitbull - Mr. Worldwide</em>.&nbsp;ISBN&nbsp;<bdi>9781471090356</bdi>&nbsp;&ndash; via Google Books.</cite></span></li>\n<li id=\"cite_note-essay-2\"><span class=\"mw-cite-backlink\"><strong>^</strong></span>&nbsp;<span class=\"reference-text\"><cite id=\"CITEREFHenderson,_Alex\" class=\"citation web cs1\">Henderson, Alex.&nbsp;\"Hip House\".&nbsp;AllMusic<span class=\"reference-accessdate\">. Retrieved&nbsp;<span class=\"nowrap\">2010-06-01</span></span>.</cite></span></li>\n<li id=\"cite_note-3\"><span class=\"mw-cite-backlink\"><strong>^</strong></span>&nbsp;<span class=\"reference-text\"><cite class=\"citation web cs1\">\"Together Festival Featuring LMFAO, Lil Jon and DJ Afrojack\".&nbsp;<em>Bk.asia-city.com</em>.</cite></span></li>\n<li id=\"cite_note-ranker.com-4\"><span class=\"mw-cite-backlink\">^&nbsp;<span class=\"cite-accessibility-label\">Jump up to:</span><sup><em><strong>a</strong></em></sup>&nbsp;<sup><em><strong>b</strong></em></sup></span>&nbsp;<span class=\"reference-text\"><cite class=\"citation web cs1\">\"The Best Hip House DJs\".&nbsp;<em>Ranker.com</em>.</cite></span></li>\n<li id=\"cite_note-5\"><span class=\"mw-cite-backlink\"><strong>^</strong></span>&nbsp;<span class=\"reference-text\">[1]<sup class=\"noprint Inline-Template\">[<em><span title=\"&nbsp;Dead link since September 2020\">dead link</span></em>]</sup></span></li>\n<li id=\"cite_note-6\"><span class=\"mw-cite-backlink\"><strong>^</strong></span>&nbsp;<span class=\"reference-text\"><cite class=\"citation web cs1\">\"Azealia Banks 1991\".&nbsp;<em>Exclaim.ca</em>.</cite></span></li>\n</ol>\n</div>\n</div>",
 "remarks": "本词条汉字内容由 @多频百科团队 翻译+编辑\n原文译自  https://en.wikipedia.org/wiki/Hip_house",
 "remarksEn": "本词条内容来自  https://en.wikipedia.org/wiki/Hip_house",
 "status": 1,
 "clickNum": 15,
 "deleted": 0,
 "lang": 0,
 "chooseLang": true,
 "id": 71,
 "name": "Hip House",
 "descriptions": "Hip House，又称说唱浩室或浩室说唱，是一种混合了House音乐和Hip Hop元素的音乐类型，20世纪80年代中后期起源于英国伦敦和美国芝加哥。",
 "originalName": "",
 "startTimeText": "Mid–late 1980s",
 "startAddress": "London, United Kingdom and Chicago, United States",
 "searchStyle": "House, Hip Hop Music",
 "styleCategory": "House",
 "originalStyle": "House, hip hop, acid house",
 "affectStyle": "Eurodance",
 "deriveStyle": "",
 "representArtist": "",
 "officialUrl": "https://en.wikipedia.org/wiki/Hip_house",
 "typeId": 13,
 "typeName": "风格",
 "dataId": 71,
 "url": "http://dropinapp.hearinmusic.com/#/ency?typeId=13&dataId=71"
}