{
 "pageNum": 1,
 "pageSize": 10,
 "params": {},
 "relationChannel": "[{\"id\":1306,\"parentId\":8,\"name\":\"Hipster Hop\"}]",
 "content": "<p>&ldquo;Hipster hop&rdquo;是Hipster和hip hop两个词的合成词，是alternative hip hop的微流派，更确切地说，是&ldquo;融合独立摇滚风格的hip-hop&rdquo;。它也被称为hipster rap。</p>\n<p>&nbsp;</p>\n<p><strong>词源</strong></p>\n<p>&nbsp;</p>\n<p>评论家Matt Preira在《Miami New Times》上撰文称，hipster-hop构成了&ldquo;说唱音乐中一个明显的过渡&rdquo;，它融合了hipster文化的元素。Preira称这是&ldquo;一种酝酿中的微体裁，随时准备席卷主流&rdquo;。芝加哥的读者评论家Miles Raymer说，潮人说唱&ldquo;玩弄着老派的象征&rdquo;，但这种潮人说唱&ldquo;体现了与老派嘻哈一样的乌托邦式、大帐篷式理想&rdquo;。根据雷默的说法，它是&ldquo;说唱音乐和舞蹈音乐相互作用的前沿&rdquo;，同时被定义为嬉皮士的时尚和态度。</p>\n<p>&nbsp;</p>\n<p><strong>特征 </strong></p>\n<p>总之，&ldquo;潮人&rdquo;说唱的特点是模糊了&ldquo;纯&rdquo;说唱、嘻哈、节奏布鲁斯、流行和摇滚之间的界限&rdquo;。评论家们经常把它与西雅图和华盛顿的乐队联系起来，如Mad Rad，尽管该乐队否认他们的音乐属于这种类型。</p>\n<div>\n<div class=\"document\">&nbsp;</div>\n</div>",
 "remarks": "本词条汉字内容由 @多频百科团队 翻译+编辑\nhttps://en.wikipedia.org/wiki/Hipster_hop",
 "remarksEn": "本词条内容暂未完善仅供参考，多频百科小编正在火速赶来",
 "status": 0,
 "clickNum": 0,
 "deleted": 0,
 "lang": 0,
 "chooseLang": false,
 "id": 279,
 "name": "Hipster Hop",
 "descriptions": "“Hipster hop”是Hipster和hip hop两个词的合成词，是alternative hip hop的微流派，更确切地说，是“融合独立摇滚风格的hip-hop”。它也被称为hipster rap。",
 "originalName": "hipster rap",
 "startTimeText": "Early to mid-2000s (decade)",
 "startAddress": "United States",
 "searchStyle": "Hip Hop Music",
 "styleCategory": "Alternative Hip hop",
 "originalStyle": "indie rock, EDM, hip hop",
 "affectStyle": "Alternative hip hop",
 "deriveStyle": "",
 "representArtist": " Kid Cudi, João Grilo, Childish Gambino, Tyler, the Creator, Mikill Pane, Kid Sister, Kreayshawn, XV, Chiddy Bang, Azealia Banks, The Swank, Air Dubai.",
 "officialUrl": "https://en.wikipedia.org/wiki/Hipster_hop",
 "typeId": 13,
 "typeName": "风格",
 "dataId": 279,
 "url": "http://dropinapp.hearinmusic.com/#/ency?typeId=13&dataId=279"
}