{
 "pageNum": 1,
 "pageSize": 10,
 "params": {},
 "relationChannel": "[{\"id\":1356,\"parentId\":8,\"name\":\"Hypnagogic pop\"}]",
 "content": "<div class=\"document\">\n<p>Hypnagogic pop（简称h-pop）是指唤起文化记忆和对过去（主要是20世纪80年代）流行娱乐的怀念的pop或psychedelic。它兴起于2000年中后期，因为美国的lo-fi和noise音乐人开始采用他们童年记忆中的复古美学，如radio rock, new wave pop, lite rock, video game music, synth-pop, 和R&amp;B。录音在卡带或网络博客上流传，典型的特点是使用了过时的模拟设备和DIY实验。</p>\n<p>&nbsp;</p>\n<p>该流派的名称是由记者David Keenan在2009年8月的《The Wire》杂志上创造的，用来描述这种发展中的趋势，他将其称为为 \"通过记忆中的记忆折射出的流行音乐\"。它与 \"chillwave \"或 \"glo-fi \"交替使用，并通过Ariel Pink和James Ferraro等艺术家获得了评论界的关注。这种音乐被不同的人描述为21世纪psychedelia的更新，对媒体饱和的资本主义文化的重新利用，以及英国hauntology的 \"American cousin\"。</p>\n<p>&nbsp;</p>\n<p>针对Keenan的文章，The Wire收到了大量的仇恨邮件，这些邮件嘲笑Hypnagogic pop是 \"记者创造的最糟糕的流派\"。一些被贴上该标签的艺术家拒绝接受这个标签，或者否认这种统一风格的存在。在2010年代，虽然这种风格的 \"修正主义怀旧 \"升华为各种以年轻人为导向的文化思潮，但对这种风格的批判关注却在减弱。Hypnagogic pop演变为vaporwave，有时与vaporwave混为一谈。</p>\n<p>&nbsp;</p>\n<p class=\"paragraph text-align-type-left pap-line-1.8 pap-line-rule-auto pap-spacing-before-0pt pap-spacing-after-0pt\"><strong>特点 </strong></p>\n<p class=\"paragraph text-align-type-left pap-line-1.8 pap-line-rule-auto pap-spacing-before-0pt pap-spacing-after-0pt\">Hypnagogic pop音乐是一种pop 或者 psychedelic ，它大量借鉴了20世纪80年代的流行音乐和文化--也包括20世纪70年代到90年代初。这种流派反映了对过时的模拟技术的关注，以及对这些流行文化时代的合成元素的轰轰烈烈的表现，其创作者受到集体记忆和个人历史的影响。由于记忆的不精确性，这种类型并不能忠实地再现那些时期流行的声音和风格。这样一来，hypngogic pop就有别于复兴主义运动。正如作者Ma&euml;l Guesdon和Philippe Le Guern所写的那样，这种类型可以被描述为 \"修正主义的怀旧，并不是在'一切都曾经更好'的意义上，而是因为它重写了集体记忆，以期更忠实于一种观念或对原初的记忆，而不是原初本身\"。例子从 \"狂喜的模糊和照射的lo-fi流行乐 \"到 \"七十年代的宇宙合成器摇滚乐 \"和 \"被绊倒的部落异域音乐\".Morgan Poyau 在2011年为《Vice》杂志撰文，将这种类型描述为 \"让实验音乐爱好者和怪异的进步流行理论家陷入尴尬的困境\"。他将这种风格的典型表现描述为以 \"充斥着回声、延迟、闷闷的吉他和截断的合成器 \"的长轨为特征。评论家Adam Trainer写道，与其说是一种特定的声音，不如说这种音乐是由一群拥有相同方法和文化经验的艺术家所定义的。他观察到，他们的音乐汲取了 \"1980年代末和1990年代初流行文化的集体无意识\"，同时 \"在风格上欠下了各种实验主义的传统，如噪音、drone、重复和即兴创作\"。常见的参考点包括各种形式的1980年代音乐，包括radio rock, new wave pop, MTV one-hit wonders, New Age music, synth-driven Hollywood blockbuster soundtracks, lounge music, easy-listening, corporate muzak, lite rock \"schmaltz\", video game music和1980年代synth-pop and R&amp;B。录音往往被刻意降级，用模拟设备制作，并表现出录音的特殊性，如磁带嘶嘶声。它采用了在80年代被认为是 \"未来主义 \"的声音，这些声音可能会脱离语境而显得迷幻。此外，使用过时的音频/视觉技术和DIY数字图像也很常见，如紧凑型磁带、VHS、CD-R光盘和早期的互联网美学。</p>\n<div>\n<div class=\"document\">\n<p class=\"paragraph text-align-type-left pap-line-1.8 pap-line-rule-auto pap-spacing-before-0pt pap-spacing-after-0pt\">&nbsp;</p>\n<p class=\"paragraph text-align-type-left pap-line-1.8 pap-line-rule-auto pap-spacing-before-0pt pap-spacing-after-0pt\"><strong>起源与hauntology</strong></p>\n<p class=\"paragraph text-align-type-left pap-line-1.8 pap-line-rule-auto pap-spacing-before-0pt pap-spacing-after-0pt\">hauntology（音乐） 2000年代，一波复古风格的家庭录音艺术家开始主导地下indie音乐场景。特别是Ariel Pink的Haunted Graffiti的出现，引发了新闻界对hauntology这个哲学概念的讨论，其中最突出的是作家Simon Reynolds和Mark Fisher。后来，\"hauntology \"一词被描述为英国hypnagogic pop音乐的同义词，而hypnagogic pop音乐则被描述为英国hauntology音乐场景的 \"美国表亲\"，音乐厂牌Olde English Spelling Bee（OESB）的所有者托德-莱德福（Todd Ledford）将Hypnagogic pop音乐的扩散与YouTube的兴起之间的关系归结为YouTube。Reynolds将Hypnagogic pop音乐的起源归结为南加州及其文化。Trainer不同意Reynolds的说法，他说这种风格 \"可以说 \"是从众多同时出现的场景中产生的，这些场景中的艺术家以一种不同的形式 \"post-noise neo-psychedelia\"。Pitchfork的Marc Masters提出，它可能起源于 \"与其说是一种运动，不如说是一种巧合\"。这些音乐通常以限量版磁带或黑胶唱片的形式发行，然后通过博客和YouTube视频吸引更广泛的受众。2007年表演的Ariel Pink在2000年中期通过一系列的自制专辑获得了认可，开创了一种被Reynolds称为\"'70年代的无线电摇滚和'80年代的新浪潮，就像通过一台有缺陷的晶体管收音机听到的一样，旋律的光芒在雾气中闪烁 \"的声音。 他认为Pink和Skaters是 \"hypnagogic的教父\"，但把Pink作为他所说的 \"Altered Zones Generation \"的核心人物，这是他为低调、复古的独立音乐人设计的一个总称，他们通常在Pitchfork的附属网站Altered Zones上出现。 Tiny Mix Tapes的乔丹-雷德蒙德（Jordan Redmond）写道，Pink的早期合作者约翰-毛斯（John Maus）也被放在了 \"最近一些流行运动的交汇点\"，包括Hypnagogic pop音乐，Maus和Pink一样是 \"这种声音的鼻祖，尽管Pink往往是头条人物\"。Skaters是由James Ferraro和Spencer Clark组成的noise duo，和Pink一样，他们的总部也在加州。2000年代中期，他们发行了几十张psychedelic drone music的CD-R和卡带，之后Ferraro和Clark各自追求个人出道。从2009年到2010年，Ferraro的音乐发展得越来越有节奏感和旋律感，正如Trainer所描述的那样，\"一种过度饱和的低俗流行音乐的声音调色板，让人联想到早期的电子游戏配乐和20世纪80年代周六早上的动画片\"。Complex的撰稿人Joe Price认为，h-pop运动是由Ferraro和 \"被大大忽视的18 Carat Affair\"\"孕育 \"出来的。在雷诺兹的描述中，最初的加州场景中的 \"其他新兴人物 \"包括Sun Araw、LA Vampires和Puro Instinct。他补充道：\"其他关键的hypnagogues如Matrix Metals和Rangers居住在其他地方，但精神上似乎是SoCal。\" R.Stevie Moore和Martin Newell是早期预期Pink声音的艺术家。The Wire的马修-英格拉姆（Matthew Ingram）承认摩尔对Pink和Hypnagogic pop音乐的影响。\"通过他的弟子......他在不知不觉中提供了（这一风格）的模板\"。该风格的另一个先驱是Nick Nicely和他1982年的单曲《Hilly Fields (1892)》。 Red Bull Music'的J.R.Moore写道，Nicely \"独特的胡乱的DIY美学 \"和对1960年代 psychedelic pop 的当代演绎，\"基本上提前几十年发明了2000年代Hypnagogic Pop运动的声音\"。在2009年的一次采访中，丹尼尔-洛帕廷（Oneohtrix Point Never）表示， Salvador Dali 和 Danny Wolfers 是 \"hpop的教父\"。他认为其他的鼻祖是DJ Screw、\"retro kids\"、Joe Wenderoth、Autre Ne Veut、Church In Moon和DJ Dog Dick。</p>\n<div>\n<div class=\"document\">\n<p class=\"paragraph text-align-type-left pap-line-1.8 pap-line-rule-auto pap-spacing-before-0pt pap-spacing-after-0pt\">&nbsp;</p>\n<p class=\"paragraph text-align-type-left pap-line-1.8 pap-line-rule-auto pap-spacing-before-0pt pap-spacing-after-0pt\"><strong>词源和最初的流行 </strong></p>\n<p class=\"paragraph text-align-type-left pap-line-1.8 pap-line-rule-auto pap-spacing-before-0pt pap-spacing-after-0pt\">记者大卫-基南（David Keenan）以报道noise, freak folk, and drone music场景而闻名，他在2009年8月为《The Wire》撰写的一篇文章中创造了 \"Hypnagogic pop\"。他指的是2000年代lo-fi 和 post-noise 音乐的发展趋势，艺术家们开始参与文化怀旧、童年记忆和过时的录音技术等元素。受詹姆斯-费拉罗（James Ferraro）和斯宾塞-克拉克（Spencer Clarke）评论的启发，并在引用俄罗斯神秘主义者P.D.奥斯本斯基（P.D. Ouspensky）所讨论的类似概念时，基南使用了 \"催眠\"（hypnagogic）一词，指的是 \"介于清醒和睡眠之间的心理状态，是误听和幻觉滋养成梦的边缘地带\"。在Keenan的文章中被讨论的艺术家有：Ariel Pink、Daniel Lopatin、the Skaters、Gary War、Zola Jesus、Ducktails、Emeralds和Pocahaunted.根基Keenan的说法，这些艺术家开始从他们20世纪80年代和90年代初的青春期潜意识中记忆的文化资源中汲取灵感，同时将它们从历史语境中解放出来，并 \"归于那个时期的未来主义符号\"。他交替将Hypnagogic pop音乐概括为 \"通过记忆的记忆折射出的流行音乐\"，以及 \"1980年代启发的psychedelia\"，与过去的资本主义残渣接触，试图 \"梦想未来\"。在后来的一篇文章中，Keenan认定Lopatin, Ferraro, Clark, 和 ex-Test Icicles member Sam Mehran是Hypnagogic pop \"最具冒险精神的支持者\"。\"Hypnagogic pop \"一经问世，各种音乐博客立即撰文报道这一现象。到了2010年，Ariel Pink和Neon Indian的专辑经常被Pitchfork和The Wire等出版物称赞，\"Hypnagogic pop\"、\"chillwave\"、\"glo-fi \"被用来形容这类艺术家不断发展的声音，其中不少歌曲在独立音乐圈内取得了相当大的成功。Pink经常被称为h-pop、chillwave或glo-fi的 \"教父\"，因为与他有关的新行为(在美学上、个人上、地理上或专业上)吸引了评论家的注意。与他同时代的一些人，如Ferraro, Clark, 和 War，都未能与他的主流成功相提并论。当在2013年的一次采访中向Clark提出这一点时，他回答说，Pink只是 \"加州的大使，就像the Beach Boys一样\"。2010年，Pitchfork推出了Altered Zones，实际上是一个hypnagogic行为的在线通讯。从那年7月开始，Altered Zones从一个专门从事该运动的领先博客集体中聚合其内容。到了年底，OESB，现在以其催眠行为的名册而闻名，如Ferraro和Mehran，已经成长为最著名的地下独立厂牌之一。2011年1月，Keenon写道，OESB是 \"与H-pop联系最紧密的厂牌\"，\"在许多方面......是2010年的厂牌\"，尽管他认为，\"有趣的是，它的受众群是如何从早期的underground/Noise受众转变为被 indie 和 dance 文化的边缘群体所接受的，在Forest Swords等团体的帮助下，他们混淆了H-pop和dubstep之间的界限\"。</p>\n<p class=\"paragraph text-align-type-left pap-line-1.8 pap-line-rule-auto pap-spacing-before-0pt pap-spacing-after-0pt\">&nbsp;</p>\n<div>\n<div class=\"document\">\n<p class=\"paragraph text-align-type-left pap-line-1.8 pap-line-rule-auto pap-spacing-before-0pt pap-spacing-after-0pt\"><strong>Chillwave和vaporwave </strong></p>\n<p class=\"paragraph text-align-type-left pap-line-1.8 pap-line-rule-auto pap-spacing-before-0pt pap-spacing-after-0pt\">\"Chillwave\"，这个用来描述类似趋势的标签是在Keenan 2009年文章发表前一个月创造出来的，并与 \"Hypnagogic pop \"采用了同义词。\"Chillwave \"与 \"Hypnagogic pop \"这两种风格相似，都能唤起20世纪80-90年代的想象，但 \"Chillwave \"的声音更加商业化，强调 \"俗气 \"的钩子和混响效果。当代马克-霍根（Marc Hogan）为《Neon Indian's Psychic Chasms》（2009年）撰写的一篇评论将 \"dream-beat\"、\"chillwave\"、\"glo-fi\"、\"hypnagogic pop \"和 \"hipster-gogic pop \"列为可互换的术语，即 \"psychedelic，一般是以下一种或全部：以合成器为基础的、自制的、参考80年代的、以卡带为导向的、阳光烘托的、悠闲的、扭曲的、朦胧的、情感遥远的、略微失焦的\"。 像Pink和Ferraro这样的Hypnagogic pop音乐人的实验性倾向很快就被以互联网为中心的流派 \"vaporwave\"所放大。虽然这个名字与\"-wave \"后缀相同，但它只与chillwave有松散的联系。\"Sam Mehran \"是最早预见vaporwave的催眠行为之一，他的项目 \"Matrix Metals \"和2009年的专辑 \"Flamingo Breeze \"就是建立在合成器循环上的。\"同年，Lopatin以sunsetcorp的别名将一组plunderphonics循环上传到YouTube上，不显眼。这些片段后来被集结成专辑Chuck Person's Eccojams Vol.1（2010）。</p>\n<div>\n<div class=\"document\">\n<p class=\"paragraph text-align-type-left pap-line-1.8 pap-line-rule-auto pap-spacing-before-0pt pap-spacing-after-0pt\">&nbsp;</p>\n<p class=\"paragraph text-align-type-left pap-line-1.8 pap-line-rule-auto pap-spacing-before-0pt pap-spacing-after-0pt\">Stereogum的Miles Bowe将vaporwave总结为 \"Dan Lopatin的斩钉截铁的掠夺音......与James Ferraro在Far Side Virtual的Muzak-hellscapes的虚无主义轻松听觉 \"的结合。作家、歌迷和艺术家们都在努力区分hypnagogic pop, chillwave, 和 vaporwave。\"vaporwave \"一词最早的使用一般归功于2011年10月的一篇博客文章，该文章讨论了Girlhood的催眠专辑《Surfs Pure Hearts》。Adam Harper推测，作者将该作品引用为 \"vaporwave \"而非 \"Hypnagogic pop\"，可能是因为他们不熟悉后者。他还评论说，对于那些试图将这三种流派分开的人来说，\"地狱里有一个特殊的地方\"：\"那是一间密室，撒旦永远在那里解释死亡金属、黑金属和厄运金属之间的区别。\" 按照哈珀的说法，vaporwave 和 hypnagogic pop 有着共同的 \"垃圾音乐 \"的亲和力，两者都是 \"梦幻的 \"和 \"欢快的\"，两者都 \"操纵他们的材料，使其去熟悉感，并给它一种不可思议的感觉，比如放慢速度和/或降低音调，使其像术语所说的那样，'糟糕'。 \"差异中，vaporwave通常不制作长的音轨、lo-fi制作或非采样材料，它更多地从90年代初汲取灵感，而不是70年代和80年代。与Hypnagogic pop相比，vaporwave在音乐上与chillwave有更强的联系，因为它对慢速合成器放克的采样。</p>\n<div>\n<div class=\"document\">\n<p class=\"paragraph text-align-type-left pap-line-1.8 pap-line-rule-auto pap-spacing-before-0pt pap-spacing-after-0pt\">&nbsp;</p>\n<p class=\"paragraph text-align-type-left pap-line-1.8 pap-line-rule-auto pap-spacing-before-0pt pap-spacing-after-0pt\"><strong>影响、批评和衰落 </strong></p>\n<p class=\"paragraph text-align-type-left pap-line-1.8 pap-line-rule-auto pap-spacing-before-0pt pap-spacing-after-0pt\">David Keenan在Wire的原创文章中煽动了大量的仇恨邮件，嘲笑 \"Hypnagogic pop\"的标签是 \"记者创造的最糟糕的流派\"。 随着运动的流行，Pink和Ferraro的模拟lo-fi愿望被 \"像Tape Deck Mountain、Memory Tapes、Memory Cassette这样名字的团体改变并变成了陈词滥调。\"chillwave和vaporwave都曾被设想为对这种趋势的诙谐、夸张的回应。Keenan对运动中那些精简声音的艺术家感到不满，而 \"chillwave \"则成了这类行为的贬义词。在2010年的《The Wire》倒带版中，Keenan说h-pop已经 \"从一个旨在将欲望从营销公式中解放出来的过程，迁移到了一个尸体口中的胡萝卜，而这个胡萝卜已经被证明对那些寻求被主流接受的简单途径的地下音乐人来说是不可抗拒的\"。\"他认为chillwave是 \"应用于新的未来流行音乐愿景的一个更无意义的口号\"，\"更适合描述H-pop所带来的对主流价值观的无意识、非政治化的拥抱\"。</p>\n<div>\n<div class=\"document\">\n<p class=\"paragraph text-align-type-left pap-line-1.8 pap-line-rule-auto pap-spacing-before-0pt pap-spacing-after-0pt\">&nbsp;</p>\n<p class=\"paragraph text-align-type-left pap-line-1.8 pap-line-rule-auto pap-spacing-before-0pt pap-spacing-after-0pt\">一些被贴上标签的艺术家，比如Neon Indian和Toro y Moi，拒绝接受h-pop标签，或者否认存在这样一种统一的风格。《卫报》 的Dorian Lynskey称这种催眠标签为 \"自命不凡\"，而《纽约时报》的作者Jon Pareles则批评这种风格为 \"令人讨厌的不妥协音乐\"。后者将2010年South by Southwest音乐节上此类乐队的展示描述为 \"对冲的、时髦的模仿，不够大胆的流行音乐\"。Altered Zones的撰稿人Emilie Friedlander在2011年预言，Ariel Pink、John Maus、James Ferraro、Spencer Clark和R. Stevie Moore将作为 \"提升了lo-fi录音的噼啪声和颗粒感.......并使流行音乐的词汇和前卫音乐的关注点似乎比上个世纪大部分人所暗示的要不那么不兼容 \"的音乐家被人们记住。然而，和Keenan一样，她后来写道，在费拉罗的《远方虚拟》（Far Side Virtual）这个 \"故意让人感到恶心 \"的例子之后，她对这场运动感到失望。专辑发行几周后，Altered Zones关闭了.OESB也在同年解散了。自此以后，\"Hypnagogic pop \"的使用已经减少，尽管该流派的&ldquo;想象中的声音过去&rdquo;已经升华为各种流行文化的时代精神。同样，对复古的热爱证明了自己是2010年青年文化的标志。在2012年的一次采访中，Pink承认他知道自己&ldquo;正在做着听起来像是无法记忆的记忆的痕迹&rdquo;，并辩称这种诉求已经根深蒂固于现代音乐中，以至于&ldquo;人们它理所当然&rdquo;。在Drowned in Sound、Dummy Mag和Electronic Beats等网站上，hauntology 和 hypnagogic pop 音乐最终被对后互联网艺术家的兴趣所取代。</p>\n<p class=\"paragraph text-align-type-left pap-line-1.8 pap-line-rule-auto pap-spacing-before-0pt pap-spacing-after-0pt\">&nbsp;</p>\n<div>\n<div class=\"document\">\n<p class=\"paragraph text-align-type-left pap-line-1.8 pap-line-rule-auto pap-spacing-before-0pt pap-spacing-after-0pt\"><strong>文化解读</strong></p>\n<p class=\"paragraph text-align-type-left pap-line-1.8 pap-line-rule-auto pap-spacing-before-0pt pap-spacing-after-0pt\">Simon Reynolds 将Hypnagogic pop描述为 \"21世纪psychedelia的更新\"，其中 \"失去的纯真被流行文化污染 \"和超现实。他特别关注 \"流行乐时间的争夺\"，暗示 \"也许埋藏在Hypnagogic pop中的秘密想法从80年代至今从未结束。我们仍然生活在那里，受制于那个十年无尽的历史终结。\"Guesdon和Le Guern认为，\"催眠运动可以被看作是对日益增长的时间正在加速的感觉的审美反应：这种感觉往往被证明是先进的现代性的基本组成部分之一。\" Adam Trainer 提出，这种风格允许艺术家以一种注重情感而非讽刺或玩世不恭的方式参与到媒体饱和的资本主义消费文化的产品中。Adam Harper 注意到，在Hypnagogic pop艺术家中，有一种倾向，即 \"把垃圾、浅薄和坚决抛弃的东西变成神圣或神秘的东西\"，并 \"操纵他们的材料，使其去熟悉化，并赋予其一种不可思议的感觉\"。</p>\n</div>\n</div>\n</div>\n</div>\n</div>\n</div>\n</div>\n</div>\n</div>\n</div>\n</div>\n</div>\n</div>\n</div>\n</div>",
 "remarks": "本词条内容暂未完善仅供参考，多频百科小编正在火速赶来",
 "remarksEn": "本词条内容暂未完善仅供参考，多频百科小编正在火速赶来",
 "status": 0,
 "clickNum": 4,
 "deleted": 0,
 "lang": 0,
 "chooseLang": false,
 "id": 339,
 "name": "Hypnagogic pop",
 "descriptions": "Hypnagogic pop（简称h-pop）是指唤起文化记忆和对过去（主要是20世纪80年代）流行娱乐的怀念的pop或psychedelic",
 "originalName": "H-pop, chillwave, glo-fi, hauntology, ",
 "startTimeText": "Mid to late 2000s",
 "startAddress": "United States",
 "searchStyle": "Hauntology",
 "styleCategory": "Hauntology",
 "originalStyle": "",
 "affectStyle": "",
 "deriveStyle": "Vaporwave",
 "representArtist": "",
 "officialUrl": "https://en.wikipedia.org/wiki/Hypnagogic_pop",
 "typeId": 13,
 "typeName": "风格",
 "dataId": 339,
 "url": "http://dropinapp.hearinmusic.com/#/ency?typeId=13&dataId=339"
}