{
 "pageNum": 1,
 "pageSize": 10,
 "params": {},
 "relationChannel": "[{\"id\":1273,\"parentId\":8,\"name\":\"Illbient\"}]",
 "content": "<p>Illbient是一种电子音乐流派。据称，这个词是DJ Olive于1994年创造的，用来形容纽约布鲁克林威廉斯堡社区的一群艺术家创作的这种音乐。&ldquo;Illbient&rdquo;这个词是由嘻哈俚语&ldquo;ill&rdquo;(它是一种积极的表达方式，即&ldquo;坏&rdquo;表示&ldquo;好&rdquo;)和&ldquo;ambient&rdquo;两个词组合而成的。尽管illbient有许多独立衍生的曲风，但其音乐的特点是有趣的配音和音乐分层，使用受hip hop影响的音乐样本，以及囊括世界上所有类型groove和electronic的节奏编排的渐进方法。Illbient经常使用节拍，而不仅仅是纯粹的ambient(或dark ambient)，并且在录音中经常循环。</p>",
 "contentEn": "<div>\n<div class=\"document\">\n<p class=\"paragraph text-align-type-left pap-line-1.8 pap-line-rule-auto pap-spacing-before-2pt pap-spacing-after-2pt\">Illbient is a genre of electronic music. The term was allegedly coined by DJ Olive to describe the music being produced by a community of artists based in the Williamsburg neighborhood of Brooklyn, New York in 1994.The word \"Illbient\" combines the hip hop slang term \"ill\" (a positive expression: bad meaning good) and \"ambient\".</p>\n<p class=\"paragraph text-align-type-left pap-line-1.8 pap-line-rule-auto pap-spacing-before-2pt pap-spacing-after-2pt\">&nbsp;</p>\n<p class=\"paragraph text-align-type-left pap-line-1.8 pap-line-rule-auto pap-spacing-before-2pt pap-spacing-after-2pt\">Though there are many individualistic variants of illbient, the music is characterized by interesting dub-wise layering of soundscapes,hip hop-influenced use of samples and a progressive approach to beat programming that encompasses all genres of world groove and electronic music. Illbient often uses beats more than purely ambient music (or dark ambient), and often includes loops in the recordings.</p>\n</div>\n</div>",
 "remarks": "本词条汉字内容由 @多频百科团队 翻译+编辑\n原文译自https://en.wikipedia.org/wiki/Illbient",
 "remarksEn": "本词条内容来自 https://en.wikipedia.org/wiki/Illbient",
 "status": 1,
 "clickNum": 6,
 "deleted": 0,
 "lang": 0,
 "chooseLang": true,
 "id": 241,
 "name": "Illbient",
 "descriptions": "Illbient是一种电子音乐流派。据称，这个词是DJ Olive于1994年创造的，用来形容纽约布鲁克林威廉斯堡社区的一群艺术家创作的这种音乐。",
 "originalName": "",
 "startTimeText": "Early 1990s",
 "startAddress": "New York City",
 "searchStyle": "Ambient",
 "styleCategory": "Ambient",
 "originalStyle": "Ambient, East Coast hip hop, trip hop, industrial hiphop, dub",
 "affectStyle": "",
 "deriveStyle": "",
 "representArtist": "",
 "officialUrl": "https://en.wikipedia.org/wiki/Illbient",
 "typeId": 13,
 "typeName": "风格",
 "dataId": 241,
 "url": "http://dropinapp.hearinmusic.com/#/ency?typeId=13&dataId=241"
}