{
 "pageNum": 1,
 "pageSize": 10,
 "params": {},
 "relationChannel": "[{\"id\":1463,\"parentId\":8,\"name\":\"Indietronica\"}]",
 "content": "<p>独立电子乐（indietronica 或 indie electronic）是一种综合了独立音乐（英语：indie）、电子乐（英语：electronica）、摇滚（英语：rock）和流行（英语：pop）音乐风格的音乐流派。并伴随着录音/采样技术以及多媒体音乐技术(电脑音乐创作，即Laptop Music)的不断发展而有不同方向上的演绎，电子技术与不同的音乐风格元素相互融合衍生出众多繁杂的电子乐分支。</p>\n<p>&nbsp;</p>\n<p>在独立音乐中，独立电子大体上是说那些大量应用采样/拼贴音乐技术，而作品整体上却仍然具有传统的曲式架构(这和很多实验前卫的电子音乐不同)，如娇好的旋律、激赏的节奏等。特征 独立电子乐中使用的典型乐器是电子琴、合成器、采样器、MIDI控制器和电子鼓等。这类作品在保证不失基本的聆听趣味下，会以各种多彩丰富的电子手法赋予作品独具各色魅力的音乐特色-或飘逸、或空灵、或清凉、或奇幻、或嬗变&hellip;&hellip;从聆听趣味的角度看，独立电子音乐正在为我们拓展出一片极为宽广的聆赏选择空间，这个宽广的真实意义在于小电音乐的创作手法将极大地降低年轻人创作音乐的门槛，很多的独立电子音乐作品创作的物理实体就是一台笔记本电脑，而存于硬盘中的大量音乐素材(有专业的素材库，也可以自己于周遭生活中进行录音)在专业音乐软件的应用中被给予各种变异、剪切以及拼帖等折衷主义色彩的创作手法，这便形成了聆听趣味异彩纷呈的独立电子音乐特色风景。</p>",
 "remarks": "本词条内容暂未完善仅供参考，多频百科小编正在火速赶来",
 "remarksEn": "本词条内容暂未完善仅供参考，多频百科小编正在火速赶来",
 "status": 0,
 "clickNum": 3,
 "deleted": 0,
 "lang": 0,
 "chooseLang": false,
 "id": 333,
 "name": "Indietronica",
 "descriptions": "独立电子乐（indietronica 或 indie electronic）是一种综合了独立音乐（英语：indie）、电子乐（英语：electronica）、摇滚（英语：rock）和流行（英语：pop）音乐风格的音乐流派。",
 "originalName": "",
 "startTimeText": "Early 1990s",
 "startAddress": "",
 "searchStyle": "Electronica",
 "styleCategory": "Electronica",
 "originalStyle": "Rock, electronic, krautrock, synth-pop, dance, ",
 "affectStyle": "",
 "deriveStyle": "",
 "representArtist": "",
 "officialUrl": "https://en.wikipedia.org/?title=Indietronica&redirect=no",
 "typeId": 13,
 "typeName": "风格",
 "dataId": 333,
 "url": "http://dropinapp.hearinmusic.com/#/ency?typeId=13&dataId=333"
}