{
 "pageNum": 1,
 "pageSize": 10,
 "params": {},
 "relationChannel": "[{\"id\":1297,\"parentId\":8,\"name\":\"Industrial Hip Hop\"}]",
 "content": "<div>\n<div class=\"document\">\n<p class=\"paragraph text-align-type-left pap-line-1.8 pap-line-rule-auto pap-spacing-before-2pt pap-spacing-after-2pt\">Industrial Hip Hop是Industrial和Hip Hop音乐的融合风格</p>\n<p class=\"paragraph text-align-type-left pap-line-1.8 pap-line-rule-auto pap-spacing-before-2pt pap-spacing-after-2pt\">&nbsp;</p>\n<p class=\"paragraph text-align-type-left pap-line-1.8 pap-line-rule-auto pap-spacing-before-2pt pap-spacing-after-2pt\"><strong>历史 </strong></p>\n<p class=\"paragraph text-align-type-left pap-line-1.8 pap-line-rule-auto pap-spacing-before-2pt pap-spacing-after-2pt\"><span style=\"text-decoration: underline;\">1980年代</span></p>\n<p class=\"paragraph text-align-type-left pap-line-1.8 pap-line-rule-auto pap-spacing-before-2pt pap-spacing-after-2pt\">industrial hip hop的起源是Mark Stewart，Bill Laswell和Adrian Sherwood的作品。1985年，前流行乐团歌手Mark Stewart与Sugar Hill Records（Doug Wimbish，Keith Leblanc和Skip McDonald）的家庭乐队合作，发行了&ldquo;Veneer of Democracy Starts to Fade&rdquo;，这是一种切合industrial music风格的应用。</p>\n<p class=\"paragraph text-align-type-left pap-line-1.8 pap-line-rule-auto pap-spacing-before-2pt pap-spacing-after-2pt\">&nbsp;</p>\n<p class=\"paragraph text-align-type-left pap-line-1.8 pap-line-rule-auto pap-spacing-before-2pt pap-spacing-after-2pt\">1986年，The Beatnigs在旧金山成立。作为Michael Franti，Rono Tse和Kevin Carnes的合作，Beatnigs结合了hardcore punk，industrial和hip hop的影响，被称为&ldquo;一种前卫的industrial 和jazz的结合&rdquo;。乐队的舞台表演使用电动工具如金属条旋转锯去制造工业噪音和烟火。在1980年代后期，Laswell的Material项目开始受到hip hop的影响。Adrian Sherwood是英国dub的主要人物，他还与一些industrial乐队合作，例如Cabaret Voltaire，Einst&uuml;rzende Neubauten，Ministry，KMFDM和Nine Inch Nails。</p>\n<p class=\"paragraph text-align-type-left pap-line-1.8 pap-line-rule-auto pap-spacing-before-2pt pap-spacing-after-2pt\">&nbsp;</p>\n<p class=\"paragraph text-align-type-left pap-line-1.8 pap-line-rule-auto pap-spacing-before-2pt pap-spacing-after-2pt\">作品Tackhead是Sherwood和Sugar Hill乐队之间的合作，把Mark Stewart留下没做完的地方接了起来。来自旧金山的The Disposable Heroes of Hiphoprisy and Consolidated, 德克萨斯州的MC 900 Ft. Jesus和英国的Meat Beat Manifesto也是这种风格的早期代表。Industrial乐队23 Skidoo，Miles Davis的专辑On The Corner和Nine Inch Nails的单曲Down In It也是该风格的重要先例。</p>\n<p class=\"paragraph text-align-type-left pap-line-1.8 pap-line-rule-auto pap-spacing-before-2pt pap-spacing-after-2pt\">&nbsp;</p>\n<p class=\"paragraph text-align-type-left pap-line-1.8 pap-line-rule-auto pap-spacing-before-2pt pap-spacing-after-2pt\"><span style=\"text-decoration: underline;\">1990年代</span></p>\n<p class=\"paragraph text-align-type-left pap-line-1.8 pap-line-rule-auto pap-spacing-before-2pt pap-spacing-after-2pt\">各路人物推动了Industrial hip hop的发展。Young Black Teenagers与Bomb Squad和Public Enemy同一制作团队的1991年首张同名专辑中有了被industrial影响的样子。也许最不可能被影响的是Justin Broadrick和Mick Harris，他们以前在Napalm Death中开创extreme metal的grindcore风格而闻名。在与Bill Laswell组成爵士乐团Pain Killer之后，Harris的Scorn项目深入研究了dark ambient和industrial hip hop。随后，Broadrick开始与God（也是爵士乐团）的Kevin Martin一起工作。 Broadrick的Godflesh 的后期工作，以及他与Martin，Ice Techno Animal 和Golden Vampire的Curse的合作，都是industrial hip hop的典范。最后一个也是与来自柏林的Alec Empire的合作，后者也参与了他的许多专辑的创作。</p>\n<p class=\"paragraph text-align-type-left pap-line-1.8 pap-line-rule-auto pap-spacing-before-2pt pap-spacing-after-2pt\">&nbsp;</p>\n<p class=\"paragraph text-align-type-left pap-line-1.8 pap-line-rule-auto pap-spacing-before-2pt pap-spacing-after-2pt\">德国唱片公司Mille Plateaux在其《Lady Electric land》系列作品中继续发展该风格。Ice and Techno Animal有时还与El-P和Def Jux公司的其他代表艺术家合作。DJ Spooky的illbient风格与industrial hip hop的发展息息相关。Mutamassik从两者和breakcore中吸收影响。</p>\n<p class=\"paragraph text-align-type-left pap-line-1.8 pap-line-rule-auto pap-spacing-before-2pt pap-spacing-after-2pt\">&nbsp;</p>\n<p class=\"paragraph text-align-type-left pap-line-1.8 pap-line-rule-auto pap-spacing-before-2pt pap-spacing-after-2pt\">Industrial摇滚乐队Acumen Nation受到hip hop的影响，乐队的副音DJ? Acucrack也是。在音乐中结合了hip hop元素的其他一些industrial乐队是Rabbit Junk，The Mad Capsule Markets和The Shizit，它们都是industrial metal和digital hardcore乐队。 Atari Teen Riot还因在某些歌曲中融入了hip hop元素而闻名，Carl Crack则发展出独特的MC风格。electro-industrial和industrial metal类型中有Steril，以将hip hop节拍，dj刮擦技术、说唱诗句与industrial元素相结合而著称。 Kompressor通常使用声音失真，即许多Aggrotech艺术家的风格。众所周知，industrial超级乐队The Damage Manual会时不时将hip hop与节拍和MCing结合在一起。 Corporate Avenger公司的rap metal和industrial metal 乐队经常在音乐中演奏industrial hip hop。 Stromkern将hip hop节拍与EBM风格的合成器和人声结合在一起。 Rap摇滚乐队Senser和Clawfinger经常被归类到industrial hip hop中，因为他们将electronica与很有侵略性的rap metal结合起来。其他艺术还有Nettwerk Records的Consolidated和P.O.W.E.R，以及Swamp Terrorists，SMP，（Sounds of Mass Production），Non-Aggression Pact和Noisebox。</p>\n<p class=\"paragraph text-align-type-left pap-line-1.8 pap-line-rule-auto pap-spacing-before-2pt pap-spacing-after-2pt\">&nbsp;</p>\n<p class=\"paragraph text-align-type-left pap-line-1.8 pap-line-rule-auto pap-spacing-before-2pt pap-spacing-after-2pt\">克罗地亚裔美国说唱歌手Marz从芝加哥的工业金属界崭露头角，当时是Ministry's Filth Pig（1996）的音乐工程师，并在Dark Side of the Spoon（1999）中弹吉他。后来，他继续自己的项目，其中Ministry 的Rey Washam和Louis Svitek出演。</p>\n<p class=\"paragraph text-align-type-left pap-line-1.8 pap-line-rule-auto pap-spacing-before-2pt pap-spacing-after-2pt\">&nbsp;</p>\n<p class=\"paragraph text-align-type-left pap-line-1.8 pap-line-rule-auto pap-spacing-before-2pt pap-spacing-after-2pt\">尽管Broadrick选择将精力主要投向post-metal，但Martin继续通过The Bug将industrial hip hop应用于舞厅。布鲁克林人Jace Clayton曾移居巴塞罗那，并以DJ / rupture和Nettle的名字进行唱片创作，他同时也致力于风格和breakcore的创作。 Filastine，是&iexcl;Tchkung！的前任成员，他为Clayton's Soot公司录音，还实践了多种政治化的industrial hip hop。法国公司Cavage最终与位于图卢兹的les Trolls一起致力于这种风格。今天 Antipop Consortium，Death Grips，Moodie Black，Clipping，JPEGMafia，Moor Mother和D&auml;lek和Ghostemane是当代industrial hip hop的成功范例，还有Blades Of Hades，Allflaws，Ho99o9，NAH，和Saul Williams。Kanye West的Yeezus专辑被描述为将industrial与hip hop融为一体。</p>\n<p class=\"paragraph text-align-type-left pap-line-1.8 pap-line-rule-auto pap-spacing-before-2pt pap-spacing-after-2pt\">&nbsp;</p>\n<p class=\"paragraph text-align-type-left pap-line-1.8 pap-line-rule-auto pap-spacing-before-2pt pap-spacing-after-2pt\"><span style=\"text-decoration: underline;\">当下</span></p>\n<p class=\"paragraph text-align-type-left pap-line-1.8 pap-line-rule-auto pap-spacing-before-2pt pap-spacing-after-2pt\">Antipop Consortium, Death Grips, Moodie Black, clipping., JPEGMafia, Moor Mother, D&auml;lek和 Ghostemane等都是现代Industrial Hip Hop的成功代表，以及Blades of Hades, Allflaws, Ho99o9, NAH, Saul Williams等艺术家。Kanye West的专辑《Yeezus》也被认为是Industrial和Hip Hop音乐的融合尝试。</p>\n<p class=\"paragraph text-align-type-left pap-line-1.8 pap-line-rule-auto pap-spacing-before-2pt pap-spacing-after-2pt\">&nbsp;</p>\n<p class=\"paragraph text-align-type-left pap-line-1.8 pap-line-rule-auto pap-spacing-before-2pt pap-spacing-after-2pt\"><strong>相关流派</strong></p>\n<p class=\"paragraph text-align-type-left pap-line-1.8 pap-line-rule-auto pap-spacing-before-2pt pap-spacing-after-2pt\">Industrial hip hop与更实验性的triphop有联系，有时会混淆。它还预言了dubstep的发展。 Illbient也industrial hip hop很相近，甚至算是一个子流派。当代industrial hip hop也与digital hardcore和breakcore有很强联系。</p>\n</div>\n</div>",
 "remarks": "本词条汉字内容由 @多频百科团队 翻译+编辑\n原文译自https://en.wikipedia.org/wiki/Industrial_hip_hop",
 "remarksEn": "本词条内容暂未完善仅供参考，多频百科小编正在火速赶来",
 "status": 0,
 "clickNum": 0,
 "deleted": 0,
 "lang": 0,
 "chooseLang": false,
 "id": 269,
 "name": "Industrial Hip Hop",
 "descriptions": "Industrial Hip Hop是Industrial和Hip Hop音乐的融合风格",
 "originalName": "",
 "startTimeText": "Mid-1980s",
 "startAddress": "New York City and London",
 "searchStyle": "Industrial, Hip Hop Music",
 "styleCategory": "Industrial",
 "originalStyle": "Industrial, Hip Hop Music",
 "affectStyle": "Illbient, witch house, gabber",
 "deriveStyle": "",
 "representArtist": "",
 "officialUrl": "https://en.wikipedia.org/wiki/Industrial_hip_hop",
 "typeId": 13,
 "typeName": "风格",
 "dataId": 269,
 "url": "http://dropinapp.hearinmusic.com/#/ency?typeId=13&dataId=269"
}