{
 "pageNum": 1,
 "pageSize": 10,
 "params": {},
 "relationChannel": "[{\"id\":1252,\"parentId\":8,\"name\":\"Industrial Hardcore\"}]",
 "content": "<div>\n<div class=\"document\">\n<div>\n<div class=\"document\">\n<p class=\"paragraph text-align-type-left pap-line-1.8 pap-line-rule-auto pap-spacing-before-2pt pap-spacing-after-2pt\">Industrial Hardcore是Hardcore的一种子风格，以其不受音乐调式限制的Synth，粗暴的噪音节奏，暗黑的采样，毛刺的剪辑，失真的音效和底鼓为特色。它是一种听感十分暗黑，曲速较快的音乐类型，BPM可在140~250间。</p>\n</div>\n</div>\n</div>\n</div>",
 "contentEn": "<div>\n<div class=\"document\">\n<p class=\"paragraph text-align-type-left pap-line-1.8 pap-line-rule-auto pap-spacing-before-2pt pap-spacing-after-2pt\">A subgenre of Hardcore which can be characterize by it's atonal synths, abrasive rhythmic noise, dark samples, glitchy edits, distorded sounds and kickdrums. It's very dark sounding music genre and the speed varies from 140bpm to 250bpm.</p>\n</div>\n</div>",
 "remarks": "本词条汉字内容由 @多频百科团队 翻译+编辑\n原文译自 https://www.last.fm/tag/industrial+hardcore/wiki",
 "remarksEn": "本词条内容来自 https://www.last.fm/tag/industrial+hardcore/wiki",
 "status": 1,
 "clickNum": 8,
 "deleted": 0,
 "lang": 0,
 "chooseLang": true,
 "id": 209,
 "name": "Industrial Hardcore",
 "descriptions": "Industrial Hardcore是Hardcore的一种子风格。",
 "originalName": "",
 "startTimeText": "",
 "startAddress": "",
 "searchStyle": "Hardcore",
 "styleCategory": "Hardcore",
 "originalStyle": "Industrial, Hardcore, Noise",
 "affectStyle": "",
 "deriveStyle": "",
 "representArtist": "",
 "officialUrl": "https://www.last.fm/tag/industrial+hardcore/wiki",
 "typeId": 13,
 "typeName": "风格",
 "dataId": 209,
 "url": "http://dropinapp.hearinmusic.com/#/ency?typeId=13&dataId=209"
}