{
 "pageNum": 1,
 "pageSize": 10,
 "params": {},
 "relationChannel": "[{\"id\":1298,\"parentId\":8,\"name\":\"Industrial Metal\"}]",
 "content": "<div class=\"document\">\n<div>\n<div class=\"document\">\n<p>Industrial Metal（工业金属）是 Heavy Metal（重金属）和 industrial（工业）的融合，通常使用重复的金属吉他 Riff，采样，合成器或音序器线路以及失真的人声。知名的工业金属艺人包括Ministry, Godflesh, Marilyn Manson, Rammstein和Nine Inch Nails。</p>\n<p>&nbsp;</p>\n<p>Industrial Metal 发展于 1980年代后期，随着 Industrial 和 Metal 开始融合并逐渐成为这种常见的类型。在1990年代初期，随着 Nine Inch Nails 乐队的成功，Industrial Metal 受到较好的反响，特别是在北美地区。在1990年代后半期，Industrial Metal 运动开始衰落。</p>\n<p>&nbsp;</p>\n<p class=\"paragraph text-align-type-left pap-line-1.8 pap-line-rule-auto pap-spacing-before-2pt pap-spacing-after-2pt\"><strong>历史</strong></p>\n<p class=\"paragraph text-align-type-left pap-line-1.8 pap-line-rule-auto pap-spacing-before-2pt pap-spacing-after-2pt\"><span style=\"text-decoration: underline;\">早期创新者</span></p>\n<p class=\"paragraph text-align-type-left pap-line-1.8 pap-line-rule-auto pap-spacing-before-2pt pap-spacing-after-2pt\">尽管从 Industrial 流派的早期开始艺术家就会使用电吉他，但像 Throbbing Gristle 这样的典型工业组合表现出强烈的反摇滚立场。随后，英国后朋克乐队 Killing Joke 开创了风格之间的交叉，并且对与未来工业金属相关的主要艺人产生了影响，如 Ministry、Godflesh 和Nine Inch Nails。另一支先锋工业摇滚乐队 Big Black 也影响了一些后来的乐队。</p>\n<p class=\"paragraph text-align-type-left pap-line-1.8 pap-line-rule-auto pap-spacing-before-2pt pap-spacing-after-2pt\">&nbsp;</p>\n<p class=\"paragraph text-align-type-left pap-line-1.8 pap-line-rule-auto pap-spacing-before-2pt pap-spacing-after-2pt\">到 1980 年代后期，Industrial 和 Heavy Metal 开始融合形成一个共同的流派，走在这个流派前沿作品的是 Godflesh 的同名 EP 和 Ministry 的 The Land of Rape and Honey。 Godflesh 由前 Napalm Death 吉他手 Justin Broadrick 创立。Godflesh 的声音曾被描述为&ldquo;Pornography-era The Cure on Quaaludes&rdquo;（色情时代的治愈安眠酮），他们受到了来自很多艺术家的广泛影响&mdash;&mdash; power electronics 流派前辈 Whitehouse、噪音摇滚乐队 Swans、Ambient 音乐开创者 Brian Eno 和伯明翰硬摇滚乐队 Black Sabbath。尽管不是最畅销的，但 Godflesh 仍然成为十分有影响力的艺人，Korn、Metallica、Danzig、Faith No More、和 Fear Factory 等都曾提到他们的名字。</p>\n<p class=\"paragraph text-align-type-left pap-line-1.8 pap-line-rule-auto pap-spacing-before-2pt pap-spacing-after-2pt\">&nbsp;</p>\n<p class=\"paragraph text-align-type-left pap-line-1.8 pap-line-rule-auto pap-spacing-before-2pt pap-spacing-after-2pt\">乐队 Ministry 发迹自与唱片公司 Wax Trax! Records 相关的场景，这是一个致力于工业音乐的芝加哥独立唱片公司。Ministry 最初涉足吉他摇滚是在伦敦南部录音室录制&ldquo;The Land of Rape and Honey&rdquo;期间发生的。乐队的古巴裔主唱 Al Jourgensen 解释了这种转变：</p>\n<p class=\"paragraph text-align-type-left pap-line-1.8 pap-line-rule-auto pap-spacing-before-2pt pap-spacing-after-2pt pap-hanging-indent-2em\">&nbsp;</p>\n<p class=\"paragraph text-align-type-left pap-line-1.8 pap-line-rule-auto pap-spacing-before-2pt pap-spacing-after-2pt pap-hanging-indent-2em\" style=\"padding-left: 30px;\"><em>在这张唱片上重新发现吉他几乎就像我拿到 Fairlight（音乐制作工具）的第一天一样。这些从前如此受限的事情，似乎有了无穷无尽的可能性。这真的很有趣。我最初是一名吉他手，但我已经五年没有真正接触过吉他了。直到我听到从 Marshall 音箱里的返送，突然之间，吉他演奏就好像有了一个全新的参数&mdash;&mdash;尤其是与你从键盘上得到的声音相结合。</em></p>\n<p class=\"paragraph text-align-type-left pap-line-1.8 pap-line-rule-auto pap-spacing-before-2pt pap-spacing-after-2pt\">&nbsp;</p>\n<p class=\"paragraph text-align-type-left pap-line-1.8 pap-line-rule-auto pap-spacing-before-2pt pap-spacing-after-2pt\">Jourgensen 似乎特别喜欢 Thrash Metal（鞭挞金属）。 Land 发行后，他从德州Thrash乐队 Rigor Mortis 招募了吉他手 Mike Scaccia。有一次Jourgensen 告诉媒体，Sepultura 是他最喜欢的乐队。他还表达了制作像 Metallica 一样专辑的愿望。然而，Jourgensen 对面向舞蹈的电子音乐的兴趣并没有完全消退。他还与 Front 242 的 Richard23 合作组建了另外的项目 Revolting Cocks，方向主要受 electronic body music 影响。</p>\n<p class=\"paragraph text-align-type-left pap-line-1.8 pap-line-rule-auto pap-spacing-before-2pt pap-spacing-after-2pt\">&nbsp;</p>\n<p class=\"paragraph text-align-type-left pap-line-1.8 pap-line-rule-auto pap-spacing-before-2pt pap-spacing-after-2pt\">德国乐队 KMFDM 是另一个开创性的工业金属乐队，KMFDM 的领导者 Sascha Konietzko 并不青睐金属乐，他&ldquo;对扯掉金属舔的迷恋&rdquo;源于他在 1986 年底对 E-mu 的 Emax 采样器进行的实验。他在 Guitar World 上这样表示</p>\n<p class=\"paragraph text-align-type-left pap-line-1.8 pap-line-rule-auto pap-spacing-before-2pt pap-spacing-after-2pt pap-hanging-indent-2em\">&nbsp;</p>\n<p class=\"paragraph text-align-type-left pap-line-1.8 pap-line-rule-auto pap-spacing-before-2pt pap-spacing-after-2pt pap-hanging-indent-2em\" style=\"padding-left: 30px;\"><em>将它用作我们音乐的一种白噪声增强很有趣。突然之间，重金属摆脱了它一直以来所有的节奏变化和无聊的态度。我一直最讨厌重金属的一点是，最精彩的Riff演奏只出现一次，而且永远不会重复。因此，实际上，令人着迷的是对一个伟大的Riff演奏进行采样，循环播放，并一遍又一遍地播放。</em></p>\n<p class=\"paragraph text-align-type-left pap-line-1.8 pap-line-rule-auto pap-spacing-before-2pt pap-spacing-after-2pt\">&nbsp;</p>\n<p class=\"paragraph text-align-type-left pap-line-1.8 pap-line-rule-auto pap-spacing-before-2pt pap-spacing-after-2pt\">瑞士三人组 The Young Gods 在他们的第二张专辑 L'Eau Rouge (1989) 中采用了这种风格。在发行之前，歌手弗朗茨&middot;特雷希勒 (Franz Treichler) 称：</p>\n<p class=\"paragraph text-align-type-left pap-line-1.8 pap-line-rule-auto pap-spacing-before-2pt pap-spacing-after-2pt pap-hanging-indent-2em\">&nbsp;</p>\n<p class=\"paragraph text-align-type-left pap-line-1.8 pap-line-rule-auto pap-spacing-before-2pt pap-spacing-after-2pt pap-hanging-indent-2em\" style=\"padding-left: 30px;\"><em>我们只是想听吉他。我们怀念&ldquo;Envoy&eacute;&rdquo;带来的冲击。这就是我们现在想听到的，纯粹的力量。不是复兴主义的金属声音，不是骑手的风格，不是速度金属的风格，不是任何风格，只是 WHAP！</em></p>\n<p class=\"paragraph text-align-type-left pap-line-1.8 pap-line-rule-auto pap-spacing-before-2pt pap-spacing-after-2pt\">&nbsp;</p>\n<p class=\"paragraph text-align-type-left pap-line-1.8 pap-line-rule-auto pap-spacing-before-2pt pap-spacing-after-2pt\">加拿大鞭挞金属乐队 Malhavoc 在 1980 年代后期开始将极端金属与工业音乐混合，成为该流派的早期成员之一。</p>\n<p class=\"paragraph text-align-type-left pap-line-1.8 pap-line-rule-auto pap-spacing-before-2pt pap-spacing-after-2pt\">&nbsp;</p>\n<p class=\"paragraph text-align-type-left pap-line-1.8 pap-line-rule-auto pap-spacing-before-2pt pap-spacing-after-2pt\">美国工业摇滚/工业金属巨头 Pigface 由 Martin Atkins 和 Ministry 鼓手 Bill Rieflin 创立，并由来自噪音摇滚和工业界的许多艺术家一起组成。由特伦特&middot;雷兹诺 (Trent Reznor) 组建的&ldquo;单人乐队&rdquo;&nbsp;Nine Inch Nails，凭借获得格莱美奖的《Broken》和最畅销的《The Downward Spiral》等专辑，以及他们在94年 Woodstock 音乐节的成功演出，将这一流派带入了主流。Rivethead（铆钉头）的亚文化也在这个时候发展起来，伴随着所谓的&ldquo;Coldwave&rdquo;亚流派，包括代表艺人 Chemlab、16 Volt 和 Acumen Nation。一些Electro-industrial 组合也在这一时期采用了工业金属技术，包括 Skinny Puppy（在他们由 Jourgensen 联合制作的专辑 Rabies 中）和 Front Line Assembly。</p>\n<p class=\"paragraph text-align-type-left pap-line-1.8 pap-line-rule-auto pap-spacing-before-2pt pap-spacing-after-2pt\">&nbsp;</p>\n<p class=\"paragraph text-align-type-left pap-line-1.8 pap-line-rule-auto pap-spacing-before-2pt pap-spacing-after-2pt\">英国乐队 Pitchshifter 由 Jon 和 Mark Clayden 兄弟于 1989 年成立，也是一支工业金属乐队。乐队后来加入了 Drum and Bass 的元素。乐队发言人 JS 提到：</p>\n<p class=\"paragraph text-align-type-left pap-line-1.8 pap-line-rule-auto pap-spacing-before-2pt pap-spacing-after-2pt\">&nbsp;</p>\n<p class=\"paragraph text-align-type-left pap-line-1.8 pap-line-rule-auto pap-spacing-before-2pt pap-spacing-after-2pt\">在早期，我们受到像 Head of David 和 Swans 之类的乐队的启发&hellip;&hellip;从朋克中走出来，进入怪异、愤怒、完全的噪音，一种pre-industrial音乐。它被称为industrial，但我不知道它是否真的是。</p>\n<p class=\"paragraph text-align-type-left pap-line-1.8 pap-line-rule-auto pap-spacing-before-2pt pap-spacing-after-2pt\">&nbsp;</p>\n<p class=\"paragraph text-align-type-left pap-line-1.8 pap-line-rule-auto pap-spacing-before-2pt pap-spacing-after-2pt\"><span style=\"text-decoration: underline;\">Industrial thrash and death metal（工业鞭挞和死亡金属）</span></p>\n<p class=\"paragraph text-align-type-left pap-line-1.8 pap-line-rule-auto pap-spacing-before-2pt pap-spacing-after-2pt\">工业金属的流行导致许多成功的鞭打金属乐队，包括 Megadeth、Sepultura 和 Anthrax，寻求&ldquo;Industrial&rdquo;艺术家进行Remix创作。一些从死亡金属界崭露头角的音乐家，如 Fear Factory、Nailbomb、Autokrator 和 Meathook Seed，也开始尝试工业。来自洛杉矶的 Fear Factory 最初受到独立厂牌 Earache 艺人（包括 Godflesh、Napalm Death 和 Bolt Thrower）的影响。德国乐队 Oomph! 在他们的第二张专辑&ldquo;Sperm&rdquo;之后，开始演奏结合死亡金属和Groove Metal元素的工业金属，直到专辑 Plastik。巴西重金属乐队 Sepultura 歌手 Max Cavalera 的另一支乐队 Nailbomb，与 Alex Newport 合作，也实践了极端金属和工业生产技术的结合。还有一个鲜为人知的工业死亡金属例子是 Meathook Seed，由来自 Napalm Death 和佛罗里达州死亡金属乐队 Obituary 的成员组成。作为一名工业音乐迷，Obituary 吉他手特雷弗&middot;佩雷斯 (Trevor Peres) 希望在乐队最成功的专辑专辑 The End Complete 中加入了鼓机，其他乐队成员的拒绝使他最终组建了 Meathook Seed。</p>\n<p class=\"paragraph text-align-type-left pap-line-1.8 pap-line-rule-auto pap-spacing-before-2pt pap-spacing-after-2pt\">&nbsp;</p>\n<p class=\"paragraph text-align-type-left pap-line-1.8 pap-line-rule-auto pap-spacing-before-2pt pap-spacing-after-2pt\"><span style=\"text-decoration: underline;\">Industrial Black Metal（工业黑金属）</span></p>\n<p class=\"paragraph text-align-type-left pap-line-1.8 pap-line-rule-auto pap-spacing-before-2pt pap-spacing-after-2pt\">在 21 世纪初，黑金属乐队开始融入工业音乐元素。成立于 1991 年的 Mysticum 是这些团体中的第一个。其他如 DHG (D&oslash;dheimsgard)，来自挪威的 Thorns 和 Blut Aus Nord，N.K.V.D. 来自法国的 Blacklodge 也因融入工业元素而广受赞誉。其他工业黑金属音乐家包括 Samael、The Axis of Perdition、Aborym、和 ...And Oceans。 此外，The Kovenant, Mortiis 和 Ulver 从挪威黑金属界脱颖而出，但后来选择尝试工业音乐。</p>\n<p class=\"paragraph text-align-type-left pap-line-1.8 pap-line-rule-auto pap-spacing-before-2pt pap-spacing-after-2pt\">&nbsp;</p>\n<p class=\"paragraph text-align-type-left pap-line-1.8 pap-line-rule-auto pap-spacing-before-2pt pap-spacing-after-2pt\"><span style=\"text-decoration: underline;\">Progressive Industrial Metal（渐进工业金属）</span></p>\n<p class=\"paragraph text-align-type-left pap-line-1.8 pap-line-rule-auto pap-spacing-before-2pt pap-spacing-after-2pt\">几位扎根于Progressive音乐的艺术家，虽然不常与工业金属场景联系在一起，但也将工业质感融入到他们的音乐中。晚期的 King Crimson，其 2000 年代的专辑被称为&ldquo;Industrial Art Metal（工业艺术金属）&rdquo;，以及美国的 OSI 可以被称为 Progressive Industrial Metal 的代表。与极端金属子流派相关的一些艺人也将渐进、前卫与工业金属混合在一起，其中包括匈牙利实验金属乐队 Thy Catafalque，Blut aus Nord 和挪威乐队 Shining 及其广受好评的专辑 Blackjazz，其中融合了 Progressive Rock， Black Metal、自由爵士和工业。工业鞭打金属乐队 Strapping Young Lad 的创始人，加拿大艺术家 Devin Townsend ，也在他多产的个人生涯中将工业与 Progressive Metal 融合在一起。</p>\n<p class=\"paragraph text-align-type-left pap-line-1.8 pap-line-rule-auto pap-spacing-before-2pt pap-spacing-after-2pt\">&nbsp;</p>\n<p class=\"paragraph text-align-type-left pap-line-1.8 pap-line-rule-auto pap-spacing-before-2pt pap-spacing-after-2pt\"><strong>商业崛起</strong></p>\n<p class=\"paragraph text-align-type-left pap-line-1.8 pap-line-rule-auto pap-spacing-before-2pt pap-spacing-after-2pt\">工业金属在 1990 年代初期蓬勃发展，尤其是在北美，相关唱片销量接近 3500 万件。它于 1992 年首次体现出商业上的能量，当时 Nine Inch Nails 的《Broken》和 Ministry 的《Psalm 69》在美国销量都达到了白金（尽管后者花了三年时间才达到这个位置）。两个组合都被提名为 1992 年格莱美奖的 Best Metal Performance 奖，其中 Nine Inch Nails 获胜。两年后， Nine Inch Nails 发行了《The Downward Spiral》，它自发行便空降 Billboard 第 2 位，并最终成为四白金专辑。这张唱片被 AllMusic 认为是&ldquo;有史以来最阴冷的多白金专辑之一&rdquo;。</p>\n<p class=\"paragraph text-align-type-left pap-line-1.8 pap-line-rule-auto pap-spacing-before-2pt pap-spacing-after-2pt\">&nbsp;</p>\n<p class=\"paragraph text-align-type-left pap-line-1.8 pap-line-rule-auto pap-spacing-before-2pt pap-spacing-after-2pt\" style=\"padding-left: 30px;\"><em>总的来说，流行的重摇滚音乐已经变得更加&ldquo;工业化&rdquo;了。这剥夺了工业核心运动建立自己新身份的任何希望。这种风格已经死了（或者至少是正在消亡中）；这种风格的元素将在新的音乐环境中继续存在。</em></p>\n<p class=\"paragraph text-align-type-left pap-line-1.8 pap-line-rule-auto pap-spacing-before-2pt pap-spacing-after-2pt\" style=\"padding-left: 30px;\"><em>&ndash; David A. Locher，密苏里州立大学社会学教授，1998</em></p>\n<p class=\"paragraph text-align-type-left pap-line-1.8 pap-line-rule-auto pap-spacing-before-2pt pap-spacing-after-2pt\">&nbsp;</p>\n<p class=\"paragraph text-align-type-left pap-line-1.8 pap-line-rule-auto pap-spacing-before-2pt pap-spacing-after-2pt\">继 Nine Inch Nails 的成功之后，Marilyn Manson（玛丽莲曼森）在 Reznor（Nine Inch Nails 灵魂人物）的一位门生的带领下开始崭露头角。该乐队的现场表演和其超凡脱俗的吸引力往往比他们的音乐受到更多的评论。</p>\n<p class=\"paragraph text-align-type-left pap-line-1.8 pap-line-rule-auto pap-spacing-before-2pt pap-spacing-after-2pt\">&nbsp;</p>\n<p class=\"paragraph text-align-type-left pap-line-1.8 pap-line-rule-auto pap-spacing-before-2pt pap-spacing-after-2pt\">工业金属在 1990 年代后半期达到了商业顶峰&mdash;&mdash;根据 RIAA 数据库，其最畅销的艺术家共售出专辑约 1750 万件。主要工业金属艺术家的唱片经常在 Billboard 200 排行榜的榜首位置首次亮相：Rob Zombie 的 Hellbilly Deluxe（第 5 位）、玛丽莲曼森的 Antichrist Superstar（第 3 位）、和 Nine Inch Nails 的 The Fragile（第 1 位）。许多工业金属专辑在 Billboard 的 Heatseekers 排行榜上表现良好：Filter 的 Short Bus（第 3 位）， Stabbing Westward 的 Wither Blister Burn + Peel（第 1 位），Rammstein 的 Sehnsucht（第 2 位），Orgy 的 Candyass（第 1 名），和 Static-X 的 Wisconsin Death Trip（第 1 名）。</p>\n<p class=\"paragraph text-align-type-left pap-line-1.8 pap-line-rule-auto pap-spacing-before-2pt pap-spacing-after-2pt\">&nbsp;</p>\n<p class=\"paragraph text-align-type-left pap-line-1.8 pap-line-rule-auto pap-spacing-before-2pt pap-spacing-after-2pt\">在这个时代，Trent Reznor 被时代杂志选为 1997 年最有影响力的美国人之一。该类型的流行如此之大，以至于知名的 Glam Metal 乐队，包括 Guns N' Roses 和 M&ouml;tley Cr&uuml;e，也开始涉足这种风格。嘻哈界的人物也开始寻求与工业金属音乐家的合作和混音。</p>\n<p class=\"paragraph text-align-type-left pap-line-1.8 pap-line-rule-auto pap-spacing-before-2pt pap-spacing-after-2pt\">&nbsp;</p>\n<p class=\"paragraph text-align-type-left pap-line-1.8 pap-line-rule-auto pap-spacing-before-2pt pap-spacing-after-2pt\">当工业金属登上 1990 年代后期的排行榜时，它的突然流行遭到了工业音乐早期创新者的负面反应。Peter Christopherson 告诉 The Wire，他不再觉得与 Industrial 场景有任何亲缘关系：&ldquo;这不是我，这不是我想要的&rdquo;。Lustmord 是一位著名的早期工业音乐家，宣称&ldquo;Ministry 只是对 [他] 不感兴趣&rdquo;和&ldquo;[他] 没有时间听他们现在正在做的所有这些摇滚乐事。&rdquo; Skinny Puppy 主唱 Nivek Ogre 将 Nine Inch Nails 斥为&ldquo;公鸡摇滚&rdquo;，但此后双方和好并曾一起在舞台上表演。</p>\n<p class=\"paragraph text-align-type-left pap-line-1.8 pap-line-rule-auto pap-spacing-before-2pt pap-spacing-after-2pt\">&nbsp;</p>\n<p class=\"paragraph text-align-type-left pap-line-1.8 pap-line-rule-auto pap-spacing-before-2pt pap-spacing-after-2pt\">工业金属在世纪之交遭受了打击。在芝加哥太阳时报 2000 年 4 月的一篇评论中，Jim DeRogatis 将 Nine Inch Nails 的新音乐斥为&ldquo;Industrial Thrash的常规标签&rdquo;，并指责 Ministry 重复了&ldquo;到 1992 年已经过时&rdquo;的行为。尽管 The Fragile 登上了 Billboard 200 的头名，并继续获得双白金地位，DeRogatis 仍然认为这是&ldquo;失败&rdquo;。大约在这个时候，资深的工业金属艺术家（Ministry, Godflesh, 和 White Zombie）开始否定工业的标签。不过 2000 年至 2005 年期间相关作品销售额仍保持高位；在那段时间里，至少售出了 1000 万张唱片。除了工业金属之外，许多团体开始受到嘻哈和电子音乐的影响。因此，像 Powerman 5000 这样的艺术家通常被描述为工业金属和 Nu Metal（新金属）。</p>\n<p class=\"paragraph text-align-type-left pap-line-1.8 pap-line-rule-auto pap-spacing-before-2pt pap-spacing-after-2pt\">&nbsp;</p>\n<p class=\"paragraph text-align-type-left pap-line-1.8 pap-line-rule-auto pap-spacing-before-2pt pap-spacing-after-2pt\"><strong>影视</strong></p>\n<p class=\"paragraph text-align-type-left pap-line-1.8 pap-line-rule-auto pap-spacing-before-2pt pap-spacing-after-2pt\">几个工业金属乐队都制作了引人注目的视频。其中包括 Godflesh 与 Andres Serrano 的合作，Aidan Hughes 为 KMFDM 设计的图形，Nine Inch Nails 与 Mark Romanek 的作品，Rob Zombie 为 White Zombie 的视觉作品（他因此获得了 MTV 视频音乐奖最佳硬摇滚视频）、以及和玛丽莲&middot;曼森与理查德&middot;克恩和 Floria Sigismondi 的作品。NIN 后来与 Bill Viola 合作进行现场伴奏。特伦特&middot;雷兹诺 (Trent Reznor) 还为电影《Natural Born Killers》和《Lost Highway》制作了配乐，并担任了《Man on Fire》的音乐顾问。Rob Zombie 执导了三部电影。2009 年，玛丽莲曼森正在执导《Phantasmagoria: The Visions of Lewis Carroll》。其他包含工业金属艺术家的贡献的电影包括The Crow, Johnny Mnemonic, Spawn, The Matrix, Blair Witch 以及 A.I. Artificial Intelligence。</p>\n<p class=\"paragraph text-align-type-left pap-line-1.8 pap-line-rule-auto pap-spacing-before-2pt pap-spacing-after-2pt\">&nbsp;</p>\n<p class=\"paragraph text-align-type-left pap-line-1.8 pap-line-rule-auto pap-spacing-before-2pt pap-spacing-after-2pt\"><strong>争议</strong></p>\n<p class=\"paragraph text-align-type-left pap-line-1.8 pap-line-rule-auto pap-spacing-before-2pt pap-spacing-after-2pt\">工业金属对越界主题的强调使一些乐队容易受到美国社会保守派的攻击。例如，时任共和党领袖的参议员 Bob Dole 在与 Michael J. Fuchs（华纳音乐集团的负责人）、William Bennett 和 C. Delores Tucker（后两位均为美国政坛要员）会面后严厉批评时代华纳，Bennett 和 Tucker 要求 Fuchs 朗读 NIN 的&ldquo;Big Man with a Gun&rdquo;中的歌词。一年后，政客 Bennett、Tucker 和 Joseph Lieberman 发起了一场类似的运动，反对 MCA Records 发行玛丽莲曼森的音乐。在这场骚动之后，当局取消了他们的许多音乐会。此外，丹尼斯&middot;库珀 (Dennis Cooper) 引用了 Ministry 的&ldquo;Just One Fix&rdquo;MV，其中包含 William S. Burroughs 的镜头，作为 Heroin Chic（海洛因风潮）的早期例子。一些初步报告称，哥伦拜恩高中枪击案枪手 Eric Harris 和 Dylan Klebold 是玛丽莲曼森的粉丝。事实上，他们更喜欢 KMFDM 和 Rammstein。另一位校园枪击案枪手 Asa Coon 也是曼森的粉丝。曼森作为一名前记者，在滚石杂志上发表的一篇文章中对哥伦拜恩枪击事件后的争议发表了详细的回应：</p>\n<p class=\"paragraph text-align-type-left pap-line-1.8 pap-line-rule-auto pap-spacing-before-2pt pap-spacing-after-2pt pap-hanging-indent-2em\">&nbsp;</p>\n<p class=\"paragraph text-align-type-left pap-line-1.8 pap-line-rule-auto pap-spacing-before-2pt pap-spacing-after-2pt pap-hanging-indent-2em\" style=\"padding-left: 30px;\"><em>这种争议无助于我出售唱片或门票，我也不希望它这样做。我是一个有争议的艺术家，敢于发表意见，并且不厌其烦地创作音乐和视频，在一个被淡化和空洞的世界中挑战人们的想法。在我的工作中，我审视了我们生活的美国，我一直试图向人们展示，我们将暴行归咎于的魔鬼实际上只是我们每个人。&nbsp;</em></p>\n<p class=\"paragraph text-align-type-left pap-line-1.8 pap-line-rule-auto pap-spacing-before-2pt pap-spacing-after-2pt\">&nbsp;</p>\n<p class=\"paragraph text-align-type-left pap-line-1.8 pap-line-rule-auto pap-spacing-before-2pt pap-spacing-after-2pt\">Sascha Konietzko 报道称，KMFDM 对枪击事件感到&ldquo;恶心和震惊&rdquo;，第二天发表声明说：</p>\n<p class=\"paragraph text-align-type-left pap-line-1.8 pap-line-rule-auto pap-spacing-before-2pt pap-spacing-after-2pt pap-hanging-indent-2em\">&nbsp;</p>\n<p class=\"paragraph text-align-type-left pap-line-1.8 pap-line-rule-auto pap-spacing-before-2pt pap-spacing-after-2pt pap-hanging-indent-2em\" style=\"padding-left: 30px;\"><em>首先，KMFDM 向利特尔顿被谋杀和受伤儿童的父母、家人和朋友表示深切的同情。我们和全国其他地方一样，对昨天在科罗拉多州发生的事情感到恶心和震惊。 KMFDM 是一种艺术形式，而不是政党。从一开始，我们的音乐就是反对战争、压迫、法西斯主义和针对他人的暴力的宣言。虽然媒体报道的一些前乐队成员是德国人，但我们没有人宽恕任何纳粹信仰。</em></p>\n<p class=\"paragraph text-align-type-left pap-line-1.8 pap-line-rule-auto pap-spacing-before-2pt pap-spacing-after-2pt\">&nbsp;</p>\n<p class=\"paragraph text-align-type-left pap-line-1.8 pap-line-rule-auto pap-spacing-before-2pt pap-spacing-after-2pt\">Rammstein 说他们&ldquo;没有可能影响这种行为的歌词内容或政治信仰&rdquo;。Rammstein 也因使用纳粹形象而饱受争议，包括莱妮&middot;里芬斯塔尔 (Leni Riefenstahl) 为奥林匹亚 (Olympia) 拍摄的影片&ldquo;剥离&rdquo;(Stripped)。德国 Digital Hardcore 音乐家 Alec Empire 宣称&ldquo;Rammstein 的成功是基于错误的理由。我认为他们不是法西斯乐队，但我认为在德国有很多误解，这就是他们能售出专辑的原因，我认为这很危险。&rdquo;在回应争议时，Rammstein 说：&ldquo;我们不是纳粹、新纳粹或任何其他类型的纳粹。我们反对种族主义、偏执或任何其他类型的歧视。&rdquo;乐队继续创作了 2001 年发行的歌曲&ldquo;Links 2-3-4&rdquo;，该歌曲通过暗示他们在政治态度中的左倾来回应纳粹的指控。</p>\n</div>\n</div>\n</div>",
 "remarks": "本词条汉字内容由 @多频百科团队 翻译+编辑\n原文译自https://en.wikipedia.org/wiki/Industrial_metal",
 "remarksEn": "本词条内容暂未完善仅供参考，多频百科小编正在火速赶来",
 "status": 1,
 "clickNum": 12,
 "deleted": 0,
 "lang": 0,
 "chooseLang": false,
 "id": 270,
 "name": "Industrial Metal",
 "descriptions": "Industrial Metal（工业金属）是 Heavy Metal（重金属）和 industrial（工业）的融合，通常使用重复的金属吉他 Riff，采样，合成器或音序器线路以及失真的人声。知名的工业金属艺人包括Ministry, Godflesh, Marilyn Manson, Rammstein和Nine Inch Nails。 \n\nIndustrial Metal 发展于 1980年代后期，随着 Industrial 和 Metal 开始融合并逐渐成为这种常见的类型。在1990年代初期，随着 Nine Inch Nails 乐队的成功，Industrial Metal 受到较好的反响，特别是在北美地区。在1990年代后半期，Industrial Metal 运动开始衰落。",
 "originalName": "",
 "startTimeText": "Mid-1980s",
 "startAddress": "UK, United States, Germany, and Switzerland",
 "searchStyle": "Industrial",
 "styleCategory": "Industrial",
 "originalStyle": "Industrial rock, heavy metal",
 "affectStyle": "Neue Deutsche härte, nu metal",
 "deriveStyle": "",
 "representArtist": "Nine Inch Nails, Ministry, Marilyn Manson, Godflesh, Rammstein",
 "officialUrl": "https://en.wikipedia.org/wiki/Industrial_metal",
 "typeId": 13,
 "typeName": "风格",
 "dataId": 270,
 "url": "http://dropinapp.hearinmusic.com/#/ency?typeId=13&dataId=270"
}