{
 "pageNum": 1,
 "pageSize": 10,
 "params": {},
 "relationChannel": "[{\"id\":625,\"parentId\":8,\"name\":\"Industrial\"}]",
 "content": "<div class=\"document\">\n<p class=\"paragraph text-align-type-left pap-line-1.8 pap-line-rule-auto pap-spacing-before-2pt pap-spacing-after-2pt\">工业音乐（英语：Industrial music）是一种实验/电子音乐的音乐风格，起源于20世纪70年代的英国与德国地区，以其越界或挑衅的声音、主题而著称。</p>\n<p class=\"paragraph text-align-type-left pap-line-1.8 pap-line-rule-auto pap-spacing-before-2pt pap-spacing-after-2pt\">&nbsp;</p>\n<p class=\"paragraph text-align-type-left pap-line-1.8 pap-line-rule-auto pap-spacing-before-2pt pap-spacing-after-2pt\">AllMusic将工业音乐定义为&ldquo;摇滚音乐与电子音乐的最强力和最激进的融合&rdquo;，&ldquo;最初是前卫电子技术实验（磁带音乐，具象音乐，白噪声，合成器，音序器等）和朋克挑衅的结合&ldquo;。Industrial这个词是在70年代中期由Throbbing Gristle和Monte Cazazza的成员创立厂牌Industrial Records时正式提出和应用在音乐上的，而这个名称最早起源于英国艺术组合Throbbing Gristle活跃时期。同时在美国也出现了对该类型至关重要的艺术家和唱片公司，主要是Lou Reed的专辑《Metal Machine Music》。</p>\n<p class=\"paragraph text-align-type-left pap-line-1.8 pap-line-rule-auto pap-spacing-before-2pt pap-spacing-after-2pt\">&nbsp;</p>\n<div>\n<div class=\"document\">\n<p class=\"paragraph text-align-type-left pap-line-1.8 pap-line-rule-auto pap-spacing-before-2pt pap-spacing-after-2pt\">第一批工业音乐人在音乐和视觉上尝试噪音和美学上有争议的话题，如法西斯主义、性变态和神秘主义。著名的工业音乐人包括Throbbing Gristle、Monte Cazazza、SPK、Boyd Rice、Cabaret Voltaire和Z'EV。在Throbbing Gristle 1977年的首张专辑《The Second Annual Report》中，他们创造了 \"Industrial music for industrial people（工业人的工业音乐）\"的口号。总部设在芝加哥的独立厂牌Wax Trax Records则是签约了一众工业音乐艺术家。影响该流派发展的前驱者包括电子音乐团体Kraftwerk、实验性摇滚乐手Pink Floyd和Frank Zappa、迷幻摇滚乐手Jimi Hendrix以及作曲家John Cage等。音乐家们还把威廉-S-巴勒斯（William S. Burroughs）等作家和弗里德里希-尼采（Friedrich Nietzsche）等哲学家作为影响来源。</p>\n<p class=\"paragraph text-align-type-left pap-line-1.8 pap-line-rule-auto pap-spacing-before-2pt pap-spacing-after-2pt\">&nbsp;</p>\n<p class=\"paragraph text-align-type-left pap-line-1.8 pap-line-rule-auto pap-spacing-before-2pt pap-spacing-after-2pt\">虽然Industrial这个词在70年代后期被一小撮与工业唱片相关的团体和个人自行采用，但后来扩大到包括受原始运动或使用&ldquo;工业&rdquo;美学影响的艺术家。随着时间的流逝，这种风格的影响力扩散并融合了各种风格，包括环境，合成音乐和摇滚，例如来自总​部位于芝加哥的Wax Trax Records的Front 242，Front Line Assembly，KMFDM和Sister Machine Gun。电子工业音乐是1980年代发展起来的主要子流派，该流派中最著名的乐队是Front Line Assembly和Skinny Puppy。其他两个最著名的混合流派是工业摇滚和工业金属，其中包括诸如Nine Inch Nails，Ministry，Rammstein和Fear Factory等的乐队，其中前三支乐队在1990年代发行了畅销的白金唱片。</p>\n</div>\n</div>\n<p class=\"paragraph text-align-type-left pap-line-1.8 pap-line-rule-auto pap-spacing-before-2pt pap-spacing-after-2pt\">&nbsp;</p>\n<p class=\"paragraph text-align-type-left pap-line-1.8 pap-line-rule-auto pap-spacing-before-2pt pap-spacing-after-2pt\"><strong>历史</strong></p>\n<p class=\"paragraph text-align-type-left pap-line-1.8 pap-line-rule-auto pap-spacing-before-2pt pap-spacing-after-2pt\"><span style=\"text-decoration: underline;\">前身</span></p>\n<p class=\"paragraph text-align-type-left pap-line-1.8 pap-line-rule-auto pap-spacing-before-2pt pap-spacing-after-2pt\">Industrial的发展借鉴了广泛的艺术前作。根据《牛津英语词典》，这一流派首次被命名是在1942年，当时《音乐季刊》称Dmitri Shostakovich1927年的第二交响曲是\"'Industrial'的高潮\"。同样，1972年《纽约时报》将Ferde Grof&eacute; 的作品（尤其是1935年的《钢铁交响曲》）描述为 \"他的'Industrial music'流派，调用了四双鞋、两把扫帚、一个机车铃、一个气钻和一个压缩空气罐等乐器\"。虽然这些作品与该流派后来的发展没有直接联系，但它们是旨在模仿机械噪音和工厂气氛的早期音乐范例。</p>\n<p class=\"paragraph text-align-type-left pap-line-1.8 pap-line-rule-auto pap-spacing-before-2pt pap-spacing-after-2pt\">&nbsp;</p>\n<p class=\"paragraph text-align-type-left pap-line-1.8 pap-line-rule-auto pap-spacing-before-2pt pap-spacing-after-2pt\">在他的书Interrogation Machine: Laibach and NSK一书中，认为Kraftwerk在工业音乐的发展中特别重要，因为他们是 \"第一个成功地将工业声音的代表纳入非学术性电子音乐的艺术家。\"工业音乐最初是通过使用机械和电动机械创造出来的，后来随着技术的发展，合成器、采样器和电子打击乐器也变得先进。Monroe 还认为Suicide 乐队是工业音乐人的一个有影响力的同时代人。被工业音乐创始人引为灵感的团体包括The Velvet Underground、Joy Division和Martin Denny。 Throbbing Gristle的Genesis P-Oridge有一个磁带库，包括Master Musicians of Jajouka、Kraftwerk、Charles Manson和William S. Burroughs的录音。P-Oridge在1979年的采访中还提到了60年代的摇滚乐，如The Doors、Pearls Before Swine、The Fugs、Captain Beefheart和Frank Zappa。</p>\n<p class=\"paragraph text-align-type-left pap-line-1.8 pap-line-rule-auto pap-spacing-before-2pt pap-spacing-after-2pt\">&nbsp;</p>\n<p class=\"paragraph text-align-type-left pap-line-1.8 pap-line-rule-auto pap-spacing-before-2pt pap-spacing-after-2pt\" style=\"text-align: center;\"><img src=\"https://duopin-community.oss-cn-shenzhen.aliyuncs.com/v132cgiv2f0cp2mp14r4.jpg\" alt=\"\" width=\"512\" height=\"768\" /></p>\n<p class=\"paragraph text-align-type-left pap-line-1.8 pap-line-rule-auto pap-spacing-before-2pt pap-spacing-after-2pt\" style=\"text-align: center;\"><span style=\"font-size: 8pt;\">Frank Zappa和Captain Beefheart（1975）</span></p>\n<p class=\"paragraph text-align-type-left pap-line-1.8 pap-line-rule-auto pap-spacing-before-2pt pap-spacing-after-2pt\" style=\"text-align: center;\"><span style=\"font-size: 8pt;\">By Carl Lender - originally posted to Flickr as Frank Zappa - Capt. Beefheart, CC BY 2.0, https://commons.wikimedia.org/w/index.php?curid=6434363</span></p>\n<p class=\"paragraph text-align-type-left pap-line-1.8 pap-line-rule-auto pap-spacing-before-2pt pap-spacing-after-2pt\">&nbsp;</p>\n<div>\n<div class=\"document\">\n<p class=\"paragraph text-align-type-left pap-line-1.8 pap-line-rule-auto pap-spacing-before-2pt pap-spacing-after-2pt\">Chris Carter 也喜欢并从Pink Floyd 和Tangerine Dream中找到灵感。Z'EV在谈及他的艺术生活受到的影响时列举了Christopher Tree（Spontaneous Sound）、John Coltrane、Miles Davis、Tim Buckley、Jimi Hendrix和Captain Beefheart等人以及西藏、巴厘岛、爪哇、印度和非洲音乐。 Cabaret Voltaire把Roxy Music作为他们最初的音乐先驱，以及Kraftwerk的Trans-Europe Express。Cabaret Voltaire还录制了一些让人想起Musique concr&egrave;te和Morton Subotnick等作曲家的作品。Skidoo借鉴了Fela Kuti和Miles Davis的《On the Corner》。许多工业团体，包括Einst&uuml;rzende Neubauten，都从世界音乐中获得灵感。</p>\n<p class=\"paragraph text-align-type-left pap-line-1.8 pap-line-rule-auto pap-spacing-before-2pt pap-spacing-after-2pt\">&nbsp;</p>\n<p class=\"paragraph text-align-type-left pap-line-1.8 pap-line-rule-auto pap-spacing-before-2pt pap-spacing-after-2pt\">许多最初的工业音乐家喜欢引用艺术家或思想家，而不是音乐家，作为他们的灵感。Simon Reynolds宣称：\"作为Throbbing Gristle的粉丝，就像参加了一个文化极端主义的大学课程。\"John Cage是Throbbing Gristle最初的灵感来源。SPK欣赏Jean Dubuffet, Marcel Duchamp, Jean Baudrillard, Michel Foucault, Walter Benjamin, Marshall McLuhan, Friedrich Nietzsche, 和Gilles Deleuze，以及受到同名的Socialist Patients宣言的启发。 Cabaret Voltaire从Burroughs、J. G. Ballard和Tristan Tzara那里获得了灵感线索。Whitehouse和Nurse with Wound将他们的一些作品献给了Marquis de Sade；后者也从Comte de Lautr&eacute;amont那里获得动力。</p>\n<p class=\"paragraph text-align-type-left pap-line-1.8 pap-line-rule-auto pap-spacing-before-2pt pap-spacing-after-2pt\">&nbsp;</p>\n<div>\n<div class=\"document\">\n<p class=\"paragraph text-align-type-left pap-line-1.8 pap-line-rule-auto pap-spacing-before-2pt pap-spacing-after-2pt\">对industrial美学的另一个影响是Lou Reed的专辑《Metal Machine Music》。Pitchfork Music认为这张专辑 \"在一定程度上启发了当代先锋派音乐的大部分--尤其是noise。\"这张专辑完全由吉他feedback组成，预示着工业音乐对非音乐声音的影响。《纽约时报》描述美国先锋派乐队The Residents是 \"朋克、新浪潮和工业音乐形式的先导\"。</p>\n</div>\n</div>\n<p class=\"paragraph text-align-type-left pap-line-1.8 pap-line-rule-auto pap-spacing-before-2pt pap-spacing-after-2pt\">&nbsp;</p>\n<div>\n<div class=\"document\">\n<p class=\"paragraph text-align-type-left pap-line-1.8 pap-line-rule-auto pap-spacing-before-2pt pap-spacing-after-2pt\"><span style=\"text-decoration: underline;\">工业唱片</span></p>\n<p class=\"paragraph text-align-type-left pap-line-1.8 pap-line-rule-auto pap-spacing-before-2pt pap-spacing-after-2pt\">&ldquo;Industrial Music for Industrial People&rdquo;的口号最早由Monte Cazazza应用为厂牌Industrial Records（由英国先驱艺术团体Throbbing Gristle创立）的标语。第一波工业音乐随伦敦的Throbbing Gristle、谢菲尔德的Cabaret Voltaire和美国的Boyd Rice（以NON的名义录音）等艺人而出现。Throbbing Gristle第一次演出是在1976年，开始是位于赫尔河畔金斯顿的COUM Transmissions的一个音乐分支。COUM最初是一个psychedelic rock乐队，但为了获得英国艺术委员会的资助，开始将他们的工作描述为行为艺术。COUM由P-Oridge和Cosey Fanni Tutti组成。从1972年开始，COUM上演了几场受Fluxus和维也纳行动主义启发的表演。商业艺术家Hipgnosis的雇员Peter Christopherson于1974年加入该团体，次年Carter也加入团体。</p>\n<p class=\"paragraph text-align-type-left pap-line-1.8 pap-line-rule-auto pap-spacing-before-2pt pap-spacing-after-2pt\">&nbsp;</p>\n<div>\n<div class=\"document\">\n<p class=\"paragraph text-align-type-left pap-line-1.8 pap-line-rule-auto pap-spacing-before-2pt pap-spacing-after-2pt\">该团体于1975年9月改名为 Throbbing Gristle，他们的名字来自英国北部俚语中的&ldquo;勃起&rdquo;。该团体的第一次公开表演是在1976年10月，与一个名为 \"Prostitution \"的展出一起进行，其中包括Tutti的色情照片以及用过的卫生棉条。保守派政治家Nicholas Fairbairn声称，\"这里浪费公共资金，破坏我们的社会道德\"，并抨击该团体是 \"文明的破坏者\"。该团体于1981年宣布解散，宣布其 \"使命 \"已经 \"终止\"。后于2004年重组，并于2010年再次解散。</p>\n<p class=\"paragraph text-align-type-left pap-line-1.8 pap-line-rule-auto pap-spacing-before-2pt pap-spacing-after-2pt\">&nbsp;</p>\n<p class=\"paragraph text-align-type-left pap-line-1.8 pap-line-rule-auto pap-spacing-before-2pt pap-spacing-after-2pt\" style=\"text-align: center;\"><img src=\"https://duopin-community.oss-cn-shenzhen.aliyuncs.com/75wvn359j2eagsimjsqd.jpg\" alt=\"\" width=\"1440\" height=\"1080\" /></p>\n<p class=\"paragraph text-align-type-left pap-line-1.8 pap-line-rule-auto pap-spacing-before-2pt pap-spacing-after-2pt\" style=\"text-align: center;\"><span style=\"font-size: 8pt;\">Throbbing Gristle重组后的现场表演（2009）</span></p>\n<p class=\"paragraph text-align-type-left pap-line-1.8 pap-line-rule-auto pap-spacing-before-2pt pap-spacing-after-2pt\" style=\"text-align: center;\"><span style=\"font-size: 8pt;\">By Seth Tisue - Image on Flickr, CC BY-SA 2.0, https://commons.wikimedia.org/w/index.php?curid=22689473</span></p>\n<p class=\"paragraph text-align-type-left pap-line-1.8 pap-line-rule-auto pap-spacing-before-2pt pap-spacing-after-2pt\">&nbsp;</p>\n<div>\n<div class=\"document\">\n<p class=\"paragraph text-align-type-left pap-line-1.8 pap-line-rule-auto pap-spacing-before-2pt pap-spacing-after-2pt\"><span style=\"text-decoration: underline;\">Wax Trax! 唱片公司</span></p>\n<p class=\"paragraph text-align-type-left pap-line-1.8 pap-line-rule-auto pap-spacing-before-2pt pap-spacing-after-2pt\">芝加哥厂牌Wax Trax! Records在20世纪80年代初开始的工业音乐的广泛关注中表现突出。该厂牌由Jim Nash 和Dannie Flesher创办。该厂牌的第一张正式发行的唱片是1980年Strike Under的一张EP，名为Immediate Action 。在整个80年代和90年代，该厂牌继续发行了一些工业领域最突出的单曲。Wax Trax！还为比利时厂牌Play It Again Sam Records在美国发行工业唱片，并开设了一个北美办事处，称为Play It Again Sam U.S.A.，作为Wax Trax！的一个分部。Wax Trax！随后在1992年被TVT唱片公司收购，后者在2001年关闭了这个独立的芝加哥厂牌。Jim的女儿，Julia Nash，在2011年重组了Wax Trax! 厂牌，在2011年举办了为期3天的慈善活动，名为Wax Trax! Retrospectacle--33 1/3年纪念活动。Julia在2014年正式在Wax Trax！imprint下发布了新的音乐，并继续在芝加哥经营这个唱片公司。</p>\n<p class=\"paragraph text-align-type-left pap-line-1.8 pap-line-rule-auto pap-spacing-before-2pt pap-spacing-after-2pt\">&nbsp;</p>\n<div>\n<div class=\"document\">\n<p class=\"paragraph text-align-type-left pap-line-1.8 pap-line-rule-auto pap-spacing-before-2pt pap-spacing-after-2pt\"><span style=\"text-decoration: underline;\">场景的扩展</span></p>\n<p class=\"paragraph text-align-type-left pap-line-1.8 pap-line-rule-auto pap-spacing-before-2pt pap-spacing-after-2pt\">Clock DVA、Nocturnal Emissions、Whitehouse、Nurse with Wound和SPK等乐队很快就出现了。Whitehouse打算演奏 \"有史以来最残酷和最极端的音乐\"，这种风格他们最终被称为power electronics。一个早期与Whitehouse合作的艺术家Steve Stapleton，组成了Nurse with Wound，他们尝试了Noise Sculpture和Sound Collage。 Clock DVA将他们的目标描述为同样借用超现实主义的自动装置和 \"神经能量的放克元素，Body Music（身体音乐），让你发抖，让你舞动\"。在1982年的第一届WOMAD音乐节上，他们把自己比作印度尼西亚的Gamelan。瑞典乐队Leather Nun在1978年与Industrial Records签约，是第一个在Industrial Records发行的非TG/Cazazza乐队。他们的单曲最终在美国的大学广播中得到了大量的播放。</p>\n<p class=\"paragraph text-align-type-left pap-line-1.8 pap-line-rule-auto pap-spacing-before-2pt pap-spacing-after-2pt\">&nbsp;</p>\n<div>\n<div class=\"document\">\n<p class=\"paragraph text-align-type-left pap-line-1.8 pap-line-rule-auto pap-spacing-before-2pt pap-spacing-after-2pt\">在大西洋彼岸，类似的实验正在进行。在旧金山，行为艺术家Monte Cazza开始录制噪音音乐，Boyd Rice发行了几张噪音专辑，用吉他音和磁带循环创造出重复声音的混乱。在波士顿，Sleep Chamber和Inner-X-Musick的其他艺术家开始尝试混合强大的噪音和早期形式的EBM。在意大利，Maurizio Bianchi在80年代初的作品也受到该风格影响。在德国，Einst&uuml;rzende Neubauten在舞台表演中混合了金属打击乐、吉他和非常规乐器（如手锤和bones）。Blixa Bargeld受到Antonin Artaud和对安非他命的热情启发，也发起了一个名为Die Genialen Dilettanten的艺术运动。</p>\n<p class=\"paragraph text-align-type-left pap-line-1.8 pap-line-rule-auto pap-spacing-before-2pt pap-spacing-after-2pt\">&nbsp;</p>\n<p class=\"paragraph text-align-type-left pap-line-1.8 pap-line-rule-auto pap-spacing-before-2pt pap-spacing-after-2pt\">1984年1月，Einst&uuml;rzende Neubauten在当代艺术研究所（与COUM的Prostitution展同址）表演了一首&rdquo;Concerto For Voice（声音和机械协奏曲）&ldquo;，在现场表演中机械钻破了地板，最终引发了一场骚乱，该事件在英国引起了头条新闻的报道。 其他从事工业 \"金属音乐\"（即由金属与金属碰撞的声音产生）的团体包括Test Dept、Laibach和Die Krupps，以及Z'EV和SPK。Test Dept的灵感主要来自于俄罗斯未来主义，并为支持1984-85年的英国矿工罢工进行巡演。Skinny Puppy接受了各种工业先辈的作品，并从许多作品中创造了一个混乱，无懈可击的整体。Laibach是斯洛文尼亚的一个乐队，他在南斯拉夫仍然是一个州的时候就成立了，因为他们借用了斯大林主义、纳粹、铁托主义、达达主义和俄罗斯未来主义的图像，将南斯拉夫的爱国主义与对手德国的专制主义结合探讨，所以非常具有争议性。Slavoj Žižek为Laibach辩护，认为他们和他们相关的Neue Slowenische Kunst艺术团体实践了对支撑权威的隐藏的反常享受的过度认同，产生了颠覆和解放的效果。用更简单的语言来说，Laibach的实践被大西洋两岸的工业和朋克艺术家广泛使用。</p>\n<p class=\"paragraph text-align-type-left pap-line-1.8 pap-line-rule-auto pap-spacing-before-2pt pap-spacing-after-2pt\">&nbsp;</p>\n<div>\n<div class=\"document\">\n<p class=\"paragraph text-align-type-left pap-line-1.8 pap-line-rule-auto pap-spacing-before-2pt pap-spacing-after-2pt\">在Throbbing Gristle乐队解散后，P-Oridge和Christopherson成立了Psychic TV，并与一个大厂牌签约。他们的第一张专辑比通常的工业风格更容易接受，更有旋律性，并包括了受雇于训练有素的音乐家的作品。后来的作品又回到了早期工业的声音拼贴和噪音元素，他们还借用了放克和迪斯科。P-Oridge还成立了Thee Temple ov Psychick Youth，一个制作视频艺术的准宗教组织。Psychic TV的商业目标由Some Bizzare Records的Stevo管理，签约了许多后来的工业音乐人，包括Einst&uuml;rzende Neubauten、Test Dept和Cabaret Voltaire。</p>\n<p class=\"paragraph text-align-type-left pap-line-1.8 pap-line-rule-auto pap-spacing-before-2pt pap-spacing-after-2pt\">&nbsp;</p>\n<p class=\"paragraph text-align-type-left pap-line-1.8 pap-line-rule-auto pap-spacing-before-2pt pap-spacing-after-2pt\">Cabaret Voltaire与New Order成为朋友，并开始实践类似形式的可舞动的电子流行音乐。Christopherson在1983年离开Psychic TV，与John Balance组成Coil。Coil利用铜锣和吼板，试图唤起 \"Martian \"的 \"同性恋能量\"。David Tibet是Coil的朋友，他组建了Current 93；两组均受到苯丙胺和LSD的启发。与Coil共同制作的G.Thirlwell开发了一种黑色音乐喜剧，用于工业音乐，借鉴了Lounge以及Noise和电影音乐。1980年代初期，位于芝加哥的唱片公司Wax Trax！加拿大的Nettwerk帮助将工业音乐类型扩展到更易于接受的电子工业和工业摇滚类型。</p>\n<p class=\"paragraph text-align-type-left pap-line-1.8 pap-line-rule-auto pap-spacing-before-2pt pap-spacing-after-2pt\">&nbsp;</p>\n<div>\n<div class=\"document\">\n<p class=\"paragraph text-align-type-left pap-line-1.8 pap-line-rule-auto pap-spacing-before-2pt pap-spacing-after-2pt\"><strong>特征和历史</strong></p>\n<p class=\"paragraph text-align-type-left pap-line-1.8 pap-line-rule-auto pap-spacing-before-2pt pap-spacing-after-2pt\">工业音乐的诞生是对 \"一个信息的获取和控制正在成为权力的主要工具的时代的回应。\"从诞生之日起，工业音乐就与其他任何音乐类型都不一样，它对技术，令人不安的歌词和主题的使用，打破了人们对音乐形式必要规则的先入之见，这表明工业音乐是现代主义音乐。艺术家们自己明确地表达了这些目标，甚至通过他们的音乐将其与社会变革联系起来。</p>\n<p class=\"paragraph text-align-type-left pap-line-1.8 pap-line-rule-auto pap-spacing-before-2pt pap-spacing-after-2pt\">&nbsp;</p>\n<p class=\"paragraph text-align-type-left pap-line-1.8 pap-line-rule-auto pap-spacing-before-2pt pap-spacing-after-2pt\">厂牌Industrial Records的网站解释说，音乐家想重塑摇滚音乐，他们未经审查的唱片是关于他们与世界的关系的；他们接着说，他们希望自己的音乐能够唤醒听众，以便他们开始自己思考并质疑周围的世界。Industrial Records公司希望工业一词能唤起新一代音乐的构想，而以前的音乐更具有\"农业\"意义：P-Orridge说：&ldquo;'工业'一词具有讽刺意味，因为这里有音乐产业。我们经常在采访中开玩笑，讲出诸如汽车之类的唱片，这种唱片具有工业感，而且......在那之前，音乐一直基于蓝调和奴隶制，我们认为是时候对其进行更新了，至少在维多利亚时代-工业革命&rdquo;。</p>\n</div>\n</div>\n</div>\n</div>\n<p class=\"paragraph text-align-type-left pap-line-1.8 pap-line-rule-auto pap-spacing-before-2pt pap-spacing-after-2pt\">&nbsp;</p>\n<div>\n<div class=\"document\">\n<p class=\"paragraph text-align-type-left pap-line-1.8 pap-line-rule-auto pap-spacing-before-2pt pap-spacing-after-2pt\">早期的工业音乐常常以录音带剪辑、鲜明的打击乐和扭曲到退化为刺耳噪音的循环为特色，例如早期工业团体Cabaret Voltaire的作品，记者Simon Reynolds将其描述为以 \"嘶嘶作响的high hats和节奏生成器的吱吱作响的小齿轮为特点。 \"Throbbing Gristle \"的Carter 发明了一种名为 \"Gristle-izer \"的设备，由Christopherson演奏，它包括一个一八度的键盘和一些磁带机，触发各种预先录制的声音。</p>\n<p class=\"paragraph text-align-type-left pap-line-1.8 pap-line-rule-auto pap-spacing-before-2pt pap-spacing-after-2pt\">&nbsp;</p>\n<p class=\"paragraph text-align-type-left pap-line-1.8 pap-line-rule-auto pap-spacing-before-2pt pap-spacing-after-2pt\">在工业音乐中，传统的乐器经常以非传统的或高度修改的方式演奏。Reynolds将Cabaret Voltaire成员的个人贡献描述为\"[Chris] Watson的合成器粘液的涂抹；[Stephen] Mallinder的颤动的低音；以及[Richard H. ] Kirk的碎玻璃吉他的尖刺\"。Watson为Kirk的吉他定制了一个模糊箱，产生了独特的音色。Carter为Throbbing Gristle制作了扬声器、效果器和合成器模块，并修改了更传统的摇滚乐器。 Tutti用滑板弹吉他，以产生滑音，或者像敲击乐器一样敲击琴弦。Throbbing Gristle也会使用及高音量来演奏并制造特别尖锐的次低音频率以尝试制作物理体验效果，他们将这种方式命名为&rdquo;Metabolic Music&ldquo;。人声的处理是零星的，Cabaret Voltaire的Stephen Mallinder的人声被电子化处理。</p>\n<p class=\"paragraph text-align-type-left pap-line-1.8 pap-line-rule-auto pap-spacing-before-2pt pap-spacing-after-2pt\">&nbsp;</p>\n<div>\n<div class=\"document\">\n<p class=\"paragraph text-align-type-left pap-line-1.8 pap-line-rule-auto pap-spacing-before-2pt pap-spacing-after-2pt\">最初，工业音乐的目的是通过避开艺术家认为与过去的陈腐联系来对现代社会进行评论，Throbbing Gristle反对朋克摇滚乐场中残留的传统摇滚乐元素，宣称工业音乐是 \"反音乐\"。 \"早期的工业表演经常涉及打破禁忌、挑衅性的元素，如残害、施虐元素和极权主义的图像或象征，以及虐待观众的形式，如Throbbing Gristle将高能灯对准观众。</p>\n<p class=\"paragraph text-align-type-left pap-line-1.8 pap-line-rule-auto pap-spacing-before-2pt pap-spacing-after-2pt\">&nbsp;</p>\n<p class=\"paragraph text-align-type-left pap-line-1.8 pap-line-rule-auto pap-spacing-before-2pt pap-spacing-after-2pt\" style=\"text-align: center;\">&nbsp;<img src=\"https://duopin-community.oss-cn-shenzhen.aliyuncs.com/qrbig1dz3zkowcjqjmjb.jpg\" alt=\"\" width=\"763\" height=\"1080\" /></p>\n<p class=\"paragraph text-align-type-left pap-line-1.8 pap-line-rule-auto pap-spacing-before-2pt pap-spacing-after-2pt\" style=\"text-align: center;\"><span style=\"font-size: 8pt;\">作家William S. Burroughs是许多工业音乐艺术家的艺术概念启蒙</span></p>\n<p class=\"paragraph text-align-type-left pap-line-1.8 pap-line-rule-auto pap-spacing-before-2pt pap-spacing-after-2pt\" style=\"text-align: center;\"><span style=\"font-size: 8pt;\">By Chuck Patch - Cropped version of Image:Burroughs1983.jpg, which originally posted to Flickr, CC BY-SA 2.0, https://commons.wikimedia.org/w/index.php?curid=3048289</span></p>\n<p class=\"paragraph text-align-type-left pap-line-1.8 pap-line-rule-auto pap-spacing-before-2pt pap-spacing-after-2pt\">&nbsp;</p>\n<p class=\"paragraph text-align-type-left pap-line-1.8 pap-line-rule-auto pap-spacing-before-2pt pap-spacing-after-2pt\">工业团体通常专注于越轨的主题。在他为《Industrial Culture Handbook（工业文化手册）》（1983年）所做的介绍中，乔恩-萨维奇认为工业音乐的一些标志是组织的自主性、冲击战术以及合成器和 \"反音乐 \"的使用。 \"此外，在Throbbing Gristle以及其他工业音乐先驱的作品中，对调查 \"邪教、战争、说服的心理技术、不寻常的谋杀（尤其是儿童和精神病患者）、法医病理学、性病学、集中营行为、制服和徽章的历史，英国神秘学家Aleister Crowley的Magick（魔法）&rdquo;等元素的倾向都有出现。Burroughs的录音和著作在工业场景尤其具有影响力，特别是他对切割技术和噪音作为破坏社会控制的方法的尝试。许多初代工业音乐艺术家都对法西斯主义有所关注，即便并非一定对其感到同情或认可。Throbbing Gristle的Logo以英国法西斯联盟的闪电符号为基础，而Industrial Records的Logo则是奥斯威辛集中营的照片。</p>\n<p class=\"paragraph text-align-type-left pap-line-1.8 pap-line-rule-auto pap-spacing-before-2pt pap-spacing-after-2pt\">&nbsp;</p>\n<div>\n<div class=\"document\">\n<p class=\"paragraph text-align-type-left pap-line-1.8 pap-line-rule-auto pap-spacing-before-2pt pap-spacing-after-2pt\"><strong>扩张和分支(1980年代末和1990年代初)</strong></p>\n<p class=\"paragraph text-align-type-left pap-line-1.8 pap-line-rule-auto pap-spacing-before-2pt pap-spacing-after-2pt\">&nbsp;</p>\n<p class=\"paragraph text-align-type-left pap-line-1.8 pap-line-rule-auto pap-spacing-before-2pt pap-spacing-after-2pt\" style=\"text-align: center;\">&nbsp;<img src=\"https://duopin-community.oss-cn-shenzhen.aliyuncs.com/9lgeogdrkh2lldfn7jzo.jpg\" alt=\"\" width=\"500\" height=\"332\" /></p>\n<p class=\"paragraph text-align-type-left pap-line-1.8 pap-line-rule-auto pap-spacing-before-2pt pap-spacing-after-2pt\" style=\"text-align: center;\"><span style=\"font-size: 8pt;\">Electro-industrial组合Front Line Assembly</span></p>\n<p class=\"paragraph text-align-type-left pap-line-1.8 pap-line-rule-auto pap-spacing-before-2pt pap-spacing-after-2pt\" style=\"text-align: center;\"><span style=\"font-size: 8pt;\">By karpov85 - https://www.flickr.com/photos/karpov85/3421287618/, CC BY 2.0, https://commons.wikimedia.org/w/index.php?curid=17214030</span></p>\n<p class=\"paragraph text-align-type-left pap-line-1.8 pap-line-rule-auto pap-spacing-before-2pt pap-spacing-after-2pt\">&nbsp;</p>\n<p class=\"paragraph text-align-type-left pap-line-1.8 pap-line-rule-auto pap-spacing-before-2pt pap-spacing-after-2pt\">20世纪80年代，随着一些起源乐队逐渐远离这一类型，工业音乐扩展到包括受新浪潮音乐、嘻哈音乐、爵士乐、迪斯科、雷鬼和新时代音乐影响的乐队，有时还融入了流行音乐的创作。在工业音乐已经折衷的基础上，又发展出许多其他风格。这些分支包括与Noise Music、Ambient Music、Folk Music、后朋克和电子舞曲的融合，以及其他变异和发展。该场景已遍及全球，在北美，欧洲和日本尤为突出。受工业音乐启发的流派包括：dark ambient, power electronics, Japanoise, neofolk, electro-industrial, electronic body music, industrial hip hop, industrial rock, industrial metal, industrial pop, martial industrial, power noise, 和 witch house.</p>\n<p class=\"paragraph text-align-type-left pap-line-1.8 pap-line-rule-auto pap-spacing-before-2pt pap-spacing-after-2pt\">&nbsp;</p>\n<p class=\"paragraph text-align-type-left pap-line-1.8 pap-line-rule-auto pap-spacing-before-2pt pap-spacing-after-2pt\"><strong>主流成功（1990年代和2000年代）</strong></p>\n<p class=\"paragraph text-align-type-left pap-line-1.8 pap-line-rule-auto pap-spacing-before-2pt pap-spacing-after-2pt\">在20世纪90年代，工业音乐闯入了主流。以前被音乐记者忽视或批评的这一类型，后来在郊区和农村地区不满中产阶级的年轻人中越来越受欢迎。此时，这一类型已经变得足够广泛，以至于记者詹姆斯-格里尔称其为 \"曾经是新浪潮的统统术语\"。在此期间，一些与工业音乐有关的艺术家取得了商业成功，包括Nine Inch Nails, Marilyn Manson, Rammstein 和Orgy。</p>\n<p class=\"paragraph text-align-type-left pap-line-1.8 pap-line-rule-auto pap-spacing-before-2pt pap-spacing-after-2pt\">&nbsp;</p>\n<p class=\"paragraph text-align-type-left pap-line-1.8 pap-line-rule-auto pap-spacing-before-2pt pap-spacing-after-2pt\" style=\"text-align: center;\"><img src=\"https://duopin-community.oss-cn-shenzhen.aliyuncs.com/btb83f572rip612jb9yu.jpg\" alt=\"\" width=\"684\" height=\"1048\" /></p>\n<p class=\"paragraph text-align-type-left pap-line-1.8 pap-line-rule-auto pap-spacing-before-2pt pap-spacing-after-2pt\" style=\"text-align: center;\"><span style=\"font-size: 8pt;\">Nine Inch Nails乐队主唱Trent Reznor</span></p>\n<p class=\"paragraph text-align-type-left pap-line-1.8 pap-line-rule-auto pap-spacing-before-2pt pap-spacing-after-2pt\" style=\"text-align: center;\"><span style=\"font-size: 8pt;\">By Mykal Burns! - https://www.flickr.com/photos/mykalburns/3906486972/, CC BY 2.0, https://commons.wikimedia.org/w/index.php?curid=7819415</span></p>\n<p class=\"paragraph text-align-type-left pap-line-1.8 pap-line-rule-auto pap-spacing-before-2pt pap-spacing-after-2pt\">&nbsp;</p>\n<p class=\"paragraph text-align-type-left pap-line-1.8 pap-line-rule-auto pap-spacing-before-2pt pap-spacing-after-2pt\">在20世纪90年代，Nine Inch Nails 和Marilyn Manson有几张专辑和EP被美国唱片业协会（RIAA）认证为白金唱片，包括Nine Inch Nails的《 Broken》（1992），The Downward Spiral（1994）和The Fragile和Marilyn Manson的Antichrist Superstar (1996)和 Mechanical Animals。</p>\n</div>\n</div>\n</div>\n</div>\n</div>\n</div>\n</div>\n</div>\n</div>\n</div>\n</div>\n</div>\n</div>\n</div>\n</div>\n</div>\n</div>\n</div>\n</div>",
 "contentEn": "<p><strong>Industrial music</strong>&nbsp;is a genre of music that draws on harsh, transgressive or provocative sounds and themes.&nbsp;AllMusic&nbsp;defines industrial music as the \"most abrasive and aggressive fusion of&nbsp;rock&nbsp;and&nbsp;electronic music\" that was \"initially a blend of&nbsp;avant-garde&nbsp;electronics experiments (tape music,&nbsp;musique concr&egrave;te,&nbsp;white noise,&nbsp;synthesizers,&nbsp;sequencers, etc.) and&nbsp;punk&nbsp;provocation\".<sup id=\"cite_ref-2\" class=\"reference\">[2]</sup>&nbsp;The term was coined in the mid-1970s with the founding of&nbsp;Industrial Records&nbsp;by members of&nbsp;Throbbing Gristle&nbsp;and&nbsp;Monte Cazazza. While the genre name originated with Throbbing Gristle's emergence in the United Kingdom, concentrations of artists and labels vital to the genre also emerged in the United States, mainly Lou Reed's&nbsp;Metal Machine Music.</p>\n<p>&nbsp;</p>\n<p>The first industrial artists experimented with&nbsp;noise&nbsp;and aesthetically controversial topics, musically and visually, such as&nbsp;fascism,&nbsp;sexual perversion, and the&nbsp;occult. Prominent industrial musicians include Throbbing Gristle,&nbsp;Monte Cazazza,&nbsp;SPK,&nbsp;Boyd Rice,&nbsp;Cabaret Voltaire, and&nbsp;Z'EV.<sup id=\"cite_ref-Handbook_3-0\" class=\"reference\">[3]</sup>&nbsp;On Throbbing Gristle's 1977 debut album&nbsp;<em>The Second Annual Report</em>, they coined the slogan \"industrial music for industrial people\". Chicago-based independent label&nbsp;Wax Trax Records&nbsp;featured a heavy roster of industrial music acts. The precursors that influenced the development of the genre included acts such as German electronic groups&nbsp;Faust,&nbsp;Neu!&nbsp;and&nbsp;Kraftwerk,&nbsp;experimental rock&nbsp;acts such as&nbsp;Pink Floyd&nbsp;and&nbsp;Frank Zappa,&nbsp;psychedelic rock&nbsp;artists such as&nbsp;Jimi Hendrix, and composers such as&nbsp;John Cage. Musicians also cite writers such as&nbsp;William S. Burroughs, and philosophers such as&nbsp;Friedrich Nietzsche&nbsp;as influences.</p>\n<p>&nbsp;</p>\n<p>While the term was self-applied by a small coterie of groups and individuals associated with Industrial Records in the late 1970s, it was broadened to include artists influenced by the original movement or using an \"industrial\" aesthetic.<sup id=\"cite_ref-4\" class=\"reference\">[4]</sup>&nbsp;Over time, the genre's influence spread into and blended with styles including&nbsp;ambient, synth music and rock such as&nbsp;Front 242,&nbsp;Front Line Assembly,&nbsp;KMFDM, and&nbsp;Sister Machine Gun&nbsp;from the Chicago-based Wax Trax Records.&nbsp;Electro-industrial&nbsp;music is a primary subgenre that developed in the 1980s, with the most notable bands in the genre being Front Line Assembly and&nbsp;Skinny Puppy. The two other most notable hybrid genres are&nbsp;industrial rock&nbsp;and&nbsp;industrial metal, which include bands such as&nbsp;Nine Inch Nails,&nbsp;Ministry,&nbsp;Rammstein, and&nbsp;Fear Factory, the first three of which released platinum-selling albums in the&nbsp;1990s.</p>\n<p>&nbsp;</p>\n<h2><span id=\"History\" class=\"mw-headline\">History</span></h2>\n<h3><span id=\"Precursors\" class=\"mw-headline\">Precursors</span></h3>\n<p>Industrial music drew from a broad range of predecessors. According to the&nbsp;<em>Oxford English Dictionary</em>, the genre was first named in 1942 when&nbsp;<em>The Musical Quarterly</em>&nbsp;called&nbsp;Dmitri Shostakovich's&nbsp;1927&nbsp;Symphony No. 2&nbsp;\"the high tide of 'industrial music'.\"<sup id=\"cite_ref-OED1_5-0\" class=\"reference\">[5]</sup>&nbsp;Similarly, in 1972&nbsp;<em>The New York Times</em>&nbsp;described works by&nbsp;Ferde Grof&eacute;&nbsp;(especially 1935's&nbsp;<em>A Symphony in Steel</em>) as a part of \"his 'industrial music' genre [that] called on such instruments as four pairs of shoes, two brooms, a locomotive bell, a pneumatric drill and a compressed-air tank\".<sup id=\"cite_ref-NYT1_6-0\" class=\"reference\">[6]</sup>&nbsp;Though these compositions are not directly tied to what the genre would become, they are early examples of music designed to mimic machinery noise and factory atmosphere. Early examples of industrial music proper arefound in&nbsp;Pierre Schaeffer's 1940s&nbsp;musique concr&egrave;te&nbsp;and the tape music of&nbsp;Halim El-Dabh, at least the former of which more closely approximates the aesthetics of the 70s era industrial music.</p>\n<p>&nbsp;</p>\n<p>In his book&nbsp;<em>Interrogation Machine: Laibach and NSK</em>, Alexei Monroe argues that&nbsp;Kraftwerk&nbsp;were particularly significant in the development of industrial music, as the \"first successful artists to incorporate representations of industrial sounds into nonacademic electronic music.\"<sup id=\"cite_ref-monroe_7-0\" class=\"reference\">[7]</sup>&nbsp;Industrial music was created originally by using mechanical and electric machinery, and later advanced synthesizers, samplers and electronic percussion as the technology developed. Monroe also argues for&nbsp;Suicide&nbsp;as an influential contemporary of the industrial musicians.<sup id=\"cite_ref-monroe_7-1\" class=\"reference\">[7]</sup>&nbsp;Groups cited as inspirational by the founders of industrial music include&nbsp;The Velvet Underground,&nbsp;Joy Division, and&nbsp;Martin Denny.<sup id=\"cite_ref-8\" class=\"reference\">[8]</sup>&nbsp;Genesis P-Orridge&nbsp;of&nbsp;Throbbing Gristle&nbsp;had a cassette library including recordings by the&nbsp;Master Musicians of Jajouka, Kraftwerk,&nbsp;Charles Manson, and&nbsp;William S. Burroughs.<sup id=\"cite_ref-9\" class=\"reference\">[9]</sup>&nbsp;P-Orridge also credited 1960s rock such as&nbsp;The Doors,&nbsp;Pearls Before Swine,&nbsp;The Fugs,&nbsp;Captain Beefheart, and&nbsp;Frank Zappa&nbsp;in a 1979 interview.<sup id=\"cite_ref-FOOTNOTEReynolds2005225_10-0\" class=\"reference\">[10]</sup></p>\n<p>&nbsp;</p>\n<p>Chris Carter&nbsp;also enjoyed and found inspiration in&nbsp;Pink Floyd&nbsp;and&nbsp;Tangerine Dream.<sup id=\"cite_ref-FOOTNOTEReynolds2005227_11-0\" class=\"reference\">[11]</sup>&nbsp;Boyd Rice&nbsp;was influenced by the music of '60s&nbsp;girl groups&nbsp;and&nbsp;tiki culture.<sup id=\"cite_ref-12\" class=\"reference\">[12]</sup>&nbsp;Z'EV&nbsp;cited Christopher Tree (Spontaneous Sound),&nbsp;John Coltrane,&nbsp;Miles Davis,&nbsp;Tim Buckley,&nbsp;Jimi Hendrix, and Captain Beefheart, among others together with&nbsp;Tibetan,&nbsp;Balinese,&nbsp;Javanese,&nbsp;Indian, and&nbsp;African music&nbsp;as influential in his artistic life.<sup id=\"cite_ref-13\" class=\"reference\">[13]</sup>&nbsp;Cabaret Voltaire cited&nbsp;Roxy Music&nbsp;as their initial forerunners, as well as Kraftwerk's&nbsp;<em>Trans-Europe Express</em>.<sup id=\"cite_ref-FOOTNOTEReynolds2005154,_159_14-0\" class=\"reference\">[14]</sup>&nbsp;Cabaret Voltaire also recorded pieces reminiscent of&nbsp;<em>musique concr&egrave;te</em>&nbsp;and composers such as&nbsp;Morton Subotnick.<sup id=\"cite_ref-FOOTNOTEReynolds2005156_15-0\" class=\"reference\">[15]</sup>&nbsp;Nurse with Wound&nbsp;cited&nbsp;a long list&nbsp;of obscure&nbsp;free improvisation&nbsp;and&nbsp;Krautrock&nbsp;as recommended listening.<sup id=\"cite_ref-FOOTNOTEReynolds2005242_16-0\" class=\"reference\">[16]</sup>&nbsp;23 Skidoo&nbsp;borrowed from&nbsp;Fela Kuti&nbsp;and Miles Davis's&nbsp;<em>On the Corner</em>.<sup id=\"cite_ref-FOOTNOTEReynolds2005243_17-0\" class=\"reference\">[17]</sup>&nbsp;Many industrial groups, including&nbsp;Einst&uuml;rzende Neubauten, took inspiration from&nbsp;world music.<sup id=\"cite_ref-FOOTNOTEReynolds2005485_18-0\" class=\"reference\">[18]</sup></p>\n<p>&nbsp;</p>\n<p>Many of the initial industrial musicians preferred to cite artists or thinkers, rather than musicians, as their inspiration.&nbsp;Simon Reynolds&nbsp;declares that \"Being a Throbbing Gristle fan was like enrolling in a university course of cultural extremism.\"<sup id=\"cite_ref-19\" class=\"reference\">[19]</sup>&nbsp;John Cage&nbsp;was an initial inspiration for Throbbing Gristle.<sup id=\"cite_ref-FOOTNOTEReynolds2005226_20-0\" class=\"reference\">[20]</sup>&nbsp;SPK appreciated&nbsp;Jean Dubuffet,&nbsp;Marcel Duchamp,&nbsp;Jean Baudrillard,&nbsp;Michel Foucault,&nbsp;Walter Benjamin,&nbsp;Marshall McLuhan,&nbsp;Friedrich Nietzsche, and&nbsp;Gilles Deleuze, as well as being inspired by the manifesto of the eponymous&nbsp;Socialist Patients' Collective.<sup id=\"cite_ref-21\" class=\"reference\">[21]</sup>&nbsp;Cabaret Voltaire took conceptual cues from Burroughs,&nbsp;J. G. Ballard, and&nbsp;Tristan Tzara.<sup id=\"cite_ref-FOOTNOTEReynolds2005154&ndash;155,_171_22-0\" class=\"reference\">[22]</sup>&nbsp;Whitehouse&nbsp;and&nbsp;Nurse with Wound&nbsp;dedicated some of their work to the&nbsp;Marquis de Sade; the latter also took impetus from the&nbsp;Comte de Lautr&eacute;amont.<sup id=\"cite_ref-FOOTNOTEReynolds2005242_16-1\" class=\"reference\">[16]</sup></p>\n<p>&nbsp;</p>\n<p>Another influence on the industrial aesthetic was Lou Reed's&nbsp;<em>Metal Machine Music</em>.&nbsp;<em>Pitchfork Music</em>&nbsp;cites this album as \"inspiring, in part, much of the contemporary avant-garde music scene&mdash;noise, in particular.\"<sup id=\"cite_ref-23\" class=\"reference\">[23]</sup>&nbsp;The album consists entirely of guitar feedback, anticipating industrial's use of non-musical sounds.<sup class=\"noprint Inline-Template\">[<em><span title=\"The material near this tag possibly contains original research. (April 2020)\">original research?</span></em>]</sup>&nbsp;<em>The New York Times</em>&nbsp;described American&nbsp;avant-garde band&nbsp;The Residents&nbsp;as having \"presaged forms of punk, new wave and industrial music\".<sup id=\"cite_ref-24\" class=\"reference\">[24]</sup></p>\n<p>&nbsp;</p>\n<h3><span id=\"Industrial_Records\" class=\"mw-headline\">Industrial Records</span></h3>\n<p><em>Industrial Music for Industrial People</em>&nbsp;was originally coined by&nbsp;Monte Cazazza<sup id=\"cite_ref-Industrial_Records_at_Brainwashed_25-0\" class=\"reference\">[25]</sup>&nbsp;as the strapline for the record label&nbsp;Industrial Records, founded by British art-provocateurs Throbbing Gristle.<sup id=\"cite_ref-Kilpatrick,_Nancy_2004,_p._86_26-0\" class=\"reference\">[26]</sup>&nbsp;The first wave of this music appeared with Throbbing Gristle, from London; Cabaret Voltaire, from Sheffield;<sup id=\"cite_ref-27\" class=\"reference\">[27]</sup>&nbsp;and Boyd Rice (recording under the name NON), from the United States.<sup id=\"cite_ref-28\" class=\"reference\">[28]</sup>&nbsp;Throbbing Gristle first performed in 1976,<sup id=\"cite_ref-FOOTNOTEReynolds2005224_29-0\" class=\"reference\">[29]</sup>&nbsp;and began as the musical offshoot of the&nbsp;Kingston upon Hull-based&nbsp;COUM Transmissions.<sup id=\"cite_ref-research_pg17_30-0\" class=\"reference\">[30]</sup>&nbsp;COUM was initially a psychedelic rock group, but began to describe their work as&nbsp;performance art&nbsp;in order to obtain grants from the&nbsp;Arts Council of Great Britain.<sup id=\"cite_ref-FOOTNOTEReynolds2005226_20-1\" class=\"reference\">[20]</sup>&nbsp;COUM was composed of P-Orridge and&nbsp;Cosey Fanni Tutti.<sup id=\"cite_ref-FOOTNOTEReynolds2005226_20-2\" class=\"reference\">[20]</sup>&nbsp;Beginning in 1972, COUM staged several performances inspired by&nbsp;Fluxus&nbsp;and&nbsp;Viennese Actionism. These included various acts of sexual and physical abjection.<sup id=\"cite_ref-FOOTNOTEReynolds2005227_11-1\" class=\"reference\">[11]</sup>&nbsp;Peter Christopherson, an employee of commercial artists&nbsp;Hipgnosis, joined the group in 1974, with Carter joining the following year.<sup id=\"cite_ref-research_pg17_30-1\" class=\"reference\">[30]</sup></p>\n<p>&nbsp;</p>\n<p>The group renamed itself Throbbing Gristle in September 1975, their name coming from a northern English slang word for an erection.<sup id=\"cite_ref-research_pg17_30-2\" class=\"reference\">[30]</sup>&nbsp;The group's first public performance, in October 1976, was alongside an exhibit titled&nbsp;<em>Prostitution</em>, which included pornographic photos of Tutti as well as used tampons. Conservative politician&nbsp;Nicholas Fairbairn&nbsp;declared that \"public money is being wasted here to destroy the morality of our society\" and blasted the group as \"wreckers of civilization.\"<sup id=\"cite_ref-FOOTNOTEReynolds2005229_31-0\" class=\"reference\">[31]</sup>&nbsp;The group announced their dissolution in 1981, declaring that their \"mission\" has been \"terminated.\"<sup id=\"cite_ref-FOOTNOTEReynolds2005240_32-0\" class=\"reference\">[32]</sup></p>\n<p>&nbsp;</p>\n<h3><span id=\"Wax_Trax.21_Records\"></span><span id=\"Wax_Trax!_Records\" class=\"mw-headline\">Wax Trax! Records</span></h3>\n<p>Chicago record label Wax Trax! Records was prominent in the widespread attention industrial music received starting in the early 1980s. The label was started by Jim Nash and Dannie Flesher. The label's first official release was an EP in 1980 entitled&nbsp;<em>Immediate Action</em>&nbsp;by&nbsp;Strike Under. The label went on to distribute some of the most prominent names in industrial throughout the 1980s and 1990s. Wax Trax! also distributed industrial releases in the United States for the Belgium record label Play It Again Sam Records, and had opened a North American office dubbed Play It Again Sam U.S.A. as a division of Wax Trax!. Wax Trax! was subsequently purchased by&nbsp;TVT Records&nbsp;in 1992 who closed the independent Chicago label in 2001. Jim's Daughter, Julia Nash, resurrected Wax Trax! Records in 2011 with a 3 day charity event titled Wax Trax! Retrospectacle - 33 1/3 Year Anniversary. Julia officially released new material in 2014 under the Wax Trax! imprint and continues to run the record label from Chicago.</p>\n<p>&nbsp;</p>\n<h3><span id=\"Expansion_of_the_scene\" class=\"mw-headline\">Expansion of the scene</span></h3>\n<p>The bands&nbsp;Clock DVA,<sup id=\"cite_ref-33\" class=\"reference\">[33]</sup>&nbsp;Nocturnal Emissions,<sup id=\"cite_ref-34\" class=\"reference\">[34]</sup>&nbsp;Whitehouse,<sup id=\"cite_ref-35\" class=\"reference\">[35]</sup>&nbsp;Nurse with Wound,<sup id=\"cite_ref-FOOTNOTEReynolds2005241_36-0\" class=\"reference\">[36]</sup>&nbsp;and&nbsp;SPK<sup id=\"cite_ref-37\" class=\"reference\">[37]</sup>&nbsp;soon followed. Whitehouse intended to play \"the most brutal and extreme music of all time\", a style they eventually called&nbsp;power electronics.<sup id=\"cite_ref-FOOTNOTEReynolds2005240_32-1\" class=\"reference\">[32]</sup>&nbsp;An early collaborator with Whitehouse, Steve Stapleton, formed Nurse with Wound, who experimented with noise sculpture and sound collage.<sup id=\"cite_ref-FOOTNOTEReynolds2005241&ndash;242_38-0\" class=\"reference\">[38]</sup>&nbsp;Clock DVA described their goal as borrowing equally from&nbsp;surrealist automatism&nbsp;and \"nervous energy sort of funk stuff, body music that flinches you and makes you move.\"<sup id=\"cite_ref-FOOTNOTEReynolds2005243_17-1\" class=\"reference\">[17]</sup>&nbsp;23 Skidoo, like Clock DVA, merged industrial music with African-American dance music, but also performed a response to world music. Performing at the first&nbsp;WOMAD Festival&nbsp;in 1982, the group likened themselves to Indonesian&nbsp;gamelan.<sup id=\"cite_ref-FOOTNOTEReynolds2005243&ndash;244_39-0\" class=\"reference\">[39]</sup>&nbsp;Swedish act&nbsp;Leather Nun&nbsp;were signed to Industrial Records in 1978, being the first non-TG/Cazazza act to have an IR-release.<sup id=\"cite_ref-Industrial_Records_at_Brainwashed_25-1\" class=\"reference\">[25]</sup>&nbsp;Their singles eventually received significant airplay in the United States on&nbsp;college radio.</p>\n<p>&nbsp;</p>\n<p>Across the Atlantic, similar experiments were taking place. In San Francisco, performance artist&nbsp;Monte Cazazza&nbsp;began recording&nbsp;noise music.<sup id=\"cite_ref-42\" class=\"reference\">[42]</sup>&nbsp;Boyd Rice released several albums of noise, with guitar drones and tape loops creating a cacophony of repetitive sounds.<sup id=\"cite_ref-43\" class=\"reference\">[43]</sup>&nbsp;In Boston,&nbsp;Sleep Chamber&nbsp;and other artists from&nbsp;Inner-X-Musick&nbsp;began experimenting with a mixture of powerful noise and early forms of&nbsp;EBM. In Italy, work by&nbsp;Maurizio Bianchi&nbsp;at the beginning of the 1980s also shared this aesthetic.<sup id=\"cite_ref-44\" class=\"reference\">[44]</sup>&nbsp;In Germany, Einst&uuml;rzende Neubauten mixed metal percussion, guitars, and unconventional instruments (such as&nbsp;jackhammers&nbsp;and bones) in stage performances that often damaged the venues in which they played.<sup id=\"cite_ref-45\" class=\"reference\">[45]</sup>&nbsp;Blixa Bargeld, inspired by&nbsp;Antonin Artaud&nbsp;and an enthusiasm for&nbsp;amphetamines, also originated an art movement called Die Genialen Dilettanten.<sup id=\"cite_ref-FOOTNOTEReynolds2005484_46-0\" class=\"reference\">[46]</sup>&nbsp;Bargeld is particularly well known for his hissing scream.<sup id=\"cite_ref-FOOTNOTEReynolds2005484_46-1\" class=\"reference\">[46]</sup></p>\n<p>&nbsp;</p>\n<p>In January 1984, Einst&uuml;rzende Neubauten performed a&nbsp;<em>Concerto for Voice and Machinery</em>&nbsp;at the&nbsp;Institute of Contemporary Arts&nbsp;(the same site as COUM's&nbsp;<em>Prostitution</em>&nbsp;exhibition), drilling through the floor and eventually sparking a riot.<sup id=\"cite_ref-FOOTNOTEReynolds2005486_47-0\" class=\"reference\">[47]</sup>&nbsp;This event received front-page news coverage in England.<sup id=\"cite_ref-FOOTNOTEReynolds2005486_47-1\" class=\"reference\">[47]</sup>&nbsp;Other groups who practiced a form of industrial \"metal music\" (that is, produced by the sounds of metal crashing against metal) include&nbsp;Test Dept,<sup id=\"cite_ref-Test_Dept_at_Allmusic_48-0\" class=\"reference\">[48]</sup>&nbsp;Laibach,<sup id=\"cite_ref-49\" class=\"reference\">[49]</sup>&nbsp;and&nbsp;Die Krupps, as well as Z'EV and SPK.<sup id=\"cite_ref-FOOTNOTEReynolds2005485_18-1\" class=\"reference\">[18]</sup>&nbsp;Test Dept were largely inspired by&nbsp;Russian Futurism&nbsp;and toured to support the&nbsp;1984-85 UK miners' strike.<sup id=\"cite_ref-FOOTNOTEReynolds2005489_50-0\" class=\"reference\">[50]</sup>&nbsp;Skinny Puppy&nbsp;embraced a variety of industrial forefathers and created a lurching, impalatable whole from many pieces.&nbsp;Swans, from New York City, also practiced a metal music aesthetic, though reliant on standard rock instrumentation.<sup id=\"cite_ref-FOOTNOTEReynolds2005487_51-0\" class=\"reference\">[51]</sup>&nbsp;Laibach, a&nbsp;Slovenian&nbsp;group who began while&nbsp;Yugoslavia&nbsp;remained a single state, were very controversial for their iconographic borrowings from&nbsp;Stalinist,&nbsp;Nazi,&nbsp;Titoist,&nbsp;Dada, and Russian Futurist imagery, conflating Yugoslav patriotism with its German authoritarian adversary.<sup id=\"cite_ref-52\" class=\"reference\">[52]</sup>&nbsp;Slavoj Žižek&nbsp;has defended Laibach, arguing that they and their associated&nbsp;Neue Slowenische Kunst&nbsp;art group practice an overidentification with the hidden perverse enjoyment undergirding authority that produces a subversive and liberatory effect.<sup id=\"cite_ref-53\" class=\"reference\">[53]</sup>&nbsp;In simpler language, Laibach practiced a type of agitprop that was widely utilized by industrial and punk artists on both sides of the Atlantic.</p>\n<p>&nbsp;</p>\n<p>Following the breakup of Throbbing Gristle, P-Orridge and Christopherson founded&nbsp;Psychic TV&nbsp;and signed to a major label.<sup id=\"cite_ref-FOOTNOTEReynolds2005474_54-0\" class=\"reference\">[54]</sup>&nbsp;Their first album was much more accessible and melodic than the usual industrial style, and included hired work by trained musicians.<sup id=\"cite_ref-FOOTNOTEReynolds2005474&ndash;475_55-0\" class=\"reference\">[55]</sup>&nbsp;Later work returned to the sound collage and noise elements of earlier industrial.<sup id=\"cite_ref-FOOTNOTEReynolds2005480&ndash;481_56-0\" class=\"reference\">[56]</sup>&nbsp;They also borrowed from funk and&nbsp;disco. P-Orridge also founded&nbsp;Thee Temple ov Psychick Youth, a quasi-religious organization that produced&nbsp;video art.<sup id=\"cite_ref-FOOTNOTEReynolds2005476_57-0\" class=\"reference\">[57]</sup>&nbsp;Psychic TV's commercial aspirations were managed by Stevo of&nbsp;Some Bizzare Records, who released many of the later industrial musicians, including Einst&uuml;rzende Neubauten, Test Dept, and Cabaret Voltaire.<sup id=\"cite_ref-FOOTNOTEReynolds2005477_58-0\" class=\"reference\">[58]</sup></p>\n<p>&nbsp;</p>\n<p>Cabaret Voltaire had become friends with&nbsp;New Order, and began to practice a similar form of danceable&nbsp;electropop.<sup id=\"cite_ref-FOOTNOTEReynolds2005478_59-0\" class=\"reference\">[59]</sup>&nbsp;Christopherson left Psychic TV in 1983 and formed&nbsp;Coil&nbsp;with&nbsp;John Balance. Coil made use of gongs and bullroarers in an attempt to conjur \"Martian,\" \"homosexual energy\".<sup id=\"cite_ref-FOOTNOTEReynolds2005481&ndash;482_60-0\" class=\"reference\">[60]</sup>&nbsp;David Tibet, a friend of Coil's, formed&nbsp;Current 93; both groups were inspired by amphetamines and LSD.<sup id=\"cite_ref-FOOTNOTEReynolds2005482_61-0\" class=\"reference\">[61]</sup>&nbsp;J. G. Thirlwell, a co-producer with Coil, developed a version of&nbsp;black comedy&nbsp;in industrial music, borrowing from&nbsp;lounge&nbsp;as well as noise and&nbsp;film music.<sup id=\"cite_ref-FOOTNOTEReynolds2005483_62-0\" class=\"reference\">[62]</sup>&nbsp;In the early 1980s, the Chicago-based record label&nbsp;Wax Trax!&nbsp;and Canada's&nbsp;Nettwerk&nbsp;helped to expand the industrial music genre into the more accessible&nbsp;electro-industrial&nbsp;and&nbsp;industrial rock&nbsp;genres.<sup id=\"cite_ref-Kilpatrick,_Nancy_2004,_p._86_26-1\" class=\"reference\">[26]</sup></p>\n<p>&nbsp;</p>\n<h2><span id=\"Characteristics_and_history\" class=\"mw-headline\">Characteristics and history</span></h2>\n<p>The birth of industrial music was a response to \"an age [in which] the access and control of information were becoming the primary tools of power.\"<sup id=\"cite_ref-ReferenceA_63-0\" class=\"reference\">[63]</sup>&nbsp;At its birth, the genre of industrial music was different from any other music, and its use of technology and disturbing lyrics and themes to tear apart preconceptions about the necessary rules of musical form supports the suggestion that industrial music is modernist music.<sup id=\"cite_ref-ReferenceA_63-1\" class=\"reference\">[63]</sup>&nbsp;The artists themselves made these goals explicit, even drawing connections to social changes they wished to argue for through their music.</p>\n<p>&nbsp;</p>\n<p>The Industrial Records website explains that the musicians wanted to re-invent rock music, and that their uncensored records were about their relationship with the world.<sup id=\"cite_ref-industrial_records_64-0\" class=\"reference\">[64]</sup>&nbsp;They go on to say that they wanted their music to be an awakening for listeners so that they would begin to think for themselves and question the world around them. Industrial Records intended the term&nbsp;<em>industrial</em>&nbsp;to evoke the idea of music created for a new generation, with previous music being more&nbsp;<em>agricultural</em>: P-Orridge stated that \"there's an irony in the word 'industrial' because there's the music&nbsp;<em>industry</em>. And then there's the joke we often used to make in interviews about churning out our records like motorcars &mdash;<em>that</em>&nbsp;sense of industrial. And ... up till then the music had been kind of based on the&nbsp;blues&nbsp;and slavery, and we thought it was time to update it to at least Victorian times&mdash;you know, the&nbsp;Industrial Revolution\".<sup id=\"cite_ref-65\" class=\"reference\">[65]</sup></p>\n<p>&nbsp;</p>\n<p>Early industrial music often featured tape editing, stark percussion and loops distorted to the point where they had degraded to harsh noise, such as the work of early industrial group&nbsp;Cabaret Voltaire, which journalist Simon Reynolds described as characterized by \"hissing high hats and squelchy snares of rhythm-generator.\"<sup id=\"cite_ref-FOOTNOTEReynolds2005168_66-0\" class=\"reference\">[66]</sup>&nbsp;Carter of Throbbing Gristle invented a device named the \"Gristle-izer\", played by Christopherson, which comprised a one-octave keyboard and a number of cassette machines triggering various pre-recorded sounds.<sup id=\"cite_ref-FOOTNOTEReynolds2005228_67-0\" class=\"reference\">[67]</sup></p>\n<p>&nbsp;</p>\n<p>Traditional instruments were often played in nontraditional or highly modified ways. Reynolds described the Cabaret Voltaire members' individual contributions as \"[Chris] Watson's smears of synth slime;&nbsp;[Stephen] Mallinder's dankly pulsing bass; and&nbsp;[Richard H.] Kirk's spikes of shattered-glass guitar.\"<sup id=\"cite_ref-FOOTNOTEReynolds2005168_66-1\" class=\"reference\">[66]</sup>&nbsp;Watson custom-built a fuzzbox for Kirk's guitar, producing a unique&nbsp;timbre.<sup id=\"cite_ref-FOOTNOTEReynolds2005169&ndash;170_68-0\" class=\"reference\">[68]</sup>&nbsp;Carter built speakers, effects units, and synthesizer modules, as well as modifying more conventional rock instrumentation, for Throbbing Gristle.<sup id=\"cite_ref-FOOTNOTEReynolds2005227_11-2\" class=\"reference\">[11]</sup>&nbsp;Tutti played guitar with a slide in order to produce&nbsp;glissandi, or pounded the strings as if it were a percussion instrument.<sup id=\"cite_ref-FOOTNOTEReynolds2005230_69-0\" class=\"reference\">[69]</sup>&nbsp;Throbbing Gristle also played at very high volume and produced ultra-high and sub-bass frequencies in an attempt to produce physical effects, naming this approach as \"metabolic music.\"<sup id=\"cite_ref-FOOTNOTEReynolds2005235_70-0\" class=\"reference\">[70]</sup></p>\n<p>&nbsp;</p>\n<p>Vocals were sporadic, and were as likely to be&nbsp;bubblegum pop&nbsp;as they were to be abrasive&nbsp;polemics. Cabaret Voltaire's Stephen Mallinder's vocals were electronically treated.<sup id=\"cite_ref-FOOTNOTEReynolds2005170_71-0\" class=\"reference\">[71]</sup></p>\n<p>&nbsp;</p>\n<p>The purpose of industrial music initially was to serve as a commentary on modern society by eschewing what artists saw as trite connections to the past.<sup id=\"cite_ref-industrial_records_64-1\" class=\"reference\">[64]</sup>&nbsp;Throbbing Gristle opposed the elements of traditional rock music remaining in the&nbsp;punk rock&nbsp;scene, declaring industrial to be \"anti-music.\"<sup id=\"cite_ref-FOOTNOTEReynolds2005230_69-1\" class=\"reference\">[69]</sup>&nbsp;Early industrial performances often involved&nbsp;taboo-breaking, provocative elements, such as&nbsp;mutilation,&nbsp;sado-masochistic&nbsp;elements and&nbsp;totalitarian&nbsp;imagery or symbolism, as well as forms of audience abuse,<sup id=\"cite_ref-RE/Search_#6/7,_p._5_72-0\" class=\"reference\">[72]</sup>&nbsp;such as Throbbing Gristle's aiming high powered lights at the audience.<sup id=\"cite_ref-ford_8.10_73-0\" class=\"reference\">[73]</sup></p>\n<p>&nbsp;</p>\n<p>Industrial groups typically focus on&nbsp;transgressive&nbsp;subject matter. In his introduction for the&nbsp;<em>Industrial Culture Handbook</em>&nbsp;(1983),&nbsp;Jon Savage&nbsp;considered some hallmarks of industrial music to be organizational autonomy, shock tactics, and the use of synthesizers and \"anti-music.\"<sup id=\"cite_ref-RE/Search_#6/7,_p._5_72-1\" class=\"reference\">[72]</sup>&nbsp;Furthermore, an interest in the investigation of \"cults, wars, psychological techniques of persuasion, unusual murders (especially by children and&nbsp;psychopaths),&nbsp;forensic pathology,&nbsp;venereology,&nbsp;concentration camp&nbsp;behavior, the history of&nbsp;uniforms&nbsp;and insignia\" and&nbsp;Aleister Crowley's&nbsp;<em>magick</em>&nbsp;was present in Throbbing Gristle's work,<sup id=\"cite_ref-74\" class=\"reference\">[74]</sup>&nbsp;as well as in other industrial pioneers. Burroughs's recordings and writings were particularly influential on the scene, particularly his interest in the&nbsp;cut-up technique&nbsp;and noise as a method of disrupting societal control.<sup id=\"cite_ref-75\" class=\"reference\">[75]</sup>&nbsp;Many of the first industrial musicians were interested in, though not necessarily sympathetic with, fascism.<sup id=\"cite_ref-76\" class=\"reference\">[76]</sup>&nbsp;Throbbing Gristle's logo was based on the&nbsp;lightning symbol&nbsp;of the&nbsp;British Union of Fascists,<sup id=\"cite_ref-77\" class=\"reference\">[77]</sup>&nbsp;while the Industrial Records logo was a photo of&nbsp;Auschwitz.<sup id=\"cite_ref-78\" class=\"reference\">[78]</sup></p>\n<p>&nbsp;</p>\n<h3><span id=\"Expansion_and_offshoots_(late_1980s_and_early_1990s)\" class=\"mw-headline\">Expansion and offshoots (late 1980s and early 1990s)</span></h3>\n<p>As some of the originating bands drifted away from the genre in the 1980s, industrial music expanded to include bands influenced by&nbsp;new wave music,&nbsp;hip hop music,&nbsp;jazz,&nbsp;disco,&nbsp;reggae, and&nbsp;new age music, sometimes incorporating pop music songwriting.<sup id=\"cite_ref-79\" class=\"reference\">[79]</sup>&nbsp;A number of additional styles developed from the already eclectic base of industrial music. These offshoots include fusions with noise music,&nbsp;ambient music,&nbsp;folk music,&nbsp;post-punk&nbsp;and&nbsp;electronic dance music, as well as other mutations and developments. The scene has spread worldwide, and is particularly well represented in North America, Europe, and Japan. Substyles inspired by industrial music include&nbsp;dark ambient,&nbsp;power electronics,&nbsp;Japanoise,&nbsp;neofolk,&nbsp;electro-industrial,&nbsp;electronic body music,&nbsp;industrial hip hop,&nbsp;industrial rock,&nbsp;industrial metal,&nbsp;industrial pop,&nbsp;martial industrial,&nbsp;power noise, and&nbsp;witch house.</p>\n<p>&nbsp;</p>\n<h3><span id=\"Mainstream_success_(1990s_and_2000s)\" class=\"mw-headline\">Mainstream success (1990s and 2000s)</span></h3>\n<p><span class=\"mw-headline\">In the 1990s, industrial music broke into the mainstream. The genre, previously ignored or criticized by music journalists, grew popular with disaffected middle-class youth in suburban and rural areas.<sup class=\"noprint Inline-Template Template-Fact\">[<em><span title=\"This claim needs references to reliable sources. (April 2021)\">citation needed</span></em>]</sup>&nbsp;By this time, the genre had become broad enough that journalist&nbsp;James Greer&nbsp;called it \"the kind of meaningless catch-all term that new wave once was\".<sup id=\"cite_ref-spin_80-0\" class=\"reference\">[80]</sup>&nbsp;A number of acts associated with industrial music achieved commercial success during this period including&nbsp;Nine Inch Nails,&nbsp;Marilyn Manson,&nbsp;Rammstein&nbsp;and&nbsp;Orgy.</span></p>\n<p>&nbsp;</p>\n<p><span class=\"mw-headline\">Through the 1990s Nine Inch Nails and Marilyn Manson had several albums and EPs certified platinum by the&nbsp;Recording Industry Association of America (RIAA), including Nine Inch Nails'&nbsp;<em>Broken</em>&nbsp;(1992),<sup id=\"cite_ref-United_StatesNine_Inch_NailsBrokenalbumCertRef_81-0\" class=\"reference\">[81]</sup>&nbsp;<em>The Downward Spiral</em>&nbsp;(1994)<sup id=\"cite_ref-United_StatesNine_Inch_NailsThe_Downward_SpiralalbumCertRef_82-0\" class=\"reference\">[82]</sup>&nbsp;and&nbsp;<em>The Fragile</em>,<sup id=\"cite_ref-United_StatesNine_Inch_NailsThe_FragilealbumCertRef_83-0\" class=\"reference\">[83]</sup>, and Marilyn Manson's&nbsp;<em>Antichrist Superstar</em>&nbsp;(1996)<sup id=\"cite_ref-United_StatesMarilyn_MansonAntichrist_SuperstaralbumCertRef_84-0\" class=\"reference\">[84]</sup>&nbsp;and&nbsp;<em>Mechanical Animals</em>.<sup id=\"cite_ref-United_StatesMarilyn_MansonMechanical_AnimalsalbumCertRef_85-0\" class=\"reference\">[85]</sup></span></p>\n<p>&nbsp;</p>\n<h2><span id=\"Footnotes\" class=\"mw-headline\">Footnotes</span></h2>\n<div class=\"reflist reflist-columns references-column-width\">\n<ol class=\"references\">\n<li id=\"cite_note-FisherGold-1\"><span class=\"mw-cite-backlink\"><strong>^</strong></span>&nbsp;<span class=\"reference-text\"><cite id=\"CITEREFFisher2010\" class=\"citation journal cs1\">Fisher, Mark (2010). \"You Remind Me of Gold: Dialogue with Simon Reynolds\".&nbsp;<em>Kaleidoscope</em>(9).</cite></span></li>\n<li id=\"cite_note-2\"><span class=\"mw-cite-backlink\"><strong>^</strong></span>&nbsp;<span class=\"reference-text\"><cite class=\"citation web cs1\">\"Industrial\".&nbsp;<em>Allmusic</em>. All Media Network<span class=\"reference-accessdate\">. Retrieved&nbsp;<span class=\"nowrap\">May 5,</span>&nbsp;2017</span>.</cite></span></li>\n<li id=\"cite_note-Handbook-3\"><span class=\"mw-cite-backlink\"><strong>^</strong></span>&nbsp;<span class=\"reference-text\">V.Vale.&nbsp;<em>Re/Search #6/7: Industrial Culture Handbook</em>, 1983.</span></li>\n<li id=\"cite_note-4\"><span class=\"mw-cite-backlink\"><strong>^</strong></span>&nbsp;<span class=\"reference-text\">\"... journalists now use 'industrial' as a term like they would 'blues.'\"&mdash;Genesis P-Orridge,&nbsp;<em>RE/Search</em>&nbsp;#6/7, p. 16.</span></li>\n<li id=\"cite_note-OED1-5\"><span class=\"mw-cite-backlink\"><strong>^</strong></span>&nbsp;<span class=\"reference-text\"><cite id=\"CITEREFReference-OED-Industrial\" class=\"citation encyclopaedia cs1\"><span class=\"cs1-lock-subscription\" title=\"Paid subscription required\">\"Industrial\"</span>.&nbsp;<em>Oxford English Dictionary</em>(Online&nbsp;ed.). Oxford University Press.</cite>&nbsp;(Subscription or&nbsp;participating institution membership&nbsp;required.)</span></li>\n<li id=\"cite_note-NYT1-6\"><span class=\"mw-cite-backlink\"><strong>^</strong></span>&nbsp;<span class=\"reference-text\"><cite id=\"CITEREFHenahan1972\" class=\"citation journal cs1\">Henahan, Donal (April 4, 1972).&nbsp;\"Limned the Landscape\".&nbsp;<em>The New York Times</em>: 46<span class=\"reference-accessdate\">. Retrieved&nbsp;<span class=\"nowrap\">November 17,</span>&nbsp;2018</span>.</cite></span></li>\n<li id=\"cite_note-monroe-7\"><span class=\"mw-cite-backlink\">^&nbsp;<span class=\"cite-accessibility-label\">Jump up to:</span><sup><em><strong>a</strong></em></sup>&nbsp;<sup><em><strong>b</strong></em></sup></span>&nbsp;<span class=\"reference-text\">Monroe, p. 212</span></li>\n<li id=\"cite_note-8\"><span class=\"mw-cite-backlink\"><strong>^</strong></span>&nbsp;<span class=\"reference-text\"><em>RE/Search</em>&nbsp;#6/7, p. 11&ndash;12.</span></li>\n<li id=\"cite_note-9\"><span class=\"mw-cite-backlink\"><strong>^</strong></span>&nbsp;<span class=\"reference-text\"><em>RE/Search</em>&nbsp;#6/7, p. 19.</span></li>\n<li id=\"cite_note-FOOTNOTEReynolds2005225-10\"><span class=\"mw-cite-backlink\"><strong>^</strong></span>&nbsp;<span class=\"reference-text\">Reynolds 2005, p.&nbsp;225.</span></li>\n<li id=\"cite_note-FOOTNOTEReynolds2005227-11\"><span class=\"mw-cite-backlink\">^&nbsp;<span class=\"cite-accessibility-label\">Jump up to:</span><sup><em><strong>a</strong></em></sup>&nbsp;<sup><em><strong>b</strong></em></sup>&nbsp;<sup><em><strong>c</strong></em></sup></span>&nbsp;<span class=\"reference-text\">Reynolds 2005, p.&nbsp;227.</span></li>\n<li id=\"cite_note-12\"><span class=\"mw-cite-backlink\"><strong>^</strong></span>&nbsp;<span class=\"reference-text\"><em>RE/Search</em>&nbsp;#6/7, p. 67.</span></li>\n<li id=\"cite_note-13\"><span class=\"mw-cite-backlink\"><strong>^</strong></span>&nbsp;<span class=\"reference-text\"><em>RE/Search</em>&nbsp;#6/7, p. 117</span></li>\n<li id=\"cite_note-FOOTNOTEReynolds2005154,_159-14\"><span class=\"mw-cite-backlink\"><strong>^</strong></span>&nbsp;<span class=\"reference-text\">Reynolds 2005, pp.&nbsp;154, 159.</span></li>\n<li id=\"cite_note-FOOTNOTEReynolds2005156-15\"><span class=\"mw-cite-backlink\"><strong>^</strong></span>&nbsp;<span class=\"reference-text\">Reynolds 2005, p.&nbsp;156.</span></li>\n<li id=\"cite_note-FOOTNOTEReynolds2005242-16\"><span class=\"mw-cite-backlink\">^&nbsp;<span class=\"cite-accessibility-label\">Jump up to:</span><sup><em><strong>a</strong></em></sup>&nbsp;<sup><em><strong>b</strong></em></sup></span>&nbsp;<span class=\"reference-text\">Reynolds 2005, p.&nbsp;242.</span></li>\n<li id=\"cite_note-FOOTNOTEReynolds2005243-17\"><span class=\"mw-cite-backlink\">^&nbsp;<span class=\"cite-accessibility-label\">Jump up to:</span><sup><em><strong>a</strong></em></sup>&nbsp;<sup><em><strong>b</strong></em></sup></span>&nbsp;<span class=\"reference-text\">Reynolds 2005, p.&nbsp;243.</span></li>\n<li id=\"cite_note-FOOTNOTEReynolds2005485-18\"><span class=\"mw-cite-backlink\">^&nbsp;<span class=\"cite-accessibility-label\">Jump up to:</span><sup><em><strong>a</strong></em></sup>&nbsp;<sup><em><strong>b</strong></em></sup></span>&nbsp;<span class=\"reference-text\">Reynolds 2005, p.&nbsp;485.</span></li>\n<li id=\"cite_note-19\"><span class=\"mw-cite-backlink\"><strong>^</strong></span>&nbsp;<span class=\"reference-text\"><cite id=\"CITEREFReynolds2009\" class=\"citation news cs1\">Reynolds, Simon (April 7, 2009).&nbsp;\"Sonic Youth are caught under the influence\".&nbsp;<em>The Guardian</em>. Guardian News and Media Limited<span class=\"reference-accessdate\">. Retrieved&nbsp;<span class=\"nowrap\">October 28,</span>&nbsp;2009</span>.</cite></span></li>\n<li id=\"cite_note-FOOTNOTEReynolds2005226-20\"><span class=\"mw-cite-backlink\">^&nbsp;<span class=\"cite-accessibility-label\">Jump up to:</span><sup><em><strong>a</strong></em></sup>&nbsp;<sup><em><strong>b</strong></em></sup>&nbsp;<sup><em><strong>c</strong></em></sup></span>&nbsp;<span class=\"reference-text\">Reynolds 2005, p.&nbsp;226.</span></li>\n<li id=\"cite_note-21\"><span class=\"mw-cite-backlink\"><strong>^</strong></span>&nbsp;<span class=\"reference-text\"><em>RE/Search</em>&nbsp;#6/7, p. 97&ndash;105.</span></li>\n<li id=\"cite_note-FOOTNOTEReynolds2005154&ndash;155,_171-22\"><span class=\"mw-cite-backlink\"><strong>^</strong></span>&nbsp;<span class=\"reference-text\">Reynolds 2005, pp.&nbsp;154&ndash;155, 171.</span></li>\n<li id=\"cite_note-23\"><span class=\"mw-cite-backlink\"><strong>^</strong></span>&nbsp;<span class=\"reference-text\"><cite id=\"CITEREFPetrusich,_Amanda2007\" class=\"citation web cs1\">Petrusich, Amanda (September 17, 2007).&nbsp;\"Interviews: Lou Reed\"<span class=\"reference-accessdate\">. Retrieved&nbsp;<span class=\"nowrap\">April 16,</span>2010</span>.</cite></span></li>\n<li id=\"cite_note-24\"><span class=\"mw-cite-backlink\"><strong>^</strong></span>&nbsp;<span class=\"reference-text\"><cite id=\"CITEREFSlotnik2018\" class=\"citation web cs1\">Slotnik, Daniel E. (November 3, 2018).&nbsp;\"Hardy Fox, of the Avant-Garde Band the Residents (Maybe), Dies at 73\".&nbsp;<em>New York Times</em><span class=\"reference-accessdate\">. Retrieved&nbsp;<span class=\"nowrap\">April 27,</span>&nbsp;2020</span>.</cite></span></li>\n<li id=\"cite_note-Industrial_Records_at_Brainwashed-25\"><span class=\"mw-cite-backlink\">^&nbsp;<span class=\"cite-accessibility-label\">Jump up to:</span><sup><em><strong>a</strong></em></sup>&nbsp;<sup><em><strong>b</strong></em></sup></span>&nbsp;<span class=\"reference-text\"><cite class=\"citation web cs1\">\"Industrial Records\".&nbsp;Brainwashed<span class=\"reference-accessdate\">. Retrieved&nbsp;<span class=\"nowrap\">October 28,</span>&nbsp;2009</span>.</cite></span></li>\n<li id=\"cite_note-Kilpatrick,_Nancy_2004,_p._86-26\"><span class=\"mw-cite-backlink\">^&nbsp;<span class=\"cite-accessibility-label\">Jump up to:</span><sup><em><strong>a</strong></em></sup>&nbsp;<sup><em><strong>b</strong></em></sup></span>&nbsp;<span class=\"reference-text\">Kilpatrick, Nancy.&nbsp;<em>The Goth Bible: A Compendium for the Darkly Inclined</em>. New York: St. Martin's Griffin, 2004,&nbsp;ISBN&nbsp;0-312-30696-2, p. 86.</span></li>\n<li id=\"cite_note-27\"><span class=\"mw-cite-backlink\"><strong>^</strong></span>&nbsp;<span class=\"reference-text\"><em>RE/Search</em>&nbsp;#6/7, p. 42&ndash;49.</span></li>\n<li id=\"cite_note-28\"><span class=\"mw-cite-backlink\"><strong>^</strong></span>&nbsp;<span class=\"reference-text\"><em>RE/Search</em>&nbsp;#6/7, p. 50&ndash;67.</span></li>\n<li id=\"cite_note-FOOTNOTEReynolds2005224-29\"><span class=\"mw-cite-backlink\"><strong>^</strong></span>&nbsp;<span class=\"reference-text\">Reynolds 2005, p.&nbsp;224.</span></li>\n<li id=\"cite_note-research_pg17-30\"><span class=\"mw-cite-backlink\">^&nbsp;<span class=\"cite-accessibility-label\">Jump up to:</span><sup><em><strong>a</strong></em></sup>&nbsp;<sup><em><strong>b</strong></em></sup>&nbsp;<sup><em><strong>c</strong></em></sup></span>&nbsp;<span class=\"reference-text\"><em>RE/Search</em>&nbsp;#6/7, p. 17.</span></li>\n<li id=\"cite_note-FOOTNOTEReynolds2005229-31\"><span class=\"mw-cite-backlink\"><strong>^</strong></span>&nbsp;<span class=\"reference-text\">Reynolds 2005, p.&nbsp;229.</span></li>\n<li id=\"cite_note-FOOTNOTEReynolds2005240-32\"><span class=\"mw-cite-backlink\">^&nbsp;<span class=\"cite-accessibility-label\">Jump up to:</span><sup><em><strong>a</strong></em></sup>&nbsp;<sup><em><strong>b</strong></em></sup></span>&nbsp;<span class=\"reference-text\">Reynolds 2005, p.&nbsp;240.</span></li>\n<li id=\"cite_note-33\"><span class=\"mw-cite-backlink\"><strong>^</strong></span>&nbsp;<span class=\"reference-text\"><cite id=\"CITEREFAnkeny\" class=\"citation web cs1\">Ankeny, Jason.&nbsp;\"Clock DVA Biography\".&nbsp;<em>Allmusic</em>. Rovi Corporation<span class=\"reference-accessdate\">. Retrieved&nbsp;<span class=\"nowrap\">October 28,</span>&nbsp;2009</span>.</cite></span></li>\n<li id=\"cite_note-34\"><span class=\"mw-cite-backlink\"><strong>^</strong></span>&nbsp;<span class=\"reference-text\"><cite id=\"CITEREFTorreano\" class=\"citation web cs1\">Torreano, Bradley.&nbsp;\"Nocturnal Emissions Biography\".&nbsp;<em>Allmusic</em>. Rovi Corporation<span class=\"reference-accessdate\">. Retrieved&nbsp;<span class=\"nowrap\">October 28,</span>&nbsp;2009</span>.</cite></span></li>\n<li id=\"cite_note-35\"><span class=\"mw-cite-backlink\"><strong>^</strong></span>&nbsp;<span class=\"reference-text\"><cite id=\"CITEREFSchaefer\" class=\"citation web cs1\">Schaefer, Peter.&nbsp;\"Whitehouse Biography\".&nbsp;<em>Allmusic</em>. Rovi Corporation<span class=\"reference-accessdate\">. Retrieved&nbsp;<span class=\"nowrap\">October 28,</span>&nbsp;2009</span>.</cite></span></li>\n<li id=\"cite_note-FOOTNOTEReynolds2005241-36\"><span class=\"mw-cite-backlink\"><strong>^</strong></span>&nbsp;<span class=\"reference-text\">Reynolds 2005, p.&nbsp;241.</span></li>\n<li id=\"cite_note-37\"><span class=\"mw-cite-backlink\"><strong>^</strong></span>&nbsp;<span class=\"reference-text\"><em>RE/Search</em>&nbsp;#6/7, pp. 92&ndash;105.</span></li>\n<li id=\"cite_note-FOOTNOTEReynolds2005241&ndash;242-38\"><span class=\"mw-cite-backlink\"><strong>^</strong></span>&nbsp;<span class=\"reference-text\">Reynolds 2005, pp.&nbsp;241&ndash;242.</span></li>\n<li id=\"cite_note-FOOTNOTEReynolds2005243&ndash;244-39\"><span class=\"mw-cite-backlink\"><strong>^</strong></span>&nbsp;<span class=\"reference-text\">Reynolds 2005, pp.&nbsp;243&ndash;244.</span></li>\n<li id=\"cite_note-40\"><span class=\"mw-cite-backlink\"><strong>^</strong></span>&nbsp;<span class=\"reference-text\"><cite id=\"CITEREFSutton\" class=\"citation web cs1\">Sutton, Michael.&nbsp;\"Leather Nun Biography\".&nbsp;<em>Allmusic</em>. Rovi Corporation<span class=\"reference-accessdate\">. Retrieved&nbsp;<span class=\"nowrap\">October 28,</span>&nbsp;2009</span>.</cite></span></li>\n<li id=\"cite_note-41\"><span class=\"mw-cite-backlink\"><strong>^</strong></span>&nbsp;<span class=\"reference-text\"><em>RE/Search</em>&nbsp;#6/7, p. 2.</span></li>\n<li id=\"cite_note-42\"><span class=\"mw-cite-backlink\"><strong>^</strong></span>&nbsp;<span class=\"reference-text\"><em>RE/Search</em>&nbsp;#6/7, pp. 68&ndash;81.</span></li>\n<li id=\"cite_note-43\"><span class=\"mw-cite-backlink\"><strong>^</strong></span>&nbsp;<span class=\"reference-text\"><em>RE/Search</em>&nbsp;#6/7, pp. 50&ndash;67.</span></li>\n<li id=\"cite_note-44\"><span class=\"mw-cite-backlink\"><strong>^</strong></span>&nbsp;<span class=\"reference-text\"><cite id=\"CITEREFTorreano\" class=\"citation web cs1\">Torreano, Bradley.&nbsp;\"Maurizio Bianchi Biography\".&nbsp;<em>Allmusic</em>. Rovi Corporation<span class=\"reference-accessdate\">. Retrieved&nbsp;<span class=\"nowrap\">October 28,</span>&nbsp;2009</span>.</cite></span></li>\n<li id=\"cite_note-45\"><span class=\"mw-cite-backlink\"><strong>^</strong></span>&nbsp;<span class=\"reference-text\"><cite id=\"CITEREFHuey\" class=\"citation web cs1\">Huey, Steve.&nbsp;\"Einst&uuml;rzende Neubauten Biography\".&nbsp;<em>Allmusic</em>. Rovi Corporation<span class=\"reference-accessdate\">. Retrieved&nbsp;<span class=\"nowrap\">October 28,</span>&nbsp;2009</span>.</cite></span></li>\n<li id=\"cite_note-FOOTNOTEReynolds2005484-46\"><span class=\"mw-cite-backlink\">^&nbsp;<span class=\"cite-accessibility-label\">Jump up to:</span><sup><em><strong>a</strong></em></sup>&nbsp;<sup><em><strong>b</strong></em></sup></span>&nbsp;<span class=\"reference-text\">Reynolds 2005, p.&nbsp;484.</span></li>\n<li id=\"cite_note-FOOTNOTEReynolds2005486-47\"><span class=\"mw-cite-backlink\">^&nbsp;<span class=\"cite-accessibility-label\">Jump up to:</span><sup><em><strong>a</strong></em></sup>&nbsp;<sup><em><strong>b</strong></em></sup></span>&nbsp;<span class=\"reference-text\">Reynolds 2005, p.&nbsp;486.</span></li>\n<li id=\"cite_note-Test_Dept_at_Allmusic-48\"><span class=\"mw-cite-backlink\"><strong>^</strong></span>&nbsp;<span class=\"reference-text\"><cite id=\"CITEREFBush\" class=\"citation web cs1\">Bush, John.&nbsp;\"Test Dept. Biography\".&nbsp;<em>Allmusic</em>. Rovi Corporation<span class=\"reference-accessdate\">. Retrieved&nbsp;<span class=\"nowrap\">October 27,</span>&nbsp;2009</span>.</cite></span></li>\n<li id=\"cite_note-49\"><span class=\"mw-cite-backlink\"><strong>^</strong></span>&nbsp;<span class=\"reference-text\">Monroe, p. 222.</span></li>\n<li id=\"cite_note-FOOTNOTEReynolds2005489-50\"><span class=\"mw-cite-backlink\"><strong>^</strong></span>&nbsp;<span class=\"reference-text\">Reynolds 2005, p.&nbsp;489.</span></li>\n<li id=\"cite_note-FOOTNOTEReynolds2005487-51\"><span class=\"mw-cite-backlink\"><strong>^</strong></span>&nbsp;<span class=\"reference-text\">Reynolds 2005, p.&nbsp;487.</span></li>\n<li id=\"cite_note-52\"><span class=\"mw-cite-backlink\"><strong>^</strong></span>&nbsp;<span class=\"reference-text\">Monroe, p. 96.</span></li>\n<li id=\"cite_note-53\"><span class=\"mw-cite-backlink\"><strong>^</strong></span>&nbsp;<span class=\"reference-text\">Slavoj Žižek,&nbsp;\"Why Are Laibach and NSK Not Fascists?,\"&nbsp;<em>M'ARS</em>&nbsp;3&ndash;4, 1993, pp. 3&ndash;4.</span></li>\n<li id=\"cite_note-FOOTNOTEReynolds2005474-54\"><span class=\"mw-cite-backlink\"><strong>^</strong></span>&nbsp;<span class=\"reference-text\">Reynolds 2005, p.&nbsp;474.</span></li>\n<li id=\"cite_note-FOOTNOTEReynolds2005474&ndash;475-55\"><span class=\"mw-cite-backlink\"><strong>^</strong></span>&nbsp;<span class=\"reference-text\">Reynolds 2005, pp.&nbsp;474&ndash;475.</span></li>\n<li id=\"cite_note-FOOTNOTEReynolds2005480&ndash;481-56\"><span class=\"mw-cite-backlink\"><strong>^</strong></span>&nbsp;<span class=\"reference-text\">Reynolds 2005, pp.&nbsp;480&ndash;481.</span></li>\n<li id=\"cite_note-FOOTNOTEReynolds2005476-57\"><span class=\"mw-cite-backlink\"><strong>^</strong></span>&nbsp;<span class=\"reference-text\">Reynolds 2005, p.&nbsp;476.</span></li>\n<li id=\"cite_note-FOOTNOTEReynolds2005477-58\"><span class=\"mw-cite-backlink\"><strong>^</strong></span>&nbsp;<span class=\"reference-text\">Reynolds 2005, p.&nbsp;477.</span></li>\n<li id=\"cite_note-FOOTNOTEReynolds2005478-59\"><span class=\"mw-cite-backlink\"><strong>^</strong></span>&nbsp;<span class=\"reference-text\">Reynolds 2005, p.&nbsp;478.</span></li>\n<li id=\"cite_note-FOOTNOTEReynolds2005481&ndash;482-60\"><span class=\"mw-cite-backlink\"><strong>^</strong></span>&nbsp;<span class=\"reference-text\">Reynolds 2005, pp.&nbsp;481&ndash;482.</span></li>\n<li id=\"cite_note-FOOTNOTEReynolds2005482-61\"><span class=\"mw-cite-backlink\"><strong>^</strong></span>&nbsp;<span class=\"reference-text\">Reynolds 2005, p.&nbsp;482.</span></li>\n<li id=\"cite_note-FOOTNOTEReynolds2005483-62\"><span class=\"mw-cite-backlink\"><strong>^</strong></span>&nbsp;<span class=\"reference-text\">Reynolds 2005, p.&nbsp;483.</span></li>\n<li id=\"cite_note-ReferenceA-63\"><span class=\"mw-cite-backlink\">^&nbsp;<span class=\"cite-accessibility-label\">Jump up to:</span><sup><em><strong>a</strong></em></sup>&nbsp;<sup><em><strong>b</strong></em></sup></span>&nbsp;<span class=\"reference-text\">The Secret History of Rock: The Most Influential Bands You've Never Heard by Roni Sarig</span></li>\n<li id=\"cite_note-industrial_records-64\"><span class=\"mw-cite-backlink\">^&nbsp;<span class=\"cite-accessibility-label\">Jump up to:</span><sup><em><strong>a</strong></em></sup>&nbsp;<sup><em><strong>b</strong></em></sup></span>&nbsp;<span class=\"reference-text\"><cite class=\"citation web cs1\">\"Industrial Records: Industrial Music for Industrial People\". Brainwashed Inc<span class=\"reference-accessdate\">. Retrieved&nbsp;<span class=\"nowrap\">April 16,</span>&nbsp;2010</span>.</cite></span></li>\n<li id=\"cite_note-65\"><span class=\"mw-cite-backlink\"><strong>^</strong></span>&nbsp;<span class=\"reference-text\"><em>RE/Search</em>&nbsp;#6/7, pp. 9&ndash;10.</span></li>\n<li id=\"cite_note-FOOTNOTEReynolds2005168-66\"><span class=\"mw-cite-backlink\">^&nbsp;<span class=\"cite-accessibility-label\">Jump up to:</span><sup><em><strong>a</strong></em></sup>&nbsp;<sup><em><strong>b</strong></em></sup></span>&nbsp;<span class=\"reference-text\">Reynolds 2005, p.&nbsp;168.</span></li>\n<li id=\"cite_note-FOOTNOTEReynolds2005228-67\"><span class=\"mw-cite-backlink\"><strong>^</strong></span>&nbsp;<span class=\"reference-text\">Reynolds 2005, p.&nbsp;228.</span></li>\n<li id=\"cite_note-FOOTNOTEReynolds2005169&ndash;170-68\"><span class=\"mw-cite-backlink\"><strong>^</strong></span>&nbsp;<span class=\"reference-text\">Reynolds 2005, pp.&nbsp;169&ndash;170.</span></li>\n<li id=\"cite_note-FOOTNOTEReynolds2005230-69\"><span class=\"mw-cite-backlink\">^&nbsp;<span class=\"cite-accessibility-label\">Jump up to:</span><sup><em><strong>a</strong></em></sup>&nbsp;<sup><em><strong>b</strong></em></sup></span>&nbsp;<span class=\"reference-text\">Reynolds 2005, p.&nbsp;230.</span></li>\n<li id=\"cite_note-FOOTNOTEReynolds2005235-70\"><span class=\"mw-cite-backlink\"><strong>^</strong></span>&nbsp;<span class=\"reference-text\">Reynolds 2005, p.&nbsp;235.</span></li>\n<li id=\"cite_note-FOOTNOTEReynolds2005170-71\"><span class=\"mw-cite-backlink\"><strong>^</strong></span>&nbsp;<span class=\"reference-text\">Reynolds 2005, p.&nbsp;170.</span></li>\n<li id=\"cite_note-RE/Search_#6/7,_p._5-72\"><span class=\"mw-cite-backlink\">^&nbsp;<span class=\"cite-accessibility-label\">Jump up to:</span><sup><em><strong>a</strong></em></sup>&nbsp;<sup><em><strong>b</strong></em></sup></span>&nbsp;<span class=\"reference-text\"><em>RE/Search</em>&nbsp;#6/7, p.&nbsp;5.</span></li>\n<li id=\"cite_note-ford_8.10-73\"><span class=\"mw-cite-backlink\"><strong>^</strong></span>&nbsp;<span class=\"reference-text\">Ford, 8.10</span></li>\n<li id=\"cite_note-74\"><span class=\"mw-cite-backlink\"><strong>^</strong></span>&nbsp;<span class=\"reference-text\"><em>RE/Search</em>&nbsp;#6/7, p. 9.</span></li>\n<li id=\"cite_note-75\"><span class=\"mw-cite-backlink\"><strong>^</strong></span>&nbsp;<span class=\"reference-text\">\"These ideas contributed some of the theoretical mise-en-sc&egrave;ne for emergent Industrial groups such as Throbbing Gristle, SPK, and Cabaret Voltaire, all of whom experimented with cut-up sound and re-contextualised ambient recordings.\" Sargeant, Jack, \"The Primer: William S. Burroughs,\"&nbsp;<em>The Wire</em>&nbsp;300, February 2009, p. 38.</span></li>\n<li id=\"cite_note-76\"><span class=\"mw-cite-backlink\"><strong>^</strong></span>&nbsp;<span class=\"reference-text\"><em>RE/Search</em>&nbsp;#6/7, p. 105</span></li>\n<li id=\"cite_note-77\"><span class=\"mw-cite-backlink\"><strong>^</strong></span>&nbsp;<span class=\"reference-text\"><cite id=\"CITEREFWebb,_Peter2007\" class=\"citation book cs1\">Webb, Peter (2007).&nbsp;\"Neo-Folk or Postindustrial Music\".&nbsp;<em>Exploring the Networked Worlds of Popular Music</em>. Psychology Press. p.&nbsp;80.&nbsp;ISBN&nbsp;<bdi>978-0-415-95658-1</bdi><span class=\"reference-accessdate\">. Retrieved&nbsp;<span class=\"nowrap\">January 30,</span>&nbsp;2011</span>.</cite></span></li>\n<li id=\"cite_note-78\"><span class=\"mw-cite-backlink\"><strong>^</strong></span>&nbsp;<span class=\"reference-text\"><cite id=\"CITEREFThompson,_Dave2000\" class=\"citation book cs1\">Thompson, Dave (2000).&nbsp;\"Industrial Records\".&nbsp;<em>Alternative Rock</em>. Hal Leonard Corporation. p.&nbsp;780.&nbsp;ISBN&nbsp;<bdi>978-0-87930-607-6</bdi><span class=\"reference-accessdate\">. Retrieved&nbsp;<span class=\"nowrap\">January 30,</span>&nbsp;2011</span>.</cite></span></li>\n<li id=\"cite_note-79\"><span class=\"mw-cite-backlink\"><strong>^</strong></span>&nbsp;<span class=\"reference-text\"><cite id=\"CITEREFWoods1992\" class=\"citation magazine cs1\">Woods, Karen (March 1992).&nbsp;\"Industrial Index\".&nbsp;<em>Spin</em>. Vol.&nbsp;7 no.&nbsp;12. p.&nbsp;43.</cite></span></li>\n<li id=\"cite_note-spin-80\"><span class=\"mw-cite-backlink\"><strong>^</strong></span>&nbsp;<span class=\"reference-text\"><cite id=\"CITEREFGreer1992\" class=\"citation magazine cs1\">Greer, Jim&nbsp;(March 1992).&nbsp;\"Nine Inches of Love\".&nbsp;<em>Spin</em>. Vol.&nbsp;7 no.&nbsp;12. pp.&nbsp;36&ndash;43.</cite></span></li>\n<li id=\"cite_note-United_StatesNine_Inch_NailsBrokenalbumCertRef-81\"><span class=\"mw-cite-backlink\"><strong>^</strong></span>&nbsp;<span class=\"reference-text\"><cite class=\"citation web cs1\">\"American album certifications &ndash; Nine Inch Nails &ndash; Broken\".&nbsp;Recording Industry Association of America.</cite>&nbsp;<em>If necessary, click&nbsp;</em>Advanced<em>, then click&nbsp;</em>Format<em>, then select&nbsp;</em>Album<em>, then click&nbsp;</em>SEARCH<em>.<span class=\"nowrap\">&nbsp;</span></em></span></li>\n<li id=\"cite_note-United_StatesNine_Inch_NailsThe_Downward_SpiralalbumCertRef-82\"><span class=\"mw-cite-backlink\"><strong>^</strong></span>&nbsp;<span class=\"reference-text\"><cite class=\"citation web cs1\">\"American album certifications &ndash; Nine Inch Nails &ndash; The Downward Spiral\".&nbsp;Recording Industry Association of America.</cite>&nbsp;<em>If necessary, click&nbsp;</em>Advanced<em>, then click&nbsp;</em>Format<em>, then select&nbsp;</em>Album<em>, then click&nbsp;</em>SEARCH<em>.<span class=\"nowrap\">&nbsp;</span></em></span></li>\n<li id=\"cite_note-United_StatesNine_Inch_NailsThe_FragilealbumCertRef-83\"><span class=\"mw-cite-backlink\"><strong>^</strong></span>&nbsp;<span class=\"reference-text\"><cite class=\"citation web cs1\">\"American album certifications &ndash; Nine Inch Nails &ndash; The Fragile\".&nbsp;Recording Industry Association of America.</cite>&nbsp;<em>If necessary, click&nbsp;</em>Advanced<em>, then click&nbsp;</em>Format<em>, then select&nbsp;</em>Album<em>, then click&nbsp;</em>SEARCH<em>.<span class=\"nowrap\">&nbsp;</span></em></span></li>\n<li id=\"cite_note-United_StatesMarilyn_MansonAntichrist_SuperstaralbumCertRef-84\"><span class=\"mw-cite-backlink\"><strong>^</strong></span>&nbsp;<span class=\"reference-text\"><cite class=\"citation web cs1\">\"American album certifications &ndash; Marilyn Manson &ndash; Antichrist Superstar\".&nbsp;Recording Industry Association of America.</cite>&nbsp;<em>If necessary, click&nbsp;</em>Advanced<em>, then click&nbsp;</em>Format<em>, then select&nbsp;</em>Album<em>, then click&nbsp;</em>SEARCH<em>.<span class=\"nowrap\">&nbsp;</span></em></span></li>\n<li id=\"cite_note-United_StatesMarilyn_MansonMechanical_AnimalsalbumCertRef-85\"><span class=\"mw-cite-backlink\"><strong>^</strong></span>&nbsp;<span class=\"reference-text\"><cite class=\"citation web cs1\">\"American album certifications &ndash; Marilyn Manson &ndash; Mechanical Animals\".&nbsp;Recording Industry Association of America.</cite>&nbsp;<em>If necessary, click&nbsp;</em>Advanced<em>, then click&nbsp;</em>Format<em>, then select&nbsp;</em>Album<em>, then click&nbsp;</em>SEARCH<em>.<span class=\"nowrap\">&nbsp;</span></em></span></li>\n</ol>\n</div>",
 "remarks": "本词条汉字内容由 @多频百科团队 翻译+编辑\n原文译自 https://en.m.wikipedia.org/wiki/Industrial_music",
 "remarksEn": "本词条内容来自 https://en.m.wikipedia.org/wiki/Industrial_music",
 "status": 1,
 "clickNum": 17,
 "deleted": 0,
 "lang": 0,
 "chooseLang": true,
 "id": 22,
 "name": "Industrial",
 "descriptions": "工业音乐（英语：Industrial music）是一种实验/电子音乐的音乐风格，起源于20世纪70年代的英国与德国地区，以其越界或挑衅的声音、主题而著称。",
 "originalName": "工业音乐",
 "startTimeText": "Early-mid-1970s",
 "startAddress": "United Kingdom, United States (Chicago), and Germany",
 "searchStyle": "Industrial",
 "styleCategory": "Experimental Music",
 "originalStyle": "Electronic, avant-garde, punk rock, noise, musique concrète, art pop, free improvisation, performance art",
 "affectStyle": "",
 "deriveStyle": "Electro-industrial, martial industrial, power electronics",
 "representArtist": "",
 "officialUrl": "https://en.m.wikipedia.org/wiki/Industrial_music",
 "typeId": 13,
 "typeName": "风格",
 "dataId": 22,
 "url": "http://dropinapp.hearinmusic.com/#/ency?typeId=13&dataId=22"
}