{
 "pageNum": 1,
 "pageSize": 10,
 "params": {},
 "relationChannel": "[{\"id\":1412,\"parentId\":8,\"name\":\"Industrial Techno\"}]",
 "content": "<p>Industrial techno 是起源于20世纪90年代的Techno的一个子流派。其特点是融合了早期Industrial音乐艺术家风格中的凄凉、嘈杂的声音和美学的影响，尤其是Cabaret Voltaire和Throbbing Gristle。美国Industrial音乐厂牌Wax Trax！也对该流派的发展产生了深远的影响。</p>\n<p>&nbsp;</p>\n<p>2010年代，在Adam X、Orphx和Ancient Methods等乐队的带领下，以及后来的Blawan和Karenn等其他乐队的带动下，该流派又迎来了复兴，也因此俘获了大量的年轻爱好者。它与Techno Industrial不可同日而语，Techno Industrial在本质上类似于power noise/rhythmic noise的子流派。不同的术语取决于是从Techno的角度还是Industrial的角度，Industrial Techno的节奏部分更多的是来自Techno的影响，有很多混响、噪音墙或科幻效果，而Techno Industrial在创作上更接近于节奏噪音，使用失真的节奏部分。</p>\n<p>&nbsp;</p>\n<p>其他与ndustrial techno相关的艺术家包括Cut Hands、Helena Hauff、Forward Strategy Group、Surgeon、Michael Forshaw、Jeff Mills、Regis、Dominick Fernow和Mike Banks。厂牌Perc Trax被认为是该流派在英国复兴的功臣，旗下艺人有Perc、Truss、Hppa和Ansome等。</p>",
 "contentEn": "<p><strong>Industrial techno</strong>&nbsp;is a subgenre of&nbsp;techno&nbsp;and&nbsp;industrial dance music&nbsp;that originated in the 1990s.<sup id=\"cite_ref-guardian_1-0\" class=\"reference\">[1]</sup>&nbsp;Characteristically, it incorporates influences from the bleak, noisy sound and aesthetics of early&nbsp;industrial music&nbsp;acts, particularly&nbsp;Cabaret Voltaire&nbsp;and&nbsp;Throbbing Gristle.<sup id=\"cite_ref-ra-industrial_2-0\" class=\"reference\">[2]</sup><sup id=\"cite_ref-guardian_1-1\" class=\"reference\">[1]</sup>&nbsp;American industrial music label&nbsp;Wax Trax!&nbsp;also had a profound influence over the genre's development.<sup id=\"cite_ref-cmj_3-0\" class=\"reference\">[3]</sup>&nbsp;</p>\n<p>&nbsp;</p>\n<p>The genre has seen a resurgence in the 2010s,<sup id=\"cite_ref-guardian_1-2\" class=\"reference\">[1]</sup><sup id=\"cite_ref-ra-industrial_2-1\" class=\"reference\">[2]</sup>&nbsp;spearheaded by acts such as Adam X, Orphx, and Ancient Methods, and others later like&nbsp;Blawan&nbsp;and Karenn. As a result, it has gained a significant fanbase from the&nbsp;post-dubstep&nbsp;audience.<sup id=\"cite_ref-ra-industrial_2-2\" class=\"reference\">[2]</sup>&nbsp;It is not to be mistaken with&nbsp;<strong>Techno Industrial,</strong>&nbsp;which is in essence similar to the power noise/rhythmic noise subgenre. The different terminology is used depending if one is coming from a techno perspective or industrial perspective, with Industrial Techno having more techno-inspired rhythmic section with many reverb and wall-of-noise or sci-fi effects, while Techno Industrial is closer to rhythmic noise in composition, with a distorted rhythmic section.</p>\n<p>&nbsp;</p>\n<p>Other artists associated with industrial techno include&nbsp;Cut Hands,<sup id=\"cite_ref-guardian_1-3\" class=\"reference\">[1]</sup>&nbsp;Helena Hauff,<sup id=\"cite_ref-irishtimes_4-0\" class=\"reference\">[4]</sup>&nbsp;Forward Strategy Group,<sup id=\"cite_ref-guardian_1-4\" class=\"reference\">[1]</sup>&nbsp;Surgeon,<sup id=\"cite_ref-ra-industrial_2-3\" class=\"reference\">[2]</sup>&nbsp;Michael Forshaw,<sup id=\"cite_ref-vice_5-0\" class=\"reference\">[5]</sup>&nbsp;Jeff Mills,&nbsp;Regis,&nbsp;Dominick Fernow&nbsp;and&nbsp;Mike Banks.<sup id=\"cite_ref-6\" class=\"reference\">[6]</sup>&nbsp;Perc Trax record label has been credited with the revival of the genre in the UK, with artists such as Perc, Truss, Hppa and Ansome.<sup id=\"cite_ref-guardian_1-5\" class=\"reference\">[1]</sup></p>",
 "remarks": "本词条汉字内容由 @多频百科团队 翻译+编辑\n原文译自 https://en.wikipedia.org/wiki/Industrial_techno",
 "remarksEn": "本词条内容来自 https://en.wikipedia.org/wiki/Industrial_techno",
 "status": 1,
 "clickNum": 25,
 "deleted": 0,
 "lang": 0,
 "chooseLang": true,
 "id": 145,
 "name": "Industrial Techno",
 "descriptions": "Industrial techno 是起源于20世纪90年代的Techno的一个子流派。其特点是融合了早期Industrial音乐艺术家风格中的凄凉、嘈杂的声音和美学的影响，尤其是Cabaret Voltaire和Throbbing Gristle。美国Industrial音乐厂牌Wax Trax！也对该流派的发展产生了深远的影响。",
 "originalName": "",
 "startTimeText": "1990s",
 "startAddress": "United Kingdom",
 "searchStyle": "Techno",
 "styleCategory": "Techno",
 "originalStyle": "Techno, industrial, industrial dance",
 "affectStyle": "",
 "deriveStyle": "",
 "representArtist": "Cut Hands, Helena Hauff, Forward Strategy Group, Surgeon, Michael Forshaw, Jeff Mills, Regis, Dominick Fernow, Mike Banks",
 "represetnBrand": "Perc Trax",
 "officialUrl": "https://en.wikipedia.org/wiki/Industrial_techno",
 "typeId": 13,
 "typeName": "风格",
 "dataId": 145,
 "url": "http://dropinapp.hearinmusic.com/#/ency?typeId=13&dataId=145"
}