{
 "pageNum": 1,
 "pageSize": 10,
 "params": {},
 "relationChannel": "[{\"id\":1300,\"parentId\":8,\"name\":\"Industrial rock\"}]",
 "content": "<div>\n<div class=\"document\">\n<p class=\"paragraph text-align-type-left pap-line-1.8 pap-line-rule-auto pap-spacing-before-2pt pap-spacing-after-2pt\">Industrial Rock（工业摇滚）是一种融合工业音乐和摇滚音乐的另类摇滚流派。它最初起源于 1970 年代，并受到早期实验和工业音乐艺术家如 Cromagnon、Throbbing Gristle、Einst&uuml;rzende Neubauten 和 Chrome的影响推动。工业摇滚在 1980 年代因Killing Joke、Swans 和partial Skinny Puppy 等艺术家的成功而变得更加突出，后来催生了被称为Industrial Metal（工业金属）的分支流派。 1990 年代，在Nine Inch Nails和Marilyn Manson等艺术家的帮助下，主流听众开始更容易接受这一流派，他们发行的相关唱片都达到白金级的销量。</p>\n<p class=\"paragraph text-align-type-left pap-line-1.8 pap-line-rule-auto pap-spacing-before-2pt pap-spacing-after-2pt\">&nbsp;</p>\n<p class=\"paragraph text-align-type-left pap-line-1.8 pap-line-rule-auto pap-spacing-before-2pt pap-spacing-after-2pt\"><strong>历史 起源（1970年代和1980年代后期）</strong></p>\n<p class=\"paragraph text-align-type-left pap-line-1.8 pap-line-rule-auto pap-spacing-before-2pt pap-spacing-after-2pt\">AllMusic评论家Alex Henderson表示，experimental乐队Cromagnon1969年的唱片Orgasm预示了industrial rock兴起。另外，Pitchfork的Zach Baron因其&ldquo;industrial前身节奏感&rdquo;而注意到了他们的歌曲&ldquo;Caledonia&rdquo;。 Krautrock的音乐家Michael Rother和Klaus Dinger 1972年在他们首张专辑Neu！的曲目Negativland中加入了industrial noise。</p>\n<p class=\"paragraph text-align-type-left pap-line-1.8 pap-line-rule-auto pap-spacing-before-2pt pap-spacing-after-2pt\">&nbsp;</p>\n<p class=\"paragraph text-align-type-left pap-line-1.8 pap-line-rule-auto pap-spacing-before-2pt pap-spacing-after-2pt\">这是David Bowie1977年在柏林录制的专辑Low中的开场曲目Speed of Life灵感来源。Bowie还与Iggy Pop合作创作了1977年的个人首张专辑The Idiot。结束曲目Mass Production在磁带环上采样了机械声音，这对Joy Division产生了重大影响，他与1978年成立的公司Factory Records签约；他们的专辑《Unknown Pleasures》（1979年）和《Closer》（1980年）极大地推动了industrial rock的进一步发展。 Chrome也被誉为&ldquo;industrial rock的开端&rdquo;,其1978年的Half Machine Lip Moves被列为Wire令世界沉迷的100张唱片（没人在听）。</p>\n<p class=\"paragraph text-align-type-left pap-line-1.8 pap-line-rule-auto pap-spacing-before-2pt pap-spacing-after-2pt\">&nbsp;</p>\n<p class=\"paragraph text-align-type-left pap-line-1.8 pap-line-rule-auto pap-spacing-before-2pt pap-spacing-after-2pt\">Industrial rock诞生于1970年代中期至后期，在punk rock革命和disco热潮中。杰出的早期Industrial音乐家包括：r Throbbing Gristle, Cabaret Voltaire, NON, SPK和Z'EV。许多其他艺术家也受到了影响，例如Kraftwerk，Gary Numan和Tubeway Army以及Einst&uuml;rzendeNeubauten和Fad Gadget。许多其他音乐表演者正在将industrial音乐元素纳入各种音乐风格。</p>\n<p class=\"paragraph text-align-type-left pap-line-1.8 pap-line-rule-auto pap-spacing-before-2pt pap-spacing-after-2pt\">&nbsp;</p>\n<p class=\"paragraph text-align-type-left pap-line-1.8 pap-line-rule-auto pap-spacing-before-2pt pap-spacing-after-2pt\">一些post-punk演奏者开发了与industrial music平行的风格。Jim Irvin将Pere Ubu的处女作The Modern Dance描述为industrial， Chris Connelly说，音乐Foetus&rdquo;是&ldquo;machinery与hardcore punk结合的促成者。&rdquo; 音乐记者Simon Reynolds认为Killing Joke在1985年发行的专辑Night Time中获得了主流成功，是&ldquo;heavy metal的post-punk版本&rdquo;。</p>\n<p class=\"paragraph text-align-type-left pap-line-1.8 pap-line-rule-auto pap-spacing-before-2pt pap-spacing-after-2pt\">&nbsp;</p>\n<p class=\"paragraph text-align-type-left pap-line-1.8 pap-line-rule-auto pap-spacing-before-2pt pap-spacing-after-2pt\">其他人紧随其后。纽约市的Swans乐队受到当地no wave风潮的启发，还有punk rock, noise music（尤其是Whitehouse）和原始的industrial乐队。Steve Albini的Big Black也是类似的风格，同时也融合了美国hardcore punk。Big Black与post-hardcore 和noise rock也有着密切的联系，尽管后两者与industrial music的联系非常明显。瑞士三重奏The Young Gods故意不使用电吉他，而使用采样器，他们也从hardcore和industrial汲取了灵感。1986年，加拿大乐队Skinny Puppy发行了专辑Mind：The Perpetual Intercourse，主打单曲&ldquo;Dig It&rdquo;在MTV上经常播放。这首歌对Nine Inch Nails创始人Trent Reznor产生了重大影响，他在创作第一首歌&ldquo;Down in It&rdquo;时就以此为灵感。</p>\n<p class=\"paragraph text-align-type-left pap-line-1.8 pap-line-rule-auto pap-spacing-before-2pt pap-spacing-after-2pt\">&nbsp;</p>\n<p class=\"paragraph text-align-type-left pap-line-1.8 pap-line-rule-auto pap-spacing-before-2pt pap-spacing-after-2pt\">Chicago's Wax Trax! 唱片公司在1980年代成为该流派的先锋，并因将其引入美国而闻名。Ministry1988年发行的专辑The Land of Rape and Honey，抛弃了以合成器为导向的声音，采用了摇滚风格，这种摇滚风格源自hardcore punk和thrash metal，同时保留了电子元素和样本。Ministry负责人Al Jourgensen也参与了多个与Wax Trax!旗下industrial rock音乐的发行，包括Revolting Cocks，1000名Homo DJ和Pailhead。</p>\n<p class=\"paragraph text-align-type-left pap-line-1.8 pap-line-rule-auto pap-spacing-before-2pt pap-spacing-after-2pt\">&nbsp;</p>\n<p class=\"paragraph text-align-type-left pap-line-1.8 pap-line-rule-auto pap-spacing-before-2pt pap-spacing-after-2pt\"><strong>主流流行（1990年代）</strong></p>\n<p class=\"paragraph text-align-type-left pap-line-1.8 pap-line-rule-auto pap-spacing-before-2pt pap-spacing-after-2pt\">在1990年代，industrial rock在Nine Inch Nails，Orgy，Rob Zombie，White Zombie和Marilyn Manson等艺术家和乐队的影响下进入主流。992年12月，Nine Inch Nails的EP Broken被美国唱片工业协会（RIAA）认证为白金，他们随着1994年专辑The Downward Spiral的发行变得更流行。1998年，The Downward Spiral获得了RIAA的4倍铂金认证。 他们1999年专辑The Fragile在2000年1月获得了2倍铂金的认证。随Nine Inch Nails的成功使得乐队的首张专辑Pretty Hate Machine获得了RIAA的3倍铂金认证。在1990年代，Billboard Hot 100上有四首Nine Inch Nails歌曲。1995年的Mortal Kombat: Original Motion Picture Soundtrack中出现了几位industrial rock和industrial metal艺术家，例如KMFDM，Fear Factory，Gravity Kills和Sister Machine Gun。他们的音乐在1996年1月获得了RIAA的铂金认证。</p>\n<p class=\"paragraph text-align-type-left pap-line-1.8 pap-line-rule-auto pap-spacing-before-2pt pap-spacing-after-2pt\">&nbsp;</p>\n<p class=\"paragraph text-align-type-left pap-line-1.8 pap-line-rule-auto pap-spacing-before-2pt pap-spacing-after-2pt\">Marilyn Manson于1996年发行了专辑Antichrist Superstar。专辑发行日期后两个月就获得了RIAA的铂金认证。在美国，Antichrist Superstar售出了至少1,900,000张。1998年5月，Marilyn Manson的EP Smells Like Children获得了白金认证。他的专辑Mechanical Animals排名第一，在商店的第一周售出223,000张，打败Lauryn Hill的The Miseducation of Lauryn Hill荣登榜首。Mechanical Animals在1999年2月获得了RIAA的铂金认证，并在美国至少售出1,409,000张。在1990年代，Orgy还取得了主流成功。乐队1998年的专辑Candyass被1999年7月的RIAA认证为白金。 Orgy的New Order歌曲&ldquo;Blue Monday翻唱在Billboard Hot 100 上排名第56，在Dance Club Songs榜上排名第2。White Zombie在1995年发行的专辑Astro-Creep 2000中对其进行了industrial metal实验，该唱片在RIAA于1996年3月认证为2倍铂金。White Zombie的歌手RobZombie在他单飞后开始创作纯industrial metal专辑。Rob Zombie的个人首张录音室专辑Hellbilly Deluxe在发行日期不到两年的时间内就获得了RIAA的3倍铂金认证。1999年11月，Powerman 5000发行的专辑Tonight the Stars Revolt！已获得RIAA认证的铂金。专辑在美国至少售出1,316,172张。</p>\n</div>\n</div>",
 "remarks": "本词条汉字内容由 @多频百科团队 翻译+编辑\n原文译自https://en.wikipedia.org/wiki/Industrial_rock",
 "remarksEn": "本词条内容暂未完善仅供参考，多频百科小编正在火速赶来",
 "status": 1,
 "clickNum": 15,
 "deleted": 0,
 "lang": 0,
 "chooseLang": false,
 "id": 273,
 "name": "Industrial rock",
 "descriptions": "Industrial Rock（工业摇滚）是一种融合工业音乐和摇滚音乐的另类摇滚流派。它最初起源于 1970 年代，并受到早期实验和工业音乐艺术家如 Cromagnon、Throbbing Gristle、Einstürzende Neubauten 和 Chrome的影响推动。工业摇滚在 1980 年代因Killing Joke、Swans 和partial Skinny Puppy 等艺术家的成功而变得更加突出，后来催生了被称为Industrial Metal（工业金属）的分支流派。 1990 年代，在Nine Inch Nails和Marilyn Manson等艺术家的帮助下，主流听众开始更容易接受这一流派，他们发行的相关唱片都达到白金级的销量。",
 "originalName": "",
 "startTimeText": "Late 1970s ",
 "startAddress": " United States",
 "searchStyle": "Industrial",
 "styleCategory": "Industrial",
 "originalStyle": "Industrial, rock, post-punk, experimental rock",
 "affectStyle": "Industrial metal",
 "deriveStyle": "",
 "representArtist": "",
 "represetnBrand": "Wax Trax! Records, Nothing Records",
 "officialUrl": "https://en.wikipedia.org/wiki/Industrial_rock",
 "typeId": 13,
 "typeName": "风格",
 "dataId": 273,
 "url": "http://dropinapp.hearinmusic.com/#/ency?typeId=13&dataId=273"
}