{
 "pageNum": 1,
 "pageSize": 10,
 "params": {},
 "relationChannel": "[{\"id\":1162,\"parentId\":8,\"name\":\"Intelligent Drum and Bass\"}]",
 "content": "<p>Intelligent Drum and Bass（智能鼓打贝斯）或Intelligent Jungle（智能丛林）是一种比较平稳的风格，受到环境音乐、弛放、爵士乐和灵魂音乐的影响。它由艺术家Omni Trio、Peshay、Foul Play、Seba、Blu Mar Ten、Nookie、Hyper-On-Experience、DJ Pulse、Higher Sense、Deep Blue（Sean O'Keefe、Cause4Concern Records）、Photek、Jack Smooth（Basement Records）、Blame、LTJ Bukem和他的厂牌Good Looking Records，以及厂牌Moving Shadow等开创。</p>\n<p>&nbsp;</p>\n<p><strong>衍生风格</strong></p>\n<p><span style=\"text-decoration: underline;\">Atmospheric Drum and Bass</span></p>\n<p>Atmospheric Drum and Bass创造了一种更平静但更合成的声音。它由Calibre、Zero Tolerance (Zero T) &amp; Beta 2、London Elektricity、High Contrast、Logistics、Nu:Tone、Danny Byrd、Cyantific、Netsky、Lenzman、Technimatic (Technicolour &amp; Komatic)、Hobzee &amp; Zyon Base、Paul T &amp; Edward Oberon、Hybrid Minds以及Hospital Records、Fokuz Records和Liquid V等厂牌所开创。</p>",
 "contentEn": "<p><strong>Intelligent drum &amp; bass</strong>&nbsp;or&nbsp;<strong>intelligent jungle</strong>&nbsp;is a smoother style, influenced by&nbsp;ambient music,&nbsp;chillout,&nbsp;jazz&nbsp;and&nbsp;soul music. It was pioneered by such artists as&nbsp;Omni Trio,&nbsp;Peshay,&nbsp;Seba,&nbsp;Blu Mar Ten,&nbsp;Deep Blue,&nbsp;Photek,&nbsp;Jack Smooth&nbsp;(Basement Records),&nbsp;LTJ Bukem&nbsp;and his label&nbsp;Good Looking Records,&nbsp;and the label&nbsp;Moving Shadow.</p>\n<p>&nbsp;</p>\n<p><strong>Subgenre</strong></p>\n<p><strong>Atmospheric drum and bass</strong>&nbsp;creates a calmer yet more synthetic sound. It was pioneered by&nbsp;London Elektricity, and&nbsp;Nu:Tone.</p>",
 "remarks": "本词条汉字内容由 @多频百科团队 翻译+编辑\n原文译自 https://en.wikipedia.org/wiki/Drum_and_bass#Light_drum_and_bass",
 "remarksEn": "本词条内容来自 https://en.wikipedia.org/wiki/Drum_and_bass#Light_drum_and_bass",
 "status": 1,
 "clickNum": 16,
 "deleted": 0,
 "lang": 0,
 "chooseLang": true,
 "id": 112,
 "name": "Intelligent Drum and Bass",
 "descriptions": "Intelligent Drum and Bass（智能鼓打贝斯）或Intelligent Jungle（智能丛林）是一种比较平稳的风格，受到环境音乐、弛放、爵士乐和灵魂音乐的影响。它由艺术家Omni Trio、Peshay、Foul Play、Seba、Blu Mar Ten、Nookie、Hyper-On-Experience、DJ Pulse、Higher Sense、Deep Blue（Sean O'Keefe、Cause4Concern Records）、Photek、Jack Smooth（Basement Records）、Blame、LTJ Bukem和他的厂牌Good Looking Records，以及厂牌Moving Shadow等开创。",
 "originalName": "Intelligent Jungle",
 "startTimeText": "",
 "startAddress": "",
 "searchStyle": "Drum and Bass",
 "styleCategory": "Drum and Bass",
 "originalStyle": "Ambient, Chill-out, Jazz, Soul",
 "affectStyle": "",
 "deriveStyle": "",
 "representArtist": " Omni Trio, Peshay, Foul Play, Seba, Blu Mar Ten, Nookie, Hyper-On-Experience, DJ Pulse, Higher Sense, Deep Blue (Sean O'Keefe, Cause4Concern Records), Photek, Jack Smooth (Basement Records), Blame, LTJ Bukem",
 "officialUrl": "https://en.wikipedia.org/wiki/Drum_and_bass#Light_drum_and_bass",
 "typeId": 13,
 "typeName": "风格",
 "dataId": 112,
 "url": "http://dropinapp.hearinmusic.com/#/ency?typeId=13&dataId=112"
}