{
 "pageNum": 1,
 "pageSize": 10,
 "params": {},
 "relationChannel": "[{\"id\":1127,\"parentId\":8,\"name\":\"Italo House\"}]",
 "content": "<div>\n<div class=\"document\">\n<p class=\"paragraph text-align-type-left pap-line-1.8 pap-line-rule-auto pap-spacing-before-0pt pap-spacing-after-0pt\">Italo house（在英国通常简称为&ldquo; Italian house&rdquo;或&ldquo; Italian house&rdquo;）是一种起源于意大利的浩室音乐。 自20世纪80年代末在意大利、英国和美国流行，它融合了house音乐和Italo disco。该流派的主要音乐特点是以电子钢琴和弦为主，形式上比经典的芝加哥House唱片更加抒情。最著名的例子是Black Box的 \"Ride on Time\"，但在80年代末和90年代初，该流派因在独立舞曲的背景下，以振奋的和颂歌式的曲调流行起来。</p>\n<p class=\"paragraph text-align-type-left pap-line-1.8 pap-line-rule-auto pap-spacing-before-0pt pap-spacing-after-0pt\">&nbsp;</p>\n<p class=\"paragraph text-align-type-left pap-line-1.8 pap-line-rule-auto pap-spacing-before-0pt pap-spacing-after-0pt\"><strong>历史</strong></p>\n<p class=\"paragraph text-align-type-left pap-line-1.8 pap-line-rule-auto pap-spacing-before-0pt pap-spacing-after-0pt\">\"Italo-House \"在90年代初被称为是一种快乐、兴奋的声音，主要由Gianfranco Bortolotti的制作团队开创，他的另一个自我包括Cappella、R.A.F.、East Side Beat和49ers。意大利制作的唱片在1990/91年的英国舞曲排行榜上占据了主导地位，其中包括Asha的 \"JJ Tribute\"、DJ H的 \"Think About\"、Last Rhythm的 \"Last Rhythm \"和Jinny的 \"Keep Warm \"等歌曲，这些歌曲象征着愉悦的氛围。K-Klass、Bassheads和Felix等艺术家在意大利钢琴声的基础上创造出了振奋人心的曲子，至今仍在播放，不过DJ Sasha等音乐先锋早已离开了钢琴的快乐氛围，专注创造其他风格。</p>\n</div>\n</div>",
 "contentEn": "<p><strong>Italo house</strong>&nbsp;(often simply referred to as \"Italian\" or \"Italian house\" in the UK) is a form of&nbsp;house music&nbsp;originating in&nbsp;Italy. Typically popular in Italy,&nbsp;Britain, and&nbsp;United States&nbsp;since the late 1980s, it fuses&nbsp;house music&nbsp;and&nbsp;Italo disco. The genre's main musical characteristic is its use of predominantly&nbsp;electronic piano&nbsp;chords in a more lyrical form than classic&nbsp;Chicago house&nbsp;records. The best known example is&nbsp;Black Box's \"Ride on Time\", but the genre became very popular in the late 1980s and early 1990s for the uplifting and anthemic tunes against the background of indie-dance.</p>\n<p>&nbsp;</p>\n<h2><span id=\"History\" class=\"mw-headline\">History</span></h2>\n<p>\"Italo-house\" as it became known in the early 1990s was a happy, euphoric sound; pioneered essentially by the production stable of&nbsp;Gianfranco Bortolotti, whose alter egos included&nbsp;Cappella,&nbsp;R.A.F.,&nbsp;East Side Beat,<sup id=\"cite_ref-1\" class=\"reference\">[1]</sup>&nbsp;and the&nbsp;49ers. Records produced in Italy dominated the UK dance charts of 1990/91 with tunes including Asha's \"JJ Tribute\", DJ H's \"Think About\", Last Rhythm's \"Last Rhythm\", and Jinny's \"Keep Warm\" signifying the uplifting, happy vibe. Artists such as&nbsp;K-Klass,&nbsp;Bassheads, and&nbsp;Felix&nbsp;built on the Italian piano sound to create uplifting tunes still played out today, although the pioneers of the sound such as&nbsp;DJ Sasha&nbsp;have long since left the happy vibe of piano house to concentrate on other styles.<sup id=\"cite_ref-rollingstone_2-0\" class=\"reference\">[2]</sup></p>\n<p>&nbsp;</p>\n<h2><span id=\"References\" class=\"mw-headline\">References</span></h2>\n<div class=\"reflist\">\n<div class=\"mw-references-wrap\">\n<ol class=\"references\">\n<li id=\"cite_note-1\"><span class=\"mw-cite-backlink\"><strong>^</strong></span>&nbsp;<span class=\"reference-text\"><cite class=\"citation web cs1\">\"DJP.it, annata 1992\". Archived from&nbsp;the original&nbsp;on 2015-02-25<span class=\"reference-accessdate\">. Retrieved&nbsp;<span class=\"nowrap\">2012-06-12</span></span>.</cite></span></li>\n<li id=\"cite_note-rollingstone-2\"><span class=\"mw-cite-backlink\"><strong>^</strong></span>&nbsp;<span class=\"reference-text\"><cite id=\"CITEREFNathan_BrackettChristian_David_Hoard2004\" class=\"citation book cs1\">Nathan Brackett; Christian David Hoard, eds. (2004).&nbsp;<em>Rolling Stone Album Guide</em>&nbsp;(Fireside; 4th&nbsp;ed.). p.&nbsp;718.&nbsp;ISBN&nbsp;<bdi>0-7432-0169-8</bdi>.</cite></span></li>\n</ol>\n</div>\n</div>",
 "remarks": "本词条汉字内容由 @多频百科团队 翻译+编辑\n原文译自 https://en.wikipedia.org/wiki/Italo_house",
 "remarksEn": "本词条内容来自 https://en.wikipedia.org/wiki/Italo_house",
 "status": 1,
 "clickNum": 11,
 "deleted": 0,
 "lang": 0,
 "chooseLang": true,
 "id": 72,
 "name": "Italo House",
 "descriptions": "Italo house（在英国通常简称为“ Italian house”或“ Italian house”）是一种起源于意大利的浩室音乐。 自20世纪80年代末在意大利、英国和美国流行，它融合了house音乐和Italo disco。该流派的主要音乐特点是以电子钢琴和弦为主，形式上比经典的芝加哥House唱片更加抒情。最著名的例子是Black Box的 \"Ride on Time\"，但在80年代末和90年代初，该流派因在独立舞曲的背景下，以振奋的和颂歌式的曲调流行起来。",
 "originalName": "",
 "startTimeText": "Late 1980s",
 "startAddress": "Italy, United Kingdom and United States",
 "searchStyle": "House",
 "styleCategory": "House",
 "originalStyle": "Italo disco, house music, Balearic beat",
 "affectStyle": "Eurodance, Italo dance",
 "deriveStyle": "",
 "representArtist": "",
 "officialUrl": "https://en.wikipedia.org/wiki/Italo_house",
 "typeId": 13,
 "typeName": "风格",
 "dataId": 72,
 "url": "http://dropinapp.hearinmusic.com/#/ency?typeId=13&dataId=72"
}