{
 "pageNum": 1,
 "pageSize": 10,
 "params": {},
 "relationChannel": "[{\"id\":1261,\"parentId\":8,\"name\":\"Italo Dance\"}]",
 "content": "<div>\n<div class=\"document\">\n<p class=\"paragraph text-align-type-left pap-line-1.8 pap-line-rule-auto pap-spacing-before-2pt pap-spacing-after-2pt\">Italo dance是Eurodance流派的一个分支，于20世纪90年代末至21世纪初在意大利流行开来，Eiffel 65的单曲《Blue (Da Ba Dee)》发行后，它开始流行起来。1993年至1995年是这一流派的萌芽期，1999年至2005年是它的黄金时期。尽管Eiffel 65、Prezioso, Gigi D'Agostino, Molella, Gabry Ponte和DJ Lhasa等人的Italo热门歌曲仍在大量播放，但这种类型的音乐还远远没有成为今天的主流，主流则是electro和house音乐。Prezioso和Molella现在在制作house和electro音乐，许多其他艺术家也改变了他们的风格，然而Gigi D'Agostino, Gabry Ponte和Luca Zeta仍然在制作Italo。</p>\n<p class=\"paragraph text-align-type-left pap-line-1.8 pap-line-rule-auto pap-spacing-before-2pt pap-spacing-after-2pt\">&nbsp;</p>\n<p class=\"paragraph text-align-type-left pap-line-1.8 pap-line-rule-auto pap-spacing-before-2pt pap-spacing-after-2pt\">Italo dance主要是在夜总会播放的音乐，源于意大利。这一流派从未真正成为整个欧洲市场的主流，但却在意大利广播电台，特别是舞蹈广播电台m2o，以及南欧和讲德语的欧洲国家得到了大量播放。</p>\n</div>\n</div>\n<p>&nbsp;</p>\n<div>\n<div class=\"document\">&nbsp;</div>\n</div>\n<p>&nbsp;</p>",
 "contentEn": "<div>\n<div class=\"document\">\n<p class=\"paragraph text-align-type-left pap-line-1.8 pap-line-rule-auto pap-spacing-before-2pt pap-spacing-after-2pt\">Italo dance is an offshoot of the Eurodance music genre. It was popular in Italy in the late 1990s to the early 2000s and gained some popularity after the release of the single \"Blue (Da Ba Dee)\" by Eiffel 65. The genre had its infancy from 1993 to 1995 and its golden age from 1999 to 2005. Although Italo hits by Eiffel 65, Prezioso, Gigi D'Agostino, Molella, Gabry Ponte and DJ Lhasa still receive substantial airplay, the genre is far from mainstream today where it has been replaced by mostly electro and house music. Prezioso and Molella now produce house and electro and many other artists have also changed their genre, however Gigi D'Agostino, Gabry Ponte and Luca Zeta still produce Italo.</p>\n<p class=\"paragraph text-align-type-left pap-line-1.8 pap-line-rule-auto pap-spacing-before-2pt pap-spacing-after-2pt\">&nbsp;</p>\n<p class=\"paragraph text-align-type-left pap-line-1.8 pap-line-rule-auto pap-spacing-before-2pt pap-spacing-after-2pt\">Italo dance is predominantly nightclub-oriented music and mainly produced in Italy. The genre never really became mainstream enough for the whole European market, but received much airplay on Italian radio, especially the dance radio station m2o, and in southern parts of Europe plus in the German speaking European countries.</p>\n</div>\n</div>",
 "remarks": "本词条汉字内容由 @多频百科团队 翻译+编辑\n原文译自https://ast.wikipedia.org/wiki/Italo_dance",
 "remarksEn": "本词条内容来自 https://ast.wikipedia.org/wiki/Italo_dance",
 "status": 0,
 "clickNum": 5,
 "deleted": 0,
 "lang": 0,
 "chooseLang": true,
 "id": 225,
 "name": "Italo Dance",
 "descriptions": "Italo dance是Eurodance流派的一个分支，于20世纪90年代末至21世纪初在意大利流行开来，Eiffel 65的单曲《Blue (Da Ba Dee)》发行后，它开始流行起来。",
 "originalName": "",
 "startTimeText": "",
 "startAddress": "",
 "searchStyle": "",
 "styleCategory": "Eurodance",
 "originalStyle": "",
 "affectStyle": "",
 "deriveStyle": "",
 "representArtist": "",
 "officialUrl": "https://ast.wikipedia.org/wiki/Italo_dance",
 "typeId": 13,
 "typeName": "风格",
 "dataId": 225,
 "url": "http://dropinapp.hearinmusic.com/#/ency?typeId=13&dataId=225"
}