{
 "pageNum": 1,
 "pageSize": 10,
 "params": {},
 "relationChannel": "[{\"id\":1440,\"parentId\":8,\"name\":\"J-core\"}]",
 "content": "<div>\n<div class=\"document\">\n<p class=\"paragraph text-align-type-left pap-line-1.8 pap-line-rule-auto pap-spacing-before-2pt pap-spacing-after-2pt\">J-core是20世纪90年代末以来与日本团体和DJ有关的硬核电子乐风格。&nbsp;它的特点是使用来自电子游戏和动漫的采样，色彩鲜艳的卡哇伊图像和专辑图形，以及从Denpa和otaku文化中借用的一般元素。这种风格在视频游戏中很有特色，如Beatmania IIDX，并形成了doujin音乐场景的一个重要部分。</p>\n<p class=\"paragraph text-align-type-left pap-line-1.8 pap-line-rule-auto pap-spacing-before-2pt pap-spacing-after-2pt\">&nbsp;</p>\n<p class=\"paragraph text-align-type-left pap-line-1.8 pap-line-rule-auto pap-spacing-before-2pt pap-spacing-after-2pt\">DJ Sharpnel被认为在1998年开创了这种风格，在21世纪初，这种风格通过日本的点对点网络传播。随着动漫在美国和欧洲的流行，J-core也在那里的动漫迷中得到赞赏，使得西方的、受J-core启发的混音文化得以发展，以及J-core对2010年代初的nightcore现象的贡献。</p>\n</div>\n</div>\n<p>&nbsp;</p>\n<div>\n<div class=\"document\">\n<p class=\"paragraph text-align-type-left pap-line-1.8 pap-line-rule-auto pap-spacing-before-2pt pap-spacing-after-2pt\"><strong>著名制作人</strong>&nbsp;</p>\n<p class=\"paragraph text-align-type-left pap-line-1.8 pap-line-rule-auto pap-spacing-before-2pt pap-spacing-after-2pt\">DJ&nbsp;Chucky</p>\n<p class=\"paragraph text-align-type-left pap-line-1.8 pap-line-rule-auto pap-spacing-before-2pt pap-spacing-after-2pt\">DJ&nbsp;Sharpnel</p>\n<p class=\"paragraph text-align-type-left pap-line-1.8 pap-line-rule-auto pap-spacing-before-2pt pap-spacing-after-2pt\">IOSYS</p>\n<p class=\"paragraph text-align-type-left pap-line-1.8 pap-line-rule-auto pap-spacing-before-2pt pap-spacing-after-2pt\">m1dy</p>\n<p class=\"paragraph text-align-type-left pap-line-1.8 pap-line-rule-auto pap-spacing-before-2pt pap-spacing-after-2pt\">REDALiCE</p>\n<p class=\"paragraph text-align-type-left pap-line-1.8 pap-line-rule-auto pap-spacing-before-2pt pap-spacing-after-2pt\">t+pazolite</p>\n<p class=\"paragraph text-align-type-left pap-line-1.8 pap-line-rule-auto pap-spacing-before-2pt pap-spacing-after-2pt\">Techn0rch</p>\n</div>\n</div>",
 "contentEn": "<div>\n<div class=\"document\">\n<p class=\"paragraph text-align-type-left pap-line-1.8 pap-line-rule-auto pap-spacing-before-2pt pap-spacing-after-2pt\">J-core&nbsp;is&nbsp;the&nbsp;style&nbsp;of&nbsp;hardcore&nbsp;techno&nbsp;associated&nbsp;with&nbsp;Japanese&nbsp;groups&nbsp;and&nbsp;DJs&nbsp;from&nbsp;the&nbsp;late&nbsp;1990s&nbsp;onward.&nbsp;It&nbsp;is&nbsp;marked&nbsp;by&nbsp;its&nbsp;usage&nbsp;of&nbsp;samples&nbsp;derived&nbsp;from&nbsp;video&nbsp;games&nbsp;and&nbsp;anime,&nbsp;colorful&nbsp;kawaii&nbsp;imagery&nbsp;and&nbsp;album&nbsp;graphics,&nbsp;and&nbsp;the&nbsp;general&nbsp;borrowing&nbsp;of&nbsp;elements&nbsp;from&nbsp;denpa&nbsp;and&nbsp;otaku&nbsp;culture.[1]&nbsp;The&nbsp;style&nbsp;is&nbsp;featured&nbsp;in&nbsp;video&nbsp;games&nbsp;such&nbsp;as&nbsp;Beatmania&nbsp;IIDX&nbsp;and&nbsp;forms&nbsp;a&nbsp;substantial&nbsp;part&nbsp;of&nbsp;the&nbsp;doujin&nbsp;music&nbsp;scene.[2]</p>\n<p class=\"paragraph text-align-type-left pap-line-1.8 pap-line-rule-auto pap-spacing-before-2pt pap-spacing-after-2pt\">&nbsp;</p>\n<p class=\"paragraph text-align-type-left pap-line-1.8 pap-line-rule-auto pap-spacing-before-2pt pap-spacing-after-2pt\">DJ&nbsp;Sharpnel&nbsp;is&nbsp;considered&nbsp;to&nbsp;have&nbsp;pioneered&nbsp;the&nbsp;style&nbsp;in&nbsp;1998,[2]&nbsp;and&nbsp;in&nbsp;the&nbsp;early&nbsp;2000s&nbsp;the&nbsp;style&nbsp;spread&nbsp;through&nbsp;Japanese&nbsp;peer-to-peer&nbsp;networks.[1]&nbsp;As&nbsp;anime&nbsp;became&nbsp;popular&nbsp;in&nbsp;the&nbsp;United&nbsp;States&nbsp;and&nbsp;Europe,&nbsp;J-core&nbsp;would&nbsp;also&nbsp;find&nbsp;appreciation&nbsp;among&nbsp;anime&nbsp;fans&nbsp;there,&nbsp;allowing&nbsp;for&nbsp;the&nbsp;development&nbsp;of&nbsp;a&nbsp;Western,&nbsp;J-core-inspired&nbsp;remix&nbsp;culture,&nbsp;as&nbsp;well&nbsp;as&nbsp;for&nbsp;J-core&rsquo;s&nbsp;contribution&nbsp;to&nbsp;the&nbsp;nightcore&nbsp;phenomenon&nbsp;of&nbsp;the&nbsp;early&nbsp;2010s.[2]</p>\n<p class=\"paragraph text-align-type-left pap-line-1.8 pap-line-rule-auto pap-spacing-before-2pt pap-spacing-after-2pt\">&nbsp;</p>\n<p class=\"paragraph text-align-type-left pap-line-1.8 pap-line-rule-auto pap-spacing-before-2pt pap-spacing-after-2pt\"><strong>Notable&nbsp;producers&nbsp;&nbsp;&nbsp;&nbsp;&nbsp;&nbsp;</strong>&nbsp;&nbsp;</p>\n<p class=\"paragraph text-align-type-left pap-line-1.8 pap-line-rule-auto pap-spacing-before-2pt pap-spacing-after-2pt\">DJ&nbsp;Chucky</p>\n<p class=\"paragraph text-align-type-left pap-line-1.8 pap-line-rule-auto pap-spacing-before-2pt pap-spacing-after-2pt\">DJ&nbsp;Sharpnel</p>\n<p class=\"paragraph text-align-type-left pap-line-1.8 pap-line-rule-auto pap-spacing-before-2pt pap-spacing-after-2pt\">IOSYS</p>\n<p class=\"paragraph text-align-type-left pap-line-1.8 pap-line-rule-auto pap-spacing-before-2pt pap-spacing-after-2pt\">m1dy</p>\n<p class=\"paragraph text-align-type-left pap-line-1.8 pap-line-rule-auto pap-spacing-before-2pt pap-spacing-after-2pt\">REDALiCE</p>\n<p class=\"paragraph text-align-type-left pap-line-1.8 pap-line-rule-auto pap-spacing-before-2pt pap-spacing-after-2pt\">t+pazolite</p>\n<p class=\"paragraph text-align-type-left pap-line-1.8 pap-line-rule-auto pap-spacing-before-2pt pap-spacing-after-2pt\">Techn0rch</p>\n<p class=\"paragraph text-align-type-left pap-line-1.8 pap-line-rule-auto pap-spacing-before-2pt pap-spacing-after-2pt\">&nbsp;</p>\n<p class=\"paragraph text-align-type-left pap-line-1.8 pap-line-rule-auto pap-spacing-before-2pt pap-spacing-after-2pt\"><strong>References&nbsp;&nbsp;&nbsp;&nbsp;&nbsp;</strong></p>\n<p class=\"paragraph text-align-type-left pap-line-1.8 pap-line-rule-auto pap-spacing-before-2pt pap-spacing-after-2pt\">1.^&nbsp;a&nbsp;b&nbsp;Jenkins,&nbsp;Dave&nbsp;(26&nbsp;April&nbsp;2018).&nbsp;\"Beyond&nbsp;J-Core:&nbsp;An&nbsp;Introduction&nbsp;to&nbsp;the&nbsp;Real&nbsp;Sound&nbsp;of&nbsp;Japanese&nbsp;Hardcore\".&nbsp;Bandcamp.&nbsp;Retrieved&nbsp;8&nbsp;June&nbsp;2021.</p>\n<p class=\"paragraph text-align-type-left pap-line-1.8 pap-line-rule-auto pap-spacing-before-2pt pap-spacing-after-2pt\">2.^&nbsp;a&nbsp;b&nbsp;c&nbsp;Host,&nbsp;Vivian&nbsp;(19&nbsp;January&nbsp;2015).&nbsp;\"A&nbsp;Kick&nbsp;in&nbsp;the&nbsp;Kawaii:&nbsp;Inside&nbsp;the&nbsp;World&nbsp;of&nbsp;J-Core\".&nbsp;Red&nbsp;Bull&nbsp;Music&nbsp;Academy.&nbsp;Retrieved&nbsp;8&nbsp;June&nbsp;2021.</p>\n</div>\n</div>",
 "remarks": "本词条汉字内容由 @多频百科团队 翻译+编辑\n原文译自 https://en.m.wikipedia.org/wiki/J-core",
 "remarksEn": "本词条内容来自 https://en.m.wikipedia.org/wiki/J-core",
 "status": 1,
 "clickNum": 29,
 "deleted": 0,
 "lang": 0,
 "chooseLang": true,
 "id": 210,
 "name": "J-core",
 "descriptions": "J-core是20世纪90年代末以来与日本团体和DJ有关的硬核电子乐风格。\n\n",
 "originalName": "",
 "startTimeText": "",
 "startAddress": "",
 "searchStyle": "Hardcore",
 "styleCategory": "Hardcore",
 "originalStyle": "",
 "affectStyle": "",
 "deriveStyle": "",
 "representArtist": "",
 "officialUrl": "https://en.m.wikipedia.org/wiki/J-core",
 "typeId": 13,
 "typeName": "风格",
 "dataId": 210,
 "url": "http://dropinapp.hearinmusic.com/#/ency?typeId=13&dataId=210"
}