{
 "pageNum": 1,
 "pageSize": 10,
 "params": {},
 "relationChannel": "[{\"id\":1282,\"parentId\":8,\"name\":\"Japanoise\"}]",
 "content": "<p>Japanoise是&ldquo;Japanese&rdquo;和&ldquo;noise&rdquo;的结合，是日本的noise music。</p>\n<p>&nbsp;</p>\n<div>\n<div class=\"document\">\n<p class=\"paragraph text-align-type-left pap-line-1.8 pap-line-rule-auto pap-spacing-before-2pt pap-spacing-after-2pt\">The Wire的Nick Cain指出，&ldquo;自1990年以来，日本noise music艺术家的优先地位，例如Merzbow，Hijokaidan和Incapacitants，是noise music的发展起来的原因之一。某些noise艺术家本人会被归类为&ldquo;Japanese noise&rdquo;，他们因此感到不自在，认为使用该术语忽略了可能不是同一风格的艺术家，甚至混淆了根本不认识的音乐家之间的差异。</p>\n<p class=\"paragraph text-align-type-left pap-line-1.8 pap-line-rule-auto pap-spacing-before-2pt pap-spacing-after-2pt\">&nbsp;</p>\n<p class=\"paragraph text-align-type-left pap-line-1.8 pap-line-rule-auto pap-spacing-before-2pt pap-spacing-after-2pt\">1960年5月8日，六名年轻的日本音乐家，包括小杉武久（Tsuhisa Kosugi）和安顺康三（Yasunao Tone），组成了Ongaku乐团（Group of gaku），并用两张录音带录制了Automatism and Object。这些录音结合了传统乐器以及吸尘器，收音机，油桶，人偶和餐碟子的组合。此外，磁带的录制速度得到了控制，进一步扭曲了录制的声音。在1970年代末期和1980年代初，Merzbow以Lou Reed的专辑Metal Machine Music为出发点，并通过将声音从仅基于吉他的反馈中解放出来，进一步抽象出了noise美学，这一发展被认为将noise music视为一种流派 。根据Paul Hegarty2007年的说法，&ldquo;日本音乐中出现了各种各样的noise，所以这时谈论noise music才是有意义的，noise音乐的数量实际上与20世纪90年代以来有关。随着日本noise的大量增长，最终，noise music成为了一种流派。&rdquo; 促成音乐数量激增的其他主要日本noise艺术家包括Hijokaidan, Boredoms, C.C.C.C., Incapacitants, KK Null, Yamazaki Maso, Solmania, K2, The Gerogerigegege, Mayuko Hino, Ruins和Hanatarash。</p>\n</div>\n</div>",
 "contentEn": "<div>\n<div class=\"document\">\n<p class=\"paragraph text-align-type-left pap-line-1.8 pap-line-rule-auto pap-spacing-before-2pt pap-spacing-after-2pt\">Japanoise, a portmanteau of \"Japanese\" and \"noise\", is the noise music scene of Japan.</p>\n<p class=\"paragraph text-align-type-left pap-line-1.8 pap-line-rule-auto pap-spacing-before-2pt pap-spacing-after-2pt\">&nbsp;</p>\n<p class=\"paragraph text-align-type-left pap-line-1.8 pap-line-rule-auto pap-spacing-before-2pt pap-spacing-after-2pt\">Nick Cain of The Wire identifies the \"primacy of Japanese Noise artists like Merzbow, Hijokaidan and Incapacitants as one of the major developments in noise music since 1990.</p>\n<p class=\"paragraph text-align-type-left pap-line-1.8 pap-line-rule-auto pap-spacing-before-2pt pap-spacing-after-2pt\">&nbsp;</p>\n<p class=\"paragraph text-align-type-left pap-line-1.8 pap-line-rule-auto pap-spacing-before-2pt pap-spacing-after-2pt\">Certain Japanese noise artists themselves feel uncomfortable being categorized under the umbrella of \"Japanese noise\", arguing that use of the term is a way of ignoring the differences between musicians who don't necessarily follow the same approach or even know each other at all.</p>\n<p class=\"paragraph text-align-type-left pap-line-1.8 pap-line-rule-auto pap-spacing-before-2pt pap-spacing-after-2pt\">&nbsp;</p>\n<p class=\"paragraph text-align-type-left pap-line-1.8 pap-line-rule-auto pap-spacing-before-2pt pap-spacing-after-2pt\">On May 8, 1960, six young Japanese musicians, including Takehisa Kosugi and Yasunao Tone, formed the Group Ongaku with two tape recordings of noise music: Automatism and Object. These recordings made use of a mixture of traditional musical instruments along with a vacuum cleaner, a radio, an oil drum, a doll, and a set of dishes. Moreover, the speed of the tape recording was manipulated, further distorting the sounds being recorded. In the late 1970s and early 1980s, Merzbow took Lou Reed's album Metal Machine Music as a point of departure and further abstracted the noise aesthetic by freeing the sound from guitar based feedback alone, a development that is thought to have heralded noise music as a genre. According to Paul Hegarty (2007), \"In many ways it only makes sense to talk of noise music since the advent of various types of noise produced in Japanese music, and in terms of quantity this is really to do with the 1990s onwards ... with the vast growth of Japanese noise, finally, noise music becomes a genre\". Other key Japanese noise artists that contributed to this upsurge of activity include Hijokaidan, Boredoms, C.C.C.C., Incapacitants, KK Null, Yamazaki Maso, Solmania, K2, The Gerogerigegege, Mayuko Hino, Ruins and Hanatarash.</p>\n<p class=\"paragraph text-align-type-left pap-line-1.8 pap-line-rule-auto pap-spacing-before-2pt pap-spacing-after-2pt\">&nbsp;</p>\n</div>\n</div>",
 "remarks": "本词条汉字内容由 @多频百科团队 翻译+编辑\n原文译自https://en.wikipedia.org/wiki/Japanoise",
 "remarksEn": "本词条内容来自 https://en.wikipedia.org/wiki/Japanoise",
 "status": 1,
 "clickNum": 26,
 "deleted": 0,
 "lang": 0,
 "chooseLang": true,
 "id": 251,
 "name": "Japanoise",
 "descriptions": "Japanoise是日本的noise music。",
 "originalName": "",
 "startTimeText": "Late 1970s",
 "startAddress": "Japan",
 "searchStyle": "Noise Music",
 "styleCategory": "Noise Music",
 "originalStyle": "Noise music",
 "affectStyle": "",
 "deriveStyle": "",
 "representArtist": "",
 "officialUrl": "https://en.wikipedia.org/wiki/Japanoise",
 "typeId": 13,
 "typeName": "风格",
 "dataId": 251,
 "url": "http://dropinapp.hearinmusic.com/#/ency?typeId=13&dataId=251"
}