{
 "pageNum": 1,
 "pageSize": 10,
 "params": {},
 "relationChannel": "[{\"id\":1163,\"parentId\":8,\"name\":\"Jazzstep\"}]",
 "content": "<p>Jazzstep，又称Jazzy Jungle。这类风格受爵士乐的影响很大，它使用典型的爵士乐音阶、节奏和乐器。著名的艺术家包括Roni Size、Reprazent、Goldie、Utah Jazz、Morgan Sullyvan、Makoto、Alex Reece、和DJ Dextrous。</p>",
 "contentEn": "<p><strong>Jazzstep</strong>&nbsp;or&nbsp;<strong>jazzy jungle</strong>&nbsp;demonstrates heavy influence by&nbsp;jazz. It uses typical jazz scales, rhythms and instrumentation.</p>",
 "remarks": "本词条汉字内容由 @多频百科团队 翻译+编辑\n原文译自 https://en.wikipedia.org/wiki/Drum_and_bass#Light_drum_and_bass",
 "remarksEn": "本词条内容来自 https://en.wikipedia.org/wiki/Drum_and_bass#Light_drum_and_bass",
 "status": 1,
 "clickNum": 15,
 "deleted": 0,
 "lang": 0,
 "chooseLang": true,
 "id": 113,
 "name": "Jazzstep",
 "descriptions": "Jazzstep，又称Jazzy Jungle。这类风格受爵士乐的影响很大，它使用典型的爵士乐音阶、节奏和乐器。著名的艺术家包括Roni Size、Reprazent、Goldie、Utah Jazz、Morgan Sullyvan、Makoto、Alex Reece、和DJ Dextrous。",
 "originalName": "",
 "startTimeText": "",
 "startAddress": "",
 "searchStyle": "Drum and Bass",
 "styleCategory": "Drum and Bass",
 "originalStyle": "Drum and Bass, Jazz",
 "affectStyle": "",
 "deriveStyle": "",
 "representArtist": " Roni Size & Reprazent, Goldie, Utah Jazz, Morgan Sullyvan, Makoto, Alex Reece, DJ Dextrous",
 "officialUrl": "https://en.wikipedia.org/wiki/Drum_and_bass#Light_drum_and_bass",
 "typeId": 13,
 "typeName": "风格",
 "dataId": 113,
 "url": "http://dropinapp.hearinmusic.com/#/ency?typeId=13&dataId=113"
}