{
 "pageNum": 1,
 "pageSize": 10,
 "params": {},
 "relationChannel": "[{\"id\":1402,\"parentId\":8,\"name\":\"Jazz House\"}]",
 "content": "<p>Jazz House是以House音乐节奏为框架，结合Jazz元素和氛围而形成的新颖别致的电子音乐风格，与Deep House密切相关。Larry Heard被认为是首位在House作品中融入Jazz风格的制作人。</p>\n<p>&nbsp;</p>\n<p>Jazz house相关作品多以爵士乐采样为基础，但有时也不排除使用现场乐器。Jazz House的编曲手法多样，从简单的在House节奏中加入爵士乐氛围，到使用电子合成器完成爵士乐段Solo的展现，这种风格充分体现了自由与浪漫。</p>\n<p>&nbsp;</p>\n<p>而当爵士乐技巧和乐器相较House音乐元素占主导地位时，则将此类音乐归类为Nu-Jazz（新爵士乐）。</p>",
 "contentEn": "<p>Jazz house is a style of house music closely related to&nbsp;deep house, which can be described as an attempt to translate the atmosphere of jazz music into an electronic setting.<sup id=\"cite_ref-jazzhouse_6-0\" class=\"reference\"></sup>&nbsp;Larry Heard&nbsp;is called to be the first to layer his productions with jazz-based chords and atmospheres.<sup id=\"cite_ref-jazzhouse_6-1\" class=\"reference\"></sup>&nbsp;The compositions are mostly based on jazz samples, but also does not preclude the use of live musical instruments sometimes, while when the jazz techniques and instrumentation begins to dominate over the house structure, then such music is classified as&nbsp;nu-jazz.</p>",
 "remarks": "本词条汉字内容由 @多频百科团队 翻译+编辑\n原文译自 https://en.wikipedia.org/wiki/Styles_of_house_music",
 "remarksEn": "本词条内容来自 https://en.wikipedia.org/wiki/Styles_of_house_music",
 "status": 1,
 "clickNum": 11,
 "deleted": 0,
 "lang": 0,
 "chooseLang": true,
 "id": 73,
 "name": "Jazz House",
 "descriptions": "Jazz House是以House音乐节奏为框架，结合Jazz元素和氛围而形成的新颖别致的电子音乐风格。Larry Heard被认为是首位在House作品中融入Jazz风格的制作人。\n",
 "originalName": "",
 "startTimeText": "",
 "startAddress": "",
 "searchStyle": "House",
 "styleCategory": "House",
 "originalStyle": "House, Jazz, EDM, Latin music, reggae, dancehall, hip hop, reggaeton",
 "affectStyle": "",
 "deriveStyle": "",
 "representArtist": "Larry Heard, Herbert, As One",
 "officialUrl": "https://en.wikipedia.org/wiki/Styles_of_house_music",
 "typeId": 13,
 "typeName": "风格",
 "dataId": 73,
 "url": "http://dropinapp.hearinmusic.com/#/ency?typeId=13&dataId=73"
}