{
 "pageNum": 1,
 "pageSize": 10,
 "params": {},
 "relationChannel": "[{\"id\":1401,\"parentId\":8,\"name\":\"Juke House\"}]",
 "content": "<div class=\"document\">\n<p class=\"paragraph text-align-type-left pap-line-1.8 pap-line-rule-auto pap-spacing-before-0pt pap-spacing-after-0pt\">Jersey Club（泽西俱乐部）又称Brick City club（砖城俱乐部），是一种电子舞曲音乐流派，起源于20世纪2000年代早期的新泽西州纽瓦克。Jersey Club源自Baltimore Club，融合了Hip Hop、bounce、crunk和纽瓦克早期的House场景，其先驱人物包括DJ Tameil和的其它成员。</p>\n<p class=\"paragraph text-align-type-left pap-line-1.8 pap-line-rule-auto pap-spacing-before-0pt pap-spacing-after-0pt\">&nbsp;</p>\n<p class=\"paragraph text-align-type-left pap-line-1.8 pap-line-rule-auto pap-spacing-before-0pt pap-spacing-after-0pt\">受来自Baltimore的影响，Jersey Club是一种具有侵略性的风格，特点是在130-140BPM的快速节奏中加入&ldquo;弹性&rdquo;的律动，并更加突出的使用断奏、采样切片和三连音的重底鼓模式。这种风格经常Remix来自说唱和R&amp;B的作品，Jersey Club在新泽西、亚特兰大，匹兹堡，费城，纽约和华盛顿特区很受欢迎，音乐经常和激烈、具有竞争性的舞蹈同时出现，并通过网络视频获得了全球范围内大量人气。</p>\n<p class=\"paragraph text-align-type-left pap-line-1.8 pap-line-rule-auto pap-spacing-before-0pt pap-spacing-after-0pt\">&nbsp;</p>\n<p class=\"paragraph text-align-type-left pap-line-1.8 pap-line-rule-auto pap-spacing-before-0pt pap-spacing-after-0pt\"><strong>风格和特点 </strong></p>\n<p class=\"paragraph text-align-type-left pap-line-1.8 pap-line-rule-auto pap-spacing-before-0pt pap-spacing-after-0pt\">Jersey Club被描述为一种 \"快速和激进的舞曲\"，其根源是Baltimore Club场景中的House音乐和Hip Hop的融合。与巴尔的摩的风格相比，来自Jersey的制作人优先考虑更硬的Kick底鼓声音和更广泛的采样切片。这种风格独特的 \"弹性 \"是其三连音打击乐模式和breakbeat节奏共同作用的结果，通常源于歌手Tapp的作品 \"Dikkontrol\"中的节奏。808贝斯声和Lyn Collins的 \"Think (About It) \"中的Break采样被普遍采用，以及参考自多种流行文化的元素。常用于这类风格音频制作的程序包括Sony Acid Pro和FL Studio。</p>\n<p class=\"paragraph text-align-type-left pap-line-1.8 pap-line-rule-auto pap-spacing-before-0pt pap-spacing-after-0pt\">&nbsp;</p>\n<p class=\"paragraph text-align-type-left pap-line-1.8 pap-line-rule-auto pap-spacing-before-0pt pap-spacing-after-0pt\">制作人利用 \"三连音的大Kick Drum和人声片段来唤起舞动的氛围，或来自热门说唱和R&amp;B曲目的切片采样\"，并在 \"从慢跑穿梭的MP3控制器到唱片转盘等任何东西上构建曲目。\"成员Dirty South Joe指出，\"人声被切片至碎片化，并在重低音Kick Drum上进行分层，解构，并为舞池重新利用。\" 他称其为 \"咄咄逼人，却又充满旋律和性感\"。Billboard将其描述为 \"重复而响亮，它介于纽约的时尚和芝加哥的Juke之间，有一点来自Miami Bass的痞坏的东西。\" DJ Sliink将其总结为 \"一种更加Urban化的舞曲，带有切片的人声和Breaks\"。</p>\n<p class=\"paragraph text-align-type-left pap-line-1.8 pap-line-rule-auto pap-spacing-before-0pt pap-spacing-after-0pt\">&nbsp;</p>\n<div>\n<div class=\"document\">\n<p class=\"paragraph text-align-type-left pap-line-1.8 pap-line-rule-auto pap-spacing-before-0pt pap-spacing-after-0pt\"><strong>历史起源 </strong></p>\n<p class=\"paragraph text-align-type-left pap-line-1.8 pap-line-rule-auto pap-spacing-before-0pt pap-spacing-after-0pt\"><span style=\"text-decoration: underline;\">1999 -2002年 </span></p>\n<p class=\"paragraph text-align-type-left pap-line-1.8 pap-line-rule-auto pap-spacing-before-0pt pap-spacing-after-0pt\">Chicago House在90年代纽瓦克的俱乐部中很流行， 在那里它被一些人称为 \"Club Music（俱乐部音乐）\"。其他风格如Urban Club和Juke也被播放。到了1999年，Baltimore House（Baltimore Club）唱片，如Tapp的 \"Shake Dat Ass \"和 \"Dikkontrol \"很有影响力，而Nix In The Mix、Mustafah、Torry T和Mista Quietman等DJ帮助将这种声音引入新泽西州。DJ Tameil在十几岁时就以他的Chicago House mixtape而闻名，后来通过Music Liberated唱片店的Bernie Rabinowitz与巴尔的摩场景建立了联系；随后他被介绍给巴尔的摩当地的明星，如DJ Technics和Rod Lee。Tameil并没有在他的混音上写上艺术家的名字，这使得其他泽西州的制作人很难辨别他的来源。他开始在纽瓦克市中心地区的青少年派对和俱乐部播放巴尔的摩唱片。</p>\n<p class=\"paragraph text-align-type-left pap-line-1.8 pap-line-rule-auto pap-spacing-before-0pt pap-spacing-after-0pt\">&nbsp;</p>\n<p class=\"paragraph text-align-type-left pap-line-1.8 pap-line-rule-auto pap-spacing-before-0pt pap-spacing-after-0pt\" style=\"text-align: center;\"><img src=\"https://duopin-community.oss-cn-shenzhen.aliyuncs.com/47xpeoibg2ig435yu9qi.jpg\" alt=\"\" width=\"1440\" height=\"1080\" /></p>\n<p class=\"paragraph text-align-type-left pap-line-1.8 pap-line-rule-auto pap-spacing-before-0pt pap-spacing-after-0pt\" style=\"text-align: center;\"><span style=\"font-size: 8pt;\">新泽西州纽瓦克市中心的Broad Street，DJ Tameil在那里出售他刻录的CD</span></p>\n<p class=\"paragraph text-align-type-left pap-line-1.8 pap-line-rule-auto pap-spacing-before-0pt pap-spacing-after-0pt\" style=\"text-align: center;\"><span style=\"font-size: 8pt;\">CC BY 2.0, https://commons.wikimedia.org/w/index.php?curid=164296</span></p>\n<p class=\"paragraph text-align-type-left pap-line-1.8 pap-line-rule-auto pap-spacing-before-0pt pap-spacing-after-0pt\">&nbsp;</p>\n<p class=\"paragraph text-align-type-left pap-line-1.8 pap-line-rule-auto pap-spacing-before-0pt pap-spacing-after-0pt\">2001年，Tameil是新泽西州第一批制作自己的俱乐部曲目的艺术家之一，他在自己的厂牌Anthrax Records上发行了Dat Butt EP。一周后，纽瓦克乐队The OG's也自行发行了一张名为Official Ghetto Style的EP。Tameil开始刻录自己的CD，并在纽瓦克的Broad Street上出售。大约在这个时候，DJ Tim Dolla和Mike V也开始以的身份制作自己的俱乐部曲目，挑战Tameil对市场的垄断。双方起初互不相让，但Tameil后来加入了这个团体，并在2002年创造了 \"Brick City Club\"这个词，以参考纽瓦克市的昵称 \"Brick City\"。他们发布了偏流行的mixtape，其中包括俱乐部和浩室的曲目。大约在这个时候，Bernie Rabinowitz去世了，在新泽西发行稳定的Baltimore风格唱片便基本上停止了，这让新泽西的艺术家们发展自己的场景。主要在舞厅和宴会厅举办的俱乐部派对，开始在纽瓦克和周围的郊区如东奥兰治和欧文顿出现。尽管城市中存在暴力，但 举办的派对或在Branch Brook滑冰场举行的派对是众所周知的孩子们的安全空间。</p>\n<p class=\"paragraph text-align-type-left pap-line-1.8 pap-line-rule-auto pap-spacing-before-0pt pap-spacing-after-0pt\">&nbsp;</p>\n<div>\n<div class=\"document\">\n<p class=\"paragraph text-align-type-left pap-line-1.8 pap-line-rule-auto pap-spacing-before-0pt pap-spacing-after-0pt\"><span style=\"text-decoration: underline;\">区域发展：2003-2009年 </span></p>\n<p class=\"paragraph text-align-type-left pap-line-1.8 pap-line-rule-auto pap-spacing-before-0pt pap-spacing-after-0pt\">许多年轻的纽瓦克制作人很快就开始离开大学或就业，导致2003年前后出现了暂时的制作人荒，但他们将这种风格传播到了其他地方。与此同时，Tameil、Dolla和Mike V利用Sony Acid Pro--一种数字音频工作站来创作音乐并将其作为他们营生的主要方式，这种工作站在Jersey Club的制作人中依然很受欢迎。2005年左右，年轻一代开始与这些老牌制作人一起出现，如来自新泽西伊丽莎白的，最初对这个场景并不支持的Partyhoppers等团体后来加入了Brick Bandits。大约在这个时候，这个流派的名字改成了 \"Jersey Club\"，以说明它在纽瓦克以外的传播，因为在大学校园里越来越受欢迎，Baltimore Club的成功丰富了这个场景在互联网上的形象，特别是通过Myspace。</p>\n<p class=\"paragraph text-align-type-left pap-line-1.8 pap-line-rule-auto pap-spacing-before-0pt pap-spacing-after-0pt\">&nbsp;</p>\n<p class=\"paragraph text-align-type-left pap-line-1.8 pap-line-rule-auto pap-spacing-before-0pt pap-spacing-after-0pt\">大约在这个时候，Jersey的风格逐渐脱离了巴尔的摩的模板，它的风格变得更加独特，因为年轻的制作人-DJ如Nadus、Sliink、Jayhood和R3LL开始得到认可。当时还是高中生的R3LL以派对的推广者而闻名，后来又将音乐传播到北泽西的大学校园。</p>\n<p class=\"paragraph text-align-type-left pap-line-1.8 pap-line-rule-auto pap-spacing-before-0pt pap-spacing-after-0pt\">&nbsp;</p>\n<div>\n<div class=\"document\">\n<p class=\"paragraph text-align-type-left pap-line-1.8 pap-line-rule-auto pap-spacing-before-0pt pap-spacing-after-0pt\">2007年左右，费城开始发展自己的Club场景，受到Jersey Club风格的影响。2008年左右，这种风格开始在Hot 97和Power 105等主要说唱和R&amp;B电台播放。到了2009年，它已经蔓延到21岁以上的俱乐部和年轻和稍年长的群体。大约在这个时候，这个场景转向竞争性舞蹈，斗舞成为场景中的一个核心元素，灵感来自DJ Fresh的 \"Get Silly\"，以及Lil Man等人物的MCing。Tim Dolla参照这一流行舞步制作了一首名为 \"Swing Dat \"的热门歌曲，随后DJ Fresh的 \"Get Silly \"和Jayhood的 \"Patty Cake \"等舞曲也通过YouTube传播开来。</p>\n<p class=\"paragraph text-align-type-left pap-line-1.8 pap-line-rule-auto pap-spacing-before-0pt pap-spacing-after-0pt\">&nbsp;</p>\n<div>\n<div class=\"document\">\n<p class=\"paragraph text-align-type-left pap-line-1.8 pap-line-rule-auto pap-spacing-before-0pt pap-spacing-after-0pt\"><span style=\"text-decoration: underline;\">国际关注度：2010年至今 </span></p>\n<p class=\"paragraph text-align-type-left pap-line-1.8 pap-line-rule-auto pap-spacing-before-0pt pap-spacing-after-0pt\">到了2010年，其他场景的电子音乐艺术家也开始从Jersey Club的声音中汲取影响，包括挪威制作人Cashmere Cat和Lido；洛杉矶俱乐部制作人；得到Mad Decent和Skrillex支持的 \"Festival Trap（Trap EDM）\"和EDM制作人；以及Brenmar和厂牌Night Slugs旗下的一些舞蹈音乐艺术家。对这种风格的推广和应用的担忧开始变得普遍，如一些有特权或优势的局外人开始计划结合这种声音来获得商业利益。R&amp;B歌手Ciara在她的复出单曲 \"Level Up \"中使用了与Jersey Club音乐相似的节拍结构。对于DJ Khaled的单曲 \"To the Max\"，DJ Jayhood甚至声称DJ Khaled的灵感来自于他的Jersey Club单曲 \"HeartBroken\"。在2010年代初期和中期，Jersey Club在Deconstructed Club等实验性舞蹈流派的发展中也起到了至关重要的作用。Jersey Club成为纽约另类派对场景中不可或缺的一部分，并在GHE20G0TH1K等地下派对上演奏，这对Deconstructed Club音乐的发展至关重要。</p>\n<p class=\"paragraph text-align-type-left pap-line-1.8 pap-line-rule-auto pap-spacing-before-0pt pap-spacing-after-0pt\">&nbsp;</p>\n<div>\n<div class=\"document\">\n<p class=\"paragraph text-align-type-left pap-line-1.8 pap-line-rule-auto pap-spacing-before-0pt pap-spacing-after-0pt\">由于美国、澳大利亚、新西兰和欧洲各地的音乐分享网站和SoundCloud、YouTube、Vine和Dubsmash等社交媒体，这种风格及其直接衍生品在互联网上为人所知。同时，新泽西本土的DJ如Uniiqu3和DJ Sliink也将这种声音带到了国际上，而像DJ Nadus的#THREAD和Uniiqu3的#135这样类似于rave的派对则融入了更多不拘一格的俱乐部音乐形式。当Uniiqu3在2009年18岁开始做DJ时，她很可能是现场唯一的女性DJ；如今，其他女性制作人如Kayy Drizz和So Dellirious也出现在现场。2014年12月，纽瓦克举办了Jersey Club奖，以表彰现场的艺术家。2019年，Uniiqu3开始举办PBNJ系列派对，汇集了来自费城、巴尔的摩和新泽西的俱乐部艺术家。</p>\n<p class=\"paragraph text-align-type-left pap-line-1.8 pap-line-rule-auto pap-spacing-before-0pt pap-spacing-after-0pt\">&nbsp;</p>\n<p class=\"paragraph text-align-type-left pap-line-1.8 pap-line-rule-auto pap-spacing-before-0pt pap-spacing-after-0pt\">2019年，新Jersey Club艺术家Unicorn aka Killa Kherk Cobain的歌曲 \"It's Time \"在Hot 97的DJ Enuff的2019夏季果酱音乐会上首次亮相后，将新Jersey Club的声音转变为嘻哈主流。Unicorn aka Killa Kherk Cobain ks在2007年与已故DJ K-Swift合作的 \"Tote It Remix \"中说唱后，被誉为第一个在Jersey Club唱片上说唱的人。Spin杂志将Killa Kherk Cobain融合了rap说唱、house音乐和Jersey俱乐部的风格描述为 \"Jersey俱乐部场景中不那么单纯的一面\"。Killa Kherk和他的制作人DJ Fade（一个被称为 \"Jersey Gods \"的集体）自此将他们独特的Jersey Club/嘻哈制作融合到主流唱片艺术家身上，包括Pop Smoke、Fivio Foreign、Chris Brown和Swizz Beats。</p>\n<p class=\"paragraph text-align-type-left pap-line-1.8 pap-line-rule-auto pap-spacing-before-0pt pap-spacing-after-0pt\">&nbsp;</p>\n<p class=\"paragraph text-align-type-left pap-line-1.8 pap-line-rule-auto pap-spacing-before-0pt pap-spacing-after-0pt\">Jersey Club艺术家Cookie Kawaii的歌曲 \"Vibe \"在2020年引起轰动，在社交媒体应用TikTok上引发了全世界的狂热。</p>\n<p class=\"paragraph text-align-type-left pap-line-1.8 pap-line-rule-auto pap-spacing-before-0pt pap-spacing-after-0pt\">&nbsp;</p>\n<p class=\"paragraph text-align-type-left pap-line-1.8 pap-line-rule-auto pap-spacing-before-0pt pap-spacing-after-0pt\"><strong>舞蹈文化</strong></p>\n<p class=\"paragraph text-align-type-left pap-line-1.8 pap-line-rule-auto pap-spacing-before-0pt pap-spacing-after-0pt\">对舞蹈伴奏的强烈重视是Jersey Club文化的一个主要元素，Jersey Club中心活动的表演就是明证，其中包括每年夏天举行的Essex County's Highlights Festival。</p>\n<p class=\"paragraph text-align-type-left pap-line-1.8 pap-line-rule-auto pap-spacing-before-0pt pap-spacing-after-0pt\">&nbsp;</p>\n<p class=\"paragraph text-align-type-left pap-line-1.8 pap-line-rule-auto pap-spacing-before-0pt pap-spacing-after-0pt\">2016年的跑步男子挑战赛成为Jersey Club通过互联网病毒式推广的一个契机，参与者在比赛中拍摄并分享了自己表演的一段类似于1996年歌曲&ldquo;MyBoo&rdquo;跑步的舞蹈的短片，是根据著名的新Jersey Club动作改编的。最初的视频是由新泽西州纽瓦克附近山坡的高中生在Vine上发布的。</p>\n</div>\n</div>\n</div>\n</div>\n</div>\n</div>\n</div>\n</div>\n</div>\n</div>\n</div>",
 "contentEn": "<p><strong>Jersey club</strong>&nbsp;(originally called&nbsp;<strong>Brick City club</strong><sup id=\"cite_ref-RA_1-0\" class=\"reference\">[1]</sup>) is a style of&nbsp;electronic club music&nbsp;that originated in&nbsp;Newark, New Jersey&nbsp;in the early 2000s. It was pioneered by&nbsp;DJ Tameil&nbsp;and other members of the Brick Bandits crew, who drew direct inspiration from&nbsp;Baltimore club's hybrid of&nbsp;house&nbsp;and&nbsp;hip hop.<sup id=\"cite_ref-fader_2-0\" class=\"reference\">[2]</sup></p>\n<p>&nbsp;</p>\n<p>Similarly to its Baltimore influences, Jersey club is an aggressive style defined by its fast, &ldquo;bouncy&rdquo; groove at tempos near 130&ndash;140 BPM,<sup id=\"cite_ref-fader_2-1\" class=\"reference\">[2]</sup>&nbsp;but more prominent use of&nbsp;staccato, chopped&nbsp;samples&nbsp;and heavy&nbsp;triplet&nbsp;kick patterns.<sup id=\"cite_ref-run_3-0\" class=\"reference\">[3]</sup>&nbsp;The style often consists of&nbsp;remixes&nbsp;of&nbsp;rap&nbsp;and&nbsp;R&amp;B&nbsp;tracks.<sup id=\"cite_ref-run_3-1\" class=\"reference\">[3]</sup>&nbsp;It is often accompanied by frenetic, competitive dances which have gained global popularity through&nbsp;viral videos.<sup id=\"cite_ref-RA_1-1\" class=\"reference\">[1]</sup></p>\n<h2>&nbsp;</h2>\n<h2><span id=\"Style_and_characteristics\" class=\"mw-headline\">Style and characteristics</span></h2>\n<p>Jersey club has been described as a \"fast and aggressive dance music\" with roots in the&nbsp;Baltimore club&nbsp;scene's fusion of&nbsp;house music&nbsp;and&nbsp;hip hop.<sup id=\"cite_ref-fader_2-2\" class=\"reference\">[2]</sup>&nbsp;By comparison with the Baltimore style, Jersey producers prioritize harder kick sounds and more extensively chopped&nbsp;samples.<sup id=\"cite_ref-run_3-2\" class=\"reference\">[3]</sup>&nbsp;The distinctive \"bounciness\" of the style is a result of its triplet percussive patterns and&nbsp;breakbeat&nbsp;rhythms, often derived from the beat of Tapp's \"Dikkontrol.\"<sup id=\"cite_ref-djmag_4-0\" class=\"reference\">[4]</sup>&nbsp;808&nbsp;bass sounds and sampled breaks from&nbsp;Lyn Collins' \"Think (About It)\" are commonly employed, as well as varied&nbsp;pop culture&nbsp;references.<sup id=\"cite_ref-djmag_4-1\" class=\"reference\">[4]</sup>&nbsp;Common audio programs used are&nbsp;Sony Acid Pro&nbsp;and&nbsp;FL Studio.<sup id=\"cite_ref-RA_1-2\" class=\"reference\">[1]</sup></p>\n<p>&nbsp;</p>\n<p>Producers make use of \"big kick drum&nbsp;triplets&nbsp;and vocal clips that call out dances, or chopped samples from top&nbsp;rap&nbsp;and&nbsp;R&amp;B&nbsp;tracks,\" and construct the tracks on \"anything from jog shuttle MP3 controllers to&nbsp;turntables&nbsp;and&nbsp;Serato.\"<sup id=\"cite_ref-RA_1-3\" class=\"reference\">[1]</sup>&nbsp;Brick Bandits member Dirty South Joe noted that \"vocals are chopped, fragmented and layered over heavy bass kicks to deconstruct the source material, and rework it for the dance floor.\"<sup id=\"cite_ref-djmag_4-2\" class=\"reference\">[4]</sup>&nbsp;He called it \"aggressive, yet melodic and sexy.\"<sup id=\"cite_ref-djmag_4-3\" class=\"reference\">[4]</sup>&nbsp;<em>Billboard</em>&nbsp;described it as \"repetitive and loud [..] It lands somewhere between New York's&nbsp;vogue&nbsp;and Chicago's&nbsp;juke&nbsp;with a little bit of that nasty from&nbsp;Miami bass.\"<sup id=\"cite_ref-5\" class=\"reference\">[5]</sup>&nbsp;DJ Sliink summarized it as \"a more urban take to dance music with chopped vocals and breaks.\"<sup id=\"cite_ref-djmag_4-4\" class=\"reference\">[4]</sup></p>\n<h2>&nbsp;</h2>\n<h2><span id=\"History\" class=\"mw-headline\">History</span></h2>\n<h3><span id=\"Origins:_1999.E2.80.932002\"></span><span id=\"Origins:_1999&ndash;2002\" class=\"mw-headline\">Origins: 1999&ndash;2002</span></h3>\n<p>Chicago house&nbsp;was popular in Newark's 1990s club scene, where it was referred to generically by some as \"club music.\"<sup id=\"cite_ref-RA_1-4\" class=\"reference\">[1]</sup>&nbsp;Other styles such as urban club and&nbsp;juke&nbsp;were also played.<sup id=\"cite_ref-fader_2-3\" class=\"reference\">[2]</sup>&nbsp;By 1999,&nbsp;Baltimore house&nbsp;records such as Tapp's \"Shake Dat Ass\" and \"Dikkontrol\" were influential, and DJs such as Nix In The Mix, Mustafah, Torry T and Mista Quietman helped to introduce this sound to New Jersey.<sup id=\"cite_ref-RA_1-5\" class=\"reference\">[1]</sup>&nbsp;DJ Tameil, who became known for his&nbsp;Chicago house&nbsp;mixtapes as a teenager, later established connections with the Baltimore scene through Bernie Rabinowitz of the Music Liberated record store; he was subsequently introduced to Baltimore stars such as DJ Technics and Rod Lee.&nbsp;<sup id=\"cite_ref-RA_1-6\" class=\"reference\">[1]</sup>&nbsp;Tameil did not put artist names on his mixes, making it difficult for other Jersey producers to identify his sources.<sup id=\"cite_ref-RA_1-7\" class=\"reference\">[1]</sup>&nbsp;He began playing Baltimore records at teen parties and clubs in the downtown Newark area.<sup id=\"cite_ref-fader_2-4\" class=\"reference\">[2]</sup></p>\n<p>&nbsp;</p>\n<p>Tameil was among the first Jersey artists to produce his own club tracks in 2001 with the&nbsp;<em>Dat Butt</em>&nbsp;EP, released on his own label Anthrax Records.<sup id=\"cite_ref-RA_1-8\" class=\"reference\">[1]</sup>&nbsp;A week later the Newark group The OG's also self-released an EP titled&nbsp;<em>Official Ghetto Style</em>.<sup id=\"cite_ref-RA_1-9\" class=\"reference\">[1]</sup>&nbsp;Tameil began to burn his own CDs and sold them on&nbsp;Broad Street&nbsp;in Newark. Around this time, DJs Tim Dolla and Mike V also began producing their own club tracks as the Brick Bandits to challenge Tameil's monopoly on the market.<sup id=\"cite_ref-RA_1-10\" class=\"reference\">[1]</sup>&nbsp;The two parties initially feuded but Tameil later joined the group,<sup id=\"cite_ref-fader_2-5\" class=\"reference\">[2]</sup>&nbsp;coining the phrase \"Brick City club\" in 2002 in reference to Newark's nickname \"Brick City.\"<sup id=\"cite_ref-RA_1-11\" class=\"reference\">[1]</sup>&nbsp;They released popular mixtapes which featured both club and house tracks.<sup id=\"cite_ref-RA_1-12\" class=\"reference\">[1]</sup>&nbsp;Around this time, Bernie Rabinowitz died and the steady stream of Baltimore releases into New Jersey largely ceased, leaving Jersey artists to develop their own scene.<sup id=\"cite_ref-RA_1-13\" class=\"reference\">[1]</sup>&nbsp;Club parties, hosted primarily in&nbsp;ballrooms&nbsp;and banquet halls, began emerging in Newark and surrounding suburbs such as&nbsp;East Orange&nbsp;and&nbsp;Irvington.<sup id=\"cite_ref-RA_1-14\" class=\"reference\">[1]</sup>&nbsp;Despite violence in the city, parties thrown by the Brick Bandits or at the Branch Brook Skating Rink were known to be safe spaces for kids.<sup id=\"cite_ref-RA_1-15\" class=\"reference\">[1]</sup></p>\n<h3>&nbsp;</h3>\n<h3><span id=\"Regional_development:_2003.E2.80.932009\"></span><span id=\"Regional_development:_2003&ndash;2009\" class=\"mw-headline\">Regional development: 2003&ndash;2009</span></h3>\n<p>Many young Newark producers soon began leaving for college or employment, causing there to be a temporary drought of producers around 2003 but spreading the style to other locations.<sup id=\"cite_ref-RA_1-16\" class=\"reference\">[1]</sup>&nbsp;Meanwhile, Tameil, Dolla, and Mike V were utilizing&nbsp;Sony Acid Pro, a&nbsp;digital audio workstation&nbsp;that remains popular with Jersey club producers, to create music and support themselves.<sup id=\"cite_ref-RA_1-17\" class=\"reference\">[1]</sup>&nbsp;Around 2005, a younger generation began to emerge alongside these older producers, with groups like the Partyhoppers of&nbsp;Elizabeth, NJ&nbsp;initially dissing and then joining the Brick Bandits.<sup id=\"cite_ref-RA_1-18\" class=\"reference\">[1]</sup>&nbsp;Around this time, the name of the genre changed to \"Jersey club\" to account for its spread beyond Newark, as increasingly popularity on college campuses and the success of Baltimore club raised the scene's profile on the Internet, particularly through&nbsp;Myspace.<sup id=\"cite_ref-RA_1-19\" class=\"reference\">[1]</sup><sup id=\"cite_ref-fader_2-6\" class=\"reference\">[2]</sup></p>\n<p>&nbsp;</p>\n<p>Around this time, the Jersey style drifted away from the Baltimore template and its palette became more distinctive as younger producer-DJs such as Nadus, Sliink, Jayhood, and R3LL began receiving recognition.<sup id=\"cite_ref-RA_1-20\" class=\"reference\">[1]</sup>&nbsp;R3LL, then a high school student, became known as a promoter of parties and later spread the music to college campuses in&nbsp;North Jersey.<sup id=\"cite_ref-6\" class=\"reference\">[6]</sup>&nbsp;Around 2007, Philadelphia began developing its own club scene influenced by the Jersey style.<sup id=\"cite_ref-vice_7-0\" class=\"reference\">[7]</sup>&nbsp;Around 2008, the genre began receiving airplay on major rap and R&amp;B stations like&nbsp;Hot 97&nbsp;and&nbsp;Power 105.<sup id=\"cite_ref-RA_1-21\" class=\"reference\">[1]</sup>&nbsp;By 2009, it had spread to 21+ clubs and new, older demographics.<sup id=\"cite_ref-RA_1-22\" class=\"reference\">[1]</sup>&nbsp;Around this time, the scene shifted toward competitive dancing and battling became a central element inspired by DJ Fresh's \"Get Silly,\"<sup id=\"cite_ref-vice_7-1\" class=\"reference\">[7]</sup>&nbsp;along with MCing by figures such as Lil Man.<sup id=\"cite_ref-RA_1-23\" class=\"reference\">[1]</sup>&nbsp;Tim Dolla produced a hit track called \"Swing Dat\" in reference to the popular dance move, and subsequent dance tracks like DJ Fresh's \"Get Silly\" and Jayhood's \"Patty Cake\" went viral via&nbsp;YouTube.<sup id=\"cite_ref-RA_1-24\" class=\"reference\">[1]</sup></p>\n<h3>&nbsp;</h3>\n<h3><span id=\"International_attention:_2010.E2.80.93present\"></span><span id=\"International_attention:_2010&ndash;present\" class=\"mw-headline\">International attention: 2010&ndash;present</span></h3>\n<p>By 2010,&nbsp;electronic music&nbsp;artists from other scenes were drawing influence from the Jersey club sound, including Norwegian producers&nbsp;Cashmere Cat&nbsp;and&nbsp;Lido; LA club producers; \"festival trap\" and&nbsp;EDM&nbsp;producers with the support of&nbsp;Mad Decent&nbsp;and&nbsp;Skrillex; and dance artists such as Brenmar and the&nbsp;Night Slugs&nbsp;label roster.<sup id=\"cite_ref-RA_1-25\" class=\"reference\">[1]</sup>&nbsp;Concerns about appropriation of the style have become prevalent, with privileged outsiders coopting the sound to get bookings.<sup id=\"cite_ref-RA_1-26\" class=\"reference\">[1]</sup>&nbsp;R&amp;B singer&nbsp;Ciara, in her comeback single \"Level Up,\" uses a beat structure that is similar to that which is used in Jersey club music.<sup id=\"cite_ref-8\" class=\"reference\">[8]</sup>&nbsp;For&nbsp;DJ Khaled's single \"To the Max\", DJ Jayhood even claims that DJ Khaled was inspired by his Jersey club single \"HeartBroken\".<sup id=\"cite_ref-9\" class=\"reference\">[9]</sup>&nbsp;Jersey club also played an essential role during the early and mid-2010s in the development of experimental dance genres, such as&nbsp;deconstructed club.<sup id=\"cite_ref-bandcamp_10-0\" class=\"reference\">[10]</sup>&nbsp;Jersey club became an integral fixture of the alternative NYC party scene and was played at underground parties such as&nbsp;<em>GHE20G0TH1K</em>&nbsp;which served to be essential to the developing sound of deconstructed club music.<sup id=\"cite_ref-bandcamp_10-1\" class=\"reference\">[10]</sup></p>\n<p>&nbsp;</p>\n<p>The style and its direct derivatives have become known on the internet due to music sharing websites and social media such as&nbsp;SoundCloud,&nbsp;YouTube,&nbsp;Vine&nbsp;and&nbsp;Dubsmash&nbsp;across the United States, Australia, New Zealand, and Europe.<sup id=\"cite_ref-11\" class=\"reference\">[11]</sup><sup id=\"cite_ref-12\" class=\"reference\">[12]</sup><sup id=\"cite_ref-13\" class=\"reference\">[13]</sup>&nbsp;Meanwhile, native Jersey DJs such as&nbsp;Uniiqu3&nbsp;and DJ Sliink have taken the sound to international audiences, and&nbsp;rave-like parties such as DJ Nadus's #THREAD and Uniiqu3's #135 have incorporated more eclectic formats of club music.<sup id=\"cite_ref-RA_1-27\" class=\"reference\">[1]</sup>&nbsp;When Uniiqu3 began DJing in 2009 at age 18, she was likely the only female DJ in the scene; today, other female producers such as Kayy Drizz and So Dellirious are also present.<sup id=\"cite_ref-vice_7-2\" class=\"reference\">[7]</sup>&nbsp;In December 2014, Newark hosted the Jersey Club awards to honor artists from the scene.<sup id=\"cite_ref-RA_1-28\" class=\"reference\">[1]</sup>&nbsp;In 2019, Uniiqu3 began the PBNJ party series bringing together club artists from Philadelphia, Baltimore, and New Jersey.<sup id=\"cite_ref-14\" class=\"reference\">[14]</sup></p>\n<p>&nbsp;</p>\n<p>In 2019, Jersey club artist Unicorn aka Killa Kherk Cobain's song \"It's Time\" shifted the Jersey club sound into the&nbsp;hip-hop&nbsp;mainstream after being debuted at the&nbsp;2019 Summer Jam Concert&nbsp;by&nbsp;Hot 97's&nbsp;DJ Enuff.<sup id=\"cite_ref-15\" class=\"reference\">[15]</sup><sup id=\"cite_ref-16\" class=\"reference\">[16]</sup><sup id=\"cite_ref-17\" class=\"reference\">[17]</sup><sup id=\"cite_ref-18\" class=\"reference\">[18]</sup><sup id=\"cite_ref-19\" class=\"reference\">[19]</sup>&nbsp;Unicorn aka Killa Kherk Cobain ks credited as the first to person to rap on a Jersey club record after rapping on his 2007 collaboration with the late&nbsp;DJ K-Swift, \"Tote It Remix\".<sup id=\"cite_ref-20\" class=\"reference\">[20]</sup><sup id=\"cite_ref-21\" class=\"reference\">[21]</sup>&nbsp;<em>Spin Magazine</em>&nbsp;described Killa Kherk Cobain's fusion of&nbsp;trap&nbsp;rap,&nbsp;house music, and Jersey club as \"the less innocent side of the Jersey club scene\".<sup id=\"cite_ref-22\" class=\"reference\">[22]</sup>&nbsp;Killa Kherk and his producer DJ Fade (a collective known as \"Jersey Gods\") have since lent their unique fusion of Jersey Club/Hip Hop production to mainstream recording artists, including&nbsp;Pop Smoke,&nbsp;Fivio Foreign,&nbsp;Chris Brown, and&nbsp;Swizz Beats.<sup id=\"cite_ref-23\" class=\"reference\">[23]</sup><sup id=\"cite_ref-24\" class=\"reference\">[24]</sup></p>\n<p>&nbsp;</p>\n<p>Jersey club artist Cookiee Kawaii's song \"Vibe\" was a 2020 viral sensation, sparking worldwide fanfare on the social media app&nbsp;TikTok.<sup id=\"cite_ref-25\" class=\"reference\">[25]</sup></p>\n<h2>&nbsp;</h2>\n<h2><span id=\"Dance_culture\" class=\"mw-headline\">Dance culture</span></h2>\n<p>Strong emphasis on dance accompaniment is a major element in Jersey club culture, as evidenced by performances at Jersey club-centric events, including Essex County's Highlights Festival held annually in the summer.&nbsp;<sup id=\"cite_ref-26\" class=\"reference\">[26]</sup></p>\n<p>&nbsp;</p>\n<p>The 2016 Running Man Challenge, a&nbsp;viral meme&nbsp;in which participants filmed and shared short clips of themselves performing a&nbsp;dance&nbsp;resembling&nbsp;running&nbsp;to the 1996 song \"My Boo,\" was based on well-known Jersey club moves. The original videos were posted on&nbsp;Vine&nbsp;by high school students in Newark-adjacent&nbsp;Hillside, New Jersey.<sup id=\"cite_ref-27\" class=\"reference\">[27]</sup></p>\n<h2>&nbsp;</h2>\n<h2><span id=\"References\" class=\"mw-headline\">References</span></h2>\n<div class=\"reflist\">\n<div class=\"mw-references-wrap mw-references-columns\">\n<ol class=\"references\">\n<li id=\"cite_note-RA-1\"><span class=\"mw-cite-backlink\">^&nbsp;<span class=\"cite-accessibility-label\">Jump up to:</span><sup><em><strong>a</strong></em></sup>&nbsp;<sup><em><strong>b</strong></em></sup>&nbsp;<sup><em><strong>c</strong></em></sup>&nbsp;<sup><em><strong>d</strong></em></sup>&nbsp;<sup><em><strong>e</strong></em></sup>&nbsp;<sup><em><strong>f</strong></em></sup>&nbsp;<sup><em><strong>g</strong></em></sup>&nbsp;<sup><em><strong>h</strong></em></sup>&nbsp;<sup><em><strong>i</strong></em></sup>&nbsp;<sup><em><strong>j</strong></em></sup>&nbsp;<sup><em><strong>k</strong></em></sup>&nbsp;<sup><em><strong>l</strong></em></sup>&nbsp;<sup><em><strong>m</strong></em></sup>&nbsp;<sup><em><strong>n</strong></em></sup>&nbsp;<sup><em><strong>o</strong></em></sup>&nbsp;<sup><em><strong>p</strong></em></sup>&nbsp;<sup><em><strong>q</strong></em></sup>&nbsp;<sup><em><strong>r</strong></em></sup>&nbsp;<sup><em><strong>s</strong></em></sup>&nbsp;<sup><em><strong>t</strong></em></sup>&nbsp;<sup><em><strong>u</strong></em></sup>&nbsp;<sup><em><strong>v</strong></em></sup>&nbsp;<sup><em><strong>w</strong></em></sup>&nbsp;<sup><em><strong>x</strong></em></sup>&nbsp;<sup><em><strong>y</strong></em></sup>&nbsp;<sup><em><strong>z</strong></em></sup>&nbsp;<sup><em><strong>aa</strong></em></sup>&nbsp;<sup><em><strong>ab</strong></em></sup>&nbsp;<sup><em><strong>ac</strong></em></sup></span>&nbsp;<span class=\"reference-text\"><cite id=\"CITEREFSteyels\" class=\"citation web cs1\">Steyels, Mike.&nbsp;\"Jersey club: From Newark to the world\".&nbsp;<em>Resident Advisor</em><span class=\"reference-accessdate\">. Retrieved&nbsp;<span class=\"nowrap\">23 August</span>&nbsp;2020</span>.</cite></span></li>\n<li id=\"cite_note-fader-2\"><span class=\"mw-cite-backlink\">^&nbsp;<span class=\"cite-accessibility-label\">Jump up to:</span><sup><em><strong>a</strong></em></sup>&nbsp;<sup><em><strong>b</strong></em></sup>&nbsp;<sup><em><strong>c</strong></em></sup>&nbsp;<sup><em><strong>d</strong></em></sup>&nbsp;<sup><em><strong>e</strong></em></sup>&nbsp;<sup><em><strong>f</strong></em></sup>&nbsp;<sup><em><strong>g</strong></em></sup></span>&nbsp;<span class=\"reference-text\"><cite class=\"citation web cs1\">\"Sky's the Limit: An Oral History of Jersey Club\".&nbsp;<em>The Fader</em><span class=\"reference-accessdate\">. Retrieved&nbsp;<span class=\"nowrap\">23 August</span>&nbsp;2020</span>.</cite></span></li>\n<li id=\"cite_note-run-3\"><span class=\"mw-cite-backlink\">^&nbsp;<span class=\"cite-accessibility-label\">Jump up to:</span><sup><em><strong>a</strong></em></sup>&nbsp;<sup><em><strong>b</strong></em></sup>&nbsp;<sup><em><strong>c</strong></em></sup></span>&nbsp;<span class=\"reference-text\"><cite id=\"CITEREFGreenfield\" class=\"citation web cs1\">Greenfield, Jeff.&nbsp;\"What is Jersey Club Music?\".&nbsp;<em>Run the Trap</em><span class=\"reference-accessdate\">. Retrieved&nbsp;<span class=\"nowrap\">23 August</span>&nbsp;2020</span>.</cite></span></li>\n<li id=\"cite_note-djmag-4\"><span class=\"mw-cite-backlink\">^&nbsp;<span class=\"cite-accessibility-label\">Jump up to:</span><sup><em><strong>a</strong></em></sup>&nbsp;<sup><em><strong>b</strong></em></sup>&nbsp;<sup><em><strong>c</strong></em></sup>&nbsp;<sup><em><strong>d</strong></em></sup>&nbsp;<sup><em><strong>e</strong></em></sup></span>&nbsp;<span class=\"reference-text\"><cite id=\"CITEREFAdmin\" class=\"citation web cs1\">Admin.&nbsp;\"THE RISE OF JERSEY CLUB\".&nbsp;<em>DJ Mag</em><span class=\"reference-accessdate\">. Retrieved&nbsp;<span class=\"nowrap\">22 January</span>&nbsp;2021</span>.</cite></span></li>\n<li id=\"cite_note-5\"><span class=\"mw-cite-backlink\"><strong>^</strong></span>&nbsp;<span class=\"reference-text\"><cite id=\"CITEREFSlink\" class=\"citation web cs1\">Slink, DJ.&nbsp;\"The 41 Best Jersey Club Songs Ever\".&nbsp;<em>Billboard</em><span class=\"reference-accessdate\">. Retrieved&nbsp;<span class=\"nowrap\">23 August</span>&nbsp;2020</span>.</cite></span></li>\n<li id=\"cite_note-6\"><span class=\"mw-cite-backlink\"><strong>^</strong></span>&nbsp;<span class=\"reference-text\"><cite id=\"CITEREFR3LL\" class=\"citation web cs1\">R3LL.&nbsp;\"The 10 best Jersey club tracks, according to R3LL\".&nbsp;<em>Dummy Mag</em><span class=\"reference-accessdate\">. Retrieved&nbsp;<span class=\"nowrap\">23 August</span>&nbsp;2020</span>.</cite></span></li>\n<li id=\"cite_note-vice-7\"><span class=\"mw-cite-backlink\">^&nbsp;<span class=\"cite-accessibility-label\">Jump up to:</span><sup><em><strong>a</strong></em></sup>&nbsp;<sup><em><strong>b</strong></em></sup>&nbsp;<sup><em><strong>c</strong></em></sup></span>&nbsp;<span class=\"reference-text\"><cite id=\"CITEREFThump\" class=\"citation web cs1\">Thump.&nbsp;\"DJ Uniique and the Rise of Jersey Club\".&nbsp;<em>Vice</em><span class=\"reference-accessdate\">. Retrieved&nbsp;<span class=\"nowrap\">24 August</span>&nbsp;2020</span>.</cite></span></li>\n<li id=\"cite_note-8\"><span class=\"mw-cite-backlink\"><strong>^</strong></span>&nbsp;<span class=\"reference-text\"><cite id=\"CITEREFSmith2018\" class=\"citation web cs1\">Smith, Da&rsquo;Shan (August 22, 2018).&nbsp;\"Master Class: How New Orleans, New Jersey, Miami and Baltimore run Bounce, Bass and Club mixes\".&nbsp;<em>REVOLT</em>.</cite></span></li>\n<li id=\"cite_note-9\"><span class=\"mw-cite-backlink\"><strong>^</strong></span>&nbsp;<span class=\"reference-text\"><cite class=\"citation web cs1\">\"Jayhood Claims He \"Inspired\" Drake and DJ Khaled's New Song\".&nbsp;<em>www.vice.com</em>.</cite></span></li>\n<li id=\"cite_note-bandcamp-10\"><span class=\"mw-cite-backlink\">^&nbsp;<span class=\"cite-accessibility-label\">Jump up to:</span><sup><em><strong>a</strong></em></sup>&nbsp;<sup><em><strong>b</strong></em></sup></span>&nbsp;<span class=\"reference-text\"><cite class=\"citation web cs1\">\"The Radical Dissonance of Deconstructed, or \"Post-Club,\" Music\".&nbsp;<em>Bandcamp</em><span class=\"reference-accessdate\">. Retrieved&nbsp;<span class=\"nowrap\">25 August</span>&nbsp;2020</span>.</cite></span></li>\n<li id=\"cite_note-11\"><span class=\"mw-cite-backlink\"><strong>^</strong></span>&nbsp;<span class=\"reference-text\"><cite class=\"citation web cs1\">\"Metronome: R3LL\".&nbsp;<em>Insomniac</em><span class=\"reference-accessdate\">. Retrieved&nbsp;<span class=\"nowrap\">2016-10-03</span></span>.</cite></span></li>\n<li id=\"cite_note-12\"><span class=\"mw-cite-backlink\"><strong>^</strong></span>&nbsp;<span class=\"reference-text\"><cite class=\"citation web cs1\">\"DJ 4B Talks Wu-Tang, Jersey Nightlife and not categorising his music\".&nbsp;<em>Stony Roads &ndash; The quintessential stop for everything Dance Music</em><span class=\"reference-accessdate\">. Retrieved&nbsp;<span class=\"nowrap\">2016-10-03</span></span>.</cite></span></li>\n<li id=\"cite_note-13\"><span class=\"mw-cite-backlink\"><strong>^</strong></span>&nbsp;<span class=\"reference-text\"><cite class=\"citation web cs1\">\"Jersey Club in New Zealand? VICE and BOSE are investigating why with their Seeds and Stems series\".&nbsp;<em>Hhhhappy.com</em><span class=\"reference-accessdate\">. Retrieved&nbsp;<span class=\"nowrap\">2016-10-03</span></span>.</cite></span></li>\n<li id=\"cite_note-14\"><span class=\"mw-cite-backlink\"><strong>^</strong></span>&nbsp;<span class=\"reference-text\"><cite class=\"citation web cs1\">\"WHO WILL BE THE WINNER OF UNIIQU3'S SOUND KIT CONTEST?\".&nbsp;<em>HangTime Magazine</em><span class=\"reference-accessdate\">. Retrieved&nbsp;<span class=\"nowrap\">24 August</span>&nbsp;2020</span>.</cite></span></li>\n<li id=\"cite_note-15\"><span class=\"mw-cite-backlink\"><strong>^</strong></span>&nbsp;<span class=\"reference-text\"><cite class=\"citation web cs1\"><em>www.iheart.com</em>&nbsp;https://www.iheart.com/podcast/472-on-the-radar-30467964/episode/unicorn-dj-fade-explain-what-47499021/<span class=\"reference-accessdate\">. Retrieved&nbsp;<span class=\"nowrap\">2020-09-16</span></span>.</cite>&nbsp;<span class=\"cs1-visible-error error citation-comment\">Missing or empty&nbsp;<code class=\"cs1-code\">|title=</code>&nbsp;(help)</span></span></li>\n<li id=\"cite_note-16\"><span class=\"mw-cite-backlink\"><strong>^</strong></span>&nbsp;<span class=\"reference-text\"><cite class=\"citation web cs1\">\"We Are Jersey: September 2018\".&nbsp;<em>Issuu</em><span class=\"reference-accessdate\">. Retrieved&nbsp;<span class=\"nowrap\">2020-09-16</span></span>.</cite></span></li>\n<li id=\"cite_note-17\"><span class=\"mw-cite-backlink\"><strong>^</strong></span>&nbsp;<span class=\"reference-text\"><cite id=\"CITEREFMarvinRyles2019\" class=\"citation web cs1\">MarvinRyles (2019-08-12).&nbsp;\"In the Life of Killa Kherk Cobain | The FAM\".&nbsp;<em>The FAM Collective</em><span class=\"reference-accessdate\">. Retrieved&nbsp;<span class=\"nowrap\">2020-09-16</span></span>.</cite></span></li>\n<li id=\"cite_note-18\"><span class=\"mw-cite-backlink\"><strong>^</strong></span>&nbsp;<span class=\"reference-text\"><cite class=\"citation web cs1\">\"Killa Kherk Cobain\".&nbsp;<em>Necessary Studios</em><span class=\"reference-accessdate\">. Retrieved&nbsp;<span class=\"nowrap\">2020-09-16</span></span>.</cite></span></li>\n<li id=\"cite_note-19\"><span class=\"mw-cite-backlink\"><strong>^</strong></span>&nbsp;<span class=\"reference-text\"><cite class=\"citation web cs1\">\"It's Time&hellip;Right Now\".&nbsp;<em>Melaninated Minds Coalition</em><span class=\"reference-accessdate\">. Retrieved&nbsp;<span class=\"nowrap\">2020-09-16</span></span>.</cite></span></li>\n<li id=\"cite_note-20\"><span class=\"mw-cite-backlink\"><strong>^</strong></span>&nbsp;<span class=\"reference-text\"><cite class=\"citation web cs1\">\"Video: Kherk Cobain, \"Adventures of the Unicorn<span class=\"cs1-kern-right\">\"</span>\".&nbsp;<em>The FADER</em><span class=\"reference-accessdate\">. Retrieved&nbsp;<span class=\"nowrap\">2020-09-16</span></span>.</cite></span></li>\n<li id=\"cite_note-21\"><span class=\"mw-cite-backlink\"><strong>^</strong></span>&nbsp;<span class=\"reference-text\"><cite class=\"citation web cs1\">\"Video: 151 Feva Gang, \"Kush Groove<span class=\"cs1-kern-right\">\"</span>\".&nbsp;<em>The FADER</em><span class=\"reference-accessdate\">. Retrieved&nbsp;<span class=\"nowrap\">2020-09-16</span></span>.</cite></span></li>\n<li id=\"cite_note-22\"><span class=\"mw-cite-backlink\"><strong>^</strong></span>&nbsp;<span class=\"reference-text\"><cite class=\"citation web cs1\">\"We Got That Ass! Inside the World of Jersey Club | SPIN &ndash; Page 4\".&nbsp;<em>Spin</em>. 2013-03-26<span class=\"reference-accessdate\">. Retrieved&nbsp;<span class=\"nowrap\">2020-09-16</span></span>.</cite></span></li>\n<li id=\"cite_note-23\"><span class=\"mw-cite-backlink\"><strong>^</strong></span>&nbsp;<span class=\"reference-text\"><cite class=\"citation web cs1\">\"Fetty Wap and Slick Rick Surprise Crowd at 2019 Lincoln Park Music Festival\".&nbsp;<em>NewJerseyStage.com</em>. 2019-07-31<span class=\"reference-accessdate\">. Retrieved&nbsp;<span class=\"nowrap\">2020-09-16</span></span>.</cite></span></li>\n<li id=\"cite_note-24\"><span class=\"mw-cite-backlink\"><strong>^</strong></span>&nbsp;<span class=\"reference-text\"><cite class=\"citation web cs1\">\"Unicorn + DJ Fade Explain What Jersey Club Is &amp; Bringing It To a New Level\".&nbsp;<em>Power 105.1 FM</em><span class=\"reference-accessdate\">. Retrieved&nbsp;<span class=\"nowrap\">2020-09-16</span></span>.</cite></span></li>\n<li id=\"cite_note-25\"><span class=\"mw-cite-backlink\"><strong>^</strong></span>&nbsp;<span class=\"reference-text\"><cite class=\"citation web cs1\">\"Cookiee Kawaii Wants to Serve You a Giant Glass of 'Club Soda<span class=\"cs1-kern-right\">'</span>\".&nbsp;<em>PAPER</em>. 2020-08-28<span class=\"reference-accessdate\">. Retrieved&nbsp;<span class=\"nowrap\">2020-09-16</span></span>.</cite></span></li>\n<li id=\"cite_note-26\"><span class=\"mw-cite-backlink\"><strong>^</strong></span>&nbsp;<span class=\"reference-text\"><cite id=\"CITEREFJones2018\" class=\"citation web cs1\">Jones, Jiggy (July 10, 2018).&nbsp;\"North Jersey Festival Brings Out the Best of Jersey Club Culture\".</cite></span></li>\n<li id=\"cite_note-27\"><span class=\"mw-cite-backlink\"><strong>^</strong></span>&nbsp;<span class=\"reference-text\"><cite id=\"CITEREFLaird\" class=\"citation web cs1\">Laird, Sam.&nbsp;\"The originators of 'The Running Man Challenge' are two awesome high school kids\"<span class=\"reference-accessdate\">. Retrieved&nbsp;<span class=\"nowrap\">1 July</span>&nbsp;2016</span>.</cite></span></li>\n</ol>\n</div>\n</div>",
 "remarks": "本词条汉字内容由 @多频百科团队 翻译+编辑\n原文译自 https://en.wikipedia.org/wiki/Jersey_club",
 "remarksEn": "本词条内容来自 https://en.wikipedia.org/wiki/Jersey_club",
 "status": 1,
 "clickNum": 17,
 "deleted": 0,
 "lang": 0,
 "chooseLang": true,
 "id": 95,
 "name": "Jersey Club",
 "descriptions": "Jersey Club（泽西俱乐部）又称Brick City club（砖城俱乐部），是一种电子舞曲音乐流派，起源于20世纪2000年代早期的新泽西州纽瓦克。Jersey Club源自Baltimore Club，融合了Hip Hop、bounce、crunk和纽瓦克早期的House场景，其先驱人物包括DJ Tameil和Brick Bandits的其它成员。",
 "originalName": "Brick City club",
 "startTimeText": "Early 2000s,",
 "startAddress": "Newark, New Jersey, United States",
 "searchStyle": "Breakbeat",
 "styleCategory": "Baltimore Club",
 "originalStyle": "Baltimore club, hip hop, breakbeat, juke, ghetto house, Miami bass",
 "affectStyle": "",
 "deriveStyle": "Deconstructed club",
 "representArtist": "",
 "officialUrl": "https://en.wikipedia.org/wiki/Jersey_club",
 "typeId": 13,
 "typeName": "风格",
 "dataId": 95,
 "url": "http://dropinapp.hearinmusic.com/#/ency?typeId=13&dataId=95"
}