{
 "pageNum": 1,
 "pageSize": 10,
 "params": {},
 "relationChannel": "[{\"id\":1401,\"parentId\":8,\"name\":\"Juke House\"}]",
 "content": "<p>Juke House是20世纪80年代末开始形成的Ghetto House的一种较快的变体。</p>\n<p>&nbsp;</p>\n<p>2000年，芝加哥juke或juke house兴起，它是80年代末开始形成的Ghetto House的一种较快的变体。芝加哥juke的歌曲一般在150-165 BPM左右，带有跳动的踢鼓，快速地敲击（有时非常稀疏），与噼里啪啦的小鼓、拍子和其他让人想起老式鼓机的声音同步。制作风格通常是明显的lo-fi，很像baile funk。芝加哥Juke的发展是为了配合脚步舞，这种舞蹈风格诞生于芝加哥不同的贫民区、家庭聚会和地下舞蹈比赛。RP Boo，一名前脚步舞者，一般被认为是制造了第一批属于典范的歌曲。</p>\n<p>&nbsp;</p>\n<p>与juke音乐并存，\"Footwork\"是世界上流行的 \"hood\"舞音乐风格之一。与之同名的脚步舞是指双脚在高速状态下有控制的复杂移动，是现代的house舞蹈步法和霹雳舞步法。芝加哥juke和booty house流派的制作人包括DJ Deeon、Dude 'n Nem、DJ Slugo、DJ Chip、DJ Nate、]DJ Tha Pope、DJ Nehpets、DJ Rashad和Spinn。Teklife是一个Footwork组织。</p>\n<p>&nbsp;</p>\n<p>2005年12月，DJ Gant-Man在哥伦比亚/索尼唱片公司为Beyonce的 \"Check on It \"与Slim Thug的混音，成为第一个为主要歌手在主要唱片公司进行芝加哥Juke house混音的DJ/制作人，Gant-Man也帮助发展了芝加哥Juke的声音.Missy Elliott是2005年第一个在BET的106 &amp; Park节目中以她的歌曲 \"Lose Control \"展示芝加哥舞蹈和音乐场景的艺术家。她聘请了一位来自芝加哥的女舞蹈编导为 \"Lose Control \"音乐录影带做编舞。Elliott在芝加哥巡演时看电视发现了Chicago juke。多年来，她在一些音乐活动中与芝加哥舞者同台演出，使芝加哥juke成为主流。</p>\n<p>&nbsp;</p>\n<p>在欧洲，Juke在欧洲的俱乐部，特别是在巴黎、布鲁塞尔和西班牙流行了多年。英国厂牌Planet Mu的合集《Bangs and Works Volume 1》（2010）将芝加哥DJ的作品带给了更多的观众，引起了一些媒体的关注。Hyperdub厂牌一直是juke和footwork的支持者，发行了很多DJ Rashad的作品。2013年，Deeon在法国著名的贫民区音乐厂牌 \"Booty Call Records \"推出了两个项目。</p>",
 "contentEn": "<p>The 2000s saw a rise in&nbsp;<strong>Chicago juke</strong>&nbsp;(also&nbsp;<strong>juke house</strong>&nbsp;or simply&nbsp;<strong>juke</strong>),<sup id=\"cite_ref-matos_9-1\" class=\"reference\">[9]</sup>&nbsp;a faster variant of ghetto house<sup id=\"cite_ref-kerr_17-0\" class=\"reference\">[17]</sup>&nbsp;which began forming in the late 1980s. Chicago juke songs are generally around 150&ndash;165 BPM<sup id=\"cite_ref-sheffield_10-1\" class=\"reference\">[10]</sup>&nbsp;with beat-skipping&nbsp;kick drums, pounding rapidly (and at times very sparsely) in&nbsp;syncopation&nbsp;with crackling&nbsp;snares, claps, and other sounds reminiscent of old drum machines.<sup id=\"cite_ref-kerr_17-1\" class=\"reference\">[17]</sup>&nbsp;The production style is often markedly&nbsp;lo-fi, much like&nbsp;baile funk. Chicago Juke evolved to match the energy of&nbsp;footwork, a dance style born in the disparate ghettos, house parties and underground dance competitions of Chicago.&nbsp;RP Boo, a former footwork dancer, is generally credited with making the first songs that fall within the canon.<sup id=\"cite_ref-Bangs_&amp;_Works_Liner_Notes_&ndash;_Planet_Mu_Website_18-0\" class=\"reference\">[18]</sup></p>\n<p>&nbsp;</p>\n<p>Living hand in hand with juke music, \"footwork\" is one of the popular \"hood\" dance music styles in the world.<sup id=\"cite_ref-pepperell_19-0\" class=\"reference\">[19]</sup>&nbsp;Footwork is a controlled and complex moving of the feet at high speeds, a modern form of house dance footwork and&nbsp;breakdancing&nbsp;footwork. Producers in the Chicago juke and booty house genre include DJ Deeon,&nbsp;Dude 'n Nem,<sup id=\"cite_ref-sheffield_10-2\" class=\"reference\">[10]</sup>&nbsp;DJ Slugo,<sup id=\"cite_ref-scene_1-4\" class=\"reference\">[1]</sup><sup id=\"cite_ref-barat_2-1\" class=\"reference\">[2]</sup>&nbsp;DJ Chip,<sup id=\"cite_ref-scene_1-5\" class=\"reference\">[1]</sup><sup id=\"cite_ref-barat_2-2\" class=\"reference\">[2]</sup>&nbsp;DJ Nate,<sup id=\"cite_ref-sheffield_10-3\" class=\"reference\">[10]</sup><sup id=\"cite_ref-pepperell_19-1\" class=\"reference\">[19]</sup><sup id=\"cite_ref-kerr_17-2\" class=\"reference\">[17]</sup>&nbsp;DJ Tha Pope, DJ Nehpets,&nbsp;DJ Rashad,<sup id=\"cite_ref-pepperell_19-2\" class=\"reference\">[19]</sup>&nbsp;and Spinn.<sup id=\"cite_ref-pepperell_19-3\" class=\"reference\">[19]</sup>&nbsp;Teklife is a footwork collective.<sup class=\"noprint Inline-Template Template-Fact\">[<em><span title=\"This claim needs references to reliable sources. (August 2015)\">citation needed</span></em>]</sup></p>\n<p>&nbsp;</p>\n<p>In December 2005, DJ Gant-Man became the first DJ/producer to have a Chicago Juke house remix for a major artist on a major label with his remix for&nbsp;Beyonce's&nbsp;\"Check on It\" featuring&nbsp;Slim Thug&nbsp;on Columbia/Sony Records&nbsp;and Gant-Man also helped develop Chicago juke sound.<sup id=\"cite_ref-barat_2-3\" class=\"reference\">[2]</sup><sup id=\"cite_ref-pepperell_19-4\" class=\"reference\">[19]</sup>&nbsp;Missy Elliott&nbsp;was the first artist to showcase Chicago dance and music scene on&nbsp;BET's&nbsp;<em>106 &amp; Park</em>&nbsp;in 2005 with her song \"Lose Control\". She hired a female dancer choreographer from Chicago to do the choreography for the \"Lose Control\"&nbsp;music video. Elliott discovered Chicago juke watching television in Chicago on tour. She performed with Chicago dancers at some of her music events over the years and has helped bring Chicago juke into the mainstream.<sup id=\"cite_ref-barat_2-4\" class=\"reference\">[2]</sup></p>\n<p>&nbsp;</p>\n<p>In Europe, Juke has been popular in European clubs, particularly in&nbsp;Paris,&nbsp;Brussels, and&nbsp;Spain&nbsp;for years. UK label&nbsp;Planet Mu's compilation&nbsp;<em>Bangs and Works Volume 1</em>&nbsp;(2010) has brought the work of Chicago DJs to a wider audience, drawing some media attention. The Hyperdub label has been a supporter of juke and footwork, releasing much of&nbsp;DJ Rashad's material. Deeon has released two projects on the famous French Ghetto Music Label \"Booty Call Records\" in 2013<sup id=\"cite_ref-20\" class=\"reference\">[20]</sup></p>\n<p>&nbsp;</p>\n<h2><span id=\"References\" class=\"mw-headline\">References</span><span class=\"mw-editsection\"><span class=\"mw-editsection-bracket\">[</span>edit<span class=\"mw-editsection-bracket\">]</span></span></h2>\n<div class=\"reflist reflist-columns references-column-width\">\n<ol class=\"references\">\n<li id=\"cite_note-scene-1\"><span class=\"mw-cite-backlink\">^&nbsp;<span class=\"cite-accessibility-label\">Jump up to:</span><sup><em><strong>a</strong></em></sup>&nbsp;<sup><em><strong>b</strong></em></sup>&nbsp;<sup><em><strong>c</strong></em></sup>&nbsp;<sup><em><strong>d</strong></em></sup>&nbsp;<sup><em><strong>e</strong></em></sup>&nbsp;<sup><em><strong>f</strong></em></sup>&nbsp;<sup><em><strong>g</strong></em></sup>&nbsp;<sup><em><strong>h</strong></em></sup>&nbsp;<sup><em><strong>i</strong></em></sup></span>&nbsp;<span class=\"reference-text\"><cite id=\"CITEREFMcDonnell2008\" class=\"citation web cs1\">McDonnell, John (3 November 2008).&nbsp;\"Scene and heard: The ghetto house revival\".&nbsp;<em>The Guardian Music Blog</em><span class=\"reference-accessdate\">. Retrieved&nbsp;<span class=\"nowrap\">28 September</span>&nbsp;2013</span>.</cite></span></li>\n<li id=\"cite_note-barat-2\"><span class=\"mw-cite-backlink\">^&nbsp;<span class=\"cite-accessibility-label\">Jump up to:</span><sup><em><strong>a</strong></em></sup>&nbsp;<sup><em><strong>b</strong></em></sup>&nbsp;<sup><em><strong>c</strong></em></sup>&nbsp;<sup><em><strong>d</strong></em></sup>&nbsp;<sup><em><strong>e</strong></em></sup></span>&nbsp;<span class=\"reference-text\"><cite id=\"CITEREFBarat2007\" class=\"citation web cs1\">Barat, Nick (26 January 2007).&nbsp;\"Feature: On the Floor with Chicago's Juke DJs\".&nbsp;<em>Fader</em>. The Fader, Inc<span class=\"reference-accessdate\">. Retrieved&nbsp;<span class=\"nowrap\">11 February</span>&nbsp;2013</span>.</cite></span></li>\n<li id=\"cite_note-3\"><span class=\"mw-cite-backlink\"><strong>^</strong></span>&nbsp;<span class=\"reference-text\"><cite class=\"citation web cs1\">\"Ghettotech and ghetto house\".&nbsp;<em>Grove Music Online</em>.&nbsp;doi:10.1093/gmo/9781561592630.article.a2256635<span class=\"reference-accessdate\">. Retrieved&nbsp;<span class=\"nowrap\">2021-05-05</span></span>.</cite></span></li>\n<li id=\"cite_note-4\"><span class=\"mw-cite-backlink\"><strong>^</strong></span>&nbsp;<span class=\"reference-text\"><cite class=\"citation web cs1\">\"Interview: Parris Mitchell\".&nbsp;<em>Fact Magazine</em>. 2016-01-08<span class=\"reference-accessdate\">. Retrieved&nbsp;<span class=\"nowrap\">2021-05-05</span></span>.</cite></span></li>\n<li id=\"cite_note-5\"><span class=\"mw-cite-backlink\"><strong>^</strong></span>&nbsp;<span class=\"reference-text\"><cite class=\"citation web cs1\">\"Deep Inside: 'Hardcore Traxx: Dance Mania Records 1986-1997<span class=\"cs1-kern-right\">'</span>\".&nbsp;<em>XLR8R</em>. 2014-02-19<span class=\"reference-accessdate\">. Retrieved&nbsp;<span class=\"nowrap\">2021-05-05</span></span>.</cite></span></li>\n<li id=\"cite_note-6\"><span class=\"mw-cite-backlink\"><strong>^</strong></span>&nbsp;<span class=\"reference-text\"><cite id=\"CITEREFAngus_Thomas_Paterson2018\" class=\"citation web cs1\">Angus Thomas Paterson, ed. (5 March 2018).&nbsp;\"Dr. Fresch &amp; BIJOU Bring the Ghetto-House Vibes on \"Revelation\" for Insomniac Records\". Insomniac<span class=\"reference-accessdate\">. Retrieved&nbsp;<span class=\"nowrap\">1 May</span>&nbsp;2021</span>.</cite></span></li>\n<li id=\"cite_note-7\"><span class=\"mw-cite-backlink\"><strong>^</strong></span>&nbsp;<span class=\"reference-text\"><cite id=\"CITEREFRinc&oacute;n2019\" class=\"citation web cs1\">Rinc&oacute;n, Alessandra (13 November 2019).&nbsp;\"DJs Julius Jetson and SANiTY talk Ghetto House and risks of being an artist\". Kulture Hub<span class=\"reference-accessdate\">. Retrieved&nbsp;<span class=\"nowrap\">2 August</span>&nbsp;2019</span>.</cite></span></li>\n<li id=\"cite_note-8\"><span class=\"mw-cite-backlink\"><strong>^</strong></span>&nbsp;<span class=\"reference-text\"><cite class=\"citation web cs1\">\"With his lethal combination of hard-hitting G-House and clever green screen horseplay, Partiboi69 has amassed one of the biggest online cult followings in the dance music scene\". Beatportal. 12 May 2020<span class=\"reference-accessdate\">. Retrieved&nbsp;<span class=\"nowrap\">12 May</span>&nbsp;2021</span>.</cite></span></li>\n<li id=\"cite_note-matos-9\"><span class=\"mw-cite-backlink\">^&nbsp;<span class=\"cite-accessibility-label\">Jump up to:</span><sup><em><strong>a</strong></em></sup>&nbsp;<sup><em><strong>b</strong></em></sup></span>&nbsp;<span class=\"reference-text\"><cite id=\"CITEREFMatos2012\" class=\"citation news cs1\">Matos, Michelangelo (3 May 2012).&nbsp;\"How Chicago house got its groove back\".&nbsp;<em>Chicago Reader</em><span class=\"reference-accessdate\">. Retrieved&nbsp;<span class=\"nowrap\">28 September</span>&nbsp;2013</span>.</cite></span></li>\n<li id=\"cite_note-sheffield-10\"><span class=\"mw-cite-backlink\">^&nbsp;<span class=\"cite-accessibility-label\">Jump up to:</span><sup><em><strong>a</strong></em></sup>&nbsp;<sup><em><strong>b</strong></em></sup>&nbsp;<sup><em><strong>c</strong></em></sup>&nbsp;<sup><em><strong>d</strong></em></sup></span>&nbsp;<span class=\"reference-text\"><cite id=\"CITEREFSheffield2010\" class=\"citation news cs1\">Sheffield, Hazel (27 May 2010).&nbsp;\"Footwork takes competitive dancing to the Chicago streets\".&nbsp;<em>The Guardian</em><span class=\"reference-accessdate\">. Retrieved&nbsp;<span class=\"nowrap\">11 February</span>&nbsp;2013</span>.</cite></span></li>\n<li id=\"cite_note-GetBack-11\"><span class=\"mw-cite-backlink\">^&nbsp;<span class=\"cite-accessibility-label\">Jump up to:</span><sup><em><strong>a</strong></em></sup>&nbsp;<sup><em><strong>b</strong></em></sup></span>&nbsp;<span class=\"reference-text\"><cite id=\"CITEREFAbby_Price2019\" class=\"citation web cs1\">Abby Price, ed. (12 December 2019).&nbsp;\"Bijou and Dr Fresch 'Get Back<span class=\"cs1-kern-right\">'</span>\". The Electric Hawk<span class=\"reference-accessdate\">. Retrieved&nbsp;<span class=\"nowrap\">10 November</span>&nbsp;2020</span>.</cite></span></li>\n<li id=\"cite_note-12\"><span class=\"mw-cite-backlink\"><strong>^</strong></span>&nbsp;<span class=\"reference-text\"><cite id=\"CITEREFRachel_Pratley1017\" class=\"citation web cs1\">Rachel Pratley, ed. (20 September 1017).&nbsp;\"BIJOU &ndash; G-Code EP\". EDMTUNES<span class=\"reference-accessdate\">. Retrieved&nbsp;<span class=\"nowrap\">1 May</span>&nbsp;2021</span>.</cite></span></li>\n<li id=\"cite_note-13\"><span class=\"mw-cite-backlink\"><strong>^</strong></span>&nbsp;<span class=\"reference-text\"><cite id=\"CITEREFKenny_Ngo2020\" class=\"citation web cs1\">Kenny Ngo, ed. (27 February 2020).&nbsp;\"Malaa's North American Tour and the 2020 Remix of 'Bling Bling<span class=\"cs1-kern-right\">'</span>\". OneEDM<span class=\"reference-accessdate\">. Retrieved&nbsp;<span class=\"nowrap\">16 May</span>&nbsp;2021</span>.</cite></span></li>\n<li id=\"cite_note-14\"><span class=\"mw-cite-backlink\"><strong>^</strong></span>&nbsp;<span class=\"reference-text\"><cite class=\"citation web cs1\">\"Karpovich Beatport\". Beatport.</cite></span></li>\n<li id=\"cite_note-15\"><span class=\"mw-cite-backlink\"><strong>^</strong></span>&nbsp;<span class=\"reference-text\"><cite class=\"citation web cs1\">\"The Five Most Bootylicious Ghetto House Tracks Ever, According to DJ Deeon\".&nbsp;<em>www.vice.com</em><span class=\"reference-accessdate\">. Retrieved&nbsp;<span class=\"nowrap\">2021-04-21</span></span>.</cite></span></li>\n<li id=\"cite_note-16\"><span class=\"mw-cite-backlink\"><strong>^</strong></span>&nbsp;<span class=\"reference-text\"><cite class=\"citation web cs1\">\"The Essential... Dance Mania\".&nbsp;<em>Fact Magazine</em>. 2013-08-13<span class=\"reference-accessdate\">. Retrieved&nbsp;<span class=\"nowrap\">2021-05-05</span></span>.</cite></span></li>\n<li id=\"cite_note-kerr-17\"><span class=\"mw-cite-backlink\">^&nbsp;<span class=\"cite-accessibility-label\">Jump up to:</span><sup><em><strong>a</strong></em></sup>&nbsp;<sup><em><strong>b</strong></em></sup>&nbsp;<sup><em><strong>c</strong></em></sup></span>&nbsp;<span class=\"reference-text\"><cite id=\"CITEREFKerr\" class=\"citation web cs1\">Kerr, Stephen.&nbsp;\"A Love Letter to Chicago Juke\".&nbsp;<em>DANOEF</em><span class=\"reference-accessdate\">. Retrieved&nbsp;<span class=\"nowrap\">25 August</span>&nbsp;2015</span>.</cite></span></li>\n<li id=\"cite_note-Bangs_&amp;_Works_Liner_Notes_&ndash;_Planet_Mu_Website-18\"><span class=\"mw-cite-backlink\"><strong>^</strong></span>&nbsp;<span class=\"reference-text\"><cite id=\"CITEREFQuam\" class=\"citation web cs1\">Quam, Dave.&nbsp;\"Bangs &amp; Works Vol. 1 Liner Notes\". Planet Mu. Archived from&nbsp;the originalon 13 May 2012<span class=\"reference-accessdate\">. Retrieved&nbsp;<span class=\"nowrap\">14 May</span>&nbsp;2012</span>.</cite></span></li>\n<li id=\"cite_note-pepperell-19\"><span class=\"mw-cite-backlink\">^&nbsp;<span class=\"cite-accessibility-label\">Jump up to:</span><sup><em><strong>a</strong></em></sup>&nbsp;<sup><em><strong>b</strong></em></sup>&nbsp;<sup><em><strong>c</strong></em></sup>&nbsp;<sup><em><strong>d</strong></em></sup>&nbsp;<sup><em><strong>e</strong></em></sup></span>&nbsp;<span class=\"reference-text\"><cite id=\"CITEREFPepperell2010\" class=\"citation web cs1\">Pepperell, Martyn (6 October 2010).&nbsp;\"Juke And Footwork &ndash; From Chicago To The World\".&nbsp;<em>Rip It Up</em>. Satellite MEdia. Archived from&nbsp;the original&nbsp;on 14 February 2013<span class=\"reference-accessdate\">. Retrieved&nbsp;<span class=\"nowrap\">10 June</span>&nbsp;2010</span>.</cite></span></li>\n<li id=\"cite_note-20\"><span class=\"mw-cite-backlink\"><strong>^</strong></span>&nbsp;<span class=\"reference-text\">https://hyponik.com/news/chicago-pioneer-dj-deeon-gets-a-booty-call/</span></li>\n</ol>\n</div>",
 "remarks": "本词条汉字内容由 @多频百科团队 翻译+编辑\n原文译自 https://en.wikipedia.org/wiki/Ghetto_house#Chicago_juke",
 "remarksEn": "本词条内容来自 https://en.wikipedia.org/wiki/Ghetto_house#Chicago_juke",
 "status": 1,
 "clickNum": 10,
 "deleted": 0,
 "lang": 0,
 "chooseLang": true,
 "id": 69,
 "name": "Juke House",
 "descriptions": "Juke House是20世纪80年代末开始形成的Ghetto House的一种较快的变体。",
 "originalName": "Chicago juke",
 "startTimeText": "1990s",
 "startAddress": "Chicago, Illinois, United States",
 "searchStyle": "House",
 "styleCategory": "Ghetto House",
 "originalStyle": "",
 "affectStyle": "",
 "deriveStyle": "",
 "representArtist": "",
 "officialUrl": "https://en.wikipedia.org/wiki/Ghetto_house#Chicago_juke",
 "typeId": 13,
 "typeName": "风格",
 "dataId": 69,
 "url": "http://dropinapp.hearinmusic.com/#/ency?typeId=13&dataId=69"
}