{
 "pageNum": 1,
 "pageSize": 10,
 "params": {},
 "relationChannel": "[{\"id\":1242,\"parentId\":8,\"name\":\"Jumpstyle\"}]",
 "content": "<div>\n<div class=\"document\">\n<div>\n<div class=\"document\">\n<p>Jumpstyle是一种流行于西欧的电子舞蹈风格和音乐流派，在东欧、澳大利亚和美洲也有流传。</p>\n<p>&nbsp;</p>\n<p>JumpStyling通常被称为&ldquo;Jumpen&rdquo;：英语单词&ldquo;Jump&rdquo;和荷兰语和德语后缀&ldquo;-en&rdquo;（意思是&ldquo;to Jump&rdquo;或&ldquo;jumping&rdquo;）的组合。</p>\n<p>&nbsp;</p>\n<p>它起源于比利时，但在2000年代在其邻国荷兰获得了更高的人气。</p>\n<p>&nbsp;</p>\n<p class=\"paragraph text-align-type-left pap-line-1.8 pap-line-rule-auto pap-spacing-before-2pt pap-spacing-after-2pt\"><strong>历史&nbsp;&nbsp;&nbsp;&nbsp;&nbsp;&nbsp;</strong></p>\n<p class=\"paragraph text-align-type-left pap-line-1.8 pap-line-rule-auto pap-spacing-before-2pt pap-spacing-after-2pt\">Jumpstyle，最初只是被称为jump，创建于比利时。&nbsp;它是一个短命的小流派，并没有以其最初的形式获得普及。&nbsp;然而，在世纪之交，它又回到了公众面前，2003年初在德国经历了重大变化后，整个欧洲的粉丝开始增加。</p>\n<p class=\"paragraph text-align-type-left pap-line-1.8 pap-line-rule-auto pap-spacing-before-2pt pap-spacing-after-2pt\">&nbsp;</p>\n<p class=\"paragraph text-align-type-left pap-line-1.8 pap-line-rule-auto pap-spacing-before-2pt pap-spacing-after-2pt\">在获得其目前的名称后，jumpstyle在欧洲被重新引入，并在2005年出现了艺术家和团体制作和发布其音乐。</p>\n<p class=\"paragraph text-align-type-left pap-line-1.8 pap-line-rule-auto pap-spacing-before-2pt pap-spacing-after-2pt\">&nbsp;</p>\n<p class=\"paragraph text-align-type-left pap-line-1.8 pap-line-rule-auto pap-spacing-before-2pt pap-spacing-after-2pt\">由于Scooter的 \"问题是什么？\"和 \"跳遍世界 \"等音乐视频的成功，其流行的第一个关键阶段出现在2007年和2008年之间，这导致他们的第13张录音室专辑在英国排行榜上排名第一。&nbsp;然而，仍有一些广播电台，以传统的形式播放jump。&nbsp;最早的jumpstyle电台成立于2005年，至今仍以JumpStation.FM的名义存在。</p>\n<p class=\"paragraph text-align-type-left pap-line-1.8 pap-line-rule-auto pap-spacing-before-2pt pap-spacing-after-2pt\">&nbsp;</p>\n<p class=\"paragraph text-align-type-left pap-line-1.8 pap-line-rule-auto pap-spacing-before-2pt pap-spacing-after-2pt\">这种风格也与其他类型的音乐相融合，例如，Major Lazer和The Partysquad在 \"Original Don \"一曲中混合了丛林人声采样的独特曲目，对jumpstyle/hardstyle有影响。&nbsp;另外，Joel Fletcher对Savage的2005年单曲 \"Swing \"的混音也使用了jumpstyle的元素。</p>\n<p class=\"paragraph text-align-type-left pap-line-1.8 pap-line-rule-auto pap-spacing-before-2pt pap-spacing-after-2pt\">&nbsp;</p>\n<p class=\"paragraph text-align-type-left pap-line-1.8 pap-line-rule-auto pap-spacing-before-2pt pap-spacing-after-2pt\"><strong>锦标赛和联赛&nbsp;&nbsp;&nbsp;&nbsp;</strong>&nbsp;</p>\n<p class=\"paragraph text-align-type-left pap-line-1.8 pap-line-rule-auto pap-spacing-before-2pt pap-spacing-after-2pt\">世界各地都有各种jumpstyle的联赛，大部分是以在线视频提交和互联网比赛的形式。&nbsp;然而，在比利时，已经有了诸如European&nbsp;Jump&nbsp;Masters这样的比赛。</p>\n<p class=\"paragraph text-align-type-left pap-line-1.8 pap-line-rule-auto pap-spacing-before-2pt pap-spacing-after-2pt\">&nbsp;</p>\n<p class=\"paragraph text-align-type-left pap-line-1.8 pap-line-rule-auto pap-spacing-before-2pt pap-spacing-after-2pt\">英国是第一个正式建立国际水平的在线联赛的国家，有FIJL（第一届国际跳跃式联赛），但缺乏支持，许多选手退出，留下了许多混乱。</p>\n<p class=\"paragraph text-align-type-left pap-line-1.8 pap-line-rule-auto pap-spacing-before-2pt pap-spacing-after-2pt\">&nbsp;</p>\n<p class=\"paragraph text-align-type-left pap-line-1.8 pap-line-rule-auto pap-spacing-before-2pt pap-spacing-after-2pt\">从正面看，这在澳大利亚、俄罗斯、德国和西班牙等国引发了一些国际联赛。</p>\n</div>\n</div>\n<p class=\"paragraph text-align-type-left pap-line-1.8 pap-line-rule-auto pap-spacing-before-2pt pap-spacing-after-2pt\">&nbsp;</p>\n<div>\n<div class=\"document\">\n<p class=\"paragraph text-align-type-left pap-line-1.8 pap-line-rule-auto pap-spacing-before-2pt pap-spacing-after-2pt\"><strong>音乐</strong></p>\n<p class=\"paragraph text-align-type-left pap-line-1.8 pap-line-rule-auto pap-spacing-before-2pt pap-spacing-after-2pt\">Jumpstyle音乐是techtrance、hardstyle、Gabber和M&aacute;kina的衍生。&nbsp;它的节奏通常在140到150BPM之间。&nbsp;然而，它不能被视为仅仅是gabber的慢速版本，它的特点是在地板上使用909踢腿鼓的节奏，&nbsp;它还受到hard&nbsp;house&nbsp;和electro&nbsp;house的影响。&nbsp;大约从2002-03年开始，jumpstyle开始从hardstyle音乐中获得影响，比如在旋律中设置的音调基音，更复杂的多频段失真，以及利用方波的合成器。</p>\n</div>\n</div>\n</div>\n</div>",
 "contentEn": "<p><strong>Jumpstyle</strong>&nbsp;is an&nbsp;electronic dance&nbsp;style and music genre popular in&nbsp;Western Europe, with existent scenes in&nbsp;Eastern Europe,&nbsp;Australia, and the&nbsp;Americas.</p>\n<p>&nbsp;</p>\n<p>Jumpstyling is often referred to as \"Jumpen\": a combination of the English word 'Jump' and the Dutch and German suffix '-en' (meaning \"to jump\", or \"jumping\").<sup id=\"cite_ref-1\" class=\"reference\">[1]</sup></p>\n<p>&nbsp;</p>\n<p>It originated in&nbsp;Belgium<sup id=\"cite_ref-2\" class=\"reference\">[2]</sup>&nbsp;but gathered bigger popularity in their neighbouring country the&nbsp;Netherlands&nbsp;in the 2000s.</p>\n<h2>&nbsp;</h2>\n<h2><span id=\"History\" class=\"mw-headline\">History</span></h2>\n<p>Jumpstyle, originally known simply as&nbsp;<strong>jump</strong>, was created in Belgium. It was a short-lived small genre that did not gain popularity in its original form. However, it came back to the public during the turn of the century, and fandom began increasing throughout Europe after undergoing significant changes in Germany in early 2003.</p>\n<p>&nbsp;</p>\n<p>After acquiring its current name, jumpstyle was reintroduced in Europe and in 2005 saw artists and groups producing and releasing its music.</p>\n<p>&nbsp;</p>\n<p>The first key stage of its popularity came between 2007 and 2008 due to the success of music videos such as Scooter's \"The Question Is What Is The Question?\" and \"Jumping All Over the World\", which led to their 13th studio album reaching number 1 in the UK charts. However, there are still some radio stations left, broadcasting jump in its traditional form. The oldest jumpstyle radio was founded in 2005 and still exists today under the name of JumpStation.FM.<sup id=\"cite_ref-3\" class=\"reference\">[3]</sup></p>\n<p>&nbsp;</p>\n<p>The style has also been fused with other genres, for example,&nbsp;Major Lazer&nbsp;and&nbsp;The Partysquad&nbsp;mixed a unique track with a&nbsp;jungle&nbsp;vocal sample in the track \"Original Don\", with jumpstyle/hardstyle&nbsp;influences. Also,&nbsp;Joel Fletcher's remix of&nbsp;Savage's&nbsp;2005 single \"Swing\" uses jumpstyle influences.</p>\n<h2>&nbsp;</h2>\n<h2><span id=\"Tournaments_and_leagues\" class=\"mw-headline\">Tournaments and leagues</span></h2>\n<p>There are various jumpstyle leagues across the world; mostly in the form of online video submissions and internet competitions. However, in Belgium there have been staged tournaments such as the European Jump Masters.</p>\n<p>&nbsp;</p>\n<p>The UK was the first to officially establish online leagues to an international level, with the FIJL (First International Jumpstyle League), but support was lacking, and many competitors pulled out, leaving much confusion.</p>\n<p>&nbsp;</p>\n<p>On the upside, this sparked several International Leagues in countries such as Australia, Russia, Germany and Spain.<sup id=\"cite_ref-4\" class=\"reference\">[4]</sup></p>\n<h2>&nbsp;</h2>\n<h2><span id=\"Music\" class=\"mw-headline\">Music</span></h2>\n<p>Jumpstyle music is an offspring of&nbsp;tech-trance,&nbsp;hardstyle,&nbsp;gabber&nbsp;and&nbsp;m&aacute;kina. Its&nbsp;tempo&nbsp;is usually between 140 and 150&nbsp;BPM. However, it cannot be seen as merely a slowed down version of gabber. It is characterised by a&nbsp;909&nbsp;kick drum used in a&nbsp;four on the floor&nbsp;beat. It also has influences from&nbsp;hard house&nbsp;and&nbsp;electro house. Starting around 2002&ndash;03, jumpstyle began to gain influence from&nbsp;hardstyle&nbsp;sound, such as pitched basslines set at a melody, more complex, multiband distortion, and synthesizers utilising&nbsp;square waveforms.<sup id=\"cite_ref-5\" class=\"reference\">[5]</sup></p>\n<h2>&nbsp;</h2>\n<h2><span id=\"References\" class=\"mw-headline\">References</span></h2>\n<div class=\"reflist\">\n<div class=\"mw-references-wrap\">\n<ol class=\"references\">\n<li id=\"cite_note-1\"><span class=\"mw-cite-backlink\"><strong>^</strong></span>&nbsp;<span class=\"reference-text\"><cite class=\"citation web cs1\">\"Jumpstyle Info\". USA Jumpstyle. Archived from&nbsp;the original&nbsp;on 12 August 2008<span class=\"reference-accessdate\">. Retrieved&nbsp;<span class=\"nowrap\">7 September</span>&nbsp;2008</span>.</cite></span></li>\n<li id=\"cite_note-2\"><span class=\"mw-cite-backlink\"><strong>^</strong></span>&nbsp;<span class=\"reference-text\"><cite class=\"citation web cs1\">\"What Is It? Jumpstyle\". XLR8R. 29 January 2008<span class=\"reference-accessdate\">. Retrieved&nbsp;<span class=\"nowrap\">1 February</span>&nbsp;2014</span>.</cite></span></li>\n<li id=\"cite_note-3\"><span class=\"mw-cite-backlink\"><strong>^</strong></span>&nbsp;<span class=\"reference-text\"><cite class=\"citation web cs1\">\"First French Tek / Hardtechno / Jump Radio\". JumpStation.FM. 28 August 2011. Archived from&nbsp;the original&nbsp;on 3 August 2016<span class=\"reference-accessdate\">. Retrieved&nbsp;<span class=\"nowrap\">1 February</span>&nbsp;2014</span>.</cite></span></li>\n<li id=\"cite_note-4\"><span class=\"mw-cite-backlink\"><strong>^</strong></span>&nbsp;<span class=\"reference-text\"><cite class=\"citation web cs1\">\"International Jumpstyle Leagues\"&nbsp;(in Dutch). Jumpstylers.ru<span class=\"reference-accessdate\">. Retrieved&nbsp;<span class=\"nowrap\">2 August</span>&nbsp;2012</span>.</cite></span></li>\n<li id=\"cite_note-5\"><span class=\"mw-cite-backlink\"><strong>^</strong></span>&nbsp;<span class=\"reference-text\"><cite class=\"citation web cs1\">\"Over Jumpen (about Jump)\"&nbsp;(in Dutch). Jumpisthestyle.com<span class=\"reference-accessdate\">. Retrieved&nbsp;<span class=\"nowrap\">2 November</span>&nbsp;2008</span>.</cite></span></li>\n</ol>\n</div>\n</div>",
 "remarks": "本词条汉字内容由 @多频百科团队 翻译+编辑\n原文译自 https://en.wikipedia.org/wiki/Jumpstyle",
 "remarksEn": "本词条内容来自 https://en.wikipedia.org/wiki/Jumpstyle",
 "status": 1,
 "clickNum": 16,
 "deleted": 0,
 "lang": 0,
 "chooseLang": true,
 "id": 187,
 "name": "Jumpstyle",
 "descriptions": "Jumpstyle是一种流行于西欧的电子舞蹈风格和音乐流派，在东欧、澳大利亚和美洲也有流传。",
 "originalName": "",
 "startTimeText": "Early 2000s",
 "startAddress": "比利时，荷兰",
 "searchStyle": "Hardstyle",
 "styleCategory": "Hardstyle",
 "originalStyle": "Mákina, gabber, hardstyle, hardcore techno, tech trance, industrial, techno",
 "affectStyle": "",
 "deriveStyle": "Melbourne bounce",
 "representArtist": "Major Lazer, The Partysquad, Joel Fletcher",
 "officialUrl": "https://en.wikipedia.org/wiki/Jumpstyle",
 "typeId": 13,
 "typeName": "风格",
 "dataId": 187,
 "url": "http://dropinapp.hearinmusic.com/#/ency?typeId=13&dataId=187"
}