{
 "pageNum": 1,
 "pageSize": 10,
 "params": {},
 "relationChannel": "[{\"id\":1201,\"parentId\":8,\"name\":\"Kawaii Future Bass\"}]",
 "content": "<p>Kawaii Future Bass (又简称 kawaii bass)，是Future Bass的一个子流派，以其快乐可爱的音色和强烈的日本流行文化影响而闻名。通常，chiptune声音、柔和的方波、动漫或电子游戏的样本、打击乐器、门和床的吱吱声都会被融入到这类歌曲中。日本电子音乐制作人Snail's House和其他制作人都曾制作过这一流派的曲目，前者在2015年发行了一张EP《Kirara》，后被誉为该流派的先驱。</p>",
 "contentEn": "<p><strong>Kawaii&nbsp;future bass</strong>&nbsp;(also known simply as&nbsp;<strong>kawaii bass</strong>) is a subgenre of future bass, known for its happy and cute&nbsp;timbre&nbsp;and strong&nbsp;Japanese pop culture&nbsp;influences. Often,&nbsp;chiptune&nbsp;sounds, soft&nbsp;square waves,&nbsp;samples&nbsp;from&nbsp;anime&nbsp;or&nbsp;video games,&nbsp;percussion instruments, and door and bed squeaks are incorporated into such songs.&nbsp;Snail's House&nbsp;and other producers have produced tracks of this subgenre, with the former being credited as the genre pioneer after releasing the album&nbsp;<em>Kirara EP</em>&nbsp;in 2015.</p>",
 "remarks": "本词条汉字内容由 @多频百科团队 翻译+编辑\n原文译自 https://en.wikipedia.org/wiki/Future_bass#Kawaii_future_bass",
 "remarksEn": "本词条内容来自 https://en.wikipedia.org/wiki/Future_bass#Kawaii_future_bass",
 "status": 1,
 "clickNum": 105,
 "deleted": 0,
 "lang": 0,
 "chooseLang": true,
 "id": 158,
 "name": "Kawaii Future Bass",
 "descriptions": "Kawaii Future Bass (又简称 kawaii bass)，是Future Bass的一个子流派，以其快乐可爱的音色和强烈的日本流行文化影响而闻名。通常，chiptune声音、柔和的方波、动漫或电子游戏的样本、打击乐器、门和床的吱吱声都会被融入到这类歌曲中。日本电子音乐制作人Snail's House和其他制作人都曾制作过这一流派的曲目，前者在2015年发行了一张EP《Kirara》，后被誉为该流派的先驱。",
 "originalName": "kawaii bass",
 "startTimeText": "2015",
 "startAddress": "",
 "searchStyle": "Dubstep, Bass Music",
 "styleCategory": "Future Bass",
 "originalStyle": "Future Bass",
 "affectStyle": "",
 "deriveStyle": "",
 "representArtist": "",
 "officialUrl": "https://en.wikipedia.org/wiki/Future_bass#Kawaii_future_bass",
 "typeId": 13,
 "typeName": "风格",
 "dataId": 158,
 "url": "http://dropinapp.hearinmusic.com/#/ency?typeId=13&dataId=158"
}