{
 "pageNum": 1,
 "pageSize": 10,
 "params": {},
 "relationChannel": "[{\"id\":1398,\"parentId\":8,\"name\":\"Korea Bounce\"}]",
 "content": "",
 "remarks": "本词条内容暂未完善仅供参考，多频百科小编正在火速赶来",
 "remarksEn": "本词条内容暂未完善仅供参考，多频百科小编正在火速赶来",
 "status": 0,
 "clickNum": 3,
 "deleted": 0,
 "lang": 0,
 "chooseLang": false,
 "id": 58,
 "name": "Korea Bounce",
 "descriptions": "",
 "originalName": "Korean Bounce",
 "startTimeText": "",
 "startAddress": "韩国",
 "searchStyle": "",
 "styleCategory": "Electro House",
 "originalStyle": "Electro House, Melbourne Bounce, Minimal Bounce",
 "affectStyle": "",
 "deriveStyle": "",
 "representArtist": "",
 "represetnBrand": "Moon Records",
 "officialUrl": "",
 "typeId": 13,
 "typeName": "风格",
 "dataId": 58,
 "url": "http://dropinapp.hearinmusic.com/#/ency?typeId=13&dataId=58"
}