{
 "pageNum": 1,
 "pageSize": 10,
 "params": {},
 "relationChannel": "[{\"id\":1102,\"parentId\":8,\"name\":\"Kwaito\"}]",
 "content": "<p>Kwaito是20世纪90年代兴起于南非约翰内斯堡的一种音乐流派。它是一种以使用非洲声音和样本为特色的house音乐变体。Kwaito的节奏通常比其他风格的House音乐要慢，通常包含动听的旋律和打击乐循环采样，深沉的低音线和人声。尽管与嘻哈音乐有相似之处，但Kwaito在歌词的演唱、说唱和喊声方面有独特的方式。</p>\n<p>&nbsp;</p>\n<p><strong>命名</strong></p>\n<p>Kwaito 这个词是来自南非Gauteng（豪登镇）当地语言中的术语，涵盖从 guz、d'gong、isgubhu 到 swaito 的音乐风格。这个词起源于南非荷兰语 kwaai，当用作俚语时，相当于英语中的 hot（热）。 Kwaito 将后种族隔离时期的乡镇亚文化带入主流。尽管南非荷兰语与种族隔离制度和种族压迫有关，但南非荷兰语单词经常被纳入伊西坎托词汇，在相关或新的语境中重新塑造和使用。</p>\n<p>&nbsp;</p>\n<p>M'du Masilela 是 Kwaito 的先驱艺术家，他说：&ldquo;当House音乐流行起来时，隔都的人们在南非语俚语 kwai [sic] 之后将其称为 Kwaito，意思是那些House音乐很热，他们正在不断地冲击。另一个源自南非荷兰语单词 kwaai 的当地单词是 amakwaitosi，意思是黑帮。受欢迎的 Kwaito 艺术家和制作人 Arthur Mafokate 将 Kwaito 与黑帮之间的关系描述为围绕贫民区生活的音乐。</p>",
 "contentEn": "",
 "remarks": "本词条汉字内容由 @多频百科团队 翻译+编辑\n原文译自 https://en.wikipedia.org/wiki/Kwaito",
 "remarksEn": "本词条内容暂未完善仅供参考，多频百科小编正在火速赶来",
 "status": 1,
 "clickNum": 18,
 "deleted": 0,
 "lang": 0,
 "chooseLang": false,
 "id": 41,
 "name": "Kwaito",
 "descriptions": "Kwaito是20世纪90年代兴起于南非约翰内斯堡的一种音乐流派。它是一种以使用非洲声音和样本为特色的house音乐变体。Kwaito的节奏通常比其他风格的House音乐要慢，通常包含动听的旋律和打击乐循环采样，深沉的低音线和人声。尽管与嘻哈音乐有相似之处，但Kwaito在歌词的演唱、说唱和喊声方面有独特的方式。",
 "originalName": "",
 "startTimeText": "Late 1980s",
 "startAddress": "South Africa",
 "searchStyle": "House",
 "styleCategory": "Afro House",
 "originalStyle": "Hip house, South African music, hip hop, dancehall",
 "affectStyle": "",
 "deriveStyle": "",
 "representArtist": "",
 "officialUrl": "https://en.wikipedia.org/wiki/Kwaito",
 "typeId": 13,
 "typeName": "风格",
 "dataId": 41,
 "url": "http://dropinapp.hearinmusic.com/#/ency?typeId=13&dataId=41"
}