{
 "pageNum": 1,
 "pageSize": 10,
 "params": {},
 "relationChannel": "[{\"id\":1128,\"parentId\":8,\"name\":\"Latin House\"}]",
 "content": "<div class=\"document\">\n<p class=\"paragraph text-align-type-left pap-line-1.8 pap-line-rule-auto pap-spacing-before-0pt pap-spacing-after-0pt\">Latin House（拉丁浩室，或称Samba House, Latin EDM）是一种电子舞曲流派，结合了House和拉丁美洲音乐，如波多黎各、古巴、多米尼加和非洲的音乐。</p>\n<p class=\"paragraph text-align-type-left pap-line-1.8 pap-line-rule-auto pap-spacing-before-0pt pap-spacing-after-0pt\">&nbsp;</p>\n<p class=\"paragraph text-align-type-left pap-line-1.8 pap-line-rule-auto pap-spacing-before-0pt pap-spacing-after-0pt\"><strong>历史渊源 </strong></p>\n<p class=\"paragraph text-align-type-left pap-line-1.8 pap-line-rule-auto pap-spacing-before-0pt pap-spacing-after-0pt\">20世纪80年代后半期，一些拉美裔的House音乐先驱通过发行西班牙语的House唱片，使这一类型的音乐诞生。早期的例子包括1985年Jesse Velez的 \"Girls Out On The Floor\"、DJ International上Raz的 \"Amor Puertorrique&ntilde;o \"和Raze的 \"Break 4 Love\"。</p>\n<p class=\"paragraph text-align-type-left pap-line-1.8 pap-line-rule-auto pap-spacing-before-0pt pap-spacing-after-0pt\">&nbsp;</p>\n<p class=\"paragraph text-align-type-left pap-line-1.8 pap-line-rule-auto pap-spacing-before-0pt pap-spacing-after-0pt\">20世纪90年代，新一代的制作人和厂牌闯入市场。Nervous Records推出了由 Latin Kings制作的 \"Quiero Saber\"，由Todd Terry制作，还有Arts of Rhythm的 \"Everything's All Right \"和Trinidad的 \"Philly The Blunt\"。Strictly Rhythm雇佣了制作人Armand van Helden，他发行了 \"Pirates of The Caribbean Vol.III\"。同一厂牌的歌曲包括DJ Dero的 \"Sube\"、The Tribe的 \"Go-san-do\"、R.A.W.由Erick Morillo制作的 \"Asuca\"、Rare Arts的 \"Boricua Posse\"、Escandalo的 \"Mas Buena \"和Norty Cotto制作的Fiasco的 \"Las Mujeres\"、Latin Kaos的 \"El Bandolero \"和 \"Muevete Mama \"以及Afro-Cube的 \"Sugar Cane\"。</p>\n<p class=\"paragraph text-align-type-left pap-line-1.8 pap-line-rule-auto pap-spacing-before-0pt pap-spacing-after-0pt\">&nbsp;</p>\n<p class=\"paragraph text-align-type-left pap-line-1.8 pap-line-rule-auto pap-spacing-before-0pt pap-spacing-after-0pt\">在同一时期（1991-1992年），芝加哥本地人Pizarro制作了 \"The Five Tones\"、\"New Perspective EP\"、\"Plastica\"、\"Caliente \"和 \"Perdoname\"。其他制作人如Ralphi Rosario和Masters at Work则创造了拉丁house的经典作品，例如Ralphie制作的 \"Da-Me-Lo \"和他对Albita的 \"No se parece a nada \"以及Rosabel的 \"Sul Chu Cha \"的混音，而Louie Vega和Kenny Gonzales则对House of Gypsies（Todd Terry）的 \"Sume Sigh Say \"进行了混音，C+C Music Factory的拉丁house主打歌 \"Robi Rob's Boriqua Anthem \"也非常出色。</p>\n<p class=\"paragraph text-align-type-left pap-line-1.8 pap-line-rule-auto pap-spacing-before-0pt pap-spacing-after-0pt\">&nbsp;</p>\n<p class=\"paragraph text-align-type-left pap-line-1.8 pap-line-rule-auto pap-spacing-before-0pt pap-spacing-after-0pt\">与此同时，纽约的Proyecto Uno等人也在市场上进行了混合实验，他们在其LP \"Todo el mundo \"和 \"In Da House \"中结合了House和Merengue。他们的女性同行是来自波多黎各的Lisa M，在 \"No lo derrumbes \"和 \"Flavor of the Latin \"。另一张值得一提的美伦格屋唱片是Henry Rivera在Los Angeles Aqua Boogie的 \"As&iacute; mamacita\"。二人组Sandy &amp; Papo以其LP \"Sandy &amp; Papo \"和 \"Otra Vez \"而闻名。</p>\n<p class=\"paragraph text-align-type-left pap-line-1.8 pap-line-rule-auto pap-spacing-before-0pt pap-spacing-after-0pt\">&nbsp;</p>\n<p class=\"paragraph text-align-type-left pap-line-1.8 pap-line-rule-auto pap-spacing-before-0pt pap-spacing-after-0pt\">在90年代中期，Cutting闯入了拉丁浩室流派，并成为这一流派最具代表性的厂牌。Cutting的DJ Norty Cotto被认为是拉丁house最具代表性的制作人。各种热门歌曲有2 In A Room的 \"Las Mujeres\"、\"Carnival \"和 \"Dar la vuelta\"，Fun City的 \"Padentro \"和 \"Baila\"，Sancocho的 \"Tumba la Casa\"、\"Alcen las manos \"和 \"Que siga el party\"（LP），以及Los Compadres的 \"La Rumba\"。Norty Cotto的混合汇编也成为经典。Fulanito和他们的LP \"El hombre mas famoso de la tierra \"是当时House和拉美节奏的完美结合。El General的 \"Muevelo \"是当时另一首由DJ、制作人Pablo Pabanor Ortiz &amp; Erick More Morillo和拉丁浩室派对2与制作人Rafael Torres、Ray Abraxas和Davidson Ospina合作的拉丁house歌曲。</p>\n<p class=\"paragraph text-align-type-left pap-line-1.8 pap-line-rule-auto pap-spacing-before-0pt pap-spacing-after-0pt\">&nbsp;</p>\n<p class=\"paragraph text-align-type-left pap-line-1.8 pap-line-rule-auto pap-spacing-before-0pt pap-spacing-after-0pt\">如今，许多其他拉丁裔浩室艺术家应运而生，创作了许多这类成功的歌曲，并进行了混音。</p>\n</div>",
 "contentEn": "<p><strong>Latin house</strong>&nbsp;or&nbsp;<strong>Latin EDM</strong>&nbsp;is an electronic dance music genre that combines&nbsp;house&nbsp;and&nbsp;Latin American music, such as that of&nbsp;Puerto Rican,&nbsp;Cuban,&nbsp;Dominican, and African origin.</p>\n<p>&nbsp;</p>\n<h2><span id=\"History\" class=\"mw-headline\">History</span></h2>\n<h3><span id=\"Origins\" class=\"mw-headline\">Origins</span></h3>\n<p>In the second half of the 1980s, some of the pioneers of house music of Latin-American descent gave birth to this genre by releasing house records in Spanish. Early examples include Jesse Velez \"Girls Out On The Floor\" 1985, \"Amor Puertorrique&ntilde;o\" by Raz on&nbsp;DJ International&nbsp;and \"Break 4 Love\" by&nbsp;Raze.</p>\n<h3>&nbsp;</h3>\n<h3><span id=\"1990s_to_present\" class=\"mw-headline\">1990s to present</span></h3>\n<p>In the 1990s a new generation of producers and labels broke into the market.&nbsp;Nervous Records&nbsp;released \"Quiero Saber\" by the Latin Kings, produced by&nbsp;Todd Terry, as well as \"Everything's All Right\" by Arts of Rhythm and \"Philly The Blunt\" by Trinidad.&nbsp;Strictly Rhythm&nbsp;employed producer&nbsp;Armand van Helden, who released \"Pirates of The Caribbean Vol. III\". Songs from the same label include DJ Dero's \"Sube\", The Tribe's \"Go-san-do\", R.A.W.'s \"Asuca\" produced by Erick Morillo, Rare Arts' \"Boricua&nbsp;Posse\", Escandalo's \"Mas Buena\" and Fiasco's \"Las Mujeres\" produced by Norty Cotto, Latin Kaos' \"El Bandolero\" and \"Muevete Mama\" and \"Sugar Cane\" by Afro-Cube.</p>\n<p>&nbsp;</p>\n<p>During the same period (1991 -1992), Chicago native Pizarro produced \"The Five Tones\", \"New Perspective EP\", \"Plastica\", \"Caliente\" and \"Perdoname\". Other producers like Ralphi Rosario and Masters at Work created Latin house classics, for instance Ralphie's production \"Da-Me-Lo\" and his remix of Albita's \"No se parece a nada\" as well as \"Sul Chu Cha\" by Rosabel, while Louie Vega and Kenny Gonzales remix \"Sume Sigh Say\" by House of Gypsies (Todd Terry), and a remarkable Latin house hit \"Robi Rob's Boriqua Anthem\" by&nbsp;C+C Music Factory.</p>\n<p>&nbsp;</p>\n<p>In the meantime hybrid experiments are put on the market by the likes of New York's&nbsp;Proyecto Uno, who combined house and&nbsp;merengue&nbsp;in their LPs \" Todo el mundo\" and \"In Da House\". Their female counterpart is&nbsp;Lisa M&nbsp;from Puerto Rico, who can be heard on the \"No lo derrumbes\" and \"Flavor of the Latin\" albums. Another merengue-house record worth of mention is \"As&iacute; mamacita\" by Henry Rivera on Los Angeles Aqua Boogie. Duo Sandy &amp; Papo are known for their LPs \"Sandy &amp; Papo\" and \"Otra Vez\".</p>\n<p>&nbsp;</p>\n<p>During the mid-1990s Cutting broke into the Latin house scene and became the most representative label of this genre. Cutting's DJ Norty Cotto was deemed the most representative producer of Latin house. Among the various hits are 2 In A Room's \"Las Mujeres\", \"Carnival\" and \"Dar la vuelta\", Fun City's \"Padentro\" and \"Baila\", Sancocho's \"Tumba la Casa\", \"Alcen las manos\" and \"Que siga el party\" (LP) and Los Compadres' \"La Rumba\". Norty Cotto's mixed compilations also became classics.&nbsp;Fulanito&nbsp;and their LP \"El hombre mas famoso de la tierra\" is a good combination of house and Latin-American rhythms from that time. El General's \"Muevelo\" was another of the tunes of that time remixed to the sounds of Latin house by DJ, Producer Pablo Pabanor Ortiz &amp; Erick More Morillo and Latin House party 2&nbsp;<sup id=\"cite_ref-1\" class=\"reference\">[1]</sup>&nbsp;in collaboration with Producer Rafael Torres, Ray Abraxas and Davidson Ospina.</p>\n<p>&nbsp;</p>\n<p>Today many other Latino house artists have emerged to create many successful songs of this genre,<sup id=\"cite_ref-Stavans_2014_p._338_2-0\" class=\"reference\">[2]</sup>&nbsp;and also remixes.</p>\n<h2>&nbsp;</h2>\n<h2><span id=\"References\" class=\"mw-headline\">References</span></h2>\n<div class=\"reflist\">\n<div class=\"mw-references-wrap\">\n<ol class=\"references\">\n<li id=\"cite_note-1\"><span class=\"mw-cite-backlink\"><strong>^</strong></span>&nbsp;<span class=\"reference-text\"><cite class=\"citation web cs1\">\"<span class=\"cs1-kern-left\">\"</span>Latin House Party 2\". November 25, 1997.</cite></span></li>\n<li id=\"cite_note-Stavans_2014_p._338-2\"><span class=\"mw-cite-backlink\"><strong>^</strong></span>&nbsp;<span class=\"reference-text\"><cite id=\"CITEREFStavans2014\" class=\"citation book cs1\">Stavans, I. (2014).&nbsp;<em>Latin Music: Musicians, Genres, and Themes [2 volumes]</em>. Latin Music: Musicians, Genres, and Themes. ABC-CLIO. p.&nbsp;338.&nbsp;ISBN&nbsp;<bdi>978-0-313-34396-4</bdi><span class=\"reference-accessdate\">. Retrieved&nbsp;<span class=\"nowrap\">January 20,</span>&nbsp;2018</span>.</cite></span></li>\n</ol>\n</div>\n</div>",
 "remarks": "本词条汉字内容由 @多频百科团队 翻译+编辑\n原文译自 https://en.wikipedia.org/wiki/Latin_house",
 "remarksEn": "本词条内容来自 https://en.wikipedia.org/wiki/Latin_house",
 "status": 1,
 "clickNum": 17,
 "deleted": 0,
 "lang": 0,
 "chooseLang": true,
 "id": 74,
 "name": "Latin House",
 "descriptions": "Latin house是一种电子舞曲流派，结合了House和拉丁美洲音乐，如波多黎各、古巴、多米尼加和非洲的音乐。",
 "originalName": "拉丁浩室, Samba House, Latin EDM",
 "startTimeText": "Late 1980s",
 "startAddress": "New York City and Chicago",
 "searchStyle": "House",
 "styleCategory": "House",
 "originalStyle": "House, EDM, Latin music, reggae, dancehall, hip hop, reggaeton",
 "affectStyle": "",
 "deriveStyle": "Merenhouse, Cumbia House",
 "representArtist": "",
 "officialUrl": "https://en.wikipedia.org/wiki/Latin_house",
 "typeId": 13,
 "typeName": "风格",
 "dataId": 74,
 "url": "http://dropinapp.hearinmusic.com/#/ency?typeId=13&dataId=74"
}