{
 "pageNum": 1,
 "pageSize": 10,
 "params": {},
 "content": "<div>\n<div class=\"document\">\n<div>\n<div class=\"document\">\n<p class=\"paragraph text-align-type-left pap-line-1.8 pap-line-rule-auto pap-spacing-before-2pt pap-spacing-after-2pt\">Lento Violento，有时简称为Lento，是一种在意大利发展起来的电子舞曲风格。这个词组直译是指&ldquo;慢&rdquo;（Lento）和&ldquo;暴力&rdquo;（Violento），因为这种风格的节奏通常在85和115 BPM之间。Lento Violento的作品有质感交映的Kick，类似于hardcore或hardstyle中的Kick，但它以非常慢的速度演奏，并配有人声采样、暗黑和acid声音以及Loop循环。</p>\n<p class=\"paragraph text-align-type-left pap-line-1.8 pap-line-rule-auto pap-spacing-before-2pt pap-spacing-after-2pt\">&nbsp;</p>\n<p class=\"paragraph text-align-type-left pap-line-1.8 pap-line-rule-auto pap-spacing-before-2pt pap-spacing-after-2pt\"><strong>起源</strong></p>\n<p class=\"paragraph text-align-type-left pap-line-1.8 pap-line-rule-auto pap-spacing-before-2pt pap-spacing-after-2pt\">带有 Lento Violento 声音的第一首曲目是 Ottomix 的 Anima Ladina (1991)、Gigi d'Agostino 的 Panic Mouse (stress mix) (1996) 、Ottomix 的 Ibiza (1998) 以及由 Ottomix 联合制作的 Alex Castelli 的《Enjoy》。虽然在那个时候，他们还没有被称为 Lento Violento 。这些曲目受到了更多以Techno和Trance为导向的曲目的影响，如 Mauro Picotto 的 \"Lizard\"、Joman (Joy Kitikonti) 的 Iguana、Pulsar、Tuttincoro 或 Raggattak，这些作品全部来自意大利厂牌 BXR Records。</p>\n<p class=\"paragraph text-align-type-left pap-line-1.8 pap-line-rule-auto pap-spacing-before-2pt pap-spacing-after-2pt\">&nbsp;</p>\n<p class=\"paragraph text-align-type-left pap-line-1.8 pap-line-rule-auto pap-spacing-before-2pt pap-spacing-after-2pt\">虽然一些 Lento Violento 单曲在俱乐部很受欢迎，但直到 DJ/制作人 Gigi D'Agostino 于 2003 年开始制作一系列作品，如 Ripassa，这个风格自身才得以确立。事实上， Gigi 为这种风格创造了这个名字，他在自己的子厂牌 Noise Maker 上发行了他的大部分 Lento Violento 歌曲，使用别名 Dottor Dag、Lento Violento Man、Uomo Suono、Orchestra Maldestra 或 La Tana Del Suono 来区分这些歌曲和他的 Italo Dance 作品。</p>\n<p class=\"paragraph text-align-type-left pap-line-1.8 pap-line-rule-auto pap-spacing-before-2pt pap-spacing-after-2pt\">&nbsp;</p>\n<p class=\"paragraph text-align-type-left pap-line-1.8 pap-line-rule-auto pap-spacing-before-2pt pap-spacing-after-2pt\">在这种风格成功后，其他艺术家开始创作类似的曲目。还发行了几张 Lento Violento 音乐的合辑 CD，例如&ldquo;Movimentolento&rdquo;系列。</p>\n<p class=\"paragraph text-align-type-left pap-line-1.8 pap-line-rule-auto pap-spacing-before-2pt pap-spacing-after-2pt\">&nbsp;</p>\n<p class=\"paragraph text-align-type-left pap-line-1.8 pap-line-rule-auto pap-spacing-before-2pt pap-spacing-after-2pt\">事实上，Lento Violento 是 Gigi D'Agostino 为他的系列作品合辑所注册的限制商标。任何其他艺术家都不能使用此名称。 Gigi 总是说 Lento Violento 不是音乐风格，这就是为什么大多数制作人使用&ldquo;slowstyle&rdquo;或&ldquo;hard slowstyle&rdquo;这个名字的原因。</p>\n<p class=\"paragraph text-align-type-left pap-line-1.8 pap-line-rule-auto pap-spacing-before-2pt pap-spacing-after-2pt\">&nbsp;</p>\n<p class=\"paragraph text-align-type-left pap-line-1.8 pap-line-rule-auto pap-spacing-before-2pt pap-spacing-after-2pt\"><strong>融入Hardstyle</strong></p>\n<p class=\"paragraph text-align-type-left pap-line-1.8 pap-line-rule-auto pap-spacing-before-2pt pap-spacing-after-2pt\">意大利制作人 Technoboy 在 2009 年发行的单曲&ldquo;The Undersound&rdquo;中，将 lento 与现代 Hardstyle 元素融合在一起； 虽然该曲目声称将新类型命名为&ldquo;undersound&rdquo;，术语&ldquo;lento&rdquo;仍偶尔用于命名 Hardstyle 曲目。Technoboy 本人一直在他的曲目中继续使用这样的主题，例如&ldquo;Catfight&rdquo;。Brennan Heart 和 Headhunterz 的曲目&ldquo;MF Point of Lento&rdquo;则明确称 Technoboy 是该流派中最杰出的艺术家。</p>\n</div>\n</div>\n</div>\n</div>",
 "contentEn": "<div>\n<div class=\"document\">\n<p class=\"paragraph text-align-type-left pap-line-1.8 pap-line-rule-auto pap-spacing-before-2pt pap-spacing-after-2pt\">Lento Violento, sometimes shortened to simply Lento, is a style of electronic dance music that developed in Italy. Its name means slow (and) violent, as this style typically has a tempo between 85 and 115 BPM. It consists of a hard kick, like the ones present in hardcore or hardstyle, but played at a very slow tempo, with vocal samples and dark and acid sounds or loops.</p>\n</div>\n</div>\n<p>&nbsp;</p>\n<p><strong>Origins </strong></p>\n<p>The first tracks with the lento violento sound were Anima Ladina by Ottomix (1991), Panic Mouse (stress mix) by Gigi d'Agostino (1996), Ibiza by Ottomix (1998) and Alex Castelli's Enjoy, that was co-produced by Ottomix. Although at that time, they were not called \"lento violento\" yet. These tracks were influenced by the more techno and trance-oriented tracks like Mauro Picotto's Lizard, Iguana, Pulsar, Tuttincoro or Raggattak by Joman (Joy Kitikonti), all from the Italian BXR label.</p>\n<p>&nbsp;</p>\n<p>While some individual tracks were popular in the clubs, the style itself was not established until DJ/producer Gigi D'Agostino started with a series of productions in 2003, like Ripassa. Indeed, he coined the name for this style, and he releases most of his lento violento songs on his own label Noise Maker, using aliases like Dottor Dag, lento violento Man, Uomo Suono, Orchestra Maldestra, or La Tana Del Suono, to distinguish these songs from his Italo dance work.</p>\n<p>&nbsp;</p>\n<p>Other artists started to create similar tracks after the success of this style. Also several compilation CDs are released with lento violento music, like the \"Movimentolento\" series.</p>\n<p>&nbsp;</p>\n<p>In fact, lento violento is trademark restricted by Gigi D'Agostino to series of his compilation. Any other artist can't use this name. Gigi always says that lento violento is not music style, that's why most producers use names 'slowstyle' or 'hard slowstyle'.</p>\n<p>&nbsp;</p>\n<p><strong>Reemergence in hardstyle</strong> <br />Italian producer Technoboy, in his track \"The Undersound\" released in 2009, fused lento with modern hardstyle elements; while the track claims to christen the new genre \"undersound\",[1] the term \"lento\" is still used occasionally to denominate hardstyle tracks.[2] Technoboy himself has continued to use such motifs in his tracks like \"Catfight\", and the track \"MF Point of Lento\" by Brennan Heart and Headhunterz explicitly calls Technoboy the most prominent artist of the genre.[3]</p>\n<p>&nbsp;</p>\n<div>\n<div class=\"document\">\n<p class=\"paragraph text-align-type-left pap-line-1.8 pap-line-rule-auto pap-spacing-before-2pt pap-spacing-after-2pt\"><strong>References&nbsp;&nbsp;&nbsp;</strong>&nbsp;&nbsp;&nbsp;&nbsp;&nbsp;</p>\n<p class=\"paragraph text-align-type-left pap-line-1.8 pap-line-rule-auto pap-spacing-before-2pt pap-spacing-after-2pt\">1.^&nbsp;\"Technoboy:&nbsp;Hardstyle's&nbsp;#1&nbsp;fashion&nbsp;don&nbsp;on\".&nbsp;Inthemix.com.au.&nbsp;9&nbsp;December&nbsp;2009.&nbsp;Retrieved&nbsp;6&nbsp;June&nbsp;2012.</p>\n<p class=\"paragraph text-align-type-left pap-line-1.8 pap-line-rule-auto pap-spacing-before-2pt pap-spacing-after-2pt\">2.^&nbsp;\"Technoboy&nbsp;-&nbsp;Essential&nbsp;-&nbsp;Volume&nbsp;2&nbsp;(CD)&nbsp;at&nbsp;Discogs\".&nbsp;Discogs.com.&nbsp;1&nbsp;March&nbsp;2011.&nbsp;Retrieved&nbsp;6&nbsp;June&nbsp;2012.</p>\n<p class=\"paragraph text-align-type-left pap-line-1.8 pap-line-rule-auto pap-spacing-before-2pt pap-spacing-after-2pt\">3.^&nbsp;\"Headhunterz&nbsp;&amp;&nbsp;Brennan&nbsp;Heart&nbsp;-&nbsp;MF&nbsp;Point&nbsp;Of&nbsp;Lento&nbsp;lyrics&nbsp;[Hardstyle]\".&nbsp;Lololyrics.com.&nbsp;4&nbsp;February&nbsp;2011.&nbsp;Retrieved&nbsp;6&nbsp;June&nbsp;2012.</p>\n</div>\n</div>",
 "remarks": "本词条汉字内容由 @多频百科团队 翻译+编辑\n原文译自 https://en.wikipedia.org/wiki/Lento_Violento",
 "remarksEn": "本词条内容来自 https://en.wikipedia.org/wiki/Lento_Violento",
 "status": 1,
 "clickNum": 4,
 "deleted": 0,
 "lang": 0,
 "chooseLang": true,
 "id": 212,
 "name": "Lento Violento",
 "descriptions": "Lento Violento，有时简称为Lento，是一种在意大利发展起来的电子舞曲风格。这个词组直译是指“慢”（Lento）和“暴力”（Violento），因为这种风格的节奏通常在85和115 BPM之间。Lento Violento的作品有质感交映的Kick，类似于hardcore或hardstyle中的Kick，但它以非常慢的速度演奏，并配有人声采样、暗黑和acid声音以及Loop循环。",
 "originalName": "Lento, Slowstyle, Hard Slowstyle",
 "startTimeText": "Late 1990s",
 "startAddress": "Italy",
 "searchStyle": "Hardcore",
 "styleCategory": "Hardcore",
 "originalStyle": "Italo dance, techno, acid, hardcore, hardstyle, tribal house",
 "affectStyle": "",
 "deriveStyle": "",
 "representArtist": "Mauro Picotto, Gigi D'Agostino, Technoboy",
 "officialUrl": "https://en.wikipedia.org/wiki/Lento_Violento",
 "typeId": 13,
 "typeName": "风格",
 "dataId": 212,
 "url": "http://dropinapp.hearinmusic.com/#/ency?typeId=13&dataId=212"
}