{
 "pageNum": 1,
 "pageSize": 10,
 "params": {},
 "relationChannel": "[{\"id\":1312,\"parentId\":8,\"name\":\"Lo-fi Hip Hop\"}]",
 "content": "<div class=\"document\">\n<p>Lo-fi（low-fidelity的简称）是一种音乐或制作质量，其中的元素通常被认为是录音或表演中的不完美，有时是一种故意的审美选择。音质（保真度）和音乐制作的标准已经发展了几十年，这意味着一些较早的lo-fi的例子可能并不是最初被认可的。Lo-fi在20世纪90年代开始被认为是一种流行音乐的风格，当时它被交替地称为DIY music。</p>\n<p>&nbsp;</p>\n<p>谐波失真和 \"模拟温暖 \"有时被误认为是lo-fi音乐的核心特征。它的美学定义实际上是包含了在专业背景下通常被认为是不可取的元素，如错误的音符，环境干扰，或唱机缺陷（退化的音频信号，磁带嘶嘶声，等等）。开创性的、有影响力的或其他重要的艺术家包括the Beach Boys （Smiley Smile）、R.Stevie Moore（通常被称为 \"家庭录音教父\"）、McCartney、Todd Rundgren、Jandek、Daniel Johnston、Guided by Voices、Sebadoh、Bec）、Pavement和Ariel Pink。</p>\n<p>&nbsp;</p>\n<p>虽然 \"lo-fi \"在文化词汇中的出现时间大约与 \"high fidelity \"一样长，但WFMU DJ William Berger通常被认为是在1986年普及了这个词。自20世纪80年代以来，\"lo-fi \"在不同的时间点上与卡带文化、punk DIY精神、原始主义、outsider music、真实性、slacker/Generation X 的刻板印象和文化怀旧联系在一起。在现代数字音频工作站兴起后，\"bedroom \"音乐家的概念得到了扩展，在2000年代后期，lo-fi美学成为chillwave 和hypnagogic pop music 流派的基础。</p>\n<p class=\"paragraph text-align-type-left pap-line-1.8 pap-line-rule-auto pap-spacing-before-0pt pap-spacing-after-0pt\">&nbsp;</p>\n<p class=\"paragraph text-align-type-left pap-line-1.8 pap-line-rule-auto pap-spacing-before-0pt pap-spacing-after-0pt\"><strong>定义和词源</strong></p>\n<p class=\"paragraph text-align-type-left pap-line-1.8 pap-line-rule-auto pap-spacing-before-0pt pap-spacing-after-0pt\">Lo-fi是hi-fi的对立面。从历史上看，\"lo-fi \"的规定是相对于技术进步和普通音乐听众的期望而言的，这使得围绕这个词的修辞和话语发生了多次转变。通常在20世纪90年代之前拼写为 \"low-fi\"，但至少在20世纪50年代，也就是 \"high fidelity \"被接受后不久，这个词就已经存在了，其定义在20世纪70年代到2000年代之间不断演变。在1976年版的《牛津英语词典》中，在 \"声音制作质量不如'hi-fi\"的定义下增加了lo-fi。音乐教育家R.Murray Schafer在其1977年出版的The Tuning of the World一书的词汇表中，将该词定义为 \"有害的信噪比\"。在20世纪80年代之前，评论家中几乎没有人欣赏lo-fi 音乐的不完美之处，在此期间，出现了一种对家庭录音和 \"do-it-yourself\"（DIY）品质的浪漫主义。此后，\"DIY \"常常与 \"lo-fi \"交替使用。到了80年代末，\"家庭录音\"、\"技术原始\"、\"廉价设备 \"等特质普遍与 \"lo-fi \"的标签联系在一起，而在整个90年代，这样的观念成为大众理解 \"lo-fi \"的核心。因此，在2003年，《牛津词典》为这个词添加了第二个定义--\"一种以最小化制作为特征的摇滚音乐类型，给人以原始和不复杂的声音\"。2008年又增加了第三个定义。\"未经修饰的、业余的或技术上不成熟的，特别是作为一种刻意的审美选择\"。\"lo-fi \"的使用是由哪一方或哪几方推广的仍无法确定。 一般认为，这个词是通过William Berger在新泽西州独立广播电台WFMU的每周半小时广播节目 \"Low-Fi \"推广的，该节目从1986年持续到1987年。该节目的内容完全是通过邮件征集来的稿件，在每周五晚间30分钟的黄金时间段播出。在1986年秋季的WFMU杂志LCD上，这个节目被描述为 \"用廉价设备制作的家庭录音。技术上的原始加上才华\"。\"bedroom音乐家 \"的概念在笔记本电脑兴起后，在许多形式的流行音乐或前卫音乐中得到了扩展，多年来，越来越多的人倾向于将所有家庭录制的音乐归入 \"lo-fi \"的范畴。\"Bedroom pop \"宽泛地描述了一种音乐流派或美学，其中乐队在家中录音，而不是在传统的录音环境。它也有DIY的内涵。到了2010年代，记者们会不分青红皂白地将 \"Bedroom pop \"应用于任何听起来 \"模糊 \"的音乐。2017年，About.com的Anthony Carew认为，\"lo-fi \"一词通常被误用为 \"温暖 \"或 \"有冲击力 \"的同义词，而它应该留给那些 \"听起来像录到一台破电话答录机上 \"的音乐。</p>\n<div>\n<div class=\"document\">\n<p class=\"paragraph text-align-type-left pap-line-1.8 pap-line-rule-auto pap-spacing-before-0pt pap-spacing-after-0pt\">&nbsp;</p>\n<p class=\"paragraph text-align-type-left pap-line-1.8 pap-line-rule-auto pap-spacing-before-0pt pap-spacing-after-0pt\"><strong>特征</strong></p>\n<p class=\"paragraph text-align-type-left pap-line-1.8 pap-line-rule-auto pap-spacing-before-0pt pap-spacing-after-0pt\">Lo-fi美学是与录音过程相关的特质。更具体地说，那些在音频工程领域通常被视为不受欢迎的效果，如音频信号的退化或磁带速度的波动。审美也可以延伸到不标准或不满意的音乐表演。被认为是不专业或 \"业余 \"的录音通常是在表演方面（失调或失时的音符）或混音方面（可听出的嘶嘶声、失真或房间音质）。音乐学家Adam Harper 将两者的区别确定为 \"唱机缺陷 \"和 \"非唱机缺陷\"。他将前者定义为 \"录音中被认为（或想象中被认为）对其不利的元素，这些元素源于录音介质本身的具体操作。今天，当人们提起'lo-fi'的话题时，它们通常是人们首先想到的特征\"。在Harper看来，录音缺陷可能 \"松散地归为两类，即失真和噪音\"，尽管他承认 \"失真 \"和 \"噪音 \"的定义各不相同，有时还会重叠。\"lo-fi美学中最突出的失真形式是谐波失真，当音频信号被放大到超出设备的动态范围时，就会出现这种情况。然而，这种效果通常不被认为是一种缺陷。摇滚乐中的电吉他声音，以及数字录音出现以来，也是采用同样的过程，让录音有一种 \"模拟温暖 \"的感觉。录音过程中产生的副产品失真（\"唱机失真\"）在专业场合通常是可以避免的。\"磁带饱和 \"和 \"饱和失真 \"交替描述了当磁带头接近其剩余磁化极限时产生的谐波失真（磁带录音机维护的一个常见方面，可以用消磁工具解决）。影响包括高频信号的减少和噪音的增加。一般来说，lo-fi 录音可能很少或没有10千赫兹以上的频率信息。\"非语音 \"缺陷可能涉及由表演（\"咳嗽、吸气、翻页和椅子的声音\"）或环境（\"过往车辆、家庭噪音、邻居和动物的声音\"）产生的噪音。Harper 承认，\"当然，对失真和噪音的欣赏并不限于lo-fi美学，lo-fi美学......并不用扩展到所有对失真和噪音的欣赏。区别在于如何理解失真和噪音是lo-fi的不完美\"。他还区分了 \"录音的不完美 \"和 \"声音的不完美是由于不完美的声音再生产或-调制设备而发生的......&ldquo;。至少从假设上看，lo-fi效果是在录音和制作本身的过程中产生的，并在母带录音中可感知地保留下来，然后再相同地复制发行\"。 Bruce Bartlett在2013年的指南《实用录音技术》中指出：\"lo-fi声音可能具有狭窄的频率响应（一种薄而廉价的声音），并可能包括噪音，如嘶嘶声或唱片刮碟声。它们的音调可能失真或摇摆不定\"。他提供了以下复制lo-fi声音的方法：混合电平，使其不平衡；在麦克风和声源之间放置障碍物；将麦克风放置在不寻常的地方，如在垃圾桶中；用较旧的、质量较低的乐器或设备进行录音；突出溢出和声音反射。</p>\n<div>\n<div class=\"document\">\n<p class=\"paragraph text-align-type-left pap-line-1.8 pap-line-rule-auto pap-spacing-before-0pt pap-spacing-after-0pt\">&nbsp;</p>\n<p class=\"paragraph text-align-type-left pap-line-1.8 pap-line-rule-auto pap-spacing-before-0pt pap-spacing-after-0pt\"><strong>历史</strong></p>\n<p class=\"paragraph text-align-type-left pap-line-1.8 pap-line-rule-auto pap-spacing-before-0pt pap-spacing-after-0pt\"><span style=\"text-decoration: underline;\">20世纪50-70年代：起源和有影响力的作品 </span></p>\n<p class=\"paragraph text-align-type-left pap-line-1.8 pap-line-rule-auto pap-spacing-before-0pt pap-spacing-after-0pt\">DIY music早于书面历史，但 \"lo-fi \"在1990年代后被理解为可以追溯到1950年代的摇滚乐。AllMusic写道，该流派的录音是 \"廉价而快速的，通常是用不合格的设备制作的\"。从这个意义上说，最早的摇滚乐唱片、60年代的大部分garage rock和70年代末的大部分punk rock 都可以打上Lo-Fi的标签。\" The Beach Boys的专辑《Smiley Smile》（1967年）、《Wild Honey》（1967年）和《Friends》（1968年）是Lo-Fi专辑的三部曲，主要是在Brian Wilson的临时家庭录音室里录制的；这些专辑后来被称为他的 \"Bedroom Tapes \"的组成部分。Pitchfork的作者Mark Richardson认为Smiley Smile \"基本上发明了那种lo-fi bedroom pop，后来推动了Sebadoh、Animal Collective和其他艺术家的发展\"。《滚石》杂志的编辑们认为Wild Honey是 \"DIY流行音乐理念 \"的鼻祖。Record Collector的Jamie Atkins写道，许多lo-fi行为也 \"大量归功于 \"乐队1970年的歌曲 \"All I Wanna Do \"的混响饱和声音。在1970年代早期，有一些主要的录音艺术家发布了用便携式多轨设备录制的音乐；例子包括Paul McCartney（McCartney，1970）和Todd Rundgren（Something/Anything？1972)。在the Beatles解散后不久，自家录制的McCartney是1970年最畅销的专辑之一，但却受到了批评。2005年，在一位采访者提出这是\" 当年第一张大的lo-fi 唱片之一 \"之后，McCartney评论说，年轻的歌迷们 \"带着某种尊重回看这样的东西 \"是 \"有趣的\"，而且这张专辑的 \"那种......嬉皮士式的简单......在这个时间点上，某种程度上产生了共鸣\"。Something/Anything?几乎完全由Rundgren一个人录制。专辑中收录了许多他最著名的歌曲，还有一首口述歌曲（\"Intro\"），在这首歌曲中，他向听众传授了一个他称之为 \"Sounds of the Studio \"的寻蛋类游戏的录音缺陷。他用这张专辑的成功所获得的资金在纽约建立了一个个人录音室，并在那里录制了1973年不太成功的续集《A Wizard, a True Star》。音乐学家Daniel Harrison将上述Beach Boys的专辑与Wizard相提并论，\"Wizard在突兀的过渡、各种流行风格的混合以及不同寻常的制作效果等方面模仿了Brian的创作风格。但必须记住，Beach Boys的商业失败很难成为模仿的动机。\" 2018年，Pitchfork的Sam Sodsky指出，\"Wizard\"的 \"元素 \"至今仍 \"在bedroom 自创音乐人身上清晰可见\"。</p>\n<div>\n<div class=\"document\">\n<p class=\"paragraph text-align-type-left pap-line-1.8 pap-line-rule-auto pap-spacing-before-0pt pap-spacing-after-0pt\">&nbsp;</p>\n<p class=\"paragraph text-align-type-left pap-line-1.8 pap-line-rule-auto pap-spacing-before-0pt pap-spacing-after-0pt\"><span style=\"text-decoration: underline;\">20世纪70-80年代：Indie, cassette culture, 和 outsider music </span></p>\n<p class=\"paragraph text-align-type-left pap-line-1.8 pap-line-rule-auto pap-spacing-before-0pt pap-spacing-after-0pt\">随着1970年代末punk rock 和new wave的出现，流行音乐的一些领域开始崇尚DIY精神，这预示着独立厂牌、发行网络、粉丝杂志和录音室的浪潮，许多吉他乐队在当时的新前提下成立，他们可以录制和发行自己的音乐，而不必从大厂牌那里购买唱片合同。Lo-fi音乐人和乐迷以白人、男性和中产阶级为主，虽然对Lo-fi感兴趣的评论性话语大多基于纽约或伦敦，但音乐人本身也大多来自美国的小城市地区。自1968年起，R.Stevie Moore就开始在田纳西州父母的地下室用卷轴磁带录制全长专辑，但直到1976年的《Phonography》，他的任何一张唱片都没有在唱片公司发行。这张专辑在纽约的punk rock 和new wave圈子里取得了一些名声。The Wire的Matthew Ingram写道：\"Moore可能不是第一个完全独奏的摇滚音乐人，他录制了从鼓到吉他的每个部分......。然而，他是第一个明确将家庭录音过程本身美学化的人。......使他成为lo-fi的鼻祖。\" 当被问及是否支持 \"DIY/lo-fi先锋标签 \"时，Moore回答道，\"我同意我是或应该被承认为先锋，但这主要是偶然的，事实上，我在很早以前就开始做了，在它还没有成为一种流行的操作方式之前。... 我绝对没有'计划'要急于成为被称为现代DIY第一先锋的人。\"当2006年《纽约时报》的一篇文章提到Moore 是 \"bedroom pop \"的鼻祖时，他回应说，鉴于他 \"为了谋生和获得一些名声而苦苦挣扎，我对此嗤之以鼻\"，这个概念是 \"滑稽的\"。1979年，Tascam公司推出了Portastudio，这是第一款便携式多轨录音机，采用 \"多合一 \"的方式进行overdubbing、混音和弹唱。这项技术让广大地下音乐人通过传播他们的磁带建立了粉丝群。音乐评论家里Richie Unterberger 将Moore 称为 \"最著名的\"\"少数几个在卡带中建立了声誉的艺术家之一，哪怕是崇拜\"。从1979年到20世纪80年代初，Moore是WFMU的工作人员，每周主持一个 \"bedroom广播 \"节目。此后，Berger的\"Low-Fi\"节目接踵而至，有效地将Low-Fi确立为与punk精神相关的独特运动。根据乐评人Ned Raggett的说法，JW Farquhar在1973年自录的专辑《The Formal Female》也可以被视为 \"任何 \"独立lo-fi艺术家的先驱，包括R. Stevie Moore和地下德州音乐人Jandek。在整个80年代，美国地下独立摇滚领域（如大学广播电台最喜欢的R.E.M.等乐队），以及一些英国post-punk，是lo-fi音乐最主要的出口。根据AllMusic的说法，他们的磁带风格多样，经常 \"从简单的流行和摇滚歌曲到自由形式的歌曲结构，再到纯粹的噪音和矫揉造作的实验主义都有波动\"。\"在 DIY cassette-trading hip-hop和hardcore punk行为中也形成了类似的场景。最知名的乐队之一是来自K唱片的Beat Happening（1984-1992），这是一个有影响力的独立流行音乐厂牌。在他们活跃的岁月里，他们很少被称为 \"lo-fi \"乐队，只是在20世纪90年代中期这个词的定义发生变化后，他们才因为在运动中的先锋角色而被注意到。在其他地方，WFMU的DJ Irwin Chusid负责发明和推广 \"outsider music \"风格--其中大部分都与lo-fi重叠--他在80年代倡导的。 Adam Harper认为Daniel Johnston和Jandek \"在1980年代的原始主义和1990年代的lo-fi独立摇滚之间架起了一座桥梁。......两位音乐人都引入了这样的概念：lo-fi不仅仅是可以接受的，而是一些非凡而杰出的音乐人的特殊语境。\"</p>\n<div>\n<div class=\"document\">\n<div class=\"document\">\n<p class=\"paragraph text-align-type-left pap-line-1.8 pap-line-rule-auto pap-spacing-before-0pt pap-spacing-after-0pt\">&nbsp;</p>\n<p class=\"paragraph text-align-type-left pap-line-1.8 pap-line-rule-auto pap-spacing-before-0pt pap-spacing-after-0pt\"><span style=\"text-decoration: underline;\">1990s: 改变了 \"lo-fi \"和 \"indie \"的定义 与 \"alternative \"音乐的关系 </span></p>\n<p class=\"paragraph text-align-type-left pap-line-1.8 pap-line-rule-auto pap-spacing-before-0pt pap-spacing-after-0pt\">在20世纪90年代，媒体对 \"indie \"这个词的使用，从 \"远离音乐产业最大的唱片公司制作的音乐 \"演变为一种特殊风格的摇滚或流行音乐，在美国被视为\"'alternative '的替代品\"。在Nirvana的《Nevermind》（1991年）成功之后，alternative rock成为了一个文化话题，随后，在1992年到1994年之间，一种lo-fi运动的概念逐渐形成。以Guided by Voices、Sebadoh、Beck和Pavement等艺术家为中心，大多数关于alternative和lo-fi的文章都将其与Generation X 和\"slacker\" 的刻板印象联系在一起，这些刻板印象源于Douglas Coupland的小说Generation X和Richard Linklater的电影\"slacker\"（均于1991年上映）。Grunge和lo-fi之间的一些划分来自于音乐的 \"真实性\"。尽管Nirvana乐队的主唱Kurt Cobain以喜欢Johnston，K Records和Shaggs而著称，但indie rock 中仍有一派人将Grunge视为一种卖弄的流派，认为lo-fi的不完美才是音乐的真实性所在。1993年4月，\"lo-fi \"这个词在《纽约时报》上作为头条新闻出现后，获得了主流流行。1994年8月，同一份报纸以 \"Lo-Fi Rockers Opt for Raw Over Slick \"为题发表了一篇阅读量极大的文章。七年前该报曾刊登过一篇类似的报道，该报道将 \"lo-fi \"部署在非专业录音的语境中，而作者Matt Deihl则将 \"lo-fi \"与 \"DIY \"和 \"粗糙的音质 \"混为一谈。他写道：\"lo-fi\"或者是D. I. Y. 、\"do it yourself \"的缩写，这种传统的特点是厌恶最先进的录音技术。... ...在一个刻板的、数字录制的前40名的世界里，lo-fi阐明了艺术过程的原始缝隙。作品中的主要焦点是Beck 和Guided by Voices，他们最近成为独立摇滚亚文化中的流行行为。Beck 1994年的单曲《Loser》是在厨房里录制的，并进入了Billboard榜单前十名，最终成为与 \"lo-fi \"标签相关的最知名的艺术家。作为对 \"lo-fi \"标签的回应，Guided by Voices乐队主唱Robert Pollard否认与所谓的运动有任何关联。他说，虽然乐队被 \"誉为lo-fi运动的先锋\"，但他对这个词并不熟悉，并解释说：\"当时很多人都在使用机器......\"。使用四音轨变得很普遍，以至于他们不得不为它找一个类别。\"DIY，lo-fi，等等。当时，音乐评论家Simon Reynolds将这一运动的音乐解释为对grunge music的反应，\"而且是一种微弱的反应，因为lo-fi只是grunge与更grunge的制作价值\"。他说，反过来，lo-fi以 \"post-rock \"的形式激发了自己的反应。根据AllMusic的说法，针对grunge和lo-fi的反动是室内流行乐，它大量借鉴了Brian Wilson、Burt Bacharach和Lee Hazlewood的管弦乐配器。风格结晶 \"Lo-fi \"在整个90年代的应用并不一致。Tony Grajeda在《Hop on Pop》（2003年）一书中写道，到1995年，《滚石》杂志 \"成功地将它在上半年介绍的其他每一支乐队都贴上了某种程度上的lo-fi标签\"。Spin杂志的一位记者认为Sebadoh的Sebadoh III（1991年）\"发明 \"了lo-fi，并将这种风格描述为 \"朋克的软摇滚\"。此外，几乎所有的记者都提到媒体对lo-fi音乐的报道越来越多，却不承认自己是这一趋势的贡献者。一些书籍的出版帮助 \"规范 \"了lo-fi音乐，通常是将他们与老一辈音乐人进行有利的比较。例如，《滚石》的《Alt-Rock-a-Rama》（1995年）中有一章题为 \"The Lo-Fi Top 10\"，其中提到了Hasil Adkins、The Velvet Underground、Half Japanese、Billy Childish、Beat Happening、Royal Trux、Sebadoh、Liz Phair、Guided By Voices、Daniel Johnston、Beck和Pavement。Richie Unterberger的《未知的摇滚传奇》。Psychedelic Unknowns, Mad Geniuses, Punk Pioneers, Lo-Fi Mavericks &amp; More以及 \"围绕着他的志同道合的评论家和歌迷群体 \"在建立现代lo-fi美学概念方面发挥了特别重要的作用。Adam Harper说：\"简而言之，Unknown Legends将 \"一代 \"和 \"二代 \"的利益联系在一起，为00年代的hauntology and hypnagogic pop等运动提供了一个早期的草图和预兆--也许是一个 \"新奇的蓝图\"。\"lo-fi \"的标签也延伸到了诸如Mountain Goats、Nothing Painted Blue、Sparklehorse、Refrigerator、Chris Knox、Alastair Galbraith和Lou Barlow等乐队。\"其他经常与1990年代lo-fi结盟的重要艺术家，\"Harper写道，\"如Ween、the Grifters、Silver Jews、Liz Phair、Smog、Superchunk、Portastatic和Royal Trux等，由于他们的接受度相对较低，或者与lo-fi美学的关联性较小，所以基本上被忽略了。\" 从20世纪90年代末到2000年代，\"lo-fi \"被吸收到常规的独立音乐话语中，在那里，它大多失去了作为独立摇滚子类别的内涵，唤起了 \"懒惰的一代\"、\"松散 \"或 \"自我意识\"。Pitchfork和The Wire成为了音乐方面的主要出版物，而博客和小型网站则承担了之前由粉丝杂志占据的角色。</p>\n<div>\n<div class=\"document\">\n<p class=\"paragraph text-align-type-left pap-line-1.8 pap-line-rule-auto pap-spacing-before-0pt pap-spacing-after-0pt\">&nbsp;</p>\n<p class=\"paragraph text-align-type-left pap-line-1.8 pap-line-rule-auto pap-spacing-before-0pt pap-spacing-after-0pt\"><span style=\"text-decoration: underline;\">2000-20年代：Hypnagogic pop 和chillwave </span></p>\n<p class=\"paragraph text-align-type-left pap-line-1.8 pap-line-rule-auto pap-spacing-before-0pt pap-spacing-after-0pt\">现代数字音频工作站的兴起，打破了专业和非专业艺术家之间的理论技术分区。90年代许多著名的lo-fi表演者将他们的声音调整为更专业的标准，\"bedroom \"音乐人开始将目光投向古董设备，以此来实现真实的lo-fi美学，这也反映了90年代关于60年代空间时代流行音乐和模拟合成器复兴的类似趋势。R. Stevie Moore越来越多地被新兴的lo-fi音乐人视为主要影响因素。他最有发言权的拥护者Ariel Pink曾读过Unknown Legends，后来录制了该书附带的CD中的一首曲目的翻唱版（\"Bright Lit Blue Skies\"）。在他的唱片公司出道时，Pink被看作是一种新奇的表演，因为几乎没有其他当代独立音乐人拥有类似的复古lo-fi声音。之前的lo-fi艺术家普遍拒绝接受1980年代流行音乐的影响，而这正是Pink的大部分声音的来源。之后，一种被称为 \"hypnagogic pop \"的音乐在lo-fi和post-noise音乐人中出现，他们参与了文化怀旧、童年记忆和过时录音技术的元素。这个标签是由记者David Keenan在2009年8月为The Wire撰写的一篇文章中发明的，其中包括Pink。Pink经常被称为hypnagogic, chillwave或glo-fi的 \"教父\"，因为与他有关的新行为（在美学、个人、地理或专业上）吸引了评论家的注意。根据Pitchfork的Marc Hogan，这些标签中的每一个都描述了本质上的psychedelic音乐。Adam Harper在2013年反映，西蒙-雷诺兹（Simon Reynolds）等评论家越来越倾向于夸大Pink的影响力，因为他们没有承认R.史蒂维-摩尔（Stevie Moore）和维纳斯的马丁-纽厄尔（Martin Newell）等前辈。在2010年代末，一种被标记为 \"lo-fi hip hop \"或 \"chillhop \"的down-empo音乐形式在YouTube音乐流媒体中流行起来。其中有几个lo-fi YouTube频道吸引了数百万的粉丝。</p>\n</div>\n</div>\n</div>\n</div>\n</div>\n</div>\n</div>\n</div>\n</div>\n</div>\n</div>\n</div>",
 "remarks": "本词条汉字内容由 @多频百科团队 翻译+编辑\n原文译自 https://en.wikipedia.org/wiki/Lo-fi_music",
 "remarksEn": "本词条内容暂未完善仅供参考，多频百科小编正在火速赶来",
 "status": 0,
 "clickNum": 6,
 "deleted": 0,
 "lang": 0,
 "chooseLang": false,
 "id": 286,
 "name": "Lo-fi Hip Hop",
 "descriptions": "Lo-fi（low-fidelity的简称）是一种音乐或制作质量，其中的元素通常被认为是录音或表演中的不完美，有时是一种故意的审美选择。音质（保真度）和音乐制作的标准已经发展了几十年，这意味着一些较早的lo-fi的例子可能并不是最初被认可的。Lo-fi在20世纪90年代开始被认为是一种流行音乐的风格，当时它被交替地称为DIY music。\n\n谐波失真和 \"模拟温暖 \"有时被误认为是lo-fi音乐的核心特征。它的美学定义实际上是包含了在专业背景下通常被认为是不可取的元素，如错误的音符，环境干扰，或唱机缺陷（退化的音频信号，磁带嘶嘶声，等等）。开创性的、有影响力的或其他重要的艺术家包括the Beach Boys （Smiley Smile）、R.Stevie Moore（通常被称为 \"家庭录音教父\"）、McCartney、Todd Rundgren、Jandek、Daniel Johnston、Guided by Voices、Sebadoh、Bec）、Pavement和Ariel Pink。\n\n虽然 \"lo-fi \"在文化词汇中的出现时间大约与 \"high fidelity \"一样长，但WFMU DJ William Berger通常被认为是在1986年普及了这个词。自20世纪80年代以来，\"lo-fi \"在不同的时间点上与卡带文化、punk DIY精神、原始主义、outsider music、真实性、slacker/Generation X 的刻板印象和文化怀旧联系在一起。在现代数字音频工作站兴起后，\"bedroom \"音乐家的概念得到了扩展，在2000年代后期，lo-fi美学成为chillwave 和hypnagogic pop music 流派的基础。\n",
 "originalName": "",
 "startTimeText": "",
 "startAddress": "",
 "searchStyle": "Hip Hop Music",
 "styleCategory": "Instrumental Hip Hop",
 "originalStyle": "",
 "affectStyle": "",
 "deriveStyle": "",
 "representArtist": "Hypnagogic pop, Chillwave",
 "officialUrl": "https://en.wikipedia.org/wiki/Lo-fi_music",
 "typeId": 13,
 "typeName": "风格",
 "dataId": 286,
 "url": "http://dropinapp.hearinmusic.com/#/ency?typeId=13&dataId=286"
}