{
 "pageNum": 1,
 "pageSize": 10,
 "params": {},
 "relationChannel": "[{\"id\":1173,\"parentId\":8,\"name\":\"Lounge Music\"}]",
 "content": "<div class=\"document\">\n<p class=\"paragraph text-align-type-left pap-line-1.8 pap-line-rule-auto pap-spacing-before-0pt pap-spacing-after-0pt\">Lounge Music是20世纪50年代和60年代流行的一种非常容易入耳的音乐。它通常以宁静的场景为主题，如丛林、岛屿天堂或外太空，可能是为了唤起听众置身于某个地方的感觉。Lounge Music的范围包括了优美的乐器、现代电子乐（有chillout和downtempo的影响），同时在主题上仍然注重其复古空间时代的文化元素。最早的Lounge Music雏形出现在20世纪20-30年代，被称为轻音乐。在21世纪，Lounge Music一词也可以用来描述酒店（休息室、酒吧）、赌场、超市、一些餐厅和钢琴酒吧所播放的音乐类型。</p>\n<p class=\"paragraph text-align-type-left pap-line-1.8 pap-line-rule-auto pap-spacing-before-0pt pap-spacing-after-0pt\">&nbsp;</p>\n<p class=\"paragraph text-align-type-left pap-line-1.8 pap-line-rule-auto pap-spacing-before-0pt pap-spacing-after-0pt\"><strong>早期概念</strong></p>\n<p class=\"paragraph text-align-type-left pap-line-1.8 pap-line-rule-auto pap-spacing-before-0pt pap-spacing-after-0pt\">1950年代和1960年代流行的异国情调、太空时代的流行音乐和一些轻松形式的音乐，现在被广泛地称为Lounge。Lounge一词并没有出现在这一时期的文字记载中，如Billboard杂志或LP唱片封面，但却被追溯使用。</p>\n<p class=\"paragraph text-align-type-left pap-line-1.8 pap-line-rule-auto pap-spacing-before-0pt pap-spacing-after-0pt\">&nbsp;</p>\n<p class=\"paragraph text-align-type-left pap-line-1.8 pap-line-rule-auto pap-spacing-before-0pt pap-spacing-after-0pt\">摇滚乐一般受到蓝调和乡村音乐的影响，而Lounge music则来源于爵士乐和其他从世界各地传统中借来的音乐元素。Les Baxter、Martin Denny和Arthur Lyman等艺术家的异域音乐在其鼎盛时期售出了数百万张唱片。它结合了美国以外流行的音乐，如各种拉丁流派（如Bossa nova、Cha-Cha-Cha、Mambo，如Cal Tjader的优秀拉丁爵士乐作品）、波利尼西亚、法国等，形成一种轻松、易懂的声音。这样的音乐可能会有一些夸张的乐器（例如，一首波利尼西亚歌曲可能会有一个异国情调的打击乐编曲，使用邦戈斯，以及模仿野生动物的歌手）。许多这些音乐被描绘成源自异国他乡，但实际上是由资深的录音师在好莱坞录音室录制的。另一种流派，太空时代的流行音乐，模仿了当时太空时代的声音效果，反映了公众对太空探索的兴趣。随着立体声技术的出现，Esquivel等艺术家将空间音频技术运用得淋漓尽致，与他的乐队一起创造出呼呼的声音。</p>\n<p class=\"paragraph text-align-type-left pap-line-1.8 pap-line-rule-auto pap-spacing-before-0pt pap-spacing-after-0pt\">&nbsp;</p>\n<p class=\"paragraph text-align-type-left pap-line-1.8 pap-line-rule-auto pap-spacing-before-0pt pap-spacing-after-0pt\">AllMusic将Lounge描述为不如异域音乐或太空时代流行音乐那么 \"冒险\"，但也不像Muzak那样 \"淡化\"。\"相反，它占据了中间地带，吸引了传统流行乐以及太空时代流行乐的粉丝。\"</p>\n<p class=\"paragraph text-align-type-left pap-line-1.8 pap-line-rule-auto pap-spacing-before-0pt pap-spacing-after-0pt\">&nbsp;</p>\n<p class=\"paragraph text-align-type-left pap-line-1.8 pap-line-rule-auto pap-spacing-before-0pt pap-spacing-after-0pt\">大量的Lounge music都是纯器乐（即没有主要的声乐部分，可以有小声乐部分）。有时，这种音乐会是电影或电视节目的主题音乐，尽管这种音乐可以独立于其他娱乐作品制作。这些乐器可以用管弦乐编曲，或用与爵士乐非常相似的乐器编曲，甚至摇滚乐，如哈蒙德管风琴或电吉他来制作。</p>\n<p class=\"paragraph text-align-type-left pap-line-1.8 pap-line-rule-auto pap-spacing-before-0pt pap-spacing-after-0pt\">&nbsp;</p>\n<p class=\"paragraph text-align-type-left pap-line-1.8 pap-line-rule-auto pap-spacing-before-0pt pap-spacing-after-0pt\"><strong>Lounge歌手 </strong></p>\n<p class=\"paragraph text-align-type-left pap-line-1.8 pap-line-rule-auto pap-spacing-before-0pt pap-spacing-after-0pt\">那个时代的\"Swinging\" music（摇摆乐）也被认为是 \"Lounge\"，它包括了20世纪30年代和40年代摇摆爵士乐时代的 schmaltzy延续，但更多的是强调歌手。杜利-威尔逊（Dooley Wilson）、帕特-布恩（Pat Boone）、鲍比-达林（Bobby Darin）、杰基-格里森（Jackie Gleason）、韦恩-牛顿（Wayne Newton）、路易斯-普里马（Louis Prima）、萨姆-布特拉（Sam Butera）和鲍比-文顿（Bobby Vinton）等柔情似水的歌唱家都是Lounge music的显著例子。Burt Bacharach的音乐很快就成为许多Lounge歌手的曲目之一。这类艺术家主要在拉斯维加斯赌场的特色Lounges表演。Mary Kaye Trio是拉斯维加斯Lounge场景的先锋，他们在20世纪50年代初首次登场。</p>\n<p class=\"paragraph text-align-type-left pap-line-1.8 pap-line-rule-auto pap-spacing-before-0pt pap-spacing-after-0pt\">&nbsp;</p>\n<p class=\"paragraph text-align-type-left pap-line-1.8 pap-line-rule-auto pap-spacing-before-0pt pap-spacing-after-0pt\">Lounge歌手的历史悠久，可以追溯到二十世纪初的几十年。当时创造了一个有些嘲讽意味的术语 \"Lounge lizard \"，而不太知名的Lounge歌手经常被嘲笑为过去时代的恐龙，并因其自作聪明的标准演唱而被模仿。不管怎么说，这些Lounge歌手或许是在酒店或鸡尾酒吧里表演，通常会有一两个其他的乐手陪同，他们偏爱翻唱别人创作的歌曲，尤其是流行歌曲，很多都是源于Tin Pan Alley。</p>\n<p class=\"paragraph text-align-type-left pap-line-1.8 pap-line-rule-auto pap-spacing-before-0pt pap-spacing-after-0pt\">&nbsp;</p>\n<p class=\"paragraph text-align-type-left pap-line-1.8 pap-line-rule-auto pap-spacing-before-0pt pap-spacing-after-0pt\">许多知名表演者都是以Lounge歌手和音乐家的身份起家的。虽然Billy Joel 自称工作时间不长，但他曾当过Lounge乐手，并写下了关于他经历的歌曲 Piano Man。不过，并不是所有的Lounge歌手都会唱Lounge音乐。</p>\n<div>\n<div class=\"document\">\n<p class=\"paragraph text-align-type-left pap-line-1.8 pap-line-rule-auto pap-spacing-before-0pt pap-spacing-after-0pt\">&nbsp;</p>\n<p class=\"paragraph text-align-type-left pap-line-1.8 pap-line-rule-auto pap-spacing-before-0pt pap-spacing-after-0pt\"><strong>复兴 </strong></p>\n<p class=\"paragraph text-align-type-left pap-line-1.8 pap-line-rule-auto pap-spacing-before-0pt pap-spacing-after-0pt\">Lounge兴起于上世纪80年代末，是那些父母在60年代听过此类音乐的年轻歌迷的一个标签。它在20世纪80年代和90年代的流行中得到了复苏，最初由Buster Poindexter和Jaymz Bee等人物引领。在日本，制作人Yasuharu Konishi因其与Pizzicato Five的合作而广受欢迎，并经常被认为是 \"Shibuya-kei的教父\"，这种风格主要源于1960年代的Lounge音乐。</p>\n<p class=\"paragraph text-align-type-left pap-line-1.8 pap-line-rule-auto pap-spacing-before-0pt pap-spacing-after-0pt\">&nbsp;</p>\n<p class=\"paragraph text-align-type-left pap-line-1.8 pap-line-rule-auto pap-spacing-before-0pt pap-spacing-after-0pt\">90年代初，Lounge复兴如火如荼，包括Combustible Edison、Love Jones、The Cocktails、Pink Martini、the High Llamas、Don Tiki、Nightcaps等团体。另类乐队Stereolab通过1993年发行的EP《Space Age Bachelor Pad Music》和1997年发行的专辑《Dots and Loops》等作品证明了Lounge的影响力，1996年Capitol Records开始发行Ultra-Lounge系列的Lounge音乐专辑。Lounge风格与这一时期占主导地位的Grunge音乐形成了鲜明的对比。这些团体穿着西装，演奏的音乐灵感来自Ant&ocirc;nio Carlos Jobim、Juan Garc&iacute;a Esquivel、Louis Prima等人的早期作品。</p>\n<p class=\"paragraph text-align-type-left pap-line-1.8 pap-line-rule-auto pap-spacing-before-0pt pap-spacing-after-0pt\">&nbsp;</p>\n<p class=\"paragraph text-align-type-left pap-line-1.8 pap-line-rule-auto pap-spacing-before-0pt pap-spacing-after-0pt\">在2000年代，Richard Cheese和Lounge Against the Machine以传统Lounge歌手的风格，表演翻唱其他类型（主要是classic Rock, Pop, metal 和hip hop）的热门歌曲，为这种复兴添砖加瓦。2004年，巴黎乐队Nouvelle Vague发行了一张同名专辑，他们以Bossa Nova的风格翻唱了80年代后朋克和新浪潮风格的歌曲。其他艺术家将摇滚与流行音乐重新结合，将Lounge音乐推向了新的高度，如Jon Brion、The Bird and the Bee、Triangle Sun、Pink Martini、Buddha-Lounge系列以及Caf&eacute; Largo的周边常客。电影 The Rise and Fall of Black Velvet Flag (2003)是一部纪录片，讲述了三个老牌朋克摇滚乐手创建了一支Lounge朋克乐队的故事。</p>\n<p class=\"paragraph text-align-type-left pap-line-1.8 pap-line-rule-auto pap-spacing-before-0pt pap-spacing-after-0pt\">&nbsp;</p>\n<p class=\"paragraph text-align-type-left pap-line-1.8 pap-line-rule-auto pap-spacing-before-0pt pap-spacing-after-0pt\"><strong>Lounge与影视</strong></p>\n<p class=\"paragraph text-align-type-left pap-line-1.8 pap-line-rule-auto pap-spacing-before-0pt pap-spacing-after-0pt\"><span style=\"text-decoration: underline;\">电影</span></p>\n<p class=\"paragraph text-align-type-left pap-line-1.8 pap-line-rule-auto pap-spacing-before-0pt pap-spacing-after-0pt\">在1980年的电影The Blues Brothers中，乐队领队Jake Blues入狱后，乐队的大部分成员都沦为 \"Murph and the Magictones\"（在假日酒店做头牌）的表演。乐队在休息时与杰克和他的兄弟埃尔伍德说话，Murph切换到一个Muzak版本的 \"Just the Way You Are\"，由Billy Joel，一个前Lounge音乐人自己执行。后来，当 Jake 和Elwood 在电梯里时，Muzak里听到了Jobim的 \"The Girl from Ipanema\"。</p>\n<p class=\"paragraph text-align-type-left pap-line-1.8 pap-line-rule-auto pap-spacing-before-0pt pap-spacing-after-0pt\">&nbsp;</p>\n<p class=\"paragraph text-align-type-left pap-line-1.8 pap-line-rule-auto pap-spacing-before-0pt pap-spacing-after-0pt\">1989年的电影《The Fabulous Baker Boys》由Jeff Bridges、Beau Bridges和Michelle Pfeiffer主演，讲述了一个成功的Lounge表演。</p>\n<p class=\"paragraph text-align-type-left pap-line-1.8 pap-line-rule-auto pap-spacing-before-0pt pap-spacing-after-0pt\">&nbsp;</p>\n<p class=\"paragraph text-align-type-left pap-line-1.8 pap-line-rule-auto pap-spacing-before-0pt pap-spacing-after-0pt\">电影《Swingers》以1990年代中期洛杉矶的Lounge和摇摆舞复兴为背景，由Louis Jordan 和Tony Bennett等传奇表演者，以及Love Jones, Joey Altruda and Big Bad Voodoo Daddy等现代Lounge表演者组成。</p>\n<p class=\"paragraph text-align-type-left pap-line-1.8 pap-line-rule-auto pap-spacing-before-0pt pap-spacing-after-0pt\">&nbsp;</p>\n<p class=\"paragraph text-align-type-left pap-line-1.8 pap-line-rule-auto pap-spacing-before-0pt pap-spacing-after-0pt\">1994年的选集电影《四个房间》的原声带由Lounge音乐组成。</p>\n<p class=\"paragraph text-align-type-left pap-line-1.8 pap-line-rule-auto pap-spacing-before-0pt pap-spacing-after-0pt\">&nbsp;</p>\n<p class=\"paragraph text-align-type-left pap-line-1.8 pap-line-rule-auto pap-spacing-before-0pt pap-spacing-after-0pt\">在Fear and Loathing in Las Vegas的原声带中出现了Lounge音乐 \"Spy vs. Spy \"。</p>\n<p class=\"paragraph text-align-type-left pap-line-1.8 pap-line-rule-auto pap-spacing-before-0pt pap-spacing-after-0pt\">&nbsp;</p>\n<p class=\"paragraph text-align-type-left pap-line-1.8 pap-line-rule-auto pap-spacing-before-0pt pap-spacing-after-0pt\"><span style=\"text-decoration: underline;\">喜剧</span></p>\n<p class=\"paragraph text-align-type-left pap-line-1.8 pap-line-rule-auto pap-spacing-before-0pt pap-spacing-after-0pt\">Andy Kaufman创造了一个叫Tony Clifton的角色。Tony Clifton 讽刺了演艺圈的权利和过剩，他没有天赋，懒惰（经常不屑于记住歌曲的歌词），而且辱骂观众。</p>\n<p class=\"paragraph text-align-type-left pap-line-1.8 pap-line-rule-auto pap-spacing-before-0pt pap-spacing-after-0pt\">&nbsp;</p>\n<p class=\"paragraph text-align-type-left pap-line-1.8 pap-line-rule-auto pap-spacing-before-0pt pap-spacing-after-0pt\">比尔-默里还在《周六夜现场》中塑造了一个特别糟糕的Lounge歌手--\"Lounge歌手 \"Nick ，他最出名的是为《星球大战》中的约翰-威廉姆斯主题曲提供了自己的歌词，并表演了Morris Albert的过气版名曲Feelings。后来，Will Ferrell 和Ana Gasteyer饰演了一对傻乎乎的已婚二人组，他们是Lounge风格的音乐家，但在高中舞会这种不常见的场所演奏。部分幽默源于他们将 \"nerdy \"和过时的不协调风格应用到当前流行音乐的热门歌曲的表演中。英国喜剧演员梅尔-史密斯（Mel Smith）和格里夫-瑞斯-琼斯（Griff Rhys Jones）在他们长期演出的一个系列短剧节目的片尾出现了一个俗气的键盘和贝斯组合。</p>\n<p class=\"paragraph text-align-type-left pap-line-1.8 pap-line-rule-auto pap-spacing-before-0pt pap-spacing-after-0pt\">&nbsp;</p>\n<p class=\"paragraph text-align-type-left pap-line-1.8 pap-line-rule-auto pap-spacing-before-0pt pap-spacing-after-0pt\">Richard Cheese和The Lounge Kittens擅长演奏近期流行的摇滚、金属和嘻哈歌曲的Lounge风格编曲，以croony传统摇摆唱法演唱，将优雅的爵士乐与常常是亵渎和挑逗的歌词形成对比，营造出幽默的不和谐。</p>\n</div>\n</div>\n</div>",
 "contentEn": "<p><strong>Lounge music</strong>&nbsp;is a type of&nbsp;easy listening&nbsp;music popular in the 1950s and 1960s. It may be meant to evoke in the listeners the feeling of being in a place, usually with a tranquil theme, such as a jungle, an island paradise or outer space.<sup id=\"cite_ref-1\" class=\"reference\">[1]</sup>&nbsp;The range of lounge music encompasses&nbsp;beautiful music-influenced instrumentals, modern&nbsp;electronica&nbsp;(with&nbsp;chillout, and&nbsp;downtempo&nbsp;influences), while remaining thematically focused on its retro-space-age&nbsp;cultural elements. The earliest type of lounge music appeared during the 1920s and 1930s, and was known as&nbsp;light music. In the 21st century, the term&nbsp;<em>lounge music</em>&nbsp;may also be used to describe the types of music played in&nbsp;hotels&nbsp;(the lounge, the bar),&nbsp;casinos,&nbsp;supermarkets, several&nbsp;restaurants, and&nbsp;piano bars.</p>\n<h2>&nbsp;</h2>\n<h2><span id=\"Retrospective_usage\" class=\"mw-headline\">Retrospective usage</span></h2>\n<p>Exotica,&nbsp;space age pop, and some forms of&nbsp;easy listening&nbsp;music popular during the 1950s and 1960s are now&nbsp;<em>broadly</em>&nbsp;termed&nbsp;<em>lounge</em>. The term&nbsp;<em>lounge</em>&nbsp;does not appear in textual documentation of the period, such as&nbsp;<em>Billboard</em>&nbsp;magazine or&nbsp;long playing&nbsp;album covers, but has been retroactively applied.</p>\n<p>&nbsp;</p>\n<p>While&nbsp;rock and roll&nbsp;was generally influenced by&nbsp;blues&nbsp;and&nbsp;country, lounge music was derived from&nbsp;jazz&nbsp;and other musical elements borrowed from traditions around the world.&nbsp;Exotica&nbsp;from such artists as&nbsp;Les Baxter,&nbsp;Martin Denny&nbsp;and&nbsp;Arthur Lyman&nbsp;sold millions of records during its heyday. It combined music that was popular outside the USA, such as various Latin genres (e.g.,&nbsp;Bossa nova,&nbsp;Cha-Cha-Cha,&nbsp;Mambo&nbsp;as in&nbsp;Cal Tjader's fine Latin jazz efforts),&nbsp;Polynesian, French, etc. into a relaxed,<sup id=\"cite_ref-2\" class=\"reference\">[2]</sup>&nbsp;palatable sound. Such music could have some instruments exaggerated (e.g., a Polynesian song might have an exotic percussion arrangement using bongos, and vocalists imitating wild animals). Many of these recordings were portrayed as originating in exotic foreign lands, but in truth were recorded in&nbsp;Hollywood&nbsp;recording studios by veteran session musicians. Another genre, space age pop, mimicked&nbsp;space age&nbsp;sound effects of the time and reflected the public interest in&nbsp;space exploration. With the advent of&nbsp;stereophonic&nbsp;technology, artists such as&nbsp;Esquivel&nbsp;used spatial audio techniques to full effect, creating whooshing sounds with his orchestra.</p>\n<p>&nbsp;</p>\n<p>AllMusic&nbsp;describes lounge as less \"adventurous\" than exotica or space age pop, but not as \"watered-down\" as&nbsp;Muzak. \"Instead, it occupied the middle ground, appealing to fans of&nbsp;traditional pop&nbsp;as well as space age pop.\"<sup id=\"cite_ref-3\" class=\"reference\">[3]</sup></p>\n<p>&nbsp;</p>\n<p>A good deal of lounge music was pure instrumental (i.e., no main vocal part, although there could be minor vocal parts). Sometimes, this music would be theme music from movies or TV shows, although such music could be produced independently from other entertainment productions. These instrumentals could be produced with an orchestral arrangement, or from an arrangement of instruments very similar to that found in jazz, or even rock and roll such as the&nbsp;Hammond Organ&nbsp;or&nbsp;electric guitar.</p>\n<h2>&nbsp;</h2>\n<h2><span id=\"Lounge_singers\" class=\"mw-headline\">Lounge singers</span></h2>\n<p>\"Swinging\" music of the era is also considered \"lounge\" and consisted of a&nbsp;schmaltzy&nbsp;continuation of the&nbsp;swing jazz&nbsp;era of the 1930s and 1940s, but with more of an emphasis on the vocalist. Soft and gentle vocalists such as&nbsp;Frank Sinatra,&nbsp;Dean Martin,&nbsp;Dooley Wilson,&nbsp;Pat Boone,&nbsp;Bobby Darin,&nbsp;Jackie Gleason,&nbsp;Wayne Newton,&nbsp;Louis Prima,&nbsp;Sam Butera&nbsp;and&nbsp;Bobby Vinton&nbsp;are notable examples of lounge music. The music of&nbsp;Burt Bacharach&nbsp;was soon featured as part of many lounge singers' repertoires. Such artists performed mainly at featured lounges in&nbsp;Las Vegas&nbsp;casinos. Documented pioneers of the Las Vegas lounge scene, the&nbsp;Mary Kaye Trio&nbsp;were first on the scene in the early 1950s.</p>\n<p>&nbsp;</p>\n<p>Lounge singers have a lengthy history stretching back to the decades of the early twentieth century. The somewhat derisive term&nbsp;lounge lizard&nbsp;was coined then, and less well known lounge singers have often been ridiculed as dinosaurs of past eras<sup id=\"cite_ref-4\" class=\"reference\">[4]</sup>&nbsp;and parodied for their smarmy delivery of standards.<sup id=\"cite_ref-5\" class=\"reference\">[5]</sup>&nbsp;In any event, these lounge singers, perhaps performing in a hotel or cocktail bar, are usually accompanied by one or two other musicians, and they favor&nbsp;cover&nbsp;songs composed by others, especially&nbsp;pop standards, many deriving from the days of&nbsp;Tin Pan Alley.</p>\n<p>&nbsp;</p>\n<p>Many well-known performers got their start as lounge singers and musicians. Although he claims not to have worked for very long,&nbsp;Billy Joel&nbsp;worked as a lounge musician and penned the song&nbsp;\"Piano Man\"&nbsp;about his experience. Not all lounge singers, however, sing lounge music.</p>\n<h2>&nbsp;</h2>\n<h2><span id=\"Resurgence\" class=\"mw-headline\">Resurgence</span></h2>\n<p>Lounge emerged in the late 1980s as a label of endearment by younger fans whose parents had listened to such music in the 1960s. It has enjoyed resurgences in popularity in the 1980s and 1990s, led initially by figures such as&nbsp;Buster Poindexter&nbsp;and&nbsp;Jaymz Bee. In Japan, producer&nbsp;Yasuharu Konishi&nbsp;became popular for his work with&nbsp;Pizzicato Five, and is often considered \"the Godfather of&nbsp;Shibuya-kei,\" a genre mostly derived from 1960s lounge music.<sup id=\"cite_ref-6\" class=\"reference\">[6]</sup><sup id=\"cite_ref-7\" class=\"reference\">[7]</sup></p>\n<p>&nbsp;</p>\n<p>In the early 1990s the lounge revival was in full swing and included such groups as&nbsp;Combustible Edison,&nbsp;Love Jones, The Cocktails,&nbsp;Pink Martini,&nbsp;the High Llamas, Don Tiki, and&nbsp;Nightcaps. Alternative band&nbsp;Stereolab&nbsp;demonstrated the influence of lounge with releases like their 1993 EP&nbsp;<em>Space Age Bachelor Pad Music</em>&nbsp;and their 1997 album&nbsp;<em>Dots and Loops</em>, and in 1996 Capitol Records began issuing the&nbsp;Ultra-Lounge&nbsp;series of lounge music albums. The lounge style was starkly in contrast to the&nbsp;grunge&nbsp;music that dominated the period.<sup id=\"cite_ref-8\" class=\"reference\">[8]</sup><sup id=\"cite_ref-9\" class=\"reference\">[9]</sup>&nbsp;These groups wore suits and played music inspired by earlier works of&nbsp;Ant&ocirc;nio Carlos Jobim,&nbsp;Juan Garc&iacute;a Esquivel,&nbsp;Louis Prima&nbsp;and many others.<sup class=\"noprint Inline-Template Template-Fact\">[<em><span title=\"This claim needs references to reliable sources. (July 2021)\">citation needed</span></em>]</sup></p>\n<p>&nbsp;</p>\n<p>Beginning in 2000&nbsp;Richard Cheese and Lounge Against the Machine&nbsp;added to this resurgence by performing cover versions of hit songs of other genres (primarily&nbsp;classic Rock,&nbsp;Pop,&nbsp;metal&nbsp;and&nbsp;hip hop) in the style of a traditional Las Vegas lounge singer.<sup class=\"noprint Inline-Template Template-Fact\">[<em><span title=\"This claim needs references to reliable sources. (July 2021)\">citation needed</span></em>]</sup>&nbsp;In 2004, the Parisian band&nbsp;Nouvelle Vague&nbsp;released a&nbsp;self-titled album&nbsp;in which they covered songs from the '80s post-punk and new wave genres in the style of Bossa Nova. Other artists have taken lounge music to new heights by recombining rock with pop, such as&nbsp;Jon Brion,&nbsp;The Bird and the Bee,&nbsp;Triangle Sun,&nbsp;Pink Martini, the&nbsp;<em>Buddha-Lounge</em>&nbsp;series, and the surrounding regulars of&nbsp;Caf&eacute; Largo. The movie&nbsp;<em>The Rise and Fall of&nbsp;Black Velvet Flag</em>&nbsp;(2003) is a documentary about three older punk rockers who created a lounge-punk band.<sup class=\"noprint Inline-Template Template-Fact\">[<em><span title=\"This claim needs references to reliable sources. (July 2021)\">citation needed</span></em>]</sup></p>\n<h2>&nbsp;</h2>\n<h2><span id=\"In_film\" class=\"mw-headline\">In film</span></h2>\n<p>In the 1980 movie&nbsp;<em>The Blues Brothers</em>, most of the members of the band were reduced to performing as \"Murph and the Magictones\" (headlining at a&nbsp;Holiday Inn) after bandleader Jake Blues went to prison. When the band takes a break to speak with Jake and his brother Elwood, Murph switches on a Muzak version of \"Just the Way You Are,\" performed by&nbsp;Billy Joel, a former lounge musician himself. Later, when Jake and Elwood are in an elevator, Jobim's \"The Girl from Ipanema\" is heard on Muzak.</p>\n<p>&nbsp;</p>\n<p>The 1989 film&nbsp;<em>The Fabulous Baker Boys</em>&nbsp;starred&nbsp;Jeff Bridges,&nbsp;Beau Bridges, and&nbsp;Michelle Pfeiffer&nbsp;as a successful lounge act.</p>\n<p>&nbsp;</p>\n<p>The film&nbsp;<em>Swingers</em>&nbsp;was set during the mid-1990s lounge and&nbsp;swing revival&nbsp;in Los Angeles, and featured music from legendary performers like&nbsp;Dean Martin,&nbsp;Louis Jordan&nbsp;and&nbsp;Tony Bennett, as well as contemporary lounge acts like&nbsp;Love Jones, Joey Altruda,&nbsp;Big Bad Voodoo Daddy, and Marty &amp; Elayne.</p>\n<p>&nbsp;</p>\n<p>The soundtrack of the 1994&nbsp;anthology film&nbsp;<em>Four Rooms</em>&nbsp;consists of lounge music.</p>\n<p>&nbsp;</p>\n<p>The lounge track \"Spy vs. Spy\" appears on the soundtrack of&nbsp;<em>Fear and Loathing in Las Vegas</em>.<sup class=\"noprint Inline-Template Template-Fact\">[<em><span title=\"This claim needs references to reliable sources. (December 2020)\">citation needed</span></em>]</sup></p>\n<h2>&nbsp;</h2>\n<h2><span id=\"Comedy\" class=\"mw-headline\">Comedy</span></h2>\n<p>Andy Kaufman&nbsp;created a character called&nbsp;Tony Clifton. A parody of show biz entitlement and excess, Clifton is untalented, lazy (often not bothering to remember the words to the songs), and abusive to his audiences.<sup class=\"noprint Inline-Template Template-Fact\">[<em><span title=\"This claim needs references to reliable sources. (July 2021)\">citation needed</span></em>]</sup></p>\n<p>&nbsp;</p>\n<p>Bill Murray&nbsp;also portrayed a particularly bad lounge singer on&nbsp;<em>Saturday Night Live</em>,&nbsp;Nick The Lounge Singer, best known for providing his own lyrics to the&nbsp;John Williams&nbsp;theme from&nbsp;<em>Star Wars</em>&nbsp;and performing an over-the-top version of the&nbsp;Morris Albert&nbsp;hit \"Feelings\". Later on SNL,&nbsp;Will Ferrell&nbsp;and&nbsp;Ana Gasteyer&nbsp;portrayed a goofy married duo of lounge-style musicians, but in unlikely venues such as&nbsp;high school&nbsp;dances. Part of the humor derived from the incongruous application of their \"nerdy\" and outdated style to performances of current pop-music hits. British comedians&nbsp;Mel Smith&nbsp;and&nbsp;Griff Rhys Jones&nbsp;appeared as a cheesy&nbsp;keyboard&nbsp;and&nbsp;bass&nbsp;duo during the end credits of one series of their long-running sketch show.<sup class=\"noprint Inline-Template Template-Fact\">[<em><span title=\"This claim needs references to reliable sources. (July 2021)\">citation needed</span></em>]</sup></p>\n<p>&nbsp;</p>\n<p>Acts such as&nbsp;Richard Cheese and Lounge Against the Machine, and&nbsp;The Lounge Kittens, specialize in playing lounge-style arrangements of recent popular rock, metal and hip hop songs, sung in a croony traditional swing vocal style, contrasting an elegant jazz treatment of the music with often profane and ribald lyrics to create a humorous dissonance.<sup class=\"noprint Inline-Template Template-Fact\">[<em><span title=\"This claim needs references to reliable sources. (July 2021)\">citation needed</span></em>]</sup></p>\n<h2>&nbsp;</h2>\n<h2><span id=\"References\" class=\"mw-headline\">References</span></h2>\n<div class=\"reflist reflist-columns references-column-width\">\n<ol class=\"references\">\n<li id=\"cite_note-1\"><span class=\"mw-cite-backlink\"><strong>^</strong></span>&nbsp;<span class=\"reference-text\"><cite id=\"CITEREFGoldsmith2005\" class=\"citation journal cs1\">Goldsmith, Melissa Ursula Dawn (25 May 2005).&nbsp;\"Lounge Caravan: A Selective Discography\".&nbsp;<em>Notes</em>.&nbsp;<strong>61</strong>&nbsp;(4): 1060&ndash;1083.&nbsp;doi:10.1353/not.2005.0059.&nbsp;S2CID&nbsp;191619811<span class=\"reference-accessdate\">. Retrieved&nbsp;<span class=\"nowrap\">9 February</span>&nbsp;2019</span>&nbsp;&ndash; via Project MUSE.</cite></span></li>\n<li id=\"cite_note-2\"><span class=\"mw-cite-backlink\"><strong>^</strong></span>&nbsp;<span class=\"reference-text\"><cite class=\"citation AV-media-notes cs1\"><em>Exotica! The Best of Martin Denny</em>&nbsp;(CD). Martin Denny. Rhino Records. R2 70774.</cite></span></li>\n<li id=\"cite_note-3\"><span class=\"mw-cite-backlink\"><strong>^</strong></span>&nbsp;<span class=\"reference-text\"><cite class=\"citation web cs1\">\"Easy Listening&nbsp;&raquo; Exotica/Lounge&nbsp;&raquo; Lounge\".&nbsp;<em>AllMusic</em>.</cite></span></li>\n<li id=\"cite_note-4\"><span class=\"mw-cite-backlink\"><strong>^</strong></span>&nbsp;<span class=\"reference-text\"><cite class=\"citation news cs1\">\"American Notes LAS VEGAS--- Stop the Music!\".&nbsp;<em>Time</em>. August 21, 1989. Archived from&nbsp;the original&nbsp;on November 24, 2007.</cite></span></li>\n<li id=\"cite_note-5\"><span class=\"mw-cite-backlink\"><strong>^</strong></span>&nbsp;<span class=\"reference-text\"><cite id=\"CITEREFSean_Elder\" class=\"citation news cs1\">Sean Elder.&nbsp;\"Bill Murray\".&nbsp;<em>Salon.com</em>. Archived from&nbsp;the original&nbsp;on 2008-01-12<span class=\"reference-accessdate\">. Retrieved&nbsp;<span class=\"nowrap\">2008-01-18</span></span>.</cite></span></li>\n<li id=\"cite_note-6\"><span class=\"mw-cite-backlink\"><strong>^</strong></span>&nbsp;<span class=\"reference-text\"><cite id=\"CITEREFAnkeny\" class=\"citation web cs1\">Ankeny, Jason.&nbsp;\"Pizzicato Five artist biography\".&nbsp;<em>AllMusic</em><span class=\"reference-accessdate\">. Retrieved&nbsp;<span class=\"nowrap\">1 August</span>&nbsp;2013</span>.</cite></span></li>\n<li id=\"cite_note-7\"><span class=\"mw-cite-backlink\"><strong>^</strong></span>&nbsp;<span class=\"reference-text\"><cite class=\"citation web cs1\">\"Shibuya-Kei Music Genre Overview\".&nbsp;<em>AllMusic</em><span class=\"reference-accessdate\">. Retrieved&nbsp;<span class=\"nowrap\">9 February</span>&nbsp;2019</span>.</cite></span></li>\n<li id=\"cite_note-8\"><span class=\"mw-cite-backlink\"><strong>^</strong></span>&nbsp;<span class=\"reference-text\"><cite id=\"CITEREFSpindler,_Amy_M.1995\" class=\"citation news cs1\">Spindler, Amy M. (March 7, 1995).&nbsp;\"Review/Fashion; Chic Prevails Over Grunge\".&nbsp;<em>The New York Times</em><span class=\"reference-accessdate\">. Retrieved&nbsp;<span class=\"nowrap\">2007-12-12</span></span>.</cite></span></li>\n<li id=\"cite_note-9\"><span class=\"mw-cite-backlink\"><strong>^</strong></span>&nbsp;<span class=\"reference-text\"><cite id=\"CITEREFLacayo,_Richard1998\" class=\"citation news cs1\">Lacayo, Richard (May 25, 1998).&nbsp;\"Ring-A-Ding Ding\". Time. Archived from&nbsp;the original&nbsp;on February 3, 2008<span class=\"reference-accessdate\">. Retrieved&nbsp;<span class=\"nowrap\">2008-01-17</span></span>.</cite></span></li>\n</ol>\n</div>",
 "remarks": "本词条汉字内容由 @多频百科团队 翻译+编辑\n原文译自 https://en.wikipedia.org/wiki/Lounge_music",
 "remarksEn": "本词条内容来自 https://en.wikipedia.org/wiki/Lounge_music",
 "status": 1,
 "clickNum": 14,
 "deleted": 0,
 "lang": 0,
 "chooseLang": true,
 "id": 124,
 "name": "Lounge Music",
 "descriptions": "Lounge Music是20世纪50年代和60年代流行的一种非常容易入耳的音乐。它通常以宁静的场景为主题，如丛林、岛屿天堂或外太空，可能是为了唤起听众置身于某个地方的感觉。Lounge Music的范围包括了优美的乐器、现代电子乐（有chillout和downtempo的影响），同时在主题上仍然注重其复古空间时代的文化元素。最早的Lounge Music雏形出现在20世纪20-30年代，被称为轻音乐。在21世纪，Lounge Music一词也可以用来描述酒店（休息室、酒吧）、赌场、超市、一些餐厅和钢琴酒吧所播放的音乐类型。",
 "originalName": "",
 "startTimeText": "1950s",
 "startAddress": " United States",
 "searchStyle": "Downtempo",
 "styleCategory": "Chill-out",
 "originalStyle": "Exotica, space age pop, jazz, bossa nova, cha-cha-cha, mambo, Polynesian music, swing, big band, easy listening",
 "affectStyle": "",
 "deriveStyle": "Chamber pop, muzak, Shibuya-kei, vaporwave, ambient",
 "representArtist": "Dooley Wilson, Pat Boone, Bobby Darin, Jackie Gleason, Wayne Newton, Louis Prima, Sam Butera, Bobby Vinton",
 "officialUrl": "https://en.wikipedia.org/wiki/Lounge_music",
 "typeId": 13,
 "typeName": "风格",
 "dataId": 124,
 "url": "http://dropinapp.hearinmusic.com/#/ency?typeId=13&dataId=124"
}