{
 "pageNum": 1,
 "pageSize": 10,
 "params": {},
 "relationChannel": "[{\"id\":1279,\"parentId\":8,\"name\":\"Lowercase\"}]",
 "content": "<div>\n<div class=\"document\">\n<p class=\"paragraph text-align-type-left pap-line-1.8 pap-line-rule-auto pap-spacing-before-2pt pap-spacing-after-2pt\">Lowercase是Ambient Reductionism（极简主义）的一种极端形式，将非常安静的、通常听不到的声音放大到极致。Minimal艺术家Steve Roden的专辑Forms of Paper让该流派流行起来。在专辑中，他记录了自己用各种方式处理纸张的过程。这些录音是洛杉矶公共图书馆好莱坞分馆委托制作的。</p>\n<p class=\"paragraph text-align-type-left pap-line-1.8 pap-line-rule-auto pap-spacing-before-2pt pap-spacing-after-2pt\">&nbsp;</p>\n<p class=\"paragraph text-align-type-left pap-line-1.8 pap-line-rule-auto pap-spacing-before-2pt pap-spacing-after-2pt\"><strong>定义</strong></p>\n<p class=\"paragraph text-align-type-left pap-line-1.8 pap-line-rule-auto pap-spacing-before-2pt pap-spacing-after-2pt\">Steve Roden对他在后期作品中开始出现的lowercase倾向这样说:&ldquo;它带有某种安静和谦卑的感觉。它不需要注意，它必须被发现&hellip;&hellip;这和capital letters正好相反，大的东西会引人注意。&rdquo;&nbsp;</p>\n<p class=\"paragraph text-align-type-left pap-line-1.8 pap-line-rule-auto pap-spacing-before-2pt pap-spacing-after-2pt\">&nbsp;</p>\n<div>\n<div class=\"document\">\n<p class=\"paragraph text-align-type-left pap-line-1.8 pap-line-rule-auto pap-spacing-before-2pt pap-spacing-after-2pt\"><strong>艺人</strong></p>\n<p class=\"paragraph text-align-type-left pap-line-1.8 pap-line-rule-auto pap-spacing-before-2pt pap-spacing-after-2pt\">为Lowercase运动做出贡献的艺术家还包括Richard Chartier, Starrlight Mighty5（Jeremy Leafey）, 以及Carsten Nicolai（Alva Noto）</p>\n</div>\n</div>\n</div>\n</div>",
 "contentEn": "<div>\n<div class=\"document\">\n<p class=\"paragraph text-align-type-left pap-line-1.8 pap-line-rule-auto pap-spacing-before-2pt pap-spacing-after-2pt\">Lowercase is an extreme form of ambient minimalism where very quiet, usually unheard sounds are amplified to extreme levels. Minimal artist Steve Roden popularized the movement with an album entitled Forms of Paper, in which he made recordings of himself handling paper in various ways. These recordings were commissioned by the Hollywood branch of the Los Angeles Public Library.</p>\n<p class=\"paragraph text-align-type-left pap-line-1.8 pap-line-rule-auto pap-spacing-before-2pt pap-spacing-after-2pt\">&nbsp;</p>\n<p class=\"paragraph text-align-type-left pap-line-1.8 pap-line-rule-auto pap-spacing-before-2pt pap-spacing-after-2pt\">Definition</p>\n<p class=\"paragraph text-align-type-left pap-line-1.8 pap-line-rule-auto pap-spacing-before-2pt pap-spacing-after-2pt\">Steve Roden stated this about the lowercase tendencies in which he began to develop in his later works: &ldquo;It bears a certain sense of quiet and humility; it doesn't demand attention, it must be discovered... It&rsquo;s the opposite of capital letters&mdash;loud things which draw attention to themselves.&rdquo; Artists that have contributed to the lowercase movement include Richard Chartier and Carsten Nicolai, a.k.a. Alva Noto.</p>\n</div>\n</div>",
 "remarks": "本词条汉字内容由 @多频百科团队 翻译+编辑\n原文译自https://en.wikipedia.org/wiki/Lowercase_(music)",
 "remarksEn": "本词条内容来自 https://en.wikipedia.org/wiki/Lowercase_(music)",
 "status": 1,
 "clickNum": 3,
 "deleted": 0,
 "lang": 0,
 "chooseLang": true,
 "id": 247,
 "name": "Lowercase",
 "descriptions": "Lowercase是Ambient Reductionism（极简主义）的一种极端形式，将非常安静的、通常听不到的声音放大到极致。",
 "originalName": "",
 "startTimeText": "",
 "startAddress": "Los Angeles, California, United States",
 "searchStyle": "Ambient",
 "styleCategory": "Reductionism",
 "originalStyle": "Reductionism, Onkyokei",
 "affectStyle": "",
 "deriveStyle": "",
 "representArtist": "Steve Roden",
 "officialUrl": "https://en.wikipedia.org/wiki/Lowercase_(music)",
 "typeId": 13,
 "typeName": "风格",
 "dataId": 247,
 "url": "http://dropinapp.hearinmusic.com/#/ency?typeId=13&dataId=247"
}