{
 "pageNum": 1,
 "pageSize": 10,
 "params": {},
 "relationChannel": "[{\"id\":1249,\"parentId\":8,\"name\":\"Mainstream Hardcore\"}]",
 "content": "<div>\n<div class=\"document\">\n<p>Mainstream Hardcore，mainstyle，Nu-style gabber或newstyle hardcore是hardcore techno的子流派。mainstream hardcore声音的本质是失真的低音鼓声音，Overdrive到被截断成失真的方波并产生可识别的旋律音调的程度。</p>\n<p><br />通常使用Roland&nbsp;Alpha&nbsp;Juno或Roland&nbsp;TR-909的Kick来创建这种声音。mainstream hardcore曲目通常包括样本和合成旋律，其典型节奏范围为165至180&nbsp;bpm。暴力，毒品和亵渎行为是主流硬核中的常见主题，通过其样本和歌词可以感知到，经常尖叫，音调变化或失真。</p>\n<p>&nbsp;</p>\n<p><strong>历史</strong></p>\n<p class=\"paragraph text-align-type-left pap-line-1.8 pap-line-rule-auto pap-spacing-before-2pt pap-spacing-after-2pt\">源于早期的hardcore（当时仍被称为gabber）。在20世纪90年代末，早期的hardcore已没有Hardstyle流行。在地下生存了数年之后，2002年Gabber 在荷兰重获人气，声音更成熟、更黑暗、更工业化了。一些制作人开始采用较慢的风格，其特点是低音鼓较深、较硬，通常比传统的风格更长，更快。在这方面，这种新形式的gabber音乐显然稍逊于它的前身。这种新的声音被称为&ldquo;New Style&rdquo;或&ldquo;Mainstream&rdquo;，随着节奏越来越慢，它开始变得类似Chicago hard house。许多hardcore铁杆爱好者非常不喜欢Chicago hard house和它播放时club里的景象，根据演奏的音乐节奏和风格，DJ经常会在同一个聚会上受到一些粉丝的嘘声和另一群粉丝的欢呼，类似于早前&ldquo;传统&rdquo;hardcore粉丝和happy hardcore粉丝之间的攀比和相互厌恶。最终，这两种风格互相融合了，今天大多数的gabber都是在160-180 bpm的范围内，这种风格通常比90年代中期的Rotterdam style慢一点。</p>\n<p class=\"paragraph text-align-type-left pap-line-1.8 pap-line-rule-auto pap-spacing-before-2pt pap-spacing-after-2pt\">&nbsp;</p>\n<p class=\"paragraph text-align-type-left pap-line-1.8 pap-line-rule-auto pap-spacing-before-2pt pap-spacing-after-2pt\"><span style=\"font-size: 12pt;\"><strong>风格</strong></span></p>\n<p class=\"paragraph text-align-type-left pap-line-1.8 pap-line-rule-auto pap-spacing-before-2pt pap-spacing-after-2pt\">Mainstream hardcore的特点是其bass drum。从本质上说，它采样于一个正常的合成低音鼓，而鼓点变得更加重，采样近似正弦波，并插入一个音调下降的方波。这会产生很多效果：频谱会扩展，从而产生更响亮、更具攻击性的声音。它还通过增加持续时间来改变声音的振幅包络。由于失真，鼓也发出旋律的音调。并不寻常的一点是，对于bass drum来说，整个歌曲都改变音调以符合bass line。许多曲目依赖于一个干净的，失谐的supersaw lead，类似于uplifting trance，因此听起来会感受到&ldquo;快乐&rdquo;。</p>\n<p class=\"paragraph text-align-type-left pap-line-1.8 pap-line-rule-auto pap-spacing-before-2pt pap-spacing-after-2pt\">&nbsp;</p>\n<p class=\"paragraph text-align-type-left pap-line-1.8 pap-line-rule-auto pap-spacing-before-2pt pap-spacing-after-2pt\"><span style=\"font-size: 12pt;\"><strong>知名厂牌</strong></span></p>\n<p class=\"paragraph text-align-type-left pap-line-1.8 pap-line-rule-auto pap-spacing-before-2pt pap-spacing-after-2pt\">Enzyme&nbsp;Records</p>\n<p class=\"paragraph text-align-type-left pap-line-1.8 pap-line-rule-auto pap-spacing-before-2pt pap-spacing-after-2pt\">ID&amp;T</p>\n<p class=\"paragraph text-align-type-left pap-line-1.8 pap-line-rule-auto pap-spacing-before-2pt pap-spacing-after-2pt\">Masters&nbsp;of&nbsp;Hardcore</p>\n<p class=\"paragraph text-align-type-left pap-line-1.8 pap-line-rule-auto pap-spacing-before-2pt pap-spacing-after-2pt\">Rotterdam&nbsp;Records</p>\n</div>\n</div>",
 "contentEn": "<p>Mainstream hardcore, mainstyle, Nu style gabber or newstyle hardcore is a subgenre of hardcore techno. The essence of mainstream hardcore sound is a distorted bass drum sound, overdriven to the point where it becomes clipped into a distorted square wave and makes a recognizably melodic tone.</p>\n<p>&nbsp;</p>\n<p>Often the Roland Alpha Juno or the kick from a Roland TR-909 was used to create this sound. Mainstream hardcore tracks typically include samples and synthesized melodies with the typical tempo ranging from 165 to 180 bpm. Violence, drugs and profanity are common themes in mainstream hardcore, perceptible through its samples and lyrics, often screamed, pitch shifted, or distorted.</p>\n<p>&nbsp;</p>\n<div>\n<div class=\"document\">\n<p class=\"paragraph text-align-type-left pap-line-1.8 pap-line-rule-auto pap-spacing-before-2pt pap-spacing-after-2pt\"><strong>History </strong></p>\n<p class=\"paragraph text-align-type-left pap-line-1.8 pap-line-rule-auto pap-spacing-before-2pt pap-spacing-after-2pt\">The mainstream hardcore sound derives from early hardcore (still called gabber at the time). In the late 1990s, early hardcore became less popular than Hardstyle. After surviving underground for a number of years, in 2002 Gabber regained some popularity in the Netherlands, although the sound is more mature, darker, and industrial. Some producers started embracing a slower style characterized by a deeper, harder bass drum that typically had a longer envelope than was possible in the traditional, faster style. In this aspect, this new form of gabber obviously cannot be considered less powerful than its precursor. This newer sound was referred to as \"New Style\" or \"Mainstream\" and as the tempo got slower and slower it began to become similar to Chicago hard house. Many hardcore enthusiasts hated Chicago hard house and the club scene it typified, and frequently DJs would be booed by one group of fans and cheered for by another at the same party, depending on the tempo and style of music they were playing. This is similar to the rivalry and mutual dislike that surfaced earlier between fans of \"regular\" hardcore and happy hardcore. Eventually the two styles met in the middle, and most gabber today is produced in a range of 160-180 bpm. This style is typically a bit slower than the Rotterdam style of the mid-1990s.</p>\n<p class=\"paragraph text-align-type-left pap-line-1.8 pap-line-rule-auto pap-spacing-before-2pt pap-spacing-after-2pt\">&nbsp;</p>\n<p class=\"paragraph text-align-type-left pap-line-1.8 pap-line-rule-auto pap-spacing-before-2pt pap-spacing-after-2pt\"><strong>Style</strong></p>\n<p class=\"paragraph text-align-type-left pap-line-1.8 pap-line-rule-auto pap-spacing-before-2pt pap-spacing-after-2pt\">Mainstream hardcore is characterized by its bass drum sound. Essentially, it comes from taking a normal synthesized bass drum and over-driving it heavily. The approximately sinusoidal sample starts to clip into a square wave with a falling pitch. This results in a number of effects: the frequency spectrum spreads out, thus achieving a louder, more aggressive sound. It also changes the amplitude envelope of the sound by increasing the sustain. Due to the distortion, the drum also develops a melodic tone. It is not uncommon for the bass drum pattern to change pitch throughout the song to follow the bass line. Many tracks rely on a clean, detuned supersaw lead, similar to uplifting trance and can therefore sound \"happy\".</p>\n</div>\n</div>",
 "remarks": "本词条汉字内容由 @多频百科团队 翻译+编辑\n原文译自 https://en.wikipedia.org/wiki/Mainstream_hardcore",
 "remarksEn": "本词条内容来自 https://en.wikipedia.org/wiki/Mainstream_hardcore",
 "status": 1,
 "clickNum": 10,
 "deleted": 0,
 "lang": 0,
 "chooseLang": true,
 "id": 205,
 "name": "Mainstream Hardcore",
 "descriptions": "Mainstream Hardcore，mainstyle，Nu-style gabber或newstyle hardcore是hardcore techno的子流派。mainstream hardcore声音的本质是失真的低音鼓声音，Overdrive到被截断成失真的方波并产生可识别的旋律音调的程度。",
 "originalName": "",
 "startTimeText": "Early 1990s",
 "startAddress": "Netherlands (Rotterdam)",
 "searchStyle": "Hardcore",
 "styleCategory": "Gabber",
 "originalStyle": "Early hardcore",
 "affectStyle": "",
 "deriveStyle": "Tekno, breakcore",
 "representArtist": "Angerfist",
 "officialUrl": "https://en.wikipedia.org/wiki/Mainstream_hardcore",
 "typeId": 13,
 "typeName": "风格",
 "dataId": 205,
 "url": "http://dropinapp.hearinmusic.com/#/ency?typeId=13&dataId=205"
}