{
 "pageNum": 1,
 "pageSize": 10,
 "params": {},
 "relationChannel": "[{\"id\":1362,\"parentId\":8,\"name\":\"Mallsoft\"}]",
 "content": "<p>Mallsoft放大了vaporwave的lounge影响。它可以被看作是\"大型的商场，没有灵魂的消费主义空间的概念......探索资本主义和全球化的社会后果\"。</p>",
 "remarks": "本词条内容暂未完善仅供参考，多频百科小编正在火速赶来",
 "remarksEn": "本词条内容暂未完善仅供参考，多频百科小编正在火速赶来",
 "status": 0,
 "clickNum": 4,
 "deleted": 0,
 "lang": 0,
 "chooseLang": false,
 "id": 345,
 "name": "Mallsoft",
 "descriptions": "Mallsoft放大了vaporwave的lounge影响。它可以被看作是\"大型的商场，没有灵魂的消费主义空间的概念......探索资本主义和全球化的社会后果\"。",
 "originalName": "",
 "startTimeText": "",
 "startAddress": "",
 "searchStyle": "Hauntology",
 "styleCategory": "Vaporwave",
 "originalStyle": "",
 "affectStyle": "",
 "deriveStyle": "",
 "representArtist": "",
 "officialUrl": "https://en.wikipedia.org/wiki/Vaporwave",
 "typeId": 13,
 "typeName": "风格",
 "dataId": 345,
 "url": "http://dropinapp.hearinmusic.com/#/ency?typeId=13&dataId=345"
}