{
 "pageNum": 1,
 "pageSize": 10,
 "params": {},
 "relationChannel": "[{\"id\":1116,\"parentId\":8,\"name\":\"Melbourne Bounce\"}]",
 "relationEncy": "[{\"id\":36378,\"typeId\":13,\"dataId\":51,\"name\":\"Electro House\",\"url\":\"http://dropinapp.hearinmusic.com/#/ency?typeId=13&dataId=51\"}]",
 "content": "<p>Melbourne Bounce是Electro House的一个子类别，起源于澳大利亚墨尔本，其特征是128-150bpm的节奏，跳跃十足的质感，Dutch House风的号角，tech trance合成器，电气质感的音色冲击以及混浊的House风Bassline。</p>\n<p>&nbsp;</p>\n<p>Melbourne Bounce已经被用来/制作人包括Deorro，Joel Fletcher，Will Sparks，SCNDL，Reece Low，VINAI，和TJR等人的音乐。这种风格的特点一般是标准的128bpm，由具有弹性的反拍Bass、嘈杂人声质感的切片或锯齿波音色为lead、喧闹的号角、Drop前的8小节snare fills等元素组成。Melbournce Bounce经常使用重复的节拍结构，整首曲子中伴随一定数量的build-up和Drop。</p>\n<p>&nbsp;</p>\n<p>Melbourne Bounce最初是M&aacute;kina、Acid House、Acid Techno、Psytrance和地下墨尔本House/Minimal风格等元素之间的交叉。Melbourne Bounce大约在2012年中后期获得了主流的流行，并从2013年开始稳步上升。2014年，Joel Fletcher、Will Sparks、Uberjak'd等先驱者的作品大受欢迎，他们的歌曲不仅在澳洲商业电台播放，还传播到全球，并与Steve Aoki、TJR等一起影响着国际EDM风格。</p>\n<p>&nbsp;</p>\n<p>2019年，以韩国制作人和DJ为代表的艺人基于Melbourne Bounce和Minimal Bounce风格延伸出了Korea Bounce（又称Korean Bounce，Gangnam Bounce）的术语，致力于推广该文化的包括韩国知名Electro/Minimal Bounce厂牌Moon Records等。该术语通过互联网得到了较大范围的传播并在夜店场景中有广泛应用，但很多评论认为其在音乐性上不具备构成独立风格的条件。</p>",
 "contentEn": "<p><strong>Melbourne bounce</strong>&nbsp;is a subgenre of electro house originating in&nbsp;Melbourne,&nbsp;Australia, characterized by the progression from the&nbsp;uptempo, horn-infused Dutch house style,&nbsp;tech trance&nbsp;synths, electro house&nbsp;stabs, and scouse&nbsp;House-influenced bass lines from around 128 up to 150 bpm.<sup id=\"cite_ref-28\" class=\"reference\">[28]</sup>&nbsp;The term has been used to describe the 2012-2016 music of DJ/Producers, including&nbsp;Deorro,&nbsp;Joel Fletcher,&nbsp;Will Sparks, SCNDL, Reece Low, Uberjak'd,&nbsp;VINAI, and&nbsp;TJR. The genre is generally characterized by a standard 128 bpm. It is composed of bouncy offbeat bass, whiny vocal cut/saw<sup class=\"noprint Inline-Template\">[<em><span title=\"The text near this tag may need clarification or removal of jargon. (July 2020)\">clarification needed</span></em>]</sup>&nbsp;lead, raucous horns, 8-bar snare fills before the drop.<sup id=\"cite_ref-29\" class=\"reference\">[29]</sup>&nbsp;It often features a repetitive beat structure with some amount of build-ups and mild drops throughout. It started as a cross between elements of&nbsp;m&aacute;kina,&nbsp;acid house,&nbsp;acid techno,&nbsp;psytrance, and underground Melbourne House/minimal&nbsp;style.<sup id=\"cite_ref-30\" class=\"reference\"></sup>&nbsp;Melbourne Bounce has gained mainstream popularity around mid to late 2012 and had a steady rise from 2013. In 2014, productions of pioneers like Joel Fletcher, Will Sparks, and Uberjak&rsquo;d were in huge demand and their songs were not only being played on Aussie commercial radio, but also spreading to worldwide and influencing international EDM style with&nbsp;Steve Aoki,&nbsp;TJR, and more.</p>",
 "remarks": "本词条汉字内容由 @多频百科团队 翻译+编辑\n原文译自 https://en.wikipedia.org/wiki/Electro_house#Melbourne_bounce",
 "remarksEn": "本词条内容来自 https://en.wikipedia.org/wiki/Electro_house#Melbourne_bounce",
 "status": 1,
 "clickNum": 36,
 "deleted": 0,
 "lang": 0,
 "chooseLang": true,
 "id": 57,
 "name": "Melbourne Bounce",
 "descriptions": "Melbourne Bounce是Electro House的一个子类别，起源于澳大利亚墨尔本，其特征是128-150bpm的节奏，跳跃十足的质感，Dutch House风的号角，tech trance合成器，电气质感的音色冲击以及混浊的House风Bassline。",
 "originalName": "Bounce",
 "startTimeText": "2010s",
 "startAddress": "Australia",
 "searchStyle": "House, Pop EDM",
 "styleCategory": "Electro House",
 "originalStyle": "mákina, acid house, acid techno, psytrance, and underground Melbourne House/minimal style",
 "affectStyle": "",
 "deriveStyle": "",
 "representArtist": "",
 "officialUrl": "https://en.wikipedia.org/wiki/Electro_house#Melbourne_bounce",
 "typeId": 13,
 "typeName": "风格",
 "dataId": 57,
 "url": "http://dropinapp.hearinmusic.com/#/ency?typeId=13&dataId=57"
}