{
 "pageNum": 1,
 "pageSize": 10,
 "params": {},
 "relationChannel": "[{\"id\":1413,\"parentId\":8,\"name\":\"Melodic Techno\"}]",
 "content": "<p>Melodic Techno是一种Techno音乐的子类型。Melodic Techno注重旋律部分的表现，具有更氛围感和迷幻感的声音，尤其强调琶音的小调旋律，将其与Progressive Trance紧密联系在一起，曲速通常在125 - 130 bpm。</p>\n<p>&nbsp;</p>\n<p>该类型与Melodic House有着密切的联系，二者都源自Progressive House，之间的差异主要体现在 house 和 techno 之间的差异。</p>\n<p>&nbsp;</p>\n<p>以制作该流派而闻名的Melodic Techno艺术家包括 Maceo Plex、Tale of Us、K&ouml;lsch 和 Boris Brejcha。</p>",
 "contentEn": "",
 "remarks": "本词条内容由 @多频百科团队 编辑",
 "remarksEn": "本词条内容暂未完善仅供参考，多频百科小编正在火速赶来",
 "status": 1,
 "clickNum": 41,
 "deleted": 0,
 "lang": 0,
 "chooseLang": false,
 "id": 146,
 "name": "Melodic Techno",
 "descriptions": "Melodic Techno是一种Techno音乐的子类型。Melodic Techno注重旋律部分的表现，具有更氛围感和迷幻感的声音，尤其强调琶音的小调旋律，将其与Progressive Trance紧密联系在一起，曲速通常在125 - 130 bpm。",
 "originalName": "",
 "startTimeText": "2010s",
 "startAddress": "",
 "searchStyle": "Techno",
 "styleCategory": "Techno",
 "originalStyle": "Progressive Trance",
 "affectStyle": "",
 "deriveStyle": "",
 "representArtist": "Maceo Plex, Tale of Us, Kölsch, Boris Brejcha",
 "officialUrl": "",
 "typeId": 13,
 "typeName": "风格",
 "dataId": 146,
 "url": "http://dropinapp.hearinmusic.com/#/ency?typeId=13&dataId=146"
}