{
 "pageNum": 1,
 "pageSize": 10,
 "params": {},
 "relationChannel": "[{\"id\":1403,\"parentId\":8,\"name\":\"Melodic House\"}]",
 "content": "<p>Melodic House是一种House音乐子类型，具有令人陶醉、旋律优美、并有大量琶音器的声音。该类型与Melodic Techno有着密切的联系，二者之间的差异主要体现在 house 和 techno 之间的差异。这两种流派都源自Progressive House，而Melodic House也源于 2010 年代早期的Deep House场景，因此仍然更加以节拍为导向，保留了浩室结构。</p>\n<p>&nbsp;</p>\n<p>Melodic House流派的节奏保持在 120 bpm 左右，以制作这种流派而闻名的Melodic House艺术家包括 Dixon、Solomun、Kidnap Kid、Lane 8、Bicep 和 CamelPhat。</p>",
 "contentEn": "<p>Melodic house is a house music subgenre that has a heady, melodic,&nbsp;arpeggiator-heavy sound.<sup id=\"cite_ref-7\" class=\"reference\"></sup>&nbsp;The genre has close ties with&nbsp;<em>melodic techno</em>&nbsp;with the differences that mostly characterize the difference between house and techno. Both genres derived from&nbsp;progressive house, while melodic house also draws its roots in the early 2010s&nbsp;deep house&nbsp;scene and thus remains more beat-oriented, retaining house structure. Melodic techno has a more atmospheric and hypnotic sound, with emphasis on arpeggiated minor melodies closely tying it with&nbsp;progressive trance. The tempo of the genres stays around 120 bpm, while melodic techno could be slightly faster sometimes, but usually not higher than 130 bpm. Melodic house artists known to make this genre include&nbsp;Dixon,&nbsp;Solomun,&nbsp;Kidnap Kid,&nbsp;Lane 8,&nbsp;Bicep&nbsp;and&nbsp;CamelPhat. Melodic techno artists are&nbsp;Maceo Plex,&nbsp;Tale of Us,&nbsp;K&ouml;lsch&nbsp;and&nbsp;Boris Brejcha.</p>",
 "remarks": "本词条汉字内容由 @多频百科团队 翻译+编辑\n原文译自 https://en.wikipedia.org/wiki/Styles_of_house_music",
 "remarksEn": "本词条内容来自 https://en.wikipedia.org/wiki/Styles_of_house_music",
 "status": 1,
 "clickNum": 70,
 "deleted": 0,
 "lang": 0,
 "chooseLang": true,
 "id": 75,
 "name": "Melodic House",
 "descriptions": "Melodic House是一种House音乐子类型，具有令人陶醉、旋律优美、并有大量琶音器的声音。该类型与Melodic Techno有着密切的联系，二者之间的差异主要体现在 house 和 techno 之间的差异。这两种流派都源自Progressive House，而Melodic House也源于 2010 年代早期的Deep House场景，因此仍然更加以节拍为导向，保留了浩室结构。\n",
 "originalName": "",
 "startTimeText": "",
 "startAddress": "",
 "searchStyle": "House",
 "styleCategory": "House",
 "originalStyle": "Progressive House, Deep House",
 "affectStyle": "",
 "deriveStyle": "",
 "representArtist": "Dixon, Solomun, Kidnap Kid, Lane 8, Bicep, CamelPhat",
 "officialUrl": "https://en.wikipedia.org/wiki/Styles_of_house_music",
 "typeId": 13,
 "typeName": "风格",
 "dataId": 75,
 "url": "http://dropinapp.hearinmusic.com/#/ency?typeId=13&dataId=75"
}