{
 "pageNum": 1,
 "pageSize": 10,
 "params": {},
 "relationChannel": "[{\"id\":1317,\"parentId\":8,\"name\":\"Melodic Funk\"}]",
 "content": "<p>Melodic funk(也被称为funk melody)是funk carioca和Latin freestyle的融合流派。</p>\n<p>&nbsp;</p>\n<p><strong>历史 </strong></p>\n<p>DJ Marlboro的电台节目 \"Big Mix \"从80年代开始播出，普及了地下funk carioca歌曲的软件版本。这些软本在巴西形成了一个浪漫的子流派，被称为melodic funk，在原始的、有节奏的funk曲调中加入了旋律和编曲。</p>",
 "remarks": "本词条汉字内容由 @多频百科团队 翻译+编辑\n原文译自 https://en.wikipedia.org/wiki/Melodic_funk",
 "remarksEn": "本词条内容暂未完善仅供参考，多频百科小编正在火速赶来",
 "status": 0,
 "clickNum": 0,
 "deleted": 0,
 "lang": 0,
 "chooseLang": false,
 "id": 291,
 "name": "Melodic Funk",
 "descriptions": "Melodic funk(也被称为funk melody)是funk carioca和Latin freestyle的融合流派。",
 "originalName": "",
 "startTimeText": "1990s",
 "startAddress": "Rio de Janeiro, Brazil",
 "searchStyle": "",
 "styleCategory": "Funk Carioca",
 "originalStyle": "Funk cariocaLatin freestyledance-pop",
 "affectStyle": "",
 "deriveStyle": "",
 "representArtist": "",
 "officialUrl": "https://en.wikipedia.org/wiki/Melodic_funk",
 "typeId": 13,
 "typeName": "风格",
 "dataId": 291,
 "url": "http://dropinapp.hearinmusic.com/#/ency?typeId=13&dataId=291"
}