{
 "pageNum": 1,
 "pageSize": 10,
 "params": {},
 "relationChannel": "[{\"id\":1129,\"parentId\":8,\"name\":\"Microhouse\"}]",
 "content": "<div class=\"document\">\n<p class=\"paragraph text-align-type-left pap-line-1.8 pap-line-rule-auto pap-spacing-before-0pt pap-spacing-after-0pt\">Microhouse (又称Buftech或Minimal)，是一种受极简主义和20世纪90年代Techno强烈影响的house音乐的子流派。</p>\n<p class=\"paragraph text-align-type-left pap-line-1.8 pap-line-rule-auto pap-spacing-before-0pt pap-spacing-after-0pt\">&nbsp;</p>\n<p class=\"paragraph text-align-type-left pap-line-1.8 pap-line-rule-auto pap-spacing-before-0pt pap-spacing-after-0pt\"><strong>历史</strong></p>\n<p class=\"paragraph text-align-type-left pap-line-1.8 pap-line-rule-auto pap-spacing-before-0pt pap-spacing-after-0pt\">Microhouse起源于Minimal Techno、bitpop（均发展于20世纪90年代初）和House（发展于20世纪80年代初）的音乐流派。它的首次反响出现在1993年德国实验艺术家Oval的一张故障专辑中。和许多当代电子流派一样，Microhouse也受到了许多影响，最明显的是techno和约克郡Bleeps和Bass（或称 \"Bleep\"）、bitpop和极简techno中出现的 \"click和pop \"车库浩室。与tech house相比，Microhouse通常被认为是 \"在编曲和乐器中加入techno元素的house音乐\"，而被描述为 \"浩室微型科技乐 \"则更为贴切--将时髦的backroom house元素与bitpop和techno的驱动、重复的声音结合起来。重点倾向于落在柔软的鼓槌重击声和伴随的hi-hats上，合成弦乐和梦幻般的键盘音提供了微弱的质感。</p>\n<p class=\"paragraph text-align-type-left pap-line-1.8 pap-line-rule-auto pap-spacing-before-0pt pap-spacing-after-0pt\">&nbsp;</p>\n<p class=\"paragraph text-align-type-left pap-line-1.8 pap-line-rule-auto pap-spacing-before-0pt pap-spacing-after-0pt\">在整个90年代末和2000年代初，一些以这种方式兴起的小品牌出现了。Playhouse（Isol&eacute;e、Losoul）、Kompakt（Sascha Funke、M. Mayer）和Klang Elektronik（Farben）等成熟品牌的相当一部分作品都是Microhouse最振奋人心的时刻。其他品牌--如Force Tracks（Luomo、MRI）、Perlon（Ricardo Villalobos、Pantytec）和Trapez（Akufen、M.I.A.）--几乎都包含microhouse的风格。</p>\n<p class=\"paragraph text-align-type-left pap-line-1.8 pap-line-rule-auto pap-spacing-before-0pt pap-spacing-after-0pt\">&nbsp;</p>\n<p class=\"paragraph text-align-type-left pap-line-1.8 pap-line-rule-auto pap-spacing-before-0pt pap-spacing-after-0pt\">Microhouse一词通常归功于音乐记者和DJ Philip Sherburne，他在2001年为杂志《The Wire》撰写了一篇文章，根据Stelfox的说法，描述了 \"在世纪之交之交，Perlon、Kompakt、Playhouse、Ongaku、Klang Elektronik和Mille Plateaux系列的厂牌--最著名的是Force Tracks和Force Inc--出现了对经典芝加哥grooves的幽灵式、催眠式的诠释。\"</p>\n<p class=\"paragraph text-align-type-left pap-line-1.8 pap-line-rule-auto pap-spacing-before-0pt pap-spacing-after-0pt\">&nbsp;</p>\n<p class=\"paragraph text-align-type-left pap-line-1.8 pap-line-rule-auto pap-spacing-before-0pt pap-spacing-after-0pt\"><strong>特征</strong></p>\n<p class=\"paragraph text-align-type-left pap-line-1.8 pap-line-rule-auto pap-spacing-before-0pt pap-spacing-after-0pt\">像House和Techno一样，microhouse围绕着4/4时标建立。其节奏范围在115到130 BPM之间。microhouse和house之间一个明显的区别是用咔嗒声、静态、毛刺和少量噪音取代了典型的house踢鼓、hi-hats和其他鼓机样本，这些样本更多的时候是被拉长的，持续时间更长。microhouse的艺术家们经常尝试用不同形式的采样来达到这种效果。</p>\n<p class=\"paragraph text-align-type-left pap-line-1.8 pap-line-rule-auto pap-spacing-before-0pt pap-spacing-after-0pt\">&nbsp;</p>\n<p class=\"paragraph text-align-type-left pap-line-1.8 pap-line-rule-auto pap-spacing-before-0pt pap-spacing-after-0pt\">microhouse的一个特点是使用采样：用极短的（\"微型\"）人声、乐器、日常噪音和电脑创造的波浪模式的样本来排列，形成复杂的旋律（如在阿库芬的 \"Deck the House \"中可以听到）。microhouse中的人声往往是简单的、无厘头的、单调的，尽管有些艺术家，如Matthew Dear，将歌唱与microhouse制作相结合。这也是microhouse与Deep house相比的主要特点之一，比如Deep house往往没有人声，而且在一些歌曲中，节奏也较慢，低至115 BPM。</p>\n<p class=\"paragraph text-align-type-left pap-line-1.8 pap-line-rule-auto pap-spacing-before-0pt pap-spacing-after-0pt\">&nbsp;</p>\n<p class=\"paragraph text-align-type-left pap-line-1.8 pap-line-rule-auto pap-spacing-before-0pt pap-spacing-after-0pt\">与其他类型的House和Techno相比，Microhouse有些默默无闻，但包括布加勒斯特、墨尔本、柏林、科隆、巴黎、蒙特利尔、旧金山湾区、西雅图、明尼阿波利斯、底特律、芝加哥、DC和波特兰在内的多个城市都有microhouse音乐的萌芽，随着2000年代中期的极简Techno热潮，现在在德国、法国、加拿大、意大利和西班牙的俱乐部中大受欢迎。主流的tech house唱片和CD中偶尔会有microhouse或极简重制的曲目。除此之外，多年来有几首曲目已经成为主要的俱乐部热门曲目，还有一些曲目甚至获得了欧洲广播电台的好评。</p>\n<p class=\"paragraph text-align-type-left pap-line-1.8 pap-line-rule-auto pap-spacing-before-0pt pap-spacing-after-0pt\">&nbsp;</p>\n<p class=\"paragraph text-align-type-left pap-line-1.8 pap-line-rule-auto pap-spacing-before-0pt pap-spacing-after-0pt\"><strong>相关厂牌</strong></p>\n<p class=\"paragraph text-align-type-left pap-line-1.8 pap-line-rule-auto pap-spacing-before-0pt pap-spacing-after-0pt\">以下厂牌主要发行microhouse：</p>\n<ul>\n<li>[a:rpia:r]</li>\n<li>The Lab Records</li>\n<li>Background Records</li>\n<li>Cynosure</li>\n<li>Perlon</li>\n<li>Microcosm</li>\n<li>Minisketch</li>\n<li>Pampa Records</li>\n<li>Ware</li>\n</ul>\n<p class=\"paragraph text-align-type-left pap-line-1.8 pap-line-rule-auto pap-spacing-before-0pt pap-spacing-after-0pt\">&nbsp;</p>\n<p class=\"paragraph text-align-type-left pap-line-1.8 pap-line-rule-auto pap-spacing-before-0pt pap-spacing-after-0pt\">以下厂牌一般发行Minimal techno、Deephouse或其他类型的唱片，但也发行microhouse：</p>\n<ul>\n<li class=\"paragraph text-align-type-left pap-line-1.8 pap-line-rule-auto pap-spacing-before-0pt pap-spacing-after-0pt\">Playhouse</li>\n<li class=\"paragraph text-align-type-left pap-line-1.8 pap-line-rule-auto pap-spacing-before-0pt pap-spacing-after-0pt\">BPitch Control</li>\n<li class=\"paragraph text-align-type-left pap-line-1.8 pap-line-rule-auto pap-spacing-before-0pt pap-spacing-after-0pt\">Cadenza</li>\n<li class=\"paragraph text-align-type-left pap-line-1.8 pap-line-rule-auto pap-spacing-before-0pt pap-spacing-after-0pt\">Cocoon</li>\n<li class=\"paragraph text-align-type-left pap-line-1.8 pap-line-rule-auto pap-spacing-before-0pt pap-spacing-after-0pt\">Ghostly International / Spectral Sound</li>\n<li class=\"paragraph text-align-type-left pap-line-1.8 pap-line-rule-auto pap-spacing-before-0pt pap-spacing-after-0pt\">Kompakt</li>\n<li class=\"paragraph text-align-type-left pap-line-1.8 pap-line-rule-auto pap-spacing-before-0pt pap-spacing-after-0pt\">Macro</li>\n<li class=\"paragraph text-align-type-left pap-line-1.8 pap-line-rule-auto pap-spacing-before-0pt pap-spacing-after-0pt\">Mille Plateaux</li>\n<li class=\"paragraph text-align-type-left pap-line-1.8 pap-line-rule-auto pap-spacing-before-0pt pap-spacing-after-0pt\">M nus</li>\n<li class=\"paragraph text-align-type-left pap-line-1.8 pap-line-rule-auto pap-spacing-before-0pt pap-spacing-after-0pt\">raum Schallplatten</li>\n<li class=\"paragraph text-align-type-left pap-line-1.8 pap-line-rule-auto pap-spacing-before-0pt pap-spacing-after-0pt\">Truesoul</li>\n<li class=\"paragraph text-align-type-left pap-line-1.8 pap-line-rule-auto pap-spacing-before-0pt pap-spacing-after-0pt\">Raster-Noton</li>\n</ul>\n<div>&nbsp;</div>\n</div>",
 "contentEn": "<p><strong>Microhouse</strong>,&nbsp;<strong>buftech</strong>&nbsp;or sometimes just&nbsp;<strong>minimal</strong>, is a subgenre of&nbsp;house music&nbsp;strongly influenced by minimalism and 1990s&nbsp;techno.<sup id=\"cite_ref-ishkur_2-1\" class=\"reference\">[2]</sup></p>\n<p>&nbsp;</p>\n<h2><span id=\"History\" class=\"mw-headline\">History</span></h2>\n<p>Microhouse has its roots in the&nbsp;minimal techno,&nbsp;bitpop&nbsp;(both developed in the early 1990s), and house (developed in the early 1980s) genres of music. Its first echoes appeared in a glitch album by German experimental artist&nbsp;Oval, in 1993. Like many contemporary electronic genres, Microhouse has many influences, most notably&nbsp;techno&nbsp;and the \"click and pop\" garage house that has emerged from&nbsp;Yorkshire Bleeps and Bass&nbsp;(or \"Bleep\"), bitpop and minimal techno. Contrasting with&nbsp;tech house, which is often thought of as 'house music with elements of techno in its arrangement and instrumentation', microhouse is more aptly described as 'housey minimal techno' &ndash; a marriage of the funky and groovy backroom house elements with bitpop and the driving, repetitive sound of techno. Emphasis tended to fall on cushiony kick-drum thumps and the accompanying hi-hats, with faint textures provided by synthetic strings and dreamy keyboard tones.</p>\n<p>&nbsp;</p>\n<p>Throughout the late &lsquo;90s and early 2000s, several small labels thriving on this approach cropped up. A fair percentage of the output from already-established labels like&nbsp;Playhouse&nbsp;(Isol&eacute;e,&nbsp;Losoul), Kompakt (Sascha Funke, M. Mayer) and Klang Elektronik (Farben) made for some of microhouse&rsquo;s most thrilling moments. Other labels -- such as&nbsp;Force Tracks&nbsp;(Luomo, MRI),&nbsp;Perlon&nbsp;(Ricardo Villalobos, Pantytec) and&nbsp;Trapez&nbsp;(Akufen, M.I.A.) &ndash;- were virtually all-microhouse in scope.<sup id=\"cite_ref-allmusic_3-0\" class=\"reference\">[3]</sup>&nbsp;<sup id=\"cite_ref-4\" class=\"reference\">[4]</sup></p>\n<p>&nbsp;</p>\n<p>The term&nbsp;<em>microhouse</em>&nbsp;is usually credited to music journalist and DJ&nbsp;Philip Sherburne,<sup id=\"cite_ref-NPR_5-0\" class=\"reference\">[5]</sup>&nbsp;writing for the magazine&nbsp;<em>The Wire</em>&nbsp;in 2001, to describe, according to Stelfox, \"the spectral, hypnotic interpretation of classic Chicago grooves emerging on labels such as Perlon, Kompakt, Playhouse, Ongaku, Klang Elektronik and the Mille Plateaux family of imprints-most notably Force Tracks and Force Inc- at the turn of the millennium.\"<sup id=\"cite_ref-hyperdub2002_6-0\" class=\"reference\">[6]</sup></p>\n<h2>&nbsp;</h2>\n<h2><span id=\"Characteristics\" class=\"mw-headline\">Characteristics</span></h2>\n<p>Like house and techno, microhouse is built around a 4/4 time signature. Its&nbsp;tempo&nbsp;ranges between 115 and 130 BPM. A noticeable difference between microhouse and house is the replacement of typical house&nbsp;kick drums,&nbsp;hi-hats&nbsp;and other drum machine samples with clicks, static, glitches, and small bits of noise, which more often than not are stretched out and last longer in drops.<sup id=\"cite_ref-ishkurOnMicrohouse_7-0\" class=\"reference\">[7]</sup><sup id=\"cite_ref-allmusic_3-1\" class=\"reference\">[3]</sup>&nbsp;Microhouse artists often experiment with different forms of&nbsp;sampling&nbsp;to achieve this effect.</p>\n<p>&nbsp;</p>\n<p>One characteristic feature of microhouse is the use of sampling: extremely short ('micro') samples of the human voice, musical instruments, everyday noises and computer created wave patterns are arranged to form complex melodies (such as can be heard in&nbsp;Akufen's \"Deck the House\"). Vocals in microhouse are often simplistic, nonsensical, and monotone in nature, although some artists, such as&nbsp;Matthew Dear, combine singing with microhouse production. This is one of the main characteristics of microhouse compared to deep house, for example, which tends to feature no vocals and also a slower tempo going to as low as 115 BPM in some songs.</p>\n<p>&nbsp;</p>\n<p>Microhouse is somewhat obscure when compared to other genres of house and techno, but several cities including Bucharest, Melbourne, Berlin, Cologne, Paris, Montreal, the San Francisco Bay Area, Seattle, Minneapolis, Detroit, Chicago, DC and Portland have budding scenes, and with the minimal techno boom of the mid-2000s, is now gaining great popularity in German, French, Canadian, Italian and Spanish clubs. Mainstream tech house records and CDs will occasionally have microhouse or minimal reworks of tracks. On top of this, several tracks have become major club hits over the years, and a few others have even gained European radioplay.</p>\n<h2>&nbsp;</h2>\n<h2><span id=\"Notable_microhouse_record_labels\" class=\"mw-headline\">Notable microhouse record labels</span></h2>\n<p>The following record labels mainly release microhouse:</p>\n<ul>\n<li>[a:rpia:r]</li>\n<li>The Lab Records</li>\n<li>Background Records</li>\n<li>Cynosure</li>\n<li>Perlon</li>\n<li>Microcosm</li>\n<li>Minisketch</li>\n<li>Pampa Records</li>\n<li>Ware</li>\n</ul>\n<p>&nbsp;</p>\n<p>The following labels generally release minimal techno, deep house or other genres but also release microhouse:</p>\n<ul>\n<li>Playhouse<sup id=\"cite_ref-hyperdub2002_6-1\" class=\"reference\">[6]</sup></li>\n<li>BPitch Control</li>\n<li>Cadenza</li>\n<li>Cocoon</li>\n<li>Ghostly International&nbsp;/&nbsp;Spectral Sound</li>\n<li>Kompakt</li>\n<li>Macro</li>\n<li>Mille Plateaux</li>\n<li>M nus</li>\n<li>Traum Schallplatten</li>\n<li>Truesoul</li>\n<li>Raster-Noton</li>\n</ul>\n<h2>&nbsp;</h2>\n<h2><span id=\"Notes\" class=\"mw-headline\">Notes</span></h2>\n<div class=\"reflist\">\n<div class=\"mw-references-wrap\">\n<ol class=\"references\">\n<li id=\"cite_note-1\"><span class=\"mw-cite-backlink\"><strong>^</strong></span>&nbsp;<span class=\"reference-text\"><cite id=\"CITEREFReynolds2013\" class=\"citation book cs1\">Reynolds, Simon (2013).&nbsp;<em>Energy Flash: A Journey Through Rave Music and Dance Culture</em>. Soft Skull Press.&nbsp;<q>In microhouse, elements of techno and disco, electro and house, acid and trance, get shuffled;</q></cite></span></li>\n<li id=\"cite_note-ishkur-2\"><span class=\"mw-cite-backlink\">^&nbsp;<span class=\"cite-accessibility-label\">Jump up to:</span><sup><em><strong>a</strong></em></sup>&nbsp;<sup><em><strong>b</strong></em></sup></span>&nbsp;<span class=\"reference-text\"><cite id=\"CITEREFIshkur2005\" class=\"citation web cs1\">Ishkur (2005).&nbsp;\"Ishkur's guide to Electronic Music\"<span class=\"reference-accessdate\">. Retrieved&nbsp;<span class=\"nowrap\">August 12,</span>&nbsp;2014</span>.</cite></span></li>\n<li id=\"cite_note-allmusic-3\"><span class=\"mw-cite-backlink\">^&nbsp;<span class=\"cite-accessibility-label\">Jump up to:</span><sup><em><strong>a</strong></em></sup>&nbsp;<sup><em><strong>b</strong></em></sup></span>&nbsp;<span class=\"reference-text\"><cite class=\"citation web cs1\">\"Microhouse\"<span class=\"reference-accessdate\">. Retrieved&nbsp;<span class=\"nowrap\">August 12,</span>&nbsp;2014</span>.</cite></span></li>\n<li id=\"cite_note-4\"><span class=\"mw-cite-backlink\"><strong>^</strong></span>&nbsp;<span class=\"reference-text\">Nye, Sean,&nbsp;\"Minimal Understandings: The Berlin Decade, The Minimal Continuum, and Debates on the Legacy of German Techno,\"&nbsp;Journal of Popular Music Studies 25, no. 2(2013): 154-84.</span></li>\n<li id=\"cite_note-NPR-5\"><span class=\"mw-cite-backlink\"><strong>^</strong></span>&nbsp;<span class=\"reference-text\">Michaelangelo Matos (April 7, 2010).&nbsp;\"Pantha Du Prince: Techno Music A Rock Fan Can Love\",&nbsp;<em>NPR Music</em>.</span></li>\n<li id=\"cite_note-hyperdub2002-6\"><span class=\"mw-cite-backlink\">^&nbsp;<span class=\"cite-accessibility-label\">Jump up to:</span><sup><em><strong>a</strong></em></sup>&nbsp;<sup><em><strong>b</strong></em></sup></span>&nbsp;<span class=\"reference-text\"><cite id=\"CITEREFStelfox2002\" class=\"citation web cs1\">Stelfox, Dave (2002).&nbsp;\"Clicky Disco: Microhouse's Forward March\". Archived from&nbsp;the original&nbsp;on 2004-03-15.</cite></span></li>\n<li id=\"cite_note-ishkurOnMicrohouse-7\"><span class=\"mw-cite-backlink\"><strong>^</strong></span>&nbsp;<span class=\"reference-text\"><cite id=\"CITEREFIshkur2005\" class=\"citation web cs1\">Ishkur (2005).&nbsp;\"Ishkur's guide to Electronic Music\"<span class=\"reference-accessdate\">. Retrieved&nbsp;<span class=\"nowrap\">August 12,</span>&nbsp;2014</span>.</cite></span></li>\n</ol>\n</div>\n</div>",
 "remarks": "本词条汉字内容由 @多频百科团队 翻译+编辑\n原文译自 https://en.wikipedia.org/wi/Microhouse",
 "remarksEn": "本词条内容来自 https://en.wikipedia.org/wi/Microhouse",
 "status": 1,
 "clickNum": 10,
 "deleted": 0,
 "lang": 0,
 "chooseLang": true,
 "id": 76,
 "name": "Microhouse",
 "descriptions": "Microhouse (又称Buftech或Minimal)，是一种受极简主义和20世纪90年代Techno强烈影响的house音乐的子流派。",
 "originalName": "",
 "startTimeText": "Late 1990s",
 "startAddress": " Europe",
 "searchStyle": "House",
 "styleCategory": "House",
 "originalStyle": "Minimal techno, house, bitpop, glitch, minimalism, IDM, Chicago house, acid house",
 "affectStyle": "",
 "deriveStyle": "",
 "representArtist": "",
 "officialUrl": "https://en.wikipedia.org/wiki/Microhouse",
 "typeId": 13,
 "typeName": "风格",
 "dataId": 76,
 "url": "http://dropinapp.hearinmusic.com/#/ency?typeId=13&dataId=76"
}