{
 "pageNum": 1,
 "pageSize": 10,
 "params": {},
 "content": "<div class=\"document\">\n<p>Minimal Wave是一种广泛的音乐分类，它包括晦涩的、非典型的音乐范例，如new wave、脱胎换骨的electronic或synthesizer music, synth-pop, post-punk, 和coldwave等流派。大部分的音乐往往集中在electronic、pre-MIDI instrumentation和真诚而非讽刺的疏离主题上。</p>\n<p>&nbsp;</p>\n<p>\"minimal wave \"的称呼引起了一些争议。虽然minimal wave在1970年代末和1980年代初被归类，随后出现在盗版和一次性的合辑中，但直到2000年代中期一家同名的唱片公司开始发行合辑和再版，这个流派才有了名字。</p>\n<p>&nbsp;</p>\n<p class=\"paragraph text-align-type-left pap-line-1.8 pap-line-rule-auto pap-spacing-before-0pt pap-spacing-after-0pt\"><strong>背景和词源 </strong></p>\n<p class=\"paragraph text-align-type-left pap-line-1.8 pap-line-rule-auto pap-spacing-before-0pt pap-spacing-after-0pt\">维罗妮卡&middot;瓦西卡(Veronica Vasicka)是the Minimal Wave唱片公司的创始人，她声称自己创造了这一流派名称。她在2009年的一次采访中说， 我收集了一些80年代早期的荷兰杂志，他们一直在用\"minimal electronics\", \"new wave\", \"coldwave\" 等等。我觉得应该有一个词来涵盖所有这些音乐，我觉得就是&ldquo;minimal wave&rdquo;。当我注册网站的时候，我就可以注册这个名字了。在2009年的一篇宣传文章中，Vasicka写道，这种音乐与其他几种流派有重叠，\"The Minimal Wave流派其实是几年前才形成的，是由于人们对前MIDI电子新浪潮（1978-1985年）的根基的兴趣重新抬头，主要来自北美、欧洲和日本。根据不同的风格、年份和乐队所在的地区，这种音乐有时被称为minimal electronic、minimal synth、coldwave、new wave、technopop或synthpop。&rdquo; 在音乐的全盛时期，世界各地都有音乐的亚文化群体，但欧洲(尤其是英国)和美国是最关键的，在这些地方，制作这类音乐的机器随处可见。在互联网使用之前，fanzine CLEM(电子音乐家联系列表)帮助创建了这个流派的音乐家的全球社区。这一流派的许多音乐家都是通过邮件合作的。</p>\n<p class=\"paragraph text-align-type-left pap-line-1.8 pap-line-rule-auto pap-spacing-before-0pt pap-spacing-after-0pt\">&nbsp;</p>\n<p class=\"paragraph text-align-type-left pap-line-1.8 pap-line-rule-auto pap-spacing-before-0pt pap-spacing-after-0pt\"><strong>特征 </strong></p>\n<p class=\"paragraph text-align-type-left pap-line-1.8 pap-line-rule-auto pap-spacing-before-0pt pap-spacing-after-0pt\">根据Vasicka的说法，这种类型的标志包括最小的音乐结构，相对不加修饰的制作，以及使用20世纪70年代和80年代制造的模拟合成器和鼓机。器乐编曲的特点是 \"机械的节拍 \"和 \"短小的重复模式\"，再加上 \"明显的合成鼓程序和颤抖、单薄的旋律\"，强调了合成声音的人工性。人声编曲 \"充当了这种人工性的反衬\"。\"这一流派的音乐家往往受到未来主义和建构主义等前卫运动以及科幻小说和存在主义文学的影响。</p>\n<p class=\"paragraph text-align-type-left pap-line-1.8 pap-line-rule-auto pap-spacing-before-0pt pap-spacing-after-0pt\">&nbsp;</p>\n<p class=\"paragraph text-align-type-left pap-line-1.8 pap-line-rule-auto pap-spacing-before-0pt pap-spacing-after-0pt\">作为一个风格名，极简潮（Minimal Wave）并不是一开始就有的。2000年后，同名厂牌Minimal Wave发行了一系列此风格的回顾合辑和再版，引发了一波复兴热潮，此风格名才正式确定。简要的说，它是新浪潮（New Wave）, 冷潮（Coldwave）,合成器流行（Synth Pop）和后朋（Post-Punk）等曲风的电子极简形式。 特征： 因Minimal Wave诞生于Midi（乐器数字接口）电子技术发展之前，使用的仍是较原始的类比合成器（Analog Synthesizer）和鼓机，所以其更像业余玩家捣鼓出来的东西，有低保真的特质，没有太多花俏。人声部分不拘一格，较疏离，冷漠。 。 流行时段： 1970年代末至1980年代中，2000年以后有一波复兴潮。</p>\n<p class=\"paragraph text-align-type-left pap-line-1.8 pap-line-rule-auto pap-spacing-before-0pt pap-spacing-after-0pt\">&nbsp;</p>\n<div>\n<div class=\"document\">\n<p class=\"paragraph text-align-type-left pap-line-1.8 pap-line-rule-auto pap-spacing-before-0pt pap-spacing-after-0pt\">Minimal Wave是作为一个流派名称在回顾中被创造出来的。它参考了新浪潮New Wave, Coldwave, Synth Pop and Post-Punk等最电子和最简约的形式。在其最纯粹的电子和合成器驱动的形式被称为Minimal Synth。它也被命名为Synth Wave和Minimal Electronics（器乐Minimal-Synth）。与主流的Synth-Pop相比，Minimal Wave的声音是稀疏的、业余的、脱胎换骨的、lo-fi的，使用模拟合成器、鼓机和前MIDI电子装置。唱法不拘一格，采用疏离/冷淡的人声。Minimal Wave主要是在1979-85年间发展起来的，特别是在比利时、法国和德国。大多数乐队都保持着低调和DIY的精神，有时会发行自我出版的卡带或私人品牌的限量版。自2000年中期以来，人们对这一流派的兴趣越来越广泛，一些厂牌如Minimal Wave或Anna Logue Records重新发行了一些新的唱片。(RateYourMusic.com报道)</p>\n</div>\n</div>\n</div>",
 "remarks": "本词条汉字内容由 @多频百科团队 翻译+编辑\n原文译自 https://en.wikipedia.org/wiki/Minimal_wave",
 "remarksEn": "本词条内容暂未完善仅供参考，多频百科小编正在火速赶来",
 "status": 0,
 "clickNum": 0,
 "deleted": 0,
 "lang": 0,
 "chooseLang": false,
 "id": 321,
 "name": "Minimal Wave",
 "descriptions": "Minimal Wave是一种广泛的音乐分类，它包括晦涩的、非典型的音乐范例，如new wave、脱胎换骨的electronic或synthesizer music, synth-pop, post-punk, 和coldwave等流派。大部分的音乐往往集中在electronic、pre-MIDI instrumentation和真诚而非讽刺的疏离主题上。\n\n\"minimal wave \"的称呼引起了一些争议。虽然minimal wave在1970年代末和1980年代初被归类，随后出现在盗版和一次性的合辑中，但直到2000年代中期一家同名的唱片公司开始发行合辑和再版，这个流派才有了名字。",
 "originalName": "",
 "startTimeText": "1970s–1980s",
 "startAddress": "",
 "searchStyle": "Electronic Rock",
 "styleCategory": "New Wave",
 "originalStyle": "Synth-pop, post-punk, coldwave, new wave",
 "affectStyle": "",
 "deriveStyle": "",
 "representArtist": "",
 "officialUrl": "https://en.wikipedia.org/wiki/Minimal_wave",
 "typeId": 13,
 "typeName": "风格",
 "dataId": 321,
 "url": "http://dropinapp.hearinmusic.com/#/ency?typeId=13&dataId=321"
}