{
 "pageNum": 1,
 "pageSize": 10,
 "params": {},
 "relationChannel": "[{\"id\":1404,\"parentId\":8,\"name\":\"Moombahcore\"}]",
 "content": "<div class=\"document\">\n<p class=\"paragraph text-align-type-left pap-line-1.8 pap-line-rule-auto pap-spacing-before-0pt pap-spacing-after-0pt\">Moombahcore是受dubstep影响的moombahton的一个子流派，也融入了新式硬核、breakcore和techstep的元素。Moombahcore融合了dubstep鼓和moombahton节奏（100-115 BPM），融入了摇摆贝斯、FM合成器、失真基音和复杂打击乐模式等元素。</p>\n</div>",
 "contentEn": "<p><strong>Moombahcore</strong>&nbsp;is a derivation of moombahton with&nbsp;dubstep&nbsp;influences, also incorporating elements of&nbsp;newstyle hardcore,&nbsp;breakcore, and&nbsp;techstep.<sup id=\"cite_ref-MTV1_4-1\" class=\"reference\"></sup>&nbsp;Moombahcore fused&nbsp;dubstep&nbsp;drums and moombahton tempo (100-115&nbsp;BPM), incorporating elements such as&nbsp;wobble bass,&nbsp;FM synths, distorted basslines, and complex percussion patterns.</p>",
 "remarks": "本词条汉字内容由 @多频百科团队 翻译+编辑\n原文译自  https://en.wikipedia.org/wiki/Moombahton#Moombahcore",
 "remarksEn": "本词条内容来自  https://en.wikipedia.org/wiki/Moombahton#Moombahcore",
 "status": 1,
 "clickNum": 30,
 "deleted": 0,
 "lang": 0,
 "chooseLang": true,
 "id": 78,
 "name": "Moombahcore",
 "descriptions": "Moombahcore是受dubstep影响的moombahton的一个子流派，也融入了新式硬核、breakcore和techstep的元素。Moombahcore融合了dubstep鼓和moombahton节奏（100-115 BPM），融入了摇摆贝斯、FM合成器、失真基音和复杂打击乐模式等元素。\n\n",
 "originalName": "",
 "startTimeText": "",
 "startAddress": "",
 "searchStyle": "House",
 "styleCategory": "Moombahton",
 "originalStyle": "dubstep, moombahton",
 "affectStyle": "Newstyle hardcore, breakcore, techstep",
 "deriveStyle": "",
 "representArtist": "",
 "officialUrl": "https://en.wikipedia.org/wiki/Moombahton#Moombahcore",
 "typeId": 13,
 "typeName": "风格",
 "dataId": 78,
 "url": "http://dropinapp.hearinmusic.com/#/ency?typeId=13&dataId=78"
}