{
 "pageNum": 1,
 "pageSize": 10,
 "params": {},
 "relationChannel": "[{\"id\":1130,\"parentId\":8,\"name\":\"Moombahton\"}]",
 "content": "<div class=\"document\">\n<p class=\"paragraph text-align-type-left pap-line-1.8 pap-line-rule-auto pap-spacing-before-0pt pap-spacing-after-0pt\">Moombahton舞曲是一种结合了浩室音乐（House）和雷吉顿舞曲（Reggaeton）的新兴舞曲流派，是由美国DJ Dave Nada定义的一种风格，特点是厚实的电气声和慢慢扩散的低音线，；Build up的处理上比较情景化，不像是常规的堆叠式推动情绪，而是放空并切换场景的戏剧式；并且在放慢的Bpm里填充上快而密集的鼓点，并且伴有人声切片样本。Moombahton其实是一种放慢速度的Electro House，并且加入了Reggaeton和Dutch House的元素，有种魔性的节奏律动，充满了拉丁风情。这类风格慢慢受到了各大DJ的青睐，并且随着神曲《Lean On》的出现而火爆全球。</p>\n<p class=\"paragraph text-align-type-left pap-line-1.8 pap-line-rule-auto pap-spacing-before-0pt pap-spacing-after-0pt\">&nbsp;</p>\n<p class=\"paragraph text-align-type-left pap-line-1.8 pap-line-rule-auto pap-spacing-before-0pt pap-spacing-after-0pt\" style=\"text-align: center;\"><img src=\"https://duopin-community.oss-cn-shenzhen.aliyuncs.com/c1j7iln38pr4s5x7f3kr.jpg\" alt=\"\" width=\"1440\" height=\"1080\" /></p>\n<p class=\"paragraph text-align-type-left pap-line-1.8 pap-line-rule-auto pap-spacing-before-0pt pap-spacing-after-0pt\" style=\"text-align: center;\"><span style=\"font-size: 8pt;\">Dillion Francis是Moombahton场景中的一位知名艺术家</span></p>\n<p class=\"paragraph text-align-type-left pap-line-1.8 pap-line-rule-auto pap-spacing-before-0pt pap-spacing-after-0pt\" style=\"text-align: center;\"><span style=\"font-size: 8pt;\">By swimfinfan from Chicago - Dillon Francis @ Aragon, Chicago 12/14/2013, CC BY-SA 2.0, https://commons.wikimedia.org/w/index.php?curid=37075019</span></p>\n<p class=\"paragraph text-align-type-left pap-line-1.8 pap-line-rule-auto pap-spacing-before-0pt pap-spacing-after-0pt\">&nbsp;</p>\n<p class=\"paragraph text-align-type-left pap-line-1.8 pap-line-rule-auto pap-spacing-before-0pt pap-spacing-after-0pt\"><strong>特征</strong></p>\n<div>\n<div class=\"document\">\n<p class=\"paragraph text-align-type-left pap-line-1.8 pap-line-rule-auto pap-spacing-before-0pt pap-spacing-after-0pt\">Moombahton的特征包括浓重且分散的低音线，引人注目的音色以及使用快速鼓点的2-step跳动。有时，moombahton会使用狂欢音乐合成器和无伴奏说唱。 音乐上，moombahton的节奏起源自Dutch House或House音乐 ，伴随着缓慢的雷鬼节奏和打击乐 ，以通常每分钟100至128拍（BPM）演奏。</p>\n<p class=\"paragraph text-align-type-left pap-line-1.8 pap-line-rule-auto pap-spacing-before-0pt pap-spacing-after-0pt\">&nbsp;</p>\n</div>\n</div>\n<p class=\"paragraph text-align-type-left pap-line-1.8 pap-line-rule-auto pap-spacing-before-0pt pap-spacing-after-0pt\"><strong>历史起源 </strong></p>\n<p class=\"paragraph text-align-type-left pap-line-1.8 pap-line-rule-auto pap-spacing-before-0pt pap-spacing-after-0pt\">Moombahton是由Dave Nada（戴夫&middot;纳达）在2009年末为他表弟在华盛顿的高中派对做DJ时创建的。他将他计划播放的House和俱乐部音乐与客人们之前听的雷鬼和巴卡塔音乐融合在一起，将Afrojack对Silvio Ecomo和Chuckie的歌曲 \"Moombah!\"的混音从128 BPM放慢到108 BPM，从而创造了这个流派的基础。</p>\n<p class=\"paragraph text-align-type-left pap-line-1.8 pap-line-rule-auto pap-spacing-before-0pt pap-spacing-after-0pt\">&nbsp;</p>\n<p class=\"paragraph text-align-type-left pap-line-1.8 pap-line-rule-auto pap-spacing-before-0pt pap-spacing-after-0pt\" style=\"padding-left: 30px;\"><em>\"......我试着把我的House歌曲放慢，我把Afrojack对Silvio Ecomo和DJ Chuckie的 \"Moombah \"的混音放在108 BPM，人们都疯了。我对Sidney Samson的 \"Riverside \"也做了同样的处理，那是一种谵妄。我明白，我必须尽快录制这些版本。\" </em></p>\n<p class=\"paragraph text-align-type-left pap-line-1.8 pap-line-rule-auto pap-spacing-before-0pt pap-spacing-after-0pt\" style=\"text-align: right;\"><em>戴夫-纳达 </em></p>\n<p class=\"paragraph text-align-type-left pap-line-1.8 pap-line-rule-auto pap-spacing-before-0pt pap-spacing-after-0pt\">&nbsp;</p>\n<p class=\"paragraph text-align-type-left pap-line-1.8 pap-line-rule-auto pap-spacing-before-0pt pap-spacing-after-0pt\">2009年底至2010年初，纳达在T&amp;A唱片公司的DJ Ayres和DJ Tittsworth的支持下，制作了一张五首Moombahton曲目的加长版，于2010年3月发行。</p>\n<p class=\"paragraph text-align-type-left pap-line-1.8 pap-line-rule-auto pap-spacing-before-0pt pap-spacing-after-0pt\">&nbsp;</p>\n<p class=\"paragraph text-align-type-left pap-line-1.8 pap-line-rule-auto pap-spacing-before-0pt pap-spacing-after-0pt\"><strong>子流派</strong></p>\n<p class=\"paragraph text-align-type-left pap-line-1.8 pap-line-rule-auto pap-spacing-before-0pt pap-spacing-after-0pt\"><span style=\"text-decoration: underline;\">Moombahcore</span></p>\n<p class=\"paragraph text-align-type-left pap-line-1.8 pap-line-rule-auto pap-spacing-before-0pt pap-spacing-after-0pt\">Moombahcore是moombahton的一个子流派，受到dubstep的影响，也融入了新式硬核、breakcore和techstep的元素。Moombahcore融合了dubstep鼓和moombahton节奏（100-115 BPM），融入了摇摆贝斯、FM合成器、失真基音和复杂的打击乐模式等元素。</p>\n<p class=\"paragraph text-align-type-left pap-line-1.8 pap-line-rule-auto pap-spacing-before-0pt pap-spacing-after-0pt\">&nbsp;</p>\n<p class=\"paragraph text-align-type-left pap-line-1.8 pap-line-rule-auto pap-spacing-before-0pt pap-spacing-after-0pt\"><span style=\"text-decoration: underline;\">Moombahsoul</span></p>\n<p class=\"paragraph text-align-type-left pap-line-1.8 pap-line-rule-auto pap-spacing-before-0pt pap-spacing-after-0pt\">Moombahsoul是moombahton的一个子流派，受到Deephouse的影响。它结合了灵魂乐、lofi、Deephouse和寒潮的元素，并以moombahton为背景的鼓点和质感。David Heartbreak在2011年推出了这个流派的第一张合辑，名为 \"HEARTBREAK presents MOOMBAHSOUL]\"。这张15首歌曲的合辑包括了Munchi、Heartbreak、DJ Theory &amp; More等的曲目。</p>\n</div>",
 "contentEn": "<p><strong>Moombahton</strong>&nbsp;(<span class=\"rt-commentedText nowrap\"><span class=\"IPA nopopups noexcerpt\">/<span title=\"/ˈ/: primary stress follows\">ˈ</span><span title=\"'m' in 'my'\">m</span><span title=\"/uː/: 'oo' in 'goose'\">uː</span><span title=\"'m' in 'my'\">m</span><span title=\"'b' in 'buy'\">b</span><span title=\"/ə/: 'a' in 'about'\">ə</span><span title=\"'t' in 'tie'\">t</span><span title=\"/ɒ/: 'o' in 'body'\">ɒ</span><span title=\"'n' in 'nigh'\">n</span>/</span></span>,&nbsp;<em title=\"English pronunciation respelling\">MOOM-bə-ton</em>) is an&nbsp;electronic dance music&nbsp;genre, derived of&nbsp;house music&nbsp;and&nbsp;reggaeton&nbsp;that was created by American&nbsp;DJ&nbsp;and&nbsp;producer&nbsp;Dave Nada&nbsp;in&nbsp;Washington, D.C., in 2009.<sup id=\"cite_ref-washdc_2-0\" class=\"reference\">[2]</sup><sup id=\"cite_ref-3\" class=\"reference\">[3]</sup>&nbsp;Nada coined the name as a&nbsp;portmanteau&nbsp;of \"Moombah\" (a track by Surinamese house DJ&nbsp;Chuckie&nbsp;and Dutch producer/DJ Silvio Ecomo) and reggaeton (itself a neologism combining&nbsp;reggae&nbsp;with the Spanish suffix&nbsp;<em>-ton</em>, signifying big).</p>\n<p>&nbsp;</p>\n<h2><span id=\"Characteristics\" class=\"mw-headline\">Characteristics</span></h2>\n<p>Identifying characteristics of moombahton include a thick and spread-out bass line, dramatic builds, and a two-step pulse with quick drum fills. Occasionally moombahton includes&nbsp;rave music&nbsp;synthesizers and a cappella rap samples.<sup id=\"cite_ref-washdc_2-1\" class=\"reference\">[2]</sup>&nbsp;Musically, moombahton mixes the rhythmic origins of&nbsp;Dutch house&nbsp;or&nbsp;house music, the slow tempo of&nbsp;reggaeton, usually between 100 and 128 bpm, accompanied by&nbsp;percussions&nbsp;from reggaeton.<sup id=\"cite_ref-washdc_2-2\" class=\"reference\">[2]</sup></p>\n<h2>&nbsp;</h2>\n<h2><span id=\"History\" class=\"mw-headline\">History</span></h2>\n<h3><span id=\"Origins\" class=\"mw-headline\">Origins</span></h3>\n<p>Moombahton was created by&nbsp;Dave Nada&nbsp;in late 2009 while DJing his cousin's high school cut party in&nbsp;Washington, D.C.&nbsp;He blended the&nbsp;house&nbsp;and&nbsp;club music&nbsp;which he had planned to play with the&nbsp;reggaeton&nbsp;and&nbsp;bachata&nbsp;the guests were previously listening to by slowing down&nbsp;Afrojack's remix of Silvio Ecomo and&nbsp;Chuckie's song \"Moombah!\" from 128 bpm to 108 bpm, to create the basis of the genre.<sup id=\"cite_ref-5\" class=\"reference\">[5]</sup></p>\n<blockquote>\n<p>&nbsp;</p>\n<p>&laquo;... I tried to slow down my house songs, I put the Afrojack remix of \"Moombah\" by Silvio Ecomo and DJ Chuckie at 108 bpm, and the people went crazy. I did the same with Sidney Samson's \"Riverside\", and it was a delirium. I understood that I would have to record these editions as soon as possible.&raquo;</p>\n<p style=\"text-align: right;\"><br />Dave Nada<sup id=\"cite_ref-Pomini_6-0\" class=\"reference\">[6]</sup></p>\n</blockquote>\n<p>&nbsp;</p>\n<p>Between late 2009 and early 2010, Nada worked on a five track&nbsp;extended play&nbsp;of moombahton tracks that was released in March 2010, with the support of the DJ Ayres and the&nbsp;DJ Tittsworth&nbsp;at&nbsp;T&amp;A Records.<sup id=\"cite_ref-7\" class=\"reference\">[7]</sup></p>\n<h2>&nbsp;</h2>\n<h2><span id=\"Subgenres\" class=\"mw-headline\">Subgenres</span></h2>\n<h3><span id=\"Moombahcore\" class=\"mw-headline\">Moombahcore</span></h3>\n<p><strong>Moombahcore</strong>&nbsp;is a derivation of moombahton with&nbsp;dubstep&nbsp;influences, also incorporating elements of&nbsp;newstyle hardcore,&nbsp;breakcore, and&nbsp;techstep.<sup id=\"cite_ref-MTV1_4-1\" class=\"reference\">[4]</sup>&nbsp;Moombahcore fused&nbsp;dubstep&nbsp;drums and moombahton tempo (100-115&nbsp;BPM), incorporating elements such as&nbsp;wobble bass,&nbsp;FM synths, distorted basslines, and complex percussion patterns.<sup id=\"cite_ref-8\" class=\"reference\">[8]</sup></p>\n<h3>&nbsp;</h3>\n<h3><span id=\"Moombahsoul\" class=\"mw-headline\">Moombahsoul</span></h3>\n<p><strong>Moombahsoul</strong>&nbsp;is a subgenre of moombahton with&nbsp;deep house&nbsp;influences. It combines the elements of&nbsp;soul,&nbsp;lofi, deep house and&nbsp;chill&nbsp;with moombahton backed drums and textures. David Heartbreak put together one of the genres first compilations in 2011 entitled 'HEARTBREAK presents MOOMBAHSOUL<sup id=\"cite_ref-9\" class=\"reference\">[9]</sup>'. The 15 track compilation included tracks by&nbsp;Munchi, Heartbreak, DJ Theory &amp; More.</p>\n<p>&nbsp;</p>\n<h2><span id=\"References\" class=\"mw-headline\">References</span></h2>\n<div class=\"reflist reflist-columns references-column-width reflist-columns-2\">\n<ol class=\"references\">\n<li id=\"cite_note-1\"><span class=\"mw-cite-backlink\"><strong>^</strong></span>&nbsp;<span class=\"reference-text\"><cite id=\"CITEREFYenigun2011\" class=\"citation news cs1\">Yenigun, Sami (March 18, 2011).&nbsp;\"Moombahton: Born In D.C., Bred Worldwide\".&nbsp;<em>NPR</em><span class=\"reference-accessdate\">. Retrieved&nbsp;<span class=\"nowrap\">November 17,</span>&nbsp;2011</span>.</cite></span></li>\n<li id=\"cite_note-washdc-2\"><span class=\"mw-cite-backlink\">^&nbsp;<span class=\"cite-accessibility-label\">Jump up to:</span><sup><em><strong>a</strong></em></sup>&nbsp;<sup><em><strong>b</strong></em></sup>&nbsp;<sup><em><strong>c</strong></em></sup></span>&nbsp;<span class=\"reference-text\"><cite id=\"CITEREFFischer2010\" class=\"citation web cs1\">Fischer, Jonathan L. (December 24, 2010).&nbsp;\"Our Year in Moombahton: How a local DJ created a genre, and why D.C.'s ascendant dance scene couldn't contain it\". Washington City Paper<span class=\"reference-accessdate\">. Retrieved&nbsp;<span class=\"nowrap\">November 17,</span>&nbsp;2011</span>.</cite></span></li>\n<li id=\"cite_note-3\"><span class=\"mw-cite-backlink\"><strong>^</strong></span>&nbsp;<span class=\"reference-text\"><cite id=\"CITEREFShepherd2010\" class=\"citation web cs1\">Shepherd, Julianne Escobedo (March 5, 2010).&nbsp;\"Dave Nada, Creator of moombahton\". The Fader<span class=\"reference-accessdate\">. Retrieved&nbsp;<span class=\"nowrap\">November 17,</span>&nbsp;2011</span>.</cite></span></li>\n<li id=\"cite_note-MTV1-4\"><span class=\"mw-cite-backlink\">^&nbsp;<span class=\"cite-accessibility-label\">Jump up to:</span><sup><em><strong>a</strong></em></sup>&nbsp;<sup><em><strong>b</strong></em></sup></span>&nbsp;<span class=\"reference-text\"><cite id=\"CITEREFBrodsky\" class=\"citation web cs1\">Brodsky, Rachel.&nbsp;\"EDM king Dillon Francis is MTV's latest Artist to Watch\". MTV News<span class=\"reference-accessdate\">. Retrieved&nbsp;<span class=\"nowrap\">January 21,</span>&nbsp;2017</span>.</cite></span></li>\n<li id=\"cite_note-5\"><span class=\"mw-cite-backlink\"><strong>^</strong></span>&nbsp;<span class=\"reference-text\"><cite id=\"CITEREFPatel\" class=\"citation web cs1\">Patel, Puja.&nbsp;\"Hot New Sound: Moombahton Goes Boom!\".&nbsp;<em>Spin</em><span class=\"reference-accessdate\">. Retrieved&nbsp;<span class=\"nowrap\">16 February</span>&nbsp;2012</span>.</cite></span></li>\n<li id=\"cite_note-Pomini-6\"><span class=\"mw-cite-backlink\"><strong>^</strong></span>&nbsp;<span class=\"reference-text\"><cite id=\"CITEREFAndrea_Pomini\" class=\"citation news cs1\">Andrea Pomini. \"Raving about Moombahton\" (in Italian). Rumore magazine #230, pag. 40.</cite></span></li>\n<li id=\"cite_note-7\"><span class=\"mw-cite-backlink\"><strong>^</strong></span>&nbsp;<span class=\"reference-text\"><cite class=\"citation web cs1\">\"Dave Nada &ndash; Moombahton\". T&amp;A Records. Archived from&nbsp;the original&nbsp;on October 13, 2011<span class=\"reference-accessdate\">. Retrieved&nbsp;<span class=\"nowrap\">November 17,</span>&nbsp;2011</span>.</cite></span></li>\n<li id=\"cite_note-8\"><span class=\"mw-cite-backlink\"><strong>^</strong></span>&nbsp;<span class=\"reference-text\"><cite id=\"CITEREFAguiar_Steven\" class=\"citation web cs1\">Aguiar Steven.&nbsp;\"Sazon Booya Lead Moombahton's 2012 Breakthrough\". MTV<span class=\"reference-accessdate\">. Retrieved&nbsp;<span class=\"nowrap\">December 1,</span>2012</span>.</cite></span></li>\n<li id=\"cite_note-9\"><span class=\"mw-cite-backlink\"><strong>^</strong></span>&nbsp;<span class=\"reference-text\"><cite class=\"citation web cs1\">\"The Couch Sessions\".&nbsp;<em>The Couch Sessions</em><span class=\"reference-accessdate\">. Retrieved&nbsp;<span class=\"nowrap\">2020-02-26</span></span>.</cite></span></li>\n</ol>\n</div>",
 "remarks": "本词条汉字内容由 @多频百科团队 翻译+编辑\n原文译自 https://en.wikipedia.org/wiki/Moombahton",
 "remarksEn": "本词条内容来自 https://en.wikipedia.org/wiki/Moombahton",
 "status": 1,
 "clickNum": 46,
 "deleted": 0,
 "lang": 0,
 "chooseLang": true,
 "id": 77,
 "name": "Moombahton",
 "descriptions": "Moombahton舞曲是一种结合了浩室音乐（House）和雷吉顿舞曲（Reggaeton）的新兴舞曲流派，是由美国DJ Dave Nada定义的一种风格，特点是厚实的电气声和慢慢扩散的低音线，；Build up的处理上比较情景化，不像是常规的堆叠式推动情绪，而是放空并切换场景的戏剧式；并且在放慢的Bpm里填充上快而密集的鼓点，并且伴有人声切片样本。Moombahton其实是一种放慢速度的Electro House，并且加入了Reggaeton和Dutch House的元素，有种魔性的节奏律动，充满了拉丁风情。这类风格慢慢受到了各大DJ的青睐，并且随着神曲《Lean On》的出现而火爆全球。",
 "originalName": "",
 "startTimeText": "2008",
 "startAddress": "Washington, D.C.",
 "searchStyle": "House, Electronic Reggae",
 "styleCategory": "House",
 "originalStyle": "House, reggaeton, electro house, dancehall, dutch house, reggae fusion, Afrobeats",
 "affectStyle": "",
 "deriveStyle": "",
 "representArtist": "",
 "officialUrl": "https://en.wikipedia.org/wiki/Moombahton",
 "typeId": 13,
 "typeName": "风格",
 "dataId": 77,
 "url": "http://dropinapp.hearinmusic.com/#/ency?typeId=13&dataId=77"
}