{
 "pageNum": 1,
 "pageSize": 10,
 "params": {},
 "relationChannel": "[{\"id\":1319,\"parentId\":8,\"name\":\"Mumble Rap\"}]",
 "content": "<div class=\"document\">\n<p>Mumble rap（通常用于描述 \"emo rap \"和 \"SoundCloud Rap\"）是一种定义宽松的嘻哈微流派，2010年代主要在在线音频发行平台SoundCloud上传播。这个词指的是歌手发出的含糊不清的声音，一般指的是那些不认同该流派典型的强调抒情的说唱歌手。</p>\n<p>&nbsp;</p>\n<p>虽然这个词被广泛批评为不准确或带有贬义，但一些艺术家收回了这个词。有些人认为这种风格是该流派发展的一个新阶段。</p>\n<p>&nbsp;</p>\n<p class=\"paragraph text-align-type-left pap-line-1.8 pap-line-rule-auto pap-spacing-before-0pt pap-spacing-after-0pt\"><strong>风格和词源</strong></p>\n<p class=\"paragraph text-align-type-left pap-line-1.8 pap-line-rule-auto pap-spacing-before-0pt pap-spacing-after-0pt\">2014年， \"Mumble Rap \"一词在VladTV的战斗说唱歌手记者迈克尔&middot;休斯(Michael Hughes)在采访战斗说唱歌手Loaded Lux时首次使用，谈论这种风格在主流嘻哈中的兴起。对于是谁第一个使用这种说唱风格，人们存在分歧，尽管这种风格被认为是由Gucci Mane、Chief Keef和最著名的Future等说唱歌手创造的，Future的2011年单曲《Tony Montana》经常被认为是第一首Mumble Rap歌曲。这个词最初用来形容那些歌词不太清晰的说唱歌手，后来这个词的使用范围扩大到其他一些说唱歌手，包括Reddit发帖者和YouTube评论者，他们声称说唱歌手通常不重视抒情或抒情质量。有些人声称，Das EFX和Fu-Schnickens等艺术家在这个术语被创造之前的几年就以类似的风格说唱。\"Mumble Rap\"倾向于谈论毒品、性、金钱、珠宝、名牌服装和派对。被贴上 \"Mumble Rap \"标签的说唱者还倾向于使用 \"aye \"，即他们在歌词的开头或结尾添加 \"yeah\", \"aye\" 和\"uh\"等词语。\" Mumble Rap\"几乎只作为一个贬义词，指艺术家的歌词不连贯。Oscar Harold of the Cardinal Times的Oscar Harold 表示，\"Mumble Rap \"是一种误导，他认为，与Mumble Rap相比，Future等说唱歌手更依赖流行旋律和自动调音等声效。The Ringer的工作人员Justin Charity认为，这个词是不必要的归纳，事实上并不是指一种特定的说唱类型。他写道，关于这个亚流派，许多经常被当做替罪羊的艺术家实际上并没有Mumble ，这 \"就是这个词不是一个有用的亚分类的危险信号\"。对于一些说唱歌手是否是Mumble Rap，存在争议。还有人将mumble/SoundCloud rap与其他新生代主导的演变或小众音乐，如Trap和cloud rap混为一谈。The Cleveland Plain Dealer的Troy L. Smith写道，21 Savage被不公平地归为Mumble Rapper。SoundCloud rap现场 2017年，《纽约时报》的音乐评论家Jon Caramanica认为，SoundCloudrap \"在过去的一年里，已经成为嘻哈界最具生命力和破坏力的新运动\"。\"Alamo Records \"的创始人Todd Moscowitz称这个场景为 \"lo-fi运动\"，指出声音中严重失真的低音和故意缺乏打磨。当 Ski Mask the Slump God 讨论该流派的lo-fi声音和录音技术时，他指出：\"这就像最糟糕的录音装置，你可以在任何地方设置它，这就是我们所处的浪潮....。原始能量--失真--是我们的特长，我们利用了这一点。\" Spin指出，SoundCloud公司一直未能利用SoundCloud rap的人气来改善其财务问题。2019年1月，《滚石》杂志的Stephen Witt以2017年和2018年说唱歌手Lil Peep和XXXTentacion的死亡、Lil Xan进入戒毒所以及6ix9ine的法律问题为例，认为过去几年的SoundCloud rap浪潮现在已经走向衰落。</p>\n<div>\n<div class=\"document\">\n<p class=\"paragraph text-align-type-left pap-line-1.8 pap-line-rule-auto pap-spacing-before-0pt pap-spacing-after-0pt\">&nbsp;</p>\n<p class=\"paragraph text-align-type-left pap-line-1.8 pap-line-rule-auto pap-spacing-before-0pt pap-spacing-after-0pt\"><strong>批评 </strong></p>\n<p class=\"paragraph text-align-type-left pap-line-1.8 pap-line-rule-auto pap-spacing-before-0pt pap-spacing-after-0pt\">对Mumble Rap表示不满的说唱歌手包括J.Cole、Logic、Chris Webby、Russ、Joyner Lucas和Eminem。在他的专辑《Kamikaze》中，Eminem在Royce da 5'9 \"的歌曲 \"Caterpillar \"中宣称 \"The boom bap is coming back with an axe to mumble rap \"后，批评了多个 \"Mumble Rapper\"。Eminem针对Machine Gun Kelly的diss歌曲 \"Killshot \"中，他贬低地称MGK为Mumble Rapper。著名说唱艺术家Pete Rock 突出批评这种风格抛弃了嘻哈传统。在音乐评论家Robert Christgau看来，\"SoundCloud rap至少和其他类型的嘻哈一样，受到性别歧视言论的困扰，我需要很好的理由才能放过它。\" 他还说，\"我已经厌恶了'婊子'这个词\"，特别不喜欢XXXTentacion的音乐就是因为这些原因。</p>\n<p class=\"paragraph text-align-type-left pap-line-1.8 pap-line-rule-auto pap-spacing-before-0pt pap-spacing-after-0pt\">&nbsp;</p>\n<p class=\"paragraph text-align-type-left pap-line-1.8 pap-line-rule-auto pap-spacing-before-0pt pap-spacing-after-0pt\"><strong>赞美</strong></p>\n<p class=\"paragraph text-align-type-left pap-line-1.8 pap-line-rule-auto pap-spacing-before-0pt pap-spacing-after-0pt\">The Ringer的Justin Charity在为这种风格辩护时提出，这场辩论 \"其实是关于对一代年轻音乐人如何选择以奇怪的、前所未有的方式使用他们的声音，并违背他们的父母和祖先的意愿而感到不适\"。《卫报》将这种风格与第一波punk相提并论，指出了一种共同的 \"声音的简单性、欢快的无厘头和越轨感\"。The Vibe将Mumble Rap与早期的嘻哈形式以及爵士乐的拍打联系起来。\"对于The Conversation，Adam de Paor-Evans对Mumble Rap是懒惰的反映这一观点提出质疑，相反，他认为这是当代文化生活的直接性和速度所导致的无聊的准确反映。\" Red Bull Music Academy 表示，\"无论他们被贴上怎样的标签--SoundCloud rap、emo-trap、Mumble Rap--有一点是肯定的：这些说唱歌手正在开辟新的道路，再一次挑战了什么是说唱、说唱的对象和传播方式的界限。\" 说唱先锋Grandmaster Caz表示接受这种风格，他说：\"这都是好事，他们是不同的一代人，他们做着不同的事情，他们有不同的梦想，他们影响不同的地方。\" Funk先锋Parliament-Funkadelic的George Clinton宣称自己是Mumble Rap的听众，他说：\"我们试图关注任何让你紧张的新音乐。\" 播客和电视主持人The Kid Mero驳斥了对这种风格的批评，他说：&rdquo;听着，如果你的东西很怪，我为什么要听你说什么?如果我打开它，发现它的节奏有点烦人，我可不想坐着听你说&lsquo;抒情的、玄学的、有天赋的&hellip;&hellip;&rsquo;&rdquo;</p>\n</div>\n</div>\n</div>",
 "remarks": "本词条汉字内容由 @多频百科团队 翻译+编辑\n原文译自 https://en.wikipedia.org/wiki/Mumble_rap",
 "remarksEn": "本词条内容暂未完善仅供参考，多频百科小编正在火速赶来",
 "status": 0,
 "clickNum": 0,
 "deleted": 0,
 "lang": 0,
 "chooseLang": false,
 "id": 294,
 "name": "Mumble Rap",
 "descriptions": "Mumble rap（通常用于描述 \"emo rap \"和 \"SoundCloud Rap\"）是一种定义宽松的嘻哈微流派，2010年代主要在在线音频发行平台SoundCloud上传播。",
 "originalName": "rap, emo rap, EDM rap, melodic rap",
 "startTimeText": "Early 2010s",
 "startAddress": "",
 "searchStyle": "Hip Hop Music",
 "styleCategory": "Hip Hop Music",
 "originalStyle": "Hip hop, trap, drill, pop, indie rock, lo-fi",
 "affectStyle": "",
 "deriveStyle": "",
 "representArtist": "",
 "officialUrl": "https://en.wikipedia.org/wiki/Mumble_rap",
 "typeId": 13,
 "typeName": "风格",
 "dataId": 294,
 "url": "http://dropinapp.hearinmusic.com/#/ency?typeId=13&dataId=294"
}