{
 "pageNum": 1,
 "pageSize": 10,
 "params": {},
 "relationChannel": "[{\"id\":1288,\"parentId\":8,\"name\":\"Musique Concrète\"}]",
 "content": "<div class=\"document\">\n<div>\n<div class=\"document\">\n<p class=\"paragraph text-align-type-left pap-line-1.8 pap-line-rule-auto pap-spacing-before-2pt pap-spacing-after-2pt\">Musique concr&egrave;te（具象音乐，也称具体音乐）是一种以录制的声音作为素材的音乐作品，最早在20世纪40年代由皮埃尔&middot;舍费尔（Pierre Schaeffer）提出。声音通常通过应用音频效果和磁带处理技术进行修改，并且可以组合成蒙太奇的形式。它可以包含从乐器，人声和自然环境的录音中导出的声音，以及使用合成器和基于计算机的数字信号处理创建的声音。这个术语中的乐曲并不局限于旋律，和声，节奏等的正常音乐​规则。它利用了声音听觉功能，这意味着声音身份经常可能被有意遮掩或看起来与音源无关。</p>\n<p class=\"paragraph text-align-type-left pap-line-1.8 pap-line-rule-auto pap-spacing-before-2pt pap-spacing-after-2pt\">&nbsp;</p>\n<p class=\"paragraph text-align-type-left pap-line-1.8 pap-line-rule-auto pap-spacing-before-2pt pap-spacing-after-2pt\">Musique concr&egrave;te（具象音乐）在1948年由皮埃尔&middot;舍费尔（Pierre Schaeffer）提出。他公演的第一部具象音乐作品是《地铁练习曲》（Etude aux Chemins de Fer）。皮埃尔&middot;舍费尔对何为具象音乐的诠释是：&ldquo;以往的非具象的音乐是指作曲家将音乐转换成作曲符号，写在乐谱上，由音乐家识谱后演奏才产生音乐。可是乐谱不能发声，只是传达音乐的载体，对音乐的诠释是抽象的符号，而不是音乐本身。具象音乐直接将声音录制，直接在声音上进行创作，听到的便是声音的全部面貌，不再需要符号等抽象的工具来过渡，创作手法本身便是具象的。&rdquo;</p>\n<p class=\"paragraph text-align-type-left pap-line-1.8 pap-line-rule-auto pap-spacing-before-2pt pap-spacing-after-2pt\">&nbsp;</p>\n<p class=\"paragraph text-align-type-left pap-line-1.8 pap-line-rule-auto pap-spacing-before-2pt pap-spacing-after-2pt\">具象音乐的创作，就是将来源各异的录音&mdash;&mdash;无论来自广播公司声音数据库抑或自行录制的声音片段，以创造性的后期制作技术，调变出传统乐器所不可能表现的音乐。这种录音不强调音源物，却强调声音的抽象造形性，其方法与造型艺术的几何构成、拼贴手法若合，却远离了勋伯格（Arnold Schoenberg）的十二音列理论。</p>\n<p class=\"paragraph text-align-type-left pap-line-1.8 pap-line-rule-auto pap-spacing-before-2pt pap-spacing-after-2pt\">&nbsp;</p>\n<p class=\"paragraph text-align-type-left pap-line-1.8 pap-line-rule-auto pap-spacing-before-2pt pap-spacing-after-2pt\">皮埃尔&middot;亨利（Pierre Henry）也是具象音乐的先驱之一。与皮埃尔&middot;舍费尔也与一起工作并创作了《为一个人而作的交响曲》(Symphonie pour un Homme Seul)与《一扇门和休止符的变奏曲》(Variation pour une Porte et Soupire)，后者的曲目由十二个乐章组成，后来还与莫里斯&middot;贝嘉（Maurice B&eacute;jart）合作编排成了现代芭蕾舞剧。</p>\n<p class=\"paragraph text-align-type-left pap-line-1.8 pap-line-rule-auto pap-spacing-before-2pt pap-spacing-after-2pt\">&nbsp;</p>\n<div>\n<div class=\"document\">\n<p class=\"paragraph text-align-type-left pap-line-1.8 pap-line-rule-auto pap-spacing-before-2pt pap-spacing-after-2pt\">Musique Concr&egrave;te音乐影响了许多流行的音乐家，包括the Beatles, Pink Floyd和Frank Zappa。</p>\n</div>\n</div>\n<p class=\"paragraph text-align-type-left pap-line-1.8 pap-line-rule-auto pap-spacing-before-2pt pap-spacing-after-2pt\">&nbsp;</p>\n<p class=\"paragraph text-align-type-left pap-line-1.8 pap-line-rule-auto pap-spacing-before-2pt pap-spacing-after-2pt\"><strong>历史</strong></p>\n<p class=\"paragraph text-align-type-left pap-line-1.8 pap-line-rule-auto pap-spacing-before-2pt pap-spacing-after-2pt\"><span style=\"text-decoration: underline;\">起源</span></p>\n<p class=\"paragraph text-align-type-left pap-line-1.8 pap-line-rule-auto pap-spacing-before-2pt pap-spacing-after-2pt\">1928 年，音乐评论家安德烈&middot;库鲁瓦 (Andr&eacute; C&oelig;uroy) 在他的《Panorama of Contemporary Music（当代音乐全景）》一书中写道，&ldquo;也许作曲家能够通过录音来实现专为留声机创作的音乐的时代已经不远了&rdquo;。同一时期，美国作曲家亨利&middot;考威尔（Henry Cowell）在谈到尼古拉&middot;洛帕尼科夫（Nikolai Lopatnikoff）的项目时认为&ldquo;唱片创作音乐有着广阔的空间&rdquo;。1930 年，伊戈尔&middot;斯特拉文斯基 (Igor Stravinsky) 进一步呼应了这种情绪，当时他在剧作《文化与沙尔普拉特》(Ku​​ltur und Schallplatte) 中表示&ldquo;人们将对以留声机唱片特有的方式创作的音乐产生更大的兴趣&rdquo;。次年，即 1931 年，鲍里斯&middot;德&middot;施洛泽 (Boris de Schloezer) 也表示他可以为留声机或无线电通讯技术创作音乐，就像为钢琴或小提琴而创作音乐一样。不久之后，德国艺术理论家鲁道夫&middot;阿恩海姆 (Rudolf Arnheim) 在 1936 年发表的一篇题​​为&ldquo;Radio&rdquo;的文章中讨论了麦克风录音的影响：&ldquo;广播（Radio）的主要艺术任务之一，就是重新研究和探索噪音和语言中的音乐性，以及音乐、噪音和语言的整合统一，以达到声音材料的统一&rdquo;。</p>\n<p class=\"paragraph text-align-type-left pap-line-1.8 pap-line-rule-auto pap-spacing-before-2pt pap-spacing-after-2pt\">&nbsp;</p>\n<p class=\"paragraph text-align-type-left pap-line-1.8 pap-line-rule-auto pap-spacing-before-2pt pap-spacing-after-2pt\"><span style=\"text-decoration: underline;\">Pierre Schaeffer 和 Studio d'Essai（试验工作室）</span></p>\n<p class=\"paragraph text-align-type-left pap-line-1.8 pap-line-rule-auto pap-spacing-before-2pt pap-spacing-after-2pt\">1942 年，法国作曲家和音乐理论家皮埃尔&middot;舍费尔 (Pierre Schaeffer) 与雅克&middot;科波 (Jacques Copeau) 及其学生一起创立了国家无线电传播工作室 (Studio d'Essai de la Radiodiffusion nationale)，从而开始了他对无线电技术的探索。该工作室最初是战争期间法国广播电台抵抗运动的中心，于 1944 年 8 月负责在解放后的巴黎进行第一次广播。正是在这里，舍费尔开始使用当时的声音技术进行创造性的无线电技术试验。1948 年，舍费尔开始记录一系列日志，描述他试图创作&ldquo;symphony of noises（噪音交响曲）&rdquo;的尝试。这些日志于 1952 年整合为 A la recherche d'une musique concr&egrave;te（对具象音乐的研究）出版，据《Sound Unseen》的作者布莱恩&middot;凯恩 (Brian Kane) 称：理论和实践中的原声，舍费尔受到以下因素的驱动：&ldquo;通过具体对象来构建音乐的作曲愿望&mdash;&mdash;无论最初的结果如何不令人满意&mdash;&mdash;以及一种渴望通过理论去寻找词汇、视奏或方法来作为这类音乐的基础。</p>\n<p class=\"paragraph text-align-type-left pap-line-1.8 pap-line-rule-auto pap-spacing-before-2pt pap-spacing-after-2pt\">&nbsp;</p>\n<p class=\"paragraph text-align-type-left pap-line-1.8 pap-line-rule-auto pap-spacing-before-2pt pap-spacing-after-2pt\">舍费尔实践的发展得益于与配音演员的接触和麦克风的使用，无线电艺术在激发和巩固舍费尔基于声音的作曲概念方面发挥了重要作用。对舍费尔实践的另一个重要影响是电影，最初与电影实践相关的录音和蒙太奇技术，开始充当为&ldquo;具象音乐的基底&rdquo;。Marc Battier 指出，在 Schaeffer 之前，让&middot;艾普斯坦 (Jean Epstein) 就注意到录音技术在揭示隐藏在基本声学聆听行为中的内容的方式。艾普斯坦提到这种&ldquo;顿悟的现象&rdquo;，它通过声音的转导出现，证明对日后舍费尔减少聆听的概念产生了影响。舍费尔也明确引用艾普斯坦对音乐外声音材料的使用。艾普斯坦已经想象到&ldquo;通过对自然声音的变调，创造和弦和不和谐、旋律和噪音的交响乐成为可能，这是一种新的、特别的具有视像的音乐&rdquo;。</p>\n<p class=\"paragraph text-align-type-left pap-line-1.8 pap-line-rule-auto pap-spacing-before-2pt pap-spacing-after-2pt\">&nbsp;</p>\n<p class=\"paragraph text-align-type-left pap-line-1.8 pap-line-rule-auto pap-spacing-before-2pt pap-spacing-after-2pt\"><span style=\"text-decoration: underline;\">Halim El-Dabh的磁带音乐</span></p>\n<p class=\"paragraph text-align-type-left pap-line-1.8 pap-line-rule-auto pap-spacing-before-2pt pap-spacing-after-2pt\">埃及作曲家 Halim El-Dabh 的尝试甚至可能还早于 Schaeffer 初步进行的声音处理实验（假设这些实验晚于 1944 年，而不是早于 1942 年 Studio d'Essai 的成立）。1940 年代初到中期，作为开罗的一名学生，El-Dabh 开始使用笨重的录音机尝试&ldquo;Tape Music（磁带音乐）&rdquo;。他录制了古老的扎尔仪式的声音，并在中东广播工作室使用混响、回声、电压控制和重新录制处理了这些材料。1944 年在开罗的一次艺术画廊活动中他展示了由此产生的基于磁带的作品，名为&ldquo;Expression of Zaar（扎尔的表达）&rdquo;。El-Dabh 将他最初的活动描述为试图解锁录音的&ldquo;内在声音&rdquo;。虽然当时他早期的作曲作品在埃及以外的地方并不广为人知，但 El-Dabh 最终因其在 1950 年代后期在哥伦比亚普林斯顿电子音乐中心的有影响力的作品而获得认可。</p>\n<p class=\"paragraph text-align-type-left pap-line-1.8 pap-line-rule-auto pap-spacing-before-2pt pap-spacing-after-2pt\">&nbsp;</p>\n<p class=\"paragraph text-align-type-left pap-line-1.8 pap-line-rule-auto pap-spacing-before-2pt pap-spacing-after-2pt\"><span style=\"text-decoration: underline;\">Club d'Essai（试验俱乐部）和 Cinq &eacute;tudes de bruits（五项噪音研究）</span></p>\n<p class=\"paragraph text-align-type-left pap-line-1.8 pap-line-rule-auto pap-spacing-before-2pt pap-spacing-after-2pt\">1940 年代初期，随着舍费尔在 Radiodiffusion Nationale 的 Studio d'Essai 的工作后，他被认为开创了具象音乐的理论和实践。1946 年，Studio d'Essai 更名为 Club d'Essai de la Radiodiffusion-T&eacute;l&eacute;vision Fran&ccedil;aise，同年，Schaeffer 以书面形式讨论了围绕通过录音感知时间的转变的问题。这篇文章证明了他将进一步利用的声音处理技术知识。1948 年，Schaeffer 在 Club d'Essai 正式开始了&ldquo;对噪音的研究&rdquo;，1948 年 10 月 5 日，他的初步实验结果在巴黎举行的一场音乐会上首演。五首留声机作品&mdash;&mdash;统称为 Cinq &eacute;tudes de bruits（五项噪音研究），包括 &Eacute;tude violette（紫色研究）和 &Eacute;tude aux chemins de fer（铁路研究）。</p>\n<p class=\"paragraph text-align-type-left pap-line-1.8 pap-line-rule-auto pap-spacing-before-2pt pap-spacing-after-2pt\">&nbsp;</p>\n<p class=\"paragraph text-align-type-left pap-line-1.8 pap-line-rule-auto pap-spacing-before-2pt pap-spacing-after-2pt\"><span style=\"text-decoration: underline;\">Musique concr&egrave;te（具象音乐）</span></p>\n<p class=\"paragraph text-align-type-left pap-line-1.8 pap-line-rule-auto pap-spacing-before-2pt pap-spacing-after-2pt\">到 1949 年，舍费尔的作曲作品被公众熟知为 musique concr&egrave;te。舍费尔说：&ldquo;当我提出&lsquo;具体音乐&rsquo;这个词时，我打算&hellip;&hellip;指出与音乐作品通常走的方式相反的东西，而不是用视唱团的符号在纸上标注音乐思想，并将它们的实现委托给众所周知的乐器，核心问题是收集具体的声音，无论它们来自哪里，并抽象出它们可能包含的音乐价值&rdquo;。据皮埃尔&middot;亨利说：&ldquo;具体音乐不是对音色的研究，它关注的是包络、形式。它必须通过非传统的特征来呈现，你看&hellip;&hellip;有人可以说，这种音乐的起源也是出于想要&ldquo;塑化&rdquo;音乐，将其变得像雕塑一样可塑&hellip;&hellip;具体音乐，在我看来&hellip;&hellip;引导了一种作曲方式，实际上，是一种全新的作曲的精神框架&rdquo;。Schaeffer 开发了一种美学，其核心是将声音用作主要的创作资源。该美学还强调了&ldquo;Jeu&rdquo;在基于声音的作曲实践中的重要性。舍费尔使用来自动词 jouer 的 jeu 一词，具有与英语动词 play 相同的双重含义：分别&ldquo;通过与周围环境互动来享受自己&rdquo;（玩）以及&ldquo;操作乐器&rdquo;（演奏）。</p>\n<p class=\"paragraph text-align-type-left pap-line-1.8 pap-line-rule-auto pap-spacing-before-2pt pap-spacing-after-2pt\">&nbsp;</p>\n<p class=\"paragraph text-align-type-left pap-line-1.8 pap-line-rule-auto pap-spacing-before-2pt pap-spacing-after-2pt\"><span style=\"text-decoration: underline;\">Groupe de Recherche de Musique Concr&egrave;te（具象音乐研究组织）</span></p>\n<p class=\"paragraph text-align-type-left pap-line-1.8 pap-line-rule-auto pap-spacing-before-2pt pap-spacing-after-2pt\">通过 1951 年舍费尔的相关工作，作曲家、打击乐手皮埃尔&middot;亨利和音响工程师雅克&middot;波林的作品获得了官方认可，Club d 'Essai de la Radiodiffusion-T&eacute;l&eacute;vision Fran&ccedil;aise（法国广播电视测试俱乐部）和法国具象音乐研究组织（Groupe de Recherches de Musique Concr&egrave;te，GRMC）在巴黎 RTF 成立，这是 ORTF（法国广播电视局）的前身。在 RTF，GRMC 建立了第一个专门建造的Electroacoustic Music（电声音乐）工作室。它很快吸引了许多曾经或后来成为著名作曲家的人，包括Olivier Messiaen, Pierre Boulez, Jean Barraqu&eacute;, Karlheinz Stockhausen, Edgard Var&egrave;se, Iannis Xenakis, Michel Philippot, 以及 Arthur Honegger 等。其 1951 年至 1953 年的作品包括 Boulez 的 &Eacute;tude I（1951）和 &Eacute;tude II（1951），Messiaen 的 Timbres-dur&eacute;es（1952），Stockhausen 的 &Eacute;tude aux mille collants（1952），亨利的 Le microphone bien temp&eacute;r&eacute; (1952) 以及 voile d'Orph&eacute;e (1953)、Philippot 的 &Eacute;tude I (1953)、Barraqu&eacute; 的 &Eacute;tude (1953)、舍费尔和Henry 的混制曲目 All the lyre (1951) 和 Orph&eacute;e 53 (1953)，以及来自舍费尔的电影音乐 Masquerage (1952) 以及 Henry 的 Astrologie (1953) 。1954 年，Var&egrave;se 和 Honegger 前往参观并合作参与了作品 D&eacute;serts 和 La rivi&egrave;re endormie 的磁带部分。</p>\n<p class=\"paragraph text-align-type-left pap-line-1.8 pap-line-rule-auto pap-spacing-before-2pt pap-spacing-after-2pt\">&nbsp;</p>\n<p class=\"paragraph text-align-type-left pap-line-1.8 pap-line-rule-auto pap-spacing-before-2pt pap-spacing-after-2pt\">在 1950 年代早期和中期， 舍费尔承担的 RTF 的相关工作包括了需要他经常长时间离开工作室的官方任务。为此，他将管理 GRMC 的重任委以 Philippe Arthuys （菲利普&middot;阿修伊斯），由 Pierre Henry （皮埃尔&middot;亨利）担任工程总监，以应对他缺席的情况。在此期间，皮埃尔&middot;亨利的作曲天赋在 GRMC 得到了极大发展，他与实验电影制片人合作，如 Max de Haas、Jean Gr&eacute;millon、Enrico Fulchignoni 和 Jean Rouch，以及包括 Dick Sanders 和 Maurice B&eacute;jart 在内的编舞家。舍费尔于 1957 年底返回管理该集团，并立即表示他不赞成 GRMC 所采取的方向。随后提议&ldquo;彻底更新该集团的精神、方法和人事，以进行研究并为招揽年轻的作曲家为方向&rdquo;。</p>\n<p class=\"paragraph text-align-type-left pap-line-1.8 pap-line-rule-auto pap-spacing-before-2pt pap-spacing-after-2pt\">&nbsp;</p>\n<p class=\"paragraph text-align-type-left pap-line-1.8 pap-line-rule-auto pap-spacing-before-2pt pap-spacing-after-2pt\"><span style=\"text-decoration: underline;\">Groupe de Recherches Musicales（音乐研究组织）</span></p>\n<p class=\"paragraph text-align-type-left pap-line-1.8 pap-line-rule-auto pap-spacing-before-2pt pap-spacing-after-2pt\">在 GRMC 内部出现分歧后，皮埃尔&middot;亨利、菲利普&middot;阿修伊斯和他们的几位同事于 1958 年 4 月辞职。随后舍费尔创建了一个名为 Groupe de Recherches Musicales (GRM，音乐研究组织) 的新集体，并着手招募新成员，包括 Luc Ferrari、Beatriz Ferreyra、Fran&ccedil;ois-Bernard M&acirc;che、Iannis Xenakis、Bernard Parmegiani 和 Mireille Chamass-Kyrou，以及后来加入的包括Ivo Malec, Philippe Carson, Romuald Vandelle, Edgardo Canton 和 Fran&ccedil;ois Bayle。</p>\n<p class=\"paragraph text-align-type-left pap-line-1.8 pap-line-rule-auto pap-spacing-before-2pt pap-spacing-after-2pt\">&nbsp;</p>\n<p class=\"paragraph text-align-type-left pap-line-1.8 pap-line-rule-auto pap-spacing-before-2pt pap-spacing-after-2pt\">GRM 是在 ORTF（1960-74 年）的 Service de la Recherche 的保护伞下工作的由 Schaeffer 领导的几个理论和实验小组之一。与 GRM 一起，还存在其他三个团体：Groupe de Recherches Image（GRI）、Groupe de Recherches Technologiques（GRT）和 Groupe de Recherches Langage，后者成为 Groupe d'Etudes Critiques。交流是统一各个团体的一个主题，所有这些团体都致力于生产和创造。就&ldquo;谁对谁说了什么？&rdquo;这个问题而言， Schaeffer 补充了问题&ldquo;如何？&rdquo;，从而创建了一个研究视听传播和大众媒体、听觉现象和一般音乐（包括非西方音乐）的平台。在GRM，理论教学仍然基于实践，可以用口号&ldquo;Do and Listen&rdquo;来概括。</p>\n<p class=\"paragraph text-align-type-left pap-line-1.8 pap-line-rule-auto pap-spacing-before-2pt pap-spacing-after-2pt\">&nbsp;</p>\n<p class=\"paragraph text-align-type-left pap-line-1.8 pap-line-rule-auto pap-spacing-before-2pt pap-spacing-after-2pt\">Schaeffer 保持了在 GRMC 时期建立的惯例，将团体总监的职能（尽管不是头衔）委派给同事。自 1961 年以来，GRM 有六位团体总监：Michel Philippot (1960&ndash;61)、Luc Ferrari (1962&ndash;63)、Bernard Baschet 和 Fran&ccedil;ois Vercken (1964&ndash;66)。从 1966 年初开始，Fran&ccedil;ois Bayle 接任总监长达 31 年，直至 1997 年。随后被 Daniel Teruggi 接替。</p>\n<p class=\"paragraph text-align-type-left pap-line-1.8 pap-line-rule-auto pap-spacing-before-2pt pap-spacing-after-2pt\">&nbsp;</p>\n<p class=\"paragraph text-align-type-left pap-line-1.8 pap-line-rule-auto pap-spacing-before-2pt pap-spacing-after-2pt\"><span style=\"text-decoration: underline;\">Trait&eacute; des objets musicaux（关于音乐对象的论文）</span></p>\n<p class=\"paragraph text-align-type-left pap-line-1.8 pap-line-rule-auto pap-spacing-before-2pt pap-spacing-after-2pt\">GRM 继续完善舍费尔的思想并加强了原声音乐的概念。舍费尔从毕达哥拉斯那里借用了&ldquo;Acousmatic&rdquo;（声学的）一词，并将其定义为：&ldquo;声学的，形容词：指的是人们听到一种声音而没有了解其背后成因&rdquo;。1966 年，Schaeffer 出版了 Trait&eacute; des objets musicaux（音乐对象论）一书，它代表了在具象音乐领域 20 年研究的高峰。与本出版物一起制作的是一套名为 Le solf&egrave;ge de l'objet sonore（声学对象的音乐理论）的录音作品，以提供论文中涉及的概念的示例。</p>\n<p class=\"paragraph text-align-type-left pap-line-1.8 pap-line-rule-auto pap-spacing-before-2pt pap-spacing-after-2pt\">&nbsp;</p>\n<p class=\"paragraph text-align-type-left pap-line-1.8 pap-line-rule-auto pap-spacing-before-2pt pap-spacing-after-2pt\"><strong>技术</strong></p>\n<p class=\"paragraph text-align-type-left pap-line-1.8 pap-line-rule-auto pap-spacing-before-2pt pap-spacing-after-2pt\">战后欧洲新音乐技术的出现促进了具象音乐的发展。使用麦克风、留声机和后来的磁带录音机（创建于 1939 年，1952 年被 Schaeffer's Groupe de Recherche de Musique Concr&egrave;te（具体音乐研究组织）收购），由于法国国家广播组织协会（当时为Radiodiffusion-T&eacute;l&eacute;vision Fran&ccedil;aise）的协助，当时 Schaeffer 和他的同事们有机会试验录音技术和磁带操作。</p>\n<p class=\"paragraph text-align-type-left pap-line-1.8 pap-line-rule-auto pap-spacing-before-2pt pap-spacing-after-2pt\">&nbsp;</p>\n<p class=\"paragraph text-align-type-left pap-line-1.8 pap-line-rule-auto pap-spacing-before-2pt pap-spacing-after-2pt\"><span style=\"text-decoration: underline;\">具象音乐的早期设备</span></p>\n<p class=\"paragraph text-align-type-left pap-line-1.8 pap-line-rule-auto pap-spacing-before-2pt pap-spacing-after-2pt\">1948 年，一个标准的无线电工作室由一系列虫胶唱片播放器、虫胶唱片录制机、带旋转电位器的调音台、机械混响、滤波器和麦克风组成。这些技术为作曲家提供了一些有限的操作：</p>\n<p class=\"paragraph text-align-type-left pap-line-1.8 pap-line-rule-auto pap-spacing-before-2pt pap-spacing-after-2pt\">&nbsp;</p>\n<ul>\n<li>\n<p class=\"paragraph text-align-type-left pap-line-1.8 pap-line-rule-auto pap-spacing-before-2pt pap-spacing-after-2pt pap-hanging-indent-2em\">虫胶唱片播放器（Shellac record players）：可以正常读取声音和正反向播放，可以以固定比率改变速度，从而允许八度移调。</p>\n</li>\n<li>\n<p class=\"paragraph text-align-type-left pap-line-1.8 pap-line-rule-auto pap-spacing-before-2pt pap-spacing-after-2pt pap-hanging-indent-2em\">虫胶唱片录制机（Shellac recorder）：将记录从调音台出来的任何输出结果。</p>\n</li>\n<li>\n<p class=\"paragraph text-align-type-left pap-line-1.8 pap-line-rule-auto pap-spacing-before-2pt pap-spacing-after-2pt pap-hanging-indent-2em\">混音台（Mixing desk）：允许将多个源混合在一起，并独立控制声音的增益或音量。混合的结果被发送到录音机和监听扬声器。信号可以发送到滤波器或混响单元。</p>\n</li>\n<li>\n<p class=\"paragraph text-align-type-left pap-line-1.8 pap-line-rule-auto pap-spacing-before-2pt pap-spacing-after-2pt pap-hanging-indent-2em\">机械混响（Mechanical reverberation）：由金属板或一系列弹簧制成，产生混响效果，对将声音&ldquo;融合&rdquo;在一起是必不可少的。</p>\n</li>\n<li>\n<p class=\"paragraph text-align-type-left pap-line-1.8 pap-line-rule-auto pap-spacing-before-2pt pap-spacing-after-2pt pap-hanging-indent-2em\">滤波器（Filters）：有两种滤波器，1/3倍频程滤波器和高通、低通滤波器。它们允许消除或增强选定的频率。</p>\n</li>\n<li>\n<p class=\"paragraph text-align-type-left pap-line-1.8 pap-line-rule-auto pap-spacing-before-2pt pap-spacing-after-2pt pap-hanging-indent-2em\">麦克风（Microphones）：捕捉声音的必备工具。</p>\n</li>\n</ul>\n<p class=\"paragraph text-align-type-left pap-line-1.8 pap-line-rule-auto pap-spacing-before-2pt pap-spacing-after-2pt\">&nbsp;</p>\n<p class=\"paragraph text-align-type-left pap-line-1.8 pap-line-rule-auto pap-spacing-before-2pt pap-spacing-after-2pt\">上述技术在具象音乐创作中的应用导致了许多声音处理技术的发展，包括：</p>\n<ul>\n<li>\n<p class=\"paragraph text-align-type-left pap-line-1.8 pap-line-rule-auto pap-spacing-before-2pt pap-spacing-after-2pt pap-hanging-indent-2em\">声音移调（Sound transposition）：以与录制时不同的速度读取声音。</p>\n</li>\n<li>\n<p class=\"paragraph text-align-type-left pap-line-1.8 pap-line-rule-auto pap-spacing-before-2pt pap-spacing-after-2pt pap-hanging-indent-2em\">声音循环（Sound looping）：作曲家开发了一种成熟的技术，以便在录音中的特定位置创建循环。</p>\n</li>\n<li>\n<p class=\"paragraph text-align-type-left pap-line-1.8 pap-line-rule-auto pap-spacing-before-2pt pap-spacing-after-2pt pap-hanging-indent-2em\">声音样本提取（Sound-sample extraction）：一种手动控制的方法，需要精细操作才能获得干净的声音样本。它需要让唱针读取记录的一小部分。在作品 \"Symphonie pour un homme seul\" 中有使用。</p>\n</li>\n<li>\n<p class=\"paragraph text-align-type-left pap-line-1.8 pap-line-rule-auto pap-spacing-before-2pt pap-spacing-after-2pt pap-hanging-indent-2em\">过滤（Filtering）：通过消除信号的大部分中心频率，最终会保留一些原始声音的痕迹，但不会使其可识别。</p>\n</li>\n</ul>\n<p class=\"paragraph text-align-type-left pap-line-1.8 pap-line-rule-auto pap-spacing-before-2pt pap-spacing-after-2pt\">&nbsp;</p>\n<p class=\"paragraph text-align-type-left pap-line-1.8 pap-line-rule-auto pap-spacing-before-2pt pap-spacing-after-2pt\"><span style=\"text-decoration: underline;\">Magnetic tape 磁带技术</span></p>\n<p class=\"paragraph text-align-type-left pap-line-1.8 pap-line-rule-auto pap-spacing-before-2pt pap-spacing-after-2pt\">1949 年，首批磁带录音机开始抵达 ORTF；然而，它们的功能远不如虫胶播放器可靠，以至于即使有录音机可供使用，1950-51 年创作的 Symphonie pour un homme seul 仍主要通过唱片来作曲。1950 年，当机器最终可以正常运行后，具象音乐的技术得到了扩展。使用改进的媒体内容操控方法和操作（例如速度变化）启发了一系列新的声音操作实践探索。磁带编辑实现了一些全新的组织声音的可能性，它在当时突破性的实现了新精度拼接和排列磁带。&ldquo;斧头切割接头&rdquo;被测微接头取代，并且可以开发一种全新的生产技术，减少对性能技术的依赖。磁带编辑带来了一种称为&ldquo;微编辑&rdquo;的新技术，其中精确至毫秒时间为单位的非常微小的声音片段被编辑在一起，从而创造出全新的声音和结构。</p>\n<p class=\"paragraph text-align-type-left pap-line-1.8 pap-line-rule-auto pap-spacing-before-2pt pap-spacing-after-2pt\">&nbsp;</p>\n<p class=\"paragraph text-align-type-left pap-line-1.8 pap-line-rule-auto pap-spacing-before-2pt pap-spacing-after-2pt\"><span style=\"text-decoration: underline;\">新型设备的发展</span></p>\n<p class=\"paragraph text-align-type-left pap-line-1.8 pap-line-rule-auto pap-spacing-before-2pt pap-spacing-after-2pt\">在 1951 年至 1958 年的 GRMC 期间，Schaeffer 和 Poullin 开发了许多新颖的声音创作工具。其中包括一个三轨录音机； 一台带有十个播放头的机器，可以在回声中重放磁带循环（the morphophone）； 可以以二十四种预设速度重播磁带循环的键盘控制机器（the keyboard, chromatic, or Tolana phonog&egrave;ne）；可以在连续可变的速度范围内重播磁带循环的滑动控制机器（the handle, continuous, or Sareg phonog&egrave;ne）； 以及一种将编码音轨分配到四个扬声器的设备，包括其中一个悬挂在天花板中央的（potentiom&egrave;tre d'espace）。</p>\n<p class=\"paragraph text-align-type-left pap-line-1.8 pap-line-rule-auto pap-spacing-before-2pt pap-spacing-after-2pt\">&nbsp;</p>\n<p class=\"paragraph text-align-type-left pap-line-1.8 pap-line-rule-auto pap-spacing-before-2pt pap-spacing-after-2pt\"><span style=\"text-decoration: underline;\">Phonog&egrave;ne</span></p>\n<p class=\"paragraph text-align-type-left pap-line-1.8 pap-line-rule-auto pap-spacing-before-2pt pap-spacing-after-2pt\">Phonog&egrave;ne主要用于制造速度变化，速度变化是声音设计应用程序的强大工具。当时已经确定的是，不同播放速度所带来的转换会导致声音材料特性的改变：</p>\n<ul>\n<li>\n<p class=\"paragraph text-align-type-left pap-line-1.8 pap-line-rule-auto pap-spacing-before-2pt pap-spacing-after-2pt pap-hanging-indent-2em\">声音长度的变化，与速度变化的比率成正比。</p>\n</li>\n<li>\n<p class=\"paragraph text-align-type-left pap-line-1.8 pap-line-rule-auto pap-spacing-before-2pt pap-spacing-after-2pt pap-hanging-indent-2em\">长度的变化与螺距的变化相结合，并且还与速度变化的比率成正比。</p>\n</li>\n<li>\n<p class=\"paragraph text-align-type-left pap-line-1.8 pap-line-rule-auto pap-spacing-before-2pt pap-spacing-after-2pt pap-hanging-indent-2em\">声音的起音特性被改变，因此它要么与后续事件脱节，要么起音的能量更加集中。</p>\n</li>\n<li>\n<p class=\"paragraph text-align-type-left pap-line-1.8 pap-line-rule-auto pap-spacing-before-2pt pap-spacing-after-2pt pap-hanging-indent-2em\">频谱能量的分布被改变，从而影响相对于其原始未改变状态的结果音色如何被感知。</p>\n</li>\n</ul>\n<p class=\"paragraph text-align-type-left pap-line-1.8 pap-line-rule-auto pap-spacing-before-2pt pap-spacing-after-2pt\">&nbsp;</p>\n<p class=\"paragraph text-align-type-left pap-line-1.8 pap-line-rule-auto pap-spacing-before-2pt pap-spacing-after-2pt\">phonog&egrave;ne 是一种能够显着修改声音结构的机器，它为作曲家提供了一种方法来调整声音以满足特定的作曲环境。最初的 phonog&egrave;ne 于 1953 年由两个制造商制造：the chromatic phonog&egrave;ne 由一家名为 Tolana 的公司生产，而 the slding phonog&egrave;ne 则由 SAREG 公司生产。第三个版本是后来在 ORTF 开发的。这三种功能的概述如下：</p>\n<ul>\n<li>\n<p class=\"paragraph text-align-type-left pap-line-1.8 pap-line-rule-auto pap-spacing-before-2pt pap-spacing-after-2pt pap-hanging-indent-2em\">Chromatic（半音）：the chromatic phonog&egrave;ne是通过一个八度键盘控制的。多个不同直径的绞盘改变单个固定磁带头上的磁带速度。磁带循环被放入机器中，当播放一个键时，它会作用于单独的夹送轮/主导轴装置并导致磁带以特定速度播放。这台机器只适用于处理较短的声音。</p>\n</li>\n<li>\n<p class=\"paragraph text-align-type-left pap-line-1.8 pap-line-rule-auto pap-spacing-before-2pt pap-spacing-after-2pt pap-hanging-indent-2em\">Sliding（滑动）： the slding phonog&egrave;ne（滑动phonog&egrave;ne，也称为连续变化phonog&egrave;ne）使用控制棒来提供连续变化的磁带速度。该滑动范围允许电机始终通过连续变化以到达几乎任何停止位置。它本质上是一个普通的磁带录音机，但具有控制速度的能力，因此它可以修改磁带至任何长度。最早使用它的例子之一可以在皮埃尔亨利 (1953) 的 Voile d'Orph&eacute;e 中听到，其中一个冗长的滑音被用来象征 Orpheus 进入地狱时去除他的面纱。</p>\n</li>\n<li>\n<p class=\"paragraph text-align-type-left pap-line-1.8 pap-line-rule-auto pap-spacing-before-2pt pap-spacing-after-2pt pap-hanging-indent-2em\">Universal（通用）：phonog&egrave;ne的最终版本于1963年完成，称为通用发声器。该设备的主要功能是它能够将音高变化与时间变化分离。这是后来使用数字技术广泛使用的方法的起点，例如和声（在不修改持续时间的情况下移调声音）和时间拉伸（在不修改音高的情况下修改持续时间）。这是通过称为 Springer temporal regulator（弹簧时间调节器）的旋转磁头实现的，它是视频机中使用的旋转磁头的祖先。</p>\n</li>\n</ul>\n<p class=\"paragraph text-align-type-left pap-line-1.8 pap-line-rule-auto pap-spacing-before-2pt pap-spacing-after-2pt\">&nbsp;</p>\n<p class=\"paragraph text-align-type-left pap-line-1.8 pap-line-rule-auto pap-spacing-before-2pt pap-spacing-after-2pt\"><span style=\"text-decoration: underline;\">Three-head tape recorder（三头磁带录音机）</span></p>\n<p class=\"paragraph text-align-type-left pap-line-1.8 pap-line-rule-auto pap-spacing-before-2pt pap-spacing-after-2pt\">这台原始磁带录音机是最早允许同时收听多个同步源的机器之一。 直到 1958 年，具体音乐、收音机和录音室机器都是单声道的。 三头录音机将三个磁带叠加在一起，这些磁带由一个公共电机拖动，每个磁带都有一个独立的卷轴。目的是从一个共同的起点保持三个磁带同步。 然后可以以复调的方式构思作品，因此每个部分都传达了一部分信息，并通过专用扬声器收听。它是 1960 年代出现的多轨播放器（四轨然后八轨）的祖先。Olivier Messiaen 在 Pierre Henry 的技术协助下创作的 Timbres Dur&eacute;es 是 1952 年使用这台录音机创作的第一部作品，快速有节奏的复调分布在三个通道上。</p>\n<p class=\"paragraph text-align-type-left pap-line-1.8 pap-line-rule-auto pap-spacing-before-2pt pap-spacing-after-2pt\">&nbsp;</p>\n<p class=\"paragraph text-align-type-left pap-line-1.8 pap-line-rule-auto pap-spacing-before-2pt pap-spacing-after-2pt\"><span style=\"text-decoration: underline;\">Morphophone</span></p>\n<p class=\"paragraph text-align-type-left pap-line-1.8 pap-line-rule-auto pap-spacing-before-2pt pap-spacing-after-2pt\">这台机器的构想是通过重复播放来构建复杂的形式，并通过延迟、滤波和返送来积累内容。它由一个直径为 50 厘米的大旋转圆盘组成，上面贴着一条磁带，其磁性面朝外。十二个可移动磁头（记录磁头和擦除磁头各一个，以及十个播放磁头）围绕磁盘定位，与磁带接触。长达四秒的声音可以被记录在循环磁带上，然后十个播放磁头会根据它们在磁盘周围的（可调整的）位置以不同的延迟读取信息。每个头的单独放大器和带通滤波器可以修改声音的频谱，额外的返送回路可以将信息传输到录音头。由此产生的声音重复发生在不同的时间间隔，并且可以通过返送进行滤波或修改。该系统还可以轻松产生人工混响或连续声音。</p>\n<p class=\"paragraph text-align-type-left pap-line-1.8 pap-line-rule-auto pap-spacing-before-2pt pap-spacing-after-2pt\">&nbsp;</p>\n<p class=\"paragraph text-align-type-left pap-line-1.8 pap-line-rule-auto pap-spacing-before-2pt pap-spacing-after-2pt\"><span style=\"text-decoration: underline;\">Early sound spatialisation system（早期声音空间系统）</span></p>\n<p class=\"paragraph text-align-type-left pap-line-1.8 pap-line-rule-auto pap-spacing-before-2pt pap-spacing-after-2pt\">1951 年，在舍费尔的 Symphonie pour un homme seul 首演时，测试了一个专为声音空间控制而设计的系统。它被称为&ldquo;relief desk&rdquo;（pupitre de Relief，但也称为 pupitre d'espace 或 potentiom&egrave;tre d'espace，译为空间电位器），旨在控制几个虫胶播放器播放的音乐的动态水平，这通过控制单声道声源的定位创造了立体声效果。由专用磁带机提供的五个轨道中的一个由表演者控制，其他四个轨道各提供一个扬声器，这实现了现场和预设声音位置间的组合。表演空间中扬声器的放置包括观众前左右两个扬声器，后一个放置，在空间中央，一个扬声器放置在观众上方的高位置。因此，声音可以在观众周围移动，而不仅仅是在台前穿梭。在舞台上，控制系统允许表演者将声音定位在观众的左侧或右侧、上方或后方，只需将一个小的手持发射器线圈移向或远离围绕表演者布置的四个稍大的接收器线圈，作为反映扬声器位置的方式。一位那个年代亲历空间电位器表演的观众描述了感受：</p>\n<p class=\"paragraph text-align-type-left pap-line-1.8 pap-line-rule-auto pap-spacing-before-2pt pap-spacing-after-2pt\">&nbsp;</p>\n<p class=\"paragraph text-align-type-left pap-line-1.8 pap-line-rule-auto pap-spacing-before-2pt pap-spacing-after-2pt pap-hanging-indent-2em\" style=\"padding-left: 30px;\"><em>发现自己坐在一间小录音室里，录音室里有四个扬声器&mdash;&mdash;两个在一个前面&mdash;&mdash;左右；一个落后一个，第四个悬挂在上面。在前部中央有四个大环和一个&ldquo;执行者&rdquo;在空中移动一个小的磁性单元。四个回路控制着四个扬声器，虽然四个扬声器一直在发出声音，但单元与回路的距离决定了每个扬声器发出的音量。</em></p>\n<p class=\"paragraph text-align-type-left pap-line-1.8 pap-line-rule-auto pap-spacing-before-2pt pap-spacing-after-2pt pap-hanging-indent-2em\" style=\"padding-left: 30px;\"><em>因此，音乐从房间的各个部分以不同的强度融合在一起，这种&ldquo;空间投影&rdquo;为最初录制的相当抽象的声音序列赋予了新的意义。</em></p>\n<p class=\"paragraph text-align-type-left pap-line-1.8 pap-line-rule-auto pap-spacing-before-2pt pap-spacing-after-2pt\">&nbsp;</p>\n<p class=\"paragraph text-align-type-left pap-line-1.8 pap-line-rule-auto pap-spacing-before-2pt pap-spacing-after-2pt\">这种方法的核心概念是在公开表演中音乐应该得到控制以创造表演环境；直到今天，这种态度一直伴随着原声音乐。</p>\n<p class=\"paragraph text-align-type-left pap-line-1.8 pap-line-rule-auto pap-spacing-before-2pt pap-spacing-after-2pt\">&nbsp;</p>\n<p class=\"paragraph text-align-type-left pap-line-1.8 pap-line-rule-auto pap-spacing-before-2pt pap-spacing-after-2pt\"><span style=\"text-decoration: underline;\">Coupigny synthesiser（卡皮尼合成器）和 Studio 54 mixing desk（Studio 54 调音台）</span></p>\n<p class=\"paragraph text-align-type-left pap-line-1.8 pap-line-rule-auto pap-spacing-before-2pt pap-spacing-after-2pt\">1970 年，GRM 在结束与科隆工作室&ldquo;电子音乐&rdquo;的长期竞争之后，使用物理学家 Enrico Chiarucci 开发的工具创建了一个电子工作室，称为 Studio 54，其中包含&ldquo;Coupigny modular synthesiser&rdquo;（卡皮尼模块合成器）和一个 Moog 合成器。卡皮尼合成器，以其设计师、Technical Research 团队总监 Fran&ccedil;ois Coupigny 的名字命名，它和 Studio 54 混音台对 GRM 的发展产生了重大影响，从它们的引入点来看，它们为音乐带来了新的品质。混音台和合成器被结合为一体，专为创作具象音乐而设计。</p>\n<p class=\"paragraph text-align-type-left pap-line-1.8 pap-line-rule-auto pap-spacing-before-2pt pap-spacing-after-2pt\">&nbsp;</p>\n<p class=\"paragraph text-align-type-left pap-line-1.8 pap-line-rule-auto pap-spacing-before-2pt pap-spacing-after-2pt\">调音台的设计受到法国国家广播电台工会规定的影响，该规定要求技术人员和制作人员有明确的职责。具象音乐创作的单独实践不适合涉及三个操作员的系统：一个负责机器，第二个控制调音台，第三个为其他人提供指导。因此，合成器和桌面的组合和组织方式使作曲家可以轻松使用。它有一个独立于混音轨道（总共 24 条）的耦合连接补丁，允许在工作室内连接和组织机器。它还有许多用于操作磁带录音机的遥控器。该系统很容易适应任何环境，特别是需要与外部设备接口链接的环境。</p>\n<p class=\"paragraph text-align-type-left pap-line-1.8 pap-line-rule-auto pap-spacing-before-2pt pap-spacing-after-2pt\">&nbsp;</p>\n<p class=\"paragraph text-align-type-left pap-line-1.8 pap-line-rule-auto pap-spacing-before-2pt pap-spacing-after-2pt\">在 1960 年代后期之前，GRM 制作的具象音乐主要基于声音的录制和处理，但在卡皮尼合成器推出之前，合成声音已出现在许多作品中。皮埃尔&middot;亨利早在 1955 年就使用振荡器来产生声音。但皮埃尔&middot;舍费尔反对使用带包络控制的合成器，因为它倾向音乐的先入之见，偏离了舍费尔的&ldquo;通过聆听制作&rdquo;的原则。由于舍费尔的担忧，卡皮尼合成器被设想为一个声音事件发生器，其参数由全局控制，无法像当时的其他一些合成器一样精确地定义值。</p>\n<p class=\"paragraph text-align-type-left pap-line-1.8 pap-line-rule-auto pap-spacing-before-2pt pap-spacing-after-2pt\">&nbsp;</p>\n<p class=\"paragraph text-align-type-left pap-line-1.8 pap-line-rule-auto pap-spacing-before-2pt pap-spacing-after-2pt\">这台机器的发展受到多种因素的制约。它需要模块化，并且模块必须易于互连（这样合成器的模块比插槽多，并且具有易于使用的补丁）。它还需要包括模块化合成器的所有主要功能，包括振荡器、噪声发生器、滤波器、环形调制器，但互调装置被视为主要要求；通过外部源实现复杂的合成过程，例如频率调制、幅度调制和其它调制。合成器上没有连接键盘，而是使用了一个特定且有些复杂的包络发生器来塑造声音。该合成器非常适用于使用交叉合成和频率调制等互调技术生成连续和复杂的声音，但在生成精确定义的频率和触发特定声音方面效果较差。</p>\n<p class=\"paragraph text-align-type-left pap-line-1.8 pap-line-rule-auto pap-spacing-before-2pt pap-spacing-after-2pt\">&nbsp;</p>\n<p class=\"paragraph text-align-type-left pap-line-1.8 pap-line-rule-auto pap-spacing-before-2pt pap-spacing-after-2pt\">卡皮尼合成器还用作小型便携式模块单位的模型一直沿用至今。</p>\n<p class=\"paragraph text-align-type-left pap-line-1.8 pap-line-rule-auto pap-spacing-before-2pt pap-spacing-after-2pt\">&nbsp;</p>\n<p class=\"paragraph text-align-type-left pap-line-1.8 pap-line-rule-auto pap-spacing-before-2pt pap-spacing-after-2pt\"><span style=\"text-decoration: underline;\">Acousmonium（由&ldquo;扬声器组成的管弦乐队&rdquo;）</span></p>\n<p class=\"paragraph text-align-type-left pap-line-1.8 pap-line-rule-auto pap-spacing-before-2pt pap-spacing-after-2pt\">1966 年，作曲家和工程师 Fran&ccedil;ois Bayle 被任命为 Groupe de Recherches Musicales 的负责人，1975 年，GRM 与新的 Institut national de l'audiovisuel（INA &ndash; 国家视听研究所）合并，并以 Bayle 为领袖。在 1950 年代初期开始的工作中，在 Jacques Poullin 的空间电位器（详见上文）的工作中，Bayle 和工程师 Jean-Claude Lallemand 创建了一个由&ldquo;扬声器组成的管弦乐队&rdquo;（un orchester de haut-parleurs），在 1974 年被称为 Acousmonium。1974 年 2 月 14 日他们在巴黎皮尔卡丹空间举行了一场首场音乐会，演奏了贝勒的 \"Exp&eacute;rience acoustique\"。</p>\n<p class=\"paragraph text-align-type-left pap-line-1.8 pap-line-rule-auto pap-spacing-before-2pt pap-spacing-after-2pt\">&nbsp;</p>\n<p class=\"paragraph text-align-type-left pap-line-1.8 pap-line-rule-auto pap-spacing-before-2pt pap-spacing-after-2pt\">Acousmonium 是一套专业的扩声系统，由 50 到 100 个形状和大小各不相同的扬声器组成，具体设置取决于音乐会的特点。该系统专为基于具象音乐的作品的音乐会演示而设计，但增加了对声音空间化的强化。扬声器被放置在舞台上和整个表演空间中的位置，并且使用混合控制台通过一种称为&ldquo;声音扩散&rdquo;的表演技术，来操纵声学材料在扬声器阵列中的放置。Bayle 表示，Acousmonium 的目的是&ldquo;用一组声音投影仪代替一种瞬间的古典声音制作，将声音从大厅的周围传递到大厅的中心，这些声音投影仪形成了&ldquo;声学形象的编排&rdquo;。</p>\n<p class=\"paragraph text-align-type-left pap-line-1.8 pap-line-rule-auto pap-spacing-before-2pt pap-spacing-after-2pt\">&nbsp;</p>\n<p class=\"paragraph text-align-type-left pap-line-1.8 pap-line-rule-auto pap-spacing-before-2pt pap-spacing-after-2pt\">到 2010 年，Acousmonium 仍在进行表演，整套系统由 64 个扬声器、35 个功放和 2 个控制台组成。</p>\n</div>\n</div>\n</div>",
 "contentEn": "<div class=\"document\">\n<p class=\"paragraph text-align-type-left pap-line-1.8 pap-line-rule-auto pap-spacing-before-2pt pap-spacing-after-2pt\">Musique concr&egrave;te (French: ; lit. 'concrete music') is a type of music composition that utilizes recorded sounds as raw material. Sounds are often modified through the application of audio effects and tape manipulation techniques, and may be assembled into a form of montage. It can feature sounds derived from recordings of musical instruments, the human voice, and the natural environment as well as those created using synthesizers and computer-based digital signal processing. Compositions in this idiom are not restricted to the normal musical rules of melody, harmony, rhythm, metre, and so on. It exploits acousmatic listening, meaning sound identities can often be intentionally obscured or appear unconnected to their source cause.</p>\n<p class=\"paragraph text-align-type-left pap-line-1.8 pap-line-rule-auto pap-spacing-before-2pt pap-spacing-after-2pt\">&nbsp;</p>\n<p class=\"paragraph text-align-type-left pap-line-1.8 pap-line-rule-auto pap-spacing-before-2pt pap-spacing-after-2pt\">The theoretical basis of musique concr&egrave;te as a compositional practice was developed by French composer Pierre Schaeffer beginning in the early 1940s, and originally contrasted with \"pure\" elektronische Musik (based solely on the use of electronically produced sounds rather than recorded sounds). Schaeffer's work resulted in the establishment of France's Groupe de Recherches de Musique Concr&egrave;te (GRMC), which attracted important figures including Pierre Henry, Luc Ferrari, Pierre Boulez, Karlheinz Stockhausen, Edgar Var&egrave;se, and Iannis Xenakis. From the late 1960s onward, and particularly in France, the term acousmatic music (musique acousmatique) started to be used in reference to fixed media compositions that utilized both musique concr&egrave;te based techniques and live sound spatialisation. Musique concr&egrave;te would influence many popular musicians, including the Beatles, Pink Floyd, and Frank Zappa.</p>\n<p class=\"paragraph text-align-type-left pap-line-1.8 pap-line-rule-auto pap-spacing-before-2pt pap-spacing-after-2pt\">&nbsp;</p>\n<div>\n<div class=\"document\">\n<p class=\"paragraph text-align-type-left pap-line-1.8 pap-line-rule-auto pap-spacing-before-2pt pap-spacing-after-2pt\">History</p>\n<p class=\"paragraph text-align-type-left pap-line-1.8 pap-line-rule-auto pap-spacing-before-2pt pap-spacing-after-2pt\">Beginnings</p>\n<p class=\"paragraph text-align-type-left pap-line-1.8 pap-line-rule-auto pap-spacing-before-2pt pap-spacing-after-2pt\">In 1928 music critic Andr&eacute; C&oelig;uroy wrote in his book Panorama of Contemporary Music that \"perhaps the time is not far off when a composer will be able to represent through recording, music specifically composed for the gramophone\".[3] In the same period the American composer Henry Cowell, in referring to the projects of Nikolai Lopatnikoff, believed that \"there was a wide field open for the composition of music for phonographic discs.\" This sentiment was echoed further in 1930 by Igor Stravinsky, when he stated in the revue Kultur und Schallplatte that \"there will be a greater interest in creating music in a way that will be peculiar to the gramophone record.\" The following year, 1931, Boris de Schloezer also expressed the opinion that one could write for the gramophone or for the wireless just as one can for the piano or the violin.[4] Shortly after, German art theorist Rudolf Arnheim discussed the effects of microphonic recording in an essay entitled \"Radio\", published in 1936. In it the idea of a creative role for the recording medium was introduced and Arnheim stated that: \"The rediscovery of the musicality of sound in noise and in language, and the reunification of music, noise and language in order to obtain a unity of material: that is one of the chief artistic tasks of radio\".[5]</p>\n<p class=\"paragraph text-align-type-left pap-line-1.8 pap-line-rule-auto pap-spacing-before-2pt pap-spacing-after-2pt\">&nbsp;</p>\n<p class=\"paragraph text-align-type-left pap-line-1.8 pap-line-rule-auto pap-spacing-before-2pt pap-spacing-after-2pt\">In 1942, French composer and theoretician Pierre Schaeffer began his exploration of radiophony when he joined Jacques Copeau and his pupils in the foundation of the Studio d'Essai de la Radiodiffusion nationale. The studio originally functioned as a center for the Resistance movement in French radio, which in August 1944 was responsible for the first broadcasts in liberated Paris. It was here that Schaeffer began to experiment with creative radiophonic techniques using the sound technologies of the time.[6] In 1948 Schaeffer began to keep a set of journals describing his attempt to create a &ldquo;symphony of noises.&rdquo;[7] These journals were published in 1952 as A la recherche d&rsquo;une musique concr&egrave;te, and according to Brian Kane, author of Sound Unseen: Acousmatic Sound in Theory and Practice, Schaeffer was driven by: \"a compositional desire to construct music from concrete objects &mdash; no matter how unsatisfactory the initial results &mdash; and a theoretical desire to find a vocabulary, solf&egrave;ge, or method upon which to ground such music.[8]</p>\n<p class=\"paragraph text-align-type-left pap-line-1.8 pap-line-rule-auto pap-spacing-before-2pt pap-spacing-after-2pt\">&nbsp;</p>\n<p class=\"paragraph text-align-type-left pap-line-1.8 pap-line-rule-auto pap-spacing-before-2pt pap-spacing-after-2pt\">The development of Schaeffer's practice was informed by encounters with voice actors, and microphone usage and radiophonic art played an important part in inspiring and consolidating Schaeffer's conception of sound-based composition.[9] Another important influence on Schaeffer's practice was cinema, and the techniques of recording and montage, which were originally associated with cinematographic practice, came to \"serve as the substrate of musique concr&egrave;te.\" Marc Battier notes that, prior to Schaeffer, Jean Epstein drew attention to the manner in which sound recording revealed what was hidden in the act of basic acoustic listening. Epstein's reference to this \"phenomenon of an epiphanic being\", which appears through the transduction of sound, proved influential on Schaeffer's concept of reduced listening. Schaeffer would explicitly cite Jean Epstein with reference to his use of extra-musical sound material. Epstein had already imagined that \"through the transposition of natural sounds, it becomes possible to create chords and dissonances, melodies and symphonies of noise, which are a new and specifically cinematographic music\".[10]</p>\n<p class=\"paragraph text-align-type-left pap-line-1.8 pap-line-rule-auto pap-spacing-before-2pt pap-spacing-after-2pt\">&nbsp;</p>\n<p class=\"paragraph text-align-type-left pap-line-1.8 pap-line-rule-auto pap-spacing-before-2pt pap-spacing-after-2pt\">Halim El-Dabh's tape music</p>\n<p class=\"paragraph text-align-type-left pap-line-1.8 pap-line-rule-auto pap-spacing-before-2pt pap-spacing-after-2pt\">Perhaps earlier than Schaeffer conducting his preliminary experiments into sound manipulation (assuming these were later than 1944, and not as early as the foundation of the Studio d'Essai in 1942) was the activity of Egyptian composer Halim El-Dabh. As a student in Cairo in the early to mid-1940s he began experimenting with \"tape music\" using a cumbersome wire recorder. He recorded the sounds of an ancient zaar ceremony and at the Middle East Radio studios processed the material using reverberation, echo, voltage controls, and re-recording. The resulting tape-based composition, entitled The Expression of Zaar, was presented in 1944 at an art gallery event in Cairo. El-Dabh has described his initial activities as an attempt to unlock \"the inner sound\" of the recordings. While his early compositional work was not widely known outside of Egypt at the time, El-Dabh would eventually gain recognition for his influential work at the Columbia-Princeton Electronic Music Center in the late 1950s.[11]</p>\n<p class=\"paragraph text-align-type-left pap-line-1.8 pap-line-rule-auto pap-spacing-before-2pt pap-spacing-after-2pt\">&nbsp;</p>\n<p class=\"paragraph text-align-type-left pap-line-1.8 pap-line-rule-auto pap-spacing-before-2pt pap-spacing-after-2pt\">Club d'Essai and Cinq &eacute;tudes de bruits</p>\n<p class=\"paragraph text-align-type-left pap-line-1.8 pap-line-rule-auto pap-spacing-before-2pt pap-spacing-after-2pt\">Following Schaeffer's work with Studio d'Essai at Radiodiffusion Nationale during the early 1940s he was cred with originating the theory and practice of musique concr&egrave;te. The Studio d'Essai was renamed Club d'Essai de la Radiodiffusion-T&eacute;l&eacute;vision Fran&ccedil;aise[12] in 1946 and in the same year Schaeffer discussed, in writing, the question surrounding the transformation of time perceived through recording. The essay evidenced knowledge of sound manipulation techniques he would further exploit compositionally. In 1948 Schaeffer formally initiated \"research in to noises\" at the Club d'Essai[6] and on 5 October 1948 the results of his initial experimentation were premiered at a concert given in Paris.[13] Five works for phonograph &ndash; known collectively as Cinq &eacute;tudes de bruits (Five Studies of Noises) including &Eacute;tude violette (Study in Purple) and &Eacute;tude aux chemins de fer (Study with Railroads) &ndash; were presented.</p>\n<p class=\"paragraph text-align-type-left pap-line-1.8 pap-line-rule-auto pap-spacing-before-2pt pap-spacing-after-2pt\">&nbsp;</p>\n<p class=\"paragraph text-align-type-left pap-line-1.8 pap-line-rule-auto pap-spacing-before-2pt pap-spacing-after-2pt\">Musique concr&egrave;te</p>\n<p class=\"paragraph text-align-type-left pap-line-1.8 pap-line-rule-auto pap-spacing-before-2pt pap-spacing-after-2pt\">By 1949 Schaeffer's compositional work was known publicly as musique concr&egrave;te.[6] Schaeffer stated: \"when I proposed the term 'musique concr&egrave;te,' I intended &hellip; to point out an opposition with the way musical work usually goes. Instead of notating musical ideas on paper with the symbols of solfege and entrusting their realization to well-known instruments, the question was to collect concrete sounds, wherever they came from, and to abstract the musical values they were potentially containing\".[14] According to Pierre Henry, \"musique concr&egrave;te was not a study of timbre, it is focused on envelopes, forms. It must be presented by means of non-traditional characteristics, you see &hellip; one might say that the origin of this music is also found in the interest in 'plastifying' music, of rendering it plastic like sculpture&hellip;musique concr&egrave;te, in my opinion &hellip; led to a manner of composing, indeed, a new mental framework of composing\".[15] Schaeffer had developed an aesthetic that was centred upon the use of sound as a primary compositional resource. The aesthetic also emphasised the importance of play (jeu) in the practice of sound based composition. Schaeffer's use of the word jeu, from the verb jouer, carries the same double meaning as the English verb play: 'to enjoy oneself by interacting with one's surroundings', as well as 'to operate a musical instrument'.[16]</p>\n<p class=\"paragraph text-align-type-left pap-line-1.8 pap-line-rule-auto pap-spacing-before-2pt pap-spacing-after-2pt\">&nbsp;</p>\n<p class=\"paragraph text-align-type-left pap-line-1.8 pap-line-rule-auto pap-spacing-before-2pt pap-spacing-after-2pt\">Groupe de Recherche de Musique Concr&egrave;te</p>\n<p class=\"paragraph text-align-type-left pap-line-1.8 pap-line-rule-auto pap-spacing-before-2pt pap-spacing-after-2pt\">By 1951 the work of Schaeffer, composer-percussionist Pierre Henry, and sound engineer Jacques Poullin had received official recognition and the Groupe de Recherches de Musique Concr&egrave;te, Club d 'Essai de la Radiodiffusion-T&eacute;l&eacute;vision Fran&ccedil;aise was established at RTF in Paris, the ancestor of the ORTF.[17] At RTF the GRMC established the first purpose-built electroacoustic music studio. It quickly attracted many who either were or were later to become notable composers, including Olivier Messiaen, Pierre Boulez, Jean Barraqu&eacute;, Karlheinz Stockhausen, Edgard Var&egrave;se, Iannis Xenakis, Michel Philippot, and Arthur Honegger. Compositional \"output from 1951 to 1953 comprised &Eacute;tude I (1951) and &Eacute;tude II (1951) by Boulez, Timbres-dur&eacute;es (1952) by Messiaen, &Eacute;tude aux mille collants (1952) by Stockhausen, Le microphone bien temp&eacute;r&eacute; (1952) and La voile d'Orph&eacute;e (1953) by Henry, &Eacute;tude I (1953) by Philippot, &Eacute;tude (1953) by Barraqu&eacute;, the mixed pieces Toute la lyre (1951) and Orph&eacute;e 53 (1953) by Schaeffer/Henry, and the film music Masquerage (1952) by Schaeffer and Astrologie (1953) by Henry. In 1954 Var&egrave;se and Honegger visited to work on the tape parts of D&eacute;serts and La rivi&egrave;re endormie\".[18]</p>\n<p class=\"paragraph text-align-type-left pap-line-1.8 pap-line-rule-auto pap-spacing-before-2pt pap-spacing-after-2pt\">&nbsp;</p>\n<p class=\"paragraph text-align-type-left pap-line-1.8 pap-line-rule-auto pap-spacing-before-2pt pap-spacing-after-2pt\">In the early and mid 1950s Schaeffer's commitments to RTF included official missions which often required extended absences from the studios. This led him to invest Philippe Arthuys with responsibility for the GRMC in his absence, with Pierre Henry operating as Director of Works. Pierre Henry's composing talent developed greatly during this period at the GRMC and he worked with experimental filmmakers such as Max de Haas, Jean Gr&eacute;millon, Enrico Fulchignoni, and Jean Rouch, and with choreographers including Dick Sanders and Maurice B&eacute;jart.[19] Schaeffer returned to run the group at the end of 1957, and immediately stated his disapproval of the direction the GRMC had taken. A proposal was then made to \"renew completely the spirit, the methods and the personnel of the Group, with a view to undertake research and to offer a much needed welcome to young composers\".[20]</p>\n<p class=\"paragraph text-align-type-left pap-line-1.8 pap-line-rule-auto pap-spacing-before-2pt pap-spacing-after-2pt\">&nbsp;</p>\n<p class=\"paragraph text-align-type-left pap-line-1.8 pap-line-rule-auto pap-spacing-before-2pt pap-spacing-after-2pt\">Groupe de Recherches Musicales</p>\n<p class=\"paragraph text-align-type-left pap-line-1.8 pap-line-rule-auto pap-spacing-before-2pt pap-spacing-after-2pt\">Following the emergence of differences within the GRMC Pierre Henry, Philippe Arthuys, and several of their colleagues, resigned in April 1958. Schaeffer created a new collective, called Groupe de Recherches Musicales (GRM) and set about recruiting new members including Luc Ferrari, Beatriz Ferreyra, Fran&ccedil;ois-Bernard M&acirc;che, Iannis Xenakis, Bernard Parmegiani, and Mireille Chamass-Kyrou. Later arrivals included Ivo Malec, Philippe Carson, Romuald Vandelle, Edgardo Canton and Fran&ccedil;ois Bayle.[20]</p>\n<p class=\"paragraph text-align-type-left pap-line-1.8 pap-line-rule-auto pap-spacing-before-2pt pap-spacing-after-2pt\">&nbsp;</p>\n<p class=\"paragraph text-align-type-left pap-line-1.8 pap-line-rule-auto pap-spacing-before-2pt pap-spacing-after-2pt\">GRM was one of several theoretical and experimental groups working under the umbrella of the Schaeffer-led Service de la Recherche at ORTF (1960&ndash;74). Together with the GRM, three other groups existed: the Groupe de Recherches Image GRI, the Groupe de Recherches Technologiques GRT and the Groupe de Recherches Langage which became the Groupe d'Etudes Critiques.[20] Communication was the one theme that unified the various groups, all of which were devoted to production and creation. In terms of the question \"who says what to whom?\" Schaeffer added \"how?\", thereby creating a platform for research into audiovisual communication and mass media, audible phenomena and music in general (including non-Western musics).[21] At the GRM the theoretical teaching remained based on practice and could be summed up in the catch phrase do and listen.[20]</p>\n<p class=\"paragraph text-align-type-left pap-line-1.8 pap-line-rule-auto pap-spacing-before-2pt pap-spacing-after-2pt\">&nbsp;</p>\n<p class=\"paragraph text-align-type-left pap-line-1.8 pap-line-rule-auto pap-spacing-before-2pt pap-spacing-after-2pt\">Schaeffer kept up a practice established with the GRMC of delegating the functions (though not the title) of Group Director to colleagues. Since 1961 GRM has had six Group Directors: Michel Philippot (1960&ndash;61), Luc Ferrari (1962&ndash;63), Bernard Baschet and Fran&ccedil;ois Vercken (1964&ndash;66). From the beginning of 1966, Fran&ccedil;ois Bayle took over the direction for the duration of thirty-one years, to 1997. He was then replaced by Daniel Teruggi.[19]</p>\n<p class=\"paragraph text-align-type-left pap-line-1.8 pap-line-rule-auto pap-spacing-before-2pt pap-spacing-after-2pt\">&nbsp;</p>\n<p class=\"paragraph text-align-type-left pap-line-1.8 pap-line-rule-auto pap-spacing-before-2pt pap-spacing-after-2pt\">Trait&eacute; des objets musicaux</p>\n<p class=\"paragraph text-align-type-left pap-line-1.8 pap-line-rule-auto pap-spacing-before-2pt pap-spacing-after-2pt\">The group continued to refine Schaeffer's ideas and strengthened the concept of musique acousmatique.[22] Schaeffer had borrowed the term acousmatic from Pythagoras and defined it as: \"Acousmatic, adjective: referring to a sound that one hears without seeing the causes behind it\".[23] In 1966 Schaeffer published the book Trait&eacute; des objets musicaux (Treatise on Musical Objects) which represented the culmination of some 20 years of research in the field of musique concr&egrave;te. In conjunction with this publication, a set of sound recordings was produced, entitled Le solf&egrave;ge de l'objet sonore (Music Theory of the Acoustic Object), to provide examples of concepts dealt with in the treatise.</p>\n<p class=\"paragraph text-align-type-left pap-line-1.8 pap-line-rule-auto pap-spacing-before-2pt pap-spacing-after-2pt\">&nbsp;</p>\n<div>\n<div class=\"document\">\n<p class=\"paragraph text-align-type-left pap-line-1.8 pap-line-rule-auto pap-spacing-before-2pt pap-spacing-after-2pt\">Technology</p>\n<p class=\"paragraph text-align-type-left pap-line-1.8 pap-line-rule-auto pap-spacing-before-2pt pap-spacing-after-2pt\">&nbsp;</p>\n<p class=\"paragraph text-align-type-left pap-line-1.8 pap-line-rule-auto pap-spacing-before-2pt pap-spacing-after-2pt\">The development of musique concr&egrave;te was facilitated by the emergence of new music technology in post-war Europe. Access to microphones, phonographs, and later magnetic tape recorders (created in 1939 and acquired by the Schaeffer's Groupe de Recherche de Musique Concr&egrave;te (Research Group on Concrete Music) in 1952), facilitated by an association with the French national broadcasting organization, at that time the Radiodiffusion-T&eacute;l&eacute;vision Fran&ccedil;aise, gave Schaeffer and his colleagues an opportunity to experiment with recording technology and tape manipulation.</p>\n<p class=\"paragraph text-align-type-left pap-line-1.8 pap-line-rule-auto pap-spacing-before-2pt pap-spacing-after-2pt\">&nbsp;</p>\n<p class=\"paragraph text-align-type-left pap-line-1.8 pap-line-rule-auto pap-spacing-before-2pt pap-spacing-after-2pt\">Initial tools of musique concr&egrave;te</p>\n<p class=\"paragraph text-align-type-left pap-line-1.8 pap-line-rule-auto pap-spacing-before-2pt pap-spacing-after-2pt\">In 1948, a typical radio studio consisted of a series of shellac record players, a shellac record recorder, a mixing desk with rotating potentiometers, mechanical reverberation, filters, and microphones. This technology made a number of limited operations available to a composer:[24]</p>\n<p class=\"paragraph text-align-type-left pap-line-1.8 pap-line-rule-auto pap-spacing-before-2pt pap-spacing-after-2pt\">&nbsp;</p>\n<p class=\"paragraph text-align-type-left pap-line-1.8 pap-line-rule-auto pap-spacing-before-2pt pap-spacing-after-2pt\">Shellac record players: could read a sound normally and in reverse mode, could change speed at fixed ratios thus permitting octave transposition.</p>\n<p class=\"paragraph text-align-type-left pap-line-1.8 pap-line-rule-auto pap-spacing-before-2pt pap-spacing-after-2pt\">Shellac recorder: would record any result coming out of the mixing desk.</p>\n<p class=\"paragraph text-align-type-left pap-line-1.8 pap-line-rule-auto pap-spacing-before-2pt pap-spacing-after-2pt\">Mixing desk: would permit several sources to be mixed together with an independent control of the gain or volume of the sound. The result of the mixing was sent to the recorder and to the monitoring loudspeakers. Signals could be sent to the filters or the reverberation unit.</p>\n<p class=\"paragraph text-align-type-left pap-line-1.8 pap-line-rule-auto pap-spacing-before-2pt pap-spacing-after-2pt\">Mechanical reverberation: made of a metal plate or a series of springs that created the reverberation effect, indispensable to force sounds to \"fuse\" together.</p>\n<p class=\"paragraph text-align-type-left pap-line-1.8 pap-line-rule-auto pap-spacing-before-2pt pap-spacing-after-2pt\">Filters: two kinds of filters, 1/3 octave filters and high and low-pass filters. They allow the elimination or enhancement of selected frequencies.</p>\n<p class=\"paragraph text-align-type-left pap-line-1.8 pap-line-rule-auto pap-spacing-before-2pt pap-spacing-after-2pt\">Microphones: essential tool for capturing sound.</p>\n<p class=\"paragraph text-align-type-left pap-line-1.8 pap-line-rule-auto pap-spacing-before-2pt pap-spacing-after-2pt\">The application of the above technologies in the creation of musique concr&egrave;te led to the development of a number of sound manipulation techniques including:[24]</p>\n<p class=\"paragraph text-align-type-left pap-line-1.8 pap-line-rule-auto pap-spacing-before-2pt pap-spacing-after-2pt\">&nbsp;</p>\n<p class=\"paragraph text-align-type-left pap-line-1.8 pap-line-rule-auto pap-spacing-before-2pt pap-spacing-after-2pt\">Sound transposition: reading a sound at a different speed than the one at which it was recorded.</p>\n<p class=\"paragraph text-align-type-left pap-line-1.8 pap-line-rule-auto pap-spacing-before-2pt pap-spacing-after-2pt\">Sound looping: composers developed a skilled technique in order to create loops at specific locations within a recording.</p>\n<p class=\"paragraph text-align-type-left pap-line-1.8 pap-line-rule-auto pap-spacing-before-2pt pap-spacing-after-2pt\">Sound-sample extraction: a hand-controlled method that required delicate manipulation to get a clean sample of sound. It entailed letting the stylus read a small segment of a record. Used in the Symphonie pour un homme seul.</p>\n<p class=\"paragraph text-align-type-left pap-line-1.8 pap-line-rule-auto pap-spacing-before-2pt pap-spacing-after-2pt\">Filtering: by eliminating most of the central frequencies of a signal, the remains would keep some trace of the original sound but without making it recognisable.</p>\n<p class=\"paragraph text-align-type-left pap-line-1.8 pap-line-rule-auto pap-spacing-before-2pt pap-spacing-after-2pt\">Magnetic tape</p>\n<p class=\"paragraph text-align-type-left pap-line-1.8 pap-line-rule-auto pap-spacing-before-2pt pap-spacing-after-2pt\">The first tape recorders started arriving at ORTF in 1949; however, their functioning was much less reliable than the shellac players, to the point that the Symphonie pour un homme seul, which was composed in 1950&ndash;51, was mainly composed with records, even if the tape recorder was available.[25] In 1950, when the machines finally functioned correctly, the techniques of musique concr&egrave;te were expanded. A range of new sound manipulation practices were explored using improved media manipulation methods and operations such as speed variation. A completely new possibility of organising sounds appears with tape ing, which permits tape to be spliced and arranged with an extraordinary new precision. The \"axe-cut junctions\" were replaced with micrometric junctions and a whole new technique of production, less dependency on performance skills, could be developed. Tape ing brought a new technique called \"micro-ing\", in which very tiny fragments of sound, representing milliseconds of time, were ed together, thus creating completely new sounds or structures.[26]</p>\n<p class=\"paragraph text-align-type-left pap-line-1.8 pap-line-rule-auto pap-spacing-before-2pt pap-spacing-after-2pt\">&nbsp;</p>\n<p class=\"paragraph text-align-type-left pap-line-1.8 pap-line-rule-auto pap-spacing-before-2pt pap-spacing-after-2pt\">Development of novel devices</p>\n<p class=\"paragraph text-align-type-left pap-line-1.8 pap-line-rule-auto pap-spacing-before-2pt pap-spacing-after-2pt\">During the GRMC period from 1951 to 1958, Schaeffer and Poullin developed a number of novel sound creation tools. These included a three-track tape recorder; a machine with ten playback heads to replay tape loops in echo (the morphophone); a keyboard-controlled machine to replay tape loops at twenty-four preset speeds (the keyboard, chromatic, or Tolana phonog&egrave;ne); a slide-controlled machine to replay tape loops at a continuously variable range of speeds (the handle, continuous, or Sareg phonog&egrave;ne); and a device to distribute an encoded track across four loudspeakers, including one hanging from the centre of the ceiling (the potentiom&egrave;tre d'espace).[18]</p>\n<p class=\"paragraph text-align-type-left pap-line-1.8 pap-line-rule-auto pap-spacing-before-2pt pap-spacing-after-2pt\">&nbsp;</p>\n<p class=\"paragraph text-align-type-left pap-line-1.8 pap-line-rule-auto pap-spacing-before-2pt pap-spacing-after-2pt\">Phonog&egrave;ne</p>\n<p class=\"paragraph text-align-type-left pap-line-1.8 pap-line-rule-auto pap-spacing-before-2pt pap-spacing-after-2pt\">&nbsp;</p>\n<p class=\"paragraph text-align-type-left pap-line-1.8 pap-line-rule-auto pap-spacing-before-2pt pap-spacing-after-2pt\">The chromatic phonog&egrave;ne.</p>\n<p class=\"paragraph text-align-type-left pap-line-1.8 pap-line-rule-auto pap-spacing-before-2pt pap-spacing-after-2pt\">Speed variation was a powerful tool for sound design applications. It had been identified that transformations brought about by varying playback speed lead to modification in the character of the sound material:</p>\n<p class=\"paragraph text-align-type-left pap-line-1.8 pap-line-rule-auto pap-spacing-before-2pt pap-spacing-after-2pt\">&nbsp;</p>\n<p class=\"paragraph text-align-type-left pap-line-1.8 pap-line-rule-auto pap-spacing-before-2pt pap-spacing-after-2pt\">Variation in the sounds' length, in a manner directly proportional to the ratio of speed variation.</p>\n<p class=\"paragraph text-align-type-left pap-line-1.8 pap-line-rule-auto pap-spacing-before-2pt pap-spacing-after-2pt\">Variation in length is coupled with a variation in pitch, and is also proportional to the ratio of speed variation.</p>\n<p class=\"paragraph text-align-type-left pap-line-1.8 pap-line-rule-auto pap-spacing-before-2pt pap-spacing-after-2pt\">A sound's attack characteristic is altered, whereby it is either dislocated from succeeding events, or the energy of the attack is more sharply focused.</p>\n<p class=\"paragraph text-align-type-left pap-line-1.8 pap-line-rule-auto pap-spacing-before-2pt pap-spacing-after-2pt\">The distribution of spectral energy is altered, thereby influencing how the resulting timbre might be perceived, relative to its original unaltered state.</p>\n<p class=\"paragraph text-align-type-left pap-line-1.8 pap-line-rule-auto pap-spacing-before-2pt pap-spacing-after-2pt\">The phonog&egrave;ne was a machine capable of modifying sound structure significantly and it provided composers with a means to adapt sound to meet specific compositional contexts. The initial phonog&egrave;nes were manufactured in 1953 by two subcontractors: the chromatic phonog&egrave;ne by a company called Tolana, and the sliding version by the SAREG Company.[27] A third version was developed later at ORTF. An outline of the unique capabilities of the various phonog&egrave;nes can be seen here:</p>\n<p class=\"paragraph text-align-type-left pap-line-1.8 pap-line-rule-auto pap-spacing-before-2pt pap-spacing-after-2pt\">&nbsp;</p>\n<p class=\"paragraph text-align-type-left pap-line-1.8 pap-line-rule-auto pap-spacing-before-2pt pap-spacing-after-2pt\">Chromatic: The chromatic phonog&egrave;ne was controlled through a one-octave keyboard. Multiple capstans of differing diameters vary the tape speed over a single stationary magnetic tape head. A tape loop was put into the machine, and when a key was played, it would act on an individual pinch roller / capstan arrangement and cause the tape to be played at a specific speed. The machine worked with short sounds only.[27]</p>\n<p class=\"paragraph text-align-type-left pap-line-1.8 pap-line-rule-auto pap-spacing-before-2pt pap-spacing-after-2pt\">Sliding: The sliding phonog&egrave;ne (also called continuous-variation phonog&egrave;ne) provided continuous variation of tape speed using a control rod.[27] The range allowed the motor to arrive at almost a stop position, always through a continuous variation. It was basically a normal tape recorder but with the ability to control its speed, so it could modify any length of tape. One of the earliest examples of its use can by heard in Voile d'Orph&eacute;e by Pierre Henry (1953), where a lengthy glissando is used to symbolise the removal of Orpheus's veil as he enters hell.</p>\n<p class=\"paragraph text-align-type-left pap-line-1.8 pap-line-rule-auto pap-spacing-before-2pt pap-spacing-after-2pt\">Universal: A final version called the universal phonog&egrave;ne was completed in 1963. The device's main ability was that it enabled the dissociation of pitch variation from time variation. This was the starting point for methods that would later become widely available using digital technology, for instance harmonising (transposing sound without modifying duration) and time stretching (modifying duration without pitch modification). This was obtained through a rotating magnetic head called the Springer temporal regulator, an ancestor of the rotating heads used in video machines.</p>\n<p class=\"paragraph text-align-type-left pap-line-1.8 pap-line-rule-auto pap-spacing-before-2pt pap-spacing-after-2pt\">Three-head tape recorder</p>\n<p class=\"paragraph text-align-type-left pap-line-1.8 pap-line-rule-auto pap-spacing-before-2pt pap-spacing-after-2pt\">This original tape recorder was one of the first machines permitting the simultaneous listening of several synchronised sources. Until 1958 musique concr&egrave;te, radio and the studio machines were monophonic. The three-head tape recorder superposed three magnetic tapes that were dragged by a common motor, each tape having an independent spool. The objective was to keep the three tapes synchronised from a common starting point. Works could then be conceived polyphonically, and thus each head conveyed a part of the information and was listened to through a dedicated loudspeaker. It was an ancestor of the multi-track player (four then eight tracks) that appeared in the 1960s. Timbres Dur&eacute;es by Olivier Messiaen with the technical assistance of Pierre Henry was the first work composed for this tape recorder in 1952. A rapid rhythmic polyphony was distributed over the three channels.[28]</p>\n<p class=\"paragraph text-align-type-left pap-line-1.8 pap-line-rule-auto pap-spacing-before-2pt pap-spacing-after-2pt\">&nbsp;</p>\n<p class=\"paragraph text-align-type-left pap-line-1.8 pap-line-rule-auto pap-spacing-before-2pt pap-spacing-after-2pt\">Morphophone</p>\n<p class=\"paragraph text-align-type-left pap-line-1.8 pap-line-rule-auto pap-spacing-before-2pt pap-spacing-after-2pt\">&nbsp;</p>\n<p class=\"paragraph text-align-type-left pap-line-1.8 pap-line-rule-auto pap-spacing-before-2pt pap-spacing-after-2pt\">The Morphophone</p>\n<p class=\"paragraph text-align-type-left pap-line-1.8 pap-line-rule-auto pap-spacing-before-2pt pap-spacing-after-2pt\">This machine was conceived to build complex forms through repetition, and accumulation of events through delays, filtering and feedback. It consisted of a large rotating disk, 50 cm in diameter, on which was stuck a tape with its magnetic side facing outward. A series of twelve movable magnetic heads (one each recording head and erasing head, and ten playback heads) were positioned around the disk, in contact with the tape. A sound up to four seconds long could be recorded on the looped tape and the ten playback heads would then read the information with different delays, according to their (adjustable) positions around the disk. A separate amplifier and band-pass filter for each head could modify the spectrum of the sound, and additional feedback loops could transmit the information to the recording head. The resulting repetitions of a sound occurred at different time intervals, and could be filtered or modified through feedback. This system was also easily capable of producing artificial reverberation or continuous sounds.[28]</p>\n<p class=\"paragraph text-align-type-left pap-line-1.8 pap-line-rule-auto pap-spacing-before-2pt pap-spacing-after-2pt\">&nbsp;</p>\n<p class=\"paragraph text-align-type-left pap-line-1.8 pap-line-rule-auto pap-spacing-before-2pt pap-spacing-after-2pt\">Early sound spatialisation system</p>\n<p class=\"paragraph text-align-type-left pap-line-1.8 pap-line-rule-auto pap-spacing-before-2pt pap-spacing-after-2pt\">&nbsp;</p>\n<p class=\"paragraph text-align-type-left pap-line-1.8 pap-line-rule-auto pap-spacing-before-2pt pap-spacing-after-2pt\">Pierre Henry using induction coils to control sound spatially.</p>\n<p class=\"paragraph text-align-type-left pap-line-1.8 pap-line-rule-auto pap-spacing-before-2pt pap-spacing-after-2pt\">At the premiere of Pierre Schaeffer's Symphonie pour un homme seul in 1951, a system that was designed for the spatial control of sound was tested. It was called a \"relief desk\" (pupitre de relief, but also referred to as pupitre d'espace or potentiom&egrave;tre d'espace) and was intended to control the dynamic level of music played from several shellac players. This created a stereophonic effect by controlling the positioning of a monophonic sound source.[28] One of five tracks, provided by a purpose-built tape machine, was controlled by the performer and the other four tracks each supplied a single loudspeaker. This provided a mixture of live and preset sound positions.[29] The placement of loudspeakers in the performance space included two loudspeakers at the front right and left of the audience, one placed at the rear, and in the centre of the space a loudspeaker was placed in a high position above the audience. The sounds could therefore be moved around the audience, rather than just across the front stage. On stage, the control system allowed a performer to position a sound either to the left or right, above or behind the audience, simply by moving a small, hand held transmitter coil towards or away from four somewhat larger receiver coils arranged around the performer in a manner reflecting the loudspeaker positions.[28] A contemporary eyewitness described the potentiom&egrave;tre d'espace in normal use:</p>\n<p class=\"paragraph text-align-type-left pap-line-1.8 pap-line-rule-auto pap-spacing-before-2pt pap-spacing-after-2pt\">&nbsp;</p>\n<p class=\"paragraph text-align-type-left pap-line-1.8 pap-line-rule-auto pap-spacing-before-2pt pap-spacing-after-2pt\">One found one's self sitting in a small studio which was equipped with four loudspeakers&mdash;two in front of one&mdash;right and left; one behind one and a fourth suspended above. In the front center were four large loops and an \"executant\" moving a small magnetic unit through the air. The four loops controlled the four speakers, and while all four were giving off sounds all the time, the distance of the unit from the loops determined the volume of sound sent out from each.</p>\n<p class=\"paragraph text-align-type-left pap-line-1.8 pap-line-rule-auto pap-spacing-before-2pt pap-spacing-after-2pt\">The music thus came to one at varying intensity from various parts of the room, and this \"spatial projection\" gave new sense to the rather abstract sequence of sound originally recorded.[30]</p>\n<p class=\"paragraph text-align-type-left pap-line-1.8 pap-line-rule-auto pap-spacing-before-2pt pap-spacing-after-2pt\">The central concept underlying this method was the notion that music should be controlled during public presentation in order to create a performance situation; an attitude that has stayed with acousmatic music to the present day.[28]</p>\n<p class=\"paragraph text-align-type-left pap-line-1.8 pap-line-rule-auto pap-spacing-before-2pt pap-spacing-after-2pt\">&nbsp;</p>\n<p class=\"paragraph text-align-type-left pap-line-1.8 pap-line-rule-auto pap-spacing-before-2pt pap-spacing-after-2pt\">Coupigny synthesiser and Studio 54 mixing desk</p>\n<p class=\"paragraph text-align-type-left pap-line-1.8 pap-line-rule-auto pap-spacing-before-2pt pap-spacing-after-2pt\">&nbsp;</p>\n<p class=\"paragraph text-align-type-left pap-line-1.8 pap-line-rule-auto pap-spacing-before-2pt pap-spacing-after-2pt\">Pierre Schaeffer at the Studio 54 desk adjusting a Moog, the Coupigny is in the row below.</p>\n<p class=\"paragraph text-align-type-left pap-line-1.8 pap-line-rule-auto pap-spacing-before-2pt pap-spacing-after-2pt\">After the longstanding rivalry with the \"electronic music\" of the Cologne studio had subsided, in 1970 the GRM finally created an electronic studio using tools developed by the physicist Enrico Chiarucci, called the Studio 54, which featured the \"Coupigny modular synthesiser\" and a Moog synthesiser.[31] The Coupigny synthesiser, named for its designer Fran&ccedil;ois Coupigny, director of the Group for Technical Research,[32] and the Studio 54 mixing desk had a major influence on the evolution of GRM and from the point of their introduction on they brought a new quality to the music.[33] The mixing desk and synthesiser were combined in one unit and were created specifically for the creation of musique concr&egrave;te.</p>\n<p class=\"paragraph text-align-type-left pap-line-1.8 pap-line-rule-auto pap-spacing-before-2pt pap-spacing-after-2pt\">&nbsp;</p>\n<p class=\"paragraph text-align-type-left pap-line-1.8 pap-line-rule-auto pap-spacing-before-2pt pap-spacing-after-2pt\">The design of the desk was influenced by trade union rules at French National Radio that required technicians and production staff to have clearly defined duties. The solitary practice of musique concr&egrave;te composition did not suit a system that involved three operators: one in charge of the machines, a second controlling the mixing desk, and third to provide guidance to the others. Because of this the synthesiser and desk were combined and organised in a manner that allowed it to be used easily by a composer. Independently of the mixing tracks (twenty-four in total), it had a coupled connection patch that permitted the organisation of the machines within the studio. It also had a number of remote controls for operating tape recorders. The system was easily adaptable to any context, particularly that of interfacing with external equipment.[34]</p>\n<p class=\"paragraph text-align-type-left pap-line-1.8 pap-line-rule-auto pap-spacing-before-2pt pap-spacing-after-2pt\">&nbsp;</p>\n<p class=\"paragraph text-align-type-left pap-line-1.8 pap-line-rule-auto pap-spacing-before-2pt pap-spacing-after-2pt\">Before the late 1960s the musique concr&egrave;te produced at GRM had largely been based on the recording and manipulation of sounds, but synthesised sounds had featured in a number of works prior to the introduction of the Coupigny. Pierre Henry had used oscillators to produce sounds as early as 1955. But a synthesiser with envelope control was something Pierre Schaeffer was against, since it favoured the preconception of music and therefore deviated from Schaeffer's principal of 'making through listening'.[34] Because of Schaeffer's concerns the Coupigny synthesiser was conceived as a sound-event generator with parameters controlled globally, without a means to define values as precisely as some other synthesisers of the day.[35]</p>\n<p class=\"paragraph text-align-type-left pap-line-1.8 pap-line-rule-auto pap-spacing-before-2pt pap-spacing-after-2pt\">&nbsp;</p>\n<p class=\"paragraph text-align-type-left pap-line-1.8 pap-line-rule-auto pap-spacing-before-2pt pap-spacing-after-2pt\">The development of the machine was constrained by several factors. It needed to be modular and the modules had to be easily interconnected (so that the synthesiser would have more modules than slots and it would have an easy-to-use patch). It also needed to include all the major functions of a modular synthesiser including oscillators, noise-generators, filters, ring-modulators, but an intermodulation facility was viewed as the primary requirement; to enable complex synthesis processes such as frequency modulation, amplitude modulation, and modulation via an external source. No keyboard was attached to the synthesiser and instead a specific and somewhat complex envelope generator was used to shape sound. This synthesiser was well-adapted to the production of continuous and complex sounds using intermodulation techniques such as cross-synthesis and frequency modulation but was less effective in generating precisely defined frequencies and triggering specific sounds.[33]</p>\n<p class=\"paragraph text-align-type-left pap-line-1.8 pap-line-rule-auto pap-spacing-before-2pt pap-spacing-after-2pt\">&nbsp;</p>\n<p class=\"paragraph text-align-type-left pap-line-1.8 pap-line-rule-auto pap-spacing-before-2pt pap-spacing-after-2pt\">The Coupigny synthesiser also served as the model for a smaller, portable unit, which has been used down to the present day.[32]</p>\n<p class=\"paragraph text-align-type-left pap-line-1.8 pap-line-rule-auto pap-spacing-before-2pt pap-spacing-after-2pt\">&nbsp;</p>\n<p class=\"paragraph text-align-type-left pap-line-1.8 pap-line-rule-auto pap-spacing-before-2pt pap-spacing-after-2pt\">Acousmonium</p>\n<p class=\"paragraph text-align-type-left pap-line-1.8 pap-line-rule-auto pap-spacing-before-2pt pap-spacing-after-2pt\">&nbsp;</p>\n<p class=\"paragraph text-align-type-left pap-line-1.8 pap-line-rule-auto pap-spacing-before-2pt pap-spacing-after-2pt\">In 1966 composer and technician Fran&ccedil;ois Bayle was placed in charge of the Groupe de Recherches Musicales and in 1975, GRM was integrated with the new Institut national de l'audiovisuel (INA &ndash; Audiovisual National Institute) with Bayle as its head. In taking the lead on work that began in the early 1950s, with Jacques Poullin's potentiom&egrave;tre d'espace, a system designed to move monophonic sound sources across four speakers, Bayle and the engineer Jean-Claude Lallemand created an orchestra of loudspeakers (un orchestre de haut-parleurs) known as the Acousmonium in 1974.[36] An inaugural concert took place on 14 February 1974 at the Espace Pierre Cardin in Paris with a presentation of Bayle's Exp&eacute;rience acoustique.[37]</p>\n<p class=\"paragraph text-align-type-left pap-line-1.8 pap-line-rule-auto pap-spacing-before-2pt pap-spacing-after-2pt\">&nbsp;</p>\n<p class=\"paragraph text-align-type-left pap-line-1.8 pap-line-rule-auto pap-spacing-before-2pt pap-spacing-after-2pt\">The Acousmonium is a specialised sound reinforcement system consisting of between 50 and 100 loudspeakers, depending on the character of the concert, of varying shape and size. The system was designed specifically for the concert presentation of musique-concr&egrave;te-based works but with the added enhancement of sound spatialisation. Loudspeakers are placed both on stage and at positions throughout the performance space[37] and a mixing console is used to manipulate the placement of acousmatic material across the speaker array, using a performative technique known as \"sound diffusion\".[38] Bayle has commented that the purpose of the Acousmonium is to \"substitute a momentary classical disposition of sound making, which diffuses the sound from the circumference towards the centre of the hall, by a group of sound projectors which form an 'orchestration' of the acoustic image\".[39]</p>\n<p class=\"paragraph text-align-type-left pap-line-1.8 pap-line-rule-auto pap-spacing-before-2pt pap-spacing-after-2pt\">&nbsp;</p>\n<p class=\"paragraph text-align-type-left pap-line-1.8 pap-line-rule-auto pap-spacing-before-2pt pap-spacing-after-2pt\">As of 2010, the Acousmonium was still performing, with 64 speakers, 35 amplifiers, and 2 consoles.[36]</p>\n</div>\n</div>\n</div>\n</div>\n</div>",
 "remarks": "本词条汉字内容由 @多频百科团队 翻译+编辑\n原文译自 https://en.wikipedia.org/wiki/Musique_concrète",
 "remarksEn": "本词条内容来自 https://en.wikipedia.org/wiki/Musique_concrète",
 "status": 1,
 "clickNum": 58,
 "deleted": 0,
 "lang": 0,
 "chooseLang": true,
 "id": 260,
 "name": "Musique Concrète",
 "descriptions": "Musique concrète（具象音乐，也称具体音乐）是一种以录制的声音作为素材的音乐作品，最早在20世纪40年代由皮埃尔·舍费尔（Pierre Schaeffer）提出。声音通常通过应用音频效果和磁带处理技术进行修改，并且可以组合成蒙太奇的形式。它可以包含从乐器，人声和自然环境的录音中导出的声音，以及使用合成器和基于计算机的数字信号处理创建的声音。这个术语中的乐曲并不局限于旋律，和声，节奏等的正常音乐​规则。它利用了声音听觉功能，这意味着声音身份经常可能被有意遮掩或看起来与音源无关。",
 "originalName": "",
 "startTimeText": "1940s",
 "startAddress": "法国巴黎",
 "searchStyle": "Electroacoustic Music",
 "styleCategory": "Electroacoustic Music",
 "originalStyle": "",
 "affectStyle": "",
 "deriveStyle": "",
 "representArtist": "Pierre Schaeffer, Pierre Henry",
 "represetnBrand": "GRMC, RTF, GRM",
 "officialUrl": "https://en.wikipedia.org/wiki/Musique_concrète",
 "typeId": 13,
 "typeName": "风格",
 "dataId": 260,
 "url": "http://dropinapp.hearinmusic.com/#/ency?typeId=13&dataId=260"
}