{
 "pageNum": 1,
 "pageSize": 10,
 "params": {},
 "relationChannel": "[{\"id\":1251,\"parentId\":8,\"name\":\"Mákina\"}]",
 "content": "<div>\n<div class=\"document\">\n<p class=\"paragraph text-align-type-left pap-line-1.8 pap-line-rule-auto pap-spacing-before-2pt pap-spacing-after-2pt\">M&agrave;kina是hardcore techno的一个亚流派，起源于西班牙。与UK hardcore相似，它包括bouncy techno 和hardtrance的元素，tempo 从150到180 BPM不等。</p>\n<p class=\"paragraph text-align-type-left pap-line-1.8 pap-line-rule-auto pap-spacing-before-2pt pap-spacing-after-2pt\">&nbsp;</p>\n<p class=\"paragraph text-align-type-left pap-line-1.8 pap-line-rule-auto pap-spacing-before-2pt pap-spacing-after-2pt\"><strong>20世纪90年代初：起源</strong></p>\n<p class=\"paragraph text-align-type-left pap-line-1.8 pap-line-rule-auto pap-spacing-before-2pt pap-spacing-after-2pt\">1988年，acid house的兴起使得西班牙的舞曲变得非常突出。M&aacute;kina紧随这一趋势，起源于20世纪90年代初的西班牙瓦伦西亚。它源于另一种被称为bakalao的风格，bakalao实际上是85年后瓦伦西亚俱乐部中电子舞曲与流行、摇滚乐一起演奏的协会的名字。</p>\n<p class=\"paragraph text-align-type-left pap-line-1.8 pap-line-rule-auto pap-spacing-before-2pt pap-spacing-after-2pt\">&nbsp;</p>\n<p class=\"paragraph text-align-type-left pap-line-1.8 pap-line-rule-auto pap-spacing-before-2pt pap-spacing-after-2pt\"><strong>90年代中期：突破与成功</strong></p>\n<p class=\"paragraph text-align-type-left pap-line-1.8 pap-line-rule-auto pap-spacing-before-2pt pap-spacing-after-2pt\">1991年，西班牙制作人奇莫巴约（Chimo Bayo）推出了他的单曲《Asi Me Gusta A Mi（X-Ta Si，X-Ta No）》，这一类型的音乐开始变得有名。这首歌在整个欧洲非常流行，该流派很快就有了知名度。从1995年到1997年，这一流派在整个西班牙非常流行，因为许多以玛基纳为导向的单曲在西班牙单曲排行榜上排名第一。西班牙m&aacute;kina团体EX-3在1995年和1996年分别推出了两首获得榜单第一的单曲&ldquo;Extres&rdquo;和&ldquo;EX-P-Cial&rdquo;。或许美国知名度最高的m&aacute;kina单曲是Newton的《Streamline》，2006年由Jimmy Fallon主演的百事可乐广告使该单曲更具传唱度。</p>\n<p class=\"paragraph text-align-type-left pap-line-1.8 pap-line-rule-auto pap-spacing-before-2pt pap-spacing-after-2pt\">&nbsp;</p>\n<p class=\"paragraph text-align-type-left pap-line-1.8 pap-line-rule-auto pap-spacing-before-2pt pap-spacing-after-2pt\">从20世纪90年代末到2006年左右，这一流派作为主流成为了英格兰东北部和苏格兰狂欢节目。但最著名的场馆特别是New Monkey nightclub关闭以后，它在这些地区的知名度逐渐下降，基本上被UK Bounce（也称为&ldquo;Donk&rdquo;或&ldquo;Scouse House&rdquo;）所取代。尽管如此，它仍然保留着深厚的文化遗产。纽卡斯尔联队和桑德兰队客场比赛时，经常听到教练组在互相&ldquo;问候&rdquo;（注：纽卡斯尔和桑德兰是英超死对头）。</p>\n</div>\n</div>",
 "contentEn": "<div>\n<div class=\"document\">\n<p class=\"paragraph text-align-type-left pap-line-1.8 pap-line-rule-auto pap-spacing-before-2pt pap-spacing-after-2pt\">M&agrave;kina&nbsp;is&nbsp;a&nbsp;subgenre&nbsp;of&nbsp;hardcore&nbsp;techno,&nbsp;originating&nbsp;in&nbsp;Spain.&nbsp;Similar&nbsp;to&nbsp;UK&nbsp;hardcore,&nbsp;it&nbsp;includes&nbsp;elements&nbsp;of&nbsp;bouncy&nbsp;techno&nbsp;and&nbsp;hardtrance.&nbsp;The&nbsp;tempo&nbsp;ranges&nbsp;from&nbsp;150&nbsp;to&nbsp;180&nbsp;BPM.</p>\n<p class=\"paragraph text-align-type-left pap-line-1.8 pap-line-rule-auto pap-spacing-before-2pt pap-spacing-after-2pt\">&nbsp;</p>\n<p class=\"paragraph text-align-type-left pap-line-1.8 pap-line-rule-auto pap-spacing-before-2pt pap-spacing-after-2pt\"><strong>Early 1990s: origins</strong></p>\n<p class=\"paragraph text-align-type-left pap-line-1.8 pap-line-rule-auto pap-spacing-before-2pt pap-spacing-after-2pt\">Dance music in Spain became prominent in 1988 with the rise of acid house. M&aacute;kina followed this trend and has its origins in the early 1990s in Valencia, Spain. Derived from another style called bakalao, which was in reality the local name given to an association of electronic dance music played together with pop and rock tunes in Valencian clubs in the second half of the 1980s.</p>\n<p class=\"paragraph text-align-type-left pap-line-1.8 pap-line-rule-auto pap-spacing-before-2pt pap-spacing-after-2pt\">&nbsp;</p>\n<p class=\"paragraph text-align-type-left pap-line-1.8 pap-line-rule-auto pap-spacing-before-2pt pap-spacing-after-2pt\"><strong>Mid-1990s: breakthrough and success</strong></p>\n<p class=\"paragraph text-align-type-left pap-line-1.8 pap-line-rule-auto pap-spacing-before-2pt pap-spacing-after-2pt\">The genre gained prominence in 1991 when Spanish producer Chimo Bayo released his single, \"Asi Me Gusta A Mi (X-Ta Si, X-Ta No)\". The song was a success throughout Europe and the genre soon gained prominence. The genre became extremely popular throughout Spain from 1995 to 1997, as many M&aacute;kina oriented singles reached number one on the Spanish Singles Chart. Spanish m&aacute;kina group EX-3 had two number-one singles, \"Extres\" and \"Ex-P-Cial\" in 1995 and 1996, respectively. Perhaps the most recognized m&aacute;kina single in the United States is \"Streamline\" by Newton, which was popularized by a 2006 Pepsi commercial starring Jimmy Fallon.</p>\n<p class=\"paragraph text-align-type-left pap-line-1.8 pap-line-rule-auto pap-spacing-before-2pt pap-spacing-after-2pt\">&nbsp;</p>\n<p class=\"paragraph text-align-type-left pap-line-1.8 pap-line-rule-auto pap-spacing-before-2pt pap-spacing-after-2pt\">From the late 1990s to approximately 2006 the genre was the staple of the rave scene in North East England and Scotland. Following the closures of the most prominent venues &ndash; in particular the New Monkey nightclub &ndash; its popularity faded in those areas and was largely replaced with UK Bounce (also known as \"Donk\" or \"Scouse House\"). Despite this it still retains a strong cultural legacy; regularly heard blasting from coaches when Newcastle United and Sunderland AFC play away matches.</p>\n</div>\n</div>",
 "remarks": "本词条汉字内容由 @多频百科团队 翻译+编辑\n原文译自 https://en.wikipedia.org/wiki/M%C3%A1kina",
 "remarksEn": "本词条内容来自 https://en.wikipedia.org/wiki/M%C3%A1kina",
 "status": 1,
 "clickNum": 16,
 "deleted": 0,
 "lang": 0,
 "chooseLang": true,
 "id": 208,
 "name": "Mákina",
 "descriptions": "Màkina是hardcore techno的一个亚流派，起源于西班牙。与UK hardcore相似，它包括bouncy techno 和hardtrance的元素，tempo 从150到180 BPM不等。",
 "originalName": "",
 "startTimeText": "Early 1990s",
 "startAddress": "Valencia；Spain",
 "searchStyle": "Hardcore",
 "styleCategory": "Happy Hardcore",
 "originalStyle": "Bouncy techno, Trance, Eurodance",
 "affectStyle": "",
 "deriveStyle": "",
 "representArtist": "Chimo Bayo, Jimmy Fallon",
 "officialUrl": "https://en.wikipedia.org/wiki/M%C3%A1kina",
 "typeId": 13,
 "typeName": "风格",
 "dataId": 208,
 "url": "http://dropinapp.hearinmusic.com/#/ency?typeId=13&dataId=208"
}