{
 "pageNum": 1,
 "pageSize": 10,
 "params": {},
 "relationChannel": "[{\"id\":1419,\"parentId\":8,\"name\":\"Neo Trance\"}]",
 "content": "<p>Neo Trance是Trance音乐的一个子流派了，最早出现于2000年代初期，用于描述向更为简约方向发展的Trance分支。它是通过使用不符合或不坚持先前的Trance的各种音乐方面来定义的。Neo Trance音乐使用更深沉、有时更有含义的歌词。参与 Neo-trance 创作的艺术家经常与以前只在 trance 领域之外进行录音的歌手合作。</p>\n<p>&nbsp;</p>\n<p>Neo Trance本身源于极简音乐和电子音乐，同时通常会添加旋律元素和Breakdown，将曲目带入Neo Trance的氛围钟。最早时 Minimal techno 制作人开始制作一些旋律（尽管不是典型的 trance 弦乐），这个 mini-techno 的新分支开始流行起来，充满旋律的 Trance 便与这个音乐分支有关。通常，Neo-Trance给人一种更黑暗的感觉。</p>\n<p>&nbsp;</p>\n<p>&ldquo;Neo-trance&rdquo;一词最早出现在英国的 DJ 杂志上，由音乐评论家兼记者 Tim Stark 用来描述德国制作人和 DJ Kyau &amp; Albert 的作品。它随后被采用并且该团体开始在整个 trance 场景中扩散，但是 Kyau &amp; Albert 不是新 trance 领域的新人，因为他们主要制作 Progressive Trance。一些人还认为，克罗地亚制作人达米尔&middot;普什卡 (Damir Pushkar) 是第一个通过描述他的曲调使用&ldquo;Neo Trance&rdquo;的人。</p>\n<p>&nbsp;</p>\n<p>与该流派相关的艺术家包括德国艺术家 Stephan Bodzin、Dominik Eulberg、Ellen Allien、Gabriel Ananda、Paul Kalkbrenner、Extrawelt、Pantha Du Prince 和 Gregor Tresher，以及国际艺术家，如 James Holden、Deadmau5、Nathan Fake、Oxia、 Gui Boratto 和 Trentem&oslash;ller。Neo Trance也与新的Electro和Electroclash运动有关。</p>",
 "contentEn": "<p>Neo-trance is a sub-genre of trance music. It is defined by the use of various musical aspects which do not conform or adhere to previous incarnations of trance. Neo-trance music employs deeper and sometimes more meaningful lyrics. Artists involved in the creation of Neo-trance often work with vocalists who&rsquo;ve previously only recorded outside of the trance vein. The music itself has its roots in minimal and techno music, while generally adding in melodic elements and breakdowns to bring the tracks into the Neo-trance quarter. Minimal techno producers started making melodies (albeit not typical trance strings) and this new branch of minimal techno caught on, and trance, being full of melodies became related to this branch of music. Quite often Neo-Trance has a darker feel to it.</p>\n<p>&nbsp;</p>\n<p>The term &lsquo;Neo-trance&rsquo; was first used in the UK&rsquo;s DJ Magazine by music critic and journalist Tim Stark to describe the work of German producers and DJs Kyau &amp; Albert. It was subsequently adopted by and the group has begun to proliferate throughout the trance scene, however Kyau &amp; Albert are not an example of neo-trance as they mainly produce Progressive Trance. It's also considered by some that a Croatian producer called Damir Pushkar was the first who used the \"Neo-trance\" by describing his tunes.</p>\n<p>&nbsp;</p>\n<p>Artists associated with the sub-genre include German artists Stephan Bodzin, Dominik Eulberg, Ellen Allien, Gabriel Ananda, Paul Kalkbrenner, Extrawelt, Pantha Du Prince and Gregor Tresher as well as international artists such as James Holden, Deadmau5, Nathan Fake, Oxia, Gui Boratto and Trentem&oslash;ller. Genre is also related to new electro and electroclash movements.</p>",
 "remarks": "本词条汉字内容由 @多频百科团队 翻译+编辑\n原文译自 https://www.last.fm/tag/neo+trance/wiki",
 "remarksEn": "本词条内容来自 https://www.last.fm/tag/neo+trance/wiki",
 "status": 1,
 "clickNum": 22,
 "deleted": 0,
 "lang": 0,
 "chooseLang": true,
 "id": 172,
 "name": "Neo Trance",
 "descriptions": "Neo Trance是Trance音乐的一个子流派了，最早出现于2000年代初期，用于描述向更为简约方向发展的Trance分支。它是通过使用不符合或不坚持先前的Trance的各种音乐方面来定义的。Neo Trance音乐使用更深沉、有时更有含义的歌词。参与 Neo-trance 创作的艺术家经常与以前只在 trance 领域之外进行录音的歌手合作。\n",
 "originalName": "",
 "startTimeText": "2000s早期",
 "startAddress": "欧洲",
 "searchStyle": "Trance",
 "styleCategory": "Trance",
 "originalStyle": "",
 "affectStyle": "",
 "deriveStyle": "",
 "representArtist": "",
 "officialUrl": "https://www.last.fm/tag/neo+trance/wiki",
 "typeId": 13,
 "typeName": "风格",
 "dataId": 172,
 "url": "http://dropinapp.hearinmusic.com/#/ency?typeId=13&dataId=172"
}