{
 "pageNum": 1,
 "pageSize": 10,
 "params": {},
 "relationChannel": "[{\"id\":1276,\"parentId\":8,\"name\":\"Neoclassical New-age\"}]",
 "content": "<div>\n<div class=\"document\">\n<p class=\"paragraph text-align-type-left pap-line-1.8 pap-line-rule-auto pap-spacing-before-2pt pap-spacing-after-2pt\">Neoclassical New-age（新古典主义New-age）音乐受到巴洛克或古典音乐的影响，并时常以其旋律和作曲方式为基础而创作。艺术家可能通过现代编排将古典风格和现代元素结合以创作出新的原创作品。这一流派中的许多艺术家多为受过古典训练的音乐家。尽管包含多样的个人风格，Neoclassical New-age音乐通常会使用传统乐器和电子乐器来编排旋律，和声和器乐。</p>\n<p class=\"paragraph text-align-type-left pap-line-1.8 pap-line-rule-auto pap-spacing-before-2pt pap-spacing-after-2pt\">&nbsp;</p>\n<p class=\"paragraph text-align-type-left pap-line-1.8 pap-line-rule-auto pap-spacing-before-2pt pap-spacing-after-2pt\"><strong>特征</strong></p>\n<p class=\"paragraph text-align-type-left pap-line-1.8 pap-line-rule-auto pap-spacing-before-2pt pap-spacing-after-2pt\">Neoclassical new-age music的风格从巴洛克/古典音乐中获得了很多灵感。这种类型的音乐主要是器乐，它大量地从古典音乐中提取元素，同时借鉴世界各地的宗教传统，给它更多的&ldquo;神秘&rdquo;氛围。新古典主义的新时代音乐也以其流畅和浪漫的声音为特征。</p>\n<p class=\"paragraph text-align-type-left pap-line-1.8 pap-line-rule-auto pap-spacing-before-2pt pap-spacing-after-2pt\">&nbsp;</p>\n<p class=\"paragraph text-align-type-left pap-line-1.8 pap-line-rule-auto pap-spacing-before-2pt pap-spacing-after-2pt\"><strong>艺术家和作曲家</strong></p>\n<p class=\"paragraph text-align-type-left pap-line-1.8 pap-line-rule-auto pap-spacing-before-2pt pap-spacing-after-2pt\">Neoclassical new-age music作曲家Chris Field已经为多年来为许多电影预告片创造了这种音乐。其中包括《指环王》、《哈利波特与魔法石》、《爱丽丝梦游仙境》等预告片。Field还凭借专辑《潜意识》获得了2006年最佳neoclassical专辑奖。 Mannheim Steamroller是一个非常成功的neoclassical乐队。他们的专辑销量超过4100万张，他们制作的圣诞专辑销量也达到了500万张。Mannheim Steamroller在RIAA处已经获得了19金，8白金和4多白金荣誉。 &nbsp;</p>\n</div>\n</div>",
 "contentEn": "<div>\n<div class=\"document\">\n<p class=\"paragraph text-align-type-left pap-line-1.8 pap-line-rule-auto pap-spacing-before-2pt pap-spacing-after-2pt\">Within the broad movement of new-age music, neoclassical new-age music is influenced by and sometimes also based upon baroque or classical music, especially in terms of melody and composition.[1] The artist may offer a modern arrangement of a work by an established composer or combine elements from classical styles with modern elements[vague] to produce original compositions. Many artists within this subgenre are classically trained musicians. Although there is a wide variety of individual styles, neoclassical new-age music is generally melodic, harmonic, and instrumental, using both traditional musical instruments as well as electronic instruments.</p>\n<p class=\"paragraph text-align-type-left pap-line-1.8 pap-line-rule-auto pap-spacing-before-2pt pap-spacing-after-2pt\">&nbsp;</p>\n<p class=\"paragraph text-align-type-left pap-line-1.8 pap-line-rule-auto pap-spacing-before-2pt pap-spacing-after-2pt\">Characteristics</p>\n<p class=\"paragraph text-align-type-left pap-line-1.8 pap-line-rule-auto pap-spacing-before-2pt pap-spacing-after-2pt\">Neoclassical new-age music takes a lot of its inspiration from baroque/classical music for its style. Music of this genre is primarily instrumental and heavily takes elements from classical music while drawing on religious traditions from around the world to give it more of a \"mystical\" vibe to the music.Neoclassical new-age music has also been characterized by its smooth and romantic sound.</p>\n<p class=\"paragraph text-align-type-left pap-line-1.8 pap-line-rule-auto pap-spacing-before-2pt pap-spacing-after-2pt\">&nbsp;</p>\n<p class=\"paragraph text-align-type-left pap-line-1.8 pap-line-rule-auto pap-spacing-before-2pt pap-spacing-after-2pt\">Artists and composers Chris Field Mannheim Steamroller</p>\n<p class=\"paragraph text-align-type-left pap-line-1.8 pap-line-rule-auto pap-spacing-before-2pt pap-spacing-after-2pt\">Neoclassical new-age music composer Chris Field has created neoclassical music for many movie trailers for years.Some of these movie trailers including The Lord of the Rings, Harry Potter and the Philosophers Stone, and Alice in Wonderland.Fields has also won the best neoclassical album of 2006 for his album Sub-Conscious. Mannheim Steamroller is a neoclassical band that has been very successful. They have sold over 41 million albums and produced a Christmas album that went on to sell 5 million copies. Mannheim Steamroller has received 19 gold, 8 platinum and 4 multi-platinum from the RIAA.</p>\n</div>\n</div>",
 "remarks": "本词条汉字内容由 @多频百科团队 翻译+编辑\n原文译自https://en.wikipedia.org/wiki/Neoclassical_new-age_music",
 "remarksEn": "本词条内容来自 https://en.wikipedia.org/wiki/Neoclassical_new-age_music",
 "status": 1,
 "clickNum": 15,
 "deleted": 0,
 "lang": 0,
 "chooseLang": true,
 "id": 244,
 "name": "Neoclassical New-age",
 "descriptions": "Neoclassical New-age（新古典主义New-age）音乐受到巴洛克或古典音乐的影响，并时常以其旋律和作曲方式为基础而创作。艺术家可能通过现代编排将古典风格和现代元素结合以创作出新的原创作品。这一流派中的许多艺术家多为受过古典训练的音乐家。尽管包含多样的个人风格，Neoclassical New-age音乐通常会使用传统乐器和电子乐器来编排旋律，和声和器乐。",
 "originalName": "",
 "startTimeText": "",
 "startAddress": "",
 "searchStyle": "",
 "styleCategory": "New-age",
 "originalStyle": "New-age, Classical Music. Electronic",
 "affectStyle": "",
 "deriveStyle": "",
 "representArtist": "Chris Field, Mannheim Steamroller",
 "represetnBrand": "American Gramaphone, Koch records, Narada Productions, Windham Hill Records, Erased Tapes Records",
 "officialUrl": "https://en.wikipedia.org/wiki/Neoclassical_new-age_music",
 "typeId": 13,
 "typeName": "风格",
 "dataId": 244,
 "url": "http://dropinapp.hearinmusic.com/#/ency?typeId=13&dataId=244"
}