{
 "pageNum": 1,
 "pageSize": 10,
 "params": {},
 "relationChannel": "[{\"id\":1302,\"parentId\":8,\"name\":\"Neofolk\"}]",
 "content": "<div>\n<div class=\"document\">\n<div>\n<div class=\"document\">\n<p class=\"paragraph text-align-type-left pap-line-1.8 pap-line-rule-auto pap-spacing-before-2pt pap-spacing-after-2pt\"><strong>历史</strong></p>\n<p class=\"paragraph text-align-type-left pap-line-1.8 pap-line-rule-auto pap-spacing-before-2pt pap-spacing-after-2pt\">neofolk一词起源于esoteric music，他们在20世纪末开始用这个词来描述受道格拉斯&middot;皮尔斯、托尼&middot;韦克福德(Sol Invictus)和David Tibet等音乐家影响的音乐。早在20世纪60年代，Anglo-American folk music就已经存在，其声音和主题与neofolk相似。Folk 音乐人如Vulcan's Hammer, Changes, Leonard Cohen和Comus被认为是流派的先驱，后来影响了neofolk艺术家。Velvet Underground乐队成员后来的探索，特别是Lou Reed，是影响后来neofolk的主要力量。</p>\n<p class=\"paragraph text-align-type-left pap-line-1.8 pap-line-rule-auto pap-spacing-before-2pt pap-spacing-after-2pt\">&nbsp;</p>\n<p class=\"paragraph text-align-type-left pap-line-1.8 pap-line-rule-auto pap-spacing-before-2pt pap-spacing-after-2pt\"><strong>文化</strong></p>\n<p class=\"paragraph text-align-type-left pap-line-1.8 pap-line-rule-auto pap-spacing-before-2pt pap-spacing-after-2pt\">大部分的neofolk艺术家都专注于古文、文化和文学。当地传统、土著信仰以及深奥的历史主题往往被大量描绘。各种形式的新异教主义和神秘主义在许多现代原创的新民间艺术家所触及的主题中发挥了作用。北欧文字，欧洲异教徒的遗址和其他表达对古老和祖先的兴趣的方式经常出现在neofolk 中。在乐队名称、专辑插图、服装和其他各种艺术表达方式中都有提及这一主题。该流派的一些先驱者和当前流派的艺术家将其归于更广泛的新异教复兴的一个方面。许多这样的乐队用隐喻来指代这种复兴，经常借用Ernst J&uuml;nger's Waldg&auml;ng之类的术语，并使用法西斯主义的象征主义和口号，这导致了这种流派与极右翼的联系，尽管这受到了粉丝们的反对。结果，一些乐队已经声明反对为法西斯辩解的题材流派和相关流派martial industrial。</p>\n<p class=\"paragraph text-align-type-left pap-line-1.8 pap-line-rule-auto pap-spacing-before-2pt pap-spacing-after-2pt\">&nbsp;</p>\n<p class=\"paragraph text-align-type-left pap-line-1.8 pap-line-rule-auto pap-spacing-before-2pt pap-spacing-after-2pt\"><strong>相关术语和风格</strong></p>\n<p class=\"paragraph text-align-type-left pap-line-1.8 pap-line-rule-auto pap-spacing-before-2pt pap-spacing-after-2pt\">Apocalyptic folk作为一种描述，apocalyptic folk比neofolk要早，David Tibet曾在20世纪80年代末90年代初用它来描述他的乐队Current 93的音乐。最初，Tibet并没有有意暗示与folk music流派的联系；更确切地说，现在的Current 93是由apocalyptic folk制作的。Tibet和Current 93制作了一些英国传统民歌的翻唱，Tibet自己是隐居的英国民歌歌手Shirley Collins的推崇者。有时用来描述其他流派艺术家包括&ldquo;dark folk&rdquo;和&ldquo;pagan folk&rdquo;还有其他一些的模糊术语。这些术语是总括性的，也可以用来描述其他各种形式的不相关的音乐。</p>\n</div>\n</div>\n</div>\n</div>",
 "remarks": "本词条汉字内容由 @多频百科团队 翻译+编辑\n原文译自https://en.wikipedia.org/wiki/Neofolk",
 "remarksEn": "本词条内容暂未完善仅供参考，多频百科小编正在火速赶来",
 "status": 1,
 "clickNum": 15,
 "deleted": 0,
 "lang": 0,
 "chooseLang": false,
 "id": 275,
 "name": "Neofolk",
 "descriptions": "Neofolk（Apocalyptic Folk）是一种融合了Folk（乡村音乐）和Industrial（工业音乐）的实验音乐类型，它在20世纪80年代的朋克摇滚圈子里孕育而生。 Neofolk的形式可能是纯器乐或由原声乡村乐器和其他各类声音的混合。",
 "originalName": "Apocalyptic folk",
 "startTimeText": "1980s",
 "startAddress": "England",
 "searchStyle": "Industrial",
 "styleCategory": "Industrial",
 "originalStyle": "Folk, industrial, experimental, punk rock",
 "affectStyle": "Martial industrial",
 "deriveStyle": "",
 "representArtist": "",
 "officialUrl": "https://en.wikipedia.org/wiki/Neofolk",
 "typeId": 13,
 "typeName": "风格",
 "dataId": 275,
 "url": "http://dropinapp.hearinmusic.com/#/ency?typeId=13&dataId=275"
}