{
 "pageNum": 1,
 "pageSize": 10,
 "params": {},
 "relationChannel": "[{\"id\":1344,\"parentId\":8,\"name\":\"Neue Deutsche Welle\"}]",
 "content": "<p>Neue Deutsche Welle（NDW，发音为 \"New German Wave\"）是西德摇滚音乐的一个流派，最初源于post-punk 和new wave音乐，并受到电子音乐的影响。\"NDW \"一词最早是由荷兰电台DJ Frits Spits在流行的全国性电台Hilversum 3上创造的，在德国听众中非常受欢迎。不久之后，这个词被Burkhardt Seiler在1979年8月出版的西德杂志《Sounds》的唱片店广告中使用。随后，记者 Alfred Hilsberg在1979年10月《声音》杂志上一篇题为Neue Deutsche Welle &mdash; Aus grauer St&auml;dte Mauern\" (\"New German Wave &mdash; From Grey Cities' Walls\")的文章中使用了这个词</p>\n<p>&nbsp;</p>\n<p>历史</p>\n<p>Neue Deutsche Welle的历史主要由两部分组成。从开始到1981年，这个流派主要是一个地下运动，根源于英国朋克和新浪潮音乐。它迅速发展成一种独特的风格，在很大程度上受到德语不同的声音和节奏的影响，许多乐队在早期就已经适应了这种风格。Nena和Ideal等艺术家的一些歌词是冷战时期西德城市精神的缩影，而另一些艺术家则以超现实的方式使用德语，仅仅是玩弄其声音或图形的质量，而不是用它来表达意义，如Spliff、Joachim Witt和Trio等乐队和艺术家。这些年NDW运动的主要中心是西柏林、杜塞尔多夫、汉堡、汉诺威和哈根，其次是法兰克福莱茵-美茵地区、林堡和维也纳。大约从1980年开始，音乐界开始注意到Neue Deutsche Welle；然而，由于音乐的特异性，焦点转移到创造更符合主流的新乐队，而不是推广现有的乐队。许多一鸣惊人的乐队和昙花一现的乐队出现了，但很快又被遗忘了。过于宽泛地将 \"NDW \"标签应用于这些乐队，以及几乎所有不使用英文歌词的德国音乐人，即使他们的音乐显然完全没有受到原始NDW声音的影响（包括像BAP甚至Udo Lindenberg这样的纯摇滚乐队），当许多原始音乐人沮丧地转身时，迅速导致了整个流派的衰落。大约在1983/1984年，Neue Deutsche Welle的时代提前结束了，因为市场上被认为是刻板的、制造出来的热门歌曲的过度饱和。2003年，随着DJ Hell的合辑《New Deutsch》的发行，英语世界恢复了对这种风格的兴趣。NDW被认为是后来dance-punk, electronic body music 和 electroclash发展的先驱。在2000年，这个词被柏林的说唱厂牌Aggro Berlin用来描述一个所谓的德国新说唱运动，他们声称自己是其中的一部分。这也是Aggro艺术家Fler在2005年的单曲 \"Neue Deutsche Welle \"的主题。乐队Wir'sind Helden也受到Neue Deutsche Welle的影响。</p>",
 "remarks": "本词条内容暂未完善仅供参考，多频百科小编正在火速赶来",
 "remarksEn": "本词条内容暂未完善仅供参考，多频百科小编正在火速赶来",
 "status": 0,
 "clickNum": 1,
 "deleted": 0,
 "lang": 0,
 "chooseLang": false,
 "id": 322,
 "name": "Neue Deutsche Welle",
 "descriptions": "Neue Deutsche Welle（NDW，发音为 \"New German Wave\"）是西德摇滚音乐的一个流派，最初源于post-punk 和new wave音乐，并受到电子音乐的影响。",
 "originalName": "",
 "startTimeText": "Late 1970s",
 "startAddress": "West Germany",
 "searchStyle": "Electronic Rock",
 "styleCategory": "New Wave",
 "originalStyle": "New wave, post-punk, synth-pop, schlager, krautrock",
 "affectStyle": "",
 "deriveStyle": "",
 "representArtist": "",
 "officialUrl": "https://en.wikipedia.org/wiki/Neue_Deutsche_Welle",
 "typeId": 13,
 "typeName": "风格",
 "dataId": 322,
 "url": "http://dropinapp.hearinmusic.com/#/ency?typeId=13&dataId=322"
}