{
 "pageNum": 1,
 "pageSize": 10,
 "params": {},
 "relationChannel": "[{\"id\":1131,\"parentId\":8,\"name\":\"New Jersey Sound\"}]",
 "content": "<div class=\"document\">\n<p class=\"paragraph text-align-type-left pap-line-1.8 pap-line-rule-auto pap-spacing-before-0pt pap-spacing-after-0pt\">New Jersey Sound（或Jersey Sound）是20世纪80年代初起源于新泽西州纽瓦克市的一种House音乐流派。它是一种Deep/Garage House音乐，强调受纽瓦克Gospel音乐传承影响的灵魂乐之声。</p>\n<p class=\"paragraph text-align-type-left pap-line-1.8 pap-line-rule-auto pap-spacing-before-0pt pap-spacing-after-0pt\">&nbsp;</p>\n<p class=\"paragraph text-align-type-left pap-line-1.8 pap-line-rule-auto pap-spacing-before-0pt pap-spacing-after-0pt\"><strong>历史</strong></p>\n<p class=\"paragraph text-align-type-left pap-line-1.8 pap-line-rule-auto pap-spacing-before-0pt pap-spacing-after-0pt\">New Jersey Sound（新泽西之声）起源于20世纪80年代。1982年，在新泽西州纽瓦克的桑给巴尔俱乐部（DJ Tony Humphries在这里开始驻扎）等地方，帮助 \"催生了有时生硬但充满灵魂和福音的子流派 \"的deephouse音乐，被称为泽西之声。 除了 \"New Jersey house\"这个名词之外，这个流派还有其他的名字：\"在英国，由于相当不可思议的原因，它被称为车库音乐（以纽约的Paradise Garage命名），而在新泽西本身，他们干脆把它称为俱乐部（或者也许更贴切地说是泽西声）。\" 纽瓦克女歌手以house音乐DJ Larry Levan的混音而著名，包括Gwen Guthrie（\"Ain't Nothin' Goin On But The Rent\"）和Taana Gardner（\"Heartbeat\"）。</p>\n<p class=\"paragraph text-align-type-left pap-line-1.8 pap-line-rule-auto pap-spacing-before-0pt pap-spacing-after-0pt\">&nbsp;</p>\n<p class=\"paragraph text-align-type-left pap-line-1.8 pap-line-rule-auto pap-spacing-before-0pt pap-spacing-after-0pt\">1992年，来自Union County的Aly-Us发行了deephouse主打歌 \"Follow Me\"。</p>\n<p class=\"paragraph text-align-type-left pap-line-1.8 pap-line-rule-auto pap-spacing-before-0pt pap-spacing-after-0pt\">&nbsp;</p>\n<p class=\"paragraph text-align-type-left pap-line-1.8 pap-line-rule-auto pap-spacing-before-0pt pap-spacing-after-0pt\">阿比盖尔-亚当斯的house音乐唱片公司和商店，位于纽瓦克（Newark）邻国东奥兰治（East Orange）的莫文唱片（Movin Records），也是泽西之声的另一位贡献者。</p>\n<p class=\"paragraph text-align-type-left pap-line-1.8 pap-line-rule-auto pap-spacing-before-0pt pap-spacing-after-0pt\">&nbsp;</p>\n<p class=\"paragraph text-align-type-left pap-line-1.8 pap-line-rule-auto pap-spacing-before-0pt pap-spacing-after-0pt\">Jersey Club的场景也催生了纽瓦克酒店和夜总会的舞会文化。\"House女王 \"Crystal Waters和其他House名人在纽瓦克现场表演。另一位桑给巴尔DJ Kerri Chandler是 \"泽西之声 \"各种House音乐的另一位先驱。诸如Jomanda这样的泽西州艺术家在90年代初的House音乐界获得了成功。有人说，\"当纽约流行说唱时，泽西岛偏爱俱乐部，因为有Zanzibar夜店\"。</p>\n<p class=\"paragraph text-align-type-left pap-line-1.8 pap-line-rule-auto pap-spacing-before-0pt pap-spacing-after-0pt\">&nbsp;</p>\n<p class=\"paragraph text-align-type-left pap-line-1.8 pap-line-rule-auto pap-spacing-before-0pt pap-spacing-after-0pt\"><strong>音乐节</strong></p>\n<p class=\"paragraph text-align-type-left pap-line-1.8 pap-line-rule-auto pap-spacing-before-0pt pap-spacing-after-0pt\">每年的夏季活动，如瓦里南科公园的Roselle House音乐节、Trenton House音乐节、Weequahic Park House音乐节和Lincoln Park音乐节，都会吸引家庭和house音乐爱好者，也就是所谓的 \"househeads\"，致力于80年代泽西州的经典音乐。</p>\n</div>",
 "contentEn": "<p>The&nbsp;<strong>New Jersey sound</strong>&nbsp;or&nbsp;<strong>Jersey sound</strong>&nbsp;is a genre of&nbsp;house music&nbsp;originating in&nbsp;Newark, New Jersey&nbsp;during the early 1980s. It was a type of&nbsp;deep&nbsp;and&nbsp;garage house&nbsp;with an emphasis on&nbsp;soulful&nbsp;vocals influenced by Newark's&nbsp;gospel&nbsp;legacy.</p>\n<p>&nbsp;</p>\n<h2><span id=\"History\" class=\"mw-headline\">History</span></h2>\n<p>The New Jersey sound originated in the 1980s. Places like&nbsp;Club Zanzibar&nbsp;in&nbsp;Newark, New Jersey, where DJ&nbsp;Tony Humphries&nbsp;began his residency in 1982, helped \"spawn the sometimes raw but always soulful, gospel-infused subgenre\" of&nbsp;deep house&nbsp;music known as the Jersey sound.<sup id=\"cite_ref-1\" class=\"reference\">[1]</sup><sup id=\"cite_ref-2\" class=\"reference\">[2]</sup>&nbsp;Besides the term \"New Jersey house\", there are alternative names for the genre: \"In the&nbsp;UK, for fairly unfathomable reasons, it became known as&nbsp;garage music&nbsp;(named after the&nbsp;Paradise Garage&nbsp;in New York), while in NJ itself they simply called it club (or perhaps more pertinently, the Jersey sound).\"<sup id=\"cite_ref-3\" class=\"reference\">[3]</sup>&nbsp;Newark female singers famously remixed by house music DJ&nbsp;Larry Levan&nbsp;included&nbsp;Gwen Guthrie&nbsp;(\"Ain't Nothin' Goin On But The Rent\") and&nbsp;Taana Gardner&nbsp;(\"Heartbeat\").</p>\n<p>&nbsp;</p>\n<p>In 1992,&nbsp;Union County's&nbsp;Aly-Us&nbsp;released their deep-house hit \"Follow Me.\"<sup id=\"cite_ref-4\" class=\"reference\">[4]</sup></p>\n<p>&nbsp;</p>\n<p>Abigail Adams's house-music record label and store, Movin&rsquo; Records in Newark's neighbor&nbsp;East Orange, was another contributor to the Jersey Sound.<sup id=\"cite_ref-5\" class=\"reference\">[5]</sup></p>\n<p>&nbsp;</p>\n<p>The Jersey club scene also gave rise to the&nbsp;ball culture&nbsp;scene in Newark hotels and&nbsp;nightclubs.<sup id=\"cite_ref-quenew_6-0\" class=\"reference\">[6]</sup>&nbsp;\"Queen of House\"&nbsp;Crystal Waters&nbsp;and other house luminaries performed on the Newark scene. DJ&nbsp;Kerri Chandler, another Zanzibar DJ, was another pioneer of the \"Jersey sound\" variety of house music. Jersey artists like&nbsp;Jomanda&nbsp;found success on the early 90s house music scene. Some have said that \"when New York went to&nbsp;rap&nbsp;[during this period], Jersey stayed with club. Because of&nbsp;Zanzibar.&rdquo;<sup id=\"cite_ref-quenew_6-1\" class=\"reference\">[6]</sup></p>\n<h2>&nbsp;</h2>\n<h2><span id=\"Festivals\" class=\"mw-headline\">Festivals</span></h2>\n<p>Annual summer events like the&nbsp;Roselle&nbsp;House Music Festival in&nbsp;Warinanco Park, the Trenton House Music Festival, the&nbsp;Weequahic Park&nbsp;House Music Festival, and the&nbsp;Lincoln Park&nbsp;Music Festival attract families and house music enthusiasts, also known as \"househeads,\" dedicated to the classic 1980s Jersey sound.<sup id=\"cite_ref-7\" class=\"reference\">[7]</sup></p>\n<p>&nbsp;</p>\n<h2><span id=\"References\" class=\"mw-headline\">References</span></h2>\n<div class=\"reflist\">\n<div class=\"mw-references-wrap\">\n<ol class=\"references\">\n<li id=\"cite_note-1\"><span class=\"mw-cite-backlink\"><strong>^</strong></span>&nbsp;<span class=\"reference-text\"><cite class=\"citation web cs1\">\"The Newark Sound\".&nbsp;<em>Newest Americans</em>. 2016-01-22<span class=\"reference-accessdate\">. Retrieved&nbsp;<span class=\"nowrap\">2020-08-25</span></span>.</cite></span></li>\n<li id=\"cite_note-2\"><span class=\"mw-cite-backlink\"><strong>^</strong></span>&nbsp;<span class=\"reference-text\"><cite class=\"citation web cs1\">\"Jersey club: From Newark to the world\".&nbsp;<em>Resident Advisor</em><span class=\"reference-accessdate\">. Retrieved&nbsp;<span class=\"nowrap\">2020-08-25</span></span>.</cite></span></li>\n<li id=\"cite_note-3\"><span class=\"mw-cite-backlink\"><strong>^</strong></span>&nbsp;<span class=\"reference-text\"><cite class=\"citation web cs1\">\"The 20 best New Jersey house records\".&nbsp;<em>Mixmag</em><span class=\"reference-accessdate\">. Retrieved&nbsp;<span class=\"nowrap\">2020-07-09</span></span>.</cite></span></li>\n<li id=\"cite_note-4\"><span class=\"mw-cite-backlink\"><strong>^</strong></span>&nbsp;<span class=\"reference-text\"><cite class=\"citation web cs1\">\"Aly-Us \"Follow Me\" | Insomniac\"<span class=\"reference-accessdate\">. Retrieved&nbsp;<span class=\"nowrap\">2020-07-09</span></span>.</cite></span></li>\n<li id=\"cite_note-5\"><span class=\"mw-cite-backlink\"><strong>^</strong></span>&nbsp;<span class=\"reference-text\"><cite class=\"citation web cs1\">\"The story of Abigail Adams and New Jersey's Movin' Records\".&nbsp;<em>The Vinyl Factory</em>. 2016-11-02<span class=\"reference-accessdate\">. Retrieved&nbsp;<span class=\"nowrap\">2020-07-09</span></span>.</cite></span></li>\n<li id=\"cite_note-quenew-6\"><span class=\"mw-cite-backlink\">^&nbsp;<span class=\"cite-accessibility-label\">Jump up to:</span><sup><em><strong>a</strong></em></sup>&nbsp;<sup><em><strong>b</strong></em></sup></span>&nbsp;<span class=\"reference-text\"><cite class=\"citation web cs1\">\"History of Queer Club Spaces in Newark | Queer Newark\".&nbsp;<em>queer.newark.rutgers.edu</em><span class=\"reference-accessdate\">. Retrieved&nbsp;<span class=\"nowrap\">2020-07-09</span></span>.</cite></span></li>\n<li id=\"cite_note-7\"><span class=\"mw-cite-backlink\"><strong>^</strong></span>&nbsp;<span class=\"reference-text\"><cite class=\"citation web cs1\">\"Magic's Royal Productions House Music Events &amp; Festivals\".&nbsp;<em>Magicsroyal</em><span class=\"reference-accessdate\">. Retrieved&nbsp;<span class=\"nowrap\">2020-07-09</span></span>.</cite></span></li>\n</ol>\n</div>\n</div>",
 "remarks": "本词条汉字内容由 @多频百科团队 翻译+编辑\n原文译自 https://en.wikipedia.org/wiki/New_Jersey_sound",
 "remarksEn": "本词条内容来自 https://en.wikipedia.org/wiki/New_Jersey_sound",
 "status": 1,
 "clickNum": 14,
 "deleted": 0,
 "lang": 0,
 "chooseLang": true,
 "id": 80,
 "name": "New Jersey Sound",
 "descriptions": "New Jersey Sound（或Jersey Sound）是20世纪80年代初起源于新泽西州纽瓦克市的一种House音乐流派。它是一种Deep/Garage House音乐，强调受纽瓦克Gospel音乐传承影响的灵魂乐之声。",
 "originalName": "Jersey sound",
 "startTimeText": "Early 1980s",
 "startAddress": "Newark, New Jersey",
 "searchStyle": "House",
 "styleCategory": "House",
 "originalStyle": "Disco, house, garage house, deep house, soul, gospel",
 "affectStyle": "",
 "deriveStyle": "",
 "representArtist": "",
 "officialUrl": "https://en.wikipedia.org/wiki/New_Jersey_sound",
 "typeId": 13,
 "typeName": "风格",
 "dataId": 80,
 "url": "http://dropinapp.hearinmusic.com/#/ency?typeId=13&dataId=80"
}