{
 "pageNum": 1,
 "pageSize": 10,
 "params": {},
 "relationChannel": "[{\"id\":1345,\"parentId\":8,\"name\":\"New Romantic\"}]",
 "content": "<div>\n<div class=\"document\">\n<p>New Romantic运动是20世纪70年代末起源于英国的一场流行文化运动。 New Romantic的特点是浮夸、古怪的时尚，其灵感来自于 Birmingham的Kahn和Bell以及伦敦的PX等时尚精品店。早期的追随者经常被媒体称为 Blitz Kids）、New Dandies和Romantic Rebels。</p>\n<p>&nbsp;</p>\n<p>受David Bowie、Marc Bolan和Roxy Music的影响，New Romantic艺术家的时尚灵感来自于glam rock时代和18世纪末19世纪初的早期浪漫主义时期（该运动的名称由此而来）。据悉，\"New Romantic \"一词是由音乐人、制作人、经理人和创新者Richard James Burgess创造的。在接受The Electricity Club采访时，Burgess在回答关于被认为创造了New Romantic一词的问题时说。\"最初我使用的是三个术语--Futurist, Electronic Dance Music（Landscape的单曲上印有EDM）和New Romantic。\"虽然这是一场时尚运动，但在20世纪70年代末和80年代初，几位英国音乐表演者采用了这种风格，并在媒体中成为众所周知的代表，包括Visage的Steve Strange、Duran Duran、Spandau Ballet、A Flock of Seagulls、Classix Nouveaux和Boy George（文化俱乐部的）。Ultravox也经常被媒体认定为New Romantic，尽管他们与Visage乐队有联系，但并没有表现出同样的视觉风格。Japan和Adam and the Ants也被媒体贴上了New Romantic艺术家的标签，不过他们都否认了这一点，而且他们与最初的场景也没有任何直接联系。这些乐队中的一些人采用了合成器，并在80年代早期帮助发展了synth-pop，再加上独特的New Romantic视觉效果，帮助他们首先在英国取得了全国性的成功，然后通过MTV，在美国排行榜的第二次英国入侵中发挥了重要作用。</p>\n<p>&nbsp;</p>\n<p>到1981年底，最初的运动已经基本消散了。虽然一些与这个场景相关的艺术家继续他们的创作事业，但他们已经基本放弃了这个运动的美学。从1990年代开始，有人试图恢复这一运动，包括昙花一现的Romo场景。</p>\n<p class=\"paragraph text-align-type-left pap-line-1.8 pap-line-rule-auto pap-spacing-before-0pt pap-spacing-after-0pt\">&nbsp;</p>\n<p class=\"paragraph text-align-type-left pap-line-1.8 pap-line-rule-auto pap-spacing-before-0pt pap-spacing-after-0pt\"><strong>运动特点 </strong></p>\n<p class=\"paragraph text-align-type-left pap-line-1.8 pap-line-rule-auto pap-spacing-before-0pt pap-spacing-after-0pt\">The New Romantic 运动有时被认为是对punk rock 运动的一种反动，它深受70年代前魅力摇滚明星如大卫&middot;鲍伊(David Bowie)和洛克西音乐(Roxy Music)的影响，在风格上它摒弃了朋克的紧缩和反时尚的立场，男女两性经常穿着雌雄同体的服装，并使用眼线笔和口红等化妆品，这在一定程度上源于早期的朋克时尚。这种性别弯曲在文化俱乐部的Boy George和Marilyn（Peter Robinson）等人物身上表现得尤为明显。时尚的基础是各种造型，灵感来自于历史上的浪漫主义主题，包括英国浪漫主义时期风格的褶皱fop衫、俄罗斯的建构主义、查理王子（Bonnie Prince Charlie）、法国的Incroyables和20世纪30年代的Cabaret、好莱坞的女明星、清教徒和Pierrot小丑，任何造型都有可能，只要它被改编成不寻常的和引人注目的。然而，在他们开始获得主流关注后不久，许多与New Romantic场景相关的乐队放弃了不拘一格的衣服和化妆，转而选择了鲜明的西装。New Romantic的造型从伯明翰的时装设计师Jane Kahn和Patti Bell以及Helen Robinson在科文特花园的PX店传播开来，开始影响主要的系列，并通过包括i-D和The Face在内的杂志对俱乐部中的穿着进行评论，延迟传播。新浪漫主义运动成为主流的同时，Vivienne Westwood推出了她的 \"海盗系列\"，由她当时的合作伙伴Malcolm McLaren管理的Bow Wow Wow和Adam and the Ants推广。不过，后朋克Adam Ant本人一直否认自己是新浪漫主义者，并在2001年和2012年再次重申了这一点。日本乐队也否认与新浪漫主义运动有任何联系，自上世纪70年代中期在魅力摇滚时代成立以来，他们就一直采用结合化妆的雌雄同体造型，这比新浪漫主义运动开始的时间早了很多年。在1981年10月的一次采访中，主唱大卫-西尔维安评论道：\"目前有一个时期正在过去，可能会让我们看起来好像是在引领时尚\"。在另一次采访中，他表示 \"我不喜欢和他们（新浪漫主义）联系在一起。态度是如此的截然不同。\" 对于日本的时尚感，西尔维安说：\"对于他们（新浪漫主义者）来说，华服是一种服装。但我们的是一种生活方式。我们每天都是这样的造型和打扮。\" 同样，电子组合Soft Cell也否认与新浪漫主义者有任何联系。</p>\n<div>\n<div class=\"document\">\n<p class=\"paragraph text-align-type-left pap-line-1.8 pap-line-rule-auto pap-spacing-before-0pt pap-spacing-after-0pt\">&nbsp;</p>\n<p class=\"paragraph text-align-type-left pap-line-1.8 pap-line-rule-auto pap-spacing-before-0pt pap-spacing-after-0pt\">在1984年1月发表的一篇采访中，键盘手Dave Ball回顾了他们成功的第一年（1981年），并表示：\"此时我们与整个New Romantic的事情联系在一起，但我们从来没有参与其中。那只是伦敦俱乐部与史蒂夫-斯特兰奇的时髦事情\"。当代的一些乐队，尤其是那些2 Tone ska复兴的乐队，写的歌词都是针对失业和城市衰败等社会问题的，而New Romantics则采取了一种逃避现实和渴望的立场。由于对设计、营销和形象的兴趣，这场运动被一些人认为是对撒切尔主义的接受；风格评论家Peter York甚至认为它与新右派一致。</p>\n<p class=\"paragraph text-align-type-left pap-line-1.8 pap-line-rule-auto pap-spacing-before-0pt pap-spacing-after-0pt\">&nbsp;</p>\n<p class=\"paragraph text-align-type-left pap-line-1.8 pap-line-rule-auto pap-spacing-before-0pt pap-spacing-after-0pt\"><strong>名字</strong></p>\n<p class=\"paragraph text-align-type-left pap-line-1.8 pap-line-rule-auto pap-spacing-before-0pt pap-spacing-after-0pt\">在早期阶段，这场运动有很多名字，包括 \"new dandies\", \"romantic rebels\", \"peacock punk\", \"the now crowd\", \"the futurists\", \"the cult with no name\" ，最终被称为 \"Blitz Kids\"。当这个场景超越了单一的俱乐部时，媒体决定将其命名为 \"New Romantic\"。</p>\n<p class=\"paragraph text-align-type-left pap-line-1.8 pap-line-rule-auto pap-spacing-before-0pt pap-spacing-after-0pt\">&nbsp;</p>\n<p class=\"paragraph text-align-type-left pap-line-1.8 pap-line-rule-auto pap-spacing-before-0pt pap-spacing-after-0pt\"><strong>历史渊源</strong></p>\n<p class=\"paragraph text-align-type-left pap-line-1.8 pap-line-rule-auto pap-spacing-before-0pt pap-spacing-after-0pt\">大卫-鲍伊（David Bowie）雌雄同体的Ziggy Stardust and the Spiders造型，对这场运动产生了重大影响。New Romantic运动几乎同时在伦敦和伯明翰发展。在伦敦，New Romantic运动是从1978年在伦敦迪恩街的夜总会Billy's举办的David Bowie和Roxy Music主题之夜发展起来的。1979年，俱乐部越来越受欢迎，迫使组织者Steve Strange和Rusty Egan搬到了一个更大的场地--科文特花园Great Queen街的一家葡萄酒酒吧Blitz，在那里他们举办了一个周二晚上的 \"英雄俱乐部\"。顾客尽可能穿得独特，试图吸引最多人的注意。史蒂夫-斯特兰奇（Steve Strange）是俱乐部的门卫，Egan是 \"Blitz \"的DJ。俱乐部以其独特的门禁政策和严格的着装要求而闻名。</p>\n<div>\n<div class=\"document\">\n<p class=\"paragraph text-align-type-left pap-line-1.8 pap-line-rule-auto pap-spacing-before-0pt pap-spacing-after-0pt\">&nbsp;</p>\n<p class=\"paragraph text-align-type-left pap-line-1.8 pap-line-rule-auto pap-spacing-before-0pt pap-spacing-after-0pt\">Strange 经常会拒绝潜在的顾客进入，因为他觉得他们的服装不够有创意，也不够颠覆性，无法与俱乐部内的人融为一体。在一次广为人知的事件中，醉酒的Mick Jagger试图进入俱乐部，但Strange拒绝了他的进入。这家俱乐部催生了几家衍生店，很快在首都的其他地方和英国其他大城市也有了俱乐部，包括曼彻斯特、利物浦和伯明翰。还在Billy's的时候，Strange和Egan就和Ultravox的Billy Currie和Midge Ure一起组成了Visage乐队。在组建文化俱乐部之前，Boy George和Marilyn在Blitz担任衣帽间服务员。1980年David Bowie的英国第一单曲 \"Ashes to Ashes \"的视频中，Strange和其他三个Blitz Kids一起出现，将New Romantic运动推向了主流。在伯明翰，New Romantic的起源于1975年时装设计师Kahn和Bell在Hurst街开设的店铺，他们精心设计的戏剧化设计汇集了未来主义的视觉元素和埃及、非洲和远东艺术等多种影响，并在很大程度上定义了新浪漫主义运动的外观。到了1977年，一个由Jane Kahn和Patti Bell本人、Martin Degville、Boy George和Patrick Lilley等人组成的小型场景已经在The Crown等酒吧和Romulus、Barbarella's等俱乐部出现。</p>\n<p class=\"paragraph text-align-type-left pap-line-1.8 pap-line-rule-auto pap-spacing-before-0pt pap-spacing-after-0pt\">&nbsp;</p>\n<p class=\"paragraph text-align-type-left pap-line-1.8 pap-line-rule-auto pap-spacing-before-0pt pap-spacing-after-0pt\"><strong>音乐风格</strong></p>\n<p class=\"paragraph text-align-type-left pap-line-1.8 pap-line-rule-auto pap-spacing-before-0pt pap-spacing-after-0pt\">许多从新浪漫主义运动中出现的乐队都与使用合成器创作摇滚乐和流行音乐密切相关，这也导致了人们普遍误认为Synthpop和新浪漫主义运动是同义词。Synthpop在上世纪六七十年代的前期，合成器在progressive rock, electronic art rock, disco, the \"Kraut rock\" 、鲍伊在 \"柏林时期 \"与布莱恩-埃诺合作的三张专辑以及黄色魔乐团的早期专辑中的使用，都是合成器的典型代表。1979年，管子军和Gary Numan在英国单曲榜上崭露头角后，大批艺术家开始以合成器为主的声音获得成功，他们开始主导80年代初的流行音乐。从新浪漫主义场景中出现并采用合成音乐的乐队包括Duran Duran, Visage, and Spandau Ballet。早期的合成流行乐被描述为 \"阴森、刻板和隐隐约约的威胁\"，使用的是颤音电子乐，几乎没有变化的语调。后来，舞曲节拍的引入使音乐变得更加温暖和朗朗上口，并被控制在三分钟流行音乐的惯例之内。Duran Duran从伯明翰的舞台上走出来，被认为将舞蹈导向的节奏部分融入合成流行乐中，从而产生了更上口、更温暖的声音，这因此催生出一系列热门单曲。</p>\n<div>\n<div class=\"document\">\n<p class=\"paragraph text-align-type-left pap-line-1.8 pap-line-rule-auto pap-spacing-before-0pt pap-spacing-after-0pt\">&nbsp;</p>\n<p class=\"paragraph text-align-type-left pap-line-1.8 pap-line-rule-auto pap-spacing-before-0pt pap-spacing-after-0pt\">虽然许多与New Romantic运动有关的团体都使用了合成器，但也有一些团体完全避开了合成器，或者有限使用。文化俱乐部（Culture Club），经常被认为是该运动的一部分，他们的声音结合了Motown、Philly soul and lovers rock的元素。Adam and the Ants和Bow Wow Wow使用了 \"Burundi beat\"这种受非洲影响的节奏。第二次英国入侵 正文：The second British invasion 第二次英国入侵 1982年，美国的有线电视音乐频道MTV进入了纽约市和洛杉矶的媒体中心。具有风格意识的New Romantic synthpop音乐表演成为MTV节目的主旋律。在接下来的三年里，他们会有很多艺人紧随其后，其中很多艺人都采用了synthpop的声音，Duran Duran的光鲜亮丽的视频象征着MTV的力量，也象征着这场 \"第二次英国入侵\"。美国电台改用 \"新音乐 \"的形式，对英国乐队的成功也有重要意义。这场80年代的入侵早在1981年5月就有了预兆，当时伦敦Blitz俱乐部的house乐队Spandau Ballet飞到纽约，不仅举办了一场现场演出，还举办了一场由包括Sade Adu在内的Axiom设计师集体的时装秀。这些前Blitz Kids，\"人数21人，平均年龄21岁\"，是应在地下俱乐部举办活动的Jim Fouratt的邀请而来。1983年期间，美国唱片销量的30%来自英国艺人。1983年7月18日，前40名中有18首单曲，前10名中有6首是英国艺人的作品。《新闻周刊》在其中一期的封面上刊登了Annie Lennox 和 Boy George ，标题是 \"Britain Rocks America &ndash; Again\"，而《滚石》杂志则会发行一期 \"England Swings\"，封面是男孩-乔治。1984年4月，前100首单曲中的40首，以及1985年5月的调查中，前10首单曲中的8首，都是由英国血统的乐队演唱的。</p>\n<p class=\"paragraph text-align-type-left pap-line-1.8 pap-line-rule-auto pap-spacing-before-0pt pap-spacing-after-0pt\">&nbsp;</p>\n<p class=\"paragraph text-align-type-left pap-line-1.8 pap-line-rule-auto pap-spacing-before-0pt pap-spacing-after-0pt\"><strong>衰落与复兴</strong></p>\n<p class=\"paragraph text-align-type-left pap-line-1.8 pap-line-rule-auto pap-spacing-before-0pt pap-spacing-after-0pt\">1985年7月，费城肯尼迪体育场的Live Aid舞台，Duran Duran 在此演出，而Ultravox和Spandau Ballet则出现在英国温布利的舞台上 音乐记者Dave Rimmer认为1985年7月的Live Aid演唱会是80年代初新浪漫主义舞台上崛起的各支乐队的巅峰，他评论说，在那之后，\"每个人似乎都在狂妄地跌倒\"。 Simon Reynolds也指出1984年底的 \"Do They Know Its Christmas \"单曲和1985年的Live Aid是转折点，这场运动催生的行为已经变得颓废，Duran Duran 的 \"The Wild Boys \"和Culture Club的 \"The War Song \"等歌曲都有 \"过于成熟的编曲和臃肿的视频\"。使用合成器的行为激增导致了反合成器的反弹，到1983年，包括Spandau Ballet、Soft Cell和ABC在内的团体在他们的声音中融入了更多传统的影响和乐器。流行歌星亚当-安特（Adam Ant），2012年见于此，他穿着新浪漫主义风格的服装，让人想起他80年代初的时期：骠骑兵夹克、海盗衫和皮手套。美国人对欧洲合成音乐和 \"haircut bands \"的反动，被认为是始于80年代中期heartland rock 和roots rock的兴起。在英国，indie rock 乐队，尤其是The Smiths的到来，被认为标志着合成器驱动的new wave的结束和吉他摇滚的开始，这种摇滚乐将在90年代占据主导地位。到了80年代末，许多艺人都被他们的唱片公司放弃了，许多与New Romantic有关的艺人的个人事业也逐渐淡出了人们的视野。在90年代中期，新浪漫主义时代的主题是以怀旧为导向的俱乐部之夜--比如Human League激发的 Don't You Want Me,以及以Duran Duran为主题的夜店 \"地球\"（Planet Earth），其发起人告诉The Sunday Times ，\"这与其说是复兴，不如说是庆祝\"。同一时期，它也是Romo 音乐运动的灵感来源。它得到了《Melody Maker》的拥护，1995年《Melody Maker》在封面上宣称这是一场 \"处决 \"了Britpop的 \"未来流行音乐爆炸\"，包括Orlando、Plastic Fantastic、Minty、Viva、Sexus、Hollywood和DexDexTer等乐队。Romo 乐队中没有一支乐队以自己的名义进入英国前75名，尽管奥兰多以 \"How Can We Hang on to a Dream \"作为《Fever Pitch》原声EP的一部分登上了第65名。在一次不成功的Melody Maker组织的巡演之后，大多数乐队很快就解散了。</p>\n</div>\n</div>\n</div>\n</div>\n</div>\n</div>\n</div>\n</div>",
 "remarks": "本词条内容暂未完善仅供参考，多频百科小编正在火速赶来",
 "remarksEn": "本词条内容暂未完善仅供参考，多频百科小编正在火速赶来",
 "status": 0,
 "clickNum": 0,
 "deleted": 0,
 "lang": 0,
 "chooseLang": false,
 "id": 323,
 "name": "New Romantic",
 "descriptions": "New Romantic运动是20世纪70年代末起源于英国的一场流行文化运动。 New Romantic的特点是浮夸、古怪的时尚，其灵感来自于 Birmingham的Kahn和Bell以及伦敦的PX等时尚精品店。早期的追随者经常被媒体称为 Blitz Kids）、New Dandies和Romantic Rebels。",
 "originalName": "",
 "startTimeText": "",
 "startAddress": "",
 "searchStyle": "Electronic Rock",
 "styleCategory": "New Wave",
 "originalStyle": "",
 "affectStyle": "",
 "deriveStyle": "",
 "representArtist": "",
 "officialUrl": "https://en.wikipedia.org/wiki/New_Romantic",
 "typeId": 13,
 "typeName": "风格",
 "dataId": 323,
 "url": "http://dropinapp.hearinmusic.com/#/ency?typeId=13&dataId=323"
}