{
 "pageNum": 1,
 "pageSize": 10,
 "params": {},
 "relationChannel": "[{\"id\":1296,\"parentId\":8,\"name\":\"New Beat\"}]",
 "content": "<div>\n<div class=\"document\">\n<p>New beat是一种源自比利时的电子舞曲风格，融合了New Wave、Hi-NRG、EBM、Acid House和嘻哈（如搓碟）等元素。 它在1980年代后期在西欧蓬勃发展。</p>\n<p>&nbsp;</p>\n<p>New beat催生了一个称为&ldquo;Hard Beat&rdquo;（EBM、New Beat和Acid House的混合体）的子流派，并成为对欧洲电子舞曲风格（如Hardcore Techno和Gabber）演变的关键影响。</p>\n<p>&nbsp;</p>\n<p class=\"paragraph text-align-type-left pap-line-1.8 pap-line-rule-auto pap-spacing-before-2pt pap-spacing-after-2pt\"><strong>历史</strong></p>\n<p class=\"paragraph text-align-type-left pap-line-1.8 pap-line-rule-auto pap-spacing-before-2pt pap-spacing-after-2pt\">European new beat起源于1980年代后期，尤其是1987年和1988年的比利时，这种音乐风格在法国北部的北部-加来海峡也很流行。这是一种地下可跳舞的音乐风格，在西欧的俱乐部和迪斯科舞厅中广为人知。它是electronic body music（即EBM也是起源于比利时）与新生的源自芝加哥的acid和house music的结合。</p>\n<p class=\"paragraph text-align-type-left pap-line-1.8 pap-line-rule-auto pap-spacing-before-2pt pap-spacing-after-2pt\">&nbsp;</p>\n<p class=\"paragraph text-align-type-left pap-line-1.8 pap-line-rule-auto pap-spacing-before-2pt pap-spacing-after-2pt\">New beat是hardcore electronic dance music（在当时被称为rave）的直接前身，该音乐在比利时，荷兰，德国和其他地区于1990年左右发展起来。这种流派是在布鲁塞尔的夜总会Ancienne Belgique（AB）中&ldquo;意外发明&rdquo;的，当时DJ Dikke Ronny（字面意思是&ldquo; Fat Ronny&rdquo;）以33 rpm的音调控制播放A Split-Second 45 rpm的EBM唱片&ldquo; Flesh&rdquo;，设置为+8。</p>\n<p class=\"paragraph text-align-type-left pap-line-1.8 pap-line-rule-auto pap-spacing-before-2pt pap-spacing-after-2pt\">&nbsp;</p>\n<p class=\"paragraph text-align-type-left pap-line-1.8 pap-line-rule-auto pap-spacing-before-2pt pap-spacing-after-2pt\">除了A Split-Second，该类型还受到其他工业和EBM艺术家的影响，例如Front 242和The Neon Judgement，以及Fad Gadget，Gary Numan，New Order和Anne Clark。诸如Boccaccio之类的大型夜总会很快使这种类型在地下取得了重大成功。比利时之声于1989年作为各种艺术家的合辑专辑&ldquo; This Is the New Beat&rdquo;重新引入美国市场。</p>\n<p class=\"paragraph text-align-type-left pap-line-1.8 pap-line-rule-auto pap-spacing-before-2pt pap-spacing-after-2pt\">&nbsp;</p>\n<p class=\"paragraph text-align-type-left pap-line-1.8 pap-line-rule-auto pap-spacing-before-2pt pap-spacing-after-2pt\">从1988年到1990年，该流派产生了两个短暂的子流派或后继流派，即hard beat和skizzo。后者是受techno影响的风格，比原始的慢new beat风格要快得多。</p>\n<p class=\"paragraph text-align-type-left pap-line-1.8 pap-line-rule-auto pap-spacing-before-2pt pap-spacing-after-2pt\">&nbsp;</p>\n<p class=\"paragraph text-align-type-left pap-line-1.8 pap-line-rule-auto pap-spacing-before-2pt pap-spacing-after-2pt\">在商业上最成功的New Beat乐队是The Lords of Acid，在欧洲MTV演出Party Zone中获得了重播。一首令人难忘的新颖歌曲是Qui ...？ （1989）由Brussels Sound Revolution所作，该文章对前总理Paul Vanden Boeynants被Patrick Haemers绑架后的新闻发布会讲话进行了采样。</p>\n<p class=\"paragraph text-align-type-left pap-line-1.8 pap-line-rule-auto pap-spacing-before-2pt pap-spacing-after-2pt\">&nbsp;</p>\n<p class=\"paragraph text-align-type-left pap-line-1.8 pap-line-rule-auto pap-spacing-before-2pt pap-spacing-after-2pt\">现代new beat艺术家包括1788-L和Rezz。 ИOTAKER将该子流派描述为&ldquo;主流电子领域通常未开发的新鲜声音&rdquo;，并进一步评论了该子流派的多功能性，并指出&ldquo;在此速度范围内可以产生的范围可能非常坚硬且沉重, Rezz的新节奏工作室专辑《 Some Kind of Magic》在美国Billboard舞蹈/电子专辑中排名第12，她以前的专辑Mass Manipulation在朱诺奖上获得了年度电子专辑奖。</p>\n</div>\n</div>\n<p>&nbsp;</p>\n<div>\n<div class=\"document\">\n<p class=\"paragraph text-align-type-left pap-line-1.8 pap-line-rule-auto pap-spacing-before-2pt pap-spacing-after-2pt\"><strong>唱片公司/厂牌</strong></p>\n<p class=\"paragraph text-align-type-left pap-line-1.8 pap-line-rule-auto pap-spacing-before-2pt pap-spacing-after-2pt\">新流派的兴起不仅催生了新的艺术家，还涌现了一些新的发布New Beat作品的唱片公司。 尽管这类风格算不上主流，但是销量十分客观。因此他们经历了一个New Beat的黄金时代，不仅在他们的祖国比利时，而且在欧洲其他地区，特别是爱尔兰和英国亦是如此。</p>\n<p class=\"paragraph text-align-type-left pap-line-1.8 pap-line-rule-auto pap-spacing-before-2pt pap-spacing-after-2pt\">&nbsp;</p>\n<p class=\"paragraph text-align-type-left pap-line-1.8 pap-line-rule-auto pap-spacing-before-2pt pap-spacing-after-2pt\">知名厂牌包括Roland Beelen和 Maurice Engelen（Praga Khan）创立的 Antler-Subway Records。还有由 Renaat Vandepapeliere 和他的妻子创立的 R&amp;S Records。其他厂牌包括 ARS、PIAS、ZYX Records 和 Music Man。</p>\n</div>\n</div>",
 "remarks": "本词条汉字内容由 @多频百科团队 翻译+编辑\n原文译自https://en.wikipedia.org/wiki/New_beat",
 "remarksEn": "本词条内容暂未完善仅供参考，多频百科小编正在火速赶来",
 "status": 1,
 "clickNum": 15,
 "deleted": 0,
 "lang": 0,
 "chooseLang": false,
 "id": 268,
 "name": "New Beat",
 "descriptions": "New beat是一种源自比利时的电子舞曲风格，融合了New Wave、Hi-NRG、EBM、Acid House和嘻哈（如搓碟）等元素。 它在1980年代后期在西欧蓬勃发展。",
 "originalName": "",
 "startTimeText": "Mid- to late 1980s",
 "startAddress": "Belgium",
 "searchStyle": "Industrial",
 "styleCategory": "Electronic Body Music",
 "originalStyle": "Acid house, industrial electro",
 "affectStyle": "Hardcore techno, rave music, hardstyle, Goa trance, Eurodance, hardtechno, hard trance",
 "deriveStyle": "Hard beat，skizzo",
 "representArtist": "",
 "officialUrl": "https://en.wikipedia.org/wiki/New_beat",
 "typeId": 13,
 "typeName": "风格",
 "dataId": 268,
 "url": "http://dropinapp.hearinmusic.com/#/ency?typeId=13&dataId=268"
}