{
 "pageNum": 1,
 "pageSize": 10,
 "params": {},
 "relationChannel": "[{\"id\":1383,\"parentId\":8,\"name\":\"Nintendocore\"}]",
 "content": "<div>\n<div class=\"document\">\n<p class=\"paragraph text-align-type-left pap-line-1.8 pap-line-rule-auto pap-spacing-before-0pt pap-spacing-after-0pt\">Nintendocore是一种广义的音乐类型，它融合了chiptune和电子游戏音乐、modern hardcore punk、重金属和各种相关的摇滚音乐风格。Nintendocore起源于2000年早期，并在2000年后期达到顶峰，由Horse the Band、An Albatross、The NESkimos和Minibosses等乐队发起。</p>\n<p class=\"paragraph text-align-type-left pap-line-1.8 pap-line-rule-auto pap-spacing-before-0pt pap-spacing-after-0pt\">&nbsp;</p>\n<p class=\"paragraph text-align-type-left pap-line-1.8 pap-line-rule-auto pap-spacing-before-0pt pap-spacing-after-0pt\">Nintendocore的特点是经常使用电吉他、鼓包和典型的摇滚乐器，同时使用合成器、chiptunes、8-bit声音和电子制作的节拍，它起源于多种多样的音乐风格，包括各种形式的hardcore punk和重金属，包括多种多样的流派，如post-hardcore,metalcore,electro,noise rock,post-rock, 和screamo。因此，Nintendocore乐队的风格各异。Horse the Band结合了metalcore, heavy metal, thrash metal, post-hardcore与post-rock的元素。Horse the Band第三张专辑The Mechanical Hand中的 \"The Black Hole \"就是Nintendocore的一个例子，它以尖叫的人声、沉重的 \"任天堂乐句 \"和 \"众多游戏的音效 \"为特色。Math the Band包括电音和舞曲朋克风格。Minibosses使用Kyuss启发的重金属乐曲，The Advantage则与noise rock 和post-rock等风格有关。The Depreciation Guild是一支独立乐队，他们融合了8-bit sounds、电子游戏音乐和shoegaze的元素。有些乐队以唱歌为特色，如The Depreciation Guild，其主唱Kurt Feldman提供了 \"空灵 \"和 \"温柔的歌声\"，The Megas的歌词则反映了电子游戏的故事情节。还有一些乐队，如Horse the Band和Math the Band，则在其中加入了尖叫的人声。但还有一些团体是严格的乐器演奏，如Minibosses，和The Advantage。虽然其他方面多种多样，但所有Nintendocore团体都 \"使用特定的乐器来模仿任天堂游戏的声音\"。</p>\n<p class=\"paragraph text-align-type-left pap-line-1.8 pap-line-rule-auto pap-spacing-before-0pt pap-spacing-after-0pt\">&nbsp;</p>\n<div>\n<div class=\"document\">\n<p class=\"paragraph text-align-type-left pap-line-1.8 pap-line-rule-auto pap-spacing-before-0pt pap-spacing-after-0pt\">词源</p>\n<p class=\"paragraph text-align-type-left pap-line-1.8 pap-line-rule-auto pap-spacing-before-0pt pap-spacing-after-0pt\">\"Nintendocore \"这个词是由任天堂（Nintendo）和 \"core \"两个后缀组成的，任天堂是一家很受欢迎的游戏公司，而Nintendocore的许多样本都来自于这家公司，而 \"core \"这个后缀通常被用来表示hardcore punk的各种子流派。这个词直到2000年初才出现，当时metalcore乐队Horse the Band的主唱最初创造了 \"Nintendocore \"这个词，作为一个玩笑。然而，此后该乐队的几位成员试图与这个描述词保持距离，例如贝斯手Dashiel Arkenstone，他表示。\"我拒绝这个词，因为它贬低了我们的音乐。\"</p>\n<p class=\"paragraph text-align-type-left pap-line-1.8 pap-line-rule-auto pap-spacing-before-0pt pap-spacing-after-0pt\">&nbsp;</p>\n<p class=\"paragraph text-align-type-left pap-line-1.8 pap-line-rule-auto pap-spacing-before-0pt pap-spacing-after-0pt\">历史</p>\n<p class=\"paragraph text-align-type-left pap-line-1.8 pap-line-rule-auto pap-spacing-before-0pt pap-spacing-after-0pt\">70年代末兴起的synthpop 先锋Yellow Magic Orchestra，在他们1978年颇具影响力的首张专辑（同名）中，特别是主打歌 \"Computer Game \"中，采样了Space Invaders的声音。反过来，该乐队将对8-bit 和16-bit 时代制作的许多视频游戏音乐产生重大影响，通常被称为街机视频游戏的黄金时代。流行乐队Buckner &amp; Garcia也可以被认为是这一流派的先驱，因为他们是第一个编写和录制一整张关于视频街机游戏的专辑的乐队，甚至在他们的歌曲中使用了采样的街机游戏音效。他们1981年的专辑《Pac-Man Fever》收录了《Do The Donkey Kong》（根据任天堂制作的游戏改编）等歌曲。前YMO成员细野晴美也在1984年发行了一张完全由Namco街机游戏采样制作的专辑，名为《Video Game Music》，这是一张早期的chiptune唱片。</p>\n<p class=\"paragraph text-align-type-left pap-line-1.8 pap-line-rule-auto pap-spacing-before-0pt pap-spacing-after-0pt\">&nbsp;</p>\n<div>\n<div class=\"document\">\n<p class=\"paragraph text-align-type-left pap-line-1.8 pap-line-rule-auto pap-spacing-before-0pt pap-spacing-after-0pt\">第一个翻唱电子游戏歌曲的摇滚乐队是全女性的独立摇滚乐队Autoclave，他们翻唱了1990年流行的电子游戏Paperboy的主题曲。Mr.Bungle也在1991年的首张专辑中采样了电子游戏的声音.Horse the Band，这个最初创造了这个词的乐队已经发行了五张Nintendocore风格的录音室专辑，从2000年的Secret Rhythm of the Universe开始。另一个Nintendocore的先驱是The Advantage，《纽约时报》称赞他们是将电子游戏音乐带入现代主流音乐聚光灯下的团体之一。\"The Advantage \"是由两名就读于内华达联合高中的学生组成的器乐摇滚乐队，Spencer Seim在1999年内华达联合高中的才艺表演上第一次听到了最初两名乐队成员的演奏，开始了他的音乐生涯，并在高中毕业后继续带领乐队前进。这支乐队 \"只演奏任天堂原版游戏机游戏中的音乐\"。通过创作视频游戏音轨的摇滚翻唱版本，他们 \"为一种被称为Nintendocore的音乐风格带来了合法性\"。这支来自凤凰城的摇滚乐队Minibosses，\" 是Nintendocore风格中最成熟的乐队之一，他们的翻唱曲目令人印象深刻，包括Contra, Double Dragon, Excitebike等，\" 还有其他电子游戏主题的翻唱。Minibosses是著名的任天堂摇滚的主要代表之一，在各种电子游戏博览会上表演，除了翻唱，乐队还制作了原创作品The Harvard Crimson，称Minibosses是另一个Nintendocore实践者The NESkimos的 \"死对头\"。2007年The Depreciation Guild的首张专辑《In Her Gentle Jaws》被Pitchfork Media称为Nintendocore。该网站写道：\"《In Her Gentle Jaws》比《The Advantage》或《Minibosses》等Nintendocore主打歌更进一步延伸\"，专辑的器乐主题曲 \"可以合理地来自The NESkimos。\"2016年7月17日，包括Unicorn Hole,Polygon Horizon和Got Item在内的一小群现代Nintendocore艺术家发布了一张以《超级大乱斗兄弟64》为主题的合辑，这一类型再次得到了广泛的关注。这张专辑是由网路厂牌 \"N-Core Lives \"发行的，该厂牌致力于让这个类型的作品继续存在。Altpress发表了一篇关于Super Smash Brothers 64合辑的文章，让这一流派的音乐重新回到公众的视野中。Math the Band是一支来自罗德岛的合成朋克乐队，是另一支与Nintendocore声音相关的乐队。他们使用 \"模拟合成器、老式鼓机、老式电子游戏系统和低劣的吉他\"，提供了Nintendocore常见的声音。在英国、墨西哥和加拿大与各种艺术家和说唱歌手合作演出后，他们帮助将这一流派传播到美国以外的地方。Math the Band是至今仍活跃在Nintendocore声音的乐队之一，他们在MAGFest 2020上表演，最新专辑《Flange Factory Five》将于2020年10月发行。</p>\n</div>\n</div>\n</div>\n</div>\n</div>\n</div>",
 "remarks": "本词条内容暂未完善仅供参考，多频百科小编正在火速赶来",
 "remarksEn": "本词条内容暂未完善仅供参考，多频百科小编正在火速赶来",
 "status": 0,
 "clickNum": 2,
 "deleted": 0,
 "lang": 0,
 "chooseLang": false,
 "id": 371,
 "name": "Nintendocore",
 "descriptions": "Nintendocore是一种广义的音乐类型，它融合了chiptune和电子游戏音乐、modern hardcore punk、重金属和各种相关的摇滚音乐风格。Nintendocore起源于2000年早期，并在2000年后期达到顶峰，由Horse the Band、An Albatross、The NESkimos和Minibosses等乐队发起。",
 "originalName": "Nintendo rock, nerdcore, video game rock, video game metal",
 "startTimeText": "Early 2000s",
 "startAddress": "United States",
 "searchStyle": "Game Music",
 "styleCategory": "Chiptune",
 "originalStyle": "Chiptune, hardcore punk, video game music, rock, heavy metal, math rockpost-hardcoremetalcoreelectronoise rockpost-rocktechno, screamo",
 "affectStyle": "",
 "deriveStyle": "",
 "representArtist": "",
 "officialUrl": "https://en.wikipedia.org/wiki/Nintendocore",
 "typeId": 13,
 "typeName": "风格",
 "dataId": 371,
 "url": "http://dropinapp.hearinmusic.com/#/ency?typeId=13&dataId=371"
}