{
 "pageNum": 1,
 "pageSize": 10,
 "params": {},
 "relationChannel": "[{\"id\":623,\"parentId\":8,\"name\":\"Noise Music\"}]",
 "content": "<div class=\"document\">\n<p>Noise Music（噪音音乐）是一种音乐流派，其特征在于在音乐环境中表达性使用噪音。这种类型的音乐往往会挑战传统音乐实践中音乐和非音乐声音之间的区别。噪音音乐包括多种音乐风格和基于声音的创作实践，以噪声为主要特征。</p>\n<p>&nbsp;</p>\n<p>Noise Music可能会以原声或电子方式产生噪音，或是通过传统乐器和非传统乐器。它可能包含现场机器声音，非音乐声乐技术，物理操纵的音频媒体，处理的录音，现场录音，计算机生成的噪声，随机过程以及其他随机产生的电子信号，例如失真，反馈，静态，嘶嘶声和嗡嗡声。也可能会强调高音量和长而连续的片段。更一般而言，噪音音乐可能包含即兴创作，扩展技术，低音和不确定性等方面。在许多情况下，无需使用常规的旋律，和声，节奏或脉冲。</p>\n<p>&nbsp;</p>\n<p>未来派艺术运动对于发展噪音美学很重要，达达艺术运动也很重要（最重要的例子是1919年4月30日在柏林举行的反交响音乐会）， 以及后来的Surrealist（超现实主义）和Fluxus Art Movenments（狂热主义者艺术运动），特别是Fluxus的艺术家Joe Jones，Yasunao Tone，George Brecht，Robert Watts，Wolf Vostell，Dieter Roth，Yoko Ono，Nam June Paik，Walter De Maria的Ocean Music，MilanKn&iacute;ž&aacute;k的Broken Music Composition，早期的LaMonte Young和Takehisa Kosugi 。</p>\n<p>&nbsp;</p>\n<p>当代的噪音音乐常常与音量过大和失真有关。利用此类技术的著名流派包括Noise Rock，No Wave，工业音乐，Japanoise和诸如Glitch之类的后数字音乐。 在实验摇滚领域，例子包括Lou Reed的Metal Machine Music和Sonic Youth。以噪音为基础材料的作曲家和乐队的其他著名例子包括Iannis Xenakis，Karlheinz Stockhausen，Helmut Lachenmann，Cornelius Cardew，Theatre of Eternal Music，Glenn Branca，Rhys Chatham，Ryoji Ikeda，Survival Research Laboratories，Kris T Reeder，Whitehouse，Coil，梅尔茨鲍（Merzbow），伏尔塔人歌舞表演（Cabaret Voltaire），通灵电视台（Psychic TV），让&middot;廷格利（Jean Tinguely）的Sound Sculpture作品（特别是Bascule VII），赫尔曼&middot;尼奇（Hermann Nitsch）的Orgien Mysterien Theater，以及拉蒙特&middot;杨（La Monte Young）于1960年代后期的作品。</p>\n<p class=\"paragraph text-align-type-left pap-line-1.8 pap-line-rule-auto pap-spacing-before-2pt pap-spacing-after-2pt\">&nbsp;</p>\n<p class=\"paragraph text-align-type-left pap-line-1.8 pap-line-rule-auto pap-spacing-before-2pt pap-spacing-after-2pt\"><strong>定义</strong></p>\n<p class=\"paragraph text-align-type-left pap-line-1.8 pap-line-rule-auto pap-spacing-before-2pt pap-spacing-after-2pt\">根据丹麦的噪音和音乐理论家Torben Sangild，音乐中对噪音的单一定义是不可能的。Sangild提供了噪音的三个基本定义：音乐声学定义，基于通信信号失真或干扰的通信定义，以及基于主观性的定义（对于一个人来说是无意义的噪音，但对于另一个人来说可能是有意义的声音；在过去被认为是令人不悦的声音在今天人们却不这样认为）。</p>\n<p class=\"paragraph text-align-type-left pap-line-1.8 pap-line-rule-auto pap-spacing-before-2pt pap-spacing-after-2pt\">&nbsp;</p>\n<p class=\"paragraph text-align-type-left pap-line-1.8 pap-line-rule-auto pap-spacing-before-2pt pap-spacing-after-2pt\">Murray Schafer认为噪音有4中类型：不想要的噪音、不悦耳的声音、任何大声的声音和干扰信号的声音（例如电话上的静电）。关于什么才是和音乐相关的噪音的定义时常会变化。Ben Watson在 Noise as Permanent Revolution文章中指出，对当时的听众来说，贝多芬的Grosse Fuge (1825)&ldquo;听起来像噪音&rdquo;。确实，贝多芬的发行商也劝说他将原本作为最后乐章的弦乐四重奏删除，贝多芬便用一段抓耳的快板替代之前的四重奏。他们最后将两个版本的曲目分开发行。</p>\n<p class=\"paragraph text-align-type-left pap-line-1.8 pap-line-rule-auto pap-spacing-before-2pt pap-spacing-after-2pt\">&nbsp;</p>\n<p class=\"paragraph text-align-type-left pap-line-1.8 pap-line-rule-auto pap-spacing-before-2pt pap-spacing-after-2pt\">为了尝试去定义噪音音乐和它的价值，Paul Hegarty (2007)引用了著名文化评论家Jean Baudrillard、Georges Bataille和Theodor Adorno的作品，通过他们作品去追溯噪音的历史。Hegarty给噪音定义了多次，如&ldquo;入侵性的、不想要的&rdquo;，&ldquo;缺乏技巧的，不被欣赏的&rdquo;以及&ldquo;威胁性的空虚&rdquo;。他从18世纪的音乐厅音乐开始追溯这些趋势。Hegarty争辩道，正是John Cage的《4'33\"》恰当地代表了噪音音乐的开端，在这个作品中一位听众坐着欣赏了4分33秒的&ldquo;沉默&rdquo;。对Hegarty来说，噪音音乐和《4'33\"》一样是非主流的声音组成，但又能很好地展现悦耳之音（准确地演奏音符）和不悦耳的噪音之间的紧密联系，这种联系填补了从Erik Satie到NON再到Glenn Branca之间的噪音音乐空缺。Hegarty在谈及日本噪音音乐时说道，&ldquo;这不是一个流派，但却是一个多样化的多重流派...日本噪音音乐可以在所有风格中出现，也可以涉及所有的流派...但有一个关于流派至关重要的问题&mdash;&mdash;流派能分类，可分类，可定义的意义是什么？&rdquo;</p>\n<p class=\"paragraph text-align-type-left pap-line-1.8 pap-line-rule-auto pap-spacing-before-2pt pap-spacing-after-2pt\">&nbsp;</p>\n<p class=\"paragraph text-align-type-left pap-line-1.8 pap-line-rule-auto pap-spacing-before-2pt pap-spacing-after-2pt\">作家Douglas Kahn在其作品Noise, Water, Meat: A History of Sound in the Arts (1999)中讨论了噪音作为媒介的用途，同时探索了Antonin Artaud、 George Brecht、William Burroughs、 Sergei Eisenstein、 Fluxus、 Allan Kaprow、 Michael McClure、 Yoko Ono、 Jackson Pollock、 Luigi Russolo、和Dziga Vertov的想法。</p>\n<p class=\"paragraph text-align-type-left pap-line-1.8 pap-line-rule-auto pap-spacing-before-2pt pap-spacing-after-2pt\">&nbsp;</p>\n<p class=\"paragraph text-align-type-left pap-line-1.8 pap-line-rule-auto pap-spacing-before-2pt pap-spacing-after-2pt\">在Noise: The Political Economy of Music (1985)中，Jacques Attali探讨噪音音乐和社会未来的关系。他表示音乐中的噪音是社会变化的预言家，它证明了作为社会潜意识的噪音是如何运作的&mdash;&mdash;验证和测试新社会和新政治的现实。</p>\n<div>\n<div class=\"document\">\n<p class=\"paragraph text-align-type-left pap-line-1.8 pap-line-rule-auto pap-spacing-before-2pt pap-spacing-after-2pt\">&nbsp;</p>\n<p class=\"paragraph text-align-type-left pap-line-1.8 pap-line-rule-auto pap-spacing-before-2pt pap-spacing-after-2pt\"><strong>特征</strong></p>\n<p class=\"paragraph text-align-type-left pap-line-1.8 pap-line-rule-auto pap-spacing-before-2pt pap-spacing-after-2pt\">噪音音乐像许多近现代艺术一样，能够感知以下噪音的负面特征，并以美学和富有创造力的方式加以利用。</p>\n<p class=\"paragraph text-align-type-left pap-line-1.8 pap-line-rule-auto pap-spacing-before-2pt pap-spacing-after-2pt\">&nbsp;</p>\n<p class=\"paragraph text-align-type-left pap-line-1.8 pap-line-rule-auto pap-spacing-before-2pt pap-spacing-after-2pt\">通常，噪音是不想要的声音或者是噪声污染。而在电子乐的范畴内，噪音可以指和声音噪音（音频系统）或是能在老旧电视或视频影像中通常被视为&ldquo;雪花&rdquo;的（视觉）噪音相对应的电子乐标识；在信号的处理和计算中，信号可以被看做是无意义的数据；也就是说，数据并不是用来转换成信号，而是仅仅作为其他活动的副产品产出。噪音可以被隔绝、修改或者转变为人和电子乐社区中信息的意义。White Noise（白噪）是一种具有平坦功率谱密度的随机信号（或进程）。换句话说，这种信号在任何中心频率的固定带宽内均包含相等的功率。白色噪声被认为类似于包含所有频率的白光。</p>\n<p class=\"paragraph text-align-type-left pap-line-1.8 pap-line-rule-auto pap-spacing-before-2pt pap-spacing-after-2pt\">&nbsp;</p>\n<p class=\"paragraph text-align-type-left pap-line-1.8 pap-line-rule-auto pap-spacing-before-2pt pap-spacing-after-2pt\">早期的现代主义者从素朴艺术中获得灵感的方式几乎和上述信号相同，一些当代的数字艺术噪音音乐家对诸如录音机、8轨盒带和黑胶唱片之类的过时音频技术感到兴奋。 许多艺术家不仅构建自己的噪声制造设备，甚至构建自己的专用录音设备和定制软件（如Joseph Nechvatal用于创建病毒症状的C ++软件）。</p>\n<div>\n<div class=\"document\">\n<p class=\"paragraph text-align-type-left pap-line-1.8 pap-line-rule-auto pap-spacing-before-2pt pap-spacing-after-2pt\">&nbsp;</p>\n<p class=\"paragraph text-align-type-left pap-line-1.8 pap-line-rule-auto pap-spacing-before-2pt pap-spacing-after-2pt\"><strong>1910s-1960s</strong></p>\n<p class=\"paragraph text-align-type-left pap-line-1.8 pap-line-rule-auto pap-spacing-before-2pt pap-spacing-after-2pt\"><span style=\"text-decoration: underline;\">噪音的艺术</span></p>\n<p class=\"paragraph text-align-type-left pap-line-1.8 pap-line-rule-auto pap-spacing-before-2pt pap-spacing-after-2pt\">20世纪初的意大利未来主义艺术家Luigi Russolo也许是第一位噪音艺术家。 他在1913年发表的《 L'Arte dei Rumori》，译为《噪音的艺术》指出，工业革命赋予现代人以更大的能力欣赏更复杂的声音。 Russolo发现了传统旋律音乐的局限性，并设想了噪音音乐作为其未来的替代品。 他设计并制造了许多称为Innarumori的噪音制造装置，并组建了一支噪音管弦乐队与他们合作演出。 1914年首次进行了名为Risveglio di unacitt&agrave;（城市的唤醒）和Convegno d'aeroplani e d'automobili（飞机和汽车的会议）的作品。</p>\n<p class=\"paragraph text-align-type-left pap-line-1.8 pap-line-rule-auto pap-spacing-before-2pt pap-spacing-after-2pt\">&nbsp;</p>\n<p class=\"paragraph text-align-type-left pap-line-1.8 pap-line-rule-auto pap-spacing-before-2pt pap-spacing-after-2pt\" style=\"text-align: center;\"><img src=\"https://duopin-community.oss-cn-shenzhen.aliyuncs.com/i1azodoexno5hpx4s19v.gif\" alt=\"\" width=\"200\" height=\"290\" /></p>\n<p class=\"paragraph text-align-type-left pap-line-1.8 pap-line-rule-auto pap-spacing-before-2pt pap-spacing-after-2pt\" style=\"text-align: center;\"><span style=\"font-size: 8pt;\">噪音音乐先驱Luigi Russolo</span></p>\n<p class=\"paragraph text-align-type-left pap-line-1.8 pap-line-rule-auto pap-spacing-before-2pt pap-spacing-after-2pt\">&nbsp;</p>\n<p class=\"paragraph text-align-type-left pap-line-1.8 pap-line-rule-auto pap-spacing-before-2pt pap-spacing-after-2pt\">正如Russolo本人所预料的那样，Grand Concerto Futuristico (1917)的表演遭到观众的强烈反对和暴力。他的音调装置没有一个幸存下来，尽管最近一些音调装置已被重建并用于表演。尽管Russolo的作品与诸如Japanoise之类的现代噪音音乐几乎没有相似之处，但他的努力有助于将噪音引入音乐美学中，并扩大了声音作为一种艺术媒介的感知。</p>\n<p class=\"paragraph text-align-type-left pap-line-1.8 pap-line-rule-auto pap-spacing-before-2pt pap-spacing-after-2pt\">&nbsp;</p>\n<p class=\"paragraph text-align-type-left pap-line-1.8 pap-line-rule-auto pap-spacing-before-2pt pap-spacing-after-2pt\" style=\"padding-left: 30px;\"><em>在开始，音乐的艺术在于寻找声音的纯净、清澈和甜美。随后不同的声音被融合在一起，但人们依旧喜欢轻柔和谐的声音。随着音乐越来越复杂，如今音乐致力于将最不和谐、最怪诞和最刺耳的声音融合在一起。这使得我们向噪声又更进一步。</em></p>\n<p class=\"paragraph text-align-type-left pap-line-1.8 pap-line-rule-auto pap-spacing-before-2pt pap-spacing-after-2pt\" style=\"text-align: right;\">&mdash;&mdash;&thinsp;Luigi Russolo The Art of Noises (1913)</p>\n<p class=\"paragraph text-align-type-left pap-line-1.8 pap-line-rule-auto pap-spacing-before-2pt pap-spacing-after-2pt\">&nbsp;</p>\n<p class=\"paragraph text-align-type-left pap-line-1.8 pap-line-rule-auto pap-spacing-before-2pt pap-spacing-after-2pt\">Luigi的哥哥Antonio Russolo和相关意大利未来主义作曲家制作了两首包含原始Innarumori的唱片。制作于1921年的两首作品Corale和Serenata将传统的管弦乐音乐与这些著名的噪音机相结合，它是这些机器现存的唯一记录下的声音。</p>\n<p class=\"paragraph text-align-type-left pap-line-1.8 pap-line-rule-auto pap-spacing-before-2pt pap-spacing-after-2pt\">&nbsp;</p>\n<p class=\"paragraph text-align-type-left pap-line-1.8 pap-line-rule-auto pap-spacing-before-2pt pap-spacing-after-2pt\">Marcel Duchamp于1916年创作的与Dada主义有关的早期作品也带有噪音，但几乎是无法察觉的。其中的作品之一是Marcel Duchamp的Readymades ，A Bruit Secret（带有隐藏的噪音）是一项合作作品，它创造了一种由Duchamp与Walter Arensberg共同完成的噪音乐器。 当A Bruit Secret引起轰动时，是什么在其中发出声音仍然是个谜。</p>\n<p class=\"paragraph text-align-type-left pap-line-1.8 pap-line-rule-auto pap-spacing-before-2pt pap-spacing-after-2pt\">&nbsp;</p>\n<p class=\"paragraph text-align-type-left pap-line-1.8 pap-line-rule-auto pap-spacing-before-2pt pap-spacing-after-2pt\"><span style=\"text-decoration: underline;\">发现声音</span></p>\n<p class=\"paragraph text-align-type-left pap-line-1.8 pap-line-rule-auto pap-spacing-before-2pt pap-spacing-after-2pt\">在几乎同一时期，艺术家开始探索将自然物体的声音用作音乐资源。一个早期的例子是Parade，1917年5月18日在巴黎Chatelet剧院的演出，由Jean Cocteau构思，由Pablo Picasso设计，由Leonid Massine舞蹈，由Eric Satie创作音乐。该剧中使用的音乐以外的材料被Cocteau 称为trompe l'oreille sounds，包括发电机、莫尔斯电码机、警笛、蒸汽机、飞机发动机和打字机。Arseny Avraamov（阿森尼-阿夫拉莫夫）的作品《工厂汽笛交响曲》涉及海军舰艇的汽笛和口哨、公共汽车和汽车喇叭、工厂汽笛、大炮、雾号、火炮、机枪、水力飞机、以及特别设计的蒸汽口哨机，在1922年在巴库市演出时，由一个团队使用旗帜和手枪指挥的作品中创造了嘈杂的渲染国歌和马赛曲。 1923年，Arthur Honegger创作了Pacific 231，这是一部模仿蒸汽机车声音的现代主义音乐作品。另一个例子是Ottorino Respighi在1924年创作的管弦乐作品Pines of Rome，其中包括录制夜莺的音频采样。同样在1924年，George Antheil创作了一部名为Ballet M&eacute;canique的作品，其乐器包括16架钢琴、3个飞机螺旋桨和7个电铃。这部作品最初是作为Dudley Murphy和FernandL&eacute;ger的同名达达电影的音乐，但在1926年，它作为音乐会作品独立首演。</p>\n<div>\n<div class=\"document\">\n<p class=\"paragraph text-align-type-left pap-line-1.8 pap-line-rule-auto pap-spacing-before-2pt pap-spacing-after-2pt\">&nbsp;</p>\n<div>\n<div class=\"document\">\n<p class=\"paragraph text-align-type-left pap-line-1.8 pap-line-rule-auto pap-spacing-before-2pt pap-spacing-after-2pt\">1930年，Paul Hindemith和 Ernst Toch 回收唱片来制作声音蒙太奇，1936年，Edgard Var&egrave;se尝试按照不同的速度重新播放唱片。Varese曾经用警笛声来创作被他称为&ldquo;连续流动曲线&rdquo;的声音，这是无法从声学仪器中获得的。1931年，Varese为13名演奏家创作的《Ionisation》有两个警报器，一个狮子的吼叫声，并使用37种打击乐器来创造一个无音调的声音剧目，使其成为第一个完全以噪音为编排基础的音乐作品。美国作曲家约翰-凯奇在评论Varese的贡献时说，Varese \"确立了音乐的现有性质\"，他 \"在其他人还在从噪音中区分'音乐音调'时，已经进入声音本身领域\"。</p>\n<p class=\"paragraph text-align-type-left pap-line-1.8 pap-line-rule-auto pap-spacing-before-2pt pap-spacing-after-2pt\">&nbsp;</p>\n<div>\n<div class=\"document\">\n<p class=\"paragraph text-align-type-left pap-line-1.8 pap-line-rule-auto pap-spacing-before-2pt pap-spacing-after-2pt\">在1937年写的一篇文章中，Cage表示有兴趣使用音乐以外的材料，并开始区分发现的声音，他称之为噪音，和音乐的声音，其中的例子包括：雨，无线电频道之间的静态，和 \"一辆卡车以每小时50英里的速度行驶的声音\"。从本质上讲，Cage没有做任何区分，在他看来，所有的声音都有可能被创造性地使用。他的目的是捕捉和控制声音环境的元素，并采用声音组织的方法，这个术语是从Varese那里借来的，给声音材料带来新的意义。Cage在1939年开始创作一系列作品，探索他的既定目标，第一个是想象的景观＃1的乐器，包括两个变速转盘的频率记录。</p>\n<p class=\"paragraph text-align-type-left pap-line-1.8 pap-line-rule-auto pap-spacing-before-2pt pap-spacing-after-2pt\">&nbsp;</p>\n<p class=\"paragraph text-align-type-left pap-line-1.8 pap-line-rule-auto pap-spacing-before-2pt pap-spacing-after-2pt\">1961年，James Tenney用电脑合成的噪音创作了《Analogue #1: Noise Study》(for tape)，并通过采样和处理猫王的著名录音创作了《Collage No.1 (Blue Suede)》(for tape)。</p>\n<p class=\"paragraph text-align-type-left pap-line-1.8 pap-line-rule-auto pap-spacing-before-2pt pap-spacing-after-2pt\">&nbsp;</p>\n<div>\n<div class=\"document\">\n<p class=\"paragraph text-align-type-left pap-line-1.8 pap-line-rule-auto pap-spacing-before-2pt pap-spacing-after-2pt\"><span style=\"text-decoration: underline;\">实验性音乐</span></p>\n<p class=\"paragraph text-align-type-left pap-line-1.8 pap-line-rule-auto pap-spacing-before-2pt pap-spacing-after-2pt\" style=\"padding-left: 30px;\"><em>我相信，使用噪音来制作音乐将会继续流行，直到我们可以通过电子仪器的帮助而产生音乐，这将达到使所有可以听到的声音都可以用于音乐的目的。</em></p>\n<p class=\"paragraph text-align-type-left pap-line-1.8 pap-line-rule-auto pap-spacing-before-2pt pap-spacing-after-2pt\" style=\"padding-left: 30px; text-align: right;\"><em>&mdash;&mdash; </em>John Cage<em> The Future of Music: Credo (1937)</em></p>\n<p class=\"paragraph text-align-type-left pap-line-1.8 pap-line-rule-auto pap-spacing-before-2pt pap-spacing-after-2pt\">&nbsp;</p>\n<p class=\"paragraph text-align-type-left pap-line-1.8 pap-line-rule-auto pap-spacing-before-2pt pap-spacing-after-2pt\">1932年，Bauhaus的艺术家拉斯洛-莫霍利-纳吉（L&aacute;szl&oacute; Moholy-Nagy）、奥斯卡-菲辛格（Oskar Fischinger）和保罗-阿尔玛（Paul Arma）尝试着修改唱片律动中的的内容。</p>\n<p class=\"paragraph text-align-type-left pap-line-1.8 pap-line-rule-auto pap-spacing-before-2pt pap-spacing-after-2pt\">&nbsp;</p>\n<p class=\"paragraph text-align-type-left pap-line-1.8 pap-line-rule-auto pap-spacing-before-2pt pap-spacing-after-2pt\">20世纪40年代末，在旧金山艺术家亨利-考威尔的影响下，卢-哈里森和约翰-凯奇开始为junk (waste)谱写打击乐合奏作曲，在垃圾场和唐人街的古董店寻找适当调音的刹车鼓、花盆、锣等声音素材。</p>\n<p class=\"paragraph text-align-type-left pap-line-1.8 pap-line-rule-auto pap-spacing-before-2pt pap-spacing-after-2pt\">&nbsp;</p>\n<div>\n<div class=\"document\">\n<p class=\"paragraph text-align-type-left pap-line-1.8 pap-line-rule-auto pap-spacing-before-2pt pap-spacing-after-2pt\">在欧洲，20世纪40年代末，Pierre Schaeffer创造了Musique concr&egrave;te一词，指的是磁带上声音的特殊性质，与最初产生这些声音的源头分离。Pierre Schaeffer在二战期间帮助在法国成立了Studio d'Essai de la Radiodiffusion-T&eacute;l&eacute;vision Fran&ccedil;aise。Studio d'Essai最初为法国的抵抗运动服务，后来成为一个以在作品中使用电子装置为核心的音乐发展中心。正是从这个团体中发展出了musique concr&egrave;te音乐。作为Electroacoustic Music的一种，musique concr&egrave;te的特点是使用录音、电子、磁带、有生命和无生命的声源以及各种操作技术。Schaeffer的Cinq &eacute;tudes de bruits，或称Five Noise Etudes，由转换后的火车头声音组成。最后一首曲子，&Eacute;tude path&eacute;tique，利用了从炊具盆和运河船上录制的声音。</p>\n<p class=\"paragraph text-align-type-left pap-line-1.8 pap-line-rule-auto pap-spacing-before-2pt pap-spacing-after-2pt\">&nbsp;</p>\n<p class=\"paragraph text-align-type-left pap-line-1.8 pap-line-rule-auto pap-spacing-before-2pt pap-spacing-after-2pt\">继musique concr&egrave;te之后，其他现代主义艺术音乐作曲家，如Richard Maxfield、Karlheinz Stockhausen、Gottfried Michael Koenig、Pierre Henry、Iannis Xenakis、La Monte Young和David Tudor，都创作了重要的电子、声乐和器乐作品，有时使用现成的声音。1947年底，Antonin Artaud录制了Pour en Finir avec le Jugement de dieu (To Have Done with the Judgment of God)，这是一部充满了木琴声与各种打击乐器元素混合的看似随机的杂音音频作品，其中混有令人震惊的人类哭声、尖叫声、咕哝声、拟声词和方言的噪音。 1949年，Nouveau R&eacute;alisme艺术家Yves Klein写了The Monotone Symphony（正式名称为The Monotone-Silence Symphony，构思于1947-1948年），这是一首40分钟的管弦乐作品，由一个20分钟的持续和弦组成（随后是20分钟的沉默）--展示了如何只凭借一个Drone声音来制作音乐。同样在1949年，皮埃尔-布列兹结识了约翰-凯奇，后者当时正在巴黎访问，对埃里克-萨蒂的音乐进行研究。在战争年代，约翰-凯奇利用准备好的钢琴、垃圾场的打击乐器和电子小工具进行作曲创作，致力于把音乐推向更伟大的方向。</p>\n<p class=\"paragraph text-align-type-left pap-line-1.8 pap-line-rule-auto pap-spacing-before-2pt pap-spacing-after-2pt\">&nbsp;</p>\n<div>\n<div class=\"document\">\n<p class=\"paragraph text-align-type-left pap-line-1.8 pap-line-rule-auto pap-spacing-before-2pt pap-spacing-after-2pt\">1951年，Cage的Imaginary Landscape #4在纽约首演，这是一部为12个无线电接收机创作的作品。该作品的表演需要使用一个乐谱，其中包含各种波长、持续时间和动态水平的指示，所有这些都是通过偶然操作来确定的。一年后的1952年，Cage将他的启示方法应用于基于磁带的创作。同样在1952年， Karlheinz Stockhausen完成了一首题为Etude的musique concr&egrave;te作品。Cage的工作促成了著名的作品Williams Mix，它由大约六百个磁带片段组成，根据《易经》中的要求排列。Cage的早期激进阶段在1952年夏天达到顶峰，当时他在黑山学院公布了第一个艺术 \"happening\"，以及4'33\"，所谓有争议的 \"无声作品\"。4'33 \"的首演是由David Tudor表演的。观众看到他坐在钢琴前，并关上了钢琴的盖子。一段时间后，他没有弹出任何音符，就打开了琴盖。过了一会儿，他又没有弹任何东西，就关上了琴盖。一段时间后，他再次打开琴盖，从钢琴上站起来。这首曲子已经过去了，没有一个音符被弹出，事实上，图德或舞台上的任何人都没有故意发出任何声音，他在翻动乐谱的同时用秒表计时。只有在那时，观众才能认识到凯奇所坚持的：没有沉默这回事。1957年，埃德加-瓦雷兹（Edgard Var&egrave;se）在磁带上创作了一首延长的电子音乐，使用的是刮擦、撞击和吹奏的噪音，名为Po&egrave;me &eacute;lectronique。</p>\n<p class=\"paragraph text-align-type-left pap-line-1.8 pap-line-rule-auto pap-spacing-before-2pt pap-spacing-after-2pt\">&nbsp;</p>\n<p class=\"paragraph text-align-type-left pap-line-1.8 pap-line-rule-auto pap-spacing-before-2pt pap-spacing-after-2pt\">1960年，约翰-凯奇完成了他为唱机唱盘创作的噪音作品Cartridge Music，用异物代替 \"唱针\"，用接触式麦克风放大小声音。同样在1960年， Nam June Paik为固定磁带和手控磁带播放头创作了Fluxusobjekt。1960年5月8日，六位年轻的日本音乐家，包括Takehisa Kosugi和Yasunao Tone，成立了Ongaku小组，录制了两盘噪音音乐的录音，Automatism和Object。这些录音混合使用了传统乐器以及吸尘器、收音机、油桶、娃娃和一套餐具。此外，磁带录音的速度可以被操纵，进一步扭曲了正在录制的声音。加拿大的Nihilist Spasm乐队是世界上运行时间最长的噪音表演乐队，于1965年在安大略省的伦敦成立，并继续表演到今天，并且与许多他们自己影响过的新生代合作，如Sonic Youth的Thurston Moore和Hijokaidan的Jojo Hiroshige。1967年，Musica Elettronica Viva，一个在罗马成立的现场声学/电子即兴表演团体，录制了一张名为《SpaceCraft》的唱片，在玻璃板和机油罐等 \"非音乐 \"物体上使用接触式麦克风，在柏林的Akademie der Kunste录制。在60年代末，他们参加了由艺术家米开朗基罗-皮斯托莱托发起的名为Lo Zoo的集体噪音行动。</p>\n<p class=\"paragraph text-align-type-left pap-line-1.8 pap-line-rule-auto pap-spacing-before-2pt pap-spacing-after-2pt\">&nbsp;</p>\n<div>\n<div class=\"document\">\n<p class=\"paragraph text-align-type-left pap-line-1.8 pap-line-rule-auto pap-spacing-before-2pt pap-spacing-after-2pt\">艺术评论家Rosalind Krauss认为，到1968年，罗伯特-莫里斯，罗伯特-史密森和理查德-塞拉等艺术家已经 \"进入一个空间，其中的逻辑条件不能再被描述为现代主义\"。声音艺术此时也处于同样的状况，但更强调分配。反形式的过程艺术成为用来描述这种后现代后工业文化和它的过程的术语。严肃的艺术音乐以强烈的噪音来回应这种结合，例如拉蒙特-杨的作品89 VI 8 C. 1:42-1:52 AM Paris Encore from Poem For Chairs, Tables, Benches, Etc。杨的作品Two Sounds (1960)是用放大的打击乐和玻璃窗而创作的，他的Chairs and Benches, Etc. (1960) 使用了家具在地板上刮擦的声音。</p>\n<p class=\"paragraph text-align-type-left pap-line-1.8 pap-line-rule-auto pap-spacing-before-2pt pap-spacing-after-2pt\">&nbsp;</p>\n<div>\n<div class=\"document\">\n<p class=\"paragraph text-align-type-left pap-line-1.8 pap-line-rule-auto pap-spacing-before-2pt pap-spacing-after-2pt\"><span style=\"text-decoration: underline;\">流行音乐</span></p>\n<p class=\"paragraph text-align-type-left pap-line-1.8 pap-line-rule-auto pap-spacing-before-2pt pap-spacing-after-2pt\">The Mothers of Invention的首张专辑《Freak Out！》使用了前卫的声音拼贴，特别是1966年的曲目《The Return of the Son of Monster Magnet》。 同年，艺术摇滚团体The Velvet Underground在安迪-沃霍尔的制作下录制了他们的第一张专辑，曲目名为《Noise》。</p>\n<p class=\"paragraph text-align-type-left pap-line-1.8 pap-line-rule-auto pap-spacing-before-2pt pap-spacing-after-2pt\">&nbsp;</p>\n<p class=\"paragraph text-align-type-left pap-line-1.8 pap-line-rule-auto pap-spacing-before-2pt pap-spacing-after-2pt\">\"Tomorrow Never Knows \"是披头士1966年录音室专辑《Revolver》的最后一首歌；这是列侬-麦卡特尼署名创作的歌曲，但它主要由约翰-列侬创作，保罗-麦卡特尼在编曲上也有很大贡献。该曲目包括循环磁带效果。为了这首曲子，麦卡特尼提供了一个1&frasl;4-inch的录音带循环，他是在听了斯托克豪森的《Gesang der J&uuml;nglinge》后在家里制作的。通过关闭录音机的擦除头，然后在录音时将磁带连续循环通过机器，磁带会不断地自我叠加，创造出饱和效果，这种技术也被用于musique concr&egrave;te。披头士乐队持续发力，在1968年为The White Album制作的 \"Revolution 9\"曲目中，它完全使用了声音拼贴技术，这些作品同样署名为列侬-麦卡特尼，但主要由约翰-列侬在乔治-哈里森和小野洋子的协助下创作。</p>\n<p class=\"paragraph text-align-type-left pap-line-1.8 pap-line-rule-auto pap-spacing-before-2pt pap-spacing-after-2pt\">&nbsp;</p>\n<p class=\"paragraph text-align-type-left pap-line-1.8 pap-line-rule-auto pap-spacing-before-2pt pap-spacing-after-2pt\">1975年，内德-拉金在Round唱片公司发行了一张电子噪音音乐专辑，充满了太空般的隆隆声和充满了哔哔声的气氛，这张专辑以立体声四声道录制，由 Grateful Dead的成员客串演出，包括杰里-加西亚演奏吉他和菲尔-莱什演奏电贝司。&nbsp;大卫-克罗斯比、格雷斯-斯利克和Jefferson Airplane乐队的其他成员也出现在这张专辑中。</p>\n<div>\n<div class=\"document\">\n<p class=\"paragraph text-align-type-left pap-line-1.8 pap-line-rule-auto pap-spacing-before-2pt pap-spacing-after-2pt\">&nbsp;</p>\n<p class=\"paragraph text-align-type-left pap-line-1.8 pap-line-rule-auto pap-spacing-before-2pt pap-spacing-after-2pt\"><strong>1970年代-现在</strong></p>\n<p class=\"paragraph text-align-type-left pap-line-1.8 pap-line-rule-auto pap-spacing-before-2pt pap-spacing-after-2pt\"><span style=\"text-decoration: underline;\">Noise Rock和No Wave</span></p>\n<p class=\"paragraph text-align-type-left pap-line-1.8 pap-line-rule-auto pap-spacing-before-2pt pap-spacing-after-2pt\">卢-里德的双唱片Metal Machine Music（1975年）被认为包含了后来被称为噪音音乐的流派的主要特征。这张专辑是商业录音室噪音音乐的早期著名例子，音乐评论家莱斯特-邦斯曾讽刺地称其为 \"人类耳膜历史上最伟大的专辑\"。它也被列为 \"有史以来最糟糕的专辑 \"之一。Reed非常了解La Monte Young的Drone音乐。Young的Theatre of Eternal Music是60年代中期的一个极简音乐噪音团体，成员包括John Cale、Marian Zazeela、Henry Flynt、Angus Maclise、Tony Conrad等人。&nbsp;The Theatre of Eternal Music的不和谐的持续音符和响亮的扩音曾影响了Cale后来对The Velvet Underground的贡献，即他对不和谐声音的使用。Cale和Conrad发行了他们在60年代中期制作的噪音音乐唱片，如Cale的Inside the Dream Syndicate系列（The Dream Syndicate是Cale和Conrad对他们与Young的集体工作的替称）。 恰如其分的噪音摇滚将摇滚与噪音相融合，通常使用可识别的 \"摇滚 \"乐器，但更多地使用失真和电子效果，不同程度的无声性、即兴创作和白噪声。这个流派的一个著名乐队是Sonic Youth，他们从No Wave作曲家Glenn Branca和Rhys Chatham（他自己是LaMonte Young的学生）那里得到了灵感。Marc Masters在他关于No Wave的书中指出，像Mars和DNA这样积极创新的早期黑暗噪音团体借鉴了朋克摇滚、前卫极简主义和行为艺术。 在这一噪音流派中，重要的是由音速青年的瑟斯顿-摩尔（Thurston Moore）于1981年6月在纽约市的艺术空间白柱（White Columns）组织的九个晚上的噪音音乐，称为噪音节（Noise Fest），随后是由Live Skull成员于1983年5月组织的Speed Trials噪音摇滚系列。</p>\n<p class=\"paragraph text-align-type-left pap-line-1.8 pap-line-rule-auto pap-spacing-before-2pt pap-spacing-after-2pt\">&nbsp;</p>\n<div>\n<div class=\"document\">\n<p class=\"paragraph text-align-type-left pap-line-1.8 pap-line-rule-auto pap-spacing-before-2pt pap-spacing-after-2pt\"><span style=\"text-decoration: underline;\">工业音乐</span></p>\n<p class=\"paragraph text-align-type-left pap-line-1.8 pap-line-rule-auto pap-spacing-before-2pt pap-spacing-after-2pt\">20世纪70年代，艺术本身概念扩大了，像Survival Research Laboratories、Borbetomagus和Elliott Sharp这样的团体接受并扩展了这些音乐/空间概念中最不和谐、最不容易接近的方面。大约在同一时间，第一波后现代的工业噪音音乐出现了Throbbing Gristle、Cabaret Voltaire和NON（又名Boyd Rice）等代表艺术家。这些磁带文化的发行往往以怪异的磁带编辑、鲜明的打击乐和重复的循环扭曲到可能退化成刺耳的噪音为特色。 在20世纪70年代和80年代，像Current 93、Hafler Trio、Throbbing Gristle、Coil、Laibach、Steven Stapleton、Thee Temple ov Psychick Youth、Smegma、Nurse with Wound、Einst&uuml;rzende Neubauten、The Haters和The New Blockaders这样的工业噪音团体，在精心设计的舞台表演中，将响亮的金属打击乐器、吉他和非传统的 \"乐器\"（如手锤和骨头）混合在一起进行工业噪音音乐，这些工业艺术家尝试了不同程度的噪音制作技术，对使用短波电台的兴趣也在这一时期发展起来，特别是在约翰-邓肯的录音和现场表演中展现得十分明显。其他对后工业噪音艺术有影响的后现代艺术运动是概念艺术和Neo-Dada使用的技术，如assemblage、蒙太奇、bricolage和appropriation。像Test Dept、Clock DVA、Factrix、Autopsia、Nocturnal Emissions、Whitehouse、Severed Heads、Sutcliffe J&uuml;gend和SPK这样的乐队很快流行起来。20世纪70年代，家庭磁带录音技术的突然兴起，加上朋克摇滚的同时影响，建立了no wave美学，并煽动了今天通常被称为噪音音乐的发展。</p>\n<p class=\"paragraph text-align-type-left pap-line-1.8 pap-line-rule-auto pap-spacing-before-2pt pap-spacing-after-2pt\">&nbsp;</p>\n<div>\n<div class=\"document\">\n<p class=\"paragraph text-align-type-left pap-line-1.8 pap-line-rule-auto pap-spacing-before-2pt pap-spacing-after-2pt\"><span style=\"text-decoration: underline;\">日本噪音音乐</span></p>\n<p class=\"paragraph text-align-type-left pap-line-1.8 pap-line-rule-auto pap-spacing-before-2pt pap-spacing-after-2pt\">自20世纪80年代初以来，日本产生了大量具有特色的harsh bands，有时被称为Japanoise，其中最著名的可能是Merzbow（日本噪音艺术家秋田正美的笔名，他本人受到Dada艺术家Kurt Schwitters的Merz心理拼贴艺术项目的启发）。 在1970年代末和1980年代初，秋田以金属机器音乐为出发点，通过将声音从基于吉他的反馈中解放出来，进一步抽象了噪音美学，这一发展被认为预示着噪音音乐成为一种流派。根据Hegarty（2007）的说法，\"在许多方面，自从日本音乐中产生的各种类型的噪音出现后，谈论噪音音乐才有意义，就数量而言，这确实与20世纪90年代以后有关......随着日本噪音的大量增长，最终，噪音音乐成为一种流派。\"其他对这一活动高潮作出贡献的主要日本噪音艺术家包括Hijokaidan、Boredoms、C.C.C。Incapacitants、KK Null、Yamazaki Maso's Masonna、Solmania、K2、The Gerogerigegege和Hanatarash。The Wire的Nick Cain认为 \"日本噪音艺术家如Merzbow、Hijokaidan和Incapacitants的首要地位 \"是1990年以来噪音音乐的主要进展之一。</p>\n<p class=\"paragraph text-align-type-left pap-line-1.8 pap-line-rule-auto pap-spacing-before-2pt pap-spacing-after-2pt\">&nbsp;</p>\n<p class=\"paragraph text-align-type-left pap-line-1.8 pap-line-rule-auto pap-spacing-before-2pt pap-spacing-after-2pt\" style=\"text-align: center;\"><img style=\"font-size: 10.6667px;\" src=\"https://duopin-community.oss-cn-shenzhen.aliyuncs.com/vbw5hqyul9mtaxnlh2dp.jpg\" alt=\"\" width=\"835\" height=\"626\" /></p>\n<p class=\"paragraph text-align-type-left pap-line-1.8 pap-line-rule-auto pap-spacing-before-2pt pap-spacing-after-2pt\" style=\"text-align: center;\"><span style=\"font-size: 8pt;\">Japanoise音乐家Merzbow（2007）</span></p>\n<p class=\"paragraph text-align-type-left pap-line-1.8 pap-line-rule-auto pap-spacing-before-2pt pap-spacing-after-2pt\" style=\"text-align: center;\"><span style=\"font-size: 8pt;\">By No machine-readable author provided. Nomo assumed (based on copyright claims). - No machine-readable source provided. Own work assumed (based on copyright claims)., CC BY 2.5, https://commons.wikimedia.org/w/index.php?curid=2177699</span></p>\n<p class=\"paragraph text-align-type-left pap-line-1.8 pap-line-rule-auto pap-spacing-before-2pt pap-spacing-after-2pt\">&nbsp;</p>\n<p class=\"paragraph text-align-type-left pap-line-1.8 pap-line-rule-auto pap-spacing-before-2pt pap-spacing-after-2pt\"><span style=\"text-decoration: underline;\">后数字音乐</span></p>\n<p class=\"paragraph text-align-type-left pap-line-1.8 pap-line-rule-auto pap-spacing-before-2pt pap-spacing-after-2pt\">在Industrial Noise、Noise Rock、No Wave和Harsh Noise之后，出现了大量的噪音音乐家，他们的Ambient、Microsound或基于毛刺元素的作品对听觉体验来说往往更微妙。Kim Cascone将这种发展称为后数字运动，并将其描述为一种 \"失败的美学\"。一部分这类音乐通过P2P文件共享技术和互联网厂牌的发展而得到广泛传播。史蒂夫-古德曼将这种广泛涌现的噪音媒体作品描述为 \"噪音病毒\"。</p>\n</div>\n</div>\n</div>\n</div>\n</div>\n</div>\n</div>\n</div>\n</div>\n</div>\n</div>\n</div>\n</div>\n</div>\n</div>\n</div>\n</div>\n</div>\n</div>\n</div>\n</div>\n</div>\n</div>\n</div>\n</div>\n</div>\n</div>",
 "contentEn": "<div class=\"document\">\n<p class=\"paragraph text-align-type-left pap-line-1.8 pap-line-rule-auto pap-spacing-before-2pt pap-spacing-after-2pt\">Noise music is a genre of music that is characterised by the expressive use of noise within a musical context. This type of music tends to challenge the distinction that is made in conventional musical practices between musical and non-musical sound. Noise music includes a wide range of musical styles and sound-based creative practices that feature noise as a primary aspect.</p>\n<p class=\"paragraph text-align-type-left pap-line-1.8 pap-line-rule-auto pap-spacing-before-2pt pap-spacing-after-2pt\">&nbsp;</p>\n<p class=\"paragraph text-align-type-left pap-line-1.8 pap-line-rule-auto pap-spacing-before-2pt pap-spacing-after-2pt\">Some of the music can feature acoustically or electronically generated noise, and both traditional and unconventional musical instruments. It may incorporate live machine sounds, non-musical vocal techniques, physically manipulated audio media, processed sound recordings, field recording, computer-generated noise, stochastic process, and other randomly produced electronic signals such as distortion, feedback, static, hiss and hum. There may also be emphasis on high volume levels and lengthy, continuous pieces. More generally noise music may contain aspects such as improvisation, extended technique, cacophony and indeterminacy. In many instances, conventional use of melody, harmony, rhythm or pulse is dispensed with.</p>\n<p class=\"paragraph text-align-type-left pap-line-1.8 pap-line-rule-auto pap-spacing-before-2pt pap-spacing-after-2pt\">&nbsp;</p>\n<p class=\"paragraph text-align-type-left pap-line-1.8 pap-line-rule-auto pap-spacing-before-2pt pap-spacing-after-2pt\">The Futurist art movement was important for the development of the noise aesthetic, as was the Dada art movement (a prime example being the Antisymphony concert performed on April 30, 1919 in Berlin), and later the Surrealist and Fluxus art movements, specifically the Fluxus artists Joe Jones, Yasunao Tone, George Brecht, Robert Watts, Wolf Vostell, Dieter Roth, Yoko Ono, Nam June Paik, Walter De Maria's Ocean Music, Milan Kn&iacute;ž&aacute;k's Broken Music Composition, early LaMonte Young and Takehisa Kosugi.</p>\n<p class=\"paragraph text-align-type-left pap-line-1.8 pap-line-rule-auto pap-spacing-before-2pt pap-spacing-after-2pt\">&nbsp;</p>\n<p class=\"paragraph text-align-type-left pap-line-1.8 pap-line-rule-auto pap-spacing-before-2pt pap-spacing-after-2pt\">Contemporary noise music is often associated with extreme volume and distortion. Notable genres that exploit such techniques include noise rock and no wave, industrial music, Japanoise, and postdigital music such as glitch. In the domain of experimental rock, examples include Lou Reed's Metal Machine Music, and Sonic Youth. Other notable examples of composers and bands that feature noise based materials include works by Iannis Xenakis, Karlheinz Stockhausen, Helmut Lachenmann, Cornelius Cardew, Theatre of Eternal Music, Glenn Branca, Rhys Chatham, Ryoji Ikeda, Survival Research Laboratories, Kris T Reeder, Whitehouse, Coil, Merzbow, Cabaret Voltaire, Psychic TV, Jean Tinguely's recordings of his sound sculpture (specifically Bascule VII), the music of Hermann Nitsch's Orgien Mysterien Theater, and La Monte Young's bowed gong works from the late 1960s.</p>\n<p class=\"paragraph text-align-type-left pap-line-1.8 pap-line-rule-auto pap-spacing-before-2pt pap-spacing-after-2pt\">&nbsp;</p>\n<div>\n<div class=\"document\">\n<h2>Definitions</h2>\n<p class=\"paragraph text-align-type-left pap-line-1.8 pap-line-rule-auto pap-spacing-before-2pt pap-spacing-after-2pt\">According to Danish noise and music theorist Torben Sangild, one single definition of noise in music is not possible. Sangild instead provides three basic definitions of noise: a musical acoustics definition, a second communicative definition based on distortion or disturbance of a communicative signal, and a third definition based in subjectivity (what is noise to one person can be meaningful to another; what was considered unpleasant sound yesterday is not today).</p>\n<p class=\"paragraph text-align-type-left pap-line-1.8 pap-line-rule-auto pap-spacing-before-2pt pap-spacing-after-2pt\">&nbsp;</p>\n<p class=\"paragraph text-align-type-left pap-line-1.8 pap-line-rule-auto pap-spacing-before-2pt pap-spacing-after-2pt\">According to Murray Schafer there are four types of noise: unwanted noise, unmusical sound, any loud sound, and a disturbance in any signaling system (such as static on a telephone).Definitions regarding what is considered noise, relative to music, have changed over time. Ben Watson, in his article Noise as Permanent Revolution, points out that Ludwig van Beethoven's Grosse Fuge (1825) \"sounded like noise\" to his audience at the time. Indeed, Beethoven's publishers persuaded him to remove it from its original setting as the last movement of a string quartet. He did so, replacing it with a sparkling Allegro. They subsequently published it separately.</p>\n<p class=\"paragraph text-align-type-left pap-line-1.8 pap-line-rule-auto pap-spacing-before-2pt pap-spacing-after-2pt\">&nbsp;</p>\n<p class=\"paragraph text-align-type-left pap-line-1.8 pap-line-rule-auto pap-spacing-before-2pt pap-spacing-after-2pt\">In attempting to define noise music and its value, Paul Hegarty (2007) cites the work of noted cultural critics Jean Baudrillard, Georges Bataille and Theodor Adorno and through their work traces the history of \"noise\". He defines noise at different times as \"intrusive, unwanted\", \"lacking skill, not being appropriate\" and \"a threatening emptiness\". He traces these trends starting with 18th-century concert hall music. Hegarty contends that it is John Cage's composition 4'33\", in which an audience sits through four and a half minutes of \"silence\" (Cage 1973), that represents the beginning of noise music proper. For Hegarty, \"noise music\", as with 4'33\", is that music made up of incidental sounds that represent perfectly the tension between \"desirable\" sound (properly played musical notes) and undesirable \"noise\" that make up all noise music from Erik Satie to NON to Glenn Branca. Writing about Japanese noise music, Hegarty suggests that \"it is not a genre, but it is also a genre that is multiple, and characterized by this very multiplicity ... Japanese noise music can come in all styles, referring to all other genres ... but crucially asks the question of genre&mdash;what does it mean to be categorized, categorizable, definable?\" (Hegarty 2007:133).</p>\n<p class=\"paragraph text-align-type-left pap-line-1.8 pap-line-rule-auto pap-spacing-before-2pt pap-spacing-after-2pt\">&nbsp;</p>\n<p class=\"paragraph text-align-type-left pap-line-1.8 pap-line-rule-auto pap-spacing-before-2pt pap-spacing-after-2pt\">Writer Douglas Kahn, in his work Noise, Water, Meat: A History of Sound in the Arts (1999), discusses the use of noise as a medium and explores the ideas of Antonin Artaud, George Brecht, William Burroughs, Sergei Eisenstein, Fluxus, Allan Kaprow, Michael McClure, Yoko Ono, Jackson Pollock, Luigi Russolo, and Dziga Vertov.</p>\n<p class=\"paragraph text-align-type-left pap-line-1.8 pap-line-rule-auto pap-spacing-before-2pt pap-spacing-after-2pt\">&nbsp;</p>\n<p class=\"paragraph text-align-type-left pap-line-1.8 pap-line-rule-auto pap-spacing-before-2pt pap-spacing-after-2pt\">In Noise: The Political Economy of Music (1985), Jacques Attali explores the relationship between noise music and the future of society. He indicates that noise in music is a predictor of social change and demonstrates how noise acts as the subconscious of society&mdash;validating and testing new social and political realities.</p>\n<p class=\"paragraph text-align-type-left pap-line-1.8 pap-line-rule-auto pap-spacing-before-2pt pap-spacing-after-2pt\">&nbsp;</p>\n<div>\n<div class=\"document\">\n<h2>Characteristics</h2>\n<p class=\"paragraph text-align-type-left pap-line-1.8 pap-line-rule-auto pap-spacing-before-2pt pap-spacing-after-2pt\">Like much of modern and contemporary art, noise music takes characteristics of the perceived negative traits of noise mentioned below and uses them in&nbsp;Aesthetic&nbsp;and imaginative ways.</p>\n<p class=\"paragraph text-align-type-left pap-line-1.8 pap-line-rule-auto pap-spacing-before-2pt pap-spacing-after-2pt\">&nbsp;</p>\n<p class=\"paragraph text-align-type-left pap-line-1.8 pap-line-rule-auto pap-spacing-before-2pt pap-spacing-after-2pt\">In common use, the word noise means unwanted sound or noise pollution.In electronics noise can refer to the electronic signal corresponding to acoustic noise (in an audio system) or the electronic signal corresponding to the (visual) noise commonly seen as 'snow' on a degraded television or video image.In signal processing or computing it can be considered data without meaning; that is, data that is not being used to transmit a signal, but is simply produced as an unwanted by-product of other activities. Noise can block, distort, or change the meaning of a message in both human and electronic communication. White noise is a random signal (or process) with a flat power spectral density. In other words, the signal contains equal power within a fixed bandwidth at any center frequency. White noise is considered analogous to white light which contains all frequencies.</p>\n<p class=\"paragraph text-align-type-left pap-line-1.8 pap-line-rule-auto pap-spacing-before-2pt pap-spacing-after-2pt\">&nbsp;</p>\n<p class=\"paragraph text-align-type-left pap-line-1.8 pap-line-rule-auto pap-spacing-before-2pt pap-spacing-after-2pt\">In much the same way the early modernists were inspired by na&iuml;ve art, some contemporary digital art noise musicians are excited by the archaic audio technologies such as wire-recorders, the 8-track cartridge, and vinyl records. Many artists not only build their own noise-generating devices, but even their own specialized recording equipment and custom software (for example, the C++ software used in creating the viral symphOny by Joseph Nechvatal).</p>\n<p class=\"paragraph text-align-type-left pap-line-1.8 pap-line-rule-auto pap-spacing-before-2pt pap-spacing-after-2pt\">&nbsp;</p>\n<div>\n<div class=\"document\">\n<h2>1910s&ndash;1960s</h2>\n<h3>The Art of Noises</h3>\n<p class=\"paragraph text-align-type-left pap-line-1.8 pap-line-rule-auto pap-spacing-before-2pt pap-spacing-after-2pt\">Luigi Russolo, an Italian Futurist artist of the very early 20th century, was perhaps the first noise artist. His 1913 manifesto, L'Arte dei Rumori, translated as The Art of Noises, stated that the industrial revolution had given modern men a greater capacity to appreciate more complex sounds. Russolo found traditional melodic music confining and envisioned noise music as its future replacement. He designed and constructed a number of noise-generating devices called intonarumori and assembled a noise orchestra to perform with them. Works entitled Risveglio di una citt&agrave; (Awakening of a City) and Convegno d'aeroplani e d'automobili (The Meeting of Aeroplanes and Automobiles) were both performed for the first time in 1914.</p>\n<p class=\"paragraph text-align-type-left pap-line-1.8 pap-line-rule-auto pap-spacing-before-2pt pap-spacing-after-2pt\">&nbsp;</p>\n<p class=\"paragraph text-align-type-left pap-line-1.8 pap-line-rule-auto pap-spacing-before-2pt pap-spacing-after-2pt\">A performance of his Gran Concerto Futuristico (1917) was met with strong disapproval and violence from the audience, as Russolo himself had predicted. None of his intoning devices have survived, though recently some have been reconstructed and used in performances. Although Russolo's works bear little resemblance to contemporary noise music such as Japanoise, his efforts helped to introduce noise as a musical aesthetic and broaden the perception of sound as an artistic medium.</p>\n<p class=\"paragraph text-align-type-left pap-line-1.8 pap-line-rule-auto pap-spacing-before-2pt pap-spacing-after-2pt\">&nbsp;</p>\n<p class=\"paragraph text-align-type-left pap-line-1.8 pap-line-rule-auto pap-spacing-before-2pt pap-spacing-after-2pt\">At first the art of music sought purity, limpidity and sweetness of sound. Then different sounds were amalgamated, care being taken, however, to caress the ear with gentle harmonies. Today music, as it becomes continually more complicated, strives to amalgamate the most dissonant, strange and harsh sounds. In this way we come ever closer to noise-sound.</p>\n<p class=\"paragraph text-align-type-left pap-line-1.8 pap-line-rule-auto pap-spacing-before-2pt pap-spacing-after-2pt\">&nbsp;</p>\n<p class=\"paragraph text-align-type-left pap-line-1.8 pap-line-rule-auto pap-spacing-before-2pt pap-spacing-after-2pt\">&mdash;&thinsp;Luigi Russolo The Art of Noises (1913)</p>\n<p class=\"paragraph text-align-type-left pap-line-1.8 pap-line-rule-auto pap-spacing-before-2pt pap-spacing-after-2pt\">&nbsp;</p>\n<p class=\"paragraph text-align-type-left pap-line-1.8 pap-line-rule-auto pap-spacing-before-2pt pap-spacing-after-2pt\">Antonio Russolo, Luigi's brother and fellow Italian Futurist composer, produced a recording of two works featuring the original intonarumori. The 1921 made phonograph with works entitled Corale and Serenata, combined conventional orchestral music set against the famous noise machines and is the only surviving sound recording.</p>\n<p class=\"paragraph text-align-type-left pap-line-1.8 pap-line-rule-auto pap-spacing-before-2pt pap-spacing-after-2pt\">&nbsp;</p>\n<p class=\"paragraph text-align-type-left pap-line-1.8 pap-line-rule-auto pap-spacing-before-2pt pap-spacing-after-2pt\">An early Dada-related work from 1916 by Marcel Duchamp also worked with noise, but in an almost silent way. One of the found object Readymades of Marcel Duchamp, A Bruit Secret (With Hidden Noise), was a collaborative work that created a noise instrument that Duchamp accomplished with Walter Arensberg. What rattles inside when A Bruit Secret is shaken remains a mystery.</p>\n<p class=\"paragraph text-align-type-left pap-line-1.8 pap-line-rule-auto pap-spacing-before-2pt pap-spacing-after-2pt\">&nbsp;</p>\n<div>\n<div class=\"document\">\n<h3>Found sound</h3>\n<p class=\"paragraph text-align-type-left pap-line-1.8 pap-line-rule-auto pap-spacing-before-2pt pap-spacing-after-2pt\">In the same period the utilisation of found sound as a musical resource was starting to be explored. An early example is Parade, a performance produced at the Chatelet Theatre, Paris, on May 18, 1917, that was conceived by Jean Cocteau, with design by Pablo Picasso, choreography by Leonid Massine, and music by Eric Satie. The extra-musical materials used in the production were referred to as trompe l'oreille sounds by Cocteau and included a dynamo, Morse code machine, sirens, steam engine, airplane motor, and typewriters.Arseny Avraamov's composition Symphony of Factory Sirens involved navy ship sirens and whistles, bus and car horns, factory sirens, cannons, foghorns, artillery guns, machine guns, hydro-airplanes, a specially designed steam-whistle machine creating noisy renderings of Internationale and Marseillaise for a piece conducted by a team using flags and pistols when performed in the city of Baku in 1922.In 1923, Arthur Honegger created Pacific 231, a modernist musical composition that imitates the sound of a steam locomotive. Another example is Ottorino Respighi's 1924 orchestral piece Pines of Rome, which included the phonographic playback of a nightingale recording. Also in 1924, George Antheil created a work titled Ballet M&eacute;canique with instrumentation that included 16 pianos, 3 airplane propellers, and 7 electric bells. The work was originally conceived as music for the Dada film of the same name, by Dudley Murphy and Fernand L&eacute;ger, but in 1926 it premiered independently as a concert piece.</p>\n<p class=\"paragraph text-align-type-left pap-line-1.8 pap-line-rule-auto pap-spacing-before-2pt pap-spacing-after-2pt\">&nbsp;</p>\n<div>\n<div class=\"document\">\n<p class=\"paragraph text-align-type-left pap-line-1.8 pap-line-rule-auto pap-spacing-before-2pt pap-spacing-after-2pt\">In 1930 Paul Hindemith and Ernst Toch recycled records to create sound montages and in 1936 Edgard Var&egrave;se experimented with records, playing them backwards, and at varying speeds. Varese had earlier used sirens to create what he called a \"continuous flowing curve\" of sound that he could not achieve with acoustic instruments. In 1931, Varese's Ionisation for 13 players featured 2 sirens, a lion's roar, and used 37 percussion instruments to create a repertoire of unpitched sounds making it the first musical work to be organized solely on the basis of noise.In remarking on Varese's contributions the American composer John Cage stated that Varese had \"established the present nature of music\" and that he had \"moved into the field of sound itself while others were still discriminating 'musical tones' from noises\".</p>\n<p class=\"paragraph text-align-type-left pap-line-1.8 pap-line-rule-auto pap-spacing-before-2pt pap-spacing-after-2pt\">&nbsp;</p>\n<div>\n<div class=\"document\">\n<p class=\"paragraph text-align-type-left pap-line-1.8 pap-line-rule-auto pap-spacing-before-2pt pap-spacing-after-2pt\">In an essay written in 1937, Cage expressed an interest in using extra-musical materials and came to distinguish between found sounds, which he called noise, and musical sounds, examples of which included: rain, static between radio channels, and \"a truck at fifty miles per hour\". Essentially, Cage made no distinction, in his view all sounds have the potential to be used creatively. His aim was to capture and control elements of the sonic environment and employ a method of sound organisation, a term borrowed from Varese, to bring meaning to the sound materials.Cage began in 1939 to create a series of works that explored his stated aims, the first being Imaginary Landscape #1 for instruments including two variable speed turntables with frequency recordings.</p>\n<p class=\"paragraph text-align-type-left pap-line-1.8 pap-line-rule-auto pap-spacing-before-2pt pap-spacing-after-2pt\">&nbsp;</p>\n<p class=\"paragraph text-align-type-left pap-line-1.8 pap-line-rule-auto pap-spacing-before-2pt pap-spacing-after-2pt\">In 1961, James Tenney composed Analogue #1: Noise Study (for tape) using computer synthesized noise and Collage No.1 (Blue Suede) (for tape) by sampling and manipulating a famous Elvis Presley recording.</p>\n<p class=\"paragraph text-align-type-left pap-line-1.8 pap-line-rule-auto pap-spacing-before-2pt pap-spacing-after-2pt\">&nbsp;</p>\n<div>\n<div class=\"document\">\n<h3>Experimental music</h3>\n<p class=\"paragraph text-align-type-left pap-line-1.8 pap-line-rule-auto pap-spacing-before-2pt pap-spacing-after-2pt\">I believe that the use of noise to make music will continue and increase until we reach a music produced through the aid of electrical instruments which will make available for musical purposes any and all sounds that can be heard.</p>\n<p class=\"paragraph text-align-type-left pap-line-1.8 pap-line-rule-auto pap-spacing-before-2pt pap-spacing-after-2pt\">&nbsp;</p>\n<p class=\"paragraph text-align-type-left pap-line-1.8 pap-line-rule-auto pap-spacing-before-2pt pap-spacing-after-2pt\">&mdash;&thinsp;John Cage The Future of Music: Credo (1937)</p>\n<p class=\"paragraph text-align-type-left pap-line-1.8 pap-line-rule-auto pap-spacing-before-2pt pap-spacing-after-2pt\">&nbsp;</p>\n<p class=\"paragraph text-align-type-left pap-line-1.8 pap-line-rule-auto pap-spacing-before-2pt pap-spacing-after-2pt\">In 1932, Bauhaus artists L&aacute;szl&oacute; Moholy-Nagy, Oskar Fischinger and Paul Arma experimented with modifying the physical contents of record grooves.</p>\n<p class=\"paragraph text-align-type-left pap-line-1.8 pap-line-rule-auto pap-spacing-before-2pt pap-spacing-after-2pt\">&nbsp;</p>\n<p class=\"paragraph text-align-type-left pap-line-1.8 pap-line-rule-auto pap-spacing-before-2pt pap-spacing-after-2pt\">Under the influence of Henry Cowell in San Francisco in the late 1940s,Lou Harrison and John Cage began composing music for junk (waste) percussion ensembles, scouring junkyards and Chinatown antique shops for appropriately tuned brake drums, flower pots, gongs, and more.</p>\n<p class=\"paragraph text-align-type-left pap-line-1.8 pap-line-rule-auto pap-spacing-before-2pt pap-spacing-after-2pt\">&nbsp;</p>\n<div>\n<div class=\"document\">\n<p class=\"paragraph text-align-type-left pap-line-1.8 pap-line-rule-auto pap-spacing-before-2pt pap-spacing-after-2pt\">In Europe, during the late 1940s, Pierre Schaeffer coined the term musique concr&egrave;te to refer to the peculiar nature of sounds on tape, separated from the source that generated them initially.[53] Pierre Schaeffer helped form Studio d'Essai de la Radiodiffusion-T&eacute;l&eacute;vision Fran&ccedil;aise in France during World War II. Initially serving the French Resistance, Studio d'Essai became a hub for musical development centered around implementing electronic devices in compositions. It was from this group that musique concr&egrave;te was developed. A type of electroacoustic music, musique concr&egrave;te is characterized by its use of recorded sound, electronics, tape, animate and inanimate sound sources, and various manipulation techniques. The first of Schaeffer's Cinq &eacute;tudes de bruits, or Five Noise Etudes, consisted of transformed locomotive sounds. The last &eacute;tude, &Eacute;tude path&eacute;tique, makes use of sounds recorded from sauce pans and canal boats.</p>\n<p class=\"paragraph text-align-type-left pap-line-1.8 pap-line-rule-auto pap-spacing-before-2pt pap-spacing-after-2pt\">&nbsp;</p>\n<p class=\"paragraph text-align-type-left pap-line-1.8 pap-line-rule-auto pap-spacing-before-2pt pap-spacing-after-2pt\">Following musique concr&egrave;te, other modernist art music composers such as Richard Maxfield, Karlheinz Stockhausen, Gottfried Michael Koenig, Pierre Henry, Iannis Xenakis, La Monte Young, and David Tudor, composed significant electronic, vocal, and instrumental works, sometimes using found sounds. In late 1947, Antonin Artaud recorded Pour en Finir avec le Jugement de dieu (To Have Done with the Judgment of God), an audio piece full of the seemingly random cacophony of xylophonic sounds mixed with various percussive elements, mixed with the noise of alarming human cries, screams, grunts, onomatopoeia, and glossolalia.In 1949, Nouveau R&eacute;alisme artist Yves Klein wrote The Monotone Symphony (formally The Monotone-Silence Symphony, conceived 1947&ndash;1948), a 40-minute orchestral piece that consisted of a single 20-minute sustained chord (followed by a 20-minute silence) &mdash; showing how the sound of one drone could make music. Also in 1949, Pierre Boulez befriended John Cage, who was visiting Paris to do research on the music of Erik Satie. John Cage had been pushing music in even more startling directions during the war years, writing for prepared piano, junkyard percussion, and electronic gadgetry.</p>\n<p class=\"paragraph text-align-type-left pap-line-1.8 pap-line-rule-auto pap-spacing-before-2pt pap-spacing-after-2pt\">&nbsp;</p>\n<div>\n<div class=\"document\">\n<p class=\"paragraph text-align-type-left pap-line-1.8 pap-line-rule-auto pap-spacing-before-2pt pap-spacing-after-2pt\">In 1951, Cage's Imaginary Landscape #4, a work for twelve radio receivers, was premiered in New York. Performance of the composition necessitated the use of a score that contained indications for various wavelengths, durations, and dynamic levels, all of which had been determined using chance operations. A year later in 1952, Cage applied his aleatoric methods to tape-based composition. Also in 1952, Karlheinz Stockhausen completed a modest musique concr&egrave;te student piece entitled Etude. Cage's work resulted in his famous work Williams Mix, which was made up of some six hundred tape fragments arranged according to the demands of the I Ching. Cage's early radical phase reached its height that summer of 1952, when he unveiled the first art \"happening\" at Black Mountain College, and 4'33\", the so-called controversial \"silent piece\". The premiere of 4'33\" was performed by David Tudor. The audience saw him sit at the piano, and close the lid of the piano. Some time later, without having played any notes, he opened the lid. A while after that, again having played nothing, he closed the lid. And after a period of time, he opened the lid once more and rose from the piano. The piece had passed without a note being played, in fact without Tudor or anyone else on stage having made any deliberate sound, although he timed the lengths on a stopwatch while turning the pages of the score. Only then could the audience recognize what Cage insisted upon: that there is no such thing as silence. Noise is always happening that makes musical sound.In 1957, Edgard Var&egrave;se created on tape an extended piece of electronic music using noises created by scraping, thumping and blowing titled Po&egrave;me &eacute;lectronique.</p>\n<p class=\"paragraph text-align-type-left pap-line-1.8 pap-line-rule-auto pap-spacing-before-2pt pap-spacing-after-2pt\">&nbsp;</p>\n<p class=\"paragraph text-align-type-left pap-line-1.8 pap-line-rule-auto pap-spacing-before-2pt pap-spacing-after-2pt\">In 1960, John Cage completed his noise composition Cartridge Music for phono cartridges with foreign objects replacing the 'stylus' and small sounds amplified by contact microphones. Also in 1960, Nam June Paik composed Fluxusobjekt for fixed tape and hand-controlled tape playback head.On May 8, 1960, six young Japanese musicians, including Takehisa Kosugi and Yasunao Tone, formed the Group Ongaku with two tape recordings of noise music: Automatism and Object. These recordings made use of a mixture of traditional musical instruments along with a vacuum cleaner, a radio, an oil drum, a doll, and a set of dishes. Moreover, the speed of the tape recording was manipulated, further distorting the sounds being recorded.Canada's Nihilist Spasm Band, the world's longest-running noise act, was formed in 1965 in London, Ontario and continues to perform and record to this day, having survived to work with many of the newer generation which they themselves had influenced, such as Thurston Moore of Sonic Youth and Jojo Hiroshige of Hijokaidan. In 1967, Musica Elettronica Viva, a live acoustic/electronic improvisational group formed in Rome, made a recording titled SpaceCraft using contact microphones on such \"non-musical\" objects as panes of glass and motor oil cans that was recorded at the Akademie der Kunste in Berlin. At the end of the sixties, they took part in the collective noise action called Lo Zoo initiated by the artist Michelangelo Pistoletto.</p>\n<p class=\"paragraph text-align-type-left pap-line-1.8 pap-line-rule-auto pap-spacing-before-2pt pap-spacing-after-2pt\">&nbsp;</p>\n<div>\n<div class=\"document\">\n<p class=\"paragraph text-align-type-left pap-line-1.8 pap-line-rule-auto pap-spacing-before-2pt pap-spacing-after-2pt\">The art critic Rosalind Krauss argued that by 1968 artists such as Robert Morris, Robert Smithson, and Richard Serra had \"entered a situation the logical conditions of which can no longer be described as modernist.\" Sound art found itself in the same condition, but with an added emphasis on distribution.Antiform process art became the terms used to describe this postmodern post-industrial culture and the process by which it is made. Serious art music responded to this conjuncture in terms of intense noise, for example the La Monte Young Fluxus composition 89 VI 8 C. 1:42&ndash;1:52 AM Paris Encore from Poem For Chairs, Tables, Benches, Etc. Young's composition Two Sounds (1960) was composed for amplified percussion and window panes and his Poem for Tables, Chairs and Benches, Etc. (1960) used the sounds of furniture scraping across the floor.</p>\n<p class=\"paragraph text-align-type-left pap-line-1.8 pap-line-rule-auto pap-spacing-before-2pt pap-spacing-after-2pt\">&nbsp;</p>\n<div>\n<div class=\"document\">\n<h3>Popular music</h3>\n<p class=\"paragraph text-align-type-left pap-line-1.8 pap-line-rule-auto pap-spacing-before-2pt pap-spacing-after-2pt\">Freak Out!, the debut album by The Mothers of Invention made use of avant-garde sound collage&mdash;particularly the 1966 track The Return of the Son of Monster Magnet.[citation needed] The same year, art rock group The Velvet Underground made their first recording while produced by Andy Warhol, a track entitled \"Noise\".</p>\n<p class=\"paragraph text-align-type-left pap-line-1.8 pap-line-rule-auto pap-spacing-before-2pt pap-spacing-after-2pt\">&nbsp;</p>\n<p class=\"paragraph text-align-type-left pap-line-1.8 pap-line-rule-auto pap-spacing-before-2pt pap-spacing-after-2pt\">\"Tomorrow Never Knows\" is the final track of The Beatles' 1966 studio album Revolver; credited as a Lennon&ndash;McCartney song, it was written primarily by John Lennon with major contributions to the arrangement by Paul McCartney. The track included looped tape effects. For the track, McCartney supplied a bag of 1&frasl;4-inch audio tape loops he had made at home after listening to Stockhausen's Gesang der J&uuml;nglinge. By disabling the erase head of a tape recorder and then spooling a continuous loop of tape through the machine while recording, the tape would constantly overdub itself, creating a saturation effect, a technique also used in musique concr&egrave;te. The Beatles would continue these efforts with \"Revolution 9\", a track produced in 1968 for The White Album. It made sole use of sound collage, credited to Lennon&ndash;McCartney, but created primarily by John Lennon with assistance from George Harrison and Yoko Ono.</p>\n<p class=\"paragraph text-align-type-left pap-line-1.8 pap-line-rule-auto pap-spacing-before-2pt pap-spacing-after-2pt\">&nbsp;</p>\n<p class=\"paragraph text-align-type-left pap-line-1.8 pap-line-rule-auto pap-spacing-before-2pt pap-spacing-after-2pt\">In 1975, Ned Lagin released an album of electronic noise music full of spacey rumblings and atmospherics filled with burps and bleeps entitled Seastones on Round Records.The album was recorded in stereo quadraphonic sound and featured guest performances by members of the Grateful Dead, including Jerry Garcia playing treated guitar and Phil Lesh playing electronic Alembic bass.&nbsp;David Crosby, Grace Slick and other members of the Jefferson Airplane also appear on the album.</p>\n<p class=\"paragraph text-align-type-left pap-line-1.8 pap-line-rule-auto pap-spacing-before-2pt pap-spacing-after-2pt\">&nbsp;</p>\n<div>\n<div class=\"document\">\n<h2>1970s&ndash;present</h2>\n<h3>Noise rock and no wave</h3>\n<p class=\"paragraph text-align-type-left pap-line-1.8 pap-line-rule-auto pap-spacing-before-2pt pap-spacing-after-2pt\">Main articles: Noise rock and No Wave</p>\n<p class=\"paragraph text-align-type-left pap-line-1.8 pap-line-rule-auto pap-spacing-before-2pt pap-spacing-after-2pt\">Lou Reed's double LP Metal Machine Music (1975) is cited as containing the primary characteristics of what would in time become a genre known as noise music.The album is an early, well-known example of commercial studio noise music that the music critic Lester Bangs has sarcastically called the \"greatest album ever made in the history of the human eardrum\". It has also been cited as one of the \"worst albums of all time\".Reed was well aware of the drone music of La Monte Young.Young's Theatre of Eternal Music was a minimal music noise group in the mid-60s with John Cale, Marian Zazeela, Henry Flynt, Angus Maclise, Tony Conrad, and others.&nbsp;The Theatre of Eternal Music's discordant sustained notes and loud amplification had influenced Cale's subsequent contribution to The Velvet Underground in his use of both discordance and feedback.Cale and Conrad have released noise music recordings they made during the mid-sixties, such as Cale's Inside the Dream Syndicate series (The Dream Syndicate being the alternative name given by Cale and Conrad to their collective work with Young).The aptly named noise rock fuses rock to noise, usually with recognizable \"rock\" instrumentation, but with greater use of distortion and electronic effects, varying degrees of atonality, improvisation, and white noise. One notable band of this genre is Sonic Youth who took inspiration from the No Wave composers Glenn Branca and Rhys Chatham (himself a student of LaMonte Young).Marc Masters, in his book on the No Wave, points out that aggressively innovative early dark noise groups like Mars and DNA drew on punk rock, avant-garde minimalism and performance art.Important in this noise trajectory are the nine nights of noise music called Noise Fest that was organized by Thurston Moore of Sonic Youth in the NYC art space White Columns in June 1981followed by the Speed Trials noise rock series organized by Live Skull members in May 1983.</p>\n<p class=\"paragraph text-align-type-left pap-line-1.8 pap-line-rule-auto pap-spacing-before-2pt pap-spacing-after-2pt\">&nbsp;</p>\n<div>\n<div class=\"document\">\n<h3>Industrial music</h3>\n<p class=\"paragraph text-align-type-left pap-line-1.8 pap-line-rule-auto pap-spacing-before-2pt pap-spacing-after-2pt\">Main article: Industrial music</p>\n<p class=\"paragraph text-align-type-left pap-line-1.8 pap-line-rule-auto pap-spacing-before-2pt pap-spacing-after-2pt\">See also: Post-industrial music</p>\n<p class=\"paragraph text-align-type-left pap-line-1.8 pap-line-rule-auto pap-spacing-before-2pt pap-spacing-after-2pt\">In the 1970s, the concept of art itself expanded and groups like Survival Research Laboratories, Borbetomagus and Elliott Sharp embraced and extended the most dissonant and least approachable aspects of these musical/spatial concepts. Around the same time, the first postmodern wave of industrial noise music appeared with Throbbing Gristle, Cabaret Voltaire, and NON (aka Boyd Rice).These cassette culture releases often featured zany tape editing, stark percussion and repetitive loops distorted to the point where they may degrade into harsh noise.In the 1970s and 1980s, industrial noise groups like Current 93, Hafler Trio, Throbbing Gristle, Coil, Laibach, Steven Stapleton, Thee Temple ov Psychick Youth, Smegma, Nurse with Wound, Einst&uuml;rzende Neubauten, The Haters, and The New Blockaders performed industrial noise music mixing loud metal percussion, guitars, and unconventional \"instruments\" (such as jackhammers and bones) in elaborate stage performances. These industrial artists experimented with varying degrees of noise production techniques.Interest in the use of shortwave radio also developed at this time, particularly evident in the recordings and live performances of John Duncan. Other postmodern art movements influential to post-industrial noise art are Conceptual Art and the Neo-Dada use of techniques such as assemblage, montage, bricolage, and appropriation. Bands like Test Dept, Clock DVA, Factrix, Autopsia, Nocturnal Emissions, Whitehouse, Severed Heads, Sutcliffe J&uuml;gend, and SPK soon followed. The sudden post-industrial affordability of home cassette recording technology in the 1970s, combined with the simultaneous influence of punk rock, established the No Wave aesthetic, and instigated what is commonly referred to as noise music today.</p>\n<p class=\"paragraph text-align-type-left pap-line-1.8 pap-line-rule-auto pap-spacing-before-2pt pap-spacing-after-2pt\">&nbsp;</p>\n<div>\n<div class=\"document\">\n<h3>Japanese noise music</h3>\n<p class=\"paragraph text-align-type-left pap-line-1.8 pap-line-rule-auto pap-spacing-before-2pt pap-spacing-after-2pt\">Main article: Japanoise</p>\n<p class=\"paragraph text-align-type-left pap-line-1.8 pap-line-rule-auto pap-spacing-before-2pt pap-spacing-after-2pt\">Since the early 1980s, Japan has produced a significant output of characteristically harsh bands, sometimes referred to as Japanoise, with perhaps the best known being Merzbow (pseudonym for the Japanese noise artist Masami Akita who himself was inspired by the Dada artist Kurt Schwitters's Merz art project of psychological collage).In the late 1970s and early 1980s, Akita took Metal Machine Music as a point of departure and further abstracted the noise aesthetic by freeing the sound from guitar based feedback alone, a development that is thought to have heralded noise music as a genre. According to Hegarty (2007), \"in many ways it only makes sense to talk of noise music since the advent of various types of noise produced in Japanese music, and in terms of quantity this is really to do with the 1990s onwards ... with the vast growth of Japanese noise, finally, noise music becomes a genre\".Other key Japanese noise artists that contributed to this upsurge of activity include Hijokaidan, Boredoms, C.C.C.C., Incapacitants, KK Null, Yamazaki Maso's Masonna, Solmania, K2, The Gerogerigegege and Hanatarash.Nick Cain of The Wire identifies the \"primacy of Japanese Noise artists like Merzbow, Hijokaidan and Incapacitants\" as one of the major developments in noise music since 1990.</p>\n<p class=\"paragraph text-align-type-left pap-line-1.8 pap-line-rule-auto pap-spacing-before-2pt pap-spacing-after-2pt\">&nbsp;</p>\n<h3>Post-digital music</h3>\n<p class=\"paragraph text-align-type-left pap-line-1.8 pap-line-rule-auto pap-spacing-before-2pt pap-spacing-after-2pt\">Following the wake of industrial noise, noise rock, no wave, and harsh noise, there has been a flood of noise musicians whose ambient, microsound, or glitch-based work is often subtler to the ear.Kim Cascone refers to this development as a postdigital movement and describes it as an \"aesthetic of failure.\"Some of this music has seen wide distribution thanks to peer-to-peer file sharing services and netlabels offering free releases. Steve Goodman characterizes this widespread outpouring of free noise based media as a \"noise virus.\"</p>\n</div>\n</div>\n</div>\n</div>\n</div>\n</div>\n</div>\n</div>\n</div>\n</div>\n</div>\n</div>\n</div>\n</div>\n</div>\n</div>\n</div>\n</div>\n</div>\n</div>\n</div>\n</div>\n</div>\n</div>\n</div>\n</div>\n</div>\n</div>\n</div>",
 "remarks": "本词条汉字内容由 @多频百科团队 翻译+编辑\n原文译自 https://en.wikipedia.org/wiki/Noise_music",
 "remarksEn": "本词条内容来自 https://en.wikipedia.org/wiki/Noise_music",
 "status": 1,
 "clickNum": 33,
 "deleted": 0,
 "lang": 0,
 "chooseLang": true,
 "id": 20,
 "name": "Noise Music",
 "descriptions": "Noise Music（噪音音乐）是一种音乐流派，其特征在于在音乐环境中表达性使用噪音。这种类型的音乐往往会挑战传统音乐实践中音乐和非音乐声音之间的区别。噪音音乐包括多种音乐风格和基于声音的创作实践，以噪声为主要特征。 ",
 "originalName": "噪声音乐, 噪音音乐",
 "startTimeText": "1910s",
 "startAddress": "Italy",
 "searchStyle": "Noise Music",
 "styleCategory": "Experimental Music",
 "originalStyle": "Noise music, \nModernism, electronic, Futurism, Dada",
 "affectStyle": "Dark ambient, industrial, no wave, outsider house, witch house, danger music",
 "deriveStyle": "Power electronics, harsh noise wall, harsh noise",
 "representArtist": "",
 "officialUrl": "https://en.wikipedia.org/wiki/Noise_music",
 "typeId": 13,
 "typeName": "风格",
 "dataId": 20,
 "url": "http://dropinapp.hearinmusic.com/#/ency?typeId=13&dataId=20"
}