{
 "pageNum": 1,
 "pageSize": 10,
 "params": {},
 "relationChannel": "[{\"id\":1152,\"parentId\":8,\"name\":\"Nu Skool Breaks\"}]",
 "content": "<p>Nu skool breaks（有时也被称为nu breaks）是起源于1998年至2002年期间的breakbeat的一个子流派。这种风格的特点通常是有更抽象、更有技术性的声音元素，有时也会融入其他类型的电子舞曲，包括UK Garage、Electro和Drum and Bass。</p>\n<p>&nbsp;</p>\n<p><strong>特征</strong></p>\n<p>通常情况下，Nu skool breaks的节奏在每分钟125至140拍（BPM）之间，通常配有具主导性的Bassline。与Big beat（breakbeat的另一个子流派）相比，Nu skool breaks的声音较少由嘻哈采样和酸性声音组成，而是强调舞曲的友好性，以及使用合成器、效果处理器和计算机的现代制作技术所产生的 \"新 \"声音。</p>\n<p>&nbsp;</p>\n<p><strong>起源</strong></p>\n<p>\"nu skool breaks \"这个术语的诞生被广泛归功于Rennie Pilgrem和Adam Freeland，他们用这个词来形容他们在1996年由Ian Williams在Bar Rumba发起的活动Friction之夜中的声音。</p>\n<p>&nbsp;</p>\n<p>Uptown Connection的 \"Renegades \"和Boundarie Hunters的 \"Double Impact \"被认为是最早正式采用这一风格的制作。</p>\n<p>&nbsp;</p>\n<p>1998年，\"Nu Skool Breaks \"一词被用在两张合辑中，Nu Skool Breakz，Volume 1和2，由Rennie Pilgrem混音，通过英国的Kickin Records发行。其中第一卷是在上述的伦敦俱乐部之夜Friction现场录制的。</p>\n<p>&nbsp;</p>\n<p>早期发行Nu Skool Breaks的厂牌包括Botchit &amp; Scarper、Fuel Records (UK)、Hard Hands、Marine Parade Records、TCR和Ultimatum Breaks。</p>\n<p>&nbsp;</p>\n<p><strong>代表艺人</strong></p>\n<ul>\n<li>Aquasky</li>\n<li>BLIM</li>\n<li>Buckfunk 3000</li>\n<li>Freq Nasty</li>\n<li>Hybrid</li>\n<li>Ils</li>\n<li>Plump DJs</li>\n<li>Stanton Warriors</li>\n<li>Tipper</li>\n<li>Hyper</li>\n<li>Koma and Bones</li>\n<li>Hexadecimal</li>\n</ul>",
 "contentEn": "<p><strong>Nu skool breaks</strong>&nbsp;(or&nbsp;<strong>nu breaks</strong>&nbsp;as it is sometimes referred) is a subgenre of&nbsp;breakbeat&nbsp;originating during the period between 1998 and 2002.<sup id=\"cite_ref-Ref1_1-0\" class=\"reference\">[1]</sup>&nbsp;The style is usually characterized by more abstract, more technical sounds, sometimes incorporated from other genres of electronic dance music, including&nbsp;UK garage,&nbsp;electro, and&nbsp;drum and bass. Typically, tracks ranged between 125 and 140&nbsp;beats per minute&nbsp;(bpm), often featuring a dominant bass line. In contrast with&nbsp;big beat, another subgenre of&nbsp;breakbeat, the sound set consisted less of&nbsp;hip hop&nbsp;samples&nbsp;and&nbsp;acid-type sounds,<sup id=\"cite_ref-Ref2_2-0\" class=\"reference\">[2]</sup>&nbsp;instead emphasizing dance-friendliness<sup id=\"cite_ref-Ref4_3-0\" class=\"reference\">[3]</sup>&nbsp;and \"new\" sounds produced by modern production techniques using&nbsp;synthesizers,&nbsp;effect processors, and&nbsp;computers.<sup id=\"cite_ref-Ref1_1-1\" class=\"reference\">[1]</sup></p>\n<p>&nbsp;</p>\n<h2><span id=\"Origins\" class=\"mw-headline\">Origins</span></h2>\n<p>The term \"nu skool breaks\" is widely attributed to&nbsp;Rennie Pilgrem&nbsp;and&nbsp;Adam Freeland, who used it to describe the sound at their night Friction, which was launched at Bar Rumba in 1996, with promoter Ian Williams.<sup id=\"cite_ref-Ref4_3-1\" class=\"reference\">[3]</sup><sup id=\"cite_ref-Ref3_4-0\" class=\"reference\">[4]</sup></p>\n<p>&nbsp;</p>\n<p>The tracks \"Renegades\" by&nbsp;Uptown Connection&nbsp;and \"Double Impact\" by&nbsp;Boundarie Hunters&nbsp;are considered to be the earliest produced to formally adopt the genre.<sup class=\"noprint Inline-Template Template-Fact\">[<em><span title=\"This claim needs references to reliable sources. (March 2013)\">citation needed</span></em>]</sup></p>\n<p>&nbsp;</p>\n<p>In 1998, the term \"Nu Skool Breaks\" was used on two compilations,&nbsp;<em>Nu Skool Breakz, Volume 1 and 2</em>, mixed by Rennie Pilgrem and released through UK-based&nbsp;Kickin Records. The first volume of these was recorded live at the aforementioned London club night Friction.<sup id=\"cite_ref-Ref4_3-2\" class=\"reference\">[3]</sup></p>\n<p>&nbsp;</p>\n<p>Labels that featured early Nu Skool Breaks releases included&nbsp;Botchit &amp; Scarper,&nbsp;Fuel Records (UK),&nbsp;Hard Hands,&nbsp;Marine Parade Records,&nbsp;TCR, and&nbsp;Ultimatum Breaks.</p>\n<p>&nbsp;</p>\n<h2><span id=\"Artists\" class=\"mw-headline\">Artists</span></h2>\n<ul>\n<li>Aquasky</li>\n<li>BLIM</li>\n<li>Buckfunk 3000</li>\n<li>Freq Nasty</li>\n<li>Hybrid</li>\n<li>Ils</li>\n<li>Plump DJs</li>\n<li>Stanton Warriors</li>\n<li>Tipper</li>\n<li>Hyper</li>\n<li>Koma and Bones</li>\n<li>Hexadecimal</li>\n</ul>\n<h2>&nbsp;</h2>\n<h2><span id=\"References\" class=\"mw-headline\">References</span></h2>\n<div class=\"reflist reflist-columns references-column-width\">\n<ol class=\"references\">\n<li id=\"cite_note-Ref1-1\"><span class=\"mw-cite-backlink\">^&nbsp;<span class=\"cite-accessibility-label\">Jump up to:</span><sup><em><strong>a</strong></em></sup>&nbsp;<sup><em><strong>b</strong></em></sup></span>&nbsp;<span class=\"reference-text\"><cite id=\"CITEREFFonooni2002\" class=\"citation web cs1\">Fonooni, Damon (2002).&nbsp;\"Embracing BT\". Lunar Magazine. Archived from&nbsp;the original&nbsp;on 24 June 2012<span class=\"reference-accessdate\">. Retrieved&nbsp;<span class=\"nowrap\">14 March</span>&nbsp;2013</span>.</cite></span></li>\n<li id=\"cite_note-Ref2-2\"><span class=\"mw-cite-backlink\"><strong>^</strong></span>&nbsp;<span class=\"reference-text\"><cite id=\"CITEREFGriffiths1998\" class=\"citation AV-media-notes cs1\">Griffiths, Alex (1998).&nbsp;<em>BeatsElectronicaUK</em>&nbsp;(booklet).&nbsp;Music Collection International, Ltd. p.&nbsp;1. 50073.</cite></span></li>\n<li id=\"cite_note-Ref4-3\"><span class=\"mw-cite-backlink\">^&nbsp;<span class=\"cite-accessibility-label\">Jump up to:</span><sup><em><strong>a</strong></em></sup>&nbsp;<sup><em><strong>b</strong></em></sup>&nbsp;<sup><em><strong>c</strong></em></sup></span>&nbsp;<span class=\"reference-text\"><cite id=\"CITEREFMcMillan1998\" class=\"citation AV-media-notes cs1\">McMillan, Danny (1998).&nbsp;<em>Nu Skool Breakz</em>&nbsp;(CD insert). Various. US: Instinct Records. EX390-2.</cite></span></li>\n<li id=\"cite_note-Ref3-4\"><span class=\"mw-cite-backlink\"><strong>^</strong></span>&nbsp;<span class=\"reference-text\"><cite class=\"citation web cs1\">\"Breaks Pilgrem-age\".&nbsp;<em>Resident Advisor</em>. 24 April 2002.</cite></span></li>\n</ol>\n</div>",
 "remarks": "本词条汉字内容由 @多频百科团队 翻译+编辑\n原文译自 https://en.wikipedia.org/wiki/Nu_skool_breaks",
 "remarksEn": "本词条内容来自 https://en.wikipedia.org/wiki/Nu_skool_breaks",
 "status": 1,
 "clickNum": 10,
 "deleted": 0,
 "lang": 0,
 "chooseLang": true,
 "id": 102,
 "name": "Nu Skool Breaks",
 "descriptions": "Nu skool breaks（有时也被称为nu breaks）是起源于1998年至2002年期间的breakbeat的一个子流派。这种风格的特点通常是有更抽象、更有技术性的声音元素，有时也会融入其他类型的电子舞曲，包括UK Garage、Electro和Drum and Bass。",
 "originalName": "nu breaks",
 "startTimeText": "1998~2002",
 "startAddress": "",
 "searchStyle": "Breakbeat",
 "styleCategory": "Breakbeat",
 "originalStyle": "",
 "affectStyle": "",
 "deriveStyle": "",
 "representArtist": "",
 "officialUrl": "https://en.wikipedia.org/wiki/Nu_skool_breaks",
 "typeId": 13,
 "typeName": "风格",
 "dataId": 102,
 "url": "http://dropinapp.hearinmusic.com/#/ency?typeId=13&dataId=102"
}