{
 "pageNum": 1,
 "pageSize": 10,
 "params": {},
 "relationChannel": "[{\"id\":1264,\"parentId\":8,\"name\":\"Nu-disco\"}]",
 "content": "<div class=\"document\">\n<div>\n<div class=\"document\">\n<p class=\"paragraph text-align-type-left pap-line-1.8 pap-line-rule-auto pap-spacing-before-2pt pap-spacing-after-2pt\">Nu-disco（直译为&ldquo;新式的迪斯科&rdquo;）是一种源自Disco，兴起于21世纪的舞曲类型，它与1970年代末的US disco、1980年代以合成器为主的欧洲舞曲风格以及90年代初的电子舞曲有关。这一流派在2000年代特别流行，并在2010年代经历了一次小范围的复苏。</p>\n<p class=\"paragraph text-align-type-left pap-line-1.8 pap-line-rule-auto pap-spacing-before-2pt pap-spacing-after-2pt\">&nbsp;</p>\n<p class=\"paragraph text-align-type-left pap-line-1.8 pap-line-rule-auto pap-spacing-before-2pt pap-spacing-after-2pt\"><strong>历史</strong></p>\n<p class=\"paragraph text-align-type-left pap-line-1.8 pap-line-rule-auto pap-spacing-before-2pt pap-spacing-after-2pt\"><span style=\"text-decoration: underline;\">1970s-1990s早期：Disco Edits</span></p>\n<p class=\"paragraph text-align-type-left pap-line-1.8 pap-line-rule-auto pap-spacing-before-2pt pap-spacing-after-2pt\">1970 年代早期，歌曲的Disco edits或re-edits（迪斯科版本的重新编辑）伴随着Disco音乐同时出现，音乐当时 DJ 正在寻找使音乐更容易混排的方法。 Disco edit 是原始曲目的修改版本（重新编辑制作），通常由disco或house DJ完成，以扩展和突出适合舞蹈的元素。 Todd Terje 对 Bee Gees 热门歌曲&ldquo;You Should Be Dancing&rdquo;的编辑版本正是这样做的，淡化了老派的人声演唱，转而使用Bass、活泼的打击乐和营造整体的空间感。</p>\n<p class=\"paragraph text-align-type-left pap-line-1.8 pap-line-rule-auto pap-spacing-before-2pt pap-spacing-after-2pt\">&nbsp;</p>\n<p class=\"paragraph text-align-type-left pap-line-1.8 pap-line-rule-auto pap-spacing-before-2pt pap-spacing-after-2pt\">在早期，编辑版本是用剪刀和磁带来完成的。一些编辑版本变得比它们原来的唱片更受欢迎，因此，早期的Disco Edit艺术家例如 Walter Gibbons，通过他们的编辑工作赢得了极高的声誉，改变了职业生涯。鉴于编辑版本的流行，主要发布编辑和混音作品的厂牌开始出现。首个踏入该领域的厂牌是 1977 年的 Disconet，随后是著名的 DJ 编辑创作服务公司和厂牌，如 Hot Tracks、Rhythm Stick 和 Razormaid。这些厂牌一直活跃到 1990 年代上半叶，直至版权问题的增加逐渐使它们无法正常经营。但Disco Edit的场景并没有消失，它转而进入了地下，许多Disco Edit厂牌如今仍然存在，例如布鲁克林有影响力的 Razor-N-Tape。 许多Nu-disco制作人也是Disco Edit艺术家，这两种流派之间经常有一些重叠，因为许多Nu-disco歌曲都有经典迪斯科曲目的采样。现代著名的Disco Edit艺术家包括 Greg Wilson、Todd Terje、来自巴黎的 Dimitri、Joey Negro、Late Nite Tuff Guy 和 Luxxury。</p>\n<p class=\"paragraph text-align-type-left pap-line-1.8 pap-line-rule-auto pap-spacing-before-2pt pap-spacing-after-2pt\">&nbsp;</p>\n<p class=\"paragraph text-align-type-left pap-line-1.8 pap-line-rule-auto pap-spacing-before-2pt pap-spacing-after-2pt\"><span style=\"text-decoration: underline;\">1990s中后期：Nu-disco的出现</span></p>\n<p class=\"paragraph text-align-type-left pap-line-1.8 pap-line-rule-auto pap-spacing-before-2pt pap-spacing-after-2pt\">Nu-disco的早期发展与由 DJ Harvey 和 Gerry Rooney 创立的 Disco Edit 厂牌 Black Cock Records 关系密切，其主要活跃于 1993-1998 年。该厂牌专注于发布迪斯科曲目和一些受放克影响的摇滚的非官方授权的重新编辑。 它不是 90 年代唯一存在的 Disco Edit &ldquo;Bootleg（盗版）&rdquo;唱片公司，但它对这一代的House音乐制作人产生了巨大影响，激发了许多人挖掘已过气的流派并用Disco声音元素调整自己的House音乐作品。</p>\n<p class=\"paragraph text-align-type-left pap-line-1.8 pap-line-rule-auto pap-spacing-before-2pt pap-spacing-after-2pt\">&nbsp;</p>\n<p class=\"paragraph text-align-type-left pap-line-1.8 pap-line-rule-auto pap-spacing-before-2pt pap-spacing-after-2pt\">在 1990 年代中期，Nuphonic Records 是英国艺术家 Idjut Boys、Faze Action、 Raj Gupta 和 Crispin J Glover 的House厂牌，他们被认为是 nu-disco 的先驱。此外，以开创名为&ldquo;disco-dub&rdquo;的House音乐风格而闻名的 Idjut Boys 深受 1980 年代早期受 freestle和Dub Music影响的Post-disco舞曲的启发。Faze Action 是最早坚持借鉴迪斯科中使用的方法制作Live作品的House制作人之一。另外，DJ Dave Lee（Joey Negro）和 Crazy P 也被称为该流派的先驱。</p>\n<p class=\"paragraph text-align-type-left pap-line-1.8 pap-line-rule-auto pap-spacing-before-2pt pap-spacing-after-2pt\">&nbsp;</p>\n<p class=\"paragraph text-align-type-left pap-line-1.8 pap-line-rule-auto pap-spacing-before-2pt pap-spacing-after-2pt\">1997 年，DJ I-F 发布了曲目 Space Invaders Are Smoking Grass，该曲目基于Electro Funk的鼓组、80 年代 FM 合成器和声码器人声，以一己之力拉开了Electroclash运动的序幕，并将旋律优美的欧洲Electro-disco带回到夜店和舞池中。1999 年，I-F 发行了他&ldquo;Mixed Up In The Hague&rdquo;混音系列第一部，几乎完全由 Italo Disco 和 Eurodisco 组成，对后世形成了非常大的影响。</p>\n<p class=\"paragraph text-align-type-left pap-line-1.8 pap-line-rule-auto pap-spacing-before-2pt pap-spacing-after-2pt\">&nbsp;</p>\n<p class=\"paragraph text-align-type-left pap-line-1.8 pap-line-rule-auto pap-spacing-before-2pt pap-spacing-after-2pt\"><span style=\"text-decoration: underline;\">1990s后期~2000s中期：French House和Disco House的主流成功</span></p>\n<p class=\"paragraph text-align-type-left pap-line-1.8 pap-line-rule-auto pap-spacing-before-2pt pap-spacing-after-2pt\">1990 年代末到 2000 年代初，受迪斯科启发的舞曲流派开始流行；许多French house, Funky house, 以及Disco house歌曲闯入主流榜单。Kylie Minogue 的《Spinning Around》、Sophie Ellis-Bextor 的《Take Me Home》和《Murder on the Dancefloor》、Jamiroquai 的《Little L》和Freemasons的《Love on My Mind》等热门曲目均进入英国前十名单曲榜。此时，nu-disco 场景与Disco House和French House密切相关。</p>\n<p class=\"paragraph text-align-type-left pap-line-1.8 pap-line-rule-auto pap-spacing-before-2pt pap-spacing-after-2pt\">&nbsp;</p>\n<p class=\"paragraph text-align-type-left pap-line-1.8 pap-line-rule-auto pap-spacing-before-2pt pap-spacing-after-2pt\">早在 2002 年，&ldquo;nu-disco&rdquo;的说法就首次出现。2002 年，《独立报》将 nu-disco 描述为将&ldquo;现代技术和独到的制作&rdquo;应用于 70 年代的迪斯科和放克音乐的产物。2002年，Metro Area 的同名专辑发行，通常被认为是该流派中最有影响力N的专辑之一。这张专辑被《Resident Advisor》评为世纪最佳专辑第二位，被《Fact magazine》杂志评为世纪最佳专辑第19位。在 2000 年代初期，Nu-disco流派是舞曲音乐的支柱，直到 2000 年代中期，Electro House在商业上取得成功，才使 Nu-disco 从主流开始走下坡路并推动电子舞曲进一步发展。</p>\n<p class=\"paragraph text-align-type-left pap-line-1.8 pap-line-rule-auto pap-spacing-before-2pt pap-spacing-after-2pt\">&nbsp;</p>\n<p class=\"paragraph text-align-type-left pap-line-1.8 pap-line-rule-auto pap-spacing-before-2pt pap-spacing-after-2pt\"><span style=\"text-decoration: underline;\">2010s早期-至今：重返主流</span></p>\n<p class=\"paragraph text-align-type-left pap-line-1.8 pap-line-rule-auto pap-spacing-before-2pt pap-spacing-after-2pt\">2010 年代初期，诸如 Metronomy、Hercules &amp; Love Affair 和 Friendly Fires 等乐队开始在他们的歌曲中使用 Nu-disco 元素，将 Nu-disco 带回了主流流行和评论界。一些Nu-disco 艺术家如 Airplane 和 Soulwax 开始在顶级唱片公司发布作品并产生了巨大的影响力，而一些制作人则成为流行艺人某后的匿名推手。乐队 Chicken Lips 的成员 Steve Kotey 在 2012 年表示：&ldquo;排行榜中 30% 的音乐都带有这种迪斯科制作风格的感觉。制作人赋予它那种光芒，使其更适合收音机而不是你的 DJ 碟机。你可以在 Lady Gaga 的一些音乐中听到2003年曾流行的Chicken Lips的电子元素。&rdquo;</p>\n<p class=\"paragraph text-align-type-left pap-line-1.8 pap-line-rule-auto pap-spacing-before-2pt pap-spacing-after-2pt\">&nbsp;</p>\n<p class=\"paragraph text-align-type-left pap-line-1.8 pap-line-rule-auto pap-spacing-before-2pt pap-spacing-after-2pt\">2013 年，一些受Disco和Funk影响的歌曲成为热门，这次它们代表的是复古 1970 年代的风格。一位消息人士表示，这是自 1970 年代后期以来，流行音乐排行榜上的舞曲占比最多的时期。 该年度最大的Disco热门歌曲是 Daft Punk 的&ldquo;Get Lucky&rdquo;，其中吉他手是 Chic 的 Nile Rodgers。这首歌最初被认为有可能成为当年夏季最热门的作品。然而，它最终在 Billboard Hot 100 排行榜上排名第 2 位连续五周，落后于另一首火爆的Disco风格歌曲 Robin Thicke 的&ldquo;Blurred Lines&rdquo;，后者连续十二周时间在 Hot 100 排行榜上排名第一，成为2013夏天最受瞩目的音乐作品。总体来看，两首歌曲都受到全球范围内不同人群的广泛喜爱。</p>\n<p class=\"paragraph text-align-type-left pap-line-1.8 pap-line-rule-auto pap-spacing-before-2pt pap-spacing-after-2pt\">&nbsp;</p>\n<p class=\"paragraph text-align-type-left pap-line-1.8 pap-line-rule-auto pap-spacing-before-2pt pap-spacing-after-2pt\">从 2010 年代中期到 2020 年代初，这种受Disco影响的趋势仍在继续。许多主要的流行舞曲艺术家都涉足了这种风格。 Taylor Swift 和制作人 Ali Payami 将 nu-disco 的影响融入了 Swift 2015 年的单曲&ldquo;Style&rdquo;。2017年，Calvin Harris 发行了 nu-disco 和 funk 专辑 Funk Wav Bounces Vol.1，在英美排行榜上名列前茅。 Dua Lipa在2020年发行了nu-disco专辑《Future Nostalgia》，也闯入了多个国家的排行榜榜首，并在第 63 届格莱美颁奖典礼上获得年度专辑提名和获得最佳流行歌手专辑奖。这张专辑中有 nu-disco 单曲&ldquo;Don't Start Now&rdquo;，也在 2020 年初在 Billboard Hot 100 中排名第 2。同年，R&oacute;is&iacute;n Murphy 发行了 nu-disco 专辑《R&oacute;is&iacute;n Machine》，获得了广泛的好评，并占据了许多榜单的年终榜首。</p>\n<p class=\"paragraph text-align-type-left pap-line-1.8 pap-line-rule-auto pap-spacing-before-2pt pap-spacing-after-2pt\">&nbsp;</p>\n<p class=\"paragraph text-align-type-left pap-line-1.8 pap-line-rule-auto pap-spacing-before-2pt pap-spacing-after-2pt\">2020 年 5 月，前身为夜总会和 70 年代Disco文化中心的 Studio 54 推出了名为 Studio 54 Music 的厂牌，其中作品就包含 Don Ray 和 T-Connection 重新创作的经典俱乐部Disco曲目的新版本。</p>\n<p class=\"paragraph text-align-type-left pap-line-1.8 pap-line-rule-auto pap-spacing-before-2pt pap-spacing-after-2pt\">&nbsp;</p>\n<p class=\"paragraph text-align-type-left pap-line-1.8 pap-line-rule-auto pap-spacing-before-2pt pap-spacing-after-2pt\"><strong>特征</strong></p>\n<p class=\"paragraph text-align-type-left pap-line-1.8 pap-line-rule-auto pap-spacing-before-2pt pap-spacing-after-2pt\"><span style=\"text-decoration: underline;\">Drum groove（鼓点律动）</span></p>\n<p class=\"paragraph text-align-type-left pap-line-1.8 pap-line-rule-auto pap-spacing-before-2pt pap-spacing-after-2pt\">由于 Nu-disco 首先是一种舞曲类型，因此鼓点律动是必不可少的部分。基于 Chic、Sister Sledge 和其他人的经典Disco作品，它们通常以four-on-the-floor节拍为特色，律动是规律有机、灵动活泼的感觉。 在某些情况下，制作人会直接对这些鼓点进行采样。洛杉矶制作人 Goldroom 在诸如&ldquo;Waiting to Ignite&rdquo;之类的曲目中使用了受House和Disco影响的鼓点节奏。</p>\n<p class=\"paragraph text-align-type-left pap-line-1.8 pap-line-rule-auto pap-spacing-before-2pt pap-spacing-after-2pt\">&nbsp;</p>\n<p class=\"paragraph text-align-type-left pap-line-1.8 pap-line-rule-auto pap-spacing-before-2pt pap-spacing-after-2pt\"><span style=\"text-decoration: underline;\">现场乐器</span></p>\n<p class=\"paragraph text-align-type-left pap-line-1.8 pap-line-rule-auto pap-spacing-before-2pt pap-spacing-after-2pt\">虽然现代制作中合成声音很多，但在Disco传统中，许多 nu-disco 唱片都是由吉他或贝斯乐曲驱动的。吉他手、制作人和词曲作者Nile Rodger在 1970 年代的 Chic 和 2013 年的 Daft Punk 将 Riff 演奏带到了Disco乃至整个流行音乐行业的最前沿。其他著名的现代例子包括 Breakbot 的&ldquo;Baby I'm Yours&rdquo;和 Classixx 的&ldquo;Holding On&rdquo;。Luxxury 的&ldquo;Be Good 2 Me&rdquo;是将现场乐器（Bass、吉他、人声）与采样（节拍、打击乐）混合的一个例子。</p>\n<p class=\"paragraph text-align-type-left pap-line-1.8 pap-line-rule-auto pap-spacing-before-2pt pap-spacing-after-2pt\">&nbsp;</p>\n<p class=\"paragraph text-align-type-left pap-line-1.8 pap-line-rule-auto pap-spacing-before-2pt pap-spacing-after-2pt\"><span style=\"text-decoration: underline;\">合成器</span></p>\n<p class=\"paragraph text-align-type-left pap-line-1.8 pap-line-rule-auto pap-spacing-before-2pt pap-spacing-after-2pt\">与其他电子流派一样，nu-disco 制作人使用数字和模拟合成器来创建旋律和和声乐句，为他们的作品添加氛围和色彩。 Gigamesh 使用高度合成的声音，同时在&ldquo;Back to Life&rdquo;等曲目中仍保留老派的影响，而 Poolside 使用氛围合成器来补充他们在&ldquo;Do You Being&rdquo;中的鼓、贝斯和吉他声音。</p>\n<p class=\"paragraph text-align-type-left pap-line-1.8 pap-line-rule-auto pap-spacing-before-2pt pap-spacing-after-2pt\">&nbsp;</p>\n<p class=\"paragraph text-align-type-left pap-line-1.8 pap-line-rule-auto pap-spacing-before-2pt pap-spacing-after-2pt\"><span style=\"text-decoration: underline;\">编曲</span></p>\n<p class=\"paragraph text-align-type-left pap-line-1.8 pap-line-rule-auto pap-spacing-before-2pt pap-spacing-after-2pt\">与其Disco前身不同，nu-disco 和 disco house 并不依赖于对现代流行乐至关重要的歌曲形式。 nu-disco 没有遵循传统的 verse-chorus 模型，而是倾向于采用电子音乐中的特点，具有更多冗长、重复的部分，缓慢上升到副歌然后再下降。Nu-disco作品使用滤波、采样和其他细微的声音或律动变化使原本单调的乐句栩栩如生，使人们随着时间的推移仍想要继续保持舞动。 Daft Punk 的&ldquo;One More Time&rdquo;被认为是&ldquo;filter disco&rdquo;应用最具影响力的作品之一。</p>\n<p class=\"paragraph text-align-type-left pap-line-1.8 pap-line-rule-auto pap-spacing-before-2pt pap-spacing-after-2pt\">&nbsp;</p>\n<p class=\"paragraph text-align-type-left pap-line-1.8 pap-line-rule-auto pap-spacing-before-2pt pap-spacing-after-2pt\"><strong>Nu-disco与其关联风格</strong></p>\n<p class=\"paragraph text-align-type-left pap-line-1.8 pap-line-rule-auto pap-spacing-before-2pt pap-spacing-after-2pt\">有一些风格场景与nu-disco相关，其中一个被描述为融合了迪斯科元素的house音乐(有时被错误地称为disco house)，以及受迪斯科影响的balearic音乐，也被称为balearic beat revival或balearica。</p>\n<p class=\"paragraph text-align-type-left pap-line-1.8 pap-line-rule-auto pap-spacing-before-2pt pap-spacing-after-2pt\">&nbsp;</p>\n<p class=\"paragraph text-align-type-left pap-line-1.8 pap-line-rule-auto pap-spacing-before-2pt pap-spacing-after-2pt\">Nu-disco经常与其他受迪斯科影响的House音乐类型混淆，比如French House或Disco House。与Nu-disco所依赖的常规编曲或现场的乐器相比，French house有大量的采样制作。另一个关键的区别是在歌曲结构上，nu -disco通常有典型的流行音乐或经典迪斯科歌曲的歌曲结构，有各种各样的分解，通常有主歌和副歌，而disco house通常有一个更恒定和持续的结构特征，就像大多数的house音乐一样。</p>\n<p class=\"paragraph text-align-type-left pap-line-1.8 pap-line-rule-auto pap-spacing-before-2pt pap-spacing-after-2pt\">&nbsp;</p>\n<p class=\"paragraph text-align-type-left pap-line-1.8 pap-line-rule-auto pap-spacing-before-2pt pap-spacing-after-2pt\"><strong>知名厂牌</strong></p>\n<p class=\"paragraph text-align-type-left pap-line-1.8 pap-line-rule-auto pap-spacing-before-2pt pap-spacing-after-2pt\">Black Cock Records（英国）由 DJ Harvey 创立，主要在 1990 年代运营。该厂牌发行迪斯科混音并重新编辑，并鼓励厂牌的许多年轻 DJ 将迪斯科元素融入他们的House混音中，尽管Disco当时已经过时。</p>\n<p class=\"paragraph text-align-type-left pap-line-1.8 pap-line-rule-auto pap-spacing-before-2pt pap-spacing-after-2pt\">&nbsp;</p>\n<p class=\"paragraph text-align-type-left pap-line-1.8 pap-line-rule-auto pap-spacing-before-2pt pap-spacing-after-2pt\">Nuphonic Records（英国）发行了一系列电子音乐流派和子流派作品，在 1990 年代和 2000 年代初期帮助打造了许多知名艺人，包括 Faze Action 和 Raj Gupta，并且也是不同流派间协作、融合的早期先驱之一，以及在迪斯科舞厅及其他地方的现场表演。该厂牌被认为是&ldquo;nu-disco&rdquo;这种说法的起源。</p>\n<p class=\"paragraph text-align-type-left pap-line-1.8 pap-line-rule-auto pap-spacing-before-2pt pap-spacing-after-2pt\">&nbsp;</p>\n<p class=\"paragraph text-align-type-left pap-line-1.8 pap-line-rule-auto pap-spacing-before-2pt pap-spacing-after-2pt\">DFA Records (美国纽约) 最初由 James Murphy 创立，作为发布他和他的乐队 LCD Soundsystem 音乐的平台。该厂牌已经发行了许多Dance Rock和Nu-Disco艺术家的作品，包括 The Rapture 和Nu-disco/电子项目 The Juan MacLean。</p>\n<p class=\"paragraph text-align-type-left pap-line-1.8 pap-line-rule-auto pap-spacing-before-2pt pap-spacing-after-2pt\">&nbsp;</p>\n<p class=\"paragraph text-align-type-left pap-line-1.8 pap-line-rule-auto pap-spacing-before-2pt pap-spacing-after-2pt\">Roche Musique (法国) 是法国一个前卫的 nu-disco 和 chill electronica 厂牌。在21世纪10年代接过了&ldquo;French Touch&rdquo;的旗帜，代表人物包括 FKJ 和 Darius 等艺术家。</p>\n<p class=\"paragraph text-align-type-left pap-line-1.8 pap-line-rule-auto pap-spacing-before-2pt pap-spacing-after-2pt\">&nbsp;</p>\n<p class=\"paragraph text-align-type-left pap-line-1.8 pap-line-rule-auto pap-spacing-before-2pt pap-spacing-after-2pt\">Ballroom Records（美国）是一个现已停止运营的厂牌，它曾制作发行了大量未经授权的Disco-edits作品。</p>\n<p class=\"paragraph text-align-type-left pap-line-1.8 pap-line-rule-auto pap-spacing-before-2pt pap-spacing-after-2pt\">&nbsp;</p>\n<p class=\"paragraph text-align-type-left pap-line-1.8 pap-line-rule-auto pap-spacing-before-2pt pap-spacing-after-2pt\"><strong>知名艺人</strong></p>\n<p class=\"paragraph text-align-type-left pap-line-1.8 pap-line-rule-auto pap-spacing-before-2pt pap-spacing-after-2pt\">法国二人组 Daft Punk 对 nu-disco 以及与之相关的众多流派产生了重大影响。他们的专辑 Homework、获得格莱美奖的 Random Access Memories 和 Discovery 包含对经典迪斯科唱片的重新诠释，并且他们与 Nile Rodgers 合作制作了热门单曲&ldquo;Get Lucky&rdquo;。尽管法国House场景中的许多法国艺术家都制作了与 nu-disco 相关的音乐，但 Daft Punk 是国际上最知名的名字。</p>\n<p class=\"paragraph text-align-type-left pap-line-1.8 pap-line-rule-auto pap-spacing-before-2pt pap-spacing-after-2pt\">&nbsp;</p>\n<p class=\"paragraph text-align-type-left pap-line-1.8 pap-line-rule-auto pap-spacing-before-2pt pap-spacing-after-2pt\">来自巴黎的另一位法国艺术家 Dimitri 也与这一流派密切相关。他没有专注于 1970 年代的流行唱片，而是不拘一格的使用例如 1950 年代的爵士乐、拉丁异国情调和电影配乐等作为采样素材。</p>\n<p class=\"paragraph text-align-type-left pap-line-1.8 pap-line-rule-auto pap-spacing-before-2pt pap-spacing-after-2pt\">&nbsp;</p>\n<p class=\"paragraph text-align-type-left pap-line-1.8 pap-line-rule-auto pap-spacing-before-2pt pap-spacing-after-2pt\">挪威制作人 Hans-Peter Lindstr&oslash;m 在欧洲Club场景中开创了一种新声音，成为 nu-disco 的先驱。凭借从乡村和摇滚到福音和爵士乐的音乐背景，Lindstr&oslash;m享誉国际的&ldquo;Norse House&rdquo;唤起了对 1970 年代迪斯科许多元素的记忆。与这类分支有关的其他挪威制作人包括 Lindstr&oslash;m 的工作拍档 Prins Thomas 和门生 Todd Terje。</p>\n</div>\n</div>\n<p class=\"paragraph text-align-type-left pap-line-1.8 pap-line-rule-auto pap-spacing-before-2pt pap-spacing-after-2pt\">&nbsp;</p>\n<p class=\"paragraph text-align-type-left pap-line-1.8 pap-line-rule-auto pap-spacing-before-2pt pap-spacing-after-2pt\">&nbsp;</p>\n<div>\n<div class=\"document\">\n<p class=\"paragraph text-align-type-left pap-line-1.8 pap-line-rule-auto pap-spacing-before-2pt pap-spacing-after-2pt\">&nbsp;</p>\n</div>\n</div>\n</div>",
 "contentEn": "<div>\n<div class=\"document\">\n<div>\n<div class=\"document\">\n<p class=\"paragraph text-align-type-left pap-line-1.8 pap-line-rule-auto pap-spacing-before-2pt pap-spacing-after-2pt\">Nu-disco is a 21st-century dance music genre associated with a renewed interest in the late 1970s US disco,synthesizer-heavy 1980s European dance music styles, and early 1990s electronic dance music.The genre was especially popular in the first half of the 2000s, and experienced another mild resurgence through the 2010s.</p>\n<p class=\"paragraph text-align-type-left pap-line-1.8 pap-line-rule-auto pap-spacing-before-2pt pap-spacing-after-2pt\">&nbsp;</p>\n<p class=\"paragraph text-align-type-left pap-line-1.8 pap-line-rule-auto pap-spacing-before-2pt pap-spacing-after-2pt\">There are several scenes associated with the nu-disco term, the original one is characterized as house music fused with disco elements (sometimes incorrectly referred to as disco house),and disco-influenced balearic music, also known as balearic beat revival or balearica.</p>\n<p class=\"paragraph text-align-type-left pap-line-1.8 pap-line-rule-auto pap-spacing-before-2pt pap-spacing-after-2pt\">&nbsp;</p>\n<p class=\"paragraph text-align-type-left pap-line-1.8 pap-line-rule-auto pap-spacing-before-2pt pap-spacing-after-2pt\">Nu-disco is often confused with the other disco-influenced house music genres, such as French house or disco house. French house has heavily sample based production, compared to the usually programmed or live original instrumentation that nu-disco relies on.The other key difference is in the song structure - nu-disco usually have the typical song structure of pop or classic disco song, with various breakdowns, and often with verses and a chorus, whereas disco house generally has a more constant and unvaried character throughout,as the most of house music.</p>\n</div>\n</div>\n<p class=\"paragraph text-align-type-left pap-line-1.8 pap-line-rule-auto pap-spacing-before-2pt pap-spacing-after-2pt\">&nbsp;</p>\n<p class=\"paragraph text-align-type-left pap-line-1.8 pap-line-rule-auto pap-spacing-before-2pt pap-spacing-after-2pt\">History</p>\n<p class=\"paragraph text-align-type-left pap-line-1.8 pap-line-rule-auto pap-spacing-before-2pt pap-spacing-after-2pt\">&nbsp;</p>\n<p class=\"paragraph text-align-type-left pap-line-1.8 pap-line-rule-auto pap-spacing-before-2pt pap-spacing-after-2pt\">Disco s: 1970s&ndash;early 1990s</p>\n<p class=\"paragraph text-align-type-left pap-line-1.8 pap-line-rule-auto pap-spacing-before-2pt pap-spacing-after-2pt\">Disco s or re-s emerged at the same time as disco appeared in the early 1970s when DJs were looking for ways to make music easier to mix.[8] Disco is a modified version of the original master, ed by disco and house DJs to extend and emphasize the best and most dance-friendly elements. Todd Terje's of the Bee Gees hit \"You Should Be Dancing\" does exactly that, downplaying the old-school vocal riffs in favour of driving bass, lively percussion, and an overall sense of space.[9]</p>\n<p class=\"paragraph text-align-type-left pap-line-1.8 pap-line-rule-auto pap-spacing-before-2pt pap-spacing-after-2pt\">&nbsp;</p>\n<p class=\"paragraph text-align-type-left pap-line-1.8 pap-line-rule-auto pap-spacing-before-2pt pap-spacing-after-2pt\">In the early days, s were done with scissors and tape. Some s became even more popular than the original records that they came from, hence, the early ors, such as Walter Gibbons, earned reputation and studio career from their ing work. Given the popularity of s, labels predominantly releasing s and remixes began to appear. The first one to arrive was Disconet in 1977, followed by well-known DJ s services and labels such as Hot Tracks, Rhythm Stick and Razormaid.[8] Such labels remained active until the first half of the 1990s, when an increase of copyright issues gradually went out them of business.[8] But the scene's activity didn't fade away, it went underground, where many disco s labels continue to exist nowadays, such as Brooklyn's influential Razor-N-Tape.[10]</p>\n<p class=\"paragraph text-align-type-left pap-line-1.8 pap-line-rule-auto pap-spacing-before-2pt pap-spacing-after-2pt\">&nbsp;</p>\n<p class=\"paragraph text-align-type-left pap-line-1.8 pap-line-rule-auto pap-spacing-before-2pt pap-spacing-after-2pt\">Emergence of nu-disco: mid-1990s&ndash;late 1990s</p>\n<p class=\"paragraph text-align-type-left pap-line-1.8 pap-line-rule-auto pap-spacing-before-2pt pap-spacing-after-2pt\">The early developments of the genre are linked with the Black Cock Records, disco s label, primarily active in 1993-1998, founded by DJ Harvey and Gerry Rooney.[11] The label was focused on releasing non-official re-s of disco tracks and some funk-influenced rock.[11] It was not the only existing disco s bootleg label in the 1990s, but had a huge impact on a generation of house music producers, inspiring many in digging decadent genre and adjusting their own house music productions with disco-sounding elements.[11]</p>\n<p class=\"paragraph text-align-type-left pap-line-1.8 pap-line-rule-auto pap-spacing-before-2pt pap-spacing-after-2pt\">&nbsp;</p>\n<p class=\"paragraph text-align-type-left pap-line-1.8 pap-line-rule-auto pap-spacing-before-2pt pap-spacing-after-2pt\">In the mid-1990s Nuphonic Records was the house label for British artists Idjut Boys, Faze Action,[12] Raj Gupta and Crispin J Glover,[11] which are considered to be the pioneers of nu-disco.[3] The Idjut Boys, best known for pioneering a house music style called \"disco-dub\" were heavily inspired by the freestyle and dub-influenced, post-disco dance sounds of the early 1980s.[11] Faze Action were one of the first house production units to make \"all live\" productions that insisted on drawing on methods used in disco.[11] DJ Dave Lee aka Joey Negro and Crazy P are also called to be the pioneers of the genre.[3]</p>\n<p class=\"paragraph text-align-type-left pap-line-1.8 pap-line-rule-auto pap-spacing-before-2pt pap-spacing-after-2pt\">&nbsp;</p>\n<p class=\"paragraph text-align-type-left pap-line-1.8 pap-line-rule-auto pap-spacing-before-2pt pap-spacing-after-2pt\">In 1997, DJ I-F released the track Space Invaders Are Smoking Grass, a track based around electro-funk drum patterns, 80s FM synth stabs and vocoder vocals, that single-handedly started the electroclash movement, and brought melodic, European sounding electro-disco back to clubs and DJ sets.[11] In 1999, I-F released the first of his \"Mixed Up In The Hague\" mixes, made up almost entirely of Italo disco and Eurodisco, which became hugely influential.[11]</p>\n<p class=\"paragraph text-align-type-left pap-line-1.8 pap-line-rule-auto pap-spacing-before-2pt pap-spacing-after-2pt\">&nbsp;</p>\n<p class=\"paragraph text-align-type-left pap-line-1.8 pap-line-rule-auto pap-spacing-before-2pt pap-spacing-after-2pt\">Mainstream success, French house and disco house synonym: late 1990s&ndash;mid-2000s</p>\n<p class=\"paragraph text-align-type-left pap-line-1.8 pap-line-rule-auto pap-spacing-before-2pt pap-spacing-after-2pt\">In the late 1990s to early 2000s, disco-inspired dance genres became popular; many French house, funky house, and disco house songs broke into the charts.[11] Popular tracks such as Kylie Minogue's \"Spinning Around\", Sophie Ellis-Bextor's \"Take Me Home\" and \"Murder on the Dancefloor\", Jamiroquai's \"Little L\", and Freemasons \"Love on My Mind\" all made the top ten of the UK Singles Chart. By this time, the nu-disco scene was heavily associated with disco house[7] and French house.[12]</p>\n<p class=\"paragraph text-align-type-left pap-line-1.8 pap-line-rule-auto pap-spacing-before-2pt pap-spacing-after-2pt\">&nbsp;</p>\n<p class=\"paragraph text-align-type-left pap-line-1.8 pap-line-rule-auto pap-spacing-before-2pt pap-spacing-after-2pt\">The moniker \"nu-disco\" first appeared in print as early as 2002. In 2002, The Independent described nu-disco as the result of applying \"modern technology and pin-sharp production\" to 1970s disco and funk.[13] Metro Area's self-titled album, released in 2002, is often regarded as one of the most influential albums in the genre.[11] The album named the second best album of the decade by Resident Advisor[14] and the best nineteenth of the decade by Fact magazine.[15] In the early 2000s the genre was a dance music mainstay,[12] right until the mid-2000s when electro house gained commercial success, leaving nu-disco in decline from mainstream and pushing it to further development.[3]</p>\n<p class=\"paragraph text-align-type-left pap-line-1.8 pap-line-rule-auto pap-spacing-before-2pt pap-spacing-after-2pt\">&nbsp;</p>\n<p class=\"paragraph text-align-type-left pap-line-1.8 pap-line-rule-auto pap-spacing-before-2pt pap-spacing-after-2pt\">Decline in popularity and development: mid-2000s&ndash;late 2000s</p>\n<p class=\"paragraph text-align-type-left pap-line-1.8 pap-line-rule-auto pap-spacing-before-2pt pap-spacing-after-2pt\">In the 2000s nu-disco gained a new sound, which was developed in various local scenes:</p>\n<p class=\"paragraph text-align-type-left pap-line-1.8 pap-line-rule-auto pap-spacing-before-2pt pap-spacing-after-2pt\">&nbsp;</p>\n<p class=\"paragraph text-align-type-left pap-line-1.8 pap-line-rule-auto pap-spacing-before-2pt pap-spacing-after-2pt\">Norwegian disco,[2][16][17] a fusion of space disco with nu-disco, notable artists are Lindstr&oslash;m,[2] Prins Thomas[17] and Todd Terje.[17][18]</p>\n<p class=\"paragraph text-align-type-left pap-line-1.8 pap-line-rule-auto pap-spacing-before-2pt pap-spacing-after-2pt\">Balearica[6] or Balearic beat revival,[19] a European scene, highly influenced by Balearic house, mostly presented by Belgian act Aeroplane and other European producers.[20][21]</p>\n<p class=\"paragraph text-align-type-left pap-line-1.8 pap-line-rule-auto pap-spacing-before-2pt pap-spacing-after-2pt\">European synth-driven nu-disco, influenced by Italo disco, 1980s synth-pop and new wave,[22] pioneered by Lifelike [fr][22][23] and Kris Menace,[24] the scene later outgrew into synthwave movement.[25]</p>\n<p class=\"paragraph text-align-type-left pap-line-1.8 pap-line-rule-auto pap-spacing-before-2pt pap-spacing-after-2pt\">The Australian scene,[7] which crosses boundaries with indietronica and indie dance, notable artists are Miami Horror[26] and Bag Raiders.[27]</p>\n<p class=\"paragraph text-align-type-left pap-line-1.8 pap-line-rule-auto pap-spacing-before-2pt pap-spacing-after-2pt\">In July 2008 Beatport added genre category \"Nu Disco / Indie Dance\", stating that nu-disco is \"everything that springs from the late '70s and early '80s (electronic) disco, boogie, cosmic, Balearic and Italo disco continuum\".[1] Originally, service associated it with re-s of classic disco records and a handful of European electronic producers who made music in that style. It was used alongside alternative dance up until September 2019, when Beatport separated categories into two, leaving nu-disco in \"Nu Disco / Disco\".[28]</p>\n<p class=\"paragraph text-align-type-left pap-line-1.8 pap-line-rule-auto pap-spacing-before-2pt pap-spacing-after-2pt\">&nbsp;</p>\n<p class=\"paragraph text-align-type-left pap-line-1.8 pap-line-rule-auto pap-spacing-before-2pt pap-spacing-after-2pt\">In 2008 Spin magazine stated that disco is experiencing a worldwide renaissance, with a flowering of new labels, compilations, and club nights, calling the disco of the 21st century seedy, underground, and punk in attitude.[2] The magazine pointed that Eurodisco sound, including instrumental space disco and the late-1970s&mdash;early-1980s Italo disco, was the main influence on the nu-disco scene of that time.[2]</p>\n<p class=\"paragraph text-align-type-left pap-line-1.8 pap-line-rule-auto pap-spacing-before-2pt pap-spacing-after-2pt\">&nbsp;</p>\n<p class=\"paragraph text-align-type-left pap-line-1.8 pap-line-rule-auto pap-spacing-before-2pt pap-spacing-after-2pt\">Tensnake's single \"Coma Cat\" hit the European charts in 2010 and was one of the most successful nu-disco tracks of that time.[29]</p>\n<p class=\"paragraph text-align-type-left pap-line-1.8 pap-line-rule-auto pap-spacing-before-2pt pap-spacing-after-2pt\">&nbsp;</p>\n<p class=\"paragraph text-align-type-left pap-line-1.8 pap-line-rule-auto pap-spacing-before-2pt pap-spacing-after-2pt\">Back to mainstream: early 2010s&ndash;present</p>\n<p class=\"paragraph text-align-type-left pap-line-1.8 pap-line-rule-auto pap-spacing-before-2pt pap-spacing-after-2pt\">In the early 2010s, bands such as Metronomy, Hercules &amp; Love Affair[12] and Friendly Fires started using nu-disco elements in their songs, bringing nu-disco back to mainstream popularity and critical acclaim.[3][12] Nu-disco artists Aeroplane and Soulwax became massively influential and have been released on major labels, while other producers are commissioned anonymously to work for pop acts.[3] Steve Kotey, a member of cult band Chicken Lips, said in 2012: \"30 percent of music in the charts have the feeling of this left-field disco production style in it. The producers give it that kind of shine that makes it more for radio than your DJ box. You can hear the electronic Chicken Lips stuff that was prevalent in 2003 in some of Lady Gaga's music\".[3]</p>\n<p class=\"paragraph text-align-type-left pap-line-1.8 pap-line-rule-auto pap-spacing-before-2pt pap-spacing-after-2pt\">&nbsp;</p>\n<p class=\"paragraph text-align-type-left pap-line-1.8 pap-line-rule-auto pap-spacing-before-2pt pap-spacing-after-2pt\">In 2013, several disco- and funk-influenced songs charted as top hits, this time in a 1970s style. One source stated that the pop charts had more dance songs than at any other point since the late 1970s.[30] The biggest nu-disco hit of the year was \"Get Lucky\" by Daft Punk, featuring Chic's Nile Rodgers on guitar.[30] The song was initially thought likely to be a leading candidate to become the summer's biggest hit that year; however, the song ended up peaking at number 2 on the Billboard Hot 100 chart for five weeks behind another major disco-styled song, Robin Thicke's \"Blurred Lines\", which spent twelve weeks at number 1 on the Hot 100, and in the process became the eventual song of the summer itself.[30] Both were popular with a wide variety of demographic groups.[30]</p>\n<p class=\"paragraph text-align-type-left pap-line-1.8 pap-line-rule-auto pap-spacing-before-2pt pap-spacing-after-2pt\">&nbsp;</p>\n<p class=\"paragraph text-align-type-left pap-line-1.8 pap-line-rule-auto pap-spacing-before-2pt pap-spacing-after-2pt\">From the mid-2010s to early 2020s, the trend continued. Many major dance-pop artists dabbled into the style. Taylor Swift and producer Ali Payami incorporated nu-disco influences into Swift's 2015 single \"Style\".[31] Calvin Harris released the nu-disco and funk[32] album Funk Wav Bounces Vol. 1 in 2017, which reached high positions on the British and American charts. Dua Lipa released the nu-disco[33] album Future Nostalgia in 2020, which also broke into the tops of the charts in many countries. The album also spawned the nu-disco single \"Don't Start Now\", which peaked at number 2 on the Billboard Hot 100 in early 2020,[34] the album was nominated for Album of the Year at the 63rd Annual Grammy Awards, and won Best Pop Vocal Album. Same year R&oacute;is&iacute;n Murphy released nu-disco album R&oacute;is&iacute;n Machine, which has received widespread critical acclaim and occupied many end-year tops.</p>\n<p class=\"paragraph text-align-type-left pap-line-1.8 pap-line-rule-auto pap-spacing-before-2pt pap-spacing-after-2pt\">&nbsp;</p>\n<p class=\"paragraph text-align-type-left pap-line-1.8 pap-line-rule-auto pap-spacing-before-2pt pap-spacing-after-2pt\">In May 2020, Studio 54, the former nightclub and 1970s center of disco culture, launched a record label called Studio 54 Music, featuring newly re-imagined versions of classic club disco tracks by Don Ray and T-Connection.[35</p>\n<p class=\"paragraph text-align-type-left pap-line-1.8 pap-line-rule-auto pap-spacing-before-2pt pap-spacing-after-2pt\">&nbsp;</p>\n<p>Characteristics</p>\n<p>Drum groove <br />Since nu-disco is a dance genre first and foremost, the drum grooves are an essential part. They often feature four-on-the-floor beats with an organic, lively feel based on the sounds of classic disco recordings by Chic, Sister Sledge, and others.[36] In some cases, producers will sample these grooves directly.</p>\n<p>Live instrumentation <br />While modern production is abundant with synthesized sounds, many nu-disco records are, in the disco tradition, driven by guitar or bass licks. Guitarist, producer, and songwriter Nile Rodgers brought riffs to the forefront of the groove with Chic in the 1970s and again with Daft Punk in 2013.[36] Other notable modern examples include \"Baby I'm Yours\" by Breakbot and \"Holding On\" by Classixx.[37] \"Be Good 2 Me\" by Luxxury is an example of mixing live instrumentation (bass, gtr, vocals) with samples (beats, percussion).</p>\n<p>Synthesizers <br />As with other electronic genres, nu-disco producers use both digital and analog synths to create melodic and harmonic lines, and add ambiance and color to their records. Gigamesh uses a heavily synthesized sound while still retaining old-school influences in tracks such as \"Back to Life\", and Poolside uses atmospheric synths to complement their drum, bass, and guitar sounds in \"Do You Believe\".[37]</p>\n<p>Arrangement <br />Unlike its disco precursors, nu-disco and disco house are not beholden to song forms that are essential to the modern pop idiom. Rather than following the traditional verse-chorus model, nu-disco tends to take after its electronic cousins, with more drawn-out, repetitive sections that slowly ramp up to the chorus and back down again. Otherwise monotonous lines are brought to life with the use of filters, samples, and other subtle changes in the sound or groove over time in ways that make people want to keep dancing. Daft Punk's \"One More Time\" is considered one of the most influential examples of the application of \"filter disco.\"[38]</p>\n<p>&nbsp;</p>\n<p>Notable labels</p>\n<p>Black Cock Records (UK) was founded by DJ Harvey, and operated primarily in the 1990s. The label issued disco mixes and re-s, and encouraged many young DJs on the label to incorporate disco elements into their house mixes, despite it being out of fashion at the time.[11]<br />Nuphonic Records (UK), which carries releases from a range of electronic genres and subgenres, helped launch a number of acts in the 1990s and early 2000s including Faze Action and Raj Gupta, and was one of the early pioneers of collaboration, fusion of genres, and live performance in disco house and beyond. The label has been suggested as the origin of the phrase \"nu-disco\".[39]<br />DFA Records (NYC) was initially started by James Murphy as a platform to launch his and his band LCD Soundsystem's music. The label has released records from a number of dance rock and nu-disco acts, including its very first hit with The Rapture and nu-disco/electronica project The Juan MacLean.[40]<br />Roche Musique (FR) is a progressive nu-disco and chill electronica label on the French scene. Citing the importance of the \"French Touch\", artists such as FKJ and Darius have released records on the label.[41]<br />Ballroom Records (US) is a now defunct label that produced a large number of bootleg re-s released as white labels.</p>\n<p>&nbsp;</p>\n<p>Notable artists</p>\n<p>See also: Category:Nu-disco musicians<br />French duo Daft Punk has had a significant influence on nu-disco and numerous genres related to it. Their albums Homework, the Grammy-winning Random Access Memories and Discovery contain several reinterpretations of classic disco records, and they collaborated with Nile Rodgers on the hit single \"Get Lucky\". Although many French artists in the French house scene have produced music associated with nu-disco, Daft Punk are the most recognised name in the scene internationally.[42]<br />Dimitri From Paris, another French artist, is also strongly associated with the genre.[11] Rather than focusing on 1970s pop records, he uses eclectic sources for samples such as 1950s jazz, Latin exotica, and film soundtracks.[43]<br />Norwegian producer Hans-Peter Lindstr&oslash;m pioneered a new sound in European clubs that became a precursor to nu-disco. With a musical background spanning from country and rock to gospel and jazz,[44] Lindstrom's \"Norse House\", which has gained an international reputation, evoked many of the elements of 1970s disco. Other Norwegian producers connected to the scene are Lindstrom's studio mate Prins Thomas and protege Todd Terje.[45]</p>\n<p>&nbsp;</p>\n<div>\n<div class=\"document\">\n<p class=\"paragraph text-align-type-left pap-line-1.8 pap-line-rule-auto pap-spacing-before-2pt pap-spacing-after-2pt\">References</p>\n<p class=\"paragraph text-align-type-left pap-line-1.8 pap-line-rule-auto pap-spacing-before-2pt pap-spacing-after-2pt\">&nbsp;</p>\n<p class=\"paragraph text-align-type-left pap-line-1.8 pap-line-rule-auto pap-spacing-before-2pt pap-spacing-after-2pt\">^ a b c \"Beatport launches nu disco / indie dance genre page\" (Press release). Beatport. 2008-07-30. Archived from the original on 2008-08-07. Retrieved 2008-08-08. Beatport is launching a new landing page, dedicated solely to the genres of \"nu disco\" and \"indie dance\".</p>\n<p class=\"paragraph text-align-type-left pap-line-1.8 pap-line-rule-auto pap-spacing-before-2pt pap-spacing-after-2pt\">^ a b c d e \"Spin Magazine - February 2008 - Reviews (Page 46)\". Spin: Digital archives. Spin Magazine. Archived from the original on 16 April 2009.</p>\n<p class=\"paragraph text-align-type-left pap-line-1.8 pap-line-rule-auto pap-spacing-before-2pt pap-spacing-after-2pt\">^ a b c d e f g \"The Joy Of Nu Disco\". www.prsformusic.com. Retrieved 2020-05-13.</p>\n<p class=\"paragraph text-align-type-left pap-line-1.8 pap-line-rule-auto pap-spacing-before-2pt pap-spacing-after-2pt\">^ Lowrey-Rasmussen, Logan (2016-06-29). \"3 Nu Disco / Disco House Tracks That Keep the Funk Alive In 2016\". relentlessbeats.com. Retrieved 2019-02-20.</p>\n<p class=\"paragraph text-align-type-left pap-line-1.8 pap-line-rule-auto pap-spacing-before-2pt pap-spacing-after-2pt\">^ Hutchinson, Kate. \"Dan Lissvik: Midnight review &acirc;&euro;&ldquo; suitably eclectic Balearic beat revival\". The Guardian. The Guardian. Retrieved 20 February 2019.</p>\n<p class=\"paragraph text-align-type-left pap-line-1.8 pap-line-rule-auto pap-spacing-before-2pt pap-spacing-after-2pt\">^ a b Herv&Atilde;&copy;. \"Moombahton, Nu-Jungle, Future Garage? Let Herv&Atilde;&copy; explain\". The Guardian. The Guardian. Retrieved 20 February 2019.</p>\n<p class=\"paragraph text-align-type-left pap-line-1.8 pap-line-rule-auto pap-spacing-before-2pt pap-spacing-after-2pt\">^ a b c d Grodzins, Quinn (2017-08-14). \"What We Like - Nu-Disco\". EDM Identity. Retrieved 2020-05-13.</p>\n<p class=\"paragraph text-align-type-left pap-line-1.8 pap-line-rule-auto pap-spacing-before-2pt pap-spacing-after-2pt\">^ a b c \"A 10 Track Guide To The Funky World Of Old-School Disco Re- Services\". Telekom Electronic Beats. 2019-06-26. Retrieved 2021-03-28.</p>\n<p class=\"paragraph text-align-type-left pap-line-1.8 pap-line-rule-auto pap-spacing-before-2pt pap-spacing-after-2pt\">^ \"Starter: Todd Terje: 15 Essential Rarities.\" Pitchfork. Retrieved 2015-12-08.</p>\n<p class=\"paragraph text-align-type-left pap-line-1.8 pap-line-rule-auto pap-spacing-before-2pt pap-spacing-after-2pt\">^ \"10 of the most influential disco labels of the last decade\". Mixmag. Retrieved 2021-03-28.</p>\n<p class=\"paragraph text-align-type-left pap-line-1.8 pap-line-rule-auto pap-spacing-before-2pt pap-spacing-after-2pt\">^ a b c d e f g h i j k l \"Every summer is 'The Summer Of Disco': Your essential 'Nu-Disco' primer (part one)\". DangerousMinds. 2013-06-04. Retrieved 2020-05-13.</p>\n<p class=\"paragraph text-align-type-left pap-line-1.8 pap-line-rule-auto pap-spacing-before-2pt pap-spacing-after-2pt\">^ a b c d e \"MN2S Genre Focus: Nu Disco | Features\". MN2S. 2017-05-30. Retrieved 2020-05-13.</p>\n<p class=\"paragraph text-align-type-left pap-line-1.8 pap-line-rule-auto pap-spacing-before-2pt pap-spacing-after-2pt\">^ Nash, Rob (2002-10-19). \"Clubs: New Releases: Tutto Matto Hot Spot\". The Independent.</p>\n<p class=\"paragraph text-align-type-left pap-line-1.8 pap-line-rule-auto pap-spacing-before-2pt pap-spacing-after-2pt\">^ \"Top 100 albums of the '00s\". Resident Advisor. January 25, 2010. Retrieved March 19, 2010.</p>\n<p class=\"paragraph text-align-type-left pap-line-1.8 pap-line-rule-auto pap-spacing-before-2pt pap-spacing-after-2pt\">^ \"The 100 Best Albums of the 2000s\". Fact. December 1, 2010. Retrieved December 1, 2010.</p>\n<p class=\"paragraph text-align-type-left pap-line-1.8 pap-line-rule-auto pap-spacing-before-2pt pap-spacing-after-2pt\">^ \"An Introduction to Norwegian Disco\". Pitchfork. Retrieved 2020-05-13.</p>\n<p class=\"paragraph text-align-type-left pap-line-1.8 pap-line-rule-auto pap-spacing-before-2pt pap-spacing-after-2pt\">^ a b c \"A short guide to Norwegian space disco\". Red Bull. Retrieved 2020-05-13.</p>\n<p class=\"paragraph text-align-type-left pap-line-1.8 pap-line-rule-auto pap-spacing-before-2pt pap-spacing-after-2pt\">^ Baines, Josh (2016-04-13). \"A Bullshitter's Guide to Cosmic Disco\". Vice. Retrieved 2020-05-13.</p>\n<p class=\"paragraph text-align-type-left pap-line-1.8 pap-line-rule-auto pap-spacing-before-2pt pap-spacing-after-2pt\">^ Hutchinson, Kate (2016-06-09). \"Dan Lissvik: Midnight review &acirc;&euro;&ldquo; suitably eclectic Balearic beat revival\". The Guardian. ISSN 0261-3077. Retrieved 2020-05-13.</p>\n<p class=\"paragraph text-align-type-left pap-line-1.8 pap-line-rule-auto pap-spacing-before-2pt pap-spacing-after-2pt\">^ \"Aeroplane Biography\". ResidentAdvisory. Retrieved 20 February 2019.</p>\n<p class=\"paragraph text-align-type-left pap-line-1.8 pap-line-rule-auto pap-spacing-before-2pt pap-spacing-after-2pt\">^ Lynskey, Dorian (2010-07-29). \"Vito de Luca of nu-disco hitmakers Aeroplane on becoming a one-man band\". The Guardian. ISSN 0261-3077. Retrieved 2020-05-13.</p>\n<p class=\"paragraph text-align-type-left pap-line-1.8 pap-line-rule-auto pap-spacing-before-2pt pap-spacing-after-2pt\">^ a b \"Lifelike\". Storms DJs. Retrieved 20 February 2019.</p>\n<p class=\"paragraph text-align-type-left pap-line-1.8 pap-line-rule-auto pap-spacing-before-2pt pap-spacing-after-2pt\">^ Mutton, Troy. \"Porsches - Horses (Lifelike Remix) [Premiere]\". Pilerats. Retrieved 20 February 2019.</p>\n<p class=\"paragraph text-align-type-left pap-line-1.8 pap-line-rule-auto pap-spacing-before-2pt pap-spacing-after-2pt\">^ \"KRIS MENACE : Features - CD - COMPUPHONIC - Forced Exposure\". www.forcedexposure.com. Retrieved 2020-05-13.</p>\n<p class=\"paragraph text-align-type-left pap-line-1.8 pap-line-rule-auto pap-spacing-before-2pt pap-spacing-after-2pt\">^ Andrew Zistler (2017-11-28). \"An Interview With LIFELIKE\". NewRetroWave - Stay Retro! | Live The 80's Dream!. Retrieved 2020-05-13.</p>\n<p class=\"paragraph text-align-type-left pap-line-1.8 pap-line-rule-auto pap-spacing-before-2pt pap-spacing-after-2pt\">^ \"Miami Horror: All Possible Futures\". PopMatters. 2015-05-06. Retrieved 2020-05-13.</p>\n<p class=\"paragraph text-align-type-left pap-line-1.8 pap-line-rule-auto pap-spacing-before-2pt pap-spacing-after-2pt\">^ \"Bag Raiders prep debut album\". Resident Advisor. Retrieved 2020-05-13.</p>\n<p class=\"paragraph text-align-type-left pap-line-1.8 pap-line-rule-auto pap-spacing-before-2pt pap-spacing-after-2pt\">^ CU; Pete (2019-09-04). \"Beatport Updates its 'Nu Disco' and 'Indie Dance' Genre Categories\". CU. Retrieved 2020-05-13.</p>\n<p class=\"paragraph text-align-type-left pap-line-1.8 pap-line-rule-auto pap-spacing-before-2pt pap-spacing-after-2pt\">^ \"Coma Cat - Defected\". Defected Records. Defected Records. Retrieved 20 February 2019.</p>\n<p class=\"paragraph text-align-type-left pap-line-1.8 pap-line-rule-auto pap-spacing-before-2pt pap-spacing-after-2pt\">^ a b c d \"It's Happy, It's Danceable and It May Rule Summer\". The New York Times. 30 May 2013.</p>\n<p class=\"paragraph text-align-type-left pap-line-1.8 pap-line-rule-auto pap-spacing-before-2pt pap-spacing-after-2pt\">^ Lansky, Sam (October 23, 2014). \"Review: 1989 Marks a Paradigm Swift\". Time. Archived from the original on November 1, 2014. Retrieved November 1, 2014.</p>\n<p class=\"paragraph text-align-type-left pap-line-1.8 pap-line-rule-auto pap-spacing-before-2pt pap-spacing-after-2pt\">^ \"Calvin Harris: Funk Wav Bounces Vol. 1\". Spectrum Culture. 2017-07-27. Retrieved 2020-05-13.</p>\n<p class=\"paragraph text-align-type-left pap-line-1.8 pap-line-rule-auto pap-spacing-before-2pt pap-spacing-after-2pt\">^ WHETHAM 03/30/20 9:26pm, ALEX. \"Dua Lipa's 'Future Nostalgia' is a slightly disappointing nu-disco dance party\". www.ubspectrum.com. Retrieved 2020-05-13.</p>\n<p class=\"paragraph text-align-type-left pap-line-1.8 pap-line-rule-auto pap-spacing-before-2pt pap-spacing-after-2pt\">^ \"Dua Lipa Chart History\". Billboard. 2020-05-18. Retrieved 2020-05-18.</p>\n<p class=\"paragraph text-align-type-left pap-line-1.8 pap-line-rule-auto pap-spacing-before-2pt pap-spacing-after-2pt\">^ Ruiz, Matthew Ismael. \"Studio 54 Launches Record Label\". Pitchfork. Retrieved 2020-05-21.</p>\n<p class=\"paragraph text-align-type-left pap-line-1.8 pap-line-rule-auto pap-spacing-before-2pt pap-spacing-after-2pt\">^ a b York, Edward Helmore in New. \"Disco's back as Nile Rodgers tops chart again\". the Guardian. Retrieved 2015-12-08.</p>\n<p class=\"paragraph text-align-type-left pap-line-1.8 pap-line-rule-auto pap-spacing-before-2pt pap-spacing-after-2pt\">^ a b \"Everything You Ever Needed To Know About Nu-Disco: Luke the Knife's To\". The Untz. Retrieved 2015-12-08.</p>\n<p class=\"paragraph text-align-type-left pap-line-1.8 pap-line-rule-auto pap-spacing-before-2pt pap-spacing-after-2pt\">^ \"Disco, Nu-Disco, What's the difference?\". Who's Jack?. Retrieved 2015-12-08.</p>\n<p class=\"paragraph text-align-type-left pap-line-1.8 pap-line-rule-auto pap-spacing-before-2pt pap-spacing-after-2pt\">^ \"Nuphonic Records : Encyclopedia of Popular Music - oi\". doi:10.1093/acref/9780195313734.013.71680.</p>\n<p class=\"paragraph text-align-type-left pap-line-1.8 pap-line-rule-auto pap-spacing-before-2pt pap-spacing-after-2pt\">^ \"Shut up and sell the hits: Jonathan Galkin on 15 years of DFA Records\". the Guardian. Retrieved 2015-12-08.</p>\n<p class=\"paragraph text-align-type-left pap-line-1.8 pap-line-rule-auto pap-spacing-before-2pt pap-spacing-after-2pt\">^ \"ROCHE MUSIQUE\". wanderlustparis.com. Archived from the original on 2015-12-10. Retrieved 2015-12-08.</p>\n<p class=\"paragraph text-align-type-left pap-line-1.8 pap-line-rule-auto pap-spacing-before-2pt pap-spacing-after-2pt\">^ \"How Daft Punk Saved Pop Music (and Doomed Us All) | SPIN\". Spin. Retrieved 2015-12-08.</p>\n<p class=\"paragraph text-align-type-left pap-line-1.8 pap-line-rule-auto pap-spacing-before-2pt pap-spacing-after-2pt\">^ \"Dimitri from Paris | Biography &amp; History | AllMusic\". AllMusic. Retrieved 2015-12-08.</p>\n<p class=\"paragraph text-align-type-left pap-line-1.8 pap-line-rule-auto pap-spacing-before-2pt pap-spacing-after-2pt\">^ \"RA: Lindstrom\". Resident Advisor. Retrieved 2015-12-08.</p>\n<p class=\"paragraph text-align-type-left pap-line-1.8 pap-line-rule-auto pap-spacing-before-2pt pap-spacing-after-2pt\">^ \"Every summer is 'The Summer Of Disco': Your essential 'Nu-Disco' primer (part two)\". DangerousMinds. 2013-06-07. Retrieved 2015-12-08.</p>\n</div>\n</div>\n</div>\n</div>",
 "remarks": "本词条汉字内容由 @多频百科团队 翻译+编辑\n原文译自https://en.wikipedia.org/wiki/Nu-disco",
 "remarksEn": "本词条内容来自 https://en.wikipedia.org/wiki/Nu-disco",
 "status": 1,
 "clickNum": 24,
 "deleted": 0,
 "lang": 0,
 "chooseLang": true,
 "id": 228,
 "name": "Nu-disco",
 "descriptions": "Nu-disco（直译为“新式的迪斯科”）是一种源自Disco，兴起于21世纪的舞曲类型，它与1970年代末的US disco、1980年代以合成器为主的欧洲舞曲风格以及90年代初的电子舞曲有关。这一流派在2000年代特别流行，并在2010年代经历了一次小范围的复苏。",
 "originalName": "",
 "startTimeText": "Mid-1990s",
 "startAddress": "United Kingdom",
 "searchStyle": "Disco",
 "styleCategory": "Disco",
 "originalStyle": "Disco, Euro disco, Italo disco, post-disco, French house, funky house, disco house",
 "affectStyle": "",
 "deriveStyle": "",
 "representArtist": "",
 "officialUrl": "https://en.wikipedia.org/wiki/Nu-disco",
 "typeId": 13,
 "typeName": "风格",
 "dataId": 228,
 "url": "http://dropinapp.hearinmusic.com/#/ency?typeId=13&dataId=228"
}