{
 "pageNum": 1,
 "pageSize": 10,
 "params": {},
 "relationChannel": "[{\"id\":1280,\"parentId\":8,\"name\":\"Onkyokei\"}]",
 "content": "<div>\n<div class=\"document\">\n<p class=\"paragraph text-align-type-left pap-line-1.8 pap-line-rule-auto pap-spacing-before-2pt pap-spacing-after-2pt\">Onkyo音乐运动又名Onkyokei（意为声音的混响）是一种自由即兴创作音乐形式，1990年代末在日本出现。Onkyō可以翻译为&ldquo;声音，噪音，回声&rdquo;。通常与Onkyō有关的艺术家包括中村俊丸、秋山哲图、Sachiko M和杉本拓等。</p>\n<p class=\"paragraph text-align-type-left pap-line-1.8 pap-line-rule-auto pap-spacing-before-2pt pap-spacing-after-2pt\">&nbsp;</p>\n<p class=\"paragraph text-align-type-left pap-line-1.8 pap-line-rule-auto pap-spacing-before-2pt pap-spacing-after-2pt\">The Off Site位于东京，是Onkyo音乐运动的发源地，其特点是即兴创作、极简主义和&ldquo;安静的噪音&rdquo;。Onkyo即兴创作&ldquo;探索了声学和电子声音的细密纹理细节&rdquo;。</p>\n<p class=\"paragraph text-align-type-left pap-line-1.8 pap-line-rule-auto pap-spacing-before-2pt pap-spacing-after-2pt\">&nbsp;</p>\n<p class=\"paragraph text-align-type-left pap-line-1.8 pap-line-rule-auto pap-spacing-before-2pt pap-spacing-after-2pt\">它影响了Electroacoustic即兴演奏的发展以及EAI，一个和Onkyo有很强联系的流派。Onkyo的跨国传播也影响了它作为一种&ldquo;日本新音乐&rdquo;的表现形式，尽管它的作者声称Onkyo与日本文化认同没有什么关系。</p>\n</div>\n</div>",
 "contentEn": "<div>\n<div class=\"document\">\n<p class=\"paragraph text-align-type-left pap-line-1.8 pap-line-rule-auto pap-spacing-before-2pt pap-spacing-after-2pt\">The Onkyo music movement or Onkyokei (音響系, Onkyōkei) (translation: \"reverberation of sound\") is a form of free improvisation, emerging from Japan in the late 1990s. Onkyō can be translated as \"sound, noise, echo\".Some artists commonly associated with Onkyō include Toshimaru Nakamura, Tetuzi Akiyama, Sachiko M, and Taku Sugimoto, among others.</p>\n<p class=\"paragraph text-align-type-left pap-line-1.8 pap-line-rule-auto pap-spacing-before-2pt pap-spacing-after-2pt\">&nbsp;</p>\n<p class=\"paragraph text-align-type-left pap-line-1.8 pap-line-rule-auto pap-spacing-before-2pt pap-spacing-after-2pt\">The Off Site, a venue in Tokyo, is home to the Onkyo music movement, which is characterized by improvisation, minimalism, and \"quiet noise\".Onkyo improvisation, \"explores the fine-grained textural details of acoustic and electronic sound\".It influenced the development of electroacoustic improvisation, or EAI, a genre with which it is strongly intertwined. The transnational circulation of onkyo also influenced its representation as a form of \"Japanese new music,\" despite claims by its authors that onkyo had little to do with Japanese cultural identity.</p>\n</div>\n</div>",
 "remarks": "本词条汉字内容由 @多频百科团队 翻译+编辑\n原文译自https://en.wikipedia.org/wiki/Onkyokei",
 "remarksEn": "本词条内容来自 https://en.wikipedia.org/wiki/Onkyokei",
 "status": 1,
 "clickNum": 3,
 "deleted": 0,
 "lang": 0,
 "chooseLang": true,
 "id": 248,
 "name": "Onkyokei",
 "descriptions": "Onkyo音乐运动又名Onkyokei（意为声音的混响）是一种自由即兴创作音乐形式，1990年代末在日本出现。",
 "originalName": "",
 "startTimeText": "Late 1990s",
 "startAddress": "Japan",
 "searchStyle": "Ambient",
 "styleCategory": "Reductionism",
 "originalStyle": "Japanoise, free improvisation, electronic, lowercase, EAI",
 "affectStyle": "",
 "deriveStyle": "",
 "representArtist": "",
 "officialUrl": "https://en.wikipedia.org/wiki/Onkyokei",
 "typeId": 13,
 "typeName": "风格",
 "dataId": 248,
 "url": "http://dropinapp.hearinmusic.com/#/ency?typeId=13&dataId=248"
}