{
 "pageNum": 1,
 "pageSize": 10,
 "params": {},
 "relationChannel": "[{\"id\":1132,\"parentId\":8,\"name\":\"Outsider House\"}]",
 "content": "<div>\n<div class=\"document\">\n<p class=\"paragraph text-align-type-left pap-line-1.8 pap-line-rule-auto pap-spacing-before-0pt pap-spacing-after-0pt\">Outsider house（也被称为lo-fi house，raw house或outsider舞蹈）是电子音乐的一个微流派，结合了Deep House、Techno和Noise的元素。这种音乐通常是粗糙的，其特点是模糊的鼓声、模糊的合成器和一种淡淡的饱和音质，类似于第四代卡式磁带的质感。</p>\n<p class=\"paragraph text-align-type-left pap-line-1.8 pap-line-rule-auto pap-spacing-before-0pt pap-spacing-after-0pt\">&nbsp;</p>\n<p class=\"paragraph text-align-type-left pap-line-1.8 pap-line-rule-auto pap-spacing-before-0pt pap-spacing-after-0pt\"><strong>历史 </strong></p>\n<p class=\"paragraph text-align-type-left pap-line-1.8 pap-line-rule-auto pap-spacing-before-0pt pap-spacing-after-0pt\">&ldquo; Outsider Dance&rdquo;一词由DJ Ben UFO和音乐记者Scott Wilson于2012年首次提出，指的是不同的制作人和唱片公司，例如Laurel Halo，Anthony Naples，以及LIES，Opal等唱片公司。 磁带，未来时报，1080p和龙虾Theremin。 从2016年开始，该流派发展为另一种形式，称为&ldquo; lo-fi house&rdquo;。 DJ Seinfield，DJ Boring，Ross From Friends和Mall Grab等制作人通过将早期outsider的粗糙声音与蒸汽波产生的忧郁、讽刺和后现代主义美学相结合而广受欢迎，创作了&ldquo;类似于90年代忧郁的deephouse，录制到卡带上，并被包装成互联网时代讽刺的外衣 \"的歌曲，因此便流行起来了。</p>\n</div>\n</div>",
 "contentEn": "<p><strong>Outsider house</strong>&nbsp;(also referred to as&nbsp;<strong>lo-fi house</strong>,<sup id=\"cite_ref-:0_1-0\" class=\"reference\">[1]</sup><sup id=\"cite_ref-2\" class=\"reference\">[2]</sup>&nbsp;<strong>raw house</strong><sup id=\"cite_ref-:0_1-1\" class=\"reference\">[1]</sup>&nbsp;or&nbsp;<strong>outsider dance</strong><sup id=\"cite_ref-:1_3-0\" class=\"reference\">[3]</sup><sup class=\"noprint Inline-Template\">[<em><span title=\"The material near this tag failed verification of its source citation(s). (July 2021)\">failed verification</span></em>]</sup>) is a&nbsp;microgenre&nbsp;of&nbsp;electronic music&nbsp;combining elements of&nbsp;deep house,&nbsp;techno, and&nbsp;noise. The music is often rough, characterized by muffled drums, fuzzy synths and a gauzy, saturated quality that suggested \"a fourth-generation cassette copy\".<sup id=\"cite_ref-4\" class=\"reference\">[4]</sup><sup class=\"noprint Inline-Template\">[<em><span title=\"The material near this tag may use weasel words or too-vague attribution. (July 2021)\">according to whom?</span></em>]</sup></p>\n<p>&nbsp;</p>\n<p>The term \"Outsider Dance\" was first coined<sup class=\"noprint Inline-Template\">[<em><span title=\"The material near this tag failed verification of its source citation(s). (July 2021)\">failed verification</span></em>]</sup>&nbsp;in 2012 by DJ&nbsp;Ben UFO&nbsp;and music journalist Scott Wilson, referring to different producers and record labels \"operating at the fringes of the fringes\" such as&nbsp;Laurel Halo,&nbsp;Anthony Naples&nbsp;and labels including&nbsp;L.I.E.S.,&nbsp;Opal Tapes, Future Times, 1080p, and Lobster Theremin.<sup id=\"cite_ref-:1_3-1\" class=\"reference\">[3]</sup></p>\n<h2>&nbsp;</h2>\n<h2><span id=\"References\" class=\"mw-headline\">References</span></h2>\n<div class=\"mw-references-wrap\">\n<ol class=\"references\">\n<li id=\"cite_note-:0-1\"><span class=\"mw-cite-backlink\">^&nbsp;<span class=\"cite-accessibility-label\">Jump up to:</span><sup><em><strong>a</strong></em></sup>&nbsp;<sup><em><strong>b</strong></em></sup></span>&nbsp;<span class=\"reference-text\"><cite class=\"citation web cs1\">\"Has underground house finally run out of ideas?\".&nbsp;<em>FACT Magazine: Music News, New Music</em>. 2016-12-01<span class=\"reference-accessdate\">. Retrieved&nbsp;<span class=\"nowrap\">2019-02-20</span></span>.</cite></span></li>\n<li id=\"cite_note-2\"><span class=\"mw-cite-backlink\"><strong>^</strong></span>&nbsp;<span class=\"reference-text\"><cite class=\"citation web cs1\">\"Irony Is A Dead Scene: A User's Guide To Lo-Fi House\".&nbsp;<em>HighClouds</em>. 2017-08-18<span class=\"reference-accessdate\">. Retrieved&nbsp;<span class=\"nowrap\">2019-02-20</span></span>.</cite></span></li>\n<li id=\"cite_note-:1-3\" class=\"\"><span class=\"mw-cite-backlink\">^&nbsp;<span class=\"cite-accessibility-label\">Jump up to:</span><sup><em><strong>a</strong></em></sup>&nbsp;<sup><em><strong>b</strong></em></sup></span>&nbsp;<span class=\"reference-text\"><cite id=\"CITEREFWilson\" class=\"citation web cs1\">Wilson, Scott.&nbsp;\"Scratching the Surface: Outsider dance\".&nbsp;<em>Juno Plus</em>. Juno Plus. Archived from&nbsp;the original&nbsp;on 15 October 2014<span class=\"reference-accessdate\">. Retrieved&nbsp;<span class=\"nowrap\">10 October</span>&nbsp;2014</span>.</cite></span></li>\n<li id=\"cite_note-4\"><span class=\"mw-cite-backlink\"><strong>^</strong></span>&nbsp;<span class=\"reference-text\"><cite class=\"citation web cs1\">\"10 tracks that prove lo-fi house is more than a fad\".&nbsp;<em>Red Bull</em><span class=\"reference-accessdate\">. Retrieved&nbsp;<span class=\"nowrap\">2020-06-07</span></span>.</cite></span></li>\n</ol>\n</div>",
 "remarks": "本词条汉字内容由 @多频百科团队 翻译+编辑\n原文译自 https://en.wikipedia.org/wiki/Outsider_house",
 "remarksEn": "本词条内容来自 https://en.wikipedia.org/wiki/Outsider_house",
 "status": 1,
 "clickNum": 14,
 "deleted": 0,
 "lang": 0,
 "chooseLang": true,
 "id": 81,
 "name": "Outsider House",
 "descriptions": "Outsider house（也被称为lo-fi house，raw house或outsider舞蹈）是电子音乐的一个微流派，结合了Deep House、Techno和噪音的元素。这种音乐通常是粗糙的，其特点是模糊的鼓声、模糊的合成器和一种淡淡的饱和音质。",
 "originalName": "",
 "startTimeText": "2010",
 "startAddress": "North America and Europe",
 "searchStyle": "",
 "styleCategory": "House",
 "originalStyle": "Lo-fi music, deep house, techno, noise, ghetto house",
 "affectStyle": "",
 "deriveStyle": "",
 "representArtist": "",
 "officialUrl": "https://en.wikipedia.org/wiki/Outsider_house",
 "typeId": 13,
 "typeName": "风格",
 "dataId": 81,
 "url": "http://dropinapp.hearinmusic.com/#/ency?typeId=13&dataId=81"
}