{
 "pageNum": 1,
 "pageSize": 10,
 "params": {},
 "relationChannel": "[{\"id\":622,\"parentId\":8,\"name\":\"Plunderphonics\"}]",
 "relationEncy": "[{\"id\":36357,\"typeId\":13,\"dataId\":30,\"name\":\"Hauntology\",\"url\":\"http://dropinapp.hearinmusic.com/#/ency?typeId=13&dataId=30\"},{\"id\":36576,\"typeId\":13,\"dataId\":249,\"name\":\"Sampledelia\",\"url\":\"http://dropinapp.hearinmusic.com/#/ency?typeId=13&dataId=249\"},{\"id\":36669,\"typeId\":13,\"dataId\":342,\"name\":\"Vaporwave\",\"url\":\"http://dropinapp.hearinmusic.com/#/ency?typeId=13&dataId=342\"}]",
 "content": "<p>Plunderphonics（拼接采样乐）是一种音乐流派，相关音乐是通过对可识别的音乐作品进行采样来构建的。这个词是由作曲家John Oswald在1985年的文章 \"Plunderphonics, or Audio Piracy as a Compositional Prerogative \"中提出的，并最终在他的《Grayfolded》专辑的注释中明确定义。Plunderphonics可以说是声音拼贴的一种形式。Oswald将其描述为一种参照性和自我意识性的实践，它质疑原创性和同一性的概念。</p>\n<p>&nbsp;</p>\n<p>Plunderphonics音乐的概念看起来很宽泛，实际上，通常所谓的plunderphonics音乐有许多共同的主题。这包括大量取材于20世纪50年代的教育电影、新闻报道、广播节目或任何有训练有素的播音员的节目。然而流派先驱John Oswald很少使用这些材料，唯一的例外是他的1975年说唱风格的曲目《Power（力量）》。</p>\n<p>&nbsp;</p>\n<p>采样技术和过程在多种风格（特别是Hip-hop和唱盘主义）中有广泛应用，但是在Plunderphonics作品中，采样的材料通常便是曲目唯一使用的声音。这些采样通常来源不明确，有时会因侵犯版权而导致法律问题。一些Plunderphonics艺术家使用他们的作品来抗议他们认为过于严格的版权法。许多相关艺术家也声称他们对其他艺术家材料的使用属于合理使用原则。</p>\n<p>&nbsp;</p>\n<p>该音乐风格发展的过程是当一些富有创造性音乐人使用市面上已有的曲目并在其基础上覆盖新的素材和声音，直到将原始作品完全覆盖后进行移除，尽管通常使用音阶和节拍。这是一种基于工作室的技术，被美国实验乐队The Residents（使用甲壳虫乐队的曲目）等乐队使用。通常，新曲目与原始曲目几乎没有相似之处，使其成为了其它衍生作品，从而使音乐家摆脱了版权问题。</p>\n<p>&nbsp;</p>\n<p><strong>早期例子</strong></p>\n<div>\n<div class=\"document\">\n<p class=\"paragraph text-align-type-left pap-line-1.8 pap-line-rule-auto pap-spacing-before-0pt pap-spacing-after-0pt\">尽管Plunderphonics这个术语是自从奥斯瓦尔德（Oswald）在1980年代提出后才应用于相关音乐的制作上的，但也存在一些更早期的音乐作品带有其概念。其中值得注意的包括，迪基&middot;古德曼（Dickie Goodman）和比尔&middot;布坎南（Bill Buchanan）在1956年创作的单曲《The Flying Saucer》。该作品中，古德曼作为一名广播记者，报道了外星人的入侵，使用的正式来自多个当代录音中的采样。The Residents的&ldquo;Beyond The Valley Of A Day In The Life&rdquo;，则采样自披头士乐队的唱片。1970年代，各种俱乐部DJ重新编辑了他们演奏的唱片，尽管这通常只不过是通过添加一个或两个副歌来延长唱片而已，但这也可以被认为是Plunderphonics的一种形式。</p>\n<p class=\"paragraph text-align-type-left pap-line-1.8 pap-line-rule-auto pap-spacing-before-0pt pap-spacing-after-0pt\">&nbsp;</p>\n<p class=\"paragraph text-align-type-left pap-line-1.8 pap-line-rule-auto pap-spacing-before-0pt pap-spacing-after-0pt\" style=\"text-align: center;\"><img src=\"https://duopin-community.oss-cn-shenzhen.aliyuncs.com/7nbzkzozk2oz3npahx3p.jpg\" alt=\"\" width=\"1148\" height=\"1080\" /></p>\n<p class=\"paragraph text-align-type-left pap-line-1.8 pap-line-rule-auto pap-spacing-before-0pt pap-spacing-after-0pt\" style=\"text-align: center;\"><span style=\"font-size: 8pt;\">Plunderphonics流派先驱，加拿大艺术家John Oswald</span></p>\n<p class=\"paragraph text-align-type-left pap-line-1.8 pap-line-rule-auto pap-spacing-before-0pt pap-spacing-after-0pt\" style=\"text-align: center;\"><span style=\"font-size: 8pt;\">By Allan J. Cronin - Own work, CC BY-SA 4.0, https://commons.wikimedia.org/w/index.php?curid=47577272</span></p>\n<p class=\"paragraph text-align-type-left pap-line-1.8 pap-line-rule-auto pap-spacing-before-0pt pap-spacing-after-0pt\">&nbsp;</p>\n<p class=\"paragraph text-align-type-left pap-line-1.8 pap-line-rule-auto pap-spacing-before-0pt pap-spacing-after-0pt\">一些古典作曲家对书面音乐（而非录音音乐）也进行了类似Plunderphonics概念的操作 。其中也许是最有名的例子是卢西亚诺&middot;贝里奥（Luciano Berio）的作品《Sinfonia》的第三乐章，这是完全引用其他作曲家和作家的作品组成。阿尔弗雷德&middot;施尼特克（Alfred Schnittke）和毛里西奥&middot;凯格尔（Mauricio Kagel）也广泛使用了早期作曲家的作品。较早时经常采用他人音乐的作曲家包括查尔斯&middot;艾夫斯（Charles Ives）（他经常在作品中引用民谣和赞美诗）和费鲁乔&middot;布索尼（Ferruccio Busoni）（在其1909年的钢琴曲《An die Jugend》的一个乐章中使用来自巴赫[Johann Sebastian Bach]的前奏和赋格曲并让其同时播放）。在90年代期间，奥斯瓦尔德也为古典音乐家创作了许多这样的乐谱，他用拉斯卡利&bull;克莱皮托（Rascali Klepitoire）一词为这些作品分类。</p>\n<p class=\"paragraph text-align-type-left pap-line-1.8 pap-line-rule-auto pap-spacing-before-0pt pap-spacing-after-0pt\">&nbsp;</p>\n<p class=\"paragraph text-align-type-left pap-line-1.8 pap-line-rule-auto pap-spacing-before-0pt pap-spacing-after-0pt\">在法国，让&middot;雅克&middot;比尔杰（Jean-Jacques Birg&eacute;）从1974年开始从事&ldquo;Radiophonies（无线电声音）&rdquo;的工作（以他的电影《 La Nuit du Phoque》为例），捕获广播中的内容并使用录音带的暂停按钮实时编辑采样。他的乐队Un Drame Musical Instantan&eacute;于1981年在LP&ldquo;A travail &eacute;gal salaire &eacute;gal&rdquo;唱片上录制了&ldquo; Crimes parfaits&rdquo;，解释了乐曲自身的整个过程，并称其为&ldquo; social soundscape&rdquo;。后来，他又在1986年的CD作品《 Qui vive？》以及与Antoine Schmitt一起在1998年的CD&ldquo; Machiavel&rdquo; 中将同样的技术应用于电视采样。</p>\n<p class=\"paragraph text-align-type-left pap-line-1.8 pap-line-rule-auto pap-spacing-before-0pt pap-spacing-after-0pt\">&nbsp;</p>\n<p class=\"paragraph text-align-type-left pap-line-1.8 pap-line-rule-auto pap-spacing-before-0pt pap-spacing-after-0pt\"><strong>Plunderphonics（EP）</strong></p>\n<p class=\"paragraph text-align-type-left pap-line-1.8 pap-line-rule-auto pap-spacing-before-0pt pap-spacing-after-0pt\">Plunderphonics一词被John Oswald用作EP发行的标题。Oswald最初使用该词是为了表示一件作品是由来自艺术家的样品而不是由其他材料制成的。他受威廉&middot;伯劳斯（William S. Burroughs）的音乐剪辑切片技巧的影响，于1970年代开始制作录音采样。1988年，他向新闻界和广播电台分发了Plunderphonics EP的副本。它包含四首曲目： &ldquo; Pretender&rdquo;采样自Dolly Parton的一首歌，Parton的声音唱着&ldquo;The Great Pretender&rdquo;并通过使用Lenco Bogen唱盘机使之逐渐变慢，使她最终听起来变得像男声。&ldquo;Don't&rdquo;是由猫王埃尔维斯&bull;普雷斯利（Elvis Presley）的人声叠加各种来自其他艺术家的录音样本和配音而成，包括鲍勃&bull;怀斯曼（Bob Wiseman），比尔&bull;弗里斯尔（Bill Frisell）和迈克尔&bull;斯诺（Michael Snow）等音乐家的作品。\"Spring\"是伊戈尔&middot;斯特拉文斯基（Igor Stravinsky）的《The Rite Of Spring》的编辑版本，由不同的部分打乱拼接和相互叠加而制成。&ldquo;Pocket&rdquo;是基于Count Basie的&ldquo;Corner Pocket&rdquo;进行编辑的，致使各个部分循环了几次。</p>\n<div>\n<div class=\"document\">\n<p class=\"paragraph text-align-type-left pap-line-1.8 pap-line-rule-auto pap-spacing-before-0pt pap-spacing-after-0pt\">&nbsp;</p>\n<p class=\"paragraph text-align-type-left pap-line-1.8 pap-line-rule-auto pap-spacing-before-0pt pap-spacing-after-0pt\"><strong>Plunderphonic（专辑）</strong></p>\n<div>\n<div class=\"document\">\n<p class=\"paragraph text-align-type-left pap-line-1.8 pap-line-rule-auto pap-spacing-before-0pt pap-spacing-after-0pt\">1989年，奥斯瓦尔德（Oswald）发行了扩展版的《Plunderphonics》专辑，其中包含25首曲目。和同名EP一样，专辑中的每首曲目仅使用来自一位艺术家的材料。它重新制作了披头士乐队（Beatles）等流行音乐家和路德维希&middot;范&middot;贝多芬（Ludwig van Beethoven）的《第七交响曲》（Symphony No. 7）等经典作品的素材。像EP一样，它从未被出售过。唱片背后的中心思想是，其中所有&ldquo;窃取&rdquo;自其他作品的声音都应该是光明正大的。包装上列出了所有使用过的采样的来源，但使用在唱片中的都是都是未经授权的。《Plunderphonics》所有未发布的副本后来均被销毁，原因是来自加拿大录音产业协会代表数位他们的客户（特别是迈克尔&middot;杰克逊，他的歌曲&ldquo;Bad&rdquo;已被切碎成采样片段，并重新排列为曲目&ldquo;Dab&rdquo;）提出了侵权诉讼。由唱片业多个行业代表发表的声明透露，《Plunderphonics》中特别值得一提的是专辑的封面艺术，其特色是将迈克尔&middot;杰克逊（Michael Jackson）从其专辑《Bad》封面衍生而来的变换图像。</p>\n<p class=\"paragraph text-align-type-left pap-line-1.8 pap-line-rule-auto pap-spacing-before-0pt pap-spacing-after-0pt\">&nbsp;</p>\n<p class=\"paragraph text-align-type-left pap-line-1.8 pap-line-rule-auto pap-spacing-before-0pt pap-spacing-after-0pt\"><strong>后续作品</strong></p>\n<p class=\"paragraph text-align-type-left pap-line-1.8 pap-line-rule-auto pap-spacing-before-0pt pap-spacing-after-0pt\">随后，美国艺术家，摇滚乐队Grateful Dead创始成员菲尔&middot;莱什（Phil Lesh）邀请奥斯瓦尔德（Oswald）在专辑《Grayfolded》中使用Grateful Dead的采样。</p>\n<div>\n<div class=\"document\">\n<p class=\"paragraph text-align-type-left pap-line-1.8 pap-line-rule-auto pap-spacing-before-0pt pap-spacing-after-0pt\">&nbsp;</p>\n<p class=\"paragraph text-align-type-left pap-line-1.8 pap-line-rule-auto pap-spacing-before-0pt pap-spacing-after-0pt\">Oswald的后期作品，例如时长20分钟的Plexure，据称包含大约一千个拼接在一起的流行音乐的非常短的采样，根据Oswald的原始构想，并不是严格意义上的Plunderphonic（他本人使用术语megaplundermorphonemiclonic代表Plexure）。但今天使用的术语&ldquo; plunderphonic&rdquo;从广义上讲是指完全或几乎完全由样本组成的任何音乐，是更为宽泛的定义。《Plunderphonics 69/96》是Oswald作品的汇编，包括原始《Plunderphonics》CD中的曲目。</p>\n<p class=\"paragraph text-align-type-left pap-line-1.8 pap-line-rule-auto pap-spacing-before-0pt pap-spacing-after-0pt\">&nbsp;</p>\n<p class=\"paragraph text-align-type-left pap-line-1.8 pap-line-rule-auto pap-spacing-before-0pt pap-spacing-after-0pt\">人们通常认为&ldquo;Plunderphonics&rdquo;是Oswald专门用于代表他的作品的品牌，但他多次表示，他认为该词可用来描述一种音乐流派。</p>\n<p class=\"paragraph text-align-type-left pap-line-1.8 pap-line-rule-auto pap-spacing-before-0pt pap-spacing-after-0pt\">&nbsp;</p>\n<p class=\"paragraph text-align-type-left pap-line-1.8 pap-line-rule-auto pap-spacing-before-0pt pap-spacing-after-0pt\"><strong>其他制作人的作品</strong></p>\n<div>\n<div class=\"document\">\n<p class=\"paragraph text-align-type-left pap-line-1.8 pap-line-rule-auto pap-spacing-before-0pt pap-spacing-after-0pt\">另一个可以称为Plunderphonics音乐的重要早期创作者是美国实验乐队Negativland。当Oswald在使用易于识别且熟悉的素材来源时，Negativland的素材来源则有时更晦涩难懂。例如，1983年的&ldquo;A Big 10-8 Place&rdquo;就包含了人们在广播中讲话的录音。他们的下一张专辑&ldquo; Escape From Noise&rdquo;正如他们以后的大多数唱片一样，大量使用了口语演说采样，经常提出特定的政治观点。他们最著名的发行作品EP《U2》，收录了DJ Casey Kasem电台的长鸣并大量采样爱尔兰乐队U2的&ldquo;I Still Haven't Found What I'm Looking For&rdquo;，导致其遭到U2的厂牌Island Records的法律诉讼。</p>\n<p class=\"paragraph text-align-type-left pap-line-1.8 pap-line-rule-auto pap-spacing-before-0pt pap-spacing-after-0pt\">&nbsp;</p>\n<p class=\"paragraph text-align-type-left pap-line-1.8 pap-line-rule-auto pap-spacing-before-0pt pap-spacing-after-0pt\">Oswald和Negativland都通过切割磁带（或后来使用数字技术）来录制唱片，但一些DJ也使用转盘制作了声乐作品；实际上，在DJ文化中，&ldquo;挖掘&rdquo;样本非常重要。克里斯蒂安&middot;马克雷（Christian Marclay）是一名唱片制作人，自1970年代后期以来就一直使用他人的唱片作为其音乐创作的唯一来源。他经常以不同寻常的方式来对待这些唱片，例如，他使用物理方式切碎了一组唱片并将它们粘贴在一起，从而形成了视觉和听觉上的拼贴。有时他会用购买自义卖商店的口头语言或Lounge音乐的唱片来制作作品，但他的专辑《More Encores》使用Oswald在专辑《Plunderphonics》的方式来处理来自Maria Callas和Louis Armstrong的采样。马克雷的实验方法已经被Roberto Musci &amp; Giovanni Venosta, Otomo Yoshihide, Philip Jeck和Martin T&eacute;treault等人所采用，尽管这些艺术家的作品中时常会将Plunderphonics的操作进行重度伪装和甚至无法识辨。</p>\n<p class=\"paragraph text-align-type-left pap-line-1.8 pap-line-rule-auto pap-spacing-before-0pt pap-spacing-after-0pt\">&nbsp;</p>\n<p class=\"paragraph text-align-type-left pap-line-1.8 pap-line-rule-auto pap-spacing-before-0pt pap-spacing-after-0pt\">加拿大美国独立乐队The Bran Flakes和伦敦DJ/多媒体艺术家People Like Us都曾使用来自旧货店的唱片创作音乐。加拿大流行乐队TAS 1000使用购买自旧货店的应答机的磁带也做了类似的工作。80年代后期的House音乐家，例如Coldcut，S'Express，MARRS，都使用剪切拼贴制作舞曲。Kid 606创作了许多Plunderphonics作品（最著名的是&ldquo; The Action-Packed Mentalist Bring You the Fucking Jams&rdquo;），尽管他的作品是商业出售的，但也从未寻求过许可。Akufen使用了2000多个声音样本来制作他的专辑《My Way》。沃伯利（Wobbly）也以他的Plunderphonics作品而著称，其中最著名的是《Wild Why》，这是一张CD作品，是他自己从旧金山湾区主流嘻哈广播电台的录音中搜集而来的。在意大利，Filippo Paolini（又名&Oslash;kapi）发行了几张专辑，这些专辑中使用的采样也用于一些后古典音乐项目。</p>\n<p class=\"paragraph text-align-type-left pap-line-1.8 pap-line-rule-auto pap-spacing-before-0pt pap-spacing-after-0pt\">&nbsp;</p>\n<p class=\"paragraph text-align-type-left pap-line-1.8 pap-line-rule-auto pap-spacing-before-0pt pap-spacing-after-0pt\">People Like Us的成员Vicki Bennett将plunderphonic的概念拓展至视频领域，她通过采样在线影片档案库Prelinger Archives中的画面为她的音乐制作电影。安妮麦奎尔（Anne McGuire）在1992年的电影&ldquo;仙女座应变&rdquo;（The Andromeda Strain）中使用了类似的技术。经许可，麦圭尔将该影片的每一个镜头都反转播放，让一切都按照相反的顺序展开，虽然每一个场景都仍在正常的时间线上并仍具有可以理解的对话。</p>\n<p class=\"paragraph text-align-type-left pap-line-1.8 pap-line-rule-auto pap-spacing-before-0pt pap-spacing-after-0pt\">&nbsp;</p>\n<p class=\"paragraph text-align-type-left pap-line-1.8 pap-line-rule-auto pap-spacing-before-0pt pap-spacing-after-0pt\">Plunderphonics的另一种方法是用两个非常不同的唱片并同时播放它们。早期的例子是Evolution Control Committee的&ldquo;Whipped Cream Mixes&rdquo;（1994），作品中的Vocal来自Public Enemy的&ldquo;Rebel Without a Pause&rdquo;叠加Herb Alpert的&ldquo;Bittersweet Samba&rdquo;。这引起了所谓的&ldquo;bastard pop&rdquo;或&ldquo;mash-up&rdquo;现象热潮，其中包括一首歌的纯人声阿卡贝拉版本混在另一首歌曲的纯器乐伴奏版本之上。Soulwax和Richard X都按照这些思路制作了一些唱片。</p>\n<p class=\"paragraph text-align-type-left pap-line-1.8 pap-line-rule-auto pap-spacing-before-0pt pap-spacing-after-0pt\">&nbsp;</p>\n<p class=\"paragraph text-align-type-left pap-line-1.8 pap-line-rule-auto pap-spacing-before-0pt pap-spacing-after-0pt\">Dataflow编程语言（例如Pure Data和Max / Msp）为Plunderphonics项目提供了新的可能性，使艺术家甚至可以发布真正的偶然作品（Aleatory Work），体现在每次收听者执行算法时，听起来都是不同的，这种方法的一个例子是Alea T.的作品Hot 01-00-09。</p>\n<p class=\"paragraph text-align-type-left pap-line-1.8 pap-line-rule-auto pap-spacing-before-0pt pap-spacing-after-0pt\">&nbsp;</p>\n<p class=\"paragraph text-align-type-left pap-line-1.8 pap-line-rule-auto pap-spacing-before-0pt pap-spacing-after-0pt\">也有几个基于Web语言的声乐项目。概念性Plunderphonics作品合辑CD《The Droplift Project》就包括被&ldquo;暗中投放&rdquo;到唱片商店中（将唱片的副本暗中放置在唱片行货架上，而商店所有者不知情-一种反向偷窃）。Dictionaraoke从在线词典中提取了音频剪辑并将它们拼合在一起，以便他们在播放音乐的伴奏版本（通常为MIDI渲染）时&ldquo;朗读&rdquo;各种流行歌曲的歌词。</p>\n<p class=\"paragraph text-align-type-left pap-line-1.8 pap-line-rule-auto pap-spacing-before-0pt pap-spacing-after-0pt\">&nbsp;</p>\n<p class=\"paragraph text-align-type-left pap-line-1.8 pap-line-rule-auto pap-spacing-before-0pt pap-spacing-after-0pt\">Vaporwave（蒸气波）音乐，主要由采样和减慢的1980年代流行音乐组成的音乐作品，被认为是Plunderphonics的一个子流派。</p>\n</div>\n</div>\n</div>\n</div>\n</div>\n</div>\n</div>\n</div>\n</div>\n</div>",
 "contentEn": "<p><strong>Plunderphonics</strong>&nbsp;is a&nbsp;music genre&nbsp;in which tracks are constructed by&nbsp;sampling&nbsp;recognizable musical works. The term was&nbsp;coined&nbsp;by composer&nbsp;John Oswald&nbsp;in 1985 in his essay \"Plunderphonics, or Audio Piracy as a Compositional Prerogative\",<sup id=\"cite_ref-plunder_1-0\" class=\"reference\">[1]</sup>&nbsp;and eventually explicitly defined in the liner notes of his&nbsp;<em>Grayfolded</em>&nbsp;album. Plunderphonics can be considered a form of&nbsp;sound collage. Oswald has described it as a referential and self-conscious practice which interrogates notions of&nbsp;originality&nbsp;and&nbsp;identity.<sup id=\"cite_ref-wire_2-0\" class=\"reference\">[2]</sup></p>\n<p>&nbsp;</p>\n<p>Although the concept of plunderphonics is seemingly broad, in practice there are many common themes used in what is normally called plunderphonic music. This includes heavy&nbsp;sampling&nbsp;of&nbsp;educational films&nbsp;of the 1950s,&nbsp;news&nbsp;reports,&nbsp;radio shows, or anything with trained vocal&nbsp;announcers. Oswald's contributions to this genre rarely used these materials, the exception being his&nbsp;rap-like 1975 track \"Power.\"</p>\n<p>&nbsp;</p>\n<p>The process of&nbsp;sampling&nbsp;other sources is found in various&nbsp;genres&nbsp;(notably&nbsp;hip-hop&nbsp;and especially&nbsp;turntablism), but in plunderphonic works, the sampled material is often the only sound used. These samples are usually uncleared and sometimes result in legal action being taken due to&nbsp;copyright&nbsp;infringement. Some plunderphonic&nbsp;artists&nbsp;use their work to protest what they consider to be overly restrictive copyright laws. Many plunderphonic artists claim their use of other artists' materials falls under the&nbsp;fair use&nbsp;doctrine.</p>\n<p>&nbsp;</p>\n<p>Development of the process is when creative musicians plunder an original track and overlay new material and sounds on top until the original piece is masked and then removed, though often using scales and beats. It is a studio-based technique used by such groups as the American experimental band&nbsp;The Residents&nbsp;(who used Beatles tracks). Often the new track has little resemblance to the original, making it a derivative work and thus freeing the musician from copyright issues.</p>\n<p>&nbsp;</p>\n<h2><span id=\"Early_examples\" class=\"mw-headline\">Early examples</span></h2>\n<p>Although the term&nbsp;<em>plunderphonics</em>&nbsp;tends to be applied only to music made since Oswald coined it in the 1980s, there are several examples of earlier music made along similar lines. Notably,&nbsp;Dickie Goodman&nbsp;and&nbsp;Bill Buchanan's 1956 single \"The Flying Saucer\", features Goodman as a radio reporter covering an&nbsp;alien invasion&nbsp;interspersed with samples from various contemporary records.&nbsp;The Residents' \"Beyond The Valley Of A Day In The Life\" consists of excerpts from Beatles records. Various&nbsp;club&nbsp;DJs in the 1970s re-edited the records they played, and although this often consisted of nothing more than extending the record by adding a&nbsp;chorus&nbsp;or two, this too could be considered a form of plunderphonics.</p>\n<p>&nbsp;</p>\n<p>Some classical&nbsp;composers&nbsp;have performed a kind of plunderphonia on&nbsp;written, rather than recorded, music. Perhaps the best-known example is the third&nbsp;movement&nbsp;of&nbsp;Luciano Berio's&nbsp;<em>Sinfonia</em>, which is entirely made up from quotes of other composers and writers.&nbsp;Alfred Schnittke&nbsp;and&nbsp;Mauricio Kagel&nbsp;have also made extensive use of earlier composers' works. Earlier composers who often plundered the music of others include&nbsp;Charles Ives&nbsp;(who often quoted&nbsp;folk songs&nbsp;and&nbsp;hymns&nbsp;in his works) and&nbsp;Ferruccio Busoni&nbsp;(a movement from his 1909&nbsp;piano&nbsp;suite&nbsp;<em>An die Jugend</em>&nbsp;includes a&nbsp;prelude&nbsp;and a&nbsp;fugue&nbsp;by&nbsp;Johann Sebastian Bach&nbsp;played simultaneously). During the '90s Oswald composed many such scores for classical musicians which he classified with the term&nbsp;<em>Rascali Klepitoire</em>.</p>\n<p>&nbsp;</p>\n<p>In France,&nbsp;Jean-Jacques Birg&eacute;&nbsp;has been working on \"radiophonies\" since 1974 (for his film \"La Nuit du Phoque\"), capturing radio and editing the samples in real-time with the pause button of a radio-cassette. His group&nbsp;Un Drame Musical Instantan&eacute;&nbsp;recorded \"Crimes parfaits\" on LP \"A travail &eacute;gal salaire &eacute;gal\" in 1981, explaining the whole process in the piece itself and calling it \"social soundscape\". He applied the same technique to TV in 1986 on the \"Qui vive?\" CD and published on the 1998 CD \"Machiavel\"<sup id=\"cite_ref-3\" class=\"reference\">[3]</sup>&nbsp;with&nbsp;Antoine Schmitt, an interactive video scratch using 111 very small loops from his own past LPs.</p>\n<h2>&nbsp;</h2>\n<h2><span id=\"Plunderphonics_.28EP.29\"></span><span id=\"Plunderphonics_(EP)\" class=\"mw-headline\"><em>Plunderphonics</em>&nbsp;(EP)</span></h2>\n<p><em>Plunderphonics</em>&nbsp;was used as the title of an&nbsp;EP&nbsp;release by John Oswald. Oswald's original use of the word was to indicate a piece that was created from samples of a single artist and no other material. Influenced by&nbsp;William S. Burroughs'&nbsp;cut-up technique, he began making plunderphonic recordings in the 1970s. In 1988 he distributed copies of the&nbsp;<em>Plunderphonics</em>&nbsp;EP to the press and to&nbsp;radio stations. It contained four tracks:<sup id=\"cite_ref-CoA_4-0\" class=\"reference\">[4]</sup>&nbsp;\"Pretender\" featured a single of&nbsp;Dolly Parton&nbsp;singing \"The Great Pretender\" progressively slowed down on a&nbsp;Lenco&nbsp;Bogen turntable so that she eventually sounds like a man; \"Don't\" was&nbsp;Elvis Presley's recording of the titular song overlaid with samples from the recording and overdubs by various musicians, including&nbsp;Bob Wiseman,&nbsp;Bill Frisell&nbsp;and&nbsp;Michael Snow; \"Spring\" was an edited version of&nbsp;Igor Stravinsky's&nbsp;<em>The Rite of Spring</em>, shuffled around and with different parts played on top of one another; \"Pocket\" was based on&nbsp;Count Basie's \"Corner Pocket,\" edited so that various parts loop a few times.</p>\n<h2>&nbsp;</h2>\n<h2><span id=\"Plunderphonic_.28album.29\"></span><span id=\"Plunderphonic_(album)\" class=\"mw-headline\"><em>Plunderphonic</em>&nbsp;(album)</span></h2>\n<p>In 1989 Oswald released a greatly expanded&nbsp;album&nbsp;version of&nbsp;<em>Plunderphonics</em>&nbsp;with twenty-five tracks.<sup id=\"cite_ref-CoA_4-1\" class=\"reference\">[4]</sup>&nbsp;As on the EP, each track used material by just one artist. It reworked material by both&nbsp;popular musicians&nbsp;like&nbsp;The Beatles, and&nbsp;classical&nbsp;works such as&nbsp;Ludwig van Beethoven's&nbsp;<em>Symphony No. 7</em>. Like the EP, it was never offered for sale. A central idea behind the record was that the fact that all the sounds were \"stolen\" should be quite blatant. The packaging listed the sources of all the samples used, but authorization for them to be used on the record was neither sought nor given. All undistributed copies of&nbsp;<em>plunderphonic</em>&nbsp;were destroyed<sup id=\"cite_ref-5\" class=\"reference\">[5]</sup>&nbsp;after a threat of legal action from the&nbsp;Canadian Recording Industry Association&nbsp;on behalf of several of their clients (notably&nbsp;Michael Jackson, whose&nbsp;song&nbsp;\"Bad\" had been chopped into tiny pieces and rearranged as \"Dab\") who alleged copyright abuses. Various press statements by record industry representatives revealed that a particular item of contention was the album cover art which featured a transformed image of Michael Jackson derived from his Bad cover.<sup id=\"cite_ref-6\" class=\"reference\">[6]</sup></p>\n<h2>&nbsp;</h2>\n<h2><span id=\"Later_works\" class=\"mw-headline\">Later works</span></h2>\n<p>Oswald was subsequently approached by&nbsp;Phil Lesh&nbsp;to use&nbsp;Grateful Dead&nbsp;material on what became the&nbsp;<em>Grayfolded</em>&nbsp;album.<sup id=\"cite_ref-7\" class=\"reference\">[7]</sup></p>\n<p>&nbsp;</p>\n<p>Later works by Oswald, such as&nbsp;<em>Plexure</em>, which lasts just twenty minutes but is claimed to contain around one thousand very short samples of pop music stitched together,<sup id=\"cite_ref-8\" class=\"reference\">[8]</sup>&nbsp;are not strictly speaking \"plunderphonic\" according to Oswald's original conception (he himself used the term&nbsp;<em>megaplundermorphonemiclonic</em>&nbsp;for&nbsp;<em>Plexure</em>), but the term \"plunderphonic\" is used today in a looser sense to indicate any music completely &mdash; or almost completely &mdash; made up of samples.&nbsp;Plunderphonics 69/96&nbsp;is a compilation of Oswald's work, including tracks from the original&nbsp;<em>plunderphonic</em>&nbsp;CD.</p>\n<p>&nbsp;</p>\n<p>It is often assumed that \"plunderphonics\" is a brand name that Oswald applies exclusively to his recordings<sup class=\"noprint Inline-Template Template-Fact\">[<em><span title=\"This claim needs references to reliable sources. (July 2008)\">citation needed</span></em>]</sup>, but he has stated several times that he considers the term to describe a genre of music, with many exponents.</p>\n<h2>&nbsp;</h2>\n<h2><span id=\"Works_by_other_artists\" class=\"mw-headline\">Works by other artists</span></h2>\n<p>Another important early purveyor of what can be described as plunderphonics was&nbsp;Negativland&nbsp;(See Negativland's \"Fair Use: The Story of the Letter U and the Numeral 2\"). While Oswald used easily recognizable and familiar sources, Negativland's sources were sometimes more obscure. 1983's&nbsp;<em>A Big 10-8 Place</em>, for instance, consists of recordings of people talking on the radio. Their next album,&nbsp;<em>Escape From Noise</em>, like most of their later records, also makes extensive use of&nbsp;spoken-word&nbsp;samples, often to make particular&nbsp;political&nbsp;points. Their most famous release, the&nbsp;<em>U2</em>&nbsp;EP, featured an extended rant from radio&nbsp;DJ&nbsp;Casey Kasem&nbsp;and extensively sampled&nbsp;U2's \"I Still Haven't Found What I'm Looking For\", which resulted in a lawsuit being brought by U2's&nbsp;label,&nbsp;Island Records.</p>\n<p>&nbsp;</p>\n<p>Both Oswald and Negativland made their recordings by cutting up&nbsp;magnetic tape&nbsp;(or later using&nbsp;digital&nbsp;technology), but several&nbsp;DJs&nbsp;have also produced plunderphonic works using&nbsp;turntables; in fact, \"digging\" for samples plays a large part in DJ&nbsp;culture.&nbsp;Christian Marclay&nbsp;is a&nbsp;turntablist&nbsp;who has been using other people's records as the sole source of his music-making since the late 1970s. He often treats the records in unusual ways, for example, he has physically cut up a group of records and stuck them together, making both a visual and aural&nbsp;collage. Sometimes several spoken-word or&nbsp;lounge music&nbsp;records bought from&nbsp;thrift stores&nbsp;are mashed together to make a Marclay track, but his&nbsp;<em>More Encores</em>&nbsp;album cuts up tracks by the likes of&nbsp;Maria Callas&nbsp;and&nbsp;Louis Armstrong&nbsp;in a way similar to Oswald's work on&nbsp;<em>Plunderphonics</em>. Marclay's experimental approach has been taken up by the likes of&nbsp;Roberto Musci&nbsp;&amp; Giovanni Venosta,&nbsp;Otomo Yoshihide,&nbsp;Philip Jeck&nbsp;and&nbsp;Martin T&eacute;treault, although in these artist's works the records used are sometimes heavily disguised and unrecognizable.</p>\n<p>&nbsp;</p>\n<p>The Bran Flakes&nbsp;and&nbsp;People Like Us&nbsp;have both used thrift store records to create their music; the&nbsp;Canadian&nbsp;pop band&nbsp;TAS 1000&nbsp;did the same with thrift store&nbsp;answering machine&nbsp;tapes. Late 80's house musicians like&nbsp;Coldcut,&nbsp;S'Express,&nbsp;MARRS&nbsp;used cut-up collages to build dance music songs.&nbsp;Kid 606&nbsp;has created quite a bit of plunderphonic work (most notably \"The Action-Packed Mentalist Bring You the Fucking Jams\"), similarly never seeking permission, although his work is sold commercially.&nbsp;Akufen&nbsp;used more than 2000 plundered sound samples to build his&nbsp;<em>My Way</em>&nbsp;album.&nbsp;Wobbly&nbsp;is also known for his plunderphonic works, most notably \"Wild Why\", a CD piece compiled from his own recordings of mainstream&nbsp;Hip-Hop&nbsp;radio from the&nbsp;San Francisco Bay Area. In Italy Filippo Paolini (aka &Oslash;kapi) has published several albums using samples also for post-classical music projects.</p>\n<p>&nbsp;</p>\n<p>Vicki Bennett of People Like Us has extended the plunderphonic ideal to&nbsp;video, creating&nbsp;films&nbsp;to accompany her music by plundering the resources of the&nbsp;Prelinger Archives, the online part of the collection of film archivist&nbsp;Rick Prelinger. Anne McGuire used similar techniques in her 1992 film&nbsp;<em>Strain Andromeda The</em>. With permission, McGuire reversed&nbsp;<em>The Andromeda Strain</em>&nbsp;shot&nbsp;by shot so that everything unfolded in reverse order, although with each scene running in normal time with comprehensible&nbsp;dialogue.</p>\n<p>&nbsp;</p>\n<p>Andrea Rocca&rsquo;s 1994 album Heartsounds, and much of his subsequent output, makes extensive use of plunderphonics, with dialogue and musical fragments taken from sources as diverse as cartoons and pornography.</p>\n<p>&nbsp;</p>\n<p>Another approach is to take two very different records and play them simultaneously. An early example of this is the&nbsp;Evolution Control Committee's&nbsp;<em>Whipped Cream Mixes</em>&nbsp;(1994), which laid the vocals from&nbsp;Public Enemy's \"Rebel Without a Pause\" over&nbsp;Herb Alpert's \"Bittersweet Samba\". This gave rise to the so-called \"bastard pop\" or \"mash-up\" phenomenon where an&nbsp;a cappella&nbsp;version of one song is&nbsp;mixed&nbsp;on top of a purely&nbsp;instrumental&nbsp;version of another song.&nbsp;Soulwax&nbsp;and&nbsp;Richard X&nbsp;have both produced records along these lines.</p>\n<p>&nbsp;</p>\n<p>New possibilities in plunderphonics projects are permitted by&nbsp;Dataflow programming languages, such as&nbsp;Pure Data&nbsp;and&nbsp;Max/Msp, allowing the artist to even release true aleatory works, which will sound different each time the listener executes the algorithm, an example of this approach is the work of&nbsp;Alea T. - Hot 01-00-09.</p>\n<p>&nbsp;</p>\n<p>There are also several&nbsp;Web-based plunderphonics projects.&nbsp;The Droplift Project&nbsp;created a&nbsp;compilation CD&nbsp;of plunderphonic works which was then \"drop lifted\" into&nbsp;record stores&nbsp;(this involved slipping copies of the record onto the shelves without knowledge of the store owner &mdash; a sort of reverse stealing).&nbsp;Dictionaraoke&nbsp;took audio clips from online&nbsp;dictionaries&nbsp;and stitched them together so that they recited the words of various popular songs while instrumental versions of the music (often in&nbsp;MIDI&nbsp;renderings) played along.&nbsp;Vaporwave, which largely consists of sampled and slowed down 1980s pop music, has been cited as a subgenre of plunderphonics.<sup id=\"cite_ref-9\" class=\"reference\">[9]</sup></p>\n<h2>&nbsp;</h2>\n<h2><span id=\"Notes\" class=\"mw-headline\">Notes</span></h2>\n<div class=\"reflist\">\n<div class=\"mw-references-wrap\">\n<ol class=\"references\">\n<li id=\"cite_note-plunder-1\"><span class=\"mw-cite-backlink\"><strong>^</strong></span>&nbsp;<span class=\"reference-text\"><cite id=\"CITEREFOswald1985\" class=\"citation web cs1\">Oswald, John (1985).&nbsp;\"Plunderphonics, or Audio Piracy as a Compositional Prerogative\"<span class=\"reference-accessdate\">. Retrieved&nbsp;<span class=\"nowrap\">15 Apr</span>&nbsp;2019</span>.</cite></span></li>\n<li id=\"cite_note-wire-2\"><span class=\"mw-cite-backlink\"><strong>^</strong></span>&nbsp;<span class=\"reference-text\"><cite id=\"CITEREFReynolds1995\" class=\"citation news cs1\">Reynolds, Simon (1995). \"JOHN OSWALD / GRAYFOLDED\".&nbsp;<em>The Wire</em>.</cite></span></li>\n<li id=\"cite_note-3\"><span class=\"mw-cite-backlink\"><strong>^</strong></span>&nbsp;<span class=\"reference-text\">Machiavel (free download)</span></li>\n<li id=\"cite_note-CoA-4\"><span class=\"mw-cite-backlink\">^&nbsp;<span class=\"cite-accessibility-label\">Jump up to:</span><sup><em><strong>a</strong></em></sup>&nbsp;<sup><em><strong>b</strong></em></sup></span>&nbsp;<span class=\"reference-text\"><cite id=\"CITEREFSanjek1993\" class=\"citation book cs1\">Sanjek, David (1993).&nbsp;<em>The Construction of Authorship: Textual Appropriation in Law and Literature</em>. Duke University Press. p.&nbsp;358.&nbsp;ISBN&nbsp;<bdi>0822314126</bdi>.</cite></span></li>\n<li id=\"cite_note-5\"><span class=\"mw-cite-backlink\"><strong>^</strong></span>&nbsp;<span class=\"reference-text\"><cite id=\"CITEREFCollins2009\" class=\"citation book cs1\">Collins, Nick (2009).&nbsp;<em>Introduction to Computer Music</em>. Wiley. p.&nbsp;66.&nbsp;ISBN&nbsp;<bdi>978-0470714553</bdi>.</cite></span></li>\n<li id=\"cite_note-6\"><span class=\"mw-cite-backlink\"><strong>^</strong></span>&nbsp;<span class=\"reference-text\">Taking Sampling 50 Times Beyond the Accepted: an interview with John Oswald, Part 2, by Norman Igma. Musicworks # 48</span></li>\n<li id=\"cite_note-7\"><span class=\"mw-cite-backlink\"><strong>^</strong></span>&nbsp;<span class=\"reference-text\"><cite id=\"CITEREFMorris1995\" class=\"citation news cs1\">Morris, Chris (21 October 1995).&nbsp;\"Tape Techie \"plunders\" Dead \"Dark Star<span class=\"cs1-kern-right\">\"</span>\".&nbsp;<em>Billboard</em><span class=\"reference-accessdate\">. Retrieved&nbsp;<span class=\"nowrap\">20 December</span>&nbsp;2012</span>.</cite></span></li>\n<li id=\"cite_note-8\"><span class=\"mw-cite-backlink\"><strong>^</strong></span>&nbsp;<span class=\"reference-text\"><cite id=\"CITEREFJones1998\" class=\"citation book cs1\">Jones, Andrew (1998).&nbsp;<em>Plunderphonics, 'Pataphysics and Pop Mechanics: An Introduction to Musique Actuelle</em>. SAF Publishing. pp.&nbsp;139&ndash;140.&nbsp;ISBN&nbsp;<bdi>0946719152</bdi>.</cite></span></li>\n<li id=\"cite_note-9\"><span class=\"mw-cite-backlink\"><strong>^</strong></span>&nbsp;<span class=\"reference-text\"><cite id=\"CITEREFStepanski2015\" class=\"citation web cs1\">Stepanski, Sam (27 August 2015).&nbsp;\"The Evolution of Vaporware\".&nbsp;<em>RATSmagazine</em><span class=\"reference-accessdate\">. Retrieved&nbsp;<span class=\"nowrap\">20 February</span>&nbsp;2017</span>.</cite></span></li>\n</ol>\n</div>\n</div>",
 "remarks": "本词条汉字内容由 @多频百科团队 翻译+编辑\n原文译自 https://en.wikipedia.org/wiki/Plunderphonics",
 "remarksEn": "本词条内容来自 https://en.wikipedia.org/wiki/Plunderphonics",
 "status": 1,
 "clickNum": 38,
 "deleted": 0,
 "lang": 0,
 "chooseLang": true,
 "id": 19,
 "name": "Plunderphonics",
 "descriptions": "Plunderphonics（拼接采样乐）是一种音乐流派，相关音乐是通过对可识别的音乐作品进行采样来构建的。这个词是由作曲家John Oswald在1985年的文章 \"Plunderphonics, or Audio Piracy as a Compositional Prerogative \"中提出的，并最终在他的《Grayfolded》专辑的注释中明确定义。Plunderphonics可以说是声音拼贴的一种形式。Oswald将其描述为一种参照性和自我意识性的实践，它质疑原创性和同一性的概念。 ",
 "originalName": "拼接采样乐",
 "startTimeText": "1980s",
 "startAddress": "",
 "searchStyle": "Plunderphonics",
 "styleCategory": "Experimental Music",
 "originalStyle": "Sound collage, electronic, hip hop, turntablism, library music, spoken word, public broadcasting, found sound, musique concrete, film score",
 "affectStyle": "Hauntology, vaporwave",
 "deriveStyle": "",
 "representArtist": "",
 "officialUrl": "https://en.wikipedia.org/wiki/Plunderphonics",
 "typeId": 13,
 "typeName": "风格",
 "dataId": 19,
 "url": "http://dropinapp.hearinmusic.com/#/ency?typeId=13&dataId=19"
}