{
 "pageNum": 1,
 "pageSize": 10,
 "params": {},
 "relationChannel": "[{\"id\":1265,\"parentId\":8,\"name\":\"Post-disco\"}]",
 "content": "<div>\n<div class=\"document\">\n<div>\n<div class=\"document\">\n<div>Post-disco描述的是大约在1979 &ndash;1984年的流行音乐历史变化，那段时期在美国disco音乐开始遭到抵制，导致1979年7月12日芝加哥发生了Disco Demolition Night的暴乱，随着20世纪80年代初主流&ldquo;New-age&rdquo;音乐出现，disco退场。Disco在其衰亡阶段变得越来越电子化，它是new wave, old-school hip hop, euro disco的前身，被一个称为hi-NRG的地下俱乐部音乐继续发扬光大，这是它的直接延续。</div>\n<div>&nbsp;</div>\n<div>不久后，在美国东海岸发起了一场既非disco也非R&amp;B的地下disco运动，它被&ldquo;简化&rdquo;并以&ldquo;截然不同的声音&rdquo;为特色。这一种音乐场景被称为post-disco，它迎合纽约大都会地区的需求，最初是由当代城市艺术家主导的，部分原因是为了应对disco文化的过度商业化和艺术上的衰败。post-disco从rhythm和blues发展而来，由Parliament-Funkadelic进行完善，包括disco的电子元素，配音音乐技巧和其他流派的发展。post-disco的典型代表是来自纽约的音乐组合如&ldquo;D&rdquo;Train和Unlimited Touch，他们采用了更urban的方式，而其他乐队，如Material 和ESG，则采用了更实验性的方式。和disco一样，post-disco音乐市场主要由独立唱片公司控制，在整个20世纪80年代早期到中期，它在跨界排行榜上取得了成功。大多数创造性的控制权掌握在唱片制作人和俱乐部dj手中，这是一种超越了dance-pop时代的趋势。</div>\n<div>&nbsp;</div>\n<div>在post-disco时代出现的其他音乐风格包括dance-pop, boogie,和Italo disco，并带来了早期alternative dance, 以Club体验为核心的 house 以及 techno 音乐的发展。</div>\n<div>&nbsp;</div>\n<p class=\"paragraph text-align-type-left pap-line-1.8 pap-line-rule-auto pap-spacing-before-2pt pap-spacing-after-2pt\"><strong>特征</strong></p>\n<div>\n<div class=\"document\">\n<p class=\"paragraph text-align-type-left pap-line-1.8 pap-line-rule-auto pap-spacing-before-2pt pap-spacing-after-2pt\">在Post-disco音乐中，鼓机、合成器、音序器在作品中占部分或全部主导地位，又或者会与各种原声乐器混合，这取决于艺术家和其所在年份。 在此期间，电子乐器每年都变得越来越流行，并在 1980 年代中期完全主导了这一流派。</p>\n<p class=\"paragraph text-align-type-left pap-line-1.8 pap-line-rule-auto pap-spacing-before-2pt pap-spacing-after-2pt\">&nbsp;</p>\n<p class=\"paragraph text-align-type-left pap-line-1.8 pap-line-rule-auto pap-spacing-before-2pt pap-spacing-after-2pt\">Darryl Payn讨论了实现Post-disco的最简方式，他说：</p>\n<p class=\"paragraph text-align-type-left pap-line-1.8 pap-line-rule-auto pap-spacing-before-2pt pap-spacing-after-2pt\">制作人使用了更多的声音和更少的乐器：如&ldquo;Forget Me Nots&rdquo;和&ldquo;Don't Make Me Wait&rdquo;等曲目真的很空，但人们可以进入。</p>\n<p class=\"paragraph text-align-type-left pap-line-1.8 pap-line-rule-auto pap-spacing-before-2pt pap-spacing-after-2pt\">&nbsp;</p>\n<p class=\"paragraph text-align-type-left pap-line-1.8 pap-line-rule-auto pap-spacing-before-2pt pap-spacing-after-2pt\">Post-disco的主力军主要是 12\" 单曲格式和短期合作（其中许多是一鸣惊人），而独立唱片制作人则在现场音乐方向上发挥了重要作用。 这类音乐迎合dance和urban观众，并于后来影响到更受欢迎和主流的艺人如Madonna, New Order 和 Pet Shop Boys等。</p>\n<p class=\"paragraph text-align-type-left pap-line-1.8 pap-line-rule-auto pap-spacing-before-2pt pap-spacing-after-2pt\">&nbsp;</p>\n<p class=\"paragraph text-align-type-left pap-line-1.8 pap-line-rule-auto pap-spacing-before-2pt pap-spacing-after-2pt\"><span style=\"text-decoration: underline;\">音乐元素</span></p>\n<p class=\"paragraph text-align-type-left pap-line-1.8 pap-line-rule-auto pap-spacing-before-2pt pap-spacing-after-2pt\">Post-disco音乐往往以电子技术为中心，充满键盘音色，旋律优美，Funk风味的Bassline（通常在 Minimoog 上演奏）、Synth循环乐句、Dub音乐美学以及爵士乐或蓝调的钢琴层。 对于弦乐和铜管乐部分，合成器的声音比在许多迪斯科曲目中听到的郁郁葱葱的管弦乐更受欢迎，尽管这种编排后来又会在一些House音乐中重新出现。 然而，深情的灵魂女声仍然是Post-disco的精髓。</p>\n<p class=\"paragraph text-align-type-left pap-line-1.8 pap-line-rule-auto pap-spacing-before-2pt pap-spacing-after-2pt\">&nbsp;</p>\n<p class=\"paragraph text-align-type-left pap-line-1.8 pap-line-rule-auto pap-spacing-before-2pt pap-spacing-after-2pt\"><strong>术语使用</strong></p>\n<p class=\"paragraph text-align-type-left pap-line-1.8 pap-line-rule-auto pap-spacing-before-2pt pap-spacing-after-2pt\">早在 1984 年，Cadence 杂志就使用了&ldquo;Post-disco&rdquo;一词，将Post-disco soul定义为&ldquo;没有响亮的bass drum重击的迪斯科&rdquo;。纽约杂志在1985年 12 月发表的一篇文章中使用了这个词；这是 Gregory Hines 向俄裔美国舞蹈编导Mikhail Baryshnikov介绍了Post-disco和Electro Funk，并补充道：&ldquo;他从未听过这种音乐。&rdquo;。 AllMusic 指出，该术语表示这个时代的一种音乐流派。迪斯科音乐的终结和仍模糊不清的House音乐的出现。</p>\n<p class=\"paragraph text-align-type-left pap-line-1.8 pap-line-rule-auto pap-spacing-before-2pt pap-spacing-after-2pt\">&nbsp;</p>\n<p class=\"paragraph text-align-type-left pap-line-1.8 pap-line-rule-auto pap-spacing-before-2pt pap-spacing-after-2pt\">在其他历史案例中，该术语被以嘲讽的方式使用。杂志Spy在他们的 Spy's Rock Critic-o-Matic 文章中含蓄地嘲笑了&ldquo;后朋克&rdquo;和&ldquo;后迪斯科&rdquo;这两个术语的使用，同时误导了 Rolling Stone, The Village Voice 以及 Spin发表的各种音乐评论。 古巴裔美国作家 El&iacute;as Miguel Mu&ntilde;oz 在他 1989 年的小说《疯狂的爱情》(Crazy Love) 中，有一段写移居美国后的音乐家讨论他们的&ldquo;风格&rdquo;可能是什么时，也以讽刺的方式使用了这个词。</p>\n<p class=\"paragraph text-align-type-left pap-line-1.8 pap-line-rule-auto pap-spacing-before-2pt pap-spacing-after-2pt\">&nbsp;</p>\n<div>\n<div class=\"document\">\n<p class=\"paragraph text-align-type-left pap-line-1.8 pap-line-rule-auto pap-spacing-before-2pt pap-spacing-after-2pt\"><strong>历史</strong></p>\n<p class=\"paragraph text-align-type-left pap-line-1.8 pap-line-rule-auto pap-spacing-before-2pt pap-spacing-after-2pt\"><strong>背景事件</strong></p>\n<p class=\"paragraph text-align-type-left pap-line-1.8 pap-line-rule-auto pap-spacing-before-2pt pap-spacing-after-2pt\"><span style=\"text-decoration: underline;\">美国</span></p>\n<p class=\"paragraph text-align-type-left pap-line-1.8 pap-line-rule-auto pap-spacing-before-2pt pap-spacing-after-2pt\">在美国各地的迪斯科抨击&ldquo;Disco Sucks&rdquo;运动之后不久，美国广播电台开始关注雷鬼、朋克摇滚或新浪潮等其他流行音乐形式，而顶级主流唱片公司和唱片公司如Casablanca、TK Records 以及 RSO 走向破产。由于迪斯科音乐一直在向更电子音乐的道路上发展，它开始逐步形成一些子风格和场景，如 Hi-NRG、freestyle、Italo Disco和Boogie。其中Boogie与Post-disco的联系比任何其他分支都更密切。</p>\n<p class=\"paragraph text-align-type-left pap-line-1.8 pap-line-rule-auto pap-spacing-before-2pt pap-spacing-after-2pt\">&nbsp;</p>\n<p class=\"paragraph text-align-type-left pap-line-1.8 pap-line-rule-auto pap-spacing-before-2pt pap-spacing-after-2pt\">巴西唱片制作人及Fusion Jazz先驱 Eumir Deodato 非常了解美国地下音乐的趋势，通过采用和追求较轻的Post-disco声音拯救了正在走下坡路的美国乐队Kool &amp; the Gang的职业生涯。此举不仅重塑乐队的形象，也成就了他们职业生涯中最成功的作品。 BB &amp; Q. Band (来自厂牌Capitol) 和 Change (来子厂牌Atlantic) 的创作者 Jacques Fred Petrus 是一位法籍意大利 hi-NRG / Italo Disco音乐制作人，他回顾了他从传统迪斯科音乐转向后迪斯科音乐的决定。&ldquo;声音变成了更时髦的Dance/R&amp;B 风格以反映那个时代。&rdquo;法国出生的词曲创作二人组 Henri Belolo 和 Jacques Morali，来自组合Village People的创始成员，将他们以前的Disco项目 Ritchie Family 转移到厂牌 RCA Victor 来发行他们的下一张与Funk音乐家 Fonzi Thornton 和 Petrus 共同制作的专辑《I'll Do My Best》，这反映了他们激进的音乐转变。</p>\n<p class=\"paragraph text-align-type-left pap-line-1.8 pap-line-rule-auto pap-spacing-before-2pt pap-spacing-after-2pt\">&nbsp;</p>\n<p class=\"paragraph text-align-type-left pap-line-1.8 pap-line-rule-auto pap-spacing-before-2pt pap-spacing-after-2pt\">在美国西海岸，尤其是在加利福尼亚，不同的方式又产生了不同的声音。SOLAR Records 的 Dick Griffey 和 Leon Sylvers III 开创了自己的标志性声音。它们制作了来自俄亥俄州的乐队 Lakeside 的专辑 Rough Riders，其中已经展示了Post-disco的新趋势。Billboard在对该专辑的称赞中指出&ldquo;器乐上展示了编排特点（以铜管、键盘和吉他为特色）&rdquo;。Post-disco的分水岭专辑是迈克尔&middot;杰克逊的《Off The Wall》，由Quincy Jones制作，它帮助确立了 R&amp;B/Dance 音乐的方向，并影响了许多对这种新音乐感兴趣的年轻制作人。</p>\n<p class=\"paragraph text-align-type-left pap-line-1.8 pap-line-rule-auto pap-spacing-before-2pt pap-spacing-after-2pt\">&nbsp;</p>\n<p class=\"paragraph text-align-type-left pap-line-1.8 pap-line-rule-auto pap-spacing-before-2pt pap-spacing-after-2pt\">其它早期美国Post-disco艺术家包括 Rick James、Change 和 Teena Marie。</p>\n<p class=\"paragraph text-align-type-left pap-line-1.8 pap-line-rule-auto pap-spacing-before-2pt pap-spacing-after-2pt\">&nbsp;</p>\n<p class=\"paragraph text-align-type-left pap-line-1.8 pap-line-rule-auto pap-spacing-before-2pt pap-spacing-after-2pt\"><span style=\"text-decoration: underline;\">欧洲</span></p>\n<p class=\"paragraph text-align-type-left pap-line-1.8 pap-line-rule-auto pap-spacing-before-2pt pap-spacing-after-2pt\">欧洲的迪斯科相对未受美国事件的影响，仅在英国有所下滑，但这主要是因为 1981 年左右出现了New wave和New Ramantic运动。在意大利，Disco继续蓬勃发展，总的来说，人们对电子音乐的兴趣在不断增长。</p>\n<p class=\"paragraph text-align-type-left pap-line-1.8 pap-line-rule-auto pap-spacing-before-2pt pap-spacing-after-2pt\">&nbsp;</p>\n<p class=\"paragraph text-align-type-left pap-line-1.8 pap-line-rule-auto pap-spacing-before-2pt pap-spacing-after-2pt\"><span style=\"text-decoration: underline;\">英国</span></p>\n<p class=\"paragraph text-align-type-left pap-line-1.8 pap-line-rule-auto pap-spacing-before-2pt pap-spacing-after-2pt\">与美国的反迪斯科显着不同，在英国，新浪潮运动最初大量借鉴迪斯科音乐（尽管这种关联将在 1979 年底被清除）和从美国后迪斯科等流派中汲取了许多元素，从而创造了一个有特色的场景。 根据Billboard的说法，美国后迪斯科只是不同流派的交叉，同时专注于电子和 R&amp;B 泛音，而Jazz Funk是英国后迪斯科场景的关键元素，它产生了像 Chaz Jankel、Central Line 或 Imagination 等艺术家。</p>\n<p class=\"paragraph text-align-type-left pap-line-1.8 pap-line-rule-auto pap-spacing-before-2pt pap-spacing-after-2pt\">&nbsp;</p>\n<p class=\"paragraph text-align-type-left pap-line-1.8 pap-line-rule-auto pap-spacing-before-2pt pap-spacing-after-2pt\"><strong>时间线</strong></p>\n<p class=\"paragraph text-align-type-left pap-line-1.8 pap-line-rule-auto pap-spacing-before-2pt pap-spacing-after-2pt\">尽管Post-disco没有确切开始的时间点，但当时的许多合成器流行音乐和电子音乐家在强调原始极简主义声音的同时，也专注于合成器和键盘乐器。 正如Payne所指出的，鼓机在总体上以Urban为导向的音乐中也发挥了重要作用。</p>\n<p class=\"paragraph text-align-type-left pap-line-1.8 pap-line-rule-auto pap-spacing-before-2pt pap-spacing-after-2pt\">&nbsp;</p>\n<p class=\"paragraph text-align-type-left pap-line-1.8 pap-line-rule-auto pap-spacing-before-2pt pap-spacing-after-2pt\"><span style=\"text-decoration: underline;\">1977-1979</span></p>\n<p class=\"paragraph text-align-type-left pap-line-1.8 pap-line-rule-auto pap-spacing-before-2pt pap-spacing-after-2pt\">当时Disco音乐处于鼎盛时期，号角和弦乐部分是迪斯科和流行歌曲的主要组成部分。这种声音也称为disco orchestration（迪斯科管弦乐）。 然而，一些音乐家和制作人完全摒弃了管弦乐队的华丽声音，这为舞曲音乐开辟了新的方向。</p>\n<p class=\"paragraph text-align-type-left pap-line-1.8 pap-line-rule-auto pap-spacing-before-2pt pap-spacing-after-2pt\">&nbsp;</p>\n<ul>\n<li>\n<p class=\"paragraph text-align-type-left pap-line-1.8 pap-line-rule-auto pap-spacing-before-2pt pap-spacing-after-2pt pap-hanging-indent-2em\">比较少见的国际上的例子，包括法国音乐项目 Black Devil Disco Club、法国音乐家 Cerrone 和比利时乐队 Telex。</p>\n</li>\n<li>\n<p class=\"paragraph text-align-type-left pap-line-1.8 pap-line-rule-auto pap-spacing-before-2pt pap-spacing-after-2pt pap-hanging-indent-2em\">美国本土的Parliament-Funkadelic。 他们以大量使用Bass和&ldquo;常规&rdquo;合成器并发明了 P-Funk 风格而闻名。</p>\n</li>\n</ul>\n<p class=\"paragraph text-align-type-left pap-line-1.8 pap-line-rule-auto pap-spacing-before-2pt pap-spacing-after-2pt\">&nbsp;</p>\n<p class=\"paragraph text-align-type-left pap-line-1.8 pap-line-rule-auto pap-spacing-before-2pt pap-spacing-after-2pt\"><span style=\"text-decoration: underline;\">1980s：黄金时期</span></p>\n<p class=\"paragraph text-align-type-left pap-line-1.8 pap-line-rule-auto pap-spacing-before-2pt pap-spacing-after-2pt\">这个时期，大量Post-disco相关的作品（大多数是R&amp;B/Pop方向的）在主流市场上取得了巨大的商业成功，大量作品在美国Billboard和英国UK榜等主流榜单上取得极佳的成绩。其中接触的艺术家包括Prince, Kool &amp; the Gang, The Whispers, Madonna, Grace Jones, Patrice Rushen, Stevie Wonder, Michael Jackson, Billy Ocean, David Bowie, Diana Ross等</p>\n<p class=\"paragraph text-align-type-left pap-line-1.8 pap-line-rule-auto pap-spacing-before-2pt pap-spacing-after-2pt\">&nbsp;</p>\n<p class=\"paragraph text-align-type-left pap-line-1.8 pap-line-rule-auto pap-spacing-before-2pt pap-spacing-after-2pt\"><span style=\"text-decoration: underline;\">1980-1981</span></p>\n<p class=\"paragraph text-align-type-left pap-line-1.8 pap-line-rule-auto pap-spacing-before-2pt pap-spacing-after-2pt\">在Quincy Jones制作的专辑 Off the Wall 和其他准主流的Urban音乐团体如 Lakeside 取得成功之后，其他Disco音乐团体要么开始同化或改编新的声音（如 The Whispers、The SOS Band、Inner Life、Earth、 Wind &amp; Fire 和美国的 Shalamar；Nick Straker Band 和英国的 Freeez）。 其他受Post-disco影响的音乐家包括 Stacy Lattisaw、Kurtis Blow 和 George Duke。</p>\n<p class=\"paragraph text-align-type-left pap-line-1.8 pap-line-rule-auto pap-spacing-before-2pt pap-spacing-after-2pt\">&nbsp;</p>\n<p class=\"paragraph text-align-type-left pap-line-1.8 pap-line-rule-auto pap-spacing-before-2pt pap-spacing-after-2pt\">尝试新声音实验的音乐制作人包括：</p>\n<ul>\n<li>\n<p class=\"paragraph text-align-type-left pap-line-1.8 pap-line-rule-auto pap-spacing-before-2pt pap-spacing-after-2pt pap-hanging-indent-2em\">Leroy Burgess 和 Patrick Adams，他们也曾合作作为 The Universal Robot Band</p>\n</li>\n<li>\n<p class=\"paragraph text-align-type-left pap-line-1.8 pap-line-rule-auto pap-spacing-before-2pt pap-spacing-after-2pt pap-hanging-indent-2em\">Kashif，为 Evelyn &ldquo;Champagne&rdquo; King（专辑来自 I'm in Love to Get Loose）和 Melba Moore 制作了素材。</p>\n</li>\n<li>\n<p class=\"paragraph text-align-type-left pap-line-1.8 pap-line-rule-auto pap-spacing-before-2pt pap-spacing-after-2pt pap-hanging-indent-2em\">混音师、DJ 和其他对Post-disco有影响的艺人包括 Nick Martinelli、Ron Hardy 和 Larry Levan。</p>\n</li>\n</ul>\n<p class=\"paragraph text-align-type-left pap-line-1.8 pap-line-rule-auto pap-spacing-before-2pt pap-spacing-after-2pt\">&nbsp;</p>\n<p class=\"paragraph text-align-type-left pap-line-1.8 pap-line-rule-auto pap-spacing-before-2pt pap-spacing-after-2pt\"><span style=\"text-decoration: underline;\">1982</span></p>\n<p class=\"paragraph text-align-type-left pap-line-1.8 pap-line-rule-auto pap-spacing-before-2pt pap-spacing-after-2pt\">Post-disco的黄金年代，Post-disco声音进入主流。 除了 Billboard Hot 100 之外，大多数音乐家在其他排行榜上都取得了成功。</p>\n<p class=\"paragraph text-align-type-left pap-line-1.8 pap-line-rule-auto pap-spacing-before-2pt pap-spacing-after-2pt\">&nbsp;</p>\n<p class=\"paragraph text-align-type-left pap-line-1.8 pap-line-rule-auto pap-spacing-before-2pt pap-spacing-after-2pt\">这个时期还涌现了了实验性的 No Wave 方向的Post-disco艺术家，如 Material、Liquid Liquid、Dinosaur L 和 Was (Not Was)。</p>\n<p class=\"paragraph text-align-type-left pap-line-1.8 pap-line-rule-auto pap-spacing-before-2pt pap-spacing-after-2pt\">&nbsp;</p>\n<p class=\"paragraph text-align-type-left pap-line-1.8 pap-line-rule-auto pap-spacing-before-2pt pap-spacing-after-2pt\">最重要的Post-disco专辑是迈克尔杰克逊的Thriller，它也成为有史以来最畅销的专辑。 Larry Levan 和 the NYC Peech Boys 录制了早期House作品&ldquo;Don't Make Me Wait&rdquo;。 这个时期的新的音乐家开始涌现了，包括 Imagination、D. Train、Skyy、Aurra、Komiko、Vicky D、Rockers Revenge、Dayton 和 Unlimited Touch。</p>\n<p class=\"paragraph text-align-type-left pap-line-1.8 pap-line-rule-auto pap-spacing-before-2pt pap-spacing-after-2pt\">&nbsp;</p>\n<p class=\"paragraph text-align-type-left pap-line-1.8 pap-line-rule-auto pap-spacing-before-2pt pap-spacing-after-2pt\">受后Post-disco影响的艺术家包括</p>\n<ul>\n<li>\n<p class=\"paragraph text-align-type-left pap-line-1.8 pap-line-rule-auto pap-spacing-before-2pt pap-spacing-after-2pt pap-hanging-indent-2em\">美国：Mtume、Con Funk Shun、Cameo、B. B. &amp; Q. Band、Bar-Kays、Patrice Rushen、Cheryl Lynn 和 Indeep。</p>\n</li>\n<li>\n<p class=\"paragraph text-align-type-left pap-line-1.8 pap-line-rule-auto pap-spacing-before-2pt pap-spacing-after-2pt pap-hanging-indent-2em\">英国：Central Line、Chas Jankel 和 Level 42。</p>\n</li>\n<li>\n<p class=\"paragraph text-align-type-left pap-line-1.8 pap-line-rule-auto pap-spacing-before-2pt pap-spacing-after-2pt pap-hanging-indent-2em\">法国和西德：Indochine、T&eacute;l&eacute;phone、Fancy、The Twins</p>\n</li>\n</ul>\n<p class=\"paragraph text-align-type-left pap-line-1.8 pap-line-rule-auto pap-spacing-before-2pt pap-spacing-after-2pt\">&nbsp;</p>\n<p class=\"paragraph text-align-type-left pap-line-1.8 pap-line-rule-auto pap-spacing-before-2pt pap-spacing-after-2pt\"><span style=\"text-decoration: underline;\">1983-1984</span></p>\n<p class=\"paragraph text-align-type-left pap-line-1.8 pap-line-rule-auto pap-spacing-before-2pt pap-spacing-after-2pt\">这个时期，Post-disco达到了最高峰。 与此同时，麦当娜在商业上取得成功的首张专辑发行，该专辑由 Mtume 和 Jellybean 的 Reggie Lucas 制作。</p>\n<p class=\"paragraph text-align-type-left pap-line-1.8 pap-line-rule-auto pap-spacing-before-2pt pap-spacing-after-2pt\">&nbsp;</p>\n<p class=\"paragraph text-align-type-left pap-line-1.8 pap-line-rule-auto pap-spacing-before-2pt pap-spacing-after-2pt\">Post-disco还开始与Garage House和Freestyle音乐产生联系，从而成功地将Post-disco逐步转型为电子音乐。 这种变化也可以在霹雳舞和嘻哈主题电影中体现，比如 Beat Street 和 Breakin'。</p>\n<p class=\"paragraph text-align-type-left pap-line-1.8 pap-line-rule-auto pap-spacing-before-2pt pap-spacing-after-2pt\">&nbsp;</p>\n<ul>\n<li>\n<p class=\"paragraph text-align-type-left pap-line-1.8 pap-line-rule-auto pap-spacing-before-2pt pap-spacing-after-2pt pap-hanging-indent-2em\">受到影响的新音乐家包括 Class Action、Instant Funk、The Deele、Shannon 和 Up Front。</p>\n</li>\n<li>\n<p class=\"paragraph text-align-type-left pap-line-1.8 pap-line-rule-auto pap-spacing-before-2pt pap-spacing-after-2pt pap-hanging-indent-2em\">著名音乐人包括 Fran&ccedil;ois Kevorkian、Arthur Baker、Shep Pettibone、John \"Jellybean\" Benitez、Frankie Knuckles（House音乐先驱）。</p>\n</li>\n</ul>\n<p class=\"paragraph text-align-type-left pap-line-1.8 pap-line-rule-auto pap-spacing-before-2pt pap-spacing-after-2pt\">&nbsp;</p>\n<p class=\"paragraph text-align-type-left pap-line-1.8 pap-line-rule-auto pap-spacing-before-2pt pap-spacing-after-2pt\"><span style=\"text-decoration: underline;\">1985-1987</span></p>\n<p class=\"paragraph text-align-type-left pap-line-1.8 pap-line-rule-auto pap-spacing-before-2pt pap-spacing-after-2pt\">在这个时期，Post-disco已经融入并消散在各个音乐领域和场景中，包括</p>\n<ul>\n<li>\n<p class=\"paragraph text-align-type-left pap-line-1.8 pap-line-rule-auto pap-spacing-before-2pt pap-spacing-after-2pt pap-hanging-indent-2em\">Dance-pop，一种以舞蹈为导向的流行音乐</p>\n</li>\n<li>\n<p class=\"paragraph text-align-type-left pap-line-1.8 pap-line-rule-auto pap-spacing-before-2pt pap-spacing-after-2pt pap-hanging-indent-2em\">Techno和House音乐</p>\n</li>\n</ul>\n<p class=\"paragraph text-align-type-left pap-line-1.8 pap-line-rule-auto pap-spacing-before-2pt pap-spacing-after-2pt\">当Post-disco达到高潮时，Peech Boys 和其他 1980 年代早期艺术家录制的配音技术到那时几乎被摒弃，取而代之的是合成流行音乐变体。 Post-disco以与多风格自由跨界音乐的形式保存下来，代表人物包括 Raww、Hanson &amp; Davis、Timex Social Club、Starpoint 和 Miami Sound Machine。</p>\n<p class=\"paragraph text-align-type-left pap-line-1.8 pap-line-rule-auto pap-spacing-before-2pt pap-spacing-after-2pt\">&nbsp;</p>\n<p class=\"paragraph text-align-type-left pap-line-1.8 pap-line-rule-auto pap-spacing-before-2pt pap-spacing-after-2pt\"><span style=\"text-decoration: underline;\">2000s：Post-disco复兴</span></p>\n<p class=\"paragraph text-align-type-left pap-line-1.8 pap-line-rule-auto pap-spacing-before-2pt pap-spacing-after-2pt\">在 1990 年代后期和整个 2000 年代，电子音乐家，尤其是House音乐家都受到Post-disco的影响。其中具代表性的包括法国House组合Daft Punk，将后迪斯科、迪斯科和合成流行元素融入到专辑 Discovery 中。另一位艺术家 Les Rythmes Digitales 发行了一张受Post-disco/Electro 影响的专辑 Darkdancer。加拿大音乐团体 Chromeo 于 2004 年以专辑 She's in Control 首次亮相。同样的还有洛杉矶音乐人 D&acirc;m-Funk 于 2009 年录制和发行了 Toeachizown，一张受Boogie和Electro影响的专辑。 另一支来自纽约市的名为 Escort 的乐队在 2006 年左右出现在后迪斯科和后朋克复兴的场景中。关于 Escort 的故事于 2011 年 11 月出现在《纽约时报》上。在世纪之交，采样迪斯科和后迪斯科歌曲成为 R&amp;B 音乐的一个显着特征。玛丽亚凯莉和珍妮特杰克逊等艺术家在他们的作品中融入了强烈的后迪斯科元素，后迪斯科影响的歌曲如 Heartbreaker、Honey、Fantasy 和 All For You 在 Billboard Hot 100 中都曾排名第一。</p>\n<p class=\"paragraph text-align-type-left pap-line-1.8 pap-line-rule-auto pap-spacing-before-2pt pap-spacing-after-2pt\">&nbsp;</p>\n<p class=\"paragraph text-align-type-left pap-line-1.8 pap-line-rule-auto pap-spacing-before-2pt pap-spacing-after-2pt\">以Post-disco和Electro艺术家为主题的当代合辑（例如 Imagination、Level 42、Afrika Bambaataa）包括 The Perfect Beats 系列（Volume 1-4），以及 Nighttime Lovers（Volume 1-10）和名为 The Boogie Back: Post Disco Club Jams 的mixed-up专辑等。</p>\n<p class=\"paragraph text-align-type-left pap-line-1.8 pap-line-rule-auto pap-spacing-before-2pt pap-spacing-after-2pt\">&nbsp;</p>\n<p class=\"paragraph text-align-type-left pap-line-1.8 pap-line-rule-auto pap-spacing-before-2pt pap-spacing-after-2pt\"><strong>先驱和追随者</strong></p>\n<p class=\"paragraph text-align-type-left pap-line-1.8 pap-line-rule-auto pap-spacing-before-2pt pap-spacing-after-2pt\">像 Sly 和 Family Stone 这样的psychedelic soul音乐艺术家喜欢通过使用合成器、电子风琴等乐器来突破传统音乐的界限。多乐器演奏家 Stevie Wonder 是在被 T.O.N.T.O. Expanding Head Band（由音响设计师组成的有影响力的跨国电子音乐二人组）的作品深刻影响而进入模拟合成器领域探索的早期艺术家之一。Wonder 评论道：&ldquo;在技术和音乐科学处于进化最高点的时代，这是多么伟大&hellip;&hellip;向伟大干杯，向Zero Time干杯，永远。&rdquo;随着市场上个性化合成器的不断丰富，它们变得更加商业化和易于使用，尤其是那些由 Roland Corporation 生产的合成器。其第一批用户包括艺术家George Clinton和他的Parliament-Funkadelic（P-Funk）项目，它们拥有迷人的放克节奏、迷幻吉他、合成的厚实Bassline、旋律化的专注打磨和的特色的音乐极简主义。 Brooklyn Transit Express 成员 Kashif 以在乐队巡演期间使用贝斯合成器而著称，后来作为唱片制作人单飞，并开始为 Evelyn&ldquo;Champagne&rdquo;King 创作受放克影响的歌曲，表现出极简主义的形态，无视迪斯科音乐的编排，以及跟随先前由 Wonder 打造的&ldquo;单人乐队&rdquo;套路。</p>\n<p class=\"paragraph text-align-type-left pap-line-1.8 pap-line-rule-auto pap-spacing-before-2pt pap-spacing-after-2pt\">&nbsp;</p>\n<p class=\"paragraph text-align-type-left pap-line-1.8 pap-line-rule-auto pap-spacing-before-2pt pap-spacing-after-2pt\">其他影响包括先驱 DJ 和唱片制作人发布相同单曲的其它混音，即所谓的Dub Mixes。 DJ Larry Levan 在他为各种Post-disco艺术家（包括他自己的乐队 The Peech Boys）制作的作品和混音中加入了Dub Music元素。在音乐方面，人们从不是主流的音乐中寻找并希望获得新的想法，最常见的是布鲁斯，其他风格如雷鬼等也被纳入其中。</p>\n<p class=\"paragraph text-align-type-left pap-line-1.8 pap-line-rule-auto pap-spacing-before-2pt pap-spacing-after-2pt\">&nbsp;</p>\n<p class=\"paragraph text-align-type-left pap-line-1.8 pap-line-rule-auto pap-spacing-before-2pt pap-spacing-after-2pt\">Sinnamon 的&ldquo;Thanks to You&rdquo;、D-Train 的&ldquo;You're the One for Me&rdquo;、The Peech Boys 的&ldquo;Don't Make Me Wait&rdquo;&mdash;&mdash;所有这些歌曲及其属性和Post-disco的趋势后来都影响了一种新的&ldquo;前所未闻&rdquo;的音乐风格，那就是House音乐。</p>\n<p class=\"paragraph text-align-type-left pap-line-1.8 pap-line-rule-auto pap-spacing-before-2pt pap-spacing-after-2pt\">&nbsp;</p>\n<p class=\"paragraph text-align-type-left pap-line-1.8 pap-line-rule-auto pap-spacing-before-2pt pap-spacing-after-2pt\">新的Post-disco声音在纽约主流唱片公司中蓬勃发展，包括 West End Records、Prelude Records、Tommy Boy Records、SAM Records 等。他们中的大多数都是独立并拥有自己的发行渠道，但一些特定的主流唱片公司，尤其是 RCA Records， 也负责推广和打造这些新声音。</p>\n<p class=\"paragraph text-align-type-left pap-line-1.8 pap-line-rule-auto pap-spacing-before-2pt pap-spacing-after-2pt\">&nbsp;</p>\n<p class=\"paragraph text-align-type-left pap-line-1.8 pap-line-rule-auto pap-spacing-before-2pt pap-spacing-after-2pt\"><strong>其它影响</strong></p>\n<p class=\"paragraph text-align-type-left pap-line-1.8 pap-line-rule-auto pap-spacing-before-2pt pap-spacing-after-2pt\">1980 年代的Post-disco音乐也激发了许多挪威舞曲制作人的灵感。一些说唱歌手，如 Ice Cube 或 EPMD，他们的职业生涯建立在以Funk为导向的Post-disco音乐上（例如，他们受到了 Zapp 和 Cameo 等舞池最受欢迎的音乐的启发）。Sean \"Puffy\" Combs 也间接受到了以 R&amp;B 为导向的Post-disco音乐的影响。</p>\n<p class=\"paragraph text-align-type-left pap-line-1.8 pap-line-rule-auto pap-spacing-before-2pt pap-spacing-after-2pt\">&nbsp;</p>\n<p class=\"paragraph text-align-type-left pap-line-1.8 pap-line-rule-auto pap-spacing-before-2pt pap-spacing-after-2pt\"><strong>相关风格</strong></p>\n<p class=\"paragraph text-align-type-left pap-line-1.8 pap-line-rule-auto pap-spacing-before-2pt pap-spacing-after-2pt\"><span style=\"text-decoration: underline;\">Boogie</span></p>\n<p class=\"paragraph text-align-type-left pap-line-1.8 pap-line-rule-auto pap-spacing-before-2pt pap-spacing-after-2pt\">Boogie（或Electro-funk）是一种Post-disco子流派，受放克和新浪潮影响，在 1980 年代早期到中期有小范围的流行。 Sean P. 将其描述为&ldquo;在很大程度上被忽视了，或者被认为是迪斯科的可怜表亲&mdash;&mdash;太慢了，太电子化了，太 R&amp;B ......甚至太黑人音乐了。&rdquo;</p>\n<p class=\"paragraph text-align-type-left pap-line-1.8 pap-line-rule-auto pap-spacing-before-2pt pap-spacing-after-2pt\">&nbsp;</p>\n<p class=\"paragraph text-align-type-left pap-line-1.8 pap-line-rule-auto pap-spacing-before-2pt pap-spacing-after-2pt\"><span style=\"text-decoration: underline;\">Dance-rock</span></p>\n<p class=\"paragraph text-align-type-left pap-line-1.8 pap-line-rule-auto pap-spacing-before-2pt pap-spacing-after-2pt\">Dance-rock是另一个仅与post-punk/no wave流派相关，而受 R&amp;B/FUnk影响较少的Post-disco形式。 这种&ldquo;Post-disco&rdquo;的一个例子是 Gina X 的&ldquo;No G.D.M.&rdquo; 以及 Liquid Liquid、Polyrock、 Dinosaur L 等艺术家和合辑Disco Not Disco (2000)。这种形式也与以舞蹈为导向的摇滚有关； 迈克尔&middot;坎贝尔在他的《美国流行音乐》一书中将这种流派定义为&ldquo;后朋克/后迪斯科融合&rdquo;。坎贝尔还引用了罗伯特&middot;克里斯高 (Robert Christgau) 的话，他将以舞蹈为导向的摇滚（或 DOR）描述为一种总括术语，被 1980 年代的很多 DJ所使用。</p>\n<p class=\"paragraph text-align-type-left pap-line-1.8 pap-line-rule-auto pap-spacing-before-2pt pap-spacing-after-2pt\">&nbsp;</p>\n<p class=\"paragraph text-align-type-left pap-line-1.8 pap-line-rule-auto pap-spacing-before-2pt pap-spacing-after-2pt\"><span style=\"text-decoration: underline;\">Dance-pop</span></p>\n<p class=\"paragraph text-align-type-left pap-line-1.8 pap-line-rule-auto pap-spacing-before-2pt pap-spacing-after-2pt\">Dance-pop 是一种以舞蹈为导向的流行音乐，在迪斯科消亡和&ldquo;精简&rdquo;Post-Disco首次出现之后出现。 最早的流行舞曲是 Indeep 的&ldquo;Last Night a DJ Saved My Life&rdquo;和 Evelyn&ldquo;Champagne&rdquo;King 的&ldquo;Love Come Down&rdquo;，而后者则跨越了包括 Adult Contemporary 在内的Billboard各类排行榜，并在 1982 年的Pop Chart上名列第17位。另一首跨Post-disco歌曲是 Mtume 的&ldquo;Juicy Fruit&rdquo;，在 1983 年的 Hot 100 中排名第 45。 同年发布的还有麦当娜的同名专辑，其中融合了Post-disco、urban和club的元素。 由斯托克&middot;艾特肯&middot;沃特曼 (Stock Aitken Waterman) 开创的英国Dance-pop变体则更多受到House和 hi-NRG 的影响，有时被贴上&ldquo;eurobeat&rdquo;的标签。</p>\n<p class=\"paragraph text-align-type-left pap-line-1.8 pap-line-rule-auto pap-spacing-before-2pt pap-spacing-after-2pt\">&nbsp;</p>\n<p class=\"paragraph text-align-type-left pap-line-1.8 pap-line-rule-auto pap-spacing-before-2pt pap-spacing-after-2pt\"><span style=\"text-decoration: underline;\">Italo Disco</span></p>\n<p class=\"paragraph text-align-type-left pap-line-1.8 pap-line-rule-auto pap-spacing-before-2pt pap-spacing-after-2pt\">Italo Disco是一种Disco子流派，受Post-Disco、hi-NRG、Electronic Rock和欧洲音乐的影响。 最初这类音乐主要由意大利音乐家表演，但很快就传到了加拿大和美国。 Klein + M.B.O. 是这类风格最早以Post-Disco为导向的团体之一。</p>\n</div>\n</div>\n</div>\n</div>\n<p class=\"paragraph text-align-type-left pap-line-1.8 pap-line-rule-auto pap-spacing-before-2pt pap-spacing-after-2pt\">&nbsp;</p>\n</div>\n</div>\n</div>\n</div>\n<p>&nbsp;</p>",
 "contentEn": "<div>\n<div class=\"document\">\n<p class=\"paragraph text-align-type-left pap-line-1.8 pap-line-rule-auto pap-spacing-before-2pt pap-spacing-after-2pt\">Post-disco is a term to describe an aftermath in popular music history circa 1979&ndash;1984, imprecisely beginning with an unprecedented backlash against disco music in the United States, leading to civil unrest and a riot in Chicago known as the Disco Demolition Night on July 12, 1979, and indistinctly ending with the mainstream appearance of new wave in the early 1980s. Disco during its dying stage displayed an increasingly electronic character that soon served as a stepping stone to new wave, old-school hip hop, euro disco and was succeeded by an underground club music called hi-NRG, which was its direct continuation.</p>\n<p class=\"paragraph text-align-type-left pap-line-1.8 pap-line-rule-auto pap-spacing-before-2pt pap-spacing-after-2pt\">An underground movement of disco music, which was simultaneously \"stripped-down\" and featured \"radically different sounds,\" took place on the East Coast that \"was neither disco and neither R&amp;B.\"This scene, known as post-disco,catering to New York metropolitan area, was initially led by urban contemporary artists partially in response to the over-commercialization and artistic downfall of disco culture. Developed from the rhythm and blues sound as perfected by Parliament-Funkadelic, the electronic side of disco, dub music techniques, and other genres. Post-disco was typified by New York City music groups like \"D\" Train and Unlimited Touch who followed a more urban approach while others, like Material and ESG, a more experimental one. Post-disco was, like disco, singles-driven market controlled mostly by independent record companies that generated a cross-over chart success all through the early-to-mid 1980s. Most creative control was in the hands of record producers and club DJs which was a trend that outlived the dance-pop era.</p>\n<p class=\"paragraph text-align-type-left pap-line-1.8 pap-line-rule-auto pap-spacing-before-2pt pap-spacing-after-2pt\">Other musical styles that emerged in the post-disco era include dance-pop, boogie,and Italo disco and led to the development of the early alternative dance,club-centered house and techno music.</p>\n<p class=\"paragraph text-align-type-left pap-line-1.8 pap-line-rule-auto pap-spacing-before-2pt pap-spacing-after-2pt\">&nbsp;</p>\n<div>\n<div class=\"document\">\n<p class=\"paragraph text-align-type-left pap-line-1.8 pap-line-rule-auto pap-spacing-before-2pt pap-spacing-after-2pt\">Characteristics</p>\n<p class=\"paragraph text-align-type-left pap-line-1.8 pap-line-rule-auto pap-spacing-before-2pt pap-spacing-after-2pt\">Drum machines, synthesizers, sequencers were either partly or entirely dominant in a composition or mixed up with various acoustic instruments, depending on the artist and on the year. Electronic instruments became more and more prevalent for each year during the period and dominated the genre completely by the mid 1980s.</p>\n<p class=\"paragraph text-align-type-left pap-line-1.8 pap-line-rule-auto pap-spacing-before-2pt pap-spacing-after-2pt\">&nbsp;</p>\n<p class=\"paragraph text-align-type-left pap-line-1.8 pap-line-rule-auto pap-spacing-before-2pt pap-spacing-after-2pt\">Darryl Payne argued about the minimal approach of post-disco, saying:</p>\n<p class=\"paragraph text-align-type-left pap-line-1.8 pap-line-rule-auto pap-spacing-before-2pt pap-spacing-after-2pt\">Producers are using a lot more sounds and a lot less instruments: the \"Forget Me Nots\" and \"Don't Make Me Wait\" tracks are really empty, but there's a sophistication people can get into.[18]</p>\n<p class=\"paragraph text-align-type-left pap-line-1.8 pap-line-rule-auto pap-spacing-before-2pt pap-spacing-after-2pt\">&nbsp;</p>\n<p class=\"paragraph text-align-type-left pap-line-1.8 pap-line-rule-auto pap-spacing-before-2pt pap-spacing-after-2pt\">The main force in post-disco was mainly the 12\" single format and short-lived collaborations (many of them one-hit wonders) while indie record producers were instrumental in the musical direction of what the scene was headed to. The music that mostly catered to dance and urban audiences later managed to influence more popular and mainstream acts like Madonna, New Order or Pet Shop Boys.</p>\n<p class=\"paragraph text-align-type-left pap-line-1.8 pap-line-rule-auto pap-spacing-before-2pt pap-spacing-after-2pt\">&nbsp;</p>\n<p class=\"paragraph text-align-type-left pap-line-1.8 pap-line-rule-auto pap-spacing-before-2pt pap-spacing-after-2pt\">Musical elements</p>\n<p class=\"paragraph text-align-type-left pap-line-1.8 pap-line-rule-auto pap-spacing-before-2pt pap-spacing-after-2pt\">The music tended to be technology-centric, keyboard-laden, melodic, with funk-oriented bass lines (often performed on a Minimoog), synth riffs, dub music aesthetics, and background jazzy or blues-y piano layers. For strings and brass sections, synthesizer sounds were preferred to the lush orchestration heard on many disco tracks, although such arrangements would later resurface in some house music. Soulful female vocals, however, remained an essence of post-disco.</p>\n<p class=\"paragraph text-align-type-left pap-line-1.8 pap-line-rule-auto pap-spacing-before-2pt pap-spacing-after-2pt\">&nbsp;</p>\n<p class=\"paragraph text-align-type-left pap-line-1.8 pap-line-rule-auto pap-spacing-before-2pt pap-spacing-after-2pt\">Term usage</p>\n<p class=\"paragraph text-align-type-left pap-line-1.8 pap-line-rule-auto pap-spacing-before-2pt pap-spacing-after-2pt\">The term \"post-disco\" was used as early as 1984 by Cadence magazine when defining post-disco soul as \"disco without the loud bass-drum thump.\"[23] New York Magazine used the word in an article appearing in the December 1985 issue; it was Gregory Hines's introduction of post-disco and electronic funk to Russian-American dance choreographer Mikhail Baryshnikov \"who has never heard this kind of music.\"[24] AllMusic states that the term denotes a music genre in the era between the indistinct \"end\" of disco music and the equally indistinct emergence of house music.[2]</p>\n<p class=\"paragraph text-align-type-left pap-line-1.8 pap-line-rule-auto pap-spacing-before-2pt pap-spacing-after-2pt\">&nbsp;</p>\n<p class=\"paragraph text-align-type-left pap-line-1.8 pap-line-rule-auto pap-spacing-before-2pt pap-spacing-after-2pt\">In other historical instances the term had been used in a derisive manner. Spy implicitly mocked the usage of both the terms \"post-punk\" and \"post-disco\" in their Spy's Rock Critic-o-Matic article, whereas spoofing various music reviews published by Rolling Stone, The Village Voice and Spin.[25] Cuban-American writer El&iacute;as Miguel Mu&ntilde;oz in his 1989 novel Crazy Love, in a passage where musicians after moving to America discuss what their \"style\" may be, used the term in a satirical manner.</p>\n<p class=\"paragraph text-align-type-left pap-line-1.8 pap-line-rule-auto pap-spacing-before-2pt pap-spacing-after-2pt\">&nbsp;</p>\n<div>\n<div class=\"document\">\n<p class=\"paragraph text-align-type-left pap-line-1.8 pap-line-rule-auto pap-spacing-before-2pt pap-spacing-after-2pt\">History</p>\n<p class=\"paragraph text-align-type-left pap-line-1.8 pap-line-rule-auto pap-spacing-before-2pt pap-spacing-after-2pt\">Background events</p>\n<p class=\"paragraph text-align-type-left pap-line-1.8 pap-line-rule-auto pap-spacing-before-2pt pap-spacing-after-2pt\">Shortly after the \"Disco Sucks\" movement of disco bashing throughout the United States, American radio stations began to pay attention to other popular formats of music such as reggae, punk rock or new wave while top mainstream labels and record companies like Casablanca, TK Records or RSO went bankrupt. Since disco music had been on the way of [its] electronic progression, it split itself into subscenes and styles like Hi-NRG, freestyle, Italo disco and boogie.[28][1][27] The last one is closely associated with post-disco more than any other offshoots of post-disco.</p>\n<p class=\"paragraph text-align-type-left pap-line-1.8 pap-line-rule-auto pap-spacing-before-2pt pap-spacing-after-2pt\">&nbsp;</p>\n<p class=\"paragraph text-align-type-left pap-line-1.8 pap-line-rule-auto pap-spacing-before-2pt pap-spacing-after-2pt\">Brazilian record producer and fusion jazz pioneer Eumir Deodato, well aware of current trends in American underground music, turned around the career of a failing funk music group Kool &amp; the Gang by adopting and pursuing a light pop&ndash;post-disco sound that not only revitalized the band's image but also turned out to be the most successful hits in their entire career.[21] B. B. &amp; Q. Band (Capitol) and Change (Atlantic) acts' creator Jacques Fred Petrus, a French-Italian hi-NRG Italo disco music record producer, reflects on his decision to shift from conventional disco music to post-disco \"[our] sound changed to more of a funky dance/R&amp;B style to reflect the times.\"[31] French-born songwriting duo Henri Belolo and Jacques Morali, creators of the successful Village People act, moved their former disco act Ritchie Family to RCA Victor to release their next album co-produced by funk musician Fonzi Thornton and Petrus, I'll Do My Best, which mirrors their radical musical shift.[31] On the West Coast, especially in California, a different approach lead to a different sound. Dick Griffey and Leon Sylvers III of SOLAR Records, who pioneered their own signature sound, produced Ohio-based group Lakeside's album Rough Riders which already displayed these new trends and, \"instrumentally demonstrates economic arrangements (featuring brass, keyboards and guitar),\" as noted by Billboard, praising the album.[32] A watershed album of post-disco was Michael Jackson's Off The Wall, produced by Quincy Jones, which helped establish a direction of R&amp;B/dance music and influenced many young producers who were interested in this kind of new music.</p>\n<p class=\"paragraph text-align-type-left pap-line-1.8 pap-line-rule-auto pap-spacing-before-2pt pap-spacing-after-2pt\">&nbsp;</p>\n<p class=\"paragraph text-align-type-left pap-line-1.8 pap-line-rule-auto pap-spacing-before-2pt pap-spacing-after-2pt\">Other examples of early American artists drawing from post-disco are Rick James, Change and Teena Marie.</p>\n<p class=\"paragraph text-align-type-left pap-line-1.8 pap-line-rule-auto pap-spacing-before-2pt pap-spacing-after-2pt\">&nbsp;</p>\n<p class=\"paragraph text-align-type-left pap-line-1.8 pap-line-rule-auto pap-spacing-before-2pt pap-spacing-after-2pt\">&nbsp;</p>\n</div>\n</div>\n</div>\n</div>\n</div>\n</div>",
 "remarks": "本词条汉字内容由 @多频百科团队 翻译+编辑\n原文译自https://en.wikipedia.org/wiki/Post-disco",
 "remarksEn": "本词条内容来自 https://en.wikipedia.org/wiki/Post-disco",
 "status": 1,
 "clickNum": 19,
 "deleted": 0,
 "lang": 0,
 "chooseLang": true,
 "id": 229,
 "name": "Post-disco",
 "descriptions": "Post-disco描述的是大约在1979 –1984年的流行音乐历史变化，那段时期在美国disco音乐开始遭到抵制，导致1979年7月12日芝加哥发生了Disco Demolition Night的暴乱，随着20世纪80年代初主流“New-age”音乐出现，disco退场。Disco在其衰亡阶段变得越来越电子化，它是new wave, old-school hip hop, euro disco的前身，被一个称为hi-NRG的地下俱乐部音乐继续发扬光大，这是它的直接延续。\n\n不久后，在美国东海岸发起了一场既非disco也非R&B的地下disco运动，它被“简化”并以“截然不同的声音”为特色。这一种音乐场景被称为post-disco，它迎合纽约大都会地区的需求，最初是由当代城市艺术家主导的，部分原因是为了应对disco文化的过度商业化和艺术上的衰败。post-disco从rhythm和blues发展而来，由Parliament-Funkadelic进行完善，包括disco的电子元素，配音音乐技巧和其他流派的发展。post-disco的典型代表是来自纽约的音乐组合如“D”Train和Unlimited Touch，他们采用了更urban的方式，而其他乐队，如Material 和ESG，则采用了更实验性的方式。和disco一样，post-disco音乐市场主要由独立唱片公司控制，在整个20世纪80年代早期到中期，它在跨界排行榜上取得了成功。大多数创造性的控制权掌握在唱片制作人和俱乐部dj手中，这是一种超越了dance-pop时代的趋势。\n\n在post-disco时代出现的其他音乐风格包括dance-pop, boogie,和Italo disco，并带来了早期alternative dance, 以Club体验为核心的 house 以及 techno 音乐的发展。",
 "originalName": "",
 "startTimeText": "Early 1980s",
 "startAddress": "",
 "searchStyle": "Disco",
 "styleCategory": "Disco",
 "originalStyle": "Disco, dub, electronic, hi-NRG, P-Funk, soul, rhythm and blues",
 "affectStyle": "Dance-pop, house, techno, trance",
 "deriveStyle": "Italo disco, dance-rock, dance-punk, boogie, alternative dance",
 "representArtist": "",
 "officialUrl": "https://en.wikipedia.org/wiki/Post-disco",
 "typeId": 13,
 "typeName": "风格",
 "dataId": 229,
 "url": "http://dropinapp.hearinmusic.com/#/ency?typeId=13&dataId=229"
}