{
 "pageNum": 1,
 "pageSize": 10,
 "params": {},
 "relationChannel": "[{\"id\":1346,\"parentId\":8,\"name\":\"Post-rock\"}]",
 "content": "<div>\n<div class=\"document\">\n<p>Post-rock是一种实验性的摇滚，其特点是在传统的摇滚歌曲结构、和弦或重音上着重探索质感和音色。Post-rock艺术家通常是乐器演奏者，通常将摇滚乐器与电子乐器相结合。该流派兴起于20世纪80年代和90年代初的 indie 和underground。然而，由于它摒弃了摇滚的传统，它在音乐上与当代indie rock几乎没有相似之处，而是借鉴了ambient music, electronica, jazz, krautrock, dub, 和minimalist classical。</p>\n<p>&nbsp;</p>\n<p>Talk Talk和Slint等艺术家被认为是90年代早期这种风格的基础作品。Post-rock这个词本身是由记者Simon Reynolds在1994年对Bark Psychosis专辑Hex的评论中提出的。后来，随着1996年Tortoise的专辑Millions Now Living Will Never Die的发行，Post-rock成为一种公认的趋势。此后，这个词被用来描述风格迥异的乐队，使得这个词在听众和艺术家之间产生了争议。</p>\n<p>&nbsp;</p>\n<p class=\"paragraph text-align-type-left pap-line-1.8 pap-line-rule-auto pap-spacing-before-0pt pap-spacing-after-0pt\">词源</p>\n<p class=\"paragraph text-align-type-left pap-line-1.8 pap-line-rule-auto pap-spacing-before-0pt pap-spacing-after-0pt\">\"post-rock \"的概念是由乐评人Simon Reynolds在1994年3月出版的Mojo杂志上对Bark Psychosis的专辑Hex的评论中提出的。Reynolds后来在1994年5月的《The Wire》杂志上对这个概念进行了扩展。在写到Seefeel、Disco Inferno、Techno Animal、Robert Hampson和Insides等艺术家时，Reynolds用这个词来描述 \"将摇滚乐器用于非摇滚的目的，用吉他作为音色和质感的促进者，而不是使用riff和power chords \"的音乐。他进一步阐述了这个词，也许未来真正具有挑衅性的发展领域在于......cyborg rock；不是全心全意地接受Techno的方法论，而是在实时、亲手演奏和使用数字效果和增强之间的某种界面。Reynolds在2005年7月的一篇博客中声称，他在Mojo中使用 \"post-rock \"这个概念之前，曾在音乐报纸Melody Maker的一篇关于Insides乐队的专题中提到过这个概念。他还说，后来他发现这个词本身并不是他自己创造的，他在博客中说：\"很多年后我才发现它已经漂浮了十多年。\" 1975年，美国记者James Wolcott在一篇关于音乐家Todd Rundgren的文章中使用了这个词，不过含义不同。在the Rolling Stone Album Guide 中，它也被用来命名一种大致对应于\"avant-rock\" 或\"out-rock\"的风格。最早使用这个词可以追溯到1967年9月。在《时代》周刊关于甲壳虫乐队的封面故事特写中，作家克里斯托弗-波特菲尔德称赞乐队和制作人乔治-马丁对录音室的创造性运用，宣称这 \"引领了一场进化，当前最好的post-rock sounds 正在成为流行音乐前所未有的东西：一种艺术形式\"。另一个1994年前使用这个词的例子可以在1992年4月墨尔本音乐刊物《Juke》上找到史蒂文-沃克（Steven Walker）对20世纪90年代noise-pop乐队The Earthmen的评论，他在评论中描述了一场 \"post-rock noisefest\"。post-rock Sigur R&oacute;s在2005年雷克雅未克的音乐会上的表演。post-rock的声音融合了多种音乐类型的特点，包括krautrock, ambient, psychedelia, prog rock, space rock, math rock, tape music, minimalist classical, British IDM, jazz (avant-garde and cool), 和 dub reggae,还有post-punk, free jazz, contemporary classical, 和avant-garde electronica。它与drone music也有相似之处。早期的post-rock乐队也常常表现出受70年代德国摇滚乐的强烈影响，尤其是借用了德国摇滚乐特有的节奏 \"motorik \"元素。post-rock乐曲往往利用音乐主题的重复和微妙的变化，动态范围极广。在某些方面，这与极简主义的先驱Steve Reich、Philip Glass和Brian Eno的音乐相似。一般来说，post-rock乐曲都是冗长的器乐曲，包含重复的音色、动态和质感的建立。post-rock乐曲中往往省略了人声，但这并不一定意味着完全没有人声。</p>\n<div>\n<div class=\"document\">\n<p class=\"paragraph text-align-type-left pap-line-1.8 pap-line-rule-auto pap-spacing-before-0pt pap-spacing-after-0pt\">&nbsp;</p>\n<p class=\"paragraph text-align-type-left pap-line-1.8 pap-line-rule-auto pap-spacing-before-0pt pap-spacing-after-0pt\">当包括人声时，其使用通常是非传统的：一些post-rock乐队将人声作为纯粹的器乐工作和附带的声音来使用，而不是更传统的使用，在这种情况下，\"干净 \"的、容易解释的人声对于诗意和抒情意义是很重要的。post-rock的人声通常是轻柔或沉闷的，通常不频繁或以不规则的间隔出现。Sigur R&oacute;s是一支以独特的人声著称的乐队，他们编造了一种被称为 \"Hopelandic\"（冰岛语 \"Vonlenska\"）的语言，他们将这种语言描述为 \"一种适合音乐并作为另一种乐器的胡言乱语的人声形式\"。post-rock乐队一般不采用典型的摇滚结构，如诗句--合唱形式，而是更多地使用音景。Simon Reynolds在Audio Culture的 \"post-rock \"中指出：\"一支乐队从rock 到 post-rock的历程，通常涉及到从叙事歌词到意识流，再到声音即质感，再到纯器乐的轨迹\"。Reynolds的结论定义了从摇滚乐的声音和歌词领域到post-rock的零星进展，其中样本被拉伸和循环。更广泛的实验和融合其他类型的音乐最近在post-rock场景中占据了一席之地。Cult of Luna、Isis、Russian Circles、Palms、Deftones和Pelican将metal和post-rock风格融合在一起。由此产生的声音被称为 post-metal。最近，sludge metal的发展和演变包含了（在某些情况下完全融合了）post-rock的一些元素。这第二波的sludge metal是由Giant Squid和Battle of Mice等乐队开创的。这种新的声音经常出现在Neurot Recordings的厂牌上。同样，Altar of Plagues、Lantl&ocirc;s和Agalloch等乐队也将post-rock 和black metal融合在一起，在主要使用后者的同时，融入了前者的元素。在某些情况下，这种实验和融合已经超越了post-rock 与单一流派的融合，比如post-metal,而是更广泛地接受了不同音乐的影响，比如Deafheaven乐队。</p>\n<p class=\"paragraph text-align-type-left pap-line-1.8 pap-line-rule-auto pap-spacing-before-0pt pap-spacing-after-0pt\">&nbsp;</p>\n<p class=\"paragraph text-align-type-left pap-line-1.8 pap-line-rule-auto pap-spacing-before-0pt pap-spacing-after-0pt\">历史</p>\n<p class=\"paragraph text-align-type-left pap-line-1.8 pap-line-rule-auto pap-spacing-before-0pt pap-spacing-after-0pt\">早期的先例</p>\n<p class=\"paragraph text-align-type-left pap-line-1.8 pap-line-rule-auto pap-spacing-before-0pt pap-spacing-after-0pt\">post-rock受美国60年代末的The Velvet Underground乐队和他们的 \"dronology\"--\"这个词大致描述了当今50%的 post-rock活动\"--的影响很大。Stylus杂志2004年的一篇文章指出，大卫-鲍伊的专辑《Low》（1977年）如果在20年后发行，会被认为是 post-rock。英国团体Public Image Ltd（PiL）也是先锋，被NME描述为 \"可以说是第一个 post-rock团体\"。他们的第二张专辑Metal Box，1979年,几乎完全抛弃了传统的摇滚乐结构，转而采用了密集、重复的dub和krautrock风格的音效和John Lydon神秘的意识流歌词。在《Metal Box》发行的前一年，PiL的贝斯手Jah Wobble宣称：\"摇滚已经过时了。\"他们的第三张专辑《The Flowers of Romance》(1981)是一个更加激进的出发点，强调响亮的打击乐和抽象的磁带音乐。AllMusic的Dean McFarlane将Alternative TV的《Vibing Up the Senile Man (Part One)》(1979)描述为 \"多面 post-rock音乐的一扇门\"，并引用了它对avant-garde, noise and jazz的借鉴。他们的音乐被认为比post-rock音乐更早，因为他们独特的结合了avant-prog, krautrock, 和industrial music，他们的音乐被直接与Slint、Swans和Stereolab相提并论。Stump被称为 \"post-rock的重要先驱\"，因为乐队的方式 \"严格\"。1990年代 90年代初的乐队，如Slint或更早的Talk Talk，后来被公认为对post-rock产生影响。尽管这两支乐队的风格迥异，Talk Talk从art rock 和new wave兴起，Slint从post-hardcore兴起，但他们都对整个90年代post-rock的发展方式产生了推动作用。post-rock团体Mogwai在2007年的演唱会上表演。post-rock最初是用来形容英国乐队的音乐，如Stereolab、Laika、Disco Inferno、Moonshake、Seefeel、Bark Psychosis和Pram等，后来post-rock逐渐被用来形容1994年以后制作的各种受爵士乐和德国摇滚乐影响的、主要是器乐和电子音乐。post-rock乐队Do Make Say Think在2007年5月的一场音乐会上表演。Cul de Sac、Tortoise、Labradford、Bowery Electric和Stars of the Lid等乐队被认为是美国post-rock运动的创始人。Tortoise的第二张LP Millions Now Living Will Never Die，使乐队成为post-rock的标志。许多乐队（如：Do Make Say Think）开始录制受 \"Tortoise-sound \"启发的音乐。在90年代末，芝加哥是各种post-rock相关表演者的大本营。Tortoise的John McEntire和Brise-Glace和Gastr del Sol的Jim O'Rourke都是许多团体的重要制作人。</p>\n<div>\n<div class=\"document\">\n<p class=\"paragraph text-align-type-left pap-line-1.8 pap-line-rule-auto pap-spacing-before-0pt pap-spacing-after-0pt\">&nbsp;</p>\n<p class=\"paragraph text-align-type-left pap-line-1.8 pap-line-rule-auto pap-spacing-before-0pt pap-spacing-after-0pt\">蒙特利尔是最著名的post-rock地域之一，Godspeed You! Black Emperor和类似的团体，包括Silver Mt. Zion和Fly Pan Am都在著名的post-rock唱片公司Constellation Records上录制。这些团体的美学特征通常植根于其他类型的音乐、chamber music, 和 free jazz。</p>\n<p class=\"paragraph text-align-type-left pap-line-1.8 pap-line-rule-auto pap-spacing-before-0pt pap-spacing-after-0pt\">&nbsp;</p>\n<p class=\"paragraph text-align-type-left pap-line-1.8 pap-line-rule-auto pap-spacing-before-0pt pap-spacing-after-0pt\">2000年代-2010年代</p>\n<p class=\"paragraph text-align-type-left pap-line-1.8 pap-line-rule-auto pap-spacing-before-0pt pap-spacing-after-0pt\">在2000年代初，这个词已经开始失宠。随着越来越多的乐评人对外谴责这个词的使用，它的争议性越来越大。一些经常被冠以这个词的乐队，包括Cul de Sac、Tortoise和Mogwai，都拒绝了这个标签。他们和其他人声称，这个词所涵盖的广泛的风格使它失去了作用。2000年，Radiohead发行了录音室专辑Kid A，标志着他们音乐风格的一个转折点。Sigur R&oacute;s在1999年发行了&Aacute;g&aelig;tis byrjun，成为2000年最知名的Post-rock乐队之一。部分原因是他们的许多曲目，特别是2005年的单曲 \"Hopp&iacute;polla\"，被用于电视配乐和电影预告片，包括BBC的《Planet Earth》。他们的流行至少在某种程度上可以归功于他们向更多的摇滚乐方向发展，歌曲结构更简单，越来越多地使用流行歌曲。Explosions in the Sky、65daysofstatic、This Will Destroy You、Do Make Say Think和Mono是千禧年后比较流行的Post-rock乐队。实验摇滚乐队Swans在中断13年后，推出了多张表现出Post-rock特征的专辑，其中最著名的是被AllMusic评为2014年最受欢迎的独立流行和摇滚专辑之一的《To Be Kind》。瑞典Post-rock乐队Oh Hiroshima在2015年发行的专辑《In Silence We Yearn》获得了好评。</p>\n</div>\n</div>\n</div>\n</div>\n</div>\n</div>",
 "remarks": "本词条内容暂未完善仅供参考，多频百科小编正在火速赶来",
 "remarksEn": "本词条内容暂未完善仅供参考，多频百科小编正在火速赶来",
 "status": 0,
 "clickNum": 5,
 "deleted": 0,
 "lang": 0,
 "chooseLang": false,
 "id": 324,
 "name": "Post-rock",
 "descriptions": "Post-rock是一种实验性的摇滚，其特点是在传统的摇滚歌曲结构、和弦或重音上着重探索质感和音色。Post-rock艺术家通常是乐器演奏者，通常将摇滚乐器与电子乐器相结合。该流派兴起于20世纪80年代和90年代初的 indie 和underground。然而，由于它摒弃了摇滚的传统，它在音乐上与当代indie rock几乎没有相似之处，而是借鉴了ambient music, electronica, jazz, krautrock, dub, 和minimalist classical。\n\nTalk Talk和Slint等艺术家被认为是90年代早期这种风格的基础作品。Post-rock这个词本身是由记者Simon Reynolds在1994年对Bark Psychosis专辑Hex的评论中提出的。后来，随着1996年Tortoise的专辑Millions Now Living Will Never Die的发行，Post-rock成为一种公认的趋势。此后，这个词被用来描述风格迥异的乐队，使得这个词在听众和艺术家之间产生了争议。",
 "originalName": "",
 "startTimeText": "Late 1980s and early 1990s,",
 "startAddress": "United Kingdom, Canada and United States",
 "searchStyle": "Electronic Rock",
 "styleCategory": "Electronic Rock",
 "originalStyle": "Krautrock, ambient, avant-garde, electronica, contemporary classical, free jazz, psychedelia, IDM, space rock, progressive rock, post-punk, math rock, minimal, dub, avant-garde jazz, cool jazz, tape music, drone, indie rock",
 "affectStyle": "Blackgaze, post-metal",
 "deriveStyle": "",
 "representArtist": "",
 "officialUrl": "https://en.wikipedia.org/wiki/Post-rock",
 "typeId": 13,
 "typeName": "风格",
 "dataId": 324,
 "url": "http://dropinapp.hearinmusic.com/#/ency?typeId=13&dataId=324"
}