{
 "pageNum": 1,
 "pageSize": 10,
 "params": {},
 "relationChannel": "[{\"id\":1171,\"parentId\":8,\"name\":\"Post-Trip Hop\"}]",
 "content": "<p>Post-Trip Hop（后神游舞曲）是Trip Hop音乐进入21世纪后经发展和演化所表现出来的新形式。在1990年代中期Trip hop取得初步成功后，\"Post-Trip hop\"艺术家包括Baby Fox、Bowery Electric、Esthero、Morcheeba、Sneaker Pimps、Anomie Belle、Alpha、Jaianto、Mudville以及Cibo Matto和Lamb等将Trip hop融入到其他流派中，包括Ambient、Soul、IDM、Industrial、dubstep、breakbeat、Drum and Bass、Acid Jazz和New Age。首次在印刷品中使用 \"Post-Trip Hop \"一词是在2002年10月《独立报》的一篇文章中，被用来描述乐队Second Person。</p>\n<p>&nbsp;</p>\n<p>&nbsp;</p>\n<p class=\"paragraph text-align-type-left pap-line-1.8 pap-line-rule-auto pap-spacing-before-0pt pap-spacing-after-0pt pap-left-indent-2em\">&nbsp;</p>",
 "contentEn": "<p>After the initial success of trip hop in the mid-1990s, the artists who made their own interpretationss of the genre include&nbsp;Archive,&nbsp;Baby Fox,&nbsp;Bowery Electric,&nbsp;Esthero,&nbsp;Morcheeba,&nbsp;Sneaker Pimps,&nbsp;Anomie Belle,<sup id=\"cite_ref-45\" class=\"reference\">[45]</sup>&nbsp;Alpha, Jaianto,&nbsp;Mudville&nbsp;and&nbsp;Cibo Matto&nbsp;and&nbsp;Lamb. These artists incorporated trip hop into other genres, including&nbsp;ambient,&nbsp;soul,&nbsp;IDM,&nbsp;industrial,&nbsp;dubstep,&nbsp;breakbeat,&nbsp;drum and bass,&nbsp;acid jazz, and&nbsp;new-age. The first printed use of the term \"post-trip hop\" was in an October 2002 article of&nbsp;<em>The Independent</em>, and was used to describe the band&nbsp;Second Person.</p>",
 "remarks": "本词条汉字内容由 @多频百科团队 翻译+编辑\n原文译自 https://en.wikipedia.org/wiki/Trip_hop#\"Post-trip_hop\"",
 "remarksEn": "本词条内容来自 https://en.wikipedia.org/wiki/Trip_hop#\"Post-trip_hop\"",
 "status": 1,
 "clickNum": 14,
 "deleted": 0,
 "lang": 0,
 "chooseLang": true,
 "id": 122,
 "name": "Post-Trip Hop",
 "descriptions": "Post-Trip Hop（后神游舞曲）是Trip Hop音乐进入21世纪后经发展和演化所表现出来的新形式。\n\n",
 "originalName": "",
 "startTimeText": "mid-1990s",
 "startAddress": "",
 "searchStyle": "Downtempo",
 "styleCategory": "Trip Hop",
 "originalStyle": "",
 "affectStyle": "",
 "deriveStyle": "",
 "representArtist": "Baby Fox, Bowery Electric, Esthero, Morcheeba, Sneaker Pimps, Anomie Belle, Alpha, Jaianto, Mudville, Cibo Matto, Lamb",
 "officialUrl": "https://en.wikipedia.org/wiki/Trip_hop#\"Post-trip_hop\"",
 "typeId": 13,
 "typeName": "风格",
 "dataId": 122,
 "url": "http://dropinapp.hearinmusic.com/#/ency?typeId=13&dataId=122"
}