{
 "pageNum": 1,
 "pageSize": 10,
 "params": {},
 "relationChannel": "[{\"id\":1203,\"parentId\":8,\"name\":\"Post-Dubstep\"}]",
 "content": "<div class=\"document\">\n<p>Post-Dubstep（有时被称为&ldquo;UK bass&rdquo;或简称&ldquo;bass music&rdquo;）最初于2011年前后被用来描述受dubstep某些方面影响的俱乐部音乐。这类音乐经常参考早期的dubstep作品以及UK garage、2-step和其他形式的地下电子舞曲。制作post-dubstep音乐的艺术家也融入了ambient music 和早期R&amp;B的元素。典型的post-dubstep音乐的节奏大约是每分钟130拍。2010年后兴起的Future Garage、Witch House等风格也常被视为Post-Dubstep运动的分支。</p>\n<p>&nbsp;</p>\n<p>与&ldquo;post-dubstep&rdquo;一词相关联的风格之广，使其无法成为一种特定的音乐体裁。Pitchfork的作者Martin Clark曾表示，\"善意地试图松散地定义我们在这里所涵盖的领域是有点徒劳的，几乎可以肯定是有缺陷的。这不是一个流派。然而，考虑到其中的联系、互动和自由流动的想法......你不能把所有这些行为都视为无关紧要的。\"制作组合Mount Kimbie经常与术语post dubstep的起源联系在一起。英国音乐制作人Jamie xx推出的混音被认为是post-dubstep，包括Gil Scott-Heron的混音专辑《We're New Here》（2011）。</p>\n</div>",
 "contentEn": "<p><strong>Post-dubstep</strong>&nbsp;is an umbrella term applied to a range of musical styles that have been influenced by&nbsp;dubstep. The breadth of styles associated with the term post-dubstep preclude it from being a specific musical genre.<sup id=\"cite_ref-P_1-0\" class=\"reference\">[1]</sup>&nbsp;Such music often references earlier dubstep productions as well as&nbsp;UK garage,&nbsp;2-step&nbsp;and other forms of underground&nbsp;electronic dance music.<sup id=\"cite_ref-S_2-0\" class=\"reference\">[2]</sup><sup id=\"cite_ref-3\" class=\"reference\">[3]</sup><sup id=\"cite_ref-4\" class=\"reference\">[4]</sup>&nbsp;Artists producing music that has been described as post-dubstep have also incorporated elements of&nbsp;ambient music&nbsp;and early 2000s&nbsp;R&amp;B. The latter in particular is heavily sampled by two artists described as post-dubstep,&nbsp;Mount Kimbie&nbsp;and&nbsp;James Blake.<sup id=\"cite_ref-5\" class=\"reference\">[5]</sup><sup id=\"cite_ref-6\" class=\"reference\">[6]</sup>&nbsp;The tempo of music typically characterised as post-dubstep is approximately 130&nbsp;beats per minute.<sup id=\"cite_ref-P_1-1\" class=\"reference\">[1]</sup></p>\n<p>&nbsp;</p>\n<p>The production duo&nbsp;Mount Kimbie&nbsp;is often associated with the origination of the term post-dubstep.&nbsp;<sup id=\"cite_ref-C&amp;R_7-0\" class=\"reference\">[7]</sup>&nbsp;Mount Kimbie's&nbsp;<em>Maybes EP</em>, James Blake's remix of Untold's \"Stop What You're Doing\" and&nbsp;Joy Orbison's \"Hyph Mngo\" can be used as markers in the breaking off of post-dubstep as a distinct sound.<sup class=\"noprint Inline-Template Template-Fact\">[<em><span title=\"This claim needs references to reliable sources. (October 2011)\">citation needed</span></em>]</sup>&nbsp;The commercial popularity of&nbsp;the xx&nbsp;also marked a breakaway and a member of the band,&nbsp;Jamie xx&nbsp;has released remixes which are considered post-dubstep, including a&nbsp;Gil Scott-Heron&nbsp;remix album.<sup id=\"cite_ref-S_2-1\" class=\"reference\">[2]</sup>&nbsp;Other names frequently associated with post-dubstep are Ikonika,&nbsp;2562, Cityscape, Deadboy,&nbsp;Martyn, Floating Points, Pangaea, Ramadanman, Sepalcure, FaltyDL, Pariah,&nbsp;Burial,&nbsp;The Weeknd,&nbsp;SBTRKT, Scuba, Egyptrixx, Shackleton, Starkey, Matthew Thompson, Ital Tek, Ifan Dafydd, Guido,&nbsp;Four Tet&nbsp;and the U.K. labels Hotflush and&nbsp;Hyperdub.<sup id=\"cite_ref-P_1-2\" class=\"reference\">[1]</sup></p>\n<p>&nbsp;</p>\n<h2><span id=\"References\" class=\"mw-headline\">References</span></h2>\n<div class=\"reflist\">\n<div class=\"mw-references-wrap\">\n<ol class=\"references\">\n<li id=\"cite_note-P-1\"><span class=\"mw-cite-backlink\">^&nbsp;<span class=\"cite-accessibility-label\">Jump up to:</span><sup><em><strong>a</strong></em></sup>&nbsp;<sup><em><strong>b</strong></em></sup>&nbsp;<sup><em><strong>c</strong></em></sup></span>&nbsp;<span class=\"reference-text\"><cite id=\"CITEREFClark2011\" class=\"citation web cs1\">Clark, Martin (4 May 2011).&nbsp;\"Grime / Dubstep\".&nbsp;<em>Pitchfork</em><span class=\"reference-accessdate\">. Retrieved&nbsp;<span class=\"nowrap\">12 June</span>&nbsp;2011</span>.</cite></span></li>\n<li id=\"cite_note-S-2\"><span class=\"mw-cite-backlink\">^&nbsp;<span class=\"cite-accessibility-label\">Jump up to:</span><sup><em><strong>a</strong></em></sup>&nbsp;<sup><em><strong>b</strong></em></sup></span>&nbsp;<span class=\"reference-text\"><cite id=\"CITEREFAaron2011\" class=\"citation web cs1\">Aaron, Charles (4 March 2011).&nbsp;\"10 Post-Dubstep Artists Who Matter\".&nbsp;<em>Spin</em>.</cite></span></li>\n<li id=\"cite_note-3\"><span class=\"mw-cite-backlink\"><strong>^</strong></span>&nbsp;<span class=\"reference-text\"><cite id=\"CITEREFMoore2011\" class=\"citation web cs1\">Moore, Thad (12 July 2011).&nbsp;\"SBTRKT adds to post-dubstep genre\".&nbsp;<em>The Daily Gamecock</em>.</cite></span></li>\n<li id=\"cite_note-4\"><span class=\"mw-cite-backlink\"><strong>^</strong></span>&nbsp;<span class=\"reference-text\"><cite id=\"CITEREFGuidry2011\" class=\"citation web cs1\">Guidry, Jake (19 May 2011).&nbsp;\"Blawan takes post-dubstep and UK house out of its comfort zone\".&nbsp;<em>XLR8R</em>.</cite></span></li>\n<li id=\"cite_note-5\"><span class=\"mw-cite-backlink\"><strong>^</strong></span>&nbsp;<span class=\"reference-text\"><cite class=\"citation web cs1\">\"Fantastic Mr Fox (No 910)\".&nbsp;<em>The Guardian</em>. 6 January 2011.</cite></span></li>\n<li id=\"cite_note-6\"><span class=\"mw-cite-backlink\"><strong>^</strong></span>&nbsp;<span class=\"reference-text\"><cite class=\"citation web cs1\">\"A profile of James Blake - post-dubstep artist\".&nbsp;<em>BBC News</em>. 6 January 2011.</cite></span></li>\n<li id=\"cite_note-C&amp;R-7\"><span class=\"mw-cite-backlink\"><strong>^</strong></span>&nbsp;<span class=\"reference-text\"><cite id=\"CITEREFJeffries\" class=\"citation web cs1\">Jeffries, David.&nbsp;\"Crooks &amp; Lovers - Mount Kimbie\".&nbsp;<em>Allmusic</em>.&nbsp;Rovi Corporation<span class=\"reference-accessdate\">. Retrieved&nbsp;<span class=\"nowrap\">6 April</span>&nbsp;2011</span>.</cite></span></li>\n</ol>\n</div>\n</div>",
 "remarks": "本词条汉字内容由 @多频百科团队 翻译+编辑\n原文译自 https://en.wikipedia.org/wiki/Post-dubstep",
 "remarksEn": "本词条内容来自 https://en.wikipedia.org/wiki/Post-dubstep",
 "status": 1,
 "clickNum": 15,
 "deleted": 0,
 "lang": 0,
 "chooseLang": true,
 "id": 162,
 "name": "Post-Dubstep",
 "descriptions": "Post-Dubstep（有时被称为“UK bass”或简称“bass music”）最初于2011年前后被用来描述受dubstep某些方面影响的俱乐部音乐。",
 "originalName": "",
 "startTimeText": "early 2011",
 "startAddress": "",
 "searchStyle": "Dubstep",
 "styleCategory": "Dubstep",
 "originalStyle": "",
 "affectStyle": "",
 "deriveStyle": "",
 "representArtist": "Mount Kimbie, Fantastic Mr Fox, James Blake",
 "officialUrl": "https://en.wikipedia.org/wiki/Post-dubstep",
 "typeId": 13,
 "typeName": "风格",
 "dataId": 162,
 "url": "http://dropinapp.hearinmusic.com/#/ency?typeId=13&dataId=162"
}