{
 "pageNum": 1,
 "pageSize": 10,
 "params": {},
 "relationChannel": "[{\"id\":1286,\"parentId\":8,\"name\":\"Power Noise\"}]",
 "content": "<div>\n<div class=\"document\">\n<p class=\"paragraph text-align-type-left pap-line-1.8 pap-line-rule-auto pap-spacing-before-2pt pap-spacing-after-2pt\">Power Noise（又称rhythmic noise, technoid, 或时称distorted beat music）是Industrial Music（工业音乐）的一种形式，是Noise Muisc（噪声音乐）与各种风格的电子舞曲的融合，主要起源于欧洲地区。</p>\n<p class=\"paragraph text-align-type-left pap-line-1.8 pap-line-rule-auto pap-spacing-before-2pt pap-spacing-after-2pt\">&nbsp;</p>\n<p class=\"paragraph text-align-type-left pap-line-1.8 pap-line-rule-auto pap-spacing-before-2pt pap-spacing-after-2pt\">请勿将Power Noise与&ldquo;Power Electronics&rdquo;混淆，后者不受电子舞曲的影响，更接近刺耳的噪音。</p>\n<p class=\"paragraph text-align-type-left pap-line-1.8 pap-line-rule-auto pap-spacing-before-2pt pap-spacing-after-2pt\">&nbsp;</p>\n<p class=\"paragraph text-align-type-left pap-line-1.8 pap-line-rule-auto pap-spacing-before-2pt pap-spacing-after-2pt\"><strong>历史 </strong></p>\n<p class=\"paragraph text-align-type-left pap-line-1.8 pap-line-rule-auto pap-spacing-before-2pt pap-spacing-after-2pt\"><span style=\"text-decoration: underline;\">90年代</span></p>\n<p class=\"paragraph text-align-type-left pap-line-1.8 pap-line-rule-auto pap-spacing-before-2pt pap-spacing-after-2pt\">Power noise来源于西班牙工业艺术Esplendor Geometrico，自1980年起活跃，其他如Le Syndicat的艺术家自1982年起活跃。比利时Dive集团也在90年代早期就预测到了这种风格会兴起，同时还推出了一些风格更硬或更苛刻的techno版本，如Aphex Twin的几款早期黑胶EP版本。Noisex的Raoul Roucka在1997年创造了&ldquo;power noise&rdquo;一词，并推出了曲目&ldquo;United（power noise Movement）&rdquo;。这一流派曾被electro-industrial艺术家Wumpscut引入到美国industrial界，他让Mental Ulcer Forges唱片公司签下了Noisex。 最早的Power noise艺术家大多是德国人。除Noisex外，还包括Asche、Morgenstern、P&middot;A&middot;L、Synapscape和Feindflug。The Belgians Axiome, Hypnoskull, Imminent, Ah Cama-Sotz, Sonar, and This Morn' Omina也使这一流派得到了发展。澳大利亚人Black Lung和加拿大人Orphx在这一时期也很活跃。Merzbow, Aube, and Contagious Orgasm等日本音乐家也利用了它独特的节奏。</p>\n<p class=\"paragraph text-align-type-left pap-line-1.8 pap-line-rule-auto pap-spacing-before-2pt pap-spacing-after-2pt\">&nbsp;</p>\n<p class=\"paragraph text-align-type-left pap-line-1.8 pap-line-rule-auto pap-spacing-before-2pt pap-spacing-after-2pt\"><span style=\"text-decoration: underline;\">2000年代</span></p>\n<p class=\"paragraph text-align-type-left pap-line-1.8 pap-line-rule-auto pap-spacing-before-2pt pap-spacing-after-2pt\">在21世纪出现的著名的power noise艺术家包括Iszoloscope, Antigen Shift, Prospero, Drillbit, Tarmvred, Converter, Terrorfakt, Alter Der Ruine, Panzer Division, C/A/T和Xotox。</p>\n<p class=\"paragraph text-align-type-left pap-line-1.8 pap-line-rule-auto pap-spacing-before-2pt pap-spacing-after-2pt\">&nbsp;</p>\n<p class=\"paragraph text-align-type-left pap-line-1.8 pap-line-rule-auto pap-spacing-before-2pt pap-spacing-after-2pt\"><strong>特点</strong></p>\n<p class=\"paragraph text-align-type-left pap-line-1.8 pap-line-rule-auto pap-spacing-before-2pt pap-spacing-after-2pt\">通常来讲power noise以从鼓发展而来的声音扭曲的踢踏鼓为基础，用乐器演奏，如Roland TR-909，并经常使用军队常用的4/4拍。有时会加入旋律，但通常是次要的节奏。Power noise音轨通常结构化，可以用来跳舞，但有时也抽象。这种风格在德国奥伯豪森一年一度的Maschinenfest音乐节以及加拿大蒙特利尔的Kinetik音乐节上都有展示。</p>\n<p class=\"paragraph text-align-type-left pap-line-1.8 pap-line-rule-auto pap-spacing-before-2pt pap-spacing-after-2pt\">&nbsp;</p>\n<p class=\"paragraph text-align-type-left pap-line-1.8 pap-line-rule-auto pap-spacing-before-2pt pap-spacing-after-2pt\">一些乐团如Combichrist和Dulce Liquido会把aggrotech和power noise一起演奏。另外Tarmvred将power noise与breakcore相结合。其他的仍然融合了Endif 等IDM的元素。它也经常有与techno听起来非常相似的地方，但这些有时属于rhythmic noise 范畴，如90年代末/2000年代的Speedy J和像Uncivilized World这样的唱片公司发行曲。最近十年，techno中出现了更硬、更刺耳、更具实验性的声音，虽然这些声音与rhythmic noise有很多重合点，但这通常被称为industrial techno，而不是rhythmic noise或power noise，因为这两个风格通常互不交叉。举个例子，艺术家Ancient Methods（推动industrial techno重新受欢迎的艺术家之一）在发首张专辑时对P&middot;A&middot;L的 Gel&ouml;bnis进行了采样，后来还在Hands Productions发行了音乐，这是90年代开始推动rhythmic noise风格的首批唱片公司之一。其他风格比如breakcore和IDM中也一直存在并将继续存在风格重合。</p>\n</div>\n</div>\n<p>&nbsp;</p>\n<p>&nbsp;</p>\n<div>\n<div class=\"document\">\n<p class=\"paragraph text-align-type-left pap-line-1.8 pap-line-rule-auto pap-spacing-before-2pt pap-spacing-after-2pt\">&nbsp;</p>\n</div>\n</div>",
 "contentEn": "<div>\n<div class=\"document\">\n<p class=\"paragraph text-align-type-left pap-line-1.8 pap-line-rule-auto pap-spacing-before-2pt pap-spacing-after-2pt\">Power noise (also known as rhythmic noise, technoid, and occasionally as distorted beat music) is a form of industrial music and a fusion of noise music and various styles of electronic dance music. It should not be confused with \"power electronics\", which is not influenced by electronic dance music and is closer to harsh noise.[1] Its origins are predominantly European.</p>\n<p class=\"paragraph text-align-type-left pap-line-1.8 pap-line-rule-auto pap-spacing-before-2pt pap-spacing-after-2pt\">&nbsp;</p>\n<div>\n<div class=\"document\">\n<p class=\"paragraph text-align-type-left pap-line-1.8 pap-line-rule-auto pap-spacing-before-2pt pap-spacing-after-2pt\">History</p>\n<p class=\"paragraph text-align-type-left pap-line-1.8 pap-line-rule-auto pap-spacing-before-2pt pap-spacing-after-2pt\">1990s</p>\n<p class=\"paragraph text-align-type-left pap-line-1.8 pap-line-rule-auto pap-spacing-before-2pt pap-spacing-after-2pt\">Power noise takes inspiration from Spanish industrial act Esplendor Geometrico, active since 1980, and other artists such as Le Syndicat, active since 1982. The Belgian group Dive also anticipated the style in the early '90s along with a number of releases on the harder or harsher end of the techno spectrum such as several early vinyl EP releases by Aphex Twin. The term \"power noise\" was coined by Raoul Roucka of Noisex in 1997, with the track \"United (Power Noise Movement)\". The genre was exposed to the U.S. industrial scene by the electro-industrial act Wumpscut, who signed Noisex to the label Mental Ulcer Forges. The first power noise artists were mostly German. In addition to Noisex, these included Asche, Morgenstern, P&middot;A&middot;L, Synapscape, and Feindflug. The Belgians Axiome, Hypnoskull, Imminent, Ah Cama-Sotz, Sonar, and This Morn' Omina, also developed the genre. Black Lung, an Australian, and Orphx, Canadians, were also active in the style at this time. Japanoise musicians, such as Merzbow, Aube, and Contagious Orgasm, have also made use of prominent rhythms.</p>\n<p class=\"paragraph text-align-type-left pap-line-1.8 pap-line-rule-auto pap-spacing-before-2pt pap-spacing-after-2pt\">&nbsp;</p>\n<p class=\"paragraph text-align-type-left pap-line-1.8 pap-line-rule-auto pap-spacing-before-2pt pap-spacing-after-2pt\">2000s</p>\n<p class=\"paragraph text-align-type-left pap-line-1.8 pap-line-rule-auto pap-spacing-before-2pt pap-spacing-after-2pt\">Notable power noise artists who emerged in the 21st century include Iszoloscope, Antigen Shift, Prospero, Drillbit, Tarmvred, Converter, Terrorfakt, Alter Der Ruine, Panzer Division, C/A/T, and Xotox.</p>\n<p class=\"paragraph text-align-type-left pap-line-1.8 pap-line-rule-auto pap-spacing-before-2pt pap-spacing-after-2pt\">&nbsp;</p>\n<p class=\"paragraph text-align-type-left pap-line-1.8 pap-line-rule-auto pap-spacing-before-2pt pap-spacing-after-2pt\">Characteristics</p>\n<p class=\"paragraph text-align-type-left pap-line-1.8 pap-line-rule-auto pap-spacing-before-2pt pap-spacing-after-2pt\">Typically, power noise is instrumental, based upon a distorted kick drum from a drum machine such as a Roland TR-909, and often uses militaristic 4/4 beats. Sometimes a melodic component is added, but this is usually secondary to the rhythm. Power noise tracks are typically structured and danceable, but are occasionally abstract. This genre is showcased at the annual Maschinenfest festival in Oberhausen, Germany, as well as Kinetik Festival in Montreal, Canada. Some groups, such as Combichrist and Dulce Liquido, practice power noise along with aggrotech. Others, such as Tarmvred, meld the style with breakcore. Others still, merge elements of IDM, such as Endif. There has often been very similar sounds coming from the techno scene which at times has been embraced by those into rhythmic noise such as the late 90s/2000 era Speedy J, or releases on labels like Uncivilized World. In the current decade, there has been a resurgence of the harder, harsher and more experimental sounds in techno which crosses over a lot with the sounds of rhythmic noise although this is usually just known as industrial techno, instead of rhythmic noise or power noise, because these two scenes are often unaware of each other. For example, the artist Ancient Methods (one of the artists responsible for the resurgence of industrial techno), sampled P&middot;A&middot;L's track Gel&ouml;bnis on one of his first releases and has also later released music on Hands Productions which is one of the first labels that started pushing the rhythmic noise style back in the 90s. There has also been and continues to be crossover within other sounds and scenes such as the breakcore and IDM scenes.</p>\n</div>\n</div>\n<p class=\"paragraph text-align-type-left pap-line-1.8 pap-line-rule-auto pap-spacing-before-2pt pap-spacing-after-2pt\">&nbsp;</p>\n</div>\n</div>",
 "remarks": "本词条汉字内容由 @多频百科团队 翻译+编辑\n原文译自https://en.wikipedia.org/wiki/Power_noise",
 "remarksEn": "本词条内容来自 https://en.wikipedia.org/wiki/Power_noise",
 "status": 1,
 "clickNum": 51,
 "deleted": 0,
 "lang": 0,
 "chooseLang": true,
 "id": 256,
 "name": "Power Noise",
 "descriptions": "Power Noise（又称rhythmic noise, technoid, 或时称distorted beat music）是Industrial Music（工业音乐）的一种形式，是Noise Muisc（噪声音乐）与各种风格的电子舞曲的融合，主要起源于欧洲地区。 ",
 "originalName": "Rhythmic Noise, Rechnoid, Distorted Beat Music",
 "startTimeText": "Mid-1990s",
 "startAddress": "Germany, Belgium and United Kingdom",
 "searchStyle": "",
 "styleCategory": "Noise Music",
 "originalStyle": "Industrial, noise, Japanoise, electro-industrial, hardcore techno, gabber",
 "affectStyle": "Technoid, industrial hardcore, industrial techno, terrorcore, noisecore",
 "deriveStyle": "",
 "representArtist": "",
 "officialUrl": "https://en.wikipedia.org/wiki/Power_noise",
 "typeId": 13,
 "typeName": "风格",
 "dataId": 256,
 "url": "http://dropinapp.hearinmusic.com/#/ency?typeId=13&dataId=256"
}