{
 "pageNum": 1,
 "pageSize": 10,
 "params": {},
 "relationChannel": "[{\"id\":1423,\"parentId\":8,\"name\":\"Progressive Psytrance\"}]",
 "content": "<p>&ldquo;Progressive psytrance&rdquo;或&ldquo;Prog-psytrance&rdquo;是派对中常见的类别主题，通常在下午或在不同的舞台上播放。自20世纪10年代中期以来，它越来越受欢迎，经常被贴上&ldquo;psytrance&rdquo;的标签。从事这一流派的艺术家包括Astrix和Protonica。</p>",
 "contentEn": "<p>Progressive psytrance (or prog-psytrance) is among the common party themes, normally played during the afternoon or on a different stage. It has grown in popularity since the mid-2010s to the point where it is often also labeled \"psytrance\". Artists working in the genre include Astrix and Protonica.</p>",
 "remarks": "本词条汉字内容由 @多频百科团队 翻译+编辑\n原文译自 https://en.wikipedia.org/wiki/Psychedelic_trance",
 "remarksEn": "本词条内容来自 https://en.wikipedia.org/wiki/Psychedelic_trance",
 "status": 1,
 "clickNum": 23,
 "deleted": 0,
 "lang": 0,
 "chooseLang": true,
 "id": 177,
 "name": "Progressive Psytrance",
 "descriptions": "“Progressive psytrance”或“Prog-psytrance”是派对中常见的类别主题，通常在下午或在不同的舞台上播放。自20世纪10年代中期以来，它越来越受欢迎，经常被贴上“psytrance”的标签。从事这一流派的艺术家包括Astrix和Protonica。",
 "originalName": "",
 "startTimeText": "",
 "startAddress": "",
 "searchStyle": "Trance",
 "styleCategory": "Psychedelic Trance",
 "originalStyle": "",
 "affectStyle": "",
 "deriveStyle": "",
 "representArtist": "Astrix, Protonica",
 "officialUrl": "https://en.wikipedia.org/wiki/Psychedelic_trance",
 "typeId": 13,
 "typeName": "风格",
 "dataId": 177,
 "url": "http://dropinapp.hearinmusic.com/#/ency?typeId=13&dataId=177"
}