{
 "pageNum": 1,
 "pageSize": 10,
 "params": {},
 "relationChannel": "[{\"id\":1420,\"parentId\":8,\"name\":\"Progressive Trance\"}]",
 "content": "<div class=\"document\">\n<p class=\"paragraph text-align-type-left pap-line-1.8 pap-line-rule-auto pap-spacing-before-2pt pap-spacing-after-2pt\">Progressive Trance（Prog Trance）的BPM约在125-135左右，有着类似House的风格(例如鼓)但是情绪上的进展则是渐进演变。Progressive Trance 的代表人物包括 Armin van Buuren、Dash Berlin、ATB、Shogun、Paul van Dyk、Andrew Rayel、Cosmic Gate、MaRLo、FEEL、Omnia、Above &amp; Beyond 等<sup>[1]</sup>。</p>\n<p class=\"paragraph text-align-type-left pap-line-1.8 pap-line-rule-auto pap-spacing-before-2pt pap-spacing-after-2pt\">&nbsp;</p>\n<p>今天，当用于描述舞曲时，术语&ldquo;Progressive（渐进式）&rdquo;通常是指逐渐变化的曲目结构，尽管该术语还有其他用途：Progressive Trance通常是指一种以不那么突出主旋律而更注重气氛的Trance音乐。</p>\n<p>&nbsp;</p>\n<p>Progressive Trance通常比Eurotrance更惬意，它往往更深沉，商业倾向更小。它通常也较慢并且具有更多种类的声音 - 许多渐进式曲调使用大量Tribal Techno和breakbeat声音。Progressive音乐中的细节可能会比 Euro 微妙得多，也不会有如此Uplifting（令人振奋）的感觉。渐进式音乐更多地依赖于整晚由 DJ 把控的微妙的Buildup（构建）和Drop（高潮部分），而 Euro 则在每个单独的曲目中进行Buildup和Drop。 最近，许多Progressive Trance已经转向深沉的部落声音和Breaks。 这通常也被称为&ldquo;Progressive House&rdquo;<sup>[2]</sup>。</p>\n<p>&nbsp;</p>\n<p><strong>参考资料</strong></p>\n<p>1. https://zh.wikipedia.org/wiki/Trance</p>\n<p>2. https://www.last.fm/tag/progressive+trance/wiki</p>\n</div>",
 "contentEn": "<p>Today, the term \"progressive\" when used to describe dance music typically refers to the structure of a track which changes incrementally, though there are other uses for the term: progressive trance usually refers to a type of trance music that features a less prominent lead melody and focuses more on atmosphere.</p>\n<p>&nbsp;</p>\n<p>This trance is generally more laid back than Euro, it tends to be a lot deeper and has a less commercial edge. It is also usually slower (130 - 140 bpm) and has a wider variety of sounds - many progressive tunes use a lot of tribal techno and breakbeat sounds. The rifts in progressive music are much more subtle than that of Euro and never as uplifting. Progressive music relies more on subtle builds and drops guided by the DJ throughout the night, whereas Euro builds and drops in each individual tune. Recently much progressive trance has moved towards deep tribal sounds and breaks. This is often referred to as \"progressive house\".</p>",
 "remarks": "本词条汉字内容由 @多频百科团队 翻译+编辑",
 "remarksEn": "本词条内容来自 https://www.last.fm/tag/progressive+trance/wiki",
 "status": 1,
 "clickNum": 67,
 "deleted": 0,
 "lang": 0,
 "chooseLang": true,
 "id": 173,
 "name": "Progressive Trance",
 "descriptions": "Progressive Trance（Prog Trance）的BPM约在125-135左右，有着类似House的风格(例如鼓)但是情绪上的进展则是渐进演变。Progressive Trance 的代表人物包括 Armin van Buuren、Dash Berlin、ATB、Shogun、Paul van Dyk、Andrew Rayel、Cosmic Gate、MaRLo、FEEL、Omnia、Above & Beyond 等。",
 "originalName": "Prog Trance",
 "startTimeText": "",
 "startAddress": "德国, 波兰, 荷兰, 列支敦士登, 英国",
 "searchStyle": "Trance",
 "styleCategory": "Trance",
 "originalStyle": "",
 "affectStyle": "",
 "deriveStyle": "",
 "representArtist": "Armin van Buuren、Dash Berlin、ATB、Shogun、Paul van Dyk",
 "officialUrl": "",
 "typeId": 13,
 "typeName": "风格",
 "dataId": 173,
 "url": "http://dropinapp.hearinmusic.com/#/ency?typeId=13&dataId=173"
}