{
 "pageNum": 1,
 "pageSize": 10,
 "params": {},
 "relationChannel": "[{\"id\":1133,\"parentId\":8,\"name\":\"Progressive House\"}]",
 "content": "<div class=\"document\">\n<div class=\"document\">\n<div class=\"document\">\n<p class=\"paragraph text-align-type-left pap-line-1.8 pap-line-rule-auto pap-spacing-before-2pt pap-spacing-after-2pt\">Progressive&nbsp;House（渐进浩室）是House音乐的一个分支。始于1990年代，发展于英国。深受Trance音乐的影响，传统Progressive House音乐比较注重旋律和乐曲编排，拍点强弱较不明显，节奏大致在120到134bpm左右，作品对时长没有特定的限制，强调情绪与氛围逐步推荐和堆叠。进入2010年代以来，随着Pop EDM的快速发展，以Swedish House Mafia，Avicii为代表的艺术家开创了EDM Progressive House的流行分支，在商业上取得巨大成功。</p>\n<p class=\"paragraph text-align-type-left pap-line-1.8 pap-line-rule-auto pap-spacing-before-2pt pap-spacing-after-2pt\">&nbsp;</p>\n<p class=\"paragraph text-align-type-left pap-line-1.8 pap-line-rule-auto pap-spacing-before-2pt pap-spacing-after-2pt\"><strong>词源</strong></p>\n<p class=\"paragraph text-align-type-left pap-line-1.8 pap-line-rule-auto pap-spacing-before-2pt pap-spacing-after-2pt\">在流行音乐的背景下，\"progressive \"一词最早在20世纪70年代被广泛使用，最初译为&ldquo;前卫的&rdquo;，以区别于主流风格的实验性摇滚音乐。&nbsp;这种音乐试图探索摇滚乐制作的另一种方法，一些新的尝试也试图通过纳入与古典器乐相关的特征来提升摇滚乐的美学价值。&nbsp;这导致了一种被称为progressive&nbsp;rock的音乐风格，它被描述为 \"最自觉的摇滚艺术分支\"。</p>\n<p class=\"paragraph text-align-type-left pap-line-1.8 pap-line-rule-auto pap-spacing-before-2pt pap-spacing-after-2pt\">&nbsp;</p>\n<p class=\"paragraph text-align-type-left pap-line-1.8 pap-line-rule-auto pap-spacing-before-2pt pap-spacing-after-2pt\">在迪斯科音乐中，以及后来的House音乐中，有一种类似的愿望，即把更多的探索性风格从标准的方法中分离出来，DJ和制作人采用 \"progressive\"一词来进行区分。 根据DJ和制作人Carl Craig的说法，\"progressive \"一词在80年代早期的底特律被用来指代Italo Disco。这种音乐被称为 \"progressive\"是因为它吸取了Giorgio Moroder的Euro Disco的影响，而不是由费城灵魂的交响乐启发的迪斯科。&nbsp;在底特律，在Techno出现之前，像Alexander Robotnick、Klein + M.B.O.和Capricorn这样的艺术家填补了迪斯科在美国消亡后留下的空缺。&nbsp;在20世纪80年代末，英国音乐记者西蒙-雷诺兹（Simon Reynolds）提出了 \"progressive&nbsp;dance \"一词，以描述808 State、The Orb、Bomb the Bass和The Shamen等行为。&nbsp;1990年至1992年期间，\"progressive\"一词指的是House音乐子类型 \"progressive&nbsp;house\"的简称。</p>\n<p class=\"paragraph text-align-type-left pap-line-1.8 pap-line-rule-auto pap-spacing-before-2pt pap-spacing-after-2pt\">&nbsp;</p>\n<p class=\"paragraph text-align-type-left pap-line-1.8 pap-line-rule-auto pap-spacing-before-2pt pap-spacing-after-2pt\">而在Progressive House文化不断发展的过程中，&ldquo;Progressive&rdquo;一词的另一种理解方式&mdash;&mdash;&ldquo;渐进的&rdquo;也开始被广泛使用。这种译法用于体现Progressive House风格作品层叠推进，情绪不断铺陈展开的编排设计特点。&ldquo;渐进&rdquo;的译法目前在电子舞曲音乐场景中的多个带有&ldquo;Progressive&rdquo;表述的风格中也同样被认可和使用。</p>\n<div>\n<div class=\"document\">\n<p class=\"paragraph text-align-type-left pap-line-1.8 pap-line-rule-auto pap-spacing-before-2pt pap-spacing-after-2pt\"><span style=\"font-size: 12pt;\"><strong>&nbsp; &nbsp; &nbsp;</strong></span></p>\n<p class=\"paragraph text-align-type-left pap-line-1.8 pap-line-rule-auto pap-spacing-before-2pt pap-spacing-after-2pt\"><strong>历史</strong></p>\n<p class=\"paragraph text-align-type-left pap-line-1.8 pap-line-rule-auto pap-spacing-before-2pt pap-spacing-after-2pt\">Progressive&nbsp;house是在House音乐的第一波浪潮之后出现的。&nbsp;1992年，Mixmag将其描述为 \"硬而灵动、节奏而有灵魂、令人振奋和trancey的英国House\"。&nbsp;在这个时代，美国House、英国House、意大利House、波兰House、德国House和Techno的组合在很大程度上相互影响。这个词主要是作为一个营销标签，将新的Rave House与传统的美国House区分开来。Progressive House是对芝加哥Acid House声音的一种背离，这个流行词在1990年到1992年左右出现在狂欢现场，描述了一种脱离美国根源的新的house声音。Progressive House被一些人视为反Rave，因为它在英国俱乐部的受欢迎程度上升，而breakbeat&nbsp;hardcore在Rave现场蓬勃发展。&nbsp;早些年，progressive house这个标签也经常与trance互换使用。</p>\n<p class=\"paragraph text-align-type-left pap-line-1.8 pap-line-rule-auto pap-spacing-before-2pt pap-spacing-after-2pt\">&nbsp;</p>\n<p class=\"paragraph text-align-type-left pap-line-1.8 pap-line-rule-auto pap-spacing-before-2pt pap-spacing-after-2pt\">AllMusic说，progressive house \"把越来越多的主流house音乐从排行榜上带回到了舞池中\"。</p>\n<p class=\"paragraph text-align-type-left pap-line-1.8 pap-line-rule-auto pap-spacing-before-2pt pap-spacing-after-2pt\">&nbsp;</p>\n<p class=\"paragraph text-align-type-left pap-line-1.8 pap-line-rule-auto pap-spacing-before-2pt pap-spacing-after-2pt\"><strong>知名早期作品</strong></p>\n<p class=\"paragraph text-align-type-left pap-line-1.8 pap-line-rule-auto pap-spacing-before-2pt pap-spacing-after-2pt\">根据美国DJ/制作人二人组Gabriel &amp; Dresden的说法，Leftfield在1990年10月发行的 \"Not Forgotten \"可能是第一张progressive house作品。由William Orbit &amp; Dick O'Dell建立的唱片公司Guerilla Records被认为在该流派发展中起到了关键作用。&nbsp;1994年的The Mix Collection和1996年的Northern Exposure都被认为是在混合汇编专辑上建立了这个流派。&nbsp;除了Guerilla Records，厂牌Deconstruction Records、Hooj Choons和Soma Records在90年代早期到中期对这个场景的发展做出了贡献。 唱片厂牌Bedrock Records发行了一系列 \"Bedrock's 'Compiled and Mixed'\"专辑，艺术家包括Chris Fortier、John Creamer &amp; Stephane K。澳大利亚艺术家Luke Chable因其2003年发行的PQM的 \"You Are Sleeping \"的混音而闻名，名为 \"You Are Sleeping（Luke Chable Vocal Pass）\"。</p>\n<p class=\"paragraph text-align-type-left pap-line-1.8 pap-line-rule-auto pap-spacing-before-2pt pap-spacing-after-2pt\">&nbsp;</p>\n<p class=\"paragraph text-align-type-left pap-line-1.8 pap-line-rule-auto pap-spacing-before-2pt pap-spacing-after-2pt\">1992年6月，Mixmag发表了一份名单，其中包含了该杂志认为是当时顶级的progressive house曲目。</p>\n<p class=\"paragraph text-align-type-left pap-line-1.8 pap-line-rule-auto pap-spacing-before-2pt pap-spacing-after-2pt\">&nbsp;</p>\n<p class=\"paragraph text-align-type-left pap-line-1.8 pap-line-rule-auto pap-spacing-before-2pt pap-spacing-after-2pt\">Leftfield&nbsp;-&nbsp;\"Not&nbsp;Forgotten\"&nbsp;(Outer&nbsp;Rhythm)</p>\n<p class=\"paragraph text-align-type-left pap-line-1.8 pap-line-rule-auto pap-spacing-before-2pt pap-spacing-after-2pt\">Slam&nbsp;-&nbsp;\"IBO/Eterna\"&nbsp;(Soma&nbsp;Quality&nbsp;Recordings)</p>\n<p class=\"paragraph text-align-type-left pap-line-1.8 pap-line-rule-auto pap-spacing-before-2pt pap-spacing-after-2pt\">React&nbsp;2&nbsp;Rhythm&nbsp;-&nbsp;\"Whatever&nbsp;You&nbsp;Dream\"&nbsp;(Guerilla)</p>\n<p class=\"paragraph text-align-type-left pap-line-1.8 pap-line-rule-auto pap-spacing-before-2pt pap-spacing-after-2pt\">Soundclash&nbsp;Republic&nbsp;-&nbsp;Cool&nbsp;Lemon&nbsp;EP&nbsp;(Junk&nbsp;Rock&nbsp;Records)</p>\n<p class=\"paragraph text-align-type-left pap-line-1.8 pap-line-rule-auto pap-spacing-before-2pt pap-spacing-after-2pt\">DOP&nbsp;-&nbsp;Musicians&nbsp;of&nbsp;the&nbsp;Mind&nbsp;EP&nbsp;(Guerilla)</p>\n<p class=\"paragraph text-align-type-left pap-line-1.8 pap-line-rule-auto pap-spacing-before-2pt pap-spacing-after-2pt\">Gat&nbsp;Decor&nbsp;-&nbsp;\"Passion\"&nbsp;(Effective&nbsp;Records)</p>\n<p class=\"paragraph text-align-type-left pap-line-1.8 pap-line-rule-auto pap-spacing-before-2pt pap-spacing-after-2pt\">The&nbsp;Sandals&nbsp;-&nbsp;\"A&nbsp;Profound&nbsp;Gas\"&nbsp;(Acid&nbsp;Jazz)</p>\n<p class=\"paragraph text-align-type-left pap-line-1.8 pap-line-rule-auto pap-spacing-before-2pt pap-spacing-after-2pt\">Herbal&nbsp;Infusion&nbsp;-&nbsp;\"The&nbsp;Hunter\"&nbsp;(Zoom&nbsp;Records)</p>\n<p class=\"paragraph text-align-type-left pap-line-1.8 pap-line-rule-auto pap-spacing-before-2pt pap-spacing-after-2pt\">Smells&nbsp;Like&nbsp;Heaven&nbsp;-&nbsp;\"Londres&nbsp;Strut\"&nbsp;(Deconstruction)</p>\n<p class=\"paragraph text-align-type-left pap-line-1.8 pap-line-rule-auto pap-spacing-before-2pt pap-spacing-after-2pt\">Spooky&nbsp;-&nbsp;\"Don't&nbsp;Panic\"&nbsp;(Guerilla)</p>\n<p class=\"paragraph text-align-type-left pap-line-1.8 pap-line-rule-auto pap-spacing-before-2pt pap-spacing-after-2pt\">Andronicus&nbsp;-&nbsp;\"Make&nbsp;You&nbsp;Whole\"&nbsp;(Hooj&nbsp;Choons)</p>\n<p class=\"paragraph text-align-type-left pap-line-1.8 pap-line-rule-auto pap-spacing-before-2pt pap-spacing-after-2pt\">Sublime&nbsp;&ndash;&nbsp;\"Sublime&nbsp;(Breakdown)\"&nbsp;(Limbo&nbsp;Records)</p>\n<p class=\"paragraph text-align-type-left pap-line-1.8 pap-line-rule-auto pap-spacing-before-2pt pap-spacing-after-2pt\">&nbsp;</p>\n<div>\n<div class=\"document\">\n<p class=\"paragraph text-align-type-left pap-line-1.8 pap-line-rule-auto pap-spacing-before-2pt pap-spacing-after-2pt\"><strong>风格元素</strong></p>\n<p class=\"paragraph text-align-type-left pap-line-1.8 pap-line-rule-auto pap-spacing-before-2pt pap-spacing-after-2pt\">根据Dave Seaman的说法，最初玩Eurodance的house DJ们借鉴了这一流派，这导致了今天progressive house中常见的流行的声音。Seaman指出，随着流派之间的各种界限变得如此模糊，真正的progressive house经常被发现 \"伪装 \"成techno、tech house甚至deep house。因此，音乐具有来自dub、deep house和Italo house等风格的元素。</p>\n<p class=\"paragraph text-align-type-left pap-line-1.8 pap-line-rule-auto pap-spacing-before-2pt pap-spacing-after-2pt\">&nbsp;</p>\n<p class=\"paragraph text-align-type-left pap-line-1.8 pap-line-rule-auto pap-spacing-before-2pt pap-spacing-after-2pt\">progressive的声音可以区别于后来的dream&nbsp;trance&nbsp;和vocal&nbsp;trance。&nbsp;它倾向于不使用唱段、高潮和鼓声，而是强调节奏层次。强度是通过定期增加和减少声音的层次来增加的。</p>\n<p class=\"paragraph text-align-type-left pap-line-1.8 pap-line-rule-auto pap-spacing-before-2pt pap-spacing-after-2pt\">&nbsp;</p>\n<p class=\"paragraph text-align-type-left pap-line-1.8 pap-line-rule-auto pap-spacing-before-2pt pap-spacing-after-2pt\">后来的progressive house曲子通常有一个build-up部分，可以持续到四分钟。&nbsp;随后是breakdown&nbsp;和climax，Deadmau5的 \"Strobe \"就是一个例子。&nbsp;从progressive&nbsp;rock中汲取的元素包括使用延长的运动音轨，更多的复杂性和reflection，但总是保持在four&nbsp;on&nbsp;the&nbsp;floor&nbsp;的节奏模式中。</p>\n</div>\n</div>\n</div>\n</div>\n</div>\n</div>\n</div>",
 "contentEn": "<p><strong>Progressive house</strong>&nbsp;is a subgenre of&nbsp;house music. The progressive house style emerged in the early 1990s. It initially developed in the&nbsp;United Kingdom&nbsp;as a natural progression of American and European house music of the late 1980s.<sup id=\"cite_ref-pmas_1-0\" class=\"reference\">[1]</sup><sup id=\"cite_ref-2\" class=\"reference\">[2]</sup></p>\n<p>&nbsp;</p>\n<h2><span id=\"Etymology\" class=\"mw-headline\">Etymology</span></h2>\n<p>In the context of&nbsp;popular music&nbsp;the word \"progressive\" was first used widely in the 1970s to differentiate&nbsp;experimental&nbsp;forms of&nbsp;rock music&nbsp;from mainstream styles. Such music attempted to explore alternate approaches to rock music production.<sup id=\"cite_ref-3\" class=\"reference\">[3]</sup>&nbsp;Some acts also attempted to elevate the aesthetic values of rock music by incorporating features associated with&nbsp;classical instrumental music. This led to a style of music called&nbsp;progressive rock, which has been described as \"the most self-consciously arty branch of rock.\"<sup id=\"cite_ref-4\" class=\"reference\">[4]</sup></p>\n<p>&nbsp;</p>\n<p>In&nbsp;disco music, and later&nbsp;house music, a similar desire to separate more exploratory styles from standard approaches saw&nbsp;DJs&nbsp;and&nbsp;producers&nbsp;adopting the word \"progressive\" to make a distinction.<sup class=\"noprint Inline-Template Template-Fact\">[<em><span title=\"This claim needs references to reliable sources. (October 2019)\">citation needed</span></em>]</sup>&nbsp;According to the DJ and producer&nbsp;Carl Craig, the term \"progressive\" was used in&nbsp;Detroit&nbsp;in the early 1980s in reference to&nbsp;Italo disco.<sup id=\"cite_ref-Reynolds1999p16_5-0\" class=\"reference\">[5]</sup>&nbsp;The music was dubbed \"progressive\" because it drew upon the influence of&nbsp;Giorgio Moroder's&nbsp;Euro disco&nbsp;rather than the&nbsp;disco&nbsp;inspired by the symphonic sound of&nbsp;Philadelphia soul.<sup id=\"cite_ref-Reynolds1999p16_5-1\" class=\"reference\">[5]</sup>&nbsp;In Detroit, prior to the emergence of&nbsp;techno, artists like&nbsp;Alexander Robotnick,&nbsp;Klein + M.B.O.&nbsp;and Capricorn filled a vacancy left after disco's demise in America.<sup id=\"cite_ref-Reynolds1999p16_5-2\" class=\"reference\">[5]</sup><sup id=\"cite_ref-Reynolds1999p22_6-0\" class=\"reference\">[6]</sup>&nbsp;In the late 1980s, UK music journalist&nbsp;Simon Reynolds&nbsp;introduced the term \"progressive dance\" to describe acts such as&nbsp;808 State,&nbsp;The Orb,&nbsp;Bomb the Bass&nbsp;and&nbsp;The Shamen. Between 1990 and 1992, the term \"progressive\" referred to the short-form buzz word for the house music subgenre \"progressive house\".<sup id=\"cite_ref-MIXMAG_7-0\" class=\"reference\">[7]</sup></p>\n<h2>&nbsp;</h2>\n<h2><span id=\"History\" class=\"mw-headline\">History</span></h2>\n<p>Progressive house emerged after the first wave of house music.<sup id=\"cite_ref-amgtem_8-0\" class=\"reference\">[8]</sup>&nbsp;The roots of progressive house can be traced back to the early 1990s rave and club scenes in the United Kingdom.<sup id=\"cite_ref-wiph_9-0\" class=\"reference\">[9]</sup>&nbsp;In 1992,&nbsp;<em>Mixmag</em>&nbsp;described it at the time as a \"new breed of hard but tuneful, banging but thoughtful, uplifting and trancey British house.\"<sup id=\"cite_ref-MIXMAG_7-1\" class=\"reference\">[7]</sup>&nbsp;A combination of US house, UK house, Italian house, Polish house, German house, and techno largely influenced one another during this era.<sup id=\"cite_ref-MIXMAG_7-2\" class=\"reference\">[7]</sup>&nbsp;The term was used mainly as a marketing label to differentiate new rave house from traditional American house.<sup id=\"cite_ref-MIXMAG_7-3\" class=\"reference\">[7]</sup>&nbsp;Progressive house was a departure from the Chicago&nbsp;acid house&nbsp;sound.<sup id=\"cite_ref-amgtem_8-1\" class=\"reference\">[8]</sup>&nbsp;The buzz word emerged from the rave scene around 1990 to 1992, describing a new sound of house that broke away from its American roots.<sup id=\"cite_ref-MIXMAG_7-4\" class=\"reference\">[7]</sup>&nbsp;Progressive house was viewed by some as anti-rave&nbsp;as its popularity rose in English clubs while&nbsp;breakbeat hardcore&nbsp;flourished at raves.<sup id=\"cite_ref-raam_10-0\" class=\"reference\">[10]</sup>&nbsp;According to DJ&nbsp;Dave Seaman, the sound faced a backlash in the early 1990s because \"it had gone the same way as progressive rock before it. Pompous, po-faced and full of its own self importance. But basically was really quite boring.\"<sup id=\"cite_ref-wiph_9-1\" class=\"reference\">[9]</sup>&nbsp;The label progressive house was often used interchangeably with trance in the early years.<sup id=\"cite_ref-MIXMAG_7-5\" class=\"reference\">[7]</sup></p>\n<p>&nbsp;</p>\n<p>AllMusic&nbsp;says that progressive house \"led the increasingly mainstream-sounding house from the charts back to the dance floors\".<sup id=\"cite_ref-AMProgTrance_11-0\" class=\"reference\">[11]</sup></p>\n<h3>&nbsp;</h3>\n<h3><span id=\"Notable_early_productions\" class=\"mw-headline\">Notable early productions</span></h3>\n<p>According to American DJ/producer duo&nbsp;Gabriel &amp; Dresden,&nbsp;Leftfield's October 1990 release \"Not Forgotten\" was possibly the first progressive house production.<sup id=\"cite_ref-htt_12-0\" class=\"reference\">[12]</sup>&nbsp;The record label&nbsp;Guerilla Records, set up by&nbsp;William Orbit&nbsp;&amp; Dick O'Dell, is thought to have been pivotal in the growth of a scene around the genre.<sup id=\"cite_ref-htt_12-1\" class=\"reference\">[12]</sup>&nbsp;<em>Renaissance: The Mix Collection</em>&nbsp;in 1994 and&nbsp;<em>Northern Exposure</em>&nbsp;in 1996 have both been credited with establishing the genre on&nbsp;mixed&nbsp;compilation albums. As well as Guerilla Records, the labels&nbsp;Deconstruction Records,&nbsp;Hooj Choons&nbsp;and&nbsp;Soma Records&nbsp;contributed to the scene's development in the early to mid-1990s.<sup id=\"cite_ref-wiph_9-2\" class=\"reference\">[9]</sup>&nbsp;The record label&nbsp;Bedrock Records&nbsp;released a series of \"Bedrock&rsquo;s &lsquo;Compiled and Mixed&rsquo;\" albums featuring artists like&nbsp;Chris Fortier,&nbsp;John Creamer &amp; Stephane K.<sup id=\"cite_ref-13\" class=\"reference\">[13]</sup><sup id=\"cite_ref-14\" class=\"reference\">[14]</sup>&nbsp;Australian artist, Luke Chable has been known for his 2003 seminal remix release PQM&rsquo;s \"You Are Sleeping\", titled \"You Are Sleeping (Luke Chable Vocal Pass)\".<sup id=\"cite_ref-15\" class=\"reference\">[15]</sup><sup id=\"cite_ref-16\" class=\"reference\">[16]</sup></p>\n<p>&nbsp;</p>\n<p>In June 1992,&nbsp;<em>Mixmag</em>&nbsp;published a list that contained what the magazine viewed as the top progressive house tracks at that time.<sup id=\"cite_ref-MIXMAG_7-6\" class=\"reference\">[7]</sup></p>\n<p>&nbsp;</p>\n<ul>\n<li>Leftfield&nbsp;- \"Not Forgotten\" (Outer Rhythm)</li>\n<li>Slam&nbsp;- \"IBO/Eterna\" (Soma Quality Recordings)</li>\n<li>React 2 Rhythm - \"Whatever You Dream\" (Guerilla)</li>\n<li>Soundclash Republic -&nbsp;<em>Cool Lemon EP</em>&nbsp;(Junk Rock Records)</li>\n<li>DOP -&nbsp;<em>Musicians of the Mind EP</em>&nbsp;(Guerilla)</li>\n<li>Gat Decor&nbsp;- \"Passion\" (Effective Records)</li>\n<li>The Sandals - \"A Profound Gas\" (Acid Jazz)</li>\n<li>Herbal Infusion - \"The Hunter\" (Zoom Records)</li>\n<li>Smells Like Heaven - \"Londres Strut\" (Deconstruction)</li>\n<li>Spooky&nbsp;- \"Don't Panic\" (Guerilla)</li>\n<li>Andronicus - \"Make You Whole\" (Hooj Choons)</li>\n<li>Sublime &ndash; \"Sublime (Breakdown)\" (Limbo Records)</li>\n</ul>\n<h2>&nbsp;</h2>\n<h2><span id=\"Stylistic_elements\" class=\"mw-headline\">Stylistic elements</span></h2>\n<p>According to&nbsp;Dave Seaman, house DJs who had originally played what was known as&nbsp;Eurodance&nbsp;borrowed from that the genre.<sup id=\"cite_ref-wiph_9-3\" class=\"reference\">[9]</sup>&nbsp;This led to a commercial sound that people associate with progressive house today.<sup id=\"cite_ref-wiph_9-4\" class=\"reference\">[9]</sup>&nbsp;Seaman notes that with the various lines between genres having become so blurred that true progressive house is often found \"masquerading\" as&nbsp;techno, tech house or even&nbsp;deep house.<sup id=\"cite_ref-wiph_9-5\" class=\"reference\">[9]</sup>&nbsp;As such, the music can feature elements derived from styles such as&nbsp;dub, deep house and&nbsp;Italo house.<sup id=\"cite_ref-enfl_17-0\" class=\"reference\">[17]</sup></p>\n<p>&nbsp;</p>\n<p>The progressive sound can be distinct from the later&nbsp;dream trance&nbsp;and&nbsp;vocal trance. It tends to lack&nbsp;anthemic&nbsp;choruses,&nbsp;crescendos&nbsp;and&nbsp;drum rolling,<sup id=\"cite_ref-enfl_17-1\" class=\"reference\">[17]</sup>&nbsp;but holds an emphasis on rhythmic layers.<sup id=\"cite_ref-wiph_9-6\" class=\"reference\">[9]</sup>&nbsp;Intensity is added by the regular addition and subtraction of layers of sound.<sup id=\"cite_ref-eamm_18-0\" class=\"reference\">[18]</sup>&nbsp;Phrases&nbsp;are typically a power of two number of&nbsp;bars&nbsp;and often begin with a new or different&nbsp;melody&nbsp;or rhythm.<sup id=\"cite_ref-mfemg_19-0\" class=\"reference\">[19]</sup></p>\n<p>&nbsp;</p>\n<p>Later progressive house tunes often featured a build-up section which can last up to four minutes. This is followed by a&nbsp;breakdown&nbsp;and then a climax.<sup id=\"cite_ref-mfemg_19-1\" class=\"reference\">[19]</sup>&nbsp;\"Strobe\" by&nbsp;Deadmau5&nbsp;is a good example. Elements drawn from the&nbsp;progressive rock&nbsp;genre include the use of extended or linked-movement&nbsp;tracks, more complexity and&nbsp;reflection&nbsp;but almost always within the&nbsp;four on the floor&nbsp;rhythm&nbsp;pattern.<sup id=\"cite_ref-pmg_20-0\" class=\"reference\">[20]</sup></p>\n<h2>&nbsp;</h2>\n<h2><span id=\"References\" class=\"mw-headline\">References</span></h2>\n<div class=\"reflist reflist-columns references-column-width\">\n<ol class=\"references\">\n<li id=\"cite_note-pmas-1\"><span class=\"mw-cite-backlink\"><strong>^</strong></span>&nbsp;<span class=\"reference-text\">Gerard, Morgan; Sidnell, Jack.&nbsp;<em>Popular Music and Society</em>&nbsp;24.3 (Fall 2000): 21&ndash;39.</span></li>\n<li id=\"cite_note-2\"><span class=\"mw-cite-backlink\"><strong>^</strong></span>&nbsp;<span class=\"reference-text\"><cite class=\"citation web cs1\">\"Open Your Mind! 35 stunners from back when progressive house wasn't terrible\".&nbsp;<em>FACT Magazine: Music News, New Music</em>. 3 July 2014<span class=\"reference-accessdate\">. Retrieved&nbsp;<span class=\"nowrap\">20 July</span>&nbsp;2017</span>.</cite></span></li>\n<li id=\"cite_note-3\"><span class=\"mw-cite-backlink\"><strong>^</strong></span>&nbsp;<span class=\"reference-text\">Kevin Holm-Hudson (2008).<em>Genesis and the Lamb Lies Down on Broadway,</em>Ashgate, p.75, (ISBN&nbsp;0754661474).</span></li>\n<li id=\"cite_note-4\"><span class=\"mw-cite-backlink\"><strong>^</strong></span>&nbsp;<span class=\"reference-text\">Michael Campbell (2008).<em>Popular Music in America</em>, Schirmer, p.251, (ISBN&nbsp;0495505307)</span></li>\n<li id=\"cite_note-Reynolds1999p16-5\"><span class=\"mw-cite-backlink\">^&nbsp;<span class=\"cite-accessibility-label\">Jump up to:</span><sup><em><strong>a</strong></em></sup>&nbsp;<sup><em><strong>b</strong></em></sup>&nbsp;<sup><em><strong>c</strong></em></sup></span>&nbsp;<span class=\"reference-text\">Reynolds, S.,&nbsp;<em>Generation Ecstasy: Into the World of Techno and Rave Culture</em>&nbsp;(New York: Routledge, 1999), p. 16.</span></li>\n<li id=\"cite_note-Reynolds1999p22-6\"><span class=\"mw-cite-backlink\"><strong>^</strong></span>&nbsp;<span class=\"reference-text\">Reynolds, S.,&nbsp;<em>Generation Ecstasy: Into the World of Techno and Rave Culture</em>&nbsp;(New York: Routledge, 1999), p. 22.</span></li>\n<li id=\"cite_note-MIXMAG-7\"><span class=\"mw-cite-backlink\">^&nbsp;<span class=\"cite-accessibility-label\">Jump up to:</span><sup><em><strong>a</strong></em></sup>&nbsp;<sup><em><strong>b</strong></em></sup>&nbsp;<sup><em><strong>c</strong></em></sup>&nbsp;<sup><em><strong>d</strong></em></sup>&nbsp;<sup><em><strong>e</strong></em></sup>&nbsp;<sup><em><strong>f</strong></em></sup>&nbsp;<sup><em><strong>g</strong></em></sup></span>&nbsp;<span class=\"reference-text\">Phillips, Dom,&nbsp;Trance-Mission&nbsp;Archived&nbsp;5 December 2011 at the&nbsp;Wayback Machine, Mixmag, June 1992.</span></li>\n<li id=\"cite_note-amgtem-8\"><span class=\"mw-cite-backlink\">^&nbsp;<span class=\"cite-accessibility-label\">Jump up to:</span><sup><em><strong>a</strong></em></sup>&nbsp;<sup><em><strong>b</strong></em></sup></span>&nbsp;<span class=\"reference-text\"><cite id=\"CITEREFBogdanov2001\" class=\"citation book cs1\">Bogdanov, Vladimir (2001).&nbsp;<span class=\"cs1-lock-registration\" title=\"Free registration required\"><em>All music guide to electronica: the definitive guide to electronic music</em></span>. Backbeat Books. p.&nbsp;xiii.&nbsp;ISBN&nbsp;<bdi>0879306289</bdi><span class=\"reference-accessdate\">. Retrieved&nbsp;<span class=\"nowrap\">20 April</span>&nbsp;2013</span>.</cite></span></li>\n<li id=\"cite_note-wiph-9\"><span class=\"mw-cite-backlink\">^&nbsp;<span class=\"cite-accessibility-label\">Jump up to:</span><sup><em><strong>a</strong></em></sup>&nbsp;<sup><em><strong>b</strong></em></sup>&nbsp;<sup><em><strong>c</strong></em></sup>&nbsp;<sup><em><strong>d</strong></em></sup>&nbsp;<sup><em><strong>e</strong></em></sup>&nbsp;<sup><em><strong>f</strong></em></sup>&nbsp;<sup><em><strong>g</strong></em></sup></span>&nbsp;<span class=\"reference-text\"><cite id=\"CITEREFSimon_Huxtable2014\" class=\"citation web cs1\">Simon Huxtable (11 August 2014).&nbsp;\"What is Progressive House?\".&nbsp;<em>Decoded Magazine</em><span class=\"reference-accessdate\">. Retrieved&nbsp;<span class=\"nowrap\">20 December</span>&nbsp;2014</span>.</cite></span></li>\n<li id=\"cite_note-raam-10\"><span class=\"mw-cite-backlink\"><strong>^</strong></span>&nbsp;<span class=\"reference-text\"><cite id=\"CITEREFScott1999\" class=\"citation book cs1\">Scott, Mireille (1999).&nbsp;<em>Rave America: New School Dancesscapes</em>. ECW Press. p.&nbsp;134.&nbsp;ISBN&nbsp;<bdi>1550223836</bdi><span class=\"reference-accessdate\">. Retrieved&nbsp;<span class=\"nowrap\">21 April</span>&nbsp;2013</span>.</cite></span></li>\n<li id=\"cite_note-AMProgTrance-11\"><span class=\"mw-cite-backlink\"><strong>^</strong></span>&nbsp;<span class=\"reference-text\"><cite class=\"citation web cs1\">\"Progressive Trance\".&nbsp;<em>AllMusic</em>.</cite></span></li>\n<li id=\"cite_note-htt-12\"><span class=\"mw-cite-backlink\">^&nbsp;<span class=\"cite-accessibility-label\">Jump up to:</span><sup><em><strong>a</strong></em></sup>&nbsp;<sup><em><strong>b</strong></em></sup></span>&nbsp;<span class=\"reference-text\"><cite id=\"CITEREFGabriel_&amp;_Dresden2014\" class=\"citation web cs1\">Gabriel &amp; Dresden (1 October 2014).&nbsp;\"How to Talk to Your Kids About Progressive House\".&nbsp;<em>Insomniac</em>. Insomniac Holdings<span class=\"reference-accessdate\">. Retrieved&nbsp;<span class=\"nowrap\">20 November</span>&nbsp;2014</span>.</cite></span></li>\n<li id=\"cite_note-13\"><span class=\"mw-cite-backlink\"><strong>^</strong></span>&nbsp;<span class=\"reference-text\"><cite id=\"CITEREFGreenberg2002\" class=\"citation web cs1\">Greenberg, Alexandra (23 August 2002).&nbsp;\"Bedrock/Pioneer Set to Release \"Bedrock 'Compiled and Mixed' John Creamer &amp; Stephanie K<span class=\"cs1-kern-right\">\"</span>\".&nbsp;<em>Mitch Schneider Organization</em><span class=\"reference-accessdate\">. Retrieved&nbsp;<span class=\"nowrap\">23 May</span>&nbsp;2021</span>.</cite></span></li>\n<li id=\"cite_note-14\"><span class=\"mw-cite-backlink\"><strong>^</strong></span>&nbsp;<span class=\"reference-text\"><cite id=\"CITEREFGreenberg2002\" class=\"citation web cs1\">Greenberg, Alexandra (18 April 2002).&nbsp;\"Bedrock/Pioneer Set to Release \"Bedrock 'Compiled and Mixed' Chris Fortier\" on June 11\".&nbsp;<em>Mitch Schneider Organization</em><span class=\"reference-accessdate\">. Retrieved&nbsp;<span class=\"nowrap\">23 May</span>&nbsp;2021</span>.</cite></span></li>\n<li id=\"cite_note-15\"><span class=\"mw-cite-backlink\"><strong>^</strong></span>&nbsp;<span class=\"reference-text\"><cite id=\"CITEREFResident_Advisor2003\" class=\"citation web cs1\">Resident Advisor, ed. (8 August 2003).&nbsp;\"PQM &ndash; You Are Sleeping remixes\". PA<span class=\"reference-accessdate\">. Retrieved&nbsp;<span class=\"nowrap\">23 May</span>&nbsp;2021</span>.</cite></span></li>\n<li id=\"cite_note-16\"><span class=\"mw-cite-backlink\"><strong>^</strong></span>&nbsp;<span class=\"reference-text\"><cite id=\"CITEREFSen2016\" class=\"citation web cs1\">Sen, Priya (6 March 2016).&nbsp;\"Feature Interview&nbsp;: Luke Chable &ndash; I love all different types of electronic music. There's a line that I wouldn't cross, but I've never been an 'underground only' person\". Decoded Magazine<span class=\"reference-accessdate\">. Retrieved&nbsp;<span class=\"nowrap\">23 May</span>&nbsp;2021</span>.</cite></span></li>\n<li id=\"cite_note-enfl-17\"><span class=\"mw-cite-backlink\">^&nbsp;<span class=\"cite-accessibility-label\">Jump up to:</span><sup><em><strong>a</strong></em></sup>&nbsp;<sup><em><strong>b</strong></em></sup></span>&nbsp;<span class=\"reference-text\"><cite id=\"CITEREFReynolds2012\" class=\"citation book cs1\">Reynolds, Simon&nbsp;(2012).&nbsp;<em>Energy Flash: A Journey Through Rave Music and Dance Culture</em>. Soft Skull Press.&nbsp;ISBN&nbsp;<bdi>1593764774</bdi><span class=\"reference-accessdate\">. Retrieved&nbsp;<span class=\"nowrap\">21 April</span>&nbsp;2013</span>.</cite></span></li>\n<li id=\"cite_note-eamm-18\"><span class=\"mw-cite-backlink\"><strong>^</strong></span>&nbsp;<span class=\"reference-text\"><cite id=\"CITEREFPrice2010\" class=\"citation encyclopaedia cs1\">Price, Emmett George (2010).&nbsp;\"House music\".&nbsp;<em>Encyclopedia of African American Music</em>.&nbsp;<strong>3</strong>. ABC-CLIO. p.&nbsp;406.&nbsp;ISBN&nbsp;<bdi>0313341990</bdi><span class=\"reference-accessdate\">. Retrieved&nbsp;<span class=\"nowrap\">20 April</span>&nbsp;2013</span>.</cite></span></li>\n<li id=\"cite_note-mfemg-19\"><span class=\"mw-cite-backlink\">^&nbsp;<span class=\"cite-accessibility-label\">Jump up to:</span><sup><em><strong>a</strong></em></sup>&nbsp;<sup><em><strong>b</strong></em></sup></span>&nbsp;<span class=\"reference-text\"><cite class=\"citation web cs1\">\"Electronica Genre Guide: Progressive\".&nbsp;<em>Music Faze</em>. Archived from&nbsp;the original&nbsp;on 20 December 2014<span class=\"reference-accessdate\">. Retrieved&nbsp;<span class=\"nowrap\">18 July</span>&nbsp;2013</span>.</cite></span></li>\n<li id=\"cite_note-pmg-20\"><span class=\"mw-cite-backlink\"><strong>^</strong></span>&nbsp;<span class=\"reference-text\"><cite id=\"CITEREFBorthwickRon_Moy2004\" class=\"citation book cs1\">Borthwick, Stuart; Ron Moy (2004).&nbsp;<em>Popular Music Genres: An Introduction</em>. Edinburgh University Press. p.&nbsp;75.&nbsp;ISBN&nbsp;<bdi>0748617450</bdi><span class=\"reference-accessdate\">. Retrieved&nbsp;<span class=\"nowrap\">20 April</span>&nbsp;2013</span>.</cite></span></li>\n</ol>\n</div>",
 "remarks": "本词条汉字内容由 @多频百科团队 翻译+编辑\n原文译自 https://en.wikipedia.org/wiki/Progressive_house",
 "remarksEn": "本词条内容来自 https://en.wikipedia.org/wiki/Progressive_house",
 "status": 1,
 "clickNum": 315,
 "deleted": 0,
 "lang": 0,
 "chooseLang": true,
 "id": 82,
 "name": "Progressive House",
 "descriptions": "Progressive House（渐进浩室）是House音乐的一个分支。始于1990年代，发展于英国。深受Trance音乐的影响，传统Progressive House音乐比较注重旋律和乐曲编排，拍点强弱较不明显，节奏大致在120到134bpm左右。进入2010年代以来，随着Pop EDM的快速发展，以Swedish House Mafia，Avicii为代表的艺术家开创了EDM Progressive House的分支，在流行市场取得巨大成功。",
 "originalName": "",
 "startTimeText": "Early 1990s",
 "startAddress": "United Kingdom",
 "searchStyle": "House",
 "styleCategory": "House",
 "originalStyle": "House, trance, Balearic beat, Italo house",
 "affectStyle": "Progressive trance",
 "deriveStyle": "",
 "representArtist": "",
 "officialUrl": "https://en.wikipedia.org/wiki/Progressive_house",
 "typeId": 13,
 "typeName": "风格",
 "dataId": 82,
 "url": "http://dropinapp.hearinmusic.com/#/ency?typeId=13&dataId=82"
}