{
 "pageNum": 1,
 "pageSize": 10,
 "params": {},
 "relationChannel": "[{\"id\":1153,\"parentId\":8,\"name\":\"Progressive Breaks\"}]",
 "content": "<div class=\"document\">\n<p class=\"paragraph text-align-type-left pap-line-1.8 pap-line-rule-auto pap-spacing-before-0pt pap-spacing-after-0pt\">Progressive breaks（也被称为Prog Break, Atmospheric Break）是Breakbeat的一个子类型，本质上是Breakbeat和Progressive house的融合。与Progressive house非常相似，这个子类型的特点是其 \"trance \"的声音。包括延伸的合成器垫，旋律性的合成器Lead，重混响和电子节拍。然而，与progressive house不同的是，progressive breaks的曲目很少有人声，大多数曲目完全是乐器演奏，或只使用电子人声样本来达到声音效果。典型的progressive breaks曲目通常会有一个长久的Build-up，促成音乐的分解和高潮，在不同的时间间隔内，经常添加或减少许多声音元素，以增加其强度。</p>\n<p class=\"paragraph text-align-type-left pap-line-1.8 pap-line-rule-auto pap-spacing-before-0pt pap-spacing-after-0pt\">&nbsp;</p>\n<p class=\"paragraph text-align-type-left pap-line-1.8 pap-line-rule-auto pap-spacing-before-0pt pap-spacing-after-0pt\">Progressive breaks的艺术家包括Hybrid, BT, Way Out West, Digital Witchcraft, Momu, Wrecked Angle, Burufunk, Under This和Fretwell。</p>\n</div>",
 "contentEn": "<p><strong>Progressive breaks</strong>&nbsp;or&nbsp;<strong>prog breaks</strong>, also known as&nbsp;<strong>atmospheric breaks</strong>, is a subgenre of breaks that is essentially a fusion of breakbeat and&nbsp;progressive house. Much like progressive house, this subgenre is characterized by its \"trancey\" sound. Its defining traits include extended synthesizer pads and washes, melodic synth leads, heavy&nbsp;reverberation, and electronic breakbeats. However, unlike progressive house, very few progressive breaks tracks have vocals, with most tracks being entirely instrumental or using only electronically altered snippets of vocal samples for sonic effect. Typical progressive breaks tracks will often have a long build-up section that leads to a&nbsp;breakdown&nbsp;and a climax, often having numerous sonic elements being added or subtracted from the track at various intervals in order to increase its intensity. Progressive breaks artists include&nbsp;Hybrid,&nbsp;BT,&nbsp;Way Out West,&nbsp;Digital Witchcraft,&nbsp;Momu, Wrecked Angle, Burufunk, Under This and Fretwell.</p>",
 "remarks": "本词条汉字内容由 @多频百科团队 翻译+编辑\n原文译自 https://en.wikipedia.org/wiki/Breakbeat#Progressive_breaks",
 "remarksEn": "本词条内容来自 https://en.wikipedia.org/wiki/Breakbeat#Progressive_breaks",
 "status": 1,
 "clickNum": 15,
 "deleted": 0,
 "lang": 0,
 "chooseLang": true,
 "id": 103,
 "name": "Progressive Breaks",
 "descriptions": "Progressive breaks（也被称为Prog Break, Atmospheric Break）是Breakbeat的一个子类型，本质上是Breakbeat和Progressive house的融合。",
 "originalName": "",
 "startTimeText": "Early 1990s",
 "startAddress": "",
 "searchStyle": "Breakbeat",
 "styleCategory": "Breakbeat",
 "originalStyle": "Breakbeat, Progressive House",
 "affectStyle": "Progressive trance",
 "deriveStyle": "",
 "representArtist": "Hybrid, BT, Way Out West, Digital Witchcraft, Momu",
 "officialUrl": "https://en.wikipedia.org/wiki/Breakbeat#Progressive_breaks",
 "typeId": 13,
 "typeName": "风格",
 "dataId": 103,
 "url": "http://dropinapp.hearinmusic.com/#/ency?typeId=13&dataId=103"
}