{
 "pageNum": 1,
 "pageSize": 10,
 "params": {},
 "relationChannel": "[{\"id\":1456,\"parentId\":8,\"name\":\"Proibidão\"}]",
 "content": "<div>\n<div class=\"document\">\n<p class=\"paragraph text-align-type-left pap-line-1.8 pap-line-rule-auto pap-spacing-before-0pt pap-spacing-after-0pt\">Proibid&atilde;o的字面意思是 \"强烈禁止\"，是一种源自里约热内卢贫民窟的funk carioca音乐的子流派，它始于1990年代初，是与该市许多贫民窟中的贩毒帮派增长并行的现象。贩毒团伙赞助DJ和baile funks在他们控制的贫民窟传播尊重和爱他们的团伙以及仇恨其他团伙。由此产生的音乐就是proibid&atilde;o。</p>\n<p class=\"paragraph text-align-type-left pap-line-1.8 pap-line-rule-auto pap-spacing-before-0pt pap-spacing-after-0pt\">&nbsp;</p>\n<p class=\"paragraph text-align-type-left pap-line-1.8 pap-line-rule-auto pap-spacing-before-0pt pap-spacing-after-0pt\">Proibid&atilde;o的特点是现场funk人声和Miami bass结构的原始混合。明确的歌词通常会宣传MC所属的帮派、犯罪、吸毒和暴力。就像帮派成员一样，MC们也会说些不好听的话，每个毒品帮派都会在自己的贫民窟赞助自己的baile funk，这就导致了每个MC以及每个帮派都有独特的声音。帮派的高度地域性使得proibid&atilde;o在里约热内卢成为一种极其本地化的放funk形式。此外，在巴西，在歌词中宣扬犯罪是违法的，这使得大多数proibid&atilde;o歌曲在电台表演或广播是非法的（因此被称为 \"proibid&atilde;o\"）。这两个因素使得proibid&atilde;o很少能在贫民窟的现场表演之外被听到。有一个特别强大的帮派，Comando Vermelho（葡萄牙语，意为Red Command）在他们的舞会上给贫穷的年轻人提供免费的女孩、饮料和娱乐，希望给里约的年轻人留下一个贩毒和帮派成员的正面形象。在Red Command发行的CD中，他们的帮派标志--CV，横在标签上，代表的是社区和帮派，而不是艺人。Red Command的影响力在1990年表现得淋漓尽致，当时的 \"里约说唱之王 \"William Santos de Souza 和Duda发布了一首名为《Rap do Borel》的歌曲，向里约一个由帮派控制的贫民窟喊话。没有哪个帮派比Commando Vermelho更能代表Proibid&atilde;o。</p>\n<p class=\"paragraph text-align-type-left pap-line-1.8 pap-line-rule-auto pap-spacing-before-0pt pap-spacing-after-0pt\">&nbsp;</p>\n<p class=\"paragraph text-align-type-left pap-line-1.8 pap-line-rule-auto pap-spacing-before-0pt pap-spacing-after-0pt\">其他帮派也有著名的歌曲。例如，帮派Amigos dos Amigos（葡萄牙语''Friends of Friends''）以MC Cruel演唱的 \"A.D.A do Chuck \"而闻名。另一位Funk emcee MC Colibri在erotic funk方面非常成功，但他也已经为Terceiro Comando Puro Proibid&atilde;o创作了音乐，对于里约的社会空间的获取有一些非常重要的意义。对于黑帮和毒枭来说，它代表了一种对应于领土统治的音乐表达形式。实际上，当这些帮派举办他们特定的bailes活动时，他们就会对敌对的帮派和国家执法部门维护自己的权威。由于Proibid&atilde;o引起的犯罪生活方式和习惯性吸毒是其表演者的特点，警察自然会试图阻止bailes活动和Proibid&atilde;o的相关传播。因此，尽管D.R.E(Divis&atilde;o de Repress&atilde;o &agrave; Entorpecentes或Division of the Repression Against Drugs)等国家计划努力制止，但每周仍有无数的bailes活动存在，这对帮派来说是一个明显的胜利。除了举办这些bailes活动外，帮派还招募城市青年，宣传他们的日常斗争，这使得贫民窟bailes活动成为帮派开展业务的重要社交场所。</p>\n</div>\n</div>",
 "remarks": "本词条汉字内容由 @多频百科团队 翻译+编辑\n原文译自 https://en.wikipedia.org/wiki/Proibid%C3%A3o",
 "remarksEn": "本词条内容暂未完善仅供参考，多频百科小编正在火速赶来",
 "status": 0,
 "clickNum": 3,
 "deleted": 0,
 "lang": 0,
 "chooseLang": false,
 "id": 292,
 "name": "Proibidão",
 "descriptions": "Proibidão的字面意思是 \"强烈禁止\"，是一种源自里约热内卢贫民窟的funk carioca音乐的子流派\n\n",
 "originalName": "",
 "startTimeText": "1990s",
 "startAddress": "Rio de Janeiro, Brazil",
 "searchStyle": "Hip Hop Music",
 "styleCategory": "Funk Carioca",
 "originalStyle": "Funk cariocagangsta rap",
 "affectStyle": "",
 "deriveStyle": "funk ousadia",
 "representArtist": "",
 "officialUrl": "https://en.wikipedia.org/wiki/Proibid%C3%A3o",
 "typeId": 13,
 "typeName": "风格",
 "dataId": 292,
 "url": "http://dropinapp.hearinmusic.com/#/ency?typeId=13&dataId=292"
}