{
 "pageNum": 1,
 "pageSize": 10,
 "params": {},
 "relationChannel": "[{\"id\":1236,\"parentId\":8,\"name\":\"Psychedelic Trance\"}]",
 "content": "<div class=\"document\">\n<div class=\"document\">\n<p class=\"paragraph text-align-type-left pap-line-1.8 pap-line-rule-auto pap-spacing-before-2pt pap-spacing-after-2pt\">Psychedelice Trance（Psytrance，Psy-trance或Psy）是Trance音乐的一个子类型，其特点是对节奏的编排，连续反复冲击的Bassline和高节奏循环乐段的层叠旋律。它时常被拿来与Trance音乐的硬核、地下形式做探讨。该风格在情绪、节奏和形式上具有多样性，包括full on, darkpsy, forest, minimal (Zenonesque), hitech psy, progressive, suomi, psy-chill, psycore, psybient (fusion of psychedelic trance and ambient), psybreaks, 或从其他音乐流派中改编。Goa Trance是Psychedelic Trance的前辈，数字媒体时代Psytrance得到了更广泛的发展和使用。</p>\n<p class=\"paragraph text-align-type-left pap-line-1.8 pap-line-rule-auto pap-spacing-before-2pt pap-spacing-after-2pt\">&nbsp;</p>\n<p class=\"paragraph text-align-type-left pap-line-1.8 pap-line-rule-auto pap-spacing-before-2pt pap-spacing-after-2pt\"><strong>起源</strong></p>\n<p class=\"paragraph text-align-type-left pap-line-1.8 pap-line-rule-auto pap-spacing-before-2pt pap-spacing-after-2pt\">20世纪60年代中期，第一批嬉皮士来到了印度果阿。他们被这里的一切吸引，包括海滩风光、低生活成本、友好的当地人、印度的宗教和精神习俗以及现成的印度大麻，但直到70年代中期，大麻才变得合法。在70年代，第一批果阿DJ一般都是psychedelic摇滚乐队，例如the Grateful Dead, Pink Floyd and The Doors。</p>\n<p class=\"paragraph text-align-type-left pap-line-1.8 pap-line-rule-auto pap-spacing-before-2pt pap-spacing-after-2pt\">&nbsp;</p>\n<p class=\"paragraph text-align-type-left pap-line-1.8 pap-line-rule-auto pap-spacing-before-2pt pap-spacing-after-2pt\" style=\"text-align: center;\">&nbsp;<img src=\"https://duopin-community.oss-cn-shenzhen.aliyuncs.com/nkrbmpago8c8jqtlqnvs.jpg\" alt=\"\" width=\"1024\" height=\"768\" /></p>\n<p class=\"paragraph text-align-type-left pap-line-1.8 pap-line-rule-auto pap-spacing-before-2pt pap-spacing-after-2pt\" style=\"text-align: center;\"><span style=\"font-size: 8pt;\">Voov Experience是历史最悠久的露天Psytrance活动之一</span></p>\n<p class=\"paragraph text-align-type-left pap-line-1.8 pap-line-rule-auto pap-spacing-before-2pt pap-spacing-after-2pt\" style=\"text-align: center;\"><span style=\"font-size: 8pt;\">By Andy Weisner from D&uuml;sseldorf, Germany - P1040657-1, CC BY-SA 2.0, https://commons.wikimedia.org/w/index.php?curid=1010364</span></p>\n<p class=\"paragraph text-align-type-left pap-line-1.8 pap-line-rule-auto pap-spacing-before-2pt pap-spacing-after-2pt\">&nbsp;</p>\n<p class=\"paragraph text-align-type-left pap-line-1.8 pap-line-rule-auto pap-spacing-before-2pt pap-spacing-after-2pt\">1979年，在果阿偶尔可以听到Kraftwerk等艺术家以曲目形式演奏的电子舞曲，而Front242和Nitzer Ebb以及Eurobeat等艺术家把电子工业/EBM音乐带出了欧洲后，到1983年，DJ劳伦特（Laurent）和弗雷德&middot;迪斯科（Fred Disko）以及果阿&middot;吉尔（Goa Gil）开始将果阿风格舞曲转变为电子工业/EBM音乐。这些曲目被重新混音，去掉歌词，循环旋律和节拍，以任何能想到的方式重新编曲，最后以果阿风格的定制混音歌曲呈现给舞者。</p>\n<p class=\"paragraph text-align-type-left pap-line-1.8 pap-line-rule-auto pap-spacing-before-2pt pap-spacing-after-2pt\">&nbsp;</p>\n<p class=\"paragraph text-align-type-left pap-line-1.8 pap-line-rule-auto pap-spacing-before-2pt pap-spacing-after-2pt\" style=\"text-align: center;\"><img src=\"https://duopin-community.oss-cn-shenzhen.aliyuncs.com/eqmxbbdgva2ppfxi1l7v.jpg\" alt=\"\" width=\"1024\" height=\"683\" /></p>\n<p class=\"paragraph text-align-type-left pap-line-1.8 pap-line-rule-auto pap-spacing-before-2pt pap-spacing-after-2pt\" style=\"text-align: center;\"><span style=\"font-size: 8pt;\">室内Psytrance活动</span></p>\n<p class=\"paragraph text-align-type-left pap-line-1.8 pap-line-rule-auto pap-spacing-before-2pt pap-spacing-after-2pt\" style=\"text-align: center;\"><span style=\"font-size: 8pt;\">By Mike Lehmann - Own work, CC BY-SA 3.0, https://commons.wikimedia.org/w/index.php?curid=921076</span></p>\n<p class=\"paragraph text-align-type-left pap-line-1.8 pap-line-rule-auto pap-spacing-before-2pt pap-spacing-after-2pt\">&nbsp;</p>\n<p class=\"paragraph text-align-type-left pap-line-1.8 pap-line-rule-auto pap-spacing-before-2pt pap-spacing-after-2pt\">1990&ndash;91年前后，Goa开始引起人们的注意，并成为一个很受欢迎的聚会地点。随着它的规模越来越大，果阿风格的派对从1993年开始传遍世界各地。英国的Pangaea和Megatripolis在各个国家（英国、澳大利亚、日本、德国）成立了大量唱片公司，以帮助反映果阿精神、果阿音乐和果阿艺术家、制作人和DJ特点的psychedelic electronic music发展。商业化后的Goa Trance在1994年开始引领全球。Goa Psy Trance发展史上公认的第一波黄金时代是在1994年至1997年之间。</p>\n<p class=\"paragraph text-align-type-left pap-line-1.8 pap-line-rule-auto pap-spacing-before-2pt pap-spacing-after-2pt\">&nbsp;</p>\n<p class=\"paragraph text-align-type-left pap-line-1.8 pap-line-rule-auto pap-spacing-before-2pt pap-spacing-after-2pt\"><strong>发展</strong></p>\n<p class=\"paragraph text-align-type-left pap-line-1.8 pap-line-rule-auto pap-spacing-before-2pt pap-spacing-after-2pt\">1992年，Goa trance有了自己的，尽管术语&ldquo;Goa Trance&rdquo;直到1994年左右才成为该类型音乐的一种。在20世纪90年代后期，Goa Trance与术语psychedelic trance一直互换使用，并在户外狂欢和节日中一直在流行。但也出现了一些长久经营的psytrance夜总会，如位于慕尼黑的Natraj Temple。世界各地涌现了不少新艺术家，而且今年是首次举办Goa Trance节，包括法国的Gaia Festival和仍在举办的德国VuuV Festival。</p>\n<p class=\"paragraph text-align-type-left pap-line-1.8 pap-line-rule-auto pap-spacing-before-2pt pap-spacing-after-2pt\">&nbsp;</p>\n<p class=\"paragraph text-align-type-left pap-line-1.8 pap-line-rule-auto pap-spacing-before-2pt pap-spacing-after-2pt\">1993年，第一张完全的Goa Trance发行，名为Project II Trance，由Man With No Name和Hallucinogen两位负责曲子合成。Goa trance在1996年至1997年间达到了商业顶峰，拥有媒体关注度，DJ界的一些知名人士也参与其中。然而这种繁荣并没有持续多久，一旦人们的关注度下降，音乐销售也随之下降，唱片公司、推广网络以及一些艺术家的发展会受到影响。1997年，Matsuri Productions发行了作品《Let it RIP》，在音乐上标志着Goa trance从商业顶峰坠落。在这张专辑的封底底下有一行小字，写着：&ldquo;R.I.P：Mother Theresa, Princess Diana,William Burroughs &amp; Goa Trance&rdquo;。</p>\n<p class=\"paragraph text-align-type-left pap-line-1.8 pap-line-rule-auto pap-spacing-before-2pt pap-spacing-after-2pt\">&nbsp;</p>\n<p class=\"paragraph text-align-type-left pap-line-1.8 pap-line-rule-auto pap-spacing-before-2pt pap-spacing-after-2pt\">虽然这一流派可能是在Goa trance中孕育出来的，但它继续在全球范围内流传。西欧、中东、北美、澳大利亚、日本和南非音乐都受它的影响。Psytrance与其他音乐流派也有紧密关系，如big beat, electroclash, grime和2-step。这一流派是随着多媒体psychedelic arts场景的发展而演变的。</p>\n<p class=\"paragraph text-align-type-left pap-line-1.8 pap-line-rule-auto pap-spacing-before-2pt pap-spacing-after-2pt\">&nbsp;</p>\n<p class=\"paragraph text-align-type-left pap-line-1.8 pap-line-rule-auto pap-spacing-before-2pt pap-spacing-after-2pt\"><strong>新世纪</strong></p>\n<p>新世纪来临后，PsyTrance派对继续发展，在90年代末期流行期间创立了诸多PsyTrance的音乐节，诸如葡萄牙的Boom Festival、匈牙利的Ozora festival<sup id=\"cite_ref-16\" class=\"reference\"></sup>、德国的VooV Festival<sup id=\"cite_ref-mushroommag_17-0\" class=\"reference\"></sup>等。但由于不可避免的毒品与扰民问题，像以色列、德国、印度政府都逮捕过在PsytranceParty上吸毒的听众，果阿政府禁止本地22点以后的派对，且同期流行的主流Trance音乐与PsyTrance营造的氛围类同且更加与主流文化贴近，因故仅以Psy Trance为主题的派对与音乐节规模都维持在一个相对固定的规模，或是达到高峰以后慢慢滑落。不过由于部分制作人的主流化，更多的听众直接参与了拥有PsyTrance DJ的综合电子音乐节中。<sup>[1]</sup></p>\n<p>&nbsp;</p>\n<p>与此同时，音乐开始更加的多元化发展，听众维持在了一个固定并小幅增长的规模。同期浮现了一批在国际上受到关注的以色列PsyTrance制作人，如Infected Mushroom、Astrix、Yahel Sherman等，其中Infected Mushroom在DJ杂志(DJMAG)的2007年百大DJ评选中获得了第9名，Astrix获得了第18名，Yahel Sherman获得了28名<sup id=\"cite_ref-22\" class=\"reference\"></sup>。这段时间中由Astrix发行的Artcore专辑及Infected Mushroom发行的I'm The Supervisor专辑均获得了PsyTrance专辑历史上的最好成绩。Infected Mushroom还被认为是销量最好的以色列音乐家之一。<sup>[1]</sup></p>\n<p class=\"paragraph text-align-type-left pap-line-1.8 pap-line-rule-auto pap-spacing-before-2pt pap-spacing-after-2pt\">&nbsp;</p>\n<p class=\"paragraph text-align-type-left pap-line-1.8 pap-line-rule-auto pap-spacing-before-2pt pap-spacing-after-2pt\"><strong>特点</strong></p>\n<p class=\"paragraph text-align-type-left pap-line-1.8 pap-line-rule-auto pap-spacing-before-2pt pap-spacing-after-2pt\">Psychedelic trance有一个独特的，充满活力的声音，往往比其他形式的trance或techno音乐的速度快，一般从135至150 BPM，但一些psytrance歌曲也可以达到190BPM，200bpm，210bpm，甚至300bpm。它使用了一个非常独特的低音节拍，在整首歌中不断地敲击，并用不同的节奏覆盖低音，这些节奏来自于鼓和其他乐器的funk、techno、dance、acid house、Eurodess和trance。不同的导音、节奏和节拍通常每八小节改变一次。分层是用来创造Psychedelic trance的效果，新的音乐理念以固定的间隔加入，通常每四到八小节增加一次。新的层次将继续增加，直到达到高潮，然后歌曲将打破并在不断的低音线开始新的节奏模式。一首Psychedelic trance的歌曲往往是6至10分钟长。</p>\n<p class=\"paragraph text-align-type-left pap-line-1.8 pap-line-rule-auto pap-spacing-before-2pt pap-spacing-after-2pt\">&nbsp;</p>\n<p class=\"paragraph text-align-type-left pap-line-1.8 pap-line-rule-auto pap-spacing-before-2pt pap-spacing-after-2pt\"><strong>子风格/变式</strong></p>\n<ul>\n<li class=\"paragraph text-align-type-left pap-line-1.8 pap-line-rule-auto pap-spacing-before-2pt pap-spacing-after-2pt\">Dark Psytrance</li>\n<li class=\"paragraph text-align-type-left pap-line-1.8 pap-line-rule-auto pap-spacing-before-2pt pap-spacing-after-2pt\">Full-on</li>\n<li class=\"paragraph text-align-type-left pap-line-1.8 pap-line-rule-auto pap-spacing-before-2pt pap-spacing-after-2pt\">Progressive Pystrance</li>\n<li class=\"paragraph text-align-type-left pap-line-1.8 pap-line-rule-auto pap-spacing-before-2pt pap-spacing-after-2pt\">Suomisaundi</li>\n<li class=\"paragraph text-align-type-left pap-line-1.8 pap-line-rule-auto pap-spacing-before-2pt pap-spacing-after-2pt\">Zenonesque</li>\n<li class=\"paragraph text-align-type-left pap-line-1.8 pap-line-rule-auto pap-spacing-before-2pt pap-spacing-after-2pt\">Psybient</li>\n</ul>\n<p class=\"paragraph text-align-type-left pap-line-1.8 pap-line-rule-auto pap-spacing-before-2pt pap-spacing-after-2pt\">&nbsp;</p>\n<p class=\"paragraph text-align-type-left pap-line-1.8 pap-line-rule-auto pap-spacing-before-2pt pap-spacing-after-2pt\"><strong>活动</strong></p>\n<p>大型psytrance节日在文化和音乐上都具有多样性。他们吸引了来自世界各地的诸多追随者和背包客。 Earthdance是世界上最大的和平主题舞曲活动，其根源就是Psychedelic Trance的场景。</p>\n<p>&nbsp;</p>\n<p>葡萄牙的Boom Festival最初是一个psytrance节，现在也包括各类音乐。它每两年在八月举行一次，将社会激进主义与文化和精神元素相结合。</p>\n<p>&nbsp;</p>\n<p>2004年，Glastonbury Festival（格拉斯顿伯里音乐节）在Glade舞台上用了一整天的时间来表达精神恍惚。</p>\n<p>&nbsp;</p>\n<p style=\"text-align: center;\">&nbsp;<img src=\"https://duopin-community.oss-cn-shenzhen.aliyuncs.com/zo1ggt370rdselx9feqt.jpg\" alt=\"\" width=\"519\" height=\"453\" /></p>\n<p style=\"text-align: center;\"><span style=\"font-size: 8pt;\">Arronax在Psychedelic Trance音乐节上演出(2009年)</span></p>\n<p style=\"text-align: center;\"><span style=\"font-size: 8pt;\">By Virtualkaymak - Own work, CC BY 3.0, https://commons.wikimedia.org/w/index.php?curid=9771538</span></p>\n<p>&nbsp;</p>\n<p>在南非，一些Psytrance节日活动已经在长期运作了，例如Alien Safari、Vortex 和Synergy Festival。</p>\n<p>&nbsp;</p>\n<p>在澳大利亚也有许多长期运作的Psytrance节日活动，比如Rainbow Serpent Festival, Esoteric Festival, New Psycle以及Earthcore (现已停运)。</p>\n<p>&nbsp;</p>\n<p>在欧洲，有大量以Psy为中心的节日活动：匈牙利的 O.Z.O.R.A 节是一个以艺术为中心的节日，其根源在于与自然和自己接触，Psytrance在这里突出的焦点。</p>\n<p>&nbsp;</p>\n<p><strong>文化研究</strong></p>\n<p>2007 年，有学者对全球 psytrance 场景进行了研究。 来自 40 个国家的 600 人通过在线问卷提供了详细信息。 结果发表在《青年研究杂志》上，题为&ldquo;超越亚文化和后亚文化？虚拟精神病案例&rdquo;。&nbsp;</p>\n<p>&nbsp;</p>\n<p>2012 年，Graham St. John出版了书籍《<em>Global Tribe: Technology, Spirituality and Psytrance</em>》 (ISBN 9781845539559)。</p>\n<p>&nbsp;</p>\n<p>参考资料</p>\n<p>1.&nbsp;https://zh.wikipedia.org/wiki/迷幻出神</p>\n</div>\n</div>",
 "contentEn": "<p><strong>Psychedelic trance</strong>,&nbsp;<strong>psytrance</strong>&nbsp;or&nbsp;<strong>psy</strong>&nbsp;is a subgenre of&nbsp;trance music&nbsp;characterized by arrangements of&nbsp;rhythms&nbsp;and layered&nbsp;melodies&nbsp;created by high tempo&nbsp;riffs.<sup id=\"cite_ref-PsyBook2010_4-0\" class=\"reference\">[4]</sup><sup id=\"cite_ref-5\" class=\"reference\">[5]</sup>&nbsp;It is comparable to the hardcore,&nbsp;underground&nbsp;style of trance music.<sup id=\"cite_ref-efaj_6-0\" class=\"reference\">[6]</sup>&nbsp;The genre offers variety in terms of mood, tempo, and style. Some examples include full on,&nbsp;darkpsy, forest, minimal (Zenonesque), hitech psy,&nbsp;progressive,&nbsp;suomi, psy-chill, psycore, psybient (fusion of psychedelic trance and ambient), psybreaks, or \"adapted\" tracks from other music genres.&nbsp;Goa trance&nbsp;preceded psytrance; when digital media became more commonly used psytrance evolved. Goa continues to develop alongside the other genres.<sup id=\"cite_ref-PsyBook2010_4-1\" class=\"reference\">[4]</sup></p>\n<p>&nbsp;</p>\n<h2><span id=\"History\" class=\"mw-headline\">History</span></h2>\n<h3><span id=\"Origins\" class=\"mw-headline\">Origins</span></h3>\n<p>The first&nbsp;hippies&nbsp;who arrived in&nbsp;Goa,&nbsp;India&nbsp;(a former Portuguese colony)<sup id=\"cite_ref-7\" class=\"reference\">[7]</sup>&nbsp;in the mid-1960s were drawn there for many reasons, including the beaches, the low cost of living, the friendly locals, the Indian religious and spiritual practices and the readily available Indian cannabis, which until the mid-1970s was legal.<sup id=\"cite_ref-8\" class=\"reference\">[8]</sup>&nbsp;During the 1970s the first Goa DJs were generally playing&nbsp;psychedelic rock&nbsp;bands such as the&nbsp;Grateful Dead,&nbsp;Pink Floyd&nbsp;and&nbsp;The Doors. In 1979 the beginnings of&nbsp;electronic dance music&nbsp;could occasionally be heard in Goa in the form of tracks by artists such as&nbsp;Kraftwerk&nbsp;but it was not until 1983 that DJs Laurent and Fred Disko, closely followed by&nbsp;Goa Gil, began switching the Goa style over to&nbsp;electro-industrial/EBM&nbsp;which was now flooding out of Europe from artists such as&nbsp;Front 242&nbsp;and&nbsp;Nitzer Ebb&nbsp;as well as&nbsp;Eurobeat.<sup id=\"cite_ref-9\" class=\"reference\">[9]</sup><sup id=\"cite_ref-10\" class=\"reference\">[10]</sup></p>\n<p>&nbsp;</p>\n<p>The tracks were remixed, removing the lyrics, looping the melodies and beats and generally manipulating the sounds in all manner of ways before the tracks were finally presented to the dancers as custom Goa-style mixes.<sup id=\"cite_ref-11\" class=\"reference\">[11]</sup></p>\n<p>&nbsp;</p>\n<p>By 1990&ndash;91 Goa was beginning to attract attention and had become a popular destination for partying. As the scene grew bigger, Goa-style parties spread like a diaspora all over the world from 1993. Parties like Pangaea and&nbsp;Megatripolis&nbsp;in the UK helped spawn a multitude of labels in various countries (U.K. Australia, Japan, Germany and Israel) to promote psychedelic electronic music that reflected the ethos of Goa parties, Goa music, and Goa-specific artists, producers, and DJs.<sup id=\"cite_ref-12\" class=\"reference\">[12]</sup>&nbsp;Goa Trance as commercial scene began gaining global traction in 1994. The golden age of the first wave of Goa Psy Trance as a generally agreed upon genre was between 1994 and 1997.</p>\n<h3>&nbsp;</h3>\n<h3><span id=\"Development\" class=\"mw-headline\">Development</span></h3>\n<p>By 1992 the Goa trance scene had a pulse of its own,<sup class=\"noprint Inline-Template\">[<em><span title=\"The text near this tag may need clarification or removal of jargon. (January 2021)\">clarification needed</span></em>]</sup>&nbsp;though the term 'Goa trance' did not become the characterization of the genre until around 1994.<sup id=\"cite_ref-13\" class=\"reference\">[13]</sup>&nbsp;The Goa trance sound, which by the late 1990s was being used interchangeably with the term psychedelic trance, retained its popularity at outdoor&nbsp;raves&nbsp;and festivals,<sup class=\"noprint Inline-Template Template-Fact\">[<em><span title=\"This claim needs references to reliable sources. (September 2015)\">citation needed</span></em>]</sup>&nbsp;but also permanent psytrance nightclubs emerged such as&nbsp;Natraj Temple&nbsp;in Munich.<sup id=\"cite_ref-psytranceclub_14-0\" class=\"reference\">[14]</sup>&nbsp;New artists were appearing from all over the world and it was in this year that the first Goa trance festivals began, including the Gaia Festival in France and the still-running VuuV festival in Germany.</p>\n<p>&nbsp;</p>\n<p>In 1993 the first 100% Goa trance album was released,&nbsp;<em>Project II Trance</em>, featuring tracks by&nbsp;Man With No Name&nbsp;and&nbsp;Hallucinogen&nbsp;to name two. Goa trance enjoyed its commercial peak between 1996 and 1997 with media attention and some recognized names in the DJ scene joining the movement. This hype did not last long and once the attention had died down so did the music sales, resulting in the failure of record labels, promotion networks and also some artists. This &lsquo;commercial death of Goa trance&rsquo; was marked musically by Matsuri Productions in 1997 with the release of the compilation&nbsp;<em>Let it RIP</em>. On the back sleeve of the album at the bottom of the notes, R.I.P&nbsp;: Mother Theresa, Princess Diana, William Burroughs &amp; Goa Trance was written.</p>\n<p>&nbsp;</p>\n<p>While the genre may have been incubated in the goa trance scene it went on to proliferate globally.<sup id=\"cite_ref-acmp_15-0\" class=\"reference\">[15]</sup>&nbsp;Its impact was felt in western Europe, Middle East, North America, Australia, Japan and South Africa.<sup id=\"cite_ref-acmp_15-1\" class=\"reference\">[15]</sup>&nbsp;Psytrance is linked to other music genres such as&nbsp;big beat,&nbsp;electroclash,&nbsp;grime&nbsp;and&nbsp;2-step.<sup id=\"cite_ref-asts_16-0\" class=\"reference\">[16]</sup>&nbsp;The genre evolved in conjunction with a multimedia psychedelic arts scene.<sup id=\"cite_ref-acmp_15-2\" class=\"reference\">[15]</sup></p>\n<h2>&nbsp;</h2>\n<h2><span id=\"Characteristics\" class=\"mw-headline\">Characteristics</span></h2>\n<p><span class=\"mw-headline\">Psychedelic trance has a distinctive, energetic sound that tends to be faster than other forms of trance or techno music with tempos generally ranging from 135 to 150 BPM but some psytrance songs can also reach 190BPM, 200bpm, 210bpm and even 300bpm. It uses a very distinctive&nbsp;bass&nbsp;beat that pounds constantly throughout the song and overlays the bass with varying rhythms drawn from&nbsp;funk,&nbsp;techno,&nbsp;dance,&nbsp;acid house,&nbsp;eurodance&nbsp;and&nbsp;trance&nbsp;using drums and other instruments. The different leads, rhythms and beats generally change every eight&nbsp;bars.<sup id=\"cite_ref-17\" class=\"reference\">[17]</sup>&nbsp;Layering is used to create effect in psychedelic trance, with new musical ideas being added at regular intervals, often every four to eight bars. New layers will continue to be added until a climax is reached, and then the song will break down and start a new rhythmic pattern over the constant bass line. Psychedelic trance tracks tend to be six to ten minutes long. This includes a developed and atmospheric introduction, and a breakdown in the middle of the track of around 30 seconds to over a minute.<sup id=\"cite_ref-18\" class=\"reference\">[18]</sup></span></p>\n<h2>&nbsp;</h2>\n<h2><span id=\"Subgenres\" class=\"mw-headline\">Subgenres</span></h2>\n<h3><span id=\"Dark_psytrance\" class=\"mw-headline\">Dark psytrance</span></h3>\n<p>Dark psytrance (also known as dark psychedelic trance, dark psy, darkpsy or dark trance) is the heavier end of the psychedelic trance spectrum with tempos ranging from 148 bpm, 200bpm, 300bpm all the way to 1000bpm. Anything over 1000bpm becomes&nbsp;speedcore&nbsp;music. Psytrance styles related to dark psy include psycore (fast and crazy), hi-tech (bouncy and glitchy), and forest (organic and earthy). Characterized by having obscure, deep, and more&nbsp;eschatological&nbsp;background that leads into profound meditation of death, night, and transcendence, often with dismal sounds and heavy basslines. The subgenre often samples&nbsp;horror films&nbsp;in contrast to the science fiction film samples more regularly used in \"normal\" psytrance. The German artist Xenomorph, Mark Petrick, is considered a pioneer of dark psytrance, with his album&nbsp;<em>Cassandra's Nightmare</em>&nbsp;released in 1998 being a major influence on the subgenre; X-Dream's&nbsp;<em>Radio</em>&nbsp;is another 1998 album cited as an early influence.<sup id=\"cite_ref-Moreman_19-0\" class=\"reference\">[19]</sup></p>\n<h3>&nbsp;</h3>\n<h3><span id=\"Full-on\" class=\"mw-headline\">Full-on</span></h3>\n<p>Full-on (also known as melodic psytrance) is a psychedelic trance style which has high energy for peak moments, often having melodic, energetic, and crisp basslines with a fast tempo (usually 140-148 bpm). There are some related styles that are derived from this style and are distinguished as different varieties of Full-On: twilight and night full-on (or dark full-on), having bolder and lower notes in their basslines, morning (light and kind of happy), and uplifting.<sup id=\"cite_ref-20\" class=\"reference\">[20]</sup></p>\n<h3>&nbsp;</h3>\n<h3><span id=\"Progressive_psytrance\" class=\"mw-headline\">Progressive psytrance</span></h3>\n<p>Progressive psytrance (or prog-psytrance) is among the common party themes, normally played during the afternoon or on a different stage. It has grown in popularity since the mid-2010s to the point where it is often also labeled \"psytrance\". Artists working in the genre include&nbsp;Astrix&nbsp;and&nbsp;Protonica.</p>\n<h3>&nbsp;</h3>\n<h3><span id=\"Suomisaundi\" class=\"mw-headline\">Suomisaundi</span></h3>\n<p>Suomisaundi (English:&nbsp;<span lang=\"en\">Finnish sound</span>) is an innovative variety originating in Finland during the mid-1990s. Popular artists and groups include&nbsp;Luomuhappo&nbsp;and Texas Faggott.</p>\n<h3>&nbsp;</h3>\n<h3><span id=\"Zenonesque\" class=\"mw-headline\">Zenonesque</span></h3>\n<p>Zenonesque is a style of psytrance which is any psytrance that has characteristics of Zenon Records signature sound. It is often deep, dark ambient sounding with a lower tempo. It can include elements of techno. Relevant artists include Electrypnose, Kromagon, Ivort, Grouch, Tetrameth, and Shadow FX.</p>\n<h2>&nbsp;</h2>\n<h2><span id=\"Derivations\" class=\"mw-headline\">Derivations</span></h2>\n<h3><span id=\"Psybient\" class=\"mw-headline\">Psybient</span></h3>\n<p><em>Psybient</em>, also known as&nbsp;<em>psychedelic ambient</em>&nbsp;or&nbsp;<em>ambient psy</em>&nbsp;&mdash; is a genre of electronic music, that contains elements of&nbsp;ambient,&nbsp;downtempo, psychedelic trance,&nbsp;dub,&nbsp;world music,&nbsp;new wave,&nbsp;ethereal wave, and&nbsp;IDM.<sup id=\"cite_ref-Langobarde_21-0\" class=\"reference\">[21]</sup>&nbsp;The genre is also known for different alternative names used in different time periods, &mdash; the earliest developments of the genre within&nbsp;ambient house&nbsp;and&nbsp;chill-out music&nbsp;scenes were known as&nbsp;<em>psychill</em>,&nbsp;<em>psychedelic chillout</em>,&nbsp;<em>psy chillout</em>, the later works within&nbsp;goa trance&nbsp;and psychedelic trance scenes are known as&nbsp;<em>ambient psytrance</em>&nbsp;or&nbsp;<em>ambient goa</em>. The dub derived developments are known as&nbsp;psydub&nbsp;and&nbsp;<em>psystep</em>.</p>\n<p>&nbsp;</p>\n<p>Psybient pieces are structured to generate vast soundscapes or a \"musical journey\". Like psytrance, it emphasizes on-going rhythm and beat-matching, however, it is more lenient to beat changes than psytrance.<sup id=\"cite_ref-Langobarde_21-1\" class=\"reference\">[21]</sup></p>\n<h2>&nbsp;</h2>\n<h2><span id=\"Festivals\" class=\"mw-headline\">Festivals</span></h2>\n<p>Large psytrance festivals are both culturally and musically diverse.<sup id=\"cite_ref-acmp_15-3\" class=\"reference\">[15]</sup>&nbsp;They have attracted a following amongst international&nbsp;backpackers.&nbsp;Earthdance, the world's largest synchronized music and dance festival for peace, has its roots in the psychedelic trance scene.<sup id=\"cite_ref-acmp_15-4\" class=\"reference\">[15]</sup></p>\n<p>&nbsp;</p>\n<p>The&nbsp;Boom Festival&nbsp;in Portugal was originally a psytrance festival but now includes&nbsp;world music. It is held every second year in August and combines social activism with cultural and spiritual elements.<sup id=\"cite_ref-btp_22-0\" class=\"reference\">[22]</sup>&nbsp;In 2004, the&nbsp;Glastonbury Festival&nbsp;dedicated a full day on the&nbsp;Glade&nbsp;stage to psytrance.<sup id=\"cite_ref-cfu_23-0\" class=\"reference\">[23]</sup></p>\n<p>&nbsp;</p>\n<p>In South Africa a number of recurring long running psytrance festivals take place such as the Alien Safari, Vortex and Synergy festivals.<sup id=\"cite_ref-24\" class=\"reference\">[24]</sup></p>\n<p>&nbsp;</p>\n<p>In Australia there are many long running psytrance festivals, known as \"doofs\" such as Rainbow Serpent Festival, Esoteric Festival, New Psycle and Earthcore (now discontinued).</p>\n<p>&nbsp;</p>\n<p>In Europe there are a magnitude of psy-centred festivals; O.Z.O.R.A festival in Hungary is an arts centered festivals with roots to get in touch with nature and yourself. Psytrance is prominent here.</p>\n<h2>&nbsp;</h2>\n<h2><span id=\"Cultural_research\" class=\"mw-headline\">Cultural research</span></h2>\n<p>In 2007 research was conducted on the global psytrance scene. 600 people from 40 countries provided detailed information via an online questionnaire.<sup id=\"cite_ref-rypl_25-0\" class=\"reference\">[25]</sup>&nbsp;The results were published as \"Beyond Subculture and Post-subculture? The Case of Virtual Psytrance\" in the&nbsp;<em>Journal of Youth Studies</em>.<sup id=\"cite_ref-bsaps_26-0\" class=\"reference\">[26]</sup></p>\n<p>&nbsp;</p>\n<p>In 2012 Graham St. John published&nbsp;<em>Global Tribe: Technology, Spirituality and Psytrance</em>, Equinox. (ISBN&nbsp;9781845539559).</p>\n<h2>&nbsp;</h2>\n<h2><span id=\"References\" class=\"mw-headline\">References</span></h2>\n<div class=\"reflist\">\n<div class=\"mw-references-wrap mw-references-columns\">\n<ol class=\"references\">\n<li id=\"cite_note-ishkur-1\"><span class=\"mw-cite-backlink\">^&nbsp;<span class=\"cite-accessibility-label\">Jump up to:</span><sup><em><strong>a</strong></em></sup>&nbsp;<sup><em><strong>b</strong></em></sup>&nbsp;<sup><em><strong>c</strong></em></sup>&nbsp;<sup><em><strong>d</strong></em></sup></span>&nbsp;<span class=\"reference-text\"><cite id=\"CITEREFIshkur2005\" class=\"citation web cs1\">Ishkur (2005).&nbsp;\"Ishkur's guide to Electronic Music\"<span class=\"reference-accessdate\">. Retrieved&nbsp;<span class=\"nowrap\">21 March</span>&nbsp;2015</span>.</cite></span></li>\n<li id=\"cite_note-2\"><span class=\"mw-cite-backlink\"><strong>^</strong></span>&nbsp;<span class=\"reference-text\"><cite id=\"CITEREFJohn2010\" class=\"citation book cs1\">John, Graham St (10 June 2010).&nbsp;<em>The Local Scenes and Global Culture of Psytrance</em>. Routledge.&nbsp;ISBN&nbsp;<bdi>9781136944345</bdi>&nbsp;&ndash; via Google Books.</cite></span></li>\n<li id=\"cite_note-3\"><span class=\"mw-cite-backlink\"><strong>^</strong></span>&nbsp;<span class=\"reference-text\"><cite class=\"citation web cs1\">\"Goa Trance\".&nbsp;<em>AllMusic</em><span class=\"reference-accessdate\">. Retrieved&nbsp;<span class=\"nowrap\">3 August</span>&nbsp;2012</span>.</cite></span></li>\n<li id=\"cite_note-PsyBook2010-4\"><span class=\"mw-cite-backlink\">^&nbsp;<span class=\"cite-accessibility-label\">Jump up to:</span><sup><em><strong>a</strong></em></sup>&nbsp;<sup><em><strong>b</strong></em></sup></span>&nbsp;<span class=\"reference-text\"><cite id=\"CITEREFGraham_St_John2010\" class=\"citation book cs1\">Graham St John (2010).&nbsp;<em>The Local Scenes and Global Culture of Psytrance</em>.&nbsp;ISBN&nbsp;<bdi>978-1136944345</bdi>.</cite></span></li>\n<li id=\"cite_note-5\"><span class=\"mw-cite-backlink\"><strong>^</strong></span>&nbsp;<span class=\"reference-text\"><cite class=\"citation web cs1\">\"www.dur.ac.uk\". Archived from&nbsp;the original&nbsp;on 25 September 2015<span class=\"reference-accessdate\">. Retrieved&nbsp;<span class=\"nowrap\">19 July</span>&nbsp;2014</span>.</cite></span></li>\n<li id=\"cite_note-efaj-6\"><span class=\"mw-cite-backlink\"><strong>^</strong></span>&nbsp;<span class=\"reference-text\"><cite id=\"CITEREFReynolds2012\" class=\"citation book cs1\">Reynolds, Simon (2012).&nbsp;<em>Energy Flash: A Journey Through Rave Music and Dance Culture</em>. Soft Skull Press.&nbsp;ISBN&nbsp;<bdi>978-1593764777</bdi><span class=\"reference-accessdate\">. Retrieved&nbsp;<span class=\"nowrap\">25 May</span>&nbsp;2013</span>.</cite></span></li>\n<li id=\"cite_note-7\"><span class=\"mw-cite-backlink\"><strong>^</strong></span>&nbsp;<span class=\"reference-text\"><cite class=\"citation web cs1\">\"A Little Bit of Portugal on the West Coast of India&nbsp;: Goa, a former colonial enclave, offers tropical beaches and a harmonious blend of colorful cultures\". 29 August 1993.</cite></span></li>\n<li id=\"cite_note-8\"><span class=\"mw-cite-backlink\"><strong>^</strong></span>&nbsp;<span class=\"reference-text\"><cite class=\"citation web cs1\">\"Le vie dei festival per i devoti psytrance &ndash; minima&amp;moralia\". 23 September 2016.</cite></span></li>\n<li id=\"cite_note-9\"><span class=\"mw-cite-backlink\"><strong>^</strong></span>&nbsp;<span class=\"reference-text\"><cite id=\"CITEREFEugene_ENRG_(aka_DJ_Krusty)2001\" class=\"citation book cs1\">Eugene ENRG (aka DJ Krusty) (2001).&nbsp;\"Psychic Sonics: Tribadelic Dance Trance-formation &ndash; Eugene ENRG (aka DJ Krusty) interviews Ray Castle\"&nbsp;<span class=\"cs1-format\">(PDF)</span>. In Graham St John (ed.).&nbsp;<em>FreeNRG&nbsp;: notes from the edge of the dance floor</em>. Altona, Victoria, Australia: Common Ground Pub. p.&nbsp;166.&nbsp;ISBN&nbsp;<bdi>978-1-86335-084-6</bdi><span class=\"reference-accessdate\">. Retrieved&nbsp;<span class=\"nowrap\">28 March</span>&nbsp;2011</span>.</cite></span></li>\n<li id=\"cite_note-10\"><span class=\"mw-cite-backlink\"><strong>^</strong></span>&nbsp;<span class=\"reference-text\"><cite id=\"CITEREFGraham_St_John2001\" class=\"citation journal cs1\">Graham St John (2001).&nbsp;\"DJ Goa Gil: Kalifornian Exile, Dark Yogi and Dreaded Anomaly\".&nbsp;<em>Dancecult: Journal of Electronic Dance Music Culture</em>.&nbsp;<strong>3</strong>&nbsp;(1): 97&ndash;128<span class=\"reference-accessdate\">. Retrieved&nbsp;<span class=\"nowrap\">21 March</span>&nbsp;2015</span>.&nbsp;<q>Connecting three generations of music enthusiasts, Goa Gil is an imposing figure in the world of psychedelic trance.</q></cite></span></li>\n<li id=\"cite_note-11\"><span class=\"mw-cite-backlink\"><strong>^</strong></span>&nbsp;<span class=\"reference-text\"><cite id=\"CITEREFEugene_ENRG_(aka_DJ_Krusty)2001\" class=\"citation book cs1\">Eugene ENRG (aka DJ Krusty) (2001). Graham St John (ed.).&nbsp;<em>FreeNRG&nbsp;: notes from the edge of the dance floor</em>&nbsp;<span class=\"cs1-format\">(PDF)</span>. Altona, Victoria, Australia: Common Ground Pub. pp.&nbsp;167&ndash;168.&nbsp;ISBN&nbsp;<bdi>978-1-86335-084-6</bdi>. Archived from&nbsp;the original&nbsp;<span class=\"cs1-format\">(PDF)</span>&nbsp;on 20 March 2016<span class=\"reference-accessdate\">. Retrieved&nbsp;<span class=\"nowrap\">28 March</span>&nbsp;2011</span>.</cite></span></li>\n<li id=\"cite_note-12\"><span class=\"mw-cite-backlink\"><strong>^</strong></span>&nbsp;<span class=\"reference-text\"><cite id=\"CITEREFReynolds2013\" class=\"citation book cs1\">Reynolds, Simon (2013).&nbsp;<em>Energy Flash: A Journey Through Rave Music and Dance Culture</em>. Soft Skull Press.&nbsp;ISBN&nbsp;<bdi>9780571289141</bdi>.&nbsp;<q>Psy-trance is an 'equal opportunity' genre when it comes to making the music too: there are leading exponents of psychedelic trance operating in Israel, Australia, Sweden, Greece, Denmark.</q></cite></span></li>\n<li id=\"cite_note-13\"><span class=\"mw-cite-backlink\"><strong>^</strong></span>&nbsp;<span class=\"reference-text\"><cite class=\"citation web cs1\">\"Oranje bus &ndash; Psychedelic Trance\".&nbsp;<em>www.oranjebus.com</em>.</cite></span></li>\n<li id=\"cite_note-psytranceclub-14\"><span class=\"mw-cite-backlink\"><strong>^</strong></span>&nbsp;<span class=\"reference-text\"><cite class=\"citation web cs1\">\"Country: Germany\". Mushroom Magazine. 1 May 2013<span class=\"reference-accessdate\">. Retrieved&nbsp;<span class=\"nowrap\">25 March</span>&nbsp;2017</span>.</cite></span></li>\n<li id=\"cite_note-acmp-15\"><span class=\"mw-cite-backlink\">^&nbsp;<span class=\"cite-accessibility-label\">Jump up to:</span><sup><em><strong>a</strong></em></sup>&nbsp;<sup><em><strong>b</strong></em></sup>&nbsp;<sup><em><strong>c</strong></em></sup>&nbsp;<sup><em><strong>d</strong></em></sup>&nbsp;<sup><em><strong>e</strong></em></sup></span>&nbsp;<span class=\"reference-text\"><cite id=\"CITEREFCarde&ntilde;aMichael_Winkelman2011\" class=\"citation book cs1\">Carde&ntilde;a, Etzel; Michael Winkelman (2011).&nbsp;<em>Altering Consciousness: Multidisciplinary Perspectives, Volume 1</em>. ABC-CLIO. pp.&nbsp;212&ndash;213.&nbsp;ISBN&nbsp;<bdi>978-0313383083</bdi>.</cite></span></li>\n<li id=\"cite_note-asts-16\"><span class=\"mw-cite-backlink\"><strong>^</strong></span>&nbsp;<span class=\"reference-text\"><cite id=\"CITEREFCollin2010\" class=\"citation book cs1\">Collin, Matthew (2010).&nbsp;<em>Altered State: The Story of Ecstasy Culture and Acid House</em>. Profile Books. p.&nbsp;335.&nbsp;ISBN&nbsp;<bdi>978-1847656414</bdi>.</cite></span></li>\n<li id=\"cite_note-17\"><span class=\"mw-cite-backlink\"><strong>^</strong></span>&nbsp;<span class=\"reference-text\">Trance music. A definition of genre.&nbsp;Archived&nbsp;19 March 2008 at the&nbsp;Wayback Machine. Retrieved 25 May 2013.</span></li>\n<li id=\"cite_note-18\"><span class=\"mw-cite-backlink\"><strong>^</strong></span>&nbsp;<span class=\"reference-text\">Easwaran, Kenny.&nbsp;\"Psytrance and the Spirituality of Electronics\". April 2004.</span></li>\n<li id=\"cite_note-Moreman-19\"><span class=\"mw-cite-backlink\"><strong>^</strong></span>&nbsp;<span class=\"reference-text\"><cite id=\"CITEREFMoremanRushton2011\" class=\"citation book cs1\">Moreman, Christopher M.; Rushton, Cory James (10 October 2011). \"Rave From The Grave\".&nbsp;<em>Zombies Are Us: Essays on the Humanity of the Walking Dead</em>. McFarland.&nbsp;ISBN&nbsp;<bdi>9780786488087</bdi>.</cite></span></li>\n<li id=\"cite_note-20\"><span class=\"mw-cite-backlink\"><strong>^</strong></span>&nbsp;<span class=\"reference-text\"><cite id=\"CITEREFBasilisk\" class=\"citation web cs1\">Basilisk.&nbsp;\"Full-On Releases at Ektoplazm &ndash; Free Music Portal and Psytrance Netlabel\".&nbsp;<em>www.ektoplazm.com</em>.</cite></span></li>\n<li id=\"cite_note-Langobarde-21\"><span class=\"mw-cite-backlink\">^&nbsp;<span class=\"cite-accessibility-label\">Jump up to:</span><sup><em><strong>a</strong></em></sup>&nbsp;<sup><em><strong>b</strong></em></sup></span>&nbsp;<span class=\"reference-text\">Langobarde, Liese. \"Chill Out &amp; Downbeat\". 21 October 2013.&nbsp;http://psytraveller.net/psybient/</span></li>\n<li id=\"cite_note-btp-22\"><span class=\"mw-cite-backlink\"><strong>^</strong></span>&nbsp;<span class=\"reference-text\"><cite id=\"CITEREFGemma_Bowes2012\" class=\"citation news cs1\">Gemma Bowes (20 April 2012).&nbsp;\"Boom time: Portugal's top psytrance festival\".&nbsp;<em>The Guardian</em>. Guardian News and Media<span class=\"reference-accessdate\">. Retrieved&nbsp;<span class=\"nowrap\">25 May</span>&nbsp;2013</span>.</cite></span></li>\n<li id=\"cite_note-cfu-23\"><span class=\"mw-cite-backlink\"><strong>^</strong></span>&nbsp;<span class=\"reference-text\"><cite id=\"CITEREFAsthana2004\" class=\"citation news cs1\">Asthana, Anushka&nbsp;(4 April 2004).&nbsp;\"Clubbers fall under spell of Psytrance\".&nbsp;<em>The Guardian</em>. Guardian News and Media<span class=\"reference-accessdate\">. Retrieved&nbsp;<span class=\"nowrap\">25 May</span>&nbsp;2013</span>.</cite></span></li>\n<li id=\"cite_note-24\"><span class=\"mw-cite-backlink\"><strong>^</strong></span>&nbsp;<span class=\"reference-text\"><cite class=\"citation news cs1\">\"Psytrance Party Calendar &amp; Outdoor Music Festivals Schedule\".&nbsp;<em>CapeTownMagazine.com</em>. 27 March 2018<span class=\"reference-accessdate\">. Retrieved&nbsp;<span class=\"nowrap\">21 September</span>&nbsp;2018</span>.</cite></span></li>\n<li id=\"cite_note-rypl-25\"><span class=\"mw-cite-backlink\"><strong>^</strong></span>&nbsp;<span class=\"reference-text\"><cite id=\"CITEREFHeathRachel_BrooksElizabeth_CleaverEleanor_Ireland2009\" class=\"citation book cs1\">Heath, Sue; Rachel Brooks; Elizabeth Cleaver; Eleanor Ireland (2009).&nbsp;<em>Researching Young People's Lives</em>. Sage. p.&nbsp;168.&nbsp;ISBN&nbsp;<bdi>978-1446203972</bdi><span class=\"reference-accessdate\">. Retrieved&nbsp;<span class=\"nowrap\">25 May</span>&nbsp;2013</span>.</cite></span></li>\n<li id=\"cite_note-bsaps-26\"><span class=\"mw-cite-backlink\"><strong>^</strong></span>&nbsp;<span class=\"reference-text\"><cite id=\"CITEREFTracey_Greener_&amp;_Robert_Hollands2006\" class=\"citation journal cs1\">Tracey Greener &amp; Robert Hollands (September 2006). \"Beyond Subculture and Post-subculture? The Case of Virtual Psytrance\".&nbsp;<em>Ingentaconnect</em>. Publishing Technology.&nbsp;<strong>9</strong>&nbsp;(4): 393&ndash;418.&nbsp;doi:10.1080/13676260600914390.&nbsp;S2CID&nbsp;145364780.</cite></span></li>\n</ol>\n</div>\n</div>",
 "remarks": "本词条汉字内容由 @多频百科团队 翻译+编辑\n原文译自 https://en.wikipedia.org/wiki/Psychedelic_trance",
 "remarksEn": "本词条内容来自 https://en.wikipedia.org/wiki/Psychedelic_trance",
 "status": 1,
 "clickNum": 48,
 "deleted": 0,
 "lang": 0,
 "chooseLang": true,
 "id": 174,
 "name": "Psychedelic Trance",
 "descriptions": "Psychedelice Trance（Psytrance，Psy-trance或Psy）是Trance音乐的一个子类型，其特点是对节奏的编排，连续反复冲击的Bassline和高节奏循环乐段的层叠旋律。它时常被拿来与Trance音乐的硬核、地下形式做探讨。该风格在情绪、节奏和形式上具有多样性，包括full on, darkpsy, forest, minimal (Zenonesque), hitech psy, progressive, suomi, psy-chill, psycore, psybient (fusion of psychedelic trance and ambient), psybreaks, 或从其他音乐流派中改编。Goa Trance是Psychedelic Trance的前辈，数字媒体时代Psytrance得到了更广泛的发展和使用。",
 "originalName": "Psytrance",
 "startTimeText": "Early 1990s",
 "startAddress": "Goa；India",
 "searchStyle": "Trance",
 "styleCategory": "Trance",
 "originalStyle": "Trance, Psychedelia, Goa trance, Eurodance, dream trance, hard tranceacid trance, techno, New beat, psychedelic rock, Acid rock, Indian classical, ",
 "affectStyle": "",
 "deriveStyle": "",
 "representArtist": "Grateful Dead, Pink Floyd, The Doors",
 "officialUrl": "https://en.wikipedia.org/wiki/Psychedelic_trance",
 "typeId": 13,
 "typeName": "风格",
 "dataId": 174,
 "url": "http://dropinapp.hearinmusic.com/#/ency?typeId=13&dataId=174"
}