{
 "pageNum": 1,
 "pageSize": 10,
 "params": {},
 "relationChannel": "[{\"id\":1237,\"parentId\":8,\"name\":\"Psydub\"}]",
 "content": "<p>Psydub（Ambient Dub）是电子音乐的一种融合类型，由psychedelic trance、ambient和dub music发展而来。融入元素包括旋律低音、低音雷鬼音乐以及添加大量回声、混响、全景延迟等制作技术，部分使用原版本或其他作品中的声音片段或乐器片段进行配音。Psydub中加入的ambient元素着重强调了音调和氛围；加入的psytrance元素主要表现在低音频段、迷幻旋律以及采样的使用。这些小样大多涉及毒品、超心理学、外星生命、存在主义、体外体验、梦、科学、时间旅行、灵性和类似的神秘或非传统主题。Psydub也深受印度音乐的影响。</p>\n<p>&nbsp;</p>\n<p><strong>历史</strong></p>\n<p>该流派的先驱们大多对Ambient音乐和Dub之间的结合感兴趣。&nbsp;The Orb可以被看作是最早结合这两种类型的制作人之一。在他们1991年发行的第一张专辑《The Orb's Adventures Beyond the Ultraworld》中，有几首曲目听起来已经很像当代的Psydub。&nbsp;Psydub在Psytrance的影响下进一步发展，Psytrance制作人一直对各种音乐有浓厚的兴趣，他们中的一些人制作的曲目对Dub有很大的影响。&nbsp;Hallucinogen和Raja Ram，以及Gaudi的专辑 \"Earthbound\"，1994年制作，1998年由Bustin' Loose Recordings发行三层黑胶，他们是最早制作psybient音乐的两个音乐人。psytrance和dub结合的一个例子是专辑 \"In Dub\"，由唱片制作人Ott混音的Hallucinogen曲目集，于2002年10月发行。</p>",
 "contentEn": "<p><strong>Psydub</strong>&nbsp;(or sometimes inaccurately&nbsp;ambient dub) is a fusion genre of&nbsp;electronic music&nbsp;that has its roots in&nbsp;psychedelic trance,&nbsp;ambient&nbsp;and&nbsp;dub music.<sup id=\"cite_ref-1\" class=\"reference\">[1]</sup>&nbsp;Incorporated&nbsp;dub&nbsp;elements are melodic basslines, deep&nbsp;reggae&nbsp;roots and producing techniques like dynamically adding extensive&nbsp;echo,&nbsp;reverb, panoramic&nbsp;delay, and occasional&nbsp;dubbing&nbsp;of vocal or instrumental snippets from the original version or other works. An incorporated&nbsp;ambient&nbsp;element is an emphasis on tone and atmosphere. Incorporated&nbsp;psytrance&nbsp;elements are low-bass&nbsp;frequencies&nbsp;and hypnotic&nbsp;melodies<sup id=\"cite_ref-PsyBook2010_2-0\" class=\"reference\">[2]</sup>&nbsp;and the use of&nbsp;samples. Those samples mostly contain references to&nbsp;drugs,&nbsp;parapsychology,&nbsp;extraterrestrial life,&nbsp;existentialism,&nbsp;out of body experiences,&nbsp;dreams,&nbsp;science,&nbsp;time travel,&nbsp;spirituality&nbsp;and similar mysterious or unconventional topics. Psydub is also highly influenced by&nbsp;Music of India.</p>\n<p>&nbsp;</p>\n<h2><span id=\"History\" class=\"mw-headline\">History</span></h2>\n<p>The pioneers of the genre were mostly interested in the combination between&nbsp;Ambient music&nbsp;and&nbsp;Dub.&nbsp;The Orb&nbsp;can be seen as one of the first producers to combine the two genres.<sup id=\"cite_ref-3\" class=\"reference\">[3]</sup><sup id=\"cite_ref-4\" class=\"reference\">[4]</sup>&nbsp;Several tracks on their first album \"The Orb's Adventures Beyond the Ultraworld\", released in 1991,<sup id=\"cite_ref-5\" class=\"reference\">[5]</sup>&nbsp;already sound a lot like contemporary Psydub. Psydub developed further by the influence of&nbsp;Psytrance.&nbsp;Psytrance&nbsp;producers have always had a keen interest in all kinds of music and a few of them have produced tracks that have big&nbsp;Dub&nbsp;influences.<sup id=\"cite_ref-6\" class=\"reference\">[6]</sup>&nbsp;Most notably is the song \"Vapour Rumours\", released in 1996 and produced by the band&nbsp;Shpongle,<sup id=\"cite_ref-7\" class=\"reference\">[7]</sup>&nbsp;consisting of&nbsp;Simon Posford&nbsp;a.k.a.&nbsp;Hallucinogen&nbsp;and&nbsp;Raja Ram&nbsp;and the album \"Earthbound\" by&nbsp;Gaudi,<sup id=\"cite_ref-8\" class=\"reference\">[8]</sup><sup id=\"cite_ref-9\" class=\"reference\">[9]</sup><sup id=\"cite_ref-10\" class=\"reference\">[10]</sup><sup id=\"cite_ref-11\" class=\"reference\">[11]</sup><sup id=\"cite_ref-12\" class=\"reference\">[12]</sup>&nbsp;produced in 1994 and released on triple vinyl in 1998 by Bustin' Loose Recordings,<sup id=\"cite_ref-13\" class=\"reference\">[13]</sup>&nbsp;who were two of the first acts to produce&nbsp;psybient&nbsp;music.<sup id=\"cite_ref-14\" class=\"reference\">[14]</sup>&nbsp;A good example of the combination between psytrance and dub is the album \"In Dub\", a collection of&nbsp;Hallucinogen&nbsp;tracks remixed by the&nbsp;record producer&nbsp;Ott, which was released in October 2002.<sup id=\"cite_ref-15\" class=\"reference\">[15]</sup><sup id=\"cite_ref-16\" class=\"reference\">[16]</sup><sup id=\"cite_ref-17\" class=\"reference\">[17]</sup></p>\n<h2>&nbsp;</h2>\n<h2><span id=\"References\" class=\"mw-headline\">References</span></h2>\n<div class=\"reflist reflist-columns references-column-width\">\n<ol class=\"references\">\n<li id=\"cite_note-1\"><span class=\"mw-cite-backlink\"><strong>^</strong></span>&nbsp;<span class=\"reference-text\">St John, Graham &lsquo;&ldquo;The Vibe of the Exiles: Aliens, Afropsychedelia and Psyculture&rdquo;&nbsp;<em>Dancecult: Journal of Electronic Dance Music Culture</em>&nbsp;vol.5 no.2 (2013) 56-87https://dx.doi.org/10.12801/1947-5403.2013.05.02.04.</span></li>\n<li id=\"cite_note-PsyBook2010-2\"><span class=\"mw-cite-backlink\"><strong>^</strong></span>&nbsp;<span class=\"reference-text\"><cite id=\"CITEREFGraham_St_John2010\" class=\"citation book cs1\">Graham St John (2010).&nbsp;<em>The Local Scenes and Global Culture of Psytrance</em>.&nbsp;ISBN&nbsp;<bdi>978-1136944345</bdi>.</cite></span></li>\n<li id=\"cite_note-3\"><span class=\"mw-cite-backlink\"><strong>^</strong></span>&nbsp;<span class=\"reference-text\">www.ambientmusicguide.com/pages/O/orb.php&nbsp;Archived&nbsp;2016-04-05 at the&nbsp;Wayback Machine</span></li>\n<li id=\"cite_note-4\"><span class=\"mw-cite-backlink\"><strong>^</strong></span>&nbsp;<span class=\"reference-text\">Prendergast, Mark. The Ambient Century: From Mahler to Moby-The Evolution of Sound in the Electronic Age. London: Bloomsbury Publishing Plc, 2003</span></li>\n<li id=\"cite_note-5\"><span class=\"mw-cite-backlink\"><strong>^</strong></span>&nbsp;<span class=\"reference-text\"><cite class=\"citation web cs1\">\"The Orb &ndash; The Orb's Adventures Beyond The Ultraworld at Discogs\". Discogs.com<span class=\"reference-accessdate\">. Retrieved&nbsp;<span class=\"nowrap\">2016-03-31</span></span>.</cite></span></li>\n<li id=\"cite_note-6\"><span class=\"mw-cite-backlink\"><strong>^</strong></span>&nbsp;<span class=\"reference-text\">St John, Graham &lsquo;&ldquo;The Vibe of the Exiles: Aliens, Afropsychedelia and Psyculture&rdquo;&nbsp;<em>Dancecult: Journal of Electronic Dance Music Culture</em>&nbsp;vol.5 no.2 (2013) 56-87https://dx.doi.org/10.12801/1947-5403.2013.05.02.04.</span></li>\n<li id=\"cite_note-7\"><span class=\"mw-cite-backlink\"><strong>^</strong></span>&nbsp;<span class=\"reference-text\"><cite class=\"citation web cs1\">\"Various - Infinite Excursions - Softer Psychedelic Sounds (CD) at Discogs\". Discogs.com<span class=\"reference-accessdate\">. Retrieved&nbsp;<span class=\"nowrap\">2014-07-25</span></span>.</cite></span></li>\n<li id=\"cite_note-8\"><span class=\"mw-cite-backlink\"><strong>^</strong></span>&nbsp;<span class=\"reference-text\">https://www.allmusic.com/album/everlasting-selected-and-mixed-by-gaudi-mw0002510772</span></li>\n<li id=\"cite_note-9\"><span class=\"mw-cite-backlink\"><strong>^</strong></span>&nbsp;<span class=\"reference-text\">http://psyreviews.net/2007/03/various-sub-signals-interchill/</span></li>\n<li id=\"cite_note-10\"><span class=\"mw-cite-backlink\"><strong>^</strong></span><span class=\"reference-text\">https://www.reddit.com/r/psydub/comments/5gv6il/youth_gaudi_2063_a_dub_odyssey_by_youth_gaudi</span></li>\n<li id=\"cite_note-11\"><span class=\"mw-cite-backlink\"><strong>^</strong></span>&nbsp;<span class=\"reference-text\">https://www.orbmag.com/music/orb-podcast-022-gaudi/</span></li>\n<li id=\"cite_note-12\"><span class=\"mw-cite-backlink\"><strong>^</strong></span>&nbsp;<span class=\"reference-text\">http://psyreviews.net/2007/06/ashtech-walkin-target-interchill/</span></li>\n<li id=\"cite_note-13\"><span class=\"mw-cite-backlink\"><strong>^</strong></span>&nbsp;<span class=\"reference-text\">https://www.allmusic.com/album/earthbound-mw0001173689</span></li>\n<li id=\"cite_note-14\"><span class=\"mw-cite-backlink\"><strong>^</strong></span>&nbsp;<span class=\"reference-text\">St John, Graham &lsquo;&ldquo;The Vibe of the Exiles: Aliens, Afropsychedelia and Psyculture&rdquo;&nbsp;<em>Dancecult: Journal of Electronic Dance Music Culture</em>&nbsp;vol.5 no.2 (2013) 56-87https://dx.doi.org/10.12801/1947-5403.2013.05.02.04.</span></li>\n<li id=\"cite_note-15\"><span class=\"mw-cite-backlink\"><strong>^</strong></span>&nbsp;<span class=\"reference-text\"><cite class=\"citation web cs1\">\"Hallucinogen - In Dub (CD) at Discogs\". Discogs.com<span class=\"reference-accessdate\">. Retrieved&nbsp;<span class=\"nowrap\">2016-03-24</span></span>.</cite></span></li>\n<li id=\"cite_note-16\"><span class=\"mw-cite-backlink\"><strong>^</strong></span>&nbsp;<span class=\"reference-text\">www.psynews.org/forums/topic/35044-hallucinogen-in-dub/</span></li>\n<li id=\"cite_note-17\"><span class=\"mw-cite-backlink\"><strong>^</strong></span>&nbsp;<span class=\"reference-text\">www.psyreviews.net/2006/05/ott-interview-october-2002-hallucinogen-in-dub</span></li>\n</ol>\n</div>",
 "remarks": "本词条汉字内容由 @多频百科团队 翻译+编辑\n原文译自 https://en.wikipedia.org/wiki/Psydub",
 "remarksEn": "本词条内容来自 https://en.wikipedia.org/wiki/Psydub",
 "status": 1,
 "clickNum": 18,
 "deleted": 0,
 "lang": 0,
 "chooseLang": true,
 "id": 179,
 "name": "Psydub",
 "descriptions": "Psydub（Ambient Dub）是电子音乐的一种融合类型，由psychedelic trance、ambient和dub music发展而来。融入元素包括旋律低音、低音雷鬼音乐以及添加大量回声、混响、全景延迟等制作技术，部分使用原版本或其他作品中的声音片段或乐器片段进行配音。Psydub中加入的ambient元素着重强调了音调和氛围；加入的psytrance元素主要表现在低音频段、迷幻旋律以及采样的使用。这些小样大多涉及毒品、超心理学、外星生命、存在主义、体外体验、梦、科学、时间旅行、灵性和类似的神秘或非传统主题。Psydub也深受印度音乐的影响。",
 "originalName": "Ambient Dub",
 "startTimeText": "Early 1990s",
 "startAddress": "London, United Kingdom",
 "searchStyle": "Trance",
 "styleCategory": "Psychedelic Trance",
 "originalStyle": "Psychedelic trance, psybient, ambient, ambient house, dub, trip hop, psychedelia",
 "affectStyle": "",
 "deriveStyle": "",
 "representArtist": "Ott, The Orb",
 "officialUrl": "https://en.wikipedia.org/wiki/Psydub",
 "typeId": 13,
 "typeName": "风格",
 "dataId": 179,
 "url": "http://dropinapp.hearinmusic.com/#/ency?typeId=13&dataId=179"
}