{
 "pageNum": 1,
 "pageSize": 10,
 "params": {},
 "relationChannel": "[{\"id\":1139,\"parentId\":8,\"name\":\"Pumping House\"}]",
 "content": "<p>Pumping house（或bumping）是早期Scouse House场景的一个地方变种，在20世纪90年代末到2000年代初流行于俄罗斯和西班牙。在1997年，荷兰二人组Klubbheads创造性的在曲目 \"A Walking Nightmare（Klubbheads GP Mix）\"中使用了所谓的竹管风贝斯音色，成为这种流派开始的标志。几年后，这个流派衍生了英国的Donk现场和西班牙的Poky现场。在俄罗斯，西班牙和波兰，Pumping House也可以被认为是Scouse House的互换词。</p>",
 "contentEn": "<p><strong>Pumping house</strong><sup id=\"cite_ref-16\" class=\"reference\"></sup>&nbsp;(or&nbsp;<strong>bumping</strong>) is an intermediate term and a local variant of the early scouse house scene, which was popular&nbsp;Russia&nbsp;and&nbsp;Spain&nbsp;in the late 1990s to early 2000s. The genre takes start when the&nbsp;Dutch&nbsp;duo&nbsp;Klubbheads&nbsp;invented so called&nbsp;<em>bamboo-bass</em>&nbsp;in the track&nbsp;<em>Ultimate Seduction</em>&nbsp;- \"A Walking Nightmare (Klubbheads GP Mix)\" in 1997. Years later the genre gave the birth to Britain's&nbsp;<em>donk</em>&nbsp;scene and Spain scene&nbsp;<em>poky</em>.<sup id=\"cite_ref-17\" class=\"reference\"></sup>&nbsp;Pumping house is used as an interchangeable term for scouse house in Russia, Spain and Poland.</p>",
 "remarks": "本词条汉字内容由 @多频百科团队 翻译+编辑\n原文译自 https://en.wikipedia.org/wiki/UK_hard_house#Pumping_house",
 "remarksEn": "本词条内容来自 https://en.wikipedia.org/wiki/UK_hard_house#Pumping_house",
 "status": 1,
 "clickNum": 58,
 "deleted": 0,
 "lang": 0,
 "chooseLang": true,
 "id": 90,
 "name": "Pumping House",
 "descriptions": "Pumping house（或bumping）是早期Scouse House场景的一个地方变种，在20世纪90年代末到2000年代初流行于俄罗斯和西班牙。在1997年，荷兰二人组Klubbheads创造性的在曲目 \"A Walking Nightmare（Klubbheads GP Mix）\"中使用了所谓的竹管风贝斯音色，成为这种流派开始的标志。几年后，这个流派衍生了英国的Donk现场和西班牙的Poky现场。在俄罗斯，西班牙和波兰，Pumping House也可以被认为是Scouse House的互换词。",
 "originalName": "bumping",
 "startTimeText": "1997",
 "startAddress": "俄罗斯，西班牙",
 "searchStyle": "House",
 "styleCategory": "UK Hard House",
 "originalStyle": "Scouse House",
 "affectStyle": "",
 "deriveStyle": "",
 "representArtist": "",
 "officialUrl": "https://en.wikipedia.org/wiki/UK_hard_house#Pumping_house",
 "typeId": 13,
 "typeName": "风格",
 "dataId": 90,
 "url": "http://dropinapp.hearinmusic.com/#/ency?typeId=13&dataId=90"
}