{
 "pageNum": 1,
 "pageSize": 10,
 "params": {},
 "relationChannel": "[{\"id\":1375,\"parentId\":8,\"name\":\"Rabòday\"}]",
 "content": "<p>Rab&ograve;day使用传统舞曲的节奏，用鼓声演奏，并编入电子音乐。</p>\n<p>&nbsp;</p>\n<p>词源</p>\n<p>Rab&ograve;day这个名字是从数百种传统的Vodou节奏中借用的，这种节奏是Haitian音乐的基础。</p>\n<p>&nbsp;</p>\n<p>起源</p>\n<p>Rab&ograve;day出现在2000年中期，其灵感来自于Rasin音乐，它是Haitian传统节奏和80年代以来 pop-rock 音乐的混合体。与Rasin音乐一样，Rab&ograve;day谈论的是社会问题。Rab&ograve;day的节奏是4/4的舞蹈节奏。</p>",
 "remarks": "本词条内容暂未完善仅供参考，多频百科小编正在火速赶来",
 "remarksEn": "本词条内容暂未完善仅供参考，多频百科小编正在火速赶来",
 "status": 0,
 "clickNum": 0,
 "deleted": 0,
 "lang": 0,
 "chooseLang": false,
 "id": 362,
 "name": "Rabòday",
 "descriptions": "Rabòday使用传统舞曲的节奏，用鼓声演奏，并编入电子音乐。",
 "originalName": "",
 "startTimeText": "Mid-2000s",
 "startAddress": "Haiti[1]",
 "searchStyle": "Electronica",
 "styleCategory": "Electronica",
 "originalStyle": "Rasin, ",
 "affectStyle": "",
 "deriveStyle": "",
 "representArtist": "",
 "officialUrl": "https://en.wikipedia.org/wiki/Rab%C3%B2day",
 "typeId": 13,
 "typeName": "风格",
 "dataId": 362,
 "url": "http://dropinapp.hearinmusic.com/#/ency?typeId=13&dataId=362"
}