{
 "pageNum": 1,
 "pageSize": 10,
 "params": {},
 "relationChannel": "[{\"id\":1436,\"parentId\":8,\"name\":\"Raggacore\"}]",
 "content": "<p>Raggacore是一种源于Ragga Jungle的音乐风格，在某种程度上它比Breakcore还要早一些，其特点是Ragga和Dancehall的节奏和人声。其根源可以说可以追溯到Jungle制作人Remarc，他是第一批将Ragga和Dancehall的人声与混乱的、复杂的重新排列的Break节拍相混合的制作人之一。&nbsp;虽然只有少数制作人主要从事这种风格的工作，但它在breakcore迷中仍有相当大的追随者。</p>\n<p>&nbsp;</p>\n<p>这种风格的突出艺人代表包括Aaron Spectre, Bong-Ra, Cardopusher, Enduser, FFF, LFO Demon, Renard Queenston, Lemon Drizlay Crew, Ruby my Dear, Istari Lasterfahrer, Shitmat, Venetian Snares, 以及来自the Life4Land crew的Stivs.</p>",
 "contentEn": "<p>Raggacore is a style of music derived from&nbsp;ragga jungle&nbsp;that somewhat predates breakcore, characterized by&nbsp;ragga&nbsp;and&nbsp;dancehall&nbsp;rhythms and vocals. Its roots can arguably be traced back to&nbsp;jungle&nbsp;producer Remarc, who was one of the first producers to mix ragga and dancehall vocals with chaotic and intricately rearranged break beats. While only a few producers primarily work in the style, it still has a sizable following among breakcore fans. Notable examples of this style include Aaron Spectre, Bong-Ra,&nbsp;Cardopusher, Enduser, FFF, LFO Demon, Renard Queenston, Lemon Drizlay Crew, Ruby my Dear, Istari Lasterfahrer,&nbsp;Shitmat,&nbsp;Venetian Snares, and Stivs from the Life4Land crew.</p>",
 "remarks": "本词条汉字内容由 @多频百科团队 翻译+编辑\n内容源自 https://en.wikipedia.org/wiki/Breakcore#Raggacore",
 "remarksEn": "本词条内容来自 https://en.wikipedia.org/wiki/Breakcore#Raggacore",
 "status": 1,
 "clickNum": 13,
 "deleted": 0,
 "lang": 0,
 "chooseLang": true,
 "id": 198,
 "name": "Raggacore",
 "descriptions": "Raggacore是一种源于Ragga Jungle的音乐风格，在某种程度上它比Breakcore还要早一些，其特点是Ragga和Dancehall的节奏和人声。其根源可以说可以追溯到Jungle制作人Remarc，他是第一批将Ragga和Dancehall的人声与混乱的、复杂的重新排列的Break节拍相混合的制作人之一。 虽然只有少数制作人主要从事这种风格的工作，但它在breakcore迷中仍有相当大的追随者。\n",
 "originalName": "",
 "startTimeText": "",
 "startAddress": "",
 "searchStyle": "Hardcore",
 "styleCategory": "Breakcore",
 "originalStyle": "Ragga Jungle, Dancehall",
 "affectStyle": "",
 "deriveStyle": "",
 "representArtist": "",
 "officialUrl": "https://en.wikipedia.org/wiki/Breakcore#Raggacore",
 "typeId": 13,
 "typeName": "风格",
 "dataId": 198,
 "url": "http://dropinapp.hearinmusic.com/#/ency?typeId=13&dataId=198"
}