{
 "pageNum": 1,
 "pageSize": 10,
 "params": {},
 "relationChannel": "[{\"id\":1376,\"parentId\":8,\"name\":\"Rara tech\"}]",
 "content": "<div class=\"document\">\n<p class=\"paragraph text-align-type-left pap-line-1.8 pap-line-rule-auto pap-spacing-before-0pt pap-spacing-after-0pt pap-left-indent-2em\">Rara tech是一种融合了Afro-Haitian流派rara和house音乐的电子音乐子流派。在Haitian，Haitian-style electronic dance music（EDM）通常被称为 \"HEDM\"（海地电子舞蹈音乐）。这一流派和术语的起源是由海地艺术家、音乐制作人和 DJ Gardy Girault开创的。</p>\n</div>",
 "remarks": "本词条内容暂未完善仅供参考，多频百科小编正在火速赶来",
 "remarksEn": "本词条内容暂未完善仅供参考，多频百科小编正在火速赶来",
 "status": 0,
 "clickNum": 0,
 "deleted": 0,
 "lang": 0,
 "chooseLang": false,
 "id": 363,
 "name": "Rara tech",
 "descriptions": "Rara tech是一种融合了Afro-Haitian流派rara和house音乐的电子音乐子流派。在Haitian，Haitian-style electronic dance music（EDM）通常被称为 \"HEDM\"（海地电子舞蹈音乐）。这一流派和术语的起源是由海地艺术家、音乐制作人和 DJ Gardy Girault开创的。",
 "originalName": "",
 "startTimeText": "Early 2010s",
 "startAddress": "Haiti",
 "searchStyle": "Electronica",
 "styleCategory": "Electronica",
 "originalStyle": "Rara, house",
 "affectStyle": "",
 "deriveStyle": "",
 "representArtist": "",
 "officialUrl": "https://en.wikipedia.org/wiki/Rara_tech",
 "typeId": 13,
 "typeName": "风格",
 "dataId": 363,
 "url": "http://dropinapp.hearinmusic.com/#/ency?typeId=13&dataId=363"
}