{
 "pageNum": 1,
 "pageSize": 10,
 "params": {},
 "relationEncy": "[{\"id\":35782,\"typeId\":11,\"dataId\":589,\"name\":\"Rave（锐舞文化）\",\"url\":\"http://dropinapp.hearinmusic.com/#/ency?typeId=11&dataId=589\"}]",
 "content": "<div>\n<div class=\"document\">\n<div>\n<div class=\"document\">\n<p class=\"paragraph text-align-type-left pap-line-1.8 pap-line-rule-auto pap-spacing-before-2pt pap-spacing-after-2pt\"><span style=\"color: #999999; font-size: 8pt;\"><em>Rave 一词含义诸多，为避免不必要的误解，多频百科将使用&ldquo;Rave&rdquo;指代 Rave 文化，使用&ldquo;Rave Music&rdquo;指代与 Rave 文化相关的音乐内容。</em></span></p>\n<p class=\"paragraph text-align-type-left pap-line-1.8 pap-line-rule-auto pap-spacing-before-2pt pap-spacing-after-2pt\"><span style=\"color: #999999; font-size: 8pt;\"><em>本词条主要介绍&ldquo;Rave Music&rdquo;相关的内容，关于 Rave 文化的详细介绍，请查阅多频百科&ldquo;Rave&rdquo;词条。</em></span></p>\n<p class=\"paragraph text-align-type-left pap-line-1.8 pap-line-rule-auto pap-spacing-before-2pt pap-spacing-after-2pt\">&nbsp;</p>\n<p class=\"paragraph text-align-type-left pap-line-1.8 pap-line-rule-auto pap-spacing-before-2pt pap-spacing-after-2pt\"><strong>概念与历史</strong></p>\n<p class=\"paragraph text-align-type-left pap-line-1.8 pap-line-rule-auto pap-spacing-before-2pt pap-spacing-after-2pt\">Rave Music 作为一种广泛的音乐范畴，描述的是基于20世纪90年代初期特定的时代背景下与 Rave 文化的场景相关的各类电子舞曲音乐。它源自1980年代后期在英国深受&ldquo;Acid&rdquo;浪潮影响的House和Techno音乐，这些音乐在当时通常与仓库派对和各类地下音乐场景结合，以及在电台 UK pirate radio stations 播出。</p>\n<p class=\"paragraph text-align-type-left pap-line-1.8 pap-line-rule-auto pap-spacing-before-2pt pap-spacing-after-2pt\">&nbsp;</p>\n<p class=\"paragraph text-align-type-left pap-line-1.8 pap-line-rule-auto pap-spacing-before-2pt pap-spacing-after-2pt\">早期的 Rave Music 意在追求更为硬核、躁动、极端的感官体验，以4/4节奏为主，添加鸣笛、口哨、尖锐的lead音色、嚎叫、不羁的吉他等具有刺激性和迷幻性的元素，配合令人头晕目眩的灯光效果和燃情的舞蹈。由于相较同时代其他派对音乐而言更为硬核刺激，Rave Music 被当时的 Raver 们成为&ldquo;Hardcore&rdquo;（硬核），并逐渐发展成为 Oldschool Hardcore 风格，这正是现代 Hardcore 风格大类的起源。随着 Rave Music 的不断发展，其进一步吸纳和催生了更多新形式的风格如 Drum and Bass 和 2-step等，以及其他 Hardcore Techno 流派，如 Gabber、Hardstyle 和 Happy hardcore等。</p>\n<p class=\"paragraph text-align-type-left pap-line-1.8 pap-line-rule-auto pap-spacing-before-2pt pap-spacing-after-2pt\">&nbsp;</p>\n<p class=\"paragraph text-align-type-left pap-line-1.8 pap-line-rule-auto pap-spacing-before-2pt pap-spacing-after-2pt\">90年代中期，随着传统 Rave 运动的快速没落，Rave Music 也成为概括这段历史时期内（主要为1990年代前期）相关音乐的一种描述。尽管如此，Rave 文化以及 Rave Music 的精神内核得到了充分地延续和传承，遍布全球各地的电子舞曲现场爱好者至今仍喜欢以 Raver 自称；而早年的各类 Rave Music 也在各自的方向不断演化，如 Hardcore, Jungle, Drum and Bass等，都已成为现代电子舞曲体系中极其重要的部分。值得注意的是，Rave 一词至今仍被用作描述各种电子音乐派对和舞蹈现场。</p>\n<p class=\"paragraph text-align-type-left pap-line-1.8 pap-line-rule-auto pap-spacing-before-2pt pap-spacing-after-2pt\">&nbsp;</p>\n<p class=\"paragraph text-align-type-left pap-line-1.8 pap-line-rule-auto pap-spacing-before-2pt pap-spacing-after-2pt\">2020年，法国制作人 David Guetta 与丹麦制作人 MORTEN 等艺术家致力于推广一种命名为&ldquo;Future Rave&rdquo;的风格/标签，希望以复古融合创新的形式赋予传统的 Rave Music 新的内容。这类风格以 Four on the Floor 的 House 节奏为基础，通常以复古质感并带有高混响的锯齿波音色为Lead，具有空旷的空间感，并含有 Electro 的声音元素。</p>\n<p class=\"paragraph text-align-type-left pap-line-1.8 pap-line-rule-auto pap-spacing-before-2pt pap-spacing-after-2pt\">&nbsp;</p>\n<p class=\"paragraph text-align-type-left pap-line-1.8 pap-line-rule-auto pap-spacing-before-2pt pap-spacing-after-2pt\"><strong>涵盖风格</strong></p>\n<p class=\"paragraph text-align-type-left pap-line-1.8 pap-line-rule-auto pap-spacing-before-2pt pap-spacing-after-2pt\"><span style=\"text-decoration: underline;\">House</span></p>\n<p class=\"paragraph text-align-type-left pap-line-1.8 pap-line-rule-auto pap-spacing-before-2pt pap-spacing-after-2pt\">House音乐，尤其是Acid House，是在the Second Summer of Love&mdash;&mdash;最早的Rave场景中出现的最早的音乐风格。House 是一种电子舞曲，起源于 1980 年代芝加哥的迪斯科场景。 House 音乐在每个节拍上使用固定的Bass Drum、电子鼓机产生的Hi-hats和合成Bassline。House音乐有很多子类型，是电子舞曲分类中最庞大的家族之一。由于 House 最初是俱乐部音乐，因此它有多种形式，有些比其他更适合在 Rave 中播放。在英国，UK funky、speed Garage 和 dubstep 等子流派从Garage House中衍生而来。</p>\n<p class=\"paragraph text-align-type-left pap-line-1.8 pap-line-rule-auto pap-spacing-before-2pt pap-spacing-after-2pt\">&nbsp;</p>\n<p class=\"paragraph text-align-type-left pap-line-1.8 pap-line-rule-auto pap-spacing-before-2pt pap-spacing-after-2pt\">在当时，许多制作&ldquo;Pop House&rdquo;（偏流行的House）的音乐人认为自己的作品是&ldquo;House Music&rdquo;，但在 Rave 文化中，偏流行音乐的存在和归属经常引发争议（很多Ravers认为这类音乐不属于House）。</p>\n<p class=\"paragraph text-align-type-left pap-line-1.8 pap-line-rule-auto pap-spacing-before-2pt pap-spacing-after-2pt\">&nbsp;</p>\n<p class=\"paragraph text-align-type-left pap-line-1.8 pap-line-rule-auto pap-spacing-before-2pt pap-spacing-after-2pt\">&ldquo;Rave house&rdquo;是 House 的一个衍生场景，起源于通常在 1993-1999 期间的 rave 场景中演奏的 House 音乐。这是非 House 或 Trance 资深乐迷的普通人群惯用的一个术语，将某些 house 作品宽泛的认识为&ldquo;Rave Music/Rave House&rdquo;。这是一个较为宽泛的术语，通常用于识别 progressive house, hard house 或 trance house等（通常是器乐式，没有文字），让人有置身于大型 Rave 活动现场感觉的风格。</p>\n<p class=\"paragraph text-align-type-left pap-line-1.8 pap-line-rule-auto pap-spacing-before-2pt pap-spacing-after-2pt\">&nbsp;</p>\n<p class=\"paragraph text-align-type-left pap-line-1.8 pap-line-rule-auto pap-spacing-before-2pt pap-spacing-after-2pt\"><span style=\"text-decoration: underline;\">Trance</span></p>\n<p class=\"paragraph text-align-type-left pap-line-1.8 pap-line-rule-auto pap-spacing-before-2pt pap-spacing-after-2pt\">Trance 是 House 音乐的一个分支，起源于 1980 年代后期的 Acid House 运动和 Rave 场景。Trance 音乐的历史很复杂，因为多代的音乐家和听众都影响了这一流派。在早期的 Rave 场景中（1990-1994），&ldquo;Trance&rdquo;一词（直到今天仍然被许多人）与&ldquo;Progressive House&rdquo;之间可以互换使用。</p>\n<p class=\"paragraph text-align-type-left pap-line-1.8 pap-line-rule-auto pap-spacing-before-2pt pap-spacing-after-2pt\">&nbsp;</p>\n<p class=\"paragraph text-align-type-left pap-line-1.8 pap-line-rule-auto pap-spacing-before-2pt pap-spacing-after-2pt\"><span style=\"text-decoration: underline;\">Breakbeat</span></p>\n<p class=\"paragraph text-align-type-left pap-line-1.8 pap-line-rule-auto pap-spacing-before-2pt pap-spacing-after-2pt\">Breakbeat 音乐（或简称break）是指任何形式的带有碎拍节奏的 Rave 音乐，范围可能从breakbeat hardcore 和nu skool break 到 Drum and Bass，或一些流派如 hardstep 和breakcore 交叉融入到 hardcore techno 声音中。house 和 trance 的融合也存在，但 Drum and Bass 仍然是 Rave 派对上最流行的碎拍形式。</p>\n<p class=\"paragraph text-align-type-left pap-line-1.8 pap-line-rule-auto pap-spacing-before-2pt pap-spacing-after-2pt\">&nbsp;</p>\n<p class=\"paragraph text-align-type-left pap-line-1.8 pap-line-rule-auto pap-spacing-before-2pt pap-spacing-after-2pt\"><span style=\"text-decoration: underline;\">Electro</span></p>\n<p class=\"paragraph text-align-type-left pap-line-1.8 pap-line-rule-auto pap-spacing-before-2pt pap-spacing-after-2pt\">Electro 和 techno 是两种主要以迷幻声音为特色的流派，在很大程度上被认为是最早通过&ldquo;Rave Muisc&rdquo;一词来表达现代术语的电子舞曲流派。 Techno 有时会与 House 音乐互相跨越界限，因此出现了流派 trance 和 acid techno。风格 Miami Bass 和 crunk 有时被包括在 Electro 的概念中。</p>\n<p class=\"paragraph text-align-type-left pap-line-1.8 pap-line-rule-auto pap-spacing-before-2pt pap-spacing-after-2pt\">&nbsp;</p>\n<p class=\"paragraph text-align-type-left pap-line-1.8 pap-line-rule-auto pap-spacing-before-2pt pap-spacing-after-2pt\"><span style=\"text-decoration: underline;\">Hardcore Techno</span></p>\n<p class=\"paragraph text-align-type-left pap-line-1.8 pap-line-rule-auto pap-spacing-before-2pt pap-spacing-after-2pt\">任何受 Rave 影响的 Hardcore 流派，通常都有扭曲失真曲的底鼓和 4/4 节奏。 Happy hardcore 将荷兰的 Hardcore 声音与 Eurodance 和 Bubblegum 流行音乐混合在一起，这种类型（也称为&ldquo;happycore&rdquo;）以高音和较少失真的 4/4 节拍为特色。Trancecore 是happy hardcore 与 trance 音乐融合，并减少了 Vocal 的占比。Hardstyle 则是一种更纯粹的trance/hardcore 类型，因为它保留了更纯粹的来自 hardcore 的声音。</p>\n<p class=\"paragraph text-align-type-left pap-line-1.8 pap-line-rule-auto pap-spacing-before-2pt pap-spacing-after-2pt\">&nbsp;</p>\n<p class=\"paragraph text-align-type-left pap-line-1.8 pap-line-rule-auto pap-spacing-before-2pt pap-spacing-after-2pt\"><span style=\"text-decoration: underline;\">Industrial Dance</span></p>\n<p class=\"paragraph text-align-type-left pap-line-1.8 pap-line-rule-auto pap-spacing-before-2pt pap-spacing-after-2pt\">Industrial Dance是哥特/摇滚/朋克相关的流派。虽然该流派本身通常不被认为是Rave Music，但它经常与Rave Music流派融合在一起。Industrial是Rave Music中许多声音的起源；它是最早采用在Rave Music中流行的声音（如&ldquo;Acid&rdquo;）作为音乐背景的流派之一。Industrial音乐迷通常被认为是 Rivetheads，他们并不倾向于称自己为 Ravers。</p>\n<p class=\"paragraph text-align-type-left pap-line-1.8 pap-line-rule-auto pap-spacing-before-2pt pap-spacing-after-2pt\">&nbsp;</p>\n<p class=\"paragraph text-align-type-left pap-line-1.8 pap-line-rule-auto pap-spacing-before-2pt pap-spacing-after-2pt\"><span style=\"text-decoration: underline;\">Free tekno</span></p>\n<p class=\"paragraph text-align-type-left pap-line-1.8 pap-line-rule-auto pap-spacing-before-2pt pap-spacing-after-2pt\">这种风格的电子音乐始于 1990 年代初期，主要在 Sound System 举办的非法派对中播放，例如 Spiral Tribe、Desert Storm、Hekate、Heretik，在仓库、废弃建筑物，甚至非法的露天音乐节，这些场景被称为Teknivals。它从其他各种流派中汲取灵感，主要侧重于快速的节拍（170/200 bpm）、Acid Basslines、心理相关的音色，以及通常从电影、流行歌曲或许多其他不同媒体来源中获取的采样。</p>\n<p class=\"paragraph text-align-type-left pap-line-1.8 pap-line-rule-auto pap-spacing-before-2pt pap-spacing-after-2pt\">&nbsp;</p>\n<p class=\"paragraph text-align-type-left pap-line-1.8 pap-line-rule-auto pap-spacing-before-2pt pap-spacing-after-2pt\"><span style=\"text-decoration: underline;\">其它</span></p>\n<p class=\"paragraph text-align-type-left pap-line-1.8 pap-line-rule-auto pap-spacing-before-2pt pap-spacing-after-2pt\">Downtempo 和其它以较少舞蹈元素为导向的风格，有时被称为 Chill-out 音乐，可能会在 Rave 场景的&ldquo;chill-out&rdquo;Room 或播放较慢电子音乐的 Rave 中听到，这些音乐和代表艺人包括：</p>\n<ul>\n<li>\n<p class=\"paragraph text-align-type-left pap-line-1.8 pap-line-rule-auto pap-spacing-before-2pt pap-spacing-after-2pt pap-hanging-indent-2em\">Ambient, minimalist &amp; computer music&mdash;&mdash;Brian Eno、Mike Oldfield、Harold Budd、ATB、The Orb、Biosphere</p>\n</li>\n<li>\n<p class=\"paragraph text-align-type-left pap-line-1.8 pap-line-rule-auto pap-spacing-before-2pt pap-spacing-after-2pt pap-hanging-indent-2em\">Dubstep &amp; breakstep &ndash; Magnetic Man、Eskmo、Icicle、Loefah、Phaeleh 和 Burial</p>\n</li>\n<li>\n<p class=\"paragraph text-align-type-left pap-line-1.8 pap-line-rule-auto pap-spacing-before-2pt pap-spacing-after-2pt pap-hanging-indent-2em\">Electro, glitch, techno, experimental hip hop &amp; industrial hip hop &ndash; Flying Lotus、Juan Atkins、MARRS、Dopplereffekt、Egyptian Lover、Afrika Bambaataa、Techno Animal、Coldcut、The Glitch Mob 和 Kraftwerk</p>\n</li>\n<li>\n<p class=\"paragraph text-align-type-left pap-line-1.8 pap-line-rule-auto pap-spacing-before-2pt pap-spacing-after-2pt pap-hanging-indent-2em\">IDM &ndash; Aphex Twin, Autechre &amp; Boards of Canada</p>\n</li>\n<li>\n<p class=\"paragraph text-align-type-left pap-line-1.8 pap-line-rule-auto pap-spacing-before-2pt pap-spacing-after-2pt pap-hanging-indent-2em\">UK garage &amp; grime &ndash; Todd Edwards、So Solid Crew、Roll Deep、Dizzee Rascal、Wiley、Plastician、Mis-Teeq</p>\n</li>\n</ul>\n<p class=\"paragraph text-align-type-left pap-line-1.8 pap-line-rule-auto pap-spacing-before-2pt pap-spacing-after-2pt\">&nbsp;</p>\n<p class=\"paragraph text-align-type-left pap-line-1.8 pap-line-rule-auto pap-spacing-before-2pt pap-spacing-after-2pt\"><strong>Rave文化简介</strong></p>\n<p class=\"paragraph text-align-type-left pap-line-1.8 pap-line-rule-auto pap-spacing-before-2pt pap-spacing-after-2pt\">Rave（锐舞）是20世纪末诞生的一种基于舞蹈音乐所发生的场景和特殊的时代背景，形成的结合音乐、舞蹈、娱乐、时尚、文艺以及多类社会运动的综合文化现象。</p>\n<p class=\"paragraph text-align-type-left pap-line-1.8 pap-line-rule-auto pap-spacing-before-2pt pap-spacing-after-2pt\">&nbsp;</p>\n<p class=\"paragraph text-align-type-left pap-line-1.8 pap-line-rule-auto pap-spacing-before-2pt pap-spacing-after-2pt\">Rave 是指在仓库、私人住所或公共场所举办的舞蹈派对，通常由DJ连续不停地播放电子舞曲。Rave 一词原意为聚众热闹，与音乐场景没有特定的关联，如今这个词最通常与90年代早期欧美地区非法的舞蹈音乐派对场景联系在一起。在这些派对中，DJ会播放各种风格的电子舞曲子分类，包括techno, hardcore, house, dubstep和alternative dance。前来参加这些派对的人们被称作 Raver，以年轻人、青少年群体为主。有时现场音乐家也会在rave活动上表演，还有其他类型的表演艺术家如go-go dancers 和 fire dancers。通过场地强大的扩声系统，音乐的听感被放大，特别是用低音音响播放出一个重低音声音的时候。Rave 派对播放音乐的同时通常还伴随镭射灯光表演、彩色投影、视觉动效和起雾机等现场效果。</p>\n<p class=\"paragraph text-align-type-left pap-line-1.8 pap-line-rule-auto pap-spacing-before-2pt pap-spacing-after-2pt\">&nbsp;</p>\n<p class=\"paragraph text-align-type-left pap-line-1.8 pap-line-rule-auto pap-spacing-before-2pt pap-spacing-after-2pt\">虽然有些 Rave 活动可能是在夜总会或私人场所中举行的小型聚会，但有些 Rave派对 已经发展到了巨大的规模&mdash;&mdash;大型节日和活动，含多个DJ和舞蹈区域（如1992年the Castlemorton Common Festival）。一些舞曲音乐节也有 Rave 的特点，但往往是基于更大的商业规模。Rave 活动可能会持续很长一段时间，有些活动会持续24小时整夜不停。在某些国家，反对 Rave 活动的法律和执法人员的突袭检查是对这个文化的巨大冲击，因为当时的 Rave 场景与非法药物有关，如二亚甲基双氧苯丙胺（MDMA）（通常与丙二醛（MDA）一起称为&ldquo;俱乐部毒品&rdquo;或&ldquo;派对毒品&rdquo;）、安非他明、LSD、GHB、氯胺酮、甲基苯丙胺（冰毒）、可卡因，大麻等。除了毒品之外，Rave 活动还经常利用未经授权的隐秘场所，例如在无人居住的家里、废弃仓库或飞机仓库举行。这些问题使得当时社会对 Rave 文化带来的道德隐患和危害感到担忧。</p>\n</div>\n</div>\n</div>\n</div>",
 "contentEn": "<div class=\"document\">\n<p class=\"paragraph text-align-type-left pap-line-1.8 pap-line-rule-auto pap-spacing-before-2pt pap-spacing-after-2pt\">A&nbsp;rave&nbsp;(from&nbsp;the&nbsp;verb:&nbsp;to&nbsp;rave)&nbsp;describes&nbsp;a&nbsp;dance&nbsp;party&nbsp;at&nbsp;a&nbsp;warehouse,&nbsp;public&nbsp;or&nbsp;private&nbsp;property,&nbsp;typically&nbsp;featuring&nbsp;performances&nbsp;by&nbsp;DJs&nbsp;playing&nbsp;electronic&nbsp;dance&nbsp;music.&nbsp;The&nbsp;style&nbsp;is&nbsp;most&nbsp;associated&nbsp;with&nbsp;the&nbsp;early&nbsp;90s&nbsp;dance&nbsp;music&nbsp;scene&nbsp;when&nbsp;DJs&nbsp;played&nbsp;at&nbsp;illegal&nbsp;events&nbsp;in&nbsp;musical&nbsp;styles&nbsp;dominated&nbsp;by&nbsp;electronic&nbsp;dance&nbsp;music&nbsp;from&nbsp;a&nbsp;wide&nbsp;range&nbsp;of&nbsp;sub-genres,&nbsp;including&nbsp;techno,[1]&nbsp;hardcore,&nbsp;house,[1][2]&nbsp;dubstep,[1]&nbsp;and&nbsp;alternative&nbsp;dance.&nbsp;Occasionally&nbsp;live&nbsp;musicians&nbsp;have&nbsp;been&nbsp;known&nbsp;to&nbsp;perform&nbsp;at&nbsp;raves,&nbsp;in&nbsp;addition&nbsp;to&nbsp;other&nbsp;types&nbsp;of&nbsp;performance&nbsp;artists&nbsp;such&nbsp;as&nbsp;go-go&nbsp;dancers&nbsp;and&nbsp;fire&nbsp;dancers.&nbsp;The&nbsp;music&nbsp;is&nbsp;amplified&nbsp;with&nbsp;a&nbsp;large,&nbsp;powerful&nbsp;sound&nbsp;reinforcement&nbsp;system,&nbsp;typically&nbsp;with&nbsp;large&nbsp;subwoofers&nbsp;to&nbsp;produce&nbsp;a&nbsp;deep&nbsp;bass&nbsp;sound.&nbsp;The&nbsp;music&nbsp;is&nbsp;often&nbsp;accompanied&nbsp;by&nbsp;laser&nbsp;light&nbsp;shows,&nbsp;projected&nbsp;coloured&nbsp;images,&nbsp;visual&nbsp;effects&nbsp;and&nbsp;fog&nbsp;machines.</p>\n<p class=\"paragraph text-align-type-left pap-line-1.8 pap-line-rule-auto pap-spacing-before-2pt pap-spacing-after-2pt\">&nbsp;</p>\n<p class=\"paragraph text-align-type-left pap-line-1.8 pap-line-rule-auto pap-spacing-before-2pt pap-spacing-after-2pt\">While&nbsp;some&nbsp;raves&nbsp;may&nbsp;be&nbsp;small&nbsp;parties&nbsp;held&nbsp;at&nbsp;nightclubs&nbsp;or&nbsp;private&nbsp;homes,&nbsp;some&nbsp;raves&nbsp;have&nbsp;grown&nbsp;to&nbsp;immense&nbsp;size,&nbsp;such&nbsp;as&nbsp;the&nbsp;large&nbsp;festivals&nbsp;and&nbsp;events&nbsp;featuring&nbsp;multiple&nbsp;DJs&nbsp;and&nbsp;dance&nbsp;areas&nbsp;(e.g.,&nbsp;the&nbsp;Castlemorton&nbsp;Common&nbsp;Festival&nbsp;in&nbsp;1992).&nbsp;Some&nbsp;electronic&nbsp;dance&nbsp;music&nbsp;festivals&nbsp;have&nbsp;features&nbsp;of&nbsp;raves,&nbsp;but&nbsp;on&nbsp;a&nbsp;larger,&nbsp;often&nbsp;commercial&nbsp;scale.&nbsp;Raves&nbsp;may&nbsp;last&nbsp;for&nbsp;a&nbsp;long&nbsp;time,&nbsp;with&nbsp;some&nbsp;events&nbsp;continuing&nbsp;for&nbsp;twenty-four&nbsp;hours,&nbsp;and&nbsp;lasting&nbsp;all&nbsp;through&nbsp;the&nbsp;night.&nbsp;Law&nbsp;enforcement&nbsp;raids&nbsp;and&nbsp;anti-rave&nbsp;laws&nbsp;have&nbsp;presented&nbsp;a&nbsp;challenge&nbsp;to&nbsp;the&nbsp;rave&nbsp;scene&nbsp;in&nbsp;many&nbsp;countries.[3]&nbsp;This&nbsp;is&nbsp;due&nbsp;to&nbsp;the&nbsp;association&nbsp;of&nbsp;illegal&nbsp;drugs&nbsp;such&nbsp;as&nbsp;MDMA[4][5]&nbsp;(often&nbsp;referred&nbsp;to&nbsp;as&nbsp;a&nbsp;\"club&nbsp;drug\"&nbsp;or&nbsp;\"party&nbsp;drug\"&nbsp;along&nbsp;with&nbsp;MDA[6]),&nbsp;amphetamine,&nbsp;LSD,[4][5]&nbsp;GHB,[4][5]&nbsp;ketamine,[4][5][7]&nbsp;methamphetamine,[4][5]&nbsp;cocaine,[5]&nbsp;and&nbsp;cannabis.[8]&nbsp;In&nbsp;addition&nbsp;to&nbsp;drugs,&nbsp;raves&nbsp;often&nbsp;make&nbsp;use&nbsp;of&nbsp;non-authorized,&nbsp;secret&nbsp;venues,&nbsp;such&nbsp;as&nbsp;squat&nbsp;parties&nbsp;at&nbsp;unoccupied&nbsp;homes,[9]&nbsp;unused&nbsp;warehouses,[10]&nbsp;or&nbsp;aircraft&nbsp;hangars.[11][12]&nbsp;These&nbsp;concerns&nbsp;are&nbsp;often&nbsp;attributed&nbsp;to&nbsp;a&nbsp;type&nbsp;of&nbsp;moral&nbsp;panic&nbsp;surrounding&nbsp;rave&nbsp;culture.</p>\n<p class=\"paragraph text-align-type-left pap-line-1.8 pap-line-rule-auto pap-spacing-before-2pt pap-spacing-after-2pt\">&nbsp;</p>\n<p class=\"paragraph text-align-type-left pap-line-1.8 pap-line-rule-auto pap-spacing-before-2pt pap-spacing-after-2pt\">History</p>\n<p class=\"paragraph text-align-type-left pap-line-1.8 pap-line-rule-auto pap-spacing-before-2pt pap-spacing-after-2pt\">Origin of 'rave' (1950s&ndash;1970s)</p>\n<p class=\"paragraph text-align-type-left pap-line-1.8 pap-line-rule-auto pap-spacing-before-2pt pap-spacing-after-2pt\">In the late 1950s in London, England the term \"rave\" was used to describe the \"wild bohemian parties\" of the Soho beatnik set.[13] Jazz musician Mick Mulligan, known for indulging in such excesses, had the nickname \"king of the ravers\".[14] In 1958, Buddy Holly recorded the hit \"Rave On\", citing the madness and frenzy of a feeling and the desire for it never to end.[15] The word \"rave\" was later used in the burgeoning mod youth culture of the early 1960s as the way to describe any wild party in general. People who were gregarious party animals were described as \"ravers\". Pop musicians such as Steve Marriott of Small Faces and Keith Moon of The Who were self-described \"ravers\".[citation needed]</p>\n<p class=\"paragraph text-align-type-left pap-line-1.8 pap-line-rule-auto pap-spacing-before-2pt pap-spacing-after-2pt\">&nbsp;</p>\n<p class=\"paragraph text-align-type-left pap-line-1.8 pap-line-rule-auto pap-spacing-before-2pt pap-spacing-after-2pt\">Presaging the word's subsequent 1980s association with electronic music, the word \"rave\" was a common term used regarding the music of mid-1960s garage rock and psychedelia bands (most notably The Yardbirds, who released an album in the United States called Having a Rave Up). Along with being an alternative term for partying at such garage events in general, the \"rave-up\" referred to a specific crescendo moment near the end of a song where the music was played faster, more heavily and with intense soloing or elements of controlled feedback. It was later part of the title of an electronic music performance event held on 28 January 1967 at London's Roundhouse titled the \"Million Volt Light and Sound Rave\". The event featured the only known public airing of an experimental sound collage created for the occasion by Paul McCartney of The Beatles &ndash; the legendary \"Carnival of Light\" recording.[16]</p>\n<p class=\"paragraph text-align-type-left pap-line-1.8 pap-line-rule-auto pap-spacing-before-2pt pap-spacing-after-2pt\">&nbsp;</p>\n<p class=\"paragraph text-align-type-left pap-line-1.8 pap-line-rule-auto pap-spacing-before-2pt pap-spacing-after-2pt\">With the rapid change of British pop culture from the mod era of 1963&ndash;1966 to the hippie era of 1967 and beyond, the term fell out of popular usage. The Northern soul movement is cited by many as being a significant step towards the creation of contemporary club culture and of the superstar DJ culture of the 2000s.[17] As in contemporary club culture, Northern soul DJs built up a following based on satisfying the crowd's desires for music that they could not hear anywhere else. Many argue that Northern soul was instrumental in creating a network of clubs, DJs, record collectors and dealers in the UK, and was the first music scene to provide the British charts with records that sold entirely on the strength of club play.[18] A technique employed by northern soul DJs in common with their later counterparts was the sequencing of records to create euphoric highs and lows for the crowd. DJ, Laurence 'Larry' Proxton being known for this method. DJ personalities and their followers involved in the original Northern soul movement went on to become important figures in the house and dance music scenes.[19] During the 1970s and early 1980s until its resurrection, the term was not in vogue, one notable exception being in the lyrics of the song \"Drive-In Saturday\" by David Bowie (from his 1973 album Aladdin Sane) which includes the line, \"It's a crash course for the ravers.\" Its use during that era would have been perceived as a quaint or ironic use of bygone slang: part of the dated 1960s lexicon along with words such as \"groovy\".</p>\n<p class=\"paragraph text-align-type-left pap-line-1.8 pap-line-rule-auto pap-spacing-before-2pt pap-spacing-after-2pt\">&nbsp;</p>\n<p class=\"paragraph text-align-type-left pap-line-1.8 pap-line-rule-auto pap-spacing-before-2pt pap-spacing-after-2pt\">The perception of the word \"rave\" changed again in the late 1980s when the term was revived and adopted by a new youth culture, possibly inspired by the use of the term in Jamaica.[13]</p>\n<p class=\"paragraph text-align-type-left pap-line-1.8 pap-line-rule-auto pap-spacing-before-2pt pap-spacing-after-2pt\">&nbsp;</p>\n<p class=\"paragraph text-align-type-left pap-line-1.8 pap-line-rule-auto pap-spacing-before-2pt pap-spacing-after-2pt\">Birth of acid house (1980s)</p>\n<p class=\"paragraph text-align-type-left pap-line-1.8 pap-line-rule-auto pap-spacing-before-2pt pap-spacing-after-2pt\">Rave &ndash; Juiz de Fora &ndash; MG, featuring bright psychedelic theming common at many raves</p>\n<p class=\"paragraph text-align-type-left pap-line-1.8 pap-line-rule-auto pap-spacing-before-2pt pap-spacing-after-2pt\">In the mid to late 1980s, a wave of psychedelic and other electronic dance music, most notably acid house music, emerged from acid house music parties in the mid-to-late 1980s in the Chicago area in the United States.[20] After Chicago acid house artists began experiencing overseas success, acid house quickly spread and caught on in the United Kingdom[21][22] within clubs, warehouses and free-parties, first in Manchester in the mid-1980s and then later in London. In the late 1980s, the word \"rave\" was adopted to describe the subculture that grew out of the acid house movement.[23] Activities were related to the party atmosphere of Ibiza, a Merranean island in Spain, frequented by British, Italian, Greek, Irish and German youth on vacation, who would hold raves and dance parties.[24]</p>\n<p class=\"paragraph text-align-type-left pap-line-1.8 pap-line-rule-auto pap-spacing-before-2pt pap-spacing-after-2pt\">&nbsp;</p>\n<p class=\"paragraph text-align-type-left pap-line-1.8 pap-line-rule-auto pap-spacing-before-2pt pap-spacing-after-2pt\">Growth of the scene (1990s&ndash;present)</p>\n<p class=\"paragraph text-align-type-left pap-line-1.8 pap-line-rule-auto pap-spacing-before-2pt pap-spacing-after-2pt\">By the 1990s, genres such as acid, breakbeat hardcore, hardcore, happy hardcore, gabber, post-industrial and electronica were all being featured at raves, both large and small. There were mainstream events which attracted thousands of people (up to 25,000[citation needed] instead of the 4,000 that came to earlier warehouse parties). Acid house music parties were first re-branded \"rave parties\" in the media, during the summer of 1989 by Genesis P-Orridge (Neil Andrew Megson) during a television interview; however, the ambience of the rave was not fully formed until the early 1990s. In 1990, raves were held \"underground\" in several cities, such as Berlin, Milan and Patras, in basements, warehouses and forests.[25]</p>\n<p class=\"paragraph text-align-type-left pap-line-1.8 pap-line-rule-auto pap-spacing-before-2pt pap-spacing-after-2pt\">&nbsp;</p>\n<p class=\"paragraph text-align-type-left pap-line-1.8 pap-line-rule-auto pap-spacing-before-2pt pap-spacing-after-2pt\">British politicians responded with hostility to the emerging rave party trend. Politicians spoke out against raves and began to fine promoters who held unauthorised parties. Police crackdowns on these often unauthorised parties drove the rave scene into the countryside. The word \"rave\" somehow caught on in the UK to describe common semi-spontaneous weekend parties occurring at various locations linked by the brand new M25 London orbital motorway that ringed London and the Home Counties. (It was this that gave the band Orbital their name.) These ranged from former warehouses and industrial sites in London, to fields and country clubs in the countryside.</p>\n<p class=\"paragraph text-align-type-left pap-line-1.8 pap-line-rule-auto pap-spacing-before-2pt pap-spacing-after-2pt\">&nbsp;</p>\n<p class=\"paragraph text-align-type-left pap-line-1.8 pap-line-rule-auto pap-spacing-before-2pt pap-spacing-after-2pt\">Characteristics</p>\n<p class=\"paragraph text-align-type-left pap-line-1.8 pap-line-rule-auto pap-spacing-before-2pt pap-spacing-after-2pt\">Rave music is usually presented in a DJ set, using a mixer and turntables or CDJs.</p>\n<p class=\"paragraph text-align-type-left pap-line-1.8 pap-line-rule-auto pap-spacing-before-2pt pap-spacing-after-2pt\">Rave music may either refer to the late 1980s/early 1990s genres of house, new beat, breakbeat, acid house, techno and hardcore techno, which were the first genres of music to be played at rave parties, or to any other genre of electronic dance music (EDM) that may be played at a rave. The genre \"rave\", also known as hardcore by early ravers, first appeared amongst the UK \"acid\" movement during the late 1980s at warehouse parties and other underground venues, as well as on UK pirate radio stations.[26] The genre would develop into oldschool hardcore, which lead onto newer forms of rave music such as drum and bass and 2-step, as well as other hardcore techno genres, such as gabber, hardstyle and happy hardcore. Rave music is usually presented in a DJ mix set, although live performances are not uncommon.</p>\n<p class=\"paragraph text-align-type-left pap-line-1.8 pap-line-rule-auto pap-spacing-before-2pt pap-spacing-after-2pt\">&nbsp;</p>\n<p class=\"paragraph text-align-type-left pap-line-1.8 pap-line-rule-auto pap-spacing-before-2pt pap-spacing-after-2pt\">Styles of music include:</p>\n<p class=\"paragraph text-align-type-left pap-line-1.8 pap-line-rule-auto pap-spacing-before-2pt pap-spacing-after-2pt\">House music: House music, especially acid house, is the first genre of music to be played at the earliest raves, during the Second Summer of Love. House is a genre of electronic dance music that originated out of the 1980s African-American and Latino disco scene in Chicago.[27] House music uses a constant bass drum on every beat, electronic drum machine hi-hats and synth basslines. There are many subgenres of house music (found below). Since house was originally club music, there are many forms of it, some more appropriate to be played at raves than others. In the UK, subgenres such as UK funky, speed garage and dubstep emerged from garage house. Many \"pop house\" club music producers branded themselves as \"house music\", however, so in rave culture it is often disputed whether pop house should be considered as a subgenre of house. \"Rave house\" is a subgenre label of house music that originated from the styles of house that were typically played in the rave scene of the 1993&ndash;1999 period. It is a term used by the general population who do not follow the house or trance scene specifically, but identify certain house records as \"rave music\". It is a loose term that generally identifies progressive house, hard house or trance house styles (often instrumental with no words) that one would imagine being played at a large rave.</p>\n<p class=\"paragraph text-align-type-left pap-line-1.8 pap-line-rule-auto pap-spacing-before-2pt pap-spacing-after-2pt\">&nbsp;</p>\n<p class=\"paragraph text-align-type-left pap-line-1.8 pap-line-rule-auto pap-spacing-before-2pt pap-spacing-after-2pt\">Trance music: Trance music in its most popular and modern form is an offshoot of house music that originated from the acid house movement and rave scene in the late 1980s. The history of trance music is complicated to refer to, as multiple generations of listeners and musicians have influenced the genre. The term \"trance\" was (and still to this day by many) used interchangeably with \"progressive house\" in the early rave years (1990&ndash;1994).</p>\n<p class=\"paragraph text-align-type-left pap-line-1.8 pap-line-rule-auto pap-spacing-before-2pt pap-spacing-after-2pt\">&nbsp;</p>\n<p class=\"paragraph text-align-type-left pap-line-1.8 pap-line-rule-auto pap-spacing-before-2pt pap-spacing-after-2pt\">Breakbeat: Breakbeat music (or breaks for short) refers to any form of rave music with breakbeats, this may range from breakbeat hardcore and nu skool breaks to drum and bass, some genres such as hardstep and breakcore cross over into the hardcore techno sound. Fusions of house and trance also exist but the drum 'n' bass still remains the most popular form of breakbeat played at rave parties.</p>\n<p class=\"paragraph text-align-type-left pap-line-1.8 pap-line-rule-auto pap-spacing-before-2pt pap-spacing-after-2pt\">&nbsp;</p>\n<p class=\"paragraph text-align-type-left pap-line-1.8 pap-line-rule-auto pap-spacing-before-2pt pap-spacing-after-2pt\">Electro music: Electro and techno are two genres which largely featured psychedelic sounds and are largely considered the earliest forms of electronic dance music genres to use the term \"rave music\" in respect to its modern terminological use. Techno sometimes crosses boundaries with house music, hence the genres trance and acid techno. Miami bass and crunk is sometimes included as \"electro\".</p>\n<p class=\"paragraph text-align-type-left pap-line-1.8 pap-line-rule-auto pap-spacing-before-2pt pap-spacing-after-2pt\">&nbsp;</p>\n<p class=\"paragraph text-align-type-left pap-line-1.8 pap-line-rule-auto pap-spacing-before-2pt pap-spacing-after-2pt\">Hardcore techno: Any hard dance genre that was influenced by the rave genre, usually these genres have a distorted kick drum, and a 4/4 rhythm. Happy hardcore blended the Dutch hardcore sound with Eurodance and bubblegum pop, the genre (also known as \"happycore\" for short) featured pitched-up vocals and a less distorted 4/4 beat. Trancecore also exists and is a less vocal fusion of happy hardcore with trance music, however hardstyle is a more pure form of the trance/hardcore genre since it retains the hardcore sound.</p>\n<p class=\"paragraph text-align-type-left pap-line-1.8 pap-line-rule-auto pap-spacing-before-2pt pap-spacing-after-2pt\">&nbsp;</p>\n<p class=\"paragraph text-align-type-left pap-line-1.8 pap-line-rule-auto pap-spacing-before-2pt pap-spacing-after-2pt\">Industrial dance: Industrial is a goth/rock/punk related genre. While the genre is not usually considered rave music in itself, it is often fused with rave music genres. Industrial is the origin of many sounds found in rave music; it is one of the first genres that took the sounds that are now popular in rave music such as \"acid\" as its musical backdrop. Industrial music fans are usually considered rivetheads and do not tend to call themselves ravers.</p>\n<p class=\"paragraph text-align-type-left pap-line-1.8 pap-line-rule-auto pap-spacing-before-2pt pap-spacing-after-2pt\">&nbsp;</p>\n<p class=\"paragraph text-align-type-left pap-line-1.8 pap-line-rule-auto pap-spacing-before-2pt pap-spacing-after-2pt\">Free tekno: This style of electronic music started in the early 1990s and was mostly played in illegal parties hosted by Sound System, such as Spiral Tribe, Desert Storm, Hekate, Heretik, in warehouse, dismissed buildings, or even illegal open air festivals, called Teknivals. It takes inspiration from various other genres, and mainly focuses on quick beats, 170/200 bpm, acid bassline, mentals sounds, and often samples taken from movies, popular songs or many other different media sources.</p>\n<p class=\"paragraph text-align-type-left pap-line-1.8 pap-line-rule-auto pap-spacing-before-2pt pap-spacing-after-2pt\">&nbsp;</p>\n<p class=\"paragraph text-align-type-left pap-line-1.8 pap-line-rule-auto pap-spacing-before-2pt pap-spacing-after-2pt\">Downtempo and less dance oriented styles which are sometimes called chill-out music, that might be heard in a rave \"chill-out\" room or at a rave that plays slower electronic music includes:</p>\n<p class=\"paragraph text-align-type-left pap-line-1.8 pap-line-rule-auto pap-spacing-before-2pt pap-spacing-after-2pt\">&nbsp;</p>\n<p class=\"paragraph text-align-type-left pap-line-1.8 pap-line-rule-auto pap-spacing-before-2pt pap-spacing-after-2pt\">Ambient, minimalist &amp; computer music &ndash; Brian Eno, Mike Oldfield, Harold Budd, ATB, The Orb, Biosphere Dubstep &amp; breakstep &ndash; Magnetic Man, Eskmo, Icicle, Loefah, Phaeleh &amp; Burial</p>\n<p class=\"paragraph text-align-type-left pap-line-1.8 pap-line-rule-auto pap-spacing-before-2pt pap-spacing-after-2pt\">&nbsp;</p>\n<p class=\"paragraph text-align-type-left pap-line-1.8 pap-line-rule-auto pap-spacing-before-2pt pap-spacing-after-2pt\">Electro, glitch, techno, experimental hip hop &amp; industrial hip hop &ndash; Flying Lotus, Juan Atkins, MARRS, Dopplereffekt, Egyptian Lover, Afrika Bambaataa, Techno Animal, Coldcut, The Glitch Mob &amp; Kraftwerk IDM &ndash; Aphex Twin, Autechre &amp; Boards of Canada</p>\n<p class=\"paragraph text-align-type-left pap-line-1.8 pap-line-rule-auto pap-spacing-before-2pt pap-spacing-after-2pt\">UK garage &amp; grime &ndash; Todd Edwards, So Solid Crew, Roll Deep, Dizzee Rascal, Wiley, Plastician, Mis-Teeq</p>\n<p class=\"paragraph text-align-type-left pap-line-1.8 pap-line-rule-auto pap-spacing-before-2pt pap-spacing-after-2pt\">&nbsp;</p>\n<p class=\"paragraph text-align-type-left pap-line-1.8 pap-line-rule-auto pap-spacing-before-2pt pap-spacing-after-2pt\">Location</p>\n<p class=\"paragraph text-align-type-left pap-line-1.8 pap-line-rule-auto pap-spacing-before-2pt pap-spacing-after-2pt\">Raves have historically referred to grassroots organised, anti-establishment and unlicensed all‐night dance parties.[28] Prior to the commercialisation of the rave scene, when large legal venues became the norm for these events, the location of the rave was kept secret until the night of the event, usually being communicated through answering machine messages,[29] mobile messaging, secret flyers, and websites. This level of secrecy, necessary for avoiding any interference by the police, also on account of the illicit drug use, enabled the ravers to use locations they could stay in for ten hours at a time. It promoted the sense of deviance and removal from social control.[30] In the 2000s, this level of secrecy still exists in the underground rave scene. However \"after-hours\" clubs, as well as large outdoor events, create a similar type of alternate atmosphere, but focus much more on vibrant visual effects, such as props and d&eacute;cor. In more recent years,[when?] large commercial events are held at the same locations year after year with similar reoccurring themes every year. Events like Electric Daisy Carnival and Tomorrowland are typically held at the same venue that holds mass numbers of people.</p>\n<p class=\"paragraph text-align-type-left pap-line-1.8 pap-line-rule-auto pap-spacing-before-2pt pap-spacing-after-2pt\">&nbsp;</p>\n<p class=\"paragraph text-align-type-left pap-line-1.8 pap-line-rule-auto pap-spacing-before-2pt pap-spacing-after-2pt\">Some raves make use of pagan symbolism. Modern raving venues attempt to immerse the raver in a fantasy-like world. Indigenous imagery and spirituality can be characteristic in the Raving ethos. In both the New Moon and Gateway collectives, \"pagan altars are set up, sacred images from primitive cultures decorate the walls, and rituals of cleansing are performed over the turntables and the dance floor\"[31] This type of spatial strategy is an integral part of the raving experience because it sets the initial \"vibe\" in which the ravers will immerse themselves. This said \"vibe\" is a concept in the raver ethos that represents the allure and receptiveness of an environment's portrayed and or innate energy. The landscape is an integral feature in the composition of rave, much like it is in pagan rituals. For example, The Numic Ghost Dancers rituals were held on specific geographical sites, considered to hold powerful natural flows of energy. These sites were later represented in the rhythmic dances, to achieve a greater level of connectivity.[32]</p>\n<p class=\"paragraph text-align-type-left pap-line-1.8 pap-line-rule-auto pap-spacing-before-2pt pap-spacing-after-2pt\">&nbsp;</p>\n<p class=\"paragraph text-align-type-left pap-line-1.8 pap-line-rule-auto pap-spacing-before-2pt pap-spacing-after-2pt\">The Falls festival in Byron Bay features a rave party hidden behind a washing machine in a laundromat.[33]</p>\n</div>",
 "remarks": "本词条汉字内容由 @多频百科团队 翻译+编辑\n原文译自https://en.wikipedia.org/wiki/Rave",
 "remarksEn": "本词条内容来自 https://en.wikipedia.org/wiki/Rave",
 "status": 1,
 "clickNum": 17,
 "deleted": 0,
 "lang": 0,
 "chooseLang": true,
 "id": 217,
 "name": "Rave Music",
 "descriptions": "Rave Music（锐舞音乐）指的是在1980年代末期/1990年代早期流行于各种 Rave 场景中的电子舞曲音乐，涵盖风格包括最早进入 Rave 派对中的house, new beat, breakbeat, acid house, techno 和 hardcore techno 等，以及其它各类涉及 Rave 场景的电子舞曲音乐风格。Rave Music 是20世纪末从欧美地区兴起的 Rave 文化中最重要的组成部分。",
 "originalName": "",
 "startTimeText": "1990s",
 "startAddress": "英国",
 "searchStyle": "",
 "styleCategory": "Electronic Dance Music",
 "originalStyle": "Acid house, Industrial dance, Techno, Breakbeat",
 "affectStyle": "",
 "deriveStyle": "Hardcore, Jungle, Drum and Bass, Future Rave",
 "representArtist": "AgeHa, Boccaccio, Camden Palace, Sankeys, Berghain, Sir Henry's, Sub Club ",
 "officialUrl": "https://en.wikipedia.org/wiki/Rave",
 "typeId": 13,
 "typeName": "风格",
 "dataId": 217,
 "url": "http://dropinapp.hearinmusic.com/#/ency?typeId=13&dataId=217"
}