{
 "pageNum": 1,
 "pageSize": 10,
 "params": {},
 "relationChannel": "[{\"id\":1430,\"parentId\":8,\"name\":\"Rawstyle\"}]",
 "content": "<p>Rawstyle 是 Hardstyle 的一个相对较新的子流派。它通常结合了早期 Hardstyle 和 Hardcore 的特点，例如Reverse Bass、较暗黑的旋律、更为不和谐的元素以及更强硬、失真的底鼓。</p>\n<p>&nbsp;</p>\n<p>有一类 Rawstyle 则更像是一种独奏类型。它可以在 Warface、Dj Thera、Deetox 等艺术家的作品中听到。这种 Rawstyle 通常是用非常扭曲的Kick Drum制作的。它主要集中在&ldquo;Punch（冲击）&rdquo;（即Hardstyle Kick的&ldquo;打击&rdquo;）上，而Kick波形的尾部会比 Hardstyle 弱得多。</p>\n<p>&nbsp;</p>\n<p>还有一类受 Rawstyle 影响的 Hardstyle。这类通常具有更扭曲的Kick，但它不像标准的 Rawstyle 那样专注于Punch。</p>\n<p>&nbsp;</p>\n<p>Rawstyle 通常非常具有实验性，经常使用非常规的技术和方法来实现某种声音。例如，一些作品中的实验性 Rawstyle Kicks 比一些Hardcore或Hardstyle的作品要更现代、更干净。这类Kick的尾音更大，Bass Drum更湿润（在音乐后期制作处理中，常用&ldquo;Dry - Wet（干湿）&rdquo;的概念表达音效使用或处理的程度），这在 Psycho Boys Club 的 Chaos Sound 中得到了证明，在他们制作的许多歌曲和 ID中都出现了类似的Kick。</p>\n<p>&nbsp;</p>\n<p><strong>Rawstyle艺术家</strong></p>\n<p>Rawstyle 领域中一些最著名的艺术家包括 Zatox、Adaro、Ran-D 和 Chain Reaction。有些艺术家并不是专门的 rawstyle 艺术家，但可能会制作 rawstyle 曲目以及另一种 hardstyle 子流派。这对于像 Headhunterz 这样的艺术家来说是正确的，他的单曲&ldquo;Doomed&rdquo;。</p>\n<p>&nbsp;</p>\n<p><strong>Rawstyle厂牌</strong></p>\n<p>一些最著名的 rawstyle 唱片公司包括 A&sup2; Records、Scantraxx、Theracords、Spoontech、Gearbox、Sys-X Records、The Magic Show Records、Roughtstate、X-RAW、Anarchy、Nightbreed Records、Loudness Recordings、End Of Line 和 Minus Is More .</p>",
 "contentEn": "<p>Rawstyle is a relatively new subgenre of Hardstyle. It commonly incorporates features from&nbsp;early Hardstyle&nbsp;and Hardcore, such as reverse bass, a darker melody and a distorted kick.&nbsp;</p>\n<p>&nbsp;</p>\n<p>There is also a type of Rawstyle which is more of a solo genre. It can be seen in the works of artists such as Warface, Dj Thera, Deetox and more. This kind of Rawstyle is normally made with a kick that is very distorted. It is mostly focused on the punch (The 'hit' of a Hardstyle kick) with a much weaker tail than Hardstyle.&nbsp;</p>\n<p>&nbsp;</p>\n<p>There is also a version of Hardstyle that is influenced from Rawstyle. This normally features a more distorted kick but it is not nearly as focused on the punch as full Rawstyle. Above is an example of this kind of Hardstyle. &nbsp;</p>\n<p>&nbsp;</p>\n<p>Rawstyle can often be very experimental, often using unconventional techniques and methods to achieve a certain sound.</p>\n<p>&nbsp;</p>\n<p>Like for instance, some experimental Rawstyle Kicks drops in the second video is more modern and clean then some of the hardcorists or hardstylists. This kick drum is less punchy and wet in the first drop, but in the second, the tail is bigger and has a wetter bass drum, and this is demonstrated in Chaos Sound by the Psycho Boys Club, and many more songs and IDs they produce has the same type of kicks found in their music composition.</p>\n<p>&nbsp;</p>\n<h2><span id=\"Rawstyle_Artists\" class=\"mw-headline\">Rawstyle Artists</span></h2>\n<p>Some of the most prominent artists in the rawstyle scene include&nbsp;Zatox&nbsp;,&nbsp;Adaro&nbsp;,&nbsp;Ran-D&nbsp;and&nbsp;Chain Reaction. Some artists are not specifically rawstyle artists, but may produce rawstyle tracks along with another subgenre of hardstyle. This is true for artists such as&nbsp;Headhunterz&nbsp;, with his track 'Doomed'.</p>\n<p>&nbsp;</p>\n<h2><span id=\"Rawstyle_Labels\" class=\"mw-headline\">Rawstyle Labels</span></h2>\n<p>Some of the most famous rawstyle labels include&nbsp;<span class=\"new\" title=\"A&sup2; Records (page does not exist)\" data-uncrawlable-url=\"L3dpa2kvQSVDMiVCMl9SZWNvcmRzP2FjdGlvbj1lZGl0JnJlZGxpbms9MQ==\">A&sup2; Records</span>&nbsp;,&nbsp;Scantraxx&nbsp;,&nbsp;Theracords&nbsp;,&nbsp;Spoontech&nbsp;,&nbsp;<span class=\"new\" title=\"Gearbox (page does not exist)\" data-uncrawlable-url=\"L3dpa2kvR2VhcmJveD9hY3Rpb249ZWRpdCZyZWRsaW5rPTE=\">Gearbox</span>, Sys-X Records, The Magic Show Records, Roughtstate, X-RAW, Anarchy, Nightbreed Records, Loudness Recordings, End Of Line and&nbsp;<span class=\"new\" title=\"Minus Is More (page does not exist)\" data-uncrawlable-url=\"L3dpa2kvTWludXNfSXNfTW9yZT9hY3Rpb249ZWRpdCZyZWRsaW5rPTE=\">Minus Is More</span>&nbsp;.</p>",
 "remarks": "本词条汉字内容由 @多频百科团队 翻译+编辑\n原文译自 https://hardstyle.fandom.com/wiki/Rawstyle",
 "remarksEn": "本词条篇内容来自 https://hardstyle.fandom.com/wiki/Rawstyle",
 "status": 1,
 "clickNum": 93,
 "deleted": 0,
 "lang": 0,
 "chooseLang": true,
 "id": 190,
 "name": "Rawstyle",
 "descriptions": "Rawstyle 是 Hardstyle 的一个相对较新的子流派。它通常结合了早期 Hardstyle 和 Hardcore 的特点，例如Reverse Bass、较暗的旋律和失真的底鼓。\n",
 "originalName": "",
 "startTimeText": "2010s",
 "startAddress": "",
 "searchStyle": "Hardstyle",
 "styleCategory": "Hardstyle",
 "originalStyle": "",
 "affectStyle": "",
 "deriveStyle": "",
 "representArtist": "Ran-D, Sub Zero Project, Rooler, Malice & Radical Redemption",
 "officialUrl": "https://en.wikipedia.org/wiki/Hardstyle#Rawstyle",
 "typeId": 13,
 "typeName": "风格",
 "dataId": 190,
 "url": "http://dropinapp.hearinmusic.com/#/ency?typeId=13&dataId=190"
}