{
 "pageNum": 1,
 "pageSize": 10,
 "params": {},
 "relationChannel": "[{\"id\":1278,\"parentId\":8,\"name\":\"Reductionism\"}]",
 "content": "<div>\n<div class=\"document\">\n<div>\n<div class=\"document\">\n<p class=\"paragraph text-align-type-left pap-line-1.8 pap-line-rule-auto pap-spacing-before-2pt pap-spacing-after-2pt\">Reductionism（简化主义）是20世纪末发展起来的一种即兴音乐形式。其音乐发展中心包括柏林、伦敦、东京和维也纳，该音乐的特点有微音调，扩展技术，非常柔和和安静的音效，安静，还有一些非传统的声音和音色。以伦敦为中心的Reductionism运动被称为是New London Silence。</p>\n<p class=\"paragraph text-align-type-left pap-line-1.8 pap-line-rule-auto pap-spacing-before-2pt pap-spacing-after-2pt\">&nbsp;</p>\n<p class=\"paragraph text-align-type-left pap-line-1.8 pap-line-rule-auto pap-spacing-before-2pt pap-spacing-after-2pt\">Reductionism有关的一些主要艺术家是Radu Malfatti,Toshimaru Nakamura, Axel D&ouml;rner和Rhodri Davies。</p>\n</div>\n</div>\n</div>\n</div>",
 "contentEn": "<div>\n<div class=\"document\">\n<p class=\"paragraph text-align-type-left pap-line-1.8 pap-line-rule-auto pap-spacing-before-2pt pap-spacing-after-2pt\">Reductionism is a form of improvised music that developed towards the end of the 20th century. The centres of the music include Berlin, London, Tokyo and Vienna. The key characteristics of the music include microtonality, extended techniques, very soft and quiet dynamics, silence, and unconventional sounds and timbres.</p>\n<p class=\"paragraph text-align-type-left pap-line-1.8 pap-line-rule-auto pap-spacing-before-2pt pap-spacing-after-2pt\">&nbsp;</p>\n<p class=\"paragraph text-align-type-left pap-line-1.8 pap-line-rule-auto pap-spacing-before-2pt pap-spacing-after-2pt\">Some of the leading names associated with reductionism are Radu Malfatti,Toshimaru Nakamura, Axel D&ouml;rner and Rhodri Davies.</p>\n</div>\n</div>",
 "remarks": "本词条汉字内容由 @多频百科团队 翻译+编辑\n原文译自https://en.wikipedia.org/wiki/Reductionism_(music)",
 "remarksEn": "本词条内容来自 https://en.wikipedia.org/wiki/Reductionism_(music)",
 "status": 1,
 "clickNum": 5,
 "deleted": 0,
 "lang": 0,
 "chooseLang": true,
 "id": 246,
 "name": "Reductionism",
 "descriptions": "Reductionism（简化主义）是20世纪末发展起来的一种即兴音乐形式。",
 "originalName": "",
 "startTimeText": "20世纪末",
 "startAddress": "柏林、伦敦、东京和维也纳",
 "searchStyle": "Ambient",
 "styleCategory": "Ambient",
 "originalStyle": "Ambient, Electroacoustic",
 "affectStyle": "",
 "deriveStyle": "",
 "representArtist": "",
 "officialUrl": "https://en.wikipedia.org/wiki/Reductionism_(music)",
 "typeId": 13,
 "typeName": "风格",
 "dataId": 246,
 "url": "http://dropinapp.hearinmusic.com/#/ency?typeId=13&dataId=246"
}