{
 "pageNum": 1,
 "pageSize": 10,
 "params": {},
 "relationChannel": "[{\"id\":1204,\"parentId\":8,\"name\":\"Reggaestep\"}]",
 "content": "<div class=\"document\">\n<p class=\"paragraph text-align-type-left pap-line-1.8 pap-line-rule-auto pap-spacing-before-0pt pap-spacing-after-0pt\">Reggaestep是雷鬼音乐和Dubstep的融合子流派，在2010年代初在网上（特别是在SoundCloud上）开始流行。</p>\n<p class=\"paragraph text-align-type-left pap-line-1.8 pap-line-rule-auto pap-spacing-before-0pt pap-spacing-after-0pt\">&nbsp;</p>\n<p class=\"paragraph text-align-type-left pap-line-1.8 pap-line-rule-auto pap-spacing-before-0pt pap-spacing-after-0pt\"><strong>特点</strong></p>\n<p class=\"paragraph text-align-type-left pap-line-1.8 pap-line-rule-auto pap-spacing-before-0pt pap-spacing-after-0pt\">Reggaestep通常有类似于Reggae音乐中使用的鼓声采样，这些鼓点的节奏编排与Dubstep中典型的切分鼓点也相对应。其他来自Reggae音乐的影响包括offbeat（离拍）的加重和声，offbeat的节奏有时也会叠在更传统的Dubstep或Ragga旋律之上。曲速与典型Dubstep类似，往往在140 BPM。Reggaestep中的Drop与Dubstep中的Drop非常相似，同时多遵循与reggae相似的旋律模式。</p>\n<p class=\"paragraph text-align-type-left pap-line-1.8 pap-line-rule-auto pap-spacing-before-0pt pap-spacing-after-0pt\">&nbsp;</p>\n<p class=\"paragraph text-align-type-left pap-line-1.8 pap-line-rule-auto pap-spacing-before-0pt pap-spacing-after-0pt\"><strong>人气 </strong></p>\n<p class=\"paragraph text-align-type-left pap-line-1.8 pap-line-rule-auto pap-spacing-before-0pt pap-spacing-after-0pt\">截至2013年，最受欢迎的Reggaestep音乐之一是美国著名电子音乐艺术家Skrillex的 \"Make It Bun Dem\"，其音乐视频在YouTube上获得了超过400M的点击量，在SoundCloud上也获得了超过500万的点击量。尽管如此，这种风格相对来说并不为人所知，但在2010年代初，在SoundCloud上却相当盛行。The Huffington Post在其关于 \"Make It Bun Dem \"的文章中承认Reggaestep音乐是一种音乐流派。</p>\n</div>",
 "contentEn": "<p><strong>Reggaestep</strong>&nbsp;(portmanteau&nbsp;of reggae and dubstep) is a fusion genre of&nbsp;reggae&nbsp;music and&nbsp;dubstep&nbsp;that gained popularity online in the early 2010s, particularly on&nbsp;SoundCloud.<sup id=\"cite_ref-1\" class=\"reference\">[1]</sup>&nbsp;Reggaestep typically has similar drum samples as those used in reggae; however, the timing of these drums corresponds with the typical syncopation of drums in&nbsp;dubstep. Other influence taken from reggae include harmonic accentuation of the offbeats, however off-beat rhythms can sometimes be layered on top of more traditional dubstep or&nbsp;ragga&nbsp;melodies. The tempo tends to be at 140 BPM which is typical to dubstep. The \"drops\" in reggaestep are very similar to those of dubstep, but often follow similar melody patterns to reggae.</p>\n<h2>&nbsp;</h2>\n<h2><span id=\"Popularity\" class=\"mw-headline\">Popularity</span></h2>\n<p>One of the most popular reggaestep tracks as of 2013 is \"Make It Bun Dem\" by well-known American electronic music artist&nbsp;Skrillex, the music video of which gaining over 400M YouTube views, as well as over five million hits on SoundCloud.<sup id=\"cite_ref-2\" class=\"reference\">[2]</sup></p>\n<p>&nbsp;</p>\n<p>Despite this, the genre is relatively unknown, but was quite prevalent on&nbsp;SoundCloud&nbsp;in the early 2010s.<sup id=\"cite_ref-3\" class=\"reference\">[3]</sup>&nbsp;<em>The Huffington Post</em>&nbsp;recognized reggaestep as a musical genre in its article about \"Make It Bun Dem.\"<sup id=\"cite_ref-4\" class=\"reference\">[4]</sup></p>\n<h2>&nbsp;</h2>\n<h2><span id=\"References\" class=\"mw-headline\">References</span></h2>\n<div class=\"reflist\">\n<div class=\"mw-references-wrap\">\n<ol class=\"references\">\n<li id=\"cite_note-1\"><span class=\"mw-cite-backlink\"><strong>^</strong></span>&nbsp;<span class=\"reference-text\"><cite class=\"citation web cs1\">\"Reggae Influenced Dubstep\".&nbsp;<em>Soundcloud</em><span class=\"reference-accessdate\">. Retrieved&nbsp;<span class=\"nowrap\">6 August</span>&nbsp;2014</span>.</cite></span></li>\n<li id=\"cite_note-2\"><span class=\"mw-cite-backlink\"><strong>^</strong></span>&nbsp;<span class=\"reference-text\"><cite class=\"citation web cs1\">\"Make It Bun Dem\".&nbsp;<em>Soundcloud</em>. Skrillex.</cite></span></li>\n<li id=\"cite_note-3\"><span class=\"mw-cite-backlink\"><strong>^</strong></span>&nbsp;<span class=\"reference-text\"><cite class=\"citation web cs1\">\"Tagged \"Reggaestep\" on soundcloud\".&nbsp;<em>Soundcloud</em><span class=\"reference-accessdate\">. Retrieved&nbsp;<span class=\"nowrap\">6 August</span>&nbsp;2014</span>.</cite></span></li>\n<li id=\"cite_note-4\"><span class=\"mw-cite-backlink\"><strong>^</strong></span>&nbsp;<span class=\"reference-text\"><cite id=\"CITEREFMakarechi2012\" class=\"citation news cs1\">Makarechi, Kia (May 1, 2012).&nbsp;\"Huffington Post: Skrillex &amp; Damien Marley, 'Make It Bun Dem': Dubstep Phenom &amp; Jr. Gong Release Reggaestep Track (AUDIO)\".&nbsp;<em>The Huffington Post</em>. The Huffington Post<span class=\"reference-accessdate\">. Retrieved&nbsp;<span class=\"nowrap\">6 August</span>&nbsp;2014</span>.</cite></span></li>\n</ol>\n</div>\n</div>",
 "remarks": "本词条汉字内容由 @多频百科团队 翻译+编辑\n原文译自 https://en.wikipedia.org/wiki/Reggaestep",
 "remarksEn": "本词条内容来自 https://en.wikipedia.org/wiki/Reggaestep",
 "status": 1,
 "clickNum": 12,
 "deleted": 0,
 "lang": 0,
 "chooseLang": true,
 "id": 163,
 "name": "Reggaestep",
 "descriptions": "Reggaestep是雷鬼音乐和Dubstep的融合子流派，在2010年代初在网上（特别是在SoundCloud上）开始流行。",
 "originalName": "",
 "startTimeText": "Late 2000s",
 "startAddress": "United Kingdom",
 "searchStyle": "Dubstep",
 "styleCategory": "Dubstep",
 "originalStyle": "Brostep, reggae, dubstep, reggae fusion, moombahcore, ragga, dancehall",
 "affectStyle": "",
 "deriveStyle": "",
 "representArtist": "",
 "officialUrl": "https://en.wikipedia.org/wiki/Reggaestep",
 "typeId": 13,
 "typeName": "风格",
 "dataId": 163,
 "url": "http://dropinapp.hearinmusic.com/#/ency?typeId=13&dataId=163"
}