{
 "pageNum": 1,
 "pageSize": 10,
 "params": {},
 "relationChannel": "[{\"id\":1450,\"parentId\":8,\"name\":\"Sampledelia\"}]",
 "relationEncy": "[{\"id\":36346,\"typeId\":13,\"dataId\":19,\"name\":\"Plunderphonics\",\"url\":\"http://dropinapp.hearinmusic.com/#/ency?typeId=13&dataId=19\"},{\"id\":36350,\"typeId\":13,\"dataId\":23,\"name\":\"Hip Hop Music\",\"url\":\"http://dropinapp.hearinmusic.com/#/ency?typeId=13&dataId=23\"}]",
 "content": "<div>\n<div class=\"document\">\n<p class=\"paragraph text-align-type-left pap-line-1.8 pap-line-rule-auto pap-spacing-before-2pt pap-spacing-after-2pt\">Sampledelia（也称为sampledelica）是基于采样的音乐，它使用采样器或其他技术来扩展1960年代Psychedelia（迷幻音乐）的录制方法。 Sampledelia具有通过剪切，循环或拉伸等技术对音频样本或发现的声音进行&ldquo;迷惑，扭曲感知&rdquo;的操作。Sampledelia技术已广泛应用于电子音乐和嘻哈风格，如Trip hop，Jungle，Post-rock和Plunderphonics。&nbsp;</p>\n<p class=\"paragraph text-align-type-left pap-line-1.8 pap-line-rule-auto pap-spacing-before-2pt pap-spacing-after-2pt\">&nbsp;</p>\n<p class=\"paragraph text-align-type-left pap-line-1.8 pap-line-rule-auto pap-spacing-before-2pt pap-spacing-after-2pt\"><strong>特点</strong></p>\n<p class=\"paragraph text-align-type-left pap-line-1.8 pap-line-rule-auto pap-spacing-before-2pt pap-spacing-after-2pt\">Sampledelia描述了多种样式，其中包括使用采样器来操纵和播放适当的声音，这些声音通常是从熟悉的外部环境或外国来源中提取的。常见的技术包括斩波，循环或时间拉伸，使用已发现的声音以及对音色的专注。艺术家经常加入来自不同来源和时代的音乐片段，强调节奏，噪声和重复性，而不是传统的旋律和和声发展。 1990年代基于计算机的采样技术在发展，声音在硬盘的&ldquo;虚拟空间&rdquo;内得到处理。样本可以同时用于音乐品质和文化联想。</p>\n<p class=\"paragraph text-align-type-left pap-line-1.8 pap-line-rule-auto pap-spacing-before-2pt pap-spacing-after-2pt\">&nbsp;</p>\n<p class=\"paragraph text-align-type-left pap-line-1.8 pap-line-rule-auto pap-spacing-before-2pt pap-spacing-after-2pt\">评论家Simon Reynolds表示，sampledelic是在1960年代psychedelia的录音方法的基础上发展起来的，后者看到艺术家放弃了naturalistic的录音做法，转而使用基于录音棚的技术和效果来创造无法通过现场表演获得的声音。雷诺兹在Sampladelic艺术家中发现了两种截然不同的倾向：即后现代主义者与现代主义者，前者将采样视为拼贴和波普艺术的一种指涉形式，后者将其视为对音乐人调音和转换技术的更新。理论家Kodwo Eshun将Sampledelia描述为一种神话，其中&ldquo;声音脱离了来源，并代替了世界&rdquo;，从而引发了&ldquo;synthetic defamiliarisation&rdquo;的经历。</p>\n<p class=\"paragraph text-align-type-left pap-line-1.8 pap-line-rule-auto pap-spacing-before-2pt pap-spacing-after-2pt\">&nbsp;</p>\n<p class=\"paragraph text-align-type-left pap-line-1.8 pap-line-rule-auto pap-spacing-before-2pt pap-spacing-after-2pt\"><strong>起源</strong></p>\n<p class=\"paragraph text-align-type-left pap-line-1.8 pap-line-rule-auto pap-spacing-before-2pt pap-spacing-after-2pt\">早期采样的做法可以追溯到1960年代后期的转盘主义和舞蹈音乐的刮擦，包括&nbsp;Jamaican dub music。评论家Simon Reynolds指出，早期的采样技术被Brian Eno，Kate Bush和Peter Gabriel（后两者使用昂贵的Fairlight CMI）等艺术摇滚艺术家所采用，Eno和David Byrne1981年的My Life in the Bush of Ghost是该类型的标志。但是他指出，说唱制作人收购更便宜的采样器（例如E-mu Emulator和Ensoniq Mirage）标志着sampledelic时代的开始。根据学者Joanna Teresa Demers的说法，1980年代初底特律techno的发展使看到音乐家利用廉价的采样器来合成nonreferential采样。</p>\n<p class=\"paragraph text-align-type-left pap-line-1.8 pap-line-rule-auto pap-spacing-before-2pt pap-spacing-after-2pt\">&nbsp;</p>\n<p class=\"paragraph text-align-type-left pap-line-1.8 pap-line-rule-auto pap-spacing-before-2pt pap-spacing-after-2pt\" style=\"text-align: center;\"><img src=\"https://duopin-community.oss-cn-shenzhen.aliyuncs.com/image/2021/8/z2f71po6u0vvd5oc2lcw.jpg\" alt=\"\" width=\"1440\" height=\"1080\" /></p>\n<p class=\"paragraph text-align-type-left pap-line-1.8 pap-line-rule-auto pap-spacing-before-2pt pap-spacing-after-2pt\" style=\"text-align: center;\"><span style=\"font-size: 8pt;\">1980年代嘻哈制作人常用的一款性价比极高的早期采样设备：E-mu Emulator</span></p>\n<p class=\"paragraph text-align-type-left pap-line-1.8 pap-line-rule-auto pap-spacing-before-2pt pap-spacing-after-2pt\" style=\"text-align: center;\"><span style=\"font-size: 8pt;\">By John R. Southern - Flickr: IMG_0308, CC BY-SA 2.0, https://commons.wikimedia.org/w/index.php?curid=17112932</span></p>\n<p class=\"paragraph text-align-type-left pap-line-1.8 pap-line-rule-auto pap-spacing-before-2pt pap-spacing-after-2pt\">&nbsp;</p>\n<p class=\"paragraph text-align-type-left pap-line-1.8 pap-line-rule-auto pap-spacing-before-2pt pap-spacing-after-2pt\">采样已被Mantronix，Eric B＆Rakim和The Art of Noise等艺术家并入嘻哈基于DJ和录音室的方法中， 1980年代后期的嘻哈专辑，例如Public Enemy中的It Takes A Nation of Millions To Hold Us Back（1988），《 De Soul》的3 Feet High＆Rising（1989）和the Beastie Boys的Paul's Boutique （1989）在版权法使这种方法变得更加困难之前，男孩们以抽样的制作风格为代表，在各种来源之前都采用了合适的声音。1985年，John Oswald创造了&ldquo;声韵&rdquo;一词，描述了一种将抽样框为一种&ldquo;自我意识的实践&rdquo;的方法，该方法审问了原创性，同一性和&ldquo;作者的死亡&rdquo;等概念。</p>\n<p class=\"paragraph text-align-type-left pap-line-1.8 pap-line-rule-auto pap-spacing-before-2pt pap-spacing-after-2pt\">&nbsp;</p>\n<p class=\"paragraph text-align-type-left pap-line-1.8 pap-line-rule-auto pap-spacing-before-2pt pap-spacing-after-2pt\"><strong>以后的发展</strong></p>\n<p class=\"paragraph text-align-type-left pap-line-1.8 pap-line-rule-auto pap-spacing-before-2pt pap-spacing-after-2pt\">早期的基于样本的音乐经常涉及对已知音乐的公然插值，从而引发批评和版权问题，但在1990年代，这种风格变得更加微妙，艺术家掩盖了其来源，以部分避免法律上的反响。比起奥斯瓦尔德，这样的艺术家以更现代主义的眼光看待采样。根据理论家Kodwo Eshun的说法，Tricky，Ultramagnetic MC和Wu-Tang Clan和Gravediggaz的RZA等艺术家使用了采样技术。在1990年代，Position Normal和Saint Etienne等行为也将采用抽样方法来探索被遗忘的英国文化要素。诸如Wagon Christ的Throbbing Pouch（1995）和DJ Shadow的Endtroducing .....（1996）等专辑也将是1990年代风格突出的作品。</p>\n<p class=\"paragraph text-align-type-left pap-line-1.8 pap-line-rule-auto pap-spacing-before-2pt pap-spacing-after-2pt\">&nbsp;</p>\n<p class=\"paragraph text-align-type-left pap-line-1.8 pap-line-rule-auto pap-spacing-before-2pt pap-spacing-after-2pt\">澳大利亚乐队The Avalanches 在2000年的专辑《 I I Left You》中扩展了DJ Shadow的采样方法。在21世纪，像chillwave这样的流派将采样的音乐推向了新的领域，融合了yacht rock等复古风格。</p>\n</div>\n</div>",
 "contentEn": "<p><strong>Sampledelia</strong>&nbsp;(also called&nbsp;<strong>sampledelica</strong>)<sup id=\"cite_ref-1\" class=\"reference\">[1]</sup>&nbsp;is&nbsp;sample-based music which uses&nbsp;samplers&nbsp;or other technology to expand upon the recording methods of 1960s&nbsp;psychedelia.<sup id=\"cite_ref-energy_2-0\" class=\"reference\">[2]</sup>&nbsp;Sampledelia features \"disorienting, perception-warping\" manipulations of audio samples or&nbsp;found sounds&nbsp;via techniques such as&nbsp;chopping,&nbsp;looping&nbsp;or&nbsp;stretching.<sup id=\"cite_ref-energy_2-1\" class=\"reference\">[2]</sup><sup id=\"cite_ref-landy_3-0\" class=\"reference\">[3]</sup>&nbsp;Sampladelic techniques have been applied prominently in styles of&nbsp;electronic music&nbsp;and&nbsp;hip hop,<sup id=\"cite_ref-steal_4-0\" class=\"reference\">[4]</sup>&nbsp;such as&nbsp;trip hop,&nbsp;jungle,&nbsp;post-rock, and&nbsp;plunderphonics.<sup id=\"cite_ref-wire_5-0\" class=\"reference\">[5]</sup></p>\n<p>&nbsp;</p>\n<h2><span id=\"Characteristics\" class=\"mw-headline\">Characteristics</span></h2>\n<p>Sampledelia describes a variety of styles which involve the use of samplers to manipulate and play back appropriated sounds, often drawn from outside familiar contexts or from foreign sources.<sup id=\"cite_ref-steal_4-1\" class=\"reference\">[4]</sup>&nbsp;Common techniques include&nbsp;chopping,&nbsp;looping, or&nbsp;time-stretching, the use of&nbsp;found sounds, and a focus on&nbsp;timbre.<sup id=\"cite_ref-energy_2-2\" class=\"reference\">[2]</sup>&nbsp;Artists frequently join musical fragments from different sources and eras, emphasizing rhythm, noise, and&nbsp;repetition&nbsp;over conventional melodic and harmonic development.<sup id=\"cite_ref-energy_2-3\" class=\"reference\">[2]</sup>&nbsp;The 1990s also saw computer-based sampling develop, with sounds treated within the \"virtual space\" of the&nbsp;hard disk.<sup id=\"cite_ref-energy_2-4\" class=\"reference\">[2]</sup>&nbsp;Samples may be used for both their musical qualities and cultural associations.<sup id=\"cite_ref-landy_3-1\" class=\"reference\">[3]</sup></p>\n<p>&nbsp;</p>\n<p>According to critic&nbsp;Simon Reynolds, sampledelic music expands upon the recording methods of 1960s&nbsp;psychedelia, which saw artists abandon \"naturalistic\" recording practices in favor of using&nbsp;studio-based techniques and&nbsp;effects&nbsp;to create sounds that could not be achieved through live performance.<sup id=\"cite_ref-energy_2-5\" class=\"reference\">[2]</sup>&nbsp;Reynolds identifies two contrasting tendencies amongst sampladelic artists:&nbsp;postmodernist&nbsp;versus&nbsp;modernist, with the former viewing sampling as a form of&nbsp;collage&nbsp;and&nbsp;pop art&nbsp;referentiality, and the latter approaching it as an update of&nbsp;musique concr&egrave;te's techniques of sonic manipulation and transformation.<sup id=\"cite_ref-energy_2-6\" class=\"reference\">[2]</sup>&nbsp;Theorist&nbsp;Kodwo Eshun&nbsp;has described sampledelia as a kind of mythology in which \"sounds have detached themselves from sources [and] substitute themselves for the world,\" inducing an experience of \"synthetic defamiliarisation.\"<sup id=\"cite_ref-landy_3-2\" class=\"reference\">[3]</sup></p>\n<p>&nbsp;</p>\n<h2><span id=\"Origins\" class=\"mw-headline\">Origins</span></h2>\n<p>Early&nbsp;sampling&nbsp;practices date back to late-1960s&nbsp;turntablism&nbsp;and&nbsp;scratching&nbsp;in dance music,<sup id=\"cite_ref-steal_4-2\" class=\"reference\">[4]</sup>&nbsp;including Jamaican&nbsp;dub&nbsp;music scenes.<sup id=\"cite_ref-cambridge49_6-0\" class=\"reference\">[6]</sup>&nbsp;Critic&nbsp;Simon Reynolds&nbsp;notes that early sampling techniques were used by&nbsp;art rock&nbsp;artists such as&nbsp;Brian Eno,&nbsp;Kate Bush&nbsp;and&nbsp;Peter Gabriel&nbsp;(the latter two via the expensive&nbsp;Fairlight CMI), with Eno and&nbsp;David Byrne's&nbsp;<em>My Life in the Bush of Ghosts</em>&nbsp;(1981) a landmark in the genre.<sup id=\"cite_ref-7\" class=\"reference\">[7]</sup>&nbsp;However, he states that the beginning of the sampledelic era was marked by the acquisition of cheaper&nbsp;samplers&nbsp;such as the&nbsp;E-mu Emulator&nbsp;and&nbsp;Ensoniq Mirage&nbsp;by&nbsp;rap&nbsp;producers.<sup id=\"cite_ref-energy_2-7\" class=\"reference\">[2]</sup>&nbsp;According to scholar Joanna Teresa Demers, the development of&nbsp;techno&nbsp;in early 1980s Detroit saw musicians utilize inexpensive samplers to incorporate nonreferential samples.<sup id=\"cite_ref-steal_4-3\" class=\"reference\">[4]</sup></p>\n<p>&nbsp;</p>\n<p>Sampling was incorporated into&nbsp;hip hop's&nbsp;DJ- and studio-based approaches by artists such as&nbsp;Mantronix,&nbsp;Eric B &amp; Rakim, and&nbsp;The Art of Noise, and by 1987 UK acts such as&nbsp;Coldcut,&nbsp;M/A/R/R/S,&nbsp;S'Express&nbsp;were creating&nbsp;breakbeat-driven sample&nbsp;collages&nbsp;blending the feel of hip hop and&nbsp;house.&nbsp;<sup id=\"cite_ref-energy_2-8\" class=\"reference\">[2]</sup>&nbsp;Late-1980s hip hop albums such as&nbsp;<em>It Takes A Nation of Millions To Hold Us Back</em>&nbsp;(1988) by&nbsp;Public Enemy,&nbsp;<em>3 Feet High &amp; Rising</em>&nbsp;(1989) by&nbsp;De La Soul, and&nbsp;<em>Paul's Boutique</em>&nbsp;(1989) by&nbsp;the Beastie Boys&nbsp;exemplified the sampledelic production style, appropriating sounds from varied sources before&nbsp;copyright law&nbsp;made such an approach more difficult.<sup id=\"cite_ref-8\" class=\"reference\">[8]</sup>&nbsp;In 1985,&nbsp;John Oswald&nbsp;coined the term \"plunderphonics\" to describe an approach which framed sampling as a \"self-conscious practice\" which interrogated notions of&nbsp;originality,&nbsp;identity, and \"the death of the author.\"<sup id=\"cite_ref-wire_5-1\" class=\"reference\">[5]</sup></p>\n<h2>&nbsp;</h2>\n<h2><span id=\"Later_developments\" class=\"mw-headline\">Later developments</span></h2>\n<p>Early sample-based music often involved blatant interpolations of known music, prompting criticism and copyright concerns, but in the 1990s the style grew more subtle, with artists obscuring their sources in part to avoid legal repercussions.<sup id=\"cite_ref-energy_2-9\" class=\"reference\">[2]</sup>&nbsp;Artists such as&nbsp;A Guy Called Gerald,&nbsp;Techno Animal, and&nbsp;the Young Gods&nbsp;approached sampling with a more modernist outlook than Oswald.<sup id=\"cite_ref-wire_5-2\" class=\"reference\">[5]</sup>&nbsp;According to theorist&nbsp;Kodwo Eshun, sampledelic techniques were used by artists such as&nbsp;Tricky&nbsp;and&nbsp;RZA&nbsp;of&nbsp;Wu-Tang Clan&nbsp;and&nbsp;Gravediggaz.<sup id=\"cite_ref-9\" class=\"reference\">[9]</sup>&nbsp;1990s acts such as&nbsp;Position Normal&nbsp;and&nbsp;Saint Etienne&nbsp;would also take a sampledelic approach to explore forgotten elements of English culture.<sup id=\"cite_ref-10\" class=\"reference\">[10]</sup>&nbsp;Albums such as&nbsp;<em>Throbbing Pouch</em>&nbsp;(1995) by&nbsp;Wagon Christ&nbsp;and&nbsp;<em>Endtroducing.....</em>&nbsp;(1996) by&nbsp;DJ Shadow&nbsp;would also be prominent 1990s works in the style.<sup id=\"cite_ref-11\" class=\"reference\">[11]</sup></p>\n<p>&nbsp;</p>\n<p>Australian group&nbsp;The Avalanches<sup id=\"cite_ref-12\" class=\"reference\">[12]</sup>&nbsp;extended DJ Shadow's sampledelic approach on their 2000 album&nbsp;<em>Since I Left You</em>.<sup id=\"cite_ref-13\" class=\"reference\">[13]</sup>&nbsp;In the 21st century, genres such as&nbsp;chillwave&nbsp;pushed sampledelic music into new territory, incorporating&nbsp;retro&nbsp;styles such as&nbsp;yacht rock.<sup id=\"cite_ref-14\" class=\"reference\">[14]</sup></p>\n<p>&nbsp;</p>\n<h2><span id=\"References\" class=\"mw-headline\">References</span></h2>\n<div class=\"reflist\">\n<div class=\"mw-references-wrap mw-references-columns\">\n<ol class=\"references\">\n<li id=\"cite_note-1\"><span class=\"mw-cite-backlink\"><strong>^</strong></span>&nbsp;<span class=\"reference-text\"><cite id=\"CITEREFDent2003\" class=\"citation book cs1\">Dent, Susie (2003).&nbsp;<em>The Language Report</em>.&nbsp;Oxford University Press. p.&nbsp;44.&nbsp;ISBN&nbsp;<bdi>9780198608608</bdi>.</cite></span></li>\n<li id=\"cite_note-energy-2\"><span class=\"mw-cite-backlink\">^&nbsp;<span class=\"cite-accessibility-label\">Jump up to:</span><sup><em><strong>a</strong></em></sup>&nbsp;<sup><em><strong>b</strong></em></sup>&nbsp;<sup><em><strong>c</strong></em></sup>&nbsp;<sup><em><strong>d</strong></em></sup>&nbsp;<sup><em><strong>e</strong></em></sup>&nbsp;<sup><em><strong>f</strong></em></sup>&nbsp;<sup><em><strong>g</strong></em></sup>&nbsp;<sup><em><strong>h</strong></em></sup>&nbsp;<sup><em><strong>i</strong></em></sup>&nbsp;<sup><em><strong>j</strong></em></sup></span>&nbsp;<span class=\"reference-text\"><cite id=\"CITEREFReynolds2012\" class=\"citation book cs1\">Reynolds, Simon (2012).&nbsp;<em>Energy Flash: A Journey Through Rave Music and Dance Culture</em>. Soft Skull Press. pp.&nbsp;364&ndash;379.&nbsp;ISBN&nbsp;<bdi>978-1-59376-407-4</bdi>.</cite></span></li>\n<li id=\"cite_note-landy-3\"><span class=\"mw-cite-backlink\">^&nbsp;<span class=\"cite-accessibility-label\">Jump up to:</span><sup><em><strong>a</strong></em></sup>&nbsp;<sup><em><strong>b</strong></em></sup>&nbsp;<sup><em><strong>c</strong></em></sup></span>&nbsp;<span class=\"reference-text\"><cite id=\"CITEREFLandy2007\" class=\"citation book cs1\">Landy, Leigh (2007).&nbsp;<em>Understanding the Art of Sound Organization</em>. MIT Press. pp.&nbsp;115&ndash;117.</cite></span></li>\n<li id=\"cite_note-steal-4\"><span class=\"mw-cite-backlink\">^&nbsp;<span class=\"cite-accessibility-label\">Jump up to:</span><sup><em><strong>a</strong></em></sup>&nbsp;<sup><em><strong>b</strong></em></sup>&nbsp;<sup><em><strong>c</strong></em></sup>&nbsp;<sup><em><strong>d</strong></em></sup></span>&nbsp;<span class=\"reference-text\"><cite id=\"CITEREFDemers2006\" class=\"citation book cs1\">Demers, Joanna Teresa (2006).&nbsp;<em>Steal this Music: How Intellectual Property Law Affects Musical Creativity</em>. University of Georgia Press. pp.&nbsp;98&ndash;99.</cite></span></li>\n<li id=\"cite_note-wire-5\"><span class=\"mw-cite-backlink\">^&nbsp;<span class=\"cite-accessibility-label\">Jump up to:</span><sup><em><strong>a</strong></em></sup>&nbsp;<sup><em><strong>b</strong></em></sup>&nbsp;<sup><em><strong>c</strong></em></sup></span>&nbsp;<span class=\"reference-text\"><cite id=\"CITEREFReynolds1995\" class=\"citation news cs1\">Reynolds, Simon (1995). \"JOHN OSWALD / GRAYFOLDED\".&nbsp;<em>The Wire</em>.</cite></span></li>\n<li id=\"cite_note-cambridge49-6\"><span class=\"mw-cite-backlink\"><strong>^</strong></span>&nbsp;<span class=\"reference-text\">Nicholas Collins, Julio d' Escrivan Rinc&oacute;n (2007),&nbsp;<em>The Cambridge Companion to Electronic Music</em>, page 49,&nbsp;Cambridge University Press</span></li>\n<li id=\"cite_note-7\"><span class=\"mw-cite-backlink\"><strong>^</strong></span>&nbsp;<span class=\"reference-text\">A Talking Head of His Time-Music-The Stranger</span></li>\n<li id=\"cite_note-8\"><span class=\"mw-cite-backlink\"><strong>^</strong></span>&nbsp;<span class=\"reference-text\"><cite id=\"CITEREFShipley\" class=\"citation web cs1\">Shipley, Al.&nbsp;\"10 Ways To Sound Smart Talking About Rap Beats\".&nbsp;<em>Complex Magazine</em><span class=\"reference-accessdate\">. Retrieved&nbsp;<span class=\"nowrap\">16 June</span>&nbsp;2018</span>.</cite></span></li>\n<li id=\"cite_note-9\"><span class=\"mw-cite-backlink\"><strong>^</strong></span>&nbsp;<span class=\"reference-text\"><cite id=\"CITEREFEshun1997\" class=\"citation book cs1\">Eshun, Kodwo (1997).&nbsp;<span class=\"cs1-lock-registration\" title=\"Free registration required\"><em>More Brilliant Than the Sun: Adventures in Sonic Fiction</em></span>. Quartet Books Ltd.</cite></span></li>\n<li id=\"cite_note-10\"><span class=\"mw-cite-backlink\"><strong>^</strong></span>&nbsp;<span class=\"reference-text\"><cite id=\"CITEREFReynolds1999\" class=\"citation web cs1\">Reynolds, Simon (1999).&nbsp;\"POSITION NORMAL - Stop Your Nonsense / SAINT ETIENNE - Places to Visit\".&nbsp;<em>The Village Voice</em><span class=\"reference-accessdate\">. Retrieved&nbsp;<span class=\"nowrap\">5 June</span>&nbsp;2019</span>.</cite></span></li>\n<li id=\"cite_note-11\"><span class=\"mw-cite-backlink\"><strong>^</strong></span>&nbsp;<span class=\"reference-text\"><cite id=\"CITEREFStaff\" class=\"citation web cs1\">Staff.&nbsp;\"PRIMER: Belong On &hellip; Essential Electronic Records From the '90s (That Weren't Released On Warp)\".&nbsp;<em>Self-Titled Mag</em><span class=\"reference-accessdate\">. Retrieved&nbsp;<span class=\"nowrap\">16 June</span>&nbsp;2018</span>.</cite></span></li>\n<li id=\"cite_note-12\"><span class=\"mw-cite-backlink\"><strong>^</strong></span>&nbsp;<span class=\"reference-text\">The Avalanches Announce First-Ever North American Tour-Paste Magazine</span></li>\n<li id=\"cite_note-13\"><span class=\"mw-cite-backlink\"><strong>^</strong></span>&nbsp;<span class=\"reference-text\"><cite id=\"CITEREFMurray\" class=\"citation web cs1\">Murray, Robin.&nbsp;\"The Avalanches Close To Completing New Album\".&nbsp;<em>Clash</em><span class=\"reference-accessdate\">. Retrieved&nbsp;<span class=\"nowrap\">4 June</span>&nbsp;2019</span>.</cite></span></li>\n<li id=\"cite_note-14\"><span class=\"mw-cite-backlink\"><strong>^</strong></span>&nbsp;<span class=\"reference-text\"><cite id=\"CITEREFGabrielle\" class=\"citation web cs1\">Gabrielle, Timothy.&nbsp;\"Chilled to Spill: How The Oil Spill Ruined Chillwave's Summer Vacation\".&nbsp;<em>PopMatters</em><span class=\"reference-accessdate\">. Retrieved&nbsp;<span class=\"nowrap\">10 January</span>2020</span>.</cite></span></li>\n</ol>\n</div>\n</div>",
 "remarks": "本词条汉字内容由 @多频百科团队 翻译+编辑\n原文译自 https://en.wikipedia.org/wiki/Sampledelia",
 "remarksEn": "本词条内容来自 https://en.wikipedia.org/wiki/Sampledelia",
 "status": 1,
 "clickNum": 37,
 "deleted": 0,
 "lang": 0,
 "chooseLang": true,
 "id": 249,
 "name": "Sampledelia",
 "descriptions": "Sampledelia（也称为sampledelica）是基采样的音乐，它使用采样器或其他技术来扩展1960年代Psychedelia（迷幻音乐）的录制方法。 Sampledelia具有通过剪切，循环或拉伸等技术对音频样本或发现的声音进行“迷惑，扭曲感知”的操作。Sampledelia技术已广泛应用于电子音乐和嘻哈风格，如Trip hop，Jungle，Post-rock和Plunderphonics。 ",
 "originalName": "",
 "startTimeText": "Late 1960s–1980s",
 "startAddress": "",
 "searchStyle": "Plunderphonics",
 "styleCategory": "Plunderphonics",
 "originalStyle": "Hip hop, electronic, psychedelia, sound collage, turntablism, dub, musique concrète, art rock",
 "affectStyle": "Chopped and screwed, wonky",
 "deriveStyle": "",
 "representArtist": "",
 "officialUrl": "https://en.wikipedia.org/wiki/Sampledelia",
 "typeId": 13,
 "typeName": "风格",
 "dataId": 249,
 "url": "http://dropinapp.hearinmusic.com/#/ency?typeId=13&dataId=249"
}