{
 "pageNum": 1,
 "pageSize": 10,
 "params": {},
 "relationChannel": "[{\"id\":1141,\"parentId\":8,\"name\":\"Scouse House\"}]",
 "content": "<p>Scouse house（原名为bouncy hard house或bouncy house），也被称为UK bounce，donk，或最近的hard bounce，是1999年前后出现的一种UK Hard House风格。与其他Hard House风格不同的是，它的特点是节奏感强、精力充沛，并且高度关注使用特色的&ldquo;Pipe&rdquo; 采样作为Offbeat Bassline，这通常代表&ldquo; donk&rdquo;的声音。</p>\n<p>&nbsp;</p>\n<p>近年来，hard bounce的术语被用于形容远不如原来的Scouse house那么含有uplifting trance的取向的风格，这类风格也利用了同样的采样，但采取了稍微更商业化的方式。</p>",
 "contentEn": "<p><strong>Scouse house</strong>(originally known as&nbsp;<strong>bouncy hard house</strong>&nbsp;or&nbsp;<strong>bouncy house</strong><sup id=\"cite_ref-junosc_14-1\" class=\"reference\"></sup><sup id=\"cite_ref-bbcdonk_15-0\" class=\"reference\"></sup>), also known as&nbsp;<strong>UK bounce</strong>,<sup id=\"cite_ref-hb_titles_13-1\" class=\"reference\"></sup>&nbsp;<strong>donk</strong>,<sup id=\"cite_ref-hb_titles_13-2\" class=\"reference\"></sup><sup id=\"cite_ref-bbcdonk_15-1\" class=\"reference\"></sup>&nbsp;or more recently as&nbsp;<strong>hard bounce</strong>, is a style of UK hard house which first emerged around 1999. Unlike other hard house genres, it features an upbeat, energetic sound and heavily focuses on the 'pipe' sample as an offbeat bassline, which usually represents a 'donk' sound. In recent years, hard bounce has come to refer as style far less&nbsp;uplifting trance&nbsp;orientated than the original Scouse house genre, which also utilizes the same sample but takes a slightly more commercial approach.</p>",
 "remarks": "本词条汉字内容由 @多频百科团队 翻译+编辑\n原文译自 https://en.wikipedia.org/wiki/UK_hard_house#Scouse_house",
 "remarksEn": "本词条内容来自 https://en.wikipedia.org/wiki/UK_hard_house#Scouse_house",
 "status": 1,
 "clickNum": 12,
 "deleted": 0,
 "lang": 0,
 "chooseLang": true,
 "id": 92,
 "name": "Scouse House",
 "descriptions": "Scouse house（原名为bouncy hard house或bouncy house），也被称为UK bounce，donk，或最近的hard bounce，是1999年前后出现的一种UK Hard House风格。与其他Hard House风格不同的是，它的特点是节奏感强、精力充沛，并且高度关注使用特色的“Pipe”（风管）采样作为Offbeat Bassline，这通常代表“ donk”的声音。",
 "originalName": "",
 "startTimeText": "Late 1990s to early 2000",
 "startAddress": "英国",
 "searchStyle": "House",
 "styleCategory": "UK Hard House",
 "originalStyle": "House, hardbag, Hi-NRG, acid house, trance, bouncy techno, hardcore, breakbeat hardcore",
 "affectStyle": "",
 "deriveStyle": "",
 "representArtist": "",
 "officialUrl": "https://en.wikipedia.org/wiki/UK_hard_house#Scouse_house",
 "typeId": 13,
 "typeName": "风格",
 "dataId": 92,
 "url": "http://dropinapp.hearinmusic.com/#/ency?typeId=13&dataId=92"
}