{
 "pageNum": 1,
 "pageSize": 10,
 "params": {},
 "relationChannel": "[{\"id\":1347,\"parentId\":8,\"name\":\"Space Rock\"}]",
 "content": "<div>\n<div class=\"document\">\n<p>Space Rock是一种以松散和冗长的歌曲结构为特点的音乐流派，以器乐纹理为中心，通常产生一种催眠的、超凡脱俗的声音。它可能有扭曲的混响吉他，很少的鼓声，悠扬的人声，合成器和外太空和科幻小说的抒情主题。</p>\n<p>&nbsp;</p>\n<p>这种风格出现在20世纪60年代后期的迷幻和进步摇滚乐队中，如Pink Floyd、Hawkwind和Gong等，他们探索的是一种 \"宇宙 \"的声音。后来，这种风格在80年代中期被Spacemen 3乐队所继承，他们的 \"无人机重音 \"的声音被公开表示是受到了毒品的启发，并且是为了适应毒品。到了20世纪90年代，Space Rock发展为shoegazing和post-rock ，出现了Failure、Hum、Flying Saucer Attack和Orange Goblin等乐队。</p>\n<p>&nbsp;</p>\n<p class=\"paragraph text-align-type-left pap-line-1.8 pap-line-rule-auto pap-spacing-before-0pt pap-spacing-after-0pt\">历史</p>\n<p class=\"paragraph text-align-type-left pap-line-1.8 pap-line-rule-auto pap-spacing-before-0pt pap-spacing-after-0pt\">起源与兴起</p>\n<p class=\"paragraph text-align-type-left pap-line-1.8 pap-line-rule-auto pap-spacing-before-0pt pap-spacing-after-0pt\">Progressive rock and Psychedelic rock 人类进入外太空为50年代中期到60年代早期的摇滚乐和R&amp;B歌曲提供了充足的题材。它也激发了新的声音和音效被用于音乐本身。早期space rock的一个突出例子是1959年英国制作人和作曲家乔-米克（Joe Meek）的概念专辑I Hear a New World。这张专辑的灵感来自于太空竞赛，关注人类与外星生命形式的第一次亲密接触。随后，Meek又在1961年以 \"Telstar \"获得了英美第一的成绩，该专辑以新发射的通讯卫星命名，从而意在纪念新的太空时代。其主要乐器是Clavioline，是电子合成器的前身。Pink Floyd的早期专辑中包含了space rock的先锋范例：\"Lucifer Sam\"、\"Astronomy Domine\"、\"Pow R. Toc H. \"和1967年首张专辑《The Piper at the Gates of Dawn》中的 \"Interstellar Overdrive \"就是例子。他们的第二张专辑《A Saucerful of Secrets》则包含了更多的例子。\"Let There Be More Light \"和 \"Set the Controls for the Heart of the Sun \"有明确的科幻主题，而他们的第三张专辑More (1969)有 \"Cirrus Minor\"。1971年初，Pink Floyd 开始创作1971年专辑《Meddle》中那首被称为 \"Echoes \"的歌曲。这首歌从1971年4月一直演出到9月，歌词是另一套，写的是两个星球在太空中相遇。在《Meddle》专辑发行前，由于乐队担心被贴上space rock乐队的标签，歌词被改成了水上主题。披头士乐队的歌曲《飞行》（1967年），原名Aerial Tour Instrumental，是一首 psychedelic instrumental，讲述的是飞行的感觉，无论是在飞行器中还是在自己的头顶空间。Jimi Hendrix 也是这一风格的早期创新者，Third Stone from the Sun、《1983... (A Merman I Should Turn to Be)》和《The Stars That Play with Laughing Sam's Dice》。大卫-鲍伊的 \"Space Oddity\"（1969年）除了 \"Telstar \"之外，可能是space rock歌曲获得主流认可的最好例子。space rock史上的一张重要专辑是Hawkwind的documenting Hawkwind（1973），这张两碟的现场专辑被宣传为 \"88分钟的脑残\"，记录了Hawkwind在1972年的巡回演出，其中包括液体灯光秀和激光、裸体舞者（尤其是地母形象Stacia）、狂野的服装和迷幻的想象。这种硬朗的演唱会体验吸引了一批杂乱而又专注的迷幻药物使用者、科幻小说迷和摩托车骑士。科幻小说作家Michael Moorcock 曾多次与Hawkwind合作，并为Space Ritual中的许多口语部分写了歌词。在欧洲，匈牙利乐队Omega是最大的space rock乐队，他们的专辑《Time Robber》（1976）、《Skyrover》（1978）和《Gammapolis》（1979）。其他欧洲乐队还包括 progressive rock 乐队Eloy和Nektar。Nektar以在演唱会上有节奏的液体/幻灯片灯光秀而闻名，他们在1971年发行了专辑《Journey to the Centre of the Eye》。</p>\n<p class=\"paragraph text-align-type-left pap-line-1.8 pap-line-rule-auto pap-spacing-before-0pt pap-spacing-after-0pt\">&nbsp;</p>\n<div>\n<div class=\"document\">\n<p class=\"paragraph text-align-type-left pap-line-1.8 pap-line-rule-auto pap-spacing-before-0pt pap-spacing-after-0pt\">除了Hawkwind之外，Marc Bolan和他的乐队T.Rex可能是space rock最成功的例子，主要出现在 \"Ballrooms of Mars\"、\"Venus Loon \"和 \"Spaceball Ricochet \"等专辑曲目中，不过他将自己的音乐定性为 \"cosmic rock\"（在他的第一首英国第一主打歌--《Hot Love》的最后）。和Hawkwind的Dave Brock一样，Bolan也使用五音阶吉他进步来设计riff。80年代，英国乐队Mournblade被音乐媒体称为 \"受Hawkwind影响\"，他们将space rock与更硬、更NWOBHM的边缘融合在一起，并与80年代末新兴的 \"Grebo复兴 \"场景联系在一起。</p>\n<p class=\"paragraph text-align-type-left pap-line-1.8 pap-line-rule-auto pap-spacing-before-0pt pap-spacing-after-0pt\">&nbsp;</p>\n<p class=\"paragraph text-align-type-left pap-line-1.8 pap-line-rule-auto pap-spacing-before-0pt pap-spacing-after-0pt\">1990年代的复兴</p>\n<p class=\"paragraph text-align-type-left pap-line-1.8 pap-line-rule-auto pap-spacing-before-0pt pap-spacing-after-0pt\">随着Kyuss、Monster Magnet、the Desert Sessions、Slowdive、the Verve、My Bloody Valentine、Flying Saucer Attack、Loop、Ride、Shiner、the Flaming Lips、Failure、Year of the Rabbit、Cave In、Sun Dial、Hum、Orange Goblin、Porcupine Tree、Spacemen 3、Spiritualized和Mercury Rev等乐队的爆发，Shoegazing、stoner Rock/metal和noise pop音乐成为主流。这些乐队的声音实验和对质感的重视，使他们被称为 \"space rock\"。90年代中期，美国出现了一些以Hawkwind和Gong的space rock风格为基础的乐队。其中一些乐队被Cleopatra唱片公司签约，Cleopatra唱片公司随后发行了许多space rock合辑。从1997年开始，Gong的Daevid Allen与Hawkwind和其他space rock乐队的成员一起，开始与Spirits Burning一起演出，这是一个为庆祝space rock而设立的录音室项目。从1997年到2001年的Strange Daze音乐节在三天的户外音乐节中展示了美国的space rock场景。以密歇根州为基地的space rock场景包括Burnt Hair Records、Darla Records，以及Windy &amp; Carl、Mahogany、Sweet Trip、F&uuml;xa和Auburn Lull等乐队。这是传统 \"space rock \"声音的现代运动，被寄予Detroit Space Rock。法国乐队Air推出专辑《Moon Safari》和《Le voyage dans la lune》。21世纪 2005年，汤姆-迪隆格组建了摇滚超级组合Angels &amp; Airwaves，他们的音乐和歌词都受到space rock的影响，此外还有太空主题的图像和艺术品。2009年，美国宇航局一名航天飞机项目的休班工作人员将发现号发射的画面与地狱之花乐队的 \"Sympathy For Vengeance \"在网上视频中同步，并在肯尼迪航天中心的工作人员中流行。Starset乐队在2014年的首张专辑《Transmissions》中发布了与太空相关的主题，其中包括地面控制和宇航员之间的无线电通信、多普勒效应，甚至是埃德温-P-哈勃博士对太空的探索等样本。King Gizzard &amp; the Lizard Wizard玩的是psychedelic、重摇滚风格的融合，每张专辑的风格不尽相同，有时也可称为space rock。</p>\n</div>\n</div>\n</div>\n</div>",
 "remarks": "本词条内容暂未完善仅供参考，多频百科小编正在火速赶来",
 "remarksEn": "本词条内容暂未完善仅供参考，多频百科小编正在火速赶来",
 "status": 0,
 "clickNum": 1,
 "deleted": 0,
 "lang": 0,
 "chooseLang": false,
 "id": 325,
 "name": "Space Rock",
 "descriptions": "Space Rock是一种以松散和冗长的歌曲结构为特点的音乐流派，以器乐纹理为中心，通常产生一种催眠的、超凡脱俗的声音。",
 "originalName": "",
 "startTimeText": "Late 1960s and early 1970s,",
 "startAddress": "United Kingdom",
 "searchStyle": "Electronic Rock",
 "styleCategory": "Electronic Rock",
 "originalStyle": "Progressive rock, psychedelic rock, space music",
 "affectStyle": "Post-rock, shoegazing",
 "deriveStyle": "",
 "representArtist": "",
 "officialUrl": "https://en.wikipedia.org/wiki/Space_rock",
 "typeId": 13,
 "typeName": "风格",
 "dataId": 325,
 "url": "http://dropinapp.hearinmusic.com/#/ency?typeId=13&dataId=325"
}