{
 "pageNum": 1,
 "pageSize": 10,
 "params": {},
 "relationChannel": "[{\"id\":1263,\"parentId\":8,\"name\":\"Spacesynth\"}]",
 "content": "<div>\n<div class=\"document\">\n<p class=\"paragraph text-align-type-left pap-line-1.8 pap-line-rule-auto pap-spacing-before-2pt pap-spacing-after-2pt\">Spacesynth（太空合成音乐）风格的源头可以追溯到&ldquo;space disco&rdquo;的开始&mdash;&mdash;20世纪70年代末舞曲的曲名、歌词和封面艺术作品中的科幻主题(外太空、机器人和未来)。这与当时整个社会的文化艺术环境都有或多或少的联系。1977年夏天上映的《星球大战》取得巨大成功，随后流行文化中对科幻主题的兴趣激增，世界范围内大量以科幻为主题、充满&ldquo;未来主义&rdquo;(电子合成器和琶音)的Disco音乐开始盛行。</p>\n<p class=\"paragraph text-align-type-left pap-line-1.8 pap-line-rule-auto pap-spacing-before-2pt pap-spacing-after-2pt\">&nbsp;</p>\n<p class=\"paragraph text-align-type-left pap-line-1.8 pap-line-rule-auto pap-spacing-before-2pt pap-spacing-after-2pt\"><strong>Spacesynth/Space Disco</strong></p>\n<p class=\"paragraph text-align-type-left pap-line-1.8 pap-line-rule-auto pap-spacing-before-2pt pap-spacing-after-2pt\">交集在Space Disco这个汇聚点的音乐包括Italo Disco、Electro和Synthpop，都具有&ldquo;声码化的和声人声&rdquo;（如 Mr.Flagio 的&ldquo;Take a Chance&rdquo;）和&ldquo;未来感合成旋律&rdquo;（ Kano的&ldquo;Cosmic Voyager&rdquo;）的特点，这些音乐后来被称为Spacesynth或Space Disco。 在后来的几年里，它也受到巴西音乐、Funk和Jazz Fusion的影响（详可另见：Afro/cosmic Music）。</p>\n<p class=\"paragraph text-align-type-left pap-line-1.8 pap-line-rule-auto pap-spacing-before-2pt pap-spacing-after-2pt\">&nbsp;</p>\n<p class=\"paragraph text-align-type-left pap-line-1.8 pap-line-rule-auto pap-spacing-before-2pt pap-spacing-after-2pt\">在现代历史中，Space Disco的早期代表通常包括法国乐队 Space，和 Lindstr&oslash;m 的作品&ldquo;I Feel Space&rdquo;。</p>\n<p class=\"paragraph text-align-type-left pap-line-1.8 pap-line-rule-auto pap-spacing-before-2pt pap-spacing-after-2pt\">&nbsp;</p>\n<p class=\"paragraph text-align-type-left pap-line-1.8 pap-line-rule-auto pap-spacing-before-2pt pap-spacing-after-2pt\">制作此类音乐的唱片公司包括</p>\n<ul>\n<li>\n<p class=\"paragraph text-align-type-left pap-line-1.8 pap-line-rule-auto pap-spacing-before-2pt pap-spacing-after-2pt pap-hanging-indent-2em\">What We Want Records（美国纽约）</p>\n</li>\n<li>\n<p class=\"paragraph text-align-type-left pap-line-1.8 pap-line-rule-auto pap-spacing-before-2pt pap-spacing-after-2pt pap-hanging-indent-2em\">Lindstr&oslash;m's Feedelity（欧洲）</p>\n</li>\n<li>\n<p class=\"paragraph text-align-type-left pap-line-1.8 pap-line-rule-auto pap-spacing-before-2pt pap-spacing-after-2pt pap-hanging-indent-2em\">Eskimo、Bear Entertainment/Bear Funk、Prins Thomas' Full Pupp（比利时）</p>\n</li>\n<li>\n<p class=\"paragraph text-align-type-left pap-line-1.8 pap-line-rule-auto pap-spacing-before-2pt pap-spacing-after-2pt pap-hanging-indent-2em\">Tirk 和 DC Recordings（英国）</p>\n</li>\n</ul>\n<p class=\"paragraph text-align-type-left pap-line-1.8 pap-line-rule-auto pap-spacing-before-2pt pap-spacing-after-2pt\">&nbsp;</p>\n<p class=\"paragraph text-align-type-left pap-line-1.8 pap-line-rule-auto pap-spacing-before-2pt pap-spacing-after-2pt\"><strong>Post-disco和House音乐</strong></p>\n<p class=\"paragraph text-align-type-left pap-line-1.8 pap-line-rule-auto pap-spacing-before-2pt pap-spacing-after-2pt\">自 1970 年代以来，总部位于纽约的Post-disco唱片公司 Emergency Records 专门从事重新发行/销售来自意大利的唱片（例如Kano的&ldquo;I'm Ready&rdquo;）。 Kano 是 Glen White 所在的组合，以在使用基本合成器的同时将美国音乐元素（受Funk较大影响、&ldquo;breakbeat&rdquo;节奏、声码器的使用）与电子音乐结合而闻名，这形成了 Italo Disco最早的形式之一。 这种美国化的 Italo Disco 形式，代表人物还包括 Klein + M.B.O.（代表作&ldquo;Dirty Talk&rdquo;、&ldquo;Wonderful&rdquo;、&ldquo;The M. B. O. Theme&rdquo;），它们重新进入美国市场并以对House音乐的发展产生影响而闻名。 Doctor's Cat的作品&ldquo;Feel the Drive&rdquo;同样是最早的House歌曲之一。</p>\n<p class=\"paragraph text-align-type-left pap-line-1.8 pap-line-rule-auto pap-spacing-before-2pt pap-spacing-after-2pt\">&nbsp;</p>\n<p class=\"paragraph text-align-type-left pap-line-1.8 pap-line-rule-auto pap-spacing-before-2pt pap-spacing-after-2pt\">Emergency Records（美国纽约，1980 年代）是这一时期的代表唱片公司。</p>\n</div>\n</div>\n<p>&nbsp;</p>\n<p>&nbsp;</p>\n<div>\n<div class=\"document\">\n<p class=\"paragraph text-align-type-left pap-line-1.8 pap-line-rule-auto pap-spacing-before-2pt pap-spacing-after-2pt\">&nbsp;</p>\n</div>\n</div>",
 "contentEn": "<div>\n<div class=\"document\">\n<p class=\"paragraph text-align-type-left pap-line-1.8 pap-line-rule-auto pap-spacing-before-2pt pap-spacing-after-2pt\">At least one modern history of &ldquo;space disco\" traces the genre's origins to science fiction themes (outer space, robots, and the future) in the titles, lyrics and cover artwork of dance music in the late 1970s.Plausible associations are drawn between the popularity of Star Wars (released mid-1977), the subsequent surge in interest in science fiction themes in popular culture, and the release of a number of science fiction themed and \"futuristic\"-sounding (synthesizer and arpeggiator-infused) disco music worldwide.</p>\n<p class=\"paragraph text-align-type-left pap-line-1.8 pap-line-rule-auto pap-spacing-before-2pt pap-spacing-after-2pt\">&nbsp;</p>\n</div>\n</div>\n<p>Space disco&nbsp;<br />Music at the crossroads of Italo disco,[8] electro[8] and synth-pop,[8] characterized by \"vocoderized harmony vocals\" (Mr. Flagio's \"Take a Chance\")[8] and \"futuristic synth melodies\" (Kano's \"Cosmic Voyager\"),[8] was later dubbed space synth or space disco. In later years it was also influenced by Brazilian music, funk, and jazz fusion (See also: Afro/cosmic music).[8]</p>\n<p>In modern histories, early examples of space disco usually include the music of the French band Space,[7] and \"I Feel Space\"[8] by Lindstr&oslash;m.</p>\n<p>&nbsp;</p>\n<p>Labels producing this type of music include[8]</p>\n<p>Whatever We Want Records (Quiet Village Project, Map Of Africa, Bobby Marie) (Brooklyn, NY, USA)<br />Lindstr&oslash;m's Feedelity (Europe)<br />Eskimo (Rub'N'Tug Present Campfire mix), Bear Entertainment/Bear Funk, Prins Thomas' Full Pupp (Belgium)<br />Tirk (UK) and D. C. Recordings (UK).</p>\n<p><br />Post-disco and house music <br />New York City-based post-disco record label Emergency Records specialized in reissuing/selling records from Italy (e.g. Kano \"I'm Ready\"),[9] since the 1970s. Kano, a moniker of Anglo-Caribbean DJ Glen White, is noted for incorporating American musical elements (\"heavy funk\" influences, \"breakbeat\" rhythm, the use of vocoder) with electronic music while using rudimentary synthesizers,[6] constituting one of the earliest forms of Italo disco. This form of Americanized Italo disco, that also includes Klein + M.B.O.[6] (\"Dirty Talk\", \"Wonderful\", \"The M. B. O. Theme\"), re-entered the States and was known to be influential on the development of house music.[6] Doctor's Cat (\"Feel the Drive\"), likewise, was one of the earliest \"house music\" songs.[10]</p>\n<p>&nbsp;</p>\n<p>Record labels include</p>\n<p>Emergency Records (NYC, US; 1980s)[9]</p>",
 "remarks": "本词条汉字内容由 @多频百科团队 翻译+编辑\n原文译自https://en.wikipedia.org/wiki/Italo_disco",
 "remarksEn": "本词条内容来自 https://en.wikipedia.org/wiki/Italo_disco",
 "status": 1,
 "clickNum": 15,
 "deleted": 0,
 "lang": 0,
 "chooseLang": true,
 "id": 227,
 "name": "Spacesynth",
 "descriptions": "Spacesynth（太空合成音乐）风格的源头可以追溯到“space disco”的开始——20世纪70年代末舞曲的曲名、歌词和封面艺术作品中的科幻主题(外太空、机器人和未来)。这与当时整个社会的文化艺术环境都有或多或少的联系。1977年夏天上映的《星球大战》取得巨大成功，随后流行文化中对科幻主题的兴趣激增，世界范围内大量以科幻为主题、充满“未来主义”(电子合成器和琶音)的Disco音乐开始盛行。",
 "originalName": "Space Disco",
 "startTimeText": "20世纪70年代末",
 "startAddress": "",
 "searchStyle": "Disco",
 "styleCategory": "Euro Disco",
 "originalStyle": "Disco",
 "affectStyle": "",
 "deriveStyle": "",
 "representArtist": "",
 "represetnBrand": "What We Want Records, Lindstrøm's Feedelity",
 "officialUrl": "https://en.wikipedia.org/wiki/Italo_disco",
 "typeId": 13,
 "typeName": "风格",
 "dataId": 227,
 "url": "http://dropinapp.hearinmusic.com/#/ency?typeId=13&dataId=227"
}