{
 "pageNum": 1,
 "pageSize": 10,
 "params": {},
 "relationChannel": "[{\"id\":1277,\"parentId\":8,\"name\":\"Space Music\"}]",
 "content": "<div class=\"document\">\n<p class=\"paragraph text-align-type-left pap-line-1.8 pap-line-rule-auto pap-spacing-before-2pt pap-spacing-after-2pt\">Space Music是New-age音乐的子风格，被称为是&ldquo;静谧，迷幻和动人&rdquo;的音乐。它从Ambient音乐中演化而来，并与Lounge Music，Easy Listening（入耳音乐）以及Elevator Music等类型有紧密关联。</p>\n<p class=\"paragraph text-align-type-left pap-line-1.8 pap-line-rule-auto pap-spacing-before-2pt pap-spacing-after-2pt\">&nbsp;</p>\n<p class=\"paragraph text-align-type-left pap-line-1.8 pap-line-rule-auto pap-spacing-before-2pt pap-spacing-after-2pt\"><strong>定义</strong></p>\n<div>\n<div class=\"document\">\n<p class=\"paragraph text-align-type-left pap-line-1.8 pap-line-rule-auto pap-spacing-before-2pt pap-spacing-after-2pt\">Allmusic将Space Music定义为New-age音乐的一个亚流派。同样，主流零售商Barnes &amp; Noble、独立在线音乐零售商CDBaby以及RealNetwork的音乐下载服务Rhapsody都将Space Music列为新New-age音乐的一个亚流派。</p>\n<p class=\"paragraph text-align-type-left pap-line-1.8 pap-line-rule-auto pap-spacing-before-2pt pap-spacing-after-2pt\">&nbsp;</p>\n<div>\n<div class=\"document\">\n<p class=\"paragraph text-align-type-left pap-line-1.8 pap-line-rule-auto pap-spacing-before-2pt pap-spacing-after-2pt\">Stephen Hill 是广播节目 Music from the Hearts of Space（在美国全国公共广播电台上同步播出）的联合创始人，他使用短语&ldquo;contemplative music, broadly defined&rdquo;（易于理解、定义广泛）作为概述来描述他的电台播放的音乐，同时使用了术语&ldquo;Space Music（太空音乐）&rdquo;。 他称这个流派&ldquo;跨越了历史、民族和当代风格&rdquo;，并且它结合了来自多种文化和流派的元素，融合了各种原声和电子Ambient音乐，&ldquo;编织成一个由声音、情感和空间意象构成的无缝序列&rdquo;。在他的文章&ldquo;New Age Music Made Simple&rdquo;中，以及在介绍&ldquo;Hearts of Space&rdquo;广播节目第 200 期时，他将Space Music称为New Age音乐的一个子类别。</p>\n</div>\n</div>\n<p class=\"paragraph text-align-type-left pap-line-1.8 pap-line-rule-auto pap-spacing-before-2pt pap-spacing-after-2pt\">&nbsp;</p>\n<div>\n<div class=\"document\">\n<p class=\"paragraph text-align-type-left pap-line-1.8 pap-line-rule-auto pap-spacing-before-2pt pap-spacing-after-2pt\">Stephen Hill 的搭档Anna Turner（Music from the Hearts of Space的联合主持人和联合制作人）在她 1989 年题为&ldquo;Space Music&rdquo;的文章中写道：&ldquo;New Age Space Music（新时代太空音乐）在音符中承载着愿景；它是超越内部和外部空间去打开、允许和创造空间的音乐&hellip;&hellip;这种音乐讲述了我们的当下，也讲述了超越我们的界限进入太空的伟大寓言，并反映了内心中等待的前所未有的冒险。&rdquo;</p>\n<p class=\"paragraph text-align-type-left pap-line-1.8 pap-line-rule-auto pap-spacing-before-2pt pap-spacing-after-2pt\">&nbsp;</p>\n<div>\n<div class=\"document\">\n<p class=\"paragraph text-align-type-left pap-line-1.8 pap-line-rule-auto pap-spacing-before-2pt pap-spacing-after-2pt\">Gerardo \"Pkx\" Martinez-Casas是加州旧金山大学KUSF's 90.3 FM的原创主持人、制作人和创作者，他将太空音乐描述为电子的、环境的和精神的艺术、时尚的宇宙声音，作为一种文化、沉思、冥想、社会和精神意识的辅助和工具。</p>\n<p class=\"paragraph text-align-type-left pap-line-1.8 pap-line-rule-auto pap-spacing-before-2pt pap-spacing-after-2pt\">&nbsp;</p>\n<div>\n<div class=\"document\">\n<p class=\"paragraph text-align-type-left pap-line-1.8 pap-line-rule-auto pap-spacing-before-2pt pap-spacing-after-2pt\">在音乐评论家P. J. Birosik的《The New Age Music Guide》一书中，他将Space Music归类为New-age音乐的一个子流派，作家、教师和录音艺术家Dallas Smith在他的文章New Age Jazz/Fusion中也表达了同样观点。著名唱片艺术家和工作室负责人Steven Halpern写道，Space Music被认为是New-age音乐的同义词：&ldquo;&lsquo;Space&rsquo;是New-age音乐的一个重要维度；以至于该流派的早期名称之一就是&lsquo;Space Music&rsquo;，既指它的质地，也指它倾向于在听众中唤起的状态。&rdquo;</p>\n<p class=\"paragraph text-align-type-left pap-line-1.8 pap-line-rule-auto pap-spacing-before-2pt pap-spacing-after-2pt\">&nbsp;</p>\n<div>\n<div class=\"document\">\n<p class=\"paragraph text-align-type-left pap-line-1.8 pap-line-rule-auto pap-spacing-before-2pt pap-spacing-after-2pt\">电台节目 Echoes 的主持人、WXPN 的 Star's End 的创作者John Diliberto表示Space Music与电子音乐有关；湾区音乐家、作曲家和声音设计师 Robert Rich 也持同样的观点，他认为Space Music将 1970 年代的电子音乐影响与世界音乐和&ldquo;现代作曲方法&rdquo;相结合。</p>\n<p class=\"paragraph text-align-type-left pap-line-1.8 pap-line-rule-auto pap-spacing-before-2pt pap-spacing-after-2pt\">&nbsp;</p>\n<p class=\"paragraph text-align-type-left pap-line-1.8 pap-line-rule-auto pap-spacing-before-2pt pap-spacing-after-2pt\">Musical Starstreams的主持人Forest把Space Music与Ambient music一样看待，视其为一种独立的音乐类型，其他音乐类型包括dub、downtempo、trip hop和acid jazz，他称之为&ldquo;异国电子乐&rdquo;。类似地，WXPN电台的Star's End自1976年就开始播放ambient music，在其网站上将Space Music与Ambient、new-age等列为单独的音乐类型。</p>\n<p class=\"paragraph text-align-type-left pap-line-1.8 pap-line-rule-auto pap-spacing-before-2pt pap-spacing-after-2pt\">&nbsp;</p>\n<p class=\"paragraph text-align-type-left pap-line-1.8 pap-line-rule-auto pap-spacing-before-2pt pap-spacing-after-2pt\">自 1976 年以来就开始播出Ambient音乐的WXPN Radio 的 Star's End 节目，在其网站上将Space Music与Ambient、New-age等列为单独的流派。</p>\n</div>\n</div>\n</div>\n</div>\n</div>\n</div>\n</div>\n</div>\n</div>\n</div>\n<p class=\"paragraph text-align-type-left pap-line-1.8 pap-line-rule-auto pap-spacing-before-2pt pap-spacing-after-2pt\">&nbsp;</p>\n<p class=\"paragraph text-align-type-left pap-line-1.8 pap-line-rule-auto pap-spacing-before-2pt pap-spacing-after-2pt\"><strong>变化</strong></p>\n<div>\n<div class=\"document\">\n<p class=\"paragraph text-align-type-left pap-line-1.8 pap-line-rule-auto pap-spacing-before-2pt pap-spacing-after-2pt\">正如Stephen Hill所描述的，Space Music的主要定义元素是它的沉思性。在这一概述中，Hill对Space Music的定义包括各种各样的风格、乐器和影响&mdash;&mdash;无论是原声还是电子。</p>\n<p class=\"paragraph text-align-type-left pap-line-1.8 pap-line-rule-auto pap-spacing-before-2pt pap-spacing-after-2pt\">&nbsp;</p>\n<p class=\"paragraph text-align-type-left pap-line-1.8 pap-line-rule-auto pap-spacing-before-2pt pap-spacing-after-2pt\">许多Space Music录制艺术家专门从事电子音乐，是从传统的柏林学派(也被称为Krautrock)的Kosmische音乐演变而来的</p>\n<p class=\"paragraph text-align-type-left pap-line-1.8 pap-line-rule-auto pap-spacing-before-2pt pap-spacing-after-2pt\">&nbsp;</p>\n<div>\n<div class=\"document\">\n<p class=\"paragraph text-align-type-left pap-line-1.8 pap-line-rule-auto pap-spacing-before-2pt pap-spacing-after-2pt\">作家和古典音乐评论家David Hurwitz将Joseph Haydn的合唱和室内管弦乐曲《The Creation》描述为 1798 年创作的Space Music，无论是在音乐的声音意义上，害在其作曲谱曲方式上，讲述了Haydn在与双簧管演奏家和天文学家（天王星的发现者）William Herschel讨论音乐和天文学后构思的《The Creation》。</p>\n</div>\n</div>\n</div>\n</div>\n<p class=\"paragraph text-align-type-left pap-line-1.8 pap-line-rule-auto pap-spacing-before-2pt pap-spacing-after-2pt\">&nbsp;</p>\n<p class=\"paragraph text-align-type-left pap-line-1.8 pap-line-rule-auto pap-spacing-before-2pt pap-spacing-after-2pt\"><strong>术语历史</strong></p>\n<p class=\"paragraph text-align-type-left pap-line-1.8 pap-line-rule-auto pap-spacing-before-2pt pap-spacing-after-2pt\">1928年，德国作曲家Robert Beyer发表了一篇关于&ldquo;Raummusik&rdquo;(空间音乐)的论文，这是一个完全不同意义的术语。1953年成为拜尔在科隆的同事的Karlheinz Stockhausen在描述他作为作曲家的早期发展时使用了&ldquo;space music&rdquo;这个表达:&ldquo;第一次音乐革命发生于1952年至1953年，当时的音乐是concr&egrave;te、电子磁带音乐和空间音乐，需要用变压器、发电机、调制器、磁音器等组合，将声音(也包括所有噪音)中的所有具体和抽象(合成)可能性结合起来，并控制声音在空间中的投射。&rdquo;很多人都说，当他们听到这种音乐时，会感觉好像在以无限的速度飞行，然后，又好像在一个巨大的空间中静止不动。&rdquo;Stockhausen后期的许多作品（并非全部都是电子音乐）都以外太空为主题：Sternklang（Star Sound，1971）、Ylem（1972）、Sirius（1975-77），歌剧 Licht 的几个章节（ Weltraum (Outer Space, 1991&ndash;92/1994), Michaelion (1997), Komet (Comet, 1994/1999), Lichter-Wasser (Lights-Waters, 1998&ndash;99))，Klang (Sound, 2006&ndash;2007)，从它的第十三个&ldquo;小时&rdquo;，Cosmic Pulses延伸到它的二十一个&ldquo;小时&rdquo;Paradies。</p>\n<p class=\"paragraph text-align-type-left pap-line-1.8 pap-line-rule-auto pap-spacing-before-2pt pap-spacing-after-2pt\">&nbsp;</p>\n<p class=\"paragraph text-align-type-left pap-line-1.8 pap-line-rule-auto pap-spacing-before-2pt pap-spacing-after-2pt\">音乐历史学家Joseph Lanza将20世纪50年代初出现的轻音乐风格描述为现代space music的先驱。他写道，管弦乐队指挥Mantovani使用新的录音室技术&ldquo;用无数弦创造出声音tapestries&rdquo;，特别是&ldquo;曼托瓦尼混响小提琴的持续嗡嗡声产生了一种声波蒸发器，预示着Space Music的合成器和声。&rdquo;</p>\n<p class=\"paragraph text-align-type-left pap-line-1.8 pap-line-rule-auto pap-spacing-before-2pt pap-spacing-after-2pt\">&nbsp;</p>\n<p class=\"paragraph text-align-type-left pap-line-1.8 pap-line-rule-auto pap-spacing-before-2pt pap-spacing-after-2pt\">爵士艺术家Sun Ra在1956年用这个词来形容他的音乐，他说这种音乐让他可以把自己对空间、空虚的体验转换成一种人们可以欣赏和理解的语言。</p>\n<p class=\"paragraph text-align-type-left pap-line-1.8 pap-line-rule-auto pap-spacing-before-2pt pap-spacing-after-2pt\">&nbsp;</p>\n<p class=\"paragraph text-align-type-left pap-line-1.8 pap-line-rule-auto pap-spacing-before-2pt pap-spacing-after-2pt\">物理学家Werner Meyer-Eppler受Homer Dudley 1948年的发明声码器的启发,1951年开始使用的叫Melochord的设备，结合磁带录音机，使得 Studio for Electronic Music (WDR)在这十年内专攻&ldquo;elektronische音乐&rdquo;，其使用磁带录音机、正弦波发生器和串行组合技术。</p>\n<p class=\"paragraph text-align-type-left pap-line-1.8 pap-line-rule-auto pap-spacing-before-2pt pap-spacing-after-2pt\">&nbsp;</p>\n<p class=\"paragraph text-align-type-left pap-line-1.8 pap-line-rule-auto pap-spacing-before-2pt pap-spacing-after-2pt\">1969年，Miles Davis被年轻的编曲家和大提琴家，以及后来的格莱美奖得主Paul Buckmaster介绍到Stockhausen的音乐中，这为Davis带来了一段新的创造性探索时期。传记作者 J.K.Chambers 写道：&ldquo;Davis对Stockhausen的研究对他产生的影响无法被压制太久&hellip;&hellip;Davis自己的&lsquo;Space Music&rsquo;，在作曲上也受到Stockhausen的影响力&rdquo;。他在这一时期的录音和表演被粉丝、乐评人Leonard Feather和Buckmaster描述为&ldquo;space music&rdquo;。</p>\n<p class=\"paragraph text-align-type-left pap-line-1.8 pap-line-rule-auto pap-spacing-before-2pt pap-spacing-after-2pt\">&nbsp;</p>\n<p class=\"paragraph text-align-type-left pap-line-1.8 pap-line-rule-auto pap-spacing-before-2pt pap-spacing-after-2pt\">在1960年代后期和1970年代早期, Grateful Dead乐队在现场音乐会的即兴演奏和实验专辑 Aoxomoxoa中发展了一种新的即兴空间音乐形式（他们的乐迷称为&ldquo;Space&rdquo;，尽管乐队没有为之正式命名），这些尝试也体现在他们的实验性Space Music专辑，例如 Aoxomoxoa，以及 1980 年代后期的 Infrared Roses 和 Grayfolded。乐队成员 Phil Lesh 于 1975 年与计算机音乐先驱 Ned Lagin 合作发行了实验太空音乐唱片 Seastones，这是首批以创新但商业上不成功的 SQ-Quadwith 格式发行的专辑之一。 在 1980 年代初数字合成器商业化之前，Lagin 用于驱动实时数模转换器的小型计算机的实时舞台和Studio性能。</p>\n<p class=\"paragraph text-align-type-left pap-line-1.8 pap-line-rule-auto pap-spacing-before-2pt pap-spacing-after-2pt\">&nbsp;</p>\n<p class=\"paragraph text-align-type-left pap-line-1.8 pap-line-rule-auto pap-spacing-before-2pt pap-spacing-after-2pt\">捷克裔美国作曲家V&aacute;clav Nelh&yacute;bel于1974年发行了一张名为Outer Space: Music by Vaclav Nelybel的唱片，内页上写道:&ldquo;专辑运用回声、人工混响和电子改造，让这类音乐有一种怪异、诡异的未来感，有超越这个世界的感觉，非常适合任何类型的超自然事件。&rdquo;钢琴、鼓和电子乐器被用来营造奇怪的氛围和空间声音。&rdquo;Vaclav Nelhybel创造了一个超自然的世界，用自然的声音描述了火星上的星云、流星、星团和陨石坑，并通过操纵来讲述宇宙空间的故事。</p>\n<p class=\"paragraph text-align-type-left pap-line-1.8 pap-line-rule-auto pap-spacing-before-2pt pap-spacing-after-2pt\">&nbsp;</p>\n<p class=\"paragraph text-align-type-left pap-line-1.8 pap-line-rule-auto pap-spacing-before-2pt pap-spacing-after-2pt\">在1970年代早期开始,术语&ldquo;space music&rdquo;一词被应用于Vangelis、Jean-Michel Jarre、Klaus Schulze和Tangerine Dream等艺术家的一些作品中，因为音乐的声音唤起了对空间的超然宇宙感，并通过使用新兴的新乐器增强了这种感觉。这些space music探索从传统的流行歌曲格式中分离出来，变成了更长的、结构更松散的作品。继早期对space music发展做出影响后，Tangerine Dream后来创作了越来越多受摇滚影响的作品，这些作品通常不被称为space music。</p>\n<p class=\"paragraph text-align-type-left pap-line-1.8 pap-line-rule-auto pap-spacing-before-2pt pap-spacing-after-2pt\">&nbsp;</p>\n<p class=\"paragraph text-align-type-left pap-line-1.8 pap-line-rule-auto pap-spacing-before-2pt pap-spacing-after-2pt\">1971-72年，Sun Ra把他的space music哲学带到了加州大学伯克利分校，在那里他以艺术家驻校教授的身份教了一学年，因为每堂课的第二小时用于个人或乐队表演而在学生中臭名昭著。1972 年，旧金山公共电视台 KQED 制片人约翰&middot;康尼、制片人吉姆&middot;纽曼和编剧约书亚&middot;史密斯与 Sun Ra 合作制作了一部 30 分钟的纪录片，并扩展为 1974 年发行的故事片，名为 Space is the Place，以 Sun Ra 的 Arkestra 并在金门公园拍摄。</p>\n<p class=\"paragraph text-align-type-left pap-line-1.8 pap-line-rule-auto pap-spacing-before-2pt pap-spacing-after-2pt\">&nbsp;</p>\n<p class=\"paragraph text-align-type-left pap-line-1.8 pap-line-rule-auto pap-spacing-before-2pt pap-spacing-after-2pt\">1973年，加州伯克利KPFA电台制作人Anna Turner和Stephen Hill在他们当地的公共广播节目Music from the Hearts of Space的标题中使用了这个短语。他们发展了一种创新的segue音乐组合技术，将&ldquo;spacey&rdquo;乐器片段混合在一起，创造出持续的情绪。1983年该节目在全国范围内联合播出后，这个词开始被广泛使用。美国的其他电台节目主持人也采用了这个词。1981年，John Diliberto与Musical Starstreams合作，1983年在全国发行。1989年，Diliberto再次与Echoes合作。</p>\n<p class=\"paragraph text-align-type-left pap-line-1.8 pap-line-rule-auto pap-spacing-before-2pt pap-spacing-after-2pt\">&nbsp;</p>\n<div>\n<div class=\"document\">\n<p class=\"paragraph text-align-type-left pap-line-1.8 pap-line-rule-auto pap-spacing-before-2pt pap-spacing-after-2pt\"><strong>影视配乐</strong></p>\n<p class=\"paragraph text-align-type-left pap-line-1.8 pap-line-rule-auto pap-spacing-before-2pt pap-spacing-after-2pt\">电影配乐中的Space Music示例包括Vangelis 为《银翼杀手》创作配乐，Tangerine Dream 为《Legend、Sorcerer and Risky Business》制作的配乐，Jonn Serrie 为 IMAX 短片《Hubble: Galaxies Across Space and Time（哈勃：跨越时空的星系）》制作的环绕声配乐，Brian Eno为 1989 年的电影《For All Mankind》的配乐，和Michael Stearns为 1985 年的 IMAX 电影《Chronos》的配乐，并在电影首映之夜于Stephen Hill的Hearts of Space栏目播出。</p>\n<p class=\"paragraph text-align-type-left pap-line-1.8 pap-line-rule-auto pap-spacing-before-2pt pap-spacing-after-2pt\">&nbsp;</p>\n<p class=\"paragraph text-align-type-left pap-line-1.8 pap-line-rule-auto pap-spacing-before-2pt pap-spacing-after-2pt\">电视科幻剧集《Babylon 5》由前 Tangerine Dream 成员Christopher Franke配乐，于 1996 年由Franke的独立厂牌 Sonic Images 发行 CD。许多该系列剧集的配乐也由 Sonic Images发布。 1994 年，德国电视台 Bayerischer Rundfunk 推出了电视节目&ldquo;Space Night&rdquo;，以持续不断的卫星和太空图像为特色，伴随的配乐是由欧洲Chill-out DJ Alex Azary创作的Space Music。</p>\n</div>\n</div>\n</div>",
 "contentEn": "<div>\n<div class=\"document\">\n<p class=\"paragraph text-align-type-left pap-line-1.8 pap-line-rule-auto pap-spacing-before-2pt pap-spacing-after-2pt\">Definitions</p>\n<p class=\"paragraph text-align-type-left pap-line-1.8 pap-line-rule-auto pap-spacing-before-2pt pap-spacing-after-2pt\">Allmusic defines Space Music as a subgenre of New Age music.Similarly, mainstream retailer Barnes &amp; Noble, independent online music retailer CDBaby, and RealNetwork's music download service Rhapsody all classify Space Music as a subgenre of new-age music.</p>\n<p class=\"paragraph text-align-type-left pap-line-1.8 pap-line-rule-auto pap-spacing-before-2pt pap-spacing-after-2pt\">&nbsp;</p>\n<p class=\"paragraph text-align-type-left pap-line-1.8 pap-line-rule-auto pap-spacing-before-2pt pap-spacing-after-2pt\">Stephen Hill, co-founder of the radio show Music from the Hearts of Space (syndicated nationally in the United States on National Public Radio) uses the phrase \"contemplative music, broadly defined\" as an overview to describe the music played on his station, along with the term \"spacemusic\".[10] He states that the \"genre spans historical, ethnic, and contemporary styles\",[5] and that it combines elements from many cultures and genres, blended with varieties of acoustic and electronic ambient music, \"woven into a seamless sequence unified by sound, emotion, and spatial imagery.\"[10] In his essay \"New Age Music Made Simple\", and in introducing the 200th broadcast of the Hearts of Space radio program, Hill has referred to Space Music as a sub-category of New Age.</p>\n<p class=\"paragraph text-align-type-left pap-line-1.8 pap-line-rule-auto pap-spacing-before-2pt pap-spacing-after-2pt\">&nbsp;</p>\n<p class=\"paragraph text-align-type-left pap-line-1.8 pap-line-rule-auto pap-spacing-before-2pt pap-spacing-after-2pt\">Hill's partner Anna Turner (co-host and original co-producer of Music from the Hearts of Space) wrote in her 1989 essay entitled \"Space Music\" that \"New Age Space Music carries visions in its notes; it is transcendent inner and outer Space Music that opens, allows and creates space... this music speaks to our present moment, to the great allegory of moving out beyond our boundaries into space, and reflexively, to the unprecedented adventures of the psyche that await within.\"</p>\n<p class=\"paragraph text-align-type-left pap-line-1.8 pap-line-rule-auto pap-spacing-before-2pt pap-spacing-after-2pt\">&nbsp;</p>\n<p class=\"paragraph text-align-type-left pap-line-1.8 pap-line-rule-auto pap-spacing-before-2pt pap-spacing-after-2pt\">Gerardo \"Pkx\" Martinez-Casas, original host, producer and creator of KUSF's 90.3 FM, University of San Francisco in California, described Space Music as electronic, environmental and spiritual fine art fashion cosmic sounds as an aid and tool for cultural, contemplative, meditative, social and spiritual awareness.</p>\n<p class=\"paragraph text-align-type-left pap-line-1.8 pap-line-rule-auto pap-spacing-before-2pt pap-spacing-after-2pt\">&nbsp;</p>\n<p class=\"paragraph text-align-type-left pap-line-1.8 pap-line-rule-auto pap-spacing-before-2pt pap-spacing-after-2pt\">In her book The New Age Music Guide, author, editor and music critic P. J. Birosik classifies Space Music as a subgenre of new-age music,[30] as does Dallas Smith, writer, teacher and recording artist in his essay New Age Jazz/Fusion.[31] Steven Halpern, noted recording artist and workshop leader writes that Space Music has been considered a synonym for new-age music: \" 'Space' is a vital dimension of new-age music; so much so that one of the early appellations for the genre was simply 'Space Music', referring both to its texture and to the state that it tended to evoke in the listener.\"</p>\n<p class=\"paragraph text-align-type-left pap-line-1.8 pap-line-rule-auto pap-spacing-before-2pt pap-spacing-after-2pt\">&nbsp;</p>\n<p class=\"paragraph text-align-type-left pap-line-1.8 pap-line-rule-auto pap-spacing-before-2pt pap-spacing-after-2pt\">John Diliberto, the host of the radio show, Echoes, and creator of WXPN's Star's End, has stated that Space Music is related to electronic music,[8] as has Bay Area musician, composer and sound designer Robert Rich, who considers Space Music to be a combination of Electronic music influences from the 1970s with world music and \"modern compositional methods\". Forest, host of Musical Starstreams refers to Space Music as a separate genre along with Ambient music, and others including dub, downtempo, trip hop, and acid jazz in the list of genres he calls \"exotic electronica\". Similarly, WXPN Radio's Star's End, programming ambient music since 1976, on its website lists Space Music as a separate genre, along with Ambient, new-age, and others.</p>\n<p class=\"paragraph text-align-type-left pap-line-1.8 pap-line-rule-auto pap-spacing-before-2pt pap-spacing-after-2pt\">&nbsp;</p>\n<p class=\"paragraph text-align-type-left pap-line-1.8 pap-line-rule-auto pap-spacing-before-2pt pap-spacing-after-2pt\">Steve Sande, freelance writer for the San Francisco Chronicle considers Space Music to be \"Anything but New Age,\" and writes that \"spacemusic [is] also known as ambient, chill-out, mellow dub, down-tempo.\"[35] In the same article, he describes Stephen Hill's \"Hearts of Space\" spacemusic program as streaming ambient, electronic, world, new-age and classical music.[11] In contrast to this, according to author and National Endowment for the Arts researcher Judith H. Balfe, Billboard editor Jerry Wood describes Space Music as one of several \"genres within the genre\" of new-age music.</p>\n<p class=\"paragraph text-align-type-left pap-line-1.8 pap-line-rule-auto pap-spacing-before-2pt pap-spacing-after-2pt\">&nbsp;</p>\n<p class=\"paragraph text-align-type-left pap-line-1.8 pap-line-rule-auto pap-spacing-before-2pt pap-spacing-after-2pt\">Variety</p>\n<p class=\"paragraph text-align-type-left pap-line-1.8 pap-line-rule-auto pap-spacing-before-2pt pap-spacing-after-2pt\">As described by Stephen Hill, the predominant defining element of spacemusic is its contemplative nature. Within that overview, Hill's definition of Space Music includes a wide variety of styles, instrumentation and influences &ndash; both acoustic or electronic.</p>\n<p class=\"paragraph text-align-type-left pap-line-1.8 pap-line-rule-auto pap-spacing-before-2pt pap-spacing-after-2pt\">Many Space Music recording artists specialize in electronic forms, evolving out of the traditional Kosmische musik of the Berlin School (also known as Krautrock).</p>\n<p class=\"paragraph text-align-type-left pap-line-1.8 pap-line-rule-auto pap-spacing-before-2pt pap-spacing-after-2pt\">Author and classical music critic David Hurwitz describes Joseph Haydn's choral and chamber orchestra piece, The Creation, composed in 1798, as Space Music, both in the sense of the sound of the music, (\"a genuine piece of 'Space Music' featuring softly pulsating high violins and winds above low cellos and basses, with nothing at all in the middle ... The Space Music gradually drifts towards a return to the movement's opening gesture ... \"); and in the manner of its composition, relating that Haydn conceived The Creation after discussing music and astronomy with William Herschel, oboist and astronomer (discoverer of the planet Uranus).</p>\n<p class=\"paragraph text-align-type-left pap-line-1.8 pap-line-rule-auto pap-spacing-before-2pt pap-spacing-after-2pt\">&nbsp;</p>\n<p class=\"paragraph text-align-type-left pap-line-1.8 pap-line-rule-auto pap-spacing-before-2pt pap-spacing-after-2pt\">&nbsp;</p>\n<p class=\"paragraph text-align-type-left pap-line-1.8 pap-line-rule-auto pap-spacing-before-2pt pap-spacing-after-2pt\">Historical usage of the term</p>\n<p class=\"paragraph text-align-type-left pap-line-1.8 pap-line-rule-auto pap-spacing-before-2pt pap-spacing-after-2pt\">In 1928, the German composer Robert Beyer published a paper about \"Raummusik\" (spatial music),which is an entirely different sense of the term. Karlheinz Stockhausen, who became a colleague of Beyer in Cologne in 1953, used the expression \"Space Music\" in this sense when describing his early development as a composer: \"The first revolution occurred from 1952/53 as musique concr&egrave;te, electronic tape music, and Space Music, entailing composition with transformers, generators, modulators, magnetophones, etc., the integration of all concrete and abstract (synthetic) possibilities within sound (also all noises) and the controlled projection of sound in space.\" In the sense meant here, he stated in 1967, \"Several have commented that my electronic music sounds 'like on a different star,' or 'like in outer space.' Many have said that when hearing this music, they have sensations as if flying at an infinitely high speed, and then again, as if immobile in an immense space.\" Music historian Joseph Lanza described the emerging light music style during the early 1950s as a precursor to modern Space Music. \" Jazz artist Sun Ra used the term to describe his music in 1956, when he stated that the music allowed him to translate his experience of the void of space into a language people could enjoy and understand. Physicist Werner Meyer-Eppler had been inspired by Homer Dudley's 1948 invention of the Vocoder and began in 1951 to work with a device known as a Melochord, in conjunction with magnetic tape recorders, leading to a decade of working at the Studio for Electronic Music (WDR) specializing in \"elektronische Musik\" using magnetic tape recorders, sine wave generators and serial composition techniques. In 1969, Miles Davis was introduced to the music of Stockhausen by young arranger and cellist, and later Grammy award winner, Paul Buckmaster, leading to a period of new creative exploration for Davis. His recordings and performances during this period were described as \"Space Music\" by fans, by music critic Leonard Feather, and by Buckmaster who stated: \"a lot of mood changes &ndash; heavy, dark, intense &ndash; definitely Space Music.\" In the late 1960s and early 1970s, the Grateful Dead developed a new form of improvisational Space Music in their extended formless jam sessions during live concerts (which their fans referred to as \"Space\" though the band did not formally assign that title), and their experimental Space Music albums such as Aoxomoxoa, and later in the 1980s, Infrared Roses, and Grayfolded. The Czech-American composer V&aacute;clav Nelh&yacute;bel, released in 1974 a record named Outer Space: Music by Vaclav Nelybel. From the liner notes: \"Ingenious use of echo, artificial reverberation and electronic alterations gives the music in this category a weird, spooky futuristic, &lsquo;out of this world&rsquo; quality, well-suited to super-natural happenings of any kind. Piano, drums and electronic instruments are used to achieve the strange atmosphere and spatial sounds.\" Vaclav Nelhybel crafts a supernatural world, describing nebulae, meteors, star clusters and craters on Mars with sounds natural and manipulated to tell the story of cosmic space. Beginning in the early 1970s, the term \"Space Music\" was applied to some of the output of such artists as Vangelis, Jean-Michel Jarre, Klaus Schulze and Tangerine Dream due to the transcendent cosmic feelings of space evoked by the sound of the music and enhanced by the use of the emerging new instrument, the synthesizer, and also in part to the \"outer space\" themes that are apparent in some of their works. These Space Music explorations diverged from traditional pop-song formats into longer less structured compositions.Following their early influence on the development of Space Music, Tangerine Dream later produced increasingly rock-influenced works that are not generally described as Space Music. In 1971&ndash;72, Sun Ra brought his \"Space Music\" philosophy to UC Berkeley where he taught as artist-in-residence for the school year, creating notoriety among the students by devoting the second half-hour of each class to solo or band performances. In 1973, KPFA Berkeley, California radio producers Anna Turner and Stephen Hill used the phrase in the title of their local public radio show Music from the Hearts of Space. They developed an innovative segue music assembly technique, cross-mixing \"spacey\" instrumental pieces to create a sustained mood. The term began to be used more widely when the show was syndicated nationally in 1983. Other US-based radio programmers adopted the term as well, among them, John Diliberto, Steve Pross, and Gino Wong with Star's End, launched in 1976, Frank J. Forest (a.k.a. \"Forest\") with Musical Starstreams, launched in 1981 and nationally syndicated in 1983, and John Diliberto again with Echoes, launched in 1989.</p>\n<p class=\"paragraph text-align-type-left pap-line-1.8 pap-line-rule-auto pap-spacing-before-2pt pap-spacing-after-2pt\">&nbsp;</p>\n<p class=\"paragraph text-align-type-left pap-line-1.8 pap-line-rule-auto pap-spacing-before-2pt pap-spacing-after-2pt\">In film and television soundtracks</p>\n<p class=\"paragraph text-align-type-left pap-line-1.8 pap-line-rule-auto pap-spacing-before-2pt pap-spacing-after-2pt\">Examples of Space Music in film soundtracks include the Vangelis score to Blade Runner,[57] [58] Tangerine Dream's moody soundtracks for Legend, Sorcerer and Risky Business, [59] [60] Jonn Serrie's surround-sound score for the IMAX short film, Hubble: Galaxies Across Space and Time, [61] Brian Eno's score for the 1989 film For All Mankind,[62] and Michael Stearns' soundtrack for the 1985 IMAX film, Chronos, broadcast on Stephen Hill's Hearts of Space radio, on the film's opening night [63]</p>\n<p class=\"paragraph text-align-type-left pap-line-1.8 pap-line-rule-auto pap-spacing-before-2pt pap-spacing-after-2pt\">&nbsp;</p>\n<p class=\"paragraph text-align-type-left pap-line-1.8 pap-line-rule-auto pap-spacing-before-2pt pap-spacing-after-2pt\">Television science-fiction series Babylon 5 was scored by former Tangerine Dream member Christopher Franke, released on CD in 1996 on Franke's independent label Sonic Images. The scores for many of the Babylon 5 TV movies and numerous Babylon 5 episodes[64] were also released by Sonic Images.[65] In 1994, the German TV station Bayerischer Rundfunk launched the television program Space Night,[66] featuring a constant flow of satellite and space images accompanied by Space Music programmed by European chill-out-DJ Alex Azary.</p>\n</div>\n</div>",
 "remarks": "本词条汉字内容由 @多频百科团队 翻译+编辑\n原文译自https://en.wikipedia.org/wiki/Space_music",
 "remarksEn": "本词条内容来自 https://en.wikipedia.org/wiki/Space_music",
 "status": 1,
 "clickNum": 10,
 "deleted": 0,
 "lang": 0,
 "chooseLang": true,
 "id": 245,
 "name": "Space Music",
 "descriptions": "Space Music是New-age音乐的子风格，被称为是“静谧，迷幻和动人”的音乐。它从Ambient音乐中演化而来，并与Lounge Music，Easy Listening（入耳音乐）以及Elevator Music等类型有紧密关联。",
 "originalName": "",
 "startTimeText": "Early 1970s",
 "startAddress": "Germany and Japan",
 "searchStyle": "Ambient",
 "styleCategory": "Ambient",
 "originalStyle": "Ambient, easy listening, eclecticism, electronic, elevator music, psychedelic, light music, lounge music, new-age, soundscape, Berlin school, computer music, krautrock, planetarium, soundtrack",
 "affectStyle": "",
 "deriveStyle": "",
 "representArtist": "",
 "officialUrl": "https://en.wikipedia.org/wiki/Space_music",
 "typeId": 13,
 "typeName": "风格",
 "dataId": 245,
 "url": "http://dropinapp.hearinmusic.com/#/ency?typeId=13&dataId=245"
}