{
 "pageNum": 1,
 "pageSize": 10,
 "params": {},
 "relationChannel": "[{\"id\":1254,\"parentId\":8,\"name\":\"Speedcore\"}]",
 "content": "<div>\n<div class=\"document\">\n<div>\n<div class=\"document\">\n<p class=\"paragraph text-align-type-left pap-line-1.8 pap-line-rule-auto pap-spacing-before-2pt pap-spacing-after-2pt\">Speedcore（速度核、速核）是一种以快节奏和侵略性主题为特征的Hardcore形式。这种类型是在20世纪90年代早期到中期创建的，其名称来源于Hardcore流派以及所使用的高速节奏。这种音乐很少低于每分钟300拍（bpm）。早期的Speedcore作品平均速度在250 bpm左右，也可以被定义为Terror(core）；而有些Speedcore作品会超过1000 bpm，就被纳入子风格Extratone，是世界上速度最快的音乐流派。</p>\n<p class=\"paragraph text-align-type-left pap-line-1.8 pap-line-rule-auto pap-spacing-before-2pt pap-spacing-after-2pt\">&nbsp;</p>\n<p class=\"paragraph text-align-type-left pap-line-1.8 pap-line-rule-auto pap-spacing-before-2pt pap-spacing-after-2pt\"><strong>词源</strong></p>\n<p class=\"paragraph text-align-type-left pap-line-1.8 pap-line-rule-auto pap-spacing-before-2pt pap-spacing-after-2pt\">Speedcore 指的是高节奏的 Hardcore/Gabber，词源可以追溯到 1995 年。许多人认为，Disciples Of Annihilation 以他们的曲目 N.Y.C. Speedcore 和 Ya Mutha II 创造了这一流派的名称。</p>\n<p class=\"paragraph text-align-type-left pap-line-1.8 pap-line-rule-auto pap-spacing-before-2pt pap-spacing-after-2pt\">&nbsp;</p>\n<p class=\"paragraph text-align-type-left pap-line-1.8 pap-line-rule-auto pap-spacing-before-2pt pap-spacing-after-2pt\"><strong>特征</strong></p>\n<p class=\"paragraph text-align-type-left pap-line-1.8 pap-line-rule-auto pap-spacing-before-2pt pap-spacing-after-2pt\">Speedcore音乐在本质上经常是愤怒和带有侵略性的。Speedcore DJ 经常在他们的音乐中使用暴力、粗俗和攻击性的主题来突破他们这个流派的界限。</p>\n<p class=\"paragraph text-align-type-left pap-line-1.8 pap-line-rule-auto pap-spacing-before-2pt pap-spacing-after-2pt\">&nbsp;</p>\n<p class=\"paragraph text-align-type-left pap-line-1.8 pap-line-rule-auto pap-spacing-before-2pt pap-spacing-after-2pt\">Speedcore的速度多数在 300 bpm 及以上，很少低于 300 bpm 这个分水岭。除了速度非常快，Speedcore通常还可以通过具有侵略性和大面积覆盖的电子打击乐部分，主要是高度活跃的军鼓或嗵嗵鼓填充，以与其他形式的Hardcore区分开来。大多数制作人经常会过量激励他们的底鼓Kick，以至于像在 gabber 中一样变成方波的形态，这使 speedcore 具有独特的冲击声。Amen Breaks经常以类似于Jungle音乐的方式采用。另外，军鼓通常通过采样器在每秒内播放多次，也可以经此将军鼓的音调快速上下变动。 4/4 拍的 Kick 通常在小节末尾会变为八分音符或十六分音符以追求变化。</p>\n<p class=\"paragraph text-align-type-left pap-line-1.8 pap-line-rule-auto pap-spacing-before-2pt pap-spacing-after-2pt\">&nbsp;</p>\n<p class=\"paragraph text-align-type-left pap-line-1.8 pap-line-rule-auto pap-spacing-before-2pt pap-spacing-after-2pt\">Speedcore 曲目通常包含早期Hardcore和breakcore 的元素，以及来自 Death Metal 和 Black Metal 的采样。The Berzerker 以将 speedcore 与死亡金属相结合而闻名，而 Legions Ov Hell 以将 speedcore 与黑金属相结合而闻名。</p>\n<p class=\"paragraph text-align-type-left pap-line-1.8 pap-line-rule-auto pap-spacing-before-2pt pap-spacing-after-2pt\">&nbsp;</p>\n<p class=\"paragraph text-align-type-left pap-line-1.8 pap-line-rule-auto pap-spacing-before-2pt pap-spacing-after-2pt\">虽然大多数 Speedcore 艺术家满足于向常规音乐的标准发起攻击，甚至将矛头瞄准催生他们的Gabber音乐，但 Speedcore 的极端主义已导致一些人转向内部并挑衅该流派的标准。这些歌曲倾向于使用类似于happy hardcore 的更轻、更狂躁的采样。</p>\n<p class=\"paragraph text-align-type-left pap-line-1.8 pap-line-rule-auto pap-spacing-before-2pt pap-spacing-after-2pt\">&nbsp;</p>\n<p class=\"paragraph text-align-type-left pap-line-1.8 pap-line-rule-auto pap-spacing-before-2pt pap-spacing-after-2pt\">后来，数字音频工作站的使用频率增加。自 2000 年代以来，与模拟合成器和Trackers的使用相比，对 DAW 的使用有所增长。在 2010 年代，大多数 speedcore 都是由 DAW 组成的。</p>\n<p class=\"paragraph text-align-type-left pap-line-1.8 pap-line-rule-auto pap-spacing-before-2pt pap-spacing-after-2pt\">&nbsp;</p>\n<p class=\"paragraph text-align-type-left pap-line-1.8 pap-line-rule-auto pap-spacing-before-2pt pap-spacing-after-2pt\"><strong>历史</strong></p>\n<p class=\"paragraph text-align-type-left pap-line-1.8 pap-line-rule-auto pap-spacing-before-2pt pap-spacing-after-2pt\"><span style=\"text-decoration: underline;\">起源（1992-1993）</span></p>\n<p class=\"paragraph text-align-type-left pap-line-1.8 pap-line-rule-auto pap-spacing-before-2pt pap-spacing-after-2pt\">Speedcore 是 Hardcore Techno 的自然发展。Hardcore 已经相当快了，但也有人不满足于保持既定的速度。早期的 Speedcore 是关于推动 bpm 和侵略性水平的极限。探索更高速度最早的歌曲之一是 Moby 于 1992 年创作的&ldquo;Thousand&rdquo;，达到 1,015 bpm（因此得名）。然而，这首歌的速度并不恒定，因为它仅有峰值达到 1000 bpm。另一首 1992 年的歌曲是 Euromasters 的&ldquo;Alles Naar De Klote (250 BPM ~~ Oef!)&rdquo;。如标题所述，这首歌的速度为 250 bpm。1993 年，又出现了几首突破 bpm 界限的歌曲。 最引人注目的是 Sorcerer 的&ldquo;Summer&rdquo;和 303 Nation 的 \"Double Speed Mayhem\"。早期的 speedcore 被认为是速度超过 220 bpm 的任何 Hardcore 曲目，但是随着时间的推移和技术的进步，人们普遍认为 speedcore 的速度要从 300 bpm 开始划分。</p>\n<p class=\"paragraph text-align-type-left pap-line-1.8 pap-line-rule-auto pap-spacing-before-2pt pap-spacing-after-2pt\">&nbsp;</p>\n<p class=\"paragraph text-align-type-left pap-line-1.8 pap-line-rule-auto pap-spacing-before-2pt pap-spacing-after-2pt\"><span style=\"text-decoration: underline;\">早期Speedcore（1994-1999）</span></p>\n<p class=\"paragraph text-align-type-left pap-line-1.8 pap-line-rule-auto pap-spacing-before-2pt pap-spacing-after-2pt\">Industrial Strength Records、Bloody Fist Records 和 Shockwave Records 等音乐厂牌在 90 年代中期的 Speedcore 场景中发挥了重要作用。许多早期的 Speedcore 唱片都来自这些厂牌。</p>\n<p class=\"paragraph text-align-type-left pap-line-1.8 pap-line-rule-auto pap-spacing-before-2pt pap-spacing-after-2pt\">&nbsp;</p>\n<p class=\"paragraph text-align-type-left pap-line-1.8 pap-line-rule-auto pap-spacing-before-2pt pap-spacing-after-2pt\">直到 2000 年代初，该类型才通常被称为 Speedcore。在 90 年代，许多被认为是 Speedcore 的曲目被称为&ldquo;gabba&rdquo;。\"The Terrordrome\" CD 系列在 90 年代中期开始制作 Speedcore 曲目。在 90 年代， Speedcore 场景在德国和瑞士势头最猛。 Roland TR-909 通常是早期 Speedcore 制作人的首选鼓机，因为它能够产生严重失真的低音鼓Kick来作为打击乐轨的核心。其他音乐家更喜欢使用 FastTracker 2 等 Tracker 来创作他们的歌曲。采样经常与 Tracker 一起使用以获得独特的声音。这些 Tracker 允许制作人在早期的互联网上共享 .xm / .it / .mod 文件。在 90 年代末和 2000 年代初，像 Fuckparade 这样的Techno游行会在街头播放早期的 Speedcore 歌曲。</p>\n<p class=\"paragraph text-align-type-left pap-line-1.8 pap-line-rule-auto pap-spacing-before-2pt pap-spacing-after-2pt\">&nbsp;</p>\n<p class=\"paragraph text-align-type-left pap-line-1.8 pap-line-rule-auto pap-spacing-before-2pt pap-spacing-after-2pt\">在 1990 年代，超过一半的 Speedcore 发行版都是黑胶唱片。 其它主要是盒式磁带发行以及 CD 发行。</p>\n<p class=\"paragraph text-align-type-left pap-line-1.8 pap-line-rule-auto pap-spacing-before-2pt pap-spacing-after-2pt\">&nbsp;</p>\n<p class=\"paragraph text-align-type-left pap-line-1.8 pap-line-rule-auto pap-spacing-before-2pt pap-spacing-after-2pt\"><span style=\"text-decoration: underline;\">传播（2000年代早期）</span></p>\n<p class=\"paragraph text-align-type-left pap-line-1.8 pap-line-rule-auto pap-spacing-before-2pt pap-spacing-after-2pt\">2000 年代初期，出现了许多致力于 Speedcore 的网络厂牌。 许多制作黑胶的唱片公司，如 Mascha Records 和 United Speedcore Nation 也在他们的网站上发布了 mp3 等电子格式的音乐。来自网络厂牌的歌曲的 mp3 文件变得越来越流行，使新制作人更容易进入这个领域。2000 年代初期，日本的 Speedcore 也从 m1dy、 DJ Sharpnel、和 M-Project 等艺术家开始兴起。 这些音乐家采用了更为侵略的 speedcore 且赋予它更欢乐的基调，并专注于旋律和合成器音色。在这个时期也使用了来自动漫的采样，将这种音乐和动漫文化联系起来。这些音乐家将在未来几年激发日本的核音乐场景。</p>\n<p class=\"paragraph text-align-type-left pap-line-1.8 pap-line-rule-auto pap-spacing-before-2pt pap-spacing-after-2pt\">&nbsp;</p>\n<p class=\"paragraph text-align-type-left pap-line-1.8 pap-line-rule-auto pap-spacing-before-2pt pap-spacing-after-2pt\">世纪之交，数字格式文件的 Speedcore 音乐发布激增，特别是 mp3 文件。 到 2000 年代，数字版本是最常见的格式。 黑胶仍然是物理发行的主要格式，其次是 CDr 和 CD。</p>\n<p class=\"paragraph text-align-type-left pap-line-1.8 pap-line-rule-auto pap-spacing-before-2pt pap-spacing-after-2pt\">&nbsp;</p>\n<p class=\"paragraph text-align-type-left pap-line-1.8 pap-line-rule-auto pap-spacing-before-2pt pap-spacing-after-2pt\"><span style=\"text-decoration: underline;\">互联网发展（2010年代）</span></p>\n<p class=\"paragraph text-align-type-left pap-line-1.8 pap-line-rule-auto pap-spacing-before-2pt pap-spacing-after-2pt\">2010 年代，网络厂牌出现了大幅增长。虽然 2000 年代初期有一些网络厂牌，但到 2010 年，新的网络厂牌开始遍地开花。DAW 使年轻音乐家制作实验音乐比以往任何时候都更便宜也更容易。互联网的发展允许来自世界各地的制作人相互交流并通过网络厂牌分享他们的作品。音乐合辑开始变得非常流行，艺术家乐于分享和共同发布他们的音乐，因为可以获得比自己单独更多的曝光率。从网络厂牌到 YouTube 上的 speedcore 推广渠道，speedcore 场景的很大一部分现在集中在网上。 Speedcore 不再被限制在Rave场景和播放黑胶唱片的局部区域。</p>\n<p class=\"paragraph text-align-type-left pap-line-1.8 pap-line-rule-auto pap-spacing-before-2pt pap-spacing-after-2pt\">&nbsp;</p>\n<p class=\"paragraph text-align-type-left pap-line-1.8 pap-line-rule-auto pap-spacing-before-2pt pap-spacing-after-2pt\">到 2010 年代，数字文件变得更加流行。 超过 70% 的发行版要么完全采用数字格式，要么有数字发行版。 MP3 文件仍然是最常见的，但 .flac 和 .wav 文件的使用正在增加。 随着黑胶唱片的使用量下降，2010 年代最常见的物理发行格式成为 CD 和 CDr。</p>\n<p class=\"paragraph text-align-type-left pap-line-1.8 pap-line-rule-auto pap-spacing-before-2pt pap-spacing-after-2pt\">&nbsp;</p>\n<p class=\"paragraph text-align-type-left pap-line-1.8 pap-line-rule-auto pap-spacing-before-2pt pap-spacing-after-2pt\"><strong>子风格</strong></p>\n<p class=\"paragraph text-align-type-left pap-line-1.8 pap-line-rule-auto pap-spacing-before-2pt pap-spacing-after-2pt\"><span style=\"text-decoration: underline;\">Splittercore</span></p>\n<p class=\"paragraph text-align-type-left pap-line-1.8 pap-line-rule-auto pap-spacing-before-2pt pap-spacing-after-2pt\">Bpm 在 600 到 1,000 bpm 之间的 Speedcore 通常被称为 splittercore。Splittercore 以其机枪扫射般响亮的Kick而闻名。 在 1990 年代，splittercore 有时被称为 Nosebleed Techno（令人流鼻血的Techno）。</p>\n<p class=\"paragraph text-align-type-left pap-line-1.8 pap-line-rule-auto pap-spacing-before-2pt pap-spacing-after-2pt\">&nbsp;</p>\n<p class=\"paragraph text-align-type-left pap-line-1.8 pap-line-rule-auto pap-spacing-before-2pt pap-spacing-after-2pt\"><span style=\"text-decoration: underline;\">Flashcore</span></p>\n<p class=\"paragraph text-align-type-left pap-line-1.8 pap-line-rule-auto pap-spacing-before-2pt pap-spacing-after-2pt\">Flashcore 是一种从 Speedcore 和 Industrial Hardcore 发展而来的流派。 虽然最初与 speedcore 相关，但 flashcore 以其复杂的前卫结构和抽象的声音来定义，使其更类似于Electroacoustic Music 和 Experimental Music，而非任何 EDM 流派。该流派的大部分作品都集中在强烈、有节奏和层次分明的音景上。</p>\n<p class=\"paragraph text-align-type-left pap-line-1.8 pap-line-rule-auto pap-spacing-before-2pt pap-spacing-after-2pt\">&nbsp;</p>\n<p class=\"paragraph text-align-type-left pap-line-1.8 pap-line-rule-auto pap-spacing-before-2pt pap-spacing-after-2pt\"><span style=\"text-decoration: underline;\">Extratone</span></p>\n<p class=\"paragraph text-align-type-left pap-line-1.8 pap-line-rule-auto pap-spacing-before-2pt pap-spacing-after-2pt\">Bpm 为 1000 或更高的 Speedcore 称为 Extratone。在这种速度下，底鼓敲击得如此之快，以至于无法区分单个底鼓或节拍，使节拍听起来像一个具有音高的恒定音符。Extratone 源于两个德语单词 extrahieren（提取）和 Ton（声音）的组合。</p>\n</div>\n</div>\n</div>\n</div>\n<p>&nbsp;</p>",
 "contentEn": "<div class=\"document\">\n<p class=\"paragraph text-align-type-left pap-line-1.8 pap-line-rule-auto pap-spacing-before-2pt pap-spacing-after-2pt\">Speedcore is a form of hardcore that is characterized by a high tempo and aggressive themes. The genre was created in the early to mid 1990s and the name originates from the genre hardcore as well as the high speed tempo used. This music rarely drops below 300 beats per minute (bpm). Earlier speedcore tracks often averaged at about 250 bpm, which could be defined as terror(core), whereas some tracks sometimes exceed 1000 bpm where it then becomes known as extratone, the world's fastest music genre.</p>\n<p class=\"paragraph text-align-type-left pap-line-1.8 pap-line-rule-auto pap-spacing-before-2pt pap-spacing-after-2pt\">&nbsp;</p>\n<div>\n<div class=\"document\">\n<p class=\"paragraph text-align-type-left pap-line-1.8 pap-line-rule-auto pap-spacing-before-2pt pap-spacing-after-2pt\">Characteristics&nbsp;&nbsp;&nbsp;&nbsp;&nbsp;&nbsp;&nbsp;&nbsp;</p>\n<p class=\"paragraph text-align-type-left pap-line-1.8 pap-line-rule-auto pap-spacing-before-2pt pap-spacing-after-2pt\">The&nbsp;music&nbsp;is&nbsp;often&nbsp;angry&nbsp;and&nbsp;aggressive&nbsp;in&nbsp;nature,&nbsp;Speedcore&nbsp;DJs&nbsp;often&nbsp;use&nbsp;violent,&nbsp;vulgar,&nbsp;and&nbsp;offensive&nbsp;themes&nbsp;in&nbsp;their&nbsp;music&nbsp;to&nbsp;push&nbsp;the&nbsp;boundaries&nbsp;of&nbsp;the&nbsp;genre&nbsp;that&nbsp;they&nbsp;spawned&nbsp;from.[4]</p>\n<p class=\"paragraph text-align-type-left pap-line-1.8 pap-line-rule-auto pap-spacing-before-2pt pap-spacing-after-2pt\">&nbsp;</p>\n<p class=\"paragraph text-align-type-left pap-line-1.8 pap-line-rule-auto pap-spacing-before-2pt pap-spacing-after-2pt\">Aside&nbsp;from&nbsp;the&nbsp;very&nbsp;fast&nbsp;tempo&nbsp;of&nbsp;speedcore,&nbsp;which&nbsp;is&nbsp;300&nbsp;bpm&nbsp;and&nbsp;above&nbsp;and&nbsp;rarely&nbsp;drops&nbsp;below&nbsp;the&nbsp;300&nbsp;bpm&nbsp;mark,&nbsp;speedcore&nbsp;can&nbsp;often&nbsp;be&nbsp;distinguished&nbsp;from&nbsp;other&nbsp;forms&nbsp;of&nbsp;hardcore&nbsp;by&nbsp;an&nbsp;aggressive&nbsp;and&nbsp;overridden&nbsp;electronic&nbsp;percussion&nbsp;track&nbsp;that&nbsp;is&nbsp;often&nbsp;punctuated&nbsp;with&nbsp;hyperactive&nbsp;snare&nbsp;or&nbsp;tom-tom&nbsp;fills.&nbsp;Most&nbsp;producers&nbsp;will&nbsp;often&nbsp;overdrive&nbsp;their&nbsp;kicks&nbsp;so&nbsp;far&nbsp;that&nbsp;they&nbsp;become&nbsp;square&nbsp;waves,[5]&nbsp;much&nbsp;like&nbsp;in&nbsp;gabber,&nbsp;giving&nbsp;speedcore&nbsp;its&nbsp;distinctive&nbsp;pounding&nbsp;sound.&nbsp;The&nbsp;amen&nbsp;break&nbsp;is&nbsp;frequently&nbsp;used&nbsp;in&nbsp;a&nbsp;similar&nbsp;way&nbsp;to&nbsp;jungle&nbsp;music.&nbsp;In&nbsp;particular,&nbsp;the&nbsp;snare&nbsp;is&nbsp;often&nbsp;played&nbsp;multiple&nbsp;times&nbsp;per&nbsp;second&nbsp;via&nbsp;a&nbsp;sampler,&nbsp;which&nbsp;can&nbsp;also&nbsp;be&nbsp;used&nbsp;to&nbsp;pitch&nbsp;the&nbsp;snare&nbsp;up&nbsp;and&nbsp;down&nbsp;quickly.&nbsp;The&nbsp;4/4&nbsp;kicks&nbsp;are&nbsp;often&nbsp;punctuated&nbsp;with&nbsp;eighth&nbsp;notes&nbsp;or&nbsp;sixteenth&nbsp;notes&nbsp;for&nbsp;variation&nbsp;at&nbsp;the&nbsp;end&nbsp;of&nbsp;a&nbsp;bar.</p>\n<p class=\"paragraph text-align-type-left pap-line-1.8 pap-line-rule-auto pap-spacing-before-2pt pap-spacing-after-2pt\">&nbsp;</p>\n<p class=\"paragraph text-align-type-left pap-line-1.8 pap-line-rule-auto pap-spacing-before-2pt pap-spacing-after-2pt\">Speedcore&nbsp;tracks&nbsp;often&nbsp;contain&nbsp;elements&nbsp;of&nbsp;early&nbsp;hardcore&nbsp;and&nbsp;breakcore,&nbsp;as&nbsp;well&nbsp;as&nbsp;samples&nbsp;from&nbsp;death&nbsp;metal&nbsp;and&nbsp;black&nbsp;metal.&nbsp;The&nbsp;Berzerker&nbsp;is&nbsp;known&nbsp;for&nbsp;combining&nbsp;speedcore&nbsp;with&nbsp;death&nbsp;metal&nbsp;and&nbsp;Legions&nbsp;Ov&nbsp;Hell&nbsp;is&nbsp;known&nbsp;for&nbsp;combining&nbsp;speedcore&nbsp;with&nbsp;black&nbsp;metal.</p>\n<p class=\"paragraph text-align-type-left pap-line-1.8 pap-line-rule-auto pap-spacing-before-2pt pap-spacing-after-2pt\">&nbsp;</p>\n<p class=\"paragraph text-align-type-left pap-line-1.8 pap-line-rule-auto pap-spacing-before-2pt pap-spacing-after-2pt\">While&nbsp;most&nbsp;speedcore&nbsp;artists&nbsp;are&nbsp;content&nbsp;to&nbsp;attack&nbsp;the&nbsp;normal&nbsp;standards&nbsp;of&nbsp;music,&nbsp;or&nbsp;even&nbsp;the&nbsp;gabber&nbsp;music&nbsp;that&nbsp;spawned&nbsp;them,&nbsp;the&nbsp;extremism&nbsp;of&nbsp;speedcore&nbsp;has&nbsp;caused&nbsp;some&nbsp;to&nbsp;turn&nbsp;inwards&nbsp;and&nbsp;parody&nbsp;the&nbsp;standards&nbsp;of&nbsp;the&nbsp;genre.&nbsp;These&nbsp;songs&nbsp;tend&nbsp;to&nbsp;use&nbsp;lighter,&nbsp;more&nbsp;manic&nbsp;samples&nbsp;similar&nbsp;to&nbsp;happy&nbsp;hardcore.</p>\n<p class=\"paragraph text-align-type-left pap-line-1.8 pap-line-rule-auto pap-spacing-before-2pt pap-spacing-after-2pt\">&nbsp;</p>\n<p class=\"paragraph text-align-type-left pap-line-1.8 pap-line-rule-auto pap-spacing-before-2pt pap-spacing-after-2pt\">Later&nbsp;on,&nbsp;the&nbsp;use&nbsp;of&nbsp;digital&nbsp;audio&nbsp;workstations&nbsp;increased&nbsp;in&nbsp;frequency.[5]&nbsp;Since&nbsp;the&nbsp;2000s,&nbsp;the&nbsp;use&nbsp;of&nbsp;DAWs&nbsp;has&nbsp;grown&nbsp;versus&nbsp;the&nbsp;use&nbsp;of&nbsp;analog&nbsp;synthesizers&nbsp;or&nbsp;trackers.&nbsp;In&nbsp;the&nbsp;2010s,&nbsp;most&nbsp;speedcore&nbsp;was&nbsp;composed&nbsp;with&nbsp;DAWs.</p>\n<p class=\"paragraph text-align-type-left pap-line-1.8 pap-line-rule-auto pap-spacing-before-2pt pap-spacing-after-2pt\">&nbsp;</p>\n<p class=\"paragraph text-align-type-left pap-line-1.8 pap-line-rule-auto pap-spacing-before-2pt pap-spacing-after-2pt\">History</p>\n<p class=\"paragraph text-align-type-left pap-line-1.8 pap-line-rule-auto pap-spacing-before-2pt pap-spacing-after-2pt\">Origins (1992&acirc;&euro;&ldquo;1993)</p>\n<p class=\"paragraph text-align-type-left pap-line-1.8 pap-line-rule-auto pap-spacing-before-2pt pap-spacing-after-2pt\">Speedcore is a natural progression of hardcore techno. Hardcore was already considerably fast, however there were those who were not content to stay at the established speed. Early Speedcore was about pushing the limits of bpm and aggression level. One of the first songs to explore higher speeds was \"Thousand\" by Moby[6] in 1992. Thousand reached 1,015 bpm[4] (hence the name). However this song was not at a constant tempo as it only reached 1000 bpm at its peak. Another song in 1992 was \"Alles Naar De Klote (250 BPM ~~ Oef!)\"[7] by Euromasters. This song is at 250 bpm as described by the title. In 1993 a few more songs came out that push the boundaries of bpm. Most notably was \"Summer\" by Sorcerer[5][8] and Double Speed Mayhem by 303 Nation.[9] Early on speedcore was considered to be any hardcore track faster than 220 bpm,[5] however as time went on and technology advanced it became commonly accepted that speedcore started at 300 bpm.</p>\n<p class=\"paragraph text-align-type-left pap-line-1.8 pap-line-rule-auto pap-spacing-before-2pt pap-spacing-after-2pt\">&nbsp;</p>\n<p class=\"paragraph text-align-type-left pap-line-1.8 pap-line-rule-auto pap-spacing-before-2pt pap-spacing-after-2pt\">Early speedcore (1994&acirc;&euro;&ldquo;1999)</p>\n<p class=\"paragraph text-align-type-left pap-line-1.8 pap-line-rule-auto pap-spacing-before-2pt pap-spacing-after-2pt\">Industrial Strength Records, Bloody Fist Records, and Shockwave Recordings played major roles[10][11][12] in the speedcore scene during the mid 90s. Many early speedcore records came from these labels.</p>\n<p class=\"paragraph text-align-type-left pap-line-1.8 pap-line-rule-auto pap-spacing-before-2pt pap-spacing-after-2pt\">&nbsp;</p>\n<p class=\"paragraph text-align-type-left pap-line-1.8 pap-line-rule-auto pap-spacing-before-2pt pap-spacing-after-2pt\">It was not until the early 2000s that the genre was commonly referred to as speedcore. In the 90s many tracks that would be considered speedcore were referred to as \"gabba\". The Terrordrome CD series was producing speedcore tracks by the mid 90s.[13] During the 90s the speedcore scene was strongest in Germany and Switzerland. The Roland TR-909 was often the drum machine of choice for early speedcore producers due to its ability to generate heavily distorted bass-drum kicks that anchored the percussion tracks. Other musicians preferred to compose their songs with music trackers such as FastTracker 2. Samples were often used with trackers for unique sounds. These trackers allowed producers to share .xm / .it / .mod files on the early internet. In the late 90s and early 2000s technoparades like Fuckparade played early speedcore songs in the streets.</p>\n<p class=\"paragraph text-align-type-left pap-line-1.8 pap-line-rule-auto pap-spacing-before-2pt pap-spacing-after-2pt\">&nbsp;</p>\n<p class=\"paragraph text-align-type-left pap-line-1.8 pap-line-rule-auto pap-spacing-before-2pt pap-spacing-after-2pt\">Format</p>\n<p class=\"paragraph text-align-type-left pap-line-1.8 pap-line-rule-auto pap-spacing-before-2pt pap-spacing-after-2pt\">In the 1990s over half of all speedcore releases were on vinyl. The other half being mostly cassette releases as well as CD releases.</p>\n<p class=\"paragraph text-align-type-left pap-line-1.8 pap-line-rule-auto pap-spacing-before-2pt pap-spacing-after-2pt\">&nbsp;</p>\n<p class=\"paragraph text-align-type-left pap-line-1.8 pap-line-rule-auto pap-spacing-before-2pt pap-spacing-after-2pt\">Spread (early 2000s)</p>\n<p class=\"paragraph text-align-type-left pap-line-1.8 pap-line-rule-auto pap-spacing-before-2pt pap-spacing-after-2pt\">The early 2000s saw the birth of many netlabels dedicated to speedcore. Many labels who produced vinyls such as Mascha Records[14] and United Speedcore Nation[15] were also publishing mp3 on their website and returned 2020 to the scene. mp3 files of songs from netlabels became increasingly popular and made it easier for new producers to enter the scene. The early 2000s also saw the rise of speedcore in Japan from m1dy,[16] DJ Sharpnel,[3][17] and M-Project.[18] These musicians took the aggressive speedcore and gave it a happier tone and focus on melody or silly synths. Anime samples were also used in this time period which drew connections between this music and anime.[3] These musicians would inspire the Japanese core scene for years to come.</p>\n<p class=\"paragraph text-align-type-left pap-line-1.8 pap-line-rule-auto pap-spacing-before-2pt pap-spacing-after-2pt\">&nbsp;</p>\n<p class=\"paragraph text-align-type-left pap-line-1.8 pap-line-rule-auto pap-spacing-before-2pt pap-spacing-after-2pt\">Format</p>\n<p class=\"paragraph text-align-type-left pap-line-1.8 pap-line-rule-auto pap-spacing-before-2pt pap-spacing-after-2pt\">The turn of the century saw a burst in digital file releases specifically mp3 files. By the 2000s digital releases were the most common format. Vinyl was still the main format for physical releases followed by CDr and CD.</p>\n<p class=\"paragraph text-align-type-left pap-line-1.8 pap-line-rule-auto pap-spacing-before-2pt pap-spacing-after-2pt\">&nbsp;</p>\n<p class=\"paragraph text-align-type-left pap-line-1.8 pap-line-rule-auto pap-spacing-before-2pt pap-spacing-after-2pt\">Internet growth (2010s)</p>\n<p class=\"paragraph text-align-type-left pap-line-1.8 pap-line-rule-auto pap-spacing-before-2pt pap-spacing-after-2pt\">The 2010s had a large growth in netlabels. While the early 2000s had a few netlabels by 2010 new netlabels began to pop up all over. DAWs made it cheaper and easier than ever before for new musicians to make experimental music. The internet allowed for producers from around the world to communicate with each other and share their works through netlabels. Compilation albums became very popular for artists to share their music as they could get more exposure than by themselves. A large portion of the speedcore scene now occurs online from netlabels to speedcore promotion channels on YouTube. Speedcore was no longer restrained to localized areas by where raves occurred and vinyls were released.</p>\n<p class=\"paragraph text-align-type-left pap-line-1.8 pap-line-rule-auto pap-spacing-before-2pt pap-spacing-after-2pt\">&nbsp;</p>\n<p class=\"paragraph text-align-type-left pap-line-1.8 pap-line-rule-auto pap-spacing-before-2pt pap-spacing-after-2pt\">Format</p>\n<p class=\"paragraph text-align-type-left pap-line-1.8 pap-line-rule-auto pap-spacing-before-2pt pap-spacing-after-2pt\">By the 2010s, digital files became more popular. Over 70% of releases were either in digital format exclusively or had a digital release version. MP3 files were still the most common, but the use of .flac and .wav files were increasing. The most common physical release formats in the 2010s became CDs and CDr as vinyl declined in usage.</p>\n<p class=\"paragraph text-align-type-left pap-line-1.8 pap-line-rule-auto pap-spacing-before-2pt pap-spacing-after-2pt\">&nbsp;</p>\n<p class=\"paragraph text-align-type-left pap-line-1.8 pap-line-rule-auto pap-spacing-before-2pt pap-spacing-after-2pt\">Etymology&nbsp;&nbsp;&nbsp;&nbsp;&nbsp;&nbsp;&nbsp;&nbsp;</p>\n<p class=\"paragraph text-align-type-left pap-line-1.8 pap-line-rule-auto pap-spacing-before-2pt pap-spacing-after-2pt\">The&nbsp;term&nbsp;speedcore&nbsp;in&nbsp;reference&nbsp;to&nbsp;high&nbsp;tempo&nbsp;hardcore/gabber&nbsp;can&nbsp;be&nbsp;traced&nbsp;as&nbsp;far&nbsp;back&nbsp;as&nbsp;1995.[19][20]&nbsp;Many&nbsp;believe&nbsp;that&nbsp;Disciples&nbsp;Of&nbsp;Annihilation&nbsp;created&nbsp;the&nbsp;name&nbsp;of&nbsp;the&nbsp;genre&nbsp;with&nbsp;their&nbsp;track&nbsp;N.Y.C.&nbsp;Speedcore&nbsp;and&nbsp;Ya&nbsp;Mutha&nbsp;II.[5]</p>\n<p class=\"paragraph text-align-type-left pap-line-1.8 pap-line-rule-auto pap-spacing-before-2pt pap-spacing-after-2pt\">&nbsp;</p>\n<p class=\"paragraph text-align-type-left pap-line-1.8 pap-line-rule-auto pap-spacing-before-2pt pap-spacing-after-2pt\">Subgenres&nbsp;&nbsp;&nbsp;&nbsp;&nbsp;&nbsp;&nbsp;&nbsp;</p>\n<p class=\"paragraph text-align-type-left pap-line-1.8 pap-line-rule-auto pap-spacing-before-2pt pap-spacing-after-2pt\">Splittercore&nbsp;&nbsp;&nbsp;&nbsp;&nbsp;&nbsp;&nbsp;&nbsp;</p>\n<p class=\"paragraph text-align-type-left pap-line-1.8 pap-line-rule-auto pap-spacing-before-2pt pap-spacing-after-2pt\">Speedcore&nbsp;is&nbsp;often&nbsp;called&nbsp;splittercore&nbsp;when&nbsp;the&nbsp;bpm&nbsp;is&nbsp;between&nbsp;600&nbsp;and&nbsp;1,000&nbsp;bpm.[4][5]&nbsp;Splittercore&nbsp;is&nbsp;known&nbsp;by&nbsp;its&nbsp;machine&nbsp;gun&nbsp;sounding&nbsp;kicks.&nbsp;In&nbsp;the&nbsp;1990s&nbsp;splittercore&nbsp;was&nbsp;sometimes&nbsp;referred&nbsp;to&nbsp;as&nbsp;nosebleed&nbsp;Techno.[citation&nbsp;needed]</p>\n<p class=\"paragraph text-align-type-left pap-line-1.8 pap-line-rule-auto pap-spacing-before-2pt pap-spacing-after-2pt\">&nbsp;</p>\n<p class=\"paragraph text-align-type-left pap-line-1.8 pap-line-rule-auto pap-spacing-before-2pt pap-spacing-after-2pt\">Flashcore&nbsp;&nbsp;&nbsp;&nbsp;&nbsp;&nbsp;&nbsp;&nbsp;</p>\n<p class=\"paragraph text-align-type-left pap-line-1.8 pap-line-rule-auto pap-spacing-before-2pt pap-spacing-after-2pt\">Flashcore&nbsp;is&nbsp;a&nbsp;genre&nbsp;that&nbsp;grew&nbsp;out&nbsp;of&nbsp;speedcore&nbsp;and&nbsp;industrial&nbsp;hardcore.&nbsp;While&nbsp;being&nbsp;originally&nbsp;related&nbsp;to&nbsp;speedcore,&nbsp;flashcore&nbsp;is&nbsp;defined&nbsp;by&nbsp;its&nbsp;complex&nbsp;avant-garde&nbsp;structures&nbsp;and&nbsp;abstract&nbsp;sounds,&nbsp;making&nbsp;it&nbsp;more&nbsp;similar&nbsp;to&nbsp;Electroacoustic&nbsp;music&nbsp;and&nbsp;Experimental&nbsp;music&nbsp;rather&nbsp;than&nbsp;any&nbsp;EDM&nbsp;genre.&nbsp;Most&nbsp;of&nbsp;the&nbsp;genre's&nbsp;works&nbsp;focus&nbsp;on&nbsp;intense,&nbsp;rhythmic,&nbsp;and&nbsp;layered&nbsp;soundscapes.</p>\n<p class=\"paragraph text-align-type-left pap-line-1.8 pap-line-rule-auto pap-spacing-before-2pt pap-spacing-after-2pt\">&nbsp;</p>\n<p class=\"paragraph text-align-type-left pap-line-1.8 pap-line-rule-auto pap-spacing-before-2pt pap-spacing-after-2pt\">Extratone&nbsp;&nbsp;&nbsp;&nbsp;&nbsp;&nbsp;&nbsp;&nbsp;</p>\n<p class=\"paragraph text-align-type-left pap-line-1.8 pap-line-rule-auto pap-spacing-before-2pt pap-spacing-after-2pt\">Songs&nbsp;with&nbsp;a&nbsp;bpm&nbsp;of&nbsp;1000&nbsp;or&nbsp;higher&nbsp;are&nbsp;known&nbsp;as&nbsp;Extratone&nbsp;songs.[4][5]&nbsp;At&nbsp;this&nbsp;tempo,&nbsp;the&nbsp;kicks&nbsp;happen&nbsp;so&nbsp;fast&nbsp;that&nbsp;the&nbsp;individual&nbsp;kicks&nbsp;or&nbsp;beats&nbsp;cannot&nbsp;be&nbsp;distinguished&nbsp;from&nbsp;one&nbsp;another,&nbsp;making&nbsp;the&nbsp;beat&nbsp;sound&nbsp;like&nbsp;one&nbsp;constant&nbsp;note&nbsp;with&nbsp;a&nbsp;pitch.&nbsp;Extratone&nbsp;originates&nbsp;from&nbsp;combining&nbsp;the&nbsp;two&nbsp;German&nbsp;words&nbsp;extrahieren&nbsp;(to&nbsp;extract)&nbsp;and&nbsp;Ton&nbsp;(sound).[4]</p>\n<p class=\"paragraph text-align-type-left pap-line-1.8 pap-line-rule-auto pap-spacing-before-2pt pap-spacing-after-2pt\">&nbsp;</p>\n<p class=\"paragraph text-align-type-left pap-line-1.8 pap-line-rule-auto pap-spacing-before-2pt pap-spacing-after-2pt\">Hypertone&nbsp;&nbsp;&nbsp;&nbsp;&nbsp;&nbsp;&nbsp;&nbsp;</p>\n<p class=\"paragraph text-align-type-left pap-line-1.8 pap-line-rule-auto pap-spacing-before-2pt pap-spacing-after-2pt\">Songs&nbsp;with&nbsp;a&nbsp;bpm&nbsp;of&nbsp;1.2&nbsp;million&nbsp;and&nbsp;higher&nbsp;are&nbsp;known&nbsp;as&nbsp;Hypertone&nbsp;songs.&nbsp;An&nbsp;example&nbsp;of&nbsp;Hypertone&nbsp;is&nbsp;Murriosity&nbsp;-&nbsp;Crooked&nbsp;Smiles.&nbsp;Hypertone&nbsp;songs&nbsp;sound&nbsp;like&nbsp;silence,&nbsp;due&nbsp;to&nbsp;the&nbsp;extremely&nbsp;fast&nbsp;bpm.</p>\n</div>\n</div>\n</div>",
 "remarks": "本词条汉字内容由 @多频百科团队 翻译+编辑\n原文译自 https://en.wikipedia.org/wiki/Speedcore",
 "remarksEn": "本词条内容来自 https://en.wikipedia.org/wiki/Speedcore",
 "status": 1,
 "clickNum": 46,
 "deleted": 0,
 "lang": 0,
 "chooseLang": true,
 "id": 213,
 "name": "Speedcore",
 "descriptions": "Speedcore（速度核、速核）是一种以快节奏和侵略性主题为特征的Hardcore形式。这种类型是在20世纪90年代早期到中期创建的，其名称来源于Hardcore流派以及所使用的高速节奏。这种音乐很少低于每分钟300拍（bpm）。早期的Speedcore作品平均速度在250 bpm左右，也可以被定义为Terror(core）；而有些Speedcore作品会超过1000 bpm，就被纳入子风格Extratone，是世界上速度最快的音乐流派。",
 "originalName": "速度核，速核",
 "startTimeText": "Mid-1990s",
 "startAddress": "",
 "searchStyle": "Hardcore",
 "styleCategory": "Hardcore",
 "originalStyle": "Hardcore, breakcore, gabber",
 "affectStyle": "Psycore, cybergrind",
 "deriveStyle": "Flashcore, extratone, splittercore",
 "representArtist": " m1dy, DJ Sharpnel, M-Project",
 "officialUrl": "https://en.wikipedia.org/wiki/Speedcore",
 "typeId": 13,
 "typeName": "风格",
 "dataId": 213,
 "url": "http://dropinapp.hearinmusic.com/#/ency?typeId=13&dataId=213"
}