{
 "pageNum": 1,
 "pageSize": 10,
 "params": {},
 "relationChannel": "[{\"id\":1180,\"parentId\":8,\"name\":\"Speed Garage\"}]",
 "content": "<div class=\"document\">\n<p class=\"paragraph text-align-type-left pap-line-1.8 pap-line-rule-auto pap-spacing-before-0pt pap-spacing-after-0pt\">Speed garage（有时称为plus-8）是UK garage的一种子风格。</p>\n<p class=\"paragraph text-align-type-left pap-line-1.8 pap-line-rule-auto pap-spacing-before-0pt pap-spacing-after-0pt\">&nbsp;</p>\n<p class=\"paragraph text-align-type-left pap-line-1.8 pap-line-rule-auto pap-spacing-before-0pt pap-spacing-after-0pt\"><strong>特点 </strong></p>\n<p class=\"paragraph text-align-type-left pap-line-1.8 pap-line-rule-auto pap-spacing-before-0pt pap-spacing-after-0pt\">Speed garage的特点是将纽约车库的4-to-the-floor节奏与breakbeats相结合。Snares被放置在第2和第4个kickdrums的上方，所以与其他的鼓型有所不同。Speed Garage的曲子有扭曲、沉重的低音，受到jungle和reggae音乐的影响。扫荡式的低音是Speed Garage的典型特征，Speed Garage也有典型的故障分解。Speed Garage曲调有时以时间延伸的人声为特色。由于它深受jungle的影响，Speed Garage大量使用jungle和dub的声音效果，如枪声和警报器。</p>\n<p class=\"paragraph text-align-type-left pap-line-1.8 pap-line-rule-auto pap-spacing-before-0pt pap-spacing-after-0pt\">&nbsp;</p>\n<p class=\"paragraph text-align-type-left pap-line-1.8 pap-line-rule-auto pap-spacing-before-0pt pap-spacing-after-0pt\"><strong>先驱</strong></p>\n<p class=\"paragraph text-align-type-left pap-line-1.8 pap-line-rule-auto pap-spacing-before-0pt pap-spacing-after-0pt\">唱片制作人、DJ和混音师Armand van Helden是Speed Garage的先驱，他在1996年对Sneaker Pimps的 \"Spin Spin Sugar \"进行的Dark Garage混音将Speed Garage的风格带入了主流领域。</p>\n<p class=\"paragraph text-align-type-left pap-line-1.8 pap-line-rule-auto pap-spacing-before-0pt pap-spacing-after-0pt\">&nbsp;</p>\n<p class=\"paragraph text-align-type-left pap-line-1.8 pap-line-rule-auto pap-spacing-before-0pt pap-spacing-after-0pt\"><strong>著名的歌曲/混音 </strong></p>\n<p class=\"paragraph text-align-type-left pap-line-1.8 pap-line-rule-auto pap-spacing-before-0pt pap-spacing-after-0pt\">以下是Speed Garage流派的一些著名的歌曲和官方混音，这些歌曲和混音不仅在Speed Garage风格中受欢迎，而且也风靡其他流派的音乐：</p>\n<p class=\"paragraph text-align-type-left pap-line-1.8 pap-line-rule-auto pap-spacing-before-0pt pap-spacing-after-0pt\">&nbsp;</p>\n<ul>\n<li class=\"paragraph text-align-type-left pap-line-1.8 pap-line-rule-auto pap-spacing-before-0pt pap-spacing-after-0pt\"><span style=\"color: #000000; font-size: 10pt;\"><em>\"Spin Spin Sugar (Armand's Dark Garage Mix)\" (1997) / \"Digital (Armand Van Helden's Speed Garage Mix)\" (1997) - Armand van Helden </em></span></li>\n<li class=\"paragraph text-align-type-left pap-line-1.8 pap-line-rule-auto pap-spacing-before-0pt pap-spacing-after-0pt\"><span style=\"color: #000000; font-size: 10pt;\"><em>\"Dancing for Heaven\" (1995) / \"Saved My Life\" (1996) - Todd Edwards </em></span></li>\n<li class=\"paragraph text-align-type-left pap-line-1.8 pap-line-rule-auto pap-spacing-before-0pt pap-spacing-after-0pt\"><span style=\"color: #000000; font-size: 10pt;\"><em>\"Gunman\" (1997) / \"Kung-\" (1997) Fu\" (1998) - 187 Lockdown </em></span></li>\n<li class=\"paragraph text-align-type-left pap-line-1.8 pap-line-rule-auto pap-spacing-before-0pt pap-spacing-after-0pt\"><span style=\"color: #000000; font-size: 10pt;\"><em>\"Deeper\" (1997) / \"God Is a DJ (Serious Danger Remix)\" (1998) - Serious Danger </em></span></li>\n<li class=\"paragraph text-align-type-left pap-line-1.8 pap-line-rule-auto pap-spacing-before-0pt pap-spacing-after-0pt\"><span style=\"color: #000000; font-size: 10pt;\"><em>\"Hype Funk (Dub)\" (1997) - Reach &amp; Spin </em></span></li>\n<li class=\"paragraph text-align-type-left pap-line-1.8 pap-line-rule-auto pap-spacing-before-0pt pap-spacing-after-0pt\"><span style=\"color: #000000; font-size: 10pt;\"><em>\"RipGroove\" (1997) - Double 99 \"Vol. 1 (What You Want What You Need)\" (1997) - Industry Standard </em></span></li>\n<li class=\"paragraph text-align-type-left pap-line-1.8 pap-line-rule-auto pap-spacing-before-0pt pap-spacing-after-0pt\"><span style=\"color: #000000; font-size: 10pt;\"><em>\"Something Goin' On (Loop Da Loop Uptown / Downtown Mix)\" (1997)- Loop Da Loop</em></span></li>\n<li class=\"paragraph text-align-type-left pap-line-1.8 pap-line-rule-auto pap-spacing-before-0pt pap-spacing-after-0pt\"><span style=\"color: #000000; font-size: 10pt;\"><em>\"Superstylin'\" (2001) &ndash; Groove Armada</em></span></li>\n</ul>\n</div>",
 "contentEn": "<p><strong>Speed garage</strong>&nbsp;(occasionally known as&nbsp;<strong>plus-8</strong><sup id=\"cite_ref-1\" class=\"reference\">[1]</sup>) is a genre of&nbsp;electronic dance music, associated with the&nbsp;UK garage&nbsp;scene.<sup id=\"cite_ref-2\" class=\"reference\">[2]</sup></p>\n<h2>&nbsp;</h2>\n<h2><span id=\"Characteristics\" class=\"mw-headline\">Characteristics</span></h2>\n<p>Speed garage features sped-up&nbsp;NY garage&nbsp;4-to-the-floor&nbsp;rhythms&nbsp;that are combined with&nbsp;breakbeats.<sup id=\"cite_ref-3\" class=\"reference\">[3]</sup>&nbsp;Snares&nbsp;are placed as over the 2nd and the 4th&nbsp;kickdrums, so in other places of the drum pattern.<sup id=\"cite_ref-4\" class=\"reference\">[4]</sup>&nbsp;Speed garage tunes have warped, heavy&nbsp;basslines, influenced by&nbsp;jungle<sup id=\"cite_ref-5\" class=\"reference\">[5]</sup>&nbsp;and&nbsp;reggae.<sup id=\"cite_ref-6\" class=\"reference\">[6]</sup>&nbsp;Sweeping&nbsp;bass&nbsp;is typical for speed garage.<sup id=\"cite_ref-7\" class=\"reference\">[7]</sup>&nbsp;It is also typical for speed garage tunes to have a&nbsp;breakdown.<sup id=\"cite_ref-8\" class=\"reference\">[8]</sup>&nbsp;Speed garage tunes sometimes featured timestretched vocals.<sup id=\"cite_ref-9\" class=\"reference\">[9]</sup>&nbsp;As it is heavily influenced by&nbsp;jungle, speed garage makes heavy use of jungle and dub sound effects, such as gunshots and sirens.<sup id=\"cite_ref-10\" class=\"reference\">[10]</sup><sup id=\"cite_ref-11\" class=\"reference\">[11]</sup></p>\n<p>&nbsp;</p>\n<p>A widely regarded pioneer of the speed garage sound is&nbsp;record producer,&nbsp;DJ&nbsp;and&nbsp;remixer&nbsp;Armand van Helden, whose Dark Garage remix of the&nbsp;Sneaker Pimps' \"Spin Spin Sugar\" in 1996 helped bring the style of speed garage into the&nbsp;mainstream&nbsp;arena.<sup id=\"cite_ref-12\" class=\"reference\">[12]</sup></p>\n<div>&nbsp;</div>\n<h2><span id=\"Notable_songs.2Fremixes\"></span><span id=\"Notable_songs/remixes\" class=\"mw-headline\">Notable songs/remixes</span></h2>\n<p>The following is a list of notable songs and official remixes which not only&nbsp;charted&nbsp;but were popular within the speed garage scene:</p>\n<p>&nbsp;</p>\n<ul>\n<li>\"Sugar Is Sweeter&nbsp;<small>(Armand's Drum 'n' Bass Mix)</small>\" (1996) / \"Spin Spin Sugar&nbsp;<small>(Armand's Dark Garage Mix)</small>\" (1997) / \"Digital&nbsp;<small>(Armand Van Helden's Speed Garage Mix)</small>\" (1997) &ndash;&nbsp;Armand van Helden</li>\n<li>\"Dancing for Heaven\" (1995) / \"Saved My Life\" (1996) &ndash;&nbsp;Todd Edwards</li>\n<li>\"Gunman\" (1997) / \"Kung-Fu\" (1998) &ndash;&nbsp;187 Lockdown</li>\n<li>\"Deeper\" (1997) / \"God Is a DJ&nbsp;<small>(Serious Danger Remix)</small>\" (1998) &ndash;&nbsp;Serious Danger</li>\n<li>\"Hype Funk (Dub)\" (1997) &ndash; Reach &amp; Spin</li>\n<li>\"RipGroove\" (1997) &ndash;&nbsp;Double 99</li>\n<li>\"Vol. 1 (What You Want What You Need)\" (1997) &ndash; Industry Standard</li>\n<li>\"I Refuse (What You Want)\" (1997) &ndash; Somore featuring Damon Trueitt</li>\n<li>\"Oh Boy\" (1997) &ndash; The Fabulous Baker Boys</li>\n<li>\"A London Thing\" (1997) &ndash; Scott Garcia</li>\n<li>\"Something Goin' On&nbsp;<small>(Loop Da Loop Uptown / Downtown Mix)</small>\" (1997) &ndash;&nbsp;Loop Da Loop</li>\n<li>\"Superstylin'\" (2001) &ndash;&nbsp;Groove Armada</li>\n</ul>\n<h2>&nbsp;</h2>\n<h2><span id=\"References\" class=\"mw-headline\">References</span></h2>\n<div class=\"reflist reflist-columns references-column-width\">\n<ol class=\"references\">\n<li id=\"cite_note-1\"><span class=\"mw-cite-backlink\"><strong>^</strong></span>&nbsp;<span class=\"reference-text\"><em>DJ magazine</em>, 1996&ndash;97, \"<em>Raggage</em>\": \"...earning the scene the slightly mocked nick-names of 'plus-8' or 'speed garage'.\"</span></li>\n<li id=\"cite_note-2\" class=\"\"><span class=\"mw-cite-backlink\"><strong>^</strong></span>&nbsp;<span class=\"reference-text\">History of Speed garage: \"There are many different forms of garage music, most of these were of little interest to UK hard dance fans until the latest mutation came along, speed garage.\"</span></li>\n<li id=\"cite_note-3\"><span class=\"mw-cite-backlink\"><strong>^</strong></span>&nbsp;<span class=\"reference-text\">History of Speed garage: \"Speed garage can be broadly defined as a mixture of slightly sped up garage beats...\"</span></li>\n<li id=\"cite_note-4\"><span class=\"mw-cite-backlink\"><strong>^</strong></span>&nbsp;<span class=\"reference-text\">2Step: \"In the original 1997 speed garage, the snares are fussy and clattering over the stomping 4-to-the-floor kickdrum.\"</span></li>\n<li id=\"cite_note-5\"><span class=\"mw-cite-backlink\"><strong>^</strong></span>&nbsp;<span class=\"reference-text\">History of Speed garage: \"Speed garage can be broadly defined as a mixture of slightly sped up garage beats with a heavy almost junglistic bassline\"</span></li>\n<li id=\"cite_note-6\"><span class=\"mw-cite-backlink\"><strong>^</strong></span>&nbsp;<span class=\"reference-text\">(2004) \"Popular Music Genres: An Introduction\",&nbsp;ISBN&nbsp;0-7486-1745-0,&nbsp;ISBN&nbsp;978-0-7486-1745-6, p.216: \"Speed garage basslines were drawn from Jamaican reggae...\"</span></li>\n<li id=\"cite_note-7\"><span class=\"mw-cite-backlink\"><strong>^</strong></span>&nbsp;<span class=\"reference-text\">(2004) \"The Dance Music Manual\",&nbsp;ISBN&nbsp;0-240-51915-9,&nbsp;ISBN&nbsp;978-0-240-51915-9, p.157: \"The sweeping bass is typical of UK garage and speed garage tracks and consists of a tight yet deep bass that sweeps in pitch and/or frequencies\"</span></li>\n<li id=\"cite_note-8\"><span class=\"mw-cite-backlink\"><strong>^</strong></span>&nbsp;<span class=\"reference-text\">History of Speed garage: \"Speed garage can be broadly defined as a mixture of slightly sped up garage beats [...], and usually with a break in the middle where the beat is stripped down and then builds up for a long period of time.\"</span></li>\n<li id=\"cite_note-9\"><span class=\"mw-cite-backlink\"><strong>^</strong></span>&nbsp;<span class=\"reference-text\">History of Speed garage: \"Speed garage can be broadly defined as a mixture of slightly sped up garage beats [...], sometimes with timestretched vocals\"</span></li>\n<li id=\"cite_note-10\"><span class=\"mw-cite-backlink\"><strong>^</strong></span>&nbsp;<span class=\"reference-text\">(2004) \"Popular Music Genres: An Introduction\",&nbsp;ISBN&nbsp;0-7486-1745-0,&nbsp;ISBN&nbsp;978-0-7486-1745-6, p.216: \"Jungle and ragga-style sound effects, such as the rash of gun shot volleys heard on popular speed garage tracks,...\"</span></li>\n<li id=\"cite_note-11\"><span class=\"mw-cite-backlink\"><strong>^</strong></span>&nbsp;<span class=\"reference-text\">(2004) \"Popular Music Genres: An Introduction\",&nbsp;ISBN&nbsp;0-7486-1745-0,&nbsp;ISBN&nbsp;978-0-7486-1745-6, p.216: \"Overall, two-step [..], less relied on the dub sound effects [...] of speed garage\"</span></li>\n<li id=\"cite_note-12\"><span class=\"mw-cite-backlink\"><strong>^</strong></span>&nbsp;<span class=\"reference-text\"><cite id=\"CITEREFKeith2016\" class=\"citation web cs1\">Keith, Jonathan (19 February 2016).&nbsp;\"The 15 Greatest Remixes of All Time\".&nbsp;<em>Magnetic Magazine</em><span class=\"reference-accessdate\">. Retrieved&nbsp;<span class=\"nowrap\">10 September</span>&nbsp;2017</span>.</cite></span></li>\n</ol>\n</div>",
 "remarks": "本词条汉字内容由 @多频百科团队 翻译+编辑\n原文译自 https://en.wikipedia.org/wiki/Speed_garage",
 "remarksEn": "本词条内容来自 https://en.wikipedia.org/wiki/Speed_garage",
 "status": 1,
 "clickNum": 12,
 "deleted": 0,
 "lang": 0,
 "chooseLang": true,
 "id": 132,
 "name": "Speed Garage",
 "descriptions": "Speed garage（有时称为plus-8）是UK garage的一种子风格。",
 "originalName": "Plus-8",
 "startTimeText": "Early to mid-1990s",
 "startAddress": "英国，美国",
 "searchStyle": "UK Garage",
 "styleCategory": "UK Garage",
 "originalStyle": "Garage house, oldschool jungle",
 "affectStyle": "",
 "deriveStyle": "Bassline, donk",
 "representArtist": " Armand van Helden, Todd Edwards",
 "officialUrl": "https://en.wikipedia.org/wiki/Speed_garage",
 "typeId": 13,
 "typeName": "风格",
 "dataId": 132,
 "url": "http://dropinapp.hearinmusic.com/#/ency?typeId=13&dataId=132"
}