{
 "pageNum": 1,
 "pageSize": 10,
 "params": {},
 "relationChannel": "[{\"id\":1443,\"parentId\":8,\"name\":\"Splittercore\"}]",
 "content": "<div>\n<div class=\"document\">\n<p class=\"paragraph text-align-type-left pap-line-1.8 pap-line-rule-auto pap-spacing-before-2pt pap-spacing-after-2pt\">当bpm在600到1000 bpm之间时，Speedcore通常被称为splittercore。splittercore以其机关枪式的节拍而闻名。在20世纪90年代，splittercore有时被称为nosebleed Techno。</p>\n<p class=\"paragraph text-align-type-left pap-line-1.8 pap-line-rule-auto pap-spacing-before-2pt pap-spacing-after-2pt\">&nbsp;</p>\n<div>\n<div class=\"document\">\n<p class=\"paragraph text-align-type-left pap-line-1.8 pap-line-rule-auto pap-spacing-before-2pt pap-spacing-after-2pt\">&nbsp;</p>\n</div>\n</div>\n</div>\n</div>",
 "contentEn": "<div>\n<div class=\"document\">\n<p class=\"paragraph text-align-type-left pap-line-1.8 pap-line-rule-auto pap-spacing-before-2pt pap-spacing-after-2pt\">Speedcore is often called splittercore when the bpm is between 600 and 1000 bpm. Splittercore is known by its machine gun sounding kicks. In the 1990s splittercore was sometimes referred to as nosebleed Techno.</p>\n</div>\n</div>",
 "remarks": "本词条汉字内容由 @多频百科团队 翻译+编辑\n原文译自 https://en.wikipedia.org/wiki/Speedcore#Splittercore",
 "remarksEn": "本词条内容来自 https://en.wikipedia.org/wiki/Speedcore#Splittercore",
 "status": 0,
 "clickNum": 6,
 "deleted": 0,
 "lang": 0,
 "chooseLang": true,
 "id": 215,
 "name": "Splittercore",
 "descriptions": "当bpm在600到1000 bpm之间时，Speedcore通常被称为splittercore。\n\n",
 "originalName": "",
 "startTimeText": "",
 "startAddress": "",
 "searchStyle": "",
 "styleCategory": "Speedcore",
 "originalStyle": "",
 "affectStyle": "",
 "deriveStyle": "",
 "representArtist": "",
 "officialUrl": "https://en.wikipedia.org/wiki/Speedcore#Splittercore",
 "typeId": 13,
 "typeName": "风格",
 "dataId": 215,
 "url": "http://dropinapp.hearinmusic.com/#/ency?typeId=13&dataId=215"
}