{
 "pageNum": 1,
 "pageSize": 10,
 "params": {},
 "relationChannel": "[{\"id\":1432,\"parentId\":8,\"name\":\"Stylecore\"}]",
 "content": "<p></p>\n\r<p></p>\n\r<p></p>\n\r<p></p>",
 "remarks": "本词条内容暂未完善仅供参考，多频百科小编正在火速赶来",
 "remarksEn": "本词条内容暂未完善仅供参考，多频百科小编正在火速赶来",
 "status": 0,
 "clickNum": 4,
 "deleted": 0,
 "lang": 0,
 "chooseLang": false,
 "id": 192,
 "name": "Stylecore",
 "descriptions": "\n\r",
 "originalName": "",
 "startTimeText": "",
 "startAddress": "",
 "searchStyle": "",
 "styleCategory": "Hardstyle",
 "originalStyle": "",
 "affectStyle": "",
 "deriveStyle": "",
 "representArtist": "",
 "officialUrl": "",
 "typeId": 13,
 "typeName": "风格",
 "dataId": 192,
 "url": "http://dropinapp.hearinmusic.com/#/ency?typeId=13&dataId=192"
}