{
 "pageNum": 1,
 "pageSize": 10,
 "params": {},
 "relationChannel": "[{\"id\":1239,\"parentId\":8,\"name\":\"Tech Trance\"}]",
 "content": "<p>Tech-trance，也称为Techno-trance或Techno/Trance，是电子音乐中的一个子风格，融合了Techno和Trance风格的元素</p>\n<p>&nbsp;</p>\n<p><strong>历史</strong></p>\n<p>Tech trance是由Oliver Lieb等人在20世纪90年代中期开创的，其他早期的tech-trance制作人还有Humate, Chris Cowie和Marmion。在21世纪初，tech-trance朝着一个新的方向发展，在旧金山，在这一趋势中开拓的DJ有Keith Edwards, Skyscraper, Owen Vallis和DJ Amber。到2006年，trance最广泛的变体是仍在增长和发展的Tech trance类型，由Dave Schiemann、Simon Patterson、Bryan Kearney、Will Atkinson、Matt Bowdige、John Askew、Ian Booth、Sam Jones、Will Rees、Indendent Noise、Marco V、Tempo Giusto和Mark Sherry等制作人开创。</p>\n<p>&nbsp;</p>\n<p><strong>风格</strong></p>\n<p>Tech trance的定义特征是复杂的、大量量子化的电子节奏，由响亮的Kick Drum驱动，带有过滤、肮脏质感或轻微扭曲的hi-hat声音和拍子；较硬的synth，通常带有大量共振或延迟；极简的pads，通常带有侧链以增加节拍的音量。早期版本的trance通常以钢琴、弦乐或原声吉他为特色，而tech trance几乎只以合成声音为特色，尽管电吉他声音偶尔也会以合成声音为特色。</p>",
 "contentEn": "<p><strong>Tech trance</strong>, also known as&nbsp;<strong>techno-trance</strong>&nbsp;or&nbsp;<strong>techno/trance</strong>, is a subgenre within electronic music that draws upon the&nbsp;techno&nbsp;and&nbsp;trance&nbsp;genres as the name suggests.</p>\n<p>&nbsp;</p>\n<h2><span id=\"History\" class=\"mw-headline\">History</span></h2>\n<p>Tech trance was pioneered by&nbsp;Oliver Lieb&nbsp;among others in the mid-1990s. Other early examples of tech-trance producers are Humate, Chris Cowie and Marmion. Tech trance evolved in a new direction during the early 2000s, some DJs pioneering this in San Francisco were Keith Edwards, Skyscraper, Owen Vallis and DJ Amber. By 2006, the most widespread variant of trance was the still growing and evolving genre of tech trance, pioneered by the likes of producers such as Dave Schiemann, Simon Patterson,&nbsp;Bryan Kearney, Will Atkinson, Matt Bowdidge, John Askew, Ian Booth, Sam Jones, Will Rees, Indecent Noise,&nbsp;Marco V,&nbsp;Tempo Giusto&nbsp;and&nbsp;Mark Sherry.<sup id=\"cite_ref-Dalling_1-0\" class=\"reference\">[1]</sup><sup id=\"cite_ref-YourEDM_2-0\" class=\"reference\">[2]</sup></p>\n<h2>&nbsp;</h2>\n<h2><span id=\"Style\" class=\"mw-headline\">Style</span></h2>\n<p>Defining features of tech trance are complex, electronic rhythms, heavily quantised and usually driven by a loud kick drum, with filtered, dirty or slightly distorted hi-hat sounds and claps; harder synth sounds, usually with a large amount of resonance or delay; minimal pads, often with sidechaining to increase the volume of the beat. While earlier variants of trance often featured piano, strings or acoustic guitar, tech trance almost exclusively features synthesized sound, though electric guitar sounds occasionally feature.<sup id=\"cite_ref-Dalling_1-1\" class=\"reference\">[1]</sup></p>\n<h2>&nbsp;</h2>\n<h2><span id=\"Notes\" class=\"mw-headline\">Notes</span></h2>\n<div class=\"reflist\">\n<div class=\"mw-references-wrap\">\n<ol class=\"references\">\n<li id=\"cite_note-Dalling-1\"><span class=\"mw-cite-backlink\">^&nbsp;<span class=\"cite-accessibility-label\">Jump up to:</span><sup><em><strong>a</strong></em></sup>&nbsp;<sup><em><strong>b</strong></em></sup></span>&nbsp;<span class=\"reference-text\">Toucan music&nbsp;Dalling, John M. 2006, \"History of trance\".</span></li>\n<li id=\"cite_note-YourEDM-2\"><span class=\"mw-cite-backlink\"><strong>^</strong></span>&nbsp;<span class=\"reference-text\">YourEDM Review&nbsp;Andrew Quigley, 2015 \"Trance: Mark Sherry &ndash; Vengeance (Tempo Giusto Remix) [Outburst Records]\".</span></li>\n</ol>\n</div>\n</div>",
 "remarks": "本词条汉字内容由 @多频百科团队 翻译+编辑\n原文译自 https://en.wikipedia.org/wiki/Tech_trance",
 "remarksEn": "本词条内容来自 https://en.wikipedia.org/wiki/Tech_trance",
 "status": 1,
 "clickNum": 19,
 "deleted": 0,
 "lang": 0,
 "chooseLang": true,
 "id": 182,
 "name": "Tech Trance",
 "descriptions": "Tech-trance，也称为Techno-trance或Techno/Trance，是电子音乐中的一个子风格，融合了Techno和Trance风格的元素",
 "originalName": "",
 "startTimeText": "Mid-1990s",
 "startAddress": "Europe",
 "searchStyle": "Trance",
 "styleCategory": "Trance",
 "originalStyle": "Techno, trance",
 "affectStyle": "",
 "deriveStyle": "Tech house, hard house, hard trance",
 "representArtist": "Dave Schiemann, Simon Patterson, Bryan Kearney, Will Atkinson, Matt Bowdidge",
 "officialUrl": "https://en.wikipedia.org/wiki/Tech_trance",
 "typeId": 13,
 "typeName": "风格",
 "dataId": 182,
 "url": "http://dropinapp.hearinmusic.com/#/ency?typeId=13&dataId=182"
}