{
 "pageNum": 1,
 "pageSize": 10,
 "params": {},
 "relationChannel": "[{\"id\":1167,\"parentId\":8,\"name\":\"Techstep\"}]",
 "content": "<p>Techstep是一种黑暗的Drum and Bass子流派，诞生于20世纪90年代中期。</p>\n<p>&nbsp;</p>\n<p><strong>音乐特点</strong></p>\n<p>Techstep的特点是黑暗、科幻的，其几乎完全使用合成或采样的音源，2-step kicks和小节，并受到industrial 和techno 音乐的影响，一些艺术家将其描述为 \"clinical \"的声音。虽然被描述为具有 \"科技感\"，但techstep与techo的关系不应该被夸大。它们共同采用抽象的、合成的噪音（包括采样、哔哔声和压制声）来创造高能量的拼贴：它很少使用没有经过效果处理的乐器。同样，量化的鼓机套件和打击乐的声音也比自然的人声节拍更受青睐。不过，它通常在其他方面也坚持drum and bass的规范，尤其是在音乐结构上，强调 \"drop\"。Techstep见证了丛林音乐对贝斯的痴迷，从追求低沉、深沉到探索音色，艺术家们的目标是用更多的失真和 \"扭曲 \"的贝斯声音来超越对方。</p>\n<p>&nbsp;</p>\n<p><strong>历史 </strong></p>\n<p>Techstep在1995年左右从丛林音乐和hardstep发展而来。这个流派的名字是由Ed Rush和Trace创造的，他们都是塑造techstep声音的重要人物。在这种情况下，\"tech \"并不是指底特律techno的流畅风格，而是指十年前在比利时流行的狂暴、更尖锐的hardcore声音。Techstep是对丛林和drum 'n' bass中更多的技巧性和更多的流行音乐元素的反应，这些元素被认为是对 \"真正的 \"或 \"原始的 \"丛林的掺假。相反，这种风格被注入了更简单、更冷酷的声音，剥离了大部分R&amp;B元素，取而代之的是更hardcore的声音，以及意识形态的影响，如青年反资本主义运动，和荒诞的电影，如Blade Runner和RoboCop。最早的techstep声音的化身之一是DJ Trace对T-Power的 \"Mutant Jazz \"的混音，这首歌在1995年出现在S.O.U.R.唱片公司。这首由Ed Rush和Nico共同制作的混音，采用了标志性的踏步节拍和扭曲的Reese基调，这将成为techstep风格的象征。Torque合辑（No U Turn）、Techsteppin'合辑（Emotif）、Breakage LP（Penny Black 1997）以及Platinum Breakz 1、2和MDZ 01（Metalheadz）都有一些精选的techstep曲目。</p>\n<p>&nbsp;</p>\n<p><strong>衍生发展：Neurofunk</strong></p>\n<p>一些最初的techstep制作人最终发展出了neurofunk风格。早期的先驱Ed Rush &amp; Optical、Teebee、Dom &amp; Roland和Doc Scott。Moving Shadow和Metalheadz是这种风格发展的重要厂牌。</p>",
 "contentEn": "<p><strong>Techstep</strong>&nbsp;is a&nbsp;dark&nbsp;subgenre of&nbsp;drum and bass&nbsp;that was created in the mid-1990s.<sup id=\"cite_ref-1\" class=\"reference\">[1]</sup></p>\n<p>&nbsp;</p>\n<h2><span id=\"Style\" class=\"mw-headline\">Style</span></h2>\n<p>It is characterized by a dark,<sup id=\"cite_ref-2\" class=\"reference\">[2]</sup>&nbsp;sci-fi&nbsp;mood, near-exclusive use of&nbsp;synthesised&nbsp;or&nbsp;sampled&nbsp;sound sources,&nbsp;2-step&nbsp;kicks and snares<sup id=\"cite_ref-3\" class=\"reference\">[3]</sup>&nbsp;and influences from&nbsp;industrial&nbsp;and&nbsp;techno music, what some writers have described as a \"clinical\" sound.<sup id=\"cite_ref-rough_4-0\" class=\"reference\">[4]</sup>&nbsp;Although described as having a \"techy\" feel, techstep's relationship with techno should not be overstated. It shares the technique of creating a high-energy collage from abstract, synthetic noises, including samples, bleeps and squelches: it rarely uses instruments that have not been processed by effects. Similarly,&nbsp;quantized&nbsp;drum-machine kit and percussion sounds are favored over naturalistic human&nbsp;breakbeats. However, it usually adheres to drum and bass norms in other regards, especially in terms of musical structure, with the emphasis on the \"drop\". Techstep saw&nbsp;jungle music's obsession with bass change, from aiming for low and deep to exploring&nbsp;timbre, artists aiming to outdo each other with ever more&nbsp;distorted&nbsp;and \"twisted\" bass sounds.</p>\n<h2>&nbsp;</h2>\n<h2><span id=\"History\" class=\"mw-headline\">History</span></h2>\n<p>Techstep developed from&nbsp;jungle music&nbsp;and&nbsp;hardstep&nbsp;around 1995.<sup id=\"cite_ref-5\" class=\"reference\">[5]</sup>&nbsp;The name of the genre was coined by Ed Rush and Trace, who were both instrumental in shaping the sound of techstep.<sup id=\"cite_ref-6\" class=\"reference\">[6]</sup>&nbsp;In this case, \"tech\" did not refer to the smoother style of&nbsp;Detroit techno, but to the raver, more caustic hardcore sounds that were popular in&nbsp;Belgium&nbsp;in the earlier part of the decade. Techstep was a reaction to more virtuosic and more pop musical elements in&nbsp;jungle&nbsp;and drum 'n' bass, which were seen as an adulteration of \"true\" or \"original\" jungle.<sup id=\"cite_ref-7\" class=\"reference\">[7]</sup>&nbsp;Instead the genre was infused with a simpler, colder sound that stripped away most&nbsp;R&amp;B&nbsp;elements, and replaced them with a more hardcore sound,<sup id=\"cite_ref-8\" class=\"reference\">[8]</sup>&nbsp;and ideological influences like youth&nbsp;anti-capitalism&nbsp;movements, and&nbsp;dystopian&nbsp;films like&nbsp;<em>Blade Runner</em>&nbsp;and&nbsp;<em>RoboCop</em>.<sup id=\"cite_ref-genecs_9-0\" class=\"reference\">[9]</sup></p>\n<p>&nbsp;</p>\n<p>One of the first incarnations of the techstep sound is DJ Trace's remix of T-Power's \"Mutant Jazz\" which appeared on S.O.U.R. Recordings in 1995. This remix, co-produced by Ed Rush and Nico, features the trademark stepping beats and distorted&nbsp;Reese bassline&nbsp;which would become symbolic of the techstep genre. The&nbsp;<em>Torque</em>&nbsp;compilation (No U Turn), the Techsteppin' compilation (Emotif), Breakage LP (Penny Black 1997), and Platinum Breakz 1, 2, and MDZ 01 (Metalheadz) feature some selections of techstep tracks.</p>\n<p>&nbsp;</p>\n<p>Some of the original techstep producers eventually developed the&nbsp;neurofunk&nbsp;style. Early pioneers&nbsp;Ed Rush&nbsp;&amp;&nbsp;Optical,&nbsp;Teebee,&nbsp;Dom &amp; Roland&nbsp;and&nbsp;Doc Scott.&nbsp;Moving Shadow&nbsp;and&nbsp;Metalheadz&nbsp;were important labels in the development of the style.</p>\n<h2>&nbsp;</h2>\n<h2><span id=\"References\" class=\"mw-headline\">References</span></h2>\n<div class=\"reflist\">\n<div class=\"mw-references-wrap\">\n<ol class=\"references\">\n<li id=\"cite_note-1\"><span class=\"mw-cite-backlink\"><strong>^</strong></span>&nbsp;<span class=\"reference-text\"><cite id=\"CITEREFFrere-Jones1997\" class=\"citation web cs1\">Frere-Jones, Sasha (1997-11-11).&nbsp;\"But Then Again, Who Says It Should?\".&nbsp;Village Voice<span class=\"reference-accessdate\">. Retrieved&nbsp;<span class=\"nowrap\">2008-06-05</span></span>.</cite></span></li>\n<li id=\"cite_note-2\"><span class=\"mw-cite-backlink\"><strong>^</strong></span>&nbsp;<span class=\"reference-text\"><cite id=\"CITEREFFritzTristan_O'NeillVirginia_SmallfryTrent_Warlow1999\" class=\"citation book cs1\">Fritz, Jimi; Tristan O'Neill; Virginia Smallfry; Trent Warlow (1999).&nbsp;<em>Rave Culture: An Insider's Overview</em>. Small Fry Publishers.&nbsp;ISBN&nbsp;<bdi>0-9685721-0-3</bdi>.</cite></span></li>\n<li id=\"cite_note-3\"><span class=\"mw-cite-backlink\"><strong>^</strong></span>&nbsp;<span class=\"reference-text\"><cite class=\"citation web cs1\">\"Over two hours of prime techstep from DJ Mark N.\"&nbsp;<em>Darkfloor</em>.</cite></span></li>\n<li id=\"cite_note-rough-4\"><span class=\"mw-cite-backlink\"><strong>^</strong></span>&nbsp;<span class=\"reference-text\"><cite id=\"CITEREFShapiro1999\" class=\"citation book cs1\">Shapiro, Peter (1999).&nbsp;<em>Drum 'n' Bass: The Rough Guide</em>.&nbsp;Rough Guides.&nbsp;ISBN&nbsp;<bdi>1-85828-433-3</bdi>.</cite></span></li>\n<li id=\"cite_note-5\"><span class=\"mw-cite-backlink\"><strong>^</strong></span>&nbsp;<span class=\"reference-text\"><cite id=\"CITEREFVenderosa2002\" class=\"citation book cs1\">Venderosa, Tony (2002).&nbsp;<em>The Techno Primer: The Essential Reference for Loop-based Music</em>.&nbsp;Hal Leonard Corporation.&nbsp;ISBN&nbsp;<bdi>0-634-01788-8</bdi>.</cite></span></li>\n<li id=\"cite_note-6\"><span class=\"mw-cite-backlink\"><strong>^</strong></span>&nbsp;<span class=\"reference-text\"><cite id=\"CITEREFReynolds2005\" class=\"citation book cs1\">Reynolds, Simon&nbsp;(2005). \"War in the Jungle\". In Bennett, Andy; Shank, Barry (eds.).&nbsp;<em>The Popular Music Studies Reader</em>.&nbsp;Routledge.&nbsp;ISBN&nbsp;<bdi>978-0-415-30710-9</bdi>.</cite></span></li>\n<li id=\"cite_note-7\"><span class=\"mw-cite-backlink\"><strong>^</strong></span>&nbsp;<span class=\"reference-text\"><cite id=\"CITEREFMonroe1999\" class=\"citation book cs1\">Monroe, Alexei (1999). \"Thinking about mutation: genres in 1990s electronica\". In Blake, Andrew (ed.).&nbsp;<em>Living Through Pop</em>.&nbsp;Routledge.&nbsp;ISBN&nbsp;<bdi>0-415-16199-1</bdi>.</cite></span></li>\n<li id=\"cite_note-8\"><span class=\"mw-cite-backlink\"><strong>^</strong></span>&nbsp;<span class=\"reference-text\"><cite id=\"CITEREFMitchell2001\" class=\"citation book cs1\">Mitchell, Tony (2001).&nbsp;<span class=\"cs1-lock-registration\" title=\"Free registration required\"><em>Global Noise: Rap and Hip-hop Outside the USA</em></span>. Middletown:&nbsp;Wesleyan University Press.&nbsp;ISBN&nbsp;<bdi>0-8195-6502-4</bdi>.</cite></span></li>\n<li id=\"cite_note-genecs-9\"><span class=\"mw-cite-backlink\"><strong>^</strong></span>&nbsp;<span class=\"reference-text\"><cite id=\"CITEREFReynolds1999\" class=\"citation book cs1\">Reynolds, Simon&nbsp;(1999).&nbsp;<em>Generation Ecstasy: Into the World of Techno and Rave Culture</em>.&nbsp;Routledge.&nbsp;ISBN&nbsp;<bdi>0-415-92373-5</bdi>.</cite></span></li>\n</ol>\n</div>\n</div>",
 "remarks": "本词条汉字内容由 @多频百科团队 翻译+编辑\n原文译自  https://en.wikipedia.org/wiki/Techstep",
 "remarksEn": "本词条内容来自  https://en.wikipedia.org/wiki/Techstep",
 "status": 1,
 "clickNum": 15,
 "deleted": 0,
 "lang": 0,
 "chooseLang": true,
 "id": 118,
 "name": "Techstep",
 "descriptions": "Techstep是一种黑暗的Drum and Bass子流派，诞生于20世纪90年代中期。\n",
 "originalName": "",
 "startTimeText": "1990s",
 "startAddress": "英国",
 "searchStyle": "Drum and Bass",
 "styleCategory": "Drum and Bass",
 "originalStyle": "2-step garage, drum and bas, sindustrial music, darkcore, techno",
 "affectStyle": "",
 "deriveStyle": "breakcore, darkstep, neurofunk",
 "representArtist": "DJ Trace, MDZ 01 (Metalheadz)",
 "officialUrl": "https://en.wikipedia.org/wiki/Techstep",
 "typeId": 13,
 "typeName": "风格",
 "dataId": 118,
 "url": "http://dropinapp.hearinmusic.com/#/ency?typeId=13&dataId=118"
}