{
 "pageNum": 1,
 "pageSize": 10,
 "params": {},
 "relationChannel": "[{\"id\":1134,\"parentId\":8,\"name\":\"Tech House\"}]",
 "content": "<div class=\"document\">\n<p>Tech House（科技浩室）是House音乐的一个子流派，结合了Techno和House的风格特点。术语tech house是作为一类销售电子舞曲的唱片商店使用的归类名称简写而发展起来的，这些类别结合了techno的音乐元素，如 \"粗犷的低音 \"和 \"剧烈的节拍\"，以及Progressive House的和声以及节奏。这类音乐最初的制作风格干净而简约，与底特律音乐和英国的techno有关。</p>\n<p>&nbsp;</p>\n<p>在1990年代中后期，英国发展起围绕俱乐部夜生活的场景，比如由前Shamen说唱歌手Mr C（Richard West）和Paul \"Rip\" Stone（与West共同创立的Plink Plonk）经营的The Drop，Terry Francis和Nathan Coles经营的Heart &amp; Soul和Wiggle。当时与这个音乐有关的其他DJ和艺术家包括Charles Webster、Phivos Iatropoullos（Pure Science）、Bushwacka！、Cuartero、Dave Angel、Herbert、Terry Lee Brown Jr.、Funk D'Void、Ian O'Brien、Derrick Carter和Stacey Pullen。到了20世纪90年代末，Mr C和Layo Paskin拥有的伦敦夜总会The End被认为是英国Tech House的港湾。在大西洋的另一边，该流派最早的创新者之一是Lucas Rodenbush（E.B.E），他从1995年开始在美国西海岸发行唱片。</p>\n<p class=\"paragraph text-align-type-left pap-line-1.8 pap-line-rule-auto pap-spacing-before-0pt pap-spacing-after-0pt\">&nbsp;</p>\n<p class=\"paragraph text-align-type-left pap-line-1.8 pap-line-rule-auto pap-spacing-before-0pt pap-spacing-after-0pt\"><strong>特征</strong></p>\n<p class=\"paragraph text-align-type-left pap-line-1.8 pap-line-rule-auto pap-spacing-before-0pt pap-spacing-after-0pt\">顾名思义，Tech House是将Techno和House的特征结合起来。Techno拥有坚实的鼓点、浑浊厚实的贝斯，营造冰冷的科技感；而House则有温暖鲜明的律动节拍(Groove)以及和声。Tech House采用了House的基本结构，并将其中偏暖、有灵魂乐色彩的的声效以及鼓点用Techno更冰冷、更扭曲、更黑暗、更深沉的特征代替，两者的结合是一种折中性的尝试。</p>\n<p class=\"paragraph text-align-type-left pap-line-1.8 pap-line-rule-auto pap-spacing-before-0pt pap-spacing-after-0pt\">&nbsp;</p>\n<p class=\"paragraph text-align-type-left pap-line-1.8 pap-line-rule-auto pap-spacing-before-0pt pap-spacing-after-0pt\">作为一种融合风格，Tech house通常会将深沉或极简的techno音乐、灵魂乐和爵士乐、House音乐、一些极简的元素，以及很多时候一些dub元素结合在一起。这与Progressive House有一些重叠，Progressive House也可以包含深沉、灵动、dub和techno元素；这一点在千禧年之后尤为明显，因为Progressive House的混音往往变得更深沉，有时也更简约。然而，典型的progressive-house混音比Tech House有更多的活力，后者往往有更多的\"Laid-back（滞留）\"感觉。Tech house的乐迷们往往欣赏那种微妙的感觉，也欣赏 \"在沉重般的Techno节拍中加入一抹飞溅的色彩 ，摒弃House音乐中 \"张狂\"的复杂节奏。</p>\n<p class=\"paragraph text-align-type-left pap-line-1.8 pap-line-rule-auto pap-spacing-before-0pt pap-spacing-after-0pt\">&nbsp;</p>\n<p class=\"paragraph text-align-type-left pap-line-1.8 pap-line-rule-auto pap-spacing-before-0pt pap-spacing-after-0pt\"><span style=\"text-decoration: underline;\">音乐结构 </span></p>\n<p class=\"paragraph text-align-type-left pap-line-1.8 pap-line-rule-auto pap-spacing-before-0pt pap-spacing-after-0pt\">作为一种音乐（相对于混音）风格，Tech House使用了与House相同的基本结构。然而，House \"声音 \"的元素，如逼真的爵士乐声音（在deep house中）和轰隆隆的Kick Drum被techno的元素所取代，如使用更短、更深、更暗、经常失真的KickDrum，更小、更快的hi-hat，更嘈杂的snares和更多来自TB-303的合成或酸感的合成器旋律，包括扭曲的锯齿波和方波振荡器产生的原始电子噪声。一些制作人也在他们的音乐中加入了灵魂的人声和元素（David Chambers），以及同样多的原始电子声。然而，浓郁的techno风格的Kick和低音似乎与tech house有一致性。</p>\n<p class=\"paragraph text-align-type-left pap-line-1.8 pap-line-rule-auto pap-spacing-before-0pt pap-spacing-after-0pt\">&nbsp;</p>\n<p class=\"paragraph text-align-type-left pap-line-1.8 pap-line-rule-auto pap-spacing-before-0pt pap-spacing-after-0pt\"><strong>历史 </strong></p>\n<p class=\"paragraph text-align-type-left pap-line-1.8 pap-line-rule-auto pap-spacing-before-0pt pap-spacing-after-0pt\">从2000年初开始，Tech house在欧洲蔓延开来。虽然它长期以来一直处于techno音乐的荫蔽之下（在德国、荷兰和瑞典等北欧国家，由Adam Beyer或Richie Hawtin等艺术家推动），但tech house在西班牙取得了巨大的成功。事实上，由于新DJ的扩张，如Marc Maya、Oscar Aguilera或Raul Mezcolanza（巴塞罗那所有常驻DJ：ROW14），Tech house可以与其他风格的电音节竞争，如Monegros沙漠节或Awakenings节。不过，Tech house的亮点还在于其他DJ如Carl Cox或Joris Voorn对这种音乐风格的推广。</p>\n<p class=\"paragraph text-align-type-left pap-line-1.8 pap-line-rule-auto pap-spacing-before-0pt pap-spacing-after-0pt\">&nbsp;</p>\n<p class=\"paragraph text-align-type-left pap-line-1.8 pap-line-rule-auto pap-spacing-before-0pt pap-spacing-after-0pt\"><span style=\"text-decoration: underline;\">现代复苏 </span></p>\n<p class=\"paragraph text-align-type-left pap-line-1.8 pap-line-rule-auto pap-spacing-before-0pt pap-spacing-after-0pt\">科技浩室已经成为一种非常流行的舞曲形式。截至2018年9月，Beatport前100名中充斥着Green Velvet、Fisher、Solardo、Patrick Topping和Jamie Jones等艺术家的曲目，他们都在作品中融入了Tech house的元素。这种Tech house的复苏可以归功于最近模拟合成器声音的流行，以及美国Tech house艺术家的普及，通过Dirtybird这样的唱片公司，以及在Coachella和CRSSD这样的音乐节上普及。</p>\n</div>",
 "contentEn": "<p><strong>Tech house</strong>&nbsp;is a subgenre of&nbsp;house music&nbsp;that combines stylistic features of&nbsp;techno&nbsp;with house. The term&nbsp;<em>tech house</em>&nbsp;developed as a shorthand&nbsp;record store&nbsp;name for a category of&nbsp;electronic dance music&nbsp;that combined&nbsp;musical aspects&nbsp;of techno, such as \"rugged&nbsp;basslines\" and \"steely&nbsp;beats,\" with the&nbsp;harmonies&nbsp;and&nbsp;grooves&nbsp;of&nbsp;progressive house.<sup id=\"cite_ref-Spin_4-0\" class=\"reference\">[4]</sup><sup id=\"cite_ref-Bogdanov_5-0\" class=\"reference\">[5]</sup>&nbsp;The music originally had a clean and minimal&nbsp;production style&nbsp;that was associated with techno from&nbsp;Detroit&nbsp;and the UK.<sup id=\"cite_ref-Bogdanov_5-1\" class=\"reference\">[5]</sup></p>\n<p>In the mid to late 1990s, a scene developed in England around club nights such as The Drop run by the former&nbsp;Shamen&nbsp;rapper&nbsp;Mr C&nbsp;(Richard West) &amp; Paul \"Rip\" Stone (co-founder with West of Plink Plonk),<sup id=\"cite_ref-6\" class=\"reference\">[6]</sup>&nbsp;Heart &amp; Soul and Wiggle run by&nbsp;Terry Francis&nbsp;and Nathan Coles.<sup id=\"cite_ref-Spin_4-1\" class=\"reference\">[4]</sup>&nbsp;Other DJs and artists associated with the sound at that time included&nbsp;Charles Webster,&nbsp;Phivos Iatropoullos (Pure Science),&nbsp;Bushwacka!, Cuartero,&nbsp;Dave Angel,&nbsp;Herbert, Terry Lee Brown Jr., Funk D'Void, Ian O'Brien,&nbsp;Derrick Carter&nbsp;and&nbsp;Stacey Pullen.<sup id=\"cite_ref-Spin_4-2\" class=\"reference\">[4]</sup><sup id=\"cite_ref-Bogdanov_5-2\" class=\"reference\">[5]</sup>&nbsp;By the late 1990s, London nightclub&nbsp;The End, owned by Mr C and Layo Paskin, was considered the home of tech house in the UK.<sup id=\"cite_ref-Spin_4-3\" class=\"reference\">[4]</sup>On the other side of the Atlantic one of the earliest innovators in the genre was Lucas Rodenbush, (E.B.E), who was releasing records on the US West Coast from 1995 onwards.</p>\n<p>&nbsp;</p>\n<h2><span id=\"Characteristics\" class=\"mw-headline\">Characteristics</span></h2>\n<p>As a mixing style, tech-house often brings together deep or minimal techno music, the soulful and jazzy end of house, some minimal and very often some dub elements. There is some overlap with progressive house, which too can contain deep, soulful, dub and techno elements; this is especially true since the turn of the millennium, as progressive-house mixes have themselves often become deeper and sometimes more minimal. However, the typical progressive-house mix has more energy than tech-house, which tends to have a more &ldquo;laid-back&rdquo; feel. Tech house fans tend to appreciate subtlety, as well as the &ldquo;middle ground&rdquo; that adds a &ldquo;splash of color to steel techno beats&rdquo; and eschews the &ldquo;banging&rdquo; of house music for intricate rhythms.</p>\n<h3>&nbsp;</h3>\n<h3><span id=\"Musical_structure\" class=\"mw-headline\">Musical structure</span></h3>\n<p>As a musical (as opposed to a mixing) style, tech-house uses the same basic structure as house. However, elements of the house 'sound' such as realistic jazz sounds (in&nbsp;deep house) and booming&nbsp;kick drums&nbsp;are replaced with elements from&nbsp;techno&nbsp;such as shorter, deeper, darker and often distorted kicks, smaller, quicker&nbsp;hi-hats, noisier&nbsp;snares&nbsp;and more synthetic or&nbsp;acid&nbsp;sounding&nbsp;synth&nbsp;melodies from the&nbsp;TB-303, including raw electronic noises from distorted&nbsp;sawtooth&nbsp;and&nbsp;square wave&nbsp;oscillators.</p>\n<p>&nbsp;</p>\n<p>Some producers also add soulful vocals and elements (David Chambers), and equally as much raw electronic sounds in their music. However, a rich techno-like kick and bassline seems to be a consistency amongst tech house music.</p>\n<h2>&nbsp;</h2>\n<h2><span id=\"History\" class=\"mw-headline\">History</span></h2>\n<p>Since the early 2000s, tech house has spread in Europe. Although it has long remained in the shadow of techno music (propelled by artists such as Adam Beyer or Richie Hawtin in northern Europe such as Germany, the Netherlands and Sweden), tech house knows a huge success in Spain. Indeed, thanks to the expansion of new DJs such as Marc Maya, Oscar Aguilera or Raul Mezcolanza (all resident DJs of a box in Barcelona: the ROW14), tech house can compete with other styles of electro festivals like the Monegros Desert Festival or the Awakenings Festival. However, the highlight of the tech house is also due to the promotion of this style of music by other DJs such as&nbsp;Carl Cox&nbsp;or&nbsp;Joris Voorn.</p>\n<h3>&nbsp;</h3>\n<h3><span id=\"Modern_resurgence\" class=\"mw-headline\">Modern resurgence</span></h3>\n<p>Tech house has become a highly popular form of dance music. As of September 2018, the&nbsp;Beatport&nbsp;top 100<sup id=\"cite_ref-7\" class=\"reference\">[7]</sup>&nbsp;is filled with tracks by artists like&nbsp;Green Velvet,&nbsp;Fisher, Solardo,&nbsp;Patrick Topping, and&nbsp;Jamie Jones, all of whom incorporate elements of tech house into their work. This resurgence in tech house can be ascribed to the recent surge in popularity of analog synth sounds, as well as the popularization of tech house artists in the&nbsp;United States, through labels like&nbsp;Dirtybird&nbsp;and the booking of multiple tech house DJ's at festivals like&nbsp;Coachella&nbsp;and CRSSD.</p>\n<h2>&nbsp;</h2>\n<h2><span id=\"References\" class=\"mw-headline\">References</span></h2>\n<div class=\"reflist\">\n<div class=\"mw-references-wrap\">\n<ol class=\"references\">\n<li id=\"cite_note-deshou-1\"><span class=\"mw-cite-backlink\"><strong>^</strong></span>&nbsp;<span class=\"reference-text\"><cite id=\"CITEREFLee\" class=\"citation web cs1\">Lee, Johnny.&nbsp;\"Bedouin are the bridge between deep tech and desert house\".&nbsp;<em>Mixmag</em><span class=\"reference-accessdate\">. Retrieved&nbsp;<span class=\"nowrap\">2 January</span>&nbsp;2019</span>.</cite></span></li>\n<li id=\"cite_note-viceplaya-2\"><span class=\"mw-cite-backlink\"><strong>^</strong></span>&nbsp;<span class=\"reference-text\"><cite id=\"CITEREFGarber\" class=\"citation web cs1\">Garber, David.&nbsp;\"Music Wasn't Meant to Be Part of Burning Man&mdash;So What's This Genre Called Playa Tech?\".&nbsp;<em>Vice</em><span class=\"reference-accessdate\">. Retrieved&nbsp;<span class=\"nowrap\">2 January</span>&nbsp;2019</span>.</cite></span></li>\n<li id=\"cite_note-thegdeep-3\"><span class=\"mw-cite-backlink\"><strong>^</strong></span>&nbsp;<span class=\"reference-text\"><cite id=\"CITEREFMorris\" class=\"citation web cs1\">Morris, Dominic.&nbsp;\"How deep tech became clubbing's biggest success story\".&nbsp;<em>The Guardian</em><span class=\"reference-accessdate\">. Retrieved&nbsp;<span class=\"nowrap\">2 January</span>&nbsp;2019</span>.</cite></span></li>\n<li id=\"cite_note-Spin-4\"><span class=\"mw-cite-backlink\">^&nbsp;<span class=\"cite-accessibility-label\">Jump up to:</span><sup><em><strong>a</strong></em></sup>&nbsp;<sup><em><strong>b</strong></em></sup>&nbsp;<sup><em><strong>c</strong></em></sup>&nbsp;<sup><em><strong>d</strong></em></sup></span>&nbsp;<span class=\"reference-text\">Aaron, Charles (2000), \"Whose House? Tech-house and the quest for dance music's post-rave soul,&nbsp;<em>Spin,</em>&nbsp;October 2000.</span></li>\n<li id=\"cite_note-Bogdanov-5\"><span class=\"mw-cite-backlink\">^&nbsp;<span class=\"cite-accessibility-label\">Jump up to:</span><sup><em><strong>a</strong></em></sup>&nbsp;<sup><em><strong>b</strong></em></sup>&nbsp;<sup><em><strong>c</strong></em></sup></span>&nbsp;<span class=\"reference-text\">Bogdanov, Vladimir (2001),&nbsp;<em>All Music Guide to Electronica: The Definitive Guide to Electronic Music,</em>&nbsp;Backbeat Books, UK; 4th Revised edition, (page xiv).</span></li>\n<li id=\"cite_note-6\"><span class=\"mw-cite-backlink\"><strong>^</strong></span>&nbsp;<span class=\"reference-text\">Plink Plonk&nbsp;profile on&nbsp;Discogs</span></li>\n<li id=\"cite_note-7\"><span class=\"mw-cite-backlink\"><strong>^</strong></span>&nbsp;<span class=\"reference-text\"><cite class=\"citation web cs1\">\"Beatport Top 100 Songs &amp; DJ Tracks\".&nbsp;<em>www.beatport.com</em><span class=\"reference-accessdate\">. Retrieved&nbsp;<span class=\"nowrap\">2018-09-30</span></span>.</cite></span></li>\n</ol>\n</div>\n</div>",
 "remarks": "本词条汉字内容由 @多频百科团队 翻译+编辑\n原文译自 https://en.wikipedia.org/wiki/Tech_house",
 "remarksEn": "本词条内容来自 https://en.wikipedia.org/wiki/Tech_house",
 "status": 1,
 "clickNum": 68,
 "deleted": 0,
 "lang": 0,
 "chooseLang": true,
 "id": 84,
 "name": "Tech House",
 "descriptions": "Tech House（科技浩室）是House音乐的一个子流派，结合了Techno和House的风格特点。术语tech house是作为一类电子舞曲的简写唱片商店名称发展起来的，它结合了techo的音乐方面，如 \"粗犷的低音 \"和 \"剧烈的节拍\"，以及渐进浩室的和谐节奏。这类音乐最初的制作风格干净而简约，与底特律音乐和英国的techno有关。",
 "originalName": "",
 "startTimeText": "Post-1986",
 "startAddress": "United States and Spain (mainly Detroit, Chicago and Ibiza)",
 "searchStyle": "House",
 "styleCategory": "House",
 "originalStyle": "House, techno, minimal techno, deep house",
 "affectStyle": "Hardcore techno, vocal trance, electro house, trance",
 "deriveStyle": "Desert house, Deep tech",
 "representArtist": "",
 "officialUrl": "https://en.wikipedia.org/wiki/Tech_house",
 "typeId": 13,
 "typeName": "风格",
 "dataId": 84,
 "url": "http://dropinapp.hearinmusic.com/#/ency?typeId=13&dataId=84"
}