{
 "pageNum": 1,
 "pageSize": 10,
 "params": {},
 "relationChannel": "[{\"id\":1433,\"parentId\":8,\"name\":\"Tekstyle\"}]",
 "content": "<p>Tekstyle是由Jumpstyle融合Hardtek元素而形成的一类Hardstyle音乐子风格，这类风格发展的历史不长，但有可观的受众群体和成长空间。</p>",
 "contentEn": "",
 "remarks": "本词条内容由 @多频百科团队 编辑",
 "remarksEn": "本词条内容暂未完善仅供参考，多频百科小编正在火速赶来",
 "status": 1,
 "clickNum": 18,
 "deleted": 0,
 "lang": 0,
 "chooseLang": false,
 "id": 193,
 "name": "Tekstyle",
 "descriptions": "Tekstyle是由Jumpstyle融合Hardtek元素而形成的一类Hardstyle音乐子风格，这类风格发展的历史不长，但有可观的受众群体和成长空间。",
 "originalName": "",
 "startTimeText": "",
 "startAddress": "",
 "searchStyle": "Hardstyle",
 "styleCategory": "Hardstyle",
 "originalStyle": "Jumpstyle, Hardtek",
 "affectStyle": "",
 "deriveStyle": "",
 "representArtist": "",
 "officialUrl": "https://musicmap.info/",
 "typeId": 13,
 "typeName": "风格",
 "dataId": 193,
 "url": "http://dropinapp.hearinmusic.com/#/ency?typeId=13&dataId=193"
}