{
 "pageNum": 1,
 "pageSize": 10,
 "params": {},
 "relationChannel": "[{\"id\":1444,\"parentId\":8,\"name\":\"Terrorcore\"}]",
 "content": "<div>Terrorcore--硬核音乐的次流派，创建于1995年。这个流派起源于鹿特丹，那里也是gabber的发源地。这些歌曲的特点是：</div>\n<div>&nbsp;</div>\n<div>非常高的节奏（大约250BPM或更高）。</div>\n<div>恐怖电影的采样（通常是非常扭曲的）。</div>\n<div>Terror歌曲中不存在人声，但如果加入一些话语样本，它们大多非常短，由粗俗的话语组成。</div>\n<div>&nbsp;</div>\n<div>&nbsp;</div>\n<div>Drokz被认为是 terrorcore这一名称的创造者。</div>\n<p>&nbsp;</p>\n<p><strong>艺人</strong></p>\n<p>Noisekick<br />Drokz<br />Akira<br />The Destroyer<br />Delta 9<br />Diabarha<br />Quato<br />Gabba Front Berlin<br />NigelL12<br />DJ fauski<br />Daby Dynamite<br />Suicide Rage<br />Extreme Rage<br />Dissoactive<br />Frankentek<br />Tank<br />Striker<br />KlereHerrieKrew<br />DGTP</p>\n<p>&nbsp;</p>",
 "contentEn": "<p>Terrorcore &ndash;subgenre of hardcore music created in 1995. Roots of this genre can be found in Rotterdam where gabber was created. Characteristic parts of the tracks are:</p>\n<p>Very high tempo (around 250BPM and higher) <br />Samples from horror films (usually very distorted).<br />Vocal is non-existent in Terror tracks, but if some samples of words are added they are mostly very short and consist of vulgar words.</p>\n<p>&nbsp;</p>\n<p>Drokz is regarded as the creator of the name terrorcore.</p>\n<p>&nbsp;</p>\n<p>Artist:</p>\n<p>Noisekick<br />Drokz<br />Akira<br />The Destroyer<br />Delta 9<br />Diabarha<br />Quato<br />Gabba Front Berlin<br />NigelL12<br />DJ fauski<br />Daby Dynamite<br />Suicide Rage<br />Extreme Rage<br />Dissoactive<br />Frankentek<br />Tank<br />Striker<br />KlereHerrieKrew<br />DGTP</p>",
 "remarks": "本词条汉字内容由 @多频百科团队 翻译+编辑\n原文译自 https://electronicmusic.fandom.com/wiki/Terrorcore",
 "remarksEn": "本词条内容来自 https://electronicmusic.fandom.com/wiki/Terrorcore",
 "status": 1,
 "clickNum": 10,
 "deleted": 0,
 "lang": 0,
 "chooseLang": true,
 "id": 216,
 "name": "Terrorcore",
 "descriptions": "Terrorcore--硬核音乐的次流派，创建于1995年。这个流派起源于鹿特丹，那里也是gabber的发源地。\n\n",
 "originalName": "",
 "startTimeText": "",
 "startAddress": "",
 "searchStyle": "Hardcore",
 "styleCategory": "Hardcore",
 "originalStyle": "",
 "affectStyle": "",
 "deriveStyle": "",
 "representArtist": "",
 "officialUrl": "https://electronicmusic.fandom.com/wiki/Terrorcore",
 "typeId": 13,
 "typeName": "风格",
 "dataId": 216,
 "url": "http://dropinapp.hearinmusic.com/#/ency?typeId=13&dataId=216"
}