{
 "pageNum": 1,
 "pageSize": 10,
 "params": {},
 "relationChannel": "[{\"id\":1414,\"parentId\":8,\"name\":\"Toytown Techno\"}]",
 "content": "<p>Toytown Techno（也称为kiddy rave或cartoon rave）是20世纪90年代早期techno的一个子类型，其特点是将techno、oldskool jungle或breakbeat hardcore与儿童节目或公共信息电影的采样相结合。</p>\n<p>&nbsp;</p>\n<p>Toytown Techno类型中流行的歌曲包括Mark Summers的 \"Summers Magic\"、Smart E的 \"Sesame's Treet\"、The Prodigy的 \"Charly \"和Urban Hype的 \"A Trip to Trumpton\"，分别采用了《The Magic Roundabout》、《Sesame Street》、《Charley Says》和《Trumpton》的采样。</p>",
 "contentEn": "<p><strong>Toytown techno</strong>&nbsp;(also known as&nbsp;<strong>kiddy rave</strong>&nbsp;or&nbsp;<strong>cartoon rave</strong>)<sup id=\"cite_ref-1\" class=\"reference\">[1]</sup>&nbsp;was a subgenre of early 1990s&nbsp;techno, characterised by merging techno,&nbsp;oldskool jungle, or&nbsp;breakbeat hardcore&nbsp;with samples from children's programmes or&nbsp;public information films.<sup id=\"cite_ref-LarkinDM_2-0\" class=\"reference\">[2]</sup></p>\n<p>&nbsp;</p>\n<p>Popular songs within the subgenre include&nbsp;Mark Summers's \"Summers Magic\",&nbsp;Smart E's&nbsp;\"Sesame's Treet\",&nbsp;The Prodigy's \"Charly\", and&nbsp;Urban Hype's \"A Trip to Trumpton\",<sup id=\"cite_ref-3\" class=\"reference\">[3]</sup>&nbsp;which featured samples from&nbsp;<em>The Magic Roundabout</em>,&nbsp;<em>Sesame Street</em>,&nbsp;<em>Charley Says</em>, and&nbsp;<em>Trumpton</em>, respectively.<sup id=\"cite_ref-LarkinDM_2-1\" class=\"reference\">[2]</sup></p>\n<h2>&nbsp;</h2>\n<h2><span id=\"References\" class=\"mw-headline\">References</span></h2>\n<div class=\"reflist\">\n<div class=\"mw-references-wrap\">\n<ol class=\"references\">\n<li id=\"cite_note-1\"><span class=\"mw-cite-backlink\"><strong>^</strong></span>&nbsp;<span class=\"reference-text\"><cite id=\"CITEREFCardew2017\" class=\"citation news cs1\">Cardew, Ben (11 September 2017).&nbsp;\"<span class=\"cs1-kern-left\">'</span>We were just clowning about': how cartoon rave changed pop\".&nbsp;<em>The Guardian</em>.&nbsp;ISSN&nbsp;0261-3077<span class=\"reference-accessdate\">. Retrieved&nbsp;<span class=\"nowrap\">22 August</span>&nbsp;2020</span>.</cite></span></li>\n<li id=\"cite_note-LarkinDM-2\"><span class=\"mw-cite-backlink\">^&nbsp;<span class=\"cite-accessibility-label\">Jump up to:</span><sup><em><strong>a</strong></em></sup>&nbsp;<sup><em><strong>b</strong></em></sup></span>&nbsp;<span class=\"reference-text\"><cite id=\"CITEREFColin_Larkin1998\" class=\"citation book cs1\">Colin Larkin, ed. (1998).&nbsp;<em>The Virgin Encyclopedia of Dance Music</em>&nbsp;(First&nbsp;ed.).&nbsp;Virgin Books. pp.&nbsp;343/4.&nbsp;ISBN&nbsp;<bdi>0-7535-0252-6</bdi>.</cite></span></li>\n<li id=\"cite_note-3\"><span class=\"mw-cite-backlink\"><strong>^</strong></span>&nbsp;<span class=\"reference-text\"><cite class=\"citation web cs1\">\"Toytown Techno\".&nbsp;Oxford Reference<span class=\"reference-accessdate\">. Retrieved&nbsp;<span class=\"nowrap\">30 June</span>&nbsp;2016</span>.</cite></span></li>\n</ol>\n</div>\n</div>",
 "remarks": "本词条汉字内容由 @多频百科团队 翻译+编辑\n原文译自 https://en.wikipedia.org/wiki/Toytown_techno",
 "remarksEn": "本词条内容来自 https://en.wikipedia.org/wiki/Toytown_techno",
 "status": 1,
 "clickNum": 20,
 "deleted": 0,
 "lang": 0,
 "chooseLang": true,
 "id": 149,
 "name": "Toytown Techno",
 "descriptions": "Toytown Techno（也称为kiddy rave或cartoon rave）是20世纪90年代早期techno的一个子类型，其特点是将techno、oldskool jungle或breakbeat hardcore与儿童节目或公共信息电影的采样相结合。",
 "originalName": "kiddy rave, cartoon rave",
 "startTimeText": "20世纪90年代早期",
 "startAddress": "",
 "searchStyle": "Techno",
 "styleCategory": "Techno",
 "originalStyle": "Oldskool Jungle, Breakbeat Hardcore",
 "affectStyle": "",
 "deriveStyle": "",
 "representArtist": "",
 "officialUrl": "https://en.wikipedia.org/wiki/Toytown_techno",
 "typeId": 13,
 "typeName": "风格",
 "dataId": 149,
 "url": "http://dropinapp.hearinmusic.com/#/ency?typeId=13&dataId=149"
}