{
 "pageNum": 1,
 "pageSize": 10,
 "params": {},
 "relationChannel": "[{\"id\":1193,\"parentId\":8,\"name\":\"Traditional UK Dubstep\"}]",
 "content": "<div>Traditional UK Dubstep（传统UK Dubstep，又称UK Dubstep）是对在英国伦敦地区出现和发展的一类早期Dubstep音乐的统称。它诞生于20世纪90年代末期，源自UK Garage、Dub、Drum and Bass等风格，是Dubstep最早的形态。这类音乐的特点是具有2-Step的切分鼓点节奏以及低沉浑厚的Wobble Bassline，通常营造出暗黑凝重的氛围。经过20余年的演变发展，Traditional UK Dubstep从听感上和现在大众更为熟悉的流行Dubstep音乐已经不尽相似，但它是所有Dubstep音乐类型和文化的源头，且至今仍在继续延续和发展。</div>\n<div>&nbsp;</div>\n<div><strong>历史</strong></div>\n<div>最早的Dubstep发行可以追溯到1998年。2001年，在伦敦的夜总会Plastic People、\"Forward \"之夜（有时被风格化为FWD&gt;&gt;）和海盗电台Rinse FM上，这种声音和其他车库音乐开始被展示和推广，这对dubstep的发展产生了相当大的影响。2002年左右，Big Apple、Ammunition和Tempa等厂牌开始使用 \"dubstep \"这个词来指代一种音乐类型，那时，这些混音中使用的风格趋势变得更加明显，与2-step和grime截然不同。</div>\n<div>&nbsp;</div>\n<div>2003年，DJ Hatcha在Rinse FM和Forward&gt;&gt;的演出中为dubstep开创了一个新的方向。他的演出是以10英寸的one-off reggae风格的dubplate（用于试听或试探市场的稀有黑胶唱片）为基础，完全影响了南伦敦的新制作人--最早是Benga和Skream，然后是Digital Mystikz和Loefah，开始发展dubstep的黑暗、清脆和极简的新方向。</div>\n<div>&nbsp;</div>\n<div>一个非常早期的支持者是BBC Radio 1的DJ John Peel，他从2003年开始播放这种音乐。在2004年，也就是他节目的最后一年，他的听众将Distance、Digital Mystikz和Plastician选为年度50强。2005年底和2006年初，当Dubstep超越了当地的小场景，开始进入英国的主流流行文化；互联网上出现了许多专门介绍这种类型的网站，并帮助了这个场景的发展，如dubstepforum、下载网站Barefiles和博客，如gutterbreakz。同时，该流派在音乐杂志（如The Wire）和在线出版物（如Pitchfork）中得到了广泛的报道，并定期推出题为 \"The Month In: Grime/Dubstep。2006年1月，英国广播公司第一电台DJ玛丽-安妮-霍布斯（Mary Anne Hobbs）开始倡导这种风格，并在2006年1月推出了一个专门针对这种风格的节目（名为 \"Dubstep Warz\"），此后人们对dubstep的兴趣大增。</div>\n<p class=\"paragraph text-align-type-left pap-line-1.8 pap-line-rule-auto pap-spacing-before-0pt pap-spacing-after-0pt\">&nbsp;</p>\n<p class=\"paragraph text-align-type-left pap-line-1.8 pap-line-rule-auto pap-spacing-before-0pt pap-spacing-after-0pt\"><strong>音乐特点</strong></p>\n<p class=\"paragraph text-align-type-left pap-line-1.8 pap-line-rule-auto pap-spacing-before-0pt pap-spacing-after-0pt\">音乐网站Allmusic将dubstep的声音描述为 \"紧密地缠绕，具有压倒性的低音线和混响的鼓声模式，剪辑的采样，以及偶尔的人声。 \"根据Simon Reynolds的说法，dubstep的音乐元素最初来自 \"1989-99年UK lineage：bleep 'n' bass, jungle, techstep, Photek-style neurofunk, speed garage, 和 2 step.\" Reynolds评论，你们可以从dubstep音乐中找到各种风格的痕迹，它们通过其固有的声音效果发挥作用，但同时，你们可以透过这些声音发现dubstep的独特。</p>\n<p class=\"paragraph text-align-type-left pap-line-1.8 pap-line-rule-auto pap-spacing-before-0pt pap-spacing-after-0pt\">&nbsp;</p>\n<div>\n<div class=\"document\">\n<p class=\"paragraph text-align-type-left pap-line-1.8 pap-line-rule-auto pap-spacing-before-0pt pap-spacing-after-0pt\">Dubstep早期起源于UK garage制作人的实验性发行，试图将drum and bass的元素融入2-step garage的声音中。这些实验通常是在白标的B面或商业garage发行。类似于人声garage的混合体--grime--该流派的感觉通常是黑暗的，曲目经常使用小调或弗里吉安模式，以不和谐的和声为特征，如在一个riff中的tritone间隔。 与其他风格的garage音乐相比，dubstep更加简约，具有突出的bassline。一些dubstep艺术家也吸收其它风格的元素，如Basic Channel、古典音乐、重金属等。</p>\n<p>&nbsp;</p>\n<p class=\"paragraph text-align-type-left pap-line-1.8 pap-line-rule-auto pap-spacing-before-0pt pap-spacing-after-0pt\">Dubstep的节奏通常是切分音，而且经常是shuffled或结合了tuplets。节奏总是在每分钟138-142次，在一个小节中每隔三拍插入一次拍子或小鼓。在其早期阶段，Dubstep更具冲击性，深受two‑step drum的影响。许多制作人也在尝试使用部落鼓的采样，如Loefah早期发行的 \"Truly Dread \"和Mala的 \"Anti-War Dub\"。</p>\n<div>\n<div class=\"document\">\n<p class=\"paragraph text-align-type-left pap-line-1.8 pap-line-rule-auto pap-spacing-before-0pt pap-spacing-after-0pt\">&nbsp;</p>\n<p class=\"paragraph text-align-type-left pap-line-1.8 pap-line-rule-auto pap-spacing-before-0pt pap-spacing-after-0pt\">传统Dubstep的一个重要特点是Wobble Bass（摇摆的低音）的使用，通常被称为 \"wub\"，这是通过使用低频振荡器来操纵合成器的某些参数，如音量、失真或过滤器的截止点来产生的。与新派Dubstep和各类衍生风格不同，传统Dubstep的Wobble Bass没有张牙舞爪的侵略性，而是专注于低频的脉冲下潜，其塑造的氛围是伦敦特色的暗黑、阴雨连绵的环境质感。Drop部分使用单一循环的Wobble Bass不断机械式重复也是传统Dubstep的特点，这也反映出这类风格所追求的极简主义思想。</p>\n<p class=\"paragraph text-align-type-left pap-line-1.8 pap-line-rule-auto pap-spacing-before-0pt pap-spacing-after-0pt\">&nbsp;</p>\n<p class=\"paragraph text-align-type-left pap-line-1.8 pap-line-rule-auto pap-spacing-before-0pt pap-spacing-after-0pt\"><strong>知名艺人</strong></p>\n<div>\n<div class=\"document\">\n<div>\n<div class=\"document\">\n<p class=\"paragraph text-align-type-left pap-line-1.8 pap-line-rule-auto pap-spacing-before-0pt pap-spacing-after-0pt\">Traditional UK Dubstep的场景中，早期主要人物包括来自伦敦的MC Sgt Pokes和MC Crazy D，以及来自特立尼达的Juakali。Kode9与Spaceape进行了广泛的合作，后者以dread poet的风格进行主持。Kevin Martin几乎完全是与MC合作，如Warrior Queen、Flowdan和Tippa Irie。Skream还在他的首张专辑《Skream！》中邀请了Warrior Queen和Grime艺术家JME。</p>\n<p class=\"paragraph text-align-type-left pap-line-1.8 pap-line-rule-auto pap-spacing-before-0pt pap-spacing-after-0pt\">&nbsp;</p>\n<p class=\"paragraph text-align-type-left pap-line-1.8 pap-line-rule-auto pap-spacing-before-0pt pap-spacing-after-0pt\" style=\"text-align: center;\"><img src=\"https://duopin-community.oss-cn-shenzhen.aliyuncs.com/gl5wtfqe7fj7w7plpzhw.jpg\" alt=\"\" width=\"1024\" height=\"718\" /></p>\n<p class=\"paragraph text-align-type-left pap-line-1.8 pap-line-rule-auto pap-spacing-before-0pt pap-spacing-after-0pt\" style=\"text-align: center;\"><span style=\"font-size: 8pt;\">Dubstep制作人Skream，是自Dubstep流行开始以来最广为人知的名字之一</span></p>\n<p class=\"paragraph text-align-type-left pap-line-1.8 pap-line-rule-auto pap-spacing-before-0pt pap-spacing-after-0pt\" style=\"text-align: center;\"><span style=\"font-size: 8pt;\">By https://www.flickr.com/photos/drown/ - https://www.flickr.com/photos/drown/3445619915/, CC BY-SA 2.0, https://commons.wikimedia.org/w/index.php?curid=12268721</span></p>\n<p class=\"paragraph text-align-type-left pap-line-1.8 pap-line-rule-auto pap-spacing-before-0pt pap-spacing-after-0pt\">&nbsp;</p>\n<p class=\"paragraph text-align-type-left pap-line-1.8 pap-line-rule-auto pap-spacing-before-0pt pap-spacing-after-0pt\">来自伦敦南部的Skream是Traditional UK Dubstep艺术家中杰出的代表之一，与他同时期的其它传统Dubstep代表人物还包括Benga、N Type、Walsh、Chef、Loefah、Cyrus、组合Digital Mystikz（Mala和Coki）等，他们在21世纪00年代初期陆续进入这个领域并获得了认可。</p>\n</div>\n</div>\n</div>\n</div>\n</div>\n</div>\n</div>\n</div>",
 "remarks": "本词条汉字内容由 @多频百科团队 翻译+编辑\n原文译自 https://en.wikipedia.org/wiki/Dubstep",
 "remarksEn": "本词条内容暂未完善仅供参考，多频百科小编正在火速赶来",
 "status": 1,
 "clickNum": 20,
 "deleted": 0,
 "lang": 0,
 "chooseLang": false,
 "id": 150,
 "name": "Traditional UK Dubstep",
 "descriptions": "Traditional UK Dubstep（传统UK Dubstep，又称UK Dubstep）是对在英国伦敦地区出现和发展的一类早期Dubstep音乐的统称。它诞生于20世纪90年代末期，源自UK Garage、Dub、Drum and Bass等风格，是Dubstep最早的形态。这类音乐的特点是具有2-Step的切分鼓点节奏以及低沉浑厚的Wobble Bassline，通常营造出暗黑凝重的氛围。经过20余年的演变发展，Traditional UK Dubstep从听感上和现在大众更为熟悉的流行Dubstep音乐已经不尽相似，但它是所有Dubstep音乐类型和文化的源头，且至今仍在继续延续和发展。",
 "originalName": "UK Dubstep",
 "startTimeText": "Late 1990s – early 2000s",
 "startAddress": "London, England, United Kingdom",
 "searchStyle": "Dubstep",
 "styleCategory": "Dubstep",
 "originalStyle": "2-step, UK garage, dub, breakbeat, grime, reggae, jungle, drum and bass",
 "affectStyle": "",
 "deriveStyle": "Brostep",
 "representArtist": "MC Sgt Pokes, Skream, Benga, Digital Mystikz",
 "officialUrl": "https://en.wikipedia.org/wiki/Dubstep",
 "typeId": 13,
 "typeName": "风格",
 "dataId": 150,
 "url": "http://dropinapp.hearinmusic.com/#/ency?typeId=13&dataId=150"
}