{
 "pageNum": 1,
 "pageSize": 10,
 "params": {},
 "relationChannel": "[{\"id\":616,\"parentId\":8,\"name\":\"Trance\"}]",
 "relationEncy": "[{\"id\":36510,\"typeId\":13,\"dataId\":183,\"name\":\"Uplifting Trance\",\"url\":\"http://dropinapp.hearinmusic.com/#/ency?typeId=13&dataId=183\"},{\"id\":36501,\"typeId\":13,\"dataId\":174,\"name\":\"Psychedelic Trance\",\"url\":\"http://dropinapp.hearinmusic.com/#/ency?typeId=13&dataId=174\"},{\"id\":36500,\"typeId\":13,\"dataId\":173,\"name\":\"Progressive Trance\",\"url\":\"http://dropinapp.hearinmusic.com/#/ency?typeId=13&dataId=173\"},{\"id\":36495,\"typeId\":13,\"dataId\":168,\"name\":\"Eurotrance\",\"url\":\"http://dropinapp.hearinmusic.com/#/ency?typeId=13&dataId=168\"},{\"id\":36492,\"typeId\":13,\"dataId\":165,\"name\":\"Acid Trance\",\"url\":\"http://dropinapp.hearinmusic.com/#/ency?typeId=13&dataId=165\"},{\"id\":36721,\"typeId\":11,\"dataId\":590,\"name\":\"A State Of Trance (Radio Show)\",\"url\":\"http://dropinapp.hearinmusic.com/#/ency?typeId=11&dataId=590\"}]",
 "content": "<p>Trance是一种电子音乐的风格，中文一般称之为出神、传思、劝世等。1980年代，Trance起源于英国的锐舞派对当中，并于1990年代的早期在德国兴起，而后传播到欧洲的其他区域及北美地区，同时期在印度的果阿邦，Trance也聚集了一批追随者。藉由新世纪电音文化的广泛传播，在亚洲的其他许多国家如日本、中国等国家也拥有了受众。</p>\n<p>&nbsp;</p>\n<p>Trance音乐在1990年代早期是科技舞曲(Techno)、浩室舞曲(House)的一种更加旋律化的分支，在发展的过程中又吸收了流行音乐、驰放音乐、古典音乐、科技浩室、氛围音乐以及电影配乐等多种音乐形式的元素，使得在早期基础之上变得更加多元化，并在1990年代之后成为独立且特点显著的电子音乐类型。出神音乐的特点也在此过程中产生，即一种通常节奏在128至140BPM之间，4/4拍，注重旋律、和声来营造长时间的出神氛围的一种音乐形式。在部分子类型中节奏并不固定在128至140BPM之间。</p>\n<p>&nbsp;</p>\n<p>Trance的直接理解是一种处于催眠或意识提升的状态，在Trance音乐中通过的是利用层层音色的混合，按着节奏不断地递进或释放来描绘这种感受，这使得出神音乐拥有较长的情绪铺垫（breakdown）与情绪提升(Build-Up)阶段， 且音乐释放的高潮(drop)阶段拥有着更强的宏伟与深邃感。出神音乐一曲通常很长，已允许这种氛围的营造，并且通常拥有较长的起始(Intro)与结尾(Outro)阶段，以便于DJs能够进行混合。</p>\n<p>&nbsp;</p>\n<p>Trance音乐大多数是不会有歌声的，而剩下少数Trance音乐的歌声通常是由中高音与高音的女歌手来演唱，且并不会采用传统的诗歌、合唱结构。出神音乐中不同于其他音乐类型的结构化声乐形式是子类型声乐出神的基础，它被描述为「宏伟的、翱翔的、歌剧的」。当然，男性歌手为主要音色的Trance音乐，例如Jonathan Mendelsohn，也有自己的特点。</p>\n<p>&nbsp;</p>\n<p><strong><span style=\"font-size: 12pt;\">起源</span></strong></p>\n<p>Trance音乐，融合了上世纪中部时期数十年间的数种音乐风格，包括了 Synthpop、Hi-NRG、Techno和House等。由于这种复杂的起源，定义第一首Trance是困难且具有争议的，但我们可以说，到20世纪90年代初期，在经历了概念的孕育以后，有了确切的音乐表达、具体作品及制作人的认可以后，Trance就成为了一种独立的音乐形式。</p>\n<div>\n<div class=\"document\">\n<p class=\"paragraph text-align-type-left pap-line-1.8 pap-line-rule-auto pap-spacing-before-2pt pap-spacing-after-2pt\">&nbsp;</p>\n<p class=\"paragraph text-align-type-left pap-line-1.8 pap-line-rule-auto pap-spacing-before-2pt pap-spacing-after-2pt\"><span style=\"text-decoration: underline;\">序幕</span></p>\n<p class=\"paragraph text-align-type-left pap-line-1.8 pap-line-rule-auto pap-spacing-before-2pt pap-spacing-after-2pt\">Trance首次作为一个术语是出现在爵士乐当中，例如Lou Gold &amp; His Orchestra - Dancing In A Trance (1930) 及Korla Pandit - Trance Dance (1954)。这时期仅仅表达的是一种音乐感觉，阐述作品能够带给人Trance的感觉。Trance作为电子音乐家族的一员，离不开电子乐器与合成器的出现，这些新技术的出现也离不开像皮埃尔&middot;舍费尔、Herbert Eimert和Else Marie Pade等音乐先驱的基础工作。对这些前卫声音技术的使用，营造了早期电子音乐例如合成器流行、电子流行的创造条件，这才有了后来的电子舞曲并延伸至Trance音乐，电子乐器作品Pop Corn(1969)就可以算得上是早期的合成器流行。</p>\n<div>\n<div class=\"document\">\n<p class=\"paragraph text-align-type-left pap-line-1.8 pap-line-rule-auto pap-spacing-before-2pt pap-spacing-after-2pt\">&nbsp;</p>\n<p class=\"paragraph text-align-type-left pap-line-1.8 pap-line-rule-auto pap-spacing-before-2pt pap-spacing-after-2pt\">第一批电子乐曲的例子：</p>\n<p class=\"paragraph text-align-type-left pap-line-1.8 pap-line-rule-auto pap-spacing-before-2pt pap-spacing-after-2pt\">&nbsp;</p>\n<p class=\"paragraph text-align-type-left pap-line-1.8 pap-line-rule-auto pap-spacing-before-2pt pap-spacing-after-2pt\">1951: Bernard Herrmann &ndash; The Day the Earth Stood Still (Original Motion Picture Soundtrack)</p>\n<p class=\"paragraph text-align-type-left pap-line-1.8 pap-line-rule-auto pap-spacing-before-2pt pap-spacing-after-2pt\">1959: Raymond Scott &ndash; Cindy Electronium</p>\n<p class=\"paragraph text-align-type-left pap-line-1.8 pap-line-rule-auto pap-spacing-before-2pt pap-spacing-after-2pt\">1963: B.B.C. Radiophonic Workshop &ndash; Doctor Who</p>\n<p class=\"paragraph text-align-type-left pap-line-1.8 pap-line-rule-auto pap-spacing-before-2pt pap-spacing-after-2pt\">1969: Gershon Kingsley &ndash; Pop Corn</p>\n<p class=\"paragraph text-align-type-left pap-line-1.8 pap-line-rule-auto pap-spacing-before-2pt pap-spacing-after-2pt\">&nbsp;</p>\n<p class=\"paragraph text-align-type-left pap-line-1.8 pap-line-rule-auto pap-spacing-before-2pt pap-spacing-after-2pt\"><span style=\"text-decoration: underline;\">概念酝酿（20世纪70年代）</span></p>\n<div>\n<div class=\"document\">\n<p class=\"paragraph text-align-type-left pap-line-1.8 pap-line-rule-auto pap-spacing-before-2pt pap-spacing-after-2pt\">在出现了初期的电子音乐以后，更多的电子音乐艺术家开始浮现，电子舞曲还未发祥，但Trance的音乐概念已经逐渐开始产生，我们可以追溯到诸如德国电子乐队发电厂乐团的作品Autobahn(1974)、Trans Europe Express (1977) 以及意大利先驱Giorgio Moroder的I Feel Love(1977)的八分钟版本。由于Trance与氛围音乐以及德国泡菜摇滚密切相关，此时期的德国先驱Klaus Schulze与罐头乐队由于其作品中显著地以重复的优美旋律营造氛围的这种属于Trance的手法也被认为启迪了后来的制作人。此外Eberhard Schoener于1977年发表了他的电子摇滚专辑Trance Formation其中包括了同名曲Trance Formation和Falling In Trance两首曲目，Eberhard评论他自己的作品觉得有些梦幻：&ldquo;这些音乐描述了我经常前往亚洲的非常个人、主观的一些经历和感受，特别是通过尼泊尔和西藏边境的探险(&hellip;) 最后呈现的音乐是有关Trance的状态及感觉的。&rdquo;</p>\n<p class=\"paragraph text-align-type-left pap-line-1.8 pap-line-rule-auto pap-spacing-before-2pt pap-spacing-after-2pt\">&nbsp;</p>\n<p class=\"paragraph text-align-type-left pap-line-1.8 pap-line-rule-auto pap-spacing-before-2pt pap-spacing-after-2pt\">此时代被认为含有Trance音乐元素或可以被定义为Trance音乐的作品例子：</p>\n<p class=\"paragraph text-align-type-left pap-line-1.8 pap-line-rule-auto pap-spacing-before-2pt pap-spacing-after-2pt\">&nbsp;</p>\n<p class=\"paragraph text-align-type-left pap-line-1.8 pap-line-rule-auto pap-spacing-before-2pt pap-spacing-after-2pt\">1974: Tangerine Dream &ndash; Phaedra</p>\n<p class=\"paragraph text-align-type-left pap-line-1.8 pap-line-rule-auto pap-spacing-before-2pt pap-spacing-after-2pt\">1977: Donna Summer &ndash; I Feel Love</p>\n<p class=\"paragraph text-align-type-left pap-line-1.8 pap-line-rule-auto pap-spacing-before-2pt pap-spacing-after-2pt\">1977: Kraftwerk &ndash; Trans Europe Express</p>\n<p class=\"paragraph text-align-type-left pap-line-1.8 pap-line-rule-auto pap-spacing-before-2pt pap-spacing-after-2pt\">1978: Automat &ndash; Automat (The Rise)</p>\n<p class=\"paragraph text-align-type-left pap-line-1.8 pap-line-rule-auto pap-spacing-before-2pt pap-spacing-after-2pt\"><span style=\"font-size: 12pt;\"><strong>&nbsp;</strong></span></p>\n<p class=\"paragraph text-align-type-left pap-line-1.8 pap-line-rule-auto pap-spacing-before-2pt pap-spacing-after-2pt\"><span style=\"text-decoration: underline;\">初步形成（20世纪80年代）</span></p>\n<div>\n<div class=\"document\">\n<p class=\"paragraph text-align-type-left pap-line-1.8 pap-line-rule-auto pap-spacing-before-2pt pap-spacing-after-2pt\">80年代，Trance这个词被越来越多的制作人开始使用。德国先驱制作人Klaus Schulze在这个时期发表了Trancefer(1981)以及En=Trance(1988)两张专辑，被视为是Trance音乐的名称确立。而后英国的唱片公司The KLF在80年代末期发表了专辑Pure Trance，包含了What Time is Love (1988)、Kylie Said Trance (1989) 和 Last Train to Trancentral (1989)等作品，首次确认了一种作为Acid Techno和House音乐补充的音乐类型，那就是Trance。</p>\n<p class=\"paragraph text-align-type-left pap-line-1.8 pap-line-rule-auto pap-spacing-before-2pt pap-spacing-after-2pt\">&nbsp;</p>\n<p class=\"paragraph text-align-type-left pap-line-1.8 pap-line-rule-auto pap-spacing-before-2pt pap-spacing-after-2pt\">此时代被认为是Trance或定义就是Trance音乐的作品例子：</p>\n<p class=\"paragraph text-align-type-left pap-line-1.8 pap-line-rule-auto pap-spacing-before-2pt pap-spacing-after-2pt\">&nbsp;</p>\n<p class=\"paragraph text-align-type-left pap-line-1.8 pap-line-rule-auto pap-spacing-before-2pt pap-spacing-after-2pt\">1980: Kano &ndash; Cosmic Voyager</p>\n<p class=\"paragraph text-align-type-left pap-line-1.8 pap-line-rule-auto pap-spacing-before-2pt pap-spacing-after-2pt\">1981: Monsoon &ndash; Ever So Lonely</p>\n<p class=\"paragraph text-align-type-left pap-line-1.8 pap-line-rule-auto pap-spacing-before-2pt pap-spacing-after-2pt\">1988: The KLF &ndash; What Time Is Love?</p>\n<p class=\"paragraph text-align-type-left pap-line-1.8 pap-line-rule-auto pap-spacing-before-2pt pap-spacing-after-2pt\">1989: Venus 1999 &ndash; Do know yourself</p>\n<p class=\"paragraph text-align-type-left pap-line-1.8 pap-line-rule-auto pap-spacing-before-2pt pap-spacing-after-2pt\">&nbsp;</p>\n<p class=\"paragraph text-align-type-left pap-line-1.8 pap-line-rule-auto pap-spacing-before-2pt pap-spacing-after-2pt\"><span style=\"text-decoration: underline;\">音乐形式确立（20世纪90年代初期）</span></p>\n<div>\n<div class=\"document\">\n<p class=\"paragraph text-align-type-left pap-line-1.8 pap-line-rule-auto pap-spacing-before-2pt pap-spacing-after-2pt\">90年代起，Trance开始被作为一种独立的音乐形式，尤其在德国成为了一种风尚。由柏林厂牌旗下的Paul van Dyk，Cosmic Baby和Mijk van Dijk等制作人制作的Trance音乐成为了夜店的新宠。法兰克福也是如此，本地DJ DJ Dag、本地夜店创始人Talla 2XLC、厂牌Eye Q Records等将Trance带到了法兰克福，作家Ben Coen将Trance在德国兴起的根源追溯至Paul van Dyk在1993的再混音曲目&ldquo;Love Stimulation&rdquo;，在这几年时间中，大量的Trance作品开始涌现，迅速蔓延至整个德国，乃至西欧地区。</p>\n<p class=\"paragraph text-align-type-left pap-line-1.8 pap-line-rule-auto pap-spacing-before-2pt pap-spacing-after-2pt\">&nbsp;</p>\n<p class=\"paragraph text-align-type-left pap-line-1.8 pap-line-rule-auto pap-spacing-before-2pt pap-spacing-after-2pt\">此时代的Trance音乐代表作品：</p>\n<p class=\"paragraph text-align-type-left pap-line-1.8 pap-line-rule-auto pap-spacing-before-2pt pap-spacing-after-2pt\">&nbsp;</p>\n<p class=\"paragraph text-align-type-left pap-line-1.8 pap-line-rule-auto pap-spacing-before-2pt pap-spacing-after-2pt\">1990: Age of Love &ndash; The Age of Love</p>\n<p class=\"paragraph text-align-type-left pap-line-1.8 pap-line-rule-auto pap-spacing-before-2pt pap-spacing-after-2pt\">1992: Orbital &ndash; Halcyon</p>\n<p class=\"paragraph text-align-type-left pap-line-1.8 pap-line-rule-auto pap-spacing-before-2pt pap-spacing-after-2pt\">1993: Paul van Dyk - Love Stimulation</p>\n<p class=\"paragraph text-align-type-left pap-line-1.8 pap-line-rule-auto pap-spacing-before-2pt pap-spacing-after-2pt\">1994: Li Kwan &ndash; Point Zero</p>\n<p class=\"paragraph text-align-type-left pap-line-1.8 pap-line-rule-auto pap-spacing-before-2pt pap-spacing-after-2pt\">&nbsp;</p>\n<p class=\"paragraph text-align-type-left pap-line-1.8 pap-line-rule-auto pap-spacing-before-2pt pap-spacing-after-2pt\"><strong><span style=\"font-size: 12pt;\">发展</span></strong></p>\n<p class=\"paragraph text-align-type-left pap-line-1.8 pap-line-rule-auto pap-spacing-before-2pt pap-spacing-after-2pt\">Trance音乐在20世纪90年代早期在德国确立音乐形式并获得成功以后，首先在整个德语区发展，并传播到了英国及低地国家，而后使得整个西欧地区都进入了Trance音乐的快速发展周期，新的制作人和Trance音乐现场不断涌现，现今称这一时期的Trance子类为经典Trance，包含了酸性Trance(Acid Trance)、梦幻Trance(Dream Trance)、欧陆Trance(Euro Trance)等风格，进入低地国家产生了硬派Trance(Hard Trance)以及荷兰Trance(Dutch Trance)等子类型，并持续发展。传播到以色列后，另一种在以色列流行的类似酸性Trance(Acid Trance)的来源于印度果阿邦的音乐被重新认定为果阿Trance(Goa Trance)，也有人认为在印度果阿就已经确定了Goa Trance的音乐形式，结合了更新颖的声音技术之后发展为了迷幻Trance(Psy Trance)，至今仍然流行。而大量的Trance作品在不断的融合当中确定了更加细致的曲式结构规则，并定义为渐进Trance(Progressive Trance)和振奋Trance(Uplifting Trance)等类型的Trance音乐，并发展至今。</p>\n<div>\n<div class=\"document\">\n<p class=\"paragraph text-align-type-left pap-line-1.8 pap-line-rule-auto pap-spacing-before-2pt pap-spacing-after-2pt\">&nbsp;</p>\n<p class=\"paragraph text-align-type-left pap-line-1.8 pap-line-rule-auto pap-spacing-before-2pt pap-spacing-after-2pt\"><span style=\"text-decoration: underline;\">迅速扩大影响（20世纪90年代末期）</span></p>\n<p class=\"paragraph text-align-type-left pap-line-1.8 pap-line-rule-auto pap-spacing-before-2pt pap-spacing-after-2pt\">20世纪90年代，Trance音乐的发展陡然提速，更多的Trance音乐在德语国家取得成功，诸如Robert Miles创作的Children (1995)和B.B.E创作的Seven Days And One Week (1996)。英国的DJ们像sasha、John Digweed和Paul Oakenfold等人将Trance带到了英国，并使得英国成为了现场演出的中心，同时也带到了纽约和伊比萨岛的夜店。Paul Oakenfold重新发表的Not Over Yet(1993)在英国单曲排行榜上达到了第6，美国舞曲排名达到了第1，甚至在以色列单曲榜上也达到了第1。</p>\n<div>\n<div class=\"document\">\n<p class=\"paragraph text-align-type-left pap-line-1.8 pap-line-rule-auto pap-spacing-before-2pt pap-spacing-after-2pt\">&nbsp;</p>\n<p class=\"paragraph text-align-type-left pap-line-1.8 pap-line-rule-auto pap-spacing-before-2pt pap-spacing-after-2pt\">而自1997年起，通过Tiesto、Armin van Buuren和Ferry Corsten等荷兰DJ的努力，荷兰Trance(Dutch Trance)形成了自己的Trance文化，90年代末期起，荷兰最受欢迎的电子舞曲类型从盛行已久的硬核舞曲变为了荷兰Trance(Dutch Trance)，并以荷兰Trance与时兴的渐进Trance(Progressive Trance)发展定义了更确定曲式结构的Trance音乐类型振奋Trance(Uplifting Trance)。</p>\n<p class=\"paragraph text-align-type-left pap-line-1.8 pap-line-rule-auto pap-spacing-before-2pt pap-spacing-after-2pt\">&nbsp;</p>\n<p class=\"paragraph text-align-type-left pap-line-1.8 pap-line-rule-auto pap-spacing-before-2pt pap-spacing-after-2pt\">1998年，Paul van Dyk凭借1994年制作的专辑45 RPM中曲目For An Angel地重新发布，获得了国际性的突破，这首曲目在英国舞曲排行榜中连续两周排名第1，而在德国连续四周排名第1，在美国、澳大利亚、低地国家、斯堪的纳维亚国家都取得相当好的排名，同年Andre Tanneberger以简称ATB的名义发表了个人首张单曲9 PM (Till I Come)，在英国排行榜中最高排名第1，在德国排名第14，并在丹麦、澳大利亚、瑞典、英国取得了白金唱片销量;南非、意大利、挪威取得了金唱片销量。1999年，他的曲目Do not Stop再次在丹麦和瑞典取得了白金唱片销量。</p>\n<p class=\"paragraph text-align-type-left pap-line-1.8 pap-line-rule-auto pap-spacing-before-2pt pap-spacing-after-2pt\">&nbsp;</p>\n<p class=\"paragraph text-align-type-left pap-line-1.8 pap-line-rule-auto pap-spacing-before-2pt pap-spacing-after-2pt\">这一系列的例证都代表了Trance音乐在90年代末期取得的成功，其中的经典曲目有：</p>\n<p class=\"paragraph text-align-type-left pap-line-1.8 pap-line-rule-auto pap-spacing-before-2pt pap-spacing-after-2pt\">&nbsp;</p>\n<p class=\"paragraph text-align-type-left pap-line-1.8 pap-line-rule-auto pap-spacing-before-2pt pap-spacing-after-2pt\">1995: Robert Miles &ndash; Children</p>\n<p class=\"paragraph text-align-type-left pap-line-1.8 pap-line-rule-auto pap-spacing-before-2pt pap-spacing-after-2pt\">1996: B.B.E &ndash; Seven Days And One Week</p>\n<p class=\"paragraph text-align-type-left pap-line-1.8 pap-line-rule-auto pap-spacing-before-2pt pap-spacing-after-2pt\">1997: Kai Tracid &ndash; Your Own Reality</p>\n<p class=\"paragraph text-align-type-left pap-line-1.8 pap-line-rule-auto pap-spacing-before-2pt pap-spacing-after-2pt\">1998: Paul van Dyk &ndash; For An Angel (PvD E-Werk Club Mix)</p>\n<p class=\"paragraph text-align-type-left pap-line-1.8 pap-line-rule-auto pap-spacing-before-2pt pap-spacing-after-2pt\">1999: Sasha &ndash; Xpander</p>\n<p class=\"paragraph text-align-type-left pap-line-1.8 pap-line-rule-auto pap-spacing-before-2pt pap-spacing-after-2pt\">1999: Delerium &ndash; Silence (DJ Tiesto Remix)</p>\n<p class=\"paragraph text-align-type-left pap-line-1.8 pap-line-rule-auto pap-spacing-before-2pt pap-spacing-after-2pt\"><span style=\"font-size: 12pt;\">&nbsp;</span></p>\n<p class=\"paragraph text-align-type-left pap-line-1.8 pap-line-rule-auto pap-spacing-before-2pt pap-spacing-after-2pt\"><span style=\"text-decoration: underline;\">电子舞曲的领头羊（21世纪00年代）</span></p>\n<div>\n<div class=\"document\">\n<p class=\"paragraph text-align-type-left pap-line-1.8 pap-line-rule-auto pap-spacing-before-2pt pap-spacing-after-2pt\">进入21世纪，荷兰的Trance制作人/DJ逐渐取代了德国Trance制作人/DJ的地位，成为了Trance音乐的事实领导者，而2001年当Tiesto还在庆祝他再混音自Delerium的曲目Silence取得了国际性的突破，获得了Billboard排行榜的第三，且他的专辑In My Memory在德国专辑排行榜获得金唱片的排行时，另一位荷兰DJ树立了Trance音乐的一个新的里程碑。</p>\n<p class=\"paragraph text-align-type-left pap-line-1.8 pap-line-rule-auto pap-spacing-before-2pt pap-spacing-after-2pt\">&nbsp;</p>\n<p class=\"paragraph text-align-type-left pap-line-1.8 pap-line-rule-auto pap-spacing-before-2pt pap-spacing-after-2pt\">在2001年的3月18日，Armin van Buuren首次播出了他的电台节目&ldquo;A State Of Trance&rdquo;，在两个小时里面播放他收集并混音的最新Trance音乐集合而成的混音带。最初仅在荷兰电子舞曲领域较有影响力的ID&amp;T Radio播放，而后到今天有超过100个播音电台播放过&ldquo;A State Of Trance&rdquo;，拥有超过3800万听众，获得了世界上多个且多次的&ldquo;最佳混音电台节目&rdquo;奖项，从历史的角度来看，Armin van Buuren几乎影响了在其之后所有电子舞曲类型的发展，他的厂牌Armada music创立于2003年，今天已经覆盖了至少30种电子舞曲子类型，并给新兴的音乐人提供了一个平台。</p>\n<p class=\"paragraph text-align-type-left pap-line-1.8 pap-line-rule-auto pap-spacing-before-2pt pap-spacing-after-2pt\">&nbsp;</p>\n<p class=\"paragraph text-align-type-left pap-line-1.8 pap-line-rule-auto pap-spacing-before-2pt pap-spacing-after-2pt\">2002年，Tiesto被英国杂志DJ MAG的读者评选为世界上最好的DJ，并在接下来的几年延续了这一头衔。2003年，他参加了Tiesto in Concert，在阿姆斯特丹的GelreDome首次以DJ个人秀的形式独自面对25,000名观众。并在2004年的8月13日参加了2004雅典夏季奥运会，成为了首个在奥运会舞台进行表演的DJ，并在现场、电视、电台三种渠道下为至少数百万观众表演Trance音乐，这个纪录可能持续到了今天。同样在2004年，荷兰女王贝娅特丽克丝为他在舞曲届的成就授予了Tiesto奥兰治-拿骚官佐勋章，这一荣誉类似德国联邦十字勋章。同年Above &amp; Beyond赢了BBC Radio 1 年度最佳混音奖。</p>\n<p class=\"paragraph text-align-type-left pap-line-1.8 pap-line-rule-auto pap-spacing-before-2pt pap-spacing-after-2pt\">&nbsp;</p>\n<p class=\"paragraph text-align-type-left pap-line-1.8 pap-line-rule-auto pap-spacing-before-2pt pap-spacing-after-2pt\">受欢迎的程度，也体现在诸多的音乐节中，在现在规模最大的三个电音节品牌(TML、UMF、EDC)在2000左右以及Nature one、Mayday或Trance Energy等诸多电音节品牌几乎都以Trance音乐人作为头牌艺人进行推广，Trance音乐在相当长的时间里成为了最受欢迎的电子音乐类型。</p>\n<p class=\"paragraph text-align-type-left pap-line-1.8 pap-line-rule-auto pap-spacing-before-2pt pap-spacing-after-2pt\">&nbsp;</p>\n<p class=\"paragraph text-align-type-left pap-line-1.8 pap-line-rule-auto pap-spacing-before-2pt pap-spacing-after-2pt\">经典的代表作品:</p>\n<p class=\"paragraph text-align-type-left pap-line-1.8 pap-line-rule-auto pap-spacing-before-2pt pap-spacing-after-2pt\">&nbsp;</p>\n<p class=\"paragraph text-align-type-left pap-line-1.8 pap-line-rule-auto pap-spacing-before-2pt pap-spacing-after-2pt\">2001: Madonna &ndash; What It Feels Like For A Girl (Above &amp; Beyond 12'' Club)</p>\n<p class=\"paragraph text-align-type-left pap-line-1.8 pap-line-rule-auto pap-spacing-before-2pt pap-spacing-after-2pt\">2002: Paul Oakenfold feat. Carla Werner &ndash; Southern Sun (Ti&euml;sto Remix)</p>\n<p class=\"paragraph text-align-type-left pap-line-1.8 pap-line-rule-auto pap-spacing-before-2pt pap-spacing-after-2pt\">2003: Motorcycle &ndash; As The Rush Comes (Gabriel &amp; Dresden Sweeping Strings Mix)</p>\n<p class=\"paragraph text-align-type-left pap-line-1.8 pap-line-rule-auto pap-spacing-before-2pt pap-spacing-after-2pt\">2005: Above &amp; Beyond vs. Andy Moor &ndash; Air For Life</p>\n<p class=\"paragraph text-align-type-left pap-line-1.8 pap-line-rule-auto pap-spacing-before-2pt pap-spacing-after-2pt\">2007: John O'Callaghan feat. Audrey Gallagher &ndash; Big Sky (Agnelli &amp; Nelson Remix)</p>\n<p class=\"paragraph text-align-type-left pap-line-1.8 pap-line-rule-auto pap-spacing-before-2pt pap-spacing-after-2pt\">2008: Sunlounger feat. Zara &ndash; Lost</p>\n<p class=\"paragraph text-align-type-left pap-line-1.8 pap-line-rule-auto pap-spacing-before-2pt pap-spacing-after-2pt\">&nbsp;</p>\n<p class=\"paragraph text-align-type-left pap-line-1.8 pap-line-rule-auto pap-spacing-before-2pt pap-spacing-after-2pt\"><span style=\"text-decoration: underline;\">今天的Trance（21世纪10年代）</span></p>\n<div>\n<div class=\"document\">\n<p class=\"paragraph text-align-type-left pap-line-1.8 pap-line-rule-auto pap-spacing-before-2pt pap-spacing-after-2pt\">进入到21世纪的下一个十年，Trance逐渐被后期之秀EDM所取代，最初这是整个电子舞曲分类的总合词语，一些Prog House制作人诸如Axwell、Daivd Guetta将原本结构较长的传统Prog House进行了改良，使其更加流行化，并结合Electro House延伸出了Bigroom House，美国的一些电子音乐媒体鉴于这些音乐与之前的电子舞曲有显著的不同，于是将其称呼为EDM。在DJ MAG杂志每年所发表的百大DJ排名中，David Guetta在2008年首次进入了前5，2011年成为了第1，这是自1997年以来首次非Trance DJ的登顶，而自2013年起百大DJ排行第一的便被主要制作Bigroom House和Prog Electro House的音乐人诸如Hardwell、Dimitri Vegas &amp; Like Mike、Martin Garrix等取代，同时还有将乡村音乐与Prog House结合的Avicii也大受欢迎，这某种意义上反应了电子舞曲潮流的改变。</p>\n<p class=\"paragraph text-align-type-left pap-line-1.8 pap-line-rule-auto pap-spacing-before-2pt pap-spacing-after-2pt\">&nbsp;</p>\n<p class=\"paragraph text-align-type-left pap-line-1.8 pap-line-rule-auto pap-spacing-before-2pt pap-spacing-after-2pt\">许多著名的Trance DJ/制作人开始转向Bigroom House，诸如Arty、W&amp;W、Dash Berlin、Sander van Doorn以及最重要的Tiesto，像Armin van Buuren和Ferry Corsten也有小幅度的转向。相比之下，现在仍在坚持Trance的Aly &amp; Fila、 John O'Callaghan以及The Thrillseekers等人成为了探索新时代Trance的先驱。</p>\n<p class=\"paragraph text-align-type-left pap-line-1.8 pap-line-rule-auto pap-spacing-before-2pt pap-spacing-after-2pt\">&nbsp;</p>\n<p class=\"paragraph text-align-type-left pap-line-1.8 pap-line-rule-auto pap-spacing-before-2pt pap-spacing-after-2pt\">新时代的代表作品：</p>\n<p class=\"paragraph text-align-type-left pap-line-1.8 pap-line-rule-auto pap-spacing-before-2pt pap-spacing-after-2pt\">&nbsp;</p>\n<p class=\"paragraph text-align-type-left pap-line-1.8 pap-line-rule-auto pap-spacing-before-2pt pap-spacing-after-2pt\">2010: Jon O&rsquo;Bir feat. Fisher &ndash; Found A Way (Joint Operations Centre Remix)</p>\n<p class=\"paragraph text-align-type-left pap-line-1.8 pap-line-rule-auto pap-spacing-before-2pt pap-spacing-after-2pt\">2011: Aly &amp; Fila feat. Jwaydan &ndash; We Control The Sunlight</p>\n<p class=\"paragraph text-align-type-left pap-line-1.8 pap-line-rule-auto pap-spacing-before-2pt pap-spacing-after-2pt\">2012: Paul van Dyk feat. Plumb &ndash; I Don&rsquo;t Deserve You (Giuseppe Ottaviani Remix)</p>\n<p class=\"paragraph text-align-type-left pap-line-1.8 pap-line-rule-auto pap-spacing-before-2pt pap-spacing-after-2pt\">2014: Gareth Emery feat. Bo Bruce &ndash; U (Bryan Kearney Remix)</p>\n<p class=\"paragraph text-align-type-left pap-line-1.8 pap-line-rule-auto pap-spacing-before-2pt pap-spacing-after-2pt\">2015: Gouryella &ndash; Anahera</p>\n<p class=\"paragraph text-align-type-left pap-line-1.8 pap-line-rule-auto pap-spacing-before-2pt pap-spacing-after-2pt\">2016: The Thrillseekers pres. Hydra &ndash; Amber</p>\n<p class=\"paragraph text-align-type-left pap-line-1.8 pap-line-rule-auto pap-spacing-before-2pt pap-spacing-after-2pt\">2016: Nhato &ndash; ibuki</p>\n<p class=\"paragraph text-align-type-left pap-line-1.8 pap-line-rule-auto pap-spacing-before-2pt pap-spacing-after-2pt\">2018: Armin van Buuren - Lifting You Higher</p>\n<p class=\"paragraph text-align-type-left pap-line-1.8 pap-line-rule-auto pap-spacing-before-2pt pap-spacing-after-2pt\">&nbsp;</p>\n<p class=\"paragraph text-align-type-left pap-line-1.8 pap-line-rule-auto pap-spacing-before-2pt pap-spacing-after-2pt\"><span style=\"font-size: 12pt;\"><strong>制作</strong></span></p>\n<p class=\"paragraph text-align-type-left pap-line-1.8 pap-line-rule-auto pap-spacing-before-2pt pap-spacing-after-2pt\">常规的Trance音乐制作，一般会按照&ldquo;标准&rdquo;来进行，节奏会设定在125-150BPM之间，节拍通常为4/4拍。[35]也就是说底鼓(kick)位于小节的每个正拍，而军鼓(snare)或击掌(clap)放在第2拍、第4拍，为这两拍增加情绪。基本节奏中闭镲(close hi-hat)一般放在每个16分音符，同时为了加入切分往往开镲(open hi-hat)放在每个1/8音符反拍，同时应规避开镲与闭镲冲突。鼓组音色通常听起来强劲有力。在主要的过渡、递进、高潮的部分，通常会有一连串冗长且频率更快的军鼓在段落末尾进行情绪的提升和预示。</p>\n<div>\n<div class=\"document\">\n<p class=\"paragraph text-align-type-left pap-line-1.8 pap-line-rule-auto pap-spacing-before-2pt pap-spacing-after-2pt\">&nbsp;</p>\n<p class=\"paragraph text-align-type-left pap-line-1.8 pap-line-rule-auto pap-spacing-before-2pt pap-spacing-after-2pt\">快速琶音和小调是Trance音乐的常见手法，后者一般都会被用上。Trance曲目经常使用一个中心的记忆点(hook)或者旋律，这段旋律会贯穿几乎整首Trance曲目，不断的进行重复，更换不同音色的和声以及动机，每4,8,16或32个小节添加或者移除1个声部，不断的把气氛用和声的音色及和弦的变化推高，直到整个高潮(Drop)部分结束为止。</p>\n<p class=\"paragraph text-align-type-left pap-line-1.8 pap-line-rule-auto pap-spacing-before-2pt pap-spacing-after-2pt\">&nbsp;</p>\n<p class=\"paragraph text-align-type-left pap-line-1.8 pap-line-rule-auto pap-spacing-before-2pt pap-spacing-after-2pt\">一般Trance音乐会有1-2个高潮(drop)部分，在Intro部分和情绪提升部分，主要动机通常以切片或简化的形式引入，以使观众会预感到在高潮部分将听到的内容，而后第二个高潮通常是&ldquo;乐曲的第一个高潮或者乐曲第一部分的顶端与主旋律的再现混合&rdquo;，如此手法将听众的情绪、Trance的状态从一个高潮延伸到另一个高潮。</p>\n<p class=\"paragraph text-align-type-left pap-line-1.8 pap-line-rule-auto pap-spacing-before-2pt pap-spacing-after-2pt\">&nbsp;</p>\n<p class=\"paragraph text-align-type-left pap-line-1.8 pap-line-rule-auto pap-spacing-before-2pt pap-spacing-after-2pt\">在一首Trance音乐的最前与最后的部分，与大部分电子舞曲的情况相同，Trance音乐通常也会采用仅有鼓组与基本旋律的前奏(Intro)和结尾(Outro)，以便DJ能够将不同的乐曲更方便的混合在一起。</p>\n<p class=\"paragraph text-align-type-left pap-line-1.8 pap-line-rule-auto pap-spacing-before-2pt pap-spacing-after-2pt\">&nbsp;</p>\n<p class=\"paragraph text-align-type-left pap-line-1.8 pap-line-rule-auto pap-spacing-before-2pt pap-spacing-after-2pt\">在长久时间以来，Trance音乐便保持的是一个固定的曲式结构，类似科技舞曲的基本节奏不能轻易改变，但Trance音乐显而易见在旋律、音色上的自由度要比科技舞曲高得多，而近两年时间，新一代的制作人所开始探索的Forward Thinking Progressive，一种以渐进Trance为基础的新式Trance制作手法及理念正在发展，将Trance音乐的曲式结构变得更加的多元化。</p>\n<p class=\"paragraph text-align-type-left pap-line-1.8 pap-line-rule-auto pap-spacing-before-2pt pap-spacing-after-2pt\">&nbsp;</p>\n<p class=\"paragraph text-align-type-left pap-line-1.8 pap-line-rule-auto pap-spacing-before-2pt pap-spacing-after-2pt\"><span style=\"font-size: 12pt;\"><strong>派别</strong></span></p>\n<p class=\"paragraph text-align-type-left pap-line-1.8 pap-line-rule-auto pap-spacing-before-2pt pap-spacing-after-2pt\"><span style=\"text-decoration: underline;\">Acid Trance</span></p>\n<div>\n<div class=\"document\">\n<p class=\"paragraph text-align-type-left pap-line-1.8 pap-line-rule-auto pap-spacing-before-2pt pap-spacing-after-2pt\">始于1980年代末与1990年代初，特点是利用&ldquo;acid&rdquo;的声音。此类音乐的代表音源─&ldquo;acid&rdquo;是利用Roland TB-303所制作出的。Acid Trance的初次出现是在比利时的Antwerp Rave 24。</p>\n<p class=\"paragraph text-align-type-left pap-line-1.8 pap-line-rule-auto pap-spacing-before-2pt pap-spacing-after-2pt\">&nbsp;</p>\n<p class=\"paragraph text-align-type-left pap-line-1.8 pap-line-rule-auto pap-spacing-before-2pt pap-spacing-after-2pt\"><span style=\"text-decoration: underline;\">Dream Trance</span></p>\n<div>\n<div class=\"document\">\n<p class=\"paragraph text-align-type-left pap-line-1.8 pap-line-rule-auto pap-spacing-before-2pt pap-spacing-after-2pt\">始于1995,由 Robert Miles 创始. 善于使用钢琴,提琴等真实乐器, 旋律感情较为丰富, BPM通常在130左右. 现在已不再十分流行.</p>\n<p class=\"paragraph text-align-type-left pap-line-1.8 pap-line-rule-auto pap-spacing-before-2pt pap-spacing-after-2pt\">&nbsp;</p>\n<p class=\"paragraph text-align-type-left pap-line-1.8 pap-line-rule-auto pap-spacing-before-2pt pap-spacing-after-2pt\"><span style=\"text-decoration: underline;\">Goa Trance</span></p>\n<div>\n<div class=\"document\">\n<p class=\"paragraph text-align-type-left pap-line-1.8 pap-line-rule-auto pap-spacing-before-2pt pap-spacing-after-2pt\">始于1980年代末的印度果阿邦。其根源可追溯于1960年代与1970年代在嬉皮士之都─果阿的音乐创作。但此类型的正式出现是在1990年代初。果阿Trance可被视为嬉皮文化的一部分。</p>\n<p class=\"paragraph text-align-type-left pap-line-1.8 pap-line-rule-auto pap-spacing-before-2pt pap-spacing-after-2pt\">&nbsp;</p>\n<p class=\"paragraph text-align-type-left pap-line-1.8 pap-line-rule-auto pap-spacing-before-2pt pap-spacing-after-2pt\"><span style=\"text-decoration: underline;\">Psychedelic Trance 或简称 Psy&nbsp;Trance</span></p>\n</div>\n</div>\n</div>\n</div>\n</div>\n</div>\n</div>\n</div>\n</div>\n</div>\n</div>\n</div>\n</div>\n</div>\n</div>\n</div>\n</div>\n</div>\n</div>\n</div>\n<div>\n<div class=\"document\">\n<p class=\"paragraph text-align-type-left pap-line-1.8 pap-line-rule-auto pap-spacing-before-2pt pap-spacing-after-2pt\">Psychedelic意指迷幻，利用合成器节奏构成的催眠式架构与复杂层次旋律的重复段落，速度通常在140-150之间，1995年成为主流电子舞曲，是 Goa Trance 的演变。代表人物有 Vini Vici 等。</p>\n<p class=\"paragraph text-align-type-left pap-line-1.8 pap-line-rule-auto pap-spacing-before-2pt pap-spacing-after-2pt\">&nbsp;</p>\n<p class=\"paragraph text-align-type-left pap-line-1.8 pap-line-rule-auto pap-spacing-before-2pt pap-spacing-after-2pt\"><span style=\"text-decoration: underline;\">Progressive Ttrance 或简称 Prog Trance</span></p>\n<p class=\"paragraph text-align-type-left pap-line-1.8 pap-line-rule-auto pap-spacing-before-2pt pap-spacing-after-2pt\">Progressive Trance 的BPM约在125-135左右，有着类似House的风格(例如鼓)但是情绪上的进展则是渐进演变。Progressive Trance 的代表人物包括 Armin van Buuren、Dash Berlin、ATB、Shogun、Paul van Dyk、Andrew Rayel、Cosmic Gate、MaRLo、FEEL、Omnia、Above &amp; Beyond 等。</p>\n<div>\n<div class=\"document\">\n<p class=\"paragraph text-align-type-left pap-line-1.8 pap-line-rule-auto pap-spacing-before-2pt pap-spacing-after-2pt\">&nbsp;</p>\n<p class=\"paragraph text-align-type-left pap-line-1.8 pap-line-rule-auto pap-spacing-before-2pt pap-spacing-after-2pt\"><span style=\"text-decoration: underline;\">Tech Trance</span></p>\n<p class=\"paragraph text-align-type-left pap-line-1.8 pap-line-rule-auto pap-spacing-before-2pt pap-spacing-after-2pt\">Tech Trance顾名思义汲取 Techno 与 Trance 的元素，采用 Techno 元素其重复自然而强烈的4/4拍击，搭配Trance的旋律，速度约在135-150BPM。代表人物有 Darude、Cosmic Gate、Ti&euml;sto。</p>\n<div>\n<div class=\"document\">\n<p class=\"paragraph text-align-type-left pap-line-1.8 pap-line-rule-auto pap-spacing-before-2pt pap-spacing-after-2pt\">&nbsp;</p>\n<p class=\"paragraph text-align-type-left pap-line-1.8 pap-line-rule-auto pap-spacing-before-2pt pap-spacing-after-2pt\"><span style=\"text-decoration: underline;\">Hard Trance</span></p>\n<p class=\"paragraph text-align-type-left pap-line-1.8 pap-line-rule-auto pap-spacing-before-2pt pap-spacing-after-2pt\">Hard Trance的特色是采用强劲或坚硬的鼓击、完全共振的Bass、数量增大的回响在主要的鼓上。旋律速度通常在 130-150BPM。</p>\n<div>\n<div class=\"document\">\n<p class=\"paragraph text-align-type-left pap-line-1.8 pap-line-rule-auto pap-spacing-before-2pt pap-spacing-after-2pt\">&nbsp;</p>\n<p class=\"paragraph text-align-type-left pap-line-1.8 pap-line-rule-auto pap-spacing-before-2pt pap-spacing-after-2pt\"><span style=\"text-decoration: underline;\">Uplifting Trance</span></p>\n<p class=\"paragraph text-align-type-left pap-line-1.8 pap-line-rule-auto pap-spacing-before-2pt pap-spacing-after-2pt\">主要是来自于听众所感受到振奋的感受，运用大调小调的变幻达到快乐或悲伤的感觉，使用相似的和弦进展，大多有着较长的Breakdown，运用旋律由背景透过冲刷般的效果置前。代表人物有 Ferry Corsten、Giuseppe Ottaviani、Aly &amp; Fila、Sean Tyas、Armin Van Buuren、Solarstone。</p>\n<div>\n<div class=\"document\">\n<p class=\"paragraph text-align-type-left pap-line-1.8 pap-line-rule-auto pap-spacing-before-2pt pap-spacing-after-2pt\">&nbsp;</p>\n<p class=\"paragraph text-align-type-left pap-line-1.8 pap-line-rule-auto pap-spacing-before-2pt pap-spacing-after-2pt\"><span style=\"text-decoration: underline;\">Bigroom Trance</span></p>\n<p class=\"paragraph text-align-type-left pap-line-1.8 pap-line-rule-auto pap-spacing-before-2pt pap-spacing-after-2pt\">通常包含 Drop、单纯的打击、规律的节拍、配上 Progressive Trance 的旋律,在派对中广受欢迎。代表人物有: NWYR(W&amp;W)、Mark Sixma、Mikkas、Heatbeat、Orjan Nilsen</p>\n</div>\n</div>\n</div>\n</div>\n</div>\n</div>\n</div>\n</div>\n</div>\n</div>\n</div>\n</div>\n</div>\n</div>\n</div>\n</div>",
 "contentEn": "<p><strong>Trance</strong>&nbsp;is a genre of&nbsp;electronic dance music<sup id=\"cite_ref-11\" class=\"reference\">[11]</sup>&nbsp;that emerged from the British&nbsp;new-age music&nbsp;scene and the early 1990s German&nbsp;techno&nbsp;and&nbsp;hardcore&nbsp;scenes.<sup id=\"cite_ref-Trance_2-4\" class=\"reference\">[2]</sup><sup id=\"cite_ref-Muggs_3-2\" class=\"reference\">[3]</sup></p>\n<p>&nbsp;</p>\n<p>Trance music is characterized by a tempo lying between 125&ndash;150&nbsp;bpm&nbsp;(BPM),<sup id=\"cite_ref-snomanmanual_7-1\" class=\"reference\">[7]</sup>&nbsp;repeating&nbsp;melodic&nbsp;phrases<sup id=\"cite_ref-snomanmanual_7-2\" class=\"reference\">[7]</sup>&nbsp;and a&nbsp;musical form&nbsp;that distinctly builds tension and elements throughout a track often culminating in 1 to 2 \"peaks\" or \"drops\".<sup id=\"cite_ref-snomanmanual_7-3\" class=\"reference\">[7]</sup>&nbsp;Although trance is a genre of its own, it liberally incorporates influences from other musical styles such as techno,<sup id=\"cite_ref-tranceexperience_4-5\" class=\"reference\">[4]</sup><sup id=\"cite_ref-Trance_2-5\" class=\"reference\">[2]</sup>&nbsp;house,<sup id=\"cite_ref-arminbiography_1-1\" class=\"reference\">[1]</sup><sup id=\"cite_ref-Trance_2-6\" class=\"reference\">[2]</sup>&nbsp;pop,<sup id=\"cite_ref-tranceexperience_4-6\" class=\"reference\">[4]</sup>&nbsp;chill-out,<sup id=\"cite_ref-tranceexperience_4-7\" class=\"reference\">[4]</sup>&nbsp;classical music,<sup id=\"cite_ref-tranceexperience_4-8\" class=\"reference\">[4]</sup><sup id=\"cite_ref-djskillsguide_5-2\" class=\"reference\">[5]</sup>&nbsp;tech house,&nbsp;ambient&nbsp;and&nbsp;film music.<sup id=\"cite_ref-djskillsguide_5-3\" class=\"reference\">[5]</sup></p>\n<p>&nbsp;</p>\n<p>A&nbsp;trance&nbsp;is a state of&nbsp;hypnotism&nbsp;and heightened&nbsp;consciousness.<sup id=\"cite_ref-12\" class=\"reference\">[12]</sup>&nbsp;This is portrayed in trance music by the mixing of layers with distinctly foreshadowed build-up and release. A common characteristic of trance music is a mid-song climax followed by a soft breakdown disposing of beats and percussion entirely,<sup id=\"cite_ref-tranceexperience_4-9\" class=\"reference\">[4]</sup><sup id=\"cite_ref-snomanmanual_7-4\" class=\"reference\">[7]</sup>&nbsp;leaving the melody or atmospherics to stand alone for an extended period before gradually building up again. Trance tracks are often lengthy to allow for such progression and commonly have sufficiently sparse opening and closing sections to facilitate mixing by DJs.<sup id=\"cite_ref-tranceexperience_4-10\" class=\"reference\">[4]</sup><sup id=\"cite_ref-snomanmanual_7-5\" class=\"reference\">[7]</sup></p>\n<p>&nbsp;</p>\n<p>Trance is mostly&nbsp;instrumental, although vocals can be mixed in: typically they are performed by mezzo-soprano to soprano female soloists, mostly without a traditional verse/chorus structure. Structured vocal form in trance music forms the basis of the&nbsp;vocal trance&nbsp;subgenre, which has been described as \"grand, soaring, and operatic\" and \"ethereal female leads floating amongst the synths\". However, male singers, such as Jonathan Mendelsohn, are also featured.<sup id=\"cite_ref-remixing_guide_13-0\" class=\"reference\">[13]</sup><sup id=\"cite_ref-Trance_Music&mdash;What_is_trance_music?_14-0\" class=\"reference\">[14]</sup></p>\n<p>&nbsp;</p>\n<h2><span id=\"History\" class=\"mw-headline\">History</span></h2>\n<p>The \"Trance\" name may refer to an induced emotional&nbsp;feeling,&nbsp;high,&nbsp;euphoria,&nbsp;chills, or&nbsp;uplifting rush&nbsp;that listeners claim to experience, or it may indicate an actual trance-like state the earliest forms of this music attempted to emulate in the 1990s before the genre's focus changed. A writer for Billboard magazine writes, &ldquo;Trance music is perhaps best described as a mixture of 70s disco and 60s psychedelia&rdquo;.<sup id=\"cite_ref-15\" class=\"reference\">[15]</sup></p>\n<p>&nbsp;</p>\n<p>Another possible antecedent is&nbsp;Yuzo Koshiro&nbsp;and&nbsp;Motohiro Kawashima's&nbsp;electronic soundtracks&nbsp;for the&nbsp;<em>Streets of Rage</em>&nbsp;series of&nbsp;video games&nbsp;from 1991 to 1994.<sup id=\"cite_ref-gradar_sor2_16-0\" class=\"reference\">[16]</sup><sup id=\"cite_ref-square_sor2_ryan_17-0\" class=\"reference\">[17]</sup><sup id=\"cite_ref-mean_sor3_18-0\" class=\"reference\">[18]</sup>&nbsp;It was promoted by the well-known UK club-night \"Megatripolis\" (London, at&nbsp;Heaven&nbsp;on Thursdays) whose scene catapulted it to international fame.<sup id=\"cite_ref-19\" class=\"reference\">[19]</sup></p>\n<p>&nbsp;</p>\n<p>Examples of early trance releases include but are not limited to&nbsp;KLF's 1988 release \"What Time Is Love?\" (Pure Trance 1),<sup id=\"cite_ref-20\" class=\"reference\">[20]</sup>&nbsp;German duo&nbsp;Dance 2 Trance's 1990 track \"We Came in Peace\",<sup id=\"cite_ref-snomanmanual_7-6\" class=\"reference\">[7]</sup>&nbsp;and German duo&nbsp;Jam &amp; Spoon's 1992 12\" Single remix of the 1990 song \"The Age of Love\".<sup id=\"cite_ref-arminbiography_1-2\" class=\"reference\">[1]</sup></p>\n<p>&nbsp;</p>\n<p>The writer Bom Coen traces the roots of trance to&nbsp;Paul van Dyk's 1993 remix of Humate's \"Love Stimulation\".<sup id=\"cite_ref-arminbiography_1-3\" class=\"reference\">[1]</sup>&nbsp;However, Van Dyk's trance origins can be traced further back to his work with Visions of Shiva, being the first tracks he released<sup id=\"cite_ref-21\" class=\"reference\">[21]</sup>&nbsp;In subsequent years, one genre, vocal trance, arose as the combination of progressive elements and pop music,<sup id=\"cite_ref-tranceexperience_4-11\" class=\"reference\">[4]</sup>&nbsp;and the development of another subgenre, epic trance, finds some of its origins in classical music,<sup id=\"cite_ref-tranceexperience_4-12\" class=\"reference\">[4]</sup>&nbsp;with film music also being influential.<sup id=\"cite_ref-djskillsguide_5-4\" class=\"reference\">[5]</sup></p>\n<p>&nbsp;</p>\n<p>Trance was arguably at its commercial peak in the second part of 1990s and early 2000s.<sup id=\"cite_ref-22\" class=\"reference\">[22]</sup><sup id=\"cite_ref-23\" class=\"reference\">[23]</sup></p>\n<h2>&nbsp;</h2>\n<h2><span id=\"Production\" class=\"mw-headline\">Production</span></h2>\n<p><span class=\"mw-headline\">Classic trance employs a 4/4&nbsp;time signature,<sup id=\"cite_ref-snomanmanual_7-7\" class=\"reference\">[7]</sup>&nbsp;a tempo of 125 to 150&nbsp;BPM,<sup id=\"cite_ref-snomanmanual_7-8\" class=\"reference\">[7]</sup>&nbsp;and 32 beat&nbsp;phrases&nbsp;and is somewhat faster than house music.<sup id=\"cite_ref-musictheory_24-0\" class=\"reference\">[24]</sup>&nbsp;A&nbsp;kick drum&nbsp;is usually placed on every&nbsp;downbeat&nbsp;and a regular open&nbsp;hi-hat&nbsp;is often placed on the&nbsp;upbeat.<sup id=\"cite_ref-snomanmanual_7-9\" class=\"reference\">[7]</sup>&nbsp;Extra percussive elements are usually added, and major transitions, builds or climaxes are often foreshadowed by lengthy \"snare rolls\"&mdash;a quick succession of snare drum hits that build in velocity, frequency, and volume towards the end of a measure or.<sup id=\"cite_ref-snomanmanual_7-10\" class=\"reference\">[7]</sup></span></p>\n<p>&nbsp;</p>\n<p>Rapid&nbsp;arpeggios&nbsp;and&nbsp;minor keys&nbsp;are common features of Trance, the latter being almost universal. Trance tracks often use one central \"hook\", or melody, which runs through almost the entire song, repeating at intervals anywhere between 2 beats and 32 bars, in addition to harmonies and motifs in different timbres from the central melody.<sup id=\"cite_ref-snomanmanual_7-11\" class=\"reference\">[7]</sup>&nbsp;Instruments are added or removed every 4, 8, 16, or 32 bars.<sup id=\"cite_ref-snomanmanual_7-12\" class=\"reference\">[7]</sup></p>\n<p>&nbsp;</p>\n<p>In the section before the breakdown, the lead motif is often introduced in a sliced up and simplified form,<sup id=\"cite_ref-snomanmanual_7-13\" class=\"reference\">[7]</sup>&nbsp;to give the audience a \"taste\" of what they will hear after the breakdown.<sup id=\"cite_ref-snomanmanual_7-14\" class=\"reference\">[7]</sup>&nbsp;Then later, the final climax is usually \"a culmination of the first part of the track mixed with the main melodic reprise\".<sup id=\"cite_ref-snomanmanual_7-15\" class=\"reference\">[7]</sup></p>\n<p>&nbsp;</p>\n<p>As is the case with many dance music tracks, trance tracks are usually built with sparser intros (\"mix-ins\") and outros (\"mix-outs\") in order to enable DJs to blend them together immediately.<sup id=\"cite_ref-tranceexperience_4-13\" class=\"reference\">[4]</sup><sup id=\"cite_ref-snomanmanual_7-16\" class=\"reference\">[7]</sup></p>\n<p>&nbsp;</p>\n<p>More recent forms of trance music incorporate other styles and elements of electronic music such as&nbsp;electro&nbsp;and&nbsp;progressive house&nbsp;into its production. It emphasizes harsher basslines and drum beats which decrease the importance of offbeats and focus primarily on a&nbsp;four on the floor&nbsp;stylistic house drum pattern. The BPM of more recent styles tends to be on par with&nbsp;house music&nbsp;at 120 to 135 beats per minute. However, unlike house music, recent forms of trance stay true to their melodic breakdowns and longer transitions.<sup id=\"cite_ref-25\" class=\"reference\">[25]</sup></p>\n<h2>&nbsp;</h2>\n<h2><span id=\"Subgenres\" class=\"mw-headline\">Subgenres</span></h2>\n<p>Trance music is broken into a number of subgenres including&nbsp;acid trance, classic trance,&nbsp;hard trance,&nbsp;hardstyle&nbsp;(which is a fuse between&nbsp;hardcore&nbsp;and&nbsp;hard trance),&nbsp;progressive&nbsp;trance,<sup id=\"cite_ref-tranceexperience_4-14\" class=\"reference\">[4]</sup>&nbsp;and&nbsp;uplifting trance.<sup id=\"cite_ref-tranceexperience_4-15\" class=\"reference\">[4]</sup>&nbsp;Uplifting trance&nbsp;is also known as \"anthem trance\", \"epic trance\",<sup id=\"cite_ref-tranceexperience_4-16\" class=\"reference\">[4]</sup>&nbsp;\"commercial trance\", \"stadium trance\", or \"euphoric trance\",<sup id=\"cite_ref-snomanmanual_7-17\" class=\"reference\">[7]</sup>&nbsp;and has been strongly influenced by classical music in the 1990s<sup id=\"cite_ref-tranceexperience_4-17\" class=\"reference\">[4]</sup>&nbsp;and 2000s by leading artists such as&nbsp;Ferry Corsten,&nbsp;Armin Van Buuren,&nbsp;Ti&euml;sto,&nbsp;Push,&nbsp;Rank 1&nbsp;and at present with the development of the subgenre \"orchestral uplifting trance\" or \"uplifting trance with symphonic orchestra\" by such artists as Sound Apparel,&nbsp;Andy Blueman, Ciro Visone, Soundlift, Arctic Moon, and Sergey Nevone &amp; Simon O'Shine, among others. Closely related to Uplifting Trance is&nbsp;Eurodance, which has become a general term for a wide variety of highly commercialized European dance music. Notably late in the&nbsp;90's, German producer&nbsp;ATB&nbsp;revolutionized the scene of the aforementioned Eurodance with his hit single&nbsp;9 PM (Till I Come). Several subgenres are crossovers with other major genres of electronic music. For instance,&nbsp;Tech trance&nbsp;is a mixture of trance and techno, and&nbsp;Vocal trance&nbsp;\"combines [trance's] progressive elements with pop music\".<sup id=\"cite_ref-tranceexperience_4-18\" class=\"reference\">[4]</sup>&nbsp;The&nbsp;dream trance&nbsp;genre originated in the mid-1990s, with its popularity then led by&nbsp;Robert Miles, who composed&nbsp;Children&nbsp;in 1996.</p>\n<p>&nbsp;</p>\n<p>AllMusic&nbsp;states on progressive trance: \"the progressive wing of the trance crowd led directly to a more commercial, chart-oriented sound since trance had never enjoyed much chart action in the first place. Emphasizing the smoother sound of&nbsp;Eurodance&nbsp;or house (and occasionally more reminiscent of&nbsp;Jean-Michel Jarre&nbsp;than&nbsp;Basement Jaxx), Progressive Trance became the sound of the world's dance floors by the end of the millennium. Critics ridiculed its focus on predictable breakdowns and relative lack of skill to beat-mix, but progressive trance was caned by the hottest DJ.\"<sup id=\"cite_ref-AMProgTrance_26-0\" class=\"reference\">[26]</sup></p>\n<h2>&nbsp;</h2>\n<h2><span id=\"Music_festivals\" class=\"mw-headline\">Music festivals</span></h2>\n<p>The following is an incomplete list of dance music festivals that showcase trance music.</p>\n<h3>&nbsp;</h3>\n<h3><span id=\"Asia\" class=\"mw-headline\">Asia</span></h3>\n<p><em>Notes:</em>&nbsp;Sunburn was not the first festival/event to specialize in India in trance music. Much earlier pioneers of Goa parties<sup id=\"cite_ref-Trance_2-7\" class=\"reference\">[2]</sup>&nbsp;held events as early as the late 80's and through all of the 1990s<sup id=\"cite_ref-st-john_8-1\" class=\"reference\">[8]</sup></p>\n<ul>\n<li>China:&nbsp;<em>Spirit Tribe</em>&nbsp;is a regular event outside of Kunming, Yunnan, China.<sup id=\"cite_ref-27\" class=\"reference\">[27]</sup></li>\n<li>India: The&nbsp;Sunburn Festival&nbsp;was launched in December 2007 as South Asia's first electronic music festival, and featured heavyweights like DJ&nbsp;Carl Cox&nbsp;and John '00' Fleming. Located by the seaside in Goa, on India's west coast, the festival has its roots in&nbsp;Goa trance, centered around&nbsp;Anjuna&nbsp;beach. Sunburn had more than 5,000 party-goers attend a three-day event in December 2008. At the 2009 festival, DJs such as&nbsp;Armin Van Buuren&nbsp;and&nbsp;Sander van Doorn&nbsp;headlined when audience numbers were approx 15,000. At the 2010 festival, when the likes of&nbsp;Paul Van Dyk&nbsp;and many other DJ's played the estimated attendance rose to about 30,000 people. The 2015 the festival achieved a record-breaking attendance with over 350,000 people attending the event to experience world-class DJ's with the likes of&nbsp;Martin Garrix&nbsp;and&nbsp;Afrojack.<sup id=\"cite_ref-28\" class=\"reference\">[28]</sup></li>\n<li>Thailand:&nbsp;Full Moon Party, since 1985. Held each month on the island of&nbsp;Ko Pha-ngan. Thousands of people from across the world gather on Haad Rin Nok (Sunrise Beach) to dance to trance during full moons.&nbsp;Transmission, originally from Prague, also holds events in Bangkok.</li>\n<li>Japan: Rebirth Festival</li>\n<li>Israel: Total Eclipse.</li>\n</ul>\n<h3>&nbsp;</h3>\n<h3><span id=\"Europe\" class=\"mw-headline\">Europe</span></h3>\n<ul>\n<li>Germany: Waldfrieden Wonderland,&nbsp;Stemwede, since 1997. The forest peace wonderland is an international open-air music festival, which takes place every year in August. The main style of music is psychedelic trance.<sup id=\"cite_ref-29\" class=\"reference\">[29]</sup><br />We Are One, Berlin, since 2010. Headed by&nbsp;Paul van Dyk, the event plays several different styles of trance.</li>\n<li>Lithuania:&nbsp;Yaga Gathering. A transformational festival hosted in a clearing in Ežeraitis Forest, at the edge of Spengla Lake in the Varėna District of southern Lithuania. The festival has no corporate sponsors and is financed by ticket sales. The site of the festival is about 60 kilometers (37 mi) south of Vilnius, the capital of Lithuania. Classes and activities are among the festival's other attractions, including open-air cinema, the Discovery stage featuring lectures, a Healing area with yoga and meditation sessions, a handicraft workshops area, and a children's area.</li>\n<li>Hungary:&nbsp;Ozora Festival</li>\n<li>Poland: Euforia Festival, Electronic Family Poland, Mayday, Sunrise Festival</li>\n<li>Portugal:&nbsp;Boom Festival&nbsp;(the last edition was in Idanha-a-Nova), since 1997. This event is an outdoor festival running every two years with a duration of several days, focusing in psychedelic Goa trance. The festival also features workshops, presentations, and cinema. Freedom Festival;&nbsp;Kin and 4 Elements Festival, and many others.</li>\n<li>Romania:&nbsp;Untold Festival,&nbsp;Dakini Festival</li>\n<li>Switzerland:&nbsp;Street Parade,&nbsp;Z&uuml;rich, since 1992. The world's biggest electronic music festival (more than one million visitors attend this event yearly).</li>\n<li>Sweden: Monday Bar Cruise has been arranged four times a year since 2002 and takes place on a 2000 people cruise ship between Stockholm and the Baltic countries. Styles include trance, psytrance, hardstyle, and hardcore.<sup id=\"cite_ref-30\" class=\"reference\">[30]</sup></li>\n<li>Belgium:&nbsp;Tomorrowland,&nbsp;Boom, since 2005. The largest Belgian open-air electronic music festival. DJs such as&nbsp;Armin van Buuren,&nbsp;Ti&euml;sto,&nbsp;Arty,&nbsp;Cosmic Gate&nbsp;and many more have been fixtures at the festival.</li>\n<li>Czech Republic:&nbsp;Transmission, Prague, since 2006. The biggest indoor trance music event in middle and eastern Europe.&nbsp;Markus Schulz&nbsp;is a frequent headlining performer at the event.</li>\n<li>Finland: Summer Sound,&nbsp;Helsinki, since 2011. Starting as a one-day festival in 2011 and held in Suvilahti, Helsinki, it has since grown into 3-day festival partly inside and partly outside. Every summer, DJs such as&nbsp;Ti&euml;sto,&nbsp;Armin van Buuren, and&nbsp;Faithless&nbsp;headline the event.<sup id=\"cite_ref-31\" class=\"reference\">[31]</sup></li>\n<li>Greece: Dreamland,&nbsp;Ancient Olympia,&nbsp;Elis, since 2014. An event which aims to promote different types of electronic music, culture as well as the ecological awareness. Since 2018, it takes place in the&nbsp;coast of Kyparissia, under the name \"Mythody\".<sup id=\"cite_ref-32\" class=\"reference\">[32]</sup><sup id=\"cite_ref-33\" class=\"reference\">[33]</sup></li>\n<li>Spain:&nbsp;Ibiza&nbsp;has hosted trance parties since the 1990s.<sup id=\"cite_ref-34\" class=\"reference\">[34]</sup></li>\n<li>United Kingdom:&nbsp;Spiral Tribe,&nbsp;Tribal Gathering,&nbsp;Glade Festival&nbsp;<em>etc</em>;&nbsp;Gatecrasher&nbsp;also promote sporadic events and have in the past also used venues such as&nbsp;Birmingham N.E.C.</li>\n</ul>\n<h4>&nbsp;</h4>\n<h4><span id=\"Netherlands\" class=\"mw-headline\">Netherlands</span></h4>\n<p>Electronic Music festivals in the Netherlands are mainly organized by four companies&nbsp;ALDA Events,&nbsp;ID&amp;T, UDC and&nbsp;Q-dance:</p>\n<ul>\n<li>Armin Only,&nbsp;Jaarbeurs,&nbsp;Utrecht: As the name states, the only DJ to mix at this event is&nbsp;Armin van Buuren. Organized by ALDA Events. Armin Only 2005 was held in&nbsp;Rotterdam Ahoy. The 2008 and 2010 editions were held in Jaarbeurs Utrecht. The 2013 event was held at the&nbsp;Ziggo Dome,&nbsp;Amsterdam</li>\n<li>Dance Valley,&nbsp;Spaarnwoude: an outdoor festival organized by UDC.</li>\n<li>Sensation,&nbsp;Amsterdam Arena. Organized by ID&amp;T.</li>\n<li>Energy, (Formerly Trance Energy) Jaarbeurs, Utrecht: Previously Trance only under the name \"Trance Energy\", the festival was renamed \"Energy\" in 2011 and begun to incorporate other genres. Organized by ID&amp;T.</li>\n<li>Amsterdam dance event, One of the world's trance and electronic music festivals held every year at Amsterdam in October.</li>\n<li>A State of Trance:&nbsp;Armin van Buuren's weekly radio show&nbsp;<em>A State of Trance</em>&nbsp;celebrates every 50th episode with an event in the Netherlands, usually in&nbsp;Utrecht.</li>\n<li>Electronic Family: Organized by ALDA Events.</li>\n<li>Mysteryland. A series of electronic music festivals held by the Dutch promoter ID&amp;T. Being the first of its kind in the country dates back to 1993.</li>\n<li>Luminosity: Amsterdam, founded in 2007. With the slogan \"Spreading The Love Of Trance Music\", the Luminosity Festival is organized by Luminosity Events and is attended by thousands worldwide.</li>\n<li>Psy-Fi: outdoor psychedelic trance festival, at Leeuwarden.</li>\n</ul>\n<h3>&nbsp;</h3>\n<h3><span id=\"North_America\" class=\"mw-headline\">North America</span></h3>\n<h4><span id=\"Canada\" class=\"mw-headline\">Canada</span></h4>\n<ul>\n<li>Bal en Blanc&nbsp;is a rave party that is hosted annually, in April during the Easter holiday weekend, in Montreal. This event usually has two separate rooms, one catering to house music and the other to trance music. It usually lasts for more than 14 hours.</li>\n<li>Digital Dreams Festival in&nbsp;Toronto&nbsp;featured a full trance stage in June 2014</li>\n<li>Escapade Music Festival&nbsp;hosted on Canada Day (July 1) in Ottawa</li>\n<li>A two-day festival called the U4RIA Trance festival in&nbsp;Toronto&nbsp;featured 23 International acts, 12 Canadian acts, and 25 hours of music in June 2018. This 2 day all trance festival was the first of its kind in Canada.</li>\n<li>Trance Unity, hosted in Montreal, is hosted annually and usually lasts 12 to 14 hours.</li>\n</ul>\n<h4>&nbsp;</h4>\n<h4><span id=\"United_States\" class=\"mw-headline\">United States</span></h4>\n<p>Electronic music festivals in the United States feature various&nbsp;electronic music&nbsp;genres such as trance, house, techno, electro,&nbsp;dubstep, and&nbsp;drum and bass:</p>\n<ul>\n<li>Fractalfest&nbsp;&ndash; Fractaltribe's annual outdoor&nbsp;psytrance&nbsp;festival held in Stephentown, NY.&nbsp;Fractaltribe&nbsp;is a community of artists, musicians &amp; organizers dedicated to creating meaningful experiences and immersive atmospheres; celebrations to foster creative expression in a healthy and supportive environment through the vessel of&nbsp;psychedelic music&nbsp;and culture.</li>\n<li>Decadence, an annual 2 day New Year's Eve electronic dance music festival. Held at the Colorado Convention Center in Denver, it is one of the largest NYE EDM festivals in the U.S.<sup id=\"cite_ref-35\" class=\"reference\">[35]</sup></li>\n<li>Decibel Festival, an annual music and digital arts festival started in 2004 in Seattle. It is dedicated to live electronic music performance, visual art, and new media. The core of the festival comprises concerts, performances, commissioned work, film screenings, and exhibitions. The programming is presented in a variety of locations throughout Seattle, centered on the Capitol Hill neighborhood and Downtown. Since its inception, Decibel has hosted over 750 acts ranging from underground dance and experimental electronic music to transmedial art.</li>\n<li>Ultra Music Festival, an annual outdoor electronic music festival that occurs in March in the city of&nbsp;Miami, Florida. A State of Trance has frequently held milestone celebrations at the festival.</li>\n<li>Electric Daisy Carnival, an annual massive organized by&nbsp;Insomniac Events&nbsp;that was held in Southern California from 1997 to 2010, and was moved to Las Vegas in 2011. In 2009, the festival was expanded to a three-day event.</li>\n<li>Nocturnal Festival, are annual events held in Southern California organized by Insomniac Events, held at Glen Helen Regional Park in&nbsp;San Bernardino, California&nbsp;in September.</li>\n<li>Beyond Wonderland, an electronic dance festival in Southern California organized by Insomniac Events.</li>\n<li>Dreamstate, first produced by festival organizer&nbsp;Insomniac Events&nbsp;on November 27&ndash;28, 2015, at the National Orange Show in San Bernardino, California, is the first all-trance festival in North America.</li>\n<li>Electric Zoo Festival, an annual electronic music festival held over Labor Day weekend in New York City on Randall's Island Park.</li>\n<li>Electric Forest Festival, a four-day annual festival in Michigan.</li>\n<li>TomorrowWorld, a three-day annual festival in Chattahoochee Hills, Georgia. Organized by ID&amp;T, TomorrowWorld is a sister festival to&nbsp;TomorrowLand.</li>\n<li>Spring Awakening, the three-day annual festival in Chicago, Illinois.</li>\n</ul>\n<h4>&nbsp;</h4>\n<h4><span id=\"Mexico\" class=\"mw-headline\">Mexico</span></h4>\n<ul>\n<li>Beyond Wonderland, an electronic dance festival in northern Mexico organized by Insomniac Events.</li>\n</ul>\n<h3>&nbsp;</h3>\n<h3><span id=\"Oceania\" class=\"mw-headline\">Oceania</span></h3>\n<h4><span id=\"Australia\" class=\"mw-headline\">Australia</span></h4>\n<ul>\n<li>Doof&mdash;A type of outdoor dance party, which is generally held in a remote country area or just outside big cities in surrounding bush or rainforests and similar to raves or teknivals. Doofs generally have live electronic artists and DJs playing a range of electronic music, commonly goa trance, techno, drum and bass, and psychedelic trance.</li>\n<li>Defqon.1 Festival&mdash;A music festival that mostly plays hardstyle and related genres such as hardcore techno, hard house and hard trance, the event has been hosted in&nbsp;Sydney&nbsp;in mid-September since 2009 at the&nbsp;Sydney International Regatta Centre.</li>\n<li>Rainbow Serpent Festival&mdash;A large electronic music, art, and lifestyle festival, located in&nbsp;Victoria. The festival is mainly known for psychedelic trance and minimal techno music, but also features other genres of electronic music and non-electronic music in the smaller stages.</li>\n</ul>\n<h3>&nbsp;</h3>\n<h3><span id=\"South_America\" class=\"mw-headline\">South America</span></h3>\n<h4><span id=\"Argentina\" class=\"mw-headline\">Argentina</span></h4>\n<ul>\n<li>Creamfields BA</li>\n</ul>\n<p>&nbsp;</p>\n<h2><span id=\"References\" class=\"mw-headline\">References</span></h2>\n<div class=\"reflist\">\n<div class=\"mw-references-wrap mw-references-columns\">\n<ol class=\"references\">\n<li id=\"cite_note-arminbiography-1\"><span class=\"mw-cite-backlink\">^&nbsp;<span class=\"cite-accessibility-label\">Jump up to:</span><sup><em><strong>a</strong></em></sup>&nbsp;<sup><em><strong>b</strong></em></sup>&nbsp;<sup><em><strong>c</strong></em></sup>&nbsp;<sup><em><strong>d</strong></em></sup></span>&nbsp;<span class=\"reference-text\">Bom, Coen (2009).&nbsp;<em>Armin Only: A Year in the Life of the World's No. 1 DJ</em>. Oxford, UK: Dutch Media Uitgevers BV.&nbsp;ISBN&nbsp;978-90-488-0323-1: p. 15</span></li>\n<li id=\"cite_note-Trance-2\"><span class=\"mw-cite-backlink\">^&nbsp;<span class=\"cite-accessibility-label\">Jump up to:</span><sup><em><strong>a</strong></em></sup>&nbsp;<sup><em><strong>b</strong></em></sup>&nbsp;<sup><em><strong>c</strong></em></sup>&nbsp;<sup><em><strong>d</strong></em></sup>&nbsp;<sup><em><strong>e</strong></em></sup>&nbsp;<sup><em><strong>f</strong></em></sup>&nbsp;<sup><em><strong>g</strong></em></sup>&nbsp;<sup><em><strong>h</strong></em></sup></span>&nbsp;<span class=\"reference-text\"><cite class=\"citation web cs1\">\"Trance\".&nbsp;<em>AllMusic</em><span class=\"reference-accessdate\">. Retrieved&nbsp;<span class=\"nowrap\">9 July</span>&nbsp;2012</span>.</cite></span></li>\n<li id=\"cite_note-Muggs-3\"><span class=\"mw-cite-backlink\">^&nbsp;<span class=\"cite-accessibility-label\">Jump up to:</span><sup><em><strong>a</strong></em></sup>&nbsp;<sup><em><strong>b</strong></em></sup>&nbsp;<sup><em><strong>c</strong></em></sup></span>&nbsp;<span class=\"reference-text\"><cite class=\"citation web cs1\">\"34 reasons why trance is the greatest dance music of all\".&nbsp;<em>FACT Magazine: Music News, New Music</em>. 2014-03-29<span class=\"reference-accessdate\">. Retrieved&nbsp;<span class=\"nowrap\">2018-12-09</span></span>.</cite></span></li>\n<li id=\"cite_note-tranceexperience-4\"><span class=\"mw-cite-backlink\">^&nbsp;<span class=\"cite-accessibility-label\">Jump up to:</span><sup><em><strong>a</strong></em></sup>&nbsp;<sup><em><strong>b</strong></em></sup>&nbsp;<sup><em><strong>c</strong></em></sup>&nbsp;<sup><em><strong>d</strong></em></sup>&nbsp;<sup><em><strong>e</strong></em></sup>&nbsp;<sup><em><strong>f</strong></em></sup>&nbsp;<sup><em><strong>g</strong></em></sup>&nbsp;<sup><em><strong>h</strong></em></sup>&nbsp;<sup><em><strong>i</strong></em></sup>&nbsp;<sup><em><strong>j</strong></em></sup>&nbsp;<sup><em><strong>k</strong></em></sup>&nbsp;<sup><em><strong>l</strong></em></sup>&nbsp;<sup><em><strong>m</strong></em></sup>&nbsp;<sup><em><strong>n</strong></em></sup>&nbsp;<sup><em><strong>o</strong></em></sup>&nbsp;<sup><em><strong>p</strong></em></sup>&nbsp;<sup><em><strong>q</strong></em></sup>&nbsp;<sup><em><strong>r</strong></em></sup>&nbsp;<sup><em><strong>s</strong></em></sup></span>&nbsp;<span class=\"reference-text\">Fassbender, Torsten (2008).&nbsp;<em>The Trance Experience</em>. Knoxville, Tennessee: Sound Org Inc.&nbsp;ISBN&nbsp;978-0-2405-2107-7: p. 15, 16, 17, 19</span></li>\n<li id=\"cite_note-djskillsguide-5\"><span class=\"mw-cite-backlink\">^&nbsp;<span class=\"cite-accessibility-label\">Jump up to:</span><sup><em><strong>a</strong></em></sup>&nbsp;<sup><em><strong>b</strong></em></sup>&nbsp;<sup><em><strong>c</strong></em></sup>&nbsp;<sup><em><strong>d</strong></em></sup>&nbsp;<sup><em><strong>e</strong></em></sup></span>&nbsp;<span class=\"reference-text\">Webber, Stephen (2008).&nbsp;<em>DJ Skills: The Essential Guide to Mixing and Scratching</em>. Oxford, UK: Elsevier Press.&nbsp;ISBN&nbsp;978-0-240-52069-8: p. 35</span></li>\n<li id=\"cite_note-A_history_of_trance_music-6\"><span class=\"mw-cite-backlink\"><strong>^</strong></span>&nbsp;<span class=\"reference-text\"><cite class=\"citation web cs1\">\"A history of trance music\"<span class=\"reference-accessdate\">. Retrieved&nbsp;<span class=\"nowrap\">25 June</span>&nbsp;2020</span>.</cite></span></li>\n<li id=\"cite_note-snomanmanual-7\"><span class=\"mw-cite-backlink\">^&nbsp;<span class=\"cite-accessibility-label\">Jump up to:</span><sup><em><strong>a</strong></em></sup>&nbsp;<sup><em><strong>b</strong></em></sup>&nbsp;<sup><em><strong>c</strong></em></sup>&nbsp;<sup><em><strong>d</strong></em></sup>&nbsp;<sup><em><strong>e</strong></em></sup>&nbsp;<sup><em><strong>f</strong></em></sup>&nbsp;<sup><em><strong>g</strong></em></sup>&nbsp;<sup><em><strong>h</strong></em></sup>&nbsp;<sup><em><strong>i</strong></em></sup>&nbsp;<sup><em><strong>j</strong></em></sup>&nbsp;<sup><em><strong>k</strong></em></sup>&nbsp;<sup><em><strong>l</strong></em></sup>&nbsp;<sup><em><strong>m</strong></em></sup>&nbsp;<sup><em><strong>n</strong></em></sup>&nbsp;<sup><em><strong>o</strong></em></sup>&nbsp;<sup><em><strong>p</strong></em></sup>&nbsp;<sup><em><strong>q</strong></em></sup>&nbsp;<sup><em><strong>r</strong></em></sup></span>&nbsp;<span class=\"reference-text\">Snoman, Rick (2009).&nbsp;<em>The Dance Music Manual: Tools, Toys, and Techniques&nbsp;&ndash; Second Edition</em>. Oxford, UK: Elsevier Press.&nbsp;ISBN&nbsp;0-9748438-4-9: p. 251, 252, 253, 266</span></li>\n<li id=\"cite_note-st-john-8\"><span class=\"mw-cite-backlink\">^&nbsp;<span class=\"cite-accessibility-label\">Jump up to:</span><sup><em><strong>a</strong></em></sup>&nbsp;<sup><em><strong>b</strong></em></sup></span>&nbsp;<span class=\"reference-text\"><cite id=\"CITEREFSt_John2004\" class=\"citation book cs1\">St John, Graham (1 June 2004).&nbsp;<em>Rave Culture and Religion</em>. Routledge. p.&nbsp;242.&nbsp;ISBN&nbsp;<bdi>9781134379729</bdi><span class=\"reference-accessdate\">. Retrieved&nbsp;<span class=\"nowrap\">25 January</span>&nbsp;2016</span>.</cite></span></li>\n<li id=\"cite_note-compositionfor-9\"><span class=\"mw-cite-backlink\">^&nbsp;<span class=\"cite-accessibility-label\">Jump up to:</span><sup><em><strong>a</strong></em></sup>&nbsp;<sup><em><strong>b</strong></em></sup>&nbsp;<sup><em><strong>c</strong></em></sup>&nbsp;<sup><em><strong>d</strong></em></sup>&nbsp;<sup><em><strong>e</strong></em></sup>&nbsp;<sup><em><strong>f</strong></em></sup></span>&nbsp;<span class=\"reference-text\">Hewitt, Michael (2009).&nbsp;<em>Composition for Computer Musicians</em>. Knoxville, Tennessee: Cengage Learning.&nbsp;ISBN&nbsp;978-1-59863-861-5: p. 9</span></li>\n<li id=\"cite_note-amg_goa-10\"><span class=\"mw-cite-backlink\"><strong>^</strong></span>&nbsp;<span class=\"reference-text\"><cite class=\"citation web cs1\">\"Goa Trance\".&nbsp;<em>AllMusic</em><span class=\"reference-accessdate\">. Retrieved&nbsp;<span class=\"nowrap\">9 July</span>&nbsp;2012</span>.</cite></span></li>\n<li id=\"cite_note-11\"><span class=\"mw-cite-backlink\"><strong>^</strong></span>&nbsp;<span class=\"reference-text\"><cite class=\"citation web cs1\">\"An Idiot's Guide to EDM Genres\".&nbsp;<em>Complex</em><span class=\"reference-accessdate\">. Retrieved&nbsp;<span class=\"nowrap\">2021-03-21</span></span>.</cite></span></li>\n<li id=\"cite_note-12\"><span class=\"mw-cite-backlink\"><strong>^</strong></span>&nbsp;<span class=\"reference-text\"><cite id=\"CITEREFWeir2006\" class=\"citation book cs1\">Weir, Dennis R. (May 2006).&nbsp;<em>Trance: from Magic to Technology</em>. Trance Research Foundation.&nbsp;ISBN&nbsp;<bdi>9781888428391</bdi><span class=\"reference-accessdate\">. Retrieved&nbsp;<span class=\"nowrap\">28 December</span>&nbsp;2017</span>.</cite></span></li>\n<li id=\"cite_note-remixing_guide-13\"><span class=\"mw-cite-backlink\"><strong>^</strong></span>&nbsp;<span class=\"reference-text\">Hawkins, Erik (2004).&nbsp;<em>The Complete Guide to Remixing</em>. Boston, MA: Berklee Press.&nbsp;ISBN&nbsp;0-87639-044-0: p. 51</span></li>\n<li id=\"cite_note-Trance_Music&mdash;What_is_trance_music?-14\"><span class=\"mw-cite-backlink\"><strong>^</strong></span>&nbsp;<span class=\"reference-text\"><em>Trance Music&mdash;What is Trance Music?&nbsp;https://web.archive.org/web/20140812205717/http://dancemusic.about.com/od/genres/g/Trance_Music</em></span></li>\n<li id=\"cite_note-15\"><span class=\"mw-cite-backlink\"><strong>^</strong></span>&nbsp;<span class=\"reference-text\"><cite id=\"CITEREFPhD2004\" class=\"citation journal cs1\">PhD, Kathryn A. Becker-Blease (2004-07-13). \"Dissociative States Through New Age and Electronic Trance Music\".&nbsp;<em>Journal of Trauma &amp; Dissociation</em>.&nbsp;<strong>5</strong>&nbsp;(2): 89&ndash;100.&nbsp;doi:10.1300/J229v05n02_05.&nbsp;ISSN&nbsp;1529-9732.&nbsp;S2CID&nbsp;143859546.</cite></span></li>\n<li id=\"cite_note-gradar_sor2-16\"><span class=\"mw-cite-backlink\"><strong>^</strong></span>&nbsp;<span class=\"reference-text\"><cite id=\"CITEREFMcNeilly2010\" class=\"citation web cs1\">McNeilly, Joe (April 19, 2010).&nbsp;\"Game music of the day: Streets of Rage 2\".&nbsp;GamesRadar<span class=\"reference-accessdate\">. Retrieved&nbsp;<span class=\"nowrap\">28 July</span>&nbsp;2012</span>.</cite></span></li>\n<li id=\"cite_note-square_sor2_ryan-17\"><span class=\"mw-cite-backlink\"><strong>^</strong></span>&nbsp;<span class=\"reference-text\"><cite id=\"CITEREFRyan\" class=\"citation web cs1\">Ryan.&nbsp;\"Streets of Rage 2 Original Soundtrack (US): Review\". Square Enix Music Online<span class=\"reference-accessdate\">. Retrieved&nbsp;<span class=\"nowrap\">7 August</span>&nbsp;2012</span>.</cite></span></li>\n<li id=\"cite_note-mean_sor3-18\"><span class=\"mw-cite-backlink\"><strong>^</strong></span>&nbsp;<span class=\"reference-text\"><cite class=\"citation web cs1\">\"Streets of Rage 3 review&mdash;Sega Megadrive\".&nbsp;<em>Mean Machines</em>. Archived from&nbsp;the original&nbsp;on 12 November 2019<span class=\"reference-accessdate\">. Retrieved&nbsp;<span class=\"nowrap\">1 August</span>&nbsp;2012</span>.</cite></span></li>\n<li id=\"cite_note-19\"><span class=\"mw-cite-backlink\"><strong>^</strong></span>&nbsp;<span class=\"reference-text\"><cite id=\"CITEREFNorman\" class=\"citation web cs1\">Norman, Ben.&nbsp;\"Can You Tell Trance Music from Ambient Music?\".&nbsp;<em>LiveAbout</em><span class=\"reference-accessdate\">. Retrieved&nbsp;<span class=\"nowrap\">2019-11-02</span></span>.</cite></span></li>\n<li id=\"cite_note-20\"><span class=\"mw-cite-backlink\"><strong>^</strong></span>&nbsp;<span class=\"reference-text\"><cite id=\"CITEREFHarrison2017\" class=\"citation news cs1\">Harrison, Andrew (April 27, 2017).&nbsp;\"Return of the KLF: 'They were agents of chaos. Now the world they anticipated is here<span class=\"cs1-kern-right\">'</span>\".&nbsp;<em>The Guardian</em><span class=\"reference-accessdate\">. Retrieved&nbsp;<span class=\"nowrap\">November 22,</span>&nbsp;2019</span>&nbsp;&ndash; via www.theguardian.com.</cite></span></li>\n<li id=\"cite_note-21\"><span class=\"mw-cite-backlink\"><strong>^</strong></span>&nbsp;<span class=\"reference-text\"><cite class=\"citation web cs1\">\"Paul Van Dyk - Dance FM\". April 27, 2017. Archived from&nbsp;the original&nbsp;on April 27, 2017<span class=\"reference-accessdate\">. Retrieved&nbsp;<span class=\"nowrap\">November 22,</span>&nbsp;2019</span>.</cite></span></li>\n<li id=\"cite_note-22\"><span class=\"mw-cite-backlink\"><strong>^</strong></span>&nbsp;<span class=\"reference-text\"><cite class=\"citation web cs1\">\"Is Trance Dead?\"<span class=\"reference-accessdate\">. Retrieved&nbsp;<span class=\"nowrap\">22 November</span>&nbsp;2016</span>.</cite></span></li>\n<li id=\"cite_note-23\"><span class=\"mw-cite-backlink\"><strong>^</strong></span>&nbsp;<span class=\"reference-text\"><cite id=\"CITEREFM.\" class=\"citation web cs1\">M., John.&nbsp;\"A history of trance music\". Archived from&nbsp;the original&nbsp;on 26 December 2012<span class=\"reference-accessdate\">. Retrieved&nbsp;<span class=\"nowrap\">22 November</span>&nbsp;2016</span>.</cite></span></li>\n<li id=\"cite_note-musictheory-24\"><span class=\"mw-cite-backlink\"><strong>^</strong></span>&nbsp;<span class=\"reference-text\">Hewitt, Michael (2008).&nbsp;<em>Music Theory for Computer Musicians</em>. Boston, MA: Course Technology.&nbsp;ISBN&nbsp;978-1-59863-503-4</span></li>\n<li id=\"cite_note-25\"><span class=\"mw-cite-backlink\"><strong>^</strong></span>&nbsp;<span class=\"reference-text\"><cite id=\"CITEREFPaterson\" class=\"citation web cs1\">Paterson, Angus.&nbsp;\"Above &amp; Beyond talk shop on Australian tour &amp; 'trance 2.0<span class=\"cs1-kern-right\">'</span>\".&nbsp;<em>inthemix</em>. nthemix Pty Ltd<span class=\"reference-accessdate\">. Retrieved&nbsp;<span class=\"nowrap\">13 April</span>2013</span>.</cite></span></li>\n<li id=\"cite_note-AMProgTrance-26\"><span class=\"mw-cite-backlink\"><strong>^</strong></span>&nbsp;<span class=\"reference-text\"><cite class=\"citation web cs1\">\"Progressive Trance\".&nbsp;<em>AllMusic</em>.</cite></span></li>\n<li id=\"cite_note-27\"><span class=\"mw-cite-backlink\"><strong>^</strong></span>&nbsp;<span class=\"reference-text\"><cite class=\"citation web cs1\">\"A look back at April's Spirit Tribe Trance celebration\". GoKunming. 6 May 2016<span class=\"reference-accessdate\">. Retrieved&nbsp;<span class=\"nowrap\">12 May</span>&nbsp;2016</span>.</cite></span></li>\n<li id=\"cite_note-28\"><span class=\"mw-cite-backlink\"><strong>^</strong></span>&nbsp;<span class=\"reference-text\"><cite id=\"CITEREFMeadow2016\" class=\"citation web cs1\">Meadow, Matthew (2016-01-07).&nbsp;\"Martin Garrix &amp; Other Top 100 DJs Helped This EDM Festival Break Massive Record\".&nbsp;<em>Your EDM</em><span class=\"reference-accessdate\">. Retrieved&nbsp;<span class=\"nowrap\">5 March</span>&nbsp;2016</span>.</cite></span></li>\n<li id=\"cite_note-29\"><span class=\"mw-cite-backlink\"><strong>^</strong></span>&nbsp;<span class=\"reference-text\"><cite class=\"citation web cs1\">\"Waldfrieden Events GmbH\"<span class=\"reference-accessdate\">. Retrieved&nbsp;<span class=\"nowrap\">November 22,</span>&nbsp;2019</span>.</cite></span></li>\n<li id=\"cite_note-30\"><span class=\"mw-cite-backlink\"><strong>^</strong></span>&nbsp;<span class=\"reference-text\"><cite class=\"citation web cs1\">\"Monday Bar -\"<span class=\"reference-accessdate\">. Retrieved&nbsp;<span class=\"nowrap\">22 November</span>&nbsp;2016</span>.</cite></span></li>\n<li id=\"cite_note-31\"><span class=\"mw-cite-backlink\"><strong>^</strong></span>&nbsp;<span class=\"reference-text\"><cite class=\"citation web cs1\">\"SUMMER SOUND FESTIVAL 2015\"<span class=\"reference-accessdate\">. Retrieved&nbsp;<span class=\"nowrap\">22 November</span>2016</span>.</cite></span></li>\n<li id=\"cite_note-32\"><span class=\"mw-cite-backlink\"><strong>^</strong></span>&nbsp;<span class=\"reference-text\"><cite class=\"citation web cs1\">\"Dreamland Greece\". Archived from&nbsp;the original&nbsp;on 23 November 2016<span class=\"reference-accessdate\">. Retrieved&nbsp;<span class=\"nowrap\">22 November</span>&nbsp;2016</span>.</cite></span></li>\n<li id=\"cite_note-33\"><span class=\"mw-cite-backlink\"><strong>^</strong></span>&nbsp;<span class=\"reference-text\"><cite class=\"citation web cs1\">\"Mythody Greece\"<span class=\"reference-accessdate\">. Retrieved&nbsp;<span class=\"nowrap\">3 June</span>&nbsp;2018</span>.</cite></span></li>\n<li id=\"cite_note-34\"><span class=\"mw-cite-backlink\"><strong>^</strong></span>&nbsp;<span class=\"reference-text\"><cite id=\"CITEREFJessop\" class=\"citation web cs1\">Jessop, Tara.&nbsp;\"The History Of Manumission Parties In Ibiza\".&nbsp;<em>Culture Trip</em><span class=\"reference-accessdate\">. Retrieved&nbsp;<span class=\"nowrap\">2019-11-05</span></span>.</cite></span></li>\n<li id=\"cite_note-35\"><span class=\"mw-cite-backlink\"><strong>^</strong></span>&nbsp;<span class=\"reference-text\"><cite class=\"citation web cs1\">\"Decadence NYE 2018\".&nbsp;<em>Decadence NYE 2018</em>. Archived from&nbsp;the original&nbsp;on June 21, 2019<span class=\"reference-accessdate\">. Retrieved&nbsp;<span class=\"nowrap\">November 22,</span>&nbsp;2019</span>.</cite></span></li>\n</ol>\n</div>\n</div>",
 "remarks": "本词条内容来自源自 https://zh.wikipedia.org/wiki/Trance",
 "remarksEn": "本词条内容来自源自 https://en.wikipedia.org/wiki/Trance_music",
 "status": 1,
 "clickNum": 837,
 "deleted": 0,
 "lang": 0,
 "chooseLang": true,
 "id": 13,
 "name": "Trance",
 "descriptions": "Trance是一种电子音乐的风格，中文一般称之为出神、传思、劝世等。1980年代，Trance起源于英国的锐舞派对当中，并于1990年代的早期在德国兴起，而后传播到欧洲的其他区域及北美地区，同时期在印度的果阿邦，Trance也聚集了一批追随者。藉由新世纪电音文化的广泛传播，在亚洲的其他许多国家如日本、中国等国家也拥有了受众。",
 "originalName": "出神音乐",
 "startTimeText": "Late 1980s – early 1990s",
 "startAddress": "United Kingdom;Germany;Belgium;Netherlands",
 "searchStyle": "Trance",
 "styleCategory": "Electronic Dance Music",
 "originalStyle": "House, techno, acid house, chill-out, pop, classical music, film score, hardcore techno, new-age music, Detroit techno, tech house, ambient music, psychedelia",
 "affectStyle": "",
 "deriveStyle": "Acid trance, Balearic trance, Goa trance, hard trance, progressive trance, psychedelic trance, tech trance, uplifting trance, vocal trance",
 "representArtist": "",
 "officialUrl": "https://zh.wikipedia.org/wiki/Trance",
 "typeId": 13,
 "typeName": "风格",
 "dataId": 13,
 "url": "http://dropinapp.hearinmusic.com/#/ency?typeId=13&dataId=13"
}