{
 "pageNum": 1,
 "pageSize": 10,
 "params": {},
 "relationChannel": "[{\"id\":1394,\"parentId\":8,\"name\":\"Trap EDM\"}]",
 "content": "<p>EDM Trap是一种流行电子舞曲（EDM），起源于21世纪末和2010年初。 它与影响它的发源流派Trap音乐共享一个名称，最初源自南部嘻哈，后来许多的艺术家把Trap音乐融入流行音乐和EDM。</p>\n<p>&nbsp;</p>\n<p><strong>发展历史</strong></p>\n<p>2012年，出现了一种电子舞曲（EDM）融合了Trap音乐的元素，并开始越来越受欢迎。这些新的舞曲结合了嘻哈音乐的低音贝斯、脚踏钹以及Dubstep的节奏，创造出「肮脏且侵略性的节拍，黑暗的旋律」。电子音乐制作人，如TNGHT、Baauer、RL Grime和Flosstradamus扩大了此类音乐的人气，并引起了对Trap音乐衍生形式的广泛关注。这种音乐类型使用了铁克诺、Dub和浩室音乐的声音素材与Roland TR-808的鼓声和典型Trap音乐的声音样本相结合。</p>\n<p>&nbsp;</p>\n<p>在2012年下半年，各式各样的Trap音乐变得越来越受欢迎，并对美国电子音乐界产生了明显的影响。音乐最初被制作人和粉丝简称为\"Trap\"，导致\"Trap\"一词同时被说唱歌手和电子音乐制作人使用，两者的粉丝非常容易混淆。后来为了分别两者的差异，电子舞曲制作人开始用\"EDM Trap\"来标记这种新的曲风。 \"Trap-house\"和\"Trapstep\"这两个术语通常由制作人标记，以描述单个音轨的音乐结构。随着EDM Trap的发展和与Dubstep的融合，这种新曲风被认为将在2010年代接替Dubstep的地位。通常音乐的速度大约在140 BPM，低音强劲。</p>\n<p>&nbsp;</p>\n<p>2013年，制作人Baauer的歌曲\"Harlem Shake\"（常译为：哈林摇），被Joji制成粉丝影片，成为了因特网迷因，该曲目成为Billboard Hot 100上第一首登上第一名宝座的EDM Trap。这个迷因挑战包括一个人按照歌曲的节奏跳舞直到Drop，然后影片中的其他人将跟随着这个人跳舞。</p>\n<p>&nbsp;</p>\n<p>五个EDM Trap制作人在2013年美国的超音乐节上演出，包括DJ Craze、Baauer和Flosstradamus。 2013年的明日世界音乐节特别客串了一个「Trap舞台」。</p>\n<p>&nbsp;</p>\n<p>2013年2月10日，All Trap Music发行了他们的首张专辑，其中包括来自RL Grime、Flosstradamus、Baauer、Bro Safari和12th Planet等制作人的19首曲目，将其描述为同类型中的第一张专辑。它在iTunes舞曲排行榜上排名第二，Vibe杂志声称它是「有史以来全球最畅销的EDM Trap专辑」。2013年，DJ Snake和Lil Jon发布了单曲\"Turn Down For What\"，这首歌在好几个国家都登上热门排行榜并且成为热门话题，滚石杂志投票将其选为2014年第二名的歌曲。</p>\n<p>&nbsp;</p>\n<p>EDM Trap在国际上享有盛名，特别是在韩国。2014年11月，来自韩国男子音乐组合BIGBANG的G-Dragon和Taeyang发行了他们的单曲\"Good Boy\"，其中融入了大量的Trap和电子音乐元素。单曲在不到24小时内获得了200万次观看，并得到了音乐评论家的积极评价。2015年6月，当BIGBANG发布他们的热门单曲\"Bang, Bang, Bang\"时，EDM Trap再次在K-pop领域获得关注，该单曲在韩国取得了商业上的成功，在2015年8月之前销售了超过100万张的数位单曲。2019年4月，韩国女子音乐组合Blackpink发行了专辑\"Kill This Love\"，其中的同名主打单曲在不到24小时内获得了5670万次观看，随后登上了Billboard Hot 100排行榜。</p>\n<p>&nbsp;</p>\n<p>Trap 在 2010 年末开始与Synthpop 和 emo 流行音乐融合，当时费城制作人团体 Working on Dying 开始制作弗朗西斯维尔说唱歌手 Lil Uzi Vert 的第三张录音室专辑 Eternal Atake。Working on Dying的 Brandon Finessin 被署名为 Lil Uzi Vert 的 emo 说唱专辑的八首作品的制作人，他在传统的Trap鼓序列中添加了 hyperpop 和 EDM 元素。 这使得 Lil Uzi Vert 和 Brandon Finessin 合作领跑公告牌Producers and Songwriters Top 100排行榜。这也让 YouTube 小制作人根据 Working on Dying 的电子Trap音乐制作方法出现了 hyperpop trap beat 的分支场景。</p>\n<p>&nbsp;</p>\n<p>2010 年代后期也出现了一种新的Trap音乐子流派，称为Trapwave（或Hardwave），它将Trap音乐与Synthwave融合在一起。</p>",
 "contentEn": "<p><strong>Trap (EDM)</strong>&nbsp;or&nbsp;<strong>EDM trap</strong>&nbsp;is a style of&nbsp;electronic dance music&nbsp;(EDM) that originated in the early 2010s.<sup id=\"cite_ref-5\" class=\"reference\">[5]</sup>&nbsp;It blends elements of&nbsp;trap music, which is an offshoot of&nbsp;Southern hip hop, with elements of EDM like build-ups,&nbsp;drops, and&nbsp;breakdowns.<sup id=\"cite_ref-6\" class=\"reference\">[6]</sup>&nbsp;A variety of artists<sup class=\"noprint Inline-Template\">[<em><span title=\"The material near this tag possibly uses too-vague attribution or weasel words. (April 2020)\">who?</span></em>]</sup>&nbsp;spurred trap's move into&nbsp;pop&nbsp;and EDM.<sup id=\"cite_ref-rtt_7-0\" class=\"reference\">[7]</sup></p>\n<h2>&nbsp;</h2>\n<h2><span id=\"History\" class=\"mw-headline\">History</span></h2>\n<p>In 2012, a style of electronic dance music (EDM) incorporated elements of trap music,<sup id=\"cite_ref-mnt_8-0\" class=\"reference\">[8]</sup>&nbsp;creating \"dirty, aggressive beats [and] dark melodies.\"<sup id=\"cite_ref-mnt_8-1\" class=\"reference\">[8]</sup>&nbsp;Electronic music producers, such as&nbsp;TNGHT,&nbsp;Baauer,&nbsp;RL Grime&nbsp;and&nbsp;Flosstradamus&nbsp;expanded the popularity, and brought wider attention to the derivative forms of trap.<sup id=\"cite_ref-rtt_7-1\" class=\"reference\">[7]</sup>&nbsp;This genre saw the use of techno, dub, and electro sounds combined with the Roland TR-808 drum samples and vocal samples typical of trap.<sup id=\"cite_ref-rtt_7-2\" class=\"reference\">[7]</sup></p>\n<p>&nbsp;</p>\n<p>In the later half of 2012, these various offshoots of trap became increasingly popular and made a noticeable impact on the American electronic dance music scene.<sup id=\"cite_ref-9\" class=\"reference\">[9]</sup>&nbsp;The music was initially dubbed simply as \"trap\" by producers and fans, which led to the term \"trap\" being used to address the music of both rappers and electronic producers, to much confusion among followers of both. Instead of referring to a single genre, the term \"trap\" has been used to describe two separate genres of hip hop and dance music.<sup id=\"cite_ref-complex_10-0\" class=\"reference\">[10]</sup>&nbsp;The new wave of the genre has been labeled by some as \"EDM trap\" to distinguish it from the rap genre. The terms \"trap-techno\" and \"trapstep\" are often labeled by producers to describe the musical structure of an individual track. The evolving EDM trap has seen incorporation and stylistic influences from&nbsp;dubstep, in which trap has been hailed as the superseding phase of dubstep during the mid 2010s. The new phase typically plays at 140 BPM with strong bass drops, which has been growing in popularity since 2013.<sup id=\"cite_ref-autogenerated1_11-0\" class=\"reference\">[11]</sup></p>\n<p>&nbsp;</p>\n<p>In 2013, a fan-made video by Filthy Frank (also known as&nbsp;Joji), of electronic trap producer Baauer's track \"Harlem Shake\" became an&nbsp;internet meme, propelling the track to become the first trap song to hit number one on the&nbsp;<em>Billboard</em>&nbsp;Hot 100.<sup id=\"cite_ref-12\" class=\"reference\">[12]</sup>&nbsp;This challenge consisted of one person dancing to the rhythm of the song until the beat dropped, in which then whoever else within the video would dance along with the person dancing in the beginning. Five EDM trap producers performed at the 2013&nbsp;Ultra Music Festival&nbsp;in the United States, including&nbsp;DJ Craze, Baauer and Flosstradamus.<sup id=\"cite_ref-mnt_8-2\" class=\"reference\">[8]</sup>&nbsp;The 2013&nbsp;Tomorrowland festival&nbsp;featured a \"trap stage\".</p>\n<p>&nbsp;</p>\n<p>On February 10, 2013, All Trap Music released their debut compilation album which featured 19 tracks from artists including RL Grime, Flosstradamus, Baauer,&nbsp;Bro Safari&nbsp;and&nbsp;12th Planet. Described by the music press as the first album of its kind<sup id=\"cite_ref-13\" class=\"reference\">[13]</sup><sup id=\"cite_ref-autogeneratedmix_14-0\" class=\"reference\">[14]</sup>&nbsp;it reached number two in the iTunes dance chart with&nbsp;<em>Vibe</em>&nbsp;stating it was \"the world's biggest-selling EDM trap album ever.\"<sup id=\"cite_ref-autogenerated1_11-1\" class=\"reference\">[11]</sup>&nbsp;In 2013,&nbsp;DJ Snake&nbsp;and&nbsp;Lil Jon&nbsp;released the single \"Turn Down for What\", which became both a commercial hit charting in several countries and a critical hit.&nbsp;<em>Rolling Stone</em>&nbsp;voted \"Turn Down for What\" as the second best song of 2014, saying that, \"The year's nutsiest party jam was also the perfect protest banger for a generation fed up with everything. DJ Snake brings the synapse-rattling EDM and Southern trap music; Lil Jon brings the dragon-fire holler for a hilarious, glorious, glowstick-punk fuck you.\"<sup id=\"cite_ref-15\" class=\"reference\">[15]</sup></p>\n<p>&nbsp;</p>\n<p>Trap music has also found fame internationally, especially in South Korea. In November 2014, the K-pop duo&nbsp;G-Dragon&nbsp;and&nbsp;Taeyang&nbsp;of the South Korean boy band&nbsp;BIGBANG, released their single \"Good Boy\", where it incorporated strong elements of trap and electronic flavors. The single garnered 2 million views in less than 24 hours and was met with positive reviews from music critics.<sup id=\"cite_ref-16\" class=\"reference\">[16]</sup>&nbsp;In June 2015, trap again resurfaced in the K-pop sphere when&nbsp;BIGBANG&nbsp;released their commercial hit single \"Bang, Bang, Bang\". The single was a critical and commercial success in South Korea reaching the apex of the&nbsp;Gaon Digital Chart, eventually selling more than 1 million digital singles by August 2015.<sup id=\"cite_ref-17\" class=\"reference\">[17]</sup></p>\n<p>&nbsp;</p>\n<p>Trap began to fuse with&nbsp;synth-pop&nbsp;and&nbsp;emo pop&nbsp;in the late 2010&rsquo;s when Philadelphia producer group&nbsp;Working on Dying&nbsp;began to produce&nbsp;Eternal Atake&nbsp;the third studio album by&nbsp;Francisville&nbsp;rapper&nbsp;Lil Uzi Vert. Brandon Finessin of Working on Dying earned eight producer credits Lil Uzi Vert&rsquo;s&nbsp;emo rap&nbsp;album, adding&nbsp;hyperpop&nbsp;and&nbsp;EDM&nbsp;elements to tradition trap drum sequences. This led to Lil Uzi Vert and Brandon Finessin leading the&nbsp;Billboard charts&nbsp;collaboratively on the Producers and Songwriters Top 100s.<sup id=\"cite_ref-18\" class=\"reference\">[18]</sup>&nbsp;This caused an offshoot scene of hyperpop trap beats to emerge from minor YouTube producers based on Working on Dying&rsquo;s electronic approach to&nbsp;trap music.</p>\n<p>&nbsp;</p>\n<p>A new subgenre of trap music referred to as trapwave (or&nbsp;hardwave) emerged also in late 2010s that fuses trap music with&nbsp;synthwave.</p>\n<h2>&nbsp;</h2>\n<h2><span id=\"References\" class=\"mw-headline\">References</span></h2>\n<div class=\"reflist\">\n<div class=\"mw-references-wrap mw-references-columns\">\n<ol class=\"references\">\n<li id=\"cite_note-1\"><span class=\"mw-cite-backlink\"><strong>^</strong></span>&nbsp;<span class=\"reference-text\">https://runthetrap.com/2013/06/02/what-is-twerk-music/</span></li>\n<li id=\"cite_note-2\"><span class=\"mw-cite-backlink\"><strong>^</strong></span>&nbsp;<span class=\"reference-text\">https://rtrap.org/</span></li>\n<li id=\"cite_note-3\"><span class=\"mw-cite-backlink\"><strong>^</strong></span>&nbsp;<span class=\"reference-text\">https://edm.com/music-releases/slander-channel-heaven-trap-roots-in-collaboration-with-jason-ross</span></li>\n<li id=\"cite_note-4\"><span class=\"mw-cite-backlink\"><strong>^</strong></span>&nbsp;<span class=\"reference-text\">https://www.beatportal.com/beatport-news/exploring-wave-beatports-newest-genre/</span></li>\n<li id=\"cite_note-5\"><span class=\"mw-cite-backlink\"><strong>^</strong></span>&nbsp;<span class=\"reference-text\"><cite class=\"citation book cs1\"><em>Hip Hop around the World: An Encyclopedia</em>. ABC-CLIO. p.&nbsp;701<span class=\"reference-accessdate\">. Retrieved&nbsp;<span class=\"nowrap\">21 September</span>&nbsp;2019</span>.</cite></span></li>\n<li id=\"cite_note-6\"><span class=\"mw-cite-backlink\"><strong>^</strong></span>&nbsp;<span class=\"reference-text\"><cite class=\"citation news cs1\">\"An Idiot's Guide to EDM Genres\".&nbsp;<em>Complex</em>. October 13, 2017<span class=\"reference-accessdate\">. Retrieved&nbsp;<span class=\"nowrap\">21 September</span>&nbsp;2019</span>.</cite></span></li>\n<li id=\"cite_note-rtt-7\"><span class=\"mw-cite-backlink\">^&nbsp;<span class=\"cite-accessibility-label\">Jump up to:</span><sup><em><strong>a</strong></em></sup>&nbsp;<sup><em><strong>b</strong></em></sup>&nbsp;<sup><em><strong>c</strong></em></sup></span>&nbsp;<span class=\"reference-text\"><cite class=\"citation web cs1\">\"What is Trap Music? Trap Music Explained\". Run The Trap<span class=\"reference-accessdate\">. Retrieved&nbsp;<span class=\"nowrap\">24 November</span>&nbsp;2013</span>.</cite></span></li>\n<li id=\"cite_note-mnt-8\"><span class=\"mw-cite-backlink\">^&nbsp;<span class=\"cite-accessibility-label\">Jump up to:</span><sup><em><strong>a</strong></em></sup>&nbsp;<sup><em><strong>b</strong></em></sup>&nbsp;<sup><em><strong>c</strong></em></sup></span>&nbsp;<span class=\"reference-text\"><cite id=\"CITEREFBein\" class=\"citation web cs1\">Bein, Kat.&nbsp;\"Top Five Trap Stars at Ultra Music Festival 2013\".&nbsp;Miami New Times<span class=\"reference-accessdate\">. Retrieved&nbsp;<span class=\"nowrap\">May 30,</span>&nbsp;2013</span>.</cite></span></li>\n<li id=\"cite_note-9\"><span class=\"mw-cite-backlink\"><strong>^</strong></span>&nbsp;<span class=\"reference-text\"><cite id=\"CITEREFWagner2012\" class=\"citation web cs1\">Wagner, David (2012-12-06).&nbsp;\"The New Music Genres of 2012, in Order of Ridiculousness\".&nbsp;<em>The Atlantic</em><span class=\"reference-accessdate\">. Retrieved&nbsp;<span class=\"nowrap\">2020-06-19</span></span>.</cite></span></li>\n<li id=\"cite_note-complex-10\"><span class=\"mw-cite-backlink\"><strong>^</strong></span>&nbsp;<span class=\"reference-text\"><cite id=\"CITEREFDrake\" class=\"citation web cs1\">Drake, David.&nbsp;\"The Commodification of Southern Rap's Drug-Fueled Subgenre\".&nbsp;Complex. Archived from&nbsp;the original&nbsp;on October 11, 2012<span class=\"reference-accessdate\">. Retrieved&nbsp;<span class=\"nowrap\">May 30,</span>&nbsp;2013</span>.</cite></span></li>\n<li id=\"cite_note-autogenerated1-11\"><span class=\"mw-cite-backlink\">^&nbsp;<span class=\"cite-accessibility-label\">Jump up to:</span><sup><em><strong>a</strong></em></sup>&nbsp;<sup><em><strong>b</strong></em></sup></span>&nbsp;<span class=\"reference-text\"><cite class=\"citation news cs1\">\"<span class=\"cs1-kern-left\">'</span>What the hell is Trap music (And why is Dubstep involved)<span class=\"cs1-kern-right\">'</span>\".&nbsp;<em>LA Weekly</em>. 2012-04-10. Archived from&nbsp;the original&nbsp;on 2012-10-07<span class=\"reference-accessdate\">. Retrieved&nbsp;<span class=\"nowrap\">2012-04-10</span></span>.</cite></span></li>\n<li id=\"cite_note-12\"><span class=\"mw-cite-backlink\"><strong>^</strong></span>&nbsp;<span class=\"reference-text\"><cite id=\"CITEREFWagner2013\" class=\"citation web cs1\">Wagner, David (February 13, 2013).&nbsp;\"The Harlem Shake Meme Is Dead\".&nbsp;<em>The Atlantic Wire</em>. The Atlantic Monthly Group.&nbsp;Archived&nbsp;from the original on February 19, 2013<span class=\"reference-accessdate\">. Retrieved&nbsp;<span class=\"nowrap\">February 18,</span>&nbsp;2013</span>.</cite></span></li>\n<li id=\"cite_note-13\"><span class=\"mw-cite-backlink\"><strong>^</strong></span>&nbsp;<span class=\"reference-text\"><cite id=\"CITEREFHerr2014\" class=\"citation web cs1\">Herr, Lindsay (2014-08-14).&nbsp;\"All Trap Music Mini Mix\". Earmilk. Archived from&nbsp;the original&nbsp;on 2014-08-19<span class=\"reference-accessdate\">. Retrieved&nbsp;<span class=\"nowrap\">2014-08-18</span></span>.</cite></span></li>\n<li id=\"cite_note-autogeneratedmix-14\"><span class=\"mw-cite-backlink\"><strong>^</strong></span>&nbsp;<span class=\"reference-text\"><cite class=\"citation web cs1\">\"V Premiere: \"All Trap Music\" Minimix from AEI\". Vibe. 2013-01-28<span class=\"reference-accessdate\">. Retrieved&nbsp;<span class=\"nowrap\">2014-08-18</span></span>.</cite></span></li>\n<li id=\"cite_note-15\"><span class=\"mw-cite-backlink\"><strong>^</strong></span>&nbsp;<span class=\"reference-text\"><cite class=\"citation web cs1\">\"Turn Down For What\".&nbsp;<em>Rolling Stone</em>.</cite></span></li>\n<li id=\"cite_note-16\"><span class=\"mw-cite-backlink\"><strong>^</strong></span>&nbsp;<span class=\"reference-text\"><cite id=\"CITEREFBenjamin2014\" class=\"citation web cs1\">Benjamin, Jeff (20 November 2014).&nbsp;\"G-Dragon &amp; Taeyang Combine Powers for Big, Booming Banger 'Good Boy\".&nbsp;<em>Billboard</em>. Billboard.com<span class=\"reference-accessdate\">. Retrieved&nbsp;<span class=\"nowrap\">31 January</span>&nbsp;2015</span>.</cite></span></li>\n<li id=\"cite_note-17\"><span class=\"mw-cite-backlink\"><strong>^</strong></span>&nbsp;<span class=\"reference-text\"><cite class=\"citation web cs1\">\"Gaon Digital Chart- Week 24\".&nbsp;<em>Gaon Music Chart</em>. July 6, 2015<span class=\"reference-accessdate\">. Retrieved&nbsp;<span class=\"nowrap\">July 10,</span>&nbsp;2015</span>.</cite></span></li>\n<li id=\"cite_note-18\"><span class=\"mw-cite-backlink\"><strong>^</strong></span>&nbsp;<span class=\"reference-text\"><cite class=\"citation web cs1\">\"Brandon Finessin &amp; Lil Uzi Vert Lead Hot 100 Producers, Songwriters Charts\".&nbsp;<em>Billboard</em><span class=\"reference-accessdate\">. Retrieved&nbsp;<span class=\"nowrap\">2021-03-15</span></span>.</cite></span></li>\n</ol>\n</div>\n</div>",
 "remarks": "本词条内容主要来自 https://zh.wikipedia.org/zh-tw/EDM_Trap\n部分汉字内容由 @多频百科团队 翻译+编辑\n原文译自 hhttps://en.wikipedia.org/wiki/Trap_music_(EDM)",
 "remarksEn": "本词条内容来自 https://en.wikipedia.org/wiki/Trap_music_(EDM)",
 "status": 1,
 "clickNum": 52,
 "deleted": 0,
 "lang": 0,
 "chooseLang": true,
 "id": 35,
 "name": "Trap EDM",
 "descriptions": "EDM Trap是一种流行电子舞曲（EDM），起源于21世纪末和2010年初。 它与影响它的发源流派Trap音乐共享一个名称，最初源自南部嘻哈，后来许多的艺术家把Trap音乐融入流行音乐和EDM。",
 "originalName": "EDM Trap",
 "startTimeText": "2010s",
 "startAddress": "",
 "searchStyle": "Pop EDM, Trap",
 "styleCategory": "Pop EDM",
 "originalStyle": "Trap, EDM",
 "affectStyle": "",
 "deriveStyle": "Trapwave",
 "representArtist": "",
 "officialUrl": "https://en.wikipedia.org/wiki/Trap_music_(EDM)",
 "typeId": 13,
 "typeName": "风格",
 "dataId": 35,
 "url": "http://dropinapp.hearinmusic.com/#/ency?typeId=13&dataId=35"
}