{
 "pageNum": 1,
 "pageSize": 10,
 "params": {},
 "relationChannel": "[{\"id\":1198,\"parentId\":8,\"name\":\"Trapstep\"}]",
 "content": "<p>由Bigbry在2011年底提出的Dubstep子流派，结合了Dubstep/Brostep与Trap音乐的元素，如Trap风格的High&middot;hat Pattern和808低音。也叫ElecTrap。</p>\n<div>\n<div class=\"document\">&nbsp;</div>\n</div>",
 "contentEn": "<p>Subgenre of Dubstep coined by Bigbry in late 2011 early 2012 that combines Dubstep with elements of Trap music such as Trap-style Highhat patterns and 808 sub. Also called ElecTrap.</p>",
 "remarks": "本词条汉字内容由 @多频百科团队 翻译+编辑\n原文译自 https://www.last.fm/tag/trapstep",
 "remarksEn": "本词条内容来自 https://www.last.fm/tag/trapstep",
 "status": 1,
 "clickNum": 24,
 "deleted": 0,
 "lang": 0,
 "chooseLang": true,
 "id": 155,
 "name": "Trapstep",
 "descriptions": "由Bigbry在2011年底提出的Dubstep子流派，结合了Dubstep/Brostep与Trap音乐的元素，如Trap风格的High·hat Pattern和808低音。也叫ElecTrap。",
 "originalName": "ElecTrap",
 "startTimeText": "late 2011 early 2012",
 "startAddress": "",
 "searchStyle": "Dubstep",
 "styleCategory": "Brostep",
 "originalStyle": "",
 "affectStyle": "dubstep, brostep, trap, electronic, chill, bass, edm",
 "deriveStyle": "",
 "representArtist": "Baauer, RL Grime",
 "officialUrl": "https://www.last.fm/tag/trapstep",
 "typeId": 13,
 "typeName": "风格",
 "dataId": 155,
 "url": "http://dropinapp.hearinmusic.com/#/ency?typeId=13&dataId=155"
}