{
 "pageNum": 1,
 "pageSize": 10,
 "params": {},
 "relationChannel": "[{\"id\":1320,\"parentId\":8,\"name\":\"Trap\"}]",
 "content": "<div class=\"document\">\n<p class=\"paragraph text-align-type-left pap-line-1.8 pap-line-rule-auto pap-spacing-before-0pt pap-spacing-after-0pt\">Trap music是一种初形成于1990年代的音乐类型，起源于美国南部的南部嘻哈音乐。该该流派的名称来自于亚特兰大俚语 \"Trap\"，指的是一个非法出售毒品的地方。Trap使用合成鼓，其特点是复杂的hi-hat模式，调谐踢鼓与长衰减(最初来自罗兰TR-808鼓机)，大气的合成，内容往往集中在毒品使用和城市暴力。它利用很少乐器，几乎只专注于小军鼓和双或三拍的hi-hats，这是Trap的标志性声音。Trap音乐的主题多半为抒发街头生活、贫穷、暴力以及在城市环境中所面临的苛刻体验。在2010年代，艺术家混合了Dubstep和Trap形成一种新的曲风EDM Trap。</p>\n<p class=\"paragraph text-align-type-left pap-line-1.8 pap-line-rule-auto pap-spacing-before-0pt pap-spacing-after-0pt\">&nbsp;</p>\n<p>该流派的先驱包括制作人Kurtis Mantronik、Mannie Fresh、Shawty Redd、Zaytoven和Toomp，以及说唱歌手Young Jeezy、Drama、Gucci Mane和T.I.（他在2003年的专辑《Trap Muzik》中创造了这个词）。然而，现代的Trap声音是由制作人Lex Luger普及的，他在2010年制作了有影响力的Waka Flocka Flame专辑《Flockaveli》，并共同创立了多产的嘻哈制作团队808 Mafia。</p>\n<p>&nbsp;</p>\n<p>自2010年代跨入主流音乐以来，Trap已经成为美国音乐中最流行的形式之一，在整个十年中始终占据着Billboard Hot 100的榜单，Drake、Pop Smoke、Quavo、Cardi B、Migos、Future、Lil Uzi Vert、2 Chainz、Post Malone、XXXTentacion和Travis Scott（等等）等艺人都以属于Trap流派的歌曲取得了榜单的第一名。它影响了许多流行音乐人的音乐，如阿里安娜-格兰德（Ariana Grande）、碧昂斯（Beyonc&eacute;）、麦莉-赛勒斯（Miley Cyrus）、黛米-洛瓦托（Demi Lovato）、蕾哈娜（Rihanna）、泰勒-斯威夫特（Taylor Swift）和赛琳娜-戈麦斯（Selena Gomez）。在reggaet&oacute;n 和K-pop中也能听到它的影响。2018年，嘻哈有史以来第一次成为最受欢迎的音乐形式（根据尼尔森数据），与Trap的持续流行相吻合。2019年，由Lil Nas X（由Billy Ray Cyrus主唱）创作的Trap风格的乡村/说唱跨界歌曲 \"Old Town Road \"打破了在Billboard Hot 100榜单上花费最多周数（19周）排名第一的纪录，同时也成为最快获得钻石认证的歌曲。</p>\n<p class=\"paragraph text-align-type-left pap-line-1.8 pap-line-rule-auto pap-spacing-before-0pt pap-spacing-after-0pt\">&nbsp;</p>\n<p class=\"paragraph text-align-type-left pap-line-1.8 pap-line-rule-auto pap-spacing-before-0pt pap-spacing-after-0pt\"><strong>特点</strong></p>\n<p class=\"paragraph text-align-type-left pap-line-1.8 pap-line-rule-auto pap-spacing-before-0pt pap-spacing-after-0pt\">典型的Trap music呈现了凄凉、不祥的音色，采用多层次的低音贝斯以及合成器作为主旋律，搭配清脆的小鼓、连续的脚踏钹、808 Kick Drum，创造出一种有力、深沈且有变化的气氛。 Trap music的拍速从100 BPM到176 BPM皆可，但典型的节拍速度大约为140 BPM左右。Trap音乐可以大致分类为嘻哈音乐形式（说唱部分为主要内容）和电子乐形式（电子器乐元素为主要内容）。</p>\n<p class=\"paragraph text-align-type-left pap-line-1.8 pap-line-rule-auto pap-spacing-before-0pt pap-spacing-after-0pt\">&nbsp;</p>\n<p class=\"paragraph text-align-type-left pap-line-1.8 pap-line-rule-auto pap-spacing-before-0pt pap-spacing-after-0pt\">在嘻哈形式的Trap音乐中，歌词主题必须围绕&ldquo;Trap&rdquo;或出售毒品的真实南部&ldquo;Trap House&rdquo;中的一般生活和文化展开。 &ldquo;Trap&rdquo;一词是指发生毒品交易的地方。其他主题还包括街头生活、获得财富、暴力、美式车辆以及艺术家在美国南部环境中所面临的生活经历。根据定义，如果歌曲中没有讨论这些&ldquo;Trap&rdquo;内容，就不是&ldquo;Trap&rdquo;音乐，但具体歌词内容根据艺术家的不同有很大的差异。</p>\n<p class=\"paragraph text-align-type-left pap-line-1.8 pap-line-rule-auto pap-spacing-before-0pt pap-spacing-after-0pt\">&nbsp;</p>\n<p class=\"paragraph text-align-type-left pap-line-1.8 pap-line-rule-auto pap-spacing-before-0pt pap-spacing-after-0pt\"><strong>历史</strong></p>\n<p class=\"paragraph text-align-type-left pap-line-1.8 pap-line-rule-auto pap-spacing-before-0pt pap-spacing-after-0pt\"><span style=\"text-decoration: underline;\">1990-2000：起源</span></p>\n<p class=\"paragraph text-align-type-left pap-line-1.8 pap-line-rule-auto pap-spacing-before-0pt pap-spacing-after-0pt\">&ldquo;trap&rdquo;一词在过去代表进行毒品交易的地方。这个术语起源于佐治亚州的亚特兰大，那里的饶舌歌手是第一个在音乐中使用这个词的人。 1992年，最早发行的Trap music之一是UGK的首张专辑《The Southern Way》中的\"Cocaine In The Back of the Ride\"。 1992年晚些时候，他们借由主厂牌的首张专辑《Too Hard to Swallow》发布了热门歌曲\"Pocket Full of Stones\"，这首歌也出现在1993年的电影Menace II Society中。</p>\n<p class=\"paragraph text-align-type-left pap-line-1.8 pap-line-rule-auto pap-spacing-before-0pt pap-spacing-after-0pt\">&nbsp;</p>\n<p class=\"paragraph text-align-type-left pap-line-1.8 pap-line-rule-auto pap-spacing-before-0pt pap-spacing-after-0pt\">1996年，Master P从他的第五张录音室专辑《Ice Cream Man》中发行了单曲\"Mr. Ice Cream Man\"。粉丝和评论家们开始把那些写出大量贩毒情节的艺人称为&ldquo;trap饶舌歌手&rdquo;。Complex杂志写道：&ldquo;2000年代早期的&lsquo;trap&rsquo;并不只是一种音乐类型，那是一个真实存在的地方，后来这个词被用来形容关于那个地方的音乐&rdquo;。</p>\n<p class=\"paragraph text-align-type-left pap-line-1.8 pap-line-rule-auto pap-spacing-before-0pt pap-spacing-after-0pt\">&nbsp;</p>\n<p class=\"paragraph text-align-type-left pap-line-1.8 pap-line-rule-auto pap-spacing-before-0pt pap-spacing-after-0pt\">在2000年代早期到中期，在一些专辑和单曲成功打入主流后，Trap music开始成为一种公认的类型，歌词涵盖了&ldquo;trap&rdquo;、毒品交易和为了成功而奋斗的生活。几位曾经作为毒贩角色的南部说唱歌手，如TI、Young Jeezy、Gucci Mane、Yo Gotti和Rick Ross，协助扩展了该类型的流行，有越来越多的Trap music出现在南方以外的电台、混音带。尽管艺术家对Trap音乐的制作有所差异，但是招牌的Trap music（通常基于合成器，管弦乐和紧凑的808踢鼓）仍深受亚特兰大的音乐流派影响。在2000年代中后期，一些著名的Trap music制作人开始展露头角，包括DJ Toomp、Fatboi、Drumma Boy、Shawty Redd、D. Rich和Zaytoven。第一波的Trap music受到早期南方制作人的影响，如利尔&middot;乔恩、Mannie Fresh和DJ Paul。</p>\n<p class=\"paragraph text-align-type-left pap-line-1.8 pap-line-rule-auto pap-spacing-before-0pt pap-spacing-after-0pt\">&nbsp;</p>\n<p class=\"paragraph text-align-type-left pap-line-1.8 pap-line-rule-auto pap-spacing-before-0pt pap-spacing-after-0pt\"><strong>2010年至今 兴盛发展：</strong></p>\n<p class=\"paragraph text-align-type-left pap-line-1.8 pap-line-rule-auto pap-spacing-before-0pt pap-spacing-after-0pt\">第二波Trap music制作人持续获得动力，并经常在Billboard的嘻哈排行榜上名列前茅。Trap music制作人Lex Luger获得了极大的声望，并在2010年至2011年的期间作了200多首歌曲，其中包括Rick Ross的\"B.M.F. (Blowin' Money Fast)\"。自从Luger崛起以来，他标志性的trap声音大量使用了鼓机TR-808、清脆的小鼓响弦（snare）、快速的脚踏钹（hihat）、合成器以及铜管、木管乐器和键盘的编排。由于Luger经常被认为是现代Trap music的推手，因此许多声音后来被其他嘻哈制作人采用，试图复制他的成功。</p>\n<p class=\"paragraph text-align-type-left pap-line-1.8 pap-line-rule-auto pap-spacing-before-0pt pap-spacing-after-0pt\">&nbsp;</p>\n<p class=\"paragraph text-align-type-left pap-line-1.8 pap-line-rule-auto pap-spacing-before-0pt pap-spacing-after-0pt\">自2010年以来，一系列现代Trap music制作人获得了青睐，最著名的是808 Mafia制作团队的Southside，和TM88、Sonny Digital、Young Chop、DJ Spinz、Tay Keith和梅特罗&middot;布明。一些制作人将其风格扩展到其他类型，例如R＆B和电子音乐。</p>\n<p class=\"paragraph text-align-type-left pap-line-1.8 pap-line-rule-auto pap-spacing-before-0pt pap-spacing-after-0pt\">&nbsp;</p>\n<p class=\"paragraph text-align-type-left pap-line-1.8 pap-line-rule-auto pap-spacing-before-0pt pap-spacing-after-0pt\">在整个2011年和2012年，Trap music在代表主流的Billboard音乐排行榜上保持着不可忽视的存在，其中包括Young Jeezy、Chief Keef和未来小子等饶舌歌手发布的大量歌曲，GQ杂志称Trap music为&ldquo;2012年的嘻哈音乐&rdquo;。</p>\n<p class=\"paragraph text-align-type-left pap-line-1.8 pap-line-rule-auto pap-spacing-before-0pt pap-spacing-after-0pt\">&nbsp;</p>\n<p class=\"paragraph text-align-type-left pap-line-1.8 pap-line-rule-auto pap-spacing-before-0pt pap-spacing-after-0pt\">Keef的\"I Don't Like\"和\"Love Sosa\"在YouTube平台上获得了超过3000万的观看次数，并且产生了一个新的Trap music子类别&mdash;&mdash;Drill Music，这一词源自于俚语Drill，有打击或报复的意思，可以想见这种音乐表现出黑暗、暴力、不祥的曲风。 Young Chop经常被评论家认定为该类型中最具特色的制作人。制作人Lex Luger的音乐对Drill Music的产生有着重大影响，而Young Chop则认为Shawty Redd、Drumma Boy和Zaytoven是钻头音乐重要先驱。 \"I Don't Like\"一曲启发了著名的嘻哈制作人和说唱歌手，同时也是芝加哥当地人的坎耶&middot;韦斯特创作出这首歌的混音，收录于他的唱片公司GOOD Music的专辑《Cruel Summer》。</p>\n<p class=\"paragraph text-align-type-left pap-line-1.8 pap-line-rule-auto pap-spacing-before-0pt pap-spacing-after-0pt\">&nbsp;</p>\n<p class=\"paragraph text-align-type-left pap-line-1.8 pap-line-rule-auto pap-spacing-before-0pt pap-spacing-after-0pt\">2015年5月，新泽西饶舌歌手Fetty Wap的单曲\"Trap Queen\"在美国Billboard百强单曲榜上名列第二，这表示Trap music再度于主流音乐排行榜名列前茅。 Fetty Wap随后推出的单曲\"My Way\"和\"679\"也进入了Billboard百强单曲榜的前十名。布鲁克林的说唱歌手迪赞纳在2016年获得了主流的认可，因为他的单曲\"Panda\"登上了美国Billboard百强单曲榜的榜首。Trap music在商业上的成功也可以归因于网络迷因的帮助，就像雷&middot;什里默德和古驰&middot;马恩的\"Black Beatles\"一样，在网络上出现&ldquo;人体模型挑战&rdquo;后，这首歌就登上了Billboard百强单曲榜榜首。同样，在2017年，Migos和利尔&middot;乌兹&middot;弗特合作的\"Bad and Boujee\"，因为歌词&ldquo;Raindrop (Drip), Drop top (Drop Top)&rdquo;广受欢迎而成为网络迷因，不久后就达到了第一名。说唱歌手卡迪&middot;B的歌曲\"Bodak Yellow\"非常受欢迎，该歌曲在2017年的Billboard Hot 100上排名第一。</p>\n<p class=\"paragraph text-align-type-left pap-line-1.8 pap-line-rule-auto pap-spacing-before-0pt pap-spacing-after-0pt\">&nbsp;</p>\n<p class=\"paragraph text-align-type-left pap-line-1.8 pap-line-rule-auto pap-spacing-before-0pt pap-spacing-after-0pt\">2018年，说唱歌手T.I.为了替他的专辑《Dime Trap》宣传，开设了一个Trap music博物馆。博物馆内还包括一个名为&ldquo;逃离trap&rdquo;的密室脱逃游戏。</p>\n</div>",
 "remarks": "本词条内容来自 https://zh.m.wikipedia.org/wiki/陷阱音樂\n部分内容由 @多频百科团队 翻译+编辑\n原文译自 https://en.wikipedia.org/wiki/Trap_music",
 "remarksEn": "本词条内容暂未完善仅供参考，多频百科小编正在火速赶来",
 "status": 1,
 "clickNum": 83,
 "deleted": 0,
 "lang": 0,
 "chooseLang": false,
 "id": 295,
 "name": "Trap",
 "descriptions": "Trap music是一种初形成于1990年代的音乐类型，起源于美国南部的南部嘻哈音乐。该该流派的名称来自于亚特兰大俚语 \"Trap\"，指的是一个非法出售毒品的地方。Trap使用合成鼓，其特点是复杂的hi-hat模式，调谐踢鼓与长衰减(最初来自罗兰TR-808鼓机)，大气的合成，内容往往集中在毒品使用和城市暴力。它利用很少乐器，几乎只专注于小军鼓和双或三拍的hi-hats，这是Trap的标志性声音。Trap音乐的主题多半为抒发街头生活、贫穷、暴力以及在城市环境中所面临的苛刻体验。在2010年代，艺术家混合了Dubstep和Trap形成一种新的曲风EDM Trap。",
 "originalName": "",
 "startTimeText": "Early 1990s",
 "startAddress": "Atlanta, Georgia, United States",
 "searchStyle": "Hip Hop Music",
 "styleCategory": "Hip Hop Music",
 "originalStyle": "Southern hip hop, gangsta rap, snap, crunk, Memphis rap",
 "affectStyle": "Emo rap, Trap music (EDM)trap metallatin trapcountry trapdark trap",
 "deriveStyle": "Drill, phonk",
 "representArtist": "",
 "officialUrl": "https://zh.m.wikipedia.org/wiki/陷阱音樂",
 "typeId": 13,
 "typeName": "风格",
 "dataId": 295,
 "url": "http://dropinapp.hearinmusic.com/#/ency?typeId=13&dataId=295"
}