{
 "pageNum": 1,
 "pageSize": 10,
 "params": {},
 "relationChannel": "[{\"id\":1170,\"parentId\":8,\"name\":\"Trip Hop\"}]",
 "content": "<div class=\"document\">\n<p class=\"paragraph text-align-type-left pap-line-1.8 pap-line-rule-auto pap-spacing-before-0pt pap-spacing-after-0pt\">Trip Hop（有时与&ldquo;downtempo&rdquo;同义）是一种音乐流派，起源于20世纪90年代初的英国，尤其是布里斯托尔。它被描述为&ldquo;融合了嘻哈音乐和电子音乐，而两者最终都消融其中&rdquo;。事实上其还融合了各种风格，包括funk、dub、soul、psychedelia、R&amp;B，浩室音乐，以及其他形式的电子音乐，这使得Trip Hop可以极具实验性。</p>\n<p class=\"paragraph text-align-type-left pap-line-1.8 pap-line-rule-auto pap-spacing-before-0pt pap-spacing-after-0pt\">&nbsp;</p>\n<p class=\"paragraph text-align-type-left pap-line-1.8 pap-line-rule-auto pap-spacing-before-0pt pap-spacing-after-0pt\"><strong>词源</strong></p>\n<p class=\"paragraph text-align-type-left pap-line-1.8 pap-line-rule-auto pap-spacing-before-0pt pap-spacing-after-0pt\">Trip Hop这个词衍生于后迷幻浩室（post acid house），最先是被英国音乐媒体和记者用以形容一种更具实验性的、深受灵魂乐、放克和爵士乐影响的碎拍音乐，Trip hop在20世纪90年代取得了商业成功，被形容为&ldquo;20世纪90年代后半期欧洲音乐的又一选择&rdquo;。</p>\n<p class=\"paragraph text-align-type-left pap-line-1.8 pap-line-rule-auto pap-spacing-before-0pt pap-spacing-after-0pt\">&nbsp;</p>\n<p class=\"paragraph text-align-type-left pap-line-1.8 pap-line-rule-auto pap-spacing-before-0pt pap-spacing-after-0pt\"><strong>音乐特点</strong></p>\n<p class=\"paragraph text-align-type-left pap-line-1.8 pap-line-rule-auto pap-spacing-before-0pt pap-spacing-after-0pt\">提起Trip hop，便不得不提Downtempo缓拍音乐。尽管身为电子音乐的一员，Trip hop的节奏却不像传统电子音乐那样快，而且鼓点节奏更灵活多变，节奏型有很多后半拍和副点，配合迷离的女声，给人以一种迷离的、迷幻的体验。 Trip hop音乐融合了多种风格，而且和其他流派多有共通之处，例如，它和氛围音乐（ambient music）便有不少相似之处。与嘻哈类似的是，Trip hop有着鲜明的节奏鼓点，同时又混合了浩室音乐、电子舞曲、R&amp;B和dub 雷鬼（dub reggae）音乐的元素。从本质上说，Trip hop极具实验性。</p>\n<p class=\"paragraph text-align-type-left pap-line-1.8 pap-line-rule-auto pap-spacing-before-0pt pap-spacing-after-0pt\">&nbsp;</p>\n<p class=\"paragraph text-align-type-left pap-line-1.8 pap-line-rule-auto pap-spacing-before-0pt pap-spacing-after-0pt\"><strong>代表人物</strong></p>\n<p class=\"paragraph text-align-type-left pap-line-1.8 pap-line-rule-auto pap-spacing-before-0pt pap-spacing-after-0pt\">Trip Hop有三个代表人物，皆来自英国布里斯托，分别是Massive Attack（英语：Massive Attack）乐队、Tricky（英语：Tricky）以及Portishead乐队，人称&ldquo;Trip Hop&rdquo;三巨头、铁三角。</p>\n<p class=\"paragraph text-align-type-left pap-line-1.8 pap-line-rule-auto pap-spacing-before-0pt pap-spacing-after-0pt\">&nbsp;</p>\n<p class=\"paragraph text-align-type-left pap-line-1.8 pap-line-rule-auto pap-spacing-before-0pt pap-spacing-after-0pt\"><strong>历史 </strong></p>\n<p class=\"paragraph text-align-type-left pap-line-1.8 pap-line-rule-auto pap-spacing-before-0pt pap-spacing-after-0pt\"><span style=\"text-decoration: underline;\">20世纪80年代</span></p>\n<p class=\"paragraph text-align-type-left pap-line-1.8 pap-line-rule-auto pap-spacing-before-0pt pap-spacing-after-0pt\">Trip hop起源于英国布里斯托及其周边地区，彼时来自美国的嘻哈音乐、电子舞曲和浩室音乐正日益流行。根据韦氏词典，&ldquo;trip-hop&rdquo;一词创于1989年，但直至1994年6月才第一次在印刷出版物上出现：Mixmag的一位音乐记者Andy Pemberton用它形容英国艺人R.P.M.（Mo Wax旗下艺人）和美国艺人DJ Shadow的单曲&ldquo;In/Flux&rdquo;。20世纪70年代最早的一批嘻哈艺术家多是牙买加出生的纽约人，但随着新的美国式打碟越来越受欢迎，这些最先的加勒比风格最终烟消云散。由于英国有不少带有加勒比地区血统的黑人，20世纪80年代的英国嘻哈界常常喜欢模仿牙买加音乐。当时英国风头正火的雷鬼、舞厅和dub音乐也是他们的模仿对象。</p>\n<p class=\"paragraph text-align-type-left pap-line-1.8 pap-line-rule-auto pap-spacing-before-0pt pap-spacing-after-0pt\">&nbsp;</p>\n<p class=\"paragraph text-align-type-left pap-line-1.8 pap-line-rule-auto pap-spacing-before-0pt pap-spacing-after-0pt\">布里斯托，曾是大西洋最重要的奴隶贸易港口之一，也是2012年英国种族最多元化的城市之一。在这里，嘻哈刚出现便渗入到根植于牙买加音乐的亚文化意识中。DJ、MC、街舞爱好者和涂鸦艺术家们常会组成简易音乐团队Sound systems（英语：Sound_system_(DJ)）。比如来自布朗克斯（Bronx）的先锋DJ Kool Herc, Afrika Bambataa 和 Grandmaster Flash组成的简易音乐团队，他们常在公共区域，常常是在部分成员出身的贫民区里放派对音乐。而在布里斯托的简易音乐团队里，DJ们大量借鉴牙买加dub音乐，通常使用一些后移的、慢节拍而沉重的鼓点（即&ldquo;缓拍&rdquo;down tempo）。</p>\n<p class=\"paragraph text-align-type-left pap-line-1.8 pap-line-rule-auto pap-spacing-before-0pt pap-spacing-after-0pt\">&nbsp;</p>\n<p class=\"paragraph text-align-type-left pap-line-1.8 pap-line-rule-auto pap-spacing-before-0pt pap-spacing-after-0pt\">布里斯托的&ldquo;野帮伙&rdquo;(Wild Bunch) 是把本地的音乐带到国际舞台上的音乐团队之一。这催生了布里斯托最负盛名的音乐流派Trip hop。音乐家MC Adrian （\"坏小孩\" Thaws）、涂鸦艺术家和词人Robert （\"3D\" Del Naja） 以及DJ Nellee Hooper、 Andrew（ \"蘑菇\" Vowles） 和Grant （\"老爸\" Marshall）在不同时期都曾是&ldquo;野帮伙&rdquo;的成员。随着80年代后期布里斯托的嘻哈界逐渐发展成熟并进一步向酸爵士和house音乐发展，简易音乐团队的黄金时代也告一段落。&ldquo;野帮伙&rdquo;也签下一份唱片合约，并改名为Massive Attack。&ldquo;3D&rdquo;，&ldquo;蘑菇&rdquo;和&ldquo;老爸&rdquo;是新团队的核心，&ldquo;坏小孩&rdquo;（其名不久简化&ldquo;Tricky&rdquo;）和Hooper在制作上也出了不少力，轮流采用其他歌手为团队录人声。</p>\n<p class=\"paragraph text-align-type-left pap-line-1.8 pap-line-rule-auto pap-spacing-before-0pt pap-spacing-after-0pt\">&nbsp;</p>\n<p class=\"paragraph text-align-type-left pap-line-1.8 pap-line-rule-auto pap-spacing-before-0pt pap-spacing-after-0pt\" style=\"text-align: center;\"><img src=\"https://duopin-community.oss-cn-shenzhen.aliyuncs.com/vx8smlt07dmcypa0gotp.jpg\" alt=\"\" width=\"720\" height=\"1080\" /></p>\n<p class=\"paragraph text-align-type-left pap-line-1.8 pap-line-rule-auto pap-spacing-before-0pt pap-spacing-after-0pt\" style=\"text-align: center;\"><span style=\"font-size: 8pt;\">Trip Hop艺术家Tricky</span></p>\n<p class=\"paragraph text-align-type-left pap-line-1.8 pap-line-rule-auto pap-spacing-before-0pt pap-spacing-after-0pt\" style=\"text-align: center;\"><span style=\"font-size: 8pt;\">By Rama - Own work, CC BY-SA 2.0 fr, https://commons.wikimedia.org/w/index.php?curid=4533113</span></p>\n<p class=\"paragraph text-align-type-left pap-line-1.8 pap-line-rule-auto pap-spacing-before-0pt pap-spacing-after-0pt\">&nbsp;</p>\n<p class=\"paragraph text-align-type-left pap-line-1.8 pap-line-rule-auto pap-spacing-before-0pt pap-spacing-after-0pt\">另一个重要的影响是Gary Clail的&ldquo;笨瓜&rdquo;简易音乐团队。 Clail经常与&ldquo;流行组合&rdquo;(英国后朋乐队)前歌手马克&middot;斯图尔特（Mark Stewart）合作。马克曾用他的乐队&ldquo;马克&middot;斯图尔特与黑手党&rdquo;（Mark Stewart &amp; The Maffia）做实验音乐，其中乐队成员包括纽约录音师Skip McDonald，Doug Wimbish和厂牌Sugar hill旗下house乐队前成员Keith LeBlanc。Adrian Sherwood结合嘻哈、实验摇滚和dub制作他的音乐，形成了胚胎期的Trip-hop音乐。</p>\n<p class=\"paragraph text-align-type-left pap-line-1.8 pap-line-rule-auto pap-spacing-before-0pt pap-spacing-after-0pt\">&nbsp;</p>\n<p class=\"paragraph text-align-type-left pap-line-1.8 pap-line-rule-auto pap-spacing-before-0pt pap-spacing-after-0pt\"><span style=\"text-decoration: underline;\">20世纪90年代初中期：Trip-hop跃升主流音乐 </span></p>\n<p class=\"paragraph text-align-type-left pap-line-1.8 pap-line-rule-auto pap-spacing-before-0pt pap-spacing-after-0pt\">Massive Attack，90年代当红Triphop乐队。Massive Attack的第一张专辑《Blue Lines》发布于1991年，在英国收获巨大的成功。很多人认为《Blue Lines》是第一个英国本土嘻哈运动宣言，但这张专辑的主打单曲&ldquo;Unfinished Sympathy&rdquo;和其他几首歌，尽管他们的节奏主要都是基于采样的，却和传统意义上的嘻哈歌曲没有任何相似之处。R＆B歌手Shara Nelson在带有管弦乐风格的&ldquo;Unfinished Sympathy&rdquo;单曲中献声。而牙买加舞厅红人Horace Andy演唱了专辑中的其他几个曲目，他后来与Massive Attack形成了长期的合作。在1994年，Massive Attack发行了他们的第二张专辑&lt;Protection&gt;。虽然Tricky在这张专辑里担任了一个较小的角色，而Hooper也再次参与制作，但20世纪90年代初盛行的舞曲音乐为唱片提供了丰富的原材料，而该唱片也被视为Massive Attack自&ldquo;野帮伙&rdquo;时期一个更为重大的转型。</p>\n<p class=\"paragraph text-align-type-left pap-line-1.8 pap-line-rule-auto pap-spacing-before-0pt pap-spacing-after-0pt\">&nbsp;</p>\n<p class=\"paragraph text-align-type-left pap-line-1.8 pap-line-rule-auto pap-spacing-before-0pt pap-spacing-after-0pt\" style=\"text-align: center;\"><img src=\"https://duopin-community.oss-cn-shenzhen.aliyuncs.com/j8a1o0clmq3zme72fnak.jpg\" alt=\"\" width=\"1440\" height=\"1080\" /></p>\n<p class=\"paragraph text-align-type-left pap-line-1.8 pap-line-rule-auto pap-spacing-before-0pt pap-spacing-after-0pt\" style=\"text-align: center;\"><span style=\"font-size: 8pt;\">英国著名Trip Hop组合Massive Attack</span></p>\n<p class=\"paragraph text-align-type-left pap-line-1.8 pap-line-rule-auto pap-spacing-before-0pt pap-spacing-after-0pt\" style=\"text-align: center;\"><span style=\"font-size: 8pt;\">By Phillennium - Own work, Public Domain, https://commons.wikimedia.org/w/index.php?curid=11038597</span></p>\n<p class=\"paragraph text-align-type-left pap-line-1.8 pap-line-rule-auto pap-spacing-before-0pt pap-spacing-after-0pt\">&nbsp;</p>\n<p class=\"paragraph text-align-type-left pap-line-1.8 pap-line-rule-auto pap-spacing-before-0pt pap-spacing-after-0pt\">Tricky，一个trip hop主要歌手。&ldquo;Trip hop&rdquo;一词在那年诞生，但它与Massive Attack的专辑没有任何关系。在1994年6月号的英国杂志Mixmag上，音乐记者Andy Pemberton用该词来形容旧金山艺人DJ Shadow1993年的嘻哈单曲&ldquo;In/Flux&rdquo;，以及其他Mo Wax发布的、在当时伦敦夜店热播的歌曲。 Pemberton 说，&ldquo;In/Flux&rdquo;混杂了节奏、念词声、弦乐、旋律、怪异的噪音、鲜明的低音和缓慢的节拍，让听众觉得他们仿佛在进行一次音乐之旅。然而不久后，媒体们却是把Massive Attack富有dub、爵士、迷幻和电子风格的音乐当作Trip hop音乐的典范。</p>\n<p class=\"paragraph text-align-type-left pap-line-1.8 pap-line-rule-auto pap-spacing-before-0pt pap-spacing-after-0pt\">&nbsp;</p>\n<p class=\"paragraph text-align-type-left pap-line-1.8 pap-line-rule-auto pap-spacing-before-0pt pap-spacing-after-0pt\">1994年和1995年，Trip hop的流行度达到了最高峰。Howie B，Naked Funk和Earthling等艺人为此作出了突出的贡献。这两年也标志着伦敦乐队&ldquo;红鲷鱼&rdquo;（Red Snapper）的崛起。更重要的是，这一时期首次亮相的两个团体将在之后的几年和Massive Attack一道为布里斯托带来重大改变。</p>\n<p class=\"paragraph text-align-type-left pap-line-1.8 pap-line-rule-auto pap-spacing-before-0pt pap-spacing-after-0pt\">&nbsp;</p>\n<p class=\"paragraph text-align-type-left pap-line-1.8 pap-line-rule-auto pap-spacing-before-0pt pap-spacing-after-0pt\">Portishead在1994年发行了他们的首张专辑《Dummy》。这个三人团队以歌手Beth Gibbons打头，还包括了的声音工程师Geoff Barrow和Adrian Utley。他们的背景和Massive Attack有很多不同： Portishead的音乐的主要影响之一是20世纪60年代和70年代的电影配乐。然而，Portishead与早期的Massive Attack一样（Barrow在《Blue Lines》的录制中曾与Massive Attack短暂合作），有着沙哑的、游离采样的审美倾向。Beth Gibbons阴沉的、脆弱的声线也给他们带来的广泛好评。1995年，《Dummy》一举拿下水星音乐奖（Mercury Music Prize）英国年度最佳专辑一奖，把Trip-Hop流派带到大众面前。 Portishead的音乐被视为带有电影式的黑色感和现代感先锋音乐，同时又恰到好处地附有感性的怀旧之音。他们的音乐随后被广泛模仿，使得他们最终抛弃了他们不经意间捧红的Trip-Hop标签。</p>\n<p class=\"paragraph text-align-type-left pap-line-1.8 pap-line-rule-auto pap-spacing-before-0pt pap-spacing-after-0pt\">&nbsp;</p>\n<p class=\"paragraph text-align-type-left pap-line-1.8 pap-line-rule-auto pap-spacing-before-0pt pap-spacing-after-0pt\">在1995年Tricky也发布了他的首张个人专辑《Maxinquaye》，并获得广泛的好评。Tricky采用低声的、通常是意识流式的低吟，与90年代中期美国嘻哈盛行的匪帮说唱braggadocio（一种说唱流派）完全不同。而更不寻常的是，《Maxinquaye》里的很多独唱歌曲并没有多少Tricky自己的声音。是他的当时的情人，Martina Topley-Bird进行了演唱，其中包括对1988年Public Enemy（80年代末黑人硬核说唱团队，关注社会政治问题）的说唱歌曲&ldquo;Black Steel in the Hour of Chaos&rdquo;的重新编曲的演唱。专辑里的其他的歌曲则是隐晦的涉及性与爱的男女声二重唱，有的包含了不调和的元素。在一年内，Tricky又发布了两张被认为更具挑战性的、完整长度的专辑，然而他的知名度却不如他在布里斯托的同行Massive Attack和Portishead。而通过与比约克（Bj&ouml;rk）短暂的合作，他的影响力触及了流行音乐和主流独立摇滚，吸引了一大批狂热粉丝。</p>\n<p class=\"paragraph text-align-type-left pap-line-1.8 pap-line-rule-auto pap-spacing-before-0pt pap-spacing-after-0pt\">&nbsp;</p>\n<p class=\"paragraph text-align-type-left pap-line-1.8 pap-line-rule-auto pap-spacing-before-0pt pap-spacing-after-0pt\" style=\"text-align: center;\"><img src=\"https://duopin-community.oss-cn-shenzhen.aliyuncs.com/n213yvxdvomldyl27ywv.jpg\" alt=\"\" width=\"1440\" height=\"1080\" /></p>\n<p class=\"paragraph text-align-type-left pap-line-1.8 pap-line-rule-auto pap-spacing-before-0pt pap-spacing-after-0pt\" style=\"text-align: center;\"><span style=\"font-size: 8pt;\">冰岛歌手Bj&ouml;rk经常在她的音乐中添加Trip Hop元素</span></p>\n<p class=\"paragraph text-align-type-left pap-line-1.8 pap-line-rule-auto pap-spacing-before-0pt pap-spacing-after-0pt\" style=\"text-align: center;\"><span style=\"font-size: 8pt;\">By Jhayne from Vancouver, Canada - FlickrUploaded by Freakmighty, CC BY 2.0, https://commons.wikimedia.org/w/index.php?curid=25773482</span></p>\n<p class=\"paragraph text-align-type-left pap-line-1.8 pap-line-rule-auto pap-spacing-before-0pt pap-spacing-after-0pt\">&nbsp;</p>\n<p class=\"paragraph text-align-type-left pap-line-1.8 pap-line-rule-auto pap-spacing-before-0pt pap-spacing-after-0pt\">伦敦乐队Archive一开始也是做Trip hop音乐的，但随后其曲风发展为前卫摇滚，其新近的专辑《Controlling Crowds》里混入了不少嘻哈音乐和管弦乐元素。</p>\n<p class=\"paragraph text-align-type-left pap-line-1.8 pap-line-rule-auto pap-spacing-before-0pt pap-spacing-after-0pt\">&nbsp;</p>\n<p class=\"paragraph text-align-type-left pap-line-1.8 pap-line-rule-auto pap-spacing-before-0pt pap-spacing-after-0pt\"><span style=\"text-decoration: underline;\">20世纪00年代</span></p>\n<div>\n<div class=\"document\">\n<p class=\"paragraph text-align-type-left pap-line-1.8 pap-line-rule-auto pap-spacing-before-2pt pap-spacing-after-2pt\">在2000年代，Trip hop继续影响着著名的艺术家。&nbsp;挪威前卫乐队Ulver在他们的环境/电子/爵士专辑Perdition&nbsp;City中加入了Trip Hop，&nbsp;大气摇滚乐队Antimatter在其前两张专辑中加入了一些Trip Hop元素。&nbsp;澳大利亚作曲家Rob Dougan提出了一种混合了trip hop节拍、管弦乐和电子的音乐。&nbsp;RJD2开始了他的DJ生涯，但在2001年，开始在El-P的Def Jux标签下发行专辑。Zero 7的专辑《Simple Things》，特别是它的主打歌《Destiny》，被地下听众高度评价，取得了巨大的人气。 2006年，Gotye首次推出他的第二张工作室专辑《Like Drawing Blood》，专辑中的歌曲以节奏缓慢的hip-hop节拍和dub风格的低音为特色，让人联想到trip hop。Hip hop团体Zion I和the Dub Pistols也表现出浓厚的trip hop风格。</p>\n<p class=\"paragraph text-align-type-left pap-line-1.8 pap-line-rule-auto pap-spacing-before-2pt pap-spacing-after-2pt\">&nbsp;</p>\n<p class=\"paragraph text-align-type-left pap-line-1.8 pap-line-rule-auto pap-spacing-before-2pt pap-spacing-after-2pt\">在21世纪初，许多不是明确的trip-hop艺术家的制作人也受到该流派的影响。&nbsp;Daniel Nakamura，又名Dan The Automator，发行了两张深受Trip Hop启发的专辑。&nbsp;2000年的专辑《Deltron 3030》是一张概念专辑，讲述了一个由Del Tha Funkee Homosapien扮演的来自未来的说唱者。&nbsp;2001年，他发行了side&nbsp;project《Lovage》Music&nbsp;to&nbsp;Make&nbsp;Love&nbsp;to&nbsp;Your&nbsp;Old&nbsp;Lady&nbsp;By，特别嘉宾有麦克-巴顿、保罗王子、马西奥、达蒙-阿尔巴恩和非洲班巴塔。&nbsp;英国制作人Fatboy Slim的突破性专辑《Halfway Between the Gutter and the Stars》是他在商业上最成功的作品。</p>\n</div>\n</div>\n<p class=\"paragraph text-align-type-left pap-line-1.8 pap-line-rule-auto pap-spacing-before-0pt pap-spacing-after-0pt\">&nbsp;</p>\n<p class=\"paragraph text-align-type-left pap-line-1.8 pap-line-rule-auto pap-spacing-before-0pt pap-spacing-after-0pt\"><span style=\"text-decoration: underline;\">2010年至今</span></p>\n<div>\n<div class=\"document\">\n<p class=\"paragraph text-align-type-left pap-line-1.8 pap-line-rule-auto pap-spacing-before-2pt pap-spacing-after-2pt\">主要的知名发行包括Massive Attack的《Heligoland》，这是他们七年来的第一张录音室专辑，以及2010年Dutch的《A Bright Cold Day》，该专辑获得了积极的评价，包括inyourspeakers.com的7/10分数，后者的成员包括绝地求生制作人Stoupe the Enemy of Mankind。</p>\n<p class=\"paragraph text-align-type-left pap-line-1.8 pap-line-rule-auto pap-spacing-before-2pt pap-spacing-after-2pt\">&nbsp;</p>\n<div>\n<div class=\"document\">\n<p class=\"paragraph text-align-type-left pap-line-1.8 pap-line-rule-auto pap-spacing-before-2pt pap-spacing-after-2pt\">DJ Shadow的《The Less You Know, the Better》在2011年发行，在此之前，他的歌曲被高度宣传，包括出现在Zane Lowe的BBC Radio 1节目中，以及2010年8月在安特卫普的演出中的预演。这张专辑在Metacritic上受到了 \"普遍好评\"，有些人批评Shadow缺乏原创性。&nbsp;NME的Sam Richards认为这张专辑听起来 \"像是一个人在努力回忆他当初做音乐的动机\"。</p>\n<p class=\"paragraph text-align-type-left pap-line-1.8 pap-line-rule-auto pap-spacing-before-2pt pap-spacing-after-2pt\">&nbsp;</p>\n<p class=\"paragraph text-align-type-left pap-line-1.8 pap-line-rule-auto pap-spacing-before-2pt pap-spacing-after-2pt\">Beak的专辑名为\"&gt;&gt;\"，于2012年发行，得到了杂志的高分，包括NME和Spin杂志的8/10分。</p>\n<p class=\"paragraph text-align-type-left pap-line-1.8 pap-line-rule-auto pap-spacing-before-2pt pap-spacing-after-2pt\">&nbsp;</p>\n<p class=\"paragraph text-align-type-left pap-line-1.8 pap-line-rule-auto pap-spacing-before-2pt pap-spacing-after-2pt\">Lana&nbsp;Del&nbsp;Rey在2012年发行了她的第二张专辑Born&nbsp;to&nbsp;Die，其中包含了一连串的trip&nbsp;hop民谣。该专辑在澳大利亚、法国、德国和英国等11个国家的排行榜上名列前茅；根据国际唱片业协会的数据，截至2013年，该专辑在全球已经售出340万份。</p>\n<p class=\"paragraph text-align-type-left pap-line-1.8 pap-line-rule-auto pap-spacing-before-2pt pap-spacing-after-2pt\">&nbsp;</p>\n<p class=\"paragraph text-align-type-left pap-line-1.8 pap-line-rule-auto pap-spacing-before-2pt pap-spacing-after-2pt\">最近，2016年俄罗斯说唱歌手德米特里-库兹涅佐夫（Dmitry Kuznetsov），即赫斯基，在一次采访中表示，他独特的器乐/合成器声音的主要灵感来自于Trip-hop和90年代声音的老派说唱歌手，以及西伯利亚朋克和其他更当代的美国说唱歌手。</p>\n</div>\n</div>\n</div>\n</div>\n</div>",
 "contentEn": "<p><strong>Trip hop</strong>&nbsp;(sometimes used synonymously with \"downtempo\")<sup id=\"cite_ref-3\" class=\"reference\">[3]</sup>&nbsp;is a musical genre that originated in the early 1990s in the United Kingdom, especially&nbsp;Bristol.<sup id=\"cite_ref-4\" class=\"reference\">[4]</sup>&nbsp;It has been described as \"a fusion of&nbsp;hip hop&nbsp;and&nbsp;electronica&nbsp;until neither genre is recognizable\",<sup id=\"cite_ref-5\" class=\"reference\">[5]</sup>&nbsp;and may incorporate a range of styles, including&nbsp;funk,&nbsp;dub,&nbsp;soul,&nbsp;psychedelia,&nbsp;R&amp;B, and&nbsp;house, as well as other forms of&nbsp;electronic music.<sup id=\"cite_ref-6\" class=\"reference\">[6]</sup>&nbsp;Trip hop can be highly&nbsp;experimental.<sup id=\"cite_ref-allmusic1_7-0\" class=\"reference\">[7]</sup></p>\n<p>&nbsp;</p>\n<p>Deriving from later idioms of&nbsp;acid house,<sup id=\"cite_ref-allmusic1_7-1\" class=\"reference\">[7]</sup>&nbsp;the term was first used by the British music media to describe the more&nbsp;experimental&nbsp;variant of&nbsp;breakbeat&nbsp;emerging from the&nbsp;Bristol sound&nbsp;scene in the early 1990s, which contained influences of soul, funk, and&nbsp;jazz.<sup id=\"cite_ref-8\" class=\"reference\">[8]</sup>&nbsp;It was pioneered by acts like&nbsp;Massive Attack,&nbsp;Tricky, and&nbsp;Portishead.<sup id=\"cite_ref-9\" class=\"reference\">[9]</sup>&nbsp;Trip hop achieved commercial success in the 1990s, and has been described as \"Europe's alternative choice in the second half of the '90s\".<sup id=\"cite_ref-allmusic1_7-2\" class=\"reference\">[7]</sup></p>\n<h2>&nbsp;</h2>\n<h2><span id=\"Characteristics\" class=\"mw-headline\">Characteristics</span></h2>\n<p>Common musical aesthetics include a bass-heavy drumbeat,<sup id=\"cite_ref-:0_10-0\" class=\"reference\">[10]</sup>&nbsp;often providing the slowed down breakbeat samples similar to standard 1990s hip hop beats, giving the genre a more psychedelic and mainstream feel.<sup id=\"cite_ref-:0_10-1\" class=\"reference\">[10]</sup>&nbsp;Vocals in trip hop are oftentimes female and feature characteristics of various singing styles including&nbsp;R&amp;B,&nbsp;jazz&nbsp;and rock. The female-dominant vocals of trip hop may be partially attributable to the influence of genres such as jazz and early R&amp;B, in which female vocalists were more common. However, there are notable exceptions:&nbsp;Massive Attack<sup id=\"cite_ref-11\" class=\"reference\">[11]</sup>&nbsp;and&nbsp;Groove Armada&nbsp;collaborated with male and female vocalists, Tricky often features vocally in his own productions along with&nbsp;Martina Topley-Bird,<sup id=\"cite_ref-12\" class=\"reference\">[12]</sup>&nbsp;and&nbsp;Chris Corner&nbsp;provided vocals for later albums with&nbsp;Sneaker Pimps.<sup id=\"cite_ref-13\" class=\"reference\">[13]</sup></p>\n<p>&nbsp;</p>\n<p>Trip hop is also known for its melancholic sound. This may be partly due to the fact that several acts were inspired by&nbsp;post-punk&nbsp;bands;<sup id=\"cite_ref-14\" class=\"reference\">[14]</sup>&nbsp;Tricky and Massive Attack both&nbsp;covered&nbsp;and sampled songs of&nbsp;Siouxsie and the Banshees<sup id=\"cite_ref-15\" class=\"reference\">[15]</sup><sup id=\"cite_ref-16\" class=\"reference\">[16]</sup>&nbsp;and&nbsp;The Cure.<sup id=\"cite_ref-17\" class=\"reference\">[17]</sup><sup id=\"cite_ref-18\" class=\"reference\">[18]</sup>&nbsp;Tricky opened his second album&nbsp;<em>Nearly God</em>&nbsp;with a version of \"Tattoo\", a proto-trip-hop song of Siouxsie and the Banshees initially recorded in 1983.<sup id=\"cite_ref-19\" class=\"reference\">[19]</sup></p>\n<p>&nbsp;</p>\n<p>Trip hop tracks often incorporate&nbsp;Rhodes pianos, saxophones, trumpets, and&nbsp;flutes, and may employ unconventional instruments such as the&nbsp;theremin&nbsp;and&nbsp;Mellotron. Trip hop differs from hip hop in theme and overall tone. Contrasting with&nbsp;gangsta rap&nbsp;and its hard-hitting lyrics, trip hop offers a more aural atmospherics influenced by experimental folk and rock acts of the seventies, such as&nbsp;John Martyn,<sup id=\"cite_ref-20\" class=\"reference\">[20]</sup>&nbsp;combined with instrumental hip hop, turntable scratching, and breakbeat rhythms. Regarded in some ways as a 1990s update of fusion, trip hop may be said to \"transcend\" the&nbsp;hardcore rap&nbsp;styles and lyrics with atmospheric overtones to create a more mellow tempo.<sup id=\"cite_ref-21\" class=\"reference\">[21]</sup></p>\n<h2>&nbsp;</h2>\n<h2><span id=\"History\" class=\"mw-headline\">History</span></h2>\n<h3><span id=\"1990s\" class=\"mw-headline\">1990s</span></h3>\n<p>The term \"trip-hop\" first appeared in print in June 1994.<sup id=\"cite_ref-22\" class=\"reference\">[22]</sup>&nbsp;Andy Pemberton, a music journalist writing for&nbsp;<em>Mixmag</em>, used it to describe \"In/Flux\", a single by American producer&nbsp;DJ Shadow&nbsp;and UK act RPM, with the latter signed to&nbsp;Mo' Wax Records.<sup id=\"cite_ref-23\" class=\"reference\">[23]</sup><sup id=\"cite_ref-24\" class=\"reference\">[24]</sup></p>\n<p>&nbsp;</p>\n<p>In Bristol, hip hop began to seep into the consciousness of a subculture already well-schooled in Jamaican forms of music. DJs,&nbsp;MCs,&nbsp;b-boys&nbsp;and&nbsp;graffiti artists&nbsp;grouped together into informal&nbsp;soundsystems.<sup id=\"cite_ref-:1_25-0\" class=\"reference\">[25]</sup>&nbsp;Like the pioneering&nbsp;Bronx&nbsp;crews of&nbsp;DJs Kool Herc,&nbsp;Afrika Bambataa&nbsp;and&nbsp;Grandmaster Flash, the soundsystems provided party music for public spaces, often in the economically deprived&nbsp;council estates&nbsp;from which some of their members originated. Bristol's soundsystem DJs, drawing heavily on&nbsp;Jamaican&nbsp;dub music, typically used a laid-back, slow and heavy drum&nbsp;beat&nbsp;(\"down tempo\").</p>\n<p>&nbsp;</p>\n<p>Bristol's&nbsp;Wild Bunch&nbsp;crew became one of the soundsystems to put a local spin on the international phenomenon, helping to birth Bristol's signature sound of trip hop, often termed \"the Bristol Sound\".<sup id=\"cite_ref-:1_25-1\" class=\"reference\">[25]</sup>&nbsp;The Wild Bunch and its associates included at various times in its existence the&nbsp;MC Adrian \"Tricky Kid\" Thaws, the graffiti artist and lyricist&nbsp;Robert \"3D\" Del Naja, producer&nbsp;Jonny Dollar&nbsp;and the DJs&nbsp;Nellee Hooper, Andrew \"Mushroom\" Vowles and&nbsp;Grant \"Daddy G\" Marshall. As the hip hop scene matured in Bristol and musical trends evolved further toward&nbsp;acid jazz&nbsp;and&nbsp;house&nbsp;in the late 1980s,<sup id=\"cite_ref-26\" class=\"reference\">[26]</sup>&nbsp;the golden era of the soundsystem began to end. The Wild Bunch signed a record deal and evolved into&nbsp;Massive Attack,<sup id=\"cite_ref-:2_27-0\" class=\"reference\">[27]</sup>&nbsp;a core collective of 3D, Mushroom and Daddy G, with significant contributions from Tricky Kid (soon shortened to&nbsp;Tricky),&nbsp;Dollar, and Hooper on production duties, along with a rotating cast of other vocalists.<sup id=\"cite_ref-:2_27-1\" class=\"reference\">[27]</sup></p>\n<p>&nbsp;</p>\n<p>Another influence came from&nbsp;Gary Clail's&nbsp;Tackhead&nbsp;soundsystem. Clail often worked with former&nbsp;The Pop Group&nbsp;singer&nbsp;Mark Stewart.<sup id=\"cite_ref-28\" class=\"reference\">[28]</sup>&nbsp;The latter experimented with his band Mark Stewart &amp; the Maffia, which consisted of New York&nbsp;session musicians&nbsp;Skip McDonald,&nbsp;Doug Wimbish, and&nbsp;Keith LeBlanc, who had been a part of the house band for the&nbsp;Sugarhill Records&nbsp;record label.<sup id=\"cite_ref-sugarhill1_29-0\" class=\"reference\">[29]</sup>&nbsp;Produced by&nbsp;Adrian Sherwood, the music combined hip hop with experimental rock and dub and sounded like a premature version of what later became trip hop. In 1993,&nbsp;Kirsty MacColl&nbsp;released \"Angel\", one of the first examples of the genre crossing over to pop, a hybrid that dominated the charts toward the end of the 1990s.</p>\n<h3>&nbsp;</h3>\n<h3><span id=\"Mainstream_breakthrough\" class=\"mw-headline\">Mainstream breakthrough</span></h3>\n<p>Massive Attack's first album&nbsp;<em>Blue Lines</em>&nbsp;was released in 1991 to huge success in the United Kingdom.<sup id=\"cite_ref-31\" class=\"reference\">[31]</sup>&nbsp;<em>Blue Lines</em>&nbsp;was seen widely as the first major manifestation of a uniquely British hip hop movement, but the album's hit single \"Unfinished Sympathy\" and several other tracks, while their rhythms were largely sample-based, were not seen as hip hop songs in any conventional sense. Produced by&nbsp;Dollar,&nbsp;Shara Nelson&nbsp;(an R&amp;B singer) featured on the orchestral \"Unfinished\", and Jamaican dance hall star&nbsp;Horace Andy&nbsp;provided vocals on several other tracks, as he would throughout Massive Attack's career.<sup id=\"cite_ref-32\" class=\"reference\">[32]</sup>&nbsp;Massive Attack released their second album entitled&nbsp;<em>Protection</em>&nbsp;in 1994. Although Tricky stayed on in a lesser role, and Hooper again produced, the fertile dance music scene of the early 1990s had informed the record, and it was seen as an even more significant shift away from the Wild Bunch era.</p>\n<p>&nbsp;</p>\n<p>In the June 1994 issue of UK magazine&nbsp;<em>Mixmag</em>, music journalist Andy Pemberton used the term&nbsp;<em>trip hop</em>&nbsp;to describe the hip hop&nbsp;instrumental&nbsp;\"In/Flux\", a 1993 single by San Francisco's&nbsp;DJ Shadow, and other similar tracks released on the&nbsp;Mo' Wax&nbsp;label&nbsp;and being played in London clubs at the time. \"In/Flux\", with its mixed up&nbsp;bpms,&nbsp;spoken word&nbsp;samples, strings, melodies, bizarre noises, prominent bass, and slow beats, gave the listener the impression they were on a musical&nbsp;trip, according to Pemberton.<sup id=\"cite_ref-Mixmag_33-0\" class=\"reference\">[33]</sup>&nbsp;Soon, however, Massive Attack's dubby, jazzy, psychedelic, electronic textures, rooted in hip hop sampling technique but taking flight into many styles, were described by journalists as the template of the eponymous genre</p>\n<p>&nbsp;</p>\n<p>In 1993, Icelandic musician&nbsp;Bj&ouml;rk&nbsp;released&nbsp;<em>Debut</em>, produced by Wild Bunch member Nellee Hooper.<sup id=\"cite_ref-34\" class=\"reference\">[34]</sup>&nbsp;The album, although rooted in&nbsp;four-on-the-floor&nbsp;house music, contained elements of trip hop and is credited as one of the first albums to introduce electronic dance music into mainstream pop.<sup id=\"cite_ref-35\" class=\"reference\">[35]</sup><sup id=\"cite_ref-36\" class=\"reference\">[36]</sup>&nbsp;She had been in contact with London's underground electronic music scene and was romantically involved with trip hop musician Tricky. Bj&ouml;rk embraced trip hop even more with her 1995 album&nbsp;<em>Post</em>&nbsp;by collaborating with Tricky and Howie B.&nbsp;<em>Homogenic</em>, her 1997 album, has been described as a pinnacle of trip hop music.<sup id=\"cite_ref-bpmhomogenic_37-0\" class=\"reference\">[37]</sup></p>\n<p>&nbsp;</p>\n<p>1994 and 1995 saw trip hop near the peak of its popularity, with artists such as&nbsp;Howie B&nbsp;and&nbsp;Earthling&nbsp;making significant contributions.&nbsp;Ninja Tune, the&nbsp;independent record label&nbsp;founded by the&nbsp;Coldcut&nbsp;duo, would significantly influence the trip-hop sound in London and beyond with breakthrough artists&nbsp;DJ Food,&nbsp;9 Lazy 9,&nbsp;Up, Bustle &amp; Out,&nbsp;Funki Porcini&nbsp;and&nbsp;The Herbaliser, among others. The period also marked the debut of two acts who, along with Massive Attack, would define the Bristol scene for years to come.</p>\n<p>&nbsp;</p>\n<p>In 1994,&nbsp;Portishead, a trio comprising singer&nbsp;Beth Gibbons,&nbsp;Geoff Barrow, and&nbsp;Adrian Utley, released their debut album&nbsp;<em>Dummy</em>. Their background differed from Massive Attack in many ways: one of Portishead's primary influences was 1960s and 1970s film soundtrack LPs.<sup id=\"cite_ref-38\" class=\"reference\">[38]</sup>&nbsp;Nevertheless, Portishead shared the scratchy, jazz-sample-based aesthetic of early Massive Attack (whom Barrow had briefly worked with during the recording of&nbsp;<em>Blue Lines</em>), and the sullen, fragile vocals of Gibbons also brought them wide acclaim. In 1995,&nbsp;<em>Dummy</em>&nbsp;was awarded the&nbsp;Mercury Music Prize&nbsp;as the best British album of the year,<sup id=\"cite_ref-39\" class=\"reference\">[39]</sup>&nbsp;giving trip-hop as a genre its greatest exposure yet. Portishead's music, seen as cutting edge in its film-noir feel and stylish, yet emotional appropriations of past sounds, was also widely imitated, causing the band to recoil from the trip-hop label they had inadvertently helped popularize.</p>\n<p>&nbsp;</p>\n<p>Tricky also released his debut solo album&nbsp;<em>Maxinquaye</em>&nbsp;in 1995, to great critical acclaim. The album was produced largely in collaboration with&nbsp;Mark Saunders. Tricky employed whispered, often abstract stream-of-consciousness murmuring, remote from the gangsta-rap&nbsp;braggadocio&nbsp;of the mid-1990s US hip hop scene. Even more unusually, however, many of the solo songs on&nbsp;<em>Maxinquaye</em>&nbsp;featured little of Tricky's own voice: his then-lover,&nbsp;Martina Topley-Bird, sang them, including her reimagining of&nbsp;Public Enemy's militant 1988 rap \"Black Steel in the Hour of Chaos\", while other songs were male-female duets dealing with sex and love in oblique ways, over beds of sometimes dissonant samples. Within a year Tricky had released two more full-length albums which were considered even more challenging, without finding the same popularity as his Bristol contemporaries Massive Attack and Portishead.<sup id=\"cite_ref-40\" class=\"reference\">[40]</sup>&nbsp;Through his brief collaborations with Bj&ouml;rk, however, he also exerted influence closer to the pop and alternative rock mainstream, and he developed a large cult fan-base.</p>\n<p>&nbsp;</p>\n<p>Musician&nbsp;Poe&nbsp;released her 1995 debut&nbsp;<em>Hello</em>, an album that featured trip-hop elements, to critical praise.</p>\n<p>&nbsp;</p>\n<p>Although not as popular in the United States, bands like Portishead and&nbsp;Sneaker Pimps&nbsp;saw moderate airplay on alternative-rock stations across the country.<sup id=\"cite_ref-41\" class=\"reference\">[41]</sup></p>\n<h3>&nbsp;</h3>\n<h3><span id=\".22After_the_Success_of_Trip_Hop.22\"></span><span id=\"&quot;After_the_Success_of_Trip_Hop&quot;\" class=\"mw-headline\">\"After the Success of Trip Hop\"</span></h3>\n<p>After the initial success of trip hop in the mid-1990s, the artists who made their own interpretationss of the genre include&nbsp;Archive,&nbsp;Baby Fox,&nbsp;Bowery Electric,&nbsp;Esthero,&nbsp;Morcheeba,&nbsp;Sneaker Pimps,&nbsp;Anomie Belle,<sup id=\"cite_ref-45\" class=\"reference\">[45]</sup>&nbsp;Alpha, Jaianto,&nbsp;Mudville&nbsp;and&nbsp;Cibo Matto&nbsp;and&nbsp;Lamb. These artists incorporated trip hop into other genres, including&nbsp;ambient,&nbsp;soul,&nbsp;IDM,&nbsp;industrial,&nbsp;dubstep,&nbsp;breakbeat,&nbsp;drum and bass,&nbsp;acid jazz, and&nbsp;new-age. The first printed use of the term \"post-trip hop\" was in an October 2002 article of&nbsp;<em>The Independent</em>, and was used to describe the band&nbsp;Second Person.<sup id=\"cite_ref-46\" class=\"reference\">[46]</sup></p>\n<p>&nbsp;</p>\n<p>Trip hop has also influenced artists in other genres, including&nbsp;Gorillaz,&nbsp;Emancipator,&nbsp;Nine Inch Nails,&nbsp;Travis,&nbsp;PJ Harvey,<sup id=\"cite_ref-latimes_47-0\" class=\"reference\">[47]</sup>&nbsp;How to Destroy Angels,<sup id=\"cite_ref-48\" class=\"reference\">[48]</sup>&nbsp;Beth Orton,&nbsp;The Flaming Lips,&nbsp;Bitter:Sweet,&nbsp;Beck,&nbsp;The xx&nbsp;and&nbsp;Deftones.<sup id=\"cite_ref-49\" class=\"reference\">[49]</sup>&nbsp;Several tracks on Australian pop singer&nbsp;Kylie Minogue's 1997 album&nbsp;<em>Impossible Princess</em>&nbsp;also displayed a trip hop influence.<sup id=\"cite_ref-50\" class=\"reference\">[50]</sup><sup class=\"noprint Inline-Template noprint Template-Importance_example\">[<em><span title=\"This example needs reliable sources that discuss its significance in the context of the article.\">importance of example(s)?</span></em>]</sup></p>\n<p>&nbsp;</p>\n<p>Various prominent artists and groups, such as&nbsp;Janet Jackson,<sup id=\"cite_ref-51\" class=\"reference\">[51]</sup>&nbsp;Kylie Minogue,<sup id=\"cite_ref-52\" class=\"reference\">[52]</sup>&nbsp;Madonna,<sup id=\"cite_ref-53\" class=\"reference\">[53]</sup><sup id=\"cite_ref-54\" class=\"reference\">[54]</sup>&nbsp;Bj&ouml;rk,<sup id=\"cite_ref-55\" class=\"reference\">[55]</sup><sup id=\"cite_ref-56\" class=\"reference\">[56]</sup><sup id=\"cite_ref-57\" class=\"reference\">[57]</sup>&nbsp;and&nbsp;Radiohead,<sup id=\"cite_ref-58\" class=\"reference\">[58]</sup>&nbsp;have also been influenced by the genre. Trip hop has spawned several subgenres,<sup id=\"cite_ref-59\" class=\"reference\">[59]</sup>&nbsp;including&nbsp;illbient&nbsp;(dub-based trip hop which combines&nbsp;ambient&nbsp;and&nbsp;industrial hip hop).</p>\n<h3>&nbsp;</h3>\n<h3><span id=\"2000s\" class=\"mw-headline\">2000s</span></h3>\n<p>Trip hop continued to influence notable artists in the 2000s. Norwegian&nbsp;avant-garde&nbsp;band&nbsp;Ulver&nbsp;incorporated trip hop in their ambient/electronic/jazzy album&nbsp;<em>Perdition City</em>. Atmospheric rock band&nbsp;Antimatter&nbsp;included some trip hop elements in their first two albums. Australian composer&nbsp;Rob Dougan&nbsp;proposed a mix of trip hop beats, orchestral music and electronics.&nbsp;RJD2&nbsp;began his career as a DJ, but in 2001, began releasing albums under&nbsp;El-P's&nbsp;Def Jux&nbsp;Label.<sup id=\"cite_ref-60\" class=\"reference\">[60]</sup>&nbsp;Zero 7's album&nbsp;<em>Simple Things</em>, and in particular, its lead single \"Destiny\", was regarded highly by underground listeners and achieved significant popularity.<sup id=\"cite_ref-61\" class=\"reference\">[61]</sup>&nbsp;In 2006,&nbsp;Gotye&nbsp;debuted his second studio album,&nbsp;<em>Like Drawing Blood</em>. The songs on the album featured down-tempo hip-hop beats and dub style bass reminiscent of trip hop.<sup id=\"cite_ref-62\" class=\"reference\">[62]</sup>&nbsp;Hip hop groups&nbsp;Zion I&nbsp;and the&nbsp;Dub Pistols&nbsp;also displayed heavy trip hop influence.<sup id=\"cite_ref-63\" class=\"reference\">[63]</sup><sup id=\"cite_ref-64\" class=\"reference\">[64]</sup>&nbsp;Norwegian singer and songwriter&nbsp;Kate Havnevik&nbsp;is a classically trained musician, but also incorporates trip hop into her work.<sup id=\"cite_ref-65\" class=\"reference\">[65]</sup></p>\n<p>&nbsp;</p>\n<p>Many producers who were not explicitly trip-hop artists also displayed its influence during the early 2000s. Daniel Nakamura, aka&nbsp;Dan The Automator, released two albums that were heavily inspired by trip hop. 2000 album&nbsp;<em>Deltron 3030</em>,<sup id=\"cite_ref-66\" class=\"reference\">[66]</sup>&nbsp;was a concept album about a rapper, portrayed by&nbsp;Del Tha Funkee Homosapien, from the future. 2001 saw the release of his side project,&nbsp;Lovage.&nbsp;<em>Music to Make Love to Your Old Lady By</em>,<sup id=\"cite_ref-67\" class=\"reference\">[67]</sup>&nbsp;with special guests&nbsp;Mike Patton,&nbsp;Prince Paul,&nbsp;Maseo,&nbsp;Damon Albarn, and&nbsp;Afrika Bambaataa. British producer&nbsp;Fatboy Slim's breakthrough album,&nbsp;<em>Halfway Between the Gutter and the Stars</em>,<sup id=\"cite_ref-68\" class=\"reference\">[68]</sup>&nbsp;was his most commercially successful release.<sup class=\"noprint Inline-Template noprint Template-Importance_example\">[<em><span title=\"This example needs reliable sources that discuss its significance in the context of the article.\">importance of example(s)?</span></em>]</sup></p>\n<h3>&nbsp;</h3>\n<h3><span id=\"2010s\" class=\"mw-headline\">2010s</span></h3>\n<p>Major notable releases include Massive Attack's&nbsp;<em>Heligoland,</em>&nbsp;their first studio album in seven years, and Dutch's&nbsp;<em>A Bright Cold Day</em>&nbsp;in 2010, which was met with positive reviews including a 7/10 score from inyourspeakers.com. The latter group consists of members including&nbsp;Jedi Mind Tricks&nbsp;producer&nbsp;Stoupe the Enemy of Mankind.<sup id=\"cite_ref-69\" class=\"reference\">[69]</sup><sup id=\"cite_ref-Allmusic_70-0\" class=\"reference\">[70]</sup></p>\n<p>&nbsp;</p>\n<p>DJ Shadow's&nbsp;<em>The Less You Know, the Better</em>&nbsp;was released in 2011 after a highly publicised unveiling of songs, including appearances on&nbsp;Zane Lowe's&nbsp;BBC Radio 1&nbsp;show and previews at a performance in Antwerp in August 2010.<sup id=\"cite_ref-71\" class=\"reference\">[71]</sup>&nbsp;The album was met with \"generally favorable reviews\" on Metacritic, with some criticising Shadow's lack of originality. Sam Richards of&nbsp;<em>NME</em>&nbsp;felt that the album sounded \"like the work of a man struggling to recall his motivations for making music in the first place.\"</p>\n<p>&nbsp;</p>\n<p>Beak's album titled \"&gt;&gt;\" was released in 2012 and received high scores from journalists, including an 8/10 from NME and Spin magazine.<sup id=\"cite_ref-72\" class=\"reference\">[72]</sup></p>\n<p>&nbsp;</p>\n<p>Lana Del Rey&nbsp;released her second album,&nbsp;<em>Born to Die</em>&nbsp;in 2012, which contained a string of trip hop ballads.<sup id=\"cite_ref-73\" class=\"reference\">[73]</sup>&nbsp;The album topped the charts in eleven countries, including Australia, France, Germany, and the United Kingdom; it has sold 3.4 million copies worldwide as of 2013 according to&nbsp;International Federation of the Phonographic Industry.<sup id=\"cite_ref-74\" class=\"reference\">[74]</sup></p>\n<p>&nbsp;</p>\n<p>More recently, in 2016 Russian rapper&nbsp;Dmitry Kuznetsov, or Husky, stated in an interview that a major inspiration for his unique, instrumental/synth sound came from trip-hop and the old-school rappers of the 90s sound, as well as Siberian punk and other more contemporary, American rappers.<sup id=\"cite_ref-75\" class=\"reference\">[75]</sup></p>\n<h2>&nbsp;</h2>\n<h2><span id=\"References\" class=\"mw-headline\">References</span></h2>\n<div class=\"reflist\">\n<div class=\"mw-references-wrap mw-references-columns\">\n<ol class=\"references\">\n<li id=\"cite_note-1\"><span class=\"mw-cite-backlink\"><strong>^</strong></span>&nbsp;<span class=\"reference-text\"><cite id=\"CITEREFMitchell2002\" class=\"citation book cs1\">Mitchell, Tony (2002).&nbsp;<span class=\"cs1-lock-registration\" title=\"Free registration required\"><em>Global Noise: Rap and Hip Hop Outside the USA</em></span>.&nbsp;Wesleyan University Press. p.&nbsp;105.&nbsp;ISBN&nbsp;<bdi>978-0-8195-6502-0</bdi><span class=\"reference-accessdate\">. Retrieved&nbsp;<span class=\"nowrap\">27 November</span>&nbsp;2012</span>.</cite></span></li>\n<li id=\"cite_note-2\"><span class=\"mw-cite-backlink\"><strong>^</strong></span>&nbsp;<span class=\"reference-text\"><cite id=\"CITEREFWhiteleyBennettHawkins2004\" class=\"citation book cs1\">Whiteley, Sheila; Bennett, Andy; Hawkins, Stan (2004).&nbsp;<em>Music, Space And Place: Popular Music And Cultural Identity</em>.&nbsp;Ashgate Publishing, Ltd. p.&nbsp;84.&nbsp;ISBN&nbsp;<bdi>978-0-7546-5574-9</bdi><span class=\"reference-accessdate\">. Retrieved&nbsp;<span class=\"nowrap\">27 November</span>2012</span>.</cite></span></li>\n<li id=\"cite_note-3\"><span class=\"mw-cite-backlink\"><strong>^</strong></span>&nbsp;<span class=\"reference-text\"><cite id=\"CITEREFReighley2000\" class=\"citation magazine cs1\">Reighley, Kurt B. (January 2000).&nbsp;\"Peace Orchestra\".&nbsp;<em>CMJ New Music Monthly</em>. No.&nbsp;77.&nbsp;ISSN&nbsp;1074-6978.</cite></span></li>\n<li id=\"cite_note-4\"><span class=\"mw-cite-backlink\"><strong>^</strong></span>&nbsp;<span class=\"reference-text\"><cite class=\"citation web cs1\">\"Local Groove Does Good: The Story Of Trip-Hop's Rise From Bristol\".&nbsp;<em>npr.org</em>.</cite></span></li>\n<li id=\"cite_note-5\"><span class=\"mw-cite-backlink\"><strong>^</strong></span>&nbsp;<span class=\"reference-text\"><cite id=\"CITEREFCinquemani2002\" class=\"citation web cs1\">Cinquemani, Sal (2 November 2002).&nbsp;\"Slant Magazine Music Review: DJ Shadow: Endtroducing...\"<em>Slantmagazine</em>. Slantmagazine.com<span class=\"reference-accessdate\">. Retrieved&nbsp;<span class=\"nowrap\">24 September</span>&nbsp;2010</span>.</cite></span></li>\n<li id=\"cite_note-6\"><span class=\"mw-cite-backlink\"><strong>^</strong></span>&nbsp;<span class=\"reference-text\"><cite class=\"citation web cs1\">\"Trip-hop | music\".&nbsp;<em>Encyclopedia Britannica</em><span class=\"reference-accessdate\">. Retrieved&nbsp;<span class=\"nowrap\">24 November</span>&nbsp;2020</span>.</cite></span></li>\n<li id=\"cite_note-allmusic1-7\"><span class=\"mw-cite-backlink\">^&nbsp;<span class=\"cite-accessibility-label\">Jump up to:</span><sup><em><strong>a</strong></em></sup>&nbsp;<sup><em><strong>b</strong></em></sup>&nbsp;<sup><em><strong>c</strong></em></sup></span>&nbsp;<span class=\"reference-text\"><cite id=\"CITEREFTrip-Hop_Electronic_&raquo;_Electronica_&raquo;_Trip-Hop\" class=\"citation web cs1\">Trip-Hop Electronic&nbsp;&raquo; Electronica&nbsp;&raquo; Trip-Hop.&nbsp;\"Explore: Trip-Hop\".&nbsp;<em>AllMusic</em><span class=\"reference-accessdate\">. Retrieved&nbsp;<span class=\"nowrap\">17 November</span>&nbsp;2011</span>.</cite></span></li>\n<li id=\"cite_note-8\"><span class=\"mw-cite-backlink\"><strong>^</strong></span>&nbsp;<span class=\"reference-text\"><cite id=\"CITEREFJames_Hannaham2008\" class=\"citation web cs1\">James Hannaham (17 April 2008).&nbsp;\"Did Portishead kill trip hop?\".&nbsp;<em>salon.com</em>.</cite></span></li>\n<li id=\"cite_note-9\"><span class=\"mw-cite-backlink\"><strong>^</strong></span>&nbsp;<span class=\"reference-text\"><cite class=\"citation web cs1\">\"Feature / When Bristol music went 'Out of the Comfort Zone<span class=\"cs1-kern-right\">'</span>\".&nbsp;<em>Epigram.org.uk</em>. 20 April 2019<span class=\"reference-accessdate\">. Retrieved&nbsp;<span class=\"nowrap\">7 January</span>&nbsp;2021</span>.</cite></span></li>\n<li id=\"cite_note-:0-10\"><span class=\"mw-cite-backlink\">^&nbsp;<span class=\"cite-accessibility-label\">Jump up to:</span><sup><em><strong>a</strong></em></sup>&nbsp;<sup><em><strong>b</strong></em></sup></span>&nbsp;<span class=\"reference-text\"><cite id=\"CITEREFAndersen2005\" class=\"citation journal cs1\">Andersen, Ragnhild Br&oslash;vig (September 2005).&nbsp;\"Groove in trip-hop music\"&nbsp;<span class=\"cs1-format\">(PDF)</span>.&nbsp;<em>UIO</em>.</cite></span></li>\n<li id=\"cite_note-11\"><span class=\"mw-cite-backlink\"><strong>^</strong></span>&nbsp;<span class=\"reference-text\"><cite class=\"citation web cs1\">\"Massive Attack | Credits\".&nbsp;<em>AllMusic</em><span class=\"reference-accessdate\">. Retrieved&nbsp;<span class=\"nowrap\">16 December</span>&nbsp;2019</span>.</cite></span></li>\n<li id=\"cite_note-12\"><span class=\"mw-cite-backlink\"><strong>^</strong></span>&nbsp;<span class=\"reference-text\"><cite class=\"citation web cs1\">\"Martina Topley-Bird | Credits\".&nbsp;<em>AllMusic</em><span class=\"reference-accessdate\">. Retrieved&nbsp;<span class=\"nowrap\">16 December</span>&nbsp;2019</span>.</cite></span></li>\n<li id=\"cite_note-13\"><span class=\"mw-cite-backlink\"><strong>^</strong></span>&nbsp;<span class=\"reference-text\"><cite class=\"citation web cs1\">\"Sneaker Pimps | Credits\".&nbsp;<em>AllMusic</em><span class=\"reference-accessdate\">. Retrieved&nbsp;<span class=\"nowrap\">16 December</span>&nbsp;2019</span>.</cite></span></li>\n<li id=\"cite_note-14\"><span class=\"mw-cite-backlink\"><strong>^</strong></span>&nbsp;<span class=\"reference-text\"><cite class=\"citation web cs1\">\"The 10 best trip hop tracks, according to Nouvelle Vague's Marc Collin\".&nbsp;<em>Dummymag.com</em><span class=\"reference-accessdate\">. Retrieved&nbsp;<span class=\"nowrap\">16 December</span>&nbsp;2019</span>.</cite></span></li>\n<li id=\"cite_note-15\"><span class=\"mw-cite-backlink\"><strong>^</strong></span>&nbsp;<span class=\"reference-text\">\"moon-palace.de\"&nbsp;Tricky web Site. Tricky covered \"Tattoo\" (a pre-trip-hop song of Siouxsie and the Banshees from 1983) for the opening track of his second album&nbsp;<em>Nearly God</em>&nbsp;in 1996</span></li>\n<li id=\"cite_note-16\"><span class=\"mw-cite-backlink\"><strong>^</strong></span>&nbsp;<span class=\"reference-text\">\"Inflightdata.com\"&nbsp;Archived&nbsp;13 July 2011 at the&nbsp;Wayback Machine&nbsp;Massive Attack sampled and covered \"Metal Postcard\" of Siouxsie and the Banshees in 1997 on the movie soundtrack&nbsp;<em>The Jackal</em></span></li>\n<li id=\"cite_note-17\"><span class=\"mw-cite-backlink\"><strong>^</strong></span>&nbsp;<span class=\"reference-text\">Tricky site&nbsp;\"The Lovecats\" by Cure, covered by Tricky</span></li>\n<li id=\"cite_note-18\"><span class=\"mw-cite-backlink\"><strong>^</strong></span>&nbsp;<span class=\"reference-text\"><cite class=\"citation web cs1\">\"inflightdata.com &ndash; massive attack discography &ndash; tune info + lyrics &ndash; man next door\".&nbsp;<em>Inflightdata.com</em>. Archived from&nbsp;the original&nbsp;on 2 May 2008.</cite></span></li>\n<li id=\"cite_note-19\"><span class=\"mw-cite-backlink\"><strong>^</strong></span>&nbsp;<span class=\"reference-text\"><cite class=\"citation web cs1\">\"Siouxsie Sioux\".&nbsp;<em>RocknFolk.com</em><span class=\"reference-accessdate\">. Retrieved&nbsp;<span class=\"nowrap\">16 November</span>&nbsp;2011</span>.</cite></span></li>\n<li id=\"cite_note-20\"><span class=\"mw-cite-backlink\"><strong>^</strong></span>&nbsp;<span class=\"reference-text\"><cite id=\"CITEREFDombal\" class=\"citation web cs1\">Dombal, Ryan.&nbsp;\"Folk-Jazz Icon John Martyn, R.I.P.\"&nbsp;<em>Pitchfork</em><span class=\"reference-accessdate\">. Retrieved&nbsp;<span class=\"nowrap\">17 July</span>&nbsp;2020</span>.</cite></span></li>\n<li id=\"cite_note-21\"><span class=\"mw-cite-backlink\"><strong>^</strong></span>&nbsp;<span class=\"reference-text\"><cite id=\"CITEREFAndersen\" class=\"citation web cs1\">Andersen, Ragnhild Br&oslash;vig.&nbsp;\"Groove in trip-hop music\"&nbsp;<span class=\"cs1-format\">(PDF)</span>. University of Oslo<span class=\"reference-accessdate\">. Retrieved&nbsp;<span class=\"nowrap\">19 December</span>&nbsp;2015</span>.</cite></span></li>\n<li id=\"cite_note-22\"><span class=\"mw-cite-backlink\"><strong>^</strong></span>&nbsp;<span class=\"reference-text\"><cite id=\"CITEREFMichaelangelo_Matos2011\" class=\"citation web cs1\">Michaelangelo Matos (25 August 2011).&nbsp;\"Genre busting: the origin of music categories\".&nbsp;<em>theguardian.com</em>.</cite></span></li>\n<li id=\"cite_note-23\"><span class=\"mw-cite-backlink\"><strong>^</strong></span>&nbsp;<span class=\"reference-text\">Pemberton, Andy (June 1994). \"Trip Hop\". Mixmag.</span></li>\n<li id=\"cite_note-24\"><span class=\"mw-cite-backlink\"><strong>^</strong></span>&nbsp;<span class=\"reference-text\"><cite id=\"CITEREFRick_Snoman2012\" class=\"citation book cs1\">Rick Snoman (10 September 2012).&nbsp;<em>The Dance Music Manual</em>. CRC Press. p.&nbsp;294.&nbsp;ISBN&nbsp;<bdi>9781136115585</bdi>.</cite></span></li>\n<li id=\"cite_note-:1-25\"><span class=\"mw-cite-backlink\">^&nbsp;<span class=\"cite-accessibility-label\">Jump up to:</span><sup><em><strong>a</strong></em></sup>&nbsp;<sup><em><strong>b</strong></em></sup></span>&nbsp;<span class=\"reference-text\"><cite class=\"citation web cs1\">\"The story of the 'Bristol Sound' | British Council\".&nbsp;<em>Britishcouncil.org.il</em><span class=\"reference-accessdate\">. Retrieved&nbsp;<span class=\"nowrap\">16 December</span>2019</span>.</cite></span></li>\n<li id=\"cite_note-26\"><span class=\"mw-cite-backlink\"><strong>^</strong></span>&nbsp;<span class=\"reference-text\"><cite id=\"CITEREFWheaton2001\" class=\"citation book cs1\">Wheaton, RJ (2001).&nbsp;<em>Portishead's Dummy</em>. Continuum. p.&nbsp;14.&nbsp;ISBN&nbsp;<bdi>1441194495</bdi>.</cite></span></li>\n<li id=\"cite_note-:2-27\"><span class=\"mw-cite-backlink\">^&nbsp;<span class=\"cite-accessibility-label\">Jump up to:</span><sup><em><strong>a</strong></em></sup>&nbsp;<sup><em><strong>b</strong></em></sup></span>&nbsp;<span class=\"reference-text\"><cite class=\"citation web cs1\">\"Red Lines: Bristol, England\".&nbsp;<em>Red-lines.co.uk</em><span class=\"reference-accessdate\">. Retrieved&nbsp;<span class=\"nowrap\">16 December</span>&nbsp;2019</span>.</cite></span></li>\n<li id=\"cite_note-28\"><span class=\"mw-cite-backlink\"><strong>^</strong></span>&nbsp;<span class=\"reference-text\"><cite class=\"citation web cs1\">\"On-U Sound In The Area - Mark Stewart / Maffia biography\".&nbsp;<em>Skysaw.org</em><span class=\"reference-accessdate\">. Retrieved&nbsp;<span class=\"nowrap\">16 December</span>2019</span>.</cite></span></li>\n<li id=\"cite_note-sugarhill1-29\"><span class=\"mw-cite-backlink\"><strong>^</strong></span>&nbsp;<span class=\"reference-text\"><cite class=\"citation book cs1\"><em>SPIN September 1987</em>. September 1987<span class=\"reference-accessdate\">. Retrieved&nbsp;<span class=\"nowrap\">14 September</span>&nbsp;2011</span>.</cite></span></li>\n<li id=\"cite_note-30\"><span class=\"mw-cite-backlink\"><strong>^</strong></span>&nbsp;<span class=\"reference-text\"><cite id=\"CITEREFAnkeny\" class=\"citation web cs1\">Ankeny, Jason.&nbsp;\"Massive Attack - Music Biography, Credits and Discography\".&nbsp;<em>AllMusic</em><span class=\"reference-accessdate\">. Retrieved&nbsp;<span class=\"nowrap\">25 April</span>&nbsp;2013</span>.</cite></span></li>\n<li id=\"cite_note-31\"><span class=\"mw-cite-backlink\"><strong>^</strong></span>&nbsp;<span class=\"reference-text\"><cite class=\"citation web cs1\">\"Massive Attack: Out of the Comfort Zone\".&nbsp;<em>The British Library</em><span class=\"reference-accessdate\">. Retrieved&nbsp;<span class=\"nowrap\">7 January</span>&nbsp;2021</span>.</cite></span></li>\n<li id=\"cite_note-32\"><span class=\"mw-cite-backlink\"><strong>^</strong></span>&nbsp;<span class=\"reference-text\"><cite id=\"CITEREFService_(clouddataservice.co.uk)\" class=\"citation web cs1\">Service (clouddataservice.co.uk), Cloud Data.&nbsp;\"Features\".&nbsp;<em>Honest Ulsterman</em><span class=\"reference-accessdate\">. Retrieved&nbsp;<span class=\"nowrap\">7 January</span>2021</span>.</cite></span></li>\n<li id=\"cite_note-Mixmag-33\"><span class=\"mw-cite-backlink\"><strong>^</strong></span>&nbsp;<span class=\"reference-text\">Pemberton, Andy (June 1994). \"Trip Hop\".&nbsp;<em>Mixmag</em>.</span></li>\n<li id=\"cite_note-34\"><span class=\"mw-cite-backlink\"><strong>^</strong></span>&nbsp;<span class=\"reference-text\"><cite id=\"CITEREFCragg2013\" class=\"citation news cs1\">Cragg, Michael (5 July 2013).&nbsp;\"Bj&ouml;rk's Debut: celebrating 20 years of innovation\".&nbsp;<em>The Guardian</em>.&nbsp;ISSN&nbsp;0261-3077<span class=\"reference-accessdate\">. Retrieved&nbsp;<span class=\"nowrap\">16 December</span>&nbsp;2019</span>.</cite></span></li>\n<li id=\"cite_note-35\"><span class=\"mw-cite-backlink\"><strong>^</strong></span>&nbsp;<span class=\"reference-text\"><cite class=\"citation web cs1\">\"Debut Turns 20\".&nbsp;<em>StereoGum.com</em>. 3 July 2013<span class=\"reference-accessdate\">. Retrieved&nbsp;<span class=\"nowrap\">23 September</span>&nbsp;2014</span>.</cite></span></li>\n<li id=\"cite_note-36\"><span class=\"mw-cite-backlink\"><strong>^</strong></span>&nbsp;<span class=\"reference-text\"><cite class=\"citation web cs1\">\"Bjork's 'Debut' Turns 20: Backtracking\".&nbsp;<em>Idolator.com</em>. 12 July 2013<span class=\"reference-accessdate\">. Retrieved&nbsp;<span class=\"nowrap\">23 September</span>&nbsp;2014</span>.</cite></span></li>\n<li id=\"cite_note-bpmhomogenic-37\"><span class=\"mw-cite-backlink\"><strong>^</strong></span>&nbsp;<span class=\"reference-text\"><cite id=\"CITEREFZercoe2011\" class=\"citation web cs1\">Zercoe, Cole (21 November 2011).&nbsp;\"Second Look: Bjork &ndash; Homogenic\".&nbsp;Beats per Minute<span class=\"reference-accessdate\">. Retrieved&nbsp;<span class=\"nowrap\">8 December</span>&nbsp;2014</span>.</cite></span></li>\n<li id=\"cite_note-38\"><span class=\"mw-cite-backlink\"><strong>^</strong></span>&nbsp;<span class=\"reference-text\"><cite id=\"CITEREFRogers2019\" class=\"citation news cs1\">Rogers, Jude (24 August 2019).&nbsp;\"<span class=\"cs1-kern-left\">'</span>Dummy wasn't a chillout album. Portishead had more in common with Nirvana<span class=\"cs1-kern-right\">'</span>\".&nbsp;<em>The Observer</em>.&nbsp;ISSN&nbsp;0029-7712<span class=\"reference-accessdate\">. Retrieved&nbsp;<span class=\"nowrap\">16 December</span>&nbsp;2019</span>.</cite></span></li>\n<li id=\"cite_note-39\"><span class=\"mw-cite-backlink\"><strong>^</strong></span>&nbsp;<span class=\"reference-text\"><cite id=\"CITEREFOxley2015\" class=\"citation web cs1\">Oxley, Macon (1 November 2015).&nbsp;\"Mercury Winners&nbsp;: Portishead 'Dummy' (1995)\"<span class=\"reference-accessdate\">. Retrieved&nbsp;<span class=\"nowrap\">16 December</span>&nbsp;2019</span>.</cite></span></li>\n<li id=\"cite_note-40\"><span class=\"mw-cite-backlink\"><strong>^</strong></span>&nbsp;<span class=\"reference-text\"><cite class=\"citation news cs1\">\"Tricky comeback makes for trip-hop trilogy\".&nbsp;<em>Guardian</em>. 9 May 2008<span class=\"reference-accessdate\">. Retrieved&nbsp;<span class=\"nowrap\">19 December</span>&nbsp;2015</span>.</cite></span></li>\n<li id=\"cite_note-41\"><span class=\"mw-cite-backlink\"><strong>^</strong></span>&nbsp;<span class=\"reference-text\"><cite class=\"citation web cs1\">\"Top Songs of 1997\". Q101 Chicago Alternative<span class=\"reference-accessdate\">. Retrieved&nbsp;<span class=\"nowrap\">25 March</span>&nbsp;2014</span>.</cite></span></li>\n<li id=\"cite_note-42\"><span class=\"mw-cite-backlink\"><strong>^</strong></span>&nbsp;<span class=\"reference-text\"><cite id=\"CITEREFThomas1965\" class=\"citation web cs1\">Thomas, Stephen (21 November 1965).&nbsp;\"Bj&ouml;rk - Music Biography, Credits and Discography\".&nbsp;<em>AllMusic</em><span class=\"reference-accessdate\">. Retrieved&nbsp;<span class=\"nowrap\">25 April</span>&nbsp;2013</span>.</cite></span></li>\n<li id=\"cite_note-43\"><span class=\"mw-cite-backlink\"><strong>^</strong></span>&nbsp;<span class=\"reference-text\"><cite id=\"CITEREFPhares1995\" class=\"citation web cs1\">Phares, Heather (13 June 1995).&nbsp;\"Post - Bj&ouml;rk&nbsp;: Songs, Reviews, Credits, Awards\".&nbsp;<em>AllMusic</em><span class=\"reference-accessdate\">. Retrieved&nbsp;<span class=\"nowrap\">25 April</span>&nbsp;2013</span>.</cite></span></li>\n<li id=\"cite_note-44\"><span class=\"mw-cite-backlink\"><strong>^</strong></span>&nbsp;<span class=\"reference-text\"><cite id=\"CITEREFPhares1997\" class=\"citation web cs1\">Phares, Heather (22 September 1997).&nbsp;\"Homogenic - Bj&ouml;rk&nbsp;: Songs, Reviews, Credits, Awards\".&nbsp;<em>AllMusic</em><span class=\"reference-accessdate\">. Retrieved&nbsp;<span class=\"nowrap\">25 April</span>&nbsp;2013</span>.</cite></span></li>\n<li id=\"cite_note-45\"><span class=\"mw-cite-backlink\"><strong>^</strong></span>&nbsp;<span class=\"reference-text\"><cite id=\"CITEREFLiu2008\" class=\"citation news cs1\">Liu, Marian (28 October 2008).&nbsp;\"Anomie Belle brings politically conscious trip hop to the Tractor Sunday\".&nbsp;<em>The Seattle Times</em>.</cite></span></li>\n<li id=\"cite_note-46\"><span class=\"mw-cite-backlink\"><strong>^</strong></span>&nbsp;<span class=\"reference-text\"><cite class=\"citation news cs1\">\"Second Person\".&nbsp;<em>The Independent</em>. 23 October 2002. p.&nbsp;12.</cite></span></li>\n<li id=\"cite_note-latimes-47\"><span class=\"mw-cite-backlink\"><strong>^</strong></span>&nbsp;<span class=\"reference-text\"><cite id=\"CITEREFMike_Boehm1998\" class=\"citation news cs1\">Mike Boehm (27 September 1998).&nbsp;\"Four-Star Performers\".&nbsp;<em>Los Angeles Times</em>.&nbsp;<q>Polly Jean Harvey simultaneously falls back on the elemental blues grounding that sets her apart from most of her generation while zooming ahead into trip-hop and techno</q></cite></span></li>\n<li id=\"cite_note-48\"><span class=\"mw-cite-backlink\"><strong>^</strong></span>&nbsp;<span class=\"reference-text\"><cite class=\"citation web cs1\">\"Trent Reznor's How to Destroy Angels Premiere First Track\". Spinner. 4 May 2010<span class=\"reference-accessdate\">. Retrieved&nbsp;<span class=\"nowrap\">26 April</span>2012</span>.</cite></span></li>\n<li id=\"cite_note-49\"><span class=\"mw-cite-backlink\"><strong>^</strong></span>&nbsp;<span class=\"reference-text\"><cite class=\"citation web cs1\">\"Sputnik Music Review\".&nbsp;<em>Sputnikmusic</em>. 27 February 2005<span class=\"reference-accessdate\">. Retrieved&nbsp;<span class=\"nowrap\">27 November</span>&nbsp;2012</span>.</cite></span></li>\n<li id=\"cite_note-50\"><span class=\"mw-cite-backlink\"><strong>^</strong></span>&nbsp;<span class=\"reference-text\"><cite class=\"citation web cs1\">\"Kylie Minogue &ndash; Impossible Princess (album review)\".&nbsp;<em>Sputnikmusic</em>. 17 July 2009<span class=\"reference-accessdate\">. Retrieved&nbsp;<span class=\"nowrap\">17 November</span>&nbsp;2011</span>.</cite></span></li>\n<li id=\"cite_note-51\"><span class=\"mw-cite-backlink\"><strong>^</strong></span>&nbsp;<span class=\"reference-text\">Since acknowledging her capabilities for sensuality on the album \"Janet,\" Miss Jackson uses \"The Velvet Rope\" to explore her sexuality, including obsession, frustration and even coy allusions to sexual preference, layering her lyrics with fashionable trip-hop beats, overt sampling and trademark grooves.&nbsp;<cite id=\"CITEREFElita_Bradley1998\" class=\"citation news cs1\">Elita Bradley (17 September 1998). \"Ushering back Janet Jackson 'Velvet Rope' singer due for another show; Pearl Jam also on tap\".&nbsp;<em>The Washington Times</em>. p.&nbsp;M.2.&nbsp;ISSN&nbsp;0732-8494.</cite></span></li>\n<li id=\"cite_note-52\"><span class=\"mw-cite-backlink\"><strong>^</strong></span>&nbsp;<span class=\"reference-text\"><cite class=\"citation magazine cs1\">\"Kylie Minogue: Impossible Princess &ndash; Music Review\".&nbsp;<em>Slant Magazine</em>. 19 November 2003<span class=\"reference-accessdate\">. Retrieved&nbsp;<span class=\"nowrap\">17 November</span>&nbsp;2011</span>.</cite></span></li>\n<li id=\"cite_note-53\"><span class=\"mw-cite-backlink\"><strong>^</strong></span>&nbsp;<span class=\"reference-text\"><cite id=\"CITEREFThomas1998\" class=\"citation web cs1\">Thomas, Stephen (3 March 1998).&nbsp;\"Ray of Light &ndash; Madonna\".&nbsp;<em>AllMusic</em>. Archived from&nbsp;the originalon 16 October 2011<span class=\"reference-accessdate\">. Retrieved&nbsp;<span class=\"nowrap\">17 November</span>&nbsp;2011</span>.</cite></span></li>\n<li id=\"cite_note-54\"><span class=\"mw-cite-backlink\"><strong>^</strong></span>&nbsp;<span class=\"reference-text\"><cite id=\"CITEREFRob_Sheffield1998\" class=\"citation web cs1\">Rob Sheffield (2 April 1998).&nbsp;\"Ray Of Light Album Reviews\".&nbsp;<em>Rolling Stone</em><span class=\"reference-accessdate\">. Retrieved&nbsp;<span class=\"nowrap\">17 November</span>2011</span>.</cite></span></li>\n<li id=\"cite_note-55\"><span class=\"mw-cite-backlink\"><strong>^</strong></span>&nbsp;<span class=\"reference-text\"><cite id=\"CITEREFPhares\" class=\"citation web cs1\">Phares, Heather.&nbsp;\"Debut &ndash; Bj&ouml;rk\".&nbsp;<em>AllMusic</em><span class=\"reference-accessdate\">. Retrieved&nbsp;<span class=\"nowrap\">17 November</span>&nbsp;2011</span>.</cite></span></li>\n<li id=\"cite_note-56\"><span class=\"mw-cite-backlink\"><strong>^</strong></span>&nbsp;<span class=\"reference-text\"><cite id=\"CITEREFPhares1995\" class=\"citation web cs1\">Phares, Heather (13 June 1995).&nbsp;\"Post &ndash; Bj&ouml;rk\".&nbsp;<em>AllMusic</em><span class=\"reference-accessdate\">. Retrieved&nbsp;<span class=\"nowrap\">17 November</span>&nbsp;2011</span>.</cite></span></li>\n<li id=\"cite_note-57\"><span class=\"mw-cite-backlink\"><strong>^</strong></span>&nbsp;<span class=\"reference-text\"><cite id=\"CITEREFPhares1997\" class=\"citation web cs1\">Phares, Heather (22 September 1997).&nbsp;\"Homogenic &ndash; Bj&ouml;rk\".&nbsp;<em>AllMusic</em><span class=\"reference-accessdate\">. Retrieved&nbsp;<span class=\"nowrap\">17 November</span>&nbsp;2011</span>.</cite></span></li>\n<li id=\"cite_note-58\"><span class=\"mw-cite-backlink\"><strong>^</strong></span>&nbsp;<span class=\"reference-text\"><cite class=\"citation web cs1\">\"Radiohead &ndash; OK Computer (album review)\".&nbsp;<em>Sputnikmusic</em><span class=\"reference-accessdate\">. Retrieved&nbsp;<span class=\"nowrap\">17 November</span>&nbsp;2011</span>.</cite></span></li>\n<li id=\"cite_note-59\"><span class=\"mw-cite-backlink\"><strong>^</strong></span>&nbsp;<span class=\"reference-text\"><cite id=\"CITEREFDerutyTardieu2014\" class=\"citation journal cs1\">Deruty, Emmanuel; Tardieu, Damien (3 February 2014). \"About Dynamic Processing in Mainstream Music\".&nbsp;<em>Journal of the Audio Engineering Society</em>.&nbsp;<strong>62</strong>&nbsp;(1/2): 42&ndash;55.&nbsp;doi:10.17743/jaes.2014.0001.&nbsp;ISSN&nbsp;1549-4950.</cite></span></li>\n<li id=\"cite_note-60\"><span class=\"mw-cite-backlink\"><strong>^</strong></span>&nbsp;<span class=\"reference-text\"><cite class=\"citation web cs1\">\"Biography\".&nbsp;<em>TripHop-Music.com</em>. Archived from&nbsp;the original&nbsp;on 4 March 2016<span class=\"reference-accessdate\">. Retrieved&nbsp;<span class=\"nowrap\">28 May</span>2015</span>.</cite></span></li>\n<li id=\"cite_note-61\"><span class=\"mw-cite-backlink\"><strong>^</strong></span>&nbsp;<span class=\"reference-text\"><cite id=\"CITEREFTim_DiGravina2001\" class=\"citation web cs1\">Tim DiGravina (12 June 2001).&nbsp;\"Simple Things &ndash; Zero 7&nbsp;: Songs, Reviews, Credits, Awards\".&nbsp;<em>AllMusic</em><span class=\"reference-accessdate\">. Retrieved&nbsp;<span class=\"nowrap\">25 April</span>&nbsp;2013</span>.</cite></span></li>\n<li id=\"cite_note-62\"><span class=\"mw-cite-backlink\"><strong>^</strong></span>&nbsp;<span class=\"reference-text\"><cite id=\"CITEREFO'Brien\" class=\"citation web cs1\">O'Brien, Jon.&nbsp;\"Like Drawing Blood &ndash; Gotye&nbsp;: Songs, Reviews, Credits, Awards\".&nbsp;<em>AllMusic</em><span class=\"reference-accessdate\">. Retrieved&nbsp;<span class=\"nowrap\">25 April</span>&nbsp;2013</span>.</cite></span></li>\n<li id=\"cite_note-63\"><span class=\"mw-cite-backlink\"><strong>^</strong></span>&nbsp;<span class=\"reference-text\"><cite id=\"CITEREFAzpiri\" class=\"citation web cs1\">Azpiri, Jon.&nbsp;\"Zion I &ndash; Music Biography, Credits and Discography\".&nbsp;<em>AllMusic</em><span class=\"reference-accessdate\">. Retrieved&nbsp;<span class=\"nowrap\">25 April</span>&nbsp;2013</span>.</cite></span></li>\n<li id=\"cite_note-64\"><span class=\"mw-cite-backlink\"><strong>^</strong></span>&nbsp;<span class=\"reference-text\"><cite id=\"CITEREFBush\" class=\"citation web cs1\">Bush, John.&nbsp;\"Dub Pistols &ndash; Music Biography, Credits and Discography\".&nbsp;<em>AllMusic</em><span class=\"reference-accessdate\">. Retrieved&nbsp;<span class=\"nowrap\">25 April</span>2013</span>.</cite></span></li>\n<li id=\"cite_note-65\"><span class=\"mw-cite-backlink\"><strong>^</strong></span>&nbsp;<span class=\"reference-text\"><cite class=\"citation web cs1\">\"Kate Havnevik: Me EP Album Review and US Tour Dates\".&nbsp;<em>MuuMuse</em>. 11 November 2009.</cite></span></li>\n<li id=\"cite_note-66\"><span class=\"mw-cite-backlink\"><strong>^</strong></span>&nbsp;<span class=\"reference-text\"><cite id=\"CITEREFHuey2000\" class=\"citation web cs1\">Huey, Steve (23 May 2000).&nbsp;\"Deltron 3030 &ndash; Deltron 3030&nbsp;: Songs, Reviews, Credits, Awards\".&nbsp;<em>AllMusic</em><span class=\"reference-accessdate\">. Retrieved&nbsp;<span class=\"nowrap\">25 April</span>&nbsp;2013</span>.</cite></span></li>\n<li id=\"cite_note-67\"><span class=\"mw-cite-backlink\"><strong>^</strong></span>&nbsp;<span class=\"reference-text\"><cite id=\"CITEREFM.F._DiBella2001\" class=\"citation web cs1\">M.F. DiBella (6 November 2001).&nbsp;\"Lovage: Music to Make Love to Your Old Lady By &ndash; Lovage, Nathaniel Merriweather&nbsp;: Songs, Reviews, Credits, Awards\".&nbsp;<em>AllMusic</em><span class=\"reference-accessdate\">. Retrieved&nbsp;<span class=\"nowrap\">25 April</span>&nbsp;2013</span>.</cite></span></li>\n<li id=\"cite_note-68\"><span class=\"mw-cite-backlink\"><strong>^</strong></span>&nbsp;<span class=\"reference-text\"><cite id=\"CITEREFBush2000\" class=\"citation web cs1\">Bush, John (7 November 2000).&nbsp;\"Halfway Between the Gutter and the Stars &ndash; Fatboy Slim&nbsp;: Songs, Reviews, Credits, Awards\".&nbsp;<em>AllMusic</em><span class=\"reference-accessdate\">. Retrieved&nbsp;<span class=\"nowrap\">25 April</span>&nbsp;2013</span>.</cite></span></li>\n<li id=\"cite_note-69\"><span class=\"mw-cite-backlink\"><strong>^</strong></span>&nbsp;<span class=\"reference-text\"><cite id=\"CITEREFBush2010\" class=\"citation web cs1\">Bush, John (9 February 2010).&nbsp;\"Heligoland &ndash; Massive Attack&nbsp;: Songs, Reviews, Credits, Awards\".&nbsp;<em>AllMusic</em><span class=\"reference-accessdate\">. Retrieved&nbsp;<span class=\"nowrap\">25 April</span>&nbsp;2013</span>.</cite></span></li>\n<li id=\"cite_note-Allmusic-70\"><span class=\"mw-cite-backlink\"><strong>^</strong></span>&nbsp;<span class=\"reference-text\"><cite class=\"citation web cs1\">\"AllMusic Review\"<span class=\"reference-accessdate\">. Retrieved&nbsp;<span class=\"nowrap\">7 November</span>&nbsp;2012</span>.</cite></span></li>\n<li id=\"cite_note-71\"><span class=\"mw-cite-backlink\"><strong>^</strong></span>&nbsp;<span class=\"reference-text\"><cite id=\"CITEREFCooper\" class=\"citation web cs1\">Cooper, Sean.&nbsp;\"DJ Shadow &ndash; Music Biography, Credits and Discography\".&nbsp;<em>AllMusic</em><span class=\"reference-accessdate\">. Retrieved&nbsp;<span class=\"nowrap\">25 April</span>2013</span>.</cite></span></li>\n<li id=\"cite_note-72\"><span class=\"mw-cite-backlink\"><strong>^</strong></span>&nbsp;<span class=\"reference-text\"><cite id=\"CITEREFPhares2012\" class=\"citation web cs1\">Phares, Heather (10 July 2012).&nbsp;\"&gt;&gt; - Beak&gt;&nbsp;: Songs, Reviews, Credits, Awards\".&nbsp;<em>AllMusic</em><span class=\"reference-accessdate\">. Retrieved&nbsp;<span class=\"nowrap\">25 April</span>&nbsp;2013</span>.</cite></span></li>\n<li id=\"cite_note-73\"><span class=\"mw-cite-backlink\"><strong>^</strong></span>&nbsp;<span class=\"reference-text\"><cite id=\"CITEREFSheffield2012\" class=\"citation web cs1\">Sheffield, Rob (30 January 2012).&nbsp;\"Born To Die &ndash; Album Reviews &ndash; Rolling Stone\".&nbsp;<em>Rolling Stone</em>.&nbsp;Wenner Media<span class=\"reference-accessdate\">. Retrieved&nbsp;<span class=\"nowrap\">11 September</span>&nbsp;2013</span>.</cite></span></li>\n<li id=\"cite_note-74\"><span class=\"mw-cite-backlink\"><strong>^</strong></span>&nbsp;<span class=\"reference-text\"><cite class=\"citation web cs1\">\"IFPI Digital Music Report 2013\"&nbsp;<span class=\"cs1-format\">(PDF)</span>.&nbsp;<em>IFPI.org</em><span class=\"reference-accessdate\">. Retrieved&nbsp;<span class=\"nowrap\">26 November</span>&nbsp;2013</span>.</cite></span></li>\n<li id=\"cite_note-75\"><span class=\"mw-cite-backlink\"><strong>^</strong></span>&nbsp;<span class=\"reference-text\"><cite class=\"citation web cs1\">\"<span class=\"cs1-kern-left\">\"</span>Есть наработки, они, сука, жуткие\": большое интервью Хаски, автора клипа \"Черным-черно<span class=\"cs1-kern-right\">\"</span>\".&nbsp;<em>The-Flow.ru</em>&nbsp;(in Russian)<span class=\"reference-accessdate\">. Retrieved&nbsp;<span class=\"nowrap\">24 May</span>&nbsp;2021</span>.</cite></span></li>\n</ol>\n</div>\n</div>",
 "remarks": "本词条内容来自https://zh.wikipedia.org/wiki/神游舞曲\n部分汉字内容译自 https://en.wikipedia.org/wiki/Trip_hop 由 @多频百科团队 翻译+编辑",
 "remarksEn": "本词条内容来自 https://en.wikipedia.org/wiki/Trip_hop",
 "status": 1,
 "clickNum": 19,
 "deleted": 0,
 "lang": 0,
 "chooseLang": true,
 "id": 121,
 "name": "Trip Hop",
 "descriptions": "Trip Hop（有时与“downtempo”同义）是一种音乐流派，起源于20世纪90年代初的英国，尤其是布里斯托尔。它被描述为“融合了嘻哈音乐和电子音乐，而两者最终都消融其中”。事实上其还融合了各种风格，包括funk、dub、soul、psychedelia、R&B，浩室音乐，以及其他形式的电子音乐，这使得Trip Hop可以极具实验性。",
 "originalName": "Downtempo",
 "startTimeText": "late 1980s – early 1990s, ",
 "startAddress": "Bristol, England",
 "searchStyle": "Downtempo",
 "styleCategory": "Downtempo",
 "originalStyle": "Electronica, hip hop, breakbeat, soul, house, dub, reggae, funk, jazz, R&B, ambient, psychedelia, minimal, alternative rock, lounge",
 "affectStyle": "",
 "deriveStyle": "Illbient, post-trip hop, IDM",
 "representArtist": "Janet Jackson, Kylie Minogue, Madonna, Björk, Gorillaz, Emancipator, Nine Inch Nails, Travis",
 "officialUrl": "https://en.wikipedia.org/wiki/Trip_hop",
 "typeId": 13,
 "typeName": "风格",
 "dataId": 121,
 "url": "http://dropinapp.hearinmusic.com/#/ency?typeId=13&dataId=121"
}