{
 "pageNum": 1,
 "pageSize": 10,
 "params": {},
 "relationChannel": "[{\"id\":1335,\"parentId\":8,\"name\":\"Trip Rock\"}]",
 "content": "<p>Trip rock是alternative rock的一种形式，它融合了Psychedelic rock、90年代末的electronica 和密集的dark sound。Trip rock的例子可以在Massive Attack的Mezzanine专辑（Angel - track）和the Gathering的If_then_else专辑（Analog Park - track）中找到。音乐中的Psychedelic元素大多来自Piper at the Gates of Dawn / A Sauceful of Secrets时代的Pink Floyd。</p>",
 "remarks": "本词条内容暂未完善仅供参考，多频百科小编正在火速赶来",
 "remarksEn": "本词条内容暂未完善仅供参考，多频百科小编正在火速赶来",
 "status": 0,
 "clickNum": 0,
 "deleted": 0,
 "lang": 0,
 "chooseLang": false,
 "id": 313,
 "name": "Trip Rock",
 "descriptions": "Trip rock是alternative rock的一种形式，它融合了Psychedelic rock、90年代末的electronica 和密集的dark sound。Trip rock的例子可以在Massive Attack的Mezzanine专辑（Angel - track）和the Gathering的If_then_else专辑（Analog Park - track）中找到。音乐中的Psychedelic元素大多来自Piper at the Gates of Dawn / A Sauceful of Secrets时代的Pink Floyd。",
 "originalName": "",
 "startTimeText": "",
 "startAddress": "",
 "searchStyle": "Electronic Rock",
 "styleCategory": "Electronic Rock",
 "originalStyle": "",
 "affectStyle": "",
 "deriveStyle": "",
 "representArtist": "The Gathering, Archive, Antimatter, Agua de Annique, The Soundbyte\n",
 "officialUrl": "https://www.last.fm/tag/trip-rock",
 "typeId": 13,
 "typeName": "风格",
 "dataId": 313,
 "url": "http://dropinapp.hearinmusic.com/#/ency?typeId=13&dataId=313"
}