{
 "pageNum": 1,
 "pageSize": 10,
 "params": {},
 "relationChannel": "[{\"id\":1378,\"parentId\":8,\"name\":\"Trival\"}]",
 "content": "<p>Tribal guarachero，又称Trival，是一种融合了电子舞曲和特定节奏的墨西哥地区音乐流派的音乐流派。</p>\n<p>&nbsp;</p>\n<p>Tribal guarachero有时也被称为 \"3ball\"。尽管西班牙语中的字母 \"b \"和 \"v \"很相似，但不应将其与tribal house或tecnocumbia音乐相混淆。</p>\n<p>&nbsp;</p>\n<p>历史</p>\n<p>2000年和2001年，这种风格起源于墨西哥城的中下层社区，2007年移至新莱昂州的蒙特雷，2008年移至美国。2010年代初，它在墨西哥裔美国人聚居的大都市和南部各州最受欢迎。tribal guarachero音乐制作人的前身之一，是最受欢迎的来自蒙特雷的3Ball MTY。</p>\n<p>&nbsp;</p>\n<p>特征</p>\n<p>tribal guarachero音乐融合了包括technobanda在内的墨西哥地方音乐和techno, electro house, club music等EDM流派。以4/4为时标，该流派通常由层叠的三连音和140至280的BPM组成。节奏采用了非洲-古巴节奏和拉丁合成器。</p>\n<p>&nbsp;</p>\n<p>使用方法 作为一种dance和EDM音乐风格，tribal guarachero音乐可以以独特的舞蹈动作用在独舞中，或在参加舞蹈比赛的舞蹈团中。墨西哥尖头靴通常与tribal guarachero音乐相关联，并在这些舞蹈比赛中穿着。</p>\n<div>\n<div class=\"document\">\n<p class=\"paragraph text-align-type-left pap-line-1.8 pap-line-rule-auto pap-spacing-before-0pt pap-spacing-after-0pt pap-left-indent-2em\">&nbsp;</p>\n</div>\n</div>",
 "remarks": "本词条内容暂未完善仅供参考，多频百科小编正在火速赶来",
 "remarksEn": "本词条内容暂未完善仅供参考，多频百科小编正在火速赶来",
 "status": 0,
 "clickNum": 2,
 "deleted": 0,
 "lang": 0,
 "chooseLang": false,
 "id": 365,
 "name": "Trival",
 "descriptions": "Tribal guarachero，又称Trival，是一种融合了电子舞曲和特定节奏的墨西哥地区音乐流派的音乐流派。",
 "originalName": "Tribal guarachero, trival, tribal, 3ball",
 "startTimeText": "Early 2000s in Latin America (mainly Mexico),",
 "startAddress": "Southern United States, heavily Latino/Hispanic populated regions of the United States",
 "searchStyle": "Electronica",
 "styleCategory": "Electronica",
 "originalStyle": "Mexican folk, cumbia, techno, electro house, club music",
 "affectStyle": "",
 "deriveStyle": "",
 "representArtist": "",
 "officialUrl": "https://en.wikipedia.org/wiki/Tribal_guarachero",
 "typeId": 13,
 "typeName": "风格",
 "dataId": 365,
 "url": "http://dropinapp.hearinmusic.com/#/ency?typeId=13&dataId=365"
}