{
 "pageNum": 1,
 "pageSize": 10,
 "params": {},
 "relationChannel": "[{\"id\":1136,\"parentId\":8,\"name\":\"Tropical House\"}]",
 "content": "<div class=\"document\">\n<p>Tropical House（热带浩室），又名Trop house，是Deep House的一个子流派 ，也结合了Dancehall和Balearic beat等的元素。这一流派的音乐人常常会参与到Tomorrowland等在夏季举办的音乐节中。Thomas Jack、Kygo、Matoma、Lost Frequencies、SeeB、Gryffin等音乐人为Tropical House的推广做出了贡献。</p>\n<p>&nbsp;</p>\n<p>&ldquo;Tropical House&rdquo;一词源于澳大利亚音乐制作人托马斯&middot;杰克（Thomas Jack）的一句玩笑，但随后这一说法逐渐在听众中流行起来。&ldquo;Trouse&rdquo;不应与此词混淆，那是一种使用电子合成器、结合Trance的感觉和渐进浩室的节拍的音乐流派。</p>\n<p class=\"paragraph text-align-type-left pap-line-1.8 pap-line-rule-auto pap-spacing-before-0pt pap-spacing-after-0pt\">&nbsp;</p>\n<p class=\"paragraph text-align-type-left pap-line-1.8 pap-line-rule-auto pap-spacing-before-0pt pap-spacing-after-0pt\"><strong>特征</strong></p>\n<p class=\"paragraph text-align-type-left pap-line-1.8 pap-line-rule-auto pap-spacing-before-0pt pap-spacing-after-0pt\">Tropical House是Deep House的子流派，而Deep House又是House的子流派。因此，它拥有浩室音乐的特征，包括合成器乐器和4/4拍的底鼓节奏。区别于深度浩室阴暗的听感，热带浩室往往听上去令人振奋而放松。热带浩室的节奏比深度浩室慢一点（100-115bpm）。与电子浩室等不同，热带浩室通常不使用Pumping这种压缩效果。它常常采用热带乐器，如钢鼓（英语：steel drum）、马林巴、吉他、萨克斯甚至长笛，有时也会用舞厅（英语：Dancehall）和雷鬼音乐中常用的Dembow（英语：Dembow）节奏。</p>\n<p class=\"paragraph text-align-type-left pap-line-1.8 pap-line-rule-auto pap-spacing-before-0pt pap-spacing-after-0pt\">&nbsp;</p>\n<p class=\"paragraph text-align-type-left pap-line-1.8 pap-line-rule-auto pap-spacing-before-0pt pap-spacing-after-0pt\"><strong>历史 </strong></p>\n<p class=\"paragraph text-align-type-left pap-line-1.8 pap-line-rule-auto pap-spacing-before-0pt pap-spacing-after-0pt\">在2000年代中期和后期，Bob Sinclar和Yves Larock创作了具有热带房屋许多特征的国际流行歌曲，它们从1980年代的Hi-NRG音乐中汲取了灵感，并与当时的其他电子类型（EDM）音乐形成鲜明对比。 2012年，独角兽小子（Unicorn Kid）创造了热带狂欢，这是一种更快的形式，后来被称为热带房屋。然而，直到2013年，随着Klangkarussell的&ldquo; Sun Do n't Shine&rdquo;和&ldquo; Kygo&rdquo;和&ldquo; Robin Schulz&rdquo;等制作人的出现，热带音乐屋成为一种舞蹈音乐潮流。在2014年至2015年期间，Lost Frequencies，Felix Jaehn，Alex Adair，Sam Feldt，Bakermat，Klingande和Faul＆Wad Ad等制作人将与热带大热门一起加入他们的行列。</p>\n<p class=\"paragraph text-align-type-left pap-line-1.8 pap-line-rule-auto pap-spacing-before-0pt pap-spacing-after-0pt\">&nbsp;</p>\n<p class=\"paragraph text-align-type-left pap-line-1.8 pap-line-rule-auto pap-spacing-before-0pt pap-spacing-after-0pt\">在2010年代中期，某些热带制作人与贾斯汀&middot;比伯（Justin Bieber）和Little Mix等艺术家合作。这使得该流派取得了巨大的商业成功，并产生了被称为&ldquo;Tropical Pop（热带流行）&rdquo;的相关歌单。</p>\n</div>",
 "contentEn": "<p><strong>Tropical house</strong>, also known as&nbsp;<strong>trop house</strong>,<sup id=\"cite_ref-:0_1-0\" class=\"reference\">[1]</sup>&nbsp;is a style of contemporary pop music, and a derivation of&nbsp;tropical music,<sup id=\"cite_ref-thissongissick_thomas_jack_presents_trop_house_vol3_2-0\" class=\"reference\">[2]</sup><sup id=\"cite_ref-edmexclusives_kygo_bringing_trop_house_3-0\" class=\"reference\">[3]</sup>&nbsp;with elements of&nbsp;dancehall&nbsp;and&nbsp;Balearic house.<sup id=\"cite_ref-spin_4-0\" class=\"reference\">[4]</sup>&nbsp;Artists of the genre are often featured at various summer festivals such as&nbsp;Tomorrowland.<sup id=\"cite_ref-casulin_interview_bakermat_2014_5-0\" class=\"reference\">[5]</sup>&nbsp;The genre was popularized by artists including&nbsp;Thomas Jack,&nbsp;Kygo,&nbsp;Matoma,&nbsp;Lost Frequencies,&nbsp;Seeb&nbsp;and&nbsp;Gryffin.<sup id=\"cite_ref-6\" class=\"reference\">[6]</sup></p>\n<p>The term \"Tropical House\" began as a joke by Australian producer&nbsp;Thomas Jack, but has since gone on to gain popularity among listeners.<sup id=\"cite_ref-thissongissick_thomas_jack_presents_trop_house_vol3_2-1\" class=\"reference\">[2]</sup>&nbsp;The term \"trouse\" should not be confused with tropical house, as \"trouse\" is a genre that instead combines the feeling of&nbsp;trance&nbsp;and the beats of&nbsp;progressive house, using electro synths.<sup id=\"cite_ref-miami_trouse_7-0\" class=\"reference\">[7]</sup></p>\n<h2>&nbsp;</h2>\n<h2><span id=\"History\" class=\"mw-headline\">History</span></h2>\n<p>In the mid and late 2000s,&nbsp;Bob Sinclar&nbsp;and&nbsp;Yves Larock&nbsp;created international hits which had many characteristics of tropical house, drawing inspiration from 1980's&nbsp;Hi-NRG&nbsp;music and in contrast with other sub-types of Electronic (\"EDM\") music of the time. In 2012, Unicorn Kid had created tropical rave, a faster form of the genre which would become known as tropical house. However, it was not until 2013 with&nbsp;Klangkarussell's \"Sun Don't Shine\" and the emergence of producers such as&nbsp;Kygo&nbsp;and&nbsp;Robin Schulz&nbsp;that tropical house became a dance music trend. During 2014 and 2015, producers such as&nbsp;Lost Frequencies,&nbsp;Felix Jaehn,&nbsp;Alex Adair,&nbsp;Sam Feldt,&nbsp;Bakermat,&nbsp;Klingande&nbsp;and&nbsp;Faul &amp; Wad Ad&nbsp;would join them with big tropical house hits.<sup id=\"cite_ref-:0_1-1\" class=\"reference\">[1]</sup><sup id=\"cite_ref-GQ_8-0\" class=\"reference\">[8]</sup>&nbsp;During the mid 2010s, certain tropical house producers would team up with artists such as&nbsp;Justin Bieber&nbsp;and&nbsp;Little Mix. This helped the genre achieve massive commercial success and gave rise to the playlist term of 'tropical pop'.<sup id=\"cite_ref-9\" class=\"reference\">[9]</sup><sup id=\"cite_ref-10\" class=\"reference\">[10]</sup></p>\n<h2>&nbsp;</h2>\n<h2><span id=\"Characteristics\" class=\"mw-headline\">Characteristics</span></h2>\n<p>Tropical house is a derivation of&nbsp;deep house, and a subgenre of&nbsp;house music. Thus, it possesses typical house music characteristics, including&nbsp;synthesizer&nbsp;instrumentation, and a&nbsp;4/4&nbsp;kick drum&nbsp;pattern.<sup id=\"cite_ref-:0_1-2\" class=\"reference\">[1]</sup>&nbsp;Tropical house differentiates itself from deep house, which can often have a very dark sound, whereas tropical house can be described as having a more uplifting and relaxing sound.<sup id=\"cite_ref-11\" class=\"reference\">[11]</sup>&nbsp;The tempo of tropical house songs is a little slower than deep house (100-115 bpm). Tropical house does not use the pumping compression effect of \"big room\"&nbsp;electro house. It usually includes tropical instruments such as&nbsp;steel drums,&nbsp;marimba,&nbsp;guitar,&nbsp;saxophone&nbsp;or even&nbsp;pan flute, and can sometimes use&nbsp;dembow&nbsp;rhythm patterns often attributed to genres such as&nbsp;dancehall&nbsp;and&nbsp;reggaeton.<sup id=\"cite_ref-:0_1-3\" class=\"reference\">[1]</sup><sup id=\"cite_ref-spin_4-1\" class=\"reference\">[4]</sup><sup id=\"cite_ref-GQ_8-1\" class=\"reference\">[8]</sup></p>\n<h2>&nbsp;</h2>\n<h2><span id=\"References\" class=\"mw-headline\">References</span></h2>\n<div class=\"reflist\">\n<div class=\"mw-references-wrap mw-references-columns\">\n<ol class=\"references\">\n<li id=\"cite_note-:0-1\"><span class=\"mw-cite-backlink\">^&nbsp;<span class=\"cite-accessibility-label\">Jump up to:</span><sup><em><strong>a</strong></em></sup>&nbsp;<sup><em><strong>b</strong></em></sup>&nbsp;<sup><em><strong>c</strong></em></sup>&nbsp;<sup><em><strong>d</strong></em></sup></span>&nbsp;<span class=\"reference-text\"><cite id=\"CITEREFShah\" class=\"citation web cs1\">Shah, Neil.&nbsp;\"A Beginner's Guide to Tropical House, the Breakout Music Genre of 2015\".&nbsp;<em>WSJ</em><span class=\"reference-accessdate\">. Retrieved&nbsp;<span class=\"nowrap\">2016-05-07</span></span>.</cite></span></li>\n<li id=\"cite_note-thissongissick_thomas_jack_presents_trop_house_vol3-2\"><span class=\"mw-cite-backlink\">^&nbsp;<span class=\"cite-accessibility-label\">Jump up to:</span><sup><em><strong>a</strong></em></sup>&nbsp;<sup><em><strong>b</strong></em></sup></span>&nbsp;<span class=\"reference-text\"><cite id=\"CITEREFGuarino2014\" class=\"citation web cs1\">Guarino, Nick (19 May 2014).&nbsp;\"World Premiere: Thomas Jack Presents Tropical House Vol. 3 Bakermat Guest Mix + Exclusive Interview\".&nbsp;<em>Thissongissick</em><span class=\"reference-accessdate\">. Retrieved&nbsp;<span class=\"nowrap\">2 January</span>&nbsp;2015</span>.</cite></span></li>\n<li id=\"cite_note-edmexclusives_kygo_bringing_trop_house-3\"><span class=\"mw-cite-backlink\"><strong>^</strong></span>&nbsp;<span class=\"reference-text\"><cite class=\"citation web cs1\">\"Kygo &ndash; Bringing Tropical House to Center Stage\".&nbsp;<em>EDM Exclusives</em>. 3 December 2014. Archived from&nbsp;the original&nbsp;on 4 January 2015<span class=\"reference-accessdate\">. Retrieved&nbsp;<span class=\"nowrap\">2 January</span>&nbsp;2015</span>.</cite></span></li>\n<li id=\"cite_note-spin-4\"><span class=\"mw-cite-backlink\">^&nbsp;<span class=\"cite-accessibility-label\">Jump up to:</span><sup><em><strong>a</strong></em></sup>&nbsp;<sup><em><strong>b</strong></em></sup></span>&nbsp;<span class=\"reference-text\"><cite class=\"citation web cs1\">\"Rihanna Was Making 'Tropical House' Before Justin Bieber &mdash; It's Called Dancehall\". 27 January 2016.</cite></span></li>\n<li id=\"cite_note-casulin_interview_bakermat_2014-5\"><span class=\"mw-cite-backlink\"><strong>^</strong></span>&nbsp;<span class=\"reference-text\"><cite id=\"CITEREFBenrubi2014\" class=\"citation web cs1\">Benrubi, William (3 September 2014).&nbsp;\"Interview: Melodic House DJ/Producer Bakermat Talks Jazz, Soul, &amp; What He's Got Planned on the Horizon\".&nbsp;<em>Casulin</em><span class=\"reference-accessdate\">. Retrieved&nbsp;<span class=\"nowrap\">2 January</span>&nbsp;2015</span>.</cite></span></li>\n<li id=\"cite_note-6\"><span class=\"mw-cite-backlink\"><strong>^</strong></span>&nbsp;<span class=\"reference-text\"><cite id=\"CITEREFOrlov2016\" class=\"citation web cs1\">Orlov, Piotr (26 May 2016).&nbsp;\"Kygo on Birth of Tropical House, Billy Joel Fandom\".</cite></span></li>\n<li id=\"cite_note-miami_trouse-7\"><span class=\"mw-cite-backlink\"><strong>^</strong></span>&nbsp;<span class=\"reference-text\"><cite class=\"citation web cs1\">\"The Future Is Trouse\".&nbsp;<em>Miami Music Week</em>. 27 February 2013. Archived from&nbsp;the original&nbsp;on 1 January 2015<span class=\"reference-accessdate\">. Retrieved&nbsp;<span class=\"nowrap\">2 January</span>&nbsp;2015</span>.</cite></span></li>\n<li id=\"cite_note-GQ-8\"><span class=\"mw-cite-backlink\">^&nbsp;<span class=\"cite-accessibility-label\">Jump up to:</span><sup><em><strong>a</strong></em></sup>&nbsp;<sup><em><strong>b</strong></em></sup></span>&nbsp;<span class=\"reference-text\"><cite class=\"citation web cs1\">\"What the hell is tropical house?\".</cite></span></li>\n<li id=\"cite_note-9\"><span class=\"mw-cite-backlink\"><strong>^</strong></span>&nbsp;<span class=\"reference-text\"><cite class=\"citation web cs1\">\"How Justin Bieber, OMI and More Helped Tropical House Heat Up in 2015\".&nbsp;<em>Billboard</em>.</cite></span></li>\n<li id=\"cite_note-10\"><span class=\"mw-cite-backlink\"><strong>^</strong></span>&nbsp;<span class=\"reference-text\"><cite class=\"citation web cs1\">\"Tropical Pop\".&nbsp;<em>www.universalproductionmusic.com</em>.</cite></span></li>\n<li id=\"cite_note-11\"><span class=\"mw-cite-backlink\"><strong>^</strong></span>&nbsp;<span class=\"reference-text\"><cite class=\"citation web cs1\">\"Tropical House Is Hot Now, But Will It Last?\".</cite></span></li>\n</ol>\n</div>\n</div>",
 "remarks": "本词条汉字内容由 @多频百科团队 翻译+编辑\n原文译自 https://en.wikipedia.org/wiki/Tropical_house",
 "remarksEn": "本词条内容来自 https://en.wikipedia.org/wiki/Tropical_house",
 "status": 1,
 "clickNum": 276,
 "deleted": 0,
 "lang": 0,
 "chooseLang": true,
 "id": 86,
 "name": "Tropical House",
 "descriptions": "Tropical House（热带浩室），又名Trop house，是Deep House的一个子流派 ，也结合了Dancehall和Balearic beat等的元素。这一流派的音乐人常常会参与到明日世界等在夏季举办的音乐节中。Thomas Jack、Kygo、Matoma、Lost Frequencies、SeeB、Gryffin等音乐人为热带浩室的推广做出了贡献。",
 "originalName": "",
 "startTimeText": "2000s",
 "startAddress": "Northwestern Europe",
 "searchStyle": "House",
 "styleCategory": "House",
 "originalStyle": "Deep house, house, dancehall, Balearic beat, reggae fusion",
 "affectStyle": "",
 "deriveStyle": "",
 "representArtist": "",
 "officialUrl": "https://en.wikipedia.org/wiki/Tropical_house",
 "typeId": 13,
 "typeName": "风格",
 "dataId": 86,
 "url": "http://dropinapp.hearinmusic.com/#/ency?typeId=13&dataId=86"
}