{
 "pageNum": 1,
 "pageSize": 10,
 "params": {},
 "relationChannel": "[{\"id\":630,\"parentId\":8,\"name\":\"Turntablism\"}]",
 "content": "<div class=\"document\">\n<p>Turntablism（唱盘主义、搓碟、打碟）是一门处理声音并创建新音乐，音效，混音以及其他创意声音和节拍的艺术，通常是通过使用两个或多个唱片转盘（唱机）以及配备交叉推子的DJ混音器来进行的。调音台已插入用于现场活动和/或广播设备的PA系统（如果DJ正在广播，电视或Internet广播中表演），以便更广泛的听众可以听到转盘师的音乐。转盘师通过用手移动唱片，将触控笔提示到唱片上的准确点，并通过触摸或移动唱盘或唱片来停止、减慢、加快或、倒转唱片，或前后移动转盘唱盘（流行的有节奏的 \"刮擦 \"效果，这是嘻哈音乐的关键部分），同时使用DJ调音台的交叉推子控制和调音台的增益和均衡控制来调整每个转盘的声音和电平。Turntablists通常使用两个或更多的转盘和耳机，在不同的唱片上提示所需的起始点（Greasley＆Prior，2013）。</p>\n<p>&nbsp;</p>\n<p style=\"text-align: center;\"><img src=\"https://duopin-community.oss-cn-shenzhen.aliyuncs.com/gxmdly25ftnb6wb9utzh.jpg\" alt=\"\" width=\"1280\" height=\"568\" /></p>\n<p style=\"text-align: center;\"><span style=\"font-size: 8pt;\">一套黑胶DJ转盘唱机系统，由左右两个唱片转盘和中间的混音器组成</span></p>\n<p style=\"text-align: center;\"><span style=\"font-size: 8pt;\">By Baskoner - Own work, CC BY 3.0, https://commons.wikimedia.org/w/index.php?curid=10363479</span></p>\n<p>&nbsp;</p>\n<p>Turntablists，通常被称为DJ（或&ldquo;节目播音员&rdquo;）的唱盘音乐表演者通常更喜欢直接驱动转盘而不是皮带驱动或其他类型的转盘，因为皮带可能会因&ldquo;刮擦&rdquo;和其他转盘操作（例如减慢记录速度）而被拉紧或损坏，而直接驱动转盘可以停止，放慢或反向旋转而不会损坏电机。 Turntablist一词由Luis&ldquo; DJ Disk&rdquo; Quintanilla（Primus，Herbie Hancock，Invisibl Skratch Piklz）提出。在与Disk通话之后，DJ Babu于1995年对其进行了推广，它描述了简单地播放和混合唱片的DJ与通过物理操作唱片，手写笔，转盘，转盘速度控制装置和演奏的DJ之间的区别。这个新名词与1990年代嘻哈DJ的复兴不谋而合。</p>\n<p>&nbsp;</p>\n<p>约翰&middot;奥斯瓦尔德（John Oswald）对这种艺术进行了描述：&ldquo;在&ldquo;嘻哈/刮擦&rdquo;艺术家手中的留声机，该留声机像电搓板一样播放唱片，并用留声机的拨针作为拨片，产生了独特的、不可复制的声音--留声机变成了一种乐器。&rdquo; 一些转盘歌手使用转盘技术，例如节拍混合/匹配，刮擦和节拍杂耍。有的转盘演奏家试图让自己被认可为能够与其他表演者互动和即兴演奏的传统音乐家。根据DJ选择的唱片和曲目以及他们的转盘风格（如嘻哈音乐），转盘师可以创造出节奏伴奏，打击乐，低音线或节拍声，环境的&ldquo;pads&rdquo;，突然触发的短促和弦或交织的旋律线。</p>\n<p>&nbsp;</p>\n<p><strong>历史</strong></p>\n<p><span style=\"text-decoration: underline;\">先驱</span></p>\n<p>转盘唱机作为乐器的使用可以追溯到 1930 年代、1940 年代和 1950 年代，当时具象音乐作曲家对音频设备进行了实验。实验作曲家（如 John Cage、Halim El-Dabh 和 Pierre Schaeffer）使用它们来采样和创作完全由转盘制作的音乐。 Cage's Imaginary Landscape No. 1 (1939) 由两个变速转盘、频率录音、静音钢琴和钹组成。 Edgard Var&egrave;se 早在 1930 年就尝试过转盘，尽管他从未正式使用它们制作过任何作品。尽管这种思想和实践流派与 1970 年代至 2010 年嘻哈和 DJ 文化中转盘主义的定义没有直接联系，但它对现代实验声音/艺术家产生了影响，例如 Christian Marclay、Janek Schaefer、Otomo Yoshihide、Philip Jeck ，和玛丽亚查韦斯。然而，今天众所周知的转盘音乐直到 1970 年代嘻哈音乐的出现才出现。</p>\n<p>&nbsp;</p>\n<p>转盘音效的例子也可以在 1960 年代和 1970 年代制作的流行唱片中找到。这在 1960 年代的牙买加配音音乐中最为突出，在牙买加音响系统文化的 DJ 中。 Dub 音乐引入了混合和刮擦黑胶的技术，牙买加移民在 1970 年代初期将这种技术引入了美国嘻哈文化。 除了配音音乐，Creedence Clearwater Revival 1968 年的同名首张专辑在歌曲&ldquo;Walk on the Water&rdquo;中加入了倒旋（Backspin）效果。</p>\n<p>&nbsp;</p>\n<p><span style=\"text-decoration: underline;\">直接驱动式转盘唱机</span></p>\n<p>转盘主义起源于直接驱动转盘的发明。早期的皮带驱动转盘不适合转盘，因为它们的启动时间很慢，并且容易磨损和破损，因为皮带会因回旋或刮伤而断裂。第一个直接驱动转盘是由日本大阪的松下（现为松下） 的工程师 Shuichi Obata 发明的。它取消了皮带，取而代之的是使用电机直接驱动黑胶唱片所在的盘片。1969 年，Matsushita 将其作为 SP-10 发布，是市场上的第一款直接驱动转盘，以及他们有影响力的 Technics 系列转盘中的第一款。1971 年，松下发布了 Technics SL-1100。由于其强大的动力、耐用性和保真度，它被早期的嘻哈艺术家所采用。</p>\n<p>&nbsp;</p>\n<p>唱盘乐的先驱是 DJ Kool Herc，他是从牙买加到纽约市的移民。他从牙买加配音音乐中引入了转盘技术，同时开发了由 Technics SL-1100 的直接驱动转盘技术实现的新技术，他将其用于他移民到纽约后建立的第一个音响系统。他开发的标志性技术是在两个转盘上交替播放同一唱片的两份副本，以扩展 b-dancers 最喜欢的音乐部分，他在两者之间来回切换，使原本的间奏可以循环到有节奏的节拍。</p>\n<p>&nbsp;</p>\n<p>最具影响力的转盘是 Technics SL-1200，由松下修一带领的团队于 1971 年开发，然后于 1972 年将其投放市场。它在 1970 年代被 Grand Wizard Theodore 和 Afrika Bambaataa 等纽约市嘻哈 DJ 采用。当他们对 SL-1200 唱盘进行试验时，他们发现即使 DJ 在转盘上来回摆动唱片，电机仍会继续以正确的 RPM 旋转时，由此们开发了搓碟（Scratch）技术。从那时起，唱盘主义在嘻哈文化中广泛传播，在接下来的几十年里，SL-1200 仍然是 DJ 文化中使用最广泛的唱盘。</p>\n<p>&nbsp;</p>\n<p><span style=\"text-decoration: underline;\">嘻哈</span></p>\n<p>转盘主义作为一种现代艺术形式和音乐实践，其根源在于 1970 年代后期的非裔美国内城嘻哈音乐。 Kool Herc（移民到纽约市的牙买加 DJ）、Afrika Bambaataa 和 Grandmaster Flash 被广泛认为巩固了 DJ 作为嘻哈最重要的乐器演奏家的地位。Kool Herc 发明的 Break-beat DJing 通常被认为是嘻哈历史的基础发展，因为它催生了该流派的所有其他元素。他对&ldquo;DJ 作为唱盘手&rdquo;这一概念的影响同样深远。</p>\n<p>&nbsp;</p>\n<p>要理解这一成就的意义，首先要定义&ldquo;Break&rdquo;。简而言之，歌曲的&ldquo;Break&rdquo;是长度可能只有几秒的音乐片段，通常采用&ldquo;间奏&rdquo;的形式出现，在&ldquo;Break&rdquo;时除了打击乐之外，所有或大部分的音乐内容都停止。Kool Herc 引入了Break-beat技术作为无限延长Break时间的一种方式。这是通过购买两条相同的唱片，找到每条唱片上的Break的时间点，然后使用 DJ 混音器从一个切换到另一个来完成的：例如，在播放唱片 A 时，DJ 迅速回放到唱片 B 上的相同的Break的起始点，从而在观众不会注意到 DJ 切换唱片的特定时刻用B再次来取代 A，实现同一个Break片段的循环播放。使用这个想法，Grandmaster Flash 详细阐述了 Kool Herc 的 Break-beat DJing 的发明，并提出了快速混音理论，其中 Flash 像时钟一样分割了唱片的一部分。他将其描述为&ldquo;......就像切割，倒退和重来。&rdquo;</p>\n<p>&nbsp;</p>\n<p>Kool Herc 的革命性技术以重要的方式为转盘作为一种艺术形式的发展奠定了基础。然而，最重要的是，他开发了一种新的 DJ 形式，它不仅仅包括一个接一个地播放和混合唱片。擅长混音的 DJ 类型因其自身的独特技能而备受​​推崇，但顺应播放列表混音仍然是传统意义上的 DJ表演形式。相反，库尔&middot;赫克 (Kool Herc) 提出了为自己的目的创建音乐序列的想法，将 DJ 的想法引入派对的&ldquo;特色&rdquo;，其在任何一个晚上的表演都将与另一个晚上不同，因为音乐将由DJ，将一首歌曲的低音与另一首歌曲的节拍混合在一起（Greasley &amp; Prior，2013）。 DJ 将在技术和娱乐层面受到人群的严格审查。</p>\n<p>&nbsp;</p>\n<p>Grand Wizzard Theodore是 Flash 的学徒，他意外地发现了最为知名的转盘主义技术：搓碟（Scratching）。有一天他把手放在唱片上，为了让转盘上的音乐安静下来，而他的母亲正在呼唤他，因此无意中发现了在唱针下来回移动唱片的刮擦声。尽管西奥多发现了搓碟技术，但 Flash 帮助推动了早期的概念并将其展示给公众，在他的现场表演和录音中。 DJ Grand Mixer DXT 也被认为通过在一个或多个转盘（通常是两个）上练习有节奏的搓碟，使用不同的速度来改变录音中音符或声音的音高（Alberts 2002），从而进一步推广了搓碟的概念。DXT 出现在 Herbie Hancock 的热门歌曲&ldquo;Rockit&rdquo;中（作为 DST）。这些早期的先驱巩固了后来成为新兴唱盘艺术形式的基本实践。 Scratching 在 1980 年代成为嘻哈音乐的主要内容，被制作人和 DJ 在唱片和现场表演中使用。到 1980 年代末，在唱片上听到搓碟声是很常见的，通常作为曲目合唱的一部分或在其制作中。</p>\n<p>&nbsp;</p>\n<p>在舞台上，DJ 会为 MC 提供押韵和说唱的音乐，在表演期间刮擦唱片并展示其技能以及 MC 的口头技巧。 MC 和 DJ 的这种&ldquo;等式&rdquo;最著名的例子可能是 Run-D.M.C.他们由两名 MC 和一名 DJ 组成。 DJ Jam Master Jay 是乐队不可或缺的一部分，因为他的唱盘能力对 Run DMC 的制作和表演至关重要。当 Flash 和 Bambaataa 使用唱盘来探索重复、改变节奏并创造乐器的刺戳和打击乐句来表征嘻哈的声音时，Grandmaster DST 正忙于在他们自己的领域中切割&ldquo;真正的&rdquo;音乐。他在 Herbie Hancock 1983 年的单曲&ldquo;Rockit&rdquo;中的搓碟使它成为其中最具影响力的 DJ 曲目&mdash;&mdash;甚至超过（Grandmaster Flash 的）&ldquo;Wheels of Steel&rdquo;，它使 DJ 成为唱片的明星，即使他不是主唱。与&ldquo;Rockit&rdquo;相比，West Street Mob 的&ldquo;Break Dancin' &ndash; Electric Boogie&rdquo;（1983）是朋克的否定。然而，与&ldquo;Break Dancin'&rdquo;一样伟大的是，它突出了搓碟的有限音调范围，在 Code Money 的 DJ Brethren 从 Philadelp 出现之前，它有可能成为像Beatbox一样短暂的时尚。</p>\n<p>&nbsp;</p>\n<p style=\"text-align: center;\"><img src=\"https://duopin-community.oss-cn-shenzhen.aliyuncs.com/jjf61xqtdkmklmdgq7pn.jpg\" alt=\"\" width=\"1426\" height=\"1080\" /></p>\n<p style=\"text-align: center;\"><span style=\"font-size: 8pt;\">DJ Jazzy Jeff</span></p>\n<p style=\"text-align: center;\"><span style=\"font-size: 8pt;\">By Neil Rickards from London, England - DSC01112, CC BY 2.0, https://commons.wikimedia.org/w/index.php?curid=4129837</span></p>\n<p>&nbsp;</p>\n<p>尽管纽约在嘻哈世界中一直处于领先地位，但在距离费城不到 100 英里的地方，搓碟 DJ 被进行了现代化改造，在那里，通过发明变压器搓碟创造了 DJ 回归的氛围。由 DJ Spinbad、DJ Cash Money 和 DJ Jazzy Jeff 开发，转换基本上是点击推子打开和关闭，同时在唱针上移动一段声音（即兴演奏或简短的口头短语）。扩展了搓碟的音调和节奏可能性，变压器搓碟体现了嘻哈文化的切碎美学。嘻哈开始成为热点，个人崇拜开始收到推崇。嘻哈音乐开始非常围绕说唱歌手为中心，而 Cash Money 和 DJ Jazzy Jeff 可能只会在专辑中获得一首曲目&mdash;&mdash;例如，DJ Jazzy Jeff 的&ldquo;A Touch of Jazz&rdquo;（1987）和&ldquo;Jazzy's in the House&rdquo;（ 1988 年）和 Cash Money 的&ldquo;音乐制作者&rdquo;（1988 年）。这一时期的其他重要 DJ 曲目包括 Tuff Crew 的 DJ Too Tuff 的&ldquo;Behold the Detonator&rdquo;&ldquo;Soul Food&rdquo;（均为 1989 年）和 Gang Starr 的&ldquo;DJ Premier in Deep Concentration&rdquo;（1989 年）。</p>\n<p>&nbsp;</p>\n<p><span style=\"text-decoration: underline;\">DJ在嘻哈音乐中的地位的消退</span></p>\n<p>唱盘手的出现和唱盘乐的诞生是由一个主要因素促成的&mdash;&mdash;在 1990 年代之交，DJ 在嘻哈乐队、唱片和现场表演中的角色消失或淡化。这种消失在书籍和纪录片中得到了广泛的记录（其中包括 Black Noise 和 Scratch：The Movie），并且与 DAT 磁带和其他录音室技术的使用增加有关，最终将 DJ 推离原始嘻哈音乐的场景&mdash;&mdash;MC 作为歌手，DJ 作为音乐提供者和制作人的模式。 这种风潮推动和地位的消失意味着 DJ 的实践，例如搓碟，将回到地下，并由一代与嘻哈、DJ 和搓碟文化一起长大的人们再次培养和建立。到 20 世纪 90 年代中期，DJ 在嘻哈音乐中的消失创造了一种亚文化，这种文化就是Turntablism（唱盘主义），完全专注于 DJ 使用他的转盘和混音器来操纵声音和创作音乐。而嘻哈因为通过推动 DJ 在其场景中实践的消退，也为唱盘主义亚文化的发展创造了基础（Greasley &amp; Prior，2013）。</p>\n<p>&nbsp;</p>\n<p><span style=\"text-decoration: underline;\">术语发展</span></p>\n<p>turntablist 和 turntablism 这两个术语的起源受到广泛争议和争论，但多年来，各种纪录片（Battlesounds、Doug Pray's Scratch）、书籍（DJ 文化）、会议（Skratchcon 2000）和在线采访已经确立了一些事实。这些事实是，这些词的起源很可能来自美国西海岸以旧金山湾区为中心的从业者。一些人声称 Invisibl Skratch Piklz 的成员 DJ Disk 是第一个创造这个词的人，另一些人声称 Beat Junkies 的成员 DJ Babu 在他的混音带上写下这个词后，负责创造和传播这个词并传递它们。另一项声明归功于 DJ Supreme，1991 年世界冠军和 Lauryn Hill 的 DJ。真相很可能介于所有这些事实之间。</p>\n<p>&nbsp;</p>\n<p>在 2005 年接受 Spin Science 在线资源的采访时，DJ Babu 补充了以下关于该术语的诞生和传播的评论：</p>\n<p>&nbsp;</p>\n<p style=\"padding-left: 30px;\"><em>那是在 95 年左右，我非常投入到整个领域的斗争中，不断地在工作站上工作，掌握新技术和搓碟&hellip;&hellip;[我]制作了这张名为&ldquo;Comprehesion&rdquo;的混音带，还有一首名为&ldquo;Turntablism&rdquo;的曲目精选 ，和 Melo-D 和 D-Styles合作。这就是关于唱盘列表的全部内容的一部分。这是所有这些新技术都出现的时候，比如照明弹和其他东西，在加利福尼亚州弗里斯科和洛杉矶之间可能有大约 20 人知道这些。所以我们研究它们，谈论它并讨论这些技术和新的搓碟方法给我们的想法。</em></p>\n<p>&nbsp;</p>\n<p><span style=\"text-decoration: underline;\">1990年代中晚期</span></p>\n<p>到 1990 年代中后期，术语&ldquo;唱盘主义&rdquo;和&ldquo;唱盘演奏者&rdquo;已经确立并被接受来定义使用唱盘和混音器来创建或操纵声音和音乐的实践和实践者。 这可以通过刮擦唱片或通过击鼓、循环或节拍杂耍来操纵唱片上的节奏来完成。 1990 年代的十年在塑造唱盘艺术形式和文化方面也很重要，因为它见证了先锋艺术家（Mix Master Mike、DJ Q-Bert、DJ Quest、DJ Krush、A-Trak、Ricci Rucker、Mike Boo、 Pumpin' Pete、Prime Cuts）和工作人员（Invisibl Skratch Piklz、Beat Junkies、The Allies、X-Ecutioners）、唱片公司（Asphodel）、DJ Battles（DMC）以及刮擦和其他转盘练习的演变，例如 Beat Juggling 可在 IDA（国际 DJ 协会/ITF）世界总决赛中观看。</p>\n<p>&nbsp;</p>\n<p><span style=\"text-decoration: underline;\">技术</span></p>\n<p>在那十年中，开发了更复杂的搓碟方法，独立 DJ 或组合专注于对唱片的处理，同时对混音器上的交叉推子进行处理，以创建具有各种声音的新节奏和声音伪像。从相当简单的声音和简单的节奏韵律演变为更复杂的声音和更复杂的节奏模式，使练习者能够进一步发展在音乐上可以做什么。这些新的搓碟方式都有名字，从Flare到Crab或Orbit，并随着 DJ 互相教导、一起练习或只是向其他 DJ 展示他们的新技术而传播开来。除了搓碟的演变外，其他练习，如Drumming（击鼓或刮鼓）和Beat Juggling（节拍杂耍）也在 1990 年代得到了显着发展。</p>\n<p>&nbsp;</p>\n<p>Beat juggling 是由 X-Men（后来更名为 X-Ecutioners）的成员史蒂夫&middot;迪发明的。Beat Juggling基本上涉及通过混音器在两个不同的转盘上操纵两个相同或不同的鼓模式以创建新的模式。一个简单的例子是使用相同鼓模式的两个副本，通过加倍军鼓、切分鼓底、为现有模式添加节奏和变化来改进模式。从 Steve Dee 在 1990 年代初在 DJ 比赛中展示的这个概念开始，Beat Juggling 在整个十年中不断发展，直到它结束时，它已经成为一种复杂的技术，可以从现有的&ldquo;节拍&rdquo;和节奏中创造出全新的&ldquo;节拍&rdquo;和节奏, 预先录制的 (van Veen &amp; Attias, 2012)。这些现在不仅限于使用鼓模式，还可以包含其他声音&mdash;&mdash;最终目的是从预先录制的现有节奏中创造出新的节奏。虽然Beat Juggling不像搓碟那样流行，因为它需要更苛刻的节奏知识，但事实证明，它在 DJ Battle和某些作曲情况下很受欢迎（van Veen &amp; Attias，2012）。</p>\n<p>&nbsp;</p>\n<p><span style=\"text-decoration: underline;\">研究</span></p>\n<p>最早的唱盘主义学术研究之一（White 1996）主张将其指定为合法的电子乐器&mdash;&mdash;手动模拟采样器&mdash;&mdash;并描述了转盘技术，如Backspinning（倒转）、Cutting（切割）、Scratching（搓碟）和Mixing（混音），作为大多数嘻哈 DJ 的基本技术。 怀特的研究表明，熟练的嘻哈 DJ 必须具备与受过训练的音乐家所需的技能类似的技能，不仅限于时间感、手眼协调、技术能力和音乐创造力。 到 2000 年，唱盘乐和唱盘乐手已经在主流和嘻哈中被广泛宣传和接受，成为有效的艺术。 通过这种认识，进一步进化。</p>\n<p>&nbsp;</p>\n<p><span style=\"text-decoration: underline;\">进化</span></p>\n<p>这种演变采取了多种形式和形式：有些人继续专注于艺术形式的基础及其与嘻哈文化的原始联系，有些人利用他们作为唱盘手学到的技能并将其融入到他们的作品中，成为制作人，有些人则更加专注在艺术形式的 DJ 方面，将唱盘手技能与俱乐部 DJ 的商标技能相结合，而其他人则探索了将唱盘用作乐器或制作工具的替代途径，仅用于制作音乐的目的&mdash;&mdash;要么单独使用唱盘，要么通过将其与鼓机、采样器、计算机软件等工具一起纳入制作过程。数字唱盘技术后来被创造为一个称为控制主义的术语，它激发了新数字 DJ 的运动，如 DJ Buddy Holly 和 Moldover。 DJ Buddy 和 Moldover 继续创作了一首名为&ldquo;Controllerism&rdquo;的歌曲，向数字模拟唱盘的声音致敬。</p>\n<p>&nbsp;</p>\n<p style=\"text-align: center;\"><img src=\"https://duopin-community.oss-cn-shenzhen.aliyuncs.com/3ffercei0yjcvpa1bwhm.jpg\" alt=\"\" width=\"960\" height=\"720\" /></p>\n<p style=\"text-align: center;\"><span style=\"font-size: 8pt;\">DJ Aron Scott在使用数字DJ工作站</span></p>\n<p style=\"text-align: center;\"><span style=\"font-size: 8pt;\">By Aronscottmusic - Own work, CC BY-SA 3.0, https://commons.wikimedia.org/w/index.php?curid=29553138</span></p>\n<p>&nbsp;</p>\n<p>新的 DJ、唱盘手和工作人员都需要像 Kool DJ Herc、Grand Wizard Theodore、Grandmixer DST、Grandmaster Flash 和 Afrika Bambaataa 等老派 DJ 先锋，还有 DJ Jazzy Jeff、DJ Cash Money、DJ Scratch、DJ Clark Kent ，以及嘻哈黄金时代的其他 DJ致敬，他们最初开发了许多演变成现代唱盘乐的概念和技术。在嘻哈领域，著名的现代唱盘手之一是 DJ Shadow，他影响了 Diplo 和 RJD2 等，和实验 DJ Spooky，他的 Optometry 专辑表明唱盘手可以完美地适合爵士乐环境。 Mix Master Mike 是有影响力的唱盘乐队 Invisibl Skratch Piklz（1989 年以 Shadow of the Prophet 开始）的创始成员，后来是 Beastie Boys 的 DJ。 Cut Chemist、DJ Nu-Mark 和 Kid Koala 也被称为作为唱​​盘大师。</p>\n<p>&nbsp;</p>\n<p><strong>技巧</strong></p>\n<p><span style=\"text-decoration: underline;\">Chopped and Screwed</span></p>\n<p>被称为Chopped and Screwed的技术从 1990 年代在美国南部开始并在 2000 年代蓬勃发展，成为一种重要且流行的唱盘乐形式。其通常使用更多种类的黑胶模拟软件而不是普通的转盘唱机，&ldquo;Chopped and Screwed&rdquo;从以前的转盘标准中脱颖而出，它降低了音高和节奏（&ldquo;Screwed&rdquo;）以及切分节拍跳跃（&ldquo;Chopped&rdquo;），其中声音处理的其他附加效果。</p>\n<p>&nbsp;</p>\n<p>得克萨斯州的 DJ Screw 开创了Chopped and Screwe的艺术，并创造了&ldquo;Chopped and Screwe&rdquo;这个短语，将原始的当代热门唱片以&ldquo;Chopped and Screwe&rdquo;的艺术形式重新创作。这获得了非常多的追随者，最终为小型独立说唱唱片公司获得可观的利润铺平了道路。然而，许多人认为 DJ Michael Price 在 DJ Screw 时代之前就开始放慢黑胶唱片的录制速度。</p>\n<p>&nbsp;</p>\n<p>这种形式的唱盘转盘通常应用于以前的录音室录音（以自定义混音带的形式）并且在现场表演中并不突出，它通过扭曲歌手的声音来弱化说唱歌手、歌手或其他歌手的角色连同录音的其余部分（van Veen &amp; Attias，2012 年）。可以说，这种对原始录音的失真和听觉效果的组合为 DJ 提供了比以前形式的转盘更大的即兴创作自由。通过 ChopNotSlop 运动，&ldquo;Chopped and Screwed&rdquo;也被应用到 R&amp;B 和摇滚音乐等其他音乐流派中，从而超越了它在嘻哈流派中的根源。</p>\n<p>&nbsp;</p>\n<p><span style=\"text-decoration: underline;\">Flare</span></p>\n<p>Flare 是唱盘乐手使用的一种搓碟技术。它由手动移动转盘上的唱片和交叉渐变器的快速移动相结合而成。Flare 是由它的同名 DJ Flare 在 1987 年发明的。 这种搓碟技术在某些方面很像&ldquo;Transform&rdquo;，只是不是从被切断的声音开始，而是从声音开始并专注于切割通过将交叉渐变器推子从推子插槽的切出侧弹回，使声音切出，然后在一瞬间返回，从而将声音分解成碎片。</p>\n<p>&nbsp;</p>\n<p>每次 DJ 将推子从推子槽的一侧弹回时，它都会发出明显的咔嗒声。因此，Flare是根据点击次数命名的。一个简单的单击向前Flare将是一个向前划痕，从声音开始，因为 DJ 在向前冲程的中间极快地弹起/点击推子对着侧面一次，在您的唱片手的一次冲程中创建两种不同的声音并结束推子打开。以同样的方式，可以执行 2 次点击、3 次点击甚至更多点击（如果 DJ 足够快）来制作不同类型的Flare。Flare Scratch的发现和发展有助于将这种艺术形式提升到 2010 年代所见的速度和技术的搓碟水平。</p>\n<p>&nbsp;</p>\n<p><span style=\"text-decoration: underline;\">Transform</span></p>\n<p>Transform是唱盘演奏者使用的一种搓碟技术。它是由手动移动转盘上的唱片和交叉渐变器的重复移动组合而成的。这个名字一直与 DJ Jazzy Jeff 相关联，源于它与 1980 年代卡通片《变形金刚》中机器人发出的声音的相似性。</p>\n<p>&nbsp;</p>\n<p><span style=\"text-decoration: underline;\">Tear</span></p>\n<p>Tear是唱盘演奏者使用的一种搓碟技术。它是通过手动移动转盘上的唱片形成的。Tear很像是Baby Scratch，因为不需要推子来实现它，但与Baby Scratch不同的是，当 DJ 将唱片倒回时，DJ的手会在操作中间暂停一瞬间。结果会出现一个正向播放的声音和两个不同的倒退播放的声音。也可以通过做相反的事情并在向前划动上暂停来执行Tear。基本的撕裂通常在交叉渐变器一直打开的情况下进行，但它也可以与其他搓碟技术（例如Flare）相结合，例如用控制唱盘的手执行Tear并用另一只手操控渐变器切入和切出声音。</p>\n<p>&nbsp;</p>\n<p><span style=\"text-decoration: underline;\">Orbit</span></p>\n<p>Orbit是唱盘演奏者使用的一种搓碟技术。它通常是包含顺序向前和向后移动的任何Scratching，反之亦然。Orbit 是由 DJ Disk 开发的，他在 DJ Q-Bert 展示后加入了Flare。通常当有人提到Orbit时，他们最有可能谈论Flare Orbits。例如，快速连续 1 次单击向前Flare和 1 次向后Flare（总共产生 4 个非常快速的不同声音）将是 1 次的Orbit。快速连续 2 次点击向前Flare和 2 次向后Flare（总共产生 6 种非常不同的声音）将是 2 次Orbit等。Orbit可以作为单个orbit移动执行一次，或按顺序产生循环永无止境Orbit声音的类型。</p>\n<p>&nbsp;</p>\n<p><span style=\"text-decoration: underline;\">Chirp</span></p>\n<p>&ldquo;Chirp&rdquo;是唱盘演奏者使用的一种搓碟技术。它是由移动唱片和将移动与交叉淡入淡出混合器混合而成的。它是由 DJ Jazzy Jeff 发明的。Chirp技术的执行是有难度的，因为它需要大量的协调。搓碟从交叉推子打开开始。然后 DJ 向前移动唱片，同时关闭先前打开的通道，结束第一个声音。然后，以相反的方式，DJ 打开频道，同时将唱片向后移动，创建一个更可控的&ldquo;Baby Scratch&rdquo;。快速连续完成，听起来好像正在产生Chirp的声音。</p>\n<p>&nbsp;</p>\n<p><span style=\"text-decoration: underline;\">Stab</span></p>\n<p>&ldquo;stab&rdquo;与 Chirp 技术非常相似，但需要&ldquo;关闭&rdquo;交叉淡入淡出混合器。Stab要求DJ快速前后推动唱片，并用拇指压在它上面移动交叉渐变混音器，这会导致发出的声音最小，从而产生尖锐的&ldquo;Stab&rdquo;噪音。</p>\n<p>&nbsp;</p>\n<p style=\"text-align: center;\"><img src=\"https://duopin-community.oss-cn-shenzhen.aliyuncs.com/7zdd736xdwb9tmhs2sjl.jfif\" alt=\"\" width=\"1440\" height=\"1080\" /></p>\n<p style=\"text-align: center;\"><span style=\"font-size: 8pt;\">DJ Q-Bert在表演中</span></p>\n<p style=\"text-align: center;\"><span style=\"font-size: 8pt;\">By Griz-Lee Christian Zebrowski - Own work, Public Domain, https://commons.wikimedia.org/w/index.php?curid=3569531</span></p>\n<p>&nbsp;</p>\n<p><span style=\"text-decoration: underline;\">Crab</span></p>\n<p>&ldquo;crab&rdquo;是唱盘乐手使用的一种搓碟技术，最初由 DJ Qbert 开发。这是最难掌握的搓碟技术之一。通过用手指快速连续 4 次移动推开或关闭交叉渐变器混音器，同时前后​​推动唱片，从而完成螃蟹。变奏也可以包括 3 或 2 根手指，一般建议初学者从 2 根手指开始，然后逐步发展到 4 根手指。这是一个很难掌握的动作，但如果做得好，它将有丰富的多样性的，而且对技术非常有益。</p>\n<p>&nbsp;</p>\n<p><strong>视觉唱盘主义</strong></p>\n<p>视觉唱盘主义是一种较新的现象，其中&ldquo;视觉唱盘者&rdquo;或&ldquo;VJ&rdquo;将图片、视频和计算机生成的效果结合到他们的现场表演中，使用单独的视频混音器结合他们的唱盘设备。 它可以包含视觉效果，而音频不一定直接关联或同步。 自从 Pioneer 将视频混音并入 DJ 硬件以及 Scratch Live 等 DJ 软件以来，视觉混音已经从一个有&ldquo;VJ&rdquo;的 DJ 转变为纯粹的 DJ 混音音乐视频，就像之前的音乐混音一样 . 2005 年国际唱盘手联合会世界总决赛引入了&ldquo;实验&rdquo;类别，澳大利亚 DJ/VJ 'DJ J-red' 获得第一名，成为第一个赢得世界 DJ 比赛冠军头衔的澳大利亚人，并成为视觉唱盘主义领域的先驱。</p>\n<p>&nbsp;</p>\n<p><strong>比赛</strong></p>\n<p>与许多其他乐器演奏家一样，唱盘演奏家们竞争，看看谁能开发出最快、最具创新性和最具创意的乐器演奏方法。冠军的评定来自唱盘手之间Battle的高潮。Battke涉及每个唱盘手在有限的时间内执行一个例行程序（各种搓碟技术、节拍杂耍和其他元素的组合，包括身体技巧），之后该例程由专家小组评判。根据分数选择获胜者。这些有组织的比赛是从真正的老派&ldquo;Battle&rdquo;演变而来的，其中 DJ 在派对上相互挑战，&ldquo;裁判&rdquo;通常是观众，他们会通过为他们认为表现更好的 DJ 大声欢呼来表明他们的集体意愿。 DMC 世界 DJ 锦标赛自 1985 年开始举办。独奏 DJ 和 DJ 团队分别进行比赛，世界冠军头衔被授予每个获胜者。他们还运营着唱盘主义名人堂。</p>\n<p>&nbsp;</p>\n<p><strong>女性角色</strong></p>\n<p>在西方流行音乐中，女性音乐家在歌唱和词曲创作方面取得了巨大的成功，其中最著名的例子是麦当娜、席琳迪翁和蕾哈娜。然而，女性 DJ 或唱盘手相对较少。部分原因可能是因为从事音频技术相关工作的女性比例普遍偏低。 2013 年 Sound on Sound 文章指出，&ldquo;&hellip;&hellip;唱片制作和音响工程中的女性很少。&rdquo; Ncube 表示&ldquo;95% 的音乐制作人是男性，尽管有女性制作人在音乐方面取得伟大成就的人，他们的知名度不如男性同行。音乐技术课程的绝大多数学生都是男性。&ldquo;</p>\n<p>&nbsp;</p>\n<p style=\"text-align: center;\"><img src=\"https://duopin-community.oss-cn-shenzhen.aliyuncs.com/d8ddt7zlvuow5nycpspi.jpg\" alt=\"\" width=\"440\" height=\"503\" /></p>\n<p style=\"text-align: center;\"><span style=\"font-size: 8pt;\">女性DJ在现场表演</span></p>\n<p style=\"text-align: center;\"><span style=\"font-size: 8pt;\">CC BY-SA 3.0, https://commons.wikimedia.org/w/index.php?curid=161955</span></p>\n<p>&nbsp;</p>\n<p>在嘻哈音乐中，女性 DJ 和唱盘手的比例较低可能源于整个嘻哈音乐行业的整体男性主导地位。大多数顶级说唱歌手、MC、DJ、唱片制作人和音乐主管都是男性。有少数高调的女性，但很少见。在 2007 年 Mark Katz 的文章&ldquo;男人、女人和唱盘：性别与 DJ 之战&rdquo;中指出，&ldquo;很少有女性 [做唱盘] 战斗；这件事多年来一直是嘻哈 DJ 们的话题.&rdquo; 2010 年，Rebekah Farrugia 表示&ldquo;EDM 文化以男性为中心&rdquo;导致&ldquo;女性在这些 [EDM] 空间中被边缘化。&rdquo;虽然不应将唱盘主义和更广泛的 DJ 实践混为一谈，但 Katz 建议跨流派和学科的女性广泛使用或不使用转盘受到他定义为&ldquo;男性技术爱好者&rdquo;的影响。历史学家 Ruth Oldenziel 在她关于工程学的著作中同意将这种社会化理念作为社会化的核心因素。缺乏对技术的参与。她解释说：&ldquo;仅仅关注女性被认为未能进入该领域&hellip;&hellip;不足以理解我们的陈规定型观念是如何形成的；它倾向于将举证责任完全放在女性身上，并将其归咎于她们所谓的社会化不足，他们缺乏抱负，缺乏男性价值观。一个同样具有挑战性的问题是男孩为什么以及如何喜欢技术性的东西，男孩们在历史上如何被社会化为技术爱好者。&rdquo;</p>\n<p>&nbsp;</p>\n<p>露西格林专注于与音乐表演者和创作者相关的性别，特别是与两者相关的教育框架。 她建议女性疏远&ldquo;具有强烈技术趋势的领域，例如 DJ、声音工程和制作&rdquo;&ldquo;不一定是因为她不喜欢这些乐器，而是与它们占主导地位的男性特征的干扰影响有关。&rdquo;尽管如此，妇女和女孩确实越来越多地参与转盘主义和 DJ 实践，个人和集体 并&ldquo;在 EDM 和 DJ 文化中为自己开辟空间&rdquo;。有各种项目致力于促进和支持这些实践，例如伦敦女 DJ。一些艺术家和集体超越了这些做法，以更具性别包容性。例如，总部位于纽约的集体和预订机构 Discwoman 将自己描述为&ldquo;代表和展示顺式女性、跨性别女性和中性人的天赋。&rdquo;</p>\n</div>",
 "contentEn": "<div class=\"document\">\n<p class=\"paragraph text-align-type-left pap-line-1.8 pap-line-rule-auto pap-spacing-before-2pt pap-spacing-after-2pt\">Turntablism is the art of manipulating sounds and creating new music, sound effects, mixes and other creative sounds and beats, typically by using two or more turntables and a cross fader-equipped DJ mixer. The mixer is plugged into a PA system for live events and/or broadcasting equipment (if the DJ is performing on radio, TV or Internet radio) so that a wider audience can hear the turntablist's music. Turntablists manipulate records on a turntable by moving the record with their hand to cue the stylus to exact points on a record, and by touching or moving the platter or record to stop, slow down, speed up or, spin the record backwards, or moving the turntable platter back and forth (the popular rhythmic \"scratching\" effect which is a key part of hip hop music), all while using a DJ mixer's crossfader control and the mixer's gain and equalization controls to adjust the sound and level of each turntable. Turntablists typically use two or more turntables and headphones to cue up desired start points on different records (Greasley &amp; Prior, 2013).</p>\n<p class=\"paragraph text-align-type-left pap-line-1.8 pap-line-rule-auto pap-spacing-before-2pt pap-spacing-after-2pt\">&nbsp;</p>\n<p class=\"paragraph text-align-type-left pap-line-1.8 pap-line-rule-auto pap-spacing-before-2pt pap-spacing-after-2pt\">Turntablists, who are often called DJs (or \"deejays\"), generally prefer direct-drive turntables over belt-driven or other types, because the belt can be stretched or damaged by \"scratching\" and other turntable manipulation such as slowing down a record, whereas a direct drive turntable can be stopped, slowed down, or spun backwards without damaging the electric motor. The word turntablist was originated by Luis \"DJ Disk\" Quintanilla (Primus, Herbie Hancock, Invisibl Skratch Piklz). After a phone conversation with Disk, it was later popularised in 1995 by DJ Babu to describe the difference between a DJ who simply plays and mixes records and one who performs by physically manipulating the records, stylus, turntables, turntable speed controls and mixer to produce new sounds. The new term coincided with the resurgence of hip-hop DJing in the 1990s.</p>\n<p class=\"paragraph text-align-type-left pap-line-1.8 pap-line-rule-auto pap-spacing-before-2pt pap-spacing-after-2pt\">&nbsp;</p>\n<p class=\"paragraph text-align-type-left pap-line-1.8 pap-line-rule-auto pap-spacing-before-2pt pap-spacing-after-2pt\">John Oswald described the art: \"A phonograph in the hands of a 'hiphop/scratch' artist who plays a record like an electronic washboard with a phonographic needle as a plectrum, produces sounds which are unique and not reproduced&mdash;the record player becomes a musical instrument.\" Some turntablists use turntable techniques like beat mixing/matching, scratching, and beat juggling. Some turntablists seek to have themselves recognized as traditional musicians capable of interacting and improvising with other performers. Depending on the records and tracks selected by the DJ and their turntablist style (e.g., hip hop music), a turntablist can create rhythmic accompaniment, percussion breaks, basslines or beat loops, atmospheric \"pads\", \"stabs\" of sudden chords or interwoven melodic lines.</p>\n<p class=\"paragraph text-align-type-left pap-line-1.8 pap-line-rule-auto pap-spacing-before-2pt pap-spacing-after-2pt\">&nbsp;</p>\n<h2><span id=\"History\" class=\"mw-headline\">History</span></h2>\n<h3><span id=\"Precursors\" class=\"mw-headline\">Precursors</span></h3>\n<p>The use of the turntable as a&nbsp;musical instrument&nbsp;has its roots dating back to the 1930s, 1940s, and 1950s when&nbsp;musique concr&egrave;te&nbsp;composers did experiments with audio equipment.&nbsp;Experimental&nbsp;composers (such as&nbsp;John Cage,&nbsp;Halim El-Dabh, and&nbsp;Pierre Schaeffer) used them to&nbsp;sample&nbsp;and create music that was entirely produced by the turntable. Cage's&nbsp;<em>Imaginary Landscape No. 1</em>&nbsp;(1939) is composed for two variable speed turntables, frequency recordings, muted piano and&nbsp;cymbal.&nbsp;Edgard Var&egrave;se&nbsp;experimented with turntables even earlier in 1930, though he never formally produced any works using them. Though this school of thought and practice is not directly linked to the 1970s-2010 definition of turntablism within hip hop and DJ culture, it has had an influence on modern experimental sonic/artists such as&nbsp;Christian Marclay,&nbsp;Janek Schaefer,&nbsp;Otomo Yoshihide,&nbsp;Philip Jeck, and&nbsp;Maria Chavez. Turntablism as it is known today, however, did not surface until the advent of&nbsp;hip hop&nbsp;in the 1970s.</p>\n<p>&nbsp;</p>\n<p>Examples of turntable effects can also be found on popular records produced in the 1960s and 1970s. This was most prominent in Jamaican&nbsp;dub music&nbsp;of the 1960s,<sup id=\"cite_ref-cambridge49_6-0\" class=\"reference\">[6]</sup>&nbsp;among&nbsp;deejays&nbsp;in the Jamaican&nbsp;sound system&nbsp;culture. Dub music introduced the techniques of mixing and scratching vinyl,<sup id=\"cite_ref-7\" class=\"reference\">[7]</sup>&nbsp;which Jamaican immigrants introduced to American hip hop culture in the early 1970s.<sup id=\"cite_ref-cambridge_8-0\" class=\"reference\">[8]</sup>&nbsp;Beyond dub music,&nbsp;Creedence Clearwater Revival's 1968&nbsp;self-titled debut album&nbsp;features a&nbsp;backspin&nbsp;effect in the song \"Walk on the Water.\"</p>\n<p>&nbsp;</p>\n<h3><span id=\"Direct-drive_turntables\" class=\"mw-headline\">Direct-drive turntables</span></h3>\n<p>Turntablism has origins in the invention of&nbsp;direct-drive turntables. Early&nbsp;belt-drive turntables&nbsp;were unsuitable for turntablism, since they had a slow start-up time, and they were prone to wear-and-tear and breakage,<sup id=\"cite_ref-medium_9-0\" class=\"reference\">[9]</sup>&nbsp;as the belt would break from backspinning or scratching.<sup id=\"cite_ref-10\" class=\"reference\">[10]</sup>&nbsp;The first direct-drive turntable was invented by Shuichi Obata, an engineer at&nbsp;Matsushita&nbsp;(now&nbsp;Panasonic),<sup id=\"cite_ref-11\" class=\"reference\">[11]</sup>&nbsp;based in&nbsp;Osaka,&nbsp;Japan.<sup id=\"cite_ref-medium_9-1\" class=\"reference\">[9]</sup>&nbsp;It eliminated belts, and instead employed a motor to directly drive a platter on which a vinyl record rests.<sup id=\"cite_ref-oxford_12-0\" class=\"reference\">[12]</sup>&nbsp;In 1969, Matsushita released it as the&nbsp;SP-10,<sup id=\"cite_ref-oxford_12-1\" class=\"reference\">[12]</sup>&nbsp;the first direct-drive turntable on the market,<sup id=\"cite_ref-reverb_13-0\" class=\"reference\">[13]</sup>&nbsp;and the first in their influential&nbsp;Technics&nbsp;series of turntables.<sup id=\"cite_ref-oxford_12-2\" class=\"reference\">[12]</sup>&nbsp;In 1971, Matsushita released the Technics SL-1100. Due to its strong motor, durability, and fidelity, it was adopted by early hip hop artists.<sup id=\"cite_ref-oxford_12-3\" class=\"reference\">[12]</sup></p>\n<p>&nbsp;</p>\n<p>A forefather of turntablism was&nbsp;DJ Kool Herc, an immigrant from&nbsp;Jamaica&nbsp;to&nbsp;New York City.<sup id=\"cite_ref-reverb_13-1\" class=\"reference\">[13]</sup>&nbsp;He introduced turntable techniques from Jamaican dub music,<sup id=\"cite_ref-cambridge_8-1\" class=\"reference\">[8]</sup>&nbsp;while developing new techniques made possible by the direct-drive turntable technology of the&nbsp;Technics SL-1100, which he used for the first&nbsp;sound system&nbsp;he set up after emigrating to New York.<sup id=\"cite_ref-reverb_13-2\" class=\"reference\">[13]</sup>&nbsp;The signature technique he developed was playing two copies of the same record on two turntables in alternation to extend the&nbsp;b-dancers' favorite section,<sup id=\"cite_ref-cambridge_8-2\" class=\"reference\">[8]</sup>&nbsp;switching back and forth between the two to&nbsp;loop&nbsp;the&nbsp;breaks&nbsp;to a rhythmic beat.<sup id=\"cite_ref-reverb_13-3\" class=\"reference\">[13]</sup></p>\n<p>&nbsp;</p>\n<p>The most influential turntable was the&nbsp;Technics SL-1200,<sup id=\"cite_ref-wired_14-0\" class=\"reference\">[14]</sup>&nbsp;which was developed in 1971 by a team led by Shuichi Obata at Matsushita, which then released it onto the market in 1972.<sup id=\"cite_ref-medium_9-2\" class=\"reference\">[9]</sup>&nbsp;It was adopted by&nbsp;New York City&nbsp;hip hop DJs such as&nbsp;Grand Wizard Theodore&nbsp;and&nbsp;Afrika Bambaataa&nbsp;in the 1970s. As they experimented with the SL-1200 decks, they developed scratching techniques when they found that the motor would continue to spin at the correct&nbsp;RPM&nbsp;even if the DJ wiggled the record back and forth on the platter.<sup id=\"cite_ref-wired_14-1\" class=\"reference\">[14]</sup>&nbsp;Since then, turntablism spread widely in hip hop culture, and the SL-1200 remained the most widely used turntable in DJ culture for the next several decades.<sup id=\"cite_ref-oxford_12-4\" class=\"reference\">[12]</sup><sup id=\"cite_ref-wired_14-2\" class=\"reference\">[14]</sup></p>\n<h3>&nbsp;</h3>\n<h3><span id=\"Hip-Hop\" class=\"mw-headline\">Hip-Hop</span></h3>\n<p>Turntablism as a modern art form and musical practice has its roots within African-American inner city&nbsp;hip-hop&nbsp;of the late 1970s.&nbsp;Kool Herc&nbsp;(a Jamaican DJ who immigrated to New York City),&nbsp;Afrika Bambaataa&nbsp;and&nbsp;Grandmaster Flash&nbsp;are widely credited for having cemented the now established role of DJ as hip hop's foremost instrumentalist.<sup id=\"cite_ref-Hansen2000_15-0\" class=\"reference\">[15]</sup>&nbsp;Kool Herc's invention of&nbsp;break-beat&nbsp;DJing is generally regarded as the foundational development in hip hop history, as it gave rise to all other elements of the genre. His influence on the concept of \"DJ as turntablist\" is equally profound.</p>\n<p>&nbsp;</p>\n<p>To understand the significance of this achievement, it is important to first define the \"break.\" Briefly, the \"break\" of a song is a musical fragment only seconds in length, which typically takes the form of an \"interlude\" in which all or most of the music stops except for the percussion. Kool Herc introduced the break-beat technique as a way of extending the break indefinitely. This is done by buying two of the same record, finding the break on each record, and switching from one to the other using the DJ mixer: e.g., as record&nbsp;<em>A</em>&nbsp;plays, the DJ quickly backtracks to the same break on record&nbsp;<em>B</em>, which will again take the place of&nbsp;<em>A</em>&nbsp;at a specific moment where the audience will not notice that the DJ has switched records. Using that idea, Grandmaster Flash elaborated on Kool Herc's invention of break-beat DJing and came up with the&nbsp;quick-mix theory, in which Flash sectioned off a part of the record like a&nbsp;clock.<sup id=\"cite_ref-16\" class=\"reference\">[16]</sup>&nbsp;He described it as being \"...like cutting, the backspin, and the double-back.\"<sup id=\"cite_ref-17\" class=\"reference\">[17]</sup></p>\n<p>&nbsp;</p>\n<p>Kool Herc's revolutionary techniques set the course for the development of turntablism as an art form in significant ways. Most important, however, he developed a new form of DJing that did not consist of just playing and mixing records one after the other. The type of DJ that specializes in mixing a set is well respected for his/her own set of unique skills, but playlist mixing is still DJing in the traditional sense. Kool Herc instead originated the idea of&nbsp;<em>creating</em>&nbsp;a sequence for his own purposes, introducing the idea of the DJ as the \"feature\" of parties, whose performance on any given night would be different than on another night, because the music would be created by the DJ, mixing a bassline from one song with a beat from another song (Greasley &amp; Prior, 2013). The DJ would be examined critically by the crowd on both a technical and entertainment level.</p>\n<p>&nbsp;</p>\n<p>Grand Wizzard Theodore, an apprentice of Flash, who accidentally isolated the most recognizable technique of turntablism:&nbsp;scratching. He put his hand on a record one day, to silence the music on the turntable while his mother was calling out to him and thus accidentally discovered the sound of scratching by moving the record back and forth under the&nbsp;stylus. Though Theodore discovered scratching, it was Flash who helped push the early concept and showcase it to the public, in his live shows and on recordings. DJ&nbsp;Grand Mixer DXT&nbsp;is also credited with furthering the concept of scratching by practicing the rhythmic scratching of a record on one or more turntables (often two), using different velocities to alter the&nbsp;pitch&nbsp;of the note or sound on the recording (Alberts 2002). DXT appeared (as DST) on&nbsp;Herbie Hancock's hit song \"Rockit.\"<sup id=\"cite_ref-Hansen2000_15-1\" class=\"reference\">[15]</sup>&nbsp;These early pioneers cemented the fundamental practice that would later become the emerging turntablist art form. Scratching would during the 1980s become a staple of hip hop music, being used by producers and DJs on records and in live shows. By the end of the 1980s it was very common to hear scratching on a record, generally as part of the chorus of a track or within its production.</p>\n<p>&nbsp;</p>\n<p>On stage the DJ would provide the music for the MCs to rhyme and rap to, scratching records during the performance and showcasing his or her skills alongside the verbal skills of the MC. The most well known example of this 'equation' of MCs and DJ is probably&nbsp;Run-D.M.C.&nbsp;who were composed of two MCs and one DJ. The DJ,&nbsp;Jam Master Jay, was an integral part of the group since his turntablism was critical to Run DMC's productions and performances. While Flash and Bambaataa were using the turntable to explore repetition, alter rhythm and create the instrumental stabs and punch phrasing that would come to characterize the sound of hip hop, Grandmaster DST was busy cutting \"real\" musicians on their own turf. His scratching on Herbie Hancock's 1983 single, \"Rockit,\" makes it perhaps the most influential DJ track of them all &ndash; even more than (Grandmaster Flash's) \"Wheels of Steel,\" it established the DJ as the star of the record, even if he wasn't the frontman. Compared to \"Rockit,\"&nbsp;West Street Mob's \"Break Dancin' &ndash; Electric Boogie\" (1983) was punk negation. As great as \"Break Dancin'\" was, though, it highlighted the limited tonal range of scratching, which was in danger of becoming a short-lived fad like&nbsp;human beat-boxing&nbsp;until the emergence of Code Money's DJ Brethren from Philadelphia in the mid-1980s.</p>\n<p>&nbsp;</p>\n<p>Despite New York's continued pre-eminence in the hip-hop world, scratch DJing was modernized less than 100 miles down the road in&nbsp;Philadelphia, where the climate for the return of the DJ was created by inventing transformer scratching. Developed by&nbsp;DJ Spinbad,&nbsp;DJ Cash Money&nbsp;and&nbsp;DJ Jazzy Jeff, transforming was basically clicking the fader on and off while moving a block of sound (a riff or a short verbal phrase) across the stylus. Expanding the tonal as well as rhythmic possibilities of scratching, the transformer scratch epitomized the chopped-up aesthetic of hip hop culture. Hip hop was starting to become big money and the cult of personality started to take over. Hip hop became very much at the service of the rapper and Cash Money and DJ Jazzy Jeff were accorded maybe one track on an album &ndash; for example, DJ Jazzy Jeff's \"A Touch of Jazz\" (1987) and \"Jazzy's in the House\" (1988) and Cash Money's \"The Music Maker\" (1988). Other crucial DJ tracks from this period include&nbsp;Tuff Crew's DJ Too Tuff's \"Behold the Detonator\" \"Soul Food\" (both 1989),\" and&nbsp;Gang Starr's \"DJ Premier&nbsp;in Deep Concentration\" (1989).</p>\n<h3>&nbsp;</h3>\n<h3><span id=\"Decline_in_role_of_DJ_in_hip_hop\" class=\"mw-headline\">Decline in role of DJ in hip hop</span></h3>\n<p>The appearance of turntablists and the birth of turntablism was prompted by one major factor &ndash; the disappearance or downplaying of the role of the DJ in hip-hop groups, on records and in live shows at the turn of the 1990s. This disappearance has been widely documented in books and documentaries (among them&nbsp;<em>Black Noise</em>&nbsp;and&nbsp;<em>Scratch: The Movie</em>), and was linked to the increased use of&nbsp;DAT tapes&nbsp;and other studio techniques that would ultimately push the DJ further away from the original hip-hop equation of the MC as the vocalist and the DJ as the music provider alongside the producer. This push and disappearance of the DJ meant that the practices of the DJ, such as scratching, went back underground and were cultivated and built upon by a generation of people who grew up with hip hop, DJs and scratching. By the mid-90s the disappearance of the DJ in hip hop had created a sub-culture which would come to be known as turntablism and which focused entirely on the DJ utilizing his turntables and a mixer to manipulate sounds and create music. By pushing the practice of DJing away, hip hop created the grounds for this sub-culture to evolve (Greasley &amp; Prior, 2013).</p>\n<h3>&nbsp;</h3>\n<h3><span id=\"Coining_of_terms\" class=\"mw-headline\">Coining of terms</span></h3>\n<p>The origin of the terms turntablist and turntablism are widely contested and argued about, but over the years some facts have been established by various documentaries (<em>Battlesounds</em>,&nbsp;Doug Pray's&nbsp;<em>Scratch</em>), books (DJ Culture), conferences (Skratchcon 2000) and interviews in online and printed magazines. These facts are that the origins of the words most likely lay with practitioners on the US West Coast, centered on the&nbsp;San Francisco Bay Area. Some claim that&nbsp;DJ Disk, a member of the&nbsp;Invisibl Skratch Piklz, was the first to coin the term, others claim that DJ Babu, a member of the&nbsp;Beat Junkies, was responsible for coining and spreading the term turntablist after inscribing it on his mixtapes and passing them around. Another claim credits DJ Supreme, 1991 World Supremacy Champion and DJ for&nbsp;Lauryn Hill. The truth most likely lies somewhere in between all these facts.</p>\n<p>&nbsp;</p>\n<p>In an interview with the&nbsp;<em>Spin Science</em>&nbsp;online resource in 2005, DJ Babu added the following comments about the birth and spread of the term:</p>\n<blockquote class=\"templatequote\">\n<p>&nbsp;</p>\n<p>It was around 95, I was heavily into the whole battling thing, working on the tables constantly, mastering new techniques and scratches...[I] made this mixtape called \"Comprehension,\" and on there was a track called \"Turntablism\" which featured&nbsp;Melo-D&nbsp;and D-Styles. And this is part of where this whole thing about turntablist came from. This was a time where all these new techniques were coming out, like flares and stuff, and there were probably 20 people or so, in around California between Frisco and LA, who knew about these. So we worked on them, talked about it and kicked about the ideas that these techniques and new ways of scratching gave us.</p>\n</blockquote>\n<h3>&nbsp;</h3>\n<h3><span id=\"Mid-to_late_1990s\" class=\"mw-headline\">Mid-to late 1990s</span></h3>\n<p>By the mid to late 1990s the terms \"turntablism\" and \"turntablist\" had become established and accepted to define the practice and practitioner of using turntables and a mixer to create or manipulate sounds and music. This could be done by scratching a record or manipulating the rhythms on the record either by drumming, looping or beat juggling. The decade of the 1990s is also important in shaping the turntablist art form and culture as it saw the emergence of pioneering artists (Mix Master Mike,&nbsp;DJ Q-Bert, DJ Quest,&nbsp;DJ Krush,&nbsp;A-Trak, Ricci Rucker, Mike Boo, Pumpin' Pete, Prime Cuts) and crews (Invisibl Skratch Piklz, Beat Junkies, The Allies,&nbsp;X-Ecutioners), record labels (Asphodel), DJ Battles (DMC) and the evolution of scratching and other turntablism practices such as Beat Juggling which are viewable in the IDA (International DJ Association/ITF) World Finals.</p>\n<h3>&nbsp;</h3>\n<h3><span id=\"Techniques\" class=\"mw-headline\">Techniques</span></h3>\n<p>More sophisticated methods of scratching were developed during that decade, with crews and individual DJs concentrating on the manipulation of the record in time with the manipulation of the cross fader on the mixer to create new rhythms and&nbsp;sonic artifacts&nbsp;with a variety of sounds. The evolution of scratching from a fairly simple sound and simple rhythmic cadences to more complicated sounds and more intricate rhythmical patterns allowed the practitioners to further evolve what could be done with scratching musically. These new ways of scratching were all given names, from&nbsp;flare&nbsp;to&nbsp;crab&nbsp;or&nbsp;orbit, and spread as DJs taught each other, practiced together or just showed off their new techniques to other DJs. Alongside the evolution of&nbsp;scratching, other practices such as drumming (or scratch drumming) and&nbsp;beat juggling&nbsp;were also evolved significantly during the 1990s.</p>\n<p>&nbsp;</p>\n<p>Beat juggling was invented by&nbsp;Steve Dee, a member of the X-Men (later renamed&nbsp;X-Ecutioners) crew. Beat juggling essentially involves the manipulation of two identical or different drum patterns on two different turntables via the mixer to create a new pattern. A simple example would be to use two copies of the same drum pattern to evolve the pattern by doubling the snares, syncopating the drum kick, adding rhythm and variation to the existing pattern. From this concept, which Steve Dee showcased in the early 1990s at DJ battles, Beat Juggling evolved throughout the decade to the point where by the end of it, it had become an intricate technique to create entirely new \"beats\" and rhythms out of existing, pre-recorded ones (van Veen &amp; Attias, 2012). These were now not just limited to using drum patterns, but could also consist of other sounds &ndash; the ultimate aim being to create a new rhythm out of the pre-recorded existing ones. While beat juggling is not as popular as scratching due to the more demanding rhythmical knowledge it requires, it has proved popular within DJ battles and in certain compositional situations (van Veen &amp; Attias, 2012).</p>\n<h3>&nbsp;</h3>\n<h3><span id=\"Studies\" class=\"mw-headline\">Studies</span></h3>\n<p>One of the earliest academic studies of turntablism (White 1996) argued for its designation as a legitimate electronic musical instrument&mdash;a manual analog sampler&mdash;and described turntable techniques such as backspinning, cutting, scratching and blending as basic tools for most hip hop DJs. White's study suggests the proficient hip-hop DJ must possess similar kinds of skills as those required by trained musicians, not limited to a sense of timing, hand&ndash;eye coordination, technical competence and musical creativity. By the year 2000, turntablism and turntablists had become widely publicized and accepted in the mainstream and within hip hop as valid artists. Through this recognition came further evolution.</p>\n<h3>&nbsp;</h3>\n<h3><span id=\"Evolution\" class=\"mw-headline\">Evolution</span></h3>\n<p>This evolution took many shapes and forms: some continued to concentrate on the foundations of the art form and its original links to hip hop culture, some became producers utilizing the skills they'd learnt as turntablists and incorporating those into their productions, some concentrated more on the DJing aspect of the art form by combining turntablist skills with the trademark skills of club DJs, while others explored alternative routes in utilizing the turntable as an instrument or production tool solely for the purpose of making music &ndash; either by using solely the turntable or by incorporating it into the production process alongside tools such as drum machines, samplers, computer software, and so on. Digital turntablism techniques later was coined into a term called controllerism, which inspired a movement of new digital DJs such as DJ Buddy Holly and Moldover. DJ Buddy and Moldover went on to create a song called \"Controllerism\" that pays homage to the sound of digitally emulated turntablism.</p>\n<p>&nbsp;</p>\n<p>New DJs, turntablists and crews owe a distinct debt to pioneer&nbsp;old-school&nbsp;DJs like&nbsp;Kool DJ Herc,&nbsp;Grand Wizard Theodore,&nbsp;Grandmixer DST,&nbsp;Grandmaster Flash, and&nbsp;Afrika Bambaataa, also&nbsp;DJ Jazzy Jeff,&nbsp;DJ Cash Money,&nbsp;DJ Scratch,&nbsp;DJ Clark Kent, and other DJs of&nbsp;the golden age of hip hop, who originally developed many of the concepts and techniques that evolved into modern turntablism. Within the realm of hip hop, notable modern turntablists are the cinematic<sup class=\"noprint Inline-Template\">[<em><span title=\"The preceding text may be too imprecise or indirect for Wikipedia's standards. (December 2017)\">when defined as?</span></em>]</sup>&nbsp;DJ Shadow, who influenced&nbsp;Diplo&nbsp;and&nbsp;RJD2, among others,<sup class=\"noprint Inline-Template Template-Fact\">[<em><span title=\"This claim needs references to reliable sources. (December 2017)\">citation needed</span></em>]</sup>&nbsp;and the experimental&nbsp;DJ Spooky, whose&nbsp;<em>Optometry</em>&nbsp;albums showed that the turntablist can perfectly fit within a jazz setting.<sup class=\"noprint Inline-Template\">[<em><span title=\"The material near this tag may use weasel words or too-vague attribution. (December 2017)\">according to whom?</span></em>]</sup>&nbsp;Mix Master Mike&nbsp;was a founding member of the influential turntablist group&nbsp;Invisibl Skratch Piklz&nbsp;(begun in 1989 as Shadow of the Prophet) and later DJ for the&nbsp;Beastie Boys.&nbsp;Cut Chemist,&nbsp;DJ Nu-Mark, and&nbsp;Kid Koala&nbsp;are also known<sup class=\"noprint Inline-Template\">[<em><span title=\"The material near this tag may use weasel words or too-vague attribution. (December 2017)\">by whom?</span></em>]</sup>&nbsp;as virtuosi of the turntables.</p>\n<h2>&nbsp;</h2>\n<h2><span id=\"Techniques_2\" class=\"mw-headline\">Techniques</span></h2>\n<h3><span id=\"Chopped_and_screwed\" class=\"mw-headline\">Chopped and screwed</span></h3>\n<p>Starting in the 1990s in the Southern United States and burgeoning in the 2000s, a meta-genre of hip hop called \"chopped and screwed\" became a significant and popular form of turntablism. Often utilizing a greater variety of&nbsp;vinyl emulation software&nbsp;rather than normal turntables, \"chopped and screwed\" stood out from previous standards of turntablism in its slowing of the pitch and tempo (\"screwing\") and syncopated beat skipping (\"chopping\"), among other added effects of sound manipulation.</p>\n<p>&nbsp;</p>\n<p>DJ Screw&nbsp;of Texas, innovated the art of chopping and screwing coining the phrase \"chopped n screwed,\" taking original contemporary hit records and replaying them in the \"chopped n screwed\" art form. This gained a very large following finally paving the way for small, independent rap labels to turn a decent profit. However, it is thought by many that DJ Michael Price started slowing down vinyl recordings before the era of DJ Screw.</p>\n<p>&nbsp;</p>\n<p>This form of turntablism, which is usually applied to prior studio recordings (in the form of custom mixtapes) and is not prominent as a feature of live performances, de-emphasizes the role of the rapper, singer or other vocalist by distorting the vocalist's voice along with the rest of the recording (van Veen &amp; Attias, 2012). Arguably, this combination of distortion and audial effects against the original recording grants greater freedom of improvisation to the DJ than did the previous forms of turntablism. Via the ChopNotSlop movement, \"Chopped and screwed\" has also been applied to other genres of music such as R&amp;B and rock music, thus transcending its roots within the hip-hop genre.<sup id=\"cite_ref-18\" class=\"reference\">[18]</sup><sup id=\"cite_ref-19\" class=\"reference\">[19]</sup></p>\n<h3>&nbsp;</h3>\n<h3><span id=\"Transform\" class=\"mw-headline\">Transform</span></h3>\n<p>A&nbsp;<strong>transform</strong>&nbsp;is a type of scratch used by turntablists. It is made from a combination of moving the record on the turntable by hand and repeated movement of the&nbsp;crossfader. The name, which has been associated with&nbsp;DJ Jazzy Jeff,<sup id=\"cite_ref-20\" class=\"reference\">[20]</sup>&nbsp;comes from its similarity to the sound made by the&nbsp;robots&nbsp;in the 1980s&nbsp;cartoon,&nbsp;<em>The Transformers</em>.</p>\n<h3>&nbsp;</h3>\n<h3><span id=\"Tear\" class=\"mw-headline\">Tear</span></h3>\n<p>A&nbsp;<strong>tear</strong>&nbsp;is a type of scratch used by turntablists. It is made from moving the record on the turntable by hand. The tear is much like a&nbsp;baby scratch&nbsp;in that one does not need the fader to perform it, but unlike a baby scratch, when the DJ pulls the record back he or she pauses his or her hand for a split second in the middle of the stroke. The result is one forward sound and two distinct backward sounds. This scratch can also be performed by doing the opposite and placing the pause on the forward stroke instead. A basic tear is usually performed with the crossfader open the entire time, but it can also be combined with other scratches such as&nbsp;flares&nbsp;for example by doing tears with the record hand and cutting the sound in and out with the fader hand.</p>\n<h3>&nbsp;</h3>\n<h3><span id=\"Orbit\" class=\"mw-headline\">Orbit</span></h3>\n<p>An&nbsp;<strong>orbit</strong>&nbsp;is a type of scratch used by turntablists. It is generally any scratch that incorporates both a forward and backward movement, or vice versa, of the record in sequence. The orbit was developed by&nbsp;DJ Disk&nbsp;who incorporated the&nbsp;flare&nbsp;after being shown by&nbsp;DJ Q-Bert.<sup class=\"noprint Inline-Template Template-Fact\">[<em><span title=\"This claim needs references to reliable sources. (November 2015)\">citation needed</span></em>]</sup>&nbsp;Usually when someone is referring to an orbit, they are most likely talking about flare orbits. For example, A 1 click forward flare and a 1 click backward flare in quick succession (altogether creating 4 very quick distinct sounds) would be a 1 click orbit. A 2 click forward flare and a 2 click backward flare in quick succession (altogether creating 6 very distinct sounds) would be a 2 click orbit, etc. Orbits can be performed once as a single orbit move, or sequenced to produce a&nbsp;cyclical&nbsp;never ending type of orbit sound.</p>\n<h3>&nbsp;</h3>\n<h3><span id=\"Flare\" class=\"mw-headline\">Flare</span></h3>\n<p><strong>Flare</strong>&nbsp;is a type of scratch used by turntablists. It is made from a combination of moving the record on the turntable by hand and quick movement of the crossfader. The flare was invented by its namesake,&nbsp;DJ Flare&nbsp;in 1987. This scratch technique is much like the \"transform\" in some ways, only instead of starting with the sound that is cutting up off, one starts with the sound on and concentrate on cutting the sound into pieces by bouncing the fader off the cut out side of the fader slot to make the sound cut out and then back in a split second.</p>\n<p>&nbsp;</p>\n<p>Each time the DJ bounces the fader off the side of the fader slot it makes a distinct clicking noise. For this reason, flares are named according to clicks. A simple one click forward flare would be a forward scratch starting with the sound on as the DJ bounces/clicks the fader against the side once extremely quickly in the middle of the forward stroke creating two distinct sounds in one stroke of your record hand and ending with the fader open. In the same manner, 2 clicks, 3 clicks, and even more clicks (if a DJ is fast enough) can be performed to do different types of flares. The discovery and development of the flare scratch was instrumental in elevating this art form to the level of speed and technical scratching that is seen in the 2010s.</p>\n<h3>&nbsp;</h3>\n<h3><span id=\"Chirp\" class=\"mw-headline\">Chirp</span></h3>\n<p>A \"chirp\" is a type of scratch used by turntablists. It is made with a mix of moving the record and incorporating movement with the crossfade mixer. It was invented by&nbsp;DJ Jazzy Jeff. The scratch is somewhat difficult to perform because it takes a good amount of coordination. The scratch starts out with the&nbsp;cross-fader&nbsp;open. The DJ then moves the&nbsp;record&nbsp;forward while simultaneously closing the previously opened channel ending the first&nbsp;sound. Then, in a reverse fashion, the DJ opens the channel while moving the record backwards creating a more controlled sounding \"baby scratch\". Done in quick succession it sounds as though a chirp sound is being produced.</p>\n<h3>&nbsp;</h3>\n<h3><span id=\"Stab\" class=\"mw-headline\">Stab</span></h3>\n<p>A \"stab\" is quite similar to the Chirp technique but requires the crossfade mixer to be \"closed\". The stab requires the user to push the record forward and back quickly and moving the crossfade mixer with your thumb pressed against it, which results in minimal sound coming out, producing a sharp \"stabbing\" noise\".</p>\n<h3>&nbsp;</h3>\n<h3><span id=\"Crab\" class=\"mw-headline\">Crab</span></h3>\n<p>A \"crab\" is a type of scratch used by turntablists and originally developed by&nbsp;DJ Qbert. It is one of the most difficult scratch techniques to master. The crab is done by pushing the record forward and back while pushing the crossfader mixer open or closed through a quick succession of 4 movements with the fingers. Variations can also include 3 or 2 fingers, and generally it is recommended for beginners to start with 2 fingers and work their way to 4. It is a difficult move to master but also versatile and quite rewarding if done right.</p>\n<h2>&nbsp;</h2>\n<h2><span id=\"Visual_turntablism\" class=\"mw-headline\">Visual turntablism</span></h2>\n<p>Visual turntablism is a more recent phenomenon in which \"visual turntablists,\" or \"VJs,\" incorporate pictures, video, and computer generated effects into their live performances utilizing a separate video mixer in combination with their turntablist equipment. It can contain visuals without the audio being necessarily directly associated or synchronized. Since video mixing became incorporated into DJ hardware from Pioneer, and DJ software such as&nbsp;Scratch Live, visual turtablism have moved from being a DJ with a \"VJ,\" to being solely the DJ mixing music videos much the same way as music was mixed before. In 2005 the&nbsp;International Turntablist Federation&nbsp;World final introduced the 'Experimental' category, Australian DJ/VJ 'DJ J-red' took first place, becoming the first Australian to win a World DJ competition championship title as well as becoming a pioneer of the Visual Turntablist movement.</p>\n<h2>&nbsp;</h2>\n<h2><span id=\"Contests\" class=\"mw-headline\">Contests</span></h2>\n<p>Like many other musical instrumentalists, turntablists compete to see who can develop the fastest, most innovative and most creative approaches to their instrument. The selection of a champion comes from the culmination of battles between turntablists. Battling involves each turntablist performing a routine (A combination of various technical scratches, beat juggles, and other elements, including body tricks) within a limited time period, after which the routine is judged by a panel of experts. The winner is selected based upon score. These organized competitions evolved from actual old school \"battles\" where DJs challenged each other at parties, and the \"judge\" was usually the audience, who would indicate their collective will by cheering louder for the DJ they thought performed better. The&nbsp;DMC World DJ Championships&nbsp;has been hosted since 1985. There are separate competitions for solo DJs and DJ teams, the title of World Champion being bestowed on the winners of each. They also maintain a turntablism hall of fame.<sup id=\"cite_ref-21\" class=\"reference\">[21]</sup></p>\n<h2>&nbsp;</h2>\n<h2><span id=\"Role_of_women\" class=\"mw-headline\">Role of women</span></h2>\n<p>In Western&nbsp;popular music,&nbsp;women musicians&nbsp;have achieved great success in singing and songwriting roles, with top examples being&nbsp;Madonna,&nbsp;Celine Dion&nbsp;and&nbsp;Rihanna. However, there are relatively few women DJs or turntablists. Part of this may stem from a general low percentage of women in audio technology-related jobs. A 2013&nbsp;<em>Sound on Sound</em>&nbsp;article stated that there are \"...few women in&nbsp;record production&nbsp;and&nbsp;sound engineering.\"<sup id=\"cite_ref-ReferenceB_22-0\" class=\"reference\">[22]</sup>&nbsp;Ncube states that \"[n]inety-five percent of music producers are male, and although there are female producers achieving great things in music, they are less well-known than their male counterparts.\"<sup id=\"cite_ref-ReferenceB_22-1\" class=\"reference\">[22]</sup>&nbsp;The vast majority of students in music technology programs are male.<sup class=\"noprint Inline-Template Template-Fact\">[<em><span title=\"This claim needs references to reliable sources. (January 2019)\">citation needed</span></em>]</sup></p>\n<p>&nbsp;</p>\n<p>In&nbsp;hip hop music, the low percentage of women DJs and turntablists may stem from the overall male domination of the entire hip hop music industry. Most of the top rappers, MCs, DJs, record producers and music executives are men. There are a small number of high-profile women, but they are rare. In 2007 Mark Katz's article \"Men, Women, and Turntables: Gender and the DJ Battle,\" stated that \"very few women [do turntablism] battle[s]; the matter has been a topic of conversation among hip-hop DJs for years.\"<sup id=\"cite_ref-:0_23-0\" class=\"reference\">[23]</sup>&nbsp;In 2010 Rebekah Farrugia states \"the male-centricity of EDM culture\" contributes to \"a marginalisation of women in these [EDM] spaces.\"<sup id=\"cite_ref-:1_24-0\" class=\"reference\">[24]</sup>&nbsp;While turntablism and broader DJ practices should not be conflated, Katz suggests use or lack of use of the turntable broadly by women across genres and disciplines is impacted upon by what he defines as \"male technophilia.\"<sup id=\"cite_ref-:0_23-1\" class=\"reference\">[23]</sup>&nbsp;Historian Ruth Oldenziel concurs in her writing on engineering with this idea of socialization as a central factor in the lack of engagement with technology. She explains: \"an exclusive focus on women's supposed failure to enter the field &hellip; is insufficient for understanding how our stereotypical notions have come into being; it tends to put the burden of proof entirely on women and to blame them for their supposedly inadequate socialization, their lack of aspiration, and their want of masculine values. An equally challenging question is why and how boys have come to love things technical, how boys have historically been socialized as technophiles.\"<sup id=\"cite_ref-25\" class=\"reference\">[25]</sup></p>\n<p>&nbsp;</p>\n<p>Lucy Green focused on gender in relation to musical performers and creators, and specifically on educational frameworks as they relate to both.<sup id=\"cite_ref-26\" class=\"reference\">[26]</sup><sup class=\"noprint Inline-Template\">[<em><span title=\"This citation requires a reference to the specific page or range of pages in which the material appears. (January 2019)\">page&nbsp;needed</span></em>]</sup>&nbsp;She suggests that women's alienation from \"areas that have a strong technological tendency such as DJing, sound engineering and producing\" are \"not necessarily about her dislike of these instruments but relates to the interrupting effect of their dominantly masculine delineations.\"<sup id=\"cite_ref-27\" class=\"reference\">[27]</sup>&nbsp;Despite this,<sup class=\"noprint Inline-Template\">[<em><span title=\"The material near this tag possibly contains original research. (January 2019)\">original research?</span></em>]</sup>&nbsp;women and girls do increasingly engage in turntable and DJ practices, individually<sup id=\"cite_ref-28\" class=\"reference\">[28]</sup>&nbsp;and collectively,<sup id=\"cite_ref-29\" class=\"reference\">[29]</sup>&nbsp;and \"carve out spaces for themselves in EDM and DJ Culture\".<sup id=\"cite_ref-:1_24-1\" class=\"reference\">[24]</sup>&nbsp;There are various projects dedicated to the promotion and support of these practices such as Female DJs London.<sup id=\"cite_ref-30\" class=\"reference\">[30]</sup>&nbsp;Some artists and collectives go beyond these practices to be more gender inclusive.<sup id=\"cite_ref-31\" class=\"reference\">[31]</sup><sup class=\"noprint Inline-Template\">[<em><span title=\"This citation requires a reference to the specific page or range of pages in which the material appears. (January 2019)\">page&nbsp;needed</span></em>]</sup>&nbsp;For example,&nbsp;Discwoman, a New York-based collective and booking agency, describe themselves as \"representing and showcasing cis women, trans women and genderqueer talent.\"<sup id=\"cite_ref-32\" class=\"reference\">[32]</sup></p>\n<h2>&nbsp;</h2>\n<h2><span id=\"References\" class=\"mw-headline\">References</span></h2>\n<div class=\"reflist\">\n<div class=\"mw-references-wrap mw-references-columns\">\n<ol class=\"references\">\n<li id=\"cite_note-1\"><span class=\"mw-cite-backlink\"><strong>^</strong></span>&nbsp;<span class=\"reference-text\"><cite class=\"citation web cs1\">\"The Art Of Turntablism | History Detectives | PBS\".&nbsp;<em>www.pbs.org</em><span class=\"reference-accessdate\">. Retrieved&nbsp;<span class=\"nowrap\">March 31,</span>&nbsp;2021</span>.</cite></span></li>\n<li id=\"cite_note-2\"><span class=\"mw-cite-backlink\"><strong>^</strong></span>&nbsp;<span class=\"reference-text\"><cite id=\"CITEREFglobaldjacademy2019\" class=\"citation web cs1\">globaldjacademy (March 10, 2019).&nbsp;\"What is Turntablism? | Turntablism Artists | Turntablist vs DJ | Turntablism Songs\".&nbsp;<em>Global Dj Academy</em><span class=\"reference-accessdate\">. Retrieved&nbsp;<span class=\"nowrap\">March 31,</span>&nbsp;2021</span>.</cite></span></li>\n<li id=\"cite_note-3\"><span class=\"mw-cite-backlink\"><strong>^</strong></span>&nbsp;<span class=\"reference-text\"><cite id=\"CITEREFFalkenberg_Hansen2010\" class=\"citation book cs1\">Falkenberg Hansen, Kjetil (2010).&nbsp;<em>The acoustics and performance of DJ scratching, analysis and modelling</em>. Stockholm: Skolan f&ouml;r datavetenskap och kommunikation, Kungliga Tekniska h&ouml;gskolan.&nbsp;ISBN&nbsp;<bdi>978-91-7415-541-9</bdi>.&nbsp;OCLC&nbsp;609824040.</cite></span></li>\n<li id=\"cite_note-4\"><span class=\"mw-cite-backlink\"><strong>^</strong></span>&nbsp;<span class=\"reference-text\">Newman, Mark \"Markski\" (January 3, 2003).&nbsp;<em>History of Turntablism</em>.</span></li>\n<li id=\"cite_note-Cox2004-5\"><span class=\"mw-cite-backlink\"><strong>^</strong></span>&nbsp;<span class=\"reference-text\"><cite id=\"CITEREFOswald2004\" class=\"citation book cs1\">Oswald, John&nbsp;(2004).&nbsp;\"Bettered by the Borrower: The Ethics of Musical Debt\". In Christopher Cox and Daniel Warner (ed.).&nbsp;<em>Audio Culture: Readings in Modern Music</em>. The Continuum International Publishing Group Inc. p.&nbsp;132.&nbsp;ISBN&nbsp;<bdi>0-8264-1615-2</bdi>.</cite></span></li>\n<li id=\"cite_note-cambridge49-6\"><span class=\"mw-cite-backlink\"><strong>^</strong></span>&nbsp;<span class=\"reference-text\">Nicholas Collins, Julio d' Escrivan Rinc&oacute;n (2007),&nbsp;<em>The Cambridge Companion to Electronic Music</em>, page 49,&nbsp;Cambridge University Press</span></li>\n<li id=\"cite_note-7\"><span class=\"mw-cite-backlink\"><strong>^</strong></span>&nbsp;<span class=\"reference-text\">Andrew Brown (2012),&nbsp;<em>Computers in Music Education: Amplifying Musicality</em>, page 127,&nbsp;Routledge</span></li>\n<li id=\"cite_note-cambridge-8\"><span class=\"mw-cite-backlink\">^&nbsp;<span class=\"cite-accessibility-label\">Jump up to:</span><sup><em><strong>a</strong></em></sup>&nbsp;<sup><em><strong>b</strong></em></sup>&nbsp;<sup><em><strong>c</strong></em></sup></span>&nbsp;<span class=\"reference-text\">Nicholas Collins, Margaret Schedel, Scott Wilson (2013),&nbsp;<em>Electronic Music: Cambridge Introductions to Music</em>, page 105,&nbsp;Cambridge University Press</span></li>\n<li id=\"cite_note-medium-9\"><span class=\"mw-cite-backlink\">^&nbsp;<span class=\"cite-accessibility-label\">Jump up to:</span><sup><em><strong>a</strong></em></sup>&nbsp;<sup><em><strong>b</strong></em></sup>&nbsp;<sup><em><strong>c</strong></em></sup></span>&nbsp;<span class=\"reference-text\">Brian Coleman,&nbsp;The Technics 1200 &mdash; Hammer Of The Gods,&nbsp;Medium</span></li>\n<li id=\"cite_note-10\"><span class=\"mw-cite-backlink\"><strong>^</strong></span>&nbsp;<span class=\"reference-text\"><em>The World of DJs and the Turntable Culture</em>, page 43,&nbsp;Hal Leonard Corporation, 2003</span></li>\n<li id=\"cite_note-11\"><span class=\"mw-cite-backlink\"><strong>^</strong></span>&nbsp;<span class=\"reference-text\"><em>Billboard</em>, May 21, 1977,&nbsp;page 140</span></li>\n<li id=\"cite_note-oxford-12\"><span class=\"mw-cite-backlink\">^&nbsp;<span class=\"cite-accessibility-label\">Jump up to:</span><sup><em><strong>a</strong></em></sup>&nbsp;<sup><em><strong>b</strong></em></sup>&nbsp;<sup><em><strong>c</strong></em></sup>&nbsp;<sup><em><strong>d</strong></em></sup>&nbsp;<sup><em><strong>e</strong></em></sup></span>&nbsp;<span class=\"reference-text\">Trevor Pinch, Karin Bijsterveld,&nbsp;<em>The Oxford Handbook of Sound Studies</em>, page 515,&nbsp;Oxford University Press</span></li>\n<li id=\"cite_note-reverb-13\"><span class=\"mw-cite-backlink\">^&nbsp;<span class=\"cite-accessibility-label\">Jump up to:</span><sup><em><strong>a</strong></em></sup>&nbsp;<sup><em><strong>b</strong></em></sup>&nbsp;<sup><em><strong>c</strong></em></sup>&nbsp;<sup><em><strong>d</strong></em></sup></span>&nbsp;<span class=\"reference-text\"><cite class=\"citation web cs1\">\"History of the Record Player Part II: The Rise and Fall\".&nbsp;<em>Reverb.com</em><span class=\"reference-accessdate\">. Retrieved&nbsp;<span class=\"nowrap\">June 5,</span>&nbsp;2016</span>.</cite></span></li>\n<li id=\"cite_note-wired-14\"><span class=\"mw-cite-backlink\">^&nbsp;<span class=\"cite-accessibility-label\">Jump up to:</span><sup><em><strong>a</strong></em></sup>&nbsp;<sup><em><strong>b</strong></em></sup>&nbsp;<sup><em><strong>c</strong></em></sup></span>&nbsp;<span class=\"reference-text\">Six Machines That Changed The Music World,&nbsp;<em>Wired</em>, May 2002</span></li>\n<li id=\"cite_note-Hansen2000-15\"><span class=\"mw-cite-backlink\">^&nbsp;<span class=\"cite-accessibility-label\">Jump up to:</span><sup><em><strong>a</strong></em></sup>&nbsp;<sup><em><strong>b</strong></em></sup></span>&nbsp;<span class=\"reference-text\">Hansen, Kjetil Falkenberg (2000).&nbsp;<em>Turntable Music</em>. Norway: NTNU and Sweden: KTH, p. 4</span></li>\n<li id=\"cite_note-16\"><span class=\"mw-cite-backlink\"><strong>^</strong></span>&nbsp;<span class=\"reference-text\">[Chang, Jeff.&nbsp;<em>Can't Stop Won't Stop: A History of the Hip-Hop Generation</em>. Picador, 2005, p 113.]</span></li>\n<li id=\"cite_note-17\"><span class=\"mw-cite-backlink\"><strong>^</strong></span>&nbsp;<span class=\"reference-text\">[Chang 2005, p. 113]</span></li>\n<li id=\"cite_note-18\"><span class=\"mw-cite-backlink\"><strong>^</strong></span>&nbsp;<span class=\"reference-text\"><cite class=\"citation web cs1\">\"The Slow Life and Fast Death of DJ Screw\".&nbsp;<em>texasmonthly.com</em>. January 20, 2013.</cite></span></li>\n<li id=\"cite_note-19\"><span class=\"mw-cite-backlink\"><strong>^</strong></span>&nbsp;<span class=\"reference-text\">DJ Screw</span></li>\n<li id=\"cite_note-20\"><span class=\"mw-cite-backlink\"><strong>^</strong></span>&nbsp;<span class=\"reference-text\"><cite class=\"citation web cs1\">\"Hip Hop Family Tree: DJ Jazzy Jeff / Boing Boing\".&nbsp;<em>boingboing.net</em>.</cite></span></li>\n<li id=\"cite_note-21\"><span class=\"mw-cite-backlink\"><strong>^</strong></span>&nbsp;<span class=\"reference-text\">DMC staff.&nbsp;DMC World Champions. Retrieved 2007-10-17</span></li>\n<li id=\"cite_note-ReferenceB-22\"><span class=\"mw-cite-backlink\">^&nbsp;<span class=\"cite-accessibility-label\">Jump up to:</span><sup><em><strong>a</strong></em></sup>&nbsp;<sup><em><strong>b</strong></em></sup></span>&nbsp;<span class=\"reference-text\"><cite id=\"CITEREFNcube2013\" class=\"citation journal cs1\">Ncube, Rosina (September 2013).&nbsp;\"Sounding Off: Why So Few Women In Audio?\".&nbsp;<em>Sound on Sound</em>.</cite></span></li>\n<li id=\"cite_note-:0-23\"><span class=\"mw-cite-backlink\">^&nbsp;<span class=\"cite-accessibility-label\">Jump up to:</span><sup><em><strong>a</strong></em></sup>&nbsp;<sup><em><strong>b</strong></em></sup></span>&nbsp;<span class=\"reference-text\"><cite id=\"CITEREFKatz2007\" class=\"citation journal cs1\">Katz, Mark (December 12, 2007). \"Men, Women, and Turntables: Gender and the DJ Battle\".&nbsp;<em>The Musical Quarterly</em>.&nbsp;<strong>89</strong>&nbsp;(4): 580&ndash;599.&nbsp;doi:10.1093/musqtl/gdm007.</cite></span></li>\n<li id=\"cite_note-:1-24\"><span class=\"mw-cite-backlink\">^&nbsp;<span class=\"cite-accessibility-label\">Jump up to:</span><sup><em><strong>a</strong></em></sup>&nbsp;<sup><em><strong>b</strong></em></sup></span>&nbsp;<span class=\"reference-text\"><cite id=\"CITEREFFarrugia2013\" class=\"citation book cs1\">Farrugia, Rebekah (2013).&nbsp;<em>Beyond the Dance Floor: Female DJs, Technology and Electronic Dance Music Culture</em>. University of Chicago Press.&nbsp;ISBN&nbsp;<bdi>978-1841505664</bdi>.</cite></span></li>\n<li id=\"cite_note-25\"><span class=\"mw-cite-backlink\"><strong>^</strong></span>&nbsp;<span class=\"reference-text\"><cite id=\"CITEREFOldenziel1997\" class=\"citation journal cs1\">Oldenziel, Ruth A. (1997).&nbsp;\"Boys and Their Toys: The Fisher Body Craftsman's Guild, 1930&ndash;1968, and the Making of a Male Technical Domain\".&nbsp;<em>Technology and Culture</em>.&nbsp;<strong>38</strong>&nbsp;(1): 60&ndash;96.&nbsp;doi:10.2307/3106784.&nbsp;JSTOR&nbsp;3106784.</cite></span></li>\n<li id=\"cite_note-26\"><span class=\"mw-cite-backlink\"><strong>^</strong></span>&nbsp;<span class=\"reference-text\"><cite id=\"CITEREFGreen2008\" class=\"citation book cs1\">Green, Lucy (2008).&nbsp;<em>Music, Gender, Education</em>. Cambridge University Press.&nbsp;ISBN&nbsp;<bdi>978-0521555227</bdi>.</cite></span></li>\n<li id=\"cite_note-27\"><span class=\"mw-cite-backlink\"><strong>^</strong></span>&nbsp;<span class=\"reference-text\"><cite class=\"citation web cs1\">\"Music &ndash; GEA &ndash; Gender and Education Association\".&nbsp;<em>www.genderandeducation.com</em>. Archived from&nbsp;the original&nbsp;on March 3, 2016<span class=\"reference-accessdate\">. Retrieved&nbsp;<span class=\"nowrap\">March 12,</span>&nbsp;2016</span>.</cite></span></li>\n<li id=\"cite_note-28\"><span class=\"mw-cite-backlink\"><strong>^</strong></span>&nbsp;<span class=\"reference-text\"><cite class=\"citation web cs1\">\"Female Turntablists on the Rise\".&nbsp;<em>BPMSUPREME TV</em><span class=\"reference-accessdate\">. Retrieved&nbsp;<span class=\"nowrap\">March 12,</span>&nbsp;2016</span>.</cite></span></li>\n<li id=\"cite_note-29\"><span class=\"mw-cite-backlink\"><strong>^</strong></span>&nbsp;<span class=\"reference-text\"><cite class=\"citation web cs1\">\"9 All-Female DJ Collectives You Need To Know Right Now\".&nbsp;<em>The FADER</em><span class=\"reference-accessdate\">. Retrieved&nbsp;<span class=\"nowrap\">March 12,</span>&nbsp;2016</span>.</cite></span></li>\n<li id=\"cite_note-30\"><span class=\"mw-cite-backlink\"><strong>^</strong></span>&nbsp;<span class=\"reference-text\"><cite class=\"citation web cs1\">\"Enter\".&nbsp;<em>femaledjs.london</em>. Archived from&nbsp;the original&nbsp;on March 13, 2016<span class=\"reference-accessdate\">. Retrieved&nbsp;<span class=\"nowrap\">March 12,</span>&nbsp;2016</span>.</cite></span></li>\n<li id=\"cite_note-31\"><span class=\"mw-cite-backlink\"><strong>^</strong></span>&nbsp;<span class=\"reference-text\"><cite id=\"CITEREFRodgers2010\" class=\"citation book cs1\">Rodgers, Tara (2010).&nbsp;<em>Pink Noises: Women on Electronic Music and Sound</em>. Duke University Press.&nbsp;ISBN&nbsp;<bdi>978-0822346739</bdi>.</cite></span></li>\n<li id=\"cite_note-32\"><span class=\"mw-cite-backlink\"><strong>^</strong></span>&nbsp;<span class=\"reference-text\"><cite class=\"citation web cs1\">\"About &ndash; Discwoman\".&nbsp;<em>www.discwoman.com</em><span class=\"reference-accessdate\">. Retrieved&nbsp;<span class=\"nowrap\">March 12,</span>2016</span>.</cite></span></li>\n</ol>\n</div>\n</div>\n</div>",
 "remarks": "本词条汉字内容由 @多频百科团队 翻译+编辑\n原文译自 https://en.wikipedia.org/wiki/Turntablism",
 "remarksEn": "本词条内容来自 https://en.wikipedia.org/wiki/Turntablism",
 "status": 1,
 "clickNum": 17,
 "deleted": 0,
 "lang": 0,
 "chooseLang": true,
 "id": 27,
 "name": "Turntablism",
 "descriptions": "Turntablism（唱盘主义）是指用唱机转盘和混音器控制和创造音乐内容的艺术。",
 "originalName": "唱盘主义, 搓碟, 打碟",
 "startTimeText": "1970s",
 "startAddress": "美国纽约",
 "searchStyle": "Turntablism",
 "styleCategory": "Fusion Genres",
 "originalStyle": "",
 "affectStyle": "",
 "deriveStyle": "",
 "representArtist": "DJ Kool Herc, DJ Q-bert",
 "officialUrl": "https://en.wikipedia.org/wiki/Turntablism",
 "typeId": 13,
 "typeName": "风格",
 "dataId": 27,
 "url": "http://dropinapp.hearinmusic.com/#/ency?typeId=13&dataId=27"
}