{
 "pageNum": 1,
 "pageSize": 10,
 "params": {},
 "relationChannel": "[{\"id\":1199,\"parentId\":8,\"name\":\"UK Bass\"}]",
 "content": "<div class=\"document\">\n<p>UK bass，又称bass music，是21世纪中期在英国出现的俱乐部音乐，受到House、Grime、dubstep、UK garage、R&amp;B和UK funky等不同流派的影响。当艺术家们开始模糊地融合这些已定义的流派的声音，同时又强调打击乐的、以贝斯为主导的节奏时，\"UK bass \"一词就开始使用了。</p>\n<p>&nbsp;</p>\n<p>UK bass有时与bassline或post-dubstep混为一谈。它不能与hip hop和electro为基础的流派Miami bass混为一谈，Miami bass有时也被称为 \"bass music\"。</p>\n<p>&nbsp;</p>\n<p class=\"paragraph text-align-type-left pap-line-1.8 pap-line-rule-auto pap-spacing-before-0pt pap-spacing-after-0pt\"><strong>起源 </strong></p>\n<p class=\"paragraph text-align-type-left pap-line-1.8 pap-line-rule-auto pap-spacing-before-0pt pap-spacing-after-0pt\">与UK Bass这个词相关的风格的广泛性使它无法成为一个特定的音乐流派。Pitchfork的作者Martin Clark曾表示，\"试图对我们所涵盖的领域进行松散定义的善意尝试是徒劳的，而且肯定是有缺陷的。这不是一个流派。然而，考虑到其中的联系、互动和自由流动的想法......你不能把所有这些行为都视为无关紧要。\" 2011年9月，Dubstep制作人Skream在接受《独立报》采访时表示：</p>\n<p class=\"paragraph text-align-type-left pap-line-1.8 pap-line-rule-auto pap-spacing-before-0pt pap-spacing-after-0pt\">&nbsp;</p>\n<p class=\"paragraph text-align-type-left pap-line-1.8 pap-line-rule-auto pap-spacing-before-0pt pap-spacing-after-0pt\" style=\"padding-left: 30px;\"><em>\"Dubstep。dubstep这个词被很多人使用，有很多人被贴上了dubstep的标签。他们不想被贴上标签，也不应该被贴上标签--这不是他们所推崇的......。当我说'UK bass'的时候，每个英国人都会联想到，所以如果叫这个名字的话，会容易很多。\"</em></p>\n<p class=\"paragraph text-align-type-left pap-line-1.8 pap-line-rule-auto pap-spacing-before-0pt pap-spacing-after-0pt\">&nbsp;</p>\n<p class=\"paragraph text-align-type-left pap-line-1.8 pap-line-rule-auto pap-spacing-before-0pt pap-spacing-after-0pt\">在英国，自2000年代末2010年代初以来，bass音乐取得了主流音乐的重大成功，如James Blake、Benga、Example、Burial、Sophie Xeon、Zomby、Chase &amp; Status、Skream、TNGHT、Ash Bowles和Wretch 32等艺术家。post-dubstep \"这个词一直被用来代指艺术家，如Blake、Mount Kimbie和Fantastic Mr.Fox，他们的作品借鉴了UK garage, 2-step, 和其他形式的地下舞曲，以及ambient music 和早期 R&amp;B。</p>\n<p class=\"paragraph text-align-type-left pap-line-1.8 pap-line-rule-auto pap-spacing-before-0pt pap-spacing-after-0pt\">&nbsp;</p>\n<p class=\"paragraph text-align-type-left pap-line-1.8 pap-line-rule-auto pap-spacing-before-0pt pap-spacing-after-0pt\">在夜店之外，UK bass主要在Sub.FM和Rinse FM等网络电台上推广和播放。21世纪2010年代 2010年代末，UK bass在美国迅速崛起。随着其他较重的流派如dubstep和trap在主流中开始衰落，西海岸贝斯先锋Bassnectar、G Jones、Shades（由Eprom和Alix Perez组成）和CharlesTheFirst等艺术家。</p>\n<p class=\"paragraph text-align-type-left pap-line-1.8 pap-line-rule-auto pap-spacing-before-0pt pap-spacing-after-0pt\">&nbsp;</p>\n<p class=\"paragraph text-align-type-left pap-line-1.8 pap-line-rule-auto pap-spacing-before-0pt pap-spacing-after-0pt\">UK Bass是一个宽泛的名词，指的是2009年和2010年从Dubstep和UK Funky中产生的英国舞蹈音乐的某些风格发展。它强调Bass和Subbass，但倾向于实验结构和格式，以及bpm的变化。其他类型的影响，如Juke，Footwork，Techno，House，UK Garage，Contemporary R&amp;B和Wonky，经常被重新利用，并通过Dubstep和UK Funky声音过滤。其结果是各种不同类型声音，不断延伸或打破了后一种风格的阻碍。诸如Night Slugs、Numbers.、Hessle Audio和Swamp 81等厂牌，以及Ben UFO、Oneman和Pearson Sound等DJ，都对这种风格的流行产生了影响。</p>\n</div>",
 "contentEn": "<p><strong>UK bass</strong>, also called&nbsp;<strong>bass music</strong>, is&nbsp;club music&nbsp;that emerged in the&nbsp;United Kingdom&nbsp;during the mid-2000s under the influence of diverse genres such as&nbsp;house,&nbsp;grime,&nbsp;dubstep,&nbsp;UK garage,&nbsp;R&amp;B, and&nbsp;UK funky.<sup id=\"cite_ref-ra_1-0\" class=\"reference\">[1]</sup>&nbsp;The term \"UK bass\" came into use as artists began ambiguously blending the sounds of these defined genres while maintaining an emphasis on percussive,&nbsp;bass-led&nbsp;rhythm.<sup id=\"cite_ref-sound_2-0\" class=\"reference\">[2]</sup></p>\n<p>&nbsp;</p>\n<p>UK bass is sometimes conflated with&nbsp;bassline&nbsp;or&nbsp;post-dubstep.<sup id=\"cite_ref-P_3-0\" class=\"reference\">[3]</sup><sup id=\"cite_ref-guardiansam_4-0\" class=\"reference\">[4]</sup>&nbsp;It is not to be confused with the&nbsp;hip hop&nbsp;and&nbsp;electro-based genre&nbsp;Miami bass, which is sometimes called \"bass music\" as well.<sup id=\"cite_ref-5\" class=\"reference\">[5]</sup></p>\n<h2>&nbsp;</h2>\n<h2><span id=\"Origins\" class=\"mw-headline\">Origins</span></h2>\n<p>The breadth of styles that have come to be associated with the term preclude it from being a specific musical genre.&nbsp;<em>Pitchfork</em>&nbsp;writer Martin Clark has suggested that \"well-meaning attempts to loosely define the ground we're covering here are somewhat futile and almost certainly flawed. This is not one genre. However, given the links, interaction, and free-flowing ideas&nbsp;... you can't dismiss all these acts as unrelated.\"<sup id=\"cite_ref-P_3-1\" class=\"reference\">[3]</sup>&nbsp;Dubstep&nbsp;producer&nbsp;Skream&nbsp;is quoted in an interview with&nbsp;<em>The Independent</em>&nbsp;in September 2011 as saying:</p>\n<blockquote>\n<p>&nbsp;</p>\n<p>The word dubstep is being used by a lot of people and there were a lot of people being tagged with the dubstep brush. They don't want to be tagged with it and shouldn't be tagged with it &ndash; that's not what they're pushing... When I say 'UK bass', it's what everyone UK is associated with so it would be a lot easier if it was called that.\"<sup id=\"cite_ref-6\" class=\"reference\">[6]</sup></p>\n</blockquote>\n<p>&nbsp;</p>\n<p>In the&nbsp;United Kingdom, bass music has had major mainstream success since the late 2000s and early 2010s, with artists such as&nbsp;James Blake,<sup id=\"cite_ref-P_3-2\" class=\"reference\">[3]</sup>&nbsp;Benga,&nbsp;Example,&nbsp;Burial,&nbsp;Sophie Xeon,&nbsp;Zomby,<sup id=\"cite_ref-7\" class=\"reference\">[7]</sup>&nbsp;Chase &amp; Status,&nbsp;Skream,&nbsp;TNGHT, Ash Bowles and&nbsp;Wretch 32.&nbsp;<sup id=\"cite_ref-8\" class=\"reference\">[8]</sup>&nbsp;The term \"post-dubstep\" has been used synonymously to refer to artists, such as Blake,&nbsp;Mount Kimbie&nbsp;and Fantastic Mr. Fox whose work drew on UK garage, 2-step, and other forms of underground dance music, as well as&nbsp;ambient music&nbsp;and early&nbsp;R&amp;B.<sup id=\"cite_ref-S_9-0\" class=\"reference\">[9]</sup><sup id=\"cite_ref-10\" class=\"reference\">[10]</sup><sup id=\"cite_ref-11\" class=\"reference\">[11]</sup><sup id=\"cite_ref-12\" class=\"reference\">[12]</sup><sup id=\"cite_ref-13\" class=\"reference\">[13]</sup>&nbsp;Outside of nightclubs, UK bass has mainly been promoted and played on&nbsp;Internet radio&nbsp;stations such as&nbsp;Sub.FM&nbsp;and&nbsp;Rinse FM.<sup id=\"cite_ref-14\" class=\"reference\">[14]</sup><sup id=\"cite_ref-15\" class=\"reference\">[15]</sup></p>\n<h2>&nbsp;</h2>\n<h2><span id=\"References\" class=\"mw-headline\">References</span></h2>\n<div class=\"reflist reflist-columns references-column-width\">\n<ol class=\"references\">\n<li id=\"cite_note-ra-1\"><span class=\"mw-cite-backlink\"><strong>^</strong></span>&nbsp;<span class=\"reference-text\"><cite id=\"CITEREFRyce\" class=\"citation web cs1\">Ryce, Andrew.&nbsp;\"Bass / House\".&nbsp;<em>Resident Advisor</em><span class=\"reference-accessdate\">. Retrieved&nbsp;<span class=\"nowrap\">11 April</span>&nbsp;2016</span>.</cite></span></li>\n<li id=\"cite_note-sound-2\"><span class=\"mw-cite-backlink\"><strong>^</strong></span>&nbsp;<span class=\"reference-text\"><cite id=\"CITEREFtimi\" class=\"citation web cs1\">timi.&nbsp;\"The Best UK Bass Music of 2012 (so far)\".&nbsp;<em>Archive.org</em><span class=\"reference-accessdate\">. Retrieved&nbsp;<span class=\"nowrap\">28 June</span>&nbsp;2020</span>.</cite></span></li>\n<li id=\"cite_note-P-3\"><span class=\"mw-cite-backlink\">^&nbsp;<span class=\"cite-accessibility-label\">Jump up to:</span><sup><em><strong>a</strong></em></sup>&nbsp;<sup><em><strong>b</strong></em></sup>&nbsp;<sup><em><strong>c</strong></em></sup></span>&nbsp;<span class=\"reference-text\"><cite id=\"CITEREFClark2011\" class=\"citation web cs1\">Clark, Martin (4 May 2011).&nbsp;\"Grime / Dubstep\".&nbsp;<em>Pitchfork</em><span class=\"reference-accessdate\">. Retrieved&nbsp;<span class=\"nowrap\">12 June</span>&nbsp;2011</span>.</cite></span></li>\n<li id=\"cite_note-guardiansam-4\"><span class=\"mw-cite-backlink\"><strong>^</strong></span>&nbsp;<span class=\"reference-text\"><cite id=\"CITEREFRichards\" class=\"citation web cs1\">Richards, Sam.&nbsp;\"The UK leads the way\".&nbsp;<em>The Guardian</em><span class=\"reference-accessdate\">. Retrieved&nbsp;<span class=\"nowrap\">23 August</span>&nbsp;2016</span>.</cite></span></li>\n<li id=\"cite_note-5\"><span class=\"mw-cite-backlink\"><strong>^</strong></span>&nbsp;<span class=\"reference-text\">See for example:&nbsp;Allmusic&nbsp;biography on electro act&nbsp;Dynamix II.</span></li>\n<li id=\"cite_note-6\"><span class=\"mw-cite-backlink\"><strong>^</strong></span>&nbsp;<span class=\"reference-text\"><cite id=\"CITEREFMoir2011\" class=\"citation news cs1\">Moir, Sam (13 September 2011).&nbsp;\"Skream: \"I want to make sure once this fad dies out, I'm still standing<span class=\"cs1-kern-right\">\"</span>\".&nbsp;<em>The Independent</em>. London. Archived from&nbsp;the original&nbsp;on 26 December 2011<span class=\"reference-accessdate\">. Retrieved&nbsp;<span class=\"nowrap\">4 January</span>&nbsp;2012</span>.</cite></span></li>\n<li id=\"cite_note-7\"><span class=\"mw-cite-backlink\"><strong>^</strong></span>&nbsp;<span class=\"reference-text\"><cite class=\"citation web cs1\">\"Zomby: Ultra Album Review &ndash; Pitchfork\".</cite></span></li>\n<li id=\"cite_note-8\"><span class=\"mw-cite-backlink\"><strong>^</strong></span>&nbsp;<span class=\"reference-text\"><cite id=\"CITEREFFitzpatrick2011\" class=\"citation web cs1\">Fitzpatrick, Rob (30 June 2011).&nbsp;\"Example: 'I have a formula now<span class=\"cs1-kern-right\">'</span>\"&nbsp;&ndash; via The Guardian.</cite></span></li>\n<li id=\"cite_note-S-9\"><span class=\"mw-cite-backlink\"><strong>^</strong></span>&nbsp;<span class=\"reference-text\"><cite id=\"CITEREFAaron2011\" class=\"citation web cs1\">Aaron, Charles (4 March 2011).&nbsp;\"10 Post-Dubstep Artists Who Matter\".&nbsp;<em>Spin</em>.</cite></span></li>\n<li id=\"cite_note-10\"><span class=\"mw-cite-backlink\"><strong>^</strong></span>&nbsp;<span class=\"reference-text\"><cite id=\"CITEREFMoore2011\" class=\"citation web cs1\">Moore, Thad (12 July 2011).&nbsp;\"SBTRKT adds to post-dubstep genre\".&nbsp;<em>The Daily Gamecock</em>. Archived from&nbsp;the original&nbsp;on 16 July 2011.</cite></span></li>\n<li id=\"cite_note-11\"><span class=\"mw-cite-backlink\"><strong>^</strong></span>&nbsp;<span class=\"reference-text\"><cite id=\"CITEREFGuidry2011\" class=\"citation web cs1\">Guidry, Jake (19 May 2011).&nbsp;\"Blawan takes post-dubstep and UK house out of its comfort zone\".&nbsp;<em>XLR8R</em>. Archived from&nbsp;the original&nbsp;on 2 September 2011.</cite></span></li>\n<li id=\"cite_note-12\"><span class=\"mw-cite-backlink\"><strong>^</strong></span>&nbsp;<span class=\"reference-text\"><cite class=\"citation web cs1\">\"Fantastic Mr Fox (No 910)\".&nbsp;<em>The Guardian</em>. 6 January 2011.</cite></span></li>\n<li id=\"cite_note-13\"><span class=\"mw-cite-backlink\"><strong>^</strong></span>&nbsp;<span class=\"reference-text\"><cite class=\"citation news cs1\">\"A profile of James Blake &ndash; post-dubstep artist\".&nbsp;<em>BBC News</em>. 6 January 2011.</cite></span></li>\n<li id=\"cite_note-14\"><span class=\"mw-cite-backlink\"><strong>^</strong></span>&nbsp;<span class=\"reference-text\"><cite id=\"CITEREFTidey2008\" class=\"citation web cs1\">Tidey, Jimmy (5 April 2008).&nbsp;\"The Rise of Online Radio\". Archived from&nbsp;the original&nbsp;on 19 July 2018<span class=\"reference-accessdate\">. Retrieved&nbsp;<span class=\"nowrap\">29 May</span>&nbsp;2017</span>.</cite></span></li>\n<li id=\"cite_note-15\"><span class=\"mw-cite-backlink\"><strong>^</strong></span>&nbsp;<span class=\"reference-text\"><cite id=\"CITEREFClark2010\" class=\"citation web cs1\">Clark, Martin (17 November 2010).&nbsp;\"Grime / Dubstep\".&nbsp;<em>Pitchfork</em><span class=\"reference-accessdate\">. Retrieved&nbsp;<span class=\"nowrap\">10 September</span>&nbsp;2017</span>.</cite></span></li>\n</ol>\n</div>",
 "remarks": "本词条汉字内容由 @多频百科团队 翻译+编辑\n原文译自 https://en.wikipedia.org/wiki/UK_bass",
 "remarksEn": "本词条内容来自 https://en.wikipedia.org/wiki/UK_bass",
 "status": 1,
 "clickNum": 24,
 "deleted": 0,
 "lang": 0,
 "chooseLang": true,
 "id": 156,
 "name": "UK Bass",
 "descriptions": "UK bass，又称bass music，是21世纪中期在英国出现的俱乐部音乐，受到House、Grime、dubstep、UK garage、R&B和UK funky等不同流派的影响。当艺术家们开始模糊地融合这些已定义的流派的声音，同时又强调打击乐的、以贝斯为主导的节奏时，\"UK bass \"一词就开始使用了。\n\nUK bass有时与bassline或post-dubstep混为一谈。它不能与hip hop和electro为基础的流派Miami bass混为一谈，Miami bass有时也被称为 \"bass music\"。",
 "originalName": "",
 "startTimeText": "Mid-2000s",
 "startAddress": "United Kingdom",
 "searchStyle": "Dubstep, Bass Music",
 "styleCategory": "Dubstep",
 "originalStyle": "Dubstep, UK garage, 2-step, house, UK funky, contemporary R&B, grime, IDM, techno, other forms of electronic dance music",
 "affectStyle": "",
 "deriveStyle": "",
 "representArtist": "James Blake, Benga, Example, Burial, Sophie Xeon, Zomby, Chase & Status, Skream, TNGHT, Ash Bowles, Wretch 32",
 "officialUrl": "https://en.wikipedia.org/wiki/UK_bass",
 "typeId": 13,
 "typeName": "风格",
 "dataId": 156,
 "url": "http://dropinapp.hearinmusic.com/#/ency?typeId=13&dataId=156"
}