{
 "pageNum": 1,
 "pageSize": 10,
 "params": {},
 "relationChannel": "[{\"id\":1182,\"parentId\":8,\"name\":\"UK Funky\"}]",
 "content": "<p>UK funky（有时也被称为UKF或funky）是一种来自英国的舞蹈音乐流派，深受Soulful house、soca、tribal house、UK garage、break beat和grime的影响。通常情况下，UK funky融合了节拍、贝斯循环和合成器与非洲和拉丁打击乐的dem bow节奏和当代R&amp;B风格的人声。</p>\n<p>&nbsp;</p>\n<p><strong>特点 </strong></p>\n<p>UK funky使用130bpm左右的节奏。鼓的模式在不同的音轨之间变化，使用 \"4 to the floor \"或切分节奏。鼓的模式通常还包括非洲打击乐演奏。乐器种类繁多，但鼓机和合成器是常见的。在节奏、音乐和人声风格上与garage有相似之处。UK funky受tribal、soulful和bassline house子流派的影响很大。类似的风格包括Afrobeats, broken beat, electro and garage。</p>\n<p><br /><strong>历史 </strong></p>\n<p>美国的House制作人如Masters At Work、Karizma、Quentin Harris和Dennis Ferrer都对UK funky产生影响。这一类型的歌曲包括Crazy Cousinz的歌曲 \"Do You Mind?\"、\"Bongo Jam \"和 \"The Funky Anthem\"，以及Fuzzy Logik以埃及的 \"In The Morning \"为特色。</p>\n<p>&nbsp;</p>\n<p>流行歌曲还产生了舞蹈热潮，如 \"Heads Shoulders Knees and Toes\", \"The Tribal Man Skank\" and \"The Migraine Skank\"。其他著名的艺术家包括Apple、Marcus Nasty、Tribal Magz、Donae'o、KIG、Roska、Champion、Ill Blu、Lil' Silva和Funkystepz。</p>\n<p>&nbsp;</p>\n<p>在UK funky中扮演重要角色的DJ和MC包括DJ Pioneer、Supa D、MA1、Cameo、NG、MC Kaos Spidey G、Coldstepz和Dogtaniaun &amp; Versatile。</p>\n<p>&nbsp;</p>\n<p>Funky Dee在2009年录制的 \"Are You Gonna Bang Doe? \"取得了主流的成功，并被环球音乐集团签约。这首歌被Ed Sheeran在2010年与 \"Nando's Skank \"Example一起的freestyle中插播，后来被Sun Bingo插播到2018年的 \"Are You Gonna Bingo？\"广告活动中。这首歌曲被蒂姆-韦斯特伍德描述为 \"夏天的配乐\"，\"取代了俱乐部中的 \"Too Many Man\"\"，被TRENCH杂志描述为 \"Ayia Napa anthem\"。而评论家包括Vice的Sam Diss，他认为这仅仅只是几首常规的曲目之一，\"实际上证实了,一首将很快成为这个国家里的新奇配乐，最终导致它的消亡\"，而Marcus Nasty则声称它为这种风格成为 \"儿童音乐 \"做出了贡献。</p>\n<p>&nbsp;</p>\n<p>2011年，人气歌手Katy B与Ms. Dynamite 在一首名为 \"Lights On\"的歌曲中进行了二重唱。这首歌在英国单曲榜上排名第四，也是英国第一首在英国上榜的UK funky歌曲。</p>",
 "contentEn": "<p><strong>UK funky</strong>&nbsp;(sometimes known as&nbsp;<strong>UKF</strong>&nbsp;or&nbsp;<strong>funky</strong><sup id=\"cite_ref-Now_1-0\" class=\"reference\">[1]</sup>) is a genre of&nbsp;electronic dance music&nbsp;from the&nbsp;United Kingdom&nbsp;that is heavily influenced by&nbsp;soulful house,&nbsp;soca,&nbsp;tribal house,&nbsp;UK garage,&nbsp;broken beat&nbsp;and&nbsp;grime.<sup id=\"cite_ref-Now_1-1\" class=\"reference\">[1]</sup>&nbsp;Typically, UK funky blends beats, bass loops and synths with African and&nbsp;Latin percussion&nbsp;in the&nbsp;dem bow&nbsp;rhythm and&nbsp;contemporary R&amp;B-style vocals.</p>\n<p>&nbsp;</p>\n<h2><span id=\"Characteristics\" class=\"mw-headline\">Characteristics</span></h2>\n<p>UK funky uses tempos of around 130bpm. Drum patterns vary between tracks, using either \"4 to the floor\" or a syncopated style. The drum patterns commonly also include percussion playing African inspired rhythms. Instrumentation varies widely, but&nbsp;drum machines&nbsp;and&nbsp;synthesizers&nbsp;are common. There are similarities to&nbsp;garage&nbsp;in rhythmic, musical and vocal styles. UK funky is highly influenced by the&nbsp;tribal,&nbsp;soulful&nbsp;and&nbsp;bassline&nbsp;house subgenres. Similar genres include&nbsp;Afrobeats,&nbsp;broken beat,&nbsp;electro&nbsp;and garage.<sup class=\"noprint Inline-Template Template-Fact\">[<em><span title=\"This claim needs references to reliable sources. (June 2012)\">citation needed</span></em>]</sup></p>\n<h2>&nbsp;</h2>\n<h2><span id=\"History\" class=\"mw-headline\">History</span></h2>\n<p>US house producers such as&nbsp;Masters At Work,&nbsp;Karizma&nbsp;(with \"Twyst This\"),&nbsp;Quentin Harris&nbsp;and&nbsp;Dennis Ferrer&nbsp;(with a remix of&nbsp;Fish Go Deep's \"The Cure and the Cause\"; and with \"Hey Hey\") have had an influence on UK funky.</p>\n<p>&nbsp;</p>\n<p>Hits from this genre include the Crazy Cousinz songs \"Do You Mind?\", \"Bongo Jam\" and \"The Funky Anthem\", and Fuzzy Logik featuring Egypt's \"In The Morning\". Popular songs have also produced dance crazes, such as \"Heads Shoulders Knees and Toes\", \"The Tribal Man Skank\" and \"The Migraine Skank\".<sup class=\"noprint Inline-Template Template-Fact\">[<em><span title=\"This claim needs references to reliable sources. (June 2012)\">citation needed</span></em>]</sup>&nbsp;Other notable artists include Apple, Marcus Nasty, Tribal Magz, Donae'o, KIG, Roska, Champion, Ill Blu, Lil' Silva and Funkystepz.<sup class=\"noprint Inline-Template Template-Fact\">[<em><span title=\"This claim needs references to reliable sources. (March 2017)\">citation needed</span></em>]</sup>&nbsp;DJs and MCs that have played a role in UK funky include DJ Pioneer, Supa D, MA1, Cameo, NG, MC Kaos Spidey G, Coldstepz, and Dogtaniaun &amp; Versatile.<sup class=\"noprint Inline-Template Template-Fact\">[<em><span title=\"This claim needs references to reliable sources. (March 2017)\">citation needed</span></em>]</sup></p>\n<p>&nbsp;</p>\n<p>Funky Dee's \"Are You Gonna Bang Doe?\", recorded in 2009, achieved mainstream success and was signed to&nbsp;Universal Music Group. It was interpolated by&nbsp;Ed Sheeran&nbsp;in his viral 2010 freestyle alongside&nbsp;Example, the \"Nando's Skank\",<sup id=\"cite_ref-2\" class=\"reference\">[2]</sup>&nbsp;and was later interpolated by&nbsp;Sun Bingo&nbsp;for their 2018 \"Are You Gonna Bingo?\" advertising campaign.<sup id=\"cite_ref-3\" class=\"reference\">[3]</sup>&nbsp;The track was described by&nbsp;Tim Westwood&nbsp;as \"the summer soundtrack\" which \"replaced [Boy Better Know's] \"Too Many Man\" in the clubs\"<sup id=\"cite_ref-4\" class=\"reference\">[4]</sup>&nbsp;and by&nbsp;<em>TRENCH Magazine</em>&nbsp;as an \"Ayia Napa anthem\".<sup id=\"cite_ref-5\" class=\"reference\">[5]</sup>&nbsp;Critics included&nbsp;<em>Vice'</em>s Sam Diss, who considered it to be one of several tracks \"that practically confirmed [UK funky] would soon become the novelty soundtrack to every bad freshers week in the country, eventually leading to its demise\",<sup id=\"cite_ref-6\" class=\"reference\">[6]</sup>&nbsp;and&nbsp;Marcus Nasty, who claimed it contributed to the genre becoming \"kiddies' music\".<sup id=\"cite_ref-7\" class=\"reference\">[7]</sup></p>\n<p>&nbsp;</p>\n<p>Popular singer&nbsp;Katy B&nbsp;duetted with&nbsp;Ms. Dynamite&nbsp;on a track called \"Lights On\". It reached number four in the&nbsp;UK Singles Chart&nbsp;and was the first UK funky track to chart in the UK.<sup class=\"noprint Inline-Template Template-Fact\">[<em><span title=\"This claim needs references to reliable sources. (June 2012)\">citation needed</span></em>]</sup></p>\n<h2>&nbsp;</h2>\n<h2><span id=\"References\" class=\"mw-headline\">References</span></h2>\n<div class=\"mw-references-wrap\">\n<ol class=\"references\">\n<li id=\"cite_note-Now-1\"><span class=\"mw-cite-backlink\">^&nbsp;<span class=\"cite-accessibility-label\">Jump up to:</span><sup><em><strong>a</strong></em></sup>&nbsp;<sup><em><strong>b</strong></em></sup></span>&nbsp;<span class=\"reference-text\"><cite id=\"CITEREFMcDonnell2008\" class=\"citation cs2\">McDonnell, John (2008-08-18),&nbsp;\"Broken beat meets tribal house? Now that's what I call... funky?\",&nbsp;<em>The Guardian</em>, guardian.co.uk,&nbsp;archived&nbsp;from the original on 2014-04-24<span class=\"reference-accessdate\">, retrieved&nbsp;<span class=\"nowrap\">2009-12-24</span></span></cite></span></li>\n<li id=\"cite_note-2\"><span class=\"mw-cite-backlink\"><strong>^</strong></span>&nbsp;<span class=\"reference-text\"><cite class=\"citation web cs1\">\"Example Tour Vid 8: \"Example &amp; Ed Sheeran perform the Nando's Skank<span class=\"cs1-kern-right\">\"</span>\".&nbsp;<em>YouTube</em>. 2010-05-10.&nbsp;Archived&nbsp;from the original on 2017-12-22<span class=\"reference-accessdate\">. Retrieved&nbsp;<span class=\"nowrap\">2019-07-20</span></span>.</cite></span></li>\n<li id=\"cite_note-3\"><span class=\"mw-cite-backlink\"><strong>^</strong></span>&nbsp;<span class=\"reference-text\"><cite id=\"CITEREFDeighton,_Katie2018\" class=\"citation web cs1\">Deighton, Katie (2018-02-23).&nbsp;\"Ad of the Day: Sun Bingo takes on 'Are You Gonna Bang Doe' in surreal musical skit\".&nbsp;<em>The Drum</em>.&nbsp;Archived&nbsp;from the original on 2019-07-20<span class=\"reference-accessdate\">. Retrieved&nbsp;<span class=\"nowrap\">2019-07-20</span></span>.</cite></span></li>\n<li id=\"cite_note-4\"><span class=\"mw-cite-backlink\"><strong>^</strong></span>&nbsp;<span class=\"reference-text\"><cite class=\"citation web cs1\">\"Funky Dee Are You Gonna Bang Doe - Westwood\".&nbsp;<em>YouTube</em>. 2010-12-17.</cite></span></li>\n<li id=\"cite_note-5\"><span class=\"mw-cite-backlink\"><strong>^</strong></span>&nbsp;<span class=\"reference-text\"><cite class=\"citation web cs1\">\"EXCLUSIVE: Funky Dee And Mischief Square Off For A Heated Round Of 'Lord Of The Mics 8<span class=\"cs1-kern-right\">'</span>\".&nbsp;<em>TRENCH Magazine</em>. 2019-06-09.&nbsp;Archived&nbsp;from the original on 2019-07-20<span class=\"reference-accessdate\">. Retrieved&nbsp;<span class=\"nowrap\">2019-07-20</span></span>.</cite></span></li>\n<li id=\"cite_note-6\"><span class=\"mw-cite-backlink\"><strong>^</strong></span>&nbsp;<span class=\"reference-text\"><cite id=\"CITEREFDiss,_Sam2016\" class=\"citation web cs1\">Diss, Sam (2016-04-19).&nbsp;\"Blackberry Messenger, Sticky Nightclubs, and Gucci Loafers: Remembering Funky House\".&nbsp;<em>Vice</em>.&nbsp;Archived&nbsp;from the original on 2019-07-20<span class=\"reference-accessdate\">. Retrieved&nbsp;<span class=\"nowrap\">2019-07-20</span></span>.</cite></span></li>\n<li id=\"cite_note-7\"><span class=\"mw-cite-backlink\"><strong>^</strong></span>&nbsp;<span class=\"reference-text\"><cite class=\"citation web cs1\">\"Marcus Nasty talks music beef, rumours and the original Chicken Connoisseur\".&nbsp;<em>YouTube</em>. 2019-06-20.&nbsp;Archived&nbsp;from the original on 2019-06-26<span class=\"reference-accessdate\">. Retrieved&nbsp;<span class=\"nowrap\">2019-07-20</span></span>.</cite></span></li>\n</ol>\n</div>",
 "remarks": "本词条汉字内容由 @多频百科团队 翻译+编辑\n原文译自 https://en.wikipedia.org/wiki/UK_funky",
 "remarksEn": "本词条内容来自 https://en.wikipedia.org/wiki/UK_funky",
 "status": 1,
 "clickNum": 13,
 "deleted": 0,
 "lang": 0,
 "chooseLang": true,
 "id": 134,
 "name": "UK Funky",
 "descriptions": "UK funky（有时也被称为UKF或funky）是一种来自英国的舞蹈音乐流派，深受Soulful house、soca、tribal house、UK garage、break beat和grime的影响。通常情况下，UK funky融合了节拍、贝斯循环和合成器与非洲和拉丁打击乐的dem bow节奏和当代R&B风格的人声。",
 "originalName": "UKF, Funky",
 "startTimeText": "Mid-2000s",
 "startAddress": " London, England",
 "searchStyle": "UK Garage",
 "styleCategory": "UK Garage",
 "originalStyle": "Soulful house, afrobeat, socatribal house, UK garage, broken beat, electro house, grime",
 "affectStyle": "",
 "deriveStyle": "",
 "representArtist": "Crazy Cousinz, Funky Dee",
 "officialUrl": "https://en.wikipedia.org/wiki/UK_funky",
 "typeId": 13,
 "typeName": "风格",
 "dataId": 134,
 "url": "http://dropinapp.hearinmusic.com/#/ency?typeId=13&dataId=134"
}