{
 "pageNum": 1,
 "pageSize": 10,
 "params": {},
 "relationChannel": "[{\"id\":613,\"parentId\":8,\"name\":\"UK Garage\"}]",
 "relationEncy": "[{\"id\":36453,\"typeId\":13,\"dataId\":126,\"name\":\"2-step Garage\",\"url\":\"http://dropinapp.hearinmusic.com/#/ency?typeId=13&dataId=126\"},{\"id\":36455,\"typeId\":13,\"dataId\":128,\"name\":\"Future Garage\",\"url\":\"http://dropinapp.hearinmusic.com/#/ency?typeId=13&dataId=128\"},{\"id\":36336,\"typeId\":13,\"dataId\":9,\"name\":\"Dubstep\",\"url\":\"http://dropinapp.hearinmusic.com/#/ency?typeId=13&dataId=9\"}]",
 "content": "<div class=\"document\">\n<p class=\"paragraph text-align-type-left pap-line-1.8 pap-line-rule-auto pap-spacing-before-0pt pap-spacing-after-0pt\">UK Garage（简称UKG，译作英国车库）是一种电子音乐流派，90年代初至中期发源于英国。该流派融合了Garage House、R&amp;B、Jungle和舞曲等风格。它通常以打击乐和shuffled节奏配以切分音的hi-hat、cymbals和snares为特色，可以是4/4 House或更为不规律的2-Step节奏型。Garage的曲目通常也会有 \"切片\"和时长拉伸或音高变换的人声采样，以补充底层的节奏结构，曲速通常在130 BPM左右。UK Garage产生了Speed Garage和2-step等子流派，然后在2000年代中期广泛衍生为其他音乐和制作风格，包括Bassline、Grime和Dubstep。在2000年代中期，UK Garage的衰落也催生了UK Funky的诞生，二者间有紧密的联系。</p>\n<p class=\"paragraph text-align-type-left pap-line-1.8 pap-line-rule-auto pap-spacing-before-0pt pap-spacing-after-0pt\">&nbsp;</p>\n<p class=\"paragraph text-align-type-left pap-line-1.8 pap-line-rule-auto pap-spacing-before-0pt pap-spacing-after-0pt\"><strong>起源</strong></p>\n<p class=\"paragraph text-align-type-left pap-line-1.8 pap-line-rule-auto pap-spacing-before-0pt pap-spacing-after-0pt\">20世纪90年代初至中期，House音乐在英国的演变催生了UK Garage这一术语，如之前由美国纽约Paradise Garage俱乐部的DJ们创造的音乐，逐渐形成了一种新的音乐形式即speed&nbsp;garage。&nbsp;在90年代初，美国speed&nbsp;garage的先驱DJ Todd Edwards，开始Remix更多的Soulful House唱片，并加入了更多的时长变化和人声采样。&nbsp;然而，直到来自北伦敦的DJ EZ发在格林威治的一家夜总会以更快的曲速播放Edwards的曲目后，这一音乐流派才真正起飞。</p>\n<p class=\"paragraph text-align-type-left pap-line-1.8 pap-line-rule-auto pap-spacing-before-0pt pap-spacing-after-0pt\">&nbsp;</p>\n<p class=\"paragraph text-align-type-left pap-line-1.8 pap-line-rule-auto pap-spacing-before-0pt pap-spacing-after-0pt\" style=\"text-align: center;\"><img src=\"https://duopin-community.oss-cn-shenzhen.aliyuncs.com/hvnklre8jtk2drbsilxi.png\" alt=\"\" width=\"1080\" height=\"720\" /></p>\n<p class=\"paragraph text-align-type-left pap-line-1.8 pap-line-rule-auto pap-spacing-before-0pt pap-spacing-after-0pt\" style=\"text-align: center;\"><span style=\"font-size: 8pt;\">英国UK Garage音乐先驱DJ EZ</span></p>\n<p class=\"paragraph text-align-type-left pap-line-1.8 pap-line-rule-auto pap-spacing-before-0pt pap-spacing-after-0pt\">&nbsp;</p>\n<p class=\"paragraph text-align-type-left pap-line-1.8 pap-line-rule-auto pap-spacing-before-0pt pap-spacing-after-0pt\">在90年代末，\"UK&nbsp;garage \"这个词才被确定下来。&nbsp;这种风格现在经常与其他形式的音乐如灵魂乐、说唱、reggae、ragga&nbsp;和R&amp;B结合在一起，都被大致归入Urban音乐的范围。UK&nbsp;garage 的发音遵循英式发音即/ˈɡ&aelig;rɪdʒ/ GARR-ij，而不是美式发音/ɡəˈrɑːʒ/ gə-rahzh。</p>\n<p class=\"paragraph text-align-type-left pap-line-1.8 pap-line-rule-auto pap-spacing-before-0pt pap-spacing-after-0pt\">&nbsp;</p>\n<p class=\"paragraph text-align-type-left pap-line-1.8 pap-line-rule-auto pap-spacing-before-0pt pap-spacing-after-0pt\">艺术家，如Craig David, Grant Nelson, MJ Cole, Artful Dodger, Jaimeson, So Solid Crew, Heartless Crew, the Streets, Shanks &amp; Bigfoot, DJ Luck &amp; MC Neat, Sunship (Ceri Evans), Oxide &amp; Neutrino等人助推UK&nbsp;garage在英国成为主流音乐，而Dizzee Rascal, Wiley和Kano的加入则提高了UK&nbsp;garage的分支Grime的知名度。</p>\n<p class=\"paragraph text-align-type-left pap-line-1.8 pap-line-rule-auto pap-spacing-before-0pt pap-spacing-after-0pt\">&nbsp;</p>\n<div>\n<div class=\"document\">\n<p class=\"paragraph text-align-type-left pap-line-1.8 pap-line-rule-auto pap-spacing-before-0pt pap-spacing-after-0pt\">Cole曾经说过，\"伦敦是一个多元化的城市......它就像一个年轻人的大熔炉，这在UK&nbsp;garage的音乐中得到了体现\"。</p>\n<p class=\"paragraph text-align-type-left pap-line-1.8 pap-line-rule-auto pap-spacing-before-0pt pap-spacing-after-0pt\">&nbsp;</p>\n<p class=\"paragraph text-align-type-left pap-line-1.8 pap-line-rule-auto pap-spacing-before-0pt pap-spacing-after-0pt\">一些知名女歌手将这种风格的音乐融入到她们的歌曲中，包括Lisa Maffia、Ms. Dynamite、Kele Le Roc、Shola Ama、Sweet&nbsp;Female&nbsp;Attitude,&nbsp;Mis-Teeq&nbsp;和Colour&nbsp;Girl。</p>\n<p class=\"paragraph text-align-type-left pap-line-1.8 pap-line-rule-auto pap-spacing-before-0pt pap-spacing-after-0pt\">&nbsp;</p>\n<p class=\"paragraph text-align-type-left pap-line-1.8 pap-line-rule-auto pap-spacing-before-0pt pap-spacing-after-0pt\" style=\"padding-left: 30px;\"><em>'Garage'&nbsp;混合了许多种其他的风格，这个词来源于Paradise&nbsp;Garage本身，但它对不同的人意味着不同的东西，除非你在谈论一个特定的时间和地点，否则它几乎没有意义。&nbsp;造成这种混乱的部分原因（除了各种新闻误解和行业误用）是，garage音乐播放的范围是如此广泛。&nbsp;我们现在称之为 \"Garage \"的音乐只是从俱乐部音带中的一小部分演变而来。</em></p>\n<p class=\"paragraph text-align-type-left pap-line-1.8 pap-line-rule-auto pap-spacing-before-0pt pap-spacing-after-0pt\" style=\"padding-left: 30px;\">&nbsp;</p>\n<p class=\"paragraph text-align-type-left pap-line-1.8 pap-line-rule-auto pap-spacing-before-0pt pap-spacing-after-0pt\" style=\"text-align: right; padding-left: 30px;\">---Frank&nbsp;Broughton/Bill&nbsp;Brewster在Last&nbsp;Night&nbsp;a&nbsp;DJ&nbsp;Saved&nbsp;My&nbsp;Life中写道。</p>\n<p class=\"paragraph text-align-type-left pap-line-1.8 pap-line-rule-auto pap-spacing-before-0pt pap-spacing-after-0pt\" style=\"text-align: right;\">&nbsp;</p>\n<div>\n<div class=\"document\">\n<p><strong>历史</strong></p>\n<p class=\"paragraph text-align-type-left pap-line-1.8 pap-line-rule-auto pap-spacing-before-0pt pap-spacing-after-0pt\"><span style=\"text-decoration: underline;\">与jungle的关系</span></p>\n<p class=\"paragraph text-align-type-left pap-line-1.8 pap-line-rule-auto pap-spacing-before-0pt pap-spacing-after-0pt\">在英国，jungle在当时非常流行，在jungle音乐活动中，garage音乐被放在第二个环节播放。在jungle音乐达到顶峰后，它转向了更强硬、更有科技感的声音，这令很多以女性为主的舞蹈爱好者离开这一场景。舍弃了170bpm的jungle bassline，在garage舞池130bpm的声音则更加感性和有灵魂乐的元素.</p>\n<p class=\"paragraph text-align-type-left pap-line-1.8 pap-line-rule-auto pap-spacing-before-0pt pap-spacing-after-0pt\">&nbsp;</p>\n<p class=\"paragraph text-align-type-left pap-line-1.8 pap-line-rule-auto pap-spacing-before-0pt pap-spacing-after-0pt\">DJ们开始加快garage的速度，使其更适合英国jungle的听众。媒体称这种改变了节奏的garage音乐为 \"speed garage\"，即4x4和2-step的前身。DJ通常会播放garage音乐的dub版本（没有人声的编排），因为音高变化的人声有时会使音乐无法辨认（尽管加速和拉伸的人声是早期jungle音乐的重要组成部分，后来在speed garage中也发挥了关键作用）。音乐中的人声缺失为MC留下了发挥的空间，他们开始为这些唱片献声作韵。</p>\n</div>\n</div>\n<p class=\"paragraph text-align-type-left pap-line-1.8 pap-line-rule-auto pap-spacing-before-0pt pap-spacing-after-0pt\">&nbsp;</p>\n<div>\n<div class=\"document\">\n<p><span style=\"text-decoration: underline;\">MC的作用</span></p>\n<p class=\"paragraph text-align-type-left pap-line-1.8 pap-line-rule-auto pap-spacing-before-0pt pap-spacing-after-0pt\">从那时起，MC就已经成为Speed和UK garage派对中不可缺少的一部分。Speed garage的早期推动者包括Dreem Teem和Tuff Jam，以及London Underground、Magic FM、Upfront FM和Freek FM等地下电台。在最初阶段，speed garage场景也被称为 \"周日场景\"，因为最初speed garage推广者只能在周日晚上租用场地（场地所有者更愿意把周五和周六晚上留给更流行的音乐风格）。新兴speed garage的厂牌包括Confetti、Public Demand、500 Rekords、Spread Love和VIP。</p>\n<p class=\"paragraph text-align-type-left pap-line-1.8 pap-line-rule-auto pap-spacing-before-0pt pap-spacing-after-0pt\">&nbsp;</p>\n<p><span style=\"text-decoration: underline;\">Speed garage</span></p>\n<p class=\"paragraph text-align-type-left pap-line-1.8 pap-line-rule-auto pap-spacing-before-0pt pap-spacing-after-0pt\">Speed garage包含了今天UK garage音乐的许多方面，如Sub-bass、ragga人声、旋转回声和reversed drums。随着时间的推移，出现了所谓的2-step声音，增添了更加前卫的元素，如当代R&amp;B风格的人声，更多的混合节奏和不同的鼓点模式。从speed garage到2-step，一个最彻底的变化是取消了每小节的第二和第四个bass kick。尽管每小节只有两个bass kick的曲目被认为比同BPM的传统4-to-the-floor节拍要慢，但通过引入切分音的bassline和其他音色如Pads和弦乐的打击形式使用，令听众兴趣不减。</p>\n<p class=\"paragraph text-align-type-left pap-line-1.8 pap-line-rule-auto pap-spacing-before-0pt pap-spacing-after-0pt\">&nbsp;</p>\n<div>\n<div class=\"document\">\n<p class=\"paragraph text-align-type-left pap-line-1.8 pap-line-rule-auto pap-spacing-before-0pt pap-spacing-after-0pt\">Speed garage以加快了的house节拍为特点，附加滚动的Snares，以及在当时的drum and bass制作人中很受欢迎的反向扭曲的bassline。</p>\n<p class=\"paragraph text-align-type-left pap-line-1.8 pap-line-rule-auto pap-spacing-before-0pt pap-spacing-after-0pt\">&nbsp;</p>\n<p class=\"paragraph text-align-type-left pap-line-1.8 pap-line-rule-auto pap-spacing-before-0pt pap-spacing-after-0pt\" style=\"text-align: center;\"><img src=\"https://duopin-community.oss-cn-shenzhen.aliyuncs.com/lx9s2xvrlg2ud9678wlr.jpg\" alt=\"\" width=\"176\" height=\"249\" /></p>\n<p class=\"paragraph text-align-type-left pap-line-1.8 pap-line-rule-auto pap-spacing-before-0pt pap-spacing-after-0pt\" style=\"text-align: center;\"><span style=\"font-size: 8pt;\">来自美国的Speed Garage音乐先驱Todd Edwards</span></p>\n<p class=\"paragraph text-align-type-left pap-line-1.8 pap-line-rule-auto pap-spacing-before-0pt pap-spacing-after-0pt\" style=\"text-align: center;\"><span style=\"font-size: 8pt;\">By Rohrm - Own work, CC BY-SA 3.0, https://commons.wikimedia.org/w/index.php?curid=90729949</span></p>\n<p class=\"paragraph text-align-type-left pap-line-1.8 pap-line-rule-auto pap-spacing-before-0pt pap-spacing-after-0pt\">&nbsp;</p>\n<p class=\"paragraph text-align-type-left pap-line-1.8 pap-line-rule-auto pap-spacing-before-0pt pap-spacing-after-0pt\">在那些发展speed garage声音的艺术家中，Todd Edwards经常被认为是对UK garage声音具有开创性的影响。这位来自新泽西的制作人引入了一种新的人声，不再有完整的verses（主歌）和choruses（副歌），而是挑选人声演唱中的语句片段，利用采样技术，像乐器一样演奏它们，这种风格的人声处理仍然是UK garage的一个关键特征。1997年，Armand Van Helden对Sneaker Pimps的 \"Spin Spin Sugar \"进行了speed garage混音，进一步普及了这一风格，有人认为此举加快了speed garage进入主流。1997年在俱乐部大热流行的曲目包括来自于speed garage双人组Double 99、187 Lockdown和Industry Standard。前两者在1997年和1998年都取得了英国前20名的佳绩；Double 99的 \"RipGroove \"在第二次发行时攀升至14名，187 Lockdown的 \"Gunman \"和 \"Kung-Fu \"分别达到第16和第9名。Industry Standard的 \"Vol. 1 (What You Want What You Need) \"在1998年1月达到了前40名，而1997年XL唱片公司发行的Somore的Damon Trueitt的 \"I Refuse (What You Want) \"也在1998年1月达到了第21名，包含了Industry Standard, Ramsey &amp; Fen, R.I.P. Productions 和 Serious Danger的混音作品。The Fabulous Baker Boys在1997年以 \"Oh Boy\"获得了第34名的佳绩，该曲对Jonny L 1992年的Rave曲 \"Hurt You So \"进行了采样。</p>\n<p class=\"paragraph text-align-type-left pap-line-1.8 pap-line-rule-auto pap-spacing-before-0pt pap-spacing-after-0pt\">&nbsp;</p>\n<p class=\"paragraph text-align-type-left pap-line-1.8 pap-line-rule-auto pap-spacing-before-0pt pap-spacing-after-0pt\">在英国，与Todd Edwards相对应的人物是MJ-Cole，一个受过古典音乐训练的双簧管和钢琴演奏家，他在90年代末和21世纪初颇负盛名，最著名的是 \"Sincere\" 和\"Crazy Love\"，MJ-Cole还赢得了BBC \"年度青年音乐家 \"奖 。</p>\n<p class=\"paragraph text-align-type-left pap-line-1.8 pap-line-rule-auto pap-spacing-before-0pt pap-spacing-after-0pt\">&nbsp;</p>\n<div>\n<div class=\"document\">\n<p><span style=\"text-decoration: underline;\">Two-step（1997-1999）</span></p>\n<p class=\"paragraph text-align-type-left pap-line-1.8 pap-line-rule-auto pap-spacing-before-0pt pap-spacing-after-0pt\">可以说，最早的2-step曲目的例子之一是1997年Kelly G对Tina Moore的 \"Never Gonna Let You Go \"的混音，该曲目在英国排行榜上排名第7。Roy Davis Jr. 在UK garage场景中也很有影响力，他与Peven Everett合作的大型俱乐部热门歌曲 \"Gabriel \"于1997年在XL唱片公司发行，在英国排行榜上达到第22位。Lovestation发行了他们版本的 \"Teardrops\"，在1998年达到第14位。Doolally，Shanks &amp; Bigfoot的前身，在1998年以 \"Straight from the Heart \"获得了第20名的成绩。次年该曲目重新发行达到了第9名，这是因为他们的第一单曲 \"Sweet Like Chocolate \"获得成功。Jess Jackson发行了许多garage唱片，其中一个突出的是Hobson's Choice。该唱片的B-side改变了传统的UK garage场景，使之从时髦深情到黑暗粗犷。2-step发展的另一个例子是1999年由Shy Cookie和DJ Luck发行的 \"Troublesome\"，其中非采样的2-step节拍与完整的ragga人声（由ragga艺术家Troublesome表演）完美融合。</p>\n<p class=\"paragraph text-align-type-left pap-line-1.8 pap-line-rule-auto pap-spacing-before-0pt pap-spacing-after-0pt\">&nbsp;</p>\n<div>\n<div class=\"document\">\n<p class=\"paragraph text-align-type-left pap-line-1.8 pap-line-rule-auto pap-spacing-before-0pt pap-spacing-after-0pt\"><span style=\"text-decoration: underline;\">美国影响</span></p>\n<p class=\"paragraph text-align-type-left pap-line-1.8 pap-line-rule-auto pap-spacing-before-0pt pap-spacing-after-0pt\">Timbaland是当代美国流行R&amp;B制作人，是那个时期的当代R&amp;B背后的主要创新者，英国的Rave文化大量借鉴了他的经验。当代R&amp;B和Jungle所共有的特点是主要使用旋律优美的hook，它对前早期的前junglie相关的UK garage场景极具影响。Timbaland风格的R&amp;B拥有一种独特的breakbeat：打破four-to-the-floor，欲擒故纵地进入groove，以及充满挑逗性的gap。这些R&amp;B音乐出现在早期的UK garage音乐中，不仅提供了更复杂的鼓点，具有沉重的切分音（摇摆），并且由于较高的节奏（通常在130至138 BPM之间）而具有更多的能量感。然而，在Artful Dodger的 \"Twentyfourseven \"等曲目中，可以听到较慢和较简单的R&amp;B鼓点。目的是使这些曲目能够适应更多的商业场景，而不是单纯服务于舞池。garage制作人随后开始对美国当代R&amp;B热门歌曲进行UK版的制作，特别是Brandy 和Monica的 \"The Boy Is Mine\"。Architechs通过时间伸缩加快了人声，并增强了声音效果以提高歌曲的竞争性。\"B&amp;M Remix \"最终以Bootleg的形式卖出了两万张。</p>\n<p class=\"paragraph text-align-type-left pap-line-1.8 pap-line-rule-auto pap-spacing-before-0pt pap-spacing-after-0pt\">&nbsp;</p>\n<div>\n<div class=\"document\">\n<p class=\"paragraph text-align-type-left pap-line-1.8 pap-line-rule-auto pap-spacing-before-0pt pap-spacing-after-0pt\">从美国当代R&amp;B中借来的还有 \"vocal science \"的使用，即用自动调谐器（Autotuner）等设备对人声样本进行数字化改变的技术，导致了人与机器声音间的技术混合。</p>\n<p class=\"paragraph text-align-type-left pap-line-1.8 pap-line-rule-auto pap-spacing-before-0pt pap-spacing-after-0pt\">&nbsp;</p>\n<p class=\"paragraph text-align-type-left pap-line-1.8 pap-line-rule-auto pap-spacing-before-0pt pap-spacing-after-0pt\"><span style=\"text-decoration: underline;\">1999-2000: 地下电台的作用，英国音乐排行榜的成功</span></p>\n<p class=\"paragraph text-align-type-left pap-line-1.8 pap-line-rule-auto pap-spacing-before-0pt pap-spacing-after-0pt\">在Rinse FM、Ice FM、Deja Vu和Flex FM等地下电台的持续支持下，UK garage人气飙升，1999年该风格进入主流，闯入音乐排行榜。制作二人组Shanks &amp; Bigfoot和Artful Dodger分别以 \"Sweet Like Chocolate \"和 \"Re-Rewind \"的曲目获得了巨大的成功。在 \"Sweet Like Chocolate \"获得白金销量后，UK garage流行的闸门已经打开。虽然 \"Re-Rewind \"被Cliff Richard和他的歌曲 \"The Millennium Prayer \"剥夺了第一的位置，但其仍是白金销量唱片。它们后来融入了2-step场景，并登上了BBC的Top of the Pops。1999年的其他大热歌曲包括Armand Van Helden的冠军house/garage歌曲 \"You Don't Know Me\"。虽然不属于UK garage音乐，但Mr. Oizo的冠军单曲 \"Flat Beat \"在发行时得到了地下电台的广泛播放，因此推动了许多UK garage/2-step 的混音。Da Click（Pied Piper、MC Creed、PSG、Unknown MC和歌手Valerie M）的 \"Good Rhymes \"获得了第14名。garage三人组Dreem Teem以 \"Buddy X 99 \"获得第15名，这是Neneh Cherry 1992年歌曲 \"Buddy X \"的garage混音版。DJ Luck和MC Neat也在1999年底至2000年初以 \"A Little Bit of Luck \"在排行榜上一炮而红。</p>\n<p class=\"paragraph text-align-type-left pap-line-1.8 pap-line-rule-auto pap-spacing-before-0pt pap-spacing-after-0pt\">&nbsp;</p>\n<div>\n<div class=\"document\">\n<p class=\"paragraph text-align-type-left pap-line-1.8 pap-line-rule-auto pap-spacing-before-0pt pap-spacing-after-0pt\">进入千禧年后，越来越多的UK garage乐队发行的单曲获得了商业上的成功，从而使UK garage和2-step在接下来的几年里成为英国排行榜上的常客。各个UK garage歌手的首张单曲都在英国排行榜上占据首位。Craig David的首张个人单曲 \"Fill Me In\"，混合了R&amp;B和2-step，单曲格式包含了该曲目的各种garage混音，在2000年4月排名第一。一个月后，Oxide &amp; Neutrino的 \"Bound 4 Da Reload (Casualty) \"登上了榜首。2000年其他排名前十的歌曲包括Artful Dodger的 \"Movin' Too Fast\"（排名第二），\"Woman Trouble\"（排名第六）和 \"Please Don't Turn Me On\"（排名第四），Sweet Female Attitude的 \"Flowers\"（排名第二），True Steppers的 \"Buggin\"（排名第六）和 \"Out of Your Mind\"（排名第二），B-15项目的 \"Girls Like Us\"（排名第七）。DJ Luck和MC Neat的 \"Masterblaster 2000\"（第5名）和 \"Ain't No Stoppin' Us\"（第8名），MJ Cole的 \"Crazy Love\"（第10名），Wookie的 \"Battle\"（第10名），Lonyo的 \"Summer of Love\"（第8名）， Architechs的 \"Body Groove\"（第3名）以及Oxide &amp; Neutrino的 \"No Good 4 Me\"（第6名）。2000年的另一个大热门是德国制作人Azzido Da Bass的Timo Maas翻唱的歌曲Dooms Night（第8名），这首歌在当时与UK garage有密切联系，已经成为俱乐部的大热门，并出现在几个UK garage汇编中，这首歌还被garage二人组Stanton Warriors重新混音。</p>\n<p class=\"paragraph text-align-type-left pap-line-1.8 pap-line-rule-auto pap-spacing-before-0pt pap-spacing-after-0pt\">&nbsp;</p>\n<div>\n<div class=\"document\">\n<p class=\"paragraph text-align-type-left pap-line-1.8 pap-line-rule-auto pap-spacing-before-0pt pap-spacing-after-0pt\"><span style=\"text-decoration: underline;\">2001年热门歌曲</span></p>\n<p class=\"paragraph text-align-type-left pap-line-1.8 pap-line-rule-auto pap-spacing-before-0pt pap-spacing-after-0pt\">2001年，DJ Pied Piper和Masters of Ceremonies以 \"Do You Really Like It? \"获得了他们唯一的冠军唱片。两个月后，南伦敦团体So Solid Crew以他们的第二支单曲 \"21 Seconds \"登上了榜首。2001年底，Daniel Bedingfield的首支单曲 \"Gotta Get Thru This \"又一次登上了英国排行榜的榜首，这是他的另一首2-step歌曲。2001年其他排名前十的歌曲包括Sunship混合的Mis-Teeq的 \"Why\"（排名第八）、\"All I Want\"（排名第二）和 \"One Night Stand\"（排名第五），Artful Dodger的 \"TwentyFourSeven\"（排名第六），Liberty的 \"Thinking It Over\"（排名第五），Oxide &amp; Neutrino的 \"Up Middle Finger\"（排名第七）和So Solid Crew的 \"They Don't Know\"（排名第三）。</p>\n<p class=\"paragraph text-align-type-left pap-line-1.8 pap-line-rule-auto pap-spacing-before-0pt pap-spacing-after-0pt\">&nbsp;</p>\n<p class=\"paragraph text-align-type-left pap-line-1.8 pap-line-rule-auto pap-spacing-before-0pt pap-spacing-after-0pt\"><span style=\"text-decoration: underline;\">2002年：2-step和grime</span></p>\n<p class=\"paragraph text-align-type-left pap-line-1.8 pap-line-rule-auto pap-spacing-before-0pt pap-spacing-after-0pt\">2002年，2-step从传统的时髦和以灵魂为导向的声音转向更黑暗的方向，即 \"grime\"，现在已经演变为一种流派。在这一时期，传统的UK garage被推回地下，因为So Solid Crew成员的公开暴力等该类型强硬的一面产生了不好的影响。尽管如此，从2002年到2004年，仍有几首UK garage歌曲出现在排行榜上，包括Heartless Crew的 \"The Heartless Theme\"（第21名），Distant Soundz的 \"Time After Time\"（第20名），So Solid Crew的 \"Ride wid Us\"（第19名）和 \"Haters\"（第8名）。Ladies First的 \"I Can't Wait\"（第19名），Pay As U Go的 \"Champagne Dance\"（第13名），Mr Reds vs DJ Skribble的 \"Everybody Come On (Can U Feel It)\"（第13名），Mis-Teeq的 \"B with Me\"（第5名），Jaimeson的 \"True\"（第4名）和3 of a Kind的 \"Baby Cakes\"（在2004年8月成为冠军歌曲）。</p>\n<p class=\"paragraph text-align-type-left pap-line-1.8 pap-line-rule-auto pap-spacing-before-0pt pap-spacing-after-0pt\">&nbsp;</p>\n<div>\n<div class=\"document\">\n<p class=\"paragraph text-align-type-left pap-line-1.8 pap-line-rule-auto pap-spacing-before-0pt pap-spacing-after-0pt\">2001-03年左右，著名的早期grime艺术家包括Ruff Sqwad、More Fire Crew、Dizzee Rascal（2003年发布了他的首张专辑Boy in da Corner）、Roll Deep和Wiley。</p>\n<p class=\"paragraph text-align-type-left pap-line-1.8 pap-line-rule-auto pap-spacing-before-0pt pap-spacing-after-0pt\">&nbsp;</p>\n<p class=\"paragraph text-align-type-left pap-line-1.8 pap-line-rule-auto pap-spacing-before-0pt pap-spacing-after-0pt\">在这一时期，UK garage也有强烈的阶级分化。20世纪90年代末是garage音乐的全盛时期，这是一个非常有追求的流派，当人们去俱乐部听garage音乐时，必须穿得很时髦整洁，像Twice as Nice这样的俱乐部明确了着装规范。正因为有了正式的着装规定，人们逐渐重视起漂亮的服装。像Twice as Nice这样的俱乐部的着装规定是为了 \"鼓励人们做出努力 \"和 \"防止麻烦\"。但是，当不允许穿网球鞋、牛仔裤或棒球帽的着装规定只能把白人大学生挡在门外时，而 \"黑帮分子喜欢穿着华丽\"，但理论上仍然可以携带枪支等危险物品，因此很多俱乐部都安装了金属探测器。最终，像So Solid Crew这样的团体，因为他们在garage曲目上的歌词吸引了更多城市的、下层的观众来参加狂欢，garage开始过渡到grime，因为以前的观众对此音乐的兴趣消减，所以电台和俱乐部便不再给garage音乐播放的机会 。</p>\n<p class=\"paragraph text-align-type-left pap-line-1.8 pap-line-rule-auto pap-spacing-before-0pt pap-spacing-after-0pt\">&nbsp;</p>\n<div>\n<div class=\"document\">\n<p class=\"paragraph text-align-type-left pap-line-1.8 pap-line-rule-auto pap-spacing-before-0pt pap-spacing-after-0pt\"><span style=\"text-decoration: underline;\">2007: Garage的复兴</span></p>\n<p class=\"paragraph text-align-type-left pap-line-1.8 pap-line-rule-auto pap-spacing-before-0pt pap-spacing-after-0pt\">2007年，一些DJ恢复和推动了UK garage的流行，制作人创造了新的UK garage，也被称为 \"new skool \"UK garage或 \"bassline\"。</p>\n<p class=\"paragraph text-align-type-left pap-line-1.8 pap-line-rule-auto pap-spacing-before-0pt pap-spacing-after-0pt\">&nbsp;</p>\n<p class=\"paragraph text-align-type-left pap-line-1.8 pap-line-rule-auto pap-spacing-before-0pt pap-spacing-after-0pt\">2007年年底，\"new skool \"UK garage再次进入主流，著名的曲目如T2的 \"Heartbroken \"和H \"Two\" O的 \"What's It Gonna Be \"都进入了主流排行榜，DJ EZ发布的Pure Garage Rewind: Back to the Old Skool，助推garage复兴的潮流。其中包括三张 \"old skool \"UK garage的CD和一张 \"new skool \"UK garage的CD。</p>\n<p class=\"paragraph text-align-type-left pap-line-1.8 pap-line-rule-auto pap-spacing-before-0pt pap-spacing-after-0pt\">&nbsp;</p>\n<div>\n<div class=\"document\">\n<p class=\"paragraph text-align-type-left pap-line-1.8 pap-line-rule-auto pap-spacing-before-0pt pap-spacing-after-0pt\"><span style=\"text-decoration: underline;\">2010年代的复苏</span></p>\n<p class=\"paragraph text-align-type-left pap-line-1.8 pap-line-rule-auto pap-spacing-before-0pt pap-spacing-after-0pt\">2011年初，2-step garage开始逐渐复苏。Wookie、MJ Cole、Zed Bias和Mark Hill（以前是Artful Dodger的成员）等制作人通过制作更多具有2-step元素的曲目，帮助2-step音乐重新回到舞台。电子音乐二人组Disclosure和AlunaGeorge在整个2012年和2013年都很成功，他们的音乐中经常使用UK garage元素，可以说，他们的一些畅销作品，包括 \"You &amp; Me \"和 \"We Are Chosen\"，完全是一种更干净的2-step声音。在这之后不久，\"original\"风格的garage音乐以一种更大气的方式回归，Moony、DJD和Tuff Culture等制作人为其回归铺平道路。这个流派的先驱厂牌之一，Ice Cream Records，负责诸如 \"RipGroove\"、True Steppers的 \"Out of Your Mind\"、Kele Le Roc的 \"My Love \"等歌曲，首次开放了他们的艺人人事，允许发起人以外的DJ加入该厂牌。</p>\n<p class=\"paragraph text-align-type-left pap-line-1.8 pap-line-rule-auto pap-spacing-before-0pt pap-spacing-after-0pt\">&nbsp;</p>\n<p class=\"paragraph text-align-type-left pap-line-1.8 pap-line-rule-auto pap-spacing-before-0pt pap-spacing-after-0pt\">AJ Tracey的歌曲 \"Ladbroke Grove \"最初在2019年2月的英国单曲排行榜上排名第48位，然后在2019年10月作为单曲发布后最终达到了第三位。2019年9月，英国唱片业以超过排行榜销量60万的成绩将该歌曲认证为白金唱片。它是2019年最畅销的歌曲之一。</p>\n<p class=\"paragraph text-align-type-left pap-line-1.8 pap-line-rule-auto pap-spacing-before-0pt pap-spacing-after-0pt\">&nbsp;</p>\n<div>\n<div class=\"document\">\n<p class=\"paragraph text-align-type-left pap-line-1.8 pap-line-rule-auto pap-spacing-before-0pt pap-spacing-after-0pt\">2010年代的其他热门歌曲包括Toddla T的《Take It Back》、All About She的《Higher (Free)》、Naughty Boy的《La La La》、Shift K3Y的《Touch》、Chase &amp; Status的《Blk &amp; Blu》、M.O的《Dance On My Own》、Disclosure的《Omen》以及Craig David的《When the Bassline Drops》和《One More Time》。</p>\n<p class=\"paragraph text-align-type-left pap-line-1.8 pap-line-rule-auto pap-spacing-before-0pt pap-spacing-after-0pt\">&nbsp;</p>\n<div>\n<div class=\"document\">\n<p class=\"paragraph text-align-type-left pap-line-1.8 pap-line-rule-auto pap-spacing-before-0pt pap-spacing-after-0pt\"><strong>从Garage演变而来的流派&nbsp;&nbsp;&nbsp;</strong>&nbsp;</p>\n<p class=\"paragraph text-align-type-left pap-line-1.8 pap-line-rule-auto pap-spacing-before-0pt pap-spacing-after-0pt\"><span style=\"text-decoration: underline;\">Dubstep</span></p>\n<p class=\"paragraph text-align-type-left pap-line-1.8 pap-line-rule-auto pap-spacing-before-0pt pap-spacing-after-0pt\">20世纪90年代末，由Wookie、Zed Bias、Shy Cookie、El-B和Artwork（DND）等人制作的dark&nbsp;garage音乐为Grime和Dubstep的流行奠定基础。&nbsp;与Grime平行发展，dubstep采用dark&nbsp;garage的主要器乐方式，并受到dub&nbsp;reggae的影响。</p>\n<p class=\"paragraph text-align-type-left pap-line-1.8 pap-line-rule-auto pap-spacing-before-0pt pap-spacing-after-0pt\">&nbsp;</p>\n<p class=\"paragraph text-align-type-left pap-line-1.8 pap-line-rule-auto pap-spacing-before-0pt pap-spacing-after-0pt\"><span style=\"text-decoration: underline;\">UK&nbsp;funky</span></p>\n<p class=\"paragraph text-align-type-left pap-line-1.8 pap-line-rule-auto pap-spacing-before-0pt pap-spacing-after-0pt\">一些UK garage/dubstep/grime/bassline的制作人已经将目光转向另一种声音，即UK funky，它不仅汲取了soulful&nbsp;house音乐中的元素，而且加入了UK garage，以标准的House音乐节奏将它们融合在一起，并在afrobeat的部落风格打击乐中加入soca。</p>\n<p class=\"paragraph text-align-type-left pap-line-1.8 pap-line-rule-auto pap-spacing-before-0pt pap-spacing-after-0pt\">&nbsp;</p>\n<p class=\"paragraph text-align-type-left pap-line-1.8 pap-line-rule-auto pap-spacing-before-0pt pap-spacing-after-0pt\"><span style=\"text-decoration: underline;\">Future&nbsp;garage&nbsp;</span></p>\n<p class=\"paragraph text-align-type-left pap-line-1.8 pap-line-rule-auto pap-spacing-before-0pt pap-spacing-after-0pt\">Future&nbsp;garage是受UK&nbsp;garage影响的当代dubstep的一个分支。</p>\n</div>\n</div>\n</div>\n</div>\n</div>\n</div>\n</div>\n</div>\n</div>\n</div>\n</div>\n</div>\n</div>\n</div>\n</div>\n</div>\n</div>\n</div>\n</div>\n</div>\n</div>\n</div>\n</div>\n</div>\n</div>\n</div>\n</div>",
 "contentEn": "<p><strong>UK garage</strong>, abbreviated as&nbsp;<strong>UKG</strong>, is a genre of&nbsp;electronic dance music&nbsp;which originated in&nbsp;England&nbsp;in the early to mid-1990s. The genre was most clearly inspired by&nbsp;garage house, but also incorporates elements from&nbsp;R&amp;B,&nbsp;jungle&nbsp;and&nbsp;dance-pop. It is defined by percussive, shuffled rhythms with&nbsp;syncopated&nbsp;hi-hats, cymbals and snares, and may include either 4/4&nbsp;house&nbsp;kick patterns or more irregular \"2-step\" rhythms. Garage tracks also commonly feature 'chopped up' and&nbsp;time-stretched&nbsp;or&nbsp;pitch-shifted&nbsp;vocal samples complementing the underlying rhythmic structure at a tempo usually around 130 BPM.</p>\n<p>&nbsp;</p>\n<p>UK garage encompassed subgenres such as&nbsp;speed garage&nbsp;and 2-step, and was then largely subsumed into other styles of music and production in the mid-2000s, including&nbsp;bassline,&nbsp;grime&nbsp;and&nbsp;dubstep. The decline of UK garage during the mid-2000s saw the birth of&nbsp;UK funky, which is closely related.</p>\n<p>&nbsp;</p>\n<h2><span id=\"Origins\" class=\"mw-headline\">Origins</span></h2>\n<p>The evolution of house music in the United Kingdom in the early to mid-1990s led to the term, as previously coined by the&nbsp;Paradise Garage&nbsp;DJs, being applied to a new form of music known as&nbsp;speed garage. In the early '90s, American DJ&nbsp;Todd Edwards, a pioneer of the speed garage sound, began remixing more soulful house records and incorporating more time-shifts and vocal samples than normal house records, whilst still living in the US. However, it was not until&nbsp;DJ EZ, the North London DJ, acquired one of Edwards' tracks and played it at a faster tempo in a nightclub in Greenwich, that the music genre really took off.<sup class=\"noprint Inline-Template Template-Fact\">[<em><span title=\"This claim needs references to reliable sources. (February 2021)\">citation needed</span></em>]</sup></p>\n<p>&nbsp;</p>\n<p>In the late '90s, the term \"UK garage\" was settled upon by the scene. This style is now frequently combined with other forms of music like&nbsp;soul,&nbsp;rap,&nbsp;reggae,&nbsp;ragga&nbsp;and&nbsp;R&amp;B, all broadly filed under the description of&nbsp;urban&nbsp;music. The pronunciation of UK garage uses&nbsp;<span class=\"rt-commentedText nowrap\"><small>UK:&nbsp;</small><span class=\"IPA nopopups noexcerpt\">/<span title=\"/ˈ/: primary stress follows\">ˈ</span><span title=\"/ɡ/: 'g' in 'guy'\">ɡ</span><span title=\"/&aelig;r/: 'arr' in 'marry'\">&aelig;r</span><span title=\"/ɪ/: 'i' in 'kit'\">ɪ</span><span title=\"/dʒ/: 'j' in 'jam'\">dʒ</span>/</span></span>&nbsp;<em title=\"English pronunciation respelling\">GARR-ij</em>, rather than&nbsp;<span class=\"rt-commentedText nowrap\"><small>US:&nbsp;</small><span class=\"IPA nopopups noexcerpt\">/<span title=\"/ɡ/: 'g' in 'guy'\">ɡ</span><span title=\"/ə/: 'a' in 'about'\">ə</span><span title=\"/ˈ/: primary stress follows\">ˈ</span><span title=\"'r' in 'rye'\">r</span><span title=\"/ɑː/: 'a' in 'father'\">ɑː</span><span title=\"/ʒ/: 's' in 'pleasure'\">ʒ</span>/</span></span>&nbsp;<em title=\"English pronunciation respelling\">gə-rahzh</em>.<sup id=\"cite_ref-Global_Bass_landscape_1-0\" class=\"reference\">[1]</sup></p>\n<p>&nbsp;</p>\n<p>Artists such as&nbsp;Craig David,&nbsp;Grant Nelson,&nbsp;MJ Cole,&nbsp;Artful Dodger,&nbsp;Jaimeson,&nbsp;So Solid Crew,&nbsp;Heartless Crew,&nbsp;the Streets,&nbsp;Shanks &amp; Bigfoot,&nbsp;DJ Luck &amp; MC Neat,&nbsp;Sunship (Ceri Evans),&nbsp;Oxide &amp; Neutrino&nbsp;and numerous others have made garage music mainstream in the UK, whilst&nbsp;Dizzee Rascal,&nbsp;Wiley&nbsp;and&nbsp;Kano's arrival raised the profile of&nbsp;grime, an offshoot of garage.</p>\n<p>&nbsp;</p>\n<p>Cole once stated, \"London is a multicultural city... it's like a melting pot of young people, and that's reflected in the music of UK garage.\"<sup id=\"cite_ref-dunoyer_2-0\" class=\"reference\">[2]</sup></p>\n<p>&nbsp;</p>\n<p>Notable female singers who have had the genre incorporated into their songs include&nbsp;Lisa Maffia,&nbsp;Ms. Dynamite,&nbsp;Kele Le Roc,&nbsp;Shola Ama,&nbsp;Sweet Female Attitude,&nbsp;Mis-Teeq&nbsp;and&nbsp;Colour Girl.</p>\n<blockquote class=\"templatequote\">\n<p>&nbsp;</p>\n<p><em>'Garage' is considered a mangled term in dance music. The term derives from the&nbsp;Paradise Garage&nbsp;itself, but it has meant so many different things to so many different people that unless you're talking about a specific time and place, it is virtually meaningless. Part of the reason for this confusion (aside from various journalistic misunderstandings and industry misappropriations) is that the range of music played at the garage was so broad. The music we now call 'garage' has evolved from only a small part of the club's wildly eclectic soundtrack.</em></p>\n<p style=\"text-align: right;\"><em>&mdash;Frank Broughton/Bill Brewster in&nbsp;Last Night a DJ Saved My Life</em></p>\n</blockquote>\n<h2>&nbsp;</h2>\n<h2><span id=\"History\" class=\"mw-headline\">History</span></h2>\n<h3><span id=\"Relationship_with_jungle\" class=\"mw-headline\">Relationship with jungle</span></h3>\n<p>In the United Kingdom, where&nbsp;jungle&nbsp;was very popular at the time, garage was played in a second room at jungle events. After jungle's peak in cultural significance, it had turned towards a harsher, more techstep influenced sound, driving away dancers, predominantly women. Escaping the 170bpm jungle basslines, the garage rooms had a much more sensual and soulful sound at 130bpm.<sup id=\"cite_ref-reynolds_3-0\" class=\"reference\">[3]</sup></p>\n<p>&nbsp;</p>\n<p>DJs started to speed up garage tracks to make them more suitable for the jungle audience in the UK. The media started to call this tempo-altered type of garage music \"speed garage\",&nbsp;4x4&nbsp;and&nbsp;2-step's&nbsp;predecessor. DJs would usually play dub versions (arrangements without vocals) of garage tracks, because pitch-shifting vocals could sometimes render the music unrecognizable (although sped up and&nbsp;time-stretched&nbsp;vocals were an important part of the early jungle sound, and later played a key role in speed garage). The absence of vocals left space in the music for&nbsp;MCs, who started rhyming to the records.</p>\n<h3>&nbsp;</h3>\n<h3><span id=\"Role_of_MCs\" class=\"mw-headline\">Role of MCs</span></h3>\n<p>Since then,&nbsp;MCs&nbsp;have become one of the vital aspects of speed and UK garage parties and records. Early promoters of speed garage included the&nbsp;Dreem Teem&nbsp;and&nbsp;Tuff Jam, and&nbsp;pirate radio&nbsp;stations such as&nbsp;London Underground, Magic FM, Upfront FM, and Freek FM. During its initial phase, the speed garage scene was also known as \"the Sunday Scene\", as initially speed garage promoters could only hire venues on Sunday evenings (venue owners preferred to save Friday and Saturday nights for more popular musical styles). Labels whose outputs would become synonymous with the emerging speed garage sound included Confetti, Public Demand, 500 Rekords, Spread Love and VIP.</p>\n<h3>&nbsp;</h3>\n<h3><span id=\"Speed_garage\" class=\"mw-headline\">Speed garage</span></h3>\n<p>Speed garage&nbsp;already incorporated many aspects of today's UK garage sound like sub-bass lines,&nbsp;ragga&nbsp;vocals, spin backs and reversed drums. What changed over time, until the so-called&nbsp;2-step&nbsp;sound emerged, was the addition of further funky elements like&nbsp;contemporary R&amp;B&nbsp;styled vocals, more shuffled beats and a different drum pattern. The most radical change from speed garage to 2-step was the removal of the 2nd and 4th bass kick from each bar. Although tracks with only two kick drum beats to a bar are perceived as being slower than the traditional four-to-the-floor beat, the listener's interest is maintained by the introduction of syncopating bass lines and the percussive use of other instruments such as pads and strings.</p>\n<p>&nbsp;</p>\n<p>Speed garage tracks were characterised by a sped-up house-style beat, complemented by the rolling snares and reverse-warped basslines that were popular with drum and bass producers of the time.</p>\n<p>&nbsp;</p>\n<p>Among those credited with honing the speed garage sound,&nbsp;Todd Edwards&nbsp;is often cited as a seminal influence on the UK garage sound. The producer from New Jersey introduced a new way of working with vocals. Instead of having full verses and choruses, he picked out vocal phrases and played them like an instrument, using&nbsp;sampling&nbsp;technology.<sup id=\"cite_ref-4\" class=\"reference\">[4]</sup>&nbsp;Often, individual syllables were reversed or pitch-shifted. This type of vocal treatment is still a key characteristic of the UK garage style.&nbsp;Armand van Helden's speed garage remix of&nbsp;Sneaker Pimps' \"Spin Spin Sugar\" in 1997 further popularized the genre which is sometimes credited with breaking speed garage into the mainstream. Huge club hits in 1997 came from speed garage duos&nbsp;Double 99,&nbsp;187 Lockdown&nbsp;and Industry Standard. The former two both scored UK top 20 hits in 1997 and 1998; Double 99's \"RipGroove\" reached #14 in its second release and 187 Lockdown's \"Gunman\" and \"Kung-Fu\" reached #16 and #9, respectively. Industry Standard scored a top 40 hit with \"Vol. 1 (What You Want What You Need)\" peaking at #34 in January 1998,<sup id=\"cite_ref-5\" class=\"reference\">[5]</sup>&nbsp;and the 1997&nbsp;XL Recordings&nbsp;release of Somore featuring Damon Trueitt's \"I Refuse (What You Want)\" reached #21 also in January 1998,<sup id=\"cite_ref-6\" class=\"reference\">[6]</sup>&nbsp;containing mixes by Industry Standard, Ramsey &amp; Fen,&nbsp;R.I.P. Productions&nbsp;and&nbsp;Serious Danger. The Fabulous Baker Boys scored a #34 hit in 1997 with \"Oh Boy\"<sup id=\"cite_ref-7\" class=\"reference\">[7]</sup>&nbsp;which samples&nbsp;Jonny L's 1992&nbsp;rave&nbsp;track \"Hurt You So\".</p>\n<h3>&nbsp;</h3>\n<h3><span id=\"Two-step_.281997.E2.80.931999.29\"></span><span id=\"Two-step_(1997&ndash;1999)\" class=\"mw-headline\">Two-step (1997&ndash;1999)</span></h3>\n<p>Arguably one of the earliest examples of a&nbsp;2-step&nbsp;track is the 1997 Kelly G remix of \"Never Gonna Let You Go\" by&nbsp;Tina Moore, which peaked at #7 on the UK chart.&nbsp;Roy Davis Jr.&nbsp;was also influential in the UK garage scene, with the huge club hit \"Gabriel\" featuring Peven Everett, released in 1997 on&nbsp;XL Recordings&nbsp;and reaching #22 on the UK chart.&nbsp;Lovestation&nbsp;released their version of \"Teardrops\" which reached #14 in 1998.&nbsp;Doolally, the former name of Shanks &amp; Bigfoot, scored a #20 hit in 1998 with \"Straight from the Heart\". A re-release of this song the following year fared even better, peaking at #9, due to the success of their #1 single \"Sweet Like Chocolate\". Jess Jackson was responsible for many garage records but one which stood out was \"Hobson's Choice\". The B-side of this record changed the UK garage scene from funky and soulful to dark and bassy. Another example of the evolution in 2-step was the release of \"Troublesome\" in 1999 by Shy Cookie and&nbsp;DJ Luck, in which non-sampled 2-step beats were merged with a full&nbsp;ragga&nbsp;vocal (performed by ragga artist Troublesome).</p>\n<p>&nbsp;</p>\n<p>The UK's counterpart to Todd Edwards was&nbsp;MJ Cole, a classically trained oboe and piano player, who had a string of chart and underground hits in the late 1990s and early 2000s, most notably with \"Sincere\" and \"Crazy Love\". MJ Cole has also won a BBC \"Young Musician of the Year\" award.<sup id=\"cite_ref-mixmag_8-0\" class=\"reference\">[8]</sup></p>\n<h4>&nbsp;</h4>\n<h4><span id=\"American_influences\" class=\"mw-headline\">American influences</span></h4>\n<p>Timbaland, a popular&nbsp;contemporary R&amp;B&nbsp;producer in America, was the major innovator behind contemporary R&amp;B at the time, from which UK rave culture borrowed heavily. The use of rhythmic patterns as melodic hooks is shared by both contemporary R&amp;B and jungle, making it very appealing to the significantly ex-junglist UK garage scene. This style of Timbaland's R&amp;B possesses a breakbeat aesthetic: breakup of the flow of four-to-the-floor rhythm, hesitations into the groove, and teasing and tantalizing gaps. As much as these R&amp;B influences can be heard in early UK garage, the genre offered more complex drum beats, with heavy syncopation (swing) and a more energetic feel due to a higher tempo (normally between 130 and 138 BPM). However, in tracks like \"Twentyfourseven\" by Artful Dodger, a slower and simpler R&amp;B infused drum pattern can be heard. This was to allow for these tracks to be aimed at a more commercial scene rather than for the dance floor. Garage producers then proceeded to churn out UK versions of US contemporary R&amp;B hits, notably with Brandy and Monica's \"The Boy Is Mine\". The&nbsp;Architechs&nbsp;sped up the vocals through time-stretching and added sound effects to increase the competitive nature. \"B&amp;M Remix\" eventually sold twenty thousand copies as a bootleg.<sup id=\"cite_ref-reynolds_3-1\" class=\"reference\">[3]</sup></p>\n<p>&nbsp;</p>\n<p>Also borrowed from US contemporary R&amp;B is the use of \"vocal science\", the technique of digitally altering vocal samples with devices such as the&nbsp;Autotuner. What results is a posthuman mix between person and technology.<sup id=\"cite_ref-reynolds_3-2\" class=\"reference\">[3]</sup></p>\n<h3>&nbsp;</h3>\n<h3><span id=\"1999.E2.80.932000:_Role_of_pirate_radio.2C_UK_chart_success\"></span><span id=\"1999&ndash;2000:_Role_of_pirate_radio,_UK_chart_success\" class=\"mw-headline\">1999&ndash;2000: Role of pirate radio, UK chart success</span></h3>\n<p>With the continued support of&nbsp;pirate radio&nbsp;stations such as&nbsp;Rinse FM, Ice FM, Deja Vu, and&nbsp;Flex FM, the soaring popularity of UK garage saw 1999 take the genre into the mainstream, breaking into the&nbsp;music charts. Production duos&nbsp;Shanks &amp; Bigfoot&nbsp;and&nbsp;Artful Dodger&nbsp;were very successful with the tracks \"Sweet Like Chocolate\" (the first UK garage track to hit number one in the UK) and \"Re-Rewind\", respectively. After the platinum-selling success of \"Sweet Like Chocolate\", the floodgates had opened. Although \"Re-Rewind\" was denied a #1 position by&nbsp;Cliff Richard&nbsp;and his song \"The Millennium Prayer\", it was also a platinum seller, one of the garage scene's first and last. They became anthems for the 2-step scene, and got onto BBC's&nbsp;<em>Top of the Pops</em>. Other huge hits in 1999 include the #1&nbsp;house/garage&nbsp;anthem \"You Don't Know Me\" by&nbsp;Armand van Helden. Although not UK garage,&nbsp;Mr. Oizo's #1 single \"Flat Beat\" received extensive airplay on pirate radio stations upon release, becoming a staple for&nbsp;house,&nbsp;breakbeat&nbsp;and UK garage DJs; thus leading to numerous UK garage/2-step remixes/bootlegs of the track.<sup id=\"cite_ref-9\" class=\"reference\">[9]</sup>&nbsp;Da Click&nbsp;(Pied Piper, MC Creed, PSG, Unknown MC and singer Valerie M) had a #14 hit with \"Good Rhymes\". Garage trio the&nbsp;Dreem Teem&nbsp;had a #15 hit with \"Buddy X 99\", a garage remix of&nbsp;Neneh Cherry's 1992 song \"Buddy X\".&nbsp;DJ Luck &amp; MC Neat&nbsp;also had a chart hit with \"A Little Bit of Luck\" in late 1999 into early 2000.</p>\n<p>&nbsp;</p>\n<p>Many more UK garage acts followed into the new millennium by releasing commercially successful singles, thus making UK garage and 2-step a stable fixture on the UK charts for the next couple of years. Debut singles of various UK garage artists were hitting the number one spot on the&nbsp;UK charts.&nbsp;Craig David's debut solo single \"Fill Me In\", a mix of&nbsp;R&amp;B&nbsp;and&nbsp;2-step, with single formats containing various garage remixes of the track, hit #1 in April 2000. A month later,&nbsp;Oxide &amp; Neutrino's \"Bound 4 Da Reload (Casualty)\" reached the top of the charts. Other top 10 hits in 2000 include Artful Dodger's \"Movin' Too Fast\" (#2), \"Woman Trouble\" (#6) and \"Please Don't Turn Me On\" (#4),&nbsp;Sweet Female Attitude's \"Flowers\" (#2),&nbsp;True Steppers' \"Buggin\" (#6) and \"Out of Your Mind\" (#2),&nbsp;B-15 Project's \"Girls Like Us\" (#7), DJ Luck &amp; MC Neat's \"Masterblaster 2000\" (#5) and \"Ain't No Stoppin' Us\" (#8),&nbsp;MJ Cole's \"Crazy Love\" (#10),&nbsp;Wookie's \"Battle\" (#10),&nbsp;Lonyo's \"Summer of Love\" (#8),&nbsp;Architechs' \"Body Groove\" (#3) and Oxide &amp; Neutrino's \"No Good 4 Me\" (#6). Another huge hit in 2000 was the&nbsp;Timo Maas&nbsp;remix of the song \"Dooms Night\" (#8) by German producer&nbsp;Azzido Da Bass, which was heavily associated with UK garage at the time, having become a major club hit and appearing on several UK garage compilations. It was also remixed by garage duo&nbsp;Stanton Warriors, titled \"Dooms Night (Revisited)\".<sup id=\"cite_ref-mixmag_8-1\" class=\"reference\">[8]</sup></p>\n<h3>&nbsp;</h3>\n<h3><span id=\"2001_hits\" class=\"mw-headline\">2001 hits</span></h3>\n<p>2001 gave&nbsp;DJ Pied Piper and the Masters of Ceremonies&nbsp;their one and only number one hit record with \"Do You Really Like It?\". Two months later in August 2001, South London collective&nbsp;So Solid Crew&nbsp;hit the top spot with their second single \"21 Seconds\". The end of 2001 saw yet another 2-step anthem reach the top of the UK charts for&nbsp;Daniel Bedingfield, with his debut single \"Gotta Get Thru This\". Other top 10 hits in 2001 include the&nbsp;Sunship&nbsp;mixes of&nbsp;Mis-Teeq's \"Why\" (#8), \"All I Want\" (#2) and \"One Night Stand\" (#5),&nbsp;Artful Dodger's \"TwentyFourSeven\" (#6),&nbsp;Liberty's \"Thinking It Over\" (#5),&nbsp;Oxide &amp; Neutrino's \"Up Middle Finger\" (#7) and So Solid Crew's \"They Don't Know\" (#3).</p>\n<h3>&nbsp;</h3>\n<h3><span id=\"2002:_2-step_and_grime\" class=\"mw-headline\">2002: 2-step and grime</span></h3>\n<p>2002 saw an evolution as 2-step moved away from its funky and soul-oriented sound into a darker direction called \"grime\", now a genre in its own right. During this period, traditional UK garage was pushed back underground amongst the bad publicity emanating from the tougher side of the genre, and publicised violence surrounding members of the&nbsp;So Solid Crew. Nonetheless, several UK garage songs did appear on the charts from 2002 to 2004, including&nbsp;Heartless Crew's \"The Heartless Theme\" (#21),&nbsp;Distant Soundz' version of \"Time After Time\" (#20), So Solid Crew's \"Ride wid Us\" (#19) and \"Haters\" (#8),&nbsp;Ladies First's version of \"I Can't Wait\" (#19),&nbsp;Pay As U Go's \"Champagne Dance\" (#13), Mr Reds vs&nbsp;DJ Skribble's \"Everybody Come On (Can U Feel It)\" (#13),&nbsp;Mis-Teeq's \"B with Me\" (#5),&nbsp;Jaimeson's \"True\" (#4) and&nbsp;3 of a Kind's \"Baby Cakes\" which was a number one hit in August 2004.</p>\n<p>&nbsp;</p>\n<p>Notable early grime artists around 2001&ndash;03 include&nbsp;Ruff Sqwad,&nbsp;More Fire Crew,&nbsp;Dizzee Rascal&nbsp;(who released his debut album&nbsp;<em>Boy in da Corner</em>&nbsp;in 2003),&nbsp;Roll Deep&nbsp;and&nbsp;Wiley.</p>\n<p>&nbsp;</p>\n<p>During this time, there was also a strong division of class in UK garage. In the heyday of garage, the late 1990s, it was a highly aspirational genre. When people went to the club to hear garage, they dressed stylish and smart. Clubs like Twice as Nice enforced a dress code. Having a formal dress code took the importance placed on nice clothes from a style to exclusionary. The dress code in clubs like Twice as Nice were meant to \"encourage people to make an effort\" and \"keep trouble out.\" But when the dress code of no tennis shoes, jeans, or baseball caps only kept white college students out, the club installed a metal detector, because \"gangstas like to dress expensive,\" but theoretically could still carry a gun.<sup id=\"cite_ref-reynolds_3-3\" class=\"reference\">[3]</sup>&nbsp;Eventually, when groups like So Solid Crew attracted more urban, lower-class audiences to raves because of their lyrics over the garage tracks, garage began to transition to grime because previous audiences were less likely to listen, so radios and clubs stopped giving garage opportunities.<sup id=\"cite_ref-10\" class=\"reference\">[10]</sup></p>\n<h3>&nbsp;</h3>\n<h3><span id=\"2007:_Garage_revival\" class=\"mw-headline\">2007: Garage revival</span></h3>\n<p>In 2007, several DJs helped promote and revive UK garage's popularity, with producers creating new UK garage, also known as \"new skool\" UK garage or \"bassline\".</p>\n<p>&nbsp;</p>\n<p>The end of 2007 saw \"new skool\" UK garage push to the mainstream again with notable tracks such as&nbsp;T2's \"Heartbroken\" and&nbsp;H \"Two\" O's&nbsp;\"What's It Gonna Be\" both reaching the mainstream charts. The revival was galvanised by&nbsp;DJ EZ&nbsp;releasing&nbsp;<em>Pure Garage Rewind: Back to the Old Skool</em>, which contained three CDs of \"old skool\" UK garage and a fourth CD with fresh \"new skool\" UK garage.</p>\n<h3>&nbsp;</h3>\n<h3><span id=\"2010s_resurgence\" class=\"mw-headline\">2010s resurgence</span></h3>\n<p>Early 2011 saw the start of a gradual resurgence of 2-step garage.<sup id=\"cite_ref-11\" class=\"reference\">[11]</sup>&nbsp;Producers such as&nbsp;Wookie,&nbsp;MJ Cole,&nbsp;Zed Bias&nbsp;and&nbsp;Mark Hill&nbsp;(formerly one half of&nbsp;Artful Dodger) made a return to the scene, by producing tracks with more of a&nbsp;2-step&nbsp;feel. Electronic music duos&nbsp;Disclosure&nbsp;and&nbsp;AlunaGeorge, both successful throughout 2012 and 2013, often use elements of UK garage in their music, and arguably, some of their biggest hits including \"You &amp; Me\" and \"We Are Chosen\" respectively, are entirely 2-step with an updated cleaner sound. Shortly following this, \"original\" style garage had made a return in a big way, with producers such as Moony, DJD and Tuff Culture paving the way. One of the genre's pioneering labels, Ice Cream Records, responsible for anthems such as \"RipGroove\",&nbsp;True Steppers' \"Out of Your Mind\",&nbsp;Kele Le Roc's \"My Love\" and more, opened up their permanent roster for the first time to include DJs outside of the legendary trio that launched the label.</p>\n<p>&nbsp;</p>\n<p>AJ Tracey's song \"Ladbroke Grove\" initially debuted at number 48 on the&nbsp;UK Singles Chart&nbsp;in February 2019, then eventually peaked at number three in October 2019 following its release as a single. In September 2019, the&nbsp;British Phonographic Industry&nbsp;certified the song as platinum for exceeding chart sales of 600,000. It was one of the best-selling songs of 2019.<sup id=\"cite_ref-12\" class=\"reference\">[12]</sup></p>\n<p>&nbsp;</p>\n<p>Other hits in the 2010s include&nbsp;Toddla T's \"Take It Back\",&nbsp;All About She's \"Higher (Free)\",&nbsp;Naughty Boy's \"La La La\",&nbsp;Shift K3Y's \"Touch\",&nbsp;Chase &amp; Status' \"Blk &amp; Blu\",&nbsp;M.O's \"Dance On My Own\", Disclosure's \"Omen\" and&nbsp;Craig David's \"When the Bassline Drops\" and \"One More Time\".</p>\n<h2>&nbsp;</h2>\n<h2><span id=\"Genres_evolved_from_garage\" class=\"mw-headline\">Genres evolved from garage</span></h2>\n<h3><span id=\"Dubstep\" class=\"mw-headline\">Dubstep</span></h3>\n<p>The dark garage sound that was being produced by the likes of&nbsp;Wookie,&nbsp;Zed Bias, Shy Cookie,&nbsp;El-B&nbsp;and Artwork (of DND) in the late 1990s would set the groundwork for both&nbsp;grime&nbsp;and&nbsp;dubstep. Developing in parallel to grime, dubstep would take a mostly instrumental stripped down form of dark garage and with it bring in production values and influences from&nbsp;dub reggae.</p>\n<h3>&nbsp;</h3>\n<h3><span id=\"UK_funky\" class=\"mw-headline\">UK funky</span></h3>\n<p>Some UK garage/dubstep/grime/bassline producers have moved to a different sound called&nbsp;UK funky, which takes production values from many different shades of&nbsp;soulful house&nbsp;music with elements of UK garage and blends them at a standard&nbsp;house music&nbsp;tempo, and&nbsp;soca&nbsp;with tribal style percussion from&nbsp;afrobeat.</p>\n<h3>&nbsp;</h3>\n<h3><span id=\"Future_garage\" class=\"mw-headline\">Future garage</span></h3>\n<p>A contemporary offshoot of dubstep heavily influenced by UK garage is&nbsp;future garage.</p>\n<p>&nbsp;</p>\n<h2><span id=\"References\" class=\"mw-headline\">References</span></h2>\n<div class=\"reflist\">\n<div class=\"mw-references-wrap mw-references-columns\">\n<ol class=\"references\">\n<li id=\"cite_note-Global_Bass_landscape-1\"><span class=\"mw-cite-backlink\"><strong>^</strong></span>&nbsp;<span class=\"reference-text\"><cite class=\"citation web cs1\">\"Global Bass\".&nbsp;<em>rhythmtravels.com</em>.&nbsp;Archived&nbsp;from the original on 2014-11-29<span class=\"reference-accessdate\">. Retrieved&nbsp;<span class=\"nowrap\">2014-11-19</span></span>.</cite></span></li>\n<li id=\"cite_note-dunoyer-2\"><span class=\"mw-cite-backlink\"><strong>^</strong></span>&nbsp;<span class=\"reference-text\"><cite id=\"CITEREFDu_Noyer2003\" class=\"citation book cs1\">Du Noyer, Paul (2003).&nbsp;<em>The Illustrated Encyclopedia of Music</em>. Flame Tree Publishing. p.&nbsp;329.&nbsp;ISBN&nbsp;<bdi>1-904041-96-5</bdi>.</cite></span></li>\n<li id=\"cite_note-reynolds-3\"><span class=\"mw-cite-backlink\">^&nbsp;<span class=\"cite-accessibility-label\">Jump up to:</span><sup><em><strong>a</strong></em></sup>&nbsp;<sup><em><strong>b</strong></em></sup>&nbsp;<sup><em><strong>c</strong></em></sup>&nbsp;<sup><em><strong>d</strong></em></sup></span>&nbsp;<span class=\"reference-text\"><cite id=\"CITEREFReynolds2008\" class=\"citation book cs1\">Reynolds, Simon (2008).&nbsp;<em>Energy Flash: A Journey Through Rave Music and Dance Culture</em>. Picador. p.&nbsp;448-451.&nbsp;ISBN&nbsp;<bdi>978-0-330-45420-9</bdi>.</cite></span></li>\n<li id=\"cite_note-4\"><span class=\"mw-cite-backlink\"><strong>^</strong></span>&nbsp;<span class=\"reference-text\"><cite class=\"citation web cs1\">\"Todd Edwards: The Stylus Interview - Article - Stylus Magazine\".&nbsp;<em>stylusmagazine.com</em>.&nbsp;Archived&nbsp;from the original on 2013-11-27<span class=\"reference-accessdate\">. Retrieved&nbsp;<span class=\"nowrap\">2013-11-20</span></span>.</cite></span></li>\n<li id=\"cite_note-5\"><span class=\"mw-cite-backlink\"><strong>^</strong></span>&nbsp;<span class=\"reference-text\"><cite class=\"citation web cs1\">\"Industry Standard - full Official Chart History - Official Charts Company\".&nbsp;Archived&nbsp;from the original on 2018-12-01<span class=\"reference-accessdate\">. Retrieved&nbsp;<span class=\"nowrap\">2018-12-01</span></span>.</cite></span></li>\n<li id=\"cite_note-6\"><span class=\"mw-cite-backlink\"><strong>^</strong></span>&nbsp;<span class=\"reference-text\"><cite class=\"citation web cs1\">\"Somore - full Official Chart History - Official Charts Company\".&nbsp;Archived&nbsp;from the original on 2018-12-01<span class=\"reference-accessdate\">. Retrieved&nbsp;<span class=\"nowrap\">2019-04-29</span></span>.</cite></span></li>\n<li id=\"cite_note-7\"><span class=\"mw-cite-backlink\"><strong>^</strong></span>&nbsp;<span class=\"reference-text\"><cite class=\"citation web cs1\">\"FABULOUS BAKER BOYS | full Official Chart History | Official Charts Company\".&nbsp;<em>Officialcharts.com</em>.</cite></span></li>\n<li id=\"cite_note-mixmag-8\"><span class=\"mw-cite-backlink\">^&nbsp;<span class=\"cite-accessibility-label\">Jump up to:</span><sup><em><strong>a</strong></em></sup>&nbsp;<sup><em><strong>b</strong></em></sup></span>&nbsp;<span class=\"reference-text\"><cite class=\"citation web cs1\">\"40 of the best UK garage tracks released from 1995 to 2005\".&nbsp;<em>MixMag</em>. 15 March 2019.&nbsp;Archived&nbsp;from the original on 2019-04-01<span class=\"reference-accessdate\">. Retrieved&nbsp;<span class=\"nowrap\">2019-04-29</span></span>.</cite></span></li>\n<li id=\"cite_note-9\"><span class=\"mw-cite-backlink\"><strong>^</strong></span>&nbsp;<span class=\"reference-text\"><cite class=\"citation web cs1\">\"How 'Flat Beat' changed the world &middot; Feature ⟋ RA\".&nbsp;<em>Resident Advisor</em>.</cite></span></li>\n<li id=\"cite_note-10\"><span class=\"mw-cite-backlink\"><strong>^</strong></span>&nbsp;<span class=\"reference-text\"><cite class=\"citation web cs1\">\"Rewind 4Ever: The History of UK Garage\".&nbsp;<em>Rewind4ever.co.uk</em>. 25 June 2013.&nbsp;Archived&nbsp;from the original on 4 June 2019<span class=\"reference-accessdate\">. Retrieved&nbsp;<span class=\"nowrap\">29 April</span>&nbsp;2019</span>.</cite></span></li>\n<li id=\"cite_note-11\"><span class=\"mw-cite-backlink\"><strong>^</strong></span>&nbsp;<span class=\"reference-text\"><cite class=\"citation web cs1\">\"The UK Garage Revival\". MTV. 13 May 2011. Archived from&nbsp;the original&nbsp;on 4 September 2011.</cite></span></li>\n<li id=\"cite_note-12\"><span class=\"mw-cite-backlink\"><strong>^</strong></span>&nbsp;<span class=\"reference-text\"><cite class=\"citation web cs1\">\"AJ Tracey Drops His Self-Titled Debut Album Featuring Giggs, Not3s, Conducta and More\".&nbsp;<em>versus.uk.com</em>. 8 February 2019<span class=\"reference-accessdate\">. Retrieved&nbsp;<span class=\"nowrap\">19 February</span>&nbsp;2019</span>.</cite></span></li>\n</ol>\n</div>\n</div>",
 "remarks": "本词条汉字内容由 @多频百科团队 翻译+编辑\n原文译自 https://en.wikipedia.org/wiki/UK_garage",
 "remarksEn": "本词条内容来自 https://en.wikipedia.org/wiki/UK_garage",
 "status": 1,
 "clickNum": 54,
 "deleted": 0,
 "lang": 0,
 "chooseLang": true,
 "id": 10,
 "name": "UK Garage",
 "descriptions": "UK Garage（简称UKG，译作英国车库）是一种电子音乐流派，90年代初至中期发源于英国。该流派融合了Garage House、R&B、Jungle和舞曲等风格。它通常以打击乐和shuffled节奏配以切分音的hi-hat、cymbals和snares为特色，可以是4/4 House或更为不规律的2-Step节奏型。Garage的曲目通常也会有 \"切片\"和时长拉伸或音高变换的人声采样，以补充底层的节奏结构，曲速通常在130 BPM左右。UK Garage产生了Speed Garage和2-step等子流派，然后在2000年代中期广泛衍生为其他音乐和制作风格，包括Bassline、Grime和Dubstep。在2000年代中期，UK Garage的衰落也催生了UK Funky的诞生，二者间有紧密的联系。",
 "originalName": "UKG, 英式车库",
 "startTimeText": "20世纪90年代早期",
 "startAddress": "英国伦敦",
 "searchStyle": "UK Garage",
 "styleCategory": "Electronic Dance Music",
 "originalStyle": "Garage house, breakbeat, electronic, R&B, dance-pop, jungle",
 "affectStyle": "",
 "deriveStyle": "Speed garage, 2-step garage, Breakstep, Future garage",
 "representArtist": "",
 "officialUrl": "https://en.wikipedia.org/wiki/UK_garage",
 "typeId": 13,
 "typeName": "风格",
 "dataId": 10,
 "url": "http://dropinapp.hearinmusic.com/#/ency?typeId=13&dataId=10"
}