{
 "pageNum": 1,
 "pageSize": 10,
 "params": {},
 "relationChannel": "[{\"id\":1137,\"parentId\":8,\"name\":\"UK Hard House\"}]",
 "content": "<div class=\"document\">\n<p class=\"paragraph text-align-type-left pap-line-1.8 pap-line-rule-auto pap-spacing-before-0pt pap-spacing-after-0pt\">UK Hard House（英国硬浩室，简称硬浩室）是一种电子舞曲音乐风格，兴起于20世纪90年代，它的起源与Trade Club以及在那里开创这种风格的DJ有关。它的特点通常是快速的节奏（约150 BPM），offbeat的bass设计，Hoovers和喇叭音色，以及人群欢呼声。这类音乐通常在中间部分有一段没有鼓点的Break。英国硬浩室经常使用长而尖锐的弦音来制造悬念。大多数时候，DROP都是通过鼓点设计来引入的。&nbsp;</p>\n<p class=\"paragraph text-align-type-left pap-line-1.8 pap-line-rule-auto pap-spacing-before-0pt pap-spacing-after-0pt\">&nbsp;</p>\n<p class=\"paragraph text-align-type-left pap-line-1.8 pap-line-rule-auto pap-spacing-before-0pt pap-spacing-after-0pt\"><strong>起源</strong></p>\n<div>\n<div class=\"document\">\n<p class=\"paragraph text-align-type-left pap-line-1.8 pap-line-rule-auto pap-spacing-before-2pt pap-spacing-after-2pt\">Hard&nbsp;house的直接起源主要是比利时和德国的电子乐、美国的迪斯科采样的house音乐、handbag&nbsp;hous和早期的trance。</p>\n<p class=\"paragraph text-align-type-left pap-line-1.8 pap-line-rule-auto pap-spacing-before-2pt pap-spacing-after-2pt\">&nbsp;</p>\n<p class=\"paragraph text-align-type-left pap-line-1.8 pap-line-rule-auto pap-spacing-before-2pt pap-spacing-after-2pt\">英国制作人和唱片公司老板约翰-特鲁洛夫（John Truelove）在谈到Hard&nbsp;house的起源时说：</p>\n<p class=\"paragraph text-align-type-left pap-line-1.8 pap-line-rule-auto pap-spacing-before-2pt pap-spacing-after-2pt\">&nbsp;</p>\n<p class=\"paragraph text-align-type-left pap-line-1.8 pap-line-rule-auto pap-spacing-before-2pt pap-spacing-after-2pt\" style=\"padding-left: 30px;\"><em> \"我想说的是，像XVX的 \"Tremorra Del Terra \"和Interactive的 \"Amok\"（本质上是同一首曲子）这样的曲子绝对是该风格的决定性时刻。&nbsp;早期的德国Trance直接导致了Daz Saund和Trevor Rockcliffe在Trade玩的东西\"。</em></p>\n<p class=\"paragraph text-align-type-left pap-line-1.8 pap-line-rule-auto pap-spacing-before-2pt pap-spacing-after-2pt\">&nbsp;</p>\n<p class=\"paragraph text-align-type-left pap-line-1.8 pap-line-rule-auto pap-spacing-before-2pt pap-spacing-after-2pt\">Tony&nbsp;De&nbsp;Vit是编纂和推广hard house声音（早期通常被称为 \"hardbag\"）的关键DJ之一，他在90年代初访问Trade时获得了灵感--他很快成为那里的常驻DJ。</p>\n<p class=\"paragraph text-align-type-left pap-line-1.8 pap-line-rule-auto pap-spacing-before-2pt pap-spacing-after-2pt\">&nbsp;</p>\n</div>\n</div>\n<p class=\"paragraph text-align-type-left pap-line-1.8 pap-line-rule-auto pap-spacing-before-0pt pap-spacing-after-0pt\"><strong>知名Hard House俱乐部品牌 </strong></p>\n<div>\n<div class=\"document\">\n<p class=\"paragraph text-align-type-left pap-line-1.8 pap-line-rule-auto pap-spacing-before-2pt pap-spacing-after-2pt\">某些品牌在硬浩室死忠粉中达到了传奇的地位，比如位于伯明翰的Sundissential和其在利兹的同行Sundissential North。众所周知，俱乐部的成员们会跨越国界去参加一些派对。与某些品牌相关的场馆本身几乎就是传奇中的东西，被老牌狂欢者们深深铭记，并赋予几乎是崇拜的地位。</p>\n<p class=\"paragraph text-align-type-left pap-line-1.8 pap-line-rule-auto pap-spacing-before-2pt pap-spacing-after-2pt\">&nbsp;</p>\n<p class=\"paragraph text-align-type-left pap-line-1.8 pap-line-rule-auto pap-spacing-before-2pt pap-spacing-after-2pt\"><span style=\"text-decoration: underline;\">The Tidy Boys</span></p>\n<p class=\"paragraph text-align-type-left pap-line-1.8 pap-line-rule-auto pap-spacing-before-2pt pap-spacing-after-2pt\">Tidy品牌始于1995年，Amadeus Mozart和Andy Pickles成立了名为Tidy Trax的唱片公司，第一张唱片是The Handbaggers - \"U Found Out\"，取样于明尼苏达R&amp;B乐队The Jets 1986年发行的 \"Crush on You\"，在英国单曲榜上名列第55位。</p>\n<p class=\"paragraph text-align-type-left pap-line-1.8 pap-line-rule-auto pap-spacing-before-2pt pap-spacing-after-2pt\">&nbsp;</p>\n<p class=\"paragraph text-align-type-left pap-line-1.8 pap-line-rule-auto pap-spacing-before-2pt pap-spacing-after-2pt\">它们以化名发布音乐：The Handbaggers和Hyperlogic，Amadeus Mozart和Andy Pickles直到1999年才正式使用The Tidy Boys这个名字。</p>\n<p class=\"paragraph text-align-type-left pap-line-1.8 pap-line-rule-auto pap-spacing-before-2pt pap-spacing-after-2pt\">&nbsp;</p>\n<p class=\"paragraph text-align-type-left pap-line-1.8 pap-line-rule-auto pap-spacing-before-2pt pap-spacing-after-2pt\">Tidy品牌以举办大型活动而闻名，最著名的是The Tidy Weekenders。该品牌在2000年代后期，由于销售量（通过其Tidy唱片公司）不断减少，活动的出席人数也不多，因此在经济上难以维持下去。然而，在2010年中期，这个品牌有了一个巨大的复兴，并振兴了英国硬浩室子场景，在英国各地举办大型活动已经成为可能，由于粉丝能够通过The Tidy Boys官方Facebook页面与该品牌重新建立联系。</p>\n<p class=\"paragraph text-align-type-left pap-line-1.8 pap-line-rule-auto pap-spacing-before-2pt pap-spacing-after-2pt\">&nbsp;</p>\n<p class=\"paragraph text-align-type-left pap-line-1.8 pap-line-rule-auto pap-spacing-before-2pt pap-spacing-after-2pt\">Tidy以其售罄的俱乐部之夜和一次性的活动而闻名，例如TDV20--硬浩室最初的先驱者之一Tony De Vit去世20年的纪念活动。此外，Tidy还因举办 \"The Tidy Weekender \"而闻名；从周五到周日在Prestatyn、Camber Sands和Southport的Pontins度假村举办为期三天的派对。</p>\n</div>\n</div>\n<p class=\"paragraph text-align-type-left pap-line-1.8 pap-line-rule-auto pap-spacing-before-0pt pap-spacing-after-0pt\">&nbsp;</p>\n<p class=\"paragraph text-align-type-left pap-line-1.8 pap-line-rule-auto pap-spacing-before-0pt pap-spacing-after-0pt\">一些重要重要的活动：</p>\n<div>\n<div class=\"document\">\n<p class=\"paragraph text-align-type-left pap-line-1.8 pap-line-rule-auto pap-spacing-before-2pt pap-spacing-after-2pt\">Tidy XX Anniversary - 26 September 2015 at The Institute, Birmingham</p>\n<p class=\"paragraph text-align-type-left pap-line-1.8 pap-line-rule-auto pap-spacing-before-2pt pap-spacing-after-2pt\">Tidy 21 Weekender - 20&ndash;22 May 2016 at Pontins resort, Southport.</p>\n<p class=\"paragraph text-align-type-left pap-line-1.8 pap-line-rule-auto pap-spacing-before-2pt pap-spacing-after-2pt\">Tidy at The Church - 9 December 2017 at The Church Venue, Leeds</p>\n<p class=\"paragraph text-align-type-left pap-line-1.8 pap-line-rule-auto pap-spacing-before-2pt pap-spacing-after-2pt\">Tidy Seaside Special - 17&ndash;18 August 2018 at The Basement, Newquay</p>\n<p class=\"paragraph text-align-type-left pap-line-1.8 pap-line-rule-auto pap-spacing-before-2pt pap-spacing-after-2pt\">Tony De Vit 20 Memorial Event - 29 September 2018 at 02 Academy, Birmingham</p>\n<p class=\"paragraph text-align-type-left pap-line-1.8 pap-line-rule-auto pap-spacing-before-2pt pap-spacing-after-2pt\">Tidy Opera House Reunion - 28 September 2019 at 02 Academy, Bournemouth</p>\n<p class=\"paragraph text-align-type-left pap-line-1.8 pap-line-rule-auto pap-spacing-before-2pt pap-spacing-after-2pt\">Tidy 25 Weekender - 9&ndash;11 July 2021 at Pontins resort, Prestatyn.</p>\n<p class=\"paragraph text-align-type-left pap-line-1.8 pap-line-rule-auto pap-spacing-before-2pt pap-spacing-after-2pt\">&nbsp;</p>\n<div>\n<div class=\"document\">\n<p class=\"paragraph text-align-type-left pap-line-1.8 pap-line-rule-auto pap-spacing-before-2pt pap-spacing-after-2pt\"><span style=\"text-decoration: underline;\">Storm</span></p>\n<p class=\"paragraph text-align-type-left pap-line-1.8 pap-line-rule-auto pap-spacing-before-2pt pap-spacing-after-2pt\">于2000年推出，Storm在其全盛时期经常吸引多达2000名俱乐部成员，人们来自伯恩茅斯、爱丁堡和贝尔法斯特等地。由于Coalville地处偏僻，去往该地的交通十分不便，因为那里没有周日开行的公交车，也没有当地的火车站，这就意味着每周去Storm的大多数俱乐部成员通常都是死忠的狂欢者，也正因为如此，这个品牌和该地拥有一批崇拜者，并很快在Hard House乐迷中达到了传奇的地位。</p>\n<p class=\"paragraph text-align-type-left pap-line-1.8 pap-line-rule-auto pap-spacing-before-2pt pap-spacing-after-2pt\">&nbsp;</p>\n<p class=\"paragraph text-align-type-left pap-line-1.8 pap-line-rule-auto pap-spacing-before-2pt pap-spacing-after-2pt\"><span style=\"text-decoration: underline;\">Sundissential和Sundissential North</span></p>\n<p class=\"paragraph text-align-type-left pap-line-1.8 pap-line-rule-auto pap-spacing-before-2pt pap-spacing-after-2pt\">最初是在伯明翰的Pulse举行的，这个以中部地区为基地、自诩为 \"世界上最荒唐的俱乐部 \"的每周活动受到了极大的欢迎，很快就在利兹建立了第二个基地--先是在1998年到2000年的Uropa俱乐部，然后是2000年到2005年的Evolution。因其受到球迷的追捧而闻名，他们会穿上精心制作的衣服，而且往往是自制的，主要是用红色和黄色的绒毛制成。几次有争议的悲惨事件让Sundissential牢牢地站在了硬浩室音乐的最前沿，几位俱乐部成员的死亡，以及发起人Paul Madden a.k.a. \"Madders \"的反常行为，在利兹的俱乐部论坛，biscuitmonsters.com和4clubbers.net的网上粉丝中制造了八卦，并将品牌牢牢地置于聚光灯下，直到2005年关门。2016年，该品牌在新管理层的带领下重新启动，并开始在利兹的薄荷俱乐部和教堂再次举办活动。</p>\n<p class=\"paragraph text-align-type-left pap-line-1.8 pap-line-rule-auto pap-spacing-before-2pt pap-spacing-after-2pt\">&nbsp;</p>\n<p class=\"paragraph text-align-type-left pap-line-1.8 pap-line-rule-auto pap-spacing-before-2pt pap-spacing-after-2pt\"><span style=\"text-decoration: underline;\">Frantic</span></p>\n<p class=\"paragraph text-align-type-left pap-line-1.8 pap-line-rule-auto pap-spacing-before-2pt pap-spacing-after-2pt\">Frantic是伦敦最受欢迎和最活跃的hard house nights之一，由当时的历史老师Will Paterson在1997年发起，他想创造一个纯粹基于更硬的声音的派对，这些声音在Sunnyside Up和The Garage at Heaven这样的俱乐部中流行起来。</p>\n<p class=\"paragraph text-align-type-left pap-line-1.8 pap-line-rule-auto pap-spacing-before-2pt pap-spacing-after-2pt\">&nbsp;</p>\n<p class=\"paragraph text-align-type-left pap-line-1.8 pap-line-rule-auto pap-spacing-before-2pt pap-spacing-after-2pt\">他在2005年的一篇文章中说：\"我创办Frantic是因为我想为像我这样喜欢Tony De Vit这种凶猛的声音而不是柔和的hardbag声音的俱乐部成员提供一个享受的场所。我不明白为什么这个夜晚不能从一开始就很强硬，我认识很多有同样感觉的俱乐部成员。&ldquo;</p>\n<p class=\"paragraph text-align-type-left pap-line-1.8 pap-line-rule-auto pap-spacing-before-2pt pap-spacing-after-2pt\">&nbsp;</p>\n<p class=\"paragraph text-align-type-left pap-line-1.8 pap-line-rule-auto pap-spacing-before-2pt pap-spacing-after-2pt\">Frantic后来举办了数百场活动，包括在可容纳4500人的Brixton Academy定期举行的售罄演出。</p>\n<p class=\"paragraph text-align-type-left pap-line-1.8 pap-line-rule-auto pap-spacing-before-2pt pap-spacing-after-2pt\">&nbsp;</p>\n<p class=\"paragraph text-align-type-left pap-line-1.8 pap-line-rule-auto pap-spacing-before-2pt pap-spacing-after-2pt\"><span style=\"text-decoration: underline;\">Fish! and Superfish!</span></p>\n<p class=\"paragraph text-align-type-left pap-line-1.8 pap-line-rule-auto pap-spacing-before-2pt pap-spacing-after-2pt\">从90年代中期到21世纪初，俱乐部之夜包括Fish！、Superfish！和Turnmills的Warriors。</p>\n<p class=\"paragraph text-align-type-left pap-line-1.8 pap-line-rule-auto pap-spacing-before-2pt pap-spacing-after-2pt\">&nbsp;</p>\n<p class=\"paragraph text-align-type-left pap-line-1.8 pap-line-rule-auto pap-spacing-before-2pt pap-spacing-after-2pt\">在这些场所的hard house和hard NRG艺术家和DJ包括Captain Tinrib, D.F.Q., Ben Javlin, Steve Thomas, Steve Hill, Rubec, Simon Eve, Pete Wardman, Dave Randall, Johnnie \"RR\" Fierce, Karim, Chris \"Drum Head\" Edwards, 和Weirdo。</p>\n<p class=\"paragraph text-align-type-left pap-line-1.8 pap-line-rule-auto pap-spacing-before-2pt pap-spacing-after-2pt\">&nbsp;</p>\n<p class=\"paragraph text-align-type-left pap-line-1.8 pap-line-rule-auto pap-spacing-before-2pt pap-spacing-after-2pt\">其他场所是Soundshaft夜总会（在查林克罗斯的Heaven旁边）和布里斯顿的The Fridge。</p>\n<p class=\"paragraph text-align-type-left pap-line-1.8 pap-line-rule-auto pap-spacing-before-2pt pap-spacing-after-2pt\">&nbsp;</p>\n<div>\n<div class=\"document\">\n<p class=\"paragraph text-align-type-left pap-line-1.8 pap-line-rule-auto pap-spacing-before-2pt pap-spacing-after-2pt\"><strong>子类型和衍生</strong></p>\n<p class=\"paragraph text-align-type-left pap-line-1.8 pap-line-rule-auto pap-spacing-before-2pt pap-spacing-after-2pt\"><span style=\"text-decoration: underline;\">Scouse&nbsp;house</span></p>\n<p class=\"paragraph text-align-type-left pap-line-1.8 pap-line-rule-auto pap-spacing-before-2pt pap-spacing-after-2pt\">Scouse house（最初被称为bouncy hard house或bouncy house），也被称为UK bounce，donk，或最近被称为hard bounce，是英国hard house的一种风格，最早出现在1999年左右。&nbsp;与其他hard house流派不同的是，它的特点是节奏感强、精力充沛，并且非常注重 \"pipe\"样本，作为一种非节奏的bassline，它通常代表一种 \"donk \"的声音。&nbsp;近年来，hard&nbsp;bounce已经成为一种风格，远不如原来的Scouse house流派那样以振奋人心的trance为导向，它也利用了同样的采样，但采取了一种略微更商业化的方法。</p>\n<p class=\"paragraph text-align-type-left pap-line-1.8 pap-line-rule-auto pap-spacing-before-2pt pap-spacing-after-2pt\">&nbsp;</p>\n<p class=\"paragraph text-align-type-left pap-line-1.8 pap-line-rule-auto pap-spacing-before-2pt pap-spacing-after-2pt\"><span style=\"text-decoration: underline;\">Pumping&nbsp;house</span></p>\n<p class=\"paragraph text-align-type-left pap-line-1.8 pap-line-rule-auto pap-spacing-before-2pt pap-spacing-after-2pt\">Pumping house（或bumping）是一个中间词，也是早期Scouse house场景的一个本地变体，它在90年代末到21世纪初在俄罗斯和西班牙很流行。&nbsp;这个流派开始于1997年荷兰二人组Klubbheads在Ultimate Seduction - \"A Walking Nightmare (Klubbheads GP Mix) \"一曲中发明了所谓的&nbsp;bamboo-bass。&nbsp;几年后，这一流派诞生了英国的DONK场景和西班牙的POKY场景。 在俄罗斯、西班牙和波兰，Pumping House被用作Scouse House的一个可替换术语。</p>\n<p class=\"paragraph text-align-type-left pap-line-1.8 pap-line-rule-auto pap-spacing-before-2pt pap-spacing-after-2pt\">&nbsp;</p>\n<p class=\"paragraph text-align-type-left pap-line-1.8 pap-line-rule-auto pap-spacing-before-2pt pap-spacing-after-2pt\"><span style=\"text-decoration: underline;\">Hardbass</span></p>\n<p class=\"paragraph text-align-type-left pap-line-1.8 pap-line-rule-auto pap-spacing-before-2pt pap-spacing-after-2pt\">Hardbass（俄语：хардбасс）是pumping house的一种发展，在21世纪初起源于俄罗斯。</p>\n<p class=\"paragraph text-align-type-left pap-line-1.8 pap-line-rule-auto pap-spacing-before-2pt pap-spacing-after-2pt\">&nbsp;</p>\n<p class=\"paragraph text-align-type-left pap-line-1.8 pap-line-rule-auto pap-spacing-before-2pt pap-spacing-after-2pt\"><span style=\"text-decoration: underline;\">Hard&nbsp; NRG</span></p>\n<p class=\"paragraph text-align-type-left pap-line-1.8 pap-line-rule-auto pap-spacing-before-2pt pap-spacing-after-2pt\">Hard NRG是一种从trance和英国hard house中产生的流派，在rave场景中获得了流行。&nbsp;该流派的特点是在Hi-NRG的基础上加入了非节奏的bass模式，这些贝斯模式被添加到更黑暗、更有反响的trance节拍和合成器中。&nbsp;</p>\n<p class=\"paragraph text-align-type-left pap-line-1.8 pap-line-rule-auto pap-spacing-before-2pt pap-spacing-after-2pt\">&nbsp;</p>\n<p class=\"paragraph text-align-type-left pap-line-1.8 pap-line-rule-auto pap-spacing-before-2pt pap-spacing-after-2pt\"><strong>术语与概念的混淆</strong></p>\n<p class=\"paragraph text-align-type-left pap-line-1.8 pap-line-rule-auto pap-spacing-before-2pt pap-spacing-after-2pt\">Hard&nbsp;house与Hardstyle相似，但又有区别。&nbsp;有时会出现混乱，因为一些俱乐部的夜晚和活动会同时播放Hardstyle和Hard&nbsp;house，这可能是因为hardstyle在西欧非常有名，而hard house在英国以外的地区只有有限的听众，所以有更多的新音乐在hardstyle场景中发布。</p>\n</div>\n</div>\n</div>\n</div>\n</div>\n</div>\n</div>",
 "contentEn": "<p><strong>UK hard house</strong>&nbsp;or simply&nbsp;<strong>hard house</strong>&nbsp;is a style of&nbsp;electronic dance music<sup id=\"cite_ref-ishkur_1-0\" class=\"reference\">[1]</sup>&nbsp;music that emerged in the early 1990s and is synonymous with its association to&nbsp;Trade&nbsp;club and the associated DJs there that created the style.<sup id=\"cite_ref-2\" class=\"reference\">[2]</sup><sup id=\"cite_ref-3\" class=\"reference\">[3]</sup>&nbsp;It often features a speedy&nbsp;tempo&nbsp;(around 150 BPM), offbeat bass stabs,<sup id=\"cite_ref-ishkurOnUKHardHouse_4-0\" class=\"reference\">[4]</sup>&nbsp;hoovers, horns<sup id=\"cite_ref-ishkurOnUKHardHouse_4-1\" class=\"reference\">[4]</sup>&nbsp;and crowd cheering samples.<sup id=\"cite_ref-ishkurOnUKHardHouse_4-2\" class=\"reference\">[4]</sup>&nbsp;It usually contains a break in the middle of the track without drum. UK hard house often uses a long and sharp string note to create suspense. Most of the time, the drops are introduced by a&nbsp;drum roll.</p>\n<h2>&nbsp;</h2>\n<h2><span id=\"Origins\" class=\"mw-headline\">Origins</span></h2>\n<p>Hard house has its immediate roots primarily in Belgian and German&nbsp;techno, American disco-sample based&nbsp;house music,&nbsp;handbag house&nbsp;and&nbsp;early trance.</p>\n<p>&nbsp;</p>\n<p>UK producer and label owner John Truelove was quoted as saying of hard house's origins:&nbsp;<em>\"I would say that tunes such as XVX&rsquo;s &ldquo;Tremorra Del Terra&rdquo; and Interactive&rsquo;s &ldquo;Amok&rdquo; (essentially the same tune) were absolutely defining moments. Early German Trance led directly to what Daz Saund and Trevor Rockcliffe were playing at Trade\"</em><sup id=\"cite_ref-5\" class=\"reference\">[5]</sup></p>\n<p>&nbsp;</p>\n<p>Tony De Vit&nbsp;was one of the key DJs to codify and popularise the hard house sound (earlier often referred to as 'hardbag'), taking inspiration from his early visits to Trade in the early '90s &mdash; where he soon became a resident DJ.</p>\n<h2>&nbsp;</h2>\n<h2><span id=\"Hard_house_clubbing_brands\" class=\"mw-headline\">Hard house clubbing brands</span></h2>\n<p>Certain brands have reached legendary status with die-hard hard house fans, such as Birmingham based&nbsp;Sundissential&nbsp;and the record label Tidy Trax who also branched out in the early 2000s into putting on club events, including the Tidy Weekender 3 day events. Clubbers are known to travel cross-country to some parties. The venues associated with certain brands are almost the stuff of legend themselves and are remembered fondly and given almost cult status by veteran ravers. For example:</p>\n<h3>&nbsp;</h3>\n<h3><span id=\"The_Tidy_Boys\" class=\"mw-headline\">The Tidy Boys</span></h3>\n<p>The Tidy brand began in 1995, when Amadeus Mozart and Andy Pickles formed the record label known as Tidy Trax, with its first release was The Handbaggers - \"U Found Out\", sampling Minnesota R&amp;B band&nbsp;The Jets&nbsp;1986 release \"Crush on You\", which peaked at number 55 in the&nbsp;UK Singles Chart.<sup id=\"cite_ref-6\" class=\"reference\">[6]</sup></p>\n<p>&nbsp;</p>\n<p>Releasing music under the pseudonyms: The Handbaggers and Hyperlogic, Amadeus Mozart and Andy Pickles did not officially use the name The Tidy Boys until 1999.</p>\n<p>&nbsp;</p>\n<p>The Tidy brand is known for putting on large-scale events, most notably The Tidy Weekenders. The brand struggled in the late 2000s to keep going financially with dwindling sales (through its Tidy record label) and poor attendance figures to events. During the mid-2010s, however, the brand has had a huge resurgence and revitalized the UK hard house scene putting on huge events across the UK has been possible due to the fans being able to reconnect with the brand through&nbsp;The Tidy Boys&nbsp;official&nbsp;Facebook&nbsp;page and growing social media presence.</p>\n<p>&nbsp;</p>\n<p>Tidy is known for their sell-out club nights and one-off events such as TDV20 &ndash; a 20-year memorial event of the death of&nbsp;Tony De Vit&nbsp;&ndash; one of the original pioneers of hard house. Also known for hosting \"The Tidy Weekender\"; three-day parties which were held from Friday to Sunday at&nbsp;Pontins&nbsp;resorts in Prestatyn, Camber Sands and Southport.<sup id=\"cite_ref-7\" class=\"reference\">[7]</sup></p>\n<p>&nbsp;</p>\n<p>Notable events:</p>\n<ul>\n<li>Tidy XX Anniversary - 26 September 2015 at The Institute, Birmingham</li>\n<li>Tidy 21 Weekender - 20&ndash;22 May 2016 at&nbsp;Pontins&nbsp;resort, Southport.</li>\n<li>Tidy at The Church - 9 December 2017 at The Church Venue, Leeds</li>\n<li>Tidy Seaside Special - 17&ndash;18 August 2018 at The Basement, Newquay</li>\n<li>Tony De Vit&nbsp;20 Memorial Event - 29 September 2018 at 02 Academy, Birmingham</li>\n<li>Tidy Opera House Reunion - 28 September 2019 at 02 Academy, Bournemouth</li>\n<li>Tidy 25 Weekender - 9&ndash;11 July 2021 at&nbsp;Pontins&nbsp;resort, Prestatyn.</li>\n</ul>\n<h3>&nbsp;</h3>\n<h3><span id=\"Storm.5B8.5D\"></span><span id=\"Storm[8]\" class=\"mw-headline\">Storm<sup id=\"cite_ref-8\" class=\"reference\">[8]</sup></span></h3>\n<p>Launched in 2000, Storm regularly attracted up to 2000 clubbers in its heyday, and people came from as far as Bournemouth, Edinburgh and Belfast. The remoteness of Coalville made the venue tricky to get to, as there were no buses there which run on a Sunday and no local train station, meaning that the majority of clubbers who made it to Storm each week were usually die-hard ravers and for this reason, the brand and the venue had a cult following and very quickly reached legendary status amongst hard house fans.</p>\n<h3>&nbsp;</h3>\n<h3><span id=\"Sundissential_and_Sundissential_North.5B9.5D\"></span><span id=\"Sundissential_and_Sundissential_North[9]\" class=\"mw-headline\">Sundissential and Sundissential North<sup id=\"cite_ref-9\" class=\"reference\">[9]</sup></span></h3>\n<p>Originally held at Pulse in Birmingham, the sheer popularity of the weekly Midlands-based, self-styled \"Most Outrageous Club in the World\" saw it quickly set up its second base in Leeds &ndash; firstly, at Club Uropa from 1998 till 2000 and then Evolution from 2000 till 2005. Known for its cult following by fans who would wear elaborate and often home-made outfits, largely made from red and yellow fluff. Several controversial and tragic incidents kept Sundissential firmly at the forefront of the hard house scene, with several deaths of clubbers,<sup id=\"cite_ref-10\" class=\"reference\">[10]</sup>&nbsp;as well as the antics of the promoter, Paul Madden a.k.a. \"Madders\" which created gossip amongst fans online on Leeds based clubbing forums, biscuitmonsters.com and 4clubbers.net and kept the brand firmly in the spotlight until the doors closed in 2005. In 2016, the brand was relaunched under new management and began putting on events again in Leeds, at the Mint Club and at Church.<sup id=\"cite_ref-11\" class=\"reference\">[11]</sup></p>\n<h3>&nbsp;</h3>\n<h3><span id=\"Frantic\" class=\"mw-headline\">Frantic</span></h3>\n<p>One of London's most popular and frequent hard house nights, Frantic was launched in 1997 by then-history teacher Will Paterson, who wanted to create a night based purely on the harder sounds that formed part of the night at clubs like Sunnyside Up and The Garage at&nbsp;Heaven.</p>\n<p>&nbsp;</p>\n<p>&ldquo;I started Frantic as I wanted to go to a night for clubbers like me that preferred the ferocious hoover led sounds of Tony De Vit rather than the softer hardbag sounds\" he said in a 2005 article. I didn&rsquo;t see why the night couldn&rsquo;t be tough from the beginning and knew loads of clubbers who felt the same. I got into hard house by accident.&rdquo;</p>\n<p>&nbsp;</p>\n<p>Frantic would go on to host hundreds of events, including regular sold-out shows at the 4500-capacity&nbsp;Brixton Academy.</p>\n<h3>&nbsp;</h3>\n<h3><span id=\"Fish.21_and_Superfish.21.5B12.5D\"></span><span id=\"Fish!_and_Superfish![12]\" class=\"mw-headline\">Fish! and Superfish!<sup id=\"cite_ref-12\" class=\"reference\">[12]</sup></span></h3>\n<p>From the mid-1990s to early 2000s, club nights included Fish!, Superfish!, and Warriors at&nbsp;Turnmills.</p>\n<p>&nbsp;</p>\n<p>Hard house and&nbsp;hard NRG&nbsp;artists and DJs at these venues included Captain Tinrib, D.F.Q., Ben Javlin, Steve Thomas, Steve Hill, Rubec, Simon Eve, Pete Wardman, Dave Randall, Johnnie \"RR\" Fierce, Karim, Chris \"Drum Head\" Edwards, and Weirdo.</p>\n<p>&nbsp;</p>\n<p>Other venues were the Soundshaft nightclub (next to&nbsp;Heaven&nbsp;in&nbsp;Charing Cross) and&nbsp;The Fridge&nbsp;in&nbsp;Brixton.</p>\n<h3>&nbsp;</h3>\n<h3><span id=\"Sin:ergy\" class=\"mw-headline\">Sin:ergy</span></h3>\n<p>Manchester's longest-running hard house club night, launched in October 2000 and ran every Friday at The Phoenix until 2003. In 2003 Sin:ergy moved to a monthly event at club North (under Afflecks Place). With the tag line was... \"All Nations, All Persuasions\" Sin:ergy and welcomed anyone and everyone, it was a place all about the music no matter what the colour of your skin or sexual orientation. Sin:ergy welcomed artists such as; Tidy Boys, Karim, RR Fierce, Sterling Moss, Ilogik, Lab 4 and many more and boasted Paul Glazby and Ian M as resident DJs.</p>\n<p>&nbsp;</p>\n<p>Originally founded by Jeremy Couzins and joined by Stuart Moir in late 2000. In 2003 Stuart founded spinoff night PureFilth! and Sinergy was later sold to Lord K who still owns the brand.</p>\n<h3>&nbsp;</h3>\n<h3><span id=\"PureFilth.21\"></span><span id=\"PureFilth!\" class=\"mw-headline\">PureFilth!</span></h3>\n<p>PureFilth! was a hard dance club based in Manchester for clubbers who liked there music extra hard, the night was setup and run by Stuart Moir (an original Sin:ergy promoter). PureFilth! started as a monthly Thursday night @ Club Phoenix and quickly progressed to a monthly Saturday which we moved to The Park Nightclub, Manchester and a monthly student night (Thursday) at Scubar, Manchester.</p>\n<p>&nbsp;</p>\n<p>PureFilth! was the only club night in the north and one of the first in the UK that solely concentrated on the harder side of house, in its day PureFilth! had a hardcore following putting on events packed with DJs with the 1st birthday being a highlight of many people clubbing history... 14 hours, 2 venues and 20 artists including; Captain Tinrib LIVE, Paul Glazby, Energy UK DJs, Ben Stevens, Nik Denton, JP &amp; Jukesy, Tim Clewz and many more.</p>\n<p>&nbsp;</p>\n<p>PureFilth! also co-promoted nights throughout the country in conjunction with Insomniacz (Corporation, Sheffield), Rush (Club 414, London), Toast (Manchester), Native (Manchester), Detox (Boat Party in Durham), Ground Zero (Keely Uni), Binary (Manchester), Embrace (Liverpool), amongst other nights in Birmingham, Leeds, etc.</p>\n<h3>&nbsp;</h3>\n<h3><span id=\"Resurrection\" class=\"mw-headline\">Resurrection</span></h3>\n<p>Resurrection is one of hard house's rising stars and is Manchester's newest Hard House and Hard Trance club night brought to you by the people behind the legendary club nights Sin:ergy and heavy-hitters PureFilth! Launched in May 2019, Resurrection 1 had an all-star lineup featuring Rob Tissera, Ilogik, Dynamic Intervention, JP &amp; Jukesy, Tim Clewz, Casper, Little Miss Natalie, Frank Farrell and resident DJs. In December 2019 was Resurrection 2 featuring Lab 4 LIVE, Defective Audio, Eufex, Jon Hemming, Joe Longbottom, Bass Jumper, Jodie Rose and many more.</p>\n<p>&nbsp;</p>\n<p>During the COVID-19 pandemic, Resurrection have been keeping everyone entertained with their 6x LOCKDOWN Digital Raves, 2x massive 4PLAY events featuring... GoodGreef, Xstatic, We Love Hardhouse in December 2020 and Storm, Reactivate and Hard Trance Europe in March 2021 and their weekly SPOTLIGHT show (every Sunday 6-8pm) all live on globalhardhouse.com</p>\n<h2>&nbsp;</h2>\n<h2><span id=\"Subgenres_and_derivatives\" class=\"mw-headline\">Subgenres and derivatives</span></h2>\n<h3><span id=\"Scouse_house\" class=\"mw-headline\">Scouse house</span></h3>\n<p><strong>Scouse house</strong><sup id=\"cite_ref-hb_titles_13-0\" class=\"reference\">[13]</sup><sup id=\"cite_ref-junosc_14-0\" class=\"reference\">[14]</sup>&nbsp;(originally known as&nbsp;<strong>bouncy hard house</strong>&nbsp;or&nbsp;<strong>bouncy house</strong><sup id=\"cite_ref-junosc_14-1\" class=\"reference\">[14]</sup><sup id=\"cite_ref-bbcdonk_15-0\" class=\"reference\">[15]</sup>), also known as&nbsp;<strong>UK bounce</strong>,<sup id=\"cite_ref-hb_titles_13-1\" class=\"reference\">[13]</sup>&nbsp;<strong>donk</strong>,<sup id=\"cite_ref-hb_titles_13-2\" class=\"reference\">[13]</sup><sup id=\"cite_ref-bbcdonk_15-1\" class=\"reference\">[15]</sup>&nbsp;or more recently as&nbsp;<strong>hard bounce</strong>, is a style of UK hard house which first emerged around 1999. Unlike other hard house genres, it features an upbeat, energetic sound and heavily focuses on the 'pipe' sample as an offbeat bassline, which usually represents a 'donk' sound. In recent years, hard bounce has come to refer as style far less&nbsp;uplifting trance&nbsp;orientated than the original Scouse house genre, which also utilizes the same sample but takes a slightly more commercial approach.</p>\n<h3>&nbsp;</h3>\n<h3><span id=\"Pumping_house\" class=\"mw-headline\">Pumping house</span></h3>\n<p><strong>Pumping house</strong><sup id=\"cite_ref-16\" class=\"reference\">[16]</sup>&nbsp;(or&nbsp;<strong>bumping</strong>) is an intermediate term and a local variant of the early scouse house scene, which was popular&nbsp;Russia&nbsp;and&nbsp;Spain&nbsp;in the late 1990s to early 2000s. The genre takes start when the&nbsp;Dutch&nbsp;duo&nbsp;Klubbheads&nbsp;invented so called&nbsp;<em>bamboo-bass</em>&nbsp;in the track&nbsp;<em>Ultimate Seduction</em>&nbsp;- \"A Walking Nightmare (Klubbheads GP Mix)\" in 1997. Years later the genre gave the birth to Britain's&nbsp;<em>donk</em>&nbsp;scene and Spain scene&nbsp;<em>poky</em>.<sup id=\"cite_ref-17\" class=\"reference\">[17]</sup>&nbsp;Pumping house is used as an interchangeable term for scouse house in Russia, Spain and Poland.</p>\n<h3>&nbsp;</h3>\n<h3><span id=\"Hardbass\" class=\"mw-headline\">Hardbass</span></h3>\n<p><strong>Hardbass</strong>&nbsp;(Russian:&nbsp;<span lang=\"ru\">хардбасс</span>) is a development of pumping house, originated in Russia in the early 2000s.</p>\n<h3>&nbsp;</h3>\n<h3><span id=\"Hard_NRG\" class=\"mw-headline\">Hard NRG</span></h3>\n<p><strong>Hard NRG</strong>&nbsp;is a genre that emerged from&nbsp;trance&nbsp;and UK hard house that gained popularity on the rave scenes. The genre is distinguished by the offbeat bass patterns that were inspired from&nbsp;Hi-NRG, which were added over darker and more anthemic trance beats and synths. Through lacking the trance melodies it has more of a rhythmic structure.</p>\n<h2>&nbsp;</h2>\n<h2><span id=\"Confusion\" class=\"mw-headline\">Confusion</span></h2>\n<p>Hard house is similar to, but distinct from&nbsp;hardstyle. Confusion can sometimes arise as some club nights and events will play both&nbsp;hardstyle&nbsp;and hard house. This may be because hardstyle is quite well known across western Europe, whereas hard house has only ever had a limited audience outside of the UK, so there is more new music being released in the hardstyle scene<sup class=\"noprint Inline-Template Template-Fact\">[<em><span title=\"This claim needs references to reliable sources. (January 2021)\">citation needed</span></em>]</sup>.</p>\n<h2>&nbsp;</h2>\n<h2><span id=\"References\" class=\"mw-headline\">References</span></h2>\n<div class=\"reflist\">\n<div class=\"mw-references-wrap mw-references-columns\">\n<ol class=\"references\">\n<li id=\"cite_note-ishkur-1\"><span class=\"mw-cite-backlink\"><strong>^</strong></span>&nbsp;<span class=\"reference-text\"><cite id=\"CITEREFIshkur2005\" class=\"citation web cs1\">Ishkur (2005).&nbsp;\"Ishkur's guide to Electronic Music\"<span class=\"reference-accessdate\">. Retrieved&nbsp;<span class=\"nowrap\">September 17,</span>&nbsp;2014</span>.</cite></span></li>\n<li id=\"cite_note-2\"><span class=\"mw-cite-backlink\"><strong>^</strong></span>&nbsp;<span class=\"reference-text\"><cite id=\"CITEREFGerstner2012\" class=\"citation book cs1\">Gerstner, David A. (2012).&nbsp;<em>Routledge International Encyclopedia of Queer Culture</em>. Routledge. p.&nbsp;154.&nbsp;ISBN&nbsp;<bdi>9781136761812</bdi>.</cite></span></li>\n<li id=\"cite_note-3\"><span class=\"mw-cite-backlink\"><strong>^</strong></span>&nbsp;<span class=\"reference-text\"><cite id=\"CITEREFSkruff\" class=\"citation web cs1\">Skruff, Jonty.&nbsp;\"Mark Kavanagh- Ireland's Hardest DJ on Ending Up in U2's Gutter (interview)\".&nbsp;<em>trackitdown.net</em>. Track it Down online webzine, June 3, 2011<span class=\"reference-accessdate\">. Retrieved&nbsp;<span class=\"nowrap\">21 October</span>&nbsp;2016</span>.</cite></span></li>\n<li id=\"cite_note-ishkurOnUKHardHouse-4\"><span class=\"mw-cite-backlink\">^&nbsp;<span class=\"cite-accessibility-label\">Jump up to:</span><sup><em><strong>a</strong></em></sup>&nbsp;<sup><em><strong>b</strong></em></sup>&nbsp;<sup><em><strong>c</strong></em></sup></span>&nbsp;<span class=\"reference-text\"><cite id=\"CITEREFIshkur2005\" class=\"citation web cs1\">Ishkur (2005).&nbsp;\"Stupid house\"<span class=\"reference-accessdate\">. Retrieved&nbsp;<span class=\"nowrap\">September 17,</span>&nbsp;2014</span>.</cite></span></li>\n<li id=\"cite_note-5\"><span class=\"mw-cite-backlink\"><strong>^</strong></span>&nbsp;<span class=\"reference-text\"><cite class=\"citation web cs1\">\"HarderFaster\".&nbsp;<em>HarderFaster.net</em><span class=\"reference-accessdate\">. Retrieved&nbsp;<span class=\"nowrap\">2021-03-02</span></span>.</cite></span></li>\n<li id=\"cite_note-6\"><span class=\"mw-cite-backlink\"><strong>^</strong></span>&nbsp;<span class=\"reference-text\"><cite class=\"citation web cs1\">\"Official Tidy Page\".&nbsp;<em>Facebook.com</em><span class=\"reference-accessdate\">. Retrieved&nbsp;<span class=\"nowrap\">2018-10-01</span></span>.</cite></span></li>\n<li id=\"cite_note-7\"><span class=\"mw-cite-backlink\"><strong>^</strong></span>&nbsp;<span class=\"reference-text\"><cite class=\"citation news cs1\">\"Review: Tidy Weekender - Hard House is Dead? | Ibiza Spotlight\".&nbsp;<em>Ibiza Spotlight</em><span class=\"reference-accessdate\">. Retrieved&nbsp;<span class=\"nowrap\">2018-10-01</span></span>.</cite></span></li>\n<li id=\"cite_note-8\"><span class=\"mw-cite-backlink\"><strong>^</strong></span>&nbsp;<span class=\"reference-text\"><cite class=\"citation web cs1\">\"Storm\".&nbsp;<em>Facebook.com</em><span class=\"reference-accessdate\">. Retrieved&nbsp;<span class=\"nowrap\">2018-10-01</span></span>.</cite></span></li>\n<li id=\"cite_note-9\"><span class=\"mw-cite-backlink\"><strong>^</strong></span>&nbsp;<span class=\"reference-text\"><cite class=\"citation web cs1\">\"Sundissential\".&nbsp;<em>Facebook.com</em><span class=\"reference-accessdate\">. Retrieved&nbsp;<span class=\"nowrap\">2018-10-01</span></span>.</cite></span></li>\n<li id=\"cite_note-10\"><span class=\"mw-cite-backlink\"><strong>^</strong></span>&nbsp;<span class=\"reference-text\"><cite class=\"citation news cs1\">\"The Ecstasy, the agony, and the culpability\".&nbsp;<em>The Independent</em><span class=\"reference-accessdate\">. Retrieved&nbsp;<span class=\"nowrap\">2018-10-01</span></span>.</cite></span></li>\n<li id=\"cite_note-11\"><span class=\"mw-cite-backlink\"><strong>^</strong></span>&nbsp;<span class=\"reference-text\"><cite class=\"citation web cs1\">\"Sundissential North returns to Leeds!!\".&nbsp;<em>moreonthedoor.com</em><span class=\"reference-accessdate\">. Retrieved&nbsp;<span class=\"nowrap\">2018-10-01</span></span>.</cite></span></li>\n<li id=\"cite_note-12\"><span class=\"mw-cite-backlink\"><strong>^</strong></span>&nbsp;<span class=\"reference-text\"><cite class=\"citation web cs1\">\"About Us - The Tinrib Story\".&nbsp;<em>Tinrib Digital⚓</em><span class=\"reference-accessdate\">. Retrieved&nbsp;<span class=\"nowrap\">2019-03-21</span></span>.</cite></span></li>\n<li id=\"cite_note-hb_titles-13\"><span class=\"mw-cite-backlink\">^&nbsp;<span class=\"cite-accessibility-label\">Jump up to:</span><sup><em><strong>a</strong></em></sup>&nbsp;<sup><em><strong>b</strong></em></sup>&nbsp;<sup><em><strong>c</strong></em></sup></span>&nbsp;<span class=\"reference-text\"><cite class=\"citation web cs1\">\"Clubbers' Decktionary: Scouse House aka Donk, UK Bounce, NRG\".&nbsp;<em>The List</em>. 2012-08-22<span class=\"reference-accessdate\">. Retrieved&nbsp;<span class=\"nowrap\">2020-05-12</span></span>.</cite></span></li>\n<li id=\"cite_note-junosc-14\"><span class=\"mw-cite-backlink\">^&nbsp;<span class=\"cite-accessibility-label\">Jump up to:</span><sup><em><strong>a</strong></em></sup>&nbsp;<sup><em><strong>b</strong></em></sup></span>&nbsp;<span class=\"reference-text\"><cite class=\"citation web cs1\">\"Scouse House Juno Download\".&nbsp;<em>Juno Download</em><span class=\"reference-accessdate\">. Retrieved&nbsp;<span class=\"nowrap\">2020-05-12</span></span>.</cite></span></li>\n<li id=\"cite_note-bbcdonk-15\"><span class=\"mw-cite-backlink\">^&nbsp;<span class=\"cite-accessibility-label\">Jump up to:</span><sup><em><strong>a</strong></em></sup>&nbsp;<sup><em><strong>b</strong></em></sup></span>&nbsp;<span class=\"reference-text\"><cite class=\"citation web cs1\">\"8 music things we'd like to see make a comeback - BBC Music\".&nbsp;<em>Bbc.co.uk</em>. 2018-01-08<span class=\"reference-accessdate\">. Retrieved&nbsp;<span class=\"nowrap\">2020-05-12</span></span>.</cite></span></li>\n<li id=\"cite_note-16\"><span class=\"mw-cite-backlink\"><strong>^</strong></span>&nbsp;<span class=\"reference-text\"><cite id=\"CITEREFYegorov2017\" class=\"citation web cs1\">Yegorov, Oleg (2017-12-22).&nbsp;\"Russian hard bass: How a musical monstrosity went viral\".&nbsp;<em>Rbth.com</em><span class=\"reference-accessdate\">. Retrieved&nbsp;<span class=\"nowrap\">2020-05-12</span></span>.</cite></span></li>\n<li id=\"cite_note-17\"><span class=\"mw-cite-backlink\"><strong>^</strong></span>&nbsp;<span class=\"reference-text\"><cite class=\"citation web cs1\">\"Welcome To Russia's Hard Bass Scene\".&nbsp;<em>Vice.com</em><span class=\"reference-accessdate\">. Retrieved&nbsp;<span class=\"nowrap\">2020-09-05</span></span>.</cite></span></li>\n</ol>\n</div>\n</div>",
 "remarks": "本词条汉字内容由 @多频百科团队 翻译+编辑\n原文译自  https://en.wikipedia.org/wiki/UK_hard_house",
 "remarksEn": "本词条内容来自  https://en.wikipedia.org/wiki/UK_hard_house",
 "status": 1,
 "clickNum": 17,
 "deleted": 0,
 "lang": 0,
 "chooseLang": true,
 "id": 87,
 "name": "UK Hard House",
 "descriptions": "UK Hard House（英国硬浩室，简称硬浩室）是一种电子舞曲音乐风格，兴起于20世纪90年代，它的起源与Trade Club以及在那里开创这种风格的DJ有关。它的特点通常是快速的节奏（约150 BPM），offbeat的bass设计，Hoovers和喇叭音色，以及人群欢呼声。这类音乐通常在中间部分有一段没有鼓点的Break。英国硬浩室经常使用长而尖锐的弦音来制造悬念。大多数时候，DROP都是通过鼓点设计来引入的。 ",
 "originalName": "UK hard house",
 "startTimeText": "Mid 1990s",
 "startAddress": "UK",
 "searchStyle": "House",
 "styleCategory": "House",
 "originalStyle": "House, hardbag, Hi-NRG, acid house, hardcore, breakbeat hardcore, New beat",
 "affectStyle": "",
 "deriveStyle": "Hard NRG, pumping house, scouse house",
 "representArtist": "",
 "officialUrl": "https://en.wikipedia.org/wiki/UK_hard_house",
 "typeId": 13,
 "typeName": "风格",
 "dataId": 87,
 "url": "http://dropinapp.hearinmusic.com/#/ency?typeId=13&dataId=87"
}