{
 "pageNum": 1,
 "pageSize": 10,
 "params": {},
 "relationChannel": "[{\"id\":1460,\"parentId\":8,\"name\":\"UK Trap\"}]",
 "content": "",
 "remarks": "本词条内容暂未完善仅供参考，多频百科小编正在火速赶来",
 "remarksEn": "本词条内容暂未完善仅供参考，多频百科小编正在火速赶来",
 "status": 0,
 "clickNum": 1,
 "deleted": 0,
 "lang": 0,
 "chooseLang": false,
 "id": 304,
 "name": "UK Trap",
 "descriptions": "",
 "originalName": "",
 "startTimeText": "",
 "startAddress": "",
 "searchStyle": "Hip Hop Music",
 "styleCategory": "Trap",
 "originalStyle": "",
 "affectStyle": "",
 "deriveStyle": "",
 "representArtist": "",
 "officialUrl": "",
 "typeId": 13,
 "typeName": "风格",
 "dataId": 304,
 "url": "http://dropinapp.hearinmusic.com/#/ency?typeId=13&dataId=304"
}