{
 "pageNum": 1,
 "pageSize": 10,
 "params": {},
 "relationChannel": "[{\"id\":1241,\"parentId\":8,\"name\":\"Vocal Trance\"}]",
 "content": "<div>\n<div class=\"document\">\n<div>\n<div class=\"document\">\n<p class=\"paragraph text-align-type-left pap-line-1.8 pap-line-rule-auto pap-spacing-before-2pt pap-spacing-after-2pt\">Vocal Trance是trance music的一个子流派，侧重于人声和旋律。这种子流派出现于20世纪90年代初，当时trance音乐仍在发展中。尽管许多早期的trance作品就将人声采样混入音乐中，但这种风格最早的例子大约出现在1992-93年。</p>\n<p class=\"paragraph text-align-type-left pap-line-1.8 pap-line-rule-auto pap-spacing-before-2pt pap-spacing-after-2pt\">&nbsp;</p>\n<p class=\"paragraph text-align-type-left pap-line-1.8 pap-line-rule-auto pap-spacing-before-2pt pap-spacing-after-2pt\"><strong>特征</strong></p>\n<p class=\"paragraph text-align-type-left pap-line-1.8 pap-line-rule-auto pap-spacing-before-2pt pap-spacing-after-2pt\">典型的 Vocal Trance 以渐进的节奏引入作为Intro部分。接下来，旋律部分作为主角开始逐渐进入，将人声（通常是女声）、lead旋律声音（大部分时期高音调和快速的）以及 Bass Pattern 结合起来。在曲目接近尾声时，旋律部分逐渐消失，Intro的节奏部分重新回归，但相较之前通常会有一些细微的变化。这些是较为典型的 Vocal Trance 所具备的特色，然而一些后来带有&ldquo;Vocal Trance&rdquo;标签的歌曲可能并不会包含所有上述的元素。</p>\n<p class=\"paragraph text-align-type-left pap-line-1.8 pap-line-rule-auto pap-spacing-before-2pt pap-spacing-after-2pt\">&nbsp;</p>\n<p class=\"paragraph text-align-type-left pap-line-1.8 pap-line-rule-auto pap-spacing-before-2pt pap-spacing-after-2pt\">Vocal Trance 制作人经常使用Session Musicians的Vocal素材进行创作，特别是女性。 有些此类歌手已经出现在跨越不同流派的曲目中，而有一些歌手选择只在电子舞曲音乐的流派中献声。</p>\n<p class=\"paragraph text-align-type-left pap-line-1.8 pap-line-rule-auto pap-spacing-before-2pt pap-spacing-after-2pt\">&nbsp;</p>\n<p class=\"paragraph text-align-type-left pap-line-1.8 pap-line-rule-auto pap-spacing-before-2pt pap-spacing-after-2pt\"><strong>欧洲</strong></p>\n<p class=\"paragraph text-align-type-left pap-line-1.8 pap-line-rule-auto pap-spacing-before-2pt pap-spacing-after-2pt\">从 1997 年到 2004 年，这种音乐风格主要是Progressive和Uplifting Trance加主要是女声的人声。它以德国制作为主要制作中心，并因 Viva、Onyx.tv 和 MTV2 Pop 卫星音乐频道而传遍欧洲。当时的电视频道 TMF Belgium/Holland（以及 2000 年代的 JIM Belgium）随后也推广了他们自己的 Vocal Trance 作品，并在英国和西班牙取得了更大的商业成功。 英国在 Vocal trance 场景中也占有一席之地，但整体氛围处于更地下。</p>\n<p class=\"paragraph text-align-type-left pap-line-1.8 pap-line-rule-auto pap-spacing-before-2pt pap-spacing-after-2pt\">&nbsp;</p>\n<p class=\"paragraph text-align-type-left pap-line-1.8 pap-line-rule-auto pap-spacing-before-2pt pap-spacing-after-2pt\"><strong>北美洲</strong></p>\n<p class=\"paragraph text-align-type-left pap-line-1.8 pap-line-rule-auto pap-spacing-before-2pt pap-spacing-after-2pt\">2000 年代初，Vocal Trance 艺术家在北美市场取得成功。1999 年，加拿大乐队 Delerium 和主唱莎拉&middot;麦克拉克兰 (Sarah McLachlan) 发行了 Vocal Trance 歌曲《Silence》，其中由 Tiesto 制作的混音版在全球登上榜首。</p>\n<p class=\"paragraph text-align-type-left pap-line-1.8 pap-line-rule-auto pap-spacing-before-2pt pap-spacing-after-2pt\">&nbsp;</p>\n<p class=\"paragraph text-align-type-left pap-line-1.8 pap-line-rule-auto pap-spacing-before-2pt pap-spacing-after-2pt\">Vocal trance 在美国仍然很受欢迎，而且诸如 Ministry of Sound 之类的合辑达到了黄金和白金级。纳迪亚&middot;阿里 (Nadia Ali) 和伊恩&middot;范达尔 (Ian Van Dahl) 等 Vocal Trance 艺术家都有进入美国音乐排行榜的作品，例如Top Electronic Albums, Hot Dance Airplay 和 Hot Dance Singles Sales charts 等。</p>\n<p class=\"paragraph text-align-type-left pap-line-1.8 pap-line-rule-auto pap-spacing-before-2pt pap-spacing-after-2pt\">&nbsp;</p>\n<p class=\"paragraph text-align-type-left pap-line-1.8 pap-line-rule-auto pap-spacing-before-2pt pap-spacing-after-2pt\"><strong>后续发展</strong></p>\n<p class=\"paragraph text-align-type-left pap-line-1.8 pap-line-rule-auto pap-spacing-before-2pt pap-spacing-after-2pt\">2004 年夏天之后， Vocal Trance 在欧洲音乐电视频道上变得不那么常见了。恰逢Viacom UK (MTV / VH1) 控制了 TMF 荷兰 / 比利时和 VIVA 德国音乐频道。这些频道调整了他们的播放列表，开始推广其他的音乐风格，如美国当代 Urban 和 R&amp;B，特别是那些具有明显的说唱音乐元素以及英国 Electro 和当地说唱和嘻哈场景的音乐。</p>\n<p class=\"paragraph text-align-type-left pap-line-1.8 pap-line-rule-auto pap-spacing-before-2pt pap-spacing-after-2pt\">&nbsp;</p>\n<p class=\"paragraph text-align-type-left pap-line-1.8 pap-line-rule-auto pap-spacing-before-2pt pap-spacing-after-2pt\">自 2004 年以来，Vocal Trance 只在非 Viacom 的音乐频道播出，包括来自比利时的&ldquo;Jim&rdquo;、来自 Viasat 的&ldquo;ZTV&rdquo;以及来自英国 MTV Dance 的节目&ldquo;I'm was mashed in...&rdquo;仍在播放较旧的视频。另外，当时的英国频道 Flaunt 也在播放 Vocal Trance 热门歌曲，德国音乐电台&ldquo;iMusic1 TV&rdquo;和法国频道 M6Music Pop 也是如此。荷兰的数字地面频道&ldquo;TMF Party&rdquo;，会播放一些新的 Vocal Trance 歌曲。在波兰，有一个名为&ldquo;4fun TV&rdquo;的音乐频道，播放来自比利时的近期流行歌曲。捷克人可以在&ldquo;Ocko&rdquo;音乐频道的&ldquo;Party Ride&rdquo;节目中听到最新的 Vocal Trance 音乐。而西班牙的乐迷则可以通过 MTV 西班牙节目&ldquo;Disco 2000&rdquo;的其中一部分收听到较老的 Vocal Trance 热门歌曲。&ldquo;Sol Espana&rdquo;音乐台也还在节目&ldquo;Techno Archives&rdquo;中播放 Vocal Trance 歌曲。在 Astra 上播出的英国免费电视频道 Clubland TV 也会播放过去十年间的热门歌曲。</p>\n<p class=\"paragraph text-align-type-left pap-line-1.8 pap-line-rule-auto pap-spacing-before-2pt pap-spacing-after-2pt\">&nbsp;</p>\n<p class=\"paragraph text-align-type-left pap-line-1.8 pap-line-rule-auto pap-spacing-before-2pt pap-spacing-after-2pt\">自 2006 年年中以来，互联网已成为 Vocal Trance 音乐和视频的主要来源。在 2006-7 年期间，一些曾对 Vocal Trance 抱有兴趣的艺术家（如 Ti&euml;sto、Ian Van Dahl 和 Paul Van Dyk）被迫改变他们的音乐风格，以保持在欧洲音乐频道的曝光度。截至 2010 年，主要是来自比利时、斯堪的纳维亚和法国的艺术家在创作 Vocal Trance 音乐。在英国，可以在 Scouse House 音乐风格中追溯来自 Vocal Trance 的元素。</p>\n<p class=\"paragraph text-align-type-left pap-line-1.8 pap-line-rule-auto pap-spacing-before-2pt pap-spacing-after-2pt\">&nbsp;</p>\n<p class=\"paragraph text-align-type-left pap-line-1.8 pap-line-rule-auto pap-spacing-before-2pt pap-spacing-after-2pt\">荷兰制作人 Armin Van Buuren 每周主持一个名为 A State of Trance 的广播节目，在节目中仍然可以听到 Vocal Trance 。该节目每周在 84 个国家/地区的 100 多个 FM 广播电台向超过 3700 万听众播放。根据 Djs And Festivals 的说法，&ldquo;广播节目使他成为明星，并帮助培养了世界各地对 Trance 音乐的兴趣。&rdquo;</p>\n<p class=\"paragraph text-align-type-left pap-line-1.8 pap-line-rule-auto pap-spacing-before-2pt pap-spacing-after-2pt\">&nbsp;</p>\n<p class=\"paragraph text-align-type-left pap-line-1.8 pap-line-rule-auto pap-spacing-before-2pt pap-spacing-after-2pt\">2017 年 1 月，加拿大唱片公司 Monstercat 发行了由 Gareth Emery、Standerwick 和歌手 Haliene 共同创作的 Vocal Trance 歌曲&ldquo;Saving Light&rdquo;。这首歌成为 5 年来第一首在 Beatport 总排行榜上排名第一的 Trance 歌曲，并在 Armin van Buuren 的广播节目 A State of Trance 中被票选为&ldquo;年度歌曲&rdquo;。</p>\n</div>\n</div>\n</div>\n</div>",
 "contentEn": "<p><strong>Vocal trance</strong>&nbsp;is a subgenre of&nbsp;trance music&nbsp;that focuses on vocals and melodies. The subgenre came into existence in the early 1990s, when trance was still developing. Although many early trance records used vocal samples mixed in with the beats, the earliest examples of the style appeared in 1992&ndash;93.</p>\n<p>&nbsp;</p>\n<h2><span id=\"Characteristics\" class=\"mw-headline\">Characteristics</span></h2>\n<p>A typical track consists of three elements, though later tracks labeled&nbsp;<em>vocal trance</em>&nbsp;may not include all of them. A track begins with an intro of progressive beats. The melodic part starts incrementally, combining vocals, usually female, a melodic sound (for the most part high pitched and fast), and a bass pattern. Towards the end of the track, the melody fades out and the intro rhythm returns, usually with some minor changes.</p>\n<p>&nbsp;</p>\n<p>Vocal trance producers frequently make use of&nbsp;session musicians, particularly females, for vocals on their tracks. Session vocalists have been featured on tracks that span different genres and subgenres, while some vocalists have chosen to work only within the electronic club and dance music genres.</p>\n<h2>&nbsp;</h2>\n<h2><span id=\"Europe\" class=\"mw-headline\">Europe</span></h2>\n<p>From 1997&ndash;2004, this music style was mostly progressive and uplifting trance with mostly female vocals. It was dominated by German-based productions, and spread all over Europe because of&nbsp;Viva,&nbsp;Onyx.tv&nbsp;and&nbsp;MTV2 Pop&nbsp;satellite music channels.&nbsp;TMF&nbsp;Belgium/Holland (and JIM Belgium during the 2000s) followed by promoting their own vocal trance productions, which became more commercially successful in UK and Spain. UK also has a share on the vocal trance scene, but in a more underground level.</p>\n<h2>&nbsp;</h2>\n<h2><span id=\"After_the_summer_of_2004\" class=\"mw-headline\">After the summer of 2004</span></h2>\n<p>After summer 2004, vocal trance became less common on European music TV channels. This coincided with&nbsp;Viacom UK&nbsp;(MTV / VH1) taking control of both the&nbsp;TMF&nbsp;Nederland / Belgium and&nbsp;VIVA&nbsp;Germany music channels. The channels changed their playlists, emphasizing other music styles such as&nbsp;United States&nbsp;urban contemporary&nbsp;and&nbsp;contemporary R&amp;B, especially those with an overt&nbsp;rap music&nbsp;presence as well as British&nbsp;electro&nbsp;and local rap and&nbsp;hip hop&nbsp;scenes.</p>\n<p>&nbsp;</p>\n<p>Since 2004, vocal trance has only been aired on non-Viacom music channels, including \"Jim\" from Belgium, \"ZTV\" from&nbsp;Viasat, and the show \"I'm was mashed in...\" from the British&nbsp;MTV Dance&nbsp;that airs the older videos. The former British channel&nbsp;Flaunt&nbsp;aired vocal trance hits, as does the German music station \"iMusic1 TV\" and the French channel M6Music Pop. There is a digital terrestrial channel in&nbsp;Netherlands, called \"TMF&nbsp;Party\", that airs some new vocal trance hits. In Poland, there is a music channel called \"4fun TV\" that broadcasts recent vocal trance hits from&nbsp;Belgium.&nbsp;Czechs&nbsp;can hear vocal trance music on the \"Party Ride\" program on the \"Ocko\" music channel. The Spanish fans of vocal trance, can watch older vocal trance hits, as a part of the show \"Disco 2000\" on&nbsp;MTV Spain. The \"Sol Espana\" music station also airs vocal trance hits on the show \"Techno Archives\".&nbsp;Clubland TV, a British Free-to-air channel that broadcasts on&nbsp;Astra, plays vocal trance hits of the last decade.</p>\n<p>&nbsp;</p>\n<p>Since mid-2006, the Internet has become a major source of vocal trance music videos. During 2006&ndash;7, some artists friendly to vocal trance (like&nbsp;Ti&euml;sto,&nbsp;Ian Van Dahl&nbsp;and&nbsp;Paul Van Dyk) were forced to alter their music style to remain viewable to the European music channels. As of 2010, mainly Belgium, Scandinavian and French artists produce vocal trance music. In the U.K., elements of vocal trance can be traced in the&nbsp;Scouse house&nbsp;music style.</p>\n<p>&nbsp;</p>\n<p>Armin Van Buuren&nbsp;hosts a weekly&nbsp;radio show&nbsp;called&nbsp;<em>A State of Trance</em>&nbsp;where vocal trance can still be listened to. The show is broadcast to more than 37&nbsp;million weekly listeners in 84 countries on over 100 FM radio stations.<sup id=\"cite_ref-1\" class=\"reference\">[1]</sup>&nbsp;According to&nbsp;<em>Djs And Festivals</em>, \"the radio show propelled him to stardom and helped cultivate an interest in trance music around the world.\"<sup id=\"cite_ref-2\" class=\"reference\">[2]</sup></p>\n<p>&nbsp;</p>\n<p>In January 2017, the Canadian label&nbsp;Monstercat&nbsp;released the vocal trance song \"Saving Light\" by&nbsp;Gareth Emery, Standerwick, and singer&nbsp;Haliene.<sup id=\"cite_ref-3\" class=\"reference\">[3]</sup><sup id=\"cite_ref-4\" class=\"reference\">[4]</sup>&nbsp;The song became the first trance song to chart to #1 on the dance music&nbsp;Beatport&nbsp;overall charts in over 5 years,<sup id=\"cite_ref-5\" class=\"reference\">[5]</sup><sup id=\"cite_ref-6\" class=\"reference\">[6]</sup>&nbsp;and was voted \"Tune of the Year\" for 2017 on&nbsp;Armin van Buuren's radio show&nbsp;A State of Trance.<sup id=\"cite_ref-7\" class=\"reference\">[7]</sup><sup id=\"cite_ref-8\" class=\"reference\">[8]</sup></p>\n<h2>&nbsp;</h2>\n<h2><span id=\"North_America\" class=\"mw-headline\">North America</span></h2>\n<p>In the early 2000s, vocal trance artists became successful in the North American market. In 1999,&nbsp;Canadian&nbsp;group&nbsp;Delerium&nbsp;and vocalist&nbsp;Sarah McLachlan&nbsp;released the vocal trance song \"Silence\", of which a remix made by&nbsp;Tiesto&nbsp;charted worldwide.</p>\n<p>&nbsp;</p>\n<p>Vocal trance remains moderately popular in the United States and compilations such as&nbsp;<em>Ministry of Sound</em>&nbsp;reach Gold and Platinum status. Vocal trance artists, such as&nbsp;Nadia Ali&nbsp;and&nbsp;Ian Van Dahl, have charted albums and singles on such American charts as the&nbsp;Top Electronic Albums,&nbsp;Hot Dance Airplay&nbsp;and&nbsp;Hot Dance Singles Sales&nbsp;charts.</p>\n<h2>&nbsp;</h2>\n<h2><span id=\"References\" class=\"mw-headline\">References</span></h2>\n<div class=\"reflist\">\n<div class=\"mw-references-wrap\">\n<ol class=\"references\">\n<li id=\"cite_note-1\"><span class=\"mw-cite-backlink\"><strong>^</strong></span>&nbsp;<span class=\"reference-text\"><cite class=\"citation web cs1\">\"About &ndash; A State of Trance\"<span class=\"reference-accessdate\">. Retrieved&nbsp;<span class=\"nowrap\">19 May</span>&nbsp;2016</span>.</cite></span></li>\n<li id=\"cite_note-2\"><span class=\"mw-cite-backlink\"><strong>^</strong></span>&nbsp;<span class=\"reference-text\"><cite class=\"citation web cs1\">\"Armin van Buuren to make IMS Asia-Pacific debut -\".&nbsp;<em>www.djsandfestivals.com</em>. 2015-12-07. Archived from&nbsp;the original&nbsp;on 2016-08-12<span class=\"reference-accessdate\">. Retrieved&nbsp;<span class=\"nowrap\">2016-06-21</span></span>.</cite></span></li>\n<li id=\"cite_note-3\"><span class=\"mw-cite-backlink\"><strong>^</strong></span>&nbsp;<span class=\"reference-text\"><cite class=\"citation news cs1\">\"Gareth Emery Takes on Bullying With 'Saving Light' Charity Release on Monstercat\".&nbsp;<em>Billboard</em><span class=\"reference-accessdate\">. Retrieved&nbsp;<span class=\"nowrap\">2017-08-22</span></span>.</cite></span></li>\n<li id=\"cite_note-4\"><span class=\"mw-cite-backlink\"><strong>^</strong></span>&nbsp;<span class=\"reference-text\"><cite id=\"CITEREFLandon_Fleury2017\" class=\"citation web cs1\">Landon Fleury (2017-01-30).&nbsp;\"Monstercat Drops The Most Spine-Tingling, Emotionally Charged Song Of 2017 [LISTEN]\".&nbsp;<em>Your EDM</em><span class=\"reference-accessdate\">. Retrieved&nbsp;<span class=\"nowrap\">2017-08-22</span></span>.</cite></span></li>\n<li id=\"cite_note-5\"><span class=\"mw-cite-backlink\"><strong>^</strong></span>&nbsp;<span class=\"reference-text\"><cite id=\"CITEREFLandon_Fleury2017\" class=\"citation web cs1\">Landon Fleury (2017-02-06).&nbsp;\"Trance Claims #1 On Beatport For The First Time In Years [LISTEN]\".&nbsp;<em>Your EDM</em><span class=\"reference-accessdate\">. Retrieved&nbsp;<span class=\"nowrap\">2017-08-22</span></span>.</cite></span></li>\n<li id=\"cite_note-6\"><span class=\"mw-cite-backlink\"><strong>^</strong></span>&nbsp;<span class=\"reference-text\"><cite class=\"citation news cs1\">\"Gareth Emery's \"Saving Light\" Reaches #1 On Beatport &ndash; EDMTunes\".&nbsp;<em>EDMTunes</em>. 2017-02-06<span class=\"reference-accessdate\">. Retrieved&nbsp;<span class=\"nowrap\">2017-08-22</span></span>.</cite></span></li>\n<li id=\"cite_note-7\"><span class=\"mw-cite-backlink\"><strong>^</strong></span>&nbsp;<span class=\"reference-text\"><cite class=\"citation news cs1\">\"A Seriously Unexpected Label Took Home ASOT's Song of the Year\".&nbsp;<em>Your EDM</em>. 2017-12-21<span class=\"reference-accessdate\">. Retrieved&nbsp;<span class=\"nowrap\">2017-12-24</span></span>.</cite></span></li>\n<li id=\"cite_note-8\"><span class=\"mw-cite-backlink\"><strong>^</strong></span>&nbsp;<span class=\"reference-text\"><cite class=\"citation news cs1\">\"2017&prime;s ASOT Top 50 is here!\".&nbsp;<em>A State of Trance</em><span class=\"reference-accessdate\">. Retrieved&nbsp;<span class=\"nowrap\">2017-12-24</span></span>.</cite></span></li>\n</ol>\n</div>\n</div>",
 "remarks": "本词条汉字内容由 @多频百科团队 翻译+编辑\n原文译自 https://en.wikipedia.org/wiki/Vocal_trance",
 "remarksEn": "本词条内容来自 https://en.wikipedia.org/wiki/Vocal_trance",
 "status": 1,
 "clickNum": 21,
 "deleted": 0,
 "lang": 0,
 "chooseLang": true,
 "id": 184,
 "name": "Vocal Trance",
 "descriptions": "Vocal Trance是trance music的一个子流派，侧重于人声和旋律。这种子流派出现于20世纪90年代初，当时trance音乐仍在发展中。尽管许多早期的trance作品就将人声采样混入音乐中，但这种风格最早的例子大约出现在1992-93年。",
 "originalName": "",
 "startTimeText": "Mid-1990s",
 "startAddress": " Europe",
 "searchStyle": "Trance",
 "styleCategory": "Trance",
 "originalStyle": "Trance, Progressive house, progressive trance, techno, pop, Eurodance",
 "affectStyle": "Progressive House",
 "deriveStyle": "Tech Trance",
 "representArtist": "",
 "officialUrl": "https://en.wikipedia.org/wiki/Vocal_trance",
 "typeId": 13,
 "typeName": "风格",
 "dataId": 184,
 "url": "http://dropinapp.hearinmusic.com/#/ency?typeId=13&dataId=184"
}