{
 "pageNum": 1,
 "pageSize": 10,
 "params": {},
 "relationChannel": "[{\"id\":1497,\"parentId\":8,\"name\":\"Wave Music\"}]",
 "relationEncy": "[{\"id\":36706,\"typeId\":13,\"dataId\":379,\"name\":\"Hardwave\",\"url\":\"http://dropinapp.hearinmusic.com/#/ency?typeId=13&dataId=379\"}]",
 "content": "<div>\n<div class=\"document\">\n<p class=\"paragraph text-align-type-left pap-line-1.8 pap-line-rule-auto pap-spacing-before-2pt pap-spacing-after-2pt\">Wave 是一种十分注重情感和旋律的 Bass Music 的子流派，它在2010年代早期通过互联网社区形成和传播。Wave Music 的特点是空灵质感的旋律和和声、以 Reese Bass 为代表的厚重且具有旋律性的 Bassline、现代 Trap 鼓组、经过混响和延迟处理的人声切片，以及琶音器的使用等。与音乐紧密关联的还有 Wave 风格的视觉艺术，它结合了计算机生成的图像和动画，以及来自视频游戏和卡通的图像。</p>\n<p class=\"paragraph text-align-type-left pap-line-1.8 pap-line-rule-auto pap-spacing-before-2pt pap-spacing-after-2pt\">&nbsp;</p>\n<p class=\"paragraph text-align-type-left pap-line-1.8 pap-line-rule-auto pap-spacing-before-2pt pap-spacing-after-2pt\">Wave 音乐起源于互联网在线音乐平台，由一小群不同的 DIY 艺术家组成，他们对情感和旋律的特质有着共同的兴趣。从那时开始，上传到 YouTube 等流媒体平台的 Wave Music 逐渐发展并已经获得了数百万播放量，主推该风格在世界范围内取得广泛的影响。自 2016 年以来，Wave 的线下场景也开始逐渐增加。从 2017 年开始，该流派进一步受到 Trance 和 Hardstyle 的影响，出现了称为 Hardwave 的子流派。</p>\n<p class=\"paragraph text-align-type-left pap-line-1.8 pap-line-rule-auto pap-spacing-before-2pt pap-spacing-after-2pt\">&nbsp;</p>\n<p class=\"paragraph text-align-type-left pap-line-1.8 pap-line-rule-auto pap-spacing-before-2pt pap-spacing-after-2pt\"><strong>命名</strong></p>\n<p class=\"paragraph text-align-type-left pap-line-1.8 pap-line-rule-auto pap-spacing-before-2pt pap-spacing-after-2pt\">使用&ldquo;wave&rdquo;这个词来对这种音乐风格进行分类归功于英国音乐制作人 Klimeks。在 2013 年，他将该术语用作 SoundCloud 作品的关键词。它被 Plastician 采纳和推广，同时在他的广播节目 Rinse FM、Wave Pool Mixes、俱乐部活动、和他的厂牌 Terrorhythm Recordings 中推广该类型。</p>\n<p class=\"paragraph text-align-type-left pap-line-1.8 pap-line-rule-auto pap-spacing-before-2pt pap-spacing-after-2pt\">&nbsp;</p>\n<p class=\"paragraph text-align-type-left pap-line-1.8 pap-line-rule-auto pap-spacing-before-2pt pap-spacing-after-2pt\"><strong>特征</strong></p>\n<p class=\"paragraph text-align-type-left pap-line-1.8 pap-line-rule-auto pap-spacing-before-2pt pap-spacing-after-2pt\"><span style=\"text-decoration: underline;\">音乐特征和影响来源</span></p>\n<p class=\"paragraph text-align-type-left pap-line-1.8 pap-line-rule-auto pap-spacing-before-2pt pap-spacing-after-2pt\">Wave 最主要的定性特征是它表达的情绪&mdash;&mdash;强调诸如忧郁、梦幻、女性气质、和与 Witch House、Emo Rap 等流派类似的超凡脱俗质感、以及使用琶音器和空灵的 Pads 等工具塑造旋律和和声。</p>\n<p class=\"paragraph text-align-type-left pap-line-1.8 pap-line-rule-auto pap-spacing-before-2pt pap-spacing-after-2pt\">&nbsp;</p>\n<p class=\"paragraph text-align-type-left pap-line-1.8 pap-line-rule-auto pap-spacing-before-2pt pap-spacing-after-2pt\">Wave Music 收到来自多种风格的影响，例如将Trap、Grime的节奏用于间奏和鼓点设计， 并呈现出类似于 grime 的科幻风格（音乐制作人 enjoii 将 Wave 与赛博朋克文化联系起来）。Wave 的实验主义尝试与 LA Beat 场景有关联，并融合了许多其他流派的元素，如hip-hop, dubstep, UK garage, drill, vaporwave, cloud rap, video game music, ambient, house, techno 和 jungle。</p>\n<p class=\"paragraph text-align-type-left pap-line-1.8 pap-line-rule-auto pap-spacing-before-2pt pap-spacing-after-2pt\">&nbsp;</p>\n<p class=\"paragraph text-align-type-left pap-line-1.8 pap-line-rule-auto pap-spacing-before-2pt pap-spacing-after-2pt\"><span style=\"text-decoration: underline;\">制作风格</span></p>\n<p class=\"paragraph text-align-type-left pap-line-1.8 pap-line-rule-auto pap-spacing-before-2pt pap-spacing-after-2pt\">作为一种 Bass Music 类型，Wave 具有标志性的重低音部分，并且通常使用经过滤波处理的 Reese Bass 音色。打击乐采用带有快速踩镲（Hi-hats）的 Trap Style 鼓组，以及使用混响进一步处理的其他如军鼓和 pan-hits 等元素。但由于不同制作人的创作意愿和理解，所使用的打击乐风格可能会有所不同。Wave Music 的 BPM 通常在 120 到 140 之间，但 Wave 音乐的 DJ Set 的范围可以从 100 到 200。人声的使用上通常采用人声切片的形式，为此会应用混响和延迟效果、以及音高调制来进行处理。</p>\n<p class=\"paragraph text-align-type-left pap-line-1.8 pap-line-rule-auto pap-spacing-before-2pt pap-spacing-after-2pt\">&nbsp;</p>\n<p class=\"paragraph text-align-type-left pap-line-1.8 pap-line-rule-auto pap-spacing-before-2pt pap-spacing-after-2pt\"><span style=\"text-decoration: underline;\">视觉美学</span></p>\n<p class=\"paragraph text-align-type-left pap-line-1.8 pap-line-rule-auto pap-spacing-before-2pt pap-spacing-after-2pt\">Wave 的视觉美学融合了数字艺术，例如计算机生成的图像和动画。在 Wave 场景的起源中，这些视觉艺术作品与 Tumblr 上的 Wave Music 相结合，后来也被广泛用作线下场景中的视觉效果。Wave 视觉还包括从视频游戏和卡通片中获取的图像。</p>\n<p class=\"paragraph text-align-type-left pap-line-1.8 pap-line-rule-auto pap-spacing-before-2pt pap-spacing-after-2pt\">&nbsp;</p>\n<p class=\"paragraph text-align-type-left pap-line-1.8 pap-line-rule-auto pap-spacing-before-2pt pap-spacing-after-2pt\"><strong>发展历程</strong></p>\n<p class=\"paragraph text-align-type-left pap-line-1.8 pap-line-rule-auto pap-spacing-before-2pt pap-spacing-after-2pt\">2010 年代初，Wave Music 作为一种独立流派开始发展和传播，始于在线音乐平台和社交媒体（主要是 SoundCloud、Bandcamp、Mixcloud、Reddit 和 Tumblr）上，在一小群与俱乐部文化和主流无关的艺术家（通常是青少年）中兴起。这些艺术家制作的电子音乐具有不同的声音影响，但在&ldquo;感觉&rdquo;具有相似的主观特质。Plastician 表示，许多早期制作人要么试图实现类似于 Clams Casino 的说唱器乐音乐，要么受到了 grime 的影响，但采用了不同的曲速节奏。当新艺术家试图重现这些早期曲目的声音时，Wave 制作人开始受到彼此的影响，这使得 Wave 发展出可区分的音乐特征。</p>\n<p class=\"paragraph text-align-type-left pap-line-1.8 pap-line-rule-auto pap-spacing-before-2pt pap-spacing-after-2pt\">&nbsp;</p>\n<p class=\"paragraph text-align-type-left pap-line-1.8 pap-line-rule-auto pap-spacing-before-2pt pap-spacing-after-2pt\">Wave 的直接起源至少可以追溯到 2013 年，英国制作人 Klimeks（Steven Adams） 开始在 SoundCloud 上将他的曲目标记为&ldquo;wave&rdquo;，并随后创立了著名的厂牌 Wavemob。 2015 年，该厂牌发行了首张合辑专辑 wave 001，其中收录了 Klimeks、Skit、Spoze 和 Nvrmore 等制作人的曲目，随后于 2016 年 7 月推出了 wave 002。其他 Wavemob 制作人包括 &Oslash;fdream，以及原本来自 Witch House 的 Trash Lord。</p>\n<p class=\"paragraph text-align-type-left pap-line-1.8 pap-line-rule-auto pap-spacing-before-2pt pap-spacing-after-2pt\">&nbsp;</p>\n<p class=\"paragraph text-align-type-left pap-line-1.8 pap-line-rule-auto pap-spacing-before-2pt pap-spacing-after-2pt\">2013 年，Plastician 成为 Wave 文化的早期拥护者，这主要是因为他对 LA beat 场景中带有 Trap 元素的音乐感兴趣，但又因其对来自 festival 音乐的影响较少，使他接触到了 Klimeks 的作品。在那一年，Plastician 通过在其 Rinse FM 广播节目中播放和推广 Wave 音乐并在他的厂牌 Terrorhythm Recordings 上发布相关作品，例如 Klimeks 在合辑 Turquoise 中的 \"Born in the Cold\" Remix。2015 年 12 月，Plastician 发布了 The Wave Pool MMXV 混音集，其中包括&ldquo;on the dubbed out end of trap&rdquo;，带有&ldquo;破碎的嘻哈节拍，锯齿状的Bassline&rdquo;和具有氛围的 Wave 音乐。这张混音集通过音乐媒体普及了&ldquo;Wave&rdquo;一词，并进一步促进了其传播。</p>\n<p class=\"paragraph text-align-type-left pap-line-1.8 pap-line-rule-auto pap-spacing-before-2pt pap-spacing-after-2pt\">&nbsp;</p>\n<p class=\"paragraph text-align-type-left pap-line-1.8 pap-line-rule-auto pap-spacing-before-2pt pap-spacing-after-2pt\">2016 年初，Wave 制作人 \"Kareful\" （Jude Leigh-Kaufman） 通过作品&ldquo; Deluge &rdquo;成为第一位发行全长 Wave 专辑的艺术家。2017 年，Kareful、LTHL 和 Oskar \"Stohou\" Barczak 创立了 Liquid Ritual 厂牌和机构（以 Kareful 在 Radar Radio 上的节目命名），用于推广来自制作人 Deadcrow、Noah B、LAIRE、Vacant、Hefu、Stohou和Dyzphoria等制作人的 Wave 音乐。</p>\n<p class=\"paragraph text-align-type-left pap-line-1.8 pap-line-rule-auto pap-spacing-before-2pt pap-spacing-after-2pt\">&nbsp;</p>\n<p class=\"paragraph text-align-type-left pap-line-1.8 pap-line-rule-auto pap-spacing-before-2pt pap-spacing-after-2pt\">自 2016 年以来，Wave 场景&mdash;&mdash;最初是一种网络现象&mdash;&mdash;逐渐增大了实体线下场景的比重。在那一年，Wave 活动举办的主要地点是伦敦，主要是在达尔斯顿。2016 年，Plastician 在布里克斯顿的 Phonox 举办了一个名为 Survey London 的俱乐部之夜，其中有 Kareful、Skit 和 Glacci 等 Wave 制作人。支持伦敦 Wave 的其他机构包括 Mixmag，其中包括 Wave 艺术家，例如 Ace Hotel 的 Skit，和在该城市举办活动的 Kareful。欧洲、美国、加拿大、澳大利亚、俄罗斯和波兰等地还有其他 Wave 的地方场景。</p>\n<p class=\"paragraph text-align-type-left pap-line-1.8 pap-line-rule-auto pap-spacing-before-2pt pap-spacing-after-2pt\">&nbsp;</p>\n<p class=\"paragraph text-align-type-left pap-line-1.8 pap-line-rule-auto pap-spacing-before-2pt pap-spacing-after-2pt\">2017年，来自澳大利亚珀斯的制作人 Skeler 和 Ytho 开始尝试向 Wave 音乐中加入来自 Trance 和 Hardstyle 的元素，以迎合更多的俱乐部、节日活动等现场观众的需求，也因此让 Wave 风格得到了更加广泛的推广。经过不断地发展演化，这种融合风格也逐渐成为 Wave 场景中的新风格分支，被称作 Hardwave。</p>\n<p class=\"paragraph text-align-type-left pap-line-1.8 pap-line-rule-auto pap-spacing-before-2pt pap-spacing-after-2pt\">&nbsp;</p>\n<p class=\"paragraph text-align-type-left pap-line-1.8 pap-line-rule-auto pap-spacing-before-2pt pap-spacing-after-2pt\"><strong>争议</strong></p>\n<p class=\"paragraph text-align-type-left pap-line-1.8 pap-line-rule-auto pap-spacing-before-2pt pap-spacing-after-2pt\">2017 年 5 月，Ezra Marcus 在 Vice 发表的一篇文章中写道，Wave 社区和博主将各种音乐归类为&ldquo;构建的微流派&rdquo;，没有独特或创新的声音，以便战略性地利用流媒体平台如YouTube等上的算法推荐。</p>\n<p class=\"paragraph text-align-type-left pap-line-1.8 pap-line-rule-auto pap-spacing-before-2pt pap-spacing-after-2pt\">&nbsp;</p>\n<p class=\"paragraph text-align-type-left pap-line-1.8 pap-line-rule-auto pap-spacing-before-2pt pap-spacing-after-2pt\">Plastician 对 Marcus 的文章做出回应，认为大多数 Wave 制作人通常是年轻人，他们缺乏为营销目的而战略性地利用算法的专业知识。</p>\n</div>\n</div>",
 "contentEn": "<p><strong>Wave</strong>&nbsp;is a genre of&nbsp;electronic&nbsp;bass music&nbsp;with an emphasis on&nbsp;emotion&nbsp;and&nbsp;melody, and a visual art style that emerged in the early 2010s<sup id=\"cite_ref-koprivica-2018-haveyouever_8-0\" class=\"reference\">[8]</sup>&nbsp;in online communities. It is characterized by&nbsp;atmospheric&nbsp;melodies&nbsp;and&nbsp;harmonies, melodic and heavy bass such as&nbsp;reese, modern&nbsp;trap&nbsp;drums,&nbsp;chopped&nbsp;vocal&nbsp;samples&nbsp;processed with&nbsp;reverb&nbsp;and&nbsp;delay, and&nbsp;arpeggiators.<sup id=\"cite_ref-meadow-2021-divingwavenew_5-2\" class=\"reference\">[5]</sup>&nbsp;Visually, it incorporates&nbsp;computer-generated imagery&nbsp;and&nbsp;animation,<sup id=\"cite_ref-plant-2017-waveemotivenew_9-0\" class=\"reference\">[9]</sup>&nbsp;and imagery from&nbsp;video games&nbsp;and&nbsp;cartoons.<sup id=\"cite_ref-marcus-2017-wavemusicmarketing_7-8\" class=\"reference\">[7]</sup></p>\n<p>&nbsp;</p>\n<p>Wave music originated on online music platforms from a small group of disparate&nbsp;DIY&nbsp;artists who shared a common interest in emotional and melodic qualities.<sup id=\"cite_ref-murray-2017-enteringwhirlpoolglacci_3-2\" class=\"reference\">[3]</sup>&nbsp;Since then, wave music uploaded to streaming platforms such as&nbsp;YouTube&nbsp;has gathered millions of plays, which is partially attributable to the genre's broad influences.<sup id=\"cite_ref-marcus-2017-wavemusicmarketing_7-9\" class=\"reference\">[7]</sup>&nbsp;Since 2016, the wave scene has experienced an increase in physical events.<sup id=\"cite_ref-jenkins-2016-karefulintroductionwave_1-7\" class=\"reference\">[1]</sup>&nbsp;From 2017 onward, the genre was further influenced by&nbsp;trance&nbsp;and&nbsp;hardstyle, and a subgenre of wave known as&nbsp;hardwave&nbsp;emerged.<sup id=\"cite_ref-meadow-2021-divingwavenew_5-3\" class=\"reference\">[5]</sup><sup id=\"cite_ref-bennett-2020-15bestbass_10-0\" class=\"reference\">[10]</sup></p>\n<h2>&nbsp;</h2>\n<h2><span id=\"Characteristics\" class=\"mw-headline\">Characteristics</span></h2>\n<h3><span id=\"Musical_qualities_and_influences\" class=\"mw-headline\">Musical qualities and influences</span></h3>\n<p>The main&nbsp;qualitative&nbsp;characteristics of wave are its emphasis on emotions such as&nbsp;melancholy,<sup id=\"cite_ref-unknown-2016-wavemusicwhy_2-12\" class=\"reference\">[2]</sup>&nbsp;dreaminess,&nbsp;femininity,<sup id=\"cite_ref-plant-2017-waveemotivenew_9-1\" class=\"reference\">[9]</sup>&nbsp;and otherworldliness that are comparable to genres like&nbsp;witch house&nbsp;and&nbsp;emo rap,<sup id=\"cite_ref-unknown-2016-wavemusicwhy_2-13\" class=\"reference\">[2]</sup>&nbsp;and on&nbsp;melodic&nbsp;and&nbsp;harmonic&nbsp;aspects using tools like&nbsp;arpeggiation&nbsp;and atmospheric&nbsp;pads.<sup id=\"cite_ref-meadow-2021-divingwavenew_5-4\" class=\"reference\">[5]</sup>&nbsp;This is combined with influences from styles such as&nbsp;trap&nbsp;and&nbsp;grime&nbsp;for interludes and&nbsp;drum beats.<sup id=\"cite_ref-meadow-2021-divingwavenew_5-5\" class=\"reference\">[5]</sup>&nbsp;The genre presents a&nbsp;science fiction&nbsp;style akin to&nbsp;grime,<sup id=\"cite_ref-unknown-2016-wavemusicwhy_2-14\" class=\"reference\">[2]</sup>&nbsp;with music producer enjoii associating the genre to&nbsp;cyberpunk.<sup id=\"cite_ref-meadow-2021-divingwavenew_5-6\" class=\"reference\">[5]</sup>&nbsp;Wave has&nbsp;experimentalism&nbsp;relative to the Los Angeles beat scene,<sup id=\"cite_ref-unknown-2016-wavemusicwhy_2-15\" class=\"reference\">[2]</sup>&nbsp;and incorporates elements from many other genres<sup id=\"cite_ref-jenkins-2016-karefulintroductionwave_1-8\" class=\"reference\">[1]</sup>&nbsp;such as&nbsp;hip-hop,&nbsp;dubstep,&nbsp;UK garage,<sup id=\"cite_ref-jenkins-2016-karefulintroductionwave_1-9\" class=\"reference\">[1]</sup><sup id=\"cite_ref-murray-2015-hasplasticianjust_11-0\" class=\"reference\">[11]</sup>&nbsp;drill,<sup id=\"cite_ref-muggs-2017-djplasticianwave_4-6\" class=\"reference\">[4]</sup>&nbsp;vaporwave,&nbsp;cloud rap,<sup id=\"cite_ref-marcus-2017-wavemusicmarketing_7-10\" class=\"reference\">[7]</sup>&nbsp;video game music&nbsp;and&nbsp;sound design,&nbsp;ambient,&nbsp;house,&nbsp;techno, and&nbsp;jungle.<sup id=\"cite_ref-unknown-2016-wavemusicwhy_2-16\" class=\"reference\">[2]</sup></p>\n<h3>&nbsp;</h3>\n<h3><span id=\"Production_style\" class=\"mw-headline\">Production style</span></h3>\n<p>A genre of&nbsp;bass music,<sup id=\"cite_ref-reil-2021-waveerobertlondons_6-8\" class=\"reference\">[6]</sup>&nbsp;wave is typically&nbsp;bass&nbsp;heavy,<sup id=\"cite_ref-plant-2017-waveemotivenew_9-2\" class=\"reference\">[9]</sup>&nbsp;and generally utilizes a&nbsp;filtered&nbsp;Reese style&nbsp;bass&nbsp;timbre.<sup id=\"cite_ref-meadow-2021-divingwavenew_5-8\" class=\"reference\">[5]</sup>&nbsp;The&nbsp;percussion&nbsp;features&nbsp;trap-style drums with fast&nbsp;hi-hats, with other elements like&nbsp;snare&nbsp;and pan-hits further processed using&nbsp;reverb. The percussive styles used can vary owing to the music's broad range of influences and various producer's willingness to experiment.<sup id=\"cite_ref-meadow-2021-divingwavenew_5-9\" class=\"reference\">[5]</sup>&nbsp;The&nbsp;beats per minute&nbsp;typically varies between 120 and 140,<sup id=\"cite_ref-plant-2017-waveemotivenew_9-3\" class=\"reference\">[9]</sup>&nbsp;but wave DJ sets can range from 100 to 200.<sup id=\"cite_ref-meadow-2021-divingwavenew_5-10\" class=\"reference\">[5]</sup>&nbsp;Vocals used are generally&nbsp;chopped&nbsp;samples, for which&nbsp;reverb&nbsp;and&nbsp;delay&nbsp;effects are applied to decrease and increase the&nbsp;pitch.<sup id=\"cite_ref-meadow-2021-divingwavenew_5-11\" class=\"reference\">[5]</sup></p>\n<h3>&nbsp;</h3>\n<h3><span id=\"Visual_aesthetics\" class=\"mw-headline\">Visual aesthetics</span></h3>\n<p>Wave's&nbsp;visual&nbsp;aesthetics&nbsp;incorporates&nbsp;digital art&nbsp;such as&nbsp;computer-generated imagery&nbsp;and&nbsp;animation. In the scene's origins, these art were combined with wave music on&nbsp;Tumblr, and later become used as visuals for physical events.<sup id=\"cite_ref-plant-2017-waveemotivenew_9-4\" class=\"reference\">[9]</sup>&nbsp;Wave can also display imagery taken from&nbsp;video games&nbsp;and&nbsp;cartoons.<sup id=\"cite_ref-marcus-2017-wavemusicmarketing_7-11\" class=\"reference\">[7]</sup></p>\n<h2>&nbsp;</h2>\n<h2><span id=\"History\" class=\"mw-headline\">History</span></h2>\n<p>The development and spread of wave music as an independent genre began in the early 2010s<sup id=\"cite_ref-koprivica-2018-haveyouever_8-1\" class=\"reference\">[8]</sup>&nbsp;on online music platforms and social media (mainly&nbsp;SoundCloud,&nbsp;Bandcamp,&nbsp;Mixcloud,&nbsp;Reddit, and&nbsp;Tumblr), among a small community of artists&mdash;often teenagers<sup id=\"cite_ref-jenkins-2017-whywavepoolcritical_12-0\" class=\"reference\">[12]</sup><sup id=\"cite_ref-muggs-2017-djplasticianwave_4-7\" class=\"reference\">[4]</sup>&nbsp;who were not associated with club culture and the mainstream<sup id=\"cite_ref-jenkins-2017-whywavepoolcritical_12-1\" class=\"reference\">[12]</sup><sup id=\"cite_ref-murray-2015-hasplasticianjust_11-1\" class=\"reference\">[11]</sup>&mdash;who were making&nbsp;electronic music&nbsp;with different sonic influences but similar subjective qualities of \"feeling\".<sup id=\"cite_ref-murray-2017-enteringwhirlpoolglacci_3-3\" class=\"reference\">[3]</sup>&nbsp;Plastician&nbsp;has said that many of those early producers were either trying to achieve&nbsp;rap&nbsp;instrumentation akin to&nbsp;Clams Casino, or had&nbsp;grime&nbsp;influences but applied different&nbsp;tempos. As new artists attempted to reproduce the sound of these early tracks, wave producers began to be influenced mainly by each other, which allowed wave to develop distinguishable musical characteristics.<sup id=\"cite_ref-muggs-2017-djplasticianwave_4-8\" class=\"reference\">[4]</sup></p>\n<p>&nbsp;</p>\n<p>Wave's direct origins can be dated to at least 2013 when&nbsp;UK-based producer Steven \"Klimeks\" Adams<sup id=\"cite_ref-reil-2021-waveerobertlondons_6-9\" class=\"reference\">[6]</sup><sup id=\"cite_ref-plant-2017-waveemotivenew_9-5\" class=\"reference\">[9]</sup><sup id=\"cite_ref-marcus-2017-wavemusicmarketing_7-12\" class=\"reference\">[7]</sup>&nbsp;began&nbsp;tagging&nbsp;his tracks on&nbsp;SoundCloud&nbsp;as 'wave',<sup id=\"cite_ref-murray-2017-enteringwhirlpoolglacci_3-4\" class=\"reference\">[3]</sup><sup id=\"cite_ref-plant-2017-waveemotivenew_9-6\" class=\"reference\">[9]</sup>&nbsp;and subsequently founded the prominent label Wavemob. In 2015, the label published its first release, the compilation album&nbsp;<em>wave 001</em>&nbsp;with tracks by producers such as Klimeks, Skit, Spoze, and Nvrmore,<sup id=\"cite_ref-wood-2016-getknowbrand_13-0\" class=\"reference\">[13]</sup>&nbsp;and followed this with&nbsp;<em>wave 002</em>&nbsp;in July 2016. Other Wavemob producers included &Oslash;fdream, and Trash Lord who was originally from the&nbsp;witch house&nbsp;scene.<sup id=\"cite_ref-jenkins-2016-karefulintroductionwave_1-10\" class=\"reference\">[1]</sup><sup id=\"cite_ref-wood-2016-getknowbrand_13-1\" class=\"reference\">[13]</sup></p>\n<p>&nbsp;</p>\n<p>In 2013,&nbsp;Plastician&nbsp;became an early embracer of the wave scene, led by his interest in music with trap elements from the LA beat scene, but less influenced by festival music which brought him to Klimeks' works.<sup id=\"cite_ref-murray-2017-enteringwhirlpoolglacci_3-5\" class=\"reference\">[3]</sup>&nbsp;In that year, Plastician started promoting the genre by featuring wave music on his then decade-active<sup id=\"cite_ref-jenkins-2017-plasticianannouncesrinse_14-0\" class=\"reference\">[14]</sup>&nbsp;radio shows on&nbsp;Rinse FM, and by releases on his label&nbsp;Terrorhythm Recordings, for instance Klimeks's remix of \"Born in the Cold\" on the compilation album&nbsp;<em>Turquoise</em>.<sup id=\"cite_ref-murray-2017-enteringwhirlpoolglacci_3-6\" class=\"reference\">[3]</sup><sup id=\"cite_ref-unknown-2013-plasticianterrorhythmlabel_15-0\" class=\"reference\">[15]</sup>&nbsp;In December 2015, Plastician released&nbsp;<em>The Wave Pool MMXV</em>&nbsp;mix featuring a selection of wave music \"on the dubbed out end of trap\" with \"shattered&nbsp;hip hop&nbsp;beats, jagged basslines\", and atmosphere.<sup id=\"cite_ref-murray-2015-hasplasticianjust_11-2\" class=\"reference\">[11]</sup>&nbsp;This mix popularized the term&nbsp;<em>wave</em>&nbsp;within the music press and further promoted its general usage.<sup id=\"cite_ref-murray-2017-enteringwhirlpoolglacci_3-7\" class=\"reference\">[3]</sup></p>\n<p>&nbsp;</p>\n<p>In early 2016, wave producer Jude \"Kareful\" Leigh-Kaufman became the first artist to release a full-length wave album,&nbsp;<em>Deluge</em>.<sup id=\"cite_ref-unknown-2016-wavemusicwhy_2-17\" class=\"reference\">[2]</sup><sup id=\"cite_ref-jenkins-2016-karefulintroductionwave_1-11\" class=\"reference\">[1]</sup>&nbsp;In 2017, Kareful, LTHL, and Oskar \"Stohou\" Barczak founded the Liquid Ritual label<sup id=\"cite_ref-byatt-2021-creativeconversations047_16-0\" class=\"reference\">[16]</sup>&nbsp;and collective&mdash;named after Kareful's show on Radar Radio&mdash;for promoting wave music made by producers such as Deadcrow, Noah B, LAIRE, Vacant, Hefu, Stohou, and Dyzphoria.<sup id=\"cite_ref-unknown-2017-wavewonderkareful_17-0\" class=\"reference\">[17]</sup></p>\n<p>&nbsp;</p>\n<p>Since 2016, the wave scene&mdash;originally an online phenomenon&mdash;has experienced an increase in physical events. In that year, the main location for wave events was&nbsp;London, primarily&nbsp;Dalston.<sup id=\"cite_ref-jenkins-2016-karefulintroductionwave_1-12\" class=\"reference\">[1]</sup>&nbsp;In 2016, Plastician ran a club night at Phonox, in&nbsp;Brixton, named&nbsp;<em>Survey London</em>, which featured wave producers such as Kareful, Skit, and Glacci.<sup id=\"cite_ref-unknown-2016-surveylondonbringing_18-0\" class=\"reference\">[18]</sup><sup id=\"cite_ref-muggs-2017-djplasticianwave_4-9\" class=\"reference\">[4]</sup>&nbsp;Other entities that supported the London wave scene were&nbsp;Mixmag&nbsp;featuring wave artists such as Skit at&nbsp;Ace Hotel,<sup id=\"cite_ref-plant-2017-waveemotivenew_9-7\" class=\"reference\">[9]</sup>&nbsp;and Kareful who hosted events in that city.<sup id=\"cite_ref-unknown-2016-wavemusicwhy_2-18\" class=\"reference\">[2]</sup>&nbsp;There are other local scenes in Europe, the United States,<sup id=\"cite_ref-unknown-2016-wavemusicwhy_2-19\" class=\"reference\">[2]</sup>&nbsp;Canada, Australia, Russia, and Poland.<sup id=\"cite_ref-muggs-2017-djplasticianwave_4-10\" class=\"reference\">[4]</sup></p>\n<p>&nbsp;</p>\n<p>In 2017,&nbsp;Perth-based producers Skeler and Ytho began incorporating elements from&nbsp;trance&nbsp;and&nbsp;hardstyle&nbsp;into wave for appealing to the broader&nbsp;festival&nbsp;and&nbsp;club&nbsp;audiences and thus popularize the genre. This lead the wave scene to evolve into the emergent subgenre known as hardwave.<sup id=\"cite_ref-meadow-2021-divingwavenew_5-12\" class=\"reference\">[5]</sup><sup id=\"cite_ref-bennett-2020-15bestbass_10-1\" class=\"reference\">[10]</sup></p>\n<h2>&nbsp;</h2>\n<h2><span id=\"Genre_name_origin\" class=\"mw-headline\">Genre name origin</span></h2>\n<p>Use of the word&nbsp;<em>wave</em>&nbsp;to categorize a style of music is attributed to&nbsp;UK-based music producer Steven \"Klimeks\" Adams.<sup id=\"cite_ref-reil-2021-waveerobertlondons_6-10\" class=\"reference\">[6]</sup>&nbsp;In&nbsp;<abbr title=\"circa\">c.</abbr>&thinsp;2013&nbsp;he used the term as a&nbsp;keyword&nbsp;on&nbsp;SoundCloud.<sup id=\"cite_ref-plant-2017-waveemotivenew_9-8\" class=\"reference\">[9]</sup><sup id=\"cite_ref-marcus-2017-wavemusicmarketing_7-13\" class=\"reference\">[7]</sup><sup id=\"cite_ref-murray-2017-enteringwhirlpoolglacci_3-8\" class=\"reference\">[3]</sup><sup id=\"cite_ref-unknown-2016-wavemusicwhy_2-20\" class=\"reference\">[2]</sup>&nbsp;It was adopted and popularized by&nbsp;Plastician&nbsp;while promoting the genre in his radio shows on&nbsp;Rinse FM,&nbsp;<em>Wave Pool</em>&nbsp;mixes,<sup id=\"cite_ref-murray-2015-hasplasticianjust_11-3\" class=\"reference\">[11]</sup>&nbsp;at club events,<sup id=\"cite_ref-unknown-2016-surveylondonbringing_18-1\" class=\"reference\">[18]</sup><sup id=\"cite_ref-muggs-2017-djplasticianwave_4-11\" class=\"reference\">[4]</sup>&nbsp;and through his label&nbsp;Terrorhythm Recordings.<sup id=\"cite_ref-unknown-2016-wavemusicwhy_2-21\" class=\"reference\">[2]</sup><sup id=\"cite_ref-murray-2017-enteringwhirlpoolglacci_3-9\" class=\"reference\">[3]</sup></p>\n<h2>&nbsp;</h2>\n<h2><span id=\"Reception\" class=\"mw-headline\">Reception</span></h2>\n<p>In May 2017,&nbsp;<em>Vice</em>&nbsp;published an article by Ezra Marcus who wrote that the wave community and bloggers were categorizing a wide range of music within a \"constructed microgenre\", without a distinctive or innovative sound, in order to strategically exploit&nbsp;algorithms&nbsp;on&nbsp;streaming platforms&nbsp;such as&nbsp;YouTube.<sup id=\"cite_ref-marcus-2017-wavemusicmarketing_7-14\" class=\"reference\">[7]</sup></p>\n<p>&nbsp;</p>\n<p>Plastician&nbsp;responded to Marcus's article, arguing that most wave producers were generally younger people who lack the expertise to strategically influence algorithms for marketing purposes.<sup id=\"cite_ref-muggs-2017-djplasticianwave_4-12\" class=\"reference\">[4]</sup></p>\n<h2>&nbsp;</h2>\n<h2><span id=\"References\" class=\"mw-headline\">References</span></h2>\n<div class=\"reflist reflist-columns references-column-width\">\n<ol class=\"references\">\n<li id=\"cite_note-jenkins-2016-karefulintroductionwave-1\"><span class=\"mw-cite-backlink\">^&nbsp;<span class=\"cite-accessibility-label\">Jump up to:</span><sup><em><strong>a</strong></em></sup>&nbsp;<sup><em><strong>b</strong></em></sup>&nbsp;<sup><em><strong>c</strong></em></sup>&nbsp;<sup><em><strong>d</strong></em></sup>&nbsp;<sup><em><strong>e</strong></em></sup>&nbsp;<sup><em><strong>f</strong></em></sup>&nbsp;<sup><em><strong>g</strong></em></sup>&nbsp;<sup><em><strong>h</strong></em></sup>&nbsp;<sup><em><strong>i</strong></em></sup>&nbsp;<sup><em><strong>j</strong></em></sup>&nbsp;<sup><em><strong>k</strong></em></sup>&nbsp;<sup><em><strong>l</strong></em></sup>&nbsp;<sup><em><strong>m</strong></em></sup></span>&nbsp;<span class=\"reference-text\"><cite id=\"CITEREFDave_Jenkins2016\" class=\"citation journal cs1\">Dave Jenkins (29 June 2016).&nbsp;\"Kareful's Introduction To Wave Music\".&nbsp;<em>UKF Music</em>.&nbsp;Wikidata&nbsp;Q106369449.</cite></span></li>\n<li id=\"cite_note-unknown-2016-wavemusicwhy-2\"><span class=\"mw-cite-backlink\">^&nbsp;<span class=\"cite-accessibility-label\">Jump up to:</span><sup><em><strong>a</strong></em></sup>&nbsp;<sup><em><strong>b</strong></em></sup>&nbsp;<sup><em><strong>c</strong></em></sup>&nbsp;<sup><em><strong>d</strong></em></sup>&nbsp;<sup><em><strong>e</strong></em></sup>&nbsp;<sup><em><strong>f</strong></em></sup>&nbsp;<sup><em><strong>g</strong></em></sup>&nbsp;<sup><em><strong>h</strong></em></sup>&nbsp;<sup><em><strong>i</strong></em></sup>&nbsp;<sup><em><strong>j</strong></em></sup>&nbsp;<sup><em><strong>k</strong></em></sup>&nbsp;<sup><em><strong>l</strong></em></sup>&nbsp;<sup><em><strong>m</strong></em></sup>&nbsp;<sup><em><strong>n</strong></em></sup>&nbsp;<sup><em><strong>o</strong></em></sup>&nbsp;<sup><em><strong>p</strong></em></sup>&nbsp;<sup><em><strong>q</strong></em></sup>&nbsp;<sup><em><strong>r</strong></em></sup>&nbsp;<sup><em><strong>s</strong></em></sup>&nbsp;<sup><em><strong>t</strong></em></sup>&nbsp;<sup><em><strong>u</strong></em></sup>&nbsp;<sup><em><strong>v</strong></em></sup></span>&nbsp;<span class=\"reference-text\"><cite class=\"citation journal cs1\">\"Wave Music: Why You Need This Genre In Your Life Right Now\".&nbsp;<em>Highsnobiety</em>. 11 August 2016.&nbsp;Wikidata&nbsp;Q106369425.</cite></span></li>\n<li id=\"cite_note-murray-2017-enteringwhirlpoolglacci-3\"><span class=\"mw-cite-backlink\">^&nbsp;<span class=\"cite-accessibility-label\">Jump up to:</span><sup><em><strong>a</strong></em></sup>&nbsp;<sup><em><strong>b</strong></em></sup>&nbsp;<sup><em><strong>c</strong></em></sup>&nbsp;<sup><em><strong>d</strong></em></sup>&nbsp;<sup><em><strong>e</strong></em></sup>&nbsp;<sup><em><strong>f</strong></em></sup>&nbsp;<sup><em><strong>g</strong></em></sup>&nbsp;<sup><em><strong>h</strong></em></sup>&nbsp;<sup><em><strong>i</strong></em></sup>&nbsp;<sup><em><strong>j</strong></em></sup></span>&nbsp;<span class=\"reference-text\"><cite id=\"CITEREFRobin_Murray2017\" class=\"citation journal cs1\">Robin Murray (9 August 2017).&nbsp;\"Entering The Whirlpool: Glacci, Plastician And That 'Wave' Sound\".&nbsp;<em>Clash</em>.&nbsp;ISSN&nbsp;1743-0801.&nbsp;Wikidata&nbsp;Q106369424.</cite></span></li>\n<li id=\"cite_note-muggs-2017-djplasticianwave-4\"><span class=\"mw-cite-backlink\">^&nbsp;<span class=\"cite-accessibility-label\">Jump up to:</span><sup><em><strong>a</strong></em></sup>&nbsp;<sup><em><strong>b</strong></em></sup>&nbsp;<sup><em><strong>c</strong></em></sup>&nbsp;<sup><em><strong>d</strong></em></sup>&nbsp;<sup><em><strong>e</strong></em></sup>&nbsp;<sup><em><strong>f</strong></em></sup>&nbsp;<sup><em><strong>g</strong></em></sup>&nbsp;<sup><em><strong>h</strong></em></sup>&nbsp;<sup><em><strong>i</strong></em></sup>&nbsp;<sup><em><strong>j</strong></em></sup>&nbsp;<sup><em><strong>k</strong></em></sup>&nbsp;<sup><em><strong>l</strong></em></sup>&nbsp;<sup><em><strong>m</strong></em></sup></span>&nbsp;<span class=\"reference-text\"><cite id=\"CITEREFJoe_Muggs2017\" class=\"citation journal cs1\">Joe Muggs (8 November 2017).&nbsp;\"DJ Plastician on the Wave Musicians Giving the Genre Life\".&nbsp;<em>Bandcamp Daily</em>.&nbsp;Wikidata&nbsp;Q106369445.</cite></span></li>\n<li id=\"cite_note-meadow-2021-divingwavenew-5\"><span class=\"mw-cite-backlink\">^&nbsp;<span class=\"cite-accessibility-label\">Jump up to:</span><sup><em><strong>a</strong></em></sup>&nbsp;<sup><em><strong>b</strong></em></sup>&nbsp;<sup><em><strong>c</strong></em></sup>&nbsp;<sup><em><strong>d</strong></em></sup>&nbsp;<sup><em><strong>e</strong></em></sup>&nbsp;<sup><em><strong>f</strong></em></sup>&nbsp;<sup><em><strong>g</strong></em></sup>&nbsp;<sup><em><strong>h</strong></em></sup>&nbsp;<sup><em><strong>i</strong></em></sup>&nbsp;<sup><em><strong>j</strong></em></sup>&nbsp;<sup><em><strong>k</strong></em></sup>&nbsp;<sup><em><strong>l</strong></em></sup>&nbsp;<sup><em><strong>m</strong></em></sup></span>&nbsp;<span class=\"reference-text\"><cite id=\"CITEREFMatthew_Meadow2021\" class=\"citation journal cs1\">Matthew Meadow (8 February 2021).&nbsp;\"Diving Into \"WAVE,\" The New Genre That's Destined To Blow Up In 2021\".&nbsp;<em>Your EDM</em>.&nbsp;Wikidata&nbsp;Q106369426.</cite></span></li>\n<li id=\"cite_note-reil-2021-waveerobertlondons-6\"><span class=\"mw-cite-backlink\">^&nbsp;<span class=\"cite-accessibility-label\">Jump up to:</span><sup><em><strong>a</strong></em></sup>&nbsp;<sup><em><strong>b</strong></em></sup>&nbsp;<sup><em><strong>c</strong></em></sup>&nbsp;<sup><em><strong>d</strong></em></sup>&nbsp;<sup><em><strong>e</strong></em></sup>&nbsp;<sup><em><strong>f</strong></em></sup>&nbsp;<sup><em><strong>g</strong></em></sup>&nbsp;<sup><em><strong>h</strong></em></sup>&nbsp;<sup><em><strong>i</strong></em></sup>&nbsp;<sup><em><strong>j</strong></em></sup>&nbsp;<sup><em><strong>k</strong></em></sup></span>&nbsp;<span class=\"reference-text\"><cite id=\"CITEREFJuliane_Reil2017\" class=\"citation journal cs1\">Juliane Reil (6 May 2017).&nbsp;\"\"Wave\" erobert Londons Underground\".&nbsp;<em>Deutschlandfunk</em>&nbsp;(in German).&nbsp;Wikidata&nbsp;Q106466879.</cite></span></li>\n<li id=\"cite_note-marcus-2017-wavemusicmarketing-7\"><span class=\"mw-cite-backlink\">^&nbsp;<span class=\"cite-accessibility-label\">Jump up to:</span><sup><em><strong>a</strong></em></sup>&nbsp;<sup><em><strong>b</strong></em></sup>&nbsp;<sup><em><strong>c</strong></em></sup>&nbsp;<sup><em><strong>d</strong></em></sup>&nbsp;<sup><em><strong>e</strong></em></sup>&nbsp;<sup><em><strong>f</strong></em></sup>&nbsp;<sup><em><strong>g</strong></em></sup>&nbsp;<sup><em><strong>h</strong></em></sup>&nbsp;<sup><em><strong>i</strong></em></sup>&nbsp;<sup><em><strong>j</strong></em></sup>&nbsp;<sup><em><strong>k</strong></em></sup>&nbsp;<sup><em><strong>l</strong></em></sup>&nbsp;<sup><em><strong>m</strong></em></sup>&nbsp;<sup><em><strong>n</strong></em></sup>&nbsp;<sup><em><strong>o</strong></em></sup></span>&nbsp;<span class=\"reference-text\"><cite id=\"CITEREFEzra_Marcus2017\" class=\"citation journal cs1\">Ezra Marcus (12 May 2017).&nbsp;\"Wave Music Is a Marketing Tactic, Not a Microgenre\".&nbsp;<em>Vice</em>.&nbsp;ISSN&nbsp;1077-6788.&nbsp;Wikidata&nbsp;Q106369432.</cite></span></li>\n<li id=\"cite_note-koprivica-2018-haveyouever-8\"><span class=\"mw-cite-backlink\">^&nbsp;<span class=\"cite-accessibility-label\">Jump up to:</span><sup><em><strong>a</strong></em></sup>&nbsp;<sup><em><strong>b</strong></em></sup></span>&nbsp;<span class=\"reference-text\"><cite id=\"CITEREFIrina_Koprivica2018\" class=\"citation journal cs1\">Irina Koprivica (6 February 2018).&nbsp;\"Have You Ever Listened to \"Wave/Witch House\"?\".&nbsp;<em>Youth Time</em>.&nbsp;Wikidata&nbsp;Q106862775.</cite></span></li>\n<li id=\"cite_note-plant-2017-waveemotivenew-9\"><span class=\"mw-cite-backlink\">^&nbsp;<span class=\"cite-accessibility-label\">Jump up to:</span><sup><em><strong>a</strong></em></sup>&nbsp;<sup><em><strong>b</strong></em></sup>&nbsp;<sup><em><strong>c</strong></em></sup>&nbsp;<sup><em><strong>d</strong></em></sup>&nbsp;<sup><em><strong>e</strong></em></sup>&nbsp;<sup><em><strong>f</strong></em></sup>&nbsp;<sup><em><strong>g</strong></em></sup>&nbsp;<sup><em><strong>h</strong></em></sup>&nbsp;<sup><em><strong>i</strong></em></sup></span>&nbsp;<span class=\"reference-text\"><cite id=\"CITEREFSapphire_Plant2017\" class=\"citation journal cs1\">Sapphire Plant (26 April 2017).&nbsp;\"Wave: The emotive new genre with its own icy ecosystem\".&nbsp;<em>Mixmag</em>.&nbsp;ISSN&nbsp;0957-6622.&nbsp;Wikidata&nbsp;Q106369423.</cite></span></li>\n<li id=\"cite_note-bennett-2020-15bestbass-10\"><span class=\"mw-cite-backlink\">^&nbsp;<span class=\"cite-accessibility-label\">Jump up to:</span><sup><em><strong>a</strong></em></sup>&nbsp;<sup><em><strong>b</strong></em></sup></span>&nbsp;<span class=\"reference-text\"><cite id=\"CITEREFLuke_Bennett2020\" class=\"citation journal cs1\">Luke Bennett (30 April 2020).&nbsp;\"The 15 Best Bass Music Tracks of April 2020\".&nbsp;<em>Magnetic Magazine</em>.&nbsp;Wikidata&nbsp;Q106369428.</cite></span></li>\n<li id=\"cite_note-murray-2015-hasplasticianjust-11\"><span class=\"mw-cite-backlink\">^&nbsp;<span class=\"cite-accessibility-label\">Jump up to:</span><sup><em><strong>a</strong></em></sup>&nbsp;<sup><em><strong>b</strong></em></sup>&nbsp;<sup><em><strong>c</strong></em></sup>&nbsp;<sup><em><strong>d</strong></em></sup></span>&nbsp;<span class=\"reference-text\"><cite id=\"CITEREFRobin_Murray2015\" class=\"citation journal cs1\">Robin Murray (11 December 2015).&nbsp;\"Has Plastician Just Uncovered A New Genre?\".&nbsp;<em>Clash</em>.&nbsp;ISSN&nbsp;1743-0801.&nbsp;Wikidata&nbsp;Q106369451.</cite></span></li>\n<li id=\"cite_note-jenkins-2017-whywavepoolcritical-12\"><span class=\"mw-cite-backlink\">^&nbsp;<span class=\"cite-accessibility-label\">Jump up to:</span><sup><em><strong>a</strong></em></sup>&nbsp;<sup><em><strong>b</strong></em></sup></span>&nbsp;<span class=\"reference-text\"><cite id=\"CITEREFDave_Jenkins2017\" class=\"citation journal cs1\">Dave Jenkins (22 August 2017).&nbsp;\"Why Wavepool 2 is a critical moment for wave music\".&nbsp;<em>UKF Music</em>.&nbsp;Wikidata&nbsp;Q106417465.</cite></span></li>\n<li id=\"cite_note-wood-2016-getknowbrand-13\"><span class=\"mw-cite-backlink\">^&nbsp;<span class=\"cite-accessibility-label\">Jump up to:</span><sup><em><strong>a</strong></em></sup>&nbsp;<sup><em><strong>b</strong></em></sup></span>&nbsp;<span class=\"reference-text\"><cite id=\"CITEREFMike_Wood2016\" class=\"citation journal cs1\">Mike Wood (17 February 2016).&nbsp;\"Get to know brand new label Wave Mob as they release their debut compilation 'Wave 001'\".&nbsp;<em>Earmilk</em>.&nbsp;Wikidata&nbsp;Q106417999.</cite></span></li>\n<li id=\"cite_note-jenkins-2017-plasticianannouncesrinse-14\"><span class=\"mw-cite-backlink\"><strong>^</strong></span>&nbsp;<span class=\"reference-text\"><cite id=\"CITEREFDave_Jenkins2017\" class=\"citation journal cs1\">Dave Jenkins (3 July 2017).&nbsp;\"Plastician announces Rinse FM departure\".&nbsp;<em>UKF Music</em>.&nbsp;Wikidata&nbsp;Q106417493.</cite></span></li>\n<li id=\"cite_note-unknown-2013-plasticianterrorhythmlabel-15\"><span class=\"mw-cite-backlink\"><strong>^</strong></span>&nbsp;<span class=\"reference-text\"><cite class=\"citation journal cs1\">\"Plastician's Terrorhythm label releases new compilation Turquoise: download it for free inside\".&nbsp;<em>Fact</em>. 18 December 2013.&nbsp;Wikidata&nbsp;Q106417499.</cite></span></li>\n<li id=\"cite_note-byatt-2021-creativeconversations047-16\"><span class=\"mw-cite-backlink\"><strong>^</strong></span>&nbsp;<span class=\"reference-text\"><cite id=\"CITEREFLuke_Byatt2021\" class=\"citation journal cs1\">Luke Byatt (16 April 2021).&nbsp;\"Creative Conversations 047: Forging A Genre With Liquid Ritual [Exclusive]\".&nbsp;<em>Futuremag Music</em>.&nbsp;Wikidata&nbsp;Q106659799.</cite></span></li>\n<li id=\"cite_note-unknown-2017-wavewonderkareful-17\"><span class=\"mw-cite-backlink\"><strong>^</strong></span>&nbsp;<span class=\"reference-text\"><cite class=\"citation journal cs1\">\"Wave Wonder Kareful Initiates His Liquid Ritual\".&nbsp;<em>Clash</em>. 22 May 2017.&nbsp;ISSN&nbsp;1743-0801.&nbsp;Wikidata&nbsp;Q106369442.</cite></span></li>\n<li id=\"cite_note-unknown-2016-surveylondonbringing-18\"><span class=\"mw-cite-backlink\">^&nbsp;<span class=\"cite-accessibility-label\">Jump up to:</span><sup><em><strong>a</strong></em></sup>&nbsp;<sup><em><strong>b</strong></em></sup></span>&nbsp;<span class=\"reference-text\"><cite class=\"citation journal cs1\">\"Survey London: bringing wave to the rave since 2015\".&nbsp;<em>International DJ Magazine</em>. 30 August 2016.&nbsp;Wikidata&nbsp;Q106399586.</cite></span></li>\n</ol>\n</div>",
 "remarks": "本词条汉字内容由 @多频百科团队 翻译+编辑\n原文译自 https://en.wikipedia.org/wiki/Wave_music",
 "remarksEn": "本词条内容来自 https://en.wikipedia.org/wiki/Wave_music",
 "status": 1,
 "clickNum": 34,
 "deleted": 0,
 "lang": 0,
 "chooseLang": true,
 "id": 378,
 "name": "Wave Music",
 "descriptions": "Wave 是一种十分注重情感和旋律的 Bass Music 的子流派，它在2010年代早期通过互联网社区形成和传播。Wave Music 的特点是空灵质感的旋律和和声、以 Reese Bass 为代表的厚重且具有旋律性的 Bassline、现代 Trap 鼓组、经过混响和延迟处理的人声切片，以及琶音器的使用等。与音乐紧密关联的还有 Wave 风格的视觉艺术，它结合了计算机生成的图像和动画，以及来自视频游戏和卡通的图像。",
 "startTimeText": "2010s",
 "startAddress": "互联网",
 "searchStyle": "Bass Music, Trap",
 "styleCategory": "Bass Music",
 "originalStyle": "Bass Music, Trap, Witch House, Dubstep, UK Garage, Trance, Lo-fi, Techno, Hardstyle, Ambient, Vaporwave",
 "deriveStyle": "Hardwave, Trapwave",
 "representArtist": "Klimeks, Kareful",
 "represetnBrand": "Wavemob, Liquid Ritual",
 "officialUrl": "https://en.wikipedia.org/wiki/Wave_music",
 "typeId": 13,
 "typeName": "风格",
 "dataId": 378,
 "url": "http://dropinapp.hearinmusic.com/#/ency?typeId=13&dataId=378"
}