{
 "pageNum": 1,
 "pageSize": 10,
 "params": {},
 "relationChannel": "[{\"id\":1183,\"parentId\":8,\"name\":\"Wonky\"}]",
 "content": "<div class=\"document\">\n<p class=\"paragraph text-align-type-left pap-line-1.8 pap-line-rule-auto pap-spacing-before-0pt pap-spacing-after-0pt\">Wonky（也被称为purple sound、aquacrunk或lazer hip hop）是电子音乐的一个子流派，主要以其偏离节奏或 \"不稳定 \"的节拍，以及其融合了hip-hop、electro-funk、chiptune、jazz fusion、glitch和crunk等风格而闻名。它最初是在2008年从英国的dubstep和grime场景中兴起的，将他们朴素的声音换成了典型的色彩丰富或旺盛的风格，以华丽的合成器音色、旋律和效果为特色。其他影响也来自包括美国嘻哈制作人J Dilla和Madlib。与这种风格相关的艺术家包括Rustie、Joker、Hudson Mohawke、Zomby、Mimosa、MartyParty和Flying Lotus。</p>\n<p class=\"paragraph text-align-type-left pap-line-1.8 pap-line-rule-auto pap-spacing-before-0pt pap-spacing-after-0pt\">&nbsp;</p>\n<p class=\"paragraph text-align-type-left pap-line-1.8 pap-line-rule-auto pap-spacing-before-0pt pap-spacing-after-0pt\" style=\"text-align: center;\"><img src=\"https://duopin-community.oss-cn-shenzhen.aliyuncs.com/75jyv3ugf8b0cmxuognm.jpg\" alt=\"\" width=\"1001\" height=\"628\" /></p>\n<p class=\"paragraph text-align-type-left pap-line-1.8 pap-line-rule-auto pap-spacing-before-0pt pap-spacing-after-0pt\" style=\"text-align: center;\"><span style=\"font-size: 8pt;\">Wonky制作人Rustie在表演（2012年）</span></p>\n<p class=\"paragraph text-align-type-left pap-line-1.8 pap-line-rule-auto pap-spacing-before-0pt pap-spacing-after-0pt\" style=\"text-align: center;\"><span style=\"font-size: 8pt;\">By weekly dig - https://www.flickr.com/photos/weeklydig/7977121929/, CC BY 2.0, https://commons.wikimedia.org/w/index.php?curid=23073449</span></p>\n<p class=\"paragraph text-align-type-left pap-line-1.8 pap-line-rule-auto pap-spacing-before-0pt pap-spacing-after-0pt\">&nbsp;</p>\n<p class=\"paragraph text-align-type-left pap-line-1.8 pap-line-rule-auto pap-spacing-before-0pt pap-spacing-after-0pt\"><strong>基本特征 </strong></p>\n<p class=\"paragraph text-align-type-left pap-line-1.8 pap-line-rule-auto pap-spacing-before-0pt pap-spacing-after-0pt\">Wonky的特点是不规则的Hip Hop节奏在Dubstep的速率中行进，有一种恍惚的、不稳定的听感。它也和克他命等药物相关，营造出在迷幻中跳舞的氛围。Wonky的 \"湿润而不稳定 \"的声音通常是通过使用Pitch Bend、中频合成器、低通和高通的LFO、相位和延迟来制作非量化的节拍和中频低音来实现的。</p>\n<p class=\"paragraph text-align-type-left pap-line-1.8 pap-line-rule-auto pap-spacing-before-0pt pap-spacing-after-0pt\">&nbsp;</p>\n<p class=\"paragraph text-align-type-left pap-line-1.8 pap-line-rule-auto pap-spacing-before-0pt pap-spacing-after-0pt\"><strong>历史</strong></p>\n<div>\n<div class=\"document\">\n<p class=\"paragraph text-align-type-left pap-line-1.8 pap-line-rule-auto pap-spacing-before-0pt pap-spacing-after-0pt\">Wonky是Dubstep和Hip Hop（尤其是Glitch Hop）的融合体，最早发展于2000年中后期。除了这些主要元素外，它还受到IDM和其同名的Wonky Techno等次要影响。它的定义是其偏离轨道、不稳定、Wonky（因此而得名）的中音，以dubstep的节奏来表现无量化和离谱的嘻哈节奏；这种声音至少有一部分受到氯胺酮（药物）的影响，并且经常与氯胺酮的使用联系在一起，因为它反映了药物如何影响使用者和他们的舞蹈能力。</p>\n<p class=\"paragraph text-align-type-left pap-line-1.8 pap-line-rule-auto pap-spacing-before-0pt pap-spacing-after-0pt\">&nbsp;</p>\n<p class=\"paragraph text-align-type-left pap-line-1.8 pap-line-rule-auto pap-spacing-before-0pt pap-spacing-after-0pt\">当受J Dilla和Madlib影响的Hip-Hop制作人（如Flying Lotus和Dabrye）开始尝试dubstep和IDM元素时，Wonky就开始发展了，大约在同一时间，dubstep制作人（尤其是Hyperdub的制作人和那些与purple sound有关的制作人）开始在他们自己的作品中加入上述Hip-Hop的影响。早期的Wonky将这两股松散的力量融合在一起，在2009年发展成一个成熟的流派。</p>\n<p class=\"paragraph text-align-type-left pap-line-1.8 pap-line-rule-auto pap-spacing-before-0pt pap-spacing-after-0pt\">&nbsp;</p>\n<p class=\"paragraph text-align-type-left pap-line-1.8 pap-line-rule-auto pap-spacing-before-0pt pap-spacing-after-0pt\">最大和最著名的Wonky场景之一是格拉斯哥，以LuckyMe和Numbers.俱乐部之夜和标签为中心；一些该流派最著名的制作人，如Hudson Mohawke和Rustie，来自这个场景。在大西洋彼岸，大名鼎鼎的Flying Lotus和Starkey，他们创造了该流派的美国代名词--street bass。斯堪的纳维亚的Skweee流派在声音上也很相似，但保留独特的根基。</p>\n</div>\n</div>\n<p class=\"paragraph text-align-type-left pap-line-1.8 pap-line-rule-auto pap-spacing-before-0pt pap-spacing-after-0pt\">&nbsp;</p>\n<p class=\"paragraph text-align-type-left pap-line-1.8 pap-line-rule-auto pap-spacing-before-0pt pap-spacing-after-0pt\"><strong>区域特点</strong></p>\n<p class=\"paragraph text-align-type-left pap-line-1.8 pap-line-rule-auto pap-spacing-before-0pt pap-spacing-after-0pt\">虽然Wonky音乐统一的倾向是使用不稳定的中频合成器，但每个Wonky音乐场景在声音上都有自己特定的特征。</p>\n<p class=\"paragraph text-align-type-left pap-line-1.8 pap-line-rule-auto pap-spacing-before-0pt pap-spacing-after-0pt\">&nbsp;</p>\n<p class=\"paragraph text-align-type-left pap-line-1.8 pap-line-rule-auto pap-spacing-before-0pt pap-spacing-after-0pt\"><span style=\"text-decoration: underline;\">Street Bass</span></p>\n<p class=\"paragraph text-align-type-left pap-line-1.8 pap-line-rule-auto pap-spacing-before-0pt pap-spacing-after-0pt\">美国的Wonky \"street bass \"场景受到broken beat 和 jazz 的影响，音乐本身有一种自然有机的感觉；而Glasgow的aquacrunk和Bristol purple的声音场景则分别受到crunk、chiptune、电音和器乐grime/dubstep等声音的影响。</p>\n<p class=\"paragraph text-align-type-left pap-line-1.8 pap-line-rule-auto pap-spacing-before-0pt pap-spacing-after-0pt\">&nbsp;</p>\n<p class=\"paragraph text-align-type-left pap-line-1.8 pap-line-rule-auto pap-spacing-before-0pt pap-spacing-after-0pt\"><span style=\"text-decoration: underline;\">Aquacrunk</span></p>\n<p class=\"paragraph text-align-type-left pap-line-1.8 pap-line-rule-auto pap-spacing-before-0pt pap-spacing-after-0pt\">Aquacrunk是由格拉斯哥艺术家Rustie开创的，其特点是慢速、低沉的节奏，受到南方嘻哈的影响，配以电子喃喃自语和变形的bassline。它受到早期Rephlex和Underground Resistance发行的影响，也受到Lil Jon或Young Buck等crunk艺术家的影响。</p>\n<p class=\"paragraph text-align-type-left pap-line-1.8 pap-line-rule-auto pap-spacing-before-0pt pap-spacing-after-0pt\">&nbsp;</p>\n<p class=\"paragraph text-align-type-left pap-line-1.8 pap-line-rule-auto pap-spacing-before-0pt pap-spacing-after-0pt\"><span style=\"text-decoration: underline;\">Purple sound</span></p>\n<p class=\"paragraph text-align-type-left pap-line-1.8 pap-line-rule-auto pap-spacing-before-0pt pap-spacing-after-0pt\">Purple sound于2008年末在布里斯托尔从分裂的dubstep场景中出现，并从Wonky中获得灵感，有时它被认为是其中的一部分。它将80年代的合成器放克和90年代的G-funk制作融入到dubstep中，同时也引入了许多方面的grime和chiptune（几位著名的purple sound艺术家认为电子游戏音乐对他们的影响很大）。purple sound通常包括合成器作为主要组成部分，并避免了dubstep中常见的低音 \"摇摆 \"和2-step。大多数purple sound的曲目都是乐器演奏。</p>\n</div>",
 "contentEn": "<p><strong>Wonky</strong>&nbsp;(also known as&nbsp;<strong>purple sound</strong>,&nbsp;<strong>aquacrunk</strong>, or&nbsp;<strong>lazer hip hop</strong><sup id=\"cite_ref-dummy_1-0\" class=\"reference\">[1]</sup><sup id=\"cite_ref-p_2-0\" class=\"reference\">[2]</sup>) is a subgenre of&nbsp;electronic music&nbsp;known primarily for its off-kilter or &ldquo;unstable&rdquo; beats, as well as its eclectic blend of genres including&nbsp;hip hop,&nbsp;electro-funk,&nbsp;chiptune,&nbsp;jazz fusion,&nbsp;glitch, and&nbsp;crunk.<sup id=\"cite_ref-p_2-1\" class=\"reference\">[2]</sup><sup id=\"cite_ref-Retro_3-0\" class=\"reference\">[3]</sup>&nbsp;It initially emerged in 2008 from the UK's&nbsp;dubstep&nbsp;and&nbsp;grime&nbsp;scenes, exchanging their austere sound for a typically colorful or exuberant style featuring garish&nbsp;synthesizer&nbsp;tones, melodies, and&nbsp;effects.<sup id=\"cite_ref-dummy_1-1\" class=\"reference\">[1]</sup>&nbsp;Other influences included American hip hop producers&nbsp;J Dilla&nbsp;and&nbsp;Madlib. Artists associated with the style include&nbsp;Rustie,&nbsp;Joker,&nbsp;Hudson Mohawke,&nbsp;Jai Paul,&nbsp;Zomby,&nbsp;Mimosa,&nbsp;MartyParty&nbsp;and&nbsp;Flying Lotus.<sup id=\"cite_ref-p_2-2\" class=\"reference\">[2]</sup><sup id=\"cite_ref-Retro_3-1\" class=\"reference\">[3]</sup></p>\n<h2>&nbsp;</h2>\n<h2><span id=\"Regional_characteristics\" class=\"mw-headline\">Regional characteristics</span></h2>\n<p>The \"wet and unstable\" sound of wonky is often achieved by producing&nbsp;moist sensual&nbsp;beats and mid-range basses using pitch bending, mid-range synths, LFOs on lowpassing and highpassing, phasing, and delaying.</p>\n<p>&nbsp;</p>\n<p>Though wonky music is united by the tendency to use slurp, unstable mid-range synths, every wonky music scene has its own specific traits in sound. The American wonky \"street bass\" scene is influenced by&nbsp;broken beat&nbsp;and&nbsp;jazz&nbsp;music and the music itself has an organic feeling,<sup id=\"cite_ref-pitchforkmedia1_4-0\" class=\"reference\">[4]</sup>&nbsp;while the Glasgow aquacrunk and Bristol purple sound scenes are influenced by the sound of crunk, chiptune, electro and instrumental grime/dubstep,<sup id=\"cite_ref-pitchforkmedia1_4-1\" class=\"reference\">[4]</sup>&nbsp;respectively.<sup class=\"noprint Inline-Template Template-Fact\">[<em><span title=\"This claim needs references to reliable sources. (July 2016)\">citation needed</span></em>]</sup></p>\n<p>&nbsp;</p>\n<p>Aquacrunk was pioneered by Glasgow artist Rustie, and features slowed down, low-slung beats influenced by&nbsp;Southern hip-hop&nbsp;with electronic mutterings and morphing basslines.<sup id=\"cite_ref-guardian1_5-0\" class=\"reference\">[5]</sup>&nbsp;It is influenced as much by early Rephlex and Underground Resistance releases by crunk artists like&nbsp;Lil Jon&nbsp;or&nbsp;Young Buck.<sup id=\"cite_ref-guardian1_5-1\" class=\"reference\">[5]</sup></p>\n<p>&nbsp;</p>\n<p>Purple sound emerged in Bristol in late 2008 out of the splintering dubstep scene and took inspiration from wonky, which it is sometimes considered a part of. It incorporates synth funk from the 1980s and G-funk production from the &rsquo;90s into dubstep, while also introducing many aspects of grime and chiptune (several prominent purple sound artists cite video game music as a large influence).<sup id=\"cite_ref-6\" class=\"reference\">[6]</sup>&nbsp;Purple sound usually includes synths as a main component and avoids the bass 'wobble' and 2-step common in dubstep. The majority of purple sound tracks are instrumental.<sup class=\"noprint Inline-Template Template-Fact\">[<em><span title=\"This claim needs references to reliable sources. (May 2013)\">citation needed</span></em>]</sup></p>\n<h2>&nbsp;</h2>\n<h2><span id=\"References\" class=\"mw-headline\">References</span></h2>\n<div class=\"reflist\">\n<div class=\"mw-references-wrap\">\n<ol class=\"references\">\n<li id=\"cite_note-dummy-1\"><span class=\"mw-cite-backlink\">^&nbsp;<span class=\"cite-accessibility-label\">Jump up to:</span><sup><em><strong>a</strong></em></sup>&nbsp;<sup><em><strong>b</strong></em></sup></span>&nbsp;<span class=\"reference-text\"><cite id=\"CITEREFThomas_de_Chroustchoff\" class=\"citation web cs1\">Thomas de Chroustchoff, Gwyn.&nbsp;\"The Dummy guide to purple\".&nbsp;<em>Dummy Mag</em>.&nbsp;Archived&nbsp;from the original on 11 October 2017<span class=\"reference-accessdate\">. Retrieved&nbsp;<span class=\"nowrap\">30 December</span>&nbsp;2017</span>.</cite></span></li>\n<li id=\"cite_note-p-2\"><span class=\"mw-cite-backlink\">^&nbsp;<span class=\"cite-accessibility-label\">Jump up to:</span><sup><em><strong>a</strong></em></sup>&nbsp;<sup><em><strong>b</strong></em></sup>&nbsp;<sup><em><strong>c</strong></em></sup></span>&nbsp;<span class=\"reference-text\"><cite id=\"CITEREFMartin_Clark2008\" class=\"citation web cs1\">Martin Clark (2008-04-30).&nbsp;\"Grime / Dubstep\". Pitchfork.&nbsp;Archived&nbsp;from the original on 2018-06-12<span class=\"reference-accessdate\">. Retrieved&nbsp;<span class=\"nowrap\">2016-07-18</span></span>.</cite></span></li>\n<li id=\"cite_note-Retro-3\"><span class=\"mw-cite-backlink\">^&nbsp;<span class=\"cite-accessibility-label\">Jump up to:</span><sup><em><strong>a</strong></em></sup>&nbsp;<sup><em><strong>b</strong></em></sup></span>&nbsp;<span class=\"reference-text\"><cite id=\"CITEREFReynolds2011\" class=\"citation book cs1\">Reynolds, Simon (2011).&nbsp;<em>Retromania: Pop Culture&rsquo;s Addiction to Its Own Past</em>. Farrah, Straus &amp; Giroux. p.&nbsp;76.</cite></span></li>\n<li id=\"cite_note-pitchforkmedia1-4\"><span class=\"mw-cite-backlink\">^&nbsp;<span class=\"cite-accessibility-label\">Jump up to:</span><sup><em><strong>a</strong></em></sup>&nbsp;<sup><em><strong>b</strong></em></sup></span>&nbsp;<span class=\"reference-text\"><cite class=\"citation web cs1\">\"Archived copy\". Archived from&nbsp;the original&nbsp;on 2008-10-21<span class=\"reference-accessdate\">. Retrieved&nbsp;<span class=\"nowrap\">2008-11-07</span></span>.</cite></span></li>\n<li id=\"cite_note-guardian1-5\"><span class=\"mw-cite-backlink\">^&nbsp;<span class=\"cite-accessibility-label\">Jump up to:</span><sup><em><strong>a</strong></em></sup>&nbsp;<sup><em><strong>b</strong></em></sup></span>&nbsp;<span class=\"reference-text\"><cite id=\"CITEREFLanre_Bakare\" class=\"citation news cs1\">Lanre Bakare.&nbsp;\"Scene and heard: Get ready for aquacrunk | Music\".&nbsp;<em>The Guardian</em>.&nbsp;Archived&nbsp;from the original on 2014-02-04<span class=\"reference-accessdate\">. Retrieved&nbsp;<span class=\"nowrap\">2016-07-18</span></span>.</cite></span></li>\n<li id=\"cite_note-6\"><span class=\"mw-cite-backlink\"><strong>^</strong></span>&nbsp;<span class=\"reference-text\"><cite class=\"citation web cs1\">\"Maintenance Mode\". The Stool Pigeon. Archived from&nbsp;the original&nbsp;on 2016-03-24<span class=\"reference-accessdate\">. Retrieved&nbsp;<span class=\"nowrap\">2016-07-18</span></span>.</cite></span></li>\n</ol>\n</div>\n</div>",
 "remarks": "本词条汉字内容由 @多频百科团队 翻译+编辑\n原文译自 https://en.wikipedia.org/wiki/Wonky_(genre)",
 "remarksEn": "本词条内容来自 https://en.wikipedia.org/wiki/Wonky_(genre)",
 "status": 1,
 "clickNum": 21,
 "deleted": 0,
 "lang": 0,
 "chooseLang": true,
 "id": 135,
 "name": "Wonky",
 "descriptions": "Wonky（也被称为purple sound、aquacrunk或lazer hip hop）是电子音乐的一个子流派，主要以其偏离节奏或 \"不稳定 \"的节拍，以及其融合了hip-hop、electro-funk、chiptune、jazz fusion、glitch、和crunk等风格而闻名。它最初是在2008年从英国的dubstep和grime场景中兴起的，将他们朴素的声音换成了典型的色彩丰富或旺盛的风格，以华丽的合成器音色、旋律和效果为特色。其他影响也来自包括美国嘻哈制作人J Dilla和Madlib。与这种风格相关的艺术家包括Rustie、Joker、Hudson Mohawke、Zomby、Mimosa、MartyParty和Flying Lotus。",
 "originalName": "",
 "startTimeText": "Mid 2000s–early 2010s",
 "startAddress": "英国，美国洛杉矶",
 "searchStyle": "UK Garage",
 "styleCategory": "UK Garage",
 "originalStyle": "Dubstep, hip hop, glitch, electro-funk, jazz fusion, crunk, hyphy, grime, glitch hop, chiptune, G-funk, broken beat, techno, sampledelia",
 "affectStyle": "",
 "deriveStyle": "",
 "representArtist": " Rustie, Joker, Hudson Mohawke, Zomby, Mimosa, MartyParty, Flying Lotus.",
 "officialUrl": "https://en.wikipedia.org/wiki/Wonky_(genre)",
 "typeId": 13,
 "typeName": "风格",
 "dataId": 135,
 "url": "http://dropinapp.hearinmusic.com/#/ency?typeId=13&dataId=135"
}