{
 "pageNum": 1,
 "pageSize": 10,
 "params": {},
 "relationChannel": "[{\"id\":1379,\"parentId\":8,\"name\":\"Worldbeat\"}]",
 "content": "<div>\n<div class=\"document\">\n<p class=\"paragraph text-align-type-left pap-line-1.8 pap-line-rule-auto pap-spacing-before-0pt pap-spacing-after-0pt\">Worldbeat是一种融合了流行音乐或摇滚音乐与世界音乐或传统音乐的音乐类型。Worldbeat类似于其他当代和根源流派的交叉影响标签，它暗示了现代和民族元素之间的节奏、和声或纹理对比。</p>\n<p class=\"paragraph text-align-type-left pap-line-1.8 pap-line-rule-auto pap-spacing-before-0pt pap-spacing-after-0pt\">&nbsp;</p>\n<p class=\"paragraph text-align-type-left pap-line-1.8 pap-line-rule-auto pap-spacing-before-0pt pap-spacing-after-0pt\">定义</p>\n<p class=\"paragraph text-align-type-left pap-line-1.8 pap-line-rule-auto pap-spacing-before-0pt pap-spacing-after-0pt\">Worldbeat类似于世界融合和全球融合，主要表现为民族音乐传统与西方流行音乐的融合。这些特殊的音乐类型也可以反映在多个 \"传统 \"流派的交叉混合，产生创新的、混合的世界音乐。与大多数 \"world \"味浓厚的流派类别一样，worldbeat并没有明确的定义，就像许多经典的世界音乐子流派一样，如gamelan，或calypso。总的来说，世界音乐这把大伞下，不断扩大的民族音乐亚流派家族代表了一个本质上模糊不清的术语，这取决于人们如何解释世界音乐的特定混合体，可以在很大程度上互换。Worldbeat所定义的混合体可以列在笼统的世界音乐术语之下，尽管它的特点是与西方音乐、流行音乐的元素进行了突出的杂交。作为一种具有民族色彩的音乐类型，Worldbeat是世界音乐运动的一部分，它正稳定地影响着全球各个角落的流行音乐。这部分得益于数字音乐制作的进步，以及录音艺术中的艺术家和制作人可以获得高质量的民族音乐样本。土著音乐和现代音乐类型之间的质地和风格的全球化，在21世纪流行音乐的范围内迅速扩大，并继续重塑世界如何定义越来越多的以世界音乐元素构思的类型。相对于世界音乐的区别 Worldbeat、世界融合和全球融合是在世界音乐流派下发展起来的混合流派。它们最突出的特点是流行文化与本土文化的明显融合，这往往导致它们之间难以区分。当代带有世界音乐元素的流派混血儿，自然会随着音乐文化的全球化而大量涌现。在音乐目录中，混血流派往往只被赋予 \"world \"这一数据库选择，因此，对于什么可以定义世界音乐的认知，已经发展到包括流行音乐的影响。是否所有表现出突出的民族影响的流行音乐和传统音乐混合体，如Worldbeat，都属于世界音乐的范畴，存在分歧。</p>\n<p class=\"paragraph text-align-type-left pap-line-1.8 pap-line-rule-auto pap-spacing-before-0pt pap-spacing-after-0pt\">&nbsp;</p>\n<p class=\"paragraph text-align-type-left pap-line-1.8 pap-line-rule-auto pap-spacing-before-0pt pap-spacing-after-0pt\">相似的术语</p>\n<p class=\"paragraph text-align-type-left pap-line-1.8 pap-line-rule-auto pap-spacing-before-0pt pap-spacing-after-0pt\">含有 \"world\"的音乐类型术语通常会受到消费者非常模糊的定义，因为这些类别的相似性和重叠解释令人困惑。世界音乐类别本身就具有多样性，为混合形式的应用提供了无限的可能性，尤其是在主流的、市场驱动的音乐中。Worldbeat作为流行音乐的一个小亚流派，其作为世界音乐的混合亚流派的消费者认知度越来越高，这让世界音乐的纯粹主义者很是不满。在其作为世界音乐伞下的一个自由称谓的子流派的背景下，worldbeat与世界融合和全球融合非常相似。这些混合型的 \"世界 \"术语之间的区别是轻微的，而且在许多方面它们仍在被定义。</p>\n<p class=\"paragraph text-align-type-left pap-line-1.8 pap-line-rule-auto pap-spacing-before-0pt pap-spacing-after-0pt\">&nbsp;</p>\n<p class=\"paragraph text-align-type-left pap-line-1.8 pap-line-rule-auto pap-spacing-before-0pt pap-spacing-after-0pt\">历史</p>\n<p class=\"paragraph text-align-type-left pap-line-1.8 pap-line-rule-auto pap-spacing-before-0pt pap-spacing-after-0pt\">20世纪80年代中期，折衷主义音乐家Dan Del Santo为奥斯汀的KUT广播电台主持了一个 \"Worldbeat\"节目，使这个词流行起来：当时主流艺术家正在将世界音乐的影响融入他们的声音中，并将 \"world \"一词流行起来，特别是David Byrne、Peter Gabriel（他在1982年发起了著名的并仍在运行的WOMAD音乐节（World Of Music Art and Dance））和Paul Simon。 最初，最突出的影响来自非洲、亚洲、南美（尤其是巴西）、中东和拉丁美洲，尽管现在涵盖了越来越广泛的民族多样性。它一直是流行音乐和世界音乐中一个蓬勃发展的子流派，同时继续影响着新的艺术家，特别是那些出现在当今不断增长的独立唱片公司名单上的艺术家（本文第二节中引用的艺术家例子）。Worldbeat最成功地融入了一些民间元素，包括bossa nova, reggae, Afrobeat, mbaqanga, qawwali, highlife, rai, raga, samba, flamenco 和tango。&nbsp;</p>\n</div>\n</div>",
 "remarks": "本词条内容暂未完善仅供参考，多频百科小编正在火速赶来",
 "remarksEn": "本词条内容暂未完善仅供参考，多频百科小编正在火速赶来",
 "status": 0,
 "clickNum": 0,
 "deleted": 0,
 "lang": 0,
 "chooseLang": false,
 "id": 366,
 "name": "Worldbeat",
 "descriptions": "Worldbeat是一种融合了流行音乐或摇滚音乐与世界音乐或传统音乐的音乐类型。Worldbeat类似于其他当代和根源流派的交叉影响标签，它暗示了现代和民族元素之间的节奏、和声或纹理对比。",
 "originalName": "",
 "startTimeText": "Mid-1980s",
 "startAddress": "worldwide",
 "searchStyle": "Electronica",
 "styleCategory": "Electronica",
 "originalStyle": "World musicrockpoptraditional music",
 "affectStyle": "",
 "deriveStyle": "",
 "representArtist": "",
 "officialUrl": "https://en.wikipedia.org/wiki/Worldbeat",
 "typeId": 13,
 "typeName": "风格",
 "dataId": 366,
 "url": "http://dropinapp.hearinmusic.com/#/ency?typeId=13&dataId=366"
}