{
 "pageNum": 1,
 "pageSize": 10,
 "params": {},
 "relationChannel": "[{\"id\":1425,\"parentId\":8,\"name\":\"Zenonesque\"}]",
 "content": "<p>Zenonesque是psytrance的一种风格，它是任何具有厂牌Zenon Records发行作品的声音特征的psytrance。它听起来通常是深邃，Dark Ambient质感的声音，节拍较慢。它可以包含techno元素。相关艺术家包括Electrypnose、Kromagon、Ivort、Grouch、Tetrameth和Shadow FX。</p>",
 "contentEn": "<p>Zenonesque is a style of psytrance which is any psytrance that has characteristics of Zenon Records signature sound. It is often deep, dark ambient sounding with a lower tempo. It can include elements of techno. Relevant artists include Electrypnose, Kromagon, Ivort, Grouch, Tetrameth, and Shadow FX.</p>",
 "remarks": "本词条汉字内容由 @多频百科团队 翻译+编辑\n原文译自 https://en.wikipedia.org/wiki/Psychedelic_trance",
 "remarksEn": "本词条内容来自 https://en.wikipedia.org/wiki/Psychedelic_trance",
 "status": 1,
 "clickNum": 16,
 "deleted": 0,
 "lang": 0,
 "chooseLang": true,
 "id": 181,
 "name": "Zenonesque",
 "descriptions": "Zenonesque是psytrance的一种风格，它是任何具有厂牌Zenon Records发行作品的声音特征的psytrance。它听起来通常是深邃，Dark Ambient质感的声音，节拍较慢。它可以包含techno元素。相关艺术家包括Electrypnose、Kromagon、Ivort、Grouch、Tetrameth和Shadow FX。\n\n",
 "originalName": "",
 "startTimeText": "",
 "startAddress": "",
 "searchStyle": "Trance",
 "styleCategory": "Psychedelic Trance",
 "originalStyle": "",
 "affectStyle": "",
 "deriveStyle": "",
 "representArtist": "",
 "represetnBrand": "Zenon Records",
 "officialUrl": "https://en.wikipedia.org/wiki/Psychedelic_trance",
 "typeId": 13,
 "typeName": "风格",
 "dataId": 181,
 "url": "http://dropinapp.hearinmusic.com/#/ency?typeId=13&dataId=181"
}