{
 "pageNum": 1,
 "pageSize": 10,
 "params": {},
 "keywords": "",
 "content": "<div>\n<div class=\"document\">\n<p class=\"paragraph text-align-type-left pap-line-1.8 pap-line-rule-auto pap-spacing-before-2pt pap-spacing-after-2pt\">从2020年纽约之夜开始，香港C&Eacute; LA VI已经关闭。</p>\n<p class=\"paragraph text-align-type-left pap-line-1.8 pap-line-rule-auto pap-spacing-before-2pt pap-spacing-after-2pt\">&nbsp;</p>\n<p class=\"paragraph text-align-type-left pap-line-1.8 pap-line-rule-auto pap-spacing-before-2pt pap-spacing-after-2pt\">香港C&Eacute; LA VI是一个很大的地方，横跨三层楼，位于香港中部流行的夜生活区兰桂坊。在这里，你可以找到一个现代日本风格的室内餐厅，以及俱乐部休息室和屋顶酒吧，名为Sky Deck。</p>\n<p class=\"paragraph text-align-type-left pap-line-1.8 pap-line-rule-auto pap-spacing-before-2pt pap-spacing-after-2pt\">&nbsp;</p>\n<p class=\"paragraph text-align-type-left pap-line-1.8 pap-line-rule-auto pap-spacing-before-2pt pap-spacing-after-2pt\">2018年夏天，为了庆祝C&Eacute; LA VI三周年，Sky Deck露台进行了整修，现在比以前更加时尚了，有拉丝铜的细节和许多舒适的休闲沙发。</p>\n<p class=\"paragraph text-align-type-left pap-line-1.8 pap-line-rule-auto pap-spacing-before-2pt pap-spacing-after-2pt\">&nbsp;</p>\n<p class=\"paragraph text-align-type-left pap-line-1.8 pap-line-rule-auto pap-spacing-before-2pt pap-spacing-after-2pt\">然而，这里的景色却完全一样，可以看到香港的天际线、周围的山脉和维多利亚港的270度全景。除了宏伟的景色之外，C&Eacute; LA VI屋顶酒吧还非常注重气氛。</p>\n<p class=\"paragraph text-align-type-left pap-line-1.8 pap-line-rule-auto pap-spacing-before-2pt pap-spacing-after-2pt\">&nbsp;</p>\n<p class=\"paragraph text-align-type-left pap-line-1.8 pap-line-rule-auto pap-spacing-before-2pt pap-spacing-after-2pt\">虽然Sky Deck每天都开放，但周三至周六也意味着俱乐部酒廊的开放，然后这就是城市中最热门的夜生活目的地之一。从周三的 \"女士之夜 \"开始，现场DJ和时髦的人群使整个周末的气氛都很热烈。</p>\n<p class=\"paragraph text-align-type-left pap-line-1.8 pap-line-rule-auto pap-spacing-before-2pt pap-spacing-after-2pt\">&nbsp;</p>\n<p class=\"paragraph text-align-type-left pap-line-1.8 pap-line-rule-auto pap-spacing-before-2pt pap-spacing-after-2pt\">屋顶酒吧提供梦幻般的招牌鸡尾酒，以及美味的亚洲风味的酒吧小吃。因此，你可以在餐厅里美美地享用一番，然后在露台上喝上一杯，或者你也可以只吃点东西，让你的胃很舒服。</p>\n<p class=\"paragraph text-align-type-left pap-line-1.8 pap-line-rule-auto pap-spacing-before-2pt pap-spacing-after-2pt\">&nbsp;</p>\n<p class=\"paragraph text-align-type-left pap-line-1.8 pap-line-rule-auto pap-spacing-before-2pt pap-spacing-after-2pt\">记住在参观时要穿得漂亮点（不要穿短裤，先生们），因为C&Eacute; LA VI的着装要求相当严格。在工作日的下午3点至9点之间来这里享受欢乐时光，欣赏香港的日落和精致的鸡尾酒。如果是在晚间来访，一定要带着你最好的派对心情。</p>\n</div>\n</div>",
 "contentEn": "<div>\n<div class=\"document\">\n<p class=\"paragraph text-align-type-left pap-line-1.8 pap-line-rule-auto pap-spacing-before-2pt pap-spacing-after-2pt\">As of NYE 2020, C&Eacute; LA VI Hong Kong is closed.</p>\n<p class=\"paragraph text-align-type-left pap-line-1.8 pap-line-rule-auto pap-spacing-before-2pt pap-spacing-after-2pt\">&nbsp;</p>\n<p class=\"paragraph text-align-type-left pap-line-1.8 pap-line-rule-auto pap-spacing-before-2pt pap-spacing-after-2pt\">C&Eacute; LA VI Hong Kong is a large place, spanning over three floors above the popular&nbsp;nigthlife area Lan Kwai Fong&nbsp;in Hong Kong Central. Up here you find both a modern Japanese-inspired indoor restaurant, along with Club Lounge and rooftop bar, named Sky Deck.</p>\n<p class=\"paragraph text-align-type-left pap-line-1.8 pap-line-rule-auto pap-spacing-before-2pt pap-spacing-after-2pt\">&nbsp;</p>\n<p class=\"paragraph text-align-type-left pap-line-1.8 pap-line-rule-auto pap-spacing-before-2pt pap-spacing-after-2pt\">The Sky Deck terrace had a refurbishment during summer 2018 for the C&Eacute; LA VI 3rd anniversary, and is now even more stylish then before.&nbsp;Modern and sleek, with details in brushed copper and lots of comfy lounge sofas.</p>\n<p class=\"paragraph text-align-type-left pap-line-1.8 pap-line-rule-auto pap-spacing-before-2pt pap-spacing-after-2pt\">&nbsp;</p>\n<p class=\"paragraph text-align-type-left pap-line-1.8 pap-line-rule-auto pap-spacing-before-2pt pap-spacing-after-2pt\">The view is however exactly the same, with&nbsp;sweeping 270-degree views&nbsp;of the Hong Kong skyline, the surrounding mountains and Victoria Harbor. Apart from the grand views, the C&Eacute; LA VI rooftop bar is alot about atmosphere.</p>\n<p class=\"paragraph text-align-type-left pap-line-1.8 pap-line-rule-auto pap-spacing-before-2pt pap-spacing-after-2pt\">&nbsp;</p>\n<p class=\"paragraph text-align-type-left pap-line-1.8 pap-line-rule-auto pap-spacing-before-2pt pap-spacing-after-2pt\">While the Sky Deck is open daily, Wed-Sat also means opening of the Club Lounge and then this is one of the&nbsp;hottest nightlife destinations&nbsp;in the city. Starting of with 'Ladies Nights'on Wednesday, live DJs and a trendy crowd keep the vibe high throughout the weekend.</p>\n<p class=\"paragraph text-align-type-left pap-line-1.8 pap-line-rule-auto pap-spacing-before-2pt pap-spacing-after-2pt\">&nbsp;</p>\n<p class=\"paragraph text-align-type-left pap-line-1.8 pap-line-rule-auto pap-spacing-before-2pt pap-spacing-after-2pt\">The rooftop bar serves fantastic&nbsp;crafted signature cocktails, along with delicious Asian-inspired bar bites. So you can either do a combo of full meal at the great reastaurant and top of with drinks on the terrace, or you can actually keep the stomach quite happy just with the bites.</p>\n<p class=\"paragraph text-align-type-left pap-line-1.8 pap-line-rule-auto pap-spacing-before-2pt pap-spacing-after-2pt\">&nbsp;</p>\n<p class=\"paragraph text-align-type-left pap-line-1.8 pap-line-rule-auto pap-spacing-before-2pt pap-spacing-after-2pt\">Remember to&nbsp;dress to impress&nbsp;when visiting (no shorts gentlemen), since the C&Eacute; LA VI dress code is quite strict. Come here between 3-9pm on weekdays for happy hour, sunset over Hong Kong and sophisticated cocktails. For visits later at night, make sure to bring your very best party mood.</p>\n</div>\n</div>",
 "remarks": "本词条汉字内容由 @多频百科团队 翻译+编辑\n原文译自 https://www.therooftopguide.com/rooftop-bars-in-hong-kong/ce-la-vi.html",
 "remarksEn": "本词条内容来自 https://www.therooftopguide.com/rooftop-bars-in-hong-kong/ce-la-vi.html",
 "status": 1,
 "clickNum": 46,
 "deleted": 0,
 "lang": 0,
 "chooseLang": true,
 "id": 1,
 "name": " CÉ LA VI",
 "descriptions": "CÉ LA VI源自东南亚，深受当地创意文化启发，奠基于当地人文、艺术与匠心，重新诠释法文c'est la vi「这就是人生」的生活哲学。",
 "picture": "https://duopin-community.oss-cn-shenzhen.aliyuncs.com/i2x3oe5oggba171cvpyq.jpg",
 "nickname": "",
 "typeText": "Nightclub, 酒吧",
 "manageStatusText": "停业",
 "nation": "中国",
 "province": "",
 "city": "香港",
 "address": "中环兰桂坊德己立街32号加州大厦25楼",
 "openingTimeText": "2015",
 "manageScale": "",
 "majorStyle": "",
 "officialUrl": "https://www.celavi.com/zh/hong-kong/club/",
 "referenceUrl": "https://www.therooftopguide.com/rooftop-bars-in-hong-kong/ce-la-vi.html",
 "relatedLinks": "",
 "typeId": 15,
 "typeName": "场所",
 "dataId": 1,
 "url": "http://dropinapp.hearinmusic.com/#/ency?typeId=15&dataId=1"
}