{
 "pageNum": 1,
 "pageSize": 10,
 "params": {},
 "content": "<p>1500m2是位于华沙大使馆的一个场所。在旧的制图印刷厂的后工业空间里，各方面的艺术活动将从摄影开始，通过表演、音乐、多媒体、装置或研讨会。我们将1500米提供给那些想放弃的人：挑衅者、歌曲作者、表演者、插卡音响和其他需要表达自己的人。我们希望支持和促进独立项目，呈现创新的艺术表达形式。1500m2 也是社会活动家、政治家、人类学家和所有呈现有趣的讨论和自由交换意见的城市空间。</p>",
 "contentEn": "<p>1500m2 to rent is a new place at the Warsaw embassy. in the post-industrial spaces of the old cartographic printer, the activities of art of all dimensions will be initiated from photography through performances, music, multimedia, installation or workshops. We make 1500m available to people who want to quit: provocateurs, songwriters, performers, video cards and others who need to express themselves. We want to support and promote independent projects, present innovative forms of artistic expression. 1500m2 is also a space for social activists, politicians, anthropologists and all those who present an interesting discussion and free exchange of views over the city pillow.</p>\n<p>&nbsp;</p>",
 "remarks": "本词条汉字内容由 @多频百科团队 翻译+编辑\n原文译自 http://1500m2.com/; https://www.facebook.com/1500qm/",
 "remarksEn": "本词条内容来自 http://1500m2.com/; https://www.facebook.com/1500qm/",
 "status": 1,
 "clickNum": 31,
 "deleted": 0,
 "lang": 0,
 "chooseLang": true,
 "id": 5,
 "name": "1500m2",
 "descriptions": "1500m2是华沙大使馆的一个新地方。在旧的制图印刷厂的后工业空间里，各方面的艺术活动将从摄影开始，通过表演、音乐、多媒体、装置或研讨会。我们将1500米提供给那些想放弃的人：挑衅者、歌曲作者、表演者、插卡音响和其他需要表达自己的人。我们希望支持和促进独立项目，呈现创新的艺术表达形式。1500m2 也是社会活动家、政治家、人类学家和所有呈现有趣的讨论和自由交换意见的城市空间。",
 "picture": "https://duopin-community.oss-cn-shenzhen.aliyuncs.com/image/2021/8/u8xfgst26bork1j1rxuv.jpg",
 "nickname": "",
 "typeText": "Nightclub",
 "manageStatusText": "永久停业",
 "nation": "Poland",
 "province": "",
 "city": "Varsovia",
 "address": "Emilii Plater 29, 00-688 Warszawa",
 "openingTimeText": "",
 "manageScale": "1800 people",
 "majorStyle": "",
 "officialUrl": "http://1500m2.com/",
 "referenceUrl": "http://1500m2.com/; https://www.facebook.com/1500qm/",
 "typeId": 15,
 "typeName": "场所",
 "dataId": 5,
 "url": "http://dropinapp.hearinmusic.com/#/ency?typeId=15&dataId=5"
}