{
 "pageNum": 1,
 "pageSize": 10,
 "params": {},
 "content": "<p>厦门1801 BAR -- 著名设计师苏忠义、张云翔将他们设计的\"苏格兰酒吧\"系列特色融入了厦门1801 BAR，以\"Your Other Office\"为目标，时尚与复古结合的后现代工业风格，独具特色的音乐融合了 R&amp;B、Hip-hop、House等多种风格。在1801 BAR，DJ与歌手将以自然的状态与大家分享多元化的音乐，在这你总能找到适合的。</p>",
 "remarks": "本词条内容暂未完善仅供参考，多频百科小编正在火速赶来",
 "remarksEn": "本词条内容暂未完善仅供参考，多频百科小编正在火速赶来",
 "status": 0,
 "clickNum": 12,
 "deleted": 0,
 "lang": 0,
 "chooseLang": false,
 "id": 7,
 "name": "1801 BAR",
 "picture": "https://duopin-community.oss-cn-shenzhen.aliyuncs.com/image/2021/8/u04in0vm7qtvtmqeb0l0.jpg",
 "nickname": "",
 "typeText": "酒吧",
 "manageStatusText": "",
 "nation": "中国",
 "province": "",
 "city": "厦门",
 "address": "福建省厦门市思明区湖滨南路473附近",
 "openingTimeText": "",
 "manageScale": "",
 "majorStyle": "R&B、Hip-hop、House",
 "officialUrl": "",
 "referenceUrl": "http://xieyuelang.51sole.com/CompanyAbout.htm",
 "typeId": 15,
 "typeName": "场所",
 "dataId": 7,
 "url": "http://dropinapp.hearinmusic.com/#/ency?typeId=15&dataId=7"
}