{
 "pageNum": 1,
 "pageSize": 10,
 "params": {},
 "content": "<p>&ldquo;180&deg;空中酒吧&rdquo;座落在澳门著名的世界第10高，高度达338米的旅游塔内。这座旅游塔矗立在南湾的新填海区，乘搭塔内子弹头高速升降机只要十几秒钟，即可登上第58楼的观光主层，站在这里，就可以完全浏览澳门、氹仔岛、珠江口以及珠海市的景致，同时这里还设计了一段弧形的特制玻璃地板，立于上，直接俯视脚下市景，仿若凌空漫步，刺激过瘾；而置于其上的&ldquo;180&deg;空中酒吧&rdquo;也是众多游客首选的休息聚谈之处。180&deg;空中酒吧&middot;扒房以醉人海景及丰饶扒烧为顾客送上城中至高美食享受。细嫩扒烧名物包括特选牛扒、羊扒、鸡肉及海鲜，配合本餐厅之葡国名酿，正是醇酒美馔，相得益彰。</p>",
 "remarks": "本词条内容来自 http://www.huaxia.com/ly/ylgw/dl/2010/05/1901837.html",
 "remarksEn": "本词条内容暂未完善仅供参考，多频百科小编正在火速赶来",
 "status": 1,
 "clickNum": 15,
 "deleted": 0,
 "lang": 0,
 "chooseLang": false,
 "id": 6,
 "name": "180°空中酒吧",
 "descriptions": "“180°空中酒吧”座落在澳门著名的世界第10高，高度达338米的旅游塔内。这座旅游塔矗立在南湾的新填海区，乘搭塔内子弹头高速升降机只要十几秒钟，即可登上第58楼的观光主层，站在这里，就可以完全浏览澳门、氹仔岛、珠江口以及珠海市的景致，同时这里还设计了一段弧形的特制玻璃地板，立于上，直接俯视脚下市景，仿若凌空漫步，刺激过瘾；而置于其上的“180°空中酒吧”也是众多游客首选的休息聚谈之处。180°空中酒吧·扒房以醉人海景及丰饶扒烧为顾客送上城中至高美食享受。细嫩扒烧名物包括特选牛扒、羊扒、鸡肉及海鲜，配合本餐厅之葡国名酿，正是醇酒美馔，相得益彰。",
 "nickname": "",
 "typeText": "Nightclub, 酒吧",
 "manageStatusText": "",
 "nation": "中国",
 "province": "",
 "city": "澳门",
 "address": "澳门下环澳门旅游塔会展娱乐中心59楼",
 "openingTimeText": "",
 "manageScale": "",
 "majorStyle": "",
 "officialUrl": "",
 "referenceUrl": "http://www.huaxia.com/ly/ylgw/dl/2010/05/1901837.html",
 "typeId": 15,
 "typeName": "场所",
 "dataId": 6,
 "url": "http://dropinapp.hearinmusic.com/#/ency?typeId=15&dataId=6"
}