{
 "pageNum": 1,
 "pageSize": 10,
 "params": {},
 "content": "<p>Academy拥有电子舞曲(EDM)领域中一些最大和最重要的名声。在Academy，你将能够体验到Insomniac公司的工作，该公司以创建拉斯维加斯最大的EDM音乐节而闻名：Electric Daisy Carnival / EDC。如果你想享受一个夜晚，在那里你可以只在响亮的低音泵音乐中跳舞，而不必担心精致的问题，那么Academy听起来是适合你的地方。该场地有一个巨大的室内舞池，以及一个宽敞的户外庭院区，供需要减压或放松的人使用。Academy也在凌晨2点以后开放，尽管该场所在那个时候就停止了酒精供应，并且对从贵宾席上拿走任何未喝完的酒都很严格。虽然它不像这个名单上的其他一些地方那样优雅，但它的乐趣丝毫不减，是我们最喜欢去的派对之夜的地点之一。</p>\n<p>&nbsp;</p>",
 "contentEn": "<p>Academy boasts some of the largest and biggest names in the Electronic Dance Music (EDM) scene. At the Academy, you&rsquo;ll be able to experience the work of Insomniac, the same company that is known for creating the biggest Las Vegas EDM festival: Electric Daisy Carnival / EDC. If you want to enjoy a night where you can just dance with loud bass-pumping music without having to worry about refinement the Academy sounds like the right place for you. The venue has a huge indoor dance floor, as well as a spacious outdoor patio area for people who need a minute to decompress or chill. Academy is also open past 2 AM, though the venue stops serving alcohol at that time and is strict about taking away any unfinished bottles from VIP tables. Although it&rsquo;s not as classy as some of the other places on this list, it is no less fun, and is one of our favorite spots to go to for a night of partying.</p>",
 "remarks": "本词条汉字内容由 @多频百科团队 翻译+编辑\n原文译自 https://www.discotech.me/los-angeles/academy/",
 "remarksEn": "本词条内容来自 https://www.discotech.me/los-angeles/academy/",
 "status": 1,
 "clickNum": 12,
 "deleted": 0,
 "lang": 0,
 "chooseLang": true,
 "id": 11,
 "name": "Academy",
 "descriptions": "Academy拥有电子舞曲(EDM)领域中一些最大和最重要的名声。在Academy，你将能够体验到Insomniac公司的工作，该公司以创建拉斯维加斯最大的EDM音乐节而闻名：Electric Daisy Carnival / EDC。如果你想享受一个夜晚，在那里你可以只在响亮的低音泵音乐中跳舞，而不必担心精致的问题，那么Academy听起来是适合你的地方。该场地有一个巨大的室内舞池，以及一个宽敞的户外庭院区，供需要减压或放松的人使用。Academy也在凌晨2点以后开放，尽管该场所在那个时候就停止了酒精供应，并且对从贵宾席上拿走任何未喝完的酒都很严格。虽然它不像这个名单上的其他一些地方那样优雅，但它的乐趣丝毫不减，是我们最喜欢去的派对之夜的地点之一。",
 "nickname": "",
 "typeText": "Nightclub",
 "manageStatusText": "运营中",
 "nation": "美国",
 "province": "",
 "city": "Los Angeles",
 "address": "6021 Hollywood Blvd, Los Angeles, CA 90028, USA",
 "openingTimeText": "1938",
 "manageScale": "可容纳1400人",
 "majorStyle": "EDM",
 "officialUrl": "https://www.academy.la/",
 "referenceUrl": "https://www.discotech.me/los-angeles/academy/",
 "typeId": 15,
 "typeName": "场所",
 "dataId": 11,
 "url": "http://dropinapp.hearinmusic.com/#/ency?typeId=15&dataId=11"
}