{
 "pageNum": 1,
 "pageSize": 10,
 "params": {},
 "content": "<p>ageHa（也被称为 \"AGH\"）是日本东京的一个周末俱乐部活动。它于周五和周六在新木场区的Usen Studio Coast活动空间举行，那里也举办现场音乐会和其他活动。Ageha这个词在日语中是 \"燕尾蝶 \"的意思。该活动的名称也以大写的3个字母版本 \"AGH \"呈现，例如在官方工作人员的衬衫上。如果这三个字母在德语中分开发音，它们会被读成 \"ah-geh-ha\"，与俱乐部名称的日语发音相似。</p>\n<p>&nbsp;</p>\n<p><strong>描述</strong> <br />Studio Coast活动空间有一个大的主舞池，一个休闲空间，一个带游泳池的开放露台，以及一个户外舞蹈帐篷。它位于东京东部填海工业区的水边，可容纳一千多人。</p>\n<p>&nbsp;</p>\n<p><strong>娱乐活动</strong> <br /> 在那里演出过的日本DJ包括Capsule的Yasutaka Nakata、Ken Ishii、Tsuyoshi Suzuki (a.k.a. Numanoid)、Disco Twins、Ko Kimura、Daishi Dance和Yoji Biomehanika。曾在Ageha演出的Lounge DJs 包括日本活动组织者和DJ Shibachoff，以及爱尔兰和日本双人组合Tokyo Sluts。大约每两个月，Ageha会举办一次同性恋舞蹈活动，现在称为Shangri-La。</p>",
 "contentEn": "<div>\n<div class=\"document\">\n<p class=\"paragraph text-align-type-left pap-line-1.8 pap-line-rule-auto pap-spacing-before-2pt pap-spacing-after-2pt\">ageHa (also as 'AGH') is a weekend club event in Tokyo, Japan. It is held on Friday and Saturday at the Usen Studio Coast event space in the Shin-Kiba district, which also hosts live concerts and other events. The word Ageha is Japanese for 'Swallowtail butterfly'. The event's name has also been presented in the 3-letter-version 'AGH' in capital letters, for instance on the official staff shirts. If the three letters are pronounced separately in German, they are pronounced as \"ah-geh-ha\", similar to the Japanese pronunciation of the club's name.</p>\n<p class=\"paragraph text-align-type-left pap-line-1.8 pap-line-rule-auto pap-spacing-before-2pt pap-spacing-after-2pt\">&nbsp;</p>\n<p class=\"paragraph text-align-type-left pap-line-1.8 pap-line-rule-auto pap-spacing-before-2pt pap-spacing-after-2pt\"><strong>Description</strong></p>\n<p class=\"paragraph text-align-type-left pap-line-1.8 pap-line-rule-auto pap-spacing-before-2pt pap-spacing-after-2pt\">The Studio Coast event space has a large main dance floor, a chill out space, an open terrace with a pool, and an outdoor dance tent. It is located on the waterfront in eastern Tokyo's reclaimed industrial district and has a capacity of over a thousand people.</p>\n<p class=\"paragraph text-align-type-left pap-line-1.8 pap-line-rule-auto pap-spacing-before-2pt pap-spacing-after-2pt\">&nbsp;</p>\n<p class=\"paragraph text-align-type-left pap-line-1.8 pap-line-rule-auto pap-spacing-before-2pt pap-spacing-after-2pt\"><strong>Entertainment</strong></p>\n<p class=\"paragraph text-align-type-left pap-line-1.8 pap-line-rule-auto pap-spacing-before-2pt pap-spacing-after-2pt\">The event has hosted DJs such as David Guetta, Porter Robinson, Ferry Corsten, Hernan Cattaneo, Armin van Buuren, Deadmau5, Danny Tenaglia, Deep Dish, Markus Schulz, Ti&euml;sto, Paul van Dyk, John Digweed, Fatboy Slim, Dave Seaman, Aaron Benjamin, Xpress 2, Don Patrick, Santos, Space Cowboy, and many more. Japanese DJs who have played there include Yasutaka Nakata of Capsule, Ken Ishii, Tsuyoshi Suzuki (a.k.a. Numanoid), Disco Twins, Ko Kimura, Daishi Dance, and Yoji Biomehanika. Lounge DJs who have played at Ageha include Japanese event organizer and DJ Shibachoff, and the Irish &amp; Japanese duo Tokyo Sluts. About once every two months, Ageha hosts a gay dance event now called Shangri-La.</p>\n</div>\n</div>",
 "remarks": "本词条汉字内容由 @多频百科团队 翻译+编辑\n原文译自 https://en.wikipedia.org/wiki/AgeHa",
 "remarksEn": "本词条内容来自 https://en.wikipedia.org/wiki/AgeHa",
 "status": 1,
 "clickNum": 18,
 "deleted": 0,
 "lang": 0,
 "chooseLang": true,
 "id": 12,
 "name": "Ageha",
 "descriptions": "ageHa（也被称为 \"AGH\"）是日本东京的一个周末俱乐部活动。它于周五和周六在新木场区的Usen Studio Coast活动空间举行，那里也举办现场音乐会和其他活动。Ageha这个词在日语中是 \"燕尾蝶 \"的意思。该活动的名称也以大写的3个字母版本 \"AGH \"呈现，例如在官方工作人员的衬衫上。如果这三个字母在德语中分开发音，它们会被读成 \"ah-geh-ha\"，与俱乐部名称的日语发音相似。",
 "picture": "https://duopin-community.oss-cn-shenzhen.aliyuncs.com/image/2021/8/xqud5mtu9hlayo38tdau.png",
 "nickname": "AGH",
 "typeText": "Nightclub, 酒吧",
 "manageStatusText": "运营中",
 "nation": "Japan",
 "province": "",
 "city": "Tokyo",
 "address": "2 Chome-2-10 Shinkiba, Koto City\r\n\r\nContinue Reading: https://www.discotech.me/tokyo/ageha/",
 "openingTimeText": "2002",
 "manageScale": "可容纳2400人",
 "majorStyle": "EDM, Bass Music, House",
 "officialUrl": "http://www.ageha.com/",
 "referenceUrl": "https://en.wikipedia.org/wiki/AgeHa",
 "typeId": 15,
 "typeName": "场所",
 "dataId": 12,
 "url": "http://dropinapp.hearinmusic.com/#/ency?typeId=15&dataId=12"
}