{
 "pageNum": 1,
 "pageSize": 10,
 "params": {},
 "content": "<p>前身为大名鼎鼎的 Elektro，在台北的夜生活占有举足轻重的位置。位于 ATT 4 Fun 七楼，2018 年换新装为双层空间，以 AI 的姿态璀璨登场。作为超越国际娱乐标准的顶级夜店，在 AI 能与许多百大 DJ 狂欢：W&amp;W 王炸、Mike Williams、Danny Avila 等，更是许多世界知名电音活动经常选定的 Pre / After Party 的场地。因此进入 AI，享受主流 EDM 音乐之余，令人放松自在的挑高空间结合 LED 天幕及雷射灯光设计，呈现无庸置疑的顶级感官体验。AI 消费类型属于单点店，但在周三及周四提供了畅饮包厢服务，汇集更多样的族群：年轻人、上班族以及来自各个国家的朋友。</p>",
 "remarks": "本词条内容来自 https://www.festground.com/zh-CN/events/ai-nightclub/248",
 "remarksEn": "本词条内容暂未完善仅供参考，多频百科小编正在火速赶来",
 "status": 1,
 "clickNum": 19,
 "deleted": 0,
 "lang": 0,
 "chooseLang": false,
 "id": 13,
 "name": "Ai Nightclub",
 "descriptions": "前身为大名鼎鼎的 Elektro，在台北的夜生活占有举足轻重的位置。位于 ATT 4 Fun 七楼，2018 年换新装为双层空间，以 AI 的姿态璀璨登场。作为超越国际娱乐标准的顶级夜店，在 AI 能与许多百大 DJ 狂欢：W&W 王炸、Mike Williams、Danny Avila 等，更是许多世界知名电音活动经常选定的 Pre / After Party 的场地。因此进入 AI，享受主流 EDM 音乐之余，令人放松自在的挑高空间结合 LED 天幕及雷射灯光设计，呈现无庸置疑的顶级感官体验。AI 消费类型属于单点店，但在周三及周四提供了畅饮包厢服务，汇集更多样的族群：年轻人、上班族以及来自各个国家的朋友。",
 "nickname": "",
 "typeText": "Nightclub",
 "manageStatusText": "",
 "nation": "中国",
 "province": "",
 "city": "台北",
 "address": "110台湾台北市信义区松寿路12号7",
 "openingTimeText": "",
 "manageScale": "",
 "majorStyle": "",
 "officialUrl": "",
 "referenceUrl": "https://www.festground.com/zh-CN/events/ai-nightclub/248",
 "typeId": 15,
 "typeName": "场所",
 "dataId": 13,
 "url": "http://dropinapp.hearinmusic.com/#/ency?typeId=15&dataId=13"
}