{
 "pageNum": 1,
 "pageSize": 10,
 "params": {},
 "content": "<div class=\"document\">\n<p class=\"paragraph text-align-type-left pap-line-1.8 pap-line-rule-auto pap-spacing-before-2pt pap-spacing-after-2pt\">ALTROMONDO的意思是&ldquo;另一个世界&rdquo;，这个名字不是随机选择的。进入这个地方就像开展一次未来之旅：您将乘坐真正的 EDM 航天飞机，让您在&ldquo;光速&rdquo;中跳舞。在这里，您会发现舞者在高架隧道、2 个不同音乐流派的私人房间和一个巨大的主房间中疯狂舞动。在某些活动中，您可以参加泡沫派对或观看令人惊叹的激光表演。</p>\n</div>",
 "contentEn": "<p>Altromondo means &ldquo;other world&rdquo; and this name hasn&rsquo;t been chosen at random. Entering this place is like taking a futuristic trip: you&rsquo;ll get aboard on a real EDM space shuttle that will make you dance at the &ldquo;speed of light&rdquo;. Here you&rsquo;ll find dancers going wild in the elevated tunnels, 2 private rooms with different music genres and a massive main room. During some events, you can literally dive in the foam party or see the amazing laser light show.</p>",
 "remarks": "本词条汉字内容由 @多频百科团队 翻译+编辑\n原文译自 https://riminilive.com/en/nightclubs-in-rimini-and-riccione/",
 "remarksEn": "本词条内容来自 https://riminilive.com/en/nightclubs-in-rimini-and-riccione/",
 "status": 1,
 "clickNum": 16,
 "deleted": 0,
 "lang": 0,
 "chooseLang": true,
 "id": 17,
 "name": "Altromondo Studio",
 "descriptions": "ALTROMONDO的意思是“另一个世界”，这个名字不是随机选择的。进入这个地方就像开展一次未来之旅：您将乘坐真正的 EDM 航天飞机，让您在“光速”中跳舞。在这里，您会发现舞者在高架隧道、2 个不同音乐流派的私人房间和一个巨大的主房间中疯狂舞动。在某些活动中，您可以参加泡沫派对或观看令人惊叹的激光表演。",
 "picture": "https://duopin-community.oss-cn-shenzhen.aliyuncs.com/image/2021/8/ayewu169w6kdftuzgaks.png",
 "nickname": "",
 "typeText": "Nightclub",
 "manageStatusText": "运营中",
 "nation": "Italy",
 "province": "",
 "city": "Rimini",
 "address": " Via Flaminia 358, 47924, Rimini Italy.",
 "openingTimeText": "1967",
 "manageScale": "可容纳4000人",
 "majorStyle": "reggaeton and R&B, house/commercial ",
 "officialUrl": "https://riminilive.com/en/nightclubs-in-rimini-and-riccione/",
 "referenceUrl": "https://riminilive.com/en/nightclubs-in-rimini-and-riccione/",
 "typeId": 15,
 "typeName": "场所",
 "dataId": 17,
 "url": "http://dropinapp.hearinmusic.com/#/ency?typeId=15&dataId=17"
}