{
 "pageNum": 1,
 "pageSize": 10,
 "params": {},
 "content": "<p>Amnesia是伊维萨岛的几家国际知名俱乐部之一。它于 1976 年开业；该场地在 2007 年、2008 年、2009 年和 2011 年在迈阿密举行的IDMA 颁奖典礼上被授予最佳全球俱乐部奖。<sup id=\"cite_ref-1\" class=\"reference\"></sup>俱乐部位于圣安东尼德波特曼尼和伊维萨镇之间的高速公路上，靠近圣拉斐尔村。</p>\n<p>&nbsp;</p>\n<p><strong>历史</strong></p>\n<p>Amnesia的起源是在 1970 年 4 月，当时在这所房子里居住了五代的 Planells 一家决定搬进城里，把他们的<em>finca</em>（乡间别墅）卖给一位来自贵族背景的寡妇。伊维萨岛在 50 年代就已经成为旅游目的地，当时是反主流文化和理想主义者的聚集地，后来成为 Amnesia 的建筑变成了嬉皮乐队演奏和嬉皮文化其他方面发生的交汇点。</p>\n<p>&nbsp;</p>\n<p>在1976年5月，安东尼奥Escohotado，一个马德里出生的哲学家谁曾在岛上到达五年前，开始新的生活，签署了与房东的使用场地的租赁。他创办了一家名为&ldquo;El taller de los olvidadizos&rdquo;（&ldquo;健忘者工作室&rdquo;）的迪斯科舞厅。他想表达的是，当人们晚上外出时，就是忘记自己的烦恼，沉浸在一个远离日常生活的未知世界中。然而，第二天他意识到希腊词<em>Amnesia</em>包含了这一切。</p>\n<p>&nbsp;</p>\n<p>1978 年，来自马德里的制造商 Gin&eacute;s S&aacute;nchez 接管了 Amnesia。意外的闭幕与美妙的夏季交替出现，大量人群与其他迪斯科舞厅（如 Ku（现为 Privilege）、Pacha、Glory's 和 Lola's&nbsp;）积极竞争。</p>\n<p>&nbsp;</p>\n<p>1980 年代，Prontxio Izaguirre 接手 Amnesia 的运营，音乐改为舞曲，流行与放克的混合，以及嘻哈。自由式混合被允许，house即将接管。最初的巴利阿里节拍是由 DJ&nbsp;Alfredo Fiorito等传奇人物发明的。<sup id=\"cite_ref-5\" class=\"reference\">[5]</sup>1991 年 6 月 22 日晚上，Amnesia 在 MFC 的管理下重新开放。正是在这个时候，伊维萨的俱乐部开始获得国际声誉。在 90 年代中期，Ezna Sands 在许多英国发起人和唱片公司（包括传奇人物 Joseph Mullen）来到巴利阿里岛和特别是 Amnesia 的过程中发挥了重要作用。这预示着一种观念的转变，即该岛只是 18-30 名度假者的目的地，而是成为 Amnesia 和 Pacha 舞曲爱好者的圣地。</p>\n<p>&nbsp;</p>\n<p>俱乐部经历了扩张，在夏季庆祝活动期间，酒吧数量从 4 家增加到 16 家，员工从 30 人增加到 200 多名。员工现在包括服务员、舞者、保安和行政人员。如今，该场地可容纳 5,000 人，分为两个区域：主厅和露台。</p>\n<p>&nbsp;</p>\n<p>自 2005 年以来，Amnesia 一直由Cream夜总会经营，该夜总会由来自切斯特的 Joseph Mullen 于 1995 年在利物浦创建和创立。Joseph Mullen 以 480 万英镑的价格将该品牌卖给了 Cream UK，并因个人原因退出了音乐行业。</p>\n<p>&nbsp;</p>\n<p>俱乐部举办 Cocoon 派对，这是Sven V&auml;th 的派对。该俱乐部还举办了诸如 La Troya Asesina 之类的热门之夜。</p>",
 "contentEn": "<p><strong>Amnesia</strong>&nbsp;is one of several internationally renowned&nbsp;clubs&nbsp;in&nbsp;Ibiza. It opened in 1976; the venue was awarded Best Global Club in 2007, 2008, 2009 and 2011 at the&nbsp;IDMA Awards&nbsp;in Miami.<sup id=\"cite_ref-1\" class=\"reference\">[1]</sup><sup id=\"cite_ref-2\" class=\"reference\">[2]</sup><sup id=\"cite_ref-3\" class=\"reference\">[3]</sup>&nbsp;The club is located close to the village of&nbsp;San Rafael&nbsp;on the highway between&nbsp;Sant Antoni de Portmany&nbsp;and&nbsp;Ibiza Town.<sup id=\"cite_ref-Stewart_2003_4-0\" class=\"reference\">[4]</sup></p>\n<p>&nbsp;</p>\n<h2><span id=\"History\" class=\"mw-headline\">History</span></h2>\n<p>The origins of Amnesia are in April 1970, when the Planells family who had inhabited the house for five generations decided to move into town and sell their&nbsp;<em>finca</em>&nbsp;(country house) to a widow from an aristocratic background. Ibiza, which had become a destination for tourism already in the fifties, was at that time a hive for counterculture and idealists and the building that was to become Amnesia turned into a meeting point with&nbsp;hippie&nbsp;bands playing and other facets of hippie culture taking place.</p>\n<p>&nbsp;</p>\n<p>In May 1976,&nbsp;Antonio Escohotado, a&nbsp;Madrid&nbsp;born&nbsp;philosopher&nbsp;who had arrived on the island five years earlier to start a new life, signed a lease with the landlady for use of the premises. He launched a&nbsp;discotheque&nbsp;named \"El taller de los olvidadizos\" (\"The Workshop of the Forgetful Ones\"). He wanted to express that when people go out at night it is to forget their problems and indulge in an unknown world far away from ordinary routine. However, the next day he realized that the Greek word&nbsp;<em>Amnesia</em>&nbsp;contains it all.</p>\n<p>&nbsp;</p>\n<p>In 1978, Gin&eacute;s S&aacute;nchez, a manufacturer from Madrid took over Amnesia. Unexpected closings alternated with wonderful summers with capacity crowds in active competition with the other discoth&egrave;ques, such as Ku (now Privilege),&nbsp;Pacha, Glory's and Lola's.</p>\n<p>&nbsp;</p>\n<p>In the 1980s, Prontxio Izaguirre took over the running of Amnesia, and the music changed to&nbsp;dance music, a mix between pop and&nbsp;funk, and&nbsp;hip hop. Freestyle&nbsp;mixing&nbsp;was permitted and&nbsp;house&nbsp;was about to take over. The original&nbsp;Balearic Beat&nbsp;emerged invented by legends like DJ&nbsp;Alfredo Fiorito.<sup id=\"cite_ref-5\" class=\"reference\">[5]</sup>&nbsp;On the night of June 22, 1991 Amnesia reopened under MFC management.</p>\n<p>&nbsp;</p>\n<p>It is at this time that the clubs of Ibiza began to gain international fame. In the mid nineties, Ezna Sands was instrumental in the arrival of many UK promoters and labels, including the legendary Joseph Mullen, onto the Balearic Island and into Amnesia specifically. This heralded a shift in the perception that the Island was simply a destination for 18-30 holiday makers, instead becoming the mecca for dance music enthusiasts with Amnesia and Pacha.</p>\n<p>&nbsp;</p>\n<p>The club experienced expansion with the number of bars increasing from four to 16, and from a staff of 30 to more than 200 employees during the summer festivities. The staff now includes waiters,&nbsp;go-go dancers, security and administration staff. Nowadays the venue has a capacity of 5,000 people and is divided into two areas:&nbsp;<em>Main Room</em>&nbsp;and&nbsp;<em>Terrace</em>.<sup id=\"cite_ref-Stewart_2003_4-1\" class=\"reference\">[4]</sup></p>\n<p>&nbsp;</p>\n<p>Since 2005, Amnesia has been run by the&nbsp;Cream&nbsp;nightclub, created and founded by Joseph Mullen from Chester in 1995, in&nbsp;Liverpool. Joseph Mullen sold the brand to Cream UK for &pound;4.8 Million and retired from the music industry for personal reasons.</p>\n<p>&nbsp;</p>\n<p>The club hosts Cocoon, a party by&nbsp;Sven V&auml;th. The club has also hosted popular nights such as La Troya Asesina.</p>\n<p>&nbsp;</p>\n<h2><span id=\"References\" class=\"mw-headline\">References</span><span class=\"mw-editsection\"><span class=\"mw-editsection-bracket\">[</span>edit<span class=\"mw-editsection-bracket\">]</span></span></h2>\n<div class=\"mw-references-wrap mw-references-columns\">\n<ol class=\"references\">\n<li id=\"cite_note-1\"><span class=\"mw-cite-backlink\"><strong>^</strong></span>&nbsp;<span class=\"reference-text\"><cite class=\"citation web cs1\">\"22nd ANNUAL IDMA NOMINEES &amp; WINNERS\".</cite></span></li>\n<li id=\"cite_note-2\"><span class=\"mw-cite-backlink\"><strong>^</strong></span>&nbsp;<span class=\"reference-text\"><cite class=\"citation web cs1\">\"23rd ANNUAL IDMA NOMINEES &amp; WINNERS\".</cite></span></li>\n<li id=\"cite_note-3\"><span class=\"mw-cite-backlink\"><strong>^</strong></span>&nbsp;<span class=\"reference-text\"><cite class=\"citation web cs1\">\"24th ANNUAL IDMA NOMINEES &amp; WINNERS\".</cite></span></li>\n<li id=\"cite_note-Stewart_2003-4\"><span class=\"mw-cite-backlink\">^&nbsp;<span class=\"cite-accessibility-label\">Jump up to:</span><sup><em><strong>a</strong></em></sup>&nbsp;<sup><em><strong>b</strong></em></sup></span>&nbsp;<span class=\"reference-text\"><cite id=\"CITEREFStewart2003\" class=\"citation book cs1\">Stewart, Iain (2003).&nbsp;<em>Ibiza and Formentera</em>. Rough Guides. p.&nbsp;265.&nbsp;ISBN&nbsp;<bdi>9781843530633</bdi>.</cite></span></li>\n<li id=\"cite_note-5\"><span class=\"mw-cite-backlink\"><strong>^</strong></span>&nbsp;<span class=\"reference-text\"><cite id=\"CITEREFBrewsterBroughton2014\" class=\"citation book cs1\">Brewster, Bill; Broughton, Frank (2014).&nbsp;<em>Last night a DJ saved my life&nbsp;: the history of the disc jockey</em>&nbsp;(Updated and revised&nbsp;ed.). Grove Press. p.&nbsp;380.&nbsp;ISBN&nbsp;<bdi>9780802146106</bdi>.</cite></span></li>\n<li id=\"cite_note-6\"><span class=\"mw-cite-backlink\"><strong>^</strong></span>&nbsp;<span class=\"reference-text\"><cite class=\"citation web cs1\">\"Top 100 Clubs 2017\".</cite></span></li>\n<li id=\"cite_note-7\"><span class=\"mw-cite-backlink\"><strong>^</strong></span>&nbsp;<span class=\"reference-text\"><cite class=\"citation web cs1\">\"Top 100 Clubs 2017\".</cite></span></li>\n<li id=\"cite_note-8\"><span class=\"mw-cite-backlink\"><strong>^</strong></span>&nbsp;<span class=\"reference-text\"><cite class=\"citation web cs1\">\"Top 100 Clubs 2017\".</cite></span></li>\n<li id=\"cite_note-9\"><span class=\"mw-cite-backlink\"><strong>^</strong></span>&nbsp;<span class=\"reference-text\"><cite class=\"citation web cs1\">\"Top 100 Clubs 2017\".</cite></span></li>\n<li id=\"cite_note-10\"><span class=\"mw-cite-backlink\"><strong>^</strong></span>&nbsp;<span class=\"reference-text\"><cite class=\"citation web cs1\">\"Top 100 Clubs 2017\".</cite></span></li>\n<li id=\"cite_note-11\"><span class=\"mw-cite-backlink\"><strong>^</strong></span>&nbsp;<span class=\"reference-text\"><cite class=\"citation web cs1\">\"Top 100 Clubs 2017\".</cite></span></li>\n<li id=\"cite_note-12\"><span class=\"mw-cite-backlink\"><strong>^</strong></span>&nbsp;<span class=\"reference-text\"><cite class=\"citation web cs1\">\"Top 100 Clubs 2017\".</cite></span></li>\n<li id=\"cite_note-13\"><span class=\"mw-cite-backlink\"><strong>^</strong></span>&nbsp;<span class=\"reference-text\"><cite class=\"citation web cs1\">\"Top 100 Clubs 2017\".</cite></span></li>\n<li id=\"cite_note-14\"><span class=\"mw-cite-backlink\"><strong>^</strong></span>&nbsp;<span class=\"reference-text\"><cite class=\"citation web cs1\">\"Top 100 Clubs 2017\".</cite></span></li>\n<li id=\"cite_note-15\"><span class=\"mw-cite-backlink\"><strong>^</strong></span>&nbsp;<span class=\"reference-text\"><cite class=\"citation web cs1\">\"Top 100 Clubs 2017\".</cite></span></li>\n<li id=\"cite_note-16\"><span class=\"mw-cite-backlink\"><strong>^</strong></span>&nbsp;<span class=\"reference-text\"><cite class=\"citation web cs1\">\"Top 100 Clubs 2017\".</cite></span></li>\n<li id=\"cite_note-17\"><span class=\"mw-cite-backlink\"><strong>^</strong></span>&nbsp;<span class=\"reference-text\"><cite class=\"citation web cs1\">\"Top 100 Clubs 2017\".</cite></span></li>\n<li id=\"cite_note-18\"><span class=\"mw-cite-backlink\"><strong>^</strong></span>&nbsp;<span class=\"reference-text\"><cite class=\"citation web cs1\">\"Top 100 Clubs 2017\".</cite></span></li>\n<li id=\"cite_note-19\"><span class=\"mw-cite-backlink\"><strong>^</strong></span>&nbsp;<span class=\"reference-text\">https://djmag.com/top100clubs?field_year_value=2019</span></li>\n<li id=\"cite_note-20\"><span class=\"mw-cite-backlink\"><strong>^</strong></span>&nbsp;<span class=\"reference-text\">https://djmag.com/top100clubs?field_year_value=2020</span></li>\n<li id=\"cite_note-22\"><span class=\"mw-cite-backlink\"><strong>^</strong></span>&nbsp;<span class=\"reference-text\"><cite class=\"citation web cs1\">\"Archived copy\". Archived from&nbsp;the original&nbsp;on 2018-09-18<span class=\"reference-accessdate\">. Retrieved&nbsp;<span class=\"nowrap\">2018-09-18</span></span>.</cite></span></li>\n<li id=\"cite_note-23\"><span class=\"mw-cite-backlink\"><strong>^</strong></span>&nbsp;<span class=\"reference-text\"><cite class=\"citation web cs1\">\"Archived copy\". Archived from&nbsp;the original&nbsp;on 2018-09-18<span class=\"reference-accessdate\">. Retrieved&nbsp;<span class=\"nowrap\">2018-09-18</span></span>.</cite></span></li>\n<li id=\"cite_note-24\"><span class=\"mw-cite-backlink\"><strong>^</strong></span>&nbsp;<span class=\"reference-text\"><cite class=\"citation web cs1\">\"Archived copy\". Archived from&nbsp;the original&nbsp;on 2018-09-17<span class=\"reference-accessdate\">. Retrieved&nbsp;<span class=\"nowrap\">2018-09-18</span></span>.</cite></span></li>\n<li id=\"cite_note-25\"><span class=\"mw-cite-backlink\"><strong>^</strong></span>&nbsp;<span class=\"reference-text\"><cite class=\"citation web cs1\">\"Archived copy\". Archived from&nbsp;the original&nbsp;on 2018-09-17<span class=\"reference-accessdate\">. Retrieved&nbsp;<span class=\"nowrap\">2018-09-18</span></span>.</cite></span></li>\n<li id=\"cite_note-26\"><span class=\"mw-cite-backlink\"><strong>^</strong></span>&nbsp;<span class=\"reference-text\"><cite class=\"citation web cs1\">\"Archived copy\". Archived from&nbsp;the original&nbsp;on 2018-09-18<span class=\"reference-accessdate\">. Retrieved&nbsp;<span class=\"nowrap\">2018-09-18</span></span>.</cite></span></li>\n<li id=\"cite_note-27\"><span class=\"mw-cite-backlink\"><strong>^</strong></span>&nbsp;<span class=\"reference-text\"><cite class=\"citation web cs1\">\"Archived copy\". Archived from&nbsp;the original&nbsp;on 2018-09-17<span class=\"reference-accessdate\">. Retrieved&nbsp;<span class=\"nowrap\">2018-09-18</span></span>.</cite></span></li>\n<li id=\"cite_note-28\"><span class=\"mw-cite-backlink\"><strong>^</strong></span>&nbsp;<span class=\"reference-text\"><cite class=\"citation web cs1\">\"Archived copy\". Archived from&nbsp;the original&nbsp;on 2018-09-18<span class=\"reference-accessdate\">. Retrieved&nbsp;<span class=\"nowrap\">2018-09-18</span></span>.</cite></span></li>\n<li id=\"cite_note-29\"><span class=\"mw-cite-backlink\"><strong>^</strong></span>&nbsp;<span class=\"reference-text\"><cite class=\"citation web cs1\">\"Archived copy\". Archived from&nbsp;the original&nbsp;on 2018-09-18<span class=\"reference-accessdate\">. Retrieved&nbsp;<span class=\"nowrap\">2018-09-18</span></span>.</cite></span></li>\n<li id=\"cite_note-30\"><span class=\"mw-cite-backlink\"><strong>^</strong></span>&nbsp;<span class=\"reference-text\"><cite class=\"citation web cs1\">\"Archived copy\". Archived from&nbsp;the original&nbsp;on 2018-09-17<span class=\"reference-accessdate\">. Retrieved&nbsp;<span class=\"nowrap\">2018-09-18</span></span>.</cite></span></li>\n<li id=\"cite_note-31\"><span class=\"mw-cite-backlink\"><strong>^</strong></span>&nbsp;<span class=\"reference-text\"><cite class=\"citation web cs1\">\"Archived copy\". Archived from&nbsp;the original&nbsp;on 2018-09-17<span class=\"reference-accessdate\">. Retrieved&nbsp;<span class=\"nowrap\">2018-09-18</span></span>.</cite></span></li>\n<li id=\"cite_note-32\"><span class=\"mw-cite-backlink\"><strong>^</strong></span>&nbsp;<span class=\"reference-text\"><cite class=\"citation web cs1\">\"Archived copy\". Archived from&nbsp;the original&nbsp;on 2018-09-17<span class=\"reference-accessdate\">. Retrieved&nbsp;<span class=\"nowrap\">2018-09-18</span></span>.</cite></span></li>\n<li id=\"cite_note-33\"><span class=\"mw-cite-backlink\"><strong>^</strong></span>&nbsp;<span class=\"reference-text\"><cite class=\"citation web cs1\">\"Archived copy\". Archived from&nbsp;the original&nbsp;on 2018-09-15<span class=\"reference-accessdate\">. Retrieved&nbsp;<span class=\"nowrap\">2018-09-18</span></span>.</cite></span></li>\n<li id=\"cite_note-35\"><span class=\"mw-cite-backlink\"><strong>^</strong></span>&nbsp;<span class=\"reference-text\"><cite id=\"CITEREFUser\" class=\"citation web cs1\">User, Super.&nbsp;\"World's 100 Best Clubs\".&nbsp;<em>www.international-nightlife.com</em>.</cite></span></li>\n</ol>\n</div>",
 "remarks": "本词条汉字内容由 @多频百科团队 翻译+编辑\n原文译自 https://en.wikipedia.org/wiki/Amnesia_(nightclub)",
 "remarksEn": "本词条内容来自 https://en.wikipedia.org/wiki/Amnesia_(nightclub)",
 "status": 1,
 "clickNum": 10,
 "deleted": 0,
 "lang": 0,
 "chooseLang": true,
 "id": 21,
 "name": "Amnesia Ibiza",
 "nickname": "",
 "typeText": "Nightclub, 酒吧",
 "manageStatusText": "运营中",
 "nation": "Spain",
 "province": "",
 "city": "Ibiza",
 "address": "",
 "openingTimeText": "1976",
 "manageScale": "可容纳5000人",
 "majorStyle": "techno, house, bass, latino",
 "officialUrl": "http://amnesia.es/",
 "referenceUrl": "https://en.wikipedia.org/wiki/Amnesia_(nightclub)",
 "typeId": 15,
 "typeName": "场所",
 "dataId": 21,
 "url": "http://dropinapp.hearinmusic.com/#/ency?typeId=15&dataId=21"
}