{
 "pageNum": 1,
 "pageSize": 10,
 "params": {},
 "content": "<div class=\"bpart\">\n<div>Armando Records 可能是波哥大最酷的现场音乐夜总会，对于只想听最好的音乐的人来说，这是一个巨大的场所。Armando Records 于 2008 年开业，可以称为新概念伦巴俱乐部，因为它以明星音乐会和最热门的拉丁派对为特色。俱乐部位于一栋 1960 年代的街角建筑内，在三楼；它有一个带可拆卸屋顶的露台，在那里您有露天音乐会的出色感觉和波哥大的一些壮丽景色。Armando Records 提供一流的夜间娱乐活动、储藏丰富的酒吧以及一些可在休息室享用的美味鸡尾酒和便餐。这个地方一直营业到凌晨 3 点。</div>\n</div>",
 "contentEn": "<p>Armando Records, Bogota Armando Records is probably the coolest live music nightclub of Bogota, being a huge venue for people who want to listen to only the best music. Opened in 2008, Armando Records could be called a new concept rumba club, as it features stars-only concerts and the hottest Latino parties. The club is located in a corner-street building of the 1960s, on the third floor; it has a terrace, with a removable roof, where you have an outstanding feeling of an open air concert and some smashing views of Bogota. Armando Records offers good, top-notch night entertainment, a well-stocked bar and some delicious cocktails and light meals to enjoy in the lounge. The place stays open until 3 AM.</p>",
 "remarks": "本词条汉字内容由 @多频百科团队 翻译+编辑\n原文译自 https://www.gpsmycity.com/attractions/armando-records-45321.html",
 "remarksEn": "本词条内容来自 https://www.gpsmycity.com/attractions/armando-records-45321.html",
 "status": 1,
 "clickNum": 10,
 "deleted": 0,
 "lang": 0,
 "chooseLang": true,
 "id": 26,
 "name": "Armando Records",
 "descriptions": "Armando Records 可能是波哥大最酷的现场音乐夜总会，对于只想听最好的音乐的人来说，这是一个巨大的场所。",
 "nickname": "",
 "typeText": "Nightclub ",
 "manageStatusText": "运营中",
 "nation": "Colombia",
 "province": "",
 "city": "Bogota",
 "address": "Avenida Calle 85#14-46, Bogotá, Colombia",
 "openingTimeText": "2008",
 "manageScale": "1,800 people",
 "majorStyle": "mixing genres",
 "officialUrl": "",
 "referenceUrl": "https://www.gpsmycity.com/attractions/armando-records-45321.html",
 "typeId": 15,
 "typeName": "场所",
 "dataId": 26,
 "url": "http://dropinapp.hearinmusic.com/#/ency?typeId=15&dataId=26"
}