{
 "pageNum": 1,
 "pageSize": 10,
 "params": {},
 "content": "<p>ASL是上海一家以Hip Hop音乐为主的小型Club。</p>",
 "contentEn": "",
 "remarks": "本词条内容由 @多频百科团队 编辑",
 "remarksEn": "本词条内容暂未完善仅供参考，多频百科小编正在火速赶来",
 "status": 0,
 "clickNum": 12,
 "deleted": 0,
 "lang": 0,
 "chooseLang": false,
 "id": 27,
 "name": "ASL",
 "descriptions": "ASL是上海一家以Hip Hop音乐为主的小型Club。",
 "picture": "https://duopin-community.oss-cn-shenzhen.aliyuncs.com/image/2021/8/73vacn3gjmhcp3rx5jru.jpg",
 "nickname": "",
 "typeText": "Nightclub",
 "manageStatusText": "",
 "nation": "中国",
 "province": "",
 "city": "上海",
 "address": "静安区铜仁路88号2楼，近延安中路",
 "openingTimeText": "",
 "manageScale": "",
 "majorStyle": "Hip-hop, EDM",
 "officialUrl": "",
 "referenceUrl": "https://zhuanlan.zhihu.com/p/86416450",
 "typeId": 15,
 "typeName": "场所",
 "dataId": 27,
 "url": "http://dropinapp.hearinmusic.com/#/ency?typeId=15&dataId=27"
}