{
 "pageNum": 1,
 "pageSize": 10,
 "params": {},
 "content": "<p>BABE18为台北夜店中最年轻的娱乐天堂， 坐落于台北时尚中心的信义区， 交集于最绚丽繁华的威秀商圈， 自开幕以来深受好评，BABE18 全新派对DNA将结合全球最新流行音乐、 炫丽的影音特效、顶级的派对调酒， 不仅引进东京最in的日式嘻哈， 并常与街头品牌CROSSOVER举办潮流派对， 超越所有畅饮店的高质量调酒， 及礼拜四专属LADY FIRST Super Ladys Night!BABE18聚集所有最夯最屌的元素， 打造最享乐最话题的新型态台北年轻人夜生活!</p>",
 "remarks": "本词条内容来自 https://www.taipeiclub.com.tw/club.php?club=Babe18",
 "remarksEn": "本词条内容暂未完善仅供参考，多频百科小编正在火速赶来",
 "status": 1,
 "clickNum": 10,
 "deleted": 0,
 "lang": 0,
 "chooseLang": false,
 "id": 29,
 "name": "BABE18",
 "descriptions": "BABE18为台北夜店中最年轻的娱乐天堂， 坐落于台北时尚中心的信义区， 交集于最绚丽繁华的威秀商圈， 自开幕以来深受好评。",
 "nickname": "",
 "typeText": "Nightclub",
 "manageStatusText": "",
 "nation": "中国",
 "province": "",
 "city": "台北",
 "address": "台北市信义区松寿路18号B1（信义华纳威秀）",
 "openingTimeText": "",
 "manageScale": "",
 "majorStyle": "",
 "officialUrl": "",
 "referenceUrl": "https://www.taipeiclub.com.tw/club.php?club=Babe18",
 "typeId": 15,
 "typeName": "场所",
 "dataId": 29,
 "url": "http://dropinapp.hearinmusic.com/#/ency?typeId=15&dataId=29"
}