{
 "pageNum": 1,
 "pageSize": 10,
 "params": {},
 "content": "<p>Babyface俱乐部位于北京市朝阳区工体西路6号（近工体100保龄球）拥有辉煌的历史，一直保持着超高的人气，10年底打造的&ldquo;海洋概念店&rdquo;已经绚丽登场，拥有着蓝色的夜晚，不一样的视觉冲击力，全球的流行舞曲，粉色的诱惑，给人不一样的娱乐姿态。</p>",
 "contentEn": "",
 "remarks": "本词条内容暂未完善仅供参考，多频百科小编正在火速赶来",
 "remarksEn": "本词条内容暂未完善仅供参考，多频百科小编正在火速赶来",
 "status": 0,
 "clickNum": 17,
 "deleted": 0,
 "lang": 0,
 "chooseLang": false,
 "id": 30,
 "name": "Babyface",
 "descriptions": "这里有dj spin techno和house，还有许多舒适的私人房间供你休闲，还有一份广泛的鸡尾酒清单，你最喜欢的宇宙鸡尾酒里有霓虹灯塑料冰块。",
 "picture": "https://duopin-community.oss-cn-shenzhen.aliyuncs.com/image/2021/8/4mi8xg3z5lss29ez2wue.jpg",
 "nickname": "",
 "typeText": "Nightclub ",
 "manageStatusText": "",
 "nation": "中国",
 "province": "",
 "city": "北京",
 "address": "中国北京市朝阳区工体西路6号",
 "openingTimeText": "",
 "manageScale": "",
 "majorStyle": "",
 "officialUrl": "https://ra.co/clubs/2183",
 "referenceUrl": "http://www.mafengwo.cn/poi/33534568.html",
 "typeId": 15,
 "typeName": "场所",
 "dataId": 30,
 "url": "http://dropinapp.hearinmusic.com/#/ency?typeId=15&dataId=30"
}