{
 "pageNum": 1,
 "pageSize": 10,
 "params": {},
 "relationEncy": "[{\"id\":35815,\"typeId\":15,\"dataId\":33,\"name\":\"Bar Rouge Shanghai\",\"url\":\"http://dropinapp.hearinmusic.com/#/ency?typeId=15&dataId=33\"}]",
 "content": "<p>Bar Rouge Singapore来自上海无可争议的标志性夜生活品牌&mdash;&mdash;Bar Rouge，在新加坡斯坦福德瑞士酒店首次国际亮相。 Bar Rouge Singapore 位于繁华的城市上方 71 层，可一览无余地欣赏滨海湾区的美景，提供旨在唤起人们视觉、听觉和听觉感官的私密俱乐部体验。</p>",
 "contentEn": "<p>Shanghai&rsquo;s indisputably iconic nightlife for the destination glitterati &ndash; Bar Rouge, makes its inaugural global debut at Swissotel The Stamford. Perched 71 floors above the buzzing city with an unobstructed view of Marina Bay area, Bar Rouge Singapore offers an intimate clubbing experience aimed at evoking one&rsquo;s visual, audio and aural senses.</p>",
 "remarks": "本词条汉字内容由 @多频百科团队 翻译+编辑\n原文译自 https://www.swissotel.com/hotels/singapore-stamford/bars/bar-rouge-singapore/",
 "remarksEn": "本词条内容来自 https://www.swissotel.com/hotels/singapore-stamford/bars/bar-rouge-singapore/",
 "status": 1,
 "clickNum": 25,
 "deleted": 0,
 "lang": 0,
 "chooseLang": true,
 "id": 34,
 "name": "Bar Rouge Singapore",
 "descriptions": "Bar Rouge Singapore来自上海无可争议的标志性夜生活品牌——Bar Rouge",
 "picture": "https://duopin-community.oss-cn-shenzhen.aliyuncs.com/image/2021/8/nxwmqhzwfgnsq0y4qf5m.png",
 "nickname": "",
 "typeText": "酒吧",
 "manageStatusText": "运营中",
 "nation": "Singapore",
 "province": "",
 "city": "Singapore",
 "address": "2 Stamford Rd, Level 71 Swissotel The Stamford, Singapore 178882",
 "openingTimeText": "8 September 2017",
 "manageScale": "400人",
 "majorStyle": "",
 "officialUrl": "https://www.swissotel.com/hotels/singapore-stamford/bars/bar-rouge-singapore/",
 "referenceUrl": "https://www.swissotel.com/hotels/singapore-stamford/bars/bar-rouge-singapore/",
 "typeId": 15,
 "typeName": "场所",
 "dataId": 34,
 "url": "http://dropinapp.hearinmusic.com/#/ency?typeId=15&dataId=34"
}