{
 "pageNum": 1,
 "pageSize": 10,
 "params": {},
 "relationEncy": "[{\"id\":35816,\"typeId\":15,\"dataId\":34,\"name\":\"Bar Rouge Singapore\",\"url\":\"http://dropinapp.hearinmusic.com/#/ency?typeId=15&dataId=34\"}]",
 "content": "<p>Bar Rouge是上海标志性的夜生活场所。2004 年，位于外滩 18 号的 Bar Rouge 揭开了上海夜生活的新纪元。 Bar Rouge 迅速成为这座城市的首选场所，其宽敞的露台将高雅风格与无与伦比的上海天际线景观完美结合。 性感的人群、国际 DJ、梦幻般的主题派对和独特的香槟庆祝仪式，夜夜营造出令人惊叹的氛围，成为上海迷人夜生活的标志。</p>",
 "contentEn": "<p>SHANGHAI&rsquo;S ICONIC NIGHTLIFE The opening of Bar Rouge in 2004 atop Bund 18 announced a new era in Shanghai nightlife. Rapidly becoming the city&rsquo;s go-to venue, Bar Rouge offers a unique combination of high style and unbeatable Shanghai&rsquo;s skyline views from its spacious terrace. Sexy crowds, international DJs, fantastic theme parties, and unique Champagne celebration rituals, contribute to its amazing ambiance night after night, becoming an icon of Shanghai&rsquo;s glamorous nightlife.</p>",
 "remarks": "本词条汉字内容由 @多频百科团队 翻译+编辑\n原文译自 http://barrougeclubs.com/sh/",
 "remarksEn": "本词条内容来自 http://barrougeclubs.com/sh/",
 "status": 1,
 "clickNum": 20,
 "deleted": 0,
 "lang": 0,
 "chooseLang": true,
 "id": 33,
 "name": "Bar Rouge Shanghai",
 "descriptions": "Bar Rouge是上海标志性的夜生活场所。",
 "picture": "https://duopin-community.oss-cn-shenzhen.aliyuncs.com/image/2021/8/fd1qtgh6nh3aqzskqan3.jpg",
 "nickname": "",
 "typeText": "酒吧",
 "manageStatusText": "运营中",
 "nation": "中国",
 "province": "",
 "city": "上海",
 "address": "上海市中山东一路18号外滩18号7楼, 近南京东路",
 "openingTimeText": "2004",
 "manageScale": "250人",
 "majorStyle": "",
 "officialUrl": "http://barrougeclubs.com/sh",
 "referenceUrl": "",
 "typeId": 15,
 "typeName": "场所",
 "dataId": 33,
 "url": "http://dropinapp.hearinmusic.com/#/ency?typeId=15&dataId=33"
}