{
 "pageNum": 1,
 "pageSize": 10,
 "params": {},
 "content": "<div class=\"document\">\n<p class=\"paragraph text-align-type-left pap-line-1.8 pap-line-rule-auto pap-spacing-before-2pt pap-spacing-after-2pt\">BBC Radiophonic Workshop 是 BBC 的音效工作室之一，创建于 1958 年，旨在为广播和后来的电视制作附带声音和新音乐。该工作室以其在电子音乐和音乐技术方面的实验性和开创性工作以及在上世纪 50 年代和 60 年代为《Doctor Who》和《Quatermass and the Pit》等节目制作的流行配乐而闻名。</p>\n<p class=\"paragraph text-align-type-left pap-line-1.8 pap-line-rule-auto pap-spacing-before-2pt pap-spacing-after-2pt\">&nbsp;</p>\n<div>\n<div class=\"document\">\n<p class=\"paragraph text-align-type-left pap-line-1.8 pap-line-rule-auto pap-spacing-before-2pt pap-spacing-after-2pt\">最初的 Radiophonic Workshop 位于伦敦麦达维尔特拉华路的 BBC 麦达维尔工作室（Maida Vale Studios）。尽管工作室的大部分传统工作已在 1995 年外包，其仍然于 1998 年 3 月关闭。工作室的成员包括 Daphne Oram、Delia Derbyshire、David Cain、John Baker、Paddy Kingsland、Glynis Jones、Maddalena Fagandini 和 Richard Yeoman-Clark。</p>\n<p class=\"paragraph text-align-type-left pap-line-1.8 pap-line-rule-auto pap-spacing-before-2pt pap-spacing-after-2pt\">&nbsp;</p>\n<div>\n<div class=\"document\">\n<p class=\"paragraph text-align-type-left pap-line-1.8 pap-line-rule-auto pap-spacing-before-2pt pap-spacing-after-2pt\"><strong>历史</strong></p>\n<div>\n<div class=\"document\">\n<p class=\"paragraph text-align-type-left pap-line-1.8 pap-line-rule-auto pap-spacing-before-2pt pap-spacing-after-2pt\">该工作室的成立是为了满足上世纪 50 年代后期 BBC 的 Desmond Briscoe、Daphne Oram、Donald McWhinnie 和 Frederick Bradnum 等制作人和工作室经理对&ldquo;radiophonic&rdquo;音乐不断增长的需求。一段时间以来，人们对制作创新的音乐和声音很感兴趣，以配合那个时代的开创性节目，特别是 BBC Third Programme 的节目。通常，节目制作人希望营造的氛围所需的声音无法通过传统来源获得或不存在，因此一些人，例如受过音乐训练的 Oram，会寻求新技术来为他们的作品制作效果和音乐。这种兴趣在很大程度上促使他们发明了具体音乐和磁带操作技术，因为使用这些方法可以让他们创造出越来越多的适合非常规节目的音景。BBC 注意到这种方法越来越受欢迎，他们便成立了 Radiophonic Effects Committee，花费两千英镑在 BBC 麦达维尔工作室的 13 号和 14 号房间成立了工作室 。工作室会向杂志投稿关于他们发现的文章，60 个制作人和工程师（例如 Eddie Kramer）借用了他们的一些技术。</p>\n<p class=\"paragraph text-align-type-left pap-line-1.8 pap-line-rule-auto pap-spacing-before-2pt pap-spacing-after-2pt\">&nbsp;</p>\n<div>\n<div class=\"document\">\n<p class=\"paragraph text-align-type-left pap-line-1.8 pap-line-rule-auto pap-spacing-before-2pt pap-spacing-after-2pt\"><strong>技术</strong></p>\n<div>\n<div class=\"document\">\n<p class=\"paragraph text-align-type-left pap-line-1.8 pap-line-rule-auto pap-spacing-before-2pt pap-spacing-after-2pt\">Radiophonic Workshop 最初使用的技术与具体音乐中使用的技术密切相关。节目中的新声音是通过使用日常声音（例如人声、钟声或碎石）的录音作为&ldquo;radiophonic&rdquo;操作的原材料来创建的。在这些操作中，录音带可以以不同的速度播放（改变声音的音高）、反转、剪切和连接，或者使用混响或均衡处理这些录音带。该工作室使用&ldquo;radiophonic&rdquo;技术创作的最著名的作品包括《神秘博士》主题音乐，这是 Delia Derbyshire 使用弹拨弦、12 个振荡器和大量磁带操作创作的。TARDIS（《神秘博士》里的一个时间机器）的物质化和非物质化的声音也是这个技术的产物，这是由 Brian Hodgson 沿着损坏的钢琴生锈的低音弦敲击琴键所创造的，并且通过放慢录音以发出更低的声音。</p>\n<p class=\"paragraph text-align-type-left pap-line-1.8 pap-line-rule-auto pap-spacing-before-2pt pap-spacing-after-2pt\">&nbsp;</p>\n<div>\n<div class=\"document\">\n<p class=\"paragraph text-align-type-left pap-line-1.8 pap-line-rule-auto pap-spacing-before-2pt pap-spacing-after-2pt\">尽管两台巨大的专业录音机是早期的核心设备，工作室在早期运作时使用的大部分设备都是半专业的，是从其他部门传下来的。混响是在回声室获得的，回声室是一个地下室，除了扬声器和麦克风外只有空荡荡的油漆墙壁。由于工作室和 BBC 的传统面临相当大的技术挑战，工作人员最初成对工作，一个人负责工作的技术方面，另一个人负责艺术指导。</p>\n<p class=\"paragraph text-align-type-left pap-line-1.8 pap-line-rule-auto pap-spacing-before-2pt pap-spacing-after-2pt\">&nbsp;</p>\n<div>\n<div class=\"document\">\n<p class=\"paragraph text-align-type-left pap-line-1.8 pap-line-rule-auto pap-spacing-before-2pt pap-spacing-after-2pt\"><strong>对流行音乐的影响</strong></p>\n<div>\n<div class=\"document\">\n<p class=\"paragraph text-align-type-left pap-line-1.8 pap-line-rule-auto pap-spacing-before-2pt pap-spacing-after-2pt\">Radiophonic Workshop 于 1963 年 11 月出版了《BBC Radiophonics》，其中列出了他们两个工作室中使用的所有设备、几个系统的图表和一些轶事。Radiophonic Workshop 还向杂志投稿了附有说明和接线图的有关其实验的文章。</p>\n<p class=\"paragraph text-align-type-left pap-line-1.8 pap-line-rule-auto pap-spacing-before-2pt pap-spacing-after-2pt\">&nbsp;</p>\n<div>\n<div class=\"document\">\n<p class=\"paragraph text-align-type-left pap-line-1.8 pap-line-rule-auto pap-spacing-before-2pt pap-spacing-after-2pt\">1967 年，英国 Psychedelic Rock 乐队 Pink Floyd 到工作室进行了一次令人难忘的旅行。同年，他们在他们的首张专辑《The Piper at the Gates of Dawn》中使用了磁带循环、音效、制造的声音和具体音乐的原理。The Rolling Stones 乐队的 Brian Jones 和 Roger Mayer 也是 Radiophonic Workshop 的粉丝，Brian Jones 于 1968 年访问了该工作室，Roger Mayer 则为 Jeff Beck,&nbsp;Jimmy Page&nbsp;和&nbsp;Jimi Hendrix 提供了吉他踏板。Phil Manzanera 说工作室对他乐队 Roxy Music 的音乐产生了影响。</p>\n<p class=\"paragraph text-align-type-left pap-line-1.8 pap-line-rule-auto pap-spacing-before-2pt pap-spacing-after-2pt\">&nbsp;</p>\n<div>\n<div class=\"document\">\n<p class=\"paragraph text-align-type-left pap-line-1.8 pap-line-rule-auto pap-spacing-before-2pt pap-spacing-after-2pt\">1997 年，电子舞曲杂志《Mixmag》将工作室称为&ldquo;英国电子乐的无名英雄&rdquo;。工作室的作品已被当代电子艺人广泛采样。</p>\n</div>\n</div>\n</div>\n</div>\n</div>\n</div>\n</div>\n</div>\n</div>\n</div>\n</div>\n</div>\n</div>\n</div>\n</div>\n</div>\n</div>\n</div>\n</div>\n</div>\n</div>",
 "contentEn": "<p>The&nbsp;<strong>BBC Radiophonic Workshop</strong>&nbsp;was one of the&nbsp;sound effects&nbsp;units of the&nbsp;BBC, created in 1958 to produce&nbsp;incidental sounds&nbsp;and new music for radio and, later, television. The unit is known for its experimental and pioneering work in&nbsp;electronic music&nbsp;and&nbsp;music technology, as well as its popular scores for programs such as&nbsp;<em>Doctor Who</em>&nbsp;and&nbsp;<em>Quatermass and the Pit</em>&nbsp;during the 1950s and 1960s.<sup id=\"cite_ref-Am_1-0\" class=\"reference\">[1]</sup></p>\n<p>&nbsp;</p>\n<p>The original Radiophonic Workshop was based in the BBC's&nbsp;Maida Vale Studios&nbsp;in Delaware Road,&nbsp;Maida Vale, London.<sup id=\"cite_ref-revival_2-0\" class=\"reference\">[2]</sup>&nbsp;The Workshop was closed in March 1998,<sup id=\"cite_ref-3\" class=\"reference\">[3]</sup>&nbsp;although much of its traditional work had already been outsourced by 1995.<sup id=\"cite_ref-revival_2-1\" class=\"reference\">[2]</sup>&nbsp;Its members included&nbsp;Daphne Oram,&nbsp;Delia Derbyshire,&nbsp;David Cain,&nbsp;John Baker,&nbsp;Paddy Kingsland,&nbsp;Glynis Jones,&nbsp;Maddalena Fagandini&nbsp;and&nbsp;Richard Yeoman-Clark.</p>\n<p>&nbsp;</p>\n<h2><span id=\"History\" class=\"mw-headline\">History</span></h2>\n<p>The Workshop was set up to satisfy the growing demand in the late 1950s for \"radiophonic\" sounds from a group of producers and studio managers at the&nbsp;BBC, including&nbsp;Desmond Briscoe,&nbsp;Daphne Oram,&nbsp;Donald McWhinnie, and&nbsp;Frederick Bradnum.<sup id=\"cite_ref-4\" class=\"reference\">[4]</sup><sup id=\"cite_ref-5\" class=\"reference\">[5]</sup><sup id=\"cite_ref-6\" class=\"reference\">[6]</sup>&nbsp;For some time there had been much interest in producing innovative music and sounds to go with the pioneering programming of the era, in particular the dramatic output of the&nbsp;BBC Third Programme. Often the sounds required for the atmosphere that programme makers wished to create were unavailable or non-existent through traditional sources and so some, such as the musically trained Oram, would look to new techniques to produce effects and music for their pieces. Much of this interest drew them to&nbsp;musique concr&egrave;te&nbsp;and tape manipulation techniques, since using these methods could allow them to create&nbsp;soundscapes&nbsp;suitable for the growing range of unconventional programming. When the BBC noticed the rising popularity of this method they established a Radiophonic Effects Committee, setting up the Workshop in rooms 13 &amp; 14 of the BBC's Maida Vale studios with a budget of &pound;2,000. The Workshop contributed articles<sup id=\"cite_ref-auto_7-0\" class=\"reference\">[7]</sup>&nbsp;to magazines of their findings, leading to some of their techniques being borrowed by sixties producers and engineers such as&nbsp;Eddie Kramer.<sup id=\"cite_ref-8\" class=\"reference\">[8]</sup></p>\n<p>&nbsp;</p>\n<h2><span id=\"Techniques\" class=\"mw-headline\">Techniques</span></h2>\n<p>The techniques initially used by the Radiophonic Workshop were closely related to those used in&nbsp;<em>musique concr&egrave;te</em>; new sounds for programs were created by using recordings of everyday sounds such as voices, bells or gravel as raw material for \"radiophonic\" manipulations. In these manipulations, audio tape could be played back at different speeds (altering a sound's pitch), reversed, cut and joined, or processed using&nbsp;reverb&nbsp;or equalisation. The most famous of the Workshop's creations using 'radiophonic' techniques include the&nbsp;<em>Doctor Who</em>&nbsp;theme music, which&nbsp;Delia Derbyshire&nbsp;created using a plucked string, 12 oscillators and a lot of tape manipulation; and the sound of the TARDIS (the Doctor's&nbsp;time machine) materialising and dematerialising, which was created by Brian Hodgson running his keys along the rusty bass strings of a broken piano, with the recording slowed down to make an even lower sound.</p>\n<p>&nbsp;</p>\n<p>Much of the equipment used by the Workshop in the earlier years of its operation in the late 1950s was semi-professional and was passed down from other departments, though two giant professional tape-recorders made an early centrepiece. Reverberation was obtained using an&nbsp;echo chamber, a basement room with bare painted walls empty except for loudspeakers and microphones. Due to the considerable technical challenges faced by the Workshop and BBC traditions, staff initially worked in pairs with one person assigned to the technical aspects of the work and the other to the artistic direction.</p>\n<p>&nbsp;</p>\n<h2><span id=\"Influence_on_popular_music\" class=\"mw-headline\">Influence on popular music</span></h2>\n<p>The Radiophonic Workshop published \"Radiophonics in the BBC\" in November 1963,<sup id=\"cite_ref-29\" class=\"reference\">[29]</sup>&nbsp;listing all equipment used in their two workshops, diagrams of several systems, and a number of anecdotes. The Radiophonic Workshop also contributed articles<sup id=\"cite_ref-auto_7-1\" class=\"reference\">[7]</sup>&nbsp;to magazines of its experiments, complete with instructions and wiring diagrams.<sup id=\"cite_ref-30\" class=\"reference\">[30]</sup></p>\n<p>&nbsp;</p>\n<p>British psychedelic rock group&nbsp;Pink Floyd&nbsp;made a memorable trip to the workshop in 1967. They had employed tape loops, sound effects, found sounds and the principles of musique concrete on their debut album&nbsp;<em>The Piper at the Gates of Dawn</em>&nbsp;from that same year. Other fans of the Radiophonic Workshop included&nbsp;The Rolling Stones'&nbsp;Brian Jones&nbsp;&ndash; who visited in 1968 &ndash; and&nbsp;Roger Mayer, who supplied&nbsp;guitar pedals&nbsp;to&nbsp;Jeff Beck,&nbsp;Jimmy Page&nbsp;and&nbsp;Jimi Hendrix.&nbsp;Phil Manzanera&nbsp;has also cited the Workshop as an influence on the sound of his group&nbsp;Roxy Music.<sup id=\"cite_ref-31\" class=\"reference\">[31]</sup></p>\n<p>&nbsp;</p>\n<p>In 1997 the&nbsp;electronic dance music&nbsp;magazine&nbsp;<em>Mixmag</em>&nbsp;described the Workshop as, \"the unsung heroes of British&nbsp;electronica\".<sup id=\"cite_ref-32\" class=\"reference\">[32]</sup>&nbsp;Their work has been&nbsp;sampled&nbsp;extensively by contemporary electronic artists.<sup id=\"cite_ref-Am_1-1\" class=\"reference\">[1]</sup></p>\n<p>&nbsp;</p>\n<h2><span id=\"References\" class=\"mw-headline\">References</span></h2>\n<div class=\"reflist\">\n<div class=\"mw-references-wrap mw-references-columns\">\n<ol class=\"references\">\n<li id=\"cite_note-Am-1\"><span class=\"mw-cite-backlink\">^&nbsp;<span class=\"cite-accessibility-label\">Jump up to:</span><sup><em><strong>a</strong></em></sup>&nbsp;<sup><em><strong>b</strong></em></sup></span>&nbsp;<span class=\"reference-text\"><cite id=\"CITEREFAnkeny\" class=\"citation web cs1\">Ankeny, Jason.&nbsp;\"BBC Radiophonic Workshop &ndash; Biography &amp; History\".&nbsp;AllMusic<span class=\"reference-accessdate\">. Retrieved&nbsp;<span class=\"nowrap\">5 December</span>&nbsp;2017</span>.</cite></span></li>\n<li id=\"cite_note-revival-2\"><span class=\"mw-cite-backlink\">^&nbsp;<span class=\"cite-accessibility-label\">Jump up to:</span><sup><em><strong>a</strong></em></sup>&nbsp;<sup><em><strong>b</strong></em></sup>&nbsp;<sup><em><strong>c</strong></em></sup></span>&nbsp;<span class=\"reference-text\"><cite class=\"citation news cs1\">\"BBC Radiophonic Workshop revived online\".&nbsp;<em>BBC News</em>. 12 September 2012.</cite></span></li>\n<li id=\"cite_note-3\"><span class=\"mw-cite-backlink\"><strong>^</strong></span>&nbsp;<span class=\"reference-text\"><cite class=\"citation web cs1\">\"The BBC Radiophonic Workshop &ndash; New Songs, Playlists &amp; Latest News &ndash; BBC Music\". BBC<span class=\"reference-accessdate\">. Retrieved&nbsp;<span class=\"nowrap\">17 April</span>&nbsp;2017</span>.</cite></span></li>\n<li id=\"cite_note-4\"><span class=\"mw-cite-backlink\"><strong>^</strong></span>&nbsp;<span class=\"reference-text\">John Tydeman, \"Frederick Bradnum, Master dramatist whose prolific output sustained radio's great era\" in&nbsp;<em>The Guardian</em>&nbsp;dated 22 February 2002</span></li>\n<li id=\"cite_note-5\"><span class=\"mw-cite-backlink\"><strong>^</strong></span>&nbsp;<span class=\"reference-text\"><em>An Electric Storm</em>, Ned Netherwood,&nbsp;Obverse Books, Chapter 1</span></li>\n<li id=\"cite_note-6\"><span class=\"mw-cite-backlink\"><strong>^</strong></span>&nbsp;<span class=\"reference-text\"><cite id=\"CITEREFReynolds\" class=\"citation news cs1\">Reynolds, Simon. \"For 40 Years, the BBC's Radiophonic Workshop Created \"Special Sound' for Programmes from Doctor Who to Woman's Hour\".&nbsp;<em>The Guardian</em>.</cite></span></li>\n<li id=\"cite_note-auto-7\"><span class=\"mw-cite-backlink\">^&nbsp;<span class=\"cite-accessibility-label\">Jump up to:</span><sup><em><strong>a</strong></em></sup>&nbsp;<sup><em><strong>b</strong></em></sup></span>&nbsp;<span class=\"reference-text\">Rediscovering the era of the Radiophonic Workshop &ndash; BBC &ndash; Research and Development&nbsp;\"the workshop team did not publish its own journals, but had, through the years, contributed a number of articles to magazines such as Practical Electronics, Studio Sound and the Dr. Who Magazine\"</span></li>\n<li id=\"cite_note-8\"><span class=\"mw-cite-backlink\"><strong>^</strong></span>&nbsp;<span class=\"reference-text\"><cite id=\"CITEREFShapiroGlebbeek2014\" class=\"citation book cs1\">Shapiro, Harry; Glebbeek, Caesar (17 November 2014).&nbsp;<em>Jimi Hendrix. Una foschia rosso porpora</em>&nbsp;(in Italian). LIT EDIZIONI.&nbsp;ISBN&nbsp;<bdi>9788862317580</bdi>.</cite></span></li>\n<li id=\"cite_note-9\"><span class=\"mw-cite-backlink\"><strong>^</strong></span>&nbsp;<span class=\"reference-text\"><cite class=\"citation web cs1\">\"The woman who could 'draw' music\".&nbsp;<em>Bbc.co.uk</em>.</cite></span></li>\n<li id=\"cite_note-10\"><span class=\"mw-cite-backlink\"><strong>^</strong></span>&nbsp;<span class=\"reference-text\"><cite id=\"CITEREFHugill2012\" class=\"citation book cs1\">Hugill, Andrew (25 June 2012).&nbsp;<em>The Digital Musician</em>. Routledge.&nbsp;ISBN&nbsp;<bdi>9781136279881</bdi>.</cite></span></li>\n<li id=\"cite_note-11\"><span class=\"mw-cite-backlink\"><strong>^</strong></span>&nbsp;<span class=\"reference-text\"><cite class=\"citation web cs1\">\"The women who invented electro: inside the BBC Radiophonic Workshop\".&nbsp;<em>The Daily Telegraph</em><span class=\"reference-accessdate\">. Retrieved&nbsp;<span class=\"nowrap\">17 April</span>&nbsp;2017</span>.</cite></span></li>\n<li id=\"cite_note-12\"><span class=\"mw-cite-backlink\"><strong>^</strong></span>&nbsp;<span class=\"reference-text\"><cite id=\"CITEREFNiebur2006\" class=\"citation news cs1\">Niebur, Louis (19 December 2006).&nbsp;\"Obituary: Desmond Briscoe\".&nbsp;<em>The Guardian</em>.&nbsp;ISSN&nbsp;0261-3077<span class=\"reference-accessdate\">. Retrieved&nbsp;<span class=\"nowrap\">20 September</span>&nbsp;2017</span>.</cite></span></li>\n<li id=\"cite_note-13\"><span class=\"mw-cite-backlink\"><strong>^</strong></span>&nbsp;<span class=\"reference-text\"><cite id=\"CITEREFJeffery2018\" class=\"citation web cs1\">Jeffery, Morgan (20 February 2018).&nbsp;\"Doctor Who series 11 gets new logo and image\".&nbsp;<em>Digitalspy.com</em>.</cite></span></li>\n<li id=\"cite_note-14\"><span class=\"mw-cite-backlink\"><strong>^</strong></span>&nbsp;<span class=\"reference-text\"><cite class=\"citation web cs1\">\"Doctor Who: The most important electronic music ever?\".</cite></span></li>\n<li id=\"cite_note-auto1-15\"><span class=\"mw-cite-backlink\">^&nbsp;<span class=\"cite-accessibility-label\">Jump up to:</span><sup><em><strong>a</strong></em></sup>&nbsp;<sup><em><strong>b</strong></em></sup></span>&nbsp;<span class=\"reference-text\"><cite class=\"citation web cs1\">\"Alchemists of Sound\". BBC. 20 October 2003. Archived from&nbsp;the originalon 20 October 2003<span class=\"reference-accessdate\">. Retrieved&nbsp;<span class=\"nowrap\">14 September</span>&nbsp;2012</span>.</cite></span></li>\n<li id=\"cite_note-16\"><span class=\"mw-cite-backlink\"><strong>^</strong></span>&nbsp;<span class=\"reference-text\"><cite class=\"citation web cs1\">\"FAQs&nbsp;: Studio 30, Fazeley Studios, 191 Fazeley Street, B5 5SE, Birmingham\".&nbsp;<em>thespace.org</em>. 27 April 2016<span class=\"reference-accessdate\">. Retrieved&nbsp;<span class=\"nowrap\">17 April</span>&nbsp;2017</span>.</cite></span></li>\n<li id=\"cite_note-17\"><span class=\"mw-cite-backlink\"><strong>^</strong></span>&nbsp;<span class=\"reference-text\"><cite class=\"citation web cs1\">\"The Space\"<span class=\"reference-accessdate\">. Retrieved&nbsp;<span class=\"nowrap\">17 April</span>&nbsp;2017</span>&nbsp;&ndash; via YouTube.</cite></span></li>\n<li id=\"cite_note-18\"><span class=\"mw-cite-backlink\"><strong>^</strong></span>&nbsp;<span class=\"reference-text\"><cite class=\"citation web cs1\">\"The Space &ndash; The Arts live, free and on demand\".&nbsp;<em>archive.org</em>. Archived from the original on 24 September 2012<span class=\"reference-accessdate\">. Retrieved&nbsp;<span class=\"nowrap\">17 April</span>&nbsp;2017</span>.</cite></span></li>\n<li id=\"cite_note-19\"><span class=\"mw-cite-backlink\"><strong>^</strong></span>&nbsp;<span class=\"reference-text\"><cite class=\"citation web cs1\">\"The New Radiophonic Workshop\".&nbsp;<em>thenewradiophonicworkshop.com</em><span class=\"reference-accessdate\">. Retrieved&nbsp;<span class=\"nowrap\">17 April</span>&nbsp;2017</span>.</cite></span></li>\n<li id=\"cite_note-20\"><span class=\"mw-cite-backlink\"><strong>^</strong></span>&nbsp;<span class=\"reference-text\"><cite class=\"citation web cs1\">\"Recreating the sounds of the BBC Radiophonic Workshop\".&nbsp;<em>Webaudio.prototyping.bbc.co.uk</em>.</cite></span></li>\n<li id=\"cite_note-bbc.co.uk-21\"><span class=\"mw-cite-backlink\">^&nbsp;<span class=\"cite-accessibility-label\">Jump up to:</span><sup><em><strong>a</strong></em></sup>&nbsp;<sup><em><strong>b</strong></em></sup></span>&nbsp;<span class=\"reference-text\"><cite class=\"citation web cs1\">\"BBC &ndash; Research and Development: Audio on the Web &ndash; Explore the BBC sound of the 1960s\". BBC<span class=\"reference-accessdate\">. Retrieved&nbsp;<span class=\"nowrap\">17 April</span>&nbsp;2017</span>.</cite></span></li>\n<li id=\"cite_note-22\"><span class=\"mw-cite-backlink\"><strong>^</strong></span>&nbsp;<span class=\"reference-text\"><cite class=\"citation web cs1\">\"BBC &ndash; Research and Development: Prototyping Weeknotes #97\". BBC<span class=\"reference-accessdate\">. Retrieved&nbsp;<span class=\"nowrap\">17 April</span>&nbsp;2017</span>.</cite></span></li>\n<li id=\"cite_note-23\"><span class=\"mw-cite-backlink\"><strong>^</strong></span>&nbsp;<span class=\"reference-text\"><cite class=\"citation web cs1\">\"BBC &ndash; Research and Development: Audio on the Web &ndash; Rediscovering the era of the Radiophonic Workshop\". BBC<span class=\"reference-accessdate\">. Retrieved&nbsp;<span class=\"nowrap\">17 April</span>&nbsp;2017</span>.</cite></span></li>\n<li id=\"cite_note-24\"><span class=\"mw-cite-backlink\"><strong>^</strong></span>&nbsp;<span class=\"reference-text\"><cite id=\"CITEREFThereaux\" class=\"citation web cs1\">Thereaux, Olivier.&nbsp;\"BBC &ndash; Research and Development: Audio on the Web &ndash; Knobs and Waves\". BBC<span class=\"reference-accessdate\">. Retrieved&nbsp;<span class=\"nowrap\">17 April</span>&nbsp;2017</span>.</cite></span></li>\n<li id=\"cite_note-25\"><span class=\"mw-cite-backlink\"><strong>^</strong></span>&nbsp;<span class=\"reference-text\"><cite id=\"CITEREFLowis\" class=\"citation web cs1\">Lowis, Chris.&nbsp;\"BBC &ndash; Research and Development: IRFS Weeknotes #125\". BBC<span class=\"reference-accessdate\">. Retrieved&nbsp;<span class=\"nowrap\">17 April</span>&nbsp;2017</span>.</cite></span></li>\n<li id=\"cite_note-26\"><span class=\"mw-cite-backlink\"><strong>^</strong></span>&nbsp;<span class=\"reference-text\"><cite id=\"CITEREFWarren\" class=\"citation web cs1\">Warren, Pete.&nbsp;\"BBC &ndash; Research and Development: IRFS Weeknotes #128\". BBC<span class=\"reference-accessdate\">. Retrieved&nbsp;<span class=\"nowrap\">17 April</span>&nbsp;2017</span>.</cite></span></li>\n<li id=\"cite_note-27\"><span class=\"mw-cite-backlink\"><strong>^</strong></span>&nbsp;<span class=\"reference-text\"><cite id=\"CITEREFFerne\" class=\"citation web cs1\">Ferne, Tristan.&nbsp;\"BBC &ndash; Research and Development: IRFS Weeknotes #130\". BBC<span class=\"reference-accessdate\">. Retrieved&nbsp;<span class=\"nowrap\">17 April</span>&nbsp;2017</span>.</cite></span></li>\n<li id=\"cite_note-28\"><span class=\"mw-cite-backlink\"><strong>^</strong></span>&nbsp;<span class=\"reference-text\"><cite class=\"citation web cs1\">\"Build skills\".&nbsp;<em>thespace.org</em>. 5 April 2016<span class=\"reference-accessdate\">. Retrieved&nbsp;<span class=\"nowrap\">17 April</span>&nbsp;2017</span>.</cite></span></li>\n<li id=\"cite_note-29\"><span class=\"mw-cite-backlink\"><strong>^</strong></span>&nbsp;<span class=\"reference-text\">\"Radiophonics in the BBC\",&nbsp;<em>BBC Engineering Division Monograph</em>&nbsp;#51 (November 1963)</span></li>\n<li id=\"cite_note-30\"><span class=\"mw-cite-backlink\"><strong>^</strong></span>&nbsp;<span class=\"reference-text\"><cite class=\"citation web cs1\">\"Audio on the Web &ndash; Rediscovering the era of the Radiophonic Workshop &ndash; BBC R&amp;D\". BBC<span class=\"reference-accessdate\">. Retrieved&nbsp;<span class=\"nowrap\">17 April</span>&nbsp;2017</span>.</cite></span></li>\n<li id=\"cite_note-31\"><span class=\"mw-cite-backlink\"><strong>^</strong></span>&nbsp;<span class=\"reference-text\"><cite id=\"CITEREFMuggs2013\" class=\"citation web cs1\">Muggs, Joe (23 November 2013).&nbsp;\"Radiophonic Workshop: the shadowy pioneers of electronic sound\".&nbsp;<em>The Guardian</em><span class=\"reference-accessdate\">. Retrieved&nbsp;<span class=\"nowrap\">30 July</span>&nbsp;2016</span>.</cite></span></li>\n</ol>\n</div>\n</div>",
 "remarks": "本词条汉字内容由 @多频百科团队 翻译+编辑\n原文译自 https://en.wikipedia.org/wiki/BBC_Radiophonic_Workshop",
 "remarksEn": "本词条内容来自 https://en.wikipedia.org/wiki/BBC_Radiophonic_Workshop",
 "status": 2,
 "clickNum": 13,
 "deleted": 0,
 "lang": 0,
 "chooseLang": true,
 "id": 551,
 "name": "BBC Radiophonic Workshop",
 "descriptions": "BBC Radiophonic Workshop 是 BBC 的音效工作室之一，创建于 1958 年，旨在为广播和后来的电视制作附带声音和新音乐。该工作室以其在电子音乐和音乐技术方面的实验性和开创性工作以及在上世纪 50 年代和 60 年代为《Doctor Who》和《Quatermass and the Pit》等节目制作的流行配乐而闻名。",
 "typeText": "音乐工作室, 录音棚",
 "manageStatusText": "关闭",
 "nation": "英国",
 "province": "",
 "city": "London",
 "address": "Delaware Road, Maida Vale, London",
 "openingTimeText": "1958年",
 "majorStyle": "Electronic Music",
 "referenceUrl": "https://en.wikipedia.org/wiki/BBC_Radiophonic_Workshop",
 "typeId": 15,
 "typeName": "场所",
 "dataId": 551,
 "url": "http://dropinapp.hearinmusic.com/#/ency?typeId=15&dataId=551"
}