{
 "pageNum": 1,
 "pageSize": 10,
 "params": {},
 "content": "<p>广州bbR酒吧，bbr酒吧是一个专注于电子音乐文化推广以及Raver与夜店相结合的一个派对品牌，彻夜不眠不休狂欢之后，您可以体验到的场景是&mdash;&mdash;只有 bbR 拥有的日出文化，没有任何一家夜 店会像家里一样，阳光会透过窗帘温柔的把你唤醒，大多数彻夜狂欢的派对动物，总是在营业结束才被迫散去，迎接他们的是刺眼的阳光，不得不把手挡在眼前；只有bbR会在店里看到日出，与你身边的人从黑夜狂欢至破晓，与你身边的人，迎接清晨第一缕阳光！</p>",
 "remarks": "本词条内容来自 http://wanjulife.com/merchant_133.html",
 "remarksEn": "本词条内容暂未完善仅供参考，多频百科小编正在火速赶来",
 "status": 1,
 "clickNum": 27,
 "deleted": 0,
 "lang": 0,
 "chooseLang": false,
 "id": 37,
 "name": "BBR酒吧",
 "descriptions": "广州bbR酒吧，bbr酒吧是一个专注于电子音乐文化推广以及Raver与夜店相结合的一个派对品牌，彻夜不眠不休狂欢之后，您可以体验到的场景是——只有 bbR 拥有的日出文化。",
 "picture": "https://duopin-community.oss-cn-shenzhen.aliyuncs.com/image/2021/8/vtexdfahm3xyumsmxj3q.jpg",
 "nickname": "",
 "typeText": "Nightclub, 酒吧",
 "manageStatusText": "",
 "nation": "中国",
 "province": "",
 "city": "广州",
 "address": "世贸殿堂‘保利中悦广州’3楼",
 "openingTimeText": "",
 "manageScale": "占地面积6600平方米层高22米",
 "majorStyle": "",
 "officialUrl": "",
 "referenceUrl": "http://wanjulife.com/merchant_133.html",
 "typeId": 15,
 "typeName": "场所",
 "dataId": 37,
 "url": "http://dropinapp.hearinmusic.com/#/ency?typeId=15&dataId=37"
}