{
 "pageNum": 1,
 "pageSize": 10,
 "params": {},
 "content": "<div>\n<div class=\"document\">\n<p class=\"paragraph text-align-type-left pap-line-1.8 pap-line-rule-auto pap-spacing-before-2pt pap-spacing-after-2pt\">20 多年来，海滩俱乐部一直是电子音乐爱好者的首选目的地。 可容纳10,000多人，是北美最大的户外综合体。 海滩俱乐部每个周末都会邀请伟大的艺术家，以其在电子音乐行业中的国际声誉而自豪。</p>\n</div>\n</div>\n<p>&nbsp;</p>",
 "contentEn": "<p>The Beachclub has been a top destination for electronic music enthusiasts for over 20 years. With a capacity of more than 10,000 people, it is the biggest outdoor complex in North America. Featuring great artists every weekend the Beachclub prides itself on its international reputation within the electronic music industry.</p>",
 "remarks": "本词条汉字内容由 @多频百科团队 翻译+编辑\n原文译自 https://electroparade.com/en/participant/beach-club/",
 "remarksEn": "本词条内容来自 https://electroparade.com/en/participant/beach-club/",
 "status": 1,
 "clickNum": 12,
 "deleted": 0,
 "lang": 0,
 "chooseLang": true,
 "id": 39,
 "name": "Beach Club",
 "descriptions": "20 多年来，海滩俱乐部一直是电子音乐爱好者的首选目的地。 可容纳10,000多人，是北美最大的户外综合体。 海滩俱乐部每个周末都会邀请伟大的艺术家，以其在电子音乐行业中的国际声誉而自豪。",
 "nickname": "",
 "typeText": "Nightclub",
 "manageStatusText": "",
 "nation": "Canada",
 "province": "",
 "city": "Quebec",
 "address": "701, 38e Rue, Pointe-Calumet, QC, Canada J0N 1G2",
 "openingTimeText": "",
 "manageScale": "可容纳>10000人",
 "majorStyle": "",
 "officialUrl": "http://www.beachclub.com/",
 "referenceUrl": "https://electroparade.com/en/participant/beach-club/",
 "typeId": 15,
 "typeName": "场所",
 "dataId": 39,
 "url": "http://dropinapp.hearinmusic.com/#/ency?typeId=15&dataId=39"
}