{
 "pageNum": 1,
 "pageSize": 10,
 "params": {},
 "content": "<p>Berghain（<small>发音为</small><span class=\"IPA\" title=\"国际音标 (IPA) 表示法\">[bɛʁkhaɪn]&nbsp;</span>）是一个位于德国柏林的夜总会。它以其位于柏林Kreuzberg和Friedrichshain边界附近的位置而得名，距离柏林 Ostbahnhof主线火车站仅几步之遥。由Norbert Thormann 和 Michael Teufele这对朋友于 2004 年创立，自此成为世界上最著名的俱乐部之一，<sup id=\"cite_ref-:4_3-0\" class=\"reference\"></sup>有时也被称为&ldquo;世界Techno 之都&rdquo;。</p>\n<p>&nbsp;</p>\n<p><strong>历史</strong></p>\n<p>Thormann 和 Teufele 于 1990 年代成为派对发起人，在柏林附近的各个俱乐部举办了一场名为 Snax 的仅限男性的恋物癖俱乐部之夜。1999 年，他们在弗里德里希斯海因的一个前铁路维修站成立了他们的第一个俱乐部 Ostgut。与 Snax 不同的是，该俱乐部对公众开放。它于 2003 年 1 月关闭，该建筑将被拆除，后来被柏林O&nbsp;<sub>2</sub>世界取代（自 2015 年起：梅赛德斯-奔驰竞技场）。</p>\n<p>&nbsp;</p>\n<p>Berghain 于 2004 年作为 Ostgut 的转世而开业。该名称是建筑物南侧和北侧的两个城区的综合体：Kreuz&nbsp;<em>berg</em>（以前在西柏林）和Friedrichs&nbsp;<em>hain</em>（以前在东柏林）。德语词的字面意思<em>的Berghain</em>是&ldquo;山树林。&rdquo;</p>\n<p>&nbsp;</p>\n<p>俱乐部位于一座建于 1953 年并于 1980 年代废弃的前发电厂。<sup id=\"cite_ref-:4_3-1\" class=\"reference\"></sup>该空间最初是从能源公司Vattenfall<sup id=\"cite_ref-7\" class=\"reference\"></sup>租用的，但自 2011 年以来一直归俱乐部所有。<sup id=\"cite_ref-8\" class=\"reference\"></sup>该建筑以其巨大的尺寸而著称，主舞池有 18 米高的天花板。内部的简约设计以钢材和混凝土为主。只有一半的建筑物在使用。<sup id=\"cite_ref-Pitch1_4-1\" class=\"reference\"></sup></p>\n<p>&nbsp;</p>\n<p>2016 年，德国法院正式将 Berghain 指定为文化机构，允许俱乐部支付较低的税率。</p>\n<p>&nbsp;</p>\n<p><strong>夜总会</strong></p>\n<p>俱乐部的主要房间以电子音乐为主，楼上有一个较小的空间，全景酒吧，以房子为特色。<sup id=\"cite_ref-Cassynews_10-0\" class=\"reference\"></sup>地下室有一个名为Lab.Oratory的男性专用性俱乐部。</p>\n<p>&nbsp;</p>\n<p>Berghain在其主舞池上安装了Funktion-One音响系统，该系统于 2004 年安装时，是该公司最大的俱乐部安装系统之一。<sup id=\"cite_ref-:1_12-0\" class=\"reference\"></sup>推出时，音响系统包括四个 Funktion-One Dance Stacks（由一个 DS210、一个 DS215 和三个 F218 组成）、一个双 Infrahorn（由两个 Infrabass 和一个 Doublehorn Extension 组成）和两个用于监听的Resolution 2&nbsp;。Panorama Bar 于 2007 年升级为四点线阵列系统，另外还有六个来自 Studt Akustik 的低音炮。</p>\n<p>&nbsp;</p>\n<p>2020 年 3 月，德国 COVID-19 大流行开始时，Berghain 与柏林的所有其他夜总会一起关闭。整个夏天，它在建筑物和相邻的啤酒花园内举办了几个声音艺术装置。<sup id=\"cite_ref-16\" class=\"reference\">[16]</sup>&nbsp;9 月，室内俱乐部作为艺术空间重新开放，举办了一场名为&ldquo;柏林工作室&rdquo;的展览，展出了 115 位柏林艺术家，包括塔西塔&middot;迪恩、奥拉维尔&middot;埃利亚松和沃尔夫冈&middot;蒂尔曼斯。</p>\n<p>&nbsp;</p>\n<p><strong>文化</strong></p>\n<p>Berghain 已经与颓废和享乐主义联系在一起。它在大多数周末从周六晚上到周一早上持续开放。<sup id=\"cite_ref-class_20-0\" class=\"reference\">[20] 顾客</sup>在舞池以及专门为此类活动预留的黑暗房间中公开进行性行为。<sup id=\"cite_ref-nz_21-0\" class=\"reference\"></sup>与 Ostgut 一样，该俱乐部专注于同性恋社区，但对所有人开放，除了每年两次的 Snax。<sup id=\"cite_ref-22\" class=\"reference\"></sup></p>\n<p>&nbsp;</p>\n<p>俱乐部内不允许拍照，顾客需要用贴纸盖住他们的智能手机相机。当俱乐部改建为&ldquo;柏林工作室&rdquo;展览的艺术空间时，该政策得以维持。<sup id=\"cite_ref-:2_17-1\" class=\"reference\"></sup>因为俱乐部里普遍使用毒品，所以没有镜子或其他反光表面，所以客人们可以免于&ldquo;在一场史诗般的派对之后看到自己的脸而感到震惊&rdquo;。<sup id=\"cite_ref-Pitch1_4-3\" class=\"reference\"></sup></p>\n<p>&nbsp;</p>\n<p>俱乐部的大门政策因严格和不透明而臭名昭著，偶尔会产生种族主义的指责以及关于如何进入的频繁辩论和猜测。首席保镖 Sven Marquardt 也是一名摄影师，是电子音乐界的小名人。</p>\n<p>&nbsp;</p>\n<p><strong>厂牌</strong></p>\n<p>2005 年，Berghain 的所有者创立了唱片公司Ostgut Ton。它的第一个版本是由 Berghain/Panorama Bar DJ 居民如Marcel Dettmann、Cassy 和Ben Klock 发布的。该厂牌的音乐主要是techno、tech house、Detroit techno和minimum techno。</p>\n<p>&nbsp;</p>\n<p>2007 年，Berghain 与柏林国家芭蕾舞团合作创作了《Shut Up and Dance!》，当年 6 月底和 7 月初在俱乐部为五名舞者表演的芭蕾舞剧。芭蕾舞的原声带，于 2007 年 5 月 29 日在 Ostgut Ton 发行，由五首由著名的极简技术艺术家特别创作的曲目组成，如Luciano&nbsp;,&nbsp;&Acirc;me&nbsp;, Sleeparchive 和Luke Slater&nbsp;(The 7th清楚的）。原声带获得了一些积极的评价，<sup id=\"cite_ref-Guardlex_35-0\" class=\"reference\"></sup>而芭蕾则不太受欢迎。</p>\n<p>&nbsp;</p>\n<p>2010 年 10 月，唱片公司发布了五周年合辑《<em>F&uuml;nf》</em>，其中使用了俱乐部内部的现场录音。H&ouml;ppner 在 2010 年 8 月的一次采访中进一步解释了编译背后的概念：</p>\n<p>&nbsp;</p>\n<blockquote>\n<p>嗯，这真的不是我的主意&hellip;&hellip;我不喜欢像其他人一样做这件事的想法&mdash;&mdash;也许是通过旧目录和一些关键艺术家的一些独家新曲目的混合&hellip;&hellip;我想要更多的东西特别的。不久前我遇到了 Emika，她自己在 Ninja Tune 上制作音乐。去年夏天的一天，我们坐在一起，她告诉我她上次访问 Berghain 的事情。那是一个普通的星期天早上，她注意到大楼里的一切都在共振、振动、摆动和嗡嗡声&mdash;&mdash;她意识到有很多声音来自大楼本身。这导致了在不向公众开放的情况下在建筑物内进行现场录音的想法&hellip;&hellip;大约花了两三个星期&hellip;&hellip;这是一个 4 GB 的图书馆。</p>\n<p>&nbsp;</p>\n</blockquote>\n<p>H&ouml;ppner 还谈到了厂牌的艺人名单和销售业绩，称很多提交唱片的人都被拒绝了，因为&ldquo;内部艺人太多了&rdquo;，而当时厂牌的产品销售量比其他厂牌高，但没有产生很大的利润。在 2010 年到 2015 年期间，H&ouml;ppner 说：&ldquo;每个人都有自己的品味和非常高的质量标准。我想，保持这种质量水平就是我们的抱负。保持有趣，不管这实际上意味着什么还有待于见过。&rdquo;</p>",
 "contentEn": "<p><strong>Berghain</strong>&nbsp;(<small>pronounced&nbsp;</small><span class=\"IPA\" title=\"Representation in the International Phonetic Alphabet (IPA)\">[bɛʁkhaɪn]</span>) is a&nbsp;nightclub&nbsp;in&nbsp;Berlin, Germany. It is named after its location near the border between&nbsp;Kreuzberg&nbsp;and&nbsp;Friedrichshain&nbsp;in Berlin, and is a short walk from&nbsp;Berlin Ostbahnhof&nbsp;main line railway station.<sup id=\"cite_ref-xl_1-0\" class=\"reference\">[1]</sup>&nbsp;Founded in 2004 by friends Norbert Thormann and Michael Teufele,<sup id=\"cite_ref-:3_2-0\" class=\"reference\">[2]</sup>&nbsp;it has since become one of the world's most famous clubs,<sup id=\"cite_ref-:4_3-0\" class=\"reference\">[3]</sup>&nbsp;and is sometimes called the \"world capital of&nbsp;Techno.\"<sup id=\"cite_ref-Pitch1_4-0\" class=\"reference\">[4]</sup></p>\n<p>&nbsp;</p>\n<h2><span id=\"History\" class=\"mw-headline\">History</span></h2>\n<p>Thormann and Teufele became party promoters in the 1990s, hosting a male-only fetish club night called Snax at various clubs around Berlin. In 1999 they founded their first club, Ostgut, in a former railway repair depot in Friedrichshain. Unlike Snax, the club was open to the general public. It closed in January 2003, with the building slated for demolition and later replaced by the O<sub>2</sub>&nbsp;World Berlin (since 2015:&nbsp;Mercedes-Benz Arena).<sup id=\"cite_ref-:3_2-1\" class=\"reference\">[2]</sup></p>\n<p>&nbsp;</p>\n<p>Berghain opened in 2004 as a reincarnation of Ostgut.<sup id=\"cite_ref-5\" class=\"reference\">[5]</sup><sup id=\"cite_ref-6\" class=\"reference\">[6]</sup>&nbsp;The name is a portmanteau of the two city quarters that flank the south and north sides of the building:&nbsp;Kreuz<em>berg</em>&nbsp;(formerly in&nbsp;West Berlin) and&nbsp;Friedrichs<em>hain</em>&nbsp;(formerly in&nbsp;East Berlin). The literal meaning of the German word&nbsp;<em>Berghain</em>&nbsp;is \"mountain&nbsp;grove.\"</p>\n<p>&nbsp;</p>\n<p>The club is in a former power plant built in 1953 and abandoned in the 1980s.<sup id=\"cite_ref-:4_3-1\" class=\"reference\">[3]</sup>&nbsp;The space was originally rented from the energy company&nbsp;Vattenfall<sup id=\"cite_ref-7\" class=\"reference\">[7]</sup>&nbsp;but has been owned outright by the club since 2011.<sup id=\"cite_ref-8\" class=\"reference\">[8]</sup>&nbsp;The building is remarkable for its enormous dimensions, with 18-meter ceilings on the main dancefloor. The interior's minimalist design is dominated by steel and concrete. Only half the building is in use.<sup id=\"cite_ref-Pitch1_4-1\" class=\"reference\">[4]</sup></p>\n<p>&nbsp;</p>\n<p>In 2016, a German court officially designated Berghain a cultural institution, which allows the club to pay a reduced tax rate.<sup id=\"cite_ref-:5_9-0\" class=\"reference\">[9]</sup></p>\n<p>&nbsp;</p>\n<h2><span id=\"Nightclub\" class=\"mw-headline\">Nightclub</span></h2>\n<p>The club's main room is focused on techno, with a smaller upstairs space, Panorama Bar, featuring house.<sup id=\"cite_ref-Pitch1_4-2\" class=\"reference\">[4]</sup><sup id=\"cite_ref-Cassynews_10-0\" class=\"reference\">[10]</sup>&nbsp;The basement holds a male-only sex club called Lab.Oratory.<sup id=\"cite_ref-11\" class=\"reference\">[11]</sup></p>\n<p>&nbsp;</p>\n<p>Berghain has a&nbsp;Funktion-One&nbsp;sound system on its main dance floor which, when it was installed in 2004, was one of the company's largest club installs.<sup id=\"cite_ref-:1_12-0\" class=\"reference\">[12]</sup>&nbsp;At its launch, the sound system comprised four Funktion-One Dance Stacks (consisting of a DS210, a DS215 and three F218), a Double Infrahorn (consisting of two Infrabass, one Doublehorn Extension) and two Resolution 2 for&nbsp;monitoring.<sup id=\"cite_ref-13\" class=\"reference\">[13]</sup>&nbsp;The Panorama Bar was upgraded in 2007 with a four-point line-array system with an additional six subwoofers from Studt Akustik.<sup id=\"cite_ref-14\" class=\"reference\">[14]</sup></p>\n<p>&nbsp;</p>\n<p>At the onset of the&nbsp;COVID-19 pandemic in Germany, in March 2020, Berghain closed along with all other nightclubs in Berlin.<sup id=\"cite_ref-15\" class=\"reference\">[15]</sup>&nbsp;Over the summer, it hosted several sound art installations inside the building and the adjacent beer garden.<sup id=\"cite_ref-16\" class=\"reference\">[16]</sup>&nbsp;In September, the indoors club reopened as an art space, hosting an exhibition titled \"Studio Berlin\" featuring 115 Berlin-based artists including&nbsp;Tacita Dean,&nbsp;Olafur Eliasson&nbsp;and&nbsp;Wolfgang Tillmans.<sup id=\"cite_ref-:2_17-0\" class=\"reference\">[17]</sup><sup id=\"cite_ref-:0_18-0\" class=\"reference\">[18]</sup><sup id=\"cite_ref-19\" class=\"reference\">[19]</sup></p>\n<p>&nbsp;</p>\n<h2><span id=\"Culture\" class=\"mw-headline\">Culture</span></h2>\n<p>Berghain has become associated with&nbsp;decadence&nbsp;and&nbsp;hedonism. It is open continuously most weekends from Saturday night through late Monday morning.<sup id=\"cite_ref-class_20-0\" class=\"reference\">[20]</sup>&nbsp;Patrons openly engage in sexual acts on the dance floor, as well as in&nbsp;dark rooms&nbsp;specifically set aside for such activity.<sup id=\"cite_ref-nz_21-0\" class=\"reference\">[21]</sup>&nbsp;Like Ostgut, the club focuses on the gay community but is open to all, save for the twice-yearly Snax.<sup id=\"cite_ref-22\" class=\"reference\">[22]</sup></p>\n<p>&nbsp;</p>\n<p>No photos are allowed inside the club, with patrons required to cover their smartphone cameras with a sticker.<sup id=\"cite_ref-:3_2-2\" class=\"reference\">[2]</sup>&nbsp;The policy was maintained when the club converted into an art space for the \"Studio Berlin\" exhibition.<sup id=\"cite_ref-:2_17-1\" class=\"reference\">[17]</sup>&nbsp;Because drugs are commonly used in the club, there are no mirrors or other reflective surfaces, so that guests are spared the \"buzzkilling indignity of seeing their own faces after an epic partying session.\"<sup id=\"cite_ref-:4_3-2\" class=\"reference\">[3]</sup><sup id=\"cite_ref-Pitch1_4-3\" class=\"reference\">[4]</sup></p>\n<p>&nbsp;</p>\n<p>The club's door policy is notorious for being both strict and opaque,<sup id=\"cite_ref-23\" class=\"reference\">[23]</sup>&nbsp;generating occasional accusations of racism<sup id=\"cite_ref-:5_9-1\" class=\"reference\">[9]</sup><sup id=\"cite_ref-24\" class=\"reference\">[24]</sup><sup id=\"cite_ref-25\" class=\"reference\">[25]</sup>&nbsp;and frequent debate and speculation about how to get in.<sup id=\"cite_ref-26\" class=\"reference\">[26]</sup><sup id=\"cite_ref-27\" class=\"reference\">[27]</sup><sup id=\"cite_ref-28\" class=\"reference\">[28]</sup>&nbsp;Head bouncer Sven Marquardt, who is also a photographer, is a minor celebrity in the techno scene.<sup id=\"cite_ref-:3_2-3\" class=\"reference\">[2]</sup><sup id=\"cite_ref-29\" class=\"reference\">[29]</sup></p>\n<p>&nbsp;</p>\n<h2><span id=\"Record_label\" class=\"mw-headline\">Record label</span></h2>\n<p>In 2005, Berghain's owners started a record label,&nbsp;Ostgut Ton.<sup id=\"cite_ref-Pitch1_4-4\" class=\"reference\">[4]</sup><sup id=\"cite_ref-stylus_30-0\" class=\"reference\">[30]</sup>&nbsp;Its first releases were by Berghain/Panorama Bar DJ residents such as&nbsp;Marcel Dettmann, Cassy and&nbsp;Ben Klock. The label's music is mostly&nbsp;techno,&nbsp;tech house,&nbsp;Detroit techno&nbsp;and&nbsp;minimal techno.</p>\n<p>&nbsp;</p>\n<p>In 2007 Berghain collaborated with the&nbsp;Berlin State Ballet&nbsp;to create&nbsp;<em>Shut Up and Dance! Updated</em>, a ballet for five dancers that was performed at the club in late June and early July that year.<sup id=\"cite_ref-31\" class=\"reference\">[31]</sup><sup id=\"cite_ref-RASUAD_32-0\" class=\"reference\">[32]</sup>&nbsp;The ballet's soundtrack, released on Ostgut Ton on May 29, 2007,<sup id=\"cite_ref-RASUAD_32-1\" class=\"reference\">[32]</sup>&nbsp;is made up of five specially composed tracks by prominent minimal techno artists, such as&nbsp;Luciano,&nbsp;&Acirc;me, Sleeparchive and&nbsp;Luke Slater&nbsp;(The 7th Plain).<sup id=\"cite_ref-inthemix_33-0\" class=\"reference\">[33]</sup>&nbsp;The soundtrack received some positive reviews,<sup id=\"cite_ref-stylus_30-1\" class=\"reference\">[30]</sup><sup id=\"cite_ref-xlr8r_34-0\" class=\"reference\">[34]</sup><sup id=\"cite_ref-Guardlex_35-0\" class=\"reference\">[35]</sup>&nbsp;while the ballet was less well received.<sup id=\"cite_ref-RAevent_36-0\" class=\"reference\">[36]</sup></p>\n<p>&nbsp;</p>\n<p>In October 2010 the label released a five-year anniversary compilation,&nbsp;<em>F&uuml;nf</em>, for which field recordings from within the club were used. H&ouml;ppner further explained the concept behind the compilation in an August 2010 interview:</p>\n<p>&nbsp;</p>\n<blockquote>\n<p>Well, it wasn't really my idea ... I didn't like the thought of doing it like everyone else&ndash;maybe a mix through the back catalog and a few exclusive new tracks by some key artists... I wanted something more special. Then a while ago I met Emika, she's making music herself on Ninja Tune. We sat together one day last summer and she told me about her last visit to Berghain. It was a regular Sunday morning and she noticed how everything in the building was resonating and vibrating and swinging and humming&ndash;she realized that there were a lot of sounds coming from the building itself. That led to the idea of doing field recordings within the building while it's not open to the public ... It took about two or three weeks ... It was a four gigabyte library.<sup id=\"cite_ref-Nick_37-0\" class=\"reference\">[37]</sup></p>\n<p>&nbsp;</p>\n</blockquote>\n<p>H&ouml;ppner also spoke about the label's artist roster and sales performance, saying that many people who submit recordings are turned down because there are \"so many in-house artists\", while the label at that time was selling more product than other labels, but not generating much profit. Of the period from 2010 to 2015, H&ouml;ppner said, \"Everyone has his tastes and a very high standard of quality. Just maintaining this level of quality is our ambition, I guess. Keep it interesting, and whatever that might actually mean remains to be seen.\"<sup id=\"cite_ref-Nick_37-1\" class=\"reference\">[37]</sup></p>\n<p>&nbsp;</p>\n<h2><span id=\"References\" class=\"mw-headline\">References</span></h2>\n<div class=\"reflist reflist-columns references-column-width reflist-columns-2\">\n<ol class=\"references\">\n<li id=\"cite_note-xl-1\"><span class=\"mw-cite-backlink\"><strong>^</strong></span>&nbsp;<span class=\"reference-text\">Panoramabar: Berlin's Underworld | XLR8R&nbsp;Archived&nbsp;2008-02-08 at the&nbsp;Wayback Machine</span></li>\n<li id=\"cite_note-:3-2\"><span class=\"mw-cite-backlink\">^&nbsp;<span class=\"cite-accessibility-label\">Jump up to:</span><sup><em><strong>a</strong></em></sup>&nbsp;<sup><em><strong>b</strong></em></sup>&nbsp;<sup><em><strong>c</strong></em></sup>&nbsp;<sup><em><strong>d</strong></em></sup></span>&nbsp;<span class=\"reference-text\"><cite id=\"CITEREFPaumgarten2014\" class=\"citation magazine cs1\">Paumgarten, Nick (16 March 2014).&nbsp;\"Dancing Through Berlin\".&nbsp;<em>The New Yorker</em><span class=\"reference-accessdate\">. Retrieved&nbsp;<span class=\"nowrap\">2020-12-22</span></span>.</cite></span></li>\n<li id=\"cite_note-:4-3\"><span class=\"mw-cite-backlink\">^&nbsp;<span class=\"cite-accessibility-label\">Jump up to:</span><sup><em><strong>a</strong></em></sup>&nbsp;<sup><em><strong>b</strong></em></sup>&nbsp;<sup><em><strong>c</strong></em></sup></span>&nbsp;<span class=\"reference-text\"><cite id=\"CITEREFRogers2014\" class=\"citation web cs1\">Rogers, Thomas (2014-02-06).&nbsp;\"Berghain: The Secretive, Sex-Fueled World of Techno's Coolest Club\".&nbsp;<em>Rolling Stone</em><span class=\"reference-accessdate\">. Retrieved&nbsp;<span class=\"nowrap\">2020-12-22</span></span>.</cite></span></li>\n<li id=\"cite_note-Pitch1-4\"><span class=\"mw-cite-backlink\">^&nbsp;<span class=\"cite-accessibility-label\">Jump up to:</span><sup><em><strong>a</strong></em></sup>&nbsp;<sup><em><strong>b</strong></em></sup>&nbsp;<sup><em><strong>c</strong></em></sup>&nbsp;<sup><em><strong>d</strong></em></sup>&nbsp;<sup><em><strong>e</strong></em></sup></span>&nbsp;<span class=\"reference-text\"><cite id=\"CITEREFSherburne2007\" class=\"citation web cs1\">Sherburne, Philip (2007-05-09).&nbsp;\"The Month In: Techno\".&nbsp;<em>Pitchfork Media</em><span class=\"reference-accessdate\">. Retrieved&nbsp;<span class=\"nowrap\">2007-07-04</span></span>.</cite></span></li>\n<li id=\"cite_note-5\"><span class=\"mw-cite-backlink\"><strong>^</strong></span>&nbsp;<span class=\"reference-text\"><cite id=\"CITEREFandrew\" class=\"citation web cs1\">andrew.&nbsp;\"Ostgut, Berlin &mdash; Discopia\". Archived from&nbsp;the original&nbsp;on 2006-08-29<span class=\"reference-accessdate\">. Retrieved&nbsp;<span class=\"nowrap\">2020-12-22</span></span>.</cite></span></li>\n<li id=\"cite_note-6\"><span class=\"mw-cite-backlink\"><strong>^</strong></span>&nbsp;<span class=\"reference-text\"><cite class=\"citation web cs1\">\"Berlin electro club Berghain turns two\".&nbsp;<em>The Berlin Paper</em>. 2006-12-16. Archived from&nbsp;the original&nbsp;on 2007-07-05<span class=\"reference-accessdate\">. Retrieved&nbsp;<span class=\"nowrap\">2007-07-04</span></span>.</cite></span></li>\n<li id=\"cite_note-7\"><span class=\"mw-cite-backlink\"><strong>^</strong></span>&nbsp;<span class=\"reference-text\"><cite id=\"CITEREFAndreas_Tzortzis2007\" class=\"citation news cs1\">Andreas Tzortzis (1 May 2007).&nbsp;\"In Berlin, art among the ruins\".&nbsp;<em>The New York Times</em><span class=\"reference-accessdate\">. Retrieved&nbsp;<span class=\"nowrap\">9 April</span>&nbsp;2014</span>.</cite></span></li>\n<li id=\"cite_note-8\"><span class=\"mw-cite-backlink\"><strong>^</strong></span>&nbsp;<span class=\"reference-text\"><cite id=\"CITEREFBalzer2012\" class=\"citation news cs1\">Balzer, Jens (2012-08-15).&nbsp;\"Berghain: Dies w&auml;re Ihr Klub gewesen\".&nbsp;<em>fr-online.de</em>&nbsp;(in German)<span class=\"reference-accessdate\">. Retrieved&nbsp;<span class=\"nowrap\">2016-07-09</span></span>.</cite></span></li>\n<li id=\"cite_note-:5-9\"><span class=\"mw-cite-backlink\">^&nbsp;<span class=\"cite-accessibility-label\">Jump up to:</span><sup><em><strong>a</strong></em></sup>&nbsp;<sup><em><strong>b</strong></em></sup></span>&nbsp;<span class=\"reference-text\"><cite id=\"CITEREFThaddeus-Johns2019\" class=\"citation news cs1\">Thaddeus-Johns, Josie (2019-11-14).&nbsp;\"Anything Goes in Berlin's Clubs. But Are Bouncers Killing the Vibe? (Published 2019)\".&nbsp;<em>The New York Times</em>.&nbsp;ISSN&nbsp;0362-4331<span class=\"reference-accessdate\">. Retrieved&nbsp;<span class=\"nowrap\">2020-12-22</span></span>.</cite></span></li>\n<li id=\"cite_note-Cassynews-10\"><span class=\"mw-cite-backlink\"><strong>^</strong></span>&nbsp;<span class=\"reference-text\"><cite class=\"citation web cs1\">\"New Cassy mix captures Panoramabar\".&nbsp;<em>Resident Advisor</em>. 2006-07-09<span class=\"reference-accessdate\">. Retrieved&nbsp;<span class=\"nowrap\">2007-07-04</span></span>.</cite></span></li>\n<li id=\"cite_note-11\"><span class=\"mw-cite-backlink\"><strong>^</strong></span>&nbsp;<span class=\"reference-text\"><cite class=\"citation web cs1\">\"Lab.Oratory Berlin\".&nbsp;<em>www.lab-oratory.de</em>. Archived from&nbsp;the original&nbsp;on 2019-12-03<span class=\"reference-accessdate\">. Retrieved&nbsp;<span class=\"nowrap\">2020-06-30</span></span>.</cite></span></li>\n<li id=\"cite_note-:1-12\"><span class=\"mw-cite-backlink\"><strong>^</strong></span>&nbsp;<span class=\"reference-text\"><cite id=\"CITEREFMahrt2011\" class=\"citation web cs1\">Mahrt, Emin (August 2011).&nbsp;\"The Story of Funktion One\".&nbsp;<em>Proud Magazine</em>.</cite></span></li>\n<li id=\"cite_note-13\"><span class=\"mw-cite-backlink\"><strong>^</strong></span>&nbsp;<span class=\"reference-text\"><cite class=\"citation journal cs1\">\"Berghain\".&nbsp;<em>Mondo*dr Magazine</em>: 76&ndash;78. July&ndash;August 2005.</cite></span></li>\n<li id=\"cite_note-14\"><span class=\"mw-cite-backlink\"><strong>^</strong></span>&nbsp;<span class=\"reference-text\"><cite class=\"citation journal cs1\">\"Berghain's Panorama Bar Has A New Soundsystem\".&nbsp;<em>Electronic Beats</em>. August 2017.</cite></span></li>\n<li id=\"cite_note-15\"><span class=\"mw-cite-backlink\"><strong>^</strong></span>&nbsp;<span class=\"reference-text\"><cite class=\"citation web cs1\">\"Berghain cancels all club events until late April amid coronavirus concerns\".&nbsp;<em>DJMag.com</em>. 2020-03-11<span class=\"reference-accessdate\">. Retrieved&nbsp;<span class=\"nowrap\">2020-12-22</span></span>.</cite></span></li>\n<li id=\"cite_note-16\"><span class=\"mw-cite-backlink\"><strong>^</strong></span>&nbsp;<span class=\"reference-text\"><cite class=\"citation web cs1\">\"Berghain is hosting limited-capacity \"sound exhibitions<span class=\"cs1-kern-right\">\"</span>\".&nbsp;<em>DJMag.com</em>. 2020-07-28<span class=\"reference-accessdate\">. Retrieved&nbsp;<span class=\"nowrap\">2020-12-22</span></span>.</cite></span></li>\n<li id=\"cite_note-:2-17\"><span class=\"mw-cite-backlink\">^&nbsp;<span class=\"cite-accessibility-label\">Jump up to:</span><sup><em><strong>a</strong></em></sup>&nbsp;<sup><em><strong>b</strong></em></sup></span>&nbsp;<span class=\"reference-text\"><cite id=\"CITEREFBradley2020\" class=\"citation news cs1\">Bradley, Kimberly (2020-09-04).&nbsp;\"While Berghain Is Closed, There's Art on the Dance Floor\".&nbsp;<em>The New York Times</em>.&nbsp;ISSN&nbsp;0362-4331<span class=\"reference-accessdate\">. Retrieved&nbsp;<span class=\"nowrap\">2020-11-23</span></span>.</cite></span></li>\n<li id=\"cite_note-:0-18\"><span class=\"mw-cite-backlink\"><strong>^</strong></span>&nbsp;<span class=\"reference-text\"><cite id=\"CITEREFBarrell2020\" class=\"citation web cs1\">Barrell, Sarah (2020-11-19).&nbsp;\"How Berlin's infamous Berghain nightclub has reimagined itself in 2020\".&nbsp;<em>National Geographic UK</em><span class=\"reference-accessdate\">. Retrieved&nbsp;<span class=\"nowrap\">2020-11-23</span></span>.</cite></span></li>\n<li id=\"cite_note-19\"><span class=\"mw-cite-backlink\"><strong>^</strong></span>&nbsp;<span class=\"reference-text\"><cite class=\"citation web cs1\">\"Berghain to open as art gallery in September\".&nbsp;<em>DJMag.com</em>. 2020-08-14<span class=\"reference-accessdate\">. Retrieved&nbsp;<span class=\"nowrap\">2020-12-22</span></span>.</cite></span></li>\n<li id=\"cite_note-class-20\"><span class=\"mw-cite-backlink\"><strong>^</strong></span>&nbsp;<span class=\"reference-text\"><cite id=\"CITEREFPidd2008\" class=\"citation news cs1\">Pidd, Helen (9 January 2008).&nbsp;\"Last night a cellist saved my life\".&nbsp;<em>The Guardian</em><span class=\"reference-accessdate\">. Retrieved&nbsp;<span class=\"nowrap\">9 April</span>&nbsp;2014</span>.&nbsp;<q>Berlin's Berghain club is known for many things: its hardcore opening hours (starting from Saturday it stays open until Monday noon), its DJs (who play some of the best techno in Europe), and its relaxed attitude towards sex in public (walk past the booths on the ground floor and you're sure to see a bare bottom or 10).</q></cite></span></li>\n<li id=\"cite_note-nz-21\"><span class=\"mw-cite-backlink\"><strong>^</strong></span>&nbsp;<span class=\"reference-text\"><cite id=\"CITEREFBattersby2006\" class=\"citation news cs1\">Battersby, Shandelle (2006-10-19).&nbsp;\"Ich bin ein NZer\".&nbsp;<em>The New Zealand Herald</em>.</cite></span></li>\n<li id=\"cite_note-22\"><span class=\"mw-cite-backlink\"><strong>^</strong></span>&nbsp;<span class=\"reference-text\"><cite class=\"citation web cs1\">\"Live from Berghain [Snax Party] (30-03-13)\"&nbsp;<span class=\"cs1-format\">(Audio upload)</span>.&nbsp;<em>Dustin Zahn on SoundCloud</em>. SoundCloud. May 2013<span class=\"reference-accessdate\">. Retrieved&nbsp;<span class=\"nowrap\">9 April</span>&nbsp;2014</span>.</cite></span></li>\n<li id=\"cite_note-23\"><span class=\"mw-cite-backlink\"><strong>^</strong></span>&nbsp;<span class=\"reference-text\"><cite class=\"citation web cs1\">\"Poll Clubs 2016: Berghain / Panorama Bar\".&nbsp;<em>DJMag.com</em><span class=\"reference-accessdate\">. Retrieved&nbsp;<span class=\"nowrap\">2020-12-22</span></span>.</cite></span></li>\n<li id=\"cite_note-24\"><span class=\"mw-cite-backlink\"><strong>^</strong></span>&nbsp;<span class=\"reference-text\"><cite class=\"citation web cs1\">\"READ FELIX DA HOUSECAT'S TWITTER RANT IN FULL\".&nbsp;<em>DJMag.com</em>. 2015-02-24<span class=\"reference-accessdate\">. Retrieved&nbsp;<span class=\"nowrap\">2020-12-22</span></span>.</cite></span></li>\n<li id=\"cite_note-25\"><span class=\"mw-cite-backlink\"><strong>^</strong></span>&nbsp;<span class=\"reference-text\"><cite class=\"citation web cs1\">\"Is racism threatening Berlin's \"utopian\" club culture? - INDIE\".&nbsp;<em>INDIE Magazine</em>. 2019-06-20<span class=\"reference-accessdate\">. Retrieved&nbsp;<span class=\"nowrap\">2020-12-22</span></span>.</cite></span></li>\n<li id=\"cite_note-26\"><span class=\"mw-cite-backlink\"><strong>^</strong></span>&nbsp;<span class=\"reference-text\"><cite class=\"citation web cs1\">\"This website simulates getting in (or not getting in) to Berghain\".&nbsp;<em>Fact Magazine</em>. 2016-05-31<span class=\"reference-accessdate\">. Retrieved&nbsp;<span class=\"nowrap\">2020-12-22</span></span>.</cite></span></li>\n<li id=\"cite_note-27\"><span class=\"mw-cite-backlink\"><strong>^</strong></span>&nbsp;<span class=\"reference-text\"><cite id=\"CITEREFDundon\" class=\"citation web cs1\">Dundon, Alice.&nbsp;\"These 11 Secret Things Will Help You Get into Berghain\".&nbsp;<em>Culture Trip</em><span class=\"reference-accessdate\">. Retrieved&nbsp;<span class=\"nowrap\">2020-12-22</span></span>.</cite></span></li>\n<li id=\"cite_note-28\"><span class=\"mw-cite-backlink\"><strong>^</strong></span>&nbsp;<span class=\"reference-text\"><cite id=\"CITEREFCampbell2016\" class=\"citation news cs1\">Campbell, Scott (2016-02-05).&nbsp;\"Berghain: how to get into Berlin's most exclusive nightclub\".&nbsp;<em>The Telegraph</em>.&nbsp;ISSN&nbsp;0307-1235<span class=\"reference-accessdate\">. Retrieved&nbsp;<span class=\"nowrap\">2020-12-22</span></span>.</cite></span></li>\n<li id=\"cite_note-29\"><span class=\"mw-cite-backlink\"><strong>^</strong></span>&nbsp;<span class=\"reference-text\"><cite id=\"CITEREFHelm2015\" class=\"citation web cs1\">Helm, Burt (25 July 2015).&nbsp;\"How the Bouncer of Berghain Chooses Who Gets Into the Most Depraved Party on the Planet\".&nbsp;<em>GQ</em><span class=\"reference-accessdate\">. Retrieved&nbsp;<span class=\"nowrap\">2020-12-22</span></span>.</cite></span></li>\n<li id=\"cite_note-stylus-30\"><span class=\"mw-cite-backlink\">^&nbsp;<span class=\"cite-accessibility-label\">Jump up to:</span><sup><em><strong>a</strong></em></sup>&nbsp;<sup><em><strong>b</strong></em></sup></span>&nbsp;<span class=\"reference-text\"><cite class=\"citation web cs1\">\"Archived copy\". Archived from&nbsp;the original&nbsp;on 2008-01-04<span class=\"reference-accessdate\">. Retrieved&nbsp;<span class=\"nowrap\">2007-08-18</span></span>.</cite></span></li>\n<li id=\"cite_note-31\"><span class=\"mw-cite-backlink\"><strong>^</strong></span>&nbsp;<span class=\"reference-text\"><cite class=\"citation web cs1\">\"Spielplan Spielzeit 06-07\". Staatsballett Berlin. Archived from&nbsp;the original&nbsp;on 2007-05-03<span class=\"reference-accessdate\">. Retrieved&nbsp;<span class=\"nowrap\">2007-07-04</span></span>.</cite></span></li>\n<li id=\"cite_note-RASUAD-32\"><span class=\"mw-cite-backlink\">^&nbsp;<span class=\"cite-accessibility-label\">Jump up to:</span><sup><em><strong>a</strong></em></sup>&nbsp;<sup><em><strong>b</strong></em></sup></span>&nbsp;<span class=\"reference-text\"><cite class=\"citation web cs1\">\"Shut up and dance\".&nbsp;<em>Resident Advisor</em>. 2007-03-23<span class=\"reference-accessdate\">. Retrieved&nbsp;<span class=\"nowrap\">2007-07-04</span></span>.</cite></span></li>\n<li id=\"cite_note-inthemix-33\"><span class=\"mw-cite-backlink\"><strong>^</strong></span>&nbsp;<span class=\"reference-text\"><cite class=\"citation web cs1\">\"Various Artists &ndash; Shut Up And Dance! Updated\".&nbsp;<em>inthemix.com.au</em>. 2007-06-07. Archived from&nbsp;the original&nbsp;on 2007-09-30<span class=\"reference-accessdate\">. Retrieved&nbsp;<span class=\"nowrap\">2007-07-04</span></span>.</cite></span></li>\n<li id=\"cite_note-xlr8r-34\"><span class=\"mw-cite-backlink\"><strong>^</strong></span>&nbsp;<span class=\"reference-text\"><cite class=\"citation web cs1\">\"Archived copy\". Archived from&nbsp;the original&nbsp;on 2007-08-24<span class=\"reference-accessdate\">. Retrieved&nbsp;<span class=\"nowrap\">2007-08-18</span></span>.</cite></span></li>\n<li id=\"cite_note-Guardlex-35\"><span class=\"mw-cite-backlink\"><strong>^</strong></span>&nbsp;<span class=\"reference-text\"><cite id=\"CITEREFMacpherson2007\" class=\"citation news cs1\">Macpherson, Alex (2007-05-25).&nbsp;\"Various Artists, Shut up and Dance!\".&nbsp;<em>The Guardian</em>. London<span class=\"reference-accessdate\">. Retrieved&nbsp;<span class=\"nowrap\">2007-07-04</span></span>.</cite></span></li>\n<li id=\"cite_note-RAevent-36\"><span class=\"mw-cite-backlink\"><strong>^</strong></span>&nbsp;<span class=\"reference-text\"><cite id=\"CITEREFJanet_Leyton-GrantEnrico_Nawrath2007\" class=\"citation web cs1\">Janet Leyton-Grant; Enrico Nawrath (27 June 2007).&nbsp;\"Shut Up and Dance!\".&nbsp;<em>Resident Advisor</em>. Resident Advisor Ltd<span class=\"reference-accessdate\">. Retrieved&nbsp;<span class=\"nowrap\">9 April</span>2014</span>.</cite></span></li>\n<li id=\"cite_note-Nick-37\"><span class=\"mw-cite-backlink\">^&nbsp;<span class=\"cite-accessibility-label\">Jump up to:</span><sup><em><strong>a</strong></em></sup>&nbsp;<sup><em><strong>b</strong></em></sup></span>&nbsp;<span class=\"reference-text\"><cite class=\"citation web cs1\">\"Marcel Dettmann, SCB, Tama Sumo and others all contribute tracks to the Berlin label's new compilation\".&nbsp;<em>Resident Advisor</em>. Resident Advisor Ltd. 26 August 2010<span class=\"reference-accessdate\">. Retrieved&nbsp;<span class=\"nowrap\">9 April</span>&nbsp;2014</span>.</cite></span></li>\n<li id=\"cite_note-38\"><span class=\"mw-cite-backlink\"><strong>^</strong></span>&nbsp;<span class=\"reference-text\"><cite id=\"CITEREFChristopher_Lawton2011\" class=\"citation news cs1\">Christopher Lawton (27 June 2011).&nbsp;\"The Berlin Night Life: Dark...and Cool\".&nbsp;<em>Wall Street Journal</em><span class=\"reference-accessdate\">. Retrieved&nbsp;<span class=\"nowrap\">9 April</span>&nbsp;2014</span>.</cite></span></li>\n<li id=\"cite_note-39\"><span class=\"mw-cite-backlink\"><strong>^</strong></span>&nbsp;<span class=\"reference-text\"><cite class=\"citation web cs1\">\"Top 100 Clubs 2008\". DJMagazine.</cite></span></li>\n<li id=\"cite_note-40\"><span class=\"mw-cite-backlink\"><strong>^</strong></span>&nbsp;<span class=\"reference-text\"><cite class=\"citation web cs1\">\"Top 100 Clubs 2009\". DJMagazine.</cite></span></li>\n<li id=\"cite_note-41\"><span class=\"mw-cite-backlink\"><strong>^</strong></span>&nbsp;<span class=\"reference-text\"><cite class=\"citation web cs1\">\"Top 100 Clubs 2010\". DJMagazine.</cite></span></li>\n<li id=\"cite_note-42\"><span class=\"mw-cite-backlink\"><strong>^</strong></span>&nbsp;<span class=\"reference-text\"><cite class=\"citation web cs1\">\"Top 100 Clubs 2011\". DJMagazine.</cite></span></li>\n<li id=\"cite_note-43\"><span class=\"mw-cite-backlink\"><strong>^</strong></span>&nbsp;<span class=\"reference-text\"><cite class=\"citation web cs1\">\"Top 100 Clubs 2012\". DJMagazine.</cite></span></li>\n<li id=\"cite_note-44\"><span class=\"mw-cite-backlink\"><strong>^</strong></span>&nbsp;<span class=\"reference-text\"><cite class=\"citation web cs1\">\"Top 100 Clubs 2013\". DJMagazine.</cite></span></li>\n<li id=\"cite_note-45\"><span class=\"mw-cite-backlink\"><strong>^</strong></span>&nbsp;<span class=\"reference-text\"><cite class=\"citation web cs1\">\"Top 100 Clubs 2014\". DJMagazine.</cite></span></li>\n<li id=\"cite_note-46\"><span class=\"mw-cite-backlink\"><strong>^</strong></span>&nbsp;<span class=\"reference-text\"><cite class=\"citation web cs1\">\"Top 100 Clubs 2015\". DJMagazine.</cite></span></li>\n<li id=\"cite_note-47\"><span class=\"mw-cite-backlink\"><strong>^</strong></span>&nbsp;<span class=\"reference-text\"><cite class=\"citation web cs1\">\"Top 100 Clubs 2016\". DJMagazine.</cite></span></li>\n<li id=\"cite_note-48\"><span class=\"mw-cite-backlink\"><strong>^</strong></span>&nbsp;<span class=\"reference-text\"><cite class=\"citation web cs1\">\"Top 100 Clubs 2017\". DJMagazine.</cite></span></li>\n<li id=\"cite_note-49\"><span class=\"mw-cite-backlink\"><strong>^</strong></span>&nbsp;<span class=\"reference-text\"><cite class=\"citation web cs1\">\"Top 100 Clubs 2018\". DJMagazine.</cite></span></li>\n<li id=\"cite_note-50\"><span class=\"mw-cite-backlink\"><strong>^</strong></span>&nbsp;<span class=\"reference-text\"><cite class=\"citation web cs1\">\"Top 100 Clubs 2019\". DJMagazine.</cite></span></li>\n<li id=\"cite_note-51\"><span class=\"mw-cite-backlink\"><strong>^</strong></span>&nbsp;<span class=\"reference-text\"><cite class=\"citation web cs1\">\"Top 100 Clubs 2020\". DJMagazine.</cite></span></li>\n<li id=\"cite_note-52\"><span class=\"mw-cite-backlink\"><strong>^</strong></span>&nbsp;<span class=\"reference-text\"><cite class=\"citation web cs1\">\"Archived copy\". Archived from&nbsp;the original&nbsp;on 2018-09-02<span class=\"reference-accessdate\">. Retrieved&nbsp;<span class=\"nowrap\">2018-09-02</span></span>.</cite></span></li>\n<li id=\"cite_note-53\"><span class=\"mw-cite-backlink\"><strong>^</strong></span>&nbsp;<span class=\"reference-text\"><cite class=\"citation web cs1\">\"Archived copy\". Archived from&nbsp;the original&nbsp;on 2012-02-01<span class=\"reference-accessdate\">. Retrieved&nbsp;<span class=\"nowrap\">2018-11-06</span></span>.</cite></span></li>\n<li id=\"cite_note-54\"><span class=\"mw-cite-backlink\"><strong>^</strong></span>&nbsp;<span class=\"reference-text\"><cite class=\"citation web cs1\">\"Archived copy\". Archived from&nbsp;the original&nbsp;on 2013-03-07<span class=\"reference-accessdate\">. Retrieved&nbsp;<span class=\"nowrap\">2018-09-02</span></span>.</cite></span></li>\n<li id=\"cite_note-55\"><span class=\"mw-cite-backlink\"><strong>^</strong></span>&nbsp;<span class=\"reference-text\"><cite class=\"citation web cs1\">\"Archived copy\". Archived from&nbsp;the original&nbsp;on 2014-03-12<span class=\"reference-accessdate\">. Retrieved&nbsp;<span class=\"nowrap\">2018-09-02</span></span>.</cite></span></li>\n<li id=\"cite_note-56\"><span class=\"mw-cite-backlink\"><strong>^</strong></span>&nbsp;<span class=\"reference-text\"><cite class=\"citation web cs1\">\"Archived copy\". Archived from&nbsp;the original&nbsp;on 2017-04-06<span class=\"reference-accessdate\">. Retrieved&nbsp;<span class=\"nowrap\">2018-09-02</span></span>.</cite></span></li>\n<li id=\"cite_note-57\"><span class=\"mw-cite-backlink\"><strong>^</strong></span>&nbsp;<span class=\"reference-text\"><cite class=\"citation web cs1\">\"Archived copy\". Archived from&nbsp;the original&nbsp;on 2016-06-30<span class=\"reference-accessdate\">. Retrieved&nbsp;<span class=\"nowrap\">2018-09-02</span></span>.</cite></span></li>\n<li id=\"cite_note-58\"><span class=\"mw-cite-backlink\"><strong>^</strong></span>&nbsp;<span class=\"reference-text\"><cite class=\"citation web cs1\">\"IDMA 2020 winners announced: Avicii's 'Tim' named as the best album\". April 2020.</cite></span></li>\n</ol>\n</div>",
 "remarks": "本词条汉字内容由 @多频百科团队 翻译+编辑\n原文译自 https://en.wikipedia.org/wiki/Berghain",
 "remarksEn": "本词条内容来自 https://en.wikipedia.org/wiki/Berghain",
 "status": 1,
 "clickNum": 11,
 "deleted": 0,
 "lang": 0,
 "chooseLang": true,
 "id": 40,
 "name": "Berghain",
 "descriptions": "Berghain（发音为[bɛʁkhaɪn] ）是一个位于德国柏林的夜总会。它以其位于柏林Kreuzberg和Friedrichshain边界附近的位置而得名，距离柏林 Ostbahnhof主线火车站仅几步之遥。",
 "nickname": "",
 "typeText": "Nightclub ",
 "manageStatusText": "",
 "nation": "Germany",
 "province": "",
 "city": "Berlin",
 "address": "Friedrichshain, Berlin, Germany",
 "openingTimeText": "2004",
 "manageScale": "可容纳1500人",
 "majorStyle": "Techno ",
 "officialUrl": "",
 "referenceUrl": "https://en.wikipedia.org/wiki/Berghain",
 "typeId": 15,
 "typeName": "场所",
 "dataId": 40,
 "url": "http://dropinapp.hearinmusic.com/#/ency?typeId=15&dataId=40"
}