{
 "pageNum": 1,
 "pageSize": 10,
 "params": {},
 "relationEncy": "[{\"id\":33612,\"typeId\":14,\"dataId\":494,\"name\":\"Big Apple Records\",\"url\":\"http://dropinapp.hearinmusic.com/#/ency?typeId=14&dataId=494\"},{\"id\":36477,\"typeId\":13,\"dataId\":150,\"name\":\"Traditional UK Dubstep\",\"url\":\"http://dropinapp.hearinmusic.com/#/ency?typeId=13&dataId=150\"},{\"id\":25192,\"typeId\":12,\"dataId\":25192,\"name\":\"Skream\",\"url\":\"http://dropinapp.hearinmusic.com/#/ency?typeId=12&dataId=25192\"},{\"id\":7499,\"typeId\":12,\"dataId\":7499,\"name\":\"DJ Hatcha\",\"url\":\"http://dropinapp.hearinmusic.com/#/ency?typeId=12&dataId=7499\"},{\"id\":3036,\"typeId\":12,\"dataId\":3036,\"name\":\"Benga\",\"url\":\"http://dropinapp.hearinmusic.com/#/ency?typeId=12&dataId=3036\"}]",
 "content": "<p>Big Apple Records是位于伦敦南部Croydon区Surrey Street的唱片行，并经营同名音乐厂牌，以其与传统英式Dubstep场景的紧密联系而闻名。</p>\n<p>&nbsp;</p>\n<p class=\"paragraph text-align-type-left pap-line-1.8 pap-line-rule-auto pap-spacing-before-0pt pap-spacing-after-0pt\" style=\"text-align: center;\"><img src=\"https://duopin-community.oss-cn-shenzhen.aliyuncs.com/0d76fws1y4gkj1kb8cg0.jpg\" alt=\"\" width=\"720\" height=\"482\" /></p>\n<p class=\"paragraph text-align-type-left pap-line-1.8 pap-line-rule-auto pap-spacing-before-0pt pap-spacing-after-0pt\" style=\"text-align: center;\"><span style=\"font-size: 8pt;\">位于伦敦南部的Big Apple Records唱片店</span></p>\n<p class=\"paragraph text-align-type-left pap-line-1.8 pap-line-rule-auto pap-spacing-before-0pt pap-spacing-after-0pt\" style=\"text-align: center;\"><span style=\"font-size: 8pt;\">By Bigapplerecords - Own work, CC BY-SA 3.0, https://commons.wikimedia.org/w/index.php?curid=20902258</span></p>\n<p class=\"paragraph text-align-type-left pap-line-1.8 pap-line-rule-auto pap-spacing-before-0pt pap-spacing-after-0pt\" style=\"text-align: center;\">&nbsp;</p>\n<p>Big Apple Records 最初叫做 Apple Records，位于伦敦南部Croydon区Surrey Street，这里是一个繁忙的水果和蔬菜市场。开设唱片行的创意来自两个本地好朋友Gary Hughes和Steve Robertson。由于需要进一步投资，在唱片行将于 1992 年 11 月开业的前一周，Steve邀请John Kennedy成为第三位合伙人。最开始时，这家唱片行一楼售卖 Progressive House 和 Techno，在二楼则是 Jungle。开张后不久，由于披头士的唱片公司 Apple 威胁要起诉，他们不得不将其名称更改为&ldquo;Big Apple Records&rdquo;。</p>\n<p>&nbsp;</p>\n<p>唱片店起初经营的还不错，但当时克罗伊登的竞争非常激烈，附近还有 8 或 9 家其他唱片店。逐渐，业务无法维持 3 个创始伙伴的合作。随着Gary和Steve先后离开唱片行，从 1996 年夏天开始，John 成为Big Apple Records的独资经营者。</p>\n<p>&nbsp;</p>\n<p>不久之后，John 邀请他的朋友 Arthur Smith (绘画艺术家) 入住顶层，并将其改造成他的工作室。John还决定用listening booths（收听音乐的小隔间）替换二楼的Jungle（现在是Drum and Bass）区域。</p>\n<p>&nbsp;</p>\n<p>随着Garage音乐的流行，唱片行开始变得非常忙碌。John聘请了一位年轻的 Dj Hatcha 与他一起在店里工作，Hatcha 带来了许多新客户和 dj，他们活跃在当地流行的海盗电台。（Hatcha 不是主要买手，所有的采购都是由 John 完成的）与此同时，Arthur 的作品受到了高度追捧，最终他制作了 Daniel Beddingfield 的冠军单曲&mdash;&mdash;Gonna get through this。由于 Arthur 的许多曲目最初只能在Big Apple Records和其相关网络渠道中买到，因此人们开始认为这是一家出色的唱片行。</p>\n<p>&nbsp;</p>\n<p>由于许多员工来自 Techno 或 Jungle 音乐背景，因此 Big Apple Records 总是倾向于挖掘 Garage 的更深层次，特别是 Sounds of the Future、Zed Bias、Wookie、Oris Jay 和 El-B 的作品。这反过来又激发了唱片行的许多年轻客户制作这种类型的音乐。Benga 和 Skream 都从很小的时候就开始在 Apple 购物，Benga 第一次进店时大约 11 岁，而 Skream 的哥哥 Hijak 在这家店断断续续地工作了很多年，所以 Skream 也是从很小的时候开始的。最初两人都使用基础的音乐程序制作曲目，而受到 Hatcha 的启发和激励，他们很快变得足够出色，也可以在唱片行开设的新厂牌 Big Apple Music 上发布。该厂牌由 John、Arthur 和 Hatcha 于 2002 年创立，旨在宣传这家唱片行和当地新人才。</p>\n<p>&nbsp;</p>\n<p>Dubstep 一词也起源于这个时期（在 XLR8 杂志的一篇文章中）。Big Apple 是第一个发布 Benga、Skream 和 Digital Mystikz 曲目的厂牌。由于无法将这种新音乐归类，这些发行版最初引起了热烈的反响，直到像 FWD 和 DMZ 这样的夜间活动开始运作，提供了一个聆听新音乐&ldquo;Dubstep&rdquo;的出口。</p>\n<p>&nbsp;</p>\n<p>从 2002 年开始，Big Apple Records的黑胶唱片销量急剧下降，原因包括互联网的爆炸式增长和音乐文件的在线共享以及当局对当地地下电台的打击。2004年，这家唱片行结束了传奇般的经营故事。其实它本不必关闭，但John已经无法忍受现状。他在这个地方工作了整整12年，他想要去做其他事情，尤其是旅行。这家唱片行最终在 2004 年 11 月 20 日正式停止营业，距离它开业整整 12 年。</p>",
 "contentEn": "",
 "remarks": "本词条内容由 @多频百科团队 翻译+编辑\n原文译自 https://www.facebook.com/Big-Apple-Records-1479277789023969/",
 "remarksEn": "本词条内容暂未完善仅供参考，多频百科小编正在火速赶来",
 "status": 1,
 "clickNum": 31,
 "deleted": 0,
 "lang": 0,
 "chooseLang": false,
 "id": 549,
 "name": "Big Apple Records (Store)",
 "descriptions": "Big Apple Records是位于伦敦南部Croydon区Surrey Street的唱片行，并经营同名音乐厂牌，以其与传统英式Dubstep场景的紧密联系而闻名。",
 "picture": "https://duopin-community.oss-cn-shenzhen.aliyuncs.com/image/2021/8/2zy791d7dhcw1f1hdsou.jpg",
 "typeText": "唱片行",
 "manageStatusText": "停止营业",
 "nation": "英国",
 "province": "",
 "city": "London",
 "address": "Surrey Street, Croydon",
 "openingTimeText": "1992年11月20日 - 2004年11月20日",
 "majorStyle": "Dubstep",
 "referenceUrl": "https://www.facebook.com/Big-Apple-Records-1479277789023969/",
 "typeId": 15,
 "typeName": "场所",
 "dataId": 549,
 "url": "http://dropinapp.hearinmusic.com/#/ency?typeId=15&dataId=549"
}