{
 "pageNum": 1,
 "pageSize": 10,
 "params": {},
 "content": "<p>创造别于以往的全新感受，以经典的Beer Pong Bar为基调，提供更舒适雅致的环境，带领你/妳体验多种最新的互动娱乐，让这深夜时刻放下一切重新来过，跟我们一起玩乐吧！</p>",
 "remarks": "本词条内容来自 https://www.taipeiclub.com.tw/club.php?club=Blast",
 "remarksEn": "本词条内容暂未完善仅供参考，多频百科小编正在火速赶来",
 "status": 1,
 "clickNum": 16,
 "deleted": 0,
 "lang": 0,
 "chooseLang": false,
 "id": 42,
 "name": "Blast",
 "descriptions": "创造别于以往的全新感受，以经典的Beer Pong Bar为基调，提供更舒适雅致的环境，带领你/妳体验多种最新的互动娱乐，让这深夜时刻放下一切重新来过，跟我们一起玩乐吧！",
 "nickname": "",
 "typeText": "Nightclub",
 "manageStatusText": "",
 "nation": "中国",
 "province": "",
 "city": "台北",
 "address": "台北市信义区松寿路12号9F（ATT 4 FUN）",
 "openingTimeText": "",
 "manageScale": "",
 "majorStyle": "",
 "officialUrl": "",
 "referenceUrl": "https://www.taipeiclub.com.tw/club.php?club=Blast",
 "typeId": 15,
 "typeName": "场所",
 "dataId": 42,
 "url": "http://dropinapp.hearinmusic.com/#/ency?typeId=15&dataId=42"
}