{
 "pageNum": 1,
 "pageSize": 10,
 "params": {},
 "content": "<div>\n<div class=\"document\">\n<p class=\"paragraph text-align-type-left pap-line-1.3 pap-line-rule-auto pap-spacing-before-2pt pap-spacing-after-2pt\">The Block 是以色列俱乐部中最像&ldquo;The Israel Berghain&rdquo;的俱乐部，它位于特拉维夫非洲区中心的新中央汽车站内，它因顾客可以享受纯粹的俱乐部而出名（实际上，在 Block 的许多派对中，您会发现来自 Berghain 的 DJ，但在入口处没有 Berghain 门卫）。</p>\n<p class=\"paragraph text-align-type-left pap-line-1.3 pap-line-rule-auto pap-spacing-before-2pt pap-spacing-after-2pt\">&nbsp;</p>\n<p class=\"paragraph text-align-type-left pap-line-1.3 pap-line-rule-auto pap-spacing-before-2pt pap-spacing-after-2pt\">The Block里主要有3个地方：主空间&mdash;&mdash;禁止吸烟；The Squat&mdash;&mdash;另一个舞台和休息室；&nbsp;the Lounge。The Block与 Berghain 类似，不允许在主空间或The Squat中使用您的手机，这使得人们无法自拍或与 DJ 合影。</p>\n<p class=\"paragraph text-align-type-left pap-line-1.3 pap-line-rule-auto pap-spacing-before-2pt pap-spacing-after-2pt\">&nbsp;</p>\n<p class=\"paragraph text-align-type-left pap-line-1.3 pap-line-rule-auto pap-spacing-before-2pt pap-spacing-after-2pt\">派对大约在午夜开始，如果在 01:00 之前到达，通常会有很好的折扣。在晚上的高峰期02:00左右进入，这个地方便会从拥挤变成满座，然后变成半满，人流每天都如此。在party期间，即使在 07:00 或 08:00，街区也座无虚席。</p>\n<p class=\"paragraph text-align-type-left pap-line-1.3 pap-line-rule-auto pap-spacing-before-2pt pap-spacing-after-2pt\">&nbsp;</p>\n<p class=\"paragraph text-align-type-left pap-line-1.3 pap-line-rule-auto pap-spacing-before-2pt pap-spacing-after-2pt\">提示：最好的party是在星期四，因为在以色列，周末会提前一天开始，以便Block 邀请 DJ时与其他俱乐部的竞争不会太大。</p>\n</div>\n</div>",
 "contentEn": "<p>The Block, which among the Israeli clubs is the closest to be considered &ldquo;The Israeli Berghain&rdquo;, is a club located in the heart of the African Quarter of Tel Aviv, inside the new central bus station, and its main pride is the pure club experience that it provides (actually, in many parties at the Block you will find DJ&rsquo;s from Berghain, but luckily, no Berghain doormen at the entrance).</p>\n<p>&nbsp;</p>\n<p>There are 3 main spaces: The Main space- where smoking is forbidden, The Squat- A kind of alternative stage and the Lounge. Similar to the Berghain, You are not allowed to use your phone in the main space or in the squat room, which makes it impossible for people to tag themselves or to take a selfie with the DJ (also, it makes it real difficult to find something you dropped, so be careful).</p>\n<p>&nbsp;</p>\n<p>The party starts at around midnight (I think, I&rsquo;ve never been there that early), and usually there is a nice discount if you arrive before 01:00. I like to enter at around 02:00 for the peak of the night, and to experience it while the place is turning from crowded into full, and then half full and so on. During good parties, the Block is never less than full, even at 07:00 or 08:00.</p>\n<p>&nbsp;</p>\n<p>Tip: Usually, the best parties are on Thursday, since in Israel the weekend starts a day earlier, which allows the Block to invite DJ&rsquo;s with much less competition from other clubs.</p>",
 "remarks": "本词条汉字内容由 @多频百科团队 翻译+编辑\n原文译自 https://www.spottedbylocals.com/telaviv/the-block/",
 "remarksEn": "本词条内容来自 https://www.spottedbylocals.com/telaviv/the-block/",
 "status": 1,
 "clickNum": 10,
 "deleted": 0,
 "lang": 0,
 "chooseLang": true,
 "id": 44,
 "name": "Block Club",
 "descriptions": "The Block 是以色列俱乐部中最像“The Israel Berghain”的俱乐部，它位于特拉维夫非洲区中心的新中央汽车站内，它因顾客可以享受纯粹的俱乐部而出名。",
 "nickname": "",
 "typeText": "Nightclub",
 "manageStatusText": "",
 "nation": "Israel",
 "province": "",
 "city": "Tel Aviv",
 "address": "Shalma Rd 157, Tel Aviv-Yafo",
 "openingTimeText": "",
 "manageScale": "",
 "majorStyle": "",
 "officialUrl": "http://www.block-club.com/",
 "referenceUrl": "https://www.spottedbylocals.com/telaviv/the-block/",
 "typeId": 15,
 "typeName": "场所",
 "dataId": 44,
 "url": "http://dropinapp.hearinmusic.com/#/ency?typeId=15&dataId=44"
}