{
 "pageNum": 1,
 "pageSize": 10,
 "params": {},
 "content": "<p>现场音乐&amp;街头文化元素的结合，时尚亚文化交流平台。</p>\n<p><br />音乐风格：嘻哈与Trap（大部分）、pop、Reggaeton、glitch hop、techno&amp;trance（深夜）</p>\n<p><br />外国人优惠：每人每天免费2杯鸡尾酒（使用饮料券）</p>\n<p><br />派对时间：每周末（著名DJ、说唱歌手、音乐艺术家、地方民族音乐节）</p>",
 "contentEn": "<p>Livemusic &amp; a combination of street culture elements, a fashion subculture exchange platform.</p>\n<p>&nbsp;</p>\n<p>Music style：hiphop&amp;trap（the most part）、pop、Reggaeton、 glitch hop、techno&amp;trance（at late night）</p>\n<p>&nbsp;</p>\n<p>Foreigner privilege：2 cups of cocktail for free each day per person（use the drinks coupon ）</p>\n<p>&nbsp;</p>\n<p>Party time: Every weekend (Famous DJ、Rapper、Music artist、Local nation festival)</p>",
 "remarks": "本词条内容来自 https://www.foshanline.com/zh/tag/%e9%85%92%e5%90%a7/",
 "remarksEn": "本词条内容来自 https://www.foshanline.com/tag/pubs/",
 "status": 1,
 "clickNum": 11,
 "deleted": 0,
 "lang": 0,
 "chooseLang": true,
 "id": 43,
 "name": "BLOCK 13 CLUB",
 "descriptions": "现场音乐&街头文化元素的结合，时尚亚文化交流平台。",
 "nickname": "",
 "typeText": "Livehouse",
 "manageStatusText": "",
 "nation": "中国",
 "province": "",
 "city": "佛山",
 "address": "",
 "openingTimeText": "",
 "manageScale": "",
 "majorStyle": "hiphop&trap、pop、Reggaeton、 glitch hop、techno&trance",
 "officialUrl": "",
 "referenceUrl": "https://www.foshanline.com/zh/tag/%e9%85%92%e5%90%a7/",
 "typeId": 15,
 "typeName": "场所",
 "dataId": 43,
 "url": "http://dropinapp.hearinmusic.com/#/ency?typeId=15&dataId=43"
}