{
 "pageNum": 1,
 "pageSize": 10,
 "params": {},
 "content": "<div>\n<div class=\"document\">\n<p class=\"paragraph text-align-type-left pap-line-1.3 pap-line-rule-auto pap-spacing-before-2pt pap-spacing-after-2pt\">Blue Marlin Abu Dhabi于 2012 年 2 月开业，真正成为该地区的海滩俱乐部的标杆，并迅速成为阿联酋日夜派对最受欢迎的场所之一。</p>\n<p class=\"paragraph text-align-type-left pap-line-1.3 pap-line-rule-auto pap-spacing-before-2pt pap-spacing-after-2pt\">&nbsp;</p>\n<p class=\"paragraph text-align-type-left pap-line-1.3 pap-line-rule-auto pap-spacing-before-2pt pap-spacing-after-2pt\">这家屡获殊荣的海滩俱乐部因其周五的日夜派对而广受欢迎，它定期邀请世界上最热门的 House 和 Techno DJ，还有悠闲的巴利阿里风格的周六brunch。</p>\n</div>\n</div>",
 "contentEn": "<p>Having opened in February 2012, Blue Marlin Ibiza UAE really set the standard for beach clubs in the region, and quickly became one of the most sought-after spots for both day and night parties in the UAE.</p>\n<p>&nbsp;</p>\n<p>The award-winning beach club is equally as popular for its day-to-night Friday parties, where it regularly flies in the worlds hottest house and techno DJs, as it is for its laid-back, Balearic-style Saturday brunch.&nbsp;</p>",
 "remarks": "本词条汉字内容由 @多频百科团队 翻译+编辑\n原文译自 https://whatson.ae/2019/11/blue-marlin-ibiza-uae-to-close-in-ghantoot-this-december/",
 "remarksEn": "本词条内容来自 https://whatson.ae/2019/11/blue-marlin-ibiza-uae-to-close-in-ghantoot-this-december/",
 "status": 1,
 "clickNum": 10,
 "deleted": 0,
 "lang": 0,
 "chooseLang": true,
 "id": 45,
 "name": "Blue Marlin Abu Dhabi",
 "descriptions": "Blue Marlin Abu Dhabi于 2012 年 2 月开业，真正成为该地区的海滩俱乐部的标杆，并迅速成为阿联酋日夜派对最受欢迎的场所之一。",
 "nickname": "",
 "typeText": "Nightclub",
 "manageStatusText": "已停业",
 "nation": "UAE",
 "province": "",
 "city": "Abu Dhabi",
 "address": "Golden Tulip Al Jazira Hotels and Resort,off Sheikh Zayed road، Exit 399,Ghantoot - Abu Dhabi",
 "openingTimeText": "2012-2019",
 "manageScale": "可容纳1000人",
 "majorStyle": "Electro, House",
 "officialUrl": "https://bluemarlinibiza-uae.com/",
 "referenceUrl": "https://whatson.ae/2019/11/blue-marlin-ibiza-uae-to-close-in-ghantoot-this-december/",
 "typeId": 15,
 "typeName": "场所",
 "dataId": 45,
 "url": "http://dropinapp.hearinmusic.com/#/ency?typeId=15&dataId=45"
}