{
 "pageNum": 1,
 "pageSize": 10,
 "params": {},
 "content": "<div>\n<div class=\"document\">\n<p class=\"paragraph text-align-type-left pap-line-1.8 pap-line-rule-auto pap-spacing-before-2pt pap-spacing-after-2pt\">Blue Marlin Ibiza 位于美丽的 Cala Jondal 海湾，地理位置优越，是 Ibiza 最前卫的海滩娱乐场所。一旦踏入 Blue Marlin Ibiza ，将会有无限的选择。无论是在海滩上晒日光浴、在酒吧喝一杯鸡尾酒、在餐厅享用午餐和晚餐、随着国际 DJ 的节奏翩翩起舞，还是只是放松一下，Blue Marlin Ibiza 都将确保客人有宾至如归的感觉。</p>\n<p class=\"paragraph text-align-type-left pap-line-1.8 pap-line-rule-auto pap-spacing-before-2pt pap-spacing-after-2pt\">&nbsp;</p>\n<p class=\"paragraph text-align-type-left pap-line-1.8 pap-line-rule-auto pap-spacing-before-2pt pap-spacing-after-2pt\">Blue Marlin Ibiza 拥有自己的电台 BMI Radio 和杂志 BMI:MAG，旨在吸引具有前瞻性思维的客户。 Blue Marlin Ibiza 从白天的休闲到晚间的娱乐，一定会让最挑剔的客人感到满意。 Blue Marlin ibiza 提供个性化的客户服务、礼宾车和出租车船服务。 Blue Marlin Ibiza 在服务质量和创新方面一直处于领先地位，在音乐选择、高端服务和娱乐方面始终处于前沿。</p>\n<p class=\"paragraph text-align-type-left pap-line-1.8 pap-line-rule-auto pap-spacing-before-2pt pap-spacing-after-2pt\">&nbsp;</p>\n<p class=\"paragraph text-align-type-left pap-line-1.8 pap-line-rule-auto pap-spacing-before-2pt pap-spacing-after-2pt\">在开创了海滩娱乐形式并吸引了国际化人群之后，Blue Marlin Ibiza 已成为一种全球生活方式概念，在迪拜和墨西哥设有分店。</p>\n</div>\n</div>",
 "contentEn": "<p>Ideally located in the beautiful bay of Cala Jondal, Blue Marlin Ibiza is the most avant-garde beach entertainment experience in Ibiza. Once stepped into Blue Marlin Ibiza&rsquo;s world the choices are inﬁnite. Whether it is sunbathing on the beach, sipping a cocktail at the bar, enjoying lunch and dinner at the restaurant, dancing away to the beats of international DJ-sets or simply relaxing, Blue Marlin Ibiza will make sure guests are feeling at home in a laid-back environment.</p>\n<p>&nbsp;</p>\n<p>With its own radio, BMI Radio, and magazine, BMI:MAG, Blue Marlin Ibiza aims to engage and entertain a forward-thinking clientele. Blue Marlin Ibiza&rsquo;s smooth transition from daytime lounging to upbeat evening glamour, is bound to delight the most discerning guests. Blue Marlin ibiza offers a personalized customer service, courtesy car and taxi boat service. Blue Marlin Ibiza continues to lead the way in quality and innovation, remaining at the cutting-edge of musical selection, high-end service and entertainment.</p>\n<p>&nbsp;</p>\n<p>After pioneering the beach entertainment format and attracting a cosmopolitan crowd &ndash; Blue Marlin Ibiza has become a global lifestyle concept, with locations in Dubai and Mexico.</p>",
 "remarks": "本词条汉字内容由 @多频百科团队 翻译+编辑\n原文译自 https://www.facebook.com/BMIbiza/",
 "remarksEn": "本词条内容来自 https://www.facebook.com/BMIbiza/",
 "status": 1,
 "clickNum": 10,
 "deleted": 0,
 "lang": 0,
 "chooseLang": true,
 "id": 46,
 "name": "Blue Marlin Ibiza",
 "descriptions": "Blue Marlin Ibiza 位于美丽的 Cala Jondal 海湾，地理位置优越，是 Ibiza 最前卫的海滩娱乐场所。",
 "nickname": "",
 "typeText": "酒吧",
 "manageStatusText": "",
 "nation": "Spain",
 "province": "",
 "city": "Ibiza",
 "address": "Cala Jondal, s/n, 07800 Ibiza, Balearic Islands",
 "openingTimeText": "",
 "manageScale": "",
 "majorStyle": "Electronic",
 "officialUrl": "bluemarlinibiza.com",
 "referenceUrl": "https://www.facebook.com/BMIbiza/",
 "typeId": 15,
 "typeName": "场所",
 "dataId": 46,
 "url": "http://dropinapp.hearinmusic.com/#/ency?typeId=15&dataId=46"
}