{
 "pageNum": 1,
 "pageSize": 10,
 "params": {},
 "content": "<div>\n<div class=\"document\">\n<p class=\"paragraph text-align-type-left pap-line-1.8 pap-line-rule-auto pap-spacing-before-2pt pap-spacing-after-2pt\">柏林的 Berghain 不再是德国最好的夜店。 根据 DJ Mag 的一项民意调查显示，Bootshaus 位居德国夜店榜首。 科隆俱乐部甚至在国际排名中名列第八。</p>\n<p class=\"paragraph text-align-type-left pap-line-1.8 pap-line-rule-auto pap-spacing-before-2pt pap-spacing-after-2pt\">&nbsp;</p>\n<p class=\"paragraph text-align-type-left pap-line-1.8 pap-line-rule-auto pap-spacing-before-2pt pap-spacing-after-2pt\"><strong>位置</strong></p>\n<p class=\"paragraph text-align-type-left pap-line-1.8 pap-line-rule-auto pap-spacing-before-2pt pap-spacing-after-2pt\">进入 Bootshaus 后，您会被这里的面积所震撼，它拥有巨大的主楼层和两个稍小的房间，BLCKBX 和 Dreherei。 俱乐部可容纳2000人，相比之下，Berghain 只能容纳1,500 人，而 DJ Mag 排名第一的巴西 Green Valley则可以接待 12,000 名客人。</p>\n<p class=\"paragraph text-align-type-left pap-line-1.8 pap-line-rule-auto pap-spacing-before-2pt pap-spacing-after-2pt\">&nbsp;</p>\n<p class=\"paragraph text-align-type-left pap-line-1.8 pap-line-rule-auto pap-spacing-before-2pt pap-spacing-after-2pt\">最著名的 DJ 在俯瞰主楼层的显眼舞台上演奏，与 Dreherei 一样，主楼层配备了最先进的 Funktion-One 音响系统，而 BLCKBX 中的低音通过 Martin Audio 系统产生共鸣。 Bootshaus 的音质是粉丝们对它如此热衷的原因之一。</p>\n</div>\n</div>",
 "contentEn": "<div>\n<div class=\"document\">\n<p class=\"paragraph text-align-type-left pap-line-1.8 pap-line-rule-auto pap-spacing-before-2pt pap-spacing-after-2pt\">Berlin's Berghain is no longer the best nightclub in Germany. It's been topped by the Bootshaus, according to a poll by DJ Mag. The Cologne club even came in eighth in the international ranking.</p>\n<p class=\"paragraph text-align-type-left pap-line-1.8 pap-line-rule-auto pap-spacing-before-2pt pap-spacing-after-2pt\">&nbsp;</p>\n<p class=\"paragraph text-align-type-left pap-line-1.8 pap-line-rule-auto pap-spacing-before-2pt pap-spacing-after-2pt\"><strong>The location</strong></p>\n<p class=\"paragraph text-align-type-left pap-line-1.8 pap-line-rule-auto pap-spacing-before-2pt pap-spacing-after-2pt\">Once inside the Bootshaus, you'll be hit by the size of the location, with its huge main floor and its two somewhat smaller rooms, the BLCKBX and the Dreherei. The club has a capacity of 2,000. In comparison, Berghain allows 1,500 clubbers in, while the winner of the&nbsp;DJ Mag&nbsp;ranking, the Green Valley in Brazil, can welcome 12,000 guests.</p>\n<p class=\"paragraph text-align-type-left pap-line-1.8 pap-line-rule-auto pap-spacing-before-2pt pap-spacing-after-2pt\">&nbsp;</p>\n<p class=\"paragraph text-align-type-left pap-line-1.8 pap-line-rule-auto pap-spacing-before-2pt pap-spacing-after-2pt\">The most renowned DJs play on the prominent stage overlooking the main floor, which, like the Dreherei, is equipped with a state-of-the-art Funktion-One sound system, while the bass in the BLCKBX resonates through a Martin Audio system. The sound quality of the Bootshaus is one of the reasons why fans are so enthusiastic about it.</p>\n</div>\n</div>",
 "remarks": "本词条汉字内容由 @多频百科团队 翻译+编辑\n原文译自 https://www.dw.com/en/a-visit-to-colognes-bootshaus-germanys-top-club/a-48302142",
 "remarksEn": "本词条内容来自 https://www.dw.com/en/a-visit-to-colognes-bootshaus-germanys-top-club/a-48302142",
 "status": 1,
 "clickNum": 10,
 "deleted": 0,
 "lang": 0,
 "chooseLang": true,
 "id": 48,
 "name": "Bootshaus Colongne",
 "descriptions": "柏林的 Berghain 不再是德国最好的夜店。 根据 DJ Mag 的一项民意调查显示，Bootshaus 位居德国夜店榜首。 科隆俱乐部甚至在国际排名中名列第八。",
 "nickname": "Bootshaus Köln",
 "typeText": "Nightclub",
 "manageStatusText": "",
 "nation": "Germany",
 "province": "",
 "city": "Colongne",
 "address": "Auenweg 173, 51063 Köln",
 "openingTimeText": "1991",
 "manageScale": "1500",
 "majorStyle": "",
 "officialUrl": "https://www.bootshaus.tv/",
 "referenceUrl": "https://www.dw.com/en/a-visit-to-colognes-bootshaus-germanys-top-club/a-48302142",
 "typeId": 15,
 "typeName": "场所",
 "dataId": 48,
 "url": "http://dropinapp.hearinmusic.com/#/ency?typeId=15&dataId=48"
}