{
 "pageNum": 1,
 "pageSize": 10,
 "params": {},
 "content": "<div>\n<div class=\"document\">\n<p class=\"paragraph text-align-type-left pap-line-1.8 pap-line-rule-auto pap-spacing-before-2pt pap-spacing-after-2pt\">Borgata Hotel Casino&amp; Spa是一家在美国新泽西州大西洋城的酒店、赌场兼温泉。它由MGM Resorts International拥有和经营。这家赌场酒店拥有 2,798 间客房，是新泽西州最大的酒店。Borgata 于 2003 年 7 月开业，是大西洋城收入最高的赌场。</p>\n<p class=\"paragraph text-align-type-left pap-line-1.8 pap-line-rule-auto pap-spacing-before-2pt pap-spacing-after-2pt\">&nbsp;</p>\n<p class=\"paragraph text-align-type-left pap-line-1.8 pap-line-rule-auto pap-spacing-before-2pt pap-spacing-after-2pt\"><strong>历史</strong></p>\n<p class=\"paragraph text-align-type-left pap-line-1.8 pap-line-rule-auto pap-spacing-before-2pt pap-spacing-after-2pt\">Borgata 是大西洋城一个名为&ldquo;The Tunnel Project&rdquo;的大型项目的一部分，该项目于 1999 年左右开始。当史蒂夫&middot;永利在大西洋城规划Le Jardin时，他想建造一个价值 3.3 亿美元的 2.5 英里（4.0 公里）隧道，从大西洋开始通往新度假村的城市高速公路，后来被命名为大西洋城-布里根廷纽带，它将把大西洋城高速公路的传入交通汇入该市的码头区。这引起了很大的争议，因为它会穿过一个居民区。竞争对手唐纳德特朗普起诉永利，称这是通往永利赌场的&ldquo;车道&rdquo;。即使在 Le Jardin 被取消之后，隧道项目也确实取得了进展，并最终于 2001 年开放。</p>\n<p class=\"paragraph text-align-type-left pap-line-1.8 pap-line-rule-auto pap-spacing-before-2pt pap-spacing-after-2pt\">&nbsp;</p>\n<p class=\"paragraph text-align-type-left pap-line-1.8 pap-line-rule-auto pap-spacing-before-2pt pap-spacing-after-2pt\">Borgata 于 2003 年 7 月 2 日晚上 11:45 开业，是MGM Mirage和Boyd Gaming的合资企业。主塔 - 大西洋城第三高的建筑 - 由于其反光的金色玻璃外墙，从数英里外都可以看到。拉斯维加斯的Marnell Corrao Associates公司和费城的 Bower Lewis and Thrower Architects (BLT) 也参与了该项目。</p>\n<p class=\"paragraph text-align-type-left pap-line-1.8 pap-line-rule-auto pap-spacing-before-2pt pap-spacing-after-2pt\">&nbsp;</p>\n<p class=\"paragraph text-align-type-left pap-line-1.8 pap-line-rule-auto pap-spacing-before-2pt pap-spacing-after-2pt\">2005 年底和 2006 年初，Borgata 进行了 2 亿美元的赌场和零售扩张，新翼于 2006 年 6 月开业。作为扩张的一部分，Borgata 安装了大西洋城最大的扑克室。2008 年 6 月，Borgata 开设了第二家酒店The Water Club。</p>\n<p class=\"paragraph text-align-type-left pap-line-1.8 pap-line-rule-auto pap-spacing-before-2pt pap-spacing-after-2pt\">&nbsp;</p>\n<p class=\"paragraph text-align-type-left pap-line-1.8 pap-line-rule-auto pap-spacing-before-2pt pap-spacing-after-2pt\">2010 年初，有报道称MGM Mirage可能出售其在 Borgata 的所有权股份。2010 年 3 月 12 日，MGM Mirage 宣布将出售其在 Borgata 的股份，并停止作为新泽西州的博彩被许可人开展业务。2010 年 3 月 17 日，MGM Mirage 宣布新泽西赌场控制委员会(CCC) 批准了公司与新泽西博彩执法部门(DGE)之间的和解协议，根据该协议，公司将出售其 50% 的所有权对 Borgata 的股份。</p>\n<p class=\"paragraph text-align-type-left pap-line-1.8 pap-line-rule-auto pap-spacing-before-2pt pap-spacing-after-2pt\">&nbsp;</p>\n<p class=\"paragraph text-align-type-left pap-line-1.8 pap-line-rule-auto pap-spacing-before-2pt pap-spacing-after-2pt\">2014 年 9 月，CCC 在发现何超琼在澳门MGM的掌控权已被削弱后，撤销了先前的决定，允许MGM重新进入该州。</p>\n<p class=\"paragraph text-align-type-left pap-line-1.8 pap-line-rule-auto pap-spacing-before-2pt pap-spacing-after-2pt\">&nbsp;</p>\n<p class=\"paragraph text-align-type-left pap-line-1.8 pap-line-rule-auto pap-spacing-before-2pt pap-spacing-after-2pt\">MGM于 2016 年 5 月同意以 9 亿美元现金和承担的债务购买博伊德在 Borgata 的 50% 股份。MGM随后以11.8 亿美元的价格将该物业出售给其附属的房地产投资信托基金，并将其租回。对 MGM Resorts 的出售于 2016 年 8 月完成。</p>\n</div>\n</div>",
 "contentEn": "<p><strong>Borgata Hotel Casino &amp; Spa</strong>&nbsp;is a&nbsp;hotel,&nbsp;casino, and&nbsp;spa&nbsp;in&nbsp;Atlantic City, New Jersey,&nbsp;United States. It is owned and operated by&nbsp;MGM Resorts International. The casino hotel features 2,798 rooms and is the largest hotel in&nbsp;New Jersey. Borgata opened in July 2003 and is the top-grossing casino in Atlantic City.</p>\n<p>&nbsp;</p>\n<h2><span id=\"History\" class=\"mw-headline\">History</span></h2>\n<p>Borgata was part of a major project in Atlantic City nicknamed \"The Tunnel Project\", started around 1999. When&nbsp;Steve Wynn&nbsp;planned the&nbsp;Le Jardin&nbsp;in Atlantic City, he wanted to connect a $330 million 2.5-mile (4.0&nbsp;km) tunnel from the&nbsp;Atlantic City Expressway&nbsp;to the new resort, later named the&nbsp;Atlantic City-Brigantine Connector, which would funnel incoming traffic off the Atlantic City Expressway into the city's marina district. This caused major controversy, as it would cut through a residential neighborhood; competitor&nbsp;Donald Trump&nbsp;sued Wynn for it saying that it was a \"driveway\" to Wynn's casino. The Tunnel Project did progress, even after Le Jardin was cancelled, and finally opened in 2001.</p>\n<p>&nbsp;</p>\n<p>Borgata opened on July 2, 2003, at 11:45 pm, as a joint venture between&nbsp;MGM Mirage&nbsp;and&nbsp;Boyd Gaming. The main tower - the third tallest building in Atlantic City - is visible from many miles away due to its facade of reflective gold glass. The firms&nbsp;Marnell Corrao Associates&nbsp;of Las Vegas, and Philadelphia&rsquo;s Bower Lewis and Thrower Architects (BLT) worked on the project.<sup id=\"cite_ref-design_2-0\" class=\"reference\">[2]</sup></p>\n<p>&nbsp;</p>\n<p>In late 2005 and early 2006, Borgata underwent a $200 million casino and retail expansion, and the new wing opened in June 2006. As part of the expansion, Borgata installed a poker room, the largest in Atlantic City. In June 2008, Borgata opened its second hotel,&nbsp;The Water Club.<sup id=\"cite_ref-3\" class=\"reference\">[3]</sup></p>\n<p>&nbsp;</p>\n<p>In early 2010, it was reported that MGM Mirage might sell its ownership share in Borgata.<sup id=\"cite_ref-4\" class=\"reference\">[4]</sup>&nbsp;On March 12, 2010, MGM Mirage announced it would sell its stake in Borgata and stop doing business as a gaming licensee in New Jersey.<sup id=\"cite_ref-5\" class=\"reference\">[5]</sup>&nbsp;On March 17, 2010, MGM Mirage announced that the&nbsp;New Jersey Casino Control Commission&nbsp;(CCC) approved the settlement agreement between the Company and the&nbsp;New Jersey Division of Gaming Enforcement&nbsp;(DGE) under which the Company would sell its 50% ownership interest in the Borgata.<sup id=\"cite_ref-6\" class=\"reference\">[6]</sup></p>\n<p>&nbsp;</p>\n<p>In September 2014, the CCC reversed its earlier decision and allowed MGM back into the state, after finding that&nbsp;Pansy Ho's role in&nbsp;MGM Macau&nbsp;had been reduced.<sup id=\"cite_ref-7\" class=\"reference\">[7]</sup></p>\n<p>&nbsp;</p>\n<p>MGM agreed in May 2016 to purchase Boyd's 50 percent stake in the Borgata for $900 million in cash and assumed debt.<sup id=\"cite_ref-8\" class=\"reference\">[8]</sup>&nbsp;MGM then sold the property to its affiliated&nbsp;real estate investment trust&nbsp;for $1.18 billion and&nbsp;leased it back.<sup id=\"cite_ref-9\" class=\"reference\">[9]</sup>&nbsp;The sale to MGM Resorts was completed in August 2016.<sup id=\"cite_ref-10\" class=\"reference\">[10]</sup></p>\n<p>&nbsp;</p>\n<h2><span id=\"References\" class=\"mw-headline\">References</span></h2>\n<div class=\"reflist\">\n<div class=\"mw-references-wrap mw-references-columns\">\n<ol class=\"references\">\n<li id=\"cite_note-1\"><span class=\"mw-cite-backlink\"><strong>^</strong></span>&nbsp;<span class=\"reference-text\"><cite id=\"CITEREFGurbir_S._Grewal2019\" class=\"citation web cs1\">Gurbir S. Grewal (May 22, 2019).&nbsp;\"DGE Announces 1st Quarter 2019 Results\"&nbsp;<span class=\"cs1-format\">(PDF)</span>. State of New Jersey.</cite></span></li>\n<li id=\"cite_note-design-2\"><span class=\"mw-cite-backlink\"><strong>^</strong></span>&nbsp;<span class=\"reference-text\"><cite class=\"citation news cs1\">\"Full House on the Boardwalk\".&nbsp;<em>Interior Design News</em>. 10 February 2005<span class=\"reference-accessdate\">. Retrieved&nbsp;<span class=\"nowrap\">10 February</span>&nbsp;2015</span>.</cite></span></li>\n<li id=\"cite_note-3\"><span class=\"mw-cite-backlink\"><strong>^</strong></span>&nbsp;<span class=\"reference-text\"><cite id=\"CITEREFSloan2006\" class=\"citation news cs1\">Sloan, Gene (July 7, 2006).&nbsp;\"Travel Destinations: Atlantic City is building a Las Vegas image\".&nbsp;<em>USA Today</em><span class=\"reference-accessdate\">. Retrieved&nbsp;<span class=\"nowrap\">2007-10-22</span></span>.</cite></span></li>\n<li id=\"cite_note-4\"><span class=\"mw-cite-backlink\"><strong>^</strong></span>&nbsp;<span class=\"reference-text\"><cite class=\"citation web cs1\">\"MGM may exit Atlantic City\".&nbsp;<em>LVRJ</em>.</cite></span></li>\n<li id=\"cite_note-5\"><span class=\"mw-cite-backlink\"><strong>^</strong></span>&nbsp;<span class=\"reference-text\"><cite class=\"citation news cs1\">\"MGM Mirage to sell Atlantic City casino stake\".&nbsp;<em>The Associated Press</em>. March 12, 2010.</cite></span></li>\n<li id=\"cite_note-6\"><span class=\"mw-cite-backlink\"><strong>^</strong></span>&nbsp;<span class=\"reference-text\"><cite class=\"citation web cs1\">\"Settlement Agreement Approved in New Jersey MGM MIRAGE to Sell Interest in Borgata Hotel &amp; Casino\".&nbsp;<em>phx.corporate-ir.net</em>.</cite><sup class=\"noprint Inline-Template\">[<em><span title=\"&nbsp;Dead link since October 2019\">permanent dead link</span></em>]</sup></span></li>\n<li id=\"cite_note-7\"><span class=\"mw-cite-backlink\"><strong>^</strong></span>&nbsp;<span class=\"reference-text\"><cite id=\"CITEREFParry2014\" class=\"citation news cs1\">Parry, Wayne (September 10, 2014).&nbsp;\"New Jersey lets MGM keep half of Borgata casino\".&nbsp;<em>Las Vegas Sun</em>. AP<span class=\"reference-accessdate\">. Retrieved&nbsp;<span class=\"nowrap\">2014-10-24</span></span>.</cite></span></li>\n<li id=\"cite_note-8\"><span class=\"mw-cite-backlink\"><strong>^</strong></span>&nbsp;<span class=\"reference-text\"><cite id=\"CITEREFHeitner\" class=\"citation news cs1\">Heitner, Darren.&nbsp;\"MGM Buys Boyd Gaming's Share Of Borgata For $900 Million\".&nbsp;<em>Forbes</em><span class=\"reference-accessdate\">. Retrieved&nbsp;<span class=\"nowrap\">2 June</span>&nbsp;2016</span>.</cite></span></li>\n<li id=\"cite_note-9\"><span class=\"mw-cite-backlink\"><strong>^</strong></span>&nbsp;<span class=\"reference-text\"><cite id=\"CITEREFMorris,_J.D.2016\" class=\"citation news cs1\">Morris, J.D. (May 31, 2016).&nbsp;\"Boyd Gaming selling its stake in the Borgata to MGM\".&nbsp;<em>Vegas Inc</em><span class=\"reference-accessdate\">. Retrieved&nbsp;<span class=\"nowrap\">2016-05-31</span></span>.</cite></span></li>\n<li id=\"cite_note-10\"><span class=\"mw-cite-backlink\"><strong>^</strong></span>&nbsp;<span class=\"reference-text\"><cite id=\"CITEREFParry,_Wayne2016\" class=\"citation news cs1\">Parry, Wayne (August 1, 2016).&nbsp;\"Boyd Gaming finishes sale of its half of NJ's Borgata casino\".&nbsp;<em>Las Vegas Sun</em>. AP<span class=\"reference-accessdate\">. Retrieved&nbsp;<span class=\"nowrap\">2016-08-01</span></span>.</cite></span></li>\n</ol>\n</div>\n</div>",
 "remarks": "本词条汉字内容由 @多频百科团队 翻译+编辑\n原文译自 https://en.wikipedia.org/wiki/Borgata",
 "remarksEn": "本词条内容来自 https://en.wikipedia.org/wiki/Borgata",
 "status": 1,
 "clickNum": 14,
 "deleted": 0,
 "lang": 0,
 "chooseLang": true,
 "id": 50,
 "name": "Borgata",
 "descriptions": "Borgata Hotel Casino& Spa是一家在美国新泽西州大西洋城的酒店、赌场兼温泉。它由MGM Resorts International拥有和经营。这家赌场酒店拥有 2,798 间客房，是新泽西州最大的酒店。Borgata 于 2003 年 7 月开业，是大西洋城收入最高的赌场。",
 "nickname": "",
 "manageStatusText": "",
 "nation": "USA",
 "province": "",
 "city": "Atlantic City",
 "address": "Borgata Hotel, Casino & Spa, 1 Borgata Way, Atlantic City, NJ 08401",
 "openingTimeText": "1999",
 "manageScale": " 3,200 (theatre) and 1,700 (banquet)",
 "majorStyle": "",
 "officialUrl": "https://www.theborgata.com/?ecid=GMB_BG_HO",
 "referenceUrl": "https://en.wikipedia.org/wiki/Borgata",
 "typeId": 15,
 "typeName": "场所",
 "dataId": 50,
 "url": "http://dropinapp.hearinmusic.com/#/ency?typeId=15&dataId=50"
}