{
 "pageNum": 1,
 "pageSize": 10,
 "params": {},
 "content": "<p>在台北夜店的历史中，不得不提一下年代久远的9%， 在上一个世代中，想到夜店就想到9%， 那个时候是最多学生妹喜欢出没的地方。</p>\n<p>&nbsp;</p>\n<p>经过了许多的风风雨雨，9%以Box的姿态重新出发!， 虽然已经不像过去那么风光， 但是因为语言形态上面的特别关系， 现在已经变成许多国外正妹帅哥喜欢去的小酌一杯的地方。</p>\n<p>&nbsp;</p>\n<p>别小看这么一个小小的地方， 每到星期五、六，排队进场的国外交换生还是常常把这里挤满， 想要感受最不一样的异国风情派对， 就该到Box感受一下国外正妹帅哥的热情!</p>",
 "remarks": "本词条内容来自 https://www.taipeiclub.com.tw/club.php?club=Box",
 "remarksEn": "本词条内容暂未完善仅供参考，多频百科小编正在火速赶来",
 "status": 1,
 "clickNum": 20,
 "deleted": 0,
 "lang": 0,
 "chooseLang": false,
 "id": 51,
 "name": "Box Nightclub",
 "descriptions": "在台北夜店的历史中，不得不提一下年代久远的9%， 在上一个世代中，想到夜店就想到9%， 那个时候是最多学生妹喜欢出没的地方。",
 "picture": "https://duopin-community.oss-cn-shenzhen.aliyuncs.com/image/2021/8/3lvmbmdhaau6s5yv6sla.png",
 "nickname": "",
 "typeText": "Nightclub",
 "manageStatusText": "",
 "nation": "中国",
 "province": "",
 "city": "台北",
 "address": "台北市中正区罗斯福路2段67号B1（捷运「古亭站」）",
 "openingTimeText": "",
 "manageScale": "",
 "majorStyle": "",
 "officialUrl": "",
 "referenceUrl": "https://www.taipeiclub.com.tw/club.php?club=Box",
 "typeId": 15,
 "typeName": "场所",
 "dataId": 51,
 "url": "http://dropinapp.hearinmusic.com/#/ency?typeId=15&dataId=51"
}