{
 "pageNum": 1,
 "pageSize": 10,
 "params": {},
 "content": "<div>\n<div class=\"document\">\n<p class=\"paragraph text-align-type-left pap-line-1.8 pap-line-rule-auto pap-spacing-before-2pt pap-spacing-after-2pt\">自 2003 年成立以来，CACAO BEACH CLUB 迅速以各种形式和形式呈现令人难忘的夏日气氛而让人记忆深刻。俱乐部位于阳光海滩的南海岸，人气极高，成为当地俱乐部的教父，称为CACAO BEACH。</p>\n<p class=\"paragraph text-align-type-left pap-line-1.8 pap-line-rule-auto pap-spacing-before-2pt pap-spacing-after-2pt\">&nbsp;</p>\n<p class=\"paragraph text-align-type-left pap-line-1.8 pap-line-rule-auto pap-spacing-before-2pt pap-spacing-after-2pt\">CACAO BEACH CLUB 开阔宽敞，正面是广阔的大海，让人感觉自由自在，夏日微风拂面。这里的音乐是宗教的，节奏是有感染力的，白天是祝福的，夜晚是不眠的，而日出让早晨变得美好。CACAO BEACH CLUB 吸引着所有&nbsp;electronic beat 爱好者，是世界上一些最伟大的舞蹈艺术家展示他们音乐的地方，同时完美的声音和灯光营造出独特的氛围。除了外国客人，每年夏天，俱乐部都是许多有前途的当地艺术家和音乐家的演出平台，他们完善了俱乐部的音乐风格和种类。</p>\n<p class=\"paragraph text-align-type-left pap-line-1.8 pap-line-rule-auto pap-spacing-before-2pt pap-spacing-after-2pt\">&nbsp;</p>\n<p class=\"paragraph text-align-type-left pap-line-1.8 pap-line-rule-auto pap-spacing-before-2pt pap-spacing-after-2pt\">CACAO BEACH CLUB汇聚最美的风景和最强烈的音乐感受，为生活的夏天带来脉搏。</p>\n</div>\n</div>",
 "contentEn": "<p>Existing since 2003, CACAO BEACH CLUB turned quickly into a collective figure for unforgettable summer mood in all its shapes and forms. Located on the South coast of Sunny Beach, the club gains such high popularity that it becomes the godfather of the whole terrain, called CACAO BEACH.</p>\n<p>&nbsp;</p>\n<p>Open and spacious, CACAO BEACH CLUB has the vast sea on the front arousing the feeling for freedom and summer breeze. The music here is religion, the rhythm is contagious, the days are blessed, the nights &ndash; sleepless whereas the sunrises make the morning good. Magnet for all fans of the electronic beat, CACAO BEACH CLUB is the place where some of the greatest artists of the world dance stage present their music while the perfect sound and lighting create unique atmosphere. Except for the foreign guests, each summer the club is a springboard for many promising local artists and musicians who round out the musical palette.</p>\n<p>&nbsp;</p>\n<p>Gathering the most beautiful scenery and the strongest music sensations, CACAO BEACH CLUB brings the pulse for the living summer.&nbsp;</p>",
 "remarks": "本词条汉字内容由 @多频百科团队 翻译+编辑\n原文译自 https://cacaobeach.bg/club/Cacao-Beach-Club-1/",
 "remarksEn": "本词条内容来自 https://cacaobeach.bg/club/Cacao-Beach-Club-1/",
 "status": 1,
 "clickNum": 11,
 "deleted": 0,
 "lang": 0,
 "chooseLang": true,
 "id": 52,
 "name": "Cacao Beach Club",
 "descriptions": "自 2003 年成立以来，CACAO BEACH CLUB 迅速以各种形式和形式呈现令人难忘的夏日气氛而让人记忆深刻。俱乐部位于阳光海滩的南海岸，人气极高，成为当地俱乐部的教父，称为CACAO BEACH。",
 "nickname": "",
 "typeText": "Nightclub",
 "manageStatusText": "运营中",
 "nation": "Bulgaria",
 "province": "",
 "city": "Nesebar",
 "address": "Sunny Beach, 8240 Sunny Beach, Bulgaria\r\n",
 "openingTimeText": "2003",
 "manageScale": "可容纳2,500人",
 "majorStyle": "Dance & Electronic",
 "officialUrl": "https://cacaobeach.bg/club/Cacao-Beach-Club-1/",
 "referenceUrl": "https://cacaobeach.bg/club/Cacao-Beach-Club-1/",
 "typeId": 15,
 "typeName": "场所",
 "dataId": 52,
 "url": "http://dropinapp.hearinmusic.com/#/ency?typeId=15&dataId=52"
}