{
 "pageNum": 1,
 "pageSize": 10,
 "params": {},
 "relationEncy": "[{\"id\":33147,\"typeId\":14,\"dataId\":28,\"name\":\"Basic Channel\",\"url\":\"http://dropinapp.hearinmusic.com/#/ency?typeId=14&dataId=28\"},{\"id\":36339,\"typeId\":13,\"dataId\":12,\"name\":\"Techno\",\"url\":\"http://dropinapp.hearinmusic.com/#/ency?typeId=13&dataId=12\"}]",
 "content": "<p>Hard Wax 是一家位于德国柏林克罗伊茨贝格区的唱片店。它由德国Techno组合Basic Channel的两位成员（Mark Ernestus和Moritz Von Oswald） 于 1989 年 12 月在 Reichenberger Stra&szlig;e 大楼的底层创立开业。Hard Wax专门经营Techno、雷鬼、Dub和Dubstep等音乐，还担任与Basic Channel音乐美学相关的几家柏林唱片公司的分销商。其部分员工（或前成员）包括著名的 DJ，如 DJ Hell、Modeselektor 的 Gernot Bronsert、Marcel Dettmann、DJ Rok、Gabriele&ldquo;Mo&rdquo;Loschelder 或负责 1993 年至 1996 年销​​售的 Electric Indigo (Susanne Kirchmayr) . 该店也通过其网站设置了邮购系统（占2009年销售额的50%）。</p>\n<p>&nbsp;</p>\n<p>1996 年，Hard Wax 搬到了位于 Paul-Lincke-Ufer 44a 的一家旧工厂的三楼，与 Basic Channel 厂牌以及 Dubplates and Mastering Studio共用一个场地。它是柏林最古老的电子音乐唱片店之一。作为世界Techno社区的重要枢纽，这家唱片店为 90 年代这个新兴场景的发展提供了广泛的帮助。此外，与柏林的 Tresor 俱乐部一样，它与底特律电子音乐家在所谓的&ldquo;柏林-底特律轴心&rdquo;中有着特殊的关系。</p>",
 "contentEn": "<p><strong>Hard Wax</strong>&nbsp;is a&nbsp;record shop&nbsp;located in the&nbsp;Kreuzberg&nbsp;borough of&nbsp;Berlin,&nbsp;Germany. It was founded in December 1989 by Mark Ernestus at the ground floor of a Reichenberger Stra&szlig;e&rsquo;s building. It is specialized in&nbsp;techno&nbsp;music,&nbsp;reggae,&nbsp;dub&nbsp;and&nbsp;dubstep. Hard Wax also serves as a distributor for several Berlin-based record labels linked to the&nbsp;Basic Channel&nbsp;aesthetic. Some members (or former members) of its staff are prominent DJs like&nbsp;DJ Hell, Gernot Bronsert of&nbsp;Modeselektor, Marcel Dettmann, DJ Rok, Gabriele &bdquo;Mo&ldquo; Loschelder or&nbsp;Electric Indigo&nbsp;(Susanne Kirchmayr) who was in charge of sales from 1993 to 1996. The shop sets place a mail order system through its website (which represented 50% of the sales in 2009).</p>\n<p>&nbsp;</p>\n<p>In 1996 Hard Wax moved to the third floor of an old factory in&nbsp;Paul-Lincke-Ufer&nbsp;44a sharing its premises with the&nbsp;Basic Channel&nbsp;record label and the Dubplates and Mastering studio. It&rsquo;s one of the oldest record stores in electronic music in Berlin. Playing the role of an important hub for the&nbsp;techno&nbsp;community in the world, the shop helped extensively the development of this burgeoning scene in the 90s. Furthermore, as with&nbsp;Tresor&nbsp;club in&nbsp;Berlin, it shares a privileged relationship with the musicians of&nbsp;Detroit techno&nbsp;in the so-called \"Berlin-Detroit axis\".</p>",
 "remarks": "本词条汉字内容由 @多频百科团队 翻译+编辑\n原文译自 https://en.wikipedia.org/wiki/Hard_Wax",
 "remarksEn": "本词条内容来自 https://en.wikipedia.org/wiki/Hard_Wax",
 "status": 1,
 "clickNum": 43,
 "deleted": 0,
 "lang": 0,
 "chooseLang": true,
 "id": 547,
 "name": "Hard Wax",
 "descriptions": "Hard Wax 是一家位于德国柏林克罗伊茨贝格区的唱片店。它由德国Techno组合Basic Channel的两位成员（Mark Ernestus和Moritz Von Oswald） 于 1989 年 12 月在 Reichenberger Straße 大楼的底层创立开业。",
 "picture": "https://duopin-community.oss-cn-shenzhen.aliyuncs.com/image/2021/8/g7a7bxb1ltv1d70x6s2r.jpg",
 "typeText": "唱片行",
 "nation": "德国",
 "province": "",
 "city": "Berlin",
 "address": "Paul-Lincke-Ufer 44a",
 "openingTimeText": "1989年12月",
 "majorStyle": "Electronic, Techno, Raggae, Dub, Dubstep",
 "officialUrl": "https://hardwax.com/",
 "referenceUrl": "https://en.wikipedia.org/wiki/Hard_Wax",
 "typeId": 15,
 "typeName": "场所",
 "dataId": 547,
 "url": "http://dropinapp.hearinmusic.com/#/ency?typeId=15&dataId=547"
}