{
 "pageNum": 1,
 "pageSize": 10,
 "params": {},
 "relationEncy": "[{\"id\":36350,\"typeId\":13,\"dataId\":23,\"name\":\"Hip Hop Music\",\"url\":\"http://dropinapp.hearinmusic.com/#/ency?typeId=13&dataId=23\"}]",
 "content": "<p>Treasure Production（尋寶音樂）是位于广州的Hip Hop独立音乐工作室，由音乐人暴斯，何沙展联合创立。</p>\n<p>&nbsp;</p>\n<p style=\"text-align: center;\"><img src=\"https://duopin-community.oss-cn-shenzhen.aliyuncs.com/image/2021/8/sg7nc4ufxe9yb6alvhnc.JPG\" alt=\"\" width=\"2000\" height=\"2000\" /></p>\n<p>&nbsp;</p>\n<p>Treasure Production自2009年起持续为艺人，广告客户，影视机构，游戏公司等提供作词，作曲，编曲，录音，混音，配乐音效制作等服务。合作艺人包括韩磊、薛之谦、吉克隽逸、王嘉尔、郑建鹏、徐真真，Tizzy T等</p>",
 "contentEn": "",
 "remarks": "本词条内容由 @Treasure Production 提供",
 "remarksEn": "本词条内容暂未完善仅供参考，多频百科小编正在火速赶来",
 "status": 1,
 "clickNum": 49,
 "deleted": 0,
 "lang": 0,
 "chooseLang": false,
 "id": 548,
 "name": "Treasure Production",
 "descriptions": "Treasure Production（尋寶音樂）是位于广州的Hip Hop独立音乐工作室，由音乐人暴斯，何沙展，三册柏联合创立。",
 "picture": "https://duopin-community.oss-cn-shenzhen.aliyuncs.com/image/2021/8/h07ay9udiehxasm3t96e.png",
 "nickname": "尋寶音樂",
 "typeText": "音乐工作室, 录音棚",
 "nation": "中国",
 "province": "",
 "city": "广州",
 "address": "广州市海珠区",
 "openingTimeText": "2009年",
 "majorStyle": "Hip Hop",
 "typeId": 15,
 "typeName": "场所",
 "dataId": 548,
 "url": "http://dropinapp.hearinmusic.com/#/ency?typeId=15&dataId=548"
}