{
 "pageNum": 1,
 "pageSize": 10,
 "params": {},
 "content": "<p>2009年底，灯笼俱乐部在三里屯3.3大厦地下正式开业，这个有当时由北京地下电音团体&ldquo;针刺疗法&rdquo;发起的地下电子音乐俱乐部一经面世便成为京城电音爱好者的圣地。随后灯笼俱乐部移至工体西门，新灯笼更大更专业的环境，强劲的音响效果让许多来此演出的国际大牌艺人赞不绝口。</p>\n<p>&nbsp;</p>\n<p>作为一家地下电子音乐俱乐部，灯笼主要经营的音乐风格有Techno、House、Minimal、Deep House、Funk等，和周边的夜店不太一样，他们只在周末开门。</p>\n<p>&nbsp;</p>\n<p>灯笼俱乐部的存在使这个城市一批坚守音乐理想的人有了自己的阵地，这里是电音爱好者的家，每个热爱电音的人们在这里都留下了无数美好的回忆。</p>",
 "remarks": "本词条内容暂未完善仅供参考，多频百科小编正在火速赶来",
 "remarksEn": "本词条内容暂未完善仅供参考，多频百科小编正在火速赶来",
 "status": 0,
 "clickNum": 7,
 "deleted": 0,
 "lang": 0,
 "chooseLang": false,
 "id": 388,
 "name": "灯笼俱乐部 Lantern Club",
 "descriptions": "位于北京的老牌Techno地下俱乐部",
 "picture": "https://duopin-community.oss-cn-shenzhen.aliyuncs.com/sqk8sl5quhmg1fz2k7g6.jpg",
 "typeText": "Club",
 "nation": "中国",
 "province": "",
 "city": "北京",
 "address": "北京市朝阳区呼家楼街道中复大厦西区地下一层",
 "openingTimeText": "2009",
 "majorStyle": "Techno、House、Minimal、Deep House、Funk",
 "referenceUrl": "https://www.sohu.com/a/345782408_260568",
 "typeId": 15,
 "typeName": "场所",
 "dataId": 388,
 "url": "http://dropinapp.hearinmusic.com/#/ency?typeId=15&dataId=388"
}