{
 "pageNum": 1,
 "pageSize": 10,
 "params": {},
 "relationEncy": "[{\"id\":32950,\"typeId\":12,\"dataId\":32955,\"name\":\"VESK GREEN青菜\",\"url\":\"http://dropinapp.hearinmusic.com/#/ency?typeId=12&dataId=32955\"}]",
 "content": "<p>广州炸菜电音工作室，是由国内知名制作人VESK GREEN 青菜于2019年10月成立创办的专业为电子音乐培训而建立的工作室品牌。专注于电子音乐编曲，混音，制作等方面的教育培训，风格涵盖紧贴市场趋势的Pop EDM，Hard Dance，Bass Music，Trance，Techno，Bounce等各类流行风格及地下风格，为行业培养优秀制作人已达50人以上。</p>\n<p>&nbsp;</p>\n<p style=\"text-align: center;\"><img src=\"https://duopin-community.oss-cn-shenzhen.aliyuncs.com/image/2021/8/8zd74p8rydfl1bixolv2.jpg\" alt=\"\" width=\"1440\" height=\"1080\" /></p>\n<p style=\"text-align: center;\"><span style=\"font-size: 8pt;\">图片由&nbsp;广州炸菜电音工作室 提供</span></p>\n<p style=\"text-align: center;\">&nbsp;</p>\n<p style=\"text-align: center;\"><span style=\"font-size: 8pt;\"><img src=\"https://duopin-community.oss-cn-shenzhen.aliyuncs.com/image/2021/8/toccsasx31l2e5lba6kg.jpg\" alt=\"\" width=\"1440\" height=\"1080\" /></span></p>\n<p style=\"text-align: center;\"><span style=\"font-size: 8pt;\">图片由&nbsp;广州炸菜电音工作室 提供</span></p>",
 "contentEn": "",
 "remarks": "本词条内容由 @广州炸菜电音工作室 提供",
 "remarksEn": "本词条内容暂未完善仅供参考，多频百科小编正在火速赶来",
 "status": 1,
 "clickNum": 16,
 "deleted": 0,
 "lang": 0,
 "chooseLang": false,
 "id": 550,
 "name": "广州炸菜电音工作室",
 "descriptions": "广州炸菜电音工作室是由国内知名制作人VESK GREEN 青菜成立的专业为电子音乐培训而建立的工作室品牌",
 "picture": "https://duopin-community.oss-cn-shenzhen.aliyuncs.com/image/2021/8/1vsadmqhfvnske7ztt1s.jpg",
 "typeText": "音乐工作室",
 "nation": "中国",
 "province": "",
 "city": "广州",
 "openingTimeText": "2019年10月",
 "majorStyle": "Pop EDM",
 "typeId": 15,
 "typeName": "场所",
 "dataId": 550,
 "url": "http://dropinapp.hearinmusic.com/#/ency?typeId=15&dataId=550"
}