{
 "pageNum": 1,
 "pageSize": 10,
 "params": {},
 "keywords": "",
 "relationChannel": "[{\"id\":1,\"parentId\":0,\"name\":\"信号大本营\"}]",
 "relationEncy": "[{\"id\":36343,\"typeId\":13,\"dataId\":16,\"name\":\"Disco\",\"url\":\"http://dropinapp.hearinmusic.com/#/ency?typeId=13&dataId=16\"},{\"id\":36556,\"typeId\":13,\"dataId\":229,\"name\":\"Post-disco\",\"url\":\"http://dropinapp.hearinmusic.com/#/ency?typeId=13&dataId=229\"}]",
 "content": "<p><strong>Disco(迪斯科音乐)毁灭之夜</strong>是发生在1979年7月12日的棒球推广活动，在芝加哥<span data-orig-title=\"科密斯克公园\" data-lang-code=\"en\" data-lang-name=\"英語\" data-foreign-title=\"Comiskey Park\">科密斯克公园</span>举行，但后来引发了举世闻名的暴动<sup>[1]</sup>，这次事件影响了Disco、电音舞曲、电子音乐乃至流行音乐发展的进程。</p>\n<p>&nbsp;</p>\n<p>Disco毁灭之夜活动在美国联盟的芝加哥白袜和底特律老虎<span data-orig-title=\"雙重賽\" data-lang-code=\"en\" data-lang-name=\"英語\" data-foreign-title=\"Doubleheader (baseball)\">双重赛</span>的中间休息时间进行，在外野上引爆一木箱的迪斯科唱片。其中许多观众是来看迪斯科唱片引爆，不是为了看比赛而来，且在爆炸后挤到棒球场内，棒球场受到爆炸和人群的破坏，最后裁判叫停双重赛的第二场比赛，直接宣布底特律老虎获胜。</p>\n<p>&nbsp;</p>\n<p>在1970年代末期，以舞蹈衍生的迪斯科在美国非常流行，像周末夜狂热（1977）等卖座电影也以此为主题。但也引来当时摇滚乐乐迷的反对。反对的声浪很大，因此芝加哥白袜希望可以用相关的活动填满科密斯克公园一场淡季比赛时的座位，因此芝加哥的名嘴和反迪斯科人士史蒂夫&middot;达尔（Steve Dahl）提出了在7月12日比赛中间休息时的活动。达尔的赞助电台是97.9 WLUP-FM，因此观众要付98美分并带一张迪斯科唱片入场，而达尔将在中间休息时引爆这些唱片。</p>\n<p>&nbsp;</p>\n<p>芝加哥白袜原先估计约会有二万人到场，比平常的人数多五千人。但是有超过五万人挤进棒球场，其中包括上万名史蒂夫&middot;达尔的追随者，在大门关闭后仍有上千人设法挤进棒球场中。许多的唱片不是由工作人员整理集中，而是在看台上像飞盘一様的掷到棒球场中。在史蒂夫&middot;达尔炸毁集中的唱片后，上千名的支持者冲进棒球场中，而且留在场内，一直到镇暴警察驱散为止。双重赛的第二场比赛一开始延后，但第二天美国联盟的主席赖利&middot;马克菲尔宣布比赛结束，底特律老虎获胜。</p>\n<p>&nbsp;</p>\n<p>此后，迪斯科毁灭之夜的影响继续发酵，可能也造成了1979年底迪斯科的消退。有些学者及迪斯科艺人认为这事件是种族主义及同性恋恐惧症的结果。迪斯科毁灭之夜仍为职棒大联盟广为人知最极端的促销行动之一。</p>",
 "contentEn": "",
 "remarks": "本词条内容来自 https://zh.wikipedia.org/wiki/迪斯可毀滅之夜",
 "remarksEn": "本词条内容暂未完善仅供参考，多频百科小编正在火速赶来",
 "status": 1,
 "clickNum": 388,
 "deleted": 0,
 "lang": 0,
 "chooseLang": false,
 "id": 1,
 "name": "Disco毁灭之夜",
 "descriptions": "Disco(迪斯科音乐)毁灭之夜是发生在1979年7月12日的棒球推广活动，在芝加哥科密斯克公园举行，但后来引发了举世闻名的暴动，这次事件影响了Disco、电音舞曲、电子音乐乃至流行音乐发展的进程。",
 "picture": "https://duopin-community.oss-cn-shenzhen.aliyuncs.com/image/2021/8/4kg0gtd3ojr48t9b16q2.jpg",
 "originalName": "",
 "affairTimeText": "1979年7月12日",
 "affairAddress": "美国芝加哥Comiskey Park",
 "majorPerson": "Steve Dahl, Bill Veeck",
 "referenceUrl": "https://zh.wikipedia.org/wiki/迪斯可毀滅之夜",
 "typeId": 17,
 "typeName": "事件",
 "dataId": 1,
 "url": "http://dropinapp.hearinmusic.com/#/ency?typeId=17&dataId=1"
}