{
 "pageNum": 1,
 "pageSize": 10,
 "params": {},
 "relationEncy": "[{\"id\":28319,\"typeId\":12,\"dataId\":28319,\"name\":\"Tiësto\",\"url\":\"http://dropinapp.hearinmusic.com/#/ency?typeId=12&dataId=28319\"}]",
 "content": "<p>DJ Ti&euml;sto在2004年雅典奥运会开幕式上进行了长达90分钟的表演，成为首位也是至今（2021年）唯一一位在奥运会开幕式上表演DJ的艺术家。</p>",
 "contentEn": "",
 "remarks": "本词条内容由 @多频百科团队 编辑",
 "remarksEn": "本词条内容暂未完善仅供参考，多频百科小编正在火速赶来",
 "status": 0,
 "clickNum": 64,
 "deleted": 0,
 "lang": 0,
 "chooseLang": false,
 "id": 3,
 "name": "Tiësto雅典奥运会开幕式献演",
 "descriptions": "DJ Tiësto在2004年雅典奥运会开幕式上进行了长达90分钟的表演，成为首位也是至今（2021年）唯一一位在奥运会开幕式上表演DJ的艺术家。",
 "affairTimeText": "2004年",
 "affairAddress": "雅典",
 "majorPerson": "Tiësto",
 "referenceUrl": "",
 "typeId": 17,
 "typeName": "事件",
 "dataId": 3,
 "url": "http://dropinapp.hearinmusic.com/#/ency?typeId=17&dataId=3"
}