{
 "pageNum": 1,
 "pageSize": 10,
 "params": {},
 "relationChannel": "[]",
 "relationEncy": "[{\"id\":36363,\"typeId\":13,\"dataId\":36,\"name\":\"Acid House\",\"url\":\"http://dropinapp.hearinmusic.com/#/ency?typeId=13&dataId=36\"},{\"id\":36544,\"typeId\":13,\"dataId\":217,\"name\":\"Rave Music\",\"url\":\"http://dropinapp.hearinmusic.com/#/ency?typeId=13&dataId=217\"},{\"id\":35782,\"typeId\":11,\"dataId\":589,\"name\":\"Rave（锐舞文化）\",\"url\":\"http://dropinapp.hearinmusic.com/#/ency?typeId=11&dataId=589\"},{\"id\":36398,\"typeId\":13,\"dataId\":71,\"name\":\"Hip House\",\"url\":\"http://dropinapp.hearinmusic.com/#/ency?typeId=13&dataId=71\"}]",
 "content": "<p>&ldquo;爱的第二夏&rdquo;（The Second Summer of Love）是 1980 年代英国的一种社会现象，它见证了Acid House音乐和未经许可的狂欢（Rave）派对的兴起。虽然这项运动主要指的是 1988 年的夏天，它一直持续到 1989 年的夏天，当时电子舞曲和药物的流行助长了青年文化的爆炸式增长，最终形成了大规模的自由派对和狂欢。这个时代的音乐融合了迷幻的 1960 年代风格的舞蹈节拍，其也因舞蹈文化与 1967 年旧金山第一次爱之夏运动的享乐主义和自由相似而得名。笑脸标志是英国&ldquo;爱的第二夏&rdquo;时期的象征性标识。</p>\n<p>&nbsp;</p>\n<p><strong>历史</strong></p>\n<p>&ldquo;爱的第二夏&rdquo; 始于 1988 年，随着夜总会 Shoom（由 Danny Rampling 经营）、Future（由 Paul Oakenfold 组织）、Trip（由 Nicky Holloway 经营）、Slam（DJ）和 The Ha&ccedil;ienda（ 由 Mike Pickering 和 Graeme Park 经营）的崛起而展开，这也是英国 rave 场景的开始。这五位 DJ 在 1987 年夏天与他们的朋友约翰尼沃克在伊维萨岛度假后受到启发，开始了这些活动。伊维萨岛是Acid House音乐首次在欧洲流行的地方，以俱乐部场景为主导的下班娱乐时间出现了。</p>\n<p>&nbsp;</p>\n<p>在&ldquo;爱的第二夏&rdquo;的早期阶段，活动和派对经常在英国各地的空仓库中举行，这基本上是非法的。在城镇和城市周围的模糊传单宣传活动和信息，在不得不隐身聚会的俱乐部成员之间通过口耳相传（以及新流行的移动寻呼机）传播。 Genesis、Sunrise 和 Biology 等发起人开始在伦敦 M25 轨道周围举办越来越多的大型派对。在伦敦，Raindance 和 Labrynth/Four Aces 举办了活动。</p>\n<p>&nbsp;</p>\n<p style=\"text-align: center;\"><img src=\"https://duopin-community.oss-cn-shenzhen.aliyuncs.com/image/2021/8/9dm8jqmou4hzm2svfw1p.jpg\" alt=\"\" width=\"250\" height=\"249\" /></p>\n<p style=\"text-align: center;\"><span style=\"font-size: 8pt;\">&ldquo;Acid&rdquo;笑脸标志的徽章</span></p>\n<p style=\"text-align: center;\"><span style=\"font-size: 8pt;\">By Londoncertified - Photo taken of 1989 badge from collection, CC BY-SA 4.0, https://en.wikipedia.org/w/index.php?curid=66550492</span></p>\n<p>&nbsp;</p>\n<p>当伦敦的人群在第三次 Shoom 派对的一张传单上张贴设计后，这个时代的象征变成了一张笑脸。狂欢者很快就会穿上笑脸 T 恤和徽章。</p>\n<p>&nbsp;</p>\n<p>水和 Lucozade（一种软饮）是一个这个时期活动中的共同必备物品，因为马拉松般的持续舞蹈和药物使用会脱水。而去俱乐部的人通常穿着宽松的衣服来对抗俱乐部内的炎热，工作人员有时也会分发冰棒为狂欢者们降温。</p>\n<p>&nbsp;</p>\n<p><strong>音乐</strong></p>\n<p>Acid house 和 hip house 是&ldquo;爱的第二夏&rdquo;运动中的典型音乐代表。 Acid house 的特点是 Roland TB-303 产生的&ldquo;啸叫&rdquo;低音和响亮的重复节拍。它起源于芝加哥，并在进入欧洲时呈现出新的品质。这一时期的歌曲包括 Lil Louis 的&ldquo;French Kiss&rdquo;、Jesse Saunders 的&ldquo;On &amp; On&rdquo;、Fingers Inc. 的&ldquo;Mystery of Love&rdquo;、Farley &ldquo;Jackmaster&rdquo; Funk 和 Jesse Saunders 的&ldquo;Love Can't Turn Round&rdquo; （由 Darryl Pandy 演唱）、Sleezy D 的&ldquo;我失去了控制&rdquo;和 Phuture 的&ldquo;你唯一的朋友&rdquo;。Hip House将成为说唱和House音乐的流行交叉点，其中包括 Tyree Cooper 的&ldquo;Turn Up The Bass&rdquo;、Beatmasters 的&ldquo;Who's In the House&rdquo;、Doug Lazy 的&ldquo;Let It Roll&rdquo;等曲目。托尼&middot;斯科特的&ldquo;That's how I'm living&rdquo;。&nbsp;</p>\n<p>&nbsp;</p>\n<p>还有Psychedelic Indie Rock和Indie Pop音乐作为次要的配乐，特别是像 Spacemen 3、The Jesus and Mary Chain、My Bloody Valentine 这样的Shoegaze艺术家，然后是 Madchester 场景的兴起，包括 The Happy Mondays 和 The Stone Roses。</p>\n<p>&nbsp;</p>\n<p><strong>电台</strong></p>\n<p>Rave和相关音乐由地下电台（Pirate Radio）宣传，包括 Kiss FM、Sunrise 和 Centreforce。</p>\n<p>&nbsp;</p>\n<p><strong>媒体关注</strong></p>\n<p>英国新闻媒体和小报对这次运动带来的享乐主义场景的报道越来越多，也越来越关注它与俱乐部药物的关联。 早期的正面报道，例如关于&ldquo;Acid House&rdquo;时尚的文章，很快就会成为耸人听闻的负面报道。 新闻界的道德恐慌始于 1988 年末，当时《太阳报》突然对这次运动&ldquo;倒戈&rdquo;，而就在几天前的 10 月 12 日，《太阳报》还称Acid笑脸 T 恤时将Acid House宣传为&ldquo;酷而时髦&rdquo;。10 月 19 日，《太阳报》以&ldquo;摇头丸的邪恶&rdquo;为标题，将Acid House场景与新流行且相对鲜为人知的药物联系起来。 1989 年 6 月 24 日，该报刊登了臭名昭著的&ldquo;Spaced Out！&rdquo; 日出派对后的头条新闻。</p>\n<p>&nbsp;</p>\n<p style=\"text-align: center;\"><img src=\"https://duopin-community.oss-cn-shenzhen.aliyuncs.com/image/2021/8/ttdemtykolp15a17tde8.jpg\" alt=\"\" width=\"283\" height=\"353\" /></p>\n<p style=\"text-align: center;\"><span style=\"font-size: 8pt;\">1989年太阳报刊登的批判&ldquo;爱的第二夏&rdquo;相关狂欢活动的头条封面</span></p>\n<p style=\"text-align: center;\"><span style=\"font-size: 8pt;\">By News International - Scan of printed newspaper, Fair use, https://en.wikipedia.org/w/index.php?curid=66551209</span></p>",
 "contentEn": "",
 "remarks": "本词条内容由 @多频百科团队 翻译+编辑\n原文译自 https://en.wikipedia.org/wiki/Second_Summer_of_Love",
 "remarksEn": "本词条内容暂未完善仅供参考，多频百科小编正在火速赶来",
 "status": 1,
 "clickNum": 142,
 "deleted": 0,
 "lang": 0,
 "chooseLang": false,
 "id": 2,
 "name": "爱的第二夏（The Second Summer of Love）",
 "descriptions": "“爱的第二夏”（The Second Summer of Love）是 1980 年代英国的一种社会现象，它见证了Acid House音乐和未经许可的狂欢（Rave）派对的兴起。虽然这项运动主要指的是 1988 年的夏天，它一直持续到 1989 年的夏天，当时电子舞曲和药物的流行助长了青年文化的爆炸式增长，最终形成了大规模的自由派对和狂欢。这个时代的音乐融合了迷幻的 1960 年代风格的舞蹈节拍，其也因舞蹈文化与 1967 年旧金山第一次爱之夏运动的享乐主义和自由相似而得名。笑脸标志是英国“爱的第二夏”时期的象征性标识。",
 "picture": "https://duopin-community.oss-cn-shenzhen.aliyuncs.com/image/2021/8/9dm8jqmou4hzm2svfw1p.jpg",
 "affairTimeText": "1988年夏季",
 "affairAddress": "英国",
 "majorPerson": "House音乐人，Ravers",
 "referenceUrl": "https://en.wikipedia.org/wiki/Second_Summer_of_Love",
 "typeId": 17,
 "typeName": "事件",
 "dataId": 2,
 "url": "http://dropinapp.hearinmusic.com/#/ency?typeId=17&dataId=2"
}