{
 "pageNum": 1,
 "pageSize": 10,
 "params": {},
 "content": "<div>\n<div class=\"document\">\n<p class=\"paragraph text-align-type-left pap-line-1.8 pap-line-rule-auto pap-spacing-before-2pt pap-spacing-after-2pt\">Transmission Festival音乐节（也被称为Transmission）是一个大型的室内trance音乐活动，最初在捷克首都布拉格的O2 Arena举行。在2014年3月，音乐节第一次在斯洛伐克的布拉迪斯拉发举办。2016年7月，Transmission Festival第一次离开欧洲，在澳大利亚的墨尔本举行。2017年3月，音乐节进一步扩展，在泰国曼谷进行演出，9月又回到墨尔本。2018年，音乐节回到泰国曼谷，主持为期两天的德国AirBeat One Festival音乐节（靠近Neustadt-Glewe），并在首次亮相上海。2019年3月，音乐节回到澳大利亚悉尼展览场（Sydney Showground）。</p>\n<p class=\"paragraph text-align-type-left pap-line-1.8 pap-line-rule-auto pap-spacing-before-2pt pap-spacing-after-2pt\">&nbsp;</p>\n<p class=\"paragraph text-align-type-left pap-line-1.8 pap-line-rule-auto pap-spacing-before-2pt pap-spacing-after-2pt\">该音乐节以壮观的激光秀而闻名。马库斯&middot;舒尔茨（Markus Schulz）经常成为世界各地音乐节的头条。</p>\n</div>\n</div>\n<p>&nbsp;</p>\n<p>&nbsp;</p>",
 "contentEn": "<p><strong>Transmission Festival</strong>&nbsp;(also known as&nbsp;<strong>Transmission</strong>) is a large indoor&nbsp;trance music&nbsp;event originally based in&nbsp;Prague,&nbsp;Czech Republic<sup id=\"cite_ref-1\" class=\"reference\">[1]</sup>&nbsp;at the&nbsp;O2 Arena.<sup id=\"cite_ref-2\" class=\"reference\">[2]</sup>&nbsp;In March 2014, the festival was held for the first time in&nbsp;Bratislava,&nbsp;Slovakia.<sup id=\"cite_ref-3\" class=\"reference\">[3]</sup>&nbsp;Leaving&nbsp;Europe's shores for the first time, in July 2016 the festival was held in&nbsp;Melbourne,&nbsp;Australia.<sup id=\"cite_ref-4\" class=\"reference\">[4]</sup>&nbsp;In March 2017 the festival extended further by visiting&nbsp;Bangkok,&nbsp;Thailand<sup id=\"cite_ref-5\" class=\"reference\">[5]</sup>&nbsp;and returned to&nbsp;Melbourne,&nbsp;Australia&nbsp;in September. In 2018, the festival returned to&nbsp;Bangkok,&nbsp;Thailand,<sup id=\"cite_ref-6\" class=\"reference\">[6]</sup>&nbsp;hosted two days at&nbsp;Germany's AirBeat One Festival<sup id=\"cite_ref-7\" class=\"reference\">[7]</sup>&nbsp;near&nbsp;Neustadt-Glewe, and debuted in&nbsp;Shanghai<sup id=\"cite_ref-8\" class=\"reference\">[8]</sup>&nbsp;for its first edition in&nbsp;China. In March 2019, the festival returned to Australia to&nbsp;Sydney Showground.</p>\n<p>&nbsp;</p>\n<p>It is famous for its spectacular laser show.&nbsp;Markus Schulz&nbsp;frequently headlines the festival around the world.<sup id=\"cite_ref-9\" class=\"reference\">[9]</sup></p>\n<p>&nbsp;</p>\n<h2><span id=\"References\" class=\"mw-headline\">References</span></h2>\n<div class=\"reflist\">\n<div class=\"mw-references-wrap mw-references-columns\">\n<ol class=\"references\">\n<li id=\"cite_note-1\"><span class=\"mw-cite-backlink\"><strong>^</strong></span>&nbsp;<span class=\"reference-text\">Club Night Transmission at o2 Area&nbsp;(<em>The Prague Post</em>)</span></li>\n<li id=\"cite_note-2\"><span class=\"mw-cite-backlink\"><strong>^</strong></span>&nbsp;<span class=\"reference-text\">http://usatrancemovement.com/home/2013/05/29/transmission-10th-edition-o2-arena-prague-czech-republic-november-30th-2013/</span></li>\n<li id=\"cite_note-3\"><span class=\"mw-cite-backlink\"><strong>^</strong></span><span class=\"reference-text\">http://www.festivalphoto.net/reviews&amp;review=3388#.VRi7w0r9rw4</span></li>\n<li id=\"cite_note-4\"><span class=\"mw-cite-backlink\"><strong>^</strong></span>&nbsp;<span class=\"reference-text\">http://www.thetranceproject.com.au/transmission-melbourne-2016-australia/</span></li>\n<li id=\"cite_note-5\"><span class=\"mw-cite-backlink\"><strong>^</strong></span>&nbsp;<span class=\"reference-text\"><cite class=\"citation web cs1\">\"TRANSMISSION THAILAND 2017 &ndash; FULL LINE-UP AND TRAILER\".</cite></span></li>\n<li id=\"cite_note-6\"><span class=\"mw-cite-backlink\"><strong>^</strong></span>&nbsp;<span class=\"reference-text\"><cite class=\"citation web cs1\">\"Transmission Bangkok 2018\".&nbsp;<em>www.facebook.com</em><span class=\"reference-accessdate\">. Retrieved&nbsp;<span class=\"nowrap\">2018-09-06</span></span>.</cite></span></li>\n<li id=\"cite_note-7\"><span class=\"mw-cite-backlink\"><strong>^</strong></span>&nbsp;<span class=\"reference-text\"><cite class=\"citation web cs1\">\"Transmission stage at Airbeat One Festival 2018\".&nbsp;<em>www.facebook.com</em><span class=\"reference-accessdate\">. Retrieved&nbsp;<span class=\"nowrap\">2018-09-06</span></span>.</cite></span></li>\n<li id=\"cite_note-8\"><span class=\"mw-cite-backlink\"><strong>^</strong></span>&nbsp;<span class=\"reference-text\"><cite class=\"citation web cs1\">\"Transmission Shanghai 2018\".&nbsp;<em>www.facebook.com</em><span class=\"reference-accessdate\">. Retrieved&nbsp;<span class=\"nowrap\">2018-09-06</span></span>.</cite></span></li>\n<li id=\"cite_note-9\"><span class=\"mw-cite-backlink\"><strong>^</strong></span>&nbsp;<span class=\"reference-text\">http://www.edmsauce.com/2013/11/18/anco-van-der-kolk-talks-about-pragues-anticipated-transmission/</span></li>\n</ol>\n</div>\n</div>",
 "remarks": "本词条汉字内容由 @多频百科团队 翻译+编辑\n原文译自 https://en.wikipedia.org/wiki/Transmission_(festival)",
 "remarksEn": "本词条内容来自 https://en.wikipedia.org/wiki/Transmission_(festival)",
 "status": 1,
 "clickNum": 13,
 "deleted": 0,
 "lang": 0,
 "chooseLang": true,
 "id": 97,
 "name": "Airbeat One",
 "descriptions": "Transmission Festival音乐节（也被称为Transmission）是一个大型的室内trance音乐活动，最初在捷克首都布拉格的O2 Arena举行。在2014年3月，音乐节第一次在斯洛伐克的布拉迪斯拉发举办。2016年7月，Transmission Festival第一次离开欧洲，在澳大利亚的墨尔本举行。2017年3月，音乐节进一步扩展，在泰国曼谷进行演出，9月又回到墨尔本。2018年，音乐节回到泰国曼谷，主持为期两天的德国AirBeat One Festival音乐节（靠近Neustadt-Glewe），并在首次亮相上海。2019年3月，音乐节回到澳大利亚悉尼展览场（Sydney Showground）。",
 "picture": "https://duopin-community.oss-cn-shenzhen.aliyuncs.com/tgujuq44ywwds90y4evc.png",
 "originalName": "传动节（也被称为传输）",
 "holdTimeText": "",
 "holdAddress": "Prague,  Czech Republic (since 2006)",
 "searchAddress": "捷克",
 "sponsor": "United Music Events",
 "foundTimeText": "2006 – present",
 "officialUrl": "TransmissionFestival.com",
 "referenceUrl": "https://en.wikipedia.org/wiki/Transmission_(festival)",
 "nonceStatusText": "运营中",
 "typeId": 16,
 "typeName": "电音节",
 "dataId": 97,
 "url": "http://dropinapp.hearinmusic.com/#/ency?typeId=16&dataId=97"
}