{
 "pageNum": 1,
 "pageSize": 10,
 "params": {},
 "relationChannel": "[{\"id\":1061,\"parentId\":10,\"name\":\"Amsterdam Dance Event\"}]",
 "content": "<div>\n<div class=\"document\">\n<p class=\"paragraph text-align-type-left pap-line-1.8 pap-line-rule-auto pap-spacing-before-0pt pap-spacing-after-0pt\">Amsterdam Dance Event Foundation）组织，活动由ADE Pro，ADE Tech，ADE Tech，ADE University，ADE Beamlab，ADE Green，ADE Sound Lab等白天的活动以及ADE Festival夜间活动组成，在200多个俱乐部和举办地中，五天之内举办超过1,000项活动，2,500名艺人会参与。</p>\n<p class=\"paragraph text-align-type-left pap-line-1.8 pap-line-rule-auto pap-spacing-before-0pt pap-spacing-after-0pt\">&nbsp;</p>\n<p class=\"paragraph text-align-type-left pap-line-1.8 pap-line-rule-auto pap-spacing-before-0pt pap-spacing-after-0pt\">ADE吸引了来自世界各地的超过40万人来到阿姆斯特丹。届时，它将成为世界上最繁忙的俱乐部城市之一。该活动从周三白天以高频率的全天节目开始，到第二周早晨结束。</p>\n<p class=\"paragraph text-align-type-left pap-line-1.8 pap-line-rule-auto pap-spacing-before-0pt pap-spacing-after-0pt\"><br /><strong>历史</strong></p>\n<p class=\"paragraph text-align-type-left pap-line-1.8 pap-line-rule-auto pap-spacing-before-0pt pap-spacing-after-0pt\">ADE始于1996年，最初为期3天，有30位DJ参加，有300名代表参加，ADE最初是在德巴里岛举行的，白天开幕，晚上在三个场所进行了演出：Paradiso，Melkweg和Club Escape。</p>\n<p class=\"paragraph text-align-type-left pap-line-1.8 pap-line-rule-auto pap-spacing-before-0pt pap-spacing-after-0pt\">&nbsp;</p>\n<p class=\"paragraph text-align-type-left pap-line-1.8 pap-line-rule-auto pap-spacing-before-0pt pap-spacing-after-0pt\"><strong>活动流程</strong></p>\n<p class=\"paragraph text-align-type-left pap-line-1.8 pap-line-rule-auto pap-spacing-before-0pt pap-spacing-after-0pt\">为期四天的ADE电音节围绕DeLaMar剧院（ADE Pro，ADE Green和ADE TECH），De Brakke Grond和Compagnietheater（ADE声音实验室和Beam实验室）以及Generator Hostel（ADE大学）举行。ADE还通过ADE Sound Lab向非专业音乐家敞开大门，邀请有抱负的艺术家和制作人与世界上最受欢迎的艺术家、DJ和制作人面对面，以获得专业意见。</p>\n<p class=\"paragraph text-align-type-left pap-line-1.8 pap-line-rule-auto pap-spacing-before-0pt pap-spacing-after-0pt\">&nbsp;</p>\n<p class=\"paragraph text-align-type-left pap-line-1.8 pap-line-rule-auto pap-spacing-before-0pt pap-spacing-after-0pt\">ADE的最新活动形式是ADE by Day，该活动于2011年开始（当时称为ADE Playground）。但自2012年以来，该活动约有50场，包括顶级DJ的白天出场，艺术展览和表演，特别节目产品线，电影放映环节。</p>\n<p class=\"paragraph text-align-type-left pap-line-1.8 pap-line-rule-auto pap-spacing-before-0pt pap-spacing-after-0pt\">&nbsp;</p>\n<p class=\"paragraph text-align-type-left pap-line-1.8 pap-line-rule-auto pap-spacing-before-0pt pap-spacing-after-0pt\">在2012年，ADE宣布正式将从四天的活动变为五天，原因是周日的活动大量撞车。 白天和晚上的演出阵容吸引了2500多名艺术家。全球范围内，总共有超过40万名俱乐部会员和音乐爱好者参加了比赛。</p>\n</div>\n</div>",
 "contentEn": "<div class=\"document\">\n<p>The&nbsp;<strong>Amsterdam Dance Event</strong>&nbsp;(<strong>ADE</strong>) is a five-day&nbsp;electronic music&nbsp;conference and festival held annually in mid-October. The event, organised by The Amsterdam Dance Event Foundation, offers a full programme of daytime conferences at ADE Pro, ADE Tech, ADE University, ADE Beamlab, ADE Green, ADE Sound Lab and ADE Beats alongside the ADE By Day festival programme and the nighttime ADE Festival, which features over 1,000 events and 2,500 artists over five days in 200 clubs and venues. The most notable event is the&nbsp;Amsterdam Music Festival&nbsp;(AMF) in the&nbsp;Johan Cruyff Arena&nbsp;on Saturday night.<sup id=\"cite_ref-dutch_1-0\" class=\"reference\">[1]</sup></p>\n<p>&nbsp;</p>\n<p>ADE attracts over 400,000 people from all over the world to the city, making&nbsp;Amsterdam<sup id=\"cite_ref-iam_2-0\" class=\"reference\">[2]</sup><sup id=\"cite_ref-two_3-0\" class=\"reference\">[3]</sup>&nbsp;one of the busiest clubbing cities in the world. The event starts off on Wednesday with the daytime conferences and the extensive festival (day and night) programme and ends on Monday morning.</p>\n<p>&nbsp;</p>\n<h2><span id=\"History\" class=\"mw-headline\">History</span></h2>\n<p>Started in 1996 as a three-day conference<sup id=\"cite_ref-two_3-1\" class=\"reference\">[3]</sup>&nbsp;and attended by 300 delegates with thirty DJs performing, the ADE was initially based in&nbsp;De Balie&nbsp;for the daytime conference and at night featured shows in three venues:&nbsp;Paradiso,&nbsp;Melkweg&nbsp;and Club Escape.</p>\n<p>&nbsp;</p>\n<h2><span id=\"Programme\" class=\"mw-headline\">Programme</span></h2>\n<p>The four day ADE conference programme is based around the DeLaMar Theater (ADE Pro, ADE Green and ADE TECH), De Brakke Grond &amp; Compagnietheater (ADE Sound Lab &amp; Beam Lab) and Generator Hostel (ADE University). ADE also opens its doors to non-professional musicians with ADE Sound Lab, where aspiring artists and producers are invited to meet some of the world's most popular and in-demand artists, DJs and producers face-to-face in order to get expert opinions on their work.<sup id=\"cite_ref-two_3-2\" class=\"reference\">[3]</sup>&nbsp;The event's latest initiative is ADE by Day, which started in 2011 (then named: ADE Playground) as a new technology showcase, but since 2012 features around 50 events, surprise daytime appearances by top DJs, art exhibitions and performances, special product lines, film screenings, as well as discounts in shops and bars.<sup id=\"cite_ref-dutch_1-1\" class=\"reference\">[1]</sup></p>\n<p>&nbsp;</p>\n<p>In 2012 it was also announced that ADE would officially go from a four-day event to five days due to the rapidly growing number of 'afters' events on Sunday.</p>\n<p>&nbsp;</p>\n<p>The day and nighttime line-up features over 2,500 artists as well as a selection of upcoming local and international talent, playing to a total of more than 400,000 clubbers and music enthusiasts in venues all over the city.<sup id=\"cite_ref-iam_2-1\" class=\"reference\">[2]</sup></p>\n<p>&nbsp;</p>\n<h2><span id=\"References\" class=\"mw-headline\">References</span></h2>\n<div class=\"reflist\">\n<div class=\"mw-references-wrap\">\n<ol class=\"references\">\n<li id=\"cite_note-dutch-1\"><span class=\"mw-cite-backlink\">^&nbsp;<span class=\"cite-accessibility-label\">Jump up to:</span><sup><em><strong>a</strong></em></sup>&nbsp;<sup><em><strong>b</strong></em></sup></span>&nbsp;<span class=\"reference-text\"><cite class=\"citation news cs1\">\"The international Dance industry assembles in Amsterdam next week\".&nbsp;<em>Dutch Daily News</em>. 12 October 2012<span class=\"reference-accessdate\">. Retrieved&nbsp;<span class=\"nowrap\">31 January</span>&nbsp;2013</span>.</cite></span></li>\n<li id=\"cite_note-iam-2\"><span class=\"mw-cite-backlink\">^&nbsp;<span class=\"cite-accessibility-label\">Jump up to:</span><sup><em><strong>a</strong></em></sup>&nbsp;<sup><em><strong>b</strong></em></sup></span>&nbsp;<span class=\"reference-text\"><cite class=\"citation web cs1\">\"Amsterdam Dance Event highlights\".&nbsp;<em>iAmsterdam.com</em>. Archived from&nbsp;the original&nbsp;on 21 January 2013<span class=\"reference-accessdate\">. Retrieved&nbsp;<span class=\"nowrap\">31 January</span>&nbsp;2013</span>.</cite></span></li>\n<li id=\"cite_note-two-3\"><span class=\"mw-cite-backlink\">^&nbsp;<span class=\"cite-accessibility-label\">Jump up to:</span><sup><em><strong>a</strong></em></sup>&nbsp;<sup><em><strong>b</strong></em></sup>&nbsp;<sup><em><strong>c</strong></em></sup></span>&nbsp;<span class=\"reference-text\"><cite class=\"citation web cs1\">\"ADE: Amsterdam Dance Event\".&nbsp;<em>Local-Life.com</em><span class=\"reference-accessdate\">. Retrieved&nbsp;<span class=\"nowrap\">31 January</span>&nbsp;2013</span>.</cite></span></li>\n</ol>\n</div>\n</div>\n</div>",
 "remarks": "本词条汉字内容由 @多频百科团队 翻译+编辑\n原文译自 https://en.wikipedia.org/wiki/Amsterdam_Dance_Event",
 "remarksEn": "本词条内容来自 https://en.wikipedia.org/wiki/Amsterdam_Dance_Event",
 "status": 1,
 "clickNum": 48,
 "deleted": 0,
 "lang": 0,
 "chooseLang": true,
 "id": 93,
 "name": "Amsterdam Dance Event",
 "descriptions": "Amsterdam Dance Event Foundation）组织，活动由ADE Pro，ADE Tech，ADE Tech，ADE University，ADE Beamlab，ADE Green，ADE Sound Lab等白天的活动以及ADE Festival夜间活动组成，在200多个俱乐部和举办地中，五天之内举办超过1,000项活动，2,500名艺人会参与。",
 "picture": "https://duopin-community.oss-cn-shenzhen.aliyuncs.com/psxkxx15mstk8uoj37ho.png",
 "originalName": "阿姆斯特丹电音舞曲节;ADE",
 "holdTimeText": "Mid-October",
 "holdAddress": "Amsterdam",
 "searchAddress": "荷兰",
 "sponsor": "The Amsterdam Dance Event Foundation",
 "foundTimeText": "1996",
 "officialUrl": "https://www.amsterdam-dance-event.nl/en/",
 "referenceUrl": "https://en.wikipedia.org/wiki/Amsterdam_Dance_Event",
 "nonceStatusText": "运营中",
 "typeId": 16,
 "typeName": "电音节",
 "dataId": 93,
 "url": "http://dropinapp.hearinmusic.com/#/ency?typeId=16&dataId=93"
}