{
 "pageNum": 1,
 "pageSize": 10,
 "params": {},
 "relationChannel": "[]",
 "relationEncy": "[{\"id\":36339,\"typeId\":13,\"dataId\":12,\"name\":\"Techno\",\"url\":\"http://dropinapp.hearinmusic.com/#/ency?typeId=13&dataId=12\"}]",
 "content": "<div class=\"document\">\n<p>Awakenings 是历史悠久的荷兰Techno音乐节活动品牌，组织 Techno 活动已超过 22 年，包括世上最大的户外Techno音乐节之一Awakenings Festival，以及室内活动 Awakenings Gashouder。Gashouder 是其 1997 年首次举办传奇的 Awakenings techno 之夜的地点。从那时起，Awakenings便开始成为世界上最好的大型活动之一。Awakenings 活动每年吸引超过 190,000 名乐迷参加，并已证明其每次都能带来终极Techno体验，这是其他人无法做到的。</p>\n<p>&nbsp;</p>\n<p><strong>Awakenings Festival</strong></p>\n<p>Awakenings Festival是世界上最大的户外Techno音乐节之一。活动周末可吸引 80.000 名游客参加，是欧洲电子音乐日历中的亮点。在为期 2 天的音乐节期间，由 100 多位 Techno DJ 为演奏乐迷最好的声音。</p>\n<p>&nbsp;</p>\n<p><strong>Awakenings Gashouder</strong></p>\n<p>自 1997 年以来，阿姆斯特丹的 Gashouder 是Awakenings室内活动的大本营。每年复活节、ADE（十月）和新年前夜都会推出一系列大规模活动。</p>\n<p>&nbsp;</p>\n<p><strong>Awakenings Klokgebouw</strong></p>\n<p>2008年，Awakenings在Klokgebouw开启了其在荷兰南部的第一场活动。在最近的活动中，设置了三个主要舞台并接待了9000名Techno乐迷。</p>\n</div>",
 "contentEn": "",
 "remarks": "本词条汉字内容由 @多频百科团队 翻译+编辑\n原文译自 https://www.awakenings.com/en/about/",
 "remarksEn": "本词条内容暂未完善仅供参考，多频百科小编正在火速赶来",
 "status": 1,
 "clickNum": 37,
 "deleted": 0,
 "lang": 0,
 "chooseLang": false,
 "id": 100,
 "name": "Awakenings Festival",
 "descriptions": "Awakenings 是历史悠久的荷兰Techno音乐节活动品牌，组织 Techno 活动已超过 22 年，包括世上最大的户外Techno音乐节之一Awakenings Festival，以及室内活动 Awakenings Gashouder。",
 "picture": "https://duopin-community.oss-cn-shenzhen.aliyuncs.com/qsicj5w5gae8y54oifb1.png",
 "originalName": "",
 "holdTimeText": "",
 "holdAddress": "荷兰",
 "searchAddress": "荷兰",
 "joinScale": 80000,
 "sponsor": "",
 "foundTimeText": "1997",
 "officialUrl": "https://www.awakenings.com/",
 "referenceUrl": "https://www.awakenings.com/en/about/",
 "nonceStatusText": "运营中",
 "typeId": 16,
 "typeName": "电音节",
 "dataId": 100,
 "url": "http://dropinapp.hearinmusic.com/#/ency?typeId=16&dataId=100"
}