{
 "pageNum": 1,
 "pageSize": 10,
 "params": {},
 "content": "<div>\n<div class=\"document\">\n<p class=\"paragraph text-align-type-left pap-line-1.8 pap-line-rule-auto pap-spacing-before-2pt pap-spacing-after-2pt\">Balaton Sound（在 2007 年至 2012 年间也被称为 Heineken Balaton Sound，自 2013 年起因赞助原因被称为 MasterCard Balaton Sound）是欧洲最大的露天电子音乐节之一。 自 2007 年起每年在匈牙利巴拉顿湖的南岸举行，它以来自世界各地的现场表演和 DJ 为特色，从知名艺术家到新秀。 该活动由 Sziget Festival 的组织者共同创建。</p>\n<p class=\"paragraph text-align-type-left pap-line-1.8 pap-line-rule-auto pap-spacing-before-2pt pap-spacing-after-2pt\">&nbsp;</p>\n<div>\n<div class=\"document\">\n<p class=\"paragraph text-align-type-left pap-line-1.8 pap-line-rule-auto pap-spacing-before-2pt pap-spacing-after-2pt\"><strong>背景</strong></p>\n<p class=\"paragraph text-align-type-left pap-line-1.8 pap-line-rule-auto pap-spacing-before-2pt pap-spacing-after-2pt\">由于该音乐节的名气和人气逐年增加，门票通常在官方票务供应商开售前就已售罄；这项活动每年都会刷新参与人数。</p>\n<p class=\"paragraph text-align-type-left pap-line-1.8 pap-line-rule-auto pap-spacing-before-2pt pap-spacing-after-2pt\">&nbsp;</p>\n<p class=\"paragraph text-align-type-left pap-line-1.8 pap-line-rule-auto pap-spacing-before-2pt pap-spacing-after-2pt\">第一届Balaton&nbsp;Sound音乐节于2007年7月12日至7月15日举行。该活动在中欧最大的湖边举行，时间为仲夏，其20小时的音乐时间表和阵容获得了公众的极大兴趣。</p>\n<p class=\"paragraph text-align-type-left pap-line-1.8 pap-line-rule-auto pap-spacing-before-2pt pap-spacing-after-2pt\">&nbsp;</p>\n<p class=\"paragraph text-align-type-left pap-line-1.8 pap-line-rule-auto pap-spacing-before-2pt pap-spacing-after-2pt\">音乐节位于Zam&aacute;rdi的西部，在Panor&aacute;ma和Z&ouml;ldfa utca（街道）的交叉口。</p>\n<p class=\"paragraph text-align-type-left pap-line-1.8 pap-line-rule-auto pap-spacing-before-2pt pap-spacing-after-2pt\">&nbsp;</p>\n<p class=\"paragraph text-align-type-left pap-line-1.8 pap-line-rule-auto pap-spacing-before-2pt pap-spacing-after-2pt\">在音乐节区域内，为表演设立了各种舞台、休息室和帐篷。&nbsp;音乐节的赞助商用吊床、豆袋和休闲椅创造了豪华的休闲设施。&nbsp;Balaton&nbsp;Sound的游客可以住在一个特殊的camp，那里有几个酒吧、鸡尾酒会和餐馆，配备了匈牙利其他夏季音乐节所没有的设施，&nbsp;主舞台区可容纳约50,000人。</p>\n<p class=\"paragraph text-align-type-left pap-line-1.8 pap-line-rule-auto pap-spacing-before-2pt pap-spacing-after-2pt\">&nbsp;</p>\n<p class=\"paragraph text-align-type-left pap-line-1.8 pap-line-rule-auto pap-spacing-before-2pt pap-spacing-after-2pt\">根据KPMG的研究，在2008年的四天活动中，有88,000名观众参观了音乐节，而每天平均达到22,000人。&nbsp;游客总共花费了超过16亿HUF，每人41,000HUF，大部分花在门票、食物和住宿上。 2009年，音乐节的游客数量达到94,000人。2012年，它成为匈牙利第二大音乐节（仅次于Sziget音乐节），以及欧洲参与人数最多的电子音乐节之一。</p>\n<p class=\"paragraph text-align-type-left pap-line-1.8 pap-line-rule-auto pap-spacing-before-2pt pap-spacing-after-2pt\">&nbsp;</p>\n<p class=\"paragraph text-align-type-left pap-line-1.8 pap-line-rule-auto pap-spacing-before-2pt pap-spacing-after-2pt\">2012年的音乐节在2013年初赢得了欧洲节日类别的最佳中型欧洲节日奖。</p>\n<p class=\"paragraph text-align-type-left pap-line-1.8 pap-line-rule-auto pap-spacing-before-2pt pap-spacing-after-2pt\">&nbsp;</p>\n<p class=\"paragraph text-align-type-left pap-line-1.8 pap-line-rule-auto pap-spacing-before-2pt pap-spacing-after-2pt\">2018年，音乐节的headliners包括David Guetta）、Alesso、Dimitri Vegas和Like Mike以及The Chainsmokers。音乐节制作人的声明证实，2018年的音乐节打破了之前的出席人数，有165000人参加，比上一年多了8000人。</p>\n<p class=\"paragraph text-align-type-left pap-line-1.8 pap-line-rule-auto pap-spacing-before-2pt pap-spacing-after-2pt\">&nbsp;</p>\n<p class=\"paragraph text-align-type-left pap-line-1.8 pap-line-rule-auto pap-spacing-before-2pt pap-spacing-after-2pt\">2019年&nbsp;Balaton&nbsp;Sound将于7月3日开始，7月7日结束，headliner包括J Balvin、Future和DJ Armin Van Buuran、Tiesto和Marshmello。</p>\n</div>\n</div>\n</div>\n</div>",
 "contentEn": "<p><strong>Balaton Sound</strong>&nbsp;(also known as&nbsp;<strong>Heineken Balaton Sound</strong>&nbsp;between 2007 and 2012 and as&nbsp;<strong>MasterCard Balaton Sound</strong>&nbsp;since 2013<sup id=\"cite_ref-1\" class=\"reference\">[1]</sup>&nbsp;for&nbsp;sponsorship&nbsp;reasons) is one of Europe's largest open air&nbsp;electronic music&nbsp;festivals. Held annually since 2007 on the southern bank of&nbsp;Lake Balaton,&nbsp;Hungary, it features live acts and DJs from all around the world, from established artists to new names. The event was co-created by the organizers of&nbsp;Sziget Festival.<sup id=\"cite_ref-2\" class=\"reference\">[2]</sup></p>\n<p>&nbsp;</p>\n<h2><span id=\"Background\" class=\"mw-headline\">Background</span></h2>\n<p>As the festival gets more famous and popular each year, tickets are usually sold out before they go on sale at the official ticket vendors; this event sets new attendance records yearly.</p>\n<p>&nbsp;</p>\n<p>The first Balaton Sound festival was held between 12 July and 15 July 2007. The fact that the event was held on the shore of the largest lake in&nbsp;Central Europe&nbsp;in mid-summer, its twenty-hour music schedule, and the line-up gained it significant public interest.</p>\n<p>&nbsp;</p>\n<p>The festival is located on the west part of&nbsp;Zam&aacute;rdi&nbsp;at the crossing of Panor&aacute;ma and Z&ouml;ldfa utca (street).<sup id=\"cite_ref-3\" class=\"reference\">[3]</sup></p>\n<p>&nbsp;</p>\n<p>Inside the festival area variable stages,&nbsp;lounges, and&nbsp;tents&nbsp;are established for the performances. The sponsors of the festival create luxurious chill-out facilities with&nbsp;hammocks,&nbsp;bean bags, and easy chairs. Visitors to Balaton Sound can stay at a special campsite with several&nbsp;pubs,&nbsp;cocktail bars&nbsp;and&nbsp;restaurants&nbsp;equipped with accoutrements absent from Hungary's other summer music festivals. The Main Stage area has a capacity of about 50,000.</p>\n<p>&nbsp;</p>\n<p>According to a&nbsp;KPMG&nbsp;study over the four days of the event in 2008, 88,000 attendants visited the festival while the daily average reached 22,000. Over 1.6 billion&nbsp;HUF&nbsp;was spent by visitors in total, 41,000 HUF per person, mostly spent on entrance fees, food and accommodation.<sup id=\"cite_ref-4\" class=\"reference\">[4]</sup>&nbsp;In 2009, the number of festival visitors reached 94,000.<sup id=\"cite_ref-5\" class=\"reference\">[5]</sup>&nbsp;In 2012 it became the second largest music festival in Hungary (after the&nbsp;Sziget Festival), and one of the most populated electronic music festivals in Europe.<sup id=\"cite_ref-6\" class=\"reference\">[6]</sup><sup id=\"cite_ref-7\" class=\"reference\">[7]</sup></p>\n<p>&nbsp;</p>\n<p>The 2012 festival won the&nbsp;European Festivals Award&nbsp;in the category&nbsp;<em>Best Medium-Sized European Festival</em>&nbsp;in early 2013.<sup id=\"cite_ref-8\" class=\"reference\">[8]</sup></p>\n<p>&nbsp;</p>\n<p>In 2018 the festival headliners included (amongst others)&nbsp;David Guetta,&nbsp;Alesso,&nbsp;Dimitri Vegas &amp; Like Mike&nbsp;and&nbsp;The Chainsmokers. A statement by the festival producers confirmed that the 2018 festival broke its previous attendance record, with 165,000 attending, 8000 more than the previous record.&nbsp;<sup id=\"cite_ref-9\" class=\"reference\">[9]</sup></p>\n<p>&nbsp;</p>\n<p>Balaton Sound 2019 will start on 3 July and will end on 7 July, featuring headliner performances by&nbsp;J Balvin,&nbsp;Future&nbsp;and DJs&nbsp;Armin Van Buuran,&nbsp;Tiesto&nbsp;and&nbsp;Marshmello.<sup id=\"cite_ref-10\" class=\"reference\">[10]</sup></p>\n<p>&nbsp;</p>\n<h2><span id=\"References\" class=\"mw-headline\">References</span></h2>\n<div class=\"reflist\">\n<div class=\"mw-references-wrap mw-references-columns\">\n<ol class=\"references\">\n<li id=\"cite_note-1\"><span class=\"mw-cite-backlink\"><strong>^</strong></span>&nbsp;<span class=\"reference-text\"><cite class=\"citation web cs1\">\"Dupl&aacute;j&aacute;r nőtt az &eacute;rdeklőd&eacute;s\". Archived from&nbsp;the original&nbsp;on 2013-06-07<span class=\"reference-accessdate\">. Retrieved&nbsp;<span class=\"nowrap\">2013-05-13</span></span>.</cite></span></li>\n<li id=\"cite_note-2\"><span class=\"mw-cite-backlink\"><strong>^</strong></span>&nbsp;<span class=\"reference-text\">Balaton Sound &eacute;s VOLT: nyeres&eacute;g nyeres&eacute;g h&aacute;t&aacute;n&nbsp;Retrieved 15 May 2012</span></li>\n<li id=\"cite_note-3\"><span class=\"mw-cite-backlink\"><strong>^</strong></span>&nbsp;<span class=\"reference-text\">Zam&aacute;rdi&nbsp;Archived&nbsp;2012-04-30 at the&nbsp;Wayback Machine&nbsp;Retrieved 15 May 2012</span></li>\n<li id=\"cite_note-4\"><span class=\"mw-cite-backlink\"><strong>^</strong></span>&nbsp;<span class=\"reference-text\">[1]&nbsp;Archived&nbsp;2010-03-31 at the&nbsp;Wayback Machine, released: 18.06.2009., original title: Economic effect examination of the Balaton Sound and VOLT festivals</span></li>\n<li id=\"cite_note-5\"><span class=\"mw-cite-backlink\"><strong>^</strong></span>&nbsp;<span class=\"reference-text\">Entertainment,&nbsp;<em>GLM Hungary</em>&nbsp;Archived&nbsp;2012-03-26 at the&nbsp;Wayback Machine&nbsp;Retrieved 15 May 2012</span></li>\n<li id=\"cite_note-6\"><span class=\"mw-cite-backlink\"><strong>^</strong></span>&nbsp;<span class=\"reference-text\">[2]</span></li>\n<li id=\"cite_note-7\"><span class=\"mw-cite-backlink\"><strong>^</strong></span>&nbsp;<span class=\"reference-text\">[3]</span></li>\n<li id=\"cite_note-8\"><span class=\"mw-cite-backlink\"><strong>^</strong></span>&nbsp;<span class=\"reference-text\"><cite class=\"citation web cs1\">\"Archived copy\". Archived from&nbsp;the original&nbsp;on 2013-10-13<span class=\"reference-accessdate\">. Retrieved&nbsp;<span class=\"nowrap\">2013-10-01</span></span>.</cite></span></li>\n<li id=\"cite_note-9\"><span class=\"mw-cite-backlink\"><strong>^</strong></span>&nbsp;<span class=\"reference-text\"><cite class=\"citation web cs1\">\"Balaton Sound 2018 closes with a record No. of visitors - PHOTOS\".&nbsp;<em>Daily News Hungary</em>. 2018-07-20<span class=\"reference-accessdate\">. Retrieved&nbsp;<span class=\"nowrap\">2019-05-06</span></span>.</cite></span></li>\n<li id=\"cite_note-10\"><span class=\"mw-cite-backlink\"><strong>^</strong></span>&nbsp;<span class=\"reference-text\"><cite id=\"CITEREFDesk\" class=\"citation web cs1\">Desk, TV News.&nbsp;\"Balaton Sound Announces Electronic Music Lineup\".&nbsp;<em>BroadwayWorld.com</em><span class=\"reference-accessdate\">. Retrieved&nbsp;<span class=\"nowrap\">2019-05-06</span></span>.</cite></span></li>\n</ol>\n</div>\n</div>",
 "remarks": "本词条汉字内容由 @多频百科团队 翻译+编辑\n原文译自 https://en.wikipedia.org/wiki/Balaton_Sound",
 "remarksEn": "本词条内容来自 https://en.wikipedia.org/wiki/Balaton_Sound",
 "status": 1,
 "clickNum": 13,
 "deleted": 0,
 "lang": 0,
 "chooseLang": true,
 "id": 104,
 "name": "Balaton Sound",
 "descriptions": "Balaton Sound（在 2007 年至 2012 年间也被称为 Heineken Balaton Sound，自 2013 年起因赞助原因被称为 MasterCard Balaton Sound）是欧洲最大的露天电子音乐节之一。 自 2007 年起每年在匈牙利巴拉顿湖的南岸举行，它以来自世界各地的现场表演和 DJ 为特色，从知名艺术家到新秀。 该活动由 Sziget Festival 的组织者共同创建。",
 "picture": "https://duopin-community.oss-cn-shenzhen.aliyuncs.com/lfvb2vcmbaw169j6ze9v.jpg",
 "originalName": "巴拉顿湖的声音；喜力巴拉顿音响；万事达卡巴拉顿音响",
 "holdTimeText": "四天，通常从七月的第二个星期四开始",
 "holdAddress": "萨马尔迪/巴拉顿湖/匈牙利",
 "searchAddress": "匈牙利",
 "sponsor": "Sziget Festival",
 "foundTimeText": "2007年",
 "referenceUrl": "https://en.wikipedia.org/wiki/Balaton_Sound",
 "nonceStatusText": "运营中",
 "typeId": 16,
 "typeName": "电音节",
 "dataId": 104,
 "url": "http://dropinapp.hearinmusic.com/#/ency?typeId=16&dataId=104"
}