{
 "pageNum": 1,
 "pageSize": 10,
 "params": {},
 "content": "<div>\n<div class=\"document\">\n<p class=\"paragraph text-align-type-left pap-line-1.8 pap-line-rule-auto pap-spacing-before-2pt pap-spacing-after-2pt\">Bestival是在英格兰南部举行的一个为期四天的音乐节。自2004年以来，它每年都在夏末在怀特岛的罗宾山举行。2017年，该节日搬迁到多塞特郡的卢尔沃斯庄园。该活动由DJ和唱片制作人Rob da Bank与他的妻子Josie 一起组织，是他的Sunday Best厂牌和俱乐部之夜的一个分支。最初的Bestival吸引了10,000人，在其最后一年，即2018年，增长到50,000人。Bestival在2015年英国节日奖上赢得了 \"最佳主要节日\"奖，此前在2005年、2006年、2007年和2009年赢得了 \"最佳中型节日\"，在2010年、2012年和2015年赢得了 \"最佳主要节日\"，在2011年赢得了 \"粉丝的最爱\"，在2005年赢得了 \"最佳创新\"奖。</p>\n<p class=\"paragraph text-align-type-left pap-line-1.8 pap-line-rule-auto pap-spacing-before-2pt pap-spacing-after-2pt\">&nbsp;</p>\n<p class=\"paragraph text-align-type-left pap-line-1.8 pap-line-rule-auto pap-spacing-before-2pt pap-spacing-after-2pt\"><strong>起源</strong></p>\n<p class=\"paragraph text-align-type-left pap-line-1.8 pap-line-rule-auto pap-spacing-before-2pt pap-spacing-after-2pt\">自2004年以来，该节日每年都在夏末举行，在怀特岛上一个名为 \"罗宾山 \"的小乡村公园举行。该活动由Rob da Bank组织，是他的Sunday Best厂牌和俱乐部之夜的一个分支。创意总监和妻子Josie da Bank以及共同创始人/合伙人John Hughes, Ziggy Gilsenan 和Ben Turner也参与了这次活动的组织工作。怀特岛人均举办的狂欢节比英国其他地方多。</p>\n<p class=\"paragraph text-align-type-left pap-line-1.8 pap-line-rule-auto pap-spacing-before-2pt pap-spacing-after-2pt\">&nbsp;</p>\n<p class=\"paragraph text-align-type-left pap-line-1.8 pap-line-rule-auto pap-spacing-before-2pt pap-spacing-after-2pt\">2004年，该节日有10,000人参加，这一数字随后增加到2009年的43,000人和2018年的50,000人。</p>\n<p class=\"paragraph text-align-type-left pap-line-1.8 pap-line-rule-auto pap-spacing-before-2pt pap-spacing-after-2pt\">&nbsp;</p>\n<p class=\"paragraph text-align-type-left pap-line-1.8 pap-line-rule-auto pap-spacing-before-2pt pap-spacing-after-2pt\">2008年推出了一个适合家庭的姐妹节日 \"Camp Bestival\"。</p>\n<p class=\"paragraph text-align-type-left pap-line-1.8 pap-line-rule-auto pap-spacing-before-2pt pap-spacing-after-2pt\">&nbsp;</p>\n<p class=\"paragraph text-align-type-left pap-line-1.8 pap-line-rule-auto pap-spacing-before-2pt pap-spacing-after-2pt\">2016年12月，组织者宣布迁往多塞特郡的卢尔沃斯庄园。</p>\n<p class=\"paragraph text-align-type-left pap-line-1.8 pap-line-rule-auto pap-spacing-before-2pt pap-spacing-after-2pt\">&nbsp;</p>\n<p class=\"paragraph text-align-type-left pap-line-1.8 pap-line-rule-auto pap-spacing-before-2pt pap-spacing-after-2pt\">2018年，Bestival从通常的9月移至8月的第一周，在其姐妹节日Camp Bestival在同一Lulworth Estate场地举行后的一周。</p>\n<p class=\"paragraph text-align-type-left pap-line-1.8 pap-line-rule-auto pap-spacing-before-2pt pap-spacing-after-2pt\">&nbsp;</p>\n<p class=\"paragraph text-align-type-left pap-line-1.8 pap-line-rule-auto pap-spacing-before-2pt pap-spacing-after-2pt\">2018年，Bestival组织进入行政管理，导致许多工人没有工资。Bestival因此而停止，但Camp Bestival在2019年继续在Lulworth Estate的同一地点和周末举行。该活动再次由Rob da Bank和他的妻子Josie策划。2018年底，所有剩余的Bestival品牌都被美国/爱尔兰娱乐集团Live Nation/Gaiety和SJM音乐会从管理中收购。因此，他们现在是Camp Bestival和目前不活跃的Bestival的品牌所有者。</p>\n<p class=\"paragraph text-align-type-left pap-line-1.8 pap-line-rule-auto pap-spacing-before-2pt pap-spacing-after-2pt\">&nbsp;</p>\n<p class=\"paragraph text-align-type-left pap-line-1.8 pap-line-rule-auto pap-spacing-before-2pt pap-spacing-after-2pt\"><strong>节日精神</strong></p>\n<p class=\"paragraph text-align-type-left pap-line-1.8 pap-line-rule-auto pap-spacing-before-2pt pap-spacing-after-2pt\">Bestival以其奇装异服的主题日（通常在节日的星期六）而闻名。2005年，有人试图创造吉尼斯世界纪录，即在任何一次活动中穿奇装异服的人最多。到2010年，这一目标已经实现，55000名节日参与者创造了新的吉尼斯世界纪录。</p>\n<p class=\"paragraph text-align-type-left pap-line-1.8 pap-line-rule-auto pap-spacing-before-2pt pap-spacing-after-2pt\">&nbsp;</p>\n<div>\n<div class=\"document\">\n<p class=\"paragraph text-align-type-left pap-line-1.8 pap-line-rule-auto pap-spacing-before-2pt pap-spacing-after-2pt\">该节日还大量参与支持社会和环境事业。Rob da Bank和Bestival支持了几个怀特岛的慈善机构和青年组织，例如Rob da Bank's Music Club, Isle of Wight Toy Appeal, Isle of Wight Youth Trust, St Catherines School 和Barter For Bestival。在节日现场，Bestival支持Oxfam、RSPB、大赦国际、水援助和遗产项目。Bestival积极减少碳排放和对环境的影响；例如，自行车到Bestival、游泳到Bestival、LiftShare等计划，在营地用回收物换取茶杯，回收和废物管理，委托进行环境影响评估，监测电力使用，用按钮式水龙头限制用水。</p>\n<p class=\"paragraph text-align-type-left pap-line-1.8 pap-line-rule-auto pap-spacing-before-2pt pap-spacing-after-2pt\">&nbsp;</p>\n<p class=\"paragraph text-align-type-left pap-line-1.8 pap-line-rule-auto pap-spacing-before-2pt pap-spacing-after-2pt\">Bestival是绿色节日联盟的创始成员之一。</p>\n<p class=\"paragraph text-align-type-left pap-line-1.8 pap-line-rule-auto pap-spacing-before-2pt pap-spacing-after-2pt\">&nbsp;</p>\n<p class=\"paragraph text-align-type-left pap-line-1.8 pap-line-rule-auto pap-spacing-before-2pt pap-spacing-after-2pt\">由于其非公司化的感觉，Bestival经常被描述为 \"boutique festival\"。它还以试验奇怪和创新的想法而闻名，包括一个可以结婚的充气教堂。其他特色包括 \"Breastival\"，这是一个安静的蒙古包，专门为母亲和她们的母乳喂养的孩子服务。当地的妇女协会也参与其中，以最低价格提供茶点。</p>\n</div>\n</div>\n</div>\n</div>",
 "contentEn": "<div>\n<div class=\"document\">\n<p class=\"paragraph text-align-type-left pap-line-1.8 pap-line-rule-auto pap-spacing-before-2pt pap-spacing-after-2pt\"><strong>Bestival</strong>&nbsp;was a four-day music festival held in the south of&nbsp;England. It had been held annually in the late summer since 2004 at Robin Hill on the&nbsp;Isle of Wight. In 2017 the festival relocated to the&nbsp;Lulworth Estate&nbsp;in Dorset. The event was organised by DJ and record producer&nbsp;Rob da Bank&nbsp;along with his wife Josie and was an offshoot of his&nbsp;Sunday Best&nbsp;record label and club nights.<sup id=\"cite_ref-What_is_Bestival_1-0\" class=\"reference\">[1]</sup>&nbsp;The initial Bestival attracted 10,000 people, growing to 50,000 in its final year, 2018.<sup id=\"cite_ref-itv_news_2-0\" class=\"reference\">[2]</sup>&nbsp;Bestival won 'Best Major Festival' at the 2015 UK Festival Awards, having won 'Best Medium-Sized Festival' in 2005, 2006, 2007 and 2009, 'Best Major Festival' in 2010, 2012 and in 2015, 'Fan's Favourite' in 2011 and 'Best Innovation' in 2005.<sup id=\"cite_ref-3\" class=\"reference\">[3]</sup></p>\n<p class=\"paragraph text-align-type-left pap-line-1.8 pap-line-rule-auto pap-spacing-before-2pt pap-spacing-after-2pt\">&nbsp;</p>\n<h2><span id=\"Origins\" class=\"mw-headline\">Origins</span></h2>\n<p>The festival had been held annually in the late summer since 2004, in a small country park called 'Robin Hill' on The Isle of Wight. The event was organized by&nbsp;Rob da Bank&nbsp;and was an offshoot of his&nbsp;Sunday Best&nbsp;record label and club nights.<sup id=\"cite_ref-What_is_Bestival_1-1\" class=\"reference\">[1]</sup>&nbsp;Creative Director and wife Josie da Bank and co founders / partners John Hughes, Ziggy Gilsenan and Ben Turner were also involved in organising the event. The Isle of Wight holds more carnivals per capita than anywhere else in the United Kingdom.<sup id=\"cite_ref-4\" class=\"reference\">[4]</sup></p>\n<p>&nbsp;</p>\n<p>In 2004, the festival was attended by 10,000 people, a figure which subsequently increased to 43,000 in 2009<sup id=\"cite_ref-What_is_Bestival_1-2\" class=\"reference\">[1]</sup>&nbsp;and 50,000 in 2018.<sup id=\"cite_ref-itv_news_2-1\" class=\"reference\">[2]</sup></p>\n<p>&nbsp;</p>\n<p>A family-friendly sister festival \"Camp Bestival\" launched in 2008.</p>\n<p>&nbsp;</p>\n<p>In December 2016, the organisers announced a move to The Lulworth Estate in Dorset.<sup id=\"cite_ref-5\" class=\"reference\">[5]</sup></p>\n<p>&nbsp;</p>\n<p>In 2018 Bestival moved from its usual September date to the first week in August, a week after its sister festival, Camp Bestival, took place on the same, Lulworth Estate site.</p>\n<p>&nbsp;</p>\n<p>In 2018 The Bestival organisation went into administration, leaving many workers unpaid. Bestival as a result ceased, however Camp Bestival continued on the same Lulworth Estate site and equivalent weekend in 2019. The event was again curated by Rob da Bank and his wife Josie. All remaining Bestival brands were bought out of administration in late 2018 by the US/Irish entertainments group Live Nation/Gaiety along with SJM concerts. As such they are now brand owners for Camp Bestival and, the currently inactive, Bestival.</p>\n<p>&nbsp;</p>\n<h2><span id=\"Festival_ethos\" class=\"mw-headline\">Festival ethos</span></h2>\n<p>Bestival was well known for its fancy dress themed days (usually the Saturday of the festival). In 2005, an attempt was made to set the&nbsp;Guinness World Record&nbsp;for most people in&nbsp;fancy dress&nbsp;at any one event. By 2010 this was achieved, when 55,000 festival goers set a new Guinness World Record.</p>\n<p>&nbsp;</p>\n<p>The festival was also heavily involved in supporting social and environmental causes. Rob da Bank and Bestival supported several Isle of Wight-based charities and youth organisations; for example Rob da Bank's Music Club, Isle of Wight Toy Appeal, Isle of Wight Youth Trust, St Catherines School and Barter For Bestival. On site at the festival, Bestival supported Oxfam, RSPB, Amnesty International, Water Aid and the Legacy Project. Bestival actively reduced its&nbsp;carbon emissions&nbsp;and impact on the environment; for example schemes such as Bike to Bestival, Swim to Bestival, LiftShare, exchanging recycling at the campsites for cups of tea, recycling and waste management, commissioning Environmental Impact Assessments, monitoring power usage and limiting water usage with push button taps.</p>\n<p>&nbsp;</p>\n<p>Bestival was a founding member of the&nbsp;Greener Festival Alliance.</p>\n<p>&nbsp;</p>\n<p>Bestival was often described as a \"boutique festival\" due to its non-corporate feel. It was also known for piloting odd and innovative ideas, including an inflatable church where people can get married. Other features included the \"Breastival\", a quiet&nbsp;Yurt&nbsp;designated for mothers and their breast-feeding children. The local Women's Institute had also been involved by providing refreshments for a minimal price.</p>\n<p>&nbsp;</p>\n<h2><span id=\"References\" class=\"mw-headline\">References</span></h2>\n<div class=\"reflist\">\n<div class=\"mw-references-wrap mw-references-columns\">\n<ol class=\"references\">\n<li id=\"cite_note-What_is_Bestival-1\"><span class=\"mw-cite-backlink\">^&nbsp;<span class=\"cite-accessibility-label\">Jump up to:</span><sup><em><strong>a</strong></em></sup>&nbsp;<sup><em><strong>b</strong></em></sup>&nbsp;<sup><em><strong>c</strong></em></sup></span>&nbsp;<span class=\"reference-text\"><cite class=\"citation web cs1\">\"What is Bestival?\". Bestival.net. Archived from&nbsp;the original&nbsp;on 10 June 2007<span class=\"reference-accessdate\">. Retrieved&nbsp;<span class=\"nowrap\">7 June</span>&nbsp;2014</span>.</cite></span></li>\n<li id=\"cite_note-itv_news-2\"><span class=\"mw-cite-backlink\">^&nbsp;<span class=\"cite-accessibility-label\">Jump up to:</span><sup><em><strong>a</strong></em></sup>&nbsp;<sup><em><strong>b</strong></em></sup></span>&nbsp;<span class=\"reference-text\"><cite class=\"citation news cs1\">\"Bestival music festival 2019 axed amid huge spiralling debts\".&nbsp;<em>ITV News</em>. 6 March 2019<span class=\"reference-accessdate\">. Retrieved&nbsp;<span class=\"nowrap\">13 December</span>&nbsp;2020</span>.</cite></span></li>\n<li id=\"cite_note-3\"><span class=\"mw-cite-backlink\"><strong>^</strong></span>&nbsp;<span class=\"reference-text\"><cite class=\"citation web cs1\">\"Festival Awards\"<span class=\"reference-accessdate\">. Retrieved&nbsp;<span class=\"nowrap\">7 June</span>&nbsp;2014</span>.</cite></span></li>\n<li id=\"cite_note-4\"><span class=\"mw-cite-backlink\"><strong>^</strong></span>&nbsp;<span class=\"reference-text\">Isle of Wight Carnival 2006&nbsp;Archived&nbsp;5 August 2010 at the&nbsp;Wayback Machine</span></li>\n<li id=\"cite_note-5\"><span class=\"mw-cite-backlink\"><strong>^</strong></span>&nbsp;<span class=\"reference-text\"><cite id=\"CITEREFCrothers2016\" class=\"citation news cs1\">Crothers, Jennifer (15 December 2016).&nbsp;\"Bestival is moving from the Isle of Wight &ndash; and already has a new location\".&nbsp;<em>Daily Mirror</em><span class=\"reference-accessdate\">. Retrieved&nbsp;<span class=\"nowrap\">5 October</span>&nbsp;2017</span>.</cite></span></li>\n</ol>\n</div>\n</div>\n</div>\n</div>",
 "remarks": "本词条汉字内容由 @多频百科团队 翻译+编辑\n原文译自 https://en.wikipedia.org/wiki/Bestival",
 "remarksEn": "本词条内容来自 https://en.wikipedia.org/wiki/Bestival",
 "status": 1,
 "clickNum": 13,
 "deleted": 0,
 "lang": 0,
 "chooseLang": true,
 "id": 151,
 "name": "Bestival",
 "descriptions": " Bestival是在英格兰南部举行的一个为期四天的音乐节。自2004年以来，它每年都在夏末在怀特岛的罗宾山举行。2017年，该节日搬迁到多塞特郡的卢尔沃斯庄园。该活动由DJ和唱片制作人Rob da Bank与他的妻子Josie 一起组织，是他的Sunday Best厂牌和俱乐部之夜的一个分支。最初的Bestival吸引了10,000人，在其最后一年，即2018年，增长到50,000人。Bestival在2015年英国节日奖上赢得了 \"最佳主要节日\"奖，此前在2005年、2006年、2007年和2009年赢得了 \"最佳中型节日\"，在2010年、2012年和2015年赢得了 \"最佳主要节日\"，在2011年赢得了 \"粉丝的最爱\"，在2005年赢得了 \"最佳创新\"奖。",
 "picture": "https://duopin-community.oss-cn-shenzhen.aliyuncs.com/iopx34a9pw47yfr4bm58.jpg",
 "originalName": "",
 "holdTimeText": "",
 "holdAddress": "Dorset, England",
 "searchAddress": "英国",
 "joinScale": 50000,
 "sponsor": "Rob da Bank",
 "foundTimeText": "2004–2018",
 "referenceUrl": "https://en.wikipedia.org/wiki/Bestival",
 "nonceStatusText": "已完结",
 "typeId": 16,
 "typeName": "电音节",
 "dataId": 151,
 "url": "http://dropinapp.hearinmusic.com/#/ency?typeId=16&dataId=151"
}