{
 "pageNum": 1,
 "pageSize": 10,
 "params": {},
 "content": "<div>\n<div class=\"document\">\n<p class=\"paragraph text-align-type-left pap-line-1.8 pap-line-rule-auto pap-spacing-before-2pt pap-spacing-after-2pt\">The Boom Festival是在葡萄牙伊达尼亚-阿-诺瓦的卡斯特洛布兰科市举办的国际音乐和文化节。双年展的概念包括不同的电子音乐流派，Psychedelic Trance, Downtempo, Techno &amp; House Music、艺术、绘画、雕塑、瑜伽、视频艺术、电影和戏剧的交叉。该音乐节被认为是欧洲最大的同类活动，每两年举办一次，被《滚石》杂志认为是世界上最著名的变革性音乐节之一。这是一个对家庭友好、具有包容性的节日，它是为有婴儿的家庭和有特殊需要的人精心设计的。&nbsp;该音乐节在可持续发展方面的努力得到了国际认可。</p>\n<p class=\"paragraph text-align-type-left pap-line-1.8 pap-line-rule-auto pap-spacing-before-2pt pap-spacing-after-2pt\">&nbsp;</p>\n<div>\n<div class=\"document\">\n<p class=\"paragraph text-align-type-left pap-line-1.8 pap-line-rule-auto pap-spacing-before-2pt pap-spacing-after-2pt\"><strong>概述</strong></p>\n<p class=\"paragraph text-align-type-left pap-line-1.8 pap-line-rule-auto pap-spacing-before-2pt pap-spacing-after-2pt\">Boom&nbsp;Festival&nbsp;始于1997年，是一个psychedelic&nbsp;trance的音乐节。&nbsp;一开始，它有一个主舞台和一个休息区，提供\"放松的音乐\"。 如今，这个每隔一年在马雷查尔-卡莫纳水库岸边举办的活动有五个舞台：舞蹈圣殿是psytrance和natural&nbsp;trance音乐；Alchemy&nbsp;Circle是许多新鲜的实验类型--电子乐、psychedelic&nbsp;trance、House，以及这些类型的独特组合；&nbsp;Sacred&nbsp;Fire舞台是世界音乐和现场音乐表演；Ambient&nbsp;Source是chill-out音乐；以及Funky&nbsp;Beach舞台是电子舞曲DJ和制作人表演。&nbsp;其他景点包括雕塑、艺术画廊、街头戏剧和烟火表演，同时，还有讲座、瑜伽课、电影放映、团体冥想和讨论。&nbsp;The&nbsp;Healing&nbsp;Area设有治疗技术小组研讨会、水疗池和按摩区。</p>\n<p class=\"paragraph text-align-type-left pap-line-1.8 pap-line-rule-auto pap-spacing-before-2pt pap-spacing-after-2pt\">&nbsp;</p>\n<p class=\"paragraph text-align-type-left pap-line-1.8 pap-line-rule-auto pap-spacing-before-2pt pap-spacing-after-2pt\"><strong>目标</strong></p>\n<p class=\"paragraph text-align-type-left pap-line-1.8 pap-line-rule-auto pap-spacing-before-2pt pap-spacing-after-2pt\">Boom的主要重点是将可持续发展的精神与艺术和文化相结合。&nbsp;根据设计，它不提供企业娱乐或赞助商。&nbsp;关键目标是为不同民族背景、国籍和年龄的人提供一个变革性的节日。[引用]用它自己的话说，\"Boom不仅是一个节日，它是一种心态。&nbsp;它的灵感来自于本体、和平、创造力、可持续性、超越、另类文化、积极参与、进化和爱等原则，它是一个空间，来自世界各地的人们可以汇聚在一起，体验另一种现实。与其他类似的节日不同，Boom Festival在范围上既不是新时代也不是反文化，尽管它对一些不同的感觉和原则开放，只要它们不与它的主要宗旨相冲突。&nbsp;该音乐节的资金完全来自于门票销售。&nbsp;它不使用企业赞助商，这消除了被视为视觉污染的营销。</p>\n<p class=\"paragraph text-align-type-left pap-line-1.8 pap-line-rule-auto pap-spacing-before-2pt pap-spacing-after-2pt\">&nbsp;</p>\n<div>\n<div class=\"document\">\n<p class=\"paragraph text-align-type-left pap-line-1.8 pap-line-rule-auto pap-spacing-before-2pt pap-spacing-after-2pt\"><strong>自我可持续发展</strong></p>\n<p class=\"paragraph text-align-type-left pap-line-1.8 pap-line-rule-auto pap-spacing-before-2pt pap-spacing-after-2pt\">2004年，Boom开始了一系列的环境自我维持项目，其中包括：不使用化学产品的厕所、使用生物技术处理残余水、利用风能和太阳能、回收利用以及向参与者免费提供清洁工具包（包括袖珍烟灰缸和垃圾袋）。它在2008、2010、2012、2014和2016年被评估并授予国际公认的绿色节日奖的杰出奖。</p>\n<p class=\"paragraph text-align-type-left pap-line-1.8 pap-line-rule-auto pap-spacing-before-2pt pap-spacing-after-2pt\">&nbsp;</p>\n<p class=\"paragraph text-align-type-left pap-line-1.8 pap-line-rule-auto pap-spacing-before-2pt pap-spacing-after-2pt\">2011年，它连续第二年在欧洲节日奖中赢得了YOUROPE年度绿色'N'清洁节的称号。因此，联合国邀请组织团队在一个名为联合国音乐与环境倡议（M&amp;E）的项目中利用音乐的普及作为提高公众环境意识的手段。</p>\n</div>\n</div>\n</div>\n</div>\n</div>\n</div>",
 "contentEn": "<p>The&nbsp;<strong>Boom Festival</strong>&nbsp;is an international&nbsp;music&nbsp;and&nbsp;culture&nbsp;festival&nbsp;near&nbsp;Alcafozes, in the municipality of&nbsp;Idanha-a-Nova,&nbsp;Castelo Branco District, in&nbsp;Portugal. The concept of this&nbsp;biennale&nbsp;consists of the crossing of different&nbsp;electronic music&nbsp;genres,&nbsp;psychedelic trance,&nbsp;downtempo,&nbsp;techno&nbsp;&amp;&nbsp;house music, arts in general, painting, sculpture, yoga, video art, cinema and theater. The festival is considered the largest event of its kind in Europe every two years and by&nbsp;Rolling Stone Magazine&nbsp;as one of the most famous&nbsp;transformational festivals&nbsp;in the world.<sup id=\"cite_ref-Boom_Festival_in_Rolling_Stones_Magazine_1-0\" class=\"reference\">[1]</sup>&nbsp;A&nbsp;family-friendly,&nbsp;inclusive&nbsp;festival, it is carefully designed with families with babies to people with&nbsp;special needs&nbsp;in mind. The festival has been internationally recognised for its&nbsp;sustainability&nbsp;efforts.</p>\n<p>&nbsp;</p>\n<h2><span id=\"Overview\" class=\"mw-headline\">Overview</span></h2>\n<p>Boom Festival began in 1997 as a&nbsp;psychedelic trance&nbsp;music festival. In the beginning it had a main stage and a lounge area with mellow, \"chill-out music\".<sup id=\"cite_ref-2\" class=\"reference\">[2]</sup><sup id=\"cite_ref-3\" class=\"reference\">[3]</sup>&nbsp;Nowadays, the event which is organized every other year on the banks of&nbsp;Marechal Carmona Dam&nbsp;reservoir, has five stages: the Dance Temple is for&nbsp;psytrance&nbsp;and natural trance music; the Alchemy Circle is for many fresh experimental genres --&nbsp;techno,&nbsp;psychedelic trance,&nbsp;House, and unique combinations of those; the Sacred Fire stage is for&nbsp;world music&nbsp;and&nbsp;live music&nbsp;performances; the Ambient Source is for&nbsp;chill-out music; and the Funky Beach stage is for&nbsp;electronic dance music&nbsp;dee jays and producers. Other attractions include sculptures, an&nbsp;art gallery,&nbsp;street theatre, and&nbsp;fire performances. Within the shaded Liminal Village are lectures, yoga classes, film screenings, group meditation, and discussions. The Healing Area has group workshops for healing techniques, a pool for water therapy, and a massage area.</p>\n<p>&nbsp;</p>\n<h2><span id=\"Objective\" class=\"mw-headline\">Objective</span></h2>\n<p>Boom's main focus is to integrate a&nbsp;sustainability&nbsp;ethos&nbsp;with arts and culture. By design, it does not provide corporate entertainment or sponsors. The key goal is to provide a transformational festival for people of different ethnic backgrounds, nationality and ages.<sup class=\"noprint Inline-Template Template-Fact\">[<em><span title=\"This claim needs references to reliable sources. (December 2013)\">citation needed</span></em>]</sup>&nbsp;In its own words, \"Boom is not only a festival, it is a state of mind. Inspired by the principles of Oneness, Peace, Creativity, Sustainability, Transcendence, Alternative Culture, Active Participation, Evolution and Love, it is a space where people from all over the world can converge to experience an alternative reality.\"<sup id=\"cite_ref-boomfestival1_4-0\" class=\"reference\">[4]</sup>&nbsp;Differently to other similar festivals, Boom Festival is neither&nbsp;new age&nbsp;nor&nbsp;counterculture&nbsp;in scope although being opened to several different sensibilities and principles as far as they aren't incompatible with its main tenets. The festival is entirely funded by ticket sales. It does not use corporate sponsors, which eliminates marketing that is seen as&nbsp;visual pollution.<sup id=\"cite_ref-boomfestival1_4-1\" class=\"reference\">[4]</sup></p>\n<p>&nbsp;</p>\n<h2><span id=\"Self-sustainability\" class=\"mw-headline\">Self-sustainability</span></h2>\n<p>In 2004, Boom began a series of environmentally&nbsp;self-sustainable&nbsp;projects, which includes: toilets that don't use chemical products, the treatment of residual waters using biotechnology, utilization of&nbsp;wind&nbsp;and&nbsp;solar energy,&nbsp;recycling&nbsp;and the free supply of cleaning kits to participants (including pocket ashtrays and rubbish bags).<sup class=\"noprint Inline-Template Template-Fact\">[<em><span title=\"This claim needs references to reliable sources. (December 2013)\">citation needed</span></em>]</sup>&nbsp;It has been assessed and awarded Outstanding in the Internationally recognised&nbsp;Greener Festival Award&nbsp;in 2008, 2010, 2012, 2014, and 2016.</p>\n<p>&nbsp;</p>\n<p>In 2011, it won, for the second year in a row, the title of YOUROPE Green 'N' Clean Festival of the Year in the Festival Awards Europe.<sup id=\"cite_ref-5\" class=\"reference\">[5]</sup>&nbsp;As a result, the&nbsp;United Nations&nbsp;invited the organizing team to use the popularity of music as a means for raising public environmental awareness in a program called United Nations Music &amp; Environmental Initiative (M&amp;E).<sup id=\"cite_ref-6\" class=\"reference\">[6]</sup></p>\n<p>&nbsp;</p>\n<h2><span id=\"References\" class=\"mw-headline\">References</span></h2>\n<div class=\"reflist\">\n<div class=\"mw-references-wrap\">\n<ol class=\"references\">\n<li id=\"cite_note-Boom_Festival_in_Rolling_Stones_Magazine-1\"><span class=\"mw-cite-backlink\"><strong>^</strong></span>&nbsp;<span class=\"reference-text\">[1]</span></li>\n<li id=\"cite_note-2\"><span class=\"mw-cite-backlink\"><strong>^</strong></span>&nbsp;<span class=\"reference-text\"><cite class=\"citation web cs1\">\"Multidisciplinary Association for Psychedelic Studies\". Maps<span class=\"reference-accessdate\">. Retrieved&nbsp;<span class=\"nowrap\">2013-12-31</span></span>.</cite></span></li>\n<li id=\"cite_note-3\"><span class=\"mw-cite-backlink\"><strong>^</strong></span>&nbsp;<span class=\"reference-text\"><cite class=\"citation web cs1\">\"Parties and Festivals\". Parties-n-festivals.com. Archived from&nbsp;the original&nbsp;on 2012-02-20<span class=\"reference-accessdate\">. Retrieved&nbsp;<span class=\"nowrap\">2013-12-31</span></span>.</cite></span></li>\n<li id=\"cite_note-boomfestival1-4\"><span class=\"mw-cite-backlink\">^&nbsp;<span class=\"cite-accessibility-label\">Jump up to:</span><sup><em><strong>a</strong></em></sup>&nbsp;<sup><em><strong>b</strong></em></sup></span>&nbsp;<span class=\"reference-text\"><cite class=\"citation web cs1\">\"Boom Vision\". BoomFestival.org. Archived from&nbsp;the original&nbsp;on 2013-12-15<span class=\"reference-accessdate\">. Retrieved&nbsp;<span class=\"nowrap\">2013-12-31</span></span>.</cite></span></li>\n<li id=\"cite_note-5\"><span class=\"mw-cite-backlink\"><strong>^</strong></span>&nbsp;<span class=\"reference-text\"><cite id=\"CITEREFAEIOU_-_Investimentos_Multim&eacute;dia,_S.A.2011\" class=\"citation web cs1\">AEIOU - Investimentos Multim&eacute;dia, S.A. (2011-01-13).&nbsp;\"Boom Festival ganha pr&eacute;mio Green 'N' Clean nos Festival Awards Europe\". Blitz.aeiou.pt. Archived from&nbsp;the original&nbsp;on 2012-03-09<span class=\"reference-accessdate\">. Retrieved&nbsp;<span class=\"nowrap\">2013-12-31</span></span>.</cite></span></li>\n<li id=\"cite_note-6\"><span class=\"mw-cite-backlink\"><strong>^</strong></span>&nbsp;<span class=\"reference-text\">BOOM FESTIVAL INVITED BY THE UN&nbsp;Archived&nbsp;August 5, 2010, at the&nbsp;Wayback Machine</span></li>\n</ol>\n</div>\n</div>",
 "remarks": "本词条汉字内容由 @多频百科团队 翻译+编辑\n原文译自 https://en.wikipedia.org/wiki/Boom_Festival",
 "remarksEn": "本词条内容来自 https://en.wikipedia.org/wiki/Boom_Festival",
 "status": 1,
 "clickNum": 12,
 "deleted": 0,
 "lang": 0,
 "chooseLang": true,
 "id": 178,
 "name": "Boom Festival",
 "descriptions": "The Boom Festival是在葡萄牙伊达尼亚-阿-诺瓦的卡斯特洛布兰科市举办的国际音乐和文化节。双年展的概念包括不同的电子音乐流派，Psychedelic Trance, Downtempo, Techno & House Music、艺术、绘画、雕塑、瑜伽、视频艺术、电影和戏剧的交叉。该音乐节被认为是欧洲最大的同类活动，每两年举办一次，被《滚石》杂志认为是世界上最著名的变革性音乐节之一。这是一个对家庭友好、具有包容性的节日，它是为有婴儿的家庭和有特殊需要的人精心设计的。 该音乐节在可持续发展方面的努力得到了国际认可。\n",
 "picture": "https://duopin-community.oss-cn-shenzhen.aliyuncs.com/hpg89azz8uj7luoqowns.jpg",
 "originalName": "",
 "holdTimeText": "Full Moon of August",
 "holdAddress": "Idanha-a-Nova, Portugal",
 "searchAddress": "葡萄牙",
 "sponsor": "",
 "foundTimeText": "1997",
 "referenceUrl": "https://en.wikipedia.org/wiki/Boom_Festival",
 "nonceStatusText": "运营中",
 "typeId": 16,
 "typeName": "电音节",
 "dataId": 178,
 "url": "http://dropinapp.hearinmusic.com/#/ency?typeId=16&dataId=178"
}