{
 "pageNum": 1,
 "pageSize": 10,
 "params": {},
 "content": "<div>\n<div class=\"document\">\n<p class=\"paragraph text-align-type-left pap-line-1.8 pap-line-rule-auto pap-spacing-before-2pt pap-spacing-after-2pt\">BPM Festival是一年一度的电子音乐节，在葡萄牙的波尔蒂芒举行。</p>\n<p class=\"paragraph text-align-type-left pap-line-1.8 pap-line-rule-auto pap-spacing-before-2pt pap-spacing-after-2pt\">&nbsp;</p>\n<div>\n<div class=\"document\">\n<p class=\"paragraph text-align-type-left pap-line-1.8 pap-line-rule-auto pap-spacing-before-2pt pap-spacing-after-2pt\"><strong>历史</strong></p>\n<p class=\"paragraph text-align-type-left pap-line-1.8 pap-line-rule-auto pap-spacing-before-2pt pap-spacing-after-2pt\">BPM Festival是一年一度的持续十天十夜的电子音乐节，由Craig Pettigrew 和Philip Pulitano创办，在墨西哥的普拉亚德尔卡门举行。BPM是 \"调酒师、促销员、音乐家 \"的缩写，创建于2008年，是新年后行业专业人士的聚会，现已发展成为全球70,000多名DJ、制作人、狂欢者和行业专业人士的聚会，有400多名DJ和80多个活动。 BPM派对白天和晚上都在普拉亚德尔卡门的多个场地举办，这是一个风景如画的海滨城市，沿着玛雅海岸数英里的柔软白沙海滩和闪亮的碧水。该活动分为白天和晚上的展示，由不同的厂牌和推广人主办，横跨普拉亚德尔卡门的各个场地，包括海滩俱乐部、夜总会甚至地下餐厅，包括DIYNAMIC、elrow、ENTER.、Innervisions、Life and Death、Paradise、SCI+TEC和更多。普拉亚德卡门提供各种经济实惠的精品酒店和公寓，以及餐饮和旅游的选择，包括古玛雅遗址、天然井、水上运动和生态旅游。</p>\n<p class=\"paragraph text-align-type-left pap-line-1.8 pap-line-rule-auto pap-spacing-before-2pt pap-spacing-after-2pt\">&nbsp;</p>\n<p class=\"paragraph text-align-type-left pap-line-1.8 pap-line-rule-auto pap-spacing-before-2pt pap-spacing-after-2pt\">2013年，BPM Festival 赢得了伊比沙岛DJ奖的 \"国际音乐节 \"奖，2016年连续第三年被国际舞蹈音乐奖提名为 \"最佳音乐活动\"，并在首届电子音乐奖及基金会中获得 \"年度音乐节\"。此外，BPM音乐节在2015年赢得了EMPO奖的 \"最佳音乐节\"，并在2016年获得提名。现在已经进入第十个年头，BPM音乐节继续成为舞蹈音乐爱好者的热带天堂和完美的冬季度假胜地。</p>\n<p class=\"paragraph text-align-type-left pap-line-1.8 pap-line-rule-auto pap-spacing-before-2pt pap-spacing-after-2pt\">&nbsp;</p>\n<p class=\"paragraph text-align-type-left pap-line-1.8 pap-line-rule-auto pap-spacing-before-2pt pap-spacing-after-2pt\">2012年约有35,000人参加了BPM音乐节，现在已经发展到来自72个国家的70,000多人。2013年活动名单上的艺术家包括Richie Hawtin, Sasha, Jamie Jones, Damian Lazarus, Carl Cox, Maceo Plex, Soul Clap, Wolf + Lamb, Lee Burridge, Dixon, Loco Dice 和 Luciano。第10届于2017年1月举行，其阵容包括Carl Cox, Cassy, Dubfire, Erick Morillo, Guy Gerber, John Digweed, Lee Curtiss, Lee Foss, Marco Carola, Nicole Moudaber, Pete Tong, Seth Troxler, Skream, Solomun, Soul Clap, The Martinez Brothers, 和 Wolf + Lamb。</p>\n<p class=\"paragraph text-align-type-left pap-line-1.8 pap-line-rule-auto pap-spacing-before-2pt pap-spacing-after-2pt\">&nbsp;</p>\n<div>\n<div class=\"document\">\n<p class=\"paragraph text-align-type-left pap-line-1.8 pap-line-rule-auto pap-spacing-before-2pt pap-spacing-after-2pt\"><span style=\"text-decoration: underline;\">2017年枪击案，迁往葡萄牙</span></p>\n<p class=\"paragraph text-align-type-left pap-line-1.8 pap-line-rule-auto pap-spacing-before-2pt pap-spacing-after-2pt\">2017年1月16日，在蓝鹦鹉夜总会举行的音乐节闭幕活动中，一名枪手的袭击造成4人死亡，15人受伤。一名妇女也在随后因枪声而发生的踩踏事件中死亡，组织者确认其中三名遇难者是音乐节的安保人员。枪击事件发生后，一张由贩毒集团Los Zetas留下的宣称对此次袭击负责的麻醉剂图片流传开来。信息中具体提到了BPM和 Philip Pulitano，说他们 \"没有排队\"，还包含对敌对帮派的威胁。虽然当局尚未将枪击事件与Los Zetas联系起来，但一位熟悉此事的人士告诉CBC新闻网，这次袭击可能是不遵守该团伙要求的结果。枪击事件发生后，据报道，组织者已经躲起来了。</p>\n<p class=\"paragraph text-align-type-left pap-line-1.8 pap-line-rule-auto pap-spacing-before-2pt pap-spacing-after-2pt\">&nbsp;</p>\n<p class=\"paragraph text-align-type-left pap-line-1.8 pap-line-rule-auto pap-spacing-before-2pt pap-spacing-after-2pt\">2017年1月16日，市长Cristina Torres G&oacute;mez在《环球报》上表示，该市的立场是不再允许BPM的组织者在那里举行活动。Maria Helena Mata Pineda，里维埃拉-玛雅商业协调委员会的主席，呼吁禁止该地区的所有电子音乐活动，她说：\"我们不希望BPM在这里，或任何其他类似活动。我们不想要它，我们感谢当局倾听我们的意见。\"2017年1月24日，组织者发布了关于枪击事件的第一份官方声明，报告说15名受伤的与会者中有14人已经出院。组织者还表示，将枪击事件归咎于卡特尔活动的新闻报道是 \"基于不明来源的猜测和错误信息\"。</p>\n<p class=\"paragraph text-align-type-left pap-line-1.8 pap-line-rule-auto pap-spacing-before-2pt pap-spacing-after-2pt\">&nbsp;</p>\n</div>\n</div>\n<div>\n<div class=\"document\">\n<p class=\"paragraph text-align-type-left pap-line-1.8 pap-line-rule-auto pap-spacing-before-2pt pap-spacing-after-2pt\">在一次演出中，组织者曾宣布，2017年将是在墨西哥举办的最后一届，因为他们正在考虑将该节日转移到巴西或葡萄牙。2017年4月，宣布该活动将于2017年9月首次在葡萄牙的Praia da Rocha举办。</p>\n<p class=\"paragraph text-align-type-left pap-line-1.8 pap-line-rule-auto pap-spacing-before-2pt pap-spacing-after-2pt\">&nbsp;</p>\n<p class=\"paragraph text-align-type-left pap-line-1.8 pap-line-rule-auto pap-spacing-before-2pt pap-spacing-after-2pt\"><span style=\"text-decoration: underline;\">2018年</span></p>\n<p class=\"paragraph text-align-type-left pap-line-1.8 pap-line-rule-auto pap-spacing-before-2pt pap-spacing-after-2pt\">2018年的音乐节于2018年9月20日至23日在波尔蒂芒举行。与会艺人包括：Craig Richards, Joseph Capriati, Octave One, Patrick Topping等人。</p>\n<p class=\"paragraph text-align-type-left pap-line-1.8 pap-line-rule-auto pap-spacing-before-2pt pap-spacing-after-2pt\">&nbsp;</p>\n<p class=\"paragraph text-align-type-left pap-line-1.8 pap-line-rule-auto pap-spacing-before-2pt pap-spacing-after-2pt\"><span style=\"text-decoration: underline;\">2019年</span></p>\n<p class=\"paragraph text-align-type-left pap-line-1.8 pap-line-rule-auto pap-spacing-before-2pt pap-spacing-after-2pt\">2019年的音乐节于9月12日至15日在波尔蒂芒举行。艺人包括：Laurent Garnier, Paco Osuna, Loco Dice, Stefan Bodzin。</p>\n</div>\n</div>\n</div>\n</div>\n</div>\n</div>",
 "contentEn": "<div class=\"document\">\n<div>\n<div class=\"document\">&nbsp;<strong>The BPM Festival</strong>&nbsp;is an annual electronic music festival, held in&nbsp;Portim&atilde;o, Portugal.<sup id=\"cite_ref-1\" class=\"reference\">[1]</sup></div>\n</div>\n<p class=\"paragraph text-align-type-left pap-line-1.8 pap-line-rule-auto pap-spacing-before-2pt pap-spacing-after-2pt\">&nbsp;</p>\n<h2><span id=\"History\" class=\"mw-headline\">History</span></h2>\n<p>The BPM Festival is an annual ten day and night electronic music festival, founded by Craig Pettigrew and Philip Pulitano, held in Playa Del Carmen, Mexico. BPM, which stands for &ldquo;Bartenders, Promoters, Musicians&rdquo; was created in 2008 as a post-New Year's gathering of industry professionals and has grown to a 70,000+ global gathering of DJs, producers, revelers and industry professionals featuring over 400 DJs and 80+ events.<sup id=\"cite_ref-2\" class=\"reference\">[2]</sup>&nbsp;BPM parties are hosted both day and night at multiple venues in Playa Del Carmen,<sup id=\"cite_ref-3\" class=\"reference\">[3]</sup>&nbsp;a picturesque beach town that runs along miles of soft white sand beaches and sparkling turquoise waters on the Mayan Riviera. The program is split into day and night showcases hosted by different record labels and promoters,<sup id=\"cite_ref-residentadvisor.net_4-0\" class=\"reference\">[4]</sup>&nbsp;across various venues in Playa del Carmen, including beachclubs, nightclubs and even an underground restaurant<sup id=\"cite_ref-5\" class=\"reference\">[5]</sup><sup id=\"cite_ref-6\" class=\"reference\">[6]</sup><sup id=\"cite_ref-7\" class=\"reference\">[7]</sup>&nbsp;including DIYNAMIC, elrow, ENTER.,&nbsp;Innervisions, Life and Death, Paradise, SCI+TEC and many more.&nbsp;Playa del Carmen&nbsp;offers a variety of affordable boutique hotels and condos, and options for dining and tourism, including ancient Mayan ruins, cenotes, aquatic sports and ecotourism.</p>\n<p>&nbsp;</p>\n<p>In 2013, The BPM Festival won the \"International Festival\" award<sup id=\"cite_ref-8\" class=\"reference\">[8]</sup>&nbsp;from&nbsp;DJ Awards&nbsp;in Ibiza and in 2016 was nominated by International Dance Music Awards for \"Best Music Event\" for a third year in a row, as well as &ldquo;Festival of the Year&rdquo; at the first ever Electronic Music Awards &amp; Foundation. In addition, The BPM Festival won \"Best Festival\" in the EMPO Awards in 2015 with a nomination in 2016. Now embarking on its tenth year, The BPM Festival continues to be a dance music lover's tropical paradise and the perfect winter getaway.</p>\n<p>&nbsp;</p>\n<p>Approximately 35,000 people attended The BPM Festival in 2012<sup id=\"cite_ref-9\" class=\"reference\">[9]</sup>&nbsp;which has grown to over 70,000 from 72 countries.<sup id=\"cite_ref-10\" class=\"reference\">[10]</sup>&nbsp;Artists on the 2013 schedule include&nbsp;Richie Hawtin,&nbsp;Sasha,&nbsp;Jamie Jones, Damian Lazarus,&nbsp;Carl Cox,&nbsp;Maceo Plex, Soul Clap,&nbsp;Wolf + Lamb,&nbsp;Lee Burridge, Dixon,&nbsp;Loco Dice&nbsp;and&nbsp;Luciano.<sup id=\"cite_ref-residentadvisor.net_4-1\" class=\"reference\">[4]</sup>&nbsp;| The 10th edition was held in January 2017, with its line-up featuring&nbsp;Carl Cox, Cassy,&nbsp;Dubfire,&nbsp;Erick Morillo,&nbsp;Guy Gerber,&nbsp;John Digweed,&nbsp;Lee Curtiss,&nbsp;Lee Foss,&nbsp;Marco Carola,&nbsp;Nicole Moudaber,&nbsp;Pete Tong,&nbsp;Seth Troxler,&nbsp;Skream,&nbsp;Solomun,&nbsp;Soul Clap,&nbsp;The Martinez Brothers, and&nbsp;Wolf + Lamb.<sup id=\"cite_ref-11\" class=\"reference\">[11]</sup></p>\n<h3>&nbsp;</h3>\n<h3><span id=\"2017_shooting.2C_move_to_Portugal\"></span><span id=\"2017_shooting,_move_to_Portugal\" class=\"mw-headline\">2017 shooting, move to Portugal</span></h3>\n<p>On 16 January 2017, four people were killed and fifteen were wounded by a \"lone shooter\" during a closing event for the festival at the Blue Parrot nightclub. A woman also died in a stampede that ensued as a result of the gunfire. Organizers identified three of the victims killed as being part of the festival's security staff. An image of a&nbsp;narcomanta&nbsp;claiming responsibility for the attack, left by the&nbsp;drug cartel&nbsp;Los Zetas, circulated following the shootings. The message contained specific references to BPM and Philip Pulitano, stated that they \"didn't get in line\", and also contained threats against rival gangs. While authorities had not yet connected the shootings to Los Zetas, a person familiar with the matter told&nbsp;CBC News&nbsp;that the attack might have been the result of non-compliance with the gang's demands.<sup id=\"cite_ref-12\" class=\"reference\">[12]</sup><sup id=\"cite_ref-13\" class=\"reference\">[13]</sup><sup id=\"cite_ref-cbc-cartel_14-0\" class=\"reference\">[14]</sup>&nbsp;Following the shooting, it was reported that the organizers had gone into hiding.<sup id=\"cite_ref-cbc-cartel_14-1\" class=\"reference\">[14]</sup></p>\n<p>&nbsp;</p>\n<p>On 16 January 2017, Mayor Cristina Torres G&oacute;mez stated in&nbsp;<em>El Universal</em>&nbsp;that the city's stance was to no longer allow BPM's organizers to hold events there. Maria Helena Mata Pineda, president of Riviera Maya's Business Coordinating Council, called for a ban of all electronic music events in the region, stating that \"We don't want BPM here anymore, or any other similar event. We don't want it and we thank the authorities who are listening.\"<sup id=\"cite_ref-thump-callforban_15-0\" class=\"reference\">[15]</sup><sup id=\"cite_ref-billboard-bpmbanned_16-0\" class=\"reference\">[16]</sup>&nbsp;On 24 January 2017, organizers released their first official statement regarding the shooting, reporting that 14 of the 15 attendees wounded had been released from hospital. The organizers also stated that news reports attributing the shooting to cartel activity were \"based on speculation and misinformation from unidentified sources\".<sup id=\"cite_ref-thump-bpmstatement_17-0\" class=\"reference\">[17]</sup></p>\n<p>&nbsp;</p>\n<p>During one of its shows, organizers had announced that the 2017 edition would be the final edition held in Mexico, as they were considering moving the festival to Brazil or Portugal.<sup id=\"cite_ref-cbc-cartel_14-2\" class=\"reference\">[14]</sup><sup id=\"cite_ref-18\" class=\"reference\">[18]</sup>&nbsp;In April 2017, it was announced that the event would be held at&nbsp;Praia da Rocha,&nbsp;Portugal&nbsp;for the first time in September 2017.<sup id=\"cite_ref-19\" class=\"reference\">[19]</sup><sup id=\"cite_ref-20\" class=\"reference\">[20]</sup></p>\n<h3>&nbsp;</h3>\n<h3><span id=\"2018_Festival\" class=\"mw-headline\">2018 Festival</span></h3>\n<p>The 2018 edition of the festival took place 20th - 23rd September 2018, in Portimao. With artists including: Craig Richards, Joseph Capriati, Octave One, Patrick Topping and more performing at the festival&nbsp;<sup id=\"cite_ref-21\" class=\"reference\">[21]</sup></p>\n<h3>&nbsp;</h3>\n<h3><span id=\"2019_Festival\" class=\"mw-headline\">2019 Festival</span></h3>\n<p>The 2019 edition took place across 12-15th September, in Portimao. With Laurent Garnier, Paco Osuna, Loco Dice, Stefan Bodzin all in performing.&nbsp;<sup id=\"cite_ref-22\" class=\"reference\">[22]</sup></p>\n<h2>&nbsp;</h2>\n<h2><span id=\"References\" class=\"mw-headline\">References</span></h2>\n<div class=\"reflist reflist-columns references-column-width\">\n<ol class=\"references\">\n<li id=\"cite_note-1\"><span class=\"mw-cite-backlink\"><strong>^</strong></span>&nbsp;<span class=\"reference-text\"><cite class=\"citation web cs1\">\"Archived copy\". Archived from&nbsp;the original&nbsp;on 2013-01-18<span class=\"reference-accessdate\">. Retrieved&nbsp;<span class=\"nowrap\">2013-01-06</span></span>.</cite></span></li>\n<li id=\"cite_note-2\"><span class=\"mw-cite-backlink\"><strong>^</strong></span>&nbsp;<span class=\"reference-text\"><cite class=\"citation web cs1\">\"The BPM Festival directors talk 10-year anniversary and upcoming global expansion [Interview] - Dancing Astronaut\".&nbsp;<em>dancingastronaut.com</em>. 13 December 2016<span class=\"reference-accessdate\">. Retrieved&nbsp;<span class=\"nowrap\">2016-12-15</span></span>.</cite></span></li>\n<li id=\"cite_note-3\"><span class=\"mw-cite-backlink\"><strong>^</strong></span>&nbsp;<span class=\"reference-text\"><cite id=\"CITEREFHoward2008\" class=\"citation news cs1\">Howard, Hilary (2008-11-30).&nbsp;\"DATEBOOK\".&nbsp;<em>The New York Times</em>.&nbsp;ISSN&nbsp;0362-4331<span class=\"reference-accessdate\">. Retrieved&nbsp;<span class=\"nowrap\">2016-12-15</span></span>.</cite></span></li>\n<li id=\"cite_note-residentadvisor.net-4\"><span class=\"mw-cite-backlink\">^&nbsp;<span class=\"cite-accessibility-label\">Jump up to:</span><sup><em><strong>a</strong></em></sup>&nbsp;<sup><em><strong>b</strong></em></sup></span>&nbsp;<span class=\"reference-text\"><cite class=\"citation web cs1\">\"First names announced for 2013 BPM Festival\".</cite></span></li>\n<li id=\"cite_note-5\"><span class=\"mw-cite-backlink\"><strong>^</strong></span>&nbsp;<span class=\"reference-text\"><cite class=\"citation web cs1\">\"Truncheon Cadence Part One - DJMag.com\". 6 October 2016.</cite></span></li>\n<li id=\"cite_note-6\"><span class=\"mw-cite-backlink\"><strong>^</strong></span>&nbsp;<span class=\"reference-text\"><cite class=\"citation web cs1\">\"Red Bull Music Academy\".</cite></span></li>\n<li id=\"cite_note-7\"><span class=\"mw-cite-backlink\"><strong>^</strong></span>&nbsp;<span class=\"reference-text\"><cite class=\"citation web cs1\">\"BPM Festival: Cave Party\".</cite></span></li>\n<li id=\"cite_note-8\"><span class=\"mw-cite-backlink\"><strong>^</strong></span>&nbsp;<span class=\"reference-text\"><cite class=\"citation news cs1\">\"- &ndash; 2013 Winners Announced\". 2013-09-26<span class=\"reference-accessdate\">. Retrieved&nbsp;<span class=\"nowrap\">2016-12-15</span></span>.</cite></span></li>\n<li id=\"cite_note-9\"><span class=\"mw-cite-backlink\"><strong>^</strong></span>&nbsp;<span class=\"reference-text\"><cite class=\"citation web cs1\">\"Page not found &ndash; gbcmag.com\". Archived from&nbsp;the original&nbsp;on 2013-01-18.</cite>&nbsp;<span class=\"cs1-visible-error error citation-comment\">Cite uses generic title (help)</span></span></li>\n<li id=\"cite_note-10\"><span class=\"mw-cite-backlink\"><strong>^</strong></span>&nbsp;<span class=\"reference-text\"><cite class=\"citation news cs1\">\"9 Reasons Why The World's Top DJs Choose The BPM Festival\".&nbsp;<em>Fest300</em><span class=\"reference-accessdate\">. Retrieved&nbsp;<span class=\"nowrap\">2016-12-15</span></span>.</cite></span></li>\n<li id=\"cite_note-11\"><span class=\"mw-cite-backlink\"><strong>^</strong></span>&nbsp;<span class=\"reference-text\"><cite class=\"citation web cs1\">\"The BPM Festival 2015\".</cite></span></li>\n<li id=\"cite_note-12\"><span class=\"mw-cite-backlink\"><strong>^</strong></span>&nbsp;<span class=\"reference-text\"><cite class=\"citation web cs1\">\"Mexico BPM music festival: Reports of shootings in clubs\".&nbsp;<em>BBC News</em>. 16 January 2017.</cite></span></li>\n<li id=\"cite_note-13\"><span class=\"mw-cite-backlink\"><strong>^</strong></span>&nbsp;<span class=\"reference-text\"><cite class=\"citation web cs1\">\"Several people dead in nightclub shooting at Mexico BPM Festival\".&nbsp;<em>Sky News</em>. 16 January 2017.</cite></span></li>\n<li id=\"cite_note-cbc-cartel-14\"><span class=\"mw-cite-backlink\">^&nbsp;<span class=\"cite-accessibility-label\">Jump up to:</span><sup><em><strong>a</strong></em></sup>&nbsp;<sup><em><strong>b</strong></em></sup>&nbsp;<sup><em><strong>c</strong></em></sup></span>&nbsp;<span class=\"reference-text\"><cite class=\"citation web cs1\">\"Mexican cartel demanded payment from BPM festival ahead of nightclub killings: source\".&nbsp;<em>CBC News</em><span class=\"reference-accessdate\">. Retrieved&nbsp;<span class=\"nowrap\">18 January</span>&nbsp;2017</span>.</cite></span></li>\n<li id=\"cite_note-thump-callforban-15\"><span class=\"mw-cite-backlink\"><strong>^</strong></span>&nbsp;<span class=\"reference-text\"><cite class=\"citation web cs1\">\"Playa Del Carmen's Mayor Calls for Bans on Future BPM Events Following Shooting\".&nbsp;<em>Thump</em>. Vice<span class=\"reference-accessdate\">. Retrieved&nbsp;<span class=\"nowrap\">2 February</span>&nbsp;2017</span>.</cite></span></li>\n<li id=\"cite_note-billboard-bpmbanned-16\"><span class=\"mw-cite-backlink\"><strong>^</strong></span>&nbsp;<span class=\"reference-text\"><cite class=\"citation web cs1\">\"The BPM Festival Banned From Playa del Carmen After Deadly Shooting: Report\".&nbsp;<em>Billboard</em><span class=\"reference-accessdate\">. Retrieved&nbsp;<span class=\"nowrap\">2 February</span>&nbsp;2017</span>.</cite></span></li>\n<li id=\"cite_note-thump-bpmstatement-17\"><span class=\"mw-cite-backlink\"><strong>^</strong></span>&nbsp;<span class=\"reference-text\"><cite class=\"citation web cs1\"><em>Thump</em>. Vice&nbsp;https://thump.vice.com/en_us/article/bpm-festival-shooting-statement<span class=\"reference-accessdate\">. Retrieved&nbsp;<span class=\"nowrap\">2 February</span>&nbsp;2017</span>.</cite>&nbsp;<span class=\"cs1-visible-error error citation-comment\">Missing or empty&nbsp;<code class=\"cs1-code\">|title=</code>&nbsp;(help)</span></span></li>\n<li id=\"cite_note-18\"><span class=\"mw-cite-backlink\"><strong>^</strong></span>&nbsp;<span class=\"reference-text\"><cite class=\"citation web cs1\">\"The BPM Festival may be banned from being held in Playa del Carmen again\".&nbsp;<em>Mixmag</em><span class=\"reference-accessdate\">. Retrieved&nbsp;<span class=\"nowrap\">2019-06-06</span></span>.</cite></span></li>\n<li id=\"cite_note-19\"><span class=\"mw-cite-backlink\"><strong>^</strong></span>&nbsp;<span class=\"reference-text\"><cite class=\"citation web cs1\">\"The BPM Festival is launching in Portugal this September\".&nbsp;<em>Mixmag</em><span class=\"reference-accessdate\">. Retrieved&nbsp;<span class=\"nowrap\">2019-06-06</span></span>.</cite></span></li>\n<li id=\"cite_note-20\"><span class=\"mw-cite-backlink\"><strong>^</strong></span>&nbsp;<span class=\"reference-text\"><cite class=\"citation web cs1\">\"BPM Festival Portugal locks Carl Craig, Richie Hawtin, more in first wave\".&nbsp;<em>DJMag.com</em>. 2017-06-05<span class=\"reference-accessdate\">. Retrieved&nbsp;<span class=\"nowrap\">2019-06-06</span></span>.</cite></span></li>\n<li id=\"cite_note-21\"><span class=\"mw-cite-backlink\"><strong>^</strong></span>&nbsp;<span class=\"reference-text\">https://www.residentadvisor.net/news/42487</span></li>\n<li id=\"cite_note-22\"><span class=\"mw-cite-backlink\"><strong>^</strong></span>&nbsp;<span class=\"reference-text\">https://djmag.com/news/bpm-festival-locks-laurent-garnier-stephan-bodzin-josh-wink-more<br /></span></li>\n</ol>\n</div>\n</div>",
 "remarks": "本词条汉字内容由 @多频百科团队 翻译+编辑\n原文译自 https://en.wikipedia.org/wiki/The_BPM_Festival",
 "remarksEn": "本词条内容来自 https://en.wikipedia.org/wiki/The_BPM_Festival",
 "status": 1,
 "clickNum": 13,
 "deleted": 0,
 "lang": 0,
 "chooseLang": true,
 "id": 105,
 "name": "BPM Festival",
 "descriptions": "BPM音乐节是一年一度的电子音乐节，在葡萄牙的波尔蒂芒举行。",
 "picture": "https://duopin-community.oss-cn-shenzhen.aliyuncs.com/2phj0jf89yznffj7shj1.jpg",
 "originalName": "BPM音乐节",
 "holdTimeText": "9月12日至15日（2019）",
 "holdAddress": "波尔蒂芒，葡萄牙",
 "searchAddress": "葡萄牙",
 "sponsor": "Craig Pettigrew & Philip Pulitano",
 "foundTimeText": "2008",
 "referenceUrl": "https://en.wikipedia.org/wiki/The_BPM_Festival",
 "nonceStatusText": "运营中",
 "typeId": 16,
 "typeName": "电音节",
 "dataId": 105,
 "url": "http://dropinapp.hearinmusic.com/#/ency?typeId=16&dataId=105"
}