{
 "pageNum": 1,
 "pageSize": 10,
 "params": {},
 "content": "<p><strong>Connect音乐节</strong>是一个在苏格兰阿盖尔loch fyne河畔弗雷里城堡举办的音乐节。它针对的是更成熟的音乐迷<sup id=\"cite_ref-bbcnews_1-0\" class=\"reference\"></sup>，最近的头条新闻包括Beastie Boys、Bj&ouml;rk和Franz Ferdinand。<sup id=\"cite_ref-bbcnews_1-1\" class=\"reference\"></sup>首届节日于 2007 年举行，并于 2008 年重演，由 SSE 赞助并命名为 Hydro Connect。该节日没有在 2009 年<sup id=\"cite_ref-3\" class=\"reference\"></sup>或 2010 年举行，组织者将其归咎于高昂的运营成本和2007-2010 年的金融危机。</p>\n<p>&nbsp;</p>\n<p><strong>2007音乐节</strong></p>\n<p>该音乐节于 2007 年 8 月 31 日至 9 月 2 日举行。由于周末期间人潮汹涌和下雨，该音乐节损坏了Inveraray Shinty Club 的主场 Winterton shiny 球场，这意味着该球场在 2007 年的剩余时间里无法举办。</p>\n<p>&nbsp;</p>\n<p><strong>2008音乐节</strong></p>\n<p>2008 年，由于苏格兰水电公司的赞助，该节日更名为 Hydro Connect&nbsp;。<sup id=\"cite_ref-6\" class=\"reference\">[6]</sup>它在8月29日星期五和8月31日星期日之间举行。</p>",
 "contentEn": "<p>The&nbsp;<strong>Connect Music Festival</strong>&nbsp;was a&nbsp;music festival&nbsp;that took place in the grounds of&nbsp;Inveraray Castle, located on the banks of&nbsp;Loch Fyne&nbsp;in&nbsp;Argyll,&nbsp;Scotland. It was aimed at more mature music fans<sup id=\"cite_ref-bbcnews_1-0\" class=\"reference\">[1]</sup>&nbsp;and recent headliners included the&nbsp;Beastie Boys,&nbsp;Bj&ouml;rk&nbsp;and&nbsp;Franz Ferdinand.<sup id=\"cite_ref-bbcnews_1-1\" class=\"reference\">[1]</sup><sup id=\"cite_ref-2\" class=\"reference\">[2]</sup>&nbsp;The inaugural festival was held in 2007 and was repeated in 2008, sponsored by SSE and named Hydro Connect. The festival did not take place in 2009<sup id=\"cite_ref-3\" class=\"reference\">[3]</sup>&nbsp;or 2010 with the organisers blaming high running costs and the effects of the&nbsp;Financial crisis of 2007&ndash;2010.</p>\n<p>&nbsp;</p>\n<h2><span id=\"2007_Festival\" class=\"mw-headline\">2007 Festival</span></h2>\n<p>The festival was held between 31 August and 2 September 2007. The festival - due to the large crowds and rain during the weekend - damaged the Winterton shinty pitch, home of&nbsp;Inveraray Shinty Club, meaning that the pitch was unplayable for the rest of the 2007 season.<sup id=\"cite_ref-4\" class=\"reference\">[4]</sup></p>\n<p>&nbsp;</p>\n<h2><span id=\"2008_Festival\" class=\"mw-headline\">2008 Festival</span></h2>\n<p>In 2008, the festival changed its name to Hydro Connect due to sponsorship from&nbsp;Scottish Hydro Electric.<sup id=\"cite_ref-6\" class=\"reference\">[6]</sup>&nbsp;It was held between Friday 29 August and Sunday 31 August.</p>\n<p>&nbsp;</p>\n<h2><span id=\"References\" class=\"mw-headline\">References</span></h2>\n<div class=\"reflist\">\n<div class=\"mw-references-wrap\">\n<ol class=\"references\">\n<li id=\"cite_note-bbcnews-1\"><span class=\"mw-cite-backlink\">^&nbsp;<span class=\"cite-accessibility-label\">Jump up to:</span><sup><em><strong>a</strong></em></sup>&nbsp;<sup><em><strong>b</strong></em></sup></span>&nbsp;<span class=\"reference-text\"><cite class=\"citation news cs1\">\"Franz to star at Connect festival\".&nbsp;<em>BBC News</em>. 3 April 2008.</cite></span></li>\n<li id=\"cite_note-2\"><span class=\"mw-cite-backlink\"><strong>^</strong></span>&nbsp;<span class=\"reference-text\"><cite class=\"citation news cs1\">\"<span class=\"cs1-kern-left\">'</span>Grown-up' music festival planned\".&nbsp;<em>BBC News</em>. 20 March 2007.</cite></span></li>\n<li id=\"cite_note-3\"><span class=\"mw-cite-backlink\"><strong>^</strong></span>&nbsp;<span class=\"reference-text\"><cite class=\"citation web cs1\">\"Festival breaks in credit crunch\".&nbsp;<em>BBC News</em>. 2 February 2009.</cite></span></li>\n<li id=\"cite_note-4\"><span class=\"mw-cite-backlink\"><strong>^</strong></span>&nbsp;<span class=\"reference-text\"><cite class=\"citation web cs1\">\"Wing Centre Shinty Blog\"<span class=\"reference-accessdate\">. Retrieved&nbsp;<span class=\"nowrap\">10 March</span>&nbsp;2009</span>.</cite></span></li>\n<li id=\"cite_note-5\"><span class=\"mw-cite-backlink\"><strong>^</strong></span>&nbsp;<span class=\"reference-text\"><cite class=\"citation web cs1\">\"Connect Festival 2007 - The DiS Review\".&nbsp;<em>Drowned in Sound</em>. 12 September 2007.</cite></span></li>\n<li id=\"cite_note-6\"><span class=\"mw-cite-backlink\"><strong>^</strong></span>&nbsp;<span class=\"reference-text\"><cite class=\"citation web cs1\">\"Scottish Hydro Electric News Article\". Archived from&nbsp;the original&nbsp;on 20 July 2011<span class=\"reference-accessdate\">. Retrieved&nbsp;<span class=\"nowrap\">10 March</span>&nbsp;2009</span>.</cite></span></li>\n</ol>\n</div>\n</div>",
 "remarks": "本词条汉字内容由 @多频百科团队 翻译+编辑\n原文译自 https://en.wikipedia.org/wiki/Connect_Music_Festival",
 "remarksEn": "本词条内容来自 https://en.wikipedia.org/wiki/Connect_Music_Festival",
 "status": 1,
 "clickNum": 13,
 "deleted": 0,
 "lang": 0,
 "chooseLang": true,
 "id": 188,
 "name": "Connect",
 "descriptions": "Connect音乐节是一个在苏格兰阿盖尔loch fyne河畔弗雷里城堡举办的音乐节。它针对的是更成熟的音乐迷，最近的头条新闻包括Beastie Boys、Björk和Franz Ferdinand。",
 "originalName": "",
 "holdTimeText": " 31 August and 2 September",
 "holdAddress": "Inveraray Castle, Loch Fyne, Argyll, Scotland",
 "searchAddress": "英国",
 "sponsor": "",
 "foundTimeText": "2007",
 "referenceUrl": "https://en.wikipedia.org/wiki/Connect_Music_Festival",
 "nonceStatusText": "停止运营",
 "typeId": 16,
 "typeName": "电音节",
 "dataId": 188,
 "url": "http://dropinapp.hearinmusic.com/#/ency?typeId=16&dataId=188"
}