{
 "pageNum": 1,
 "pageSize": 10,
 "params": {},
 "content": "<p>Known across the galaxy as the most poppin’ intergalactic party of the year, Countdown is blasting off into 2020 with the largest New Year’s Eve party on the West Coast. This year, we’re entering another dimension with an all-new alien theme, four reimagined extraterrestrial stages—the Mothership, the Nebula, Area 51, and Twilight Zone—and some hidden surprises you won’t want to miss.</p>\n\r<p>null</p>\n\r<p>null</p>\n\r<p></p>",
 "remarks": "本词条内容暂未完善仅供参考，多频百科小编正在火速赶来",
 "remarksEn": "本词条内容暂未完善仅供参考，多频百科小编正在火速赶来",
 "status": 0,
 "clickNum": 0,
 "deleted": 0,
 "lang": 0,
 "chooseLang": false,
 "id": 275,
 "name": "Countdown",
 "descriptions": "",
 "originalName": "",
 "holdTimeText": "",
 "holdAddress": "",
 "searchAddress": "",
 "sponsor": "",
 "foundTimeText": "",
 "referenceUrl": "https://www.insomniac.com/events/our-world/countdown/",
 "nonceStatusText": "",
 "typeId": 16,
 "typeName": "电音节",
 "dataId": 275,
 "url": "http://dropinapp.hearinmusic.com/#/ency?typeId=16&dataId=275"
}