{
 "pageNum": 1,
 "pageSize": 10,
 "params": {},
 "relationChannel": "[{\"id\":1062,\"parentId\":10,\"name\":\"Creamfields\"}]",
 "content": "<div class=\"document\">\n<p class=\"paragraph text-align-type-left pap-line-1.8 pap-line-rule-auto pap-spacing-before-2pt pap-spacing-after-2pt\">奶油田电子音乐节（Creamfields）是由英国俱乐部发起人Cream创立和组织的电音舞曲音乐节系列活动，其英国活动于八月银行假日的周末举行，在世界各地均有举办多个国际版本活动。</p>\n<p class=\"paragraph text-align-type-left pap-line-1.8 pap-line-rule-auto pap-spacing-before-2pt pap-spacing-after-2pt\">&nbsp;</p>\n<p class=\"paragraph text-align-type-left pap-line-1.8 pap-line-rule-auto pap-spacing-before-2pt pap-spacing-after-2pt\">1998年首次在温彻斯特举办，次年音乐节搬到Cream家乡利物浦的老利物浦机场举行，然后搬到现在的地点柴郡的达斯伯里庄园。该音乐节最初是为期一天的活动，参加人数为25,000，现在成为四天的活动，每天可容纳70,000露营观众。</p>\n<p class=\"paragraph text-align-type-left pap-line-1.8 pap-line-rule-auto pap-spacing-before-2pt pap-spacing-after-2pt\">&nbsp;</p>\n<p class=\"paragraph text-align-type-left pap-line-1.8 pap-line-rule-auto pap-spacing-before-2pt pap-spacing-after-2pt\">该音乐节是英国历史最悠久，最负盛名的电音舞曲音乐节。</p>\n<p class=\"paragraph text-align-type-left pap-line-1.8 pap-line-rule-auto pap-spacing-before-2pt pap-spacing-after-2pt\">&nbsp;</p>\n<div>\n<div class=\"document\">\n<p class=\"paragraph text-align-type-left pap-line-1.8 pap-line-rule-auto pap-spacing-before-2pt pap-spacing-after-2pt\">Creamfields电子音乐节（Creamfields）是由英国俱乐部发起人Cream创立和组织的电音舞曲音乐节系列活动，其英国活动于八月银行假日的周末举行，在世界各地均有举办多个国际版本活动。</p>\n<p class=\"paragraph text-align-type-left pap-line-1.8 pap-line-rule-auto pap-spacing-before-2pt pap-spacing-after-2pt\">&nbsp;</p>\n<p class=\"paragraph text-align-type-left pap-line-1.8 pap-line-rule-auto pap-spacing-before-2pt pap-spacing-after-2pt\">1998年首次在温彻斯特举办，次年音乐节搬到Cream家乡利物浦的老利物浦机场举行，然后搬到现在的地点柴郡的达斯伯里庄园。该音乐节最初是为期一天的活动，参加人数为25,000，现在成为四天的活动，每天可容纳70,000露营观众。</p>\n<p class=\"paragraph text-align-type-left pap-line-1.8 pap-line-rule-auto pap-spacing-before-2pt pap-spacing-after-2pt\">&nbsp;</p>\n<p class=\"paragraph text-align-type-left pap-line-1.8 pap-line-rule-auto pap-spacing-before-2pt pap-spacing-after-2pt\">该音乐节是英国历史最悠久，最负盛名的电音舞曲音乐节。</p>\n<p class=\"paragraph text-align-type-left pap-line-1.8 pap-line-rule-auto pap-spacing-before-2pt pap-spacing-after-2pt\">&nbsp;</p>\n<p class=\"paragraph text-align-type-left pap-line-1.8 pap-line-rule-auto pap-spacing-before-2pt pap-spacing-after-2pt\"><strong>历史</strong></p>\n<p class=\"paragraph text-align-type-left pap-line-1.8 pap-line-rule-auto pap-spacing-before-2pt pap-spacing-after-2pt\">Creamfields音乐节始于1998年，活动每年持续一天，由利物浦夜总会Cream举办。 第一届在汉普郡温彻斯特举行，吸引了25，000人。次年音乐节搬到利物浦的老利物浦机场举行。此举使音乐节更接近其母公司夜总会，新址能够容纳5万人参与活动。 2002年，Cream被拆除，但该品牌保留了音乐节活动。2006年，节日搬到了位于柴郡达雷斯伯里的现址。艺术节10周年之际，它延长到为期两天，整个周末有50，000人参加。 2009年首次售出6万张门票之后，于是接下来几年中，音乐节举办场地不断扩大。2010年，该场地被扩大，以满足额外的门票销售和不断增长的露营者需求。除此之外，音乐节还售出了8万张门票，2011年又售出了10万张。 2012 年，由于Cream被Live Nation买走，后者目前是活动的组织者，因此音乐节所有权易手。 2012年，该音乐节还计划扩大到为期三天的活动，然而，在最后一天因大雨而放弃。第二年，为保护该地块免受恶劣天气的影响，该公司投资了 500，000 英镑，为期三天的活动共有15万人参加。2014年看到第二初级阶段，North and South Stage;2015年，音乐节首次进行直播，共有50万在线观众收看。 2016年，Steel Yard 舞台的推出催生了一个附带的小型音乐节，在利物浦和伦敦举办了活动，它也见证了该节成为为期四天的活动，2017 年场地扩建，最多可参观 280，000 人。2019年，主办方投资2，000，000欧元，以改善安全和安保以及减少对环境的影响。Creamfields在Save the World Reunion Tour巡演中举办。此次演出是该超级团体自2012年以来首次在英国演出，在活动当天，该团体成为音乐节标志性Arc Stage的唯一占据者。2020年由于COVID-19音乐节被取消，一个虚拟音乐节取代它的位置。 继首相Borris Johnson2月22日宣布英国的COVID-19封锁结束后后，Creamfields宣布2021将继续举办。活动门票售空时间创下新纪录。</p>\n<p class=\"paragraph text-align-type-left pap-line-1.8 pap-line-rule-auto pap-spacing-before-2pt pap-spacing-after-2pt\">&nbsp;</p>\n<p class=\"paragraph text-align-type-left pap-line-1.8 pap-line-rule-auto pap-spacing-before-2pt pap-spacing-after-2pt\"><strong>专辑</strong></p>\n<p class=\"paragraph text-align-type-left pap-line-1.8 pap-line-rule-auto pap-spacing-before-2pt pap-spacing-after-2pt\">2004年8月9日，英国DJ保罗&middot;奥肯弗德发行了他的第十五张DJ混音专辑《Creamfields》。这张专辑是在2004年音乐节第六届之前发行的，奥肯福尔德将演出。这张专辑本身在一系列混音专辑中排名第三，另外两张则由其他 DJ 制作。2019年，奥肯福尔德发行了另一张DJ混音专辑，以庆祝音乐节20周年。</p>\n<p class=\"paragraph text-align-type-left pap-line-1.8 pap-line-rule-auto pap-spacing-before-2pt pap-spacing-after-2pt\">&nbsp;</p>\n<p class=\"paragraph text-align-type-left pap-line-1.8 pap-line-rule-auto pap-spacing-before-2pt pap-spacing-after-2pt\"><strong>Creamfields：Steel Yard</strong></p>\n<p class=\"paragraph text-align-type-left pap-line-1.8 pap-line-rule-auto pap-spacing-before-2pt pap-spacing-after-2pt\">2016年Creamfields在柴郡达雷斯伯里的主要活动上Steel Yard舞台首次亮相。舞台是由Acorn Events设计和建造，能容纳15，000人。</p>\n<p class=\"paragraph text-align-type-left pap-line-1.8 pap-line-rule-auto pap-spacing-before-2pt pap-spacing-after-2pt\">&nbsp;</p>\n<p class=\"paragraph text-align-type-left pap-line-1.8 pap-line-rule-auto pap-spacing-before-2pt pap-spacing-after-2pt\">利物浦Steel Yard于2016年在该市的Clarence Graving码头首次亮相，现在每年11月下旬或12月初举行。</p>\n<p class=\"paragraph text-align-type-left pap-line-1.8 pap-line-rule-auto pap-spacing-before-2pt pap-spacing-after-2pt\">&nbsp;</p>\n<p class=\"paragraph text-align-type-left pap-line-1.8 pap-line-rule-auto pap-spacing-before-2pt pap-spacing-after-2pt\">伦敦Steel Yard最初于2017年10月下旬在伦敦维多利亚公园举行，后分别于2018年和2019年搬到芬斯伯里公园，新举办日期是5月下旬的银行假日周末。</p>\n<p class=\"paragraph text-align-type-left pap-line-1.8 pap-line-rule-auto pap-spacing-before-2pt pap-spacing-after-2pt\">&nbsp;</p>\n<p class=\"paragraph text-align-type-left pap-line-1.8 pap-line-rule-auto pap-spacing-before-2pt pap-spacing-after-2pt\">2018年，利物浦Steel Yard与Tomorrowland和Dimitri Vegas &amp; Like Mike合作，将Garden of Madness带到英国，举办特别的一次性活动。</p>\n</div>\n</div>\n</div>",
 "contentEn": "<p><strong>Creamfields</strong>&nbsp;is an&nbsp;electronic dance music&nbsp;festival&nbsp;series founded and organised by British club promoter&nbsp;Cream, with its UK edition taking place on&nbsp;August Bank Holiday&nbsp;weekend, with a number of international editions held across various territories worldwide.</p>\n<p>&nbsp;</p>\n<p>First held in 1998 in&nbsp;Winchester,<sup id=\"cite_ref-4\" class=\"reference\">[4]</sup>&nbsp;the festival moved to Cream's home city of&nbsp;Liverpool&nbsp;the following year, taking place on the old&nbsp;Liverpool airport, before moving to its current location on the&nbsp;Daresbury&nbsp;estate in Cheshire.<sup id=\"cite_ref-5\" class=\"reference\">[5]</sup>&nbsp;The festival, having initially begun as a one-day event with 25,000 people in attendance, is now a four-day event with camping options hosting 70,000 per day.<sup id=\"cite_ref-6\" class=\"reference\">[6]</sup></p>\n<p>&nbsp;</p>\n<p>The festival is the UK's oldest and most prestigious electronic dance music festival.<sup id=\"cite_ref-7\" class=\"reference\">[7]</sup></p>\n<p>&nbsp;</p>\n<h2><span id=\"History\" class=\"mw-headline\">History</span></h2>\n<p>Creamfields initially began in 1998 as a one-day annual event run by the&nbsp;Liverpool&nbsp;night club&nbsp;Cream.<sup id=\"cite_ref-historyecho_1-1\" class=\"reference\">[1]</sup>&nbsp;This first edition was held in&nbsp;Winchester,&nbsp;Hampshire&nbsp;and attracted 25,000 people.<sup id=\"cite_ref-history_8-0\" class=\"reference\">[8]</sup>&nbsp;The following year Creamfields moved to&nbsp;Liverpool,&nbsp;Merseyside, with the festival being on the old Liverpool Airfield. The move put the festival closer to its parent night club and the new site was able to hold 50,000 people for the festival.<sup id=\"cite_ref-history_8-1\" class=\"reference\">[8]</sup><sup id=\"cite_ref-Site_Move_9-0\" class=\"reference\">[9]</sup>&nbsp;In 2002, Cream was demolished, however the brand continued to run the festival. 2006 saw the festival move outside the city to its current location in&nbsp;Daresbury,&nbsp;Cheshire.<sup id=\"cite_ref-Site_Move_9-1\" class=\"reference\">[9]</sup>&nbsp;The 10th anniversary of the festival saw it expanded to a two-day event with 50,000 people attending across the weekend.<sup id=\"cite_ref-history_8-2\" class=\"reference\">[8]</sup>&nbsp;The festival saw its site expand over the next few years after its first sell out in 2009 of 60,000 across in weekend. In 2010, the site was expanded for extra tickets sales and growing demand for campers. In addition to this, the festival sold out 80,000 tickets and again in 2011 with 100,000.<sup id=\"cite_ref-history_8-3\" class=\"reference\">[8]</sup>&nbsp;In 2012 the festival ownership changed hands as Cream was bought out by&nbsp;Live Nation&nbsp;who are the current organisers of the event.<sup id=\"cite_ref-10\" class=\"reference\">[10]</sup><sup id=\"cite_ref-11\" class=\"reference\">[11]</sup>&nbsp;In 2012, the festival was also set to expand to a three-day event,<sup id=\"cite_ref-history_8-4\" class=\"reference\">[8]</sup>&nbsp;however, on the final day the festival was abandoned due to heavy rain.<sup id=\"cite_ref-rain_12-0\" class=\"reference\">[12]</sup>&nbsp;The following year a &pound;500,000 investment into the site was made to protect it against bad weather. The three-day event allowed an attendance of 150,000.<sup id=\"cite_ref-history_8-5\" class=\"reference\">[8]</sup>&nbsp;2014 saw the edition of a second primary stage, the North and South Stage; and in 2015, the festival was live streamed for the first time seeing 500,000 online attendees.<sup id=\"cite_ref-history_8-6\" class=\"reference\">[8]</sup>&nbsp;2016 saw the introduction of the Steel Yard stage which spawned&nbsp;a spinoff mini-festival&nbsp;with events held in&nbsp;Liverpool&nbsp;and&nbsp;London,<sup id=\"cite_ref-SY_13-0\" class=\"reference\">[13]</sup>&nbsp;it also saw the festival become a four-day event with site expansion in 2017 allowing for a maximum attendance of 280,000.<sup id=\"cite_ref-Capacity_3-1\" class=\"reference\">[3]</sup>&nbsp;In 2019, a &pound;2,000,000 investment was made to improve security and safety as well as reducing environmental impact.<sup id=\"cite_ref-14\" class=\"reference\">[14]</sup>&nbsp;The festival itself saw Creamfields host&nbsp;Swedish House Mafia&nbsp;in their&nbsp;Save the World Reunion Tour. The show was the&nbsp;supergroup's first UK show since 2012 and saw the group as the sole occupiers of the festival's iconic Arc Stage on the day of the event.<sup id=\"cite_ref-15\" class=\"reference\">[15]</sup>&nbsp;The 2020 edition of the festival was cancelled due to the&nbsp;COVID-19 pandemic,<sup id=\"cite_ref-COVID-19_16-0\" class=\"reference\">[16]</sup><sup id=\"cite_ref-COVID-19_(2)_17-0\" class=\"reference\">[17]</sup>&nbsp;with a virtual festival taking its place.<sup id=\"cite_ref-18\" class=\"reference\">[18]</sup>&nbsp;Following&nbsp;Boris Johnson's announcement on the 22 February regarding the&nbsp;road out of the UK's COVID-19 lockdown, Creamfields announced the 2021 edition would go ahead. Tickets for the event sold out in record time.<sup id=\"cite_ref-19\" class=\"reference\">[19]</sup></p>\n<p>&nbsp;</p>\n<h2><span id=\"Album\" class=\"mw-headline\">Album</span></h2>\n<p>On 9 August 2004, British DJ&nbsp;Paul Oakenfold&nbsp;released his fifteenth&nbsp;DJ Mix album&nbsp;entitled&nbsp;<em>Creamfields</em>. The album was released in advance of the sixth edition of the festival in 2004 of which Oakenfold was due to perform. The album itself is third in a series of remix album with the other two being made by other DJs. In 2019, Oakenfold released a further DJ mix album to celebrate the festival's twentieth anniversary.<sup id=\"cite_ref-47\" class=\"reference\">[45]</sup></p>\n<h2>&nbsp;</h2>\n<h2><span id=\"References\" class=\"mw-headline\">References</span></h2>\n<div class=\"reflist\">\n<div class=\"mw-references-wrap mw-references-columns\">\n<ol class=\"references\">\n<li id=\"cite_note-historyecho-1\"><span class=\"mw-cite-backlink\">^&nbsp;<span class=\"cite-accessibility-label\">Jump up to:</span><sup><em><strong>a</strong></em></sup>&nbsp;<sup><em><strong>b</strong></em></sup></span>&nbsp;<span class=\"reference-text\"><cite class=\"citation web cs1\">\"A history of Creamfields festival\". 22 August 2015.</cite></span></li>\n<li id=\"cite_note-2\"><span class=\"mw-cite-backlink\"><strong>^</strong></span>&nbsp;<span class=\"reference-text\"><cite class=\"citation web cs1\">\"WE GO BEHIND THE SCENES AT CREAMFIELDS &ndash; PART 1\".&nbsp;<em>Flowmusic.one</em>. 22 March 2017<span class=\"reference-accessdate\">. Retrieved&nbsp;<span class=\"nowrap\">9 January</span>&nbsp;2021</span>.</cite></span></li>\n<li id=\"cite_note-Capacity-3\"><span class=\"mw-cite-backlink\">^&nbsp;<span class=\"cite-accessibility-label\">Jump up to:</span><sup><em><strong>a</strong></em></sup>&nbsp;<sup><em><strong>b</strong></em></sup>&nbsp;<sup><em><strong>c</strong></em></sup></span>&nbsp;<span class=\"reference-text\"><cite class=\"citation web cs1\">\"Top 10 largest music festivals in the UK\". 16 June 2017.</cite></span></li>\n<li id=\"cite_note-4\"><span class=\"mw-cite-backlink\"><strong>^</strong></span>&nbsp;<span class=\"reference-text\"><cite class=\"citation news cs1\">\"Flashback: os Flyers usados na divulga&ccedil;&atilde;o das festas nos anos 90 &ndash; Eletro Vibez\".&nbsp;<em>Eletro Vibez</em>&nbsp;(in Portuguese). 28 June 2018<span class=\"reference-accessdate\">. Retrieved&nbsp;<span class=\"nowrap\">31 October</span>&nbsp;2018</span>.</cite></span></li>\n<li id=\"cite_note-5\"><span class=\"mw-cite-backlink\"><strong>^</strong></span>&nbsp;<span class=\"reference-text\"><cite class=\"citation web cs1\">\"Travel to Creamfields\".</cite></span></li>\n<li id=\"cite_note-6\"><span class=\"mw-cite-backlink\"><strong>^</strong></span>&nbsp;<span class=\"reference-text\"><cite class=\"citation web cs1\">\"Creamfields 2021 | Festival Line up &amp; Info\".&nbsp;<em>Ticketmaster.co.uk</em>.</cite></span></li>\n<li id=\"cite_note-7\"><span class=\"mw-cite-backlink\"><strong>^</strong></span>&nbsp;<span class=\"reference-text\"><cite class=\"citation web cs1\">\"Top 10: Electronic Music Festivals in the UK 2020 - Festicket Magazine\".</cite></span></li>\n<li id=\"cite_note-history-8\"><span class=\"mw-cite-backlink\">^&nbsp;<span class=\"cite-accessibility-label\">Jump up to:</span><sup><em><strong>a</strong></em></sup>&nbsp;<sup><em><strong>b</strong></em></sup>&nbsp;<sup><em><strong>c</strong></em></sup>&nbsp;<sup><em><strong>d</strong></em></sup>&nbsp;<sup><em><strong>e</strong></em></sup>&nbsp;<sup><em><strong>f</strong></em></sup>&nbsp;<sup><em><strong>g</strong></em></sup>&nbsp;<sup><em><strong>h</strong></em></sup>&nbsp;<sup><em><strong>i</strong></em></sup></span>&nbsp;<span class=\"reference-text\"><cite class=\"citation web cs1\">\"Creamfields History\".&nbsp;<em>Skiddle.com</em>.</cite></span></li>\n<li id=\"cite_note-Site_Move-9\"><span class=\"mw-cite-backlink\">^&nbsp;<span class=\"cite-accessibility-label\">Jump up to:</span><sup><em><strong>a</strong></em></sup>&nbsp;<sup><em><strong>b</strong></em></sup>&nbsp;<sup><em><strong>c</strong></em></sup>&nbsp;<sup><em><strong>d</strong></em></sup>&nbsp;<sup><em><strong>e</strong></em></sup>&nbsp;<sup><em><strong>f</strong></em></sup>&nbsp;<sup><em><strong>g</strong></em></sup>&nbsp;<sup><em><strong>h</strong></em></sup>&nbsp;<sup><em><strong>i</strong></em></sup></span>&nbsp;<span class=\"reference-text\"><cite class=\"citation web cs1\">\"Creamfields quits Speke airport site\".</cite></span></li>\n<li id=\"cite_note-10\"><span class=\"mw-cite-backlink\"><strong>^</strong></span>&nbsp;<span class=\"reference-text\"><cite class=\"citation web cs1\">\"Live Nation Buys EDM Entertainment Company Cream Holdings LTD, Owner of Creamfields Festivals\". 9 May 2012.</cite></span></li>\n<li id=\"cite_note-11\"><span class=\"mw-cite-backlink\"><strong>^</strong></span>&nbsp;<span class=\"reference-text\"><cite class=\"citation web cs1\">\"Creamfields invests &pound;2m in festival site\". 25 September 2019.</cite></span></li>\n<li id=\"cite_note-rain-12\"><span class=\"mw-cite-backlink\">^&nbsp;<span class=\"cite-accessibility-label\">Jump up to:</span><sup><em><strong>a</strong></em></sup>&nbsp;<sup><em><strong>b</strong></em></sup></span>&nbsp;<span class=\"reference-text\"><cite class=\"citation news cs1\">\"Flooded Creamfields called off\".&nbsp;<em>BBC News</em>. 26 August 2012.</cite></span></li>\n<li id=\"cite_note-SY-13\"><span class=\"mw-cite-backlink\">^&nbsp;<span class=\"cite-accessibility-label\">Jump up to:</span><sup><em><strong>a</strong></em></sup>&nbsp;<sup><em><strong>b</strong></em></sup></span>&nbsp;<span class=\"reference-text\"><cite class=\"citation news cs1\">\"50m Super Structure ⋆ Acorn Events\".&nbsp;<em>Acorn Events</em><span class=\"reference-accessdate\">. Retrieved&nbsp;<span class=\"nowrap\">31 October</span>&nbsp;2018</span>.</cite></span></li>\n<li id=\"cite_note-14\"><span class=\"mw-cite-backlink\"><strong>^</strong></span>&nbsp;<span class=\"reference-text\"><cite class=\"citation web cs1\">\"Creamfields will invest &pound;2 million into site improvements\". 24 September 2019.</cite></span></li>\n<li id=\"cite_note-15\"><span class=\"mw-cite-backlink\"><strong>^</strong></span>&nbsp;<span class=\"reference-text\"><cite class=\"citation web cs1\">\"Watch Swedish House Mafia at Creamfields UK 2019 [Full set]\". 26 August 2019 &ndash; via thegroovecartel.com.</cite></span></li>\n<li id=\"cite_note-COVID-19-16\"><span class=\"mw-cite-backlink\">^&nbsp;<span class=\"cite-accessibility-label\">Jump up to:</span><sup><em><strong>a</strong></em></sup>&nbsp;<sup><em><strong>b</strong></em></sup></span>&nbsp;<span class=\"reference-text\"><cite class=\"citation web cs1\">\"Creamfields cancelled but organisers make huge promise for 2021\". 13 May 2020.</cite></span></li>\n<li id=\"cite_note-COVID-19_(2)-17\"><span class=\"mw-cite-backlink\">^&nbsp;<span class=\"cite-accessibility-label\">Jump up to:</span><sup><em><strong>a</strong></em></sup>&nbsp;<sup><em><strong>b</strong></em></sup></span>&nbsp;<span class=\"reference-text\"><cite class=\"citation web cs1\">\"Creamfields 2020 Cancelled but First Artists Announced for 2021 - Festicket Magazine\".&nbsp;<em>Festicket.com</em>.</cite></span></li>\n<li id=\"cite_note-18\"><span class=\"mw-cite-backlink\"><strong>^</strong></span>&nbsp;<span class=\"reference-text\"><cite class=\"citation web cs1\">\"Creamfields Announces August Virtual Event Featuring Never-Before-Seen Performances\".&nbsp;<em>Billboard.com</em>. 3 August 2020<span class=\"reference-accessdate\">. Retrieved&nbsp;<span class=\"nowrap\">9 January</span>&nbsp;2021</span>.</cite></span></li>\n<li id=\"cite_note-19\"><span class=\"mw-cite-backlink\"><strong>^</strong></span><span class=\"reference-text\">https://www.warringtonguardian.co.uk/news/19115414.creamfields-set-go-ahead-daresbury-august-party-summer/</span></li>\n<li id=\"cite_note-98/99-21\"><span class=\"mw-cite-backlink\">^&nbsp;<span class=\"cite-accessibility-label\">Jump up to:</span><sup><em><strong>a</strong></em></sup>&nbsp;<sup><em><strong>b</strong></em></sup></span>&nbsp;<span class=\"reference-text\"><cite class=\"citation web cs1\">\"A Brief History of the Creamfields Festival\".&nbsp;<em>Tvovermind.com</em>. 25 February 2018.</cite></span></li>\n<li id=\"cite_note-22\"><span class=\"mw-cite-backlink\"><strong>^</strong></span>&nbsp;<span class=\"reference-text\"><cite class=\"citation web cs1\">\"Creamfields UK 2000\".&nbsp;<em>eFestivals.co.uk</em>.</cite></span></li>\n<li id=\"cite_note-23\"><span class=\"mw-cite-backlink\"><strong>^</strong></span>&nbsp;<span class=\"reference-text\"><cite class=\"citation web cs1\">\"Creamfields UK 2001\".&nbsp;<em>eFestivals.co.uk</em>.</cite></span></li>\n<li id=\"cite_note-24\"><span class=\"mw-cite-backlink\"><strong>^</strong></span>&nbsp;<span class=\"reference-text\"><cite class=\"citation web cs1\">\"Creamfields 2002\".&nbsp;<em>eFestivals.co.uk</em>.</cite></span></li>\n<li id=\"cite_note-25\"><span class=\"mw-cite-backlink\"><strong>^</strong></span>&nbsp;<span class=\"reference-text\"><cite class=\"citation web cs1\">\"Creamfields 2003\".&nbsp;<em>eFestivals.co.uk</em>.</cite></span></li>\n<li id=\"cite_note-26\"><span class=\"mw-cite-backlink\"><strong>^</strong></span>&nbsp;<span class=\"reference-text\"><cite class=\"citation web cs1\">\"More Added to Creamfields uk 2004 Line-up\".&nbsp;<em>Skiddle.com</em>.</cite></span></li>\n<li id=\"cite_note-27\"><span class=\"mw-cite-backlink\"><strong>^</strong></span>&nbsp;<span class=\"reference-text\"><cite class=\"citation web cs1\">\"Creamfields 2005 Announced!\".&nbsp;<em>Skiddle.com</em>.</cite></span></li>\n<li id=\"cite_note-28\"><span class=\"mw-cite-backlink\"><strong>^</strong></span>&nbsp;<span class=\"reference-text\"><cite class=\"citation web cs1\">\"Creamfields 2006 Announced\".&nbsp;<em>Skiddle.com</em>.</cite></span></li>\n<li id=\"cite_note-29\"><span class=\"mw-cite-backlink\"><strong>^</strong></span>&nbsp;<span class=\"reference-text\"><cite class=\"citation web cs1\">\"Creamfields 2007: Lineup and Tickets\".&nbsp;<em>Skiddle.com</em>.</cite></span></li>\n<li id=\"cite_note-30\"><span class=\"mw-cite-backlink\"><strong>^</strong></span>&nbsp;<span class=\"reference-text\"><cite class=\"citation web cs1\">\"Creamfields 08' Celebrates 10th Anniversary\".&nbsp;<em>Skiddle.com</em>.</cite></span></li>\n<li id=\"cite_note-31\"><span class=\"mw-cite-backlink\"><strong>^</strong></span>&nbsp;<span class=\"reference-text\"><cite class=\"citation web cs1\">\"Basement Jaxx + Tiesto Headline Creamfields 2009\".&nbsp;<em>Skiddle.com</em>.</cite></span></li>\n<li id=\"cite_note-32\"><span class=\"mw-cite-backlink\"><strong>^</strong></span>&nbsp;<span class=\"reference-text\"><cite class=\"citation web cs1\">\"Creamfields 2010 Lineup Released!\".&nbsp;<em>Skiddle.com</em>.</cite></span></li>\n<li id=\"cite_note-33\"><span class=\"mw-cite-backlink\"><strong>^</strong></span>&nbsp;<span class=\"reference-text\"><cite class=\"citation web cs1\">\"Creamfields 2011 Line-Up Announced\".&nbsp;<em>Skiddle.com</em>.</cite></span></li>\n<li id=\"cite_note-35\"><span class=\"mw-cite-backlink\"><strong>^</strong></span>&nbsp;<span class=\"reference-text\"><cite class=\"citation web cs1\">\"Creamfields 2012 now on sale with Skiddle!\".&nbsp;<em>Skiddle.com</em>.</cite></span></li>\n<li id=\"cite_note-36\"><span class=\"mw-cite-backlink\"><strong>^</strong></span>&nbsp;<span class=\"reference-text\"><cite class=\"citation web cs1\">\"Creamfields 2013 lineup announced\".&nbsp;<em>Skiddle.com</em>.</cite></span></li>\n<li id=\"cite_note-37\"><span class=\"mw-cite-backlink\"><strong>^</strong></span>&nbsp;<span class=\"reference-text\"><cite class=\"citation web cs1\">\"Creamfields 2014\".&nbsp;<em>Festicket.com</em>.</cite></span></li>\n<li id=\"cite_note-38\"><span class=\"mw-cite-backlink\"><strong>^</strong></span>&nbsp;<span class=\"reference-text\"><cite id=\"CITEREFKirsty_McHale2015\" class=\"citation web cs1\">Kirsty McHale (26 February 2015).&nbsp;\"From Nation to Daresbury: A history of Creamfields festival\".&nbsp;<em>Liverpool Echo</em><span class=\"reference-accessdate\">. Retrieved&nbsp;<span class=\"nowrap\">9 January</span>&nbsp;2021</span>.</cite></span></li>\n<li id=\"cite_note-39\"><span class=\"mw-cite-backlink\"><strong>^</strong></span>&nbsp;<span class=\"reference-text\"><cite class=\"citation web cs1\">\"Creamfields 2015\".&nbsp;<em>Festicket.com</em>.</cite></span></li>\n<li id=\"cite_note-40\"><span class=\"mw-cite-backlink\"><strong>^</strong></span>&nbsp;<span class=\"reference-text\"><cite class=\"citation web cs1\">\"Creamfields 2016\".&nbsp;<em>Festicket.com</em>.</cite></span></li>\n<li id=\"cite_note-41\"><span class=\"mw-cite-backlink\"><strong>^</strong></span>&nbsp;<span class=\"reference-text\"><cite class=\"citation web cs1\">\"Creamfields 2017\".&nbsp;<em>Festicket.com</em>.</cite></span></li>\n<li id=\"cite_note-42\"><span class=\"mw-cite-backlink\"><strong>^</strong></span>&nbsp;<span class=\"reference-text\"><cite class=\"citation web cs1\">\"Creamfields 2018\".&nbsp;<em>Festicket.com</em>.</cite></span></li>\n<li id=\"cite_note-43\"><span class=\"mw-cite-backlink\"><strong>^</strong></span>&nbsp;<span class=\"reference-text\"><cite class=\"citation web cs1\">\"ERIC PRYDZ TO UNVEIL V O I D STAGE SHOW AT CREAMFIELDS 2019\".</cite></span></li>\n<li id=\"cite_note-44\"><span class=\"mw-cite-backlink\"><strong>^</strong></span>&nbsp;<span class=\"reference-text\"><cite class=\"citation web cs1\">\"Creamfields 2019\".&nbsp;<em>Festicket.com</em>.</cite></span></li>\n<li id=\"cite_note-45\"><span class=\"mw-cite-backlink\"><strong>^</strong></span>&nbsp;<span class=\"reference-text\"><cite class=\"citation web cs1\">\"Creamfields 2020\".&nbsp;<em>Festicket.com</em>.</cite></span></li>\n<li id=\"cite_note-46\"><span class=\"mw-cite-backlink\"><strong>^</strong></span>&nbsp;<span class=\"reference-text\"><cite class=\"citation web cs1\">\"Creamfields 2021\".&nbsp;<em>Festicket.com</em>.</cite></span></li>\n<li id=\"cite_note-47\"><span class=\"mw-cite-backlink\"><strong>^</strong></span>&nbsp;<span class=\"reference-text\"><cite class=\"citation web cs1\">\"Paul Oakenfold's Mix for Creamfield's 20th Year: Listen | Billboard\". 18 December 2019.</cite></span></li>\n<li id=\"cite_note-48\"><span class=\"mw-cite-backlink\"><strong>^</strong></span>&nbsp;<span class=\"reference-text\"><cite class=\"citation web cs1\">\"Creamfields Steel Yard comes to Central Docks\". September 2016.</cite></span></li>\n<li id=\"cite_note-49\"><span class=\"mw-cite-backlink\"><strong>^</strong></span>&nbsp;<span class=\"reference-text\"><cite class=\"citation web cs1\">\"Creamfields' Steel Yard to Make its London Debut - Festicket Magazine\".</cite></span></li>\n<li id=\"cite_note-50\"><span class=\"mw-cite-backlink\"><strong>^</strong></span>&nbsp;<span class=\"reference-text\"><cite class=\"citation news cs1\">\"Steel Yard London &mdash; Creamfields 2019\".&nbsp;<em>Creamfields 2019</em><span class=\"reference-accessdate\">. Retrieved&nbsp;<span class=\"nowrap\">31 October</span>&nbsp;2018</span>.</cite></span></li>\n<li id=\"cite_note-51\"><span class=\"mw-cite-backlink\"><strong>^</strong></span>&nbsp;<span class=\"reference-text\"><cite class=\"citation web cs1\">\"Tomorrowland &amp; Creamfields Join Forces for Steel Yard Event This December\".</cite></span></li>\n<li id=\"cite_note-52\"><span class=\"mw-cite-backlink\"><strong>^</strong></span>&nbsp;<span class=\"reference-text\"><cite class=\"citation web cs1\">\"Creamfields International widens its reach\". 22 August 2017.</cite></span></li>\n<li id=\"cite_note-53\"><span class=\"mw-cite-backlink\"><strong>^</strong></span>&nbsp;<span class=\"reference-text\"><cite class=\"citation web cs1\">\"2014: 17th Edition (Love)\".</cite></span></li>\n<li id=\"cite_note-54\"><span class=\"mw-cite-backlink\"><strong>^</strong></span>&nbsp;<span class=\"reference-text\"><cite class=\"citation web cs1\">\"DJ Mag's Top 50 festivals 2019\". 16 May 2019.</cite></span></li>\n<li id=\"cite_note-55\"><span class=\"mw-cite-backlink\"><strong>^</strong></span>&nbsp;<span class=\"reference-text\"><cite class=\"citation web cs1\">\"Festicket Awards 2016 Winners: Tomorrowland, Martin Garrix, Radiohead and More - Festicket Magazine\".</cite></span></li>\n<li id=\"cite_note-56\"><span class=\"mw-cite-backlink\"><strong>^</strong></span>&nbsp;<span class=\"reference-text\"><cite class=\"citation web cs1\">\"Archived copy\". Archived from&nbsp;the original&nbsp;on 18 September 2018<span class=\"reference-accessdate\">. Retrieved&nbsp;<span class=\"nowrap\">3 October</span>&nbsp;2018</span>.</cite></span></li>\n<li id=\"cite_note-57\"><span class=\"mw-cite-backlink\"><strong>^</strong></span>&nbsp;<span class=\"reference-text\"><cite class=\"citation web cs1\">\"Archived copy\". Archived from&nbsp;the original&nbsp;on 15 September 2018<span class=\"reference-accessdate\">. Retrieved&nbsp;<span class=\"nowrap\">15 September</span>&nbsp;2018</span>.</cite></span></li>\n<li id=\"cite_note-Creamfields_Home-58\"><span class=\"mw-cite-backlink\">^&nbsp;<span class=\"cite-accessibility-label\">Jump up to:</span><sup><em><strong>a</strong></em></sup>&nbsp;<sup><em><strong>b</strong></em></sup>&nbsp;<sup><em><strong>c</strong></em></sup>&nbsp;<sup><em><strong>d</strong></em></sup>&nbsp;<sup><em><strong>e</strong></em></sup>&nbsp;<sup><em><strong>f</strong></em></sup>&nbsp;<sup><em><strong>g</strong></em></sup>&nbsp;<sup><em><strong>h</strong></em></sup>&nbsp;<sup><em><strong>i</strong></em></sup></span>&nbsp;<span class=\"reference-text\"><cite class=\"citation web cs1\">\"Creamfields Home\".&nbsp;<em>Creamfields.com</em>.</cite></span></li>\n<li id=\"cite_note-59\"><span class=\"mw-cite-backlink\"><strong>^</strong></span>&nbsp;<span class=\"reference-text\"><cite class=\"citation web cs1\">\"Creamfields gets nominated for four UK Festival Awards\".&nbsp;<em>Bbc.co.uk</em>. 11 June 2013.</cite></span></li>\n<li id=\"cite_note-60\"><span class=\"mw-cite-backlink\"><strong>^</strong></span>&nbsp;<span class=\"reference-text\"><cite class=\"citation web cs1\">\"Creamfields and Glastonbury win at UK Festival Awards\".&nbsp;<em>Bbc.co.uk</em>. 12 January 2014.</cite></span></li>\n<li id=\"cite_note-61\"><span class=\"mw-cite-backlink\"><strong>^</strong></span>&nbsp;<span class=\"reference-text\">[1]<sup class=\"noprint Inline-Template\">[<em><span title=\"&nbsp;Dead link since January 2021\">dead link</span></em>]</sup></span></li>\n<li id=\"cite_note-62\"><span class=\"mw-cite-backlink\"><strong>^</strong></span>&nbsp;<span class=\"reference-text\"><cite class=\"citation web cs1\">\"All the winners from the 2016 UK Festival Awards\".&nbsp;<em>Musicweek.com</em>.</cite></span></li>\n<li id=\"cite_note-63\"><span class=\"mw-cite-backlink\"><strong>^</strong></span>&nbsp;<span class=\"reference-text\"><cite class=\"citation web cs1\">\"Creamfields and Download amongst winners at UK Festival Awards 2016\".&nbsp;<em>Skiddle.com</em>.</cite></span></li>\n</ol>\n</div>\n</div>",
 "remarks": "本词条汉字内容由 @多频百科团队 翻译+编辑\n原文译自 https://en.wikipedia.org/wiki/Creamfields",
 "remarksEn": "本词条内容来自 https://en.wikipedia.org/wiki/Creamfields",
 "status": 2,
 "clickNum": 70,
 "deleted": 0,
 "lang": 0,
 "chooseLang": true,
 "id": 94,
 "name": "Creamfields",
 "descriptions": "奶油田电子音乐节（Creamfields）是由英国俱乐部发起人Cream创立和组织的电音舞曲音乐节系列活动，其英国活动于八月银行假日的周末举行，在世界各地均有举办多个国际版本活动。",
 "picture": "https://duopin-community.oss-cn-shenzhen.aliyuncs.com/t0m37dpvimmv1paazz8z.jpg",
 "originalName": "奶油田电子音乐节",
 "holdTimeText": "August Bank Holiday Weekend",
 "holdAddress": "英国",
 "searchAddress": "英国",
 "joinScale": 280000,
 "sponsor": "Live Nation",
 "foundTimeText": "1998-present",
 "officialUrl": "https://www.creamfields.com/",
 "referenceUrl": "https://en.wikipedia.org/wiki/Creamfields",
 "nonceStatusText": "运营中",
 "typeId": 16,
 "typeName": "电音节",
 "dataId": 94,
 "url": "http://dropinapp.hearinmusic.com/#/ency?typeId=16&dataId=94"
}