{
 "pageNum": 1,
 "pageSize": 10,
 "params": {},
 "content": "",
 "remarks": "本词条内容暂未完善仅供参考，多频百科小编正在火速赶来",
 "remarksEn": "本词条内容暂未完善仅供参考，多频百科小编正在火速赶来",
 "status": 0,
 "clickNum": 11,
 "deleted": 0,
 "lang": 0,
 "chooseLang": false,
 "id": 191,
 "name": "Daydream Festival",
 "descriptions": "",
 "originalName": "",
 "holdTimeText": "Sat Jul 13 00:00:00 CST 2019",
 "holdAddress": "荷兰贝斯特Beach Park Aquabest Source",
 "searchAddress": "",
 "sponsor": "",
 "foundTimeText": "",
 "referenceUrl": "",
 "nonceStatusText": "",
 "typeId": 16,
 "typeName": "电音节",
 "dataId": 191,
 "url": "http://dropinapp.hearinmusic.com/#/ency?typeId=16&dataId=191"
}