{
 "pageNum": 1,
 "pageSize": 10,
 "params": {},
 "relationChannel": "[{\"id\":1066,\"parentId\":10,\"name\":\"DEFQON.1\"}]",
 "relationEncy": "[{\"id\":36341,\"typeId\":13,\"dataId\":14,\"name\":\"Hardstyle\",\"url\":\"http://dropinapp.hearinmusic.com/#/ency?typeId=13&dataId=14\"},{\"id\":36415,\"typeId\":13,\"dataId\":88,\"name\":\"Hard Dance Music\",\"url\":\"http://dropinapp.hearinmusic.com/#/ency?typeId=13&dataId=88\"},{\"id\":36342,\"typeId\":13,\"dataId\":15,\"name\":\"Hardcore\",\"url\":\"http://dropinapp.hearinmusic.com/#/ency?typeId=13&dataId=15\"}]",
 "content": "<div>\n<div class=\"document\">\n<p class=\"paragraph text-align-type-left pap-line-1.8 pap-line-rule-auto pap-spacing-before-2pt pap-spacing-after-2pt\">Defqon.1周末音乐节是每年在荷兰，智利和澳大利亚举行的音乐节。它由节日组织者Q-dance于2003年创立。该音乐节主要演奏hardstyle和相关风格如hardcore techno，hard house和hard trance。</p>\n<p class=\"paragraph text-align-type-left pap-line-1.8 pap-line-rule-auto pap-spacing-before-2pt pap-spacing-after-2pt\">&nbsp;</p>\n<p class=\"paragraph text-align-type-left pap-line-1.8 pap-line-rule-auto pap-spacing-before-2pt pap-spacing-after-2pt\"><strong>事件</strong></p>\n<p class=\"paragraph text-align-type-left pap-line-1.8 pap-line-rule-auto pap-spacing-before-2pt pap-spacing-after-2pt\">艺术节于6月中旬在Almere的Almeerderstrand举行。自2011年以来，它主办在Biddinghuizen的Walibi Holland旁的场地举办活动。自2009年以来，该活动还于9月中旬在悉尼国际雷加塔中心（Sydney International Regatta Centre）举行。2011年以前（澳大利亚为2014年以前），音乐节持续了12个小时，从上午11：00到晚上11：00，最后以烟火表演结束。自2012年以来音乐节延长至三天。自 2015 年以来，澳大利亚音乐节延长至两天。每个地方的音乐节都有一首赞美歌，一首与音乐节有关的主题曲。音乐节还通过YouTube、和Q-Dance网站直播了来自最大舞台的视频和所有其他舞台的音频，供世界各地的人们收听。</p>\n<p class=\"paragraph text-align-type-left pap-line-1.8 pap-line-rule-auto pap-spacing-before-2pt pap-spacing-after-2pt\">&nbsp;</p>\n<p class=\"paragraph text-align-type-left pap-line-1.8 pap-line-rule-auto pap-spacing-before-2pt pap-spacing-after-2pt\">在荷兰的活动中，观众人数已增至每天65，000人，门票有时在不到一小时的时间内售完。2013年，悉尼活动吸引了18，000人参加。同一事件造成一名男性死亡，约20人吸毒过量，80多人因毒品指控被捕。</p>\n<p class=\"paragraph text-align-type-left pap-line-1.8 pap-line-rule-auto pap-spacing-before-2pt pap-spacing-after-2pt\">&nbsp;</p>\n<p class=\"paragraph text-align-type-left pap-line-1.8 pap-line-rule-auto pap-spacing-before-2pt pap-spacing-after-2pt\">2018年9月17日，新南威尔士州总理Gladys Berejiklian宣布，由于2018年音乐节上发生了两起死亡事件，她打算不再在该州举办Defqon.1。在这次活动中，有七百人寻求医疗援助。Groovin the Moo音乐节成功举办后，绿党领袖Shane Rattenbury已邀请Defqon.1在堪培拉进行药丸测试后举办。</p>\n<p class=\"paragraph text-align-type-left pap-line-1.8 pap-line-rule-auto pap-spacing-before-2pt pap-spacing-after-2pt\">&nbsp;</p>\n<p class=\"paragraph text-align-type-left pap-line-1.8 pap-line-rule-auto pap-spacing-before-2pt pap-spacing-after-2pt\">2019年5月29日，Q-dance在其官方Facebook个人资料上宣布，在悉尼国际雷加塔中心（Penrith）举行了十年之后，Defqon.1在澳大利亚的活动将无限期暂停，因为他们\"无法为活动安排一个合适的替代场地\"。</p>\n<p class=\"paragraph text-align-type-left pap-line-1.8 pap-line-rule-auto pap-spacing-before-2pt pap-spacing-after-2pt\">&nbsp;</p>\n<p class=\"paragraph text-align-type-left pap-line-1.8 pap-line-rule-auto pap-spacing-before-2pt pap-spacing-after-2pt\">荷兰首相Mark Rutte宣布，由于COVID-19，2020年9月前荷兰所有活动停办，因此，2020年Defqon.1没有举行。截至2020年4月，Defqon.1 &ndash; Primal Energy活动改到2021年6月的最后一个周末进行。</p>\n</div>\n</div>",
 "contentEn": "<p><strong>Defqon.1 Weekend Festival</strong>&nbsp;is an annual&nbsp;music festival&nbsp;held in the&nbsp;Netherlands,&nbsp;Chile&nbsp;and&nbsp;Australia. It was founded in 2003 by festival organizer&nbsp;Q-dance. The festival plays mostly&nbsp;hardstyle&nbsp;and related genres such as&nbsp;hardcore techno,&nbsp;hard house&nbsp;and&nbsp;hard trance.</p>\n<p>&nbsp;</p>\n<h2><span id=\"Events\" class=\"mw-headline\">Events</span></h2>\n<p>The festival was previously held in mid-June on Almeerderstrand in&nbsp;Almere. Since 2011 it is hosted on the event site next to&nbsp;Walibi Holland&nbsp;in&nbsp;Biddinghuizen. Since 2009 the event has also been hosted in&nbsp;Sydney&nbsp;in mid-September, at the&nbsp;Sydney International Regatta Centre. Until 2011 (2014 for the Australian edition) the festival ran for 12 hours, from 11:00 am to 11:00 pm, and ended with a firework display. Since 2012, the festival was extended to three days. Since 2015, the Australian edition was extended to two days. Each edition also has an anthem, an official song that is played in conjunction with the festival. The festival is also livestreamed with video from the largest stages and audio for all the other stages through&nbsp;YouTube,<sup id=\"cite_ref-1\" class=\"reference\">[1]</sup>&nbsp;and the&nbsp;Q-Dance<sup id=\"cite_ref-2\" class=\"reference\">[2]</sup>&nbsp;website for people all around the world to tune into.</p>\n<p>&nbsp;</p>\n<p>At the&nbsp;Dutch&nbsp;event the audience has grown to 65,000 per day with tickets sometimes selling out in less than an hour. In 2013, the Sydney event attracted 18,000 attendees.<sup id=\"cite_ref-mda_3-0\" class=\"reference\">[3]</sup>&nbsp;The same event saw the death of a male, around 20 drug overdoses<sup id=\"cite_ref-mda_3-1\" class=\"reference\">[3]</sup>&nbsp;and more than 80 arrested on drug charges.<sup id=\"cite_ref-Dance_party_drug_death_4-0\" class=\"reference\">[4]</sup></p>\n<p>&nbsp;</p>\n<p>On 17 September 2018, the New South Wales Premier,&nbsp;Gladys Berejiklian, announced her intention that Defqon.1 would never again take place in the state, due to two deaths that took place at the 2018 festival.<sup id=\"cite_ref-5\" class=\"reference\">[5]</sup>&nbsp;At this event seven hundred people sought medical assistance.<sup id=\"cite_ref-typd_6-0\" class=\"reference\">[6]</sup>&nbsp;Shane Rattenbury, the Greens leader in the&nbsp;ACT, has invited Defqon.1 to take place in Canberra where pill testing could be carried out after a successful trial with&nbsp;Groovin the Moo.<sup id=\"cite_ref-7\" class=\"reference\">[7]</sup></p>\n<p>&nbsp;</p>\n<p>On 29 May 2019,&nbsp;Q-dance&nbsp;announced on its official Facebook profiles that Defqon.1 Australia, after a decade being held at the&nbsp;Sydney International Regatta Centre&nbsp;(Penrith),<sup id=\"cite_ref-8\" class=\"reference\">[8]</sup>&nbsp;would be indefinitely suspended, since they were \"unable to secure a suitable replacement venue for the event to take place [...]\"<sup id=\"cite_ref-9\" class=\"reference\">[9]</sup></p>\n<p>&nbsp;</p>\n<p>2020 did not see Defqon.1 held after the Dutch prime minister&nbsp;Mark Rutte&nbsp;declared that all events in the Netherlands were cancelled until September 2020 due to the ongoing&nbsp;COVID-19 pandemic. As of April 2020, Defqon.1 &ndash; Primal Energy had been moved to the last weekend of June in 2021.<sup id=\"cite_ref-hard-news-2020-cancel_10-0\" class=\"reference\">[10]</sup></p>\n<p>&nbsp;</p>\n<h2><span id=\"References\" class=\"mw-headline\">References</span></h2>\n<div class=\"reflist\">\n<div class=\"mw-references-wrap mw-references-columns\">\n<ol class=\"references\">\n<li id=\"cite_note-1\"><span class=\"mw-cite-backlink\"><strong>^</strong></span>&nbsp;<span class=\"reference-text\"><cite class=\"citation web cs1\">\"Q-dance\".&nbsp;<em>YouTube</em><span class=\"reference-accessdate\">. Retrieved&nbsp;<span class=\"nowrap\">3 July</span>&nbsp;2019</span>.</cite></span></li>\n<li id=\"cite_note-2\"><span class=\"mw-cite-backlink\"><strong>^</strong></span>&nbsp;<span class=\"reference-text\"><cite class=\"citation web cs1\">\"Q-dance\".&nbsp;<em>Q-Dance</em><span class=\"reference-accessdate\">. Retrieved&nbsp;<span class=\"nowrap\">3 July</span>&nbsp;2019</span>.</cite></span></li>\n<li id=\"cite_note-mda-3\"><span class=\"mw-cite-backlink\">^&nbsp;<span class=\"cite-accessibility-label\">Jump up to:</span><sup><em><strong>a</strong></em></sup>&nbsp;<sup><em><strong>b</strong></em></sup>&nbsp;<sup><em><strong>c</strong></em></sup></span>&nbsp;<span class=\"reference-text\"><cite id=\"CITEREFEmma_Partridge2013\" class=\"citation news cs1\">Emma Partridge (15 September 2013).&nbsp;\"Man dies at Defqon.1 music festival\".&nbsp;<em>The Sydney Morning Herald</em>. Fairfax Media<span class=\"reference-accessdate\">. Retrieved&nbsp;<span class=\"nowrap\">15 September</span>&nbsp;2013</span>.</cite></span></li>\n<li id=\"cite_note-Dance_party_drug_death-4\"><span class=\"mw-cite-backlink\"><strong>^</strong></span>&nbsp;<span class=\"reference-text\"><cite id=\"CITEREFAmy_DaleNathan_KleinAlicia_WoodSimon_Black2013\" class=\"citation news cs1\">Amy Dale; Nathan Klein; Alicia Wood; Simon Black (16 September 2013).&nbsp;\"Dance party drug death victim James Munro pictured before the fatal Defqon. 1 festival\".&nbsp;<em>The Daily Telegraph</em>. News Corp<span class=\"reference-accessdate\">. Retrieved&nbsp;<span class=\"nowrap\">4 May</span>&nbsp;2015</span>.</cite></span></li>\n<li id=\"cite_note-5\"><span class=\"mw-cite-backlink\"><strong>^</strong></span>&nbsp;<span class=\"reference-text\"><cite id=\"CITEREFKelly2018\" class=\"citation news cs1\">Kelly, Lidia (15 September 2018).&nbsp;\"Two dead after suspected drug overdose at Sydney music festival\".&nbsp;<em>Reuters</em><span class=\"reference-accessdate\">. Retrieved&nbsp;<span class=\"nowrap\">13 November</span>&nbsp;2018</span>.&nbsp;<q>'This is an unsafe event and I&rsquo;ll be doing everything I can to make sure it never happens again,' she added.</q></cite></span></li>\n<li id=\"cite_note-typd-6\"><span class=\"mw-cite-backlink\"><strong>^</strong></span>&nbsp;<span class=\"reference-text\"><cite id=\"CITEREFMegan_Palin_and_Natalie_Wolfe2018\" class=\"citation web cs1\">Megan Palin and Natalie Wolfe (17 September 2018).&nbsp;\"Sydney music festival deaths: Two young people dead\".&nbsp;<em>news.com.au</em>. News Pty<span class=\"reference-accessdate\">. Retrieved&nbsp;<span class=\"nowrap\">17 September</span>&nbsp;2018</span>.</cite></span></li>\n<li id=\"cite_note-7\"><span class=\"mw-cite-backlink\"><strong>^</strong></span>&nbsp;<span class=\"reference-text\"><cite id=\"CITEREFScott2018\" class=\"citation web cs1\">Scott, Elise (8 October 2018).&nbsp;\"Push for Defqon.1 to move to ACT, where pill testing is supported\".&nbsp;<em>ABC News</em><span class=\"reference-accessdate\">. Retrieved&nbsp;<span class=\"nowrap\">6 December</span>2018</span>.</cite></span></li>\n<li id=\"cite_note-8\"><span class=\"mw-cite-backlink\"><strong>^</strong></span>&nbsp;<span class=\"reference-text\"><cite id=\"CITEREFRota2019\" class=\"citation web cs1\">Rota, Genevieve (30 May 2019).&nbsp;\"Defqon.1 festival 'postponed indefinitely<span class=\"cs1-kern-right\">'</span>\".&nbsp;<em>The Sydney Morning Herald</em><span class=\"reference-accessdate\">. Retrieved&nbsp;<span class=\"nowrap\">14 June</span>2019</span>.</cite></span></li>\n<li id=\"cite_note-9\"><span class=\"mw-cite-backlink\"><strong>^</strong></span>&nbsp;<span class=\"reference-text\"><cite id=\"CITEREFDefqon.12019\" class=\"citation web cs1\">Defqon.1, Australia 2019 (29 May 2019).&nbsp;\"Warriors, it is with great sadness to inform you that Defqon.1 Festival will not return to Australia this year\".&nbsp;<em>Facebook</em><span class=\"reference-accessdate\">. Retrieved&nbsp;<span class=\"nowrap\">14 June</span>&nbsp;2019</span>.</cite></span></li>\n<li id=\"cite_note-hard-news-2020-cancel-10\"><span class=\"mw-cite-backlink\"><strong>^</strong></span>&nbsp;<span class=\"reference-text\"><cite id=\"CITEREFVan_Zelst2020\" class=\"citation web cs1\">Van Zelst, Nina (21 April 2020).&nbsp;\"Defqon.1 Festival 2020 officially cancelled: \"Words cannot describe how we feel\" |\".&nbsp;<em>www.hardnews.nl/en/</em>. Hard News<span class=\"reference-accessdate\">. Retrieved&nbsp;<span class=\"nowrap\">14 January</span>&nbsp;2021</span>.</cite></span></li>\n</ol>\n</div>\n</div>",
 "remarks": "本词条汉字内容由 @多频百科团队 翻译+编辑\n原文译自 https://en.wikipedia.org/wiki/Defqon.1_Festival",
 "remarksEn": "本词条内容来自 https://en.wikipedia.org/wiki/Defqon.1_Festival",
 "status": 1,
 "clickNum": 131,
 "deleted": 0,
 "lang": 0,
 "chooseLang": true,
 "id": 98,
 "name": "DEFQON 1",
 "descriptions": "Defqon.1周末音乐节是每年在荷兰，智利和澳大利亚举行的音乐节。它由节日组织者Q-dance于2003年创立。该音乐节主要演奏hardstyle和相关风格如hardcore techno，hard house和hard trance。\n",
 "picture": "https://duopin-community.oss-cn-shenzhen.aliyuncs.com/8o2i6vjo62ua623p3w25.png",
 "originalName": "",
 "holdTimeText": "Netherlands (since 14 June 2003), Australia (19 September 2009-September 16, 2018), Chile (12 December 2015 & 10 December 2016)",
 "holdAddress": "Netherlands (since 14 June 2003), Australia (19 September 2009- 16 September 2018), Chile (12 December 2015 & 10 December 2016)",
 "searchAddress": "荷兰",
 "sponsor": "Q-dance",
 "foundTimeText": "2003",
 "officialUrl": "Defqon.1 Weekend Festival, Defqon.1 Festival Australia, Defqon.1 Festival Chile",
 "referenceUrl": "https://en.wikipedia.org/wiki/Defqon.1_Festival",
 "nonceStatusText": "运营中",
 "typeId": 16,
 "typeName": "电音节",
 "dataId": 98,
 "url": "http://dropinapp.hearinmusic.com/#/ency?typeId=16&dataId=98"
}