{
 "pageNum": 1,
 "pageSize": 10,
 "params": {},
 "relationEncy": "[{\"id\":36342,\"typeId\":13,\"dataId\":15,\"name\":\"Hardcore\",\"url\":\"http://dropinapp.hearinmusic.com/#/ency?typeId=13&dataId=15\"},{\"id\":35084,\"typeId\":16,\"dataId\":141,\"name\":\"Masters of Hardcore\",\"url\":\"http://dropinapp.hearinmusic.com/#/ency?typeId=16&dataId=141\"}]",
 "content": "<p>Dominator 是由 Q-dance 和 Art of Dance 组织的年度Hardcore风格音乐节。</p>\n<p>&nbsp;</p>\n<p>第一届于 2005 年 7 月 30 日在恩斯赫德的 Het Rutbeek 休闲公园举行。2006 年则没有组织 Dominator 活动。 然而，在 2007 年，Dominator回来了，这次是在格罗宁根的城市公园。 第三次活动于 2008 年 7 月 26 日在莱德申丹的 Vlietland 游乐区举行。</p>\n<p>&nbsp;</p>\n<p>自 2009 年以来，Dominator 在 Eersel 的 E3 海滩上举办。 最近一届于 2019 年 7 月 20 日举行。自 2011 年以来，该活动门票每次都售罄，人气可观。</p>\n<p>&nbsp;</p>\n<p>自 2011 版以来，每年的Dominator活动都会发布活动的主题曲，而主题曲的名称也一直与当年的活动主题相同。</p>",
 "contentEn": "",
 "remarks": "本词条汉字内容由 @多频百科团队 翻译+编辑\n原文译自 https://nl.wikipedia.org/wiki/Dominator_(festival)",
 "remarksEn": "本词条内容暂未完善仅供参考，多频百科小编正在火速赶来",
 "status": 1,
 "clickNum": 70,
 "deleted": 0,
 "lang": 0,
 "chooseLang": false,
 "id": 139,
 "name": "Dominator",
 "descriptions": "Dominator 是由 Q-dance 和 Art of Dance 组织的年度Hardcore风格音乐节。",
 "picture": "https://duopin-community.oss-cn-shenzhen.aliyuncs.com/ty65vajb0gi52jddg5ur.png",
 "originalName": "",
 "holdTimeText": "每年7月中下旬",
 "holdAddress": "荷兰",
 "searchAddress": "荷兰",
 "sponsor": "Q-dance & Art of Dance",
 "foundTimeText": "2005年7月30日",
 "officialUrl": "https://www.dominatorfestival.nl/",
 "referenceUrl": "https://nl.wikipedia.org/wiki/Dominator_(festival)",
 "nonceStatusText": "运营中",
 "typeId": 16,
 "typeName": "电音节",
 "dataId": 139,
 "url": "http://dropinapp.hearinmusic.com/#/ency?typeId=16&dataId=139"
}