{
 "pageNum": 1,
 "pageSize": 10,
 "params": {},
 "content": "<div>\n<div class=\"document\">\n<p class=\"paragraph text-align-type-left pap-line-1.8 pap-line-rule-auto pap-spacing-before-2pt pap-spacing-after-2pt\">Echelon露天和室内音乐节是一个主要表演electro, techno 和house的音乐节，自2009年以来，每年8月在巴德艾布林举行。2015年，它是巴伐利亚州最大的同类节日，有大约25,000名游客。</p>\n</div>\n</div>",
 "contentEn": "<div>\n<div class=\"document\">\n<p class=\"paragraph text-align-type-left pap-line-1.8 pap-line-rule-auto pap-spacing-before-2pt pap-spacing-after-2pt\">The Echelon Open Air &amp; Indoor Festival is an electro-, techno and house-festival that has taken place in Bad Aibling annually in August since 2009. With about 25.000 visitors in 2015 it is the largest festival of its kind in Bavaria. It is located on the abandoned Bad Aibling Station which was used for the festival's eponymous global surveillance network ECHELON.</p>\n</div>\n</div>",
 "remarks": "本词条汉字内容由 @多频百科团队 翻译+编辑\n原文译自 https://en.m.wikipedia.org/wiki/Bad_Aibling#Echelon_festival",
 "remarksEn": "本词条内容来自 https://en.m.wikipedia.org/wiki/Bad_Aibling#Echelon_festival",
 "status": 1,
 "clickNum": 12,
 "deleted": 0,
 "lang": 0,
 "chooseLang": true,
 "id": 198,
 "name": "Echelon Festival",
 "descriptions": "Echelon露天和室内音乐节是一个主要表演electro, techno 和house的音乐节，自2009年以来，每年8月在巴德艾布林举行。2015年，它是巴伐利亚州最大的同类节日，有大约25,000名游客。",
 "originalName": "",
 "holdTimeText": "8.20-8.22",
 "holdAddress": "德国巴德艾布林",
 "searchAddress": "德国",
 "joinScale": 25000,
 "sponsor": "",
 "foundTimeText": "2009",
 "referenceUrl": "https://en.m.wikipedia.org/wiki/Bad_Aibling#Echelon_festival",
 "nonceStatusText": "",
 "typeId": 16,
 "typeName": "电音节",
 "dataId": 198,
 "url": "http://dropinapp.hearinmusic.com/#/ency?typeId=16&dataId=198"
}