{
 "pageNum": 1,
 "pageSize": 10,
 "params": {},
 "content": "",
 "remarks": "本词条内容暂未完善仅供参考，多频百科小编正在火速赶来",
 "remarksEn": "本词条内容暂未完善仅供参考，多频百科小编正在火速赶来",
 "status": 0,
 "clickNum": 16,
 "deleted": 0,
 "lang": 0,
 "chooseLang": false,
 "id": 180,
 "name": "EDC Week",
 "descriptions": "",
 "originalName": "",
 "holdTimeText": "5.13-5.23",
 "holdAddress": "Las Vegas",
 "searchAddress": "",
 "sponsor": "",
 "foundTimeText": "2013",
 "referenceUrl": "",
 "nonceStatusText": "运营中",
 "typeId": 16,
 "typeName": "电音节",
 "dataId": 180,
 "url": "http://dropinapp.hearinmusic.com/#/ency?typeId=16&dataId=180"
}