{
 "pageNum": 1,
 "pageSize": 10,
 "params": {},
 "relationChannel": "[{\"id\":1078,\"parentId\":10,\"name\":\"Electric Zoo\"}]",
 "content": "<p></p>\n\r<p></p>\n\r<p></p>\n\r<p></p>",
 "remarks": "本词条内容暂未完善仅供参考，多频百科小编正在火速赶来",
 "remarksEn": "本词条内容暂未完善仅供参考，多频百科小编正在火速赶来",
 "status": 0,
 "clickNum": 2,
 "deleted": 0,
 "lang": 0,
 "chooseLang": false,
 "id": 126,
 "name": "Electric Zoo",
 "descriptions": "Electric Zoo is an annual electronic music festival held over Labor Day weekend in New York City on Randall's Island. The festival represents all genres of electronic music, bringing top international DJs and live acts from multiple countries to four stages.\r\n\r\nIn its 2009 inaugural year, 26,000 people attended to see artists Armin van Buuren, Deadmau5, David Guetta and Ferry Corsten. In 2011, Electric Zoo expanded to a 3-day festival and with 85,000 attendees. Electric Zoo received International Dance Music Awards nominations in 2010, 2011, 2012, and 2013 for \"Best Music Event\".\n\r电子动物园是一年一度的电子音乐节，在劳动节周末在纽约市兰德尔岛举行。本届音乐节代表了所有类型的电子音乐，将来自多个国家的顶级国际DJ和现场表演带入四个舞台。\n在2009年的成立之年，26000人参加了观看艺术家阿明范布伦，戴德茂5，大卫盖塔和渡轮科斯滕。2011年，电动动物园扩大到为期3天的节日，有85000人参加。电动动物园在2010年、2011年、2012年和2013年获得了国际舞蹈音乐奖“最佳音乐盛事”提名",
 "picture": "https://duopin-community.oss-cn-shenzhen.aliyuncs.com/8shmujvnosxtkfm2kygu.jpg",
 "originalName": "",
 "holdTimeText": "",
 "holdAddress": "",
 "searchAddress": "",
 "sponsor": "",
 "foundTimeText": "",
 "referenceUrl": "",
 "nonceStatusText": "",
 "typeId": 16,
 "typeName": "电音节",
 "dataId": 126,
 "url": "http://dropinapp.hearinmusic.com/#/ency?typeId=16&dataId=126"
}