{
 "pageNum": 1,
 "pageSize": 10,
 "params": {},
 "relationChannel": "[{\"id\":1052,\"parentId\":10,\"name\":\"EDC\"}]",
 "content": "<div class=\"document\">\n<p class=\"paragraph text-align-type-left pap-line-1.8 pap-line-rule-auto pap-spacing-before-2pt pap-spacing-after-2pt\">Electric Daisy Carnival，简称EDC，是世界三大电子音乐节之一。EDC的主题与 Tomorrowland的奇幻风格略有不同，强调爱与包容，并且在LED灯光的使用上更加多样化。 每年其最大规模的活动在内华达州的拉斯维加斯举办，流行电音制作人和DJ在各地的EDC登台演出。EDC举办范围覆盖美国多地：加利福尼亚、科罗拉多、佛罗里达州，伊利诺斯、内华达州、新泽西、纽约、德克萨斯等。2018年，EDC在上海成功举办。</p>\n<p class=\"paragraph text-align-type-left pap-line-1.8 pap-line-rule-auto pap-spacing-before-2pt pap-spacing-after-2pt\">&nbsp;</p>\n<p class=\"paragraph text-align-type-left pap-line-1.8 pap-line-rule-auto pap-spacing-before-2pt pap-spacing-after-2pt\">EDC参演包括世界各地流行电音制作人和DJ：Armin van Buuren，Calvin Harris，Diplo，Alesso，Dillon Francis，Martin Garrix，Zedd，Afrojack，NGHTMRE，Yellow Claw和Ti&euml;sto等。电音节包括了各种电子音乐潮流，包括HOUSE，TECHNO，dubstep，Trap等。</p>\n<p class=\"paragraph text-align-type-left pap-line-1.8 pap-line-rule-auto pap-spacing-before-2pt pap-spacing-after-2pt\">&nbsp;</p>\n<p class=\"paragraph text-align-type-left pap-line-1.8 pap-line-rule-auto pap-spacing-before-2pt pap-spacing-after-2pt\">EDC旨在利用音乐和艺术鼓励人的个性发展。除了音乐之外，在EDC中我们还可以体验到实实在在的精神享受，包括色彩斑斓的黑暗中发光以及LED做成的的各种动植物。还有就是遍布EDC现场的的互动艺术装置，在人群中行走的各种狂欢节表演者以及各种激动人心和纾解压力的的狂欢节游乐设施。EDC希望可以成为人们在舞池内外沟通的桥梁。</p>\n<p class=\"paragraph text-align-type-left pap-line-1.8 pap-line-rule-auto pap-spacing-before-2pt pap-spacing-after-2pt\">&nbsp;</p>\n<p class=\"paragraph text-align-type-left pap-line-1.8 pap-line-rule-auto pap-spacing-before-2pt pap-spacing-after-2pt\">自成立以来，其他EDC活动已在其他州和国外举行，包括墨西哥，波多黎各，英国，巴西，日本和印度。目前，EDC与主要的拉斯维加斯活动一起每年在奥兰多，中国和墨西哥举行。</p>\n<p class=\"paragraph text-align-type-left pap-line-1.8 pap-line-rule-auto pap-spacing-before-2pt pap-spacing-after-2pt\">&nbsp;</p>\n<p class=\"paragraph text-align-type-left pap-line-1.8 pap-line-rule-auto pap-spacing-before-2pt pap-spacing-after-2pt\">在2009年，EDC成为了为期两天的活动，在2011年，为期三天的活动吸引了23万人参加。2015年，它在三天内吸引了超过40万（每天13.4万）。 在2018年，拉斯维加斯EDC将音乐节扩大到包括现场露营体验。</p>\n<p class=\"paragraph text-align-type-left pap-line-1.8 pap-line-rule-auto pap-spacing-before-2pt pap-spacing-after-2pt\">&nbsp;</p>\n<p class=\"paragraph text-align-type-left pap-line-1.8 pap-line-rule-auto pap-spacing-before-2pt pap-spacing-after-2pt\">2017年，EDC在电子音乐奖中获得了年度音乐节奖。</p>\n<p class=\"paragraph text-align-type-left pap-line-1.8 pap-line-rule-auto pap-spacing-before-2pt pap-spacing-after-2pt\">&nbsp;</p>\n<p class=\"paragraph text-align-type-left pap-line-1.8 pap-line-rule-auto pap-spacing-before-2pt pap-spacing-after-2pt\"><strong>历史</strong></p>\n<p class=\"paragraph text-align-type-left pap-line-1.8 pap-line-rule-auto pap-spacing-before-2pt pap-spacing-after-2pt\">首届EDC于1991年举行，首次由Stephen Hauptfuhr组织。Philip Blaine&mdash;&mdash;Hauptfuhr的合伙人&mdash;&mdash;于1995年与Insomniac Events的CEO Pasqualle Rotella达成协议，获得\"Electric Daisy Carnival\"名称授权。</p>\n<p class=\"paragraph text-align-type-left pap-line-1.8 pap-line-rule-auto pap-spacing-before-2pt pap-spacing-after-2pt\">&nbsp;</p>\n<p class=\"paragraph text-align-type-left pap-line-1.8 pap-line-rule-auto pap-spacing-before-2pt pap-spacing-after-2pt\">1997年，Insomniac在加州洛杉矶神社博览馆首次举办他们的标志性活动&mdash;&mdash;EDC。早些年，南加州的几个场馆主办了这个一年一度的电子音乐节：洛杉矶纪念体育馆和博览会公园、圣贝纳迪诺国家橙色表演活动中心、长滩玛丽女王活动公园、巴斯托多洛雷斯湖水上乐园、湖景露台汉森大坝和图拉雷国际农业中心。</p>\n<p class=\"paragraph text-align-type-left pap-line-1.8 pap-line-rule-auto pap-spacing-before-2pt pap-spacing-after-2pt\">&nbsp;</p>\n<p class=\"paragraph text-align-type-left pap-line-1.8 pap-line-rule-auto pap-spacing-before-2pt pap-spacing-after-2pt\"><span style=\"text-decoration: underline;\">1999</span></p>\n<p class=\"paragraph text-align-type-left pap-line-1.8 pap-line-rule-auto pap-spacing-before-2pt pap-spacing-after-2pt\">EDC在加州纽贝里斯普林斯的多洛雷斯湖水上乐园举行。音乐节首次在多洛雷斯湖水上乐园的一个小场地举行，名为Insomniac。</p>\n<p class=\"paragraph text-align-type-left pap-line-1.8 pap-line-rule-auto pap-spacing-before-2pt pap-spacing-after-2pt\">&nbsp;</p>\n<p class=\"paragraph text-align-type-left pap-line-1.8 pap-line-rule-auto pap-spacing-before-2pt pap-spacing-after-2pt\"><span style=\"text-decoration: underline;\">2000</span></p>\n<p class=\"paragraph text-align-type-left pap-line-1.8 pap-line-rule-auto pap-spacing-before-2pt pap-spacing-after-2pt\">EDC搬到图拉雷，加利福尼亚州的世界农业博览会举办。</p>\n<p class=\"paragraph text-align-type-left pap-line-1.8 pap-line-rule-auto pap-spacing-before-2pt pap-spacing-after-2pt\">&nbsp;</p>\n<p class=\"paragraph text-align-type-left pap-line-1.8 pap-line-rule-auto pap-spacing-before-2pt pap-spacing-after-2pt\"><span style=\"text-decoration: underline;\">2001</span></p>\n<p class=\"paragraph text-align-type-left pap-line-1.8 pap-line-rule-auto pap-spacing-before-2pt pap-spacing-after-2pt\">EDC在南加州汉森大坝举行，首次扩展到多舞台：the Merry Go Round, the Fun House, Clown Alley, the Confusin&rsquo; &amp; Amuzin&rsquo; Mirror Maze, Bassrush Arena和Cosmic Healing Temple。</p>\n<p class=\"paragraph text-align-type-left pap-line-1.8 pap-line-rule-auto pap-spacing-before-2pt pap-spacing-after-2pt\">&nbsp;</p>\n<p class=\"paragraph text-align-type-left pap-line-1.8 pap-line-rule-auto pap-spacing-before-2pt pap-spacing-after-2pt\">同年，又在德克萨斯州奥斯汀市举行了另一场EDC演出。</p>\n<p class=\"paragraph text-align-type-left pap-line-1.8 pap-line-rule-auto pap-spacing-before-2pt pap-spacing-after-2pt\">&nbsp;</p>\n<p class=\"paragraph text-align-type-left pap-line-1.8 pap-line-rule-auto pap-spacing-before-2pt pap-spacing-after-2pt\"><span style=\"text-decoration: underline;\">2002-2006</span></p>\n<p class=\"paragraph text-align-type-left pap-line-1.8 pap-line-rule-auto pap-spacing-before-2pt pap-spacing-after-2pt\">2002年EDC活动在加州长滩玛丽皇后活动公园举行。第二届在德克萨斯州奥斯汀的特拉维斯县博览会中心举行。</p>\n<p class=\"paragraph text-align-type-left pap-line-1.8 pap-line-rule-auto pap-spacing-before-2pt pap-spacing-after-2pt\">&nbsp;</p>\n<p class=\"paragraph text-align-type-left pap-line-1.8 pap-line-rule-auto pap-spacing-before-2pt pap-spacing-after-2pt\">2003年至2006年，EDC在加州圣贝纳迪诺的NOS活动中心举行。</p>\n<p class=\"paragraph text-align-type-left pap-line-1.8 pap-line-rule-auto pap-spacing-before-2pt pap-spacing-after-2pt\">&nbsp;</p>\n<p class=\"paragraph text-align-type-left pap-line-1.8 pap-line-rule-auto pap-spacing-before-2pt pap-spacing-after-2pt\"><span style=\"text-decoration: underline;\">2007</span></p>\n<p class=\"paragraph text-align-type-left pap-line-1.8 pap-line-rule-auto pap-spacing-before-2pt pap-spacing-after-2pt\">EDC在洛杉矶展览公园的洛杉矶体育馆举行。</p>\n<p class=\"paragraph text-align-type-left pap-line-1.8 pap-line-rule-auto pap-spacing-before-2pt pap-spacing-after-2pt\">&nbsp;</p>\n<p class=\"paragraph text-align-type-left pap-line-1.8 pap-line-rule-auto pap-spacing-before-2pt pap-spacing-after-2pt\"><span style=\"text-decoration: underline;\">2008</span></p>\n<p class=\"paragraph text-align-type-left pap-line-1.8 pap-line-rule-auto pap-spacing-before-2pt pap-spacing-after-2pt\">加州活动于6月28日在洛杉矶纪念体育馆和展览公园举行。EDC科罗拉多活动于6月14日在奥罗拉的阿拉帕霍县集市举行。</p>\n<p class=\"paragraph text-align-type-left pap-line-1.8 pap-line-rule-auto pap-spacing-before-2pt pap-spacing-after-2pt\">&nbsp;</p>\n<p class=\"paragraph text-align-type-left pap-line-1.8 pap-line-rule-auto pap-spacing-before-2pt pap-spacing-after-2pt\"><span style=\"text-decoration: underline;\">2009</span></p>\n<p class=\"paragraph text-align-type-left pap-line-1.8 pap-line-rule-auto pap-spacing-before-2pt pap-spacing-after-2pt\">在2008年的夜间音乐节上，EDC透露了在加利福尼亚举办为期两天的音乐节的计划。活动于6月26日至27日举行。周五，约有55，000人出席，周六约有99，000人出席。 EDC 2009 在洛杉矶纪念体育馆举行，并使用了整个展览公园的南半部。</p>\n<p class=\"paragraph text-align-type-left pap-line-1.8 pap-line-rule-auto pap-spacing-before-2pt pap-spacing-after-2pt\">&nbsp;</p>\n<p class=\"paragraph text-align-type-left pap-line-1.8 pap-line-rule-auto pap-spacing-before-2pt pap-spacing-after-2pt\">科罗拉多活动于6月13日在奥罗拉的阿拉帕霍县集市举行。Infected Mushroom，aul Van Dyk等音乐人受到关注。</p>\n<p class=\"paragraph text-align-type-left pap-line-1.8 pap-line-rule-auto pap-spacing-before-2pt pap-spacing-after-2pt\">&nbsp;</p>\n<p class=\"paragraph text-align-type-left pap-line-1.8 pap-line-rule-auto pap-spacing-before-2pt pap-spacing-after-2pt\">波多黎各的EDC于8月14日举行，地点在圣胡安的竞技场集市。</p>\n<p class=\"paragraph text-align-type-left pap-line-1.8 pap-line-rule-auto pap-spacing-before-2pt pap-spacing-after-2pt\">&nbsp;</p>\n<p class=\"paragraph text-align-type-left pap-line-1.8 pap-line-rule-auto pap-spacing-before-2pt pap-spacing-after-2pt\"><span style=\"text-decoration: underline;\">2010</span></p>\n<p class=\"paragraph text-align-type-left pap-line-1.8 pap-line-rule-auto pap-spacing-before-2pt pap-spacing-after-2pt\">洛杉矶EDC有大约185，000人参加。虽然门票标价为60美元，但一些与会者每张门票的起价超过100美元。</p>\n<p class=\"paragraph text-align-type-left pap-line-1.8 pap-line-rule-auto pap-spacing-before-2pt pap-spacing-after-2pt\">&nbsp;</p>\n<p class=\"paragraph text-align-type-left pap-line-1.8 pap-line-rule-auto pap-spacing-before-2pt pap-spacing-after-2pt\">EDC允许16岁以下的人参与后引起了地方当局和宣传者的批评，100多名狂欢者在人群踩踏事件后住院治疗。一名15岁的与会者Sasha Rodriguez在服用一种精神活性药物MDMA后死亡。 洛杉矶市暂停定于2010年尚未举办的活动以及今后的活动，等待新的安全和安保规定的结果。新规定包括雇用现场医生，并说与会者必须年满18岁。</p>\n<p class=\"paragraph text-align-type-left pap-line-1.8 pap-line-rule-auto pap-spacing-before-2pt pap-spacing-after-2pt\">&nbsp;</p>\n<p class=\"paragraph text-align-type-left pap-line-1.8 pap-line-rule-auto pap-spacing-before-2pt pap-spacing-after-2pt\">6月12日，EDC科罗拉多活动在奥罗拉的阿拉帕霍县集市举行。</p>\n<p class=\"paragraph text-align-type-left pap-line-1.8 pap-line-rule-auto pap-spacing-before-2pt pap-spacing-after-2pt\">&nbsp;</p>\n<p class=\"paragraph text-align-type-left pap-line-1.8 pap-line-rule-auto pap-spacing-before-2pt pap-spacing-after-2pt\">EDC达拉斯活动于6月19日在达拉斯的费尔公园举行。有11，000人出席。</p>\n<p class=\"paragraph text-align-type-left pap-line-1.8 pap-line-rule-auto pap-spacing-before-2pt pap-spacing-after-2pt\">&nbsp;</p>\n<p class=\"paragraph text-align-type-left pap-line-1.8 pap-line-rule-auto pap-spacing-before-2pt pap-spacing-after-2pt\">EDC波多黎各于2010年8月28日在圣胡安的普埃尔塔德蒂拉的埃斯塔迪奥西斯托埃斯科瓦尔举行。</p>\n<p class=\"paragraph text-align-type-left pap-line-1.8 pap-line-rule-auto pap-spacing-before-2pt pap-spacing-after-2pt\">&nbsp;</p>\n<p class=\"paragraph text-align-type-left pap-line-1.8 pap-line-rule-auto pap-spacing-before-2pt pap-spacing-after-2pt\"><span style=\"text-decoration: underline;\">2011</span></p>\n<p class=\"paragraph text-align-type-left pap-line-1.8 pap-line-rule-auto pap-spacing-before-2pt pap-spacing-after-2pt\">由于此前EDC在洛杉矶的事故存在争议，EDC将其顶级音乐节迁至内华达州拉斯维加斯。 活动于 6 月 24 日至 26 日在拉斯维加斯高速公路举行。据报道，有23万人参加了为期3天的节日。</p>\n<p class=\"paragraph text-align-type-left pap-line-1.8 pap-line-rule-auto pap-spacing-before-2pt pap-spacing-after-2pt\">&nbsp;</p>\n<p class=\"paragraph text-align-type-left pap-line-1.8 pap-line-rule-auto pap-spacing-before-2pt pap-spacing-after-2pt\">EDC奥兰多2011年5月27日至28日在丁克球场举行，场地毗邻佛罗里达柑橘碗，周五大约有12，000观众，周六有20，000。</p>\n<p class=\"paragraph text-align-type-left pap-line-1.8 pap-line-rule-auto pap-spacing-before-2pt pap-spacing-after-2pt\">&nbsp;</p>\n<p class=\"paragraph text-align-type-left pap-line-1.8 pap-line-rule-auto pap-spacing-before-2pt pap-spacing-after-2pt\">同年6月11日，科罗拉多EDC在奥罗拉的阿拉帕霍县集市举行。</p>\n<p class=\"paragraph text-align-type-left pap-line-1.8 pap-line-rule-auto pap-spacing-before-2pt pap-spacing-after-2pt\">&nbsp;</p>\n<p class=\"paragraph text-align-type-left pap-line-1.8 pap-line-rule-auto pap-spacing-before-2pt pap-spacing-after-2pt\">6月18日，达拉斯的EDC在费尔公园举行，估计有25，000人参加。温度超过110度导致数十人住院，至少一人死亡，这使得它成为最后一次在达拉斯举行的EDC。</p>\n<p class=\"paragraph text-align-type-left pap-line-1.8 pap-line-rule-auto pap-spacing-before-2pt pap-spacing-after-2pt\">&nbsp;</p>\n<p class=\"paragraph text-align-type-left pap-line-1.8 pap-line-rule-auto pap-spacing-before-2pt pap-spacing-after-2pt\"><span style=\"text-decoration: underline;\">2012</span></p>\n<p class=\"paragraph text-align-type-left pap-line-1.8 pap-line-rule-auto pap-spacing-before-2pt pap-spacing-after-2pt\">2012 年，在拉斯维加斯举行的为期三天的 EDC（6 月 8 日至 10 日）的参与人数增加了 30%，达到 32 万人。6月11日，一名来自佛罗里达州的31岁男子在拉斯维加斯高速公路离开EDC时被一辆卡车撞死，其朋友称说他一直在喝酒抽烟。</p>\n<p class=\"paragraph text-align-type-left pap-line-1.8 pap-line-rule-auto pap-spacing-before-2pt pap-spacing-after-2pt\">&nbsp;</p>\n<p class=\"paragraph text-align-type-left pap-line-1.8 pap-line-rule-auto pap-spacing-before-2pt pap-spacing-after-2pt\">第二个晚上由于始于晚上8点左右高达30英里每小时的大风，音乐节不得不在凌晨1点结束。90，000名粉丝被引导到高速公路的露天座位。DJs Markus Schulz和Steve AokiDJ都预计当晚演出，在Insomniac Wide Awake即兴设置的艺术车进行表演，这是一个更小的可移动舞台。官方下令，由于五点前潜在的大风预警，关停音乐节。在这段时间内，DJ们在这个小舞台上演出。为了弥补取消演出给观众的损失，Insomniac允许那些有星期六通行证的人在周日返回。</p>\n<p class=\"paragraph text-align-type-left pap-line-1.8 pap-line-rule-auto pap-spacing-before-2pt pap-spacing-after-2pt\">&nbsp;</p>\n<p class=\"paragraph text-align-type-left pap-line-1.8 pap-line-rule-auto pap-spacing-before-2pt pap-spacing-after-2pt\">EDC奥兰多于11月9日至10日在丁克球场举行。这与一年一度在佛罗里达州劳德代尔堡举行的感恩节周末Daylow活动同时。</p>\n<p class=\"paragraph text-align-type-left pap-line-1.8 pap-line-rule-auto pap-spacing-before-2pt pap-spacing-after-2pt\">&nbsp;</p>\n<p class=\"paragraph text-align-type-left pap-line-1.8 pap-line-rule-auto pap-spacing-before-2pt pap-spacing-after-2pt\">EDC纽约分会于5月18日至20日在新泽西州东卢瑟福的梅多兰兹体育中心大都会人寿体育场举行。 虽然会场位于新泽西州，但由于靠近纽约市，该节日被称为纽约EDC。 活动每天吸引45，000人参加。</p>\n<p class=\"paragraph text-align-type-left pap-line-1.8 pap-line-rule-auto pap-spacing-before-2pt pap-spacing-after-2pt\">&nbsp;</p>\n<p class=\"paragraph text-align-type-left pap-line-1.8 pap-line-rule-auto pap-spacing-before-2pt pap-spacing-after-2pt\"><span style=\"text-decoration: underline;\">2013</span></p>\n<p class=\"paragraph text-align-type-left pap-line-1.8 pap-line-rule-auto pap-spacing-before-2pt pap-spacing-after-2pt\">EDC拉斯维加斯酒店于6月21日至23日举行。</p>\n<p class=\"paragraph text-align-type-left pap-line-1.8 pap-line-rule-auto pap-spacing-before-2pt pap-spacing-after-2pt\">&nbsp;</p>\n<p class=\"paragraph text-align-type-left pap-line-1.8 pap-line-rule-auto pap-spacing-before-2pt pap-spacing-after-2pt\">2013年，EDC首次在伦敦举行，同时在芝加哥、纽约、圣胡安、波多黎各和佛罗里达州奥兰多举办了活动。</p>\n<p class=\"paragraph text-align-type-left pap-line-1.8 pap-line-rule-auto pap-spacing-before-2pt pap-spacing-after-2pt\">&nbsp;</p>\n<p class=\"paragraph text-align-type-left pap-line-1.8 pap-line-rule-auto pap-spacing-before-2pt pap-spacing-after-2pt\"><span style=\"text-decoration: underline;\">2014</span></p>\n<p class=\"paragraph text-align-type-left pap-line-1.8 pap-line-rule-auto pap-spacing-before-2pt pap-spacing-after-2pt\">2014年6月20日至22日，EDC在拉斯维加斯高速公路举行。&nbsp;Insomniac Events宣布，截至2014年6月18日，为期三天的音乐节门票已全部售出。 在2014年活动结束时，为期三天的盛大节日每天吸引约134，000人参加。</p>\n<p class=\"paragraph text-align-type-left pap-line-1.8 pap-line-rule-auto pap-spacing-before-2pt pap-spacing-after-2pt\">&nbsp;</p>\n<p class=\"paragraph text-align-type-left pap-line-1.8 pap-line-rule-auto pap-spacing-before-2pt pap-spacing-after-2pt\">此次活动的设置也使Insomniac创造了北美最大的结构阶段的纪录。</p>\n<p class=\"paragraph text-align-type-left pap-line-1.8 pap-line-rule-auto pap-spacing-before-2pt pap-spacing-after-2pt\">&nbsp;</p>\n<p class=\"paragraph text-align-type-left pap-line-1.8 pap-line-rule-auto pap-spacing-before-2pt pap-spacing-after-2pt\">EDC活动还在米尔顿凯恩斯，英格兰，圣胡安，奥兰多，佛罗里达州和纽约举行。</p>\n<p class=\"paragraph text-align-type-left pap-line-1.8 pap-line-rule-auto pap-spacing-before-2pt pap-spacing-after-2pt\">&nbsp;</p>\n<p class=\"paragraph text-align-type-left pap-line-1.8 pap-line-rule-auto pap-spacing-before-2pt pap-spacing-after-2pt\">首届EDC墨西哥于2014年3月15日至16日举行。</p>\n<p class=\"paragraph text-align-type-left pap-line-1.8 pap-line-rule-auto pap-spacing-before-2pt pap-spacing-after-2pt\">&nbsp;</p>\n<p class=\"paragraph text-align-type-left pap-line-1.8 pap-line-rule-auto pap-spacing-before-2pt pap-spacing-after-2pt\">一部名为Under the Electric Sky 的纪录片在2014年圣丹斯电影节上首映。</p>\n<p class=\"paragraph text-align-type-left pap-line-1.8 pap-line-rule-auto pap-spacing-before-2pt pap-spacing-after-2pt\">&nbsp;</p>\n<p class=\"paragraph text-align-type-left pap-line-1.8 pap-line-rule-auto pap-spacing-before-2pt pap-spacing-after-2pt\"><span style=\"text-decoration: underline;\">2015</span></p>\n<p class=\"paragraph text-align-type-left pap-line-1.8 pap-line-rule-auto pap-spacing-before-2pt pap-spacing-after-2pt\">EDC拉斯维加斯2015年于6月19日，20日至21日在内华达州拉斯维加斯的拉斯维加斯赛车场举行。 EDC拉斯维加斯2015年遇到了负面事件，一名加州大学欧文分校毕业生在节日的第二个晚上死亡。死亡被裁定为与MDMA有关，MDMA有脱水和体温升高的副作用。</p>\n<p class=\"paragraph text-align-type-left pap-line-1.8 pap-line-rule-auto pap-spacing-before-2pt pap-spacing-after-2pt\">&nbsp;</p>\n<p class=\"paragraph text-align-type-left pap-line-1.8 pap-line-rule-auto pap-spacing-before-2pt pap-spacing-after-2pt\">EDC还于11月6日至7日在佛罗里达州奥兰多的丁克球场举行，5月23日至24日在新泽西州东卢瑟福大都会人寿体育场举行。 国际上，EDC于2月21日至22日在波多黎各圣胡安的埃斯塔迪奥&middot;西斯托&middot;埃斯科瓦尔举行第六次， 12月4日和5日，在巴西圣保罗的奥特德罗莫&middot;何塞&middot;卡洛斯&middot;佩斯第二次，墨西哥墨西哥城的Aut&oacute;dromo Hermanos Rodr&iacute;guez于2月28日&mdash;3月1日举行第二次，7月17日在英国米尔顿凯恩斯举行第三次。</p>\n<p class=\"paragraph text-align-type-left pap-line-1.8 pap-line-rule-auto pap-spacing-before-2pt pap-spacing-after-2pt\">&nbsp;</p>\n<p class=\"paragraph text-align-type-left pap-line-1.8 pap-line-rule-auto pap-spacing-before-2pt pap-spacing-after-2pt\"><span style=\"text-decoration: underline;\">2016</span></p>\n<p class=\"paragraph text-align-type-left pap-line-1.8 pap-line-rule-auto pap-spacing-before-2pt pap-spacing-after-2pt\">EDC拉斯维加斯于2016年6月17日至19日在拉斯维加斯高速公路举行。活动DJMarshmello 脱下头盔的花招，扮成荷兰DJ Ti&euml;sto。</p>\n<p class=\"paragraph text-align-type-left pap-line-1.8 pap-line-rule-auto pap-spacing-before-2pt pap-spacing-after-2pt\">&nbsp;</p>\n<p class=\"paragraph text-align-type-left pap-line-1.8 pap-line-rule-auto pap-spacing-before-2pt pap-spacing-after-2pt\">2016年2月27日至28日，墨西哥EDC第三次在墨西哥城 Aut&oacute;dromo Hermanos Rodr&iacute;guez举行。</p>\n<p class=\"paragraph text-align-type-left pap-line-1.8 pap-line-rule-auto pap-spacing-before-2pt pap-spacing-after-2pt\">&nbsp;</p>\n<p class=\"paragraph text-align-type-left pap-line-1.8 pap-line-rule-auto pap-spacing-before-2pt pap-spacing-after-2pt\">EDC纽约于2016年5月14日至15日在纽约皇后区的花旗球场举行。</p>\n<p class=\"paragraph text-align-type-left pap-line-1.8 pap-line-rule-auto pap-spacing-before-2pt pap-spacing-after-2pt\">&nbsp;</p>\n<p class=\"paragraph text-align-type-left pap-line-1.8 pap-line-rule-auto pap-spacing-before-2pt pap-spacing-after-2pt\">EDC英国于2016年7月9日在英国米尔顿凯恩斯举行。</p>\n<p class=\"paragraph text-align-type-left pap-line-1.8 pap-line-rule-auto pap-spacing-before-2pt pap-spacing-after-2pt\">&nbsp;</p>\n<p class=\"paragraph text-align-type-left pap-line-1.8 pap-line-rule-auto pap-spacing-before-2pt pap-spacing-after-2pt\">EDC奥兰多于2016年11月4日至5日在佛罗里达州奥兰多的丁克球场举行。</p>\n<p class=\"paragraph text-align-type-left pap-line-1.8 pap-line-rule-auto pap-spacing-before-2pt pap-spacing-after-2pt\">&nbsp;</p>\n<p class=\"paragraph text-align-type-left pap-line-1.8 pap-line-rule-auto pap-spacing-before-2pt pap-spacing-after-2pt\">EDC印度站于2016年11月12日至13日在印度新德里的布德国际赛车场举行。</p>\n<p class=\"paragraph text-align-type-left pap-line-1.8 pap-line-rule-auto pap-spacing-before-2pt pap-spacing-after-2pt\">&nbsp;</p>\n<p class=\"paragraph text-align-type-left pap-line-1.8 pap-line-rule-auto pap-spacing-before-2pt pap-spacing-after-2pt\"><span style=\"text-decoration: underline;\">2017</span></p>\n<p class=\"paragraph text-align-type-left pap-line-1.8 pap-line-rule-auto pap-spacing-before-2pt pap-spacing-after-2pt\">EDC从6月返回拉斯维加斯高速公路，开幕当晚有超过135，000人参加。 [42]与热有关的健康事件显著增加，与医疗相关的电话同比增加一倍。一名34岁男子服用MDMA和TFMPP后死亡，这种药物与MDMA相似，热暴露是一个促成因素。&nbsp;</p>\n<p class=\"paragraph text-align-type-left pap-line-1.8 pap-line-rule-auto pap-spacing-before-2pt pap-spacing-after-2pt\">&nbsp;</p>\n<p class=\"paragraph text-align-type-left pap-line-1.8 pap-line-rule-auto pap-spacing-before-2pt pap-spacing-after-2pt\">2月25日至26日，EDC第四次在墨西哥城的奥特德罗莫&middot;赫尔马诺斯&middot;罗德里格斯举行。</p>\n<p class=\"paragraph text-align-type-left pap-line-1.8 pap-line-rule-auto pap-spacing-before-2pt pap-spacing-after-2pt\">&nbsp;</p>\n<p class=\"paragraph text-align-type-left pap-line-1.8 pap-line-rule-auto pap-spacing-before-2pt pap-spacing-after-2pt\">原定于2017年7月在英国米尔顿凯恩斯举行的EDC英国被取消。</p>\n<p class=\"paragraph text-align-type-left pap-line-1.8 pap-line-rule-auto pap-spacing-before-2pt pap-spacing-after-2pt\">&nbsp;</p>\n<p class=\"paragraph text-align-type-left pap-line-1.8 pap-line-rule-auto pap-spacing-before-2pt pap-spacing-after-2pt\">EDC奥兰多2017年于2017年11月10日至11日在丁克球场举行。</p>\n<p class=\"paragraph text-align-type-left pap-line-1.8 pap-line-rule-auto pap-spacing-before-2pt pap-spacing-after-2pt\">&nbsp;</p>\n<p class=\"paragraph text-align-type-left pap-line-1.8 pap-line-rule-auto pap-spacing-before-2pt pap-spacing-after-2pt\"><span style=\"text-decoration: underline;\">2018</span></p>\n<p class=\"paragraph text-align-type-left pap-line-1.8 pap-line-rule-auto pap-spacing-before-2pt pap-spacing-after-2pt\">EDC奥兰多于2018年11月9日至10日在丁克球场举行。</p>\n<p class=\"paragraph text-align-type-left pap-line-1.8 pap-line-rule-auto pap-spacing-before-2pt pap-spacing-after-2pt\">&nbsp;</p>\n<p class=\"paragraph text-align-type-left pap-line-1.8 pap-line-rule-auto pap-spacing-before-2pt pap-spacing-after-2pt\">EDC拉斯维加斯于5月18日至20日在拉斯维加斯高速公路举行（传统为6月），以便在相对凉爽的条件下举行。期间还推出了现场露营（包括可租露营者和房车停车场）和提前开放时间，以减少交通拥堵。 三天来，估计有411，400人参加音乐节。</p>\n<p class=\"paragraph text-align-type-left pap-line-1.8 pap-line-rule-auto pap-spacing-before-2pt pap-spacing-after-2pt\">&nbsp;</p>\n<p class=\"paragraph text-align-type-left pap-line-1.8 pap-line-rule-auto pap-spacing-before-2pt pap-spacing-after-2pt\">EDC墨西哥计划于2月24-25日在墨西哥城的Autodromo Hermanos Rodriguez举行。</p>\n<p class=\"paragraph text-align-type-left pap-line-1.8 pap-line-rule-auto pap-spacing-before-2pt pap-spacing-after-2pt\">&nbsp;</p>\n<p class=\"paragraph text-align-type-left pap-line-1.8 pap-line-rule-auto pap-spacing-before-2pt pap-spacing-after-2pt\">EDC日本举行于5月12日至13日在东京千叶海滨公园佐佐海洋体育场。大雨造成设备问题。</p>\n<p class=\"paragraph text-align-type-left pap-line-1.8 pap-line-rule-auto pap-spacing-before-2pt pap-spacing-after-2pt\">&nbsp;</p>\n<p class=\"paragraph text-align-type-left pap-line-1.8 pap-line-rule-auto pap-spacing-before-2pt pap-spacing-after-2pt\">EDC中国上海，4月29日至30日，在上海国际音乐园首演。</p>\n<p class=\"paragraph text-align-type-left pap-line-1.8 pap-line-rule-auto pap-spacing-before-2pt pap-spacing-after-2pt\">&nbsp;</p>\n<p class=\"paragraph text-align-type-left pap-line-1.8 pap-line-rule-auto pap-spacing-before-2pt pap-spacing-after-2pt\"><span style=\"text-decoration: underline;\">2019</span></p>\n<p class=\"paragraph text-align-type-left pap-line-1.8 pap-line-rule-auto pap-spacing-before-2pt pap-spacing-after-2pt\">2019年5月17-19日，EDC拉斯维加斯返回拉斯维加斯高速公路。第二天，大风迫使舞台关闭。由于屏幕上显示的消息的措辞，以及播放的音频消息指示他们\"躲在车内\"，导致一些参与者相信，音乐节会整夜关闭，随后离开了高速公路。在出口处得知只有某些区域因安全防范措施而关闭后，一些人试图重新进入场地，但由于音乐节严格的禁止再入政策，不允许他们返回。 拉斯维加斯警方在音乐节期间宣布了65人被捕，包括2名DUI和51名重罪或严重轻罪。</p>\n<p class=\"paragraph text-align-type-left pap-line-1.8 pap-line-rule-auto pap-spacing-before-2pt pap-spacing-after-2pt\">&nbsp;</p>\n<p class=\"paragraph text-align-type-left pap-line-1.8 pap-line-rule-auto pap-spacing-before-2pt pap-spacing-after-2pt\">2019年2月23-24日，EDC墨西哥返回墨西哥城的Autodromo Hermanos Rodriguez。</p>\n<p class=\"paragraph text-align-type-left pap-line-1.8 pap-line-rule-auto pap-spacing-before-2pt pap-spacing-after-2pt\">&nbsp;</p>\n<p class=\"paragraph text-align-type-left pap-line-1.8 pap-line-rule-auto pap-spacing-before-2pt pap-spacing-after-2pt\">EDC奥兰多现在举行3天，而不是通常的2天。它将留在丁克球场，露营世界体育场外。</p>\n<p class=\"paragraph text-align-type-left pap-line-1.8 pap-line-rule-auto pap-spacing-before-2pt pap-spacing-after-2pt\">&nbsp;</p>\n<p class=\"paragraph text-align-type-left pap-line-1.8 pap-line-rule-auto pap-spacing-before-2pt pap-spacing-after-2pt\">EDC日本于2019年5月11日至12日在东京佐佐海洋体育场和马库哈里海滩公园举行。</p>\n<p class=\"paragraph text-align-type-left pap-line-1.8 pap-line-rule-auto pap-spacing-before-2pt pap-spacing-after-2pt\">&nbsp;</p>\n<p class=\"paragraph text-align-type-left pap-line-1.8 pap-line-rule-auto pap-spacing-before-2pt pap-spacing-after-2pt\">EDC韩国于8月31日至9月1日在韩国格瓦琼的首尔土地举行。</p>\n<p class=\"paragraph text-align-type-left pap-line-1.8 pap-line-rule-auto pap-spacing-before-2pt pap-spacing-after-2pt\">&nbsp;</p>\n<p class=\"paragraph text-align-type-left pap-line-1.8 pap-line-rule-auto pap-spacing-before-2pt pap-spacing-after-2pt\"><span style=\"text-decoration: underline;\">2020</span></p>\n<p class=\"paragraph text-align-type-left pap-line-1.8 pap-line-rule-auto pap-spacing-before-2pt pap-spacing-after-2pt\">EDC墨西哥于2020年2月28日至3月2日在墨西哥城的奥特德罗莫&middot;赫尔马诺斯&middot;罗德里格斯举行。</p>\n<p class=\"paragraph text-align-type-left pap-line-1.8 pap-line-rule-auto pap-spacing-before-2pt pap-spacing-after-2pt\">&nbsp;</p>\n<p class=\"paragraph text-align-type-left pap-line-1.8 pap-line-rule-auto pap-spacing-before-2pt pap-spacing-after-2pt\">据宣布，2020年音乐节将利用更多的拉斯维加斯高速公路场地，罗泰拉指出，高速公路已经移除大量的房车的水电连通，使该地区的某些地区无法使用。 音乐节原定于5月15日至17日举行，但改在10月2日至4日举行。然而，在2020年7月，由于COVID-19，音乐节被迫取消。 在原定的日期期间，在Twitch和YouTube上直播了一个虚拟音乐节。</p>\n<p class=\"paragraph text-align-type-left pap-line-1.8 pap-line-rule-auto pap-spacing-before-2pt pap-spacing-after-2pt\">&nbsp;</p>\n<p class=\"paragraph text-align-type-left pap-line-1.8 pap-line-rule-auto pap-spacing-before-2pt pap-spacing-after-2pt\"><span style=\"text-decoration: underline;\">2021</span></p>\n<p class=\"paragraph text-align-type-left pap-line-1.8 pap-line-rule-auto pap-spacing-before-2pt pap-spacing-after-2pt\">EDC拉斯维加斯定于10月22日至24日举行。 虽然活动原定于5月21日至23日举行，但克拉克县于4月20日通过了一项重新开放计划，要求60%的居民接种疫苗，然后才能取消对EDC等大型集会的限制。Insomniac Events的CEO Pasquale Rotella 在社交媒体上发表声明说：\"不幸的是，人们接种疫苗的速度在EDC之前已经失控。它可能是及时的，也可能并不是。无论是哪个，我们不能冒这个险。&rdquo;</p>\n<p class=\"paragraph text-align-type-left pap-line-1.8 pap-line-rule-auto pap-spacing-before-2pt pap-spacing-after-2pt\">&nbsp;</p>\n<p class=\"paragraph text-align-type-left pap-line-1.8 pap-line-rule-auto pap-spacing-before-2pt pap-spacing-after-2pt\"><strong>慈善</strong></p>\n<p class=\"paragraph text-align-type-left pap-line-1.8 pap-line-rule-auto pap-spacing-before-2pt pap-spacing-after-2pt\">对于每举办一次旗舰节日，Insomniac Care都会向国家慈善机构和社区组织捐赠一定比例的门票销售。过去，EDC Las Vegas 曾与超现实（一个筹款平台）合作，从参加直升机旅行和其他与流行 DJ 一起参加抽奖活动的节日游客那里筹集资金。部分组织如下：</p>\n<p class=\"paragraph text-align-type-left pap-line-1.8 pap-line-rule-auto pap-spacing-before-2pt pap-spacing-after-2pt\">Rock the Vote</p>\n<p class=\"paragraph text-align-type-left pap-line-1.8 pap-line-rule-auto pap-spacing-before-2pt pap-spacing-after-2pt\">Families for Effective Autism Treatment</p>\n<p class=\"paragraph text-align-type-left pap-line-1.8 pap-line-rule-auto pap-spacing-before-2pt pap-spacing-after-2pt\">Injured Police Officers Fund</p>\n<p class=\"paragraph text-align-type-left pap-line-1.8 pap-line-rule-auto pap-spacing-before-2pt pap-spacing-after-2pt\">Boys and Girls Club of Southern Nevada</p>\n<p class=\"paragraph text-align-type-left pap-line-1.8 pap-line-rule-auto pap-spacing-before-2pt pap-spacing-after-2pt\">Nevada Childhood Cancer Foundation</p>\n<p class=\"paragraph text-align-type-left pap-line-1.8 pap-line-rule-auto pap-spacing-before-2pt pap-spacing-after-2pt\">The Las Vegas Academy for Arts</p>\n</div>",
 "contentEn": "<p><strong>Electric Daisy Carnival</strong>, commonly known as&nbsp;<strong>EDC</strong>, is the largest&nbsp;electronic dance music&nbsp;festival in North America.<sup id=\"cite_ref-1\" class=\"reference\">[1]</sup>&nbsp;The annual flagship event is now held in May, at the&nbsp;Las Vegas Motor Speedway&nbsp;and Orlando.</p>\n<p>&nbsp;</p>\n<p>The event primarily features electronic dance producers and DJs, such as&nbsp;Armin van Buuren,&nbsp;Calvin Harris,&nbsp;Diplo,&nbsp;Alesso,&nbsp;Dillon Francis,&nbsp;Martin Garrix,&nbsp;Zedd,&nbsp;Afrojack,&nbsp;Seven Lions,&nbsp;NGHTMRE,&nbsp;Yellow Claw, and&nbsp;Ti&euml;sto. The festival incorporates a variety of electronic music, including&nbsp;house,&nbsp;techno,&nbsp;drum and bass, and&nbsp;dubstep.<sup id=\"cite_ref-2\" class=\"reference\">[2]</sup>&nbsp;Sponsors of the most recent EDC events include&nbsp;Corona,&nbsp;Smirnoff,&nbsp;Uber&nbsp;and&nbsp;Tinder.<sup id=\"cite_ref-3\" class=\"reference\">[3]</sup></p>\n<p>&nbsp;</p>\n<p>EDC was created with the purpose of utilizing music and art to inspire individuals. In addition to the music, individuals experience three-dimensional superstructures, colorful glow-in-the-dark environments, and LED-infused flora and fauna.<sup id=\"cite_ref-:0_4-0\" class=\"reference\">[4]</sup>&nbsp;Part of the experience are the interactive art installations scattered throughout EDC, the various carnival performers that walk around the crowds, and a variety of both thrilling and relaxing carnival rides.<sup id=\"cite_ref-:0_4-1\" class=\"reference\">[4]</sup>&nbsp;The goal is ultimately for EDC to be a place where people can connect, on and off the dance floor.<sup id=\"cite_ref-:0_4-2\" class=\"reference\">[4]</sup></p>\n<p>&nbsp;</p>\n<p>Since its inception, other EDC events have been held in other states and abroad, including&nbsp;Mexico,&nbsp;Puerto Rico, the&nbsp;UK,&nbsp;Brazil,&nbsp;Japan&nbsp;and&nbsp;India. Currently, EDC is held annually in Orlando, China, and Mexico, along with the main Las Vegas event.<sup id=\"cite_ref-5\" class=\"reference\">[5]</sup></p>\n<p>&nbsp;</p>\n<p>In 2009, EDC became a two-day event, and in 2011, a three-day event that drew 230,000 people. In 2015, it drew more than 400,000 over three days (134,000 per day).<sup id=\"cite_ref-6\" class=\"reference\">[6]</sup><sup id=\"cite_ref-7\" class=\"reference\">[7]</sup><sup id=\"cite_ref-8\" class=\"reference\">[8]</sup>&nbsp;In 2018, EDC Las Vegas expanded the festival to include an on-site camping experience. Recent iterations of the festival have featured eight stages, each with a unique set and specific genre of EDM.<sup id=\"cite_ref-9\" class=\"reference\">[9]</sup>&nbsp;18 carnival rides, four ferris wheels, and a staff of more than 5,000 people make up the event at the Las Vegas Motor Speedway.<sup id=\"cite_ref-10\" class=\"reference\">[10]</sup>&nbsp;In 2019 access to purchasing tickets to EDC was expanded to mobile phone apps for convenience.</p>\n<p>&nbsp;</p>\n<p>In 2017, EDC won the Festival of the Year award at the&nbsp;Electronic Music Awards.</p>\n<p>&nbsp;</p>\n<h2><span id=\"History\" class=\"mw-headline\">History</span></h2>\n<p>The first Electric Daisy Carnival was held in 1991, and was first organized by Stephen Hauptfuhr. Philip Blaine&mdash;Pasquale's partner&mdash;made the deal to grant use of the name Electric Daisy Carnival in 1995 to Pasqualle Rotella CEO of Insomniac Events.</p>\n<p>&nbsp;</p>\n<p>Insomniac debuted their signature event, Electric Daisy Carnival, in 1997 at the Shrine Expo Hall in Los Angeles, California.<sup id=\"cite_ref-11\" class=\"reference\">[11]</sup>&nbsp;In the early years, several southern California venues played host to the annual electronic music festival:&nbsp;Los Angeles Memorial Coliseum&nbsp;and&nbsp;Exposition Park&nbsp;in&nbsp;Los Angeles,&nbsp;National Orange Show Events Center&nbsp;in&nbsp;San Bernardino, Queen Mary Events Park in&nbsp;Long Beach,&nbsp;Lake Dolores Waterpark&nbsp;in&nbsp;Barstow,&nbsp;Hansen Dam&nbsp;in&nbsp;Lake View Terrace, and the&nbsp;International Agri-Center&nbsp;in&nbsp;Tulare.</p>\n<p>&nbsp;</p>\n<h3><span id=\"1999\" class=\"mw-headline\">1999</span></h3>\n<p>Electric Daisy Carnival took place at&nbsp;Lake Dolores Waterpark&nbsp;in&nbsp;Newberry Springs, California. The festival first took place at a small venue at Lake Dolores Waterpark, called Insomniac.</p>\n<h3>&nbsp;</h3>\n<h3><span id=\"2000\" class=\"mw-headline\">2000</span></h3>\n<p>The Electric Daisy Carnival moves to&nbsp;Tulare, California, at the&nbsp;World Ag Expo.</p>\n<h3>&nbsp;</h3>\n<h3><span id=\"2001\" class=\"mw-headline\">2001</span></h3>\n<p>Electric Daisy Carnival was held at&nbsp;Hansen Dam&nbsp;in&nbsp;Southern California, expanding for the first time to multiple stages: the Merry Go Round, the Fun House, Clown Alley, the Confusin&rsquo; &amp; Amuzin&rsquo; Mirror Maze, Bassrush Arena and Cosmic Healing Temple.</p>\n<p>&nbsp;</p>\n<p>In the same year, another EDC was held in&nbsp;Austin, Texas.</p>\n<h3>&nbsp;</h3>\n<h3><span id=\"2002_.E2.80.93_2006\"></span><span id=\"2002_&ndash;_2006\" class=\"mw-headline\">2002 &ndash; 2006</span></h3>\n<p>EDC 2002 was held at Queen Mary Events Park in&nbsp;Long Beach, California. A second edition was held at the&nbsp;Travis County Exposition Center&nbsp;in Austin, Texas.</p>\n<p>&nbsp;</p>\n<p>From 2003 to 2006, Electric Daisy Carnival was held at the&nbsp;NOS Events Center&nbsp;in&nbsp;San Bernardino, California.</p>\n<h3>&nbsp;</h3>\n<h3><span id=\"2007\" class=\"mw-headline\">2007</span></h3>\n<p>Electric Daisy Carnival was held at the&nbsp;L.A. Coliseum&nbsp;in&nbsp;Los Angeles&rsquo;&nbsp;Exposition Park.<sup id=\"cite_ref-12\" class=\"reference\">[12]</sup></p>\n<h3>&nbsp;</h3>\n<h3><span id=\"2008\" class=\"mw-headline\">2008</span></h3>\n<p>The California event was held June 28 at the&nbsp;Los Angeles Memorial Coliseum&nbsp;and Exposition Park. The EDC Colorado event took place on June 14 at the&nbsp;Arapahoe County&nbsp;Fairgrounds in&nbsp;Aurora.<sup id=\"cite_ref-13\" class=\"reference\">[13]</sup></p>\n<h3>&nbsp;</h3>\n<h3><span id=\"2009\" class=\"mw-headline\">2009</span></h3>\n<p>At the&nbsp;Nocturnal Festival&nbsp;in 2008, EDC revealed its plan to host a two-day festival in California. The event was held on June 26&ndash;27. On Friday, approximately 55,000 attendees were present and Saturday saw a crowd of approximately 99,000.<sup id=\"cite_ref-14\" class=\"reference\">[14]</sup>&nbsp;EDC 2009 was held at the Los Angeles Memorial Coliseum and used the entire southern half of Exposition Park.</p>\n<p>&nbsp;</p>\n<p>The Colorado event was held at the Arapahoe County Fairgrounds in Aurora on June 13. It was headlined by&nbsp;Infected Mushroom,&nbsp;Paul Van Dyk, and several others.</p>\n<p>&nbsp;</p>\n<p>EDC Puerto Rico was held on August 14. The venue was The Arena Fairgrounds in&nbsp;San Juan.</p>\n<h3>&nbsp;</h3>\n<h3><span id=\"2010\" class=\"mw-headline\">2010</span></h3>\n<p>EDC Los Angeles had an attendance of about 185,000 people. Though tickets were starting at $60, some attendees paid over $100 per ticket.<sup id=\"cite_ref-latimesblogs.latimes.com_15-0\" class=\"reference\">[15]</sup></p>\n<p>&nbsp;</p>\n<p>It drew criticism from local authorities and promoters after people under the required age of 16 gained entrance, and more than 100 ravers were hospitalized after a crowd stampede. A 15-year-old attendee, Sasha Rodriguez, died after taking&nbsp;MDMA, a psychoactive drug.<sup id=\"cite_ref-16\" class=\"reference\">[16]</sup>&nbsp;The city of Los Angeles placed a suspension on all remaining events scheduled for 2010 and for future events, pending the outcome of the new security and safety provisions. The new provisions included the hiring of on-site doctors, and stated attendees must be over 18 years of age.</p>\n<p>&nbsp;</p>\n<p>An EDC Colorado event was held on June 12 at the Arapahoe County Fairground in&nbsp;Aurora.</p>\n<p>&nbsp;</p>\n<p>EDC Dallas was held on June 19 at&nbsp;Fair Park&nbsp;in Dallas. 11,000 people were in attendance.</p>\n<p>&nbsp;</p>\n<p>EDC Puerto Rico was held on August 28, 2010, at the&nbsp;Estadio Sixto Escobar&nbsp;at&nbsp;Puerta de Tierra,&nbsp;San Juan.</p>\n<p>&nbsp;</p>\n<h3><span id=\"2011\" class=\"mw-headline\">2011</span></h3>\n<div class=\"thumb tright\">\n<div class=\"thumbinner\">\n<div class=\"thumbcaption\">Due to previous controversy of EDC's former residence in Los Angeles, EDC moved its flagship festival to&nbsp;Las Vegas, Nevada.<sup id=\"cite_ref-17\" class=\"reference\">[17]</sup>&nbsp;The event was held at the&nbsp;Las Vegas Motor Speedway&nbsp;from June 24&ndash;26. Reportedly 230,000 people had attended the 3 day festival.</div>\n<div class=\"thumbcaption\">&nbsp;</div>\n</div>\n</div>\n<p>EDC Orlando 2011 was held on May 27&ndash;28 at&nbsp;Tinker Field, and the grounds adjacent to the Florida&nbsp;Citrus Bowl.<sup id=\"cite_ref-18\" class=\"reference\">[18]</sup>&nbsp;EDC Orlando 2011 had approximately 12,000 on Friday and 20,000 on Saturday.<sup id=\"cite_ref-19\" class=\"reference\">[19]</sup></p>\n<p>&nbsp;</p>\n<p>EDC Colorado the same year was held at the Arapahoe County Fairgrounds in Aurora on June 11.</p>\n<p>Electric Daisy Carnival Dallas was held June 18 at&nbsp;Fair Park&nbsp;with an estimated 25,000 attendees. Temperatures above 110 degrees led to dozens of hospitalizations and at least one death, which made it the last EDC held in Dallas.</p>\n<p>&nbsp;</p>\n<p>EDC Puerto Rico took place&nbsp;on August 27.</p>\n<p>&nbsp;</p>\n<h3><span id=\"2012\" class=\"mw-headline\">2012</span></h3>\n<p>In 2012, the three-day EDC in Vegas (June 8&ndash;10) saw attendance increase by 30%, to a total of 320,000 attendees.<sup id=\"cite_ref-20\" class=\"reference\">[20]</sup>&nbsp;A 31-year-old male from Florida died after being struck by a truck as he left EDC at the Las Vegas Motor Speedway on June 11. Friends reported that he had been drinking and smoking.<sup id=\"cite_ref-21\" class=\"reference\">[21]</sup></p>\n<p>&nbsp;</p>\n<p>The second night had to shut down early at 1 a.m. due to high winds, of up to 30 MPH that started around 8 p.m.<sup id=\"cite_ref-22\" class=\"reference\">[22]</sup>&nbsp;90,000 fans were directed to the speedway's bleachers. DJs&nbsp;Markus Schulz&nbsp;and&nbsp;Steve Aoki, who were both scheduled to play that night, performed impromptu sets on the Insomniac Wide Awake art car, a much smaller, mobile stage, for a short period,<sup id=\"cite_ref-23\" class=\"reference\">[23]</sup>&nbsp;before officials ordered it to close as potentially dangerous winds were expected until 5 a.m.<sup id=\"cite_ref-24\" class=\"reference\">[24]</sup>&nbsp;In order to make up for the cancellation, Insomniac allowed those with Saturday passes to return on Sunday.<sup id=\"cite_ref-25\" class=\"reference\">[25]</sup></p>\n<p>&nbsp;</p>\n<p>EDC Orlando was held at Tinker Field on November 9&ndash;10. This coincided with the annual&nbsp;Dayglow&nbsp;event in&nbsp;Fort Lauderdale, Florida, called \"Dancegiving\" held the weekend after&nbsp;Thanksgiving.</p>\n<p>&nbsp;</p>\n<p>EDC New York was held May 18&ndash;20 at the&nbsp;MetLife Stadium&nbsp;at the&nbsp;Meadowlands Sports Complex&nbsp;in&nbsp;East Rutherford, New Jersey.<sup id=\"cite_ref-26\" class=\"reference\">[26]</sup>&nbsp;Although the venue was located in New Jersey, the festival was coined Electric Daisy Carnival New York due to the proximity to&nbsp;New York City.<sup id=\"cite_ref-27\" class=\"reference\">[27]</sup>&nbsp;The event drew 45,000 attendees per day.<sup id=\"cite_ref-28\" class=\"reference\">[28]</sup></p>\n<p>&nbsp;</p>\n<h3><span id=\"2013\" class=\"mw-headline\">2013</span></h3>\n<p>EDC Las Vegas was held June 21&ndash;23.</p>\n<p>&nbsp;</p>\n<p>In 2013, EDC was held in&nbsp;London&nbsp;for the first time, along with events in&nbsp;Chicago,&nbsp;New York, San Juan, Puerto Rico, and Orlando, Florida.</p>\n<p>&nbsp;</p>\n<h3><span id=\"2014\" class=\"mw-headline\">2014</span></h3>\n<p>In 2014, EDC was held at the Las Vegas Motor Speedway on June 20&ndash;22, 2014. Insomniac Events announced that all 345,000 tickets to the three-day festival had been sold by June 18, 2014.<sup id=\"cite_ref-29\" class=\"reference\">[29]</sup>&nbsp;At the conclusion of the 2014 event, the massive three-day festival drew in roughly 134,000 per day.<sup id=\"cite_ref-30\" class=\"reference\">[30]</sup></p>\n<p>&nbsp;</p>\n<p>The setup at the event also led Insomniac to set the record for the largest structural stage in North America.<sup id=\"cite_ref-31\" class=\"reference\">[31]</sup></p>\n<p>&nbsp;</p>\n<p>EDC events were also held in&nbsp;Milton Keynes, England, San Juan, Orlando, Florida, and New York.</p>\n<p>&nbsp;</p>\n<p>The first EDC Mexico was held on March 15&ndash;16, 2014.<sup id=\"cite_ref-32\" class=\"reference\">[32]</sup></p>\n<p>&nbsp;</p>\n<p>A documentary film called&nbsp;<em>Under the Electric Sky</em>&nbsp;about the festival premiered at the&nbsp;2014 Sundance Film Festival.<sup id=\"cite_ref-33\" class=\"reference\">[33]</sup></p>\n<p>&nbsp;</p>\n<h3><span id=\"2015\" class=\"mw-headline\">2015</span></h3>\n<p>EDC Las Vegas 2015 was held in Las Vegas, Nevada, at the Las Vegas Motor Speedway on June 19, 20 &amp; 21.<sup id=\"cite_ref-34\" class=\"reference\">[34]</sup>&nbsp;EDC Las Vegas 2015 was met with unwanted publicity for the death of a&nbsp;UC Irvine&nbsp;graduate on the second night of the festival. Death was ruled as related to&nbsp;MDMA, which has side effects of dehydration and increase in body temperature.<sup id=\"cite_ref-35\" class=\"reference\">[35]</sup></p>\n<p>&nbsp;</p>\n<p>EDC was also held at Orlando, Florida at Tinker Field on November 6 &amp; 7, and East Rutherford, New Jersey at&nbsp;MetLife Stadium&nbsp;on May 23 &amp; 24.<sup id=\"cite_ref-36\" class=\"reference\">[36]</sup><sup id=\"cite_ref-37\" class=\"reference\">[37]</sup>&nbsp;Internationally, EDC was held at&nbsp;Estadio Sixto Escobar&nbsp;in San Juan, Puerto Rico for the sixth time on February 21 &amp; 22,<sup id=\"cite_ref-38\" class=\"reference\">[38]</sup>&nbsp;Aut&oacute;dromo Jos&eacute; Carlos Pace&nbsp;in S&atilde;o Paulo, Brazil for the first time December 4 &amp; 5,<sup id=\"cite_ref-39\" class=\"reference\">[39]</sup>&nbsp;Aut&oacute;dromo Hermanos Rodr&iacute;guez&nbsp;in Mexico City, Mexico for the second time on February 28 &ndash; March 1,<sup id=\"cite_ref-40\" class=\"reference\">[40]</sup>&nbsp;and the&nbsp;National Bowl&nbsp;in Milton Keynes, UK for the third time on July 17.<sup id=\"cite_ref-41\" class=\"reference\">[41]</sup></p>\n<p>&nbsp;</p>\n<h3><span id=\"2016\" class=\"mw-headline\">2016</span></h3>\n<p>EDC Mexico was held for the third time at&nbsp;Aut&oacute;dromo Hermanos Rodr&iacute;guez&nbsp;in&nbsp;Mexico City, from February 27&ndash;28, 2016.EDC Las Vegas was held at Las Vegas Motor Speedway from June 17&ndash;19, 2016. The event saw DJ&nbsp;Marshmello&nbsp;removing his helmet in a gimmick to be the Dutch DJ&nbsp;Ti&euml;sto.</p>\n<p>&nbsp;</p>\n<p>EDC New York was held at&nbsp;Citi Field&nbsp;in&nbsp;Queens, NY, from May 14&ndash;15, 2016.</p>\n<p>&nbsp;</p>\n<p>EDC UK was held at Milton Keynes, England on 9 July 2016.</p>\n<p>&nbsp;</p>\n<p>EDC Orlando was held at Tinker Field in&nbsp;Orlando, Florida, from November 4&ndash;5, 2016.</p>\n<p>&nbsp;</p>\n<p>EDC India was held at&nbsp;Buddh International Circuit&nbsp;in&nbsp;New Delhi, India, from November 12&ndash;13, 2016.</p>\n<p>&nbsp;</p>\n<h3><span id=\"2017\" class=\"mw-headline\">2017</span></h3>\n<p>EDC returned to the Las Vegas Motor Speedway from June, with over 135,000 attendees on opening night.<sup id=\"cite_ref-42\" class=\"reference\">[42]</sup>&nbsp;Heat-related health incidents saw a significant increase, with double the medical-related calls on opening night year-over-year. A 34-year-old man died after taking&nbsp;MDMA&nbsp;and&nbsp;TFMPP, a drug similar to MDMA, with heat exposure as a contributing factor.<sup id=\"cite_ref-43\" class=\"reference\">[43]</sup><sup id=\"cite_ref-44\" class=\"reference\">[44]</sup></p>\n<p>&nbsp;</p>\n<p>EDC was held for the fourth time in&nbsp;Mexico City&nbsp;at&nbsp;Aut&oacute;dromo Hermanos Rodr&iacute;guez&nbsp;from 25 to 26 February.<sup id=\"cite_ref-45\" class=\"reference\">[45]</sup></p>\n<p>&nbsp;</p>\n<p>EDC UK 2017, due to be held at Milton Keynes, England in July 2017, was cancelled.<sup id=\"cite_ref-46\" class=\"reference\">[46]</sup></p>\n<p>&nbsp;</p>\n<p>EDC Orlando 2017 was held at Tinker Field on November 10&ndash;11, 2017.<sup id=\"cite_ref-47\" class=\"reference\">[47]</sup></p>\n<p>&nbsp;</p>\n<h3><span id=\"2018\" class=\"mw-headline\">2018</span></h3>\n<p>EDC Orlando was held at Tinker Field from November 9&ndash;10, 2018.</p>\n<p>&nbsp;</p>\n<p>EDC Las Vegas was held at the Las Vegas Motor Speedway from May 18&ndash;20; the festival was moved from its traditional June scheduling so that it will be held in relatively cooler conditions. The festival also introduced on-site camping (including rentable campers and RV parking) and earlier opening times in order to reduce traffic congestion.<sup id=\"cite_ref-48\" class=\"reference\">[48]</sup><sup id=\"cite_ref-49\" class=\"reference\">[49]</sup>&nbsp;An estimated 411,400 people attended the festival over the three days.<sup id=\"cite_ref-50\" class=\"reference\">[50]</sup></p>\n<p>&nbsp;</p>\n<p>EDC Mexico in Mexico City was planned for February 24&ndash;25 at Autodromo Hermanos Rodriguez.<sup id=\"cite_ref-51\" class=\"reference\">[51]</sup></p>\n<p>&nbsp;</p>\n<p>EDC Japan was held in Tokyo, May 12 &amp; 13 at Chiba Seaside Park Zozo Marine Stadium. Heavy Rains caused equipment issues.<sup id=\"cite_ref-52\" class=\"reference\">[52]</sup></p>\n<p>&nbsp;</p>\n<p>EDC China in Shanghai, April 29 &amp; 30, debut at Shanghai International Music Park.</p>\n<p>&nbsp;</p>\n<h3><span id=\"2019\" class=\"mw-headline\">2019</span></h3>\n<p>EDC Las Vegas returned to the Las Vegas Motor Speedway for May 17&ndash;19, 2019. On the second day, high winds forced stage closures. Due to wording of the message displayed on screens, and the played audio message instructing them to \"take cover in your car\", some attendees were lead to believe that the entire festival was being shut down for the night and subsequently left the speedway. Upon learning at the exit that only certain areas were closed for safety precautions some people tried to re-enter the grounds but were not allowed back in due to the event's strict no-reentry policy.<sup id=\"cite_ref-53\" class=\"reference\">[53]</sup>&nbsp;Las Vegas police announced 65 arrests during the festival, including 2&nbsp;DUIs&nbsp;and 51 felony or gross misdemeanor arrests.<sup id=\"cite_ref-54\" class=\"reference\">[54]</sup></p>\n<p>&nbsp;</p>\n<p>EDC Mexico in Mexico City returned to Autodromo Hermanos Rodriguez for February 23&ndash;24, 2019.<sup id=\"cite_ref-55\" class=\"reference\">[55]</sup></p>\n<p>&nbsp;</p>\n<p>EDC Orlando is now held for 3 days, instead of the normal 2 days. It will remain at Tinker Field, outside of Camping World Stadium.</p>\n<p>&nbsp;</p>\n<p>EDC Japan was held in Tokyo, May 11 &amp; 12, 2019 at ZOZO Marine Stadium &amp; Makuhari Beach Park.<sup id=\"cite_ref-56\" class=\"reference\">[56]</sup></p>\n<p>&nbsp;</p>\n<p>EDC Korea was held on 31 August &amp; 1 September at Seoul Land, Gwacheon, South Korea.</p>\n<p>&nbsp;</p>\n<h3><span id=\"2020\" class=\"mw-headline\">2020</span></h3>\n<p>EDC Mexico in Mexico City was held at Aut&oacute;dromo Hermanos Rodr&iacute;guez for February 28&ndash;March 2, 2020.</p>\n<p>&nbsp;</p>\n<p>It was announced that the 2020 festival would utilize more of the Las Vegas Motor Speedway grounds, with Rotella pointing out that the speedway had removed a large number of RV hookups that had made certain areas of the area unusable.<sup id=\"cite_ref-57\" class=\"reference\">[57]</sup>&nbsp;The festival was originally scheduled to take place from May 15&ndash;17, but was rescheduled for October 2&ndash;4. However, in July 2020, the festival was cancelled due to&nbsp;COVID-19 pandemic.<sup id=\"cite_ref-58\" class=\"reference\">[58]</sup>&nbsp;A virtual festival, streamed live on&nbsp;Twitch&nbsp;and&nbsp;YouTube, took place during the original scheduled dates.<sup id=\"cite_ref-59\" class=\"reference\">[59]</sup></p>\n<p>&nbsp;</p>\n<h3><span id=\"2021\" class=\"mw-headline\">2021</span></h3>\n<p>EDC Las Vegas is scheduled to take place from October 22-24.<sup id=\"cite_ref-60\" class=\"reference\">[60]</sup>&nbsp;While the event was originally scheduled to be held from May 21-23,&nbsp;Clark County&nbsp;on April 20 passed a reopening plan that requires 60% of their residents to be vaccinated before restrictions over large scale gatherings such as EDC can be lifted.<sup id=\"cite_ref-61\" class=\"reference\">[61]</sup>&nbsp;In a statement released on social media, Insomniac Events CEO Pasquale Rotella stated, \"Unfortunately, the rate at which people get vaccinated before EDC is out of our control. It might happen in time, it might not. Either way, we can&rsquo;t take that risk.\"<sup id=\"cite_ref-62\" class=\"reference\">[62]</sup></p>\n<p>&nbsp;</p>\n<h2><span id=\"Charity\" class=\"mw-headline\">Charity</span></h2>\n<p>For every flagship festival held, Insomniac Care donates a percentage of ticket sales to national charities and community organizations. In the past, EDC Las Vegas has partnered with Surreal, a fundraising platform, to raise money from festival goers who enter in a sweepstake for helicopter rides and other activities with popular DJs.<sup id=\"cite_ref-63\" class=\"reference\">[63]</sup>&nbsp;Since 2011, over two million dollars have been donated to groups. Some organizations are named below.<sup id=\"cite_ref-64\" class=\"reference\">[64]</sup></p>\n<ul>\n<li>Rock the Vote</li>\n<li>Families for Effective Autism Treatment</li>\n<li>Injured Police Officers Fund</li>\n<li>Boys and Girls Club of Southern Nevada</li>\n<li>Nevada Childhood Cancer Foundation</li>\n<li>The Las Vegas Academy for Arts</li>\n</ul>\n<p>&nbsp;</p>\n<h2><span id=\"References\" class=\"mw-headline\">References</span></h2>\n<div class=\"reflist reflist-columns references-column-width\">\n<ol class=\"references\">\n<li id=\"cite_note-1\"><span class=\"mw-cite-backlink\"><strong>^</strong></span>&nbsp;<span class=\"reference-text\"><cite class=\"citation web cs1\">\"Electric Daisy Carnival\".&nbsp;<em>insomniac.com</em>.</cite></span></li>\n<li id=\"cite_note-2\"><span class=\"mw-cite-backlink\"><strong>^</strong></span>&nbsp;<span class=\"reference-text\"><cite id=\"CITEREFPetersen2015\" class=\"citation journal cs1\">Petersen, George (2015). \"Electronic Daisy Carnival Las Vegas\".&nbsp;<em>Front of House</em>: 38&ndash;39.</cite></span></li>\n<li id=\"cite_note-3\"><span class=\"mw-cite-backlink\"><strong>^</strong></span>&nbsp;<span class=\"reference-text\"><cite class=\"citation web cs1\">\"Amenities &amp; Services &ndash; EDC Las Vegas 2019\".&nbsp;<em>lasvegas.electricdaisycarnival.com</em><span class=\"reference-accessdate\">. Retrieved&nbsp;<span class=\"nowrap\">2018-10-13</span></span>.</cite></span></li>\n<li id=\"cite_note-:0-4\"><span class=\"mw-cite-backlink\">^&nbsp;<span class=\"cite-accessibility-label\">Jump up to:</span><sup><em><strong>a</strong></em></sup>&nbsp;<sup><em><strong>b</strong></em></sup>&nbsp;<sup><em><strong>c</strong></em></sup></span>&nbsp;<span class=\"reference-text\"><cite class=\"citation web cs1\">\"The World of EDC &ndash; EDC Las Vegas 2019\".&nbsp;<em>lasvegas.electricdaisycarnival.com</em><span class=\"reference-accessdate\">. Retrieved&nbsp;<span class=\"nowrap\">2018-10-14</span></span>.</cite></span></li>\n<li id=\"cite_note-5\"><span class=\"mw-cite-backlink\"><strong>^</strong></span>&nbsp;<span class=\"reference-text\"><cite class=\"citation web cs1\">\"Electric Daisy Carnival\".&nbsp;<em>insomniac.com</em>. Insomniac.</cite></span></li>\n<li id=\"cite_note-6\"><span class=\"mw-cite-backlink\"><strong>^</strong></span>&nbsp;<span class=\"reference-text\"><cite class=\"citation news cs1\">\"From Las Vegas to India &ndash; The EDC Story | Trance Hub\".&nbsp;<em>Trance Hub</em>. 2016-11-10<span class=\"reference-accessdate\">. Retrieved&nbsp;<span class=\"nowrap\">2017-02-14</span></span>.</cite></span></li>\n<li id=\"cite_note-7\"><span class=\"mw-cite-backlink\"><strong>^</strong></span>&nbsp;<span class=\"reference-text\"><cite class=\"citation web cs1\">\"EDC &ndash; Insomniac\".&nbsp;<em>electricdaisycarnival.com</em>.</cite></span></li>\n<li id=\"cite_note-8\"><span class=\"mw-cite-backlink\"><strong>^</strong></span>&nbsp;<span class=\"reference-text\"><cite class=\"citation web cs1\">\"insomniac.com\". Insomniac Events. Archived from&nbsp;the original&nbsp;on December 20, 2011<span class=\"reference-accessdate\">. Retrieved&nbsp;<span class=\"nowrap\">November 12,</span>&nbsp;2012</span>.</cite></span></li>\n<li id=\"cite_note-9\"><span class=\"mw-cite-backlink\"><strong>^</strong></span>&nbsp;<span class=\"reference-text\"><cite class=\"citation web cs1\">\"Stages- EDC Las Vegas\".&nbsp;<em>lasvegas.electricdaisycarnival.com</em>. Insomniac Events.</cite></span></li>\n<li id=\"cite_note-10\"><span class=\"mw-cite-backlink\"><strong>^</strong></span>&nbsp;<span class=\"reference-text\"><cite class=\"citation web cs1\">\"The EDC Story\".&nbsp;<em>trance.news</em>. Trance Hub.</cite></span></li>\n<li id=\"cite_note-11\"><span class=\"mw-cite-backlink\"><strong>^</strong></span>&nbsp;<span class=\"reference-text\"><cite class=\"citation web cs1\">\"How It All Began\".&nbsp;<em>insomniac.com</em>. Insomniac Events.</cite></span></li>\n<li id=\"cite_note-12\"><span class=\"mw-cite-backlink\"><strong>^</strong></span>&nbsp;<span class=\"reference-text\"><cite class=\"citation news cs1\">\"The history of Electric Daisy Carnival\".&nbsp;<em>AXS</em><span class=\"reference-accessdate\">. Retrieved&nbsp;<span class=\"nowrap\">2018-01-20</span></span>.</cite></span></li>\n<li id=\"cite_note-13\"><span class=\"mw-cite-backlink\"><strong>^</strong></span>&nbsp;<span class=\"reference-text\"><cite class=\"citation news cs1\">\"Looking back across two decades of EDC\".&nbsp;<em>LasVegasWeekly.com</em><span class=\"reference-accessdate\">. Retrieved&nbsp;<span class=\"nowrap\">2017-11-04</span></span>.</cite></span></li>\n<li id=\"cite_note-14\"><span class=\"mw-cite-backlink\"><strong>^</strong></span>&nbsp;<span class=\"reference-text\"><cite class=\"citation web cs1\">\"insomniac.com\". Insomniac Events. Archived from&nbsp;the original&nbsp;on March 16, 2014<span class=\"reference-accessdate\">. Retrieved&nbsp;<span class=\"nowrap\">November 12,</span>&nbsp;2012</span>.</cite></span></li>\n<li id=\"cite_note-latimesblogs.latimes.com-15\"><span class=\"mw-cite-backlink\"><strong>^</strong></span>&nbsp;<span class=\"reference-text\"><cite class=\"citation news cs1\">\"L.A. Coliseum board extends ban on new raves, bans minors from scheduled raves [Updated]\".&nbsp;<em>latimes.com</em>. July 16, 2010.</cite></span></li>\n<li id=\"cite_note-16\"><span class=\"mw-cite-backlink\"><strong>^</strong></span>&nbsp;<span class=\"reference-text\"><cite id=\"CITEREFDennis_Romero\" class=\"citation web cs1\">Dennis Romero.&nbsp;\"<span class=\"cs1-kern-left\">'</span>EDC' Raver Teen Sasha Rodriguez Died From Ecstasy Use\".&nbsp;<em>L.A. Weekly</em>. Archived from&nbsp;the originalon 2011-08-21<span class=\"reference-accessdate\">. Retrieved&nbsp;<span class=\"nowrap\">2011-08-14</span></span>.</cite></span></li>\n<li id=\"cite_note-17\"><span class=\"mw-cite-backlink\"><strong>^</strong></span>&nbsp;<span class=\"reference-text\"><cite class=\"citation web cs1\">\"Electric Daisy Carnival rave moving to Las Vegas after conflict and controversy at the Coliseum\".&nbsp;<em>Los Angeles Times</em>. February 24, 2011.</cite></span></li>\n<li id=\"cite_note-18\"><span class=\"mw-cite-backlink\"><strong>^</strong></span>&nbsp;<span class=\"reference-text\"><cite class=\"citation web cs1\">\"Electric Daisy: Electric Daisy Carnival, a controversial rave festival, comes to Orlando's Tinker Field\".&nbsp;<em>tribunedigital-orlandosentinel</em>.</cite></span></li>\n<li id=\"cite_note-19\"><span class=\"mw-cite-backlink\"><strong>^</strong></span>&nbsp;<span class=\"reference-text\"><cite class=\"citation web cs1\">\"Clickorlando.com\". Archived from&nbsp;the original&nbsp;on June 1, 2011.</cite></span></li>\n<li id=\"cite_note-20\"><span class=\"mw-cite-backlink\"><strong>^</strong></span>&nbsp;<span class=\"reference-text\"><cite class=\"citation news cs1\">\"2013 Electric Daisy Carnival brought in $278 million to Clark County\".&nbsp;<em>LasVegasSun.com</em>. 2013-12-04. Archived from&nbsp;the original&nbsp;on 2017-10-22<span class=\"reference-accessdate\">. Retrieved&nbsp;<span class=\"nowrap\">2017-10-21</span></span>.</cite></span></li>\n<li id=\"cite_note-21\"><span class=\"mw-cite-backlink\"><strong>^</strong></span>&nbsp;<span class=\"reference-text\"><cite id=\"CITEREFDennis_Romero\" class=\"citation web cs1\">Dennis Romero.&nbsp;\"EDC Vegas Sees Two Attendees Die, Including One Who Reportedly Took Ecstasy\".&nbsp;<em>L.A. Weekly</em>. Archived from&nbsp;the original&nbsp;on 2013-01-28<span class=\"reference-accessdate\">. Retrieved&nbsp;<span class=\"nowrap\">2012-06-19</span></span>.</cite></span></li>\n<li id=\"cite_note-22\"><span class=\"mw-cite-backlink\"><strong>^</strong></span>&nbsp;<span class=\"reference-text\"><cite class=\"citation news cs1\">\"Pop &amp; Hiss\".&nbsp;<em>latimes.com</em>. June 10, 2012.</cite></span></li>\n<li id=\"cite_note-23\"><span class=\"mw-cite-backlink\"><strong>^</strong></span>&nbsp;<span class=\"reference-text\"><cite id=\"CITEREFAndrea_Domanick\" class=\"citation web cs1\">Andrea Domanick.&nbsp;\"High winds put Electric Daisy Carnival on hold during second night\".&nbsp;<em>LasVegasSun.com</em>.</cite></span></li>\n<li id=\"cite_note-24\"><span class=\"mw-cite-backlink\"><strong>^</strong></span>&nbsp;<span class=\"reference-text\"><cite id=\"CITEREFAndrea_Domanick\" class=\"citation web cs1\">Andrea Domanick.&nbsp;\"Photos: Night 2 of Electric Daisy Carnival shut down amid strong winds, safety concerns\".&nbsp;<em>LasVegasSun.com</em>. Archived from&nbsp;the original&nbsp;on 2012-06-17<span class=\"reference-accessdate\">. Retrieved&nbsp;<span class=\"nowrap\">2012-06-19</span></span>.</cite></span></li>\n<li id=\"cite_note-25\"><span class=\"mw-cite-backlink\"><strong>^</strong></span>&nbsp;<span class=\"reference-text\"><cite class=\"citation web cs1\">\"Regarding EDC Saturday Refunds. Not happening. Oh well, it was still a great weekend! &bull; r/electricdaisycarnival\".&nbsp;<em>reddit</em><span class=\"reference-accessdate\">. Retrieved&nbsp;<span class=\"nowrap\">2017-10-21</span></span>.</cite></span></li>\n<li id=\"cite_note-26\"><span class=\"mw-cite-backlink\"><strong>^</strong></span>&nbsp;<span class=\"reference-text\"><cite class=\"citation news cs1\">\"Electric Daisy Carnival Heading to New York: Exclusive\".&nbsp;<em>Billboard</em><span class=\"reference-accessdate\">. Retrieved&nbsp;<span class=\"nowrap\">2017-10-21</span></span>.</cite></span></li>\n<li id=\"cite_note-27\"><span class=\"mw-cite-backlink\"><strong>^</strong></span>&nbsp;<span class=\"reference-text\"><cite class=\"citation web cs1\">\"Official EDMLounge EDC New York Preview &ndash; Blog &ndash; EDM Lounge &ndash; Electronic Dance Music, News, and Reviews\".&nbsp;<em>edmlounge.com</em>.</cite></span></li>\n<li id=\"cite_note-28\"><span class=\"mw-cite-backlink\"><strong>^</strong></span>&nbsp;<span class=\"reference-text\"><cite id=\"CITEREFPareles2012\" class=\"citation web cs1\">Pareles, Jon (May 20, 2012).&nbsp;\"Dance and Flower Power Abloom in New Jersey\"&nbsp;&ndash; via NYTimes.com.</cite></span></li>\n<li id=\"cite_note-29\"><span class=\"mw-cite-backlink\"><strong>^</strong></span>&nbsp;<span class=\"reference-text\"><cite id=\"CITEREFKen_Ritter2013\" class=\"citation news cs1\">Ken Ritter (June 19, 2013).&nbsp;\"Electric Daisy Carnival Las Vegas Expected To Draw 115,000 Per Night\".&nbsp;<em>The Huffington Post</em>. Archived from&nbsp;the original&nbsp;on July 20, 2014.</cite></span></li>\n<li id=\"cite_note-30\"><span class=\"mw-cite-backlink\"><strong>^</strong></span>&nbsp;<span class=\"reference-text\"><cite id=\"CITEREFJoseph\" class=\"citation web cs1\">Joseph, Matt.&nbsp;\"The Numbers Are In For EDC Las Vegas 2014\".&nbsp;<em>We Got This Covered</em>.</cite></span></li>\n<li id=\"cite_note-31\"><span class=\"mw-cite-backlink\"><strong>^</strong></span>&nbsp;<span class=\"reference-text\"><cite class=\"citation web cs1\">\"EDC Sets Record For Largest Stage Ever Assembled In North America\". June 28, 2014.</cite></span></li>\n<li id=\"cite_note-32\"><span class=\"mw-cite-backlink\"><strong>^</strong></span>&nbsp;<span class=\"reference-text\"><cite class=\"citation web cs1\">\"Insomniac Announces EDC Mexico Will Debut in 2014\".&nbsp;<em>Complex</em><span class=\"reference-accessdate\">. Retrieved&nbsp;<span class=\"nowrap\">2017-10-22</span></span>.</cite></span></li>\n<li id=\"cite_note-33\"><span class=\"mw-cite-backlink\"><strong>^</strong></span>&nbsp;<span class=\"reference-text\"><cite id=\"CITEREFHarvey2014\" class=\"citation news cs1\">Harvey, Dennis (2014-01-22).&nbsp;\"Sundance Film Review: 'Under the Electric Sky<span class=\"cs1-kern-right\">'</span>\".&nbsp;<em>Variety</em><span class=\"reference-accessdate\">. Retrieved&nbsp;<span class=\"nowrap\">2017-10-22</span></span>.</cite></span></li>\n<li id=\"cite_note-34\"><span class=\"mw-cite-backlink\"><strong>^</strong></span>&nbsp;<span class=\"reference-text\"><cite class=\"citation web cs1\">\"Electric Daisy Carnival Las Vegas: 10 Highlights From Day 3\".&nbsp;<em>Billboard</em>.</cite></span></li>\n<li id=\"cite_note-35\"><span class=\"mw-cite-backlink\"><strong>^</strong></span>&nbsp;<span class=\"reference-text\"><cite class=\"citation web cs1\">\"Family files lawsuit in son's 2015 death at Electric Daisy Carnival\".&nbsp;<em>Las Vegas Review-Journal</em>. 2017-06-21<span class=\"reference-accessdate\">. Retrieved&nbsp;<span class=\"nowrap\">2019-10-31</span></span>.</cite></span></li>\n<li id=\"cite_note-36\"><span class=\"mw-cite-backlink\"><strong>^</strong></span>&nbsp;<span class=\"reference-text\"><cite id=\"CITEREFDavid_Garber2015\" class=\"citation web cs1\">David Garber (May 25, 2015).&nbsp;\"EDC NY 2015 RECAP: DANCE MUSIC'S BIGGEST PARKING LOT RAVE\".&nbsp;Vice.</cite></span></li>\n<li id=\"cite_note-37\"><span class=\"mw-cite-backlink\"><strong>^</strong></span>&nbsp;<span class=\"reference-text\"><cite id=\"CITEREFJames_Tutton2015\" class=\"citation web cs1\">James Tutton (November 6, 2015).&nbsp;\"Music, art, neon: Electric Daisy Carnival is back in Orlando\".&nbsp;<em>Orlando Sentinel</em>.</cite></span></li>\n<li id=\"cite_note-38\"><span class=\"mw-cite-backlink\"><strong>^</strong></span>&nbsp;<span class=\"reference-text\"><cite class=\"citation web cs1\">\"Miles brincan al ritmo de la m&uacute;sica en el Electric Daisy Carnival\". Primera Hora. February 22, 2015.</cite></span></li>\n<li id=\"cite_note-39\"><span class=\"mw-cite-backlink\"><strong>^</strong></span>&nbsp;<span class=\"reference-text\"><cite id=\"CITEREFMiddleton2015\" class=\"citation web cs1\">Middleton, Ryan (August 19, 2015).&nbsp;\"EDC Brasil 2015 Lineup: Martin Garrix, Tiesto, Above &amp; Beyond Headline\".&nbsp;<em>Music Times</em>.</cite></span></li>\n<li id=\"cite_note-40\"><span class=\"mw-cite-backlink\"><strong>^</strong></span>&nbsp;<span class=\"reference-text\">http://www.sopitas.com/448499-guia-para-sobrevivir-y-divertirte-en-el-edc-mexico/</span></li>\n<li id=\"cite_note-41\"><span class=\"mw-cite-backlink\"><strong>^</strong></span>&nbsp;<span class=\"reference-text\"><cite id=\"CITEREFChristian2015\" class=\"citation web cs1\">Christian, Paul (July 13, 2015).&nbsp;\"EDC UK 2015 hailed as 'an amazing celebration of music, art and individuality', as 35,000 flock to it\".&nbsp;<em>Welwyn Hatfield Times</em>.</cite></span></li>\n<li id=\"cite_note-42\"><span class=\"mw-cite-backlink\"><strong>^</strong></span>&nbsp;<span class=\"reference-text\"><cite class=\"citation web cs1\">\"EDC Las Vegas | October 22-24, 2021 | Las Vegas Motor Speedway\".&nbsp;<em>lasvegas.electricdaisycarnival.com</em>.</cite></span></li>\n<li id=\"cite_note-43\"><span class=\"mw-cite-backlink\"><strong>^</strong></span>&nbsp;<span class=\"reference-text\"><cite class=\"citation news cs1\">\"Drugs, heat caused California man's death at EDC in Las Vegas\".&nbsp;<em>Las Vegas Review-Journal</em>. 2017-07-20<span class=\"reference-accessdate\">. Retrieved&nbsp;<span class=\"nowrap\">2018-05-10</span></span>.</cite></span></li>\n<li id=\"cite_note-44\"><span class=\"mw-cite-backlink\"><strong>^</strong></span>&nbsp;<span class=\"reference-text\"><cite class=\"citation news cs1\">\"Medical calls at EDC's first night double last year's number\".&nbsp;<em>Las Vegas Review-Journal</em>. 2017-06-17<span class=\"reference-accessdate\">. Retrieved&nbsp;<span class=\"nowrap\">2018-05-10</span></span>.</cite></span></li>\n<li id=\"cite_note-45\"><span class=\"mw-cite-backlink\"><strong>^</strong></span>&nbsp;<span class=\"reference-text\"><cite class=\"citation web cs1\">\"Account Suspended\".&nbsp;<em>neomusicmex.com</em>.</cite></span></li>\n<li id=\"cite_note-46\"><span class=\"mw-cite-backlink\"><strong>^</strong></span>&nbsp;<span class=\"reference-text\"><cite class=\"citation web cs1\">\"Electric Daisy Carnival UK 2017 Cancelled - Festicket Magazine\".&nbsp;<em>Festicket</em>.</cite></span></li>\n<li id=\"cite_note-47\"><span class=\"mw-cite-backlink\"><strong>^</strong></span>&nbsp;<span class=\"reference-text\"><cite class=\"citation web cs1\">\"EDC Orlando Returns to Florida November 2017 | Insomniac\".</cite></span></li>\n<li id=\"cite_note-48\"><span class=\"mw-cite-backlink\"><strong>^</strong></span>&nbsp;<span class=\"reference-text\"><cite id=\"CITEREFBrown\" class=\"citation web cs1\">Brown, August.&nbsp;\"Pasquale Rotella talks heat-related EDC date change: 'It wasn't as comfortable as it needed to be<span class=\"cs1-kern-right\">'</span>\".&nbsp;<em>Los Angeles Times</em><span class=\"reference-accessdate\">. Retrieved&nbsp;<span class=\"nowrap\">2018-05-10</span></span>.</cite></span></li>\n<li id=\"cite_note-49\"><span class=\"mw-cite-backlink\"><strong>^</strong></span>&nbsp;<span class=\"reference-text\"><cite class=\"citation news cs1\">\"EDC Announces May Date Change, New Air-Conditioned Campers and Longer Hours in 2018\".&nbsp;<em>Billboard</em><span class=\"reference-accessdate\">. Retrieved&nbsp;<span class=\"nowrap\">2018-05-10</span></span>.</cite></span></li>\n<li id=\"cite_note-50\"><span class=\"mw-cite-backlink\"><strong>^</strong></span>&nbsp;<span class=\"reference-text\"><cite class=\"citation web cs1\">\"More than 400,000 attended Electric Daisy Carnival\". May 21, 2018.</cite></span></li>\n<li id=\"cite_note-51\"><span class=\"mw-cite-backlink\"><strong>^</strong></span>&nbsp;<span class=\"reference-text\"><cite class=\"citation news cs1\">\"EDC Mexico 2018 || Dates &amp; Venue Announced!\".&nbsp;<em>EDM Identity</em>. 2017-08-22<span class=\"reference-accessdate\">. Retrieved&nbsp;<span class=\"nowrap\">2017-10-21</span></span>.</cite></span></li>\n<li id=\"cite_note-52\"><span class=\"mw-cite-backlink\"><strong>^</strong></span>&nbsp;<span class=\"reference-text\"><cite class=\"citation web cs1\">\"EDC Japan | May 11 &amp; 12, 2019 | Tokyo\".&nbsp;<em>japan.electricdaisycarnival.com</em>.</cite></span></li>\n<li id=\"cite_note-53\"><span class=\"mw-cite-backlink\"><strong>^</strong></span>&nbsp;<span class=\"reference-text\"><cite class=\"citation web cs1\">\"Many leave EDC after being told to evacuate because of wind\".&nbsp;<em>KTNV</em>.&nbsp;E. W. Scripps Company. 2019-05-19<span class=\"reference-accessdate\">. Retrieved&nbsp;<span class=\"nowrap\">2019-05-22</span></span>.</cite></span></li>\n<li id=\"cite_note-54\"><span class=\"mw-cite-backlink\"><strong>^</strong></span>&nbsp;<span class=\"reference-text\"><cite id=\"CITEREFKomenda2019\" class=\"citation news cs1\">Komenda, Ed (May 20, 2019).&nbsp;\"65 arrested at EDC Las Vegas 2019\".&nbsp;<em>Reno Gazette Journal</em>.&nbsp;Las Vegas, NV<span class=\"reference-accessdate\">. Retrieved&nbsp;<span class=\"nowrap\">May 26,</span>2019</span>.</cite></span></li>\n<li id=\"cite_note-55\"><span class=\"mw-cite-backlink\"><strong>^</strong></span>&nbsp;<span class=\"reference-text\"><cite id=\"CITEREF@EDC_LasVegas2018\" class=\"citation web cs1\">@EDC_LasVegas (2018-05-21).&nbsp;\"EDC on Twitter: \"All love. All weekend. All of us together. Take this feeling and carry it with you wherever you go. We can't wait to do it again May 17, 18, and 19, 2019...<span class=\"cs1-kern-right\">\"</span>\".&nbsp;<em>twitter.com</em><span class=\"reference-accessdate\">. Retrieved&nbsp;<span class=\"nowrap\">2018-05-23</span></span>.</cite></span></li>\n<li id=\"cite_note-56\"><span class=\"mw-cite-backlink\"><strong>^</strong></span>&nbsp;<span class=\"reference-text\"><cite class=\"citation web cs1\">\"EDC Japan | May 11 &amp; 12, 2019 | Tokyo\".&nbsp;<em>japan.electricdaisycarnival.com</em><span class=\"reference-accessdate\">. Retrieved&nbsp;<span class=\"nowrap\">2019-05-22</span></span>.</cite></span></li>\n<li id=\"cite_note-57\"><span class=\"mw-cite-backlink\"><strong>^</strong></span>&nbsp;<span class=\"reference-text\"><cite id=\"CITEREFYopko\" class=\"citation web cs1\">Yopko, Nick.&nbsp;\"EDC 2020 will Use the Entire Las Vegas Motor Speedway\".&nbsp;<em>EDM.com</em><span class=\"reference-accessdate\">. Retrieved&nbsp;<span class=\"nowrap\">2020-02-11</span></span>.</cite></span></li>\n<li id=\"cite_note-58\"><span class=\"mw-cite-backlink\"><strong>^</strong></span>&nbsp;<span class=\"reference-text\"><cite class=\"citation web cs1\">\"EDC Las Vegas officially postponed to October due to virus outbreak\".&nbsp;<em>News 3 Las Vegas</em><span class=\"reference-accessdate\">. Retrieved&nbsp;<span class=\"nowrap\">3 April</span>&nbsp;2020</span>.</cite></span></li>\n<li id=\"cite_note-59\"><span class=\"mw-cite-backlink\"><strong>^</strong></span>&nbsp;<span class=\"reference-text\"><cite class=\"citation web cs1\">\"EDC Las Vegas announces digital event in space of cancelled festival\".&nbsp;<em>DJMag.com</em>. April 27, 2020.</cite></span></li>\n<li id=\"cite_note-60\"><span class=\"mw-cite-backlink\"><strong>^</strong></span>&nbsp;<span class=\"reference-text\"><cite id=\"CITEREFDeSilva2021\" class=\"citation web cs1\">DeSilva, Kristen (20 April 2021).&nbsp;\"EDC Las Vegas postponed to October, founder says\".&nbsp;<em>FOX5 - Las Vegas</em>.</cite></span></li>\n<li id=\"cite_note-61\"><span class=\"mw-cite-backlink\"><strong>^</strong></span>&nbsp;<span class=\"reference-text\"><cite id=\"CITEREFDinant2021\" class=\"citation web cs1\">Dinant, Jason (21 April 2021).&nbsp;\"EDC Las Vegas 2021 officially moved to October\".&nbsp;<em>KTNV 13 - Las Vegas</em>.</cite></span></li>\n<li id=\"cite_note-62\"><span class=\"mw-cite-backlink\"><strong>^</strong></span>&nbsp;<span class=\"reference-text\"><cite id=\"CITEREFBracelin2021\" class=\"citation web cs1\">Bracelin, Jason (21 April 2021).&nbsp;\"EDC postponed until October\".&nbsp;<em>Las Vegas Review-Journal</em>.</cite></span></li>\n<li id=\"cite_note-63\"><span class=\"mw-cite-backlink\"><strong>^</strong></span>&nbsp;<span class=\"reference-text\"><cite class=\"citation news cs1\">\"EDC Las Vegas Teams Up with Surreal For Once-in-a-Lifetime Giveaways with Kaskade, Zedd, Armin Van Burren and more!\".&nbsp;<em>EDM.com &ndash; The Latest Electronic Dance Music News, Reviews &amp; Artists</em><span class=\"reference-accessdate\">. Retrieved&nbsp;<span class=\"nowrap\">2018-10-25</span></span>.</cite></span></li>\n<li id=\"cite_note-64\"><span class=\"mw-cite-backlink\"><strong>^</strong></span>&nbsp;<span class=\"reference-text\"><cite class=\"citation web cs1\">\"Charity &ndash; EDC Las Vegas 2019\".&nbsp;<em>lasvegas.electricdaisycarnival.com</em><span class=\"reference-accessdate\">. Retrieved&nbsp;<span class=\"nowrap\">2018-10-19</span></span>.</cite></span></li>\n<li id=\"cite_note-65\"><span class=\"mw-cite-backlink\"><strong>^</strong></span>&nbsp;<span class=\"reference-text\"><cite class=\"citation web cs1\">\"Archived copy\". Archived from&nbsp;the original&nbsp;on 2018-09-02<span class=\"reference-accessdate\">. Retrieved&nbsp;<span class=\"nowrap\">2018-10-03</span></span>.</cite></span></li>\n<li id=\"cite_note-66\"><span class=\"mw-cite-backlink\"><strong>^</strong></span>&nbsp;<span class=\"reference-text\"><cite class=\"citation web cs1\">\"Archived copy\". Archived from&nbsp;the original&nbsp;on 2012-03-25<span class=\"reference-accessdate\">. Retrieved&nbsp;<span class=\"nowrap\">2018-10-03</span></span>.</cite></span></li>\n<li id=\"cite_note-67\"><span class=\"mw-cite-backlink\"><strong>^</strong></span>&nbsp;<span class=\"reference-text\"><cite class=\"citation web cs1\">\"Archived copy\". Archived from&nbsp;the original&nbsp;on 2012-01-29<span class=\"reference-accessdate\">. Retrieved&nbsp;<span class=\"nowrap\">2018-10-03</span></span>.</cite></span></li>\n<li id=\"cite_note-68\"><span class=\"mw-cite-backlink\"><strong>^</strong></span>&nbsp;<span class=\"reference-text\"><cite class=\"citation web cs1\">\"Archived copy\". Archived from&nbsp;the original&nbsp;on 2013-03-07<span class=\"reference-accessdate\">. Retrieved&nbsp;<span class=\"nowrap\">2018-10-03</span></span>.</cite></span></li>\n<li id=\"cite_note-69\"><span class=\"mw-cite-backlink\"><strong>^</strong></span>&nbsp;<span class=\"reference-text\"><cite class=\"citation web cs1\">\"Archived copy\". Archived from&nbsp;the original&nbsp;on 2014-03-12<span class=\"reference-accessdate\">. Retrieved&nbsp;<span class=\"nowrap\">2018-10-03</span></span>.</cite></span></li>\n<li id=\"cite_note-70\"><span class=\"mw-cite-backlink\"><strong>^</strong></span>&nbsp;<span class=\"reference-text\"><cite class=\"citation web cs1\">\"Archived copy\". Archived from&nbsp;the original&nbsp;on 2017-04-06<span class=\"reference-accessdate\">. Retrieved&nbsp;<span class=\"nowrap\">2018-10-03</span></span>.</cite></span></li>\n<li id=\"cite_note-71\"><span class=\"mw-cite-backlink\"><strong>^</strong></span>&nbsp;<span class=\"reference-text\"><cite class=\"citation web cs1\">\"Archived copy\". Archived from&nbsp;the original&nbsp;on 2016-06-30<span class=\"reference-accessdate\">. Retrieved&nbsp;<span class=\"nowrap\">2018-10-03</span></span>.</cite></span></li>\n<li id=\"cite_note-Decoded-72\"><span class=\"mw-cite-backlink\">^&nbsp;<span class=\"cite-accessibility-label\">Jump up to:</span><sup><em><strong>a</strong></em></sup>&nbsp;<sup><em><strong>b</strong></em></sup></span>&nbsp;<span class=\"reference-text\"><cite class=\"citation web cs1\">\"The 33rd annual International Dance Music Awards (IDMA) announces nominees\". February 26, 2019.</cite></span></li>\n<li id=\"cite_note-74\"><span class=\"mw-cite-backlink\"><strong>^</strong></span>&nbsp;<span class=\"reference-text\"><cite class=\"citation web cs1\">\"WMC - 34th Annual International Dance Music Awards\".&nbsp;<em>WMC &middot; Winter Music Conference - Virtual Edition - May 20-21, 2021</em>.</cite></span></li>\n</ol>\n</div>",
 "remarks": "本词条汉字内容由 @多频百科团队 翻译+编辑\n原文译自 https://en.wikipedia.org/wiki/Electric_Daisy_Carnival",
 "remarksEn": "本词条内容来自 https://en.wikipedia.org/wiki/Electric_Daisy_Carnival",
 "status": 1,
 "clickNum": 67,
 "deleted": 0,
 "lang": 0,
 "chooseLang": true,
 "id": 91,
 "name": "Electric Daisy Carnival",
 "descriptions": "Electric Daisy Carnival，简称EDC，是世界三大电子音乐节之一。EDC的主题与 Tomorrowland的奇幻风格略有不同，强调爱与包容，并且在LED灯光的使用上更加多样化。 每年其最大规模的活动在内华达州的拉斯维加斯举办，流行电音制作人和DJ在各地的EDC登台演出。EDC举办范围覆盖美国多地：加利福尼亚、科罗拉多、佛罗里达州，伊利诺斯、内华达州、新泽西、纽约、德克萨斯等。2018年，EDC在上海成功举办。",
 "picture": "https://duopin-community.oss-cn-shenzhen.aliyuncs.com/v3ptbpeg19e7267v36f6.png",
 "originalName": "雏菊电音嘉年华，EDC",
 "holdTimeText": "1991–1993 (first incarnation)\r\n1997–present (Insomniac)",
 "holdAddress": "Las Vegas, Nevada, all of the world",
 "searchAddress": "美国",
 "sponsor": "Insomniac Events",
 "foundTimeText": "1991",
 "officialUrl": "http://www.electricdaisycarnival.com/",
 "referenceUrl": "https://en.wikipedia.org/wiki/Electric_Daisy_Carnival",
 "nonceStatusText": "运营中",
 "typeId": 16,
 "typeName": "电音节",
 "dataId": 91,
 "url": "http://dropinapp.hearinmusic.com/#/ency?typeId=16&dataId=91"
}