{
 "pageNum": 1,
 "pageSize": 10,
 "params": {},
 "content": "<p>Electric Love音乐节。由Revolution Event GmbH经营。每年七月第二个周末在奥地利的Plainfeld举办。音乐节的大牌包括Armin van Buuren，Hardwell，Dimitri Vegas和Like Mike，David Guetta，Martin Garrix，Axwell，Sebastian Ingrosso，Ti&euml;sto等。2014年音乐节吸引了100,000多名与会者。</p>\n<p>&nbsp;</p>\n<p>根据《EMF》的报道，该音乐节是&ldquo;奥地利领先的电子音乐节&rdquo;。</p>\n<p>&nbsp;</p>",
 "contentEn": "<p><strong>Electric Love</strong><sup id=\"cite_ref-1\" class=\"reference\">[1]</sup>&nbsp;is an&nbsp;electronic dance music&nbsp;festival held annually since 2013.<sup id=\"cite_ref-2\" class=\"reference\">[2]</sup>&nbsp;Takes place at the second weekend in July at the&nbsp;Salzburgring&nbsp;in&nbsp;Plainfeld,&nbsp;Austria. Headliners have included&nbsp;Armin van Buuren,&nbsp;Hardwell,&nbsp;Dimitri Vegas &amp; Like Mike,&nbsp;David Guetta,&nbsp;Martin Garrix,&nbsp;Axwell,&nbsp;Sebastian Ingrosso,&nbsp;Ti&euml;sto&nbsp;etc. According to&nbsp;<em>Technoton Magazin,</em>&nbsp;the 2014 festival attracted over 100,000 attendees. It is operated by Revolution Event GmbH.<sup id=\"cite_ref-3\" class=\"reference\">[3]</sup></p>\n<p>&nbsp;</p>\n<p>According to&nbsp;<em>EMF Magazine</em>, the festival is \"Austria's leading electronic music festival\".<sup id=\"cite_ref-4\" class=\"reference\">[4]</sup></p>\n<p>&nbsp;</p>\n<h2><span id=\"References\" class=\"mw-headline\">References</span></h2>\n<div class=\"reflist\">\n<div class=\"mw-references-wrap\">\n<ol class=\"references\">\n<li id=\"cite_note-1\"><span class=\"mw-cite-backlink\"><strong>^</strong></span>&nbsp;<span class=\"reference-text\">https://www.electriclove.at/en/line-up</span></li>\n<li id=\"cite_note-2\"><span class=\"mw-cite-backlink\"><strong>^</strong></span>&nbsp;<span class=\"reference-text\">Magdalena Dorner, Christopher Tafeit, Silke Bruckner (un)geschriebene Geschichten: Zeitpunkte aus Europa 3738644024 2015 p20 \"In ein paar Tagen fahren wir gemeinsam zum &bdquo;Electric Love&ldquo; Festival.\"</span></li>\n<li id=\"cite_note-3\"><span class=\"mw-cite-backlink\"><strong>^</strong></span>&nbsp;<span class=\"reference-text\">[1]<sup class=\"noprint Inline-Template\">[<em><span title=\"&nbsp;Dead link since October 2015\">dead link</span></em>]</sup></span></li>\n<li id=\"cite_note-4\"><span class=\"mw-cite-backlink\"><strong>^</strong></span>&nbsp;<span class=\"reference-text\"><cite class=\"citation web cs1\">\"ELECTRIC LOVE FESTIVAL @ Salzburg (10-12/7) | EMF\".&nbsp;<em>Emfmag.net</em>. Archived from&nbsp;the original&nbsp;on 2014-08-05<span class=\"reference-accessdate\">. Retrieved&nbsp;<span class=\"nowrap\">2015-10-17</span></span>.</cite></span></li>\n<li id=\"cite_note-:0-5\"><span class=\"mw-cite-backlink\">^&nbsp;<span class=\"cite-accessibility-label\">Jump up to:</span><sup><em><strong>a</strong></em></sup>&nbsp;<sup><em><strong>b</strong></em></sup>&nbsp;<sup><em><strong>c</strong></em></sup>&nbsp;<sup><em><strong>d</strong></em></sup>&nbsp;<sup><em><strong>e</strong></em></sup>&nbsp;<sup><em><strong>f</strong></em></sup>&nbsp;<sup><em><strong>g</strong></em></sup>&nbsp;<sup><em><strong>h</strong></em></sup></span>&nbsp;<span class=\"reference-text\"><cite class=\"citation web cs1\">\"Electric Love Festival 2017\".&nbsp;<em>Festicket</em><span class=\"reference-accessdate\">. Retrieved&nbsp;<span class=\"nowrap\">2020-02-25</span></span>.</cite></span></li>\n<li id=\"cite_note-:1-6\"><span class=\"mw-cite-backlink\">^&nbsp;<span class=\"cite-accessibility-label\">Jump up to:</span><sup><em><strong>a</strong></em></sup>&nbsp;<sup><em><strong>b</strong></em></sup>&nbsp;<sup><em><strong>c</strong></em></sup>&nbsp;<sup><em><strong>d</strong></em></sup>&nbsp;<sup><em><strong>e</strong></em></sup>&nbsp;<sup><em><strong>f</strong></em></sup>&nbsp;<sup><em><strong>g</strong></em></sup>&nbsp;<sup><em><strong>h</strong></em></sup></span>&nbsp;<span class=\"reference-text\"><cite class=\"citation web cs1\">\"Electric Love Festival 2018\".&nbsp;<em>Festicket</em><span class=\"reference-accessdate\">. Retrieved&nbsp;<span class=\"nowrap\">2020-02-25</span></span>.</cite></span></li>\n<li id=\"cite_note-:2-7\"><span class=\"mw-cite-backlink\">^&nbsp;<span class=\"cite-accessibility-label\">Jump up to:</span><sup><em><strong>a</strong></em></sup>&nbsp;<sup><em><strong>b</strong></em></sup>&nbsp;<sup><em><strong>c</strong></em></sup>&nbsp;<sup><em><strong>d</strong></em></sup>&nbsp;<sup><em><strong>e</strong></em></sup>&nbsp;<sup><em><strong>f</strong></em></sup>&nbsp;<sup><em><strong>g</strong></em></sup>&nbsp;<sup><em><strong>h</strong></em></sup>&nbsp;<sup><em><strong>i</strong></em></sup>&nbsp;<sup><em><strong>j</strong></em></sup></span>&nbsp;<span class=\"reference-text\"><cite class=\"citation web cs1\">\"Electric Love Festival 2019\".&nbsp;<em>Festicket</em><span class=\"reference-accessdate\">. Retrieved&nbsp;<span class=\"nowrap\">2020-02-25</span></span>.</cite></span></li>\n<li id=\"cite_note-:10-8\"><span class=\"mw-cite-backlink\"><strong>^</strong></span>&nbsp;<span class=\"reference-text\"><cite class=\"citation web cs1\">\"Abgesagt: Electric Love Festival f&auml;llt heuer aus\".</cite></span></li>\n<li id=\"cite_note-9\"><span class=\"mw-cite-backlink\"><strong>^</strong></span>&nbsp;<span class=\"reference-text\"><cite id=\"CITEREFsalzburg_ORF_at_red2021\" class=\"citation web cs1\">salzburg ORF at red (2021-05-07).&nbsp;\"Electric Love: Kleineres Festival im August\"&nbsp;(in German).</cite></span></li>\n</ol>\n</div>\n</div>",
 "remarks": "本词条汉字内容由 @多频百科团队 翻译+编辑\n原文译自 https://en.wikipedia.org/wiki/Electric_Love",
 "remarksEn": "本词条内容来自 https://en.wikipedia.org/wiki/Electric_Love",
 "status": 1,
 "clickNum": 12,
 "deleted": 0,
 "lang": 0,
 "chooseLang": true,
 "id": 119,
 "name": "Electric Love Festival",
 "descriptions": "Electric Love音乐节。由Revolution Event GmbH经营。每年七月第二个周末在奥地利的Plainfeld举办。音乐节的大牌包括Armin van Buuren，Hardwell，Dimitri Vegas和Like Mike，David Guetta，Martin Garrix，Axwell，Sebastian Ingrosso，Tiësto等。2014年音乐节吸引了100,000多名与会者。",
 "picture": "https://duopin-community.oss-cn-shenzhen.aliyuncs.com/asf6j6oklyf240fdr47k.png",
 "originalName": "电动爱",
 "holdTimeText": "second weekend in July",
 "holdAddress": "Salzburgring, Plainfeld, Austria",
 "searchAddress": "奥地利",
 "sponsor": "Revolution Event GmbH",
 "foundTimeText": "2013",
 "officialUrl": "https://www.electriclove.at/de",
 "referenceUrl": "https://en.wikipedia.org/wiki/Electric_Love",
 "nonceStatusText": "运营中",
 "typeId": 16,
 "typeName": "电音节",
 "dataId": 119,
 "url": "http://dropinapp.hearinmusic.com/#/ency?typeId=16&dataId=119"
}