{
 "pageNum": 1,
 "pageSize": 10,
 "params": {},
 "content": "<p>Electric Castle是一年一度的音乐节，在罗马尼亚克卢日纳波卡附近的班菲城堡的特兰西瓦尼亚地区举行，融合了音乐、技术和另类艺术。它具有多种音乐类型，包括摇滚、独立、嘻哈、电子、电子、鼓和贝斯以及艺术装置。</p>\n<p>&nbsp;</p>\n<p>在第七届中，该节日在欧洲节日奖中获得了最佳中型节日奖，Electric Castle 自成立以来一直被提名。在过去的版本中，电影节已经确认了诸如弗洛伦斯 + 机器、火星三十秒、神童、尼尔斯弗拉姆、Skrillex、带给我地平线、Deadmau5、alt-J、弗朗兹费迪南德、Fatboy Slim、Sigur Ros 等名称。Bastille&nbsp;,&nbsp;Rudimental&nbsp;,&nbsp;Thievery Corporation&nbsp;,Die Antwood和许多其他艺术家在其十个舞台中的一个舞台上表演。</p>\n<p>&nbsp;</p>\n<p><strong>历史</strong></p>\n<p><span style=\"text-decoration: underline;\">2013</span></p>\n<p>第一届电动城堡节于 6 月 21 日至 23 日举行。超过 32.000 人通过节日的大门，90 多位艺术家在 4 个舞台上表演。</p>\n<p>&nbsp;</p>\n<p><span style=\"text-decoration: underline;\">2014</span></p>\n<p>第二届Electric Castle音乐节于 6 月 19 日至 22 日举行。它有 79,000 名观众（仅露营区有 11,000 名观众），成为有史以来第二大罗马尼亚音乐盛会。&nbsp;2014年以&ldquo;更大、更强、更好&rdquo;为口号，共有4个节日日、5个舞台和130多名艺术家。</p>\n<p>&nbsp;</p>\n<p>2013 年 12 月宣布了该节日的第一批头条新闻之一Rusko。Rusko 即将在罗马尼亚首次演出。名单上还有Thievery Corporation、DJ Fresh和Bonobo等艺术家。由于医疗原因，Rusko 不得不取消音乐会，由Dub FX取代。</p>\n<p>&nbsp;</p>\n<p>Die Antwood于 2014 年 3 月被宣布为头条新闻，Gramatik和Sasha是今年宣布的最后一位表演者。Die Antwood 也首次将罗马尼亚纳入了他们的世界巡演。他们的音乐会将代表他们的新专辑Donker Mag 的发行。</p>\n<p>&nbsp;</p>\n<p>受邀艺人130人，艺人表演舞台5个。</p>\n<h3>&nbsp;</h3>\n<p><span style=\"text-decoration: underline;\">2015</span></p>\n<p>第三届 Electric Castle 于 6 月 25 日至 28 日举行。它拥有 97.000 名观众、6 个音乐舞台和 150 多位表演艺术家。节日在 10.000 平方米的场地上展开。</p>\n<p>&nbsp;</p>\n<p><span style=\"text-decoration: underline;\">2016</span></p>\n<p>第四届 Electric Castle 于 7 月 14 日至 17 日举行。新的节日设置，占地 18.000 平方米，节日在 4 天内带来了超过 120.000 人。</p>\n<p>&nbsp;</p>\n<p><span id=\"2017\"><span style=\"text-decoration: underline;\">2017</span>&nbsp;</span></p>\n<p>第五届 Electric Castle 于 2017 年 7 月 12 日至 16 日举行。 以&ldquo;迄今为止最壮观的 EC&rdquo;为座右铭，这是迄今为止最大的 Electric Castle 版本，在 5 天内有超过 171.000 人参观了该节日。</p>\n<h3>&nbsp;</h3>\n<p><span style=\"text-decoration: underline;\">2018</span></p>\n<p>第六届 Electric Castle (EC6) 于 7 月 18 日至 22 日举行。在&ldquo;在城堡见我&rdquo;的座右铭下，EC6 继续扩大节日的规模，增加了 30% 的节日场地和超过 25,000 人的有盖建筑。</p>\n<p>&nbsp;</p>\n<p>2018锯第一Elrow党在罗马尼亚&nbsp;，并在罗马尼亚节日与第一阶段收购招待费-医院记录-鼓和低音晚上在中学阶段。</p>\n<p>&nbsp;</p>\n<p><span style=\"text-decoration: underline;\">2019</span></p>\n<p>第七届 Electric Castle (EC7) 于 7 月 17 日至 21 日举行。在&ldquo;所有隐藏的事物/所有美丽的事物&rdquo;的座右铭下，EC7 突出了节日观众在白天和夜间看到的对比。今年也是第一次新媒体城堡，视觉艺术家的艺术装置展示，在城堡和相邻的建筑物内举行。[14]</p>\n<p>&nbsp;</p>\n<p>Electric Castle 2019 是第一个在Amber Galloway Gallego和她的团队的帮助下为听障人士实施手语翻译的罗马尼亚节日。手语翻译员被安置在主舞台右侧的一个凸起的平台上，翻译了所有主要的表演。</p>\n<p>&nbsp;</p>\n<p><span style=\"text-decoration: underline;\">2021</span><span id=\"2021\">&nbsp;</span></p>\n<p>第八届 Electric Castle (EC8) 将于 2021 年 7 月 14 日至 18 日举行。</p>\n<p>&nbsp;</p>\n<p>虽然官方只确认了 21 名飞行员，但预计阵容将与现在推迟的 2020 版电影节相同。</p>\n<div>\n<div>&nbsp;</div>\n<div><strong>城堡</strong></div>\n</div>\n<p>班菲城堡（或 Bonţida B&aacute;nffy 城堡）是一座巴洛克式建筑纪念碑，位于罗马尼亚克卢日纳波卡附近的一个村庄Bonţida。它建于 15 世纪，归B&aacute;nffy 家族所有（Mikl&oacute;s B&aacute;nffy是该家族的成员）。主人是卡塔林班菲。</p>\n<p>&nbsp;</p>\n<p>这座城堡在二战期间被德国军队亵渎，并被罗马尼亚的共产主义政权忽视；特兰西瓦尼亚信托基金会目前正在将其恢复为文化中心。通过特兰西瓦尼亚信托基金和历史建筑保护研究所的存在，他们是在城堡内设立的国际建筑遗产保护培训中心的组织者，可以确保高质量的修复和长期保护。</p>\n<p>&nbsp;</p>\n<p>电动城堡节通过捐赠门票销售收入来支持修复过程。</p>\n<p>&nbsp;</p>\n<p><strong>影响</strong></p>\n<p>该节日为 Bonțida 社区创造了收入，因为大量当地人将他们的房屋改建成旅馆，为节日观众提供住宿。此外，一些当地人为参与者的汽车提供停车位，并提供廉价的食物和饮料替代品。</p>\n<p>&nbsp;</p>\n<p>组织者为班菲城堡的修复筹集了资金，并通过正在进行的&ldquo;给我一块砖&rdquo;运动，设法修复了屋顶和地板，鼓励节日观众通过节日酒吧捐赠&ldquo;砖&rdquo;或&ldquo;砂浆&rdquo;。&nbsp;&ldquo;砖块&rdquo;和&ldquo;砂浆&rdquo;是相当于一块实际砖块和一桶实际砂浆的金额。</p>\n<p>&nbsp;</p>\n<p>通过节日赞助商的持续参与，当地学校的运动场得到了修复，并为教室购买了家具。</p>",
 "contentEn": "<p><strong>Electric Castle</strong>&nbsp;is an annual music festival held on the Transylvanian domain of the&nbsp;B&aacute;nffy Castle, near&nbsp;Cluj-Napoca&nbsp;in&nbsp;Romania, and combines music, technology and alternative arts. It features many genres of music including rock, indie, hip hop, electronic, techno, and drum and bass as well as art installations.</p>\n<p>&nbsp;</p>\n<p>In the seventh edition, the festival has received the award for the Best Medium Sized Festival at the European Festival Awards, where Electric Castle has been nominated since its existence. On its past editions, the festival had confirmed names such as&nbsp;Florence + the Machine,&nbsp;Thirty Seconds to Mars,&nbsp;The Prodigy,&nbsp;Nils Frahm,&nbsp;Skrillex,&nbsp;Bring me the Horizon,&nbsp;Deadmau5,&nbsp;alt-J,&nbsp;Franz Ferdinand,&nbsp;Fatboy Slim,&nbsp;Sigur Ros,&nbsp;Bastille,&nbsp;Rudimental,&nbsp;Thievery Corporation,&nbsp;Die Antwoord&nbsp;and many other artists that performed on one of its ten stages.</p>\n<p>&nbsp;</p>\n<h2><span id=\"History\" class=\"mw-headline\">History</span></h2>\n<h3><span id=\"2013\" class=\"mw-headline\">2013</span></h3>\n<p>The first edition of Electric Castle Festival took place from June 21 to 23. More than 32.000 people passed through the festival's gates and on the 4 stages over 90 artists performed.<sup id=\"cite_ref-1\" class=\"reference\">[1]</sup></p>\n<p>&nbsp;</p>\n<h3><span id=\"2014\" class=\"mw-headline\">2014</span></h3>\n<p>The second edition of the Electric Castle Festival took place from June 19 to 22. It had an audience of 79,000 (11,000 only in the camping area), becoming the second biggest Romanian music event ever.<sup id=\"cite_ref-2\" class=\"reference\">[2]</sup>&nbsp;The 2014 edition went under the slogan of \"bigger, stronger, better\", with 4 festival days, 5 stages and over 130 artists.<sup id=\"cite_ref-3\" class=\"reference\">[3]</sup></p>\n<p>&nbsp;</p>\n<p>One of the first headliners of the festival,&nbsp;Rusko, was announced in December 2013.<sup id=\"cite_ref-4\" class=\"reference\">[4]</sup>&nbsp;Rusko was about to perform for the first time in Romania. The list continued with artists like&nbsp;Thievery Corporation,&nbsp;DJ Fresh&nbsp;and&nbsp;Bonobo. Due to medical reasons Rusko had to cancel the concert being replaced by&nbsp;Dub FX.<sup id=\"cite_ref-5\" class=\"reference\">[5]</sup></p>\n<p>&nbsp;</p>\n<p>Die Antwoord&nbsp;were announced as the headliner in March 2014,Gramatik&nbsp;and&nbsp;Sasha&nbsp;being the last names announced to perform this year. Die Antwoord have included Romania in their world tour for the first time as well. Their concert will represent the release of their new album called&nbsp;Donker Mag.<sup id=\"cite_ref-6\" class=\"reference\">[6]</sup></p>\n<p>&nbsp;</p>\n<p>The number of the artists invited was 130, the number of stages on which the artists performed was 5.<sup id=\"cite_ref-7\" class=\"reference\">[7]</sup></p>\n<p>&nbsp;</p>\n<h3><span id=\"2015\" class=\"mw-headline\">2015</span></h3>\n<p>The third edition of Electric Castle took place from June 25 to 28. It had an audience of 97.000 people, 6 musical stages and over 150 performing artists. The festival spread on 10.000 square meters surface.<sup id=\"cite_ref-8\" class=\"reference\">[8]</sup></p>\n<p>&nbsp;</p>\n<h3><span id=\"2016\" class=\"mw-headline\">2016</span></h3>\n<p>The fourth edition of Electric Castle took place from July 14 to 17. With a new festival setup, spread on 18.000 square meters surface, the festival brought over 120.000 people in 4 Days.<sup id=\"cite_ref-9\" class=\"reference\">[9]</sup></p>\n<p>&nbsp;</p>\n<h3><span id=\"2017\" class=\"mw-headline\">2017</span></h3>\n<p>The fifth edition of Electric Castle took place between the 12th and 16 July 2017. Held under the motto \"The most spectacular EC yet\", it was the biggest edition of Electric Castle until that time with over 171.000 visiting the festival during the 5 days.<sup id=\"cite_ref-10\" class=\"reference\">[10]</sup></p>\n<p>&nbsp;</p>\n<h3><span id=\"2018\" class=\"mw-headline\">2018</span></h3>\n<p>The sixth edition of Electric Castle (EC6) took place between July 18&ndash;22. Held under the \"Meet me at the Castle\" motto, EC6 continued the festival's expansion with a 30% increase on the festival grounds and covered structures for more than 25.000 people.<sup id=\"cite_ref-11\" class=\"reference\">[11]</sup></p>\n<p>&nbsp;</p>\n<p>2018 saw the first Elrow party in Romania<sup id=\"cite_ref-12\" class=\"reference\">[12]</sup>&nbsp;and the first stage takeover for a festival in Romania with the&nbsp;Hospitality&nbsp;- Hospital Records -&nbsp;drum and bass&nbsp;night at a secondary stage.<sup id=\"cite_ref-13\" class=\"reference\">[13]</sup></p>\n<p>&nbsp;</p>\n<h3><span id=\"2019\" class=\"mw-headline\">2019</span></h3>\n<p>The seventh edition of Electric Castle (EC7) took place between July 17&ndash;21. Held under the \"All things hidden/All things beautiful\" motto, EC7 highlighted the contrasts a festival goer sees during the daytime vs during nighttime. This year was also the first time New Media Castle, a showcase of art installations by visual artists, took place inside the castle and the adjacent buildings.<sup id=\"cite_ref-14\" class=\"reference\">[14]</sup></p>\n<p>&nbsp;</p>\n<p><strong>Accessibility for the hearing impaired</strong></p>\n<p>Electric Castle 2019 was the first Romanian festival to implement a sign language translator for the hearing impaired with the help of&nbsp;Amber Galloway Gallego&nbsp;and her team.<sup id=\"cite_ref-15\" class=\"reference\">[15]</sup>&nbsp;The sign language interpreters were positioned on a raised platform on the right of the Main Stage and translated all major acts.</p>\n<p>&nbsp;</p>\n<h3><span id=\"2021\" class=\"mw-headline\">2021</span></h3>\n<p>The eight edition of Electric Castle (EC8) will take place between July 14&ndash;18, 2021.<sup id=\"cite_ref-16\" class=\"reference\">[16]</sup></p>\n<p>&nbsp;</p>\n<p>Although only Twenty One Pilots are officially confirmed, the lineup is expected to be the same as the now postponed 2020 version of the festival.</p>\n<p>&nbsp;</p>\n<h2><span id=\"The_Castle\" class=\"mw-headline\">The Castle</span></h2>\n<p>B&aacute;nffy Castle&nbsp;(or Bonţida B&aacute;nffy Castle) is an architectonic Baroque monument situated in&nbsp;Bonţida, a village in the vicinity of Cluj-Napoca, Romania. It was built during the 15th century and was owned by the&nbsp;B&aacute;nffy family&nbsp;(of which&nbsp;Mikl&oacute;s B&aacute;nffy&nbsp;was a member). The owner is Katalin Banffy.</p>\n<p>&nbsp;</p>\n<p>The castle was desecrated during World War II by German troops and neglected by the communist regime in Romania; it is currently being restored by the Transylvania Trust as a cultural center. Through the presence of the Transylvania Trust and the Institute of Historic Building Conservation, who are the organizers of the International Built Heritage Conservation Training Centre set up within the Castle, the high quality restoration and long term protection can be ensured.</p>\n<p>&nbsp;</p>\n<p>Electric Castle Festival is supporting the restoration process by donating an amount of the money earned from the tickets sale.<sup id=\"cite_ref-17\" class=\"reference\">[17]</sup></p>\n<p>&nbsp;</p>\n<h2><span id=\"Impact\" class=\"mw-headline\">Impact</span></h2>\n<p>The festival generates revenue for the Bonțida community as a large number of locals convert their homes into hostels to provide accommodation for the festival goers. Also, some locals provide parking spaces for the participants' cars and cheap alternatives for food and drinks.<sup id=\"cite_ref-18\" class=\"reference\">[18]</sup></p>\n<p>&nbsp;</p>\n<p>The organisers have raised money for the B&aacute;nffy Castle's restoration, and managed to restore the roof and build flooring, through the ongoing Give me a Brick campaign, encouraging festival goers to donate \"bricks\" or \"mortar\" through the festival bars.<sup id=\"cite_ref-19\" class=\"reference\">[19]</sup>&nbsp;The \"bricks\" and \"mortar\" are sums of money equivalent to an actual brick and an actual bucket of mortar.</p>\n<p>&nbsp;</p>\n<p>Through the continued implication of festival sponsors, the sports ground for the local school was restored and furniture was bought for classrooms.<sup id=\"cite_ref-20\" class=\"reference\">[20]</sup></p>\n<p>&nbsp;</p>\n<h2><span id=\"References\" class=\"mw-headline\">References</span></h2>\n<div class=\"reflist\">\n<div class=\"mw-references-wrap mw-references-columns\">\n<ol class=\"references\">\n<li id=\"cite_note-1\"><span class=\"mw-cite-backlink\"><strong>^</strong></span>&nbsp;<span class=\"reference-text\"><cite class=\"citation news cs1\">\"Peste 32.000 de spectatori, la Electric Castle. Vezi cifrele evenimentului\".&nbsp;<em>Ziua de Cluj</em>. 2013-06-27. Archived from&nbsp;the original&nbsp;on 2013-07-08.</cite></span></li>\n<li id=\"cite_note-2\"><span class=\"mw-cite-backlink\"><strong>^</strong></span>&nbsp;<span class=\"reference-text\"><cite class=\"citation news cs1\">\"Record de spectatori la Festivalul Electric Castle de la Bontida\". Gandul.info<span class=\"reference-accessdate\">. Retrieved&nbsp;<span class=\"nowrap\">2014-06-24</span></span>.</cite></span></li>\n<li id=\"cite_note-3\"><span class=\"mw-cite-backlink\"><strong>^</strong></span>&nbsp;<span class=\"reference-text\"><cite id=\"CITEREFOsan\" class=\"citation news cs1\">Osan, Adina.&nbsp;\"Peste 130 de trupe şi artişti vor concerta la Festivalul Electric Castle de la Bonţida\". Mediafax<span class=\"reference-accessdate\">. Retrieved&nbsp;<span class=\"nowrap\">2014-04-16</span></span>.</cite></span></li>\n<li id=\"cite_note-4\"><span class=\"mw-cite-backlink\"><strong>^</strong></span>&nbsp;<span class=\"reference-text\">http://muzica.metropotam.ro/stiri-evenimente-muzicale/rusko-primul-headliner-de-la-electric-castle-2014-art1414230058/</span></li>\n<li id=\"cite_note-5\"><span class=\"mw-cite-backlink\"><strong>^</strong></span>&nbsp;<span class=\"reference-text\"><cite class=\"citation news cs1\">\"Rusko nu mai vine la Electric Castle\". Ziua de Cluj. Archived from&nbsp;the original&nbsp;on 2014-06-20<span class=\"reference-accessdate\">. Retrieved&nbsp;<span class=\"nowrap\">2014-06-17</span></span>.</cite></span></li>\n<li id=\"cite_note-6\"><span class=\"mw-cite-backlink\"><strong>^</strong></span>&nbsp;<span class=\"reference-text\"><cite class=\"citation web cs1\">\"Archived copy\". Archived from&nbsp;the original&nbsp;on 2014-06-07<span class=\"reference-accessdate\">. Retrieved&nbsp;<span class=\"nowrap\">2014-06-07</span></span>.</cite></span></li>\n<li id=\"cite_note-7\"><span class=\"mw-cite-backlink\"><strong>^</strong></span>&nbsp;<span class=\"reference-text\"><cite class=\"citation web cs1\">\"Archived copy\". Archived from&nbsp;the original&nbsp;on 2014-07-16<span class=\"reference-accessdate\">. Retrieved&nbsp;<span class=\"nowrap\">2014-06-05</span></span>.</cite></span></li>\n<li id=\"cite_note-8\"><span class=\"mw-cite-backlink\"><strong>^</strong></span><span class=\"reference-text\">http://www.digi24.ro/Stiri/Digi24/Timp+liber/Stiri/Oficial+Numar+record+de+spectatori+la+Electric+Castle+2015</span></li>\n<li id=\"cite_note-9\"><span class=\"mw-cite-backlink\"><strong>^</strong></span>&nbsp;<span class=\"reference-text\">http://www.businessmagazin.ro/analize/turism/electric-castle-2016-bontida-comuna-clujeana-care-a-gazduit-festivalul-de-muzica-a-atras-de-sase-ori-mai-multi-turisti-decat-localnici-galerie-foto-15531573</span></li>\n<li id=\"cite_note-10\"><span class=\"mw-cite-backlink\"><strong>^</strong></span>&nbsp;<span class=\"reference-text\">https://www.clujlife.com/2017/07/17/174-000-de-oameni-la-electric-castle-2017/</span></li>\n<li id=\"cite_note-11\"><span class=\"mw-cite-backlink\"><strong>^</strong></span>&nbsp;<span class=\"reference-text\"><cite class=\"citation news cs1\">\"AMR 48 de ore p&acirc;nă la Electric Castle 6 | Evenimente din Cluj-Napoca\".&nbsp;<em>ClujLife - Te scoate din casă</em>. 2018-07-16<span class=\"reference-accessdate\">. Retrieved&nbsp;<span class=\"nowrap\">2018-11-07</span></span>.</cite></span></li>\n<li id=\"cite_note-12\"><span class=\"mw-cite-backlink\"><strong>^</strong></span>&nbsp;<span class=\"reference-text\"><cite class=\"citation news cs1\">\"Show &icirc;n premieră pentru Rom&acirc;nia la Electric Castle: Elrow Party - cluju.ro\".&nbsp;<em>cluju.ro</em>&nbsp;(in Romanian). 2018-07-19<span class=\"reference-accessdate\">. Retrieved&nbsp;<span class=\"nowrap\">2018-11-07</span></span>.</cite></span></li>\n<li id=\"cite_note-13\"><span class=\"mw-cite-backlink\"><strong>^</strong></span>&nbsp;<span class=\"reference-text\"><cite class=\"citation news cs1\">\"HOSPITALITY AT ELECTRIC CASTLE\".&nbsp;<em>Hospitality</em><span class=\"reference-accessdate\">. Retrieved&nbsp;<span class=\"nowrap\">2018-11-07</span></span>.</cite></span></li>\n<li id=\"cite_note-14\"><span class=\"mw-cite-backlink\"><strong>^</strong></span>&nbsp;<span class=\"reference-text\"><cite class=\"citation web cs1\">\"New Media Castle - Unique Electric Castle Experience\".</cite></span></li>\n<li id=\"cite_note-15\"><span class=\"mw-cite-backlink\"><strong>^</strong></span>&nbsp;<span class=\"reference-text\"><cite class=\"citation news cs1\">\"Electric Castle 2019. Amber Galloway, femeia care a făcut muzica accesibilă persoanelor cu deficienţe de auz\".&nbsp;<em>Adevărul</em>. July 21, 2019.</cite></span></li>\n<li id=\"cite_note-16\"><span class=\"mw-cite-backlink\"><strong>^</strong></span>&nbsp;<span class=\"reference-text\"><cite class=\"citation web cs1\">\"Important update on EC8\".</cite></span></li>\n<li id=\"cite_note-17\"><span class=\"mw-cite-backlink\"><strong>^</strong></span>&nbsp;<span class=\"reference-text\"><cite class=\"citation news cs1\">\"Organizatorii Electric Castle: O parte din vanzarea de bilete merg la restaurarea castelului\".&nbsp;<em>Ziua de Cluj</em>. 2013-06-22. Archived from&nbsp;the original&nbsp;on 2013-11-05.</cite></span></li>\n<li id=\"cite_note-18\"><span class=\"mw-cite-backlink\"><strong>^</strong></span>&nbsp;<span class=\"reference-text\"><cite class=\"citation news cs1\">\"Electric Castle a adus prosperitate &icirc;n Bonțida: \"Mi-am construit casă. E mană cerească festivalul ăsta<span class=\"cs1-kern-right\">\"</span>\".&nbsp;<em>Stirileprotv.ro</em><span class=\"reference-accessdate\">. Retrieved&nbsp;<span class=\"nowrap\">2018-11-07</span></span>.</cite></span></li>\n<li id=\"cite_note-19\"><span class=\"mw-cite-backlink\"><strong>^</strong></span>&nbsp;<span class=\"reference-text\"><cite class=\"citation news cs1\">\"Festivalierii de la Electric Castle pot contribui la restaurarea Castelului Banffy\".&nbsp;<em>www.actualdecluj.ro</em>&nbsp;(in Romanian)<span class=\"reference-accessdate\">. Retrieved&nbsp;<span class=\"nowrap\">2018-11-07</span></span>.</cite></span></li>\n<li id=\"cite_note-20\"><span class=\"mw-cite-backlink\"><strong>^</strong></span>&nbsp;<span class=\"reference-text\"><cite class=\"citation web cs1\">\"Lidl Romania a alocat 70.000 euro pentru modernizarea scolii din Bontida | Stiri Zilnice despre Responsabilitate Sociala Corporativa\".&nbsp;<em>www.csrmedia.ro</em>&nbsp;(in Romanian)<span class=\"reference-accessdate\">. Retrieved&nbsp;<span class=\"nowrap\">2018-11-07</span></span>.</cite></span></li>\n<li id=\"cite_note-21\"><span class=\"mw-cite-backlink\"><strong>^</strong></span>&nbsp;<span class=\"reference-text\"><cite class=\"citation news cs1\">\"Electric Castle nominalizat la European Festival Awards\".&nbsp;<em>Ziar de Cluj</em>. 2013-10-15.</cite></span></li>\n<li id=\"cite_note-22\"><span class=\"mw-cite-backlink\"><strong>^</strong></span>&nbsp;<span class=\"reference-text\"><cite class=\"citation news cs1\">\"Electric Castle și Fusion, nominalizate la European Festival Awards 2013\".&nbsp;<em>Infomusic</em>. 9 December 2013.</cite></span></li>\n<li id=\"cite_note-EFA2019-23\"><span class=\"mw-cite-backlink\"><strong>^</strong></span>&nbsp;<span class=\"reference-text\"><cite class=\"citation web cs1\">\"European Festival Awards - 2019 Winners\".&nbsp;<em>European Festival Awards</em><span class=\"reference-accessdate\">. Retrieved&nbsp;<span class=\"nowrap\">22 February</span>&nbsp;2020</span>.</cite></span></li>\n</ol>\n</div>\n</div>",
 "remarks": "本词条汉字内容由 @多频百科团队 翻译+编辑\n原文译自 https://en.wikipedia.org/wiki/Electric_Castle",
 "remarksEn": "本词条内容来自 https://en.wikipedia.org/wiki/Electric_Castle",
 "status": 1,
 "clickNum": 12,
 "deleted": 0,
 "lang": 0,
 "chooseLang": true,
 "id": 184,
 "name": "Electric Castle",
 "descriptions": "Electric Castle是一年一度的音乐节，在罗马尼亚克卢日纳波卡附近的班菲城堡的特兰西瓦尼亚地区举行，融合了音乐、技术和另类艺术。它具有多种音乐类型，包括摇滚、独立、嘻哈、电子、电子、鼓和贝斯以及艺术装置。",
 "originalName": "",
 "holdTimeText": " July 14–18",
 "holdAddress": "Banffy Castle, Cluj, Romania",
 "searchAddress": "罗马尼亚",
 "joinScale": 231000,
 "sponsor": "",
 "foundTimeText": "2013",
 "officialUrl": "http://electriccastle.com",
 "referenceUrl": "https://en.wikipedia.org/wiki/Electric_Castle",
 "nonceStatusText": "",
 "typeId": 16,
 "typeName": "电音节",
 "dataId": 184,
 "url": "http://dropinapp.hearinmusic.com/#/ency?typeId=16&dataId=184"
}