{
 "pageNum": 1,
 "pageSize": 10,
 "params": {},
 "content": "<div>\n<div class=\"document\">\n<p class=\"paragraph text-align-type-left pap-line-1.8 pap-line-rule-auto pap-spacing-before-2pt pap-spacing-after-2pt\">Electrobeach音乐节（通常简称EMF）是在法国巴卡雷斯港的一个公园举行的年度电子舞蹈音乐节。最新阵容包括Afrojack,&nbsp;Tara McDonald,&nbsp;Dirty South,&nbsp;Hardwell,&nbsp;Sebastian Ingrosso和Armin Van Buuren。2014年分为两个舞台可容纳观众。 2013年，两天内有56，000人。2014年，两天内有80，000人，分两个舞台，可容纳40，000人。</p>\n</div>\n</div>",
 "contentEn": "<p><strong>Electrobeach Music Festival</strong>&nbsp;(often abbreviated as&nbsp;<strong>EMF</strong>) is an annual&nbsp;electronic dance music&nbsp;festival held at a park in&nbsp;Port-Barcar&egrave;s,&nbsp;France. Recent lineups include&nbsp;Afrojack,&nbsp;Tara McDonald,&nbsp;Dirty South,&nbsp;Hardwell,&nbsp;Sebastian Ingrosso&nbsp;and&nbsp;Armin Van Buuren.<sup id=\"cite_ref-1\" class=\"reference\">[1]</sup>&nbsp;In 2014 there were two stages and a capacity of people.<sup id=\"cite_ref-2\" class=\"reference\">[2]</sup>&nbsp;2013 saw 56,000 people over two days. 2014 saw 80,000 people over two days, there were two stages and a capacity of 40,000 people</p>\n<p>&nbsp;</p>\n<h2><span id=\"References\" class=\"mw-headline\">References</span></h2>\n<div class=\"reflist\">\n<div class=\"mw-references-wrap\">\n<ol class=\"references\">\n<li id=\"cite_note-1\"><span class=\"mw-cite-backlink\"><strong>^</strong></span>&nbsp;<span class=\"reference-text\">http://djmag.com/content/david-guetta-added-electrobeach-line</span></li>\n<li id=\"cite_note-2\"><span class=\"mw-cite-backlink\"><strong>^</strong></span>&nbsp;<span class=\"reference-text\">http://www.digitalspy.com/music/review/a584274/wanna-party-in-france-electrobeach-is-one-of-the-best-places-to-start.html#~p7Rqi7MQt85zKg</span></li>\n<li id=\"cite_note-teck-3\"><span class=\"mw-cite-backlink\">^&nbsp;<span class=\"cite-accessibility-label\">Jump up to:</span><sup><em><strong>a</strong></em></sup>&nbsp;<sup><em><strong>b</strong></em></sup></span>&nbsp;<span class=\"reference-text\">Teckyo.com,&nbsp;<em>EMF 2013 &ndash; 19&amp;20 JULY 2013&nbsp;: Electrobeach Music Festival</em></span></li>\n</ol>\n</div>\n</div>",
 "remarks": "本词条汉字内容由 @多频百科团队 翻译+编辑\n原文译自 https://en.wikipedia.org/wiki/Electrobeach_Music_Festival",
 "remarksEn": "本词条内容来自 https://en.wikipedia.org/wiki/Electrobeach_Music_Festival",
 "status": 1,
 "clickNum": 43,
 "deleted": 0,
 "lang": 0,
 "chooseLang": true,
 "id": 154,
 "name": "Electrobeach Music Festival",
 "descriptions": "Electrobeach音乐节（通常简称EMF）是在法国巴卡雷斯港的一个公园举行的年度电子舞蹈音乐节。最新阵容包括Afrojack, Tara McDonald, Dirty South, Hardwell, Sebastian Ingrosso和Armin Van Buuren。2014年分为两个舞台可容纳观众。 2013年，两天内有56，000人。2014年，两天内有80，000人，分两个舞台，可容纳40，000人。",
 "picture": "https://duopin-community.oss-cn-shenzhen.aliyuncs.com/1spcbjy7fm5ht7845jmx.png",
 "originalName": "",
 "holdTimeText": "3 days in July",
 "holdAddress": "Port-Barcarès, France",
 "searchAddress": "法国",
 "joinScale": 180000,
 "sponsor": "Joëlle Ferrand, Office de Tourisme Port-Barcarès",
 "foundTimeText": "2009",
 "officialUrl": "https://www.electrobeach.com/en/",
 "referenceUrl": "https://en.wikipedia.org/wiki/Electrobeach_Music_Festival",
 "nonceStatusText": "运营中",
 "typeId": 16,
 "typeName": "电音节",
 "dataId": 154,
 "url": "http://dropinapp.hearinmusic.com/#/ency?typeId=16&dataId=154"
}