{
 "pageNum": 1,
 "pageSize": 10,
 "params": {},
 "content": "",
 "remarks": "本词条内容暂未完善仅供参考，多频百科小编正在火速赶来",
 "remarksEn": "本词条内容暂未完善仅供参考，多频百科小编正在火速赶来",
 "status": 0,
 "clickNum": 10,
 "deleted": 0,
 "lang": 0,
 "chooseLang": false,
 "id": 181,
 "name": "Elrow",
 "descriptions": "",
 "originalName": "",
 "holdTimeText": "",
 "holdAddress": "",
 "searchAddress": "",
 "sponsor": "",
 "foundTimeText": "1870",
 "referenceUrl": "https://www.elrow.com/en/history",
 "nonceStatusText": "运营中",
 "typeId": 16,
 "typeName": "电音节",
 "dataId": 181,
 "url": "http://dropinapp.hearinmusic.com/#/ency?typeId=16&dataId=181"
}