{
 "pageNum": 1,
 "pageSize": 10,
 "params": {},
 "content": "<p>EPIZODE是在越南最大的岛屿&mdash;&mdash;Phu Quoc岛举办的独特音乐艺术节，将最新的电子音乐浪潮带到亚洲，同时向世界展示最优秀的当地电子音乐艺术家。</p>\n<p>&nbsp;</p>\n<p>活动从2017年开始举办，2020年第四届活动因疫情暂停，2021年9月和11月计划在阿尔巴尼亚和越南分别举行EPIZODE Albania站活动和第五届EPIZODE 5正式活动。</p>",
 "remarks": "本词条内容由 @多频百科团队 编辑",
 "remarksEn": "本词条内容暂未完善仅供参考，多频百科小编正在火速赶来",
 "status": 0,
 "clickNum": 19,
 "deleted": 0,
 "lang": 0,
 "chooseLang": false,
 "id": 160,
 "name": "Epizode",
 "descriptions": "EPIZODE是在越南最大的岛屿——Phu Quoc岛举办的独特音乐艺术节，将最新的电子音乐浪潮带到亚洲，同时向世界展示最优秀的当地电子音乐艺术家。",
 "picture": "https://duopin-community.oss-cn-shenzhen.aliyuncs.com/image/2021/8/2wyytf6wqms1gci97vc8.jpg",
 "originalName": "",
 "holdTimeText": "",
 "holdAddress": "越南",
 "searchAddress": "越南",
 "sponsor": "",
 "foundTimeText": "2017",
 "officialUrl": "https://epizode.asia/",
 "referenceUrl": "",
 "nonceStatusText": "运营中",
 "typeId": 16,
 "typeName": "电音节",
 "dataId": 160,
 "url": "http://dropinapp.hearinmusic.com/#/ency?typeId=16&dataId=160"
}