{
 "pageNum": 1,
 "pageSize": 10,
 "params": {},
 "relationChannel": "[{\"id\":1089,\"parentId\":10,\"name\":\"Exit Festival\"}]",
 "content": "<div>\n<div class=\"document\">\n<p class=\"paragraph text-align-type-left pap-line-1.8 pap-line-rule-auto pap-spacing-before-2pt pap-spacing-after-2pt\">Exit是一个夏季音乐节，在塞尔维亚诺维萨德的彼得罗瓦拉丁堡垒举行。它成立于2000年，在2013年和2017年两次获得欧洲节日奖的最佳主要节日奖。EXIT还在2007年获得了英国节日奖的 \"欧洲最佳节日 \"奖。2018年3月，区域合作委员会授予EXIT节为2017年度区域合作冠军。</p>\n<p class=\"paragraph text-align-type-left pap-line-1.8 pap-line-rule-auto pap-spacing-before-2pt pap-spacing-after-2pt\">&nbsp;</p>\n<p class=\"paragraph text-align-type-left pap-line-1.8 pap-line-rule-auto pap-spacing-before-2pt pap-spacing-after-2pt\"><strong>历史</strong></p>\n<p class=\"paragraph text-align-type-left pap-line-1.8 pap-line-rule-auto pap-spacing-before-2pt pap-spacing-after-2pt\">该节日于2000年在塞尔维亚的诺维萨德成立，是一个学生运动，为塞尔维亚和巴尔干地区的民主和自由而奋斗。&nbsp;2000年南斯拉夫大选后，Exit从该市的大学公园搬到了同一城市的Petrovaradin堡垒。&nbsp;尽管如此，社会责任仍然是节日活动的关键方面。&nbsp;2007年2月，音乐节的管理层将音乐节让给了诺维萨德的执政党，这让出了政治变化和有问题的观点，与音乐节最初所依据的运动相悖。</p>\n<p class=\"paragraph text-align-type-left pap-line-1.8 pap-line-rule-auto pap-spacing-before-2pt pap-spacing-after-2pt\">&nbsp;</p>\n<p class=\"paragraph text-align-type-left pap-line-1.8 pap-line-rule-auto pap-spacing-before-2pt pap-spacing-after-2pt\">2007年，Exit赢得了英国节日奖的最佳海外节日奖，并在Yourope奖中被评为最佳欧洲节日，它在2013年和2017年赢得了欧洲节日奖的最佳主要节日奖。</p>\n<p class=\"paragraph text-align-type-left pap-line-1.8 pap-line-rule-auto pap-spacing-before-2pt pap-spacing-after-2pt\">&nbsp;</p>\n<p class=\"paragraph text-align-type-left pap-line-1.8 pap-line-rule-auto pap-spacing-before-2pt pap-spacing-after-2pt\">2006年，The&nbsp;Observer将Exit列为其25个顶级旅游体验名单中的节日选择。《卫报》将其列入 \"2008年12个顶级旅行\"。 2011年，CNN的国际版《CNN世界嘉年华》将Exit列入世界九个最佳音乐节名单。2013年，Euronews在其挑选的10个欧洲音乐节中将Exit列为第六。 2018年BBC新闻指出，Exit是世界上最大的音乐节之一，接待了来自60个国家的20多万人。2019年6月，福布斯发表文章称，\"由于即将举行的EXIT节，塞尔维亚现在是一个值得你关注的新节日热点\" 。</p>\n<p class=\"paragraph text-align-type-left pap-line-1.8 pap-line-rule-auto pap-spacing-before-2pt pap-spacing-after-2pt\">&nbsp;</p>\n<p class=\"paragraph text-align-type-left pap-line-1.8 pap-line-rule-auto pap-spacing-before-2pt pap-spacing-after-2pt\">2006-2007年塞尔维亚超级品牌将Exit列为七个公共城市形象超级品牌之一。2018年3月在波斯尼亚和黑塞哥维那的萨拉热窝，区域合作委员会授予Exit节为2017年区域合作冠军。</p>\n<p class=\"paragraph text-align-type-left pap-line-1.8 pap-line-rule-auto pap-spacing-before-2pt pap-spacing-after-2pt\">&nbsp;</p>\n<div>\n<div class=\"document\">\n<p class=\"paragraph text-align-type-left pap-line-1.8 pap-line-rule-auto pap-spacing-before-2pt pap-spacing-after-2pt\">Exit在东南欧的五个国家组织了六个活动：五月的Sea&nbsp;Star&nbsp;Festival&nbsp;(Umag,&nbsp;Croatia)&nbsp;；八月的Revolution&nbsp;Festival&nbsp;(Timișoara,&nbsp;Romania)&nbsp;；七月的Exit&nbsp;Festival&nbsp;(Novi&nbsp;Sad,&nbsp;Serbia)&nbsp;；七月的Sunland节（保加利亚的普里莫尔斯科）；八月的Sea&nbsp;Dance&nbsp;Festival&nbsp;（黑山的布德瓦）；以及十一月的无眠节（塞尔维亚的贝尔格莱德）。 由于COVID-19大流行，Exit集团在2020年组织的音乐节被推迟到2021年，除了Exit音乐节，起初被推迟到2020年8月，但最终被推迟到2021年7月，在2020年9月组织4天直播版， 每天只允许250人参加直播， 还有Sea&nbsp;Star&nbsp;Festival，已被推迟到2022年。&nbsp;此前，Exit还组织了&nbsp;Festival&nbsp;84（波斯尼亚和黑塞哥维那的Jahorina山），由于组织者无法控制行政问题，该节在2019年2月被取消。</p>\n<p class=\"paragraph text-align-type-left pap-line-1.8 pap-line-rule-auto pap-spacing-before-2pt pap-spacing-after-2pt\">&nbsp;</p>\n<p class=\"paragraph text-align-type-left pap-line-1.8 pap-line-rule-auto pap-spacing-before-2pt pap-spacing-after-2pt\">2021年7月，该节日成为COVID-19疫情开始后在欧洲举行的第一个大型节日。&nbsp;它每天接待约40,000名与会者，并在离首都贝尔格莱德一小时的地方举行。</p>\n</div>\n</div>\n</div>\n</div>",
 "contentEn": "<p><strong>Exit</strong>&nbsp;(Serbian:&nbsp;<span lang=\"sr\">Егзит</span>,&nbsp;<small>romanized:&nbsp;</small><em lang=\"sr-Latn\" title=\"Serbian-language romanization\">Egzit</em>; stylized as&nbsp;<strong>EXIT</strong>, Serbian:&nbsp;<span lang=\"sr\">ЕГЗИТ</span>,&nbsp;<small>romanized:&nbsp;</small><em lang=\"sr-Latn\" title=\"Serbian-language romanization\">EGZIT</em>) is a summer&nbsp;music festival&nbsp;which is held at the&nbsp;Petrovaradin Fortress&nbsp;in&nbsp;Novi Sad,&nbsp;Serbia. Founded in 2000, it has twice won the Best Major Festival award at the&nbsp;European Festivals Awards, for 2013 and 2017. EXIT has also won the \"Best European Festival\" award at the&nbsp;UK Festival Awards&nbsp;in 2007. In March 2018 Regional Cooperation Council awarded EXIT Festival as Champion of Regional Cooperation for 2017.<sup id=\"cite_ref-2\" class=\"reference\">[2]</sup></p>\n<p>&nbsp;</p>\n<h2><span id=\"History\" class=\"mw-headline\">History</span></h2>\n<p>The festival was founded in 2000 in&nbsp;Novi Sad,&nbsp;Serbia&nbsp;as a student movement, fighting for democracy and freedom in&nbsp;Serbia&nbsp;and the&nbsp;Balkans. After the&nbsp;Yugoslavian general election in 2000, Exit moved from the city's university park to the&nbsp;Petrovaradin Fortress&nbsp;in the same city in 2001. Nonetheless, social responsibility is still key aspect of the festival activities. In February 2007, management of the festival has given away the festival to the ruling political party in Novi Sad, which gave away the political change and the questionable views, contrary to the movement upon which the festival was initially based upon.<sup id=\"cite_ref-3\" class=\"reference\">[3]</sup></p>\n<p>&nbsp;</p>\n<p>In 2007 Exit won the Best Overseas Festival award at the&nbsp;UK Festival Awards<sup id=\"cite_ref-4\" class=\"reference\">[4]</sup>&nbsp;and was voted Best European Festival at the Yourope Awards.<sup id=\"cite_ref-5\" class=\"reference\">[5]</sup>&nbsp;It won the Best Major Festival award at the&nbsp;European Festivals Awards&nbsp;in 2013<sup id=\"cite_ref-6\" class=\"reference\">[6]</sup>&nbsp;and 2017.<sup id=\"cite_ref-7\" class=\"reference\">[7]</sup></p>\n<p>&nbsp;</p>\n<p>In 2006&nbsp;<em>The Observer</em>&nbsp;listed Exit as its festival pick in its list of top 25 travel experiences.<sup id=\"cite_ref-8\" class=\"reference\">[8]</sup>&nbsp;<em>The Guardian</em>&nbsp;listed it in \"12 top trips for 2008\".<sup id=\"cite_ref-9\" class=\"reference\">[9]</sup>&nbsp;The international edition of&nbsp;CNN,&nbsp;<em>CNN World Fiesta</em>, included Exit on the list of nine best music festivals in the world in 2011.<sup id=\"cite_ref-10\" class=\"reference\">[10]</sup>&nbsp;In 2013&nbsp;<em>Euronews</em>&nbsp;listed Exit as sixth in its pick of 10 European music festivals.<sup id=\"cite_ref-euronews_11-0\" class=\"reference\">[11]</sup>&nbsp;In 2018&nbsp;BBC News&nbsp;noted Exit as one of the world's largest music festivals, hosting more than 200,000 people from 60 countries.<sup id=\"cite_ref-BBC_What's_the_world's_biggest?_12-0\" class=\"reference\">[12]</sup>&nbsp;In June 2019&nbsp;<em>Forbes</em>&nbsp;published an article claiming that \"Thanks to the upcoming EXIT Festival,&nbsp;Serbia&nbsp;is now a new festival hot spot worth your attention\".<sup id=\"cite_ref-13\" class=\"reference\">[13]</sup></p>\n<p>&nbsp;</p>\n<p>Superbrands Serbia 2006&ndash;2007 listed Exit as one of seven public urban identity superbrands.<sup id=\"cite_ref-14\" class=\"reference\">[14]</sup>&nbsp;In March 2018 in&nbsp;Sarajevo,&nbsp;Bosnia and Herzegovina, the Regional Cooperation Council awarded the Exit Festival as Champion of Regional Cooperation for 2017.<sup id=\"cite_ref-15\" class=\"reference\">[15]</sup></p>\n<p>&nbsp;</p>\n<p>Exit organizes six events in five countries in&nbsp;South-East Europe:&nbsp;Sea Star Festival&nbsp;(Umag,&nbsp;Croatia) in May;&nbsp;Revolution Festival&nbsp;(Timișoara,&nbsp;Romania) in August; Exit Festival (Novi Sad,&nbsp;Serbia) in July; Sunland Festival (Primorsko,&nbsp;Bulgaria) In July;&nbsp;Sea Dance Festival&nbsp;(Budva,&nbsp;Montenegro) in August; and&nbsp;No Sleep Festival&nbsp;(Belgrade,&nbsp;Serbia) in November.<sup id=\"cite_ref-16\" class=\"reference\">[16]</sup><sup id=\"cite_ref-17\" class=\"reference\">[17]</sup>&nbsp;Due to the&nbsp;COVID-19 Pandemic, festivals organized by the Exit group in 2020 have been postponed until 2021,<sup id=\"cite_ref-18\" class=\"reference\">[18]</sup><sup id=\"cite_ref-19\" class=\"reference\">[19]</sup>&nbsp;except the Exit Festival, which has been pushed back to August 2020 at first,<sup id=\"cite_ref-20\" class=\"reference\">[20]</sup>&nbsp;but ultimately postponed until July 2021,<sup id=\"cite_ref-kurir.rs_21-0\" class=\"reference\">[21]</sup>&nbsp;with a 4-day live-stream edition organized in September 2020,<sup id=\"cite_ref-tekst_22-0\" class=\"reference\">[22]</sup>&nbsp;and only 250 daily attenders allowed live,<sup id=\"cite_ref-telegraf.rs_23-0\" class=\"reference\">[23]</sup>&nbsp;and Sea Star Festival, which has been postponed until 2022. Previously, Exit also organized&nbsp;Festival 84&nbsp;(Jahorina Mountain,&nbsp;Bosnia and Herzegovina), which was cancelled in February 2019 due to administrative reasons beyond the organizers' control.<sup id=\"cite_ref-n1_24-0\" class=\"reference\">[24]</sup><sup id=\"cite_ref-b92_25-0\" class=\"reference\">[25]</sup><sup id=\"cite_ref-bliczabava_26-0\" class=\"reference\">[26]</sup><sup id=\"cite_ref-27\" class=\"reference\">[27]</sup></p>\n<p>&nbsp;</p>\n<p>In July 2021, the festival became the first major festival to be held in Europe since the beginning of the COVID-19 pandemic. It hosted c. 40,000 attendees per day and took place an hour away from capital&nbsp;Belgrade.<sup id=\"cite_ref-28\" class=\"reference\">[28]</sup></p>\n<p>&nbsp;</p>\n<h2><span id=\"References\" class=\"mw-headline\">References</span></h2>\n<div class=\"reflist reflist-columns references-column-width\">\n<ol class=\"references\">\n<li id=\"cite_note-1\"><span class=\"mw-cite-backlink\"><strong>^</strong></span>&nbsp;<span class=\"reference-text\">\"EXIT: Vi&scaron;e od 180.000 ljudi slavilo dve decenije festivala i prvi veliki događaj ovog leta\"</span></li>\n<li id=\"cite_note-2\"><span class=\"mw-cite-backlink\"><strong>^</strong></span>&nbsp;<span class=\"reference-text\">https://www.rcc.int/news/351/rcc-celebrates-its-10th-birthday-awards-exit-as-champion-of-regional-cooperation-for-2017</span></li>\n<li id=\"cite_note-3\"><span class=\"mw-cite-backlink\"><strong>^</strong></span>&nbsp;<span class=\"reference-text\">https://www.danas.rs/drustvo/dusan-kovacevic-poklanja-festival-exit-novom-sadu/</span></li>\n<li id=\"cite_note-4\"><span class=\"mw-cite-backlink\"><strong>^</strong></span>&nbsp;<span class=\"reference-text\"><cite class=\"citation web cs1\">\"UK Festival Awards 2007\". Virtual Festivals. Archived from&nbsp;the original&nbsp;on 16 January 2014<span class=\"reference-accessdate\">. Retrieved&nbsp;<span class=\"nowrap\">15 January</span>&nbsp;2014</span>.</cite></span></li>\n<li id=\"cite_note-5\"><span class=\"mw-cite-backlink\"><strong>^</strong></span>&nbsp;<span class=\"reference-text\"><cite class=\"citation web cs1\">\"Yourope Award for Best European Festival (2007)\".&nbsp;<em>UK Festival Awards</em>. Archived from&nbsp;the original&nbsp;on 19 December 2007<span class=\"reference-accessdate\">. Retrieved&nbsp;<span class=\"nowrap\">9 July</span>&nbsp;2019</span>.</cite></span></li>\n<li id=\"cite_note-6\"><span class=\"mw-cite-backlink\"><strong>^</strong></span>&nbsp;<span class=\"reference-text\"><cite class=\"citation web cs1\">\"And the Winners Were&hellip;\".&nbsp;<em>European Festival Awards</em>. 16 January 2014. Archived from&nbsp;the original&nbsp;on 16 January 2014.</cite></span></li>\n<li id=\"cite_note-7\"><span class=\"mw-cite-backlink\"><strong>^</strong></span>&nbsp;<span class=\"reference-text\"><cite class=\"citation web cs1\">\"European Festival Awards 2017: The Winners\".&nbsp;<em>IQ Magazine</em>. 18 January 2018<span class=\"reference-accessdate\">. Retrieved&nbsp;<span class=\"nowrap\">9 July</span>&nbsp;2019</span>.</cite></span></li>\n<li id=\"cite_note-8\"><span class=\"mw-cite-backlink\"><strong>^</strong></span>&nbsp;<span class=\"reference-text\"><cite id=\"CITEREFTurner2006\" class=\"citation web cs1\">Turner, Sarah (5 February 2006).&nbsp;\"The best festival\".&nbsp;<em>The Observer</em><span class=\"reference-accessdate\">. Retrieved&nbsp;<span class=\"nowrap\">15 January</span>2014</span>.</cite></span></li>\n<li id=\"cite_note-9\"><span class=\"mw-cite-backlink\"><strong>^</strong></span>&nbsp;<span class=\"reference-text\"><cite id=\"CITEREFMadigan2008\" class=\"citation web cs1\">Madigan, Chris (1 January 2008).&nbsp;\"12 top trips for 2008\".&nbsp;<em>The Guardian</em><span class=\"reference-accessdate\">. Retrieved&nbsp;<span class=\"nowrap\">15 January</span>2014</span>.</cite></span></li>\n<li id=\"cite_note-10\"><span class=\"mw-cite-backlink\"><strong>^</strong></span>&nbsp;<span class=\"reference-text\"><cite id=\"CITEREFThompson2011\" class=\"citation web cs1\">Thompson, Nick (31 May 2011).&nbsp;\"The world's best music festivals\".&nbsp;<em>CNN</em><span class=\"reference-accessdate\">. Retrieved&nbsp;<span class=\"nowrap\">9 July</span>2019</span>.</cite></span></li>\n<li id=\"cite_note-euronews-11\"><span class=\"mw-cite-backlink\"><strong>^</strong></span>&nbsp;<span class=\"reference-text\"><cite class=\"citation web cs1\">\"Get ready for Europe's music festival season!\". Euronews. 1 May 2013<span class=\"reference-accessdate\">. Retrieved&nbsp;<span class=\"nowrap\">14 January</span>2014</span>.</cite></span></li>\n<li id=\"cite_note-BBC_What's_the_world's_biggest?-12\"><span class=\"mw-cite-backlink\"><strong>^</strong></span>&nbsp;<span class=\"reference-text\"><cite class=\"citation web cs1\">\"Music festivals: What's the world's biggest?\".&nbsp;<em>BBC News</em>. 4 July 2018<span class=\"reference-accessdate\">. Retrieved&nbsp;<span class=\"nowrap\">9 July</span>&nbsp;2019</span>.</cite></span></li>\n<li id=\"cite_note-13\"><span class=\"mw-cite-backlink\"><strong>^</strong></span>&nbsp;<span class=\"reference-text\">https://www.forbes.com/sites/isisbriones/2019/06/28/exit-festival-serbia-lineup-the-cure/#12e301da40a0</span></li>\n<li id=\"cite_note-14\"><span class=\"mw-cite-backlink\"><strong>^</strong></span>&nbsp;<span class=\"reference-text\"><cite class=\"citation web cs1\">\"Superbrands of Serbia\"<span class=\"reference-accessdate\">. Retrieved&nbsp;<span class=\"nowrap\">14 January</span>&nbsp;2014</span>.</cite></span></li>\n<li id=\"cite_note-15\"><span class=\"mw-cite-backlink\"><strong>^</strong></span>&nbsp;<span class=\"reference-text\"><cite class=\"citation web cs1\">\"RCC celebrates its 10th Birthday, awards Exit as Champion of Regional Cooperation for 2017\".&nbsp;<em>Regional Cooperation Council</em>. 15 March 2018<span class=\"reference-accessdate\">. Retrieved&nbsp;<span class=\"nowrap\">9 July</span>&nbsp;2019</span>.</cite></span></li>\n<li id=\"cite_note-16\"><span class=\"mw-cite-backlink\"><strong>^</strong></span>&nbsp;<span class=\"reference-text\"><cite class=\"citation web cs1\">\"EXIT Tribe\".&nbsp;<em>EXIT</em>.</cite></span></li>\n<li id=\"cite_note-17\"><span class=\"mw-cite-backlink\"><strong>^</strong></span>&nbsp;<span class=\"reference-text\"><cite class=\"citation web cs1\">\"EXIT pokreće festivale i u Kini i Bugarskoj\".&nbsp;<em>N1</em>&nbsp;(in Serbian). 2021-06-15<span class=\"reference-accessdate\">. Retrieved&nbsp;<span class=\"nowrap\">2021-06-18</span></span>.</cite></span></li>\n<li id=\"cite_note-18\"><span class=\"mw-cite-backlink\"><strong>^</strong></span>&nbsp;<span class=\"reference-text\"><cite class=\"citation web cs1\">\"Sea Star Festival in Croatia officially moved to May 2021\".&nbsp;<em>Croatia Week</em><span class=\"reference-accessdate\">. Retrieved&nbsp;<span class=\"nowrap\">2020-05-28</span></span>.</cite></span></li>\n<li id=\"cite_note-19\"><span class=\"mw-cite-backlink\"><strong>^</strong></span>&nbsp;<span class=\"reference-text\"><cite class=\"citation web cs1\">\"Odložen Sea Dance za avgust 2021. godine\".&nbsp;<em>vijesti.me</em>&nbsp;(in Serbian)<span class=\"reference-accessdate\">. Retrieved&nbsp;<span class=\"nowrap\">2020-08-05</span></span>.</cite></span></li>\n<li id=\"cite_note-20\"><span class=\"mw-cite-backlink\"><strong>^</strong></span>&nbsp;<span class=\"reference-text\"><cite class=\"citation web cs1\">\"EXIT Festival set to take place this August despide COVID-19 concerns\".&nbsp;<em>We Rave You</em>. 2020-05-28<span class=\"reference-accessdate\">. Retrieved&nbsp;<span class=\"nowrap\">2020-05-28</span></span>.</cite></span></li>\n<li id=\"cite_note-kurir.rs-21\"><span class=\"mw-cite-backlink\">^&nbsp;<span class=\"cite-accessibility-label\">Jump up to:</span><sup><em><strong>a</strong></em></sup>&nbsp;<sup><em><strong>b</strong></em></sup></span>&nbsp;<span class=\"reference-text\"><cite class=\"citation web cs1\">\"EGZIT, GUČA I BIR FEST TEK SLEDEĆE GODINE: Palić i Sarajevo po planu!\".&nbsp;<em>kurir.rs</em>&nbsp;(in Serbian)<span class=\"reference-accessdate\">. Retrieved&nbsp;<span class=\"nowrap\">2020-07-13</span></span>.</cite></span></li>\n<li id=\"cite_note-tekst-22\"><span class=\"mw-cite-backlink\">^&nbsp;<span class=\"cite-accessibility-label\">Jump up to:</span><sup><em><strong>a</strong></em></sup>&nbsp;<sup><em><strong>b</strong></em></sup></span>&nbsp;<span class=\"reference-text\"><cite id=\"CITEREFtekst\" class=\"citation web cs1\">tekst, P. R.&nbsp;\"Carl Cox, Charlotte de Witte, Nina Kraviz i Ofenbach predvode imena udarnih svetskih zvezda Exitovog Life Streama!\".&nbsp;<em>Blic.rs</em>&nbsp;(in Serbian)<span class=\"reference-accessdate\">. Retrieved&nbsp;<span class=\"nowrap\">2020-08-21</span></span>.</cite></span></li>\n<li id=\"cite_note-telegraf.rs-23\"><span class=\"mw-cite-backlink\">^&nbsp;<span class=\"cite-accessibility-label\">Jump up to:</span><sup><em><strong>a</strong></em></sup>&nbsp;<sup><em><strong>b</strong></em></sup>&nbsp;<sup><em><strong>c</strong></em></sup></span>&nbsp;<span class=\"reference-text\"><cite class=\"citation web cs1\">\"Adam Beyer, Hot Since 82 i Black Coffee zaokružuju moćan program Exitovog Life Stream-a\".&nbsp;<em>Telegraf.rs</em>&nbsp;(in Serbian)<span class=\"reference-accessdate\">. Retrieved&nbsp;<span class=\"nowrap\">2020-08-28</span></span>.</cite></span></li>\n<li id=\"cite_note-n1-24\"><span class=\"mw-cite-backlink\"><strong>^</strong></span>&nbsp;<span class=\"reference-text\"><cite class=\"citation web cs1\">\"Zavr&scaron;en prvi Festival 84 na Jahorini\".&nbsp;<em>rs.n1info.com</em><span class=\"reference-accessdate\">. Retrieved&nbsp;<span class=\"nowrap\">2018-04-01</span></span>.</cite></span></li>\n<li id=\"cite_note-b92-25\"><span class=\"mw-cite-backlink\"><strong>^</strong></span>&nbsp;<span class=\"reference-text\"><cite class=\"citation web cs1\">\"Premijerni Festival 84 posetilo vi&scaron;e od 20.000 ljudi\".&nbsp;<em>www.b92.net</em><span class=\"reference-accessdate\">. Retrieved&nbsp;<span class=\"nowrap\">2018-04-01</span></span>.</cite></span></li>\n<li id=\"cite_note-bliczabava-26\"><span class=\"mw-cite-backlink\"><strong>^</strong></span>&nbsp;<span class=\"reference-text\"><cite class=\"citation web cs1\">\"Festival 84 među najvećim svetskim zimskim festivalima\".&nbsp;<em>www.blic.rs</em><span class=\"reference-accessdate\">. Retrieved&nbsp;<span class=\"nowrap\">2018-04-01</span></span>.</cite></span></li>\n<li id=\"cite_note-27\"><span class=\"mw-cite-backlink\"><strong>^</strong></span>&nbsp;<span class=\"reference-text\"><cite id=\"CITEREFFestival_842019\" class=\"citation web cs1\">Festival 84 (2019-02-14).&nbsp;\"Notice\".&nbsp;<em>Festival 84</em><span class=\"reference-accessdate\">. Retrieved&nbsp;<span class=\"nowrap\">2019-02-21</span></span>.</cite></span></li>\n<li id=\"cite_note-28\"><span class=\"mw-cite-backlink\"><strong>^</strong></span>&nbsp;<span class=\"reference-text\"><cite id=\"CITEREFBain2021\" class=\"citation news cs1\">Bain, Katie (11 July 2021).&nbsp;\"Serbia's EXIT Makes History As Europe's First Major Festival Since Pandemic Began\".&nbsp;<em>Billboard</em><span class=\"reference-accessdate\">. Retrieved&nbsp;<span class=\"nowrap\">11 July</span>&nbsp;2021</span>.</cite></span></li>\n</ol>\n</div>",
 "remarks": "本词条汉字内容由 @多频百科团队 翻译+编辑\n原文译自 https://en.wikipedia.org/wiki/Exit_(festival)",
 "remarksEn": "本词条内容来自 https://en.wikipedia.org/wiki/Exit_(festival)",
 "status": 1,
 "clickNum": 17,
 "deleted": 0,
 "lang": 0,
 "chooseLang": true,
 "id": 153,
 "name": "Exit Festival",
 "descriptions": "Exit是一个夏季音乐节，在塞尔维亚诺维萨德的彼得罗瓦拉丁堡垒举行。它成立于2000年，在2013年和2017年两次获得欧洲节日奖的最佳主要节日奖。EXIT还在2007年获得了英国节日奖的 \"欧洲最佳节日 \"奖。2018年3月，区域合作委员会授予EXIT节为2017年度区域合作冠军。\n",
 "picture": "https://duopin-community.oss-cn-shenzhen.aliyuncs.com/tj354ynynfn1kr1muvnp.png",
 "originalName": "",
 "holdTimeText": "Four days, starting on the second Thursday of July",
 "holdAddress": "Petrovaradin, Novi Sad, Serbia",
 "searchAddress": "塞尔维亚",
 "joinScale": 200000,
 "sponsor": "DušanKovačević，BojanBošković，Ivan Milivojev",
 "foundTimeText": "2000",
 "referenceUrl": "https://en.wikipedia.org/wiki/Exit_(festival)",
 "nonceStatusText": "运营中",
 "typeId": 16,
 "typeName": "电音节",
 "dataId": 153,
 "url": "http://dropinapp.hearinmusic.com/#/ency?typeId=16&dataId=153"
}