{
 "pageNum": 1,
 "pageSize": 10,
 "params": {},
 "content": "<p>Free Festival是音乐、艺术和文化活动的结合，通常不收取入场费，但最好参与其中。它们是由露营社区连接的多日活动，无需集中控制即可识别。开创性的免费节日运动始于1970 年代的英国。</p>\n<p>&nbsp;</p>\n<p><strong>历史</strong></p>\n<p>大卫&middot;鲍伊 (David Bowie)于 1969 年 9 月录制并收录在 1969 年专辑《大卫&middot;鲍伊》&nbsp;(&nbsp;David Bowie) 中的歌曲《免费节日的记忆》(Memory of a Free Festival)提到了由贝肯汉姆艺术实验室组织并于1969 年 8 月 16 日在克罗伊登路游乐场举行的免费节日。</p>\n<p>&nbsp;</p>\n<p>在1972年至1974年温莎免费音乐节，举办温莎大公园，英格兰，是一个免费的节日。&ldquo;组织&rdquo;主要是Ubi Dwyer分发数以千计的传单，并要求人们和乐队带上自己的设备并创造自己的环境&mdash;&mdash;&ldquo;带上你期望找到的东西&rdquo;。</p>\n<p>&nbsp;</p>\n<p>&ldquo;免费节日是社会一直以来的实际展示：欢乐和公共意识的微型乌托邦从平凡、压抑、偏执和压抑的日常生活的灰色泥沼中升起几天&hellip;&hellip;最活泼的[年轻人]从地理上和身体上逃到一个免费节日的&lsquo;永不着陆&rsquo;，在那里他们成为新现实中的公民，实际上是统治者。&rdquo;&nbsp;1980 年未撰写的传单，引用于 George McKay 的《无意义的美丽行为：六十年代以来的抵抗文化》（第 15 页）。</p>",
 "contentEn": "<p><strong>Free festivals</strong>&nbsp;are a combination of music, arts and cultural activities, for which often no admission is charged, but involvement is preferred. They are identifiable by being multi-day events connected by a camping community without centralised control. The pioneering&nbsp;<strong>free festival movement</strong>&nbsp;started in the&nbsp;UK&nbsp;in the 1970s.</p>\n<p>&nbsp;</p>\n<h2><span id=\"History\" class=\"mw-headline\">History</span></h2>\n<p>David Bowie's song&nbsp;Memory of a Free Festival, recorded in September 1969 and included on the 1969 album&nbsp;David Bowie, mentions the free festival organised by the&nbsp;Beckenham Arts Lab&nbsp;and held on the&nbsp;Croydon Road Recreation Ground&nbsp;on 16 August 1969.</p>\n<p>&nbsp;</p>\n<p>The 1972 to 1974&nbsp;Windsor Free Festival, held in&nbsp;Windsor Great Park, England, was a free festival. The 'organisation' was mostly&nbsp;Ubi Dwyer&nbsp;distributing thousands of leaflets and asking people and bands to bring their own equipment and create their own environment &ndash; \"bring what you expect to find.\"<sup id=\"cite_ref-1\" class=\"reference\">[1]</sup></p>\n<p>&nbsp;</p>\n<p>\"Free festivals are practical demonstrations of what society could be like all the time: miniature utopias of joy and communal awareness rising for a few days from a grey morass of mundane, inhibited, paranoid and repressive everyday existence&hellip;The most lively [young people] escape geographically and physically to the &lsquo;Never Never Land&rsquo; of a free festival where they become citizens, indeed rulers, in a new reality.\" Un-authored leaflet from 1980, quoted in George McKay's Senseless Acts of Beauty: Cultures of Resistance Since the Sixties (p.&nbsp;15).<sup id=\"cite_ref-2\" class=\"reference\">[2]</sup></p>\n<p>&nbsp;</p>\n<h2><span id=\"References\" class=\"mw-headline\">References</span></h2>\n<div class=\"reflist\">\n<div class=\"mw-references-wrap\">\n<ol class=\"references\">\n<li id=\"cite_note-1\"><span class=\"mw-cite-backlink\"><strong>^</strong></span>&nbsp;<span class=\"reference-text\">Clarke, M. (1982). The Politics of Pop Festivals. London: Junction Books.</span></li>\n<li id=\"cite_note-2\"><span class=\"mw-cite-backlink\"><strong>^</strong></span>&nbsp;<span class=\"reference-text\">McKay, G. (1996). Senseless Acts of Beauty: Cultures of Resistance Since the Sixties. London: Verso Books.</span></li>\n<li id=\"cite_note-3\"><span class=\"mw-cite-backlink\"><strong>^</strong></span>&nbsp;<span class=\"reference-text\">Remember the Battle of the Beanfield</span></li>\n<li id=\"cite_note-4\"><span class=\"mw-cite-backlink\"><strong>^</strong></span>&nbsp;<span class=\"reference-text\">Green World Yoga &amp; Sacred Music Festival, Sk&aring;ne</span></li>\n</ol>\n</div>\n</div>",
 "remarks": "本词条汉字内容由 @多频百科团队 翻译+编辑\n原文译自 https://en.wikipedia.org/wiki/Free_festival",
 "remarksEn": "本词条内容来自 https://en.wikipedia.org/wiki/Free_festival",
 "status": 1,
 "clickNum": 13,
 "deleted": 0,
 "lang": 0,
 "chooseLang": true,
 "id": 187,
 "name": "Free Festival",
 "descriptions": "Free Festival是音乐、艺术和文化活动的结合，通常不收取入场费，但最好参与其中。它们是由露营社区连接的多日活动，无需集中控制即可识别。开创性的免费节日运动始于1970 年代的英国。\n\n",
 "originalName": "",
 "holdTimeText": "",
 "holdAddress": "Worldwide",
 "searchAddress": "",
 "sponsor": "",
 "foundTimeText": "1970s",
 "referenceUrl": "https://en.wikipedia.org/wiki/Free_festival",
 "nonceStatusText": "",
 "typeId": 16,
 "typeName": "电音节",
 "dataId": 187,
 "url": "http://dropinapp.hearinmusic.com/#/ency?typeId=16&dataId=187"
}