{
 "pageNum": 1,
 "pageSize": 10,
 "params": {},
 "content": "<div>\n<div class=\"document\">\n<p class=\"paragraph text-align-type-left pap-line-1.8 pap-line-rule-auto pap-spacing-before-2pt pap-spacing-after-2pt\">Fusion Festival是一个有着浓烈反主流文化的音乐节。它在德国东北部它梅克伦堡-前波莫瑞州的前军用机场米利茨举办。音乐节名称通常用西里尔字母表示为Фузион，但发音类似于英语单词Fusion [ 'fjuʒən ]，所以也叫做Fusion Festival。</p>\n<p class=\"paragraph text-align-type-left pap-line-1.8 pap-line-rule-auto pap-spacing-before-2pt pap-spacing-after-2pt\">&nbsp;</p>\n<p class=\"paragraph text-align-type-left pap-line-1.8 pap-line-rule-auto pap-spacing-before-2pt pap-spacing-after-2pt\">一年一度的音乐节由1997年成立的Kulturkosmos组织，为期四到六天。2016年，Fusion Festival于6月29日至7月3日举行，自2013年活动以来，每年的音乐节吸引了约70,000参与者，而同类的美国火人音乐节在2015年才举办。</p>\n<p class=\"paragraph text-align-type-left pap-line-1.8 pap-line-rule-auto pap-spacing-before-2pt pap-spacing-after-2pt\">&nbsp;</p>\n<p class=\"paragraph text-align-type-left pap-line-1.8 pap-line-rule-auto pap-spacing-before-2pt pap-spacing-after-2pt\">音乐节上呈现了不同的音乐风格，但事先没有发布阵容。和开盲盒一样，但是各种现场音乐表演没有风格上的限制，音乐节的参加者可以携带自己的乐器。电影节还举办自己的电影节，并设有不同规模的艺术装置。与会者可能会带来自己的艺术作品并出现在展览中。值得一提的是，节日期间仅出售素食。</p>\n<p class=\"paragraph text-align-type-left pap-line-1.8 pap-line-rule-auto pap-spacing-before-2pt pap-spacing-after-2pt\">&nbsp;</p>\n<p class=\"paragraph text-align-type-left pap-line-1.8 pap-line-rule-auto pap-spacing-before-2pt pap-spacing-after-2pt\">Fusion Festival旨在创造一个临时的没有拘束的区域和一个充满变革的氛围。由于Fusion Festival的前卫态度和艺术多样性，Fusion Festival被称为&ldquo;欧洲火人音乐节&rdquo;。</p>\n<p class=\"paragraph text-align-type-left pap-line-1.8 pap-line-rule-auto pap-spacing-before-2pt pap-spacing-after-2pt\">&nbsp;</p>\n<p class=\"paragraph text-align-type-left pap-line-1.8 pap-line-rule-auto pap-spacing-before-2pt pap-spacing-after-2pt\"><strong>概念</strong></p>\n<p class=\"paragraph text-align-type-left pap-line-1.8 pap-line-rule-auto pap-spacing-before-2pt pap-spacing-after-2pt\">Fusion Festival结合了各种各样风格的电子音乐，有时取决于会选择播放自己音乐的参与者们。 该音乐节被描述为一个人们能解放思想，摆脱日常生活、工作，学习和其他责任的空间。这是通过音乐寻找&ldquo;人们被迫居住&rdquo;的系统的替代结果。人们前往Fusion体验了一种不同的社交和生活方式，在这里彼此自由地体验，分享对音乐和艺术的热爱，将不同的场景和思想联系在一起。该音乐节部分是服装选购的活动。艺术部分包括表演艺术，静态艺术品，雕塑，艺术车和其他各种形式。</p>\n<p class=\"paragraph text-align-type-left pap-line-1.8 pap-line-rule-auto pap-spacing-before-2pt pap-spacing-after-2pt\">&nbsp;</p>\n<p class=\"paragraph text-align-type-left pap-line-1.8 pap-line-rule-auto pap-spacing-before-2pt pap-spacing-after-2pt\"><strong>音乐节现场</strong></p>\n<p class=\"paragraph text-align-type-left pap-line-1.8 pap-line-rule-auto pap-spacing-before-2pt pap-spacing-after-2pt\">Fusion Festival始于1997年，位于德国东北部的拉兹市附近，距柏林约160公里（100英里），距汉堡约230公里（140英里）。 该位置位于废弃的Erprobungsstelle Rechlin第三帝国时代中央军事实验机场的原始草皮地面上（东经53&deg;20&prime;48.11&Prime; N 12&deg;44&prime;23.25&Prime; E，占地234公顷（580英亩）中心场）距现代化的Rechlin-L&auml;rz机场区以北约4.5公里（2.8英里）。该地址最初是由德意志帝国收购，在1916年成为航空科研和训练场，在1918年八月公开设备予Luftstreitkr&auml;fte使用。1935年德国空军成立后，它一直是第三帝国的Erprobungsstelle Rechlin中央军用飞机测试设施直到1945早年间。1945年5月2日被苏联红军占领，供VVS使用。那时有一些草覆盖的混凝土机库（实际的掩体）用于苏联战斗机（因此音乐节名称和各个阶段的西里尔字母音译，因为现场仍然有许多西里尔字母铭文）。该机场于1994年重新开放供民用，并于2010年出售给M&uuml;ritzAirpark Group。</p>\n</div>\n</div>",
 "contentEn": "<p>The&nbsp;<strong>Fusion Festival</strong>&nbsp;is a&nbsp;music&nbsp;and&nbsp;arts festival&nbsp;with a&nbsp;countercultural&nbsp;character. It takes place at a former military airport called&nbsp;M&uuml;ritz Airpark&nbsp;in&nbsp;L&auml;rz,&nbsp;Mecklenburg-Vorpommern, in northeastern&nbsp;Germany. The festival name is often depicted in&nbsp;Cyrillic&nbsp;letters as&nbsp;<strong>Фузион</strong>, but pronounced like the English word&nbsp;fusion&nbsp;[<span class=\"IPA\" title=\"Representation in the International Phonetic Alphabet (IPA)\">'fjuʒən</span>]. The annual festival was started by the&nbsp;<em>Kulturkosmos</em>&nbsp;organisation in 1997. It lasts four to six days, usually at the end of June. In 2016, the Fusion Festival event took place from June&nbsp;29 - July 3, and which has attracted some 70,000 attendees for each year's festival, since the 2013 event, which the comparable American&nbsp;Burning Man&nbsp;event only matched in 2015.<sup id=\"cite_ref-1\" class=\"reference\">[1]</sup></p>\n<p>&nbsp;</p>\n<p>Different musical styles are represented at the festival, but the line up is not released beforehand. Mostly&nbsp;electronic music&nbsp;is present, but there is no stylistic restriction for the various live music acts, and the festival attendees may bring their own instruments. The festival also holds its own film festival and features different scales of art installations. Attendees may bring their own art and appear in artistic costumes. Only vegetarian food is sold at the festival grounds.</p>\n<p>&nbsp;</p>\n<p>The festival gears to create a&nbsp;Temporary Autonomous Zone&nbsp;and a&nbsp;transformational&nbsp;environment. Due to its&nbsp;avantgardistic&nbsp;attitude and the variety of art, the Fusion Festival has been described as a \"European Burning Man\".<sup id=\"cite_ref-fest300_2-0\" class=\"reference\">[2]</sup></p>\n<p>&nbsp;</p>\n<h2><span id=\"Concept\" class=\"mw-headline\">Concept</span></h2>\n<p>The&nbsp;<strong>Fusion Festival</strong>&nbsp;combines all styles of the underground electronic music scene and various other styles, sometimes depending on the attendees who choose to play their own music.<sup id=\"cite_ref-fest300_2-1\" class=\"reference\">[2]</sup><sup id=\"cite_ref-3\" class=\"reference\">[3]</sup>&nbsp;It is described as a space people go to free their minds from their everyday lives, jobs, studies and other responsibilities. It is the result of the search for an alternative through music, to the system \"people are forced to live in\". People go to the Fusion to experience a different way of socializing and living, where experiencing one another freely, sharing love for music and art connects different scenes and minds. It is partially a&nbsp;clothing-optional&nbsp;event. Art installations include&nbsp;performance arts, static artworks, sculptures,&nbsp;art cars&nbsp;and various other forms.<sup id=\"cite_ref-4\" class=\"reference\">[4]</sup></p>\n<p>&nbsp;</p>\n<h2><span id=\"Festival_site\" class=\"mw-headline\">Festival site</span></h2>\n<p>Fusion Festival began in 1997 near the city of L&auml;rz<sup id=\"cite_ref-5\" class=\"reference\">[5]</sup>&nbsp;in north-eastern Germany, about 160&nbsp;km (100&nbsp;mi) from Berlin and 230&nbsp;km (140&nbsp;mi) from Hamburg.<sup id=\"cite_ref-6\" class=\"reference\">[6]</sup></p>\n<p>&nbsp;</p>\n<p>The location is on the original grass-covered grounds of the disused&nbsp;<em>Erprobungsstelle Rechlin</em>&nbsp;Third Reich-era central military experimental airfield (at&nbsp;<span class=\"plainlinks nourlexpansion\"><span class=\"geo-default\"><span class=\"geo-dms\" title=\"Maps, aerial photos, and other data for this location\"><span class=\"latitude\">53&deg;20&prime;48.11&Prime;N</span>&nbsp;<span class=\"longitude\">12&deg;44&prime;23.25&Prime;E</span></span></span></span>&nbsp;for the 234-hectare (580-acre) area central field) about 4.5&nbsp;km (2.8&nbsp;mi) due north of the modern&nbsp;Rechlin-L&auml;rz Airfield&nbsp;facility. The site was first acquired by the&nbsp;German Empire&nbsp;in 1916 as an aviation research and training ground, opening the facility for use by the&nbsp;<em>Luftstreitkr&auml;fte</em>&nbsp;in August 1918. After the establishment of the&nbsp;Luftwaffe&nbsp;in 1935, the field served as the&nbsp;<em>Erprobungsstelle Rechlin</em>&nbsp;central military aircraft test facility of the Third Reich through early 1945, and it was captured by the Soviet Red Army on May 2, 1945, for use by the&nbsp;VVS. There are grass-covered concrete hangars (actual bunkers) from that time that were used for Soviet fighter aircraft (hence the Cyrillic transliteration of the festival name and various stages, as many Cyrillic inscriptions were still present on the site). The airfield was reopened for civilian use in 1994 and sold to the&nbsp;<em>M&uuml;ritz Airpark Group</em>&nbsp;in 2010.<sup id=\"cite_ref-7\" class=\"reference\">[7]</sup></p>\n<p>&nbsp;</p>\n<h2><span id=\"References\" class=\"mw-headline\">References</span></h2>\n<div class=\"reflist\">\n<div class=\"mw-references-wrap\">\n<ol class=\"references\">\n<li id=\"cite_note-1\"><span class=\"mw-cite-backlink\"><strong>^</strong></span>&nbsp;<span class=\"reference-text\"><cite id=\"CITEREFMeadow2015\" class=\"citation web cs1\">Meadow, Matthew (14 September 2015).&nbsp;\"Arrests at Burning Man 2015 up 600% from previous year\".&nbsp;<em>youredm.com</em>. YourEDM<span class=\"reference-accessdate\">. Retrieved&nbsp;<span class=\"nowrap\">7 August</span>&nbsp;2016</span>.&nbsp;<q>The event has come under scrutiny in recent years for its \"radical self-reliance\" principle, considering the sheer number of participants at the event is growing every year, and was expected to have reached nearly 70,000 this year.</q></cite></span></li>\n<li id=\"cite_note-fest300-2\"><span class=\"mw-cite-backlink\">^&nbsp;<span class=\"cite-accessibility-label\">Jump up to:</span><sup><em><strong>a</strong></em></sup>&nbsp;<sup><em><strong>b</strong></em></sup></span>&nbsp;<span class=\"reference-text\"><cite class=\"citation web cs1\">\"Fusion Festival\". fest300 Review of Fusion Festival. Archived from&nbsp;the original&nbsp;on 2 April 2016<span class=\"reference-accessdate\">. Retrieved&nbsp;<span class=\"nowrap\">28 September</span>&nbsp;2014</span>.</cite></span></li>\n<li id=\"cite_note-3\"><span class=\"mw-cite-backlink\"><strong>^</strong></span>&nbsp;<span class=\"reference-text\">\"Review: \"10 Great German Dance Festivals in 2014\" on 'Berlin Enjoy'\"</span></li>\n<li id=\"cite_note-4\"><span class=\"mw-cite-backlink\"><strong>^</strong></span>&nbsp;<span class=\"reference-text\"><cite class=\"citation web cs1\">\"Historical backgrounds and intentions of the Kulturskosmos organisation\". Archived from&nbsp;the original&nbsp;on 23 September 2014<span class=\"reference-accessdate\">. Retrieved&nbsp;<span class=\"nowrap\">29 September</span>&nbsp;2014</span>.</cite></span></li>\n<li id=\"cite_note-5\"><span class=\"mw-cite-backlink\"><strong>^</strong></span>&nbsp;<span class=\"reference-text\">\"Information on Kulturkosmos site&nbsp;Archived&nbsp;2014-06-17 at the&nbsp;Wayback Machine\"</span></li>\n<li id=\"cite_note-6\"><span class=\"mw-cite-backlink\"><strong>^</strong></span>&nbsp;<span class=\"reference-text\">\"Review of Fusion Festival on \"Resident Advisor\"\"</span></li>\n<li id=\"cite_note-7\"><span class=\"mw-cite-backlink\"><strong>^</strong></span>&nbsp;<span class=\"reference-text\"><cite class=\"citation web cs1\">\"M&uuml;ritz Airpark: Geschichte\".&nbsp;<em>www.mueritz-airpark.de</em>.</cite></span></li>\n</ol>\n</div>\n</div>",
 "remarks": "本词条汉字内容由 @多频百科团队 翻译+编辑\n原文译自 https://en.wikipedia.org/wiki/Fusion_Festival",
 "remarksEn": "本词条内容来自 https://en.wikipedia.org/wiki/Fusion_Festival",
 "status": 1,
 "clickNum": 13,
 "deleted": 0,
 "lang": 0,
 "chooseLang": true,
 "id": 117,
 "name": "Fusion Festival",
 "descriptions": "Fusion Festival是一个有着浓烈反主流文化的音乐节。它在德国东北部它梅克伦堡-前波莫瑞州的前军用机场米利茨举办。音乐节名称通常用西里尔字母表示为Фузион，但发音类似于英语单词Fusion [ 'fjuʒən ]，所以也叫做Fusion Festival。",
 "picture": "https://duopin-community.oss-cn-shenzhen.aliyuncs.com/dylo316ti4zl7ldsgkt4.jpg",
 "originalName": "融合节",
 "holdTimeText": "last weekend of June or first weekend of July",
 "holdAddress": "Lärz, Mecklenburg-Vorpommern, Germany",
 "searchAddress": "德国",
 "joinScale": 70000,
 "sponsor": "Kulturkosmos",
 "foundTimeText": "1997",
 "officialUrl": "https://www.fusion-festival.de/en/2021/start",
 "referenceUrl": "https://en.wikipedia.org/wiki/Fusion_Festival",
 "nonceStatusText": "运营中",
 "typeId": 16,
 "typeName": "电音节",
 "dataId": 117,
 "url": "http://dropinapp.hearinmusic.com/#/ency?typeId=16&dataId=117"
}