{
 "pageNum": 1,
 "pageSize": 10,
 "params": {},
 "content": "<p>The Garlic Festival has been held every year since 1979, except 2020 when it was cancelled due to the COVID-19 pandemic. Rudolph J. Malone, then President of Gavilan College in Gilroy, was inspired by a small town in France which hosted an annual garlic festival and claimed to be the \"Garlic Capital of the World.\" Malone started the festival, which now draws more than hundreds of thousands of paying visitors a year.[4]\r\n\r\n2019 shooting\r\nMain article: Gilroy Garlic Festival shooting\r\nOn July 28, 2019, a mass shooting occurred at the 41st edition of the festival.[3] Three people were killed, in addition to the gunman, and 12 others were injured.[5][6]</p>\n\r<p>null</p>\n\r<p>null</p>\n\r<p></p>",
 "remarks": "本词条内容暂未完善仅供参考，多频百科小编正在火速赶来",
 "remarksEn": "本词条内容暂未完善仅供参考，多频百科小编正在火速赶来",
 "status": 0,
 "clickNum": 0,
 "deleted": 0,
 "lang": 0,
 "chooseLang": false,
 "id": 203,
 "name": "Garbicz Festival",
 "descriptions": "",
 "originalName": "",
 "holdTimeText": "Last Friday in July",
 "holdAddress": "Poland",
 "searchAddress": "",
 "sponsor": "",
 "foundTimeText": "",
 "referenceUrl": "",
 "nonceStatusText": "",
 "typeId": 16,
 "typeName": "电音节",
 "dataId": 203,
 "url": "http://dropinapp.hearinmusic.com/#/ency?typeId=16&dataId=203"
}