{
 "pageNum": 1,
 "pageSize": 10,
 "params": {},
 "content": "",
 "remarks": "本词条内容暂未完善仅供参考，多频百科小编正在火速赶来",
 "remarksEn": "本词条内容暂未完善仅供参考，多频百科小编正在火速赶来",
 "status": 0,
 "clickNum": 0,
 "deleted": 0,
 "lang": 0,
 "chooseLang": false,
 "id": 262,
 "name": "Get Lost",
 "descriptions": "",
 "originalName": "",
 "holdTimeText": "October",
 "holdAddress": "New York City, NY - USA",
 "searchAddress": "",
 "sponsor": "",
 "foundTimeText": "",
 "referenceUrl": "https://amf.cool/festival/get-lost-festival-2019",
 "nonceStatusText": "",
 "typeId": 16,
 "typeName": "电音节",
 "dataId": 262,
 "url": "http://dropinapp.hearinmusic.com/#/ency?typeId=16&dataId=262"
}