{
 "pageNum": 1,
 "pageSize": 10,
 "params": {},
 "content": "",
 "remarks": "本词条内容暂未完善仅供参考，多频百科小编正在火速赶来",
 "remarksEn": "本词条内容暂未完善仅供参考，多频百科小编正在火速赶来",
 "status": 0,
 "clickNum": 0,
 "deleted": 0,
 "lang": 0,
 "chooseLang": false,
 "id": 270,
 "name": "Goldrush Festival",
 "descriptions": "",
 "originalName": "",
 "holdTimeText": "the third full weekend in October",
 "holdAddress": "",
 "searchAddress": "",
 "joinScale": 200000,
 "sponsor": "",
 "foundTimeText": "",
 "referenceUrl": "https://goldrushdaysfestival.com/gold-rush-days/",
 "nonceStatusText": "",
 "typeId": 16,
 "typeName": "电音节",
 "dataId": 270,
 "url": "http://dropinapp.hearinmusic.com/#/ency?typeId=16&dataId=270"
}