{
 "pageNum": 1,
 "pageSize": 10,
 "params": {},
 "content": "<p>Hard是加里&middot;理查兹(Gary Richards)于2007年创立的全国性音乐节、音乐巡游和音乐会品牌。活动阵容包括另类和电子表演和新兴人才。第一届硬音乐节于2007年12月31日在洛杉矶市中心举行，以Justice, Peaches和2 Live Crew为特色。Hard最著名的是Hard Summer音乐节和Hard Haunted Mansion，不过也有几场规模较小的活动和一次性演出。根据赛事网站和社交媒体的快捷方式，Hard有时被粉丝们称为&ldquo;Hardfest&rdquo;。其他硬品牌包括Hard Summer, Hard Red Rocks, Hard at Electric Daisy Carnival和the Holy Ship!电子音乐巡游，之前的活动包括Hard Day of The Dead, Hard 13, Turkey Soup和Hard Miami。Live Nation Entertainment在2012年艰难收购。2017年，加里&middot;理查兹(Gary Richards)离开Live Nation和他的创意公司Hard，在LiveStyle, Inc.旗下创立了他的新品牌All My Friends，并担任LiveStyle北美的总裁。</p>\n<h2>&nbsp;</h2>\n<p><strong>Hard Summer音乐节 </strong></p>\n<p>自2008年以来，Hard举办了一年一度的Hard Summer音乐节。第一场展览于2008年7月19日在洛杉矶市中心的神龛展览厅举行。2009年，&ldquo;酷暑&rdquo;将论坛的场地改换了。英格尔伍德警察局和消防队长被迫关闭了该活动，因为消防部门宣布该活动存在&ldquo;危险&rdquo;。2010年，比赛场地再次改为洛杉矶州立历史公园，一直持续到2014年，后来搬到了加州埃尔蒙特的惠蒂尔海峡娱乐区。2015年的酷暑再次换了场地，这次是加州波莫纳的费尔plex。</p>\n<p>&nbsp;</p>\n<p>2016年搬到了丰塔纳汽车俱乐部Speedway，接待了约14.6万人 在它的10周年纪念日，这个节日将回到汽车俱乐部赛道;然而，在门票销售明显下滑后，LiveNation将演出地点转移到了加利福尼亚州圣贝纳迪诺的格伦海伦圆形剧场。大约有8万人参加了为期两天的周末活动。2018年的酷暑于2018年8月重返汽车俱乐部赛道，并将在2019年继续存在。&nbsp;</p>\n<p>&nbsp;</p>\n<p>2020年，Hard Summer因为COVID-19被取消。该活动会移至NOS活动中心举办。</p>\n<p>&nbsp;</p>\n<p><strong>Hard Red Rocks</strong></p>\n<p>2013年3月，Hard Events宣布将在科罗拉多州的红石圆形剧场举办一场名为Hard Red Rocks的新活动。该活动在当年的8月1日举行，现在每年都回到该活动。《Hard Red Rocks 2018》将于8月2日举行，嘉宾包括DJ Snake、Virtual Self、Mija、GG MAGREE和Hekler。</p>",
 "contentEn": "<p><strong>Hard</strong>&nbsp;is a national music festival, music cruise and concert brand founded in 2007. The event line-ups consist of alternative and electronic acts and emerging talents. The first Hard Music Festival was held on December 31, 2007 in&nbsp;Downtown Los Angeles&nbsp;and featured&nbsp;Justice,&nbsp;Peaches&nbsp;and&nbsp;2 Live Crew. Hard is best known for the Hard Summer Music Festival and Hard Haunted Mansion, though also runs several smaller events and one-off shows. Hard is sometimes called \"Hardfest\" by fans, based on the event's website and social media shortcuts. Additional Hard brands include the Hard Summer, Hard Red Rocks, Hard at&nbsp;Electric Daisy Carnival, and the Holy Ship! electronic music cruise, and former events include Hard Day of The Dead, Hard 13, Turkey Soup and Hard Miami.&nbsp;Live Nation Entertainment&nbsp;acquired Hard in 2012.</p>\n<p>&nbsp;</p>\n<h2><span id=\"Hard_Summer_Music_Festival\" class=\"mw-headline\">Hard Summer Music Festival</span></h2>\n<p>Since 2008, Hard has run an annual Hard Summer Music Festival. The first was held on July 19, 2008 in Downtown Los Angeles at the&nbsp;Shrine Exposition Hall. In 2009, Hard Summer changed venues to&nbsp;The Forum. The Inglewood police department and fire marshals were forced to shut the event because it was declared a \"hazard\" by the fire department. In 2010, the venue changes to again to the&nbsp;Los Angeles State Historic Park, where it continued to be held until 2014, when it moved to the&nbsp;Whittier Narrows Recreation Area&nbsp;in&nbsp;El Monte, California. In 2015 Hard Summer once again switched venues to the&nbsp;Fairplex&nbsp;in&nbsp;Pomona, California.</p>\n<p>&nbsp;</p>\n<p>In 2016, Hard Summer moved to the Fontana&nbsp;Auto Club Speedway&nbsp;and hosted around 146,000 people.<sup id=\"cite_ref-2\" class=\"reference\">[2]</sup>&nbsp;For its 10th anniversary in 2017, the festival was set to return to the Auto Club Speedway; however, after a notable decline in ticket sales, LiveNation moved the event to&nbsp;Glen Helen Amphitheater&nbsp;in&nbsp;San Bernardino, California. About 80,000 people attended the two day weekend. Hard Summer 2018 returned to the&nbsp;Auto Club Speedway&nbsp;in August 2018, where it remained in 2019.</p>\n<p>&nbsp;</p>\n<p>In 2020, Hard Summer was cancelled due to the&nbsp;COVID-19 pandemic. The festival is set to move to the NOS Event Center in 2021.</p>\n<p>&nbsp;</p>\n<h2><span id=\"Hard_Red_Rocks\" class=\"mw-headline\">Hard Red Rocks</span></h2>\n<p>In March 2013, Hard Events announced that it would be hosting a new event in Colorado called Hard Red Rocks at the&nbsp;Red Rocks Amphitheatre. The event took place on August first of that year, and has returned to that event annually. Hard Red Rocks 2018 is set to take place on August second feature guests including&nbsp;DJ Snake, Virtual Self, Mija,&nbsp;GG MAGREE, and Hekler.</p>\n<p>&nbsp;</p>\n<h2><span id=\"References\" class=\"mw-headline\">References</span></h2>\n<div class=\"reflist\">\n<div class=\"mw-references-wrap\">\n<ol class=\"references\">\n<li id=\"cite_note-1\"><span class=\"mw-cite-backlink\"><strong>^</strong></span>&nbsp;<span class=\"reference-text\"><cite id=\"CITEREFRoberts2010\" class=\"citation web cs1\">Roberts, Randall (2010-05-30).&nbsp;\"Dance music grooves to the fore\".&nbsp;<em>Los Angeles Times</em><span class=\"reference-accessdate\">. Retrieved&nbsp;<span class=\"nowrap\">2014-01-10</span></span>.</cite></span></li>\n<li id=\"cite_note-2\"><span class=\"mw-cite-backlink\"><strong>^</strong></span>&nbsp;<span class=\"reference-text\"><cite id=\"CITEREFKABC2016\" class=\"citation web cs1\">KABC (2016-08-02).&nbsp;\"3 people die during HARD Summer Music Festival in Fontana\".&nbsp;<em>ABC7 Los Angeles</em><span class=\"reference-accessdate\">. Retrieved&nbsp;<span class=\"nowrap\">2021-01-31</span></span>.</cite></span></li>\n<li id=\"cite_note-3\"><span class=\"mw-cite-backlink\"><strong>^</strong></span>&nbsp;<span class=\"reference-text\"><em>Time Out Chicago</em>&nbsp;\"HARD-boiled\"&nbsp;August 12&ndash;18, 2010</span></li>\n<li id=\"cite_note-4\"><span class=\"mw-cite-backlink\"><strong>^</strong></span>&nbsp;<span class=\"reference-text\"><em>RollingStone.com</em>&nbsp;\"Trent Reznor Taps HARD Promoter For 'Girl With the Dragon Tattoo' Events\"&nbsp;December 12, 2011</span></li>\n</ol>\n</div>\n</div>",
 "remarks": "本词条汉字内容由 @多频百科团队 翻译+编辑\n原文译自 https://en.wikipedia.org/wiki/Hard_(music_festival)",
 "remarksEn": "本词条内容来自 https://en.wikipedia.org/wiki/Hard_(music_festival)",
 "status": 1,
 "clickNum": 27,
 "deleted": 0,
 "lang": 0,
 "chooseLang": true,
 "id": 166,
 "name": "Hard Island Festival",
 "descriptions": "Hard是加里·理查兹(Gary Richards)于2007年创立的全国性音乐节、音乐巡游和音乐会品牌。活动阵容包括另类和电子表演和新兴人才。",
 "picture": "https://duopin-community.oss-cn-shenzhen.aliyuncs.com/8um76czkgo3d9v9lzph8.jpg",
 "originalName": "Hard；Hardfest",
 "holdTimeText": "",
 "holdAddress": "United States",
 "searchAddress": "美国",
 "sponsor": "Gary Richards",
 "foundTimeText": "2007",
 "officialUrl": "https://hardfest.com/",
 "referenceUrl": "https://en.wikipedia.org/wiki/Hard_(music_festival)",
 "nonceStatusText": "运营中",
 "typeId": 16,
 "typeName": "电音节",
 "dataId": 166,
 "url": "http://dropinapp.hearinmusic.com/#/ency?typeId=16&dataId=166"
}