{
 "pageNum": 1,
 "pageSize": 10,
 "params": {},
 "content": "<p>Hideout 电音节在Pag岛的克罗地亚Zrce举行。首次举行于2011年，并入选 《卫报》 2011年评选的最佳欧洲节日之列，从那时起，年年火爆，门票很快售罄。该活动分为白天的泳池派对和夜间的表演。两者均在沿海滩的Zrce露天场所举行。从诺瓦利亚港口驶向亚得里亚海还有许多乘船聚会。2016年，Hideout Festival于6月26日星期日至6月30日星期四举行。这是英国广播公司第一电台第一年与活动合作，由Heidi，Monki和B Traits主持的现场泳池派对活动进行了3小时的广播。2017年的Hideout电音节于2017年6月26日至6月30日星期五举行。5个昼夜，包括MK和Hannah Wants在内的150多名艺术家。</p>\n<p>&nbsp;</p>\n<p>参与过的嘉宾包括Seth Troxler，Nina Kraviz，SBTRKT，Ricardo Villalobos，Annie Mac，Skrillex，Four Tet，Andy C，Jamie Jones，DJ EZ，Pendulum，Modeselektor，Disclosure，Rudimental，Solumun，Sasha，Derrick Carter，Gorgon City，2016年，Hideout扩大了范围，包括Grime艺术家，例如Skepta，Preditah和Stormzy。</p>\n<p>&nbsp;</p>\n<p>2019年音乐节时间为7月1日至5日，阵容包括MK, Patrick Topping, Camelphat, Alan Fitzpatrick和Sonny Fodera。</p>\n<p>&nbsp;</p>\n<p>&nbsp;</p>",
 "contentEn": "<p><strong>Hideout Festival</strong>&nbsp;is an annual&nbsp;electronic&nbsp;music festival held in&nbsp;Zrce,&nbsp;Croatia&nbsp;on the island of&nbsp;Pag. The first festival was in 2011, and landed on&nbsp;The Guardian's list of the best European festivals of 2011,<sup id=\"cite_ref-1\" class=\"reference\">[1]</sup>&nbsp;and since then, has sold out every year to date.<sup id=\"cite_ref-2\" class=\"reference\">[2]</sup>&nbsp;The event is split between pool parties in the day and headline performances at night, both of which take place in Zrce's open-air venues along the beach. There's also a number of boat parties that sail from&nbsp;Novalja&nbsp;port out onto the Adriatic In 2016, Hideout Festival took place from Sunday 26 June until Thursday 30 June. It was the first year that BBC Radio 1<sup id=\"cite_ref-3\" class=\"reference\">[3]</sup>&nbsp;teamed up with the event for a 3-hour broadcast from a live pool party event hosted by Heidi, Monki and B Traits.In 2017 Hideout festival will take place from Monday 26th &ndash; Friday 30 June&nbsp;<strong>2017</strong>. 5 days and nights, with over 150 artists including&nbsp;MK&nbsp;and&nbsp;Hannah Wants.<sup id=\"cite_ref-4\" class=\"reference\">[4]</sup>&nbsp;It is owned and operated by&nbsp;Global.<sup id=\"cite_ref-5\" class=\"reference\">[5]</sup></p>\n<p>&nbsp;</p>\n<p>Previous guests have included&nbsp;Seth Troxler,&nbsp;Nina Kraviz,&nbsp;SBTRKT,&nbsp;Ricardo Villalobos,&nbsp;Annie Mac,&nbsp;Skrillex,&nbsp;Four Tet,&nbsp;Andy C,&nbsp;Jamie Jones,&nbsp;DJ EZ,&nbsp;Pendulum,&nbsp;Modeselektor,&nbsp;Disclosure,&nbsp;Rudimental,&nbsp;Solumun,&nbsp;Sasha,&nbsp;Derrick Carter,&nbsp;Gorgon City,&nbsp;Eats Everything,&nbsp;Jamie XX,&nbsp;Hot Since 82&nbsp;and&nbsp;Hannah Wants. For the 2016 edition, Hideout expanded to include Grime artists on the bill, such as&nbsp;Skepta,&nbsp;Preditah&nbsp;and&nbsp;Stormzy.</p>\n<p>&nbsp;</p>\n<p>The lineup for the 2019 festival included MK, Patrick Topping, Camelphat, Alan Fitzpatrick, and Sonny Fodera. It took place from the 1st to 5th of July 2019.&nbsp;<sup id=\"cite_ref-6\" class=\"reference\">[6]</sup></p>\n<p>&nbsp;</p>\n<h2><span id=\"References\" class=\"mw-headline\">References</span></h2>\n<div class=\"reflist\">\n<div class=\"mw-references-wrap\">\n<ol class=\"references\">\n<li id=\"cite_note-1\"><span class=\"mw-cite-backlink\"><strong>^</strong></span>&nbsp;<span class=\"reference-text\">The best European festivals 2011</span></li>\n<li id=\"cite_note-2\"><span class=\"mw-cite-backlink\"><strong>^</strong></span>&nbsp;<span class=\"reference-text\">[1]</span></li>\n<li id=\"cite_note-3\"><span class=\"mw-cite-backlink\"><strong>^</strong></span>&nbsp;<span class=\"reference-text\"><cite class=\"citation web cs1\">\"BBC Radio 1 partners with Croatia's Hideout Festival\".&nbsp;<em>www.eventmagazine.co.uk</em><span class=\"reference-accessdate\">. Retrieved&nbsp;<span class=\"nowrap\">2016-05-26</span></span>.</cite></span></li>\n<li id=\"cite_note-4\"><span class=\"mw-cite-backlink\"><strong>^</strong></span>&nbsp;<span class=\"reference-text\"><cite class=\"citation web cs1\">\"Hideout Festival 2017 &bull; Zrce Beach, Croatia\".&nbsp;<em>Hideout Festival 2017</em><span class=\"reference-accessdate\">. Retrieved&nbsp;<span class=\"nowrap\">2016-12-02</span></span>.</cite></span></li>\n<li id=\"cite_note-5\"><span class=\"mw-cite-backlink\"><strong>^</strong></span>&nbsp;<span class=\"reference-text\"><cite class=\"citation web cs1\">\"Hideout Festival Operator &bull; Zrce Beach, Croatia\".&nbsp;<em>Global</em><span class=\"reference-accessdate\">. Retrieved&nbsp;<span class=\"nowrap\">2017-03-21</span></span>.</cite></span></li>\n<li id=\"cite_note-6\" class=\"\"><span class=\"mw-cite-backlink\"><strong>^</strong></span>&nbsp;<span class=\"reference-text\"><cite class=\"citation web cs1\">\"Hideout Festival Lineup 2019 &bull; Zrce Beach, Croatia\".&nbsp;<em>Hideout Festival</em><span class=\"reference-accessdate\">. Retrieved&nbsp;<span class=\"nowrap\">2017-03-21</span></span>.</cite></span></li>\n</ol>\n</div>\n</div>",
 "remarks": "本词条汉字内容由 @多频百科团队 翻译+编辑\n原文译自 https://en.wikipedia.org/wiki/Hideout_Festival",
 "remarksEn": "本词条内容内容来自 https://en.wikipedia.org/wiki/Hideout_Festival",
 "status": 1,
 "clickNum": 12,
 "deleted": 0,
 "lang": 0,
 "chooseLang": true,
 "id": 115,
 "name": "Hideout Festival",
 "descriptions": "Hideout 电音节在Pag岛的克罗地亚Zrce举行。首次举行于2011年，并入选 《卫报》 2011年评选的最佳欧洲节日之列，从那时起，年年火爆，门票很快售罄。该活动分为白天的泳池派对和夜间的表演。两者均在沿海滩的Zrce露天场所举行。从诺瓦利亚港口驶向亚得里亚海还有许多乘船聚会。2016年，Hideout Festival于6月26日星期日至6月30日星期四举行。这是英国广播公司第一电台第一年与活动合作，由Heidi，Monki和B Traits主持的现场泳池派对活动进行了3小时的广播。2017年的Hideout电音节于2017年6月26日至6月30日星期五举行。5个昼夜，包括MK和Hannah Wants在内的150多名艺术家。",
 "picture": "https://duopin-community.oss-cn-shenzhen.aliyuncs.com/xpzcvd9wudr9bjqadhq9.jpg",
 "originalName": "藏身节",
 "holdTimeText": "June — July",
 "holdAddress": "Zrce, Pag island, Croatia",
 "searchAddress": "克罗地亚",
 "sponsor": "",
 "foundTimeText": "2011",
 "officialUrl": "https://hideoutfestival.com/",
 "referenceUrl": "https://en.wikipedia.org/wiki/Hideout_Festival",
 "nonceStatusText": "运营中",
 "typeId": 16,
 "typeName": "电音节",
 "dataId": 115,
 "url": "http://dropinapp.hearinmusic.com/#/ency?typeId=16&dataId=115"
}