{
 "pageNum": 1,
 "pageSize": 10,
 "params": {},
 "content": "",
 "remarks": "本词条内容暂未完善仅供参考，多频百科小编正在火速赶来",
 "remarksEn": "本词条内容暂未完善仅供参考，多频百科小编正在火速赶来",
 "status": 0,
 "clickNum": 0,
 "deleted": 0,
 "lang": 0,
 "chooseLang": false,
 "id": 290,
 "name": "Holy Ship! Wrecked",
 "holdAddress": "多米尼加（第一届），墨西哥（第二届）",
 "searchAddress": "",
 "foundTimeText": "2020",
 "officialUrl": "https://holyship.com/",
 "nonceStatusText": "运营中",
 "typeId": 16,
 "typeName": "电音节",
 "dataId": 290,
 "url": "http://dropinapp.hearinmusic.com/#/ency?typeId=16&dataId=290"
}