{
 "pageNum": 1,
 "pageSize": 10,
 "params": {},
 "content": "",
 "contentEn": "",
 "remarks": "本词条内容暂未完善仅供参考，多频百科小编正在火速赶来",
 "remarksEn": "本词条内容暂未完善仅供参考，多频百科小编正在火速赶来",
 "status": 1,
 "clickNum": 15,
 "deleted": 0,
 "lang": 0,
 "chooseLang": false,
 "id": 138,
 "name": "Ikarus Festival",
 "descriptions": "",
 "picture": "https://duopin-community.oss-cn-shenzhen.aliyuncs.com/z8lcn0al3p8e0nnctsah.jpg",
 "originalName": "",
 "holdTimeText": "",
 "holdAddress": "Memmingerberg , Germany",
 "searchAddress": "德国",
 "sponsor": "Permanent Entertainment GmbH",
 "foundTimeText": "2015",
 "officialUrl": "https://www.ikarus-festival.de/",
 "referenceUrl": "",
 "nonceStatusText": "运营中",
 "typeId": 16,
 "typeName": "电音节",
 "dataId": 138,
 "url": "http://dropinapp.hearinmusic.com/#/ency?typeId=16&dataId=138"
}