{
 "pageNum": 1,
 "pageSize": 10,
 "params": {},
 "content": "",
 "remarks": "本词条内容暂未完善仅供参考，多频百科小编正在火速赶来",
 "remarksEn": "本词条内容暂未完善仅供参考，多频百科小编正在火速赶来",
 "status": 0,
 "clickNum": 5,
 "deleted": 0,
 "lang": 0,
 "chooseLang": false,
 "id": 259,
 "name": "Imagine Music Festival",
 "descriptions": "",
 "originalName": "",
 "holdTimeText": "September",
 "holdAddress": "Atlanta, United States of America",
 "searchAddress": "",
 "sponsor": "",
 "foundTimeText": "",
 "referenceUrl": "https://www.festicket.com/festivals/imagine-music-festival/",
 "nonceStatusText": "",
 "typeId": 16,
 "typeName": "电音节",
 "dataId": 259,
 "url": "http://dropinapp.hearinmusic.com/#/ency?typeId=16&dataId=259"
}