{
 "pageNum": 1,
 "pageSize": 10,
 "params": {},
 "content": "",
 "remarks": "本词条内容暂未完善仅供参考，多频百科小编正在火速赶来",
 "remarksEn": "本词条内容暂未完善仅供参考，多频百科小编正在火速赶来",
 "status": 0,
 "clickNum": 12,
 "deleted": 0,
 "lang": 0,
 "chooseLang": false,
 "id": 193,
 "name": "Insane Festival",
 "descriptions": "",
 "originalName": "",
 "holdTimeText": "2021年8月13日周五 – 2021年8月15日周日",
 "holdAddress": "法国阿普特",
 "searchAddress": "",
 "sponsor": "",
 "foundTimeText": "",
 "referenceUrl": "",
 "nonceStatusText": "",
 "typeId": 16,
 "typeName": "电音节",
 "dataId": 193,
 "url": "http://dropinapp.hearinmusic.com/#/ency?typeId=16&dataId=193"
}