{
 "pageNum": 1,
 "pageSize": 10,
 "params": {},
 "content": "",
 "remarks": "本词条内容暂未完善仅供参考，多频百科小编正在火速赶来",
 "remarksEn": "本词条内容暂未完善仅供参考，多频百科小编正在火速赶来",
 "status": 0,
 "clickNum": 0,
 "deleted": 0,
 "lang": 0,
 "chooseLang": false,
 "id": 232,
 "name": "Invasion Festival",
 "descriptions": "",
 "originalName": "",
 "holdTimeText": "December - February; September",
 "holdAddress": "Australia\nMelbourne (2012–2019)\nGold Coast (2013)\nSydney (2020)",
 "searchAddress": "",
 "sponsor": "Ash Hull",
 "foundTimeText": "",
 "referenceUrl": "",
 "nonceStatusText": "",
 "typeId": 16,
 "typeName": "电音节",
 "dataId": 232,
 "url": "http://dropinapp.hearinmusic.com/#/ency?typeId=16&dataId=232"
}