{
 "pageNum": 1,
 "pageSize": 10,
 "params": {},
 "content": "",
 "remarks": "本词条内容暂未完善仅供参考，多频百科小编正在火速赶来",
 "remarksEn": "本词条内容暂未完善仅供参考，多频百科小编正在火速赶来",
 "status": 0,
 "clickNum": 3,
 "deleted": 0,
 "lang": 0,
 "chooseLang": false,
 "id": 211,
 "name": "ISY Music Festival",
 "descriptions": "",
 "originalName": "",
 "holdTimeText": "1",
 "holdAddress": "",
 "searchAddress": "",
 "joinScale": 8000,
 "sponsor": "",
 "foundTimeText": "2019",
 "referenceUrl": "",
 "nonceStatusText": "运营中",
 "typeId": 16,
 "typeName": "电音节",
 "dataId": 211,
 "url": "http://dropinapp.hearinmusic.com/#/ency?typeId=16&dataId=211"
}