{
 "pageNum": 1,
 "pageSize": 10,
 "params": {},
 "content": "",
 "remarks": "本词条内容暂未完善仅供参考，多频百科小编正在火速赶来",
 "remarksEn": "本词条内容暂未完善仅供参考，多频百科小编正在火速赶来",
 "status": 0,
 "clickNum": 0,
 "deleted": 0,
 "lang": 0,
 "chooseLang": false,
 "id": 218,
 "name": "Jigsaw Music Festival",
 "descriptions": "",
 "originalName": "",
 "holdTimeText": "",
 "holdAddress": "",
 "searchAddress": "",
 "joinScale": 12000,
 "sponsor": "",
 "foundTimeText": "",
 "referenceUrl": "https://www.electronic-festivals.com/event/jigsaw-music-festival;https://www.prnewswire.com/news-releases/jigsaw-international-music-festival-brings-the-party-to-macau-once-again-with-a-world-class-dj-line-up-300735724.html",
 "nonceStatusText": "",
 "typeId": 16,
 "typeName": "电音节",
 "dataId": 218,
 "url": "http://dropinapp.hearinmusic.com/#/ency?typeId=16&dataId=218"
}