{
 "pageNum": 1,
 "pageSize": 10,
 "params": {},
 "relationChannel": "[{\"id\":1095,\"parentId\":10,\"name\":\"Lollapalooza\"}]",
 "content": "<p>Lollapalooza音乐节 (<small></small><span class=\"IPA\" title=\"IPA标音\">/ˌlɒləpəˈluːzə/</span><small></small>)是每年举办的音乐节，它的音乐类型包括另类摇滚,&nbsp;重金属,朋克摇滚，嘻哈,舞曲，喜剧表演等。它也会为非公益和政治团体开放平台。在为期三天的音乐节上会有超过160,000人参与。 Lollapalooza音乐节以丰富多样的众多乐队而著名，包括Migos,&nbsp;Metallica,&nbsp;Coldplay,&nbsp;Eminem,&nbsp;Depeche Mode,&nbsp;喷火战机乐队,&nbsp;Red Hot Chili Peppers,&nbsp;Pearl Jam,&nbsp;治疗乐队,The Killers,&nbsp;讨伐体制乐团,&nbsp;拱廊之火,&nbsp;Nine Inch Nails, Jane's Addiction,&nbsp;X Japan,&nbsp;Soundgarden,碎南瓜乐队,&nbsp;缪斯乐队,&nbsp;Alice in Chains,&nbsp;比约克, MGMT,&nbsp;拥抱人群乐团,&nbsp;史奇雷克斯,&nbsp;Kanye West,&nbsp;30秒上火星,The Strokes,&nbsp;北极泼猴,Lady Gaga,电台司令,Green Day和音魔合唱团Audioslave。</p>\n<p>&nbsp;</p>\n<div class=\"thumb tright\">\n<div class=\"thumbinner\">\n<div class=\"thumbcaption\"><strong>历史</strong></div>\n</div>\n</div>\n<p>1991年由Jane's Addiction的歌手Perry Farrell发起乐队的告别巡回演出而孕育而生Lollapalooza。 直到1997年，Lollapalooza每年都举办。</p>\n<p>&nbsp;</p>\n<p>在2003年因北美巡回表演而复兴起来。</p>\n<p>&nbsp;</p>\n<p>2004年，音乐节组织者决定在每个举办城市举办两天，但由于销售门票不理想而被迫取消2004年巡回演出。<sup id=\"cite_ref-usatoday_1-0\" class=\"reference\"></sup></p>\n<p>&nbsp;</p>\n<p>2005年在芝加哥Grant公园举办以一个周末为主的Lollapalooza音乐节。</p>\n<div class=\"thumb tright\">&nbsp;</div>\n<div class=\"thumb tright\">\n<div class=\"thumbinner\">\n<div class=\"thumbcaption\">&nbsp;</div>\n</div>\n</div>\n<p>Lollapalooza音乐节分别于2011年4月2日到3日和2012年3月31到4月1日在智利圣地亚哥O'Higgins Park和2012年4月7日到8日在巴西,&nbsp;圣保罗Jockey Club举办海外Lollapalooza音乐节。<sup id=\"cite_ref-2\" class=\"reference\"></sup><sup id=\"cite_ref-3\" class=\"reference\"></sup></p>\n<p>&nbsp;</p>\n<p>2020年因为COVID-19疫情影响，这个音乐节被无限期延后</p>",
 "contentEn": "<p><strong>Lollapalooza</strong>&nbsp;<span class=\"rt-commentedText nowrap\"><span class=\"IPA nopopups noexcerpt\">/<span title=\"/ˌ/: secondary stress follows\">ˌ</span><span title=\"'l' in 'lie'\">l</span><span title=\"/ɒ/: 'o' in 'body'\">ɒ</span><span title=\"'l' in 'lie'\">l</span><span title=\"/ə/: 'a' in 'about'\">ə</span><span title=\"'p' in 'pie'\">p</span><span title=\"/ə/: 'a' in 'about'\">ə</span><span title=\"/ˈ/: primary stress follows\">ˈ</span><span title=\"'l' in 'lie'\">l</span><span title=\"/uː/: 'oo' in 'goose'\">uː</span><span title=\"'z' in 'zoom'\">z</span><span title=\"/ə/: 'a' in 'about'\">ə</span>/</span></span>&nbsp;(Lolla) is an annual four-day&nbsp;music festival&nbsp;held in&nbsp;Grant Park&nbsp;in Chicago, Illinois. It started as a touring event in 1991. Music genres include but are not limited to&nbsp;alternative rock,&nbsp;heavy metal,&nbsp;punk rock,&nbsp;hip hop, and&nbsp;electronic music. Lollapalooza has also featured&nbsp;visual arts,&nbsp;nonprofit organizations, and political organizations. The festival in Chicago's Grant Park hosts an estimated 400,000 people each July and sells out annually.<sup id=\"cite_ref-2\" class=\"reference\">[2]</sup>&nbsp;Lollapalooza is considered one of the largest and most iconic music festivals in the world and one of the longest-running in the United States.<sup id=\"cite_ref-3\" class=\"reference\">[3]</sup><sup id=\"cite_ref-4\" class=\"reference\">[4]</sup></p>\n<p>&nbsp;</p>\n<p>Lollapalooza was conceived and created in 1991 as a farewell tour by&nbsp;Perry Farrell, singer of&nbsp;Jane's Addiction. The first Lollapalooza tour had a diverse collection of bands and was a commercial success. It stopped in more than twenty cities in North America. In 2020,&nbsp;<em>Spin</em>&nbsp;rated the first Lollapalooza as the best concert on a list of \"The 35 Greatest Concerts of the Last 35 Years\".<sup id=\"cite_ref-Spin_5-0\" class=\"reference\">[5]</sup>&nbsp;Lollapalooza then ran annually until 1997, and was revived in 2003. From its inception through 1997 and its revival in 2003, the festival toured North America. In 2004, the organizers decided to expand the dates to two days per city, but poor ticket sales forced the 2004 tour to be cancelled.<sup id=\"cite_ref-usatoday_6-0\" class=\"reference\">[6]</sup></p>\n<p>&nbsp;</p>\n<p>In 2005, Farrell and the&nbsp;William Morris Agency&nbsp;partnered with&nbsp;Austin, Texas&ndash;based company Capital Sports Entertainment (now&nbsp;C3 Presents) and retooled the event into its current format as a weekend destination festival in Chicago at Grant Park. In 2014,&nbsp;Live Nation Entertainment&nbsp;bought a controlling interest in C3 Presents.<sup id=\"cite_ref-7\" class=\"reference\">[7]</sup></p>\n<p>&nbsp;</p>\n<p>In 2010, it was announced that Lollapalooza would remain in Chicago while also debuting outside the United States, with a branch of the festival staged in&nbsp;Santiago, Chile&nbsp;on April 2&ndash;3, 2011, where it partnered with Santiago-based company Lotus. In 2011, Geo Events confirmed the Brazilian version of the event, which was held at the Jockey Club in&nbsp;S&atilde;o Paulo&nbsp;on April 7&ndash;8, 2012.<sup id=\"cite_ref-SP_8-0\" class=\"reference\">[8]</sup><sup id=\"cite_ref-Lollapalooza_Brasil_9-0\" class=\"reference\">[9]</sup>&nbsp;The Argentine version started in April 2014 in&nbsp;Buenos Aires&nbsp;and in November 2014, the first European Lollapalooza was announced, and was held at the former&nbsp;Berlin Tempelhof Airport.<sup id=\"cite_ref-announce_Berlin_10-0\" class=\"reference\">[10]</sup></p>\n<h2>&nbsp;</h2>\n<h2><span id=\"Etymology\" class=\"mw-headline\">Etymology</span></h2>\n<p>The word&mdash;sometimes alternatively spelled and pronounced as&nbsp;<em>lollapalootza</em>,&nbsp;<em>lalapaloosa</em>,<sup id=\"cite_ref-11\" class=\"reference\">[11]</sup>&nbsp;or&nbsp;<em>lallapaloosa</em>&nbsp;(P.&nbsp;G. Wodehouse, \"Heart of a Goof\")&mdash;dates from a late 19th-century/early 20th-century American&nbsp;idiomatic&nbsp;phrase meaning \"an extraordinary or unusual thing, person, or event; an exceptional example or instance\".<sup id=\"cite_ref-12\" class=\"reference\">[12]</sup>&nbsp;Its earliest known use was in 1896.<sup id=\"cite_ref-13\" class=\"reference\">[13]</sup>&nbsp;In time, the term also came to refer to a large lollipop.<sup id=\"cite_ref-articles.latimes.com_14-0\" class=\"reference\">[14]</sup>&nbsp;Farrell, searching for a name for his festival, liked the&nbsp;euphonious&nbsp;quality of the by-then-antiquated term upon hearing it in a&nbsp;Three Stooges&nbsp;short film.<sup id=\"cite_ref-history_15-0\" class=\"reference\">[15]</sup>&nbsp;Paying homage to the term's double meaning, a character in the festival's original logo holds a lollipop.<sup id=\"cite_ref-articles.latimes.com_14-1\" class=\"reference\">[14]</sup></p>\n<p>&nbsp;</p>\n<h2><span id=\"History\" class=\"mw-headline\">History</span></h2>\n<h3><span id=\"Creation\" class=\"mw-headline\">Creation</span></h3>\n<p>Inspired by events such as Britain's&nbsp;Reading Festival&mdash;which Lollapalooza cofounder&nbsp;Perry Farrell&nbsp;had been due to play in 1990&nbsp;<sup id=\"cite_ref-16\" class=\"reference\">[16]</sup>&mdash;Farrell,&nbsp;Ted Gardner, Don Muller, and&nbsp;Marc Geiger&nbsp;conceived the festival in 1990 as a farewell for Farrell's band&nbsp;Jane's Addiction.<sup id=\"cite_ref-17\" class=\"reference\">[17]</sup></p>\n<p>&nbsp;</p>\n<p>Unlike previous festivals such as&nbsp;Woodstock,&nbsp;A Gathering of the Tribes, and the&nbsp;US Festival, which were one-time events held at single venues, Lollapalooza toured across the United States and Canada from mid-July until late August 1991. The inaugural Lollapalooza lineup was diverse and made up of artists from&nbsp;alternative rock&nbsp;(such as&nbsp;Siouxsie and the Banshees&nbsp;who were the second headliners),&nbsp;industrial music&nbsp;(such as&nbsp;Nine Inch Nails), and&nbsp;rap&nbsp;(Ice-T&nbsp;rapped and used the platform to launch&nbsp;Body Count, his&nbsp;heavy metal&nbsp;band). The premiere in&nbsp;Phoenix, Arizona, on July 18, 1991, was covered by a report on&nbsp;MTV, which ended by journalist Dave Kendall saying \"Lollapalooza could be the tour of the summer\";<sup id=\"cite_ref-18\" class=\"reference\">[18]</sup>&nbsp;the tour finished off in&nbsp;Seattle&nbsp;on August 28, 1991.</p>\n<p>&nbsp;</p>\n<p>Another key concept was the inclusion of nonmusical features.<sup id=\"cite_ref-19\" class=\"reference\">[19]</sup>&nbsp;Performers such as the&nbsp;Jim Rose Circus Side Show, an alternative freak show, and the&nbsp;Shaolin&nbsp;monks stretched the boundaries of rock culture. There was a tent for display of art pieces,&nbsp;virtual reality&nbsp;games, and information tables for political and environmental nonprofit groups, promoting counterculture and political awareness.<sup id=\"cite_ref-20\" class=\"reference\">[20]</sup>&nbsp;\"Basically, I'm bored\", Farrell said at the time. \"I just want to see things that are unexpected and slightly bizarre. The way&nbsp;Barnum &amp; Bailey&nbsp;perceived putting on a show...well, they had a different angle.\"<sup id=\"cite_ref-21\" class=\"reference\">[21]</sup></p>\n<p>&nbsp;</p>\n<h3><span id=\"Success_and_decline\" class=\"mw-headline\">Success and decline</span></h3>\n<p>The inaugural edition in 1991 was a surprise massive success. For&nbsp;Dave Grohl&nbsp;of Nirvana, who saw it in Los Angeles, the festival helped change the mentalities in the music industry.&nbsp;The Butthole Surfers&nbsp;opened the day, playing in front of a big audience, and Siouxsie and the Banshees \"were like the Led Zeppelin of that scene\". \"It felt like something was happening, that was the beginning of it all\".<sup id=\"cite_ref-22\" class=\"reference\">[22]</sup>&nbsp;In an interview filmed on the opening day in Phoenix, rapper&nbsp;Ice-T&nbsp;stated: \"I know it is gonna be a tour people are gonna talk about for a long time\".<sup id=\"cite_ref-23\" class=\"reference\">[23]</sup>&nbsp;That year, Farrell also coined the term \"Alternative Nation\" when talking about the festival.<sup id=\"cite_ref-altguitar_24-0\" class=\"reference\">[24]</sup>&nbsp;In 2020, when rating the first edition as the greatest US tour in 35 years,&nbsp;<em>Spin</em>&nbsp;wrote that it \"changed the trajectory of the '90s, helping usher the alternative era into the mainstream. [...] Lollapalooza provided a common home for artists on the mainstream periphery. [...] Lolla became the template for what became the modern American festival.\"<sup id=\"cite_ref-Spin_5-1\" class=\"reference\">[5]</sup></p>\n<p>&nbsp;</p>\n<p>The explosion of&nbsp;alternative rock&nbsp;in the early 1990s propelled Lollapalooza forward. However,&nbsp;MTV&nbsp;noted that the second edition was organized in a different way and included bands who had achieved commercial success. Journalist&nbsp;Kurt Loder&nbsp;commented: \"By 1992 the music that had once been trumpeted as alternative was quickly becoming mainstream and the second Lollapalooza reflected the shift. [...] The 1992 headliners included such acts as Soundgarden and Red Hot Chili Peppers, bands that were hardly strangers to the mainstream pop charts\".<sup id=\"cite_ref-25\" class=\"reference\">[25]</sup>&nbsp;The 1992 and 1993 festivals also leaned heavily on&nbsp;grunge&nbsp;and alternative acts, and usually featured an additional rap artist.<sup id=\"cite_ref-26\" class=\"reference\">[26]</sup>&nbsp;Punk rock standbys like&nbsp;mosh pits&nbsp;and&nbsp;crowd surfing&nbsp;became part of the canon of the concerts. These years saw great increases in the participatory nature of the event, with the inclusion of booths for open-microphone readings and oratory, television-smashing pits, and tattoo and piercing parlors.<sup id=\"cite_ref-27\" class=\"reference\">[27]</sup><sup id=\"cite_ref-28\" class=\"reference\">[28]</sup>&nbsp;After 1991, the festival included a second stage (and in 1996, a third) for up-and-coming bands or local acts.<sup id=\"cite_ref-29\" class=\"reference\">[29]</sup>&nbsp;Attendee complaints of the festival included high ticket prices as well as the high cost for food and water at the shows.<sup id=\"cite_ref-30\" class=\"reference\">[30]</sup>&nbsp;The event took place at the Alpine Valley festival in East Troy, Wisconsin on August 29, 1992, and also at&nbsp;World Music Theater&nbsp;in&nbsp;Tinley Park, Illinois&nbsp;(near Chicago), where concertgoers ripped up chunks of sod and grass and threw them at each other and at the bands, resulting in tens of thousands of dollars in damages to the venue.<sup id=\"cite_ref-history_15-1\" class=\"reference\">[15]</sup></p>\n<div class=\"thumb tright\">&nbsp;</div>\n<p>Grunge band&nbsp;Nirvana&nbsp;was scheduled to headline at the festival in 1994, reportedly being offered nearly $10 million to do it.<sup id=\"cite_ref-31\" class=\"reference\">[31]</sup>&nbsp;However, frontman&nbsp;Kurt Cobain&nbsp;turned it down, and the band officially dropped out of the festival on April 7, 1994.<sup id=\"cite_ref-history_15-2\" class=\"reference\">[15]</sup>&nbsp;Cobain's body was discovered in&nbsp;Seattle&nbsp;the next day. His widow,&nbsp;Courtney Love, made guest appearances at several shows, including the&nbsp;Philadelphia&nbsp;show at&nbsp;FDR Park&nbsp;(usually taking time given to her by&nbsp;The Smashing Pumpkins&nbsp;vocalist/guitarist&nbsp;Billy Corgan), speaking to the crowds about the loss, then singing a minimum of two songs.<sup id=\"cite_ref-history_15-3\" class=\"reference\">[15]</sup>&nbsp;Farrell worked with rock poster artist&nbsp;Jim Evans (T.A.Z.)&nbsp;to create a series of posters and the complete graphic decoration for the 1994 event, including two seventy-foot-tall Buddha statues that flanked the main stage.</p>\n<p>&nbsp;</p>\n<p>In 1996, Farrell, who had been the soul of the festival, decided to focus his energy to produce his new festival project,&nbsp;ENIT, and did not participate in producing Lollapalooza.<sup id=\"cite_ref-history_15-4\" class=\"reference\">[15]</sup>&nbsp;Many fans saw the addition of&nbsp;Metallica&nbsp;in 1996 as contrary to the festival's prior practice of featuring \"non-mainstream\" artists,<sup id=\"cite_ref-history_15-5\" class=\"reference\">[15]</sup>&nbsp;and described the crowds attracted by Metallica as being singularly focused on the headliner without respect for the other performing artists.<sup id=\"cite_ref-rolling-stone-australia-oct-1996_32-0\" class=\"reference\">[32]</sup>&nbsp;Moreover, festival cofounder Farrell felt that Metallica's macho image violated his peaceful vision for the festival,<sup id=\"cite_ref-33\" class=\"reference\">[33]</sup>&nbsp;as the alternative culture of the early 1990s was generally against macho behavior.<sup id=\"cite_ref-34\" class=\"reference\">[34]</sup>&nbsp;Farrell quit the tour in protest.<sup id=\"cite_ref-35\" class=\"reference\">[35]</sup></p>\n<p>&nbsp;</p>\n<p>Responding to the controversial Metallica incident, Lollapalooza made efforts to revive its relevance to audiences. The festival booked eclectic acts such as&nbsp;country&nbsp;superstar&nbsp;Waylon Jennings&nbsp;in 1996, and emphasized heavily&nbsp;electronica&nbsp;groups such as&nbsp;The Orb&nbsp;and&nbsp;The Prodigy&nbsp;in 1997.<sup id=\"cite_ref-history_15-6\" class=\"reference\">[15]</sup>&nbsp;1997, however, would prove to be the final tour from the initial series of Lollapalooza events. The festival failed to find a suitable headliner in 1998 and therefore announced Lollapalooza's cancellation.<sup id=\"cite_ref-36\" class=\"reference\">[36]</sup>&nbsp;The cancellation served as a signifier of alternative rock's declining popularity. In light of the festival's troubles that year,&nbsp;<em>Spin</em>&nbsp;magazine said, \"Lollapalooza is as comatose as alternative rock right now.\"<sup id=\"cite_ref-37\" class=\"reference\">[37]</sup></p>\n<p>&nbsp;</p>\n<h3><span id=\"Revival_and_rebirth\" class=\"mw-headline\">Revival and rebirth</span></h3>\n<p>In 2003, Farrell reconvened Jane's Addiction and scheduled a new Lollapalooza tour. The festival schedule included venues in 30 cities through July and August. The 2003 tour achieved only marginal success, with many fans staying away, presumably because of high ticket prices.<sup id=\"cite_ref-history_15-7\" class=\"reference\">[15]</sup>&nbsp;Another tour scheduled for 2004 was to consist of a two-day festival taking place in each city. Despite a bill with&nbsp;Morrissey, Sonic Youth,&nbsp;PJ Harvey,&nbsp;Pixies, and&nbsp;the Flaming Lips&nbsp;as headliners,<sup id=\"cite_ref-38\" class=\"reference\">[38]</sup>&nbsp;the 2004 edition was cancelled in June due to weak ticket sales across the country.<sup id=\"cite_ref-usatoday_6-1\" class=\"reference\">[6]</sup>&nbsp;In 2005, Farrell partnered with Capital Sports &amp; Entertainment (now&nbsp;C3 Presents), which co-owns and produces the&nbsp;Austin City Limits Music Festival, to produce Lollapalooza.</p>\n<p>&nbsp;</p>\n<p><sup id=\"cite_ref-39\" class=\"reference\">[39]</sup>&nbsp;CSE, Farrell, and the&nbsp;William Morris Agency&mdash;along with Charles Attal Presents&mdash;resurrected Lollapalooza as a two-day destination festival in 2005 in Chicago's&nbsp;Grant Park, with an even greater variety of performers (70 acts on five stages) than that of the touring festival.<sup id=\"cite_ref-history_15-8\" class=\"reference\">[15]</sup>&nbsp;The event was generally successful, attracting over 65,000 attendees, despite a 104-degree Fahrenheit Sunday (40 degrees Celsius)&nbsp;heat wave&nbsp;(two people were hospitalized for heat-related illness).<sup id=\"cite_ref-40\" class=\"reference\">[40]</sup><sup id=\"cite_ref-41\" class=\"reference\">[41]</sup></p>\n<p>&nbsp;</p>\n<p>It returned to Chicago on August 4&ndash;6, 2006. On October 25, 2006, the Chicago Park District and Capital Sports &amp; Entertainment agreed to a five-year, $5 million deal, keeping Lollapalooza at Grant Park in Chicago until 2011.<sup id=\"cite_ref-42\" class=\"reference\">[42]</sup>&nbsp;Lollapalooza ran August 3&ndash;5 in 2007; August 1&ndash;3, 2008; August 7&ndash;9, 2009, August 6&ndash;8, 2010; August 5&ndash;7, 2011; August 3&ndash;5, 2012; August 2&ndash;4, 2013; and August 1&ndash;3, 2014. After a successful 2008 festival, another deal was signed to keep Lollapalooza in Chicago through 2018, guaranteeing the city $13 million.<sup id=\"cite_ref-43\" class=\"reference\">[43]</sup></p>\n<p>&nbsp;</p>\n<p>In 2016, Lollapalooza was four days long, from July 28 to July 31, to celebrate the event's 25th anniversary.<sup id=\"cite_ref-44\" class=\"reference\">[44]</sup></p>\n<p>&nbsp;</p>\n<p>In 2017, the festival kicked off on August 3, celebrating its 26th year of existence.<sup id=\"cite_ref-45\" class=\"reference\">[45]</sup></p>\n<p>&nbsp;</p>\n<p>In 2018, the festival began on August 2 with a lineup of 180 bands.<sup id=\"cite_ref-46\" class=\"reference\">[46]</sup></p>\n<p>&nbsp;</p>\n<p>On March 20, 2019, the next version of the annual Lollapalooza festival was announced.</p>\n<p>&nbsp;</p>\n<p>On July 27, 2020, it was announced that due to the&nbsp;COVID-19 pandemic, the 2020 festival in Chicago would now be renamed Lolla2020 and feature a virtual festival broadcast for free on&nbsp;YouTube&nbsp;on July 30&ndash;August 2, 2020. The event was scheduled to feature a reunion by&nbsp;Porno for Pyros, marking their first performance in 24 years. The event featured new original live performances, along with performances from past years. Perry Farrell hosted conversations with&nbsp;Metallica's&nbsp;Lars Ulrich,&nbsp;Chuck D,&nbsp;Matt Pinfield, and others, and the event was also planned to feature a special tribute to&nbsp;David Bowie.<sup id=\"cite_ref-47\" class=\"reference\">[47]</sup></p>\n<p>&nbsp;</p>\n<h3><span id=\"Lollapalooza_2020\" class=\"mw-headline\">Lollapalooza 2020</span></h3>\n<p>The 2020 experience of the festival was initially scheduled to occur July 30&ndash;August 2. However, due to the&nbsp;COVID-19 pandemic, the event was officially cancelled on June 9.<sup id=\"cite_ref-:1_48-0\" class=\"reference\">[48]</sup>&nbsp;The festival postponed the sale of tickets in March as a precaution to the possible shutdown of live music events.<sup id=\"cite_ref-:0_49-0\" class=\"reference\">[49]</sup>&nbsp;In order to keep the spirit of the festival going, the city of Chicago announced that they would offer a livestreamed event occurring the same weekend as the initially-planned event.<sup id=\"cite_ref-:0_49-1\" class=\"reference\">[49]</sup>&nbsp;The livestreamed version featured acts such as&nbsp;A$AP Rocky,&nbsp;Brockhampton,&nbsp;Lupe Fiasco,&nbsp;Outkast, and many more performing on a free YouTube broadcast.<sup id=\"cite_ref-:3_50-0\" class=\"reference\">[50]</sup>&nbsp;As well as live performances, many older sets from past Lollapalooza events were livestreamed and later uploaded to the&nbsp;Lollapalooza YouTube page.</p>\n<p>&nbsp;</p>\n<p>On May 18, 2021, festival organizers and the City of Chicago announced that Lollapalooza would return at full capacity from July 29 to August 2, 2021.<sup id=\"cite_ref-51\" class=\"reference\">[51]</sup></p>\n<p>&nbsp;</p>\n<h2><span id=\"Festival_tickets_and_pricing\" class=\"mw-headline\">Festival tickets and pricing</span></h2>\n<p>Tickets to the flagship and original Lollapalooza edition, in Chicago, usually sold out extremely quickly. For the 2016 event, the four-day general passes sold out in about one day after the sale began. The one-day passes sold even more quickly: they were gone less than three hours after organizers revealed the lineup for the four-day music festival.<sup id=\"cite_ref-52\" class=\"reference\">[52]</sup>&nbsp;Because of this phenomenon, people who cannot buy the passes try to get them through alternatives sources such as&nbsp;Craigslist&nbsp;and&nbsp;StubHub. This is a common practice, although the prices tend to be significantly higher on these websites.<sup id=\"cite_ref-53\" class=\"reference\">[53]</sup>&nbsp;In 2018, the festival experienced unusually slower sales, so they released the lineup about eight hours earlier.</p>\n<p>&nbsp;</p>\n<p>In its earliest editions, the official passes cost $31.50. However, with its growth and prominent relevance in the music world, Lollapalooza pass prices have increasing substantially over the years. Comparing the weekend passes for Lollapalooza 2016, which cost $335, with the ones for Lollapalooza 2015, at $275, the increase was more than 20%.<sup id=\"cite_ref-54\" class=\"reference\">[54]</sup>&nbsp;The price for weekend passes from 2016 to 2018 remained the same. In 2020, a slight increase of five dollars was added to weekend passes, making them $340.<sup id=\"cite_ref-55\" class=\"reference\">[55]</sup></p>\n<p>&nbsp;</p>\n<h2><span id=\"Notable_performances\" class=\"mw-headline\">Notable performances</span></h2>\n<p><strong>Kanye West (2008)</strong>&nbsp;&ndash; West, a Chicago native, closed the year's festival with tracks such as \"Flashing Lights\", \"Shine\", \"Homecoming\", and \"Stronger\".<sup id=\"cite_ref-:5_56-0\" class=\"reference\">[56]</sup><sup id=\"cite_ref-57\" class=\"reference\">[57]</sup>&nbsp;His performance was seen as a comeback from his 2006 set, which had been complicated by technical issues.<sup id=\"cite_ref-58\" class=\"reference\">[58]</sup></p>\n<div class=\"thumb tright\">&nbsp;</div>\n<p><strong>Chance The Rapper (2013)</strong>&nbsp;&ndash; Chance the Rapper's first appearance at Lollapalooza in his hometown of Chicago, was at the age of 20.<sup id=\"cite_ref-59\" class=\"reference\">[59]</sup>&nbsp;The artist introduced himself with the words \"My name is Chance the Rapper and I'm from right here, Chicago, Illinois.\"<sup id=\"cite_ref-:4_60-0\" class=\"reference\">[60]</sup>&nbsp;Following the debut of his mixtape&nbsp;<em>Acid Rap</em>, Chance's popularity grew.&nbsp;<em>Complex</em>&nbsp;labeled him one of their \"10 Chicago Rappers to Watch For\" and ranked his 2013 album as second best that year, only being beaten by Kanye West's&nbsp;<em>Yeezus</em>.<sup id=\"cite_ref-61\" class=\"reference\">[61]</sup>&nbsp;Chance performed a 30-minute set at Lollapalooza, which included his hit song \"Juice\". People began climbing up flimsy trees and light posts to get a better view of the artist as his set progressed.<sup id=\"cite_ref-:4_60-1\" class=\"reference\">[60]</sup>&nbsp;Chance has continued to perform at Lollapalooza every year since his initial appearance in 2013.<sup id=\"cite_ref-62\" class=\"reference\">[62]</sup><sup id=\"cite_ref-:3_50-1\" class=\"reference\">[50]</sup></p>\n<div class=\"thumb tleft\">&nbsp;</div>\n<p><strong>Outkast (2014)</strong>&nbsp;&ndash; After reuniting in early 2014, Outkast had their sights set on touring major festivals all across the country during that spring and summer. The news came as a surprise to many, as the group had released no new music collectively since 2006, and were vocal about a breakup of the group. The major touring was meant to be a celebration for the 20th anniversary of the duo's inception.<sup id=\"cite_ref-63\" class=\"reference\">[63]</sup>&nbsp;With a rocky start to the long tour they were going on, Outkast hit their stride once they arrived in Chicago. The duo had been accused of a lack of passion onstage at earlier shows. However, Grant Park was raised out of its slump as&nbsp;Andre 3000&nbsp;and&nbsp;Big Boi&nbsp;finally seemed to reconnect and put on a successful show.<sup id=\"cite_ref-:6_64-0\" class=\"reference\">[64]</sup>&nbsp;Before the final song of the night, Andre 3000 publicly announced: \"We had a great fucking time, for real\".<sup id=\"cite_ref-:6_64-1\" class=\"reference\">[64]</sup></p>\n<p>&nbsp;</p>\n<h2><span id=\"Spin-off_events\" class=\"mw-headline\">Spin-off events</span></h2>\n<h3><span id=\"Kidzapalooza\" class=\"mw-headline\">Kidzapalooza</span></h3>\n<p>Originally thought of by music producer&nbsp;Tor Hyams, Kidzapalooza was the idea for a more child-centered experience to the adult Lollapalooza. Hyams came to Perry Farrell with the idea in 2005, and later that year the event first appeared in Chicago.<sup id=\"cite_ref-:2_68-0\" class=\"reference\">[68]</sup>&nbsp;Kidzapalooza has been a success and appeared alongside every Lollapalooza since its original debut in 2005. The event includes many different events for children to enjoy such as game, design, and art stations where children can express their creativity. Musical instruments are set up for children to play and experience in another station of the venue. Raffles and various other amenities are available to the children as well.<sup id=\"cite_ref-69\" class=\"reference\">[69]</sup>&nbsp;Due to the&nbsp;COVID-19 pandemic, the 2020 installation of Kidzapalooza was cancelled.<sup id=\"cite_ref-:1_48-1\" class=\"reference\">[48]</sup>&nbsp;Kidzapalooza has sprouted to other venues taking interest, such as the&nbsp;Hollywood Bowl&nbsp;hosting its own Kidzapalooza in 2008 as a stand-alone event.<sup id=\"cite_ref-:2_68-1\" class=\"reference\">[68]</sup></p>\n<p>&nbsp;</p>\n<h3><span id=\"PurimPalooza\" class=\"mw-headline\">PurimPalooza</span></h3>\n<p>Another play on the Lollapalooza name, PurimPalooza is a celebration of&nbsp;Purim, a Jewish holiday. The celebration includes traditional Purim practices such as a commemoratory meal, attendees dressing up in costume, and a public reading of the&nbsp;Scroll of Esther.<sup id=\"cite_ref-:7_70-0\" class=\"reference\">[70]</sup>&nbsp;The night is followed up by less traditional Purim practices, with the addition of live music, by primarily Jewish artists, and drinking for those of age. In 1999, Farrell himself performed at PurimPalooza, hosted by Rabbi Josef Langer, at the&nbsp;Great American Music Hall&nbsp;in San Francisco.<sup id=\"cite_ref-:7_70-1\" class=\"reference\">[70]</sup>&nbsp;Again in 2006, Farrell performed at PurimPalooza, hosted at the&nbsp;Ruby Skye&nbsp;in San Francisco, which featured artists such as&nbsp;Matisyahu&nbsp;and Chutzpah.<sup id=\"cite_ref-71\" class=\"reference\">[71]</sup></p>\n<p>&nbsp;</p>\n<h2><span id=\"International_expansion\" class=\"mw-headline\">International expansion</span></h2>\n<h3><span id=\"Chile\" class=\"mw-headline\">Chile</span></h3>\n<p>In 2010, it was announced that Lollapalooza would debut in South America, with a branch of the festival staged in Chile's capital&nbsp;Santiago&nbsp;on April 2&ndash;3, 2011. The&nbsp;Lollapalooza Chile&nbsp;lineup included&nbsp;Jane's Addiction,&nbsp;Thirty Seconds to Mars,&nbsp;The National,&nbsp;Manny and Gil The Latin,&nbsp;The Drums,&nbsp;The Killers,&nbsp;Los Bunkers,&nbsp;Ana Tijoux,&nbsp;Javiera Mena,&nbsp;Fatboy Slim,&nbsp;Deftones,&nbsp;Los Plumabits,&nbsp;Cypress Hill,&nbsp;311,&nbsp;The Flaming Lips, and many others.<sup id=\"cite_ref-72\" class=\"reference\">[72]</sup>&nbsp;The eighth edition in Chile was held on 16&ndash;18 March 2018, with&nbsp;Pearl Jam,&nbsp;Lana Del Rey,&nbsp;The Killers,&nbsp;Red Hot Chili Peppers, and&nbsp;LCD Soundsystem&nbsp;as headliners.</p>\n<p>&nbsp;</p>\n<h3><span id=\"Brazil\" class=\"mw-headline\">Brazil</span></h3>\n<p>A Brazilian version of the event was confirmed in 2011,<sup id=\"cite_ref-SP_8-1\" class=\"reference\">[8]</sup>&nbsp;and had its inaugural edition at the&nbsp;Jockey Club&nbsp;in&nbsp;S&atilde;o Paulo&nbsp;on April 7&ndash;8, 2012.<sup id=\"cite_ref-Lollapalooza_Brasil_9-1\" class=\"reference\">[9]</sup>&nbsp;In the following year, Lollapalooza was again held at Jockey Club during&nbsp;Holy Week, this time expanding to three days that filled the whole&nbsp;Paschal Triduum&mdash;March 29&ndash;31, 2013.<sup id=\"cite_ref-73\" class=\"reference\">[73]</sup>&nbsp;The third edition was moved to the&nbsp;Aut&oacute;dromo Jos&eacute; Carlos Pace&nbsp;in S&atilde;o Paulo's borough of&nbsp;Interlagos, happening on April 5 and 6, 2014.<sup id=\"cite_ref-74\" class=\"reference\">[74]</sup>&nbsp;Interlagos remained the festival's home for the following editions, on March 28&ndash;29, 2015,<sup id=\"cite_ref-75\" class=\"reference\">[75]</sup>&nbsp;March 12&ndash;13, 2016,<sup id=\"cite_ref-76\" class=\"reference\">[76]</sup>&nbsp;March 25&ndash;26, 2017, March 23&ndash;25, 2018, and April 5&ndash;7, 2019.<sup id=\"cite_ref-77\" class=\"reference\">[77]</sup></p>\n<p>&nbsp;</p>\n<h3><span id=\"Argentina\" class=\"mw-headline\">Argentina</span></h3>\n<p>On September 10, 2013, it was announced that the Argentine version of the festival would be held in&nbsp;Buenos Aires.<sup id=\"cite_ref-78\" class=\"reference\">[78]</sup>&nbsp;Since then, Lollapalooza has had an annual edition at the&nbsp;Hip&oacute;dromo de San Isidro, usually on the last days of March.</p>\n<p>&nbsp;</p>\n<h3><span id=\"Germany\" class=\"mw-headline\">Germany</span></h3>\n<p>On November 4, 2014, it was announced that the very first European Lollapalooza would be held in the German capital of Berlin. It was scheduled for September 12&ndash;13, 2015, and the proposed location was the historical airport grounds of&nbsp;Berlin-Tempelhof.<sup id=\"cite_ref-79\" class=\"reference\">[79]</sup>&nbsp;In the official press release, festival founder&nbsp;Perry Farrell&nbsp;stated that, \"Berlin's energy,&nbsp;vibrant art,&nbsp;fashion&nbsp;and&nbsp;music&nbsp;scenes are a mirror reflection of what Lollapalooza is all about and I can't wait to share in this cultural exchange\".<sup id=\"cite_ref-announce_Berlin_10-1\" class=\"reference\">[10]</sup><sup id=\"cite_ref-80\" class=\"reference\">[80]</sup>&nbsp;Lollapalooza Germany was produced by the Lollapalooza U.S. team, in addition to Melt! Booking and Festival Republic, who have helped run both Reading and Leeds festivals in England.<sup id=\"cite_ref-81\" class=\"reference\">[81]</sup>&nbsp;The 2016 edition of the event took place in the&nbsp;Treptower Park&nbsp;in Berlin, on 10&ndash;11 September. It drew 70,000 visitors each day.<sup id=\"cite_ref-82\" class=\"reference\">[82]</sup></p>\n<p>&nbsp;</p>\n<p>At change.org, an online petition against the festival in the Treptower Park gathered over 6,400 supporters. Citizens from the area created working groups to stop the festival taking place, due to noise and other complaints.<sup id=\"cite_ref-83\" class=\"reference\">[83]</sup></p>\n<p>&nbsp;</p>\n<p>Since 2018, the festival has been held at the&nbsp;Olympiapark Berlin.</p>\n<p>&nbsp;</p>\n<h3><span id=\"Sweden\" class=\"mw-headline\">Sweden</span></h3>\n<p>The first Scandinavian edition of Lollapalooza was held in the capital of Sweden,&nbsp;Stockholm, on June 28&ndash;29, 2019.<sup id=\"cite_ref-84\" class=\"reference\">[84]</sup></p>\n<p>&nbsp;</p>\n<h3><span id=\"France\" class=\"mw-headline\">France</span></h3>\n<p>On October 12, 2016, Lollapalooza announced that they would be hosting a festival in Paris, France.<sup id=\"cite_ref-85\" class=\"reference\">[85]</sup>&nbsp;The inaugural edition of the event took place at the city's&nbsp;Longchamp Racecourse&nbsp;grounds on July 22&ndash;23, 2017. The lineup for Lollapalooza Paris 2017 was announced on January 17, 2017, and included&nbsp;Red Hot Chili Peppers&nbsp;and&nbsp;The Weeknd&nbsp;as headliners. Following that, the lineup included the likes of&nbsp;Imagine Dragons,&nbsp;Lana Del Rey,&nbsp;DJ Snake,&nbsp;London Grammar,&nbsp;Alt-J,&nbsp;The Roots,&nbsp;Marshmello,&nbsp;Liam Gallagher,&nbsp;Martin Solveig,&nbsp;Skepta,&nbsp;Glass Animals,&nbsp;Milky Chance,&nbsp;Don Diablo,&nbsp;Oliver Heldens,&nbsp;Crystal Fighters,&nbsp;Jauz,&nbsp;Alan Walker, and many more.</p>\n<p>&nbsp;</p>\n<h3><span id=\"Israel\" class=\"mw-headline\">Israel</span></h3>\n<p>On August 7, 2012, Perry Farrell announced that Lollapalooza would be debuting in&nbsp;Tel Aviv, Israel. Farrell described Israel as an \"international music community that listens to everything we all listen to, but the artists weren't traveling there so it was an opportunity.\"<sup id=\"cite_ref-86\" class=\"reference\">[86]</sup>&nbsp;The event was scheduled for August 20&ndash;22, 2013 in&nbsp;Hayarkon Park, the city's largest urban park.<sup id=\"cite_ref-87\" class=\"reference\">[87]</sup>&nbsp;However, the event was postponed to an unspecified date.<sup id=\"cite_ref-88\" class=\"reference\">[88]</sup>&nbsp;While there was no definitive reason for the cancellation of the Israel date, various news sources reported financial challenges associated with producing a large-scale show with international artists within the political situation in the Middle East.<sup id=\"cite_ref-89\" class=\"reference\">[89]</sup></p>\n<p>&nbsp;</p>\n<h2><span id=\"Criticism\" class=\"mw-headline\">Criticism</span></h2>\n<p>Recording engineer, guitarist, and journalist&nbsp;Steve Albini&nbsp;has criticized Lollapalooza for its corporatization of popularized \"alternative\" music. In a 1993 interview, Albini commented:</p>\n<p>&nbsp;</p>\n<blockquote>\n<p>Lollapalooza is the worst example of corporate encroachment into what is supposed to be the underground. It is just a large scale marketing of bands that pretend to be alternative but are in reality just another facet of the mass cultural exploitation scheme. I have no appreciation or affection for those bands and I have no interest in that whole circle. If Lollapalooza had&nbsp;Jesus Lizard&nbsp;and the&nbsp;Melvins&nbsp;and&nbsp;Fugazi&nbsp;and&nbsp;Slint&nbsp;then you could make a case that it was actually people on the vanguard of music. What it really is is the most popular bands on MTV that are not heavy metal.<sup id=\"cite_ref-obsolete.com_90-0\" class=\"reference\">[90]</sup></p>\n<p>&nbsp;</p>\n</blockquote>\n<p>Both&nbsp;The Jesus Lizard&nbsp;and&nbsp;Melvins&nbsp;have subsequently performed at the event (although this was a number of years later).<sup id=\"cite_ref-Lollapalooza_1995_91-0\" class=\"reference\">[91]</sup><sup id=\"cite_ref-Lollapalooza_1996_92-0\" class=\"reference\">[92]</sup></p>\n<p>&nbsp;</p>\n<p>In April 2010, it was reported that&nbsp;Illinois Attorney General&nbsp;Lisa Madigan&nbsp;had launched an&nbsp;antitrust&nbsp;investigation into the festival for imposing&nbsp;radius clauses&nbsp;on acts, contractually stipulating that they could not perform in cities within 300 miles of Chicago&mdash;including cities as far as&nbsp;Detroit,&nbsp;Indianapolis, and&nbsp;Milwaukee&mdash;for up to six months prior, and three months after Lollapalooza.<sup id=\"cite_ref-rollingstone-lolla_93-0\" class=\"reference\">[93]</sup><sup id=\"cite_ref-lat-coachellaafterall_94-0\" class=\"reference\">[94]</sup></p>\n<div class=\"hatnote navigation-not-searchable\" role=\"note\">&nbsp;</div>\n<div class=\"hatnote navigation-not-searchable\" role=\"note\">\n<h2><span id=\"References\" class=\"mw-headline\">References</span></h2>\n<div class=\"reflist reflist-columns references-column-width\">\n<ol class=\"references\">\n<li id=\"cite_note-1\"><span class=\"mw-cite-backlink\"><strong>^</strong></span>&nbsp;<span class=\"reference-text\"><cite class=\"citation news cs1\">\"400K Attend 25th Annual Lollapalooza\".&nbsp;<em>NBC Chicago</em>. NBC5 Chicago<span class=\"reference-accessdate\">. Retrieved&nbsp;<span class=\"nowrap\">August 3,</span>&nbsp;2019</span>.</cite></span></li>\n<li id=\"cite_note-2\"><span class=\"mw-cite-backlink\"><strong>^</strong></span>&nbsp;<span class=\"reference-text\"><cite id=\"CITEREFKot2019\" class=\"citation news cs1\">Kot, Greg (July 25, 2019).&nbsp;<span class=\"cs1-lock-limited\" title=\"Free access subject to limited trial, subscription normally required\">\"Lollapalooza is healthy, despite slow ticket sales this year and (the fest owners hope) here to stay\"</span>.&nbsp;<em>Chicago Tribune</em>.</cite></span></li>\n<li id=\"cite_note-3\"><span class=\"mw-cite-backlink\"><strong>^</strong></span>&nbsp;<span class=\"reference-text\"><cite class=\"citation web cs1\">\"The 50 best music festivals in the world\".&nbsp;<em>Time Out London</em>. May 17, 2019.</cite></span></li>\n<li id=\"cite_note-4\"><span class=\"mw-cite-backlink\"><strong>^</strong></span>&nbsp;<span class=\"reference-text\"><cite id=\"CITEREFBriones2019\" class=\"citation news cs1\">Briones, Isis (July 28, 2019).&nbsp;\"12 Amazing Things You Can't Miss Out On At Chicago's Lollapalooza\".&nbsp;<em>Forbes</em>.</cite></span></li>\n<li id=\"cite_note-Spin-5\"><span class=\"mw-cite-backlink\">^&nbsp;<span class=\"cite-accessibility-label\">Jump up to:</span><sup><em><strong>a</strong></em></sup>&nbsp;<sup><em><strong>b</strong></em></sup></span>&nbsp;<span class=\"reference-text\"><cite id=\"CITEREFKohn2020\" class=\"citation web cs1\">Kohn, Daniel (November 28, 2020).&nbsp;\"The 35 Greatest Concerts of the Last 35 Years\".&nbsp;<em>Spin</em>.</cite></span></li>\n<li id=\"cite_note-usatoday-6\"><span class=\"mw-cite-backlink\">^&nbsp;<span class=\"cite-accessibility-label\">Jump up to:</span><sup><em><strong>a</strong></em></sup>&nbsp;<sup><em><strong>b</strong></em></sup></span>&nbsp;<span class=\"reference-text\">The Associated Press.&nbsp;\"Lollapalooza 2004 cancels all dates\".&nbsp;<em>USA Today</em>. June 22, 2004.</span></li>\n<li id=\"cite_note-7\"><span class=\"mw-cite-backlink\"><strong>^</strong></span>&nbsp;<span class=\"reference-text\">Live Nation Completes Deal for C3 Presents&nbsp;- Billboard, 22 December 2014</span></li>\n<li id=\"cite_note-SP-8\"><span class=\"mw-cite-backlink\">^&nbsp;<span class=\"cite-accessibility-label\">Jump up to:</span><sup><em><strong>a</strong></em></sup>&nbsp;<sup><em><strong>b</strong></em></sup></span>&nbsp;<span class=\"reference-text\"><cite class=\"citation news cs1\"><span class=\"cs1-lock-subscription\" title=\"Paid subscription required\">\"Festival Lollapalooza deve ter edi&ccedil;&atilde;o em SP em 2012\"</span>.&nbsp;<em>Folha de S.Paulo</em>&nbsp;(in Portuguese). July 4, 2011.</cite></span></li>\n<li id=\"cite_note-Lollapalooza_Brasil-9\"><span class=\"mw-cite-backlink\">^&nbsp;<span class=\"cite-accessibility-label\">Jump up to:</span><sup><em><strong>a</strong></em></sup>&nbsp;<sup><em><strong>b</strong></em></sup></span>&nbsp;<span class=\"reference-text\"><cite class=\"citation web cs1\">\"Lollapalooza Brasil\". Lollapaloozabr.com. March 29, 2013<span class=\"reference-accessdate\">. Retrieved&nbsp;<span class=\"nowrap\">August 12,</span>&nbsp;2013</span>.</cite></span></li>\n<li id=\"cite_note-announce_Berlin-10\"><span class=\"mw-cite-backlink\">^&nbsp;<span class=\"cite-accessibility-label\">Jump up to:</span><sup><em><strong>a</strong></em></sup>&nbsp;<sup><em><strong>b</strong></em></sup></span>&nbsp;<span class=\"reference-text\"><cite id=\"CITEREFPelly2014\" class=\"citation news cs1\">Pelly, Jenn (November 6, 2014).&nbsp;\"Lollapalooza Announces Berlin Festival\".&nbsp;<em>Pitchfork</em>.</cite></span></li>\n<li id=\"cite_note-11\"><span class=\"mw-cite-backlink\"><strong>^</strong></span>&nbsp;<span class=\"reference-text\"><cite id=\"CITEREFAppleton1916\" class=\"citation book cs1\">Appleton, Victor (1916). \"Chapter XIV: Mysterious Disappearances\".&nbsp;<em>Tom Swift and His Big Tunnel</em>.</cite></span></li>\n<li id=\"cite_note-12\"><span class=\"mw-cite-backlink\"><strong>^</strong></span>&nbsp;<span class=\"reference-text\"><cite class=\"citation web cs1\">\"Lollapalooza\". Dictionary.reference.com<span class=\"reference-accessdate\">. Retrieved&nbsp;<span class=\"nowrap\">August 12,</span>2013</span>.</cite></span></li>\n<li id=\"cite_note-13\"><span class=\"mw-cite-backlink\"><strong>^</strong></span>&nbsp;<span class=\"reference-text\"><cite class=\"citation encyclopaedia cs1\">\"Lollapalooza\".&nbsp;<em>Merriam-Webster</em><span class=\"reference-accessdate\">. Retrieved&nbsp;<span class=\"nowrap\">July 31,</span>&nbsp;2015</span>.</cite></span></li>\n<li id=\"cite_note-articles.latimes.com-14\"><span class=\"mw-cite-backlink\">^&nbsp;<span class=\"cite-accessibility-label\">Jump up to:</span><sup><em><strong>a</strong></em></sup>&nbsp;<sup><em><strong>b</strong></em></sup></span>&nbsp;<span class=\"reference-text\">Hilburn, Robert.&nbsp;\"POP MUSIC REVIEW &ndash; 'Lollapalooza' &ndash; Festival Concert With '60s Concept Isn't the Hoped-For Happening\".&nbsp;<em>Los Angeles Times</em>. July 22, 1991.</span></li>\n<li id=\"cite_note-history-15\"><span class=\"mw-cite-backlink\">^&nbsp;<span class=\"cite-accessibility-label\">Jump up to:</span><sup><em><strong>a</strong></em></sup>&nbsp;<sup><em><strong>b</strong></em></sup>&nbsp;<sup><em><strong>c</strong></em></sup>&nbsp;<sup><em><strong>d</strong></em></sup>&nbsp;<sup><em><strong>e</strong></em></sup>&nbsp;<sup><em><strong>f</strong></em></sup>&nbsp;<sup><em><strong>g</strong></em></sup>&nbsp;<sup><em><strong>h</strong></em></sup>&nbsp;<sup><em><strong>i</strong></em></sup></span>&nbsp;<span class=\"reference-text\">Grimes, Taylor and Longton, Jeff.&nbsp;\"Lollapalooza History Timeline\"<sup class=\"noprint Inline-Template\">[<em><span title=\"&nbsp;Dead link since June 2021\">permanent dead link</span></em>]</sup>.&nbsp;<em>Billboard</em>. 2007.</span></li>\n<li id=\"cite_note-16\"><span class=\"mw-cite-backlink\"><strong>^</strong></span>&nbsp;<span class=\"reference-text\">janesaddiction.org/tour/show/janes-addiction/1990-08-24/1091/</span></li>\n<li id=\"cite_note-17\"><span class=\"mw-cite-backlink\"><strong>^</strong></span>&nbsp;<span class=\"reference-text\">Reynolds, Simon.&nbsp;\"POP MUSIC; A Woodstock for the Lost Generation\".&nbsp;<em>The New York Times</em>. August 4, 1991.</span></li>\n<li id=\"cite_note-18\"><span class=\"mw-cite-backlink\"><strong>^</strong></span>&nbsp;<span class=\"reference-text\"><cite id=\"CITEREFKendall1991\" class=\"citation web cs1\">Kendall, dave (July 1991).&nbsp;\"A week in rock (presented by Kurt Loder) - report on Lollapalooza's premiere in Phoenix\". youtube<span class=\"reference-accessdate\">. Retrieved&nbsp;<span class=\"nowrap\">September 2,</span>&nbsp;2019</span>.</cite></span></li>\n<li id=\"cite_note-19\"><span class=\"mw-cite-backlink\"><strong>^</strong></span>&nbsp;<span class=\"reference-text\">Parvaz, D.&nbsp;\"Lollapalooza: Then and Now\".&nbsp;<em>Seattle Post-Intelligencer</em>. August 23, 2003.</span></li>\n<li id=\"cite_note-20\"><span class=\"mw-cite-backlink\"><strong>^</strong></span>&nbsp;<span class=\"reference-text\">Wiederhorn, Jon.&nbsp;\"Corporate Sponsors May Be Key To Lollapalooza's Return\".&nbsp;MTV.com. January 15, 2003.</span></li>\n<li id=\"cite_note-21\"><span class=\"mw-cite-backlink\"><strong>^</strong></span>&nbsp;<span class=\"reference-text\"><cite id=\"CITEREFHalbert2001\" class=\"citation magazine cs1\">Halbert, James (August 2001). \"Nasy habits\".&nbsp;<em>Classic Rock</em>. No.&nbsp;30. p.&nbsp;59.</cite></span></li>\n<li id=\"cite_note-22\"><span class=\"mw-cite-backlink\"><strong>^</strong></span>&nbsp;<span class=\"reference-text\"><cite id=\"CITEREFDiCrescenzo2011\" class=\"citation web cs1\">DiCrescenzo, Brent (July 28, 2011).&nbsp;\"Dave Grohl of Foo Fighters Extended interview Lollapalooza 2011\". Timeout.com<span class=\"reference-accessdate\">. Retrieved&nbsp;<span class=\"nowrap\">July 3,</span>&nbsp;2018</span>.</cite></span></li>\n<li id=\"cite_note-23\"><span class=\"mw-cite-backlink\"><strong>^</strong></span>&nbsp;<span class=\"reference-text\"><cite id=\"CITEREFKendall1991\" class=\"citation web cs1\">Kendall, dave (July 1991).&nbsp;\"A week in rock (presented by Kurt Loder) - report on Lollapalooza's premiere in Phoenix\". youtube<span class=\"reference-accessdate\">. Retrieved&nbsp;<span class=\"nowrap\">September 2,</span>&nbsp;2019</span>.</cite></span></li>\n<li id=\"cite_note-altguitar-24\"><span class=\"mw-cite-backlink\"><strong>^</strong></span>&nbsp;<span class=\"reference-text\">di Perna, Alan. \"Brave Noise&mdash;The History of Alternative Rock Guitar\".&nbsp;<em>Guitar World</em>. December 1995.</span></li>\n<li id=\"cite_note-25\"><span class=\"mw-cite-backlink\"><strong>^</strong></span>&nbsp;<span class=\"reference-text\"><cite class=\"citation web cs1\">\"MTV Rockumentary - Lollapalooza, past, present... Palooza\". Youtube. 1996<span class=\"reference-accessdate\">. Retrieved&nbsp;<span class=\"nowrap\">February 2,</span>&nbsp;2021</span>.</cite></span></li>\n<li id=\"cite_note-26\"><span class=\"mw-cite-backlink\"><strong>^</strong></span>&nbsp;<span class=\"reference-text\">Nager, Larry.&nbsp;\"A History of Lollapalooza\".&nbsp;<em>The Cincinnati Enquirer</em>. July 13, 2003.</span></li>\n<li id=\"cite_note-27\"><span class=\"mw-cite-backlink\"><strong>^</strong></span>&nbsp;<span class=\"reference-text\">Moses, Robert.&nbsp;\"Lotta-palooza\".&nbsp;<em>The Phoenix</em>. August 14, 1992.</span></li>\n<li id=\"cite_note-28\"><span class=\"mw-cite-backlink\"><strong>^</strong></span>&nbsp;<span class=\"reference-text\">du Pre, Jolie. \"2009 Lollapalooza Hits Chicago's Grant Park\".&nbsp;Associated Content. August 8, 2009.</span></li>\n<li id=\"cite_note-29\"><span class=\"mw-cite-backlink\"><strong>^</strong></span>&nbsp;<span class=\"reference-text\">Browne, David.&nbsp;\"Lollapalooza's Second Stage\".&nbsp;<em>Entertainment Weekly</em>. Jun 25, 1993.</span></li>\n<li id=\"cite_note-30\"><span class=\"mw-cite-backlink\"><strong>^</strong></span>&nbsp;<span class=\"reference-text\">Volpi, Matt.&nbsp;\"Lollapalooza festival alternates cool music with dumb people\"&nbsp;Archived&nbsp;2007-12-25 at the&nbsp;Wayback Machine.&nbsp;<em>The Daily Collegian</em>. August 1, 1994.</span></li>\n<li id=\"cite_note-31\"><span class=\"mw-cite-backlink\"><strong>^</strong></span>&nbsp;<span class=\"reference-text\"><cite id=\"CITEREFCraig1997\" class=\"citation web cs1\">Craig, Jeff (February 7, 1997).&nbsp;\"Cobain conspiracy?\".&nbsp;Archivedfrom the original on November 9, 1999<span class=\"reference-accessdate\">. Retrieved&nbsp;<span class=\"nowrap\">July 24,</span>&nbsp;2020</span>.</cite></span></li>\n<li id=\"cite_note-rolling-stone-australia-oct-1996-32\"><span class=\"mw-cite-backlink\"><strong>^</strong></span>&nbsp;<span class=\"reference-text\"><cite id=\"CITEREFHumphreys1996\" class=\"citation journal cs1\">Humphreys, Andrew (October 1996).&nbsp;\"You Am I: \"Time is on Our Side<span class=\"cs1-kern-right\">\"</span>\".&nbsp;<em>Rolling Stone Australia</em>&nbsp;(527). Archived from&nbsp;the originalon November 20, 2015<span class=\"reference-accessdate\">. Retrieved&nbsp;<span class=\"nowrap\">November 23,</span>&nbsp;2015</span>.</cite></span></li>\n<li id=\"cite_note-33\"><span class=\"mw-cite-backlink\"><strong>^</strong></span>&nbsp;<span class=\"reference-text\"><cite id=\"CITEREFFarber2003\" class=\"citation news cs1\">Farber, Jim (July 13, 2003).&nbsp;\"Perry Farrell brings back Lollapalooza &amp; legendary band,too\".&nbsp;<em>Daily News</em>.</cite></span></li>\n<li id=\"cite_note-34\"><span class=\"mw-cite-backlink\"><strong>^</strong></span>&nbsp;<span class=\"reference-text\">For example, see Mimi Schippers,&nbsp;<em>Rockin' out of the Box: Gender Maneuvering in Alternative Hard Rock</em>. New Brunswick, New Jersey: Rutgers University Press, 2002. (Especially Chapter 1, and page 14.)</span></li>\n<li id=\"cite_note-35\"><span class=\"mw-cite-backlink\"><strong>^</strong></span>&nbsp;<span class=\"reference-text\">Pillsbury, Glenn T.&nbsp;<em>Damage Incorporated: Metallica and the Production of Musical Identity</em>. New York: Routledge, 2006. See page 143.</span></li>\n<li id=\"cite_note-36\"><span class=\"mw-cite-backlink\"><strong>^</strong></span>&nbsp;<span class=\"reference-text\">\"Lollapalooza Cancelled\".&nbsp;<em>Billboard</em>. April 6, 1998.</span></li>\n<li id=\"cite_note-37\"><span class=\"mw-cite-backlink\"><strong>^</strong></span>&nbsp;<span class=\"reference-text\">Weisbard, Eric. \"This Monkey's Gone to Heaven\".&nbsp;<em>Spin</em>. July 1998.</span></li>\n<li id=\"cite_note-38\"><span class=\"mw-cite-backlink\"><strong>^</strong></span>&nbsp;<span class=\"reference-text\"><cite id=\"CITEREFDangelo,_Joe2004\" class=\"citation web cs1\">Dangelo, Joe (June 22, 2004).&nbsp;\"Lollapalooza Canceled; Organizes cite Poor Ticket Sales\". MTV.com<span class=\"reference-accessdate\">. Retrieved&nbsp;<span class=\"nowrap\">September 22,</span>&nbsp;2020</span>.</cite></span></li>\n<li id=\"cite_note-39\"><span class=\"mw-cite-backlink\"><strong>^</strong></span>&nbsp;<span class=\"reference-text\">\"Pixies, Weezer, Panic Set For Lollapalooza\".&nbsp;<em>Billboard</em>.</span></li>\n<li id=\"cite_note-40\"><span class=\"mw-cite-backlink\"><strong>^</strong></span>&nbsp;<span class=\"reference-text\">Matheson, Whitney.&nbsp;\"Live from Lollapalooza: An hour-by-hour report\".&nbsp;<em>USA Today</em>. July 23, 2005.</span></li>\n<li id=\"cite_note-41\"><span class=\"mw-cite-backlink\"><strong>^</strong></span>&nbsp;<span class=\"reference-text\">Wehrle, Drew.&nbsp;\"Choose or Lollapalooza\".&nbsp;<em>Spin</em>. July 25, 2005.</span></li>\n<li id=\"cite_note-42\"><span class=\"mw-cite-backlink\"><strong>^</strong></span>&nbsp;<span class=\"reference-text\">Herrmann, Andrew.&nbsp;\"Lollapalooza to rock city for 5 more years\"Archived&nbsp;2007-10-17 at the&nbsp;Wayback Machine.&nbsp;<em>Chicago Sun-Times</em>&nbsp;October 26, 2006.</span></li>\n<li id=\"cite_note-43\"><span class=\"mw-cite-backlink\"><strong>^</strong></span>&nbsp;<span class=\"reference-text\">Kot, Greg.&nbsp;\"Lollapalooza promoters still searching for Chicago identity\"&nbsp;Archived&nbsp;2013-10-29 at the&nbsp;Wayback Machine. Turn It Up (blog).&nbsp;<em>Chicago Tribune</em>. July 31, 2009.</span></li>\n<li id=\"cite_note-44\"><span class=\"mw-cite-backlink\"><strong>^</strong></span>&nbsp;<span class=\"reference-text\"><cite id=\"CITEREFAdamczyk2015\" class=\"citation news cs1\">Adamczyk, Alicia (December 3, 2015).&nbsp;\"Lollapalooza 2016 Will Last 4 Days, Cost 20% More\".&nbsp;<em>Time</em>. Archived from&nbsp;the original&nbsp;on December 4, 2015<span class=\"reference-accessdate\">. Retrieved&nbsp;<span class=\"nowrap\">December 3,</span>&nbsp;2015</span>.</cite></span></li>\n<li id=\"cite_note-45\"><span class=\"mw-cite-backlink\"><strong>^</strong></span>&nbsp;<span class=\"reference-text\"><cite class=\"citation news cs1\">\"Pick Your Stage: Lollapalooza 2017\".&nbsp;<em>Rolling Stone</em><span class=\"reference-accessdate\">. Retrieved&nbsp;<span class=\"nowrap\">July 20,</span>&nbsp;2017</span>.</cite></span></li>\n<li id=\"cite_note-46\"><span class=\"mw-cite-backlink\"><strong>^</strong></span>&nbsp;<span class=\"reference-text\">http://www.chicagotribune.com/entertainment/lollapalooza/ct-lollapalooza-2018-best-and-worst-day-1-20180802-story.html</span></li>\n<li id=\"cite_note-47\"><span class=\"mw-cite-backlink\"><strong>^</strong></span>&nbsp;<span class=\"reference-text\"><cite class=\"citation web cs1\">\"First PORNO FOR PYROS Reunion In 24 Years Planned For LOLLA2020 Virtual Festival Weekend\". Blabbermouth. July 27, 2020<span class=\"reference-accessdate\">. Retrieved&nbsp;<span class=\"nowrap\">July 30,</span>&nbsp;2020</span>.</cite></span></li>\n<li id=\"cite_note-:1-48\"><span class=\"mw-cite-backlink\">^&nbsp;<span class=\"cite-accessibility-label\">Jump up to:</span><sup><em><strong>a</strong></em></sup>&nbsp;<sup><em><strong>b</strong></em></sup></span><span class=\"reference-text\"><cite class=\"citation web cs1\">\"https://twitter.com/lollapalooza/status/1270400046559870979\".&nbsp;<em>Twitter</em><span class=\"reference-accessdate\">. Retrieved&nbsp;<span class=\"nowrap\">December 6,</span>&nbsp;2020</span>.</cite>&nbsp;<span class=\"cs1-visible-error error citation-comment\">External link in&nbsp;<code class=\"cs1-code\">|title=</code>&nbsp;(help)</span></span></li>\n<li id=\"cite_note-:0-49\"><span class=\"mw-cite-backlink\">^&nbsp;<span class=\"cite-accessibility-label\">Jump up to:</span><sup><em><strong>a</strong></em></sup>&nbsp;<sup><em><strong>b</strong></em></sup></span>&nbsp;<span class=\"reference-text\"><cite id=\"CITEREFLevy\" class=\"citation web cs1\">Levy, Piet.&nbsp;\"Lollapalooza 2020 in Chicago canceled due to coronavirus pandemic\".&nbsp;<em>USA TODAY</em><span class=\"reference-accessdate\">. Retrieved&nbsp;<span class=\"nowrap\">December 6,</span>&nbsp;2020</span>.</cite></span></li>\n<li id=\"cite_note-:3-50\"><span class=\"mw-cite-backlink\">^&nbsp;<span class=\"cite-accessibility-label\">Jump up to:</span><sup><em><strong>a</strong></em></sup>&nbsp;<sup><em><strong>b</strong></em></sup></span>&nbsp;<span class=\"reference-text\"><cite class=\"citation web cs1\">\"Lineup\".&nbsp;<em>www.lollapalooza.com</em><span class=\"reference-accessdate\">. Retrieved&nbsp;<span class=\"nowrap\">December 6,</span>2020</span>.</cite></span></li>\n<li id=\"cite_note-51\"><span class=\"mw-cite-backlink\"><strong>^</strong></span>&nbsp;<span class=\"reference-text\"><cite id=\"CITEREFLisa_Respers_France\" class=\"citation web cs1\">Lisa Respers France.&nbsp;\"Lollapalooza to return at full capacity\".&nbsp;<em>CNN</em><span class=\"reference-accessdate\">. Retrieved&nbsp;<span class=\"nowrap\">May 18,</span>&nbsp;2021</span>.</cite></span></li>\n<li id=\"cite_note-52\"><span class=\"mw-cite-backlink\"><strong>^</strong></span>&nbsp;<span class=\"reference-text\"><cite id=\"CITEREFSwartz2016\" class=\"citation news cs1\">Swartz, Tracy (March 23, 2016).&nbsp;\"Lollapalooza 1-day general admission passes sell out in under 3 hours\".&nbsp;<em>Chicago Tribune</em><span class=\"reference-accessdate\">. Retrieved&nbsp;<span class=\"nowrap\">September 15,</span>&nbsp;2016</span>.</cite></span></li>\n<li id=\"cite_note-53\"><span class=\"mw-cite-backlink\"><strong>^</strong></span>&nbsp;<span class=\"reference-text\"><cite class=\"citation web cs1\">\"Where to Buy Lollapalooza Tickets Online\".&nbsp;<em>Chicago</em><span class=\"reference-accessdate\">. Retrieved&nbsp;<span class=\"nowrap\">September 15,</span>&nbsp;2016</span>.</cite></span></li>\n<li id=\"cite_note-54\"><span class=\"mw-cite-backlink\"><strong>^</strong></span>&nbsp;<span class=\"reference-text\"><cite id=\"CITEREFAdamczyk\" class=\"citation news cs1\">Adamczyk, Alicia.&nbsp;\"Lollapalooza 2016 Will Last 4 Days, Cost 20% More\".&nbsp;<em>Money</em>. Archived from&nbsp;the original&nbsp;on December 4, 2015<span class=\"reference-accessdate\">. Retrieved&nbsp;<span class=\"nowrap\">September 15,</span>&nbsp;2016</span>.</cite></span></li>\n<li id=\"cite_note-55\"><span class=\"mw-cite-backlink\"><strong>^</strong></span>&nbsp;<span class=\"reference-text\"><cite class=\"citation web cs1\">\"Lollapalooza 2020 Lineup, Tickets &amp; Schedule\".&nbsp;<em>TBA</em>. January 29, 2020<span class=\"reference-accessdate\">. Retrieved&nbsp;<span class=\"nowrap\">December 8,</span>&nbsp;2020</span>.</cite></span></li>\n<li id=\"cite_note-:5-56\"><span class=\"mw-cite-backlink\"><strong>^</strong></span>&nbsp;<span class=\"reference-text\"><cite class=\"citation web cs1\">\"Kanye West, NIN Bring Lollapalooza To A Close\".&nbsp;<em>Billboard</em><span class=\"reference-accessdate\">. Retrieved&nbsp;<span class=\"nowrap\">December 8,</span>&nbsp;2020</span>.</cite></span></li>\n<li id=\"cite_note-57\"><span class=\"mw-cite-backlink\"><strong>^</strong></span>&nbsp;<span class=\"reference-text\"><cite id=\"CITEREFAugust_42008\" class=\"citation web cs1\">August 4, BrooklynVegan StaffPublished; 2008.&nbsp;\"Kanye West @ Lollapalooza &ndash; pics &amp; setlist\".&nbsp;<em>BrooklynVegan</em><span class=\"reference-accessdate\">. Retrieved&nbsp;<span class=\"nowrap\">December 8,</span>&nbsp;2020</span>.</cite></span></li>\n<li id=\"cite_note-58\"><span class=\"mw-cite-backlink\"><strong>^</strong></span>&nbsp;<span class=\"reference-text\"><cite class=\"citation web cs1\">\"Lollapalooza finishes big with Kanye West, Nine Inch Nails -- Daily Herald\".&nbsp;<em>prev.dailyherald.com</em><span class=\"reference-accessdate\">. Retrieved&nbsp;<span class=\"nowrap\">December 8,</span>&nbsp;2020</span>.</cite></span></li>\n<li id=\"cite_note-59\"><span class=\"mw-cite-backlink\"><strong>^</strong></span>&nbsp;<span class=\"reference-text\"><cite class=\"citation web cs1\">\"Lollapalooza 2013: Chance the Rapper Makes His Festival Debut (PHOTOS)\".&nbsp;<em>Vibe</em>. August 4, 2013<span class=\"reference-accessdate\">. Retrieved&nbsp;<span class=\"nowrap\">December 8,</span>&nbsp;2020</span>.</cite></span></li>\n<li id=\"cite_note-:4-60\"><span class=\"mw-cite-backlink\">^&nbsp;<span class=\"cite-accessibility-label\">Jump up to:</span><sup><em><strong>a</strong></em></sup>&nbsp;<sup><em><strong>b</strong></em></sup></span>&nbsp;<span class=\"reference-text\"><cite class=\"citation web cs1\">\"CHANCE THE RAPPER AT LOLLAPALOOZA: SO CROWDED SOMEONE CLIMBED A LAMP POST\".&nbsp;<em>Fuse</em><span class=\"reference-accessdate\">. Retrieved&nbsp;<span class=\"nowrap\">December 8,</span>2020</span>.</cite></span></li>\n<li id=\"cite_note-61\"><span class=\"mw-cite-backlink\"><strong>^</strong></span>&nbsp;<span class=\"reference-text\"><cite class=\"citation web cs1\">\"Chance The Rapper Covers Complex's October/November 2013 Issue!\".&nbsp;<em>Complex</em><span class=\"reference-accessdate\">. Retrieved&nbsp;<span class=\"nowrap\">December 8,</span>&nbsp;2020</span>.</cite></span></li>\n<li id=\"cite_note-62\"><span class=\"mw-cite-backlink\"><strong>^</strong></span>&nbsp;<span class=\"reference-text\"><cite id=\"CITEREFLevy\" class=\"citation web cs1\">Levy, Piet.&nbsp;\"Lollapalooza 2019 day two: Chance the Rapper makes surprise appearance, Childish Gambino joins 21 Savage\".&nbsp;<em>Milwaukee Journal Sentinel</em><span class=\"reference-accessdate\">. Retrieved&nbsp;<span class=\"nowrap\">December 8,</span>&nbsp;2020</span>.</cite></span></li>\n<li id=\"cite_note-63\"><span class=\"mw-cite-backlink\"><strong>^</strong></span>&nbsp;<span class=\"reference-text\"><cite class=\"citation web cs1\">\"Outkast Announce Tour of Over 40 Festivals\".&nbsp;<em>Billboard</em><span class=\"reference-accessdate\">. Retrieved&nbsp;<span class=\"nowrap\">December 9,</span>&nbsp;2020</span>.</cite></span></li>\n<li id=\"cite_note-:6-64\"><span class=\"mw-cite-backlink\">^&nbsp;<span class=\"cite-accessibility-label\">Jump up to:</span><sup><em><strong>a</strong></em></sup>&nbsp;<sup><em><strong>b</strong></em></sup></span>&nbsp;<span class=\"reference-text\"><cite class=\"citation web cs1\">\"Outkast Finds The Love at Lollapalooza\".&nbsp;<em>Billboard</em><span class=\"reference-accessdate\">. Retrieved&nbsp;<span class=\"nowrap\">December 9,</span>&nbsp;2020</span>.</cite></span></li>\n<li id=\"cite_note-65\"><span class=\"mw-cite-backlink\"><strong>^</strong></span>&nbsp;<span class=\"reference-text\"><cite id=\"CITEREFSwartz\" class=\"citation news cs1\">Swartz, Tracy.&nbsp;\"Which celebrities were spotted at Lollapalooza?\".&nbsp;<em>chicagotribune.com</em><span class=\"reference-accessdate\">. Retrieved&nbsp;<span class=\"nowrap\">August 3,</span>&nbsp;2019</span>.</cite></span></li>\n<li id=\"cite_note-66\"><span class=\"mw-cite-backlink\"><strong>^</strong></span>&nbsp;<span class=\"reference-text\"><cite id=\"CITEREFSwartz\" class=\"citation news cs1\">Swartz, Tracy.&nbsp;\"This is how Mayor Emanuel, other celebs partied at Lollapalooza\".&nbsp;<em>chicagotribune.com</em><span class=\"reference-accessdate\">. Retrieved&nbsp;<span class=\"nowrap\">August 3,</span>&nbsp;2019</span>.</cite></span></li>\n<li id=\"cite_note-67\"><span class=\"mw-cite-backlink\"><strong>^</strong></span>&nbsp;<span class=\"reference-text\"><cite id=\"CITEREFSwartz\" class=\"citation news cs1\">Swartz, Tracy.&nbsp;\"Lollapalooza celeb sightings: Bella Hadid, 'Bachelor in Paradise' stars\".&nbsp;<em>chicagotribune.com</em><span class=\"reference-accessdate\">. Retrieved&nbsp;<span class=\"nowrap\">August 3,</span>&nbsp;2019</span>.</cite></span></li>\n<li id=\"cite_note-:2-68\"><span class=\"mw-cite-backlink\">^&nbsp;<span class=\"cite-accessibility-label\">Jump up to:</span><sup><em><strong>a</strong></em></sup>&nbsp;<sup><em><strong>b</strong></em></sup></span>&nbsp;<span class=\"reference-text\"><cite class=\"citation web cs1\">\"KIDZAPALOOZA DEBUTS AT HOLLYWOOD BOWL\".&nbsp;<em>Hollywood Bowl</em><span class=\"reference-accessdate\">. Retrieved&nbsp;<span class=\"nowrap\">December 7,</span>&nbsp;2020</span>.</cite></span></li>\n<li id=\"cite_note-69\"><span class=\"mw-cite-backlink\"><strong>^</strong></span>&nbsp;<span class=\"reference-text\"><cite class=\"citation web cs1\">\"Kidzapalooza! Where The Little Ones Gather To Rock Out At Lollapalooza\".&nbsp;<em>beintheloopchicago.com</em><span class=\"reference-accessdate\">. Retrieved&nbsp;<span class=\"nowrap\">December 7,</span>2020</span>.</cite></span></li>\n<li id=\"cite_note-:7-70\"><span class=\"mw-cite-backlink\">^&nbsp;<span class=\"cite-accessibility-label\">Jump up to:</span><sup><em><strong>a</strong></em></sup>&nbsp;<sup><em><strong>b</strong></em></sup></span>&nbsp;<span class=\"reference-text\"><cite id=\"CITEREFArchive-SonicNet--Richard-Simon\" class=\"citation web cs1\">Archive-SonicNet--Richard-Simon.&nbsp;\"Perry Farrell Spins Up Storm At Purimpalooza\".&nbsp;<em>MTV News</em><span class=\"reference-accessdate\">. Retrieved&nbsp;<span class=\"nowrap\">December 8,</span>&nbsp;2020</span>.</cite></span></li>\n<li id=\"cite_note-71\"><span class=\"mw-cite-backlink\"><strong>^</strong></span>&nbsp;<span class=\"reference-text\"><cite class=\"citation web cs1\">\"Perry Farrell\".&nbsp;<em>www.jewishvirtuallibrary.org</em><span class=\"reference-accessdate\">. Retrieved&nbsp;<span class=\"nowrap\">December 8,</span>&nbsp;2020</span>.</cite></span></li>\n<li id=\"cite_note-72\"><span class=\"mw-cite-backlink\"><strong>^</strong></span>&nbsp;<span class=\"reference-text\"><cite class=\"citation web cs1\">\"Lollapalooza Chile &ndash; Santiago &ndash; 6 y 7 de Abril 2013\". Lineup.lollapalooza.cl. Archived from&nbsp;the original&nbsp;on May 12, 2013<span class=\"reference-accessdate\">. Retrieved&nbsp;<span class=\"nowrap\">August 12,</span>&nbsp;2013</span>.</cite></span></li>\n<li id=\"cite_note-73\"><span class=\"mw-cite-backlink\"><strong>^</strong></span>&nbsp;<span class=\"reference-text\"><cite class=\"citation web cs1\">\"Lollapalooza 2013 confirma data e local &ndash; Lollapalooza &ndash; MULTISHOW\". Multishow.globo.com. February 19, 2013<span class=\"reference-accessdate\">. Retrieved&nbsp;<span class=\"nowrap\">July 31,</span>&nbsp;2015</span>.</cite></span></li>\n<li id=\"cite_note-74\"><span class=\"mw-cite-backlink\"><strong>^</strong></span>&nbsp;<span class=\"reference-text\"><cite class=\"citation web cs1\">\"Lollapalooza Brasil 2014: veja os hor&aacute;rios dos shows no Multishow, no Bis e na web &ndash; Lollapalooza &ndash; MULTISHOW\". Multishow.globo.com. March 31, 2014<span class=\"reference-accessdate\">. Retrieved&nbsp;<span class=\"nowrap\">July 31,</span>&nbsp;2015</span>.</cite></span></li>\n<li id=\"cite_note-75\"><span class=\"mw-cite-backlink\"><strong>^</strong></span>&nbsp;<span class=\"reference-text\"><cite class=\"citation web cs1\">\"Lollapalooza 2015\". G1<span class=\"reference-accessdate\">. Retrieved&nbsp;<span class=\"nowrap\">July 31,</span>&nbsp;2015</span>.</cite></span></li>\n<li id=\"cite_note-76\"><span class=\"mw-cite-backlink\"><strong>^</strong></span>&nbsp;<span class=\"reference-text\"><cite class=\"citation web cs1\">\"Lollapalooza 2016 &ndash; Line-Up\". Lollapalooza Brazil<span class=\"reference-accessdate\">. Retrieved&nbsp;<span class=\"nowrap\">July 31,</span>&nbsp;2015</span>.</cite></span></li>\n<li id=\"cite_note-77\"><span class=\"mw-cite-backlink\"><strong>^</strong></span>&nbsp;<span class=\"reference-text\"><cite class=\"citation web cs1\">\"Lolla Parties 2019\". Lollapalooza Brazil<span class=\"reference-accessdate\">. Retrieved&nbsp;<span class=\"nowrap\">March 24,</span>2019</span>.</cite></span></li>\n<li id=\"cite_note-78\"><span class=\"mw-cite-backlink\"><strong>^</strong></span>&nbsp;<span class=\"reference-text\"><cite class=\"citation web cs1\">\"Argentina ya es parte de la familia Lollapalooza. Bienvenida!\". Lollapalooza Argentina<span class=\"reference-accessdate\">. Retrieved&nbsp;<span class=\"nowrap\">September 10,</span>&nbsp;2013</span>.</cite></span></li>\n<li id=\"cite_note-79\"><span class=\"mw-cite-backlink\"><strong>^</strong></span>&nbsp;<span class=\"reference-text\"><cite class=\"citation web cs1\">\"Lollapalooza Heading to Berlin in 2015 | Billboard\".&nbsp;<em>Billboard</em><span class=\"reference-accessdate\">. Retrieved&nbsp;<span class=\"nowrap\">December 13,</span>&nbsp;2015</span>.</cite></span></li>\n<li id=\"cite_note-80\"><span class=\"mw-cite-backlink\"><strong>^</strong></span>&nbsp;<span class=\"reference-text\">Lollapalooza Announces Berlin Festival: Taking place at Tempelhof Airport September 2015, pitchfork.com, 6 November 2014</span></li>\n<li id=\"cite_note-81\"><span class=\"mw-cite-backlink\"><strong>^</strong></span>&nbsp;<span class=\"reference-text\"><cite class=\"citation web cs1\">\"Lollapalooza Heading to Berlin in 2015 | Billboard\".&nbsp;<em>Billboard</em><span class=\"reference-accessdate\">. Retrieved&nbsp;<span class=\"nowrap\">December 13,</span>&nbsp;2015</span>.</cite></span></li>\n<li id=\"cite_note-82\"><span class=\"mw-cite-backlink\"><strong>^</strong></span>&nbsp;<span class=\"reference-text\"><cite class=\"citation web cs1\">\"Neues zu Lollapalooza im Treptower Park\".&nbsp;<em>Der letzte Berliner</em><span class=\"reference-accessdate\">. Retrieved&nbsp;<span class=\"nowrap\">July 27,</span>&nbsp;2016</span>.</cite></span></li>\n<li id=\"cite_note-83\"><span class=\"mw-cite-backlink\"><strong>^</strong></span>&nbsp;<span class=\"reference-text\"><cite class=\"citation web cs1\">\"B&uuml;rgerinitiative will Lollapalooza-Festival verhindern\"<span class=\"reference-accessdate\">. Retrieved&nbsp;<span class=\"nowrap\">July 27,</span>&nbsp;2016</span>.</cite></span></li>\n<li id=\"cite_note-84\"><span class=\"mw-cite-backlink\"><strong>^</strong></span>&nbsp;<span class=\"reference-text\"><cite class=\"citation web cs1\">\"Live Nation announces swedish edition of Lollapalooza\".&nbsp;<em>Live Nation (swedish)</em><span class=\"reference-accessdate\">. Retrieved&nbsp;<span class=\"nowrap\">May 30,</span>&nbsp;2018</span>.</cite></span></li>\n<li id=\"cite_note-85\"><span class=\"mw-cite-backlink\"><strong>^</strong></span>&nbsp;<span class=\"reference-text\"><cite class=\"citation web cs1\">\"Lollapalooza heads to Paris in 2017\".&nbsp;<em>DIY</em><span class=\"reference-accessdate\">. Retrieved&nbsp;<span class=\"nowrap\">January 17,</span>&nbsp;2017</span>.</cite></span></li>\n<li id=\"cite_note-86\"><span class=\"mw-cite-backlink\"><strong>^</strong></span>&nbsp;<span class=\"reference-text\"><cite class=\"citation web cs1\">\"Lollapalooza music festival coming to Israel\".&nbsp;<em>Jewish Telegraphic Agency</em><span class=\"reference-accessdate\">. Retrieved&nbsp;<span class=\"nowrap\">December 13,</span>&nbsp;2015</span>.</cite></span></li>\n<li id=\"cite_note-87\"><span class=\"mw-cite-backlink\"><strong>^</strong></span>&nbsp;<span class=\"reference-text\"><cite class=\"citation web cs1\">\"Perry Farrell Will Bring Lollapalooza 2013 to Israel\". Daniel Kreps. August 7, 2012.</cite></span></li>\n<li id=\"cite_note-88\"><span class=\"mw-cite-backlink\"><strong>^</strong></span>&nbsp;<span class=\"reference-text\"><cite class=\"citation web cs1\">\"Report: Lollapalooza festival cancels Israel plans\". Jpost.com<span class=\"reference-accessdate\">. Retrieved&nbsp;<span class=\"nowrap\">August 12,</span>&nbsp;2013</span>.</cite></span></li>\n<li id=\"cite_note-89\"><span class=\"mw-cite-backlink\"><strong>^</strong></span>&nbsp;<span class=\"reference-text\"><cite class=\"citation web cs1\">\"Lollapalooza Israel Canceled: 'We're Sorry' | Billboard\".&nbsp;<em>Billboard</em><span class=\"reference-accessdate\">. Retrieved&nbsp;<span class=\"nowrap\">December 13,</span>&nbsp;2015</span>.</cite></span></li>\n<li id=\"cite_note-obsolete.com-90\"><span class=\"mw-cite-backlink\"><strong>^</strong></span>&nbsp;<span class=\"reference-text\"><cite class=\"citation web cs1\">\"Steve Albini 1993\". Obsolete.com. Archived from&nbsp;the originalon December 5, 1998<span class=\"reference-accessdate\">. Retrieved&nbsp;<span class=\"nowrap\">August 12,</span>&nbsp;2013</span>.</cite></span></li>\n<li id=\"cite_note-Lollapalooza_1995-91\"><span class=\"mw-cite-backlink\"><strong>^</strong></span>&nbsp;<span class=\"reference-text\"><cite class=\"citation web cs1\">\"Lollapalooza 1995\". Lineup.lollapalooza.com. Archived from&nbsp;the original&nbsp;on August 6, 2013<span class=\"reference-accessdate\">. Retrieved&nbsp;<span class=\"nowrap\">August 12,</span>&nbsp;2013</span>.</cite></span></li>\n<li id=\"cite_note-Lollapalooza_1996-92\"><span class=\"mw-cite-backlink\"><strong>^</strong></span>&nbsp;<span class=\"reference-text\"><cite class=\"citation web cs1\">\"Lollapalooza 1996\". Lineup.lollapalooza.com. Archived from&nbsp;the original&nbsp;on August 6, 2013<span class=\"reference-accessdate\">. Retrieved&nbsp;<span class=\"nowrap\">August 12,</span>&nbsp;2013</span>.</cite></span></li>\n<li id=\"cite_note-rollingstone-lolla-93\"><span class=\"mw-cite-backlink\"><strong>^</strong></span>&nbsp;<span class=\"reference-text\"><cite class=\"citation web cs1\">\"Attorney General Investigates Lollapalooza\".&nbsp;<em>Rolling Stone</em><span class=\"reference-accessdate\">. Retrieved&nbsp;<span class=\"nowrap\">June 24,</span>&nbsp;2014</span>.</cite></span></li>\n<li id=\"cite_note-lat-coachellaafterall-94\"><span class=\"mw-cite-backlink\"><strong>^</strong></span>&nbsp;<span class=\"reference-text\"><cite class=\"citation web cs1\">\"So maybe Coachella's booking rules aren't so egregious after all\".&nbsp;<em>Los Angeles Times</em><span class=\"reference-accessdate\">. Retrieved&nbsp;<span class=\"nowrap\">June 24,</span>&nbsp;2014</span>.</cite></span></li>\n</ol>\n</div>\n</div>",
 "remarks": "本词条内容来自 https://zh.wikipedia.org/wiki/Lollapalooza",
 "remarksEn": "本词条内容来自 https://en.wikipedia.org/wiki/Lollapalooza",
 "status": 1,
 "clickNum": 23,
 "deleted": 0,
 "lang": 0,
 "chooseLang": true,
 "id": 174,
 "name": "Lollapalooza",
 "descriptions": "Lollapalooza音乐节 (/ˌlɒləpəˈluːzə/)是每年举办的音乐节，它的音乐类型包括另类摇滚, 重金属,朋克摇滚，嘻哈,舞曲，喜剧表演等。它也会为非公益和政治团体开放平台。",
 "picture": "https://duopin-community.oss-cn-shenzhen.aliyuncs.com/b977n2i89tt8cutuo197.jpg",
 "originalName": "",
 "holdTimeText": "April 7-8, 2012 (São Paulo, Brazil) March 31 – April 1, 2012 (Santiago)",
 "holdAddress": "巡回表演(1991–1997, 2003)\r\n芝加哥 Grant Park(2005–Present)\r\n智利圣地亚哥O'Higgins Park (2011–Present)\r\n巴西, 圣保罗Jockey Club",
 "searchAddress": "美国",
 "sponsor": "",
 "foundTimeText": "1991",
 "officialUrl": "https://zh.wikipedia.org/wiki/Lollapalooza",
 "referenceUrl": "https://en.wikipedia.org/wiki/Lollapalooza",
 "nonceStatusText": "运营中",
 "typeId": 16,
 "typeName": "电音节",
 "dataId": 174,
 "url": "http://dropinapp.hearinmusic.com/#/ency?typeId=16&dataId=174"
}