{
 "pageNum": 1,
 "pageSize": 10,
 "params": {},
 "content": "<p>Lost&nbsp;Village&nbsp;是一个超现实的节日，发生在林肯郡诺顿-迪斯尼村附近的一个僻静的林地里。&nbsp;节日观众被邀请去探索一个废弃的世界，其中包括破旧的建筑、旧的垃圾场、隐藏的花园和一个废弃的空军基地。&nbsp;为期三天的活动侧重于前瞻性的音乐、艺术、食物、沉浸式戏剧、喜剧、讲座和研讨会。</p>\n<p>&nbsp;</p>\n<p><strong>历史</strong></p>\n<p>Lost&nbsp;Village&nbsp;由Andy&nbsp;George,&nbsp;Jay&nbsp;Jameson,&nbsp;Ben&nbsp;Atkins,&nbsp;Andy&nbsp;Ellis&nbsp;和&nbsp;Aaron&nbsp;Mellor于2015年创立；他们致力于创造一个新的以创意为主导的节日体验。</p>\n<p>&nbsp;</p>\n<p><strong>地点</strong></p>\n<p>节日设置在林肯附近一个树木茂盛的地方，包括旧的小木屋和破旧的建筑，有良好的公共交通到现场。</p>\n<p>&nbsp;</p>\n<p><strong>活动</strong></p>\n<p>Lost&nbsp;Village是一个创造性的项目，不断变化和发展。&nbsp;该活动强调不可预知性、一对一的体验和抽象的超现实主义。&nbsp;活动场地可容纳约5000名参与者，活动现场提供camping&nbsp;和&lsquo;boutique-camping&rsquo;&nbsp;，有各种蒙古包、尖顶帐篷和钟形帐篷，活动以一个欢迎会开始。</p>\n<p>&nbsp;</p>\n<p><strong>食物</strong></p>\n<p>Lost&nbsp;Village&nbsp;提供一系列英国街头食品以及部落宴会体验。2016年，米其林星级厨师Michael O'Hare和打字室的Lee Westcott在此表演。&nbsp;2016年的街头食品商包括达尔斯顿的Voodoo Ray's和伦敦Le Swine的培根肉饼。</p>",
 "contentEn": "<p><strong>Lost Village</strong>&nbsp;is a surreal festival experience that takes place in a secluded woodland near the village of&nbsp;Norton Disney, Lincolnshire. Festival-goers are invited to explore an abandoned world that encompasses dilapidated buildings, old junkyards, hidden gardens and a disused airbase. The three-day event focuses on forward-thinking music, art, food, immersive theatre, comedy, talks and workshops.</p>\n<p>&nbsp;</p>\n<h2><span id=\"History\" class=\"mw-headline\">History</span></h2>\n<p>Lost Village was founded in 2015 by Andy George, Jay Jameson, Ben Atkins, Andy Ellis and Aaron Mellor; a group of friends who wanted to create a new creatively-led festival experience.<sup id=\"cite_ref-mirror2016_1-0\" class=\"reference\">[1]</sup><sup id=\"cite_ref-clash_2-0\" class=\"reference\">[2]</sup></p>\n<h2>&nbsp;</h2>\n<h2><span id=\"Location\" class=\"mw-headline\">Location</span></h2>\n<p>The festival is set in a heavily wooded location near Lincoln, and includes old cabins and dilapidated buildings.<sup id=\"cite_ref-3\" class=\"reference\">[3]</sup><sup id=\"cite_ref-4\" class=\"reference\">[4]</sup>&nbsp;There is good public transport to the site.<sup id=\"cite_ref-mirror2016_1-1\" class=\"reference\">[1]</sup></p>\n<p>&nbsp;</p>\n<h2><span id=\"Activities\" class=\"mw-headline\">Activities</span></h2>\n<p>Lost Village is a creative project that changes and develops, year on year. The event emphasizes unpredictability, one-on-one experiences and abstract surrealism. There is space for about 5,000 participants,<sup id=\"cite_ref-bt_5-0\" class=\"reference\">[5]</sup>&nbsp;and the venue offers both rough camping and &lsquo;boutique-camping&rsquo; on-site with various yurts, tipis and bell tents. The event begins with a welcoming party.<sup id=\"cite_ref-6\" class=\"reference\">[6]</sup></p>\n<p>&nbsp;</p>\n<h2><span id=\"Food\" class=\"mw-headline\">Food</span></h2>\n<p>Lost Village provides a range of UK street-food as well as a tribal banquet experience.<sup id=\"cite_ref-7\" class=\"reference\">[7]</sup>&nbsp;In 2016 this featured the Michelin starred chef Michael O&rsquo;Hare and Typing Room&rsquo;s Lee Westcott. 2016&rsquo;s street food traders included Dalston's Voodoo Ray&rsquo;s and bacon butty from London's Le Swine.<sup id=\"cite_ref-mirror2016_1-2\" class=\"reference\">[1]</sup></p>\n<p>&nbsp;</p>\n<h2><span id=\"References\" class=\"mw-headline\">References</span></h2>\n<div class=\"reflist\">\n<div class=\"mw-references-wrap\">\n<ol class=\"references\">\n<li id=\"cite_note-mirror2016-1\"><span class=\"mw-cite-backlink\">^&nbsp;<span class=\"cite-accessibility-label\">Jump up to:</span><sup><em><strong>a</strong></em></sup>&nbsp;<sup><em><strong>b</strong></em></sup>&nbsp;<sup><em><strong>c</strong></em></sup></span>&nbsp;<span class=\"reference-text\">\"Lost Village Festival 2016 Review: The tribe has spoken\".&nbsp;<em>The Mirror</em>, Jamie Ferguson, 08:20, 10 JUN 2016</span></li>\n<li id=\"cite_note-clash-2\"><span class=\"mw-cite-backlink\">^&nbsp;<span class=\"cite-accessibility-label\">Jump up to:</span><sup><em><strong>a</strong></em></sup>&nbsp;<sup><em><strong>b</strong></em></sup></span>&nbsp;<span class=\"reference-text\">\"Live Report: Lost Village Festival 2016\".&nbsp;<em>ClashMusic Magazine</em>, 16.06.2016. Reiss de Bruin.</span></li>\n<li id=\"cite_note-3\"><span class=\"mw-cite-backlink\"><strong>^</strong></span>&nbsp;<span class=\"reference-text\">Ferguson, Jamie (24 June 2015).&nbsp;\"15 things we learned from Lost Village Festival 2015\".</span></li>\n<li id=\"cite_note-4\"><span class=\"mw-cite-backlink\"><strong>^</strong></span>&nbsp;<span class=\"reference-text\">Beaumont-Thomas, Ben; Maine, Sammy; Thorp, Lauren Martin &amp; John (22 May 2015).&nbsp;\"Clubs picks of the week\"&nbsp;&ndash; via The Guardian.</span></li>\n<li id=\"cite_note-bt-5\"><span class=\"mw-cite-backlink\">^&nbsp;<span class=\"cite-accessibility-label\">Jump up to:</span><sup><em><strong>a</strong></em></sup>&nbsp;<sup><em><strong>b</strong></em></sup></span>&nbsp;<span class=\"reference-text\">\"DJs Jaymo and Andy George talk Lost Village, the immersive festival in a forest you should know about\".&nbsp;<em>BT</em>, 25 May 2016</span></li>\n<li id=\"cite_note-6\"><span class=\"mw-cite-backlink\"><strong>^</strong></span>&nbsp;<span class=\"reference-text\">\"The Music Report: Brands forging musical ties\".&nbsp;<em>Event</em>, 1 June 2016, by Georgi Gyton</span></li>\n<li id=\"cite_note-7\"><span class=\"mw-cite-backlink\"><strong>^</strong></span>&nbsp;<span class=\"reference-text\">\"Living it up at Lost Village\".&nbsp;<em>We the Food Snobs</em>, Jun 9, 2016.</span></li>\n</ol>\n</div>\n</div>",
 "remarks": "本词条汉字内容由 @多频百科团队 翻译+编辑\n原文译自 https://en.wikipedia.org/wiki/Lost_Village_Festival",
 "remarksEn": "本词条内容来自 https://en.wikipedia.org/wiki/Lost_Village_Festival",
 "status": 1,
 "clickNum": 10,
 "deleted": 0,
 "lang": 0,
 "chooseLang": true,
 "id": 183,
 "name": "Lost Village Festival",
 "descriptions": "Lost Village 是一个超现实的节日，发生在林肯郡诺顿-迪斯尼村附近的一个僻静的林地里。 节日观众被邀请去探索一个废弃的世界，其中包括破旧的建筑、旧的垃圾场、隐藏的花园和一个废弃的空军基地。 为期三天的活动侧重于前瞻性的音乐、艺术、食物、沉浸式戏剧、喜剧、讲座和研讨会。",
 "originalName": "",
 "holdTimeText": "",
 "holdAddress": " in a secluded woodland near the village of Norton Disney, Lincolnshire.",
 "searchAddress": "英国",
 "sponsor": "",
 "foundTimeText": "2015",
 "referenceUrl": "https://en.wikipedia.org/wiki/Lost_Village_Festival",
 "nonceStatusText": "",
 "typeId": 16,
 "typeName": "电音节",
 "dataId": 183,
 "url": "http://dropinapp.hearinmusic.com/#/ency?typeId=16&dataId=183"
}