{
 "pageNum": 1,
 "pageSize": 10,
 "params": {},
 "content": "<p>Loveland Festival音乐节是在阿姆斯特丹环境优美的公园 Sloterpark 内举行的Dutch House和电子音乐节，让一众乐迷有机会在美丽的湖畔美景旁与他们最喜欢的 DJ 一同派对狂欢。</p>",
 "contentEn": "",
 "remarks": "本词条内容由 @多频百科团队 编辑",
 "remarksEn": "本词条内容暂未完善仅供参考，多频百科小编正在火速赶来",
 "status": 0,
 "clickNum": 16,
 "deleted": 0,
 "lang": 0,
 "chooseLang": false,
 "id": 162,
 "name": "Loveland Festival",
 "descriptions": "Loveland Festival音乐节是在阿姆斯特丹环境优美的公园 Sloterpark 内举行的Dutch House和电子音乐节，让一众乐迷有机会在美丽的湖畔美景旁与他们最喜欢的 DJ 一同派对狂欢。",
 "picture": "https://duopin-community.oss-cn-shenzhen.aliyuncs.com/image/2021/8/u3a9gopdhhom3zdvmrp1.jpg",
 "originalName": "",
 "holdTimeText": "",
 "holdAddress": "荷兰阿姆斯特丹",
 "searchAddress": "荷兰",
 "sponsor": "",
 "foundTimeText": "",
 "officialUrl": "https://loveland.nl/festival/",
 "referenceUrl": "",
 "nonceStatusText": "",
 "typeId": 16,
 "typeName": "电音节",
 "dataId": 162,
 "url": "http://dropinapp.hearinmusic.com/#/ency?typeId=16&dataId=162"
}