{
 "pageNum": 1,
 "pageSize": 10,
 "params": {},
 "content": "<p>Love Parade（爱之游行）是始于1989年的露天电子音乐舞会，每年在德国举行的电子音乐节与游行，最早是1989年于柏林举行，形式是和平游行，四个月后柏林围墙倒塌，其后逐渐演变成今天的大型露天音乐节，以音乐和舞蹈宣示爱与和平的主题。除2004、2005和2009年未举办外，每年举办一次，1989-2006年是在德国柏林进行，2007年后则是在鲁尔区举行。它是世界上规模最大的舞会活动，自首办以来已吸引了约1200万人参与。</p>\n<p>&nbsp;</p>\n<p>2010年7月24日在杜伊斯堡举行的Love Parade活动由于过度拥挤而发生踩踏事故，造成21人丧生，超过511人受伤。罹难人士包含了7名外国籍人士：1名澳洲女性、1名意大利女性、1名荷兰男性、1名中国女性、1名波斯尼亚人和2名西班牙人。这是电子音乐现场活动历史上最惨痛的严重踩踏死伤事件之一，德国电子音乐节Love Parade已永久停止举办。</p>\n<p>&nbsp;</p>",
 "contentEn": "",
 "remarks": "本词条内容来自 https://zh.wikipedia.org/wiki/爱的大游行",
 "remarksEn": "本词条内容暂未完善仅供参考，多频百科小编正在火速赶来",
 "status": 1,
 "clickNum": 24,
 "deleted": 0,
 "lang": 0,
 "chooseLang": false,
 "id": 294,
 "name": "Love Parade",
 "descriptions": "Love Parade（爱之游行）是始于1989年的露天电子音乐舞会，每年在德国举行的电子音乐节与游行，最早是1989年于柏林举行，形式是和平游行，四个月后柏林围墙倒塌，其后逐渐演变成今天的大型露天音乐节，以音乐和舞蹈宣示爱与和平的主题。除2004、2005和2009年未举办外，每年举办一次，1989-2006年是在德国柏林进行，2007年后则是在鲁尔区举行。它是世界上规模最大的舞会活动，自首办以来已吸引了约1200万人参与。",
 "picture": "https://duopin-community.oss-cn-shenzhen.aliyuncs.com/image/2021/8/zbj0fh1139052ojvtues.jfif",
 "holdTimeText": "1989-2010",
 "holdAddress": "德国多地",
 "searchAddress": "德国",
 "foundTimeText": "1989年7月",
 "referenceUrl": "https://zh.wikipedia.org/wiki/爱的大游行",
 "nonceStatusText": "停止运营",
 "typeId": 16,
 "typeName": "电音节",
 "dataId": 294,
 "url": "http://dropinapp.hearinmusic.com/#/ency?typeId=16&dataId=294"
}