{
 "pageNum": 1,
 "pageSize": 10,
 "params": {},
 "relationEncy": "[{\"id\":36342,\"typeId\":13,\"dataId\":15,\"name\":\"Hardcore\",\"url\":\"http://dropinapp.hearinmusic.com/#/ency?typeId=13&dataId=15\"},{\"id\":35082,\"typeId\":16,\"dataId\":139,\"name\":\"Dominator\",\"url\":\"http://dropinapp.hearinmusic.com/#/ency?typeId=16&dataId=139\"}]",
 "content": "<p>Masters of Hardcore是来自荷兰的Hardcore音乐节活动，有同名音乐品牌主办，旗下还有同名Hardcore音乐厂牌。</p>\n<p>&nbsp;</p>\n<p>1998 年，在经历一段时间的蛰伏之后，荷兰厂牌 Masters of Hardcore 开始以独立的身份组织他们的派对，Bass-D 和 King Matthew 决定继续在 Masters of Hardcore 厂牌制作 Hardcore Music。 他们的第一次派对很成功。 Masters of Hardcore 在荷兰的大型音乐节地点（埃因霍温的 Beursgebouw 和 Zuidlaren 的 PBH-Hallen）组织了很多派对。 在德国（Dortmund Westfalenhalle，该活动现在称为 Syndicate）和瑞士（多年来不同的城市）也有派对。</p>",
 "contentEn": "<p><strong>Masters of Hardcore</strong>&nbsp;is the name of a Dutch&nbsp;hardcore&nbsp;music label and of its related music festival events.</p>\n<p>&nbsp;</p>\n<p>In 1998, after a low profile period, the label Masters of Hardcore started to organize their parties as an independent and Bass-D &amp; King Matthew decided to continue to produce Hardcore Music on the Masters of Hardcore label. Their first party was successful. Masters of Hardcore organized a lot of parties in big music festival locations in the Netherlands (the Beursgebouw in&nbsp;Eindhoven, and the PBH-Hallen in&nbsp;Zuidlaren). There also were parties in Germany (Dortmund Westfalenhalle, the event is called Syndicate now) and in Switzerland (different cities over the years).</p>\n<p>&nbsp;</p>\n<h2><span id=\"Anthem\" class=\"mw-headline\">Anthem</span></h2>\n<ul>\n<li>2004 - Base Alert - Zoo (Netherlands, Beursgebouw Eindhoven)</li>\n<li>2004 - Outblast feat. Korsakoff - Unleash The Beast (Netherlands, Thialf Stadion Heerenveen)</li>\n<li>2005 - Angerfist - The World Will Shiver (Netherlands, Thialf Stadion Heerenveen)</li>\n<li>2005 - Re-Style - Hardcore Psychopaths (Germany, Westfalenhallen Dortmund)</li>\n<li>2006 - Bass-D and King Matthew - The Genesis (Netherlands, Den Bosch, Brabanthallen)</li>\n<li>2006 - DaY-m&aacute;r - Embrace The Night (Germany, Westfalenhallen Dortmund)</li>\n<li>2007 - The Stunned Guys - Raise Cain (Netherlands, Den Bosch, Brabanthallen)</li>\n<li>2008 - Outblast - Infinity (Netherlands, Den Bosch, Brabanthallen)</li>\n<li>2008 - DaY-m&aacute;r - Pole Position (Netherlands, Assen, TT Hall)</li>\n<li>2009 - Catscan - Design The Future (Netherlands, Den Bosch, Brabanthallen)</li>\n<li>2009 - Noize Suppressor - Pole Position Lap II (Netherlands, Assen, TT Hall)</li>\n<li>2010 - Angerfist &amp; Outblast - The Voice of Mayhem (Netherlands, Den Bosch, Brabanthallen)</li>\n<li>2010 - The Stunned Guys &amp; Amnesys - Symphony of Sins (Belgium, Hasselt, Ethias Arena)</li>\n<li>2011 - Dyprax feat. MC Tha Watcher - Statement of Disorder (Netherlands, Den Bosch, Brabanthallen)</li>\n<li>2011 - Angerfist - The Depths of Despair (Belgium, Antwerp, Loto Arena)</li>\n<li>2012 - State of Emergency - The Vortex of Vengeance (Netherlands, Den Bosch, Brabanthallen)</li>\n<li>2012 - Korsakoff - The Torment of Triton (Belgium, Antwerp, Lotto Arena)</li>\n<li>2013 - Re-Style - The Conquest of Fury (Netherlands, Den Bosch, Brabanthallen)</li>\n<li>2014 - Tha Playah feat. MC Tha Watcher - Eternal (Netherlands, Den Bosch, Brabanthallen)</li>\n<li>2015 - Bodyshock feat. MC Jeff - Legacy (Netherlands, Den Bosch, Brabanthallen)</li>\n<li>2016 - Miss K8 &amp; MC Nolz - Raiders of Rampage (Netherlands, Den Bosch, Brabanthallen)</li>\n<li>2017 - Destructive Tendencies - The Skull Dynasty (Netherlands, Den Bosch, Brabanthallen)</li>\n<li>2018 - Angerfist &amp; The Watcher - Tournament of Tyrants (Netherlands, Den Bosch, Brabanthallen)</li>\n<li>2019 - N-Vitral &amp; Sovereign King - Vault of violence (Netherlands, Den Bosch, Brabanthallen)</li>\n<li>2020 - DJ Mad Dog &amp; Dave Revan - Magnum Opus (Netherlands, Den Bosch, Brabanthallen)</li>\n</ul>",
 "remarks": "本词条汉字内容由 @多频百科团队 翻译+编辑\n原文译自 https://en.wikipedia.org/wiki/Masters_of_Hardcore",
 "remarksEn": "本词条内容来自 https://en.wikipedia.org/wiki/Masters_of_Hardcore",
 "status": 0,
 "clickNum": 32,
 "deleted": 0,
 "lang": 0,
 "chooseLang": true,
 "id": 141,
 "name": "Masters of Hardcore",
 "descriptions": "Masters of Hardcore是来自荷兰的Hardcore音乐节活动，有同名音乐品牌主办，旗下还有同名Hardcore音乐厂牌。\n\n",
 "picture": "https://duopin-community.oss-cn-shenzhen.aliyuncs.com/7i3a81c79y46lrkhspe3.jpg",
 "originalName": "",
 "holdTimeText": "",
 "holdAddress": "荷兰, 德国, 瑞士",
 "searchAddress": "荷兰",
 "sponsor": "Masters of Hardcore",
 "foundTimeText": "1995",
 "officialUrl": "mastersofhardcore.com",
 "referenceUrl": "https://en.wikipedia.org/wiki/Masters_of_Hardcore",
 "nonceStatusText": "",
 "typeId": 16,
 "typeName": "电音节",
 "dataId": 141,
 "url": "http://dropinapp.hearinmusic.com/#/ency?typeId=16&dataId=141"
}