{
 "pageNum": 1,
 "pageSize": 10,
 "params": {},
 "content": "<p></p>\n\r<p></p>\n\r<p></p>\n\r<p></p>",
 "remarks": "本词条内容暂未完善仅供参考，多频百科小编正在火速赶来",
 "remarksEn": "本词条内容暂未完善仅供参考，多频百科小编正在火速赶来",
 "status": 0,
 "clickNum": 0,
 "deleted": 0,
 "lang": 0,
 "chooseLang": false,
 "id": 124,
 "name": "Medusa Sunbeach",
 "descriptions": "\n\r",
 "picture": "https://duopin-community.oss-cn-shenzhen.aliyuncs.com/ml3shzob76bgpi8elsu4.jpg",
 "originalName": "",
 "holdTimeText": "",
 "holdAddress": "",
 "searchAddress": "",
 "sponsor": "",
 "foundTimeText": "",
 "referenceUrl": "",
 "nonceStatusText": "",
 "typeId": 16,
 "typeName": "电音节",
 "dataId": 124,
 "url": "http://dropinapp.hearinmusic.com/#/ency?typeId=16&dataId=124"
}