{
 "pageNum": 1,
 "pageSize": 10,
 "params": {},
 "content": "<p>Awards and mentions\r\n#2 in Resident Advisor's Top 10 festivals for July 2013.\r\n#3 in Resident Advisor's Top 10 festivals for July 2014.\r\n#2 in Resident Advisor's Top 10 festivals for July 2015.\r\nHelga festival award, 2014, in the category \"Most beautiful ones and zeros\"\r\nHelga festival award, 2014, in the category \"Best conscience\" </p>\n\r<p>奖励和提及\r\n#2013年7月住户顾问十大节日中有2个\r\n#2014年7月住户顾问十大节日中有3个\r\n#2015年7月住户顾问十大节日中有2个。\r\n2014年海尔加艺术节奖，“最美的一和零”\r\n2014年赫尔加音乐节奖，“最佳良知”</p>\n\r<p></p>\n\r<p></p>",
 "remarks": "本词条内容暂未完善仅供参考，多频百科小编正在火速赶来",
 "remarksEn": "本词条内容暂未完善仅供参考，多频百科小编正在火速赶来",
 "status": 0,
 "clickNum": 0,
 "deleted": 0,
 "lang": 0,
 "chooseLang": false,
 "id": 143,
 "name": "Melt Festival",
 "descriptions": "Melt! Festival is one of the biggest open-air electronic music festivals in Germany. The festival takes place at the Ferropolis open-air museum, near Gräfenhainichen. It has been held since 1997.\n\r融化！音乐节是德国最大的露天电子音乐节之一。这个节日在费罗波利斯露天博物馆举行，靠近格里芬海尼琴。它从1997年开始举办",
 "picture": "https://duopin-community.oss-cn-shenzhen.aliyuncs.com/las1b0dfdyg1xpu8f73m.png",
 "originalName": "",
 "holdTimeText": "",
 "holdAddress": "",
 "searchAddress": "",
 "sponsor": "",
 "foundTimeText": "",
 "referenceUrl": "",
 "nonceStatusText": "",
 "typeId": 16,
 "typeName": "电音节",
 "dataId": 143,
 "url": "http://dropinapp.hearinmusic.com/#/ency?typeId=16&dataId=143"
}