{
 "pageNum": 1,
 "pageSize": 10,
 "params": {},
 "content": "<div>\n<div class=\"document\">\n<p class=\"paragraph text-align-type-left pap-line-1.8 pap-line-rule-auto pap-spacing-before-2pt pap-spacing-after-2pt\">Miami Music Week（MMW）是一个为期一周的电子舞蹈音乐活动的马拉松，在三月的最后一周在佛罗里达州的迈阿密举行，有来自世界各地的数十万人参加。2015年，超过1000名艺术家在迈阿密的众多场所举办的260多场活动中表演。活动场所包括夜总会、游泳池、船和pop-up spaces/venues，遍及温伍德、迈阿密市中心、迈阿密海滩和小海地等地。MMW也是世界上最重要的电子音乐节--Ultra音乐节的前身，为期三天的活动吸引了165,000人参加。</p>\n<p class=\"paragraph text-align-type-left pap-line-1.8 pap-line-rule-auto pap-spacing-before-2pt pap-spacing-after-2pt\">&nbsp;</p>\n<div>\n<div class=\"document\">\n<p class=\"paragraph text-align-type-left pap-line-1.8 pap-line-rule-auto pap-spacing-before-2pt pap-spacing-after-2pt\"><strong>历史</strong></p>\n<p class=\"paragraph text-align-type-left pap-line-1.8 pap-line-rule-auto pap-spacing-before-2pt pap-spacing-after-2pt\">Miami&nbsp;Music&nbsp;Week始于2011年，于3月24日至27日举行，在Ultra音乐节结束其第13届的同时结束。从那时起，MMW的吸引量每年都在持续增长，最终成为世界上舞曲爱好者的最大聚集地之一。</p>\n<p class=\"paragraph text-align-type-left pap-line-1.8 pap-line-rule-auto pap-spacing-before-2pt pap-spacing-after-2pt\">&nbsp;</p>\n<p class=\"paragraph text-align-type-left pap-line-1.8 pap-line-rule-auto pap-spacing-before-2pt pap-spacing-after-2pt\">2018年3月21日，MMW获得了冬季音乐大会和国际舞蹈音乐奖。</p>\n<p class=\"paragraph text-align-type-left pap-line-1.8 pap-line-rule-auto pap-spacing-before-2pt pap-spacing-after-2pt\">&nbsp;</p>\n<p class=\"paragraph text-align-type-left pap-line-1.8 pap-line-rule-auto pap-spacing-before-2pt pap-spacing-after-2pt\"><strong>艺术家和场地</strong></p>\n<p class=\"paragraph text-align-type-left pap-line-1.8 pap-line-rule-auto pap-spacing-before-2pt pap-spacing-after-2pt\">在前几届MMW期间，还有很多酒店举办过泳池派对。&nbsp;这些酒店包括Gale酒店、Dream酒店、&nbsp;Raleigh酒店、SLS酒店、Surfcomber酒店、Nautilus South Beach、Congress酒店、Albion酒店，以及位于迈阿密海滩周围的许多其他酒店。</p>\n<p class=\"paragraph text-align-type-left pap-line-1.8 pap-line-rule-auto pap-spacing-before-2pt pap-spacing-after-2pt\">&nbsp;</p>\n<p class=\"paragraph text-align-type-left pap-line-1.8 pap-line-rule-auto pap-spacing-before-2pt pap-spacing-after-2pt\">MMW也是许多艺人重聚、首次亮相和表演传统的一周。这包括Deep Dish（Sharam &amp; Dubfire）的回归；ENTER.在迈阿密的首次亮相；由Crosstown Rebels主办的大型24小时马拉松派对Get Lost；当然还有Ultra音乐节，它一直被证明是世界顶级音乐节之一。</p>\n<p class=\"paragraph text-align-type-left pap-line-1.8 pap-line-rule-auto pap-spacing-before-2pt pap-spacing-after-2pt\">&nbsp;</p>\n<p class=\"paragraph text-align-type-left pap-line-1.8 pap-line-rule-auto pap-spacing-before-2pt pap-spacing-after-2pt\">像Crosstown Rebels、Music On、Armada、Spinnin'、Revealed、Monstercat、Anjunabeats、Mixmash、Dirtybird、Fool's Gold、Mad Decent、Axtone和mau5trap这样的厂牌在过去的MMF期间在整个迈阿密市的各个场所举办活动。过去在MMF出现的艺术家包括Armin van Buuren, Hardwell, Afrojack, Axwell, Steve Angello, Above &amp; Beyond, Eric Prydz, Luciano等。&nbsp;Markus Schulz, Damian Lazarus, Marco Carola, Sander van Doorn, Martin Garrix, Laidback Luke, Tiesto, David Guetta, Kaskade, Skrillex, Cashmere Cat, Chet Faker, Richie Hawtin, Josh Wink, Solomun, 等等。</p>\n<p class=\"paragraph text-align-type-left pap-line-1.8 pap-line-rule-auto pap-spacing-before-2pt pap-spacing-after-2pt\">&nbsp;</p>\n<p class=\"paragraph text-align-type-left pap-line-1.8 pap-line-rule-auto pap-spacing-before-2pt pap-spacing-after-2pt\"><span style=\"text-decoration: underline;\">Miami&nbsp;Music&nbsp;Week&nbsp;酒店（2015-至今）</span></p>\n<p class=\"paragraph text-align-type-left pap-line-1.8 pap-line-rule-auto pap-spacing-before-2pt pap-spacing-after-2pt\">2015年，MMF宣布了有史以来第一个MMF酒店，该酒店位于佛罗里达州南海滩的Delano酒店。2016年，MMF酒店再次在Delano酒店举行。</p>\n<p class=\"paragraph text-align-type-left pap-line-1.8 pap-line-rule-auto pap-spacing-before-2pt pap-spacing-after-2pt\">Miami&nbsp;Music&nbsp;Week&nbsp;酒店在MMF期间一直是聚会的中心。在过去两年中，该酒店在德拉诺海滩俱乐部和FDR酒廊及夜总会都举办了官方活动。 在过去两届MMF期间，The&nbsp;Magician,&nbsp;Robin&nbsp;Schulz,&nbsp;Klingade,&nbsp;Carl&nbsp;Cox,&nbsp;Dirty&nbsp;South,&nbsp;Oliver&nbsp;Heldens,&nbsp;Disclosure,&nbsp;Claude&nbsp;Vonstroke,&nbsp;和Guy&nbsp;Gerber等艺术家都在Miami&nbsp;Music&nbsp;Week&nbsp;酒店举办了活动。</p>\n</div>\n</div>\n<p class=\"paragraph text-align-type-left pap-line-1.8 pap-line-rule-auto pap-spacing-before-2pt pap-spacing-after-2pt\">&nbsp;</p>\n<div>\n<div class=\"document\">\n<p class=\"paragraph text-align-type-left pap-line-1.8 pap-line-rule-auto pap-spacing-before-2pt pap-spacing-after-2pt\"><span style=\"text-decoration: underline;\">Miami&nbsp;Music&nbsp;Week 取消 - 2020 - COVID-19</span></p>\n<p class=\"paragraph text-align-type-left pap-line-1.8 pap-line-rule-auto pap-spacing-before-2pt pap-spacing-after-2pt\">由于COVID-19的爆发，迈阿密-戴德县宣布进入紧急状态。&nbsp;这迫使Ultra音乐节推迟，不久之后，冬季音乐大会也跟着推迟了。</p>\n</div>\n</div>\n</div>\n</div>",
 "contentEn": "<p><strong>Miami Music Week (MMW)</strong>&nbsp;is a weeklong marathon of&nbsp;electronic dance music&nbsp;events that takes place in&nbsp;Miami, Florida&nbsp;during the last week of March and is attended by hundreds of thousands of people from all over the world.<sup id=\"cite_ref-:0_1-0\" class=\"reference\">[1]</sup><sup id=\"cite_ref-2\" class=\"reference\">[2]</sup>&nbsp;In 2015 over 1,000 artists performed at over 260 events hosted at a myriad of venues across Miami.<sup id=\"cite_ref-:0_1-1\" class=\"reference\">[1]</sup><sup id=\"cite_ref-3\" class=\"reference\">[3]</sup>&nbsp;Venues include&nbsp;nightclubs, pools, boats, and pop-up spaces/venues throughout locations like&nbsp;Wynwood,&nbsp;Downtown Miami,&nbsp;Miami Beach, and&nbsp;Little Haiti.<sup id=\"cite_ref-4\" class=\"reference\">[4]</sup><sup id=\"cite_ref-5\" class=\"reference\">[5]</sup><sup id=\"cite_ref-6\" class=\"reference\">[6]</sup>&nbsp;Miami Music Week also leads up to the world's premier electronic music festival,&nbsp;Ultra Music Festival&nbsp;which is attended by 165,000 people over the course of three days.<sup id=\"cite_ref-:1_7-0\" class=\"reference\">[7]</sup><sup id=\"cite_ref-8\" class=\"reference\">[8]</sup></p>\n<p>&nbsp;</p>\n<h2><span id=\"History\" class=\"mw-headline\">History</span></h2>\n<p>Miami Music Week began in 2011, taking place from 24&ndash;27 March, ending at the same time Ultra Music Festival had concluded its thirteenth edition.<sup id=\"cite_ref-9\" class=\"reference\">[9]</sup><sup id=\"cite_ref-10\" class=\"reference\">[10]</sup>&nbsp;Since then, Miami Music Week has continued to grow every year, eventually becoming one of the world's greatest migrations for dance music lovers.<sup id=\"cite_ref-11\" class=\"reference\">[11]</sup></p>\n<p>&nbsp;</p>\n<p>On March 21, 2018, Miami Music Week bought out the&nbsp;Winter Music Conference&nbsp;and the&nbsp;International Dance Music Awards.<sup id=\"cite_ref-12\" class=\"reference\">[12]</sup></p>\n<p>&nbsp;</p>\n<h2><span id=\"Artists_and_venues\" class=\"mw-headline\">Artists and venues</span></h2>\n<p>There have been many other hotels that have hosted pool parties during previous editions of Miami Music Week. These include the Gale Hotel, Dream Hotel,&nbsp;Raleigh Hotel, SLS Hotel,&nbsp;Surfcomber Hotel, Nautilus South Beach, Congress Hotel, Albion Hotel, and many others located around Miami Beach.<sup id=\"cite_ref-13\" class=\"reference\">[13]</sup><sup id=\"cite_ref-14\" class=\"reference\">[14]</sup><sup id=\"cite_ref-15\" class=\"reference\">[15]</sup><sup id=\"cite_ref-16\" class=\"reference\">[16]</sup><sup id=\"cite_ref-17\" class=\"reference\">[17]</sup></p>\n<p>&nbsp;</p>\n<p>Miami Music Week has also been the week of many reunions, debuts, and traditions.<sup id=\"cite_ref-18\" class=\"reference\">[18]</sup><sup id=\"cite_ref-19\" class=\"reference\">[19]</sup><sup id=\"cite_ref-20\" class=\"reference\">[20]</sup>&nbsp;This includes the return of&nbsp;Deep Dish&nbsp;(Sharam&nbsp;&amp;&nbsp;Dubfire); the debut of&nbsp;ENTER.&nbsp;in Miami; the massive 24-hour marathon party, Get Lost which is hosted by Crosstown Rebels; and of course Ultra Music Festival which consistently proves to be one of the top music festivals in the world.<sup id=\"cite_ref-:1_7-1\" class=\"reference\">[7]</sup><sup id=\"cite_ref-21\" class=\"reference\">[21]</sup><sup id=\"cite_ref-22\" class=\"reference\">[22]</sup><sup id=\"cite_ref-:2_23-0\" class=\"reference\">[23]</sup></p>\n<p>&nbsp;</p>\n<p>Labels like Crosstown Rebels, Music On,&nbsp;Armada,&nbsp;Spinnin',&nbsp;Revealed,&nbsp;Monstercat,&nbsp;Anjunabeats, Mixmash,&nbsp;Dirtybird,&nbsp;Fool's Gold,&nbsp;Mad Decent, Axtone, and&nbsp;mau5trap&nbsp;hosted events during this past edition of Miami Music Week across venues throughout the city of Miami.<sup id=\"cite_ref-:2_23-1\" class=\"reference\">[23]</sup><sup id=\"cite_ref-24\" class=\"reference\">[24]</sup><sup id=\"cite_ref-25\" class=\"reference\">[25]</sup><sup id=\"cite_ref-26\" class=\"reference\">[26]</sup><sup id=\"cite_ref-27\" class=\"reference\">[27]</sup><sup id=\"cite_ref-28\" class=\"reference\">[28]</sup><sup id=\"cite_ref-29\" class=\"reference\">[29]</sup>&nbsp;Artists who have appeared at Miami Music Week in the past include the likes of&nbsp;Armin van Buuren,&nbsp;Hardwell,&nbsp;Afrojack,&nbsp;Axwell,&nbsp;Steve Angello,&nbsp;Above &amp; Beyond,&nbsp;Eric Prydz,&nbsp;Luciano,&nbsp;Markus Schulz, Damian Lazarus,&nbsp;Marco Carola,&nbsp;Sander van Doorn,&nbsp;Martin Garrix,&nbsp;Laidback Luke,&nbsp;Tiesto,&nbsp;David Guetta,&nbsp;Kaskade,&nbsp;Skrillex,&nbsp;Cashmere Cat,&nbsp;Chet Faker,&nbsp;Richie Hawtin,&nbsp;Josh Wink,&nbsp;Solomun, and many more.<sup id=\"cite_ref-30\" class=\"reference\">[30]</sup><sup id=\"cite_ref-31\" class=\"reference\">[31]</sup><sup id=\"cite_ref-32\" class=\"reference\">[32]</sup></p>\n<h3>&nbsp;</h3>\n<h3><span id=\"Miami_Music_Week_Hotel_.282015-present.29\"></span><span id=\"Miami_Music_Week_Hotel_(2015-present)\" class=\"mw-headline\">Miami Music Week Hotel (2015-present)</span></h3>\n<p>In 2015, Miami Music Week announced the first-ever&nbsp;<em>Miami Music Week Hotel</em>&nbsp;which was located at the&nbsp;Delano Hotel&nbsp;in South Beach, Florida.<sup id=\"cite_ref-33\" class=\"reference\">[33]</sup>&nbsp;In 2016, the Miami Music Week Hotel once again took place at the Delano Hotel. The MMW Hotel has served as the epicenter of parties during Miami Music Week.<sup id=\"cite_ref-34\" class=\"reference\">[34]</sup>&nbsp;The hotel has hosted official events at both the Delano Beach Club and the FDR Lounge &amp; Nightclub during the past two years.<sup id=\"cite_ref-35\" class=\"reference\">[35]</sup>&nbsp;Artists like&nbsp;The Magician,&nbsp;Robin Schulz,&nbsp;Klingade,&nbsp;Carl Cox,&nbsp;Dirty South,&nbsp;Oliver Heldens,&nbsp;Disclosure,&nbsp;Claude Vonstroke, and&nbsp;Guy Gerber&nbsp;have hosted events at the Miami Music Week Hotel during the past two editions of Miami Music Week.<sup id=\"cite_ref-36\" class=\"reference\">[36]</sup><sup id=\"cite_ref-37\" class=\"reference\">[37]</sup><sup id=\"cite_ref-38\" class=\"reference\">[38]</sup>&nbsp;Miami Music Week has yet to announce the location of the Miami Music Week Hotel for the upcoming edition taking place in 2017.</p>\n<h3>&nbsp;</h3>\n<h3><span id=\"Miami_Music_Week_Cancellation_-_2020_-_COVID-19\" class=\"mw-headline\">Miami Music Week Cancellation - 2020 - COVID-19</span></h3>\n<p>Miami-Dade county declared a state of emergency due to the&nbsp;COVID-19&nbsp;outbreak. This forced Ultra Music Festival to postpone and shortly after, Winter Music Conference followed suit.<sup id=\"cite_ref-39\" class=\"reference\">[39]</sup></p>\n<p>&nbsp;</p>\n<h2><span id=\"References\" class=\"mw-headline\">References</span></h2>\n<div class=\"mw-references-wrap mw-references-columns\">\n<ol class=\"references\">\n<li id=\"cite_note-:0-1\"><span class=\"mw-cite-backlink\">^&nbsp;<span class=\"cite-accessibility-label\">Jump up to:</span><sup><em><strong>a</strong></em></sup>&nbsp;<sup><em><strong>b</strong></em></sup></span>&nbsp;<span class=\"reference-text\"><cite class=\"citation web cs1\">\"Miami Music Week | March 21&ndash;26, 2017\".&nbsp;<em>www.miamimusicweek.com</em><span class=\"reference-accessdate\">. Retrieved&nbsp;<span class=\"nowrap\">2016-11-15</span></span>.</cite></span></li>\n<li id=\"cite_note-2\"><span class=\"mw-cite-backlink\"><strong>^</strong></span>&nbsp;<span class=\"reference-text\"><cite class=\"citation news cs1\">\"Nicole Moudaber Gets You 'In the MOOD' at Miami Music Week -- Only The Beat\".&nbsp;<em>Only The Beat</em>. 2016-03-07<span class=\"reference-accessdate\">. Retrieved&nbsp;<span class=\"nowrap\">2016-11-15</span></span>.</cite></span></li>\n<li id=\"cite_note-3\"><span class=\"mw-cite-backlink\"><strong>^</strong></span>&nbsp;<span class=\"reference-text\"><cite class=\"citation news cs1\">\"11 DJs You Have To See During Miami Music Week and Ultra Music Festival\".&nbsp;<em>Miami.com</em><span class=\"reference-accessdate\">. Retrieved&nbsp;<span class=\"nowrap\">2016-11-15</span></span>.</cite></span></li>\n<li id=\"cite_note-4\"><span class=\"mw-cite-backlink\"><strong>^</strong></span>&nbsp;<span class=\"reference-text\"><cite class=\"citation news cs1\">\"Billboard Dance's Miami Music Week 2016 Party Guide\".&nbsp;<em>Billboard</em><span class=\"reference-accessdate\">. Retrieved&nbsp;<span class=\"nowrap\">2016-11-15</span></span>.</cite></span></li>\n<li id=\"cite_note-5\"><span class=\"mw-cite-backlink\"><strong>^</strong></span>&nbsp;<span class=\"reference-text\"><cite id=\"CITEREFSFL\" class=\"citation news cs1\">SFL.&nbsp;\"Six Miami Music Week parties you should not miss\".&nbsp;<em>southflorida.com</em><span class=\"reference-accessdate\">. Retrieved&nbsp;<span class=\"nowrap\">2016-11-15</span></span>.</cite></span></li>\n<li id=\"cite_note-6\"><span class=\"mw-cite-backlink\"><strong>^</strong></span>&nbsp;<span class=\"reference-text\"><cite class=\"citation web cs1\">\"Crosstown Rebels present Get Lost Miami - 11th Session\".&nbsp;<em>Resident Advisor</em><span class=\"reference-accessdate\">. Retrieved&nbsp;<span class=\"nowrap\">2016-11-15</span></span>.</cite></span></li>\n<li id=\"cite_note-:1-7\"><span class=\"mw-cite-backlink\">^&nbsp;<span class=\"cite-accessibility-label\">Jump up to:</span><sup><em><strong>a</strong></em></sup>&nbsp;<sup><em><strong>b</strong></em></sup></span>&nbsp;<span class=\"reference-text\"><cite id=\"CITEREFBWW_News_Desk\" class=\"citation news cs1\">BWW News Desk.&nbsp;\"ULTRA Music Festival Wraps One Of Its Most Successful Years Ever\"<span class=\"reference-accessdate\">. Retrieved&nbsp;<span class=\"nowrap\">2016-11-15</span></span>.</cite></span></li>\n<li id=\"cite_note-8\"><span class=\"mw-cite-backlink\"><strong>^</strong></span>&nbsp;<span class=\"reference-text\"><cite id=\"CITEREFManagerPost2016\" class=\"citation web cs1\">Manager, Ethan Fedida Senior Editorial Partnerships; Post, The Huffington (2016-03-24).&nbsp;\"The Outfits And People We Loved From Ultra Music Festival 2016\".&nbsp;<em>The Huffington Post</em><span class=\"reference-accessdate\">. Retrieved&nbsp;<span class=\"nowrap\">2016-11-15</span></span>.</cite></span></li>\n<li id=\"cite_note-9\"><span class=\"mw-cite-backlink\"><strong>^</strong></span>&nbsp;<span class=\"reference-text\"><cite id=\"CITEREFDuran2011\" class=\"citation news cs1\">Duran, Jose D. (2011-03-24).&nbsp;\"Set Times For Ultra Music Festival 2011\".&nbsp;<em>Miami New Times</em><span class=\"reference-accessdate\">. Retrieved&nbsp;<span class=\"nowrap\">2016-11-15</span></span>.</cite></span></li>\n<li id=\"cite_note-10\"><span class=\"mw-cite-backlink\"><strong>^</strong></span>&nbsp;<span class=\"reference-text\"><cite class=\"citation news cs1\">\"Miami Music Week 2011's Top Pool And Beach Parties: A Handy Guide\".&nbsp;<em>MTV News</em><span class=\"reference-accessdate\">. Retrieved&nbsp;<span class=\"nowrap\">2016-11-15</span></span>.</cite></span></li>\n<li id=\"cite_note-11\"><span class=\"mw-cite-backlink\"><strong>^</strong></span>&nbsp;<span class=\"reference-text\"><cite id=\"CITEREFPfeffer2016\" class=\"citation news cs1\">Pfeffer, Ryan (2016-03-14).&nbsp;\"Miami Music Week 2016 Party Guide\".&nbsp;<em>Miami New Times</em><span class=\"reference-accessdate\">. Retrieved&nbsp;<span class=\"nowrap\">2016-11-15</span></span>.</cite></span></li>\n<li id=\"cite_note-12\"><span class=\"mw-cite-backlink\"><strong>^</strong></span>&nbsp;<span class=\"reference-text\"><cite class=\"citation news cs1\">\"Ultra Music Festival Acquires Winter Music Conference, Announces Beijing Festival\".&nbsp;<em>Billboard</em><span class=\"reference-accessdate\">. Retrieved&nbsp;<span class=\"nowrap\">2018-03-23</span></span>.</cite></span></li>\n<li id=\"cite_note-13\"><span class=\"mw-cite-backlink\"><strong>^</strong></span>&nbsp;<span class=\"reference-text\"><cite class=\"citation web cs1\">\"All Venues | Miami Music Week\".&nbsp;<em>www.miamimusicweek.com</em><span class=\"reference-accessdate\">. Retrieved&nbsp;<span class=\"nowrap\">2016-11-15</span></span>.</cite></span></li>\n<li id=\"cite_note-14\"><span class=\"mw-cite-backlink\"><strong>^</strong></span>&nbsp;<span class=\"reference-text\"><cite class=\"citation news cs1\">\"THUMP's Official Guide to Miami Music Week 2016 | Thump\".&nbsp;<em>Thump</em><span class=\"reference-accessdate\">. Retrieved&nbsp;<span class=\"nowrap\">2016-11-15</span></span>.</cite></span></li>\n<li id=\"cite_note-15\"><span class=\"mw-cite-backlink\"><strong>^</strong></span>&nbsp;<span class=\"reference-text\"><cite id=\"CITEREFRecords\" class=\"citation web cs1\">Records, Spinnin'.&nbsp;\"Spinnin' Hotel Miami 2016 | Spinnin' Records\".&nbsp;<em>Spinnin' Records</em><span class=\"reference-accessdate\">. Retrieved&nbsp;<span class=\"nowrap\">2016-11-15</span></span>.</cite></span></li>\n<li id=\"cite_note-16\"><span class=\"mw-cite-backlink\"><strong>^</strong></span>&nbsp;<span class=\"reference-text\"><cite class=\"citation news cs1\">\"Smirnoff Sound Collective heads to Miami with a massive showcase\".&nbsp;<em>Mixmag</em><span class=\"reference-accessdate\">. Retrieved&nbsp;<span class=\"nowrap\">2016-11-15</span></span>.</cite></span></li>\n<li id=\"cite_note-17\"><span class=\"mw-cite-backlink\"><strong>^</strong></span>&nbsp;<span class=\"reference-text\"><cite id=\"CITEREFPajot2014\" class=\"citation news cs1\">Pajot, S. (2014-03-28).&nbsp;\"Avicii Hotel 2014: A 10-Photo Sneak Peek\".&nbsp;<em>Miami New Times</em><span class=\"reference-accessdate\">. Retrieved&nbsp;<span class=\"nowrap\">2016-11-15</span></span>.</cite></span></li>\n<li id=\"cite_note-18\"><span class=\"mw-cite-backlink\"><strong>^</strong></span>&nbsp;<span class=\"reference-text\"><cite class=\"citation news cs1\">\"Deep Dish reunion highlights Miami Music Week\".&nbsp;<em>Miami.com</em><span class=\"reference-accessdate\">. Retrieved&nbsp;<span class=\"nowrap\">2016-11-15</span></span>.</cite></span></li>\n<li id=\"cite_note-19\"><span class=\"mw-cite-backlink\"><strong>^</strong></span>&nbsp;<span class=\"reference-text\"><cite class=\"citation news cs1\">\"BT debuts Electronic Opus during Miami Music Week - Electronic Opus\".&nbsp;<em>Electronic Opus</em>. 2015-03-16<span class=\"reference-accessdate\">. Retrieved&nbsp;<span class=\"nowrap\">2016-11-15</span></span>.</cite></span></li>\n<li id=\"cite_note-20\"><span class=\"mw-cite-backlink\"><strong>^</strong></span>&nbsp;<span class=\"reference-text\"><cite class=\"citation web cs1\">\"Miami Music Week Guide 2015: 25 Parties to Catch This Year - Dancing Astronaut\".&nbsp;<em>www.dancingastronaut.com</em><span class=\"reference-accessdate\">. Retrieved&nbsp;<span class=\"nowrap\">2016-11-15</span></span>.</cite></span></li>\n<li id=\"cite_note-21\"><span class=\"mw-cite-backlink\"><strong>^</strong></span>&nbsp;<span class=\"reference-text\"><cite id=\"CITEREFCharles2014\" class=\"citation news cs1\">Charles, Laurie (2014-03-31).&nbsp;\"Deep Dish - Ice Palace Film Studios, Miami\".&nbsp;<em>Miami New Times</em><span class=\"reference-accessdate\">. Retrieved&nbsp;<span class=\"nowrap\">2016-11-15</span></span>.</cite></span></li>\n<li id=\"cite_note-22\"><span class=\"mw-cite-backlink\"><strong>^</strong></span>&nbsp;<span class=\"reference-text\"><cite class=\"citation web cs1\">\"Richie Hawtin presents Enter.Miami\".&nbsp;<em>Resident Advisor</em><span class=\"reference-accessdate\">. Retrieved&nbsp;<span class=\"nowrap\">2016-11-15</span></span>.</cite></span></li>\n<li id=\"cite_note-:2-23\"><span class=\"mw-cite-backlink\">^&nbsp;<span class=\"cite-accessibility-label\">Jump up to:</span><sup><em><strong>a</strong></em></sup>&nbsp;<sup><em><strong>b</strong></em></sup></span>&nbsp;<span class=\"reference-text\"><cite class=\"citation web cs1\">\"CROSSTOWN REBELS' GET LOST PARTY IN MIAMI LOOKS INSANE\".&nbsp;<em>DJMag.com</em><span class=\"reference-accessdate\">. Retrieved&nbsp;<span class=\"nowrap\">2016-11-15</span></span>.</cite></span></li>\n<li id=\"cite_note-24\"><span class=\"mw-cite-backlink\"><strong>^</strong></span>&nbsp;<span class=\"reference-text\"><cite class=\"citation web cs1\">\"Music On Closing Party Marco Carola &amp; Paco Osuna\".&nbsp;<em>Resident Advisor</em><span class=\"reference-accessdate\">. Retrieved&nbsp;<span class=\"nowrap\">2016-11-15</span></span>.</cite></span></li>\n<li id=\"cite_note-25\"><span class=\"mw-cite-backlink\"><strong>^</strong></span>&nbsp;<span class=\"reference-text\"><cite class=\"citation news cs1\">\"Listen to Armada Music Takeover at SiriusXM Lounge\".&nbsp;<em>EDM | Electronic Music | EDM Music | EDM Festivals | EDM Events</em>. 2015-03-30<span class=\"reference-accessdate\">. Retrieved&nbsp;<span class=\"nowrap\">2016-11-15</span></span>.</cite></span></li>\n<li id=\"cite_note-26\"><span class=\"mw-cite-backlink\"><strong>^</strong></span>&nbsp;<span class=\"reference-text\"><cite class=\"citation news cs1\">\"Spinnin' Records Takes Over A Hotel - Revolution Radio Miami\".&nbsp;<em>Revolution Radio Miami</em>. 2016-02-08<span class=\"reference-accessdate\">. Retrieved&nbsp;<span class=\"nowrap\">2016-11-15</span></span>.</cite></span></li>\n<li id=\"cite_note-27\"><span class=\"mw-cite-backlink\"><strong>^</strong></span>&nbsp;<span class=\"reference-text\"><cite class=\"citation web cs1\">\"ANJUNABEATS Announces Lineup for Annual Miami Music Week Showcase Sunday, March 20 at The Raleigh Pool | Mitch Schneider Organization\".&nbsp;<em>www.msopr.com</em><span class=\"reference-accessdate\">. Retrieved&nbsp;<span class=\"nowrap\">2016-11-15</span></span>.</cite></span></li>\n<li id=\"cite_note-28\"><span class=\"mw-cite-backlink\"><strong>^</strong></span>&nbsp;<span class=\"reference-text\"><cite class=\"citation web cs1\">\"Fool's Gold Miami\".&nbsp;<em>Miami New Times</em><span class=\"reference-accessdate\">. Retrieved&nbsp;<span class=\"nowrap\">2016-11-15</span></span>.</cite></span></li>\n<li id=\"cite_note-29\"><span class=\"mw-cite-backlink\"><strong>^</strong></span>&nbsp;<span class=\"reference-text\"><cite class=\"citation news cs1\">\"Mad Decent Pool Party | Miami 2016\".&nbsp;<em>Spark Music Media</em><span class=\"reference-accessdate\">. Retrieved&nbsp;<span class=\"nowrap\">2016-11-15</span></span>.</cite></span></li>\n<li id=\"cite_note-30\"><span class=\"mw-cite-backlink\"><strong>^</strong></span>&nbsp;<span class=\"reference-text\"><cite class=\"citation web cs1\">\"Miami Music Week | March 21&ndash;26, 2017\".&nbsp;<em>www.miamimusicweek.com</em><span class=\"reference-accessdate\">. Retrieved&nbsp;<span class=\"nowrap\">2016-11-15</span></span>.</cite></span></li>\n<li id=\"cite_note-31\"><span class=\"mw-cite-backlink\"><strong>^</strong></span>&nbsp;<span class=\"reference-text\"><cite class=\"citation web cs1\">\"Red Bull Music Academy\".&nbsp;<em>www.redbullmusicacademy.com</em><span class=\"reference-accessdate\">. Retrieved&nbsp;<span class=\"nowrap\">2016-11-15</span></span>.</cite></span></li>\n<li id=\"cite_note-32\"><span class=\"mw-cite-backlink\"><strong>^</strong></span>&nbsp;<span class=\"reference-text\"><cite class=\"citation web cs1\">\"Diynamic's Neon Nights hits Miami Music Week - Dancing Astronaut\".&nbsp;<em>www.dancingastronaut.com</em><span class=\"reference-accessdate\">. Retrieved&nbsp;<span class=\"nowrap\">2016-11-15</span></span>.</cite></span></li>\n<li id=\"cite_note-33\"><span class=\"mw-cite-backlink\"><strong>^</strong></span>&nbsp;<span class=\"reference-text\"><cite class=\"citation web cs1\">\"DELANO: THE OFFICIAL HOTEL OF MIAMI MUSIC WEEK &amp; ULTRA\".&nbsp;<em>Back of House</em><span class=\"reference-accessdate\">. Retrieved&nbsp;<span class=\"nowrap\">2016-11-15</span></span>.</cite></span></li>\n<li id=\"cite_note-34\"><span class=\"mw-cite-backlink\"><strong>^</strong></span>&nbsp;<span class=\"reference-text\"><cite class=\"citation web cs1\">\"Modern Luxury /miami | Miami Music Week Returns to Delano South Beach\".&nbsp;<em>www.modernluxury.com</em><span class=\"reference-accessdate\">. Retrieved&nbsp;<span class=\"nowrap\">2016-11-15</span></span>.</cite></span></li>\n<li id=\"cite_note-35\"><span class=\"mw-cite-backlink\"><strong>^</strong></span>&nbsp;<span class=\"reference-text\"><cite id=\"CITEREFMagazine2015\" class=\"citation web cs1\">Magazine, Magnetic (March 2, 2015).&nbsp;\"Party in the Official Miami Music Week Hotel\".&nbsp;<em>www.magneticmag.com</em><span class=\"reference-accessdate\">. Retrieved&nbsp;<span class=\"nowrap\">November 15,</span>&nbsp;2016</span>.</cite></span></li>\n<li id=\"cite_note-36\"><span class=\"mw-cite-backlink\"><strong>^</strong></span>&nbsp;<span class=\"reference-text\"><cite id=\"CITEREFBein2015\" class=\"citation news cs1\">Bein, Kat (2015-02-25).&nbsp;\"Miami Music Week Hotel 2015: A Six-Day Takeover of the Delano South Beach\".&nbsp;<em>Miami New Times</em><span class=\"reference-accessdate\">. Retrieved&nbsp;<span class=\"nowrap\">2016-11-15</span></span>.</cite></span></li>\n<li id=\"cite_note-37\"><span class=\"mw-cite-backlink\"><strong>^</strong></span>&nbsp;<span class=\"reference-text\"><cite class=\"citation web cs1\">\"Wildlife Miami @ The MMW Hotel | Miami Music Week\".&nbsp;<em>www.miamimusicweek.com</em><span class=\"reference-accessdate\">. Retrieved&nbsp;<span class=\"nowrap\">2016-11-15</span></span>.</cite></span></li>\n<li id=\"cite_note-38\"><span class=\"mw-cite-backlink\"><strong>^</strong></span>&nbsp;<span class=\"reference-text\"><cite class=\"citation web cs1\">\"Check out The Magician presents Potion at Delano Hotel - Delano Beach Club on Mar 15, 2016\".&nbsp;<em>Eventful</em><span class=\"reference-accessdate\">. Retrieved&nbsp;<span class=\"nowrap\">2016-11-15</span></span>.</cite></span></li>\n<li id=\"cite_note-39\"><span class=\"mw-cite-backlink\"><strong>^</strong></span>&nbsp;<span class=\"reference-text\"><cite class=\"citation web cs1\">\"Miami Music Week 2020 Has Been Effectively Canceled\".&nbsp;<em>Billboard</em>. 2020-03-13<span class=\"reference-accessdate\">. Retrieved&nbsp;<span class=\"nowrap\">2020-09-28</span></span>.</cite></span></li>\n</ol>\n</div>",
 "remarks": "本词条汉字内容由 @多频百科团队 翻译+编辑\n原文译自 https://en.wikipedia.org/wiki/Miami_Music_Week",
 "remarksEn": "本词条内容来自 https://en.wikipedia.org/wiki/Miami_Music_Week",
 "status": 1,
 "clickNum": 18,
 "deleted": 0,
 "lang": 0,
 "chooseLang": true,
 "id": 102,
 "name": "Miami Music Week",
 "descriptions": "Miami Music Week（MMW）是一个为期一周的电子舞蹈音乐活动的马拉松，在三月的最后一周在佛罗里达州的迈阿密举行，有来自世界各地的数十万人参加。2015年，超过1000名艺术家在迈阿密的众多场所举办的260多场活动中表演。活动场所包括夜总会、游泳池、船和pop-up spaces/venues，遍及温伍德、迈阿密市中心、迈阿密海滩和小海地等地。MMW也是世界上最重要的电子音乐节--Ultra音乐节的前身，为期三天的活动吸引了165,000人参加。",
 "picture": "https://duopin-community.oss-cn-shenzhen.aliyuncs.com/pnt9kfdd4d8gplcbcvfd.png",
 "originalName": "迈阿密音乐周；MMW",
 "holdTimeText": "3月的最后一周",
 "holdAddress": "迈阿密，佛罗里达州，美国",
 "searchAddress": "美国",
 "sponsor": "",
 "foundTimeText": "2011年",
 "referenceUrl": "https://en.wikipedia.org/wiki/Miami_Music_Week",
 "nonceStatusText": "运营中",
 "typeId": 16,
 "typeName": "电音节",
 "dataId": 102,
 "url": "http://dropinapp.hearinmusic.com/#/ency?typeId=16&dataId=102"
}