{
 "pageNum": 1,
 "pageSize": 10,
 "params": {},
 "content": "<div class=\"document\">\n<p class=\"paragraph text-align-type-left pap-line-1.8 pap-line-rule-auto pap-spacing-before-2pt pap-spacing-after-2pt\">Movement电子音乐节是一年一度的电子舞曲活动，自 2006 年以来每个阵亡将士纪念日周末在底特律也就是Techno 的发源地举行。 以前阵亡将士纪念日周末在哈特广场举行的电子音乐节包括底特律电子音乐节（2000-2002），Movement（2003-2004）和Fuse-In（2005）。四个不同的节日名称反映了完全独立且截然不同的生产商、品牌和方向。所有这些节日都有音乐家和 DJ 的表演，强调围绕电子音乐的文化的进步品质，包括庆祝底特律成为流行电子音乐子流派 Techno 的发源地。</p>\n<p class=\"paragraph text-align-type-left pap-line-1.8 pap-line-rule-auto pap-spacing-before-2pt pap-spacing-after-2pt\">&nbsp;</p>\n<p class=\"paragraph text-align-type-left pap-line-1.8 pap-line-rule-auto pap-spacing-before-2pt pap-spacing-after-2pt\">2013 年底，最初的 DEMF 管理层宣布计划在 2014 年独立日周末在 Campus Martius 公园免费入场举办底特律电子音乐节，以及付费入场的电子音乐技术联合会 (FEMT) ，在福特球场同时举行的会议和音乐展示。这些活动后来被重新安排在 2015 年。这些活动与计划在哈特广场阵亡将士纪念日周末举行的运动电子音乐节无关。</p>\n<p class=\"paragraph text-align-type-left pap-line-1.8 pap-line-rule-auto pap-spacing-before-2pt pap-spacing-after-2pt\">&nbsp;</p>\n<p class=\"paragraph text-align-type-left pap-line-1.8 pap-line-rule-auto pap-spacing-before-2pt pap-spacing-after-2pt\">2017 年，Movement 被电子音乐奖提名为年度音乐节。</p>\n<p class=\"paragraph text-align-type-left pap-line-1.8 pap-line-rule-auto pap-spacing-before-2pt pap-spacing-after-2pt\">&nbsp;</p>\n<div>\n<div class=\"document\">\n<p class=\"paragraph text-align-type-left pap-line-1.8 pap-line-rule-auto pap-spacing-before-2pt pap-spacing-after-2pt\"><strong>历史</strong></p>\n<p class=\"paragraph text-align-type-left pap-line-1.8 pap-line-rule-auto pap-spacing-before-2pt pap-spacing-after-2pt\">在底特律举办的第一个电子音乐节是 2000 年的底特律电子音乐节，由 Carol Marvin 和她的组织 Pop Culture Media（其中包括长期活动制作人 Adriel Thornton、Telo Dunne 和 Barbara Deyo 等人）制作。在底特律的哈特广场举行，这是一个里程碑式的活动，吸引了来自世界各地的游客在它诞生的城市庆祝 Techno 音乐。该活动是美国最早的电子音乐节之一。</p>\n<p class=\"paragraph text-align-type-left pap-line-1.8 pap-line-rule-auto pap-spacing-before-2pt pap-spacing-after-2pt\">&nbsp;</p>\n<p class=\"paragraph text-align-type-left pap-line-1.8 pap-line-rule-auto pap-spacing-before-2pt pap-spacing-after-2pt\">福特汽车公司为 2001 年活动的冠名赞助提供了前所未有的 435,000 美元，该活动更名为福克斯底特律电子音乐节。这使得免费活动继续成为给粉丝的礼物，并使该节日在第二年成为有利可图的事情。由 Carol Marvin 掌舵的节日制作人 Pop Culture Media 与 Ford 合作，制作了一场全国性的电视广告活动，以底特律 Techno 创始人 Juan Atkins 的音乐为特色。当制片人卡罗尔&middot;马文因违反合同而不情愿地解雇艺术总监卡尔&middot;克雷格时，争议随之而来。</p>\n<p class=\"paragraph text-align-type-left pap-line-1.8 pap-line-rule-auto pap-spacing-before-2pt pap-spacing-after-2pt\">&nbsp;</p>\n<p class=\"paragraph text-align-type-left pap-line-1.8 pap-line-rule-auto pap-spacing-before-2pt pap-spacing-after-2pt\">2003 年 1 月，底特律市市长夸梅&middot;基尔帕特里克 (Kwame Kilpatrick) 决定推翻娱乐部（控制和管理哈特广场），并为德里克&middot;梅（Derrick May）确保了哈特广场和阵亡将士纪念日周末日期，他作为巡回 DJ 拥有丰富的经验，但没有第一手、大型-规模节日制作经验。可能会组建一流的团队，其中包括总部位于费城的 P.A.W.N. LASERS / Louis Capet XXVI，但电影节面临的最大障碍是底特律市撤回了它在前几年提供的 350,000 美元的资金。</p>\n<p class=\"paragraph text-align-type-left pap-line-1.8 pap-line-rule-auto pap-spacing-before-2pt pap-spacing-after-2pt\">&nbsp;</p>\n<p class=\"paragraph text-align-type-left pap-line-1.8 pap-line-rule-auto pap-spacing-before-2pt pap-spacing-after-2pt\">第二届Movement音乐节于 2004 年举行，尽管在公众中取得了成功，但该活动仍面临重大经济损失，其命运变得不确定。</p>\n<p class=\"paragraph text-align-type-left pap-line-1.8 pap-line-rule-auto pap-spacing-before-2pt pap-spacing-after-2pt\">&nbsp;</p>\n<p class=\"paragraph text-align-type-left pap-line-1.8 pap-line-rule-auto pap-spacing-before-2pt pap-spacing-after-2pt\">2005年2月，梅宣布辞去音乐节制作人的职务，音乐节再次易手。技术老手 Kevin Saunderson 宣布计划在 2005 年阵亡将士纪念日周末上演一个名为 Fuse-In Detroit（后来缩写为 Fuse-In，标语为&ldquo;Detroit's Electronic Movement&rdquo;）的Movement替代品。</p>\n<p class=\"paragraph text-align-type-left pap-line-1.8 pap-line-rule-auto pap-spacing-before-2pt pap-spacing-after-2pt\">&nbsp;</p>\n<p class=\"paragraph text-align-type-left pap-line-1.8 pap-line-rule-auto pap-spacing-before-2pt pap-spacing-after-2pt\">与市政府官员的成功谈判导致 2005 年成为哈特广场活动不免费入场的第一年。共售出 41,220 张入场证给 Fuse-In 游客。 38,382 张每日通票以每张 10 美元的价格售出，2,838 张周末通票（涵盖整整三天）以每张 25 美元的价格售出。底特律市每张门票收取 1 美元，本应收取节日利润的 30%，但门票销售并没有收回节日的 756,000 美元预算。</p>\n<p class=\"paragraph text-align-type-left pap-line-1.8 pap-line-rule-auto pap-spacing-before-2pt pap-spacing-after-2pt\">&nbsp;</p>\n<p class=\"paragraph text-align-type-left pap-line-1.8 pap-line-rule-auto pap-spacing-before-2pt pap-spacing-after-2pt\">2006 年 2 月 16 日，凯文&middot;桑德森宣布，由于经济损失和缺乏足够的宣传，他将不会继续制作 2006 年的音乐节。截至 3 月 23 日，与密歇根州底特律的 Paxahau 合作过的活动制作公司克雷格、梅和桑德森从桑德森那里获得了场地和日期，以Movement的名义制作了这个节日。 Paxahau 从 2006 年到现在一直在制作他们的节日，并在 2016 年庆祝他们的 10 周年。</p>\n</div>\n</div>\n</div>",
 "contentEn": "<p><strong>Movement Electronic Music Festival</strong>&nbsp;is an annual&nbsp;electronic dance music&nbsp;event held in the birthplace of Techno,&nbsp;Detroit, each&nbsp;Memorial Day&nbsp;weekend since 2006. Previous electronic music festivals held at Hart Plaza on Memorial Day weekend include&nbsp;<strong>Detroit Electronic Music Festival</strong>&nbsp;(2000&ndash;2002), Movement (2003&ndash;2004) and Fuse-In (2005). The four different festival names reflect completely separate and distinct producers, brands and directions. All of these festivals presented performances by musicians and&nbsp;DJs&nbsp;that emphasized the progressive qualities of the culture surrounding electronic music including the celebration of Detroit being the birthplace of the popular electronic music subgenre Techno.</p>\n<p>&nbsp;</p>\n<p>In late 2013, the original DEMF management announced plans for the return of the Detroit Electronic Music Festival as a free-admission event at&nbsp;Campus Martius Park&nbsp;on&nbsp;Independence Day&nbsp;weekend, 2014, along with the paid-admission&nbsp;<strong>Federation of Electronic Music Technology</strong>&nbsp;(FEMT), a concurrent conference and music showcase at&nbsp;Ford Field. These events were later rescheduled for 2015.<sup id=\"cite_ref-1\" class=\"reference\">[1]</sup>&nbsp;These events are not connected to the Movement Electronic Music Festival planned for Memorial Day weekend in&nbsp;Hart Plaza.<sup id=\"cite_ref-2\" class=\"reference\">[2]</sup><sup id=\"cite_ref-3\" class=\"reference\">[3]</sup></p>\n<p>&nbsp;</p>\n<p>In 2017, Movement was nominated for Festival of the Year at the&nbsp;Electronic Music Awards.</p>\n<p>&nbsp;</p>\n<h2><span id=\"History\" class=\"mw-headline\">History</span></h2>\n<p>The first electronic music festival held in Detroit was the Detroit Electronic Music Festival in 2000, produced by Carol Marvin and her organization Pop Culture Media (which included long-time event producer Adriel Thornton, Telo Dunne and Barbara Deyo and others). Taking place in Detroit's&nbsp;Hart Plaza, it was a landmark event that brought visitors from all over the world to celebrate Techno music in the city of its birth. The event was one of the first electronic music festivals in the United States.</p>\n<div class=\"thumb tright\">&nbsp;</div>\n<p>Ford Motor Company&nbsp;provided an unprecedented $435,000 for Title sponsorship of the 2001 event, which was renamed the Focus Detroit Electronic Music Festival. This allowed the free-of-charge event to continue to be a gift to the fans and made the festival a profitable venture in its second year. Festival producer Pop Culture Media, with Carol Marvin at the helm, worked with Ford to create a nationwide television ad campaign featuring the music of Detroit Techno founder Juan Atkins. Controversy ensued when producer Carol Marvin reluctantly fired artistic director&nbsp;Carl Craig&nbsp;for breach of contract.</p>\n<p>&nbsp;</p>\n<p>In January 2003, Detroit city Mayor Kwame Kilpatrick decided to override the Recreation Department (which controls and manages Hart Plaza) and secured Hart Plaza and the Memorial Day weekend dates for&nbsp;Derrick May, who had extensive experience as a touring DJ but no firsthand, large-scale festival production experience. May put a first class team in place, which included a donation by Philadelphia-based P.A.W.N. LASERS / Louis Capet XXVI, but the biggest hurdle faced by the Festival was the City Of Detroit's withdrawal of $350,000 funding that it had provided in previous years.</p>\n<p>&nbsp;</p>\n<p>The second Movement festival took place in 2004, but despite its public success, the event faced significant financial losses and its fate became uncertain.</p>\n<p>&nbsp;</p>\n<p>In February 2005, May announced his resignation as festival producer, and the festival once again changed hands. Fellow techno veteran&nbsp;Kevin Saunderson&nbsp;announced plans for a Movement replacement to be called&nbsp;<strong>Fuse-In Detroit</strong>&nbsp;(later shortened to just&nbsp;<strong>Fuse-In</strong>, with the tagline \"Detroit's Electronic Movement\") to be staged Memorial Day Weekend 2005.</p>\n<p>&nbsp;</p>\n<p>Successful negotiations with city officials led to 2005 becoming the first year that an event in Hart Plaza did not have free admission. A total of 41,220 admission passes were sold to Fuse-In visitors. 38,382 daily passes were sold for $10 each, and 2,838 weekend passes, covering the full three days, were sold for $25 each. The City of Detroit collected $1 per pass, and was to have collected 30% of festival profits, but admission pass sales did not recoup the festival's $756,000 budget.<sup id=\"cite_ref-freep.com_4-0\" class=\"reference\">[4]</sup></p>\n<p>&nbsp;</p>\n<p>On February 16, 2006, Kevin Saunderson announced that due to financial losses and lack of sufficient promotion, he would not continue to produce the festival in 2006. As of March 23,&nbsp;Paxahau&nbsp;of&nbsp;Detroit, Michigan, an event production company that has worked with Craig, May, and Saunderson, secured the venue and dates from Saunderson to produce the festival under the name \"Movement.\" Paxahau has been producing their festival from 2006 to present, celebrating their 10-year anniversary in 2016.</p>\n<p>&nbsp;</p>\n<p><strong>Notes</strong></p>\n<div class=\"reflist reflist-lower-alpha\">\n<div class=\"mw-references-wrap\">\n<ol class=\"references\">\n<li id=\"cite_note-a-6\"><span class=\"mw-cite-backlink\">^&nbsp;<span class=\"cite-accessibility-label\">Jump up to:</span><sup><em><strong>a</strong></em></sup>&nbsp;<sup><em><strong>b</strong></em></sup>&nbsp;<sup><em><strong>c</strong></em></sup></span>&nbsp;<span class=\"reference-text\"><em>Based on visual estimates by police and city officials, and conceded by city officials in 2003 to be an overly generous estimate.</em></span></li>\n<li id=\"cite_note-b-8\"><span class=\"mw-cite-backlink\"><strong>^</strong></span>&nbsp;<span class=\"reference-text\"><em>Reported by police on May 30, 2005.</em><sup id=\"cite_ref-7\" class=\"reference\">[6]</sup></span></li>\n<li id=\"cite_note-c-10\"><span class=\"mw-cite-backlink\"><strong>^</strong></span>&nbsp;<span class=\"reference-text\"><em>41,220 ticketholders, plus 3,700 DJs, VIPs, and press, reported by&nbsp;</em>The Detroit News<em>&nbsp;and&nbsp;</em>The Detroit Free Press<em>&nbsp;on June 2, 2005.</em><sup id=\"cite_ref-9\" class=\"reference\">[7]</sup><sup id=\"cite_ref-freep.com_4-1\" class=\"reference\">[4]</sup></span></li>\n<li id=\"cite_note-d-12\"><span class=\"mw-cite-backlink\"><strong>^</strong></span>&nbsp;<span class=\"reference-text\"><em>41,000 tickets, quoted by Kevin Saunderson in&nbsp;</em>Big Shot magazine<em>&nbsp;</em><sup id=\"cite_ref-11\" class=\"reference\">[8]</sup></span></li>\n<li id=\"cite_note-e-14\"><span class=\"mw-cite-backlink\">^&nbsp;<span class=\"cite-accessibility-label\">Jump up to:</span><sup><em><strong>a</strong></em></sup>&nbsp;<sup><em><strong>b</strong></em></sup></span>&nbsp;<span class=\"reference-text\"><em>Reported by&nbsp;</em>The Detroit Free Press<em>&nbsp;on May 27, 2008.</em><sup id=\"cite_ref-13\" class=\"reference\">[9]</sup></span></li>\n</ol>\n</div>\n</div>\n<p>&nbsp;</p>\n<h2><span id=\"Notes_and_references\" class=\"mw-headline\">Notes and references</span></h2>\n<div class=\"reflist\">\n<div class=\"mw-references-wrap mw-references-columns\">\n<ol class=\"references\">\n<li id=\"cite_note-1\"><span class=\"mw-cite-backlink\"><strong>^</strong></span>&nbsp;<span class=\"reference-text\"><cite id=\"CITEREFJackman\" class=\"citation news cs1\">Jackman, Michael.&nbsp;\"City Slang: DEMF 2014 canceled - Metro Times Blogs | Metro Times Blogs\". Blogs.metrotimes.com. Archived from&nbsp;the original&nbsp;on April 20, 2014<span class=\"reference-accessdate\">. Retrieved&nbsp;<span class=\"nowrap\">June 29,</span>&nbsp;2014</span>.</cite></span></li>\n<li id=\"cite_note-2\"><span class=\"mw-cite-backlink\"><strong>^</strong></span>&nbsp;<span class=\"reference-text\"><cite id=\"CITEREFSkid2013\" class=\"citation web cs1\">Skid, Nathan (November 20, 2013).&nbsp;\"Campus Martius will turn into global dance party for electronic music fest next summer\".&nbsp;<em>Crain's Detroit Business</em>.</cite></span></li>\n<li id=\"cite_note-3\"><span class=\"mw-cite-backlink\"><strong>^</strong></span>&nbsp;<span class=\"reference-text\"><cite id=\"CITEREFSkotarczyk2013\" class=\"citation web cs1\">Skotarczyk, Rachel (November 20, 2013).&nbsp;\"United We Dance - FEMT Launches the Return of DEMF\".&nbsp;<em>Real Detroit Weekly</em>. Archived from&nbsp;the original&nbsp;on November 23, 2013.</cite></span></li>\n<li id=\"cite_note-freep.com-4\"><span class=\"mw-cite-backlink\">^&nbsp;<span class=\"cite-accessibility-label\">Jump up to:</span><sup><em><strong>a</strong></em></sup>&nbsp;<sup><em><strong>b</strong></em></sup></span><span class=\"reference-text\">http://www.freep.com/entertainment/music/techno2e_20050602.htm</span></li>\n<li id=\"cite_note-Scuba-5\"><span class=\"mw-cite-backlink\">^&nbsp;<span class=\"cite-accessibility-label\">Jump up to:</span><sup><em><strong>a</strong></em></sup>&nbsp;<sup><em><strong>b</strong></em></sup></span>&nbsp;<span class=\"reference-text\"><cite class=\"citation web cs1\">\"Scuba\".&nbsp;<em>Movement Music Festival</em>. Archived from&nbsp;the original&nbsp;on March 20, 2016<span class=\"reference-accessdate\">. Retrieved&nbsp;<span class=\"nowrap\">June 28,</span>&nbsp;2016</span>.</cite></span></li>\n<li id=\"cite_note-7\"><span class=\"mw-cite-backlink\"><strong>^</strong></span><span class=\"reference-text\">http://www.freep.com/entertainment/music/crowd31e_20050531.htm</span></li>\n<li id=\"cite_note-9\"><span class=\"mw-cite-backlink\"><strong>^</strong></span>&nbsp;<span class=\"reference-text\">http://www.detnews.com/2005/events/0506/02/E01-200820.htm</span></li>\n<li id=\"cite_note-11\"><span class=\"mw-cite-backlink\"><strong>^</strong></span><span class=\"reference-text\">https://web.archive.org/web/20070929132419/http://www.bigshotmag.com/news/?p=139</span></li>\n<li id=\"cite_note-13\"><span class=\"mw-cite-backlink\"><strong>^</strong></span>&nbsp;<span class=\"reference-text\">http://www.freep.com/apps/pbcs.dll/article?AID=/20080527/ENT04/805270349</span></li>\n<li id=\"cite_note-15\"><span class=\"mw-cite-backlink\"><strong>^</strong></span>&nbsp;<span class=\"reference-text\"><cite id=\"CITEREFPaxahau2009\" class=\"citation web cs1\">Paxahau (June 18, 2009).&nbsp;\"83,322 PEOPLE ATTENDED MOVEMENT 2009,\". Archived from&nbsp;the original&nbsp;on July 15, 2011<span class=\"reference-accessdate\">. Retrieved&nbsp;<span class=\"nowrap\">February 16,</span>&nbsp;2010</span>.</cite></span></li>\n<li id=\"cite_note-16\"><span class=\"mw-cite-backlink\"><strong>^</strong></span>&nbsp;<span class=\"reference-text\"><cite id=\"CITEREFNunez,_Jessica2010\" class=\"citation web cs1\">Nunez, Jessica (June 1, 2010).&nbsp;\"Movement Festival 2010 sees highest paid attendance in history\". Mlive.com.&nbsp;Archivedfrom the original on July 14, 2011<span class=\"reference-accessdate\">. Retrieved&nbsp;<span class=\"nowrap\">February 16,</span>&nbsp;2010</span>.</cite></span></li>\n<li id=\"cite_note-17\"><span class=\"mw-cite-backlink\"><strong>^</strong></span>&nbsp;<span class=\"reference-text\"><cite id=\"CITEREFMcCollum,_Brian2011\" class=\"citation web cs1\">McCollum, Brian (May 31, 2011).&nbsp;\"What we learned during Movement 2011's record-setting weekend\". Detroit Free Press<span class=\"reference-accessdate\">. Retrieved&nbsp;<span class=\"nowrap\">May 31,</span>&nbsp;2011</span>.</cite><sup class=\"noprint Inline-Template\">[<em><span title=\"&nbsp;Dead link since September 2011\">dead link</span></em>]</sup></span></li>\n<li id=\"cite_note-18\"><span class=\"mw-cite-backlink\"><strong>^</strong></span>&nbsp;<span class=\"reference-text\"><cite class=\"citation web cs1\">\"Movement Detroit Draws Record Attendance\". Big Shot Magazine. May 29, 2012<span class=\"reference-accessdate\">. Retrieved&nbsp;<span class=\"nowrap\">June 4,</span>&nbsp;2012</span>.</cite></span></li>\n</ol>\n</div>\n</div>",
 "remarks": "本词条汉字内容由 @多频百科团队 翻译+编辑\n原文译自 https://en.wikipedia.org/wiki/Detroit_Electronic_Music_Festival",
 "remarksEn": "本词条内容来自 https://en.wikipedia.org/wiki/Detroit_Electronic_Music_Festival",
 "status": 1,
 "clickNum": 16,
 "deleted": 0,
 "lang": 0,
 "chooseLang": true,
 "id": 131,
 "name": "Movement",
 "descriptions": "Movement电子音乐节是一年一度的电子舞曲活动，自 2006 年以来每个阵亡将士纪念日周末在底特律也就是Techno 的发源地举行。 以前阵亡将士纪念日周末在哈特广场举行的电子音乐节包括底特律电子音乐节（2000-2002），Movement（2003-2004）和Fuse-In（2005）。四个不同的节日名称反映了完全独立且截然不同的生产商、品牌和方向。所有这些节日都有音乐家和 DJ 的表演，强调围绕电子音乐的文化的进步品质，包括庆祝底特律成为流行电子音乐子流派 Techno 的发源地。",
 "picture": "https://duopin-community.oss-cn-shenzhen.aliyuncs.com/c1uu1l20e9qiy3zx56np.png",
 "originalName": "",
 "holdTimeText": "Memorial Day weekend (late May)",
 "holdAddress": "Detroit, Michigan, United States ",
 "searchAddress": "美国",
 "sponsor": "",
 "foundTimeText": "2000",
 "officialUrl": "https://www.movement.us/",
 "referenceUrl": "https://en.wikipedia.org/wiki/Detroit_Electronic_Music_Festival",
 "nonceStatusText": "运营中",
 "typeId": 16,
 "typeName": "电音节",
 "dataId": 131,
 "url": "http://dropinapp.hearinmusic.com/#/ency?typeId=16&dataId=131"
}