{
 "pageNum": 1,
 "pageSize": 10,
 "params": {},
 "content": "<p>Mutek was founded in 2000 by Alain Mongeau.[3]\r\n\r\nA Mexican edition of MUTEK has taken place in Mexico City since 2003. Annual South American single and/or multi-day events have taken place in Argentina and Chile since 2002 and 2004 respectively. Showcases have occurred in Brazil and Colombia as well.[4][better source needed]\r\n\r\nIn 2005 MUTEK was among the first Western cultural organizations to send a delegation of electronic artists to China.[5][better source needed]\r\n\r\nIn 2014, MUTEK paired with digital arts festival Elektra for the EM15 festival in Montreal.[6]</p>\n\r<p>null</p>\n\r<p>null</p>\n\r<p></p>",
 "remarks": "本词条内容暂未完善仅供参考，多频百科小编正在火速赶来",
 "remarksEn": "本词条内容暂未完善仅供参考，多频百科小编正在火速赶来",
 "status": 0,
 "clickNum": 0,
 "deleted": 0,
 "lang": 0,
 "chooseLang": false,
 "id": 252,
 "name": "Mutek",
 "descriptions": "",
 "originalName": "",
 "holdTimeText": "",
 "holdAddress": "Montreal, international",
 "searchAddress": "",
 "sponsor": "",
 "foundTimeText": "",
 "referenceUrl": "",
 "nonceStatusText": "",
 "typeId": 16,
 "typeName": "电音节",
 "dataId": 252,
 "url": "http://dropinapp.hearinmusic.com/#/ency?typeId=16&dataId=252"
}