{
 "pageNum": 1,
 "pageSize": 10,
 "params": {},
 "relationChannel": "[{\"id\":1064,\"parentId\":10,\"name\":\"Mysteryland\"}]",
 "content": "<div>\n<div class=\"document\">\n<p class=\"paragraph text-align-type-left pap-line-1.8 pap-line-rule-auto pap-spacing-before-2pt pap-spacing-after-2pt\">Mysteryland音乐节是荷兰主要的electronic dance音乐节，由荷兰的ID＆T组织。Mysteryland是荷兰首个音乐节类活动，其组织者称该活动是荷兰最古老的舞曲音乐节。近年来音乐节一直在Haarlemmermeer的Haarlemmermeerse Bos举行（是举办2002年荷兰园艺节Floriade的场地）。按照传统，音乐节是在八月的最后一个周末举行。下一次举办是2020年8月28日至30日。自2015年以来，音乐节已从一日活动改为三天露营活动。每年，Mysteryland音乐节都会接待来自100多个国家/地区的100.000多名游客。</p>\n<p class=\"paragraph text-align-type-left pap-line-1.8 pap-line-rule-auto pap-spacing-before-2pt pap-spacing-after-2pt\">&nbsp;</p>\n<p class=\"paragraph text-align-type-left pap-line-1.8 pap-line-rule-auto pap-spacing-before-2pt pap-spacing-after-2pt\">2011年，国际版的Mysteryland在智利举行，这是音乐节首次在荷兰境外举行。</p>\n<p class=\"paragraph text-align-type-left pap-line-1.8 pap-line-rule-auto pap-spacing-before-2pt pap-spacing-after-2pt\">&nbsp;</p>\n<p class=\"paragraph text-align-type-left pap-line-1.8 pap-line-rule-auto pap-spacing-before-2pt pap-spacing-after-2pt\">Mysteryland USA是Mysteryland的美国版本，于2014年5月的Memorial Day周末在伯特利&middot;伍兹艺术中心（1969年曾举办伍德斯托克音乐节）首次举行，大牌DJ包括Kaskade，Moby，Steve Aoki，Dillon Francis和Flosstradamus。2017年的Mysteryland USA被取消。</p>\n</div>\n</div>",
 "contentEn": "<p><strong>Mysteryland</strong>&nbsp;is the leading&nbsp;electronic dance music&nbsp;festival in the Netherlands,<sup id=\"cite_ref-1\" class=\"reference\">[1]</sup>&nbsp;organized by the Netherlands-based promoter&nbsp;ID&amp;T. Being the first of its kind in the country when it was established, its organizers have billed the event as the oldest dance music festival in the Netherlands. It has most recently been held at Haarlemmermeerse Bos in&nbsp;Haarlemmermeer; an exhibition ground that hosted the 2002 edition of the Dutch gardening festival&nbsp;Floriade. It is traditionally held on the final weekend of August; the next date is August 27-29, 2021. Since 2015, the festival has changed from a one-day to a three-day event with camping. Each year, more than 100.000 visitors from over 100 nationalities are welcomed at Mysteryland.</p>\n<p>&nbsp;</p>\n<p>In 2011, an international edition of Mysteryland was held in&nbsp;Chile, the first to be held outside the Netherlands.</p>\n<p>&nbsp;</p>\n<p><strong>Mysteryland USA</strong>, the American version of Mysteryland, was first held on&nbsp;Memorial Day&nbsp;weekend, May 2014, at the&nbsp;Bethel Woods Center for the Arts, the site of the notable&nbsp;Woodstock&nbsp;festival held in 1969.<sup id=\"cite_ref-spin-mlusa_2-0\" class=\"reference\">[2]</sup>&nbsp;Headliners included&nbsp;Kaskade,&nbsp;Moby,&nbsp;Steve Aoki,&nbsp;Dillon Francis, and Flosstradamus.<sup id=\"cite_ref-3\" class=\"reference\">[3]</sup>&nbsp;Mysteryland USA 2017 was canceled.<sup id=\"cite_ref-4\" class=\"reference\">[4]</sup></p>\n<p>&nbsp;</p>\n<h2><span id=\"References\" class=\"mw-headline\">References</span></h2>\n<div class=\"reflist reflist-columns references-column-width reflist-columns-2\">\n<ol class=\"references\">\n<li id=\"cite_note-1\"><span class=\"mw-cite-backlink\"><strong>^</strong></span>&nbsp;<span class=\"reference-text\"><cite class=\"citation web cs1\">\"Mysteryland\". Mysteryland official website<span class=\"reference-accessdate\">. Retrieved&nbsp;<span class=\"nowrap\">2020-02-19</span></span>.</cite></span></li>\n<li id=\"cite_note-spin-mlusa-2\"><span class=\"mw-cite-backlink\"><strong>^</strong></span>&nbsp;<span class=\"reference-text\"><cite class=\"citation web cs1\">\"Mysteryland Electronic Festival Headed to Original Woodstock Site\".&nbsp;<em>Spin</em><span class=\"reference-accessdate\">. Retrieved&nbsp;<span class=\"nowrap\">5 December</span>&nbsp;2013</span>.</cite></span></li>\n<li id=\"cite_note-3\"><span class=\"mw-cite-backlink\"><strong>^</strong></span>&nbsp;<span class=\"reference-text\"><cite class=\"citation web cs1\">\"Mysteryland USA: Kaskade, Steve Aoki, Acres of Music Rule EDM Fest on Woodstock's Grounds\".&nbsp;<em>Billboard</em>.</cite></span></li>\n<li id=\"cite_note-4\"><span class=\"mw-cite-backlink\"><strong>^</strong></span>&nbsp;<span class=\"reference-text\"><cite class=\"citation web cs1\">\"Mysteryland USA\".&nbsp;<em>www.mysteryland.us</em>.</cite></span></li>\n</ol>\n</div>",
 "remarks": "本词条汉字内容由 @多频百科团队 翻译+编辑\n原文译自 https://en.wikipedia.org/wiki/Mysteryland",
 "remarksEn": "本词条内容来自 https://en.wikipedia.org/wiki/Mysteryland",
 "status": 1,
 "clickNum": 35,
 "deleted": 0,
 "lang": 0,
 "chooseLang": true,
 "id": 96,
 "name": "Mysteryland",
 "descriptions": "Mysteryland音乐节是荷兰主要的electronic dance音乐节，由荷兰的ID＆T组织。Mysteryland是荷兰首个音乐节类活动，其组织者称该活动是荷兰最古老的舞曲音乐节。近年来音乐节一直在Haarlemmermeer的Haarlemmermeerse Bos举行（是举办2002年荷兰园艺节Floriade的场地）。按照传统，音乐节是在八月的最后一个周末举行。下一次举办是2020年8月28日至30日。自2015年以来，音乐节已从一日活动改为三天露营活动。每年，Mysteryland音乐节都会接待来自100多个国家/地区的100.000多名游客。",
 "picture": "https://duopin-community.oss-cn-shenzhen.aliyuncs.com/visut707fj5r5hacn2pe.jpg",
 "originalName": "神秘之地音乐节",
 "holdTimeText": "8月27日至29日",
 "holdAddress": "Netherlands: Floriade, Haarlemmermeer",
 "searchAddress": "荷兰",
 "sponsor": "ID＆T",
 "foundTimeText": "1993 - present",
 "officialUrl": "https://www.mysteryland.nl/",
 "referenceUrl": "https://en.wikipedia.org/wiki/Mysteryland",
 "nonceStatusText": "运营中",
 "typeId": 16,
 "typeName": "电音节",
 "dataId": 96,
 "url": "http://dropinapp.hearinmusic.com/#/ency?typeId=16&dataId=96"
}