{
 "pageNum": 1,
 "pageSize": 10,
 "params": {},
 "content": "<div>\n<div class=\"document\">\n<p class=\"paragraph text-align-type-left pap-line-1.8 pap-line-rule-auto pap-spacing-before-2pt pap-spacing-after-2pt\">Nature One是欧洲最大的露天电子音乐节之一，有来自德国和世界各地的许多著名DJ参加。相比于Mayday音乐节它的影响力没有那么大，也没有那么悠久，在Mayday音乐节举办三年之后才发展起来。但考虑到Mayday音乐节只持续一个晚上，而Nature One持续两个晚上，出席人数也超过了Mayday音乐节。另外，Nature One音乐节从星期四到星期日还有一些较小的活动。</p>\n<p class=\"paragraph text-align-type-left pap-line-1.8 pap-line-rule-auto pap-spacing-before-2pt pap-spacing-after-2pt\">&nbsp;</p>\n<p class=\"paragraph text-align-type-left pap-line-1.8 pap-line-rule-auto pap-spacing-before-2pt pap-spacing-after-2pt\"><strong>概述</strong></p>\n<p class=\"paragraph text-align-type-left pap-line-1.8 pap-line-rule-auto pap-spacing-before-2pt pap-spacing-after-2pt\">Nature One门票价格约为70欧元（截至2010年）。但与Love Oarade不同，唯一对自然的真正损害是掩体山上的草地和用于露营的田野被践踏（音乐节开始的时候，庄稼已经收割完成）。</p>\n<p class=\"paragraph text-align-type-left pap-line-1.8 pap-line-rule-auto pap-spacing-before-2pt pap-spacing-after-2pt\">&nbsp;</p>\n<p class=\"paragraph text-align-type-left pap-line-1.8 pap-line-rule-auto pap-spacing-before-2pt pap-spacing-after-2pt\">作为一个特殊的景点，周六晚上有烟火表演。</p>\n<p class=\"paragraph text-align-type-left pap-line-1.8 pap-line-rule-auto pap-spacing-before-2pt pap-spacing-after-2pt\">&nbsp;</p>\n<p class=\"paragraph text-align-type-left pap-line-1.8 pap-line-rule-auto pap-spacing-before-2pt pap-spacing-after-2pt\">音乐节每年持续一个长周末，总是在八月的第一个周末。</p>\n<p class=\"paragraph text-align-type-left pap-line-1.8 pap-line-rule-auto pap-spacing-before-2pt pap-spacing-after-2pt\">&nbsp;</p>\n<p class=\"paragraph text-align-type-left pap-line-1.8 pap-line-rule-auto pap-spacing-before-2pt pap-spacing-after-2pt\">2004年，该音乐节的出席人数约为53，000人，其中40，000多人利用附近的田野在周末露营（经过Nature One工作人员正式允许和组织）。</p>\n<p class=\"paragraph text-align-type-left pap-line-1.8 pap-line-rule-auto pap-spacing-before-2pt pap-spacing-after-2pt\">&nbsp;</p>\n<p class=\"paragraph text-align-type-left pap-line-1.8 pap-line-rule-auto pap-spacing-before-2pt pap-spacing-after-2pt\">露营地一直是音乐节的第二场地，有许多业余DJ和一些商业组织的卡车，装载发电机和燃料，与小俱乐部在转盘，扬声器，有时甚至照明进行竞争。有些人要么不愿意，要么无力支付进入音乐节地区的门票，可以用这个来代替周末的音乐节。</p>\n<p class=\"paragraph text-align-type-left pap-line-1.8 pap-line-rule-auto pap-spacing-before-2pt pap-spacing-after-2pt\">&nbsp;</p>\n<p class=\"paragraph text-align-type-left pap-line-1.8 pap-line-rule-auto pap-spacing-before-2pt pap-spacing-after-2pt\">音乐节有成四个\"主楼层\"，每个楼层可容纳几千人：</p>\n<p class=\"paragraph text-align-type-left pap-line-1.8 pap-line-rule-auto pap-spacing-before-2pt pap-spacing-after-2pt\">Open Air Floor (mostly Trance)</p>\n<p class=\"paragraph text-align-type-left pap-line-1.8 pap-line-rule-auto pap-spacing-before-2pt pap-spacing-after-2pt\">Century Circus (Techno)</p>\n<p class=\"paragraph text-align-type-left pap-line-1.8 pap-line-rule-auto pap-spacing-before-2pt pap-spacing-after-2pt\">House of House (House, Minimal)</p>\n<p class=\"paragraph text-align-type-left pap-line-1.8 pap-line-rule-auto pap-spacing-before-2pt pap-spacing-after-2pt\">Classic Terminal</p>\n<p class=\"paragraph text-align-type-left pap-line-1.8 pap-line-rule-auto pap-spacing-before-2pt pap-spacing-after-2pt\">&nbsp;</p>\n<p class=\"paragraph text-align-type-left pap-line-1.8 pap-line-rule-auto pap-spacing-before-2pt pap-spacing-after-2pt\">还有一些较小的区域（2012年，有18个较小的区域），有时由技术俱乐部的工作人员为几百人驻守。整个音乐节位于一个名为\"Pydna\"的美国导弹基地，该基地现已退役，该基地拥有举办此类节日的所有必要基础设施和空间，总面积为10万平方米（不露营，占地1平方公里以上）。</p>\n<p class=\"paragraph text-align-type-left pap-line-1.8 pap-line-rule-auto pap-spacing-before-2pt pap-spacing-after-2pt\">&nbsp;</p>\n<p class=\"paragraph text-align-type-left pap-line-1.8 pap-line-rule-auto pap-spacing-before-2pt pap-spacing-after-2pt\">自2002年以来，自然一号得到了拥有毒品信息台的\"前夜\"明斯特电子报的支持。</p>\n</div>\n</div>",
 "contentEn": "<p><strong>Nature One</strong>&nbsp;is one of the largest European&nbsp;open air&nbsp;Electronic music&nbsp;festivals, featuring many renowned&nbsp;DJs&nbsp;from&nbsp;Germany&nbsp;and all over the world. In significance it is not as big as&nbsp;Mayday&nbsp;nor as old, having started 3 years later than the Mayday festival. However attendance has surpassed the Mayday, even when one takes into account that the Mayday only lasts one evening, while the Nature One has 2 main evenings with additional smaller events from Thursday till Sunday.</p>\n<p>&nbsp;</p>\n<h2><span id=\"Overview\" class=\"mw-headline\">Overview</span></h2>\n<p><em>Nature One</em>&nbsp;tickets cost approximately 70 euros (as of 2010). But unlike the&nbsp;Love Parade, the only real damage to nature occurs due to the trampling of the grass on the bunker hills and the fields used for camping (the crops have always been harvested by the time the festival starts).</p>\n<p>&nbsp;</p>\n<p>As a special attraction there is a&nbsp;fireworks&nbsp;display on Saturday evening.</p>\n<p>&nbsp;</p>\n<p>The festival lasts for one long weekend each year always on the first weekend of August.</p>\n<p>&nbsp;</p>\n<p>In 2004 the festival had an attendance of roughly 53,000, with over 40,000 using the nearby fields for camping over the weekend (officially allowed and organized by the Nature One staff).</p>\n<p>&nbsp;</p>\n<p>The camping ground has always been the second festival, with many hobby DJs and some commercially organized trucks, loaded with generators and fuel, the equipment rivaling small clubs in&nbsp;turntables,&nbsp;loudspeakers&nbsp;and sometimes even&nbsp;lighting. Some people who are either unwilling or unable to pay for admission to the festival area use this fact to have a cheaper alternative festival weekend.</p>\n<p>&nbsp;</p>\n<p>The festival itself is structured into four \"main floors\" each for a few thousand:</p>\n<ul>\n<li>Open Air Floor (mostly Trance)</li>\n<li>Century Circus (Techno)</li>\n<li>House of House (House, Minimal)</li>\n<li>Classic Terminal</li>\n</ul>\n<p>&nbsp;</p>\n<p>There are also a few smaller areas (in 2012, there are 18 smaller areas), sometimes manned by techno club crews for a few hundred. The whole thing is located at a US missile base called \"Pydna\", now decommissioned, which has all necessary infrastructure and space for this kind of festival, a total of 100&nbsp;000&nbsp;m&sup2; (without camping, which takes up more than 1&nbsp;km&sup2;).</p>\n<p>&nbsp;</p>\n<p>Since 2002 Nature One is supported by&nbsp;eve&amp;rave M&uuml;nster e.V.&nbsp;with drug-information-desks.</p>\n<p>&nbsp;</p>\n<h2><span id=\"References\" class=\"mw-headline\">References</span></h2>\n<div class=\"reflist\">\n<div class=\"mw-references-wrap\">\n<ol class=\"references\">\n<li id=\"cite_note-1\"><span class=\"mw-cite-backlink\"><strong>^</strong></span>&nbsp;<span class=\"reference-text\">nature-one.de - Review&nbsp;Archived&nbsp;2012-07-22 at the&nbsp;Wayback Machine</span></li>\n</ol>\n</div>\n</div>",
 "remarks": "本词条汉字内容由 @多频百科团队 翻译+编辑\n原文译自 https://en.wikipedia.org/wiki/Nature_One",
 "remarksEn": "本词条内容来自 https://en.wikipedia.org/wiki/Nature_One",
 "status": 1,
 "clickNum": 33,
 "deleted": 0,
 "lang": 0,
 "chooseLang": true,
 "id": 112,
 "name": "Nature One",
 "descriptions": "Nature One是欧洲最大的露天电子音乐节之一，有来自德国和世界各地的许多著名DJ参加。相比于Mayday音乐节它的影响力没有那么大，也没有那么悠久，在Mayday音乐节举办三年之后才发展起来。但考虑到Mayday音乐节只持续一个晚上，而Nature One持续两个晚上，出席人数也超过了Mayday音乐节。另外，Nature One音乐节从星期四到星期日还有一些较小的活动。\n",
 "picture": "https://duopin-community.oss-cn-shenzhen.aliyuncs.com/kg7fmyz28ennp8yu5x0n.jpg",
 "originalName": "",
 "holdTimeText": "first weekend in August",
 "holdAddress": "missile base Pydna near Kastellaun, Germany",
 "searchAddress": "德国",
 "sponsor": "",
 "foundTimeText": "1995",
 "officialUrl": "www.nature-one.de",
 "referenceUrl": "https://en.wikipedia.org/wiki/Nature_One",
 "nonceStatusText": "运营中",
 "typeId": 16,
 "typeName": "电音节",
 "dataId": 112,
 "url": "http://dropinapp.hearinmusic.com/#/ency?typeId=16&dataId=112"
}