{
 "pageNum": 1,
 "pageSize": 10,
 "params": {},
 "content": "<p></p>\n\r<p></p>\n\r<p></p>\n\r<p></p>",
 "remarks": "本词条内容暂未完善仅供参考，多频百科小编正在火速赶来",
 "remarksEn": "本词条内容暂未完善仅供参考，多频百科小编正在火速赶来",
 "status": 0,
 "clickNum": 12,
 "deleted": 0,
 "lang": 0,
 "chooseLang": false,
 "id": 172,
 "name": "Nordik Impakt",
 "descriptions": "\n\r",
 "picture": "https://duopin-community.oss-cn-shenzhen.aliyuncs.com/593a5jpq4dp01b6c3nv4.jpg",
 "originalName": "",
 "holdTimeText": "10月/11月",
 "holdAddress": "法国",
 "searchAddress": "法国",
 "sponsor": "",
 "foundTimeText": "2004",
 "officialUrl": "https://nordik.org/le-festival/",
 "referenceUrl": "",
 "nonceStatusText": "暂停运营",
 "typeId": 16,
 "typeName": "电音节",
 "dataId": 172,
 "url": "http://dropinapp.hearinmusic.com/#/ency?typeId=16&dataId=172"
}