{
 "pageNum": 1,
 "pageSize": 10,
 "params": {},
 "content": "<p></p>\n\r<p></p>\n\r<p></p>\n\r<p></p>",
 "remarks": "本词条内容暂未完善仅供参考，多频百科小编正在火速赶来",
 "remarksEn": "本词条内容暂未完善仅供参考，多频百科小编正在火速赶来",
 "status": 0,
 "clickNum": 0,
 "deleted": 0,
 "lang": 0,
 "chooseLang": false,
 "id": 142,
 "name": "Nuits Sonores",
 "descriptions": "Nuits Sonores is an electronic music festival based at Lyon in France. It usually occurs for five days in May. It has been held since 2003.[1\n\rNuits Sonores是一个以法国里昂为基地的电子音乐节。通常在五月份发生五天。它从2003年开始举办",
 "picture": "https://duopin-community.oss-cn-shenzhen.aliyuncs.com/b0b8accv5z6yp1vplyxp.png",
 "originalName": "",
 "holdTimeText": "",
 "holdAddress": "",
 "searchAddress": "",
 "sponsor": "",
 "foundTimeText": "",
 "referenceUrl": "",
 "nonceStatusText": "",
 "typeId": 16,
 "typeName": "电音节",
 "dataId": 142,
 "url": "http://dropinapp.hearinmusic.com/#/ency?typeId=16&dataId=142"
}