{
 "pageNum": 1,
 "pageSize": 10,
 "params": {},
 "content": "<p>Outlook Festival是一个音乐活动，作为利兹市活动SubDub的子活动开始，举办各种低音音乐。&nbsp;然而，随着Outlook Origins 2020搬迁到克罗地亚的Tisno，音乐节的新时代已经来临。&nbsp;虽然在克罗地亚举行，但许多与会者来自英国，参与组织该节日的许多团队也是如此，然而该节日有大量的全球追随者。&nbsp;以前在Punta Christo堡垒和周围的海滩举行的音乐节在环境上是独一无二的，音响系统和舞台被架设在各种隧道里，甚至在废弃的遗迹的护城河里。&nbsp;在新的环境举办类似的活动，观众有望见证一场精彩的音乐节。</p>\n<p>&nbsp;</p>\n<p>Outlook&nbsp;Festival上将看到一个新的圆形剧场，圣迈克尔堡垒将成为开幕式的主办方，而 \"提斯诺花园 \"则坐落在海滨的私人海湾中。&nbsp;最后，深夜的活动将在巴巴雷拉斯迪斯科舞厅举行。</p>\n<p>&nbsp;</p>\n<p>艺术节还举办了一些船艇派对，这些派对以艺术节上的艺术家为主角，在亚得里亚海沿岸航行，比艺术节周围的其他舞台播放更多个人选择的音乐。</p>\n<p>&nbsp;</p>\n<p>2011年的音乐节，容量几乎增加了一倍，并引进了一些新的舞台。&nbsp;这导致上届音乐节的参与者褒贬不一，其中一些人更喜欢更亲密的环境，然而更大的观众群使音乐节组织者能够预订一些相对独特的艺术家，否则可能超出预算。</p>\n<p>&nbsp;</p>\n<p>过去的表演者包括Skream, Benga, Digital Mystikz, Johnny Clarke, Pharoahe Monch, Horace Andy, David Rodigan, Jamie xx, Shy FX, Friction, Dawn Penn, Iration Steppas, P Money, Plastician, Phi Life Cypher, Phaeleh, Channel One, Eksman, Gentleman's Dub Club, Congo Natty, Jehst, Foreign Beggars, D Double E, Loyle Carner和Boiler Room（音乐广播商）。</p>\n<p>&nbsp;</p>\n<p>2011年，英国节日奖授予Outlook \"最佳海外节日 \"称号。</p>",
 "contentEn": "<div class=\"document\">\n<p class=\"paragraph text-align-type-left pap-line-1.8 pap-line-rule-auto pap-spacing-before-2pt pap-spacing-after-2pt\">Outlook&nbsp;Festival&nbsp;is&nbsp;a&nbsp;musical&nbsp;event,&nbsp;started&nbsp;as&nbsp;a&nbsp;subsidiary&nbsp;of&nbsp;Leeds&nbsp;event&nbsp;SubDub,&nbsp;hosting&nbsp;all&nbsp;kinds&nbsp;of&nbsp;bass&nbsp;music.&nbsp;Previously,&nbsp;the&nbsp;festival&nbsp;was&nbsp;held&nbsp;just&nbsp;outside&nbsp;the&nbsp;city&nbsp;of&nbsp;Pula,&nbsp;Croatia.[1]&nbsp;However,&nbsp;the&nbsp;coming&nbsp;of&nbsp;a&nbsp;new&nbsp;era&nbsp;for&nbsp;the&nbsp;festival&nbsp;has&nbsp;approached&nbsp;with&nbsp;a&nbsp;relocation&nbsp;to&nbsp;Tisno,&nbsp;Croatia[2]&nbsp;for&nbsp;Outlook&nbsp;Origins&nbsp;2020.&nbsp;Although&nbsp;held&nbsp;in&nbsp;Croatia,&nbsp;many&nbsp;of&nbsp;the&nbsp;attendees&nbsp;come&nbsp;from&nbsp;the&nbsp;United&nbsp;Kingdom&nbsp;as&nbsp;do&nbsp;much&nbsp;of&nbsp;the&nbsp;team&nbsp;involved&nbsp;in&nbsp;organizing&nbsp;the&nbsp;festival,&nbsp;however&nbsp;there&nbsp;is&nbsp;a&nbsp;large&nbsp;global&nbsp;following&nbsp;for&nbsp;the&nbsp;festival.&nbsp;Previously&nbsp;held&nbsp;in&nbsp;Fort&nbsp;Punta&nbsp;Christo&nbsp;and&nbsp;the&nbsp;surrounding&nbsp;beaches&nbsp;the&nbsp;festival&nbsp;is&nbsp;unique&nbsp;in&nbsp;its&nbsp;setting,&nbsp;with&nbsp;sound&nbsp;systems&nbsp;and&nbsp;stages&nbsp;being&nbsp;erected&nbsp;in&nbsp;various&nbsp;tunnels&nbsp;and&nbsp;even&nbsp;the&nbsp;moat&nbsp;of&nbsp;the&nbsp;abandoned&nbsp;ruins.&nbsp;With&nbsp;the&nbsp;newly&nbsp;acquired&nbsp;surroundings&nbsp;hosting&nbsp;a&nbsp;similar&nbsp;setting,&nbsp;yet&nbsp;to&nbsp;be&nbsp;witnessed&nbsp;by&nbsp;outlook&nbsp;goers.</p>\n<p class=\"paragraph text-align-type-left pap-line-1.8 pap-line-rule-auto pap-spacing-before-2pt pap-spacing-after-2pt\">&nbsp;</p>\n<p class=\"paragraph text-align-type-left pap-line-1.8 pap-line-rule-auto pap-spacing-before-2pt pap-spacing-after-2pt\">Outlook&nbsp;origins&nbsp;will&nbsp;see&nbsp;a&nbsp;new&nbsp;amphitheatre,&nbsp;St.&nbsp;Michael's&nbsp;Fortress[3]&nbsp;play&nbsp;host&nbsp;to&nbsp;the&nbsp;opening&nbsp;ceremony,&nbsp;whilst&nbsp;'The&nbsp;Garden&nbsp;Tisno'&nbsp;sits&nbsp;within&nbsp;its&nbsp;own&nbsp;private&nbsp;bay&nbsp;across&nbsp;the&nbsp;beachfront.&nbsp;With&nbsp;finally&nbsp;late&nbsp;night&nbsp;action&nbsp;will&nbsp;take&nbsp;place&nbsp;at&nbsp;Barbarellas&nbsp;discotheque.</p>\n<p class=\"paragraph text-align-type-left pap-line-1.8 pap-line-rule-auto pap-spacing-before-2pt pap-spacing-after-2pt\">&nbsp;</p>\n<p class=\"paragraph text-align-type-left pap-line-1.8 pap-line-rule-auto pap-spacing-before-2pt pap-spacing-after-2pt\">The&nbsp;festival&nbsp;also&nbsp;plays&nbsp;host&nbsp;to&nbsp;a&nbsp;number&nbsp;of&nbsp;boat&nbsp;parties&nbsp;which&nbsp;feature&nbsp;artists&nbsp;from&nbsp;the&nbsp;festival&nbsp;and&nbsp;sail&nbsp;around&nbsp;the&nbsp;Adriatic&nbsp;coastline&nbsp;playing&nbsp;more&nbsp;individual&nbsp;selections&nbsp;of&nbsp;music&nbsp;than&nbsp;other&nbsp;stages&nbsp;around&nbsp;the&nbsp;festival.</p>\n<p class=\"paragraph text-align-type-left pap-line-1.8 pap-line-rule-auto pap-spacing-before-2pt pap-spacing-after-2pt\">&nbsp;</p>\n<p class=\"paragraph text-align-type-left pap-line-1.8 pap-line-rule-auto pap-spacing-before-2pt pap-spacing-after-2pt\">The&nbsp;2011&nbsp;edition&nbsp;of&nbsp;the&nbsp;festival&nbsp;saw&nbsp;an&nbsp;increase&nbsp;of&nbsp;almost&nbsp;double&nbsp;the&nbsp;capacity&nbsp;and&nbsp;the&nbsp;introduction&nbsp;of&nbsp;a&nbsp;number&nbsp;of&nbsp;new&nbsp;stages.&nbsp;This&nbsp;led&nbsp;to&nbsp;mixed&nbsp;reviews&nbsp;from&nbsp;attendees&nbsp;of&nbsp;the&nbsp;previous&nbsp;festival,&nbsp;some&nbsp;of&nbsp;whom&nbsp;preferred&nbsp;the&nbsp;more&nbsp;intimate&nbsp;setting,&nbsp;however&nbsp;the&nbsp;larger&nbsp;audience&nbsp;allowed&nbsp;festival&nbsp;organisers&nbsp;to&nbsp;book&nbsp;some&nbsp;relatively&nbsp;exclusive&nbsp;artists&nbsp;who&nbsp;perhaps&nbsp;may&nbsp;not&nbsp;have&nbsp;been&nbsp;within&nbsp;the&nbsp;budget&nbsp;otherwise.</p>\n<p class=\"paragraph text-align-type-left pap-line-1.8 pap-line-rule-auto pap-spacing-before-2pt pap-spacing-after-2pt\">&nbsp;</p>\n<p class=\"paragraph text-align-type-left pap-line-1.8 pap-line-rule-auto pap-spacing-before-2pt pap-spacing-after-2pt\">Past&nbsp;performers&nbsp;include&nbsp;Skream,&nbsp;Benga,&nbsp;Digital&nbsp;Mystikz,&nbsp;Johnny&nbsp;Clarke,&nbsp;Pharoahe&nbsp;Monch,&nbsp;Horace&nbsp;Andy,&nbsp;David&nbsp;Rodigan,&nbsp;Jamie&nbsp;xx,&nbsp;Shy&nbsp;FX,&nbsp;Friction,&nbsp;Dawn&nbsp;Penn,&nbsp;Iration&nbsp;Steppas,&nbsp;P&nbsp;Money,&nbsp;Plastician,&nbsp;Phi&nbsp;Life&nbsp;Cypher,&nbsp;Phaeleh,&nbsp;Channel&nbsp;One,&nbsp;Eksman,&nbsp;Gentleman's&nbsp;Dub&nbsp;Club,&nbsp;Congo&nbsp;Natty,&nbsp;Jehst,&nbsp;Foreign&nbsp;Beggars,&nbsp;D&nbsp;Double&nbsp;E,&nbsp;Loyle&nbsp;Carner&nbsp;and&nbsp;Boiler&nbsp;Room&nbsp;(music&nbsp;broadcaster).</p>\n<p class=\"paragraph text-align-type-left pap-line-1.8 pap-line-rule-auto pap-spacing-before-2pt pap-spacing-after-2pt\">&nbsp;</p>\n<p class=\"paragraph text-align-type-left pap-line-1.8 pap-line-rule-auto pap-spacing-before-2pt pap-spacing-after-2pt\">The&nbsp;UK&nbsp;Festival&nbsp;Awards&nbsp;gave&nbsp;Outlook&nbsp;the&nbsp;title&nbsp;of&nbsp;&lsquo;Best&nbsp;Overseas&nbsp;Festival&rsquo;&nbsp;in&nbsp;2011.[4]</p>\n<p class=\"paragraph text-align-type-left pap-line-1.8 pap-line-rule-auto pap-spacing-before-2pt pap-spacing-after-2pt\">&nbsp;</p>\n<div>\n<div class=\"document\">\n<h2><span id=\"References\" class=\"mw-headline\">References</span></h2>\n<div class=\"reflist\">\n<div class=\"mw-references-wrap\">\n<ol class=\"references\">\n<li id=\"cite_note-1\"><span class=\"mw-cite-backlink\"><strong>^</strong></span>&nbsp;<span class=\"reference-text\">The best European festivals 2011</span></li>\n<li id=\"cite_note-2\"><span class=\"mw-cite-backlink\"><strong>^</strong></span>&nbsp;<span class=\"reference-text\"><cite class=\"citation cs2\">\"Tisno\",&nbsp;<em>Wikipedia</em>, 2019-09-04<span class=\"reference-accessdate\">, retrieved&nbsp;<span class=\"nowrap\">2019-12-31</span></span></cite></span></li>\n<li id=\"cite_note-3\"><span class=\"mw-cite-backlink\"><strong>^</strong></span>&nbsp;<span class=\"reference-text\"><cite class=\"citation cs2\">\"St. Michael's Fortress, &Scaron;ibenik\",&nbsp;<em>Wikipedia</em>, 2019-10-08<span class=\"reference-accessdate\">, retrieved&nbsp;<span class=\"nowrap\">2019-12-31</span></span></cite></span></li>\n<li id=\"cite_note-4\"><span class=\"mw-cite-backlink\"><strong>^</strong></span>&nbsp;<span class=\"reference-text\">...and the winners are!&nbsp;Archived&nbsp;2011-01-31 at&nbsp;WebCite</span></li>\n</ol>\n</div>\n</div>\n</div>\n</div>\n</div>",
 "remarks": "本词条汉字内容由 @多频百科团队 翻译+编辑\n原文译自  https://en.wikipedia.org/wiki/Outlook_festival",
 "remarksEn": "本词条内容来自 https://en.wikipedia.org/wiki/Outlook_festival",
 "status": 1,
 "clickNum": 11,
 "deleted": 0,
 "lang": 0,
 "chooseLang": true,
 "id": 190,
 "name": "Outlook Festival",
 "descriptions": "Outlook Festival是一个音乐活动，作为利兹市活动SubDub的子活动开始，举办各种低音音乐。 然而，随着Outlook Origins 2020搬迁到克罗地亚的Tisno，音乐节的新时代已经来临。",
 "originalName": "",
 "holdTimeText": "July–September",
 "holdAddress": "Croatia (Petrčane, Novalja, Pula)",
 "searchAddress": "克罗地亚",
 "sponsor": "",
 "foundTimeText": "2008",
 "referenceUrl": "https://en.wikipedia.org/wiki/Outlook_festival",
 "nonceStatusText": "",
 "typeId": 16,
 "typeName": "电音节",
 "dataId": 190,
 "url": "http://dropinapp.hearinmusic.com/#/ency?typeId=16&dataId=190"
}