{
 "pageNum": 1,
 "pageSize": 10,
 "params": {},
 "content": "<p>First edition\r\nThe first edition was from Friday 8th until Sunday 10 October 2004, located in the Paradiso and De Balie in Amsterdam. The program consisted of performances by Scott Johnson, Christian Wolff, Peter Adriaansz and Christopher Fox and also new performances of the work of Theo Loevendie, Steve Reich, Per Nørgård, Giacinto Scelsi and Frank Martin.\r\n\r\nPlug 'n Play\r\nOne part of the festival is Plug 'n Play. On Sunday 10 October 60 guitarists played a piece by composer Gilius van Bergeijk directed by Otto Tausk.\r\n\r\nSecond edition\r\nThe second edition, with the subtitle soul of the tone, took place between the 28th and 30 September 2007. The locations are Bimhuis and Muziekgebouw aan 't IJ, both in Amsterdam.\r\n\r\nPerformances:\r\n\r\nThe Wave of Chiel Meijering\r\n150 amateur guitarists playing with Jan Akkerman\r\nAn improvisation performance by Fred Frith\r\nA lecture by Yuri Landman\r\nThe second edition has NPS Radio 4 as its co-producer. The Festival is partnered by the Gaudeamus Foundation.</p>\n\r<p>null</p>\n\r<p>null</p>\n\r<p></p>",
 "remarks": "本词条内容暂未完善仅供参考，多频百科小编正在火速赶来",
 "remarksEn": "本词条内容暂未完善仅供参考，多频百科小编正在火速赶来",
 "status": 0,
 "clickNum": 0,
 "deleted": 0,
 "lang": 0,
 "chooseLang": false,
 "id": 243,
 "name": "Output Festival",
 "descriptions": "",
 "originalName": "",
 "holdTimeText": "",
 "holdAddress": "Paradiso and De Balie in Amsterdam",
 "searchAddress": "",
 "sponsor": "",
 "foundTimeText": "2004",
 "referenceUrl": "",
 "nonceStatusText": "",
 "typeId": 16,
 "typeName": "电音节",
 "dataId": 243,
 "url": "http://dropinapp.hearinmusic.com/#/ency?typeId=16&dataId=243"
}