{
 "pageNum": 1,
 "pageSize": 10,
 "params": {},
 "content": "<p>The festival has been held on an estate in Ozora near the small village of Dádpuszta every year since 2004.[2] The first modern music festival held in Ozora was called Solipse and took place during the Solar eclipse of August 11, 1999. Solipse' had a sequel in Zambia 2001, https://www.goabase.net/festival/solipse-2001/4118 but in Ozora' did not get a sequel until the first Ozora Festival was held in 2004.\r\n\r\nThe Ozora is with Solar Festival one of the two sizeable transformational festival festivals in Hungary, one of the largest psychedelic trance festivals in Europe, Ozora is similar to the Boom Festival in Portugal, Burning Man in United States, Fusion Festival in Germany one of the Most Famous Festivals in the World, who also reach more than 40,000 visitors every year.[3]\r\n\r\nDue to its success, several one-day spin-offs from the Ozora Festival have been held in several other countries such as Tokyo, Japan,[4] Paris, France[5] and São Paulo, Brazil.[6]\r\n\r\nReception\r\nOzora is considered one of the \"leading festivals\" around the world,[7] \"one of the largest gatherings of trance and psychedelic music in the world\",[8] and according to Trax Magazine \"the principal hub of psytrance culture in Europe\".[5] La Dernière Heure likened Ozora to an \"ecological Tomorrowland with the Peace & Love atmosphere of a 21st-century Woodstock\".[9]</p>\n\r<p>null</p>\n\r<p>null</p>\n\r<p></p>",
 "remarks": "本词条内容暂未完善仅供参考，多频百科小编正在火速赶来",
 "remarksEn": "本词条内容暂未完善仅供参考，多频百科小编正在火速赶来",
 "status": 0,
 "clickNum": 0,
 "deleted": 0,
 "lang": 0,
 "chooseLang": false,
 "id": 251,
 "name": "OZORA One Day in Tokyo",
 "descriptions": "",
 "originalName": "",
 "holdTimeText": "",
 "holdAddress": "Ozora, Hungary",
 "searchAddress": "",
 "sponsor": "",
 "foundTimeText": "2004",
 "referenceUrl": "",
 "nonceStatusText": "",
 "typeId": 16,
 "typeName": "电音节",
 "dataId": 251,
 "url": "http://dropinapp.hearinmusic.com/#/ency?typeId=16&dataId=251"
}