{
 "pageNum": 1,
 "pageSize": 10,
 "params": {},
 "content": "",
 "remarks": "本词条内容暂未完善仅供参考，多频百科小编正在火速赶来",
 "remarksEn": "本词条内容暂未完善仅供参考，多频百科小编正在火速赶来",
 "status": 0,
 "clickNum": 12,
 "deleted": 0,
 "lang": 0,
 "chooseLang": false,
 "id": 182,
 "name": "OZORA",
 "descriptions": "",
 "originalName": "",
 "holdTimeText": "7月20日 – 7 月 25 日",
 "holdAddress": "匈牙利奥佐拉（Ozora）",
 "searchAddress": "",
 "sponsor": "",
 "foundTimeText": "",
 "referenceUrl": "",
 "nonceStatusText": "运营中",
 "typeId": 16,
 "typeName": "电音节",
 "dataId": 182,
 "url": "http://dropinapp.hearinmusic.com/#/ency?typeId=16&dataId=182"
}