{
 "pageNum": 1,
 "pageSize": 10,
 "params": {},
 "relationChannel": "[{\"id\":1063,\"parentId\":10,\"name\":\"Parookaville\"}]",
 "content": "<div>\n<div class=\"document\">\n<p class=\"paragraph text-align-type-left pap-line-1.8 pap-line-rule-auto pap-spacing-before-2pt pap-spacing-after-2pt\">Parookaville（简称：PV）是为期三天的electronic dance音乐节，自2015年起每年在Weeze am Airport举行。Parookaville 以其精心设计的表演概念而闻名，其中包括该活动的舞台被设计成一个独立的城市。</p>\n</div>\n</div>",
 "contentEn": "<p><strong>Parookaville</strong>&nbsp;(short:&nbsp;<em>'PV'&nbsp;</em>) is a three-day&nbsp;music festival&nbsp;in the field of&nbsp;electronic dance music, which has been taking place annually since 2015 in&nbsp;Weeze&nbsp;am&nbsp;Airport. Parookaville is known for its elaborately designed show concept, in which the festival is staged as a separate city.</p>",
 "remarks": "本词条汉字内容由 @多频百科团队 翻译+编辑\n原文译自 https://en.wikipedia.org/wiki/Parookaville",
 "remarksEn": "本词条内容来自 https://en.wikipedia.org/wiki/Parookaville",
 "status": 1,
 "clickNum": 23,
 "deleted": 0,
 "lang": 0,
 "chooseLang": true,
 "id": 95,
 "name": "Parookaville",
 "descriptions": "Parookaville（简称：PV）是为期三天的electronic dance音乐节，自2015年起每年在Weeze am Airport举行。Parookaville 以其精心设计的表演概念而闻名，其中包括该活动的舞台被设计成一个独立的城市。",
 "picture": "https://duopin-community.oss-cn-shenzhen.aliyuncs.com/0qu5ai46yze725nk669t.jpg",
 "originalName": "帕鲁卡维尔音乐节;PV",
 "holdTimeText": "7.19-7.21",
 "holdAddress": "Weeze, Germany",
 "searchAddress": "德国",
 "sponsor": "Next Events GmbH",
 "foundTimeText": "2015",
 "officialUrl": "https://parookaville.com/",
 "referenceUrl": "https://en.wikipedia.org/wiki/Parookaville",
 "nonceStatusText": "运营中",
 "typeId": 16,
 "typeName": "电音节",
 "dataId": 95,
 "url": "http://dropinapp.hearinmusic.com/#/ency?typeId=16&dataId=95"
}