{
 "pageNum": 1,
 "pageSize": 10,
 "params": {},
 "content": "<p>The&nbsp;Phoenix&nbsp;Festival是由the&nbsp;Mean&nbsp;Fiddler&nbsp;Music&nbsp;Group的John&nbsp;Vincent&nbsp;Power在1993年建立的，作为Glastonbury&nbsp;和Reading&nbsp;Festivals的替代。&nbsp;它在埃文河畔斯特拉特福附近的长马斯顿机场举行，是英国最早的四天音乐节之一。</p>\n<p>&nbsp;</p>\n<p><strong>历史</strong></p>\n<p>该音乐节的第一年（1993年）由Sonic Youth、Hole、Faith No More和The Black Crowes进行headline演出，并包括其他著名的表演，如Manic Street Preachers、Julian Cope、The Young Gods和House of Pain。&nbsp;然而，这次活动受到了争议的影响。&nbsp;被拒绝免费入场的旅行者堵住了入口，这意味着许多人周五晚上在车里排起了长队。&nbsp;参加音乐节的人被要求在午夜时分熄灭营火并关闭音响系统。&nbsp;这些规定与格拉斯顿伯里音乐节的24小时文化形成了鲜明的对比，许多出席The&nbsp;Phoenix&nbsp;Festival的人都很熟悉这种文化。&nbsp;甚至还有人要求退款，音乐节的声誉从一开始就受到了损害。&nbsp;安保人员对这些规则的执行导致许多参加音乐节的人毫不含糊地表达了他们的不满。&nbsp;栅栏和灯架被推倒，发生火灾，音乐节观众和保安人员之间也发生了肢体冲突。</p>\n<p>&nbsp;</p>\n<p>该音乐节从未真正从其糟糕的接待中恢复过来，尽管它吸引了持续受欢迎的表演，但音乐节观众对场地（一个旧飞机跑道）不太满意，而且对现场的价格也有抱怨。&nbsp;由于安全方面的问题，当实验剧团 \"Dancin Dog \"管理的大顶棚超过容量的三倍时，没有工作人员来补救，导致表演者和观众之间发生争吵，艺术家们无法离开舞台，导致人群要求更多的表演，持续了几个小时，表演者因疲惫和对生命的恐惧而倒下了。</p>\n<p>&nbsp;</p>\n<p>该活动的问题在1996年达到了高潮，当时由于人们无法进入现场，许多音乐节的观众错过了星期四晚上的大卫-鲍伊。&nbsp;那一年，由于Glastonbury&nbsp;Festival照例放假一年（每五年循环一次），门票首次售罄，组织者努力应对人群和极端高温。&nbsp;现场的温度在所有的日子里都超过了30摄氏度。&nbsp;周末还出现了部分场地无法供水的问题。&nbsp;这次活动值得注意的是，&nbsp;Sex&nbsp;Pistols乐队在那个周末在英国的第一个大型节日上作为headline表演。</p>\n<p>&nbsp;</p>\n<p>该音乐节继续举办了一年，但始终无法与它的主要竞争对手Glastonbury&nbsp;Festival竞争。&nbsp;1998年的凤凰城活动由于门票销售不佳而被取消，但一些表演被转移到该年的Reading&nbsp;Festival。</p>\n<p>&nbsp;</p>\n<p>2011年7月，Vince Power在Hop&nbsp;Farm&nbsp;Festival的节目介绍中宣布他打算复活该音乐节。&nbsp;Power写道：\"对于那些记得Phoenix&nbsp;Festival的人来说，我打算明年复活这个节日，因为Glastonbury&nbsp;Festival正在休息\"。</p>",
 "contentEn": "<p><strong>The Phoenix Festival</strong>&nbsp;was set up by&nbsp;John Vincent Power<sup id=\"cite_ref-1\" class=\"reference\">[1]</sup>&nbsp;of the&nbsp;Mean Fiddler Music Group&nbsp;in 1993 as an alternative to the established&nbsp;Glastonbury&nbsp;and&nbsp;Reading Festivals. It was held at&nbsp;Long Marston Airfield&nbsp;near&nbsp;Stratford-upon-Avon&nbsp;and was one of the first four-day festivals in Britain.</p>\n<p>&nbsp;</p>\n<h2><span id=\"History\" class=\"mw-headline\">History</span></h2>\n<p>The first year of the festival (1993) featured headline performances by&nbsp;Sonic Youth,&nbsp;Hole,&nbsp;Faith No More&nbsp;and&nbsp;The Black Crowes, and included other notable acts such as&nbsp;Manic Street Preachers,&nbsp;Julian Cope,&nbsp;The Young Gods&nbsp;and&nbsp;House of Pain. However, the event was marred by controversy. Travellers, refused free entry, blocked the entrance meaning many spent their Friday night in their vehicles in long queues. Festival goers were made to put out camp fires and turn off&nbsp;sound systems&nbsp;at midnight. These rules were in contrast to the 24-hour culture of the Glastonbury Festival, with which many of those present at Phoenix were familiar. There were even demands for refunds, and the festival's reputation was marred from the outset. The enforcement of these rules by security staff led to many of the festival goers showing their displeasure in no uncertain terms. Fencing and light rigs were toppled, fires set and physical clashes between festival goers and security staff also occurred.</p>\n<p>&nbsp;</p>\n<p>The festival never really recovered from its poor reception, and although it attracted consistently popular acts, festival goers were less than happy with the site (an old airstrip) and there were also complaints about the prices on site. Such were the problems with security that when the Big Top managed by experimental theatre company 'Dancin Dog' was three times over capacity no staff were available to remedy the situation leading to fights between performers and audience and artists unable to leave the stage resulting in crowds demanding more for several hours and performers continuing until they collapsed from exhaustion and in fear for their lives.</p>\n<p>&nbsp;</p>\n<p>Problems with the event reached a climax in 1996 when many festival goers missed&nbsp;David Bowie&nbsp;on the Thursday night due to problems letting people on site. Having sold out that year for the first time, due to the Glastonbury Festival taking its usual year off (once in every five years in a cycle), the organisers struggled to cope with the crowds and extreme heat. Temperatures on site exceeded thirty degrees Celsius on all days. The weekend was further marred with problems with water being unavailable in parts of the site. The event was notable for the fact that the&nbsp;Sex Pistols&nbsp;headlined their first major UK festival on that weekend.</p>\n<p>&nbsp;</p>\n<p>The festival continued for one more year but could never compete with its main rival, the&nbsp;Glastonbury Festival. The 1998 Phoenix event was cancelled due to poor ticket sales,<sup id=\"cite_ref-2\" class=\"reference\">[2]</sup>&nbsp;but some acts were moved to that year's&nbsp;Reading Festival.</p>\n<p>&nbsp;</p>\n<p>In July 2011, Vince Power announced his intention to resurrect the festival in his introduction to the programme of the Hop Farm Festival. Power wrote: \"For those of you who remember the Phoenix Festival, it's my intention to resurrect this festival next year as Glastonbury is taking a break.\"</p>\n<p>&nbsp;</p>\n<h2><span id=\"References\" class=\"mw-headline\">References</span></h2>\n<div class=\"reflist\">\n<div class=\"mw-references-wrap\">\n<ol class=\"references\">\n<li id=\"cite_note-1\"><span class=\"mw-cite-backlink\"><strong>^</strong></span>&nbsp;<span class=\"reference-text\"><cite class=\"citation web cs1\">\"Mr John Vincent Power - Director at Croftedge Limited\".&nbsp;<em>Duedil.com</em>. 2014-04-08<span class=\"reference-accessdate\">. Retrieved&nbsp;<span class=\"nowrap\">2014-06-30</span></span>.</cite></span></li>\n<li id=\"cite_note-2\"><span class=\"mw-cite-backlink\"><strong>^</strong></span>&nbsp;<span class=\"reference-text\"><cite class=\"citation news cs1\">\"Entertainment | Phoenix called off due to poor ticket sales\".&nbsp;<em>BBC News</em>. 1998-06-10<span class=\"reference-accessdate\">. Retrieved&nbsp;<span class=\"nowrap\">2014-06-30</span></span>.</cite></span></li>\n<li id=\"cite_note-3\"><span class=\"mw-cite-backlink\"><strong>^</strong></span>&nbsp;<span class=\"reference-text\">[1]&nbsp;Archived&nbsp;December 5, 2012, at the&nbsp;Wayback Machine</span></li>\n<li id=\"cite_note-4\"><span class=\"mw-cite-backlink\"><strong>^</strong></span>&nbsp;<span class=\"reference-text\"><cite class=\"citation web cs1\">\"rage Magazine Archive Pages - Issue 5 - Phoenix festival review\".&nbsp;<em>Ragemagazine.co.uk</em><span class=\"reference-accessdate\">. Retrieved&nbsp;<span class=\"nowrap\">2014-06-30</span></span>.</cite></span></li>\n<li id=\"cite_note-5\"><span class=\"mw-cite-backlink\"><strong>^</strong></span>&nbsp;<span class=\"reference-text\"><cite id=\"CITEREFHodgson2012\" class=\"citation web cs1\">Hodgson, Chris (2012-09-07).&nbsp;\"World In A Bottle: Blast from the past&nbsp;: Phoenix Festival 1996\".&nbsp;<em>Corben-dallas.blogspot.co.uk</em><span class=\"reference-accessdate\">. Retrieved&nbsp;<span class=\"nowrap\">2014-06-30</span></span>.</cite></span></li>\n<li id=\"cite_note-6\"><span class=\"mw-cite-backlink\"><strong>^</strong></span>&nbsp;<span class=\"reference-text\"><cite class=\"citation web cs1\">\"Music festivals; Your definitive guide to summer 1997\".&nbsp;<em>Independent.co.uk</em><span class=\"reference-accessdate\">. Retrieved&nbsp;<span class=\"nowrap\">15 August</span>&nbsp;2018</span>.</cite></span></li>\n<li id=\"cite_note-7\"><span class=\"mw-cite-backlink\"><strong>^</strong></span>&nbsp;<span class=\"reference-text\"><cite class=\"citation magazine cs1\">\"Festivals of '97\".&nbsp;<em>Q&nbsp;#137</em>. February 1998. p.&nbsp;98.</cite></span></li>\n</ol>\n</div>\n</div>",
 "remarks": "本词条汉字内容由 @多频百科团队 翻译+编辑\n原文译自 https://en.wikipedia.org/wiki/Phoenix_Festival",
 "remarksEn": "本词条内容来自 https://en.wikipedia.org/wiki/Phoenix_Festival",
 "status": 1,
 "clickNum": 12,
 "deleted": 0,
 "lang": 0,
 "chooseLang": true,
 "id": 192,
 "name": "Phoenix - The Hardest Outdoor Festival",
 "descriptions": "The Phoenix Festival是由the Mean Fiddler Music Group的John Vincent Power在1993年建立的，作为Glastonbury 和Reading Festivals的替代。 它在埃文河畔斯特拉特福附近的长马斯顿机场举行，是英国最早的四天音乐节之一。",
 "originalName": "",
 "holdTimeText": "",
 "holdAddress": " Long Marston Airfield near Stratford-upon-Avon ",
 "searchAddress": "英国",
 "sponsor": "",
 "foundTimeText": "1993",
 "referenceUrl": "https://en.wikipedia.org/wiki/Phoenix_Festival",
 "nonceStatusText": "停止",
 "typeId": 16,
 "typeName": "电音节",
 "dataId": 192,
 "url": "http://dropinapp.hearinmusic.com/#/ency?typeId=16&dataId=192"
}