{
 "pageNum": 1,
 "pageSize": 10,
 "params": {},
 "content": "",
 "remarks": "本词条内容暂未完善仅供参考，多频百科小编正在火速赶来",
 "remarksEn": "本词条内容暂未完善仅供参考，多频百科小编正在火速赶来",
 "status": 0,
 "clickNum": 0,
 "deleted": 0,
 "lang": 0,
 "chooseLang": false,
 "id": 228,
 "name": "Quest Festival",
 "descriptions": "",
 "originalName": "",
 "holdTimeText": "",
 "holdAddress": "Hanoi, Vietnam",
 "searchAddress": "",
 "sponsor": "",
 "foundTimeText": "",
 "referenceUrl": "https://www.everfest.com/e/quest-festival-vietnam-hanoi-vietnam",
 "nonceStatusText": "",
 "typeId": 16,
 "typeName": "电音节",
 "dataId": 228,
 "url": "http://dropinapp.hearinmusic.com/#/ency?typeId=16&dataId=228"
}