{
 "pageNum": 1,
 "pageSize": 10,
 "params": {},
 "content": "<div class=\"document\">\n<p class=\"paragraph text-align-type-left pap-line-1.8 pap-line-rule-auto pap-spacing-before-2pt pap-spacing-after-2pt\">The Sea You Festival （原名Sea of Love）是一个电子音乐节，自2002年以来一直在弗赖堡市的Tunisee举行。</p>\n<p class=\"paragraph text-align-type-left pap-line-1.8 pap-line-rule-auto pap-spacing-before-2pt pap-spacing-after-2pt\">&nbsp;</p>\n<div>\n<div class=\"document\">\n<p class=\"paragraph text-align-type-left pap-line-1.8 pap-line-rule-auto pap-spacing-before-2pt pap-spacing-after-2pt\"><strong>历史</strong></p>\n<p class=\"paragraph text-align-type-left pap-line-1.8 pap-line-rule-auto pap-spacing-before-2pt pap-spacing-after-2pt\"><span style=\"text-decoration: underline;\">Sea of Love</span></p>\n<p class=\"paragraph text-align-type-left pap-line-1.8 pap-line-rule-auto pap-spacing-before-2pt pap-spacing-after-2pt\">2002年，最初由Endless Event公司组织的Sea of Love Festival获得了超过2500名观众。Sven V&auml;th是headline。2005年，艺术家Monika Kruse和DJ Rush担任headlined。后者在音乐节只举办一天的时候也担任过headlined（还有Felix da Housecat、Tiefschwarz和Turntablerocker）。</p>\n<p class=\"paragraph text-align-type-left pap-line-1.8 pap-line-rule-auto pap-spacing-before-2pt pap-spacing-after-2pt\">&nbsp;</p>\n<p class=\"paragraph text-align-type-left pap-line-1.8 pap-line-rule-auto pap-spacing-before-2pt pap-spacing-after-2pt\">2007年，有一个舞台耸立在湖面上，另一个舞台搭建在帐篷里。那一年的headlined是The Disco Boys、Moguai和Moonbootica。此外，在2008年，当headlined Felix da Housecat和Lexy（Lexy &amp; K-Paul）因病取消时，Monika Kruse和Tiefschwarz再次被邀请担任headlined。 2009年，之前的几位headlined为超过6000名观众演出。 2010年，音乐节首次举办了两天。周六2raumwohnung、Paul Kalkbrenner、Chris Liebing和Die Fantastischen Vier演出，周日2Many DJs、Tiga、Karotte、Lexy &amp; K-Paul、Marco Petralia等人演出。2010年，参加音乐节的人数上升到15,000人。</p>\n<p class=\"paragraph text-align-type-left pap-line-1.8 pap-line-rule-auto pap-spacing-before-2pt pap-spacing-after-2pt\">&nbsp;</p>\n<p class=\"paragraph text-align-type-left pap-line-1.8 pap-line-rule-auto pap-spacing-before-2pt pap-spacing-after-2pt\">在2010年底，著名的艺术家，如Moby, Ti&euml;sto, Paul Kalkbrenner, Robyn und DJ Rush被任命为2011年庆祝该节日十年的headliners。该音乐节首次横跨三天，因此成为巴登-符腾堡州第二大音乐节（仅次于南区音乐节）。 \"Rock am See \"音乐节的观众人数从23000人下降到13000人，但在随后的几年里又稳定在25000人。</p>\n<p class=\"paragraph text-align-type-left pap-line-1.8 pap-line-rule-auto pap-spacing-before-2pt pap-spacing-after-2pt\">&nbsp;</p>\n<p class=\"paragraph text-align-type-left pap-line-1.8 pap-line-rule-auto pap-spacing-before-2pt pap-spacing-after-2pt\">然而，在2011年的音乐节期间，组织者面临着巨大的问题：周五晚上在弗莱堡展览中心的Rothaus竞技场举行的活动几乎满员，有6500名观众，结果还有2000名观众被拒绝入场。根据警方提供的数据，组织者没有遵守健康和安全规定，后来警方撤离了展览馆。露营场地也已经人满为患了。当时，各零售店前的停车位被封锁，教皇访问的场地 \"Baustelle f&uuml;r den Papstbesuch \"也被损坏。</p>\n<p class=\"paragraph text-align-type-left pap-line-1.8 pap-line-rule-auto pap-spacing-before-2pt pap-spacing-after-2pt\">&nbsp;</p>\n<p class=\"paragraph text-align-type-left pap-line-1.8 pap-line-rule-auto pap-spacing-before-2pt pap-spacing-after-2pt\">星期六晚上，参加节日的人对进入展览馆的规则感到困惑，因为需要额外的门票。虽然音乐节场地有25000名观众，但场馆只允许13000人进入。通往音乐节的班车穿过一条隧道，这让很多人想起了2010年Loveparade的事件。这导致很多人步行到Messe，其中大约40人穿过A5高速公路。市政府在音乐节后解释说，他们不会再与组织者有任何关系，因为他们认为他们无法控制住这个活动。</p>\n<p class=\"paragraph text-align-type-left pap-line-1.8 pap-line-rule-auto pap-spacing-before-2pt pap-spacing-after-2pt\">&nbsp;</p>\n<p class=\"paragraph text-align-type-left pap-line-1.8 pap-line-rule-auto pap-spacing-before-2pt pap-spacing-after-2pt\"><span style=\"text-decoration: underline;\">Sea of Love（新管理）</span></p>\n<p class=\"paragraph text-align-type-left pap-line-1.8 pap-line-rule-auto pap-spacing-before-2pt pap-spacing-after-2pt\">到2011年底，大家都知道以前的组织者已经把活动的权利卖给了音乐会集团KOKO &amp;DTK娱乐公司，甚至被威胁要罚款，后来被定为10万欧元。Koko宣布他们想在Tunisee专门举办这个节日。2012年，预计有20,000名游客参加7月14日至15日的音乐节，但实际上两天内有15,000人参加，观看Deichkind或Gorillaz Sound System等艺术家的演出。2012年12月，据透露，KOKO &amp; DTK Entertainment不会再组织同样规模的Sea of Love音乐节。</p>\n<div>\n<div class=\"document\">\n<p class=\"paragraph text-align-type-left pap-line-1.8 pap-line-rule-auto pap-spacing-before-2pt pap-spacing-after-2pt\">2012年底，由于2011年的情况，弗莱堡市议会决定如何组织未来的活动，还提出了在2013年头几个月建立活动管理办公室的想法，这在2013年4月16日的市议会会议上得到了公共秩序办公室的批准。</p>\n<p class=\"paragraph text-align-type-left pap-line-1.8 pap-line-rule-auto pap-spacing-before-2pt pap-spacing-after-2pt\">&nbsp;</p>\n<p class=\"paragraph text-align-type-left pap-line-1.8 pap-line-rule-auto pap-spacing-before-2pt pap-spacing-after-2pt\"><span style=\"text-decoration: underline;\">Sea You</span></p>\n<p class=\"paragraph text-align-type-left pap-line-1.8 pap-line-rule-auto pap-spacing-before-2pt pap-spacing-after-2pt\">2014年7月，Sea of Love festival以新的名字 \"Sea You \"举行了更小规模的活动，并限制了约10,000名游客。组织者是活动团体 \"Cosmopop\"。2015年7月18日和19日，该节日在新的名称和管理下第二次举行，吸引了超过15,000名观众。</p>\n</div>\n</div>\n</div>\n</div>\n</div>",
 "contentEn": "<p>The&nbsp;<strong>Sea You Festival</strong>&nbsp;(formerly&nbsp;<strong>Sea of Love</strong>) is a techno music festival that has taken place at Tunisee in&nbsp;Freiburg im Breisgau&nbsp;since 2002.</p>\n<p>&nbsp;</p>\n<h2><span id=\"History\" class=\"mw-headline\">History</span></h2>\n<h3 class=\"in-block\"><span id=\"Sea_of_Love\" class=\"mw-headline\">Sea of Love</span></h3>\n<p>In 2002 the Sea of Love Festival, which was initially organised by the company Endless Event, garnered an audience of over 2,500 people.&nbsp;Sven V&auml;th&nbsp;was the headline act. It ran as a one-day festival, however after 2004 one of the organisers, Bela Gurath, came up with the idea of making it a festival run across several days.<sup id=\"cite_ref-steiner_1-0\" class=\"reference\">[1]</sup>&nbsp;In 2005 the artists&nbsp;Monika Kruse&nbsp;and&nbsp;DJ Rush&nbsp;headlined.<sup id=\"cite_ref-2\" class=\"reference\">[2]</sup>&nbsp;The latter also headlined when the festival was still held over only one day (along with&nbsp;Felix da Housecat,&nbsp;Tiefschwarz&nbsp;and Turntablerocker).<sup id=\"cite_ref-3\" class=\"reference\">[3]</sup></p>\n<p>&nbsp;</p>\n<p>In 2007 there was a stage that towered over the lake and another one set up in a tent. The headliners that year were&nbsp;The Disco Boys,&nbsp;Moguai&nbsp;and&nbsp;Moonbootica. After that the festival was confined to a Sunday.<sup id=\"cite_ref-4\" class=\"reference\">[4]</sup>&nbsp;Furthermore, in 2008 when the headliners Felix da Housecat and Lexy (of Lexy &amp; K-Paul) had to cancel due to illness,<sup id=\"cite_ref-5\" class=\"reference\">[5]</sup>&nbsp;Monika Kruse and Tiefschwarz were then again called upon to headline.<sup id=\"cite_ref-6\" class=\"reference\">[6]</sup>&nbsp;In 2009 a few previous headliners played for a crowd of over 6,000 people.<sup id=\"cite_ref-technoguide_7-0\" class=\"reference\">[7]</sup>&nbsp;In 2010 the festival ran, for the first time, over two days. On Saturday&nbsp;2raumwohnung,&nbsp;Paul Kalkbrenner,&nbsp;Chris Liebing&nbsp;and&nbsp;Die Fantastischen Vier,<sup id=\"cite_ref-8\" class=\"reference\">[8]</sup>&nbsp;played and on the Sunday 2Many DJs,&nbsp;Tiga, Karotte, Lexy &amp; K-Paul, Marco Petralia and many more played. The number of festival goers rose to 15,000 in 2010.<sup id=\"cite_ref-fudder_9-0\" class=\"reference\">[9]</sup></p>\n<p>&nbsp;</p>\n<p>At the end of 2010 well known artists such as&nbsp;Moby,&nbsp;Ti&euml;sto,&nbsp;Paul Kalkbrenner,&nbsp;Robyn&nbsp;und&nbsp;DJ Rush&nbsp;were named as headliners to celebrate the festival's ten-year run in 2011. For the first time the festival was spread across three days&nbsp;<sup id=\"cite_ref-10\" class=\"reference\">[10]</sup>&nbsp;and was therefore the second biggest music festival in Baden Wuerttemberg (after the&nbsp;Southside Festival).<sup id=\"cite_ref-steiner_1-1\" class=\"reference\">[1]</sup>&nbsp;The audience numbers for the festival \"Rock am See\" fell from 23,000 to 13,000&nbsp;<sup id=\"cite_ref-11\" class=\"reference\">[11]</sup>&nbsp;but stabilised again in the years following to 25,000.<sup id=\"cite_ref-12\" class=\"reference\">[12]</sup></p>\n<p>&nbsp;</p>\n<p>However, during the festival in 2011 the organisers were faced with huge problems: the event held on Friday evening in the Rothaus Arena of the&nbsp;Messe Freiburg&nbsp;was almost full with 6,500 spectators and as a result further 2,000 spectators were refused entry. According to data from the police, who later evacuated the Messe, the organisers hadn't complied with health and safety regulations. The camping grounds were also already overcrowded. At the time, parking places in front of various retail stores were blocked and the site for the papal visit \"Baustelle f&uuml;r den Papstbesuch\" was also damaged.<sup id=\"cite_ref-13\" class=\"reference\">[13]</sup></p>\n<p>&nbsp;</p>\n<p>On Saturday evening there was confusion among festival goers over the rules of entry into the Messe, as an additional ticket was necessary. While the festival grounds had 25,000 spectators, the arena only permitted 13,000. The shuttlebus to the festival travelled through a tunnel, which reminded a lot of people of the incident at the Loveparade in 2010. This resulted in a lot of people travelling on foot to the Messe and roughly 40 of those people crossed the A5 motorway.<sup id=\"cite_ref-seaoflove11_14-0\" class=\"reference\">[14]</sup>&nbsp;The city council explained after the festival that they would have nothing more to do with the organiser as they couldn't, in their opinion, keep the event under control.<sup id=\"cite_ref-15\" class=\"reference\">[15]</sup></p>\n<p>&nbsp;</p>\n<h3 class=\"in-block\"><span id=\"Sea_of_Love_.28New_Management.29\"></span><span id=\"Sea_of_Love_(New_Management)\" class=\"mw-headline\">Sea of Love (New Management)</span></h3>\n<p>By the end of 2011 it was common knowledge that the previous organisers had sold the rights to the event to the concert group KOKO &amp;DTK Entertainment and had even been threatened with a fine which was later set at 100,000 euros.<sup id=\"cite_ref-16\" class=\"reference\">[16]</sup>&nbsp;Koko announced that they wanted to stage the festival exclusively at Tunisee.<sup id=\"cite_ref-17\" class=\"reference\">[17]</sup>&nbsp;In 2012 20,000 visitors were expected at the festival&nbsp;<sup id=\"cite_ref-18\" class=\"reference\">[18]</sup>&nbsp;which ran between 14 and 15 July, in reality 15,00 people attended over the two days to see artists such as&nbsp;Deichkind&nbsp;or&nbsp;Gorillaz&nbsp;Sound System.<sup id=\"cite_ref-weik_19-0\" class=\"reference\">[19]</sup>&nbsp;In December 2012 it was revealed that KOKO &amp; DTK Entertainment wouldn't be organizing any more Sea of Love festivals on the same scale.<sup id=\"cite_ref-20\" class=\"reference\">[20]</sup></p>\n<p>&nbsp;</p>\n<p>At the end of 2012, as a result of the circumstances in 2011, the Freiburg city council decided on how to organise future events and also came up with the idea of establishing an event management office in the first few months of 2013.<sup id=\"cite_ref-21\" class=\"reference\">[21]</sup>&nbsp;This was approved at the municipal council meeting of 16 April 2013 for the Public Order Office.<sup id=\"cite_ref-22\" class=\"reference\">[22]</sup></p>\n<p>&nbsp;</p>\n<h3 class=\"in-block\"><span id=\"Sea_You\" class=\"mw-headline\">Sea You</span></h3>\n<p>In July 2014 the Sea of Love festival was held on a smaller scale under the new name 'Sea You' and was restricted to around 10,000 visitors. The organisers were the events group &rdquo;Cosmopop&rdquo;. On 18 and 19 July 2015 the festival was held for the second time under the new name and management, attracting over 15,000 spectators.<sup id=\"cite_ref-23\" class=\"reference\">[23]</sup></p>\n<p>&nbsp;</p>\n<h2><span id=\"References\" class=\"mw-headline\">References</span></h2>\n<div class=\"reflist\">\n<div class=\"mw-references-wrap mw-references-columns\">\n<ol class=\"references\">\n<li id=\"cite_note-steiner-1\"><span class=\"mw-cite-backlink\">^&nbsp;<span class=\"cite-accessibility-label\">Jump up to:</span><sup><em><strong>a</strong></em></sup>&nbsp;<sup><em><strong>b</strong></em></sup>&nbsp;<sup><em><strong>c</strong></em></sup></span>&nbsp;<span class=\"reference-text\">Thomas Steiner:&nbsp;<em>Party: Elektro-Event: \"Unser Publikum ist international\".</em>&nbsp;In:&nbsp;<em>Badische Zeitung.</em>&nbsp;18. Juni 2011, abgerufen am 1. Juli 2012.</span></li>\n<li id=\"cite_note-2\"><span class=\"mw-cite-backlink\"><strong>^</strong></span>&nbsp;<span class=\"reference-text\">stadtleben.de:&nbsp;<em>19. Juni 2005 &ndash; SEA of LOVE Open-Air-Festival am SEE, Tunisee, Freiburg im Breisgau</em>abgerufen am 1. Juli 2012.</span></li>\n<li id=\"cite_note-3\"><span class=\"mw-cite-backlink\"><strong>^</strong></span>&nbsp;<span class=\"reference-text\">technobilder.de:&nbsp;<em>Lineup<sup class=\"noprint Inline-Template\">[<span title=\"&nbsp;Dead link since May 2018\">permanent dead link</span>]</sup></em>. abgerufen am 1. Juli 2012.</span></li>\n<li id=\"cite_note-4\"><span class=\"mw-cite-backlink\"><strong>^</strong></span>&nbsp;<span class=\"reference-text\">stylecharts.de:&nbsp;<em>24. Juni 2007, Sea of Love 2007 @ Tunisee (Freiburg-Hochdorf)</em>. abgerufen am 1. Juli 2012.</span></li>\n<li id=\"cite_note-5\"><span class=\"mw-cite-backlink\"><strong>^</strong></span>&nbsp;<span class=\"reference-text\">fudder.de:&nbsp;<em>Freiburg: Foto-Galerie: Sea of Love 2008&nbsp;Archived&nbsp;2011-12-20 at the&nbsp;Wayback Machine</em>. abgerufen am 1. Juli 2012.</span></li>\n<li id=\"cite_note-6\"><span class=\"mw-cite-backlink\"><strong>^</strong></span>&nbsp;<span class=\"reference-text\">housezeit.de:&nbsp;<em>13. Juli 2008 &ndash; Sea of Love (Freiburg)</em>. abgerufen am 1. Juli 2012.</span></li>\n<li id=\"cite_note-technoguide-7\"><span class=\"mw-cite-backlink\">^&nbsp;<span class=\"cite-accessibility-label\">Jump up to:</span><sup><em><strong>a</strong></em></sup>&nbsp;<sup><em><strong>b</strong></em></sup></span>&nbsp;<span class=\"reference-text\">technoguide.de:&nbsp;<em>Sea Of Love 2009 &ndash; 6.000 Besucher feiern friedlich</em>. abgerufen am 1. Juli 2012.</span></li>\n<li id=\"cite_note-8\"><span class=\"mw-cite-backlink\"><strong>^</strong></span>&nbsp;<span class=\"reference-text\">fudder.de:&nbsp;<em>Freiburg: Sea of Love 2010: So war der erste Tag&nbsp;Archived&nbsp;2013-09-07 at the&nbsp;Wayback Machine</em>. abgerufen am 1. Juli 2012.</span></li>\n<li id=\"cite_note-fudder-9\"><span class=\"mw-cite-backlink\">^&nbsp;<span class=\"cite-accessibility-label\">Jump up to:</span><sup><em><strong>a</strong></em></sup>&nbsp;<sup><em><strong>b</strong></em></sup></span>&nbsp;<span class=\"reference-text\">fudder.de:&nbsp;<em>Freiburg: Fotos: Sea of Love 2010 am Sonntag&nbsp;Archived&nbsp;2011-12-01 at the&nbsp;Wayback Machine</em>. abgerufen am 1. Juli 2012.</span></li>\n<li id=\"cite_note-10\"><span class=\"mw-cite-backlink\"><strong>^</strong></span>&nbsp;<span class=\"reference-text\">musikmarkt.de:&nbsp;<em>Moby als Headliner beim \"Sea Of Love\"</em>, 30. Dezember 2010, abgerufen am 1. Juli 2012.</span></li>\n<li id=\"cite_note-11\"><span class=\"mw-cite-backlink\"><strong>^</strong></span>&nbsp;<span class=\"reference-text\">Michael L&uuml;nstroth:&nbsp;<em>Konstanz: 13 000 Fans feiern friedliches Rock am See</em>,&nbsp;S&uuml;dkurier, 29. August 2011, abgerufen am 6. Juli 2012.</span></li>\n<li id=\"cite_note-12\"><span class=\"mw-cite-backlink\"><strong>^</strong></span>&nbsp;<span class=\"reference-text\">rock-am-see.de:&nbsp;<em>Rock am See: Klasse Bands und 25.000 Besucher rockten die Regenwolken weg&nbsp;Archived&nbsp;2012-11-03 at the&nbsp;Wayback Machine</em>, Pressemeldung, 1. September 2012, abgerufen am 19. Oktober 2012.</span></li>\n<li id=\"cite_note-13\"><span class=\"mw-cite-backlink\"><strong>^</strong></span>&nbsp;<span class=\"reference-text\">Joachim R&ouml;derer und andere:&nbsp;<em>Freiburg: Festival: Chaos bei der Sea of Love &ndash; Situation drohte zu eskalieren.</em>&nbsp;In:&nbsp;<em>Badische Zeitung.</em>&nbsp;16. Juli 2011, abgerufen am 1. Juli 2012.</span></li>\n<li id=\"cite_note-seaoflove11-14\"><span class=\"mw-cite-backlink\">^&nbsp;<span class=\"cite-accessibility-label\">Jump up to:</span><sup><em><strong>a</strong></em></sup>&nbsp;<sup><em><strong>b</strong></em></sup></span>&nbsp;<span class=\"reference-text\">Alexandra Sillgitt und Sebastian Wolfrum:&nbsp;<em>S&uuml;dwest: Nicht nur Liebe f&uuml;r die Sea of Love.</em>In:&nbsp;<em>Badische Zeitung.</em>&nbsp;18. Juli 2011, abgerufen am 1. Juli 2012.</span></li>\n<li id=\"cite_note-15\"><span class=\"mw-cite-backlink\"><strong>^</strong></span>&nbsp;<span class=\"reference-text\">Joachim R&ouml;derer und andere:&nbsp;<em>Freiburg: Techno-Festival: \"Sea of Love\" auf der Kippe &ndash; Stadt kritisiert Veranstalter.</em>&nbsp;In:&nbsp;<em>Badische Zeitung.</em>&nbsp;18. Juli 2011, abgerufen am 1. Juli 2012.</span></li>\n<li id=\"cite_note-16\"><span class=\"mw-cite-backlink\"><strong>^</strong></span>&nbsp;<span class=\"reference-text\">Joachim R&ouml;derer:&nbsp;<em>Freiburg: Finanzielle Folgen: Sea of Love: Veranstalter sollen 100.000 Euro zahlen.</em>&nbsp;In:&nbsp;<em>Badische Zeitung.</em>&nbsp;15. Februar 2012, abgerufen am 1. Juli 2012.</span></li>\n<li id=\"cite_note-17\"><span class=\"mw-cite-backlink\"><strong>^</strong></span>&nbsp;<span class=\"reference-text\">Joachim R&ouml;derer:&nbsp;<em>Freiburg: Veranstalterwechsel: Sea of Love: Koko &uuml;bernimmt Technofestival.</em>&nbsp;In:&nbsp;<em>Badische Zeitung.</em>&nbsp;21. Dezember 2011, abgerufen am 1. Juli 2012.</span></li>\n<li id=\"cite_note-18\"><span class=\"mw-cite-backlink\"><strong>^</strong></span>&nbsp;<span class=\"reference-text\">Pia Gr&auml;ttinger:&nbsp;<em>Reute: Konzept: \"Sea of Love\": Koko sieht kein Problem.</em>&nbsp;In:&nbsp;<em>Badische Zeitung.</em>23. Juni 2012, abgerufen am 1. Juli 2012.</span></li>\n<li id=\"cite_note-weik-19\"><span class=\"mw-cite-backlink\">^&nbsp;<span class=\"cite-accessibility-label\">Jump up to:</span><sup><em><strong>a</strong></em></sup>&nbsp;<sup><em><strong>b</strong></em></sup></span>&nbsp;<span class=\"reference-text\">Yvonne Weik:&nbsp;<em>Freiburg: Das Konzept am See geht voll auf.</em>&nbsp;In:&nbsp;<em>Badische Zeitung.</em>&nbsp;16. Juli 2012, abgerufen am 28. Juli 2012.</span></li>\n<li id=\"cite_note-20\"><span class=\"mw-cite-backlink\"><strong>^</strong></span>&nbsp;<span class=\"reference-text\">Carolin Buchheim:&nbsp;<em>Interview mit Marc O&szlig;wald zur Sea of Love: \"Der Imageverlust war gro&szlig;\"Archived&nbsp;2013-06-29 at the&nbsp;Wayback Machine</em>, fudder.de, 14. Dezember 2012, abgerufen am 13. Juni 2013</span></li>\n<li id=\"cite_note-21\"><span class=\"mw-cite-backlink\"><strong>^</strong></span>&nbsp;<span class=\"reference-text\"><em>Gemeinderatsdrucksache G-13/037 zur 1. Sitzung des Gemeinderates</em>,&nbsp;Ratsinfosystem Freiburg, 29. Januar 2013, abgerufen am 3. M&auml;rz 2013</span></li>\n<li id=\"cite_note-22\"><span class=\"mw-cite-backlink\"><strong>^</strong></span>&nbsp;<span class=\"reference-text\"><em>Gemeinderatsdrucksache G-13/053 zur 4. Sitzung des Gemeinderates</em>,&nbsp;Ratsinfosystem Freiburg, 16. April 2013, abgerufen am 25. Mai 2013</span></li>\n<li id=\"cite_note-23\"><span class=\"mw-cite-backlink\"><strong>^</strong></span>&nbsp;<span class=\"reference-text\"><cite class=\"citation web cs1\">\"Freiburg: Polizei zieht Bilanz des Sea-You-Festivals\"&nbsp;(in German). Badische Zeitung. 2015-07-21<span class=\"reference-accessdate\">. Retrieved&nbsp;<span class=\"nowrap\">2015-12-13</span></span>.</cite></span></li>\n<li id=\"cite_note-24\"><span class=\"mw-cite-backlink\"><strong>^</strong></span>&nbsp;<span class=\"reference-text\">14.000 Liebhaber der elektronischen Musik aus insgesamt ...&nbsp;Archived&nbsp;2017-04-27 at the&nbsp;Wayback Machine&nbsp;auf seayou-festival.de, abgerufen am 26. April 2017.</span></li>\n<li id=\"cite_note-25\"><span class=\"mw-cite-backlink\"><strong>^</strong></span>&nbsp;<span class=\"reference-text\">Pressemitteilung Sea You Festival &bdquo;Beach Republic&ldquo; 2016&nbsp;Archived&nbsp;2017-04-27 at the&nbsp;Wayback Machine&nbsp;auf seayou-festival.de, abgerufen am 26. April 2017.</span></li>\n</ol>\n</div>\n</div>",
 "remarks": "本词条汉字内容由 @多频百科团队 翻译+编辑\n原文译自 https://en.m.wikipedia.org/wiki/Sea_You_Festival",
 "remarksEn": "本词条内容来自 https://en.m.wikipedia.org/wiki/Sea_You_Festival",
 "status": 1,
 "clickNum": 13,
 "deleted": 0,
 "lang": 0,
 "chooseLang": true,
 "id": 130,
 "name": "Sea You Festival",
 "descriptions": "The Sea You Festival （原名Sea of Love）是一个电子音乐节，自2002年以来一直在弗赖堡市的Tunisee举行。\n",
 "picture": "https://duopin-community.oss-cn-shenzhen.aliyuncs.com/hpvosodzk1ft69a00zaw.jpg",
 "originalName": "",
 "holdTimeText": "",
 "holdAddress": " Freiburg im Breisgau ",
 "searchAddress": "德国",
 "sponsor": "",
 "foundTimeText": "2002",
 "referenceUrl": "https://en.m.wikipedia.org/wiki/Sea_You_Festival",
 "nonceStatusText": "",
 "typeId": 16,
 "typeName": "电音节",
 "dataId": 130,
 "url": "http://dropinapp.hearinmusic.com/#/ency?typeId=16&dataId=130"
}