{
 "pageNum": 1,
 "pageSize": 10,
 "params": {},
 "content": "<div>\n<div class=\"document\">\n<p class=\"paragraph text-align-type-left pap-line-1.8 pap-line-rule-auto pap-spacing-before-2pt pap-spacing-after-2pt\">香巴拉音乐节（Shambhala Music Festival）是一年一度的电子音乐节，于 7 月的最后一周在加拿大不列颠哥伦比亚省纳尔逊附近的西库特尼山的 500 英亩（两平方公里）农场萨尔莫河牧场举行。该音乐节持续 4 天 3 夜，在大自然中欣赏音乐和艺术。</p>\n<p class=\"paragraph text-align-type-left pap-line-1.8 pap-line-rule-auto pap-spacing-before-2pt pap-spacing-after-2pt\">&nbsp;</p>\n<div>\n<div class=\"document\">\n<p class=\"paragraph text-align-type-left pap-line-1.8 pap-line-rule-auto pap-spacing-before-2pt pap-spacing-after-2pt\">该音乐节始于 1998 年，现已发展成为加拿大规模最大、持续时间最长的电子音乐活动之一。参加节日活动的人通常会先在 BC 省 Kamloops 当地的&ldquo;Boston Pizza&rdquo;店见面问候，因为它就在从海岸出发的路上，是一个很好的搭便车远足点。该音乐节是一个家庭经营的活动，并没有企业赞助。在夏季的几个月里，牧场就是准备和运营活动的志愿者和活动工作人员的家。</p>\n<p class=\"paragraph text-align-type-left pap-line-1.8 pap-line-rule-auto pap-spacing-before-2pt pap-spacing-after-2pt\">&nbsp;</p>\n<div>\n<div class=\"document\">\n<p class=\"paragraph text-align-type-left pap-line-1.8 pap-line-rule-auto pap-spacing-before-2pt pap-spacing-after-2pt\">该音乐节有七个表演舞台：The Living Room、AMP（AMPhitheater，以前是 Rock Pit 或是 The Jungle Pit）、The Fractal Forest、The Village、The Grove（以前是 The Labyrinth、The Portal、The Inner Sanctum）、The Grove：Cedar Lounge 和 The Pagoda（以前是 Main Stage）。</p>\n<p class=\"paragraph text-align-type-left pap-line-1.8 pap-line-rule-auto pap-spacing-before-2pt pap-spacing-after-2pt\">&nbsp;</p>\n<div>\n<div class=\"document\">\n<p class=\"paragraph text-align-type-left pap-line-1.8 pap-line-rule-auto pap-spacing-before-2pt pap-spacing-after-2pt\">2008 年夏天，一个记录该节日 10 年历史的 DVD 发行了。这部电影从 DJ、负责人、医疗志愿者和其他人的视角记录了他们在香巴拉一年的生活。</p>\n<p class=\"paragraph text-align-type-left pap-line-1.8 pap-line-rule-auto pap-spacing-before-2pt pap-spacing-after-2pt\">&nbsp;</p>\n<div>\n<div class=\"document\">\n<p class=\"paragraph text-align-type-left pap-line-1.8 pap-line-rule-auto pap-spacing-before-2pt pap-spacing-after-2pt\">2011 年和 2012 年，香巴拉音乐节在 International Breakspoll Awards 奖中获得了最佳大型活动奖（Best Large Event）。</p>\n<p class=\"paragraph text-align-type-left pap-line-1.8 pap-line-rule-auto pap-spacing-before-2pt pap-spacing-after-2pt\">&nbsp;</p>\n<div>\n<div class=\"document\">\n<p class=\"paragraph text-align-type-left pap-line-1.8 pap-line-rule-auto pap-spacing-before-2pt pap-spacing-after-2pt\">由于新冠疫情的影响，2020 年和 2021 年的音乐节被取消。</p>\n<p class=\"paragraph text-align-type-left pap-line-1.8 pap-line-rule-auto pap-spacing-before-2pt pap-spacing-after-2pt\">&nbsp;</p>\n<div>\n<div class=\"document\">\n<p class=\"paragraph text-align-type-left pap-line-1.8 pap-line-rule-auto pap-spacing-before-2pt pap-spacing-after-2pt\">由于持续的疫情的影响，原定于 2021 年 8 月举行的音乐节于 2021 年 3 月 29 日宣布取消，并推迟到 2022 年。</p>\n</div>\n</div>\n</div>\n</div>\n</div>\n</div>\n</div>\n</div>\n</div>\n</div>\n</div>\n</div>\n</div>\n</div>",
 "contentEn": "<p><strong>Shambhala Music Festival</strong>&nbsp;is an annual&nbsp;electronic music&nbsp;festival held during the last week of July at the&nbsp;Salmo&nbsp;River Ranch, a 500-acre (2.0&nbsp;km<sup>2</sup>) farm, in the West&nbsp;Kootenay&nbsp;mountains near&nbsp;Nelson,&nbsp;British Columbia, Canada.<sup id=\"cite_ref-1\" class=\"reference\">[1]</sup>&nbsp;The festival lasts 4 days and 3 nights and offers a mix of music and art in nature.<sup id=\"cite_ref-2\" class=\"reference\">[2]</sup></p>\n<p>&nbsp;</p>\n<p>The festival began in 1998 and has grown to become the largest and one of the longest running electronic music events in Canada. Festival goers often stop for a meet and greet at the local Boston Pizza in Kamloops BC beforehand as it is on the way from the coast, and provides an excellent hitch hiking waypoint.<sup id=\"cite_ref-3\" class=\"reference\">[3]</sup>&nbsp;It is a family-run event, and operates without corporate sponsorship. In the summer months, the ranch becomes home to volunteers &amp; event staff who prepare for and operate the event.<sup id=\"cite_ref-4\" class=\"reference\">[4]</sup></p>\n<p>&nbsp;</p>\n<p>There are seven performance stages: The Living Room, AMP (AMPhitheater - previously the Rock Pit/ The Jungle Pit), The Fractal Forest, The Village, The Grove (previously The Labyrinth, The Portal, The Inner Sanctum), The Grove: Cedar Lounge, and The Pagoda (previously Main Stage).<sup id=\"cite_ref-5\" class=\"reference\">[5]</sup></p>\n<p>&nbsp;</p>\n<p>In the Summer of 2008, a DVD documenting the festival's 10-year history was released. The film \"follows different characters through a year in the life of Shambhala from the perspective of DJs, people in charge, medical volunteers and others.\"<sup id=\"cite_ref-6\" class=\"reference\">[6]</sup></p>\n<p>&nbsp;</p>\n<p>In 2011 and 2012, Shambhala received an awards for Best Large Event at The International Breakspoll Awards.<sup id=\"cite_ref-7\" class=\"reference\">[7]</sup><sup id=\"cite_ref-8\" class=\"reference\">[8]</sup></p>\n<p>&nbsp;</p>\n<p>The 2020 and 2021 edition of the festival is cancelled due to the&nbsp;COVID-19 pandemic.</p>\n<p>&nbsp;</p>\n<p>It was announced on March 29th 2021 the festival scheduled for August 2021 was cancelled due to the ongoing pandemic and has since been postponed to 2022.</p>\n<p>&nbsp;</p>\n<h2><span id=\"Notes\" class=\"mw-headline\">Notes</span></h2>\n<div class=\"reflist\">\n<div class=\"mw-references-wrap\">\n<ol class=\"references\">\n<li id=\"cite_note-1\"><span class=\"mw-cite-backlink\"><strong>^</strong></span>&nbsp;<span class=\"reference-text\"><cite id=\"CITEREFRanta2012\" class=\"citation web cs1\">Ranta, Alan (25 April 2012).&nbsp;\"Shambhala Music Festival keeps it all in the family\".&nbsp;CBC Music<span class=\"reference-accessdate\">. Retrieved&nbsp;<span class=\"nowrap\">19 June</span>&nbsp;2012</span>.</cite></span></li>\n<li id=\"cite_note-2\"><span class=\"mw-cite-backlink\"><strong>^</strong></span>&nbsp;<span class=\"reference-text\">The Nelson Daily</span></li>\n<li id=\"cite_note-3\"><span class=\"mw-cite-backlink\"><strong>^</strong></span>&nbsp;<span class=\"reference-text\">Cannabis Culture - Shambhala 2011: The Music Took Me Higher</span></li>\n<li id=\"cite_note-4\"><span class=\"mw-cite-backlink\"><strong>^</strong></span>&nbsp;<span class=\"reference-text\">About Shambhala&nbsp;Archived&nbsp;2012-03-08 at the&nbsp;Wayback Machine</span></li>\n<li id=\"cite_note-5\"><span class=\"mw-cite-backlink\"><strong>^</strong></span>&nbsp;<span class=\"reference-text\">Stage Director Profile: Hoola &amp; Sara (The Pride, Living Room Stage)</span></li>\n<li id=\"cite_note-6\"><span class=\"mw-cite-backlink\"><strong>^</strong></span>&nbsp;<span class=\"reference-text\">Shambhala: The Movie</span></li>\n<li id=\"cite_note-7\"><span class=\"mw-cite-backlink\"><strong>^</strong></span>&nbsp;<span class=\"reference-text\">\"BREAKSPOLL 2011 &ndash; THE RESULTS!\",&nbsp;<em>Breakspoll</em>, 5 March 2011, accessed 17 May 2011.</span></li>\n<li id=\"cite_note-8\"><span class=\"mw-cite-backlink\"><strong>^</strong></span>&nbsp;<span class=\"reference-text\">Party Machine: The Rise of Canadian Electronic Music,&nbsp;PopMatters, 3 May 2012, accessed 19 June 2012</span></li>\n</ol>\n</div>\n</div>",
 "remarks": "本词条汉字内容由 @多频百科团队 翻译+编辑\n原文译自 https://en.wikipedia.org/wiki/Shambhala_(music_festival)",
 "remarksEn": "本词条内容来自 https://en.wikipedia.org/wiki/Shambhala_(music_festival)",
 "status": 1,
 "clickNum": 7,
 "deleted": 0,
 "lang": 0,
 "chooseLang": true,
 "id": 256,
 "name": "Shambhala Music Festival",
 "descriptions": "香巴拉音乐节（Shambhala Music Festival）是一年一度的电子音乐节，于 7 月的最后一周在加拿大不列颠哥伦比亚省纳尔逊附近的西库特尼山的 500 英亩（两平方公里）农场萨尔莫河牧场举行。该音乐节持续 4 天 3 夜，在大自然中欣赏音乐和艺术。\n",
 "originalName": "",
 "holdTimeText": "",
 "holdAddress": "the West Kootenay mountains near Nelson, British Columbia, Canada",
 "searchAddress": "加拿大",
 "sponsor": "",
 "foundTimeText": "",
 "officialUrl": "https://shambhalamusicfestival.com/",
 "referenceUrl": "https://en.wikipedia.org/wiki/Shambhala_(music_festival)",
 "nonceStatusText": "",
 "typeId": 16,
 "typeName": "电音节",
 "dataId": 256,
 "url": "http://dropinapp.hearinmusic.com/#/ency?typeId=16&dataId=256"
}