{
 "pageNum": 1,
 "pageSize": 10,
 "params": {},
 "content": "<p>Snowbombing是一个滑雪胜地的节日，每年春季在奥地利的Mayrhofen滑雪胜地举行。</p>\n<p>&nbsp;</p>\n<p><strong>历史</strong><br />该活动自2000年开始举办，当时它首次在法国的里苏尔度假村举行，是由来自曼彻斯特的英国推广人Outgoing Ltd.发起的滑雪后夜店推广活动。然而，自2005年以来，奥地利的Mayrhofen度假村一直主办该节日，并发展成为欧洲最大的滑雪和音乐节。最初是以DJ和电子舞曲为主题的活动，2008年加入现场表演，反映了独立/摇滚音乐的重新崛起。&nbsp;该活动的形式旨在将冬季运动（主要是单板滑雪）与滑雪道上和滑雪后的音乐表演以及不寻常地点的主题派对相结合，包括冰屋村、森林空地、传统的偏远高山农庄和露天街头派对。</p>\n<p>&nbsp;</p>\n<p>在Snowbombing出现过的艺术家包括Fatboy Slim, Madness, Pendulum, Example, Magnetic Man, Sub Focus, Tinie Tempah, Chase &amp; Status, Skream &amp; Benga, Mark Ronson, Dizzee Rascal, Dirty Pretty Things,&nbsp;Grandmaster Flash, Foals, 2ManyDJs, The Enemy, Zane Lowe, Freestylers, Mylo, Dave Clarke, Gilles Peterson, Fabio, Grooverider, Tim Westwood, The Prodigy, The Vaccines, Skrillex, Pendulum, The Doves, The Cuban Brothers, Ton! c和James Zabiela。</p>\n<p>&nbsp;</p>\n<p>该活动还因给参加活动的人提供了一个替代飞行的机会而引人注目。&nbsp;雪崩公路之旅不是一场比赛，而是从英国到梅尔霍芬的一次悠闲的国际驾驶，包括在途中收集积分，在法兰克福过夜的 \"中转站\"，以及抵达梅尔霍芬的游行 - 宣布活动开始。</p>\n<p>&nbsp;</p>\n<p>大约有50个游泳池和桑拿浴室，身后是令人叹为观止的阿尔卑斯山风景，Snowbombing认为自己是一个节日，除了音乐之外，还提供豪华和舒适。 欧洲的电视频道和广播电台都报道过这个活动，包括BBC Radio 1、Channel 4、Eurosport、Canal+和MTV Europe。</p>",
 "contentEn": "<p><strong>Snowbombing</strong>&nbsp;is a ski resort festival, held annually in the spring at the&nbsp;Austrian&nbsp;ski resort&nbsp;of&nbsp;Mayrhofen.</p>\n<p>&nbsp;</p>\n<h2><span id=\"History\" class=\"mw-headline\">History</span></h2>\n<p>The event has been run since 2000 when it was first held at the French resort of&nbsp;Risoul&nbsp;as an&nbsp;apr&egrave;s-ski&nbsp;nightclub promotional exercise started by English promoters from Manchester called Outgoing Ltd.<sup id=\"cite_ref-bbc_1-0\" class=\"reference\">[1]</sup><sup id=\"cite_ref-one_2-0\" class=\"reference\">[2]</sup>&nbsp;However, since 2005, the Tyrolean resort of Mayrhofen in Austria has hosted the festival which has evolved into Europe's biggest snow and music festival.<sup id=\"cite_ref-bbc_1-1\" class=\"reference\">[1]</sup><sup id=\"cite_ref-3\" class=\"reference\">[3]</sup>&nbsp;Originally a&nbsp;DJ&nbsp;and&nbsp;electronic dance music-themed event, live acts were added to the bill in 2008, reflecting the resurgence of indie/rock music. The event's format is designed to combine winter sports (primarily&nbsp;snowboarding) with on-piste&nbsp;and apr&egrave;s-ski music performances and themed parties in unusual locations, including an igloo village (pictured), a forest clearing, a traditional remote alpine farmstead and an open-air street party.<sup id=\"cite_ref-4\" class=\"reference\">[4]</sup><sup id=\"cite_ref-5\" class=\"reference\">[5]</sup></p>\n<p>&nbsp;</p>\n<p>Artists who have appeared at Snowbombing include&nbsp;Fatboy Slim,&nbsp;Madness,&nbsp;Pendulum,&nbsp;Example,&nbsp;Magnetic Man,&nbsp;Sub Focus,&nbsp;Tinie Tempah,&nbsp;Chase &amp; Status,&nbsp;Skream&nbsp;&amp;&nbsp;Benga,&nbsp;Mark Ronson,&nbsp;Dizzee Rascal,&nbsp;Dirty Pretty Things,&nbsp;Grandmaster Flash,&nbsp;Foals,&nbsp;2ManyDJs,&nbsp;The Enemy,&nbsp;Zane Lowe,&nbsp;Freestylers,&nbsp;Mylo,&nbsp;Dave Clarke,&nbsp;Gilles Peterson,&nbsp;Fabio,&nbsp;Grooverider,&nbsp;Tim Westwood, The Prodigy, The Vaccines, Skrillex, Pendulum, The Doves, The Cuban Brothers, Ton!c and James Zabiela.<sup id=\"cite_ref-one_2-1\" class=\"reference\">[2]</sup><sup id=\"cite_ref-6\" class=\"reference\">[6]</sup></p>\n<p>&nbsp;</p>\n<p>The event is also notable for giving those who attend an alternative to flying. The Snowbombing Road Trip is not a race but a leisurely international drive from the UK to Mayrhofen, involving collecting points en route, an overnight 'pit stop' in Frankfurt, and an arrival procession in Mayrhofen &ndash; which declares the event open.<sup id=\"cite_ref-7\" class=\"reference\">[7]</sup></p>\n<p>&nbsp;</p>\n<p>With around fifty pools and saunas within easy reach, and a backdrop of breathtaking alpine scenery, Snowbombing regards itself as a festival which, in addition to music, additionally offers luxury and comfort.<sup class=\"noprint Inline-Template\">[<em><span title=\"The material near this tag possibly uses too-vague attribution or weasel words. (December 2010)\">who?</span></em>]</sup>&nbsp;European television channels and radio broadcasters have covered the event, including&nbsp;BBC Radio 1,&nbsp;Channel 4,&nbsp;Eurosport,&nbsp;Canal+&nbsp;and&nbsp;MTV Europe.<sup id=\"cite_ref-bbc_1-2\" class=\"reference\">[1]</sup></p>\n<p>&nbsp;</p>\n<h2><span id=\"References\" class=\"mw-headline\">References</span></h2>\n<div class=\"reflist\">\n<div class=\"mw-references-wrap\">\n<ol class=\"references\">\n<li id=\"cite_note-bbc-1\"><span class=\"mw-cite-backlink\">^&nbsp;<span class=\"cite-accessibility-label\">Jump up to:</span><sup><em><strong>a</strong></em></sup>&nbsp;<sup><em><strong>b</strong></em></sup>&nbsp;<sup><em><strong>c</strong></em></sup></span>&nbsp;<span class=\"reference-text\">Taking music to the mountain,&nbsp;BBC News, 28 November 2005</span></li>\n<li id=\"cite_note-one-2\"><span class=\"mw-cite-backlink\">^&nbsp;<span class=\"cite-accessibility-label\">Jump up to:</span><sup><em><strong>a</strong></em></sup>&nbsp;<sup><em><strong>b</strong></em></sup></span>&nbsp;<span class=\"reference-text\">\"Snowbombing\" by Gemma Freeman&nbsp;<em>Ski and Snowboard Magazine UK</em>, 1 March 2008</span></li>\n<li id=\"cite_note-3\"><span class=\"mw-cite-backlink\"><strong>^</strong></span>&nbsp;<span class=\"reference-text\">Snowbombing festival preview&nbsp;by Simone Baird,&nbsp;<em>Time Out London</em>, 20 March 2008</span></li>\n<li id=\"cite_note-4\"><span class=\"mw-cite-backlink\"><strong>^</strong></span>&nbsp;<span class=\"reference-text\">\"Star Quality\" by Nick Dalton,&nbsp;<em>Daily Telegraph</em>, 20 October 2007</span></li>\n<li id=\"cite_note-5\"><span class=\"mw-cite-backlink\"><strong>^</strong></span>&nbsp;<span class=\"reference-text\">\"Glide into party central in the Austrian Alps\" by Paul Rhodes,&nbsp;<em>Daily Express</em>, 1 March 2008</span></li>\n<li id=\"cite_note-6\"><span class=\"mw-cite-backlink\"><strong>^</strong></span>&nbsp;<span class=\"reference-text\">\"Muslim cinema, music fests, and snowbombing\"&nbsp;by Christopher Muther&nbsp;<em>The Boston Globe</em>, 17 February 2008</span></li>\n<li id=\"cite_note-7\"><span class=\"mw-cite-backlink\"><strong>^</strong></span>&nbsp;<span class=\"reference-text\">http://www.snowbombing.com/en/roadtrip/&nbsp;The Snowbombing Road Trip</span></li>\n<li id=\"cite_note-RyanAirMag-8\"><span class=\"mw-cite-backlink\"><strong>^</strong></span>&nbsp;<span class=\"reference-text\">\"SNOWBOARDS, BEER, DJS ACTION!\"&nbsp;Archived&nbsp;30 January 2012 at the&nbsp;Wayback Machine&nbsp;by Lucas Magoon&nbsp;Ryan Air&nbsp;Magazine 10 February 2009</span></li>\n<li id=\"cite_note-DJVibe-9\"><span class=\"mw-cite-backlink\"><strong>^</strong></span>&nbsp;<span class=\"reference-text\">\"Snowbombing\"&nbsp;Archived&nbsp;21 February 2014 at the&nbsp;Wayback Machine,&nbsp;DJ Vibe&nbsp;22 January 2003</span></li>\n</ol>\n</div>\n</div>",
 "remarks": "本词条汉字内容由 @多频百科团队 翻译+编辑\n原文译自 https://en.wikipedia.org/wiki/Snowbombing",
 "remarksEn": "本词条内容来自 https://en.wikipedia.org/wiki/Snowbombing",
 "status": 1,
 "clickNum": 16,
 "deleted": 0,
 "lang": 0,
 "chooseLang": true,
 "id": 152,
 "name": "Snowbombing",
 "descriptions": "Snowbombing是一个滑雪胜地的节日，每年春季在奥地利的Mayrhofen滑雪胜地举行。",
 "picture": "https://duopin-community.oss-cn-shenzhen.aliyuncs.com/cllug75iqjfh36svbm0s.jpg",
 "originalName": "",
 "holdTimeText": "5th - 10th April 2021",
 "holdAddress": "Austrian ski resort of Mayrhofen",
 "searchAddress": "奥地利",
 "joinScale": 7000,
 "sponsor": "Outgoing Ltd",
 "foundTimeText": "2000",
 "referenceUrl": "https://en.wikipedia.org/wiki/Snowbombing",
 "nonceStatusText": "运营中",
 "typeId": 16,
 "typeName": "电音节",
 "dataId": 152,
 "url": "http://dropinapp.hearinmusic.com/#/ency?typeId=16&dataId=152"
}