{
 "pageNum": 1,
 "pageSize": 10,
 "params": {},
 "content": "<div>\n<div class=\"document\">\n<p class=\"paragraph text-align-type-left pap-line-1.8 pap-line-rule-auto pap-spacing-before-2pt pap-spacing-after-2pt\">SonneMondSterne电音节（简称SMS）是一个在德国举行的露天电音节。音乐节持续三天，于8月的第二个周末在萨林堡-艾伯斯多夫附近的Bleilochtalsperre的图林根州举行。</p>\n<p class=\"paragraph text-align-type-left pap-line-1.8 pap-line-rule-auto pap-spacing-before-2pt pap-spacing-after-2pt\">&nbsp;</p>\n<p class=\"paragraph text-align-type-left pap-line-1.8 pap-line-rule-auto pap-spacing-before-2pt pap-spacing-after-2pt\">第一届音乐节于1997年举行，共有2500人参加。2011年第15届音乐节达到35,000人。</p>\n<p class=\"paragraph text-align-type-left pap-line-1.8 pap-line-rule-auto pap-spacing-before-2pt pap-spacing-after-2pt\">&nbsp;</p>\n<p class=\"paragraph text-align-type-left pap-line-1.8 pap-line-rule-auto pap-spacing-before-2pt pap-spacing-after-2pt\">为了减少节日之间的时间间隔，组织者于2001年和2002年2月开始了冬季活动。由于Wintercircus的成功，他们于2003年把音乐节改期到当年3月份，并更名为SonneMondSterne音乐营。2004年是最后一届音乐营。</p>\n<p class=\"paragraph text-align-type-left pap-line-1.8 pap-line-rule-auto pap-spacing-before-2pt pap-spacing-after-2pt\">&nbsp;</p>\n<p class=\"paragraph text-align-type-left pap-line-1.8 pap-line-rule-auto pap-spacing-before-2pt pap-spacing-after-2pt\">自2007年以来，每个音乐节都以附加的&ldquo; X&rdquo;命名，代表罗马数字10。因此2007年成为SMS.X1的第十一次活动。</p>\n<p class=\"paragraph text-align-type-left pap-line-1.8 pap-line-rule-auto pap-spacing-before-2pt pap-spacing-after-2pt\">&nbsp;</p>\n<p class=\"paragraph text-align-type-left pap-line-1.8 pap-line-rule-auto pap-spacing-before-2pt pap-spacing-after-2pt\"><strong>住宿</strong></p>\n<p class=\"paragraph text-align-type-left pap-line-1.8 pap-line-rule-auto pap-spacing-before-2pt pap-spacing-after-2pt\">节日区包括两个主要舞台、四个俱乐部帐篷、九个酒吧、三个餐厅、一个超市、两个非食品市场、一个派对船和一个商品商店。节日期间露营是免费的，因为票价包括露营费。 粉丝可以根据音乐节地点和露营空间之间的距离，在安静的露营区或喧闹的露营区之间做出选择。</p>\n</div>\n</div>",
 "contentEn": "<p>The&nbsp;<strong>SonneMondSterne Festival</strong>&nbsp;(short&nbsp;<strong>SMS</strong>) is an open-air festival featuring&nbsp;electronic dance music&nbsp;held in Germany. The festival lasts three days and takes place on the second weekend of August in&nbsp;Thuringia&nbsp;at the Bleilochtalsperre near&nbsp;Saalburg-Ebersdorf.</p>\n<p>&nbsp;</p>\n<p>The first festival was in 1997 with 2,500 people. The 15th festival in 2011 reached 35,000.<sup id=\"cite_ref-1\" class=\"reference\">[1]</sup></p>\n<p>&nbsp;</p>\n<p>To reduce the time in between the festivals the organizer started the&nbsp;<em>Wintercircus</em>&nbsp;in 2001 and 2002 which took place in February. Due to the success of Wintercircus they moved it in April 2003 and renamed it to&nbsp;<em>SonneMondSterne presents Camp Music</em>. 2004 was the last Camp Music.<sup id=\"cite_ref-2\" class=\"reference\">[2]</sup></p>\n<p>&nbsp;</p>\n<p>Since 2007 every festival is named with an additional \"X\", it stands for the&nbsp;Roman numeral&nbsp;ten. Therefore 2007 was as&nbsp;<em>SMS.X1</em>&nbsp;the eleventh event.</p>\n<p>&nbsp;</p>\n<h2><span id=\"Accommodation\" class=\"mw-headline\">Accommodation</span></h2>\n<p>The festival area contains two main stages, four club tents, nine bars, three restaurants, one supermarket, two non food markets, a party boat and a merchandise shop. Camping around the festival area is free of charge because the ticket price includes a camping fee.<sup id=\"cite_ref-3\" class=\"reference\">[3]</sup>&nbsp;Fans can choose between a quiet camping area or a loud camping area, depending on the distance between the festival area and the camping space.<sup id=\"cite_ref-4\" class=\"reference\">[4]</sup></p>\n<p>&nbsp;</p>\n<h2><span id=\"References\" class=\"mw-headline\">References</span></h2>\n<div class=\"mw-references-wrap\">\n<ol class=\"references\">\n<li id=\"cite_note-1\"><span class=\"mw-cite-backlink\"><strong>^</strong></span>&nbsp;<span class=\"reference-text\">http://festivalguide.de/festival/99084/sonnemondsterne-festival-2011/</span></li>\n<li id=\"cite_note-2\"><span class=\"mw-cite-backlink\"><strong>^</strong></span>&nbsp;<span class=\"reference-text\"><cite class=\"citation web cs1\">\"SonneMondSterne.de - Electronic Music Festival\".&nbsp;<em>www.sonnemondsterne.de</em>. Archived from&nbsp;the original&nbsp;on September 17, 2012.</cite></span></li>\n<li id=\"cite_note-3\"><span class=\"mw-cite-backlink\"><strong>^</strong></span>&nbsp;<span class=\"reference-text\">http://www.festivalguide.de/festival/121825/sonnemondsterne-festival-2012/</span></li>\n<li id=\"cite_note-4\"><span class=\"mw-cite-backlink\"><strong>^</strong></span>&nbsp;<span class=\"reference-text\"><cite class=\"citation web cs1\">\"SonneMondSterne.de - Electronic Music Festival\".&nbsp;<em>www.sonnemondsterne.de</em>. Archived from&nbsp;the original&nbsp;on April 7, 2012.</cite></span></li>\n</ol>\n</div>",
 "remarks": "本词条汉字内容由 @多频百科团队 翻译+编辑\n原文译自 https://en.wikipedia.org/wiki/SonneMondSterne",
 "remarksEn": "本词条内容来自 https://en.wikipedia.org/wiki/SonneMondSterne",
 "status": 1,
 "clickNum": 11,
 "deleted": 0,
 "lang": 0,
 "chooseLang": true,
 "id": 114,
 "name": "Sonne Mond Und Sterne",
 "descriptions": "SonneMondSterne电音节（简称SMS）是一个在德国举行的露天电音节。音乐节持续三天，于8月的第二个周末在萨林堡-艾伯斯多夫附近的Bleilochtalsperre的图林根州举行。",
 "picture": "https://duopin-community.oss-cn-shenzhen.aliyuncs.com/7pml564pbtcxgyvlsffh.jpg",
 "originalName": "SMS",
 "holdTimeText": "2nd weekend in August",
 "holdAddress": "Bleilochtalsperre, Saalburg-Ebersdorf, Thuringia, Germany",
 "searchAddress": "德国",
 "sponsor": "",
 "foundTimeText": "1997",
 "officialUrl": "https://www.sonnemondsterne.de/index.php?L=2",
 "referenceUrl": "https://en.wikipedia.org/wiki/SonneMondSterne",
 "nonceStatusText": "运营中",
 "typeId": 16,
 "typeName": "电音节",
 "dataId": 114,
 "url": "http://dropinapp.hearinmusic.com/#/ency?typeId=16&dataId=114"
}