{
 "pageNum": 1,
 "pageSize": 10,
 "params": {},
 "relationChannel": "[{\"id\":1082,\"parentId\":10,\"name\":\"Spring Awakening Music Festival\"}]",
 "content": "<p class=\"paragraph text-align-type-left pap-line-1.8 pap-line-rule-auto pap-spacing-before-2pt pap-spacing-after-2pt\">Spring Awakening Music Festival （SAMF）是每年在芝加哥举行的电子舞曲（EDM）节。该音乐节于2008年开始在一个剧院举行，2012-2015年移至Soldier Field，2016-2018年移至Addams/Medill公园。2019年，该音乐节搬到了伊利诺伊州霍夫曼埃斯特茨的西尔斯中心，即Poplar Creek Music Theater的旧址。由于新冠疫情肆虐，2020年的音乐节没有如期举办。2021年的日期定在10月的第一个周末，将在&nbsp;Addams/Medill&nbsp;Park举办。</p>\n<p class=\"paragraph text-align-type-left pap-line-1.8 pap-line-rule-auto pap-spacing-before-2pt pap-spacing-after-2pt\">&nbsp;</p>\n<p class=\"paragraph text-align-type-left pap-line-1.8 pap-line-rule-auto pap-spacing-before-2pt pap-spacing-after-2pt\"><strong>历史</strong></p>\n<p class=\"paragraph text-align-type-left pap-line-1.8 pap-line-rule-auto pap-spacing-before-2pt pap-spacing-after-2pt\">Spring&nbsp;Awakening作为一个系列音乐会成立于2008年，该活动最终超出了剧院的规模，2012年，在芝加哥的推广机构React Presents的推动下，SAMF变成了为期两天的户外音乐节，在Soldier&nbsp;Field举行。&nbsp;2013年，&nbsp;Spring&nbsp;Awakening&nbsp;Music&nbsp;Festival扩大到三天，超过90,000人参加。&nbsp;SAMF传统上是在6月的第二个或第三个周末举行。多年来，由于芝加哥地区有大量的电子舞曲粉丝，该音乐节变得越来越受欢迎。&nbsp;由于人们现在从全国和全球各地赶来参加这个音乐节，有传言说这个音乐节可能会向其他州延伸。</p>\n<p class=\"paragraph text-align-type-left pap-line-1.8 pap-line-rule-auto pap-spacing-before-2pt pap-spacing-after-2pt\">&nbsp;</p>\n<p class=\"paragraph text-align-type-left pap-line-1.8 pap-line-rule-auto pap-spacing-before-2pt pap-spacing-after-2pt\"><strong>制作人</strong></p>\n<p class=\"paragraph text-align-type-left pap-line-1.8 pap-line-rule-auto pap-spacing-before-2pt pap-spacing-after-2pt\">React Presents成立于2008年，是一家位于芝加哥的俱乐部、节日和音乐会推广公司。&nbsp;React Presents制作了四个音乐节：Spring&nbsp;Awakening&nbsp;Music&nbsp;Festival,&nbsp;North&nbsp;Coast&nbsp;Music&nbsp;Festival,&nbsp;Forever&nbsp;Festival,&nbsp;和Summer&nbsp;Set&nbsp;Music&nbsp;&amp;&nbsp;Camping&nbsp;Festival。</p>\n<p class=\"paragraph text-align-type-left pap-line-1.8 pap-line-rule-auto pap-spacing-before-2pt pap-spacing-after-2pt\">&nbsp;</p>\n<p class=\"paragraph text-align-type-left pap-line-1.8 pap-line-rule-auto pap-spacing-before-2pt pap-spacing-after-2pt\"><strong>2012</strong></p>\n<p class=\"paragraph text-align-type-left pap-line-1.8 pap-line-rule-auto pap-spacing-before-2pt pap-spacing-after-2pt\">2012年，SAMF成为一个为期两天的节日，并于6月16-17日在Soldier&nbsp;Field举行。</p>\n<p class=\"paragraph text-align-type-left pap-line-1.8 pap-line-rule-auto pap-spacing-before-2pt pap-spacing-after-2pt\">&nbsp;</p>\n<p class=\"paragraph text-align-type-left pap-line-1.8 pap-line-rule-auto pap-spacing-before-2pt pap-spacing-after-2pt\">该音乐节最初宣布占据Soldier&nbsp;Field周围的 \"体育场绿地\"，但在压倒性的需求之后，音乐节将主舞台移到了体育场内的北端区域，超过50,000人参加了2012年的SAMF。</p>\n<p class=\"paragraph text-align-type-left pap-line-1.8 pap-line-rule-auto pap-spacing-before-2pt pap-spacing-after-2pt\">&nbsp;</p>\n<p class=\"paragraph text-align-type-left pap-line-1.8 pap-line-rule-auto pap-spacing-before-2pt pap-spacing-after-2pt\">一些主要的表演者包括Skrillex, Afrojack, Diplo, A-Trak, Benny Benassi, Dillon Francis, Moby, Flux Pavilion, Hardwell, Datsik, Morgan Page等等。</p>\n<p class=\"paragraph text-align-type-left pap-line-1.8 pap-line-rule-auto pap-spacing-before-2pt pap-spacing-after-2pt\">&nbsp;</p>\n<p class=\"paragraph text-align-type-left pap-line-1.8 pap-line-rule-auto pap-spacing-before-2pt pap-spacing-after-2pt\"><strong>2013</strong></p>\n<p class=\"paragraph text-align-type-left pap-line-1.8 pap-line-rule-auto pap-spacing-before-2pt pap-spacing-after-2pt\">在2013年，SAMF扩大到一个为期三天的节日，并于2013年6月14日至16日在Soldier&nbsp;Field举行。</p>\n<p class=\"paragraph text-align-type-left pap-line-1.8 pap-line-rule-auto pap-spacing-before-2pt pap-spacing-after-2pt\">&nbsp;</p>\n<p class=\"paragraph text-align-type-left pap-line-1.8 pap-line-rule-auto pap-spacing-before-2pt pap-spacing-after-2pt\">这一年组织性更强，规模更大。&nbsp;该节日创造了一个为期三天的 \"狂欢\"。&nbsp;参加活动的人们身着鲜艳的色彩、创意的服装和富有表现力的饰品，欣赏他们喜欢的艺术家的音乐。</p>\n<p class=\"paragraph text-align-type-left pap-line-1.8 pap-line-rule-auto pap-spacing-before-2pt pap-spacing-after-2pt\">&nbsp;</p>\n<p class=\"paragraph text-align-type-left pap-line-1.8 pap-line-rule-auto pap-spacing-before-2pt pap-spacing-after-2pt\">由于 SAMF扩大到三天，他们又增加了一个舞台，总共有两个舞台和两个帐篷，有100多个世界知名的艺术家和超过75000名与会者。</p>\n<p class=\"paragraph text-align-type-left pap-line-1.8 pap-line-rule-auto pap-spacing-before-2pt pap-spacing-after-2pt\">&nbsp;</p>\n<p class=\"paragraph text-align-type-left pap-line-1.8 pap-line-rule-auto pap-spacing-before-2pt pap-spacing-after-2pt\">一些主要的表演者包括Bassnectar, Calvin Harris, Bingo Players, Carnage, Chuckie, Excision, Flosstradamus, Krewella, Nicky Romero, Nervo, Porn and Chicken, Porter Robinson, ZEDD, Zeds Dead and Zomboy。</p>\n<p class=\"paragraph text-align-type-left pap-line-1.8 pap-line-rule-auto pap-spacing-before-2pt pap-spacing-after-2pt\">&nbsp;</p>\n<div>\n<div class=\"document\">\n<p class=\"paragraph text-align-type-left pap-line-1.8 pap-line-rule-auto pap-spacing-before-2pt pap-spacing-after-2pt\"><strong>2014</strong></p>\n<p class=\"paragraph text-align-type-left pap-line-1.8 pap-line-rule-auto pap-spacing-before-2pt pap-spacing-after-2pt\">SAMF在2014年6月13-15日举行了第三届年度音乐节。&nbsp;在2014年，SAMF是仅存的几个允许各个年龄段参加的音乐节之一。SAMF推出了SAMF Safe &amp; Sound，这一举措鼓励与会者在感到不安全时联系保安或健康团队。React在去年二月被SFX娱乐公司收购。</p>\n<p class=\"paragraph text-align-type-left pap-line-1.8 pap-line-rule-auto pap-spacing-before-2pt pap-spacing-after-2pt\">&nbsp;</p>\n<p class=\"paragraph text-align-type-left pap-line-1.8 pap-line-rule-auto pap-spacing-before-2pt pap-spacing-after-2pt\">一些主要的艺术家包括Tiesto, Pretty Lights, Diplo, Knife Party, Kaskade, Big Gigantic, Benny Benassi, Bingo Players, Dillon Francis, Eric Prydz, Flux Pavilion, A-Track, Borgore, Caked Up, Carnage, Chuckie, Datsik, DVBBS, Nervo, Dj Snake等等。</p>\n<p class=\"paragraph text-align-type-left pap-line-1.8 pap-line-rule-auto pap-spacing-before-2pt pap-spacing-after-2pt\">&nbsp;</p>\n<p class=\"paragraph text-align-type-left pap-line-1.8 pap-line-rule-auto pap-spacing-before-2pt pap-spacing-after-2pt\"><strong>2015</strong></p>\n<p class=\"paragraph text-align-type-left pap-line-1.8 pap-line-rule-auto pap-spacing-before-2pt pap-spacing-after-2pt\">2015年的SAMF于2015年6月12-14日在Soldier Field举行。&nbsp;艺术家包括ZEDD、Hardwell、Tiesto、Diplo、Afrojack、Dada Life、Excision、Flosstradamus、Martin Garrix、Zeds Dead、Zomboy、Paul van Dyk、Adventure Club、Borgore、Bro Safari、Headhunterz、Party Favor、Tommy Trash、Yellow Claw和Jack &uuml;。</p>\n<p class=\"paragraph text-align-type-left pap-line-1.8 pap-line-rule-auto pap-spacing-before-2pt pap-spacing-after-2pt\">&nbsp;</p>\n<p class=\"paragraph text-align-type-left pap-line-1.8 pap-line-rule-auto pap-spacing-before-2pt pap-spacing-after-2pt\">在2015年，该音乐节有四个舞台，以更好地容纳超过75个艺人表演。&nbsp;SAMF还将其最低年龄要求改为18岁，新的变化是希望确保粉丝、艺术家和工作人员的安全。&nbsp;SAMF的一位官方发言人引述说，他们 \"相信音乐节是属于成年人的体验，这个艰难的决定是为了保证粉丝的安全，并确保我们的与会者和未来的与会者的最佳体验\"。</p>\n<p class=\"paragraph text-align-type-left pap-line-1.8 pap-line-rule-auto pap-spacing-before-2pt pap-spacing-after-2pt\">&nbsp;</p>\n<p class=\"paragraph text-align-type-left pap-line-1.8 pap-line-rule-auto pap-spacing-before-2pt pap-spacing-after-2pt\">一名19岁的Steve Vongkoth在该活动中死亡，死亡被认为与毒品有关。</p>\n<p class=\"paragraph text-align-type-left pap-line-1.8 pap-line-rule-auto pap-spacing-before-2pt pap-spacing-after-2pt\">&nbsp;</p>\n<p class=\"paragraph text-align-type-left pap-line-1.8 pap-line-rule-auto pap-spacing-before-2pt pap-spacing-after-2pt\"><strong>2016</strong></p>\n<p class=\"paragraph text-align-type-left pap-line-1.8 pap-line-rule-auto pap-spacing-before-2pt pap-spacing-after-2pt\">SAMF于2016年6月10日至12日举行，有五个舞台，包括两个主舞台，这在该活动的历史上是第一次，并举办了一系列来自电子音乐领域的100多个表演。</p>\n<p class=\"paragraph text-align-type-left pap-line-1.8 pap-line-rule-auto pap-spacing-before-2pt pap-spacing-after-2pt\">&nbsp;</p>\n<p class=\"paragraph text-align-type-left pap-line-1.8 pap-line-rule-auto pap-spacing-before-2pt pap-spacing-after-2pt\">主舞台被称为DJ舞台，有Above &amp; Beyond、Kaskade、The Chainsmokers、Steve Aoki、Dillon Francis、Carnage、Nicky Romero、DVBBS、Dash Berlin等人的表演。</p>\n<p class=\"paragraph text-align-type-left pap-line-1.8 pap-line-rule-auto pap-spacing-before-2pt pap-spacing-after-2pt\">&nbsp;</p>\n<p class=\"paragraph text-align-type-left pap-line-1.8 pap-line-rule-auto pap-spacing-before-2pt pap-spacing-after-2pt\">第二个主舞台被称为电子舞台，展示了Deadmau5、Zeds Dead、Jamie xx、RL Grime、Flying Lotus、Crystal Castles、Flux Pavilion、Gramatik、Gesaffelstein、A-Trak、Madeon等。</p>\n<p class=\"paragraph text-align-type-left pap-line-1.8 pap-line-rule-auto pap-spacing-before-2pt pap-spacing-after-2pt\">&nbsp;</p>\n<p class=\"paragraph text-align-type-left pap-line-1.8 pap-line-rule-auto pap-spacing-before-2pt pap-spacing-after-2pt\">Bass Kitchen、Body Language和Trance Arena舞台为与会者提供了体验音乐和视觉展示的不间断多样性的机会。&nbsp;厂牌Dirtybird Records、出版社DJ Mag和Pete Tong策划了庆典活动，在整个周末，他们各自举办了一系列来自所有制作领域的表演。</p>\n<p class=\"paragraph text-align-type-left pap-line-1.8 pap-line-rule-auto pap-spacing-before-2pt pap-spacing-after-2pt\">&nbsp;</p>\n<p class=\"paragraph text-align-type-left pap-line-1.8 pap-line-rule-auto pap-spacing-before-2pt pap-spacing-after-2pt\">2016年，与会者在芝加哥西区附近的Addams/Medill&nbsp;Park的广阔草场上举办了这一活动。&nbsp;参观者可以选择的公共交通有CTA&nbsp;Pink&nbsp;Line&nbsp;和Green&nbsp;Line&nbsp;trains。&nbsp;从Ashland、Roosevelt和第18街的CTA公共汽车都可以到达该公园。</p>\n<p class=\"paragraph text-align-type-left pap-line-1.8 pap-line-rule-auto pap-spacing-before-2pt pap-spacing-after-2pt\">&nbsp;</p>\n<p class=\"paragraph text-align-type-left pap-line-1.8 pap-line-rule-auto pap-spacing-before-2pt pap-spacing-after-2pt\"><strong>2017</strong></p>\n<p class=\"paragraph text-align-type-left pap-line-1.8 pap-line-rule-auto pap-spacing-before-2pt pap-spacing-after-2pt\">2017年SAMF于6月9日至11日在芝加哥西南边的Addams/Medill&nbsp;Park举行，靠近罗斯福路和阿什兰大道。</p>\n<p class=\"paragraph text-align-type-left pap-line-1.8 pap-line-rule-auto pap-spacing-before-2pt pap-spacing-after-2pt\">&nbsp;</p>\n<p class=\"paragraph text-align-type-left pap-line-1.8 pap-line-rule-auto pap-spacing-before-2pt pap-spacing-after-2pt\">阵容包括Armin van Buuren, Benny Benassi, Paul van Dyk, Audien, Robin Schulz, Paul Oakenfold, and Martin Garrix。&nbsp;有六个不同的舞台，每天从下午2:00到晚上10:00进行表演。</p>\n</div>\n</div>",
 "contentEn": "<p>Spring Awakening Music Festival (SAMF) is an annual electronic dance music (EDM) festival held in Chicago. The festival started at a theater in 2008, moved to Soldier Field in 2012&ndash;2015, and to Addams/Medill Park in 2016-2018. In 2019 the festival moved to the Sears Centre in Hoffman Estates, Illinois, the former site of the Poplar Creek Music Theater.</p>\n<p>&nbsp;</p>\n<p><strong>History </strong></p>\n<p>Spring Awakening was founded as a concert series in 2008. The event eventually outgrew the theater, and in 2012 SAMF was turned into a two-day outdoor music festival at Soldier Field by the Chicago-based promoting agency React Presents. In 2013, Spring Awakening Music Festival expanded to three days with over 90,000 people in attendance. SAMF has been held either the second or third weekend of June Over the years, the Festival has become increasingly popular due to the large fan base of electronic dance music in the Chicago area. As people now come from across the globe just to attend the Festival, there are discussed rumors that the Festival could be extending onwards towards many other states.</p>\n<p>&nbsp;</p>\n<p><span style=\"text-decoration: underline;\">Producers </span></p>\n<p>Founded in 2008, React Presents is a club, festival, and concert festival promotion company based in Chicago. React Presents produces four festivals: Spring Awakening Music Festival, North Coast Music Festival, Forever Festival, and Summer Set Music &amp; Camping Festival.</p>\n<p>&nbsp;</p>\n<p><strong>2012 </strong></p>\n<p>In 2012 SAMF became a two-day festival and was held June 16&ndash;17 at Soldier Field.</p>\n<p>&nbsp;</p>\n<p>The festival was initially announced to occupy the \"Stadium Green\" surrounding Soldier Field, but after overwhelming demand, the festival moved the main stage inside of the stadium at the north end zone. Over 50,000 people attended Spring Awakening Music festival 2012.</p>\n<p>&nbsp;</p>\n<p>Some of the main performers included Skrillex, Afrojack, Diplo, A-Trak, Benny Benassi, Dillon Francis, Moby, Flux Pavilion, Hardwell, Datsik, Morgan Page and more.</p>\n<p>&nbsp;</p>\n<p><strong>2013 </strong></p>\n<p>In 2013 SAMF expanded to a three-day festival and was held June 14&ndash;16, 2013 at Soldier Field.</p>\n<p>&nbsp;</p>\n<p>This year was much more organized and even bigger. The festival created a three-day \"rave\". It was attended by kids in vibrant colors, creative outfits, and expressive jewelry to enjoy their favorite artist's music.</p>\n<p>&nbsp;</p>\n<p>Since Spring Awakening expanded to three days, they added another stage, totaling two stages and two tents, for over 100 world renown artists and over 75,000 attendees.</p>\n<p>&nbsp;</p>\n<p>Some of the main performers included Bassnectar, Calvin Harris, Bingo Players, Carnage, Chuckie, Excision, Flosstradamus, Krewella, Nicky Romero, Nervo, Porn and Chicken, Porter Robinson, ZEDD, Zeds Dead and Zomboy.</p>\n<p>&nbsp;</p>\n<p><strong>2014 </strong></p>\n<p>Spring Awakening had its third annual concert on June 13&ndash;15, 2014. In the 2014 season, Spring Awakening was one of the few remaining all age festivals. Spring Awakening Music Festival launched SAMF Safe &amp; Sound, an initiative which encouraged attendees to contact security or the wellness team if they felt unsafe. React was purchased by SFX Entertainment last February.</p>\n<p>&nbsp;</p>\n<p>Some of the main artists included Tiesto, Pretty Lights, Diplo, Knife Party, Kaskade, Big Gigantic, Benny Benassi, Bingo Players, Dillon Francis, Eric Prydz, Flux Pavilion, A-Track, Borgore, Caked Up, Carnage, Chuckie, Datsik, DVBBS, Nervo, Dj Snake and more.</p>\n<p>&nbsp;</p>\n<p><strong>2015 </strong></p>\n<p>The 2015 SAMF took place June 12&ndash;14, 2015 at Soldier Field. Artists included ZEDD, Hardwell, Tiesto, Diplo, Afrojack, Dada Life, Excision, Flosstradamus, Martin Garrix, Zeds Dead, Zomboy, Paul van Dyk, Adventure Club, Borgore, Bro Safari, Headhunterz, Party Favor, Tommy Trash, Yellow Claw and Jack &uuml;.</p>\n<p>&nbsp;</p>\n<p>In 2015 the festival had four stages to better accommodate more than 75 acts. SAMF had also changed its minimum age requirement to 18. The new changes came in the hope of making sure that safety is the number one priority for the fans, artists, and staff. An official spokesperson of SAMF quoted that they, \"believe the festival is an experience for adults. This difficult decision was made to promote safety amongst our fans and ensure the best experience for our attendees and future attendees\".</p>\n<p>&nbsp;</p>\n<p>A 19-year-old, Steve Vongkoth, died at the event; the death is thought to be drug-related.</p>\n<p>&nbsp;</p>\n<p><strong>2016 </strong></p>\n<p>SAMF 2016 was held June 10&ndash;12, 2016 and had five stages, including two main stages for the very first time in the event&rsquo;s history, and hosted a wide array of over 100 acts from across the electronic music spectrum.</p>\n<p>&nbsp;</p>\n<p>The main stage, dubbed the DJ Stage, held performances from Above &amp; Beyond, Kaskade, The Chainsmokers, Steve Aoki, Dillon Francis, Carnage, Nicky Romero, DVBBS, Dash Berlin, and others.</p>\n<p>&nbsp;</p>\n<p>The second main stage, dubbed the Electronic Stage, showed Deadmau5, Zeds Dead, Jamie xx, RL Grime, Flying Lotus, Crystal Castles, Flux Pavilion, Gramatik, Gesaffelstein, A-Trak, Madeon and more.</p>\n<p>&nbsp;</p>\n<p>The Bass Kitchen, Body Language, and Trance Arena stages provided attendees with the opportunity to experience nonstop variety in both music and visual displays. Record label Dirtybird Records, publication DJ Mag and Pete Tong curated the festivities, each hosting a slew of acts from all across the production spectrum throughout the weekend.</p>\n<p>&nbsp;</p>\n<p>In 2016, attendees experienced the event on the sprawling, grassy fields of Addams/Medill Park in the near West side of Chicago. Visitors had public transportation options from both the CTA Pink Line and Green Line trains. The park was accessible from the Ashland, Roosevelt, and the 18th Street CTA buses.</p>\n<p>&nbsp;</p>\n<p><strong>2017 </strong></p>\n<p>The 2017 Spring Awakening was held June 9&ndash;11 at Addams/Medill Park in Chicago's southwest side, near Roosevelt Road and Ashland Avenue.</p>\n<p>&nbsp;</p>\n<p>The lineup included Armin van Buuren, Benny Benassi, Paul van Dyk, Audien, Robin Schulz, Paul Oakenfold, and Martin Garrix. There were six different stages with performances from 2:00 PM to 10:00 PM each day.</p>\n<p>&nbsp;</p>\n<h2><span id=\"References\" class=\"mw-headline\">References</span></h2>\n<div class=\"reflist\">\n<div class=\"mw-references-wrap mw-references-columns\">\n<ol class=\"references\">\n<li id=\"cite_note-1\"><span class=\"mw-cite-backlink\"><strong>^</strong></span>&nbsp;<span class=\"reference-text\">Spring Awakening Statement on Location&nbsp;on&nbsp;facebook</span></li>\n<li id=\"cite_note-2\"><span class=\"mw-cite-backlink\"><strong>^</strong></span>&nbsp;<span class=\"reference-text\"><cite id=\"CITEREFLong\" class=\"citation web cs1\">Long, Zach.&nbsp;\"Spring Awakening Music Festival has canceled its 2020 return to Chicago\".&nbsp;<em>Time Out Chicago</em><span class=\"reference-accessdate\">. Retrieved&nbsp;<span class=\"nowrap\">2021-06-02</span></span>.</cite></span></li>\n<li id=\"cite_note-3\"><span class=\"mw-cite-backlink\"><strong>^</strong></span>&nbsp;<span class=\"reference-text\"><cite id=\"CITEREFSwartz\" class=\"citation web cs1\">Swartz, Tracy.&nbsp;\"Spring Awakening Music Festival to return to Chicago in October; Riot Fest adds Nine Inch Nails\".&nbsp;<em>chicagotribune.com</em><span class=\"reference-accessdate\">. Retrieved&nbsp;<span class=\"nowrap\">2021-06-02</span></span>.</cite></span></li>\n<li id=\"cite_note-4\"><span class=\"mw-cite-backlink\"><strong>^</strong></span>&nbsp;<span class=\"reference-text\"><cite class=\"citation web cs1\">\"UPDATE: Spring Awakening Won't Be At Soldier Field This Summer\".&nbsp;<em>THE SIX THIRTY</em><span class=\"reference-accessdate\">. Retrieved&nbsp;<span class=\"nowrap\">2016-04-21</span></span>.</cite></span></li>\n<li id=\"cite_note-5\"><span class=\"mw-cite-backlink\"><strong>^</strong></span>&nbsp;<span class=\"reference-text\"><cite id=\"CITEREFKarpowicz\" class=\"citation web cs1\">Karpowicz, Katie.&nbsp;\"Spring Awakening Music Festival Instates Age Limitation For 2015\".&nbsp;<em>Chicagoist</em>. Archived from&nbsp;the original&nbsp;on 2016-03-02<span class=\"reference-accessdate\">. Retrieved&nbsp;<span class=\"nowrap\">2016-04-21</span></span>.</cite></span></li>\n<li id=\"cite_note-6\"><span class=\"mw-cite-backlink\"><strong>^</strong></span>&nbsp;<span class=\"reference-text\"><cite id=\"CITEREFKarpowicz\" class=\"citation web cs1\">Karpowicz, Katie.&nbsp;\"Spring Awakening Music Festival Instates Age Limitation For 2015\".&nbsp;<em>Chicagoist</em>. Archived from&nbsp;the original&nbsp;on 2016-03-02<span class=\"reference-accessdate\">. Retrieved&nbsp;<span class=\"nowrap\">2016-04-21</span></span>.</cite></span></li>\n<li id=\"cite_note-7\"><span class=\"mw-cite-backlink\"><strong>^</strong></span>&nbsp;<span class=\"reference-text\"><cite class=\"citation web cs1\">\"SPRING AWAKENING MUSIC FESTIVAL 2013 ANNOUNCED&nbsp;:: Chicago Music Magazine\".&nbsp;<em>ChicagoMusicMagazine.com</em><span class=\"reference-accessdate\">. Retrieved&nbsp;<span class=\"nowrap\">2016-04-21</span></span>.</cite></span></li>\n<li id=\"cite_note-8\"><span class=\"mw-cite-backlink\"><strong>^</strong></span>&nbsp;<span class=\"reference-text\"><cite class=\"citation web cs1\">\"Spring Awakening Music Festival 2012 / Lineup / Chicago / SKRILLEX | djMe\".&nbsp;<em>www.ilovedjme.com</em><span class=\"reference-accessdate\">. Retrieved&nbsp;<span class=\"nowrap\">2016-04-21</span></span>.</cite></span></li>\n<li id=\"cite_note-9\"><span class=\"mw-cite-backlink\"><strong>^</strong></span>&nbsp;<span class=\"reference-text\"><cite id=\"CITEREFKellner2013\" class=\"citation web cs1\">Kellner, Shawn (February 5, 2013). [!http://www.chicagomusicmagazine.com/news/2613/\"Chicago Music Magazine\"]<span class=\"cs1-visible-error error citation-comment\">&nbsp;Check&nbsp;<code class=\"cs1-code\">|url=</code>&nbsp;value (help)</span>.&nbsp;<em>SAMF Lineup announced</em>.</cite></span></li>\n<li id=\"cite_note-10\"><span class=\"mw-cite-backlink\"><strong>^</strong></span>&nbsp;<span class=\"reference-text\"><cite class=\"citation web cs1\">\"Spring Awakening Music Festival 2013 Full Lineup: Including Nero, Pantyraid, Clockwork, Showtek, Moby, Bassnectar, Calvin Harris + 40 More! [TSIS PREMIERE] | this song is sick\".&nbsp;<em>this song is sick</em><span class=\"reference-accessdate\">. Retrieved&nbsp;<span class=\"nowrap\">2016-04-21</span></span>.</cite></span></li>\n<li id=\"cite_note-11\"><span class=\"mw-cite-backlink\"><strong>^</strong></span>&nbsp;<span class=\"reference-text\"><cite class=\"citation web cs1\">\"Chicago's Spring Awakening Music Festival reveals 2014 lineup, adds second main stage\".&nbsp;<em>Electronic Midwest</em>. 2014-02-04<span class=\"reference-accessdate\">. Retrieved&nbsp;<span class=\"nowrap\">2016-04-21</span></span>.</cite></span></li>\n<li id=\"cite_note-12\"><span class=\"mw-cite-backlink\"><strong>^</strong></span>&nbsp;<span class=\"reference-text\"><cite class=\"citation web cs1\">\"Spring Awakening announces age restriction\".&nbsp;<em>The DePaulia</em><span class=\"reference-accessdate\">. Retrieved&nbsp;<span class=\"nowrap\">2016-04-21</span></span>.</cite></span></li>\n<li id=\"cite_note-13\"><span class=\"mw-cite-backlink\"><strong>^</strong></span>&nbsp;<span class=\"reference-text\"><cite class=\"citation web cs1\">\"SFX Entertainment buys React Presents | WBEZ\".&nbsp;<em>www.wbez.org</em><span class=\"reference-accessdate\">. Retrieved&nbsp;<span class=\"nowrap\">2016-04-21</span></span>.</cite></span></li>\n<li id=\"cite_note-14\"><span class=\"mw-cite-backlink\"><strong>^</strong></span>&nbsp;<span class=\"reference-text\"><cite class=\"citation web cs1\">\"Chicago's Spring Awakening Music Festival reveals 2014 lineup, adds second main stage\".&nbsp;<em>Electronic Midwest</em>. 2014-02-04<span class=\"reference-accessdate\">. Retrieved&nbsp;<span class=\"nowrap\">2016-04-21</span></span>.</cite></span></li>\n<li id=\"cite_note-15\"><span class=\"mw-cite-backlink\"><strong>^</strong></span>&nbsp;<span class=\"reference-text\"><cite class=\"citation web cs1\">\"Spring Awakening Music Festival announces 2015 dates\".&nbsp;<em>AXS</em><span class=\"reference-accessdate\">. Retrieved&nbsp;<span class=\"nowrap\">2016-04-21</span></span>.</cite></span></li>\n<li id=\"cite_note-16\"><span class=\"mw-cite-backlink\"><strong>^</strong></span>&nbsp;<span class=\"reference-text\"><cite class=\"citation web cs1\">\"Man Dies Of Suspected Overdose Outside Spring Awakening Music Festival\"<span class=\"reference-accessdate\">. Retrieved&nbsp;<span class=\"nowrap\">2016-04-21</span></span>.</cite></span></li>\n<li id=\"cite_note-17\"><span class=\"mw-cite-backlink\"><strong>^</strong></span>&nbsp;<span class=\"reference-text\"><cite class=\"citation web cs1\">\"SPRING AWAKENING 2017\".&nbsp;<em>https://urbanmatter.com/chicago/spring-awakening-2017/</em><span class=\"reference-accessdate\">. Retrieved&nbsp;<span class=\"nowrap\">2017-02-17</span></span>.</cite>&nbsp;<span class=\"cs1-visible-error error citation-comment\">External link in&nbsp;<code class=\"cs1-code\">|website=</code>&nbsp;(help)</span></span></li>\n<li id=\"cite_note-18\"><span class=\"mw-cite-backlink\"><strong>^</strong></span>&nbsp;<span class=\"reference-text\"><cite class=\"citation web cs1\">\"FULL LINEUP AND NEW LOCATION ANNOUNCED!\".&nbsp;<em>www.springawakeningfestival.com</em><span class=\"reference-accessdate\">. Retrieved&nbsp;<span class=\"nowrap\">2016-05-12</span></span>.</cite></span></li>\n</ol>\n</div>\n</div>",
 "remarks": "本词条汉字内容由 @多频百科团队 翻译+编辑\n原文译自 https://en.wikipedia.org/wiki/Spring_Awakening_Music_Festival",
 "remarksEn": "本词条内容来自 https://en.wikipedia.org/wiki/Spring_Awakening_Music_Festival",
 "status": 1,
 "clickNum": 11,
 "deleted": 0,
 "lang": 0,
 "chooseLang": true,
 "id": 137,
 "name": "Spring Awakening Music Festival",
 "descriptions": "Spring Awakening Music Festival （SAMF）是每年在芝加哥举行的电子舞曲（EDM）节。该音乐节于2008年开始在一个剧院举行，2012-2015年移至Soldier Field，2016-2018年移至Addams/Medill公园。2019年，该音乐节搬到了伊利诺伊州霍夫曼埃斯特茨的西尔斯中心，即Poplar Creek Music Theater的旧址。由于新冠疫情肆虐，2020年的音乐节没有如期举办。2021年的日期定在10月的第一个周末，将在 Addams/Medill Park举办。",
 "picture": "https://duopin-community.oss-cn-shenzhen.aliyuncs.com/sjwwbcczpcgd9x3yboed.jpg",
 "originalName": "春季觉醒音乐节 ；SAMF",
 "holdTimeText": "每年暑期",
 "holdAddress": "Soldier Field, Addams/Medill Park, Sears Centre",
 "searchAddress": "美国",
 "sponsor": "React Presents",
 "foundTimeText": "2008",
 "officialUrl": "www.springawakeningfestival.com",
 "referenceUrl": "https://en.wikipedia.org/wiki/Spring_Awakening_Music_Festival",
 "nonceStatusText": "运营中",
 "typeId": 16,
 "typeName": "电音节",
 "dataId": 137,
 "url": "http://dropinapp.hearinmusic.com/#/ency?typeId=16&dataId=137"
}