{
 "pageNum": 1,
 "pageSize": 10,
 "params": {},
 "content": "<p>自<span title=\"This claim needs references to reliable sources. (August 2016)\">2010年</span>爱情游行结束以来，街头游行是世界上参加technoparade最多的一次。活动在瑞士苏黎世举行，是苏黎世最大的年度盛会。8月的第二个星期六，苏黎世湖畔将举行一场由多达100万人参加的自由、爱和宽容的正式示威活动。</p>\n<p>&nbsp;</p>\n<p><strong>历史</strong></p>\n<p><span style=\"text-decoration: underline;\">1992年&mdash;&mdash;参与者：1000</span><br />第一次街头游行（英文名称同样被用于德语）于1992年9月5日举行，由学生马雷克&middot;克林斯基发起，正式称为\"爱、和平、自由、慷慨和宽容示威\"（德语：示威者利贝、弗里登、弗雷海特、格罗塞吉格基特和托勒兰兹）。大约1000人参加了两辆爱情车后面的舞蹈。</p>\n<p>&nbsp;</p>\n<p><span style=\"text-decoration: underline;\">1993年&mdash;&mdash;参与者：10，000&mdash;&mdash;温度：27&deg;C</span><br />仅第二年，就有10，000名狂欢者参加。</p>\n<p>&nbsp;</p>\n<p><span style=\"text-decoration: underline;\">1994年&mdash;&mdash;参与者：20，000</span><br />游行几乎被警察局长罗伯特&middot;诺伊科姆（社会党）和莫妮卡&middot;斯托克（绿党）禁止，但媒体、民众和技术音乐界的强烈抗议迫使该市退缩。此后，游行每年8月在苏黎世湖的拐角处加长路线。第一部汇编于当年出版：能源94街面 - 光盘。</p>\n<p>&nbsp;</p>\n<p><span style=\"text-decoration: underline;\">1995年&mdash;&mdash;参与者：150，000&mdash;&mdash;温度：24&deg;C</span><br />多达150，000名瑞士和外国狂欢者来到街头游行。双碟街游行95是第一次专门发布。</p>\n<p>&nbsp;</p>\n<p><span style=\"text-decoration: underline;\">1996年&mdash;&mdash;参与者：35万&mdash;&mdash;座右铭：狂欢继续</span><br />，街头游行首次由马雷克&middot;克林斯基、芭芭拉&middot;苏特和克里斯托夫&middot;索尔特曼诺夫斯基创立的专门协会组织。街头游行的官方标志是构思的：一个圆形红星内的风格化\"P\"。</p>\n<p>&nbsp;</p>\n<p><span style=\"text-decoration: underline;\">1997年-参与者：475，000-温度：27&deg;C-座右铭：攀登和舞蹈</span></p>\n<p>&nbsp;</p>\n<p><span style=\"text-decoration: underline;\">1998年&mdash;&mdash;参与者：450，000&mdash;&mdash;温度：28&deg;C&mdash;&mdash;座右铭：这一切都掌握在你手中</span><br />，街头游行可以首先在现场CD中听到，直接记录在Lovemobile上。随着音乐的播放，人们听到人群在后台欢呼和庆祝。这样，光盘就独一无二地描绘了街头游行的声音。</p>\n<p>&nbsp;</p>\n<p><span style=\"text-decoration: underline;\">1999年&mdash;&mdash;参与者：550，000&mdash;&mdash;温度：30&deg;C&mdash;&mdash;座右铭：在</span><br />街头游行之前和之后的一周里，广播街游行播出的时间超过两周。电台街头游行播放技术音乐、电子音乐和舞蹈、对DJ和音乐家的采访以及有关街头游行的报道。</p>\n<p>&nbsp;</p>\n<p><span style=\"text-decoration: underline;\">2000年&mdash;&mdash;参与者：750，000&mdash;&mdash;温度：32&deg;C&mdash;&mdash;座右铭：相信爱情</span><br />街头游行是瑞士电视SF1、3sat和Tele24首次直播。德国音乐电视VIVA在接下来的一周里播放了两个小时的摘要。</p>\n<p>&nbsp;</p>\n<p><span style=\"text-decoration: underline;\">2001年&mdash;&mdash;参与者：1，000，000人&mdash;&mdash;温度：21&deg;C&mdash;&mdash;座右铭：爱、自由、宽容</span><br />活动达到了创纪录的高度，有100万人参加狂欢。苏黎世街头游行走出了柏林爱情游行的阴影。</p>\n<p>&nbsp;</p>\n<p><span style=\"text-decoration: underline;\">2002年&mdash;&mdash;参与者：650，000&mdash;&mdash;温度：17&deg;C&mdash;&mdash;座右铭：和平！</span><br />雨会阻碍活动的成功。</p>\n<p>&nbsp;</p>\n<p><span style=\"text-decoration: underline;\">2003年&mdash;&mdash;参与者：900，000&mdash;&mdash;温度：37&deg;C&mdash;&mdash;座右铭：让太阳闪耀</span><br />非常炎热的天气，天空部分多云。出席人数略降至约90万人。然而，这与柏林事件更为剧烈的下降形成鲜明对比。为了降低某些街道的噪音水平，并为卡车提供更好的出口，今年路线的方向被颠倒了。</p>\n<p>&nbsp;</p>\n<p><span style=\"text-decoration: underline;\">2004年&mdash;&mdash;参与者：1，000，000&mdash;&mdash;温度：37&deg;C&mdash;&mdash;座右铭：文化</span><br />元素街头游行再次达到100万人。</p>\n<p>&nbsp;</p>\n<p><span style=\"text-decoration: underline;\">2005年&mdash;&mdash;参与者：1，000，000&mdash;&mdash;温度：23&deg;C&mdash;&mdash;座右铭：今天是明天</span><br />，一百万狂欢者和游客再次被正式引用。街头游行电台遇到了一些财政困难，但被苏黎世当地广播电台能源苏黎世和免费报纸20分钟救出。啤酒是第一次在官方饮料摊位上出售。许多人认为，街头游行的基调比以前更具侵略性。</p>\n<p>&nbsp;</p>\n<p><span style=\"text-decoration: underline;\">2006年-参与者：800，000-温度：17&deg;C-座右铭：移动你的头脑</span></p>\n<p>&nbsp;</p>\n<p><span style=\"text-decoration: underline;\">2007年&mdash;&mdash;参与者：800，000&mdash;&mdash;温度：23&deg;C&mdash;&mdash;座右铭：尊重</span><br />街头游行吸引了80万人，尽管天气预报很差。</p>\n<p>&nbsp;</p>\n<p><span style=\"text-decoration: underline;\">2008年-参与者：820，000-温度：24&deg;C-座右铭：友谊</span></p>\n<p>&nbsp;</p>\n<p><span style=\"text-decoration: underline;\">2009年&mdash;&mdash;参与者：600，000&mdash;&mdash;温度：19&deg;C&mdash;&mdash;座右铭：还有一个梦想</span></p>\n<p>&nbsp;</p>\n<p><span style=\"text-decoration: underline;\">2010年&mdash;&mdash;参与者：650，000&mdash;&mdash;温度：22&deg;C&mdash;&mdash;座右铭：庆祝街头游行的精神</span></p>\n<p>&nbsp;</p>\n<p><span style=\"text-decoration: underline;\">2011年&mdash;&mdash;参与者：900，000&mdash;&mdash;温度：28&deg;C&mdash;&mdash;座右铭：20年的爱、自由、宽容和尊重</span></p>\n<p>&nbsp;</p>\n<p><span style=\"text-decoration: underline;\">2012年-参与者：950，000-温度：24&deg;C-座右铭：跟随你的心</span></p>\n<p>&nbsp;</p>\n<p><span style=\"text-decoration: underline;\">2013-参与者：950，000-温度：25&deg;C-座右铭：自由之舞</span></p>\n<p>&nbsp;</p>\n<p><span style=\"text-decoration: underline;\">2014-参与者：950，000-温度：25&deg;C-座右铭：享受舞池-并保存它！</span></p>\n<p>&nbsp;</p>\n<p><span style=\"text-decoration: underline;\">2015-参与者：1'000，000-温度：32&deg;C-座右铭：神奇时刻</span></p>\n<p>&nbsp;</p>\n<p><span style=\"text-decoration: underline;\">2016-参与者：1'000，000-温度：26&deg;C-座右铭：苏黎世是独一无二的</span></p>\n<p>&nbsp;</p>\n<p><strong>组织</strong></p>\n<p>自1996年以来，该活动由维林街头游行协会（街头游行协会）组织。今天，街头游行具有流行节日的所有特征，无论从法律上讲，它仍然是一个政治示威。这免除了安全成本的组织，以及城市承担的所有其他费用。</p>\n<p>&nbsp;</p>\n<p><strong>政治方面</strong></p>\n<p>根据官方网站，\"街头游行仍然是一个呼吁大家生活在和平与宽容中的游行&rdquo;。&nbsp;</p>\n<p>&nbsp;</p>\n<p><strong>替代方案</strong></p>\n<p>自1996年以来，反示威的Antiparade在苏黎世举行，与街头游行同一天举行，以提供替代游行的替代方案。与柏林的Fuckparade类似，这种规模较小的技术计划的目标是展示反对俱乐部文化日益商业化。</p>",
 "contentEn": "<p>The&nbsp;<strong>Street Parade</strong>&nbsp;is the most attended<sup class=\"noprint Inline-Template Template-Fact\">[<em><span title=\"This claim needs references to reliable sources. (August 2016)\">citation needed</span></em>]</sup>&nbsp;technoparade&nbsp;in the world, since the&nbsp;end of Love Parade 2010. It takes place in&nbsp;Zurich,&nbsp;Switzerland&nbsp;and is the largest annual event in Zurich. Officially a demonstration for freedom, love and tolerance attended by up to a one million people, it proceeds along the side of&nbsp;Lake Zurich&nbsp;on the second Saturday of August.</p>\n<p>&nbsp;</p>\n<h2><span id=\"History\" class=\"mw-headline\">History</span></h2>\n<ul>\n<li><strong>1992 &mdash; participants: 1,000</strong><br />The first Street Parade (the&nbsp;English&nbsp;name is used in&nbsp;German) took place on September 5, 1992, initiated by student Marek Krynski and officially called the Demonstration for Love, Peace, Liberty, Generosity and Tolerance (German:&nbsp;<em lang=\"de\">Demonstration f&uuml;r Liebe, Frieden, Freiheit, Grossz&uuml;gigkeit und Toleranz</em>). About 1,000 took part in dancing behind two&nbsp;Lovemobiles.</li>\n</ul>\n<p>&nbsp;</p>\n<ul>\n<li><strong>1993 &mdash; participants: 10,000 &mdash; temp: 27&nbsp;&deg;C</strong><br />In only its second year, 10,000&nbsp;ravers&nbsp;participated.</li>\n</ul>\n<p>&nbsp;</p>\n<ul>\n<li><strong>1994 &mdash; participants: 20,000</strong><br />The parade was nearly banned by the head of the police department Robert Neukomm (Socialist Party) and Monika Stocker (Green Party), but strong protests from the media, the population and the techno music scene forced the city to back down. Since then the parade takes place every August with a lengthened route around the corner of Lake Zurich. The first compilation was published that year:&nbsp;<em>Energy 94 Streetparade - The Disc.</em></li>\n</ul>\n<p>&nbsp;</p>\n<ul>\n<li><strong>1995 &mdash; participants: 150,000 &mdash; temp: 24&nbsp;&deg;C</strong><br />As many as 150,000 Swiss and foreign ravers come to the Street Parade. The double-disc&nbsp;<em>Street Parade 95</em>&nbsp;is the first dedicated release.</li>\n</ul>\n<p>&nbsp;</p>\n<ul>\n<li><strong>1996 &mdash; participants: 350,000 &mdash; motto: The Rave-olution continues</strong><br />For the first time, the Street Parade is organized by its own dedicated Association, founded by Marek Krynski, Barbara Suter and Christoph Soltmannowski. The official logo of the Street Parade is conceived: a stylized \"P\" inside a rounded red star.</li>\n</ul>\n<p>&nbsp;</p>\n<ul>\n<li><strong>1997 &mdash; participants: 475,000 &mdash; temp: 27&nbsp;&deg;C &mdash; motto: Climb &amp; Dance</strong></li>\n</ul>\n<p>&nbsp;</p>\n<ul>\n<li><strong>1998 &mdash; participants: 450,000 &mdash; temp: 28&nbsp;&deg;C &mdash; motto: It's All In Your Hands</strong><br />The Street Parade can be first heard in a live CD, directly recorded on a Lovemobile. As music plays, the crowds are heard cheering and celebrating in the background. In this way the disc uniquely portrays the voice of the Street Parade.</li>\n</ul>\n<p>&nbsp;</p>\n<ul>\n<li><strong>1999 &mdash; participants: 550,000 &mdash; temp: 30&nbsp;&deg;C &mdash; motto: More than Words</strong><br />Radio Street Parade goes on the air for about two weeks prior to and about a week following the Street Parade. Radio Street Parade broadcasts techno music, electronica and dance, interviews with DJs and musicians as well as reports about the Street Parade.</li>\n</ul>\n<p>&nbsp;</p>\n<ul>\n<li><strong>2000 &mdash; participants: 750,000 &mdash; temp: 32&nbsp;&deg;C &mdash; motto: Believe in Love</strong><br />The Street Parade is for the first time broadcast live on Swiss television SF1, 3sat and Tele 24. The German music television&nbsp;VIVA&nbsp;showed two-hour summaries in the following week.</li>\n</ul>\n<p>&nbsp;</p>\n<ul>\n<li><strong>2001 &mdash; participants: 1,000,000 &mdash; temp: 21&nbsp;&deg;C &mdash; motto: Love, Freedom, Tolerance</strong><br />The event reaches record heights with one million participating ravers. The Zurich Street Parade came out of the shadow of the Berlin Love Parade.</li>\n</ul>\n<p>&nbsp;</p>\n<ul>\n<li><strong>2002 &mdash; participants: 650,000 &mdash; temp: 17&nbsp;&deg;C &mdash; motto: Peace!</strong><br />Rain dampens success of the event.</li>\n</ul>\n<p>&nbsp;</p>\n<ul>\n<li><strong>2003 &mdash; participants: 900,000 &mdash; temp: 37&nbsp;&deg;C &mdash; motto: Let the Sun Shine</strong><br />Very hot weather with partly clouded sky. Attendance slightly down to an estimated 900,000. However, this contrasts to far more drastic declines in the Berlin event. The direction of the route was reversed in this year in order to reduce noise levels on certain streets, and to provide better exits for the trucks.</li>\n</ul>\n<p>&nbsp;</p>\n<ul>\n<li><strong>2004 &mdash; participants: 1,000,000 &mdash; temp: 37&nbsp;&deg;C &mdash; motto: Elements of Culture</strong><br />The Street Parade again reaches a 1,000,000-person count.</li>\n</ul>\n<p>&nbsp;</p>\n<ul>\n<li><strong>2005 &mdash; participants: 1,000,000 &mdash; temp: 23&nbsp;&deg;C &mdash; motto: Today is Tomorrow</strong><br />A million&nbsp;ravers&nbsp;and visitors are officially cited once again. The Street Parade Radio ran into some financial difficulties, but was rescued by the Zurich local radio station&nbsp;Energy Z&uuml;rich&nbsp;and the free newspaper&nbsp;20 Minuten. Beer was for the first time available at official drink stands. It was perceived by many that the Street Parade took on a more aggressive tone than before.</li>\n</ul>\n<p>&nbsp;</p>\n<ul>\n<li><strong>2006 &mdash; participants: 800,000 &mdash; temp: 17&nbsp;&deg;C &mdash; motto: Move Your Mind</strong></li>\n</ul>\n<p>&nbsp;</p>\n<ul>\n<li><strong>2007 &mdash; participants: 800,000 &mdash; temp: 23&nbsp;&deg;C &mdash; motto: Respect</strong><br />The Street Parade attracts 800,000 people despite the bad weather forecast.</li>\n</ul>\n<p>&nbsp;</p>\n<ul>\n<li><strong>2008 &mdash; participants: 820,000 &mdash; temp: 24&nbsp;&deg;C &mdash; motto: Friendship</strong></li>\n</ul>\n<p>&nbsp;</p>\n<ul>\n<li><strong>2009 &mdash; participants: 600,000 &mdash; temp: 19&nbsp;&deg;C &mdash; motto: Still have a Dream</strong></li>\n</ul>\n<p>&nbsp;</p>\n<ul>\n<li><strong>2010 &mdash; participants: 650,000 &mdash; temp: 22&nbsp;&deg;C &mdash; motto: Celebrate the Spirit of Street Parade</strong></li>\n</ul>\n<p>&nbsp;</p>\n<ul>\n<li><strong>2011 &mdash; participants: 900,000 &mdash; temp: 28&nbsp;&deg;C &mdash; motto: 20 Years Love, Freedom, Tolerance &amp; Respect</strong></li>\n</ul>\n<p>&nbsp;</p>\n<ul>\n<li><strong>2012 &mdash; participants: 950,000 &mdash; temp: 24&nbsp;&deg;C &mdash; motto: Follow your Heart</strong></li>\n</ul>\n<p>&nbsp;</p>\n<ul>\n<li><strong>2013 &mdash; participants: 950,000 &mdash; temp: 25&nbsp;&deg;C &mdash; motto: Dance for Freedom</strong></li>\n</ul>\n<p>&nbsp;</p>\n<ul>\n<li><strong>2014 &mdash; participants: 950,000 &mdash; temp: 25&nbsp;&deg;C &mdash; motto: Enjoy the Dancefloor - and save it!</strong></li>\n</ul>\n<p>&nbsp;</p>\n<ul>\n<li><strong>2015 &mdash; participants: 1'000,000 &mdash; temp: 32&nbsp;&deg;C &mdash; motto: Magic Moments</strong></li>\n</ul>\n<p>&nbsp;</p>\n<ul>\n<li><strong>2016 &mdash; participants: 1'000,000 &mdash; temp: 26&nbsp;&deg;C &mdash; motto: Zurich is unique</strong></li>\n</ul>\n<p>&nbsp;</p>\n<h2><span id=\"Organization\" class=\"mw-headline\">Organization</span></h2>\n<p>Since 1996, the event is organized by the Verein Street Parade (Street Parade Association). Today,<sup class=\"noprint Inline-Template\">[<em><span title=\"The time period mentioned near this tag is ambiguous. (August 2016)\">when?</span></em>]</sup>&nbsp;the Street Parade has all the character of a popular festival, however legally it is still a political demonstration. This frees the organisation of security costs, among all else that the city takes under its charge.</p>\n<p>&nbsp;</p>\n<h2><span id=\"Political_aspects\" class=\"mw-headline\">Political aspects</span></h2>\n<p>According to the official website, \"The Street Parade is still a demonstration that calls on everyone to live together in peace and tolerance.\"<sup id=\"cite_ref-1\" class=\"reference\">[1]</sup></p>\n<p>&nbsp;</p>\n<h2><span id=\"Alternatives\" class=\"mw-headline\">Alternatives</span></h2>\n<p>Since 1996 the counterparade&nbsp;<em>Antiparade</em>&nbsp;takes place in Zurich on the same day as the Street Parade to provide an alternative to it. Similar to the&nbsp;Fuckparade&nbsp;in Berlin, the goal of this smaller technoparade is to demonstrate against the increasing commercialisation of club culture.<sup id=\"cite_ref-2\" class=\"reference\">[2]</sup><sup id=\"cite_ref-3\" class=\"reference\">[3]</sup></p>\n<p>&nbsp;</p>\n<h2><span id=\"References\" class=\"mw-headline\">References</span></h2>\n<div class=\"reflist\">\n<div class=\"mw-references-wrap\">\n<ol class=\"references\">\n<li id=\"cite_note-1\"><span class=\"mw-cite-backlink\"><strong>^</strong></span>&nbsp;<span class=\"reference-text\">20 Years Love, Freedom, Tolerance &amp; Respect&nbsp;Archived&nbsp;2011-08-31 at the&nbsp;Wayback Machine&nbsp;on streetparade.com, accessed March 2012.</span></li>\n<li id=\"cite_note-2\"><span class=\"mw-cite-backlink\"><strong>^</strong></span>&nbsp;<span class=\"reference-text\"><cite class=\"citation web cs1\">\"The Antiparade &ndash; Parade of the Nerds\"&nbsp;(in German).&nbsp;Neue Z&uuml;rcher Zeitung. 15 August 2011<span class=\"reference-accessdate\">. Retrieved&nbsp;<span class=\"nowrap\">9 August</span>&nbsp;2016</span>.</cite></span></li>\n<li id=\"cite_note-3\"><span class=\"mw-cite-backlink\"><strong>^</strong></span>&nbsp;<span class=\"reference-text\"><cite class=\"citation web cs1\">\"The Parade of the Orthodox\"&nbsp;(in German).&nbsp;Tages-Anzeiger. 15 August 2010<span class=\"reference-accessdate\">. Retrieved&nbsp;<span class=\"nowrap\">9 August</span>&nbsp;2016</span>.</cite></span></li>\n</ol>\n</div>\n</div>",
 "remarks": "本词条汉字内容由 @多频百科团队 翻译+编辑\n原文译自 https://en.wikipedia.org/wiki/Street_Parade",
 "remarksEn": "本词条内容来自 https://en.wikipedia.org/wiki/Street_Parade",
 "status": 1,
 "clickNum": 13,
 "deleted": 0,
 "lang": 0,
 "chooseLang": true,
 "id": 167,
 "name": "Streetparade",
 "descriptions": "自2010年爱情游行结束以来，街头游行是世界上参加technoparade最多的一次。活动在瑞士苏黎世举行，是苏黎世最大的年度盛会。8月的第二个星期六，苏黎世湖畔将举行一场由多达100万人参加的自由、爱和宽容的正式示威活动。",
 "originalName": "",
 "holdTimeText": "",
 "holdAddress": "Lake Zurich, Zurich, Switzerland",
 "searchAddress": "瑞士",
 "sponsor": "Marek Krynski",
 "foundTimeText": "1992",
 "officialUrl": "https://www.streetparade.com/en/",
 "referenceUrl": "https://en.wikipedia.org/wiki/Street_Parade",
 "nonceStatusText": "运营中",
 "typeId": 16,
 "typeName": "电音节",
 "dataId": 167,
 "url": "http://dropinapp.hearinmusic.com/#/ency?typeId=16&dataId=167"
}