{
 "pageNum": 1,
 "pageSize": 10,
 "params": {},
 "content": "<p>Track listing\r\n\"...Blimey!\" – 3:20\r\n\"O-I\" – 3:46\r\n\"Vita Voom\" – 4:41\r\n\"Jurassic Shift\" – 13:00\r\n\"Sunrise Jam\" – 8:35\r\n\"Erpland\" – 6:14\r\n\"Snakepit\" – 4:47\r\n\"Eternal Wheel\" – 10:31\r\n\"White Rhino Tea\" – 6:45\r\n\"Tidal Convergence\" - 10:22\r\nThe band\r\nEd Wynne – guitar & keyboards\r\nJoie Hinton – keyboards\r\nBrandi Wynne – bass guitar\r\nMerv Pepler – drums</p>\n\r<p>曲目列表\r\n“…天哪！”– 3:20\r\n“O-I”–3:46\r\n“生命之旅”–4:41\r\n《侏罗纪轮班》–13:00\r\n“日出果酱”–8:35\r\n“厄普兰”–6:14\r\n“蛇坑”–4:47\r\n“永恒之轮”–10:31\r\n“白犀牛茶”–6:45\r\n“潮汐辐合”-10:22\r\n乐队\r\nEd Wynne–吉他和键盘\r\nJoie Hinton–键盘\r\nBrandi Wynne–低音吉他\r\nMerv Pepler–鼓</p>\n\r<p></p>\n\r<p></p>",
 "remarks": "本词条内容暂未完善仅供参考，多频百科小编正在火速赶来",
 "remarksEn": "本词条内容暂未完善仅供参考，多频百科小编正在火速赶来",
 "status": 0,
 "clickNum": 0,
 "deleted": 0,
 "lang": 0,
 "chooseLang": false,
 "id": 144,
 "name": "Sunrise Festival",
 "descriptions": "Sunrise Festival, released in 2008, was a live album from the Ozric Tentacles, recorded 1 June 2007 at the Sunrise Celebration Festival, Somerset, England. This recording marks the return of Merv Pepler and Joie Hinton to the band, who had left in 1995 to form Eat Static. The second disc is a DVD containing a bonus track \"The Throbbe\" following \"Erpland.\"\n\rSunrise Festival于2008年发行，是一张来自Ozric Tentacles的现场专辑，于2007年6月1日在英格兰萨默塞特的Sunrise Celebration Festival上录制。这张专辑标志着Merv Pepler和Joie Hinton回到乐队，他们于1995年离开乐队组建Eat Static。第二张碟片是一张DVD，在“Erpland”之后有一个额外的音轨“The Throbbe”",
 "picture": "https://duopin-community.oss-cn-shenzhen.aliyuncs.com/s25uc0ksux9qy1yyow7y.jpg",
 "originalName": "",
 "holdTimeText": "",
 "holdAddress": "",
 "searchAddress": "",
 "sponsor": "",
 "foundTimeText": "",
 "referenceUrl": "",
 "nonceStatusText": "",
 "typeId": 16,
 "typeName": "电音节",
 "dataId": 144,
 "url": "http://dropinapp.hearinmusic.com/#/ency?typeId=16&dataId=144"
}