{
 "pageNum": 1,
 "pageSize": 10,
 "params": {},
 "content": "<p>布达佩斯岛节（匈牙利语：Sziget Festival）是匈牙利首都布达佩斯在每年八月举办的一项活动，是欧洲规模最大的音乐和文化活动之一，自1993年开始举办。布达佩斯岛节的举办场地是造船场岛，为期一个礼拜。</p>",
 "contentEn": "<p>The&nbsp;<strong>Sziget Festival</strong>&nbsp;(Hungarian:&nbsp;<em lang=\"hu\">Sziget Fesztiv&aacute;l</em>,&nbsp;<small>pronounced&nbsp;</small><span class=\"IPA\" title=\"Representation in the International Phonetic Alphabet (IPA)\">[ˈsiɡɛt ˈfɛstivaːl]</span>; \"Sziget\" for \"Island\") is one of the largest&nbsp;music&nbsp;and&nbsp;cultural festivals&nbsp;in&nbsp;Europe. It is held every August in northern&nbsp;Budapest, Hungary, on&nbsp;&Oacute;budai-sziget&nbsp;(\"Old Buda Island\"), a leafy 108-hectare&nbsp;(266-acre) island on the&nbsp;Danube. More than 1,000 performances take place each year.</p>\n<p>&nbsp;</p>\n<p>The week-long festival has grown from a relatively low-profile student event in 1993 to become one of the prominent European&nbsp;rock festivals, with about half of all visitors coming from outside Hungary, especially from Western Europe.<sup id=\"cite_ref-1\" class=\"reference\">[1]</sup>&nbsp;It also has a dedicated \"party train\" service (with resident DJs) that transports festival-goers from all over Europe.<sup id=\"cite_ref-2\" class=\"reference\">[2]</sup>&nbsp;The second event (1994), labelled&nbsp;<em>Eurowoodstock</em>, was headlined by performers from the original&nbsp;Woodstock&nbsp;festival. By 1997, total attendance surpassed the 250,000 mark, reaching 496,000 visitors from 95 countries in 2016 (the daily capacity having been raised to 90,000).<sup id=\"cite_ref-3\" class=\"reference\">[3]</sup>&nbsp;In 2019 that record was once broken when 565,000 visitors attended the festival.<sup id=\"cite_ref-4\" class=\"reference\">[4]</sup>&nbsp;Since the mid 2000s, Sziget Festival has been increasingly labelled as a European alternative to the&nbsp;Burning Man&nbsp;festival due to its unique features (\"an electronically amplified, warped amusement park that has nothing to do with reality\").<sup id=\"cite_ref-5\" class=\"reference\">[5]</sup></p>\n<p>&nbsp;</p>\n<p>In 2011, Sziget was ranked one of the 5 best festivals in Europe by&nbsp;<em>The Independent</em>.<sup id=\"cite_ref-6\" class=\"reference\">[6]</sup>&nbsp;The festival is a two-time winner at the&nbsp;European Festivals Awards&nbsp;in the category&nbsp;<em>Best Major European Festival</em>, in 2011 and 2014.<sup id=\"cite_ref-award_7-0\" class=\"reference\">[7]</sup></p>\n<p>&nbsp;</p>\n<p>In 2002, Sziget branched out to&nbsp;Transylvania&nbsp;when its organisers co-created a new annual festival there titled&nbsp;F&eacute;lsziget Fesztiv&aacute;l&nbsp;(Romanian:&nbsp;<em>Festivalul Peninsula</em>) that soon became the largest of its kind in&nbsp;Romania.<sup id=\"cite_ref-8\" class=\"reference\">[8]</sup>&nbsp;In 2007, the organisers co-created&nbsp;Balaton Sound, an&nbsp;electronic music&nbsp;festival held on the southern bank of&nbsp;Lake Balaton&nbsp;that quickly gained popularity.</p>\n<p>&nbsp;</p>\n<h2><span id=\"History\" class=\"mw-headline\">History</span></h2>\n<p>Following the end of the Communist era in 1989, the formerly lively summer festival scene in Budapest faced a crisis due to a sudden loss of governmental funding. A group of artists and rock enthusiasts proposed the Sziget event as a way to bridge this gap. The festival was started in 1993, originally called&nbsp;<em>Di&aacute;ksziget</em>&nbsp;(Student Island). This first event was organised by music fans in their spare time and ran well over budget, taking until 1997 to repay the losses. From 1996 to 2001 it was sponsored by&nbsp;Pepsi&nbsp;and renamed&nbsp;<em>Pepsi Sziget.</em>&nbsp;It has been called&nbsp;<em>Sziget Fesztiv&aacute;l</em>&nbsp;(\"island festival\") since 2002.</p>\n<p>&nbsp;</p>\n<p>A comprehensive survey was done and published on the risktaking behaviour and mood of Sziget visitors (2007) by the National Institute for Health Promotion (OEI). The survey revealed amongst others that the last sexual encounter of 9.4% of its participants was unprotected.<sup id=\"cite_ref-9\" class=\"reference\">[9]</sup></p>\n<p>&nbsp;</p>\n<h2><span id=\"Sziget_Festival_Now\" class=\"mw-headline\">Sziget Festival Now</span></h2>\n<p>Sziget Festival is notable in that it contains acts from many different genres. 2006 saw, among others, a blues stage, a jazz tent, a world music stage, alongside the main stage with more typical popular rock acts.</p>\n<p>&nbsp;</p>\n<p>The festival is popular with west&nbsp;Europeans. Around 50% of visitors come from outside Hungary, with the largest group coming from the&nbsp;Netherlands. Many also come from&nbsp;Belgium, the&nbsp;UK,&nbsp;Germany,&nbsp;Italy,&nbsp;France,&nbsp;Ireland&nbsp;and&nbsp;Romania.</p>\n<p>&nbsp;</p>\n<p>Being located on an island, some festival goers have tried to enter by swimming across the Danube or by paddling across in inflatable rafts. The organisers very much discourage these attempts as it is dangerous due to the tricky nature of the fast-flowing Danube river.</p>\n<p>&nbsp;</p>\n<h2><span id=\"2008\" class=\"mw-headline\">2008</span></h2>\n<p>In 2008, Sziget Festival lasted from 11 to 18 August. The festival, instead of 7+1 days as in 2007, was 5+2 days long, with a \"zeroeth day\" that featured one major gig (Iron Maiden)<sup id=\"cite_ref-10\" class=\"reference\">[10]</sup>&nbsp;and a special \"minus first day\" called \"Day of Hungarian Songs\" that headlined a number of popular Hungarian rock bands (including&nbsp;LGT&nbsp;and&nbsp;Beatrice). As well as Iron Maiden,&nbsp;R.E.M.,<sup id=\"cite_ref-11\" class=\"reference\">[11]</sup>&nbsp;Mass Hysteria,&nbsp;Babyshambles,&nbsp;Sex Pistols,&nbsp;Jamiroquai,&nbsp;Anti-Flag,&nbsp;Flogging Molly,&nbsp;Alanis Morissette,&nbsp;The Killers,&nbsp;The Kooks,&nbsp;Kaiser Chiefs,&nbsp;The Cribs,&nbsp;Speak&nbsp;and many other were also confirmed, the day of their performance is available at&nbsp;the Sziget website. The length of the festival was reduced so that the residents living in the neighborhoods nearby would have less trouble because of the noise. The organizers plan to take further steps to reduce noise: the metal stage will be open until 11 pm only and noise filtering walls will be built near the noisiest stages.<sup id=\"cite_ref-12\" class=\"reference\">[12]</sup></p>\n<p>&nbsp;</p>\n<h2><span id=\"2009\" class=\"mw-headline\">2009</span></h2>\n<p>Sziget 2009 was 10&ndash;17 August 2009. The festival had a 5+2 day schedule again. The \"zeroeth day\" had a&nbsp;Rock Against Racism&nbsp;concert, featuring mostly Hungarian bands. The \"minus first day\" had one major gig again, this time the 20th anniversary concert of Hungarian rock band&nbsp;Tankcsapda.</p>\n<p>&nbsp;</p>\n<h2><span id=\"2011\" class=\"mw-headline\">2011</span></h2>\n<h3><span id=\"Mainstage\" class=\"mw-headline\">Mainstage</span></h3>\n<p>Prince,&nbsp;Thirty Seconds to Mars,&nbsp;The Prodigy,&nbsp;Pulp,&nbsp;Chemical Brothers,&nbsp;White Lies,&nbsp;Kasabian,&nbsp;Kaiser Chiefs,&nbsp;Manic Street Preachers,&nbsp;Dizzee Rascal,&nbsp;Interpol,&nbsp;Flogging Molly,&nbsp;Kate Nash,&nbsp;British Sea Power,&nbsp;Skunk Anansie,&nbsp;Gogol Bordello,&nbsp;La Roux,&nbsp;Rise Against,&nbsp;The National,&nbsp;Hadouken!,&nbsp;Good Charlotte,&nbsp;Batucada Sound Machine.</p>\n<p>&nbsp;</p>\n<h2><span id=\"Lawsuit\" class=\"mw-headline\">Lawsuit</span></h2>\n<p>Dr. Tamas Derce, the mayor of&nbsp;&Uacute;jpest, the 4th district of&nbsp;Budapest, has sued Sziget Festival, claiming that the event is so loud the locals cannot sleep at night. The mayor wants to force the organisers by court decision to cease every program between 6 pm and 10 am - which virtually means closing down the festival. The mayor already lost a similar case against Sziget at court in 2002.<sup id=\"cite_ref-13\" class=\"reference\">[13]</sup>&nbsp;The organizers of the 2008 festival promised local officials that the main stage will shut down at 11 pm and no music on that stage will be played after that. For this reason the Iron Maiden concert was taken from its original starting time of 9:30 pm to 9:00 pm.</p>\n<p>&nbsp;</p>\n<h2><span id=\"References\" class=\"mw-headline\">References</span></h2>\n<div class=\"reflist\">\n<div class=\"mw-references-wrap mw-references-columns\">\n<ol class=\"references\">\n<li id=\"cite_note-1\"><span class=\"mw-cite-backlink\"><strong>^</strong></span>&nbsp;<span class=\"reference-text\"><cite class=\"citation web cs1\">\"Latest Singapore and International News on xinmsn News\". News.sg.msn.com. 2014-06-12. Archived from&nbsp;the original&nbsp;on 2012-05-30<span class=\"reference-accessdate\">. Retrieved&nbsp;<span class=\"nowrap\">2014-06-27</span></span>.</cite></span></li>\n<li id=\"cite_note-2\"><span class=\"mw-cite-backlink\"><strong>^</strong></span>&nbsp;<span class=\"reference-text\"><cite class=\"citation web cs1\">\"&Aacute;llami t&aacute;mogat&aacute;st k&eacute;r a Sziget\"&nbsp;[Calls for state aid to island] (in Hungarian). Archived from&nbsp;the original&nbsp;on 11 April 2009.</cite></span></li>\n<li id=\"cite_note-3\"><span class=\"mw-cite-backlink\"><strong>^</strong></span>&nbsp;<span class=\"reference-text\"><cite class=\"citation web cs1\">\"Sziget Festival sees record attendance of 441,000\". Budapest Business Journal.</cite></span></li>\n<li id=\"cite_note-4\"><span class=\"mw-cite-backlink\"><strong>^</strong></span>&nbsp;<span class=\"reference-text\"><cite class=\"citation web cs1\">\"Sziget 2018: 9 Millionth Visitor, Record Number of Festival Goers and Last Concerts in the Rain\".&nbsp;<em>Hungary Today</em>. 2018-08-15<span class=\"reference-accessdate\">. Retrieved&nbsp;<span class=\"nowrap\">2019-08-04</span></span>.</cite></span></li>\n<li id=\"cite_note-5\"><span class=\"mw-cite-backlink\"><strong>^</strong></span>&nbsp;<span class=\"reference-text\"><cite class=\"citation web cs1\">\"Index - Kult - Mikor &eacute;getnek m&aacute;r &oacute;ri&aacute;si b&aacute;bukat a Szigeten?\". Index.hu<span class=\"reference-accessdate\">. Retrieved&nbsp;<span class=\"nowrap\">2014-06-27</span></span>.</cite></span></li>\n<li id=\"cite_note-6\"><span class=\"mw-cite-backlink\"><strong>^</strong></span>&nbsp;<span class=\"reference-text\"><cite class=\"citation web cs1\">\"Index - Kult&uacute;r - A Sziget az &ouml;t legjobb fesztiv&aacute;l k&ouml;z&ouml;tt van\". Index.hu. 2011-03-10<span class=\"reference-accessdate\">. Retrieved&nbsp;<span class=\"nowrap\">2014-06-27</span></span>.</cite></span></li>\n<li id=\"cite_note-award-7\"><span class=\"mw-cite-backlink\"><strong>^</strong></span>&nbsp;<span class=\"reference-text\"><cite class=\"citation web cs1\">\"Sziget=Best Major European Festival\". szigetfestival.com. 2015-01-15. Archived from&nbsp;the original&nbsp;on 2015-07-01<span class=\"reference-accessdate\">. Retrieved&nbsp;<span class=\"nowrap\">2015-11-02</span></span>.</cite></span></li>\n<li id=\"cite_note-8\"><span class=\"mw-cite-backlink\"><strong>^</strong></span>&nbsp;<span class=\"reference-text\"><cite class=\"citation web cs1\">\"F&eacute;lsziget - Peninsula 2014\". Felsziget.ro. Archived from&nbsp;the original&nbsp;on 2017-08-03<span class=\"reference-accessdate\">. Retrieved&nbsp;<span class=\"nowrap\">2014-06-27</span></span>.</cite></span></li>\n<li id=\"cite_note-9\"><span class=\"mw-cite-backlink\"><strong>^</strong></span>&nbsp;<span class=\"reference-text\"><cite class=\"citation web cs1\">\"Sziget elemz&eacute;s-SOI, szenzoros &eacute;lm&eacute;nykeres&eacute;s\"&nbsp;<span class=\"cs1-format\">(PDF)</span><span class=\"reference-accessdate\">. Retrieved&nbsp;<span class=\"nowrap\">2014-06-27</span></span>.</cite></span></li>\n<li id=\"cite_note-10\"><span class=\"mw-cite-backlink\"><strong>^</strong></span>&nbsp;<span class=\"reference-text\"><cite class=\"citation web cs1\">\"Iron Maiden confirmed to headline Sziget Festival's Zero Day!\". Sziget.hu. Archived from&nbsp;the original&nbsp;on 10 August 2007<span class=\"reference-accessdate\">. Retrieved&nbsp;<span class=\"nowrap\">2014-06-27</span></span>.</cite></span></li>\n<li id=\"cite_note-11\"><span class=\"mw-cite-backlink\"><strong>^</strong></span>&nbsp;<span class=\"reference-text\"><cite class=\"citation web cs1\">\"R.E.M. to perform on Sziget with new album\". Sziget.hu. Archived from&nbsp;the original&nbsp;on 10 August 2007<span class=\"reference-accessdate\">. Retrieved&nbsp;<span class=\"nowrap\">2014-06-27</span></span>.</cite></span></li>\n<li id=\"cite_note-12\"><span class=\"mw-cite-backlink\"><strong>^</strong></span>&nbsp;<span class=\"reference-text\"><cite class=\"citation web cs1\">\"R&ouml;videbb, jobb &eacute;s nem dr&aacute;g&aacute;bb\"&nbsp;[Shorter, better, and not expensive] (in Hungarian). Sziget-hu. Archived from&nbsp;the originalon 13 December 2007.</cite></span></li>\n<li id=\"cite_note-13\"><span class=\"mw-cite-backlink\"><strong>^</strong></span>&nbsp;<span class=\"reference-text\"><cite class=\"citation web cs1\">\"Z&aacute;rjon be a Sziget este 10-kor?!\"&nbsp;[Shut off the Island at 10 pm&nbsp;?!] (in Hungarian). Archived from&nbsp;the original&nbsp;on 19 December 2007.</cite></span></li>\n<li id=\"cite_note-15\"><span class=\"mw-cite-backlink\"><strong>^</strong></span>&nbsp;<span class=\"reference-text\"><cite class=\"citation web cs1\">\"Sziget Festival Vlaanderen\".</cite></span></li>\n<li id=\"cite_note-16\"><span class=\"mw-cite-backlink\"><strong>^</strong></span>&nbsp;<span class=\"reference-text\"><cite class=\"citation web cs1\">\"Sziget Festival - News\". Sziget.hu<span class=\"reference-accessdate\">. Retrieved&nbsp;<span class=\"nowrap\">2014-06-27</span></span>.</cite></span></li>\n<li id=\"cite_note-17\"><span class=\"mw-cite-backlink\"><strong>^</strong></span>&nbsp;<span class=\"reference-text\"><cite class=\"citation web cs1\">\"Sziget Festival - News\". Archived from&nbsp;the original&nbsp;on 2016-03-04<span class=\"reference-accessdate\">. Retrieved&nbsp;<span class=\"nowrap\">2014-08-20</span></span>.</cite></span></li>\n<li id=\"cite_note-18\"><span class=\"mw-cite-backlink\"><strong>^</strong></span>&nbsp;<span class=\"reference-text\"><cite class=\"citation web cs1\">\"Archived copy\". Archived from&nbsp;the original&nbsp;on 2016-03-04<span class=\"reference-accessdate\">. Retrieved&nbsp;<span class=\"nowrap\">2016-03-04</span></span>.</cite></span></li>\n<li id=\"cite_note-19\"><span class=\"mw-cite-backlink\"><strong>^</strong></span>&nbsp;<span class=\"reference-text\">http://nol.hu/belfold/rekordot-dontott-a-sziget-felmillioan-jartak-a-fesztivalon-1628107</span></li>\n<li id=\"cite_note-20\"><span class=\"mw-cite-backlink\"><strong>^</strong></span>&nbsp;<span class=\"reference-text\"><cite class=\"citation web cs1\">\"Fijne feestdagen met nieuwe acts voor #Sziget2016!\".&nbsp;<em>nl.szigetfestival.com</em>&nbsp;(in Dutch). Archived from&nbsp;the original&nbsp;on 2016-01-10<span class=\"reference-accessdate\">. Retrieved&nbsp;<span class=\"nowrap\">2016-01-04</span></span>.</cite></span></li>\n<li id=\"cite_note-21\"><span class=\"mw-cite-backlink\"><strong>^</strong></span>&nbsp;<span class=\"reference-text\"><cite class=\"citation web cs1\">\"First names for Sziget 2016\".&nbsp;<em>en.szigetfestival.com</em>. Archived from&nbsp;the original&nbsp;on 2016-03-04<span class=\"reference-accessdate\">. Retrieved&nbsp;<span class=\"nowrap\">2016-01-04</span></span>.</cite></span></li>\n<li id=\"cite_note-22\"><span class=\"mw-cite-backlink\"><strong>^</strong></span>&nbsp;<span class=\"reference-text\"><cite class=\"citation web cs1\">\"Sziget Festival 2017 line-up and rumours\"<span class=\"reference-accessdate\">. Retrieved&nbsp;<span class=\"nowrap\">2017-07-18</span></span>.</cite></span></li>\n<li id=\"cite_note-23\"><span class=\"mw-cite-backlink\"><strong>^</strong></span>&nbsp;<span class=\"reference-text\">http://elmenyem.hu/content/sziget-2017-452-ezer-latogato-erkezett-a-jubileumra-1/#_=_</span></li>\n<li id=\"cite_note-24\"><span class=\"mw-cite-backlink\"><strong>^</strong></span>&nbsp;<span class=\"reference-text\">http://elmenyem.hu/fesztivalok/hazai-fesztivalok/sziget-fesztival-2019/sziget-2018-massziv-latogatorekord-az-elso-2019-es-headliner-mar-egy-honap-mulva-johet/</span></li>\n<li id=\"cite_note-25\"><span class=\"mw-cite-backlink\"><strong>^</strong></span>&nbsp;<span class=\"reference-text\">https://hungarytoday.hu/sziget-festival-2019-visitors-attendance/</span></li>\n<li id=\"cite_note-2020.cancellation-26\"><span class=\"mw-cite-backlink\"><strong>^</strong></span><span class=\"reference-text\">https://web.archive.org/web/20200518233809/https://szigetfestival.com/en-int/</span></li>\n<li id=\"cite_note-27\"><span class=\"mw-cite-backlink\"><strong>^</strong></span>&nbsp;<span class=\"reference-text\"><cite class=\"citation web cs1\">\"J&ouml;vőre is Magyar Sziget!\"&nbsp;[Hungarian Sziget next year!] (in Hungarian). Archived from&nbsp;the original&nbsp;on 31 August 2003.</cite></span></li>\n</ol>\n</div>\n</div>",
 "remarks": "本词条内容来自 https://zh.wikipedia.org/wiki/%E5%B8%83%E9%81%94%E4%BD%A9%E6%96%AF%E5%B3%B6%E7%AF%80",
 "remarksEn": "本词条内容来自 https://en.wikipedia.org/wiki/Sziget_Festival",
 "status": 1,
 "clickNum": 14,
 "deleted": 0,
 "lang": 0,
 "chooseLang": true,
 "id": 157,
 "name": "Sziget Festival",
 "descriptions": "布达佩斯岛节（匈牙利语：Sziget Festival）是匈牙利首都布达佩斯在每年八月举办的一项活动，是欧洲规模最大的音乐和文化活动之一，自1993年开始举办。布达佩斯岛节的举办场地是造船场岛，为期一个礼拜。",
 "picture": "https://duopin-community.oss-cn-shenzhen.aliyuncs.com/1n020m6hdo59rqur6yry.jpg",
 "originalName": "布达佩斯岛节",
 "holdTimeText": "Seven days, usually starting in the first week of August",
 "holdAddress": "Budapest, Hungary",
 "searchAddress": "匈牙利",
 "joinScale": 250000,
 "sponsor": "Müller Péter Sziámi, Károly Gerendai and others",
 "foundTimeText": "1993",
 "officialUrl": "https://szigetfestival.com/hu/",
 "referenceUrl": "https://zh.wikipedia.org/wiki/%E5%B8%83%E9%81%94%E4%BD%A9%E6%96%AF%E5%B3%B6%E7%AF%80",
 "nonceStatusText": "运营中",
 "typeId": 16,
 "typeName": "电音节",
 "dataId": 157,
 "url": "http://dropinapp.hearinmusic.com/#/ency?typeId=16&dataId=157"
}