{
 "pageNum": 1,
 "pageSize": 10,
 "params": {},
 "relationChannel": "",
 "content": "<div>\n<div class=\"document\">\n<p class=\"paragraph text-align-type-left pap-line-1.8 pap-line-rule-auto pap-spacing-before-2pt pap-spacing-after-2pt\">2007 年举办了第一届比利时 X-Qlusive，一年后举办了第一届比利时唯一的 Q-dance 节：The Qontinent。比利时的活动由安特卫普的 Q-dance 办公室组织。</p>\n</div>\n</div>",
 "contentEn": "<p>In 2007 the first Belgian X-Qlusive was organized and a year later the very first Belgian only Q-dance festival was organized: The Qontinent. The events in Belgium are organized by the Q-dance office in Antwerp.</p>",
 "remarks": "本词条汉字内容由 @多频百科团队 翻译+编辑\n原文译自 https://en.wikipedia.org/wiki/Q-dance",
 "remarksEn": "本词条内容来自 https://en.wikipedia.org/wiki/Q-dance",
 "status": 1,
 "clickNum": 13,
 "deleted": 0,
 "lang": 0,
 "chooseLang": true,
 "id": 111,
 "name": "The Qontinent",
 "descriptions": "2007 年举办了第一届比利时 X-Qlusive，一年后举办了第一届比利时唯一的 Q-dance 节：The Qontinent。比利时的活动由安特卫普的 Q-dance 办公室组织。\n\n",
 "picture": "https://duopin-community.oss-cn-shenzhen.aliyuncs.com/wpz4uqx46n4156wxwem9.png",
 "originalName": "",
 "holdTimeText": "9.23-9.27",
 "holdAddress": "Antwerp, Belgium",
 "searchAddress": "比利时",
 "sponsor": "Q-dance",
 "foundTimeText": "2008",
 "officialUrl": "https://www.veryins.com/theqontinent",
 "referenceUrl": "https://en.wikipedia.org/wiki/Q-dance",
 "nonceStatusText": "运营中",
 "typeId": 16,
 "typeName": "电音节",
 "dataId": 111,
 "url": "http://dropinapp.hearinmusic.com/#/ency?typeId=16&dataId=111"
}