{
 "pageNum": 1,
 "pageSize": 10,
 "params": {},
 "content": "<p>Time Warp 是一年一度的电子音乐节，起源于德国曼海姆。</p>\n<p>&nbsp;</p>\n<p>1994 年在路德维希港的&ldquo;Walzm&uuml;hle&rdquo;首演。 自 2000 年以来，Mannheim Maimarkthalle 一直是每年春天的永久场地，从一开始就有 Sven V&auml;th、Carl Cox 和 Richie Hawtin 等 DJ 大师在场。 2019 年，该音乐节在德国庆祝了其成立 25 周年，并且 - 与前几年一样 - 完全售罄。</p>\n<p>&nbsp;</p>\n<p>自 2005 年以来，Time Warp 也在国外举办，在布拉格、维也纳、都灵、米兰、苏黎世举办，2008 年至 2014 年定期在荷兰举办。</p>\n<p>&nbsp;</p>\n<p>从 2014 年开始，布宜诺斯艾利斯和纽约市的音乐节紧随其后。 自 2018 年以来，除了德国之外，该节日还在巴西的圣保罗举行。</p>\n<p>&nbsp;</p>\n<p>&nbsp;</p>",
 "contentEn": "<p>Time Warp is an annual electronic music festival originated in Mannheim, Germany.</p>\n<p>&nbsp;</p>\n<p>The premiere was in 1994 in the \" Walzm&uuml;hle\" in Ludwigshafen. Since 2000, the Mannheim Maimarkthalle has been a permanent venue every spring, with DJ greats such as Sven V&auml;th, Carl Cox and Richie Hawtin being present from the very beginning. In 2019 the festival celebrated its 25th anniversary in Germany and was - as in the years before - completely sold out.</p>\n<p>&nbsp;</p>\n<p>The Time Warp Festival has also been present abroad since 2005, with stops in Prague, Vienna, Turin, Milan, Zurich and from 2008 to 2014 regularly in the Netherlands.</p>\n<p>&nbsp;</p>\n<p>From 2014 on, festivals in Buenos Aires and New York City followed. Since 2018 the festival has been taking place in S&atilde;o Paulo in Brazil in addition to Germany.</p>",
 "remarks": "本词条汉字内容由 @多频百科团队 翻译+编辑\n原文译自https://en.wikipedia.org/wiki/Time_Warp_Festival",
 "remarksEn": "本词条内容来自 https://en.wikipedia.org/wiki/Time_Warp_Festival",
 "status": 1,
 "clickNum": 18,
 "deleted": 0,
 "lang": 0,
 "chooseLang": true,
 "id": 135,
 "name": "Time Warp",
 "descriptions": "Time Warp 是一年一度的电子音乐节，起源于德国曼海姆。\n",
 "picture": "https://duopin-community.oss-cn-shenzhen.aliyuncs.com/elp2ehsiqs9myn87ybe9.jpg",
 "originalName": "",
 "holdTimeText": "Early spring",
 "holdAddress": "Mannheim, Germany",
 "searchAddress": "德国",
 "sponsor": "",
 "foundTimeText": "1994",
 "officialUrl": "https://www.time-warp.de/germany/index_eng.html",
 "referenceUrl": "https://en.wikipedia.org/wiki/Time_Warp_Festival",
 "nonceStatusText": "",
 "typeId": 16,
 "typeName": "电音节",
 "dataId": 135,
 "url": "http://dropinapp.hearinmusic.com/#/ency?typeId=16&dataId=135"
}