{
 "pageNum": 1,
 "pageSize": 10,
 "params": {},
 "relationChannel": "[{\"id\":974,\"parentId\":10,\"name\":\"Tomorrowland\"}]",
 "content": "<div class=\"document\">\n<p>明日世界电子音乐节（英语：<span lang=\"en\">Tomorrowland</span>）于2005年发源比利时。目前是世界上公认最大与最著名的电音盛会。</p>\n<p>&nbsp;</p>\n<p class=\"paragraph text-align-type-left pap-line-1.8 pap-line-rule-auto pap-spacing-before-0pt pap-spacing-after-0pt\"><strong>历史</strong></p>\n<p class=\"paragraph text-align-type-left pap-line-1.8 pap-line-rule-auto pap-spacing-before-0pt pap-spacing-after-0pt\">第一场音乐节办在2005年。主办单位为荷兰著名派对公司ID&amp;T。当时的表演者包括有阿明&middot;范&middot;比伦, Coone, Push(M.I.K.E)等人。</p>\n<p class=\"paragraph text-align-type-left pap-line-1.8 pap-line-rule-auto pap-spacing-before-0pt pap-spacing-after-0pt\">&nbsp;</p>\n<p class=\"paragraph text-align-type-left pap-line-1.8 pap-line-rule-auto pap-spacing-before-0pt pap-spacing-after-0pt\">2006第二场音乐则请到阿明&middot;范&middot;比伦、Axwell, 大卫&middot;库塔 (DJ)、Ruthless、DJ Zany、Macro Bailey。</p>\n<p class=\"paragraph text-align-type-left pap-line-1.8 pap-line-rule-auto pap-spacing-before-0pt pap-spacing-after-0pt\">&nbsp;</p>\n<p class=\"paragraph text-align-type-left pap-line-1.8 pap-line-rule-auto pap-spacing-before-0pt pap-spacing-after-0pt\">到了音乐节举办的第三年(2007)，演出天数从一天扩大为两天。</p>\n<p class=\"paragraph text-align-type-left pap-line-1.8 pap-line-rule-auto pap-spacing-before-0pt pap-spacing-after-0pt\">&nbsp;</p>\n<p class=\"paragraph text-align-type-left pap-line-1.8 pap-line-rule-auto pap-spacing-before-0pt pap-spacing-after-0pt\">到了第四年(2008)，主办单位邀请了超过100位Dj在多个不同的舞台表演，而参加人数也首度突破了五万人。</p>\n<p class=\"paragraph text-align-type-left pap-line-1.8 pap-line-rule-auto pap-spacing-before-0pt pap-spacing-after-0pt\">&nbsp;</p>\n<p class=\"paragraph text-align-type-left pap-line-1.8 pap-line-rule-auto pap-spacing-before-0pt pap-spacing-after-0pt\">到了2010年，参与人数突破了12万人。Dada Life, Dimitri Vegas &amp; Like Mike, 与Tara Mcdonald一起制作了当年的音乐节主题曲Tomorrow/Give Into The Night。此曲为明日之地音乐节结至目前为止销量最好的主题曲。值得一提的是，Tomorrowland与Dimitri Vegas &amp; Like Mike有密切合作的关系，这对比利时DJ兄弟档包办了Tomorrowland的主题曲制作。在每一年的表演名单上，两人几乎都是压轴。2015年两人甚至登台两次，一次以Dimitri Vegas &amp; Like Mike的身份，另一次与Steve Aoki组成队伍压轴。</p>\n<p class=\"paragraph text-align-type-left pap-line-1.8 pap-line-rule-auto pap-spacing-before-0pt pap-spacing-after-0pt\">&nbsp;</p>\n<p class=\"paragraph text-align-type-left pap-line-1.8 pap-line-rule-auto pap-spacing-before-0pt pap-spacing-after-0pt\">2011年，音乐节从两天扩大到三天的规模，短短的几天内票就销售一空，吸引了共18万人前往。</p>\n<p class=\"paragraph text-align-type-left pap-line-1.8 pap-line-rule-auto pap-spacing-before-0pt pap-spacing-after-0pt\">&nbsp;</p>\n<p class=\"paragraph text-align-type-left pap-line-1.8 pap-line-rule-auto pap-spacing-before-0pt pap-spacing-after-0pt\">2012年，主办单位请来约400组DJ在15个不同的舞台同时表演，总共吸引了18万五千人前往。包括了来自75个国家的观众。Tomorrowland主办单位ID&amp;T也展开了与布鲁塞尔-首都大区航空合作，推出有15条不同航线可选择的外国party goers的套装Tomorrowland行程。</p>\n<p class=\"paragraph text-align-type-left pap-line-1.8 pap-line-rule-auto pap-spacing-before-0pt pap-spacing-after-0pt\">&nbsp;</p>\n<p class=\"paragraph text-align-type-left pap-line-1.8 pap-line-rule-auto pap-spacing-before-0pt pap-spacing-after-0pt\">而在2013年的时候，ID&amp;T进一步将合作范围扩大，航向扩大到惊人的67条。 值得一提的是，2012年起到2016年，除了2013年未被获选外，International Dance Music Awards每年都将其选为世界最棒的电子音乐节。</p>\n<p class=\"paragraph text-align-type-left pap-line-1.8 pap-line-rule-auto pap-spacing-before-0pt pap-spacing-after-0pt\">&nbsp;</p>\n<p class=\"paragraph text-align-type-left pap-line-1.8 pap-line-rule-auto pap-spacing-before-0pt pap-spacing-after-0pt\">2014年，主办单位为了庆祝明日之地音乐节成立10周年，宣布当年的音乐节将横跨整整个两个礼拜各三天，而两周的演出名单会类似。同时，MTV也宣布会转播音乐节的表演，并制作明日之地音乐节10周年的纪录片。当年的Tomorrowland也达成创举，邀请作曲家Hans Zimmer为10周年制作特别歌曲，甚至将整个管弦乐团搬到音乐节第二大舞台演出。2014年参加人数也再次达到颠峰，两个礼拜共36万人参与这场盛会。</p>\n<p class=\"paragraph text-align-type-left pap-line-1.8 pap-line-rule-auto pap-spacing-before-0pt pap-spacing-after-0pt\">&nbsp;</p>\n<p class=\"paragraph text-align-type-left pap-line-1.8 pap-line-rule-auto pap-spacing-before-0pt pap-spacing-after-0pt\">2015年开启了新的音乐节主题: Melodia。当年的舞台设计为一巨大城堡。</p>\n<p class=\"paragraph text-align-type-left pap-line-1.8 pap-line-rule-auto pap-spacing-before-0pt pap-spacing-after-0pt\">&nbsp;</p>\n<p class=\"paragraph text-align-type-left pap-line-1.8 pap-line-rule-auto pap-spacing-before-0pt pap-spacing-after-0pt\">2016年舞台则换身为一颗巨大的树。</p>\n</div>",
 "contentEn": "<div class=\"document\">\n<p class=\"paragraph text-align-type-left pap-line-1.8 pap-line-rule-auto pap-spacing-before-2pt pap-spacing-after-2pt\">Tomorrowland&nbsp;is a Belgian&nbsp;electronic dance music&nbsp;festival&nbsp;held in&nbsp;Boom, Flanders, Belgium since 2005.</p>\n<p class=\"paragraph text-align-type-left pap-line-1.8 pap-line-rule-auto pap-spacing-before-2pt pap-spacing-after-2pt\">&nbsp;</p>\n<h2>History</h2>\n<h3>2005</h3>\n<p class=\"paragraph text-align-type-left pap-line-1.8 pap-line-rule-auto pap-spacing-before-2pt pap-spacing-after-2pt\">The first ion of the festival took place on 15 August 2005. Manu Beers, Michiel Beers and&nbsp;ID&amp;T&nbsp;organized the festival. Performers included&nbsp;Push (M.I.K.E.),&nbsp;Erwin Tang Yew Hon,&nbsp;Armin van Buuren, Cor Fijneman,&nbsp;Yves Deruyter,&nbsp;Technoboy,&nbsp;Yoji Biomehanika&nbsp;and&nbsp;Coone.[3]</p>\n<p class=\"paragraph text-align-type-left pap-line-1.8 pap-line-rule-auto pap-spacing-before-2pt pap-spacing-after-2pt\">&nbsp;</p>\n<p class=\"paragraph text-align-type-left pap-line-1.8 pap-line-rule-auto pap-spacing-before-2pt pap-spacing-after-2pt\"><strong><span style=\"font-size: 12pt;\">2006</span></strong></p>\n<p class=\"paragraph text-align-type-left pap-line-1.8 pap-line-rule-auto pap-spacing-before-2pt pap-spacing-after-2pt\">The second festival, on 30 July 2006, hosted&nbsp;Armin van Buuren,&nbsp;Axwell, Marco Bailey, Fred Baker,&nbsp;David Guetta, Ruthless and&nbsp;DJ Zany. The DJ and producer&nbsp;Paul Oakenfold&nbsp;was also announced on the poster, but canceled at the last moment, as he was on tour with Madonna at the time. Emjay, the producer of 'Stimulate', the anthem of 2006, performed on the main stage with The Atari Babies.</p>\n<p class=\"paragraph text-align-type-left pap-line-1.8 pap-line-rule-auto pap-spacing-before-2pt pap-spacing-after-2pt\">&nbsp;</p>\n<p class=\"paragraph text-align-type-left pap-line-1.8 pap-line-rule-auto pap-spacing-before-2pt pap-spacing-after-2pt\"><span style=\"font-size: 12pt;\"><strong>2007</strong></span></p>\n<p class=\"paragraph text-align-type-left pap-line-1.8 pap-line-rule-auto pap-spacing-before-2pt pap-spacing-after-2pt\">The third year, the festival lasted two days for the first time in its history, taking place on 28 and 29 July 2007.</p>\n<p class=\"paragraph text-align-type-left pap-line-1.8 pap-line-rule-auto pap-spacing-before-2pt pap-spacing-after-2pt\">&nbsp;</p>\n<p class=\"paragraph text-align-type-left pap-line-1.8 pap-line-rule-auto pap-spacing-before-2pt pap-spacing-after-2pt\"><span style=\"font-size: 12pt;\"><strong>2008</strong></span></p>\n<p class=\"paragraph text-align-type-left pap-line-1.8 pap-line-rule-auto pap-spacing-before-2pt pap-spacing-after-2pt\">In 2008, the festival took place on 26 and 27 July. For the first time, more than 100 DJs participated. The number of visitors exceeded 50,000 for the first time.</p>\n<h3>&nbsp;</h3>\n<p class=\"paragraph text-align-type-left pap-line-1.8 pap-line-rule-auto pap-spacing-before-2pt pap-spacing-after-2pt\"><span style=\"font-size: 12pt;\"><strong>2009</strong></span></p>\n<p class=\"paragraph text-align-type-left pap-line-1.8 pap-line-rule-auto pap-spacing-before-2pt pap-spacing-after-2pt\">For the fifth event,&nbsp;ID&amp;T&nbsp;led to even more venues, one ski, and much more. Sun[who?]&nbsp;has included an \"I Love the 90's\" stage, where musicians such as&nbsp;Push, Natural Born Deejays and SASH from the dance scene were present. La Rocca performed live at the event for the first time. The special act on the main stage was&nbsp;Moby. Tomorrowland 2009 took place on 25 and 26 July and attracted 90,000 people. The festival saw the use of a theme for the first time - Masker (Mask).[4]</p>\n<h3>&nbsp;</h3>\n<p class=\"paragraph text-align-type-left pap-line-1.8 pap-line-rule-auto pap-spacing-before-2pt pap-spacing-after-2pt\"><span style=\"font-size: 12pt;\"><strong>2010</strong></span></p>\n<p class=\"paragraph text-align-type-left pap-line-1.8 pap-line-rule-auto pap-spacing-before-2pt pap-spacing-after-2pt\">Tomorrowland sold out days before the event, with a record attendance of 120,000 visitors over two days, in 2010 Dada Life,&nbsp;Dimitri Vegas &amp; Like Mike&nbsp;and&nbsp;Tara McDonald&nbsp;wrote the official anthem \"Tomorrow/Give Into The Night\",[5]&nbsp;performing the song twice on the main stage after&nbsp;Swedish House Mafia. The track was made by Like Mike, Dada Life and Dimitri Vegas and the vocal melody and lyrics were written and recorded by&nbsp;Tara McDonald. The song reached number 5 in the Belgian commercial charts and is the biggest selling anthem for Tomorrowlands to date. The festival's theme was \"Zon (Sun)\"[4]&nbsp;and was nominated for the Best Music Event by the International Dance Music Awards in 2011.[6]</p>\n<h3>&nbsp;</h3>\n<p class=\"paragraph text-align-type-left pap-line-1.8 pap-line-rule-auto pap-spacing-before-2pt pap-spacing-after-2pt\"><span style=\"font-size: 12pt;\"><strong>2011</strong></span></p>\n<p class=\"paragraph text-align-type-left pap-line-1.8 pap-line-rule-auto pap-spacing-before-2pt pap-spacing-after-2pt\">2011 marked the festival's expansion to three days occurring on 22, 23, 24 July. Tomorrowland 2011 had the theme \"The Tree of Life\"[4]&nbsp;and the anthem \"The Way We See The World\" by&nbsp;Dimitri Vegas &amp; Like Mike&nbsp;featuring&nbsp;Afrojack&nbsp;and&nbsp;Nervo.[5]&nbsp;Only a few days after the official pre-sale of tickets kicked off Tomorrowland was completely sold out and had over 180,000 visitors.&nbsp;David Guetta,&nbsp;Nervo,&nbsp;Swedish House Mafia,&nbsp;Avicii,&nbsp;Ti&euml;sto,&nbsp;Hardwell,&nbsp;Carl Cox,&nbsp;Paul van Dyk, Raven&nbsp;Tensnake,&nbsp;Laidback Luke, Brodinski, Juanma Tudon,&nbsp;Basto,&nbsp;Mike Matthews,&nbsp;De Jeugd van Tegenwoordig, and dozens of others performed. It was voted the Best Music Event by the&nbsp;International Dance Music Awards&nbsp;for the first time in 2012.[7]</p>\n<p class=\"paragraph text-align-type-left pap-line-1.8 pap-line-rule-auto pap-spacing-before-2pt pap-spacing-after-2pt\">&nbsp;</p>\n<p class=\"paragraph text-align-type-left pap-line-1.8 pap-line-rule-auto pap-spacing-before-2pt pap-spacing-after-2pt\"><span style=\"font-size: 12pt;\"><strong>2012</strong></span></p>\n<p class=\"paragraph text-align-type-left pap-line-1.8 pap-line-rule-auto pap-spacing-before-2pt pap-spacing-after-2pt\">Tomorrowland 2012 took place 27, 28, 29 July 2012, at the De Schorre, a provincial recreation area in Boom, Belgium, 16 kilometers south of Antwerp and 32 kilometers north of Brussels. The line-up consisted of 400 DJs, such as Armin van Buuren, Ferry Corsten,&nbsp;Skrillex,&nbsp;Avicii, Marco Bailey,&nbsp;Skazi,&nbsp;David Guetta,&nbsp;Nervo,&nbsp;Hardwell,&nbsp;Swedish House Mafia,&nbsp;Afrojack,&nbsp;Steve Aoki, Juanma Tudon,&nbsp;Carl Cox,&nbsp;The Bloody Beetroots,&nbsp;Paul van Dyk,&nbsp;Martin Solveig,&nbsp;Chuckie,&nbsp;Fatboy Slim,&nbsp;Dimitri Vegas &amp; Like Mike&nbsp;and&nbsp;Pendulum&nbsp;playing on fifteen stages each day. 185,000 people from over 75 countries around the world were in attendance, with 35,000 of them staying in Dreamville. Because of the enormous success of Tomorrowland and the fact that it is a Belgian festival, ID&amp;T decided to give Belgians an exclusive chance with a pre-sale (80,000 of the 180,000 tickets) on March 24. In less than one day, all of the tickets sold out and at some moments there were 2,000,000 people on the online waiting list. The worldwide sale started April 7. Within 43 minutes, the other 100,000 tickets sold out. In addition to regular tickets, Tomorrowland partnered with Brussels Airlines to provide exclusive travel packages from over 15 cities around the world.[8]&nbsp;Other highlights of the festival were the&nbsp;Cloud Rider, the highest mobile Ferris wheel in Europe,[9]&nbsp;and the fact that 25 airlines were organized to bring spectators to the festival from all over the world.[10]&nbsp;The festival's theme was \"The Book of Wisdom\"[4]&nbsp;and had the anthem \"Tomorrow Changed Today\" by&nbsp;Dimitri Vegas &amp; Like Mike.[5]&nbsp;The festival again won the International Dance Music Awards in 2013 for the Best Music Event.[11]&nbsp;Tomorrowland 2012 also won the&nbsp;DJ Award&nbsp;for the Best International Dance Music Festival.[12]</p>\n<p class=\"paragraph text-align-type-left pap-line-1.8 pap-line-rule-auto pap-spacing-before-2pt pap-spacing-after-2pt\">&nbsp;</p>\n<p class=\"paragraph text-align-type-left pap-line-1.8 pap-line-rule-auto pap-spacing-before-2pt pap-spacing-after-2pt\"><span style=\"font-size: 12pt;\"><strong>2013</strong></span></p>\n<p class=\"paragraph text-align-type-left pap-line-1.8 pap-line-rule-auto pap-spacing-before-2pt pap-spacing-after-2pt\">Tomorrowland 2013 took place on 26 27 28 July and reached 180,000 attendees at De Schorre in Boom, Belgium. Full madness passes sold out in 35 minutes, and the remainder of tickets sold out in a reported one second.[13]&nbsp;Tomorrowland again offered its Global Journey packages with&nbsp;Brussels Airlines&nbsp;which had 140 additional flights from 67 different cities around the world transporting festival goers with 92 different nationalities to Boom, Belgium.[8]&nbsp;The anthem for Tomorrowland 2013 was \"Chattahoochee\" by&nbsp;Dimitri Vegas &amp; Like Mike&nbsp;featuring Maarten Vorwerk.[5]&nbsp;This year's ion with the theme \"The Arising of Life\"[4]&nbsp;saw performances from&nbsp;Axwell,&nbsp;Armin van Buuren,&nbsp;Hardwell,&nbsp;Afrojack,&nbsp;David Guetta, and&nbsp;Sebastian Ingrosso.</p>\n<h3>&nbsp;</h3>\n<p class=\"paragraph text-align-type-left pap-line-1.8 pap-line-rule-auto pap-spacing-before-2pt pap-spacing-after-2pt\"><span style=\"font-size: 12pt;\"><strong>2014</strong></span></p>\n<p class=\"paragraph text-align-type-left pap-line-1.8 pap-line-rule-auto pap-spacing-before-2pt pap-spacing-after-2pt\">To celebrate the 10th anniversary of the festival, and to meet the high demand for tickets, the 2014 ion of Tomorrowland was held over two weekends; 18&ndash;20 July and 25&ndash;27 July. The line-up for both weekends was more or less the same. In April 2014,&nbsp;MTV&nbsp;announced that it would produce two hour-long&nbsp;MTV World Stage&nbsp;specials featuring performances from the festival (to be aired in August 2014), and that it would produce a documentary surrounding the 10th anniversary of Tomorrowland.[14]&nbsp;On April 16, composer&nbsp;Hans Zimmer&nbsp;and Tomorrowland announced that they combined forces for the creation of a classical hymn that would premiere during the 10th anniversary ion of Tomorrowland. Veteran DJ&nbsp;Dave Clark, who hosted the second largest stage, believes that &ldquo;a more diverse lineup that covered a wider range of underground music&rdquo; was Tomorrowland 2014's top selling point.[15]&nbsp;Dimitri Vegas &amp; Like Mike&nbsp;again were responsible for the Tomorrowland anthem, this year working with&nbsp;W &amp; W&nbsp;for the song \"Waves\".[5]&nbsp;360,000 people attended Tomorrowland 2014 which won the International Dance Music Award for Best Global Festival during the ceremony in March 2015.[16]</p>\n<p class=\"paragraph text-align-type-left pap-line-1.8 pap-line-rule-auto pap-spacing-before-2pt pap-spacing-after-2pt\">&nbsp;</p>\n<p class=\"paragraph text-align-type-left pap-line-1.8 pap-line-rule-auto pap-spacing-before-2pt pap-spacing-after-2pt\"><span style=\"font-size: 12pt;\"><strong>2015</strong></span></p>\n<p class=\"paragraph text-align-type-left pap-line-1.8 pap-line-rule-auto pap-spacing-before-2pt pap-spacing-after-2pt\">Tomorrowland 2015 took place on 24, 25, and 26 July 2015 and saw 180,000 visitors. The theme for the year was \"The Secret Kingdom of Melodia\".[4]&nbsp;Performers included&nbsp;Avicii,&nbsp;Hardwell,&nbsp;David Guetta,&nbsp;Ti&euml;sto,&nbsp;Armin van Buuren, and&nbsp;Carl Cox. The 2016 ion of the International Dance Music Awards awarded the Tomorrowland 2015 the Best Global Festival for the fifth consecutive year,[17]&nbsp;and the readers of&nbsp;DJ Magazine&nbsp;voted Tomorrowland 2015 the World's Best Festival.[18]</p>\n<p class=\"paragraph text-align-type-left pap-line-1.8 pap-line-rule-auto pap-spacing-before-2pt pap-spacing-after-2pt\">&nbsp;</p>\n<p class=\"paragraph text-align-type-left pap-line-1.8 pap-line-rule-auto pap-spacing-before-2pt pap-spacing-after-2pt\"><span style=\"font-size: 12pt;\"><strong>2016</strong></span></p>\n<p class=\"paragraph text-align-type-left pap-line-1.8 pap-line-rule-auto pap-spacing-before-2pt pap-spacing-after-2pt\">Tomorrowland 2016 took place on 22, 23, and 24 July. The theme for the year was \"The Elixir of Life\"[4]&nbsp;and saw 180,000 visitors. The 2016 ion of Tomorrowland saw a surprise set from&nbsp;Ti&euml;sto&nbsp;on the Thursday prior to the weekend and was sponsored by&nbsp;Budweiser.[19]&nbsp;Other performers included&nbsp;Axwell &Lambda; Ingrosso,&nbsp;Martin Garrix,&nbsp;The Chainsmokers, and number one DJs&nbsp;Dimitri Vegas &amp; Like Mike.[20]</p>\n<p class=\"paragraph text-align-type-left pap-line-1.8 pap-line-rule-auto pap-spacing-before-2pt pap-spacing-after-2pt\">&nbsp;</p>\n<p class=\"paragraph text-align-type-left pap-line-1.8 pap-line-rule-auto pap-spacing-before-2pt pap-spacing-after-2pt\"><span style=\"font-size: 12pt;\"><strong>2017</strong></span></p>\n<p class=\"paragraph text-align-type-left pap-line-1.8 pap-line-rule-auto pap-spacing-before-2pt pap-spacing-after-2pt\">2017 saw Tomorrowland expand to a two weekend event for the first time since their tenth anniversary in 2014. The theme, \"Amicorum Spectaculum\",[4]&nbsp;and dates were announced in January 2017, and was scheduled for the final two weekends of July 2017, the 21-23 and 28-30 July. This year, a record number of tickets was sold - 400,000 spanning the two weekends. The festival saw a massive increase in the number of performers to span the 16 stages,[21]&nbsp;including regulars and a lot of artists making their festival debut. Regular headliner&nbsp;Martin Garrix&nbsp;premiered his song \"Pizza\" as the closing song of his set. The song was originally intended to be a Tomorrowland exclusive however it was released as a single a month later.[22][23][24][25]&nbsp;In 2017, the festival was nominated by the&nbsp;European Festivals Awards&nbsp;and the&nbsp;Electronic Music Awards&nbsp;for World's Best Festival.[26]&nbsp;The festival was also visited by&nbsp;King Philippe&nbsp;and&nbsp;Queen consort Matilda.[27]&nbsp;Towards the end of August Tomorrowland 2017 became the biggest social media music events in the world at the time reviving over 1.2 billion views from over 200 million people. Regular headliners&nbsp;Armin van Buuren&nbsp;and&nbsp;David Guetta&nbsp;released statement regarding the festival's achievement:[28]</p>\n<p class=\"paragraph text-align-type-left pap-line-1.8 pap-line-rule-auto pap-spacing-before-2pt pap-spacing-after-2pt\">&nbsp;</p>\n<p class=\"paragraph text-align-type-left pap-line-1.8 pap-line-rule-auto pap-spacing-before-2pt pap-spacing-after-2pt\">&ldquo;It&rsquo;s an amazing feeling to know that while you&rsquo;re getting goosebumps at the MainStage in Belgium, literally millions of people around the world are watching my performance, even organizing home parties and having an amazing time as well.&rdquo; -&nbsp;Armin van Buuren</p>\n<p class=\"paragraph text-align-type-left pap-line-1.8 pap-line-rule-auto pap-spacing-before-2pt pap-spacing-after-2pt\">&nbsp;</p>\n<p class=\"paragraph text-align-type-left pap-line-1.8 pap-line-rule-auto pap-spacing-before-2pt pap-spacing-after-2pt\">&nbsp;</p>\n<p class=\"paragraph text-align-type-left pap-line-1.8 pap-line-rule-auto pap-spacing-before-2pt pap-spacing-after-2pt\">&ldquo;Not only has the growth of the event itself been amazing but also the content that they produce, like the live registration and after-movie. It just gets better and better each year. I think it&rsquo;s great that people at home can watch the live stream and experience the festival as if they were there themselves.&rdquo; -&nbsp;David Guetta</p>\n<p class=\"paragraph text-align-type-left pap-line-1.8 pap-line-rule-auto pap-spacing-before-2pt pap-spacing-after-2pt\">&nbsp;</p>\n<p class=\"paragraph text-align-type-left pap-line-1.8 pap-line-rule-auto pap-spacing-before-2pt pap-spacing-after-2pt\"><span style=\"font-size: 12pt;\"><strong>2018</strong></span></p>\n<p class=\"paragraph text-align-type-left pap-line-1.8 pap-line-rule-auto pap-spacing-before-2pt pap-spacing-after-2pt\">The 2018 ion of Tomorrowland saw an attendance of 400,000 people for the second year running across the two weekends. The festival took place on Friday 20 to Sunday 22 July and Friday 27 to Sunday 29 July with tickets for the two weekends selling out in an hour.[29]&nbsp;Mainstage performers included&nbsp;Armin van Buuren,&nbsp;Black Coffee,&nbsp;David Guetta,&nbsp;Dimitri Vegas &amp; Like Mike&nbsp;and&nbsp;Martin Garrix. This ion also marked the return of Hardwell who headlined the festival three years after his previous set in 2015. The theme for the 2018 ion of the festival was \"The Story of Planaxis\".[4]&nbsp;Tomorrowland 2018 also saw a lot of&nbsp;Avicii&nbsp;tributes to commemorate the death of the Swedish DJ three months prior to the festival.[30][31]&nbsp;Avicii's songs \"Levels\" and \"Wake Me Up\" came second and eighth respectively in Tomorrowland 2018's most played songs.[32][33]&nbsp;Tributes to the DJ came from&nbsp;Axwell &Lambda; Ingrosso,&nbsp;Don Diablo,&nbsp;Nicky Romero, and&nbsp;Dimitri Vegas &amp; Like Mike.&nbsp;Digital Spy&nbsp;described the event as \"the most elaborate festival on earth\" with the only downside being the price.[34]</p>\n<p class=\"paragraph text-align-type-left pap-line-1.8 pap-line-rule-auto pap-spacing-before-2pt pap-spacing-after-2pt\">&nbsp;</p>\n<p class=\"paragraph text-align-type-left pap-line-1.8 pap-line-rule-auto pap-spacing-before-2pt pap-spacing-after-2pt\"><span style=\"font-size: 12pt;\"><strong>2019</strong></span></p>\n<p class=\"paragraph text-align-type-left pap-line-1.8 pap-line-rule-auto pap-spacing-before-2pt pap-spacing-after-2pt\">For its fifteenth anniversary, Tomorrowland returned to The Book of Wisdom as its mainstage theme, previously used in 2012.[4]&nbsp;The festival took place on the 19 to 21 and 26 to 28 July and saw regular performers like&nbsp;The Chainsmokers,&nbsp;Armin van Buuren,&nbsp;KSHMR&nbsp;and&nbsp;David Guetta&nbsp;return. Non-EDM artists like&nbsp;Bebe Rexha&nbsp;and&nbsp;ASAP Rocky&nbsp;were also on the lineup however the latter had to cancel following his arrest in&nbsp;Sweden.[35]&nbsp;The mainstage design featured a tribute to the late DJ&nbsp;Avicii&nbsp;who died in April 2018. Tribute to whom were also paid the previous year.[36]&nbsp;Supergroup&nbsp;Swedish House Mafia&nbsp;were rumoured to close the event following&nbsp;Steve Angello's claim in the autumn of the previous year that the group would play at the festival \"by any means necessary\".[37][38]&nbsp;Rumours became even stronger when the group's signature \"three dots\" appeared on the Tomorrowland lineup.[39][40]&nbsp;However, the \"three dots\" were announced last minute to be&nbsp;3 Are Legend, leading many to believe that the group pulled out last minute.&nbsp;Axwell&nbsp;and&nbsp;Steve Angello&nbsp;claimed that the group were never booked for the festival.[41][42]</p>\n<h3>&nbsp;</h3>\n<p class=\"paragraph text-align-type-left pap-line-1.8 pap-line-rule-auto pap-spacing-before-2pt pap-spacing-after-2pt\"><span style=\"font-size: 12pt;\"><strong>2020</strong></span></p>\n<p class=\"paragraph text-align-type-left pap-line-1.8 pap-line-rule-auto pap-spacing-before-2pt pap-spacing-after-2pt\">The year after the anniversary, Tomorrowland chose \"The Reflection of Love\"[4]&nbsp;as its theme, which had been surreptitiously revealed on the main stage in 2019, as there was a book with that theme title near the right center of the stage with \"2020\" in Roman numerals. On 15 April, Tomorrowland announced that the 2020 ion of the festival would not take place due to the&nbsp;COVID-19 pandemic.[43]&nbsp;On 4 June, Tomorrowland announced a virtual festival would go ahead in place of the 2020 ion. The event named&nbsp;Tomorrowland Around the World&nbsp;took place on July 25 and July 26, using&nbsp;Unreal Engine 4&nbsp;to create this virtual festival.[44][45]&nbsp;On 6 August 2020, Tomorrowland released Official aftermovie of their first Virtual Music Festival.</p>\n<p class=\"paragraph text-align-type-left pap-line-1.8 pap-line-rule-auto pap-spacing-before-2pt pap-spacing-after-2pt\">&nbsp;</p>\n<p class=\"paragraph text-align-type-left pap-line-1.8 pap-line-rule-auto pap-spacing-before-2pt pap-spacing-after-2pt\">In 2020, Tomorrowland also organised a virtual&nbsp;New Year's Eve&nbsp;festival scheduled for 8pm to 3am for each time zone.[46]</p>\n<h3>&nbsp;</h3>\n<p class=\"paragraph text-align-type-left pap-line-1.8 pap-line-rule-auto pap-spacing-before-2pt pap-spacing-after-2pt\"><span style=\"font-size: 12pt;\"><strong>2021</strong></span></p>\n<p class=\"paragraph text-align-type-left pap-line-1.8 pap-line-rule-auto pap-spacing-before-2pt pap-spacing-after-2pt\">After much speculation, on 17 March 2021, Tomorrowland announced it would delay the return of the festival until the final weekend of August and the first weekend of September. The move is an attempt to make the festival more secure aimed the declining rates of&nbsp;COVID-19&nbsp;and the&nbsp;recent vaccination programme&nbsp;of the last three months. The move will see the festival occur five weeks later than its usual dates at the end of July.[47]&nbsp;In April, Tomorrowland announced that a second ion of Tomorrowland Around the World would take place during the traditional July dates.[48]</p>\n<p class=\"paragraph text-align-type-left pap-line-1.8 pap-line-rule-auto pap-spacing-before-2pt pap-spacing-after-2pt\">&nbsp;</p>\n<p class=\"paragraph text-align-type-left pap-line-1.8 pap-line-rule-auto pap-spacing-before-2pt pap-spacing-after-2pt\">On 17 June 2021, despite Belgium planning to allow large-scale outdoor events with up to 75,000 people beginning 13 August, the mayors of Boom and Rumst jointly announced that they would deny permission for Tomorrowland to be held due to health and safety concerns, citing international visitors and&nbsp;Delta variant.[49][50][51]&nbsp;On 23 June, the festival was therefore cancelled.[51]</p>\n<p class=\"paragraph text-align-type-left pap-line-1.8 pap-line-rule-auto pap-spacing-before-2pt pap-spacing-after-2pt\">&nbsp;</p>\n<h2>Flag</h2>\n<p class=\"paragraph text-align-type-left pap-line-1.8 pap-line-rule-auto pap-spacing-before-2pt pap-spacing-after-2pt\">The festival's flag features the Tomorrowland logo on a background split into four quadrants diagonally, each separated by a white diagonal stripe, which in turn is bordered by a black diagonal stripe on each side, expanding towards the corners.</p>\n<p class=\"paragraph text-align-type-left pap-line-1.8 pap-line-rule-auto pap-spacing-before-2pt pap-spacing-after-2pt\">&nbsp;</p>\n<p class=\"paragraph text-align-type-left pap-line-1.8 pap-line-rule-auto pap-spacing-before-2pt pap-spacing-after-2pt\">The festival logo features a&nbsp;butterfly,&nbsp;crown&nbsp;and an&nbsp;eye. The butterfly symbolises&nbsp;freedom, the&nbsp;beauty of nature, and the&nbsp;purity of the human soul. The crown symbolises&nbsp;equality&nbsp;and&nbsp;stewardship, where as the eye encourages people to look out for each other and appreciate nature's beauty. The four background colours represent the&nbsp;classical elements of nature&nbsp;&ndash;&nbsp;water,&nbsp;earth,&nbsp;fire, and&nbsp;air.</p>\n<p class=\"paragraph text-align-type-left pap-line-1.8 pap-line-rule-auto pap-spacing-before-2pt pap-spacing-after-2pt\">&nbsp;</p>\n<p class=\"paragraph text-align-type-left pap-line-1.8 pap-line-rule-auto pap-spacing-before-2pt pap-spacing-after-2pt\">For every flag bought, Tomorrowland donates &euro;5 to the Tomorrowland Foundation, a global charity aiming to teach music, dance, and arts to children across the globe.[52]</p>\n<p class=\"paragraph text-align-type-left pap-line-1.8 pap-line-rule-auto pap-spacing-before-2pt pap-spacing-after-2pt\">&nbsp;</p>\n<h2>Catering and accommodation</h2>\n<p class=\"paragraph text-align-type-left pap-line-1.8 pap-line-rule-auto pap-spacing-before-2pt pap-spacing-after-2pt\">Tomorrowland's&nbsp;Dreamville&nbsp;currently has seven camping areas ahead of the 2021 event. The camping options range from the Magnificent Greens Area which houses basic campers to the Terra Soils Area which is their most luxurious camping option featuring lockable suites.[53]&nbsp;Tomorrowland also offers mansion packages where guests stay in a privately rented mansion in the local countryside,[54]&nbsp;and hotel packages where guests can stay in a variety of&nbsp;Brussels&nbsp;hotels.[55]</p>\n<p class=\"paragraph text-align-type-left pap-line-1.8 pap-line-rule-auto pap-spacing-before-2pt pap-spacing-after-2pt\">&nbsp;</p>\n<p class=\"paragraph text-align-type-left pap-line-1.8 pap-line-rule-auto pap-spacing-before-2pt pap-spacing-after-2pt\">In terms of catering, the Tomorrowland site has numerous food outlets across the site serving a variety of street foods from across the globe; as well as local Belgian specialities.[56]</p>\n<p class=\"paragraph text-align-type-left pap-line-1.8 pap-line-rule-auto pap-spacing-before-2pt pap-spacing-after-2pt\">&nbsp;</p>\n<h2>Promotion and economy</h2>\n<h3>Sponsorships and social media</h3>\n<p class=\"paragraph text-align-type-left pap-line-1.8 pap-line-rule-auto pap-spacing-before-2pt pap-spacing-after-2pt\">Tomorrowland currently has twenty six official partners including&nbsp;Pepsi&nbsp;Max,&nbsp;Budweiser, and&nbsp;Brussels Airlines&nbsp;which do various work to promote the festival.[57]&nbsp;Since 2011, Tomorrowland has been filming the event and posting the sets on&nbsp;YouTube. The filming is also used to make an official aftermovie in which extra emphasis is put on the festival goers aiming to expand ticket sales for the following year. The film crew is made up of about 200 ors, producers, and camera people.[58]&nbsp;Tomorrowland's YouTube channel has over 1,704,960,000 views as of July 2021,[59]&nbsp;and over 9.1 million subscribers as of May 2020.[60]&nbsp;Elsewhere on social media, Tomorrowland has over 6.3 million followers on&nbsp;Instagram,[61]&nbsp;and over 2.4 million followers on&nbsp;Twitter.[62]</p>\n<p class=\"paragraph text-align-type-left pap-line-1.8 pap-line-rule-auto pap-spacing-before-2pt pap-spacing-after-2pt\">&nbsp;</p>\n<p class=\"paragraph text-align-type-left pap-line-1.8 pap-line-rule-auto pap-spacing-before-2pt pap-spacing-after-2pt\">&nbsp;</p>\n<p class=\"paragraph text-align-type-left pap-line-1.8 pap-line-rule-auto pap-spacing-before-2pt pap-spacing-after-2pt\">The 2012 ion of Tomorrowland saw the debut of the Tomorrowland's Global Journey packages in partnership with&nbsp;Brussels Airlines.[63]&nbsp;The package includes a weekend ticket in addition to flights and hotels and saw 25 flights carrying 2,000 passengers from 17 departure cities. 2013 saw a large increase in popularity for this package seeing 140 flight carrying 8,000 passenger from 67 cities with the top five flight destination being&nbsp;Basel,&nbsp;Tel Aviv,&nbsp;Geneva,&nbsp;Oslo, and&nbsp;London. Buyers of the Global Journey packages had the option to upgrade to party flights of which there were twenty, ten standard, eight with streamed music and two with live DJ sets.[8]&nbsp;Previous Global Journey setlists have come from&nbsp;Dimitri Vegas &amp; Like Mike,&nbsp;Yves V, and Romeo Blanco.[64]&nbsp;Since 2017, Tomorrowland has been partnered with&nbsp;Dance FM UAE&nbsp;allowing live setlists from the festival and exclusive interviews with the performers to be broadcast on the station.[65]</p>\n<p>&nbsp;</p>\n<h3>Employment and economic impact</h3>\n<p class=\"paragraph text-align-type-left pap-line-1.8 pap-line-rule-auto pap-spacing-before-2pt pap-spacing-after-2pt\">Tomorrowland 2013 brought &euro;70 million to the Belgian economy, &euro;19 million of which was spent by people living outside of Belgium. In 2016 the festival brought &euro;100 million and employed 700 people full-time before and during the festival.[58]&nbsp;2017 reported a similar value, again bringing &euro;100 million to the local economy but this year employing a reported 12,000 people during the festival.[67]&nbsp;A crew of 12,000 was also employed for the 2018 ion.[1]&nbsp;The 2019 ion saw an expanded crew, with 15,000 staff members employed, and was estimated to have made &euro;20 million in profit.[68]</p>\n<p class=\"paragraph text-align-type-left pap-line-1.8 pap-line-rule-auto pap-spacing-before-2pt pap-spacing-after-2pt\">&nbsp;</p>\n<h2>Spin-off festivals</h2>\n<h3>TomorrowWorld</h3>\n<p class=\"paragraph text-align-type-left pap-line-1.8 pap-line-rule-auto pap-spacing-before-2pt pap-spacing-after-2pt\">On March 20, 2013, ID&amp;T Belgium and SFX Entertainment announced that it would begin organizing an American spin-off of Tomorrowland, known as&nbsp;TomorrowWorld.[69]&nbsp;The festival is held at the Bouckaert Farm in&nbsp;Chattahoochee Hills,&nbsp;Georgia, located 48 kilometers (30 miles) southwest of&nbsp;Atlanta.[70]&nbsp;The site was specifically chosen due to its resemblance to the Boom location in which Tomorrowland is traditionally held.</p>\n<p class=\"paragraph text-align-type-left pap-line-1.8 pap-line-rule-auto pap-spacing-before-2pt pap-spacing-after-2pt\">&nbsp;</p>\n<p class=\"paragraph text-align-type-left pap-line-1.8 pap-line-rule-auto pap-spacing-before-2pt pap-spacing-after-2pt\">The inaugural ion of TomorrowWorld, held 27, 28, and 29 September 2013, reused the \"Book of Wisdom\" design used for the main stage at Tomorrowland in 2012. The festival played host to over 140,000 attendees over the weekend. TomorrowWorld brought more than music, dancing and stunning visuals to the area that year - it brought an economic boost. Officials reported TomorrowWorld 2013 brought $85.1 million into the Georgia economy, including $70 million directly to Atlanta. That $70 million matches the impact the city got from hosting the NCAA Final Four in 2013.</p>\n<p class=\"paragraph text-align-type-left pap-line-1.8 pap-line-rule-auto pap-spacing-before-2pt pap-spacing-after-2pt\">&nbsp;</p>\n<p class=\"paragraph text-align-type-left pap-line-1.8 pap-line-rule-auto pap-spacing-before-2pt pap-spacing-after-2pt\">Nearly 140,000 attended the event, and their direct expenditures added $28.7 million into the local economy in areas such as lodging, restaurants and sight-seeing, TomorrowWorld officials said.</p>\n<p class=\"paragraph text-align-type-left pap-line-1.8 pap-line-rule-auto pap-spacing-before-2pt pap-spacing-after-2pt\">&nbsp;</p>\n<p class=\"paragraph text-align-type-left pap-line-1.8 pap-line-rule-auto pap-spacing-before-2pt pap-spacing-after-2pt\">The 2014 ion of TomorrowWorld was held on 26, 27, and 28 September 2014. The theme was \"The Arising of Life,\" and used the volcano main stage which debuted at Tomorrowland in 2013. The festival hosted a pre-festival concert called \"The Gathering\" on Thursday 25 September 2014 for attendees staying in Dreamville, the camp grounds of TomorrowWorld. Over 40,000 people camped at Dreamville, selling out the basic camping option. More than 160,000 people attended TomorrowWorld 2014.</p>\n<p class=\"paragraph text-align-type-left pap-line-1.8 pap-line-rule-auto pap-spacing-before-2pt pap-spacing-after-2pt\">&nbsp;</p>\n<p class=\"paragraph text-align-type-left pap-line-1.8 pap-line-rule-auto pap-spacing-before-2pt pap-spacing-after-2pt\">The third and final ion of TomorrowWorld was held on the weekend of September 25, 26, and 27 2015. The event descended into chaos after being marred by inclement weather.[71]&nbsp;Rain showers resulted in muddy terrain at the festival grounds, and entrance roadways to the grounds becoming unusable. On Saturday, due to the road conditions, organizers restricted shuttle service for attendees traveling back to Atlanta; those who were not stranded without shelter at the grounds overnight were required to hike miles towards areas where taxi cab and&nbsp;Uber&nbsp;drivers offered rides back to Atlanta at high prices. The following morning, festival organizers announced that the remainder of the festival would only be open to those who had camped on-site, and that refunds would be issued to those who were affected by the transport issues or had bought tickets for day 3.</p>\n<p class=\"paragraph text-align-type-left pap-line-1.8 pap-line-rule-auto pap-spacing-before-2pt pap-spacing-after-2pt\">&nbsp;</p>\n<p class=\"paragraph text-align-type-left pap-line-1.8 pap-line-rule-auto pap-spacing-before-2pt pap-spacing-after-2pt\">On March 2, 2016, the official TomorrowWorld Facebook page announced that the festival will not be held in 2016.</p>\n<p class=\"paragraph text-align-type-left pap-line-1.8 pap-line-rule-auto pap-spacing-before-2pt pap-spacing-after-2pt\">&nbsp;</p>\n<h3>Tomorrowland Brasil</h3>\n<p class=\"paragraph text-align-type-left pap-line-1.8 pap-line-rule-auto pap-spacing-before-2pt pap-spacing-after-2pt\">As announced on July 20, 2014, by David Guetta's streamed Tomorrowland set to Brazil, and on the Tomorrowland website, the next edition to Tomorrowland Brasil was held on May 1&ndash;3, 2015 in&nbsp;Itu, S&atilde;o Paulo. Various DJ's performed such as W&amp;W, Hardwell, Dimitri Vegas &amp; Like Mike,&nbsp;Showtek, Steve Aoki, and many more main stage performers. Some of the stage hosts were&nbsp;Revealed Recordings,&nbsp;Dim Mak, Smash The House,&nbsp;Q-Dance, Super You &amp; Me and many more.</p>\n<p class=\"paragraph text-align-type-left pap-line-1.8 pap-line-rule-auto pap-spacing-before-2pt pap-spacing-after-2pt\">&nbsp;</p>\n<p class=\"paragraph text-align-type-left pap-line-1.8 pap-line-rule-auto pap-spacing-before-2pt pap-spacing-after-2pt\">The mainstage again reused the \"Book of Wisdom\" theme. All 180,000 tickets sold out one day after being announced.</p>\n<p class=\"paragraph text-align-type-left pap-line-1.8 pap-line-rule-auto pap-spacing-before-2pt pap-spacing-after-2pt\">&nbsp;</p>\n<p class=\"paragraph text-align-type-left pap-line-1.8 pap-line-rule-auto pap-spacing-before-2pt pap-spacing-after-2pt\">The second edition of Tomorrowland Brasil took place once again at Itu in S&atilde;o Paulo, Brasil during April 21&ndash;23, 2016. The lineup included Axwell &amp; Ingrosso, Ferry Corsten, Laidback Luke,&nbsp;Loco Dice, Markus Schulz, Afrojack, Alesso, Armin van Buuren,&nbsp;Chris Lake,&nbsp;Infected Mushroom, Nicky Romero, Dimitri Vegas &amp; Like Mike,&nbsp;Solomun,&nbsp;Steve Angello, and many others.[72]</p>\n<p class=\"paragraph text-align-type-left pap-line-1.8 pap-line-rule-auto pap-spacing-before-2pt pap-spacing-after-2pt\">&nbsp;</p>\n<p class=\"paragraph text-align-type-left pap-line-1.8 pap-line-rule-auto pap-spacing-before-2pt pap-spacing-after-2pt\">In November 2016, it was announced that Tomorrowland Brasil would not return due to concerns over the country's economic instability.[73]</p>\n<p class=\"paragraph text-align-type-left pap-line-1.8 pap-line-rule-auto pap-spacing-before-2pt pap-spacing-after-2pt\">&nbsp;</p>\n<h3>Tomorrowland Winter</h3>\n<p class=\"paragraph text-align-type-left pap-line-1.8 pap-line-rule-auto pap-spacing-before-2pt pap-spacing-after-2pt\">In March 2018, Tomorrowland announced the coming of a new festival, Tomorrowland Winter, to take place annually during the second or third week in March in&nbsp;Alpe d'Huez&nbsp;in the French&nbsp;Alps.[74][75]</p>\n<p class=\"paragraph text-align-type-left pap-line-1.8 pap-line-rule-auto pap-spacing-before-2pt pap-spacing-after-2pt\">&nbsp;</p>\n<p class=\"paragraph text-align-type-left pap-line-1.8 pap-line-rule-auto pap-spacing-before-2pt pap-spacing-after-2pt\">The first Tomorrowland Winter took place between 13 and 15 March 2019 and used the theme \"The Hymn of the Frozen Lotus\". It featured&nbsp;Martin Garrix,&nbsp;Dimitri Vegas &amp; Like Mike,&nbsp;Armin van Buuren,&nbsp;Martin Solveig,&nbsp;Afrojack,&nbsp;DJ Snake,&nbsp;Steve Aoki&nbsp;and others.[76]&nbsp;For the participants, the choice of 4 or 7 day passes were available for packages including accommodation and skiing.[77]</p>\n<p class=\"paragraph text-align-type-left pap-line-1.8 pap-line-rule-auto pap-spacing-before-2pt pap-spacing-after-2pt\">&nbsp;</p>\n<p class=\"paragraph text-align-type-left pap-line-1.8 pap-line-rule-auto pap-spacing-before-2pt pap-spacing-after-2pt\">On 13 August 2019, Tomorrowland announced that Tomorrowland Winter would return to the&nbsp;Alpe d'Huez&nbsp;for the 2020 edition which will be on the 3rd week of March with ticket sales opening in September.[78]&nbsp;On 5 March 2020, the French Government decided to cancel the 2020 edition due to the&nbsp;COVID-19 pandemic.[79]&nbsp;On 6 October 2020, it was announced that the 2021 edition would also be cancelled due to the pandemic.[80][81]</p>\n<p class=\"paragraph text-align-type-left pap-line-1.8 pap-line-rule-auto pap-spacing-before-2pt pap-spacing-after-2pt\">&nbsp;</p>\n<h2>Unite with Tomorrowland</h2>\n<p class=\"paragraph text-align-type-left pap-line-1.8 pap-line-rule-auto pap-spacing-before-2pt pap-spacing-after-2pt\">Tomorrowland has also organized&nbsp;Unite with Tomorrowland&nbsp;events in other countries, which serve as a satellite link to the main event in&nbsp;Belgium&nbsp;featuring live streams from the festival with synchronized effects, joined by in-person headliners.[82]&nbsp;Unite with Tomorrowland&nbsp;currently operates in the&nbsp;United Arab Emirates,&nbsp;Germany,&nbsp;Spain,&nbsp;Lebanon,&nbsp;Taiwan,&nbsp;Malta,&nbsp;South Korea,&nbsp;Greece, and&nbsp;Israel.[83]</p>\n<p class=\"paragraph text-align-type-left pap-line-1.8 pap-line-rule-auto pap-spacing-before-2pt pap-spacing-after-2pt\">&nbsp;</p>\n<h3>Incidents</h3>\n<p class=\"paragraph text-align-type-left pap-line-1.8 pap-line-rule-auto pap-spacing-before-2pt pap-spacing-after-2pt\">On the 29th of July 2017, the Unite event in Parc de Can Zam,&nbsp;Barcelona,&nbsp;Spain&nbsp;was cut short after the stage caught fire due to a \"technical malfunction\" causing over 22,000 people to be evacuated. Firefighters on the scene hypothesised that the fire was caused by a failed pyrotechnics display however this was never officially confirmed. Twenty five percent of the stage was destroyed and twenty people were treated for minor injuries or anxiety.[84][85][86][87][88]</p>\n<p class=\"paragraph text-align-type-left pap-line-1.8 pap-line-rule-auto pap-spacing-before-2pt pap-spacing-after-2pt\">&nbsp;</p>\n<p class=\"paragraph text-align-type-left pap-line-1.8 pap-line-rule-auto pap-spacing-before-2pt pap-spacing-after-2pt\">In a statement, Tomorrowland said:</p>\n<blockquote>\n<p class=\"paragraph text-align-type-left pap-line-1.8 pap-line-rule-auto pap-spacing-before-2pt pap-spacing-after-2pt\">&ldquo;Saturday night July 29th 2017, the UNITE Barcelona stage caught fire due to a technical malfunction. Thanks to the professional intervention of the authorities all 22.000 visitors were evacuated safely and without reports of injuries. Local authorities will follow up and continue the investigation together with the Spanish organisation of UNITE.\"[89]</p>\n</blockquote>\n<p class=\"paragraph text-align-type-left pap-line-1.8 pap-line-rule-auto pap-spacing-before-2pt pap-spacing-after-2pt\">&nbsp;</p>\n<h2>References</h2>\n<ol start=\"1\">\n<li>\n<p class=\"paragraph text-align-type-left pap-line-1.8 pap-line-rule-auto pap-spacing-before-2pt pap-spacing-after-2pt\">^&nbsp;Jump up to:a&nbsp;b&nbsp;\"These Tomorrowland 2018 Numbers Will Blow You Away\". July 16, 2018.</p>\n</li>\n<li>\n<p class=\"paragraph text-align-type-left pap-line-1.8 pap-line-rule-auto pap-spacing-before-2pt pap-spacing-after-2pt\">^&nbsp;\"A Look Inside Tomorrowland: 'It's Beyond a Festival'\".&nbsp;www.pollstar.com.</p>\n</li>\n<li>\n<p class=\"paragraph text-align-type-left pap-line-1.8 pap-line-rule-auto pap-spacing-before-2pt pap-spacing-after-2pt\">^&nbsp;\"History - Tomorrowland - Events - Elekedia\". Archived from&nbsp;the original&nbsp;on 22 January 2013. Retrieved&nbsp;14 December&nbsp;2012.</p>\n</li>\n<li>\n<p class=\"paragraph text-align-type-left pap-line-1.8 pap-line-rule-auto pap-spacing-before-2pt pap-spacing-after-2pt\">^&nbsp;Jump up to:a&nbsp;b&nbsp;c&nbsp;d&nbsp;e&nbsp;f&nbsp;g&nbsp;h&nbsp;i&nbsp;j&nbsp;k&nbsp;\"Tomorrowland: A History in Themes - Festicket Magazine\".&nbsp;Festicket.</p>\n</li>\n<li>\n<p class=\"paragraph text-align-type-left pap-line-1.8 pap-line-rule-auto pap-spacing-before-2pt pap-spacing-after-2pt\">^&nbsp;Jump up to:a&nbsp;b&nbsp;c&nbsp;d&nbsp;e&nbsp;Menon, Dhriti (23 July 2014).&nbsp;\"The 5 Tomorrowland Anthems Worth Reliving\".&nbsp;Festival Sherpa - Online Guide to Festivals. Retrieved&nbsp;28 January&nbsp;2019.</p>\n</li>\n<li>\n<p class=\"paragraph text-align-type-left pap-line-1.8 pap-line-rule-auto pap-spacing-before-2pt pap-spacing-after-2pt\">^&nbsp;Jump up to:a&nbsp;b&nbsp;\"Archived copy\". Archived from&nbsp;the original&nbsp;on 2012-03-25. Retrieved&nbsp;2018-09-04.</p>\n</li>\n<li>\n<p class=\"paragraph text-align-type-left pap-line-1.8 pap-line-rule-auto pap-spacing-before-2pt pap-spacing-after-2pt\">^&nbsp;\"27th Annual International Dance Music Awards Nominees and Winners\". 2012-03-22. Archived from&nbsp;the original&nbsp;on 2017-06-22. Retrieved&nbsp;2012-11-30.</p>\n</li>\n<li>\n<p class=\"paragraph text-align-type-left pap-line-1.8 pap-line-rule-auto pap-spacing-before-2pt pap-spacing-after-2pt\">^&nbsp;Jump up to:a&nbsp;b&nbsp;c&nbsp;\"Brussels Airlines brings 8,000 festival-goers to Tomorrowland\". Brussels Airlines. 2013-07-25. Retrieved&nbsp;2013-12-09.</p>\n</li>\n<li>\n<p class=\"paragraph text-align-type-left pap-line-1.8 pap-line-rule-auto pap-spacing-before-2pt pap-spacing-after-2pt\">^&nbsp;\"Touch the sky?\". tomorrowland.be. 2012-07-19. Archived from&nbsp;the original&nbsp;on 2012-12-31. Retrieved&nbsp;2012-11-30.</p>\n</li>\n<li>\n<p class=\"paragraph text-align-type-left pap-line-1.8 pap-line-rule-auto pap-spacing-before-2pt pap-spacing-after-2pt\">^&nbsp;\"Brussels Airlines welcomes 25 flights with visitors for Tomorrowland\". Brussels Airlines. 2012-07-26. Retrieved&nbsp;2012-11-30.</p>\n</li>\n<li>\n<p class=\"paragraph text-align-type-left pap-line-1.8 pap-line-rule-auto pap-spacing-before-2pt pap-spacing-after-2pt\">^&nbsp;Jump up to:a&nbsp;b&nbsp;\"Archived copy\". Archived from&nbsp;the original&nbsp;on 2013-03-07. Retrieved&nbsp;2018-09-04.</p>\n</li>\n<li>\n<p class=\"paragraph text-align-type-left pap-line-1.8 pap-line-rule-auto pap-spacing-before-2pt pap-spacing-after-2pt\">^&nbsp;Jump up to:a&nbsp;b&nbsp;\"2012\". Retrieved&nbsp;28 January&nbsp;2019.</p>\n</li>\n<li>\n<p class=\"paragraph text-align-type-left pap-line-1.8 pap-line-rule-auto pap-spacing-before-2pt pap-spacing-after-2pt\">^&nbsp;\"Tomorrowland 2013 sells out in seconds&hellip; literally!\".&nbsp;Stoney Roads | Latest News in Electronic and Dance Music.</p>\n</li>\n<li>\n<p class=\"paragraph text-align-type-left pap-line-1.8 pap-line-rule-auto pap-spacing-before-2pt pap-spacing-after-2pt\">^&nbsp;\"MTV to Televise Dance Music Fest Tomorrowland\".&nbsp;Variety. Retrieved&nbsp;3 April&nbsp;2014.</p>\n</li>\n<li>\n<p class=\"paragraph text-align-type-left pap-line-1.8 pap-line-rule-auto pap-spacing-before-2pt pap-spacing-after-2pt\">^&nbsp;Dave Clark Isn't Going to Stop Breaking Boundaries at Tomorrowland&nbsp;Popspoken. Retrieved on 2014-09-09.</p>\n</li>\n<li>\n<p class=\"paragraph text-align-type-left pap-line-1.8 pap-line-rule-auto pap-spacing-before-2pt pap-spacing-after-2pt\">^&nbsp;Jump up to:a&nbsp;b&nbsp;\"Archived copy\". Archived from&nbsp;the original&nbsp;on 2017-04-06. Retrieved&nbsp;2018-09-24.</p>\n</li>\n<li>\n<p class=\"paragraph text-align-type-left pap-line-1.8 pap-line-rule-auto pap-spacing-before-2pt pap-spacing-after-2pt\">^&nbsp;Jump up to:a&nbsp;b&nbsp;\"Archived copy\". Archived from&nbsp;the original&nbsp;on 2016-06-30. Retrieved&nbsp;2018-09-04.</p>\n</li>\n<li>\n<p class=\"paragraph text-align-type-left pap-line-1.8 pap-line-rule-auto pap-spacing-before-2pt pap-spacing-after-2pt\">^&nbsp;\"TOMORROWLAND VOTED AS THE WORLD'S NO.1 FESTIVAL\".&nbsp;DJMag.com. 20 May 2015. Retrieved&nbsp;28 January&nbsp;2019.</p>\n</li>\n<li>\n<p class=\"paragraph text-align-type-left pap-line-1.8 pap-line-rule-auto pap-spacing-before-2pt pap-spacing-after-2pt\">^&nbsp;Daly, Rhian (25 July 2016).&nbsp;\"Tomorrowland 2016: The Most Euphoric Moments\".&nbsp;NME. Retrieved&nbsp;28 January&nbsp;2019.</p>\n</li>\n<li>\n<p class=\"paragraph text-align-type-left pap-line-1.8 pap-line-rule-auto pap-spacing-before-2pt pap-spacing-after-2pt\">^&nbsp;\"Tomorrowland 2016 Releases Full Phase One Lineup: Ti&euml;sto, Martin Garrix, The Chainsmokers &amp; More\".&nbsp;Billboard. Retrieved&nbsp;28 January&nbsp;2019.</p>\n</li>\n<li>\n<p class=\"paragraph text-align-type-left pap-line-1.8 pap-line-rule-auto pap-spacing-before-2pt pap-spacing-after-2pt\">^&nbsp;Di, Marco (16 March 2017).&nbsp;\"Tomorrowland 2017 releases the full lineups for a number of the stages\".</p>\n</li>\n<li>\n<p class=\"paragraph text-align-type-left pap-line-1.8 pap-line-rule-auto pap-spacing-before-2pt pap-spacing-after-2pt\">^&nbsp;Derek, Staples (15 August 2017).&nbsp;\"Martin Garrix confirms release of Tomorrowland closing track\".&nbsp;DJ Mag. Retrieved&nbsp;23 August&nbsp;2017.</p>\n</li>\n<li>\n<p class=\"paragraph text-align-type-left pap-line-1.8 pap-line-rule-auto pap-spacing-before-2pt pap-spacing-after-2pt\">^&nbsp;Matthew, Meadow (14 August 2017).&nbsp;\"Martin Garrix To Release His Tomorrowland Closing Song in The Next 2 Weeks\".&nbsp;Your EDM. Retrieved&nbsp;22 August&nbsp;2017.</p>\n</li>\n<li>\n<p class=\"paragraph text-align-type-left pap-line-1.8 pap-line-rule-auto pap-spacing-before-2pt pap-spacing-after-2pt\">^&nbsp;Grace, Wade (14 August 2017).&nbsp;\"We Finally Have More Details on Martin Garrix's Upcoming Releases\".&nbsp;EDM Sauce. Retrieved&nbsp;22 August&nbsp;2017.</p>\n</li>\n<li>\n<p class=\"paragraph text-align-type-left pap-line-1.8 pap-line-rule-auto pap-spacing-before-2pt pap-spacing-after-2pt\">^&nbsp;Angel, Park (15 August 2017).&nbsp;\"Martin Garrix will officially drop his Tomorrowland closing track in 2 weeks!\".&nbsp;Rave Jungle. Retrieved&nbsp;22 August&nbsp;2017.</p>\n</li>\n<li>\n<p class=\"paragraph text-align-type-left pap-line-1.8 pap-line-rule-auto pap-spacing-before-2pt pap-spacing-after-2pt\">^&nbsp;\"Archived copy\". Archived from&nbsp;the original&nbsp;on 2018-10-09. Retrieved&nbsp;2018-09-24.</p>\n</li>\n<li>\n<p class=\"paragraph text-align-type-left pap-line-1.8 pap-line-rule-auto pap-spacing-before-2pt pap-spacing-after-2pt\">^&nbsp;\"Tomorrowland 2017 Builds on Amicorum Spectaculum Theme With Cinematic Trailer: Watch\".&nbsp;Billboard. Retrieved&nbsp;2017-07-30.</p>\n</li>\n<li>\n<p class=\"paragraph text-align-type-left pap-line-1.8 pap-line-rule-auto pap-spacing-before-2pt pap-spacing-after-2pt\">^&nbsp;\"Tomorrowland 2017 Claims Title of Biggest Social Media Music Event Ever With Over 1 Billion Views\".&nbsp;www.billboard.com. Retrieved&nbsp;28 January&nbsp;2019.</p>\n</li>\n<li>\n<p class=\"paragraph text-align-type-left pap-line-1.8 pap-line-rule-auto pap-spacing-before-2pt pap-spacing-after-2pt\">^&nbsp;\"Tomorrowland 2018 Sells Out Two Weekends of Tickets in One Hour\".&nbsp;www.billboard.com. Retrieved&nbsp;28 January&nbsp;2019.</p>\n</li>\n<li>\n<p class=\"paragraph text-align-type-left pap-line-1.8 pap-line-rule-auto pap-spacing-before-2pt pap-spacing-after-2pt\">^&nbsp;\"Avicii Remembered by Axwell &amp; Ingrosso, Hardwell and More at Tomorrowland 2018\".&nbsp;www.billboard.com. Retrieved&nbsp;28 January&nbsp;2019.</p>\n</li>\n<li>\n<p class=\"paragraph text-align-type-left pap-line-1.8 pap-line-rule-auto pap-spacing-before-2pt pap-spacing-after-2pt\">^&nbsp;\"Multiple Avicii tributes at Tomorrowland honour the late EDM star\".&nbsp;DJMag.com. 23 July 2018. Retrieved&nbsp;28 January&nbsp;2019.</p>\n</li>\n<li>\n<p class=\"paragraph text-align-type-left pap-line-1.8 pap-line-rule-auto pap-spacing-before-2pt pap-spacing-after-2pt\">^&nbsp;\"These were the most played tracks at Tomorrowland 2018\".&nbsp;DJMag.com. 1 August 2018. Retrieved&nbsp;28 January&nbsp;2019.</p>\n</li>\n<li>\n<p class=\"paragraph text-align-type-left pap-line-1.8 pap-line-rule-auto pap-spacing-before-2pt pap-spacing-after-2pt\">^&nbsp;Powell, Karlie (1 August 2018).&nbsp;\"The 10 Most Played Songs of Tomorrowland Revealed [LISTEN HERE]\". Retrieved&nbsp;28 January&nbsp;2019.</p>\n</li>\n<li>\n<p class=\"paragraph text-align-type-left pap-line-1.8 pap-line-rule-auto pap-spacing-before-2pt pap-spacing-after-2pt\">^&nbsp;Mozafari, Laurence (30 July 2018).&nbsp;\"Tomorrowland review - most elaborate festival on Earth?\".&nbsp;Digital Spy. Retrieved&nbsp;28 January&nbsp;2019.</p>\n</li>\n<li>\n<p class=\"paragraph text-align-type-left pap-line-1.8 pap-line-rule-auto pap-spacing-before-2pt pap-spacing-after-2pt\">^&nbsp;A%24AP%20Rocky%27s%20Tomorrowland%20Performance%20Canceled%20After%20Arrest%20-%20EDM.com%20-%20The%20Latest%20Electronic%20Dance%20Music%20News%2C%20Reviews%20%26amp%3B%20Artists</p>\n</li>\n<li>\n<p class=\"paragraph text-align-type-left pap-line-1.8 pap-line-rule-auto pap-spacing-before-2pt pap-spacing-after-2pt\">^&nbsp;\"Tomorrowland 2019 MainStage Reveals Avicii Tribute!\".&nbsp;Dance FM 97.8. 2019-07-19. Retrieved&nbsp;2019-09-06.</p>\n</li>\n<li>\n<p class=\"paragraph text-align-type-left pap-line-1.8 pap-line-rule-auto pap-spacing-before-2pt pap-spacing-after-2pt\">^&nbsp;\"Swedish House Mafia are working on new music, Steve Angello confirms\".&nbsp;DJMag.com. August 16, 2018.</p>\n</li>\n<li>\n<p class=\"paragraph text-align-type-left pap-line-1.8 pap-line-rule-auto pap-spacing-before-2pt pap-spacing-after-2pt\">^&nbsp;\"Swedish House Mafia to perform in Mexico in 2019, Steve Angello confirms\".&nbsp;DJMag.com. October 16, 2018.</p>\n</li>\n<li>\n<p class=\"paragraph text-align-type-left pap-line-1.8 pap-line-rule-auto pap-spacing-before-2pt pap-spacing-after-2pt\">^&nbsp;Sunkel, Cameron.&nbsp;\"Evidence of Swedish House Mafia at Tomorrowland 2019 Continues to Stack Up\".&nbsp;EDM.com - The Latest Electronic Dance Music News, Reviews &amp; Artists.</p>\n</li>\n<li>\n<p class=\"paragraph text-align-type-left pap-line-1.8 pap-line-rule-auto pap-spacing-before-2pt pap-spacing-after-2pt\">^&nbsp;\"Tomorrowland secret headliner teaser prompts Swedish House Mafia rumours\".&nbsp;DJMag.com. June 19, 2019.</p>\n</li>\n<li>\n<p class=\"paragraph text-align-type-left pap-line-1.8 pap-line-rule-auto pap-spacing-before-2pt pap-spacing-after-2pt\">^&nbsp;\"REPORT: Steve Angello Insists Swedish House Mafia Was Never Booked for Tomorrowland\".&nbsp;Your EDM. July 28, 2019.</p>\n</li>\n<li>\n<p class=\"paragraph text-align-type-left pap-line-1.8 pap-line-rule-auto pap-spacing-before-2pt pap-spacing-after-2pt\">^&nbsp;\"Axwell Addresses Recent Swedish House Mafia Cancellations - \"We Had A Reason\"\". July 27, 2019.</p>\n</li>\n<li>\n<p class=\"paragraph text-align-type-left pap-line-1.8 pap-line-rule-auto pap-spacing-before-2pt pap-spacing-after-2pt\">^&nbsp;\"Tomorrowland\".&nbsp;www.tomorrowland.com.</p>\n</li>\n<li>\n<p class=\"paragraph text-align-type-left pap-line-1.8 pap-line-rule-auto pap-spacing-before-2pt pap-spacing-after-2pt\">^&nbsp;\"Tomorrowland announces virtual festival will take place next month\".&nbsp;DJMag.com. June 4, 2020.</p>\n</li>\n<li>\n<p class=\"paragraph text-align-type-left pap-line-1.8 pap-line-rule-auto pap-spacing-before-2pt pap-spacing-after-2pt\">^&nbsp;\"Around the World\".&nbsp;www.tomorrowland.com.</p>\n</li>\n<li>\n<p class=\"paragraph text-align-type-left pap-line-1.8 pap-line-rule-auto pap-spacing-before-2pt pap-spacing-after-2pt\">^&nbsp;Tomorrowland%20announces%20virtual%20New%20Years%20Eve%20festival%20%20DJMag.com</p>\n</li>\n<li>\n<p class=\"paragraph text-align-type-left pap-line-1.8 pap-line-rule-auto pap-spacing-before-2pt pap-spacing-after-2pt\">^&nbsp;Tomorrowland%20officially%20moves%20to%20August%20and%20September%20for%202021%20festival%20%20DJMag.com</p>\n</li>\n<li>\n<p class=\"paragraph text-align-type-left pap-line-1.8 pap-line-rule-auto pap-spacing-before-2pt pap-spacing-after-2pt\">^&nbsp;Tomorrowland%20is%20Planning%20Another%20Virtual%20Festival%20for%20Summer%202021%20%20EDM.com%20-%20The%20Latest%20Electronic%20Dance%20Music%20News%2C%20Reviews%20%26amp%3B%20Artists</p>\n</li>\n<li>\n<p class=\"paragraph text-align-type-left pap-line-1.8 pap-line-rule-auto pap-spacing-before-2pt pap-spacing-after-2pt\">^&nbsp;Shanfeld, Ethan (2021-06-17).&nbsp;\"Tomorrowland 2021 Canceled by Belgian Officials\".&nbsp;Variety. Retrieved&nbsp;2021-06-19.</p>\n</li>\n<li>\n<p class=\"paragraph text-align-type-left pap-line-1.8 pap-line-rule-auto pap-spacing-before-2pt pap-spacing-after-2pt\">^&nbsp;\"Tomorrowland 2021 cancelled by Belgian officials\".&nbsp;DJMag.com. 2021-06-18. Retrieved&nbsp;2021-06-19.</p>\n</li>\n<li>\n<p class=\"paragraph text-align-type-left pap-line-1.8 pap-line-rule-auto pap-spacing-before-2pt pap-spacing-after-2pt\">^&nbsp;Jump up to:a&nbsp;b&nbsp;\"Tomorrowland officially cancels 2021 festival\".&nbsp;DJMag.com. 2021-06-23. Retrieved&nbsp;2021-06-25.</p>\n</li>\n<li>\n<p class=\"paragraph text-align-type-left pap-line-1.8 pap-line-rule-auto pap-spacing-before-2pt pap-spacing-after-2pt\">^&nbsp;Official%20Tomorrowland%20Flag%26ndash%3B%20TML%20Webstore</p>\n</li>\n<li>\n<p class=\"paragraph text-align-type-left pap-line-1.8 pap-line-rule-auto pap-spacing-before-2pt pap-spacing-after-2pt\">^&nbsp;tomorrowland.com/...</p>\n</li>\n<li>\n<p class=\"paragraph text-align-type-left pap-line-1.8 pap-line-rule-auto pap-spacing-before-2pt pap-spacing-after-2pt\">^&nbsp;tomorrowland.com/...</p>\n</li>\n<li>\n<p class=\"paragraph text-align-type-left pap-line-1.8 pap-line-rule-auto pap-spacing-before-2pt pap-spacing-after-2pt\">^&nbsp;tomorrowland.com/...</p>\n</li>\n<li>\n<p class=\"paragraph text-align-type-left pap-line-1.8 pap-line-rule-auto pap-spacing-before-2pt pap-spacing-after-2pt\">^&nbsp;billboard.com/...</p>\n</li>\n<li>\n<p class=\"paragraph text-align-type-left pap-line-1.8 pap-line-rule-auto pap-spacing-before-2pt pap-spacing-after-2pt\">^&nbsp;\"Tomorrowland\".&nbsp;www.tomorrowland.com. Retrieved&nbsp;28 January&nbsp;2019.</p>\n</li>\n<li>\n<p class=\"paragraph text-align-type-left pap-line-1.8 pap-line-rule-auto pap-spacing-before-2pt pap-spacing-after-2pt\">^&nbsp;Jump up to:a&nbsp;b&nbsp;Pajaro, Indro (21 July 2018).&nbsp;\"Inside the fairy tale festival: how does Tomorrowland work?\". Retrieved&nbsp;28 January&nbsp;2019.</p>\n</li>\n<li>\n<p class=\"paragraph text-align-type-left pap-line-1.8 pap-line-rule-auto pap-spacing-before-2pt pap-spacing-after-2pt\">^&nbsp;Hong, Julie.&nbsp;\"Coachella, Tomorrowland, Bonnaroo &amp; More: How Top Music Festivals Use Social Media\".&nbsp;blog.hubspot.com. Retrieved&nbsp;28 January&nbsp;2019.</p>\n</li>\n<li>\n<p class=\"paragraph text-align-type-left pap-line-1.8 pap-line-rule-auto pap-spacing-before-2pt pap-spacing-after-2pt\">^&nbsp;\"YouTube\".&nbsp;www.youtube.com. Retrieved&nbsp;28 January&nbsp;2019.</p>\n</li>\n<li>\n<p class=\"paragraph text-align-type-left pap-line-1.8 pap-line-rule-auto pap-spacing-before-2pt pap-spacing-after-2pt\">^&nbsp;\"Tomorrowland (@tomorrowland) &bull; Instagram photos and videos\".&nbsp;www.instagram.com. Retrieved&nbsp;28 January&nbsp;2019.</p>\n</li>\n<li>\n<p class=\"paragraph text-align-type-left pap-line-1.8 pap-line-rule-auto pap-spacing-before-2pt pap-spacing-after-2pt\">^&nbsp;\"Tomorrowland (@tomorrowland) on Twitter\".&nbsp;mobile.twitter.com.</p>\n</li>\n<li>\n<p class=\"paragraph text-align-type-left pap-line-1.8 pap-line-rule-auto pap-spacing-before-2pt pap-spacing-after-2pt\">^&nbsp;\"Global Journey\".&nbsp;www.tomorrowland.com. Retrieved&nbsp;28 January&nbsp;2019.</p>\n</li>\n<li>\n<p class=\"paragraph text-align-type-left pap-line-1.8 pap-line-rule-auto pap-spacing-before-2pt pap-spacing-after-2pt\">^&nbsp;\"Tomorrowland Global Journey Packages with Party Flight Set to Fly\". 30 January 2018. Retrieved&nbsp;28 January&nbsp;2019.</p>\n</li>\n<li>\n<p class=\"paragraph text-align-type-left pap-line-1.8 pap-line-rule-auto pap-spacing-before-2pt pap-spacing-after-2pt\">^&nbsp;\"Tomorrowland Belgium 2018 - Dance FM 97.8\". Retrieved&nbsp;28 January&nbsp;2019&nbsp;&ndash; via dancefm.com.</p>\n</li>\n<li>\n<p class=\"paragraph text-align-type-left pap-line-1.8 pap-line-rule-auto pap-spacing-before-2pt pap-spacing-after-2pt\">^&nbsp;\"Tomorrowland - YouTube\".&nbsp;www.youtube.com.</p>\n</li>\n<li>\n<p class=\"paragraph text-align-type-left pap-line-1.8 pap-line-rule-auto pap-spacing-before-2pt pap-spacing-after-2pt\">^&nbsp;Schulze, Elizabeth (2 August 2017).&nbsp;\"At Tomorrowland music festival, luxury can be a main event\".&nbsp;CNBC. Retrieved&nbsp;28 January&nbsp;2019.</p>\n</li>\n<li>\n<p class=\"paragraph text-align-type-left pap-line-1.8 pap-line-rule-auto pap-spacing-before-2pt pap-spacing-after-2pt\">^&nbsp;Is%20Tomorrowland%20World%u2019s%20Best%20Music%20Festival%3F</p>\n</li>\n<li>\n<p class=\"paragraph text-align-type-left pap-line-1.8 pap-line-rule-auto pap-spacing-before-2pt pap-spacing-after-2pt\">^&nbsp;\"SFX Purchases 75% Stake in ID&amp;T, Announce U.S. Edition of Tomorrowland at Ultra\". Billboard.com. 2013-03-21. Retrieved&nbsp;2014-08-21.</p>\n</li>\n<li>\n<p class=\"paragraph text-align-type-left pap-line-1.8 pap-line-rule-auto pap-spacing-before-2pt pap-spacing-after-2pt\">^&nbsp;\"Tomorrow World Is Coming To Atlanta\". Business Insider. 2013-06-04. Retrieved&nbsp;2014-08-21.</p>\n</li>\n<li>\n<p class=\"paragraph text-align-type-left pap-line-1.8 pap-line-rule-auto pap-spacing-before-2pt pap-spacing-after-2pt\">^&nbsp;Godwin, Becca (28 September 2015).&nbsp;\"How TomorrowWorld Became an Epic Disaster Of Near-Riots and Looming Lawsuits\".&nbsp;VICE. Retrieved&nbsp;6 November&nbsp;2019.</p>\n</li>\n<li>\n<p class=\"paragraph text-align-type-left pap-line-1.8 pap-line-rule-auto pap-spacing-before-2pt pap-spacing-after-2pt\">^&nbsp;\"Tomorrowland Brasil 2016 Announces Full Lineup\".&nbsp;Billboard. Retrieved&nbsp;2017-01-16.</p>\n</li>\n<li>\n<p class=\"paragraph text-align-type-left pap-line-1.8 pap-line-rule-auto pap-spacing-before-2pt pap-spacing-after-2pt\">^&nbsp;\"Tomorrowland Brasil cancelled for 2017; TomorrowWorld in question as well - Dancing Astronaut\".&nbsp;www.dancingastronaut.com. Retrieved&nbsp;2017-01-16.</p>\n</li>\n<li>\n<p class=\"paragraph text-align-type-left pap-line-1.8 pap-line-rule-auto pap-spacing-before-2pt pap-spacing-after-2pt\">^&nbsp;\"Tomorrowland Winter\".&nbsp;www.tomorrowland.com.</p>\n</li>\n<li>\n<p class=\"paragraph text-align-type-left pap-line-1.8 pap-line-rule-auto pap-spacing-before-2pt pap-spacing-after-2pt\">^&nbsp;\"Tomorrowland Announces Winter Festival in France 2019: Watch\".&nbsp;www.billboard.com.</p>\n</li>\n<li>\n<p class=\"paragraph text-align-type-left pap-line-1.8 pap-line-rule-auto pap-spacing-before-2pt pap-spacing-after-2pt\">^&nbsp;Meadow, Matthew (2019-03-15).&nbsp;\"Martin Garrix, Steve Aoki &amp; More Close Out Tomorrowland Winter 2019 [LIVE STREAM]\".&nbsp;Your EDM. Retrieved&nbsp;2019-03-17.</p>\n</li>\n<li>\n<p class=\"paragraph text-align-type-left pap-line-1.8 pap-line-rule-auto pap-spacing-before-2pt pap-spacing-after-2pt\">^&nbsp;\"Tomorrowland announces theme for winter edition, The Hymn of the Frozen Lotus\".&nbsp;DJMag.com. 2018-08-08. Retrieved&nbsp;2019-02-21.</p>\n</li>\n<li>\n<p class=\"paragraph text-align-type-left pap-line-1.8 pap-line-rule-auto pap-spacing-before-2pt pap-spacing-after-2pt\">^&nbsp;\"Tomorrowland Winter Announces 2020 Dates, Opens Pre-Registration | EDM.com - The Latest Electronic Dance Music News, Reviews &amp; Artists\".&nbsp;edm.com.</p>\n</li>\n<li>\n<p class=\"paragraph text-align-type-left pap-line-1.8 pap-line-rule-auto pap-spacing-before-2pt pap-spacing-after-2pt\">^&nbsp;\"Tomorrowland Winter official Facebook page\".&nbsp;Facebook.com. 2020-03-05.</p>\n</li>\n<li>\n<p class=\"paragraph text-align-type-left pap-line-1.8 pap-line-rule-auto pap-spacing-before-2pt pap-spacing-after-2pt\">^&nbsp;edmidentity.com/...</p>\n</li>\n<li>\n<p class=\"paragraph text-align-type-left pap-line-1.8 pap-line-rule-auto pap-spacing-before-2pt pap-spacing-after-2pt\">^&nbsp;BREAKING%3A%20Tomorrowland%20Winter%202021%20isn%26%23039%3Bt%20happening%20due%20to%20Coronavirus</p>\n</li>\n<li>\n<p class=\"paragraph text-align-type-left pap-line-1.8 pap-line-rule-auto pap-spacing-before-2pt pap-spacing-after-2pt\">^&nbsp;\"Tomorrowland headliner DJ Martin Solveig: 'Labels are for canned food, not for music'\".&nbsp;The National. Retrieved&nbsp;2017-07-30.</p>\n</li>\n<li>\n<p class=\"paragraph text-align-type-left pap-line-1.8 pap-line-rule-auto pap-spacing-before-2pt pap-spacing-after-2pt\">^&nbsp;\"UNITE With Tomorrowland: Pre-Registration Now Open - Festicket Magazine\".&nbsp;Festicket. Retrieved&nbsp;28 January&nbsp;2019.</p>\n</li>\n<li>\n<p class=\"paragraph text-align-type-left pap-line-1.8 pap-line-rule-auto pap-spacing-before-2pt pap-spacing-after-2pt\">^&nbsp;\"Tomorrowland Unite Fire: 22,000 Attendees Evacuated at Barcelona Festival\".&nbsp;Billboard. Retrieved&nbsp;2017-07-30.</p>\n</li>\n<li>\n<p class=\"paragraph text-align-type-left pap-line-1.8 pap-line-rule-auto pap-spacing-before-2pt pap-spacing-after-2pt\">^&nbsp;\"Thousands evacuated after huge fire breaks out at Barcelona festival\".&nbsp;The Independent. 29 July 2017. Retrieved&nbsp;28 January&nbsp;2019.</p>\n</li>\n<li>\n<p class=\"paragraph text-align-type-left pap-line-1.8 pap-line-rule-auto pap-spacing-before-2pt pap-spacing-after-2pt\">^&nbsp;\"Report: Thousands Evacuate Tomorrowland UNITE After Stage Catches On Fire\".&nbsp;The FADER. Retrieved&nbsp;28 January&nbsp;2019.</p>\n</li>\n<li>\n<p class=\"paragraph text-align-type-left pap-line-1.8 pap-line-rule-auto pap-spacing-before-2pt pap-spacing-after-2pt\">^&nbsp;by Stephen Jones, Patrick Lion; 21:44, 29 Jul 2017Updated22:52 (29 July 2017).&nbsp;\"Music festival evacuated after huge fire breaks out on stage\".&nbsp;mirror. Retrieved&nbsp;28 January&nbsp;2019.</p>\n</li>\n<li>\n<p class=\"paragraph text-align-type-left pap-line-1.8 pap-line-rule-auto pap-spacing-before-2pt pap-spacing-after-2pt\">^&nbsp;\"At Least 20,000 Flee Concert as Stage Burns\".&nbsp;www.voanews.com. Retrieved&nbsp;28 January2019.</p>\n</li>\n<li>\n<p class=\"paragraph text-align-type-left pap-line-1.8 pap-line-rule-auto pap-spacing-before-2pt pap-spacing-after-2pt\">^&nbsp;\"Tomorrowland Issues Statement on Stage Fire at Barcelona Festival\".&nbsp;www.billboard.com. Retrieved&nbsp;28 January&nbsp;2019.</p>\n</li>\n<li>\n<p class=\"paragraph text-align-type-left pap-line-1.8 pap-line-rule-auto pap-spacing-before-2pt pap-spacing-after-2pt\">^&nbsp;\"TOMORROWLAND VOTED AS THE WORLD'S NO.1 FESTIVAL\".&nbsp;djmag.com. May 20, 2015.</p>\n</li>\n<li>\n<p class=\"paragraph text-align-type-left pap-line-1.8 pap-line-rule-auto pap-spacing-before-2pt pap-spacing-after-2pt\">^&nbsp;\"DJ Mag's Top 50 festivals 2019\".&nbsp;DJMag.com. May 16, 2019.</p>\n</li>\n<li>\n<p class=\"paragraph text-align-type-left pap-line-1.8 pap-line-rule-auto pap-spacing-before-2pt pap-spacing-after-2pt\">^&nbsp;\"Archived copy\". Archived from&nbsp;the original&nbsp;on 2018-09-16. Retrieved&nbsp;2018-09-15.</p>\n</li>\n<li>\n<p class=\"paragraph text-align-type-left pap-line-1.8 pap-line-rule-auto pap-spacing-before-2pt pap-spacing-after-2pt\">^&nbsp;\"Tomorrowland, Pearl Jam on Shortlist for European Festival Awards\".&nbsp;Billboard. Retrieved&nbsp;28 January&nbsp;2019.</p>\n</li>\n<li>\n<p class=\"paragraph text-align-type-left pap-line-1.8 pap-line-rule-auto pap-spacing-before-2pt pap-spacing-after-2pt\">^&nbsp;\"Archived copy\". Archived from&nbsp;the original&nbsp;on 2018-09-15. Retrieved&nbsp;2018-09-15.</p>\n</li>\n<li>\n<p class=\"paragraph text-align-type-left pap-line-1.8 pap-line-rule-auto pap-spacing-before-2pt pap-spacing-after-2pt\">^&nbsp;Jump up to:a&nbsp;b&nbsp;\"Archived copy\". Archived from&nbsp;the original&nbsp;on 2018-10-11. Retrieved&nbsp;2018-09-15.</p>\n</li>\n<li>\n<p class=\"paragraph text-align-type-left pap-line-1.8 pap-line-rule-auto pap-spacing-before-2pt pap-spacing-after-2pt\">^&nbsp;\"Festicket Awards 2016 Winners: Tomorrowland, Martin Garrix, Radiohead and More - Festicket Magazine\".&nbsp;Festicket. Retrieved&nbsp;28 January&nbsp;2019.</p>\n</li>\n<li>\n<p class=\"paragraph text-align-type-left pap-line-1.8 pap-line-rule-auto pap-spacing-before-2pt pap-spacing-after-2pt\">^&nbsp;\"Archived copy\". Archived from&nbsp;the original&nbsp;on 2012-01-29. Retrieved&nbsp;2018-09-04.</p>\n</li>\n<li>\n<p class=\"paragraph text-align-type-left pap-line-1.8 pap-line-rule-auto pap-spacing-before-2pt pap-spacing-after-2pt\">^&nbsp;\"Archived copy\". Archived from&nbsp;the original&nbsp;on 2014-03-12. Retrieved&nbsp;2018-09-04.</p>\n</li>\n<li>\n<p class=\"paragraph text-align-type-left pap-line-1.8 pap-line-rule-auto pap-spacing-before-2pt pap-spacing-after-2pt\">^&nbsp;Jump up to:a&nbsp;b&nbsp;\"The 33rd annual International Dance Music Awards (IDMA) announces nominees\". February 26, 2019.</p>\n</li>\n<li>\n<p class=\"paragraph text-align-type-left pap-line-1.8 pap-line-rule-auto pap-spacing-before-2pt pap-spacing-after-2pt\">^&nbsp;https%3A//m.youtube.com/watch%3Fv%3DQ-SdAqUvGjE</p>\n</li>\n<li>\n<p class=\"paragraph text-align-type-left pap-line-1.8 pap-line-rule-auto pap-spacing-before-2pt pap-spacing-after-2pt\">^&nbsp;\"WMC - 34th Annual International Dance Music Awards\".&nbsp;WMC &middot; Winter Music Conference.</p>\n</li>\n<li>\n<p class=\"paragraph text-align-type-left pap-line-1.8 pap-line-rule-auto pap-spacing-before-2pt pap-spacing-after-2pt\">^&nbsp;Bhagtani, About the Author / Lakshay (April 1, 2020).&nbsp;\"IDMA 2020 winners announced: Avicii's 'Tim' named as the best album\".</p>\n</li>\n<li>\n<p class=\"paragraph text-align-type-left pap-line-1.8 pap-line-rule-auto pap-spacing-before-2pt pap-spacing-after-2pt\">^&nbsp;\"Taylor Swift Leads MTV EMAs With 9 Nominations\".&nbsp;Billboard. Retrieved&nbsp;28 January2019.</p>\n</li>\n<li>\n<p class=\"paragraph text-align-type-left pap-line-1.8 pap-line-rule-auto pap-spacing-before-2pt pap-spacing-after-2pt\">^&nbsp;\"Justin Bieber &amp; Beyonc&eacute; Lead The 2016 MTV EMA Nominations &ndash; See The Full List! - MTV UK\".&nbsp;www.mtv.co.uk. Retrieved&nbsp;28 January&nbsp;2019.</p>\n</li>\n<li>\n<p class=\"paragraph text-align-type-left pap-line-1.8 pap-line-rule-auto pap-spacing-before-2pt pap-spacing-after-2pt\">^&nbsp;NME (27 September 2016).&nbsp;\"Beyonc&eacute;, Justin Bieber and Adele lead 2016 MTV European Music Award nominations\".&nbsp;NME. Retrieved&nbsp;28 January&nbsp;2019.</p>\n</li>\n<li>\n<p class=\"paragraph text-align-type-left pap-line-1.8 pap-line-rule-auto pap-spacing-before-2pt pap-spacing-after-2pt\">^&nbsp;\"Red Bull Elektropedia | Red Bull Elektropedia\". Redbullelektropedia.be. Retrieved&nbsp;2014-08-21.</p>\n</li>\n<li>\n<p class=\"paragraph text-align-type-left pap-line-1.8 pap-line-rule-auto pap-spacing-before-2pt pap-spacing-after-2pt\">^&nbsp;\"Creamfields and Glastonbury win at UK Festival Awards\". 12 January 2014. Retrieved&nbsp;28 January&nbsp;2019.</p>\n</li>\n</ol>\n</div>",
 "remarks": "本词条内容来自 https://zh.wikipedia.org/wiki/%E6%98%8E%E6%97%A5%E4%B8%96%E7%95%8C%E9%9B%BB%E5%AD%90%E9%9F%B3%E6%A8%82%E7%AF%80",
 "remarksEn": "本词条内容来自 https://en.wikipedia.org/wiki/Tomorrowland_(festival)",
 "status": 1,
 "clickNum": 147,
 "deleted": 0,
 "lang": 0,
 "chooseLang": true,
 "id": 90,
 "name": "Tomorrowland",
 "descriptions": "明日世界电子音乐节（英语：Tomorrowland）于2005年发源比利时。目前是世界上公认最大与最著名的电音盛会。",
 "picture": "https://duopin-community.oss-cn-shenzhen.aliyuncs.com/r6m59zohvr9pvu69zh3y.png",
 "originalName": "明日世界; TML",
 "holdTimeText": "Final two weekends of July",
 "holdAddress": "Boom, Antwerp, Belgium",
 "searchAddress": "比利时",
 "joinScale": 400000,
 "sponsor": "WEAREONE.world",
 "foundTimeText": "2005",
 "officialUrl": "https://tomorrowland.com/",
 "referenceUrl": "https://en.wikipedia.org/wiki/Tomorrowland_(festival)",
 "nonceStatusText": "运营中",
 "typeId": 16,
 "typeName": "电音节",
 "dataId": 90,
 "url": "http://dropinapp.hearinmusic.com/#/ency?typeId=16&dataId=90"
}