{
 "pageNum": 1,
 "pageSize": 10,
 "params": {},
 "content": "",
 "remarks": "本词条内容暂未完善仅供参考，多频百科小编正在火速赶来",
 "remarksEn": "本词条内容暂未完善仅供参考，多频百科小编正在火速赶来",
 "status": 0,
 "clickNum": 0,
 "deleted": 0,
 "lang": 0,
 "chooseLang": false,
 "id": 240,
 "name": "Transmission",
 "descriptions": "",
 "originalName": "",
 "holdTimeText": "",
 "holdAddress": "Prague,  Czech Republic (since 2006)\r\nBratislava,  Slovakia (2014)\r\n\r\nMelbourne,  Australia (2016-2017)\r\n\r\nBangkok,  Thailand (2017-2018)\r\n\r\nNeustadt-Glewe,  Germany (2018)\r\n\r\nShanghai,  China (2018)\r\n\r\nSydney,  Australia (since 2019)",
 "searchAddress": "",
 "sponsor": "",
 "foundTimeText": "2006",
 "referenceUrl": "",
 "nonceStatusText": "",
 "typeId": 16,
 "typeName": "电音节",
 "dataId": 240,
 "url": "http://dropinapp.hearinmusic.com/#/ency?typeId=16&dataId=240"
}