{
 "pageNum": 1,
 "pageSize": 10,
 "params": {},
 "content": "<p>We Are FSTVL 是英国的Electronic/Techno电子舞蹈音乐节，曾获英国节日颁奖礼最佳新节日，最佳电子舞曲节，最佳中型节日等奖项。</p>\n<p>&nbsp;</p>\n<p>该音乐节活动现场可将超过 80000 名电子音乐爱好者汇聚一堂，云集一些世界领先的艺术家、俱乐部品牌和行业人士，在伦敦Upminster的Airfield of Dreams的优越环境中纵情狂欢。</p>",
 "contentEn": "",
 "remarks": "本词条内容由 @多频百科团队 编辑",
 "remarksEn": "本词条内容暂未完善仅供参考，多频百科小编正在火速赶来",
 "status": 0,
 "clickNum": 13,
 "deleted": 0,
 "lang": 0,
 "chooseLang": false,
 "id": 110,
 "name": "We Are FSTVL",
 "descriptions": "We Are FSTVL 是英国的Electronic/Techno电子舞蹈音乐节，曾获英国节日颁奖礼最佳新节日，最佳电子舞曲节，最佳中型节日等奖项。",
 "picture": "https://duopin-community.oss-cn-shenzhen.aliyuncs.com/dwxtrktiwwn3576p9kep.jpg",
 "originalName": "",
 "holdTimeText": "",
 "holdAddress": "Airfield of Dreams, Upminster, London",
 "searchAddress": "英国",
 "joinScale": 120000,
 "sponsor": "We Are FSTVL",
 "foundTimeText": "2011",
 "officialUrl": "https://www.wearefstvl.com/",
 "referenceUrl": "",
 "nonceStatusText": "运营中",
 "typeId": 16,
 "typeName": "电音节",
 "dataId": 110,
 "url": "http://dropinapp.hearinmusic.com/#/ency?typeId=16&dataId=110"
}