{
 "pageNum": 1,
 "pageSize": 10,
 "params": {},
 "content": "",
 "remarks": "本词条内容暂未完善仅供参考，多频百科小编正在火速赶来",
 "remarksEn": "本词条内容暂未完善仅供参考，多频百科小编正在火速赶来",
 "status": 0,
 "clickNum": 0,
 "deleted": 0,
 "lang": 0,
 "chooseLang": false,
 "id": 226,
 "name": "We the Fest",
 "descriptions": "",
 "originalName": "Parkir Timur Senayan, Jakarta, Indonesia (2014–16)\nJakarta International Expo, Jakarta, Indonesia (2017-)",
 "holdTimeText": "\tConsecutive weekends in August",
 "holdAddress": "",
 "searchAddress": "",
 "joinScale": 50000,
 "sponsor": "\tIsmaya Live",
 "foundTimeText": "2014",
 "referenceUrl": "https://en.wikipedia.org/wiki/We_the_Fest",
 "nonceStatusText": "",
 "typeId": 16,
 "typeName": "电音节",
 "dataId": 226,
 "url": "http://dropinapp.hearinmusic.com/#/ency?typeId=16&dataId=226"
}