{
 "pageNum": 1,
 "pageSize": 10,
 "params": {},
 "content": "<p>周末音乐节是在赫尔辛基举办的音乐节，之前也在斯德哥尔摩和派尔努举办。节被组织为在Luukki，埃斯波第一时间（大约从中心25公里赫尔辛基），芬兰于2012年8月的17和18在2013年节位置在Kyl&auml;saari改变其旧的位置/赫尔辛基的卡拉萨塔马。2018 年，音乐节也搬到了赫尔辛基的 Hietaniemi。周末音乐节艺人阵容主要由EDM艺人组成，但也有其他音乐流派的艺人出席。这两年都有超过 40,000 人参加了这个节日。每年的节日都有不同的主题，主要体现在节日的视觉方面。2013 年的节日主题是 Space and Future，而 2014 年的组织者决定采用 Electro Disco 的主题。音乐节阵容有包括Skrillex、David Guetta、Calvin Harris、Martin Garrix&nbsp;等在内的多位国际知名艺术家以及芬兰本土的流行艺术家。这两年的周末节都提前售罄。2013 年周末音乐节被芬兰广播电台 YleX 的听众票选为最佳夏季音乐节。在2015年，周末音乐节扩大到派尔努，爱沙尼亚并于 2016 年前往瑞典。</p>\n<p>&nbsp;</p>\n<p><strong>音乐节举办地</strong></p>\n<p>第一个周末音乐节发生在Luukki，埃斯波于2012年&nbsp;Luukki娱乐区位于23公里从中央赫尔辛基，芬兰。Luukki 是赫尔辛基地区最受欢迎的户外休闲区之一，其中心地带是一座古老的庄园。该地区包括 20 公顷的松鼠栖息的森林。<sup id=\"cite_ref-3\" class=\"reference\"></sup>节日区设有三个舞台：NRJ 舞台、周末舞台和派对舞台。还有一个露营区。</p>\n<p>&nbsp;</p>\n<p>由于 2012 年的交通困难，该节日于 2013 年从绿色的 Luukki 森林转移到更加城市化的 Kyl&auml;saari/Kalasatama 节日区。 Kyl&auml;saari/Kalasatama 的节日区距离赫尔辛基火车站仅 4 站地铁路程，也可轻松抵达公共汽车、自行车或步行。Kalasatama Festival 地区曾举办过各种大型音乐会和节日，包括Sonisphere&nbsp;2011、Foo Fighters和Green Day。<sup id=\"cite_ref-4\" class=\"reference\"></sup>Weekend Festival 2013有四个阶段：NRJ Stage、Weekend Stage（帐篷）、Future Stage和Galaxy Stage。Future Stage 位于 Kyl&auml;saari 港口。Kyl&auml;saari 的节日区没有露营地。</p>\n<p>&nbsp;</p>\n<p>2015 年，周末波罗的海音乐节也在爱沙尼亚 P&auml;rnu 海滩举行，分为三个阶段。爱沙尼亚的最后一个音乐节于 2018 年举行。 2019 年 2 月 27 日，爱沙尼亚音乐节的主办方波罗的海周末音乐节宣布破产。<sup id=\"cite_ref-5\" class=\"reference\"></sup></p>\n<p>&nbsp;</p>\n<p>2018 年，该节日搬到了 Hietaniemi 海滩，并扩展为为期 3 天的节日。</p>\n<p>&nbsp;</p>\n<p>2020 年，由于冠状病毒大流行，原计划在赫尔辛基 K&auml;pyl&auml; 体育公园举办的 2020 年周末节被取消。</p>",
 "contentEn": "<p><strong>Weekend Festival</strong>&nbsp;is a music festival taking place in&nbsp;Helsinki, previously also in&nbsp;Stockholm&nbsp;and&nbsp;P&auml;rnu. The festival was organised for the first time in Luukki, Espoo (about 25&nbsp;km from the centre of&nbsp;Helsinki),&nbsp;Finland&nbsp;on the 17 and 18 of August 2012.<sup id=\"cite_ref-Discovering_Finland_Blog_1-0\" class=\"reference\">[1]</sup>&nbsp;In 2013 the festival location was changed to its old location at Kyl&auml;saari/Kalasatama&nbsp;in Helsinki. In 2018 the festival moved to Hietaniemi also in Helsinki. Weekend Festival artist line up has mainly consisted of&nbsp;EDM&nbsp;artists but there have also been artists from other music genres present.<sup id=\"cite_ref-2\" class=\"reference\">[2]</sup>&nbsp;The festival has been attended by more than 40,000 people on both years. Every year the festival has a different theme which reflects mainly in the visual side of the festival. In 2013 the festival theme was Space and Future while for 2014 the organisers decided to go with Electro Disco theme. The festival lineup has featured various internationally acclaimed artists including&nbsp;Skrillex,&nbsp;David Guetta,&nbsp;Calvin Harris,&nbsp;Martin Garrix&nbsp;etc. and Finland's own popular artists. Weekend Festival has sold out in advance on both years. In 2013 Weekend Festival was voted as the best summer festival by the listeners of Finnish radio station YleX. In 2015, Weekend Festival expanded to&nbsp;P&auml;rnu,&nbsp;Estonia&nbsp;and in 2016 to&nbsp;Sweden.</p>\n<p>&nbsp;</p>\n<h2><span id=\"Festival_area\" class=\"mw-headline\">Festival area</span></h2>\n<p>The first Weekend Festival took place in Luukki,&nbsp;Espoo&nbsp;in 2012.<sup id=\"cite_ref-Discovering_Finland_Blog_1-1\" class=\"reference\">[1]</sup>&nbsp;Luukki Recreational Area is located 23&nbsp;km from the centre of&nbsp;Helsinki,&nbsp;Finland. The heart of Luukki, which is one of the most popular outdoor recreation areas in the Helsinki region, is an old manor. The area includes 20 hectares of forest inhabited by flying squirrels.<sup id=\"cite_ref-3\" class=\"reference\">[3]</sup>&nbsp;The festival area featured three stages: NRJ Stage, Weekend Stage and Party Stage. There was also a camping area.</p>\n<p>&nbsp;</p>\n<p>Following the traffic difficulties in 2012, the festival was moved from the green Luukki forests to a more urban Kyl&auml;saari/Kalasatama Festival area in 2013. The festival area in Kyl&auml;saari/Kalasatama is four metro stops away from the Helsinki Railway Station and also easily reachable on bus, bike or foot. Kalasatama Festival area has hosted in past various bigger concerts and festivals including&nbsp;Sonisphere&nbsp;2011,&nbsp;Foo Fighters&nbsp;and&nbsp;Green Day.<sup id=\"cite_ref-4\" class=\"reference\">[4]</sup>&nbsp;Weekend Festival 2013 had four stages: NRJ Stage, Weekend Stage (tent), Future Stage and Galaxy Stage. Future Stage was located at the Kyl&auml;saari harbour. The festival area in Kyl&auml;saari does not feature a camping ground.</p>\n<p>&nbsp;</p>\n<p>In 2015,&nbsp;Weekend Festival Baltic&nbsp;also took place on P&auml;rnu beach, Estonia, with three stages. The last festival in Estonia took place in 2018. On 27.02.2019 the Weekend Festival Baltic O&Uuml;, the organizer of the Estonian festival, was declared bankruptcy.<sup id=\"cite_ref-5\" class=\"reference\">[5]</sup></p>\n<p>&nbsp;</p>\n<p>In 2018 the festival moved to Hietaniemi beach and expanded to a 3-day festival.</p>\n<p>&nbsp;</p>\n<p>In 2020, due to the corona pandemic, Weekend Festival 2020, planned to K&auml;pyl&auml; Sports Park in Helsinki, was canceled.<sup id=\"cite_ref-6\" class=\"reference\">[6]</sup></p>\n<p>&nbsp;</p>\n<h2><span id=\"References\" class=\"mw-headline\">References</span></h2>\n<div class=\"reflist\">\n<div class=\"mw-references-wrap\">\n<ol class=\"references\">\n<li id=\"cite_note-Discovering_Finland_Blog-1\"><span class=\"mw-cite-backlink\">^&nbsp;<span class=\"cite-accessibility-label\">Jump up to:</span><sup><em><strong>a</strong></em></sup>&nbsp;<sup><em><strong>b</strong></em></sup></span>&nbsp;<span class=\"reference-text\">http://www.discoveringfinland.com/blog/?p=702</span></li>\n<li id=\"cite_note-2\"><span class=\"mw-cite-backlink\"><strong>^</strong></span>&nbsp;<span class=\"reference-text\">http://www.last.fm/festival/3220697+Weekend+Festival</span></li>\n<li id=\"cite_note-3\"><span class=\"mw-cite-backlink\"><strong>^</strong></span>&nbsp;<span class=\"reference-text\">http://www.hel.fi/hki/liv/en/Recreation/Nuuksio/Luukki</span></li>\n<li id=\"cite_note-4\"><span class=\"mw-cite-backlink\"><strong>^</strong></span>&nbsp;<span class=\"reference-text\">https://www.songkick.com/venues/835851-kylasaari</span></li>\n<li id=\"cite_note-5\"><span class=\"mw-cite-backlink\"><strong>^</strong></span>&nbsp;<span class=\"reference-text\"><cite class=\"citation web cs1\">\"Weekend Festival l&auml;ks pankrotti\".&nbsp;<em>&Auml;rip&auml;ev Online</em>. 2019-02-27.</cite></span></li>\n<li id=\"cite_note-6\"><span class=\"mw-cite-backlink\"><strong>^</strong></span>&nbsp;<span class=\"reference-text\">https://www.wknd.fi/en/news/&nbsp;Weekend canceled. 2020-07-01</span></li>\n<li id=\"cite_note-7\"><span class=\"mw-cite-backlink\"><strong>^</strong></span>&nbsp;<span class=\"reference-text\">http://www.musiikkimedia.fi/fi/industry+awards+gaala/industry+awards+2013+ehdokkaat/</span></li>\n<li id=\"cite_note-8\"><span class=\"mw-cite-backlink\"><strong>^</strong></span>&nbsp;<span class=\"reference-text\">http://ylex.yle.fi/uutiset/popuutiset/tama-oli-kesan-2013-paras-festivaali</span></li>\n<li id=\"cite_note-9\"><span class=\"mw-cite-backlink\"><strong>^</strong></span>&nbsp;<span class=\"reference-text\">http://euvoting.festivalawards.com</span></li>\n</ol>\n</div>\n</div>",
 "remarks": "本词条汉字内容由 @多频百科团队 翻译+编辑\n原文译自 https://en.wikipedia.org/wiki/Weekend_Festival",
 "remarksEn": "本词条内容来自 https://en.wikipedia.org/wiki/Weekend_Festival",
 "status": 1,
 "clickNum": 12,
 "deleted": 0,
 "lang": 0,
 "chooseLang": true,
 "id": 189,
 "name": "Weekend Festival",
 "descriptions": "周末音乐节是在赫尔辛基举办的音乐节，之前也在斯德哥尔摩和派尔努举办。节被组织为在Luukki，埃斯波第一时间（大约从中心25公里赫尔辛基），芬兰于2012年8月的17和18在2013年节位置在Kyläsaari改变其旧的位置/赫尔辛基的卡拉萨塔马。",
 "originalName": "",
 "holdTimeText": "",
 "holdAddress": "Espoo, Finland (2012)Helsinki, Finland (2013–)Pärnu, Estonia (2015–2018)Stockholm, Sweden (2016)",
 "searchAddress": "芬兰",
 "sponsor": "",
 "foundTimeText": "2012",
 "officialUrl": "https://www.wknd.fi/en/",
 "referenceUrl": "https://en.wikipedia.org/wiki/Weekend_Festival",
 "nonceStatusText": "",
 "typeId": 16,
 "typeName": "电音节",
 "dataId": 189,
 "url": "http://dropinapp.hearinmusic.com/#/ency?typeId=16&dataId=189"
}