{
 "pageNum": 1,
 "pageSize": 10,
 "params": {},
 "content": "<p>Welcome&nbsp;to&nbsp;the&nbsp;Future是一个每年在荷兰阿姆斯特丹附近举行的音乐节。&nbsp;它于2007年在阿姆斯特丹附近的自然保护区Het Twiske启动。&nbsp;2015年，第一个室内日版在仓库Elementenstraat启动。</p>",
 "contentEn": "<div>\n<div class=\"document\">\n<p class=\"paragraph text-align-type-left pap-line-1.8 pap-line-rule-auto pap-spacing-before-2pt pap-spacing-after-2pt\">Welcome&nbsp;to&nbsp;the&nbsp;Future&nbsp;is&nbsp;a&nbsp;music&nbsp;festival&nbsp;held&nbsp;annually&nbsp;in&nbsp;the&nbsp;Netherlands,&nbsp;near&nbsp;Amsterdam.&nbsp;It&nbsp;was&nbsp;launched&nbsp;in&nbsp;2007&nbsp;in&nbsp;the&nbsp;nature&nbsp;reserve&nbsp;Het&nbsp;Twiske&nbsp;near&nbsp;Amsterdam.&nbsp;In&nbsp;2015,&nbsp;the&nbsp;first&nbsp;indoor&nbsp;day&nbsp;edition&nbsp;was&nbsp;launched&nbsp;in&nbsp;the&nbsp;Warehouse&nbsp;Elementenstraat.</p>\n</div>\n</div>",
 "remarks": "本词条汉字内容由 @多频百科团队 翻译+编辑\n原文译自 https://en.m.wikipedia.org/wiki/Welcome_to_the_Future_(festival)",
 "remarksEn": "本词条内容来自 https://en.m.wikipedia.org/wiki/Welcome_to_the_Future_(festival)",
 "status": 1,
 "clickNum": 23,
 "deleted": 0,
 "lang": 0,
 "chooseLang": true,
 "id": 196,
 "name": "Welcome to the Future",
 "descriptions": "Welcome to the Future是一个每年在荷兰阿姆斯特丹附近举行的音乐节。 它于2007年在阿姆斯特丹附近的自然保护区Het Twiske启动。 2015年，第一个室内日版在仓库Elementenstraat启动。",
 "originalName": "",
 "holdTimeText": "7月24日星期六",
 "holdAddress": "Netherlands",
 "searchAddress": "荷兰",
 "sponsor": "",
 "foundTimeText": "",
 "referenceUrl": "https://en.m.wikipedia.org/wiki/Welcome_to_the_Future_(festival)",
 "nonceStatusText": "",
 "typeId": 16,
 "typeName": "电音节",
 "dataId": 196,
 "url": "http://dropinapp.hearinmusic.com/#/ency?typeId=16&dataId=196"
}