{
 "pageNum": 1,
 "pageSize": 10,
 "params": {},
 "content": "<p></p>\n\r<p></p>\n\r<p></p>\n\r<p></p>",
 "remarks": "本词条内容暂未完善仅供参考，多频百科小编正在火速赶来",
 "remarksEn": "本词条内容暂未完善仅供参考，多频百科小编正在火速赶来",
 "status": 0,
 "clickNum": 13,
 "deleted": 0,
 "lang": 0,
 "chooseLang": false,
 "id": 99,
 "name": "World Club Dome",
 "descriptions": "\n\r",
 "picture": "https://duopin-community.oss-cn-shenzhen.aliyuncs.com/yfw81unke8xwhfxp339j.jpg",
 "originalName": "",
 "holdTimeText": "",
 "holdAddress": "Commerzbank-Arena, Frankfurt am Main",
 "searchAddress": "德国",
 "sponsor": "BigCityBeats",
 "foundTimeText": "2013",
 "officialUrl": "worldclubdome.com",
 "referenceUrl": "https://de.wikipedia.org/wiki/BigCityBeats_World_Club_Dome",
 "nonceStatusText": "运营中",
 "typeId": 16,
 "typeName": "电音节",
 "dataId": 99,
 "url": "http://dropinapp.hearinmusic.com/#/ency?typeId=16&dataId=99"
}